
 /----------------------------------------------------------------------------\
 |  yosys -- Yosys Open SYnthesis Suite                                       |
 |  Copyright (C) 2012 - 2024  Claire Xenia Wolf <claire@yosyshq.com>         |
 |  Distributed under an ISC-like license, type "license" to see terms        |
 \----------------------------------------------------------------------------/
 Yosys 0.42 (git sha1 9b6afcf3f, clang++ 15.0.0 -fPIC -Os)

-- Running command `read_verilog "conv1d_large_serial.v" "quant_smoke/conv1d_large_serial_k8_s6_w4_a16/conv1d_large_engine.v" "conv1d_large_benchmark_top.v"; chparam -set SAMPLE_WIDTH 6 conv1d_large_benchmark_top; chparam -set WEIGHT_WIDTH 4 conv1d_large_benchmark_top; chparam -set ACC_WIDTH 16 conv1d_large_benchmark_top; chparam -set KERNEL_TAPS 8 conv1d_large_benchmark_top; synth_ice40 -top conv1d_large_benchmark_top -json quant_smoke/conv1d_large_serial_k8_s6_w4_a16/conv.json' --

1. Executing Verilog-2005 frontend: conv1d_large_serial.v
Parsing Verilog input from `conv1d_large_serial.v' to AST representation.
Generating RTLIL representation for module `\conv1d_large_serial'.
Warning: Replacing memory \tap with list of registers. See conv1d_large_serial.v:54
Warning: Replacing memory \history with list of registers. See conv1d_large_serial.v:51
Successfully finished Verilog frontend.

2. Executing Verilog-2005 frontend: quant_smoke/conv1d_large_serial_k8_s6_w4_a16/conv1d_large_engine.v
Parsing Verilog input from `quant_smoke/conv1d_large_serial_k8_s6_w4_a16/conv1d_large_engine.v' to AST representation.
Generating RTLIL representation for module `\conv1d_large_engine'.
Successfully finished Verilog frontend.

3. Executing Verilog-2005 frontend: conv1d_large_benchmark_top.v
Parsing Verilog input from `conv1d_large_benchmark_top.v' to AST representation.
Generating RTLIL representation for module `\conv1d_large_benchmark_top'.
Successfully finished Verilog frontend.
Parameter \SAMPLE_WIDTH = 6

4. Executing AST frontend in derive mode using pre-parsed AST for module `\conv1d_large_benchmark_top'.
Parameter \SAMPLE_WIDTH = 6
Generating RTLIL representation for module `$paramod\conv1d_large_benchmark_top\SAMPLE_WIDTH=32'00000000000000000000000000000110'.
Parameter \WEIGHT_WIDTH = 4

5. Executing AST frontend in derive mode using pre-parsed AST for module `\conv1d_large_benchmark_top'.
Parameter \WEIGHT_WIDTH = 4
Generating RTLIL representation for module `$paramod\conv1d_large_benchmark_top\WEIGHT_WIDTH=32'00000000000000000000000000000100'.
Parameter \ACC_WIDTH = 16

6. Executing AST frontend in derive mode using pre-parsed AST for module `\conv1d_large_benchmark_top'.
Parameter \ACC_WIDTH = 16
Generating RTLIL representation for module `$paramod\conv1d_large_benchmark_top\ACC_WIDTH=32'00000000000000000000000000010000'.
Parameter \KERNEL_TAPS = 8

7. Executing AST frontend in derive mode using pre-parsed AST for module `\conv1d_large_benchmark_top'.
Parameter \KERNEL_TAPS = 8
Generating RTLIL representation for module `$paramod\conv1d_large_benchmark_top\KERNEL_TAPS=32'00000000000000000000000000001000'.

8. Executing SYNTH_ICE40 pass.

8.1. Executing Verilog-2005 frontend: /opt/homebrew/bin/../share/yosys/ice40/cells_sim.v
Parsing Verilog input from `/opt/homebrew/bin/../share/yosys/ice40/cells_sim.v' to AST representation.
Generating RTLIL representation for module `\SB_IO'.
Generating RTLIL representation for module `\SB_GB_IO'.
Generating RTLIL representation for module `\SB_GB'.
Generating RTLIL representation for module `\SB_LUT4'.
Generating RTLIL representation for module `\SB_CARRY'.
Generating RTLIL representation for module `\SB_DFF'.
Generating RTLIL representation for module `\SB_DFFE'.
Generating RTLIL representation for module `\SB_DFFSR'.
Generating RTLIL representation for module `\SB_DFFR'.
Generating RTLIL representation for module `\SB_DFFSS'.
Generating RTLIL representation for module `\SB_DFFS'.
Generating RTLIL representation for module `\SB_DFFESR'.
Generating RTLIL representation for module `\SB_DFFER'.
Generating RTLIL representation for module `\SB_DFFESS'.
Generating RTLIL representation for module `\SB_DFFES'.
Generating RTLIL representation for module `\SB_DFFN'.
Generating RTLIL representation for module `\SB_DFFNE'.
Generating RTLIL representation for module `\SB_DFFNSR'.
Generating RTLIL representation for module `\SB_DFFNR'.
Generating RTLIL representation for module `\SB_DFFNSS'.
Generating RTLIL representation for module `\SB_DFFNS'.
Generating RTLIL representation for module `\SB_DFFNESR'.
Generating RTLIL representation for module `\SB_DFFNER'.
Generating RTLIL representation for module `\SB_DFFNESS'.
Generating RTLIL representation for module `\SB_DFFNES'.
Generating RTLIL representation for module `\SB_RAM40_4K'.
Generating RTLIL representation for module `\SB_RAM40_4KNR'.
Generating RTLIL representation for module `\SB_RAM40_4KNW'.
Generating RTLIL representation for module `\SB_RAM40_4KNRNW'.
Generating RTLIL representation for module `\ICESTORM_LC'.
Generating RTLIL representation for module `\SB_PLL40_CORE'.
Generating RTLIL representation for module `\SB_PLL40_PAD'.
Generating RTLIL representation for module `\SB_PLL40_2_PAD'.
Generating RTLIL representation for module `\SB_PLL40_2F_CORE'.
Generating RTLIL representation for module `\SB_PLL40_2F_PAD'.
Generating RTLIL representation for module `\SB_WARMBOOT'.
Generating RTLIL representation for module `\SB_SPRAM256KA'.
Generating RTLIL representation for module `\SB_HFOSC'.
Generating RTLIL representation for module `\SB_LFOSC'.
Generating RTLIL representation for module `\SB_RGBA_DRV'.
Generating RTLIL representation for module `\SB_LED_DRV_CUR'.
Generating RTLIL representation for module `\SB_RGB_DRV'.
Generating RTLIL representation for module `\SB_I2C'.
Generating RTLIL representation for module `\SB_SPI'.
Generating RTLIL representation for module `\SB_LEDDA_IP'.
Generating RTLIL representation for module `\SB_FILTER_50NS'.
Generating RTLIL representation for module `\SB_IO_I3C'.
Generating RTLIL representation for module `\SB_IO_OD'.
Generating RTLIL representation for module `\SB_MAC16'.
Generating RTLIL representation for module `\ICESTORM_RAM'.
Successfully finished Verilog frontend.

8.2. Executing HIERARCHY pass (managing design hierarchy).

8.2.1. Analyzing design hierarchy..
Top module:  \conv1d_large_benchmark_top
Used module:     \conv1d_large_engine
Used module:         \conv1d_large_serial
Parameter \SAMPLE_WIDTH = 8
Parameter \WEIGHT_WIDTH = 8
Parameter \ACC_WIDTH = 32
Parameter \DILATION = 1
Parameter \KERNEL_TAPS = 32
Parameter \BIAS = 0

8.2.2. Executing AST frontend in derive mode using pre-parsed AST for module `\conv1d_large_serial'.
Parameter \SAMPLE_WIDTH = 8
Parameter \WEIGHT_WIDTH = 8
Parameter \ACC_WIDTH = 32
Parameter \DILATION = 1
Parameter \KERNEL_TAPS = 32
Parameter \BIAS = 0
Generating RTLIL representation for module `$paramod$9a5d4607c6d410764a6e490cc9d604d51a78e84a\conv1d_large_serial'.
Warning: Replacing memory \tap with list of registers. See conv1d_large_serial.v:54
Warning: Replacing memory \history with list of registers. See conv1d_large_serial.v:51
Parameter \SAMPLE_WIDTH = 6
Parameter \WEIGHT_WIDTH = 4
Parameter \ACC_WIDTH = 16
Parameter \DILATION = 1
Parameter \KERNEL_TAPS = 8
Parameter \BIAS = 16'0000000000000000

8.2.3. Executing AST frontend in derive mode using pre-parsed AST for module `\conv1d_large_engine'.
Parameter \SAMPLE_WIDTH = 6
Parameter \WEIGHT_WIDTH = 4
Parameter \ACC_WIDTH = 16
Parameter \DILATION = 1
Parameter \KERNEL_TAPS = 8
Parameter \BIAS = 16'0000000000000000
Generating RTLIL representation for module `$paramod$5395e312707329cd2bb7aab1aa1b4792b6b15532\conv1d_large_engine'.

8.2.4. Analyzing design hierarchy..
Top module:  \conv1d_large_benchmark_top
Used module:     $paramod$5395e312707329cd2bb7aab1aa1b4792b6b15532\conv1d_large_engine
Used module:         \conv1d_large_serial
Parameter \SAMPLE_WIDTH = 6
Parameter \WEIGHT_WIDTH = 4
Parameter \ACC_WIDTH = 16
Parameter \DILATION = 1
Parameter \KERNEL_TAPS = 8
Parameter \BIAS = 16'0000000000000000

8.2.5. Executing AST frontend in derive mode using pre-parsed AST for module `\conv1d_large_serial'.
Parameter \SAMPLE_WIDTH = 6
Parameter \WEIGHT_WIDTH = 4
Parameter \ACC_WIDTH = 16
Parameter \DILATION = 1
Parameter \KERNEL_TAPS = 8
Parameter \BIAS = 16'0000000000000000
Generating RTLIL representation for module `$paramod$8b8f91996826e81d9f7e648e0dac2273e461bde7\conv1d_large_serial'.
Warning: Replacing memory \tap with list of registers. See conv1d_large_serial.v:54
Warning: Replacing memory \history with list of registers. See conv1d_large_serial.v:51

8.2.6. Analyzing design hierarchy..
Top module:  \conv1d_large_benchmark_top
Used module:     $paramod$5395e312707329cd2bb7aab1aa1b4792b6b15532\conv1d_large_engine
Used module:         $paramod$8b8f91996826e81d9f7e648e0dac2273e461bde7\conv1d_large_serial

8.2.7. Analyzing design hierarchy..
Top module:  \conv1d_large_benchmark_top
Used module:     $paramod$5395e312707329cd2bb7aab1aa1b4792b6b15532\conv1d_large_engine
Used module:         $paramod$8b8f91996826e81d9f7e648e0dac2273e461bde7\conv1d_large_serial
Removing unused module `$paramod$9a5d4607c6d410764a6e490cc9d604d51a78e84a\conv1d_large_serial'.
Removing unused module `\conv1d_large_engine'.
Removing unused module `\conv1d_large_serial'.
Removed 3 unused modules.

8.3. Executing PROC pass (convert processes to netlists).

8.3.1. Executing PROC_CLEAN pass (remove empty switches from decision trees).
Cleaned up 0 empty switches.

8.3.2. Executing PROC_RMDEAD pass (remove dead branches from decision trees).
Marked 1 switch rules as full_case in process $proc$/opt/homebrew/bin/../share/yosys/ice40/cells_sim.v:1414$305 in module SB_DFFNES.
Marked 1 switch rules as full_case in process $proc$/opt/homebrew/bin/../share/yosys/ice40/cells_sim.v:1353$298 in module SB_DFFNESS.
Marked 1 switch rules as full_case in process $proc$/opt/homebrew/bin/../share/yosys/ice40/cells_sim.v:1273$294 in module SB_DFFNER.
Marked 1 switch rules as full_case in process $proc$/opt/homebrew/bin/../share/yosys/ice40/cells_sim.v:1212$287 in module SB_DFFNESR.
Marked 1 switch rules as full_case in process $proc$/opt/homebrew/bin/../share/yosys/ice40/cells_sim.v:1138$284 in module SB_DFFNS.
Marked 1 switch rules as full_case in process $proc$/opt/homebrew/bin/../share/yosys/ice40/cells_sim.v:1088$281 in module SB_DFFNSS.
Marked 1 switch rules as full_case in process $proc$/opt/homebrew/bin/../share/yosys/ice40/cells_sim.v:1017$278 in module SB_DFFNR.
Marked 1 switch rules as full_case in process $proc$/opt/homebrew/bin/../share/yosys/ice40/cells_sim.v:967$275 in module SB_DFFNSR.
Marked 1 switch rules as full_case in process $proc$/opt/homebrew/bin/../share/yosys/ice40/cells_sim.v:803$267 in module SB_DFFES.
Marked 1 switch rules as full_case in process $proc$/opt/homebrew/bin/../share/yosys/ice40/cells_sim.v:742$260 in module SB_DFFESS.
Marked 1 switch rules as full_case in process $proc$/opt/homebrew/bin/../share/yosys/ice40/cells_sim.v:662$256 in module SB_DFFER.
Marked 1 switch rules as full_case in process $proc$/opt/homebrew/bin/../share/yosys/ice40/cells_sim.v:601$249 in module SB_DFFESR.
Marked 1 switch rules as full_case in process $proc$/opt/homebrew/bin/../share/yosys/ice40/cells_sim.v:527$246 in module SB_DFFS.
Marked 1 switch rules as full_case in process $proc$/opt/homebrew/bin/../share/yosys/ice40/cells_sim.v:477$243 in module SB_DFFSS.
Marked 1 switch rules as full_case in process $proc$/opt/homebrew/bin/../share/yosys/ice40/cells_sim.v:406$240 in module SB_DFFR.
Marked 1 switch rules as full_case in process $proc$/opt/homebrew/bin/../share/yosys/ice40/cells_sim.v:356$237 in module SB_DFFSR.
Removed 2 dead cases from process $proc$conv1d_large_serial.v:48$510 in module $paramod$8b8f91996826e81d9f7e648e0dac2273e461bde7\conv1d_large_serial.
Marked 8 switch rules as full_case in process $proc$conv1d_large_serial.v:48$510 in module $paramod$8b8f91996826e81d9f7e648e0dac2273e461bde7\conv1d_large_serial.
Removed a total of 2 dead cases.

8.3.3. Executing PROC_PRUNE pass (remove redundant assignments in processes).
Removed 9 redundant assignments.
Promoted 31 assignments to connections.

8.3.4. Executing PROC_INIT pass (extract init attributes).
Found init rule in `\SB_DFFNES.$proc$/opt/homebrew/bin/../share/yosys/ice40/cells_sim.v:0$308'.
  Set init value: \Q = 1'0
Found init rule in `\SB_DFFNESS.$proc$/opt/homebrew/bin/../share/yosys/ice40/cells_sim.v:0$304'.
  Set init value: \Q = 1'0
Found init rule in `\SB_DFFNER.$proc$/opt/homebrew/bin/../share/yosys/ice40/cells_sim.v:0$297'.
  Set init value: \Q = 1'0
Found init rule in `\SB_DFFNESR.$proc$/opt/homebrew/bin/../share/yosys/ice40/cells_sim.v:0$293'.
  Set init value: \Q = 1'0
Found init rule in `\SB_DFFNS.$proc$/opt/homebrew/bin/../share/yosys/ice40/cells_sim.v:0$286'.
  Set init value: \Q = 1'0
Found init rule in `\SB_DFFNSS.$proc$/opt/homebrew/bin/../share/yosys/ice40/cells_sim.v:0$283'.
  Set init value: \Q = 1'0
Found init rule in `\SB_DFFNR.$proc$/opt/homebrew/bin/../share/yosys/ice40/cells_sim.v:0$280'.
  Set init value: \Q = 1'0
Found init rule in `\SB_DFFNSR.$proc$/opt/homebrew/bin/../share/yosys/ice40/cells_sim.v:0$277'.
  Set init value: \Q = 1'0
Found init rule in `\SB_DFFNE.$proc$/opt/homebrew/bin/../share/yosys/ice40/cells_sim.v:0$274'.
  Set init value: \Q = 1'0
Found init rule in `\SB_DFFN.$proc$/opt/homebrew/bin/../share/yosys/ice40/cells_sim.v:0$272'.
  Set init value: \Q = 1'0
Found init rule in `\SB_DFFES.$proc$/opt/homebrew/bin/../share/yosys/ice40/cells_sim.v:0$270'.
  Set init value: \Q = 1'0
Found init rule in `\SB_DFFESS.$proc$/opt/homebrew/bin/../share/yosys/ice40/cells_sim.v:0$266'.
  Set init value: \Q = 1'0
Found init rule in `\SB_DFFER.$proc$/opt/homebrew/bin/../share/yosys/ice40/cells_sim.v:0$259'.
  Set init value: \Q = 1'0
Found init rule in `\SB_DFFESR.$proc$/opt/homebrew/bin/../share/yosys/ice40/cells_sim.v:0$255'.
  Set init value: \Q = 1'0
Found init rule in `\SB_DFFS.$proc$/opt/homebrew/bin/../share/yosys/ice40/cells_sim.v:0$248'.
  Set init value: \Q = 1'0
Found init rule in `\SB_DFFSS.$proc$/opt/homebrew/bin/../share/yosys/ice40/cells_sim.v:0$245'.
  Set init value: \Q = 1'0
Found init rule in `\SB_DFFR.$proc$/opt/homebrew/bin/../share/yosys/ice40/cells_sim.v:0$242'.
  Set init value: \Q = 1'0
Found init rule in `\SB_DFFSR.$proc$/opt/homebrew/bin/../share/yosys/ice40/cells_sim.v:0$239'.
  Set init value: \Q = 1'0
Found init rule in `\SB_DFFE.$proc$/opt/homebrew/bin/../share/yosys/ice40/cells_sim.v:0$236'.
  Set init value: \Q = 1'0
Found init rule in `\SB_DFF.$proc$/opt/homebrew/bin/../share/yosys/ice40/cells_sim.v:0$234'.
  Set init value: \Q = 1'0

8.3.5. Executing PROC_ARST pass (detect async resets in processes).
Found async reset \S in `\SB_DFFNES.$proc$/opt/homebrew/bin/../share/yosys/ice40/cells_sim.v:1414$305'.
Found async reset \R in `\SB_DFFNER.$proc$/opt/homebrew/bin/../share/yosys/ice40/cells_sim.v:1273$294'.
Found async reset \S in `\SB_DFFNS.$proc$/opt/homebrew/bin/../share/yosys/ice40/cells_sim.v:1138$284'.
Found async reset \R in `\SB_DFFNR.$proc$/opt/homebrew/bin/../share/yosys/ice40/cells_sim.v:1017$278'.
Found async reset \S in `\SB_DFFES.$proc$/opt/homebrew/bin/../share/yosys/ice40/cells_sim.v:803$267'.
Found async reset \R in `\SB_DFFER.$proc$/opt/homebrew/bin/../share/yosys/ice40/cells_sim.v:662$256'.
Found async reset \S in `\SB_DFFS.$proc$/opt/homebrew/bin/../share/yosys/ice40/cells_sim.v:527$246'.
Found async reset \R in `\SB_DFFR.$proc$/opt/homebrew/bin/../share/yosys/ice40/cells_sim.v:406$240'.

8.3.6. Executing PROC_ROM pass (convert switches to ROMs).
Converted 0 switches.
<suppressed ~26 debug messages>

8.3.7. Executing PROC_MUX pass (convert decision trees to multiplexers).
Creating decoders for process `\SB_DFFNES.$proc$/opt/homebrew/bin/../share/yosys/ice40/cells_sim.v:0$308'.
Creating decoders for process `\SB_DFFNES.$proc$/opt/homebrew/bin/../share/yosys/ice40/cells_sim.v:1414$305'.
     1/1: $0\Q[0:0]
Creating decoders for process `\SB_DFFNESS.$proc$/opt/homebrew/bin/../share/yosys/ice40/cells_sim.v:0$304'.
Creating decoders for process `\SB_DFFNESS.$proc$/opt/homebrew/bin/../share/yosys/ice40/cells_sim.v:1353$298'.
     1/1: $0\Q[0:0]
Creating decoders for process `\SB_DFFNER.$proc$/opt/homebrew/bin/../share/yosys/ice40/cells_sim.v:0$297'.
Creating decoders for process `\SB_DFFNER.$proc$/opt/homebrew/bin/../share/yosys/ice40/cells_sim.v:1273$294'.
     1/1: $0\Q[0:0]
Creating decoders for process `\SB_DFFNESR.$proc$/opt/homebrew/bin/../share/yosys/ice40/cells_sim.v:0$293'.
Creating decoders for process `\SB_DFFNESR.$proc$/opt/homebrew/bin/../share/yosys/ice40/cells_sim.v:1212$287'.
     1/1: $0\Q[0:0]
Creating decoders for process `\SB_DFFNS.$proc$/opt/homebrew/bin/../share/yosys/ice40/cells_sim.v:0$286'.
Creating decoders for process `\SB_DFFNS.$proc$/opt/homebrew/bin/../share/yosys/ice40/cells_sim.v:1138$284'.
     1/1: $0\Q[0:0]
Creating decoders for process `\SB_DFFNSS.$proc$/opt/homebrew/bin/../share/yosys/ice40/cells_sim.v:0$283'.
Creating decoders for process `\SB_DFFNSS.$proc$/opt/homebrew/bin/../share/yosys/ice40/cells_sim.v:1088$281'.
     1/1: $0\Q[0:0]
Creating decoders for process `\SB_DFFNR.$proc$/opt/homebrew/bin/../share/yosys/ice40/cells_sim.v:0$280'.
Creating decoders for process `\SB_DFFNR.$proc$/opt/homebrew/bin/../share/yosys/ice40/cells_sim.v:1017$278'.
     1/1: $0\Q[0:0]
Creating decoders for process `\SB_DFFNSR.$proc$/opt/homebrew/bin/../share/yosys/ice40/cells_sim.v:0$277'.
Creating decoders for process `\SB_DFFNSR.$proc$/opt/homebrew/bin/../share/yosys/ice40/cells_sim.v:967$275'.
     1/1: $0\Q[0:0]
Creating decoders for process `\SB_DFFNE.$proc$/opt/homebrew/bin/../share/yosys/ice40/cells_sim.v:0$274'.
Creating decoders for process `\SB_DFFNE.$proc$/opt/homebrew/bin/../share/yosys/ice40/cells_sim.v:922$273'.
     1/1: $0\Q[0:0]
Creating decoders for process `\SB_DFFN.$proc$/opt/homebrew/bin/../share/yosys/ice40/cells_sim.v:0$272'.
Creating decoders for process `\SB_DFFN.$proc$/opt/homebrew/bin/../share/yosys/ice40/cells_sim.v:882$271'.
Creating decoders for process `\SB_DFFES.$proc$/opt/homebrew/bin/../share/yosys/ice40/cells_sim.v:0$270'.
Creating decoders for process `\SB_DFFES.$proc$/opt/homebrew/bin/../share/yosys/ice40/cells_sim.v:803$267'.
     1/1: $0\Q[0:0]
Creating decoders for process `\SB_DFFESS.$proc$/opt/homebrew/bin/../share/yosys/ice40/cells_sim.v:0$266'.
Creating decoders for process `\SB_DFFESS.$proc$/opt/homebrew/bin/../share/yosys/ice40/cells_sim.v:742$260'.
     1/1: $0\Q[0:0]
Creating decoders for process `\SB_DFFER.$proc$/opt/homebrew/bin/../share/yosys/ice40/cells_sim.v:0$259'.
Creating decoders for process `\SB_DFFER.$proc$/opt/homebrew/bin/../share/yosys/ice40/cells_sim.v:662$256'.
     1/1: $0\Q[0:0]
Creating decoders for process `\SB_DFFESR.$proc$/opt/homebrew/bin/../share/yosys/ice40/cells_sim.v:0$255'.
Creating decoders for process `\SB_DFFESR.$proc$/opt/homebrew/bin/../share/yosys/ice40/cells_sim.v:601$249'.
     1/1: $0\Q[0:0]
Creating decoders for process `\SB_DFFS.$proc$/opt/homebrew/bin/../share/yosys/ice40/cells_sim.v:0$248'.
Creating decoders for process `\SB_DFFS.$proc$/opt/homebrew/bin/../share/yosys/ice40/cells_sim.v:527$246'.
     1/1: $0\Q[0:0]
Creating decoders for process `\SB_DFFSS.$proc$/opt/homebrew/bin/../share/yosys/ice40/cells_sim.v:0$245'.
Creating decoders for process `\SB_DFFSS.$proc$/opt/homebrew/bin/../share/yosys/ice40/cells_sim.v:477$243'.
     1/1: $0\Q[0:0]
Creating decoders for process `\SB_DFFR.$proc$/opt/homebrew/bin/../share/yosys/ice40/cells_sim.v:0$242'.
Creating decoders for process `\SB_DFFR.$proc$/opt/homebrew/bin/../share/yosys/ice40/cells_sim.v:406$240'.
     1/1: $0\Q[0:0]
Creating decoders for process `\SB_DFFSR.$proc$/opt/homebrew/bin/../share/yosys/ice40/cells_sim.v:0$239'.
Creating decoders for process `\SB_DFFSR.$proc$/opt/homebrew/bin/../share/yosys/ice40/cells_sim.v:356$237'.
     1/1: $0\Q[0:0]
Creating decoders for process `\SB_DFFE.$proc$/opt/homebrew/bin/../share/yosys/ice40/cells_sim.v:0$236'.
Creating decoders for process `\SB_DFFE.$proc$/opt/homebrew/bin/../share/yosys/ice40/cells_sim.v:311$235'.
     1/1: $0\Q[0:0]
Creating decoders for process `\SB_DFF.$proc$/opt/homebrew/bin/../share/yosys/ice40/cells_sim.v:0$234'.
Creating decoders for process `\SB_DFF.$proc$/opt/homebrew/bin/../share/yosys/ice40/cells_sim.v:271$233'.
Creating decoders for process `$paramod$8b8f91996826e81d9f7e648e0dac2273e461bde7\conv1d_large_serial.$proc$conv1d_large_serial.v:48$510'.
     1/58: $5$mem2reg_rd$\tap$conv1d_large_serial.v:85$508_DATA[5:0]$561
     2/58: $5\tap_weight$func$conv1d_large_serial.v:85$506.$result[3:0]$560
     3/58: $5$mem2reg_rd$\tap$conv1d_large_serial.v:80$507_DATA[5:0]$556
     4/58: $5\tap_weight$func$conv1d_large_serial.v:80$505.$result[3:0]$555
     5/58: $4$mem2reg_rd$\tap$conv1d_large_serial.v:80$507_DATA[5:0]$551
     6/58: $4$mem2reg_rd$\tap$conv1d_large_serial.v:80$507_ADDR[2:0]$550
     7/58: $4\tap_weight$func$conv1d_large_serial.v:80$505.$result[3:0]$546
     8/58: $4\tap_weight$func$conv1d_large_serial.v:80$505.weight_index[31:0]$547
     9/58: $4$mem2reg_rd$\tap$conv1d_large_serial.v:85$508_DATA[5:0]$553
    10/58: $4$mem2reg_rd$\tap$conv1d_large_serial.v:85$508_ADDR[2:0]$552
    11/58: $4\tap_weight$func$conv1d_large_serial.v:85$506.weight_index[31:0]$549
    12/58: $4\tap_weight$func$conv1d_large_serial.v:85$506.$result[3:0]$548
    13/58: $3$mem2reg_rd$\tap$conv1d_large_serial.v:85$508_DATA[5:0]$544
    14/58: $3$mem2reg_rd$\tap$conv1d_large_serial.v:85$508_ADDR[2:0]$543
    15/58: $3$mem2reg_rd$\tap$conv1d_large_serial.v:80$507_DATA[5:0]$542
    16/58: $3$mem2reg_rd$\tap$conv1d_large_serial.v:80$507_ADDR[2:0]$541
    17/58: $3\tap_weight$func$conv1d_large_serial.v:85$506.weight_index[31:0]$540
    18/58: $3\tap_weight$func$conv1d_large_serial.v:85$506.$result[3:0]$539
    19/58: $3\tap_weight$func$conv1d_large_serial.v:80$505.weight_index[31:0]$538
    20/58: $3\tap_weight$func$conv1d_large_serial.v:80$505.$result[3:0]$537
    21/58: $2\i[31:0]
    22/58: $2$mem2reg_rd$\tap$conv1d_large_serial.v:85$508_DATA[5:0]$536
    23/58: $2$mem2reg_rd$\tap$conv1d_large_serial.v:85$508_ADDR[2:0]$535
    24/58: $2$mem2reg_rd$\tap$conv1d_large_serial.v:80$507_DATA[5:0]$534
    25/58: $2$mem2reg_rd$\tap$conv1d_large_serial.v:80$507_ADDR[2:0]$533
    26/58: $2\tap_weight$func$conv1d_large_serial.v:85$506.weight_index[31:0]$532
    27/58: $2\tap_weight$func$conv1d_large_serial.v:85$506.$result[3:0]$531
    28/58: $2\tap_weight$func$conv1d_large_serial.v:80$505.weight_index[31:0]$530
    29/58: $2\tap_weight$func$conv1d_large_serial.v:80$505.$result[3:0]$529
    30/58: $0\output_valid[0:0]
    31/58: $1\i[31:0]
    32/58: $1$mem2reg_rd$\tap$conv1d_large_serial.v:85$508_DATA[5:0]$526
    33/58: $1$mem2reg_rd$\tap$conv1d_large_serial.v:85$508_ADDR[2:0]$525
    34/58: $1$mem2reg_rd$\tap$conv1d_large_serial.v:80$507_DATA[5:0]$524
    35/58: $1$mem2reg_rd$\tap$conv1d_large_serial.v:80$507_ADDR[2:0]$523
    36/58: $1\tap_weight$func$conv1d_large_serial.v:85$506.weight_index[31:0]$522
    37/58: $1\tap_weight$func$conv1d_large_serial.v:85$506.$result[3:0]$521
    38/58: $1\tap_weight$func$conv1d_large_serial.v:80$505.weight_index[31:0]$520
    39/58: $1\tap_weight$func$conv1d_large_serial.v:80$505.$result[3:0]$519
    40/58: $0\tap[7][5:0]
    41/58: $0\tap[6][5:0]
    42/58: $0\tap[5][5:0]
    43/58: $0\tap[4][5:0]
    44/58: $0\tap[3][5:0]
    45/58: $0\tap[2][5:0]
    46/58: $0\tap[1][5:0]
    47/58: $0\tap[0][5:0]
    48/58: $0\history[6][5:0]
    49/58: $0\history[5][5:0]
    50/58: $0\history[4][5:0]
    51/58: $0\history[3][5:0]
    52/58: $0\history[2][5:0]
    53/58: $0\history[1][5:0]
    54/58: $0\history[0][5:0]
    55/58: $0\busy[0:0]
    56/58: $0\tap_index[15:0]
    57/58: $0\acc[15:0]
    58/58: $0\sample_out[15:0]

8.3.8. Executing PROC_DLATCH pass (convert process syncs to latches).

8.3.9. Executing PROC_DFF pass (convert process syncs to FFs).
Creating register for signal `\SB_DFFNES.\Q' using process `\SB_DFFNES.$proc$/opt/homebrew/bin/../share/yosys/ice40/cells_sim.v:1414$305'.
  created $adff cell `$procdff$1090' with negative edge clock and positive level reset.
Creating register for signal `\SB_DFFNESS.\Q' using process `\SB_DFFNESS.$proc$/opt/homebrew/bin/../share/yosys/ice40/cells_sim.v:1353$298'.
  created $dff cell `$procdff$1091' with negative edge clock.
Creating register for signal `\SB_DFFNER.\Q' using process `\SB_DFFNER.$proc$/opt/homebrew/bin/../share/yosys/ice40/cells_sim.v:1273$294'.
  created $adff cell `$procdff$1092' with negative edge clock and positive level reset.
Creating register for signal `\SB_DFFNESR.\Q' using process `\SB_DFFNESR.$proc$/opt/homebrew/bin/../share/yosys/ice40/cells_sim.v:1212$287'.
  created $dff cell `$procdff$1093' with negative edge clock.
Creating register for signal `\SB_DFFNS.\Q' using process `\SB_DFFNS.$proc$/opt/homebrew/bin/../share/yosys/ice40/cells_sim.v:1138$284'.
  created $adff cell `$procdff$1094' with negative edge clock and positive level reset.
Creating register for signal `\SB_DFFNSS.\Q' using process `\SB_DFFNSS.$proc$/opt/homebrew/bin/../share/yosys/ice40/cells_sim.v:1088$281'.
  created $dff cell `$procdff$1095' with negative edge clock.
Creating register for signal `\SB_DFFNR.\Q' using process `\SB_DFFNR.$proc$/opt/homebrew/bin/../share/yosys/ice40/cells_sim.v:1017$278'.
  created $adff cell `$procdff$1096' with negative edge clock and positive level reset.
Creating register for signal `\SB_DFFNSR.\Q' using process `\SB_DFFNSR.$proc$/opt/homebrew/bin/../share/yosys/ice40/cells_sim.v:967$275'.
  created $dff cell `$procdff$1097' with negative edge clock.
Creating register for signal `\SB_DFFNE.\Q' using process `\SB_DFFNE.$proc$/opt/homebrew/bin/../share/yosys/ice40/cells_sim.v:922$273'.
  created $dff cell `$procdff$1098' with negative edge clock.
Creating register for signal `\SB_DFFN.\Q' using process `\SB_DFFN.$proc$/opt/homebrew/bin/../share/yosys/ice40/cells_sim.v:882$271'.
  created $dff cell `$procdff$1099' with negative edge clock.
Creating register for signal `\SB_DFFES.\Q' using process `\SB_DFFES.$proc$/opt/homebrew/bin/../share/yosys/ice40/cells_sim.v:803$267'.
  created $adff cell `$procdff$1100' with positive edge clock and positive level reset.
Creating register for signal `\SB_DFFESS.\Q' using process `\SB_DFFESS.$proc$/opt/homebrew/bin/../share/yosys/ice40/cells_sim.v:742$260'.
  created $dff cell `$procdff$1101' with positive edge clock.
Creating register for signal `\SB_DFFER.\Q' using process `\SB_DFFER.$proc$/opt/homebrew/bin/../share/yosys/ice40/cells_sim.v:662$256'.
  created $adff cell `$procdff$1102' with positive edge clock and positive level reset.
Creating register for signal `\SB_DFFESR.\Q' using process `\SB_DFFESR.$proc$/opt/homebrew/bin/../share/yosys/ice40/cells_sim.v:601$249'.
  created $dff cell `$procdff$1103' with positive edge clock.
Creating register for signal `\SB_DFFS.\Q' using process `\SB_DFFS.$proc$/opt/homebrew/bin/../share/yosys/ice40/cells_sim.v:527$246'.
  created $adff cell `$procdff$1104' with positive edge clock and positive level reset.
Creating register for signal `\SB_DFFSS.\Q' using process `\SB_DFFSS.$proc$/opt/homebrew/bin/../share/yosys/ice40/cells_sim.v:477$243'.
  created $dff cell `$procdff$1105' with positive edge clock.
Creating register for signal `\SB_DFFR.\Q' using process `\SB_DFFR.$proc$/opt/homebrew/bin/../share/yosys/ice40/cells_sim.v:406$240'.
  created $adff cell `$procdff$1106' with positive edge clock and positive level reset.
Creating register for signal `\SB_DFFSR.\Q' using process `\SB_DFFSR.$proc$/opt/homebrew/bin/../share/yosys/ice40/cells_sim.v:356$237'.
  created $dff cell `$procdff$1107' with positive edge clock.
Creating register for signal `\SB_DFFE.\Q' using process `\SB_DFFE.$proc$/opt/homebrew/bin/../share/yosys/ice40/cells_sim.v:311$235'.
  created $dff cell `$procdff$1108' with positive edge clock.
Creating register for signal `\SB_DFF.\Q' using process `\SB_DFF.$proc$/opt/homebrew/bin/../share/yosys/ice40/cells_sim.v:271$233'.
  created $dff cell `$procdff$1109' with positive edge clock.
Creating register for signal `$paramod$8b8f91996826e81d9f7e648e0dac2273e461bde7\conv1d_large_serial.\output_valid' using process `$paramod$8b8f91996826e81d9f7e648e0dac2273e461bde7\conv1d_large_serial.$proc$conv1d_large_serial.v:48$510'.
  created $dff cell `$procdff$1110' with positive edge clock.
Creating register for signal `$paramod$8b8f91996826e81d9f7e648e0dac2273e461bde7\conv1d_large_serial.\sample_out' using process `$paramod$8b8f91996826e81d9f7e648e0dac2273e461bde7\conv1d_large_serial.$proc$conv1d_large_serial.v:48$510'.
  created $dff cell `$procdff$1111' with positive edge clock.
Creating register for signal `$paramod$8b8f91996826e81d9f7e648e0dac2273e461bde7\conv1d_large_serial.\acc' using process `$paramod$8b8f91996826e81d9f7e648e0dac2273e461bde7\conv1d_large_serial.$proc$conv1d_large_serial.v:48$510'.
  created $dff cell `$procdff$1112' with positive edge clock.
Creating register for signal `$paramod$8b8f91996826e81d9f7e648e0dac2273e461bde7\conv1d_large_serial.\tap_index' using process `$paramod$8b8f91996826e81d9f7e648e0dac2273e461bde7\conv1d_large_serial.$proc$conv1d_large_serial.v:48$510'.
  created $dff cell `$procdff$1113' with positive edge clock.
Creating register for signal `$paramod$8b8f91996826e81d9f7e648e0dac2273e461bde7\conv1d_large_serial.\busy' using process `$paramod$8b8f91996826e81d9f7e648e0dac2273e461bde7\conv1d_large_serial.$proc$conv1d_large_serial.v:48$510'.
  created $dff cell `$procdff$1114' with positive edge clock.
Creating register for signal `$paramod$8b8f91996826e81d9f7e648e0dac2273e461bde7\conv1d_large_serial.\i' using process `$paramod$8b8f91996826e81d9f7e648e0dac2273e461bde7\conv1d_large_serial.$proc$conv1d_large_serial.v:48$510'.
  created $dff cell `$procdff$1115' with positive edge clock.
Creating register for signal `$paramod$8b8f91996826e81d9f7e648e0dac2273e461bde7\conv1d_large_serial.\history[0]' using process `$paramod$8b8f91996826e81d9f7e648e0dac2273e461bde7\conv1d_large_serial.$proc$conv1d_large_serial.v:48$510'.
  created $dff cell `$procdff$1116' with positive edge clock.
Creating register for signal `$paramod$8b8f91996826e81d9f7e648e0dac2273e461bde7\conv1d_large_serial.\history[1]' using process `$paramod$8b8f91996826e81d9f7e648e0dac2273e461bde7\conv1d_large_serial.$proc$conv1d_large_serial.v:48$510'.
  created $dff cell `$procdff$1117' with positive edge clock.
Creating register for signal `$paramod$8b8f91996826e81d9f7e648e0dac2273e461bde7\conv1d_large_serial.\history[2]' using process `$paramod$8b8f91996826e81d9f7e648e0dac2273e461bde7\conv1d_large_serial.$proc$conv1d_large_serial.v:48$510'.
  created $dff cell `$procdff$1118' with positive edge clock.
Creating register for signal `$paramod$8b8f91996826e81d9f7e648e0dac2273e461bde7\conv1d_large_serial.\history[3]' using process `$paramod$8b8f91996826e81d9f7e648e0dac2273e461bde7\conv1d_large_serial.$proc$conv1d_large_serial.v:48$510'.
  created $dff cell `$procdff$1119' with positive edge clock.
Creating register for signal `$paramod$8b8f91996826e81d9f7e648e0dac2273e461bde7\conv1d_large_serial.\history[4]' using process `$paramod$8b8f91996826e81d9f7e648e0dac2273e461bde7\conv1d_large_serial.$proc$conv1d_large_serial.v:48$510'.
  created $dff cell `$procdff$1120' with positive edge clock.
Creating register for signal `$paramod$8b8f91996826e81d9f7e648e0dac2273e461bde7\conv1d_large_serial.\history[5]' using process `$paramod$8b8f91996826e81d9f7e648e0dac2273e461bde7\conv1d_large_serial.$proc$conv1d_large_serial.v:48$510'.
  created $dff cell `$procdff$1121' with positive edge clock.
Creating register for signal `$paramod$8b8f91996826e81d9f7e648e0dac2273e461bde7\conv1d_large_serial.\history[6]' using process `$paramod$8b8f91996826e81d9f7e648e0dac2273e461bde7\conv1d_large_serial.$proc$conv1d_large_serial.v:48$510'.
  created $dff cell `$procdff$1122' with positive edge clock.
Creating register for signal `$paramod$8b8f91996826e81d9f7e648e0dac2273e461bde7\conv1d_large_serial.\tap[0]' using process `$paramod$8b8f91996826e81d9f7e648e0dac2273e461bde7\conv1d_large_serial.$proc$conv1d_large_serial.v:48$510'.
  created $dff cell `$procdff$1123' with positive edge clock.
Creating register for signal `$paramod$8b8f91996826e81d9f7e648e0dac2273e461bde7\conv1d_large_serial.\tap[1]' using process `$paramod$8b8f91996826e81d9f7e648e0dac2273e461bde7\conv1d_large_serial.$proc$conv1d_large_serial.v:48$510'.
  created $dff cell `$procdff$1124' with positive edge clock.
Creating register for signal `$paramod$8b8f91996826e81d9f7e648e0dac2273e461bde7\conv1d_large_serial.\tap[2]' using process `$paramod$8b8f91996826e81d9f7e648e0dac2273e461bde7\conv1d_large_serial.$proc$conv1d_large_serial.v:48$510'.
  created $dff cell `$procdff$1125' with positive edge clock.
Creating register for signal `$paramod$8b8f91996826e81d9f7e648e0dac2273e461bde7\conv1d_large_serial.\tap[3]' using process `$paramod$8b8f91996826e81d9f7e648e0dac2273e461bde7\conv1d_large_serial.$proc$conv1d_large_serial.v:48$510'.
  created $dff cell `$procdff$1126' with positive edge clock.
Creating register for signal `$paramod$8b8f91996826e81d9f7e648e0dac2273e461bde7\conv1d_large_serial.\tap[4]' using process `$paramod$8b8f91996826e81d9f7e648e0dac2273e461bde7\conv1d_large_serial.$proc$conv1d_large_serial.v:48$510'.
  created $dff cell `$procdff$1127' with positive edge clock.
Creating register for signal `$paramod$8b8f91996826e81d9f7e648e0dac2273e461bde7\conv1d_large_serial.\tap[5]' using process `$paramod$8b8f91996826e81d9f7e648e0dac2273e461bde7\conv1d_large_serial.$proc$conv1d_large_serial.v:48$510'.
  created $dff cell `$procdff$1128' with positive edge clock.
Creating register for signal `$paramod$8b8f91996826e81d9f7e648e0dac2273e461bde7\conv1d_large_serial.\tap[6]' using process `$paramod$8b8f91996826e81d9f7e648e0dac2273e461bde7\conv1d_large_serial.$proc$conv1d_large_serial.v:48$510'.
  created $dff cell `$procdff$1129' with positive edge clock.
Creating register for signal `$paramod$8b8f91996826e81d9f7e648e0dac2273e461bde7\conv1d_large_serial.\tap[7]' using process `$paramod$8b8f91996826e81d9f7e648e0dac2273e461bde7\conv1d_large_serial.$proc$conv1d_large_serial.v:48$510'.
  created $dff cell `$procdff$1130' with positive edge clock.
Creating register for signal `$paramod$8b8f91996826e81d9f7e648e0dac2273e461bde7\conv1d_large_serial.\tap_weight$func$conv1d_large_serial.v:80$505.$result' using process `$paramod$8b8f91996826e81d9f7e648e0dac2273e461bde7\conv1d_large_serial.$proc$conv1d_large_serial.v:48$510'.
  created $dff cell `$procdff$1131' with positive edge clock.
Creating register for signal `$paramod$8b8f91996826e81d9f7e648e0dac2273e461bde7\conv1d_large_serial.\tap_weight$func$conv1d_large_serial.v:80$505.weight_index' using process `$paramod$8b8f91996826e81d9f7e648e0dac2273e461bde7\conv1d_large_serial.$proc$conv1d_large_serial.v:48$510'.
  created $dff cell `$procdff$1132' with positive edge clock.
Creating register for signal `$paramod$8b8f91996826e81d9f7e648e0dac2273e461bde7\conv1d_large_serial.\tap_weight$func$conv1d_large_serial.v:85$506.$result' using process `$paramod$8b8f91996826e81d9f7e648e0dac2273e461bde7\conv1d_large_serial.$proc$conv1d_large_serial.v:48$510'.
  created $dff cell `$procdff$1133' with positive edge clock.
Creating register for signal `$paramod$8b8f91996826e81d9f7e648e0dac2273e461bde7\conv1d_large_serial.\tap_weight$func$conv1d_large_serial.v:85$506.weight_index' using process `$paramod$8b8f91996826e81d9f7e648e0dac2273e461bde7\conv1d_large_serial.$proc$conv1d_large_serial.v:48$510'.
  created $dff cell `$procdff$1134' with positive edge clock.
Creating register for signal `$paramod$8b8f91996826e81d9f7e648e0dac2273e461bde7\conv1d_large_serial.$mem2reg_rd$\tap$conv1d_large_serial.v:80$507_ADDR' using process `$paramod$8b8f91996826e81d9f7e648e0dac2273e461bde7\conv1d_large_serial.$proc$conv1d_large_serial.v:48$510'.
  created $dff cell `$procdff$1135' with positive edge clock.
Creating register for signal `$paramod$8b8f91996826e81d9f7e648e0dac2273e461bde7\conv1d_large_serial.$mem2reg_rd$\tap$conv1d_large_serial.v:80$507_DATA' using process `$paramod$8b8f91996826e81d9f7e648e0dac2273e461bde7\conv1d_large_serial.$proc$conv1d_large_serial.v:48$510'.
  created $dff cell `$procdff$1136' with positive edge clock.
Creating register for signal `$paramod$8b8f91996826e81d9f7e648e0dac2273e461bde7\conv1d_large_serial.$mem2reg_rd$\tap$conv1d_large_serial.v:85$508_ADDR' using process `$paramod$8b8f91996826e81d9f7e648e0dac2273e461bde7\conv1d_large_serial.$proc$conv1d_large_serial.v:48$510'.
  created $dff cell `$procdff$1137' with positive edge clock.
Creating register for signal `$paramod$8b8f91996826e81d9f7e648e0dac2273e461bde7\conv1d_large_serial.$mem2reg_rd$\tap$conv1d_large_serial.v:85$508_DATA' using process `$paramod$8b8f91996826e81d9f7e648e0dac2273e461bde7\conv1d_large_serial.$proc$conv1d_large_serial.v:48$510'.
  created $dff cell `$procdff$1138' with positive edge clock.

8.3.10. Executing PROC_MEMWR pass (convert process memory writes to cells).

8.3.11. Executing PROC_CLEAN pass (remove empty switches from decision trees).
Removing empty process `SB_DFFNES.$proc$/opt/homebrew/bin/../share/yosys/ice40/cells_sim.v:0$308'.
Found and cleaned up 1 empty switch in `\SB_DFFNES.$proc$/opt/homebrew/bin/../share/yosys/ice40/cells_sim.v:1414$305'.
Removing empty process `SB_DFFNES.$proc$/opt/homebrew/bin/../share/yosys/ice40/cells_sim.v:1414$305'.
Removing empty process `SB_DFFNESS.$proc$/opt/homebrew/bin/../share/yosys/ice40/cells_sim.v:0$304'.
Found and cleaned up 2 empty switches in `\SB_DFFNESS.$proc$/opt/homebrew/bin/../share/yosys/ice40/cells_sim.v:1353$298'.
Removing empty process `SB_DFFNESS.$proc$/opt/homebrew/bin/../share/yosys/ice40/cells_sim.v:1353$298'.
Removing empty process `SB_DFFNER.$proc$/opt/homebrew/bin/../share/yosys/ice40/cells_sim.v:0$297'.
Found and cleaned up 1 empty switch in `\SB_DFFNER.$proc$/opt/homebrew/bin/../share/yosys/ice40/cells_sim.v:1273$294'.
Removing empty process `SB_DFFNER.$proc$/opt/homebrew/bin/../share/yosys/ice40/cells_sim.v:1273$294'.
Removing empty process `SB_DFFNESR.$proc$/opt/homebrew/bin/../share/yosys/ice40/cells_sim.v:0$293'.
Found and cleaned up 2 empty switches in `\SB_DFFNESR.$proc$/opt/homebrew/bin/../share/yosys/ice40/cells_sim.v:1212$287'.
Removing empty process `SB_DFFNESR.$proc$/opt/homebrew/bin/../share/yosys/ice40/cells_sim.v:1212$287'.
Removing empty process `SB_DFFNS.$proc$/opt/homebrew/bin/../share/yosys/ice40/cells_sim.v:0$286'.
Removing empty process `SB_DFFNS.$proc$/opt/homebrew/bin/../share/yosys/ice40/cells_sim.v:1138$284'.
Removing empty process `SB_DFFNSS.$proc$/opt/homebrew/bin/../share/yosys/ice40/cells_sim.v:0$283'.
Found and cleaned up 1 empty switch in `\SB_DFFNSS.$proc$/opt/homebrew/bin/../share/yosys/ice40/cells_sim.v:1088$281'.
Removing empty process `SB_DFFNSS.$proc$/opt/homebrew/bin/../share/yosys/ice40/cells_sim.v:1088$281'.
Removing empty process `SB_DFFNR.$proc$/opt/homebrew/bin/../share/yosys/ice40/cells_sim.v:0$280'.
Removing empty process `SB_DFFNR.$proc$/opt/homebrew/bin/../share/yosys/ice40/cells_sim.v:1017$278'.
Removing empty process `SB_DFFNSR.$proc$/opt/homebrew/bin/../share/yosys/ice40/cells_sim.v:0$277'.
Found and cleaned up 1 empty switch in `\SB_DFFNSR.$proc$/opt/homebrew/bin/../share/yosys/ice40/cells_sim.v:967$275'.
Removing empty process `SB_DFFNSR.$proc$/opt/homebrew/bin/../share/yosys/ice40/cells_sim.v:967$275'.
Removing empty process `SB_DFFNE.$proc$/opt/homebrew/bin/../share/yosys/ice40/cells_sim.v:0$274'.
Found and cleaned up 1 empty switch in `\SB_DFFNE.$proc$/opt/homebrew/bin/../share/yosys/ice40/cells_sim.v:922$273'.
Removing empty process `SB_DFFNE.$proc$/opt/homebrew/bin/../share/yosys/ice40/cells_sim.v:922$273'.
Removing empty process `SB_DFFN.$proc$/opt/homebrew/bin/../share/yosys/ice40/cells_sim.v:0$272'.
Removing empty process `SB_DFFN.$proc$/opt/homebrew/bin/../share/yosys/ice40/cells_sim.v:882$271'.
Removing empty process `SB_DFFES.$proc$/opt/homebrew/bin/../share/yosys/ice40/cells_sim.v:0$270'.
Found and cleaned up 1 empty switch in `\SB_DFFES.$proc$/opt/homebrew/bin/../share/yosys/ice40/cells_sim.v:803$267'.
Removing empty process `SB_DFFES.$proc$/opt/homebrew/bin/../share/yosys/ice40/cells_sim.v:803$267'.
Removing empty process `SB_DFFESS.$proc$/opt/homebrew/bin/../share/yosys/ice40/cells_sim.v:0$266'.
Found and cleaned up 2 empty switches in `\SB_DFFESS.$proc$/opt/homebrew/bin/../share/yosys/ice40/cells_sim.v:742$260'.
Removing empty process `SB_DFFESS.$proc$/opt/homebrew/bin/../share/yosys/ice40/cells_sim.v:742$260'.
Removing empty process `SB_DFFER.$proc$/opt/homebrew/bin/../share/yosys/ice40/cells_sim.v:0$259'.
Found and cleaned up 1 empty switch in `\SB_DFFER.$proc$/opt/homebrew/bin/../share/yosys/ice40/cells_sim.v:662$256'.
Removing empty process `SB_DFFER.$proc$/opt/homebrew/bin/../share/yosys/ice40/cells_sim.v:662$256'.
Removing empty process `SB_DFFESR.$proc$/opt/homebrew/bin/../share/yosys/ice40/cells_sim.v:0$255'.
Found and cleaned up 2 empty switches in `\SB_DFFESR.$proc$/opt/homebrew/bin/../share/yosys/ice40/cells_sim.v:601$249'.
Removing empty process `SB_DFFESR.$proc$/opt/homebrew/bin/../share/yosys/ice40/cells_sim.v:601$249'.
Removing empty process `SB_DFFS.$proc$/opt/homebrew/bin/../share/yosys/ice40/cells_sim.v:0$248'.
Removing empty process `SB_DFFS.$proc$/opt/homebrew/bin/../share/yosys/ice40/cells_sim.v:527$246'.
Removing empty process `SB_DFFSS.$proc$/opt/homebrew/bin/../share/yosys/ice40/cells_sim.v:0$245'.
Found and cleaned up 1 empty switch in `\SB_DFFSS.$proc$/opt/homebrew/bin/../share/yosys/ice40/cells_sim.v:477$243'.
Removing empty process `SB_DFFSS.$proc$/opt/homebrew/bin/../share/yosys/ice40/cells_sim.v:477$243'.
Removing empty process `SB_DFFR.$proc$/opt/homebrew/bin/../share/yosys/ice40/cells_sim.v:0$242'.
Removing empty process `SB_DFFR.$proc$/opt/homebrew/bin/../share/yosys/ice40/cells_sim.v:406$240'.
Removing empty process `SB_DFFSR.$proc$/opt/homebrew/bin/../share/yosys/ice40/cells_sim.v:0$239'.
Found and cleaned up 1 empty switch in `\SB_DFFSR.$proc$/opt/homebrew/bin/../share/yosys/ice40/cells_sim.v:356$237'.
Removing empty process `SB_DFFSR.$proc$/opt/homebrew/bin/../share/yosys/ice40/cells_sim.v:356$237'.
Removing empty process `SB_DFFE.$proc$/opt/homebrew/bin/../share/yosys/ice40/cells_sim.v:0$236'.
Found and cleaned up 1 empty switch in `\SB_DFFE.$proc$/opt/homebrew/bin/../share/yosys/ice40/cells_sim.v:311$235'.
Removing empty process `SB_DFFE.$proc$/opt/homebrew/bin/../share/yosys/ice40/cells_sim.v:311$235'.
Removing empty process `SB_DFF.$proc$/opt/homebrew/bin/../share/yosys/ice40/cells_sim.v:0$234'.
Removing empty process `SB_DFF.$proc$/opt/homebrew/bin/../share/yosys/ice40/cells_sim.v:271$233'.
Found and cleaned up 8 empty switches in `$paramod$8b8f91996826e81d9f7e648e0dac2273e461bde7\conv1d_large_serial.$proc$conv1d_large_serial.v:48$510'.
Removing empty process `$paramod$8b8f91996826e81d9f7e648e0dac2273e461bde7\conv1d_large_serial.$proc$conv1d_large_serial.v:48$510'.
Cleaned up 26 empty switches.

8.3.12. Executing OPT_EXPR pass (perform const folding).
Optimizing module conv1d_large_benchmark_top.
Optimizing module $paramod$5395e312707329cd2bb7aab1aa1b4792b6b15532\conv1d_large_engine.
Optimizing module $paramod$8b8f91996826e81d9f7e648e0dac2273e461bde7\conv1d_large_serial.
<suppressed ~2 debug messages>

8.4. Executing FLATTEN pass (flatten design).
Deleting now unused module $paramod$5395e312707329cd2bb7aab1aa1b4792b6b15532\conv1d_large_engine.
Deleting now unused module $paramod$8b8f91996826e81d9f7e648e0dac2273e461bde7\conv1d_large_serial.
<suppressed ~2 debug messages>

8.5. Executing TRIBUF pass.

8.6. Executing DEMINOUT pass (demote inout ports to input or output).

8.7. Executing OPT_EXPR pass (perform const folding).
Optimizing module conv1d_large_benchmark_top.
<suppressed ~4 debug messages>

8.8. Executing OPT_CLEAN pass (remove unused cells and wires).
Finding unused cells or wires in module \conv1d_large_benchmark_top..
Removed 94 unused cells and 315 unused wires.
<suppressed ~100 debug messages>

8.9. Executing CHECK pass (checking for obvious problems).
Checking module conv1d_large_benchmark_top...
Found and reported 0 problems.

8.10. Executing OPT pass (performing simple optimizations).

8.10.1. Executing OPT_EXPR pass (perform const folding).
Optimizing module conv1d_large_benchmark_top.

8.10.2. Executing OPT_MERGE pass (detect identical cells).
Finding identical cells in module `\conv1d_large_benchmark_top'.
<suppressed ~63 debug messages>
Removed a total of 21 cells.

8.10.3. Executing OPT_MUXTREE pass (detect dead branches in mux trees).
Running muxtree optimizer on module \conv1d_large_benchmark_top..
  Creating internal representation of mux trees.
  Evaluating internal representation of mux trees.
      Replacing known input bits on port A of cell $flatten\conv.\impl.$procmux$1046: \conv.impl.busy -> 1'0
      Replacing known input bits on port A of cell $flatten\conv.\impl.$procmux$1044: \conv.impl.busy -> 1'1
  Analyzing evaluation results.
Removed 0 multiplexer ports.
<suppressed ~24 debug messages>

8.10.4. Executing OPT_REDUCE pass (consolidate $*mux and $reduce_* inputs).
  Optimizing cells in module \conv1d_large_benchmark_top.
    New ctrl vector for $pmux cell $flatten\conv.\impl.$procmux$632: { $flatten\conv.\impl.$procmux$617_CMP $flatten\conv.\impl.$procmux$616_CMP $flatten\conv.\impl.$procmux$615_CMP $flatten\conv.\impl.$procmux$613_CMP $auto$opt_reduce.cc:134:opt_pmux$1152 }
    New ctrl vector for $pmux cell $flatten\conv.\impl.$procmux$674: { $flatten\conv.\impl.$procmux$617_CMP $flatten\conv.\impl.$procmux$616_CMP $flatten\conv.\impl.$procmux$615_CMP $flatten\conv.\impl.$procmux$613_CMP $auto$opt_reduce.cc:134:opt_pmux$1154 }
  Optimizing cells in module \conv1d_large_benchmark_top.
Performed a total of 2 changes.

8.10.5. Executing OPT_MERGE pass (detect identical cells).
Finding identical cells in module `\conv1d_large_benchmark_top'.
<suppressed ~9 debug messages>
Removed a total of 3 cells.

8.10.6. Executing OPT_DFF pass (perform DFF optimizations).

8.10.7. Executing OPT_CLEAN pass (remove unused cells and wires).
Finding unused cells or wires in module \conv1d_large_benchmark_top..
Removed 0 unused cells and 24 unused wires.
<suppressed ~1 debug messages>

8.10.8. Executing OPT_EXPR pass (perform const folding).
Optimizing module conv1d_large_benchmark_top.

8.10.9. Rerunning OPT passes. (Maybe there is more to do..)

8.10.10. Executing OPT_MUXTREE pass (detect dead branches in mux trees).
Running muxtree optimizer on module \conv1d_large_benchmark_top..
  Creating internal representation of mux trees.
  Evaluating internal representation of mux trees.
  Analyzing evaluation results.
Removed 0 multiplexer ports.
<suppressed ~26 debug messages>

8.10.11. Executing OPT_REDUCE pass (consolidate $*mux and $reduce_* inputs).
  Optimizing cells in module \conv1d_large_benchmark_top.
Performed a total of 0 changes.

8.10.12. Executing OPT_MERGE pass (detect identical cells).
Finding identical cells in module `\conv1d_large_benchmark_top'.
Removed a total of 0 cells.

8.10.13. Executing OPT_DFF pass (perform DFF optimizations).

8.10.14. Executing OPT_CLEAN pass (remove unused cells and wires).
Finding unused cells or wires in module \conv1d_large_benchmark_top..

8.10.15. Executing OPT_EXPR pass (perform const folding).
Optimizing module conv1d_large_benchmark_top.

8.10.16. Finished OPT passes. (There is nothing left to do.)

8.11. Executing FSM pass (extract and optimize FSM).

8.11.1. Executing FSM_DETECT pass (finding FSMs in design).

8.11.2. Executing FSM_EXTRACT pass (extracting FSM from design).

8.11.3. Executing FSM_OPT pass (simple optimizations of FSMs).

8.11.4. Executing OPT_CLEAN pass (remove unused cells and wires).
Finding unused cells or wires in module \conv1d_large_benchmark_top..

8.11.5. Executing FSM_OPT pass (simple optimizations of FSMs).

8.11.6. Executing FSM_RECODE pass (re-assigning FSM state encoding).

8.11.7. Executing FSM_INFO pass (dumping all available information on FSM cells).

8.11.8. Executing FSM_MAP pass (mapping FSMs to basic logic).

8.12. Executing OPT pass (performing simple optimizations).

8.12.1. Executing OPT_EXPR pass (perform const folding).
Optimizing module conv1d_large_benchmark_top.

8.12.2. Executing OPT_MERGE pass (detect identical cells).
Finding identical cells in module `\conv1d_large_benchmark_top'.
Removed a total of 0 cells.

8.12.3. Executing OPT_MUXTREE pass (detect dead branches in mux trees).
Running muxtree optimizer on module \conv1d_large_benchmark_top..
  Creating internal representation of mux trees.
  Evaluating internal representation of mux trees.
  Analyzing evaluation results.
Removed 0 multiplexer ports.
<suppressed ~26 debug messages>

8.12.4. Executing OPT_REDUCE pass (consolidate $*mux and $reduce_* inputs).
  Optimizing cells in module \conv1d_large_benchmark_top.
Performed a total of 0 changes.

8.12.5. Executing OPT_MERGE pass (detect identical cells).
Finding identical cells in module `\conv1d_large_benchmark_top'.
Removed a total of 0 cells.

8.12.6. Executing OPT_DFF pass (perform DFF optimizations).
Adding SRST signal on $flatten\conv.\impl.$procdff$1130 ($dff) from module conv1d_large_benchmark_top (D = $flatten\conv.\impl.$procmux$953_Y, Q = \conv.impl.tap[7], rval = 6'000000).
Adding EN signal on $auto$ff.cc:266:slice$1155 ($sdff) from module conv1d_large_benchmark_top (D = \conv.impl.history[6], Q = \conv.impl.tap[7]).
Adding SRST signal on $flatten\conv.\impl.$procdff$1129 ($dff) from module conv1d_large_benchmark_top (D = $flatten\conv.\impl.$procmux$959_Y, Q = \conv.impl.tap[6], rval = 6'000000).
Adding EN signal on $auto$ff.cc:266:slice$1157 ($sdff) from module conv1d_large_benchmark_top (D = \conv.impl.history[5], Q = \conv.impl.tap[6]).
Adding SRST signal on $flatten\conv.\impl.$procdff$1128 ($dff) from module conv1d_large_benchmark_top (D = $flatten\conv.\impl.$procmux$965_Y, Q = \conv.impl.tap[5], rval = 6'000000).
Adding EN signal on $auto$ff.cc:266:slice$1159 ($sdff) from module conv1d_large_benchmark_top (D = \conv.impl.history[4], Q = \conv.impl.tap[5]).
Adding SRST signal on $flatten\conv.\impl.$procdff$1127 ($dff) from module conv1d_large_benchmark_top (D = $flatten\conv.\impl.$procmux$971_Y, Q = \conv.impl.tap[4], rval = 6'000000).
Adding EN signal on $auto$ff.cc:266:slice$1161 ($sdff) from module conv1d_large_benchmark_top (D = \conv.impl.history[3], Q = \conv.impl.tap[4]).
Adding SRST signal on $flatten\conv.\impl.$procdff$1126 ($dff) from module conv1d_large_benchmark_top (D = $flatten\conv.\impl.$procmux$977_Y, Q = \conv.impl.tap[3], rval = 6'000000).
Adding EN signal on $auto$ff.cc:266:slice$1163 ($sdff) from module conv1d_large_benchmark_top (D = \conv.impl.history[2], Q = \conv.impl.tap[3]).
Adding SRST signal on $flatten\conv.\impl.$procdff$1125 ($dff) from module conv1d_large_benchmark_top (D = $flatten\conv.\impl.$procmux$983_Y, Q = \conv.impl.tap[2], rval = 6'000000).
Adding EN signal on $auto$ff.cc:266:slice$1165 ($sdff) from module conv1d_large_benchmark_top (D = \conv.impl.history[1], Q = \conv.impl.tap[2]).
Adding SRST signal on $flatten\conv.\impl.$procdff$1124 ($dff) from module conv1d_large_benchmark_top (D = $flatten\conv.\impl.$procmux$989_Y, Q = \conv.impl.tap[1], rval = 6'000000).
Adding EN signal on $auto$ff.cc:266:slice$1167 ($sdff) from module conv1d_large_benchmark_top (D = \conv.impl.history[0], Q = \conv.impl.tap[1]).
Adding SRST signal on $flatten\conv.\impl.$procdff$1123 ($dff) from module conv1d_large_benchmark_top (D = $flatten\conv.\impl.$procmux$995_Y, Q = \conv.impl.tap[0], rval = 6'000000).
Adding EN signal on $auto$ff.cc:266:slice$1169 ($sdff) from module conv1d_large_benchmark_top (D = \sample_in, Q = \conv.impl.tap[0]).
Adding SRST signal on $flatten\conv.\impl.$procdff$1122 ($dff) from module conv1d_large_benchmark_top (D = $flatten\conv.\impl.$procmux$1001_Y, Q = \conv.impl.history[6], rval = 6'000000).
Adding EN signal on $auto$ff.cc:266:slice$1171 ($sdff) from module conv1d_large_benchmark_top (D = \conv.impl.history[5], Q = \conv.impl.history[6]).
Adding SRST signal on $flatten\conv.\impl.$procdff$1121 ($dff) from module conv1d_large_benchmark_top (D = $flatten\conv.\impl.$procmux$1007_Y, Q = \conv.impl.history[5], rval = 6'000000).
Adding EN signal on $auto$ff.cc:266:slice$1173 ($sdff) from module conv1d_large_benchmark_top (D = \conv.impl.history[4], Q = \conv.impl.history[5]).
Adding SRST signal on $flatten\conv.\impl.$procdff$1120 ($dff) from module conv1d_large_benchmark_top (D = $flatten\conv.\impl.$procmux$1013_Y, Q = \conv.impl.history[4], rval = 6'000000).
Adding EN signal on $auto$ff.cc:266:slice$1175 ($sdff) from module conv1d_large_benchmark_top (D = \conv.impl.history[3], Q = \conv.impl.history[4]).
Adding SRST signal on $flatten\conv.\impl.$procdff$1119 ($dff) from module conv1d_large_benchmark_top (D = $flatten\conv.\impl.$procmux$1019_Y, Q = \conv.impl.history[3], rval = 6'000000).
Adding EN signal on $auto$ff.cc:266:slice$1177 ($sdff) from module conv1d_large_benchmark_top (D = \conv.impl.history[2], Q = \conv.impl.history[3]).
Adding SRST signal on $flatten\conv.\impl.$procdff$1118 ($dff) from module conv1d_large_benchmark_top (D = $flatten\conv.\impl.$procmux$1025_Y, Q = \conv.impl.history[2], rval = 6'000000).
Adding EN signal on $auto$ff.cc:266:slice$1179 ($sdff) from module conv1d_large_benchmark_top (D = \conv.impl.history[1], Q = \conv.impl.history[2]).
Adding SRST signal on $flatten\conv.\impl.$procdff$1117 ($dff) from module conv1d_large_benchmark_top (D = $flatten\conv.\impl.$procmux$1031_Y, Q = \conv.impl.history[1], rval = 6'000000).
Adding EN signal on $auto$ff.cc:266:slice$1181 ($sdff) from module conv1d_large_benchmark_top (D = \conv.impl.history[0], Q = \conv.impl.history[1]).
Adding SRST signal on $flatten\conv.\impl.$procdff$1116 ($dff) from module conv1d_large_benchmark_top (D = $flatten\conv.\impl.$procmux$1037_Y, Q = \conv.impl.history[0], rval = 6'000000).
Adding EN signal on $auto$ff.cc:266:slice$1183 ($sdff) from module conv1d_large_benchmark_top (D = \sample_in, Q = \conv.impl.history[0]).
Adding SRST signal on $flatten\conv.\impl.$procdff$1114 ($dff) from module conv1d_large_benchmark_top (D = $flatten\conv.\impl.$procmux$1049_Y, Q = \conv.impl.busy, rval = 1'0).
Adding SRST signal on $flatten\conv.\impl.$procdff$1113 ($dff) from module conv1d_large_benchmark_top (D = $flatten\conv.\impl.$procmux$1058_Y, Q = \conv.impl.tap_index, rval = 16'0000000000000000).
Adding EN signal on $auto$ff.cc:266:slice$1186 ($sdff) from module conv1d_large_benchmark_top (D = $flatten\conv.\impl.$procmux$1056_Y, Q = \conv.impl.tap_index).
Adding SRST signal on $flatten\conv.\impl.$procdff$1112 ($dff) from module conv1d_large_benchmark_top (D = $flatten\conv.\impl.$procmux$1070_Y, Q = \conv.impl.acc, rval = 16'0000000000000000).
Adding EN signal on $auto$ff.cc:266:slice$1190 ($sdff) from module conv1d_large_benchmark_top (D = $flatten\conv.\impl.$add$conv1d_large_serial.v:85$563_Y, Q = \conv.impl.acc).
Adding SRST signal on $flatten\conv.\impl.$procdff$1111 ($dff) from module conv1d_large_benchmark_top (D = $flatten\conv.\impl.$procmux$1085_Y, Q = \conv.impl.sample_out, rval = 16'0000000000000000).
Adding EN signal on $auto$ff.cc:266:slice$1198 ($sdff) from module conv1d_large_benchmark_top (D = $flatten\conv.\impl.$add$conv1d_large_serial.v:80$558_Y, Q = \conv.impl.sample_out).
Adding SRST signal on $flatten\conv.\impl.$procdff$1110 ($dff) from module conv1d_large_benchmark_top (D = $flatten\conv.\impl.$procmux$915_Y, Q = \conv.impl.output_valid, rval = 1'0).

8.12.7. Executing OPT_CLEAN pass (remove unused cells and wires).
Finding unused cells or wires in module \conv1d_large_benchmark_top..
Removed 45 unused cells and 45 unused wires.
<suppressed ~46 debug messages>

8.12.8. Executing OPT_EXPR pass (perform const folding).
Optimizing module conv1d_large_benchmark_top.

8.12.9. Rerunning OPT passes. (Maybe there is more to do..)

8.12.10. Executing OPT_MUXTREE pass (detect dead branches in mux trees).
Running muxtree optimizer on module \conv1d_large_benchmark_top..
  Creating internal representation of mux trees.
  Evaluating internal representation of mux trees.
  Analyzing evaluation results.
Removed 0 multiplexer ports.
<suppressed ~9 debug messages>

8.12.11. Executing OPT_REDUCE pass (consolidate $*mux and $reduce_* inputs).
  Optimizing cells in module \conv1d_large_benchmark_top.
Performed a total of 0 changes.

8.12.12. Executing OPT_MERGE pass (detect identical cells).
Finding identical cells in module `\conv1d_large_benchmark_top'.
<suppressed ~24 debug messages>
Removed a total of 8 cells.

8.12.13. Executing OPT_DFF pass (perform DFF optimizations).

8.12.14. Executing OPT_CLEAN pass (remove unused cells and wires).
Finding unused cells or wires in module \conv1d_large_benchmark_top..
Removed 0 unused cells and 1 unused wires.
<suppressed ~1 debug messages>

8.12.15. Executing OPT_EXPR pass (perform const folding).
Optimizing module conv1d_large_benchmark_top.

8.12.16. Rerunning OPT passes. (Maybe there is more to do..)

8.12.17. Executing OPT_MUXTREE pass (detect dead branches in mux trees).
Running muxtree optimizer on module \conv1d_large_benchmark_top..
  Creating internal representation of mux trees.
  Evaluating internal representation of mux trees.
  Analyzing evaluation results.
Removed 0 multiplexer ports.
<suppressed ~9 debug messages>

8.12.18. Executing OPT_REDUCE pass (consolidate $*mux and $reduce_* inputs).
  Optimizing cells in module \conv1d_large_benchmark_top.
Performed a total of 0 changes.

8.12.19. Executing OPT_MERGE pass (detect identical cells).
Finding identical cells in module `\conv1d_large_benchmark_top'.
Removed a total of 0 cells.

8.12.20. Executing OPT_DFF pass (perform DFF optimizations).

8.12.21. Executing OPT_CLEAN pass (remove unused cells and wires).
Finding unused cells or wires in module \conv1d_large_benchmark_top..

8.12.22. Executing OPT_EXPR pass (perform const folding).
Optimizing module conv1d_large_benchmark_top.

8.12.23. Finished OPT passes. (There is nothing left to do.)

8.13. Executing WREDUCE pass (reducing word size of cells).
Removed top 13 bits (of 16) from port B of cell conv1d_large_benchmark_top.$flatten\conv.\impl.$eq$conv1d_large_serial.v:79$545 ($eq).
Removed top 6 bits (of 16) from port Y of cell conv1d_large_benchmark_top.$flatten\conv.\impl.$mul$conv1d_large_serial.v:80$557 ($mul).
Removed top 6 bits (of 16) from port B of cell conv1d_large_benchmark_top.$flatten\conv.\impl.$add$conv1d_large_serial.v:80$558 ($add).
Removed top 6 bits (of 16) from port Y of cell conv1d_large_benchmark_top.$flatten\conv.\impl.$mul$conv1d_large_serial.v:85$562 ($mul).
Removed top 6 bits (of 16) from port B of cell conv1d_large_benchmark_top.$flatten\conv.\impl.$add$conv1d_large_serial.v:85$563 ($add).
Removed top 15 bits (of 16) from port B of cell conv1d_large_benchmark_top.$flatten\conv.\impl.$add$conv1d_large_serial.v:86$564 ($add).
Removed top 1 bits (of 3) from port B of cell conv1d_large_benchmark_top.$flatten\conv.\impl.$procmux$615_CMP0 ($eq).
Removed top 1 bits (of 3) from port B of cell conv1d_large_benchmark_top.$flatten\conv.\impl.$procmux$616_CMP0 ($eq).
Removed top 2 bits (of 3) from port B of cell conv1d_large_benchmark_top.$flatten\conv.\impl.$procmux$617_CMP0 ($eq).

8.14. Executing PEEPOPT pass (run peephole optimizers).

8.15. Executing OPT_CLEAN pass (remove unused cells and wires).
Finding unused cells or wires in module \conv1d_large_benchmark_top..

8.16. Executing SHARE pass (SAT-based resource sharing).

8.17. Executing TECHMAP pass (map to technology primitives).

8.17.1. Executing Verilog-2005 frontend: /opt/homebrew/bin/../share/yosys/cmp2lut.v
Parsing Verilog input from `/opt/homebrew/bin/../share/yosys/cmp2lut.v' to AST representation.
Generating RTLIL representation for module `\_90_lut_cmp_'.
Successfully finished Verilog frontend.

8.17.2. Continuing TECHMAP pass.
No more expansions possible.
<suppressed ~6 debug messages>

8.18. Executing OPT_EXPR pass (perform const folding).
Optimizing module conv1d_large_benchmark_top.

8.19. Executing OPT_CLEAN pass (remove unused cells and wires).
Finding unused cells or wires in module \conv1d_large_benchmark_top..

8.20. Executing ALUMACC pass (create $alu and $macc cells).
Extracting $alu and $macc cells in module conv1d_large_benchmark_top:
  creating $macc model for $flatten\conv.\impl.$add$conv1d_large_serial.v:80$558 ($add).
  creating $macc model for $flatten\conv.\impl.$add$conv1d_large_serial.v:85$563 ($add).
  creating $macc model for $flatten\conv.\impl.$add$conv1d_large_serial.v:86$564 ($add).
  creating $macc model for $flatten\conv.\impl.$mul$conv1d_large_serial.v:80$557 ($mul).
  creating $macc model for $flatten\conv.\impl.$mul$conv1d_large_serial.v:85$562 ($mul).
  merging $macc model for $flatten\conv.\impl.$mul$conv1d_large_serial.v:85$562 into $flatten\conv.\impl.$add$conv1d_large_serial.v:85$563.
  merging $macc model for $flatten\conv.\impl.$mul$conv1d_large_serial.v:80$557 into $flatten\conv.\impl.$add$conv1d_large_serial.v:80$558.
  creating $alu model for $macc $flatten\conv.\impl.$add$conv1d_large_serial.v:86$564.
  creating $macc cell for $flatten\conv.\impl.$add$conv1d_large_serial.v:85$563: $auto$alumacc.cc:365:replace_macc$1210
  creating $macc cell for $flatten\conv.\impl.$add$conv1d_large_serial.v:80$558: $auto$alumacc.cc:365:replace_macc$1211
  creating $alu cell for $flatten\conv.\impl.$add$conv1d_large_serial.v:86$564: $auto$alumacc.cc:485:replace_alu$1212
  created 1 $alu and 2 $macc cells.

8.21. Executing OPT pass (performing simple optimizations).

8.21.1. Executing OPT_EXPR pass (perform const folding).
Optimizing module conv1d_large_benchmark_top.

8.21.2. Executing OPT_MERGE pass (detect identical cells).
Finding identical cells in module `\conv1d_large_benchmark_top'.
Removed a total of 0 cells.

8.21.3. Executing OPT_MUXTREE pass (detect dead branches in mux trees).
Running muxtree optimizer on module \conv1d_large_benchmark_top..
  Creating internal representation of mux trees.
  Evaluating internal representation of mux trees.
  Analyzing evaluation results.
Removed 0 multiplexer ports.
<suppressed ~9 debug messages>

8.21.4. Executing OPT_REDUCE pass (consolidate $*mux and $reduce_* inputs).
  Optimizing cells in module \conv1d_large_benchmark_top.
Performed a total of 0 changes.

8.21.5. Executing OPT_MERGE pass (detect identical cells).
Finding identical cells in module `\conv1d_large_benchmark_top'.
Removed a total of 0 cells.

8.21.6. Executing OPT_DFF pass (perform DFF optimizations).

8.21.7. Executing OPT_CLEAN pass (remove unused cells and wires).
Finding unused cells or wires in module \conv1d_large_benchmark_top..
Removed 2 unused cells and 2 unused wires.
<suppressed ~3 debug messages>

8.21.8. Executing OPT_EXPR pass (perform const folding).
Optimizing module conv1d_large_benchmark_top.

8.21.9. Rerunning OPT passes. (Maybe there is more to do..)

8.21.10. Executing OPT_MUXTREE pass (detect dead branches in mux trees).
Running muxtree optimizer on module \conv1d_large_benchmark_top..
  Creating internal representation of mux trees.
  Evaluating internal representation of mux trees.
  Analyzing evaluation results.
Removed 0 multiplexer ports.
<suppressed ~9 debug messages>

8.21.11. Executing OPT_REDUCE pass (consolidate $*mux and $reduce_* inputs).
  Optimizing cells in module \conv1d_large_benchmark_top.
Performed a total of 0 changes.

8.21.12. Executing OPT_MERGE pass (detect identical cells).
Finding identical cells in module `\conv1d_large_benchmark_top'.
Removed a total of 0 cells.

8.21.13. Executing OPT_DFF pass (perform DFF optimizations).

8.21.14. Executing OPT_CLEAN pass (remove unused cells and wires).
Finding unused cells or wires in module \conv1d_large_benchmark_top..

8.21.15. Executing OPT_EXPR pass (perform const folding).
Optimizing module conv1d_large_benchmark_top.

8.21.16. Finished OPT passes. (There is nothing left to do.)

8.22. Executing MEMORY pass.

8.22.1. Executing OPT_MEM pass (optimize memories).
Performed a total of 0 transformations.

8.22.2. Executing OPT_MEM_PRIORITY pass (removing unnecessary memory write priority relations).
Performed a total of 0 transformations.

8.22.3. Executing OPT_MEM_FEEDBACK pass (finding memory read-to-write feedback paths).

8.22.4. Executing MEMORY_BMUX2ROM pass (converting muxes to ROMs).

8.22.5. Executing MEMORY_DFF pass (merging $dff cells to $memrd).

8.22.6. Executing OPT_CLEAN pass (remove unused cells and wires).
Finding unused cells or wires in module \conv1d_large_benchmark_top..

8.22.7. Executing MEMORY_SHARE pass (consolidating $memrd/$memwr cells).

8.22.8. Executing OPT_MEM_WIDEN pass (optimize memories where all ports are wide).
Performed a total of 0 transformations.

8.22.9. Executing OPT_CLEAN pass (remove unused cells and wires).
Finding unused cells or wires in module \conv1d_large_benchmark_top..

8.22.10. Executing MEMORY_COLLECT pass (generating $mem cells).

8.23. Executing OPT_CLEAN pass (remove unused cells and wires).
Finding unused cells or wires in module \conv1d_large_benchmark_top..

8.24. Executing MEMORY_LIBMAP pass (mapping memories to cells).

8.25. Executing TECHMAP pass (map to technology primitives).

8.25.1. Executing Verilog-2005 frontend: /opt/homebrew/bin/../share/yosys/ice40/brams_map.v
Parsing Verilog input from `/opt/homebrew/bin/../share/yosys/ice40/brams_map.v' to AST representation.
Generating RTLIL representation for module `\$__ICE40_RAM4K_'.
Successfully finished Verilog frontend.

8.25.2. Executing Verilog-2005 frontend: /opt/homebrew/bin/../share/yosys/ice40/spram_map.v
Parsing Verilog input from `/opt/homebrew/bin/../share/yosys/ice40/spram_map.v' to AST representation.
Generating RTLIL representation for module `\$__ICE40_SPRAM_'.
Successfully finished Verilog frontend.

8.25.3. Continuing TECHMAP pass.
No more expansions possible.
<suppressed ~4 debug messages>

8.26. Executing ICE40_BRAMINIT pass.

8.27. Executing OPT pass (performing simple optimizations).

8.27.1. Executing OPT_EXPR pass (perform const folding).
Optimizing module conv1d_large_benchmark_top.
<suppressed ~18 debug messages>

8.27.2. Executing OPT_MERGE pass (detect identical cells).
Finding identical cells in module `\conv1d_large_benchmark_top'.
<suppressed ~3 debug messages>
Removed a total of 1 cells.

8.27.3. Executing OPT_DFF pass (perform DFF optimizations).

8.27.4. Executing OPT_CLEAN pass (remove unused cells and wires).
Finding unused cells or wires in module \conv1d_large_benchmark_top..
Removed 1 unused cells and 19 unused wires.
<suppressed ~2 debug messages>

8.27.5. Finished fast OPT passes.

8.28. Executing MEMORY_MAP pass (converting memories to logic and flip-flops).

8.29. Executing OPT pass (performing simple optimizations).

8.29.1. Executing OPT_EXPR pass (perform const folding).
Optimizing module conv1d_large_benchmark_top.

8.29.2. Executing OPT_MERGE pass (detect identical cells).
Finding identical cells in module `\conv1d_large_benchmark_top'.
Removed a total of 0 cells.

8.29.3. Executing OPT_MUXTREE pass (detect dead branches in mux trees).
Running muxtree optimizer on module \conv1d_large_benchmark_top..
  Creating internal representation of mux trees.
  Evaluating internal representation of mux trees.
  Analyzing evaluation results.
Removed 0 multiplexer ports.
<suppressed ~4 debug messages>

8.29.4. Executing OPT_REDUCE pass (consolidate $*mux and $reduce_* inputs).
  Optimizing cells in module \conv1d_large_benchmark_top.
    Consolidated identical input bits for $pmux cell $flatten\conv.\impl.$procmux$632:
      Old ports: A=4'0010, B=20'11110011000011100001, Y=$flatten\conv.\impl.$5\tap_weight$func$conv1d_large_serial.v:80$505.$result[3:0]$555
      New ports: A=3'010, B=15'111011000110001, Y=$flatten\conv.\impl.$5\tap_weight$func$conv1d_large_serial.v:80$505.$result[3:0]$555 [2:0]
      New connections: $flatten\conv.\impl.$5\tap_weight$func$conv1d_large_serial.v:80$505.$result[3:0]$555 [3] = $flatten\conv.\impl.$5\tap_weight$func$conv1d_large_serial.v:80$505.$result[3:0]$555 [2]
  Optimizing cells in module \conv1d_large_benchmark_top.
Performed a total of 1 changes.

8.29.5. Executing OPT_MERGE pass (detect identical cells).
Finding identical cells in module `\conv1d_large_benchmark_top'.
Removed a total of 0 cells.

8.29.6. Executing OPT_DFF pass (perform DFF optimizations).

8.29.7. Executing OPT_CLEAN pass (remove unused cells and wires).
Finding unused cells or wires in module \conv1d_large_benchmark_top..

8.29.8. Executing OPT_EXPR pass (perform const folding).
Optimizing module conv1d_large_benchmark_top.

8.29.9. Rerunning OPT passes. (Maybe there is more to do..)

8.29.10. Executing OPT_MUXTREE pass (detect dead branches in mux trees).
Running muxtree optimizer on module \conv1d_large_benchmark_top..
  Creating internal representation of mux trees.
  Evaluating internal representation of mux trees.
  Analyzing evaluation results.
Removed 0 multiplexer ports.
<suppressed ~4 debug messages>

8.29.11. Executing OPT_REDUCE pass (consolidate $*mux and $reduce_* inputs).
  Optimizing cells in module \conv1d_large_benchmark_top.
Performed a total of 0 changes.

8.29.12. Executing OPT_MERGE pass (detect identical cells).
Finding identical cells in module `\conv1d_large_benchmark_top'.
Removed a total of 0 cells.

8.29.13. Executing OPT_DFF pass (perform DFF optimizations).

8.29.14. Executing OPT_CLEAN pass (remove unused cells and wires).
Finding unused cells or wires in module \conv1d_large_benchmark_top..

8.29.15. Executing OPT_EXPR pass (perform const folding).
Optimizing module conv1d_large_benchmark_top.

8.29.16. Finished OPT passes. (There is nothing left to do.)

8.30. Executing ICE40_WRAPCARRY pass (wrap carries).

8.31. Executing TECHMAP pass (map to technology primitives).

8.31.1. Executing Verilog-2005 frontend: /opt/homebrew/bin/../share/yosys/techmap.v
Parsing Verilog input from `/opt/homebrew/bin/../share/yosys/techmap.v' to AST representation.
Generating RTLIL representation for module `\_90_simplemap_bool_ops'.
Generating RTLIL representation for module `\_90_simplemap_reduce_ops'.
Generating RTLIL representation for module `\_90_simplemap_logic_ops'.
Generating RTLIL representation for module `\_90_simplemap_compare_ops'.
Generating RTLIL representation for module `\_90_simplemap_various'.
Generating RTLIL representation for module `\_90_simplemap_registers'.
Generating RTLIL representation for module `\_90_shift_ops_shr_shl_sshl_sshr'.
Generating RTLIL representation for module `\_90_shift_shiftx'.
Generating RTLIL representation for module `\_90_fa'.
Generating RTLIL representation for module `\_90_lcu_brent_kung'.
Generating RTLIL representation for module `\_90_alu'.
Generating RTLIL representation for module `\_90_macc'.
Generating RTLIL representation for module `\_90_alumacc'.
Generating RTLIL representation for module `\$__div_mod_u'.
Generating RTLIL representation for module `\$__div_mod_trunc'.
Generating RTLIL representation for module `\_90_div'.
Generating RTLIL representation for module `\_90_mod'.
Generating RTLIL representation for module `\$__div_mod_floor'.
Generating RTLIL representation for module `\_90_divfloor'.
Generating RTLIL representation for module `\_90_modfloor'.
Generating RTLIL representation for module `\_90_pow'.
Generating RTLIL representation for module `\_90_pmux'.
Generating RTLIL representation for module `\_90_demux'.
Generating RTLIL representation for module `\_90_lut'.
Successfully finished Verilog frontend.

8.31.2. Executing Verilog-2005 frontend: /opt/homebrew/bin/../share/yosys/ice40/arith_map.v
Parsing Verilog input from `/opt/homebrew/bin/../share/yosys/ice40/arith_map.v' to AST representation.
Generating RTLIL representation for module `\_80_ice40_alu'.
Successfully finished Verilog frontend.

8.31.3. Continuing TECHMAP pass.
Using extmapper simplemap for cells of type $reduce_or.
Using extmapper maccmap for cells of type $macc.
  add \conv.impl.acc (16 bits, signed)
  add $flatten\conv.\impl.$5$mem2reg_rd$\tap$conv1d_large_serial.v:80$507_DATA[5:0]$556 * { $flatten\conv.\impl.$5\tap_weight$func$conv1d_large_serial.v:80$505.$result[3:0]$555 [3] $flatten\conv.\impl.$5\tap_weight$func$conv1d_large_serial.v:80$505.$result[3:0]$555 [3] $flatten\conv.\impl.$5\tap_weight$func$conv1d_large_serial.v:80$505.$result[3:0]$555 [1:0] } (6x4 bits, signed)
Using extmapper simplemap for cells of type $not.
Using extmapper simplemap for cells of type $reduce_and.
Using extmapper simplemap for cells of type $logic_and.
Using extmapper simplemap for cells of type $eq.
Using template $paramod$2af30114e9bd4ccb04dad757b3f0a8f6bf0615b0\_80_ice40_alu for cells of type $alu.
Using template $paramod$4a4c6f523b89f93e1d9b10390d6da3f02d91b918\_90_pmux for cells of type $pmux.
Using template $paramod$56f7ce6d87f8add68ca646dc02d7695a3189f8e5\_90_pmux for cells of type $pmux.
Using extmapper simplemap for cells of type $sdff.
Using extmapper simplemap for cells of type $mux.
Using extmapper simplemap for cells of type $sdffe.
Using extmapper simplemap for cells of type $logic_not.
Using extmapper simplemap for cells of type $and.
Using extmapper simplemap for cells of type $pos.
Using extmapper simplemap for cells of type $xor.
Using template $paramod\_90_fa\WIDTH=32'00000000000000000000000000010000 for cells of type $fa.
Using template $paramod$6df0329addda9228fcc2546de2aaf14ad26c98e1\_80_ice40_alu for cells of type $alu.
Using extmapper simplemap for cells of type $or.
No more expansions possible.
<suppressed ~252 debug messages>

8.32. Executing OPT pass (performing simple optimizations).

8.32.1. Executing OPT_EXPR pass (perform const folding).
Optimizing module conv1d_large_benchmark_top.
<suppressed ~213 debug messages>

8.32.2. Executing OPT_MERGE pass (detect identical cells).
Finding identical cells in module `\conv1d_large_benchmark_top'.
<suppressed ~246 debug messages>
Removed a total of 82 cells.

8.32.3. Executing OPT_DFF pass (perform DFF optimizations).

8.32.4. Executing OPT_CLEAN pass (remove unused cells and wires).
Finding unused cells or wires in module \conv1d_large_benchmark_top..
Removed 50 unused cells and 176 unused wires.
<suppressed ~51 debug messages>

8.32.5. Finished fast OPT passes.

8.33. Executing ICE40_OPT pass (performing simple optimizations).

8.33.1. Running ICE40 specific optimizations.
Optimized $__ICE40_CARRY_WRAPPER cell back to logic (without SB_CARRY) conv1d_large_benchmark_top.$auto$alumacc.cc:485:replace_alu$1212.slice[0].carry: CO=\conv.impl.tap_index [0]
Optimized $__ICE40_CARRY_WRAPPER cell back to logic (without SB_CARRY) conv1d_large_benchmark_top.$auto$maccmap.cc:240:synth$1339.slice[0].carry: CO=1'0

8.33.2. Executing OPT_EXPR pass (perform const folding).
Optimizing module conv1d_large_benchmark_top.

8.33.3. Executing OPT_MERGE pass (detect identical cells).
Finding identical cells in module `\conv1d_large_benchmark_top'.
Removed a total of 0 cells.

8.33.4. Executing OPT_DFF pass (perform DFF optimizations).

8.33.5. Executing OPT_CLEAN pass (remove unused cells and wires).
Finding unused cells or wires in module \conv1d_large_benchmark_top..

8.33.6. Rerunning OPT passes. (Removed registers in this run.)

8.33.7. Running ICE40 specific optimizations.
Optimized $__ICE40_CARRY_WRAPPER cell back to logic (without SB_CARRY) conv1d_large_benchmark_top.$auto$maccmap.cc:240:synth$1339.slice[1].carry: CO=1'0

8.33.8. Executing OPT_EXPR pass (perform const folding).
Optimizing module conv1d_large_benchmark_top.

8.33.9. Executing OPT_MERGE pass (detect identical cells).
Finding identical cells in module `\conv1d_large_benchmark_top'.
Removed a total of 0 cells.

8.33.10. Executing OPT_DFF pass (perform DFF optimizations).

8.33.11. Executing OPT_CLEAN pass (remove unused cells and wires).
Finding unused cells or wires in module \conv1d_large_benchmark_top..

8.33.12. Rerunning OPT passes. (Removed registers in this run.)

8.33.13. Running ICE40 specific optimizations.

8.33.14. Executing OPT_EXPR pass (perform const folding).
Optimizing module conv1d_large_benchmark_top.

8.33.15. Executing OPT_MERGE pass (detect identical cells).
Finding identical cells in module `\conv1d_large_benchmark_top'.
Removed a total of 0 cells.

8.33.16. Executing OPT_DFF pass (perform DFF optimizations).

8.33.17. Executing OPT_CLEAN pass (remove unused cells and wires).
Finding unused cells or wires in module \conv1d_large_benchmark_top..

8.33.18. Finished OPT passes. (There is nothing left to do.)

8.34. Executing DFFLEGALIZE pass (convert FFs to types supported by the target).

8.35. Executing TECHMAP pass (map to technology primitives).

8.35.1. Executing Verilog-2005 frontend: /opt/homebrew/bin/../share/yosys/ice40/ff_map.v
Parsing Verilog input from `/opt/homebrew/bin/../share/yosys/ice40/ff_map.v' to AST representation.
Generating RTLIL representation for module `\$_DFF_N_'.
Generating RTLIL representation for module `\$_DFF_P_'.
Generating RTLIL representation for module `\$_DFFE_NP_'.
Generating RTLIL representation for module `\$_DFFE_PP_'.
Generating RTLIL representation for module `\$_DFF_NP0_'.
Generating RTLIL representation for module `\$_DFF_NP1_'.
Generating RTLIL representation for module `\$_DFF_PP0_'.
Generating RTLIL representation for module `\$_DFF_PP1_'.
Generating RTLIL representation for module `\$_DFFE_NP0P_'.
Generating RTLIL representation for module `\$_DFFE_NP1P_'.
Generating RTLIL representation for module `\$_DFFE_PP0P_'.
Generating RTLIL representation for module `\$_DFFE_PP1P_'.
Generating RTLIL representation for module `\$_SDFF_NP0_'.
Generating RTLIL representation for module `\$_SDFF_NP1_'.
Generating RTLIL representation for module `\$_SDFF_PP0_'.
Generating RTLIL representation for module `\$_SDFF_PP1_'.
Generating RTLIL representation for module `\$_SDFFCE_NP0P_'.
Generating RTLIL representation for module `\$_SDFFCE_NP1P_'.
Generating RTLIL representation for module `\$_SDFFCE_PP0P_'.
Generating RTLIL representation for module `\$_SDFFCE_PP1P_'.
Successfully finished Verilog frontend.

8.35.2. Continuing TECHMAP pass.
Using template \$_SDFFCE_PP0P_ for cells of type $_SDFFCE_PP0P_.
Using template \$_SDFF_PP0_ for cells of type $_SDFF_PP0_.
No more expansions possible.
<suppressed ~120 debug messages>

8.36. Executing OPT_EXPR pass (perform const folding).
Optimizing module conv1d_large_benchmark_top.

8.37. Executing SIMPLEMAP pass (map simple cells to gate primitives).
Mapping conv1d_large_benchmark_top.$auto$alumacc.cc:485:replace_alu$1212.slice[0].carry ($lut).
Mapping conv1d_large_benchmark_top.$auto$maccmap.cc:240:synth$1339.slice[0].carry ($lut).
Mapping conv1d_large_benchmark_top.$auto$maccmap.cc:240:synth$1339.slice[1].carry ($lut).

8.38. Executing ICE40_OPT pass (performing simple optimizations).

8.38.1. Running ICE40 specific optimizations.

8.38.2. Executing OPT_EXPR pass (perform const folding).
Optimizing module conv1d_large_benchmark_top.
<suppressed ~60 debug messages>

8.38.3. Executing OPT_MERGE pass (detect identical cells).
Finding identical cells in module `\conv1d_large_benchmark_top'.
<suppressed ~291 debug messages>
Removed a total of 97 cells.

8.38.4. Executing OPT_DFF pass (perform DFF optimizations).

8.38.5. Executing OPT_CLEAN pass (remove unused cells and wires).
Finding unused cells or wires in module \conv1d_large_benchmark_top..
Removed 2 unused cells and 692 unused wires.
<suppressed ~3 debug messages>

8.38.6. Rerunning OPT passes. (Removed registers in this run.)

8.38.7. Running ICE40 specific optimizations.

8.38.8. Executing OPT_EXPR pass (perform const folding).
Optimizing module conv1d_large_benchmark_top.

8.38.9. Executing OPT_MERGE pass (detect identical cells).
Finding identical cells in module `\conv1d_large_benchmark_top'.
Removed a total of 0 cells.

8.38.10. Executing OPT_DFF pass (perform DFF optimizations).

8.38.11. Executing OPT_CLEAN pass (remove unused cells and wires).
Finding unused cells or wires in module \conv1d_large_benchmark_top..

8.38.12. Finished OPT passes. (There is nothing left to do.)

8.39. Executing TECHMAP pass (map to technology primitives).

8.39.1. Executing Verilog-2005 frontend: /opt/homebrew/bin/../share/yosys/ice40/latches_map.v
Parsing Verilog input from `/opt/homebrew/bin/../share/yosys/ice40/latches_map.v' to AST representation.
Generating RTLIL representation for module `\$_DLATCH_N_'.
Generating RTLIL representation for module `\$_DLATCH_P_'.
Successfully finished Verilog frontend.

8.39.2. Continuing TECHMAP pass.
No more expansions possible.
<suppressed ~4 debug messages>

8.40. Executing Verilog-2005 frontend: /opt/homebrew/bin/../share/yosys/ice40/abc9_model.v
Parsing Verilog input from `/opt/homebrew/bin/../share/yosys/ice40/abc9_model.v' to AST representation.
Generating RTLIL representation for module `$__ICE40_CARRY_WRAPPER'.
Successfully finished Verilog frontend.

8.41. Executing ABC9 pass.

8.41.1. Executing ABC9_OPS pass (helper functions for ABC9).

8.41.2. Executing ABC9_OPS pass (helper functions for ABC9).

8.41.3. Executing SCC pass (detecting logic loops).
Found 0 SCCs in module conv1d_large_benchmark_top.
Found 0 SCCs.

8.41.4. Executing ABC9_OPS pass (helper functions for ABC9).

8.41.5. Executing PROC pass (convert processes to netlists).

8.41.5.1. Executing PROC_CLEAN pass (remove empty switches from decision trees).
Cleaned up 0 empty switches.

8.41.5.2. Executing PROC_RMDEAD pass (remove dead branches from decision trees).
Removed a total of 0 dead cases.

8.41.5.3. Executing PROC_PRUNE pass (remove redundant assignments in processes).
Removed 0 redundant assignments.
Promoted 0 assignments to connections.

8.41.5.4. Executing PROC_INIT pass (extract init attributes).

8.41.5.5. Executing PROC_ARST pass (detect async resets in processes).

8.41.5.6. Executing PROC_ROM pass (convert switches to ROMs).
Converted 0 switches.

8.41.5.7. Executing PROC_MUX pass (convert decision trees to multiplexers).

8.41.5.8. Executing PROC_DLATCH pass (convert process syncs to latches).

8.41.5.9. Executing PROC_DFF pass (convert process syncs to FFs).

8.41.5.10. Executing PROC_MEMWR pass (convert process memory writes to cells).

8.41.5.11. Executing PROC_CLEAN pass (remove empty switches from decision trees).
Cleaned up 0 empty switches.

8.41.5.12. Executing OPT_EXPR pass (perform const folding).

8.41.6. Executing TECHMAP pass (map to technology primitives).

8.41.6.1. Executing Verilog-2005 frontend: /opt/homebrew/bin/../share/yosys/techmap.v
Parsing Verilog input from `/opt/homebrew/bin/../share/yosys/techmap.v' to AST representation.
Generating RTLIL representation for module `\_90_simplemap_bool_ops'.
Generating RTLIL representation for module `\_90_simplemap_reduce_ops'.
Generating RTLIL representation for module `\_90_simplemap_logic_ops'.
Generating RTLIL representation for module `\_90_simplemap_compare_ops'.
Generating RTLIL representation for module `\_90_simplemap_various'.
Generating RTLIL representation for module `\_90_simplemap_registers'.
Generating RTLIL representation for module `\_90_shift_ops_shr_shl_sshl_sshr'.
Generating RTLIL representation for module `\_90_shift_shiftx'.
Generating RTLIL representation for module `\_90_fa'.
Generating RTLIL representation for module `\_90_lcu_brent_kung'.
Generating RTLIL representation for module `\_90_alu'.
Generating RTLIL representation for module `\_90_macc'.
Generating RTLIL representation for module `\_90_alumacc'.
Generating RTLIL representation for module `\$__div_mod_u'.
Generating RTLIL representation for module `\$__div_mod_trunc'.
Generating RTLIL representation for module `\_90_div'.
Generating RTLIL representation for module `\_90_mod'.
Generating RTLIL representation for module `\$__div_mod_floor'.
Generating RTLIL representation for module `\_90_divfloor'.
Generating RTLIL representation for module `\_90_modfloor'.
Generating RTLIL representation for module `\_90_pow'.
Generating RTLIL representation for module `\_90_pmux'.
Generating RTLIL representation for module `\_90_demux'.
Generating RTLIL representation for module `\_90_lut'.
Successfully finished Verilog frontend.

8.41.6.2. Continuing TECHMAP pass.
No more expansions possible.
<suppressed ~126 debug messages>

8.41.7. Executing OPT pass (performing simple optimizations).

8.41.7.1. Executing OPT_EXPR pass (perform const folding).

8.41.7.2. Executing OPT_MERGE pass (detect identical cells).
Removed a total of 0 cells.

8.41.7.3. Executing OPT_MUXTREE pass (detect dead branches in mux trees).
Removed 0 multiplexer ports.

8.41.7.4. Executing OPT_REDUCE pass (consolidate $*mux and $reduce_* inputs).
Performed a total of 0 changes.

8.41.7.5. Executing OPT_MERGE pass (detect identical cells).
Removed a total of 0 cells.

8.41.7.6. Executing OPT_DFF pass (perform DFF optimizations).

8.41.7.7. Executing OPT_CLEAN pass (remove unused cells and wires).

8.41.7.8. Executing OPT_EXPR pass (perform const folding).

8.41.7.9. Finished OPT passes. (There is nothing left to do.)

8.41.8. Executing TECHMAP pass (map to technology primitives).

8.41.8.1. Executing Verilog-2005 frontend: /opt/homebrew/bin/../share/yosys/abc9_map.v
Parsing Verilog input from `/opt/homebrew/bin/../share/yosys/abc9_map.v' to AST representation.
Successfully finished Verilog frontend.

8.41.8.2. Continuing TECHMAP pass.
No more expansions possible.
<suppressed ~2 debug messages>

8.41.9. Executing Verilog-2005 frontend: /opt/homebrew/bin/../share/yosys/abc9_model.v
Parsing Verilog input from `/opt/homebrew/bin/../share/yosys/abc9_model.v' to AST representation.
Generating RTLIL representation for module `$__ABC9_DELAY'.
Generating RTLIL representation for module `$__ABC9_SCC_BREAKER'.
Generating RTLIL representation for module `$__DFF_N__$abc9_flop'.
Generating RTLIL representation for module `$__DFF_P__$abc9_flop'.
Successfully finished Verilog frontend.

8.41.10. Executing ABC9_OPS pass (helper functions for ABC9).
<suppressed ~198 debug messages>

8.41.11. Executing ABC9_OPS pass (helper functions for ABC9).

8.41.12. Executing ABC9_OPS pass (helper functions for ABC9).
<suppressed ~2 debug messages>

8.41.13. Executing TECHMAP pass (map to technology primitives).

8.41.13.1. Executing Verilog-2005 frontend: /opt/homebrew/bin/../share/yosys/techmap.v
Parsing Verilog input from `/opt/homebrew/bin/../share/yosys/techmap.v' to AST representation.
Generating RTLIL representation for module `\_90_simplemap_bool_ops'.
Generating RTLIL representation for module `\_90_simplemap_reduce_ops'.
Generating RTLIL representation for module `\_90_simplemap_logic_ops'.
Generating RTLIL representation for module `\_90_simplemap_compare_ops'.
Generating RTLIL representation for module `\_90_simplemap_various'.
Generating RTLIL representation for module `\_90_simplemap_registers'.
Generating RTLIL representation for module `\_90_shift_ops_shr_shl_sshl_sshr'.
Generating RTLIL representation for module `\_90_shift_shiftx'.
Generating RTLIL representation for module `\_90_fa'.
Generating RTLIL representation for module `\_90_lcu_brent_kung'.
Generating RTLIL representation for module `\_90_alu'.
Generating RTLIL representation for module `\_90_macc'.
Generating RTLIL representation for module `\_90_alumacc'.
Generating RTLIL representation for module `\$__div_mod_u'.
Generating RTLIL representation for module `\$__div_mod_trunc'.
Generating RTLIL representation for module `\_90_div'.
Generating RTLIL representation for module `\_90_mod'.
Generating RTLIL representation for module `\$__div_mod_floor'.
Generating RTLIL representation for module `\_90_divfloor'.
Generating RTLIL representation for module `\_90_modfloor'.
Generating RTLIL representation for module `\_90_pow'.
Generating RTLIL representation for module `\_90_pmux'.
Generating RTLIL representation for module `\_90_demux'.
Generating RTLIL representation for module `\_90_lut'.
Successfully finished Verilog frontend.

8.41.13.2. Continuing TECHMAP pass.
Using template $paramod$__ICE40_CARRY_WRAPPER\LUT=16'0110100110010110\I3_IS_CI=1'1 for cells of type $paramod$__ICE40_CARRY_WRAPPER\LUT=16'0110100110010110\I3_IS_CI=1'1.
Using template $paramod\SB_LUT4\LUT_INIT=16'0110100110010110 for cells of type SB_LUT4.
Using template SB_CARRY for cells of type SB_CARRY.
Using extmapper simplemap for cells of type $mux.
Using extmapper simplemap for cells of type $logic_and.
Using extmapper simplemap for cells of type $logic_or.
No more expansions possible.
<suppressed ~147 debug messages>

8.41.14. Executing OPT pass (performing simple optimizations).

8.41.14.1. Executing OPT_EXPR pass (perform const folding).
Optimizing module conv1d_large_benchmark_top.
<suppressed ~4 debug messages>

8.41.14.2. Executing OPT_MERGE pass (detect identical cells).
Finding identical cells in module `\conv1d_large_benchmark_top'.
<suppressed ~29 debug messages>
Removed a total of 12 cells.

8.41.14.3. Executing OPT_MUXTREE pass (detect dead branches in mux trees).
Running muxtree optimizer on module \conv1d_large_benchmark_top..
  Creating internal representation of mux trees.
  No muxes found in this module.
Removed 0 multiplexer ports.

8.41.14.4. Executing OPT_REDUCE pass (consolidate $*mux and $reduce_* inputs).
  Optimizing cells in module \conv1d_large_benchmark_top.
Performed a total of 0 changes.

8.41.14.5. Executing OPT_MERGE pass (detect identical cells).
Finding identical cells in module `\conv1d_large_benchmark_top'.
Removed a total of 0 cells.

8.41.14.6. Executing OPT_DFF pass (perform DFF optimizations).

8.41.14.7. Executing OPT_CLEAN pass (remove unused cells and wires).
Finding unused cells or wires in module \conv1d_large_benchmark_top..
Removed 0 unused cells and 24 unused wires.
<suppressed ~1 debug messages>

8.41.14.8. Executing OPT_EXPR pass (perform const folding).
Optimizing module conv1d_large_benchmark_top.

8.41.14.9. Rerunning OPT passes. (Maybe there is more to do..)

8.41.14.10. Executing OPT_MUXTREE pass (detect dead branches in mux trees).
Running muxtree optimizer on module \conv1d_large_benchmark_top..
  Creating internal representation of mux trees.
  No muxes found in this module.
Removed 0 multiplexer ports.

8.41.14.11. Executing OPT_REDUCE pass (consolidate $*mux and $reduce_* inputs).
  Optimizing cells in module \conv1d_large_benchmark_top.
Performed a total of 0 changes.

8.41.14.12. Executing OPT_MERGE pass (detect identical cells).
Finding identical cells in module `\conv1d_large_benchmark_top'.
Removed a total of 0 cells.

8.41.14.13. Executing OPT_DFF pass (perform DFF optimizations).

8.41.14.14. Executing OPT_CLEAN pass (remove unused cells and wires).
Finding unused cells or wires in module \conv1d_large_benchmark_top..

8.41.14.15. Executing OPT_EXPR pass (perform const folding).
Optimizing module conv1d_large_benchmark_top.

8.41.14.16. Finished OPT passes. (There is nothing left to do.)

8.41.15. Executing AIGMAP pass (map logic to AIG).
Module conv1d_large_benchmark_top: replaced 7 cells with 43 new cells, skipped 11 cells.
  replaced 2 cell types:
       2 $_OR_
       5 $_MUX_
  not replaced 3 cell types:
       8 $specify2
       1 $_NOT_
       2 $_AND_

8.41.16. Executing AIGMAP pass (map logic to AIG).
Module conv1d_large_benchmark_top: replaced 219 cells with 1173 new cells, skipped 518 cells.
  replaced 3 cell types:
     120 $_OR_
      92 $_XOR_
       7 $_MUX_
  not replaced 8 cell types:
       2 $scopeinfo
      19 $_NOT_
     174 $_AND_
       2 SB_DFFSR
      96 SB_DFFESR
      29 $paramod$__ICE40_CARRY_WRAPPER\LUT=16'0110100110010110\I3_IS_CI=1'1
      98 $paramod$__ABC9_DELAY\DELAY=32'00000000000000000000000000010101
      98 $paramod$__ABC9_DELAY\DELAY=32'00000000000000000000000011001011

8.41.16.1. Executing ABC9_OPS pass (helper functions for ABC9).

8.41.16.2. Executing ABC9_OPS pass (helper functions for ABC9).

8.41.16.3. Executing XAIGER backend.
<suppressed ~109 debug messages>
Extracted 591 AND gates and 1764 wires from module `conv1d_large_benchmark_top' to a netlist network with 107 inputs and 218 outputs.

8.41.16.4. Executing ABC9_EXE pass (technology mapping using ABC9).

8.41.16.5. Executing ABC9.
Running ABC command: "<yosys-exe-dir>/yosys-abc" -s -f <abc-temp-dir>/abc.script 2>&1
ABC: ABC command line: "source <abc-temp-dir>/abc.script".
ABC: 
ABC: + read_lut <abc-temp-dir>/input.lut 
ABC: + read_box <abc-temp-dir>/input.box 
ABC: + &read <abc-temp-dir>/input.xaig 
ABC: + &ps 
ABC: <abc-temp-dir>/input : i/o =    107/    218  and =     504  lev =   21 (1.42)  mem = 0.02 MB  box = 225  bb = 196
ABC: + &scorr 
ABC: Warning: The network is combinational.
ABC: + &sweep 
ABC: + &dc2 
ABC: + &dch -f 
ABC: + &ps 
ABC: <abc-temp-dir>/input : i/o =    107/    218  and =     517  lev =   19 (1.05)  mem = 0.02 MB  ch =   35  box = 225  bb = 196
ABC: + &if -W 250 -v 
ABC: K = 4. Memory (bytes): Truth =    0. Cut =   52. Obj =  136. Set =  564. CutMin = no
ABC: Node =     517.  Ch =    30.  Total mem =    0.21 MB. Peak cut mem =    0.02 MB.
ABC: P:  Del = 6072.00.  Ar =     202.0.  Edge =      738.  Cut =     4212.  T =     0.00 sec
ABC: P:  Del = 6072.00.  Ar =     209.0.  Edge =      783.  Cut =     3962.  T =     0.00 sec
ABC: P:  Del = 6072.00.  Ar =     183.0.  Edge =      652.  Cut =     4405.  T =     0.00 sec
ABC: F:  Del = 6072.00.  Ar =     164.0.  Edge =      594.  Cut =     3385.  T =     0.00 sec
ABC: A:  Del = 6072.00.  Ar =     161.0.  Edge =      553.  Cut =     3268.  T =     0.00 sec
ABC: A:  Del = 6072.00.  Ar =     160.0.  Edge =      552.  Cut =     3256.  T =     0.00 sec
ABC: Total time =     0.00 sec
ABC: + &write -n <abc-temp-dir>/output.aig 
ABC: + &mfs 
ABC: + &ps -l 
ABC: <abc-temp-dir>/input : i/o =    107/    218  and =     710  lev =   20 (1.05)  mem = 0.02 MB  box = 225  bb = 196
ABC: Mapping (K=4)  :  lut =    143  edge =     473  lev =    7 (0.44)  Boxes are not in a topological order. Switching to level computation without boxes.
ABC: levB =   20  mem = 0.01 MB
ABC: LUT = 143 : 2=26 18.2 %  3=47 32.9 %  4=70 49.0 %  Ave = 3.31
ABC: + &write -n <abc-temp-dir>/output.aig 
ABC: + time 
ABC: elapse: 0.42 seconds, total: 0.42 seconds

8.41.16.6. Executing AIGER frontend.
<suppressed ~662 debug messages>
Removed 1166 unused cells and 2087 unused wires.

8.41.16.7. Executing ABC9_OPS pass (helper functions for ABC9).
ABC RESULTS:              $lut cells:      145
ABC RESULTS:   $paramod$__ICE40_CARRY_WRAPPER\LUT=16'0110100110010110\I3_IS_CI=1'1 cells:       29
ABC RESULTS:           input signals:       15
ABC RESULTS:          output signals:      203
Removing temp directory.

8.41.17. Executing TECHMAP pass (map to technology primitives).

8.41.17.1. Executing Verilog-2005 frontend: /opt/homebrew/bin/../share/yosys/abc9_unmap.v
Parsing Verilog input from `/opt/homebrew/bin/../share/yosys/abc9_unmap.v' to AST representation.
Generating RTLIL representation for module `\$__DFF_x__$abc9_flop'.
Generating RTLIL representation for module `\$__ABC9_SCC_BREAKER'.
Successfully finished Verilog frontend.

8.41.17.2. Continuing TECHMAP pass.
Using template $paramod$__ICE40_CARRY_WRAPPER\LUT=16'0110100110010110\I3_IS_CI=1'1 for cells of type $paramod$__ICE40_CARRY_WRAPPER\LUT=16'0110100110010110\I3_IS_CI=1'1.
No more expansions possible.
<suppressed ~35 debug messages>

8.42. Executing ICE40_WRAPCARRY pass (wrap carries).

8.43. Executing TECHMAP pass (map to technology primitives).

8.43.1. Executing Verilog-2005 frontend: /opt/homebrew/bin/../share/yosys/ice40/ff_map.v
Parsing Verilog input from `/opt/homebrew/bin/../share/yosys/ice40/ff_map.v' to AST representation.
Generating RTLIL representation for module `\$_DFF_N_'.
Generating RTLIL representation for module `\$_DFF_P_'.
Generating RTLIL representation for module `\$_DFFE_NP_'.
Generating RTLIL representation for module `\$_DFFE_PP_'.
Generating RTLIL representation for module `\$_DFF_NP0_'.
Generating RTLIL representation for module `\$_DFF_NP1_'.
Generating RTLIL representation for module `\$_DFF_PP0_'.
Generating RTLIL representation for module `\$_DFF_PP1_'.
Generating RTLIL representation for module `\$_DFFE_NP0P_'.
Generating RTLIL representation for module `\$_DFFE_NP1P_'.
Generating RTLIL representation for module `\$_DFFE_PP0P_'.
Generating RTLIL representation for module `\$_DFFE_PP1P_'.
Generating RTLIL representation for module `\$_SDFF_NP0_'.
Generating RTLIL representation for module `\$_SDFF_NP1_'.
Generating RTLIL representation for module `\$_SDFF_PP0_'.
Generating RTLIL representation for module `\$_SDFF_PP1_'.
Generating RTLIL representation for module `\$_SDFFCE_NP0P_'.
Generating RTLIL representation for module `\$_SDFFCE_NP1P_'.
Generating RTLIL representation for module `\$_SDFFCE_PP0P_'.
Generating RTLIL representation for module `\$_SDFFCE_PP1P_'.
Successfully finished Verilog frontend.

8.43.2. Continuing TECHMAP pass.
No more expansions possible.
<suppressed ~22 debug messages>
Removed 22 unused cells and 1999 unused wires.

8.44. Executing OPT_LUT pass (optimize LUTs).
Discovering LUTs.
Number of LUTs:      174
  1-LUT                2
  2-LUT               27
  3-LUT               75
  4-LUT               70
  with \SB_CARRY    (#0)   27
  with \SB_CARRY    (#1)   27

Eliminating LUTs.
Number of LUTs:      174
  1-LUT                2
  2-LUT               27
  3-LUT               75
  4-LUT               70
  with \SB_CARRY    (#0)   27
  with \SB_CARRY    (#1)   27

Combining LUTs.
Number of LUTs:      173
  1-LUT                2
  2-LUT               26
  3-LUT               74
  4-LUT               71
  with \SB_CARRY    (#0)   27
  with \SB_CARRY    (#1)   27

Eliminated 0 LUTs.
Combined 1 LUTs.
<suppressed ~657 debug messages>

8.45. Executing TECHMAP pass (map to technology primitives).

8.45.1. Executing Verilog-2005 frontend: /opt/homebrew/bin/../share/yosys/ice40/cells_map.v
Parsing Verilog input from `/opt/homebrew/bin/../share/yosys/ice40/cells_map.v' to AST representation.
Generating RTLIL representation for module `\$lut'.
Successfully finished Verilog frontend.

8.45.2. Continuing TECHMAP pass.
Using template $paramod$658b9ed803f0d3d335616d3858b53e0a2522f1e8\$lut for cells of type $lut.
Using template $paramod\$lut\WIDTH=32'00000000000000000000000000000011\LUT=8'00000100 for cells of type $lut.
Using template $paramod\$lut\WIDTH=32'00000000000000000000000000000010\LUT=4'0100 for cells of type $lut.
Using template $paramod$873c285bdccf0ac2b60d2304ea5cd14bf211d2a6\$lut for cells of type $lut.
Using template $paramod\$lut\WIDTH=32'00000000000000000000000000000010\LUT=4'0001 for cells of type $lut.
Using template $paramod\$lut\WIDTH=32'00000000000000000000000000000010\LUT=4'1000 for cells of type $lut.
Using template $paramod$30305e55a780880b9c824fe3509a4d981acb0f2b\$lut for cells of type $lut.
Using template $paramod$75d5c453cca75cc7a7ca320c4fb7be0932b6aaa7\$lut for cells of type $lut.
Using template $paramod$6e238df02989b317f10820a22773676e71120644\$lut for cells of type $lut.
Using template $paramod\$lut\WIDTH=32'00000000000000000000000000000011\LUT=8'00011110 for cells of type $lut.
Using template $paramod\$lut\WIDTH=32'00000000000000000000000000000011\LUT=8'00001000 for cells of type $lut.
Using template $paramod\$lut\WIDTH=32'00000000000000000000000000000011\LUT=8'00000010 for cells of type $lut.
Using template $paramod\$lut\WIDTH=32'00000000000000000000000000000011\LUT=8'00000111 for cells of type $lut.
Using template $paramod\$lut\WIDTH=32'00000000000000000000000000000011\LUT=8'10000000 for cells of type $lut.
Using template $paramod\$lut\WIDTH=32'00000000000000000000000000000011\LUT=8'01000000 for cells of type $lut.
Using template $paramod\$lut\WIDTH=32'00000000000000000000000000000010\LUT=4'0010 for cells of type $lut.
Using template $paramod$272652f6c6fbe9a75eff76e45cc7e2788835518b\$lut for cells of type $lut.
Using template $paramod\$lut\WIDTH=32'00000000000000000000000000000011\LUT=8'00000001 for cells of type $lut.
Using template $paramod$f8f63b209b7230e81958663ff24fef1613156af7\$lut for cells of type $lut.
Using template $paramod\$lut\WIDTH=32'00000000000000000000000000000011\LUT=8'10110101 for cells of type $lut.
Using template $paramod$29e6d4598488760861f6b73d2b7f65cb302fdcde\$lut for cells of type $lut.
Using template $paramod$69f20e0703606f2ffd2ee27cd26f815bd5eeb6e9\$lut for cells of type $lut.
Using template $paramod$c1a19a87ccbbb03d43a72335db63f692ddf82cc1\$lut for cells of type $lut.
Using template $paramod\$lut\WIDTH=32'00000000000000000000000000000011\LUT=8'00001110 for cells of type $lut.
Using template $paramod$f6470d2922644dfddf4d3b6031decef3dbd73dd6\$lut for cells of type $lut.
Using template $paramod$8bea32620e41759e16422af94a27c49c90aa5034\$lut for cells of type $lut.
Using template $paramod\$lut\WIDTH=32'00000000000000000000000000000011\LUT=8'01101001 for cells of type $lut.
Using template $paramod\$lut\WIDTH=32'00000000000000000000000000000011\LUT=8'00100000 for cells of type $lut.
Using template $paramod$15942ac7be0dd725beac7480dcc74ee28533af66\$lut for cells of type $lut.
Using template $paramod$b2077130d89736f5191d0d24f7f6ffd3bddb0a2d\$lut for cells of type $lut.
Using template $paramod\$lut\WIDTH=32'00000000000000000000000000000011\LUT=8'11010100 for cells of type $lut.
Using template $paramod$fd904e9e35cfd343a9df248824bd3f1408724879\$lut for cells of type $lut.
Using template $paramod\$lut\WIDTH=32'00000000000000000000000000000001\LUT=2'01 for cells of type $lut.
Using template $paramod$a5516fc31d1e552de2435200bb732b4d4ad63a9c\$lut for cells of type $lut.
Using template $paramod$d6ca727e39f31d51d29072e0f33aa09c65e37336\$lut for cells of type $lut.
Using template $paramod$66caeb00a39d236782a97659e3bd99621b74681b\$lut for cells of type $lut.
Using template $paramod$a41d0e3b97911dca5b893a7d849ab04257ab9d97\$lut for cells of type $lut.
Using template $paramod\$lut\WIDTH=32'00000000000000000000000000000011\LUT=8'10001100 for cells of type $lut.
Using template $paramod\$lut\WIDTH=32'00000000000000000000000000000011\LUT=8'01100101 for cells of type $lut.
Using template $paramod\$lut\WIDTH=32'00000000000000000000000000000011\LUT=8'10101100 for cells of type $lut.
Using template $paramod$059a8e96f1e63413bef3286f7863ae924b3eea3e\$lut for cells of type $lut.
Using template $paramod\$lut\WIDTH=32'00000000000000000000000000000011\LUT=8'10100110 for cells of type $lut.
Using template $paramod$a4dc042990bf0f48722f562498103f0e30d86f49\$lut for cells of type $lut.
Using template $paramod\$lut\WIDTH=32'00000000000000000000000000000011\LUT=8'00100111 for cells of type $lut.
Using template $paramod$514a3911060fb980dd078532320cd172e1e80625\$lut for cells of type $lut.
Using template $paramod\$lut\WIDTH=32'00000000000000000000000000000011\LUT=8'10001110 for cells of type $lut.
Using template $paramod$a51bc2d77e5de75da08dd006e20e36149332bdbf\$lut for cells of type $lut.
Using template $paramod\$lut\WIDTH=32'00000000000000000000000000000010\LUT=4'0110 for cells of type $lut.
Using template $paramod$239a649c3c5dcff42e28a38401931acf401ef810\$lut for cells of type $lut.
Using template $paramod$ed4b624f477a67dbd878e676981471b9a7808c29\$lut for cells of type $lut.
Using template $paramod\$lut\WIDTH=32'00000000000000000000000000000011\LUT=8'10110010 for cells of type $lut.
Using template $paramod\$lut\WIDTH=32'00000000000000000000000000000011\LUT=8'10010110 for cells of type $lut.
Using template $paramod$f375c8d0fcc7e63b00bc5e37f6be0530ba82d9b0\$lut for cells of type $lut.
Using template $paramod$12cf840dcfda317ed4aaeef1854f713a535efc4e\$lut for cells of type $lut.
Using template $paramod$3f0549729b9cf7d6fa6533d688d092bceca9764e\$lut for cells of type $lut.
Using template $paramod\$lut\WIDTH=32'00000000000000000000000000000011\LUT=8'11001110 for cells of type $lut.
Using template $paramod\$lut\WIDTH=32'00000000000000000000000000000010\LUT=4'1101 for cells of type $lut.
Using template $paramod\$lut\WIDTH=32'00000000000000000000000000000011\LUT=8'00010000 for cells of type $lut.
Using template $paramod\$lut\WIDTH=32'00000000000000000000000000000010\LUT=4'1110 for cells of type $lut.
Using template $paramod\$lut\WIDTH=32'00000000000000000000000000000011\LUT=8'11111110 for cells of type $lut.
Using template $paramod$c67ff654dfa9062d61db52bd013fb1271e5b9a9b\$lut for cells of type $lut.
Using template $paramod$4282def8dbd6df3d1248ad282c629bee684502c2\$lut for cells of type $lut.
Using template $paramod$a59507d273cd827eb6c46c37820d50a1b717efdf\$lut for cells of type $lut.
Using template $paramod$718208d0d7c444e4924e09c40d40e7ac2bd4dfe6\$lut for cells of type $lut.
Using template $paramod$6f625205336ac6ce7b8747324becdbce1049bc9c\$lut for cells of type $lut.
No more expansions possible.
<suppressed ~1021 debug messages>
Removed 0 unused cells and 413 unused wires.

8.46. Executing AUTONAME pass.
Renamed 1615 objects in module conv1d_large_benchmark_top (22 iterations).
<suppressed ~431 debug messages>

8.47. Executing HIERARCHY pass (managing design hierarchy).

8.47.1. Analyzing design hierarchy..
Top module:  \conv1d_large_benchmark_top

8.47.2. Analyzing design hierarchy..
Top module:  \conv1d_large_benchmark_top
Removed 0 unused modules.

8.48. Printing statistics.

=== conv1d_large_benchmark_top ===

   Number of wires:                172
   Number of wire bits:            508
   Number of public wires:         172
   Number of public wire bits:     508
   Number of ports:                  7
   Number of port bits:             27
   Number of memories:               0
   Number of memory bits:            0
   Number of processes:              0
   Number of cells:                300
     $scopeinfo                      2
     SB_CARRY                       27
     SB_DFFESR                      96
     SB_DFFSR                        2
     SB_LUT4                       173

8.49. Executing CHECK pass (checking for obvious problems).
Checking module conv1d_large_benchmark_top...
Found and reported 0 problems.

8.50. Executing JSON backend.

Warnings: 2 unique messages, 6 total
End of script. Logfile hash: 39d222c13d, CPU: user 0.82s system 0.02s
Yosys 0.42 (git sha1 9b6afcf3f, clang++ 15.0.0 -fPIC -Os)
Time spent: 35% 1x abc9_exe (0 sec), 33% 23x read_verilog (0 sec), ...
