
 /----------------------------------------------------------------------------\
 |  yosys -- Yosys Open SYnthesis Suite                                       |
 |  Copyright (C) 2012 - 2024  Claire Xenia Wolf <claire@yosyshq.com>         |
 |  Distributed under an ISC-like license, type "license" to see terms        |
 \----------------------------------------------------------------------------/
 Yosys 0.42 (git sha1 9b6afcf3f, clang++ 15.0.0 -fPIC -Os)

-- Running command `read_verilog "/Users/adarmaori/Desktop/Final Project/FPGA/conv1d_large_4mult.v" "large_conv_reports_k64/conv1d_large_4mult_k64/conv1d_large_engine.v" "conv1d_large_benchmark_top.v"; chparam -set KERNEL_TAPS 64 conv1d_large_benchmark_top; synth_ice40 -top conv1d_large_benchmark_top -json large_conv_reports_k64/conv1d_large_4mult_k64/conv.json' --

1. Executing Verilog-2005 frontend: /Users/adarmaori/Desktop/Final Project/FPGA/conv1d_large_4mult.v
Parsing Verilog input from `/Users/adarmaori/Desktop/Final Project/FPGA/conv1d_large_4mult.v' to AST representation.
Generating RTLIL representation for module `\conv1d_large_4mult'.
Warning: Replacing memory \tap with list of registers. See /Users/adarmaori/Desktop/Final$20Project/FPGA/conv1d_large_4mult.v:55
Warning: Replacing memory \history with list of registers. See /Users/adarmaori/Desktop/Final$20Project/FPGA/conv1d_large_4mult.v:52
Successfully finished Verilog frontend.

2. Executing Verilog-2005 frontend: large_conv_reports_k64/conv1d_large_4mult_k64/conv1d_large_engine.v
Parsing Verilog input from `large_conv_reports_k64/conv1d_large_4mult_k64/conv1d_large_engine.v' to AST representation.
Generating RTLIL representation for module `\conv1d_large_engine'.
Successfully finished Verilog frontend.

3. Executing Verilog-2005 frontend: conv1d_large_benchmark_top.v
Parsing Verilog input from `conv1d_large_benchmark_top.v' to AST representation.
Generating RTLIL representation for module `\conv1d_large_benchmark_top'.
Successfully finished Verilog frontend.
Parameter \KERNEL_TAPS = 64

4. Executing AST frontend in derive mode using pre-parsed AST for module `\conv1d_large_benchmark_top'.
Parameter \KERNEL_TAPS = 64
Generating RTLIL representation for module `$paramod\conv1d_large_benchmark_top\KERNEL_TAPS=32'00000000000000000000000001000000'.

5. Executing SYNTH_ICE40 pass.

5.1. Executing Verilog-2005 frontend: /opt/homebrew/bin/../share/yosys/ice40/cells_sim.v
Parsing Verilog input from `/opt/homebrew/bin/../share/yosys/ice40/cells_sim.v' to AST representation.
Generating RTLIL representation for module `\SB_IO'.
Generating RTLIL representation for module `\SB_GB_IO'.
Generating RTLIL representation for module `\SB_GB'.
Generating RTLIL representation for module `\SB_LUT4'.
Generating RTLIL representation for module `\SB_CARRY'.
Generating RTLIL representation for module `\SB_DFF'.
Generating RTLIL representation for module `\SB_DFFE'.
Generating RTLIL representation for module `\SB_DFFSR'.
Generating RTLIL representation for module `\SB_DFFR'.
Generating RTLIL representation for module `\SB_DFFSS'.
Generating RTLIL representation for module `\SB_DFFS'.
Generating RTLIL representation for module `\SB_DFFESR'.
Generating RTLIL representation for module `\SB_DFFER'.
Generating RTLIL representation for module `\SB_DFFESS'.
Generating RTLIL representation for module `\SB_DFFES'.
Generating RTLIL representation for module `\SB_DFFN'.
Generating RTLIL representation for module `\SB_DFFNE'.
Generating RTLIL representation for module `\SB_DFFNSR'.
Generating RTLIL representation for module `\SB_DFFNR'.
Generating RTLIL representation for module `\SB_DFFNSS'.
Generating RTLIL representation for module `\SB_DFFNS'.
Generating RTLIL representation for module `\SB_DFFNESR'.
Generating RTLIL representation for module `\SB_DFFNER'.
Generating RTLIL representation for module `\SB_DFFNESS'.
Generating RTLIL representation for module `\SB_DFFNES'.
Generating RTLIL representation for module `\SB_RAM40_4K'.
Generating RTLIL representation for module `\SB_RAM40_4KNR'.
Generating RTLIL representation for module `\SB_RAM40_4KNW'.
Generating RTLIL representation for module `\SB_RAM40_4KNRNW'.
Generating RTLIL representation for module `\ICESTORM_LC'.
Generating RTLIL representation for module `\SB_PLL40_CORE'.
Generating RTLIL representation for module `\SB_PLL40_PAD'.
Generating RTLIL representation for module `\SB_PLL40_2_PAD'.
Generating RTLIL representation for module `\SB_PLL40_2F_CORE'.
Generating RTLIL representation for module `\SB_PLL40_2F_PAD'.
Generating RTLIL representation for module `\SB_WARMBOOT'.
Generating RTLIL representation for module `\SB_SPRAM256KA'.
Generating RTLIL representation for module `\SB_HFOSC'.
Generating RTLIL representation for module `\SB_LFOSC'.
Generating RTLIL representation for module `\SB_RGBA_DRV'.
Generating RTLIL representation for module `\SB_LED_DRV_CUR'.
Generating RTLIL representation for module `\SB_RGB_DRV'.
Generating RTLIL representation for module `\SB_I2C'.
Generating RTLIL representation for module `\SB_SPI'.
Generating RTLIL representation for module `\SB_LEDDA_IP'.
Generating RTLIL representation for module `\SB_FILTER_50NS'.
Generating RTLIL representation for module `\SB_IO_I3C'.
Generating RTLIL representation for module `\SB_IO_OD'.
Generating RTLIL representation for module `\SB_MAC16'.
Generating RTLIL representation for module `\ICESTORM_RAM'.
Successfully finished Verilog frontend.

5.2. Executing HIERARCHY pass (managing design hierarchy).

5.2.1. Analyzing design hierarchy..
Top module:  \conv1d_large_benchmark_top
Used module:     \conv1d_large_engine
Used module:         \conv1d_large_4mult
Parameter \SAMPLE_WIDTH = 8
Parameter \WEIGHT_WIDTH = 8
Parameter \ACC_WIDTH = 32
Parameter \DILATION = 1
Parameter \KERNEL_TAPS = 32
Parameter \BIAS = 0

5.2.2. Executing AST frontend in derive mode using pre-parsed AST for module `\conv1d_large_4mult'.
Parameter \SAMPLE_WIDTH = 8
Parameter \WEIGHT_WIDTH = 8
Parameter \ACC_WIDTH = 32
Parameter \DILATION = 1
Parameter \KERNEL_TAPS = 32
Parameter \BIAS = 0
Generating RTLIL representation for module `$paramod$9a5d4607c6d410764a6e490cc9d604d51a78e84a\conv1d_large_4mult'.
Warning: Replacing memory \tap with list of registers. See /Users/adarmaori/Desktop/Final$20Project/FPGA/conv1d_large_4mult.v:55
Warning: Replacing memory \history with list of registers. See /Users/adarmaori/Desktop/Final$20Project/FPGA/conv1d_large_4mult.v:52
Parameter \SAMPLE_WIDTH = 8
Parameter \WEIGHT_WIDTH = 8
Parameter \ACC_WIDTH = 32
Parameter \DILATION = 1
Parameter \KERNEL_TAPS = 64
Parameter \BIAS = 0

5.2.3. Executing AST frontend in derive mode using pre-parsed AST for module `\conv1d_large_engine'.
Parameter \SAMPLE_WIDTH = 8
Parameter \WEIGHT_WIDTH = 8
Parameter \ACC_WIDTH = 32
Parameter \DILATION = 1
Parameter \KERNEL_TAPS = 64
Parameter \BIAS = 0
Generating RTLIL representation for module `$paramod$6085b43887461f415fc1e73c50c74bca22d1d63a\conv1d_large_engine'.

5.2.4. Analyzing design hierarchy..
Top module:  \conv1d_large_benchmark_top
Used module:     $paramod$6085b43887461f415fc1e73c50c74bca22d1d63a\conv1d_large_engine
Used module:         \conv1d_large_4mult
Parameter \SAMPLE_WIDTH = 8
Parameter \WEIGHT_WIDTH = 8
Parameter \ACC_WIDTH = 32
Parameter \DILATION = 1
Parameter \KERNEL_TAPS = 64
Parameter \BIAS = 0

5.2.5. Executing AST frontend in derive mode using pre-parsed AST for module `\conv1d_large_4mult'.
Parameter \SAMPLE_WIDTH = 8
Parameter \WEIGHT_WIDTH = 8
Parameter \ACC_WIDTH = 32
Parameter \DILATION = 1
Parameter \KERNEL_TAPS = 64
Parameter \BIAS = 0
Generating RTLIL representation for module `$paramod$6085b43887461f415fc1e73c50c74bca22d1d63a\conv1d_large_4mult'.
Warning: Replacing memory \tap with list of registers. See /Users/adarmaori/Desktop/Final$20Project/FPGA/conv1d_large_4mult.v:55
Warning: Replacing memory \history with list of registers. See /Users/adarmaori/Desktop/Final$20Project/FPGA/conv1d_large_4mult.v:52

5.2.6. Analyzing design hierarchy..
Top module:  \conv1d_large_benchmark_top
Used module:     $paramod$6085b43887461f415fc1e73c50c74bca22d1d63a\conv1d_large_engine
Used module:         $paramod$6085b43887461f415fc1e73c50c74bca22d1d63a\conv1d_large_4mult

5.2.7. Analyzing design hierarchy..
Top module:  \conv1d_large_benchmark_top
Used module:     $paramod$6085b43887461f415fc1e73c50c74bca22d1d63a\conv1d_large_engine
Used module:         $paramod$6085b43887461f415fc1e73c50c74bca22d1d63a\conv1d_large_4mult
Removing unused module `$paramod$9a5d4607c6d410764a6e490cc9d604d51a78e84a\conv1d_large_4mult'.
Removing unused module `\conv1d_large_engine'.
Removing unused module `\conv1d_large_4mult'.
Removed 3 unused modules.

5.3. Executing PROC pass (convert processes to netlists).

5.3.1. Executing PROC_CLEAN pass (remove empty switches from decision trees).
Cleaned up 0 empty switches.

5.3.2. Executing PROC_RMDEAD pass (remove dead branches from decision trees).
Marked 1 switch rules as full_case in process $proc$/opt/homebrew/bin/../share/yosys/ice40/cells_sim.v:1414$379 in module SB_DFFNES.
Marked 1 switch rules as full_case in process $proc$/opt/homebrew/bin/../share/yosys/ice40/cells_sim.v:1353$372 in module SB_DFFNESS.
Marked 1 switch rules as full_case in process $proc$/opt/homebrew/bin/../share/yosys/ice40/cells_sim.v:1273$368 in module SB_DFFNER.
Marked 1 switch rules as full_case in process $proc$/opt/homebrew/bin/../share/yosys/ice40/cells_sim.v:1212$361 in module SB_DFFNESR.
Marked 1 switch rules as full_case in process $proc$/opt/homebrew/bin/../share/yosys/ice40/cells_sim.v:1138$358 in module SB_DFFNS.
Marked 1 switch rules as full_case in process $proc$/opt/homebrew/bin/../share/yosys/ice40/cells_sim.v:1088$355 in module SB_DFFNSS.
Marked 1 switch rules as full_case in process $proc$/opt/homebrew/bin/../share/yosys/ice40/cells_sim.v:1017$352 in module SB_DFFNR.
Marked 1 switch rules as full_case in process $proc$/opt/homebrew/bin/../share/yosys/ice40/cells_sim.v:967$349 in module SB_DFFNSR.
Marked 1 switch rules as full_case in process $proc$/opt/homebrew/bin/../share/yosys/ice40/cells_sim.v:803$341 in module SB_DFFES.
Marked 1 switch rules as full_case in process $proc$/opt/homebrew/bin/../share/yosys/ice40/cells_sim.v:742$334 in module SB_DFFESS.
Marked 1 switch rules as full_case in process $proc$/opt/homebrew/bin/../share/yosys/ice40/cells_sim.v:662$330 in module SB_DFFER.
Marked 1 switch rules as full_case in process $proc$/opt/homebrew/bin/../share/yosys/ice40/cells_sim.v:601$323 in module SB_DFFESR.
Marked 1 switch rules as full_case in process $proc$/opt/homebrew/bin/../share/yosys/ice40/cells_sim.v:527$320 in module SB_DFFS.
Marked 1 switch rules as full_case in process $proc$/opt/homebrew/bin/../share/yosys/ice40/cells_sim.v:477$317 in module SB_DFFSS.
Marked 1 switch rules as full_case in process $proc$/opt/homebrew/bin/../share/yosys/ice40/cells_sim.v:406$314 in module SB_DFFR.
Marked 1 switch rules as full_case in process $proc$/opt/homebrew/bin/../share/yosys/ice40/cells_sim.v:356$311 in module SB_DFFSR.
Removed 4 dead cases from process $proc$/Users/adarmaori/Desktop/Final$20Project/FPGA/conv1d_large_4mult.v:49$661 in module $paramod$6085b43887461f415fc1e73c50c74bca22d1d63a\conv1d_large_4mult.
Marked 16 switch rules as full_case in process $proc$/Users/adarmaori/Desktop/Final$20Project/FPGA/conv1d_large_4mult.v:49$661 in module $paramod$6085b43887461f415fc1e73c50c74bca22d1d63a\conv1d_large_4mult.
Removed a total of 4 dead cases.

5.3.3. Executing PROC_PRUNE pass (remove redundant assignments in processes).
Removed 9 redundant assignments.
Promoted 40 assignments to connections.

5.3.4. Executing PROC_INIT pass (extract init attributes).
Found init rule in `\SB_DFFNES.$proc$/opt/homebrew/bin/../share/yosys/ice40/cells_sim.v:0$382'.
  Set init value: \Q = 1'0
Found init rule in `\SB_DFFNESS.$proc$/opt/homebrew/bin/../share/yosys/ice40/cells_sim.v:0$378'.
  Set init value: \Q = 1'0
Found init rule in `\SB_DFFNER.$proc$/opt/homebrew/bin/../share/yosys/ice40/cells_sim.v:0$371'.
  Set init value: \Q = 1'0
Found init rule in `\SB_DFFNESR.$proc$/opt/homebrew/bin/../share/yosys/ice40/cells_sim.v:0$367'.
  Set init value: \Q = 1'0
Found init rule in `\SB_DFFNS.$proc$/opt/homebrew/bin/../share/yosys/ice40/cells_sim.v:0$360'.
  Set init value: \Q = 1'0
Found init rule in `\SB_DFFNSS.$proc$/opt/homebrew/bin/../share/yosys/ice40/cells_sim.v:0$357'.
  Set init value: \Q = 1'0
Found init rule in `\SB_DFFNR.$proc$/opt/homebrew/bin/../share/yosys/ice40/cells_sim.v:0$354'.
  Set init value: \Q = 1'0
Found init rule in `\SB_DFFNSR.$proc$/opt/homebrew/bin/../share/yosys/ice40/cells_sim.v:0$351'.
  Set init value: \Q = 1'0
Found init rule in `\SB_DFFNE.$proc$/opt/homebrew/bin/../share/yosys/ice40/cells_sim.v:0$348'.
  Set init value: \Q = 1'0
Found init rule in `\SB_DFFN.$proc$/opt/homebrew/bin/../share/yosys/ice40/cells_sim.v:0$346'.
  Set init value: \Q = 1'0
Found init rule in `\SB_DFFES.$proc$/opt/homebrew/bin/../share/yosys/ice40/cells_sim.v:0$344'.
  Set init value: \Q = 1'0
Found init rule in `\SB_DFFESS.$proc$/opt/homebrew/bin/../share/yosys/ice40/cells_sim.v:0$340'.
  Set init value: \Q = 1'0
Found init rule in `\SB_DFFER.$proc$/opt/homebrew/bin/../share/yosys/ice40/cells_sim.v:0$333'.
  Set init value: \Q = 1'0
Found init rule in `\SB_DFFESR.$proc$/opt/homebrew/bin/../share/yosys/ice40/cells_sim.v:0$329'.
  Set init value: \Q = 1'0
Found init rule in `\SB_DFFS.$proc$/opt/homebrew/bin/../share/yosys/ice40/cells_sim.v:0$322'.
  Set init value: \Q = 1'0
Found init rule in `\SB_DFFSS.$proc$/opt/homebrew/bin/../share/yosys/ice40/cells_sim.v:0$319'.
  Set init value: \Q = 1'0
Found init rule in `\SB_DFFR.$proc$/opt/homebrew/bin/../share/yosys/ice40/cells_sim.v:0$316'.
  Set init value: \Q = 1'0
Found init rule in `\SB_DFFSR.$proc$/opt/homebrew/bin/../share/yosys/ice40/cells_sim.v:0$313'.
  Set init value: \Q = 1'0
Found init rule in `\SB_DFFE.$proc$/opt/homebrew/bin/../share/yosys/ice40/cells_sim.v:0$310'.
  Set init value: \Q = 1'0
Found init rule in `\SB_DFF.$proc$/opt/homebrew/bin/../share/yosys/ice40/cells_sim.v:0$308'.
  Set init value: \Q = 1'0

5.3.5. Executing PROC_ARST pass (detect async resets in processes).
Found async reset \S in `\SB_DFFNES.$proc$/opt/homebrew/bin/../share/yosys/ice40/cells_sim.v:1414$379'.
Found async reset \R in `\SB_DFFNER.$proc$/opt/homebrew/bin/../share/yosys/ice40/cells_sim.v:1273$368'.
Found async reset \S in `\SB_DFFNS.$proc$/opt/homebrew/bin/../share/yosys/ice40/cells_sim.v:1138$358'.
Found async reset \R in `\SB_DFFNR.$proc$/opt/homebrew/bin/../share/yosys/ice40/cells_sim.v:1017$352'.
Found async reset \S in `\SB_DFFES.$proc$/opt/homebrew/bin/../share/yosys/ice40/cells_sim.v:803$341'.
Found async reset \R in `\SB_DFFER.$proc$/opt/homebrew/bin/../share/yosys/ice40/cells_sim.v:662$330'.
Found async reset \S in `\SB_DFFS.$proc$/opt/homebrew/bin/../share/yosys/ice40/cells_sim.v:527$320'.
Found async reset \R in `\SB_DFFR.$proc$/opt/homebrew/bin/../share/yosys/ice40/cells_sim.v:406$314'.

5.3.6. Executing PROC_ROM pass (convert switches to ROMs).
Converted 0 switches.
<suppressed ~34 debug messages>

5.3.7. Executing PROC_MUX pass (convert decision trees to multiplexers).
Creating decoders for process `\SB_DFFNES.$proc$/opt/homebrew/bin/../share/yosys/ice40/cells_sim.v:0$382'.
Creating decoders for process `\SB_DFFNES.$proc$/opt/homebrew/bin/../share/yosys/ice40/cells_sim.v:1414$379'.
     1/1: $0\Q[0:0]
Creating decoders for process `\SB_DFFNESS.$proc$/opt/homebrew/bin/../share/yosys/ice40/cells_sim.v:0$378'.
Creating decoders for process `\SB_DFFNESS.$proc$/opt/homebrew/bin/../share/yosys/ice40/cells_sim.v:1353$372'.
     1/1: $0\Q[0:0]
Creating decoders for process `\SB_DFFNER.$proc$/opt/homebrew/bin/../share/yosys/ice40/cells_sim.v:0$371'.
Creating decoders for process `\SB_DFFNER.$proc$/opt/homebrew/bin/../share/yosys/ice40/cells_sim.v:1273$368'.
     1/1: $0\Q[0:0]
Creating decoders for process `\SB_DFFNESR.$proc$/opt/homebrew/bin/../share/yosys/ice40/cells_sim.v:0$367'.
Creating decoders for process `\SB_DFFNESR.$proc$/opt/homebrew/bin/../share/yosys/ice40/cells_sim.v:1212$361'.
     1/1: $0\Q[0:0]
Creating decoders for process `\SB_DFFNS.$proc$/opt/homebrew/bin/../share/yosys/ice40/cells_sim.v:0$360'.
Creating decoders for process `\SB_DFFNS.$proc$/opt/homebrew/bin/../share/yosys/ice40/cells_sim.v:1138$358'.
     1/1: $0\Q[0:0]
Creating decoders for process `\SB_DFFNSS.$proc$/opt/homebrew/bin/../share/yosys/ice40/cells_sim.v:0$357'.
Creating decoders for process `\SB_DFFNSS.$proc$/opt/homebrew/bin/../share/yosys/ice40/cells_sim.v:1088$355'.
     1/1: $0\Q[0:0]
Creating decoders for process `\SB_DFFNR.$proc$/opt/homebrew/bin/../share/yosys/ice40/cells_sim.v:0$354'.
Creating decoders for process `\SB_DFFNR.$proc$/opt/homebrew/bin/../share/yosys/ice40/cells_sim.v:1017$352'.
     1/1: $0\Q[0:0]
Creating decoders for process `\SB_DFFNSR.$proc$/opt/homebrew/bin/../share/yosys/ice40/cells_sim.v:0$351'.
Creating decoders for process `\SB_DFFNSR.$proc$/opt/homebrew/bin/../share/yosys/ice40/cells_sim.v:967$349'.
     1/1: $0\Q[0:0]
Creating decoders for process `\SB_DFFNE.$proc$/opt/homebrew/bin/../share/yosys/ice40/cells_sim.v:0$348'.
Creating decoders for process `\SB_DFFNE.$proc$/opt/homebrew/bin/../share/yosys/ice40/cells_sim.v:922$347'.
     1/1: $0\Q[0:0]
Creating decoders for process `\SB_DFFN.$proc$/opt/homebrew/bin/../share/yosys/ice40/cells_sim.v:0$346'.
Creating decoders for process `\SB_DFFN.$proc$/opt/homebrew/bin/../share/yosys/ice40/cells_sim.v:882$345'.
Creating decoders for process `\SB_DFFES.$proc$/opt/homebrew/bin/../share/yosys/ice40/cells_sim.v:0$344'.
Creating decoders for process `\SB_DFFES.$proc$/opt/homebrew/bin/../share/yosys/ice40/cells_sim.v:803$341'.
     1/1: $0\Q[0:0]
Creating decoders for process `\SB_DFFESS.$proc$/opt/homebrew/bin/../share/yosys/ice40/cells_sim.v:0$340'.
Creating decoders for process `\SB_DFFESS.$proc$/opt/homebrew/bin/../share/yosys/ice40/cells_sim.v:742$334'.
     1/1: $0\Q[0:0]
Creating decoders for process `\SB_DFFER.$proc$/opt/homebrew/bin/../share/yosys/ice40/cells_sim.v:0$333'.
Creating decoders for process `\SB_DFFER.$proc$/opt/homebrew/bin/../share/yosys/ice40/cells_sim.v:662$330'.
     1/1: $0\Q[0:0]
Creating decoders for process `\SB_DFFESR.$proc$/opt/homebrew/bin/../share/yosys/ice40/cells_sim.v:0$329'.
Creating decoders for process `\SB_DFFESR.$proc$/opt/homebrew/bin/../share/yosys/ice40/cells_sim.v:601$323'.
     1/1: $0\Q[0:0]
Creating decoders for process `\SB_DFFS.$proc$/opt/homebrew/bin/../share/yosys/ice40/cells_sim.v:0$322'.
Creating decoders for process `\SB_DFFS.$proc$/opt/homebrew/bin/../share/yosys/ice40/cells_sim.v:527$320'.
     1/1: $0\Q[0:0]
Creating decoders for process `\SB_DFFSS.$proc$/opt/homebrew/bin/../share/yosys/ice40/cells_sim.v:0$319'.
Creating decoders for process `\SB_DFFSS.$proc$/opt/homebrew/bin/../share/yosys/ice40/cells_sim.v:477$317'.
     1/1: $0\Q[0:0]
Creating decoders for process `\SB_DFFR.$proc$/opt/homebrew/bin/../share/yosys/ice40/cells_sim.v:0$316'.
Creating decoders for process `\SB_DFFR.$proc$/opt/homebrew/bin/../share/yosys/ice40/cells_sim.v:406$314'.
     1/1: $0\Q[0:0]
Creating decoders for process `\SB_DFFSR.$proc$/opt/homebrew/bin/../share/yosys/ice40/cells_sim.v:0$313'.
Creating decoders for process `\SB_DFFSR.$proc$/opt/homebrew/bin/../share/yosys/ice40/cells_sim.v:356$311'.
     1/1: $0\Q[0:0]
Creating decoders for process `\SB_DFFE.$proc$/opt/homebrew/bin/../share/yosys/ice40/cells_sim.v:0$310'.
Creating decoders for process `\SB_DFFE.$proc$/opt/homebrew/bin/../share/yosys/ice40/cells_sim.v:311$309'.
     1/1: $0\Q[0:0]
Creating decoders for process `\SB_DFF.$proc$/opt/homebrew/bin/../share/yosys/ice40/cells_sim.v:0$308'.
Creating decoders for process `\SB_DFF.$proc$/opt/homebrew/bin/../share/yosys/ice40/cells_sim.v:271$307'.
Creating decoders for process `$paramod$6085b43887461f415fc1e73c50c74bca22d1d63a\conv1d_large_4mult.$proc$/Users/adarmaori/Desktop/Final$20Project/FPGA/conv1d_large_4mult.v:49$661'.
     1/214: $5$mem2reg_rd$\tap$/Users/adarmaori/Desktop/Final$20Project/FPGA/conv1d_large_4mult.v:84$659_DATA[7:0]$777
     2/214: $5\tap_weight$func$/Users/adarmaori/Desktop/Final$20Project/FPGA/conv1d_large_4mult.v:84$655.$result[7:0]$775
     3/214: $7\group_sum[31:0]
     4/214: $4$mem2reg_rd$\tap$/Users/adarmaori/Desktop/Final$20Project/FPGA/conv1d_large_4mult.v:84$659_DATA[7:0]$772
     5/214: $4$mem2reg_rd$\tap$/Users/adarmaori/Desktop/Final$20Project/FPGA/conv1d_large_4mult.v:84$659_ADDR[5:0]$771
     6/214: $4\tap_weight$func$/Users/adarmaori/Desktop/Final$20Project/FPGA/conv1d_large_4mult.v:84$655.$result[7:0]$769
     7/214: $4\tap_weight$func$/Users/adarmaori/Desktop/Final$20Project/FPGA/conv1d_large_4mult.v:84$655.weight_index[31:0]$770
     8/214: $5$mem2reg_rd$\tap$/Users/adarmaori/Desktop/Final$20Project/FPGA/conv1d_large_4mult.v:84$658_DATA[7:0]$764
     9/214: $5\tap_weight$func$/Users/adarmaori/Desktop/Final$20Project/FPGA/conv1d_large_4mult.v:84$654.$result[7:0]$762
    10/214: $6\group_sum[31:0]
    11/214: $4$mem2reg_rd$\tap$/Users/adarmaori/Desktop/Final$20Project/FPGA/conv1d_large_4mult.v:84$658_DATA[7:0]$759
    12/214: $4$mem2reg_rd$\tap$/Users/adarmaori/Desktop/Final$20Project/FPGA/conv1d_large_4mult.v:84$658_ADDR[5:0]$758
    13/214: $4\tap_weight$func$/Users/adarmaori/Desktop/Final$20Project/FPGA/conv1d_large_4mult.v:84$654.$result[7:0]$756
    14/214: $4\tap_weight$func$/Users/adarmaori/Desktop/Final$20Project/FPGA/conv1d_large_4mult.v:84$654.weight_index[31:0]$757
    15/214: $5$mem2reg_rd$\tap$/Users/adarmaori/Desktop/Final$20Project/FPGA/conv1d_large_4mult.v:84$657_DATA[7:0]$751
    16/214: $5\tap_weight$func$/Users/adarmaori/Desktop/Final$20Project/FPGA/conv1d_large_4mult.v:84$653.$result[7:0]$749
    17/214: $5\group_sum[31:0]
    18/214: $4$mem2reg_rd$\tap$/Users/adarmaori/Desktop/Final$20Project/FPGA/conv1d_large_4mult.v:84$657_DATA[7:0]$746
    19/214: $4$mem2reg_rd$\tap$/Users/adarmaori/Desktop/Final$20Project/FPGA/conv1d_large_4mult.v:84$657_ADDR[5:0]$745
    20/214: $4\tap_weight$func$/Users/adarmaori/Desktop/Final$20Project/FPGA/conv1d_large_4mult.v:84$653.$result[7:0]$743
    21/214: $4\tap_weight$func$/Users/adarmaori/Desktop/Final$20Project/FPGA/conv1d_large_4mult.v:84$653.weight_index[31:0]$744
    22/214: $5$mem2reg_rd$\tap$/Users/adarmaori/Desktop/Final$20Project/FPGA/conv1d_large_4mult.v:84$656_DATA[7:0]$738
    23/214: $5\tap_weight$func$/Users/adarmaori/Desktop/Final$20Project/FPGA/conv1d_large_4mult.v:84$652.$result[7:0]$736
    24/214: $4\group_sum[31:0]
    25/214: $4$mem2reg_rd$\tap$/Users/adarmaori/Desktop/Final$20Project/FPGA/conv1d_large_4mult.v:84$656_DATA[7:0]$733
    26/214: $4$mem2reg_rd$\tap$/Users/adarmaori/Desktop/Final$20Project/FPGA/conv1d_large_4mult.v:84$656_ADDR[5:0]$732
    27/214: $4\tap_weight$func$/Users/adarmaori/Desktop/Final$20Project/FPGA/conv1d_large_4mult.v:84$652.$result[7:0]$730
    28/214: $4\tap_weight$func$/Users/adarmaori/Desktop/Final$20Project/FPGA/conv1d_large_4mult.v:84$652.weight_index[31:0]$731
    29/214: $3\i[31:0]
    30/214: $3$mem2reg_rd$\tap$/Users/adarmaori/Desktop/Final$20Project/FPGA/conv1d_large_4mult.v:84$659_DATA[7:0]$727
    31/214: $3$mem2reg_rd$\tap$/Users/adarmaori/Desktop/Final$20Project/FPGA/conv1d_large_4mult.v:84$659_ADDR[5:0]$726
    32/214: $3\tap_weight$func$/Users/adarmaori/Desktop/Final$20Project/FPGA/conv1d_large_4mult.v:84$655.weight_index[31:0]$719
    33/214: $3\tap_weight$func$/Users/adarmaori/Desktop/Final$20Project/FPGA/conv1d_large_4mult.v:84$655.$result[7:0]$718
    34/214: $3\group_sum[31:0]
    35/214: $3$mem2reg_rd$\tap$/Users/adarmaori/Desktop/Final$20Project/FPGA/conv1d_large_4mult.v:84$658_DATA[7:0]$725
    36/214: $3$mem2reg_rd$\tap$/Users/adarmaori/Desktop/Final$20Project/FPGA/conv1d_large_4mult.v:84$658_ADDR[5:0]$724
    37/214: $3\tap_weight$func$/Users/adarmaori/Desktop/Final$20Project/FPGA/conv1d_large_4mult.v:84$654.weight_index[31:0]$717
    38/214: $3\tap_weight$func$/Users/adarmaori/Desktop/Final$20Project/FPGA/conv1d_large_4mult.v:84$654.$result[7:0]$716
    39/214: $3$mem2reg_rd$\tap$/Users/adarmaori/Desktop/Final$20Project/FPGA/conv1d_large_4mult.v:84$657_DATA[7:0]$723
    40/214: $3$mem2reg_rd$\tap$/Users/adarmaori/Desktop/Final$20Project/FPGA/conv1d_large_4mult.v:84$657_ADDR[5:0]$722
    41/214: $3\tap_weight$func$/Users/adarmaori/Desktop/Final$20Project/FPGA/conv1d_large_4mult.v:84$653.weight_index[31:0]$715
    42/214: $3\tap_weight$func$/Users/adarmaori/Desktop/Final$20Project/FPGA/conv1d_large_4mult.v:84$653.$result[7:0]$714
    43/214: $3$mem2reg_rd$\tap$/Users/adarmaori/Desktop/Final$20Project/FPGA/conv1d_large_4mult.v:84$656_DATA[7:0]$721
    44/214: $3$mem2reg_rd$\tap$/Users/adarmaori/Desktop/Final$20Project/FPGA/conv1d_large_4mult.v:84$656_ADDR[5:0]$720
    45/214: $3\tap_weight$func$/Users/adarmaori/Desktop/Final$20Project/FPGA/conv1d_large_4mult.v:84$652.weight_index[31:0]$713
    46/214: $3\tap_weight$func$/Users/adarmaori/Desktop/Final$20Project/FPGA/conv1d_large_4mult.v:84$652.$result[7:0]$712
    47/214: $2\i[31:0]
    48/214: $2$mem2reg_rd$\tap$/Users/adarmaori/Desktop/Final$20Project/FPGA/conv1d_large_4mult.v:84$659_DATA[7:0]$711
    49/214: $2$mem2reg_rd$\tap$/Users/adarmaori/Desktop/Final$20Project/FPGA/conv1d_large_4mult.v:84$659_ADDR[5:0]$710
    50/214: $2$mem2reg_rd$\tap$/Users/adarmaori/Desktop/Final$20Project/FPGA/conv1d_large_4mult.v:84$658_DATA[7:0]$709
    51/214: $2$mem2reg_rd$\tap$/Users/adarmaori/Desktop/Final$20Project/FPGA/conv1d_large_4mult.v:84$658_ADDR[5:0]$708
    52/214: $2$mem2reg_rd$\tap$/Users/adarmaori/Desktop/Final$20Project/FPGA/conv1d_large_4mult.v:84$657_DATA[7:0]$707
    53/214: $2$mem2reg_rd$\tap$/Users/adarmaori/Desktop/Final$20Project/FPGA/conv1d_large_4mult.v:84$657_ADDR[5:0]$706
    54/214: $2$mem2reg_rd$\tap$/Users/adarmaori/Desktop/Final$20Project/FPGA/conv1d_large_4mult.v:84$656_DATA[7:0]$705
    55/214: $2$mem2reg_rd$\tap$/Users/adarmaori/Desktop/Final$20Project/FPGA/conv1d_large_4mult.v:84$656_ADDR[5:0]$704
    56/214: $2\tap_weight$func$/Users/adarmaori/Desktop/Final$20Project/FPGA/conv1d_large_4mult.v:84$655.weight_index[31:0]$703
    57/214: $2\tap_weight$func$/Users/adarmaori/Desktop/Final$20Project/FPGA/conv1d_large_4mult.v:84$655.$result[7:0]$702
    58/214: $2\tap_weight$func$/Users/adarmaori/Desktop/Final$20Project/FPGA/conv1d_large_4mult.v:84$654.weight_index[31:0]$701
    59/214: $2\tap_weight$func$/Users/adarmaori/Desktop/Final$20Project/FPGA/conv1d_large_4mult.v:84$654.$result[7:0]$700
    60/214: $2\tap_weight$func$/Users/adarmaori/Desktop/Final$20Project/FPGA/conv1d_large_4mult.v:84$653.weight_index[31:0]$699
    61/214: $2\tap_weight$func$/Users/adarmaori/Desktop/Final$20Project/FPGA/conv1d_large_4mult.v:84$653.$result[7:0]$698
    62/214: $2\tap_weight$func$/Users/adarmaori/Desktop/Final$20Project/FPGA/conv1d_large_4mult.v:84$652.weight_index[31:0]$697
    63/214: $2\tap_weight$func$/Users/adarmaori/Desktop/Final$20Project/FPGA/conv1d_large_4mult.v:84$652.$result[7:0]$696
    64/214: $2\group_sum[31:0]
    65/214: $0\output_valid[0:0]
    66/214: $1\group_sum[31:0]
    67/214: $1\i[31:0]
    68/214: $1$mem2reg_rd$\tap$/Users/adarmaori/Desktop/Final$20Project/FPGA/conv1d_large_4mult.v:84$659_DATA[7:0]$693
    69/214: $1$mem2reg_rd$\tap$/Users/adarmaori/Desktop/Final$20Project/FPGA/conv1d_large_4mult.v:84$659_ADDR[5:0]$692
    70/214: $1$mem2reg_rd$\tap$/Users/adarmaori/Desktop/Final$20Project/FPGA/conv1d_large_4mult.v:84$658_DATA[7:0]$691
    71/214: $1$mem2reg_rd$\tap$/Users/adarmaori/Desktop/Final$20Project/FPGA/conv1d_large_4mult.v:84$658_ADDR[5:0]$690
    72/214: $1$mem2reg_rd$\tap$/Users/adarmaori/Desktop/Final$20Project/FPGA/conv1d_large_4mult.v:84$657_DATA[7:0]$689
    73/214: $1$mem2reg_rd$\tap$/Users/adarmaori/Desktop/Final$20Project/FPGA/conv1d_large_4mult.v:84$657_ADDR[5:0]$688
    74/214: $1$mem2reg_rd$\tap$/Users/adarmaori/Desktop/Final$20Project/FPGA/conv1d_large_4mult.v:84$656_DATA[7:0]$687
    75/214: $1$mem2reg_rd$\tap$/Users/adarmaori/Desktop/Final$20Project/FPGA/conv1d_large_4mult.v:84$656_ADDR[5:0]$686
    76/214: $1\tap_weight$func$/Users/adarmaori/Desktop/Final$20Project/FPGA/conv1d_large_4mult.v:84$655.weight_index[31:0]$685
    77/214: $1\tap_weight$func$/Users/adarmaori/Desktop/Final$20Project/FPGA/conv1d_large_4mult.v:84$655.$result[7:0]$684
    78/214: $1\tap_weight$func$/Users/adarmaori/Desktop/Final$20Project/FPGA/conv1d_large_4mult.v:84$654.weight_index[31:0]$683
    79/214: $1\tap_weight$func$/Users/adarmaori/Desktop/Final$20Project/FPGA/conv1d_large_4mult.v:84$654.$result[7:0]$682
    80/214: $1\tap_weight$func$/Users/adarmaori/Desktop/Final$20Project/FPGA/conv1d_large_4mult.v:84$653.weight_index[31:0]$681
    81/214: $1\tap_weight$func$/Users/adarmaori/Desktop/Final$20Project/FPGA/conv1d_large_4mult.v:84$653.$result[7:0]$680
    82/214: $1\tap_weight$func$/Users/adarmaori/Desktop/Final$20Project/FPGA/conv1d_large_4mult.v:84$652.weight_index[31:0]$679
    83/214: $1\tap_weight$func$/Users/adarmaori/Desktop/Final$20Project/FPGA/conv1d_large_4mult.v:84$652.$result[7:0]$678
    84/214: $0\tap[63][7:0]
    85/214: $0\tap[62][7:0]
    86/214: $0\tap[61][7:0]
    87/214: $0\tap[60][7:0]
    88/214: $0\tap[59][7:0]
    89/214: $0\tap[58][7:0]
    90/214: $0\tap[57][7:0]
    91/214: $0\tap[56][7:0]
    92/214: $0\tap[55][7:0]
    93/214: $0\tap[54][7:0]
    94/214: $0\tap[53][7:0]
    95/214: $0\tap[52][7:0]
    96/214: $0\tap[51][7:0]
    97/214: $0\tap[50][7:0]
    98/214: $0\tap[49][7:0]
    99/214: $0\tap[48][7:0]
   100/214: $0\tap[47][7:0]
   101/214: $0\tap[46][7:0]
   102/214: $0\tap[45][7:0]
   103/214: $0\tap[44][7:0]
   104/214: $0\tap[43][7:0]
   105/214: $0\tap[42][7:0]
   106/214: $0\tap[41][7:0]
   107/214: $0\tap[40][7:0]
   108/214: $0\tap[39][7:0]
   109/214: $0\tap[38][7:0]
   110/214: $0\tap[37][7:0]
   111/214: $0\tap[36][7:0]
   112/214: $0\tap[35][7:0]
   113/214: $0\tap[34][7:0]
   114/214: $0\tap[33][7:0]
   115/214: $0\tap[32][7:0]
   116/214: $0\history[62][7:0]
   117/214: $0\history[61][7:0]
   118/214: $0\history[60][7:0]
   119/214: $0\history[59][7:0]
   120/214: $0\history[58][7:0]
   121/214: $0\history[57][7:0]
   122/214: $0\history[56][7:0]
   123/214: $0\history[55][7:0]
   124/214: $0\history[54][7:0]
   125/214: $0\history[53][7:0]
   126/214: $0\history[52][7:0]
   127/214: $0\history[51][7:0]
   128/214: $0\history[50][7:0]
   129/214: $0\history[49][7:0]
   130/214: $0\history[48][7:0]
   131/214: $0\history[47][7:0]
   132/214: $0\history[46][7:0]
   133/214: $0\history[45][7:0]
   134/214: $0\history[44][7:0]
   135/214: $0\history[43][7:0]
   136/214: $0\history[42][7:0]
   137/214: $0\history[41][7:0]
   138/214: $0\history[40][7:0]
   139/214: $0\history[39][7:0]
   140/214: $0\history[38][7:0]
   141/214: $0\history[37][7:0]
   142/214: $0\history[36][7:0]
   143/214: $0\history[35][7:0]
   144/214: $0\history[34][7:0]
   145/214: $0\history[33][7:0]
   146/214: $0\history[32][7:0]
   147/214: $0\history[31][7:0]
   148/214: $0\tap[31][7:0]
   149/214: $0\tap[30][7:0]
   150/214: $0\tap[29][7:0]
   151/214: $0\tap[28][7:0]
   152/214: $0\tap[27][7:0]
   153/214: $0\tap[26][7:0]
   154/214: $0\tap[25][7:0]
   155/214: $0\tap[24][7:0]
   156/214: $0\tap[23][7:0]
   157/214: $0\tap[22][7:0]
   158/214: $0\tap[21][7:0]
   159/214: $0\tap[20][7:0]
   160/214: $0\tap[19][7:0]
   161/214: $0\tap[18][7:0]
   162/214: $0\tap[17][7:0]
   163/214: $0\tap[16][7:0]
   164/214: $0\tap[15][7:0]
   165/214: $0\tap[14][7:0]
   166/214: $0\tap[13][7:0]
   167/214: $0\tap[12][7:0]
   168/214: $0\tap[11][7:0]
   169/214: $0\tap[10][7:0]
   170/214: $0\tap[9][7:0]
   171/214: $0\tap[8][7:0]
   172/214: $0\tap[7][7:0]
   173/214: $0\tap[6][7:0]
   174/214: $0\tap[5][7:0]
   175/214: $0\tap[4][7:0]
   176/214: $0\tap[3][7:0]
   177/214: $0\tap[2][7:0]
   178/214: $0\tap[1][7:0]
   179/214: $0\tap[0][7:0]
   180/214: $0\history[30][7:0]
   181/214: $0\history[29][7:0]
   182/214: $0\history[28][7:0]
   183/214: $0\history[27][7:0]
   184/214: $0\history[26][7:0]
   185/214: $0\history[25][7:0]
   186/214: $0\history[24][7:0]
   187/214: $0\history[23][7:0]
   188/214: $0\history[22][7:0]
   189/214: $0\history[21][7:0]
   190/214: $0\history[20][7:0]
   191/214: $0\history[19][7:0]
   192/214: $0\history[18][7:0]
   193/214: $0\history[17][7:0]
   194/214: $0\history[16][7:0]
   195/214: $0\history[15][7:0]
   196/214: $0\history[14][7:0]
   197/214: $0\history[13][7:0]
   198/214: $0\history[12][7:0]
   199/214: $0\history[11][7:0]
   200/214: $0\history[10][7:0]
   201/214: $0\history[9][7:0]
   202/214: $0\history[8][7:0]
   203/214: $0\history[7][7:0]
   204/214: $0\history[6][7:0]
   205/214: $0\history[5][7:0]
   206/214: $0\history[4][7:0]
   207/214: $0\history[3][7:0]
   208/214: $0\history[2][7:0]
   209/214: $0\history[1][7:0]
   210/214: $0\history[0][7:0]
   211/214: $0\busy[0:0]
   212/214: $0\tap_index[15:0]
   213/214: $0\acc[31:0]
   214/214: $0\sample_out[31:0]

5.3.8. Executing PROC_DLATCH pass (convert process syncs to latches).

5.3.9. Executing PROC_DFF pass (convert process syncs to FFs).
Creating register for signal `\SB_DFFNES.\Q' using process `\SB_DFFNES.$proc$/opt/homebrew/bin/../share/yosys/ice40/cells_sim.v:1414$379'.
  created $adff cell `$procdff$2603' with negative edge clock and positive level reset.
Creating register for signal `\SB_DFFNESS.\Q' using process `\SB_DFFNESS.$proc$/opt/homebrew/bin/../share/yosys/ice40/cells_sim.v:1353$372'.
  created $dff cell `$procdff$2604' with negative edge clock.
Creating register for signal `\SB_DFFNER.\Q' using process `\SB_DFFNER.$proc$/opt/homebrew/bin/../share/yosys/ice40/cells_sim.v:1273$368'.
  created $adff cell `$procdff$2605' with negative edge clock and positive level reset.
Creating register for signal `\SB_DFFNESR.\Q' using process `\SB_DFFNESR.$proc$/opt/homebrew/bin/../share/yosys/ice40/cells_sim.v:1212$361'.
  created $dff cell `$procdff$2606' with negative edge clock.
Creating register for signal `\SB_DFFNS.\Q' using process `\SB_DFFNS.$proc$/opt/homebrew/bin/../share/yosys/ice40/cells_sim.v:1138$358'.
  created $adff cell `$procdff$2607' with negative edge clock and positive level reset.
Creating register for signal `\SB_DFFNSS.\Q' using process `\SB_DFFNSS.$proc$/opt/homebrew/bin/../share/yosys/ice40/cells_sim.v:1088$355'.
  created $dff cell `$procdff$2608' with negative edge clock.
Creating register for signal `\SB_DFFNR.\Q' using process `\SB_DFFNR.$proc$/opt/homebrew/bin/../share/yosys/ice40/cells_sim.v:1017$352'.
  created $adff cell `$procdff$2609' with negative edge clock and positive level reset.
Creating register for signal `\SB_DFFNSR.\Q' using process `\SB_DFFNSR.$proc$/opt/homebrew/bin/../share/yosys/ice40/cells_sim.v:967$349'.
  created $dff cell `$procdff$2610' with negative edge clock.
Creating register for signal `\SB_DFFNE.\Q' using process `\SB_DFFNE.$proc$/opt/homebrew/bin/../share/yosys/ice40/cells_sim.v:922$347'.
  created $dff cell `$procdff$2611' with negative edge clock.
Creating register for signal `\SB_DFFN.\Q' using process `\SB_DFFN.$proc$/opt/homebrew/bin/../share/yosys/ice40/cells_sim.v:882$345'.
  created $dff cell `$procdff$2612' with negative edge clock.
Creating register for signal `\SB_DFFES.\Q' using process `\SB_DFFES.$proc$/opt/homebrew/bin/../share/yosys/ice40/cells_sim.v:803$341'.
  created $adff cell `$procdff$2613' with positive edge clock and positive level reset.
Creating register for signal `\SB_DFFESS.\Q' using process `\SB_DFFESS.$proc$/opt/homebrew/bin/../share/yosys/ice40/cells_sim.v:742$334'.
  created $dff cell `$procdff$2614' with positive edge clock.
Creating register for signal `\SB_DFFER.\Q' using process `\SB_DFFER.$proc$/opt/homebrew/bin/../share/yosys/ice40/cells_sim.v:662$330'.
  created $adff cell `$procdff$2615' with positive edge clock and positive level reset.
Creating register for signal `\SB_DFFESR.\Q' using process `\SB_DFFESR.$proc$/opt/homebrew/bin/../share/yosys/ice40/cells_sim.v:601$323'.
  created $dff cell `$procdff$2616' with positive edge clock.
Creating register for signal `\SB_DFFS.\Q' using process `\SB_DFFS.$proc$/opt/homebrew/bin/../share/yosys/ice40/cells_sim.v:527$320'.
  created $adff cell `$procdff$2617' with positive edge clock and positive level reset.
Creating register for signal `\SB_DFFSS.\Q' using process `\SB_DFFSS.$proc$/opt/homebrew/bin/../share/yosys/ice40/cells_sim.v:477$317'.
  created $dff cell `$procdff$2618' with positive edge clock.
Creating register for signal `\SB_DFFR.\Q' using process `\SB_DFFR.$proc$/opt/homebrew/bin/../share/yosys/ice40/cells_sim.v:406$314'.
  created $adff cell `$procdff$2619' with positive edge clock and positive level reset.
Creating register for signal `\SB_DFFSR.\Q' using process `\SB_DFFSR.$proc$/opt/homebrew/bin/../share/yosys/ice40/cells_sim.v:356$311'.
  created $dff cell `$procdff$2620' with positive edge clock.
Creating register for signal `\SB_DFFE.\Q' using process `\SB_DFFE.$proc$/opt/homebrew/bin/../share/yosys/ice40/cells_sim.v:311$309'.
  created $dff cell `$procdff$2621' with positive edge clock.
Creating register for signal `\SB_DFF.\Q' using process `\SB_DFF.$proc$/opt/homebrew/bin/../share/yosys/ice40/cells_sim.v:271$307'.
  created $dff cell `$procdff$2622' with positive edge clock.
Creating register for signal `$paramod$6085b43887461f415fc1e73c50c74bca22d1d63a\conv1d_large_4mult.\output_valid' using process `$paramod$6085b43887461f415fc1e73c50c74bca22d1d63a\conv1d_large_4mult.$proc$/Users/adarmaori/Desktop/Final$20Project/FPGA/conv1d_large_4mult.v:49$661'.
  created $dff cell `$procdff$2623' with positive edge clock.
Creating register for signal `$paramod$6085b43887461f415fc1e73c50c74bca22d1d63a\conv1d_large_4mult.\sample_out' using process `$paramod$6085b43887461f415fc1e73c50c74bca22d1d63a\conv1d_large_4mult.$proc$/Users/adarmaori/Desktop/Final$20Project/FPGA/conv1d_large_4mult.v:49$661'.
  created $dff cell `$procdff$2624' with positive edge clock.
Creating register for signal `$paramod$6085b43887461f415fc1e73c50c74bca22d1d63a\conv1d_large_4mult.\acc' using process `$paramod$6085b43887461f415fc1e73c50c74bca22d1d63a\conv1d_large_4mult.$proc$/Users/adarmaori/Desktop/Final$20Project/FPGA/conv1d_large_4mult.v:49$661'.
  created $dff cell `$procdff$2625' with positive edge clock.
Creating register for signal `$paramod$6085b43887461f415fc1e73c50c74bca22d1d63a\conv1d_large_4mult.\group_sum' using process `$paramod$6085b43887461f415fc1e73c50c74bca22d1d63a\conv1d_large_4mult.$proc$/Users/adarmaori/Desktop/Final$20Project/FPGA/conv1d_large_4mult.v:49$661'.
  created $dff cell `$procdff$2626' with positive edge clock.
Creating register for signal `$paramod$6085b43887461f415fc1e73c50c74bca22d1d63a\conv1d_large_4mult.\tap_index' using process `$paramod$6085b43887461f415fc1e73c50c74bca22d1d63a\conv1d_large_4mult.$proc$/Users/adarmaori/Desktop/Final$20Project/FPGA/conv1d_large_4mult.v:49$661'.
  created $dff cell `$procdff$2627' with positive edge clock.
Creating register for signal `$paramod$6085b43887461f415fc1e73c50c74bca22d1d63a\conv1d_large_4mult.\busy' using process `$paramod$6085b43887461f415fc1e73c50c74bca22d1d63a\conv1d_large_4mult.$proc$/Users/adarmaori/Desktop/Final$20Project/FPGA/conv1d_large_4mult.v:49$661'.
  created $dff cell `$procdff$2628' with positive edge clock.
Creating register for signal `$paramod$6085b43887461f415fc1e73c50c74bca22d1d63a\conv1d_large_4mult.\i' using process `$paramod$6085b43887461f415fc1e73c50c74bca22d1d63a\conv1d_large_4mult.$proc$/Users/adarmaori/Desktop/Final$20Project/FPGA/conv1d_large_4mult.v:49$661'.
  created $dff cell `$procdff$2629' with positive edge clock.
Creating register for signal `$paramod$6085b43887461f415fc1e73c50c74bca22d1d63a\conv1d_large_4mult.\history[0]' using process `$paramod$6085b43887461f415fc1e73c50c74bca22d1d63a\conv1d_large_4mult.$proc$/Users/adarmaori/Desktop/Final$20Project/FPGA/conv1d_large_4mult.v:49$661'.
  created $dff cell `$procdff$2630' with positive edge clock.
Creating register for signal `$paramod$6085b43887461f415fc1e73c50c74bca22d1d63a\conv1d_large_4mult.\history[1]' using process `$paramod$6085b43887461f415fc1e73c50c74bca22d1d63a\conv1d_large_4mult.$proc$/Users/adarmaori/Desktop/Final$20Project/FPGA/conv1d_large_4mult.v:49$661'.
  created $dff cell `$procdff$2631' with positive edge clock.
Creating register for signal `$paramod$6085b43887461f415fc1e73c50c74bca22d1d63a\conv1d_large_4mult.\history[2]' using process `$paramod$6085b43887461f415fc1e73c50c74bca22d1d63a\conv1d_large_4mult.$proc$/Users/adarmaori/Desktop/Final$20Project/FPGA/conv1d_large_4mult.v:49$661'.
  created $dff cell `$procdff$2632' with positive edge clock.
Creating register for signal `$paramod$6085b43887461f415fc1e73c50c74bca22d1d63a\conv1d_large_4mult.\history[3]' using process `$paramod$6085b43887461f415fc1e73c50c74bca22d1d63a\conv1d_large_4mult.$proc$/Users/adarmaori/Desktop/Final$20Project/FPGA/conv1d_large_4mult.v:49$661'.
  created $dff cell `$procdff$2633' with positive edge clock.
Creating register for signal `$paramod$6085b43887461f415fc1e73c50c74bca22d1d63a\conv1d_large_4mult.\history[4]' using process `$paramod$6085b43887461f415fc1e73c50c74bca22d1d63a\conv1d_large_4mult.$proc$/Users/adarmaori/Desktop/Final$20Project/FPGA/conv1d_large_4mult.v:49$661'.
  created $dff cell `$procdff$2634' with positive edge clock.
Creating register for signal `$paramod$6085b43887461f415fc1e73c50c74bca22d1d63a\conv1d_large_4mult.\history[5]' using process `$paramod$6085b43887461f415fc1e73c50c74bca22d1d63a\conv1d_large_4mult.$proc$/Users/adarmaori/Desktop/Final$20Project/FPGA/conv1d_large_4mult.v:49$661'.
  created $dff cell `$procdff$2635' with positive edge clock.
Creating register for signal `$paramod$6085b43887461f415fc1e73c50c74bca22d1d63a\conv1d_large_4mult.\history[6]' using process `$paramod$6085b43887461f415fc1e73c50c74bca22d1d63a\conv1d_large_4mult.$proc$/Users/adarmaori/Desktop/Final$20Project/FPGA/conv1d_large_4mult.v:49$661'.
  created $dff cell `$procdff$2636' with positive edge clock.
Creating register for signal `$paramod$6085b43887461f415fc1e73c50c74bca22d1d63a\conv1d_large_4mult.\history[7]' using process `$paramod$6085b43887461f415fc1e73c50c74bca22d1d63a\conv1d_large_4mult.$proc$/Users/adarmaori/Desktop/Final$20Project/FPGA/conv1d_large_4mult.v:49$661'.
  created $dff cell `$procdff$2637' with positive edge clock.
Creating register for signal `$paramod$6085b43887461f415fc1e73c50c74bca22d1d63a\conv1d_large_4mult.\history[8]' using process `$paramod$6085b43887461f415fc1e73c50c74bca22d1d63a\conv1d_large_4mult.$proc$/Users/adarmaori/Desktop/Final$20Project/FPGA/conv1d_large_4mult.v:49$661'.
  created $dff cell `$procdff$2638' with positive edge clock.
Creating register for signal `$paramod$6085b43887461f415fc1e73c50c74bca22d1d63a\conv1d_large_4mult.\history[9]' using process `$paramod$6085b43887461f415fc1e73c50c74bca22d1d63a\conv1d_large_4mult.$proc$/Users/adarmaori/Desktop/Final$20Project/FPGA/conv1d_large_4mult.v:49$661'.
  created $dff cell `$procdff$2639' with positive edge clock.
Creating register for signal `$paramod$6085b43887461f415fc1e73c50c74bca22d1d63a\conv1d_large_4mult.\history[10]' using process `$paramod$6085b43887461f415fc1e73c50c74bca22d1d63a\conv1d_large_4mult.$proc$/Users/adarmaori/Desktop/Final$20Project/FPGA/conv1d_large_4mult.v:49$661'.
  created $dff cell `$procdff$2640' with positive edge clock.
Creating register for signal `$paramod$6085b43887461f415fc1e73c50c74bca22d1d63a\conv1d_large_4mult.\history[11]' using process `$paramod$6085b43887461f415fc1e73c50c74bca22d1d63a\conv1d_large_4mult.$proc$/Users/adarmaori/Desktop/Final$20Project/FPGA/conv1d_large_4mult.v:49$661'.
  created $dff cell `$procdff$2641' with positive edge clock.
Creating register for signal `$paramod$6085b43887461f415fc1e73c50c74bca22d1d63a\conv1d_large_4mult.\history[12]' using process `$paramod$6085b43887461f415fc1e73c50c74bca22d1d63a\conv1d_large_4mult.$proc$/Users/adarmaori/Desktop/Final$20Project/FPGA/conv1d_large_4mult.v:49$661'.
  created $dff cell `$procdff$2642' with positive edge clock.
Creating register for signal `$paramod$6085b43887461f415fc1e73c50c74bca22d1d63a\conv1d_large_4mult.\history[13]' using process `$paramod$6085b43887461f415fc1e73c50c74bca22d1d63a\conv1d_large_4mult.$proc$/Users/adarmaori/Desktop/Final$20Project/FPGA/conv1d_large_4mult.v:49$661'.
  created $dff cell `$procdff$2643' with positive edge clock.
Creating register for signal `$paramod$6085b43887461f415fc1e73c50c74bca22d1d63a\conv1d_large_4mult.\history[14]' using process `$paramod$6085b43887461f415fc1e73c50c74bca22d1d63a\conv1d_large_4mult.$proc$/Users/adarmaori/Desktop/Final$20Project/FPGA/conv1d_large_4mult.v:49$661'.
  created $dff cell `$procdff$2644' with positive edge clock.
Creating register for signal `$paramod$6085b43887461f415fc1e73c50c74bca22d1d63a\conv1d_large_4mult.\history[15]' using process `$paramod$6085b43887461f415fc1e73c50c74bca22d1d63a\conv1d_large_4mult.$proc$/Users/adarmaori/Desktop/Final$20Project/FPGA/conv1d_large_4mult.v:49$661'.
  created $dff cell `$procdff$2645' with positive edge clock.
Creating register for signal `$paramod$6085b43887461f415fc1e73c50c74bca22d1d63a\conv1d_large_4mult.\history[16]' using process `$paramod$6085b43887461f415fc1e73c50c74bca22d1d63a\conv1d_large_4mult.$proc$/Users/adarmaori/Desktop/Final$20Project/FPGA/conv1d_large_4mult.v:49$661'.
  created $dff cell `$procdff$2646' with positive edge clock.
Creating register for signal `$paramod$6085b43887461f415fc1e73c50c74bca22d1d63a\conv1d_large_4mult.\history[17]' using process `$paramod$6085b43887461f415fc1e73c50c74bca22d1d63a\conv1d_large_4mult.$proc$/Users/adarmaori/Desktop/Final$20Project/FPGA/conv1d_large_4mult.v:49$661'.
  created $dff cell `$procdff$2647' with positive edge clock.
Creating register for signal `$paramod$6085b43887461f415fc1e73c50c74bca22d1d63a\conv1d_large_4mult.\history[18]' using process `$paramod$6085b43887461f415fc1e73c50c74bca22d1d63a\conv1d_large_4mult.$proc$/Users/adarmaori/Desktop/Final$20Project/FPGA/conv1d_large_4mult.v:49$661'.
  created $dff cell `$procdff$2648' with positive edge clock.
Creating register for signal `$paramod$6085b43887461f415fc1e73c50c74bca22d1d63a\conv1d_large_4mult.\history[19]' using process `$paramod$6085b43887461f415fc1e73c50c74bca22d1d63a\conv1d_large_4mult.$proc$/Users/adarmaori/Desktop/Final$20Project/FPGA/conv1d_large_4mult.v:49$661'.
  created $dff cell `$procdff$2649' with positive edge clock.
Creating register for signal `$paramod$6085b43887461f415fc1e73c50c74bca22d1d63a\conv1d_large_4mult.\history[20]' using process `$paramod$6085b43887461f415fc1e73c50c74bca22d1d63a\conv1d_large_4mult.$proc$/Users/adarmaori/Desktop/Final$20Project/FPGA/conv1d_large_4mult.v:49$661'.
  created $dff cell `$procdff$2650' with positive edge clock.
Creating register for signal `$paramod$6085b43887461f415fc1e73c50c74bca22d1d63a\conv1d_large_4mult.\history[21]' using process `$paramod$6085b43887461f415fc1e73c50c74bca22d1d63a\conv1d_large_4mult.$proc$/Users/adarmaori/Desktop/Final$20Project/FPGA/conv1d_large_4mult.v:49$661'.
  created $dff cell `$procdff$2651' with positive edge clock.
Creating register for signal `$paramod$6085b43887461f415fc1e73c50c74bca22d1d63a\conv1d_large_4mult.\history[22]' using process `$paramod$6085b43887461f415fc1e73c50c74bca22d1d63a\conv1d_large_4mult.$proc$/Users/adarmaori/Desktop/Final$20Project/FPGA/conv1d_large_4mult.v:49$661'.
  created $dff cell `$procdff$2652' with positive edge clock.
Creating register for signal `$paramod$6085b43887461f415fc1e73c50c74bca22d1d63a\conv1d_large_4mult.\history[23]' using process `$paramod$6085b43887461f415fc1e73c50c74bca22d1d63a\conv1d_large_4mult.$proc$/Users/adarmaori/Desktop/Final$20Project/FPGA/conv1d_large_4mult.v:49$661'.
  created $dff cell `$procdff$2653' with positive edge clock.
Creating register for signal `$paramod$6085b43887461f415fc1e73c50c74bca22d1d63a\conv1d_large_4mult.\history[24]' using process `$paramod$6085b43887461f415fc1e73c50c74bca22d1d63a\conv1d_large_4mult.$proc$/Users/adarmaori/Desktop/Final$20Project/FPGA/conv1d_large_4mult.v:49$661'.
  created $dff cell `$procdff$2654' with positive edge clock.
Creating register for signal `$paramod$6085b43887461f415fc1e73c50c74bca22d1d63a\conv1d_large_4mult.\history[25]' using process `$paramod$6085b43887461f415fc1e73c50c74bca22d1d63a\conv1d_large_4mult.$proc$/Users/adarmaori/Desktop/Final$20Project/FPGA/conv1d_large_4mult.v:49$661'.
  created $dff cell `$procdff$2655' with positive edge clock.
Creating register for signal `$paramod$6085b43887461f415fc1e73c50c74bca22d1d63a\conv1d_large_4mult.\history[26]' using process `$paramod$6085b43887461f415fc1e73c50c74bca22d1d63a\conv1d_large_4mult.$proc$/Users/adarmaori/Desktop/Final$20Project/FPGA/conv1d_large_4mult.v:49$661'.
  created $dff cell `$procdff$2656' with positive edge clock.
Creating register for signal `$paramod$6085b43887461f415fc1e73c50c74bca22d1d63a\conv1d_large_4mult.\history[27]' using process `$paramod$6085b43887461f415fc1e73c50c74bca22d1d63a\conv1d_large_4mult.$proc$/Users/adarmaori/Desktop/Final$20Project/FPGA/conv1d_large_4mult.v:49$661'.
  created $dff cell `$procdff$2657' with positive edge clock.
Creating register for signal `$paramod$6085b43887461f415fc1e73c50c74bca22d1d63a\conv1d_large_4mult.\history[28]' using process `$paramod$6085b43887461f415fc1e73c50c74bca22d1d63a\conv1d_large_4mult.$proc$/Users/adarmaori/Desktop/Final$20Project/FPGA/conv1d_large_4mult.v:49$661'.
  created $dff cell `$procdff$2658' with positive edge clock.
Creating register for signal `$paramod$6085b43887461f415fc1e73c50c74bca22d1d63a\conv1d_large_4mult.\history[29]' using process `$paramod$6085b43887461f415fc1e73c50c74bca22d1d63a\conv1d_large_4mult.$proc$/Users/adarmaori/Desktop/Final$20Project/FPGA/conv1d_large_4mult.v:49$661'.
  created $dff cell `$procdff$2659' with positive edge clock.
Creating register for signal `$paramod$6085b43887461f415fc1e73c50c74bca22d1d63a\conv1d_large_4mult.\history[30]' using process `$paramod$6085b43887461f415fc1e73c50c74bca22d1d63a\conv1d_large_4mult.$proc$/Users/adarmaori/Desktop/Final$20Project/FPGA/conv1d_large_4mult.v:49$661'.
  created $dff cell `$procdff$2660' with positive edge clock.
Creating register for signal `$paramod$6085b43887461f415fc1e73c50c74bca22d1d63a\conv1d_large_4mult.\tap[0]' using process `$paramod$6085b43887461f415fc1e73c50c74bca22d1d63a\conv1d_large_4mult.$proc$/Users/adarmaori/Desktop/Final$20Project/FPGA/conv1d_large_4mult.v:49$661'.
  created $dff cell `$procdff$2661' with positive edge clock.
Creating register for signal `$paramod$6085b43887461f415fc1e73c50c74bca22d1d63a\conv1d_large_4mult.\tap[1]' using process `$paramod$6085b43887461f415fc1e73c50c74bca22d1d63a\conv1d_large_4mult.$proc$/Users/adarmaori/Desktop/Final$20Project/FPGA/conv1d_large_4mult.v:49$661'.
  created $dff cell `$procdff$2662' with positive edge clock.
Creating register for signal `$paramod$6085b43887461f415fc1e73c50c74bca22d1d63a\conv1d_large_4mult.\tap[2]' using process `$paramod$6085b43887461f415fc1e73c50c74bca22d1d63a\conv1d_large_4mult.$proc$/Users/adarmaori/Desktop/Final$20Project/FPGA/conv1d_large_4mult.v:49$661'.
  created $dff cell `$procdff$2663' with positive edge clock.
Creating register for signal `$paramod$6085b43887461f415fc1e73c50c74bca22d1d63a\conv1d_large_4mult.\tap[3]' using process `$paramod$6085b43887461f415fc1e73c50c74bca22d1d63a\conv1d_large_4mult.$proc$/Users/adarmaori/Desktop/Final$20Project/FPGA/conv1d_large_4mult.v:49$661'.
  created $dff cell `$procdff$2664' with positive edge clock.
Creating register for signal `$paramod$6085b43887461f415fc1e73c50c74bca22d1d63a\conv1d_large_4mult.\tap[4]' using process `$paramod$6085b43887461f415fc1e73c50c74bca22d1d63a\conv1d_large_4mult.$proc$/Users/adarmaori/Desktop/Final$20Project/FPGA/conv1d_large_4mult.v:49$661'.
  created $dff cell `$procdff$2665' with positive edge clock.
Creating register for signal `$paramod$6085b43887461f415fc1e73c50c74bca22d1d63a\conv1d_large_4mult.\tap[5]' using process `$paramod$6085b43887461f415fc1e73c50c74bca22d1d63a\conv1d_large_4mult.$proc$/Users/adarmaori/Desktop/Final$20Project/FPGA/conv1d_large_4mult.v:49$661'.
  created $dff cell `$procdff$2666' with positive edge clock.
Creating register for signal `$paramod$6085b43887461f415fc1e73c50c74bca22d1d63a\conv1d_large_4mult.\tap[6]' using process `$paramod$6085b43887461f415fc1e73c50c74bca22d1d63a\conv1d_large_4mult.$proc$/Users/adarmaori/Desktop/Final$20Project/FPGA/conv1d_large_4mult.v:49$661'.
  created $dff cell `$procdff$2667' with positive edge clock.
Creating register for signal `$paramod$6085b43887461f415fc1e73c50c74bca22d1d63a\conv1d_large_4mult.\tap[7]' using process `$paramod$6085b43887461f415fc1e73c50c74bca22d1d63a\conv1d_large_4mult.$proc$/Users/adarmaori/Desktop/Final$20Project/FPGA/conv1d_large_4mult.v:49$661'.
  created $dff cell `$procdff$2668' with positive edge clock.
Creating register for signal `$paramod$6085b43887461f415fc1e73c50c74bca22d1d63a\conv1d_large_4mult.\tap[8]' using process `$paramod$6085b43887461f415fc1e73c50c74bca22d1d63a\conv1d_large_4mult.$proc$/Users/adarmaori/Desktop/Final$20Project/FPGA/conv1d_large_4mult.v:49$661'.
  created $dff cell `$procdff$2669' with positive edge clock.
Creating register for signal `$paramod$6085b43887461f415fc1e73c50c74bca22d1d63a\conv1d_large_4mult.\tap[9]' using process `$paramod$6085b43887461f415fc1e73c50c74bca22d1d63a\conv1d_large_4mult.$proc$/Users/adarmaori/Desktop/Final$20Project/FPGA/conv1d_large_4mult.v:49$661'.
  created $dff cell `$procdff$2670' with positive edge clock.
Creating register for signal `$paramod$6085b43887461f415fc1e73c50c74bca22d1d63a\conv1d_large_4mult.\tap[10]' using process `$paramod$6085b43887461f415fc1e73c50c74bca22d1d63a\conv1d_large_4mult.$proc$/Users/adarmaori/Desktop/Final$20Project/FPGA/conv1d_large_4mult.v:49$661'.
  created $dff cell `$procdff$2671' with positive edge clock.
Creating register for signal `$paramod$6085b43887461f415fc1e73c50c74bca22d1d63a\conv1d_large_4mult.\tap[11]' using process `$paramod$6085b43887461f415fc1e73c50c74bca22d1d63a\conv1d_large_4mult.$proc$/Users/adarmaori/Desktop/Final$20Project/FPGA/conv1d_large_4mult.v:49$661'.
  created $dff cell `$procdff$2672' with positive edge clock.
Creating register for signal `$paramod$6085b43887461f415fc1e73c50c74bca22d1d63a\conv1d_large_4mult.\tap[12]' using process `$paramod$6085b43887461f415fc1e73c50c74bca22d1d63a\conv1d_large_4mult.$proc$/Users/adarmaori/Desktop/Final$20Project/FPGA/conv1d_large_4mult.v:49$661'.
  created $dff cell `$procdff$2673' with positive edge clock.
Creating register for signal `$paramod$6085b43887461f415fc1e73c50c74bca22d1d63a\conv1d_large_4mult.\tap[13]' using process `$paramod$6085b43887461f415fc1e73c50c74bca22d1d63a\conv1d_large_4mult.$proc$/Users/adarmaori/Desktop/Final$20Project/FPGA/conv1d_large_4mult.v:49$661'.
  created $dff cell `$procdff$2674' with positive edge clock.
Creating register for signal `$paramod$6085b43887461f415fc1e73c50c74bca22d1d63a\conv1d_large_4mult.\tap[14]' using process `$paramod$6085b43887461f415fc1e73c50c74bca22d1d63a\conv1d_large_4mult.$proc$/Users/adarmaori/Desktop/Final$20Project/FPGA/conv1d_large_4mult.v:49$661'.
  created $dff cell `$procdff$2675' with positive edge clock.
Creating register for signal `$paramod$6085b43887461f415fc1e73c50c74bca22d1d63a\conv1d_large_4mult.\tap[15]' using process `$paramod$6085b43887461f415fc1e73c50c74bca22d1d63a\conv1d_large_4mult.$proc$/Users/adarmaori/Desktop/Final$20Project/FPGA/conv1d_large_4mult.v:49$661'.
  created $dff cell `$procdff$2676' with positive edge clock.
Creating register for signal `$paramod$6085b43887461f415fc1e73c50c74bca22d1d63a\conv1d_large_4mult.\tap[16]' using process `$paramod$6085b43887461f415fc1e73c50c74bca22d1d63a\conv1d_large_4mult.$proc$/Users/adarmaori/Desktop/Final$20Project/FPGA/conv1d_large_4mult.v:49$661'.
  created $dff cell `$procdff$2677' with positive edge clock.
Creating register for signal `$paramod$6085b43887461f415fc1e73c50c74bca22d1d63a\conv1d_large_4mult.\tap[17]' using process `$paramod$6085b43887461f415fc1e73c50c74bca22d1d63a\conv1d_large_4mult.$proc$/Users/adarmaori/Desktop/Final$20Project/FPGA/conv1d_large_4mult.v:49$661'.
  created $dff cell `$procdff$2678' with positive edge clock.
Creating register for signal `$paramod$6085b43887461f415fc1e73c50c74bca22d1d63a\conv1d_large_4mult.\tap[18]' using process `$paramod$6085b43887461f415fc1e73c50c74bca22d1d63a\conv1d_large_4mult.$proc$/Users/adarmaori/Desktop/Final$20Project/FPGA/conv1d_large_4mult.v:49$661'.
  created $dff cell `$procdff$2679' with positive edge clock.
Creating register for signal `$paramod$6085b43887461f415fc1e73c50c74bca22d1d63a\conv1d_large_4mult.\tap[19]' using process `$paramod$6085b43887461f415fc1e73c50c74bca22d1d63a\conv1d_large_4mult.$proc$/Users/adarmaori/Desktop/Final$20Project/FPGA/conv1d_large_4mult.v:49$661'.
  created $dff cell `$procdff$2680' with positive edge clock.
Creating register for signal `$paramod$6085b43887461f415fc1e73c50c74bca22d1d63a\conv1d_large_4mult.\tap[20]' using process `$paramod$6085b43887461f415fc1e73c50c74bca22d1d63a\conv1d_large_4mult.$proc$/Users/adarmaori/Desktop/Final$20Project/FPGA/conv1d_large_4mult.v:49$661'.
  created $dff cell `$procdff$2681' with positive edge clock.
Creating register for signal `$paramod$6085b43887461f415fc1e73c50c74bca22d1d63a\conv1d_large_4mult.\tap[21]' using process `$paramod$6085b43887461f415fc1e73c50c74bca22d1d63a\conv1d_large_4mult.$proc$/Users/adarmaori/Desktop/Final$20Project/FPGA/conv1d_large_4mult.v:49$661'.
  created $dff cell `$procdff$2682' with positive edge clock.
Creating register for signal `$paramod$6085b43887461f415fc1e73c50c74bca22d1d63a\conv1d_large_4mult.\tap[22]' using process `$paramod$6085b43887461f415fc1e73c50c74bca22d1d63a\conv1d_large_4mult.$proc$/Users/adarmaori/Desktop/Final$20Project/FPGA/conv1d_large_4mult.v:49$661'.
  created $dff cell `$procdff$2683' with positive edge clock.
Creating register for signal `$paramod$6085b43887461f415fc1e73c50c74bca22d1d63a\conv1d_large_4mult.\tap[23]' using process `$paramod$6085b43887461f415fc1e73c50c74bca22d1d63a\conv1d_large_4mult.$proc$/Users/adarmaori/Desktop/Final$20Project/FPGA/conv1d_large_4mult.v:49$661'.
  created $dff cell `$procdff$2684' with positive edge clock.
Creating register for signal `$paramod$6085b43887461f415fc1e73c50c74bca22d1d63a\conv1d_large_4mult.\tap[24]' using process `$paramod$6085b43887461f415fc1e73c50c74bca22d1d63a\conv1d_large_4mult.$proc$/Users/adarmaori/Desktop/Final$20Project/FPGA/conv1d_large_4mult.v:49$661'.
  created $dff cell `$procdff$2685' with positive edge clock.
Creating register for signal `$paramod$6085b43887461f415fc1e73c50c74bca22d1d63a\conv1d_large_4mult.\tap[25]' using process `$paramod$6085b43887461f415fc1e73c50c74bca22d1d63a\conv1d_large_4mult.$proc$/Users/adarmaori/Desktop/Final$20Project/FPGA/conv1d_large_4mult.v:49$661'.
  created $dff cell `$procdff$2686' with positive edge clock.
Creating register for signal `$paramod$6085b43887461f415fc1e73c50c74bca22d1d63a\conv1d_large_4mult.\tap[26]' using process `$paramod$6085b43887461f415fc1e73c50c74bca22d1d63a\conv1d_large_4mult.$proc$/Users/adarmaori/Desktop/Final$20Project/FPGA/conv1d_large_4mult.v:49$661'.
  created $dff cell `$procdff$2687' with positive edge clock.
Creating register for signal `$paramod$6085b43887461f415fc1e73c50c74bca22d1d63a\conv1d_large_4mult.\tap[27]' using process `$paramod$6085b43887461f415fc1e73c50c74bca22d1d63a\conv1d_large_4mult.$proc$/Users/adarmaori/Desktop/Final$20Project/FPGA/conv1d_large_4mult.v:49$661'.
  created $dff cell `$procdff$2688' with positive edge clock.
Creating register for signal `$paramod$6085b43887461f415fc1e73c50c74bca22d1d63a\conv1d_large_4mult.\tap[28]' using process `$paramod$6085b43887461f415fc1e73c50c74bca22d1d63a\conv1d_large_4mult.$proc$/Users/adarmaori/Desktop/Final$20Project/FPGA/conv1d_large_4mult.v:49$661'.
  created $dff cell `$procdff$2689' with positive edge clock.
Creating register for signal `$paramod$6085b43887461f415fc1e73c50c74bca22d1d63a\conv1d_large_4mult.\tap[29]' using process `$paramod$6085b43887461f415fc1e73c50c74bca22d1d63a\conv1d_large_4mult.$proc$/Users/adarmaori/Desktop/Final$20Project/FPGA/conv1d_large_4mult.v:49$661'.
  created $dff cell `$procdff$2690' with positive edge clock.
Creating register for signal `$paramod$6085b43887461f415fc1e73c50c74bca22d1d63a\conv1d_large_4mult.\tap[30]' using process `$paramod$6085b43887461f415fc1e73c50c74bca22d1d63a\conv1d_large_4mult.$proc$/Users/adarmaori/Desktop/Final$20Project/FPGA/conv1d_large_4mult.v:49$661'.
  created $dff cell `$procdff$2691' with positive edge clock.
Creating register for signal `$paramod$6085b43887461f415fc1e73c50c74bca22d1d63a\conv1d_large_4mult.\tap[31]' using process `$paramod$6085b43887461f415fc1e73c50c74bca22d1d63a\conv1d_large_4mult.$proc$/Users/adarmaori/Desktop/Final$20Project/FPGA/conv1d_large_4mult.v:49$661'.
  created $dff cell `$procdff$2692' with positive edge clock.
Creating register for signal `$paramod$6085b43887461f415fc1e73c50c74bca22d1d63a\conv1d_large_4mult.\tap_weight$func$/Users/adarmaori/Desktop/Final$20Project/FPGA/conv1d_large_4mult.v:84$652.$result' using process `$paramod$6085b43887461f415fc1e73c50c74bca22d1d63a\conv1d_large_4mult.$proc$/Users/adarmaori/Desktop/Final$20Project/FPGA/conv1d_large_4mult.v:49$661'.
  created $dff cell `$procdff$2693' with positive edge clock.
Creating register for signal `$paramod$6085b43887461f415fc1e73c50c74bca22d1d63a\conv1d_large_4mult.\tap_weight$func$/Users/adarmaori/Desktop/Final$20Project/FPGA/conv1d_large_4mult.v:84$652.weight_index' using process `$paramod$6085b43887461f415fc1e73c50c74bca22d1d63a\conv1d_large_4mult.$proc$/Users/adarmaori/Desktop/Final$20Project/FPGA/conv1d_large_4mult.v:49$661'.
  created $dff cell `$procdff$2694' with positive edge clock.
Creating register for signal `$paramod$6085b43887461f415fc1e73c50c74bca22d1d63a\conv1d_large_4mult.\tap_weight$func$/Users/adarmaori/Desktop/Final$20Project/FPGA/conv1d_large_4mult.v:84$653.$result' using process `$paramod$6085b43887461f415fc1e73c50c74bca22d1d63a\conv1d_large_4mult.$proc$/Users/adarmaori/Desktop/Final$20Project/FPGA/conv1d_large_4mult.v:49$661'.
  created $dff cell `$procdff$2695' with positive edge clock.
Creating register for signal `$paramod$6085b43887461f415fc1e73c50c74bca22d1d63a\conv1d_large_4mult.\tap_weight$func$/Users/adarmaori/Desktop/Final$20Project/FPGA/conv1d_large_4mult.v:84$653.weight_index' using process `$paramod$6085b43887461f415fc1e73c50c74bca22d1d63a\conv1d_large_4mult.$proc$/Users/adarmaori/Desktop/Final$20Project/FPGA/conv1d_large_4mult.v:49$661'.
  created $dff cell `$procdff$2696' with positive edge clock.
Creating register for signal `$paramod$6085b43887461f415fc1e73c50c74bca22d1d63a\conv1d_large_4mult.\tap_weight$func$/Users/adarmaori/Desktop/Final$20Project/FPGA/conv1d_large_4mult.v:84$654.$result' using process `$paramod$6085b43887461f415fc1e73c50c74bca22d1d63a\conv1d_large_4mult.$proc$/Users/adarmaori/Desktop/Final$20Project/FPGA/conv1d_large_4mult.v:49$661'.
  created $dff cell `$procdff$2697' with positive edge clock.
Creating register for signal `$paramod$6085b43887461f415fc1e73c50c74bca22d1d63a\conv1d_large_4mult.\tap_weight$func$/Users/adarmaori/Desktop/Final$20Project/FPGA/conv1d_large_4mult.v:84$654.weight_index' using process `$paramod$6085b43887461f415fc1e73c50c74bca22d1d63a\conv1d_large_4mult.$proc$/Users/adarmaori/Desktop/Final$20Project/FPGA/conv1d_large_4mult.v:49$661'.
  created $dff cell `$procdff$2698' with positive edge clock.
Creating register for signal `$paramod$6085b43887461f415fc1e73c50c74bca22d1d63a\conv1d_large_4mult.\tap_weight$func$/Users/adarmaori/Desktop/Final$20Project/FPGA/conv1d_large_4mult.v:84$655.$result' using process `$paramod$6085b43887461f415fc1e73c50c74bca22d1d63a\conv1d_large_4mult.$proc$/Users/adarmaori/Desktop/Final$20Project/FPGA/conv1d_large_4mult.v:49$661'.
  created $dff cell `$procdff$2699' with positive edge clock.
Creating register for signal `$paramod$6085b43887461f415fc1e73c50c74bca22d1d63a\conv1d_large_4mult.\tap_weight$func$/Users/adarmaori/Desktop/Final$20Project/FPGA/conv1d_large_4mult.v:84$655.weight_index' using process `$paramod$6085b43887461f415fc1e73c50c74bca22d1d63a\conv1d_large_4mult.$proc$/Users/adarmaori/Desktop/Final$20Project/FPGA/conv1d_large_4mult.v:49$661'.
  created $dff cell `$procdff$2700' with positive edge clock.
Creating register for signal `$paramod$6085b43887461f415fc1e73c50c74bca22d1d63a\conv1d_large_4mult.\history[31]' using process `$paramod$6085b43887461f415fc1e73c50c74bca22d1d63a\conv1d_large_4mult.$proc$/Users/adarmaori/Desktop/Final$20Project/FPGA/conv1d_large_4mult.v:49$661'.
  created $dff cell `$procdff$2701' with positive edge clock.
Creating register for signal `$paramod$6085b43887461f415fc1e73c50c74bca22d1d63a\conv1d_large_4mult.\history[32]' using process `$paramod$6085b43887461f415fc1e73c50c74bca22d1d63a\conv1d_large_4mult.$proc$/Users/adarmaori/Desktop/Final$20Project/FPGA/conv1d_large_4mult.v:49$661'.
  created $dff cell `$procdff$2702' with positive edge clock.
Creating register for signal `$paramod$6085b43887461f415fc1e73c50c74bca22d1d63a\conv1d_large_4mult.\history[33]' using process `$paramod$6085b43887461f415fc1e73c50c74bca22d1d63a\conv1d_large_4mult.$proc$/Users/adarmaori/Desktop/Final$20Project/FPGA/conv1d_large_4mult.v:49$661'.
  created $dff cell `$procdff$2703' with positive edge clock.
Creating register for signal `$paramod$6085b43887461f415fc1e73c50c74bca22d1d63a\conv1d_large_4mult.\history[34]' using process `$paramod$6085b43887461f415fc1e73c50c74bca22d1d63a\conv1d_large_4mult.$proc$/Users/adarmaori/Desktop/Final$20Project/FPGA/conv1d_large_4mult.v:49$661'.
  created $dff cell `$procdff$2704' with positive edge clock.
Creating register for signal `$paramod$6085b43887461f415fc1e73c50c74bca22d1d63a\conv1d_large_4mult.\history[35]' using process `$paramod$6085b43887461f415fc1e73c50c74bca22d1d63a\conv1d_large_4mult.$proc$/Users/adarmaori/Desktop/Final$20Project/FPGA/conv1d_large_4mult.v:49$661'.
  created $dff cell `$procdff$2705' with positive edge clock.
Creating register for signal `$paramod$6085b43887461f415fc1e73c50c74bca22d1d63a\conv1d_large_4mult.\history[36]' using process `$paramod$6085b43887461f415fc1e73c50c74bca22d1d63a\conv1d_large_4mult.$proc$/Users/adarmaori/Desktop/Final$20Project/FPGA/conv1d_large_4mult.v:49$661'.
  created $dff cell `$procdff$2706' with positive edge clock.
Creating register for signal `$paramod$6085b43887461f415fc1e73c50c74bca22d1d63a\conv1d_large_4mult.\history[37]' using process `$paramod$6085b43887461f415fc1e73c50c74bca22d1d63a\conv1d_large_4mult.$proc$/Users/adarmaori/Desktop/Final$20Project/FPGA/conv1d_large_4mult.v:49$661'.
  created $dff cell `$procdff$2707' with positive edge clock.
Creating register for signal `$paramod$6085b43887461f415fc1e73c50c74bca22d1d63a\conv1d_large_4mult.\history[38]' using process `$paramod$6085b43887461f415fc1e73c50c74bca22d1d63a\conv1d_large_4mult.$proc$/Users/adarmaori/Desktop/Final$20Project/FPGA/conv1d_large_4mult.v:49$661'.
  created $dff cell `$procdff$2708' with positive edge clock.
Creating register for signal `$paramod$6085b43887461f415fc1e73c50c74bca22d1d63a\conv1d_large_4mult.\history[39]' using process `$paramod$6085b43887461f415fc1e73c50c74bca22d1d63a\conv1d_large_4mult.$proc$/Users/adarmaori/Desktop/Final$20Project/FPGA/conv1d_large_4mult.v:49$661'.
  created $dff cell `$procdff$2709' with positive edge clock.
Creating register for signal `$paramod$6085b43887461f415fc1e73c50c74bca22d1d63a\conv1d_large_4mult.\history[40]' using process `$paramod$6085b43887461f415fc1e73c50c74bca22d1d63a\conv1d_large_4mult.$proc$/Users/adarmaori/Desktop/Final$20Project/FPGA/conv1d_large_4mult.v:49$661'.
  created $dff cell `$procdff$2710' with positive edge clock.
Creating register for signal `$paramod$6085b43887461f415fc1e73c50c74bca22d1d63a\conv1d_large_4mult.\history[41]' using process `$paramod$6085b43887461f415fc1e73c50c74bca22d1d63a\conv1d_large_4mult.$proc$/Users/adarmaori/Desktop/Final$20Project/FPGA/conv1d_large_4mult.v:49$661'.
  created $dff cell `$procdff$2711' with positive edge clock.
Creating register for signal `$paramod$6085b43887461f415fc1e73c50c74bca22d1d63a\conv1d_large_4mult.\history[42]' using process `$paramod$6085b43887461f415fc1e73c50c74bca22d1d63a\conv1d_large_4mult.$proc$/Users/adarmaori/Desktop/Final$20Project/FPGA/conv1d_large_4mult.v:49$661'.
  created $dff cell `$procdff$2712' with positive edge clock.
Creating register for signal `$paramod$6085b43887461f415fc1e73c50c74bca22d1d63a\conv1d_large_4mult.\history[43]' using process `$paramod$6085b43887461f415fc1e73c50c74bca22d1d63a\conv1d_large_4mult.$proc$/Users/adarmaori/Desktop/Final$20Project/FPGA/conv1d_large_4mult.v:49$661'.
  created $dff cell `$procdff$2713' with positive edge clock.
Creating register for signal `$paramod$6085b43887461f415fc1e73c50c74bca22d1d63a\conv1d_large_4mult.\history[44]' using process `$paramod$6085b43887461f415fc1e73c50c74bca22d1d63a\conv1d_large_4mult.$proc$/Users/adarmaori/Desktop/Final$20Project/FPGA/conv1d_large_4mult.v:49$661'.
  created $dff cell `$procdff$2714' with positive edge clock.
Creating register for signal `$paramod$6085b43887461f415fc1e73c50c74bca22d1d63a\conv1d_large_4mult.\history[45]' using process `$paramod$6085b43887461f415fc1e73c50c74bca22d1d63a\conv1d_large_4mult.$proc$/Users/adarmaori/Desktop/Final$20Project/FPGA/conv1d_large_4mult.v:49$661'.
  created $dff cell `$procdff$2715' with positive edge clock.
Creating register for signal `$paramod$6085b43887461f415fc1e73c50c74bca22d1d63a\conv1d_large_4mult.\history[46]' using process `$paramod$6085b43887461f415fc1e73c50c74bca22d1d63a\conv1d_large_4mult.$proc$/Users/adarmaori/Desktop/Final$20Project/FPGA/conv1d_large_4mult.v:49$661'.
  created $dff cell `$procdff$2716' with positive edge clock.
Creating register for signal `$paramod$6085b43887461f415fc1e73c50c74bca22d1d63a\conv1d_large_4mult.\history[47]' using process `$paramod$6085b43887461f415fc1e73c50c74bca22d1d63a\conv1d_large_4mult.$proc$/Users/adarmaori/Desktop/Final$20Project/FPGA/conv1d_large_4mult.v:49$661'.
  created $dff cell `$procdff$2717' with positive edge clock.
Creating register for signal `$paramod$6085b43887461f415fc1e73c50c74bca22d1d63a\conv1d_large_4mult.\history[48]' using process `$paramod$6085b43887461f415fc1e73c50c74bca22d1d63a\conv1d_large_4mult.$proc$/Users/adarmaori/Desktop/Final$20Project/FPGA/conv1d_large_4mult.v:49$661'.
  created $dff cell `$procdff$2718' with positive edge clock.
Creating register for signal `$paramod$6085b43887461f415fc1e73c50c74bca22d1d63a\conv1d_large_4mult.\history[49]' using process `$paramod$6085b43887461f415fc1e73c50c74bca22d1d63a\conv1d_large_4mult.$proc$/Users/adarmaori/Desktop/Final$20Project/FPGA/conv1d_large_4mult.v:49$661'.
  created $dff cell `$procdff$2719' with positive edge clock.
Creating register for signal `$paramod$6085b43887461f415fc1e73c50c74bca22d1d63a\conv1d_large_4mult.\history[50]' using process `$paramod$6085b43887461f415fc1e73c50c74bca22d1d63a\conv1d_large_4mult.$proc$/Users/adarmaori/Desktop/Final$20Project/FPGA/conv1d_large_4mult.v:49$661'.
  created $dff cell `$procdff$2720' with positive edge clock.
Creating register for signal `$paramod$6085b43887461f415fc1e73c50c74bca22d1d63a\conv1d_large_4mult.\history[51]' using process `$paramod$6085b43887461f415fc1e73c50c74bca22d1d63a\conv1d_large_4mult.$proc$/Users/adarmaori/Desktop/Final$20Project/FPGA/conv1d_large_4mult.v:49$661'.
  created $dff cell `$procdff$2721' with positive edge clock.
Creating register for signal `$paramod$6085b43887461f415fc1e73c50c74bca22d1d63a\conv1d_large_4mult.\history[52]' using process `$paramod$6085b43887461f415fc1e73c50c74bca22d1d63a\conv1d_large_4mult.$proc$/Users/adarmaori/Desktop/Final$20Project/FPGA/conv1d_large_4mult.v:49$661'.
  created $dff cell `$procdff$2722' with positive edge clock.
Creating register for signal `$paramod$6085b43887461f415fc1e73c50c74bca22d1d63a\conv1d_large_4mult.\history[53]' using process `$paramod$6085b43887461f415fc1e73c50c74bca22d1d63a\conv1d_large_4mult.$proc$/Users/adarmaori/Desktop/Final$20Project/FPGA/conv1d_large_4mult.v:49$661'.
  created $dff cell `$procdff$2723' with positive edge clock.
Creating register for signal `$paramod$6085b43887461f415fc1e73c50c74bca22d1d63a\conv1d_large_4mult.\history[54]' using process `$paramod$6085b43887461f415fc1e73c50c74bca22d1d63a\conv1d_large_4mult.$proc$/Users/adarmaori/Desktop/Final$20Project/FPGA/conv1d_large_4mult.v:49$661'.
  created $dff cell `$procdff$2724' with positive edge clock.
Creating register for signal `$paramod$6085b43887461f415fc1e73c50c74bca22d1d63a\conv1d_large_4mult.\history[55]' using process `$paramod$6085b43887461f415fc1e73c50c74bca22d1d63a\conv1d_large_4mult.$proc$/Users/adarmaori/Desktop/Final$20Project/FPGA/conv1d_large_4mult.v:49$661'.
  created $dff cell `$procdff$2725' with positive edge clock.
Creating register for signal `$paramod$6085b43887461f415fc1e73c50c74bca22d1d63a\conv1d_large_4mult.\history[56]' using process `$paramod$6085b43887461f415fc1e73c50c74bca22d1d63a\conv1d_large_4mult.$proc$/Users/adarmaori/Desktop/Final$20Project/FPGA/conv1d_large_4mult.v:49$661'.
  created $dff cell `$procdff$2726' with positive edge clock.
Creating register for signal `$paramod$6085b43887461f415fc1e73c50c74bca22d1d63a\conv1d_large_4mult.\history[57]' using process `$paramod$6085b43887461f415fc1e73c50c74bca22d1d63a\conv1d_large_4mult.$proc$/Users/adarmaori/Desktop/Final$20Project/FPGA/conv1d_large_4mult.v:49$661'.
  created $dff cell `$procdff$2727' with positive edge clock.
Creating register for signal `$paramod$6085b43887461f415fc1e73c50c74bca22d1d63a\conv1d_large_4mult.\history[58]' using process `$paramod$6085b43887461f415fc1e73c50c74bca22d1d63a\conv1d_large_4mult.$proc$/Users/adarmaori/Desktop/Final$20Project/FPGA/conv1d_large_4mult.v:49$661'.
  created $dff cell `$procdff$2728' with positive edge clock.
Creating register for signal `$paramod$6085b43887461f415fc1e73c50c74bca22d1d63a\conv1d_large_4mult.\history[59]' using process `$paramod$6085b43887461f415fc1e73c50c74bca22d1d63a\conv1d_large_4mult.$proc$/Users/adarmaori/Desktop/Final$20Project/FPGA/conv1d_large_4mult.v:49$661'.
  created $dff cell `$procdff$2729' with positive edge clock.
Creating register for signal `$paramod$6085b43887461f415fc1e73c50c74bca22d1d63a\conv1d_large_4mult.\history[60]' using process `$paramod$6085b43887461f415fc1e73c50c74bca22d1d63a\conv1d_large_4mult.$proc$/Users/adarmaori/Desktop/Final$20Project/FPGA/conv1d_large_4mult.v:49$661'.
  created $dff cell `$procdff$2730' with positive edge clock.
Creating register for signal `$paramod$6085b43887461f415fc1e73c50c74bca22d1d63a\conv1d_large_4mult.\history[61]' using process `$paramod$6085b43887461f415fc1e73c50c74bca22d1d63a\conv1d_large_4mult.$proc$/Users/adarmaori/Desktop/Final$20Project/FPGA/conv1d_large_4mult.v:49$661'.
  created $dff cell `$procdff$2731' with positive edge clock.
Creating register for signal `$paramod$6085b43887461f415fc1e73c50c74bca22d1d63a\conv1d_large_4mult.\history[62]' using process `$paramod$6085b43887461f415fc1e73c50c74bca22d1d63a\conv1d_large_4mult.$proc$/Users/adarmaori/Desktop/Final$20Project/FPGA/conv1d_large_4mult.v:49$661'.
  created $dff cell `$procdff$2732' with positive edge clock.
Creating register for signal `$paramod$6085b43887461f415fc1e73c50c74bca22d1d63a\conv1d_large_4mult.\tap[32]' using process `$paramod$6085b43887461f415fc1e73c50c74bca22d1d63a\conv1d_large_4mult.$proc$/Users/adarmaori/Desktop/Final$20Project/FPGA/conv1d_large_4mult.v:49$661'.
  created $dff cell `$procdff$2733' with positive edge clock.
Creating register for signal `$paramod$6085b43887461f415fc1e73c50c74bca22d1d63a\conv1d_large_4mult.\tap[33]' using process `$paramod$6085b43887461f415fc1e73c50c74bca22d1d63a\conv1d_large_4mult.$proc$/Users/adarmaori/Desktop/Final$20Project/FPGA/conv1d_large_4mult.v:49$661'.
  created $dff cell `$procdff$2734' with positive edge clock.
Creating register for signal `$paramod$6085b43887461f415fc1e73c50c74bca22d1d63a\conv1d_large_4mult.\tap[34]' using process `$paramod$6085b43887461f415fc1e73c50c74bca22d1d63a\conv1d_large_4mult.$proc$/Users/adarmaori/Desktop/Final$20Project/FPGA/conv1d_large_4mult.v:49$661'.
  created $dff cell `$procdff$2735' with positive edge clock.
Creating register for signal `$paramod$6085b43887461f415fc1e73c50c74bca22d1d63a\conv1d_large_4mult.\tap[35]' using process `$paramod$6085b43887461f415fc1e73c50c74bca22d1d63a\conv1d_large_4mult.$proc$/Users/adarmaori/Desktop/Final$20Project/FPGA/conv1d_large_4mult.v:49$661'.
  created $dff cell `$procdff$2736' with positive edge clock.
Creating register for signal `$paramod$6085b43887461f415fc1e73c50c74bca22d1d63a\conv1d_large_4mult.\tap[36]' using process `$paramod$6085b43887461f415fc1e73c50c74bca22d1d63a\conv1d_large_4mult.$proc$/Users/adarmaori/Desktop/Final$20Project/FPGA/conv1d_large_4mult.v:49$661'.
  created $dff cell `$procdff$2737' with positive edge clock.
Creating register for signal `$paramod$6085b43887461f415fc1e73c50c74bca22d1d63a\conv1d_large_4mult.\tap[37]' using process `$paramod$6085b43887461f415fc1e73c50c74bca22d1d63a\conv1d_large_4mult.$proc$/Users/adarmaori/Desktop/Final$20Project/FPGA/conv1d_large_4mult.v:49$661'.
  created $dff cell `$procdff$2738' with positive edge clock.
Creating register for signal `$paramod$6085b43887461f415fc1e73c50c74bca22d1d63a\conv1d_large_4mult.\tap[38]' using process `$paramod$6085b43887461f415fc1e73c50c74bca22d1d63a\conv1d_large_4mult.$proc$/Users/adarmaori/Desktop/Final$20Project/FPGA/conv1d_large_4mult.v:49$661'.
  created $dff cell `$procdff$2739' with positive edge clock.
Creating register for signal `$paramod$6085b43887461f415fc1e73c50c74bca22d1d63a\conv1d_large_4mult.\tap[39]' using process `$paramod$6085b43887461f415fc1e73c50c74bca22d1d63a\conv1d_large_4mult.$proc$/Users/adarmaori/Desktop/Final$20Project/FPGA/conv1d_large_4mult.v:49$661'.
  created $dff cell `$procdff$2740' with positive edge clock.
Creating register for signal `$paramod$6085b43887461f415fc1e73c50c74bca22d1d63a\conv1d_large_4mult.\tap[40]' using process `$paramod$6085b43887461f415fc1e73c50c74bca22d1d63a\conv1d_large_4mult.$proc$/Users/adarmaori/Desktop/Final$20Project/FPGA/conv1d_large_4mult.v:49$661'.
  created $dff cell `$procdff$2741' with positive edge clock.
Creating register for signal `$paramod$6085b43887461f415fc1e73c50c74bca22d1d63a\conv1d_large_4mult.\tap[41]' using process `$paramod$6085b43887461f415fc1e73c50c74bca22d1d63a\conv1d_large_4mult.$proc$/Users/adarmaori/Desktop/Final$20Project/FPGA/conv1d_large_4mult.v:49$661'.
  created $dff cell `$procdff$2742' with positive edge clock.
Creating register for signal `$paramod$6085b43887461f415fc1e73c50c74bca22d1d63a\conv1d_large_4mult.\tap[42]' using process `$paramod$6085b43887461f415fc1e73c50c74bca22d1d63a\conv1d_large_4mult.$proc$/Users/adarmaori/Desktop/Final$20Project/FPGA/conv1d_large_4mult.v:49$661'.
  created $dff cell `$procdff$2743' with positive edge clock.
Creating register for signal `$paramod$6085b43887461f415fc1e73c50c74bca22d1d63a\conv1d_large_4mult.\tap[43]' using process `$paramod$6085b43887461f415fc1e73c50c74bca22d1d63a\conv1d_large_4mult.$proc$/Users/adarmaori/Desktop/Final$20Project/FPGA/conv1d_large_4mult.v:49$661'.
  created $dff cell `$procdff$2744' with positive edge clock.
Creating register for signal `$paramod$6085b43887461f415fc1e73c50c74bca22d1d63a\conv1d_large_4mult.\tap[44]' using process `$paramod$6085b43887461f415fc1e73c50c74bca22d1d63a\conv1d_large_4mult.$proc$/Users/adarmaori/Desktop/Final$20Project/FPGA/conv1d_large_4mult.v:49$661'.
  created $dff cell `$procdff$2745' with positive edge clock.
Creating register for signal `$paramod$6085b43887461f415fc1e73c50c74bca22d1d63a\conv1d_large_4mult.\tap[45]' using process `$paramod$6085b43887461f415fc1e73c50c74bca22d1d63a\conv1d_large_4mult.$proc$/Users/adarmaori/Desktop/Final$20Project/FPGA/conv1d_large_4mult.v:49$661'.
  created $dff cell `$procdff$2746' with positive edge clock.
Creating register for signal `$paramod$6085b43887461f415fc1e73c50c74bca22d1d63a\conv1d_large_4mult.\tap[46]' using process `$paramod$6085b43887461f415fc1e73c50c74bca22d1d63a\conv1d_large_4mult.$proc$/Users/adarmaori/Desktop/Final$20Project/FPGA/conv1d_large_4mult.v:49$661'.
  created $dff cell `$procdff$2747' with positive edge clock.
Creating register for signal `$paramod$6085b43887461f415fc1e73c50c74bca22d1d63a\conv1d_large_4mult.\tap[47]' using process `$paramod$6085b43887461f415fc1e73c50c74bca22d1d63a\conv1d_large_4mult.$proc$/Users/adarmaori/Desktop/Final$20Project/FPGA/conv1d_large_4mult.v:49$661'.
  created $dff cell `$procdff$2748' with positive edge clock.
Creating register for signal `$paramod$6085b43887461f415fc1e73c50c74bca22d1d63a\conv1d_large_4mult.\tap[48]' using process `$paramod$6085b43887461f415fc1e73c50c74bca22d1d63a\conv1d_large_4mult.$proc$/Users/adarmaori/Desktop/Final$20Project/FPGA/conv1d_large_4mult.v:49$661'.
  created $dff cell `$procdff$2749' with positive edge clock.
Creating register for signal `$paramod$6085b43887461f415fc1e73c50c74bca22d1d63a\conv1d_large_4mult.\tap[49]' using process `$paramod$6085b43887461f415fc1e73c50c74bca22d1d63a\conv1d_large_4mult.$proc$/Users/adarmaori/Desktop/Final$20Project/FPGA/conv1d_large_4mult.v:49$661'.
  created $dff cell `$procdff$2750' with positive edge clock.
Creating register for signal `$paramod$6085b43887461f415fc1e73c50c74bca22d1d63a\conv1d_large_4mult.\tap[50]' using process `$paramod$6085b43887461f415fc1e73c50c74bca22d1d63a\conv1d_large_4mult.$proc$/Users/adarmaori/Desktop/Final$20Project/FPGA/conv1d_large_4mult.v:49$661'.
  created $dff cell `$procdff$2751' with positive edge clock.
Creating register for signal `$paramod$6085b43887461f415fc1e73c50c74bca22d1d63a\conv1d_large_4mult.\tap[51]' using process `$paramod$6085b43887461f415fc1e73c50c74bca22d1d63a\conv1d_large_4mult.$proc$/Users/adarmaori/Desktop/Final$20Project/FPGA/conv1d_large_4mult.v:49$661'.
  created $dff cell `$procdff$2752' with positive edge clock.
Creating register for signal `$paramod$6085b43887461f415fc1e73c50c74bca22d1d63a\conv1d_large_4mult.\tap[52]' using process `$paramod$6085b43887461f415fc1e73c50c74bca22d1d63a\conv1d_large_4mult.$proc$/Users/adarmaori/Desktop/Final$20Project/FPGA/conv1d_large_4mult.v:49$661'.
  created $dff cell `$procdff$2753' with positive edge clock.
Creating register for signal `$paramod$6085b43887461f415fc1e73c50c74bca22d1d63a\conv1d_large_4mult.\tap[53]' using process `$paramod$6085b43887461f415fc1e73c50c74bca22d1d63a\conv1d_large_4mult.$proc$/Users/adarmaori/Desktop/Final$20Project/FPGA/conv1d_large_4mult.v:49$661'.
  created $dff cell `$procdff$2754' with positive edge clock.
Creating register for signal `$paramod$6085b43887461f415fc1e73c50c74bca22d1d63a\conv1d_large_4mult.\tap[54]' using process `$paramod$6085b43887461f415fc1e73c50c74bca22d1d63a\conv1d_large_4mult.$proc$/Users/adarmaori/Desktop/Final$20Project/FPGA/conv1d_large_4mult.v:49$661'.
  created $dff cell `$procdff$2755' with positive edge clock.
Creating register for signal `$paramod$6085b43887461f415fc1e73c50c74bca22d1d63a\conv1d_large_4mult.\tap[55]' using process `$paramod$6085b43887461f415fc1e73c50c74bca22d1d63a\conv1d_large_4mult.$proc$/Users/adarmaori/Desktop/Final$20Project/FPGA/conv1d_large_4mult.v:49$661'.
  created $dff cell `$procdff$2756' with positive edge clock.
Creating register for signal `$paramod$6085b43887461f415fc1e73c50c74bca22d1d63a\conv1d_large_4mult.\tap[56]' using process `$paramod$6085b43887461f415fc1e73c50c74bca22d1d63a\conv1d_large_4mult.$proc$/Users/adarmaori/Desktop/Final$20Project/FPGA/conv1d_large_4mult.v:49$661'.
  created $dff cell `$procdff$2757' with positive edge clock.
Creating register for signal `$paramod$6085b43887461f415fc1e73c50c74bca22d1d63a\conv1d_large_4mult.\tap[57]' using process `$paramod$6085b43887461f415fc1e73c50c74bca22d1d63a\conv1d_large_4mult.$proc$/Users/adarmaori/Desktop/Final$20Project/FPGA/conv1d_large_4mult.v:49$661'.
  created $dff cell `$procdff$2758' with positive edge clock.
Creating register for signal `$paramod$6085b43887461f415fc1e73c50c74bca22d1d63a\conv1d_large_4mult.\tap[58]' using process `$paramod$6085b43887461f415fc1e73c50c74bca22d1d63a\conv1d_large_4mult.$proc$/Users/adarmaori/Desktop/Final$20Project/FPGA/conv1d_large_4mult.v:49$661'.
  created $dff cell `$procdff$2759' with positive edge clock.
Creating register for signal `$paramod$6085b43887461f415fc1e73c50c74bca22d1d63a\conv1d_large_4mult.\tap[59]' using process `$paramod$6085b43887461f415fc1e73c50c74bca22d1d63a\conv1d_large_4mult.$proc$/Users/adarmaori/Desktop/Final$20Project/FPGA/conv1d_large_4mult.v:49$661'.
  created $dff cell `$procdff$2760' with positive edge clock.
Creating register for signal `$paramod$6085b43887461f415fc1e73c50c74bca22d1d63a\conv1d_large_4mult.\tap[60]' using process `$paramod$6085b43887461f415fc1e73c50c74bca22d1d63a\conv1d_large_4mult.$proc$/Users/adarmaori/Desktop/Final$20Project/FPGA/conv1d_large_4mult.v:49$661'.
  created $dff cell `$procdff$2761' with positive edge clock.
Creating register for signal `$paramod$6085b43887461f415fc1e73c50c74bca22d1d63a\conv1d_large_4mult.\tap[61]' using process `$paramod$6085b43887461f415fc1e73c50c74bca22d1d63a\conv1d_large_4mult.$proc$/Users/adarmaori/Desktop/Final$20Project/FPGA/conv1d_large_4mult.v:49$661'.
  created $dff cell `$procdff$2762' with positive edge clock.
Creating register for signal `$paramod$6085b43887461f415fc1e73c50c74bca22d1d63a\conv1d_large_4mult.\tap[62]' using process `$paramod$6085b43887461f415fc1e73c50c74bca22d1d63a\conv1d_large_4mult.$proc$/Users/adarmaori/Desktop/Final$20Project/FPGA/conv1d_large_4mult.v:49$661'.
  created $dff cell `$procdff$2763' with positive edge clock.
Creating register for signal `$paramod$6085b43887461f415fc1e73c50c74bca22d1d63a\conv1d_large_4mult.\tap[63]' using process `$paramod$6085b43887461f415fc1e73c50c74bca22d1d63a\conv1d_large_4mult.$proc$/Users/adarmaori/Desktop/Final$20Project/FPGA/conv1d_large_4mult.v:49$661'.
  created $dff cell `$procdff$2764' with positive edge clock.
Creating register for signal `$paramod$6085b43887461f415fc1e73c50c74bca22d1d63a\conv1d_large_4mult.$mem2reg_rd$\tap$/Users/adarmaori/Desktop/Final$20Project/FPGA/conv1d_large_4mult.v:84$656_ADDR' using process `$paramod$6085b43887461f415fc1e73c50c74bca22d1d63a\conv1d_large_4mult.$proc$/Users/adarmaori/Desktop/Final$20Project/FPGA/conv1d_large_4mult.v:49$661'.
  created $dff cell `$procdff$2765' with positive edge clock.
Creating register for signal `$paramod$6085b43887461f415fc1e73c50c74bca22d1d63a\conv1d_large_4mult.$mem2reg_rd$\tap$/Users/adarmaori/Desktop/Final$20Project/FPGA/conv1d_large_4mult.v:84$656_DATA' using process `$paramod$6085b43887461f415fc1e73c50c74bca22d1d63a\conv1d_large_4mult.$proc$/Users/adarmaori/Desktop/Final$20Project/FPGA/conv1d_large_4mult.v:49$661'.
  created $dff cell `$procdff$2766' with positive edge clock.
Creating register for signal `$paramod$6085b43887461f415fc1e73c50c74bca22d1d63a\conv1d_large_4mult.$mem2reg_rd$\tap$/Users/adarmaori/Desktop/Final$20Project/FPGA/conv1d_large_4mult.v:84$657_ADDR' using process `$paramod$6085b43887461f415fc1e73c50c74bca22d1d63a\conv1d_large_4mult.$proc$/Users/adarmaori/Desktop/Final$20Project/FPGA/conv1d_large_4mult.v:49$661'.
  created $dff cell `$procdff$2767' with positive edge clock.
Creating register for signal `$paramod$6085b43887461f415fc1e73c50c74bca22d1d63a\conv1d_large_4mult.$mem2reg_rd$\tap$/Users/adarmaori/Desktop/Final$20Project/FPGA/conv1d_large_4mult.v:84$657_DATA' using process `$paramod$6085b43887461f415fc1e73c50c74bca22d1d63a\conv1d_large_4mult.$proc$/Users/adarmaori/Desktop/Final$20Project/FPGA/conv1d_large_4mult.v:49$661'.
  created $dff cell `$procdff$2768' with positive edge clock.
Creating register for signal `$paramod$6085b43887461f415fc1e73c50c74bca22d1d63a\conv1d_large_4mult.$mem2reg_rd$\tap$/Users/adarmaori/Desktop/Final$20Project/FPGA/conv1d_large_4mult.v:84$658_ADDR' using process `$paramod$6085b43887461f415fc1e73c50c74bca22d1d63a\conv1d_large_4mult.$proc$/Users/adarmaori/Desktop/Final$20Project/FPGA/conv1d_large_4mult.v:49$661'.
  created $dff cell `$procdff$2769' with positive edge clock.
Creating register for signal `$paramod$6085b43887461f415fc1e73c50c74bca22d1d63a\conv1d_large_4mult.$mem2reg_rd$\tap$/Users/adarmaori/Desktop/Final$20Project/FPGA/conv1d_large_4mult.v:84$658_DATA' using process `$paramod$6085b43887461f415fc1e73c50c74bca22d1d63a\conv1d_large_4mult.$proc$/Users/adarmaori/Desktop/Final$20Project/FPGA/conv1d_large_4mult.v:49$661'.
  created $dff cell `$procdff$2770' with positive edge clock.
Creating register for signal `$paramod$6085b43887461f415fc1e73c50c74bca22d1d63a\conv1d_large_4mult.$mem2reg_rd$\tap$/Users/adarmaori/Desktop/Final$20Project/FPGA/conv1d_large_4mult.v:84$659_ADDR' using process `$paramod$6085b43887461f415fc1e73c50c74bca22d1d63a\conv1d_large_4mult.$proc$/Users/adarmaori/Desktop/Final$20Project/FPGA/conv1d_large_4mult.v:49$661'.
  created $dff cell `$procdff$2771' with positive edge clock.
Creating register for signal `$paramod$6085b43887461f415fc1e73c50c74bca22d1d63a\conv1d_large_4mult.$mem2reg_rd$\tap$/Users/adarmaori/Desktop/Final$20Project/FPGA/conv1d_large_4mult.v:84$659_DATA' using process `$paramod$6085b43887461f415fc1e73c50c74bca22d1d63a\conv1d_large_4mult.$proc$/Users/adarmaori/Desktop/Final$20Project/FPGA/conv1d_large_4mult.v:49$661'.
  created $dff cell `$procdff$2772' with positive edge clock.

5.3.10. Executing PROC_MEMWR pass (convert process memory writes to cells).

5.3.11. Executing PROC_CLEAN pass (remove empty switches from decision trees).
Removing empty process `SB_DFFNES.$proc$/opt/homebrew/bin/../share/yosys/ice40/cells_sim.v:0$382'.
Found and cleaned up 1 empty switch in `\SB_DFFNES.$proc$/opt/homebrew/bin/../share/yosys/ice40/cells_sim.v:1414$379'.
Removing empty process `SB_DFFNES.$proc$/opt/homebrew/bin/../share/yosys/ice40/cells_sim.v:1414$379'.
Removing empty process `SB_DFFNESS.$proc$/opt/homebrew/bin/../share/yosys/ice40/cells_sim.v:0$378'.
Found and cleaned up 2 empty switches in `\SB_DFFNESS.$proc$/opt/homebrew/bin/../share/yosys/ice40/cells_sim.v:1353$372'.
Removing empty process `SB_DFFNESS.$proc$/opt/homebrew/bin/../share/yosys/ice40/cells_sim.v:1353$372'.
Removing empty process `SB_DFFNER.$proc$/opt/homebrew/bin/../share/yosys/ice40/cells_sim.v:0$371'.
Found and cleaned up 1 empty switch in `\SB_DFFNER.$proc$/opt/homebrew/bin/../share/yosys/ice40/cells_sim.v:1273$368'.
Removing empty process `SB_DFFNER.$proc$/opt/homebrew/bin/../share/yosys/ice40/cells_sim.v:1273$368'.
Removing empty process `SB_DFFNESR.$proc$/opt/homebrew/bin/../share/yosys/ice40/cells_sim.v:0$367'.
Found and cleaned up 2 empty switches in `\SB_DFFNESR.$proc$/opt/homebrew/bin/../share/yosys/ice40/cells_sim.v:1212$361'.
Removing empty process `SB_DFFNESR.$proc$/opt/homebrew/bin/../share/yosys/ice40/cells_sim.v:1212$361'.
Removing empty process `SB_DFFNS.$proc$/opt/homebrew/bin/../share/yosys/ice40/cells_sim.v:0$360'.
Removing empty process `SB_DFFNS.$proc$/opt/homebrew/bin/../share/yosys/ice40/cells_sim.v:1138$358'.
Removing empty process `SB_DFFNSS.$proc$/opt/homebrew/bin/../share/yosys/ice40/cells_sim.v:0$357'.
Found and cleaned up 1 empty switch in `\SB_DFFNSS.$proc$/opt/homebrew/bin/../share/yosys/ice40/cells_sim.v:1088$355'.
Removing empty process `SB_DFFNSS.$proc$/opt/homebrew/bin/../share/yosys/ice40/cells_sim.v:1088$355'.
Removing empty process `SB_DFFNR.$proc$/opt/homebrew/bin/../share/yosys/ice40/cells_sim.v:0$354'.
Removing empty process `SB_DFFNR.$proc$/opt/homebrew/bin/../share/yosys/ice40/cells_sim.v:1017$352'.
Removing empty process `SB_DFFNSR.$proc$/opt/homebrew/bin/../share/yosys/ice40/cells_sim.v:0$351'.
Found and cleaned up 1 empty switch in `\SB_DFFNSR.$proc$/opt/homebrew/bin/../share/yosys/ice40/cells_sim.v:967$349'.
Removing empty process `SB_DFFNSR.$proc$/opt/homebrew/bin/../share/yosys/ice40/cells_sim.v:967$349'.
Removing empty process `SB_DFFNE.$proc$/opt/homebrew/bin/../share/yosys/ice40/cells_sim.v:0$348'.
Found and cleaned up 1 empty switch in `\SB_DFFNE.$proc$/opt/homebrew/bin/../share/yosys/ice40/cells_sim.v:922$347'.
Removing empty process `SB_DFFNE.$proc$/opt/homebrew/bin/../share/yosys/ice40/cells_sim.v:922$347'.
Removing empty process `SB_DFFN.$proc$/opt/homebrew/bin/../share/yosys/ice40/cells_sim.v:0$346'.
Removing empty process `SB_DFFN.$proc$/opt/homebrew/bin/../share/yosys/ice40/cells_sim.v:882$345'.
Removing empty process `SB_DFFES.$proc$/opt/homebrew/bin/../share/yosys/ice40/cells_sim.v:0$344'.
Found and cleaned up 1 empty switch in `\SB_DFFES.$proc$/opt/homebrew/bin/../share/yosys/ice40/cells_sim.v:803$341'.
Removing empty process `SB_DFFES.$proc$/opt/homebrew/bin/../share/yosys/ice40/cells_sim.v:803$341'.
Removing empty process `SB_DFFESS.$proc$/opt/homebrew/bin/../share/yosys/ice40/cells_sim.v:0$340'.
Found and cleaned up 2 empty switches in `\SB_DFFESS.$proc$/opt/homebrew/bin/../share/yosys/ice40/cells_sim.v:742$334'.
Removing empty process `SB_DFFESS.$proc$/opt/homebrew/bin/../share/yosys/ice40/cells_sim.v:742$334'.
Removing empty process `SB_DFFER.$proc$/opt/homebrew/bin/../share/yosys/ice40/cells_sim.v:0$333'.
Found and cleaned up 1 empty switch in `\SB_DFFER.$proc$/opt/homebrew/bin/../share/yosys/ice40/cells_sim.v:662$330'.
Removing empty process `SB_DFFER.$proc$/opt/homebrew/bin/../share/yosys/ice40/cells_sim.v:662$330'.
Removing empty process `SB_DFFESR.$proc$/opt/homebrew/bin/../share/yosys/ice40/cells_sim.v:0$329'.
Found and cleaned up 2 empty switches in `\SB_DFFESR.$proc$/opt/homebrew/bin/../share/yosys/ice40/cells_sim.v:601$323'.
Removing empty process `SB_DFFESR.$proc$/opt/homebrew/bin/../share/yosys/ice40/cells_sim.v:601$323'.
Removing empty process `SB_DFFS.$proc$/opt/homebrew/bin/../share/yosys/ice40/cells_sim.v:0$322'.
Removing empty process `SB_DFFS.$proc$/opt/homebrew/bin/../share/yosys/ice40/cells_sim.v:527$320'.
Removing empty process `SB_DFFSS.$proc$/opt/homebrew/bin/../share/yosys/ice40/cells_sim.v:0$319'.
Found and cleaned up 1 empty switch in `\SB_DFFSS.$proc$/opt/homebrew/bin/../share/yosys/ice40/cells_sim.v:477$317'.
Removing empty process `SB_DFFSS.$proc$/opt/homebrew/bin/../share/yosys/ice40/cells_sim.v:477$317'.
Removing empty process `SB_DFFR.$proc$/opt/homebrew/bin/../share/yosys/ice40/cells_sim.v:0$316'.
Removing empty process `SB_DFFR.$proc$/opt/homebrew/bin/../share/yosys/ice40/cells_sim.v:406$314'.
Removing empty process `SB_DFFSR.$proc$/opt/homebrew/bin/../share/yosys/ice40/cells_sim.v:0$313'.
Found and cleaned up 1 empty switch in `\SB_DFFSR.$proc$/opt/homebrew/bin/../share/yosys/ice40/cells_sim.v:356$311'.
Removing empty process `SB_DFFSR.$proc$/opt/homebrew/bin/../share/yosys/ice40/cells_sim.v:356$311'.
Removing empty process `SB_DFFE.$proc$/opt/homebrew/bin/../share/yosys/ice40/cells_sim.v:0$310'.
Found and cleaned up 1 empty switch in `\SB_DFFE.$proc$/opt/homebrew/bin/../share/yosys/ice40/cells_sim.v:311$309'.
Removing empty process `SB_DFFE.$proc$/opt/homebrew/bin/../share/yosys/ice40/cells_sim.v:311$309'.
Removing empty process `SB_DFF.$proc$/opt/homebrew/bin/../share/yosys/ice40/cells_sim.v:0$308'.
Removing empty process `SB_DFF.$proc$/opt/homebrew/bin/../share/yosys/ice40/cells_sim.v:271$307'.
Found and cleaned up 16 empty switches in `$paramod$6085b43887461f415fc1e73c50c74bca22d1d63a\conv1d_large_4mult.$proc$/Users/adarmaori/Desktop/Final$20Project/FPGA/conv1d_large_4mult.v:49$661'.
Removing empty process `$paramod$6085b43887461f415fc1e73c50c74bca22d1d63a\conv1d_large_4mult.$proc$/Users/adarmaori/Desktop/Final$20Project/FPGA/conv1d_large_4mult.v:49$661'.
Cleaned up 34 empty switches.

5.3.12. Executing OPT_EXPR pass (perform const folding).
Optimizing module conv1d_large_benchmark_top.
Optimizing module $paramod$6085b43887461f415fc1e73c50c74bca22d1d63a\conv1d_large_engine.
Optimizing module $paramod$6085b43887461f415fc1e73c50c74bca22d1d63a\conv1d_large_4mult.
<suppressed ~4 debug messages>

5.4. Executing FLATTEN pass (flatten design).
Deleting now unused module $paramod$6085b43887461f415fc1e73c50c74bca22d1d63a\conv1d_large_engine.
Deleting now unused module $paramod$6085b43887461f415fc1e73c50c74bca22d1d63a\conv1d_large_4mult.
<suppressed ~2 debug messages>

5.5. Executing TRIBUF pass.

5.6. Executing DEMINOUT pass (demote inout ports to input or output).

5.7. Executing OPT_EXPR pass (perform const folding).
Optimizing module conv1d_large_benchmark_top.
<suppressed ~8 debug messages>

5.8. Executing OPT_CLEAN pass (remove unused cells and wires).
Finding unused cells or wires in module \conv1d_large_benchmark_top..
Removed 190 unused cells and 925 unused wires.
<suppressed ~205 debug messages>

5.9. Executing CHECK pass (checking for obvious problems).
Checking module conv1d_large_benchmark_top...
Found and reported 0 problems.

5.10. Executing OPT pass (performing simple optimizations).

5.10.1. Executing OPT_EXPR pass (perform const folding).
Optimizing module conv1d_large_benchmark_top.
<suppressed ~1 debug messages>

5.10.2. Executing OPT_MERGE pass (detect identical cells).
Finding identical cells in module `\conv1d_large_benchmark_top'.
<suppressed ~24 debug messages>
Removed a total of 8 cells.

5.10.3. Executing OPT_MUXTREE pass (detect dead branches in mux trees).
Running muxtree optimizer on module \conv1d_large_benchmark_top..
  Creating internal representation of mux trees.
  Evaluating internal representation of mux trees.
      Replacing known input bits on port A of cell $flatten\conv.\impl.$procmux$2559: \conv.impl.busy -> 1'0
      Replacing known input bits on port A of cell $flatten\conv.\impl.$procmux$2557: \conv.impl.busy -> 1'1
  Analyzing evaluation results.
Removed 0 multiplexer ports.
<suppressed ~144 debug messages>

5.10.4. Executing OPT_REDUCE pass (consolidate $*mux and $reduce_* inputs).
  Optimizing cells in module \conv1d_large_benchmark_top.
    New ctrl vector for $pmux cell $flatten\conv.\impl.$procmux$1066: { $flatten\conv.\impl.$procmux$1072_CMP $flatten\conv.\impl.$procmux$1071_CMP $flatten\conv.\impl.$procmux$1070_CMP $flatten\conv.\impl.$procmux$1068_CMP $auto$opt_reduce.cc:134:opt_pmux$2796 }
    New ctrl vector for $pmux cell $flatten\conv.\impl.$procmux$1223: { $flatten\conv.\impl.$procmux$1229_CMP $flatten\conv.\impl.$procmux$1228_CMP $flatten\conv.\impl.$procmux$1227_CMP $flatten\conv.\impl.$procmux$1225_CMP $auto$opt_reduce.cc:134:opt_pmux$2798 }
    New ctrl vector for $pmux cell $flatten\conv.\impl.$procmux$1380: { $flatten\conv.\impl.$procmux$1386_CMP $flatten\conv.\impl.$procmux$1385_CMP $flatten\conv.\impl.$procmux$1384_CMP $flatten\conv.\impl.$procmux$1382_CMP $auto$opt_reduce.cc:134:opt_pmux$2800 }
    New ctrl vector for $pmux cell $flatten\conv.\impl.$procmux$909: { $flatten\conv.\impl.$procmux$915_CMP $flatten\conv.\impl.$procmux$914_CMP $flatten\conv.\impl.$procmux$913_CMP $flatten\conv.\impl.$procmux$911_CMP $auto$opt_reduce.cc:134:opt_pmux$2802 }
  Optimizing cells in module \conv1d_large_benchmark_top.
Performed a total of 4 changes.

5.10.5. Executing OPT_MERGE pass (detect identical cells).
Finding identical cells in module `\conv1d_large_benchmark_top'.
Removed a total of 0 cells.

5.10.6. Executing OPT_DFF pass (perform DFF optimizations).

5.10.7. Executing OPT_CLEAN pass (remove unused cells and wires).
Finding unused cells or wires in module \conv1d_large_benchmark_top..
Removed 1 unused cells and 10 unused wires.
<suppressed ~2 debug messages>

5.10.8. Executing OPT_EXPR pass (perform const folding).
Optimizing module conv1d_large_benchmark_top.

5.10.9. Rerunning OPT passes. (Maybe there is more to do..)

5.10.10. Executing OPT_MUXTREE pass (detect dead branches in mux trees).
Running muxtree optimizer on module \conv1d_large_benchmark_top..
  Creating internal representation of mux trees.
  Evaluating internal representation of mux trees.
  Analyzing evaluation results.
Removed 0 multiplexer ports.
<suppressed ~144 debug messages>

5.10.11. Executing OPT_REDUCE pass (consolidate $*mux and $reduce_* inputs).
  Optimizing cells in module \conv1d_large_benchmark_top.
Performed a total of 0 changes.

5.10.12. Executing OPT_MERGE pass (detect identical cells).
Finding identical cells in module `\conv1d_large_benchmark_top'.
Removed a total of 0 cells.

5.10.13. Executing OPT_DFF pass (perform DFF optimizations).

5.10.14. Executing OPT_CLEAN pass (remove unused cells and wires).
Finding unused cells or wires in module \conv1d_large_benchmark_top..

5.10.15. Executing OPT_EXPR pass (perform const folding).
Optimizing module conv1d_large_benchmark_top.

5.10.16. Finished OPT passes. (There is nothing left to do.)

5.11. Executing FSM pass (extract and optimize FSM).

5.11.1. Executing FSM_DETECT pass (finding FSMs in design).

5.11.2. Executing FSM_EXTRACT pass (extracting FSM from design).

5.11.3. Executing FSM_OPT pass (simple optimizations of FSMs).

5.11.4. Executing OPT_CLEAN pass (remove unused cells and wires).
Finding unused cells or wires in module \conv1d_large_benchmark_top..

5.11.5. Executing FSM_OPT pass (simple optimizations of FSMs).

5.11.6. Executing FSM_RECODE pass (re-assigning FSM state encoding).

5.11.7. Executing FSM_INFO pass (dumping all available information on FSM cells).

5.11.8. Executing FSM_MAP pass (mapping FSMs to basic logic).

5.12. Executing OPT pass (performing simple optimizations).

5.12.1. Executing OPT_EXPR pass (perform const folding).
Optimizing module conv1d_large_benchmark_top.

5.12.2. Executing OPT_MERGE pass (detect identical cells).
Finding identical cells in module `\conv1d_large_benchmark_top'.
Removed a total of 0 cells.

5.12.3. Executing OPT_MUXTREE pass (detect dead branches in mux trees).
Running muxtree optimizer on module \conv1d_large_benchmark_top..
  Creating internal representation of mux trees.
  Evaluating internal representation of mux trees.
  Analyzing evaluation results.
Removed 0 multiplexer ports.
<suppressed ~144 debug messages>

5.12.4. Executing OPT_REDUCE pass (consolidate $*mux and $reduce_* inputs).
  Optimizing cells in module \conv1d_large_benchmark_top.
Performed a total of 0 changes.

5.12.5. Executing OPT_MERGE pass (detect identical cells).
Finding identical cells in module `\conv1d_large_benchmark_top'.
Removed a total of 0 cells.

5.12.6. Executing OPT_DFF pass (perform DFF optimizations).
Adding SRST signal on $flatten\conv.\impl.$procdff$2764 ($dff) from module conv1d_large_benchmark_top (D = $flatten\conv.\impl.$procmux$1794_Y, Q = \conv.impl.tap[63], rval = 8'00000000).
Adding EN signal on $auto$ff.cc:266:slice$2803 ($sdff) from module conv1d_large_benchmark_top (D = \conv.impl.history[62], Q = \conv.impl.tap[63]).
Adding SRST signal on $flatten\conv.\impl.$procdff$2763 ($dff) from module conv1d_large_benchmark_top (D = $flatten\conv.\impl.$procmux$1800_Y, Q = \conv.impl.tap[62], rval = 8'00000000).
Adding EN signal on $auto$ff.cc:266:slice$2805 ($sdff) from module conv1d_large_benchmark_top (D = \conv.impl.history[61], Q = \conv.impl.tap[62]).
Adding SRST signal on $flatten\conv.\impl.$procdff$2762 ($dff) from module conv1d_large_benchmark_top (D = $flatten\conv.\impl.$procmux$1806_Y, Q = \conv.impl.tap[61], rval = 8'00000000).
Adding EN signal on $auto$ff.cc:266:slice$2807 ($sdff) from module conv1d_large_benchmark_top (D = \conv.impl.history[60], Q = \conv.impl.tap[61]).
Adding SRST signal on $flatten\conv.\impl.$procdff$2761 ($dff) from module conv1d_large_benchmark_top (D = $flatten\conv.\impl.$procmux$1812_Y, Q = \conv.impl.tap[60], rval = 8'00000000).
Adding EN signal on $auto$ff.cc:266:slice$2809 ($sdff) from module conv1d_large_benchmark_top (D = \conv.impl.history[59], Q = \conv.impl.tap[60]).
Adding SRST signal on $flatten\conv.\impl.$procdff$2760 ($dff) from module conv1d_large_benchmark_top (D = $flatten\conv.\impl.$procmux$1818_Y, Q = \conv.impl.tap[59], rval = 8'00000000).
Adding EN signal on $auto$ff.cc:266:slice$2811 ($sdff) from module conv1d_large_benchmark_top (D = \conv.impl.history[58], Q = \conv.impl.tap[59]).
Adding SRST signal on $flatten\conv.\impl.$procdff$2759 ($dff) from module conv1d_large_benchmark_top (D = $flatten\conv.\impl.$procmux$1824_Y, Q = \conv.impl.tap[58], rval = 8'00000000).
Adding EN signal on $auto$ff.cc:266:slice$2813 ($sdff) from module conv1d_large_benchmark_top (D = \conv.impl.history[57], Q = \conv.impl.tap[58]).
Adding SRST signal on $flatten\conv.\impl.$procdff$2758 ($dff) from module conv1d_large_benchmark_top (D = $flatten\conv.\impl.$procmux$1830_Y, Q = \conv.impl.tap[57], rval = 8'00000000).
Adding EN signal on $auto$ff.cc:266:slice$2815 ($sdff) from module conv1d_large_benchmark_top (D = \conv.impl.history[56], Q = \conv.impl.tap[57]).
Adding SRST signal on $flatten\conv.\impl.$procdff$2757 ($dff) from module conv1d_large_benchmark_top (D = $flatten\conv.\impl.$procmux$1836_Y, Q = \conv.impl.tap[56], rval = 8'00000000).
Adding EN signal on $auto$ff.cc:266:slice$2817 ($sdff) from module conv1d_large_benchmark_top (D = \conv.impl.history[55], Q = \conv.impl.tap[56]).
Adding SRST signal on $flatten\conv.\impl.$procdff$2756 ($dff) from module conv1d_large_benchmark_top (D = $flatten\conv.\impl.$procmux$1842_Y, Q = \conv.impl.tap[55], rval = 8'00000000).
Adding EN signal on $auto$ff.cc:266:slice$2819 ($sdff) from module conv1d_large_benchmark_top (D = \conv.impl.history[54], Q = \conv.impl.tap[55]).
Adding SRST signal on $flatten\conv.\impl.$procdff$2755 ($dff) from module conv1d_large_benchmark_top (D = $flatten\conv.\impl.$procmux$1848_Y, Q = \conv.impl.tap[54], rval = 8'00000000).
Adding EN signal on $auto$ff.cc:266:slice$2821 ($sdff) from module conv1d_large_benchmark_top (D = \conv.impl.history[53], Q = \conv.impl.tap[54]).
Adding SRST signal on $flatten\conv.\impl.$procdff$2754 ($dff) from module conv1d_large_benchmark_top (D = $flatten\conv.\impl.$procmux$1854_Y, Q = \conv.impl.tap[53], rval = 8'00000000).
Adding EN signal on $auto$ff.cc:266:slice$2823 ($sdff) from module conv1d_large_benchmark_top (D = \conv.impl.history[52], Q = \conv.impl.tap[53]).
Adding SRST signal on $flatten\conv.\impl.$procdff$2753 ($dff) from module conv1d_large_benchmark_top (D = $flatten\conv.\impl.$procmux$1860_Y, Q = \conv.impl.tap[52], rval = 8'00000000).
Adding EN signal on $auto$ff.cc:266:slice$2825 ($sdff) from module conv1d_large_benchmark_top (D = \conv.impl.history[51], Q = \conv.impl.tap[52]).
Adding SRST signal on $flatten\conv.\impl.$procdff$2752 ($dff) from module conv1d_large_benchmark_top (D = $flatten\conv.\impl.$procmux$1866_Y, Q = \conv.impl.tap[51], rval = 8'00000000).
Adding EN signal on $auto$ff.cc:266:slice$2827 ($sdff) from module conv1d_large_benchmark_top (D = \conv.impl.history[50], Q = \conv.impl.tap[51]).
Adding SRST signal on $flatten\conv.\impl.$procdff$2751 ($dff) from module conv1d_large_benchmark_top (D = $flatten\conv.\impl.$procmux$1872_Y, Q = \conv.impl.tap[50], rval = 8'00000000).
Adding EN signal on $auto$ff.cc:266:slice$2829 ($sdff) from module conv1d_large_benchmark_top (D = \conv.impl.history[49], Q = \conv.impl.tap[50]).
Adding SRST signal on $flatten\conv.\impl.$procdff$2750 ($dff) from module conv1d_large_benchmark_top (D = $flatten\conv.\impl.$procmux$1878_Y, Q = \conv.impl.tap[49], rval = 8'00000000).
Adding EN signal on $auto$ff.cc:266:slice$2831 ($sdff) from module conv1d_large_benchmark_top (D = \conv.impl.history[48], Q = \conv.impl.tap[49]).
Adding SRST signal on $flatten\conv.\impl.$procdff$2749 ($dff) from module conv1d_large_benchmark_top (D = $flatten\conv.\impl.$procmux$1884_Y, Q = \conv.impl.tap[48], rval = 8'00000000).
Adding EN signal on $auto$ff.cc:266:slice$2833 ($sdff) from module conv1d_large_benchmark_top (D = \conv.impl.history[47], Q = \conv.impl.tap[48]).
Adding SRST signal on $flatten\conv.\impl.$procdff$2748 ($dff) from module conv1d_large_benchmark_top (D = $flatten\conv.\impl.$procmux$1890_Y, Q = \conv.impl.tap[47], rval = 8'00000000).
Adding EN signal on $auto$ff.cc:266:slice$2835 ($sdff) from module conv1d_large_benchmark_top (D = \conv.impl.history[46], Q = \conv.impl.tap[47]).
Adding SRST signal on $flatten\conv.\impl.$procdff$2747 ($dff) from module conv1d_large_benchmark_top (D = $flatten\conv.\impl.$procmux$1896_Y, Q = \conv.impl.tap[46], rval = 8'00000000).
Adding EN signal on $auto$ff.cc:266:slice$2837 ($sdff) from module conv1d_large_benchmark_top (D = \conv.impl.history[45], Q = \conv.impl.tap[46]).
Adding SRST signal on $flatten\conv.\impl.$procdff$2746 ($dff) from module conv1d_large_benchmark_top (D = $flatten\conv.\impl.$procmux$1902_Y, Q = \conv.impl.tap[45], rval = 8'00000000).
Adding EN signal on $auto$ff.cc:266:slice$2839 ($sdff) from module conv1d_large_benchmark_top (D = \conv.impl.history[44], Q = \conv.impl.tap[45]).
Adding SRST signal on $flatten\conv.\impl.$procdff$2745 ($dff) from module conv1d_large_benchmark_top (D = $flatten\conv.\impl.$procmux$1908_Y, Q = \conv.impl.tap[44], rval = 8'00000000).
Adding EN signal on $auto$ff.cc:266:slice$2841 ($sdff) from module conv1d_large_benchmark_top (D = \conv.impl.history[43], Q = \conv.impl.tap[44]).
Adding SRST signal on $flatten\conv.\impl.$procdff$2744 ($dff) from module conv1d_large_benchmark_top (D = $flatten\conv.\impl.$procmux$1914_Y, Q = \conv.impl.tap[43], rval = 8'00000000).
Adding EN signal on $auto$ff.cc:266:slice$2843 ($sdff) from module conv1d_large_benchmark_top (D = \conv.impl.history[42], Q = \conv.impl.tap[43]).
Adding SRST signal on $flatten\conv.\impl.$procdff$2743 ($dff) from module conv1d_large_benchmark_top (D = $flatten\conv.\impl.$procmux$1920_Y, Q = \conv.impl.tap[42], rval = 8'00000000).
Adding EN signal on $auto$ff.cc:266:slice$2845 ($sdff) from module conv1d_large_benchmark_top (D = \conv.impl.history[41], Q = \conv.impl.tap[42]).
Adding SRST signal on $flatten\conv.\impl.$procdff$2742 ($dff) from module conv1d_large_benchmark_top (D = $flatten\conv.\impl.$procmux$1926_Y, Q = \conv.impl.tap[41], rval = 8'00000000).
Adding EN signal on $auto$ff.cc:266:slice$2847 ($sdff) from module conv1d_large_benchmark_top (D = \conv.impl.history[40], Q = \conv.impl.tap[41]).
Adding SRST signal on $flatten\conv.\impl.$procdff$2741 ($dff) from module conv1d_large_benchmark_top (D = $flatten\conv.\impl.$procmux$1932_Y, Q = \conv.impl.tap[40], rval = 8'00000000).
Adding EN signal on $auto$ff.cc:266:slice$2849 ($sdff) from module conv1d_large_benchmark_top (D = \conv.impl.history[39], Q = \conv.impl.tap[40]).
Adding SRST signal on $flatten\conv.\impl.$procdff$2740 ($dff) from module conv1d_large_benchmark_top (D = $flatten\conv.\impl.$procmux$1938_Y, Q = \conv.impl.tap[39], rval = 8'00000000).
Adding EN signal on $auto$ff.cc:266:slice$2851 ($sdff) from module conv1d_large_benchmark_top (D = \conv.impl.history[38], Q = \conv.impl.tap[39]).
Adding SRST signal on $flatten\conv.\impl.$procdff$2739 ($dff) from module conv1d_large_benchmark_top (D = $flatten\conv.\impl.$procmux$1944_Y, Q = \conv.impl.tap[38], rval = 8'00000000).
Adding EN signal on $auto$ff.cc:266:slice$2853 ($sdff) from module conv1d_large_benchmark_top (D = \conv.impl.history[37], Q = \conv.impl.tap[38]).
Adding SRST signal on $flatten\conv.\impl.$procdff$2738 ($dff) from module conv1d_large_benchmark_top (D = $flatten\conv.\impl.$procmux$1950_Y, Q = \conv.impl.tap[37], rval = 8'00000000).
Adding EN signal on $auto$ff.cc:266:slice$2855 ($sdff) from module conv1d_large_benchmark_top (D = \conv.impl.history[36], Q = \conv.impl.tap[37]).
Adding SRST signal on $flatten\conv.\impl.$procdff$2737 ($dff) from module conv1d_large_benchmark_top (D = $flatten\conv.\impl.$procmux$1956_Y, Q = \conv.impl.tap[36], rval = 8'00000000).
Adding EN signal on $auto$ff.cc:266:slice$2857 ($sdff) from module conv1d_large_benchmark_top (D = \conv.impl.history[35], Q = \conv.impl.tap[36]).
Adding SRST signal on $flatten\conv.\impl.$procdff$2736 ($dff) from module conv1d_large_benchmark_top (D = $flatten\conv.\impl.$procmux$1962_Y, Q = \conv.impl.tap[35], rval = 8'00000000).
Adding EN signal on $auto$ff.cc:266:slice$2859 ($sdff) from module conv1d_large_benchmark_top (D = \conv.impl.history[34], Q = \conv.impl.tap[35]).
Adding SRST signal on $flatten\conv.\impl.$procdff$2735 ($dff) from module conv1d_large_benchmark_top (D = $flatten\conv.\impl.$procmux$1968_Y, Q = \conv.impl.tap[34], rval = 8'00000000).
Adding EN signal on $auto$ff.cc:266:slice$2861 ($sdff) from module conv1d_large_benchmark_top (D = \conv.impl.history[33], Q = \conv.impl.tap[34]).
Adding SRST signal on $flatten\conv.\impl.$procdff$2734 ($dff) from module conv1d_large_benchmark_top (D = $flatten\conv.\impl.$procmux$1974_Y, Q = \conv.impl.tap[33], rval = 8'00000000).
Adding EN signal on $auto$ff.cc:266:slice$2863 ($sdff) from module conv1d_large_benchmark_top (D = \conv.impl.history[32], Q = \conv.impl.tap[33]).
Adding SRST signal on $flatten\conv.\impl.$procdff$2733 ($dff) from module conv1d_large_benchmark_top (D = $flatten\conv.\impl.$procmux$1980_Y, Q = \conv.impl.tap[32], rval = 8'00000000).
Adding EN signal on $auto$ff.cc:266:slice$2865 ($sdff) from module conv1d_large_benchmark_top (D = \conv.impl.history[31], Q = \conv.impl.tap[32]).
Adding SRST signal on $flatten\conv.\impl.$procdff$2732 ($dff) from module conv1d_large_benchmark_top (D = $flatten\conv.\impl.$procmux$1986_Y, Q = \conv.impl.history[62], rval = 8'00000000).
Adding EN signal on $auto$ff.cc:266:slice$2867 ($sdff) from module conv1d_large_benchmark_top (D = \conv.impl.history[61], Q = \conv.impl.history[62]).
Adding SRST signal on $flatten\conv.\impl.$procdff$2731 ($dff) from module conv1d_large_benchmark_top (D = $flatten\conv.\impl.$procmux$1992_Y, Q = \conv.impl.history[61], rval = 8'00000000).
Adding EN signal on $auto$ff.cc:266:slice$2869 ($sdff) from module conv1d_large_benchmark_top (D = \conv.impl.history[60], Q = \conv.impl.history[61]).
Adding SRST signal on $flatten\conv.\impl.$procdff$2730 ($dff) from module conv1d_large_benchmark_top (D = $flatten\conv.\impl.$procmux$1998_Y, Q = \conv.impl.history[60], rval = 8'00000000).
Adding EN signal on $auto$ff.cc:266:slice$2871 ($sdff) from module conv1d_large_benchmark_top (D = \conv.impl.history[59], Q = \conv.impl.history[60]).
Adding SRST signal on $flatten\conv.\impl.$procdff$2729 ($dff) from module conv1d_large_benchmark_top (D = $flatten\conv.\impl.$procmux$2004_Y, Q = \conv.impl.history[59], rval = 8'00000000).
Adding EN signal on $auto$ff.cc:266:slice$2873 ($sdff) from module conv1d_large_benchmark_top (D = \conv.impl.history[58], Q = \conv.impl.history[59]).
Adding SRST signal on $flatten\conv.\impl.$procdff$2728 ($dff) from module conv1d_large_benchmark_top (D = $flatten\conv.\impl.$procmux$2010_Y, Q = \conv.impl.history[58], rval = 8'00000000).
Adding EN signal on $auto$ff.cc:266:slice$2875 ($sdff) from module conv1d_large_benchmark_top (D = \conv.impl.history[57], Q = \conv.impl.history[58]).
Adding SRST signal on $flatten\conv.\impl.$procdff$2727 ($dff) from module conv1d_large_benchmark_top (D = $flatten\conv.\impl.$procmux$2016_Y, Q = \conv.impl.history[57], rval = 8'00000000).
Adding EN signal on $auto$ff.cc:266:slice$2877 ($sdff) from module conv1d_large_benchmark_top (D = \conv.impl.history[56], Q = \conv.impl.history[57]).
Adding SRST signal on $flatten\conv.\impl.$procdff$2726 ($dff) from module conv1d_large_benchmark_top (D = $flatten\conv.\impl.$procmux$2022_Y, Q = \conv.impl.history[56], rval = 8'00000000).
Adding EN signal on $auto$ff.cc:266:slice$2879 ($sdff) from module conv1d_large_benchmark_top (D = \conv.impl.history[55], Q = \conv.impl.history[56]).
Adding SRST signal on $flatten\conv.\impl.$procdff$2725 ($dff) from module conv1d_large_benchmark_top (D = $flatten\conv.\impl.$procmux$2028_Y, Q = \conv.impl.history[55], rval = 8'00000000).
Adding EN signal on $auto$ff.cc:266:slice$2881 ($sdff) from module conv1d_large_benchmark_top (D = \conv.impl.history[54], Q = \conv.impl.history[55]).
Adding SRST signal on $flatten\conv.\impl.$procdff$2724 ($dff) from module conv1d_large_benchmark_top (D = $flatten\conv.\impl.$procmux$2034_Y, Q = \conv.impl.history[54], rval = 8'00000000).
Adding EN signal on $auto$ff.cc:266:slice$2883 ($sdff) from module conv1d_large_benchmark_top (D = \conv.impl.history[53], Q = \conv.impl.history[54]).
Adding SRST signal on $flatten\conv.\impl.$procdff$2723 ($dff) from module conv1d_large_benchmark_top (D = $flatten\conv.\impl.$procmux$2040_Y, Q = \conv.impl.history[53], rval = 8'00000000).
Adding EN signal on $auto$ff.cc:266:slice$2885 ($sdff) from module conv1d_large_benchmark_top (D = \conv.impl.history[52], Q = \conv.impl.history[53]).
Adding SRST signal on $flatten\conv.\impl.$procdff$2722 ($dff) from module conv1d_large_benchmark_top (D = $flatten\conv.\impl.$procmux$2046_Y, Q = \conv.impl.history[52], rval = 8'00000000).
Adding EN signal on $auto$ff.cc:266:slice$2887 ($sdff) from module conv1d_large_benchmark_top (D = \conv.impl.history[51], Q = \conv.impl.history[52]).
Adding SRST signal on $flatten\conv.\impl.$procdff$2721 ($dff) from module conv1d_large_benchmark_top (D = $flatten\conv.\impl.$procmux$2052_Y, Q = \conv.impl.history[51], rval = 8'00000000).
Adding EN signal on $auto$ff.cc:266:slice$2889 ($sdff) from module conv1d_large_benchmark_top (D = \conv.impl.history[50], Q = \conv.impl.history[51]).
Adding SRST signal on $flatten\conv.\impl.$procdff$2720 ($dff) from module conv1d_large_benchmark_top (D = $flatten\conv.\impl.$procmux$2058_Y, Q = \conv.impl.history[50], rval = 8'00000000).
Adding EN signal on $auto$ff.cc:266:slice$2891 ($sdff) from module conv1d_large_benchmark_top (D = \conv.impl.history[49], Q = \conv.impl.history[50]).
Adding SRST signal on $flatten\conv.\impl.$procdff$2719 ($dff) from module conv1d_large_benchmark_top (D = $flatten\conv.\impl.$procmux$2064_Y, Q = \conv.impl.history[49], rval = 8'00000000).
Adding EN signal on $auto$ff.cc:266:slice$2893 ($sdff) from module conv1d_large_benchmark_top (D = \conv.impl.history[48], Q = \conv.impl.history[49]).
Adding SRST signal on $flatten\conv.\impl.$procdff$2718 ($dff) from module conv1d_large_benchmark_top (D = $flatten\conv.\impl.$procmux$2070_Y, Q = \conv.impl.history[48], rval = 8'00000000).
Adding EN signal on $auto$ff.cc:266:slice$2895 ($sdff) from module conv1d_large_benchmark_top (D = \conv.impl.history[47], Q = \conv.impl.history[48]).
Adding SRST signal on $flatten\conv.\impl.$procdff$2717 ($dff) from module conv1d_large_benchmark_top (D = $flatten\conv.\impl.$procmux$2076_Y, Q = \conv.impl.history[47], rval = 8'00000000).
Adding EN signal on $auto$ff.cc:266:slice$2897 ($sdff) from module conv1d_large_benchmark_top (D = \conv.impl.history[46], Q = \conv.impl.history[47]).
Adding SRST signal on $flatten\conv.\impl.$procdff$2716 ($dff) from module conv1d_large_benchmark_top (D = $flatten\conv.\impl.$procmux$2082_Y, Q = \conv.impl.history[46], rval = 8'00000000).
Adding EN signal on $auto$ff.cc:266:slice$2899 ($sdff) from module conv1d_large_benchmark_top (D = \conv.impl.history[45], Q = \conv.impl.history[46]).
Adding SRST signal on $flatten\conv.\impl.$procdff$2715 ($dff) from module conv1d_large_benchmark_top (D = $flatten\conv.\impl.$procmux$2088_Y, Q = \conv.impl.history[45], rval = 8'00000000).
Adding EN signal on $auto$ff.cc:266:slice$2901 ($sdff) from module conv1d_large_benchmark_top (D = \conv.impl.history[44], Q = \conv.impl.history[45]).
Adding SRST signal on $flatten\conv.\impl.$procdff$2714 ($dff) from module conv1d_large_benchmark_top (D = $flatten\conv.\impl.$procmux$2094_Y, Q = \conv.impl.history[44], rval = 8'00000000).
Adding EN signal on $auto$ff.cc:266:slice$2903 ($sdff) from module conv1d_large_benchmark_top (D = \conv.impl.history[43], Q = \conv.impl.history[44]).
Adding SRST signal on $flatten\conv.\impl.$procdff$2713 ($dff) from module conv1d_large_benchmark_top (D = $flatten\conv.\impl.$procmux$2100_Y, Q = \conv.impl.history[43], rval = 8'00000000).
Adding EN signal on $auto$ff.cc:266:slice$2905 ($sdff) from module conv1d_large_benchmark_top (D = \conv.impl.history[42], Q = \conv.impl.history[43]).
Adding SRST signal on $flatten\conv.\impl.$procdff$2712 ($dff) from module conv1d_large_benchmark_top (D = $flatten\conv.\impl.$procmux$2106_Y, Q = \conv.impl.history[42], rval = 8'00000000).
Adding EN signal on $auto$ff.cc:266:slice$2907 ($sdff) from module conv1d_large_benchmark_top (D = \conv.impl.history[41], Q = \conv.impl.history[42]).
Adding SRST signal on $flatten\conv.\impl.$procdff$2711 ($dff) from module conv1d_large_benchmark_top (D = $flatten\conv.\impl.$procmux$2112_Y, Q = \conv.impl.history[41], rval = 8'00000000).
Adding EN signal on $auto$ff.cc:266:slice$2909 ($sdff) from module conv1d_large_benchmark_top (D = \conv.impl.history[40], Q = \conv.impl.history[41]).
Adding SRST signal on $flatten\conv.\impl.$procdff$2710 ($dff) from module conv1d_large_benchmark_top (D = $flatten\conv.\impl.$procmux$2118_Y, Q = \conv.impl.history[40], rval = 8'00000000).
Adding EN signal on $auto$ff.cc:266:slice$2911 ($sdff) from module conv1d_large_benchmark_top (D = \conv.impl.history[39], Q = \conv.impl.history[40]).
Adding SRST signal on $flatten\conv.\impl.$procdff$2709 ($dff) from module conv1d_large_benchmark_top (D = $flatten\conv.\impl.$procmux$2124_Y, Q = \conv.impl.history[39], rval = 8'00000000).
Adding EN signal on $auto$ff.cc:266:slice$2913 ($sdff) from module conv1d_large_benchmark_top (D = \conv.impl.history[38], Q = \conv.impl.history[39]).
Adding SRST signal on $flatten\conv.\impl.$procdff$2708 ($dff) from module conv1d_large_benchmark_top (D = $flatten\conv.\impl.$procmux$2130_Y, Q = \conv.impl.history[38], rval = 8'00000000).
Adding EN signal on $auto$ff.cc:266:slice$2915 ($sdff) from module conv1d_large_benchmark_top (D = \conv.impl.history[37], Q = \conv.impl.history[38]).
Adding SRST signal on $flatten\conv.\impl.$procdff$2707 ($dff) from module conv1d_large_benchmark_top (D = $flatten\conv.\impl.$procmux$2136_Y, Q = \conv.impl.history[37], rval = 8'00000000).
Adding EN signal on $auto$ff.cc:266:slice$2917 ($sdff) from module conv1d_large_benchmark_top (D = \conv.impl.history[36], Q = \conv.impl.history[37]).
Adding SRST signal on $flatten\conv.\impl.$procdff$2706 ($dff) from module conv1d_large_benchmark_top (D = $flatten\conv.\impl.$procmux$2142_Y, Q = \conv.impl.history[36], rval = 8'00000000).
Adding EN signal on $auto$ff.cc:266:slice$2919 ($sdff) from module conv1d_large_benchmark_top (D = \conv.impl.history[35], Q = \conv.impl.history[36]).
Adding SRST signal on $flatten\conv.\impl.$procdff$2705 ($dff) from module conv1d_large_benchmark_top (D = $flatten\conv.\impl.$procmux$2148_Y, Q = \conv.impl.history[35], rval = 8'00000000).
Adding EN signal on $auto$ff.cc:266:slice$2921 ($sdff) from module conv1d_large_benchmark_top (D = \conv.impl.history[34], Q = \conv.impl.history[35]).
Adding SRST signal on $flatten\conv.\impl.$procdff$2704 ($dff) from module conv1d_large_benchmark_top (D = $flatten\conv.\impl.$procmux$2154_Y, Q = \conv.impl.history[34], rval = 8'00000000).
Adding EN signal on $auto$ff.cc:266:slice$2923 ($sdff) from module conv1d_large_benchmark_top (D = \conv.impl.history[33], Q = \conv.impl.history[34]).
Adding SRST signal on $flatten\conv.\impl.$procdff$2703 ($dff) from module conv1d_large_benchmark_top (D = $flatten\conv.\impl.$procmux$2160_Y, Q = \conv.impl.history[33], rval = 8'00000000).
Adding EN signal on $auto$ff.cc:266:slice$2925 ($sdff) from module conv1d_large_benchmark_top (D = \conv.impl.history[32], Q = \conv.impl.history[33]).
Adding SRST signal on $flatten\conv.\impl.$procdff$2702 ($dff) from module conv1d_large_benchmark_top (D = $flatten\conv.\impl.$procmux$2166_Y, Q = \conv.impl.history[32], rval = 8'00000000).
Adding EN signal on $auto$ff.cc:266:slice$2927 ($sdff) from module conv1d_large_benchmark_top (D = \conv.impl.history[31], Q = \conv.impl.history[32]).
Adding SRST signal on $flatten\conv.\impl.$procdff$2701 ($dff) from module conv1d_large_benchmark_top (D = $flatten\conv.\impl.$procmux$2172_Y, Q = \conv.impl.history[31], rval = 8'00000000).
Adding EN signal on $auto$ff.cc:266:slice$2929 ($sdff) from module conv1d_large_benchmark_top (D = \conv.impl.history[30], Q = \conv.impl.history[31]).
Adding SRST signal on $flatten\conv.\impl.$procdff$2692 ($dff) from module conv1d_large_benchmark_top (D = $flatten\conv.\impl.$procmux$2178_Y, Q = \conv.impl.tap[31], rval = 8'00000000).
Adding EN signal on $auto$ff.cc:266:slice$2931 ($sdff) from module conv1d_large_benchmark_top (D = \conv.impl.history[30], Q = \conv.impl.tap[31]).
Adding SRST signal on $flatten\conv.\impl.$procdff$2691 ($dff) from module conv1d_large_benchmark_top (D = $flatten\conv.\impl.$procmux$2184_Y, Q = \conv.impl.tap[30], rval = 8'00000000).
Adding EN signal on $auto$ff.cc:266:slice$2933 ($sdff) from module conv1d_large_benchmark_top (D = \conv.impl.history[29], Q = \conv.impl.tap[30]).
Adding SRST signal on $flatten\conv.\impl.$procdff$2690 ($dff) from module conv1d_large_benchmark_top (D = $flatten\conv.\impl.$procmux$2190_Y, Q = \conv.impl.tap[29], rval = 8'00000000).
Adding EN signal on $auto$ff.cc:266:slice$2935 ($sdff) from module conv1d_large_benchmark_top (D = \conv.impl.history[28], Q = \conv.impl.tap[29]).
Adding SRST signal on $flatten\conv.\impl.$procdff$2689 ($dff) from module conv1d_large_benchmark_top (D = $flatten\conv.\impl.$procmux$2196_Y, Q = \conv.impl.tap[28], rval = 8'00000000).
Adding EN signal on $auto$ff.cc:266:slice$2937 ($sdff) from module conv1d_large_benchmark_top (D = \conv.impl.history[27], Q = \conv.impl.tap[28]).
Adding SRST signal on $flatten\conv.\impl.$procdff$2688 ($dff) from module conv1d_large_benchmark_top (D = $flatten\conv.\impl.$procmux$2202_Y, Q = \conv.impl.tap[27], rval = 8'00000000).
Adding EN signal on $auto$ff.cc:266:slice$2939 ($sdff) from module conv1d_large_benchmark_top (D = \conv.impl.history[26], Q = \conv.impl.tap[27]).
Adding SRST signal on $flatten\conv.\impl.$procdff$2687 ($dff) from module conv1d_large_benchmark_top (D = $flatten\conv.\impl.$procmux$2208_Y, Q = \conv.impl.tap[26], rval = 8'00000000).
Adding EN signal on $auto$ff.cc:266:slice$2941 ($sdff) from module conv1d_large_benchmark_top (D = \conv.impl.history[25], Q = \conv.impl.tap[26]).
Adding SRST signal on $flatten\conv.\impl.$procdff$2686 ($dff) from module conv1d_large_benchmark_top (D = $flatten\conv.\impl.$procmux$2214_Y, Q = \conv.impl.tap[25], rval = 8'00000000).
Adding EN signal on $auto$ff.cc:266:slice$2943 ($sdff) from module conv1d_large_benchmark_top (D = \conv.impl.history[24], Q = \conv.impl.tap[25]).
Adding SRST signal on $flatten\conv.\impl.$procdff$2685 ($dff) from module conv1d_large_benchmark_top (D = $flatten\conv.\impl.$procmux$2220_Y, Q = \conv.impl.tap[24], rval = 8'00000000).
Adding EN signal on $auto$ff.cc:266:slice$2945 ($sdff) from module conv1d_large_benchmark_top (D = \conv.impl.history[23], Q = \conv.impl.tap[24]).
Adding SRST signal on $flatten\conv.\impl.$procdff$2684 ($dff) from module conv1d_large_benchmark_top (D = $flatten\conv.\impl.$procmux$2226_Y, Q = \conv.impl.tap[23], rval = 8'00000000).
Adding EN signal on $auto$ff.cc:266:slice$2947 ($sdff) from module conv1d_large_benchmark_top (D = \conv.impl.history[22], Q = \conv.impl.tap[23]).
Adding SRST signal on $flatten\conv.\impl.$procdff$2683 ($dff) from module conv1d_large_benchmark_top (D = $flatten\conv.\impl.$procmux$2232_Y, Q = \conv.impl.tap[22], rval = 8'00000000).
Adding EN signal on $auto$ff.cc:266:slice$2949 ($sdff) from module conv1d_large_benchmark_top (D = \conv.impl.history[21], Q = \conv.impl.tap[22]).
Adding SRST signal on $flatten\conv.\impl.$procdff$2682 ($dff) from module conv1d_large_benchmark_top (D = $flatten\conv.\impl.$procmux$2238_Y, Q = \conv.impl.tap[21], rval = 8'00000000).
Adding EN signal on $auto$ff.cc:266:slice$2951 ($sdff) from module conv1d_large_benchmark_top (D = \conv.impl.history[20], Q = \conv.impl.tap[21]).
Adding SRST signal on $flatten\conv.\impl.$procdff$2681 ($dff) from module conv1d_large_benchmark_top (D = $flatten\conv.\impl.$procmux$2244_Y, Q = \conv.impl.tap[20], rval = 8'00000000).
Adding EN signal on $auto$ff.cc:266:slice$2953 ($sdff) from module conv1d_large_benchmark_top (D = \conv.impl.history[19], Q = \conv.impl.tap[20]).
Adding SRST signal on $flatten\conv.\impl.$procdff$2680 ($dff) from module conv1d_large_benchmark_top (D = $flatten\conv.\impl.$procmux$2250_Y, Q = \conv.impl.tap[19], rval = 8'00000000).
Adding EN signal on $auto$ff.cc:266:slice$2955 ($sdff) from module conv1d_large_benchmark_top (D = \conv.impl.history[18], Q = \conv.impl.tap[19]).
Adding SRST signal on $flatten\conv.\impl.$procdff$2679 ($dff) from module conv1d_large_benchmark_top (D = $flatten\conv.\impl.$procmux$2256_Y, Q = \conv.impl.tap[18], rval = 8'00000000).
Adding EN signal on $auto$ff.cc:266:slice$2957 ($sdff) from module conv1d_large_benchmark_top (D = \conv.impl.history[17], Q = \conv.impl.tap[18]).
Adding SRST signal on $flatten\conv.\impl.$procdff$2678 ($dff) from module conv1d_large_benchmark_top (D = $flatten\conv.\impl.$procmux$2262_Y, Q = \conv.impl.tap[17], rval = 8'00000000).
Adding EN signal on $auto$ff.cc:266:slice$2959 ($sdff) from module conv1d_large_benchmark_top (D = \conv.impl.history[16], Q = \conv.impl.tap[17]).
Adding SRST signal on $flatten\conv.\impl.$procdff$2677 ($dff) from module conv1d_large_benchmark_top (D = $flatten\conv.\impl.$procmux$2268_Y, Q = \conv.impl.tap[16], rval = 8'00000000).
Adding EN signal on $auto$ff.cc:266:slice$2961 ($sdff) from module conv1d_large_benchmark_top (D = \conv.impl.history[15], Q = \conv.impl.tap[16]).
Adding SRST signal on $flatten\conv.\impl.$procdff$2676 ($dff) from module conv1d_large_benchmark_top (D = $flatten\conv.\impl.$procmux$2274_Y, Q = \conv.impl.tap[15], rval = 8'00000000).
Adding EN signal on $auto$ff.cc:266:slice$2963 ($sdff) from module conv1d_large_benchmark_top (D = \conv.impl.history[14], Q = \conv.impl.tap[15]).
Adding SRST signal on $flatten\conv.\impl.$procdff$2675 ($dff) from module conv1d_large_benchmark_top (D = $flatten\conv.\impl.$procmux$2280_Y, Q = \conv.impl.tap[14], rval = 8'00000000).
Adding EN signal on $auto$ff.cc:266:slice$2965 ($sdff) from module conv1d_large_benchmark_top (D = \conv.impl.history[13], Q = \conv.impl.tap[14]).
Adding SRST signal on $flatten\conv.\impl.$procdff$2674 ($dff) from module conv1d_large_benchmark_top (D = $flatten\conv.\impl.$procmux$2286_Y, Q = \conv.impl.tap[13], rval = 8'00000000).
Adding EN signal on $auto$ff.cc:266:slice$2967 ($sdff) from module conv1d_large_benchmark_top (D = \conv.impl.history[12], Q = \conv.impl.tap[13]).
Adding SRST signal on $flatten\conv.\impl.$procdff$2673 ($dff) from module conv1d_large_benchmark_top (D = $flatten\conv.\impl.$procmux$2292_Y, Q = \conv.impl.tap[12], rval = 8'00000000).
Adding EN signal on $auto$ff.cc:266:slice$2969 ($sdff) from module conv1d_large_benchmark_top (D = \conv.impl.history[11], Q = \conv.impl.tap[12]).
Adding SRST signal on $flatten\conv.\impl.$procdff$2672 ($dff) from module conv1d_large_benchmark_top (D = $flatten\conv.\impl.$procmux$2298_Y, Q = \conv.impl.tap[11], rval = 8'00000000).
Adding EN signal on $auto$ff.cc:266:slice$2971 ($sdff) from module conv1d_large_benchmark_top (D = \conv.impl.history[10], Q = \conv.impl.tap[11]).
Adding SRST signal on $flatten\conv.\impl.$procdff$2671 ($dff) from module conv1d_large_benchmark_top (D = $flatten\conv.\impl.$procmux$2304_Y, Q = \conv.impl.tap[10], rval = 8'00000000).
Adding EN signal on $auto$ff.cc:266:slice$2973 ($sdff) from module conv1d_large_benchmark_top (D = \conv.impl.history[9], Q = \conv.impl.tap[10]).
Adding SRST signal on $flatten\conv.\impl.$procdff$2670 ($dff) from module conv1d_large_benchmark_top (D = $flatten\conv.\impl.$procmux$2310_Y, Q = \conv.impl.tap[9], rval = 8'00000000).
Adding EN signal on $auto$ff.cc:266:slice$2975 ($sdff) from module conv1d_large_benchmark_top (D = \conv.impl.history[8], Q = \conv.impl.tap[9]).
Adding SRST signal on $flatten\conv.\impl.$procdff$2669 ($dff) from module conv1d_large_benchmark_top (D = $flatten\conv.\impl.$procmux$2316_Y, Q = \conv.impl.tap[8], rval = 8'00000000).
Adding EN signal on $auto$ff.cc:266:slice$2977 ($sdff) from module conv1d_large_benchmark_top (D = \conv.impl.history[7], Q = \conv.impl.tap[8]).
Adding SRST signal on $flatten\conv.\impl.$procdff$2668 ($dff) from module conv1d_large_benchmark_top (D = $flatten\conv.\impl.$procmux$2322_Y, Q = \conv.impl.tap[7], rval = 8'00000000).
Adding EN signal on $auto$ff.cc:266:slice$2979 ($sdff) from module conv1d_large_benchmark_top (D = \conv.impl.history[6], Q = \conv.impl.tap[7]).
Adding SRST signal on $flatten\conv.\impl.$procdff$2667 ($dff) from module conv1d_large_benchmark_top (D = $flatten\conv.\impl.$procmux$2328_Y, Q = \conv.impl.tap[6], rval = 8'00000000).
Adding EN signal on $auto$ff.cc:266:slice$2981 ($sdff) from module conv1d_large_benchmark_top (D = \conv.impl.history[5], Q = \conv.impl.tap[6]).
Adding SRST signal on $flatten\conv.\impl.$procdff$2666 ($dff) from module conv1d_large_benchmark_top (D = $flatten\conv.\impl.$procmux$2334_Y, Q = \conv.impl.tap[5], rval = 8'00000000).
Adding EN signal on $auto$ff.cc:266:slice$2983 ($sdff) from module conv1d_large_benchmark_top (D = \conv.impl.history[4], Q = \conv.impl.tap[5]).
Adding SRST signal on $flatten\conv.\impl.$procdff$2665 ($dff) from module conv1d_large_benchmark_top (D = $flatten\conv.\impl.$procmux$2340_Y, Q = \conv.impl.tap[4], rval = 8'00000000).
Adding EN signal on $auto$ff.cc:266:slice$2985 ($sdff) from module conv1d_large_benchmark_top (D = \conv.impl.history[3], Q = \conv.impl.tap[4]).
Adding SRST signal on $flatten\conv.\impl.$procdff$2664 ($dff) from module conv1d_large_benchmark_top (D = $flatten\conv.\impl.$procmux$2346_Y, Q = \conv.impl.tap[3], rval = 8'00000000).
Adding EN signal on $auto$ff.cc:266:slice$2987 ($sdff) from module conv1d_large_benchmark_top (D = \conv.impl.history[2], Q = \conv.impl.tap[3]).
Adding SRST signal on $flatten\conv.\impl.$procdff$2663 ($dff) from module conv1d_large_benchmark_top (D = $flatten\conv.\impl.$procmux$2352_Y, Q = \conv.impl.tap[2], rval = 8'00000000).
Adding EN signal on $auto$ff.cc:266:slice$2989 ($sdff) from module conv1d_large_benchmark_top (D = \conv.impl.history[1], Q = \conv.impl.tap[2]).
Adding SRST signal on $flatten\conv.\impl.$procdff$2662 ($dff) from module conv1d_large_benchmark_top (D = $flatten\conv.\impl.$procmux$2358_Y, Q = \conv.impl.tap[1], rval = 8'00000000).
Adding EN signal on $auto$ff.cc:266:slice$2991 ($sdff) from module conv1d_large_benchmark_top (D = \conv.impl.history[0], Q = \conv.impl.tap[1]).
Adding SRST signal on $flatten\conv.\impl.$procdff$2661 ($dff) from module conv1d_large_benchmark_top (D = $flatten\conv.\impl.$procmux$2364_Y, Q = \conv.impl.tap[0], rval = 8'00000000).
Adding EN signal on $auto$ff.cc:266:slice$2993 ($sdff) from module conv1d_large_benchmark_top (D = \sample_in, Q = \conv.impl.tap[0]).
Adding SRST signal on $flatten\conv.\impl.$procdff$2660 ($dff) from module conv1d_large_benchmark_top (D = $flatten\conv.\impl.$procmux$2370_Y, Q = \conv.impl.history[30], rval = 8'00000000).
Adding EN signal on $auto$ff.cc:266:slice$2995 ($sdff) from module conv1d_large_benchmark_top (D = \conv.impl.history[29], Q = \conv.impl.history[30]).
Adding SRST signal on $flatten\conv.\impl.$procdff$2659 ($dff) from module conv1d_large_benchmark_top (D = $flatten\conv.\impl.$procmux$2376_Y, Q = \conv.impl.history[29], rval = 8'00000000).
Adding EN signal on $auto$ff.cc:266:slice$2997 ($sdff) from module conv1d_large_benchmark_top (D = \conv.impl.history[28], Q = \conv.impl.history[29]).
Adding SRST signal on $flatten\conv.\impl.$procdff$2658 ($dff) from module conv1d_large_benchmark_top (D = $flatten\conv.\impl.$procmux$2382_Y, Q = \conv.impl.history[28], rval = 8'00000000).
Adding EN signal on $auto$ff.cc:266:slice$2999 ($sdff) from module conv1d_large_benchmark_top (D = \conv.impl.history[27], Q = \conv.impl.history[28]).
Adding SRST signal on $flatten\conv.\impl.$procdff$2657 ($dff) from module conv1d_large_benchmark_top (D = $flatten\conv.\impl.$procmux$2388_Y, Q = \conv.impl.history[27], rval = 8'00000000).
Adding EN signal on $auto$ff.cc:266:slice$3001 ($sdff) from module conv1d_large_benchmark_top (D = \conv.impl.history[26], Q = \conv.impl.history[27]).
Adding SRST signal on $flatten\conv.\impl.$procdff$2656 ($dff) from module conv1d_large_benchmark_top (D = $flatten\conv.\impl.$procmux$2394_Y, Q = \conv.impl.history[26], rval = 8'00000000).
Adding EN signal on $auto$ff.cc:266:slice$3003 ($sdff) from module conv1d_large_benchmark_top (D = \conv.impl.history[25], Q = \conv.impl.history[26]).
Adding SRST signal on $flatten\conv.\impl.$procdff$2655 ($dff) from module conv1d_large_benchmark_top (D = $flatten\conv.\impl.$procmux$2400_Y, Q = \conv.impl.history[25], rval = 8'00000000).
Adding EN signal on $auto$ff.cc:266:slice$3005 ($sdff) from module conv1d_large_benchmark_top (D = \conv.impl.history[24], Q = \conv.impl.history[25]).
Adding SRST signal on $flatten\conv.\impl.$procdff$2654 ($dff) from module conv1d_large_benchmark_top (D = $flatten\conv.\impl.$procmux$2406_Y, Q = \conv.impl.history[24], rval = 8'00000000).
Adding EN signal on $auto$ff.cc:266:slice$3007 ($sdff) from module conv1d_large_benchmark_top (D = \conv.impl.history[23], Q = \conv.impl.history[24]).
Adding SRST signal on $flatten\conv.\impl.$procdff$2653 ($dff) from module conv1d_large_benchmark_top (D = $flatten\conv.\impl.$procmux$2412_Y, Q = \conv.impl.history[23], rval = 8'00000000).
Adding EN signal on $auto$ff.cc:266:slice$3009 ($sdff) from module conv1d_large_benchmark_top (D = \conv.impl.history[22], Q = \conv.impl.history[23]).
Adding SRST signal on $flatten\conv.\impl.$procdff$2652 ($dff) from module conv1d_large_benchmark_top (D = $flatten\conv.\impl.$procmux$2418_Y, Q = \conv.impl.history[22], rval = 8'00000000).
Adding EN signal on $auto$ff.cc:266:slice$3011 ($sdff) from module conv1d_large_benchmark_top (D = \conv.impl.history[21], Q = \conv.impl.history[22]).
Adding SRST signal on $flatten\conv.\impl.$procdff$2651 ($dff) from module conv1d_large_benchmark_top (D = $flatten\conv.\impl.$procmux$2424_Y, Q = \conv.impl.history[21], rval = 8'00000000).
Adding EN signal on $auto$ff.cc:266:slice$3013 ($sdff) from module conv1d_large_benchmark_top (D = \conv.impl.history[20], Q = \conv.impl.history[21]).
Adding SRST signal on $flatten\conv.\impl.$procdff$2650 ($dff) from module conv1d_large_benchmark_top (D = $flatten\conv.\impl.$procmux$2430_Y, Q = \conv.impl.history[20], rval = 8'00000000).
Adding EN signal on $auto$ff.cc:266:slice$3015 ($sdff) from module conv1d_large_benchmark_top (D = \conv.impl.history[19], Q = \conv.impl.history[20]).
Adding SRST signal on $flatten\conv.\impl.$procdff$2649 ($dff) from module conv1d_large_benchmark_top (D = $flatten\conv.\impl.$procmux$2436_Y, Q = \conv.impl.history[19], rval = 8'00000000).
Adding EN signal on $auto$ff.cc:266:slice$3017 ($sdff) from module conv1d_large_benchmark_top (D = \conv.impl.history[18], Q = \conv.impl.history[19]).
Adding SRST signal on $flatten\conv.\impl.$procdff$2648 ($dff) from module conv1d_large_benchmark_top (D = $flatten\conv.\impl.$procmux$2442_Y, Q = \conv.impl.history[18], rval = 8'00000000).
Adding EN signal on $auto$ff.cc:266:slice$3019 ($sdff) from module conv1d_large_benchmark_top (D = \conv.impl.history[17], Q = \conv.impl.history[18]).
Adding SRST signal on $flatten\conv.\impl.$procdff$2647 ($dff) from module conv1d_large_benchmark_top (D = $flatten\conv.\impl.$procmux$2448_Y, Q = \conv.impl.history[17], rval = 8'00000000).
Adding EN signal on $auto$ff.cc:266:slice$3021 ($sdff) from module conv1d_large_benchmark_top (D = \conv.impl.history[16], Q = \conv.impl.history[17]).
Adding SRST signal on $flatten\conv.\impl.$procdff$2646 ($dff) from module conv1d_large_benchmark_top (D = $flatten\conv.\impl.$procmux$2454_Y, Q = \conv.impl.history[16], rval = 8'00000000).
Adding EN signal on $auto$ff.cc:266:slice$3023 ($sdff) from module conv1d_large_benchmark_top (D = \conv.impl.history[15], Q = \conv.impl.history[16]).
Adding SRST signal on $flatten\conv.\impl.$procdff$2645 ($dff) from module conv1d_large_benchmark_top (D = $flatten\conv.\impl.$procmux$2460_Y, Q = \conv.impl.history[15], rval = 8'00000000).
Adding EN signal on $auto$ff.cc:266:slice$3025 ($sdff) from module conv1d_large_benchmark_top (D = \conv.impl.history[14], Q = \conv.impl.history[15]).
Adding SRST signal on $flatten\conv.\impl.$procdff$2644 ($dff) from module conv1d_large_benchmark_top (D = $flatten\conv.\impl.$procmux$2466_Y, Q = \conv.impl.history[14], rval = 8'00000000).
Adding EN signal on $auto$ff.cc:266:slice$3027 ($sdff) from module conv1d_large_benchmark_top (D = \conv.impl.history[13], Q = \conv.impl.history[14]).
Adding SRST signal on $flatten\conv.\impl.$procdff$2643 ($dff) from module conv1d_large_benchmark_top (D = $flatten\conv.\impl.$procmux$2472_Y, Q = \conv.impl.history[13], rval = 8'00000000).
Adding EN signal on $auto$ff.cc:266:slice$3029 ($sdff) from module conv1d_large_benchmark_top (D = \conv.impl.history[12], Q = \conv.impl.history[13]).
Adding SRST signal on $flatten\conv.\impl.$procdff$2642 ($dff) from module conv1d_large_benchmark_top (D = $flatten\conv.\impl.$procmux$2478_Y, Q = \conv.impl.history[12], rval = 8'00000000).
Adding EN signal on $auto$ff.cc:266:slice$3031 ($sdff) from module conv1d_large_benchmark_top (D = \conv.impl.history[11], Q = \conv.impl.history[12]).
Adding SRST signal on $flatten\conv.\impl.$procdff$2641 ($dff) from module conv1d_large_benchmark_top (D = $flatten\conv.\impl.$procmux$2484_Y, Q = \conv.impl.history[11], rval = 8'00000000).
Adding EN signal on $auto$ff.cc:266:slice$3033 ($sdff) from module conv1d_large_benchmark_top (D = \conv.impl.history[10], Q = \conv.impl.history[11]).
Adding SRST signal on $flatten\conv.\impl.$procdff$2640 ($dff) from module conv1d_large_benchmark_top (D = $flatten\conv.\impl.$procmux$2490_Y, Q = \conv.impl.history[10], rval = 8'00000000).
Adding EN signal on $auto$ff.cc:266:slice$3035 ($sdff) from module conv1d_large_benchmark_top (D = \conv.impl.history[9], Q = \conv.impl.history[10]).
Adding SRST signal on $flatten\conv.\impl.$procdff$2639 ($dff) from module conv1d_large_benchmark_top (D = $flatten\conv.\impl.$procmux$2496_Y, Q = \conv.impl.history[9], rval = 8'00000000).
Adding EN signal on $auto$ff.cc:266:slice$3037 ($sdff) from module conv1d_large_benchmark_top (D = \conv.impl.history[8], Q = \conv.impl.history[9]).
Adding SRST signal on $flatten\conv.\impl.$procdff$2638 ($dff) from module conv1d_large_benchmark_top (D = $flatten\conv.\impl.$procmux$2502_Y, Q = \conv.impl.history[8], rval = 8'00000000).
Adding EN signal on $auto$ff.cc:266:slice$3039 ($sdff) from module conv1d_large_benchmark_top (D = \conv.impl.history[7], Q = \conv.impl.history[8]).
Adding SRST signal on $flatten\conv.\impl.$procdff$2637 ($dff) from module conv1d_large_benchmark_top (D = $flatten\conv.\impl.$procmux$2508_Y, Q = \conv.impl.history[7], rval = 8'00000000).
Adding EN signal on $auto$ff.cc:266:slice$3041 ($sdff) from module conv1d_large_benchmark_top (D = \conv.impl.history[6], Q = \conv.impl.history[7]).
Adding SRST signal on $flatten\conv.\impl.$procdff$2636 ($dff) from module conv1d_large_benchmark_top (D = $flatten\conv.\impl.$procmux$2514_Y, Q = \conv.impl.history[6], rval = 8'00000000).
Adding EN signal on $auto$ff.cc:266:slice$3043 ($sdff) from module conv1d_large_benchmark_top (D = \conv.impl.history[5], Q = \conv.impl.history[6]).
Adding SRST signal on $flatten\conv.\impl.$procdff$2635 ($dff) from module conv1d_large_benchmark_top (D = $flatten\conv.\impl.$procmux$2520_Y, Q = \conv.impl.history[5], rval = 8'00000000).
Adding EN signal on $auto$ff.cc:266:slice$3045 ($sdff) from module conv1d_large_benchmark_top (D = \conv.impl.history[4], Q = \conv.impl.history[5]).
Adding SRST signal on $flatten\conv.\impl.$procdff$2634 ($dff) from module conv1d_large_benchmark_top (D = $flatten\conv.\impl.$procmux$2526_Y, Q = \conv.impl.history[4], rval = 8'00000000).
Adding EN signal on $auto$ff.cc:266:slice$3047 ($sdff) from module conv1d_large_benchmark_top (D = \conv.impl.history[3], Q = \conv.impl.history[4]).
Adding SRST signal on $flatten\conv.\impl.$procdff$2633 ($dff) from module conv1d_large_benchmark_top (D = $flatten\conv.\impl.$procmux$2532_Y, Q = \conv.impl.history[3], rval = 8'00000000).
Adding EN signal on $auto$ff.cc:266:slice$3049 ($sdff) from module conv1d_large_benchmark_top (D = \conv.impl.history[2], Q = \conv.impl.history[3]).
Adding SRST signal on $flatten\conv.\impl.$procdff$2632 ($dff) from module conv1d_large_benchmark_top (D = $flatten\conv.\impl.$procmux$2538_Y, Q = \conv.impl.history[2], rval = 8'00000000).
Adding EN signal on $auto$ff.cc:266:slice$3051 ($sdff) from module conv1d_large_benchmark_top (D = \conv.impl.history[1], Q = \conv.impl.history[2]).
Adding SRST signal on $flatten\conv.\impl.$procdff$2631 ($dff) from module conv1d_large_benchmark_top (D = $flatten\conv.\impl.$procmux$2544_Y, Q = \conv.impl.history[1], rval = 8'00000000).
Adding EN signal on $auto$ff.cc:266:slice$3053 ($sdff) from module conv1d_large_benchmark_top (D = \conv.impl.history[0], Q = \conv.impl.history[1]).
Adding SRST signal on $flatten\conv.\impl.$procdff$2630 ($dff) from module conv1d_large_benchmark_top (D = $flatten\conv.\impl.$procmux$2550_Y, Q = \conv.impl.history[0], rval = 8'00000000).
Adding EN signal on $auto$ff.cc:266:slice$3055 ($sdff) from module conv1d_large_benchmark_top (D = \sample_in, Q = \conv.impl.history[0]).
Adding SRST signal on $flatten\conv.\impl.$procdff$2628 ($dff) from module conv1d_large_benchmark_top (D = $flatten\conv.\impl.$procmux$2562_Y, Q = \conv.impl.busy, rval = 1'0).
Adding SRST signal on $flatten\conv.\impl.$procdff$2627 ($dff) from module conv1d_large_benchmark_top (D = $flatten\conv.\impl.$procmux$2571_Y, Q = \conv.impl.tap_index, rval = 16'0000000000000000).
Adding EN signal on $auto$ff.cc:266:slice$3058 ($sdff) from module conv1d_large_benchmark_top (D = $flatten\conv.\impl.$procmux$2569_Y, Q = \conv.impl.tap_index).
Adding SRST signal on $flatten\conv.\impl.$procdff$2625 ($dff) from module conv1d_large_benchmark_top (D = $flatten\conv.\impl.$procmux$2583_Y, Q = \conv.impl.acc, rval = 0).
Adding EN signal on $auto$ff.cc:266:slice$3062 ($sdff) from module conv1d_large_benchmark_top (D = $flatten\conv.\impl.$add$/Users/adarmaori/Desktop/Final$20Project/FPGA/conv1d_large_4mult.v:89$782_Y, Q = \conv.impl.acc).
Adding SRST signal on $flatten\conv.\impl.$procdff$2624 ($dff) from module conv1d_large_benchmark_top (D = $flatten\conv.\impl.$procmux$2598_Y, Q = \conv.impl.sample_out, rval = 0).
Adding EN signal on $auto$ff.cc:266:slice$3070 ($sdff) from module conv1d_large_benchmark_top (D = $flatten\conv.\impl.$add$/Users/adarmaori/Desktop/Final$20Project/FPGA/conv1d_large_4mult.v:89$782_Y, Q = \conv.impl.sample_out).
Adding SRST signal on $flatten\conv.\impl.$procdff$2623 ($dff) from module conv1d_large_benchmark_top (D = $flatten\conv.\impl.$procmux$1729_Y, Q = \conv.impl.output_valid, rval = 1'0).

5.12.7. Executing OPT_CLEAN pass (remove unused cells and wires).
Finding unused cells or wires in module \conv1d_large_benchmark_top..
Removed 269 unused cells and 269 unused wires.
<suppressed ~270 debug messages>

5.12.8. Executing OPT_EXPR pass (perform const folding).
Optimizing module conv1d_large_benchmark_top.

5.12.9. Rerunning OPT passes. (Maybe there is more to do..)

5.12.10. Executing OPT_MUXTREE pass (detect dead branches in mux trees).
Running muxtree optimizer on module \conv1d_large_benchmark_top..
  Creating internal representation of mux trees.
  Evaluating internal representation of mux trees.
  Analyzing evaluation results.
Removed 0 multiplexer ports.
<suppressed ~15 debug messages>

5.12.11. Executing OPT_REDUCE pass (consolidate $*mux and $reduce_* inputs).
  Optimizing cells in module \conv1d_large_benchmark_top.
Performed a total of 0 changes.

5.12.12. Executing OPT_MERGE pass (detect identical cells).
Finding identical cells in module `\conv1d_large_benchmark_top'.
<suppressed ~192 debug messages>
Removed a total of 64 cells.

5.12.13. Executing OPT_DFF pass (perform DFF optimizations).

5.12.14. Executing OPT_CLEAN pass (remove unused cells and wires).
Finding unused cells or wires in module \conv1d_large_benchmark_top..
Removed 0 unused cells and 1 unused wires.
<suppressed ~1 debug messages>

5.12.15. Executing OPT_EXPR pass (perform const folding).
Optimizing module conv1d_large_benchmark_top.

5.12.16. Rerunning OPT passes. (Maybe there is more to do..)

5.12.17. Executing OPT_MUXTREE pass (detect dead branches in mux trees).
Running muxtree optimizer on module \conv1d_large_benchmark_top..
  Creating internal representation of mux trees.
  Evaluating internal representation of mux trees.
  Analyzing evaluation results.
Removed 0 multiplexer ports.
<suppressed ~15 debug messages>

5.12.18. Executing OPT_REDUCE pass (consolidate $*mux and $reduce_* inputs).
  Optimizing cells in module \conv1d_large_benchmark_top.
Performed a total of 0 changes.

5.12.19. Executing OPT_MERGE pass (detect identical cells).
Finding identical cells in module `\conv1d_large_benchmark_top'.
Removed a total of 0 cells.

5.12.20. Executing OPT_DFF pass (perform DFF optimizations).

5.12.21. Executing OPT_CLEAN pass (remove unused cells and wires).
Finding unused cells or wires in module \conv1d_large_benchmark_top..

5.12.22. Executing OPT_EXPR pass (perform const folding).
Optimizing module conv1d_large_benchmark_top.

5.12.23. Finished OPT passes. (There is nothing left to do.)

5.13. Executing WREDUCE pass (reducing word size of cells).
Removed top 16 bits (of 32) from port A of cell conv1d_large_benchmark_top.$flatten\conv.\impl.$lt$/Users/adarmaori/Desktop/Final$20Project/FPGA/conv1d_large_4mult.v:83$729 ($lt).
Removed top 25 bits (of 32) from port B of cell conv1d_large_benchmark_top.$flatten\conv.\impl.$lt$/Users/adarmaori/Desktop/Final$20Project/FPGA/conv1d_large_4mult.v:83$729 ($lt).
Removed top 16 bits (of 32) from port Y of cell conv1d_large_benchmark_top.$flatten\conv.\impl.$mul$/Users/adarmaori/Desktop/Final$20Project/FPGA/conv1d_large_4mult.v:84$739 ($mul).
Removed top 31 bits (of 32) from port B of cell conv1d_large_benchmark_top.$flatten\conv.\impl.$add$/Users/adarmaori/Desktop/Final$20Project/FPGA/conv1d_large_4mult.v:83$741 ($add).
Removed top 15 bits (of 32) from port Y of cell conv1d_large_benchmark_top.$flatten\conv.\impl.$add$/Users/adarmaori/Desktop/Final$20Project/FPGA/conv1d_large_4mult.v:83$741 ($add).
Removed top 15 bits (of 32) from port A of cell conv1d_large_benchmark_top.$flatten\conv.\impl.$lt$/Users/adarmaori/Desktop/Final$20Project/FPGA/conv1d_large_4mult.v:83$742 ($lt).
Removed top 25 bits (of 32) from port B of cell conv1d_large_benchmark_top.$flatten\conv.\impl.$lt$/Users/adarmaori/Desktop/Final$20Project/FPGA/conv1d_large_4mult.v:83$742 ($lt).
Removed top 16 bits (of 32) from port Y of cell conv1d_large_benchmark_top.$flatten\conv.\impl.$mul$/Users/adarmaori/Desktop/Final$20Project/FPGA/conv1d_large_4mult.v:84$752 ($mul).
Removed top 16 bits (of 32) from port B of cell conv1d_large_benchmark_top.$flatten\conv.\impl.$add$/Users/adarmaori/Desktop/Final$20Project/FPGA/conv1d_large_4mult.v:84$753 ($add).
Removed top 30 bits (of 32) from port B of cell conv1d_large_benchmark_top.$flatten\conv.\impl.$add$/Users/adarmaori/Desktop/Final$20Project/FPGA/conv1d_large_4mult.v:83$754 ($add).
Removed top 15 bits (of 32) from port Y of cell conv1d_large_benchmark_top.$flatten\conv.\impl.$add$/Users/adarmaori/Desktop/Final$20Project/FPGA/conv1d_large_4mult.v:83$754 ($add).
Removed top 15 bits (of 32) from port A of cell conv1d_large_benchmark_top.$flatten\conv.\impl.$lt$/Users/adarmaori/Desktop/Final$20Project/FPGA/conv1d_large_4mult.v:83$755 ($lt).
Removed top 25 bits (of 32) from port B of cell conv1d_large_benchmark_top.$flatten\conv.\impl.$lt$/Users/adarmaori/Desktop/Final$20Project/FPGA/conv1d_large_4mult.v:83$755 ($lt).
Removed top 16 bits (of 32) from port Y of cell conv1d_large_benchmark_top.$flatten\conv.\impl.$mul$/Users/adarmaori/Desktop/Final$20Project/FPGA/conv1d_large_4mult.v:84$765 ($mul).
Removed top 16 bits (of 32) from port B of cell conv1d_large_benchmark_top.$flatten\conv.\impl.$add$/Users/adarmaori/Desktop/Final$20Project/FPGA/conv1d_large_4mult.v:84$766 ($add).
Removed top 30 bits (of 32) from port B of cell conv1d_large_benchmark_top.$flatten\conv.\impl.$add$/Users/adarmaori/Desktop/Final$20Project/FPGA/conv1d_large_4mult.v:83$767 ($add).
Removed top 15 bits (of 32) from port Y of cell conv1d_large_benchmark_top.$flatten\conv.\impl.$add$/Users/adarmaori/Desktop/Final$20Project/FPGA/conv1d_large_4mult.v:83$767 ($add).
Removed top 15 bits (of 32) from port A of cell conv1d_large_benchmark_top.$flatten\conv.\impl.$lt$/Users/adarmaori/Desktop/Final$20Project/FPGA/conv1d_large_4mult.v:83$768 ($lt).
Removed top 25 bits (of 32) from port B of cell conv1d_large_benchmark_top.$flatten\conv.\impl.$lt$/Users/adarmaori/Desktop/Final$20Project/FPGA/conv1d_large_4mult.v:83$768 ($lt).
Removed top 16 bits (of 32) from port Y of cell conv1d_large_benchmark_top.$flatten\conv.\impl.$mul$/Users/adarmaori/Desktop/Final$20Project/FPGA/conv1d_large_4mult.v:84$778 ($mul).
Removed top 16 bits (of 32) from port B of cell conv1d_large_benchmark_top.$flatten\conv.\impl.$add$/Users/adarmaori/Desktop/Final$20Project/FPGA/conv1d_large_4mult.v:84$779 ($add).
Removed top 29 bits (of 32) from port B of cell conv1d_large_benchmark_top.$flatten\conv.\impl.$add$/Users/adarmaori/Desktop/Final$20Project/FPGA/conv1d_large_4mult.v:88$780 ($add).
Removed top 15 bits (of 32) from port Y of cell conv1d_large_benchmark_top.$flatten\conv.\impl.$add$/Users/adarmaori/Desktop/Final$20Project/FPGA/conv1d_large_4mult.v:88$780 ($add).
Removed top 15 bits (of 32) from port A of cell conv1d_large_benchmark_top.$flatten\conv.\impl.$ge$/Users/adarmaori/Desktop/Final$20Project/FPGA/conv1d_large_4mult.v:88$781 ($ge).
Removed top 25 bits (of 32) from port B of cell conv1d_large_benchmark_top.$flatten\conv.\impl.$ge$/Users/adarmaori/Desktop/Final$20Project/FPGA/conv1d_large_4mult.v:88$781 ($ge).
Removed top 13 bits (of 16) from port B of cell conv1d_large_benchmark_top.$flatten\conv.\impl.$add$/Users/adarmaori/Desktop/Final$20Project/FPGA/conv1d_large_4mult.v:95$784 ($add).
Removed top 1 bits (of 6) from port B of cell conv1d_large_benchmark_top.$flatten\conv.\impl.$procmux$864_CMP0 ($eq).
Removed top 1 bits (of 6) from port B of cell conv1d_large_benchmark_top.$flatten\conv.\impl.$procmux$865_CMP0 ($eq).
Removed top 1 bits (of 6) from port B of cell conv1d_large_benchmark_top.$flatten\conv.\impl.$procmux$866_CMP0 ($eq).
Removed top 1 bits (of 6) from port B of cell conv1d_large_benchmark_top.$flatten\conv.\impl.$procmux$867_CMP0 ($eq).
Removed top 1 bits (of 6) from port B of cell conv1d_large_benchmark_top.$flatten\conv.\impl.$procmux$868_CMP0 ($eq).
Removed top 1 bits (of 6) from port B of cell conv1d_large_benchmark_top.$flatten\conv.\impl.$procmux$869_CMP0 ($eq).
Removed top 1 bits (of 6) from port B of cell conv1d_large_benchmark_top.$flatten\conv.\impl.$procmux$870_CMP0 ($eq).
Removed top 1 bits (of 6) from port B of cell conv1d_large_benchmark_top.$flatten\conv.\impl.$procmux$871_CMP0 ($eq).
Removed top 1 bits (of 6) from port B of cell conv1d_large_benchmark_top.$flatten\conv.\impl.$procmux$872_CMP0 ($eq).
Removed top 1 bits (of 6) from port B of cell conv1d_large_benchmark_top.$flatten\conv.\impl.$procmux$873_CMP0 ($eq).
Removed top 1 bits (of 6) from port B of cell conv1d_large_benchmark_top.$flatten\conv.\impl.$procmux$874_CMP0 ($eq).
Removed top 1 bits (of 6) from port B of cell conv1d_large_benchmark_top.$flatten\conv.\impl.$procmux$875_CMP0 ($eq).
Removed top 1 bits (of 6) from port B of cell conv1d_large_benchmark_top.$flatten\conv.\impl.$procmux$876_CMP0 ($eq).
Removed top 1 bits (of 6) from port B of cell conv1d_large_benchmark_top.$flatten\conv.\impl.$procmux$877_CMP0 ($eq).
Removed top 1 bits (of 6) from port B of cell conv1d_large_benchmark_top.$flatten\conv.\impl.$procmux$878_CMP0 ($eq).
Removed top 1 bits (of 6) from port B of cell conv1d_large_benchmark_top.$flatten\conv.\impl.$procmux$879_CMP0 ($eq).
Removed top 2 bits (of 6) from port B of cell conv1d_large_benchmark_top.$flatten\conv.\impl.$procmux$880_CMP0 ($eq).
Removed top 2 bits (of 6) from port B of cell conv1d_large_benchmark_top.$flatten\conv.\impl.$procmux$881_CMP0 ($eq).
Removed top 2 bits (of 6) from port B of cell conv1d_large_benchmark_top.$flatten\conv.\impl.$procmux$882_CMP0 ($eq).
Removed top 2 bits (of 6) from port B of cell conv1d_large_benchmark_top.$flatten\conv.\impl.$procmux$883_CMP0 ($eq).
Removed top 2 bits (of 6) from port B of cell conv1d_large_benchmark_top.$flatten\conv.\impl.$procmux$884_CMP0 ($eq).
Removed top 2 bits (of 6) from port B of cell conv1d_large_benchmark_top.$flatten\conv.\impl.$procmux$885_CMP0 ($eq).
Removed top 2 bits (of 6) from port B of cell conv1d_large_benchmark_top.$flatten\conv.\impl.$procmux$886_CMP0 ($eq).
Removed top 2 bits (of 6) from port B of cell conv1d_large_benchmark_top.$flatten\conv.\impl.$procmux$887_CMP0 ($eq).
Removed top 3 bits (of 6) from port B of cell conv1d_large_benchmark_top.$flatten\conv.\impl.$procmux$888_CMP0 ($eq).
Removed top 3 bits (of 6) from port B of cell conv1d_large_benchmark_top.$flatten\conv.\impl.$procmux$889_CMP0 ($eq).
Removed top 3 bits (of 6) from port B of cell conv1d_large_benchmark_top.$flatten\conv.\impl.$procmux$890_CMP0 ($eq).
Removed top 3 bits (of 6) from port B of cell conv1d_large_benchmark_top.$flatten\conv.\impl.$procmux$891_CMP0 ($eq).
Removed top 4 bits (of 6) from port B of cell conv1d_large_benchmark_top.$flatten\conv.\impl.$procmux$892_CMP0 ($eq).
Removed top 4 bits (of 6) from port B of cell conv1d_large_benchmark_top.$flatten\conv.\impl.$procmux$893_CMP0 ($eq).
Removed top 5 bits (of 6) from port B of cell conv1d_large_benchmark_top.$flatten\conv.\impl.$procmux$894_CMP0 ($eq).
Removed top 29 bits (of 32) from port B of cell conv1d_large_benchmark_top.$flatten\conv.\impl.$procmux$910_CMP0 ($eq).
Removed top 29 bits (of 32) from port B of cell conv1d_large_benchmark_top.$flatten\conv.\impl.$procmux$911_CMP0 ($eq).
Removed top 29 bits (of 32) from port B of cell conv1d_large_benchmark_top.$flatten\conv.\impl.$procmux$912_CMP0 ($eq).
Removed top 30 bits (of 32) from port B of cell conv1d_large_benchmark_top.$flatten\conv.\impl.$procmux$913_CMP0 ($eq).
Removed top 30 bits (of 32) from port B of cell conv1d_large_benchmark_top.$flatten\conv.\impl.$procmux$914_CMP0 ($eq).
Removed top 31 bits (of 32) from port B of cell conv1d_large_benchmark_top.$flatten\conv.\impl.$procmux$915_CMP0 ($eq).
Removed top 1 bits (of 6) from port B of cell conv1d_large_benchmark_top.$flatten\conv.\impl.$procmux$1021_CMP0 ($eq).
Removed top 1 bits (of 6) from port B of cell conv1d_large_benchmark_top.$flatten\conv.\impl.$procmux$1022_CMP0 ($eq).
Removed top 1 bits (of 6) from port B of cell conv1d_large_benchmark_top.$flatten\conv.\impl.$procmux$1023_CMP0 ($eq).
Removed top 1 bits (of 6) from port B of cell conv1d_large_benchmark_top.$flatten\conv.\impl.$procmux$1024_CMP0 ($eq).
Removed top 1 bits (of 6) from port B of cell conv1d_large_benchmark_top.$flatten\conv.\impl.$procmux$1025_CMP0 ($eq).
Removed top 1 bits (of 6) from port B of cell conv1d_large_benchmark_top.$flatten\conv.\impl.$procmux$1026_CMP0 ($eq).
Removed top 1 bits (of 6) from port B of cell conv1d_large_benchmark_top.$flatten\conv.\impl.$procmux$1027_CMP0 ($eq).
Removed top 1 bits (of 6) from port B of cell conv1d_large_benchmark_top.$flatten\conv.\impl.$procmux$1028_CMP0 ($eq).
Removed top 1 bits (of 6) from port B of cell conv1d_large_benchmark_top.$flatten\conv.\impl.$procmux$1029_CMP0 ($eq).
Removed top 1 bits (of 6) from port B of cell conv1d_large_benchmark_top.$flatten\conv.\impl.$procmux$1030_CMP0 ($eq).
Removed top 1 bits (of 6) from port B of cell conv1d_large_benchmark_top.$flatten\conv.\impl.$procmux$1031_CMP0 ($eq).
Removed top 1 bits (of 6) from port B of cell conv1d_large_benchmark_top.$flatten\conv.\impl.$procmux$1032_CMP0 ($eq).
Removed top 1 bits (of 6) from port B of cell conv1d_large_benchmark_top.$flatten\conv.\impl.$procmux$1033_CMP0 ($eq).
Removed top 1 bits (of 6) from port B of cell conv1d_large_benchmark_top.$flatten\conv.\impl.$procmux$1034_CMP0 ($eq).
Removed top 1 bits (of 6) from port B of cell conv1d_large_benchmark_top.$flatten\conv.\impl.$procmux$1035_CMP0 ($eq).
Removed top 1 bits (of 6) from port B of cell conv1d_large_benchmark_top.$flatten\conv.\impl.$procmux$1036_CMP0 ($eq).
Removed top 2 bits (of 6) from port B of cell conv1d_large_benchmark_top.$flatten\conv.\impl.$procmux$1037_CMP0 ($eq).
Removed top 2 bits (of 6) from port B of cell conv1d_large_benchmark_top.$flatten\conv.\impl.$procmux$1038_CMP0 ($eq).
Removed top 2 bits (of 6) from port B of cell conv1d_large_benchmark_top.$flatten\conv.\impl.$procmux$1039_CMP0 ($eq).
Removed top 2 bits (of 6) from port B of cell conv1d_large_benchmark_top.$flatten\conv.\impl.$procmux$1040_CMP0 ($eq).
Removed top 2 bits (of 6) from port B of cell conv1d_large_benchmark_top.$flatten\conv.\impl.$procmux$1041_CMP0 ($eq).
Removed top 2 bits (of 6) from port B of cell conv1d_large_benchmark_top.$flatten\conv.\impl.$procmux$1042_CMP0 ($eq).
Removed top 2 bits (of 6) from port B of cell conv1d_large_benchmark_top.$flatten\conv.\impl.$procmux$1043_CMP0 ($eq).
Removed top 2 bits (of 6) from port B of cell conv1d_large_benchmark_top.$flatten\conv.\impl.$procmux$1044_CMP0 ($eq).
Removed top 3 bits (of 6) from port B of cell conv1d_large_benchmark_top.$flatten\conv.\impl.$procmux$1045_CMP0 ($eq).
Removed top 3 bits (of 6) from port B of cell conv1d_large_benchmark_top.$flatten\conv.\impl.$procmux$1046_CMP0 ($eq).
Removed top 3 bits (of 6) from port B of cell conv1d_large_benchmark_top.$flatten\conv.\impl.$procmux$1047_CMP0 ($eq).
Removed top 3 bits (of 6) from port B of cell conv1d_large_benchmark_top.$flatten\conv.\impl.$procmux$1048_CMP0 ($eq).
Removed top 4 bits (of 6) from port B of cell conv1d_large_benchmark_top.$flatten\conv.\impl.$procmux$1049_CMP0 ($eq).
Removed top 4 bits (of 6) from port B of cell conv1d_large_benchmark_top.$flatten\conv.\impl.$procmux$1050_CMP0 ($eq).
Removed top 5 bits (of 6) from port B of cell conv1d_large_benchmark_top.$flatten\conv.\impl.$procmux$1051_CMP0 ($eq).
Removed top 29 bits (of 32) from port B of cell conv1d_large_benchmark_top.$flatten\conv.\impl.$procmux$1067_CMP0 ($eq).
Removed top 29 bits (of 32) from port B of cell conv1d_large_benchmark_top.$flatten\conv.\impl.$procmux$1068_CMP0 ($eq).
Removed top 29 bits (of 32) from port B of cell conv1d_large_benchmark_top.$flatten\conv.\impl.$procmux$1069_CMP0 ($eq).
Removed top 30 bits (of 32) from port B of cell conv1d_large_benchmark_top.$flatten\conv.\impl.$procmux$1070_CMP0 ($eq).
Removed top 30 bits (of 32) from port B of cell conv1d_large_benchmark_top.$flatten\conv.\impl.$procmux$1071_CMP0 ($eq).
Removed top 31 bits (of 32) from port B of cell conv1d_large_benchmark_top.$flatten\conv.\impl.$procmux$1072_CMP0 ($eq).
Removed top 1 bits (of 6) from port B of cell conv1d_large_benchmark_top.$flatten\conv.\impl.$procmux$1178_CMP0 ($eq).
Removed top 1 bits (of 6) from port B of cell conv1d_large_benchmark_top.$flatten\conv.\impl.$procmux$1179_CMP0 ($eq).
Removed top 1 bits (of 6) from port B of cell conv1d_large_benchmark_top.$flatten\conv.\impl.$procmux$1180_CMP0 ($eq).
Removed top 1 bits (of 6) from port B of cell conv1d_large_benchmark_top.$flatten\conv.\impl.$procmux$1181_CMP0 ($eq).
Removed top 1 bits (of 6) from port B of cell conv1d_large_benchmark_top.$flatten\conv.\impl.$procmux$1182_CMP0 ($eq).
Removed top 1 bits (of 6) from port B of cell conv1d_large_benchmark_top.$flatten\conv.\impl.$procmux$1183_CMP0 ($eq).
Removed top 1 bits (of 6) from port B of cell conv1d_large_benchmark_top.$flatten\conv.\impl.$procmux$1184_CMP0 ($eq).
Removed top 1 bits (of 6) from port B of cell conv1d_large_benchmark_top.$flatten\conv.\impl.$procmux$1185_CMP0 ($eq).
Removed top 1 bits (of 6) from port B of cell conv1d_large_benchmark_top.$flatten\conv.\impl.$procmux$1186_CMP0 ($eq).
Removed top 1 bits (of 6) from port B of cell conv1d_large_benchmark_top.$flatten\conv.\impl.$procmux$1187_CMP0 ($eq).
Removed top 1 bits (of 6) from port B of cell conv1d_large_benchmark_top.$flatten\conv.\impl.$procmux$1188_CMP0 ($eq).
Removed top 1 bits (of 6) from port B of cell conv1d_large_benchmark_top.$flatten\conv.\impl.$procmux$1189_CMP0 ($eq).
Removed top 1 bits (of 6) from port B of cell conv1d_large_benchmark_top.$flatten\conv.\impl.$procmux$1190_CMP0 ($eq).
Removed top 1 bits (of 6) from port B of cell conv1d_large_benchmark_top.$flatten\conv.\impl.$procmux$1191_CMP0 ($eq).
Removed top 1 bits (of 6) from port B of cell conv1d_large_benchmark_top.$flatten\conv.\impl.$procmux$1192_CMP0 ($eq).
Removed top 1 bits (of 6) from port B of cell conv1d_large_benchmark_top.$flatten\conv.\impl.$procmux$1193_CMP0 ($eq).
Removed top 2 bits (of 6) from port B of cell conv1d_large_benchmark_top.$flatten\conv.\impl.$procmux$1194_CMP0 ($eq).
Removed top 2 bits (of 6) from port B of cell conv1d_large_benchmark_top.$flatten\conv.\impl.$procmux$1195_CMP0 ($eq).
Removed top 2 bits (of 6) from port B of cell conv1d_large_benchmark_top.$flatten\conv.\impl.$procmux$1196_CMP0 ($eq).
Removed top 2 bits (of 6) from port B of cell conv1d_large_benchmark_top.$flatten\conv.\impl.$procmux$1197_CMP0 ($eq).
Removed top 2 bits (of 6) from port B of cell conv1d_large_benchmark_top.$flatten\conv.\impl.$procmux$1198_CMP0 ($eq).
Removed top 2 bits (of 6) from port B of cell conv1d_large_benchmark_top.$flatten\conv.\impl.$procmux$1199_CMP0 ($eq).
Removed top 2 bits (of 6) from port B of cell conv1d_large_benchmark_top.$flatten\conv.\impl.$procmux$1200_CMP0 ($eq).
Removed top 2 bits (of 6) from port B of cell conv1d_large_benchmark_top.$flatten\conv.\impl.$procmux$1201_CMP0 ($eq).
Removed top 3 bits (of 6) from port B of cell conv1d_large_benchmark_top.$flatten\conv.\impl.$procmux$1202_CMP0 ($eq).
Removed top 3 bits (of 6) from port B of cell conv1d_large_benchmark_top.$flatten\conv.\impl.$procmux$1203_CMP0 ($eq).
Removed top 3 bits (of 6) from port B of cell conv1d_large_benchmark_top.$flatten\conv.\impl.$procmux$1204_CMP0 ($eq).
Removed top 3 bits (of 6) from port B of cell conv1d_large_benchmark_top.$flatten\conv.\impl.$procmux$1205_CMP0 ($eq).
Removed top 4 bits (of 6) from port B of cell conv1d_large_benchmark_top.$flatten\conv.\impl.$procmux$1206_CMP0 ($eq).
Removed top 4 bits (of 6) from port B of cell conv1d_large_benchmark_top.$flatten\conv.\impl.$procmux$1207_CMP0 ($eq).
Removed top 5 bits (of 6) from port B of cell conv1d_large_benchmark_top.$flatten\conv.\impl.$procmux$1208_CMP0 ($eq).
Removed top 29 bits (of 32) from port B of cell conv1d_large_benchmark_top.$flatten\conv.\impl.$procmux$1224_CMP0 ($eq).
Removed top 29 bits (of 32) from port B of cell conv1d_large_benchmark_top.$flatten\conv.\impl.$procmux$1225_CMP0 ($eq).
Removed top 29 bits (of 32) from port B of cell conv1d_large_benchmark_top.$flatten\conv.\impl.$procmux$1226_CMP0 ($eq).
Removed top 30 bits (of 32) from port B of cell conv1d_large_benchmark_top.$flatten\conv.\impl.$procmux$1227_CMP0 ($eq).
Removed top 30 bits (of 32) from port B of cell conv1d_large_benchmark_top.$flatten\conv.\impl.$procmux$1228_CMP0 ($eq).
Removed top 31 bits (of 32) from port B of cell conv1d_large_benchmark_top.$flatten\conv.\impl.$procmux$1229_CMP0 ($eq).
Removed top 1 bits (of 6) from port B of cell conv1d_large_benchmark_top.$flatten\conv.\impl.$procmux$1335_CMP0 ($eq).
Removed top 1 bits (of 6) from port B of cell conv1d_large_benchmark_top.$flatten\conv.\impl.$procmux$1336_CMP0 ($eq).
Removed top 1 bits (of 6) from port B of cell conv1d_large_benchmark_top.$flatten\conv.\impl.$procmux$1337_CMP0 ($eq).
Removed top 1 bits (of 6) from port B of cell conv1d_large_benchmark_top.$flatten\conv.\impl.$procmux$1338_CMP0 ($eq).
Removed top 1 bits (of 6) from port B of cell conv1d_large_benchmark_top.$flatten\conv.\impl.$procmux$1339_CMP0 ($eq).
Removed top 1 bits (of 6) from port B of cell conv1d_large_benchmark_top.$flatten\conv.\impl.$procmux$1340_CMP0 ($eq).
Removed top 1 bits (of 6) from port B of cell conv1d_large_benchmark_top.$flatten\conv.\impl.$procmux$1341_CMP0 ($eq).
Removed top 1 bits (of 6) from port B of cell conv1d_large_benchmark_top.$flatten\conv.\impl.$procmux$1342_CMP0 ($eq).
Removed top 1 bits (of 6) from port B of cell conv1d_large_benchmark_top.$flatten\conv.\impl.$procmux$1343_CMP0 ($eq).
Removed top 1 bits (of 6) from port B of cell conv1d_large_benchmark_top.$flatten\conv.\impl.$procmux$1344_CMP0 ($eq).
Removed top 1 bits (of 6) from port B of cell conv1d_large_benchmark_top.$flatten\conv.\impl.$procmux$1345_CMP0 ($eq).
Removed top 1 bits (of 6) from port B of cell conv1d_large_benchmark_top.$flatten\conv.\impl.$procmux$1346_CMP0 ($eq).
Removed top 1 bits (of 6) from port B of cell conv1d_large_benchmark_top.$flatten\conv.\impl.$procmux$1347_CMP0 ($eq).
Removed top 1 bits (of 6) from port B of cell conv1d_large_benchmark_top.$flatten\conv.\impl.$procmux$1348_CMP0 ($eq).
Removed top 1 bits (of 6) from port B of cell conv1d_large_benchmark_top.$flatten\conv.\impl.$procmux$1349_CMP0 ($eq).
Removed top 1 bits (of 6) from port B of cell conv1d_large_benchmark_top.$flatten\conv.\impl.$procmux$1350_CMP0 ($eq).
Removed top 2 bits (of 6) from port B of cell conv1d_large_benchmark_top.$flatten\conv.\impl.$procmux$1351_CMP0 ($eq).
Removed top 2 bits (of 6) from port B of cell conv1d_large_benchmark_top.$flatten\conv.\impl.$procmux$1352_CMP0 ($eq).
Removed top 2 bits (of 6) from port B of cell conv1d_large_benchmark_top.$flatten\conv.\impl.$procmux$1353_CMP0 ($eq).
Removed top 2 bits (of 6) from port B of cell conv1d_large_benchmark_top.$flatten\conv.\impl.$procmux$1354_CMP0 ($eq).
Removed top 2 bits (of 6) from port B of cell conv1d_large_benchmark_top.$flatten\conv.\impl.$procmux$1355_CMP0 ($eq).
Removed top 2 bits (of 6) from port B of cell conv1d_large_benchmark_top.$flatten\conv.\impl.$procmux$1356_CMP0 ($eq).
Removed top 2 bits (of 6) from port B of cell conv1d_large_benchmark_top.$flatten\conv.\impl.$procmux$1357_CMP0 ($eq).
Removed top 2 bits (of 6) from port B of cell conv1d_large_benchmark_top.$flatten\conv.\impl.$procmux$1358_CMP0 ($eq).
Removed top 3 bits (of 6) from port B of cell conv1d_large_benchmark_top.$flatten\conv.\impl.$procmux$1359_CMP0 ($eq).
Removed top 3 bits (of 6) from port B of cell conv1d_large_benchmark_top.$flatten\conv.\impl.$procmux$1360_CMP0 ($eq).
Removed top 3 bits (of 6) from port B of cell conv1d_large_benchmark_top.$flatten\conv.\impl.$procmux$1361_CMP0 ($eq).
Removed top 3 bits (of 6) from port B of cell conv1d_large_benchmark_top.$flatten\conv.\impl.$procmux$1362_CMP0 ($eq).
Removed top 4 bits (of 6) from port B of cell conv1d_large_benchmark_top.$flatten\conv.\impl.$procmux$1363_CMP0 ($eq).
Removed top 4 bits (of 6) from port B of cell conv1d_large_benchmark_top.$flatten\conv.\impl.$procmux$1364_CMP0 ($eq).
Removed top 5 bits (of 6) from port B of cell conv1d_large_benchmark_top.$flatten\conv.\impl.$procmux$1365_CMP0 ($eq).
Removed top 1 bits (of 3) from port B of cell conv1d_large_benchmark_top.$flatten\conv.\impl.$procmux$1384_CMP0 ($eq).
Removed top 1 bits (of 3) from port B of cell conv1d_large_benchmark_top.$flatten\conv.\impl.$procmux$1385_CMP0 ($eq).
Removed top 2 bits (of 3) from port B of cell conv1d_large_benchmark_top.$flatten\conv.\impl.$procmux$1386_CMP0 ($eq).
Removed top 15 bits (of 32) from wire conv1d_large_benchmark_top.$flatten\conv.\impl.$add$/Users/adarmaori/Desktop/Final$20Project/FPGA/conv1d_large_4mult.v:83$741_Y.
Removed top 15 bits (of 32) from wire conv1d_large_benchmark_top.$flatten\conv.\impl.$add$/Users/adarmaori/Desktop/Final$20Project/FPGA/conv1d_large_4mult.v:83$754_Y.
Removed top 15 bits (of 32) from wire conv1d_large_benchmark_top.$flatten\conv.\impl.$add$/Users/adarmaori/Desktop/Final$20Project/FPGA/conv1d_large_4mult.v:83$767_Y.
Removed top 15 bits (of 32) from wire conv1d_large_benchmark_top.$flatten\conv.\impl.$add$/Users/adarmaori/Desktop/Final$20Project/FPGA/conv1d_large_4mult.v:88$780_Y.

5.14. Executing PEEPOPT pass (run peephole optimizers).

5.15. Executing OPT_CLEAN pass (remove unused cells and wires).
Finding unused cells or wires in module \conv1d_large_benchmark_top..
Removed 0 unused cells and 4 unused wires.
<suppressed ~1 debug messages>

5.16. Executing SHARE pass (SAT-based resource sharing).
Found 4 cells in module conv1d_large_benchmark_top that may be considered for resource sharing.
  Analyzing resource sharing options for $flatten\conv.\impl.$mul$/Users/adarmaori/Desktop/Final$20Project/FPGA/conv1d_large_4mult.v:84$778 ($mul):
    Found 1 activation_patterns using ctrl signal { $flatten\conv.\impl.$lt$/Users/adarmaori/Desktop/Final$20Project/FPGA/conv1d_large_4mult.v:83$768_Y $flatten\conv.\impl.$logic_and$/Users/adarmaori/Desktop/Final$20Project/FPGA/conv1d_large_4mult.v:66$695_Y \conv.impl.busy \rst }.
    Found 3 candidates: $flatten\conv.\impl.$mul$/Users/adarmaori/Desktop/Final$20Project/FPGA/conv1d_large_4mult.v:84$765 $flatten\conv.\impl.$mul$/Users/adarmaori/Desktop/Final$20Project/FPGA/conv1d_large_4mult.v:84$752 $flatten\conv.\impl.$mul$/Users/adarmaori/Desktop/Final$20Project/FPGA/conv1d_large_4mult.v:84$739
    Analyzing resource sharing with $flatten\conv.\impl.$mul$/Users/adarmaori/Desktop/Final$20Project/FPGA/conv1d_large_4mult.v:84$765 ($mul):
      Found 1 activation_patterns using ctrl signal { $flatten\conv.\impl.$lt$/Users/adarmaori/Desktop/Final$20Project/FPGA/conv1d_large_4mult.v:83$755_Y $flatten\conv.\impl.$logic_and$/Users/adarmaori/Desktop/Final$20Project/FPGA/conv1d_large_4mult.v:66$695_Y \conv.impl.busy \rst }.
      Activation pattern for cell $flatten\conv.\impl.$mul$/Users/adarmaori/Desktop/Final$20Project/FPGA/conv1d_large_4mult.v:84$778: { $flatten\conv.\impl.$lt$/Users/adarmaori/Desktop/Final$20Project/FPGA/conv1d_large_4mult.v:83$768_Y $flatten\conv.\impl.$logic_and$/Users/adarmaori/Desktop/Final$20Project/FPGA/conv1d_large_4mult.v:66$695_Y \conv.impl.busy \rst } = 4'1010
      Activation pattern for cell $flatten\conv.\impl.$mul$/Users/adarmaori/Desktop/Final$20Project/FPGA/conv1d_large_4mult.v:84$765: { $flatten\conv.\impl.$lt$/Users/adarmaori/Desktop/Final$20Project/FPGA/conv1d_large_4mult.v:83$755_Y $flatten\conv.\impl.$logic_and$/Users/adarmaori/Desktop/Final$20Project/FPGA/conv1d_large_4mult.v:66$695_Y \conv.impl.busy \rst } = 4'1010
      Size of SAT problem: 0 cells, 429 variables, 1158 clauses
      According to the SAT solver this pair of cells can not be shared.
      Model from SAT solver: { $flatten\conv.\impl.$lt$/Users/adarmaori/Desktop/Final$20Project/FPGA/conv1d_large_4mult.v:83$768_Y $flatten\conv.\impl.$lt$/Users/adarmaori/Desktop/Final$20Project/FPGA/conv1d_large_4mult.v:83$755_Y $flatten\conv.\impl.$logic_and$/Users/adarmaori/Desktop/Final$20Project/FPGA/conv1d_large_4mult.v:66$695_Y \conv.impl.busy \rst } = 5'11010
    Analyzing resource sharing with $flatten\conv.\impl.$mul$/Users/adarmaori/Desktop/Final$20Project/FPGA/conv1d_large_4mult.v:84$752 ($mul):
      Found 1 activation_patterns using ctrl signal { $flatten\conv.\impl.$lt$/Users/adarmaori/Desktop/Final$20Project/FPGA/conv1d_large_4mult.v:83$742_Y $flatten\conv.\impl.$logic_and$/Users/adarmaori/Desktop/Final$20Project/FPGA/conv1d_large_4mult.v:66$695_Y \conv.impl.busy \rst }.
      Activation pattern for cell $flatten\conv.\impl.$mul$/Users/adarmaori/Desktop/Final$20Project/FPGA/conv1d_large_4mult.v:84$778: { $flatten\conv.\impl.$lt$/Users/adarmaori/Desktop/Final$20Project/FPGA/conv1d_large_4mult.v:83$768_Y $flatten\conv.\impl.$logic_and$/Users/adarmaori/Desktop/Final$20Project/FPGA/conv1d_large_4mult.v:66$695_Y \conv.impl.busy \rst } = 4'1010
      Activation pattern for cell $flatten\conv.\impl.$mul$/Users/adarmaori/Desktop/Final$20Project/FPGA/conv1d_large_4mult.v:84$752: { $flatten\conv.\impl.$lt$/Users/adarmaori/Desktop/Final$20Project/FPGA/conv1d_large_4mult.v:83$742_Y $flatten\conv.\impl.$logic_and$/Users/adarmaori/Desktop/Final$20Project/FPGA/conv1d_large_4mult.v:66$695_Y \conv.impl.busy \rst } = 4'1010
      Size of SAT problem: 0 cells, 428 variables, 1155 clauses
      According to the SAT solver this pair of cells can not be shared.
      Model from SAT solver: { $flatten\conv.\impl.$lt$/Users/adarmaori/Desktop/Final$20Project/FPGA/conv1d_large_4mult.v:83$768_Y $flatten\conv.\impl.$lt$/Users/adarmaori/Desktop/Final$20Project/FPGA/conv1d_large_4mult.v:83$742_Y $flatten\conv.\impl.$logic_and$/Users/adarmaori/Desktop/Final$20Project/FPGA/conv1d_large_4mult.v:66$695_Y \conv.impl.busy \rst } = 5'11010
    Analyzing resource sharing with $flatten\conv.\impl.$mul$/Users/adarmaori/Desktop/Final$20Project/FPGA/conv1d_large_4mult.v:84$739 ($mul):
      Found 1 activation_patterns using ctrl signal { $flatten\conv.\impl.$lt$/Users/adarmaori/Desktop/Final$20Project/FPGA/conv1d_large_4mult.v:83$729_Y $flatten\conv.\impl.$logic_and$/Users/adarmaori/Desktop/Final$20Project/FPGA/conv1d_large_4mult.v:66$695_Y \conv.impl.busy \rst }.
      Activation pattern for cell $flatten\conv.\impl.$mul$/Users/adarmaori/Desktop/Final$20Project/FPGA/conv1d_large_4mult.v:84$778: { $flatten\conv.\impl.$lt$/Users/adarmaori/Desktop/Final$20Project/FPGA/conv1d_large_4mult.v:83$768_Y $flatten\conv.\impl.$logic_and$/Users/adarmaori/Desktop/Final$20Project/FPGA/conv1d_large_4mult.v:66$695_Y \conv.impl.busy \rst } = 4'1010
      Activation pattern for cell $flatten\conv.\impl.$mul$/Users/adarmaori/Desktop/Final$20Project/FPGA/conv1d_large_4mult.v:84$739: { $flatten\conv.\impl.$lt$/Users/adarmaori/Desktop/Final$20Project/FPGA/conv1d_large_4mult.v:83$729_Y $flatten\conv.\impl.$logic_and$/Users/adarmaori/Desktop/Final$20Project/FPGA/conv1d_large_4mult.v:66$695_Y \conv.impl.busy \rst } = 4'1010
      Size of SAT problem: 0 cells, 282 variables, 751 clauses
      According to the SAT solver this pair of cells can not be shared.
      Model from SAT solver: { $flatten\conv.\impl.$lt$/Users/adarmaori/Desktop/Final$20Project/FPGA/conv1d_large_4mult.v:83$768_Y $flatten\conv.\impl.$lt$/Users/adarmaori/Desktop/Final$20Project/FPGA/conv1d_large_4mult.v:83$729_Y $flatten\conv.\impl.$logic_and$/Users/adarmaori/Desktop/Final$20Project/FPGA/conv1d_large_4mult.v:66$695_Y \conv.impl.busy \rst } = 5'11010
  Analyzing resource sharing options for $flatten\conv.\impl.$mul$/Users/adarmaori/Desktop/Final$20Project/FPGA/conv1d_large_4mult.v:84$765 ($mul):
    Found 1 activation_patterns using ctrl signal { $flatten\conv.\impl.$lt$/Users/adarmaori/Desktop/Final$20Project/FPGA/conv1d_large_4mult.v:83$755_Y $flatten\conv.\impl.$logic_and$/Users/adarmaori/Desktop/Final$20Project/FPGA/conv1d_large_4mult.v:66$695_Y \conv.impl.busy \rst }.
    Found 2 candidates: $flatten\conv.\impl.$mul$/Users/adarmaori/Desktop/Final$20Project/FPGA/conv1d_large_4mult.v:84$752 $flatten\conv.\impl.$mul$/Users/adarmaori/Desktop/Final$20Project/FPGA/conv1d_large_4mult.v:84$739
    Analyzing resource sharing with $flatten\conv.\impl.$mul$/Users/adarmaori/Desktop/Final$20Project/FPGA/conv1d_large_4mult.v:84$752 ($mul):
      Found 1 activation_patterns using ctrl signal { $flatten\conv.\impl.$lt$/Users/adarmaori/Desktop/Final$20Project/FPGA/conv1d_large_4mult.v:83$742_Y $flatten\conv.\impl.$logic_and$/Users/adarmaori/Desktop/Final$20Project/FPGA/conv1d_large_4mult.v:66$695_Y \conv.impl.busy \rst }.
      Activation pattern for cell $flatten\conv.\impl.$mul$/Users/adarmaori/Desktop/Final$20Project/FPGA/conv1d_large_4mult.v:84$765: { $flatten\conv.\impl.$lt$/Users/adarmaori/Desktop/Final$20Project/FPGA/conv1d_large_4mult.v:83$755_Y $flatten\conv.\impl.$logic_and$/Users/adarmaori/Desktop/Final$20Project/FPGA/conv1d_large_4mult.v:66$695_Y \conv.impl.busy \rst } = 4'1010
      Activation pattern for cell $flatten\conv.\impl.$mul$/Users/adarmaori/Desktop/Final$20Project/FPGA/conv1d_large_4mult.v:84$752: { $flatten\conv.\impl.$lt$/Users/adarmaori/Desktop/Final$20Project/FPGA/conv1d_large_4mult.v:83$742_Y $flatten\conv.\impl.$logic_and$/Users/adarmaori/Desktop/Final$20Project/FPGA/conv1d_large_4mult.v:66$695_Y \conv.impl.busy \rst } = 4'1010
      Size of SAT problem: 0 cells, 430 variables, 1161 clauses
      According to the SAT solver this pair of cells can not be shared.
      Model from SAT solver: { $flatten\conv.\impl.$lt$/Users/adarmaori/Desktop/Final$20Project/FPGA/conv1d_large_4mult.v:83$755_Y $flatten\conv.\impl.$lt$/Users/adarmaori/Desktop/Final$20Project/FPGA/conv1d_large_4mult.v:83$742_Y $flatten\conv.\impl.$logic_and$/Users/adarmaori/Desktop/Final$20Project/FPGA/conv1d_large_4mult.v:66$695_Y \conv.impl.busy \rst } = 5'11010
    Analyzing resource sharing with $flatten\conv.\impl.$mul$/Users/adarmaori/Desktop/Final$20Project/FPGA/conv1d_large_4mult.v:84$739 ($mul):
      Found 1 activation_patterns using ctrl signal { $flatten\conv.\impl.$lt$/Users/adarmaori/Desktop/Final$20Project/FPGA/conv1d_large_4mult.v:83$729_Y $flatten\conv.\impl.$logic_and$/Users/adarmaori/Desktop/Final$20Project/FPGA/conv1d_large_4mult.v:66$695_Y \conv.impl.busy \rst }.
      Activation pattern for cell $flatten\conv.\impl.$mul$/Users/adarmaori/Desktop/Final$20Project/FPGA/conv1d_large_4mult.v:84$765: { $flatten\conv.\impl.$lt$/Users/adarmaori/Desktop/Final$20Project/FPGA/conv1d_large_4mult.v:83$755_Y $flatten\conv.\impl.$logic_and$/Users/adarmaori/Desktop/Final$20Project/FPGA/conv1d_large_4mult.v:66$695_Y \conv.impl.busy \rst } = 4'1010
      Activation pattern for cell $flatten\conv.\impl.$mul$/Users/adarmaori/Desktop/Final$20Project/FPGA/conv1d_large_4mult.v:84$739: { $flatten\conv.\impl.$lt$/Users/adarmaori/Desktop/Final$20Project/FPGA/conv1d_large_4mult.v:83$729_Y $flatten\conv.\impl.$logic_and$/Users/adarmaori/Desktop/Final$20Project/FPGA/conv1d_large_4mult.v:66$695_Y \conv.impl.busy \rst } = 4'1010
      Size of SAT problem: 0 cells, 281 variables, 748 clauses
      According to the SAT solver this pair of cells can not be shared.
      Model from SAT solver: { $flatten\conv.\impl.$lt$/Users/adarmaori/Desktop/Final$20Project/FPGA/conv1d_large_4mult.v:83$755_Y $flatten\conv.\impl.$lt$/Users/adarmaori/Desktop/Final$20Project/FPGA/conv1d_large_4mult.v:83$729_Y $flatten\conv.\impl.$logic_and$/Users/adarmaori/Desktop/Final$20Project/FPGA/conv1d_large_4mult.v:66$695_Y \conv.impl.busy \rst } = 5'11010
  Analyzing resource sharing options for $flatten\conv.\impl.$mul$/Users/adarmaori/Desktop/Final$20Project/FPGA/conv1d_large_4mult.v:84$752 ($mul):
    Found 1 activation_patterns using ctrl signal { $flatten\conv.\impl.$lt$/Users/adarmaori/Desktop/Final$20Project/FPGA/conv1d_large_4mult.v:83$742_Y $flatten\conv.\impl.$logic_and$/Users/adarmaori/Desktop/Final$20Project/FPGA/conv1d_large_4mult.v:66$695_Y \conv.impl.busy \rst }.
    Found 1 candidates: $flatten\conv.\impl.$mul$/Users/adarmaori/Desktop/Final$20Project/FPGA/conv1d_large_4mult.v:84$739
    Analyzing resource sharing with $flatten\conv.\impl.$mul$/Users/adarmaori/Desktop/Final$20Project/FPGA/conv1d_large_4mult.v:84$739 ($mul):
      Found 1 activation_patterns using ctrl signal { $flatten\conv.\impl.$lt$/Users/adarmaori/Desktop/Final$20Project/FPGA/conv1d_large_4mult.v:83$729_Y $flatten\conv.\impl.$logic_and$/Users/adarmaori/Desktop/Final$20Project/FPGA/conv1d_large_4mult.v:66$695_Y \conv.impl.busy \rst }.
      Activation pattern for cell $flatten\conv.\impl.$mul$/Users/adarmaori/Desktop/Final$20Project/FPGA/conv1d_large_4mult.v:84$752: { $flatten\conv.\impl.$lt$/Users/adarmaori/Desktop/Final$20Project/FPGA/conv1d_large_4mult.v:83$742_Y $flatten\conv.\impl.$logic_and$/Users/adarmaori/Desktop/Final$20Project/FPGA/conv1d_large_4mult.v:66$695_Y \conv.impl.busy \rst } = 4'1010
      Activation pattern for cell $flatten\conv.\impl.$mul$/Users/adarmaori/Desktop/Final$20Project/FPGA/conv1d_large_4mult.v:84$739: { $flatten\conv.\impl.$lt$/Users/adarmaori/Desktop/Final$20Project/FPGA/conv1d_large_4mult.v:83$729_Y $flatten\conv.\impl.$logic_and$/Users/adarmaori/Desktop/Final$20Project/FPGA/conv1d_large_4mult.v:66$695_Y \conv.impl.busy \rst } = 4'1010
      Size of SAT problem: 0 cells, 283 variables, 754 clauses
      According to the SAT solver this pair of cells can not be shared.
      Model from SAT solver: { $flatten\conv.\impl.$lt$/Users/adarmaori/Desktop/Final$20Project/FPGA/conv1d_large_4mult.v:83$742_Y $flatten\conv.\impl.$lt$/Users/adarmaori/Desktop/Final$20Project/FPGA/conv1d_large_4mult.v:83$729_Y $flatten\conv.\impl.$logic_and$/Users/adarmaori/Desktop/Final$20Project/FPGA/conv1d_large_4mult.v:66$695_Y \conv.impl.busy \rst } = 5'11010
  Analyzing resource sharing options for $flatten\conv.\impl.$mul$/Users/adarmaori/Desktop/Final$20Project/FPGA/conv1d_large_4mult.v:84$739 ($mul):
    Found 1 activation_patterns using ctrl signal { $flatten\conv.\impl.$lt$/Users/adarmaori/Desktop/Final$20Project/FPGA/conv1d_large_4mult.v:83$729_Y $flatten\conv.\impl.$logic_and$/Users/adarmaori/Desktop/Final$20Project/FPGA/conv1d_large_4mult.v:66$695_Y \conv.impl.busy \rst }.
    No candidates found.

5.17. Executing TECHMAP pass (map to technology primitives).

5.17.1. Executing Verilog-2005 frontend: /opt/homebrew/bin/../share/yosys/cmp2lut.v
Parsing Verilog input from `/opt/homebrew/bin/../share/yosys/cmp2lut.v' to AST representation.
Generating RTLIL representation for module `\_90_lut_cmp_'.
Successfully finished Verilog frontend.

5.17.2. Continuing TECHMAP pass.
No more expansions possible.
<suppressed ~88 debug messages>

5.18. Executing OPT_EXPR pass (perform const folding).
Optimizing module conv1d_large_benchmark_top.
<suppressed ~3 debug messages>

5.19. Executing OPT_CLEAN pass (remove unused cells and wires).
Finding unused cells or wires in module \conv1d_large_benchmark_top..
Removed 3 unused cells and 6 unused wires.
<suppressed ~4 debug messages>

5.20. Executing ALUMACC pass (create $alu and $macc cells).
Extracting $alu and $macc cells in module conv1d_large_benchmark_top:
  creating $macc model for $flatten\conv.\impl.$add$/Users/adarmaori/Desktop/Final$20Project/FPGA/conv1d_large_4mult.v:83$741 ($add).
  creating $macc model for $flatten\conv.\impl.$add$/Users/adarmaori/Desktop/Final$20Project/FPGA/conv1d_large_4mult.v:83$754 ($add).
  creating $macc model for $flatten\conv.\impl.$add$/Users/adarmaori/Desktop/Final$20Project/FPGA/conv1d_large_4mult.v:83$767 ($add).
  creating $macc model for $flatten\conv.\impl.$add$/Users/adarmaori/Desktop/Final$20Project/FPGA/conv1d_large_4mult.v:84$753 ($add).
  creating $macc model for $flatten\conv.\impl.$add$/Users/adarmaori/Desktop/Final$20Project/FPGA/conv1d_large_4mult.v:84$766 ($add).
  creating $macc model for $flatten\conv.\impl.$add$/Users/adarmaori/Desktop/Final$20Project/FPGA/conv1d_large_4mult.v:84$779 ($add).
  creating $macc model for $flatten\conv.\impl.$add$/Users/adarmaori/Desktop/Final$20Project/FPGA/conv1d_large_4mult.v:88$780 ($add).
  creating $macc model for $flatten\conv.\impl.$add$/Users/adarmaori/Desktop/Final$20Project/FPGA/conv1d_large_4mult.v:89$782 ($add).
  creating $macc model for $flatten\conv.\impl.$add$/Users/adarmaori/Desktop/Final$20Project/FPGA/conv1d_large_4mult.v:95$784 ($add).
  creating $macc model for $flatten\conv.\impl.$mul$/Users/adarmaori/Desktop/Final$20Project/FPGA/conv1d_large_4mult.v:84$739 ($mul).
  creating $macc model for $flatten\conv.\impl.$mul$/Users/adarmaori/Desktop/Final$20Project/FPGA/conv1d_large_4mult.v:84$752 ($mul).
  creating $macc model for $flatten\conv.\impl.$mul$/Users/adarmaori/Desktop/Final$20Project/FPGA/conv1d_large_4mult.v:84$765 ($mul).
  creating $macc model for $flatten\conv.\impl.$mul$/Users/adarmaori/Desktop/Final$20Project/FPGA/conv1d_large_4mult.v:84$778 ($mul).
  merging $macc model for $flatten\conv.\impl.$mul$/Users/adarmaori/Desktop/Final$20Project/FPGA/conv1d_large_4mult.v:84$778 into $flatten\conv.\impl.$add$/Users/adarmaori/Desktop/Final$20Project/FPGA/conv1d_large_4mult.v:84$779.
  merging $macc model for $flatten\conv.\impl.$mul$/Users/adarmaori/Desktop/Final$20Project/FPGA/conv1d_large_4mult.v:84$765 into $flatten\conv.\impl.$add$/Users/adarmaori/Desktop/Final$20Project/FPGA/conv1d_large_4mult.v:84$766.
  merging $macc model for $flatten\conv.\impl.$mul$/Users/adarmaori/Desktop/Final$20Project/FPGA/conv1d_large_4mult.v:84$752 into $flatten\conv.\impl.$add$/Users/adarmaori/Desktop/Final$20Project/FPGA/conv1d_large_4mult.v:84$753.
  creating $alu model for $macc $flatten\conv.\impl.$add$/Users/adarmaori/Desktop/Final$20Project/FPGA/conv1d_large_4mult.v:95$784.
  creating $alu model for $macc $flatten\conv.\impl.$add$/Users/adarmaori/Desktop/Final$20Project/FPGA/conv1d_large_4mult.v:89$782.
  creating $alu model for $macc $flatten\conv.\impl.$add$/Users/adarmaori/Desktop/Final$20Project/FPGA/conv1d_large_4mult.v:88$780.
  creating $alu model for $macc $flatten\conv.\impl.$add$/Users/adarmaori/Desktop/Final$20Project/FPGA/conv1d_large_4mult.v:83$767.
  creating $alu model for $macc $flatten\conv.\impl.$add$/Users/adarmaori/Desktop/Final$20Project/FPGA/conv1d_large_4mult.v:83$754.
  creating $alu model for $macc $flatten\conv.\impl.$add$/Users/adarmaori/Desktop/Final$20Project/FPGA/conv1d_large_4mult.v:83$741.
  creating $macc cell for $flatten\conv.\impl.$add$/Users/adarmaori/Desktop/Final$20Project/FPGA/conv1d_large_4mult.v:84$753: $auto$alumacc.cc:365:replace_macc$3086
  creating $macc cell for $flatten\conv.\impl.$add$/Users/adarmaori/Desktop/Final$20Project/FPGA/conv1d_large_4mult.v:84$779: $auto$alumacc.cc:365:replace_macc$3087
  creating $macc cell for $flatten\conv.\impl.$add$/Users/adarmaori/Desktop/Final$20Project/FPGA/conv1d_large_4mult.v:84$766: $auto$alumacc.cc:365:replace_macc$3088
  creating $macc cell for $flatten\conv.\impl.$mul$/Users/adarmaori/Desktop/Final$20Project/FPGA/conv1d_large_4mult.v:84$739: $auto$alumacc.cc:365:replace_macc$3089
  creating $alu model for $flatten\conv.\impl.$ge$/Users/adarmaori/Desktop/Final$20Project/FPGA/conv1d_large_4mult.v:88$781 ($ge): new $alu
  creating $alu model for $flatten\conv.\impl.$lt$/Users/adarmaori/Desktop/Final$20Project/FPGA/conv1d_large_4mult.v:83$729 ($lt): new $alu
  creating $alu model for $flatten\conv.\impl.$lt$/Users/adarmaori/Desktop/Final$20Project/FPGA/conv1d_large_4mult.v:83$742 ($lt): new $alu
  creating $alu model for $flatten\conv.\impl.$lt$/Users/adarmaori/Desktop/Final$20Project/FPGA/conv1d_large_4mult.v:83$755 ($lt): new $alu
  creating $alu model for $flatten\conv.\impl.$lt$/Users/adarmaori/Desktop/Final$20Project/FPGA/conv1d_large_4mult.v:83$768 ($lt): new $alu
  creating $alu cell for $flatten\conv.\impl.$lt$/Users/adarmaori/Desktop/Final$20Project/FPGA/conv1d_large_4mult.v:83$768: $auto$alumacc.cc:485:replace_alu$3095
  creating $alu cell for $flatten\conv.\impl.$lt$/Users/adarmaori/Desktop/Final$20Project/FPGA/conv1d_large_4mult.v:83$755: $auto$alumacc.cc:485:replace_alu$3106
  creating $alu cell for $flatten\conv.\impl.$lt$/Users/adarmaori/Desktop/Final$20Project/FPGA/conv1d_large_4mult.v:83$742: $auto$alumacc.cc:485:replace_alu$3117
  creating $alu cell for $flatten\conv.\impl.$lt$/Users/adarmaori/Desktop/Final$20Project/FPGA/conv1d_large_4mult.v:83$729: $auto$alumacc.cc:485:replace_alu$3128
  creating $alu cell for $flatten\conv.\impl.$ge$/Users/adarmaori/Desktop/Final$20Project/FPGA/conv1d_large_4mult.v:88$781: $auto$alumacc.cc:485:replace_alu$3139
  creating $alu cell for $flatten\conv.\impl.$add$/Users/adarmaori/Desktop/Final$20Project/FPGA/conv1d_large_4mult.v:83$741: $auto$alumacc.cc:485:replace_alu$3148
  creating $alu cell for $flatten\conv.\impl.$add$/Users/adarmaori/Desktop/Final$20Project/FPGA/conv1d_large_4mult.v:83$754: $auto$alumacc.cc:485:replace_alu$3151
  creating $alu cell for $flatten\conv.\impl.$add$/Users/adarmaori/Desktop/Final$20Project/FPGA/conv1d_large_4mult.v:83$767: $auto$alumacc.cc:485:replace_alu$3154
  creating $alu cell for $flatten\conv.\impl.$add$/Users/adarmaori/Desktop/Final$20Project/FPGA/conv1d_large_4mult.v:89$782: $auto$alumacc.cc:485:replace_alu$3157
  creating $alu cell for $flatten\conv.\impl.$add$/Users/adarmaori/Desktop/Final$20Project/FPGA/conv1d_large_4mult.v:88$780: $auto$alumacc.cc:485:replace_alu$3160
  creating $alu cell for $flatten\conv.\impl.$add$/Users/adarmaori/Desktop/Final$20Project/FPGA/conv1d_large_4mult.v:95$784: $auto$alumacc.cc:485:replace_alu$3163
  created 11 $alu and 4 $macc cells.

5.21. Executing OPT pass (performing simple optimizations).

5.21.1. Executing OPT_EXPR pass (perform const folding).
Optimizing module conv1d_large_benchmark_top.
<suppressed ~12 debug messages>

5.21.2. Executing OPT_MERGE pass (detect identical cells).
Finding identical cells in module `\conv1d_large_benchmark_top'.
Removed a total of 0 cells.

5.21.3. Executing OPT_MUXTREE pass (detect dead branches in mux trees).
Running muxtree optimizer on module \conv1d_large_benchmark_top..
  Creating internal representation of mux trees.
  Evaluating internal representation of mux trees.
  Analyzing evaluation results.
Removed 0 multiplexer ports.
<suppressed ~15 debug messages>

5.21.4. Executing OPT_REDUCE pass (consolidate $*mux and $reduce_* inputs).
  Optimizing cells in module \conv1d_large_benchmark_top.
Performed a total of 0 changes.

5.21.5. Executing OPT_MERGE pass (detect identical cells).
Finding identical cells in module `\conv1d_large_benchmark_top'.
Removed a total of 0 cells.

5.21.6. Executing OPT_DFF pass (perform DFF optimizations).

5.21.7. Executing OPT_CLEAN pass (remove unused cells and wires).
Finding unused cells or wires in module \conv1d_large_benchmark_top..
Removed 7 unused cells and 12 unused wires.
<suppressed ~8 debug messages>

5.21.8. Executing OPT_EXPR pass (perform const folding).
Optimizing module conv1d_large_benchmark_top.

5.21.9. Rerunning OPT passes. (Maybe there is more to do..)

5.21.10. Executing OPT_MUXTREE pass (detect dead branches in mux trees).
Running muxtree optimizer on module \conv1d_large_benchmark_top..
  Creating internal representation of mux trees.
  Evaluating internal representation of mux trees.
  Analyzing evaluation results.
Removed 0 multiplexer ports.
<suppressed ~15 debug messages>

5.21.11. Executing OPT_REDUCE pass (consolidate $*mux and $reduce_* inputs).
  Optimizing cells in module \conv1d_large_benchmark_top.
Performed a total of 0 changes.

5.21.12. Executing OPT_MERGE pass (detect identical cells).
Finding identical cells in module `\conv1d_large_benchmark_top'.
Removed a total of 0 cells.

5.21.13. Executing OPT_DFF pass (perform DFF optimizations).

5.21.14. Executing OPT_CLEAN pass (remove unused cells and wires).
Finding unused cells or wires in module \conv1d_large_benchmark_top..

5.21.15. Executing OPT_EXPR pass (perform const folding).
Optimizing module conv1d_large_benchmark_top.

5.21.16. Finished OPT passes. (There is nothing left to do.)

5.22. Executing MEMORY pass.

5.22.1. Executing OPT_MEM pass (optimize memories).
Performed a total of 0 transformations.

5.22.2. Executing OPT_MEM_PRIORITY pass (removing unnecessary memory write priority relations).
Performed a total of 0 transformations.

5.22.3. Executing OPT_MEM_FEEDBACK pass (finding memory read-to-write feedback paths).

5.22.4. Executing MEMORY_BMUX2ROM pass (converting muxes to ROMs).

5.22.5. Executing MEMORY_DFF pass (merging $dff cells to $memrd).

5.22.6. Executing OPT_CLEAN pass (remove unused cells and wires).
Finding unused cells or wires in module \conv1d_large_benchmark_top..

5.22.7. Executing MEMORY_SHARE pass (consolidating $memrd/$memwr cells).

5.22.8. Executing OPT_MEM_WIDEN pass (optimize memories where all ports are wide).
Performed a total of 0 transformations.

5.22.9. Executing OPT_CLEAN pass (remove unused cells and wires).
Finding unused cells or wires in module \conv1d_large_benchmark_top..

5.22.10. Executing MEMORY_COLLECT pass (generating $mem cells).

5.23. Executing OPT_CLEAN pass (remove unused cells and wires).
Finding unused cells or wires in module \conv1d_large_benchmark_top..

5.24. Executing MEMORY_LIBMAP pass (mapping memories to cells).

5.25. Executing TECHMAP pass (map to technology primitives).

5.25.1. Executing Verilog-2005 frontend: /opt/homebrew/bin/../share/yosys/ice40/brams_map.v
Parsing Verilog input from `/opt/homebrew/bin/../share/yosys/ice40/brams_map.v' to AST representation.
Generating RTLIL representation for module `\$__ICE40_RAM4K_'.
Successfully finished Verilog frontend.

5.25.2. Executing Verilog-2005 frontend: /opt/homebrew/bin/../share/yosys/ice40/spram_map.v
Parsing Verilog input from `/opt/homebrew/bin/../share/yosys/ice40/spram_map.v' to AST representation.
Generating RTLIL representation for module `\$__ICE40_SPRAM_'.
Successfully finished Verilog frontend.

5.25.3. Continuing TECHMAP pass.
No more expansions possible.
<suppressed ~4 debug messages>

5.26. Executing ICE40_BRAMINIT pass.

5.27. Executing OPT pass (performing simple optimizations).

5.27.1. Executing OPT_EXPR pass (perform const folding).
Optimizing module conv1d_large_benchmark_top.
<suppressed ~52 debug messages>

5.27.2. Executing OPT_MERGE pass (detect identical cells).
Finding identical cells in module `\conv1d_large_benchmark_top'.
Removed a total of 0 cells.

5.27.3. Executing OPT_DFF pass (perform DFF optimizations).
Adding EN signal on $auto$ff.cc:266:slice$3061 ($sdffe) from module conv1d_large_benchmark_top (D = $flatten\conv.\impl.$procmux$2569_Y [1:0], Q = \conv.impl.tap_index [1:0]).

5.27.4. Executing OPT_CLEAN pass (remove unused cells and wires).
Finding unused cells or wires in module \conv1d_large_benchmark_top..
Removed 4 unused cells and 49 unused wires.
<suppressed ~5 debug messages>

5.27.5. Rerunning OPT passes. (Removed registers in this run.)

5.27.6. Executing OPT_EXPR pass (perform const folding).
Optimizing module conv1d_large_benchmark_top.
<suppressed ~1 debug messages>

5.27.7. Executing OPT_MERGE pass (detect identical cells).
Finding identical cells in module `\conv1d_large_benchmark_top'.
Removed a total of 0 cells.

5.27.8. Executing OPT_DFF pass (perform DFF optimizations).

5.27.9. Executing OPT_CLEAN pass (remove unused cells and wires).
Finding unused cells or wires in module \conv1d_large_benchmark_top..
Removed 0 unused cells and 1 unused wires.
<suppressed ~1 debug messages>

5.27.10. Finished fast OPT passes.

5.28. Executing MEMORY_MAP pass (converting memories to logic and flip-flops).

5.29. Executing OPT pass (performing simple optimizations).

5.29.1. Executing OPT_EXPR pass (perform const folding).
Optimizing module conv1d_large_benchmark_top.

5.29.2. Executing OPT_MERGE pass (detect identical cells).
Finding identical cells in module `\conv1d_large_benchmark_top'.
Removed a total of 0 cells.

5.29.3. Executing OPT_MUXTREE pass (detect dead branches in mux trees).
Running muxtree optimizer on module \conv1d_large_benchmark_top..
  Creating internal representation of mux trees.
  Evaluating internal representation of mux trees.
  Analyzing evaluation results.
Removed 0 multiplexer ports.
<suppressed ~14 debug messages>

5.29.4. Executing OPT_REDUCE pass (consolidate $*mux and $reduce_* inputs).
  Optimizing cells in module \conv1d_large_benchmark_top.
    Consolidated identical input bits for $pmux cell $flatten\conv.\impl.$procmux$1066:
      Old ports: A=8'00000010, B=40'1111111100000011000000001111111000000001, Y=$flatten\conv.\impl.$5\tap_weight$func$/Users/adarmaori/Desktop/Final$20Project/FPGA/conv1d_large_4mult.v:84$654.$result[7:0]$762
      New ports: A=3'010, B=15'111011000110001, Y=$flatten\conv.\impl.$5\tap_weight$func$/Users/adarmaori/Desktop/Final$20Project/FPGA/conv1d_large_4mult.v:84$654.$result[7:0]$762 [2:0]
      New connections: $flatten\conv.\impl.$5\tap_weight$func$/Users/adarmaori/Desktop/Final$20Project/FPGA/conv1d_large_4mult.v:84$654.$result[7:0]$762 [7:3] = { $flatten\conv.\impl.$5\tap_weight$func$/Users/adarmaori/Desktop/Final$20Project/FPGA/conv1d_large_4mult.v:84$654.$result[7:0]$762 [2] $flatten\conv.\impl.$5\tap_weight$func$/Users/adarmaori/Desktop/Final$20Project/FPGA/conv1d_large_4mult.v:84$654.$result[7:0]$762 [2] $flatten\conv.\impl.$5\tap_weight$func$/Users/adarmaori/Desktop/Final$20Project/FPGA/conv1d_large_4mult.v:84$654.$result[7:0]$762 [2] $flatten\conv.\impl.$5\tap_weight$func$/Users/adarmaori/Desktop/Final$20Project/FPGA/conv1d_large_4mult.v:84$654.$result[7:0]$762 [2] $flatten\conv.\impl.$5\tap_weight$func$/Users/adarmaori/Desktop/Final$20Project/FPGA/conv1d_large_4mult.v:84$654.$result[7:0]$762 [2] }
    Consolidated identical input bits for $pmux cell $flatten\conv.\impl.$procmux$1223:
      Old ports: A=8'00000010, B=40'1111111100000011000000001111111000000001, Y=$flatten\conv.\impl.$5\tap_weight$func$/Users/adarmaori/Desktop/Final$20Project/FPGA/conv1d_large_4mult.v:84$653.$result[7:0]$749
      New ports: A=3'010, B=15'111011000110001, Y=$flatten\conv.\impl.$5\tap_weight$func$/Users/adarmaori/Desktop/Final$20Project/FPGA/conv1d_large_4mult.v:84$653.$result[7:0]$749 [2:0]
      New connections: $flatten\conv.\impl.$5\tap_weight$func$/Users/adarmaori/Desktop/Final$20Project/FPGA/conv1d_large_4mult.v:84$653.$result[7:0]$749 [7:3] = { $flatten\conv.\impl.$5\tap_weight$func$/Users/adarmaori/Desktop/Final$20Project/FPGA/conv1d_large_4mult.v:84$653.$result[7:0]$749 [2] $flatten\conv.\impl.$5\tap_weight$func$/Users/adarmaori/Desktop/Final$20Project/FPGA/conv1d_large_4mult.v:84$653.$result[7:0]$749 [2] $flatten\conv.\impl.$5\tap_weight$func$/Users/adarmaori/Desktop/Final$20Project/FPGA/conv1d_large_4mult.v:84$653.$result[7:0]$749 [2] $flatten\conv.\impl.$5\tap_weight$func$/Users/adarmaori/Desktop/Final$20Project/FPGA/conv1d_large_4mult.v:84$653.$result[7:0]$749 [2] $flatten\conv.\impl.$5\tap_weight$func$/Users/adarmaori/Desktop/Final$20Project/FPGA/conv1d_large_4mult.v:84$653.$result[7:0]$749 [2] }
    Consolidated identical input bits for $pmux cell $flatten\conv.\impl.$procmux$1380:
      Old ports: A=8'00000010, B=40'1111111100000011000000001111111000000001, Y=$flatten\conv.\impl.$5\tap_weight$func$/Users/adarmaori/Desktop/Final$20Project/FPGA/conv1d_large_4mult.v:84$652.$result[7:0]$736
      New ports: A=3'010, B=15'111011000110001, Y=$flatten\conv.\impl.$5\tap_weight$func$/Users/adarmaori/Desktop/Final$20Project/FPGA/conv1d_large_4mult.v:84$652.$result[7:0]$736 [2:0]
      New connections: $flatten\conv.\impl.$5\tap_weight$func$/Users/adarmaori/Desktop/Final$20Project/FPGA/conv1d_large_4mult.v:84$652.$result[7:0]$736 [7:3] = { $flatten\conv.\impl.$5\tap_weight$func$/Users/adarmaori/Desktop/Final$20Project/FPGA/conv1d_large_4mult.v:84$652.$result[7:0]$736 [2] $flatten\conv.\impl.$5\tap_weight$func$/Users/adarmaori/Desktop/Final$20Project/FPGA/conv1d_large_4mult.v:84$652.$result[7:0]$736 [2] $flatten\conv.\impl.$5\tap_weight$func$/Users/adarmaori/Desktop/Final$20Project/FPGA/conv1d_large_4mult.v:84$652.$result[7:0]$736 [2] $flatten\conv.\impl.$5\tap_weight$func$/Users/adarmaori/Desktop/Final$20Project/FPGA/conv1d_large_4mult.v:84$652.$result[7:0]$736 [2] $flatten\conv.\impl.$5\tap_weight$func$/Users/adarmaori/Desktop/Final$20Project/FPGA/conv1d_large_4mult.v:84$652.$result[7:0]$736 [2] }
    Consolidated identical input bits for $mux cell $flatten\conv.\impl.$procmux$1399:
      Old ports: A={ $flatten\conv.\impl.$add$/Users/adarmaori/Desktop/Final$20Project/FPGA/conv1d_large_4mult.v:84$740_Y [31] $flatten\conv.\impl.$add$/Users/adarmaori/Desktop/Final$20Project/FPGA/conv1d_large_4mult.v:84$740_Y [31] $flatten\conv.\impl.$add$/Users/adarmaori/Desktop/Final$20Project/FPGA/conv1d_large_4mult.v:84$740_Y [31] $flatten\conv.\impl.$add$/Users/adarmaori/Desktop/Final$20Project/FPGA/conv1d_large_4mult.v:84$740_Y [31] $flatten\conv.\impl.$add$/Users/adarmaori/Desktop/Final$20Project/FPGA/conv1d_large_4mult.v:84$740_Y [31] $flatten\conv.\impl.$add$/Users/adarmaori/Desktop/Final$20Project/FPGA/conv1d_large_4mult.v:84$740_Y [31] $flatten\conv.\impl.$add$/Users/adarmaori/Desktop/Final$20Project/FPGA/conv1d_large_4mult.v:84$740_Y [31] $flatten\conv.\impl.$add$/Users/adarmaori/Desktop/Final$20Project/FPGA/conv1d_large_4mult.v:84$740_Y [31] $flatten\conv.\impl.$add$/Users/adarmaori/Desktop/Final$20Project/FPGA/conv1d_large_4mult.v:84$740_Y [31] $flatten\conv.\impl.$add$/Users/adarmaori/Desktop/Final$20Project/FPGA/conv1d_large_4mult.v:84$740_Y [31] $flatten\conv.\impl.$add$/Users/adarmaori/Desktop/Final$20Project/FPGA/conv1d_large_4mult.v:84$740_Y [31] $flatten\conv.\impl.$add$/Users/adarmaori/Desktop/Final$20Project/FPGA/conv1d_large_4mult.v:84$740_Y [31] $flatten\conv.\impl.$add$/Users/adarmaori/Desktop/Final$20Project/FPGA/conv1d_large_4mult.v:84$740_Y [31] $flatten\conv.\impl.$add$/Users/adarmaori/Desktop/Final$20Project/FPGA/conv1d_large_4mult.v:84$740_Y [31] $flatten\conv.\impl.$add$/Users/adarmaori/Desktop/Final$20Project/FPGA/conv1d_large_4mult.v:84$740_Y [31] $flatten\conv.\impl.$add$/Users/adarmaori/Desktop/Final$20Project/FPGA/conv1d_large_4mult.v:84$740_Y [31] $flatten\conv.\impl.$add$/Users/adarmaori/Desktop/Final$20Project/FPGA/conv1d_large_4mult.v:84$740_Y [31] $flatten\conv.\impl.$add$/Users/adarmaori/Desktop/Final$20Project/FPGA/conv1d_large_4mult.v:84$740_Y [14:0] }, B=0, Y=$flatten\conv.\impl.$4\group_sum[31:0]
      New ports: A={ $flatten\conv.\impl.$add$/Users/adarmaori/Desktop/Final$20Project/FPGA/conv1d_large_4mult.v:84$740_Y [31] $flatten\conv.\impl.$add$/Users/adarmaori/Desktop/Final$20Project/FPGA/conv1d_large_4mult.v:84$740_Y [14:0] }, B=16'0000000000000000, Y=$flatten\conv.\impl.$4\group_sum[31:0] [15:0]
      New connections: $flatten\conv.\impl.$4\group_sum[31:0] [31:16] = { $flatten\conv.\impl.$4\group_sum[31:0] [15] $flatten\conv.\impl.$4\group_sum[31:0] [15] $flatten\conv.\impl.$4\group_sum[31:0] [15] $flatten\conv.\impl.$4\group_sum[31:0] [15] $flatten\conv.\impl.$4\group_sum[31:0] [15] $flatten\conv.\impl.$4\group_sum[31:0] [15] $flatten\conv.\impl.$4\group_sum[31:0] [15] $flatten\conv.\impl.$4\group_sum[31:0] [15] $flatten\conv.\impl.$4\group_sum[31:0] [15] $flatten\conv.\impl.$4\group_sum[31:0] [15] $flatten\conv.\impl.$4\group_sum[31:0] [15] $flatten\conv.\impl.$4\group_sum[31:0] [15] $flatten\conv.\impl.$4\group_sum[31:0] [15] $flatten\conv.\impl.$4\group_sum[31:0] [15] $flatten\conv.\impl.$4\group_sum[31:0] [15] $flatten\conv.\impl.$4\group_sum[31:0] [15] }
    Consolidated identical input bits for $mux cell $flatten\conv.\impl.$procmux$2569:
      Old ports: A={ $flatten\conv.\impl.$add$/Users/adarmaori/Desktop/Final$20Project/FPGA/conv1d_large_4mult.v:95$784_Y [15:2] 2'x }, B=16'0000000000000000, Y=$flatten\conv.\impl.$procmux$2569_Y
      New ports: A={ $flatten\conv.\impl.$add$/Users/adarmaori/Desktop/Final$20Project/FPGA/conv1d_large_4mult.v:95$784_Y [15:2] 1'x }, B=15'000000000000000, Y={ $flatten\conv.\impl.$procmux$2569_Y [15:2] $flatten\conv.\impl.$procmux$2569_Y [0] }
      New connections: $flatten\conv.\impl.$procmux$2569_Y [1] = $flatten\conv.\impl.$procmux$2569_Y [0]
    Consolidated identical input bits for $pmux cell $flatten\conv.\impl.$procmux$909:
      Old ports: A=8'00000010, B=40'1111111100000011000000001111111000000001, Y=$flatten\conv.\impl.$5\tap_weight$func$/Users/adarmaori/Desktop/Final$20Project/FPGA/conv1d_large_4mult.v:84$655.$result[7:0]$775
      New ports: A=3'010, B=15'111011000110001, Y=$flatten\conv.\impl.$5\tap_weight$func$/Users/adarmaori/Desktop/Final$20Project/FPGA/conv1d_large_4mult.v:84$655.$result[7:0]$775 [2:0]
      New connections: $flatten\conv.\impl.$5\tap_weight$func$/Users/adarmaori/Desktop/Final$20Project/FPGA/conv1d_large_4mult.v:84$655.$result[7:0]$775 [7:3] = { $flatten\conv.\impl.$5\tap_weight$func$/Users/adarmaori/Desktop/Final$20Project/FPGA/conv1d_large_4mult.v:84$655.$result[7:0]$775 [2] $flatten\conv.\impl.$5\tap_weight$func$/Users/adarmaori/Desktop/Final$20Project/FPGA/conv1d_large_4mult.v:84$655.$result[7:0]$775 [2] $flatten\conv.\impl.$5\tap_weight$func$/Users/adarmaori/Desktop/Final$20Project/FPGA/conv1d_large_4mult.v:84$655.$result[7:0]$775 [2] $flatten\conv.\impl.$5\tap_weight$func$/Users/adarmaori/Desktop/Final$20Project/FPGA/conv1d_large_4mult.v:84$655.$result[7:0]$775 [2] $flatten\conv.\impl.$5\tap_weight$func$/Users/adarmaori/Desktop/Final$20Project/FPGA/conv1d_large_4mult.v:84$655.$result[7:0]$775 [2] }
  Optimizing cells in module \conv1d_large_benchmark_top.
Performed a total of 6 changes.

5.29.5. Executing OPT_MERGE pass (detect identical cells).
Finding identical cells in module `\conv1d_large_benchmark_top'.
Removed a total of 0 cells.

5.29.6. Executing OPT_DFF pass (perform DFF optimizations).

5.29.7. Executing OPT_CLEAN pass (remove unused cells and wires).
Finding unused cells or wires in module \conv1d_large_benchmark_top..

5.29.8. Executing OPT_EXPR pass (perform const folding).
Optimizing module conv1d_large_benchmark_top.

5.29.9. Rerunning OPT passes. (Maybe there is more to do..)

5.29.10. Executing OPT_MUXTREE pass (detect dead branches in mux trees).
Running muxtree optimizer on module \conv1d_large_benchmark_top..
  Creating internal representation of mux trees.
  Evaluating internal representation of mux trees.
  Analyzing evaluation results.
Removed 0 multiplexer ports.
<suppressed ~14 debug messages>

5.29.11. Executing OPT_REDUCE pass (consolidate $*mux and $reduce_* inputs).
  Optimizing cells in module \conv1d_large_benchmark_top.
Performed a total of 0 changes.

5.29.12. Executing OPT_MERGE pass (detect identical cells).
Finding identical cells in module `\conv1d_large_benchmark_top'.
Removed a total of 0 cells.

5.29.13. Executing OPT_DFF pass (perform DFF optimizations).

5.29.14. Executing OPT_CLEAN pass (remove unused cells and wires).
Finding unused cells or wires in module \conv1d_large_benchmark_top..

5.29.15. Executing OPT_EXPR pass (perform const folding).
Optimizing module conv1d_large_benchmark_top.

5.29.16. Finished OPT passes. (There is nothing left to do.)

5.30. Executing ICE40_WRAPCARRY pass (wrap carries).

5.31. Executing TECHMAP pass (map to technology primitives).

5.31.1. Executing Verilog-2005 frontend: /opt/homebrew/bin/../share/yosys/techmap.v
Parsing Verilog input from `/opt/homebrew/bin/../share/yosys/techmap.v' to AST representation.
Generating RTLIL representation for module `\_90_simplemap_bool_ops'.
Generating RTLIL representation for module `\_90_simplemap_reduce_ops'.
Generating RTLIL representation for module `\_90_simplemap_logic_ops'.
Generating RTLIL representation for module `\_90_simplemap_compare_ops'.
Generating RTLIL representation for module `\_90_simplemap_various'.
Generating RTLIL representation for module `\_90_simplemap_registers'.
Generating RTLIL representation for module `\_90_shift_ops_shr_shl_sshl_sshr'.
Generating RTLIL representation for module `\_90_shift_shiftx'.
Generating RTLIL representation for module `\_90_fa'.
Generating RTLIL representation for module `\_90_lcu_brent_kung'.
Generating RTLIL representation for module `\_90_alu'.
Generating RTLIL representation for module `\_90_macc'.
Generating RTLIL representation for module `\_90_alumacc'.
Generating RTLIL representation for module `\$__div_mod_u'.
Generating RTLIL representation for module `\$__div_mod_trunc'.
Generating RTLIL representation for module `\_90_div'.
Generating RTLIL representation for module `\_90_mod'.
Generating RTLIL representation for module `\$__div_mod_floor'.
Generating RTLIL representation for module `\_90_divfloor'.
Generating RTLIL representation for module `\_90_modfloor'.
Generating RTLIL representation for module `\_90_pow'.
Generating RTLIL representation for module `\_90_pmux'.
Generating RTLIL representation for module `\_90_demux'.
Generating RTLIL representation for module `\_90_lut'.
Successfully finished Verilog frontend.

5.31.2. Executing Verilog-2005 frontend: /opt/homebrew/bin/../share/yosys/ice40/arith_map.v
Parsing Verilog input from `/opt/homebrew/bin/../share/yosys/ice40/arith_map.v' to AST representation.
Generating RTLIL representation for module `\_80_ice40_alu'.
Successfully finished Verilog frontend.

5.31.3. Continuing TECHMAP pass.
Using extmapper simplemap for cells of type $sdff.
Using extmapper maccmap for cells of type $macc.
  add { $flatten\conv.\impl.$4\group_sum[31:0] [31] $flatten\conv.\impl.$4\group_sum[31:0] [31] $flatten\conv.\impl.$4\group_sum[31:0] [31] $flatten\conv.\impl.$4\group_sum[31:0] [31] $flatten\conv.\impl.$4\group_sum[31:0] [31] $flatten\conv.\impl.$4\group_sum[31:0] [31] $flatten\conv.\impl.$4\group_sum[31:0] [31] $flatten\conv.\impl.$4\group_sum[31:0] [31] $flatten\conv.\impl.$4\group_sum[31:0] [31] $flatten\conv.\impl.$4\group_sum[31:0] [31] $flatten\conv.\impl.$4\group_sum[31:0] [31] $flatten\conv.\impl.$4\group_sum[31:0] [31] $flatten\conv.\impl.$4\group_sum[31:0] [31] $flatten\conv.\impl.$4\group_sum[31:0] [31] $flatten\conv.\impl.$4\group_sum[31:0] [31] $flatten\conv.\impl.$4\group_sum[31:0] [31] $flatten\conv.\impl.$4\group_sum[31:0] [31] $flatten\conv.\impl.$4\group_sum[31:0] [14:0] } (32 bits, signed)
  add $flatten\conv.\impl.$5$mem2reg_rd$\tap$/Users/adarmaori/Desktop/Final$20Project/FPGA/conv1d_large_4mult.v:84$657_DATA[7:0]$751 * { $flatten\conv.\impl.$5\tap_weight$func$/Users/adarmaori/Desktop/Final$20Project/FPGA/conv1d_large_4mult.v:84$653.$result[7:0]$749 [7] $flatten\conv.\impl.$5\tap_weight$func$/Users/adarmaori/Desktop/Final$20Project/FPGA/conv1d_large_4mult.v:84$653.$result[7:0]$749 [7] $flatten\conv.\impl.$5\tap_weight$func$/Users/adarmaori/Desktop/Final$20Project/FPGA/conv1d_large_4mult.v:84$653.$result[7:0]$749 [7] $flatten\conv.\impl.$5\tap_weight$func$/Users/adarmaori/Desktop/Final$20Project/FPGA/conv1d_large_4mult.v:84$653.$result[7:0]$749 [7] $flatten\conv.\impl.$5\tap_weight$func$/Users/adarmaori/Desktop/Final$20Project/FPGA/conv1d_large_4mult.v:84$653.$result[7:0]$749 [7] $flatten\conv.\impl.$5\tap_weight$func$/Users/adarmaori/Desktop/Final$20Project/FPGA/conv1d_large_4mult.v:84$653.$result[7:0]$749 [7] $flatten\conv.\impl.$5\tap_weight$func$/Users/adarmaori/Desktop/Final$20Project/FPGA/conv1d_large_4mult.v:84$653.$result[7:0]$749 [1:0] } (8x8 bits, signed)
Using template $paramod$98d5b101fc40d541c293178ad5465fa81dcb4a40\_80_ice40_alu for cells of type $alu.
Using template $paramod$ee94c2cb861ff5cb5670f2d67ace33e37b11ce77\_80_ice40_alu for cells of type $alu.
Using extmapper simplemap for cells of type $reduce_and.
Using extmapper simplemap for cells of type $not.
Using extmapper simplemap for cells of type $reduce_or.
Using extmapper simplemap for cells of type $or.
Using extmapper simplemap for cells of type $logic_and.
Using template $paramod$bc5b76409c189dae1304578314e9d1ddd73fedb5\_80_ice40_alu for cells of type $alu.
Using template $paramod$6177de982a145c5b9397c76cce0d57e0a983739a\_80_ice40_alu for cells of type $alu.
Using template $paramod$f5ef69b350eb4888d7fd5599e5525777232de9ee\_80_ice40_alu for cells of type $alu.
  add $flatten\conv.\impl.$6\group_sum[31:0] (32 bits, signed)
  add $flatten\conv.\impl.$5$mem2reg_rd$\tap$/Users/adarmaori/Desktop/Final$20Project/FPGA/conv1d_large_4mult.v:84$659_DATA[7:0]$777 * { $flatten\conv.\impl.$5\tap_weight$func$/Users/adarmaori/Desktop/Final$20Project/FPGA/conv1d_large_4mult.v:84$655.$result[7:0]$775 [7] $flatten\conv.\impl.$5\tap_weight$func$/Users/adarmaori/Desktop/Final$20Project/FPGA/conv1d_large_4mult.v:84$655.$result[7:0]$775 [7] $flatten\conv.\impl.$5\tap_weight$func$/Users/adarmaori/Desktop/Final$20Project/FPGA/conv1d_large_4mult.v:84$655.$result[7:0]$775 [7] $flatten\conv.\impl.$5\tap_weight$func$/Users/adarmaori/Desktop/Final$20Project/FPGA/conv1d_large_4mult.v:84$655.$result[7:0]$775 [7] $flatten\conv.\impl.$5\tap_weight$func$/Users/adarmaori/Desktop/Final$20Project/FPGA/conv1d_large_4mult.v:84$655.$result[7:0]$775 [7] $flatten\conv.\impl.$5\tap_weight$func$/Users/adarmaori/Desktop/Final$20Project/FPGA/conv1d_large_4mult.v:84$655.$result[7:0]$775 [7] $flatten\conv.\impl.$5\tap_weight$func$/Users/adarmaori/Desktop/Final$20Project/FPGA/conv1d_large_4mult.v:84$655.$result[7:0]$775 [1:0] } (8x8 bits, signed)
Using template $paramod$f30f8fc2e30bd83d28cb1ad43b9d9ec083109075\_80_ice40_alu for cells of type $alu.
  add $flatten\conv.\impl.$5$mem2reg_rd$\tap$/Users/adarmaori/Desktop/Final$20Project/FPGA/conv1d_large_4mult.v:84$656_DATA[7:0]$738 * { $flatten\conv.\impl.$5\tap_weight$func$/Users/adarmaori/Desktop/Final$20Project/FPGA/conv1d_large_4mult.v:84$652.$result[7:0]$736 [7] $flatten\conv.\impl.$5\tap_weight$func$/Users/adarmaori/Desktop/Final$20Project/FPGA/conv1d_large_4mult.v:84$652.$result[7:0]$736 [7] $flatten\conv.\impl.$5\tap_weight$func$/Users/adarmaori/Desktop/Final$20Project/FPGA/conv1d_large_4mult.v:84$652.$result[7:0]$736 [7] $flatten\conv.\impl.$5\tap_weight$func$/Users/adarmaori/Desktop/Final$20Project/FPGA/conv1d_large_4mult.v:84$652.$result[7:0]$736 [7] $flatten\conv.\impl.$5\tap_weight$func$/Users/adarmaori/Desktop/Final$20Project/FPGA/conv1d_large_4mult.v:84$652.$result[7:0]$736 [7] $flatten\conv.\impl.$5\tap_weight$func$/Users/adarmaori/Desktop/Final$20Project/FPGA/conv1d_large_4mult.v:84$652.$result[7:0]$736 [7] $flatten\conv.\impl.$5\tap_weight$func$/Users/adarmaori/Desktop/Final$20Project/FPGA/conv1d_large_4mult.v:84$652.$result[7:0]$736 [1:0] } (8x8 bits, signed)
Using template $paramod$2653f68ddb8eab7b1907b4a20767b72a824a7a36\_80_ice40_alu for cells of type $alu.
  add $flatten\conv.\impl.$5\group_sum[31:0] (32 bits, signed)
  add $flatten\conv.\impl.$5$mem2reg_rd$\tap$/Users/adarmaori/Desktop/Final$20Project/FPGA/conv1d_large_4mult.v:84$658_DATA[7:0]$764 * { $flatten\conv.\impl.$5\tap_weight$func$/Users/adarmaori/Desktop/Final$20Project/FPGA/conv1d_large_4mult.v:84$654.$result[7:0]$762 [7] $flatten\conv.\impl.$5\tap_weight$func$/Users/adarmaori/Desktop/Final$20Project/FPGA/conv1d_large_4mult.v:84$654.$result[7:0]$762 [7] $flatten\conv.\impl.$5\tap_weight$func$/Users/adarmaori/Desktop/Final$20Project/FPGA/conv1d_large_4mult.v:84$654.$result[7:0]$762 [7] $flatten\conv.\impl.$5\tap_weight$func$/Users/adarmaori/Desktop/Final$20Project/FPGA/conv1d_large_4mult.v:84$654.$result[7:0]$762 [7] $flatten\conv.\impl.$5\tap_weight$func$/Users/adarmaori/Desktop/Final$20Project/FPGA/conv1d_large_4mult.v:84$654.$result[7:0]$762 [7] $flatten\conv.\impl.$5\tap_weight$func$/Users/adarmaori/Desktop/Final$20Project/FPGA/conv1d_large_4mult.v:84$654.$result[7:0]$762 [7] $flatten\conv.\impl.$5\tap_weight$func$/Users/adarmaori/Desktop/Final$20Project/FPGA/conv1d_large_4mult.v:84$654.$result[7:0]$762 [1:0] } (8x8 bits, signed)
Using template $paramod$713617589782cfade849bb573b5c36106c4b708f\_80_ice40_alu for cells of type $alu.
Using extmapper simplemap for cells of type $eq.
Using template $paramod$4702e08009dc7c9e40ffb864e7afd606e21026ef\_90_pmux for cells of type $pmux.
Using template $paramod$56f7ce6d87f8add68ca646dc02d7695a3189f8e5\_90_pmux for cells of type $pmux.
Using extmapper simplemap for cells of type $mux.
Using extmapper simplemap for cells of type $sdffe.
Using extmapper simplemap for cells of type $logic_not.
Using extmapper simplemap for cells of type $and.
Using template $paramod\_90_fa\WIDTH=32'00000000000000000000000000100000 for cells of type $fa.
Using template $paramod$fbc7873bff55778c0b3173955b7e4bce1d9d6834\_80_ice40_alu for cells of type $alu.
Using extmapper simplemap for cells of type $pos.
Using extmapper simplemap for cells of type $xor.
Using template $paramod\_90_fa\WIDTH=32'00000000000000000000000000010000 for cells of type $fa.
Using template $paramod$6df0329addda9228fcc2546de2aaf14ad26c98e1\_80_ice40_alu for cells of type $alu.
No more expansions possible.
<suppressed ~1350 debug messages>

5.32. Executing OPT pass (performing simple optimizations).

5.32.1. Executing OPT_EXPR pass (perform const folding).
Optimizing module conv1d_large_benchmark_top.
<suppressed ~3165 debug messages>

5.32.2. Executing OPT_MERGE pass (detect identical cells).
Finding identical cells in module `\conv1d_large_benchmark_top'.
<suppressed ~11682 debug messages>
Removed a total of 3894 cells.

5.32.3. Executing OPT_DFF pass (perform DFF optimizations).

5.32.4. Executing OPT_CLEAN pass (remove unused cells and wires).
Finding unused cells or wires in module \conv1d_large_benchmark_top..
Removed 273 unused cells and 3127 unused wires.
<suppressed ~274 debug messages>

5.32.5. Finished fast OPT passes.

5.33. Executing ICE40_OPT pass (performing simple optimizations).

5.33.1. Running ICE40 specific optimizations.
Optimized $__ICE40_CARRY_WRAPPER cell back to logic (without SB_CARRY) conv1d_large_benchmark_top.$auto$alumacc.cc:485:replace_alu$3095.slice[0].carry: CO=$auto$alumacc.cc:485:replace_alu$3095.BB [0]
Optimized $__ICE40_CARRY_WRAPPER cell back to logic (without SB_CARRY) conv1d_large_benchmark_top.$auto$alumacc.cc:485:replace_alu$3106.slice[0].carry: CO=$auto$alumacc.cc:485:replace_alu$3106.BB [0]
Optimized $__ICE40_CARRY_WRAPPER cell back to logic (without SB_CARRY) conv1d_large_benchmark_top.$auto$alumacc.cc:485:replace_alu$3117.slice[0].carry: CO=$auto$alumacc.cc:485:replace_alu$3117.BB [0]
Optimized $__ICE40_CARRY_WRAPPER cell back to logic (without SB_CARRY) conv1d_large_benchmark_top.$auto$alumacc.cc:485:replace_alu$3128.slice[0].carry: CO=$auto$alumacc.cc:485:replace_alu$3106.BB [0]
Optimized $__ICE40_CARRY_WRAPPER cell back to logic (without SB_CARRY) conv1d_large_benchmark_top.$auto$alumacc.cc:485:replace_alu$3139.slice[0].carry: CO=$auto$alumacc.cc:485:replace_alu$3106.BB [0]
Optimized $__ICE40_CARRY_WRAPPER cell back to logic (without SB_CARRY) conv1d_large_benchmark_top.$auto$alumacc.cc:485:replace_alu$3148.slice[0].carry: CO=\conv.impl.tap_index [0]
Optimized $__ICE40_CARRY_WRAPPER cell back to logic (without SB_CARRY) conv1d_large_benchmark_top.$auto$alumacc.cc:485:replace_alu$3148.slice[16].carry: CO=1'0
Optimized $__ICE40_CARRY_WRAPPER cell back to logic (without SB_CARRY) conv1d_large_benchmark_top.$auto$alumacc.cc:485:replace_alu$3151.slice[0].carry: CO=\conv.impl.tap_index [0]
Optimized $__ICE40_CARRY_WRAPPER cell back to logic (without SB_CARRY) conv1d_large_benchmark_top.$auto$alumacc.cc:485:replace_alu$3151.slice[15].carry: CO=1'0
Optimized $__ICE40_CARRY_WRAPPER cell back to logic (without SB_CARRY) conv1d_large_benchmark_top.$auto$alumacc.cc:485:replace_alu$3154.slice[0].carry: CO=\conv.impl.tap_index [0]
Optimized $__ICE40_CARRY_WRAPPER cell back to logic (without SB_CARRY) conv1d_large_benchmark_top.$auto$alumacc.cc:485:replace_alu$3154.slice[16].carry: CO=1'0
Optimized $__ICE40_CARRY_WRAPPER cell back to logic (without SB_CARRY) conv1d_large_benchmark_top.$auto$alumacc.cc:485:replace_alu$3160.slice[0].carry: CO=\conv.impl.tap_index [2]
Optimized $__ICE40_CARRY_WRAPPER cell back to logic (without SB_CARRY) conv1d_large_benchmark_top.$auto$alumacc.cc:485:replace_alu$3160.slice[14].carry: CO=1'0
Optimized $__ICE40_CARRY_WRAPPER cell back to logic (without SB_CARRY) conv1d_large_benchmark_top.$auto$alumacc.cc:485:replace_alu$3163.slice[0].carry: CO=\conv.impl.tap_index [2]
Optimized $__ICE40_CARRY_WRAPPER cell back to logic (without SB_CARRY) conv1d_large_benchmark_top.$auto$maccmap.cc:240:synth$3315.slice[0].carry: CO=1'0
Optimized $__ICE40_CARRY_WRAPPER cell back to logic (without SB_CARRY) conv1d_large_benchmark_top.$auto$maccmap.cc:240:synth$3440.slice[0].carry: CO=1'0
Optimized $__ICE40_CARRY_WRAPPER cell back to logic (without SB_CARRY) conv1d_large_benchmark_top.$auto$maccmap.cc:240:synth$3488.slice[0].carry: CO=1'0
Optimized $__ICE40_CARRY_WRAPPER cell back to logic (without SB_CARRY) conv1d_large_benchmark_top.$auto$maccmap.cc:240:synth$3539.slice[0].carry: CO=1'0

5.33.2. Executing OPT_EXPR pass (perform const folding).
Optimizing module conv1d_large_benchmark_top.
<suppressed ~875 debug messages>

5.33.3. Executing OPT_MERGE pass (detect identical cells).
Finding identical cells in module `\conv1d_large_benchmark_top'.
<suppressed ~69 debug messages>
Removed a total of 23 cells.

5.33.4. Executing OPT_DFF pass (perform DFF optimizations).
Setting constant 0-bit at position 0 on $auto$ff.cc:266:slice$9109 ($_SDFFE_PP0P_) from module conv1d_large_benchmark_top.

5.33.5. Executing OPT_CLEAN pass (remove unused cells and wires).
Finding unused cells or wires in module \conv1d_large_benchmark_top..
Removed 11 unused cells and 76 unused wires.
<suppressed ~12 debug messages>

5.33.6. Rerunning OPT passes. (Removed registers in this run.)

5.33.7. Running ICE40 specific optimizations.
Optimized $__ICE40_CARRY_WRAPPER cell back to logic (without SB_CARRY) conv1d_large_benchmark_top.$auto$alumacc.cc:485:replace_alu$3148.slice[1].carry: CO=1'0
Optimized $__ICE40_CARRY_WRAPPER cell back to logic (without SB_CARRY) conv1d_large_benchmark_top.$auto$alumacc.cc:485:replace_alu$3151.slice[1].carry: CO=1'0
Optimized $__ICE40_CARRY_WRAPPER cell back to logic (without SB_CARRY) conv1d_large_benchmark_top.$auto$alumacc.cc:485:replace_alu$3154.slice[1].carry: CO=1'0
Optimized $__ICE40_CARRY_WRAPPER cell back to logic (without SB_CARRY) conv1d_large_benchmark_top.$auto$maccmap.cc:240:synth$3315.slice[1].carry: CO=1'0
Optimized $__ICE40_CARRY_WRAPPER cell back to logic (without SB_CARRY) conv1d_large_benchmark_top.$auto$maccmap.cc:240:synth$3440.slice[1].carry: CO=1'0
Optimized $__ICE40_CARRY_WRAPPER cell back to logic (without SB_CARRY) conv1d_large_benchmark_top.$auto$maccmap.cc:240:synth$3488.slice[1].carry: CO=1'0
Optimized $__ICE40_CARRY_WRAPPER cell back to logic (without SB_CARRY) conv1d_large_benchmark_top.$auto$maccmap.cc:240:synth$3539.slice[1].carry: CO=1'0

5.33.8. Executing OPT_EXPR pass (perform const folding).
Optimizing module conv1d_large_benchmark_top.
<suppressed ~1393 debug messages>

5.33.9. Executing OPT_MERGE pass (detect identical cells).
Finding identical cells in module `\conv1d_large_benchmark_top'.
<suppressed ~168 debug messages>
Removed a total of 56 cells.

5.33.10. Executing OPT_DFF pass (perform DFF optimizations).

5.33.11. Executing OPT_CLEAN pass (remove unused cells and wires).
Finding unused cells or wires in module \conv1d_large_benchmark_top..
Removed 8 unused cells and 152 unused wires.
<suppressed ~9 debug messages>

5.33.12. Rerunning OPT passes. (Removed registers in this run.)

5.33.13. Running ICE40 specific optimizations.
Optimized $__ICE40_CARRY_WRAPPER cell back to logic (without SB_CARRY) conv1d_large_benchmark_top.$auto$alumacc.cc:485:replace_alu$3106.slice[1].carry: CO=$auto$alumacc.cc:485:replace_alu$3095.BB [1]
Optimized $__ICE40_CARRY_WRAPPER cell back to logic (without SB_CARRY) conv1d_large_benchmark_top.$auto$alumacc.cc:485:replace_alu$3128.slice[1].carry: CO=1'1
Optimized $__ICE40_CARRY_WRAPPER cell back to logic (without SB_CARRY) conv1d_large_benchmark_top.$auto$alumacc.cc:485:replace_alu$3139.slice[1].carry: CO=1'1
Optimized $__ICE40_CARRY_WRAPPER cell back to logic (without SB_CARRY) conv1d_large_benchmark_top.$auto$alumacc.cc:485:replace_alu$3148.slice[2].carry: CO=1'0
Optimized $__ICE40_CARRY_WRAPPER cell back to logic (without SB_CARRY) conv1d_large_benchmark_top.$auto$alumacc.cc:485:replace_alu$3151.slice[2].carry: CO=1'0
Optimized $__ICE40_CARRY_WRAPPER cell back to logic (without SB_CARRY) conv1d_large_benchmark_top.$auto$alumacc.cc:485:replace_alu$3154.slice[2].carry: CO=1'0
Optimized $__ICE40_CARRY_WRAPPER cell back to logic (without SB_CARRY) conv1d_large_benchmark_top.$auto$maccmap.cc:240:synth$3315.slice[2].carry: CO=1'0
Optimized $__ICE40_CARRY_WRAPPER cell back to logic (without SB_CARRY) conv1d_large_benchmark_top.$auto$maccmap.cc:240:synth$3440.slice[2].carry: CO=1'0
Optimized $__ICE40_CARRY_WRAPPER cell back to logic (without SB_CARRY) conv1d_large_benchmark_top.$auto$maccmap.cc:240:synth$3488.slice[2].carry: CO=1'0
Optimized $__ICE40_CARRY_WRAPPER cell back to logic (without SB_CARRY) conv1d_large_benchmark_top.$auto$maccmap.cc:240:synth$3539.slice[2].carry: CO=1'0

5.33.14. Executing OPT_EXPR pass (perform const folding).
Optimizing module conv1d_large_benchmark_top.
<suppressed ~1035 debug messages>

5.33.15. Executing OPT_MERGE pass (detect identical cells).
Finding identical cells in module `\conv1d_large_benchmark_top'.
<suppressed ~57 debug messages>
Removed a total of 19 cells.

5.33.16. Executing OPT_DFF pass (perform DFF optimizations).

5.33.17. Executing OPT_CLEAN pass (remove unused cells and wires).
Finding unused cells or wires in module \conv1d_large_benchmark_top..
Removed 10 unused cells and 70 unused wires.
<suppressed ~11 debug messages>

5.33.18. Rerunning OPT passes. (Removed registers in this run.)

5.33.19. Running ICE40 specific optimizations.
Optimized $__ICE40_CARRY_WRAPPER cell back to logic (without SB_CARRY) conv1d_large_benchmark_top.$auto$alumacc.cc:485:replace_alu$3128.slice[2].carry: CO=$auto$alumacc.cc:485:replace_alu$3128.BB [2]
Optimized $__ICE40_CARRY_WRAPPER cell back to logic (without SB_CARRY) conv1d_large_benchmark_top.$auto$alumacc.cc:485:replace_alu$3139.slice[2].carry: CO=$auto$alumacc.cc:485:replace_alu$3139.BB [2]
Optimized $__ICE40_CARRY_WRAPPER cell back to logic (without SB_CARRY) conv1d_large_benchmark_top.$auto$alumacc.cc:485:replace_alu$3148.slice[3].carry: CO=1'0
Optimized $__ICE40_CARRY_WRAPPER cell back to logic (without SB_CARRY) conv1d_large_benchmark_top.$auto$alumacc.cc:485:replace_alu$3151.slice[3].carry: CO=1'0
Optimized $__ICE40_CARRY_WRAPPER cell back to logic (without SB_CARRY) conv1d_large_benchmark_top.$auto$alumacc.cc:485:replace_alu$3154.slice[3].carry: CO=1'0
Optimized $__ICE40_CARRY_WRAPPER cell back to logic (without SB_CARRY) conv1d_large_benchmark_top.$auto$maccmap.cc:240:synth$3488.slice[3].carry: CO=1'0

5.33.20. Executing OPT_EXPR pass (perform const folding).
Optimizing module conv1d_large_benchmark_top.

5.33.21. Executing OPT_MERGE pass (detect identical cells).
Finding identical cells in module `\conv1d_large_benchmark_top'.
<suppressed ~69 debug messages>
Removed a total of 23 cells.

5.33.22. Executing OPT_DFF pass (perform DFF optimizations).

5.33.23. Executing OPT_CLEAN pass (remove unused cells and wires).
Finding unused cells or wires in module \conv1d_large_benchmark_top..
Removed 2 unused cells and 14 unused wires.
<suppressed ~3 debug messages>

5.33.24. Rerunning OPT passes. (Removed registers in this run.)

5.33.25. Running ICE40 specific optimizations.
Optimized $__ICE40_CARRY_WRAPPER cell back to logic (without SB_CARRY) conv1d_large_benchmark_top.$auto$alumacc.cc:485:replace_alu$3148.slice[4].carry: CO=1'0
Optimized $__ICE40_CARRY_WRAPPER cell back to logic (without SB_CARRY) conv1d_large_benchmark_top.$auto$alumacc.cc:485:replace_alu$3151.slice[4].carry: CO=1'0
Optimized $__ICE40_CARRY_WRAPPER cell back to logic (without SB_CARRY) conv1d_large_benchmark_top.$auto$alumacc.cc:485:replace_alu$3154.slice[4].carry: CO=1'0

5.33.26. Executing OPT_EXPR pass (perform const folding).
Optimizing module conv1d_large_benchmark_top.

5.33.27. Executing OPT_MERGE pass (detect identical cells).
Finding identical cells in module `\conv1d_large_benchmark_top'.
<suppressed ~12 debug messages>
Removed a total of 4 cells.

5.33.28. Executing OPT_DFF pass (perform DFF optimizations).

5.33.29. Executing OPT_CLEAN pass (remove unused cells and wires).
Finding unused cells or wires in module \conv1d_large_benchmark_top..

5.33.30. Rerunning OPT passes. (Removed registers in this run.)

5.33.31. Running ICE40 specific optimizations.
Optimized $__ICE40_CARRY_WRAPPER cell back to logic (without SB_CARRY) conv1d_large_benchmark_top.$auto$alumacc.cc:485:replace_alu$3148.slice[5].carry: CO=1'0
Optimized $__ICE40_CARRY_WRAPPER cell back to logic (without SB_CARRY) conv1d_large_benchmark_top.$auto$alumacc.cc:485:replace_alu$3151.slice[5].carry: CO=1'0
Optimized $__ICE40_CARRY_WRAPPER cell back to logic (without SB_CARRY) conv1d_large_benchmark_top.$auto$alumacc.cc:485:replace_alu$3154.slice[5].carry: CO=1'0

5.33.32. Executing OPT_EXPR pass (perform const folding).
Optimizing module conv1d_large_benchmark_top.

5.33.33. Executing OPT_MERGE pass (detect identical cells).
Finding identical cells in module `\conv1d_large_benchmark_top'.
<suppressed ~678 debug messages>
Removed a total of 226 cells.

5.33.34. Executing OPT_DFF pass (perform DFF optimizations).

5.33.35. Executing OPT_CLEAN pass (remove unused cells and wires).
Finding unused cells or wires in module \conv1d_large_benchmark_top..
Removed 0 unused cells and 44 unused wires.
<suppressed ~1 debug messages>

5.33.36. Rerunning OPT passes. (Removed registers in this run.)

5.33.37. Running ICE40 specific optimizations.
Optimized $__ICE40_CARRY_WRAPPER cell back to logic (without SB_CARRY) conv1d_large_benchmark_top.$auto$alumacc.cc:485:replace_alu$3148.slice[6].carry: CO=1'0
Optimized $__ICE40_CARRY_WRAPPER cell back to logic (without SB_CARRY) conv1d_large_benchmark_top.$auto$alumacc.cc:485:replace_alu$3151.slice[6].carry: CO=1'0
Optimized $__ICE40_CARRY_WRAPPER cell back to logic (without SB_CARRY) conv1d_large_benchmark_top.$auto$alumacc.cc:485:replace_alu$3154.slice[6].carry: CO=1'0

5.33.38. Executing OPT_EXPR pass (perform const folding).
Optimizing module conv1d_large_benchmark_top.

5.33.39. Executing OPT_MERGE pass (detect identical cells).
Finding identical cells in module `\conv1d_large_benchmark_top'.
<suppressed ~12 debug messages>
Removed a total of 4 cells.

5.33.40. Executing OPT_DFF pass (perform DFF optimizations).

5.33.41. Executing OPT_CLEAN pass (remove unused cells and wires).
Finding unused cells or wires in module \conv1d_large_benchmark_top..

5.33.42. Rerunning OPT passes. (Removed registers in this run.)

5.33.43. Running ICE40 specific optimizations.
Optimized $__ICE40_CARRY_WRAPPER cell back to logic (without SB_CARRY) conv1d_large_benchmark_top.$auto$alumacc.cc:485:replace_alu$3148.slice[7].carry: CO=1'0
Optimized $__ICE40_CARRY_WRAPPER cell back to logic (without SB_CARRY) conv1d_large_benchmark_top.$auto$alumacc.cc:485:replace_alu$3151.slice[7].carry: CO=1'0
Optimized $__ICE40_CARRY_WRAPPER cell back to logic (without SB_CARRY) conv1d_large_benchmark_top.$auto$alumacc.cc:485:replace_alu$3154.slice[7].carry: CO=1'0

5.33.44. Executing OPT_EXPR pass (perform const folding).
Optimizing module conv1d_large_benchmark_top.

5.33.45. Executing OPT_MERGE pass (detect identical cells).
Finding identical cells in module `\conv1d_large_benchmark_top'.
<suppressed ~27 debug messages>
Removed a total of 9 cells.

5.33.46. Executing OPT_DFF pass (perform DFF optimizations).

5.33.47. Executing OPT_CLEAN pass (remove unused cells and wires).
Finding unused cells or wires in module \conv1d_large_benchmark_top..

5.33.48. Rerunning OPT passes. (Removed registers in this run.)

5.33.49. Running ICE40 specific optimizations.
Optimized $__ICE40_CARRY_WRAPPER cell back to logic (without SB_CARRY) conv1d_large_benchmark_top.$auto$alumacc.cc:485:replace_alu$3148.slice[8].carry: CO=1'0
Optimized $__ICE40_CARRY_WRAPPER cell back to logic (without SB_CARRY) conv1d_large_benchmark_top.$auto$alumacc.cc:485:replace_alu$3151.slice[8].carry: CO=1'0
Optimized $__ICE40_CARRY_WRAPPER cell back to logic (without SB_CARRY) conv1d_large_benchmark_top.$auto$alumacc.cc:485:replace_alu$3154.slice[8].carry: CO=1'0

5.33.50. Executing OPT_EXPR pass (perform const folding).
Optimizing module conv1d_large_benchmark_top.

5.33.51. Executing OPT_MERGE pass (detect identical cells).
Finding identical cells in module `\conv1d_large_benchmark_top'.
<suppressed ~12 debug messages>
Removed a total of 4 cells.

5.33.52. Executing OPT_DFF pass (perform DFF optimizations).

5.33.53. Executing OPT_CLEAN pass (remove unused cells and wires).
Finding unused cells or wires in module \conv1d_large_benchmark_top..

5.33.54. Rerunning OPT passes. (Removed registers in this run.)

5.33.55. Running ICE40 specific optimizations.
Optimized $__ICE40_CARRY_WRAPPER cell back to logic (without SB_CARRY) conv1d_large_benchmark_top.$auto$alumacc.cc:485:replace_alu$3148.slice[9].carry: CO=1'0
Optimized $__ICE40_CARRY_WRAPPER cell back to logic (without SB_CARRY) conv1d_large_benchmark_top.$auto$alumacc.cc:485:replace_alu$3151.slice[9].carry: CO=1'0
Optimized $__ICE40_CARRY_WRAPPER cell back to logic (without SB_CARRY) conv1d_large_benchmark_top.$auto$alumacc.cc:485:replace_alu$3154.slice[9].carry: CO=1'0

5.33.56. Executing OPT_EXPR pass (perform const folding).
Optimizing module conv1d_large_benchmark_top.

5.33.57. Executing OPT_MERGE pass (detect identical cells).
Finding identical cells in module `\conv1d_large_benchmark_top'.
<suppressed ~18 debug messages>
Removed a total of 6 cells.

5.33.58. Executing OPT_DFF pass (perform DFF optimizations).

5.33.59. Executing OPT_CLEAN pass (remove unused cells and wires).
Finding unused cells or wires in module \conv1d_large_benchmark_top..

5.33.60. Rerunning OPT passes. (Removed registers in this run.)

5.33.61. Running ICE40 specific optimizations.
Optimized $__ICE40_CARRY_WRAPPER cell back to logic (without SB_CARRY) conv1d_large_benchmark_top.$auto$alumacc.cc:485:replace_alu$3148.slice[10].carry: CO=1'0
Optimized $__ICE40_CARRY_WRAPPER cell back to logic (without SB_CARRY) conv1d_large_benchmark_top.$auto$alumacc.cc:485:replace_alu$3151.slice[10].carry: CO=1'0
Optimized $__ICE40_CARRY_WRAPPER cell back to logic (without SB_CARRY) conv1d_large_benchmark_top.$auto$alumacc.cc:485:replace_alu$3154.slice[10].carry: CO=1'0

5.33.62. Executing OPT_EXPR pass (perform const folding).
Optimizing module conv1d_large_benchmark_top.

5.33.63. Executing OPT_MERGE pass (detect identical cells).
Finding identical cells in module `\conv1d_large_benchmark_top'.
<suppressed ~12 debug messages>
Removed a total of 4 cells.

5.33.64. Executing OPT_DFF pass (perform DFF optimizations).

5.33.65. Executing OPT_CLEAN pass (remove unused cells and wires).
Finding unused cells or wires in module \conv1d_large_benchmark_top..

5.33.66. Rerunning OPT passes. (Removed registers in this run.)

5.33.67. Running ICE40 specific optimizations.
Optimized $__ICE40_CARRY_WRAPPER cell back to logic (without SB_CARRY) conv1d_large_benchmark_top.$auto$alumacc.cc:485:replace_alu$3148.slice[11].carry: CO=1'0
Optimized $__ICE40_CARRY_WRAPPER cell back to logic (without SB_CARRY) conv1d_large_benchmark_top.$auto$alumacc.cc:485:replace_alu$3151.slice[11].carry: CO=1'0
Optimized $__ICE40_CARRY_WRAPPER cell back to logic (without SB_CARRY) conv1d_large_benchmark_top.$auto$alumacc.cc:485:replace_alu$3154.slice[11].carry: CO=1'0

5.33.68. Executing OPT_EXPR pass (perform const folding).
Optimizing module conv1d_large_benchmark_top.

5.33.69. Executing OPT_MERGE pass (detect identical cells).
Finding identical cells in module `\conv1d_large_benchmark_top'.
<suppressed ~24 debug messages>
Removed a total of 8 cells.

5.33.70. Executing OPT_DFF pass (perform DFF optimizations).

5.33.71. Executing OPT_CLEAN pass (remove unused cells and wires).
Finding unused cells or wires in module \conv1d_large_benchmark_top..

5.33.72. Rerunning OPT passes. (Removed registers in this run.)

5.33.73. Running ICE40 specific optimizations.
Optimized $__ICE40_CARRY_WRAPPER cell back to logic (without SB_CARRY) conv1d_large_benchmark_top.$auto$alumacc.cc:485:replace_alu$3148.slice[12].carry: CO=1'0
Optimized $__ICE40_CARRY_WRAPPER cell back to logic (without SB_CARRY) conv1d_large_benchmark_top.$auto$alumacc.cc:485:replace_alu$3151.slice[12].carry: CO=1'0
Optimized $__ICE40_CARRY_WRAPPER cell back to logic (without SB_CARRY) conv1d_large_benchmark_top.$auto$alumacc.cc:485:replace_alu$3154.slice[12].carry: CO=1'0

5.33.74. Executing OPT_EXPR pass (perform const folding).
Optimizing module conv1d_large_benchmark_top.

5.33.75. Executing OPT_MERGE pass (detect identical cells).
Finding identical cells in module `\conv1d_large_benchmark_top'.
<suppressed ~12 debug messages>
Removed a total of 4 cells.

5.33.76. Executing OPT_DFF pass (perform DFF optimizations).

5.33.77. Executing OPT_CLEAN pass (remove unused cells and wires).
Finding unused cells or wires in module \conv1d_large_benchmark_top..

5.33.78. Rerunning OPT passes. (Removed registers in this run.)

5.33.79. Running ICE40 specific optimizations.
Optimized $__ICE40_CARRY_WRAPPER cell back to logic (without SB_CARRY) conv1d_large_benchmark_top.$auto$alumacc.cc:485:replace_alu$3148.slice[13].carry: CO=1'0
Optimized $__ICE40_CARRY_WRAPPER cell back to logic (without SB_CARRY) conv1d_large_benchmark_top.$auto$alumacc.cc:485:replace_alu$3151.slice[13].carry: CO=1'0
Optimized $__ICE40_CARRY_WRAPPER cell back to logic (without SB_CARRY) conv1d_large_benchmark_top.$auto$alumacc.cc:485:replace_alu$3154.slice[13].carry: CO=1'0

5.33.80. Executing OPT_EXPR pass (perform const folding).
Optimizing module conv1d_large_benchmark_top.

5.33.81. Executing OPT_MERGE pass (detect identical cells).
Finding identical cells in module `\conv1d_large_benchmark_top'.
<suppressed ~18 debug messages>
Removed a total of 6 cells.

5.33.82. Executing OPT_DFF pass (perform DFF optimizations).

5.33.83. Executing OPT_CLEAN pass (remove unused cells and wires).
Finding unused cells or wires in module \conv1d_large_benchmark_top..

5.33.84. Rerunning OPT passes. (Removed registers in this run.)

5.33.85. Running ICE40 specific optimizations.
Optimized $__ICE40_CARRY_WRAPPER cell back to logic (without SB_CARRY) conv1d_large_benchmark_top.$auto$alumacc.cc:485:replace_alu$3148.slice[14].carry: CO=1'0
Optimized $__ICE40_CARRY_WRAPPER cell back to logic (without SB_CARRY) conv1d_large_benchmark_top.$auto$alumacc.cc:485:replace_alu$3151.slice[14].carry: CO=1'0
Optimized $__ICE40_CARRY_WRAPPER cell back to logic (without SB_CARRY) conv1d_large_benchmark_top.$auto$alumacc.cc:485:replace_alu$3154.slice[14].carry: CO=1'0

5.33.86. Executing OPT_EXPR pass (perform const folding).
Optimizing module conv1d_large_benchmark_top.

5.33.87. Executing OPT_MERGE pass (detect identical cells).
Finding identical cells in module `\conv1d_large_benchmark_top'.
<suppressed ~18 debug messages>
Removed a total of 6 cells.

5.33.88. Executing OPT_DFF pass (perform DFF optimizations).

5.33.89. Executing OPT_CLEAN pass (remove unused cells and wires).
Finding unused cells or wires in module \conv1d_large_benchmark_top..
Removed 0 unused cells and 1 unused wires.
<suppressed ~1 debug messages>

5.33.90. Rerunning OPT passes. (Removed registers in this run.)

5.33.91. Running ICE40 specific optimizations.
Optimized $__ICE40_CARRY_WRAPPER cell back to logic (without SB_CARRY) conv1d_large_benchmark_top.$auto$alumacc.cc:485:replace_alu$3148.slice[15].carry: CO=1'0
Optimized $__ICE40_CARRY_WRAPPER cell back to logic (without SB_CARRY) conv1d_large_benchmark_top.$auto$alumacc.cc:485:replace_alu$3154.slice[15].carry: CO=1'0

5.33.92. Executing OPT_EXPR pass (perform const folding).
Optimizing module conv1d_large_benchmark_top.

5.33.93. Executing OPT_MERGE pass (detect identical cells).
Finding identical cells in module `\conv1d_large_benchmark_top'.
<suppressed ~48 debug messages>
Removed a total of 16 cells.

5.33.94. Executing OPT_DFF pass (perform DFF optimizations).

5.33.95. Executing OPT_CLEAN pass (remove unused cells and wires).
Finding unused cells or wires in module \conv1d_large_benchmark_top..
Removed 0 unused cells and 11 unused wires.
<suppressed ~1 debug messages>

5.33.96. Rerunning OPT passes. (Removed registers in this run.)

5.33.97. Running ICE40 specific optimizations.

5.33.98. Executing OPT_EXPR pass (perform const folding).
Optimizing module conv1d_large_benchmark_top.

5.33.99. Executing OPT_MERGE pass (detect identical cells).
Finding identical cells in module `\conv1d_large_benchmark_top'.
Removed a total of 0 cells.

5.33.100. Executing OPT_DFF pass (perform DFF optimizations).

5.33.101. Executing OPT_CLEAN pass (remove unused cells and wires).
Finding unused cells or wires in module \conv1d_large_benchmark_top..

5.33.102. Finished OPT passes. (There is nothing left to do.)

5.34. Executing DFFLEGALIZE pass (convert FFs to types supported by the target).

5.35. Executing TECHMAP pass (map to technology primitives).

5.35.1. Executing Verilog-2005 frontend: /opt/homebrew/bin/../share/yosys/ice40/ff_map.v
Parsing Verilog input from `/opt/homebrew/bin/../share/yosys/ice40/ff_map.v' to AST representation.
Generating RTLIL representation for module `\$_DFF_N_'.
Generating RTLIL representation for module `\$_DFF_P_'.
Generating RTLIL representation for module `\$_DFFE_NP_'.
Generating RTLIL representation for module `\$_DFFE_PP_'.
Generating RTLIL representation for module `\$_DFF_NP0_'.
Generating RTLIL representation for module `\$_DFF_NP1_'.
Generating RTLIL representation for module `\$_DFF_PP0_'.
Generating RTLIL representation for module `\$_DFF_PP1_'.
Generating RTLIL representation for module `\$_DFFE_NP0P_'.
Generating RTLIL representation for module `\$_DFFE_NP1P_'.
Generating RTLIL representation for module `\$_DFFE_PP0P_'.
Generating RTLIL representation for module `\$_DFFE_PP1P_'.
Generating RTLIL representation for module `\$_SDFF_NP0_'.
Generating RTLIL representation for module `\$_SDFF_NP1_'.
Generating RTLIL representation for module `\$_SDFF_PP0_'.
Generating RTLIL representation for module `\$_SDFF_PP1_'.
Generating RTLIL representation for module `\$_SDFFCE_NP0P_'.
Generating RTLIL representation for module `\$_SDFFCE_NP1P_'.
Generating RTLIL representation for module `\$_SDFFCE_PP0P_'.
Generating RTLIL representation for module `\$_SDFFCE_PP1P_'.
Successfully finished Verilog frontend.

5.35.2. Continuing TECHMAP pass.
Using template \$_SDFFCE_PP0P_ for cells of type $_SDFFCE_PP0P_.
Using template \$_SDFF_PP0_ for cells of type $_SDFF_PP0_.
No more expansions possible.
<suppressed ~614 debug messages>

5.36. Executing OPT_EXPR pass (perform const folding).
Optimizing module conv1d_large_benchmark_top.

5.37. Executing SIMPLEMAP pass (map simple cells to gate primitives).
Mapping conv1d_large_benchmark_top.$auto$alumacc.cc:485:replace_alu$3148.slice[0].carry ($lut).
Mapping conv1d_large_benchmark_top.$auto$alumacc.cc:485:replace_alu$3148.slice[10].carry ($lut).
Mapping conv1d_large_benchmark_top.$auto$alumacc.cc:485:replace_alu$3148.slice[11].carry ($lut).
Mapping conv1d_large_benchmark_top.$auto$alumacc.cc:485:replace_alu$3148.slice[12].carry ($lut).
Mapping conv1d_large_benchmark_top.$auto$alumacc.cc:485:replace_alu$3148.slice[13].carry ($lut).
Mapping conv1d_large_benchmark_top.$auto$alumacc.cc:485:replace_alu$3148.slice[14].carry ($lut).
Mapping conv1d_large_benchmark_top.$auto$alumacc.cc:485:replace_alu$3148.slice[15].carry ($lut).
Mapping conv1d_large_benchmark_top.$auto$alumacc.cc:485:replace_alu$3148.slice[16].carry ($lut).
Mapping conv1d_large_benchmark_top.$auto$alumacc.cc:485:replace_alu$3148.slice[2].carry ($lut).
Mapping conv1d_large_benchmark_top.$auto$alumacc.cc:485:replace_alu$3148.slice[3].carry ($lut).
Mapping conv1d_large_benchmark_top.$auto$alumacc.cc:485:replace_alu$3148.slice[4].carry ($lut).
Mapping conv1d_large_benchmark_top.$auto$alumacc.cc:485:replace_alu$3148.slice[5].carry ($lut).
Mapping conv1d_large_benchmark_top.$auto$alumacc.cc:485:replace_alu$3148.slice[6].carry ($lut).
Mapping conv1d_large_benchmark_top.$auto$alumacc.cc:485:replace_alu$3148.slice[7].carry ($lut).
Mapping conv1d_large_benchmark_top.$auto$alumacc.cc:485:replace_alu$3148.slice[8].carry ($lut).
Mapping conv1d_large_benchmark_top.$auto$alumacc.cc:485:replace_alu$3148.slice[9].carry ($lut).
Mapping conv1d_large_benchmark_top.$auto$alumacc.cc:485:replace_alu$3160.slice[14].carry ($lut).
Mapping conv1d_large_benchmark_top.$auto$alumacc.cc:485:replace_alu$3163.slice[0].carry ($lut).
Mapping conv1d_large_benchmark_top.$auto$maccmap.cc:240:synth$3315.slice[0].carry ($lut).
Mapping conv1d_large_benchmark_top.$auto$maccmap.cc:240:synth$3315.slice[1].carry ($lut).
Mapping conv1d_large_benchmark_top.$auto$maccmap.cc:240:synth$3315.slice[2].carry ($lut).
Mapping conv1d_large_benchmark_top.$auto$maccmap.cc:240:synth$3440.slice[0].carry ($lut).
Mapping conv1d_large_benchmark_top.$auto$maccmap.cc:240:synth$3440.slice[1].carry ($lut).
Mapping conv1d_large_benchmark_top.$auto$maccmap.cc:240:synth$3440.slice[2].carry ($lut).
Mapping conv1d_large_benchmark_top.$auto$maccmap.cc:240:synth$3488.slice[0].carry ($lut).
Mapping conv1d_large_benchmark_top.$auto$maccmap.cc:240:synth$3488.slice[1].carry ($lut).
Mapping conv1d_large_benchmark_top.$auto$maccmap.cc:240:synth$3488.slice[2].carry ($lut).
Mapping conv1d_large_benchmark_top.$auto$maccmap.cc:240:synth$3488.slice[3].carry ($lut).
Mapping conv1d_large_benchmark_top.$auto$maccmap.cc:240:synth$3539.slice[0].carry ($lut).
Mapping conv1d_large_benchmark_top.$auto$maccmap.cc:240:synth$3539.slice[1].carry ($lut).
Mapping conv1d_large_benchmark_top.$auto$maccmap.cc:240:synth$3539.slice[2].carry ($lut).

5.38. Executing ICE40_OPT pass (performing simple optimizations).

5.38.1. Running ICE40 specific optimizations.

5.38.2. Executing OPT_EXPR pass (perform const folding).
Optimizing module conv1d_large_benchmark_top.
<suppressed ~2067 debug messages>

5.38.3. Executing OPT_MERGE pass (detect identical cells).
Finding identical cells in module `\conv1d_large_benchmark_top'.
<suppressed ~2217 debug messages>
Removed a total of 739 cells.

5.38.4. Executing OPT_DFF pass (perform DFF optimizations).

5.38.5. Executing OPT_CLEAN pass (remove unused cells and wires).
Finding unused cells or wires in module \conv1d_large_benchmark_top..
Removed 16 unused cells and 4494 unused wires.
<suppressed ~17 debug messages>

5.38.6. Rerunning OPT passes. (Removed registers in this run.)

5.38.7. Running ICE40 specific optimizations.
Optimized $__ICE40_CARRY_WRAPPER cell back to logic (without SB_CARRY) conv1d_large_benchmark_top.$auto$alumacc.cc:485:replace_alu$3095.slice[16].carry: CO=$auto$alumacc.cc:485:replace_alu$3095.C [16]
Optimized $__ICE40_CARRY_WRAPPER cell back to logic (without SB_CARRY) conv1d_large_benchmark_top.$auto$alumacc.cc:485:replace_alu$3095.slice[1].carry: CO=1'0
Optimized $__ICE40_CARRY_WRAPPER cell back to logic (without SB_CARRY) conv1d_large_benchmark_top.$auto$alumacc.cc:485:replace_alu$3106.slice[16].carry: CO=$auto$alumacc.cc:485:replace_alu$3106.C [16]
Optimized $__ICE40_CARRY_WRAPPER cell back to logic (without SB_CARRY) conv1d_large_benchmark_top.$auto$alumacc.cc:485:replace_alu$3106.slice[2].carry: CO=1'0
Optimized $__ICE40_CARRY_WRAPPER cell back to logic (without SB_CARRY) conv1d_large_benchmark_top.$auto$alumacc.cc:485:replace_alu$3117.slice[16].carry: CO=$auto$alumacc.cc:485:replace_alu$3117.C [16]
Optimized $__ICE40_CARRY_WRAPPER cell back to logic (without SB_CARRY) conv1d_large_benchmark_top.$auto$alumacc.cc:485:replace_alu$3117.slice[1].carry: CO=1'0
Optimized $__ICE40_CARRY_WRAPPER cell back to logic (without SB_CARRY) conv1d_large_benchmark_top.$auto$maccmap.cc:240:synth$3440.slice[3].carry: CO=1'0

5.38.8. Executing OPT_EXPR pass (perform const folding).
Optimizing module conv1d_large_benchmark_top.

5.38.9. Executing OPT_MERGE pass (detect identical cells).
Finding identical cells in module `\conv1d_large_benchmark_top'.
Removed a total of 0 cells.

5.38.10. Executing OPT_DFF pass (perform DFF optimizations).

5.38.11. Executing OPT_CLEAN pass (remove unused cells and wires).
Finding unused cells or wires in module \conv1d_large_benchmark_top..
Removed 6 unused cells and 3 unused wires.
<suppressed ~7 debug messages>

5.38.12. Rerunning OPT passes. (Removed registers in this run.)

5.38.13. Running ICE40 specific optimizations.
Optimized $__ICE40_CARRY_WRAPPER cell back to logic (without SB_CARRY) conv1d_large_benchmark_top.$auto$alumacc.cc:485:replace_alu$3095.slice[2].carry: CO=1'0
Optimized $__ICE40_CARRY_WRAPPER cell back to logic (without SB_CARRY) conv1d_large_benchmark_top.$auto$alumacc.cc:485:replace_alu$3106.slice[3].carry: CO=1'0
Optimized $__ICE40_CARRY_WRAPPER cell back to logic (without SB_CARRY) conv1d_large_benchmark_top.$auto$alumacc.cc:485:replace_alu$3117.slice[2].carry: CO=1'0

5.38.14. Executing OPT_EXPR pass (perform const folding).
Optimizing module conv1d_large_benchmark_top.

5.38.15. Executing OPT_MERGE pass (detect identical cells).
Finding identical cells in module `\conv1d_large_benchmark_top'.
<suppressed ~3 debug messages>
Removed a total of 1 cells.

5.38.16. Executing OPT_DFF pass (perform DFF optimizations).

5.38.17. Executing OPT_CLEAN pass (remove unused cells and wires).
Finding unused cells or wires in module \conv1d_large_benchmark_top..
Removed 2 unused cells and 0 unused wires.
<suppressed ~2 debug messages>

5.38.18. Rerunning OPT passes. (Removed registers in this run.)

5.38.19. Running ICE40 specific optimizations.
Optimized $__ICE40_CARRY_WRAPPER cell back to logic (without SB_CARRY) conv1d_large_benchmark_top.$auto$alumacc.cc:485:replace_alu$3095.slice[3].carry: CO=1'0
Optimized $__ICE40_CARRY_WRAPPER cell back to logic (without SB_CARRY) conv1d_large_benchmark_top.$auto$alumacc.cc:485:replace_alu$3106.slice[4].carry: CO=1'0
Optimized $__ICE40_CARRY_WRAPPER cell back to logic (without SB_CARRY) conv1d_large_benchmark_top.$auto$alumacc.cc:485:replace_alu$3117.slice[3].carry: CO=1'0

5.38.20. Executing OPT_EXPR pass (perform const folding).
Optimizing module conv1d_large_benchmark_top.

5.38.21. Executing OPT_MERGE pass (detect identical cells).
Finding identical cells in module `\conv1d_large_benchmark_top'.
<suppressed ~3 debug messages>
Removed a total of 1 cells.

5.38.22. Executing OPT_DFF pass (perform DFF optimizations).

5.38.23. Executing OPT_CLEAN pass (remove unused cells and wires).
Finding unused cells or wires in module \conv1d_large_benchmark_top..
Removed 2 unused cells and 0 unused wires.
<suppressed ~2 debug messages>

5.38.24. Rerunning OPT passes. (Removed registers in this run.)

5.38.25. Running ICE40 specific optimizations.
Optimized $__ICE40_CARRY_WRAPPER cell back to logic (without SB_CARRY) conv1d_large_benchmark_top.$auto$alumacc.cc:485:replace_alu$3095.slice[4].carry: CO=1'0
Optimized $__ICE40_CARRY_WRAPPER cell back to logic (without SB_CARRY) conv1d_large_benchmark_top.$auto$alumacc.cc:485:replace_alu$3106.slice[5].carry: CO=1'0
Optimized $__ICE40_CARRY_WRAPPER cell back to logic (without SB_CARRY) conv1d_large_benchmark_top.$auto$alumacc.cc:485:replace_alu$3117.slice[4].carry: CO=1'0

5.38.26. Executing OPT_EXPR pass (perform const folding).
Optimizing module conv1d_large_benchmark_top.

5.38.27. Executing OPT_MERGE pass (detect identical cells).
Finding identical cells in module `\conv1d_large_benchmark_top'.
<suppressed ~3 debug messages>
Removed a total of 1 cells.

5.38.28. Executing OPT_DFF pass (perform DFF optimizations).

5.38.29. Executing OPT_CLEAN pass (remove unused cells and wires).
Finding unused cells or wires in module \conv1d_large_benchmark_top..
Removed 2 unused cells and 0 unused wires.
<suppressed ~2 debug messages>

5.38.30. Rerunning OPT passes. (Removed registers in this run.)

5.38.31. Running ICE40 specific optimizations.
Optimized $__ICE40_CARRY_WRAPPER cell back to logic (without SB_CARRY) conv1d_large_benchmark_top.$auto$alumacc.cc:485:replace_alu$3095.slice[5].carry: CO=1'0
Optimized $__ICE40_CARRY_WRAPPER cell back to logic (without SB_CARRY) conv1d_large_benchmark_top.$auto$alumacc.cc:485:replace_alu$3106.slice[6].carry: CO=$auto$alumacc.cc:485:replace_alu$3095.BB [6]
Optimized $__ICE40_CARRY_WRAPPER cell back to logic (without SB_CARRY) conv1d_large_benchmark_top.$auto$alumacc.cc:485:replace_alu$3117.slice[5].carry: CO=1'0

5.38.32. Executing OPT_EXPR pass (perform const folding).
Optimizing module conv1d_large_benchmark_top.

5.38.33. Executing OPT_MERGE pass (detect identical cells).
Finding identical cells in module `\conv1d_large_benchmark_top'.
<suppressed ~3 debug messages>
Removed a total of 1 cells.

5.38.34. Executing OPT_DFF pass (perform DFF optimizations).

5.38.35. Executing OPT_CLEAN pass (remove unused cells and wires).
Finding unused cells or wires in module \conv1d_large_benchmark_top..
Removed 2 unused cells and 0 unused wires.
<suppressed ~2 debug messages>

5.38.36. Rerunning OPT passes. (Removed registers in this run.)

5.38.37. Running ICE40 specific optimizations.
Optimized $__ICE40_CARRY_WRAPPER cell back to logic (without SB_CARRY) conv1d_large_benchmark_top.$auto$alumacc.cc:485:replace_alu$3095.slice[6].carry: CO=$auto$alumacc.cc:485:replace_alu$3095.BB [6]
Optimized $__ICE40_CARRY_WRAPPER cell back to logic (without SB_CARRY) conv1d_large_benchmark_top.$auto$alumacc.cc:485:replace_alu$3117.slice[6].carry: CO=$auto$alumacc.cc:485:replace_alu$3095.BB [6]

5.38.38. Executing OPT_EXPR pass (perform const folding).
Optimizing module conv1d_large_benchmark_top.

5.38.39. Executing OPT_MERGE pass (detect identical cells).
Finding identical cells in module `\conv1d_large_benchmark_top'.
<suppressed ~3 debug messages>
Removed a total of 1 cells.

5.38.40. Executing OPT_DFF pass (perform DFF optimizations).

5.38.41. Executing OPT_CLEAN pass (remove unused cells and wires).
Finding unused cells or wires in module \conv1d_large_benchmark_top..
Removed 1 unused cells and 0 unused wires.
<suppressed ~1 debug messages>

5.38.42. Rerunning OPT passes. (Removed registers in this run.)

5.38.43. Running ICE40 specific optimizations.

5.38.44. Executing OPT_EXPR pass (perform const folding).
Optimizing module conv1d_large_benchmark_top.

5.38.45. Executing OPT_MERGE pass (detect identical cells).
Finding identical cells in module `\conv1d_large_benchmark_top'.
Removed a total of 0 cells.

5.38.46. Executing OPT_DFF pass (perform DFF optimizations).

5.38.47. Executing OPT_CLEAN pass (remove unused cells and wires).
Finding unused cells or wires in module \conv1d_large_benchmark_top..

5.38.48. Finished OPT passes. (There is nothing left to do.)

5.39. Executing TECHMAP pass (map to technology primitives).

5.39.1. Executing Verilog-2005 frontend: /opt/homebrew/bin/../share/yosys/ice40/latches_map.v
Parsing Verilog input from `/opt/homebrew/bin/../share/yosys/ice40/latches_map.v' to AST representation.
Generating RTLIL representation for module `\$_DLATCH_N_'.
Generating RTLIL representation for module `\$_DLATCH_P_'.
Successfully finished Verilog frontend.

5.39.2. Continuing TECHMAP pass.
No more expansions possible.
<suppressed ~4 debug messages>

5.40. Executing Verilog-2005 frontend: /opt/homebrew/bin/../share/yosys/ice40/abc9_model.v
Parsing Verilog input from `/opt/homebrew/bin/../share/yosys/ice40/abc9_model.v' to AST representation.
Generating RTLIL representation for module `$__ICE40_CARRY_WRAPPER'.
Successfully finished Verilog frontend.

5.41. Executing ABC9 pass.

5.41.1. Executing ABC9_OPS pass (helper functions for ABC9).

5.41.2. Executing ABC9_OPS pass (helper functions for ABC9).

5.41.3. Executing SCC pass (detecting logic loops).
Found 0 SCCs in module conv1d_large_benchmark_top.
Found 0 SCCs.

5.41.4. Executing ABC9_OPS pass (helper functions for ABC9).

5.41.5. Executing PROC pass (convert processes to netlists).

5.41.5.1. Executing PROC_CLEAN pass (remove empty switches from decision trees).
Cleaned up 0 empty switches.

5.41.5.2. Executing PROC_RMDEAD pass (remove dead branches from decision trees).
Removed a total of 0 dead cases.

5.41.5.3. Executing PROC_PRUNE pass (remove redundant assignments in processes).
Removed 0 redundant assignments.
Promoted 0 assignments to connections.

5.41.5.4. Executing PROC_INIT pass (extract init attributes).

5.41.5.5. Executing PROC_ARST pass (detect async resets in processes).

5.41.5.6. Executing PROC_ROM pass (convert switches to ROMs).
Converted 0 switches.

5.41.5.7. Executing PROC_MUX pass (convert decision trees to multiplexers).

5.41.5.8. Executing PROC_DLATCH pass (convert process syncs to latches).

5.41.5.9. Executing PROC_DFF pass (convert process syncs to FFs).

5.41.5.10. Executing PROC_MEMWR pass (convert process memory writes to cells).

5.41.5.11. Executing PROC_CLEAN pass (remove empty switches from decision trees).
Cleaned up 0 empty switches.

5.41.5.12. Executing OPT_EXPR pass (perform const folding).

5.41.6. Executing TECHMAP pass (map to technology primitives).

5.41.6.1. Executing Verilog-2005 frontend: /opt/homebrew/bin/../share/yosys/techmap.v
Parsing Verilog input from `/opt/homebrew/bin/../share/yosys/techmap.v' to AST representation.
Generating RTLIL representation for module `\_90_simplemap_bool_ops'.
Generating RTLIL representation for module `\_90_simplemap_reduce_ops'.
Generating RTLIL representation for module `\_90_simplemap_logic_ops'.
Generating RTLIL representation for module `\_90_simplemap_compare_ops'.
Generating RTLIL representation for module `\_90_simplemap_various'.
Generating RTLIL representation for module `\_90_simplemap_registers'.
Generating RTLIL representation for module `\_90_shift_ops_shr_shl_sshl_sshr'.
Generating RTLIL representation for module `\_90_shift_shiftx'.
Generating RTLIL representation for module `\_90_fa'.
Generating RTLIL representation for module `\_90_lcu_brent_kung'.
Generating RTLIL representation for module `\_90_alu'.
Generating RTLIL representation for module `\_90_macc'.
Generating RTLIL representation for module `\_90_alumacc'.
Generating RTLIL representation for module `\$__div_mod_u'.
Generating RTLIL representation for module `\$__div_mod_trunc'.
Generating RTLIL representation for module `\_90_div'.
Generating RTLIL representation for module `\_90_mod'.
Generating RTLIL representation for module `\$__div_mod_floor'.
Generating RTLIL representation for module `\_90_divfloor'.
Generating RTLIL representation for module `\_90_modfloor'.
Generating RTLIL representation for module `\_90_pow'.
Generating RTLIL representation for module `\_90_pmux'.
Generating RTLIL representation for module `\_90_demux'.
Generating RTLIL representation for module `\_90_lut'.
Successfully finished Verilog frontend.

5.41.6.2. Continuing TECHMAP pass.
No more expansions possible.
<suppressed ~126 debug messages>

5.41.7. Executing OPT pass (performing simple optimizations).

5.41.7.1. Executing OPT_EXPR pass (perform const folding).

5.41.7.2. Executing OPT_MERGE pass (detect identical cells).
Removed a total of 0 cells.

5.41.7.3. Executing OPT_MUXTREE pass (detect dead branches in mux trees).
Removed 0 multiplexer ports.

5.41.7.4. Executing OPT_REDUCE pass (consolidate $*mux and $reduce_* inputs).
Performed a total of 0 changes.

5.41.7.5. Executing OPT_MERGE pass (detect identical cells).
Removed a total of 0 cells.

5.41.7.6. Executing OPT_DFF pass (perform DFF optimizations).

5.41.7.7. Executing OPT_CLEAN pass (remove unused cells and wires).

5.41.7.8. Executing OPT_EXPR pass (perform const folding).

5.41.7.9. Finished OPT passes. (There is nothing left to do.)

5.41.8. Executing TECHMAP pass (map to technology primitives).

5.41.8.1. Executing Verilog-2005 frontend: /opt/homebrew/bin/../share/yosys/abc9_map.v
Parsing Verilog input from `/opt/homebrew/bin/../share/yosys/abc9_map.v' to AST representation.
Successfully finished Verilog frontend.

5.41.8.2. Continuing TECHMAP pass.
No more expansions possible.
<suppressed ~2 debug messages>

5.41.9. Executing Verilog-2005 frontend: /opt/homebrew/bin/../share/yosys/abc9_model.v
Parsing Verilog input from `/opt/homebrew/bin/../share/yosys/abc9_model.v' to AST representation.
Generating RTLIL representation for module `$__ABC9_DELAY'.
Generating RTLIL representation for module `$__ABC9_SCC_BREAKER'.
Generating RTLIL representation for module `$__DFF_N__$abc9_flop'.
Generating RTLIL representation for module `$__DFF_P__$abc9_flop'.
Successfully finished Verilog frontend.

5.41.10. Executing ABC9_OPS pass (helper functions for ABC9).
<suppressed ~1186 debug messages>

5.41.11. Executing ABC9_OPS pass (helper functions for ABC9).

5.41.12. Executing ABC9_OPS pass (helper functions for ABC9).
<suppressed ~2 debug messages>

5.41.13. Executing TECHMAP pass (map to technology primitives).

5.41.13.1. Executing Verilog-2005 frontend: /opt/homebrew/bin/../share/yosys/techmap.v
Parsing Verilog input from `/opt/homebrew/bin/../share/yosys/techmap.v' to AST representation.
Generating RTLIL representation for module `\_90_simplemap_bool_ops'.
Generating RTLIL representation for module `\_90_simplemap_reduce_ops'.
Generating RTLIL representation for module `\_90_simplemap_logic_ops'.
Generating RTLIL representation for module `\_90_simplemap_compare_ops'.
Generating RTLIL representation for module `\_90_simplemap_various'.
Generating RTLIL representation for module `\_90_simplemap_registers'.
Generating RTLIL representation for module `\_90_shift_ops_shr_shl_sshl_sshr'.
Generating RTLIL representation for module `\_90_shift_shiftx'.
Generating RTLIL representation for module `\_90_fa'.
Generating RTLIL representation for module `\_90_lcu_brent_kung'.
Generating RTLIL representation for module `\_90_alu'.
Generating RTLIL representation for module `\_90_macc'.
Generating RTLIL representation for module `\_90_alumacc'.
Generating RTLIL representation for module `\$__div_mod_u'.
Generating RTLIL representation for module `\$__div_mod_trunc'.
Generating RTLIL representation for module `\_90_div'.
Generating RTLIL representation for module `\_90_mod'.
Generating RTLIL representation for module `\$__div_mod_floor'.
Generating RTLIL representation for module `\_90_divfloor'.
Generating RTLIL representation for module `\_90_modfloor'.
Generating RTLIL representation for module `\_90_pow'.
Generating RTLIL representation for module `\_90_pmux'.
Generating RTLIL representation for module `\_90_demux'.
Generating RTLIL representation for module `\_90_lut'.
Successfully finished Verilog frontend.

5.41.13.2. Continuing TECHMAP pass.
Using template $paramod$__ICE40_CARRY_WRAPPER\LUT=16'0110100110010110\I3_IS_CI=1'1 for cells of type $paramod$__ICE40_CARRY_WRAPPER\LUT=16'0110100110010110\I3_IS_CI=1'1.
Using template SB_CARRY for cells of type SB_CARRY.
Using template $paramod\SB_LUT4\LUT_INIT=16'0110100110010110 for cells of type SB_LUT4.
Using extmapper simplemap for cells of type $logic_and.
Using extmapper simplemap for cells of type $mux.
Using extmapper simplemap for cells of type $logic_or.
No more expansions possible.
<suppressed ~147 debug messages>

5.41.14. Executing OPT pass (performing simple optimizations).

5.41.14.1. Executing OPT_EXPR pass (perform const folding).
Optimizing module conv1d_large_benchmark_top.
<suppressed ~4 debug messages>

5.41.14.2. Executing OPT_MERGE pass (detect identical cells).
Finding identical cells in module `\conv1d_large_benchmark_top'.
<suppressed ~29 debug messages>
Removed a total of 12 cells.

5.41.14.3. Executing OPT_MUXTREE pass (detect dead branches in mux trees).
Running muxtree optimizer on module \conv1d_large_benchmark_top..
  Creating internal representation of mux trees.
  No muxes found in this module.
Removed 0 multiplexer ports.

5.41.14.4. Executing OPT_REDUCE pass (consolidate $*mux and $reduce_* inputs).
  Optimizing cells in module \conv1d_large_benchmark_top.
Performed a total of 0 changes.

5.41.14.5. Executing OPT_MERGE pass (detect identical cells).
Finding identical cells in module `\conv1d_large_benchmark_top'.
Removed a total of 0 cells.

5.41.14.6. Executing OPT_DFF pass (perform DFF optimizations).

5.41.14.7. Executing OPT_CLEAN pass (remove unused cells and wires).
Finding unused cells or wires in module \conv1d_large_benchmark_top..
Removed 0 unused cells and 24 unused wires.
<suppressed ~1 debug messages>

5.41.14.8. Executing OPT_EXPR pass (perform const folding).
Optimizing module conv1d_large_benchmark_top.

5.41.14.9. Rerunning OPT passes. (Maybe there is more to do..)

5.41.14.10. Executing OPT_MUXTREE pass (detect dead branches in mux trees).
Running muxtree optimizer on module \conv1d_large_benchmark_top..
  Creating internal representation of mux trees.
  No muxes found in this module.
Removed 0 multiplexer ports.

5.41.14.11. Executing OPT_REDUCE pass (consolidate $*mux and $reduce_* inputs).
  Optimizing cells in module \conv1d_large_benchmark_top.
Performed a total of 0 changes.

5.41.14.12. Executing OPT_MERGE pass (detect identical cells).
Finding identical cells in module `\conv1d_large_benchmark_top'.
Removed a total of 0 cells.

5.41.14.13. Executing OPT_DFF pass (perform DFF optimizations).

5.41.14.14. Executing OPT_CLEAN pass (remove unused cells and wires).
Finding unused cells or wires in module \conv1d_large_benchmark_top..

5.41.14.15. Executing OPT_EXPR pass (perform const folding).
Optimizing module conv1d_large_benchmark_top.

5.41.14.16. Finished OPT passes. (There is nothing left to do.)

5.41.15. Executing AIGMAP pass (map logic to AIG).
Module conv1d_large_benchmark_top: replaced 7 cells with 43 new cells, skipped 11 cells.
  replaced 2 cell types:
       2 $_OR_
       5 $_MUX_
  not replaced 3 cell types:
       8 $specify2
       1 $_NOT_
       2 $_AND_

5.41.16. Executing AIGMAP pass (map logic to AIG).
Module conv1d_large_benchmark_top: replaced 1191 cells with 6480 new cells, skipped 3029 cells.
  replaced 3 cell types:
     619 $_OR_
     415 $_XOR_
     157 $_MUX_
  not replaced 9 cell types:
       1 $lut
       2 $scopeinfo
      58 $_NOT_
     982 $_AND_
       2 SB_DFFSR
     590 SB_DFFESR
     592 $paramod$__ABC9_DELAY\DELAY=32'00000000000000000000000011001011
     210 $paramod$__ICE40_CARRY_WRAPPER\LUT=16'0110100110010110\I3_IS_CI=1'1
     592 $paramod$__ABC9_DELAY\DELAY=32'00000000000000000000000000010101

5.41.16.1. Executing ABC9_OPS pass (helper functions for ABC9).

5.41.16.2. Executing ABC9_OPS pass (helper functions for ABC9).

5.41.16.3. Executing XAIGER backend.
<suppressed ~603 debug messages>
Extracted 3317 AND gates and 9873 wires from module `conv1d_large_benchmark_top' to a netlist network with 604 inputs and 1223 outputs.

5.41.16.4. Executing ABC9_EXE pass (technology mapping using ABC9).

5.41.16.5. Executing ABC9.
Running ABC command: "<yosys-exe-dir>/yosys-abc" -s -f <abc-temp-dir>/abc.script 2>&1
ABC: ABC command line: "source <abc-temp-dir>/abc.script".
ABC: 
ABC: + read_lut <abc-temp-dir>/input.lut 
ABC: + read_box <abc-temp-dir>/input.box 
ABC: + &read <abc-temp-dir>/input.xaig 
ABC: + &ps 
ABC: <abc-temp-dir>/input : i/o =    604/   1223  and =    2807  lev =   38 (1.42)  mem = 0.12 MB  box = 1394  bb = 1184
ABC: + &scorr 
ABC: Warning: The network is combinational.
ABC: + &sweep 
ABC: + &dc2 
ABC: + &dch -f 
ABC: + &ps 
ABC: <abc-temp-dir>/input : i/o =    604/   1223  and =    2672  lev =   32 (0.43)  mem = 0.10 MB  ch =  143  box = 1265  bb = 1184
ABC: + &if -W 250 -v 
ABC: K = 4. Memory (bytes): Truth =    0. Cut =   52. Obj =  136. Set =  564. CutMin = no
ABC: Node =    2672.  Ch =   108.  Total mem =    1.08 MB. Peak cut mem =    0.04 MB.
ABC: P:  Del = 14242.00.  Ar =     946.0.  Edge =     3627.  Cut =    18803.  T =     0.00 sec
ABC: P:  Del = 14242.00.  Ar =     873.0.  Edge =     3389.  Cut =    18064.  T =     0.00 sec
ABC: P:  Del = 14242.00.  Ar =     820.0.  Edge =     2526.  Cut =    18882.  T =     0.00 sec
ABC: F:  Del = 14242.00.  Ar =     681.0.  Edge =     2327.  Cut =    13188.  T =     0.00 sec
ABC: A:  Del = 14242.00.  Ar =     655.0.  Edge =     2262.  Cut =    13256.  T =     0.00 sec
ABC: A:  Del = 14242.00.  Ar =     653.0.  Edge =     2260.  Cut =    13341.  T =     0.00 sec
ABC: Total time =     0.02 sec
ABC: + &write -n <abc-temp-dir>/output.aig 
ABC: + &mfs 
ABC: + &ps -l 
ABC: <abc-temp-dir>/input : i/o =    604/   1223  and =    2068  lev =   33 (0.42)  mem = 0.10 MB  box = 1265  bb = 1184
ABC: Mapping (K=4)  :  lut =    604  edge =    2007  lev =   14 (0.20)  Boxes are not in a topological order. Switching to level computation without boxes.
ABC: levB =   33  mem = 0.04 MB
ABC: LUT = 604 : 2=155 25.7 %  3=99 16.4 %  4=350 57.9 %  Ave = 3.32
ABC: + &write -n <abc-temp-dir>/output.aig 
ABC: + time 
ABC: elapse: 2.74 seconds, total: 2.74 seconds

5.41.16.6. Executing AIGER frontend.
<suppressed ~3795 debug messages>
Removed 2920 unused cells and 7685 unused wires.

5.41.16.7. Executing ABC9_OPS pass (helper functions for ABC9).
ABC RESULTS:              $lut cells:      619
ABC RESULTS:   $paramod$__ICE40_CARRY_WRAPPER\LUT=16'0110100110010110\I3_IS_CI=1'1 cells:       81
ABC RESULTS:           input signals:       72
ABC RESULTS:          output signals:     1192
Removing temp directory.

5.41.17. Executing TECHMAP pass (map to technology primitives).

5.41.17.1. Executing Verilog-2005 frontend: /opt/homebrew/bin/../share/yosys/abc9_unmap.v
Parsing Verilog input from `/opt/homebrew/bin/../share/yosys/abc9_unmap.v' to AST representation.
Generating RTLIL representation for module `\$__DFF_x__$abc9_flop'.
Generating RTLIL representation for module `\$__ABC9_SCC_BREAKER'.
Successfully finished Verilog frontend.

5.41.17.2. Continuing TECHMAP pass.
Using template $paramod$__ICE40_CARRY_WRAPPER\LUT=16'0110100110010110\I3_IS_CI=1'1 for cells of type $paramod$__ICE40_CARRY_WRAPPER\LUT=16'0110100110010110\I3_IS_CI=1'1.
No more expansions possible.
<suppressed ~87 debug messages>

5.42. Executing ICE40_WRAPCARRY pass (wrap carries).

5.43. Executing TECHMAP pass (map to technology primitives).

5.43.1. Executing Verilog-2005 frontend: /opt/homebrew/bin/../share/yosys/ice40/ff_map.v
Parsing Verilog input from `/opt/homebrew/bin/../share/yosys/ice40/ff_map.v' to AST representation.
Generating RTLIL representation for module `\$_DFF_N_'.
Generating RTLIL representation for module `\$_DFF_P_'.
Generating RTLIL representation for module `\$_DFFE_NP_'.
Generating RTLIL representation for module `\$_DFFE_PP_'.
Generating RTLIL representation for module `\$_DFF_NP0_'.
Generating RTLIL representation for module `\$_DFF_NP1_'.
Generating RTLIL representation for module `\$_DFF_PP0_'.
Generating RTLIL representation for module `\$_DFF_PP1_'.
Generating RTLIL representation for module `\$_DFFE_NP0P_'.
Generating RTLIL representation for module `\$_DFFE_NP1P_'.
Generating RTLIL representation for module `\$_DFFE_PP0P_'.
Generating RTLIL representation for module `\$_DFFE_PP1P_'.
Generating RTLIL representation for module `\$_SDFF_NP0_'.
Generating RTLIL representation for module `\$_SDFF_NP1_'.
Generating RTLIL representation for module `\$_SDFF_PP0_'.
Generating RTLIL representation for module `\$_SDFF_PP1_'.
Generating RTLIL representation for module `\$_SDFFCE_NP0P_'.
Generating RTLIL representation for module `\$_SDFFCE_NP1P_'.
Generating RTLIL representation for module `\$_SDFFCE_PP0P_'.
Generating RTLIL representation for module `\$_SDFFCE_PP1P_'.
Successfully finished Verilog frontend.

5.43.2. Continuing TECHMAP pass.
No more expansions possible.
<suppressed ~22 debug messages>
Removed 49 unused cells and 10416 unused wires.

5.44. Executing OPT_LUT pass (optimize LUTs).
Discovering LUTs.
Number of LUTs:      686
  1-LUT               16
  2-LUT              155
  3-LUT              165
  4-LUT              350
  with \SB_CARRY    (#0)   62
  with \SB_CARRY    (#1)   62

Eliminating LUTs.
Number of LUTs:      685
  1-LUT               15
  2-LUT              155
  3-LUT              165
  4-LUT              350
  with \SB_CARRY    (#0)   62
  with \SB_CARRY    (#1)   62

Combining LUTs.
Number of LUTs:      667
  1-LUT                6
  2-LUT              146
  3-LUT              156
  4-LUT              359
  with \SB_CARRY    (#0)   62
  with \SB_CARRY    (#1)   62

Eliminated 1 LUTs.
Combined 18 LUTs.
<suppressed ~5039 debug messages>

5.45. Executing TECHMAP pass (map to technology primitives).

5.45.1. Executing Verilog-2005 frontend: /opt/homebrew/bin/../share/yosys/ice40/cells_map.v
Parsing Verilog input from `/opt/homebrew/bin/../share/yosys/ice40/cells_map.v' to AST representation.
Generating RTLIL representation for module `\$lut'.
Successfully finished Verilog frontend.

5.45.2. Continuing TECHMAP pass.
Using template $paramod$101238f3d8d49ab12a9b49a2f01cd503b26e9c61\$lut for cells of type $lut.
Using template $paramod$f9813472aa48e533b3838c6f2316dc2e78c66111\$lut for cells of type $lut.
Using template $paramod$873c285bdccf0ac2b60d2304ea5cd14bf211d2a6\$lut for cells of type $lut.
Using template $paramod$47a8214374025465e226fa66bee690ff33268a25\$lut for cells of type $lut.
Using template $paramod\$lut\WIDTH=32'00000000000000000000000000000010\LUT=4'1000 for cells of type $lut.
Using template $paramod$6e238df02989b317f10820a22773676e71120644\$lut for cells of type $lut.
Using template $paramod$179512a187da069f3b79ef6612a41e494e7d54b6\$lut for cells of type $lut.
Using template $paramod$8e44661def013b6bf9fe6f8b049ef2c838d749f9\$lut for cells of type $lut.
Using template $paramod$d6ca727e39f31d51d29072e0f33aa09c65e37336\$lut for cells of type $lut.
Using template $paramod$f8f63b209b7230e81958663ff24fef1613156af7\$lut for cells of type $lut.
Using template $paramod$fd904e9e35cfd343a9df248824bd3f1408724879\$lut for cells of type $lut.
Using template $paramod$30305e55a780880b9c824fe3509a4d981acb0f2b\$lut for cells of type $lut.
Using template $paramod$a5516fc31d1e552de2435200bb732b4d4ad63a9c\$lut for cells of type $lut.
Using template $paramod$5e9374f44a27c3f8a1c38af244ec43ceb4fb8d4f\$lut for cells of type $lut.
Using template $paramod$e51a8a571bee774247b38f52d6e85fd62ae52cea\$lut for cells of type $lut.
Using template $paramod$c28a8b7ce0535d090c4cfb52e9c74affd52b110c\$lut for cells of type $lut.
Using template $paramod$571404c0889eaf57f492cb5e37f8acb5df5852f9\$lut for cells of type $lut.
Using template $paramod$bba54c1ef87367812b4c15f4aed5ac70773df775\$lut for cells of type $lut.
Using template $paramod$052ca015f1400ebf950f85d5f181f7a5865c336c\$lut for cells of type $lut.
Using template $paramod\$lut\WIDTH=32'00000000000000000000000000000010\LUT=4'0100 for cells of type $lut.
Using template $paramod$097592bb16245531f0716c5ddb18d7090f9c7d9d\$lut for cells of type $lut.
Using template $paramod$11ec7271d8e6e5aeaace08c13e4c601f10e31038\$lut for cells of type $lut.
Using template $paramod$a40510a2ae387124c7bc8a34c213c7a114e56a18\$lut for cells of type $lut.
Using template $paramod$ff10621ff350133ce54c2c9c3516ef034e8cfe58\$lut for cells of type $lut.
Using template $paramod$8fd8efe0a495790cc9ddc97266933ea8a8cd7b45\$lut for cells of type $lut.
Using template $paramod\$lut\WIDTH=32'00000000000000000000000000000010\LUT=4'0001 for cells of type $lut.
Using template $paramod\$lut\WIDTH=32'00000000000000000000000000000010\LUT=4'0010 for cells of type $lut.
Using template $paramod$272652f6c6fbe9a75eff76e45cc7e2788835518b\$lut for cells of type $lut.
Using template $paramod$364c9ffbffac467d60dfec81bba4e18476c15602\$lut for cells of type $lut.
Using template $paramod\$lut\WIDTH=32'00000000000000000000000000000011\LUT=8'01000000 for cells of type $lut.
Using template $paramod$20235ca863361fbc253329cfc7eeea38c77404dc\$lut for cells of type $lut.
Using template $paramod\$lut\WIDTH=32'00000000000000000000000000000011\LUT=8'00100000 for cells of type $lut.
Using template $paramod\$lut\WIDTH=32'00000000000000000000000000000011\LUT=8'10000000 for cells of type $lut.
Using template $paramod\$lut\WIDTH=32'00000000000000000000000000000011\LUT=8'01110000 for cells of type $lut.
Using template $paramod$baa9d2fb2d21010939721b85aa9f11effe0b53c4\$lut for cells of type $lut.
Using template $paramod$6d6beead1425af15cf78b27fd9b11b41b5d4bce8\$lut for cells of type $lut.
Using template $paramod$545506bd116676813f41816e238f31427fbb4a59\$lut for cells of type $lut.
Using template $paramod\$lut\WIDTH=32'00000000000000000000000000000010\LUT=4'1001 for cells of type $lut.
Using template $paramod$93af60294be021de3ad085ac2ab666d4c464b373\$lut for cells of type $lut.
Using template $paramod$658b9ed803f0d3d335616d3858b53e0a2522f1e8\$lut for cells of type $lut.
Using template $paramod$c70e9b340993375858b284587c45f6f443a7f43b\$lut for cells of type $lut.
Using template $paramod$5aade32a42eeea80d52be580c6f168f2efa73bd2\$lut for cells of type $lut.
Using template $paramod\$lut\WIDTH=32'00000000000000000000000000000011\LUT=8'10010110 for cells of type $lut.
Using template $paramod$396707a46cfbb785667435957c0c3f7c565e4b8f\$lut for cells of type $lut.
Using template $paramod$b2077130d89736f5191d0d24f7f6ffd3bddb0a2d\$lut for cells of type $lut.
Using template $paramod$712505941a295086314c22735153725461a87f4a\$lut for cells of type $lut.
Using template $paramod$611485a5e21ff6620d07a2607f1e14af65dd1840\$lut for cells of type $lut.
Using template $paramod$fd24ba8adbaf0b75005db1aa455afcfc2d436527\$lut for cells of type $lut.
Using template $paramod$6f625205336ac6ce7b8747324becdbce1049bc9c\$lut for cells of type $lut.
Using template $paramod$79d6f3e6eb08d18dd4ba3d4f15460522ccd0803e\$lut for cells of type $lut.
Using template $paramod\$lut\WIDTH=32'00000000000000000000000000000011\LUT=8'00011011 for cells of type $lut.
Using template $paramod\$lut\WIDTH=32'00000000000000000000000000000011\LUT=8'01110001 for cells of type $lut.
Using template $paramod\$lut\WIDTH=32'00000000000000000000000000000010\LUT=4'0110 for cells of type $lut.
Using template $paramod\$lut\WIDTH=32'00000000000000000000000000000011\LUT=8'00010111 for cells of type $lut.
Using template $paramod$4282def8dbd6df3d1248ad282c629bee684502c2\$lut for cells of type $lut.
Using template $paramod$ee6becf969f2526c922f096e27c1307bf13104f2\$lut for cells of type $lut.
Using template $paramod$239a649c3c5dcff42e28a38401931acf401ef810\$lut for cells of type $lut.
Using template $paramod\$lut\WIDTH=32'00000000000000000000000000000011\LUT=8'10001110 for cells of type $lut.
Using template $paramod$69f20e0703606f2ffd2ee27cd26f815bd5eeb6e9\$lut for cells of type $lut.
Using template $paramod$acf49cb7bd2805dee4b4ebb218aa5924b1be7704\$lut for cells of type $lut.
Using template $paramod$2d52a1d6cf603c98ba7b908cd4e344a0536dbeca\$lut for cells of type $lut.
Using template $paramod$56fcf2e913ccd416f9080aec1820a05451b03bab\$lut for cells of type $lut.
Using template $paramod$480632dc6f7c037df6062cf8bf88300b5262c395\$lut for cells of type $lut.
Using template $paramod\$lut\WIDTH=32'00000000000000000000000000000011\LUT=8'11010100 for cells of type $lut.
Using template $paramod\$lut\WIDTH=32'00000000000000000000000000000011\LUT=8'00111001 for cells of type $lut.
Using template $paramod$37275f9005096a8b3beded7be16e5d19f7397fa0\$lut for cells of type $lut.
Using template $paramod$5b13d2ee598c87cdbe912286a35c6fd102e2087c\$lut for cells of type $lut.
Using template $paramod$069bb99fc8f293eec7931733dfd3002c879eb85e\$lut for cells of type $lut.
Using template $paramod$52953750219effadf43093a566baf492fdd6b6c8\$lut for cells of type $lut.
Using template $paramod$270453e5afa31e3bd5e7357176b339514d55ca29\$lut for cells of type $lut.
Using template $paramod$14cb10a983e4993fcb707c1638c651751413f858\$lut for cells of type $lut.
Using template $paramod\$lut\WIDTH=32'00000000000000000000000000000011\LUT=8'01101001 for cells of type $lut.
Using template $paramod$ed4b624f477a67dbd878e676981471b9a7808c29\$lut for cells of type $lut.
Using template $paramod\$lut\WIDTH=32'00000000000000000000000000000011\LUT=8'00101011 for cells of type $lut.
Using template $paramod$3fd12db03aeee29b04c450792ea328ef1bb1f18d\$lut for cells of type $lut.
Using template $paramod$e876a0bb5cc43721691604ba530fe3c2dc6d67d4\$lut for cells of type $lut.
Using template $paramod$0de052767abdccc3aefc818722bdc3c7850d25d6\$lut for cells of type $lut.
Using template $paramod$274f307ae3cf37cc9409bbe7da6758e5df02f25c\$lut for cells of type $lut.
Using template $paramod\$lut\WIDTH=32'00000000000000000000000000000010\LUT=4'1110 for cells of type $lut.
Using template $paramod\$lut\WIDTH=32'00000000000000000000000000000011\LUT=8'00010000 for cells of type $lut.
Using template $paramod\$lut\WIDTH=32'00000000000000000000000000000011\LUT=8'01101010 for cells of type $lut.
Using template $paramod$5ed059b4e4d917104a14ca4288ca3f18f1408bd6\$lut for cells of type $lut.
Using template $paramod$89f931611b66d827751f4a175a88569d5ab95376\$lut for cells of type $lut.
Using template $paramod$24b67fade1852074c0ac6a4c585dd4228e286f08\$lut for cells of type $lut.
Using template $paramod$f272e902d9bc5c48e7777ae834e33033c41c9e07\$lut for cells of type $lut.
Using template $paramod$cca91865608dd586e73a3282da74e475e61aca04\$lut for cells of type $lut.
Using template $paramod$069c0fe6a6f8262553bc692009ea10a80e2c9e2b\$lut for cells of type $lut.
Using template $paramod\$lut\WIDTH=32'00000000000000000000000000000011\LUT=8'01101100 for cells of type $lut.
Using template $paramod$4ac73e90cabe3fd5423b3897754e1be51d1645fa\$lut for cells of type $lut.
Using template $paramod$d70afe532c66c381db66176e68a0fd16e8677a90\$lut for cells of type $lut.
Using template $paramod\$lut\WIDTH=32'00000000000000000000000000000011\LUT=8'10010011 for cells of type $lut.
Using template $paramod$9ce83c401f07863ef6c07aa36141bf86d010bac8\$lut for cells of type $lut.
Using template $paramod\$lut\WIDTH=32'00000000000000000000000000000011\LUT=8'00000100 for cells of type $lut.
Using template $paramod$fe70bb3280659663b8fa2b45f42fda9ccf4ccfaa\$lut for cells of type $lut.
Using template $paramod$f6470d2922644dfddf4d3b6031decef3dbd73dd6\$lut for cells of type $lut.
Using template $paramod$ecf2a17c061c17763d12592309f482d512af5e13\$lut for cells of type $lut.
Using template $paramod$5e21ce4db33ffbe317c0e7462112118a24409ec8\$lut for cells of type $lut.
Using template $paramod$8dea978432b975a06d487b3763d4d556f8d362b4\$lut for cells of type $lut.
Using template $paramod\$lut\WIDTH=32'00000000000000000000000000000011\LUT=8'11100100 for cells of type $lut.
Using template $paramod\$lut\WIDTH=32'00000000000000000000000000000011\LUT=8'10000100 for cells of type $lut.
Using template $paramod\$lut\WIDTH=32'00000000000000000000000000000011\LUT=8'10010000 for cells of type $lut.
Using template $paramod$cb0a1a8ee337868349f9ebaf54c3a0d4f7e81aaa\$lut for cells of type $lut.
Using template $paramod$c92106469089edeb8ad4d6daf5067879a8f6ba9f\$lut for cells of type $lut.
Using template $paramod$97f21fc6caedb01e3e413e66042b2fa0473d00e4\$lut for cells of type $lut.
Using template $paramod\$lut\WIDTH=32'00000000000000000000000000000011\LUT=8'10000010 for cells of type $lut.
Using template $paramod\$lut\WIDTH=32'00000000000000000000000000000011\LUT=8'00111101 for cells of type $lut.
Using template $paramod$1644affdabe7f65febd25ca1c4d1e050be54e54f\$lut for cells of type $lut.
Using template $paramod\$lut\WIDTH=32'00000000000000000000000000000011\LUT=8'00101000 for cells of type $lut.
Using template $paramod$78e1751931755f088c8bc676bcbc3bb642c26bfc\$lut for cells of type $lut.
Using template $paramod\$lut\WIDTH=32'00000000000000000000000000000011\LUT=8'11001110 for cells of type $lut.
Using template $paramod\$lut\WIDTH=32'00000000000000000000000000000010\LUT=4'1011 for cells of type $lut.
Using template $paramod\$lut\WIDTH=32'00000000000000000000000000000011\LUT=8'00101110 for cells of type $lut.
Using template $paramod\$lut\WIDTH=32'00000000000000000000000000000011\LUT=8'11111110 for cells of type $lut.
Using template $paramod\$lut\WIDTH=32'00000000000000000000000000000011\LUT=8'11101010 for cells of type $lut.
Using template $paramod\$lut\WIDTH=32'00000000000000000000000000000001\LUT=2'01 for cells of type $lut.
Using template $paramod\$lut\WIDTH=32'00000000000000000000000000000010\LUT=4'1101 for cells of type $lut.
No more expansions possible.
<suppressed ~2178 debug messages>
Removed 0 unused cells and 1680 unused wires.

5.46. Executing AUTONAME pass.
Renamed 34115 objects in module conv1d_large_benchmark_top (120 iterations).
<suppressed ~1752 debug messages>

5.47. Executing HIERARCHY pass (managing design hierarchy).

5.47.1. Analyzing design hierarchy..
Top module:  \conv1d_large_benchmark_top

5.47.2. Analyzing design hierarchy..
Top module:  \conv1d_large_benchmark_top
Removed 0 unused modules.

5.48. Printing statistics.

=== conv1d_large_benchmark_top ===

   Number of wires:                567
   Number of wire bits:           2347
   Number of public wires:         567
   Number of public wire bits:    2347
   Number of ports:                  7
   Number of port bits:             45
   Number of memories:               0
   Number of memory bits:            0
   Number of processes:              0
   Number of cells:               1338
     $scopeinfo                      2
     SB_CARRY                       77
     SB_DFFESR                     590
     SB_DFFSR                        2
     SB_LUT4                       667

5.49. Executing CHECK pass (checking for obvious problems).
Checking module conv1d_large_benchmark_top...
Found and reported 0 problems.

5.50. Executing JSON backend.

Warnings: 2 unique messages, 6 total
End of script. Logfile hash: 6a35e99db7, CPU: user 4.56s system 0.06s
Yosys 0.42 (git sha1 9b6afcf3f, clang++ 15.0.0 -fPIC -Os)
Time spent: 37% 1x abc9_exe (2 sec), 19% 51x opt_expr (1 sec), ...
