
 /----------------------------------------------------------------------------\
 |  yosys -- Yosys Open SYnthesis Suite                                       |
 |  Copyright (C) 2012 - 2024  Claire Xenia Wolf <claire@yosyshq.com>         |
 |  Distributed under an ISC-like license, type "license" to see terms        |
 \----------------------------------------------------------------------------/
 Yosys 0.42 (git sha1 9b6afcf3f, clang++ 15.0.0 -fPIC -Os)

-- Running command `read_verilog "/Users/adarmaori/Desktop/Final Project/FPGA/conv1d_large_parallel.v" "large_conv_reports_k64/conv1d_large_parallel_k64/conv1d_large_engine.v" "conv1d_large_benchmark_top.v"; chparam -set KERNEL_TAPS 64 conv1d_large_benchmark_top; synth_ice40 -top conv1d_large_benchmark_top -json large_conv_reports_k64/conv1d_large_parallel_k64/conv.json' --

1. Executing Verilog-2005 frontend: /Users/adarmaori/Desktop/Final Project/FPGA/conv1d_large_parallel.v
Parsing Verilog input from `/Users/adarmaori/Desktop/Final Project/FPGA/conv1d_large_parallel.v' to AST representation.
Generating RTLIL representation for module `\conv1d_large_parallel'.
Warning: Replacing memory \history with list of registers. See /Users/adarmaori/Desktop/Final$20Project/FPGA/conv1d_large_parallel.v:55
Successfully finished Verilog frontend.

2. Executing Verilog-2005 frontend: large_conv_reports_k64/conv1d_large_parallel_k64/conv1d_large_engine.v
Parsing Verilog input from `large_conv_reports_k64/conv1d_large_parallel_k64/conv1d_large_engine.v' to AST representation.
Generating RTLIL representation for module `\conv1d_large_engine'.
Successfully finished Verilog frontend.

3. Executing Verilog-2005 frontend: conv1d_large_benchmark_top.v
Parsing Verilog input from `conv1d_large_benchmark_top.v' to AST representation.
Generating RTLIL representation for module `\conv1d_large_benchmark_top'.
Successfully finished Verilog frontend.
Parameter \KERNEL_TAPS = 64

4. Executing AST frontend in derive mode using pre-parsed AST for module `\conv1d_large_benchmark_top'.
Parameter \KERNEL_TAPS = 64
Generating RTLIL representation for module `$paramod\conv1d_large_benchmark_top\KERNEL_TAPS=32'00000000000000000000000001000000'.

5. Executing SYNTH_ICE40 pass.

5.1. Executing Verilog-2005 frontend: /opt/homebrew/bin/../share/yosys/ice40/cells_sim.v
Parsing Verilog input from `/opt/homebrew/bin/../share/yosys/ice40/cells_sim.v' to AST representation.
Generating RTLIL representation for module `\SB_IO'.
Generating RTLIL representation for module `\SB_GB_IO'.
Generating RTLIL representation for module `\SB_GB'.
Generating RTLIL representation for module `\SB_LUT4'.
Generating RTLIL representation for module `\SB_CARRY'.
Generating RTLIL representation for module `\SB_DFF'.
Generating RTLIL representation for module `\SB_DFFE'.
Generating RTLIL representation for module `\SB_DFFSR'.
Generating RTLIL representation for module `\SB_DFFR'.
Generating RTLIL representation for module `\SB_DFFSS'.
Generating RTLIL representation for module `\SB_DFFS'.
Generating RTLIL representation for module `\SB_DFFESR'.
Generating RTLIL representation for module `\SB_DFFER'.
Generating RTLIL representation for module `\SB_DFFESS'.
Generating RTLIL representation for module `\SB_DFFES'.
Generating RTLIL representation for module `\SB_DFFN'.
Generating RTLIL representation for module `\SB_DFFNE'.
Generating RTLIL representation for module `\SB_DFFNSR'.
Generating RTLIL representation for module `\SB_DFFNR'.
Generating RTLIL representation for module `\SB_DFFNSS'.
Generating RTLIL representation for module `\SB_DFFNS'.
Generating RTLIL representation for module `\SB_DFFNESR'.
Generating RTLIL representation for module `\SB_DFFNER'.
Generating RTLIL representation for module `\SB_DFFNESS'.
Generating RTLIL representation for module `\SB_DFFNES'.
Generating RTLIL representation for module `\SB_RAM40_4K'.
Generating RTLIL representation for module `\SB_RAM40_4KNR'.
Generating RTLIL representation for module `\SB_RAM40_4KNW'.
Generating RTLIL representation for module `\SB_RAM40_4KNRNW'.
Generating RTLIL representation for module `\ICESTORM_LC'.
Generating RTLIL representation for module `\SB_PLL40_CORE'.
Generating RTLIL representation for module `\SB_PLL40_PAD'.
Generating RTLIL representation for module `\SB_PLL40_2_PAD'.
Generating RTLIL representation for module `\SB_PLL40_2F_CORE'.
Generating RTLIL representation for module `\SB_PLL40_2F_PAD'.
Generating RTLIL representation for module `\SB_WARMBOOT'.
Generating RTLIL representation for module `\SB_SPRAM256KA'.
Generating RTLIL representation for module `\SB_HFOSC'.
Generating RTLIL representation for module `\SB_LFOSC'.
Generating RTLIL representation for module `\SB_RGBA_DRV'.
Generating RTLIL representation for module `\SB_LED_DRV_CUR'.
Generating RTLIL representation for module `\SB_RGB_DRV'.
Generating RTLIL representation for module `\SB_I2C'.
Generating RTLIL representation for module `\SB_SPI'.
Generating RTLIL representation for module `\SB_LEDDA_IP'.
Generating RTLIL representation for module `\SB_FILTER_50NS'.
Generating RTLIL representation for module `\SB_IO_I3C'.
Generating RTLIL representation for module `\SB_IO_OD'.
Generating RTLIL representation for module `\SB_MAC16'.
Generating RTLIL representation for module `\ICESTORM_RAM'.
Successfully finished Verilog frontend.

5.2. Executing HIERARCHY pass (managing design hierarchy).

5.2.1. Analyzing design hierarchy..
Top module:  \conv1d_large_benchmark_top
Used module:     \conv1d_large_engine
Used module:         \conv1d_large_parallel
Parameter \SAMPLE_WIDTH = 8
Parameter \WEIGHT_WIDTH = 8
Parameter \ACC_WIDTH = 32
Parameter \DILATION = 1
Parameter \KERNEL_TAPS = 32
Parameter \BIAS = 0

5.2.2. Executing AST frontend in derive mode using pre-parsed AST for module `\conv1d_large_parallel'.
Parameter \SAMPLE_WIDTH = 8
Parameter \WEIGHT_WIDTH = 8
Parameter \ACC_WIDTH = 32
Parameter \DILATION = 1
Parameter \KERNEL_TAPS = 32
Parameter \BIAS = 0
Generating RTLIL representation for module `$paramod$9a5d4607c6d410764a6e490cc9d604d51a78e84a\conv1d_large_parallel'.
Warning: Replacing memory \history with list of registers. See /Users/adarmaori/Desktop/Final$20Project/FPGA/conv1d_large_parallel.v:55
Parameter \SAMPLE_WIDTH = 8
Parameter \WEIGHT_WIDTH = 8
Parameter \ACC_WIDTH = 32
Parameter \DILATION = 1
Parameter \KERNEL_TAPS = 64
Parameter \BIAS = 0

5.2.3. Executing AST frontend in derive mode using pre-parsed AST for module `\conv1d_large_engine'.
Parameter \SAMPLE_WIDTH = 8
Parameter \WEIGHT_WIDTH = 8
Parameter \ACC_WIDTH = 32
Parameter \DILATION = 1
Parameter \KERNEL_TAPS = 64
Parameter \BIAS = 0
Generating RTLIL representation for module `$paramod$6085b43887461f415fc1e73c50c74bca22d1d63a\conv1d_large_engine'.

5.2.4. Analyzing design hierarchy..
Top module:  \conv1d_large_benchmark_top
Used module:     $paramod$6085b43887461f415fc1e73c50c74bca22d1d63a\conv1d_large_engine
Used module:         \conv1d_large_parallel
Parameter \SAMPLE_WIDTH = 8
Parameter \WEIGHT_WIDTH = 8
Parameter \ACC_WIDTH = 32
Parameter \DILATION = 1
Parameter \KERNEL_TAPS = 64
Parameter \BIAS = 0

5.2.5. Executing AST frontend in derive mode using pre-parsed AST for module `\conv1d_large_parallel'.
Parameter \SAMPLE_WIDTH = 8
Parameter \WEIGHT_WIDTH = 8
Parameter \ACC_WIDTH = 32
Parameter \DILATION = 1
Parameter \KERNEL_TAPS = 64
Parameter \BIAS = 0
Generating RTLIL representation for module `$paramod$6085b43887461f415fc1e73c50c74bca22d1d63a\conv1d_large_parallel'.
Warning: Replacing memory \history with list of registers. See /Users/adarmaori/Desktop/Final$20Project/FPGA/conv1d_large_parallel.v:55

5.2.6. Analyzing design hierarchy..
Top module:  \conv1d_large_benchmark_top
Used module:     $paramod$6085b43887461f415fc1e73c50c74bca22d1d63a\conv1d_large_engine
Used module:         $paramod$6085b43887461f415fc1e73c50c74bca22d1d63a\conv1d_large_parallel

5.2.7. Analyzing design hierarchy..
Top module:  \conv1d_large_benchmark_top
Used module:     $paramod$6085b43887461f415fc1e73c50c74bca22d1d63a\conv1d_large_engine
Used module:         $paramod$6085b43887461f415fc1e73c50c74bca22d1d63a\conv1d_large_parallel
Removing unused module `$paramod$9a5d4607c6d410764a6e490cc9d604d51a78e84a\conv1d_large_parallel'.
Removing unused module `\conv1d_large_engine'.
Removing unused module `\conv1d_large_parallel'.
Removed 3 unused modules.

5.3. Executing PROC pass (convert processes to netlists).

5.3.1. Executing PROC_CLEAN pass (remove empty switches from decision trees).
Cleaned up 0 empty switches.

5.3.2. Executing PROC_RMDEAD pass (remove dead branches from decision trees).
Marked 1 switch rules as full_case in process $proc$/opt/homebrew/bin/../share/yosys/ice40/cells_sim.v:1414$344 in module SB_DFFNES.
Marked 1 switch rules as full_case in process $proc$/opt/homebrew/bin/../share/yosys/ice40/cells_sim.v:1353$337 in module SB_DFFNESS.
Marked 1 switch rules as full_case in process $proc$/opt/homebrew/bin/../share/yosys/ice40/cells_sim.v:1273$333 in module SB_DFFNER.
Marked 1 switch rules as full_case in process $proc$/opt/homebrew/bin/../share/yosys/ice40/cells_sim.v:1212$326 in module SB_DFFNESR.
Marked 1 switch rules as full_case in process $proc$/opt/homebrew/bin/../share/yosys/ice40/cells_sim.v:1138$323 in module SB_DFFNS.
Marked 1 switch rules as full_case in process $proc$/opt/homebrew/bin/../share/yosys/ice40/cells_sim.v:1088$320 in module SB_DFFNSS.
Marked 1 switch rules as full_case in process $proc$/opt/homebrew/bin/../share/yosys/ice40/cells_sim.v:1017$317 in module SB_DFFNR.
Marked 1 switch rules as full_case in process $proc$/opt/homebrew/bin/../share/yosys/ice40/cells_sim.v:967$314 in module SB_DFFNSR.
Marked 1 switch rules as full_case in process $proc$/opt/homebrew/bin/../share/yosys/ice40/cells_sim.v:803$306 in module SB_DFFES.
Marked 1 switch rules as full_case in process $proc$/opt/homebrew/bin/../share/yosys/ice40/cells_sim.v:742$299 in module SB_DFFESS.
Marked 1 switch rules as full_case in process $proc$/opt/homebrew/bin/../share/yosys/ice40/cells_sim.v:662$295 in module SB_DFFER.
Marked 1 switch rules as full_case in process $proc$/opt/homebrew/bin/../share/yosys/ice40/cells_sim.v:601$288 in module SB_DFFESR.
Marked 1 switch rules as full_case in process $proc$/opt/homebrew/bin/../share/yosys/ice40/cells_sim.v:527$285 in module SB_DFFS.
Marked 1 switch rules as full_case in process $proc$/opt/homebrew/bin/../share/yosys/ice40/cells_sim.v:477$282 in module SB_DFFSS.
Marked 1 switch rules as full_case in process $proc$/opt/homebrew/bin/../share/yosys/ice40/cells_sim.v:406$279 in module SB_DFFR.
Marked 1 switch rules as full_case in process $proc$/opt/homebrew/bin/../share/yosys/ice40/cells_sim.v:356$276 in module SB_DFFSR.
Marked 2 switch rules as full_case in process $proc$/Users/adarmaori/Desktop/Final$20Project/FPGA/conv1d_large_parallel.v:52$777 in module $paramod$6085b43887461f415fc1e73c50c74bca22d1d63a\conv1d_large_parallel.
Removed a total of 0 dead cases.

5.3.3. Executing PROC_PRUNE pass (remove redundant assignments in processes).
Removed 9 redundant assignments.
Promoted 25 assignments to connections.

5.3.4. Executing PROC_INIT pass (extract init attributes).
Found init rule in `\SB_DFFNES.$proc$/opt/homebrew/bin/../share/yosys/ice40/cells_sim.v:0$347'.
  Set init value: \Q = 1'0
Found init rule in `\SB_DFFNESS.$proc$/opt/homebrew/bin/../share/yosys/ice40/cells_sim.v:0$343'.
  Set init value: \Q = 1'0
Found init rule in `\SB_DFFNER.$proc$/opt/homebrew/bin/../share/yosys/ice40/cells_sim.v:0$336'.
  Set init value: \Q = 1'0
Found init rule in `\SB_DFFNESR.$proc$/opt/homebrew/bin/../share/yosys/ice40/cells_sim.v:0$332'.
  Set init value: \Q = 1'0
Found init rule in `\SB_DFFNS.$proc$/opt/homebrew/bin/../share/yosys/ice40/cells_sim.v:0$325'.
  Set init value: \Q = 1'0
Found init rule in `\SB_DFFNSS.$proc$/opt/homebrew/bin/../share/yosys/ice40/cells_sim.v:0$322'.
  Set init value: \Q = 1'0
Found init rule in `\SB_DFFNR.$proc$/opt/homebrew/bin/../share/yosys/ice40/cells_sim.v:0$319'.
  Set init value: \Q = 1'0
Found init rule in `\SB_DFFNSR.$proc$/opt/homebrew/bin/../share/yosys/ice40/cells_sim.v:0$316'.
  Set init value: \Q = 1'0
Found init rule in `\SB_DFFNE.$proc$/opt/homebrew/bin/../share/yosys/ice40/cells_sim.v:0$313'.
  Set init value: \Q = 1'0
Found init rule in `\SB_DFFN.$proc$/opt/homebrew/bin/../share/yosys/ice40/cells_sim.v:0$311'.
  Set init value: \Q = 1'0
Found init rule in `\SB_DFFES.$proc$/opt/homebrew/bin/../share/yosys/ice40/cells_sim.v:0$309'.
  Set init value: \Q = 1'0
Found init rule in `\SB_DFFESS.$proc$/opt/homebrew/bin/../share/yosys/ice40/cells_sim.v:0$305'.
  Set init value: \Q = 1'0
Found init rule in `\SB_DFFER.$proc$/opt/homebrew/bin/../share/yosys/ice40/cells_sim.v:0$298'.
  Set init value: \Q = 1'0
Found init rule in `\SB_DFFESR.$proc$/opt/homebrew/bin/../share/yosys/ice40/cells_sim.v:0$294'.
  Set init value: \Q = 1'0
Found init rule in `\SB_DFFS.$proc$/opt/homebrew/bin/../share/yosys/ice40/cells_sim.v:0$287'.
  Set init value: \Q = 1'0
Found init rule in `\SB_DFFSS.$proc$/opt/homebrew/bin/../share/yosys/ice40/cells_sim.v:0$284'.
  Set init value: \Q = 1'0
Found init rule in `\SB_DFFR.$proc$/opt/homebrew/bin/../share/yosys/ice40/cells_sim.v:0$281'.
  Set init value: \Q = 1'0
Found init rule in `\SB_DFFSR.$proc$/opt/homebrew/bin/../share/yosys/ice40/cells_sim.v:0$278'.
  Set init value: \Q = 1'0
Found init rule in `\SB_DFFE.$proc$/opt/homebrew/bin/../share/yosys/ice40/cells_sim.v:0$275'.
  Set init value: \Q = 1'0
Found init rule in `\SB_DFF.$proc$/opt/homebrew/bin/../share/yosys/ice40/cells_sim.v:0$273'.
  Set init value: \Q = 1'0

5.3.5. Executing PROC_ARST pass (detect async resets in processes).
Found async reset \S in `\SB_DFFNES.$proc$/opt/homebrew/bin/../share/yosys/ice40/cells_sim.v:1414$344'.
Found async reset \R in `\SB_DFFNER.$proc$/opt/homebrew/bin/../share/yosys/ice40/cells_sim.v:1273$333'.
Found async reset \S in `\SB_DFFNS.$proc$/opt/homebrew/bin/../share/yosys/ice40/cells_sim.v:1138$323'.
Found async reset \R in `\SB_DFFNR.$proc$/opt/homebrew/bin/../share/yosys/ice40/cells_sim.v:1017$317'.
Found async reset \S in `\SB_DFFES.$proc$/opt/homebrew/bin/../share/yosys/ice40/cells_sim.v:803$306'.
Found async reset \R in `\SB_DFFER.$proc$/opt/homebrew/bin/../share/yosys/ice40/cells_sim.v:662$295'.
Found async reset \S in `\SB_DFFS.$proc$/opt/homebrew/bin/../share/yosys/ice40/cells_sim.v:527$285'.
Found async reset \R in `\SB_DFFR.$proc$/opt/homebrew/bin/../share/yosys/ice40/cells_sim.v:406$279'.

5.3.6. Executing PROC_ROM pass (convert switches to ROMs).
Converted 0 switches.
<suppressed ~20 debug messages>

5.3.7. Executing PROC_MUX pass (convert decision trees to multiplexers).
Creating decoders for process `\SB_DFFNES.$proc$/opt/homebrew/bin/../share/yosys/ice40/cells_sim.v:0$347'.
Creating decoders for process `\SB_DFFNES.$proc$/opt/homebrew/bin/../share/yosys/ice40/cells_sim.v:1414$344'.
     1/1: $0\Q[0:0]
Creating decoders for process `\SB_DFFNESS.$proc$/opt/homebrew/bin/../share/yosys/ice40/cells_sim.v:0$343'.
Creating decoders for process `\SB_DFFNESS.$proc$/opt/homebrew/bin/../share/yosys/ice40/cells_sim.v:1353$337'.
     1/1: $0\Q[0:0]
Creating decoders for process `\SB_DFFNER.$proc$/opt/homebrew/bin/../share/yosys/ice40/cells_sim.v:0$336'.
Creating decoders for process `\SB_DFFNER.$proc$/opt/homebrew/bin/../share/yosys/ice40/cells_sim.v:1273$333'.
     1/1: $0\Q[0:0]
Creating decoders for process `\SB_DFFNESR.$proc$/opt/homebrew/bin/../share/yosys/ice40/cells_sim.v:0$332'.
Creating decoders for process `\SB_DFFNESR.$proc$/opt/homebrew/bin/../share/yosys/ice40/cells_sim.v:1212$326'.
     1/1: $0\Q[0:0]
Creating decoders for process `\SB_DFFNS.$proc$/opt/homebrew/bin/../share/yosys/ice40/cells_sim.v:0$325'.
Creating decoders for process `\SB_DFFNS.$proc$/opt/homebrew/bin/../share/yosys/ice40/cells_sim.v:1138$323'.
     1/1: $0\Q[0:0]
Creating decoders for process `\SB_DFFNSS.$proc$/opt/homebrew/bin/../share/yosys/ice40/cells_sim.v:0$322'.
Creating decoders for process `\SB_DFFNSS.$proc$/opt/homebrew/bin/../share/yosys/ice40/cells_sim.v:1088$320'.
     1/1: $0\Q[0:0]
Creating decoders for process `\SB_DFFNR.$proc$/opt/homebrew/bin/../share/yosys/ice40/cells_sim.v:0$319'.
Creating decoders for process `\SB_DFFNR.$proc$/opt/homebrew/bin/../share/yosys/ice40/cells_sim.v:1017$317'.
     1/1: $0\Q[0:0]
Creating decoders for process `\SB_DFFNSR.$proc$/opt/homebrew/bin/../share/yosys/ice40/cells_sim.v:0$316'.
Creating decoders for process `\SB_DFFNSR.$proc$/opt/homebrew/bin/../share/yosys/ice40/cells_sim.v:967$314'.
     1/1: $0\Q[0:0]
Creating decoders for process `\SB_DFFNE.$proc$/opt/homebrew/bin/../share/yosys/ice40/cells_sim.v:0$313'.
Creating decoders for process `\SB_DFFNE.$proc$/opt/homebrew/bin/../share/yosys/ice40/cells_sim.v:922$312'.
     1/1: $0\Q[0:0]
Creating decoders for process `\SB_DFFN.$proc$/opt/homebrew/bin/../share/yosys/ice40/cells_sim.v:0$311'.
Creating decoders for process `\SB_DFFN.$proc$/opt/homebrew/bin/../share/yosys/ice40/cells_sim.v:882$310'.
Creating decoders for process `\SB_DFFES.$proc$/opt/homebrew/bin/../share/yosys/ice40/cells_sim.v:0$309'.
Creating decoders for process `\SB_DFFES.$proc$/opt/homebrew/bin/../share/yosys/ice40/cells_sim.v:803$306'.
     1/1: $0\Q[0:0]
Creating decoders for process `\SB_DFFESS.$proc$/opt/homebrew/bin/../share/yosys/ice40/cells_sim.v:0$305'.
Creating decoders for process `\SB_DFFESS.$proc$/opt/homebrew/bin/../share/yosys/ice40/cells_sim.v:742$299'.
     1/1: $0\Q[0:0]
Creating decoders for process `\SB_DFFER.$proc$/opt/homebrew/bin/../share/yosys/ice40/cells_sim.v:0$298'.
Creating decoders for process `\SB_DFFER.$proc$/opt/homebrew/bin/../share/yosys/ice40/cells_sim.v:662$295'.
     1/1: $0\Q[0:0]
Creating decoders for process `\SB_DFFESR.$proc$/opt/homebrew/bin/../share/yosys/ice40/cells_sim.v:0$294'.
Creating decoders for process `\SB_DFFESR.$proc$/opt/homebrew/bin/../share/yosys/ice40/cells_sim.v:601$288'.
     1/1: $0\Q[0:0]
Creating decoders for process `\SB_DFFS.$proc$/opt/homebrew/bin/../share/yosys/ice40/cells_sim.v:0$287'.
Creating decoders for process `\SB_DFFS.$proc$/opt/homebrew/bin/../share/yosys/ice40/cells_sim.v:527$285'.
     1/1: $0\Q[0:0]
Creating decoders for process `\SB_DFFSS.$proc$/opt/homebrew/bin/../share/yosys/ice40/cells_sim.v:0$284'.
Creating decoders for process `\SB_DFFSS.$proc$/opt/homebrew/bin/../share/yosys/ice40/cells_sim.v:477$282'.
     1/1: $0\Q[0:0]
Creating decoders for process `\SB_DFFR.$proc$/opt/homebrew/bin/../share/yosys/ice40/cells_sim.v:0$281'.
Creating decoders for process `\SB_DFFR.$proc$/opt/homebrew/bin/../share/yosys/ice40/cells_sim.v:406$279'.
     1/1: $0\Q[0:0]
Creating decoders for process `\SB_DFFSR.$proc$/opt/homebrew/bin/../share/yosys/ice40/cells_sim.v:0$278'.
Creating decoders for process `\SB_DFFSR.$proc$/opt/homebrew/bin/../share/yosys/ice40/cells_sim.v:356$276'.
     1/1: $0\Q[0:0]
Creating decoders for process `\SB_DFFE.$proc$/opt/homebrew/bin/../share/yosys/ice40/cells_sim.v:0$275'.
Creating decoders for process `\SB_DFFE.$proc$/opt/homebrew/bin/../share/yosys/ice40/cells_sim.v:311$274'.
     1/1: $0\Q[0:0]
Creating decoders for process `\SB_DFF.$proc$/opt/homebrew/bin/../share/yosys/ice40/cells_sim.v:0$273'.
Creating decoders for process `\SB_DFF.$proc$/opt/homebrew/bin/../share/yosys/ice40/cells_sim.v:271$272'.
Creating decoders for process `$paramod$6085b43887461f415fc1e73c50c74bca22d1d63a\conv1d_large_parallel.$proc$/Users/adarmaori/Desktop/Final$20Project/FPGA/conv1d_large_parallel.v:52$777'.
     1/67: $3\i[31:0]
     2/67: $0\output_valid[0:0]
     3/67: $2\i[31:0]
     4/67: $0\history[62][7:0]
     5/67: $0\history[61][7:0]
     6/67: $0\history[60][7:0]
     7/67: $0\history[59][7:0]
     8/67: $0\history[58][7:0]
     9/67: $0\history[57][7:0]
    10/67: $0\history[56][7:0]
    11/67: $0\history[55][7:0]
    12/67: $0\history[54][7:0]
    13/67: $0\history[53][7:0]
    14/67: $0\history[52][7:0]
    15/67: $0\history[51][7:0]
    16/67: $0\history[50][7:0]
    17/67: $0\history[49][7:0]
    18/67: $0\history[48][7:0]
    19/67: $0\history[47][7:0]
    20/67: $0\history[46][7:0]
    21/67: $0\history[45][7:0]
    22/67: $0\history[44][7:0]
    23/67: $0\history[43][7:0]
    24/67: $0\history[42][7:0]
    25/67: $0\history[41][7:0]
    26/67: $0\history[40][7:0]
    27/67: $0\history[39][7:0]
    28/67: $0\history[38][7:0]
    29/67: $0\history[37][7:0]
    30/67: $0\history[36][7:0]
    31/67: $0\history[35][7:0]
    32/67: $0\history[34][7:0]
    33/67: $0\history[33][7:0]
    34/67: $0\history[32][7:0]
    35/67: $0\history[31][7:0]
    36/67: $0\history[30][7:0]
    37/67: $0\history[29][7:0]
    38/67: $0\history[28][7:0]
    39/67: $0\history[27][7:0]
    40/67: $0\history[26][7:0]
    41/67: $0\history[25][7:0]
    42/67: $0\history[24][7:0]
    43/67: $0\history[23][7:0]
    44/67: $0\history[22][7:0]
    45/67: $0\history[21][7:0]
    46/67: $0\history[20][7:0]
    47/67: $0\history[19][7:0]
    48/67: $0\history[18][7:0]
    49/67: $0\history[17][7:0]
    50/67: $0\history[16][7:0]
    51/67: $0\history[15][7:0]
    52/67: $0\history[14][7:0]
    53/67: $0\history[13][7:0]
    54/67: $0\history[12][7:0]
    55/67: $0\history[11][7:0]
    56/67: $0\history[10][7:0]
    57/67: $0\history[9][7:0]
    58/67: $0\history[8][7:0]
    59/67: $0\history[7][7:0]
    60/67: $0\history[6][7:0]
    61/67: $0\history[5][7:0]
    62/67: $0\history[4][7:0]
    63/67: $0\history[3][7:0]
    64/67: $0\history[2][7:0]
    65/67: $0\history[1][7:0]
    66/67: $0\history[0][7:0]
    67/67: $0\sample_out[31:0]
Creating decoders for process `$paramod$6085b43887461f415fc1e73c50c74bca22d1d63a\conv1d_large_parallel.$proc$/Users/adarmaori/Desktop/Final$20Project/FPGA/conv1d_large_parallel.v:45$648'.

5.3.8. Executing PROC_DLATCH pass (convert process syncs to latches).
No latch inferred for signal `$paramod$6085b43887461f415fc1e73c50c74bca22d1d63a\conv1d_large_parallel.\conv_sum' from process `$paramod$6085b43887461f415fc1e73c50c74bca22d1d63a\conv1d_large_parallel.$proc$/Users/adarmaori/Desktop/Final$20Project/FPGA/conv1d_large_parallel.v:45$648'.
No latch inferred for signal `$paramod$6085b43887461f415fc1e73c50c74bca22d1d63a\conv1d_large_parallel.\i' from process `$paramod$6085b43887461f415fc1e73c50c74bca22d1d63a\conv1d_large_parallel.$proc$/Users/adarmaori/Desktop/Final$20Project/FPGA/conv1d_large_parallel.v:45$648'.

5.3.9. Executing PROC_DFF pass (convert process syncs to FFs).
Creating register for signal `\SB_DFFNES.\Q' using process `\SB_DFFNES.$proc$/opt/homebrew/bin/../share/yosys/ice40/cells_sim.v:1414$344'.
  created $adff cell `$procdff$1220' with negative edge clock and positive level reset.
Creating register for signal `\SB_DFFNESS.\Q' using process `\SB_DFFNESS.$proc$/opt/homebrew/bin/../share/yosys/ice40/cells_sim.v:1353$337'.
  created $dff cell `$procdff$1221' with negative edge clock.
Creating register for signal `\SB_DFFNER.\Q' using process `\SB_DFFNER.$proc$/opt/homebrew/bin/../share/yosys/ice40/cells_sim.v:1273$333'.
  created $adff cell `$procdff$1222' with negative edge clock and positive level reset.
Creating register for signal `\SB_DFFNESR.\Q' using process `\SB_DFFNESR.$proc$/opt/homebrew/bin/../share/yosys/ice40/cells_sim.v:1212$326'.
  created $dff cell `$procdff$1223' with negative edge clock.
Creating register for signal `\SB_DFFNS.\Q' using process `\SB_DFFNS.$proc$/opt/homebrew/bin/../share/yosys/ice40/cells_sim.v:1138$323'.
  created $adff cell `$procdff$1224' with negative edge clock and positive level reset.
Creating register for signal `\SB_DFFNSS.\Q' using process `\SB_DFFNSS.$proc$/opt/homebrew/bin/../share/yosys/ice40/cells_sim.v:1088$320'.
  created $dff cell `$procdff$1225' with negative edge clock.
Creating register for signal `\SB_DFFNR.\Q' using process `\SB_DFFNR.$proc$/opt/homebrew/bin/../share/yosys/ice40/cells_sim.v:1017$317'.
  created $adff cell `$procdff$1226' with negative edge clock and positive level reset.
Creating register for signal `\SB_DFFNSR.\Q' using process `\SB_DFFNSR.$proc$/opt/homebrew/bin/../share/yosys/ice40/cells_sim.v:967$314'.
  created $dff cell `$procdff$1227' with negative edge clock.
Creating register for signal `\SB_DFFNE.\Q' using process `\SB_DFFNE.$proc$/opt/homebrew/bin/../share/yosys/ice40/cells_sim.v:922$312'.
  created $dff cell `$procdff$1228' with negative edge clock.
Creating register for signal `\SB_DFFN.\Q' using process `\SB_DFFN.$proc$/opt/homebrew/bin/../share/yosys/ice40/cells_sim.v:882$310'.
  created $dff cell `$procdff$1229' with negative edge clock.
Creating register for signal `\SB_DFFES.\Q' using process `\SB_DFFES.$proc$/opt/homebrew/bin/../share/yosys/ice40/cells_sim.v:803$306'.
  created $adff cell `$procdff$1230' with positive edge clock and positive level reset.
Creating register for signal `\SB_DFFESS.\Q' using process `\SB_DFFESS.$proc$/opt/homebrew/bin/../share/yosys/ice40/cells_sim.v:742$299'.
  created $dff cell `$procdff$1231' with positive edge clock.
Creating register for signal `\SB_DFFER.\Q' using process `\SB_DFFER.$proc$/opt/homebrew/bin/../share/yosys/ice40/cells_sim.v:662$295'.
  created $adff cell `$procdff$1232' with positive edge clock and positive level reset.
Creating register for signal `\SB_DFFESR.\Q' using process `\SB_DFFESR.$proc$/opt/homebrew/bin/../share/yosys/ice40/cells_sim.v:601$288'.
  created $dff cell `$procdff$1233' with positive edge clock.
Creating register for signal `\SB_DFFS.\Q' using process `\SB_DFFS.$proc$/opt/homebrew/bin/../share/yosys/ice40/cells_sim.v:527$285'.
  created $adff cell `$procdff$1234' with positive edge clock and positive level reset.
Creating register for signal `\SB_DFFSS.\Q' using process `\SB_DFFSS.$proc$/opt/homebrew/bin/../share/yosys/ice40/cells_sim.v:477$282'.
  created $dff cell `$procdff$1235' with positive edge clock.
Creating register for signal `\SB_DFFR.\Q' using process `\SB_DFFR.$proc$/opt/homebrew/bin/../share/yosys/ice40/cells_sim.v:406$279'.
  created $adff cell `$procdff$1236' with positive edge clock and positive level reset.
Creating register for signal `\SB_DFFSR.\Q' using process `\SB_DFFSR.$proc$/opt/homebrew/bin/../share/yosys/ice40/cells_sim.v:356$276'.
  created $dff cell `$procdff$1237' with positive edge clock.
Creating register for signal `\SB_DFFE.\Q' using process `\SB_DFFE.$proc$/opt/homebrew/bin/../share/yosys/ice40/cells_sim.v:311$274'.
  created $dff cell `$procdff$1238' with positive edge clock.
Creating register for signal `\SB_DFF.\Q' using process `\SB_DFF.$proc$/opt/homebrew/bin/../share/yosys/ice40/cells_sim.v:271$272'.
  created $dff cell `$procdff$1239' with positive edge clock.
Creating register for signal `$paramod$6085b43887461f415fc1e73c50c74bca22d1d63a\conv1d_large_parallel.\output_valid' using process `$paramod$6085b43887461f415fc1e73c50c74bca22d1d63a\conv1d_large_parallel.$proc$/Users/adarmaori/Desktop/Final$20Project/FPGA/conv1d_large_parallel.v:52$777'.
  created $dff cell `$procdff$1240' with positive edge clock.
Creating register for signal `$paramod$6085b43887461f415fc1e73c50c74bca22d1d63a\conv1d_large_parallel.\sample_out' using process `$paramod$6085b43887461f415fc1e73c50c74bca22d1d63a\conv1d_large_parallel.$proc$/Users/adarmaori/Desktop/Final$20Project/FPGA/conv1d_large_parallel.v:52$777'.
  created $dff cell `$procdff$1241' with positive edge clock.
Creating register for signal `$paramod$6085b43887461f415fc1e73c50c74bca22d1d63a\conv1d_large_parallel.\i' using process `$paramod$6085b43887461f415fc1e73c50c74bca22d1d63a\conv1d_large_parallel.$proc$/Users/adarmaori/Desktop/Final$20Project/FPGA/conv1d_large_parallel.v:52$777'.
  created $dff cell `$procdff$1242' with positive edge clock.
Creating register for signal `$paramod$6085b43887461f415fc1e73c50c74bca22d1d63a\conv1d_large_parallel.\history[0]' using process `$paramod$6085b43887461f415fc1e73c50c74bca22d1d63a\conv1d_large_parallel.$proc$/Users/adarmaori/Desktop/Final$20Project/FPGA/conv1d_large_parallel.v:52$777'.
  created $dff cell `$procdff$1243' with positive edge clock.
Creating register for signal `$paramod$6085b43887461f415fc1e73c50c74bca22d1d63a\conv1d_large_parallel.\history[1]' using process `$paramod$6085b43887461f415fc1e73c50c74bca22d1d63a\conv1d_large_parallel.$proc$/Users/adarmaori/Desktop/Final$20Project/FPGA/conv1d_large_parallel.v:52$777'.
  created $dff cell `$procdff$1244' with positive edge clock.
Creating register for signal `$paramod$6085b43887461f415fc1e73c50c74bca22d1d63a\conv1d_large_parallel.\history[2]' using process `$paramod$6085b43887461f415fc1e73c50c74bca22d1d63a\conv1d_large_parallel.$proc$/Users/adarmaori/Desktop/Final$20Project/FPGA/conv1d_large_parallel.v:52$777'.
  created $dff cell `$procdff$1245' with positive edge clock.
Creating register for signal `$paramod$6085b43887461f415fc1e73c50c74bca22d1d63a\conv1d_large_parallel.\history[3]' using process `$paramod$6085b43887461f415fc1e73c50c74bca22d1d63a\conv1d_large_parallel.$proc$/Users/adarmaori/Desktop/Final$20Project/FPGA/conv1d_large_parallel.v:52$777'.
  created $dff cell `$procdff$1246' with positive edge clock.
Creating register for signal `$paramod$6085b43887461f415fc1e73c50c74bca22d1d63a\conv1d_large_parallel.\history[4]' using process `$paramod$6085b43887461f415fc1e73c50c74bca22d1d63a\conv1d_large_parallel.$proc$/Users/adarmaori/Desktop/Final$20Project/FPGA/conv1d_large_parallel.v:52$777'.
  created $dff cell `$procdff$1247' with positive edge clock.
Creating register for signal `$paramod$6085b43887461f415fc1e73c50c74bca22d1d63a\conv1d_large_parallel.\history[5]' using process `$paramod$6085b43887461f415fc1e73c50c74bca22d1d63a\conv1d_large_parallel.$proc$/Users/adarmaori/Desktop/Final$20Project/FPGA/conv1d_large_parallel.v:52$777'.
  created $dff cell `$procdff$1248' with positive edge clock.
Creating register for signal `$paramod$6085b43887461f415fc1e73c50c74bca22d1d63a\conv1d_large_parallel.\history[6]' using process `$paramod$6085b43887461f415fc1e73c50c74bca22d1d63a\conv1d_large_parallel.$proc$/Users/adarmaori/Desktop/Final$20Project/FPGA/conv1d_large_parallel.v:52$777'.
  created $dff cell `$procdff$1249' with positive edge clock.
Creating register for signal `$paramod$6085b43887461f415fc1e73c50c74bca22d1d63a\conv1d_large_parallel.\history[7]' using process `$paramod$6085b43887461f415fc1e73c50c74bca22d1d63a\conv1d_large_parallel.$proc$/Users/adarmaori/Desktop/Final$20Project/FPGA/conv1d_large_parallel.v:52$777'.
  created $dff cell `$procdff$1250' with positive edge clock.
Creating register for signal `$paramod$6085b43887461f415fc1e73c50c74bca22d1d63a\conv1d_large_parallel.\history[8]' using process `$paramod$6085b43887461f415fc1e73c50c74bca22d1d63a\conv1d_large_parallel.$proc$/Users/adarmaori/Desktop/Final$20Project/FPGA/conv1d_large_parallel.v:52$777'.
  created $dff cell `$procdff$1251' with positive edge clock.
Creating register for signal `$paramod$6085b43887461f415fc1e73c50c74bca22d1d63a\conv1d_large_parallel.\history[9]' using process `$paramod$6085b43887461f415fc1e73c50c74bca22d1d63a\conv1d_large_parallel.$proc$/Users/adarmaori/Desktop/Final$20Project/FPGA/conv1d_large_parallel.v:52$777'.
  created $dff cell `$procdff$1252' with positive edge clock.
Creating register for signal `$paramod$6085b43887461f415fc1e73c50c74bca22d1d63a\conv1d_large_parallel.\history[10]' using process `$paramod$6085b43887461f415fc1e73c50c74bca22d1d63a\conv1d_large_parallel.$proc$/Users/adarmaori/Desktop/Final$20Project/FPGA/conv1d_large_parallel.v:52$777'.
  created $dff cell `$procdff$1253' with positive edge clock.
Creating register for signal `$paramod$6085b43887461f415fc1e73c50c74bca22d1d63a\conv1d_large_parallel.\history[11]' using process `$paramod$6085b43887461f415fc1e73c50c74bca22d1d63a\conv1d_large_parallel.$proc$/Users/adarmaori/Desktop/Final$20Project/FPGA/conv1d_large_parallel.v:52$777'.
  created $dff cell `$procdff$1254' with positive edge clock.
Creating register for signal `$paramod$6085b43887461f415fc1e73c50c74bca22d1d63a\conv1d_large_parallel.\history[12]' using process `$paramod$6085b43887461f415fc1e73c50c74bca22d1d63a\conv1d_large_parallel.$proc$/Users/adarmaori/Desktop/Final$20Project/FPGA/conv1d_large_parallel.v:52$777'.
  created $dff cell `$procdff$1255' with positive edge clock.
Creating register for signal `$paramod$6085b43887461f415fc1e73c50c74bca22d1d63a\conv1d_large_parallel.\history[13]' using process `$paramod$6085b43887461f415fc1e73c50c74bca22d1d63a\conv1d_large_parallel.$proc$/Users/adarmaori/Desktop/Final$20Project/FPGA/conv1d_large_parallel.v:52$777'.
  created $dff cell `$procdff$1256' with positive edge clock.
Creating register for signal `$paramod$6085b43887461f415fc1e73c50c74bca22d1d63a\conv1d_large_parallel.\history[14]' using process `$paramod$6085b43887461f415fc1e73c50c74bca22d1d63a\conv1d_large_parallel.$proc$/Users/adarmaori/Desktop/Final$20Project/FPGA/conv1d_large_parallel.v:52$777'.
  created $dff cell `$procdff$1257' with positive edge clock.
Creating register for signal `$paramod$6085b43887461f415fc1e73c50c74bca22d1d63a\conv1d_large_parallel.\history[15]' using process `$paramod$6085b43887461f415fc1e73c50c74bca22d1d63a\conv1d_large_parallel.$proc$/Users/adarmaori/Desktop/Final$20Project/FPGA/conv1d_large_parallel.v:52$777'.
  created $dff cell `$procdff$1258' with positive edge clock.
Creating register for signal `$paramod$6085b43887461f415fc1e73c50c74bca22d1d63a\conv1d_large_parallel.\history[16]' using process `$paramod$6085b43887461f415fc1e73c50c74bca22d1d63a\conv1d_large_parallel.$proc$/Users/adarmaori/Desktop/Final$20Project/FPGA/conv1d_large_parallel.v:52$777'.
  created $dff cell `$procdff$1259' with positive edge clock.
Creating register for signal `$paramod$6085b43887461f415fc1e73c50c74bca22d1d63a\conv1d_large_parallel.\history[17]' using process `$paramod$6085b43887461f415fc1e73c50c74bca22d1d63a\conv1d_large_parallel.$proc$/Users/adarmaori/Desktop/Final$20Project/FPGA/conv1d_large_parallel.v:52$777'.
  created $dff cell `$procdff$1260' with positive edge clock.
Creating register for signal `$paramod$6085b43887461f415fc1e73c50c74bca22d1d63a\conv1d_large_parallel.\history[18]' using process `$paramod$6085b43887461f415fc1e73c50c74bca22d1d63a\conv1d_large_parallel.$proc$/Users/adarmaori/Desktop/Final$20Project/FPGA/conv1d_large_parallel.v:52$777'.
  created $dff cell `$procdff$1261' with positive edge clock.
Creating register for signal `$paramod$6085b43887461f415fc1e73c50c74bca22d1d63a\conv1d_large_parallel.\history[19]' using process `$paramod$6085b43887461f415fc1e73c50c74bca22d1d63a\conv1d_large_parallel.$proc$/Users/adarmaori/Desktop/Final$20Project/FPGA/conv1d_large_parallel.v:52$777'.
  created $dff cell `$procdff$1262' with positive edge clock.
Creating register for signal `$paramod$6085b43887461f415fc1e73c50c74bca22d1d63a\conv1d_large_parallel.\history[20]' using process `$paramod$6085b43887461f415fc1e73c50c74bca22d1d63a\conv1d_large_parallel.$proc$/Users/adarmaori/Desktop/Final$20Project/FPGA/conv1d_large_parallel.v:52$777'.
  created $dff cell `$procdff$1263' with positive edge clock.
Creating register for signal `$paramod$6085b43887461f415fc1e73c50c74bca22d1d63a\conv1d_large_parallel.\history[21]' using process `$paramod$6085b43887461f415fc1e73c50c74bca22d1d63a\conv1d_large_parallel.$proc$/Users/adarmaori/Desktop/Final$20Project/FPGA/conv1d_large_parallel.v:52$777'.
  created $dff cell `$procdff$1264' with positive edge clock.
Creating register for signal `$paramod$6085b43887461f415fc1e73c50c74bca22d1d63a\conv1d_large_parallel.\history[22]' using process `$paramod$6085b43887461f415fc1e73c50c74bca22d1d63a\conv1d_large_parallel.$proc$/Users/adarmaori/Desktop/Final$20Project/FPGA/conv1d_large_parallel.v:52$777'.
  created $dff cell `$procdff$1265' with positive edge clock.
Creating register for signal `$paramod$6085b43887461f415fc1e73c50c74bca22d1d63a\conv1d_large_parallel.\history[23]' using process `$paramod$6085b43887461f415fc1e73c50c74bca22d1d63a\conv1d_large_parallel.$proc$/Users/adarmaori/Desktop/Final$20Project/FPGA/conv1d_large_parallel.v:52$777'.
  created $dff cell `$procdff$1266' with positive edge clock.
Creating register for signal `$paramod$6085b43887461f415fc1e73c50c74bca22d1d63a\conv1d_large_parallel.\history[24]' using process `$paramod$6085b43887461f415fc1e73c50c74bca22d1d63a\conv1d_large_parallel.$proc$/Users/adarmaori/Desktop/Final$20Project/FPGA/conv1d_large_parallel.v:52$777'.
  created $dff cell `$procdff$1267' with positive edge clock.
Creating register for signal `$paramod$6085b43887461f415fc1e73c50c74bca22d1d63a\conv1d_large_parallel.\history[25]' using process `$paramod$6085b43887461f415fc1e73c50c74bca22d1d63a\conv1d_large_parallel.$proc$/Users/adarmaori/Desktop/Final$20Project/FPGA/conv1d_large_parallel.v:52$777'.
  created $dff cell `$procdff$1268' with positive edge clock.
Creating register for signal `$paramod$6085b43887461f415fc1e73c50c74bca22d1d63a\conv1d_large_parallel.\history[26]' using process `$paramod$6085b43887461f415fc1e73c50c74bca22d1d63a\conv1d_large_parallel.$proc$/Users/adarmaori/Desktop/Final$20Project/FPGA/conv1d_large_parallel.v:52$777'.
  created $dff cell `$procdff$1269' with positive edge clock.
Creating register for signal `$paramod$6085b43887461f415fc1e73c50c74bca22d1d63a\conv1d_large_parallel.\history[27]' using process `$paramod$6085b43887461f415fc1e73c50c74bca22d1d63a\conv1d_large_parallel.$proc$/Users/adarmaori/Desktop/Final$20Project/FPGA/conv1d_large_parallel.v:52$777'.
  created $dff cell `$procdff$1270' with positive edge clock.
Creating register for signal `$paramod$6085b43887461f415fc1e73c50c74bca22d1d63a\conv1d_large_parallel.\history[28]' using process `$paramod$6085b43887461f415fc1e73c50c74bca22d1d63a\conv1d_large_parallel.$proc$/Users/adarmaori/Desktop/Final$20Project/FPGA/conv1d_large_parallel.v:52$777'.
  created $dff cell `$procdff$1271' with positive edge clock.
Creating register for signal `$paramod$6085b43887461f415fc1e73c50c74bca22d1d63a\conv1d_large_parallel.\history[29]' using process `$paramod$6085b43887461f415fc1e73c50c74bca22d1d63a\conv1d_large_parallel.$proc$/Users/adarmaori/Desktop/Final$20Project/FPGA/conv1d_large_parallel.v:52$777'.
  created $dff cell `$procdff$1272' with positive edge clock.
Creating register for signal `$paramod$6085b43887461f415fc1e73c50c74bca22d1d63a\conv1d_large_parallel.\history[30]' using process `$paramod$6085b43887461f415fc1e73c50c74bca22d1d63a\conv1d_large_parallel.$proc$/Users/adarmaori/Desktop/Final$20Project/FPGA/conv1d_large_parallel.v:52$777'.
  created $dff cell `$procdff$1273' with positive edge clock.
Creating register for signal `$paramod$6085b43887461f415fc1e73c50c74bca22d1d63a\conv1d_large_parallel.\history[31]' using process `$paramod$6085b43887461f415fc1e73c50c74bca22d1d63a\conv1d_large_parallel.$proc$/Users/adarmaori/Desktop/Final$20Project/FPGA/conv1d_large_parallel.v:52$777'.
  created $dff cell `$procdff$1274' with positive edge clock.
Creating register for signal `$paramod$6085b43887461f415fc1e73c50c74bca22d1d63a\conv1d_large_parallel.\history[32]' using process `$paramod$6085b43887461f415fc1e73c50c74bca22d1d63a\conv1d_large_parallel.$proc$/Users/adarmaori/Desktop/Final$20Project/FPGA/conv1d_large_parallel.v:52$777'.
  created $dff cell `$procdff$1275' with positive edge clock.
Creating register for signal `$paramod$6085b43887461f415fc1e73c50c74bca22d1d63a\conv1d_large_parallel.\history[33]' using process `$paramod$6085b43887461f415fc1e73c50c74bca22d1d63a\conv1d_large_parallel.$proc$/Users/adarmaori/Desktop/Final$20Project/FPGA/conv1d_large_parallel.v:52$777'.
  created $dff cell `$procdff$1276' with positive edge clock.
Creating register for signal `$paramod$6085b43887461f415fc1e73c50c74bca22d1d63a\conv1d_large_parallel.\history[34]' using process `$paramod$6085b43887461f415fc1e73c50c74bca22d1d63a\conv1d_large_parallel.$proc$/Users/adarmaori/Desktop/Final$20Project/FPGA/conv1d_large_parallel.v:52$777'.
  created $dff cell `$procdff$1277' with positive edge clock.
Creating register for signal `$paramod$6085b43887461f415fc1e73c50c74bca22d1d63a\conv1d_large_parallel.\history[35]' using process `$paramod$6085b43887461f415fc1e73c50c74bca22d1d63a\conv1d_large_parallel.$proc$/Users/adarmaori/Desktop/Final$20Project/FPGA/conv1d_large_parallel.v:52$777'.
  created $dff cell `$procdff$1278' with positive edge clock.
Creating register for signal `$paramod$6085b43887461f415fc1e73c50c74bca22d1d63a\conv1d_large_parallel.\history[36]' using process `$paramod$6085b43887461f415fc1e73c50c74bca22d1d63a\conv1d_large_parallel.$proc$/Users/adarmaori/Desktop/Final$20Project/FPGA/conv1d_large_parallel.v:52$777'.
  created $dff cell `$procdff$1279' with positive edge clock.
Creating register for signal `$paramod$6085b43887461f415fc1e73c50c74bca22d1d63a\conv1d_large_parallel.\history[37]' using process `$paramod$6085b43887461f415fc1e73c50c74bca22d1d63a\conv1d_large_parallel.$proc$/Users/adarmaori/Desktop/Final$20Project/FPGA/conv1d_large_parallel.v:52$777'.
  created $dff cell `$procdff$1280' with positive edge clock.
Creating register for signal `$paramod$6085b43887461f415fc1e73c50c74bca22d1d63a\conv1d_large_parallel.\history[38]' using process `$paramod$6085b43887461f415fc1e73c50c74bca22d1d63a\conv1d_large_parallel.$proc$/Users/adarmaori/Desktop/Final$20Project/FPGA/conv1d_large_parallel.v:52$777'.
  created $dff cell `$procdff$1281' with positive edge clock.
Creating register for signal `$paramod$6085b43887461f415fc1e73c50c74bca22d1d63a\conv1d_large_parallel.\history[39]' using process `$paramod$6085b43887461f415fc1e73c50c74bca22d1d63a\conv1d_large_parallel.$proc$/Users/adarmaori/Desktop/Final$20Project/FPGA/conv1d_large_parallel.v:52$777'.
  created $dff cell `$procdff$1282' with positive edge clock.
Creating register for signal `$paramod$6085b43887461f415fc1e73c50c74bca22d1d63a\conv1d_large_parallel.\history[40]' using process `$paramod$6085b43887461f415fc1e73c50c74bca22d1d63a\conv1d_large_parallel.$proc$/Users/adarmaori/Desktop/Final$20Project/FPGA/conv1d_large_parallel.v:52$777'.
  created $dff cell `$procdff$1283' with positive edge clock.
Creating register for signal `$paramod$6085b43887461f415fc1e73c50c74bca22d1d63a\conv1d_large_parallel.\history[41]' using process `$paramod$6085b43887461f415fc1e73c50c74bca22d1d63a\conv1d_large_parallel.$proc$/Users/adarmaori/Desktop/Final$20Project/FPGA/conv1d_large_parallel.v:52$777'.
  created $dff cell `$procdff$1284' with positive edge clock.
Creating register for signal `$paramod$6085b43887461f415fc1e73c50c74bca22d1d63a\conv1d_large_parallel.\history[42]' using process `$paramod$6085b43887461f415fc1e73c50c74bca22d1d63a\conv1d_large_parallel.$proc$/Users/adarmaori/Desktop/Final$20Project/FPGA/conv1d_large_parallel.v:52$777'.
  created $dff cell `$procdff$1285' with positive edge clock.
Creating register for signal `$paramod$6085b43887461f415fc1e73c50c74bca22d1d63a\conv1d_large_parallel.\history[43]' using process `$paramod$6085b43887461f415fc1e73c50c74bca22d1d63a\conv1d_large_parallel.$proc$/Users/adarmaori/Desktop/Final$20Project/FPGA/conv1d_large_parallel.v:52$777'.
  created $dff cell `$procdff$1286' with positive edge clock.
Creating register for signal `$paramod$6085b43887461f415fc1e73c50c74bca22d1d63a\conv1d_large_parallel.\history[44]' using process `$paramod$6085b43887461f415fc1e73c50c74bca22d1d63a\conv1d_large_parallel.$proc$/Users/adarmaori/Desktop/Final$20Project/FPGA/conv1d_large_parallel.v:52$777'.
  created $dff cell `$procdff$1287' with positive edge clock.
Creating register for signal `$paramod$6085b43887461f415fc1e73c50c74bca22d1d63a\conv1d_large_parallel.\history[45]' using process `$paramod$6085b43887461f415fc1e73c50c74bca22d1d63a\conv1d_large_parallel.$proc$/Users/adarmaori/Desktop/Final$20Project/FPGA/conv1d_large_parallel.v:52$777'.
  created $dff cell `$procdff$1288' with positive edge clock.
Creating register for signal `$paramod$6085b43887461f415fc1e73c50c74bca22d1d63a\conv1d_large_parallel.\history[46]' using process `$paramod$6085b43887461f415fc1e73c50c74bca22d1d63a\conv1d_large_parallel.$proc$/Users/adarmaori/Desktop/Final$20Project/FPGA/conv1d_large_parallel.v:52$777'.
  created $dff cell `$procdff$1289' with positive edge clock.
Creating register for signal `$paramod$6085b43887461f415fc1e73c50c74bca22d1d63a\conv1d_large_parallel.\history[47]' using process `$paramod$6085b43887461f415fc1e73c50c74bca22d1d63a\conv1d_large_parallel.$proc$/Users/adarmaori/Desktop/Final$20Project/FPGA/conv1d_large_parallel.v:52$777'.
  created $dff cell `$procdff$1290' with positive edge clock.
Creating register for signal `$paramod$6085b43887461f415fc1e73c50c74bca22d1d63a\conv1d_large_parallel.\history[48]' using process `$paramod$6085b43887461f415fc1e73c50c74bca22d1d63a\conv1d_large_parallel.$proc$/Users/adarmaori/Desktop/Final$20Project/FPGA/conv1d_large_parallel.v:52$777'.
  created $dff cell `$procdff$1291' with positive edge clock.
Creating register for signal `$paramod$6085b43887461f415fc1e73c50c74bca22d1d63a\conv1d_large_parallel.\history[49]' using process `$paramod$6085b43887461f415fc1e73c50c74bca22d1d63a\conv1d_large_parallel.$proc$/Users/adarmaori/Desktop/Final$20Project/FPGA/conv1d_large_parallel.v:52$777'.
  created $dff cell `$procdff$1292' with positive edge clock.
Creating register for signal `$paramod$6085b43887461f415fc1e73c50c74bca22d1d63a\conv1d_large_parallel.\history[50]' using process `$paramod$6085b43887461f415fc1e73c50c74bca22d1d63a\conv1d_large_parallel.$proc$/Users/adarmaori/Desktop/Final$20Project/FPGA/conv1d_large_parallel.v:52$777'.
  created $dff cell `$procdff$1293' with positive edge clock.
Creating register for signal `$paramod$6085b43887461f415fc1e73c50c74bca22d1d63a\conv1d_large_parallel.\history[51]' using process `$paramod$6085b43887461f415fc1e73c50c74bca22d1d63a\conv1d_large_parallel.$proc$/Users/adarmaori/Desktop/Final$20Project/FPGA/conv1d_large_parallel.v:52$777'.
  created $dff cell `$procdff$1294' with positive edge clock.
Creating register for signal `$paramod$6085b43887461f415fc1e73c50c74bca22d1d63a\conv1d_large_parallel.\history[52]' using process `$paramod$6085b43887461f415fc1e73c50c74bca22d1d63a\conv1d_large_parallel.$proc$/Users/adarmaori/Desktop/Final$20Project/FPGA/conv1d_large_parallel.v:52$777'.
  created $dff cell `$procdff$1295' with positive edge clock.
Creating register for signal `$paramod$6085b43887461f415fc1e73c50c74bca22d1d63a\conv1d_large_parallel.\history[53]' using process `$paramod$6085b43887461f415fc1e73c50c74bca22d1d63a\conv1d_large_parallel.$proc$/Users/adarmaori/Desktop/Final$20Project/FPGA/conv1d_large_parallel.v:52$777'.
  created $dff cell `$procdff$1296' with positive edge clock.
Creating register for signal `$paramod$6085b43887461f415fc1e73c50c74bca22d1d63a\conv1d_large_parallel.\history[54]' using process `$paramod$6085b43887461f415fc1e73c50c74bca22d1d63a\conv1d_large_parallel.$proc$/Users/adarmaori/Desktop/Final$20Project/FPGA/conv1d_large_parallel.v:52$777'.
  created $dff cell `$procdff$1297' with positive edge clock.
Creating register for signal `$paramod$6085b43887461f415fc1e73c50c74bca22d1d63a\conv1d_large_parallel.\history[55]' using process `$paramod$6085b43887461f415fc1e73c50c74bca22d1d63a\conv1d_large_parallel.$proc$/Users/adarmaori/Desktop/Final$20Project/FPGA/conv1d_large_parallel.v:52$777'.
  created $dff cell `$procdff$1298' with positive edge clock.
Creating register for signal `$paramod$6085b43887461f415fc1e73c50c74bca22d1d63a\conv1d_large_parallel.\history[56]' using process `$paramod$6085b43887461f415fc1e73c50c74bca22d1d63a\conv1d_large_parallel.$proc$/Users/adarmaori/Desktop/Final$20Project/FPGA/conv1d_large_parallel.v:52$777'.
  created $dff cell `$procdff$1299' with positive edge clock.
Creating register for signal `$paramod$6085b43887461f415fc1e73c50c74bca22d1d63a\conv1d_large_parallel.\history[57]' using process `$paramod$6085b43887461f415fc1e73c50c74bca22d1d63a\conv1d_large_parallel.$proc$/Users/adarmaori/Desktop/Final$20Project/FPGA/conv1d_large_parallel.v:52$777'.
  created $dff cell `$procdff$1300' with positive edge clock.
Creating register for signal `$paramod$6085b43887461f415fc1e73c50c74bca22d1d63a\conv1d_large_parallel.\history[58]' using process `$paramod$6085b43887461f415fc1e73c50c74bca22d1d63a\conv1d_large_parallel.$proc$/Users/adarmaori/Desktop/Final$20Project/FPGA/conv1d_large_parallel.v:52$777'.
  created $dff cell `$procdff$1301' with positive edge clock.
Creating register for signal `$paramod$6085b43887461f415fc1e73c50c74bca22d1d63a\conv1d_large_parallel.\history[59]' using process `$paramod$6085b43887461f415fc1e73c50c74bca22d1d63a\conv1d_large_parallel.$proc$/Users/adarmaori/Desktop/Final$20Project/FPGA/conv1d_large_parallel.v:52$777'.
  created $dff cell `$procdff$1302' with positive edge clock.
Creating register for signal `$paramod$6085b43887461f415fc1e73c50c74bca22d1d63a\conv1d_large_parallel.\history[60]' using process `$paramod$6085b43887461f415fc1e73c50c74bca22d1d63a\conv1d_large_parallel.$proc$/Users/adarmaori/Desktop/Final$20Project/FPGA/conv1d_large_parallel.v:52$777'.
  created $dff cell `$procdff$1303' with positive edge clock.
Creating register for signal `$paramod$6085b43887461f415fc1e73c50c74bca22d1d63a\conv1d_large_parallel.\history[61]' using process `$paramod$6085b43887461f415fc1e73c50c74bca22d1d63a\conv1d_large_parallel.$proc$/Users/adarmaori/Desktop/Final$20Project/FPGA/conv1d_large_parallel.v:52$777'.
  created $dff cell `$procdff$1304' with positive edge clock.
Creating register for signal `$paramod$6085b43887461f415fc1e73c50c74bca22d1d63a\conv1d_large_parallel.\history[62]' using process `$paramod$6085b43887461f415fc1e73c50c74bca22d1d63a\conv1d_large_parallel.$proc$/Users/adarmaori/Desktop/Final$20Project/FPGA/conv1d_large_parallel.v:52$777'.
  created $dff cell `$procdff$1305' with positive edge clock.

5.3.10. Executing PROC_MEMWR pass (convert process memory writes to cells).

5.3.11. Executing PROC_CLEAN pass (remove empty switches from decision trees).
Removing empty process `SB_DFFNES.$proc$/opt/homebrew/bin/../share/yosys/ice40/cells_sim.v:0$347'.
Found and cleaned up 1 empty switch in `\SB_DFFNES.$proc$/opt/homebrew/bin/../share/yosys/ice40/cells_sim.v:1414$344'.
Removing empty process `SB_DFFNES.$proc$/opt/homebrew/bin/../share/yosys/ice40/cells_sim.v:1414$344'.
Removing empty process `SB_DFFNESS.$proc$/opt/homebrew/bin/../share/yosys/ice40/cells_sim.v:0$343'.
Found and cleaned up 2 empty switches in `\SB_DFFNESS.$proc$/opt/homebrew/bin/../share/yosys/ice40/cells_sim.v:1353$337'.
Removing empty process `SB_DFFNESS.$proc$/opt/homebrew/bin/../share/yosys/ice40/cells_sim.v:1353$337'.
Removing empty process `SB_DFFNER.$proc$/opt/homebrew/bin/../share/yosys/ice40/cells_sim.v:0$336'.
Found and cleaned up 1 empty switch in `\SB_DFFNER.$proc$/opt/homebrew/bin/../share/yosys/ice40/cells_sim.v:1273$333'.
Removing empty process `SB_DFFNER.$proc$/opt/homebrew/bin/../share/yosys/ice40/cells_sim.v:1273$333'.
Removing empty process `SB_DFFNESR.$proc$/opt/homebrew/bin/../share/yosys/ice40/cells_sim.v:0$332'.
Found and cleaned up 2 empty switches in `\SB_DFFNESR.$proc$/opt/homebrew/bin/../share/yosys/ice40/cells_sim.v:1212$326'.
Removing empty process `SB_DFFNESR.$proc$/opt/homebrew/bin/../share/yosys/ice40/cells_sim.v:1212$326'.
Removing empty process `SB_DFFNS.$proc$/opt/homebrew/bin/../share/yosys/ice40/cells_sim.v:0$325'.
Removing empty process `SB_DFFNS.$proc$/opt/homebrew/bin/../share/yosys/ice40/cells_sim.v:1138$323'.
Removing empty process `SB_DFFNSS.$proc$/opt/homebrew/bin/../share/yosys/ice40/cells_sim.v:0$322'.
Found and cleaned up 1 empty switch in `\SB_DFFNSS.$proc$/opt/homebrew/bin/../share/yosys/ice40/cells_sim.v:1088$320'.
Removing empty process `SB_DFFNSS.$proc$/opt/homebrew/bin/../share/yosys/ice40/cells_sim.v:1088$320'.
Removing empty process `SB_DFFNR.$proc$/opt/homebrew/bin/../share/yosys/ice40/cells_sim.v:0$319'.
Removing empty process `SB_DFFNR.$proc$/opt/homebrew/bin/../share/yosys/ice40/cells_sim.v:1017$317'.
Removing empty process `SB_DFFNSR.$proc$/opt/homebrew/bin/../share/yosys/ice40/cells_sim.v:0$316'.
Found and cleaned up 1 empty switch in `\SB_DFFNSR.$proc$/opt/homebrew/bin/../share/yosys/ice40/cells_sim.v:967$314'.
Removing empty process `SB_DFFNSR.$proc$/opt/homebrew/bin/../share/yosys/ice40/cells_sim.v:967$314'.
Removing empty process `SB_DFFNE.$proc$/opt/homebrew/bin/../share/yosys/ice40/cells_sim.v:0$313'.
Found and cleaned up 1 empty switch in `\SB_DFFNE.$proc$/opt/homebrew/bin/../share/yosys/ice40/cells_sim.v:922$312'.
Removing empty process `SB_DFFNE.$proc$/opt/homebrew/bin/../share/yosys/ice40/cells_sim.v:922$312'.
Removing empty process `SB_DFFN.$proc$/opt/homebrew/bin/../share/yosys/ice40/cells_sim.v:0$311'.
Removing empty process `SB_DFFN.$proc$/opt/homebrew/bin/../share/yosys/ice40/cells_sim.v:882$310'.
Removing empty process `SB_DFFES.$proc$/opt/homebrew/bin/../share/yosys/ice40/cells_sim.v:0$309'.
Found and cleaned up 1 empty switch in `\SB_DFFES.$proc$/opt/homebrew/bin/../share/yosys/ice40/cells_sim.v:803$306'.
Removing empty process `SB_DFFES.$proc$/opt/homebrew/bin/../share/yosys/ice40/cells_sim.v:803$306'.
Removing empty process `SB_DFFESS.$proc$/opt/homebrew/bin/../share/yosys/ice40/cells_sim.v:0$305'.
Found and cleaned up 2 empty switches in `\SB_DFFESS.$proc$/opt/homebrew/bin/../share/yosys/ice40/cells_sim.v:742$299'.
Removing empty process `SB_DFFESS.$proc$/opt/homebrew/bin/../share/yosys/ice40/cells_sim.v:742$299'.
Removing empty process `SB_DFFER.$proc$/opt/homebrew/bin/../share/yosys/ice40/cells_sim.v:0$298'.
Found and cleaned up 1 empty switch in `\SB_DFFER.$proc$/opt/homebrew/bin/../share/yosys/ice40/cells_sim.v:662$295'.
Removing empty process `SB_DFFER.$proc$/opt/homebrew/bin/../share/yosys/ice40/cells_sim.v:662$295'.
Removing empty process `SB_DFFESR.$proc$/opt/homebrew/bin/../share/yosys/ice40/cells_sim.v:0$294'.
Found and cleaned up 2 empty switches in `\SB_DFFESR.$proc$/opt/homebrew/bin/../share/yosys/ice40/cells_sim.v:601$288'.
Removing empty process `SB_DFFESR.$proc$/opt/homebrew/bin/../share/yosys/ice40/cells_sim.v:601$288'.
Removing empty process `SB_DFFS.$proc$/opt/homebrew/bin/../share/yosys/ice40/cells_sim.v:0$287'.
Removing empty process `SB_DFFS.$proc$/opt/homebrew/bin/../share/yosys/ice40/cells_sim.v:527$285'.
Removing empty process `SB_DFFSS.$proc$/opt/homebrew/bin/../share/yosys/ice40/cells_sim.v:0$284'.
Found and cleaned up 1 empty switch in `\SB_DFFSS.$proc$/opt/homebrew/bin/../share/yosys/ice40/cells_sim.v:477$282'.
Removing empty process `SB_DFFSS.$proc$/opt/homebrew/bin/../share/yosys/ice40/cells_sim.v:477$282'.
Removing empty process `SB_DFFR.$proc$/opt/homebrew/bin/../share/yosys/ice40/cells_sim.v:0$281'.
Removing empty process `SB_DFFR.$proc$/opt/homebrew/bin/../share/yosys/ice40/cells_sim.v:406$279'.
Removing empty process `SB_DFFSR.$proc$/opt/homebrew/bin/../share/yosys/ice40/cells_sim.v:0$278'.
Found and cleaned up 1 empty switch in `\SB_DFFSR.$proc$/opt/homebrew/bin/../share/yosys/ice40/cells_sim.v:356$276'.
Removing empty process `SB_DFFSR.$proc$/opt/homebrew/bin/../share/yosys/ice40/cells_sim.v:356$276'.
Removing empty process `SB_DFFE.$proc$/opt/homebrew/bin/../share/yosys/ice40/cells_sim.v:0$275'.
Found and cleaned up 1 empty switch in `\SB_DFFE.$proc$/opt/homebrew/bin/../share/yosys/ice40/cells_sim.v:311$274'.
Removing empty process `SB_DFFE.$proc$/opt/homebrew/bin/../share/yosys/ice40/cells_sim.v:311$274'.
Removing empty process `SB_DFF.$proc$/opt/homebrew/bin/../share/yosys/ice40/cells_sim.v:0$273'.
Removing empty process `SB_DFF.$proc$/opt/homebrew/bin/../share/yosys/ice40/cells_sim.v:271$272'.
Found and cleaned up 2 empty switches in `$paramod$6085b43887461f415fc1e73c50c74bca22d1d63a\conv1d_large_parallel.$proc$/Users/adarmaori/Desktop/Final$20Project/FPGA/conv1d_large_parallel.v:52$777'.
Removing empty process `$paramod$6085b43887461f415fc1e73c50c74bca22d1d63a\conv1d_large_parallel.$proc$/Users/adarmaori/Desktop/Final$20Project/FPGA/conv1d_large_parallel.v:52$777'.
Removing empty process `$paramod$6085b43887461f415fc1e73c50c74bca22d1d63a\conv1d_large_parallel.$proc$/Users/adarmaori/Desktop/Final$20Project/FPGA/conv1d_large_parallel.v:45$648'.
Cleaned up 20 empty switches.

5.3.12. Executing OPT_EXPR pass (perform const folding).
Optimizing module conv1d_large_benchmark_top.
Optimizing module $paramod$6085b43887461f415fc1e73c50c74bca22d1d63a\conv1d_large_engine.
Optimizing module $paramod$6085b43887461f415fc1e73c50c74bca22d1d63a\conv1d_large_parallel.
<suppressed ~2 debug messages>

5.4. Executing FLATTEN pass (flatten design).
Deleting now unused module $paramod$6085b43887461f415fc1e73c50c74bca22d1d63a\conv1d_large_engine.
Deleting now unused module $paramod$6085b43887461f415fc1e73c50c74bca22d1d63a\conv1d_large_parallel.
<suppressed ~2 debug messages>

5.5. Executing TRIBUF pass.

5.6. Executing DEMINOUT pass (demote inout ports to input or output).

5.7. Executing OPT_EXPR pass (perform const folding).
Optimizing module conv1d_large_benchmark_top.
<suppressed ~105 debug messages>

5.8. Executing OPT_CLEAN pass (remove unused cells and wires).
Finding unused cells or wires in module \conv1d_large_benchmark_top..
Removed 4 unused cells and 257 unused wires.
<suppressed ~14 debug messages>

5.9. Executing CHECK pass (checking for obvious problems).
Checking module conv1d_large_benchmark_top...
Found and reported 0 problems.

5.10. Executing OPT pass (performing simple optimizations).

5.10.1. Executing OPT_EXPR pass (perform const folding).
Optimizing module conv1d_large_benchmark_top.

5.10.2. Executing OPT_MERGE pass (detect identical cells).
Finding identical cells in module `\conv1d_large_benchmark_top'.
Removed a total of 0 cells.

5.10.3. Executing OPT_MUXTREE pass (detect dead branches in mux trees).
Running muxtree optimizer on module \conv1d_large_benchmark_top..
  Creating internal representation of mux trees.
  Evaluating internal representation of mux trees.
  Analyzing evaluation results.
Removed 0 multiplexer ports.
<suppressed ~65 debug messages>

5.10.4. Executing OPT_REDUCE pass (consolidate $*mux and $reduce_* inputs).
  Optimizing cells in module \conv1d_large_benchmark_top.
Performed a total of 0 changes.

5.10.5. Executing OPT_MERGE pass (detect identical cells).
Finding identical cells in module `\conv1d_large_benchmark_top'.
Removed a total of 0 cells.

5.10.6. Executing OPT_DFF pass (perform DFF optimizations).

5.10.7. Executing OPT_CLEAN pass (remove unused cells and wires).
Finding unused cells or wires in module \conv1d_large_benchmark_top..

5.10.8. Executing OPT_EXPR pass (perform const folding).
Optimizing module conv1d_large_benchmark_top.

5.10.9. Finished OPT passes. (There is nothing left to do.)

5.11. Executing FSM pass (extract and optimize FSM).

5.11.1. Executing FSM_DETECT pass (finding FSMs in design).

5.11.2. Executing FSM_EXTRACT pass (extracting FSM from design).

5.11.3. Executing FSM_OPT pass (simple optimizations of FSMs).

5.11.4. Executing OPT_CLEAN pass (remove unused cells and wires).
Finding unused cells or wires in module \conv1d_large_benchmark_top..

5.11.5. Executing FSM_OPT pass (simple optimizations of FSMs).

5.11.6. Executing FSM_RECODE pass (re-assigning FSM state encoding).

5.11.7. Executing FSM_INFO pass (dumping all available information on FSM cells).

5.11.8. Executing FSM_MAP pass (mapping FSMs to basic logic).

5.12. Executing OPT pass (performing simple optimizations).

5.12.1. Executing OPT_EXPR pass (perform const folding).
Optimizing module conv1d_large_benchmark_top.

5.12.2. Executing OPT_MERGE pass (detect identical cells).
Finding identical cells in module `\conv1d_large_benchmark_top'.
Removed a total of 0 cells.

5.12.3. Executing OPT_MUXTREE pass (detect dead branches in mux trees).
Running muxtree optimizer on module \conv1d_large_benchmark_top..
  Creating internal representation of mux trees.
  Evaluating internal representation of mux trees.
  Analyzing evaluation results.
Removed 0 multiplexer ports.
<suppressed ~65 debug messages>

5.12.4. Executing OPT_REDUCE pass (consolidate $*mux and $reduce_* inputs).
  Optimizing cells in module \conv1d_large_benchmark_top.
Performed a total of 0 changes.

5.12.5. Executing OPT_MERGE pass (detect identical cells).
Finding identical cells in module `\conv1d_large_benchmark_top'.
Removed a total of 0 cells.

5.12.6. Executing OPT_DFF pass (perform DFF optimizations).
Adding SRST signal on $flatten\conv.\impl.$procdff$1305 ($dff) from module conv1d_large_benchmark_top (D = $flatten\conv.\impl.$procmux$837_Y, Q = \conv.impl.history[62], rval = 8'00000000).
Adding EN signal on $auto$ff.cc:266:slice$1308 ($sdff) from module conv1d_large_benchmark_top (D = \conv.impl.history[61], Q = \conv.impl.history[62]).
Adding SRST signal on $flatten\conv.\impl.$procdff$1304 ($dff) from module conv1d_large_benchmark_top (D = $flatten\conv.\impl.$procmux$843_Y, Q = \conv.impl.history[61], rval = 8'00000000).
Adding EN signal on $auto$ff.cc:266:slice$1310 ($sdff) from module conv1d_large_benchmark_top (D = \conv.impl.history[60], Q = \conv.impl.history[61]).
Adding SRST signal on $flatten\conv.\impl.$procdff$1303 ($dff) from module conv1d_large_benchmark_top (D = $flatten\conv.\impl.$procmux$849_Y, Q = \conv.impl.history[60], rval = 8'00000000).
Adding EN signal on $auto$ff.cc:266:slice$1312 ($sdff) from module conv1d_large_benchmark_top (D = \conv.impl.history[59], Q = \conv.impl.history[60]).
Adding SRST signal on $flatten\conv.\impl.$procdff$1302 ($dff) from module conv1d_large_benchmark_top (D = $flatten\conv.\impl.$procmux$855_Y, Q = \conv.impl.history[59], rval = 8'00000000).
Adding EN signal on $auto$ff.cc:266:slice$1314 ($sdff) from module conv1d_large_benchmark_top (D = \conv.impl.history[58], Q = \conv.impl.history[59]).
Adding SRST signal on $flatten\conv.\impl.$procdff$1301 ($dff) from module conv1d_large_benchmark_top (D = $flatten\conv.\impl.$procmux$861_Y, Q = \conv.impl.history[58], rval = 8'00000000).
Adding EN signal on $auto$ff.cc:266:slice$1316 ($sdff) from module conv1d_large_benchmark_top (D = \conv.impl.history[57], Q = \conv.impl.history[58]).
Adding SRST signal on $flatten\conv.\impl.$procdff$1300 ($dff) from module conv1d_large_benchmark_top (D = $flatten\conv.\impl.$procmux$867_Y, Q = \conv.impl.history[57], rval = 8'00000000).
Adding EN signal on $auto$ff.cc:266:slice$1318 ($sdff) from module conv1d_large_benchmark_top (D = \conv.impl.history[56], Q = \conv.impl.history[57]).
Adding SRST signal on $flatten\conv.\impl.$procdff$1299 ($dff) from module conv1d_large_benchmark_top (D = $flatten\conv.\impl.$procmux$873_Y, Q = \conv.impl.history[56], rval = 8'00000000).
Adding EN signal on $auto$ff.cc:266:slice$1320 ($sdff) from module conv1d_large_benchmark_top (D = \conv.impl.history[55], Q = \conv.impl.history[56]).
Adding SRST signal on $flatten\conv.\impl.$procdff$1298 ($dff) from module conv1d_large_benchmark_top (D = $flatten\conv.\impl.$procmux$879_Y, Q = \conv.impl.history[55], rval = 8'00000000).
Adding EN signal on $auto$ff.cc:266:slice$1322 ($sdff) from module conv1d_large_benchmark_top (D = \conv.impl.history[54], Q = \conv.impl.history[55]).
Adding SRST signal on $flatten\conv.\impl.$procdff$1297 ($dff) from module conv1d_large_benchmark_top (D = $flatten\conv.\impl.$procmux$885_Y, Q = \conv.impl.history[54], rval = 8'00000000).
Adding EN signal on $auto$ff.cc:266:slice$1324 ($sdff) from module conv1d_large_benchmark_top (D = \conv.impl.history[53], Q = \conv.impl.history[54]).
Adding SRST signal on $flatten\conv.\impl.$procdff$1296 ($dff) from module conv1d_large_benchmark_top (D = $flatten\conv.\impl.$procmux$891_Y, Q = \conv.impl.history[53], rval = 8'00000000).
Adding EN signal on $auto$ff.cc:266:slice$1326 ($sdff) from module conv1d_large_benchmark_top (D = \conv.impl.history[52], Q = \conv.impl.history[53]).
Adding SRST signal on $flatten\conv.\impl.$procdff$1295 ($dff) from module conv1d_large_benchmark_top (D = $flatten\conv.\impl.$procmux$897_Y, Q = \conv.impl.history[52], rval = 8'00000000).
Adding EN signal on $auto$ff.cc:266:slice$1328 ($sdff) from module conv1d_large_benchmark_top (D = \conv.impl.history[51], Q = \conv.impl.history[52]).
Adding SRST signal on $flatten\conv.\impl.$procdff$1294 ($dff) from module conv1d_large_benchmark_top (D = $flatten\conv.\impl.$procmux$903_Y, Q = \conv.impl.history[51], rval = 8'00000000).
Adding EN signal on $auto$ff.cc:266:slice$1330 ($sdff) from module conv1d_large_benchmark_top (D = \conv.impl.history[50], Q = \conv.impl.history[51]).
Adding SRST signal on $flatten\conv.\impl.$procdff$1293 ($dff) from module conv1d_large_benchmark_top (D = $flatten\conv.\impl.$procmux$909_Y, Q = \conv.impl.history[50], rval = 8'00000000).
Adding EN signal on $auto$ff.cc:266:slice$1332 ($sdff) from module conv1d_large_benchmark_top (D = \conv.impl.history[49], Q = \conv.impl.history[50]).
Adding SRST signal on $flatten\conv.\impl.$procdff$1292 ($dff) from module conv1d_large_benchmark_top (D = $flatten\conv.\impl.$procmux$915_Y, Q = \conv.impl.history[49], rval = 8'00000000).
Adding EN signal on $auto$ff.cc:266:slice$1334 ($sdff) from module conv1d_large_benchmark_top (D = \conv.impl.history[48], Q = \conv.impl.history[49]).
Adding SRST signal on $flatten\conv.\impl.$procdff$1291 ($dff) from module conv1d_large_benchmark_top (D = $flatten\conv.\impl.$procmux$921_Y, Q = \conv.impl.history[48], rval = 8'00000000).
Adding EN signal on $auto$ff.cc:266:slice$1336 ($sdff) from module conv1d_large_benchmark_top (D = \conv.impl.history[47], Q = \conv.impl.history[48]).
Adding SRST signal on $flatten\conv.\impl.$procdff$1290 ($dff) from module conv1d_large_benchmark_top (D = $flatten\conv.\impl.$procmux$927_Y, Q = \conv.impl.history[47], rval = 8'00000000).
Adding EN signal on $auto$ff.cc:266:slice$1338 ($sdff) from module conv1d_large_benchmark_top (D = \conv.impl.history[46], Q = \conv.impl.history[47]).
Adding SRST signal on $flatten\conv.\impl.$procdff$1289 ($dff) from module conv1d_large_benchmark_top (D = $flatten\conv.\impl.$procmux$933_Y, Q = \conv.impl.history[46], rval = 8'00000000).
Adding EN signal on $auto$ff.cc:266:slice$1340 ($sdff) from module conv1d_large_benchmark_top (D = \conv.impl.history[45], Q = \conv.impl.history[46]).
Adding SRST signal on $flatten\conv.\impl.$procdff$1288 ($dff) from module conv1d_large_benchmark_top (D = $flatten\conv.\impl.$procmux$939_Y, Q = \conv.impl.history[45], rval = 8'00000000).
Adding EN signal on $auto$ff.cc:266:slice$1342 ($sdff) from module conv1d_large_benchmark_top (D = \conv.impl.history[44], Q = \conv.impl.history[45]).
Adding SRST signal on $flatten\conv.\impl.$procdff$1287 ($dff) from module conv1d_large_benchmark_top (D = $flatten\conv.\impl.$procmux$945_Y, Q = \conv.impl.history[44], rval = 8'00000000).
Adding EN signal on $auto$ff.cc:266:slice$1344 ($sdff) from module conv1d_large_benchmark_top (D = \conv.impl.history[43], Q = \conv.impl.history[44]).
Adding SRST signal on $flatten\conv.\impl.$procdff$1286 ($dff) from module conv1d_large_benchmark_top (D = $flatten\conv.\impl.$procmux$951_Y, Q = \conv.impl.history[43], rval = 8'00000000).
Adding EN signal on $auto$ff.cc:266:slice$1346 ($sdff) from module conv1d_large_benchmark_top (D = \conv.impl.history[42], Q = \conv.impl.history[43]).
Adding SRST signal on $flatten\conv.\impl.$procdff$1285 ($dff) from module conv1d_large_benchmark_top (D = $flatten\conv.\impl.$procmux$957_Y, Q = \conv.impl.history[42], rval = 8'00000000).
Adding EN signal on $auto$ff.cc:266:slice$1348 ($sdff) from module conv1d_large_benchmark_top (D = \conv.impl.history[41], Q = \conv.impl.history[42]).
Adding SRST signal on $flatten\conv.\impl.$procdff$1284 ($dff) from module conv1d_large_benchmark_top (D = $flatten\conv.\impl.$procmux$963_Y, Q = \conv.impl.history[41], rval = 8'00000000).
Adding EN signal on $auto$ff.cc:266:slice$1350 ($sdff) from module conv1d_large_benchmark_top (D = \conv.impl.history[40], Q = \conv.impl.history[41]).
Adding SRST signal on $flatten\conv.\impl.$procdff$1283 ($dff) from module conv1d_large_benchmark_top (D = $flatten\conv.\impl.$procmux$969_Y, Q = \conv.impl.history[40], rval = 8'00000000).
Adding EN signal on $auto$ff.cc:266:slice$1352 ($sdff) from module conv1d_large_benchmark_top (D = \conv.impl.history[39], Q = \conv.impl.history[40]).
Adding SRST signal on $flatten\conv.\impl.$procdff$1282 ($dff) from module conv1d_large_benchmark_top (D = $flatten\conv.\impl.$procmux$975_Y, Q = \conv.impl.history[39], rval = 8'00000000).
Adding EN signal on $auto$ff.cc:266:slice$1354 ($sdff) from module conv1d_large_benchmark_top (D = \conv.impl.history[38], Q = \conv.impl.history[39]).
Adding SRST signal on $flatten\conv.\impl.$procdff$1281 ($dff) from module conv1d_large_benchmark_top (D = $flatten\conv.\impl.$procmux$981_Y, Q = \conv.impl.history[38], rval = 8'00000000).
Adding EN signal on $auto$ff.cc:266:slice$1356 ($sdff) from module conv1d_large_benchmark_top (D = \conv.impl.history[37], Q = \conv.impl.history[38]).
Adding SRST signal on $flatten\conv.\impl.$procdff$1280 ($dff) from module conv1d_large_benchmark_top (D = $flatten\conv.\impl.$procmux$987_Y, Q = \conv.impl.history[37], rval = 8'00000000).
Adding EN signal on $auto$ff.cc:266:slice$1358 ($sdff) from module conv1d_large_benchmark_top (D = \conv.impl.history[36], Q = \conv.impl.history[37]).
Adding SRST signal on $flatten\conv.\impl.$procdff$1279 ($dff) from module conv1d_large_benchmark_top (D = $flatten\conv.\impl.$procmux$993_Y, Q = \conv.impl.history[36], rval = 8'00000000).
Adding EN signal on $auto$ff.cc:266:slice$1360 ($sdff) from module conv1d_large_benchmark_top (D = \conv.impl.history[35], Q = \conv.impl.history[36]).
Adding SRST signal on $flatten\conv.\impl.$procdff$1278 ($dff) from module conv1d_large_benchmark_top (D = $flatten\conv.\impl.$procmux$999_Y, Q = \conv.impl.history[35], rval = 8'00000000).
Adding EN signal on $auto$ff.cc:266:slice$1362 ($sdff) from module conv1d_large_benchmark_top (D = \conv.impl.history[34], Q = \conv.impl.history[35]).
Adding SRST signal on $flatten\conv.\impl.$procdff$1277 ($dff) from module conv1d_large_benchmark_top (D = $flatten\conv.\impl.$procmux$1005_Y, Q = \conv.impl.history[34], rval = 8'00000000).
Adding EN signal on $auto$ff.cc:266:slice$1364 ($sdff) from module conv1d_large_benchmark_top (D = \conv.impl.history[33], Q = \conv.impl.history[34]).
Adding SRST signal on $flatten\conv.\impl.$procdff$1276 ($dff) from module conv1d_large_benchmark_top (D = $flatten\conv.\impl.$procmux$1011_Y, Q = \conv.impl.history[33], rval = 8'00000000).
Adding EN signal on $auto$ff.cc:266:slice$1366 ($sdff) from module conv1d_large_benchmark_top (D = \conv.impl.history[32], Q = \conv.impl.history[33]).
Adding SRST signal on $flatten\conv.\impl.$procdff$1275 ($dff) from module conv1d_large_benchmark_top (D = $flatten\conv.\impl.$procmux$1017_Y, Q = \conv.impl.history[32], rval = 8'00000000).
Adding EN signal on $auto$ff.cc:266:slice$1368 ($sdff) from module conv1d_large_benchmark_top (D = \conv.impl.history[31], Q = \conv.impl.history[32]).
Adding SRST signal on $flatten\conv.\impl.$procdff$1274 ($dff) from module conv1d_large_benchmark_top (D = $flatten\conv.\impl.$procmux$1023_Y, Q = \conv.impl.history[31], rval = 8'00000000).
Adding EN signal on $auto$ff.cc:266:slice$1370 ($sdff) from module conv1d_large_benchmark_top (D = \conv.impl.history[30], Q = \conv.impl.history[31]).
Adding SRST signal on $flatten\conv.\impl.$procdff$1273 ($dff) from module conv1d_large_benchmark_top (D = $flatten\conv.\impl.$procmux$1029_Y, Q = \conv.impl.history[30], rval = 8'00000000).
Adding EN signal on $auto$ff.cc:266:slice$1372 ($sdff) from module conv1d_large_benchmark_top (D = \conv.impl.history[29], Q = \conv.impl.history[30]).
Adding SRST signal on $flatten\conv.\impl.$procdff$1272 ($dff) from module conv1d_large_benchmark_top (D = $flatten\conv.\impl.$procmux$1035_Y, Q = \conv.impl.history[29], rval = 8'00000000).
Adding EN signal on $auto$ff.cc:266:slice$1374 ($sdff) from module conv1d_large_benchmark_top (D = \conv.impl.history[28], Q = \conv.impl.history[29]).
Adding SRST signal on $flatten\conv.\impl.$procdff$1271 ($dff) from module conv1d_large_benchmark_top (D = $flatten\conv.\impl.$procmux$1041_Y, Q = \conv.impl.history[28], rval = 8'00000000).
Adding EN signal on $auto$ff.cc:266:slice$1376 ($sdff) from module conv1d_large_benchmark_top (D = \conv.impl.history[27], Q = \conv.impl.history[28]).
Adding SRST signal on $flatten\conv.\impl.$procdff$1270 ($dff) from module conv1d_large_benchmark_top (D = $flatten\conv.\impl.$procmux$1047_Y, Q = \conv.impl.history[27], rval = 8'00000000).
Adding EN signal on $auto$ff.cc:266:slice$1378 ($sdff) from module conv1d_large_benchmark_top (D = \conv.impl.history[26], Q = \conv.impl.history[27]).
Adding SRST signal on $flatten\conv.\impl.$procdff$1269 ($dff) from module conv1d_large_benchmark_top (D = $flatten\conv.\impl.$procmux$1053_Y, Q = \conv.impl.history[26], rval = 8'00000000).
Adding EN signal on $auto$ff.cc:266:slice$1380 ($sdff) from module conv1d_large_benchmark_top (D = \conv.impl.history[25], Q = \conv.impl.history[26]).
Adding SRST signal on $flatten\conv.\impl.$procdff$1268 ($dff) from module conv1d_large_benchmark_top (D = $flatten\conv.\impl.$procmux$1059_Y, Q = \conv.impl.history[25], rval = 8'00000000).
Adding EN signal on $auto$ff.cc:266:slice$1382 ($sdff) from module conv1d_large_benchmark_top (D = \conv.impl.history[24], Q = \conv.impl.history[25]).
Adding SRST signal on $flatten\conv.\impl.$procdff$1267 ($dff) from module conv1d_large_benchmark_top (D = $flatten\conv.\impl.$procmux$1065_Y, Q = \conv.impl.history[24], rval = 8'00000000).
Adding EN signal on $auto$ff.cc:266:slice$1384 ($sdff) from module conv1d_large_benchmark_top (D = \conv.impl.history[23], Q = \conv.impl.history[24]).
Adding SRST signal on $flatten\conv.\impl.$procdff$1266 ($dff) from module conv1d_large_benchmark_top (D = $flatten\conv.\impl.$procmux$1071_Y, Q = \conv.impl.history[23], rval = 8'00000000).
Adding EN signal on $auto$ff.cc:266:slice$1386 ($sdff) from module conv1d_large_benchmark_top (D = \conv.impl.history[22], Q = \conv.impl.history[23]).
Adding SRST signal on $flatten\conv.\impl.$procdff$1265 ($dff) from module conv1d_large_benchmark_top (D = $flatten\conv.\impl.$procmux$1077_Y, Q = \conv.impl.history[22], rval = 8'00000000).
Adding EN signal on $auto$ff.cc:266:slice$1388 ($sdff) from module conv1d_large_benchmark_top (D = \conv.impl.history[21], Q = \conv.impl.history[22]).
Adding SRST signal on $flatten\conv.\impl.$procdff$1264 ($dff) from module conv1d_large_benchmark_top (D = $flatten\conv.\impl.$procmux$1083_Y, Q = \conv.impl.history[21], rval = 8'00000000).
Adding EN signal on $auto$ff.cc:266:slice$1390 ($sdff) from module conv1d_large_benchmark_top (D = \conv.impl.history[20], Q = \conv.impl.history[21]).
Adding SRST signal on $flatten\conv.\impl.$procdff$1263 ($dff) from module conv1d_large_benchmark_top (D = $flatten\conv.\impl.$procmux$1089_Y, Q = \conv.impl.history[20], rval = 8'00000000).
Adding EN signal on $auto$ff.cc:266:slice$1392 ($sdff) from module conv1d_large_benchmark_top (D = \conv.impl.history[19], Q = \conv.impl.history[20]).
Adding SRST signal on $flatten\conv.\impl.$procdff$1262 ($dff) from module conv1d_large_benchmark_top (D = $flatten\conv.\impl.$procmux$1095_Y, Q = \conv.impl.history[19], rval = 8'00000000).
Adding EN signal on $auto$ff.cc:266:slice$1394 ($sdff) from module conv1d_large_benchmark_top (D = \conv.impl.history[18], Q = \conv.impl.history[19]).
Adding SRST signal on $flatten\conv.\impl.$procdff$1261 ($dff) from module conv1d_large_benchmark_top (D = $flatten\conv.\impl.$procmux$1101_Y, Q = \conv.impl.history[18], rval = 8'00000000).
Adding EN signal on $auto$ff.cc:266:slice$1396 ($sdff) from module conv1d_large_benchmark_top (D = \conv.impl.history[17], Q = \conv.impl.history[18]).
Adding SRST signal on $flatten\conv.\impl.$procdff$1260 ($dff) from module conv1d_large_benchmark_top (D = $flatten\conv.\impl.$procmux$1107_Y, Q = \conv.impl.history[17], rval = 8'00000000).
Adding EN signal on $auto$ff.cc:266:slice$1398 ($sdff) from module conv1d_large_benchmark_top (D = \conv.impl.history[16], Q = \conv.impl.history[17]).
Adding SRST signal on $flatten\conv.\impl.$procdff$1259 ($dff) from module conv1d_large_benchmark_top (D = $flatten\conv.\impl.$procmux$1113_Y, Q = \conv.impl.history[16], rval = 8'00000000).
Adding EN signal on $auto$ff.cc:266:slice$1400 ($sdff) from module conv1d_large_benchmark_top (D = \conv.impl.history[15], Q = \conv.impl.history[16]).
Adding SRST signal on $flatten\conv.\impl.$procdff$1258 ($dff) from module conv1d_large_benchmark_top (D = $flatten\conv.\impl.$procmux$1119_Y, Q = \conv.impl.history[15], rval = 8'00000000).
Adding EN signal on $auto$ff.cc:266:slice$1402 ($sdff) from module conv1d_large_benchmark_top (D = \conv.impl.history[14], Q = \conv.impl.history[15]).
Adding SRST signal on $flatten\conv.\impl.$procdff$1257 ($dff) from module conv1d_large_benchmark_top (D = $flatten\conv.\impl.$procmux$1125_Y, Q = \conv.impl.history[14], rval = 8'00000000).
Adding EN signal on $auto$ff.cc:266:slice$1404 ($sdff) from module conv1d_large_benchmark_top (D = \conv.impl.history[13], Q = \conv.impl.history[14]).
Adding SRST signal on $flatten\conv.\impl.$procdff$1256 ($dff) from module conv1d_large_benchmark_top (D = $flatten\conv.\impl.$procmux$1131_Y, Q = \conv.impl.history[13], rval = 8'00000000).
Adding EN signal on $auto$ff.cc:266:slice$1406 ($sdff) from module conv1d_large_benchmark_top (D = \conv.impl.history[12], Q = \conv.impl.history[13]).
Adding SRST signal on $flatten\conv.\impl.$procdff$1255 ($dff) from module conv1d_large_benchmark_top (D = $flatten\conv.\impl.$procmux$1137_Y, Q = \conv.impl.history[12], rval = 8'00000000).
Adding EN signal on $auto$ff.cc:266:slice$1408 ($sdff) from module conv1d_large_benchmark_top (D = \conv.impl.history[11], Q = \conv.impl.history[12]).
Adding SRST signal on $flatten\conv.\impl.$procdff$1254 ($dff) from module conv1d_large_benchmark_top (D = $flatten\conv.\impl.$procmux$1143_Y, Q = \conv.impl.history[11], rval = 8'00000000).
Adding EN signal on $auto$ff.cc:266:slice$1410 ($sdff) from module conv1d_large_benchmark_top (D = \conv.impl.history[10], Q = \conv.impl.history[11]).
Adding SRST signal on $flatten\conv.\impl.$procdff$1253 ($dff) from module conv1d_large_benchmark_top (D = $flatten\conv.\impl.$procmux$1149_Y, Q = \conv.impl.history[10], rval = 8'00000000).
Adding EN signal on $auto$ff.cc:266:slice$1412 ($sdff) from module conv1d_large_benchmark_top (D = \conv.impl.history[9], Q = \conv.impl.history[10]).
Adding SRST signal on $flatten\conv.\impl.$procdff$1252 ($dff) from module conv1d_large_benchmark_top (D = $flatten\conv.\impl.$procmux$1155_Y, Q = \conv.impl.history[9], rval = 8'00000000).
Adding EN signal on $auto$ff.cc:266:slice$1414 ($sdff) from module conv1d_large_benchmark_top (D = \conv.impl.history[8], Q = \conv.impl.history[9]).
Adding SRST signal on $flatten\conv.\impl.$procdff$1251 ($dff) from module conv1d_large_benchmark_top (D = $flatten\conv.\impl.$procmux$1161_Y, Q = \conv.impl.history[8], rval = 8'00000000).
Adding EN signal on $auto$ff.cc:266:slice$1416 ($sdff) from module conv1d_large_benchmark_top (D = \conv.impl.history[7], Q = \conv.impl.history[8]).
Adding SRST signal on $flatten\conv.\impl.$procdff$1250 ($dff) from module conv1d_large_benchmark_top (D = $flatten\conv.\impl.$procmux$1167_Y, Q = \conv.impl.history[7], rval = 8'00000000).
Adding EN signal on $auto$ff.cc:266:slice$1418 ($sdff) from module conv1d_large_benchmark_top (D = \conv.impl.history[6], Q = \conv.impl.history[7]).
Adding SRST signal on $flatten\conv.\impl.$procdff$1249 ($dff) from module conv1d_large_benchmark_top (D = $flatten\conv.\impl.$procmux$1173_Y, Q = \conv.impl.history[6], rval = 8'00000000).
Adding EN signal on $auto$ff.cc:266:slice$1420 ($sdff) from module conv1d_large_benchmark_top (D = \conv.impl.history[5], Q = \conv.impl.history[6]).
Adding SRST signal on $flatten\conv.\impl.$procdff$1248 ($dff) from module conv1d_large_benchmark_top (D = $flatten\conv.\impl.$procmux$1179_Y, Q = \conv.impl.history[5], rval = 8'00000000).
Adding EN signal on $auto$ff.cc:266:slice$1422 ($sdff) from module conv1d_large_benchmark_top (D = \conv.impl.history[4], Q = \conv.impl.history[5]).
Adding SRST signal on $flatten\conv.\impl.$procdff$1247 ($dff) from module conv1d_large_benchmark_top (D = $flatten\conv.\impl.$procmux$1185_Y, Q = \conv.impl.history[4], rval = 8'00000000).
Adding EN signal on $auto$ff.cc:266:slice$1424 ($sdff) from module conv1d_large_benchmark_top (D = \conv.impl.history[3], Q = \conv.impl.history[4]).
Adding SRST signal on $flatten\conv.\impl.$procdff$1246 ($dff) from module conv1d_large_benchmark_top (D = $flatten\conv.\impl.$procmux$1191_Y, Q = \conv.impl.history[3], rval = 8'00000000).
Adding EN signal on $auto$ff.cc:266:slice$1426 ($sdff) from module conv1d_large_benchmark_top (D = \conv.impl.history[2], Q = \conv.impl.history[3]).
Adding SRST signal on $flatten\conv.\impl.$procdff$1245 ($dff) from module conv1d_large_benchmark_top (D = $flatten\conv.\impl.$procmux$1197_Y, Q = \conv.impl.history[2], rval = 8'00000000).
Adding EN signal on $auto$ff.cc:266:slice$1428 ($sdff) from module conv1d_large_benchmark_top (D = \conv.impl.history[1], Q = \conv.impl.history[2]).
Adding SRST signal on $flatten\conv.\impl.$procdff$1244 ($dff) from module conv1d_large_benchmark_top (D = $flatten\conv.\impl.$procmux$1203_Y, Q = \conv.impl.history[1], rval = 8'00000000).
Adding EN signal on $auto$ff.cc:266:slice$1430 ($sdff) from module conv1d_large_benchmark_top (D = \conv.impl.history[0], Q = \conv.impl.history[1]).
Adding SRST signal on $flatten\conv.\impl.$procdff$1243 ($dff) from module conv1d_large_benchmark_top (D = $flatten\conv.\impl.$procmux$1209_Y, Q = \conv.impl.history[0], rval = 8'00000000).
Adding EN signal on $auto$ff.cc:266:slice$1432 ($sdff) from module conv1d_large_benchmark_top (D = \sample_in, Q = \conv.impl.history[0]).
Adding SRST signal on $flatten\conv.\impl.$procdff$1241 ($dff) from module conv1d_large_benchmark_top (D = $flatten\conv.\impl.$procmux$1215_Y, Q = \conv.impl.sample_out, rval = 0).
Adding EN signal on $auto$ff.cc:266:slice$1434 ($sdff) from module conv1d_large_benchmark_top (D = \conv.impl.conv_sum, Q = \conv.impl.sample_out).
Adding SRST signal on $flatten\conv.\impl.$procdff$1240 ($dff) from module conv1d_large_benchmark_top (D = \sample_valid, Q = \conv.impl.output_valid, rval = 1'0).

5.12.7. Executing OPT_CLEAN pass (remove unused cells and wires).
Finding unused cells or wires in module \conv1d_large_benchmark_top..
Removed 129 unused cells and 129 unused wires.
<suppressed ~130 debug messages>

5.12.8. Executing OPT_EXPR pass (perform const folding).
Optimizing module conv1d_large_benchmark_top.

5.12.9. Rerunning OPT passes. (Maybe there is more to do..)

5.12.10. Executing OPT_MUXTREE pass (detect dead branches in mux trees).
Running muxtree optimizer on module \conv1d_large_benchmark_top..
  Creating internal representation of mux trees.
  No muxes found in this module.
Removed 0 multiplexer ports.

5.12.11. Executing OPT_REDUCE pass (consolidate $*mux and $reduce_* inputs).
  Optimizing cells in module \conv1d_large_benchmark_top.
Performed a total of 0 changes.

5.12.12. Executing OPT_MERGE pass (detect identical cells).
Finding identical cells in module `\conv1d_large_benchmark_top'.
Removed a total of 0 cells.

5.12.13. Executing OPT_DFF pass (perform DFF optimizations).

5.12.14. Executing OPT_CLEAN pass (remove unused cells and wires).
Finding unused cells or wires in module \conv1d_large_benchmark_top..

5.12.15. Executing OPT_EXPR pass (perform const folding).
Optimizing module conv1d_large_benchmark_top.

5.12.16. Finished OPT passes. (There is nothing left to do.)

5.13. Executing WREDUCE pass (reducing word size of cells).
Removed top 23 bits (of 32) from port A of cell conv1d_large_benchmark_top.$flatten\conv.\impl.$add$/Users/adarmaori/Desktop/Final$20Project/FPGA/conv1d_large_parallel.v:48$652 ($add).
Removed top 5 bits (of 8) from port B of cell conv1d_large_benchmark_top.$flatten\conv.\impl.$mul$/Users/adarmaori/Desktop/Final$20Project/FPGA/conv1d_large_parallel.v:48$653 ($mul).
Removed top 21 bits (of 32) from port Y of cell conv1d_large_benchmark_top.$flatten\conv.\impl.$mul$/Users/adarmaori/Desktop/Final$20Project/FPGA/conv1d_large_parallel.v:48$653 ($mul).
Removed top 21 bits (of 32) from port B of cell conv1d_large_benchmark_top.$flatten\conv.\impl.$add$/Users/adarmaori/Desktop/Final$20Project/FPGA/conv1d_large_parallel.v:48$654 ($add).
Removed top 24 bits (of 32) from port B of cell conv1d_large_benchmark_top.$flatten\conv.\impl.$add$/Users/adarmaori/Desktop/Final$20Project/FPGA/conv1d_large_parallel.v:48$658 ($add).
Removed top 24 bits (of 32) from port B of cell conv1d_large_benchmark_top.$flatten\conv.\impl.$add$/Users/adarmaori/Desktop/Final$20Project/FPGA/conv1d_large_parallel.v:48$662 ($add).
Removed top 23 bits (of 32) from port B of cell conv1d_large_benchmark_top.$flatten\conv.\impl.$add$/Users/adarmaori/Desktop/Final$20Project/FPGA/conv1d_large_parallel.v:48$664 ($add).
Removed top 23 bits (of 32) from port B of cell conv1d_large_benchmark_top.$flatten\conv.\impl.$add$/Users/adarmaori/Desktop/Final$20Project/FPGA/conv1d_large_parallel.v:48$666 ($add).
Removed top 5 bits (of 8) from port B of cell conv1d_large_benchmark_top.$flatten\conv.\impl.$mul$/Users/adarmaori/Desktop/Final$20Project/FPGA/conv1d_large_parallel.v:48$669 ($mul).
Removed top 21 bits (of 32) from port Y of cell conv1d_large_benchmark_top.$flatten\conv.\impl.$mul$/Users/adarmaori/Desktop/Final$20Project/FPGA/conv1d_large_parallel.v:48$669 ($mul).
Removed top 21 bits (of 32) from port B of cell conv1d_large_benchmark_top.$flatten\conv.\impl.$add$/Users/adarmaori/Desktop/Final$20Project/FPGA/conv1d_large_parallel.v:48$670 ($add).
Removed top 24 bits (of 32) from port B of cell conv1d_large_benchmark_top.$flatten\conv.\impl.$add$/Users/adarmaori/Desktop/Final$20Project/FPGA/conv1d_large_parallel.v:48$674 ($add).
Removed top 24 bits (of 32) from port B of cell conv1d_large_benchmark_top.$flatten\conv.\impl.$add$/Users/adarmaori/Desktop/Final$20Project/FPGA/conv1d_large_parallel.v:48$678 ($add).
Removed top 23 bits (of 32) from port B of cell conv1d_large_benchmark_top.$flatten\conv.\impl.$add$/Users/adarmaori/Desktop/Final$20Project/FPGA/conv1d_large_parallel.v:48$680 ($add).
Removed top 23 bits (of 32) from port B of cell conv1d_large_benchmark_top.$flatten\conv.\impl.$add$/Users/adarmaori/Desktop/Final$20Project/FPGA/conv1d_large_parallel.v:48$682 ($add).
Removed top 5 bits (of 8) from port B of cell conv1d_large_benchmark_top.$flatten\conv.\impl.$mul$/Users/adarmaori/Desktop/Final$20Project/FPGA/conv1d_large_parallel.v:48$685 ($mul).
Removed top 21 bits (of 32) from port Y of cell conv1d_large_benchmark_top.$flatten\conv.\impl.$mul$/Users/adarmaori/Desktop/Final$20Project/FPGA/conv1d_large_parallel.v:48$685 ($mul).
Removed top 21 bits (of 32) from port B of cell conv1d_large_benchmark_top.$flatten\conv.\impl.$add$/Users/adarmaori/Desktop/Final$20Project/FPGA/conv1d_large_parallel.v:48$686 ($add).
Removed top 24 bits (of 32) from port B of cell conv1d_large_benchmark_top.$flatten\conv.\impl.$add$/Users/adarmaori/Desktop/Final$20Project/FPGA/conv1d_large_parallel.v:48$690 ($add).
Removed top 24 bits (of 32) from port B of cell conv1d_large_benchmark_top.$flatten\conv.\impl.$add$/Users/adarmaori/Desktop/Final$20Project/FPGA/conv1d_large_parallel.v:48$694 ($add).
Removed top 23 bits (of 32) from port B of cell conv1d_large_benchmark_top.$flatten\conv.\impl.$add$/Users/adarmaori/Desktop/Final$20Project/FPGA/conv1d_large_parallel.v:48$696 ($add).
Removed top 23 bits (of 32) from port B of cell conv1d_large_benchmark_top.$flatten\conv.\impl.$add$/Users/adarmaori/Desktop/Final$20Project/FPGA/conv1d_large_parallel.v:48$698 ($add).
Removed top 5 bits (of 8) from port B of cell conv1d_large_benchmark_top.$flatten\conv.\impl.$mul$/Users/adarmaori/Desktop/Final$20Project/FPGA/conv1d_large_parallel.v:48$701 ($mul).
Removed top 21 bits (of 32) from port Y of cell conv1d_large_benchmark_top.$flatten\conv.\impl.$mul$/Users/adarmaori/Desktop/Final$20Project/FPGA/conv1d_large_parallel.v:48$701 ($mul).
Removed top 21 bits (of 32) from port B of cell conv1d_large_benchmark_top.$flatten\conv.\impl.$add$/Users/adarmaori/Desktop/Final$20Project/FPGA/conv1d_large_parallel.v:48$702 ($add).
Removed top 24 bits (of 32) from port B of cell conv1d_large_benchmark_top.$flatten\conv.\impl.$add$/Users/adarmaori/Desktop/Final$20Project/FPGA/conv1d_large_parallel.v:48$706 ($add).
Removed top 24 bits (of 32) from port B of cell conv1d_large_benchmark_top.$flatten\conv.\impl.$add$/Users/adarmaori/Desktop/Final$20Project/FPGA/conv1d_large_parallel.v:48$710 ($add).
Removed top 23 bits (of 32) from port B of cell conv1d_large_benchmark_top.$flatten\conv.\impl.$add$/Users/adarmaori/Desktop/Final$20Project/FPGA/conv1d_large_parallel.v:48$712 ($add).
Removed top 23 bits (of 32) from port B of cell conv1d_large_benchmark_top.$flatten\conv.\impl.$add$/Users/adarmaori/Desktop/Final$20Project/FPGA/conv1d_large_parallel.v:48$714 ($add).
Removed top 5 bits (of 8) from port B of cell conv1d_large_benchmark_top.$flatten\conv.\impl.$mul$/Users/adarmaori/Desktop/Final$20Project/FPGA/conv1d_large_parallel.v:48$717 ($mul).
Removed top 21 bits (of 32) from port Y of cell conv1d_large_benchmark_top.$flatten\conv.\impl.$mul$/Users/adarmaori/Desktop/Final$20Project/FPGA/conv1d_large_parallel.v:48$717 ($mul).
Removed top 21 bits (of 32) from port B of cell conv1d_large_benchmark_top.$flatten\conv.\impl.$add$/Users/adarmaori/Desktop/Final$20Project/FPGA/conv1d_large_parallel.v:48$718 ($add).
Removed top 24 bits (of 32) from port B of cell conv1d_large_benchmark_top.$flatten\conv.\impl.$add$/Users/adarmaori/Desktop/Final$20Project/FPGA/conv1d_large_parallel.v:48$722 ($add).
Removed top 24 bits (of 32) from port B of cell conv1d_large_benchmark_top.$flatten\conv.\impl.$add$/Users/adarmaori/Desktop/Final$20Project/FPGA/conv1d_large_parallel.v:48$726 ($add).
Removed top 23 bits (of 32) from port B of cell conv1d_large_benchmark_top.$flatten\conv.\impl.$add$/Users/adarmaori/Desktop/Final$20Project/FPGA/conv1d_large_parallel.v:48$728 ($add).
Removed top 23 bits (of 32) from port B of cell conv1d_large_benchmark_top.$flatten\conv.\impl.$add$/Users/adarmaori/Desktop/Final$20Project/FPGA/conv1d_large_parallel.v:48$730 ($add).
Removed top 5 bits (of 8) from port B of cell conv1d_large_benchmark_top.$flatten\conv.\impl.$mul$/Users/adarmaori/Desktop/Final$20Project/FPGA/conv1d_large_parallel.v:48$733 ($mul).
Removed top 21 bits (of 32) from port Y of cell conv1d_large_benchmark_top.$flatten\conv.\impl.$mul$/Users/adarmaori/Desktop/Final$20Project/FPGA/conv1d_large_parallel.v:48$733 ($mul).
Removed top 21 bits (of 32) from port B of cell conv1d_large_benchmark_top.$flatten\conv.\impl.$add$/Users/adarmaori/Desktop/Final$20Project/FPGA/conv1d_large_parallel.v:48$734 ($add).
Removed top 24 bits (of 32) from port B of cell conv1d_large_benchmark_top.$flatten\conv.\impl.$add$/Users/adarmaori/Desktop/Final$20Project/FPGA/conv1d_large_parallel.v:48$738 ($add).
Removed top 24 bits (of 32) from port B of cell conv1d_large_benchmark_top.$flatten\conv.\impl.$add$/Users/adarmaori/Desktop/Final$20Project/FPGA/conv1d_large_parallel.v:48$742 ($add).
Removed top 23 bits (of 32) from port B of cell conv1d_large_benchmark_top.$flatten\conv.\impl.$add$/Users/adarmaori/Desktop/Final$20Project/FPGA/conv1d_large_parallel.v:48$744 ($add).
Removed top 23 bits (of 32) from port B of cell conv1d_large_benchmark_top.$flatten\conv.\impl.$add$/Users/adarmaori/Desktop/Final$20Project/FPGA/conv1d_large_parallel.v:48$746 ($add).
Removed top 5 bits (of 8) from port B of cell conv1d_large_benchmark_top.$flatten\conv.\impl.$mul$/Users/adarmaori/Desktop/Final$20Project/FPGA/conv1d_large_parallel.v:48$749 ($mul).
Removed top 21 bits (of 32) from port Y of cell conv1d_large_benchmark_top.$flatten\conv.\impl.$mul$/Users/adarmaori/Desktop/Final$20Project/FPGA/conv1d_large_parallel.v:48$749 ($mul).
Removed top 21 bits (of 32) from port B of cell conv1d_large_benchmark_top.$flatten\conv.\impl.$add$/Users/adarmaori/Desktop/Final$20Project/FPGA/conv1d_large_parallel.v:48$750 ($add).
Removed top 24 bits (of 32) from port B of cell conv1d_large_benchmark_top.$flatten\conv.\impl.$add$/Users/adarmaori/Desktop/Final$20Project/FPGA/conv1d_large_parallel.v:48$754 ($add).
Removed top 24 bits (of 32) from port B of cell conv1d_large_benchmark_top.$flatten\conv.\impl.$add$/Users/adarmaori/Desktop/Final$20Project/FPGA/conv1d_large_parallel.v:48$758 ($add).
Removed top 23 bits (of 32) from port B of cell conv1d_large_benchmark_top.$flatten\conv.\impl.$add$/Users/adarmaori/Desktop/Final$20Project/FPGA/conv1d_large_parallel.v:48$760 ($add).
Removed top 23 bits (of 32) from port B of cell conv1d_large_benchmark_top.$flatten\conv.\impl.$add$/Users/adarmaori/Desktop/Final$20Project/FPGA/conv1d_large_parallel.v:48$762 ($add).
Removed top 5 bits (of 8) from port B of cell conv1d_large_benchmark_top.$flatten\conv.\impl.$mul$/Users/adarmaori/Desktop/Final$20Project/FPGA/conv1d_large_parallel.v:48$765 ($mul).
Removed top 21 bits (of 32) from port Y of cell conv1d_large_benchmark_top.$flatten\conv.\impl.$mul$/Users/adarmaori/Desktop/Final$20Project/FPGA/conv1d_large_parallel.v:48$765 ($mul).
Removed top 21 bits (of 32) from port B of cell conv1d_large_benchmark_top.$flatten\conv.\impl.$add$/Users/adarmaori/Desktop/Final$20Project/FPGA/conv1d_large_parallel.v:48$766 ($add).
Removed top 24 bits (of 32) from port B of cell conv1d_large_benchmark_top.$flatten\conv.\impl.$add$/Users/adarmaori/Desktop/Final$20Project/FPGA/conv1d_large_parallel.v:48$770 ($add).
Removed top 24 bits (of 32) from port B of cell conv1d_large_benchmark_top.$flatten\conv.\impl.$add$/Users/adarmaori/Desktop/Final$20Project/FPGA/conv1d_large_parallel.v:48$774 ($add).
Removed top 23 bits (of 32) from port B of cell conv1d_large_benchmark_top.$flatten\conv.\impl.$add$/Users/adarmaori/Desktop/Final$20Project/FPGA/conv1d_large_parallel.v:48$776 ($add).

5.14. Executing PEEPOPT pass (run peephole optimizers).

5.15. Executing OPT_CLEAN pass (remove unused cells and wires).
Finding unused cells or wires in module \conv1d_large_benchmark_top..

5.16. Executing SHARE pass (SAT-based resource sharing).

5.17. Executing TECHMAP pass (map to technology primitives).

5.17.1. Executing Verilog-2005 frontend: /opt/homebrew/bin/../share/yosys/cmp2lut.v
Parsing Verilog input from `/opt/homebrew/bin/../share/yosys/cmp2lut.v' to AST representation.
Generating RTLIL representation for module `\_90_lut_cmp_'.
Successfully finished Verilog frontend.

5.17.2. Continuing TECHMAP pass.
No more expansions possible.
<suppressed ~6 debug messages>

5.18. Executing OPT_EXPR pass (perform const folding).
Optimizing module conv1d_large_benchmark_top.

5.19. Executing OPT_CLEAN pass (remove unused cells and wires).
Finding unused cells or wires in module \conv1d_large_benchmark_top..

5.20. Executing ALUMACC pass (create $alu and $macc cells).
Extracting $alu and $macc cells in module conv1d_large_benchmark_top:
  creating $macc model for $flatten\conv.\impl.$add$/Users/adarmaori/Desktop/Final$20Project/FPGA/conv1d_large_parallel.v:48$652 ($add).
  creating $macc model for $flatten\conv.\impl.$add$/Users/adarmaori/Desktop/Final$20Project/FPGA/conv1d_large_parallel.v:48$654 ($add).
  creating $macc model for $flatten\conv.\impl.$add$/Users/adarmaori/Desktop/Final$20Project/FPGA/conv1d_large_parallel.v:48$658 ($add).
  creating $macc model for $flatten\conv.\impl.$add$/Users/adarmaori/Desktop/Final$20Project/FPGA/conv1d_large_parallel.v:48$660 ($add).
  creating $macc model for $flatten\conv.\impl.$add$/Users/adarmaori/Desktop/Final$20Project/FPGA/conv1d_large_parallel.v:48$662 ($add).
  creating $macc model for $flatten\conv.\impl.$add$/Users/adarmaori/Desktop/Final$20Project/FPGA/conv1d_large_parallel.v:48$664 ($add).
  creating $macc model for $flatten\conv.\impl.$add$/Users/adarmaori/Desktop/Final$20Project/FPGA/conv1d_large_parallel.v:48$666 ($add).
  creating $macc model for $flatten\conv.\impl.$add$/Users/adarmaori/Desktop/Final$20Project/FPGA/conv1d_large_parallel.v:48$668 ($add).
  creating $macc model for $flatten\conv.\impl.$add$/Users/adarmaori/Desktop/Final$20Project/FPGA/conv1d_large_parallel.v:48$670 ($add).
  creating $macc model for $flatten\conv.\impl.$add$/Users/adarmaori/Desktop/Final$20Project/FPGA/conv1d_large_parallel.v:48$674 ($add).
  creating $macc model for $flatten\conv.\impl.$add$/Users/adarmaori/Desktop/Final$20Project/FPGA/conv1d_large_parallel.v:48$676 ($add).
  creating $macc model for $flatten\conv.\impl.$add$/Users/adarmaori/Desktop/Final$20Project/FPGA/conv1d_large_parallel.v:48$678 ($add).
  creating $macc model for $flatten\conv.\impl.$add$/Users/adarmaori/Desktop/Final$20Project/FPGA/conv1d_large_parallel.v:48$680 ($add).
  creating $macc model for $flatten\conv.\impl.$add$/Users/adarmaori/Desktop/Final$20Project/FPGA/conv1d_large_parallel.v:48$682 ($add).
  creating $macc model for $flatten\conv.\impl.$add$/Users/adarmaori/Desktop/Final$20Project/FPGA/conv1d_large_parallel.v:48$684 ($add).
  creating $macc model for $flatten\conv.\impl.$add$/Users/adarmaori/Desktop/Final$20Project/FPGA/conv1d_large_parallel.v:48$686 ($add).
  creating $macc model for $flatten\conv.\impl.$add$/Users/adarmaori/Desktop/Final$20Project/FPGA/conv1d_large_parallel.v:48$690 ($add).
  creating $macc model for $flatten\conv.\impl.$add$/Users/adarmaori/Desktop/Final$20Project/FPGA/conv1d_large_parallel.v:48$692 ($add).
  creating $macc model for $flatten\conv.\impl.$add$/Users/adarmaori/Desktop/Final$20Project/FPGA/conv1d_large_parallel.v:48$694 ($add).
  creating $macc model for $flatten\conv.\impl.$add$/Users/adarmaori/Desktop/Final$20Project/FPGA/conv1d_large_parallel.v:48$696 ($add).
  creating $macc model for $flatten\conv.\impl.$add$/Users/adarmaori/Desktop/Final$20Project/FPGA/conv1d_large_parallel.v:48$698 ($add).
  creating $macc model for $flatten\conv.\impl.$add$/Users/adarmaori/Desktop/Final$20Project/FPGA/conv1d_large_parallel.v:48$700 ($add).
  creating $macc model for $flatten\conv.\impl.$add$/Users/adarmaori/Desktop/Final$20Project/FPGA/conv1d_large_parallel.v:48$702 ($add).
  creating $macc model for $flatten\conv.\impl.$add$/Users/adarmaori/Desktop/Final$20Project/FPGA/conv1d_large_parallel.v:48$706 ($add).
  creating $macc model for $flatten\conv.\impl.$add$/Users/adarmaori/Desktop/Final$20Project/FPGA/conv1d_large_parallel.v:48$708 ($add).
  creating $macc model for $flatten\conv.\impl.$add$/Users/adarmaori/Desktop/Final$20Project/FPGA/conv1d_large_parallel.v:48$710 ($add).
  creating $macc model for $flatten\conv.\impl.$add$/Users/adarmaori/Desktop/Final$20Project/FPGA/conv1d_large_parallel.v:48$712 ($add).
  creating $macc model for $flatten\conv.\impl.$add$/Users/adarmaori/Desktop/Final$20Project/FPGA/conv1d_large_parallel.v:48$714 ($add).
  creating $macc model for $flatten\conv.\impl.$add$/Users/adarmaori/Desktop/Final$20Project/FPGA/conv1d_large_parallel.v:48$716 ($add).
  creating $macc model for $flatten\conv.\impl.$add$/Users/adarmaori/Desktop/Final$20Project/FPGA/conv1d_large_parallel.v:48$718 ($add).
  creating $macc model for $flatten\conv.\impl.$add$/Users/adarmaori/Desktop/Final$20Project/FPGA/conv1d_large_parallel.v:48$722 ($add).
  creating $macc model for $flatten\conv.\impl.$add$/Users/adarmaori/Desktop/Final$20Project/FPGA/conv1d_large_parallel.v:48$724 ($add).
  creating $macc model for $flatten\conv.\impl.$add$/Users/adarmaori/Desktop/Final$20Project/FPGA/conv1d_large_parallel.v:48$726 ($add).
  creating $macc model for $flatten\conv.\impl.$add$/Users/adarmaori/Desktop/Final$20Project/FPGA/conv1d_large_parallel.v:48$728 ($add).
  creating $macc model for $flatten\conv.\impl.$add$/Users/adarmaori/Desktop/Final$20Project/FPGA/conv1d_large_parallel.v:48$730 ($add).
  creating $macc model for $flatten\conv.\impl.$add$/Users/adarmaori/Desktop/Final$20Project/FPGA/conv1d_large_parallel.v:48$732 ($add).
  creating $macc model for $flatten\conv.\impl.$add$/Users/adarmaori/Desktop/Final$20Project/FPGA/conv1d_large_parallel.v:48$734 ($add).
  creating $macc model for $flatten\conv.\impl.$add$/Users/adarmaori/Desktop/Final$20Project/FPGA/conv1d_large_parallel.v:48$738 ($add).
  creating $macc model for $flatten\conv.\impl.$add$/Users/adarmaori/Desktop/Final$20Project/FPGA/conv1d_large_parallel.v:48$740 ($add).
  creating $macc model for $flatten\conv.\impl.$add$/Users/adarmaori/Desktop/Final$20Project/FPGA/conv1d_large_parallel.v:48$742 ($add).
  creating $macc model for $flatten\conv.\impl.$add$/Users/adarmaori/Desktop/Final$20Project/FPGA/conv1d_large_parallel.v:48$744 ($add).
  creating $macc model for $flatten\conv.\impl.$add$/Users/adarmaori/Desktop/Final$20Project/FPGA/conv1d_large_parallel.v:48$746 ($add).
  creating $macc model for $flatten\conv.\impl.$add$/Users/adarmaori/Desktop/Final$20Project/FPGA/conv1d_large_parallel.v:48$748 ($add).
  creating $macc model for $flatten\conv.\impl.$add$/Users/adarmaori/Desktop/Final$20Project/FPGA/conv1d_large_parallel.v:48$750 ($add).
  creating $macc model for $flatten\conv.\impl.$add$/Users/adarmaori/Desktop/Final$20Project/FPGA/conv1d_large_parallel.v:48$754 ($add).
  creating $macc model for $flatten\conv.\impl.$add$/Users/adarmaori/Desktop/Final$20Project/FPGA/conv1d_large_parallel.v:48$756 ($add).
  creating $macc model for $flatten\conv.\impl.$add$/Users/adarmaori/Desktop/Final$20Project/FPGA/conv1d_large_parallel.v:48$758 ($add).
  creating $macc model for $flatten\conv.\impl.$add$/Users/adarmaori/Desktop/Final$20Project/FPGA/conv1d_large_parallel.v:48$760 ($add).
  creating $macc model for $flatten\conv.\impl.$add$/Users/adarmaori/Desktop/Final$20Project/FPGA/conv1d_large_parallel.v:48$762 ($add).
  creating $macc model for $flatten\conv.\impl.$add$/Users/adarmaori/Desktop/Final$20Project/FPGA/conv1d_large_parallel.v:48$764 ($add).
  creating $macc model for $flatten\conv.\impl.$add$/Users/adarmaori/Desktop/Final$20Project/FPGA/conv1d_large_parallel.v:48$766 ($add).
  creating $macc model for $flatten\conv.\impl.$add$/Users/adarmaori/Desktop/Final$20Project/FPGA/conv1d_large_parallel.v:48$770 ($add).
  creating $macc model for $flatten\conv.\impl.$add$/Users/adarmaori/Desktop/Final$20Project/FPGA/conv1d_large_parallel.v:48$772 ($add).
  creating $macc model for $flatten\conv.\impl.$add$/Users/adarmaori/Desktop/Final$20Project/FPGA/conv1d_large_parallel.v:48$774 ($add).
  creating $macc model for $flatten\conv.\impl.$add$/Users/adarmaori/Desktop/Final$20Project/FPGA/conv1d_large_parallel.v:48$776 ($add).
  creating $macc model for $flatten\conv.\impl.$mul$/Users/adarmaori/Desktop/Final$20Project/FPGA/conv1d_large_parallel.v:48$651 ($neg).
  creating $macc model for $flatten\conv.\impl.$mul$/Users/adarmaori/Desktop/Final$20Project/FPGA/conv1d_large_parallel.v:48$653 ($mul).
  creating $macc model for $flatten\conv.\impl.$mul$/Users/adarmaori/Desktop/Final$20Project/FPGA/conv1d_large_parallel.v:48$659 ($neg).
  creating $macc model for $flatten\conv.\impl.$mul$/Users/adarmaori/Desktop/Final$20Project/FPGA/conv1d_large_parallel.v:48$667 ($neg).
  creating $macc model for $flatten\conv.\impl.$mul$/Users/adarmaori/Desktop/Final$20Project/FPGA/conv1d_large_parallel.v:48$669 ($mul).
  creating $macc model for $flatten\conv.\impl.$mul$/Users/adarmaori/Desktop/Final$20Project/FPGA/conv1d_large_parallel.v:48$675 ($neg).
  creating $macc model for $flatten\conv.\impl.$mul$/Users/adarmaori/Desktop/Final$20Project/FPGA/conv1d_large_parallel.v:48$683 ($neg).
  creating $macc model for $flatten\conv.\impl.$mul$/Users/adarmaori/Desktop/Final$20Project/FPGA/conv1d_large_parallel.v:48$685 ($mul).
  creating $macc model for $flatten\conv.\impl.$mul$/Users/adarmaori/Desktop/Final$20Project/FPGA/conv1d_large_parallel.v:48$691 ($neg).
  creating $macc model for $flatten\conv.\impl.$mul$/Users/adarmaori/Desktop/Final$20Project/FPGA/conv1d_large_parallel.v:48$699 ($neg).
  creating $macc model for $flatten\conv.\impl.$mul$/Users/adarmaori/Desktop/Final$20Project/FPGA/conv1d_large_parallel.v:48$701 ($mul).
  creating $macc model for $flatten\conv.\impl.$mul$/Users/adarmaori/Desktop/Final$20Project/FPGA/conv1d_large_parallel.v:48$707 ($neg).
  creating $macc model for $flatten\conv.\impl.$mul$/Users/adarmaori/Desktop/Final$20Project/FPGA/conv1d_large_parallel.v:48$715 ($neg).
  creating $macc model for $flatten\conv.\impl.$mul$/Users/adarmaori/Desktop/Final$20Project/FPGA/conv1d_large_parallel.v:48$717 ($mul).
  creating $macc model for $flatten\conv.\impl.$mul$/Users/adarmaori/Desktop/Final$20Project/FPGA/conv1d_large_parallel.v:48$723 ($neg).
  creating $macc model for $flatten\conv.\impl.$mul$/Users/adarmaori/Desktop/Final$20Project/FPGA/conv1d_large_parallel.v:48$731 ($neg).
  creating $macc model for $flatten\conv.\impl.$mul$/Users/adarmaori/Desktop/Final$20Project/FPGA/conv1d_large_parallel.v:48$733 ($mul).
  creating $macc model for $flatten\conv.\impl.$mul$/Users/adarmaori/Desktop/Final$20Project/FPGA/conv1d_large_parallel.v:48$739 ($neg).
  creating $macc model for $flatten\conv.\impl.$mul$/Users/adarmaori/Desktop/Final$20Project/FPGA/conv1d_large_parallel.v:48$747 ($neg).
  creating $macc model for $flatten\conv.\impl.$mul$/Users/adarmaori/Desktop/Final$20Project/FPGA/conv1d_large_parallel.v:48$749 ($mul).
  creating $macc model for $flatten\conv.\impl.$mul$/Users/adarmaori/Desktop/Final$20Project/FPGA/conv1d_large_parallel.v:48$755 ($neg).
  creating $macc model for $flatten\conv.\impl.$mul$/Users/adarmaori/Desktop/Final$20Project/FPGA/conv1d_large_parallel.v:48$763 ($neg).
  creating $macc model for $flatten\conv.\impl.$mul$/Users/adarmaori/Desktop/Final$20Project/FPGA/conv1d_large_parallel.v:48$765 ($mul).
  creating $macc model for $flatten\conv.\impl.$mul$/Users/adarmaori/Desktop/Final$20Project/FPGA/conv1d_large_parallel.v:48$771 ($neg).
  merging $macc model for $flatten\conv.\impl.$add$/Users/adarmaori/Desktop/Final$20Project/FPGA/conv1d_large_parallel.v:48$774 into $flatten\conv.\impl.$add$/Users/adarmaori/Desktop/Final$20Project/FPGA/conv1d_large_parallel.v:48$776.
  merging $macc model for $flatten\conv.\impl.$add$/Users/adarmaori/Desktop/Final$20Project/FPGA/conv1d_large_parallel.v:48$772 into $flatten\conv.\impl.$add$/Users/adarmaori/Desktop/Final$20Project/FPGA/conv1d_large_parallel.v:48$776.
  merging $macc model for $flatten\conv.\impl.$add$/Users/adarmaori/Desktop/Final$20Project/FPGA/conv1d_large_parallel.v:48$770 into $flatten\conv.\impl.$add$/Users/adarmaori/Desktop/Final$20Project/FPGA/conv1d_large_parallel.v:48$776.
  merging $macc model for $flatten\conv.\impl.$add$/Users/adarmaori/Desktop/Final$20Project/FPGA/conv1d_large_parallel.v:48$766 into $flatten\conv.\impl.$add$/Users/adarmaori/Desktop/Final$20Project/FPGA/conv1d_large_parallel.v:48$776.
  merging $macc model for $flatten\conv.\impl.$add$/Users/adarmaori/Desktop/Final$20Project/FPGA/conv1d_large_parallel.v:48$764 into $flatten\conv.\impl.$add$/Users/adarmaori/Desktop/Final$20Project/FPGA/conv1d_large_parallel.v:48$776.
  merging $macc model for $flatten\conv.\impl.$add$/Users/adarmaori/Desktop/Final$20Project/FPGA/conv1d_large_parallel.v:48$762 into $flatten\conv.\impl.$add$/Users/adarmaori/Desktop/Final$20Project/FPGA/conv1d_large_parallel.v:48$776.
  merging $macc model for $flatten\conv.\impl.$add$/Users/adarmaori/Desktop/Final$20Project/FPGA/conv1d_large_parallel.v:48$760 into $flatten\conv.\impl.$add$/Users/adarmaori/Desktop/Final$20Project/FPGA/conv1d_large_parallel.v:48$776.
  merging $macc model for $flatten\conv.\impl.$add$/Users/adarmaori/Desktop/Final$20Project/FPGA/conv1d_large_parallel.v:48$758 into $flatten\conv.\impl.$add$/Users/adarmaori/Desktop/Final$20Project/FPGA/conv1d_large_parallel.v:48$776.
  merging $macc model for $flatten\conv.\impl.$add$/Users/adarmaori/Desktop/Final$20Project/FPGA/conv1d_large_parallel.v:48$756 into $flatten\conv.\impl.$add$/Users/adarmaori/Desktop/Final$20Project/FPGA/conv1d_large_parallel.v:48$776.
  merging $macc model for $flatten\conv.\impl.$add$/Users/adarmaori/Desktop/Final$20Project/FPGA/conv1d_large_parallel.v:48$754 into $flatten\conv.\impl.$add$/Users/adarmaori/Desktop/Final$20Project/FPGA/conv1d_large_parallel.v:48$776.
  merging $macc model for $flatten\conv.\impl.$add$/Users/adarmaori/Desktop/Final$20Project/FPGA/conv1d_large_parallel.v:48$750 into $flatten\conv.\impl.$add$/Users/adarmaori/Desktop/Final$20Project/FPGA/conv1d_large_parallel.v:48$776.
  merging $macc model for $flatten\conv.\impl.$add$/Users/adarmaori/Desktop/Final$20Project/FPGA/conv1d_large_parallel.v:48$748 into $flatten\conv.\impl.$add$/Users/adarmaori/Desktop/Final$20Project/FPGA/conv1d_large_parallel.v:48$776.
  merging $macc model for $flatten\conv.\impl.$add$/Users/adarmaori/Desktop/Final$20Project/FPGA/conv1d_large_parallel.v:48$746 into $flatten\conv.\impl.$add$/Users/adarmaori/Desktop/Final$20Project/FPGA/conv1d_large_parallel.v:48$776.
  merging $macc model for $flatten\conv.\impl.$add$/Users/adarmaori/Desktop/Final$20Project/FPGA/conv1d_large_parallel.v:48$744 into $flatten\conv.\impl.$add$/Users/adarmaori/Desktop/Final$20Project/FPGA/conv1d_large_parallel.v:48$776.
  merging $macc model for $flatten\conv.\impl.$add$/Users/adarmaori/Desktop/Final$20Project/FPGA/conv1d_large_parallel.v:48$742 into $flatten\conv.\impl.$add$/Users/adarmaori/Desktop/Final$20Project/FPGA/conv1d_large_parallel.v:48$776.
  merging $macc model for $flatten\conv.\impl.$add$/Users/adarmaori/Desktop/Final$20Project/FPGA/conv1d_large_parallel.v:48$740 into $flatten\conv.\impl.$add$/Users/adarmaori/Desktop/Final$20Project/FPGA/conv1d_large_parallel.v:48$776.
  merging $macc model for $flatten\conv.\impl.$add$/Users/adarmaori/Desktop/Final$20Project/FPGA/conv1d_large_parallel.v:48$738 into $flatten\conv.\impl.$add$/Users/adarmaori/Desktop/Final$20Project/FPGA/conv1d_large_parallel.v:48$776.
  merging $macc model for $flatten\conv.\impl.$add$/Users/adarmaori/Desktop/Final$20Project/FPGA/conv1d_large_parallel.v:48$734 into $flatten\conv.\impl.$add$/Users/adarmaori/Desktop/Final$20Project/FPGA/conv1d_large_parallel.v:48$776.
  merging $macc model for $flatten\conv.\impl.$add$/Users/adarmaori/Desktop/Final$20Project/FPGA/conv1d_large_parallel.v:48$732 into $flatten\conv.\impl.$add$/Users/adarmaori/Desktop/Final$20Project/FPGA/conv1d_large_parallel.v:48$776.
  merging $macc model for $flatten\conv.\impl.$add$/Users/adarmaori/Desktop/Final$20Project/FPGA/conv1d_large_parallel.v:48$730 into $flatten\conv.\impl.$add$/Users/adarmaori/Desktop/Final$20Project/FPGA/conv1d_large_parallel.v:48$776.
  merging $macc model for $flatten\conv.\impl.$add$/Users/adarmaori/Desktop/Final$20Project/FPGA/conv1d_large_parallel.v:48$728 into $flatten\conv.\impl.$add$/Users/adarmaori/Desktop/Final$20Project/FPGA/conv1d_large_parallel.v:48$776.
  merging $macc model for $flatten\conv.\impl.$add$/Users/adarmaori/Desktop/Final$20Project/FPGA/conv1d_large_parallel.v:48$726 into $flatten\conv.\impl.$add$/Users/adarmaori/Desktop/Final$20Project/FPGA/conv1d_large_parallel.v:48$776.
  merging $macc model for $flatten\conv.\impl.$add$/Users/adarmaori/Desktop/Final$20Project/FPGA/conv1d_large_parallel.v:48$724 into $flatten\conv.\impl.$add$/Users/adarmaori/Desktop/Final$20Project/FPGA/conv1d_large_parallel.v:48$776.
  merging $macc model for $flatten\conv.\impl.$add$/Users/adarmaori/Desktop/Final$20Project/FPGA/conv1d_large_parallel.v:48$722 into $flatten\conv.\impl.$add$/Users/adarmaori/Desktop/Final$20Project/FPGA/conv1d_large_parallel.v:48$776.
  merging $macc model for $flatten\conv.\impl.$add$/Users/adarmaori/Desktop/Final$20Project/FPGA/conv1d_large_parallel.v:48$718 into $flatten\conv.\impl.$add$/Users/adarmaori/Desktop/Final$20Project/FPGA/conv1d_large_parallel.v:48$776.
  merging $macc model for $flatten\conv.\impl.$add$/Users/adarmaori/Desktop/Final$20Project/FPGA/conv1d_large_parallel.v:48$716 into $flatten\conv.\impl.$add$/Users/adarmaori/Desktop/Final$20Project/FPGA/conv1d_large_parallel.v:48$776.
  merging $macc model for $flatten\conv.\impl.$add$/Users/adarmaori/Desktop/Final$20Project/FPGA/conv1d_large_parallel.v:48$714 into $flatten\conv.\impl.$add$/Users/adarmaori/Desktop/Final$20Project/FPGA/conv1d_large_parallel.v:48$776.
  merging $macc model for $flatten\conv.\impl.$add$/Users/adarmaori/Desktop/Final$20Project/FPGA/conv1d_large_parallel.v:48$712 into $flatten\conv.\impl.$add$/Users/adarmaori/Desktop/Final$20Project/FPGA/conv1d_large_parallel.v:48$776.
  merging $macc model for $flatten\conv.\impl.$add$/Users/adarmaori/Desktop/Final$20Project/FPGA/conv1d_large_parallel.v:48$710 into $flatten\conv.\impl.$add$/Users/adarmaori/Desktop/Final$20Project/FPGA/conv1d_large_parallel.v:48$776.
  merging $macc model for $flatten\conv.\impl.$add$/Users/adarmaori/Desktop/Final$20Project/FPGA/conv1d_large_parallel.v:48$708 into $flatten\conv.\impl.$add$/Users/adarmaori/Desktop/Final$20Project/FPGA/conv1d_large_parallel.v:48$776.
  merging $macc model for $flatten\conv.\impl.$add$/Users/adarmaori/Desktop/Final$20Project/FPGA/conv1d_large_parallel.v:48$706 into $flatten\conv.\impl.$add$/Users/adarmaori/Desktop/Final$20Project/FPGA/conv1d_large_parallel.v:48$776.
  merging $macc model for $flatten\conv.\impl.$add$/Users/adarmaori/Desktop/Final$20Project/FPGA/conv1d_large_parallel.v:48$702 into $flatten\conv.\impl.$add$/Users/adarmaori/Desktop/Final$20Project/FPGA/conv1d_large_parallel.v:48$776.
  merging $macc model for $flatten\conv.\impl.$add$/Users/adarmaori/Desktop/Final$20Project/FPGA/conv1d_large_parallel.v:48$700 into $flatten\conv.\impl.$add$/Users/adarmaori/Desktop/Final$20Project/FPGA/conv1d_large_parallel.v:48$776.
  merging $macc model for $flatten\conv.\impl.$add$/Users/adarmaori/Desktop/Final$20Project/FPGA/conv1d_large_parallel.v:48$698 into $flatten\conv.\impl.$add$/Users/adarmaori/Desktop/Final$20Project/FPGA/conv1d_large_parallel.v:48$776.
  merging $macc model for $flatten\conv.\impl.$add$/Users/adarmaori/Desktop/Final$20Project/FPGA/conv1d_large_parallel.v:48$696 into $flatten\conv.\impl.$add$/Users/adarmaori/Desktop/Final$20Project/FPGA/conv1d_large_parallel.v:48$776.
  merging $macc model for $flatten\conv.\impl.$add$/Users/adarmaori/Desktop/Final$20Project/FPGA/conv1d_large_parallel.v:48$694 into $flatten\conv.\impl.$add$/Users/adarmaori/Desktop/Final$20Project/FPGA/conv1d_large_parallel.v:48$776.
  merging $macc model for $flatten\conv.\impl.$add$/Users/adarmaori/Desktop/Final$20Project/FPGA/conv1d_large_parallel.v:48$692 into $flatten\conv.\impl.$add$/Users/adarmaori/Desktop/Final$20Project/FPGA/conv1d_large_parallel.v:48$776.
  merging $macc model for $flatten\conv.\impl.$add$/Users/adarmaori/Desktop/Final$20Project/FPGA/conv1d_large_parallel.v:48$690 into $flatten\conv.\impl.$add$/Users/adarmaori/Desktop/Final$20Project/FPGA/conv1d_large_parallel.v:48$776.
  merging $macc model for $flatten\conv.\impl.$add$/Users/adarmaori/Desktop/Final$20Project/FPGA/conv1d_large_parallel.v:48$686 into $flatten\conv.\impl.$add$/Users/adarmaori/Desktop/Final$20Project/FPGA/conv1d_large_parallel.v:48$776.
  merging $macc model for $flatten\conv.\impl.$add$/Users/adarmaori/Desktop/Final$20Project/FPGA/conv1d_large_parallel.v:48$684 into $flatten\conv.\impl.$add$/Users/adarmaori/Desktop/Final$20Project/FPGA/conv1d_large_parallel.v:48$776.
  merging $macc model for $flatten\conv.\impl.$add$/Users/adarmaori/Desktop/Final$20Project/FPGA/conv1d_large_parallel.v:48$682 into $flatten\conv.\impl.$add$/Users/adarmaori/Desktop/Final$20Project/FPGA/conv1d_large_parallel.v:48$776.
  merging $macc model for $flatten\conv.\impl.$add$/Users/adarmaori/Desktop/Final$20Project/FPGA/conv1d_large_parallel.v:48$680 into $flatten\conv.\impl.$add$/Users/adarmaori/Desktop/Final$20Project/FPGA/conv1d_large_parallel.v:48$776.
  merging $macc model for $flatten\conv.\impl.$add$/Users/adarmaori/Desktop/Final$20Project/FPGA/conv1d_large_parallel.v:48$678 into $flatten\conv.\impl.$add$/Users/adarmaori/Desktop/Final$20Project/FPGA/conv1d_large_parallel.v:48$776.
  merging $macc model for $flatten\conv.\impl.$add$/Users/adarmaori/Desktop/Final$20Project/FPGA/conv1d_large_parallel.v:48$676 into $flatten\conv.\impl.$add$/Users/adarmaori/Desktop/Final$20Project/FPGA/conv1d_large_parallel.v:48$776.
  merging $macc model for $flatten\conv.\impl.$add$/Users/adarmaori/Desktop/Final$20Project/FPGA/conv1d_large_parallel.v:48$674 into $flatten\conv.\impl.$add$/Users/adarmaori/Desktop/Final$20Project/FPGA/conv1d_large_parallel.v:48$776.
  merging $macc model for $flatten\conv.\impl.$add$/Users/adarmaori/Desktop/Final$20Project/FPGA/conv1d_large_parallel.v:48$670 into $flatten\conv.\impl.$add$/Users/adarmaori/Desktop/Final$20Project/FPGA/conv1d_large_parallel.v:48$776.
  merging $macc model for $flatten\conv.\impl.$add$/Users/adarmaori/Desktop/Final$20Project/FPGA/conv1d_large_parallel.v:48$668 into $flatten\conv.\impl.$add$/Users/adarmaori/Desktop/Final$20Project/FPGA/conv1d_large_parallel.v:48$776.
  merging $macc model for $flatten\conv.\impl.$add$/Users/adarmaori/Desktop/Final$20Project/FPGA/conv1d_large_parallel.v:48$666 into $flatten\conv.\impl.$add$/Users/adarmaori/Desktop/Final$20Project/FPGA/conv1d_large_parallel.v:48$776.
  merging $macc model for $flatten\conv.\impl.$add$/Users/adarmaori/Desktop/Final$20Project/FPGA/conv1d_large_parallel.v:48$664 into $flatten\conv.\impl.$add$/Users/adarmaori/Desktop/Final$20Project/FPGA/conv1d_large_parallel.v:48$776.
  merging $macc model for $flatten\conv.\impl.$add$/Users/adarmaori/Desktop/Final$20Project/FPGA/conv1d_large_parallel.v:48$662 into $flatten\conv.\impl.$add$/Users/adarmaori/Desktop/Final$20Project/FPGA/conv1d_large_parallel.v:48$776.
  merging $macc model for $flatten\conv.\impl.$add$/Users/adarmaori/Desktop/Final$20Project/FPGA/conv1d_large_parallel.v:48$660 into $flatten\conv.\impl.$add$/Users/adarmaori/Desktop/Final$20Project/FPGA/conv1d_large_parallel.v:48$776.
  merging $macc model for $flatten\conv.\impl.$add$/Users/adarmaori/Desktop/Final$20Project/FPGA/conv1d_large_parallel.v:48$658 into $flatten\conv.\impl.$add$/Users/adarmaori/Desktop/Final$20Project/FPGA/conv1d_large_parallel.v:48$776.
  merging $macc model for $flatten\conv.\impl.$add$/Users/adarmaori/Desktop/Final$20Project/FPGA/conv1d_large_parallel.v:48$654 into $flatten\conv.\impl.$add$/Users/adarmaori/Desktop/Final$20Project/FPGA/conv1d_large_parallel.v:48$776.
  merging $macc model for $flatten\conv.\impl.$add$/Users/adarmaori/Desktop/Final$20Project/FPGA/conv1d_large_parallel.v:48$652 into $flatten\conv.\impl.$add$/Users/adarmaori/Desktop/Final$20Project/FPGA/conv1d_large_parallel.v:48$776.
  merging $macc model for $flatten\conv.\impl.$mul$/Users/adarmaori/Desktop/Final$20Project/FPGA/conv1d_large_parallel.v:48$765 into $flatten\conv.\impl.$add$/Users/adarmaori/Desktop/Final$20Project/FPGA/conv1d_large_parallel.v:48$776.
  merging $macc model for $flatten\conv.\impl.$mul$/Users/adarmaori/Desktop/Final$20Project/FPGA/conv1d_large_parallel.v:48$763 into $flatten\conv.\impl.$add$/Users/adarmaori/Desktop/Final$20Project/FPGA/conv1d_large_parallel.v:48$776.
  merging $macc model for $flatten\conv.\impl.$mul$/Users/adarmaori/Desktop/Final$20Project/FPGA/conv1d_large_parallel.v:48$749 into $flatten\conv.\impl.$add$/Users/adarmaori/Desktop/Final$20Project/FPGA/conv1d_large_parallel.v:48$776.
  merging $macc model for $flatten\conv.\impl.$mul$/Users/adarmaori/Desktop/Final$20Project/FPGA/conv1d_large_parallel.v:48$747 into $flatten\conv.\impl.$add$/Users/adarmaori/Desktop/Final$20Project/FPGA/conv1d_large_parallel.v:48$776.
  merging $macc model for $flatten\conv.\impl.$mul$/Users/adarmaori/Desktop/Final$20Project/FPGA/conv1d_large_parallel.v:48$733 into $flatten\conv.\impl.$add$/Users/adarmaori/Desktop/Final$20Project/FPGA/conv1d_large_parallel.v:48$776.
  merging $macc model for $flatten\conv.\impl.$mul$/Users/adarmaori/Desktop/Final$20Project/FPGA/conv1d_large_parallel.v:48$731 into $flatten\conv.\impl.$add$/Users/adarmaori/Desktop/Final$20Project/FPGA/conv1d_large_parallel.v:48$776.
  merging $macc model for $flatten\conv.\impl.$mul$/Users/adarmaori/Desktop/Final$20Project/FPGA/conv1d_large_parallel.v:48$717 into $flatten\conv.\impl.$add$/Users/adarmaori/Desktop/Final$20Project/FPGA/conv1d_large_parallel.v:48$776.
  merging $macc model for $flatten\conv.\impl.$mul$/Users/adarmaori/Desktop/Final$20Project/FPGA/conv1d_large_parallel.v:48$715 into $flatten\conv.\impl.$add$/Users/adarmaori/Desktop/Final$20Project/FPGA/conv1d_large_parallel.v:48$776.
  merging $macc model for $flatten\conv.\impl.$mul$/Users/adarmaori/Desktop/Final$20Project/FPGA/conv1d_large_parallel.v:48$701 into $flatten\conv.\impl.$add$/Users/adarmaori/Desktop/Final$20Project/FPGA/conv1d_large_parallel.v:48$776.
  merging $macc model for $flatten\conv.\impl.$mul$/Users/adarmaori/Desktop/Final$20Project/FPGA/conv1d_large_parallel.v:48$699 into $flatten\conv.\impl.$add$/Users/adarmaori/Desktop/Final$20Project/FPGA/conv1d_large_parallel.v:48$776.
  merging $macc model for $flatten\conv.\impl.$mul$/Users/adarmaori/Desktop/Final$20Project/FPGA/conv1d_large_parallel.v:48$685 into $flatten\conv.\impl.$add$/Users/adarmaori/Desktop/Final$20Project/FPGA/conv1d_large_parallel.v:48$776.
  merging $macc model for $flatten\conv.\impl.$mul$/Users/adarmaori/Desktop/Final$20Project/FPGA/conv1d_large_parallel.v:48$683 into $flatten\conv.\impl.$add$/Users/adarmaori/Desktop/Final$20Project/FPGA/conv1d_large_parallel.v:48$776.
  merging $macc model for $flatten\conv.\impl.$mul$/Users/adarmaori/Desktop/Final$20Project/FPGA/conv1d_large_parallel.v:48$669 into $flatten\conv.\impl.$add$/Users/adarmaori/Desktop/Final$20Project/FPGA/conv1d_large_parallel.v:48$776.
  merging $macc model for $flatten\conv.\impl.$mul$/Users/adarmaori/Desktop/Final$20Project/FPGA/conv1d_large_parallel.v:48$667 into $flatten\conv.\impl.$add$/Users/adarmaori/Desktop/Final$20Project/FPGA/conv1d_large_parallel.v:48$776.
  merging $macc model for $flatten\conv.\impl.$mul$/Users/adarmaori/Desktop/Final$20Project/FPGA/conv1d_large_parallel.v:48$653 into $flatten\conv.\impl.$add$/Users/adarmaori/Desktop/Final$20Project/FPGA/conv1d_large_parallel.v:48$776.
  merging $macc model for $flatten\conv.\impl.$mul$/Users/adarmaori/Desktop/Final$20Project/FPGA/conv1d_large_parallel.v:48$651 into $flatten\conv.\impl.$add$/Users/adarmaori/Desktop/Final$20Project/FPGA/conv1d_large_parallel.v:48$776.
  creating $macc cell for $flatten\conv.\impl.$add$/Users/adarmaori/Desktop/Final$20Project/FPGA/conv1d_large_parallel.v:48$776: $auto$alumacc.cc:365:replace_macc$1438
  creating $macc cell for $flatten\conv.\impl.$mul$/Users/adarmaori/Desktop/Final$20Project/FPGA/conv1d_large_parallel.v:48$771: $auto$alumacc.cc:365:replace_macc$1439
  creating $macc cell for $flatten\conv.\impl.$mul$/Users/adarmaori/Desktop/Final$20Project/FPGA/conv1d_large_parallel.v:48$691: $auto$alumacc.cc:365:replace_macc$1440
  creating $macc cell for $flatten\conv.\impl.$mul$/Users/adarmaori/Desktop/Final$20Project/FPGA/conv1d_large_parallel.v:48$659: $auto$alumacc.cc:365:replace_macc$1441
  creating $macc cell for $flatten\conv.\impl.$mul$/Users/adarmaori/Desktop/Final$20Project/FPGA/conv1d_large_parallel.v:48$739: $auto$alumacc.cc:365:replace_macc$1442
  creating $macc cell for $flatten\conv.\impl.$mul$/Users/adarmaori/Desktop/Final$20Project/FPGA/conv1d_large_parallel.v:48$755: $auto$alumacc.cc:365:replace_macc$1443
  creating $macc cell for $flatten\conv.\impl.$mul$/Users/adarmaori/Desktop/Final$20Project/FPGA/conv1d_large_parallel.v:48$675: $auto$alumacc.cc:365:replace_macc$1444
  creating $macc cell for $flatten\conv.\impl.$mul$/Users/adarmaori/Desktop/Final$20Project/FPGA/conv1d_large_parallel.v:48$723: $auto$alumacc.cc:365:replace_macc$1445
  creating $macc cell for $flatten\conv.\impl.$mul$/Users/adarmaori/Desktop/Final$20Project/FPGA/conv1d_large_parallel.v:48$707: $auto$alumacc.cc:365:replace_macc$1446
  created 0 $alu and 9 $macc cells.

5.21. Executing OPT pass (performing simple optimizations).

5.21.1. Executing OPT_EXPR pass (perform const folding).
Optimizing module conv1d_large_benchmark_top.

5.21.2. Executing OPT_MERGE pass (detect identical cells).
Finding identical cells in module `\conv1d_large_benchmark_top'.
Removed a total of 0 cells.

5.21.3. Executing OPT_MUXTREE pass (detect dead branches in mux trees).
Running muxtree optimizer on module \conv1d_large_benchmark_top..
  Creating internal representation of mux trees.
  No muxes found in this module.
Removed 0 multiplexer ports.

5.21.4. Executing OPT_REDUCE pass (consolidate $*mux and $reduce_* inputs).
  Optimizing cells in module \conv1d_large_benchmark_top.
Performed a total of 0 changes.

5.21.5. Executing OPT_MERGE pass (detect identical cells).
Finding identical cells in module `\conv1d_large_benchmark_top'.
Removed a total of 0 cells.

5.21.6. Executing OPT_DFF pass (perform DFF optimizations).

5.21.7. Executing OPT_CLEAN pass (remove unused cells and wires).
Finding unused cells or wires in module \conv1d_large_benchmark_top..
Removed 70 unused cells and 70 unused wires.
<suppressed ~71 debug messages>

5.21.8. Executing OPT_EXPR pass (perform const folding).
Optimizing module conv1d_large_benchmark_top.

5.21.9. Rerunning OPT passes. (Maybe there is more to do..)

5.21.10. Executing OPT_MUXTREE pass (detect dead branches in mux trees).
Running muxtree optimizer on module \conv1d_large_benchmark_top..
  Creating internal representation of mux trees.
  No muxes found in this module.
Removed 0 multiplexer ports.

5.21.11. Executing OPT_REDUCE pass (consolidate $*mux and $reduce_* inputs).
  Optimizing cells in module \conv1d_large_benchmark_top.
Performed a total of 0 changes.

5.21.12. Executing OPT_MERGE pass (detect identical cells).
Finding identical cells in module `\conv1d_large_benchmark_top'.
Removed a total of 0 cells.

5.21.13. Executing OPT_DFF pass (perform DFF optimizations).

5.21.14. Executing OPT_CLEAN pass (remove unused cells and wires).
Finding unused cells or wires in module \conv1d_large_benchmark_top..

5.21.15. Executing OPT_EXPR pass (perform const folding).
Optimizing module conv1d_large_benchmark_top.

5.21.16. Finished OPT passes. (There is nothing left to do.)

5.22. Executing MEMORY pass.

5.22.1. Executing OPT_MEM pass (optimize memories).
Performed a total of 0 transformations.

5.22.2. Executing OPT_MEM_PRIORITY pass (removing unnecessary memory write priority relations).
Performed a total of 0 transformations.

5.22.3. Executing OPT_MEM_FEEDBACK pass (finding memory read-to-write feedback paths).

5.22.4. Executing MEMORY_BMUX2ROM pass (converting muxes to ROMs).

5.22.5. Executing MEMORY_DFF pass (merging $dff cells to $memrd).

5.22.6. Executing OPT_CLEAN pass (remove unused cells and wires).
Finding unused cells or wires in module \conv1d_large_benchmark_top..

5.22.7. Executing MEMORY_SHARE pass (consolidating $memrd/$memwr cells).

5.22.8. Executing OPT_MEM_WIDEN pass (optimize memories where all ports are wide).
Performed a total of 0 transformations.

5.22.9. Executing OPT_CLEAN pass (remove unused cells and wires).
Finding unused cells or wires in module \conv1d_large_benchmark_top..

5.22.10. Executing MEMORY_COLLECT pass (generating $mem cells).

5.23. Executing OPT_CLEAN pass (remove unused cells and wires).
Finding unused cells or wires in module \conv1d_large_benchmark_top..

5.24. Executing MEMORY_LIBMAP pass (mapping memories to cells).

5.25. Executing TECHMAP pass (map to technology primitives).

5.25.1. Executing Verilog-2005 frontend: /opt/homebrew/bin/../share/yosys/ice40/brams_map.v
Parsing Verilog input from `/opt/homebrew/bin/../share/yosys/ice40/brams_map.v' to AST representation.
Generating RTLIL representation for module `\$__ICE40_RAM4K_'.
Successfully finished Verilog frontend.

5.25.2. Executing Verilog-2005 frontend: /opt/homebrew/bin/../share/yosys/ice40/spram_map.v
Parsing Verilog input from `/opt/homebrew/bin/../share/yosys/ice40/spram_map.v' to AST representation.
Generating RTLIL representation for module `\$__ICE40_SPRAM_'.
Successfully finished Verilog frontend.

5.25.3. Continuing TECHMAP pass.
No more expansions possible.
<suppressed ~4 debug messages>

5.26. Executing ICE40_BRAMINIT pass.

5.27. Executing OPT pass (performing simple optimizations).

5.27.1. Executing OPT_EXPR pass (perform const folding).
Optimizing module conv1d_large_benchmark_top.

5.27.2. Executing OPT_MERGE pass (detect identical cells).
Finding identical cells in module `\conv1d_large_benchmark_top'.
Removed a total of 0 cells.

5.27.3. Executing OPT_DFF pass (perform DFF optimizations).

5.27.4. Executing OPT_CLEAN pass (remove unused cells and wires).
Finding unused cells or wires in module \conv1d_large_benchmark_top..

5.27.5. Finished fast OPT passes.

5.28. Executing MEMORY_MAP pass (converting memories to logic and flip-flops).

5.29. Executing OPT pass (performing simple optimizations).

5.29.1. Executing OPT_EXPR pass (perform const folding).
Optimizing module conv1d_large_benchmark_top.

5.29.2. Executing OPT_MERGE pass (detect identical cells).
Finding identical cells in module `\conv1d_large_benchmark_top'.
Removed a total of 0 cells.

5.29.3. Executing OPT_MUXTREE pass (detect dead branches in mux trees).
Running muxtree optimizer on module \conv1d_large_benchmark_top..
  Creating internal representation of mux trees.
  No muxes found in this module.
Removed 0 multiplexer ports.

5.29.4. Executing OPT_REDUCE pass (consolidate $*mux and $reduce_* inputs).
  Optimizing cells in module \conv1d_large_benchmark_top.
Performed a total of 0 changes.

5.29.5. Executing OPT_MERGE pass (detect identical cells).
Finding identical cells in module `\conv1d_large_benchmark_top'.
Removed a total of 0 cells.

5.29.6. Executing OPT_DFF pass (perform DFF optimizations).

5.29.7. Executing OPT_CLEAN pass (remove unused cells and wires).
Finding unused cells or wires in module \conv1d_large_benchmark_top..

5.29.8. Executing OPT_EXPR pass (perform const folding).
Optimizing module conv1d_large_benchmark_top.

5.29.9. Finished OPT passes. (There is nothing left to do.)

5.30. Executing ICE40_WRAPCARRY pass (wrap carries).

5.31. Executing TECHMAP pass (map to technology primitives).

5.31.1. Executing Verilog-2005 frontend: /opt/homebrew/bin/../share/yosys/techmap.v
Parsing Verilog input from `/opt/homebrew/bin/../share/yosys/techmap.v' to AST representation.
Generating RTLIL representation for module `\_90_simplemap_bool_ops'.
Generating RTLIL representation for module `\_90_simplemap_reduce_ops'.
Generating RTLIL representation for module `\_90_simplemap_logic_ops'.
Generating RTLIL representation for module `\_90_simplemap_compare_ops'.
Generating RTLIL representation for module `\_90_simplemap_various'.
Generating RTLIL representation for module `\_90_simplemap_registers'.
Generating RTLIL representation for module `\_90_shift_ops_shr_shl_sshl_sshr'.
Generating RTLIL representation for module `\_90_shift_shiftx'.
Generating RTLIL representation for module `\_90_fa'.
Generating RTLIL representation for module `\_90_lcu_brent_kung'.
Generating RTLIL representation for module `\_90_alu'.
Generating RTLIL representation for module `\_90_macc'.
Generating RTLIL representation for module `\_90_alumacc'.
Generating RTLIL representation for module `\$__div_mod_u'.
Generating RTLIL representation for module `\$__div_mod_trunc'.
Generating RTLIL representation for module `\_90_div'.
Generating RTLIL representation for module `\_90_mod'.
Generating RTLIL representation for module `\$__div_mod_floor'.
Generating RTLIL representation for module `\_90_divfloor'.
Generating RTLIL representation for module `\_90_modfloor'.
Generating RTLIL representation for module `\_90_pow'.
Generating RTLIL representation for module `\_90_pmux'.
Generating RTLIL representation for module `\_90_demux'.
Generating RTLIL representation for module `\_90_lut'.
Successfully finished Verilog frontend.

5.31.2. Executing Verilog-2005 frontend: /opt/homebrew/bin/../share/yosys/ice40/arith_map.v
Parsing Verilog input from `/opt/homebrew/bin/../share/yosys/ice40/arith_map.v' to AST representation.
Generating RTLIL representation for module `\_80_ice40_alu'.
Successfully finished Verilog frontend.

5.31.3. Continuing TECHMAP pass.
Using extmapper maccmap for cells of type $macc.
  add { \sample_in 1'0 } (9 bits, signed)
  add { \conv.impl.history[62] 1'0 } (9 bits, signed)
  add \conv.impl.history[61] (8 bits, signed)
  add { $flatten\conv.\impl.$mul$/Users/adarmaori/Desktop/Final$20Project/FPGA/conv1d_large_parallel.v:48$771_Y [31:1] 1'0 } (32 bits, signed)
  add \conv.impl.history[59] (8 bits, signed)
  add \conv.impl.history[57] * 3'011 (8x3 bits, signed)
  sub \conv.impl.history[56] (8 bits, signed)
  add { \conv.impl.history[55] 1'0 } (9 bits, signed)
  add { \conv.impl.history[54] 1'0 } (9 bits, signed)
  add \conv.impl.history[53] (8 bits, signed)
  add { $flatten\conv.\impl.$mul$/Users/adarmaori/Desktop/Final$20Project/FPGA/conv1d_large_parallel.v:48$755_Y [31:1] 1'0 } (32 bits, signed)
  add \conv.impl.history[51] (8 bits, signed)
  add \conv.impl.history[49] * 3'011 (8x3 bits, signed)
  sub \conv.impl.history[48] (8 bits, signed)
  add { \conv.impl.history[47] 1'0 } (9 bits, signed)
  add { \conv.impl.history[46] 1'0 } (9 bits, signed)
  add \conv.impl.history[45] (8 bits, signed)
  add { $flatten\conv.\impl.$mul$/Users/adarmaori/Desktop/Final$20Project/FPGA/conv1d_large_parallel.v:48$739_Y [31:1] 1'0 } (32 bits, signed)
  add \conv.impl.history[43] (8 bits, signed)
  add \conv.impl.history[41] * 3'011 (8x3 bits, signed)
  sub \conv.impl.history[40] (8 bits, signed)
  add { \conv.impl.history[39] 1'0 } (9 bits, signed)
  add { \conv.impl.history[38] 1'0 } (9 bits, signed)
  add \conv.impl.history[37] (8 bits, signed)
  add { $flatten\conv.\impl.$mul$/Users/adarmaori/Desktop/Final$20Project/FPGA/conv1d_large_parallel.v:48$723_Y [31:1] 1'0 } (32 bits, signed)
  add \conv.impl.history[35] (8 bits, signed)
  add \conv.impl.history[33] * 3'011 (8x3 bits, signed)
  sub \conv.impl.history[32] (8 bits, signed)
  add { \conv.impl.history[31] 1'0 } (9 bits, signed)
  add { \conv.impl.history[30] 1'0 } (9 bits, signed)
  add \conv.impl.history[29] (8 bits, signed)
  add { $flatten\conv.\impl.$mul$/Users/adarmaori/Desktop/Final$20Project/FPGA/conv1d_large_parallel.v:48$707_Y [31:1] 1'0 } (32 bits, signed)
  add \conv.impl.history[27] (8 bits, signed)
  add \conv.impl.history[25] * 3'011 (8x3 bits, signed)
  sub \conv.impl.history[24] (8 bits, signed)
  add { \conv.impl.history[23] 1'0 } (9 bits, signed)
  add { \conv.impl.history[22] 1'0 } (9 bits, signed)
  add \conv.impl.history[21] (8 bits, signed)
  add { $flatten\conv.\impl.$mul$/Users/adarmaori/Desktop/Final$20Project/FPGA/conv1d_large_parallel.v:48$691_Y [31:1] 1'0 } (32 bits, signed)
  add \conv.impl.history[19] (8 bits, signed)
  add \conv.impl.history[17] * 3'011 (8x3 bits, signed)
  sub \conv.impl.history[16] (8 bits, signed)
  add { \conv.impl.history[15] 1'0 } (9 bits, signed)
  add { \conv.impl.history[14] 1'0 } (9 bits, signed)
  add \conv.impl.history[13] (8 bits, signed)
  add { $flatten\conv.\impl.$mul$/Users/adarmaori/Desktop/Final$20Project/FPGA/conv1d_large_parallel.v:48$675_Y [31:1] 1'0 } (32 bits, signed)
  add \conv.impl.history[11] (8 bits, signed)
  add \conv.impl.history[9] * 3'011 (8x3 bits, signed)
  sub \conv.impl.history[8] (8 bits, signed)
  add { \conv.impl.history[7] 1'0 } (9 bits, signed)
  add { \conv.impl.history[6] 1'0 } (9 bits, signed)
  add \conv.impl.history[5] (8 bits, signed)
  add { $flatten\conv.\impl.$mul$/Users/adarmaori/Desktop/Final$20Project/FPGA/conv1d_large_parallel.v:48$659_Y [31:1] 1'0 } (32 bits, signed)
  add \conv.impl.history[3] (8 bits, signed)
  add \conv.impl.history[1] * 3'011 (8x3 bits, signed)
  sub \conv.impl.history[0] (8 bits, signed)
  packed 8 (1) bits / 1 words into adder tree
Using extmapper simplemap for cells of type $sdff.
  sub \conv.impl.history[44] (8 bits, signed)
  sub \conv.impl.history[36] (8 bits, signed)
  sub \conv.impl.history[4] (8 bits, signed)
  sub \conv.impl.history[28] (8 bits, signed)
  sub \conv.impl.history[52] (8 bits, signed)
  sub \conv.impl.history[12] (8 bits, signed)
  sub \conv.impl.history[20] (8 bits, signed)
  sub \conv.impl.history[60] (8 bits, signed)
Using extmapper simplemap for cells of type $sdffe.
Using extmapper simplemap for cells of type $and.
Using extmapper simplemap for cells of type $not.
Using template $paramod$ebf89ea36a793f0f77858f212141d47c833068ad\_80_ice40_alu for cells of type $alu.
Using template $paramod\_90_fa\WIDTH=32'00000000000000000000000000011111 for cells of type $fa.
Using template $paramod\_90_fa\WIDTH=32'00000000000000000000000000100000 for cells of type $fa.
Using template $paramod$fbc7873bff55778c0b3173955b7e4bce1d9d6834\_80_ice40_alu for cells of type $alu.
Using extmapper simplemap for cells of type $xor.
Using extmapper simplemap for cells of type $mux.
Using extmapper simplemap for cells of type $pos.
Using extmapper simplemap for cells of type $or.
No more expansions possible.
<suppressed ~729 debug messages>

5.32. Executing OPT pass (performing simple optimizations).

5.32.1. Executing OPT_EXPR pass (perform const folding).
Optimizing module conv1d_large_benchmark_top.
<suppressed ~2956 debug messages>

5.32.2. Executing OPT_MERGE pass (detect identical cells).
Finding identical cells in module `\conv1d_large_benchmark_top'.
<suppressed ~14607 debug messages>
Removed a total of 4869 cells.

5.32.3. Executing OPT_DFF pass (perform DFF optimizations).

5.32.4. Executing OPT_CLEAN pass (remove unused cells and wires).
Finding unused cells or wires in module \conv1d_large_benchmark_top..
Removed 189 unused cells and 904 unused wires.
<suppressed ~190 debug messages>

5.32.5. Finished fast OPT passes.

5.33. Executing ICE40_OPT pass (performing simple optimizations).

5.33.1. Running ICE40 specific optimizations.
Optimized $__ICE40_CARRY_WRAPPER cell back to logic (without SB_CARRY) conv1d_large_benchmark_top.$auto$maccmap.cc:240:synth$1837.slice[0].carry: CO=1'0
Optimized $__ICE40_CARRY_WRAPPER cell back to logic (without SB_CARRY) conv1d_large_benchmark_top.$auto$maccmap.cc:240:synth$1844.slice[0].carry: CO=$auto$maccmap.cc:240:synth$1844.B [0]
Optimized $__ICE40_CARRY_WRAPPER cell back to logic (without SB_CARRY) conv1d_large_benchmark_top.$auto$maccmap.cc:240:synth$1850.slice[0].carry: CO=$auto$maccmap.cc:240:synth$1850.B [0]
Optimized $__ICE40_CARRY_WRAPPER cell back to logic (without SB_CARRY) conv1d_large_benchmark_top.$auto$maccmap.cc:240:synth$1856.slice[0].carry: CO=$auto$maccmap.cc:240:synth$1856.B [0]
Optimized $__ICE40_CARRY_WRAPPER cell back to logic (without SB_CARRY) conv1d_large_benchmark_top.$auto$maccmap.cc:240:synth$1862.slice[0].carry: CO=$auto$maccmap.cc:240:synth$1862.B [0]
Optimized $__ICE40_CARRY_WRAPPER cell back to logic (without SB_CARRY) conv1d_large_benchmark_top.$auto$maccmap.cc:240:synth$1868.slice[0].carry: CO=$auto$maccmap.cc:240:synth$1868.B [0]
Optimized $__ICE40_CARRY_WRAPPER cell back to logic (without SB_CARRY) conv1d_large_benchmark_top.$auto$maccmap.cc:240:synth$1874.slice[0].carry: CO=$auto$maccmap.cc:240:synth$1874.B [0]
Optimized $__ICE40_CARRY_WRAPPER cell back to logic (without SB_CARRY) conv1d_large_benchmark_top.$auto$maccmap.cc:240:synth$1880.slice[0].carry: CO=$auto$maccmap.cc:240:synth$1880.B [0]
Optimized $__ICE40_CARRY_WRAPPER cell back to logic (without SB_CARRY) conv1d_large_benchmark_top.$auto$maccmap.cc:240:synth$1886.slice[0].carry: CO=$auto$maccmap.cc:240:synth$1886.B [0]

5.33.2. Executing OPT_EXPR pass (perform const folding).
Optimizing module conv1d_large_benchmark_top.

5.33.3. Executing OPT_MERGE pass (detect identical cells).
Finding identical cells in module `\conv1d_large_benchmark_top'.
Removed a total of 0 cells.

5.33.4. Executing OPT_DFF pass (perform DFF optimizations).

5.33.5. Executing OPT_CLEAN pass (remove unused cells and wires).
Finding unused cells or wires in module \conv1d_large_benchmark_top..

5.33.6. Rerunning OPT passes. (Removed registers in this run.)

5.33.7. Running ICE40 specific optimizations.
Optimized $__ICE40_CARRY_WRAPPER cell back to logic (without SB_CARRY) conv1d_large_benchmark_top.$auto$maccmap.cc:240:synth$1837.slice[1].carry: CO=1'0

5.33.8. Executing OPT_EXPR pass (perform const folding).
Optimizing module conv1d_large_benchmark_top.

5.33.9. Executing OPT_MERGE pass (detect identical cells).
Finding identical cells in module `\conv1d_large_benchmark_top'.
Removed a total of 0 cells.

5.33.10. Executing OPT_DFF pass (perform DFF optimizations).

5.33.11. Executing OPT_CLEAN pass (remove unused cells and wires).
Finding unused cells or wires in module \conv1d_large_benchmark_top..

5.33.12. Rerunning OPT passes. (Removed registers in this run.)

5.33.13. Running ICE40 specific optimizations.
Optimized $__ICE40_CARRY_WRAPPER cell back to logic (without SB_CARRY) conv1d_large_benchmark_top.$auto$maccmap.cc:240:synth$1837.slice[2].carry: CO=1'0

5.33.14. Executing OPT_EXPR pass (perform const folding).
Optimizing module conv1d_large_benchmark_top.

5.33.15. Executing OPT_MERGE pass (detect identical cells).
Finding identical cells in module `\conv1d_large_benchmark_top'.
Removed a total of 0 cells.

5.33.16. Executing OPT_DFF pass (perform DFF optimizations).

5.33.17. Executing OPT_CLEAN pass (remove unused cells and wires).
Finding unused cells or wires in module \conv1d_large_benchmark_top..

5.33.18. Rerunning OPT passes. (Removed registers in this run.)

5.33.19. Running ICE40 specific optimizations.
Optimized $__ICE40_CARRY_WRAPPER cell back to logic (without SB_CARRY) conv1d_large_benchmark_top.$auto$maccmap.cc:240:synth$1837.slice[3].carry: CO=1'0

5.33.20. Executing OPT_EXPR pass (perform const folding).
Optimizing module conv1d_large_benchmark_top.

5.33.21. Executing OPT_MERGE pass (detect identical cells).
Finding identical cells in module `\conv1d_large_benchmark_top'.
Removed a total of 0 cells.

5.33.22. Executing OPT_DFF pass (perform DFF optimizations).

5.33.23. Executing OPT_CLEAN pass (remove unused cells and wires).
Finding unused cells or wires in module \conv1d_large_benchmark_top..

5.33.24. Rerunning OPT passes. (Removed registers in this run.)

5.33.25. Running ICE40 specific optimizations.

5.33.26. Executing OPT_EXPR pass (perform const folding).
Optimizing module conv1d_large_benchmark_top.

5.33.27. Executing OPT_MERGE pass (detect identical cells).
Finding identical cells in module `\conv1d_large_benchmark_top'.
Removed a total of 0 cells.

5.33.28. Executing OPT_DFF pass (perform DFF optimizations).

5.33.29. Executing OPT_CLEAN pass (remove unused cells and wires).
Finding unused cells or wires in module \conv1d_large_benchmark_top..

5.33.30. Finished OPT passes. (There is nothing left to do.)

5.34. Executing DFFLEGALIZE pass (convert FFs to types supported by the target).

5.35. Executing TECHMAP pass (map to technology primitives).

5.35.1. Executing Verilog-2005 frontend: /opt/homebrew/bin/../share/yosys/ice40/ff_map.v
Parsing Verilog input from `/opt/homebrew/bin/../share/yosys/ice40/ff_map.v' to AST representation.
Generating RTLIL representation for module `\$_DFF_N_'.
Generating RTLIL representation for module `\$_DFF_P_'.
Generating RTLIL representation for module `\$_DFFE_NP_'.
Generating RTLIL representation for module `\$_DFFE_PP_'.
Generating RTLIL representation for module `\$_DFF_NP0_'.
Generating RTLIL representation for module `\$_DFF_NP1_'.
Generating RTLIL representation for module `\$_DFF_PP0_'.
Generating RTLIL representation for module `\$_DFF_PP1_'.
Generating RTLIL representation for module `\$_DFFE_NP0P_'.
Generating RTLIL representation for module `\$_DFFE_NP1P_'.
Generating RTLIL representation for module `\$_DFFE_PP0P_'.
Generating RTLIL representation for module `\$_DFFE_PP1P_'.
Generating RTLIL representation for module `\$_SDFF_NP0_'.
Generating RTLIL representation for module `\$_SDFF_NP1_'.
Generating RTLIL representation for module `\$_SDFF_PP0_'.
Generating RTLIL representation for module `\$_SDFF_PP1_'.
Generating RTLIL representation for module `\$_SDFFCE_NP0P_'.
Generating RTLIL representation for module `\$_SDFFCE_NP1P_'.
Generating RTLIL representation for module `\$_SDFFCE_PP0P_'.
Generating RTLIL representation for module `\$_SDFFCE_PP1P_'.
Successfully finished Verilog frontend.

5.35.2. Continuing TECHMAP pass.
Using template \$_SDFFCE_PP0P_ for cells of type $_SDFFCE_PP0P_.
Using template \$_SDFF_PP0_ for cells of type $_SDFF_PP0_.
No more expansions possible.
<suppressed ~559 debug messages>

5.36. Executing OPT_EXPR pass (perform const folding).
Optimizing module conv1d_large_benchmark_top.

5.37. Executing SIMPLEMAP pass (map simple cells to gate primitives).
Mapping conv1d_large_benchmark_top.$auto$maccmap.cc:240:synth$1837.slice[0].carry ($lut).
Mapping conv1d_large_benchmark_top.$auto$maccmap.cc:240:synth$1837.slice[1].carry ($lut).
Mapping conv1d_large_benchmark_top.$auto$maccmap.cc:240:synth$1837.slice[2].carry ($lut).
Mapping conv1d_large_benchmark_top.$auto$maccmap.cc:240:synth$1837.slice[3].carry ($lut).
Mapping conv1d_large_benchmark_top.$auto$maccmap.cc:240:synth$1844.slice[0].carry ($lut).
Mapping conv1d_large_benchmark_top.$auto$maccmap.cc:240:synth$1850.slice[0].carry ($lut).
Mapping conv1d_large_benchmark_top.$auto$maccmap.cc:240:synth$1856.slice[0].carry ($lut).
Mapping conv1d_large_benchmark_top.$auto$maccmap.cc:240:synth$1862.slice[0].carry ($lut).
Mapping conv1d_large_benchmark_top.$auto$maccmap.cc:240:synth$1868.slice[0].carry ($lut).
Mapping conv1d_large_benchmark_top.$auto$maccmap.cc:240:synth$1874.slice[0].carry ($lut).
Mapping conv1d_large_benchmark_top.$auto$maccmap.cc:240:synth$1880.slice[0].carry ($lut).
Mapping conv1d_large_benchmark_top.$auto$maccmap.cc:240:synth$1886.slice[0].carry ($lut).

5.38. Executing ICE40_OPT pass (performing simple optimizations).

5.38.1. Running ICE40 specific optimizations.

5.38.2. Executing OPT_EXPR pass (perform const folding).
Optimizing module conv1d_large_benchmark_top.
<suppressed ~180 debug messages>

5.38.3. Executing OPT_MERGE pass (detect identical cells).
Finding identical cells in module `\conv1d_large_benchmark_top'.
<suppressed ~1641 debug messages>
Removed a total of 547 cells.

5.38.4. Executing OPT_DFF pass (perform DFF optimizations).

5.38.5. Executing OPT_CLEAN pass (remove unused cells and wires).
Finding unused cells or wires in module \conv1d_large_benchmark_top..
Removed 4 unused cells and 3804 unused wires.
<suppressed ~5 debug messages>

5.38.6. Rerunning OPT passes. (Removed registers in this run.)

5.38.7. Running ICE40 specific optimizations.

5.38.8. Executing OPT_EXPR pass (perform const folding).
Optimizing module conv1d_large_benchmark_top.

5.38.9. Executing OPT_MERGE pass (detect identical cells).
Finding identical cells in module `\conv1d_large_benchmark_top'.
Removed a total of 0 cells.

5.38.10. Executing OPT_DFF pass (perform DFF optimizations).

5.38.11. Executing OPT_CLEAN pass (remove unused cells and wires).
Finding unused cells or wires in module \conv1d_large_benchmark_top..

5.38.12. Finished OPT passes. (There is nothing left to do.)

5.39. Executing TECHMAP pass (map to technology primitives).

5.39.1. Executing Verilog-2005 frontend: /opt/homebrew/bin/../share/yosys/ice40/latches_map.v
Parsing Verilog input from `/opt/homebrew/bin/../share/yosys/ice40/latches_map.v' to AST representation.
Generating RTLIL representation for module `\$_DLATCH_N_'.
Generating RTLIL representation for module `\$_DLATCH_P_'.
Successfully finished Verilog frontend.

5.39.2. Continuing TECHMAP pass.
No more expansions possible.
<suppressed ~4 debug messages>

5.40. Executing Verilog-2005 frontend: /opt/homebrew/bin/../share/yosys/ice40/abc9_model.v
Parsing Verilog input from `/opt/homebrew/bin/../share/yosys/ice40/abc9_model.v' to AST representation.
Generating RTLIL representation for module `$__ICE40_CARRY_WRAPPER'.
Successfully finished Verilog frontend.

5.41. Executing ABC9 pass.

5.41.1. Executing ABC9_OPS pass (helper functions for ABC9).

5.41.2. Executing ABC9_OPS pass (helper functions for ABC9).

5.41.3. Executing SCC pass (detecting logic loops).
Found 0 SCCs in module conv1d_large_benchmark_top.
Found 0 SCCs.

5.41.4. Executing ABC9_OPS pass (helper functions for ABC9).

5.41.5. Executing PROC pass (convert processes to netlists).

5.41.5.1. Executing PROC_CLEAN pass (remove empty switches from decision trees).
Cleaned up 0 empty switches.

5.41.5.2. Executing PROC_RMDEAD pass (remove dead branches from decision trees).
Removed a total of 0 dead cases.

5.41.5.3. Executing PROC_PRUNE pass (remove redundant assignments in processes).
Removed 0 redundant assignments.
Promoted 0 assignments to connections.

5.41.5.4. Executing PROC_INIT pass (extract init attributes).

5.41.5.5. Executing PROC_ARST pass (detect async resets in processes).

5.41.5.6. Executing PROC_ROM pass (convert switches to ROMs).
Converted 0 switches.

5.41.5.7. Executing PROC_MUX pass (convert decision trees to multiplexers).

5.41.5.8. Executing PROC_DLATCH pass (convert process syncs to latches).

5.41.5.9. Executing PROC_DFF pass (convert process syncs to FFs).

5.41.5.10. Executing PROC_MEMWR pass (convert process memory writes to cells).

5.41.5.11. Executing PROC_CLEAN pass (remove empty switches from decision trees).
Cleaned up 0 empty switches.

5.41.5.12. Executing OPT_EXPR pass (perform const folding).

5.41.6. Executing TECHMAP pass (map to technology primitives).

5.41.6.1. Executing Verilog-2005 frontend: /opt/homebrew/bin/../share/yosys/techmap.v
Parsing Verilog input from `/opt/homebrew/bin/../share/yosys/techmap.v' to AST representation.
Generating RTLIL representation for module `\_90_simplemap_bool_ops'.
Generating RTLIL representation for module `\_90_simplemap_reduce_ops'.
Generating RTLIL representation for module `\_90_simplemap_logic_ops'.
Generating RTLIL representation for module `\_90_simplemap_compare_ops'.
Generating RTLIL representation for module `\_90_simplemap_various'.
Generating RTLIL representation for module `\_90_simplemap_registers'.
Generating RTLIL representation for module `\_90_shift_ops_shr_shl_sshl_sshr'.
Generating RTLIL representation for module `\_90_shift_shiftx'.
Generating RTLIL representation for module `\_90_fa'.
Generating RTLIL representation for module `\_90_lcu_brent_kung'.
Generating RTLIL representation for module `\_90_alu'.
Generating RTLIL representation for module `\_90_macc'.
Generating RTLIL representation for module `\_90_alumacc'.
Generating RTLIL representation for module `\$__div_mod_u'.
Generating RTLIL representation for module `\$__div_mod_trunc'.
Generating RTLIL representation for module `\_90_div'.
Generating RTLIL representation for module `\_90_mod'.
Generating RTLIL representation for module `\$__div_mod_floor'.
Generating RTLIL representation for module `\_90_divfloor'.
Generating RTLIL representation for module `\_90_modfloor'.
Generating RTLIL representation for module `\_90_pow'.
Generating RTLIL representation for module `\_90_pmux'.
Generating RTLIL representation for module `\_90_demux'.
Generating RTLIL representation for module `\_90_lut'.
Successfully finished Verilog frontend.

5.41.6.2. Continuing TECHMAP pass.
No more expansions possible.
<suppressed ~126 debug messages>

5.41.7. Executing OPT pass (performing simple optimizations).

5.41.7.1. Executing OPT_EXPR pass (perform const folding).

5.41.7.2. Executing OPT_MERGE pass (detect identical cells).
Removed a total of 0 cells.

5.41.7.3. Executing OPT_MUXTREE pass (detect dead branches in mux trees).
Removed 0 multiplexer ports.

5.41.7.4. Executing OPT_REDUCE pass (consolidate $*mux and $reduce_* inputs).
Performed a total of 0 changes.

5.41.7.5. Executing OPT_MERGE pass (detect identical cells).
Removed a total of 0 cells.

5.41.7.6. Executing OPT_DFF pass (perform DFF optimizations).

5.41.7.7. Executing OPT_CLEAN pass (remove unused cells and wires).

5.41.7.8. Executing OPT_EXPR pass (perform const folding).

5.41.7.9. Finished OPT passes. (There is nothing left to do.)

5.41.8. Executing TECHMAP pass (map to technology primitives).

5.41.8.1. Executing Verilog-2005 frontend: /opt/homebrew/bin/../share/yosys/abc9_map.v
Parsing Verilog input from `/opt/homebrew/bin/../share/yosys/abc9_map.v' to AST representation.
Successfully finished Verilog frontend.

5.41.8.2. Continuing TECHMAP pass.
No more expansions possible.
<suppressed ~2 debug messages>

5.41.9. Executing Verilog-2005 frontend: /opt/homebrew/bin/../share/yosys/abc9_model.v
Parsing Verilog input from `/opt/homebrew/bin/../share/yosys/abc9_model.v' to AST representation.
Generating RTLIL representation for module `$__ABC9_DELAY'.
Generating RTLIL representation for module `$__ABC9_SCC_BREAKER'.
Generating RTLIL representation for module `$__DFF_N__$abc9_flop'.
Generating RTLIL representation for module `$__DFF_P__$abc9_flop'.
Successfully finished Verilog frontend.

5.41.10. Executing ABC9_OPS pass (helper functions for ABC9).
<suppressed ~1076 debug messages>

5.41.11. Executing ABC9_OPS pass (helper functions for ABC9).

5.41.12. Executing ABC9_OPS pass (helper functions for ABC9).
<suppressed ~2 debug messages>

5.41.13. Executing TECHMAP pass (map to technology primitives).

5.41.13.1. Executing Verilog-2005 frontend: /opt/homebrew/bin/../share/yosys/techmap.v
Parsing Verilog input from `/opt/homebrew/bin/../share/yosys/techmap.v' to AST representation.
Generating RTLIL representation for module `\_90_simplemap_bool_ops'.
Generating RTLIL representation for module `\_90_simplemap_reduce_ops'.
Generating RTLIL representation for module `\_90_simplemap_logic_ops'.
Generating RTLIL representation for module `\_90_simplemap_compare_ops'.
Generating RTLIL representation for module `\_90_simplemap_various'.
Generating RTLIL representation for module `\_90_simplemap_registers'.
Generating RTLIL representation for module `\_90_shift_ops_shr_shl_sshl_sshr'.
Generating RTLIL representation for module `\_90_shift_shiftx'.
Generating RTLIL representation for module `\_90_fa'.
Generating RTLIL representation for module `\_90_lcu_brent_kung'.
Generating RTLIL representation for module `\_90_alu'.
Generating RTLIL representation for module `\_90_macc'.
Generating RTLIL representation for module `\_90_alumacc'.
Generating RTLIL representation for module `\$__div_mod_u'.
Generating RTLIL representation for module `\$__div_mod_trunc'.
Generating RTLIL representation for module `\_90_div'.
Generating RTLIL representation for module `\_90_mod'.
Generating RTLIL representation for module `\$__div_mod_floor'.
Generating RTLIL representation for module `\_90_divfloor'.
Generating RTLIL representation for module `\_90_modfloor'.
Generating RTLIL representation for module `\_90_pow'.
Generating RTLIL representation for module `\_90_pmux'.
Generating RTLIL representation for module `\_90_demux'.
Generating RTLIL representation for module `\_90_lut'.
Successfully finished Verilog frontend.

5.41.13.2. Continuing TECHMAP pass.
Using template $paramod$__ICE40_CARRY_WRAPPER\LUT=16'0110100110010110\I3_IS_CI=1'1 for cells of type $paramod$__ICE40_CARRY_WRAPPER\LUT=16'0110100110010110\I3_IS_CI=1'1.
Using template $paramod\SB_LUT4\LUT_INIT=16'0110100110010110 for cells of type SB_LUT4.
Using template SB_CARRY for cells of type SB_CARRY.
Using extmapper simplemap for cells of type $mux.
Using extmapper simplemap for cells of type $logic_and.
Using extmapper simplemap for cells of type $logic_or.
No more expansions possible.
<suppressed ~147 debug messages>

5.41.14. Executing OPT pass (performing simple optimizations).

5.41.14.1. Executing OPT_EXPR pass (perform const folding).
Optimizing module conv1d_large_benchmark_top.
<suppressed ~4 debug messages>

5.41.14.2. Executing OPT_MERGE pass (detect identical cells).
Finding identical cells in module `\conv1d_large_benchmark_top'.
<suppressed ~29 debug messages>
Removed a total of 12 cells.

5.41.14.3. Executing OPT_MUXTREE pass (detect dead branches in mux trees).
Running muxtree optimizer on module \conv1d_large_benchmark_top..
  Creating internal representation of mux trees.
  No muxes found in this module.
Removed 0 multiplexer ports.

5.41.14.4. Executing OPT_REDUCE pass (consolidate $*mux and $reduce_* inputs).
  Optimizing cells in module \conv1d_large_benchmark_top.
Performed a total of 0 changes.

5.41.14.5. Executing OPT_MERGE pass (detect identical cells).
Finding identical cells in module `\conv1d_large_benchmark_top'.
Removed a total of 0 cells.

5.41.14.6. Executing OPT_DFF pass (perform DFF optimizations).

5.41.14.7. Executing OPT_CLEAN pass (remove unused cells and wires).
Finding unused cells or wires in module \conv1d_large_benchmark_top..
Removed 0 unused cells and 24 unused wires.
<suppressed ~1 debug messages>

5.41.14.8. Executing OPT_EXPR pass (perform const folding).
Optimizing module conv1d_large_benchmark_top.

5.41.14.9. Rerunning OPT passes. (Maybe there is more to do..)

5.41.14.10. Executing OPT_MUXTREE pass (detect dead branches in mux trees).
Running muxtree optimizer on module \conv1d_large_benchmark_top..
  Creating internal representation of mux trees.
  No muxes found in this module.
Removed 0 multiplexer ports.

5.41.14.11. Executing OPT_REDUCE pass (consolidate $*mux and $reduce_* inputs).
  Optimizing cells in module \conv1d_large_benchmark_top.
Performed a total of 0 changes.

5.41.14.12. Executing OPT_MERGE pass (detect identical cells).
Finding identical cells in module `\conv1d_large_benchmark_top'.
Removed a total of 0 cells.

5.41.14.13. Executing OPT_DFF pass (perform DFF optimizations).

5.41.14.14. Executing OPT_CLEAN pass (remove unused cells and wires).
Finding unused cells or wires in module \conv1d_large_benchmark_top..

5.41.14.15. Executing OPT_EXPR pass (perform const folding).
Optimizing module conv1d_large_benchmark_top.

5.41.14.16. Finished OPT passes. (There is nothing left to do.)

5.41.15. Executing AIGMAP pass (map logic to AIG).
Module conv1d_large_benchmark_top: replaced 7 cells with 43 new cells, skipped 11 cells.
  replaced 2 cell types:
       2 $_OR_
       5 $_MUX_
  not replaced 3 cell types:
       8 $specify2
       1 $_NOT_
       2 $_AND_

5.41.16. Executing AIGMAP pass (map logic to AIG).
Module conv1d_large_benchmark_top: replaced 3195 cells with 19257 new cells, skipped 4124 cells.
  replaced 2 cell types:
    1036 $_OR_
    2159 $_XOR_
  not replaced 8 cell types:
       2 $scopeinfo
     129 $_NOT_
    2114 $_AND_
       1 SB_DFFSR
     268 $paramod$__ICE40_CARRY_WRAPPER\LUT=16'0110100110010110\I3_IS_CI=1'1
     536 SB_DFFESR
     537 $paramod$__ABC9_DELAY\DELAY=32'00000000000000000000000011001011
     537 $paramod$__ABC9_DELAY\DELAY=32'00000000000000000000000000010101

5.41.16.1. Executing ABC9_OPS pass (helper functions for ABC9).

5.41.16.2. Executing ABC9_OPS pass (helper functions for ABC9).

5.41.16.3. Executing XAIGER backend.
<suppressed ~548 debug messages>
Extracted 9627 AND gates and 23718 wires from module `conv1d_large_benchmark_top' to a netlist network with 548 inputs and 1109 outputs.

5.41.16.4. Executing ABC9_EXE pass (technology mapping using ABC9).

5.41.16.5. Executing ABC9.
Running ABC command: "<yosys-exe-dir>/yosys-abc" -s -f <abc-temp-dir>/abc.script 2>&1
ABC: ABC command line: "source <abc-temp-dir>/abc.script".
ABC: 
ABC: + read_lut <abc-temp-dir>/input.lut 
ABC: + read_box <abc-temp-dir>/input.box 
ABC: + &read <abc-temp-dir>/input.xaig 
ABC: + &ps 
ABC: <abc-temp-dir>/input : i/o =    548/   1109  and =    7513  lev =   40 (0.67)  mem = 0.17 MB  box = 1342  bb = 1074
ABC: + &scorr 
ABC: Warning: The network is combinational.
ABC: + &sweep 
ABC: + &dc2 
ABC: + &dch -f 
ABC: + &ps 
ABC: <abc-temp-dir>/input : i/o =    548/   1109  and =    4508  lev =   40 (0.77)  mem = 0.12 MB  ch =   30  box = 1166  bb = 1074
ABC: + &if -W 250 -v 
ABC: K = 4. Memory (bytes): Truth =    0. Cut =   52. Obj =  136. Set =  564. CutMin = no
ABC: Node =    4508.  Ch =    30.  Total mem =    1.30 MB. Peak cut mem =    0.08 MB.
ABC: P:  Del = 10324.00.  Ar =    1521.0.  Edge =     5264.  Cut =    46205.  T =     0.01 sec
ABC: P:  Del = 10324.00.  Ar =    1510.0.  Edge =     5294.  Cut =    45553.  T =     0.01 sec
ABC: P:  Del = 10324.00.  Ar =    1556.0.  Edge =     5190.  Cut =    47221.  T =     0.01 sec
ABC: F:  Del = 10324.00.  Ar =    1388.0.  Edge =     4672.  Cut =    28765.  T =     0.00 sec
ABC: A:  Del = 10324.00.  Ar =    1368.0.  Edge =     4484.  Cut =    29667.  T =     0.00 sec
ABC: A:  Del = 10324.00.  Ar =    1364.0.  Edge =     4466.  Cut =    29780.  T =     0.00 sec
ABC: Total time =     0.03 sec
ABC: + &write -n <abc-temp-dir>/output.aig 
ABC: + &mfs 
ABC: + &ps -l 
ABC: <abc-temp-dir>/input : i/o =    548/   1109  and =    9274  lev =   40 (0.70)  mem = 0.18 MB  box = 1166  bb = 1074
ABC: Mapping (K=4)  :  lut =   1276  edge =    4181  lev =   12 (0.24)  Boxes are not in a topological order. Switching to level computation without boxes.
ABC: levB =   40  mem = 0.08 MB
ABC: LUT = 1276 : 2=169 13.2 %  3=585 45.8 %  4=522 40.9 %  Ave = 3.28
ABC: + &write -n <abc-temp-dir>/output.aig 
ABC: + time 
ABC: elapse: 3.09 seconds, total: 3.09 seconds

5.41.16.6. Executing AIGER frontend.
<suppressed ~3502 debug messages>
Removed 17492 unused cells and 21942 unused wires.

5.41.16.7. Executing ABC9_OPS pass (helper functions for ABC9).
ABC RESULTS:              $lut cells:     1340
ABC RESULTS:   $paramod$__ICE40_CARRY_WRAPPER\LUT=16'0110100110010110\I3_IS_CI=1'1 cells:       92
ABC RESULTS:           input signals:       67
ABC RESULTS:          output signals:     1078
Removing temp directory.

5.41.17. Executing TECHMAP pass (map to technology primitives).

5.41.17.1. Executing Verilog-2005 frontend: /opt/homebrew/bin/../share/yosys/abc9_unmap.v
Parsing Verilog input from `/opt/homebrew/bin/../share/yosys/abc9_unmap.v' to AST representation.
Generating RTLIL representation for module `\$__DFF_x__$abc9_flop'.
Generating RTLIL representation for module `\$__ABC9_SCC_BREAKER'.
Successfully finished Verilog frontend.

5.41.17.2. Continuing TECHMAP pass.
Using template $paramod$__ICE40_CARRY_WRAPPER\LUT=16'0110100110010110\I3_IS_CI=1'1 for cells of type $paramod$__ICE40_CARRY_WRAPPER\LUT=16'0110100110010110\I3_IS_CI=1'1.
No more expansions possible.
<suppressed ~98 debug messages>

5.42. Executing ICE40_WRAPCARRY pass (wrap carries).

5.43. Executing TECHMAP pass (map to technology primitives).

5.43.1. Executing Verilog-2005 frontend: /opt/homebrew/bin/../share/yosys/ice40/ff_map.v
Parsing Verilog input from `/opt/homebrew/bin/../share/yosys/ice40/ff_map.v' to AST representation.
Generating RTLIL representation for module `\$_DFF_N_'.
Generating RTLIL representation for module `\$_DFF_P_'.
Generating RTLIL representation for module `\$_DFFE_NP_'.
Generating RTLIL representation for module `\$_DFFE_PP_'.
Generating RTLIL representation for module `\$_DFF_NP0_'.
Generating RTLIL representation for module `\$_DFF_NP1_'.
Generating RTLIL representation for module `\$_DFF_PP0_'.
Generating RTLIL representation for module `\$_DFF_PP1_'.
Generating RTLIL representation for module `\$_DFFE_NP0P_'.
Generating RTLIL representation for module `\$_DFFE_NP1P_'.
Generating RTLIL representation for module `\$_DFFE_PP0P_'.
Generating RTLIL representation for module `\$_DFFE_PP1P_'.
Generating RTLIL representation for module `\$_SDFF_NP0_'.
Generating RTLIL representation for module `\$_SDFF_NP1_'.
Generating RTLIL representation for module `\$_SDFF_PP0_'.
Generating RTLIL representation for module `\$_SDFF_PP1_'.
Generating RTLIL representation for module `\$_SDFFCE_NP0P_'.
Generating RTLIL representation for module `\$_SDFFCE_NP1P_'.
Generating RTLIL representation for module `\$_SDFFCE_PP0P_'.
Generating RTLIL representation for module `\$_SDFFCE_PP1P_'.
Successfully finished Verilog frontend.

5.43.2. Continuing TECHMAP pass.
No more expansions possible.
<suppressed ~22 debug messages>
Removed 29 unused cells and 23077 unused wires.

5.44. Executing OPT_LUT pass (optimize LUTs).
Discovering LUTs.
Number of LUTs:     1432
  1-LUT               64
  2-LUT              177
  3-LUT              669
  4-LUT              522
  with \SB_CARRY    (#0)   83
  with \SB_CARRY    (#1)   83

Eliminating LUTs.
Number of LUTs:     1432
  1-LUT               64
  2-LUT              177
  3-LUT              669
  4-LUT              522
  with \SB_CARRY    (#0)   83
  with \SB_CARRY    (#1)   83

Combining LUTs.
Number of LUTs:     1432
  1-LUT               64
  2-LUT              177
  3-LUT              669
  4-LUT              522
  with \SB_CARRY    (#0)   83
  with \SB_CARRY    (#1)   83

Eliminated 0 LUTs.
Combined 0 LUTs.
<suppressed ~3613 debug messages>

5.45. Executing TECHMAP pass (map to technology primitives).

5.45.1. Executing Verilog-2005 frontend: /opt/homebrew/bin/../share/yosys/ice40/cells_map.v
Parsing Verilog input from `/opt/homebrew/bin/../share/yosys/ice40/cells_map.v' to AST representation.
Generating RTLIL representation for module `\$lut'.
Successfully finished Verilog frontend.

5.45.2. Continuing TECHMAP pass.
Using template $paramod\$lut\WIDTH=32'00000000000000000000000000000001\LUT=2'01 for cells of type $lut.
Using template $paramod$fd904e9e35cfd343a9df248824bd3f1408724879\$lut for cells of type $lut.
Using template $paramod$cd32cfde602a94b80aa21c2c24adfaee74ee23f3\$lut for cells of type $lut.
Using template $paramod$6d6beead1425af15cf78b27fd9b11b41b5d4bce8\$lut for cells of type $lut.
Using template $paramod$9843d77d4773ab424562cc9655d50a1bc2125488\$lut for cells of type $lut.
Using template $paramod\$lut\WIDTH=32'00000000000000000000000000000011\LUT=8'11100001 for cells of type $lut.
Using template $paramod$b39e86d1bd1548458450678b56887adb2e254862\$lut for cells of type $lut.
Using template $paramod$055925f53dd5eefc2dceca46bd5a69df4772a562\$lut for cells of type $lut.
Using template $paramod\$lut\WIDTH=32'00000000000000000000000000000010\LUT=4'0110 for cells of type $lut.
Using template $paramod\$lut\WIDTH=32'00000000000000000000000000000010\LUT=4'1001 for cells of type $lut.
Using template $paramod$0d4690069fe2dfddf2f34a209eb228623f986a1e\$lut for cells of type $lut.
Using template $paramod\$lut\WIDTH=32'00000000000000000000000000000011\LUT=8'11101000 for cells of type $lut.
Using template $paramod$510a7340b4f60ca9990f7505cadf24dcdeae0f32\$lut for cells of type $lut.
Using template $paramod$b8251bd6a6009b7f8717eeee6d4ce1ee764681fb\$lut for cells of type $lut.
Using template $paramod\$lut\WIDTH=32'00000000000000000000000000000011\LUT=8'10010110 for cells of type $lut.
Using template $paramod$bfe22c8b84d59da01a0d5f64a43ce85bbe441179\$lut for cells of type $lut.
Using template $paramod$53a931967d4390280138fe919abce921b83af282\$lut for cells of type $lut.
Using template $paramod\$lut\WIDTH=32'00000000000000000000000000000011\LUT=8'00110101 for cells of type $lut.
Using template $paramod\$lut\WIDTH=32'00000000000000000000000000000011\LUT=8'01101001 for cells of type $lut.
Using template $paramod\$lut\WIDTH=32'00000000000000000000000000000011\LUT=8'10001110 for cells of type $lut.
Using template $paramod\$lut\WIDTH=32'00000000000000000000000000000011\LUT=8'00101011 for cells of type $lut.
Using template $paramod\$lut\WIDTH=32'00000000000000000000000000000011\LUT=8'11010100 for cells of type $lut.
Using template $paramod\$lut\WIDTH=32'00000000000000000000000000000011\LUT=8'01110001 for cells of type $lut.
Using template $paramod\$lut\WIDTH=32'00000000000000000000000000000011\LUT=8'11100111 for cells of type $lut.
Using template $paramod\$lut\WIDTH=32'00000000000000000000000000000011\LUT=8'00001000 for cells of type $lut.
Using template $paramod$a85ebd6dbce260a424aa930b9de7e23340032580\$lut for cells of type $lut.
Using template $paramod$545506bd116676813f41816e238f31427fbb4a59\$lut for cells of type $lut.
Using template $paramod\$lut\WIDTH=32'00000000000000000000000000000011\LUT=8'10110010 for cells of type $lut.
Using template $paramod$4712a9a936dd42f8ca923b21d6dd11f7b52b90ae\$lut for cells of type $lut.
Using template $paramod\$lut\WIDTH=32'00000000000000000000000000000011\LUT=8'11011011 for cells of type $lut.
Using template $paramod$efedf822df2724ce4695f661546acb40156044dd\$lut for cells of type $lut.
Using template $paramod$d6ca727e39f31d51d29072e0f33aa09c65e37336\$lut for cells of type $lut.
Using template $paramod$c4e2930f78e413be797d30e0655a9e8a09e64f77\$lut for cells of type $lut.
Using template $paramod$a5516fc31d1e552de2435200bb732b4d4ad63a9c\$lut for cells of type $lut.
Using template $paramod$272652f6c6fbe9a75eff76e45cc7e2788835518b\$lut for cells of type $lut.
Using template $paramod\$lut\WIDTH=32'00000000000000000000000000000011\LUT=8'00000111 for cells of type $lut.
Using template $paramod$2f3577571d5c3142f074016ee0edb7ccc9033855\$lut for cells of type $lut.
Using template $paramod\$lut\WIDTH=32'00000000000000000000000000000011\LUT=8'10001101 for cells of type $lut.
Using template $paramod\$lut\WIDTH=32'00000000000000000000000000000011\LUT=8'01111110 for cells of type $lut.
Using template $paramod$5829f5d2a4c5757263ee6385c6142d3c7cf9e5be\$lut for cells of type $lut.
Using template $paramod$487fcf47adc3ad08bbaaca1bd93e16de85c4d320\$lut for cells of type $lut.
Using template $paramod$2510afe66ec126ebc07fa7555a4626b2e1c20bbc\$lut for cells of type $lut.
Using template $paramod$84703685dd660e8070a03d91f140d249b7ff21b0\$lut for cells of type $lut.
Using template $paramod\$lut\WIDTH=32'00000000000000000000000000000011\LUT=8'00100000 for cells of type $lut.
Using template $paramod$732ff59763cadce61354e4a7d769680c4d6be964\$lut for cells of type $lut.
Using template $paramod$db875e90304a3ee365a645ddecdb72c5d5968a82\$lut for cells of type $lut.
Using template $paramod$69bcd8be871c8af4821a3c1374522c5b81897233\$lut for cells of type $lut.
Using template $paramod$1b24100b2fd4c673c0fb73caa29fa7c0e2a28808\$lut for cells of type $lut.
Using template $paramod\$lut\WIDTH=32'00000000000000000000000000000011\LUT=8'00100011 for cells of type $lut.
Using template $paramod$2afeebee746c05ca73094963cf35ae4c4a1dbd91\$lut for cells of type $lut.
Using template $paramod\$lut\WIDTH=32'00000000000000000000000000000010\LUT=4'0100 for cells of type $lut.
Using template $paramod\$lut\WIDTH=32'00000000000000000000000000000011\LUT=8'11010010 for cells of type $lut.
Using template $paramod$b2077130d89736f5191d0d24f7f6ffd3bddb0a2d\$lut for cells of type $lut.
Using template $paramod$b0e917d968da941a2ca2dd33b04074a0f4d50222\$lut for cells of type $lut.
Using template $paramod$a7665065159332e9a9edad419b56c0e3a548865a\$lut for cells of type $lut.
Using template $paramod\$lut\WIDTH=32'00000000000000000000000000000011\LUT=8'00010111 for cells of type $lut.
Using template $paramod$b30bebc72dd0e5d803f249e61f4e944f7b20c163\$lut for cells of type $lut.
Using template $paramod$88f95719004f914da16066cb8169791d4809fabf\$lut for cells of type $lut.
Using template $paramod$4171674afb19f52bb038558e333813312cc5546e\$lut for cells of type $lut.
Using template $paramod\$lut\WIDTH=32'00000000000000000000000000000011\LUT=8'01011100 for cells of type $lut.
Using template $paramod\$lut\WIDTH=32'00000000000000000000000000000011\LUT=8'01000000 for cells of type $lut.
Using template $paramod\$lut\WIDTH=32'00000000000000000000000000000011\LUT=8'11010000 for cells of type $lut.
Using template $paramod\$lut\WIDTH=32'00000000000000000000000000000010\LUT=4'0010 for cells of type $lut.
Using template $paramod$4e309f6669eadcfa589d4ae302672e3a030a20a5\$lut for cells of type $lut.
Using template $paramod$e3fc9b30b58fba9f0d7b53dcaa617e2b28b350ae\$lut for cells of type $lut.
Using template $paramod$51adb1afea57a9560b9534400e9af12cb2df0ba0\$lut for cells of type $lut.
Using template $paramod$a045a921d2865466a8c851697a6a6f3074a3f75f\$lut for cells of type $lut.
Using template $paramod$0dd26dc33db10671dd5dbd19fcd0df2680097d6e\$lut for cells of type $lut.
Using template $paramod\$lut\WIDTH=32'00000000000000000000000000000011\LUT=8'11100000 for cells of type $lut.
Using template $paramod\$lut\WIDTH=32'00000000000000000000000000000011\LUT=8'01001101 for cells of type $lut.
Using template $paramod$033b10bccacf92b808634d8cf260cef1a432a306\$lut for cells of type $lut.
Using template $paramod$24b67fade1852074c0ac6a4c585dd4228e286f08\$lut for cells of type $lut.
Using template $paramod$4282def8dbd6df3d1248ad282c629bee684502c2\$lut for cells of type $lut.
Using template $paramod$61af77eed7f358aa49c13132fc0b60ac3ba6c211\$lut for cells of type $lut.
Using template $paramod$ed4b624f477a67dbd878e676981471b9a7808c29\$lut for cells of type $lut.
Using template $paramod$19305be8809aa959285cea94bd28a9bcacb54173\$lut for cells of type $lut.
Using template $paramod\$lut\WIDTH=32'00000000000000000000000000000011\LUT=8'01001110 for cells of type $lut.
Using template $paramod$239a649c3c5dcff42e28a38401931acf401ef810\$lut for cells of type $lut.
Using template $paramod$634be8dac7673ae6f91e2a8a3a2c0e8609542e36\$lut for cells of type $lut.
Using template $paramod$e5cb8e913f4daae476fde2b364998f21967f1f08\$lut for cells of type $lut.
Using template $paramod$bb71bff1269f21262324e9e77ea2b51236b5cf06\$lut for cells of type $lut.
Using template $paramod$6f72a20e9d0d865891bf79adf07c2ca33b1cfd85\$lut for cells of type $lut.
Using template $paramod\$lut\WIDTH=32'00000000000000000000000000000011\LUT=8'00000010 for cells of type $lut.
Using template $paramod\$lut\WIDTH=32'00000000000000000000000000000010\LUT=4'0001 for cells of type $lut.
Using template $paramod$3fbf9e179448527cc5870685155541058c0f9f7a\$lut for cells of type $lut.
Using template $paramod$e87c652d68339e0a13e8ac3dd39fd0a21e0079b7\$lut for cells of type $lut.
Using template $paramod$e56d99447d8a3ece8eda45209ed4b9fdcdbf8d26\$lut for cells of type $lut.
Using template $paramod$74db7ebdc203ab2b8e34f5d81b5d1b49c6ee3ec6\$lut for cells of type $lut.
Using template $paramod$c65acfd61ae70b5ce04c0aafaf2a256ff80af4df\$lut for cells of type $lut.
Using template $paramod$8466aae7f3132f822e70bbd8738850d820750479\$lut for cells of type $lut.
Using template $paramod$b1d51c0d972e3b43236c1c6aa73dc58843eb43e3\$lut for cells of type $lut.
Using template $paramod$8d7e631403a80aa650e318c82a10887417c8ada0\$lut for cells of type $lut.
Using template $paramod$9e0a5f122c9d169afc5202dc3d099d02fa559ae2\$lut for cells of type $lut.
Using template $paramod$fd24ba8adbaf0b75005db1aa455afcfc2d436527\$lut for cells of type $lut.
Using template $paramod$61c387311e0b7b1481f282cf3d339bc22e86cf60\$lut for cells of type $lut.
Using template $paramod$1f37b534052cd586ccc2dc3aae590af2dbe15e96\$lut for cells of type $lut.
Using template $paramod$7c418fbd5d01676c615e2904ea5646d50988ba6a\$lut for cells of type $lut.
Using template $paramod$681f5698b726521154bb82fdd031cea775896186\$lut for cells of type $lut.
Using template $paramod$14856da29b64ca849b2293c96ae1422544c022c1\$lut for cells of type $lut.
Using template $paramod$bcdf285046233b36ada3bf6ef9b659e5c9156553\$lut for cells of type $lut.
Using template $paramod$6c15da6150ce36eeff7fb8c09f7ef22f5448d679\$lut for cells of type $lut.
Using template $paramod$d70afe532c66c381db66176e68a0fd16e8677a90\$lut for cells of type $lut.
Using template $paramod$45bc8a035811672fb24512b03898abf475979d07\$lut for cells of type $lut.
Using template $paramod$afb190746aa7b48bfcd865f2f72ce1805dffc8da\$lut for cells of type $lut.
Using template $paramod\$lut\WIDTH=32'00000000000000000000000000000011\LUT=8'11101100 for cells of type $lut.
Using template $paramod$111f8c0bfad19fd2eab2ccc44f00d5beb136fc1a\$lut for cells of type $lut.
Using template $paramod$a7defd4f918862a5b442f9ecbddab049665c36c4\$lut for cells of type $lut.
Using template $paramod$7793af14a1d1a9df09b7264353e3dfaa774cd044\$lut for cells of type $lut.
Using template $paramod$f70269f202d4dce0365aebaed07094a4216142a8\$lut for cells of type $lut.
Using template $paramod$34381cfcbc83cddaa163bf4909fba3e7f04244d9\$lut for cells of type $lut.
Using template $paramod$1863aeb740e7fb1767b114ad39b422c808f8f804\$lut for cells of type $lut.
Using template $paramod$4f12c68fe152bf82a50c813cc37cc632b89530ed\$lut for cells of type $lut.
Using template $paramod$7c5c3eec746d95e1a76a59c6533885010e9101cf\$lut for cells of type $lut.
Using template $paramod$d2722998f666e8e5f5d38593fc5482ba23bb83be\$lut for cells of type $lut.
Using template $paramod$0fb3437f3229691986674bbb93ca3e579291b720\$lut for cells of type $lut.
Using template $paramod$9e2340e4b668cbe4ab2a0b5e706072b39d8ecfb8\$lut for cells of type $lut.
Using template $paramod\$lut\WIDTH=32'00000000000000000000000000000011\LUT=8'01111000 for cells of type $lut.
Using template $paramod\$lut\WIDTH=32'00000000000000000000000000000011\LUT=8'10110100 for cells of type $lut.
Using template $paramod\$lut\WIDTH=32'00000000000000000000000000000011\LUT=8'00100001 for cells of type $lut.
Using template $paramod$8d7a8d6e3356de09670738ba85f2c6b874f6b06d\$lut for cells of type $lut.
Using template $paramod$78e1751931755f088c8bc676bcbc3bb642c26bfc\$lut for cells of type $lut.
Using template $paramod$0e3b92163337f2e219624ed5cc4f8fbb4537d621\$lut for cells of type $lut.
Using template $paramod$ef14303192218c8dd28cb97c03357085cb7c4d4d\$lut for cells of type $lut.
Using template $paramod$62b9cc19760df4f05d0c7360b790a1fb852ac400\$lut for cells of type $lut.
Using template $paramod$12cf840dcfda317ed4aaeef1854f713a535efc4e\$lut for cells of type $lut.
Using template $paramod\$lut\WIDTH=32'00000000000000000000000000000011\LUT=8'00101000 for cells of type $lut.
Using template $paramod\$lut\WIDTH=32'00000000000000000000000000000011\LUT=8'00001001 for cells of type $lut.
Using template $paramod$d6b00b06719051e8e0d21d321c25f50651e7dd46\$lut for cells of type $lut.
Using template $paramod$d89b437f6e04585fb6ec63e66c2a620393b6245e\$lut for cells of type $lut.
Using template $paramod$f55f4b90ec8e3e648d5c29eab1fa5ddd64b3f973\$lut for cells of type $lut.
Using template $paramod\$lut\WIDTH=32'00000000000000000000000000000011\LUT=8'00000110 for cells of type $lut.
Using template $paramod$704cad882e2bedddf5c55ef18de55c67afe1e0ec\$lut for cells of type $lut.
Using template $paramod\$lut\WIDTH=32'00000000000000000000000000000011\LUT=8'11011000 for cells of type $lut.
Using template $paramod\$lut\WIDTH=32'00000000000000000000000000000011\LUT=8'10010000 for cells of type $lut.
Using template $paramod$3f6fe0730f7978b946a57d55a78e206b053e637b\$lut for cells of type $lut.
Using template $paramod$519b6e2dbfd66920b2d4aeae7cc975bcfc27990a\$lut for cells of type $lut.
Using template $paramod$480632dc6f7c037df6062cf8bf88300b5262c395\$lut for cells of type $lut.
Using template $paramod$01c2ba0d5fa454e49f20c5667ef7cfab937f9ed6\$lut for cells of type $lut.
Using template $paramod$595b4955041ceff09e28d600fe79275c24ba9878\$lut for cells of type $lut.
Using template $paramod$69f20e0703606f2ffd2ee27cd26f815bd5eeb6e9\$lut for cells of type $lut.
Using template $paramod$37275f9005096a8b3beded7be16e5d19f7397fa0\$lut for cells of type $lut.
Using template $paramod\$lut\WIDTH=32'00000000000000000000000000000011\LUT=8'10110001 for cells of type $lut.
Using template $paramod$3f0549729b9cf7d6fa6533d688d092bceca9764e\$lut for cells of type $lut.
Using template $paramod$5ddfd1ea4f5227b248c326983159684afd6d7d86\$lut for cells of type $lut.
Using template $paramod$b7fdd0c84cd866112dd628bfae92e1724de8f106\$lut for cells of type $lut.
Using template $paramod$ee55d4d1d1d7325f58dbdbfce0ec75c463d4291c\$lut for cells of type $lut.
Using template $paramod$041aa1dcdd60d3c4ff6eb6326c9e544a0334c607\$lut for cells of type $lut.
Using template $paramod\$lut\WIDTH=32'00000000000000000000000000000011\LUT=8'01110010 for cells of type $lut.
Using template $paramod\$lut\WIDTH=32'00000000000000000000000000000011\LUT=8'01101100 for cells of type $lut.
Using template $paramod$926ac55185a9de8a4c1953873edc4431dd68554a\$lut for cells of type $lut.
Using template $paramod\$lut\WIDTH=32'00000000000000000000000000000011\LUT=8'00010100 for cells of type $lut.
Using template $paramod$98d40e23bb57d56e14345fb0942003de3e361f25\$lut for cells of type $lut.
Using template $paramod$bd7578d8ce3e2437ea907b1d5f654d907114be68\$lut for cells of type $lut.
Using template $paramod$83dbb01e5f200dd2359b4ac7183ac80b0f267ba1\$lut for cells of type $lut.
Using template $paramod$39d7e7c6daa59a57143eb22b865518945ebf4c5f\$lut for cells of type $lut.
Using template $paramod$e1a11d118b739d13604b4866aaa2133957f8da18\$lut for cells of type $lut.
Using template $paramod$8dea978432b975a06d487b3763d4d556f8d362b4\$lut for cells of type $lut.
Using template $paramod$60c57a531d15ac3dc4cc2d9845c81479cc8e53ec\$lut for cells of type $lut.
Using template $paramod$cca91865608dd586e73a3282da74e475e61aca04\$lut for cells of type $lut.
Using template $paramod$b7685cb0c8a6753256bc84bc31d36a443c15fab7\$lut for cells of type $lut.
Using template $paramod$a20d493743c6e762e93052351143ea302aa9a813\$lut for cells of type $lut.
Using template $paramod\$lut\WIDTH=32'00000000000000000000000000000011\LUT=8'10000100 for cells of type $lut.
Using template $paramod\$lut\WIDTH=32'00000000000000000000000000000011\LUT=8'01000001 for cells of type $lut.
Using template $paramod\$lut\WIDTH=32'00000000000000000000000000000011\LUT=8'00010010 for cells of type $lut.
Using template $paramod$acf49cb7bd2805dee4b4ebb218aa5924b1be7704\$lut for cells of type $lut.
Using template $paramod$3fd12db03aeee29b04c450792ea328ef1bb1f18d\$lut for cells of type $lut.
Using template $paramod$edf0f1ca1d51bddab33b022d26d3da5ca2294e0d\$lut for cells of type $lut.
Using template $paramod$718208d0d7c444e4924e09c40d40e7ac2bd4dfe6\$lut for cells of type $lut.
Using template $paramod\$lut\WIDTH=32'00000000000000000000000000000011\LUT=8'01001011 for cells of type $lut.
Using template $paramod$44c6e72b8b9fd45a13a1c0d9a081c38b5c08eabf\$lut for cells of type $lut.
Using template $paramod\$lut\WIDTH=32'00000000000000000000000000000010\LUT=4'1000 for cells of type $lut.
Using template $paramod$4f2ff369e573efd7ef2034d2c1f6c1a1cc73b2b7\$lut for cells of type $lut.
Using template $paramod$31843d4dfde6b8b3d404af7f7cfb5ddab56f0ee4\$lut for cells of type $lut.
Using template $paramod$960b4271c8042b88f5852a4a391568b02eee5e34\$lut for cells of type $lut.
Using template $paramod$c3e1dc7b9e539f115f21c9fa61c94c4df05b91c1\$lut for cells of type $lut.
Using template $paramod$a067ca065a0e8fdac308d6893e69914865d54ec4\$lut for cells of type $lut.
Using template $paramod\$lut\WIDTH=32'00000000000000000000000000000011\LUT=8'11100100 for cells of type $lut.
Using template $paramod$a70c36ce9c272ff5b653554a904c7bf311d2f478\$lut for cells of type $lut.
Using template $paramod$10a6d42c84663fca6c1622800fdec61acbd34667\$lut for cells of type $lut.
Using template $paramod\$lut\WIDTH=32'00000000000000000000000000000011\LUT=8'01100000 for cells of type $lut.
Using template $paramod\$lut\WIDTH=32'00000000000000000000000000000010\LUT=4'1110 for cells of type $lut.
No more expansions possible.
<suppressed ~3788 debug messages>
Removed 0 unused cells and 3658 unused wires.

5.46. Executing AUTONAME pass.
Renamed 72147 objects in module conv1d_large_benchmark_top (197 iterations).
<suppressed ~2773 debug messages>

5.47. Executing HIERARCHY pass (managing design hierarchy).

5.47.1. Analyzing design hierarchy..
Top module:  \conv1d_large_benchmark_top

5.47.2. Analyzing design hierarchy..
Top module:  \conv1d_large_benchmark_top
Removed 0 unused modules.

5.48. Printing statistics.

=== conv1d_large_benchmark_top ===

   Number of wires:                806
   Number of wire bits:           2866
   Number of public wires:         806
   Number of public wire bits:    2866
   Number of ports:                  7
   Number of port bits:             45
   Number of memories:               0
   Number of memory bits:            0
   Number of processes:              0
   Number of cells:               2054
     $scopeinfo                      2
     SB_CARRY                       83
     SB_DFFESR                     536
     SB_DFFSR                        1
     SB_LUT4                      1432

5.49. Executing CHECK pass (checking for obvious problems).
Checking module conv1d_large_benchmark_top...
Found and reported 0 problems.

5.50. Executing JSON backend.

Warnings: 1 unique messages, 3 total
End of script. Logfile hash: 0c1e925a28, CPU: user 2.75s system 0.05s
Yosys 0.42 (git sha1 9b6afcf3f, clang++ 15.0.0 -fPIC -Os)
Time spent: 52% 1x abc9_exe (3 sec), 11% 29x opt_expr (0 sec), ...
