block_idx,model_ns,block_ns,frames_processed,overrun,warmup,execution_mode,history_mode,scratch_mode,inference_chunk_frames,effective_chunk_frames
0,31792,35584,16,0,1,layered_block,circular,per_chunk,1,1
1,24875,29000,16,0,1,layered_block,circular,per_chunk,1,1
2,24458,28292,16,0,1,layered_block,circular,per_chunk,1,1
3,23125,27291,16,0,1,layered_block,circular,per_chunk,1,1
4,23625,27875,16,0,1,layered_block,circular,per_chunk,1,1
5,23042,26792,16,0,1,layered_block,circular,per_chunk,1,1
6,22916,27125,16,0,1,layered_block,circular,per_chunk,1,1
7,23625,27458,16,0,1,layered_block,circular,per_chunk,1,1
8,23375,27459,16,0,1,layered_block,circular,per_chunk,1,1
9,23000,27208,16,0,1,layered_block,circular,per_chunk,1,1
10,23083,26917,16,0,1,layered_block,circular,per_chunk,1,1
11,23000,27209,16,0,1,layered_block,circular,per_chunk,1,1
12,22917,26792,16,0,1,layered_block,circular,per_chunk,1,1
13,23334,27458,16,0,1,layered_block,circular,per_chunk,1,1
14,23375,27708,16,0,1,layered_block,circular,per_chunk,1,1
15,23333,27500,16,0,1,layered_block,circular,per_chunk,1,1
16,22750,26833,16,0,1,layered_block,circular,per_chunk,1,1
17,23250,27459,16,0,1,layered_block,circular,per_chunk,1,1
18,23500,27667,16,0,1,layered_block,circular,per_chunk,1,1
19,23542,27791,16,0,1,layered_block,circular,per_chunk,1,1
20,23500,27708,16,0,1,layered_block,circular,per_chunk,1,1
21,23541,27333,16,0,1,layered_block,circular,per_chunk,1,1
22,31417,35708,16,0,1,layered_block,circular,per_chunk,1,1
23,23500,27666,16,0,1,layered_block,circular,per_chunk,1,1
24,23083,26916,16,0,1,layered_block,circular,per_chunk,1,1
25,23375,27625,16,0,1,layered_block,circular,per_chunk,1,1
26,23000,27125,16,0,1,layered_block,circular,per_chunk,1,1
27,31292,35583,16,0,1,layered_block,circular,per_chunk,1,1
28,23000,27167,16,0,1,layered_block,circular,per_chunk,1,1
29,23208,27333,16,0,1,layered_block,circular,per_chunk,1,1
30,30833,35083,16,0,1,layered_block,circular,per_chunk,1,1
31,23292,27416,16,0,1,layered_block,circular,per_chunk,1,1
32,23750,27625,16,0,1,layered_block,circular,per_chunk,1,1
33,23167,27375,16,0,1,layered_block,circular,per_chunk,1,1
34,22500,26375,16,0,1,layered_block,circular,per_chunk,1,1
35,23541,27417,16,0,1,layered_block,circular,per_chunk,1,1
36,23625,27834,16,0,1,layered_block,circular,per_chunk,1,1
37,23042,27250,16,0,1,layered_block,circular,per_chunk,1,1
38,22666,26792,16,0,1,layered_block,circular,per_chunk,1,1
39,22958,27167,16,0,1,layered_block,circular,per_chunk,1,1
40,23417,27667,16,0,1,layered_block,circular,per_chunk,1,1
41,24292,28084,16,0,1,layered_block,circular,per_chunk,1,1
42,23083,27667,16,0,1,layered_block,circular,per_chunk,1,1
43,23417,27583,16,0,1,layered_block,circular,per_chunk,1,1
44,23042,26917,16,0,1,layered_block,circular,per_chunk,1,1
45,23334,27583,16,0,1,layered_block,circular,per_chunk,1,1
46,22958,27083,16,0,1,layered_block,circular,per_chunk,1,1
47,22958,27167,16,0,1,layered_block,circular,per_chunk,1,1
48,23083,27250,16,0,1,layered_block,circular,per_chunk,1,1
49,23500,27625,16,0,1,layered_block,circular,per_chunk,1,1
50,22917,27125,16,0,1,layered_block,circular,per_chunk,1,1
51,23375,27542,16,0,1,layered_block,circular,per_chunk,1,1
52,23833,27708,16,0,1,layered_block,circular,per_chunk,1,1
53,22959,27167,16,0,1,layered_block,circular,per_chunk,1,1
54,23041,26958,16,0,1,layered_block,circular,per_chunk,1,1
55,23042,27042,16,0,1,layered_block,circular,per_chunk,1,1
56,22959,27167,16,0,1,layered_block,circular,per_chunk,1,1
57,22959,27125,16,0,1,layered_block,circular,per_chunk,1,1
58,32791,37041,16,0,1,layered_block,circular,per_chunk,1,1
59,23000,27167,16,0,1,layered_block,circular,per_chunk,1,1
60,23208,27083,16,0,1,layered_block,circular,per_chunk,1,1
61,24541,28375,16,0,1,layered_block,circular,per_chunk,1,1
62,22959,27125,16,0,1,layered_block,circular,per_chunk,1,1
63,23042,27000,16,0,1,layered_block,circular,per_chunk,1,1
64,23458,27708,16,0,1,layered_block,circular,per_chunk,1,1
65,23209,27375,16,0,1,layered_block,circular,per_chunk,1,1
66,23667,27542,16,0,1,layered_block,circular,per_chunk,1,1
67,23791,28000,16,0,1,layered_block,circular,per_chunk,1,1
68,23166,27375,16,0,1,layered_block,circular,per_chunk,1,1
69,24291,28166,16,0,1,layered_block,circular,per_chunk,1,1
70,22917,27125,16,0,1,layered_block,circular,per_chunk,1,1
71,23084,27000,16,0,1,layered_block,circular,per_chunk,1,1
72,32083,36417,16,0,1,layered_block,circular,per_chunk,1,1
73,23250,27417,16,0,1,layered_block,circular,per_chunk,1,1
74,23500,27375,16,0,1,layered_block,circular,per_chunk,1,1
75,23875,27708,16,0,1,layered_block,circular,per_chunk,1,1
76,23208,27333,16,0,1,layered_block,circular,per_chunk,1,1
77,23083,27417,16,0,1,layered_block,circular,per_chunk,1,1
78,22750,26833,16,0,1,layered_block,circular,per_chunk,1,1
79,23625,27833,16,0,1,layered_block,circular,per_chunk,1,1
80,23083,27375,16,0,1,layered_block,circular,per_chunk,1,1
81,24833,28666,16,0,1,layered_block,circular,per_chunk,1,1
82,28792,32625,16,0,1,layered_block,circular,per_chunk,1,1
83,23708,27583,16,0,1,layered_block,circular,per_chunk,1,1
84,22958,27166,16,0,1,layered_block,circular,per_chunk,1,1
85,22708,26625,16,0,1,layered_block,circular,per_chunk,1,1
86,23417,27500,16,0,1,layered_block,circular,per_chunk,1,1
87,26750,122375,16,0,1,layered_block,circular,per_chunk,1,1
88,23250,27834,16,0,1,layered_block,circular,per_chunk,1,1
89,24000,27875,16,0,1,layered_block,circular,per_chunk,1,1
90,24250,28458,16,0,1,layered_block,circular,per_chunk,1,1
91,24209,28084,16,0,1,layered_block,circular,per_chunk,1,1
92,31166,35416,16,0,1,layered_block,circular,per_chunk,1,1
93,23500,27625,16,0,1,layered_block,circular,per_chunk,1,1
94,23208,27125,16,0,1,layered_block,circular,per_chunk,1,1
95,23875,28000,16,0,1,layered_block,circular,per_chunk,1,1
96,22833,27209,16,0,1,layered_block,circular,per_chunk,1,1
97,23083,27334,16,0,1,layered_block,circular,per_chunk,1,1
98,23125,27417,16,0,1,layered_block,circular,per_chunk,1,1
99,23250,27458,16,0,1,layered_block,circular,per_chunk,1,1
100,24292,28292,16,0,0,layered_block,circular,per_chunk,1,1
101,24500,28375,16,0,0,layered_block,circular,per_chunk,1,1
102,23000,26917,16,0,0,layered_block,circular,per_chunk,1,1
103,24167,27958,16,0,0,layered_block,circular,per_chunk,1,1
104,23791,27666,16,0,0,layered_block,circular,per_chunk,1,1
105,23625,27500,16,0,0,layered_block,circular,per_chunk,1,1
106,23083,26959,16,0,0,layered_block,circular,per_chunk,1,1
107,24334,28334,16,0,0,layered_block,circular,per_chunk,1,1
108,23833,27708,16,0,0,layered_block,circular,per_chunk,1,1
109,23916,27833,16,0,0,layered_block,circular,per_chunk,1,1
110,24541,28459,16,0,0,layered_block,circular,per_chunk,1,1
111,23042,26917,16,0,0,layered_block,circular,per_chunk,1,1
112,23167,27000,16,0,0,layered_block,circular,per_chunk,1,1
113,23542,27334,16,0,0,layered_block,circular,per_chunk,1,1
114,23375,27292,16,0,0,layered_block,circular,per_chunk,1,1
115,23208,27000,16,0,0,layered_block,circular,per_chunk,1,1
116,23125,27000,16,0,0,layered_block,circular,per_chunk,1,1
117,32875,36750,16,0,0,layered_block,circular,per_chunk,1,1
118,23292,27083,16,0,0,layered_block,circular,per_chunk,1,1
119,23583,27333,16,0,0,layered_block,circular,per_chunk,1,1
120,25125,29084,16,0,0,layered_block,circular,per_chunk,1,1
121,24166,28000,16,0,0,layered_block,circular,per_chunk,1,1
122,22708,26542,16,0,0,layered_block,circular,per_chunk,1,1
123,23250,27167,16,0,0,layered_block,circular,per_chunk,1,1
124,23375,27208,16,0,0,layered_block,circular,per_chunk,1,1
125,23041,26917,16,0,0,layered_block,circular,per_chunk,1,1
126,24125,28041,16,0,0,layered_block,circular,per_chunk,1,1
127,23084,27042,16,0,0,layered_block,circular,per_chunk,1,1
128,23583,27375,16,0,0,layered_block,circular,per_chunk,1,1
129,24125,28000,16,0,0,layered_block,circular,per_chunk,1,1
130,22959,26834,16,0,0,layered_block,circular,per_chunk,1,1
131,22875,26750,16,0,0,layered_block,circular,per_chunk,1,1
132,24667,28500,16,0,0,layered_block,circular,per_chunk,1,1
133,22958,26833,16,0,0,layered_block,circular,per_chunk,1,1
134,23541,27416,16,0,0,layered_block,circular,per_chunk,1,1
135,23042,26875,16,0,0,layered_block,circular,per_chunk,1,1
136,23375,27833,16,0,0,layered_block,circular,per_chunk,1,1
137,23291,27167,16,0,0,layered_block,circular,per_chunk,1,1
138,23500,27375,16,0,0,layered_block,circular,per_chunk,1,1
139,22959,26833,16,0,0,layered_block,circular,per_chunk,1,1
140,23334,27166,16,0,0,layered_block,circular,per_chunk,1,1
141,23291,27167,16,0,0,layered_block,circular,per_chunk,1,1
142,22667,26542,16,0,0,layered_block,circular,per_chunk,1,1
143,22709,26542,16,0,0,layered_block,circular,per_chunk,1,1
144,30208,34167,16,0,0,layered_block,circular,per_chunk,1,1
145,22834,26708,16,0,0,layered_block,circular,per_chunk,1,1
146,23166,27083,16,0,0,layered_block,circular,per_chunk,1,1
147,23250,27167,16,0,0,layered_block,circular,per_chunk,1,1
148,23333,27209,16,0,0,layered_block,circular,per_chunk,1,1
149,22708,26625,16,0,0,layered_block,circular,per_chunk,1,1
150,22750,26584,16,0,0,layered_block,circular,per_chunk,1,1
151,29917,33875,16,0,0,layered_block,circular,per_chunk,1,1
152,22792,26584,16,0,0,layered_block,circular,per_chunk,1,1
153,23042,27042,16,0,0,layered_block,circular,per_chunk,1,1
154,23958,28083,16,0,0,layered_block,circular,per_chunk,1,1
155,23167,27000,16,0,0,layered_block,circular,per_chunk,1,1
156,23000,26833,16,0,0,layered_block,circular,per_chunk,1,1
157,22750,26583,16,0,0,layered_block,circular,per_chunk,1,1
158,22833,27291,16,0,0,layered_block,circular,per_chunk,1,1
159,22833,26708,16,0,0,layered_block,circular,per_chunk,1,1
160,23125,27042,16,0,0,layered_block,circular,per_chunk,1,1
161,23000,27708,16,0,0,layered_block,circular,per_chunk,1,1
162,22792,26625,16,0,0,layered_block,circular,per_chunk,1,1
163,23125,27250,16,0,0,layered_block,circular,per_chunk,1,1
164,22792,26625,16,0,0,layered_block,circular,per_chunk,1,1
165,22875,26709,16,0,0,layered_block,circular,per_chunk,1,1
166,22875,26666,16,0,0,layered_block,circular,per_chunk,1,1
167,23083,27000,16,0,0,layered_block,circular,per_chunk,1,1
168,23375,27208,16,0,0,layered_block,circular,per_chunk,1,1
169,22917,26792,16,0,0,layered_block,circular,per_chunk,1,1
170,22833,26792,16,0,0,layered_block,circular,per_chunk,1,1
171,23667,27542,16,0,0,layered_block,circular,per_chunk,1,1
172,22833,26666,16,0,0,layered_block,circular,per_chunk,1,1
173,22625,26584,16,0,0,layered_block,circular,per_chunk,1,1
174,23709,27625,16,0,0,layered_block,circular,per_chunk,1,1
175,23292,27125,16,0,0,layered_block,circular,per_chunk,1,1
176,23333,27167,16,0,0,layered_block,circular,per_chunk,1,1
177,24292,28125,16,0,0,layered_block,circular,per_chunk,1,1
178,23500,27334,16,0,0,layered_block,circular,per_chunk,1,1
179,23459,27292,16,0,0,layered_block,circular,per_chunk,1,1
180,24292,28167,16,0,0,layered_block,circular,per_chunk,1,1
181,32833,36750,16,0,0,layered_block,circular,per_chunk,1,1
182,22833,26583,16,0,0,layered_block,circular,per_chunk,1,1
183,23125,27000,16,0,0,layered_block,circular,per_chunk,1,1
184,23250,27083,16,0,0,layered_block,circular,per_chunk,1,1
185,23959,27791,16,0,0,layered_block,circular,per_chunk,1,1
186,24083,27959,16,0,0,layered_block,circular,per_chunk,1,1
187,22791,26583,16,0,0,layered_block,circular,per_chunk,1,1
188,22792,26583,16,0,0,layered_block,circular,per_chunk,1,1
189,23208,27083,16,0,0,layered_block,circular,per_chunk,1,1
190,23542,27417,16,0,0,layered_block,circular,per_chunk,1,1
191,23333,27292,16,0,0,layered_block,circular,per_chunk,1,1
192,23708,34417,16,0,0,layered_block,circular,per_chunk,1,1
193,22791,26708,16,0,0,layered_block,circular,per_chunk,1,1
194,24250,28083,16,0,0,layered_block,circular,per_chunk,1,1
195,23167,27000,16,0,0,layered_block,circular,per_chunk,1,1
196,22875,26708,16,0,0,layered_block,circular,per_chunk,1,1
197,23459,27333,16,0,0,layered_block,circular,per_chunk,1,1
198,23375,27167,16,0,0,layered_block,circular,per_chunk,1,1
199,24000,27875,16,0,0,layered_block,circular,per_chunk,1,1
200,25000,28791,16,0,0,layered_block,circular,per_chunk,1,1
201,23541,27500,16,0,0,layered_block,circular,per_chunk,1,1
202,23208,27041,16,0,0,layered_block,circular,per_chunk,1,1
203,23209,27083,16,0,0,layered_block,circular,per_chunk,1,1
204,29083,33041,16,0,0,layered_block,circular,per_chunk,1,1
205,23292,27125,16,0,0,layered_block,circular,per_chunk,1,1
206,23167,27083,16,0,0,layered_block,circular,per_chunk,1,1
207,31875,35750,16,0,0,layered_block,circular,per_chunk,1,1
208,23125,26959,16,0,0,layered_block,circular,per_chunk,1,1
209,23083,26917,16,0,0,layered_block,circular,per_chunk,1,1
210,22792,26667,16,0,0,layered_block,circular,per_chunk,1,1
211,23334,27166,16,0,0,layered_block,circular,per_chunk,1,1
212,23250,27125,16,0,0,layered_block,circular,per_chunk,1,1
213,23000,26917,16,0,0,layered_block,circular,per_chunk,1,1
214,23916,27792,16,0,0,layered_block,circular,per_chunk,1,1
215,23375,27792,16,0,0,layered_block,circular,per_chunk,1,1
216,22792,26667,16,0,0,layered_block,circular,per_chunk,1,1
217,22750,26625,16,0,0,layered_block,circular,per_chunk,1,1
218,24750,35542,16,0,0,layered_block,circular,per_chunk,1,1
219,23333,27083,16,0,0,layered_block,circular,per_chunk,1,1
220,25042,28875,16,0,0,layered_block,circular,per_chunk,1,1
221,23708,27625,16,0,0,layered_block,circular,per_chunk,1,1
222,23042,26875,16,0,0,layered_block,circular,per_chunk,1,1
223,23833,27750,16,0,0,layered_block,circular,per_chunk,1,1
224,31125,35125,16,0,0,layered_block,circular,per_chunk,1,1
225,23042,26792,16,0,0,layered_block,circular,per_chunk,1,1
226,23375,27209,16,0,0,layered_block,circular,per_chunk,1,1
227,23959,28125,16,0,0,layered_block,circular,per_chunk,1,1
228,23250,27083,16,0,0,layered_block,circular,per_chunk,1,1
229,22666,26541,16,0,0,layered_block,circular,per_chunk,1,1
230,23750,27667,16,0,0,layered_block,circular,per_chunk,1,1
231,23208,27000,16,0,0,layered_block,circular,per_chunk,1,1
232,24166,28042,16,0,0,layered_block,circular,per_chunk,1,1
233,23375,27292,16,0,0,layered_block,circular,per_chunk,1,1
234,23209,27084,16,0,0,layered_block,circular,per_chunk,1,1
235,23042,26834,16,0,0,layered_block,circular,per_chunk,1,1
236,23875,28292,16,0,0,layered_block,circular,per_chunk,1,1
237,23208,27125,16,0,0,layered_block,circular,per_chunk,1,1
238,22750,26541,16,0,0,layered_block,circular,per_chunk,1,1
239,29083,32917,16,0,0,layered_block,circular,per_chunk,1,1
240,23833,27667,16,0,0,layered_block,circular,per_chunk,1,1
241,23375,27208,16,0,0,layered_block,circular,per_chunk,1,1
242,23875,27792,16,0,0,layered_block,circular,per_chunk,1,1
243,23041,26833,16,0,0,layered_block,circular,per_chunk,1,1
244,23500,27333,16,0,0,layered_block,circular,per_chunk,1,1
245,31625,35500,16,0,0,layered_block,circular,per_chunk,1,1
246,23417,27167,16,0,0,layered_block,circular,per_chunk,1,1
247,23583,27375,16,0,0,layered_block,circular,per_chunk,1,1
248,23417,27292,16,0,0,layered_block,circular,per_chunk,1,1
249,23750,27625,16,0,0,layered_block,circular,per_chunk,1,1
250,22958,26833,16,0,0,layered_block,circular,per_chunk,1,1
251,31083,35042,16,0,0,layered_block,circular,per_chunk,1,1
252,22875,26708,16,0,0,layered_block,circular,per_chunk,1,1
253,85833,91334,16,0,0,layered_block,circular,per_chunk,1,1
254,30417,34292,16,0,0,layered_block,circular,per_chunk,1,1
255,23958,27792,16,0,0,layered_block,circular,per_chunk,1,1
256,23208,27000,16,0,0,layered_block,circular,per_chunk,1,1
257,29708,33667,16,0,0,layered_block,circular,per_chunk,1,1
258,23584,27375,16,0,0,layered_block,circular,per_chunk,1,1
259,24459,28416,16,0,0,layered_block,circular,per_chunk,1,1
260,32875,36750,16,0,0,layered_block,circular,per_chunk,1,1
261,22958,26875,16,0,0,layered_block,circular,per_chunk,1,1
262,23875,27666,16,0,0,layered_block,circular,per_chunk,1,1
263,23334,27208,16,0,0,layered_block,circular,per_chunk,1,1
264,23708,27500,16,0,0,layered_block,circular,per_chunk,1,1
265,23833,27791,16,0,0,layered_block,circular,per_chunk,1,1
266,23417,27292,16,0,0,layered_block,circular,per_chunk,1,1
267,23875,27750,16,0,0,layered_block,circular,per_chunk,1,1
268,23792,27584,16,0,0,layered_block,circular,per_chunk,1,1
269,23500,27333,16,0,0,layered_block,circular,per_chunk,1,1
270,23083,27042,16,0,0,layered_block,circular,per_chunk,1,1
271,23333,27583,16,0,0,layered_block,circular,per_chunk,1,1
272,23041,26875,16,0,0,layered_block,circular,per_chunk,1,1
273,24042,27917,16,0,0,layered_block,circular,per_chunk,1,1
274,24083,28292,16,0,0,layered_block,circular,per_chunk,1,1
275,23334,27166,16,0,0,layered_block,circular,per_chunk,1,1
276,23417,27208,16,0,0,layered_block,circular,per_chunk,1,1
277,23375,27292,16,0,0,layered_block,circular,per_chunk,1,1
278,23375,27209,16,0,0,layered_block,circular,per_chunk,1,1
279,23250,27083,16,0,0,layered_block,circular,per_chunk,1,1
280,23500,27333,16,0,0,layered_block,circular,per_chunk,1,1
281,22917,26792,16,0,0,layered_block,circular,per_chunk,1,1
282,23042,26875,16,0,0,layered_block,circular,per_chunk,1,1
283,23625,27500,16,0,0,layered_block,circular,per_chunk,1,1
284,22959,26792,16,0,0,layered_block,circular,per_chunk,1,1
285,23625,27417,16,0,0,layered_block,circular,per_chunk,1,1
286,30291,34208,16,0,0,layered_block,circular,per_chunk,1,1
287,23708,27625,16,0,0,layered_block,circular,per_chunk,1,1
288,23208,27083,16,0,0,layered_block,circular,per_chunk,1,1
289,23792,34333,16,0,0,layered_block,circular,per_chunk,1,1
290,22917,26834,16,0,0,layered_block,circular,per_chunk,1,1
291,23833,27667,16,0,0,layered_block,circular,per_chunk,1,1
292,23000,26792,16,0,0,layered_block,circular,per_chunk,1,1
293,25042,28917,16,0,0,layered_block,circular,per_chunk,1,1
294,23500,27334,16,0,0,layered_block,circular,per_chunk,1,1
295,31333,35250,16,0,0,layered_block,circular,per_chunk,1,1
296,23000,26875,16,0,0,layered_block,circular,per_chunk,1,1
297,23791,27583,16,0,0,layered_block,circular,per_chunk,1,1
298,23541,27375,16,0,0,layered_block,circular,per_chunk,1,1
299,22791,26625,16,0,0,layered_block,circular,per_chunk,1,1
300,24417,28208,16,0,0,layered_block,circular,per_chunk,1,1
301,24375,28208,16,0,0,layered_block,circular,per_chunk,1,1
302,22750,26584,16,0,0,layered_block,circular,per_chunk,1,1
303,23000,26792,16,0,0,layered_block,circular,per_chunk,1,1
304,23083,26916,16,0,0,layered_block,circular,per_chunk,1,1
305,22833,26709,16,0,0,layered_block,circular,per_chunk,1,1
306,23167,27167,16,0,0,layered_block,circular,per_chunk,1,1
307,32208,36209,16,0,0,layered_block,circular,per_chunk,1,1
308,23125,26917,16,0,0,layered_block,circular,per_chunk,1,1
309,23500,27375,16,0,0,layered_block,circular,per_chunk,1,1
310,22833,26625,16,0,0,layered_block,circular,per_chunk,1,1
311,23208,27084,16,0,0,layered_block,circular,per_chunk,1,1
312,23417,27250,16,0,0,layered_block,circular,per_chunk,1,1
313,25208,29167,16,0,0,layered_block,circular,per_chunk,1,1
314,23375,27208,16,0,0,layered_block,circular,per_chunk,1,1
315,23292,27208,16,0,0,layered_block,circular,per_chunk,1,1
316,23083,26917,16,0,0,layered_block,circular,per_chunk,1,1
317,23500,27333,16,0,0,layered_block,circular,per_chunk,1,1
318,23916,27750,16,0,0,layered_block,circular,per_chunk,1,1
319,23416,27375,16,0,0,layered_block,circular,per_chunk,1,1
320,23458,27375,16,0,0,layered_block,circular,per_chunk,1,1
321,23250,27583,16,0,0,layered_block,circular,per_chunk,1,1
322,23209,27125,16,0,0,layered_block,circular,per_chunk,1,1
323,23584,27459,16,0,0,layered_block,circular,per_chunk,1,1
324,23917,27833,16,0,0,layered_block,circular,per_chunk,1,1
325,23416,27250,16,0,0,layered_block,circular,per_chunk,1,1
326,23458,27291,16,0,0,layered_block,circular,per_chunk,1,1
327,23209,27541,16,0,0,layered_block,circular,per_chunk,1,1
328,23458,27333,16,0,0,layered_block,circular,per_chunk,1,1
329,23083,26916,16,0,0,layered_block,circular,per_chunk,1,1
330,31000,34917,16,0,0,layered_block,circular,per_chunk,1,1
331,23000,26750,16,0,0,layered_block,circular,per_chunk,1,1
332,23792,27792,16,0,0,layered_block,circular,per_chunk,1,1
333,23834,27667,16,0,0,layered_block,circular,per_chunk,1,1
334,23750,27583,16,0,0,layered_block,circular,per_chunk,1,1
335,23041,26875,16,0,0,layered_block,circular,per_chunk,1,1
336,24166,28333,16,0,0,layered_block,circular,per_chunk,1,1
337,23208,27042,16,0,0,layered_block,circular,per_chunk,1,1
338,23583,27375,16,0,0,layered_block,circular,per_chunk,1,1
339,22875,26709,16,0,0,layered_block,circular,per_chunk,1,1
340,23667,27541,16,0,0,layered_block,circular,per_chunk,1,1
341,23167,27000,16,0,0,layered_block,circular,per_chunk,1,1
342,22709,32833,16,0,0,layered_block,circular,per_chunk,1,1
343,23000,26833,16,0,0,layered_block,circular,per_chunk,1,1
344,23083,26875,16,0,0,layered_block,circular,per_chunk,1,1
345,23083,26958,16,0,0,layered_block,circular,per_chunk,1,1
346,22750,26542,16,0,0,layered_block,circular,per_chunk,1,1
347,23167,27000,16,0,0,layered_block,circular,per_chunk,1,1
348,31125,35041,16,0,0,layered_block,circular,per_chunk,1,1
349,22916,26708,16,0,0,layered_block,circular,per_chunk,1,1
350,23375,27375,16,0,0,layered_block,circular,per_chunk,1,1
351,22667,26500,16,0,0,layered_block,circular,per_chunk,1,1
352,23041,26875,16,0,0,layered_block,circular,per_chunk,1,1
353,23666,27458,16,0,0,layered_block,circular,per_chunk,1,1
354,22833,26667,16,0,0,layered_block,circular,per_chunk,1,1
355,23125,26916,16,0,0,layered_block,circular,per_chunk,1,1
356,23083,26959,16,0,0,layered_block,circular,per_chunk,1,1
357,22708,26541,16,0,0,layered_block,circular,per_chunk,1,1
358,22959,26791,16,0,0,layered_block,circular,per_chunk,1,1
359,23834,27750,16,0,0,layered_block,circular,per_chunk,1,1
360,23583,27459,16,0,0,layered_block,circular,per_chunk,1,1
361,23000,26833,16,0,0,layered_block,circular,per_chunk,1,1
362,24000,28000,16,0,0,layered_block,circular,per_chunk,1,1
363,23584,27416,16,0,0,layered_block,circular,per_chunk,1,1
364,23167,26959,16,0,0,layered_block,circular,per_chunk,1,1
365,30750,34625,16,0,0,layered_block,circular,per_chunk,1,1
366,22875,26625,16,0,0,layered_block,circular,per_chunk,1,1
367,23791,27708,16,0,0,layered_block,circular,per_chunk,1,1
368,23500,27417,16,0,0,layered_block,circular,per_chunk,1,1
369,23042,26958,16,0,0,layered_block,circular,per_chunk,1,1
370,22959,26834,16,0,0,layered_block,circular,per_chunk,1,1
371,24791,28667,16,0,0,layered_block,circular,per_chunk,1,1
372,23208,27083,16,0,0,layered_block,circular,per_chunk,1,1
373,22833,26667,16,0,0,layered_block,circular,per_chunk,1,1
374,24000,27834,16,0,0,layered_block,circular,per_chunk,1,1
375,22750,26625,16,0,0,layered_block,circular,per_chunk,1,1
376,23625,27458,16,0,0,layered_block,circular,per_chunk,1,1
377,23792,27625,16,0,0,layered_block,circular,per_chunk,1,1
378,23000,26833,16,0,0,layered_block,circular,per_chunk,1,1
379,23416,27292,16,0,0,layered_block,circular,per_chunk,1,1
380,23917,27834,16,0,0,layered_block,circular,per_chunk,1,1
381,22792,26584,16,0,0,layered_block,circular,per_chunk,1,1
382,23333,27208,16,0,0,layered_block,circular,per_chunk,1,1
383,23458,27500,16,0,0,layered_block,circular,per_chunk,1,1
384,24084,27875,16,0,0,layered_block,circular,per_chunk,1,1
385,23417,27209,16,0,0,layered_block,circular,per_chunk,1,1
386,24000,28417,16,0,0,layered_block,circular,per_chunk,1,1
387,23000,26916,16,0,0,layered_block,circular,per_chunk,1,1
388,22875,26875,16,0,0,layered_block,circular,per_chunk,1,1
389,31542,35417,16,0,0,layered_block,circular,per_chunk,1,1
390,22834,26708,16,0,0,layered_block,circular,per_chunk,1,1
391,23375,27542,16,0,0,layered_block,circular,per_chunk,1,1
392,23208,27125,16,0,0,layered_block,circular,per_chunk,1,1
393,24958,28750,16,0,0,layered_block,circular,per_chunk,1,1
394,22958,26833,16,0,0,layered_block,circular,per_chunk,1,1
395,22792,26667,16,0,0,layered_block,circular,per_chunk,1,1
396,22917,26791,16,0,0,layered_block,circular,per_chunk,1,1
397,23625,27875,16,0,0,layered_block,circular,per_chunk,1,1
398,23125,27000,16,0,0,layered_block,circular,per_chunk,1,1
399,23292,27166,16,0,0,layered_block,circular,per_chunk,1,1
400,23500,27583,16,0,0,layered_block,circular,per_chunk,1,1
401,24291,28208,16,0,0,layered_block,circular,per_chunk,1,1
402,23333,27083,16,0,0,layered_block,circular,per_chunk,1,1
403,23584,27584,16,0,0,layered_block,circular,per_chunk,1,1
404,22917,26791,16,0,0,layered_block,circular,per_chunk,1,1
405,23458,27208,16,0,0,layered_block,circular,per_chunk,1,1
406,24000,27916,16,0,0,layered_block,circular,per_chunk,1,1
407,23750,27625,16,0,0,layered_block,circular,per_chunk,1,1
408,23042,26916,16,0,0,layered_block,circular,per_chunk,1,1
409,23250,27042,16,0,0,layered_block,circular,per_chunk,1,1
410,22708,26583,16,0,0,layered_block,circular,per_chunk,1,1
411,23333,27167,16,0,0,layered_block,circular,per_chunk,1,1
412,23500,27334,16,0,0,layered_block,circular,per_chunk,1,1
413,32500,36542,16,0,0,layered_block,circular,per_chunk,1,1
414,23583,27417,16,0,0,layered_block,circular,per_chunk,1,1
415,23584,27459,16,0,0,layered_block,circular,per_chunk,1,1
416,22792,26667,16,0,0,layered_block,circular,per_chunk,1,1
417,23500,27375,16,0,0,layered_block,circular,per_chunk,1,1
418,23334,27334,16,0,0,layered_block,circular,per_chunk,1,1
419,23250,27166,16,0,0,layered_block,circular,per_chunk,1,1
420,23291,27041,16,0,0,layered_block,circular,per_chunk,1,1
421,23333,27209,16,0,0,layered_block,circular,per_chunk,1,1
422,23250,27042,16,0,0,layered_block,circular,per_chunk,1,1
423,22917,26834,16,0,0,layered_block,circular,per_chunk,1,1
424,23166,27000,16,0,0,layered_block,circular,per_chunk,1,1
425,23708,27542,16,0,0,layered_block,circular,per_chunk,1,1
426,23208,27083,16,0,0,layered_block,circular,per_chunk,1,1
427,23583,27500,16,0,0,layered_block,circular,per_chunk,1,1
428,23208,27041,16,0,0,layered_block,circular,per_chunk,1,1
429,23042,26916,16,0,0,layered_block,circular,per_chunk,1,1
430,24458,28333,16,0,0,layered_block,circular,per_chunk,1,1
431,22791,26667,16,0,0,layered_block,circular,per_chunk,1,1
432,22833,26708,16,0,0,layered_block,circular,per_chunk,1,1
433,24417,28334,16,0,0,layered_block,circular,per_chunk,1,1
434,23333,27167,16,0,0,layered_block,circular,per_chunk,1,1
435,23125,26917,16,0,0,layered_block,circular,per_chunk,1,1
436,23417,27791,16,0,0,layered_block,circular,per_chunk,1,1
437,22833,26667,16,0,0,layered_block,circular,per_chunk,1,1
438,23583,27417,16,0,0,layered_block,circular,per_chunk,1,1
439,24959,29000,16,0,0,layered_block,circular,per_chunk,1,1
440,23709,27584,16,0,0,layered_block,circular,per_chunk,1,1
441,23167,26959,16,0,0,layered_block,circular,per_chunk,1,1
442,23417,27292,16,0,0,layered_block,circular,per_chunk,1,1
443,23041,26875,16,0,0,layered_block,circular,per_chunk,1,1
444,23958,27750,16,0,0,layered_block,circular,per_chunk,1,1
445,30667,34625,16,0,0,layered_block,circular,per_chunk,1,1
446,23667,27541,16,0,0,layered_block,circular,per_chunk,1,1
447,23416,27375,16,0,0,layered_block,circular,per_chunk,1,1
448,23208,27166,16,0,0,layered_block,circular,per_chunk,1,1
449,23084,26959,16,0,0,layered_block,circular,per_chunk,1,1
450,22917,26709,16,0,0,layered_block,circular,per_chunk,1,1
451,22750,26583,16,0,0,layered_block,circular,per_chunk,1,1
452,23208,27042,16,0,0,layered_block,circular,per_chunk,1,1
453,23583,27417,16,0,0,layered_block,circular,per_chunk,1,1
454,22958,27709,16,0,0,layered_block,circular,per_chunk,1,1
455,22709,26625,16,0,0,layered_block,circular,per_chunk,1,1
456,22875,26667,16,0,0,layered_block,circular,per_chunk,1,1
457,23250,27125,16,0,0,layered_block,circular,per_chunk,1,1
458,22917,26750,16,0,0,layered_block,circular,per_chunk,1,1
459,24833,28750,16,0,0,layered_block,circular,per_chunk,1,1
460,32292,36209,16,0,0,layered_block,circular,per_chunk,1,1
461,25416,29250,16,0,0,layered_block,circular,per_chunk,1,1
462,23417,27292,16,0,0,layered_block,circular,per_chunk,1,1
463,23292,27167,16,0,0,layered_block,circular,per_chunk,1,1
464,23208,27000,16,0,0,layered_block,circular,per_chunk,1,1
465,23083,27042,16,0,0,layered_block,circular,per_chunk,1,1
466,32083,36000,16,0,0,layered_block,circular,per_chunk,1,1
467,23208,27042,16,0,0,layered_block,circular,per_chunk,1,1
468,23333,27166,16,0,0,layered_block,circular,per_chunk,1,1
469,30958,34959,16,0,0,layered_block,circular,per_chunk,1,1
470,23042,26792,16,0,0,layered_block,circular,per_chunk,1,1
471,23500,27333,16,0,0,layered_block,circular,per_chunk,1,1
472,31333,35250,16,0,0,layered_block,circular,per_chunk,1,1
473,23125,27041,16,0,0,layered_block,circular,per_chunk,1,1
474,23250,27042,16,0,0,layered_block,circular,per_chunk,1,1
475,23417,27833,16,0,0,layered_block,circular,per_chunk,1,1
476,23083,26958,16,0,0,layered_block,circular,per_chunk,1,1
477,23917,27834,16,0,0,layered_block,circular,per_chunk,1,1
478,22958,26875,16,0,0,layered_block,circular,per_chunk,1,1
479,32250,36166,16,0,0,layered_block,circular,per_chunk,1,1
480,23583,27417,16,0,0,layered_block,circular,per_chunk,1,1
481,23792,27625,16,0,0,layered_block,circular,per_chunk,1,1
482,30708,34708,16,0,0,layered_block,circular,per_chunk,1,1
483,23292,27125,16,0,0,layered_block,circular,per_chunk,1,1
484,23709,27625,16,0,0,layered_block,circular,per_chunk,1,1
485,32083,36083,16,0,0,layered_block,circular,per_chunk,1,1
486,23250,27083,16,0,0,layered_block,circular,per_chunk,1,1
487,23375,27209,16,0,0,layered_block,circular,per_chunk,1,1
488,24042,27958,16,0,0,layered_block,circular,per_chunk,1,1
489,23041,26917,16,0,0,layered_block,circular,per_chunk,1,1
490,23084,26959,16,0,0,layered_block,circular,per_chunk,1,1
491,24167,28125,16,0,0,layered_block,circular,per_chunk,1,1
492,33167,37167,16,0,0,layered_block,circular,per_chunk,1,1
493,23083,27000,16,0,0,layered_block,circular,per_chunk,1,1
494,23083,26917,16,0,0,layered_block,circular,per_chunk,1,1
495,32916,36875,16,0,0,layered_block,circular,per_chunk,1,1
496,24000,27750,16,0,0,layered_block,circular,per_chunk,1,1
497,23375,27166,16,0,0,layered_block,circular,per_chunk,1,1
498,23458,27291,16,0,0,layered_block,circular,per_chunk,1,1
499,23584,27542,16,0,0,layered_block,circular,per_chunk,1,1
500,22875,26709,16,0,0,layered_block,circular,per_chunk,1,1
501,23625,27542,16,0,0,layered_block,circular,per_chunk,1,1
502,22750,26667,16,0,0,layered_block,circular,per_chunk,1,1
503,23000,26834,16,0,0,layered_block,circular,per_chunk,1,1
504,23708,28166,16,0,0,layered_block,circular,per_chunk,1,1
505,32375,36292,16,0,0,layered_block,circular,per_chunk,1,1
506,22666,26500,16,0,0,layered_block,circular,per_chunk,1,1
507,22917,26791,16,0,0,layered_block,circular,per_chunk,1,1
508,32708,36667,16,0,0,layered_block,circular,per_chunk,1,1
509,22750,26542,16,0,0,layered_block,circular,per_chunk,1,1
510,24250,28042,16,0,0,layered_block,circular,per_chunk,1,1
511,24291,28208,16,0,0,layered_block,circular,per_chunk,1,1
512,23417,27334,16,0,0,layered_block,circular,per_chunk,1,1
513,24000,27875,16,0,0,layered_block,circular,per_chunk,1,1
514,23625,27500,16,0,0,layered_block,circular,per_chunk,1,1
515,23875,27834,16,0,0,layered_block,circular,per_chunk,1,1
516,23417,27292,16,0,0,layered_block,circular,per_chunk,1,1
517,23833,27709,16,0,0,layered_block,circular,per_chunk,1,1
518,32125,36084,16,0,0,layered_block,circular,per_chunk,1,1
519,23250,27167,16,0,0,layered_block,circular,per_chunk,1,1
520,23250,27084,16,0,0,layered_block,circular,per_chunk,1,1
521,24458,36000,16,0,0,layered_block,circular,per_chunk,1,1
522,23000,26834,16,0,0,layered_block,circular,per_chunk,1,1
523,23542,27333,16,0,0,layered_block,circular,per_chunk,1,1
524,24000,34916,16,0,0,layered_block,circular,per_chunk,1,1
525,23792,27625,16,0,0,layered_block,circular,per_chunk,1,1
526,23042,26875,16,0,0,layered_block,circular,per_chunk,1,1
527,23583,27458,16,0,0,layered_block,circular,per_chunk,1,1
528,23250,27083,16,0,0,layered_block,circular,per_chunk,1,1
529,23333,27208,16,0,0,layered_block,circular,per_chunk,1,1
530,23458,27458,16,0,0,layered_block,circular,per_chunk,1,1
531,29875,33792,16,0,0,layered_block,circular,per_chunk,1,1
532,24333,28375,16,0,0,layered_block,circular,per_chunk,1,1
533,22875,26750,16,0,0,layered_block,circular,per_chunk,1,1
534,23666,27708,16,0,0,layered_block,circular,per_chunk,1,1
535,23416,27292,16,0,0,layered_block,circular,per_chunk,1,1
536,22875,26792,16,0,0,layered_block,circular,per_chunk,1,1
537,23208,27542,16,0,0,layered_block,circular,per_chunk,1,1
538,22917,26792,16,0,0,layered_block,circular,per_chunk,1,1
539,23500,27334,16,0,0,layered_block,circular,per_chunk,1,1
540,23292,27209,16,0,0,layered_block,circular,per_chunk,1,1
541,23958,27958,16,0,0,layered_block,circular,per_chunk,1,1
542,22750,26667,16,0,0,layered_block,circular,per_chunk,1,1
543,22500,26375,16,0,0,layered_block,circular,per_chunk,1,1
544,23750,27708,16,0,0,layered_block,circular,per_chunk,1,1
545,23292,27166,16,0,0,layered_block,circular,per_chunk,1,1
546,23209,27083,16,0,0,layered_block,circular,per_chunk,1,1
547,23084,27458,16,0,0,layered_block,circular,per_chunk,1,1
548,23417,27334,16,0,0,layered_block,circular,per_chunk,1,1
549,23417,27208,16,0,0,layered_block,circular,per_chunk,1,1
550,23042,26959,16,0,0,layered_block,circular,per_chunk,1,1
551,31834,35791,16,0,0,layered_block,circular,per_chunk,1,1
552,23208,27167,16,0,0,layered_block,circular,per_chunk,1,1
553,24542,28417,16,0,0,layered_block,circular,per_chunk,1,1
554,31541,35500,16,0,0,layered_block,circular,per_chunk,1,1
555,23917,27750,16,0,0,layered_block,circular,per_chunk,1,1
556,22875,26709,16,0,0,layered_block,circular,per_chunk,1,1
557,24458,28333,16,0,0,layered_block,circular,per_chunk,1,1
558,23708,27541,16,0,0,layered_block,circular,per_chunk,1,1
559,23958,27833,16,0,0,layered_block,circular,per_chunk,1,1
560,23208,27167,16,0,0,layered_block,circular,per_chunk,1,1
561,23500,27375,16,0,0,layered_block,circular,per_chunk,1,1
562,23416,27333,16,0,0,layered_block,circular,per_chunk,1,1
563,23667,27583,16,0,0,layered_block,circular,per_chunk,1,1
564,30125,34083,16,0,0,layered_block,circular,per_chunk,1,1
565,23667,27458,16,0,0,layered_block,circular,per_chunk,1,1
566,23583,27417,16,0,0,layered_block,circular,per_chunk,1,1
567,32042,36084,16,0,0,layered_block,circular,per_chunk,1,1
568,24459,28250,16,0,0,layered_block,circular,per_chunk,1,1
569,23292,27166,16,0,0,layered_block,circular,per_chunk,1,1
570,24000,27917,16,0,0,layered_block,circular,per_chunk,1,1
571,23500,27334,16,0,0,layered_block,circular,per_chunk,1,1
572,22750,26625,16,0,0,layered_block,circular,per_chunk,1,1
573,24042,27958,16,0,0,layered_block,circular,per_chunk,1,1
574,23209,27166,16,0,0,layered_block,circular,per_chunk,1,1
575,23125,27042,16,0,0,layered_block,circular,per_chunk,1,1
576,23875,28291,16,0,0,layered_block,circular,per_chunk,1,1
577,31166,35125,16,0,0,layered_block,circular,per_chunk,1,1
578,22958,26875,16,0,0,layered_block,circular,per_chunk,1,1
579,23292,27167,16,0,0,layered_block,circular,per_chunk,1,1
580,29041,33083,16,0,0,layered_block,circular,per_chunk,1,1
581,23583,27375,16,0,0,layered_block,circular,per_chunk,1,1
582,23084,26958,16,0,0,layered_block,circular,per_chunk,1,1
583,23375,27625,16,0,0,layered_block,circular,per_chunk,1,1
584,23500,27292,16,0,0,layered_block,circular,per_chunk,1,1
585,23084,26916,16,0,0,layered_block,circular,per_chunk,1,1
586,24125,28000,16,0,0,layered_block,circular,per_chunk,1,1
587,22792,26625,16,0,0,layered_block,circular,per_chunk,1,1
588,24042,27916,16,0,0,layered_block,circular,per_chunk,1,1
589,30667,34584,16,0,0,layered_block,circular,per_chunk,1,1
590,24042,27959,16,0,0,layered_block,circular,per_chunk,1,1
591,23208,27125,16,0,0,layered_block,circular,per_chunk,1,1
592,23542,28042,16,0,0,layered_block,circular,per_chunk,1,1
593,22709,26625,16,0,0,layered_block,circular,per_chunk,1,1
594,22708,26584,16,0,0,layered_block,circular,per_chunk,1,1
595,31250,35250,16,0,0,layered_block,circular,per_chunk,1,1
596,25000,28875,16,0,0,layered_block,circular,per_chunk,1,1
597,23250,27167,16,0,0,layered_block,circular,per_chunk,1,1
598,23542,27459,16,0,0,layered_block,circular,per_chunk,1,1
599,22667,26542,16,0,0,layered_block,circular,per_chunk,1,1
600,23042,26958,16,0,0,layered_block,circular,per_chunk,1,1
601,23125,27083,16,0,0,layered_block,circular,per_chunk,1,1
602,22917,26833,16,0,0,layered_block,circular,per_chunk,1,1
603,23041,26958,16,0,0,layered_block,circular,per_chunk,1,1
604,23458,27417,16,0,0,layered_block,circular,per_chunk,1,1
605,23000,26833,16,0,0,layered_block,circular,per_chunk,1,1
606,23209,27083,16,0,0,layered_block,circular,per_chunk,1,1
607,23750,33584,16,0,0,layered_block,circular,per_chunk,1,1
608,22792,26709,16,0,0,layered_block,circular,per_chunk,1,1
609,23083,26917,16,0,0,layered_block,circular,per_chunk,1,1
610,23708,28166,16,0,0,layered_block,circular,per_chunk,1,1
611,23000,26917,16,0,0,layered_block,circular,per_chunk,1,1
612,22916,26750,16,0,0,layered_block,circular,per_chunk,1,1
613,30291,34333,16,0,0,layered_block,circular,per_chunk,1,1
614,23000,26834,16,0,0,layered_block,circular,per_chunk,1,1
615,23500,27333,16,0,0,layered_block,circular,per_chunk,1,1
616,24625,28459,16,0,0,layered_block,circular,per_chunk,1,1
617,23458,27375,16,0,0,layered_block,circular,per_chunk,1,1
618,22917,26791,16,0,0,layered_block,circular,per_chunk,1,1
619,30750,34792,16,0,0,layered_block,circular,per_chunk,1,1
620,23083,26917,16,0,0,layered_block,circular,per_chunk,1,1
621,23125,27000,16,0,0,layered_block,circular,per_chunk,1,1
622,23083,27000,16,0,0,layered_block,circular,per_chunk,1,1
623,22917,26875,16,0,0,layered_block,circular,per_chunk,1,1
624,23292,27167,16,0,0,layered_block,circular,per_chunk,1,1
625,23709,27625,16,0,0,layered_block,circular,per_chunk,1,1
626,23000,26875,16,0,0,layered_block,circular,per_chunk,1,1
627,22833,26708,16,0,0,layered_block,circular,per_chunk,1,1
628,31417,35334,16,0,0,layered_block,circular,per_chunk,1,1
629,25084,29250,16,0,0,layered_block,circular,per_chunk,1,1
630,23709,27791,16,0,0,layered_block,circular,per_chunk,1,1
631,22875,26709,16,0,0,layered_block,circular,per_chunk,1,1
632,22834,26708,16,0,0,layered_block,circular,per_chunk,1,1
633,23000,26916,16,0,0,layered_block,circular,per_chunk,1,1
634,23125,27083,16,0,0,layered_block,circular,per_chunk,1,1
635,22917,26750,16,0,0,layered_block,circular,per_chunk,1,1
636,22709,26583,16,0,0,layered_block,circular,per_chunk,1,1
637,30166,34125,16,0,0,layered_block,circular,per_chunk,1,1
638,23000,26833,16,0,0,layered_block,circular,per_chunk,1,1
639,22916,26833,16,0,0,layered_block,circular,per_chunk,1,1
640,22917,26792,16,0,0,layered_block,circular,per_chunk,1,1
641,22916,26833,16,0,0,layered_block,circular,per_chunk,1,1
642,22958,26834,16,0,0,layered_block,circular,per_chunk,1,1
643,22958,26792,16,0,0,layered_block,circular,per_chunk,1,1
644,23208,27708,16,0,0,layered_block,circular,per_chunk,1,1
645,22834,26666,16,0,0,layered_block,circular,per_chunk,1,1
646,23042,26875,16,0,0,layered_block,circular,per_chunk,1,1
647,22833,26709,16,0,0,layered_block,circular,per_chunk,1,1
648,23209,27166,16,0,0,layered_block,circular,per_chunk,1,1
649,30375,34334,16,0,0,layered_block,circular,per_chunk,1,1
650,22708,26583,16,0,0,layered_block,circular,per_chunk,1,1
651,22916,26875,16,0,0,layered_block,circular,per_chunk,1,1
652,23083,27000,16,0,0,layered_block,circular,per_chunk,1,1
653,22750,26625,16,0,0,layered_block,circular,per_chunk,1,1
654,29875,33833,16,0,0,layered_block,circular,per_chunk,1,1
655,22916,26708,16,0,0,layered_block,circular,per_chunk,1,1
656,22875,26792,16,0,0,layered_block,circular,per_chunk,1,1
657,23125,27000,16,0,0,layered_block,circular,per_chunk,1,1
658,22708,26625,16,0,0,layered_block,circular,per_chunk,1,1
659,23083,27125,16,0,0,layered_block,circular,per_chunk,1,1
660,22875,26667,16,0,0,layered_block,circular,per_chunk,1,1
661,23375,27334,16,0,0,layered_block,circular,per_chunk,1,1
662,22791,26666,16,0,0,layered_block,circular,per_chunk,1,1
663,23041,26833,16,0,0,layered_block,circular,per_chunk,1,1
664,23333,27500,16,0,0,layered_block,circular,per_chunk,1,1
665,22750,26625,16,0,0,layered_block,circular,per_chunk,1,1
666,22792,26667,16,0,0,layered_block,circular,per_chunk,1,1
667,23542,27500,16,0,0,layered_block,circular,per_chunk,1,1
668,22958,26833,16,0,0,layered_block,circular,per_chunk,1,1
669,23125,27000,16,0,0,layered_block,circular,per_chunk,1,1
670,24000,27833,16,0,0,layered_block,circular,per_chunk,1,1
671,23000,26875,16,0,0,layered_block,circular,per_chunk,1,1
672,23000,26875,16,0,0,layered_block,circular,per_chunk,1,1
673,30458,34375,16,0,0,layered_block,circular,per_chunk,1,1
674,22917,26750,16,0,0,layered_block,circular,per_chunk,1,1
675,23541,27583,16,0,0,layered_block,circular,per_chunk,1,1
676,23125,27000,16,0,0,layered_block,circular,per_chunk,1,1
677,22958,26917,16,0,0,layered_block,circular,per_chunk,1,1
678,23000,26916,16,0,0,layered_block,circular,per_chunk,1,1
679,22834,26708,16,0,0,layered_block,circular,per_chunk,1,1
680,23041,26833,16,0,0,layered_block,circular,per_chunk,1,1
681,23625,27542,16,0,0,layered_block,circular,per_chunk,1,1
682,22916,26916,16,0,0,layered_block,circular,per_chunk,1,1
683,22917,26792,16,0,0,layered_block,circular,per_chunk,1,1
684,23125,27000,16,0,0,layered_block,circular,per_chunk,1,1
685,23375,27250,16,0,0,layered_block,circular,per_chunk,1,1
686,23250,27125,16,0,0,layered_block,circular,per_chunk,1,1
687,23291,27250,16,0,0,layered_block,circular,per_chunk,1,1
688,23833,27708,16,0,0,layered_block,circular,per_chunk,1,1
689,22958,26875,16,0,0,layered_block,circular,per_chunk,1,1
690,23875,28042,16,0,0,layered_block,circular,per_chunk,1,1
691,23083,26958,16,0,0,layered_block,circular,per_chunk,1,1
692,24000,27916,16,0,0,layered_block,circular,per_chunk,1,1
693,23417,27333,16,0,0,layered_block,circular,per_chunk,1,1
694,23083,27000,16,0,0,layered_block,circular,per_chunk,1,1
695,23000,26875,16,0,0,layered_block,circular,per_chunk,1,1
696,22875,26750,16,0,0,layered_block,circular,per_chunk,1,1
697,23667,27500,16,0,0,layered_block,circular,per_chunk,1,1
698,24542,28459,16,0,0,layered_block,circular,per_chunk,1,1
699,23125,27708,16,0,0,layered_block,circular,per_chunk,1,1
700,23334,27166,16,0,0,layered_block,circular,per_chunk,1,1
701,23417,27333,16,0,0,layered_block,circular,per_chunk,1,1
702,23375,27375,16,0,0,layered_block,circular,per_chunk,1,1
703,22959,26959,16,0,0,layered_block,circular,per_chunk,1,1
704,23250,27084,16,0,0,layered_block,circular,per_chunk,1,1
705,23458,27417,16,0,0,layered_block,circular,per_chunk,1,1
706,23125,27000,16,0,0,layered_block,circular,per_chunk,1,1
707,22875,26750,16,0,0,layered_block,circular,per_chunk,1,1
708,30833,34833,16,0,0,layered_block,circular,per_chunk,1,1
709,23084,26916,16,0,0,layered_block,circular,per_chunk,1,1
710,24375,28209,16,0,0,layered_block,circular,per_chunk,1,1
711,23208,27166,16,0,0,layered_block,circular,per_chunk,1,1
712,23125,26958,16,0,0,layered_block,circular,per_chunk,1,1
713,23542,27375,16,0,0,layered_block,circular,per_chunk,1,1
714,22916,26792,16,0,0,layered_block,circular,per_chunk,1,1
715,22750,26667,16,0,0,layered_block,circular,per_chunk,1,1
716,23167,27125,16,0,0,layered_block,circular,per_chunk,1,1
717,23167,26958,16,0,0,layered_block,circular,per_chunk,1,1
718,22833,26667,16,0,0,layered_block,circular,per_chunk,1,1
719,23250,27208,16,0,0,layered_block,circular,per_chunk,1,1
720,22791,26667,16,0,0,layered_block,circular,per_chunk,1,1
721,22833,26750,16,0,0,layered_block,circular,per_chunk,1,1
722,22916,26791,16,0,0,layered_block,circular,per_chunk,1,1
723,23000,26917,16,0,0,layered_block,circular,per_chunk,1,1
724,23542,27417,16,0,0,layered_block,circular,per_chunk,1,1
725,22834,33042,16,0,0,layered_block,circular,per_chunk,1,1
726,23292,27125,16,0,0,layered_block,circular,per_chunk,1,1
727,22916,27416,16,0,0,layered_block,circular,per_chunk,1,1
728,22792,26709,16,0,0,layered_block,circular,per_chunk,1,1
729,23375,27291,16,0,0,layered_block,circular,per_chunk,1,1
730,25333,29458,16,0,0,layered_block,circular,per_chunk,1,1
731,29000,33041,16,0,0,layered_block,circular,per_chunk,1,1
732,23000,26833,16,0,0,layered_block,circular,per_chunk,1,1
733,23459,27459,16,0,0,layered_block,circular,per_chunk,1,1
734,22792,26666,16,0,0,layered_block,circular,per_chunk,1,1
735,23375,27250,16,0,0,layered_block,circular,per_chunk,1,1
736,23125,27083,16,0,0,layered_block,circular,per_chunk,1,1
737,23416,27208,16,0,0,layered_block,circular,per_chunk,1,1
738,22917,26792,16,0,0,layered_block,circular,per_chunk,1,1
739,23250,27625,16,0,0,layered_block,circular,per_chunk,1,1
740,22750,26667,16,0,0,layered_block,circular,per_chunk,1,1
741,22709,26708,16,0,0,layered_block,circular,per_chunk,1,1
742,23833,34625,16,0,0,layered_block,circular,per_chunk,1,1
743,22791,26625,16,0,0,layered_block,circular,per_chunk,1,1
744,23167,27083,16,0,0,layered_block,circular,per_chunk,1,1
745,23375,27334,16,0,0,layered_block,circular,per_chunk,1,1
746,23333,27292,16,0,0,layered_block,circular,per_chunk,1,1
747,22917,26792,16,0,0,layered_block,circular,per_chunk,1,1
748,23000,26958,16,0,0,layered_block,circular,per_chunk,1,1
749,22791,26625,16,0,0,layered_block,circular,per_chunk,1,1
750,25083,29000,16,0,0,layered_block,circular,per_chunk,1,1
751,31333,35375,16,0,0,layered_block,circular,per_chunk,1,1
752,23000,26792,16,0,0,layered_block,circular,per_chunk,1,1
753,23875,27750,16,0,0,layered_block,circular,per_chunk,1,1
754,22833,26708,16,0,0,layered_block,circular,per_chunk,1,1
755,23042,26958,16,0,0,layered_block,circular,per_chunk,1,1
756,30584,34583,16,0,0,layered_block,circular,per_chunk,1,1
757,23292,27208,16,0,0,layered_block,circular,per_chunk,1,1
758,23000,26917,16,0,0,layered_block,circular,per_chunk,1,1
759,23167,27125,16,0,0,layered_block,circular,per_chunk,1,1
760,22792,26666,16,0,0,layered_block,circular,per_chunk,1,1
761,22792,26625,16,0,0,layered_block,circular,per_chunk,1,1
762,22917,26750,16,0,0,layered_block,circular,per_chunk,1,1
763,22792,26750,16,0,0,layered_block,circular,per_chunk,1,1
764,23291,27083,16,0,0,layered_block,circular,per_chunk,1,1
765,23792,27792,16,0,0,layered_block,circular,per_chunk,1,1
766,23500,27375,16,0,0,layered_block,circular,per_chunk,1,1
767,23667,27583,16,0,0,layered_block,circular,per_chunk,1,1
768,23000,26834,16,0,0,layered_block,circular,per_chunk,1,1
769,23208,27084,16,0,0,layered_block,circular,per_chunk,1,1
770,82042,86250,16,0,0,layered_block,circular,per_chunk,1,1
771,31125,35083,16,0,0,layered_block,circular,per_chunk,1,1
772,23167,27000,16,0,0,layered_block,circular,per_chunk,1,1
773,23209,27166,16,0,0,layered_block,circular,per_chunk,1,1
774,22792,26750,16,0,0,layered_block,circular,per_chunk,1,1
775,22959,26875,16,0,0,layered_block,circular,per_chunk,1,1
776,32291,36333,16,0,0,layered_block,circular,per_chunk,1,1
777,23500,27416,16,0,0,layered_block,circular,per_chunk,1,1
778,22875,26666,16,0,0,layered_block,circular,per_chunk,1,1
779,23500,27375,16,0,0,layered_block,circular,per_chunk,1,1
780,23042,26958,16,0,0,layered_block,circular,per_chunk,1,1
781,23083,26917,16,0,0,layered_block,circular,per_chunk,1,1
782,23209,27083,16,0,0,layered_block,circular,per_chunk,1,1
783,23000,26834,16,0,0,layered_block,circular,per_chunk,1,1
784,24125,28042,16,0,0,layered_block,circular,per_chunk,1,1
785,30084,34333,16,0,0,layered_block,circular,per_chunk,1,1
786,23250,27083,16,0,0,layered_block,circular,per_chunk,1,1
787,23459,27459,16,0,0,layered_block,circular,per_chunk,1,1
788,22917,26834,16,0,0,layered_block,circular,per_chunk,1,1
789,23500,27375,16,0,0,layered_block,circular,per_chunk,1,1
790,24250,29250,16,0,0,layered_block,circular,per_chunk,1,1
791,23084,27000,16,0,0,layered_block,circular,per_chunk,1,1
792,23042,26958,16,0,0,layered_block,circular,per_chunk,1,1
793,23375,27416,16,0,0,layered_block,circular,per_chunk,1,1
794,23583,27500,16,0,0,layered_block,circular,per_chunk,1,1
795,22708,26583,16,0,0,layered_block,circular,per_chunk,1,1
796,22959,26875,16,0,0,layered_block,circular,per_chunk,1,1
797,24167,28041,16,0,0,layered_block,circular,per_chunk,1,1
798,23875,27875,16,0,0,layered_block,circular,per_chunk,1,1
799,23667,27625,16,0,0,layered_block,circular,per_chunk,1,1
800,22959,26833,16,0,0,layered_block,circular,per_chunk,1,1
801,23125,27042,16,0,0,layered_block,circular,per_chunk,1,1
802,22666,31792,16,0,0,layered_block,circular,per_chunk,1,1
803,23667,27500,16,0,0,layered_block,circular,per_chunk,1,1
804,23083,26959,16,0,0,layered_block,circular,per_chunk,1,1
805,23042,34958,16,0,0,layered_block,circular,per_chunk,1,1
806,23291,27125,16,0,0,layered_block,circular,per_chunk,1,1
807,22916,26792,16,0,0,layered_block,circular,per_chunk,1,1
808,22875,26750,16,0,0,layered_block,circular,per_chunk,1,1
809,22750,26583,16,0,0,layered_block,circular,per_chunk,1,1
810,23333,27292,16,0,0,layered_block,circular,per_chunk,1,1
811,23333,27208,16,0,0,layered_block,circular,per_chunk,1,1
812,22917,26791,16,0,0,layered_block,circular,per_chunk,1,1
813,23166,27584,16,0,0,layered_block,circular,per_chunk,1,1
814,22833,26708,16,0,0,layered_block,circular,per_chunk,1,1
815,22916,26708,16,0,0,layered_block,circular,per_chunk,1,1
816,23042,26958,16,0,0,layered_block,circular,per_chunk,1,1
817,23708,27542,16,0,0,layered_block,circular,per_chunk,1,1
818,23417,27292,16,0,0,layered_block,circular,per_chunk,1,1
819,23125,27000,16,0,0,layered_block,circular,per_chunk,1,1
820,22916,26792,16,0,0,layered_block,circular,per_chunk,1,1
821,23375,27292,16,0,0,layered_block,circular,per_chunk,1,1
822,22666,26583,16,0,0,layered_block,circular,per_chunk,1,1
823,22916,26833,16,0,0,layered_block,circular,per_chunk,1,1
824,23500,27333,16,0,0,layered_block,circular,per_chunk,1,1
825,22833,26667,16,0,0,layered_block,circular,per_chunk,1,1
826,22750,26625,16,0,0,layered_block,circular,per_chunk,1,1
827,22834,26708,16,0,0,layered_block,circular,per_chunk,1,1
828,22875,26709,16,0,0,layered_block,circular,per_chunk,1,1
829,23208,27084,16,0,0,layered_block,circular,per_chunk,1,1
830,22791,26667,16,0,0,layered_block,circular,per_chunk,1,1
831,24625,28500,16,0,0,layered_block,circular,per_chunk,1,1
832,23167,27000,16,0,0,layered_block,circular,per_chunk,1,1
833,22750,26667,16,0,0,layered_block,circular,per_chunk,1,1
834,23000,26875,16,0,0,layered_block,circular,per_chunk,1,1
835,23250,27292,16,0,0,layered_block,circular,per_chunk,1,1
836,22792,26708,16,0,0,layered_block,circular,per_chunk,1,1
837,22750,26625,16,0,0,layered_block,circular,per_chunk,1,1
838,23541,27959,16,0,0,layered_block,circular,per_chunk,1,1
839,22959,26833,16,0,0,layered_block,circular,per_chunk,1,1
840,22750,26625,16,0,0,layered_block,circular,per_chunk,1,1
841,30167,34167,16,0,0,layered_block,circular,per_chunk,1,1
842,22833,26667,16,0,0,layered_block,circular,per_chunk,1,1
843,23334,27250,16,0,0,layered_block,circular,per_chunk,1,1
844,30541,34542,16,0,0,layered_block,circular,per_chunk,1,1
845,22875,26750,16,0,0,layered_block,circular,per_chunk,1,1
846,23209,27042,16,0,0,layered_block,circular,per_chunk,1,1
847,23292,27250,16,0,0,layered_block,circular,per_chunk,1,1
848,22708,26625,16,0,0,layered_block,circular,per_chunk,1,1
849,22667,26541,16,0,0,layered_block,circular,per_chunk,1,1
850,30500,34709,16,0,0,layered_block,circular,per_chunk,1,1
851,23250,27125,16,0,0,layered_block,circular,per_chunk,1,1
852,23000,26875,16,0,0,layered_block,circular,per_chunk,1,1
853,23167,27084,16,0,0,layered_block,circular,per_chunk,1,1
854,23667,27584,16,0,0,layered_block,circular,per_chunk,1,1
855,22875,26708,16,0,0,layered_block,circular,per_chunk,1,1
856,23833,27833,16,0,0,layered_block,circular,per_chunk,1,1
857,24084,27916,16,0,0,layered_block,circular,per_chunk,1,1
858,23833,27792,16,0,0,layered_block,circular,per_chunk,1,1
859,23125,27375,16,0,0,layered_block,circular,per_chunk,1,1
860,23541,27417,16,0,0,layered_block,circular,per_chunk,1,1
861,23625,27458,16,0,0,layered_block,circular,per_chunk,1,1
862,23458,27916,16,0,0,layered_block,circular,per_chunk,1,1
863,22750,26667,16,0,0,layered_block,circular,per_chunk,1,1
864,23792,27625,16,0,0,layered_block,circular,per_chunk,1,1
865,23709,27625,16,0,0,layered_block,circular,per_chunk,1,1
866,23250,33208,16,0,0,layered_block,circular,per_chunk,1,1
867,23625,27500,16,0,0,layered_block,circular,per_chunk,1,1
868,22875,26750,16,0,0,layered_block,circular,per_chunk,1,1
869,22750,26709,16,0,0,layered_block,circular,per_chunk,1,1
870,83750,88000,16,0,0,layered_block,circular,per_chunk,1,1
871,23208,27000,16,0,0,layered_block,circular,per_chunk,1,1
872,23292,27250,16,0,0,layered_block,circular,per_chunk,1,1
873,22916,26833,16,0,0,layered_block,circular,per_chunk,1,1
874,23042,27000,16,0,0,layered_block,circular,per_chunk,1,1
875,22792,26750,16,0,0,layered_block,circular,per_chunk,1,1
876,23084,26875,16,0,0,layered_block,circular,per_chunk,1,1
877,22833,26834,16,0,0,layered_block,circular,per_chunk,1,1
878,23958,27958,16,0,0,layered_block,circular,per_chunk,1,1
879,22833,26750,16,0,0,layered_block,circular,per_chunk,1,1
880,22750,26666,16,0,0,layered_block,circular,per_chunk,1,1
881,31042,35042,16,0,0,layered_block,circular,per_chunk,1,1
882,22792,26708,16,0,0,layered_block,circular,per_chunk,1,1
883,23084,26917,16,0,0,layered_block,circular,per_chunk,1,1
884,23292,27209,16,0,0,layered_block,circular,per_chunk,1,1
885,22750,26667,16,0,0,layered_block,circular,per_chunk,1,1
886,22958,26834,16,0,0,layered_block,circular,per_chunk,1,1
887,30709,34666,16,0,0,layered_block,circular,per_chunk,1,1
888,22833,26667,16,0,0,layered_block,circular,per_chunk,1,1
889,23250,27292,16,0,0,layered_block,circular,per_chunk,1,1
890,31167,35084,16,0,0,layered_block,circular,per_chunk,1,1
891,22917,26834,16,0,0,layered_block,circular,per_chunk,1,1
892,23041,26958,16,0,0,layered_block,circular,per_chunk,1,1
893,22959,32541,16,0,0,layered_block,circular,per_chunk,1,1
894,22834,26584,16,0,0,layered_block,circular,per_chunk,1,1
895,23708,27542,16,0,0,layered_block,circular,per_chunk,1,1
896,22958,26875,16,0,0,layered_block,circular,per_chunk,1,1
897,22834,26666,16,0,0,layered_block,circular,per_chunk,1,1
898,23125,27167,16,0,0,layered_block,circular,per_chunk,1,1
899,22791,26708,16,0,0,layered_block,circular,per_chunk,1,1
900,22709,26584,16,0,0,layered_block,circular,per_chunk,1,1
901,23000,26875,16,0,0,layered_block,circular,per_chunk,1,1
902,23083,27000,16,0,0,layered_block,circular,per_chunk,1,1
903,22750,26667,16,0,0,layered_block,circular,per_chunk,1,1
904,22958,27375,16,0,0,layered_block,circular,per_chunk,1,1
905,23000,26917,16,0,0,layered_block,circular,per_chunk,1,1
906,22792,26584,16,0,0,layered_block,circular,per_chunk,1,1
907,23000,27292,16,0,0,layered_block,circular,per_chunk,1,1
908,22708,26584,16,0,0,layered_block,circular,per_chunk,1,1
909,23083,26959,16,0,0,layered_block,circular,per_chunk,1,1
910,23917,28042,16,0,0,layered_block,circular,per_chunk,1,1
911,22959,26916,16,0,0,layered_block,circular,per_chunk,1,1
912,22833,26667,16,0,0,layered_block,circular,per_chunk,1,1
913,30500,34458,16,0,0,layered_block,circular,per_chunk,1,1
914,23125,26958,16,0,0,layered_block,circular,per_chunk,1,1
915,23125,27083,16,0,0,layered_block,circular,per_chunk,1,1
916,22709,26625,16,0,0,layered_block,circular,per_chunk,1,1
917,23042,26875,16,0,0,layered_block,circular,per_chunk,1,1
918,22875,26750,16,0,0,layered_block,circular,per_chunk,1,1
919,22834,26750,16,0,0,layered_block,circular,per_chunk,1,1
920,23583,27458,16,0,0,layered_block,circular,per_chunk,1,1
921,23250,27250,16,0,0,layered_block,circular,per_chunk,1,1
922,22833,26750,16,0,0,layered_block,circular,per_chunk,1,1
923,22834,26750,16,0,0,layered_block,circular,per_chunk,1,1
924,23875,27708,16,0,0,layered_block,circular,per_chunk,1,1
925,23042,27000,16,0,0,layered_block,circular,per_chunk,1,1
926,22750,26625,16,0,0,layered_block,circular,per_chunk,1,1
927,23292,27208,16,0,0,layered_block,circular,per_chunk,1,1
928,22750,26667,16,0,0,layered_block,circular,per_chunk,1,1
929,22958,26875,16,0,0,layered_block,circular,per_chunk,1,1
930,24916,28833,16,0,0,layered_block,circular,per_chunk,1,1
931,22833,26750,16,0,0,layered_block,circular,per_chunk,1,1
932,23084,27000,16,0,0,layered_block,circular,per_chunk,1,1
933,23333,27292,16,0,0,layered_block,circular,per_chunk,1,1
934,23458,27375,16,0,0,layered_block,circular,per_chunk,1,1
935,22875,26792,16,0,0,layered_block,circular,per_chunk,1,1
936,23666,33834,16,0,0,layered_block,circular,per_chunk,1,1
937,23667,27417,16,0,0,layered_block,circular,per_chunk,1,1
938,23166,27083,16,0,0,layered_block,circular,per_chunk,1,1
939,23083,27042,16,0,0,layered_block,circular,per_chunk,1,1
940,22792,26708,16,0,0,layered_block,circular,per_chunk,1,1
941,22833,26792,16,0,0,layered_block,circular,per_chunk,1,1
942,30500,34542,16,0,0,layered_block,circular,per_chunk,1,1
943,22875,26750,16,0,0,layered_block,circular,per_chunk,1,1
944,22792,26709,16,0,0,layered_block,circular,per_chunk,1,1
945,23125,27208,16,0,0,layered_block,circular,per_chunk,1,1
946,22750,26667,16,0,0,layered_block,circular,per_chunk,1,1
947,22792,26666,16,0,0,layered_block,circular,per_chunk,1,1
948,30875,34875,16,0,0,layered_block,circular,per_chunk,1,1
949,22833,26667,16,0,0,layered_block,circular,per_chunk,1,1
950,22750,26708,16,0,0,layered_block,circular,per_chunk,1,1
951,23292,27125,16,0,0,layered_block,circular,per_chunk,1,1
952,22750,26625,16,0,0,layered_block,circular,per_chunk,1,1
953,22834,26791,16,0,0,layered_block,circular,per_chunk,1,1
954,31042,35084,16,0,0,layered_block,circular,per_chunk,1,1
955,23334,27167,16,0,0,layered_block,circular,per_chunk,1,1
956,22834,26625,16,0,0,layered_block,circular,per_chunk,1,1
957,23750,28417,16,0,0,layered_block,circular,per_chunk,1,1
958,23125,27000,16,0,0,layered_block,circular,per_chunk,1,1
959,23083,26959,16,0,0,layered_block,circular,per_chunk,1,1
960,23125,27166,16,0,0,layered_block,circular,per_chunk,1,1
961,23958,27791,16,0,0,layered_block,circular,per_chunk,1,1
962,22792,26667,16,0,0,layered_block,circular,per_chunk,1,1
963,25417,29500,16,0,0,layered_block,circular,per_chunk,1,1
964,30875,34875,16,0,0,layered_block,circular,per_chunk,1,1
965,23375,27208,16,0,0,layered_block,circular,per_chunk,1,1
966,22667,26541,16,0,0,layered_block,circular,per_chunk,1,1
967,30791,34792,16,0,0,layered_block,circular,per_chunk,1,1
968,23083,26917,16,0,0,layered_block,circular,per_chunk,1,1
969,23625,27458,16,0,0,layered_block,circular,per_chunk,1,1
970,24375,28208,16,0,0,layered_block,circular,per_chunk,1,1
971,22875,26792,16,0,0,layered_block,circular,per_chunk,1,1
972,24167,28041,16,0,0,layered_block,circular,per_chunk,1,1
973,30625,34583,16,0,0,layered_block,circular,per_chunk,1,1
974,23125,27042,16,0,0,layered_block,circular,per_chunk,1,1
975,23834,27750,16,0,0,layered_block,circular,per_chunk,1,1
976,96875,100958,16,0,0,layered_block,circular,per_chunk,1,1
977,23000,26917,16,0,0,layered_block,circular,per_chunk,1,1
978,22958,26833,16,0,0,layered_block,circular,per_chunk,1,1
979,23292,27125,16,0,0,layered_block,circular,per_chunk,1,1
980,23084,26917,16,0,0,layered_block,circular,per_chunk,1,1
981,23250,27166,16,0,0,layered_block,circular,per_chunk,1,1
982,30834,34791,16,0,0,layered_block,circular,per_chunk,1,1
983,23500,27333,16,0,0,layered_block,circular,per_chunk,1,1
984,23250,27042,16,0,0,layered_block,circular,per_chunk,1,1
985,23458,27500,16,0,0,layered_block,circular,per_chunk,1,1
986,23250,27167,16,0,0,layered_block,circular,per_chunk,1,1
987,23000,26917,16,0,0,layered_block,circular,per_chunk,1,1
988,23333,27583,16,0,0,layered_block,circular,per_chunk,1,1
989,23667,27500,16,0,0,layered_block,circular,per_chunk,1,1
990,23459,27291,16,0,0,layered_block,circular,per_chunk,1,1
991,23084,26916,16,0,0,layered_block,circular,per_chunk,1,1
992,29750,33625,16,0,0,layered_block,circular,per_chunk,1,1
993,23125,26958,16,0,0,layered_block,circular,per_chunk,1,1
994,23458,27667,16,0,0,layered_block,circular,per_chunk,1,1
995,22958,26875,16,0,0,layered_block,circular,per_chunk,1,1
996,23000,26916,16,0,0,layered_block,circular,per_chunk,1,1
997,22958,26875,16,0,0,layered_block,circular,per_chunk,1,1
998,22958,27458,16,0,0,layered_block,circular,per_chunk,1,1
999,22833,26834,16,0,0,layered_block,circular,per_chunk,1,1
1000,23459,27375,16,0,0,layered_block,circular,per_chunk,1,1
1001,24000,28083,16,0,0,layered_block,circular,per_chunk,1,1
1002,23000,26959,16,0,0,layered_block,circular,per_chunk,1,1
1003,22875,26750,16,0,0,layered_block,circular,per_chunk,1,1
1004,23708,27708,16,0,0,layered_block,circular,per_chunk,1,1
1005,22958,26834,16,0,0,layered_block,circular,per_chunk,1,1
1006,22750,26542,16,0,0,layered_block,circular,per_chunk,1,1
1007,23208,27042,16,0,0,layered_block,circular,per_chunk,1,1
1008,22750,26625,16,0,0,layered_block,circular,per_chunk,1,1
1009,22959,26875,16,0,0,layered_block,circular,per_chunk,1,1
1010,23250,27083,16,0,0,layered_block,circular,per_chunk,1,1
1011,23792,27584,16,0,0,layered_block,circular,per_chunk,1,1
1012,23167,27042,16,0,0,layered_block,circular,per_chunk,1,1
1013,23000,26917,16,0,0,layered_block,circular,per_chunk,1,1
1014,30417,34292,16,0,0,layered_block,circular,per_chunk,1,1
1015,23167,27000,16,0,0,layered_block,circular,per_chunk,1,1
1016,23084,26875,16,0,0,layered_block,circular,per_chunk,1,1
1017,29875,33875,16,0,0,layered_block,circular,per_chunk,1,1
1018,22834,26666,16,0,0,layered_block,circular,per_chunk,1,1
1019,23333,27250,16,0,0,layered_block,circular,per_chunk,1,1
1020,22792,26667,16,0,0,layered_block,circular,per_chunk,1,1
1021,23000,26792,16,0,0,layered_block,circular,per_chunk,1,1
1022,22834,26750,16,0,0,layered_block,circular,per_chunk,1,1
1023,22833,26750,16,0,0,layered_block,circular,per_chunk,1,1
1024,23125,27000,16,0,0,layered_block,circular,per_chunk,1,1
1025,22792,26667,16,0,0,layered_block,circular,per_chunk,1,1
1026,22833,26708,16,0,0,layered_block,circular,per_chunk,1,1
1027,23125,27041,16,0,0,layered_block,circular,per_chunk,1,1
1028,23000,26791,16,0,0,layered_block,circular,per_chunk,1,1
1029,24125,28000,16,0,0,layered_block,circular,per_chunk,1,1
1030,30292,34292,16,0,0,layered_block,circular,per_chunk,1,1
1031,23125,26958,16,0,0,layered_block,circular,per_chunk,1,1
1032,23584,27584,16,0,0,layered_block,circular,per_chunk,1,1
1033,22750,26667,16,0,0,layered_block,circular,per_chunk,1,1
1034,23250,27125,16,0,0,layered_block,circular,per_chunk,1,1
1035,22833,26750,16,0,0,layered_block,circular,per_chunk,1,1
1036,23042,26958,16,0,0,layered_block,circular,per_chunk,1,1
1037,23333,27167,16,0,0,layered_block,circular,per_chunk,1,1
1038,23541,27500,16,0,0,layered_block,circular,per_chunk,1,1
1039,23083,26959,16,0,0,layered_block,circular,per_chunk,1,1
1040,23291,27333,16,0,0,layered_block,circular,per_chunk,1,1
1041,22708,26584,16,0,0,layered_block,circular,per_chunk,1,1
1042,23125,27125,16,0,0,layered_block,circular,per_chunk,1,1
1043,30000,34000,16,0,0,layered_block,circular,per_chunk,1,1
1044,23000,26875,16,0,0,layered_block,circular,per_chunk,1,1
1045,23375,27375,16,0,0,layered_block,circular,per_chunk,1,1
1046,22750,26625,16,0,0,layered_block,circular,per_chunk,1,1
1047,23125,27042,16,0,0,layered_block,circular,per_chunk,1,1
1048,30291,34208,16,0,0,layered_block,circular,per_chunk,1,1
1049,23125,26958,16,0,0,layered_block,circular,per_chunk,1,1
1050,23417,27333,16,0,0,layered_block,circular,per_chunk,1,1
1051,23667,33583,16,0,0,layered_block,circular,per_chunk,1,1
1052,23250,27125,16,0,0,layered_block,circular,per_chunk,1,1
1053,23166,27000,16,0,0,layered_block,circular,per_chunk,1,1
1054,23167,27083,16,0,0,layered_block,circular,per_chunk,1,1
1055,22791,26625,16,0,0,layered_block,circular,per_chunk,1,1
1056,23417,27375,16,0,0,layered_block,circular,per_chunk,1,1
1057,33125,37083,16,0,0,layered_block,circular,per_chunk,1,1
1058,23125,26959,16,0,0,layered_block,circular,per_chunk,1,1
1059,23167,27125,16,0,0,layered_block,circular,per_chunk,1,1
1060,23292,27208,16,0,0,layered_block,circular,per_chunk,1,1
1061,23833,27750,16,0,0,layered_block,circular,per_chunk,1,1
1062,23583,27625,16,0,0,layered_block,circular,per_chunk,1,1
1063,23667,27542,16,0,0,layered_block,circular,per_chunk,1,1
1064,23000,26833,16,0,0,layered_block,circular,per_chunk,1,1
1065,23834,27708,16,0,0,layered_block,circular,per_chunk,1,1
1066,22750,26583,16,0,0,layered_block,circular,per_chunk,1,1
1067,22791,26667,16,0,0,layered_block,circular,per_chunk,1,1
1068,23750,27667,16,0,0,layered_block,circular,per_chunk,1,1
1069,23417,27375,16,0,0,layered_block,circular,per_chunk,1,1
1070,23292,27166,16,0,0,layered_block,circular,per_chunk,1,1
1071,22958,27458,16,0,0,layered_block,circular,per_chunk,1,1
1072,22834,26708,16,0,0,layered_block,circular,per_chunk,1,1
1073,22917,26834,16,0,0,layered_block,circular,per_chunk,1,1
1074,23458,27458,16,0,0,layered_block,circular,per_chunk,1,1
1075,23459,27416,16,0,0,layered_block,circular,per_chunk,1,1
1076,81583,85750,16,0,0,layered_block,circular,per_chunk,1,1
1077,23875,27833,16,0,0,layered_block,circular,per_chunk,1,1
1078,23750,27667,16,0,0,layered_block,circular,per_chunk,1,1
1079,23084,26917,16,0,0,layered_block,circular,per_chunk,1,1
1080,23750,27750,16,0,0,layered_block,circular,per_chunk,1,1
1081,22917,26708,16,0,0,layered_block,circular,per_chunk,1,1
1082,23250,27084,16,0,0,layered_block,circular,per_chunk,1,1
1083,24250,28166,16,0,0,layered_block,circular,per_chunk,1,1
1084,23041,26917,16,0,0,layered_block,circular,per_chunk,1,1
1085,22916,26875,16,0,0,layered_block,circular,per_chunk,1,1
1086,23834,27958,16,0,0,layered_block,circular,per_chunk,1,1
1087,23417,27292,16,0,0,layered_block,circular,per_chunk,1,1
1088,23667,27459,16,0,0,layered_block,circular,per_chunk,1,1
1089,23542,27375,16,0,0,layered_block,circular,per_chunk,1,1
1090,23625,27542,16,0,0,layered_block,circular,per_chunk,1,1
1091,23375,27250,16,0,0,layered_block,circular,per_chunk,1,1
1092,23709,27666,16,0,0,layered_block,circular,per_chunk,1,1
1093,23084,27041,16,0,0,layered_block,circular,per_chunk,1,1
1094,24209,28125,16,0,0,layered_block,circular,per_chunk,1,1
1095,29875,33834,16,0,0,layered_block,circular,per_chunk,1,1
1096,24875,28917,16,0,0,layered_block,circular,per_chunk,1,1
1097,23375,27250,16,0,0,layered_block,circular,per_chunk,1,1
1098,23875,27792,16,0,0,layered_block,circular,per_chunk,1,1
1099,23333,27250,16,0,0,layered_block,circular,per_chunk,1,1
1100,22916,26833,16,0,0,layered_block,circular,per_chunk,1,1
1101,31333,35250,16,0,0,layered_block,circular,per_chunk,1,1
1102,23167,27042,16,0,0,layered_block,circular,per_chunk,1,1
1103,23000,26959,16,0,0,layered_block,circular,per_chunk,1,1
1104,31208,35167,16,0,0,layered_block,circular,per_chunk,1,1
1105,24083,27917,16,0,0,layered_block,circular,per_chunk,1,1
1106,23709,27583,16,0,0,layered_block,circular,per_chunk,1,1
1107,22750,26625,16,0,0,layered_block,circular,per_chunk,1,1
1108,22750,26625,16,0,0,layered_block,circular,per_chunk,1,1
1109,23208,27125,16,0,0,layered_block,circular,per_chunk,1,1
1110,22917,26791,16,0,0,layered_block,circular,per_chunk,1,1
1111,23083,26958,16,0,0,layered_block,circular,per_chunk,1,1
1112,23334,27584,16,0,0,layered_block,circular,per_chunk,1,1
1113,22834,26791,16,0,0,layered_block,circular,per_chunk,1,1
1114,23166,27083,16,0,0,layered_block,circular,per_chunk,1,1
1115,22916,27500,16,0,0,layered_block,circular,per_chunk,1,1
1116,24667,28833,16,0,0,layered_block,circular,per_chunk,1,1
1117,22875,26709,16,0,0,layered_block,circular,per_chunk,1,1
1118,23625,27583,16,0,0,layered_block,circular,per_chunk,1,1
1119,23292,27125,16,0,0,layered_block,circular,per_chunk,1,1
1120,23375,27292,16,0,0,layered_block,circular,per_chunk,1,1
1121,23417,27333,16,0,0,layered_block,circular,per_chunk,1,1
1122,22750,26667,16,0,0,layered_block,circular,per_chunk,1,1
1123,23167,27084,16,0,0,layered_block,circular,per_chunk,1,1
1124,23667,27959,16,0,0,layered_block,circular,per_chunk,1,1
1125,23167,27042,16,0,0,layered_block,circular,per_chunk,1,1
1126,23625,27458,16,0,0,layered_block,circular,per_chunk,1,1
1127,30375,34291,16,0,0,layered_block,circular,per_chunk,1,1
1128,22875,26792,16,0,0,layered_block,circular,per_chunk,1,1
1129,23125,27083,16,0,0,layered_block,circular,per_chunk,1,1
1130,30584,34542,16,0,0,layered_block,circular,per_chunk,1,1
1131,22916,26666,16,0,0,layered_block,circular,per_chunk,1,1
1132,23792,27625,16,0,0,layered_block,circular,per_chunk,1,1
1133,31125,35041,16,0,0,layered_block,circular,per_chunk,1,1
1134,23000,26834,16,0,0,layered_block,circular,per_chunk,1,1
1135,23208,27208,16,0,0,layered_block,circular,per_chunk,1,1
1136,31583,35542,16,0,0,layered_block,circular,per_chunk,1,1
1137,23167,27083,16,0,0,layered_block,circular,per_chunk,1,1
1138,23709,27542,16,0,0,layered_block,circular,per_chunk,1,1
1139,22875,26792,16,0,0,layered_block,circular,per_chunk,1,1
1140,22875,26709,16,0,0,layered_block,circular,per_chunk,1,1
1141,23042,27292,16,0,0,layered_block,circular,per_chunk,1,1
1142,23083,27000,16,0,0,layered_block,circular,per_chunk,1,1
1143,22792,26625,16,0,0,layered_block,circular,per_chunk,1,1
1144,23042,26959,16,0,0,layered_block,circular,per_chunk,1,1
1145,22833,26792,16,0,0,layered_block,circular,per_chunk,1,1
1146,22917,26834,16,0,0,layered_block,circular,per_chunk,1,1
1147,30791,34791,16,0,0,layered_block,circular,per_chunk,1,1
1148,23750,27541,16,0,0,layered_block,circular,per_chunk,1,1
1149,23250,27333,16,0,0,layered_block,circular,per_chunk,1,1
1150,23792,27792,16,0,0,layered_block,circular,per_chunk,1,1
1151,23042,26958,16,0,0,layered_block,circular,per_chunk,1,1
1152,23166,27042,16,0,0,layered_block,circular,per_chunk,1,1
1153,23333,27208,16,0,0,layered_block,circular,per_chunk,1,1
1154,23041,26917,16,0,0,layered_block,circular,per_chunk,1,1
1155,23625,27500,16,0,0,layered_block,circular,per_chunk,1,1
1156,24500,28459,16,0,0,layered_block,circular,per_chunk,1,1
1157,23458,27250,16,0,0,layered_block,circular,per_chunk,1,1
1158,23291,27291,16,0,0,layered_block,circular,per_chunk,1,1
1159,22750,26584,16,0,0,layered_block,circular,per_chunk,1,1
1160,23292,27084,16,0,0,layered_block,circular,per_chunk,1,1
1161,31500,35541,16,0,0,layered_block,circular,per_chunk,1,1
1162,22959,26791,16,0,0,layered_block,circular,per_chunk,1,1
1163,22875,26708,16,0,0,layered_block,circular,per_chunk,1,1
1164,30667,34667,16,0,0,layered_block,circular,per_chunk,1,1
1165,24000,27833,16,0,0,layered_block,circular,per_chunk,1,1
1166,23458,27417,16,0,0,layered_block,circular,per_chunk,1,1
1167,23209,27125,16,0,0,layered_block,circular,per_chunk,1,1
1168,23000,26792,16,0,0,layered_block,circular,per_chunk,1,1
1169,23167,27208,16,0,0,layered_block,circular,per_chunk,1,1
1170,23041,33000,16,0,0,layered_block,circular,per_chunk,1,1
1171,22917,26709,16,0,0,layered_block,circular,per_chunk,1,1
1172,22834,27416,16,0,0,layered_block,circular,per_chunk,1,1
1173,23042,26958,16,0,0,layered_block,circular,per_chunk,1,1
1174,22917,26750,16,0,0,layered_block,circular,per_chunk,1,1
1175,23209,27250,16,0,0,layered_block,circular,per_chunk,1,1
1176,23125,26958,16,0,0,layered_block,circular,per_chunk,1,1
1177,23084,26958,16,0,0,layered_block,circular,per_chunk,1,1
1178,23042,26958,16,0,0,layered_block,circular,per_chunk,1,1
1179,22750,26667,16,0,0,layered_block,circular,per_chunk,1,1
1180,22916,26750,16,0,0,layered_block,circular,per_chunk,1,1
1181,29208,33125,16,0,0,layered_block,circular,per_chunk,1,1
1182,23459,27291,16,0,0,layered_block,circular,per_chunk,1,1
1183,23666,27542,16,0,0,layered_block,circular,per_chunk,1,1
1184,23667,27541,16,0,0,layered_block,circular,per_chunk,1,1
1185,23000,26917,16,0,0,layered_block,circular,per_chunk,1,1
1186,22792,26709,16,0,0,layered_block,circular,per_chunk,1,1
1187,23375,27333,16,0,0,layered_block,circular,per_chunk,1,1
1188,22750,26666,16,0,0,layered_block,circular,per_chunk,1,1
1189,23125,27000,16,0,0,layered_block,circular,per_chunk,1,1
1190,23625,27709,16,0,0,layered_block,circular,per_chunk,1,1
1191,22834,26667,16,0,0,layered_block,circular,per_chunk,1,1
1192,22959,26875,16,0,0,layered_block,circular,per_chunk,1,1
1193,31792,35708,16,0,0,layered_block,circular,per_chunk,1,1
1194,22917,26750,16,0,0,layered_block,circular,per_chunk,1,1
1195,23084,27042,16,0,0,layered_block,circular,per_chunk,1,1
1196,24084,27958,16,0,0,layered_block,circular,per_chunk,1,1
1197,23291,27208,16,0,0,layered_block,circular,per_chunk,1,1
1198,23167,27042,16,0,0,layered_block,circular,per_chunk,1,1
1199,23000,26875,16,0,0,layered_block,circular,per_chunk,1,1
1200,23167,27041,16,0,0,layered_block,circular,per_chunk,1,1
1201,23333,27250,16,0,0,layered_block,circular,per_chunk,1,1
1202,23167,27125,16,0,0,layered_block,circular,per_chunk,1,1
1203,23583,27458,16,0,0,layered_block,circular,per_chunk,1,1
1204,23291,27250,16,0,0,layered_block,circular,per_chunk,1,1
1205,22750,26666,16,0,0,layered_block,circular,per_chunk,1,1
1206,22750,26708,16,0,0,layered_block,circular,per_chunk,1,1
1207,31583,35542,16,0,0,layered_block,circular,per_chunk,1,1
1208,23292,27083,16,0,0,layered_block,circular,per_chunk,1,1
1209,23250,27167,16,0,0,layered_block,circular,per_chunk,1,1
1210,30834,34791,16,0,0,layered_block,circular,per_chunk,1,1
1211,22792,26583,16,0,0,layered_block,circular,per_chunk,1,1
1212,23209,27083,16,0,0,layered_block,circular,per_chunk,1,1
1213,23291,27167,16,0,0,layered_block,circular,per_chunk,1,1
1214,23166,27000,16,0,0,layered_block,circular,per_chunk,1,1
1215,23542,27459,16,0,0,layered_block,circular,per_chunk,1,1
1216,23042,26916,16,0,0,layered_block,circular,per_chunk,1,1
1217,23167,27042,16,0,0,layered_block,circular,per_chunk,1,1
1218,23292,27250,16,0,0,layered_block,circular,per_chunk,1,1
1219,23041,26875,16,0,0,layered_block,circular,per_chunk,1,1
1220,22875,26791,16,0,0,layered_block,circular,per_chunk,1,1
1221,30625,34625,16,0,0,layered_block,circular,per_chunk,1,1
1222,23542,27375,16,0,0,layered_block,circular,per_chunk,1,1
1223,23250,27167,16,0,0,layered_block,circular,per_chunk,1,1
1224,23375,33500,16,0,0,layered_block,circular,per_chunk,1,1
1225,22917,26750,16,0,0,layered_block,circular,per_chunk,1,1
1226,23375,27291,16,0,0,layered_block,circular,per_chunk,1,1
1227,23041,26917,16,0,0,layered_block,circular,per_chunk,1,1
1228,23083,26958,16,0,0,layered_block,circular,per_chunk,1,1
1229,23459,27333,16,0,0,layered_block,circular,per_chunk,1,1
1230,22792,26625,16,0,0,layered_block,circular,per_chunk,1,1
1231,23375,27250,16,0,0,layered_block,circular,per_chunk,1,1
1232,23209,27709,16,0,0,layered_block,circular,per_chunk,1,1
1233,22791,26667,16,0,0,layered_block,circular,per_chunk,1,1
1234,22625,26458,16,0,0,layered_block,circular,per_chunk,1,1
1235,22750,26667,16,0,0,layered_block,circular,per_chunk,1,1
1236,23125,27000,16,0,0,layered_block,circular,per_chunk,1,1
1237,23583,27500,16,0,0,layered_block,circular,per_chunk,1,1
1238,31791,35750,16,0,0,layered_block,circular,per_chunk,1,1
1239,22875,26666,16,0,0,layered_block,circular,per_chunk,1,1
1240,23083,27500,16,0,0,layered_block,circular,per_chunk,1,1
1241,23250,27167,16,0,0,layered_block,circular,per_chunk,1,1
1242,22708,26625,16,0,0,layered_block,circular,per_chunk,1,1
1243,24417,28250,16,0,0,layered_block,circular,per_chunk,1,1
1244,22667,26584,16,0,0,layered_block,circular,per_chunk,1,1
1245,23084,26916,16,0,0,layered_block,circular,per_chunk,1,1
1246,23209,27500,16,0,0,layered_block,circular,per_chunk,1,1
1247,23500,27375,16,0,0,layered_block,circular,per_chunk,1,1
1248,23291,27125,16,0,0,layered_block,circular,per_chunk,1,1
1249,23000,26875,16,0,0,layered_block,circular,per_chunk,1,1
1250,23334,27208,16,0,0,layered_block,circular,per_chunk,1,1
1251,23541,27375,16,0,0,layered_block,circular,per_chunk,1,1
1252,30125,34000,16,0,0,layered_block,circular,per_chunk,1,1
1253,23208,27125,16,0,0,layered_block,circular,per_chunk,1,1
1254,23334,27209,16,0,0,layered_block,circular,per_chunk,1,1
1255,23167,27084,16,0,0,layered_block,circular,per_chunk,1,1
1256,23000,26875,16,0,0,layered_block,circular,per_chunk,1,1
1257,22833,26750,16,0,0,layered_block,circular,per_chunk,1,1
1258,23167,27042,16,0,0,layered_block,circular,per_chunk,1,1
1259,22875,26750,16,0,0,layered_block,circular,per_chunk,1,1
1260,23125,27208,16,0,0,layered_block,circular,per_chunk,1,1
1261,22791,26708,16,0,0,layered_block,circular,per_chunk,1,1
1262,22750,26583,16,0,0,layered_block,circular,per_chunk,1,1
1263,88250,92417,16,0,0,layered_block,circular,per_chunk,1,1
1264,23709,27584,16,0,0,layered_block,circular,per_chunk,1,1
1265,23375,27209,16,0,0,layered_block,circular,per_chunk,1,1
1266,23334,27792,16,0,0,layered_block,circular,per_chunk,1,1
1267,22958,26833,16,0,0,layered_block,circular,per_chunk,1,1
1268,22625,26542,16,0,0,layered_block,circular,per_chunk,1,1
1269,30625,34500,16,0,0,layered_block,circular,per_chunk,1,1
1270,23542,27334,16,0,0,layered_block,circular,per_chunk,1,1
1271,23000,26792,16,0,0,layered_block,circular,per_chunk,1,1
1272,24084,27916,16,0,0,layered_block,circular,per_chunk,1,1
1273,23417,27334,16,0,0,layered_block,circular,per_chunk,1,1
1274,23125,26917,16,0,0,layered_block,circular,per_chunk,1,1
1275,23125,27125,16,0,0,layered_block,circular,per_chunk,1,1
1276,23167,27042,16,0,0,layered_block,circular,per_chunk,1,1
1277,23333,27292,16,0,0,layered_block,circular,per_chunk,1,1
1278,23208,27083,16,0,0,layered_block,circular,per_chunk,1,1
1279,23750,27541,16,0,0,layered_block,circular,per_chunk,1,1
1280,23375,27250,16,0,0,layered_block,circular,per_chunk,1,1
1281,23750,27583,16,0,0,layered_block,circular,per_chunk,1,1
1282,23042,27458,16,0,0,layered_block,circular,per_chunk,1,1
1283,23833,27625,16,0,0,layered_block,circular,per_chunk,1,1
1284,23916,27792,16,0,0,layered_block,circular,per_chunk,1,1
1285,23167,27000,16,0,0,layered_block,circular,per_chunk,1,1
1286,23625,27541,16,0,0,layered_block,circular,per_chunk,1,1
1287,23584,27500,16,0,0,layered_block,circular,per_chunk,1,1
1288,23709,27583,16,0,0,layered_block,circular,per_chunk,1,1
1289,24834,28708,16,0,0,layered_block,circular,per_chunk,1,1
1290,23792,27708,16,0,0,layered_block,circular,per_chunk,1,1
1291,23458,27375,16,0,0,layered_block,circular,per_chunk,1,1
1292,23125,27000,16,0,0,layered_block,circular,per_chunk,1,1
1293,24834,35125,16,0,0,layered_block,circular,per_chunk,1,1
1294,23209,27125,16,0,0,layered_block,circular,per_chunk,1,1
1295,23500,27375,16,0,0,layered_block,circular,per_chunk,1,1
1296,24250,28125,16,0,0,layered_block,circular,per_chunk,1,1
1297,23625,27459,16,0,0,layered_block,circular,per_chunk,1,1
1298,24125,28000,16,0,0,layered_block,circular,per_chunk,1,1
1299,24459,28541,16,0,0,layered_block,circular,per_chunk,1,1
1300,22959,26916,16,0,0,layered_block,circular,per_chunk,1,1
1301,23708,27542,16,0,0,layered_block,circular,per_chunk,1,1
1302,23458,27250,16,0,0,layered_block,circular,per_chunk,1,1
1303,30541,34500,16,0,0,layered_block,circular,per_chunk,1,1
1304,22792,26666,16,0,0,layered_block,circular,per_chunk,1,1
1305,23042,27000,16,0,0,layered_block,circular,per_chunk,1,1
1306,22750,26625,16,0,0,layered_block,circular,per_chunk,1,1
1307,22917,26750,16,0,0,layered_block,circular,per_chunk,1,1
1308,23125,27542,16,0,0,layered_block,circular,per_chunk,1,1
1309,24250,28167,16,0,0,layered_block,circular,per_chunk,1,1
1310,23042,26916,16,0,0,layered_block,circular,per_chunk,1,1
1311,23750,27625,16,0,0,layered_block,circular,per_chunk,1,1
1312,23834,27791,16,0,0,layered_block,circular,per_chunk,1,1
1313,22958,26917,16,0,0,layered_block,circular,per_chunk,1,1
1314,23709,27625,16,0,0,layered_block,circular,per_chunk,1,1
1315,30875,34875,16,0,0,layered_block,circular,per_chunk,1,1
1316,23667,27584,16,0,0,layered_block,circular,per_chunk,1,1
1317,23334,27167,16,0,0,layered_block,circular,per_chunk,1,1
1318,24625,29084,16,0,0,layered_block,circular,per_chunk,1,1
1319,23250,27083,16,0,0,layered_block,circular,per_chunk,1,1
1320,23084,26916,16,0,0,layered_block,circular,per_chunk,1,1
1321,23584,27500,16,0,0,layered_block,circular,per_chunk,1,1
1322,32125,36042,16,0,0,layered_block,circular,per_chunk,1,1
1323,23375,27250,16,0,0,layered_block,circular,per_chunk,1,1
1324,23250,27167,16,0,0,layered_block,circular,per_chunk,1,1
1325,32583,36542,16,0,0,layered_block,circular,per_chunk,1,1
1326,22792,26708,16,0,0,layered_block,circular,per_chunk,1,1
1327,23041,26958,16,0,0,layered_block,circular,per_chunk,1,1
1328,24042,27959,16,0,0,layered_block,circular,per_chunk,1,1
1329,31583,35542,16,0,0,layered_block,circular,per_chunk,1,1
1330,22750,26584,16,0,0,layered_block,circular,per_chunk,1,1
1331,22959,26959,16,0,0,layered_block,circular,per_chunk,1,1
1332,22791,26708,16,0,0,layered_block,circular,per_chunk,1,1
1333,23000,26834,16,0,0,layered_block,circular,per_chunk,1,1
1334,23375,27292,16,0,0,layered_block,circular,per_chunk,1,1
1335,24333,28250,16,0,0,layered_block,circular,per_chunk,1,1
1336,22750,26625,16,0,0,layered_block,circular,per_chunk,1,1
1337,22916,26791,16,0,0,layered_block,circular,per_chunk,1,1
1338,29584,33458,16,0,0,layered_block,circular,per_chunk,1,1
1339,23583,27458,16,0,0,layered_block,circular,per_chunk,1,1
1340,23042,26917,16,0,0,layered_block,circular,per_chunk,1,1
1341,22833,26708,16,0,0,layered_block,circular,per_chunk,1,1
1342,23667,27542,16,0,0,layered_block,circular,per_chunk,1,1
1343,23541,27667,16,0,0,layered_block,circular,per_chunk,1,1
1344,24083,28834,16,0,0,layered_block,circular,per_chunk,1,1
1345,22916,26792,16,0,0,layered_block,circular,per_chunk,1,1
1346,22708,26625,16,0,0,layered_block,circular,per_chunk,1,1
1347,23625,27541,16,0,0,layered_block,circular,per_chunk,1,1
1348,32625,36666,16,0,0,layered_block,circular,per_chunk,1,1
1349,22959,26916,16,0,0,layered_block,circular,per_chunk,1,1
1350,23417,27250,16,0,0,layered_block,circular,per_chunk,1,1
1351,30792,34708,16,0,0,layered_block,circular,per_chunk,1,1
1352,23000,26875,16,0,0,layered_block,circular,per_chunk,1,1
1353,22584,26458,16,0,0,layered_block,circular,per_chunk,1,1
1354,30208,34209,16,0,0,layered_block,circular,per_chunk,1,1
1355,23000,26917,16,0,0,layered_block,circular,per_chunk,1,1
1356,23458,27375,16,0,0,layered_block,circular,per_chunk,1,1
1357,23417,27333,16,0,0,layered_block,circular,per_chunk,1,1
1358,22916,26833,16,0,0,layered_block,circular,per_chunk,1,1
1359,22750,26666,16,0,0,layered_block,circular,per_chunk,1,1
1360,23250,27167,16,0,0,layered_block,circular,per_chunk,1,1
1361,25000,28875,16,0,0,layered_block,circular,per_chunk,1,1
1362,23958,27958,16,0,0,layered_block,circular,per_chunk,1,1
1363,23667,27541,16,0,0,layered_block,circular,per_chunk,1,1
1364,24000,27959,16,0,0,layered_block,circular,per_chunk,1,1
1365,24458,28458,16,0,0,layered_block,circular,per_chunk,1,1
1366,23000,26875,16,0,0,layered_block,circular,per_chunk,1,1
1367,23958,27834,16,0,0,layered_block,circular,per_chunk,1,1
1368,22958,26917,16,0,0,layered_block,circular,per_chunk,1,1
1369,23291,27542,16,0,0,layered_block,circular,per_chunk,1,1
1370,23250,27167,16,0,0,layered_block,circular,per_chunk,1,1
1371,22958,26792,16,0,0,layered_block,circular,per_chunk,1,1
1372,24875,28834,16,0,0,layered_block,circular,per_chunk,1,1
1373,23958,27917,16,0,0,layered_block,circular,per_chunk,1,1
1374,23084,26958,16,0,0,layered_block,circular,per_chunk,1,1
1375,23125,27000,16,0,0,layered_block,circular,per_chunk,1,1
1376,23750,28292,16,0,0,layered_block,circular,per_chunk,1,1
1377,23333,27250,16,0,0,layered_block,circular,per_chunk,1,1
1378,23333,27250,16,0,0,layered_block,circular,per_chunk,1,1
1379,25458,29375,16,0,0,layered_block,circular,per_chunk,1,1
1380,24917,28875,16,0,0,layered_block,circular,per_chunk,1,1
1381,22875,26709,16,0,0,layered_block,circular,per_chunk,1,1
1382,23209,27083,16,0,0,layered_block,circular,per_chunk,1,1
1383,31750,35625,16,0,0,layered_block,circular,per_chunk,1,1
1384,22875,26625,16,0,0,layered_block,circular,per_chunk,1,1
1385,24042,27958,16,0,0,layered_block,circular,per_chunk,1,1
1386,23041,27250,16,0,0,layered_block,circular,per_chunk,1,1
1387,23000,26917,16,0,0,layered_block,circular,per_chunk,1,1
1388,23667,27542,16,0,0,layered_block,circular,per_chunk,1,1
1389,23208,27083,16,0,0,layered_block,circular,per_chunk,1,1
1390,23625,27583,16,0,0,layered_block,circular,per_chunk,1,1
1391,23250,27208,16,0,0,layered_block,circular,per_chunk,1,1
1392,22917,26792,16,0,0,layered_block,circular,per_chunk,1,1
1393,23791,27750,16,0,0,layered_block,circular,per_chunk,1,1
1394,23292,27208,16,0,0,layered_block,circular,per_chunk,1,1
1395,24125,27959,16,0,0,layered_block,circular,per_chunk,1,1
1396,24291,35291,16,0,0,layered_block,circular,per_chunk,1,1
1397,25084,28916,16,0,0,layered_block,circular,per_chunk,1,1
1398,22834,26666,16,0,0,layered_block,circular,per_chunk,1,1
1399,23959,27833,16,0,0,layered_block,circular,per_chunk,1,1
1400,23625,28292,16,0,0,layered_block,circular,per_chunk,1,1
1401,23916,27750,16,0,0,layered_block,circular,per_chunk,1,1
1402,23500,27334,16,0,0,layered_block,circular,per_chunk,1,1
1403,23958,27959,16,0,0,layered_block,circular,per_chunk,1,1
1404,23250,27167,16,0,0,layered_block,circular,per_chunk,1,1
1405,23000,26833,16,0,0,layered_block,circular,per_chunk,1,1
1406,23334,27208,16,0,0,layered_block,circular,per_chunk,1,1
1407,23625,27500,16,0,0,layered_block,circular,per_chunk,1,1
1408,24541,28375,16,0,0,layered_block,circular,per_chunk,1,1
1409,23500,27292,16,0,0,layered_block,circular,per_chunk,1,1
1410,24750,28667,16,0,0,layered_block,circular,per_chunk,1,1
1411,23084,33083,16,0,0,layered_block,circular,per_chunk,1,1
1412,23125,26958,16,0,0,layered_block,circular,per_chunk,1,1
1413,23500,27417,16,0,0,layered_block,circular,per_chunk,1,1
1414,23250,27208,16,0,0,layered_block,circular,per_chunk,1,1
1415,23542,107708,16,0,0,layered_block,circular,per_chunk,1,1
1416,23750,27667,16,0,0,layered_block,circular,per_chunk,1,1
1417,24000,27959,16,0,0,layered_block,circular,per_chunk,1,1
1418,22750,26625,16,0,0,layered_block,circular,per_chunk,1,1
1419,22917,26833,16,0,0,layered_block,circular,per_chunk,1,1
1420,23125,27041,16,0,0,layered_block,circular,per_chunk,1,1
1421,33291,37208,16,0,0,layered_block,circular,per_chunk,1,1
1422,23750,27667,16,0,0,layered_block,circular,per_chunk,1,1
1423,23708,27584,16,0,0,layered_block,circular,per_chunk,1,1
1424,23583,27500,16,0,0,layered_block,circular,per_chunk,1,1
1425,22750,26666,16,0,0,layered_block,circular,per_chunk,1,1
1426,22750,26625,16,0,0,layered_block,circular,per_chunk,1,1
1427,30333,34333,16,0,0,layered_block,circular,per_chunk,1,1
1428,23666,27542,16,0,0,layered_block,circular,per_chunk,1,1
1429,23000,26916,16,0,0,layered_block,circular,per_chunk,1,1
1430,23458,27750,16,0,0,layered_block,circular,per_chunk,1,1
1431,23042,26875,16,0,0,layered_block,circular,per_chunk,1,1
1432,23292,27292,16,0,0,layered_block,circular,per_chunk,1,1
1433,22750,26667,16,0,0,layered_block,circular,per_chunk,1,1
1434,23042,26916,16,0,0,layered_block,circular,per_chunk,1,1
1435,23166,27334,16,0,0,layered_block,circular,per_chunk,1,1
1436,22875,26750,16,0,0,layered_block,circular,per_chunk,1,1
1437,23125,27042,16,0,0,layered_block,circular,per_chunk,1,1
1438,23041,26875,16,0,0,layered_block,circular,per_chunk,1,1
1439,22667,26583,16,0,0,layered_block,circular,per_chunk,1,1
1440,30666,34625,16,0,0,layered_block,circular,per_chunk,1,1
1441,23125,26916,16,0,0,layered_block,circular,per_chunk,1,1
1442,23209,27041,16,0,0,layered_block,circular,per_chunk,1,1
1443,23125,26959,16,0,0,layered_block,circular,per_chunk,1,1
1444,22833,26709,16,0,0,layered_block,circular,per_chunk,1,1
1445,22875,26792,16,0,0,layered_block,circular,per_chunk,1,1
1446,23208,27042,16,0,0,layered_block,circular,per_chunk,1,1
1447,23125,26958,16,0,0,layered_block,circular,per_chunk,1,1
1448,24167,28166,16,0,0,layered_block,circular,per_chunk,1,1
1449,22834,26708,16,0,0,layered_block,circular,per_chunk,1,1
1450,22792,26667,16,0,0,layered_block,circular,per_chunk,1,1
1451,22666,26583,16,0,0,layered_block,circular,per_chunk,1,1
1452,22792,26625,16,0,0,layered_block,circular,per_chunk,1,1
1453,22958,27250,16,0,0,layered_block,circular,per_chunk,1,1
1454,22709,26583,16,0,0,layered_block,circular,per_chunk,1,1
1455,22875,26792,16,0,0,layered_block,circular,per_chunk,1,1
1456,29958,33875,16,0,0,layered_block,circular,per_chunk,1,1
1457,23250,27250,16,0,0,layered_block,circular,per_chunk,1,1
1458,23084,27000,16,0,0,layered_block,circular,per_chunk,1,1
1459,22791,26708,16,0,0,layered_block,circular,per_chunk,1,1
1460,22834,26666,16,0,0,layered_block,circular,per_chunk,1,1
1461,23083,26959,16,0,0,layered_block,circular,per_chunk,1,1
1462,23833,27625,16,0,0,layered_block,circular,per_chunk,1,1
1463,23291,27125,16,0,0,layered_block,circular,per_chunk,1,1
1464,22709,26625,16,0,0,layered_block,circular,per_chunk,1,1
1465,22959,26875,16,0,0,layered_block,circular,per_chunk,1,1
1466,23042,26959,16,0,0,layered_block,circular,per_chunk,1,1
1467,32458,36375,16,0,0,layered_block,circular,per_chunk,1,1
1468,23750,27583,16,0,0,layered_block,circular,per_chunk,1,1
1469,23584,27416,16,0,0,layered_block,circular,per_chunk,1,1
1470,23916,28208,16,0,0,layered_block,circular,per_chunk,1,1
1471,24417,28417,16,0,0,layered_block,circular,per_chunk,1,1
1472,23625,27500,16,0,0,layered_block,circular,per_chunk,1,1
1473,23250,27208,16,0,0,layered_block,circular,per_chunk,1,1
1474,22959,26833,16,0,0,layered_block,circular,per_chunk,1,1
1475,23458,27375,16,0,0,layered_block,circular,per_chunk,1,1
1476,23667,27750,16,0,0,layered_block,circular,per_chunk,1,1
1477,22958,26875,16,0,0,layered_block,circular,per_chunk,1,1
1478,22958,26833,16,0,0,layered_block,circular,per_chunk,1,1
1479,31542,35500,16,0,0,layered_block,circular,per_chunk,1,1
1480,22917,26750,16,0,0,layered_block,circular,per_chunk,1,1
1481,23417,27250,16,0,0,layered_block,circular,per_chunk,1,1
1482,23250,27125,16,0,0,layered_block,circular,per_chunk,1,1
1483,23000,26916,16,0,0,layered_block,circular,per_chunk,1,1
1484,23375,27208,16,0,0,layered_block,circular,per_chunk,1,1
1485,24208,28083,16,0,0,layered_block,circular,per_chunk,1,1
1486,23375,27292,16,0,0,layered_block,circular,per_chunk,1,1
1487,23333,27125,16,0,0,layered_block,circular,per_chunk,1,1
1488,23458,27292,16,0,0,layered_block,circular,per_chunk,1,1
1489,23501,27458,16,0,0,layered_block,circular,per_chunk,1,1
1490,23083,27000,16,0,0,layered_block,circular,per_chunk,1,1
1491,22833,26708,16,0,0,layered_block,circular,per_chunk,1,1
1492,24000,27958,16,0,0,layered_block,circular,per_chunk,1,1
1493,26875,30792,16,0,0,layered_block,circular,per_chunk,1,1
1494,23333,27209,16,0,0,layered_block,circular,per_chunk,1,1
1495,23375,27208,16,0,0,layered_block,circular,per_chunk,1,1
1496,23459,27375,16,0,0,layered_block,circular,per_chunk,1,1
1497,23250,27125,16,0,0,layered_block,circular,per_chunk,1,1
1498,23000,26791,16,0,0,layered_block,circular,per_chunk,1,1
1499,62833,66875,16,0,0,layered_block,circular,per_chunk,1,1
1500,23459,27334,16,0,0,layered_block,circular,per_chunk,1,1
1501,23750,27625,16,0,0,layered_block,circular,per_chunk,1,1
1502,23083,27041,16,0,0,layered_block,circular,per_chunk,1,1
1503,22958,26875,16,0,0,layered_block,circular,per_chunk,1,1
1504,22959,26750,16,0,0,layered_block,circular,per_chunk,1,1
1505,32417,36333,16,0,0,layered_block,circular,per_chunk,1,1
1506,24208,28083,16,0,0,layered_block,circular,per_chunk,1,1
1507,23209,27125,16,0,0,layered_block,circular,per_chunk,1,1
1508,23459,27333,16,0,0,layered_block,circular,per_chunk,1,1
1509,23791,27708,16,0,0,layered_block,circular,per_chunk,1,1
1510,23000,26833,16,0,0,layered_block,circular,per_chunk,1,1
1511,23000,26875,16,0,0,layered_block,circular,per_chunk,1,1
1512,22792,26709,16,0,0,layered_block,circular,per_chunk,1,1
1513,33459,37416,16,0,0,layered_block,circular,per_chunk,1,1
1514,23458,27334,16,0,0,layered_block,circular,per_chunk,1,1
1515,23417,27292,16,0,0,layered_block,circular,per_chunk,1,1
1516,31167,35125,16,0,0,layered_block,circular,per_chunk,1,1
1517,24416,28250,16,0,0,layered_block,circular,per_chunk,1,1
1518,23250,27083,16,0,0,layered_block,circular,per_chunk,1,1
1519,22792,26625,16,0,0,layered_block,circular,per_chunk,1,1
1520,23750,27666,16,0,0,layered_block,circular,per_chunk,1,1
1521,23542,27375,16,0,0,layered_block,circular,per_chunk,1,1
1522,23792,27625,16,0,0,layered_block,circular,per_chunk,1,1
1523,23458,27708,16,0,0,layered_block,circular,per_chunk,1,1
1524,23625,27500,16,0,0,layered_block,circular,per_chunk,1,1
1525,23333,27125,16,0,0,layered_block,circular,per_chunk,1,1
1526,23834,27667,16,0,0,layered_block,circular,per_chunk,1,1
1527,23208,27042,16,0,0,layered_block,circular,per_chunk,1,1
1528,24209,28083,16,0,0,layered_block,circular,per_chunk,1,1
1529,24208,28042,16,0,0,layered_block,circular,per_chunk,1,1
1530,23334,27208,16,0,0,layered_block,circular,per_chunk,1,1
1531,22875,26791,16,0,0,layered_block,circular,per_chunk,1,1
1532,23542,27584,16,0,0,layered_block,circular,per_chunk,1,1
1533,23208,27084,16,0,0,layered_block,circular,per_chunk,1,1
1534,23500,27417,16,0,0,layered_block,circular,per_chunk,1,1
1535,31625,35542,16,0,0,layered_block,circular,per_chunk,1,1
1536,23542,27458,16,0,0,layered_block,circular,per_chunk,1,1
1537,23209,26959,16,0,0,layered_block,circular,per_chunk,1,1
1538,23042,26875,16,0,0,layered_block,circular,per_chunk,1,1
1539,23000,26833,16,0,0,layered_block,circular,per_chunk,1,1
1540,23167,26958,16,0,0,layered_block,circular,per_chunk,1,1
1541,23500,27833,16,0,0,layered_block,circular,per_chunk,1,1
1542,24250,28041,16,0,0,layered_block,circular,per_chunk,1,1
1543,23750,27583,16,0,0,layered_block,circular,per_chunk,1,1
1544,23334,27250,16,0,0,layered_block,circular,per_chunk,1,1
1545,30709,34541,16,0,0,layered_block,circular,per_chunk,1,1
1546,23834,27709,16,0,0,layered_block,circular,per_chunk,1,1
1547,24625,28375,16,0,0,layered_block,circular,per_chunk,1,1
1548,31292,35209,16,0,0,layered_block,circular,per_chunk,1,1
1549,23209,27084,16,0,0,layered_block,circular,per_chunk,1,1
1550,23667,27500,16,0,0,layered_block,circular,per_chunk,1,1
1551,23792,27625,16,0,0,layered_block,circular,per_chunk,1,1
1552,23666,27583,16,0,0,layered_block,circular,per_chunk,1,1
1553,23542,27417,16,0,0,layered_block,circular,per_chunk,1,1
1554,23459,27917,16,0,0,layered_block,circular,per_chunk,1,1
1555,23500,27333,16,0,0,layered_block,circular,per_chunk,1,1
1556,23625,27375,16,0,0,layered_block,circular,per_chunk,1,1
1557,23125,26958,16,0,0,layered_block,circular,per_chunk,1,1
1558,30416,34291,16,0,0,layered_block,circular,per_chunk,1,1
1559,23083,26875,16,0,0,layered_block,circular,per_chunk,1,1
1560,24167,28083,16,0,0,layered_block,circular,per_chunk,1,1
1561,23209,27042,16,0,0,layered_block,circular,per_chunk,1,1
1562,23833,27708,16,0,0,layered_block,circular,per_chunk,1,1
1563,23209,27083,16,0,0,layered_block,circular,per_chunk,1,1
1564,23166,27125,16,0,0,layered_block,circular,per_chunk,1,1
1565,22750,26667,16,0,0,layered_block,circular,per_chunk,1,1
1566,22834,26708,16,0,0,layered_block,circular,per_chunk,1,1
1567,31959,35959,16,0,0,layered_block,circular,per_chunk,1,1
1568,23333,27209,16,0,0,layered_block,circular,per_chunk,1,1
1569,23334,27208,16,0,0,layered_block,circular,per_chunk,1,1
1570,22875,26625,16,0,0,layered_block,circular,per_chunk,1,1
1571,23667,27542,16,0,0,layered_block,circular,per_chunk,1,1
1572,23084,26917,16,0,0,layered_block,circular,per_chunk,1,1
1573,23750,27666,16,0,0,layered_block,circular,per_chunk,1,1
1574,23000,26833,16,0,0,layered_block,circular,per_chunk,1,1
1575,23583,27333,16,0,0,layered_block,circular,per_chunk,1,1
1576,23708,27625,16,0,0,layered_block,circular,per_chunk,1,1
1577,23333,27208,16,0,0,layered_block,circular,per_chunk,1,1
1578,23459,27292,16,0,0,layered_block,circular,per_chunk,1,1
1579,23917,27917,16,0,0,layered_block,circular,per_chunk,1,1
1580,22875,26750,16,0,0,layered_block,circular,per_chunk,1,1
1581,25500,29583,16,0,0,layered_block,circular,per_chunk,1,1
1582,23250,27125,16,0,0,layered_block,circular,per_chunk,1,1
1583,31000,34958,16,0,0,layered_block,circular,per_chunk,1,1
1584,23792,27542,16,0,0,layered_block,circular,per_chunk,1,1
1585,24334,28250,16,0,0,layered_block,circular,per_chunk,1,1
1586,23917,27750,16,0,0,layered_block,circular,per_chunk,1,1
1587,23625,27459,16,0,0,layered_block,circular,per_chunk,1,1
1588,23916,27666,16,0,0,layered_block,circular,per_chunk,1,1
1589,23542,27542,16,0,0,layered_block,circular,per_chunk,1,1
1590,23042,26917,16,0,0,layered_block,circular,per_chunk,1,1
1591,23750,27583,16,0,0,layered_block,circular,per_chunk,1,1
1592,23833,27708,16,0,0,layered_block,circular,per_chunk,1,1
1593,22708,26625,16,0,0,layered_block,circular,per_chunk,1,1
1594,104792,109125,16,0,0,layered_block,circular,per_chunk,1,1
1595,23833,28209,16,0,0,layered_block,circular,per_chunk,1,1
1596,24083,27916,16,0,0,layered_block,circular,per_chunk,1,1
1597,22917,26792,16,0,0,layered_block,circular,per_chunk,1,1
1598,23792,27667,16,0,0,layered_block,circular,per_chunk,1,1
1599,23333,27291,16,0,0,layered_block,circular,per_chunk,1,1
1600,23042,26917,16,0,0,layered_block,circular,per_chunk,1,1
1601,23791,27666,16,0,0,layered_block,circular,per_chunk,1,1
1602,31041,34916,16,0,0,layered_block,circular,per_chunk,1,1
1603,23167,26917,16,0,0,layered_block,circular,per_chunk,1,1
1604,22792,26750,16,0,0,layered_block,circular,per_chunk,1,1
1605,23292,27208,16,0,0,layered_block,circular,per_chunk,1,1
1606,23459,27416,16,0,0,layered_block,circular,per_chunk,1,1
1607,23625,27583,16,0,0,layered_block,circular,per_chunk,1,1
1608,23583,27458,16,0,0,layered_block,circular,per_chunk,1,1
1609,23166,27000,16,0,0,layered_block,circular,per_chunk,1,1
1610,23458,27333,16,0,0,layered_block,circular,per_chunk,1,1
1611,32083,36083,16,0,0,layered_block,circular,per_chunk,1,1
1612,23500,27333,16,0,0,layered_block,circular,per_chunk,1,1
1613,23833,27667,16,0,0,layered_block,circular,per_chunk,1,1
1614,24166,28042,16,0,0,layered_block,circular,per_chunk,1,1
1615,23458,27375,16,0,0,layered_block,circular,per_chunk,1,1
1616,23917,27833,16,0,0,layered_block,circular,per_chunk,1,1
1617,24375,28292,16,0,0,layered_block,circular,per_chunk,1,1
1618,23208,27125,16,0,0,layered_block,circular,per_chunk,1,1
1619,23042,26875,16,0,0,layered_block,circular,per_chunk,1,1
1620,23750,28208,16,0,0,layered_block,circular,per_chunk,1,1
1621,32000,35959,16,0,0,layered_block,circular,per_chunk,1,1
1622,23334,27084,16,0,0,layered_block,circular,per_chunk,1,1
1623,22958,26834,16,0,0,layered_block,circular,per_chunk,1,1
1624,23584,35333,16,0,0,layered_block,circular,per_chunk,1,1
1625,23541,27375,16,0,0,layered_block,circular,per_chunk,1,1
1626,23375,27166,16,0,0,layered_block,circular,per_chunk,1,1
1627,23792,27709,16,0,0,layered_block,circular,per_chunk,1,1
1628,23041,26958,16,0,0,layered_block,circular,per_chunk,1,1
1629,24042,27917,16,0,0,layered_block,circular,per_chunk,1,1
1630,24416,28250,16,0,0,layered_block,circular,per_chunk,1,1
1631,23167,27000,16,0,0,layered_block,circular,per_chunk,1,1
1632,23292,27167,16,0,0,layered_block,circular,per_chunk,1,1
1633,23667,28000,16,0,0,layered_block,circular,per_chunk,1,1
1634,24000,27875,16,0,0,layered_block,circular,per_chunk,1,1
1635,23375,27208,16,0,0,layered_block,circular,per_chunk,1,1
1636,23167,26958,16,0,0,layered_block,circular,per_chunk,1,1
1637,23042,27000,16,0,0,layered_block,circular,per_chunk,1,1
1638,23667,27584,16,0,0,layered_block,circular,per_chunk,1,1
1639,23917,27875,16,0,0,layered_block,circular,per_chunk,1,1
1640,24667,28750,16,0,0,layered_block,circular,per_chunk,1,1
1641,23458,27292,16,0,0,layered_block,circular,per_chunk,1,1
1642,23917,27792,16,0,0,layered_block,circular,per_chunk,1,1
1643,23625,27458,16,0,0,layered_block,circular,per_chunk,1,1
1644,23042,26875,16,0,0,layered_block,circular,per_chunk,1,1
1645,23208,27042,16,0,0,layered_block,circular,per_chunk,1,1
1646,23917,27791,16,0,0,layered_block,circular,per_chunk,1,1
1647,23625,27500,16,0,0,layered_block,circular,per_chunk,1,1
1648,24292,28708,16,0,0,layered_block,circular,per_chunk,1,1
1649,23416,27292,16,0,0,layered_block,circular,per_chunk,1,1
1650,24375,28209,16,0,0,layered_block,circular,per_chunk,1,1
1651,23375,27250,16,0,0,layered_block,circular,per_chunk,1,1
1652,23667,27541,16,0,0,layered_block,circular,per_chunk,1,1
1653,23250,27083,16,0,0,layered_block,circular,per_chunk,1,1
1654,23958,27958,16,0,0,layered_block,circular,per_chunk,1,1
1655,23250,27084,16,0,0,layered_block,circular,per_chunk,1,1
1656,23750,27625,16,0,0,layered_block,circular,per_chunk,1,1
1657,23500,27416,16,0,0,layered_block,circular,per_chunk,1,1
1658,22750,26625,16,0,0,layered_block,circular,per_chunk,1,1
1659,23458,27250,16,0,0,layered_block,circular,per_chunk,1,1
1660,24209,28041,16,0,0,layered_block,circular,per_chunk,1,1
1661,23167,27000,16,0,0,layered_block,circular,per_chunk,1,1
1662,24084,27875,16,0,0,layered_block,circular,per_chunk,1,1
1663,23542,27459,16,0,0,layered_block,circular,per_chunk,1,1
1664,23875,27708,16,0,0,layered_block,circular,per_chunk,1,1
1665,23042,26875,16,0,0,layered_block,circular,per_chunk,1,1
1666,30625,34500,16,0,0,layered_block,circular,per_chunk,1,1
1667,23625,27458,16,0,0,layered_block,circular,per_chunk,1,1
1668,23000,26833,16,0,0,layered_block,circular,per_chunk,1,1
1669,23458,27416,16,0,0,layered_block,circular,per_chunk,1,1
1670,22958,26791,16,0,0,layered_block,circular,per_chunk,1,1
1671,23750,27625,16,0,0,layered_block,circular,per_chunk,1,1
1672,23666,27500,16,0,0,layered_block,circular,per_chunk,1,1
1673,24292,28416,16,0,0,layered_block,circular,per_chunk,1,1
1674,22833,26667,16,0,0,layered_block,circular,per_chunk,1,1
1675,22959,27291,16,0,0,layered_block,circular,per_chunk,1,1
1676,23041,26917,16,0,0,layered_block,circular,per_chunk,1,1
1677,23042,26959,16,0,0,layered_block,circular,per_chunk,1,1
1678,24708,28542,16,0,0,layered_block,circular,per_chunk,1,1
1679,23583,27459,16,0,0,layered_block,circular,per_chunk,1,1
1680,23209,27041,16,0,0,layered_block,circular,per_chunk,1,1
1681,24167,28167,16,0,0,layered_block,circular,per_chunk,1,1
1682,23000,26875,16,0,0,layered_block,circular,per_chunk,1,1
1683,22917,26750,16,0,0,layered_block,circular,per_chunk,1,1
1684,23125,27000,16,0,0,layered_block,circular,per_chunk,1,1
1685,23250,27125,16,0,0,layered_block,circular,per_chunk,1,1
1686,22750,26541,16,0,0,layered_block,circular,per_chunk,1,1
1687,23250,27125,16,0,0,layered_block,circular,per_chunk,1,1
1688,23125,27041,16,0,0,layered_block,circular,per_chunk,1,1
1689,23583,27417,16,0,0,layered_block,circular,per_chunk,1,1
1690,23458,27292,16,0,0,layered_block,circular,per_chunk,1,1
1691,23334,27167,16,0,0,layered_block,circular,per_chunk,1,1
1692,23000,26875,16,0,0,layered_block,circular,per_chunk,1,1
1693,23416,27208,16,0,0,layered_block,circular,per_chunk,1,1
1694,23334,27667,16,0,0,layered_block,circular,per_chunk,1,1
1695,24166,28083,16,0,0,layered_block,circular,per_chunk,1,1
1696,23708,27583,16,0,0,layered_block,circular,per_chunk,1,1
1697,32542,36458,16,0,0,layered_block,circular,per_chunk,1,1
1698,23000,26750,16,0,0,layered_block,circular,per_chunk,1,1
1699,23875,27666,16,0,0,layered_block,circular,per_chunk,1,1
1700,24583,28417,16,0,0,layered_block,circular,per_chunk,1,1
1701,23166,27042,16,0,0,layered_block,circular,per_chunk,1,1
1702,23083,26917,16,0,0,layered_block,circular,per_chunk,1,1
1703,24959,28875,16,0,0,layered_block,circular,per_chunk,1,1
1704,23292,27125,16,0,0,layered_block,circular,per_chunk,1,1
1705,23250,27084,16,0,0,layered_block,circular,per_chunk,1,1
1706,24125,27958,16,0,0,layered_block,circular,per_chunk,1,1
1707,23459,27334,16,0,0,layered_block,circular,per_chunk,1,1
1708,24375,28167,16,0,0,layered_block,circular,per_chunk,1,1
1709,24209,28125,16,0,0,layered_block,circular,per_chunk,1,1
1710,23125,26958,16,0,0,layered_block,circular,per_chunk,1,1
1711,23875,27666,16,0,0,layered_block,circular,per_chunk,1,1
1712,23750,27708,16,0,0,layered_block,circular,per_chunk,1,1
1713,23667,27417,16,0,0,layered_block,circular,per_chunk,1,1
1714,23166,27000,16,0,0,layered_block,circular,per_chunk,1,1
1715,24208,28375,16,0,0,layered_block,circular,per_chunk,1,1
1716,23833,27708,16,0,0,layered_block,circular,per_chunk,1,1
1717,24291,28125,16,0,0,layered_block,circular,per_chunk,1,1
1718,23708,27583,16,0,0,layered_block,circular,per_chunk,1,1
1719,23667,27500,16,0,0,layered_block,circular,per_chunk,1,1
1720,23291,27041,16,0,0,layered_block,circular,per_chunk,1,1
1721,23750,27750,16,0,0,layered_block,circular,per_chunk,1,1
1722,23167,27084,16,0,0,layered_block,circular,per_chunk,1,1
1723,23625,27375,16,0,0,layered_block,circular,per_chunk,1,1
1724,23083,27000,16,0,0,layered_block,circular,per_chunk,1,1
1725,23333,27209,16,0,0,layered_block,circular,per_chunk,1,1
1726,23458,27250,16,0,0,layered_block,circular,per_chunk,1,1
1727,24583,28625,16,0,0,layered_block,circular,per_chunk,1,1
1728,23750,28167,16,0,0,layered_block,circular,per_chunk,1,1
1729,23333,27208,16,0,0,layered_block,circular,per_chunk,1,1
1730,23416,27250,16,0,0,layered_block,circular,per_chunk,1,1
1731,31333,35291,16,0,0,layered_block,circular,per_chunk,1,1
1732,23833,27625,16,0,0,layered_block,circular,per_chunk,1,1
1733,24125,27958,16,0,0,layered_block,circular,per_chunk,1,1
1734,24209,28209,16,0,0,layered_block,circular,per_chunk,1,1
1735,23000,26833,16,0,0,layered_block,circular,per_chunk,1,1
1736,22875,26708,16,0,0,layered_block,circular,per_chunk,1,1
1737,29916,33833,16,0,0,layered_block,circular,per_chunk,1,1
1738,23167,26958,16,0,0,layered_block,circular,per_chunk,1,1
1739,24625,28459,16,0,0,layered_block,circular,per_chunk,1,1
1740,23667,27583,16,0,0,layered_block,circular,per_chunk,1,1
1741,23416,27250,16,0,0,layered_block,circular,per_chunk,1,1
1742,23458,27250,16,0,0,layered_block,circular,per_chunk,1,1
1743,24208,28083,16,0,0,layered_block,circular,per_chunk,1,1
1744,23375,27333,16,0,0,layered_block,circular,per_chunk,1,1
1745,23125,26959,16,0,0,layered_block,circular,per_chunk,1,1
1746,23833,27625,16,0,0,layered_block,circular,per_chunk,1,1
1747,24750,29000,16,0,0,layered_block,circular,per_chunk,1,1
1748,23375,27250,16,0,0,layered_block,circular,per_chunk,1,1
1749,24167,27917,16,0,0,layered_block,circular,per_chunk,1,1
1750,23834,27750,16,0,0,layered_block,circular,per_chunk,1,1
1751,23708,27500,16,0,0,layered_block,circular,per_chunk,1,1
1752,25875,30042,16,0,0,layered_block,circular,per_chunk,1,1
1753,24041,27916,16,0,0,layered_block,circular,per_chunk,1,1
1754,23084,27041,16,0,0,layered_block,circular,per_chunk,1,1
1755,23666,27542,16,0,0,layered_block,circular,per_chunk,1,1
1756,24375,28584,16,0,0,layered_block,circular,per_chunk,1,1
1757,23792,27666,16,0,0,layered_block,circular,per_chunk,1,1
1758,23708,27583,16,0,0,layered_block,circular,per_chunk,1,1
1759,23875,27750,16,0,0,layered_block,circular,per_chunk,1,1
1760,23375,27291,16,0,0,layered_block,circular,per_chunk,1,1
1761,23375,27250,16,0,0,layered_block,circular,per_chunk,1,1
1762,23708,27625,16,0,0,layered_block,circular,per_chunk,1,1
1763,23417,27250,16,0,0,layered_block,circular,per_chunk,1,1
1764,23250,27000,16,0,0,layered_block,circular,per_chunk,1,1
1765,26417,30250,16,0,0,layered_block,circular,per_chunk,1,1
1766,31708,35667,16,0,0,layered_block,circular,per_chunk,1,1
1767,23458,27250,16,0,0,layered_block,circular,per_chunk,1,1
1768,23417,27292,16,0,0,layered_block,circular,per_chunk,1,1
1769,22750,26667,16,0,0,layered_block,circular,per_chunk,1,1
1770,23750,27500,16,0,0,layered_block,circular,per_chunk,1,1
1771,23375,27250,16,0,0,layered_block,circular,per_chunk,1,1
1772,31625,35541,16,0,0,layered_block,circular,per_chunk,1,1
1773,23042,26834,16,0,0,layered_block,circular,per_chunk,1,1
1774,23375,27291,16,0,0,layered_block,circular,per_chunk,1,1
1775,23583,27458,16,0,0,layered_block,circular,per_chunk,1,1
1776,23333,27167,16,0,0,layered_block,circular,per_chunk,1,1
1777,23250,27125,16,0,0,layered_block,circular,per_chunk,1,1
1778,23167,27000,16,0,0,layered_block,circular,per_chunk,1,1
1779,23333,27250,16,0,0,layered_block,circular,per_chunk,1,1
1780,23417,27334,16,0,0,layered_block,circular,per_chunk,1,1
1781,23834,27750,16,0,0,layered_block,circular,per_chunk,1,1
1782,23250,27083,16,0,0,layered_block,circular,per_chunk,1,1
1783,22791,26625,16,0,0,layered_block,circular,per_chunk,1,1
1784,30750,34667,16,0,0,layered_block,circular,per_chunk,1,1
1785,23792,27583,16,0,0,layered_block,circular,per_chunk,1,1
1786,22666,26500,16,0,0,layered_block,circular,per_chunk,1,1
1787,24084,28000,16,0,0,layered_block,circular,per_chunk,1,1
1788,22667,26500,16,0,0,layered_block,circular,per_chunk,1,1
1789,23875,27750,16,0,0,layered_block,circular,per_chunk,1,1
1790,23417,27417,16,0,0,layered_block,circular,per_chunk,1,1
1791,23083,27041,16,0,0,layered_block,circular,per_chunk,1,1
1792,23500,27291,16,0,0,layered_block,circular,per_chunk,1,1
1793,24125,28000,16,0,0,layered_block,circular,per_chunk,1,1
1794,22709,26542,16,0,0,layered_block,circular,per_chunk,1,1
1795,24917,28833,16,0,0,layered_block,circular,per_chunk,1,1
1796,23209,26959,16,0,0,layered_block,circular,per_chunk,1,1
1797,23125,27000,16,0,0,layered_block,circular,per_chunk,1,1
1798,24541,28375,16,0,0,layered_block,circular,per_chunk,1,1
1799,24125,28042,16,0,0,layered_block,circular,per_chunk,1,1
1800,22834,26708,16,0,0,layered_block,circular,per_chunk,1,1
1801,22708,26584,16,0,0,layered_block,circular,per_chunk,1,1
1802,23209,27125,16,0,0,layered_block,circular,per_chunk,1,1
1803,23166,27041,16,0,0,layered_block,circular,per_chunk,1,1
1804,23042,26917,16,0,0,layered_block,circular,per_chunk,1,1
1805,23459,27291,16,0,0,layered_block,circular,per_chunk,1,1
1806,22916,26750,16,0,0,layered_block,circular,per_chunk,1,1
1807,22875,26750,16,0,0,layered_block,circular,per_chunk,1,1
1808,31666,35667,16,0,0,layered_block,circular,per_chunk,1,1
1809,22667,26500,16,0,0,layered_block,circular,per_chunk,1,1
1810,23500,27500,16,0,0,layered_block,circular,per_chunk,1,1
1811,22708,26625,16,0,0,layered_block,circular,per_chunk,1,1
1812,23166,27125,16,0,0,layered_block,circular,per_chunk,1,1
1813,22959,26750,16,0,0,layered_block,circular,per_chunk,1,1
1814,30709,34667,16,0,0,layered_block,circular,per_chunk,1,1
1815,23250,27000,16,0,0,layered_block,circular,per_chunk,1,1
1816,23875,27792,16,0,0,layered_block,circular,per_chunk,1,1
1817,23083,26958,16,0,0,layered_block,circular,per_chunk,1,1
1818,23708,27583,16,0,0,layered_block,circular,per_chunk,1,1
1819,23458,27292,16,0,0,layered_block,circular,per_chunk,1,1
1820,23417,27500,16,0,0,layered_block,circular,per_chunk,1,1
1821,22709,26583,16,0,0,layered_block,circular,per_chunk,1,1
1822,22750,26542,16,0,0,layered_block,circular,per_chunk,1,1
1823,23084,26959,16,0,0,layered_block,circular,per_chunk,1,1
1824,22958,26792,16,0,0,layered_block,circular,per_chunk,1,1
1825,23333,27209,16,0,0,layered_block,circular,per_chunk,1,1
1826,30875,34792,16,0,0,layered_block,circular,per_chunk,1,1
1827,23042,26833,16,0,0,layered_block,circular,per_chunk,1,1
1828,23125,27000,16,0,0,layered_block,circular,per_chunk,1,1
1829,23875,27708,16,0,0,layered_block,circular,per_chunk,1,1
1830,23209,27042,16,0,0,layered_block,circular,per_chunk,1,1
1831,24042,28042,16,0,0,layered_block,circular,per_chunk,1,1
1832,23166,33875,16,0,0,layered_block,circular,per_chunk,1,1
1833,22958,26833,16,0,0,layered_block,circular,per_chunk,1,1
1834,23042,26875,16,0,0,layered_block,circular,per_chunk,1,1
1835,23208,27125,16,0,0,layered_block,circular,per_chunk,1,1
1836,22709,26584,16,0,0,layered_block,circular,per_chunk,1,1
1837,22792,26625,16,0,0,layered_block,circular,per_chunk,1,1
1838,24667,28541,16,0,0,layered_block,circular,per_chunk,1,1
1839,23042,26875,16,0,0,layered_block,circular,per_chunk,1,1
1840,22584,26459,16,0,0,layered_block,circular,per_chunk,1,1
1841,23834,27834,16,0,0,layered_block,circular,per_chunk,1,1
1842,22875,26750,16,0,0,layered_block,circular,per_chunk,1,1
1843,23625,27458,16,0,0,layered_block,circular,per_chunk,1,1
1844,22833,26708,16,0,0,layered_block,circular,per_chunk,1,1
1845,22958,26833,16,0,0,layered_block,circular,per_chunk,1,1
1846,22791,26583,16,0,0,layered_block,circular,per_chunk,1,1
1847,31625,35541,16,0,0,layered_block,circular,per_chunk,1,1
1848,23542,27292,16,0,0,layered_block,circular,per_chunk,1,1
1849,23333,27375,16,0,0,layered_block,circular,per_chunk,1,1
1850,22750,26583,16,0,0,layered_block,circular,per_chunk,1,1
1851,24667,28666,16,0,0,layered_block,circular,per_chunk,1,1
1852,23375,27167,16,0,0,layered_block,circular,per_chunk,1,1
1853,23709,33834,16,0,0,layered_block,circular,per_chunk,1,1
1854,23000,26833,16,0,0,layered_block,circular,per_chunk,1,1
1855,22959,27000,16,0,0,layered_block,circular,per_chunk,1,1
1856,22750,26584,16,0,0,layered_block,circular,per_chunk,1,1
1857,22833,26583,16,0,0,layered_block,circular,per_chunk,1,1
1858,23542,27333,16,0,0,layered_block,circular,per_chunk,1,1
1859,23042,26917,16,0,0,layered_block,circular,per_chunk,1,1
1860,22792,26625,16,0,0,layered_block,circular,per_chunk,1,1
1861,23167,27000,16,0,0,layered_block,circular,per_chunk,1,1
1862,22750,26708,16,0,0,layered_block,circular,per_chunk,1,1
1863,22875,26708,16,0,0,layered_block,circular,per_chunk,1,1
1864,23666,27583,16,0,0,layered_block,circular,per_chunk,1,1
1865,23625,27500,16,0,0,layered_block,circular,per_chunk,1,1
1866,22709,26500,16,0,0,layered_block,circular,per_chunk,1,1
1867,23375,27333,16,0,0,layered_block,circular,per_chunk,1,1
1868,22708,26541,16,0,0,layered_block,circular,per_chunk,1,1
1869,23000,26833,16,0,0,layered_block,circular,per_chunk,1,1
1870,23083,27000,16,0,0,layered_block,circular,per_chunk,1,1
1871,23000,26750,16,0,0,layered_block,circular,per_chunk,1,1
1872,23125,26917,16,0,0,layered_block,circular,per_chunk,1,1
1873,23166,27042,16,0,0,layered_block,circular,per_chunk,1,1
1874,23417,27334,16,0,0,layered_block,circular,per_chunk,1,1
1875,23167,27041,16,0,0,layered_block,circular,per_chunk,1,1
1876,24208,28208,16,0,0,layered_block,circular,per_chunk,1,1
1877,23125,26917,16,0,0,layered_block,circular,per_chunk,1,1
1878,22750,26542,16,0,0,layered_block,circular,per_chunk,1,1
1879,31500,35500,16,0,0,layered_block,circular,per_chunk,1,1
1880,23250,27250,16,0,0,layered_block,circular,per_chunk,1,1
1881,23625,27416,16,0,0,layered_block,circular,per_chunk,1,1
1882,23042,26875,16,0,0,layered_block,circular,per_chunk,1,1
1883,23458,27292,16,0,0,layered_block,circular,per_chunk,1,1
1884,23750,27667,16,0,0,layered_block,circular,per_chunk,1,1
1885,30666,34583,16,0,0,layered_block,circular,per_chunk,1,1
1886,23250,27083,16,0,0,layered_block,circular,per_chunk,1,1
1887,22958,26875,16,0,0,layered_block,circular,per_chunk,1,1
1888,23708,27541,16,0,0,layered_block,circular,per_chunk,1,1
1889,24541,28375,16,0,0,layered_block,circular,per_chunk,1,1
1890,23333,27333,16,0,0,layered_block,circular,per_chunk,1,1
1891,24792,28666,16,0,0,layered_block,circular,per_chunk,1,1
1892,23541,27375,16,0,0,layered_block,circular,per_chunk,1,1
1893,23458,27458,16,0,0,layered_block,circular,per_chunk,1,1
1894,24083,27958,16,0,0,layered_block,circular,per_chunk,1,1
1895,22834,26709,16,0,0,layered_block,circular,per_chunk,1,1
1896,23958,27875,16,0,0,layered_block,circular,per_chunk,1,1
1897,22666,26500,16,0,0,layered_block,circular,per_chunk,1,1
1898,22959,26875,16,0,0,layered_block,circular,per_chunk,1,1
1899,23625,27500,16,0,0,layered_block,circular,per_chunk,1,1
1900,23000,26875,16,0,0,layered_block,circular,per_chunk,1,1
1901,23208,27000,16,0,0,layered_block,circular,per_chunk,1,1
1902,30875,34834,16,0,0,layered_block,circular,per_chunk,1,1
1903,23083,26833,16,0,0,layered_block,circular,per_chunk,1,1
1904,22791,26583,16,0,0,layered_block,circular,per_chunk,1,1
1905,23375,27292,16,0,0,layered_block,circular,per_chunk,1,1
1906,23000,26834,16,0,0,layered_block,circular,per_chunk,1,1
1907,22708,26542,16,0,0,layered_block,circular,per_chunk,1,1
1908,30917,34875,16,0,0,layered_block,circular,per_chunk,1,1
1909,23167,26958,16,0,0,layered_block,circular,per_chunk,1,1
1910,23250,27125,16,0,0,layered_block,circular,per_chunk,1,1
1911,23541,27375,16,0,0,layered_block,circular,per_chunk,1,1
1912,22750,26625,16,0,0,layered_block,circular,per_chunk,1,1
1913,22791,26667,16,0,0,layered_block,circular,per_chunk,1,1
1914,30584,34417,16,0,0,layered_block,circular,per_chunk,1,1
1915,22916,26708,16,0,0,layered_block,circular,per_chunk,1,1
1916,23250,27125,16,0,0,layered_block,circular,per_chunk,1,1
1917,22750,26583,16,0,0,layered_block,circular,per_chunk,1,1
1918,23041,26917,16,0,0,layered_block,circular,per_chunk,1,1
1919,23292,27125,16,0,0,layered_block,circular,per_chunk,1,1
1920,22875,26667,16,0,0,layered_block,circular,per_chunk,1,1
1921,23083,26958,16,0,0,layered_block,circular,per_chunk,1,1
1922,22917,26750,16,0,0,layered_block,circular,per_chunk,1,1
1923,22833,26667,16,0,0,layered_block,circular,per_chunk,1,1
1924,23042,26875,16,0,0,layered_block,circular,per_chunk,1,1
1925,23042,26792,16,0,0,layered_block,circular,per_chunk,1,1
1926,23208,27083,16,0,0,layered_block,circular,per_chunk,1,1
1927,22875,26792,16,0,0,layered_block,circular,per_chunk,1,1
1928,22667,26500,16,0,0,layered_block,circular,per_chunk,1,1
1929,22875,32083,16,0,0,layered_block,circular,per_chunk,1,1
1930,22833,26750,16,0,0,layered_block,circular,per_chunk,1,1
1931,22917,27375,16,0,0,layered_block,circular,per_chunk,1,1
1932,23000,26833,16,0,0,layered_block,circular,per_chunk,1,1
1933,23125,27042,16,0,0,layered_block,circular,per_chunk,1,1
1934,29584,33542,16,0,0,layered_block,circular,per_chunk,1,1
1935,22792,26708,16,0,0,layered_block,circular,per_chunk,1,1
1936,23208,27125,16,0,0,layered_block,circular,per_chunk,1,1
1937,22708,26584,16,0,0,layered_block,circular,per_chunk,1,1
1938,22875,26792,16,0,0,layered_block,circular,per_chunk,1,1
1939,30375,34333,16,0,0,layered_block,circular,per_chunk,1,1
1940,22792,26542,16,0,0,layered_block,circular,per_chunk,1,1
1941,23250,27125,16,0,0,layered_block,circular,per_chunk,1,1
1942,22708,26500,16,0,0,layered_block,circular,per_chunk,1,1
1943,23000,26958,16,0,0,layered_block,circular,per_chunk,1,1
1944,22708,26583,16,0,0,layered_block,circular,per_chunk,1,1
1945,22583,26458,16,0,0,layered_block,circular,per_chunk,1,1
1946,23250,27167,16,0,0,layered_block,circular,per_chunk,1,1
1947,22833,26667,16,0,0,layered_block,circular,per_chunk,1,1
1948,23166,26958,16,0,0,layered_block,circular,per_chunk,1,1
1949,22750,26542,16,0,0,layered_block,circular,per_chunk,1,1
1950,22750,26583,16,0,0,layered_block,circular,per_chunk,1,1
1951,23167,27084,16,0,0,layered_block,circular,per_chunk,1,1
1952,79875,83958,16,0,0,layered_block,circular,per_chunk,1,1
1953,23041,26875,16,0,0,layered_block,circular,per_chunk,1,1
1954,23292,27208,16,0,0,layered_block,circular,per_chunk,1,1
1955,23167,27000,16,0,0,layered_block,circular,per_chunk,1,1
1956,22875,26666,16,0,0,layered_block,circular,per_chunk,1,1
1957,33166,37083,16,0,0,layered_block,circular,per_chunk,1,1
1958,23250,27083,16,0,0,layered_block,circular,per_chunk,1,1
1959,23292,27250,16,0,0,layered_block,circular,per_chunk,1,1
1960,23459,27750,16,0,0,layered_block,circular,per_chunk,1,1
1961,23667,27542,16,0,0,layered_block,circular,per_chunk,1,1
1962,23167,27084,16,0,0,layered_block,circular,per_chunk,1,1
1963,30542,34500,16,0,0,layered_block,circular,per_chunk,1,1
1964,23000,26750,16,0,0,layered_block,circular,per_chunk,1,1
1965,23333,27250,16,0,0,layered_block,circular,per_chunk,1,1
1966,30709,34625,16,0,0,layered_block,circular,per_chunk,1,1
1967,23333,27167,16,0,0,layered_block,circular,per_chunk,1,1
1968,23417,27250,16,0,0,layered_block,circular,per_chunk,1,1
1969,22792,26625,16,0,0,layered_block,circular,per_chunk,1,1
1970,23041,26833,16,0,0,layered_block,circular,per_chunk,1,1
1971,23084,27000,16,0,0,layered_block,circular,per_chunk,1,1
1972,23250,27084,16,0,0,layered_block,circular,per_chunk,1,1
1973,23209,27000,16,0,0,layered_block,circular,per_chunk,1,1
1974,23375,27250,16,0,0,layered_block,circular,per_chunk,1,1
1975,22667,26584,16,0,0,layered_block,circular,per_chunk,1,1
1976,23083,27000,16,0,0,layered_block,circular,per_chunk,1,1
1977,30042,34041,16,0,0,layered_block,circular,per_chunk,1,1
1978,22750,26500,16,0,0,layered_block,circular,per_chunk,1,1
1979,22708,26542,16,0,0,layered_block,circular,per_chunk,1,1
1980,32166,36125,16,0,0,layered_block,circular,per_chunk,1,1
1981,22750,26500,16,0,0,layered_block,circular,per_chunk,1,1
1982,23167,27000,16,0,0,layered_block,circular,per_chunk,1,1
1983,23208,27292,16,0,0,layered_block,circular,per_chunk,1,1
1984,23542,27458,16,0,0,layered_block,circular,per_chunk,1,1
1985,23167,27125,16,0,0,layered_block,circular,per_chunk,1,1
1986,23125,27042,16,0,0,layered_block,circular,per_chunk,1,1
1987,22709,26500,16,0,0,layered_block,circular,per_chunk,1,1
1988,23375,27208,16,0,0,layered_block,circular,per_chunk,1,1
1989,22750,26667,16,0,0,layered_block,circular,per_chunk,1,1
1990,22792,26584,16,0,0,layered_block,circular,per_chunk,1,1
1991,22792,26709,16,0,0,layered_block,circular,per_chunk,1,1
1992,22791,26625,16,0,0,layered_block,circular,per_chunk,1,1
1993,23500,27292,16,0,0,layered_block,circular,per_chunk,1,1
1994,28833,32750,16,0,0,layered_block,circular,per_chunk,1,1
1995,23208,27000,16,0,0,layered_block,circular,per_chunk,1,1
1996,23417,27333,16,0,0,layered_block,circular,per_chunk,1,1
1997,22708,26541,16,0,0,layered_block,circular,per_chunk,1,1
1998,22792,26625,16,0,0,layered_block,circular,per_chunk,1,1
1999,25250,29166,16,0,0,layered_block,circular,per_chunk,1,1
2000,22959,26750,16,0,0,layered_block,circular,per_chunk,1,1
2001,22959,26792,16,0,0,layered_block,circular,per_chunk,1,1
2002,23708,27500,16,0,0,layered_block,circular,per_chunk,1,1
2003,22834,26709,16,0,0,layered_block,circular,per_chunk,1,1
2004,23250,27125,16,0,0,layered_block,circular,per_chunk,1,1
2005,23584,33875,16,0,0,layered_block,circular,per_chunk,1,1
2006,23083,26917,16,0,0,layered_block,circular,per_chunk,1,1
2007,23083,26875,16,0,0,layered_block,circular,per_chunk,1,1
2008,23708,27583,16,0,0,layered_block,circular,per_chunk,1,1
2009,22875,26667,16,0,0,layered_block,circular,per_chunk,1,1
2010,23167,27000,16,0,0,layered_block,circular,per_chunk,1,1
2011,30542,34458,16,0,0,layered_block,circular,per_chunk,1,1
2012,22750,26583,16,0,0,layered_block,circular,per_chunk,1,1
2013,23250,27167,16,0,0,layered_block,circular,per_chunk,1,1
2014,23083,33667,16,0,0,layered_block,circular,per_chunk,1,1
2015,23042,26875,16,0,0,layered_block,circular,per_chunk,1,1
2016,23042,26959,16,0,0,layered_block,circular,per_chunk,1,1
2017,23208,27042,16,0,0,layered_block,circular,per_chunk,1,1
2018,23041,26875,16,0,0,layered_block,circular,per_chunk,1,1
2019,23667,27542,16,0,0,layered_block,circular,per_chunk,1,1
2020,23000,26917,16,0,0,layered_block,circular,per_chunk,1,1
2021,23583,27459,16,0,0,layered_block,circular,per_chunk,1,1
2022,23208,27500,16,0,0,layered_block,circular,per_chunk,1,1
2023,23167,27041,16,0,0,layered_block,circular,per_chunk,1,1
2024,22875,26667,16,0,0,layered_block,circular,per_chunk,1,1
2025,30166,34083,16,0,0,layered_block,circular,per_chunk,1,1
2026,23000,26750,16,0,0,layered_block,circular,per_chunk,1,1
2027,23000,26792,16,0,0,layered_block,circular,per_chunk,1,1
2028,30250,34083,16,0,0,layered_block,circular,per_chunk,1,1
2029,23000,26833,16,0,0,layered_block,circular,per_chunk,1,1
2030,23792,27750,16,0,0,layered_block,circular,per_chunk,1,1
2031,23291,27125,16,0,0,layered_block,circular,per_chunk,1,1
2032,22583,26458,16,0,0,layered_block,circular,per_chunk,1,1
2033,23500,27417,16,0,0,layered_block,circular,per_chunk,1,1
2034,23042,26917,16,0,0,layered_block,circular,per_chunk,1,1
2035,22709,26542,16,0,0,layered_block,circular,per_chunk,1,1
2036,23208,27125,16,0,0,layered_block,circular,per_chunk,1,1
2037,22834,26667,16,0,0,layered_block,circular,per_chunk,1,1
2038,23000,26875,16,0,0,layered_block,circular,per_chunk,1,1
2039,22750,87750,16,0,0,layered_block,circular,per_chunk,1,1
2040,23292,27125,16,0,0,layered_block,circular,per_chunk,1,1
2041,22833,26583,16,0,0,layered_block,circular,per_chunk,1,1
2042,23041,26875,16,0,0,layered_block,circular,per_chunk,1,1
2043,22834,26667,16,0,0,layered_block,circular,per_chunk,1,1
2044,23167,27042,16,0,0,layered_block,circular,per_chunk,1,1
2045,23208,27042,16,0,0,layered_block,circular,per_chunk,1,1
2046,23208,27000,16,0,0,layered_block,circular,per_chunk,1,1
2047,23208,27375,16,0,0,layered_block,circular,per_chunk,1,1
2048,22625,26542,16,0,0,layered_block,circular,per_chunk,1,1
2049,23125,26959,16,0,0,layered_block,circular,per_chunk,1,1
2050,24458,28334,16,0,0,layered_block,circular,per_chunk,1,1
2051,23000,26875,16,0,0,layered_block,circular,per_chunk,1,1
2052,22917,26750,16,0,0,layered_block,circular,per_chunk,1,1
2053,30667,34542,16,0,0,layered_block,circular,per_chunk,1,1
2054,23208,27000,16,0,0,layered_block,circular,per_chunk,1,1
2055,23333,27167,16,0,0,layered_block,circular,per_chunk,1,1
2056,23000,26791,16,0,0,layered_block,circular,per_chunk,1,1
2057,22959,26750,16,0,0,layered_block,circular,per_chunk,1,1
2058,23458,27333,16,0,0,layered_block,circular,per_chunk,1,1
2059,23083,26875,16,0,0,layered_block,circular,per_chunk,1,1
2060,23250,27125,16,0,0,layered_block,circular,per_chunk,1,1
2061,23084,26958,16,0,0,layered_block,circular,per_chunk,1,1
2062,22792,26583,16,0,0,layered_block,circular,per_chunk,1,1
2063,23333,27167,16,0,0,layered_block,circular,per_chunk,1,1
2064,28875,32875,16,0,0,layered_block,circular,per_chunk,1,1
2065,23833,27708,16,0,0,layered_block,circular,per_chunk,1,1
2066,25041,29541,16,0,0,layered_block,circular,per_chunk,1,1
2067,23292,27209,16,0,0,layered_block,circular,per_chunk,1,1
2068,22792,26666,16,0,0,layered_block,circular,per_chunk,1,1
2069,22875,26750,16,0,0,layered_block,circular,per_chunk,1,1
2070,23208,27042,16,0,0,layered_block,circular,per_chunk,1,1
2071,23417,27292,16,0,0,layered_block,circular,per_chunk,1,1
2072,22916,27250,16,0,0,layered_block,circular,per_chunk,1,1
2073,22750,26583,16,0,0,layered_block,circular,per_chunk,1,1
2074,22958,26792,16,0,0,layered_block,circular,per_chunk,1,1
2075,23584,27375,16,0,0,layered_block,circular,per_chunk,1,1
2076,22709,26666,16,0,0,layered_block,circular,per_chunk,1,1
2077,22750,26542,16,0,0,layered_block,circular,per_chunk,1,1
2078,23000,26792,16,0,0,layered_block,circular,per_chunk,1,1
2079,23750,27542,16,0,0,layered_block,circular,per_chunk,1,1
2080,23959,27875,16,0,0,layered_block,circular,per_chunk,1,1
2081,22750,32250,16,0,0,layered_block,circular,per_chunk,1,1
2082,23000,26917,16,0,0,layered_block,circular,per_chunk,1,1
2083,23791,27791,16,0,0,layered_block,circular,per_chunk,1,1
2084,22750,26709,16,0,0,layered_block,circular,per_chunk,1,1
2085,22959,26833,16,0,0,layered_block,circular,per_chunk,1,1
2086,31334,35333,16,0,0,layered_block,circular,per_chunk,1,1
2087,23083,26875,16,0,0,layered_block,circular,per_chunk,1,1
2088,22834,26708,16,0,0,layered_block,circular,per_chunk,1,1
2089,23625,27500,16,0,0,layered_block,circular,per_chunk,1,1
2090,22666,26541,16,0,0,layered_block,circular,per_chunk,1,1
2091,23500,27333,16,0,0,layered_block,circular,per_chunk,1,1
2092,23458,27333,16,0,0,layered_block,circular,per_chunk,1,1
2093,22833,26667,16,0,0,layered_block,circular,per_chunk,1,1
2094,23375,27375,16,0,0,layered_block,circular,per_chunk,1,1
2095,30583,34500,16,0,0,layered_block,circular,per_chunk,1,1
2096,22833,26583,16,0,0,layered_block,circular,per_chunk,1,1
2097,23167,27041,16,0,0,layered_block,circular,per_chunk,1,1
2098,22791,26708,16,0,0,layered_block,circular,per_chunk,1,1
2099,23000,26875,16,0,0,layered_block,circular,per_chunk,1,1
2100,23167,27000,16,0,0,layered_block,circular,per_chunk,1,1
2101,23042,26875,16,0,0,layered_block,circular,per_chunk,1,1
2102,23083,26875,16,0,0,layered_block,circular,per_chunk,1,1
2103,29792,33708,16,0,0,layered_block,circular,per_chunk,1,1
2104,22917,26709,16,0,0,layered_block,circular,per_chunk,1,1
2105,23417,27791,16,0,0,layered_block,circular,per_chunk,1,1
2106,22750,26625,16,0,0,layered_block,circular,per_chunk,1,1
2107,22792,26584,16,0,0,layered_block,circular,per_chunk,1,1
2108,23333,27250,16,0,0,layered_block,circular,per_chunk,1,1
2109,22834,26667,16,0,0,layered_block,circular,per_chunk,1,1
2110,22958,26750,16,0,0,layered_block,circular,per_chunk,1,1
2111,23250,27042,16,0,0,layered_block,circular,per_chunk,1,1
2112,22875,26708,16,0,0,layered_block,circular,per_chunk,1,1
2113,24416,30208,16,0,0,layered_block,circular,per_chunk,1,1
2114,23291,27250,16,0,0,layered_block,circular,per_chunk,1,1
2115,23209,27042,16,0,0,layered_block,circular,per_chunk,1,1
2116,22583,26500,16,0,0,layered_block,circular,per_chunk,1,1
2117,23042,26917,16,0,0,layered_block,circular,per_chunk,1,1
2118,22750,26541,16,0,0,layered_block,circular,per_chunk,1,1
2119,23084,26875,16,0,0,layered_block,circular,per_chunk,1,1
2120,22917,26791,16,0,0,layered_block,circular,per_chunk,1,1
2121,23458,27208,16,0,0,layered_block,circular,per_chunk,1,1
2122,23167,27250,16,0,0,layered_block,circular,per_chunk,1,1
2123,22834,26709,16,0,0,layered_block,circular,per_chunk,1,1
2124,22583,26458,16,0,0,layered_block,circular,per_chunk,1,1
2125,29875,33791,16,0,0,layered_block,circular,per_chunk,1,1
2126,22834,26625,16,0,0,layered_block,circular,per_chunk,1,1
2127,22875,26833,16,0,0,layered_block,circular,per_chunk,1,1
2128,23042,26958,16,0,0,layered_block,circular,per_chunk,1,1
2129,23042,26917,16,0,0,layered_block,circular,per_chunk,1,1
2130,22666,26458,16,0,0,layered_block,circular,per_chunk,1,1
2131,22750,26542,16,0,0,layered_block,circular,per_chunk,1,1
2132,23084,26834,16,0,0,layered_block,circular,per_chunk,1,1
2133,23208,27667,16,0,0,layered_block,circular,per_chunk,1,1
2134,22750,26666,16,0,0,layered_block,circular,per_chunk,1,1
2135,22875,26708,16,0,0,layered_block,circular,per_chunk,1,1
2136,23667,28041,16,0,0,layered_block,circular,per_chunk,1,1
2137,23000,26833,16,0,0,layered_block,circular,per_chunk,1,1
2138,23625,27458,16,0,0,layered_block,circular,per_chunk,1,1
2139,30000,33958,16,0,0,layered_block,circular,per_chunk,1,1
2140,24417,28833,16,0,0,layered_block,circular,per_chunk,1,1
2141,22875,26750,16,0,0,layered_block,circular,per_chunk,1,1
2142,23209,27084,16,0,0,layered_block,circular,per_chunk,1,1
2143,23083,26958,16,0,0,layered_block,circular,per_chunk,1,1
2144,22958,26792,16,0,0,layered_block,circular,per_chunk,1,1
2145,23250,27083,16,0,0,layered_block,circular,per_chunk,1,1
2146,23000,26875,16,0,0,layered_block,circular,per_chunk,1,1
2147,23000,26833,16,0,0,layered_block,circular,per_chunk,1,1
2148,22709,26542,16,0,0,layered_block,circular,per_chunk,1,1
2149,22792,26666,16,0,0,layered_block,circular,per_chunk,1,1
2150,23375,27208,16,0,0,layered_block,circular,per_chunk,1,1
2151,23041,26833,16,0,0,layered_block,circular,per_chunk,1,1
2152,22667,26500,16,0,0,layered_block,circular,per_chunk,1,1
2153,22667,26500,16,0,0,layered_block,circular,per_chunk,1,1
2154,22750,26625,16,0,0,layered_block,circular,per_chunk,1,1
2155,23000,26875,16,0,0,layered_block,circular,per_chunk,1,1
2156,30667,34583,16,0,0,layered_block,circular,per_chunk,1,1
2157,23166,27042,16,0,0,layered_block,circular,per_chunk,1,1
2158,23500,27417,16,0,0,layered_block,circular,per_chunk,1,1
2159,23084,26917,16,0,0,layered_block,circular,per_chunk,1,1
2160,24791,93459,16,0,0,layered_block,circular,per_chunk,1,1
2161,23291,27125,16,0,0,layered_block,circular,per_chunk,1,1
2162,30292,34250,16,0,0,layered_block,circular,per_chunk,1,1
2163,22875,26667,16,0,0,layered_block,circular,per_chunk,1,1
2164,23458,27500,16,0,0,layered_block,circular,per_chunk,1,1
2165,22708,26583,16,0,0,layered_block,circular,per_chunk,1,1
2166,22958,26875,16,0,0,layered_block,circular,per_chunk,1,1
2167,23333,27208,16,0,0,layered_block,circular,per_chunk,1,1
2168,22667,26541,16,0,0,layered_block,circular,per_chunk,1,1
2169,22583,26500,16,0,0,layered_block,circular,per_chunk,1,1
2170,31042,34917,16,0,0,layered_block,circular,per_chunk,1,1
2171,23084,26916,16,0,0,layered_block,circular,per_chunk,1,1
2172,23375,27209,16,0,0,layered_block,circular,per_chunk,1,1
2173,23083,26917,16,0,0,layered_block,circular,per_chunk,1,1
2174,23333,27208,16,0,0,layered_block,circular,per_chunk,1,1
2175,23042,27000,16,0,0,layered_block,circular,per_chunk,1,1
2176,30542,34458,16,0,0,layered_block,circular,per_chunk,1,1
2177,22875,26625,16,0,0,layered_block,circular,per_chunk,1,1
2178,23208,27208,16,0,0,layered_block,circular,per_chunk,1,1
2179,22917,26750,16,0,0,layered_block,circular,per_chunk,1,1
2180,22792,26666,16,0,0,layered_block,circular,per_chunk,1,1
2181,23792,27667,16,0,0,layered_block,circular,per_chunk,1,1
2182,23208,27083,16,0,0,layered_block,circular,per_chunk,1,1
2183,23292,27125,16,0,0,layered_block,circular,per_chunk,1,1
2184,23542,27792,16,0,0,layered_block,circular,per_chunk,1,1
2185,23125,27000,16,0,0,layered_block,circular,per_chunk,1,1
2186,22667,26583,16,0,0,layered_block,circular,per_chunk,1,1
2187,23417,27417,16,0,0,layered_block,circular,per_chunk,1,1
2188,22833,26708,16,0,0,layered_block,circular,per_chunk,1,1
2189,22917,26834,16,0,0,layered_block,circular,per_chunk,1,1
2190,23667,27542,16,0,0,layered_block,circular,per_chunk,1,1
2191,22750,26583,16,0,0,layered_block,circular,per_chunk,1,1
2192,23042,26875,16,0,0,layered_block,circular,per_chunk,1,1
2193,22959,26875,16,0,0,layered_block,circular,per_chunk,1,1
2194,22917,26833,16,0,0,layered_block,circular,per_chunk,1,1
2195,23292,27209,16,0,0,layered_block,circular,per_chunk,1,1
2196,22959,26875,16,0,0,layered_block,circular,per_chunk,1,1
2197,23500,27333,16,0,0,layered_block,circular,per_chunk,1,1
2198,23459,27334,16,0,0,layered_block,circular,per_chunk,1,1
2199,23042,26916,16,0,0,layered_block,circular,per_chunk,1,1
2200,22959,26833,16,0,0,layered_block,circular,per_chunk,1,1
2201,23250,27208,16,0,0,layered_block,circular,per_chunk,1,1
2202,22750,26667,16,0,0,layered_block,circular,per_chunk,1,1
2203,23459,27333,16,0,0,layered_block,circular,per_chunk,1,1
2204,30875,34833,16,0,0,layered_block,circular,per_chunk,1,1
2205,23000,26833,16,0,0,layered_block,circular,per_chunk,1,1
2206,22875,26750,16,0,0,layered_block,circular,per_chunk,1,1
2207,32208,36500,16,0,0,layered_block,circular,per_chunk,1,1
2208,22791,26708,16,0,0,layered_block,circular,per_chunk,1,1
2209,23625,27500,16,0,0,layered_block,circular,per_chunk,1,1
2210,22875,26792,16,0,0,layered_block,circular,per_chunk,1,1
2211,22833,26666,16,0,0,layered_block,circular,per_chunk,1,1
2212,23750,27667,16,0,0,layered_block,circular,per_chunk,1,1
2213,23042,26916,16,0,0,layered_block,circular,per_chunk,1,1
2214,23208,27084,16,0,0,layered_block,circular,per_chunk,1,1
2215,23375,27417,16,0,0,layered_block,circular,per_chunk,1,1
2216,23042,26916,16,0,0,layered_block,circular,per_chunk,1,1
2217,23708,27583,16,0,0,layered_block,circular,per_chunk,1,1
2218,31667,35791,16,0,0,layered_block,circular,per_chunk,1,1
2219,23583,27417,16,0,0,layered_block,circular,per_chunk,1,1
2220,23208,27458,16,0,0,layered_block,circular,per_chunk,1,1
2221,23917,27834,16,0,0,layered_block,circular,per_chunk,1,1
2222,23041,26916,16,0,0,layered_block,circular,per_chunk,1,1
2223,23584,27417,16,0,0,layered_block,circular,per_chunk,1,1
2224,23666,27542,16,0,0,layered_block,circular,per_chunk,1,1
2225,23500,27291,16,0,0,layered_block,circular,per_chunk,1,1
2226,23417,27417,16,0,0,layered_block,circular,per_chunk,1,1
2227,32750,36791,16,0,0,layered_block,circular,per_chunk,1,1
2228,22792,26625,16,0,0,layered_block,circular,per_chunk,1,1
2229,23209,27083,16,0,0,layered_block,circular,per_chunk,1,1
2230,22709,26583,16,0,0,layered_block,circular,per_chunk,1,1
2231,23250,27167,16,0,0,layered_block,circular,per_chunk,1,1
2232,23458,27458,16,0,0,layered_block,circular,per_chunk,1,1
2233,23084,26958,16,0,0,layered_block,circular,per_chunk,1,1
2234,23417,27291,16,0,0,layered_block,circular,per_chunk,1,1
2235,23292,27250,16,0,0,layered_block,circular,per_chunk,1,1
2236,30708,34750,16,0,0,layered_block,circular,per_chunk,1,1
2237,23416,27250,16,0,0,layered_block,circular,per_chunk,1,1
2238,23291,27500,16,0,0,layered_block,circular,per_chunk,1,1
2239,23625,27541,16,0,0,layered_block,circular,per_chunk,1,1
2240,23042,26959,16,0,0,layered_block,circular,per_chunk,1,1
2241,23250,27125,16,0,0,layered_block,circular,per_chunk,1,1
2242,31083,35000,16,0,0,layered_block,circular,per_chunk,1,1
2243,23542,27375,16,0,0,layered_block,circular,per_chunk,1,1
2244,23416,27291,16,0,0,layered_block,circular,per_chunk,1,1
2245,23333,27166,16,0,0,layered_block,circular,per_chunk,1,1
2246,22833,26708,16,0,0,layered_block,circular,per_chunk,1,1
2247,24167,28250,16,0,0,layered_block,circular,per_chunk,1,1
2248,23000,26875,16,0,0,layered_block,circular,per_chunk,1,1
2249,22666,26542,16,0,0,layered_block,circular,per_chunk,1,1
2250,22875,27375,16,0,0,layered_block,circular,per_chunk,1,1
2251,22750,26666,16,0,0,layered_block,circular,per_chunk,1,1
2252,22666,26625,16,0,0,layered_block,circular,per_chunk,1,1
2253,22917,33250,16,0,0,layered_block,circular,per_chunk,1,1
2254,23250,27084,16,0,0,layered_block,circular,per_chunk,1,1
2255,22708,26584,16,0,0,layered_block,circular,per_chunk,1,1
2256,30584,34541,16,0,0,layered_block,circular,per_chunk,1,1
2257,22833,26667,16,0,0,layered_block,circular,per_chunk,1,1
2258,23083,27125,16,0,0,layered_block,circular,per_chunk,1,1
2259,23000,26917,16,0,0,layered_block,circular,per_chunk,1,1
2260,23292,27083,16,0,0,layered_block,circular,per_chunk,1,1
2261,23500,27375,16,0,0,layered_block,circular,per_chunk,1,1
2262,29958,33917,16,0,0,layered_block,circular,per_chunk,1,1
2263,23291,27167,16,0,0,layered_block,circular,per_chunk,1,1
2264,23000,26958,16,0,0,layered_block,circular,per_chunk,1,1
2265,22750,26625,16,0,0,layered_block,circular,per_chunk,1,1
2266,22792,26709,16,0,0,layered_block,circular,per_chunk,1,1
2267,24458,28333,16,0,0,layered_block,circular,per_chunk,1,1
2268,22791,26667,16,0,0,layered_block,circular,per_chunk,1,1
2269,23250,27125,16,0,0,layered_block,circular,per_chunk,1,1
2270,23125,27125,16,0,0,layered_block,circular,per_chunk,1,1
2271,22666,26583,16,0,0,layered_block,circular,per_chunk,1,1
2272,22792,26666,16,0,0,layered_block,circular,per_chunk,1,1
2273,29042,33042,16,0,0,layered_block,circular,per_chunk,1,1
2274,23250,27083,16,0,0,layered_block,circular,per_chunk,1,1
2275,23000,26875,16,0,0,layered_block,circular,per_chunk,1,1
2276,23125,27083,16,0,0,layered_block,circular,per_chunk,1,1
2277,22875,26750,16,0,0,layered_block,circular,per_chunk,1,1
2278,23000,26917,16,0,0,layered_block,circular,per_chunk,1,1
2279,30959,34958,16,0,0,layered_block,circular,per_chunk,1,1
2280,22709,26541,16,0,0,layered_block,circular,per_chunk,1,1
2281,23542,27375,16,0,0,layered_block,circular,per_chunk,1,1
2282,30666,34625,16,0,0,layered_block,circular,per_chunk,1,1
2283,23500,27333,16,0,0,layered_block,circular,per_chunk,1,1
2284,23167,27083,16,0,0,layered_block,circular,per_chunk,1,1
2285,22750,26666,16,0,0,layered_block,circular,per_chunk,1,1
2286,22917,26750,16,0,0,layered_block,circular,per_chunk,1,1
2287,24416,28541,16,0,0,layered_block,circular,per_chunk,1,1
2288,22792,33084,16,0,0,layered_block,circular,per_chunk,1,1
2289,22667,26542,16,0,0,layered_block,circular,per_chunk,1,1
2290,23292,27292,16,0,0,layered_block,circular,per_chunk,1,1
2291,22834,26666,16,0,0,layered_block,circular,per_chunk,1,1
2292,23250,27208,16,0,0,layered_block,circular,per_chunk,1,1
2293,22959,26834,16,0,0,layered_block,circular,per_chunk,1,1
2294,23000,26917,16,0,0,layered_block,circular,per_chunk,1,1
2295,23833,27750,16,0,0,layered_block,circular,per_chunk,1,1
2296,23000,26958,16,0,0,layered_block,circular,per_chunk,1,1
2297,22958,26834,16,0,0,layered_block,circular,per_chunk,1,1
2298,23292,27250,16,0,0,layered_block,circular,per_chunk,1,1
2299,22792,26708,16,0,0,layered_block,circular,per_chunk,1,1
2300,22875,26750,16,0,0,layered_block,circular,per_chunk,1,1
2301,23500,27416,16,0,0,layered_block,circular,per_chunk,1,1
2302,22708,26583,16,0,0,layered_block,circular,per_chunk,1,1
2303,23875,27916,16,0,0,layered_block,circular,per_chunk,1,1
2304,23500,27791,16,0,0,layered_block,circular,per_chunk,1,1
2305,23083,26959,16,0,0,layered_block,circular,per_chunk,1,1
2306,22958,26875,16,0,0,layered_block,circular,per_chunk,1,1
2307,22792,26708,16,0,0,layered_block,circular,per_chunk,1,1
2308,23417,27334,16,0,0,layered_block,circular,per_chunk,1,1
2309,23292,27208,16,0,0,layered_block,circular,per_chunk,1,1
2310,30125,34125,16,0,0,layered_block,circular,per_chunk,1,1
2311,22916,26750,16,0,0,layered_block,circular,per_chunk,1,1
2312,24834,28791,16,0,0,layered_block,circular,per_chunk,1,1
2313,23708,27541,16,0,0,layered_block,circular,per_chunk,1,1
2314,23875,27666,16,0,0,layered_block,circular,per_chunk,1,1
2315,22708,26667,16,0,0,layered_block,circular,per_chunk,1,1
2316,23500,27458,16,0,0,layered_block,circular,per_chunk,1,1
2317,24084,28000,16,0,0,layered_block,circular,per_chunk,1,1
2318,24250,28416,16,0,0,layered_block,circular,per_chunk,1,1
2319,22958,26875,16,0,0,layered_block,circular,per_chunk,1,1
2320,23167,27083,16,0,0,layered_block,circular,per_chunk,1,1
2321,23792,27833,16,0,0,layered_block,circular,per_chunk,1,1
2322,22750,26666,16,0,0,layered_block,circular,per_chunk,1,1
2323,23125,27000,16,0,0,layered_block,circular,per_chunk,1,1
2324,23583,27625,16,0,0,layered_block,circular,per_chunk,1,1
2325,22791,26708,16,0,0,layered_block,circular,per_chunk,1,1
2326,23125,27042,16,0,0,layered_block,circular,per_chunk,1,1
2327,23166,27083,16,0,0,layered_block,circular,per_chunk,1,1
2328,23334,27250,16,0,0,layered_block,circular,per_chunk,1,1
2329,23291,27167,16,0,0,layered_block,circular,per_chunk,1,1
2330,23500,27500,16,0,0,layered_block,circular,per_chunk,1,1
2331,22875,26750,16,0,0,layered_block,circular,per_chunk,1,1
2332,23083,27000,16,0,0,layered_block,circular,per_chunk,1,1
2333,22792,26667,16,0,0,layered_block,circular,per_chunk,1,1
2334,23000,26834,16,0,0,layered_block,circular,per_chunk,1,1
2335,23041,26958,16,0,0,layered_block,circular,per_chunk,1,1
2336,24208,28208,16,0,0,layered_block,circular,per_chunk,1,1
2337,23125,27000,16,0,0,layered_block,circular,per_chunk,1,1
2338,22917,26750,16,0,0,layered_block,circular,per_chunk,1,1
2339,23041,26958,16,0,0,layered_block,circular,per_chunk,1,1
2340,22833,26667,16,0,0,layered_block,circular,per_chunk,1,1
2341,23167,27083,16,0,0,layered_block,circular,per_chunk,1,1
2342,24084,28417,16,0,0,layered_block,circular,per_chunk,1,1
2343,23167,27000,16,0,0,layered_block,circular,per_chunk,1,1
2344,22792,26666,16,0,0,layered_block,circular,per_chunk,1,1
2345,23292,27209,16,0,0,layered_block,circular,per_chunk,1,1
2346,22667,26584,16,0,0,layered_block,circular,per_chunk,1,1
2347,83667,87750,16,0,0,layered_block,circular,per_chunk,1,1
2348,31375,35333,16,0,0,layered_block,circular,per_chunk,1,1
2349,22875,26666,16,0,0,layered_block,circular,per_chunk,1,1
2350,23250,27208,16,0,0,layered_block,circular,per_chunk,1,1
2351,23209,27166,16,0,0,layered_block,circular,per_chunk,1,1
2352,23084,26916,16,0,0,layered_block,circular,per_chunk,1,1
2353,23208,27125,16,0,0,layered_block,circular,per_chunk,1,1
2354,23334,27291,16,0,0,layered_block,circular,per_chunk,1,1
2355,23375,27250,16,0,0,layered_block,circular,per_chunk,1,1
2356,23000,27500,16,0,0,layered_block,circular,per_chunk,1,1
2357,22917,26833,16,0,0,layered_block,circular,per_chunk,1,1
2358,23125,27000,16,0,0,layered_block,circular,per_chunk,1,1
2359,22958,26833,16,0,0,layered_block,circular,per_chunk,1,1
2360,23208,27041,16,0,0,layered_block,circular,per_chunk,1,1
2361,23416,27250,16,0,0,layered_block,circular,per_chunk,1,1
2362,23375,33833,16,0,0,layered_block,circular,per_chunk,1,1
2363,23041,26958,16,0,0,layered_block,circular,per_chunk,1,1
2364,23042,26916,16,0,0,layered_block,circular,per_chunk,1,1
2365,22917,26833,16,0,0,layered_block,circular,per_chunk,1,1
2366,22792,26625,16,0,0,layered_block,circular,per_chunk,1,1
2367,23541,27375,16,0,0,layered_block,circular,per_chunk,1,1
2368,29833,33708,16,0,0,layered_block,circular,per_chunk,1,1
2369,22959,26750,16,0,0,layered_block,circular,per_chunk,1,1
2370,22917,26833,16,0,0,layered_block,circular,per_chunk,1,1
2371,23084,26958,16,0,0,layered_block,circular,per_chunk,1,1
2372,23583,27458,16,0,0,layered_block,circular,per_chunk,1,1
2373,24125,28042,16,0,0,layered_block,circular,per_chunk,1,1
2374,22833,26750,16,0,0,layered_block,circular,per_chunk,1,1
2375,23125,26875,16,0,0,layered_block,circular,per_chunk,1,1
2376,23250,27125,16,0,0,layered_block,circular,per_chunk,1,1
2377,23208,27084,16,0,0,layered_block,circular,per_chunk,1,1
2378,23417,27291,16,0,0,layered_block,circular,per_chunk,1,1
2379,23416,27292,16,0,0,layered_block,circular,per_chunk,1,1
2380,23333,27250,16,0,0,layered_block,circular,per_chunk,1,1
2381,23333,27209,16,0,0,layered_block,circular,per_chunk,1,1
2382,23458,27458,16,0,0,layered_block,circular,per_chunk,1,1
2383,22958,26833,16,0,0,layered_block,circular,per_chunk,1,1
2384,22709,26666,16,0,0,layered_block,circular,per_chunk,1,1
2385,30875,34750,16,0,0,layered_block,circular,per_chunk,1,1
2386,23208,27000,16,0,0,layered_block,circular,per_chunk,1,1
2387,23750,27625,16,0,0,layered_block,circular,per_chunk,1,1
2388,23750,27667,16,0,0,layered_block,circular,per_chunk,1,1
2389,23125,27000,16,0,0,layered_block,circular,per_chunk,1,1
2390,23208,27084,16,0,0,layered_block,circular,per_chunk,1,1
2391,30791,34750,16,0,0,layered_block,circular,per_chunk,1,1
2392,23000,26792,16,0,0,layered_block,circular,per_chunk,1,1
2393,23167,27250,16,0,0,layered_block,circular,per_chunk,1,1
2394,30208,34209,16,0,0,layered_block,circular,per_chunk,1,1
2395,22875,26750,16,0,0,layered_block,circular,per_chunk,1,1
2396,22875,26792,16,0,0,layered_block,circular,per_chunk,1,1
2397,23500,27375,16,0,0,layered_block,circular,per_chunk,1,1
2398,22834,26708,16,0,0,layered_block,circular,per_chunk,1,1
2399,23042,27042,16,0,0,layered_block,circular,per_chunk,1,1
2400,23084,26958,16,0,0,layered_block,circular,per_chunk,1,1
2401,23959,27750,16,0,0,layered_block,circular,per_chunk,1,1
2402,23792,27750,16,0,0,layered_block,circular,per_chunk,1,1
2403,24208,28125,16,0,0,layered_block,circular,per_chunk,1,1
2404,23875,27750,16,0,0,layered_block,circular,per_chunk,1,1
2405,32500,36458,16,0,0,layered_block,circular,per_chunk,1,1
2406,23625,27500,16,0,0,layered_block,circular,per_chunk,1,1
2407,23208,27083,16,0,0,layered_block,circular,per_chunk,1,1
2408,23667,28125,16,0,0,layered_block,circular,per_chunk,1,1
2409,23167,27083,16,0,0,layered_block,circular,per_chunk,1,1
2410,23375,27208,16,0,0,layered_block,circular,per_chunk,1,1
2411,29666,33583,16,0,0,layered_block,circular,per_chunk,1,1
2412,23000,26833,16,0,0,layered_block,circular,per_chunk,1,1
2413,23417,27375,16,0,0,layered_block,circular,per_chunk,1,1
2414,23792,28250,16,0,0,layered_block,circular,per_chunk,1,1
2415,23708,27584,16,0,0,layered_block,circular,per_chunk,1,1
2416,22917,26833,16,0,0,layered_block,circular,per_chunk,1,1
2417,24083,28000,16,0,0,layered_block,circular,per_chunk,1,1
2418,23250,27166,16,0,0,layered_block,circular,per_chunk,1,1
2419,23291,27125,16,0,0,layered_block,circular,per_chunk,1,1
2420,23042,26958,16,0,0,layered_block,circular,per_chunk,1,1
2421,23250,27125,16,0,0,layered_block,circular,per_chunk,1,1
2422,23208,27084,16,0,0,layered_block,circular,per_chunk,1,1
2423,30500,34500,16,0,0,layered_block,circular,per_chunk,1,1
2424,23167,27125,16,0,0,layered_block,circular,per_chunk,1,1
2425,23459,27417,16,0,0,layered_block,circular,per_chunk,1,1
2426,23166,27083,16,0,0,layered_block,circular,per_chunk,1,1
2427,22917,26833,16,0,0,layered_block,circular,per_chunk,1,1
2428,23875,28000,16,0,0,layered_block,circular,per_chunk,1,1
2429,23166,27083,16,0,0,layered_block,circular,per_chunk,1,1
2430,23000,26833,16,0,0,layered_block,circular,per_chunk,1,1
2431,23958,34583,16,0,0,layered_block,circular,per_chunk,1,1
2432,23708,27500,16,0,0,layered_block,circular,per_chunk,1,1
2433,22958,26833,16,0,0,layered_block,circular,per_chunk,1,1
2434,29125,33083,16,0,0,layered_block,circular,per_chunk,1,1
2435,23208,27125,16,0,0,layered_block,circular,per_chunk,1,1
2436,22834,26792,16,0,0,layered_block,circular,per_chunk,1,1
2437,31166,35125,16,0,0,layered_block,circular,per_chunk,1,1
2438,22791,26625,16,0,0,layered_block,circular,per_chunk,1,1
2439,23917,28000,16,0,0,layered_block,circular,per_chunk,1,1
2440,23209,27125,16,0,0,layered_block,circular,per_chunk,1,1
2441,23000,26750,16,0,0,layered_block,circular,per_chunk,1,1
2442,23500,27375,16,0,0,layered_block,circular,per_chunk,1,1
2443,22750,26666,16,0,0,layered_block,circular,per_chunk,1,1
2444,22750,26583,16,0,0,layered_block,circular,per_chunk,1,1
2445,23125,27584,16,0,0,layered_block,circular,per_chunk,1,1
2446,22875,26709,16,0,0,layered_block,circular,per_chunk,1,1
2447,23000,26958,16,0,0,layered_block,circular,per_chunk,1,1
2448,23458,27750,16,0,0,layered_block,circular,per_chunk,1,1
2449,22708,26625,16,0,0,layered_block,circular,per_chunk,1,1
2450,22792,26666,16,0,0,layered_block,circular,per_chunk,1,1
2451,30500,34541,16,0,0,layered_block,circular,per_chunk,1,1
2452,22833,26625,16,0,0,layered_block,circular,per_chunk,1,1
2453,23042,27000,16,0,0,layered_block,circular,per_chunk,1,1
2454,24708,28750,16,0,0,layered_block,circular,per_chunk,1,1
2455,22875,26750,16,0,0,layered_block,circular,per_chunk,1,1
2456,22834,26666,16,0,0,layered_block,circular,per_chunk,1,1
2457,23166,27042,16,0,0,layered_block,circular,per_chunk,1,1
2458,22833,26625,16,0,0,layered_block,circular,per_chunk,1,1
2459,23500,27458,16,0,0,layered_block,circular,per_chunk,1,1
2460,22917,26791,16,0,0,layered_block,circular,per_chunk,1,1
2461,23000,26959,16,0,0,layered_block,circular,per_chunk,1,1
2462,23166,27041,16,0,0,layered_block,circular,per_chunk,1,1
2463,22708,26625,16,0,0,layered_block,circular,per_chunk,1,1
2464,23000,26875,16,0,0,layered_block,circular,per_chunk,1,1
2465,24208,34750,16,0,0,layered_block,circular,per_chunk,1,1
2466,23250,27083,16,0,0,layered_block,circular,per_chunk,1,1
2467,23208,27167,16,0,0,layered_block,circular,per_chunk,1,1
2468,23167,27083,16,0,0,layered_block,circular,per_chunk,1,1
2469,23625,27542,16,0,0,layered_block,circular,per_chunk,1,1
2470,22917,26791,16,0,0,layered_block,circular,per_chunk,1,1
2471,22834,26791,16,0,0,layered_block,circular,per_chunk,1,1
2472,22750,26625,16,0,0,layered_block,circular,per_chunk,1,1
2473,23417,27667,16,0,0,layered_block,circular,per_chunk,1,1
2474,24625,28583,16,0,0,layered_block,circular,per_chunk,1,1
2475,22833,26708,16,0,0,layered_block,circular,per_chunk,1,1
2476,23459,27417,16,0,0,layered_block,circular,per_chunk,1,1
2477,22791,26667,16,0,0,layered_block,circular,per_chunk,1,1
2478,23125,27042,16,0,0,layered_block,circular,per_chunk,1,1
2479,29959,33958,16,0,0,layered_block,circular,per_chunk,1,1
2480,23084,26958,16,0,0,layered_block,circular,per_chunk,1,1
2481,23041,26958,16,0,0,layered_block,circular,per_chunk,1,1
2482,23500,27458,16,0,0,layered_block,circular,per_chunk,1,1
2483,23000,26875,16,0,0,layered_block,circular,per_chunk,1,1
2484,23042,26875,16,0,0,layered_block,circular,per_chunk,1,1
2485,29667,33625,16,0,0,layered_block,circular,per_chunk,1,1
2486,23708,27500,16,0,0,layered_block,circular,per_chunk,1,1
2487,24208,28125,16,0,0,layered_block,circular,per_chunk,1,1
2488,24209,28083,16,0,0,layered_block,circular,per_chunk,1,1
2489,23084,27000,16,0,0,layered_block,circular,per_chunk,1,1
2490,22958,26875,16,0,0,layered_block,circular,per_chunk,1,1
2491,32000,35917,16,0,0,layered_block,circular,per_chunk,1,1
2492,22792,26584,16,0,0,layered_block,circular,per_chunk,1,1
2493,22959,27291,16,0,0,layered_block,circular,per_chunk,1,1
2494,31416,35417,16,0,0,layered_block,circular,per_chunk,1,1
2495,23125,27042,16,0,0,layered_block,circular,per_chunk,1,1
2496,22958,26791,16,0,0,layered_block,circular,per_chunk,1,1
2497,22834,26750,16,0,0,layered_block,circular,per_chunk,1,1
2498,23750,27583,16,0,0,layered_block,circular,per_chunk,1,1
2499,23208,27125,16,0,0,layered_block,circular,per_chunk,1,1
2500,22917,26834,16,0,0,layered_block,circular,per_chunk,1,1
2501,23500,27333,16,0,0,layered_block,circular,per_chunk,1,1
2502,23291,27167,16,0,0,layered_block,circular,per_chunk,1,1
2503,22959,26875,16,0,0,layered_block,circular,per_chunk,1,1
2504,22792,26625,16,0,0,layered_block,circular,per_chunk,1,1
2505,23500,27459,16,0,0,layered_block,circular,per_chunk,1,1
2506,23375,27250,16,0,0,layered_block,circular,per_chunk,1,1
2507,22709,26625,16,0,0,layered_block,circular,per_chunk,1,1
2508,23625,27541,16,0,0,layered_block,circular,per_chunk,1,1
2509,22875,26833,16,0,0,layered_block,circular,per_chunk,1,1
2510,22750,26666,16,0,0,layered_block,circular,per_chunk,1,1
2511,22958,27416,16,0,0,layered_block,circular,per_chunk,1,1
2512,23250,27125,16,0,0,layered_block,circular,per_chunk,1,1
2513,22833,26708,16,0,0,layered_block,circular,per_chunk,1,1
2514,24375,28208,16,0,0,layered_block,circular,per_chunk,1,1
2515,22834,26708,16,0,0,layered_block,circular,per_chunk,1,1
2516,23250,27125,16,0,0,layered_block,circular,per_chunk,1,1
2517,23917,34125,16,0,0,layered_block,circular,per_chunk,1,1
2518,22792,26667,16,0,0,layered_block,circular,per_chunk,1,1
2519,22959,26833,16,0,0,layered_block,circular,per_chunk,1,1
2520,23292,27209,16,0,0,layered_block,circular,per_chunk,1,1
2521,23625,27458,16,0,0,layered_block,circular,per_chunk,1,1
2522,23000,26875,16,0,0,layered_block,circular,per_chunk,1,1
2523,30875,34958,16,0,0,layered_block,circular,per_chunk,1,1
2524,23083,26917,16,0,0,layered_block,circular,per_chunk,1,1
2525,23166,27083,16,0,0,layered_block,circular,per_chunk,1,1
2526,23291,27250,16,0,0,layered_block,circular,per_chunk,1,1
2527,23084,27000,16,0,0,layered_block,circular,per_chunk,1,1
2528,23000,26958,16,0,0,layered_block,circular,per_chunk,1,1
2529,23708,27625,16,0,0,layered_block,circular,per_chunk,1,1
2530,23084,26917,16,0,0,layered_block,circular,per_chunk,1,1
2531,23000,26917,16,0,0,layered_block,circular,per_chunk,1,1
2532,23084,26958,16,0,0,layered_block,circular,per_chunk,1,1
2533,23125,27042,16,0,0,layered_block,circular,per_chunk,1,1
2534,24458,28375,16,0,0,layered_block,circular,per_chunk,1,1
2535,23334,34583,16,0,0,layered_block,circular,per_chunk,1,1
2536,22958,26875,16,0,0,layered_block,circular,per_chunk,1,1
2537,22916,26792,16,0,0,layered_block,circular,per_chunk,1,1
2538,23084,26958,16,0,0,layered_block,circular,per_chunk,1,1
2539,22792,26666,16,0,0,layered_block,circular,per_chunk,1,1
2540,23125,27042,16,0,0,layered_block,circular,per_chunk,1,1
2541,23750,27584,16,0,0,layered_block,circular,per_chunk,1,1
2542,23041,26958,16,0,0,layered_block,circular,per_chunk,1,1
2543,23583,27667,16,0,0,layered_block,circular,per_chunk,1,1
2544,23084,27000,16,0,0,layered_block,circular,per_chunk,1,1
2545,23000,26959,16,0,0,layered_block,circular,per_chunk,1,1
2546,31208,35167,16,0,0,layered_block,circular,per_chunk,1,1
2547,22792,26625,16,0,0,layered_block,circular,per_chunk,1,1
2548,22625,26541,16,0,0,layered_block,circular,per_chunk,1,1
2549,23458,27375,16,0,0,layered_block,circular,per_chunk,1,1
2550,23000,26958,16,0,0,layered_block,circular,per_chunk,1,1
2551,23375,27250,16,0,0,layered_block,circular,per_chunk,1,1
2552,22875,26792,16,0,0,layered_block,circular,per_chunk,1,1
2553,23125,27000,16,0,0,layered_block,circular,per_chunk,1,1
2554,24291,28167,16,0,0,layered_block,circular,per_chunk,1,1
2555,23167,27125,16,0,0,layered_block,circular,per_chunk,1,1
2556,23042,26959,16,0,0,layered_block,circular,per_chunk,1,1
2557,23708,27583,16,0,0,layered_block,circular,per_chunk,1,1
2558,23750,27875,16,0,0,layered_block,circular,per_chunk,1,1
2559,23541,27459,16,0,0,layered_block,circular,per_chunk,1,1
2560,23375,27500,16,0,0,layered_block,circular,per_chunk,1,1
2561,23666,28042,16,0,0,layered_block,circular,per_chunk,1,1
2562,23167,27667,16,0,0,layered_block,circular,per_chunk,1,1
2563,22666,26541,16,0,0,layered_block,circular,per_chunk,1,1
2564,22834,26750,16,0,0,layered_block,circular,per_chunk,1,1
2565,28708,32667,16,0,0,layered_block,circular,per_chunk,1,1
2566,23125,26958,16,0,0,layered_block,circular,per_chunk,1,1
2567,23917,28000,16,0,0,layered_block,circular,per_chunk,1,1
2568,30375,34334,16,0,0,layered_block,circular,per_chunk,1,1
2569,23083,26917,16,0,0,layered_block,circular,per_chunk,1,1
2570,23750,27750,16,0,0,layered_block,circular,per_chunk,1,1
2571,22875,26750,16,0,0,layered_block,circular,per_chunk,1,1
2572,22916,26833,16,0,0,layered_block,circular,per_chunk,1,1
2573,29834,33833,16,0,0,layered_block,circular,per_chunk,1,1
2574,23583,27417,16,0,0,layered_block,circular,per_chunk,1,1
2575,23333,27167,16,0,0,layered_block,circular,per_chunk,1,1
2576,23667,27583,16,0,0,layered_block,circular,per_chunk,1,1
2577,23333,27250,16,0,0,layered_block,circular,per_chunk,1,1
2578,23333,27209,16,0,0,layered_block,circular,per_chunk,1,1
2579,30416,34417,16,0,0,layered_block,circular,per_chunk,1,1
2580,22958,26833,16,0,0,layered_block,circular,per_chunk,1,1
2581,23250,27167,16,0,0,layered_block,circular,per_chunk,1,1
2582,23333,27250,16,0,0,layered_block,circular,per_chunk,1,1
2583,22916,26750,16,0,0,layered_block,circular,per_chunk,1,1
2584,22958,26833,16,0,0,layered_block,circular,per_chunk,1,1
2585,22833,26708,16,0,0,layered_block,circular,per_chunk,1,1
2586,23750,27625,16,0,0,layered_block,circular,per_chunk,1,1
2587,24917,28791,16,0,0,layered_block,circular,per_chunk,1,1
2588,31500,35500,16,0,0,layered_block,circular,per_chunk,1,1
2589,22750,26583,16,0,0,layered_block,circular,per_chunk,1,1
2590,23042,27250,16,0,0,layered_block,circular,per_chunk,1,1
2591,23209,27084,16,0,0,layered_block,circular,per_chunk,1,1
2592,22791,26625,16,0,0,layered_block,circular,per_chunk,1,1
2593,23125,27042,16,0,0,layered_block,circular,per_chunk,1,1
2594,23416,27250,16,0,0,layered_block,circular,per_chunk,1,1
2595,24459,28375,16,0,0,layered_block,circular,per_chunk,1,1
2596,23125,27041,16,0,0,layered_block,circular,per_chunk,1,1
2597,22750,26625,16,0,0,layered_block,circular,per_chunk,1,1
2598,23416,27250,16,0,0,layered_block,circular,per_chunk,1,1
2599,23333,27292,16,0,0,layered_block,circular,per_chunk,1,1
2600,23000,26917,16,0,0,layered_block,circular,per_chunk,1,1
2601,23916,27750,16,0,0,layered_block,circular,per_chunk,1,1
2602,23959,27875,16,0,0,layered_block,circular,per_chunk,1,1
2603,22708,26583,16,0,0,layered_block,circular,per_chunk,1,1
2604,23209,27083,16,0,0,layered_block,circular,per_chunk,1,1
2605,30834,34791,16,0,0,layered_block,circular,per_chunk,1,1
2606,23417,27250,16,0,0,layered_block,circular,per_chunk,1,1
2607,24459,28375,16,0,0,layered_block,circular,per_chunk,1,1
2608,23292,27792,16,0,0,layered_block,circular,per_chunk,1,1
2609,23000,26875,16,0,0,layered_block,circular,per_chunk,1,1
2610,22667,26583,16,0,0,layered_block,circular,per_chunk,1,1
2611,30417,34500,16,0,0,layered_block,circular,per_chunk,1,1
2612,22791,26625,16,0,0,layered_block,circular,per_chunk,1,1
2613,23000,26916,16,0,0,layered_block,circular,per_chunk,1,1
2614,23875,35166,16,0,0,layered_block,circular,per_chunk,1,1
2615,23542,27459,16,0,0,layered_block,circular,per_chunk,1,1
2616,22666,26583,16,0,0,layered_block,circular,per_chunk,1,1
2617,30583,34625,16,0,0,layered_block,circular,per_chunk,1,1
2618,22875,26709,16,0,0,layered_block,circular,per_chunk,1,1
2619,23209,27125,16,0,0,layered_block,circular,per_chunk,1,1
2620,22750,26625,16,0,0,layered_block,circular,per_chunk,1,1
2621,23625,27583,16,0,0,layered_block,circular,per_chunk,1,1
2622,23791,27667,16,0,0,layered_block,circular,per_chunk,1,1
2623,31917,35917,16,0,0,layered_block,circular,per_chunk,1,1
2624,23000,26917,16,0,0,layered_block,circular,per_chunk,1,1
2625,23334,27208,16,0,0,layered_block,circular,per_chunk,1,1
2626,23250,27167,16,0,0,layered_block,circular,per_chunk,1,1
2627,23750,27625,16,0,0,layered_block,circular,per_chunk,1,1
2628,23667,27584,16,0,0,layered_block,circular,per_chunk,1,1
2629,23291,27250,16,0,0,layered_block,circular,per_chunk,1,1
2630,23000,26875,16,0,0,layered_block,circular,per_chunk,1,1
2631,23083,26959,16,0,0,layered_block,circular,per_chunk,1,1
2632,22708,32083,16,0,0,layered_block,circular,per_chunk,1,1
2633,22833,26667,16,0,0,layered_block,circular,per_chunk,1,1
2634,23209,27125,16,0,0,layered_block,circular,per_chunk,1,1
2635,30208,34208,16,0,0,layered_block,circular,per_chunk,1,1
2636,22792,26625,16,0,0,layered_block,circular,per_chunk,1,1
2637,23167,27042,16,0,0,layered_block,circular,per_chunk,1,1
2638,22875,26791,16,0,0,layered_block,circular,per_chunk,1,1
2639,23042,26958,16,0,0,layered_block,circular,per_chunk,1,1
2640,23334,27208,16,0,0,layered_block,circular,per_chunk,1,1
2641,30750,34750,16,0,0,layered_block,circular,per_chunk,1,1
2642,23125,26958,16,0,0,layered_block,circular,per_chunk,1,1
2643,23500,27417,16,0,0,layered_block,circular,per_chunk,1,1
2644,22875,26750,16,0,0,layered_block,circular,per_chunk,1,1
2645,23000,26917,16,0,0,layered_block,circular,per_chunk,1,1
2646,23375,27292,16,0,0,layered_block,circular,per_chunk,1,1
2647,23583,27500,16,0,0,layered_block,circular,per_chunk,1,1
2648,23042,26917,16,0,0,layered_block,circular,per_chunk,1,1
2649,23083,27000,16,0,0,layered_block,circular,per_chunk,1,1
2650,23292,27167,16,0,0,layered_block,circular,per_chunk,1,1
2651,23459,27291,16,0,0,layered_block,circular,per_chunk,1,1
2652,23000,27375,16,0,0,layered_block,circular,per_chunk,1,1
2653,23333,27167,16,0,0,layered_block,circular,per_chunk,1,1
2654,23083,26959,16,0,0,layered_block,circular,per_chunk,1,1
2655,23375,27375,16,0,0,layered_block,circular,per_chunk,1,1
2656,22791,26625,16,0,0,layered_block,circular,per_chunk,1,1
2657,23041,26875,16,0,0,layered_block,circular,per_chunk,1,1
2658,22834,32333,16,0,0,layered_block,circular,per_chunk,1,1
2659,22834,26666,16,0,0,layered_block,circular,per_chunk,1,1
2660,23625,27625,16,0,0,layered_block,circular,per_chunk,1,1
2661,24208,28584,16,0,0,layered_block,circular,per_chunk,1,1
2662,22750,26625,16,0,0,layered_block,circular,per_chunk,1,1
2663,23458,27375,16,0,0,layered_block,circular,per_chunk,1,1
2664,23000,34667,16,0,0,layered_block,circular,per_chunk,1,1
2665,23375,27208,16,0,0,layered_block,circular,per_chunk,1,1
2666,23166,27125,16,0,0,layered_block,circular,per_chunk,1,1
2667,23875,27833,16,0,0,layered_block,circular,per_chunk,1,1
2668,23625,27500,16,0,0,layered_block,circular,per_chunk,1,1
2669,22875,26791,16,0,0,layered_block,circular,per_chunk,1,1
2670,31750,35667,16,0,0,layered_block,circular,per_chunk,1,1
2671,23292,27083,16,0,0,layered_block,circular,per_chunk,1,1
2672,23375,27292,16,0,0,layered_block,circular,per_chunk,1,1
2673,23417,27292,16,0,0,layered_block,circular,per_chunk,1,1
2674,23584,27458,16,0,0,layered_block,circular,per_chunk,1,1
2675,22625,26500,16,0,0,layered_block,circular,per_chunk,1,1
2676,23333,27250,16,0,0,layered_block,circular,per_chunk,1,1
2677,23083,26958,16,0,0,layered_block,circular,per_chunk,1,1
2678,23416,27292,16,0,0,layered_block,circular,per_chunk,1,1
2679,22791,26667,16,0,0,layered_block,circular,per_chunk,1,1
2680,24125,27958,16,0,0,layered_block,circular,per_chunk,1,1
2681,23250,27166,16,0,0,layered_block,circular,per_chunk,1,1
2682,23250,27125,16,0,0,layered_block,circular,per_chunk,1,1
2683,22875,26791,16,0,0,layered_block,circular,per_chunk,1,1
2684,22917,26792,16,0,0,layered_block,circular,per_chunk,1,1
2685,23000,27000,16,0,0,layered_block,circular,per_chunk,1,1
2686,22916,26792,16,0,0,layered_block,circular,per_chunk,1,1
2687,23667,28083,16,0,0,layered_block,circular,per_chunk,1,1
2688,30541,34500,16,0,0,layered_block,circular,per_chunk,1,1
2689,22792,26625,16,0,0,layered_block,circular,per_chunk,1,1
2690,23500,27542,16,0,0,layered_block,circular,per_chunk,1,1
2691,22917,26834,16,0,0,layered_block,circular,per_chunk,1,1
2692,22708,26583,16,0,0,layered_block,circular,per_chunk,1,1
2693,29792,33666,16,0,0,layered_block,circular,per_chunk,1,1
2694,23709,27625,16,0,0,layered_block,circular,per_chunk,1,1
2695,22750,26625,16,0,0,layered_block,circular,per_chunk,1,1
2696,23625,27667,16,0,0,layered_block,circular,per_chunk,1,1
2697,23125,27000,16,0,0,layered_block,circular,per_chunk,1,1
2698,22667,26542,16,0,0,layered_block,circular,per_chunk,1,1
2699,23750,27625,16,0,0,layered_block,circular,per_chunk,1,1
2700,24000,27917,16,0,0,layered_block,circular,per_chunk,1,1
2701,22875,26834,16,0,0,layered_block,circular,per_chunk,1,1
2702,23375,27542,16,0,0,layered_block,circular,per_chunk,1,1
2703,22791,26667,16,0,0,layered_block,circular,per_chunk,1,1
2704,23000,26917,16,0,0,layered_block,circular,per_chunk,1,1
2705,31167,35166,16,0,0,layered_block,circular,per_chunk,1,1
2706,22917,26750,16,0,0,layered_block,circular,per_chunk,1,1
2707,23208,27167,16,0,0,layered_block,circular,per_chunk,1,1
2708,23333,27333,16,0,0,layered_block,circular,per_chunk,1,1
2709,22833,26708,16,0,0,layered_block,circular,per_chunk,1,1
2710,23042,27000,16,0,0,layered_block,circular,per_chunk,1,1
2711,23042,26958,16,0,0,layered_block,circular,per_chunk,1,1
2712,23542,27334,16,0,0,layered_block,circular,per_chunk,1,1
2713,23541,27458,16,0,0,layered_block,circular,per_chunk,1,1
2714,30459,34416,16,0,0,layered_block,circular,per_chunk,1,1
2715,23041,26833,16,0,0,layered_block,circular,per_chunk,1,1
2716,23416,27375,16,0,0,layered_block,circular,per_chunk,1,1
2717,22833,26792,16,0,0,layered_block,circular,per_chunk,1,1
2718,23209,27125,16,0,0,layered_block,circular,per_chunk,1,1
2719,23333,27250,16,0,0,layered_block,circular,per_chunk,1,1
2720,26291,30458,16,0,0,layered_block,circular,per_chunk,1,1
2721,22666,26583,16,0,0,layered_block,circular,per_chunk,1,1
2722,23375,27250,16,0,0,layered_block,circular,per_chunk,1,1
2723,23333,27250,16,0,0,layered_block,circular,per_chunk,1,1
2724,22792,26708,16,0,0,layered_block,circular,per_chunk,1,1
2725,23292,33583,16,0,0,layered_block,circular,per_chunk,1,1
2726,22791,26583,16,0,0,layered_block,circular,per_chunk,1,1
2727,23166,27000,16,0,0,layered_block,circular,per_chunk,1,1
2728,23916,27791,16,0,0,layered_block,circular,per_chunk,1,1
2729,22750,26666,16,0,0,layered_block,circular,per_chunk,1,1
2730,22875,26834,16,0,0,layered_block,circular,per_chunk,1,1
2731,22875,26792,16,0,0,layered_block,circular,per_chunk,1,1
2732,22833,26750,16,0,0,layered_block,circular,per_chunk,1,1
2733,23167,27000,16,0,0,layered_block,circular,per_chunk,1,1
2734,23458,27292,16,0,0,layered_block,circular,per_chunk,1,1
2735,23208,27167,16,0,0,layered_block,circular,per_chunk,1,1
2736,22625,26542,16,0,0,layered_block,circular,per_chunk,1,1
2737,23583,27583,16,0,0,layered_block,circular,per_chunk,1,1
2738,22875,26750,16,0,0,layered_block,circular,per_chunk,1,1
2739,22917,26750,16,0,0,layered_block,circular,per_chunk,1,1
2740,23375,27292,16,0,0,layered_block,circular,per_chunk,1,1
2741,23125,27000,16,0,0,layered_block,circular,per_chunk,1,1
2742,23042,26833,16,0,0,layered_block,circular,per_chunk,1,1
2743,29833,33667,16,0,0,layered_block,circular,per_chunk,1,1
2744,22917,26875,16,0,0,layered_block,circular,per_chunk,1,1
2745,23125,27041,16,0,0,layered_block,circular,per_chunk,1,1
2746,23292,27125,16,0,0,layered_block,circular,per_chunk,1,1
2747,23417,27291,16,0,0,layered_block,circular,per_chunk,1,1
2748,23125,27333,16,0,0,layered_block,circular,per_chunk,1,1
2749,22958,26833,16,0,0,layered_block,circular,per_chunk,1,1
2750,22708,26584,16,0,0,layered_block,circular,per_chunk,1,1
2751,23667,27542,16,0,0,layered_block,circular,per_chunk,1,1
2752,22709,26583,16,0,0,layered_block,circular,per_chunk,1,1
2753,22958,26875,16,0,0,layered_block,circular,per_chunk,1,1
2754,23459,27875,16,0,0,layered_block,circular,per_chunk,1,1
2755,23125,27000,16,0,0,layered_block,circular,per_chunk,1,1
2756,22792,26625,16,0,0,layered_block,circular,per_chunk,1,1
2757,31000,34958,16,0,0,layered_block,circular,per_chunk,1,1
2758,24584,28416,16,0,0,layered_block,circular,per_chunk,1,1
2759,23792,27625,16,0,0,layered_block,circular,per_chunk,1,1
2760,25583,29417,16,0,0,layered_block,circular,per_chunk,1,1
2761,24667,28667,16,0,0,layered_block,circular,per_chunk,1,1
2762,22833,26709,16,0,0,layered_block,circular,per_chunk,1,1
2763,23500,27334,16,0,0,layered_block,circular,per_chunk,1,1
2764,23500,27375,16,0,0,layered_block,circular,per_chunk,1,1
2765,23250,27125,16,0,0,layered_block,circular,per_chunk,1,1
2766,22833,26750,16,0,0,layered_block,circular,per_chunk,1,1
2767,23583,27417,16,0,0,layered_block,circular,per_chunk,1,1
2768,23458,27292,16,0,0,layered_block,circular,per_chunk,1,1
2769,22791,26750,16,0,0,layered_block,circular,per_chunk,1,1
2770,23209,27083,16,0,0,layered_block,circular,per_chunk,1,1
2771,24500,28417,16,0,0,layered_block,circular,per_chunk,1,1
2772,23167,27042,16,0,0,layered_block,circular,per_chunk,1,1
2773,22875,26750,16,0,0,layered_block,circular,per_chunk,1,1
2774,23333,27208,16,0,0,layered_block,circular,per_chunk,1,1
2775,23208,27125,16,0,0,layered_block,circular,per_chunk,1,1
2776,22917,26916,16,0,0,layered_block,circular,per_chunk,1,1
2777,23416,27250,16,0,0,layered_block,circular,per_chunk,1,1
2778,23000,26875,16,0,0,layered_block,circular,per_chunk,1,1
2779,23042,26875,16,0,0,layered_block,circular,per_chunk,1,1
2780,24500,28667,16,0,0,layered_block,circular,per_chunk,1,1
2781,22875,26708,16,0,0,layered_block,circular,per_chunk,1,1
2782,23250,27083,16,0,0,layered_block,circular,per_chunk,1,1
2783,30042,34042,16,0,0,layered_block,circular,per_chunk,1,1
2784,23125,27000,16,0,0,layered_block,circular,per_chunk,1,1
2785,23375,27333,16,0,0,layered_block,circular,per_chunk,1,1
2786,22792,26708,16,0,0,layered_block,circular,per_chunk,1,1
2787,22750,26625,16,0,0,layered_block,circular,per_chunk,1,1
2788,23291,27167,16,0,0,layered_block,circular,per_chunk,1,1
2789,23500,27459,16,0,0,layered_block,circular,per_chunk,1,1
2790,22958,26834,16,0,0,layered_block,circular,per_chunk,1,1
2791,23542,27500,16,0,0,layered_block,circular,per_chunk,1,1
2792,22708,26583,16,0,0,layered_block,circular,per_chunk,1,1
2793,22875,26792,16,0,0,layered_block,circular,per_chunk,1,1
2794,24459,28375,16,0,0,layered_block,circular,per_chunk,1,1
2795,23042,26958,16,0,0,layered_block,circular,per_chunk,1,1
2796,23000,26834,16,0,0,layered_block,circular,per_chunk,1,1
2797,23375,27833,16,0,0,layered_block,circular,per_chunk,1,1
2798,22791,26625,16,0,0,layered_block,circular,per_chunk,1,1
2799,23417,27292,16,0,0,layered_block,circular,per_chunk,1,1
2800,25375,29291,16,0,0,layered_block,circular,per_chunk,1,1
2801,24750,28667,16,0,0,layered_block,circular,per_chunk,1,1
2802,23458,27333,16,0,0,layered_block,circular,per_chunk,1,1
2803,31209,35166,16,0,0,layered_block,circular,per_chunk,1,1
2804,23083,26917,16,0,0,layered_block,circular,per_chunk,1,1
2805,23625,27708,16,0,0,layered_block,circular,per_chunk,1,1
2806,22791,26667,16,0,0,layered_block,circular,per_chunk,1,1
2807,23250,27167,16,0,0,layered_block,circular,per_chunk,1,1
2808,23333,27209,16,0,0,layered_block,circular,per_chunk,1,1
2809,22791,26750,16,0,0,layered_block,circular,per_chunk,1,1
2810,22792,26666,16,0,0,layered_block,circular,per_chunk,1,1
2811,23875,27791,16,0,0,layered_block,circular,per_chunk,1,1
2812,22875,26709,16,0,0,layered_block,circular,per_chunk,1,1
2813,22917,26834,16,0,0,layered_block,circular,per_chunk,1,1
2814,23875,27833,16,0,0,layered_block,circular,per_chunk,1,1
2815,23000,26959,16,0,0,layered_block,circular,per_chunk,1,1
2816,22750,26708,16,0,0,layered_block,circular,per_chunk,1,1
2817,31250,35291,16,0,0,layered_block,circular,per_chunk,1,1
2818,22875,26708,16,0,0,layered_block,circular,per_chunk,1,1
2819,23250,27250,16,0,0,layered_block,circular,per_chunk,1,1
2820,22834,26708,16,0,0,layered_block,circular,per_chunk,1,1
2821,22791,26625,16,0,0,layered_block,circular,per_chunk,1,1
2822,23000,26917,16,0,0,layered_block,circular,per_chunk,1,1
2823,23333,27250,16,0,0,layered_block,circular,per_chunk,1,1
2824,23042,26916,16,0,0,layered_block,circular,per_chunk,1,1
2825,24041,27917,16,0,0,layered_block,circular,per_chunk,1,1
2826,23083,26958,16,0,0,layered_block,circular,per_chunk,1,1
2827,23292,27125,16,0,0,layered_block,circular,per_chunk,1,1
2828,23875,27708,16,0,0,layered_block,circular,per_chunk,1,1
2829,22875,26791,16,0,0,layered_block,circular,per_chunk,1,1
2830,23500,27375,16,0,0,layered_block,circular,per_chunk,1,1
2831,24208,28208,16,0,0,layered_block,circular,per_chunk,1,1
2832,23833,27709,16,0,0,layered_block,circular,per_chunk,1,1
2833,22916,26833,16,0,0,layered_block,circular,per_chunk,1,1
2834,23917,27750,16,0,0,layered_block,circular,per_chunk,1,1
2835,23333,27250,16,0,0,layered_block,circular,per_chunk,1,1
2836,23500,27375,16,0,0,layered_block,circular,per_chunk,1,1
2837,23458,27292,16,0,0,layered_block,circular,per_chunk,1,1
2838,23125,27000,16,0,0,layered_block,circular,per_chunk,1,1
2839,22750,26666,16,0,0,layered_block,circular,per_chunk,1,1
2840,88625,93833,16,0,0,layered_block,circular,per_chunk,1,1
2841,23208,27041,16,0,0,layered_block,circular,per_chunk,1,1
2842,23000,26875,16,0,0,layered_block,circular,per_chunk,1,1
2843,30292,34209,16,0,0,layered_block,circular,per_chunk,1,1
2844,23000,26875,16,0,0,layered_block,circular,per_chunk,1,1
2845,23083,26917,16,0,0,layered_block,circular,per_chunk,1,1
2846,31334,35291,16,0,0,layered_block,circular,per_chunk,1,1
2847,23375,27625,16,0,0,layered_block,circular,per_chunk,1,1
2848,23083,26959,16,0,0,layered_block,circular,per_chunk,1,1
2849,23500,27417,16,0,0,layered_block,circular,per_chunk,1,1
2850,23708,27625,16,0,0,layered_block,circular,per_chunk,1,1
2851,22750,26584,16,0,0,layered_block,circular,per_chunk,1,1
2852,23042,26917,16,0,0,layered_block,circular,per_chunk,1,1
2853,23000,26916,16,0,0,layered_block,circular,per_chunk,1,1
2854,24042,27959,16,0,0,layered_block,circular,per_chunk,1,1
2855,31041,35042,16,0,0,layered_block,circular,per_chunk,1,1
2856,22792,26666,16,0,0,layered_block,circular,per_chunk,1,1
2857,23125,27042,16,0,0,layered_block,circular,per_chunk,1,1
2858,23208,27125,16,0,0,layered_block,circular,per_chunk,1,1
2859,22750,26542,16,0,0,layered_block,circular,per_chunk,1,1
2860,109583,114167,16,0,0,layered_block,circular,per_chunk,1,1
2861,23750,27750,16,0,0,layered_block,circular,per_chunk,1,1
2862,22875,26666,16,0,0,layered_block,circular,per_chunk,1,1
2863,23500,27375,16,0,0,layered_block,circular,per_chunk,1,1
2864,28583,32542,16,0,0,layered_block,circular,per_chunk,1,1
2865,23042,26875,16,0,0,layered_block,circular,per_chunk,1,1
2866,23083,27000,16,0,0,layered_block,circular,per_chunk,1,1
2867,23792,27666,16,0,0,layered_block,circular,per_chunk,1,1
2868,23292,27083,16,0,0,layered_block,circular,per_chunk,1,1
2869,22833,26667,16,0,0,layered_block,circular,per_chunk,1,1
2870,22917,26834,16,0,0,layered_block,circular,per_chunk,1,1
2871,22792,26667,16,0,0,layered_block,circular,per_chunk,1,1
2872,23166,27083,16,0,0,layered_block,circular,per_chunk,1,1
2873,22875,26708,16,0,0,layered_block,circular,per_chunk,1,1
2874,23458,27375,16,0,0,layered_block,circular,per_chunk,1,1
2875,23542,27750,16,0,0,layered_block,circular,per_chunk,1,1
2876,22916,26833,16,0,0,layered_block,circular,per_chunk,1,1
2877,22709,26625,16,0,0,layered_block,circular,per_chunk,1,1
2878,30959,34916,16,0,0,layered_block,circular,per_chunk,1,1
2879,23000,26875,16,0,0,layered_block,circular,per_chunk,1,1
2880,24541,28500,16,0,0,layered_block,circular,per_chunk,1,1
2881,23291,33625,16,0,0,layered_block,circular,per_chunk,1,1
2882,22875,26709,16,0,0,layered_block,circular,per_chunk,1,1
2883,23375,27375,16,0,0,layered_block,circular,per_chunk,1,1
2884,23708,27583,16,0,0,layered_block,circular,per_chunk,1,1
2885,22916,27125,16,0,0,layered_block,circular,per_chunk,1,1
2886,23042,27542,16,0,0,layered_block,circular,per_chunk,1,1
2887,23208,27125,16,0,0,layered_block,circular,per_chunk,1,1
2888,23500,27375,16,0,0,layered_block,circular,per_chunk,1,1
2889,23583,27625,16,0,0,layered_block,circular,per_chunk,1,1
2890,23042,26916,16,0,0,layered_block,circular,per_chunk,1,1
2891,23000,26875,16,0,0,layered_block,circular,per_chunk,1,1
2892,23209,34000,16,0,0,layered_block,circular,per_chunk,1,1
2893,22750,26584,16,0,0,layered_block,circular,per_chunk,1,1
2894,24834,28750,16,0,0,layered_block,circular,per_chunk,1,1
2895,23166,27584,16,0,0,layered_block,circular,per_chunk,1,1
2896,22791,26625,16,0,0,layered_block,circular,per_chunk,1,1
2897,23292,27166,16,0,0,layered_block,circular,per_chunk,1,1
2898,30417,34417,16,0,0,layered_block,circular,per_chunk,1,1
2899,22875,26667,16,0,0,layered_block,circular,per_chunk,1,1
2900,98959,103083,16,0,0,layered_block,circular,per_chunk,1,1
2901,23208,27166,16,0,0,layered_block,circular,per_chunk,1,1
2902,22708,26625,16,0,0,layered_block,circular,per_chunk,1,1
2903,23750,27667,16,0,0,layered_block,circular,per_chunk,1,1
2904,31375,35375,16,0,0,layered_block,circular,per_chunk,1,1
2905,22917,26792,16,0,0,layered_block,circular,per_chunk,1,1
2906,23125,27083,16,0,0,layered_block,circular,per_chunk,1,1
2907,23542,27666,16,0,0,layered_block,circular,per_chunk,1,1
2908,23083,26917,16,0,0,layered_block,circular,per_chunk,1,1
2909,23084,26916,16,0,0,layered_block,circular,per_chunk,1,1
2910,30875,34792,16,0,0,layered_block,circular,per_chunk,1,1
2911,23125,26959,16,0,0,layered_block,circular,per_chunk,1,1
2912,22875,27375,16,0,0,layered_block,circular,per_chunk,1,1
2913,22958,26834,16,0,0,layered_block,circular,per_chunk,1,1
2914,23083,26958,16,0,0,layered_block,circular,per_chunk,1,1
2915,23375,27292,16,0,0,layered_block,circular,per_chunk,1,1
2916,22959,26833,16,0,0,layered_block,circular,per_chunk,1,1
2917,22666,26500,16,0,0,layered_block,circular,per_chunk,1,1
2918,29917,33917,16,0,0,layered_block,circular,per_chunk,1,1
2919,23083,26917,16,0,0,layered_block,circular,per_chunk,1,1
2920,23334,27250,16,0,0,layered_block,circular,per_chunk,1,1
2921,24208,28167,16,0,0,layered_block,circular,per_chunk,1,1
2922,22792,26625,16,0,0,layered_block,circular,per_chunk,1,1
2923,23333,27167,16,0,0,layered_block,circular,per_chunk,1,1
2924,22750,26666,16,0,0,layered_block,circular,per_chunk,1,1
2925,23042,27000,16,0,0,layered_block,circular,per_chunk,1,1
2926,23333,27917,16,0,0,layered_block,circular,per_chunk,1,1
2927,23333,27167,16,0,0,layered_block,circular,per_chunk,1,1
2928,24208,28042,16,0,0,layered_block,circular,per_chunk,1,1
2929,23709,27541,16,0,0,layered_block,circular,per_chunk,1,1
2930,23125,27042,16,0,0,layered_block,circular,per_chunk,1,1
2931,23625,27458,16,0,0,layered_block,circular,per_chunk,1,1
2932,22959,27459,16,0,0,layered_block,circular,per_chunk,1,1
2933,23000,26834,16,0,0,layered_block,circular,per_chunk,1,1
2934,23083,26875,16,0,0,layered_block,circular,per_chunk,1,1
2935,23250,27209,16,0,0,layered_block,circular,per_chunk,1,1
2936,22959,26875,16,0,0,layered_block,circular,per_chunk,1,1
2937,23375,27250,16,0,0,layered_block,circular,per_chunk,1,1
2938,23333,27167,16,0,0,layered_block,circular,per_chunk,1,1
2939,23959,27792,16,0,0,layered_block,circular,per_chunk,1,1
2940,22833,83250,16,0,0,layered_block,circular,per_chunk,1,1
2941,23500,27458,16,0,0,layered_block,circular,per_chunk,1,1
2942,23042,26917,16,0,0,layered_block,circular,per_chunk,1,1
2943,23375,27417,16,0,0,layered_block,circular,per_chunk,1,1
2944,23375,27292,16,0,0,layered_block,circular,per_chunk,1,1
2945,24875,28750,16,0,0,layered_block,circular,per_chunk,1,1
2946,23291,27166,16,0,0,layered_block,circular,per_chunk,1,1
2947,24584,28875,16,0,0,layered_block,circular,per_chunk,1,1
2948,23125,27000,16,0,0,layered_block,circular,per_chunk,1,1
2949,23041,26875,16,0,0,layered_block,circular,per_chunk,1,1
2950,24458,28417,16,0,0,layered_block,circular,per_chunk,1,1
2951,22958,26875,16,0,0,layered_block,circular,per_chunk,1,1
2952,22625,26541,16,0,0,layered_block,circular,per_chunk,1,1
2953,30375,34292,16,0,0,layered_block,circular,per_chunk,1,1
2954,23083,27000,16,0,0,layered_block,circular,per_chunk,1,1
2955,23541,27458,16,0,0,layered_block,circular,per_chunk,1,1
2956,23042,27416,16,0,0,layered_block,circular,per_chunk,1,1
2957,23042,27000,16,0,0,layered_block,circular,per_chunk,1,1
2958,22792,26625,16,0,0,layered_block,circular,per_chunk,1,1
2959,22958,32250,16,0,0,layered_block,circular,per_chunk,1,1
2960,24875,29000,16,0,0,layered_block,circular,per_chunk,1,1
2961,23292,27209,16,0,0,layered_block,circular,per_chunk,1,1
2962,23209,27166,16,0,0,layered_block,circular,per_chunk,1,1
2963,22708,26625,16,0,0,layered_block,circular,per_chunk,1,1
2964,22917,26833,16,0,0,layered_block,circular,per_chunk,1,1
2965,23375,27292,16,0,0,layered_block,circular,per_chunk,1,1
2966,22834,26709,16,0,0,layered_block,circular,per_chunk,1,1
2967,23666,27542,16,0,0,layered_block,circular,per_chunk,1,1
2968,23250,27167,16,0,0,layered_block,circular,per_chunk,1,1
2969,23292,27209,16,0,0,layered_block,circular,per_chunk,1,1
2970,22958,26917,16,0,0,layered_block,circular,per_chunk,1,1
2971,23167,27625,16,0,0,layered_block,circular,per_chunk,1,1
2972,22959,26875,16,0,0,layered_block,circular,per_chunk,1,1
2973,22833,26792,16,0,0,layered_block,circular,per_chunk,1,1
2974,23625,27541,16,0,0,layered_block,circular,per_chunk,1,1
2975,23000,26875,16,0,0,layered_block,circular,per_chunk,1,1
2976,23083,26959,16,0,0,layered_block,circular,per_chunk,1,1
2977,23292,27292,16,0,0,layered_block,circular,per_chunk,1,1
2978,22750,26667,16,0,0,layered_block,circular,per_chunk,1,1
2979,22750,26625,16,0,0,layered_block,circular,per_chunk,1,1
2980,24083,28042,16,0,0,layered_block,circular,per_chunk,1,1
2981,22958,26875,16,0,0,layered_block,circular,per_chunk,1,1
2982,23125,27000,16,0,0,layered_block,circular,per_chunk,1,1
2983,23625,28083,16,0,0,layered_block,circular,per_chunk,1,1
2984,23041,26958,16,0,0,layered_block,circular,per_chunk,1,1
2985,23167,27041,16,0,0,layered_block,circular,per_chunk,1,1
2986,32042,35917,16,0,0,layered_block,circular,per_chunk,1,1
2987,23750,27625,16,0,0,layered_block,circular,per_chunk,1,1
2988,23250,27125,16,0,0,layered_block,circular,per_chunk,1,1
2989,23292,27708,16,0,0,layered_block,circular,per_chunk,1,1
2990,22750,26666,16,0,0,layered_block,circular,per_chunk,1,1
2991,23209,27041,16,0,0,layered_block,circular,per_chunk,1,1
2992,23250,27125,16,0,0,layered_block,circular,per_chunk,1,1
2993,32708,36583,16,0,0,layered_block,circular,per_chunk,1,1
2994,23958,27875,16,0,0,layered_block,circular,per_chunk,1,1
2995,22917,26834,16,0,0,layered_block,circular,per_chunk,1,1
2996,22792,26625,16,0,0,layered_block,circular,per_chunk,1,1
2997,23834,27584,16,0,0,layered_block,circular,per_chunk,1,1
2998,23125,27208,16,0,0,layered_block,circular,per_chunk,1,1
2999,22709,26625,16,0,0,layered_block,circular,per_chunk,1,1
3000,23542,27417,16,0,0,layered_block,circular,per_chunk,1,1
3001,23000,26750,16,0,0,layered_block,circular,per_chunk,1,1
3002,30292,34250,16,0,0,layered_block,circular,per_chunk,1,1
3003,23041,26875,16,0,0,layered_block,circular,per_chunk,1,1
3004,23125,27042,16,0,0,layered_block,circular,per_chunk,1,1
3005,22791,26667,16,0,0,layered_block,circular,per_chunk,1,1
3006,23083,27000,16,0,0,layered_block,circular,per_chunk,1,1
3007,23542,27458,16,0,0,layered_block,circular,per_chunk,1,1
3008,23209,27291,16,0,0,layered_block,circular,per_chunk,1,1
3009,23125,26917,16,0,0,layered_block,circular,per_chunk,1,1
3010,23000,26917,16,0,0,layered_block,circular,per_chunk,1,1
3011,23250,27250,16,0,0,layered_block,circular,per_chunk,1,1
3012,23250,27125,16,0,0,layered_block,circular,per_chunk,1,1
3013,23292,27208,16,0,0,layered_block,circular,per_chunk,1,1
3014,23250,27500,16,0,0,layered_block,circular,per_chunk,1,1
3015,22833,26750,16,0,0,layered_block,circular,per_chunk,1,1
3016,22750,26667,16,0,0,layered_block,circular,per_chunk,1,1
3017,23542,27500,16,0,0,layered_block,circular,per_chunk,1,1
3018,22916,26750,16,0,0,layered_block,circular,per_chunk,1,1
3019,23333,27167,16,0,0,layered_block,circular,per_chunk,1,1
3020,23500,27375,16,0,0,layered_block,circular,per_chunk,1,1
3021,23042,27000,16,0,0,layered_block,circular,per_chunk,1,1
3022,23125,27000,16,0,0,layered_block,circular,per_chunk,1,1
3023,30375,34375,16,0,0,layered_block,circular,per_chunk,1,1
3024,22833,26583,16,0,0,layered_block,circular,per_chunk,1,1
3025,23833,27708,16,0,0,layered_block,circular,per_chunk,1,1
3026,25666,29500,16,0,0,layered_block,circular,per_chunk,1,1
3027,24125,28042,16,0,0,layered_block,circular,per_chunk,1,1
3028,22708,26625,16,0,0,layered_block,circular,per_chunk,1,1
3029,23667,27625,16,0,0,layered_block,circular,per_chunk,1,1
3030,22917,26834,16,0,0,layered_block,circular,per_chunk,1,1
3031,23208,27083,16,0,0,layered_block,circular,per_chunk,1,1
3032,31667,35625,16,0,0,layered_block,circular,per_chunk,1,1
3033,23625,27500,16,0,0,layered_block,circular,per_chunk,1,1
3034,23167,27084,16,0,0,layered_block,circular,per_chunk,1,1
3035,31750,35750,16,0,0,layered_block,circular,per_chunk,1,1
3036,22792,26708,16,0,0,layered_block,circular,per_chunk,1,1
3037,22833,26625,16,0,0,layered_block,circular,per_chunk,1,1
3038,22917,34417,16,0,0,layered_block,circular,per_chunk,1,1
3039,23209,27041,16,0,0,layered_block,circular,per_chunk,1,1
3040,23250,27084,16,0,0,layered_block,circular,per_chunk,1,1
3041,24125,28125,16,0,0,layered_block,circular,per_chunk,1,1
3042,22833,26750,16,0,0,layered_block,circular,per_chunk,1,1
3043,23125,26959,16,0,0,layered_block,circular,per_chunk,1,1
3044,23292,27250,16,0,0,layered_block,circular,per_chunk,1,1
3045,22917,26833,16,0,0,layered_block,circular,per_chunk,1,1
3046,24333,28167,16,0,0,layered_block,circular,per_chunk,1,1
3047,23167,27083,16,0,0,layered_block,circular,per_chunk,1,1
3048,23250,27125,16,0,0,layered_block,circular,per_chunk,1,1
3049,23250,27125,16,0,0,layered_block,circular,per_chunk,1,1
3050,23000,26833,16,0,0,layered_block,circular,per_chunk,1,1
3051,23333,27125,16,0,0,layered_block,circular,per_chunk,1,1
3052,23083,27084,16,0,0,layered_block,circular,per_chunk,1,1
3053,23916,27833,16,0,0,layered_block,circular,per_chunk,1,1
3054,23292,27166,16,0,0,layered_block,circular,per_chunk,1,1
3055,22625,26542,16,0,0,layered_block,circular,per_chunk,1,1
3056,23125,27041,16,0,0,layered_block,circular,per_chunk,1,1
3057,23042,26958,16,0,0,layered_block,circular,per_chunk,1,1
3058,23625,27542,16,0,0,layered_block,circular,per_chunk,1,1
3059,24083,27875,16,0,0,layered_block,circular,per_chunk,1,1
3060,23750,27666,16,0,0,layered_block,circular,per_chunk,1,1
3061,23292,27208,16,0,0,layered_block,circular,per_chunk,1,1
3062,23583,27542,16,0,0,layered_block,circular,per_chunk,1,1
3063,22791,26667,16,0,0,layered_block,circular,per_chunk,1,1
3064,22958,26833,16,0,0,layered_block,circular,per_chunk,1,1
3065,23250,27291,16,0,0,layered_block,circular,per_chunk,1,1
3066,22833,26667,16,0,0,layered_block,circular,per_chunk,1,1
3067,23084,27000,16,0,0,layered_block,circular,per_chunk,1,1
3068,23375,27333,16,0,0,layered_block,circular,per_chunk,1,1
3069,23334,27250,16,0,0,layered_block,circular,per_chunk,1,1
3070,23542,27417,16,0,0,layered_block,circular,per_chunk,1,1
3071,23250,27125,16,0,0,layered_block,circular,per_chunk,1,1
3072,22875,26750,16,0,0,layered_block,circular,per_chunk,1,1
3073,23750,27542,16,0,0,layered_block,circular,per_chunk,1,1
3074,23250,27417,16,0,0,layered_block,circular,per_chunk,1,1
3075,23334,27250,16,0,0,layered_block,circular,per_chunk,1,1
3076,23000,26792,16,0,0,layered_block,circular,per_chunk,1,1
3077,31167,35125,16,0,0,layered_block,circular,per_chunk,1,1
3078,23000,26833,16,0,0,layered_block,circular,per_chunk,1,1
3079,23000,26834,16,0,0,layered_block,circular,per_chunk,1,1
3080,23500,27417,16,0,0,layered_block,circular,per_chunk,1,1
3081,23500,27417,16,0,0,layered_block,circular,per_chunk,1,1
3082,22959,26834,16,0,0,layered_block,circular,per_chunk,1,1
3083,30292,34208,16,0,0,layered_block,circular,per_chunk,1,1
3084,23125,26959,16,0,0,layered_block,circular,per_chunk,1,1
3085,22917,26834,16,0,0,layered_block,circular,per_chunk,1,1
3086,23625,27625,16,0,0,layered_block,circular,per_chunk,1,1
3087,23292,27167,16,0,0,layered_block,circular,per_chunk,1,1
3088,23208,27042,16,0,0,layered_block,circular,per_chunk,1,1
3089,31042,35000,16,0,0,layered_block,circular,per_chunk,1,1
3090,23333,27167,16,0,0,layered_block,circular,per_chunk,1,1
3091,23833,27833,16,0,0,layered_block,circular,per_chunk,1,1
3092,23625,27542,16,0,0,layered_block,circular,per_chunk,1,1
3093,24083,28000,16,0,0,layered_block,circular,per_chunk,1,1
3094,23000,26917,16,0,0,layered_block,circular,per_chunk,1,1
3095,23542,27459,16,0,0,layered_block,circular,per_chunk,1,1
3096,23250,27125,16,0,0,layered_block,circular,per_chunk,1,1
3097,23000,26875,16,0,0,layered_block,circular,per_chunk,1,1
3098,23084,26958,16,0,0,layered_block,circular,per_chunk,1,1
3099,23333,27167,16,0,0,layered_block,circular,per_chunk,1,1
3100,23084,26916,16,0,0,layered_block,circular,per_chunk,1,1
3101,23583,27500,16,0,0,layered_block,circular,per_chunk,1,1
3102,23041,26875,16,0,0,layered_block,circular,per_chunk,1,1
3103,23042,26917,16,0,0,layered_block,circular,per_chunk,1,1
3104,23542,27417,16,0,0,layered_block,circular,per_chunk,1,1
3105,23417,27292,16,0,0,layered_block,circular,per_chunk,1,1
3106,23083,26958,16,0,0,layered_block,circular,per_chunk,1,1
3107,24250,28084,16,0,0,layered_block,circular,per_chunk,1,1
3108,22917,26792,16,0,0,layered_block,circular,per_chunk,1,1
3109,23583,27417,16,0,0,layered_block,circular,per_chunk,1,1
3110,23542,27500,16,0,0,layered_block,circular,per_chunk,1,1
3111,23708,27542,16,0,0,layered_block,circular,per_chunk,1,1
3112,23791,27708,16,0,0,layered_block,circular,per_chunk,1,1
3113,23333,27209,16,0,0,layered_block,circular,per_chunk,1,1
3114,23292,27208,16,0,0,layered_block,circular,per_chunk,1,1
3115,23333,27209,16,0,0,layered_block,circular,per_chunk,1,1
3116,23000,26875,16,0,0,layered_block,circular,per_chunk,1,1
3117,22875,26750,16,0,0,layered_block,circular,per_chunk,1,1
3118,22792,26750,16,0,0,layered_block,circular,per_chunk,1,1
3119,23708,28084,16,0,0,layered_block,circular,per_chunk,1,1
3120,23042,26958,16,0,0,layered_block,circular,per_chunk,1,1
3121,23208,27167,16,0,0,layered_block,circular,per_chunk,1,1
3122,23334,33833,16,0,0,layered_block,circular,per_chunk,1,1
3123,22875,26750,16,0,0,layered_block,circular,per_chunk,1,1
3124,23792,27667,16,0,0,layered_block,circular,per_chunk,1,1
3125,23000,26916,16,0,0,layered_block,circular,per_chunk,1,1
3126,23750,27666,16,0,0,layered_block,circular,per_chunk,1,1
3127,22792,26708,16,0,0,layered_block,circular,per_chunk,1,1
3128,23333,27250,16,0,0,layered_block,circular,per_chunk,1,1
3129,22750,26625,16,0,0,layered_block,circular,per_chunk,1,1
3130,23042,26958,16,0,0,layered_block,circular,per_chunk,1,1
3131,29584,33500,16,0,0,layered_block,circular,per_chunk,1,1
3132,23417,27292,16,0,0,layered_block,circular,per_chunk,1,1
3133,23250,27125,16,0,0,layered_block,circular,per_chunk,1,1
3134,23625,27625,16,0,0,layered_block,circular,per_chunk,1,1
3135,23000,27000,16,0,0,layered_block,circular,per_chunk,1,1
3136,22834,26750,16,0,0,layered_block,circular,per_chunk,1,1
3137,30625,34584,16,0,0,layered_block,circular,per_chunk,1,1
3138,22875,26708,16,0,0,layered_block,circular,per_chunk,1,1
3139,23208,27083,16,0,0,layered_block,circular,per_chunk,1,1
3140,23167,27458,16,0,0,layered_block,circular,per_chunk,1,1
3141,23583,27542,16,0,0,layered_block,circular,per_chunk,1,1
3142,23209,27125,16,0,0,layered_block,circular,per_chunk,1,1
3143,31250,35250,16,0,0,layered_block,circular,per_chunk,1,1
3144,23583,27417,16,0,0,layered_block,circular,per_chunk,1,1
3145,27042,30917,16,0,0,layered_block,circular,per_chunk,1,1
3146,24292,28292,16,0,0,layered_block,circular,per_chunk,1,1
3147,23083,27000,16,0,0,layered_block,circular,per_chunk,1,1
3148,23541,27500,16,0,0,layered_block,circular,per_chunk,1,1
3149,32125,36042,16,0,0,layered_block,circular,per_chunk,1,1
3150,23458,27375,16,0,0,layered_block,circular,per_chunk,1,1
3151,23333,27250,16,0,0,layered_block,circular,per_chunk,1,1
3152,24958,28750,16,0,0,layered_block,circular,per_chunk,1,1
3153,23208,27125,16,0,0,layered_block,circular,per_chunk,1,1
3154,22834,26791,16,0,0,layered_block,circular,per_chunk,1,1
3155,24042,27958,16,0,0,layered_block,circular,per_chunk,1,1
3156,23041,26833,16,0,0,layered_block,circular,per_chunk,1,1
3157,23042,26875,16,0,0,layered_block,circular,per_chunk,1,1
3158,23000,26875,16,0,0,layered_block,circular,per_chunk,1,1
3159,23875,28084,16,0,0,layered_block,circular,per_chunk,1,1
3160,23000,26833,16,0,0,layered_block,circular,per_chunk,1,1
3161,23917,27833,16,0,0,layered_block,circular,per_chunk,1,1
3162,22959,26875,16,0,0,layered_block,circular,per_chunk,1,1
3163,23208,27083,16,0,0,layered_block,circular,per_chunk,1,1
3164,30791,34666,16,0,0,layered_block,circular,per_chunk,1,1
3165,24250,28083,16,0,0,layered_block,circular,per_chunk,1,1
3166,23125,26958,16,0,0,layered_block,circular,per_chunk,1,1
3167,24000,28000,16,0,0,layered_block,circular,per_chunk,1,1
3168,22667,26541,16,0,0,layered_block,circular,per_chunk,1,1
3169,23917,27833,16,0,0,layered_block,circular,per_chunk,1,1
3170,31167,35125,16,0,0,layered_block,circular,per_chunk,1,1
3171,22709,26459,16,0,0,layered_block,circular,per_chunk,1,1
3172,23000,26833,16,0,0,layered_block,circular,per_chunk,1,1
3173,23292,27208,16,0,0,layered_block,circular,per_chunk,1,1
3174,22750,26541,16,0,0,layered_block,circular,per_chunk,1,1
3175,23084,27042,16,0,0,layered_block,circular,per_chunk,1,1
3176,23000,26875,16,0,0,layered_block,circular,per_chunk,1,1
3177,22791,26583,16,0,0,layered_block,circular,per_chunk,1,1
3178,23791,27667,16,0,0,layered_block,circular,per_chunk,1,1
3179,23250,27167,16,0,0,layered_block,circular,per_chunk,1,1
3180,22792,26583,16,0,0,layered_block,circular,per_chunk,1,1
3181,23250,27125,16,0,0,layered_block,circular,per_chunk,1,1
3182,22875,26750,16,0,0,layered_block,circular,per_chunk,1,1
3183,23000,26875,16,0,0,layered_block,circular,per_chunk,1,1
3184,23250,27209,16,0,0,layered_block,circular,per_chunk,1,1
3185,23500,27625,16,0,0,layered_block,circular,per_chunk,1,1
3186,23458,27334,16,0,0,layered_block,circular,per_chunk,1,1
3187,23542,27459,16,0,0,layered_block,circular,per_chunk,1,1
3188,23000,26833,16,0,0,layered_block,circular,per_chunk,1,1
3189,23458,27250,16,0,0,layered_block,circular,per_chunk,1,1
3190,23334,27250,16,0,0,layered_block,circular,per_chunk,1,1
3191,22959,26791,16,0,0,layered_block,circular,per_chunk,1,1
3192,23125,27000,16,0,0,layered_block,circular,per_chunk,1,1
3193,30250,34083,16,0,0,layered_block,circular,per_chunk,1,1
3194,23000,26833,16,0,0,layered_block,circular,per_chunk,1,1
3195,23417,27292,16,0,0,layered_block,circular,per_chunk,1,1
3196,22958,26833,16,0,0,layered_block,circular,per_chunk,1,1
3197,22834,26666,16,0,0,layered_block,circular,per_chunk,1,1
3198,23333,27292,16,0,0,layered_block,circular,per_chunk,1,1
3199,24292,28250,16,0,0,layered_block,circular,per_chunk,1,1
3200,22750,26625,16,0,0,layered_block,circular,per_chunk,1,1
3201,23167,27208,16,0,0,layered_block,circular,per_chunk,1,1
3202,22875,26791,16,0,0,layered_block,circular,per_chunk,1,1
3203,23208,27083,16,0,0,layered_block,circular,per_chunk,1,1
3204,30708,34667,16,0,0,layered_block,circular,per_chunk,1,1
3205,24208,28125,16,0,0,layered_block,circular,per_chunk,1,1
3206,22958,26833,16,0,0,layered_block,circular,per_chunk,1,1
3207,23333,27167,16,0,0,layered_block,circular,per_chunk,1,1
3208,22792,26625,16,0,0,layered_block,circular,per_chunk,1,1
3209,22959,26750,16,0,0,layered_block,circular,per_chunk,1,1
3210,23042,26917,16,0,0,layered_block,circular,per_chunk,1,1
3211,23167,27041,16,0,0,layered_block,circular,per_chunk,1,1
3212,23500,27333,16,0,0,layered_block,circular,per_chunk,1,1
3213,28792,32750,16,0,0,layered_block,circular,per_chunk,1,1
3214,22958,26792,16,0,0,layered_block,circular,per_chunk,1,1
3215,23250,27208,16,0,0,layered_block,circular,per_chunk,1,1
3216,23000,26875,16,0,0,layered_block,circular,per_chunk,1,1
3217,22708,26625,16,0,0,layered_block,circular,per_chunk,1,1
3218,30750,34750,16,0,0,layered_block,circular,per_chunk,1,1
3219,23084,26958,16,0,0,layered_block,circular,per_chunk,1,1
3220,23208,27042,16,0,0,layered_block,circular,per_chunk,1,1
3221,24167,28084,16,0,0,layered_block,circular,per_chunk,1,1
3222,23125,26958,16,0,0,layered_block,circular,per_chunk,1,1
3223,22917,26667,16,0,0,layered_block,circular,per_chunk,1,1
3224,23083,26959,16,0,0,layered_block,circular,per_chunk,1,1
3225,89334,93625,16,0,0,layered_block,circular,per_chunk,1,1
3226,23458,27375,16,0,0,layered_block,circular,per_chunk,1,1
3227,23375,27666,16,0,0,layered_block,circular,per_chunk,1,1
3228,22834,26667,16,0,0,layered_block,circular,per_chunk,1,1
3229,23000,26875,16,0,0,layered_block,circular,per_chunk,1,1
3230,30416,34291,16,0,0,layered_block,circular,per_chunk,1,1
3231,22875,26667,16,0,0,layered_block,circular,per_chunk,1,1
3232,23083,26917,16,0,0,layered_block,circular,per_chunk,1,1
3233,23334,27500,16,0,0,layered_block,circular,per_chunk,1,1
3234,22917,26667,16,0,0,layered_block,circular,per_chunk,1,1
3235,23042,26917,16,0,0,layered_block,circular,per_chunk,1,1
3236,22833,26708,16,0,0,layered_block,circular,per_chunk,1,1
3237,23042,26875,16,0,0,layered_block,circular,per_chunk,1,1
3238,22917,26875,16,0,0,layered_block,circular,per_chunk,1,1
3239,30916,34917,16,0,0,layered_block,circular,per_chunk,1,1
3240,24042,27834,16,0,0,layered_block,circular,per_chunk,1,1
3241,23667,27583,16,0,0,layered_block,circular,per_chunk,1,1
3242,23333,27333,16,0,0,layered_block,circular,per_chunk,1,1
3243,23083,26958,16,0,0,layered_block,circular,per_chunk,1,1
3244,22875,26750,16,0,0,layered_block,circular,per_chunk,1,1
3245,31000,35125,16,0,0,layered_block,circular,per_chunk,1,1
3246,23500,27292,16,0,0,layered_block,circular,per_chunk,1,1
3247,23208,27208,16,0,0,layered_block,circular,per_chunk,1,1
3248,23166,27041,16,0,0,layered_block,circular,per_chunk,1,1
3249,22750,26625,16,0,0,layered_block,circular,per_chunk,1,1
3250,23125,27291,16,0,0,layered_block,circular,per_chunk,1,1
3251,23167,27042,16,0,0,layered_block,circular,per_chunk,1,1
3252,23458,27375,16,0,0,layered_block,circular,per_chunk,1,1
3253,23167,27000,16,0,0,layered_block,circular,per_chunk,1,1
3254,22792,26625,16,0,0,layered_block,circular,per_chunk,1,1
3255,23333,27166,16,0,0,layered_block,circular,per_chunk,1,1
3256,30667,34584,16,0,0,layered_block,circular,per_chunk,1,1
3257,22875,26709,16,0,0,layered_block,circular,per_chunk,1,1
3258,23750,27625,16,0,0,layered_block,circular,per_chunk,1,1
3259,23958,28542,16,0,0,layered_block,circular,per_chunk,1,1
3260,22958,26875,16,0,0,layered_block,circular,per_chunk,1,1
3261,22875,26708,16,0,0,layered_block,circular,per_chunk,1,1
3262,23583,28083,16,0,0,layered_block,circular,per_chunk,1,1
3263,22958,27084,16,0,0,layered_block,circular,per_chunk,1,1
3264,22792,26584,16,0,0,layered_block,circular,per_chunk,1,1
3265,23041,26875,16,0,0,layered_block,circular,per_chunk,1,1
3266,23083,26958,16,0,0,layered_block,circular,per_chunk,1,1
3267,22708,26542,16,0,0,layered_block,circular,per_chunk,1,1
3268,23375,27250,16,0,0,layered_block,circular,per_chunk,1,1
3269,23209,27084,16,0,0,layered_block,circular,per_chunk,1,1
3270,22834,26666,16,0,0,layered_block,circular,per_chunk,1,1
3271,23083,26959,16,0,0,layered_block,circular,per_chunk,1,1
3272,23750,27625,16,0,0,layered_block,circular,per_chunk,1,1
3273,23250,27125,16,0,0,layered_block,circular,per_chunk,1,1
3274,24000,34000,16,0,0,layered_block,circular,per_chunk,1,1
3275,22792,26625,16,0,0,layered_block,circular,per_chunk,1,1
3276,23000,26833,16,0,0,layered_block,circular,per_chunk,1,1
3277,22750,26625,16,0,0,layered_block,circular,per_chunk,1,1
3278,23083,26958,16,0,0,layered_block,circular,per_chunk,1,1
3279,23292,27125,16,0,0,layered_block,circular,per_chunk,1,1
3280,31583,35541,16,0,0,layered_block,circular,per_chunk,1,1
3281,24917,28708,16,0,0,layered_block,circular,per_chunk,1,1
3282,23500,27333,16,0,0,layered_block,circular,per_chunk,1,1
3283,23625,27500,16,0,0,layered_block,circular,per_chunk,1,1
3284,23208,27083,16,0,0,layered_block,circular,per_chunk,1,1
3285,24084,27875,16,0,0,layered_block,circular,per_chunk,1,1
3286,31625,35542,16,0,0,layered_block,circular,per_chunk,1,1
3287,22917,26708,16,0,0,layered_block,circular,per_chunk,1,1
3288,23416,27291,16,0,0,layered_block,circular,per_chunk,1,1
3289,23750,27667,16,0,0,layered_block,circular,per_chunk,1,1
3290,22750,26625,16,0,0,layered_block,circular,per_chunk,1,1
3291,23292,27167,16,0,0,layered_block,circular,per_chunk,1,1
3292,23833,27792,16,0,0,layered_block,circular,per_chunk,1,1
3293,22750,26667,16,0,0,layered_block,circular,per_chunk,1,1
3294,22708,26584,16,0,0,layered_block,circular,per_chunk,1,1
3295,23250,27125,16,0,0,layered_block,circular,per_chunk,1,1
3296,23708,27500,16,0,0,layered_block,circular,per_chunk,1,1
3297,22958,27292,16,0,0,layered_block,circular,per_chunk,1,1
3298,108083,112125,16,0,0,layered_block,circular,per_chunk,1,1
3299,23834,27666,16,0,0,layered_block,circular,per_chunk,1,1
3300,23750,27666,16,0,0,layered_block,circular,per_chunk,1,1
3301,22625,26542,16,0,0,layered_block,circular,per_chunk,1,1
3302,23000,26834,16,0,0,layered_block,circular,per_chunk,1,1
3303,23375,27333,16,0,0,layered_block,circular,per_chunk,1,1
3304,23125,27000,16,0,0,layered_block,circular,per_chunk,1,1
3305,23500,27250,16,0,0,layered_block,circular,per_chunk,1,1
3306,23125,26959,16,0,0,layered_block,circular,per_chunk,1,1
3307,23042,27000,16,0,0,layered_block,circular,per_chunk,1,1
3308,23208,27042,16,0,0,layered_block,circular,per_chunk,1,1
3309,23375,27292,16,0,0,layered_block,circular,per_chunk,1,1
3310,23292,27250,16,0,0,layered_block,circular,per_chunk,1,1
3311,23334,27167,16,0,0,layered_block,circular,per_chunk,1,1
3312,24500,28375,16,0,0,layered_block,circular,per_chunk,1,1
3313,22750,26625,16,0,0,layered_block,circular,per_chunk,1,1
3314,23250,27083,16,0,0,layered_block,circular,per_chunk,1,1
3315,23000,27417,16,0,0,layered_block,circular,per_chunk,1,1
3316,23167,27084,16,0,0,layered_block,circular,per_chunk,1,1
3317,22833,26625,16,0,0,layered_block,circular,per_chunk,1,1
3318,25917,30041,16,0,0,layered_block,circular,per_chunk,1,1
3319,22917,26792,16,0,0,layered_block,circular,per_chunk,1,1
3320,23042,26875,16,0,0,layered_block,circular,per_chunk,1,1
3321,23416,27292,16,0,0,layered_block,circular,per_chunk,1,1
3322,22709,26584,16,0,0,layered_block,circular,per_chunk,1,1
3323,23042,26916,16,0,0,layered_block,circular,per_chunk,1,1
3324,31125,35042,16,0,0,layered_block,circular,per_chunk,1,1
3325,23083,26958,16,0,0,layered_block,circular,per_chunk,1,1
3326,23084,26875,16,0,0,layered_block,circular,per_chunk,1,1
3327,23250,27084,16,0,0,layered_block,circular,per_chunk,1,1
3328,22916,26833,16,0,0,layered_block,circular,per_chunk,1,1
3329,22875,26666,16,0,0,layered_block,circular,per_chunk,1,1
3330,23208,27083,16,0,0,layered_block,circular,per_chunk,1,1
3331,22833,26709,16,0,0,layered_block,circular,per_chunk,1,1
3332,22833,26750,16,0,0,layered_block,circular,per_chunk,1,1
3333,23209,27250,16,0,0,layered_block,circular,per_chunk,1,1
3334,23541,27500,16,0,0,layered_block,circular,per_chunk,1,1
3335,23000,26792,16,0,0,layered_block,circular,per_chunk,1,1
3336,31167,35083,16,0,0,layered_block,circular,per_chunk,1,1
3337,23083,26875,16,0,0,layered_block,circular,per_chunk,1,1
3338,23792,27667,16,0,0,layered_block,circular,per_chunk,1,1
3339,23875,27792,16,0,0,layered_block,circular,per_chunk,1,1
3340,23042,26917,16,0,0,layered_block,circular,per_chunk,1,1
3341,23084,26916,16,0,0,layered_block,circular,per_chunk,1,1
3342,31208,35208,16,0,0,layered_block,circular,per_chunk,1,1
3343,23084,26916,16,0,0,layered_block,circular,per_chunk,1,1
3344,23125,27084,16,0,0,layered_block,circular,per_chunk,1,1
3345,24459,28250,16,0,0,layered_block,circular,per_chunk,1,1
3346,23000,26875,16,0,0,layered_block,circular,per_chunk,1,1
3347,23250,27042,16,0,0,layered_block,circular,per_chunk,1,1
3348,23417,27375,16,0,0,layered_block,circular,per_chunk,1,1
3349,22958,26791,16,0,0,layered_block,circular,per_chunk,1,1
3350,23000,26833,16,0,0,layered_block,circular,per_chunk,1,1
3351,25333,122166,16,0,0,layered_block,circular,per_chunk,1,1
3352,23250,27083,16,0,0,layered_block,circular,per_chunk,1,1
3353,23709,27500,16,0,0,layered_block,circular,per_chunk,1,1
3354,23291,27375,16,0,0,layered_block,circular,per_chunk,1,1
3355,23625,27459,16,0,0,layered_block,circular,per_chunk,1,1
3356,23416,27333,16,0,0,layered_block,circular,per_chunk,1,1
3357,23291,27208,16,0,0,layered_block,circular,per_chunk,1,1
3358,23958,27792,16,0,0,layered_block,circular,per_chunk,1,1
3359,23542,27666,16,0,0,layered_block,circular,per_chunk,1,1
3360,23292,27083,16,0,0,layered_block,circular,per_chunk,1,1
3361,24084,27958,16,0,0,layered_block,circular,per_chunk,1,1
3362,23500,27291,16,0,0,layered_block,circular,per_chunk,1,1
3363,23000,26958,16,0,0,layered_block,circular,per_chunk,1,1
3364,23584,27458,16,0,0,layered_block,circular,per_chunk,1,1
3365,23833,27708,16,0,0,layered_block,circular,per_chunk,1,1
3366,23416,27292,16,0,0,layered_block,circular,per_chunk,1,1
3367,23375,27708,16,0,0,layered_block,circular,per_chunk,1,1
3368,23750,27666,16,0,0,layered_block,circular,per_chunk,1,1
3369,24375,28167,16,0,0,layered_block,circular,per_chunk,1,1
3370,31625,35709,16,0,0,layered_block,circular,per_chunk,1,1
3371,24250,28000,16,0,0,layered_block,circular,per_chunk,1,1
3372,23333,27167,16,0,0,layered_block,circular,per_chunk,1,1
3373,23417,27292,16,0,0,layered_block,circular,per_chunk,1,1
3374,23125,27083,16,0,0,layered_block,circular,per_chunk,1,1
3375,23292,27125,16,0,0,layered_block,circular,per_chunk,1,1
3376,23500,27500,16,0,0,layered_block,circular,per_chunk,1,1
3377,23667,27541,16,0,0,layered_block,circular,per_chunk,1,1
3378,23917,27750,16,0,0,layered_block,circular,per_chunk,1,1
3379,24084,27959,16,0,0,layered_block,circular,per_chunk,1,1
3380,22917,26750,16,0,0,layered_block,circular,per_chunk,1,1
3381,23125,27000,16,0,0,layered_block,circular,per_chunk,1,1
3382,23208,27166,16,0,0,layered_block,circular,per_chunk,1,1
3383,22916,26750,16,0,0,layered_block,circular,per_chunk,1,1
3384,22958,26834,16,0,0,layered_block,circular,per_chunk,1,1
3385,23208,27000,16,0,0,layered_block,circular,per_chunk,1,1
3386,24667,28583,16,0,0,layered_block,circular,per_chunk,1,1
3387,23000,26834,16,0,0,layered_block,circular,per_chunk,1,1
3388,22833,26625,16,0,0,layered_block,circular,per_chunk,1,1
3389,32667,36542,16,0,0,layered_block,circular,per_chunk,1,1
3390,22792,26625,16,0,0,layered_block,circular,per_chunk,1,1
3391,23875,27667,16,0,0,layered_block,circular,per_chunk,1,1
3392,23625,27584,16,0,0,layered_block,circular,per_chunk,1,1
3393,22750,26625,16,0,0,layered_block,circular,per_chunk,1,1
3394,23375,27208,16,0,0,layered_block,circular,per_chunk,1,1
3395,24917,29250,16,0,0,layered_block,circular,per_chunk,1,1
3396,23125,26958,16,0,0,layered_block,circular,per_chunk,1,1
3397,23208,27083,16,0,0,layered_block,circular,per_chunk,1,1
3398,24375,28208,16,0,0,layered_block,circular,per_chunk,1,1
3399,31791,35708,16,0,0,layered_block,circular,per_chunk,1,1
3400,23250,27042,16,0,0,layered_block,circular,per_chunk,1,1
3401,23083,26917,16,0,0,layered_block,circular,per_chunk,1,1
3402,23250,27292,16,0,0,layered_block,circular,per_chunk,1,1
3403,22708,26458,16,0,0,layered_block,circular,per_chunk,1,1
3404,23542,27458,16,0,0,layered_block,circular,per_chunk,1,1
3405,23292,27708,16,0,0,layered_block,circular,per_chunk,1,1
3406,22750,26625,16,0,0,layered_block,circular,per_chunk,1,1
3407,22959,26833,16,0,0,layered_block,circular,per_chunk,1,1
3408,22750,26625,16,0,0,layered_block,circular,per_chunk,1,1
3409,23083,26917,16,0,0,layered_block,circular,per_chunk,1,1
3410,29542,33458,16,0,0,layered_block,circular,per_chunk,1,1
3411,23250,27125,16,0,0,layered_block,circular,per_chunk,1,1
3412,22667,26542,16,0,0,layered_block,circular,per_chunk,1,1
3413,23167,27083,16,0,0,layered_block,circular,per_chunk,1,1
3414,22958,26750,16,0,0,layered_block,circular,per_chunk,1,1
3415,23459,27375,16,0,0,layered_block,circular,per_chunk,1,1
3416,22709,26583,16,0,0,layered_block,circular,per_chunk,1,1
3417,23500,27625,16,0,0,layered_block,circular,per_chunk,1,1
3418,23167,27042,16,0,0,layered_block,circular,per_chunk,1,1
3419,22833,26625,16,0,0,layered_block,circular,per_chunk,1,1
3420,22958,27292,16,0,0,layered_block,circular,per_chunk,1,1
3421,22792,26625,16,0,0,layered_block,circular,per_chunk,1,1
3422,23042,26792,16,0,0,layered_block,circular,per_chunk,1,1
3423,22917,26792,16,0,0,layered_block,circular,per_chunk,1,1
3424,24000,27875,16,0,0,layered_block,circular,per_chunk,1,1
3425,23958,27833,16,0,0,layered_block,circular,per_chunk,1,1
3426,22917,26708,16,0,0,layered_block,circular,per_chunk,1,1
3427,22792,26542,16,0,0,layered_block,circular,per_chunk,1,1
3428,23042,27375,16,0,0,layered_block,circular,per_chunk,1,1
3429,22709,26541,16,0,0,layered_block,circular,per_chunk,1,1
3430,23041,27041,16,0,0,layered_block,circular,per_chunk,1,1
3431,23041,26917,16,0,0,layered_block,circular,per_chunk,1,1
3432,23042,26875,16,0,0,layered_block,circular,per_chunk,1,1
3433,22916,27375,16,0,0,layered_block,circular,per_chunk,1,1
3434,22792,26584,16,0,0,layered_block,circular,per_chunk,1,1
3435,23208,27167,16,0,0,layered_block,circular,per_chunk,1,1
3436,22834,26667,16,0,0,layered_block,circular,per_chunk,1,1
3437,22709,26625,16,0,0,layered_block,circular,per_chunk,1,1
3438,23875,27708,16,0,0,layered_block,circular,per_chunk,1,1
3439,22708,26584,16,0,0,layered_block,circular,per_chunk,1,1
3440,23208,27084,16,0,0,layered_block,circular,per_chunk,1,1
3441,29917,33875,16,0,0,layered_block,circular,per_chunk,1,1
3442,22834,26708,16,0,0,layered_block,circular,per_chunk,1,1
3443,22791,26625,16,0,0,layered_block,circular,per_chunk,1,1
3444,22750,26667,16,0,0,layered_block,circular,per_chunk,1,1
3445,23000,26792,16,0,0,layered_block,circular,per_chunk,1,1
3446,22875,26708,16,0,0,layered_block,circular,per_chunk,1,1
3447,22792,26750,16,0,0,layered_block,circular,per_chunk,1,1
3448,22750,26583,16,0,0,layered_block,circular,per_chunk,1,1
3449,23417,27250,16,0,0,layered_block,circular,per_chunk,1,1
3450,22709,26542,16,0,0,layered_block,circular,per_chunk,1,1
3451,87250,91167,16,0,0,layered_block,circular,per_chunk,1,1
3452,23250,27167,16,0,0,layered_block,circular,per_chunk,1,1
3453,23458,27375,16,0,0,layered_block,circular,per_chunk,1,1
3454,23416,27250,16,0,0,layered_block,circular,per_chunk,1,1
3455,32208,36292,16,0,0,layered_block,circular,per_chunk,1,1
3456,22709,26500,16,0,0,layered_block,circular,per_chunk,1,1
3457,23042,27125,16,0,0,layered_block,circular,per_chunk,1,1
3458,30500,34375,16,0,0,layered_block,circular,per_chunk,1,1
3459,23583,27458,16,0,0,layered_block,circular,per_chunk,1,1
3460,23166,27042,16,0,0,layered_block,circular,per_chunk,1,1
3461,31208,35083,16,0,0,layered_block,circular,per_chunk,1,1
3462,23292,27125,16,0,0,layered_block,circular,per_chunk,1,1
3463,23458,27333,16,0,0,layered_block,circular,per_chunk,1,1
3464,22667,26542,16,0,0,layered_block,circular,per_chunk,1,1
3465,24042,27875,16,0,0,layered_block,circular,per_chunk,1,1
3466,23167,27000,16,0,0,layered_block,circular,per_chunk,1,1
3467,24125,27959,16,0,0,layered_block,circular,per_chunk,1,1
3468,23500,27334,16,0,0,layered_block,circular,per_chunk,1,1
3469,23416,27416,16,0,0,layered_block,circular,per_chunk,1,1
3470,23042,26875,16,0,0,layered_block,circular,per_chunk,1,1
3471,23083,26875,16,0,0,layered_block,circular,per_chunk,1,1
3472,23167,27084,16,0,0,layered_block,circular,per_chunk,1,1
3473,23042,26959,16,0,0,layered_block,circular,per_chunk,1,1
3474,22916,26750,16,0,0,layered_block,circular,per_chunk,1,1
3475,23208,27250,16,0,0,layered_block,circular,per_chunk,1,1
3476,23417,27250,16,0,0,layered_block,circular,per_chunk,1,1
3477,23500,27709,16,0,0,layered_block,circular,per_chunk,1,1
3478,24250,28208,16,0,0,layered_block,circular,per_chunk,1,1
3479,22667,26500,16,0,0,layered_block,circular,per_chunk,1,1
3480,22666,26500,16,0,0,layered_block,circular,per_chunk,1,1
3481,31500,35334,16,0,0,layered_block,circular,per_chunk,1,1
3482,22792,26583,16,0,0,layered_block,circular,per_chunk,1,1
3483,24250,28708,16,0,0,layered_block,circular,per_chunk,1,1
3484,23000,26833,16,0,0,layered_block,circular,per_chunk,1,1
3485,23333,27167,16,0,0,layered_block,circular,per_chunk,1,1
3486,22958,27208,16,0,0,layered_block,circular,per_chunk,1,1
3487,23042,26917,16,0,0,layered_block,circular,per_chunk,1,1
3488,22917,26709,16,0,0,layered_block,circular,per_chunk,1,1
3489,31125,35125,16,0,0,layered_block,circular,per_chunk,1,1
3490,23000,26792,16,0,0,layered_block,circular,per_chunk,1,1
3491,23833,27833,16,0,0,layered_block,circular,per_chunk,1,1
3492,23500,27333,16,0,0,layered_block,circular,per_chunk,1,1
3493,23042,26875,16,0,0,layered_block,circular,per_chunk,1,1
3494,22833,26750,16,0,0,layered_block,circular,per_chunk,1,1
3495,33500,37292,16,0,0,layered_block,circular,per_chunk,1,1
3496,23750,27583,16,0,0,layered_block,circular,per_chunk,1,1
3497,22875,26708,16,0,0,layered_block,circular,per_chunk,1,1
3498,24083,28000,16,0,0,layered_block,circular,per_chunk,1,1
3499,23000,26833,16,0,0,layered_block,circular,per_chunk,1,1
3500,23291,27208,16,0,0,layered_block,circular,per_chunk,1,1
3501,23458,27500,16,0,0,layered_block,circular,per_chunk,1,1
3502,22875,26666,16,0,0,layered_block,circular,per_chunk,1,1
3503,23167,26958,16,0,0,layered_block,circular,per_chunk,1,1
3504,23458,27333,16,0,0,layered_block,circular,per_chunk,1,1
3505,23541,27458,16,0,0,layered_block,circular,per_chunk,1,1
3506,22833,26625,16,0,0,layered_block,circular,per_chunk,1,1
3507,23417,27625,16,0,0,layered_block,circular,per_chunk,1,1
3508,23000,26916,16,0,0,layered_block,circular,per_chunk,1,1
3509,23416,27250,16,0,0,layered_block,circular,per_chunk,1,1
3510,23708,27584,16,0,0,layered_block,circular,per_chunk,1,1
3511,108209,112209,16,0,0,layered_block,circular,per_chunk,1,1
3512,23500,27333,16,0,0,layered_block,circular,per_chunk,1,1
3513,23250,27209,16,0,0,layered_block,circular,per_chunk,1,1
3514,23125,27042,16,0,0,layered_block,circular,per_chunk,1,1
3515,22792,26708,16,0,0,layered_block,circular,per_chunk,1,1
3516,24250,28125,16,0,0,layered_block,circular,per_chunk,1,1
3517,22709,26542,16,0,0,layered_block,circular,per_chunk,1,1
3518,23083,26958,16,0,0,layered_block,circular,per_chunk,1,1
3519,23375,27166,16,0,0,layered_block,circular,per_chunk,1,1
3520,22875,26750,16,0,0,layered_block,circular,per_chunk,1,1
3521,22916,26750,16,0,0,layered_block,circular,per_chunk,1,1
3522,23542,27458,16,0,0,layered_block,circular,per_chunk,1,1
3523,23167,27000,16,0,0,layered_block,circular,per_chunk,1,1
3524,23167,27000,16,0,0,layered_block,circular,per_chunk,1,1
3525,25166,29208,16,0,0,layered_block,circular,per_chunk,1,1
3526,22875,26750,16,0,0,layered_block,circular,per_chunk,1,1
3527,23167,26959,16,0,0,layered_block,circular,per_chunk,1,1
3528,24125,28458,16,0,0,layered_block,circular,per_chunk,1,1
3529,23167,26959,16,0,0,layered_block,circular,per_chunk,1,1
3530,23250,27042,16,0,0,layered_block,circular,per_chunk,1,1
3531,23333,27166,16,0,0,layered_block,circular,per_chunk,1,1
3532,23458,27458,16,0,0,layered_block,circular,per_chunk,1,1
3533,23375,27250,16,0,0,layered_block,circular,per_chunk,1,1
3534,23000,26833,16,0,0,layered_block,circular,per_chunk,1,1
3535,23958,27833,16,0,0,layered_block,circular,per_chunk,1,1
3536,22875,26750,16,0,0,layered_block,circular,per_chunk,1,1
3537,23167,27042,16,0,0,layered_block,circular,per_chunk,1,1
3538,23292,27500,16,0,0,layered_block,circular,per_chunk,1,1
3539,23084,26958,16,0,0,layered_block,circular,per_chunk,1,1
3540,22917,26750,16,0,0,layered_block,circular,per_chunk,1,1
3541,23709,27625,16,0,0,layered_block,circular,per_chunk,1,1
3542,22667,26584,16,0,0,layered_block,circular,per_chunk,1,1
3543,23334,27166,16,0,0,layered_block,circular,per_chunk,1,1
3544,24792,28750,16,0,0,layered_block,circular,per_chunk,1,1
3545,22791,26625,16,0,0,layered_block,circular,per_chunk,1,1
3546,22833,26708,16,0,0,layered_block,circular,per_chunk,1,1
3547,23209,26959,16,0,0,layered_block,circular,per_chunk,1,1
3548,23125,27000,16,0,0,layered_block,circular,per_chunk,1,1
3549,23000,26834,16,0,0,layered_block,circular,per_chunk,1,1
3550,31792,35709,16,0,0,layered_block,circular,per_chunk,1,1
3551,23125,27000,16,0,0,layered_block,circular,per_chunk,1,1
3552,23083,26917,16,0,0,layered_block,circular,per_chunk,1,1
3553,23708,27625,16,0,0,layered_block,circular,per_chunk,1,1
3554,22833,26667,16,0,0,layered_block,circular,per_chunk,1,1
3555,23542,27333,16,0,0,layered_block,circular,per_chunk,1,1
3556,30542,34459,16,0,0,layered_block,circular,per_chunk,1,1
3557,23666,27500,16,0,0,layered_block,circular,per_chunk,1,1
3558,24250,28042,16,0,0,layered_block,circular,per_chunk,1,1
3559,23667,27625,16,0,0,layered_block,circular,per_chunk,1,1
3560,23833,27708,16,0,0,layered_block,circular,per_chunk,1,1
3561,23000,26833,16,0,0,layered_block,circular,per_chunk,1,1
3562,23500,27709,16,0,0,layered_block,circular,per_chunk,1,1
3563,23083,26917,16,0,0,layered_block,circular,per_chunk,1,1
3564,23292,27125,16,0,0,layered_block,circular,per_chunk,1,1
3565,22792,26584,16,0,0,layered_block,circular,per_chunk,1,1
3566,23125,27042,16,0,0,layered_block,circular,per_chunk,1,1
3567,23208,27041,16,0,0,layered_block,circular,per_chunk,1,1
3568,24125,28334,16,0,0,layered_block,circular,per_chunk,1,1
3569,22958,26875,16,0,0,layered_block,circular,per_chunk,1,1
3570,23208,27000,16,0,0,layered_block,circular,per_chunk,1,1
3571,23458,27292,16,0,0,layered_block,circular,per_chunk,1,1
3572,23083,26958,16,0,0,layered_block,circular,per_chunk,1,1
3573,23750,27500,16,0,0,layered_block,circular,per_chunk,1,1
3574,23583,27958,16,0,0,layered_block,circular,per_chunk,1,1
3575,23375,27208,16,0,0,layered_block,circular,per_chunk,1,1
3576,23000,26792,16,0,0,layered_block,circular,per_chunk,1,1
3577,24625,28375,16,0,0,layered_block,circular,per_chunk,1,1
3578,31708,35625,16,0,0,layered_block,circular,per_chunk,1,1
3579,23625,27375,16,0,0,layered_block,circular,per_chunk,1,1
3580,24791,28583,16,0,0,layered_block,circular,per_chunk,1,1
3581,31458,35416,16,0,0,layered_block,circular,per_chunk,1,1
3582,23167,27000,16,0,0,layered_block,circular,per_chunk,1,1
3583,23459,27375,16,0,0,layered_block,circular,per_chunk,1,1
3584,23459,27334,16,0,0,layered_block,circular,per_chunk,1,1
3585,23292,27167,16,0,0,layered_block,circular,per_chunk,1,1
3586,22959,26791,16,0,0,layered_block,circular,per_chunk,1,1
3587,23208,27125,16,0,0,layered_block,circular,per_chunk,1,1
3588,22750,26584,16,0,0,layered_block,circular,per_chunk,1,1
3589,23583,27417,16,0,0,layered_block,circular,per_chunk,1,1
3590,25625,29750,16,0,0,layered_block,circular,per_chunk,1,1
3591,30541,34541,16,0,0,layered_block,circular,per_chunk,1,1
3592,22917,26791,16,0,0,layered_block,circular,per_chunk,1,1
3593,23041,26833,16,0,0,layered_block,circular,per_chunk,1,1
3594,28583,32625,16,0,0,layered_block,circular,per_chunk,1,1
3595,22917,26708,16,0,0,layered_block,circular,per_chunk,1,1
3596,24041,27875,16,0,0,layered_block,circular,per_chunk,1,1
3597,25167,29167,16,0,0,layered_block,circular,per_chunk,1,1
3598,23166,27042,16,0,0,layered_block,circular,per_chunk,1,1
3599,23833,27667,16,0,0,layered_block,circular,per_chunk,1,1
3600,30708,34542,16,0,0,layered_block,circular,per_chunk,1,1
3601,22917,26750,16,0,0,layered_block,circular,per_chunk,1,1
3602,23750,27500,16,0,0,layered_block,circular,per_chunk,1,1
3603,23625,27666,16,0,0,layered_block,circular,per_chunk,1,1
3604,23708,27583,16,0,0,layered_block,circular,per_chunk,1,1
3605,23708,27583,16,0,0,layered_block,circular,per_chunk,1,1
3606,23625,27500,16,0,0,layered_block,circular,per_chunk,1,1
3607,23208,27083,16,0,0,layered_block,circular,per_chunk,1,1
3608,22709,26792,16,0,0,layered_block,circular,per_chunk,1,1
3609,26083,29917,16,0,0,layered_block,circular,per_chunk,1,1
3610,34500,38458,16,0,0,layered_block,circular,per_chunk,1,1
3611,23708,27625,16,0,0,layered_block,circular,per_chunk,1,1
3612,23292,27042,16,0,0,layered_block,circular,per_chunk,1,1
3613,24041,27958,16,0,0,layered_block,circular,per_chunk,1,1
3614,23000,26916,16,0,0,layered_block,circular,per_chunk,1,1
3615,23542,27458,16,0,0,layered_block,circular,per_chunk,1,1
3616,22875,26750,16,0,0,layered_block,circular,per_chunk,1,1
3617,22792,26667,16,0,0,layered_block,circular,per_chunk,1,1
3618,23458,27292,16,0,0,layered_block,circular,per_chunk,1,1
3619,23000,26875,16,0,0,layered_block,circular,per_chunk,1,1
3620,23459,27209,16,0,0,layered_block,circular,per_chunk,1,1
3621,23958,27833,16,0,0,layered_block,circular,per_chunk,1,1
3622,24166,28250,16,0,0,layered_block,circular,per_chunk,1,1
3623,30750,34750,16,0,0,layered_block,circular,per_chunk,1,1
3624,23750,27583,16,0,0,layered_block,circular,per_chunk,1,1
3625,23500,27250,16,0,0,layered_block,circular,per_chunk,1,1
3626,24583,35625,16,0,0,layered_block,circular,per_chunk,1,1
3627,34750,38667,16,0,0,layered_block,circular,per_chunk,1,1
3628,23625,27500,16,0,0,layered_block,circular,per_chunk,1,1
3629,22666,26542,16,0,0,layered_block,circular,per_chunk,1,1
3630,30666,34625,16,0,0,layered_block,circular,per_chunk,1,1
3631,23041,26833,16,0,0,layered_block,circular,per_chunk,1,1
3632,23000,26833,16,0,0,layered_block,circular,per_chunk,1,1
3633,23083,26958,16,0,0,layered_block,circular,per_chunk,1,1
3634,23375,27250,16,0,0,layered_block,circular,per_chunk,1,1
3635,22875,26708,16,0,0,layered_block,circular,per_chunk,1,1
3636,22875,26750,16,0,0,layered_block,circular,per_chunk,1,1
3637,22709,26500,16,0,0,layered_block,circular,per_chunk,1,1
3638,30500,34500,16,0,0,layered_block,circular,per_chunk,1,1
3639,22750,26583,16,0,0,layered_block,circular,per_chunk,1,1
3640,23542,27375,16,0,0,layered_block,circular,per_chunk,1,1
3641,23750,27792,16,0,0,layered_block,circular,per_chunk,1,1
3642,32500,36416,16,0,0,layered_block,circular,per_chunk,1,1
3643,23333,27166,16,0,0,layered_block,circular,per_chunk,1,1
3644,23000,26833,16,0,0,layered_block,circular,per_chunk,1,1
3645,23333,27250,16,0,0,layered_block,circular,per_chunk,1,1
3646,23000,26833,16,0,0,layered_block,circular,per_chunk,1,1
3647,24125,28209,16,0,0,layered_block,circular,per_chunk,1,1
3648,23167,27000,16,0,0,layered_block,circular,per_chunk,1,1
3649,23167,27000,16,0,0,layered_block,circular,per_chunk,1,1
3650,24250,28125,16,0,0,layered_block,circular,per_chunk,1,1
3651,23667,27625,16,0,0,layered_block,circular,per_chunk,1,1
3652,23667,27500,16,0,0,layered_block,circular,per_chunk,1,1
3653,22792,26625,16,0,0,layered_block,circular,per_chunk,1,1
3654,23041,27250,16,0,0,layered_block,circular,per_chunk,1,1
3655,23125,26875,16,0,0,layered_block,circular,per_chunk,1,1
3656,23333,27167,16,0,0,layered_block,circular,per_chunk,1,1
3657,23291,27083,16,0,0,layered_block,circular,per_chunk,1,1
3658,23500,27292,16,0,0,layered_block,circular,per_chunk,1,1
3659,23833,27625,16,0,0,layered_block,circular,per_chunk,1,1
3660,23000,27209,16,0,0,layered_block,circular,per_chunk,1,1
3661,23208,27084,16,0,0,layered_block,circular,per_chunk,1,1
3662,22708,26583,16,0,0,layered_block,circular,per_chunk,1,1
3663,23916,27792,16,0,0,layered_block,circular,per_chunk,1,1
3664,31958,35875,16,0,0,layered_block,circular,per_chunk,1,1
3665,23667,27584,16,0,0,layered_block,circular,per_chunk,1,1
3666,23292,27125,16,0,0,layered_block,circular,per_chunk,1,1
3667,23000,26916,16,0,0,layered_block,circular,per_chunk,1,1
3668,23959,27750,16,0,0,layered_block,circular,per_chunk,1,1
3669,31500,35417,16,0,0,layered_block,circular,per_chunk,1,1
3670,23250,27084,16,0,0,layered_block,circular,per_chunk,1,1
3671,23125,26958,16,0,0,layered_block,circular,per_chunk,1,1
3672,22958,26875,16,0,0,layered_block,circular,per_chunk,1,1
3673,31334,35292,16,0,0,layered_block,circular,per_chunk,1,1
3674,23291,27083,16,0,0,layered_block,circular,per_chunk,1,1
3675,24084,27958,16,0,0,layered_block,circular,per_chunk,1,1
3676,24208,28042,16,0,0,layered_block,circular,per_chunk,1,1
3677,23375,27250,16,0,0,layered_block,circular,per_chunk,1,1
3678,23375,27250,16,0,0,layered_block,circular,per_chunk,1,1
3679,23792,28208,16,0,0,layered_block,circular,per_chunk,1,1
3680,22750,26583,16,0,0,layered_block,circular,per_chunk,1,1
3681,23250,27084,16,0,0,layered_block,circular,per_chunk,1,1
3682,66708,70750,16,0,0,layered_block,circular,per_chunk,1,1
3683,22834,26709,16,0,0,layered_block,circular,per_chunk,1,1
3684,23250,27084,16,0,0,layered_block,circular,per_chunk,1,1
3685,30791,34792,16,0,0,layered_block,circular,per_chunk,1,1
3686,23167,26959,16,0,0,layered_block,circular,per_chunk,1,1
3687,23542,27375,16,0,0,layered_block,circular,per_chunk,1,1
3688,23250,27125,16,0,0,layered_block,circular,per_chunk,1,1
3689,34583,38458,16,0,0,layered_block,circular,per_chunk,1,1
3690,23500,27292,16,0,0,layered_block,circular,per_chunk,1,1
3691,23875,27708,16,0,0,layered_block,circular,per_chunk,1,1
3692,23167,27000,16,0,0,layered_block,circular,per_chunk,1,1
3693,23291,27083,16,0,0,layered_block,circular,per_chunk,1,1
3694,116167,120250,16,0,0,layered_block,circular,per_chunk,1,1
3695,23792,28000,16,0,0,layered_block,circular,per_chunk,1,1
3696,22792,26667,16,0,0,layered_block,circular,per_chunk,1,1
3697,23542,27375,16,0,0,layered_block,circular,per_chunk,1,1
3698,23833,28417,16,0,0,layered_block,circular,per_chunk,1,1
3699,23833,27792,16,0,0,layered_block,circular,per_chunk,1,1
3700,32125,36167,16,0,0,layered_block,circular,per_chunk,1,1
3701,23583,27459,16,0,0,layered_block,circular,per_chunk,1,1
3702,23458,27292,16,0,0,layered_block,circular,per_chunk,1,1
3703,23125,27000,16,0,0,layered_block,circular,per_chunk,1,1
3704,23334,27208,16,0,0,layered_block,circular,per_chunk,1,1
3705,23750,27584,16,0,0,layered_block,circular,per_chunk,1,1
3706,24417,28333,16,0,0,layered_block,circular,per_chunk,1,1
3707,23917,27875,16,0,0,layered_block,circular,per_chunk,1,1
3708,22625,26500,16,0,0,layered_block,circular,per_chunk,1,1
3709,23000,26834,16,0,0,layered_block,circular,per_chunk,1,1
3710,23167,27083,16,0,0,layered_block,circular,per_chunk,1,1
3711,23625,27625,16,0,0,layered_block,circular,per_chunk,1,1
3712,23333,27166,16,0,0,layered_block,circular,per_chunk,1,1
3713,23583,27583,16,0,0,layered_block,circular,per_chunk,1,1
3714,29333,33333,16,0,0,layered_block,circular,per_chunk,1,1
3715,22833,26625,16,0,0,layered_block,circular,per_chunk,1,1
3716,22708,27166,16,0,0,layered_block,circular,per_chunk,1,1
3717,23209,27042,16,0,0,layered_block,circular,per_chunk,1,1
3718,23416,27875,16,0,0,layered_block,circular,per_chunk,1,1
3719,23958,28333,16,0,0,layered_block,circular,per_chunk,1,1
3720,23083,26958,16,0,0,layered_block,circular,per_chunk,1,1
3721,22958,26792,16,0,0,layered_block,circular,per_chunk,1,1
3722,23167,27042,16,0,0,layered_block,circular,per_chunk,1,1
3723,24333,28291,16,0,0,layered_block,circular,per_chunk,1,1
3724,23042,26875,16,0,0,layered_block,circular,per_chunk,1,1
3725,23875,27667,16,0,0,layered_block,circular,per_chunk,1,1
3726,23459,27292,16,0,0,layered_block,circular,per_chunk,1,1
3727,22875,26709,16,0,0,layered_block,circular,per_chunk,1,1
3728,23500,27500,16,0,0,layered_block,circular,per_chunk,1,1
3729,22959,26833,16,0,0,layered_block,circular,per_chunk,1,1
3730,22833,26750,16,0,0,layered_block,circular,per_chunk,1,1
3731,23125,27625,16,0,0,layered_block,circular,per_chunk,1,1
3732,24042,27875,16,0,0,layered_block,circular,per_chunk,1,1
3733,23500,27375,16,0,0,layered_block,circular,per_chunk,1,1
3734,31167,35042,16,0,0,layered_block,circular,per_chunk,1,1
3735,23458,27208,16,0,0,layered_block,circular,per_chunk,1,1
3736,23500,27375,16,0,0,layered_block,circular,per_chunk,1,1
3737,24083,27917,16,0,0,layered_block,circular,per_chunk,1,1
3738,23875,27708,16,0,0,layered_block,circular,per_chunk,1,1
3739,23792,27709,16,0,0,layered_block,circular,per_chunk,1,1
3740,23666,27666,16,0,0,layered_block,circular,per_chunk,1,1
3741,23500,27334,16,0,0,layered_block,circular,per_chunk,1,1
3742,23458,27250,16,0,0,layered_block,circular,per_chunk,1,1
3743,32792,36792,16,0,0,layered_block,circular,per_chunk,1,1
3744,23708,27541,16,0,0,layered_block,circular,per_chunk,1,1
3745,22750,26625,16,0,0,layered_block,circular,per_chunk,1,1
3746,24000,27792,16,0,0,layered_block,circular,per_chunk,1,1
3747,23291,27125,16,0,0,layered_block,circular,per_chunk,1,1
3748,22958,26833,16,0,0,layered_block,circular,per_chunk,1,1
3749,23250,27084,16,0,0,layered_block,circular,per_chunk,1,1
3750,23333,27167,16,0,0,layered_block,circular,per_chunk,1,1
3751,23459,27292,16,0,0,layered_block,circular,per_chunk,1,1
3752,23250,27125,16,0,0,layered_block,circular,per_chunk,1,1
3753,23500,27375,16,0,0,layered_block,circular,per_chunk,1,1
3754,23917,27917,16,0,0,layered_block,circular,per_chunk,1,1
3755,23916,27791,16,0,0,layered_block,circular,per_chunk,1,1
3756,32084,36000,16,0,0,layered_block,circular,per_chunk,1,1
3757,23042,26834,16,0,0,layered_block,circular,per_chunk,1,1
3758,23459,27209,16,0,0,layered_block,circular,per_chunk,1,1
3759,23209,26959,16,0,0,layered_block,circular,per_chunk,1,1
3760,23375,27250,16,0,0,layered_block,circular,per_chunk,1,1
3761,23416,27333,16,0,0,layered_block,circular,per_chunk,1,1
3762,23500,27333,16,0,0,layered_block,circular,per_chunk,1,1
3763,23375,27208,16,0,0,layered_block,circular,per_chunk,1,1
3764,24250,28209,16,0,0,layered_block,circular,per_chunk,1,1
3765,22708,26542,16,0,0,layered_block,circular,per_chunk,1,1
3766,24041,27833,16,0,0,layered_block,circular,per_chunk,1,1
3767,23292,27333,16,0,0,layered_block,circular,per_chunk,1,1
3768,24750,28584,16,0,0,layered_block,circular,per_chunk,1,1
3769,22959,26833,16,0,0,layered_block,circular,per_chunk,1,1
3770,23083,26875,16,0,0,layered_block,circular,per_chunk,1,1
3771,23833,27625,16,0,0,layered_block,circular,per_chunk,1,1
3772,23917,27792,16,0,0,layered_block,circular,per_chunk,1,1
3773,23708,27500,16,0,0,layered_block,circular,per_chunk,1,1
3774,24375,28250,16,0,0,layered_block,circular,per_chunk,1,1
3775,23250,27375,16,0,0,layered_block,circular,per_chunk,1,1
3776,23042,26875,16,0,0,layered_block,circular,per_chunk,1,1
3777,23667,27541,16,0,0,layered_block,circular,per_chunk,1,1
3778,23250,27125,16,0,0,layered_block,circular,per_chunk,1,1
3779,23750,27541,16,0,0,layered_block,circular,per_chunk,1,1
3780,23041,26875,16,0,0,layered_block,circular,per_chunk,1,1
3781,31875,35833,16,0,0,layered_block,circular,per_chunk,1,1
3782,23166,26916,16,0,0,layered_block,circular,per_chunk,1,1
3783,22792,26625,16,0,0,layered_block,circular,per_chunk,1,1
3784,23042,26875,16,0,0,layered_block,circular,per_chunk,1,1
3785,23084,26834,16,0,0,layered_block,circular,per_chunk,1,1
3786,24166,28416,16,0,0,layered_block,circular,per_chunk,1,1
3787,23291,27125,16,0,0,layered_block,circular,per_chunk,1,1
3788,23250,27084,16,0,0,layered_block,circular,per_chunk,1,1
3789,23833,27667,16,0,0,layered_block,circular,per_chunk,1,1
3790,23750,27500,16,0,0,layered_block,circular,per_chunk,1,1
3791,23042,26834,16,0,0,layered_block,circular,per_chunk,1,1
3792,23833,27708,16,0,0,layered_block,circular,per_chunk,1,1
3793,23250,27084,16,0,0,layered_block,circular,per_chunk,1,1
3794,24042,27875,16,0,0,layered_block,circular,per_chunk,1,1
3795,23833,27791,16,0,0,layered_block,circular,per_chunk,1,1
3796,23834,27750,16,0,0,layered_block,circular,per_chunk,1,1
3797,23209,27041,16,0,0,layered_block,circular,per_chunk,1,1
3798,23584,27459,16,0,0,layered_block,circular,per_chunk,1,1
3799,23334,27125,16,0,0,layered_block,circular,per_chunk,1,1
3800,23583,27458,16,0,0,layered_block,circular,per_chunk,1,1
3801,23000,27625,16,0,0,layered_block,circular,per_chunk,1,1
3802,24208,28083,16,0,0,layered_block,circular,per_chunk,1,1
3803,23625,27500,16,0,0,layered_block,circular,per_chunk,1,1
3804,23542,27417,16,0,0,layered_block,circular,per_chunk,1,1
3805,23166,26958,16,0,0,layered_block,circular,per_chunk,1,1
3806,23583,27500,16,0,0,layered_block,circular,per_chunk,1,1
3807,23459,27500,16,0,0,layered_block,circular,per_chunk,1,1
3808,22958,26792,16,0,0,layered_block,circular,per_chunk,1,1
3809,23125,26916,16,0,0,layered_block,circular,per_chunk,1,1
3810,23375,27250,16,0,0,layered_block,circular,per_chunk,1,1
3811,23667,27500,16,0,0,layered_block,circular,per_chunk,1,1
3812,23833,27625,16,0,0,layered_block,circular,per_chunk,1,1
3813,23625,27542,16,0,0,layered_block,circular,per_chunk,1,1
3814,23625,27375,16,0,0,layered_block,circular,per_chunk,1,1
3815,24291,28208,16,0,0,layered_block,circular,per_chunk,1,1
3816,23792,27625,16,0,0,layered_block,circular,per_chunk,1,1
3817,23625,27542,16,0,0,layered_block,circular,per_chunk,1,1
3818,23375,27166,16,0,0,layered_block,circular,per_chunk,1,1
3819,23875,27917,16,0,0,layered_block,circular,per_chunk,1,1
3820,22792,26667,16,0,0,layered_block,circular,per_chunk,1,1
3821,23416,27291,16,0,0,layered_block,circular,per_chunk,1,1
3822,26458,30334,16,0,0,layered_block,circular,per_chunk,1,1
3823,23625,27459,16,0,0,layered_block,circular,per_chunk,1,1
3824,23000,26875,16,0,0,layered_block,circular,per_chunk,1,1
3825,24417,28417,16,0,0,layered_block,circular,per_chunk,1,1
3826,23459,27375,16,0,0,layered_block,circular,per_chunk,1,1
3827,23584,27625,16,0,0,layered_block,circular,per_chunk,1,1
3828,24792,28750,16,0,0,layered_block,circular,per_chunk,1,1
3829,23291,27208,16,0,0,layered_block,circular,per_chunk,1,1
3830,23208,27167,16,0,0,layered_block,circular,per_chunk,1,1
3831,23292,27250,16,0,0,layered_block,circular,per_chunk,1,1
3832,22750,26625,16,0,0,layered_block,circular,per_chunk,1,1
3833,23167,27083,16,0,0,layered_block,circular,per_chunk,1,1
3834,24167,28084,16,0,0,layered_block,circular,per_chunk,1,1
3835,24417,28416,16,0,0,layered_block,circular,per_chunk,1,1
3836,22959,26834,16,0,0,layered_block,circular,per_chunk,1,1
3837,22750,26584,16,0,0,layered_block,circular,per_chunk,1,1
3838,23250,27125,16,0,0,layered_block,circular,per_chunk,1,1
3839,23375,27542,16,0,0,layered_block,circular,per_chunk,1,1
3840,24708,28583,16,0,0,layered_block,circular,per_chunk,1,1
3841,24125,28000,16,0,0,layered_block,circular,per_chunk,1,1
3842,24458,28375,16,0,0,layered_block,circular,per_chunk,1,1
3843,24083,28042,16,0,0,layered_block,circular,per_chunk,1,1
3844,23333,27250,16,0,0,layered_block,circular,per_chunk,1,1
3845,23709,27583,16,0,0,layered_block,circular,per_chunk,1,1
3846,23792,27667,16,0,0,layered_block,circular,per_chunk,1,1
3847,23250,27208,16,0,0,layered_block,circular,per_chunk,1,1
3848,23416,27333,16,0,0,layered_block,circular,per_chunk,1,1
3849,23750,27625,16,0,0,layered_block,circular,per_chunk,1,1
3850,23500,27500,16,0,0,layered_block,circular,per_chunk,1,1
3851,23500,27375,16,0,0,layered_block,circular,per_chunk,1,1
3852,23041,26917,16,0,0,layered_block,circular,per_chunk,1,1
3853,24833,28708,16,0,0,layered_block,circular,per_chunk,1,1
3854,31500,35542,16,0,0,layered_block,circular,per_chunk,1,1
3855,23292,27125,16,0,0,layered_block,circular,per_chunk,1,1
3856,23917,27833,16,0,0,layered_block,circular,per_chunk,1,1
3857,23041,26958,16,0,0,layered_block,circular,per_chunk,1,1
3858,23250,27125,16,0,0,layered_block,circular,per_chunk,1,1
3859,25625,29583,16,0,0,layered_block,circular,per_chunk,1,1
3860,23208,27584,16,0,0,layered_block,circular,per_chunk,1,1
3861,22958,26833,16,0,0,layered_block,circular,per_chunk,1,1
3862,22792,26625,16,0,0,layered_block,circular,per_chunk,1,1
3863,24000,28125,16,0,0,layered_block,circular,per_chunk,1,1
3864,23083,27000,16,0,0,layered_block,circular,per_chunk,1,1
3865,23875,27666,16,0,0,layered_block,circular,per_chunk,1,1
3866,24125,27958,16,0,0,layered_block,circular,per_chunk,1,1
3867,29125,33167,16,0,0,layered_block,circular,per_chunk,1,1
3868,22834,26708,16,0,0,layered_block,circular,per_chunk,1,1
3869,23667,27500,16,0,0,layered_block,circular,per_chunk,1,1
3870,23584,27500,16,0,0,layered_block,circular,per_chunk,1,1
3871,23542,27334,16,0,0,layered_block,circular,per_chunk,1,1
3872,26792,30666,16,0,0,layered_block,circular,per_chunk,1,1
3873,24333,28417,16,0,0,layered_block,circular,per_chunk,1,1
3874,23250,27167,16,0,0,layered_block,circular,per_chunk,1,1
3875,23375,27292,16,0,0,layered_block,circular,per_chunk,1,1
3876,23875,27792,16,0,0,layered_block,circular,per_chunk,1,1
3877,23250,27167,16,0,0,layered_block,circular,per_chunk,1,1
3878,23083,26917,16,0,0,layered_block,circular,per_chunk,1,1
3879,23875,27750,16,0,0,layered_block,circular,per_chunk,1,1
3880,23292,27209,16,0,0,layered_block,circular,per_chunk,1,1
3881,22834,26666,16,0,0,layered_block,circular,per_chunk,1,1
3882,23708,27875,16,0,0,layered_block,circular,per_chunk,1,1
3883,23500,27375,16,0,0,layered_block,circular,per_chunk,1,1
3884,23166,27083,16,0,0,layered_block,circular,per_chunk,1,1
3885,24541,28708,16,0,0,layered_block,circular,per_chunk,1,1
3886,24625,28583,16,0,0,layered_block,circular,per_chunk,1,1
3887,22792,26708,16,0,0,layered_block,circular,per_chunk,1,1
3888,23416,27291,16,0,0,layered_block,circular,per_chunk,1,1
3889,23250,27500,16,0,0,layered_block,circular,per_chunk,1,1
3890,23209,27125,16,0,0,layered_block,circular,per_chunk,1,1
3891,23125,27000,16,0,0,layered_block,circular,per_chunk,1,1
3892,23541,27375,16,0,0,layered_block,circular,per_chunk,1,1
3893,23750,27667,16,0,0,layered_block,circular,per_chunk,1,1
3894,23583,27333,16,0,0,layered_block,circular,per_chunk,1,1
3895,23583,27500,16,0,0,layered_block,circular,per_chunk,1,1
3896,23000,26875,16,0,0,layered_block,circular,per_chunk,1,1
3897,23250,27083,16,0,0,layered_block,circular,per_chunk,1,1
3898,25167,29125,16,0,0,layered_block,circular,per_chunk,1,1
3899,24167,28041,16,0,0,layered_block,circular,per_chunk,1,1
3900,22958,26833,16,0,0,layered_block,circular,per_chunk,1,1
3901,23083,26917,16,0,0,layered_block,circular,per_chunk,1,1
3902,23542,27500,16,0,0,layered_block,circular,per_chunk,1,1
3903,23416,27416,16,0,0,layered_block,circular,per_chunk,1,1
3904,22875,26750,16,0,0,layered_block,circular,per_chunk,1,1
3905,23500,27833,16,0,0,layered_block,circular,per_chunk,1,1
3906,22750,26709,16,0,0,layered_block,circular,per_chunk,1,1
3907,24750,28666,16,0,0,layered_block,circular,per_chunk,1,1
3908,23833,27792,16,0,0,layered_block,circular,per_chunk,1,1
3909,23708,27625,16,0,0,layered_block,circular,per_chunk,1,1
3910,23916,27833,16,0,0,layered_block,circular,per_chunk,1,1
3911,23292,106166,16,0,0,layered_block,circular,per_chunk,1,1
3912,31708,35667,16,0,0,layered_block,circular,per_chunk,1,1
3913,23875,27750,16,0,0,layered_block,circular,per_chunk,1,1
3914,23291,27250,16,0,0,layered_block,circular,per_chunk,1,1
3915,30916,34958,16,0,0,layered_block,circular,per_chunk,1,1
3916,23334,27208,16,0,0,layered_block,circular,per_chunk,1,1
3917,23375,27167,16,0,0,layered_block,circular,per_chunk,1,1
3918,23833,27750,16,0,0,layered_block,circular,per_chunk,1,1
3919,22792,26708,16,0,0,layered_block,circular,per_chunk,1,1
3920,24250,28208,16,0,0,layered_block,circular,per_chunk,1,1
3921,23500,27416,16,0,0,layered_block,circular,per_chunk,1,1
3922,24292,28167,16,0,0,layered_block,circular,per_chunk,1,1
3923,22917,26792,16,0,0,layered_block,circular,per_chunk,1,1
3924,23417,27750,16,0,0,layered_block,circular,per_chunk,1,1
3925,23500,27417,16,0,0,layered_block,circular,per_chunk,1,1
3926,23583,27417,16,0,0,layered_block,circular,per_chunk,1,1
3927,23083,26958,16,0,0,layered_block,circular,per_chunk,1,1
3928,23292,27250,16,0,0,layered_block,circular,per_chunk,1,1
3929,23375,27375,16,0,0,layered_block,circular,per_chunk,1,1
3930,24208,28708,16,0,0,layered_block,circular,per_chunk,1,1
3931,23500,27416,16,0,0,layered_block,circular,per_chunk,1,1
3932,24000,27917,16,0,0,layered_block,circular,per_chunk,1,1
3933,22708,26625,16,0,0,layered_block,circular,per_chunk,1,1
3934,24417,28375,16,0,0,layered_block,circular,per_chunk,1,1
3935,23125,27000,16,0,0,layered_block,circular,per_chunk,1,1
3936,23708,27542,16,0,0,layered_block,circular,per_chunk,1,1
3937,24083,28000,16,0,0,layered_block,circular,per_chunk,1,1
3938,23708,27625,16,0,0,layered_block,circular,per_chunk,1,1
3939,23625,27416,16,0,0,layered_block,circular,per_chunk,1,1
3940,23375,27292,16,0,0,layered_block,circular,per_chunk,1,1
3941,23291,27167,16,0,0,layered_block,circular,per_chunk,1,1
3942,23875,27750,16,0,0,layered_block,circular,per_chunk,1,1
3943,24125,28041,16,0,0,layered_block,circular,per_chunk,1,1
3944,24917,28791,16,0,0,layered_block,circular,per_chunk,1,1
3945,23125,27084,16,0,0,layered_block,circular,per_chunk,1,1
3946,23541,27417,16,0,0,layered_block,circular,per_chunk,1,1
3947,23541,27542,16,0,0,layered_block,circular,per_chunk,1,1
3948,23459,27333,16,0,0,layered_block,circular,per_chunk,1,1
3949,22708,26584,16,0,0,layered_block,circular,per_chunk,1,1
3950,23834,27791,16,0,0,layered_block,circular,per_chunk,1,1
3951,23583,27500,16,0,0,layered_block,circular,per_chunk,1,1
3952,23708,27542,16,0,0,layered_block,circular,per_chunk,1,1
3953,25042,29125,16,0,0,layered_block,circular,per_chunk,1,1
3954,23709,27583,16,0,0,layered_block,circular,per_chunk,1,1
3955,23250,27125,16,0,0,layered_block,circular,per_chunk,1,1
3956,23333,27209,16,0,0,layered_block,circular,per_chunk,1,1
3957,23708,27625,16,0,0,layered_block,circular,per_chunk,1,1
3958,22791,26708,16,0,0,layered_block,circular,per_chunk,1,1
3959,23208,27125,16,0,0,layered_block,circular,per_chunk,1,1
3960,31916,35958,16,0,0,layered_block,circular,per_chunk,1,1
3961,23667,27625,16,0,0,layered_block,circular,per_chunk,1,1
3962,24292,28208,16,0,0,layered_block,circular,per_chunk,1,1
3963,29666,33708,16,0,0,layered_block,circular,per_chunk,1,1
3964,24916,28792,16,0,0,layered_block,circular,per_chunk,1,1
3965,23334,27250,16,0,0,layered_block,circular,per_chunk,1,1
3966,23084,26958,16,0,0,layered_block,circular,per_chunk,1,1
3967,23917,28000,16,0,0,layered_block,circular,per_chunk,1,1
3968,23834,27667,16,0,0,layered_block,circular,per_chunk,1,1
3969,23458,27375,16,0,0,layered_block,circular,per_chunk,1,1
3970,23333,27375,16,0,0,layered_block,circular,per_chunk,1,1
3971,30625,34583,16,0,0,layered_block,circular,per_chunk,1,1
3972,23041,26833,16,0,0,layered_block,circular,per_chunk,1,1
3973,23166,27083,16,0,0,layered_block,circular,per_chunk,1,1
3974,23209,27083,16,0,0,layered_block,circular,per_chunk,1,1
3975,22750,26667,16,0,0,layered_block,circular,per_chunk,1,1
3976,23583,27583,16,0,0,layered_block,circular,per_chunk,1,1
3977,23667,27459,16,0,0,layered_block,circular,per_chunk,1,1
3978,23209,27125,16,0,0,layered_block,circular,per_chunk,1,1
3979,23500,27375,16,0,0,layered_block,circular,per_chunk,1,1
3980,23583,27834,16,0,0,layered_block,circular,per_chunk,1,1
3981,23333,27209,16,0,0,layered_block,circular,per_chunk,1,1
3982,23292,27125,16,0,0,layered_block,circular,per_chunk,1,1
3983,23875,27791,16,0,0,layered_block,circular,per_chunk,1,1
3984,23000,26917,16,0,0,layered_block,circular,per_chunk,1,1
3985,23250,27084,16,0,0,layered_block,circular,per_chunk,1,1
3986,22792,27042,16,0,0,layered_block,circular,per_chunk,1,1
3987,22666,26583,16,0,0,layered_block,circular,per_chunk,1,1
3988,22916,26875,16,0,0,layered_block,circular,per_chunk,1,1
3989,24125,28000,16,0,0,layered_block,circular,per_chunk,1,1
3990,23666,28166,16,0,0,layered_block,circular,per_chunk,1,1
3991,23375,27292,16,0,0,layered_block,circular,per_chunk,1,1
3992,23625,27541,16,0,0,layered_block,circular,per_chunk,1,1
3993,24167,28084,16,0,0,layered_block,circular,per_chunk,1,1
3994,23500,27416,16,0,0,layered_block,circular,per_chunk,1,1
3995,23083,26917,16,0,0,layered_block,circular,per_chunk,1,1
3996,24125,28042,16,0,0,layered_block,circular,per_chunk,1,1
3997,30792,34792,16,0,0,layered_block,circular,per_chunk,1,1
3998,22833,26625,16,0,0,layered_block,circular,per_chunk,1,1
3999,23084,26916,16,0,0,layered_block,circular,per_chunk,1,1
4000,23000,26916,16,0,0,layered_block,circular,per_chunk,1,1
4001,23500,27333,16,0,0,layered_block,circular,per_chunk,1,1
4002,23750,27667,16,0,0,layered_block,circular,per_chunk,1,1
4003,23375,27292,16,0,0,layered_block,circular,per_chunk,1,1
4004,23250,27166,16,0,0,layered_block,circular,per_chunk,1,1
4005,23250,27167,16,0,0,layered_block,circular,per_chunk,1,1
4006,23333,27292,16,0,0,layered_block,circular,per_chunk,1,1
4007,23250,27167,16,0,0,layered_block,circular,per_chunk,1,1
4008,23792,27667,16,0,0,layered_block,circular,per_chunk,1,1
4009,24333,28166,16,0,0,layered_block,circular,per_chunk,1,1
4010,32334,36375,16,0,0,layered_block,circular,per_chunk,1,1
4011,23167,27000,16,0,0,layered_block,circular,per_chunk,1,1
4012,23250,27084,16,0,0,layered_block,circular,per_chunk,1,1
4013,31542,35583,16,0,0,layered_block,circular,per_chunk,1,1
4014,23458,27250,16,0,0,layered_block,circular,per_chunk,1,1
4015,23416,27333,16,0,0,layered_block,circular,per_chunk,1,1
4016,23709,28083,16,0,0,layered_block,circular,per_chunk,1,1
4017,23542,27458,16,0,0,layered_block,circular,per_chunk,1,1
4018,23167,26958,16,0,0,layered_block,circular,per_chunk,1,1
4019,23333,27208,16,0,0,layered_block,circular,per_chunk,1,1
4020,23042,26959,16,0,0,layered_block,circular,per_chunk,1,1
4021,23792,27667,16,0,0,layered_block,circular,per_chunk,1,1
4022,23083,27000,16,0,0,layered_block,circular,per_chunk,1,1
4023,23708,27625,16,0,0,layered_block,circular,per_chunk,1,1
4024,22708,26583,16,0,0,layered_block,circular,per_chunk,1,1
4025,22958,26833,16,0,0,layered_block,circular,per_chunk,1,1
4026,22958,26917,16,0,0,layered_block,circular,per_chunk,1,1
4027,23167,27042,16,0,0,layered_block,circular,per_chunk,1,1
4028,23042,26959,16,0,0,layered_block,circular,per_chunk,1,1
4029,23458,27334,16,0,0,layered_block,circular,per_chunk,1,1
4030,30542,34500,16,0,0,layered_block,circular,per_chunk,1,1
4031,23000,26917,16,0,0,layered_block,circular,per_chunk,1,1
4032,23667,27583,16,0,0,layered_block,circular,per_chunk,1,1
4033,23000,33500,16,0,0,layered_block,circular,per_chunk,1,1
4034,23791,27583,16,0,0,layered_block,circular,per_chunk,1,1
4035,23333,27125,16,0,0,layered_block,circular,per_chunk,1,1
4036,23917,27792,16,0,0,layered_block,circular,per_chunk,1,1
4037,23959,27792,16,0,0,layered_block,circular,per_chunk,1,1
4038,24000,27875,16,0,0,layered_block,circular,per_chunk,1,1
4039,24292,28250,16,0,0,layered_block,circular,per_chunk,1,1
4040,23125,27041,16,0,0,layered_block,circular,per_chunk,1,1
4041,23458,27292,16,0,0,layered_block,circular,per_chunk,1,1
4042,23458,27375,16,0,0,layered_block,circular,per_chunk,1,1
4043,23459,27459,16,0,0,layered_block,circular,per_chunk,1,1
4044,23417,27334,16,0,0,layered_block,circular,per_chunk,1,1
4045,23500,27334,16,0,0,layered_block,circular,per_chunk,1,1
4046,23959,27916,16,0,0,layered_block,circular,per_chunk,1,1
4047,23500,27459,16,0,0,layered_block,circular,per_chunk,1,1
4048,23416,27208,16,0,0,layered_block,circular,per_chunk,1,1
4049,24750,28709,16,0,0,layered_block,circular,per_chunk,1,1
4050,23083,33167,16,0,0,layered_block,circular,per_chunk,1,1
4051,23792,27625,16,0,0,layered_block,circular,per_chunk,1,1
4052,23709,27500,16,0,0,layered_block,circular,per_chunk,1,1
4053,24416,28333,16,0,0,layered_block,circular,per_chunk,1,1
4054,23500,27334,16,0,0,layered_block,circular,per_chunk,1,1
4055,23917,27709,16,0,0,layered_block,circular,per_chunk,1,1
4056,23458,27334,16,0,0,layered_block,circular,per_chunk,1,1
4057,22875,26750,16,0,0,layered_block,circular,per_chunk,1,1
4058,22666,26583,16,0,0,layered_block,circular,per_chunk,1,1
4059,23667,27625,16,0,0,layered_block,circular,per_chunk,1,1
4060,22917,26875,16,0,0,layered_block,circular,per_chunk,1,1
4061,23666,27500,16,0,0,layered_block,circular,per_chunk,1,1
4062,24000,27917,16,0,0,layered_block,circular,per_chunk,1,1
4063,23000,33875,16,0,0,layered_block,circular,per_chunk,1,1
4064,22875,26750,16,0,0,layered_block,circular,per_chunk,1,1
4065,23333,27208,16,0,0,layered_block,circular,per_chunk,1,1
4066,29500,33416,16,0,0,layered_block,circular,per_chunk,1,1
4067,23250,27041,16,0,0,layered_block,circular,per_chunk,1,1
4068,23541,27458,16,0,0,layered_block,circular,per_chunk,1,1
4069,23709,27959,16,0,0,layered_block,circular,per_chunk,1,1
4070,23208,27083,16,0,0,layered_block,circular,per_chunk,1,1
4071,22916,26833,16,0,0,layered_block,circular,per_chunk,1,1
4072,23333,27333,16,0,0,layered_block,circular,per_chunk,1,1
4073,23250,27166,16,0,0,layered_block,circular,per_chunk,1,1
4074,23000,26875,16,0,0,layered_block,circular,per_chunk,1,1
4075,24083,28208,16,0,0,layered_block,circular,per_chunk,1,1
4076,23292,27250,16,0,0,layered_block,circular,per_chunk,1,1
4077,23209,27083,16,0,0,layered_block,circular,per_chunk,1,1
4078,23958,27875,16,0,0,layered_block,circular,per_chunk,1,1
4079,23000,26833,16,0,0,layered_block,circular,per_chunk,1,1
4080,23000,26875,16,0,0,layered_block,circular,per_chunk,1,1
4081,23709,27625,16,0,0,layered_block,circular,per_chunk,1,1
4082,31625,35666,16,0,0,layered_block,circular,per_chunk,1,1
4083,22959,26833,16,0,0,layered_block,circular,per_chunk,1,1
4084,24125,28000,16,0,0,layered_block,circular,per_chunk,1,1
4085,32292,36291,16,0,0,layered_block,circular,per_chunk,1,1
4086,24083,27875,16,0,0,layered_block,circular,per_chunk,1,1
4087,25208,29167,16,0,0,layered_block,circular,per_chunk,1,1
4088,23917,27750,16,0,0,layered_block,circular,per_chunk,1,1
4089,22958,26875,16,0,0,layered_block,circular,per_chunk,1,1
4090,24208,28042,16,0,0,layered_block,circular,per_chunk,1,1
4091,23542,27458,16,0,0,layered_block,circular,per_chunk,1,1
4092,23750,27625,16,0,0,layered_block,circular,per_chunk,1,1
4093,22875,26792,16,0,0,layered_block,circular,per_chunk,1,1
4094,23792,27709,16,0,0,layered_block,circular,per_chunk,1,1
4095,23625,27500,16,0,0,layered_block,circular,per_chunk,1,1
4096,23833,27750,16,0,0,layered_block,circular,per_chunk,1,1
4097,23291,27125,16,0,0,layered_block,circular,per_chunk,1,1
4098,23500,27542,16,0,0,layered_block,circular,per_chunk,1,1
4099,22916,26833,16,0,0,layered_block,circular,per_chunk,1,1
4100,25083,29333,16,0,0,layered_block,circular,per_chunk,1,1
4101,23250,27166,16,0,0,layered_block,circular,per_chunk,1,1
4102,32833,36834,16,0,0,layered_block,circular,per_chunk,1,1
4103,24125,27959,16,0,0,layered_block,circular,per_chunk,1,1
4104,24500,28375,16,0,0,layered_block,circular,per_chunk,1,1
4105,22750,26625,16,0,0,layered_block,circular,per_chunk,1,1
4106,24000,27792,16,0,0,layered_block,circular,per_chunk,1,1
4107,23584,27458,16,0,0,layered_block,circular,per_chunk,1,1
4108,23917,28000,16,0,0,layered_block,circular,per_chunk,1,1
4109,22959,26875,16,0,0,layered_block,circular,per_chunk,1,1
4110,23000,26917,16,0,0,layered_block,circular,per_chunk,1,1
4111,23666,27666,16,0,0,layered_block,circular,per_chunk,1,1
4112,23166,27083,16,0,0,layered_block,circular,per_chunk,1,1
4113,23250,27084,16,0,0,layered_block,circular,per_chunk,1,1
4114,22875,26750,16,0,0,layered_block,circular,per_chunk,1,1
4115,30708,34667,16,0,0,layered_block,circular,per_chunk,1,1
4116,22834,26666,16,0,0,layered_block,circular,per_chunk,1,1
4117,22833,26709,16,0,0,layered_block,circular,per_chunk,1,1
4118,23375,27292,16,0,0,layered_block,circular,per_chunk,1,1
4119,22750,26666,16,0,0,layered_block,circular,per_chunk,1,1
4120,23500,27334,16,0,0,layered_block,circular,per_chunk,1,1
4121,23542,27417,16,0,0,layered_block,circular,per_chunk,1,1
4122,23292,27209,16,0,0,layered_block,circular,per_chunk,1,1
4123,22709,26542,16,0,0,layered_block,circular,per_chunk,1,1
4124,23000,27250,16,0,0,layered_block,circular,per_chunk,1,1
4125,22709,26542,16,0,0,layered_block,circular,per_chunk,1,1
4126,22667,26584,16,0,0,layered_block,circular,per_chunk,1,1
4127,23583,27542,16,0,0,layered_block,circular,per_chunk,1,1
4128,30958,35000,16,0,0,layered_block,circular,per_chunk,1,1
4129,23417,27291,16,0,0,layered_block,circular,per_chunk,1,1
4130,22875,26792,16,0,0,layered_block,circular,per_chunk,1,1
4131,23542,27500,16,0,0,layered_block,circular,per_chunk,1,1
4132,23166,27083,16,0,0,layered_block,circular,per_chunk,1,1
4133,24125,28000,16,0,0,layered_block,circular,per_chunk,1,1
4134,24250,28125,16,0,0,layered_block,circular,per_chunk,1,1
4135,24167,28041,16,0,0,layered_block,circular,per_chunk,1,1
4136,22875,26792,16,0,0,layered_block,circular,per_chunk,1,1
4137,31625,35541,16,0,0,layered_block,circular,per_chunk,1,1
4138,22917,26750,16,0,0,layered_block,circular,per_chunk,1,1
4139,24958,29167,16,0,0,layered_block,circular,per_chunk,1,1
4140,23958,27875,16,0,0,layered_block,circular,per_chunk,1,1
4141,22916,26875,16,0,0,layered_block,circular,per_chunk,1,1
4142,23250,27084,16,0,0,layered_block,circular,per_chunk,1,1
4143,23209,27125,16,0,0,layered_block,circular,per_chunk,1,1
4144,22666,26625,16,0,0,layered_block,circular,per_chunk,1,1
4145,22958,26833,16,0,0,layered_block,circular,per_chunk,1,1
4146,23625,27583,16,0,0,layered_block,circular,per_chunk,1,1
4147,22750,26666,16,0,0,layered_block,circular,per_chunk,1,1
4148,22833,26750,16,0,0,layered_block,circular,per_chunk,1,1
4149,23208,27166,16,0,0,layered_block,circular,per_chunk,1,1
4150,22667,26542,16,0,0,layered_block,circular,per_chunk,1,1
4151,22708,26584,16,0,0,layered_block,circular,per_chunk,1,1
4152,30375,34291,16,0,0,layered_block,circular,per_chunk,1,1
4153,23250,27167,16,0,0,layered_block,circular,per_chunk,1,1
4154,23167,27042,16,0,0,layered_block,circular,per_chunk,1,1
4155,23125,27041,16,0,0,layered_block,circular,per_chunk,1,1
4156,23083,27083,16,0,0,layered_block,circular,per_chunk,1,1
4157,23417,27250,16,0,0,layered_block,circular,per_chunk,1,1
4158,23083,27083,16,0,0,layered_block,circular,per_chunk,1,1
4159,23667,27542,16,0,0,layered_block,circular,per_chunk,1,1
4160,23625,27541,16,0,0,layered_block,circular,per_chunk,1,1
4161,22791,26750,16,0,0,layered_block,circular,per_chunk,1,1
4162,23000,26917,16,0,0,layered_block,circular,per_chunk,1,1
4163,23041,26916,16,0,0,layered_block,circular,per_chunk,1,1
4164,24000,28041,16,0,0,layered_block,circular,per_chunk,1,1
4165,23166,27041,16,0,0,layered_block,circular,per_chunk,1,1
4166,23541,27375,16,0,0,layered_block,circular,per_chunk,1,1
4167,23208,27000,16,0,0,layered_block,circular,per_chunk,1,1
4168,23292,27209,16,0,0,layered_block,circular,per_chunk,1,1
4169,23667,27459,16,0,0,layered_block,circular,per_chunk,1,1
4170,23375,27333,16,0,0,layered_block,circular,per_chunk,1,1
4171,22959,26834,16,0,0,layered_block,circular,per_chunk,1,1
4172,23250,27166,16,0,0,layered_block,circular,per_chunk,1,1
4173,23209,27084,16,0,0,layered_block,circular,per_chunk,1,1
4174,32208,36250,16,0,0,layered_block,circular,per_chunk,1,1
4175,23625,27458,16,0,0,layered_block,circular,per_chunk,1,1
4176,23584,27375,16,0,0,layered_block,circular,per_chunk,1,1
4177,23459,27375,16,0,0,layered_block,circular,per_chunk,1,1
4178,22958,26917,16,0,0,layered_block,circular,per_chunk,1,1
4179,23333,27250,16,0,0,layered_block,circular,per_chunk,1,1
4180,23167,27125,16,0,0,layered_block,circular,per_chunk,1,1
4181,23000,26875,16,0,0,layered_block,circular,per_chunk,1,1
4182,22833,26708,16,0,0,layered_block,circular,per_chunk,1,1
4183,30833,34792,16,0,0,layered_block,circular,per_chunk,1,1
4184,23500,27292,16,0,0,layered_block,circular,per_chunk,1,1
4185,24292,28125,16,0,0,layered_block,circular,per_chunk,1,1
4186,23541,27750,16,0,0,layered_block,circular,per_chunk,1,1
4187,22959,26833,16,0,0,layered_block,circular,per_chunk,1,1
4188,23417,27292,16,0,0,layered_block,circular,per_chunk,1,1
4189,32000,35917,16,0,0,layered_block,circular,per_chunk,1,1
4190,23084,26916,16,0,0,layered_block,circular,per_chunk,1,1
4191,23792,27750,16,0,0,layered_block,circular,per_chunk,1,1
4192,24333,28292,16,0,0,layered_block,circular,per_chunk,1,1
4193,24000,27875,16,0,0,layered_block,circular,per_chunk,1,1
4194,22792,26667,16,0,0,layered_block,circular,per_chunk,1,1
4195,23375,27417,16,0,0,layered_block,circular,per_chunk,1,1
4196,23083,26958,16,0,0,layered_block,circular,per_chunk,1,1
4197,23167,27125,16,0,0,layered_block,circular,per_chunk,1,1
4198,23125,27084,16,0,0,layered_block,circular,per_chunk,1,1
4199,29292,33459,16,0,0,layered_block,circular,per_chunk,1,1
4200,23083,26875,16,0,0,layered_block,circular,per_chunk,1,1
4201,23500,27458,16,0,0,layered_block,circular,per_chunk,1,1
4202,22834,26791,16,0,0,layered_block,circular,per_chunk,1,1
4203,22792,26667,16,0,0,layered_block,circular,per_chunk,1,1
4204,23583,27500,16,0,0,layered_block,circular,per_chunk,1,1
4205,23250,27167,16,0,0,layered_block,circular,per_chunk,1,1
4206,23333,27167,16,0,0,layered_block,circular,per_chunk,1,1
4207,23458,27500,16,0,0,layered_block,circular,per_chunk,1,1
4208,23208,27125,16,0,0,layered_block,circular,per_chunk,1,1
4209,22833,26708,16,0,0,layered_block,circular,per_chunk,1,1
4210,23541,27541,16,0,0,layered_block,circular,per_chunk,1,1
4211,22917,26834,16,0,0,layered_block,circular,per_chunk,1,1
4212,22875,26667,16,0,0,layered_block,circular,per_chunk,1,1
4213,22542,26417,16,0,0,layered_block,circular,per_chunk,1,1
4214,23583,27500,16,0,0,layered_block,circular,per_chunk,1,1
4215,23042,26917,16,0,0,layered_block,circular,per_chunk,1,1
4216,23834,28250,16,0,0,layered_block,circular,per_chunk,1,1
4217,22958,26833,16,0,0,layered_block,circular,per_chunk,1,1
4218,24625,28458,16,0,0,layered_block,circular,per_chunk,1,1
4219,23125,27000,16,0,0,layered_block,circular,per_chunk,1,1
4220,22833,26792,16,0,0,layered_block,circular,per_chunk,1,1
4221,23083,26917,16,0,0,layered_block,circular,per_chunk,1,1
4222,22959,27041,16,0,0,layered_block,circular,per_chunk,1,1
4223,22792,26916,16,0,0,layered_block,circular,per_chunk,1,1
4224,22917,26792,16,0,0,layered_block,circular,per_chunk,1,1
4225,23333,27250,16,0,0,layered_block,circular,per_chunk,1,1
4226,30667,34583,16,0,0,layered_block,circular,per_chunk,1,1
4227,22958,26792,16,0,0,layered_block,circular,per_chunk,1,1
4228,22916,26792,16,0,0,layered_block,circular,per_chunk,1,1
4229,23208,27125,16,0,0,layered_block,circular,per_chunk,1,1
4230,22792,26584,16,0,0,layered_block,circular,per_chunk,1,1
4231,23584,27625,16,0,0,layered_block,circular,per_chunk,1,1
4232,23417,27333,16,0,0,layered_block,circular,per_chunk,1,1
4233,23458,27375,16,0,0,layered_block,circular,per_chunk,1,1
4234,22666,26583,16,0,0,layered_block,circular,per_chunk,1,1
4235,23084,34542,16,0,0,layered_block,circular,per_chunk,1,1
4236,22750,26667,16,0,0,layered_block,circular,per_chunk,1,1
4237,23291,27208,16,0,0,layered_block,circular,per_chunk,1,1
4238,24250,28042,16,0,0,layered_block,circular,per_chunk,1,1
4239,23500,27417,16,0,0,layered_block,circular,per_chunk,1,1
4240,22958,26875,16,0,0,layered_block,circular,per_chunk,1,1
4241,23125,27584,16,0,0,layered_block,circular,per_chunk,1,1
4242,23250,27167,16,0,0,layered_block,circular,per_chunk,1,1
4243,23000,26917,16,0,0,layered_block,circular,per_chunk,1,1
4244,30292,34291,16,0,0,layered_block,circular,per_chunk,1,1
4245,22750,26667,16,0,0,layered_block,circular,per_chunk,1,1
4246,22833,26667,16,0,0,layered_block,circular,per_chunk,1,1
4247,23458,27958,16,0,0,layered_block,circular,per_chunk,1,1
4248,23000,26875,16,0,0,layered_block,circular,per_chunk,1,1
4249,23500,27417,16,0,0,layered_block,circular,per_chunk,1,1
4250,31834,35750,16,0,0,layered_block,circular,per_chunk,1,1
4251,24542,28625,16,0,0,layered_block,circular,per_chunk,1,1
4252,23250,27125,16,0,0,layered_block,circular,per_chunk,1,1
4253,23125,27041,16,0,0,layered_block,circular,per_chunk,1,1
4254,22917,26750,16,0,0,layered_block,circular,per_chunk,1,1
4255,22958,26834,16,0,0,layered_block,circular,per_chunk,1,1
4256,22791,26667,16,0,0,layered_block,circular,per_chunk,1,1
4257,22875,26750,16,0,0,layered_block,circular,per_chunk,1,1
4258,22958,26750,16,0,0,layered_block,circular,per_chunk,1,1
4259,23708,27917,16,0,0,layered_block,circular,per_chunk,1,1
4260,23208,27042,16,0,0,layered_block,circular,per_chunk,1,1
4261,23209,27167,16,0,0,layered_block,circular,per_chunk,1,1
4262,22958,26833,16,0,0,layered_block,circular,per_chunk,1,1
4263,22917,26834,16,0,0,layered_block,circular,per_chunk,1,1
4264,29750,33750,16,0,0,layered_block,circular,per_chunk,1,1
4265,24041,27875,16,0,0,layered_block,circular,per_chunk,1,1
4266,23083,27125,16,0,0,layered_block,circular,per_chunk,1,1
4267,28625,32750,16,0,0,layered_block,circular,per_chunk,1,1
4268,22875,26791,16,0,0,layered_block,circular,per_chunk,1,1
4269,23084,27084,16,0,0,layered_block,circular,per_chunk,1,1
4270,22958,26791,16,0,0,layered_block,circular,per_chunk,1,1
4271,22959,26834,16,0,0,layered_block,circular,per_chunk,1,1
4272,23666,27667,16,0,0,layered_block,circular,per_chunk,1,1
4273,22791,26625,16,0,0,layered_block,circular,per_chunk,1,1
4274,23125,27166,16,0,0,layered_block,circular,per_chunk,1,1
4275,23417,27292,16,0,0,layered_block,circular,per_chunk,1,1
4276,22708,26667,16,0,0,layered_block,circular,per_chunk,1,1
4277,22958,26791,16,0,0,layered_block,circular,per_chunk,1,1
4278,23000,26917,16,0,0,layered_block,circular,per_chunk,1,1
4279,22916,26750,16,0,0,layered_block,circular,per_chunk,1,1
4280,22834,26709,16,0,0,layered_block,circular,per_chunk,1,1
4281,22750,26708,16,0,0,layered_block,circular,per_chunk,1,1
4282,23500,33666,16,0,0,layered_block,circular,per_chunk,1,1
4283,22792,26625,16,0,0,layered_block,circular,per_chunk,1,1
4284,23250,27500,16,0,0,layered_block,circular,per_chunk,1,1
4285,24667,28541,16,0,0,layered_block,circular,per_chunk,1,1
4286,22834,26708,16,0,0,layered_block,circular,per_chunk,1,1
4287,23292,27417,16,0,0,layered_block,circular,per_chunk,1,1
4288,22834,26750,16,0,0,layered_block,circular,per_chunk,1,1
4289,23041,26958,16,0,0,layered_block,circular,per_chunk,1,1
4290,30958,34959,16,0,0,layered_block,circular,per_chunk,1,1
4291,22750,26583,16,0,0,layered_block,circular,per_chunk,1,1
4292,23292,27208,16,0,0,layered_block,circular,per_chunk,1,1
4293,23750,27667,16,0,0,layered_block,circular,per_chunk,1,1
4294,23083,26959,16,0,0,layered_block,circular,per_chunk,1,1
4295,22667,26542,16,0,0,layered_block,circular,per_chunk,1,1
4296,30500,34500,16,0,0,layered_block,circular,per_chunk,1,1
4297,22834,26708,16,0,0,layered_block,circular,per_chunk,1,1
4298,23125,27083,16,0,0,layered_block,circular,per_chunk,1,1
4299,23625,27541,16,0,0,layered_block,circular,per_chunk,1,1
4300,22667,26542,16,0,0,layered_block,circular,per_chunk,1,1
4301,23875,27750,16,0,0,layered_block,circular,per_chunk,1,1
4302,28959,32958,16,0,0,layered_block,circular,per_chunk,1,1
4303,23125,26958,16,0,0,layered_block,circular,per_chunk,1,1
4304,23792,27750,16,0,0,layered_block,circular,per_chunk,1,1
4305,32042,35958,16,0,0,layered_block,circular,per_chunk,1,1
4306,22833,26708,16,0,0,layered_block,circular,per_chunk,1,1
4307,22667,26542,16,0,0,layered_block,circular,per_chunk,1,1
4308,23208,27167,16,0,0,layered_block,circular,per_chunk,1,1
4309,23667,27500,16,0,0,layered_block,circular,per_chunk,1,1
4310,23416,27958,16,0,0,layered_block,circular,per_chunk,1,1
4311,22833,26708,16,0,0,layered_block,circular,per_chunk,1,1
4312,23083,26875,16,0,0,layered_block,circular,per_chunk,1,1
4313,23583,27500,16,0,0,layered_block,circular,per_chunk,1,1
4314,23291,27167,16,0,0,layered_block,circular,per_chunk,1,1
4315,23417,27291,16,0,0,layered_block,circular,per_chunk,1,1
4316,23417,27917,16,0,0,layered_block,circular,per_chunk,1,1
4317,23250,27208,16,0,0,layered_block,circular,per_chunk,1,1
4318,22750,26666,16,0,0,layered_block,circular,per_chunk,1,1
4319,23500,27375,16,0,0,layered_block,circular,per_chunk,1,1
4320,23125,27000,16,0,0,layered_block,circular,per_chunk,1,1
4321,23042,26833,16,0,0,layered_block,circular,per_chunk,1,1
4322,23375,27333,16,0,0,layered_block,circular,per_chunk,1,1
4323,22667,26584,16,0,0,layered_block,circular,per_chunk,1,1
4324,22792,26708,16,0,0,layered_block,circular,per_chunk,1,1
4325,24042,27917,16,0,0,layered_block,circular,per_chunk,1,1
4326,23459,27375,16,0,0,layered_block,circular,per_chunk,1,1
4327,23125,26959,16,0,0,layered_block,circular,per_chunk,1,1
4328,22875,26959,16,0,0,layered_block,circular,per_chunk,1,1
4329,22917,26750,16,0,0,layered_block,circular,per_chunk,1,1
4330,23000,26917,16,0,0,layered_block,circular,per_chunk,1,1
4331,23042,26959,16,0,0,layered_block,circular,per_chunk,1,1
4332,23708,27583,16,0,0,layered_block,circular,per_chunk,1,1
4333,23000,26875,16,0,0,layered_block,circular,per_chunk,1,1
4334,23209,27583,16,0,0,layered_block,circular,per_chunk,1,1
4335,23125,27042,16,0,0,layered_block,circular,per_chunk,1,1
4336,22875,26791,16,0,0,layered_block,circular,per_chunk,1,1
4337,30583,34625,16,0,0,layered_block,circular,per_chunk,1,1
4338,23208,27000,16,0,0,layered_block,circular,per_chunk,1,1
4339,23042,26875,16,0,0,layered_block,circular,per_chunk,1,1
4340,23333,27250,16,0,0,layered_block,circular,per_chunk,1,1
4341,23042,26875,16,0,0,layered_block,circular,per_chunk,1,1
4342,22958,26875,16,0,0,layered_block,circular,per_chunk,1,1
4343,23333,33334,16,0,0,layered_block,circular,per_chunk,1,1
4344,22916,26708,16,0,0,layered_block,circular,per_chunk,1,1
4345,23875,28125,16,0,0,layered_block,circular,per_chunk,1,1
4346,23167,27125,16,0,0,layered_block,circular,per_chunk,1,1
4347,23167,27084,16,0,0,layered_block,circular,per_chunk,1,1
4348,23291,27208,16,0,0,layered_block,circular,per_chunk,1,1
4349,23000,26875,16,0,0,layered_block,circular,per_chunk,1,1
4350,22834,26709,16,0,0,layered_block,circular,per_chunk,1,1
4351,23583,27709,16,0,0,layered_block,circular,per_chunk,1,1
4352,31542,35500,16,0,0,layered_block,circular,per_chunk,1,1
4353,23000,26834,16,0,0,layered_block,circular,per_chunk,1,1
4354,23833,27917,16,0,0,layered_block,circular,per_chunk,1,1
4355,23041,26875,16,0,0,layered_block,circular,per_chunk,1,1
4356,23042,26917,16,0,0,layered_block,circular,per_chunk,1,1
4357,23042,26958,16,0,0,layered_block,circular,per_chunk,1,1
4358,23250,27166,16,0,0,layered_block,circular,per_chunk,1,1
4359,24250,28125,16,0,0,layered_block,circular,per_chunk,1,1
4360,23208,27041,16,0,0,layered_block,circular,per_chunk,1,1
4361,23334,27291,16,0,0,layered_block,circular,per_chunk,1,1
4362,23250,27167,16,0,0,layered_block,circular,per_chunk,1,1
4363,23250,27750,16,0,0,layered_block,circular,per_chunk,1,1
4364,23000,26875,16,0,0,layered_block,circular,per_chunk,1,1
4365,24041,27875,16,0,0,layered_block,circular,per_chunk,1,1
4366,23208,27125,16,0,0,layered_block,circular,per_chunk,1,1
4367,23291,27167,16,0,0,layered_block,circular,per_chunk,1,1
4368,23042,26875,16,0,0,layered_block,circular,per_chunk,1,1
4369,23250,27250,16,0,0,layered_block,circular,per_chunk,1,1
4370,22750,26667,16,0,0,layered_block,circular,per_chunk,1,1
4371,23250,27167,16,0,0,layered_block,circular,per_chunk,1,1
4372,23667,27417,16,0,0,layered_block,circular,per_chunk,1,1
4373,23125,27083,16,0,0,layered_block,circular,per_chunk,1,1
4374,22875,26750,16,0,0,layered_block,circular,per_chunk,1,1
4375,23166,27208,16,0,0,layered_block,circular,per_chunk,1,1
4376,22875,26833,16,0,0,layered_block,circular,per_chunk,1,1
4377,22792,26709,16,0,0,layered_block,circular,per_chunk,1,1
4378,24083,28000,16,0,0,layered_block,circular,per_chunk,1,1
4379,23042,26916,16,0,0,layered_block,circular,per_chunk,1,1
4380,23000,26916,16,0,0,layered_block,circular,per_chunk,1,1
4381,23417,27333,16,0,0,layered_block,circular,per_chunk,1,1
4382,22750,26625,16,0,0,layered_block,circular,per_chunk,1,1
4383,22917,26791,16,0,0,layered_block,circular,per_chunk,1,1
4384,22833,26708,16,0,0,layered_block,circular,per_chunk,1,1
4385,23458,27292,16,0,0,layered_block,circular,per_chunk,1,1
4386,23209,27041,16,0,0,layered_block,circular,per_chunk,1,1
4387,30875,34875,16,0,0,layered_block,circular,per_chunk,1,1
4388,22750,26584,16,0,0,layered_block,circular,per_chunk,1,1
4389,23292,27250,16,0,0,layered_block,circular,per_chunk,1,1
4390,22667,26583,16,0,0,layered_block,circular,per_chunk,1,1
4391,23083,26959,16,0,0,layered_block,circular,per_chunk,1,1
4392,24416,28333,16,0,0,layered_block,circular,per_chunk,1,1
4393,22916,27209,16,0,0,layered_block,circular,per_chunk,1,1
4394,22833,26625,16,0,0,layered_block,circular,per_chunk,1,1
4395,23875,27959,16,0,0,layered_block,circular,per_chunk,1,1
4396,23584,27500,16,0,0,layered_block,circular,per_chunk,1,1
4397,22750,26667,16,0,0,layered_block,circular,per_chunk,1,1
4398,24333,28500,16,0,0,layered_block,circular,per_chunk,1,1
4399,31167,35084,16,0,0,layered_block,circular,per_chunk,1,1
4400,23125,26958,16,0,0,layered_block,circular,per_chunk,1,1
4401,23750,27625,16,0,0,layered_block,circular,per_chunk,1,1
4402,23000,26916,16,0,0,layered_block,circular,per_chunk,1,1
4403,22916,26750,16,0,0,layered_block,circular,per_chunk,1,1
4404,23333,27250,16,0,0,layered_block,circular,per_chunk,1,1
4405,23125,26958,16,0,0,layered_block,circular,per_chunk,1,1
4406,23042,26834,16,0,0,layered_block,circular,per_chunk,1,1
4407,23167,27417,16,0,0,layered_block,circular,per_chunk,1,1
4408,22833,26750,16,0,0,layered_block,circular,per_chunk,1,1
4409,22750,26583,16,0,0,layered_block,circular,per_chunk,1,1
4410,23209,27166,16,0,0,layered_block,circular,per_chunk,1,1
4411,23167,27000,16,0,0,layered_block,circular,per_chunk,1,1
4412,23458,27333,16,0,0,layered_block,circular,per_chunk,1,1
4413,23416,27333,16,0,0,layered_block,circular,per_chunk,1,1
4414,22916,26750,16,0,0,layered_block,circular,per_chunk,1,1
4415,23042,26916,16,0,0,layered_block,circular,per_chunk,1,1
4416,22917,26750,16,0,0,layered_block,circular,per_chunk,1,1
4417,23500,27416,16,0,0,layered_block,circular,per_chunk,1,1
4418,25167,29042,16,0,0,layered_block,circular,per_chunk,1,1
4419,30750,34708,16,0,0,layered_block,circular,per_chunk,1,1
4420,22792,26625,16,0,0,layered_block,circular,per_chunk,1,1
4421,23292,27209,16,0,0,layered_block,circular,per_chunk,1,1
4422,22708,26584,16,0,0,layered_block,circular,per_chunk,1,1
4423,22834,26666,16,0,0,layered_block,circular,per_chunk,1,1
4424,23334,27250,16,0,0,layered_block,circular,per_chunk,1,1
4425,23375,27167,16,0,0,layered_block,circular,per_chunk,1,1
4426,24000,27833,16,0,0,layered_block,circular,per_chunk,1,1
4427,22833,26792,16,0,0,layered_block,circular,per_chunk,1,1
4428,23333,33250,16,0,0,layered_block,circular,per_chunk,1,1
4429,23500,27334,16,0,0,layered_block,circular,per_chunk,1,1
4430,23166,27042,16,0,0,layered_block,circular,per_chunk,1,1
4431,22917,26834,16,0,0,layered_block,circular,per_chunk,1,1
4432,22833,26709,16,0,0,layered_block,circular,per_chunk,1,1
4433,23542,27583,16,0,0,layered_block,circular,per_chunk,1,1
4434,22958,26792,16,0,0,layered_block,circular,per_chunk,1,1
4435,23084,27000,16,0,0,layered_block,circular,per_chunk,1,1
4436,30458,34458,16,0,0,layered_block,circular,per_chunk,1,1
4437,23375,27209,16,0,0,layered_block,circular,per_chunk,1,1
4438,24791,28708,16,0,0,layered_block,circular,per_chunk,1,1
4439,24083,28000,16,0,0,layered_block,circular,per_chunk,1,1
4440,22791,26625,16,0,0,layered_block,circular,per_chunk,1,1
4441,23667,27541,16,0,0,layered_block,circular,per_chunk,1,1
4442,23042,26958,16,0,0,layered_block,circular,per_chunk,1,1
4443,22959,26791,16,0,0,layered_block,circular,per_chunk,1,1
4444,23250,27125,16,0,0,layered_block,circular,per_chunk,1,1
4445,32708,36625,16,0,0,layered_block,circular,per_chunk,1,1
4446,23583,27459,16,0,0,layered_block,circular,per_chunk,1,1
4447,23167,27083,16,0,0,layered_block,circular,per_chunk,1,1
4448,22791,26708,16,0,0,layered_block,circular,per_chunk,1,1
4449,22875,26792,16,0,0,layered_block,circular,per_chunk,1,1
4450,23167,27667,16,0,0,layered_block,circular,per_chunk,1,1
4451,22833,26750,16,0,0,layered_block,circular,per_chunk,1,1
4452,23500,27375,16,0,0,layered_block,circular,per_chunk,1,1
4453,23333,27583,16,0,0,layered_block,circular,per_chunk,1,1
4454,23292,27208,16,0,0,layered_block,circular,per_chunk,1,1
4455,22750,26625,16,0,0,layered_block,circular,per_chunk,1,1
4456,23375,27333,16,0,0,layered_block,circular,per_chunk,1,1
4457,22792,26750,16,0,0,layered_block,circular,per_chunk,1,1
4458,24750,28833,16,0,0,layered_block,circular,per_chunk,1,1
4459,23708,27583,16,0,0,layered_block,circular,per_chunk,1,1
4460,23000,26916,16,0,0,layered_block,circular,per_chunk,1,1
4461,23250,27125,16,0,0,layered_block,circular,per_chunk,1,1
4462,23709,27709,16,0,0,layered_block,circular,per_chunk,1,1
4463,22792,26709,16,0,0,layered_block,circular,per_chunk,1,1
4464,22708,26583,16,0,0,layered_block,circular,per_chunk,1,1
4465,23500,27375,16,0,0,layered_block,circular,per_chunk,1,1
4466,23042,26959,16,0,0,layered_block,circular,per_chunk,1,1
4467,23083,27208,16,0,0,layered_block,circular,per_chunk,1,1
4468,31125,35125,16,0,0,layered_block,circular,per_chunk,1,1
4469,23000,26834,16,0,0,layered_block,circular,per_chunk,1,1
4470,23583,27667,16,0,0,layered_block,circular,per_chunk,1,1
4471,22750,26666,16,0,0,layered_block,circular,per_chunk,1,1
4472,23584,27458,16,0,0,layered_block,circular,per_chunk,1,1
4473,22875,26708,16,0,0,layered_block,circular,per_chunk,1,1
4474,22916,26875,16,0,0,layered_block,circular,per_chunk,1,1
4475,23000,26875,16,0,0,layered_block,circular,per_chunk,1,1
4476,23250,27209,16,0,0,layered_block,circular,per_chunk,1,1
4477,23417,27459,16,0,0,layered_block,circular,per_chunk,1,1
4478,24459,28333,16,0,0,layered_block,circular,per_chunk,1,1
4479,23708,27542,16,0,0,layered_block,circular,per_chunk,1,1
4480,23292,27125,16,0,0,layered_block,circular,per_chunk,1,1
4481,22958,26834,16,0,0,layered_block,circular,per_chunk,1,1
4482,23458,27834,16,0,0,layered_block,circular,per_chunk,1,1
4483,24167,28000,16,0,0,layered_block,circular,per_chunk,1,1
4484,23250,27166,16,0,0,layered_block,circular,per_chunk,1,1
4485,24333,28167,16,0,0,layered_block,circular,per_chunk,1,1
4486,22958,26833,16,0,0,layered_block,circular,per_chunk,1,1
4487,23292,27209,16,0,0,layered_block,circular,per_chunk,1,1
4488,24292,28792,16,0,0,layered_block,circular,per_chunk,1,1
4489,22959,26875,16,0,0,layered_block,circular,per_chunk,1,1
4490,23125,27000,16,0,0,layered_block,circular,per_chunk,1,1
4491,23958,34750,16,0,0,layered_block,circular,per_chunk,1,1
4492,24375,28292,16,0,0,layered_block,circular,per_chunk,1,1
4493,22875,26708,16,0,0,layered_block,circular,per_chunk,1,1
4494,24125,28083,16,0,0,layered_block,circular,per_chunk,1,1
4495,22917,26792,16,0,0,layered_block,circular,per_chunk,1,1
4496,22916,26833,16,0,0,layered_block,circular,per_chunk,1,1
4497,30375,34250,16,0,0,layered_block,circular,per_chunk,1,1
4498,24792,28625,16,0,0,layered_block,circular,per_chunk,1,1
4499,23000,26916,16,0,0,layered_block,circular,per_chunk,1,1
4500,23792,27667,16,0,0,layered_block,circular,per_chunk,1,1
4501,23416,27291,16,0,0,layered_block,circular,per_chunk,1,1
4502,23083,27000,16,0,0,layered_block,circular,per_chunk,1,1
4503,31625,35583,16,0,0,layered_block,circular,per_chunk,1,1
4504,23084,26916,16,0,0,layered_block,circular,per_chunk,1,1
4505,23375,27209,16,0,0,layered_block,circular,per_chunk,1,1
4506,30125,34041,16,0,0,layered_block,circular,per_chunk,1,1
4507,23375,27250,16,0,0,layered_block,circular,per_chunk,1,1
4508,23208,27084,16,0,0,layered_block,circular,per_chunk,1,1
4509,22667,26583,16,0,0,layered_block,circular,per_chunk,1,1
4510,22708,26583,16,0,0,layered_block,circular,per_chunk,1,1
4511,23333,27542,16,0,0,layered_block,circular,per_chunk,1,1
4512,23375,27250,16,0,0,layered_block,circular,per_chunk,1,1
4513,23916,27833,16,0,0,layered_block,circular,per_chunk,1,1
4514,23250,27167,16,0,0,layered_block,circular,per_chunk,1,1
4515,23166,27042,16,0,0,layered_block,circular,per_chunk,1,1
4516,23291,27125,16,0,0,layered_block,circular,per_chunk,1,1
4517,23583,27500,16,0,0,layered_block,circular,per_chunk,1,1
4518,23959,28083,16,0,0,layered_block,circular,per_chunk,1,1
4519,23208,27125,16,0,0,layered_block,circular,per_chunk,1,1
4520,30292,34250,16,0,0,layered_block,circular,per_chunk,1,1
4521,22833,26750,16,0,0,layered_block,circular,per_chunk,1,1
4522,23208,27083,16,0,0,layered_block,circular,per_chunk,1,1
4523,23084,26958,16,0,0,layered_block,circular,per_chunk,1,1
4524,22583,26459,16,0,0,layered_block,circular,per_chunk,1,1
4525,23208,27084,16,0,0,layered_block,circular,per_chunk,1,1
4526,30458,34417,16,0,0,layered_block,circular,per_chunk,1,1
4527,22959,26791,16,0,0,layered_block,circular,per_chunk,1,1
4528,23250,27125,16,0,0,layered_block,circular,per_chunk,1,1
4529,22708,26625,16,0,0,layered_block,circular,per_chunk,1,1
4530,22750,26666,16,0,0,layered_block,circular,per_chunk,1,1
4531,23458,27375,16,0,0,layered_block,circular,per_chunk,1,1
4532,23291,27125,16,0,0,layered_block,circular,per_chunk,1,1
4533,22875,26708,16,0,0,layered_block,circular,per_chunk,1,1
4534,23625,27625,16,0,0,layered_block,circular,per_chunk,1,1
4535,22959,26875,16,0,0,layered_block,circular,per_chunk,1,1
4536,23167,27083,16,0,0,layered_block,circular,per_chunk,1,1
4537,23250,27209,16,0,0,layered_block,circular,per_chunk,1,1
4538,24875,28709,16,0,0,layered_block,circular,per_chunk,1,1
4539,23167,27084,16,0,0,layered_block,circular,per_chunk,1,1
4540,23458,27333,16,0,0,layered_block,circular,per_chunk,1,1
4541,22750,26667,16,0,0,layered_block,circular,per_chunk,1,1
4542,22750,26583,16,0,0,layered_block,circular,per_chunk,1,1
4543,23708,33584,16,0,0,layered_block,circular,per_chunk,1,1
4544,22750,26666,16,0,0,layered_block,circular,per_chunk,1,1
4545,23916,27875,16,0,0,layered_block,circular,per_chunk,1,1
4546,23375,27292,16,0,0,layered_block,circular,per_chunk,1,1
4547,22875,26792,16,0,0,layered_block,circular,per_chunk,1,1
4548,22750,26667,16,0,0,layered_block,circular,per_chunk,1,1
4549,30208,34125,16,0,0,layered_block,circular,per_chunk,1,1
4550,22791,26625,16,0,0,layered_block,circular,per_chunk,1,1
4551,23375,27417,16,0,0,layered_block,circular,per_chunk,1,1
4552,23959,28459,16,0,0,layered_block,circular,per_chunk,1,1
4553,22833,26750,16,0,0,layered_block,circular,per_chunk,1,1
4554,23125,27000,16,0,0,layered_block,circular,per_chunk,1,1
4555,29167,33042,16,0,0,layered_block,circular,per_chunk,1,1
4556,22875,26792,16,0,0,layered_block,circular,per_chunk,1,1
4557,23417,27917,16,0,0,layered_block,circular,per_chunk,1,1
4558,31625,35667,16,0,0,layered_block,circular,per_chunk,1,1
4559,23333,27250,16,0,0,layered_block,circular,per_chunk,1,1
4560,23000,26875,16,0,0,layered_block,circular,per_chunk,1,1
4561,30875,34834,16,0,0,layered_block,circular,per_chunk,1,1
4562,22875,26667,16,0,0,layered_block,circular,per_chunk,1,1
4563,23500,27459,16,0,0,layered_block,circular,per_chunk,1,1
4564,23000,26959,16,0,0,layered_block,circular,per_chunk,1,1
4565,22667,26583,16,0,0,layered_block,circular,per_chunk,1,1
4566,23416,27416,16,0,0,layered_block,circular,per_chunk,1,1
4567,23125,26958,16,0,0,layered_block,circular,per_chunk,1,1
4568,23000,26916,16,0,0,layered_block,circular,per_chunk,1,1
4569,23333,33625,16,0,0,layered_block,circular,per_chunk,1,1
4570,23000,26958,16,0,0,layered_block,circular,per_chunk,1,1
4571,22834,26750,16,0,0,layered_block,circular,per_chunk,1,1
4572,23916,27834,16,0,0,layered_block,circular,per_chunk,1,1
4573,23167,27083,16,0,0,layered_block,circular,per_chunk,1,1
4574,22833,26750,16,0,0,layered_block,circular,per_chunk,1,1
4575,22750,26625,16,0,0,layered_block,circular,per_chunk,1,1
4576,22750,26583,16,0,0,layered_block,circular,per_chunk,1,1
4577,23125,27167,16,0,0,layered_block,circular,per_chunk,1,1
4578,24334,28250,16,0,0,layered_block,circular,per_chunk,1,1
4579,22917,26750,16,0,0,layered_block,circular,per_chunk,1,1
4580,22916,26958,16,0,0,layered_block,circular,per_chunk,1,1
4581,22958,26875,16,0,0,layered_block,circular,per_chunk,1,1
4582,22875,26792,16,0,0,layered_block,circular,per_chunk,1,1
4583,23333,27250,16,0,0,layered_block,circular,per_chunk,1,1
4584,22875,26708,16,0,0,layered_block,circular,per_chunk,1,1
4585,23500,27333,16,0,0,layered_block,circular,per_chunk,1,1
4586,23209,27625,16,0,0,layered_block,circular,per_chunk,1,1
4587,22833,26667,16,0,0,layered_block,circular,per_chunk,1,1
4588,23667,27583,16,0,0,layered_block,circular,per_chunk,1,1
4589,24583,28958,16,0,0,layered_block,circular,per_chunk,1,1
4590,23083,26959,16,0,0,layered_block,circular,per_chunk,1,1
4591,23041,27000,16,0,0,layered_block,circular,per_chunk,1,1
4592,23833,27750,16,0,0,layered_block,circular,per_chunk,1,1
4593,22917,26833,16,0,0,layered_block,circular,per_chunk,1,1
4594,22959,26875,16,0,0,layered_block,circular,per_chunk,1,1
4595,23250,27709,16,0,0,layered_block,circular,per_chunk,1,1
4596,23167,27042,16,0,0,layered_block,circular,per_chunk,1,1
4597,22667,26541,16,0,0,layered_block,circular,per_chunk,1,1
4598,23708,27792,16,0,0,layered_block,circular,per_chunk,1,1
4599,23750,27625,16,0,0,layered_block,circular,per_chunk,1,1
4600,23583,27500,16,0,0,layered_block,circular,per_chunk,1,1
4601,23667,27625,16,0,0,layered_block,circular,per_chunk,1,1
4602,22916,26792,16,0,0,layered_block,circular,per_chunk,1,1
4603,23334,27250,16,0,0,layered_block,circular,per_chunk,1,1
4604,30625,34625,16,0,0,layered_block,circular,per_chunk,1,1
4605,23417,27250,16,0,0,layered_block,circular,per_chunk,1,1
4606,22958,26875,16,0,0,layered_block,circular,per_chunk,1,1
4607,22833,26708,16,0,0,layered_block,circular,per_chunk,1,1
4608,24125,27958,16,0,0,layered_block,circular,per_chunk,1,1
4609,23667,27667,16,0,0,layered_block,circular,per_chunk,1,1
4610,22666,26583,16,0,0,layered_block,circular,per_chunk,1,1
4611,22959,26875,16,0,0,layered_block,circular,per_chunk,1,1
4612,23333,27292,16,0,0,layered_block,circular,per_chunk,1,1
4613,23000,26916,16,0,0,layered_block,circular,per_chunk,1,1
4614,23084,27041,16,0,0,layered_block,circular,per_chunk,1,1
4615,23375,27541,16,0,0,layered_block,circular,per_chunk,1,1
4616,22958,26875,16,0,0,layered_block,circular,per_chunk,1,1
4617,23000,26958,16,0,0,layered_block,circular,per_chunk,1,1
4618,24459,28334,16,0,0,layered_block,circular,per_chunk,1,1
4619,22875,26750,16,0,0,layered_block,circular,per_chunk,1,1
4620,23125,27000,16,0,0,layered_block,circular,per_chunk,1,1
4621,30958,34958,16,0,0,layered_block,circular,per_chunk,1,1
4622,22875,26708,16,0,0,layered_block,circular,per_chunk,1,1
4623,23291,27291,16,0,0,layered_block,circular,per_chunk,1,1
4624,23000,26916,16,0,0,layered_block,circular,per_chunk,1,1
4625,23042,26875,16,0,0,layered_block,circular,per_chunk,1,1
4626,23084,26958,16,0,0,layered_block,circular,per_chunk,1,1
4627,23417,27500,16,0,0,layered_block,circular,per_chunk,1,1
4628,23583,27417,16,0,0,layered_block,circular,per_chunk,1,1
4629,22750,26583,16,0,0,layered_block,circular,per_chunk,1,1
4630,23250,27125,16,0,0,layered_block,circular,per_chunk,1,1
4631,23458,27375,16,0,0,layered_block,circular,per_chunk,1,1
4632,23459,27375,16,0,0,layered_block,circular,per_chunk,1,1
4633,31584,35583,16,0,0,layered_block,circular,per_chunk,1,1
4634,22916,26708,16,0,0,layered_block,circular,per_chunk,1,1
4635,23375,27291,16,0,0,layered_block,circular,per_chunk,1,1
4636,23000,26875,16,0,0,layered_block,circular,per_chunk,1,1
4637,23875,27750,16,0,0,layered_block,circular,per_chunk,1,1
4638,23834,27958,16,0,0,layered_block,circular,per_chunk,1,1
4639,30417,34417,16,0,0,layered_block,circular,per_chunk,1,1
4640,23417,27250,16,0,0,layered_block,circular,per_chunk,1,1
4641,23666,27583,16,0,0,layered_block,circular,per_chunk,1,1
4642,23125,27042,16,0,0,layered_block,circular,per_chunk,1,1
4643,22791,26583,16,0,0,layered_block,circular,per_chunk,1,1
4644,23167,27625,16,0,0,layered_block,circular,per_chunk,1,1
4645,23625,27417,16,0,0,layered_block,circular,per_chunk,1,1
4646,23166,27042,16,0,0,layered_block,circular,per_chunk,1,1
4647,23583,27667,16,0,0,layered_block,circular,per_chunk,1,1
4648,23208,27084,16,0,0,layered_block,circular,per_chunk,1,1
4649,23000,26958,16,0,0,layered_block,circular,per_chunk,1,1
4650,23083,26958,16,0,0,layered_block,circular,per_chunk,1,1
4651,22833,26667,16,0,0,layered_block,circular,per_chunk,1,1
4652,23541,27417,16,0,0,layered_block,circular,per_chunk,1,1
4653,23417,27417,16,0,0,layered_block,circular,per_chunk,1,1
4654,22709,26542,16,0,0,layered_block,circular,per_chunk,1,1
4655,23083,26959,16,0,0,layered_block,circular,per_chunk,1,1
4656,30209,34208,16,0,0,layered_block,circular,per_chunk,1,1
4657,23209,27000,16,0,0,layered_block,circular,per_chunk,1,1
4658,24042,27875,16,0,0,layered_block,circular,per_chunk,1,1
4659,23500,27959,16,0,0,layered_block,circular,per_chunk,1,1
4660,23583,27459,16,0,0,layered_block,circular,per_chunk,1,1
4661,23166,27000,16,0,0,layered_block,circular,per_chunk,1,1
4662,23375,27250,16,0,0,layered_block,circular,per_chunk,1,1
4663,22792,26667,16,0,0,layered_block,circular,per_chunk,1,1
4664,23292,27167,16,0,0,layered_block,circular,per_chunk,1,1
4665,23625,27625,16,0,0,layered_block,circular,per_chunk,1,1
4666,22834,26708,16,0,0,layered_block,circular,per_chunk,1,1
4667,23042,26959,16,0,0,layered_block,circular,per_chunk,1,1
4668,22959,27417,16,0,0,layered_block,circular,per_chunk,1,1
4669,23042,26917,16,0,0,layered_block,circular,per_chunk,1,1
4670,22833,26708,16,0,0,layered_block,circular,per_chunk,1,1
4671,23250,27250,16,0,0,layered_block,circular,per_chunk,1,1
4672,23208,27083,16,0,0,layered_block,circular,per_chunk,1,1
4673,23000,26875,16,0,0,layered_block,circular,per_chunk,1,1
4674,31125,35084,16,0,0,layered_block,circular,per_chunk,1,1
4675,22875,26708,16,0,0,layered_block,circular,per_chunk,1,1
4676,23125,27042,16,0,0,layered_block,circular,per_chunk,1,1
4677,22958,26875,16,0,0,layered_block,circular,per_chunk,1,1
4678,22833,26625,16,0,0,layered_block,circular,per_chunk,1,1
4679,23125,27084,16,0,0,layered_block,circular,per_chunk,1,1
4680,22833,26708,16,0,0,layered_block,circular,per_chunk,1,1
4681,23167,26959,16,0,0,layered_block,circular,per_chunk,1,1
4682,23709,27583,16,0,0,layered_block,circular,per_chunk,1,1
4683,23041,26917,16,0,0,layered_block,circular,per_chunk,1,1
4684,23042,26958,16,0,0,layered_block,circular,per_chunk,1,1
4685,23667,28125,16,0,0,layered_block,circular,per_chunk,1,1
4686,23042,26916,16,0,0,layered_block,circular,per_chunk,1,1
4687,22792,26625,16,0,0,layered_block,circular,per_chunk,1,1
4688,31375,35291,16,0,0,layered_block,circular,per_chunk,1,1
4689,23333,27125,16,0,0,layered_block,circular,per_chunk,1,1
4690,24667,28625,16,0,0,layered_block,circular,per_chunk,1,1
4691,22917,26833,16,0,0,layered_block,circular,per_chunk,1,1
4692,22958,26833,16,0,0,layered_block,circular,per_chunk,1,1
4693,23333,27250,16,0,0,layered_block,circular,per_chunk,1,1
4694,31375,35375,16,0,0,layered_block,circular,per_chunk,1,1
4695,23292,27125,16,0,0,layered_block,circular,per_chunk,1,1
4696,23292,27250,16,0,0,layered_block,circular,per_chunk,1,1
4697,23041,26875,16,0,0,layered_block,circular,per_chunk,1,1
4698,23583,27459,16,0,0,layered_block,circular,per_chunk,1,1
4699,23583,27458,16,0,0,layered_block,circular,per_chunk,1,1
4700,32500,36416,16,0,0,layered_block,circular,per_chunk,1,1
4701,22833,26667,16,0,0,layered_block,circular,per_chunk,1,1
4702,23333,27250,16,0,0,layered_block,circular,per_chunk,1,1
4703,22875,26750,16,0,0,layered_block,circular,per_chunk,1,1
4704,23750,27667,16,0,0,layered_block,circular,per_chunk,1,1
4705,23333,27583,16,0,0,layered_block,circular,per_chunk,1,1
4706,23000,26916,16,0,0,layered_block,circular,per_chunk,1,1
4707,23167,27041,16,0,0,layered_block,circular,per_chunk,1,1
4708,23667,28125,16,0,0,layered_block,circular,per_chunk,1,1
4709,22875,26750,16,0,0,layered_block,circular,per_chunk,1,1
4710,22834,26791,16,0,0,layered_block,circular,per_chunk,1,1
4711,30625,34583,16,0,0,layered_block,circular,per_chunk,1,1
4712,23041,26875,16,0,0,layered_block,circular,per_chunk,1,1
4713,22833,26625,16,0,0,layered_block,circular,per_chunk,1,1
4714,30667,34666,16,0,0,layered_block,circular,per_chunk,1,1
4715,23459,27250,16,0,0,layered_block,circular,per_chunk,1,1
4716,23292,27209,16,0,0,layered_block,circular,per_chunk,1,1
4717,22917,26833,16,0,0,layered_block,circular,per_chunk,1,1
4718,23375,27250,16,0,0,layered_block,circular,per_chunk,1,1
4719,23250,27125,16,0,0,layered_block,circular,per_chunk,1,1
4720,23625,27459,16,0,0,layered_block,circular,per_chunk,1,1
4721,22959,26792,16,0,0,layered_block,circular,per_chunk,1,1
4722,23291,27167,16,0,0,layered_block,circular,per_chunk,1,1
4723,22833,26709,16,0,0,layered_block,circular,per_chunk,1,1
4724,23000,26958,16,0,0,layered_block,circular,per_chunk,1,1
4725,24042,27875,16,0,0,layered_block,circular,per_chunk,1,1
4726,22750,26625,16,0,0,layered_block,circular,per_chunk,1,1
4727,22916,26792,16,0,0,layered_block,circular,per_chunk,1,1
4728,31291,35291,16,0,0,layered_block,circular,per_chunk,1,1
4729,23167,27000,16,0,0,layered_block,circular,per_chunk,1,1
4730,24333,28416,16,0,0,layered_block,circular,per_chunk,1,1
4731,23042,26959,16,0,0,layered_block,circular,per_chunk,1,1
4732,23208,27125,16,0,0,layered_block,circular,per_chunk,1,1
4733,23167,27000,16,0,0,layered_block,circular,per_chunk,1,1
4734,23208,27125,16,0,0,layered_block,circular,per_chunk,1,1
4735,23084,27084,16,0,0,layered_block,circular,per_chunk,1,1
4736,23500,27459,16,0,0,layered_block,circular,per_chunk,1,1
4737,22958,26875,16,0,0,layered_block,circular,per_chunk,1,1
4738,23750,27625,16,0,0,layered_block,circular,per_chunk,1,1
4739,23417,27333,16,0,0,layered_block,circular,per_chunk,1,1
4740,22833,26750,16,0,0,layered_block,circular,per_chunk,1,1
4741,23042,26916,16,0,0,layered_block,circular,per_chunk,1,1
4742,23375,27458,16,0,0,layered_block,circular,per_chunk,1,1
4743,22791,26750,16,0,0,layered_block,circular,per_chunk,1,1
4744,22750,26667,16,0,0,layered_block,circular,per_chunk,1,1
4745,23542,27458,16,0,0,layered_block,circular,per_chunk,1,1
4746,22750,26667,16,0,0,layered_block,circular,per_chunk,1,1
4747,22750,26625,16,0,0,layered_block,circular,per_chunk,1,1
4748,23250,27250,16,0,0,layered_block,circular,per_chunk,1,1
4749,23416,27250,16,0,0,layered_block,circular,per_chunk,1,1
4750,22875,26792,16,0,0,layered_block,circular,per_chunk,1,1
4751,22833,26708,16,0,0,layered_block,circular,per_chunk,1,1
4752,23458,27375,16,0,0,layered_block,circular,per_chunk,1,1
4753,23083,26959,16,0,0,layered_block,circular,per_chunk,1,1
4754,23292,27125,16,0,0,layered_block,circular,per_chunk,1,1
4755,22750,26708,16,0,0,layered_block,circular,per_chunk,1,1
4756,23125,27166,16,0,0,layered_block,circular,per_chunk,1,1
4757,23125,27042,16,0,0,layered_block,circular,per_chunk,1,1
4758,115667,120041,16,0,0,layered_block,circular,per_chunk,1,1
4759,23291,27166,16,0,0,layered_block,circular,per_chunk,1,1
4760,22750,26625,16,0,0,layered_block,circular,per_chunk,1,1
4761,22792,26667,16,0,0,layered_block,circular,per_chunk,1,1
4762,22958,26917,16,0,0,layered_block,circular,per_chunk,1,1
4763,22958,26875,16,0,0,layered_block,circular,per_chunk,1,1
4764,22833,26667,16,0,0,layered_block,circular,per_chunk,1,1
4765,23917,27792,16,0,0,layered_block,circular,per_chunk,1,1
4766,23041,26917,16,0,0,layered_block,circular,per_chunk,1,1
4767,22875,26792,16,0,0,layered_block,circular,per_chunk,1,1
4768,23667,27584,16,0,0,layered_block,circular,per_chunk,1,1
4769,23334,27209,16,0,0,layered_block,circular,per_chunk,1,1
4770,23041,27000,16,0,0,layered_block,circular,per_chunk,1,1
4771,23167,27042,16,0,0,layered_block,circular,per_chunk,1,1
4772,23042,26959,16,0,0,layered_block,circular,per_chunk,1,1
4773,22917,26750,16,0,0,layered_block,circular,per_chunk,1,1
4774,23166,27083,16,0,0,layered_block,circular,per_chunk,1,1
4775,22792,26750,16,0,0,layered_block,circular,per_chunk,1,1
4776,23875,27791,16,0,0,layered_block,circular,per_chunk,1,1
4777,22708,26584,16,0,0,layered_block,circular,per_chunk,1,1
4778,78542,82917,16,0,0,layered_block,circular,per_chunk,1,1
4779,23541,27458,16,0,0,layered_block,circular,per_chunk,1,1
4780,23584,27500,16,0,0,layered_block,circular,per_chunk,1,1
4781,23125,27000,16,0,0,layered_block,circular,per_chunk,1,1
4782,23500,27458,16,0,0,layered_block,circular,per_chunk,1,1
4783,23083,26959,16,0,0,layered_block,circular,per_chunk,1,1
4784,23417,27250,16,0,0,layered_block,circular,per_chunk,1,1
4785,23834,27666,16,0,0,layered_block,circular,per_chunk,1,1
4786,23250,27125,16,0,0,layered_block,circular,per_chunk,1,1
4787,22750,26625,16,0,0,layered_block,circular,per_chunk,1,1
4788,31292,35250,16,0,0,layered_block,circular,per_chunk,1,1
4789,22834,26666,16,0,0,layered_block,circular,per_chunk,1,1
4790,23833,27833,16,0,0,layered_block,circular,per_chunk,1,1
4791,23209,27125,16,0,0,layered_block,circular,per_chunk,1,1
4792,23958,27834,16,0,0,layered_block,circular,per_chunk,1,1
4793,22833,26709,16,0,0,layered_block,circular,per_chunk,1,1
4794,23458,34292,16,0,0,layered_block,circular,per_chunk,1,1
4795,22833,26625,16,0,0,layered_block,circular,per_chunk,1,1
4796,22958,27375,16,0,0,layered_block,circular,per_chunk,1,1
4797,23041,26875,16,0,0,layered_block,circular,per_chunk,1,1
4798,23750,27542,16,0,0,layered_block,circular,per_chunk,1,1
4799,23083,27083,16,0,0,layered_block,circular,per_chunk,1,1
4800,22792,26750,16,0,0,layered_block,circular,per_chunk,1,1
4801,22875,26750,16,0,0,layered_block,circular,per_chunk,1,1
4802,23084,27125,16,0,0,layered_block,circular,per_chunk,1,1
4803,23042,26917,16,0,0,layered_block,circular,per_chunk,1,1
4804,23209,27042,16,0,0,layered_block,circular,per_chunk,1,1
4805,23542,27459,16,0,0,layered_block,circular,per_chunk,1,1
4806,22958,26875,16,0,0,layered_block,circular,per_chunk,1,1
4807,22875,26750,16,0,0,layered_block,circular,per_chunk,1,1
4808,30708,34709,16,0,0,layered_block,circular,per_chunk,1,1
4809,22875,26667,16,0,0,layered_block,circular,per_chunk,1,1
4810,23125,27125,16,0,0,layered_block,circular,per_chunk,1,1
4811,23042,26917,16,0,0,layered_block,circular,per_chunk,1,1
4812,23084,26875,16,0,0,layered_block,circular,per_chunk,1,1
4813,23542,27458,16,0,0,layered_block,circular,per_chunk,1,1
4814,23000,26834,16,0,0,layered_block,circular,per_chunk,1,1
4815,23000,26917,16,0,0,layered_block,circular,per_chunk,1,1
4816,23208,27208,16,0,0,layered_block,circular,per_chunk,1,1
4817,23042,26916,16,0,0,layered_block,circular,per_chunk,1,1
4818,22792,26709,16,0,0,layered_block,circular,per_chunk,1,1
4819,24333,28250,16,0,0,layered_block,circular,per_chunk,1,1
4820,23375,27208,16,0,0,layered_block,circular,per_chunk,1,1
4821,23000,26833,16,0,0,layered_block,circular,per_chunk,1,1
4822,23500,27542,16,0,0,layered_block,circular,per_chunk,1,1
4823,22667,26584,16,0,0,layered_block,circular,per_chunk,1,1
4824,23000,26875,16,0,0,layered_block,circular,per_chunk,1,1
4825,23709,27667,16,0,0,layered_block,circular,per_chunk,1,1
4826,22750,26666,16,0,0,layered_block,circular,per_chunk,1,1
4827,23042,26833,16,0,0,layered_block,circular,per_chunk,1,1
4828,23333,27125,16,0,0,layered_block,circular,per_chunk,1,1
4829,22750,26625,16,0,0,layered_block,circular,per_chunk,1,1
4830,23042,26792,16,0,0,layered_block,circular,per_chunk,1,1
4831,22833,26708,16,0,0,layered_block,circular,per_chunk,1,1
4832,23083,26875,16,0,0,layered_block,circular,per_chunk,1,1
4833,24917,28709,16,0,0,layered_block,circular,per_chunk,1,1
4834,23625,27500,16,0,0,layered_block,circular,per_chunk,1,1
4835,23000,26875,16,0,0,layered_block,circular,per_chunk,1,1
4836,23250,27084,16,0,0,layered_block,circular,per_chunk,1,1
4837,30458,34375,16,0,0,layered_block,circular,per_chunk,1,1
4838,96833,101833,16,0,0,layered_block,circular,per_chunk,1,1
4839,23167,27000,16,0,0,layered_block,circular,per_chunk,1,1
4840,23541,27541,16,0,0,layered_block,circular,per_chunk,1,1
4841,23500,27333,16,0,0,layered_block,circular,per_chunk,1,1
4842,22916,26750,16,0,0,layered_block,circular,per_chunk,1,1
4843,29167,33125,16,0,0,layered_block,circular,per_chunk,1,1
4844,23083,26833,16,0,0,layered_block,circular,per_chunk,1,1
4845,23334,27209,16,0,0,layered_block,circular,per_chunk,1,1
4846,30083,34000,16,0,0,layered_block,circular,per_chunk,1,1
4847,22958,26750,16,0,0,layered_block,circular,per_chunk,1,1
4848,23000,27042,16,0,0,layered_block,circular,per_chunk,1,1
4849,22792,26625,16,0,0,layered_block,circular,per_chunk,1,1
4850,22834,26625,16,0,0,layered_block,circular,per_chunk,1,1
4851,24333,28291,16,0,0,layered_block,circular,per_chunk,1,1
4852,23958,27875,16,0,0,layered_block,circular,per_chunk,1,1
4853,23042,26917,16,0,0,layered_block,circular,per_chunk,1,1
4854,23208,27167,16,0,0,layered_block,circular,per_chunk,1,1
4855,23250,27166,16,0,0,layered_block,circular,per_chunk,1,1
4856,23250,27084,16,0,0,layered_block,circular,per_chunk,1,1
4857,23291,27125,16,0,0,layered_block,circular,per_chunk,1,1
4858,22959,26834,16,0,0,layered_block,circular,per_chunk,1,1
4859,22917,26708,16,0,0,layered_block,circular,per_chunk,1,1
4860,23375,27291,16,0,0,layered_block,circular,per_chunk,1,1
4861,22708,26625,16,0,0,layered_block,circular,per_chunk,1,1
4862,23958,28333,16,0,0,layered_block,circular,per_chunk,1,1
4863,22916,26834,16,0,0,layered_block,circular,per_chunk,1,1
4864,22792,26584,16,0,0,layered_block,circular,per_chunk,1,1
4865,24959,28791,16,0,0,layered_block,circular,per_chunk,1,1
4866,22708,26583,16,0,0,layered_block,circular,per_chunk,1,1
4867,22958,26792,16,0,0,layered_block,circular,per_chunk,1,1
4868,24875,28791,16,0,0,layered_block,circular,per_chunk,1,1
4869,23291,27083,16,0,0,layered_block,circular,per_chunk,1,1
4870,23458,27292,16,0,0,layered_block,circular,per_chunk,1,1
4871,22833,26625,16,0,0,layered_block,circular,per_chunk,1,1
4872,23916,27750,16,0,0,layered_block,circular,per_chunk,1,1
4873,23792,27667,16,0,0,layered_block,circular,per_chunk,1,1
4874,30541,34458,16,0,0,layered_block,circular,per_chunk,1,1
4875,23041,26875,16,0,0,layered_block,circular,per_chunk,1,1
4876,23500,27458,16,0,0,layered_block,circular,per_chunk,1,1
4877,22916,26791,16,0,0,layered_block,circular,per_chunk,1,1
4878,22792,26667,16,0,0,layered_block,circular,per_chunk,1,1
4879,24292,28125,16,0,0,layered_block,circular,per_chunk,1,1
4880,23417,27292,16,0,0,layered_block,circular,per_chunk,1,1
4881,23042,26834,16,0,0,layered_block,circular,per_chunk,1,1
4882,24000,34625,16,0,0,layered_block,circular,per_chunk,1,1
4883,22750,26583,16,0,0,layered_block,circular,per_chunk,1,1
4884,23416,27292,16,0,0,layered_block,circular,per_chunk,1,1
4885,24375,28334,16,0,0,layered_block,circular,per_chunk,1,1
4886,23000,26875,16,0,0,layered_block,circular,per_chunk,1,1
4887,23292,27125,16,0,0,layered_block,circular,per_chunk,1,1
4888,30334,34209,16,0,0,layered_block,circular,per_chunk,1,1
4889,22875,26625,16,0,0,layered_block,circular,per_chunk,1,1
4890,23625,27583,16,0,0,layered_block,circular,per_chunk,1,1
4891,22875,26750,16,0,0,layered_block,circular,per_chunk,1,1
4892,23708,27500,16,0,0,layered_block,circular,per_chunk,1,1
4893,23250,27208,16,0,0,layered_block,circular,per_chunk,1,1
4894,22959,26792,16,0,0,layered_block,circular,per_chunk,1,1
4895,22750,26584,16,0,0,layered_block,circular,per_chunk,1,1
4896,23375,27208,16,0,0,layered_block,circular,per_chunk,1,1
4897,23291,27125,16,0,0,layered_block,circular,per_chunk,1,1
4898,22750,26625,16,0,0,layered_block,circular,per_chunk,1,1
4899,24000,28125,16,0,0,layered_block,circular,per_chunk,1,1
4900,22708,26625,16,0,0,layered_block,circular,per_chunk,1,1
4901,22750,26541,16,0,0,layered_block,circular,per_chunk,1,1
4902,22917,26750,16,0,0,layered_block,circular,per_chunk,1,1
4903,22917,26750,16,0,0,layered_block,circular,per_chunk,1,1
4904,23042,26917,16,0,0,layered_block,circular,per_chunk,1,1
4905,23042,26916,16,0,0,layered_block,circular,per_chunk,1,1
4906,22625,26500,16,0,0,layered_block,circular,per_chunk,1,1
4907,23333,27292,16,0,0,layered_block,circular,per_chunk,1,1
4908,22834,26666,16,0,0,layered_block,circular,per_chunk,1,1
4909,22750,26625,16,0,0,layered_block,circular,per_chunk,1,1
4910,29917,33792,16,0,0,layered_block,circular,per_chunk,1,1
4911,23209,27041,16,0,0,layered_block,circular,per_chunk,1,1
4912,23792,27917,16,0,0,layered_block,circular,per_chunk,1,1
4913,32083,36041,16,0,0,layered_block,circular,per_chunk,1,1
4914,23417,27291,16,0,0,layered_block,circular,per_chunk,1,1
4915,23000,26917,16,0,0,layered_block,circular,per_chunk,1,1
4916,22792,26708,16,0,0,layered_block,circular,per_chunk,1,1
4917,23667,27500,16,0,0,layered_block,circular,per_chunk,1,1
4918,23375,27292,16,0,0,layered_block,circular,per_chunk,1,1
4919,23042,26833,16,0,0,layered_block,circular,per_chunk,1,1
4920,129791,134125,16,0,0,layered_block,circular,per_chunk,1,1
4921,23916,27792,16,0,0,layered_block,circular,per_chunk,1,1
4922,23417,27292,16,0,0,layered_block,circular,per_chunk,1,1
4923,23958,27792,16,0,0,layered_block,circular,per_chunk,1,1
4924,23042,26875,16,0,0,layered_block,circular,per_chunk,1,1
4925,23334,27084,16,0,0,layered_block,circular,per_chunk,1,1
4926,23458,27375,16,0,0,layered_block,circular,per_chunk,1,1
4927,23167,33333,16,0,0,layered_block,circular,per_chunk,1,1
4928,23208,26958,16,0,0,layered_block,circular,per_chunk,1,1
4929,23042,26958,16,0,0,layered_block,circular,per_chunk,1,1
4930,22709,26500,16,0,0,layered_block,circular,per_chunk,1,1
4931,22708,26792,16,0,0,layered_block,circular,per_chunk,1,1
4932,23084,26958,16,0,0,layered_block,circular,per_chunk,1,1
4933,23292,27167,16,0,0,layered_block,circular,per_chunk,1,1
4934,23125,26875,16,0,0,layered_block,circular,per_chunk,1,1
4935,23209,27084,16,0,0,layered_block,circular,per_chunk,1,1
4936,22833,26708,16,0,0,layered_block,circular,per_chunk,1,1
4937,23000,26791,16,0,0,layered_block,circular,per_chunk,1,1
4938,23625,27541,16,0,0,layered_block,circular,per_chunk,1,1
4939,22750,26584,16,0,0,layered_block,circular,per_chunk,1,1
4940,23292,27166,16,0,0,layered_block,circular,per_chunk,1,1
4941,23000,27459,16,0,0,layered_block,circular,per_chunk,1,1
4942,22833,26708,16,0,0,layered_block,circular,per_chunk,1,1
4943,22750,26584,16,0,0,layered_block,circular,per_chunk,1,1
4944,23541,27416,16,0,0,layered_block,circular,per_chunk,1,1
4945,23334,27209,16,0,0,layered_block,circular,per_chunk,1,1
4946,22916,26708,16,0,0,layered_block,circular,per_chunk,1,1
4947,23208,33084,16,0,0,layered_block,circular,per_chunk,1,1
4948,23042,26875,16,0,0,layered_block,circular,per_chunk,1,1
4949,23583,27500,16,0,0,layered_block,circular,per_chunk,1,1
4950,23292,27250,16,0,0,layered_block,circular,per_chunk,1,1
4951,23792,27666,16,0,0,layered_block,circular,per_chunk,1,1
4952,23250,27083,16,0,0,layered_block,circular,per_chunk,1,1
4953,23292,27084,16,0,0,layered_block,circular,per_chunk,1,1
4954,22750,26583,16,0,0,layered_block,circular,per_chunk,1,1
4955,24000,27916,16,0,0,layered_block,circular,per_chunk,1,1
4956,22916,26750,16,0,0,layered_block,circular,per_chunk,1,1
4957,22750,26625,16,0,0,layered_block,circular,per_chunk,1,1
4958,23666,27458,16,0,0,layered_block,circular,per_chunk,1,1
4959,23000,26916,16,0,0,layered_block,circular,per_chunk,1,1
4960,23333,27167,16,0,0,layered_block,circular,per_chunk,1,1
4961,30917,34792,16,0,0,layered_block,circular,per_chunk,1,1
4962,23250,27000,16,0,0,layered_block,circular,per_chunk,1,1
4963,23459,27375,16,0,0,layered_block,circular,per_chunk,1,1
4964,22750,26625,16,0,0,layered_block,circular,per_chunk,1,1
4965,23875,27666,16,0,0,layered_block,circular,per_chunk,1,1
4966,23458,27292,16,0,0,layered_block,circular,per_chunk,1,1
4967,24000,27917,16,0,0,layered_block,circular,per_chunk,1,1
4968,23667,27458,16,0,0,layered_block,circular,per_chunk,1,1
4969,23125,27000,16,0,0,layered_block,circular,per_chunk,1,1
4970,23167,27000,16,0,0,layered_block,circular,per_chunk,1,1
4971,24834,28666,16,0,0,layered_block,circular,per_chunk,1,1
4972,23583,27500,16,0,0,layered_block,circular,per_chunk,1,1
4973,22791,26708,16,0,0,layered_block,circular,per_chunk,1,1
4974,23250,27041,16,0,0,layered_block,circular,per_chunk,1,1
4975,22792,26666,16,0,0,layered_block,circular,per_chunk,1,1
4976,23459,27291,16,0,0,layered_block,circular,per_chunk,1,1
4977,23291,27333,16,0,0,layered_block,circular,per_chunk,1,1
4978,31292,35083,16,0,0,layered_block,circular,per_chunk,1,1
4979,23000,26875,16,0,0,layered_block,circular,per_chunk,1,1
4980,23292,27084,16,0,0,layered_block,circular,per_chunk,1,1
4981,22959,26792,16,0,0,layered_block,circular,per_chunk,1,1
4982,23709,27542,16,0,0,layered_block,circular,per_chunk,1,1
4983,23250,27167,16,0,0,layered_block,circular,per_chunk,1,1
4984,23000,26875,16,0,0,layered_block,circular,per_chunk,1,1
4985,23167,27000,16,0,0,layered_block,circular,per_chunk,1,1
4986,23375,27334,16,0,0,layered_block,circular,per_chunk,1,1
4987,22666,26583,16,0,0,layered_block,circular,per_chunk,1,1
4988,23916,27750,16,0,0,layered_block,circular,per_chunk,1,1
4989,23208,27167,16,0,0,layered_block,circular,per_chunk,1,1
4990,22709,26583,16,0,0,layered_block,circular,per_chunk,1,1
4991,24000,28083,16,0,0,layered_block,circular,per_chunk,1,1
4992,23125,26958,16,0,0,layered_block,circular,per_chunk,1,1
4993,22750,26625,16,0,0,layered_block,circular,per_chunk,1,1
4994,22833,26666,16,0,0,layered_block,circular,per_chunk,1,1
4995,29666,33625,16,0,0,layered_block,circular,per_chunk,1,1
4996,23291,27167,16,0,0,layered_block,circular,per_chunk,1,1
4997,23208,27167,16,0,0,layered_block,circular,per_chunk,1,1
4998,23042,26958,16,0,0,layered_block,circular,per_chunk,1,1
4999,23041,26875,16,0,0,layered_block,circular,per_chunk,1,1
5000,23167,27042,16,0,0,layered_block,circular,per_chunk,1,1
5001,22791,26667,16,0,0,layered_block,circular,per_chunk,1,1
5002,22750,26542,16,0,0,layered_block,circular,per_chunk,1,1
5003,23916,27875,16,0,0,layered_block,circular,per_chunk,1,1
5004,22750,26584,16,0,0,layered_block,circular,per_chunk,1,1
5005,23000,26792,16,0,0,layered_block,circular,per_chunk,1,1
5006,23375,27209,16,0,0,layered_block,circular,per_chunk,1,1
5007,22708,26541,16,0,0,layered_block,circular,per_chunk,1,1
5008,22750,26542,16,0,0,layered_block,circular,per_chunk,1,1
5009,22708,26584,16,0,0,layered_block,circular,per_chunk,1,1
5010,23292,27083,16,0,0,layered_block,circular,per_chunk,1,1
5011,23833,27875,16,0,0,layered_block,circular,per_chunk,1,1
5012,30708,34625,16,0,0,layered_block,circular,per_chunk,1,1
5013,22833,26667,16,0,0,layered_block,circular,per_chunk,1,1
5014,23459,27333,16,0,0,layered_block,circular,per_chunk,1,1
5015,23125,26959,16,0,0,layered_block,circular,per_chunk,1,1
5016,23000,26833,16,0,0,layered_block,circular,per_chunk,1,1
5017,23000,27416,16,0,0,layered_block,circular,per_chunk,1,1
5018,23708,34000,16,0,0,layered_block,circular,per_chunk,1,1
5019,23292,27084,16,0,0,layered_block,circular,per_chunk,1,1
5020,22875,27084,16,0,0,layered_block,circular,per_chunk,1,1
5021,23333,27209,16,0,0,layered_block,circular,per_chunk,1,1
5022,23167,26917,16,0,0,layered_block,circular,per_chunk,1,1
5023,23166,27458,16,0,0,layered_block,circular,per_chunk,1,1
5024,22750,26625,16,0,0,layered_block,circular,per_chunk,1,1
5025,23584,27416,16,0,0,layered_block,circular,per_chunk,1,1
5026,23834,27666,16,0,0,layered_block,circular,per_chunk,1,1
5027,22833,26625,16,0,0,layered_block,circular,per_chunk,1,1
5028,23500,27333,16,0,0,layered_block,circular,per_chunk,1,1
5029,30500,34458,16,0,0,layered_block,circular,per_chunk,1,1
5030,23000,26750,16,0,0,layered_block,circular,per_chunk,1,1
5031,23459,27416,16,0,0,layered_block,circular,per_chunk,1,1
5032,23042,27708,16,0,0,layered_block,circular,per_chunk,1,1
5033,23125,27000,16,0,0,layered_block,circular,per_chunk,1,1
5034,22875,26708,16,0,0,layered_block,circular,per_chunk,1,1
5035,23083,26958,16,0,0,layered_block,circular,per_chunk,1,1
5036,22875,26708,16,0,0,layered_block,circular,per_chunk,1,1
5037,24333,28292,16,0,0,layered_block,circular,per_chunk,1,1
5038,22958,26750,16,0,0,layered_block,circular,per_chunk,1,1
5039,23125,26916,16,0,0,layered_block,circular,per_chunk,1,1
5040,23250,27125,16,0,0,layered_block,circular,per_chunk,1,1
5041,22833,26750,16,0,0,layered_block,circular,per_chunk,1,1
5042,22875,26625,16,0,0,layered_block,circular,per_chunk,1,1
5043,23000,27333,16,0,0,layered_block,circular,per_chunk,1,1
5044,22750,26625,16,0,0,layered_block,circular,per_chunk,1,1
5045,23084,26958,16,0,0,layered_block,circular,per_chunk,1,1
5046,23667,27667,16,0,0,layered_block,circular,per_chunk,1,1
5047,23042,26958,16,0,0,layered_block,circular,per_chunk,1,1
5048,22833,26625,16,0,0,layered_block,circular,per_chunk,1,1
5049,31125,35084,16,0,0,layered_block,circular,per_chunk,1,1
5050,22792,26583,16,0,0,layered_block,circular,per_chunk,1,1
5051,23250,27166,16,0,0,layered_block,circular,per_chunk,1,1
5052,31125,35041,16,0,0,layered_block,circular,per_chunk,1,1
5053,23542,27417,16,0,0,layered_block,circular,per_chunk,1,1
5054,22750,26583,16,0,0,layered_block,circular,per_chunk,1,1
5055,23083,27250,16,0,0,layered_block,circular,per_chunk,1,1
5056,22833,26625,16,0,0,layered_block,circular,per_chunk,1,1
5057,23083,27291,16,0,0,layered_block,circular,per_chunk,1,1
5058,24875,28791,16,0,0,layered_block,circular,per_chunk,1,1
5059,23667,27500,16,0,0,layered_block,circular,per_chunk,1,1
5060,23292,27167,16,0,0,layered_block,circular,per_chunk,1,1
5061,23000,26875,16,0,0,layered_block,circular,per_chunk,1,1
5062,22750,26541,16,0,0,layered_block,circular,per_chunk,1,1
5063,22833,26667,16,0,0,layered_block,circular,per_chunk,1,1
5064,23250,27125,16,0,0,layered_block,circular,per_chunk,1,1
5065,23292,27125,16,0,0,layered_block,circular,per_chunk,1,1
5066,23375,27291,16,0,0,layered_block,circular,per_chunk,1,1
5067,23000,26791,16,0,0,layered_block,circular,per_chunk,1,1
5068,22917,26791,16,0,0,layered_block,circular,per_chunk,1,1
5069,23250,27125,16,0,0,layered_block,circular,per_chunk,1,1
5070,22791,26583,16,0,0,layered_block,circular,per_chunk,1,1
5071,23167,27125,16,0,0,layered_block,circular,per_chunk,1,1
5072,23041,26958,16,0,0,layered_block,circular,per_chunk,1,1
5073,23416,27250,16,0,0,layered_block,circular,per_chunk,1,1
5074,23333,27750,16,0,0,layered_block,circular,per_chunk,1,1
5075,23334,27167,16,0,0,layered_block,circular,per_chunk,1,1
5076,23125,26917,16,0,0,layered_block,circular,per_chunk,1,1
5077,23209,27084,16,0,0,layered_block,circular,per_chunk,1,1
5078,82292,86292,16,0,0,layered_block,circular,per_chunk,1,1
5079,22709,26500,16,0,0,layered_block,circular,per_chunk,1,1
5080,31167,35166,16,0,0,layered_block,circular,per_chunk,1,1
5081,22833,26667,16,0,0,layered_block,circular,per_chunk,1,1
5082,23166,27083,16,0,0,layered_block,circular,per_chunk,1,1
5083,22959,26875,16,0,0,layered_block,circular,per_chunk,1,1
5084,22917,26750,16,0,0,layered_block,circular,per_chunk,1,1
5085,23625,27541,16,0,0,layered_block,circular,per_chunk,1,1
5086,22708,26583,16,0,0,layered_block,circular,per_chunk,1,1
5087,23000,26833,16,0,0,layered_block,circular,per_chunk,1,1
5088,30291,34208,16,0,0,layered_block,circular,per_chunk,1,1
5089,22833,26583,16,0,0,layered_block,circular,per_chunk,1,1
5090,22958,26959,16,0,0,layered_block,circular,per_chunk,1,1
5091,23000,26792,16,0,0,layered_block,circular,per_chunk,1,1
5092,22792,26625,16,0,0,layered_block,circular,per_chunk,1,1
5093,23125,27291,16,0,0,layered_block,circular,per_chunk,1,1
5094,22917,26833,16,0,0,layered_block,circular,per_chunk,1,1
5095,22917,26750,16,0,0,layered_block,circular,per_chunk,1,1
5096,29834,33750,16,0,0,layered_block,circular,per_chunk,1,1
5097,22792,26709,16,0,0,layered_block,circular,per_chunk,1,1
5098,23167,27083,16,0,0,layered_block,circular,per_chunk,1,1
5099,30792,34667,16,0,0,layered_block,circular,per_chunk,1,1
5100,22792,26542,16,0,0,layered_block,circular,per_chunk,1,1
5101,22917,27125,16,0,0,layered_block,circular,per_chunk,1,1
5102,23000,26875,16,0,0,layered_block,circular,per_chunk,1,1
5103,23291,27125,16,0,0,layered_block,circular,per_chunk,1,1
5104,23166,27000,16,0,0,layered_block,circular,per_chunk,1,1
5105,24292,28083,16,0,0,layered_block,circular,per_chunk,1,1
5106,22792,26583,16,0,0,layered_block,circular,per_chunk,1,1
5107,23292,27250,16,0,0,layered_block,circular,per_chunk,1,1
5108,22834,26667,16,0,0,layered_block,circular,per_chunk,1,1
5109,23000,26833,16,0,0,layered_block,circular,per_chunk,1,1
5110,30375,34292,16,0,0,layered_block,circular,per_chunk,1,1
5111,22833,26625,16,0,0,layered_block,circular,per_chunk,1,1
5112,23000,26791,16,0,0,layered_block,circular,per_chunk,1,1
5113,22833,27250,16,0,0,layered_block,circular,per_chunk,1,1
5114,22833,26709,16,0,0,layered_block,circular,per_chunk,1,1
5115,22833,26667,16,0,0,layered_block,circular,per_chunk,1,1
5116,22750,26583,16,0,0,layered_block,circular,per_chunk,1,1
5117,23083,26833,16,0,0,layered_block,circular,per_chunk,1,1
5118,23041,26959,16,0,0,layered_block,circular,per_chunk,1,1
5119,24042,27959,16,0,0,layered_block,circular,per_chunk,1,1
5120,23542,27375,16,0,0,layered_block,circular,per_chunk,1,1
5121,23041,26875,16,0,0,layered_block,circular,per_chunk,1,1
5122,23292,27125,16,0,0,layered_block,circular,per_chunk,1,1
5123,23125,26958,16,0,0,layered_block,circular,per_chunk,1,1
5124,23459,27333,16,0,0,layered_block,circular,per_chunk,1,1
5125,82125,86292,16,0,0,layered_block,circular,per_chunk,1,1
5126,23500,27375,16,0,0,layered_block,circular,per_chunk,1,1
5127,23458,27458,16,0,0,layered_block,circular,per_chunk,1,1
5128,22750,26625,16,0,0,layered_block,circular,per_chunk,1,1
5129,22750,26625,16,0,0,layered_block,circular,per_chunk,1,1
5130,32166,36041,16,0,0,layered_block,circular,per_chunk,1,1
5131,23083,26917,16,0,0,layered_block,circular,per_chunk,1,1
5132,22917,26750,16,0,0,layered_block,circular,per_chunk,1,1
5133,30792,34709,16,0,0,layered_block,circular,per_chunk,1,1
5134,23125,26916,16,0,0,layered_block,circular,per_chunk,1,1
5135,23375,27667,16,0,0,layered_block,circular,per_chunk,1,1
5136,23417,27291,16,0,0,layered_block,circular,per_chunk,1,1
5137,23000,26833,16,0,0,layered_block,circular,per_chunk,1,1
5138,23625,27459,16,0,0,layered_block,circular,per_chunk,1,1
5139,23333,27208,16,0,0,layered_block,circular,per_chunk,1,1
5140,22875,26625,16,0,0,layered_block,circular,per_chunk,1,1
5141,22875,27292,16,0,0,layered_block,circular,per_chunk,1,1
5142,23000,26834,16,0,0,layered_block,circular,per_chunk,1,1
5143,23792,27625,16,0,0,layered_block,circular,per_chunk,1,1
5144,24084,28084,16,0,0,layered_block,circular,per_chunk,1,1
5145,22917,26750,16,0,0,layered_block,circular,per_chunk,1,1
5146,23625,27417,16,0,0,layered_block,circular,per_chunk,1,1
5147,24042,27875,16,0,0,layered_block,circular,per_chunk,1,1
5148,23542,27375,16,0,0,layered_block,circular,per_chunk,1,1
5149,23500,27292,16,0,0,layered_block,circular,per_chunk,1,1
5150,29000,32958,16,0,0,layered_block,circular,per_chunk,1,1
5151,22792,26584,16,0,0,layered_block,circular,per_chunk,1,1
5152,23416,27292,16,0,0,layered_block,circular,per_chunk,1,1
5153,23833,27708,16,0,0,layered_block,circular,per_chunk,1,1
5154,22792,26625,16,0,0,layered_block,circular,per_chunk,1,1
5155,22959,26834,16,0,0,layered_block,circular,per_chunk,1,1
5156,23042,26875,16,0,0,layered_block,circular,per_chunk,1,1
5157,23000,26834,16,0,0,layered_block,circular,per_chunk,1,1
5158,22792,26625,16,0,0,layered_block,circular,per_chunk,1,1
5159,24792,28750,16,0,0,layered_block,circular,per_chunk,1,1
5160,23417,27292,16,0,0,layered_block,circular,per_chunk,1,1
5161,23500,27292,16,0,0,layered_block,circular,per_chunk,1,1
5162,31208,35167,16,0,0,layered_block,circular,per_chunk,1,1
5163,23375,27166,16,0,0,layered_block,circular,per_chunk,1,1
5164,23708,27708,16,0,0,layered_block,circular,per_chunk,1,1
5165,23541,27375,16,0,0,layered_block,circular,per_chunk,1,1
5166,23958,27792,16,0,0,layered_block,circular,per_chunk,1,1
5167,23167,27167,16,0,0,layered_block,circular,per_chunk,1,1
5168,22834,26625,16,0,0,layered_block,circular,per_chunk,1,1
5169,22750,26667,16,0,0,layered_block,circular,per_chunk,1,1
5170,23542,33583,16,0,0,layered_block,circular,per_chunk,1,1
5171,22959,26709,16,0,0,layered_block,circular,per_chunk,1,1
5172,23042,27000,16,0,0,layered_block,circular,per_chunk,1,1
5173,30458,34458,16,0,0,layered_block,circular,per_chunk,1,1
5174,22875,26667,16,0,0,layered_block,circular,per_chunk,1,1
5175,23041,26958,16,0,0,layered_block,circular,per_chunk,1,1
5176,23209,27083,16,0,0,layered_block,circular,per_chunk,1,1
5177,22958,26792,16,0,0,layered_block,circular,per_chunk,1,1
5178,23333,27500,16,0,0,layered_block,circular,per_chunk,1,1
5179,23791,27541,16,0,0,layered_block,circular,per_chunk,1,1
5180,22875,26750,16,0,0,layered_block,circular,per_chunk,1,1
5181,24000,28458,16,0,0,layered_block,circular,per_chunk,1,1
5182,23166,27041,16,0,0,layered_block,circular,per_chunk,1,1
5183,23708,27542,16,0,0,layered_block,circular,per_chunk,1,1
5184,22792,26625,16,0,0,layered_block,circular,per_chunk,1,1
5185,22792,26709,16,0,0,layered_block,circular,per_chunk,1,1
5186,22959,26875,16,0,0,layered_block,circular,per_chunk,1,1
5187,30458,34250,16,0,0,layered_block,circular,per_chunk,1,1
5188,22834,26625,16,0,0,layered_block,circular,per_chunk,1,1
5189,23333,27167,16,0,0,layered_block,circular,per_chunk,1,1
5190,22750,26583,16,0,0,layered_block,circular,per_chunk,1,1
5191,22709,26583,16,0,0,layered_block,circular,per_chunk,1,1
5192,24875,28709,16,0,0,layered_block,circular,per_chunk,1,1
5193,30958,34833,16,0,0,layered_block,circular,per_chunk,1,1
5194,22708,26542,16,0,0,layered_block,circular,per_chunk,1,1
5195,23250,27250,16,0,0,layered_block,circular,per_chunk,1,1
5196,22708,26583,16,0,0,layered_block,circular,per_chunk,1,1
5197,22917,26792,16,0,0,layered_block,circular,per_chunk,1,1
5198,23083,27500,16,0,0,layered_block,circular,per_chunk,1,1
5199,23417,27209,16,0,0,layered_block,circular,per_chunk,1,1
5200,23083,26875,16,0,0,layered_block,circular,per_chunk,1,1
5201,23750,27791,16,0,0,layered_block,circular,per_chunk,1,1
5202,22750,26625,16,0,0,layered_block,circular,per_chunk,1,1
5203,23625,27375,16,0,0,layered_block,circular,per_chunk,1,1
5204,23500,27416,16,0,0,layered_block,circular,per_chunk,1,1
5205,23417,27250,16,0,0,layered_block,circular,per_chunk,1,1
5206,23750,27625,16,0,0,layered_block,circular,per_chunk,1,1
5207,23416,27291,16,0,0,layered_block,circular,per_chunk,1,1
5208,22917,26709,16,0,0,layered_block,circular,per_chunk,1,1
5209,22834,26666,16,0,0,layered_block,circular,per_chunk,1,1
5210,30375,34417,16,0,0,layered_block,circular,per_chunk,1,1
5211,23000,26833,16,0,0,layered_block,circular,per_chunk,1,1
5212,24125,27875,16,0,0,layered_block,circular,per_chunk,1,1
5213,31667,35666,16,0,0,layered_block,circular,per_chunk,1,1
5214,23584,27375,16,0,0,layered_block,circular,per_chunk,1,1
5215,23375,27291,16,0,0,layered_block,circular,per_chunk,1,1
5216,23208,27083,16,0,0,layered_block,circular,per_chunk,1,1
5217,23000,26833,16,0,0,layered_block,circular,per_chunk,1,1
5218,22959,27291,16,0,0,layered_block,circular,per_chunk,1,1
5219,23125,26959,16,0,0,layered_block,circular,per_chunk,1,1
5220,23334,27208,16,0,0,layered_block,circular,per_chunk,1,1
5221,23458,28000,16,0,0,layered_block,circular,per_chunk,1,1
5222,23875,27750,16,0,0,layered_block,circular,per_chunk,1,1
5223,22750,26625,16,0,0,layered_block,circular,per_chunk,1,1
5224,30000,33834,16,0,0,layered_block,circular,per_chunk,1,1
5225,22709,26583,16,0,0,layered_block,circular,per_chunk,1,1
5226,23500,27333,16,0,0,layered_block,circular,per_chunk,1,1
5227,30792,34750,16,0,0,layered_block,circular,per_chunk,1,1
5228,23000,26791,16,0,0,layered_block,circular,per_chunk,1,1
5229,23334,27250,16,0,0,layered_block,circular,per_chunk,1,1
5230,24042,27917,16,0,0,layered_block,circular,per_chunk,1,1
5231,22875,26708,16,0,0,layered_block,circular,per_chunk,1,1
5232,94417,98542,16,0,0,layered_block,circular,per_chunk,1,1
5233,23167,27000,16,0,0,layered_block,circular,per_chunk,1,1
5234,23334,27166,16,0,0,layered_block,circular,per_chunk,1,1
5235,23792,27625,16,0,0,layered_block,circular,per_chunk,1,1
5236,22875,26666,16,0,0,layered_block,circular,per_chunk,1,1
5237,22833,26709,16,0,0,layered_block,circular,per_chunk,1,1
5238,30834,34791,16,0,0,layered_block,circular,per_chunk,1,1
5239,23209,27041,16,0,0,layered_block,circular,per_chunk,1,1
5240,22792,26625,16,0,0,layered_block,circular,per_chunk,1,1
5241,23459,27292,16,0,0,layered_block,circular,per_chunk,1,1
5242,23292,27166,16,0,0,layered_block,circular,per_chunk,1,1
5243,23209,27000,16,0,0,layered_block,circular,per_chunk,1,1
5244,22917,33458,16,0,0,layered_block,circular,per_chunk,1,1
5245,22916,26833,16,0,0,layered_block,circular,per_chunk,1,1
5246,23292,27042,16,0,0,layered_block,circular,per_chunk,1,1
5247,23666,27458,16,0,0,layered_block,circular,per_chunk,1,1
5248,22792,26709,16,0,0,layered_block,circular,per_chunk,1,1
5249,22791,26625,16,0,0,layered_block,circular,per_chunk,1,1
5250,22708,26625,16,0,0,layered_block,circular,per_chunk,1,1
5251,22875,26708,16,0,0,layered_block,circular,per_chunk,1,1
5252,76833,81458,16,0,0,layered_block,circular,per_chunk,1,1
5253,22834,26667,16,0,0,layered_block,circular,per_chunk,1,1
5254,22833,26708,16,0,0,layered_block,circular,per_chunk,1,1
5255,23042,26916,16,0,0,layered_block,circular,per_chunk,1,1
5256,23042,26916,16,0,0,layered_block,circular,per_chunk,1,1
5257,22833,26792,16,0,0,layered_block,circular,per_chunk,1,1
5258,22791,26666,16,0,0,layered_block,circular,per_chunk,1,1
5259,23167,27041,16,0,0,layered_block,circular,per_chunk,1,1
5260,22667,26542,16,0,0,layered_block,circular,per_chunk,1,1
5261,23083,26875,16,0,0,layered_block,circular,per_chunk,1,1
5262,22750,26542,16,0,0,layered_block,circular,per_chunk,1,1
5263,23208,27042,16,0,0,layered_block,circular,per_chunk,1,1
5264,22791,26666,16,0,0,layered_block,circular,per_chunk,1,1
5265,23083,26875,16,0,0,layered_block,circular,per_chunk,1,1
5266,23209,26959,16,0,0,layered_block,circular,per_chunk,1,1
5267,22958,26792,16,0,0,layered_block,circular,per_chunk,1,1
5268,22750,26625,16,0,0,layered_block,circular,per_chunk,1,1
5269,22875,26708,16,0,0,layered_block,circular,per_chunk,1,1
5270,23000,26792,16,0,0,layered_block,circular,per_chunk,1,1
5271,23417,27583,16,0,0,layered_block,circular,per_chunk,1,1
5272,23208,27042,16,0,0,layered_block,circular,per_chunk,1,1
5273,23250,27084,16,0,0,layered_block,circular,per_chunk,1,1
5274,23583,28000,16,0,0,layered_block,circular,per_chunk,1,1
5275,23708,27542,16,0,0,layered_block,circular,per_chunk,1,1
5276,22958,26791,16,0,0,layered_block,circular,per_chunk,1,1
5277,23209,27083,16,0,0,layered_block,circular,per_chunk,1,1
5278,22750,26667,16,0,0,layered_block,circular,per_chunk,1,1
5279,108375,112667,16,0,0,layered_block,circular,per_chunk,1,1
5280,23166,27334,16,0,0,layered_block,circular,per_chunk,1,1
5281,23125,26958,16,0,0,layered_block,circular,per_chunk,1,1
5282,23584,27417,16,0,0,layered_block,circular,per_chunk,1,1
5283,23000,26875,16,0,0,layered_block,circular,per_chunk,1,1
5284,22750,26625,16,0,0,layered_block,circular,per_chunk,1,1
5285,23042,26834,16,0,0,layered_block,circular,per_chunk,1,1
5286,24042,27916,16,0,0,layered_block,circular,per_chunk,1,1
5287,23542,27334,16,0,0,layered_block,circular,per_chunk,1,1
5288,23333,27208,16,0,0,layered_block,circular,per_chunk,1,1
5289,24000,28000,16,0,0,layered_block,circular,per_chunk,1,1
5290,23291,27167,16,0,0,layered_block,circular,per_chunk,1,1
5291,23375,27208,16,0,0,layered_block,circular,per_chunk,1,1
5292,23500,27334,16,0,0,layered_block,circular,per_chunk,1,1
5293,23541,27375,16,0,0,layered_block,circular,per_chunk,1,1
5294,23458,27250,16,0,0,layered_block,circular,per_chunk,1,1
5295,23167,27000,16,0,0,layered_block,circular,per_chunk,1,1
5296,22958,26708,16,0,0,layered_block,circular,per_chunk,1,1
5297,23709,27625,16,0,0,layered_block,circular,per_chunk,1,1
5298,23375,27292,16,0,0,layered_block,circular,per_chunk,1,1
5299,24750,29000,16,0,0,layered_block,circular,per_chunk,1,1
5300,23792,27709,16,0,0,layered_block,circular,per_chunk,1,1
5301,23334,27209,16,0,0,layered_block,circular,per_chunk,1,1
5302,23542,27416,16,0,0,layered_block,circular,per_chunk,1,1
5303,23375,27292,16,0,0,layered_block,circular,per_chunk,1,1
5304,23042,26916,16,0,0,layered_block,circular,per_chunk,1,1
5305,22959,26875,16,0,0,layered_block,circular,per_chunk,1,1
5306,23583,27541,16,0,0,layered_block,circular,per_chunk,1,1
5307,23000,26792,16,0,0,layered_block,circular,per_chunk,1,1
5308,23291,27125,16,0,0,layered_block,circular,per_chunk,1,1
5309,23333,27791,16,0,0,layered_block,circular,per_chunk,1,1
5310,23084,26958,16,0,0,layered_block,circular,per_chunk,1,1
5311,23292,27208,16,0,0,layered_block,circular,per_chunk,1,1
5312,23167,33708,16,0,0,layered_block,circular,per_chunk,1,1
5313,23625,27500,16,0,0,layered_block,circular,per_chunk,1,1
5314,23584,27459,16,0,0,layered_block,circular,per_chunk,1,1
5315,31708,35667,16,0,0,layered_block,circular,per_chunk,1,1
5316,23375,27292,16,0,0,layered_block,circular,per_chunk,1,1
5317,24584,28459,16,0,0,layered_block,circular,per_chunk,1,1
5318,23208,27083,16,0,0,layered_block,circular,per_chunk,1,1
5319,25875,29709,16,0,0,layered_block,circular,per_chunk,1,1
5320,22792,26583,16,0,0,layered_block,circular,per_chunk,1,1
5321,23833,27625,16,0,0,layered_block,circular,per_chunk,1,1
5322,23250,27167,16,0,0,layered_block,circular,per_chunk,1,1
5323,23292,27125,16,0,0,layered_block,circular,per_chunk,1,1
5324,24083,27916,16,0,0,layered_block,circular,per_chunk,1,1
5325,23041,26917,16,0,0,layered_block,circular,per_chunk,1,1
5326,22958,26750,16,0,0,layered_block,circular,per_chunk,1,1
5327,22958,27334,16,0,0,layered_block,circular,per_chunk,1,1
5328,22833,26625,16,0,0,layered_block,circular,per_chunk,1,1
5329,23042,26917,16,0,0,layered_block,circular,per_chunk,1,1
5330,23583,27500,16,0,0,layered_block,circular,per_chunk,1,1
5331,22916,26708,16,0,0,layered_block,circular,per_chunk,1,1
5332,23166,26958,16,0,0,layered_block,circular,per_chunk,1,1
5333,24584,28500,16,0,0,layered_block,circular,per_chunk,1,1
5334,22834,26708,16,0,0,layered_block,circular,per_chunk,1,1
5335,23333,27208,16,0,0,layered_block,circular,per_chunk,1,1
5336,23209,27042,16,0,0,layered_block,circular,per_chunk,1,1
5337,23167,27084,16,0,0,layered_block,circular,per_chunk,1,1
5338,23583,27416,16,0,0,layered_block,circular,per_chunk,1,1
5339,24667,28792,16,0,0,layered_block,circular,per_chunk,1,1
5340,22708,26541,16,0,0,layered_block,circular,per_chunk,1,1
5341,23417,27375,16,0,0,layered_block,circular,per_chunk,1,1
5342,23042,26875,16,0,0,layered_block,circular,per_chunk,1,1
5343,22584,26500,16,0,0,layered_block,circular,per_chunk,1,1
5344,30459,34458,16,0,0,layered_block,circular,per_chunk,1,1
5345,22958,26750,16,0,0,layered_block,circular,per_chunk,1,1
5346,23292,27042,16,0,0,layered_block,circular,per_chunk,1,1
5347,23500,27500,16,0,0,layered_block,circular,per_chunk,1,1
5348,22917,26792,16,0,0,layered_block,circular,per_chunk,1,1
5349,22875,26666,16,0,0,layered_block,circular,per_chunk,1,1
5350,30208,34167,16,0,0,layered_block,circular,per_chunk,1,1
5351,22792,26584,16,0,0,layered_block,circular,per_chunk,1,1
5352,23291,27209,16,0,0,layered_block,circular,per_chunk,1,1
5353,24042,27917,16,0,0,layered_block,circular,per_chunk,1,1
5354,22750,26583,16,0,0,layered_block,circular,per_chunk,1,1
5355,23167,26917,16,0,0,layered_block,circular,per_chunk,1,1
5356,22958,26792,16,0,0,layered_block,circular,per_chunk,1,1
5357,23708,27542,16,0,0,layered_block,circular,per_chunk,1,1
5358,23416,27334,16,0,0,layered_block,circular,per_chunk,1,1
5359,24875,28666,16,0,0,layered_block,circular,per_chunk,1,1
5360,23125,27041,16,0,0,layered_block,circular,per_chunk,1,1
5361,23167,27167,16,0,0,layered_block,circular,per_chunk,1,1
5362,23166,27000,16,0,0,layered_block,circular,per_chunk,1,1
5363,23000,26834,16,0,0,layered_block,circular,per_chunk,1,1
5364,31000,34916,16,0,0,layered_block,circular,per_chunk,1,1
5365,23000,26750,16,0,0,layered_block,circular,per_chunk,1,1
5366,23792,27709,16,0,0,layered_block,circular,per_chunk,1,1
5367,23625,27542,16,0,0,layered_block,circular,per_chunk,1,1
5368,23000,26833,16,0,0,layered_block,circular,per_chunk,1,1
5369,23167,26958,16,0,0,layered_block,circular,per_chunk,1,1
5370,30166,34083,16,0,0,layered_block,circular,per_chunk,1,1
5371,23250,27000,16,0,0,layered_block,circular,per_chunk,1,1
5372,23208,27042,16,0,0,layered_block,circular,per_chunk,1,1
5373,24083,27917,16,0,0,layered_block,circular,per_chunk,1,1
5374,22750,26625,16,0,0,layered_block,circular,per_chunk,1,1
5375,23208,27042,16,0,0,layered_block,circular,per_chunk,1,1
5376,29916,33791,16,0,0,layered_block,circular,per_chunk,1,1
5377,23333,27083,16,0,0,layered_block,circular,per_chunk,1,1
5378,23208,27583,16,0,0,layered_block,circular,per_chunk,1,1
5379,25709,29667,16,0,0,layered_block,circular,per_chunk,1,1
5380,23083,26875,16,0,0,layered_block,circular,per_chunk,1,1
5381,22667,26542,16,0,0,layered_block,circular,per_chunk,1,1
5382,30750,34625,16,0,0,layered_block,circular,per_chunk,1,1
5383,23291,27041,16,0,0,layered_block,circular,per_chunk,1,1
5384,23584,27417,16,0,0,layered_block,circular,per_chunk,1,1
5385,22916,26792,16,0,0,layered_block,circular,per_chunk,1,1
5386,22958,26792,16,0,0,layered_block,circular,per_chunk,1,1
5387,23500,27708,16,0,0,layered_block,circular,per_chunk,1,1
5388,23167,27042,16,0,0,layered_block,circular,per_chunk,1,1
5389,22833,26709,16,0,0,layered_block,circular,per_chunk,1,1
5390,23375,27334,16,0,0,layered_block,circular,per_chunk,1,1
5391,22791,26625,16,0,0,layered_block,circular,per_chunk,1,1
5392,22917,26834,16,0,0,layered_block,circular,per_chunk,1,1
5393,23834,28292,16,0,0,layered_block,circular,per_chunk,1,1
5394,23209,27000,16,0,0,layered_block,circular,per_chunk,1,1
5395,22708,26500,16,0,0,layered_block,circular,per_chunk,1,1
5396,30625,34541,16,0,0,layered_block,circular,per_chunk,1,1
5397,22833,26625,16,0,0,layered_block,circular,per_chunk,1,1
5398,23084,27084,16,0,0,layered_block,circular,per_chunk,1,1
5399,31791,35708,16,0,0,layered_block,circular,per_chunk,1,1
5400,23167,27041,16,0,0,layered_block,circular,per_chunk,1,1
5401,23167,27000,16,0,0,layered_block,circular,per_chunk,1,1
5402,23041,26875,16,0,0,layered_block,circular,per_chunk,1,1
5403,23042,26834,16,0,0,layered_block,circular,per_chunk,1,1
5404,23500,27417,16,0,0,layered_block,circular,per_chunk,1,1
5405,23166,27041,16,0,0,layered_block,circular,per_chunk,1,1
5406,23042,26875,16,0,0,layered_block,circular,per_chunk,1,1
5407,23333,27208,16,0,0,layered_block,circular,per_chunk,1,1
5408,22875,26666,16,0,0,layered_block,circular,per_chunk,1,1
5409,23125,26917,16,0,0,layered_block,circular,per_chunk,1,1
5410,23375,27333,16,0,0,layered_block,circular,per_chunk,1,1
5411,22917,26834,16,0,0,layered_block,circular,per_chunk,1,1
5412,23167,27042,16,0,0,layered_block,circular,per_chunk,1,1
5413,23208,27000,16,0,0,layered_block,circular,per_chunk,1,1
5414,23083,26875,16,0,0,layered_block,circular,per_chunk,1,1
5415,23125,26875,16,0,0,layered_block,circular,per_chunk,1,1
5416,23625,27500,16,0,0,layered_block,circular,per_chunk,1,1
5417,23167,27041,16,0,0,layered_block,circular,per_chunk,1,1
5418,23208,27042,16,0,0,layered_block,circular,per_chunk,1,1
5419,24416,28333,16,0,0,layered_block,circular,per_chunk,1,1
5420,23416,27250,16,0,0,layered_block,circular,per_chunk,1,1
5421,22792,26667,16,0,0,layered_block,circular,per_chunk,1,1
5422,22959,27291,16,0,0,layered_block,circular,per_chunk,1,1
5423,22875,26791,16,0,0,layered_block,circular,per_chunk,1,1
5424,23416,27250,16,0,0,layered_block,circular,per_chunk,1,1
5425,23292,27209,16,0,0,layered_block,circular,per_chunk,1,1
5426,23542,27375,16,0,0,layered_block,circular,per_chunk,1,1
5427,23166,26958,16,0,0,layered_block,circular,per_chunk,1,1
5428,23459,27541,16,0,0,layered_block,circular,per_chunk,1,1
5429,23250,27167,16,0,0,layered_block,circular,per_chunk,1,1
5430,23625,27459,16,0,0,layered_block,circular,per_chunk,1,1
5431,23291,27208,16,0,0,layered_block,circular,per_chunk,1,1
5432,22917,26792,16,0,0,layered_block,circular,per_chunk,1,1
5433,24500,28292,16,0,0,layered_block,circular,per_chunk,1,1
5434,31000,35000,16,0,0,layered_block,circular,per_chunk,1,1
5435,22833,26625,16,0,0,layered_block,circular,per_chunk,1,1
5436,22917,27375,16,0,0,layered_block,circular,per_chunk,1,1
5437,23250,27083,16,0,0,layered_block,circular,per_chunk,1,1
5438,23208,27083,16,0,0,layered_block,circular,per_chunk,1,1
5439,25042,28875,16,0,0,layered_block,circular,per_chunk,1,1
5440,23250,27083,16,0,0,layered_block,circular,per_chunk,1,1
5441,23458,27250,16,0,0,layered_block,circular,per_chunk,1,1
5442,23625,27542,16,0,0,layered_block,circular,per_chunk,1,1
5443,23042,26917,16,0,0,layered_block,circular,per_chunk,1,1
5444,24042,27833,16,0,0,layered_block,circular,per_chunk,1,1
5445,23542,27458,16,0,0,layered_block,circular,per_chunk,1,1
5446,23875,27708,16,0,0,layered_block,circular,per_chunk,1,1
5447,23000,26875,16,0,0,layered_block,circular,per_chunk,1,1
5448,24084,28084,16,0,0,layered_block,circular,per_chunk,1,1
5449,22750,26625,16,0,0,layered_block,circular,per_chunk,1,1
5450,23291,27125,16,0,0,layered_block,circular,per_chunk,1,1
5451,30667,34542,16,0,0,layered_block,circular,per_chunk,1,1
5452,23417,27250,16,0,0,layered_block,circular,per_chunk,1,1
5453,24416,28333,16,0,0,layered_block,circular,per_chunk,1,1
5454,23917,27791,16,0,0,layered_block,circular,per_chunk,1,1
5455,22958,26792,16,0,0,layered_block,circular,per_chunk,1,1
5456,22917,26750,16,0,0,layered_block,circular,per_chunk,1,1
5457,31667,35542,16,0,0,layered_block,circular,per_chunk,1,1
5458,23541,27333,16,0,0,layered_block,circular,per_chunk,1,1
5459,24375,28250,16,0,0,layered_block,circular,per_chunk,1,1
5460,31042,35000,16,0,0,layered_block,circular,per_chunk,1,1
5461,23041,26791,16,0,0,layered_block,circular,per_chunk,1,1
5462,23083,27000,16,0,0,layered_block,circular,per_chunk,1,1
5463,22875,26709,16,0,0,layered_block,circular,per_chunk,1,1
5464,23083,26833,16,0,0,layered_block,circular,per_chunk,1,1
5465,23500,27959,16,0,0,layered_block,circular,per_chunk,1,1
5466,23250,27042,16,0,0,layered_block,circular,per_chunk,1,1
5467,23209,27000,16,0,0,layered_block,circular,per_chunk,1,1
5468,23166,27083,16,0,0,layered_block,circular,per_chunk,1,1
5469,22958,26791,16,0,0,layered_block,circular,per_chunk,1,1
5470,23292,27083,16,0,0,layered_block,circular,per_chunk,1,1
5471,31583,35458,16,0,0,layered_block,circular,per_chunk,1,1
5472,23000,26792,16,0,0,layered_block,circular,per_chunk,1,1
5473,23500,27334,16,0,0,layered_block,circular,per_chunk,1,1
5474,23250,27416,16,0,0,layered_block,circular,per_chunk,1,1
5475,23250,27125,16,0,0,layered_block,circular,per_chunk,1,1
5476,22750,26542,16,0,0,layered_block,circular,per_chunk,1,1
5477,31000,34959,16,0,0,layered_block,circular,per_chunk,1,1
5478,23209,26959,16,0,0,layered_block,circular,per_chunk,1,1
5479,24792,28625,16,0,0,layered_block,circular,per_chunk,1,1
5480,23042,26917,16,0,0,layered_block,circular,per_chunk,1,1
5481,23042,26959,16,0,0,layered_block,circular,per_chunk,1,1
5482,23125,27000,16,0,0,layered_block,circular,per_chunk,1,1
5483,23416,27375,16,0,0,layered_block,circular,per_chunk,1,1
5484,22792,26625,16,0,0,layered_block,circular,per_chunk,1,1
5485,23291,27208,16,0,0,layered_block,circular,per_chunk,1,1
5486,23833,28167,16,0,0,layered_block,circular,per_chunk,1,1
5487,23000,26917,16,0,0,layered_block,circular,per_chunk,1,1
5488,22750,26625,16,0,0,layered_block,circular,per_chunk,1,1
5489,23917,27875,16,0,0,layered_block,circular,per_chunk,1,1
5490,23125,26959,16,0,0,layered_block,circular,per_chunk,1,1
5491,23166,27083,16,0,0,layered_block,circular,per_chunk,1,1
5492,78708,82917,16,0,0,layered_block,circular,per_chunk,1,1
5493,23167,27083,16,0,0,layered_block,circular,per_chunk,1,1
5494,23333,27250,16,0,0,layered_block,circular,per_chunk,1,1
5495,23625,27584,16,0,0,layered_block,circular,per_chunk,1,1
5496,22709,26583,16,0,0,layered_block,circular,per_chunk,1,1
5497,22916,26792,16,0,0,layered_block,circular,per_chunk,1,1
5498,31500,35500,16,0,0,layered_block,circular,per_chunk,1,1
5499,23375,27334,16,0,0,layered_block,circular,per_chunk,1,1
5500,23042,26875,16,0,0,layered_block,circular,per_chunk,1,1
5501,23250,27667,16,0,0,layered_block,circular,per_chunk,1,1
5502,22958,26875,16,0,0,layered_block,circular,per_chunk,1,1
5503,23209,27083,16,0,0,layered_block,circular,per_chunk,1,1
5504,29958,33917,16,0,0,layered_block,circular,per_chunk,1,1
5505,23083,26917,16,0,0,layered_block,circular,per_chunk,1,1
5506,23250,27083,16,0,0,layered_block,circular,per_chunk,1,1
5507,23958,28250,16,0,0,layered_block,circular,per_chunk,1,1
5508,23458,27417,16,0,0,layered_block,circular,per_chunk,1,1
5509,22791,26667,16,0,0,layered_block,circular,per_chunk,1,1
5510,23250,27208,16,0,0,layered_block,circular,per_chunk,1,1
5511,23166,27000,16,0,0,layered_block,circular,per_chunk,1,1
5512,24541,28458,16,0,0,layered_block,circular,per_chunk,1,1
5513,23500,27416,16,0,0,layered_block,circular,per_chunk,1,1
5514,22791,26667,16,0,0,layered_block,circular,per_chunk,1,1
5515,22750,26667,16,0,0,layered_block,circular,per_chunk,1,1
5516,30750,34708,16,0,0,layered_block,circular,per_chunk,1,1
5517,22833,26625,16,0,0,layered_block,circular,per_chunk,1,1
5518,23125,27167,16,0,0,layered_block,circular,per_chunk,1,1
5519,23917,28333,16,0,0,layered_block,circular,per_chunk,1,1
5520,22958,26917,16,0,0,layered_block,circular,per_chunk,1,1
5521,22792,26709,16,0,0,layered_block,circular,per_chunk,1,1
5522,24833,28750,16,0,0,layered_block,circular,per_chunk,1,1
5523,22917,26834,16,0,0,layered_block,circular,per_chunk,1,1
5524,23625,27542,16,0,0,layered_block,circular,per_chunk,1,1
5525,23209,27083,16,0,0,layered_block,circular,per_chunk,1,1
5526,23208,27167,16,0,0,layered_block,circular,per_chunk,1,1
5527,22833,26708,16,0,0,layered_block,circular,per_chunk,1,1
5528,23417,27333,16,0,0,layered_block,circular,per_chunk,1,1
5529,23000,26875,16,0,0,layered_block,circular,per_chunk,1,1
5530,22875,26792,16,0,0,layered_block,circular,per_chunk,1,1
5531,30709,34708,16,0,0,layered_block,circular,per_chunk,1,1
5532,24667,28584,16,0,0,layered_block,circular,per_chunk,1,1
5533,23833,27667,16,0,0,layered_block,circular,per_chunk,1,1
5534,23000,26959,16,0,0,layered_block,circular,per_chunk,1,1
5535,22834,26709,16,0,0,layered_block,circular,per_chunk,1,1
5536,23292,27125,16,0,0,layered_block,circular,per_chunk,1,1
5537,23125,26958,16,0,0,layered_block,circular,per_chunk,1,1
5538,22916,26833,16,0,0,layered_block,circular,per_chunk,1,1
5539,23166,26958,16,0,0,layered_block,circular,per_chunk,1,1
5540,23375,27458,16,0,0,layered_block,circular,per_chunk,1,1
5541,22708,26625,16,0,0,layered_block,circular,per_chunk,1,1
5542,23583,27417,16,0,0,layered_block,circular,per_chunk,1,1
5543,23208,27708,16,0,0,layered_block,circular,per_chunk,1,1
5544,22708,26625,16,0,0,layered_block,circular,per_chunk,1,1
5545,25000,29042,16,0,0,layered_block,circular,per_chunk,1,1
5546,23792,27875,16,0,0,layered_block,circular,per_chunk,1,1
5547,22708,26625,16,0,0,layered_block,circular,per_chunk,1,1
5548,23209,27125,16,0,0,layered_block,circular,per_chunk,1,1
5549,23083,27167,16,0,0,layered_block,circular,per_chunk,1,1
5550,23084,26958,16,0,0,layered_block,circular,per_chunk,1,1
5551,22833,26709,16,0,0,layered_block,circular,per_chunk,1,1
5552,23708,27666,16,0,0,layered_block,circular,per_chunk,1,1
5553,22750,26667,16,0,0,layered_block,circular,per_chunk,1,1
5554,22750,26583,16,0,0,layered_block,circular,per_chunk,1,1
5555,23625,27625,16,0,0,layered_block,circular,per_chunk,1,1
5556,23166,27041,16,0,0,layered_block,circular,per_chunk,1,1
5557,23084,26958,16,0,0,layered_block,circular,per_chunk,1,1
5558,30291,34208,16,0,0,layered_block,circular,per_chunk,1,1
5559,23583,27458,16,0,0,layered_block,circular,per_chunk,1,1
5560,22875,26792,16,0,0,layered_block,circular,per_chunk,1,1
5561,23208,27167,16,0,0,layered_block,circular,per_chunk,1,1
5562,22750,26667,16,0,0,layered_block,circular,per_chunk,1,1
5563,23125,27000,16,0,0,layered_block,circular,per_chunk,1,1
5564,31083,35042,16,0,0,layered_block,circular,per_chunk,1,1
5565,26208,30042,16,0,0,layered_block,circular,per_chunk,1,1
5566,22958,26875,16,0,0,layered_block,circular,per_chunk,1,1
5567,23584,27458,16,0,0,layered_block,circular,per_chunk,1,1
5568,23166,27125,16,0,0,layered_block,circular,per_chunk,1,1
5569,23583,27500,16,0,0,layered_block,circular,per_chunk,1,1
5570,23000,27500,16,0,0,layered_block,circular,per_chunk,1,1
5571,22875,26792,16,0,0,layered_block,circular,per_chunk,1,1
5572,24125,27917,16,0,0,layered_block,circular,per_chunk,1,1
5573,23458,27416,16,0,0,layered_block,circular,per_chunk,1,1
5574,23667,27625,16,0,0,layered_block,circular,per_chunk,1,1
5575,23000,26916,16,0,0,layered_block,circular,per_chunk,1,1
5576,23542,27417,16,0,0,layered_block,circular,per_chunk,1,1
5577,22958,26833,16,0,0,layered_block,circular,per_chunk,1,1
5578,23208,27042,16,0,0,layered_block,circular,per_chunk,1,1
5579,24041,28541,16,0,0,layered_block,circular,per_chunk,1,1
5580,23166,27083,16,0,0,layered_block,circular,per_chunk,1,1
5581,23209,27166,16,0,0,layered_block,circular,per_chunk,1,1
5582,23542,27916,16,0,0,layered_block,circular,per_chunk,1,1
5583,23542,27416,16,0,0,layered_block,circular,per_chunk,1,1
5584,23125,26958,16,0,0,layered_block,circular,per_chunk,1,1
5585,24125,28083,16,0,0,layered_block,circular,per_chunk,1,1
5586,23541,27417,16,0,0,layered_block,circular,per_chunk,1,1
5587,23209,27125,16,0,0,layered_block,circular,per_chunk,1,1
5588,23541,27458,16,0,0,layered_block,circular,per_chunk,1,1
5589,22792,26667,16,0,0,layered_block,circular,per_chunk,1,1
5590,23417,27334,16,0,0,layered_block,circular,per_chunk,1,1
5591,30625,34625,16,0,0,layered_block,circular,per_chunk,1,1
5592,23125,27000,16,0,0,layered_block,circular,per_chunk,1,1
5593,23708,27583,16,0,0,layered_block,circular,per_chunk,1,1
5594,23166,27625,16,0,0,layered_block,circular,per_chunk,1,1
5595,23125,27041,16,0,0,layered_block,circular,per_chunk,1,1
5596,22625,26500,16,0,0,layered_block,circular,per_chunk,1,1
5597,23292,27250,16,0,0,layered_block,circular,per_chunk,1,1
5598,24625,28541,16,0,0,layered_block,circular,per_chunk,1,1
5599,23208,27000,16,0,0,layered_block,circular,per_chunk,1,1
5600,23291,27333,16,0,0,layered_block,circular,per_chunk,1,1
5601,23208,27167,16,0,0,layered_block,circular,per_chunk,1,1
5602,23291,27125,16,0,0,layered_block,circular,per_chunk,1,1
5603,24625,28583,16,0,0,layered_block,circular,per_chunk,1,1
5604,23209,27125,16,0,0,layered_block,circular,per_chunk,1,1
5605,23833,27625,16,0,0,layered_block,circular,per_chunk,1,1
5606,22875,27375,16,0,0,layered_block,circular,per_chunk,1,1
5607,23042,26917,16,0,0,layered_block,circular,per_chunk,1,1
5608,23417,27292,16,0,0,layered_block,circular,per_chunk,1,1
5609,30542,34500,16,0,0,layered_block,circular,per_chunk,1,1
5610,23250,27042,16,0,0,layered_block,circular,per_chunk,1,1
5611,23500,27416,16,0,0,layered_block,circular,per_chunk,1,1
5612,23209,27667,16,0,0,layered_block,circular,per_chunk,1,1
5613,23208,27042,16,0,0,layered_block,circular,per_chunk,1,1
5614,22541,26375,16,0,0,layered_block,circular,per_chunk,1,1
5615,22750,26625,16,0,0,layered_block,circular,per_chunk,1,1
5616,22917,27041,16,0,0,layered_block,circular,per_chunk,1,1
5617,23375,27375,16,0,0,layered_block,circular,per_chunk,1,1
5618,24500,28583,16,0,0,layered_block,circular,per_chunk,1,1
5619,22917,26667,16,0,0,layered_block,circular,per_chunk,1,1
5620,23000,27250,16,0,0,layered_block,circular,per_chunk,1,1
5621,22750,26667,16,0,0,layered_block,circular,per_chunk,1,1
5622,22833,26667,16,0,0,layered_block,circular,per_chunk,1,1
5623,23167,27083,16,0,0,layered_block,circular,per_chunk,1,1
5624,22708,26625,16,0,0,layered_block,circular,per_chunk,1,1
5625,23042,26958,16,0,0,layered_block,circular,per_chunk,1,1
5626,23167,27583,16,0,0,layered_block,circular,per_chunk,1,1
5627,22750,26666,16,0,0,layered_block,circular,per_chunk,1,1
5628,23208,27042,16,0,0,layered_block,circular,per_chunk,1,1
5629,23334,27625,16,0,0,layered_block,circular,per_chunk,1,1
5630,23208,27083,16,0,0,layered_block,circular,per_chunk,1,1
5631,23042,26916,16,0,0,layered_block,circular,per_chunk,1,1
5632,23625,27625,16,0,0,layered_block,circular,per_chunk,1,1
5633,22709,26625,16,0,0,layered_block,circular,per_chunk,1,1
5634,22875,26750,16,0,0,layered_block,circular,per_chunk,1,1
5635,23000,26917,16,0,0,layered_block,circular,per_chunk,1,1
5636,22792,26667,16,0,0,layered_block,circular,per_chunk,1,1
5637,22792,26709,16,0,0,layered_block,circular,per_chunk,1,1
5638,23750,27666,16,0,0,layered_block,circular,per_chunk,1,1
5639,22833,26708,16,0,0,layered_block,circular,per_chunk,1,1
5640,23584,27416,16,0,0,layered_block,circular,per_chunk,1,1
5641,22875,27125,16,0,0,layered_block,circular,per_chunk,1,1
5642,23500,27417,16,0,0,layered_block,circular,per_chunk,1,1
5643,22792,26667,16,0,0,layered_block,circular,per_chunk,1,1
5644,23458,27416,16,0,0,layered_block,circular,per_chunk,1,1
5645,31000,34959,16,0,0,layered_block,circular,per_chunk,1,1
5646,23042,26917,16,0,0,layered_block,circular,per_chunk,1,1
5647,22584,26458,16,0,0,layered_block,circular,per_chunk,1,1
5648,23292,27208,16,0,0,layered_block,circular,per_chunk,1,1
5649,22750,26666,16,0,0,layered_block,circular,per_chunk,1,1
5650,23375,27459,16,0,0,layered_block,circular,per_chunk,1,1
5651,24958,29166,16,0,0,layered_block,circular,per_chunk,1,1
5652,23833,27625,16,0,0,layered_block,circular,per_chunk,1,1
5653,23291,27208,16,0,0,layered_block,circular,per_chunk,1,1
5654,23042,26958,16,0,0,layered_block,circular,per_chunk,1,1
5655,22875,26708,16,0,0,layered_block,circular,per_chunk,1,1
5656,23875,28042,16,0,0,layered_block,circular,per_chunk,1,1
5657,23459,27333,16,0,0,layered_block,circular,per_chunk,1,1
5658,23625,27416,16,0,0,layered_block,circular,per_chunk,1,1
5659,23291,27208,16,0,0,layered_block,circular,per_chunk,1,1
5660,32375,36333,16,0,0,layered_block,circular,per_chunk,1,1
5661,24209,28041,16,0,0,layered_block,circular,per_chunk,1,1
5662,23625,27458,16,0,0,layered_block,circular,per_chunk,1,1
5663,23708,27667,16,0,0,layered_block,circular,per_chunk,1,1
5664,23208,27000,16,0,0,layered_block,circular,per_chunk,1,1
5665,23208,27084,16,0,0,layered_block,circular,per_chunk,1,1
5666,23750,27584,16,0,0,layered_block,circular,per_chunk,1,1
5667,23458,27333,16,0,0,layered_block,circular,per_chunk,1,1
5668,23250,27125,16,0,0,layered_block,circular,per_chunk,1,1
5669,23584,34542,16,0,0,layered_block,circular,per_chunk,1,1
5670,23417,27333,16,0,0,layered_block,circular,per_chunk,1,1
5671,24541,28375,16,0,0,layered_block,circular,per_chunk,1,1
5672,24333,28375,16,0,0,layered_block,circular,per_chunk,1,1
5673,23083,27000,16,0,0,layered_block,circular,per_chunk,1,1
5674,23041,26875,16,0,0,layered_block,circular,per_chunk,1,1
5675,23250,27625,16,0,0,layered_block,circular,per_chunk,1,1
5676,23917,27750,16,0,0,layered_block,circular,per_chunk,1,1
5677,23083,26958,16,0,0,layered_block,circular,per_chunk,1,1
5678,23584,27541,16,0,0,layered_block,circular,per_chunk,1,1
5679,23500,27458,16,0,0,layered_block,circular,per_chunk,1,1
5680,23167,27084,16,0,0,layered_block,circular,per_chunk,1,1
5681,24000,27916,16,0,0,layered_block,circular,per_chunk,1,1
5682,23083,27291,16,0,0,layered_block,circular,per_chunk,1,1
5683,22833,26708,16,0,0,layered_block,circular,per_chunk,1,1
5684,24000,27916,16,0,0,layered_block,circular,per_chunk,1,1
5685,23792,27750,16,0,0,layered_block,circular,per_chunk,1,1
5686,22666,26542,16,0,0,layered_block,circular,per_chunk,1,1
5687,23375,27250,16,0,0,layered_block,circular,per_chunk,1,1
5688,23333,27375,16,0,0,layered_block,circular,per_chunk,1,1
5689,22833,26667,16,0,0,layered_block,circular,per_chunk,1,1
5690,23250,27125,16,0,0,layered_block,circular,per_chunk,1,1
5691,29250,33250,16,0,0,layered_block,circular,per_chunk,1,1
5692,22750,26667,16,0,0,layered_block,circular,per_chunk,1,1
5693,23250,27334,16,0,0,layered_block,circular,per_chunk,1,1
5694,22833,26792,16,0,0,layered_block,circular,per_chunk,1,1
5695,23250,27167,16,0,0,layered_block,circular,per_chunk,1,1
5696,22750,26667,16,0,0,layered_block,circular,per_chunk,1,1
5697,23084,26875,16,0,0,layered_block,circular,per_chunk,1,1
5698,23375,27375,16,0,0,layered_block,circular,per_chunk,1,1
5699,22791,26708,16,0,0,layered_block,circular,per_chunk,1,1
5700,22708,26625,16,0,0,layered_block,circular,per_chunk,1,1
5701,22875,26667,16,0,0,layered_block,circular,per_chunk,1,1
5702,22833,26708,16,0,0,layered_block,circular,per_chunk,1,1
5703,23042,27000,16,0,0,layered_block,circular,per_chunk,1,1
5704,22875,26666,16,0,0,layered_block,circular,per_chunk,1,1
5705,22917,26792,16,0,0,layered_block,circular,per_chunk,1,1
5706,22792,26666,16,0,0,layered_block,circular,per_chunk,1,1
5707,22708,26583,16,0,0,layered_block,circular,per_chunk,1,1
5708,22875,27375,16,0,0,layered_block,circular,per_chunk,1,1
5709,22750,26625,16,0,0,layered_block,circular,per_chunk,1,1
5710,23292,27250,16,0,0,layered_block,circular,per_chunk,1,1
5711,22833,26667,16,0,0,layered_block,circular,per_chunk,1,1
5712,23250,27125,16,0,0,layered_block,circular,per_chunk,1,1
5713,23375,27333,16,0,0,layered_block,circular,per_chunk,1,1
5714,22750,26667,16,0,0,layered_block,circular,per_chunk,1,1
5715,22833,26708,16,0,0,layered_block,circular,per_chunk,1,1
5716,23000,26916,16,0,0,layered_block,circular,per_chunk,1,1
5717,23333,27209,16,0,0,layered_block,circular,per_chunk,1,1
5718,24041,27917,16,0,0,layered_block,circular,per_chunk,1,1
5719,23666,27542,16,0,0,layered_block,circular,per_chunk,1,1
5720,23084,27000,16,0,0,layered_block,circular,per_chunk,1,1
5721,23292,27333,16,0,0,layered_block,circular,per_chunk,1,1
5722,22875,26792,16,0,0,layered_block,circular,per_chunk,1,1
5723,23291,27167,16,0,0,layered_block,circular,per_chunk,1,1
5724,23375,27333,16,0,0,layered_block,circular,per_chunk,1,1
5725,23417,27292,16,0,0,layered_block,circular,per_chunk,1,1
5726,23250,27125,16,0,0,layered_block,circular,per_chunk,1,1
5727,23625,27625,16,0,0,layered_block,circular,per_chunk,1,1
5728,22958,26875,16,0,0,layered_block,circular,per_chunk,1,1
5729,23084,26917,16,0,0,layered_block,circular,per_chunk,1,1
5730,31459,35458,16,0,0,layered_block,circular,per_chunk,1,1
5731,22959,26791,16,0,0,layered_block,circular,per_chunk,1,1
5732,23542,27375,16,0,0,layered_block,circular,per_chunk,1,1
5733,23750,27708,16,0,0,layered_block,circular,per_chunk,1,1
5734,23375,27292,16,0,0,layered_block,circular,per_chunk,1,1
5735,23125,26917,16,0,0,layered_block,circular,per_chunk,1,1
5736,31917,35917,16,0,0,layered_block,circular,per_chunk,1,1
5737,23500,27292,16,0,0,layered_block,circular,per_chunk,1,1
5738,25500,29416,16,0,0,layered_block,circular,per_chunk,1,1
5739,23583,27583,16,0,0,layered_block,circular,per_chunk,1,1
5740,22792,26708,16,0,0,layered_block,circular,per_chunk,1,1
5741,22958,26833,16,0,0,layered_block,circular,per_chunk,1,1
5742,31042,35000,16,0,0,layered_block,circular,per_chunk,1,1
5743,23041,26875,16,0,0,layered_block,circular,per_chunk,1,1
5744,23791,27750,16,0,0,layered_block,circular,per_chunk,1,1
5745,22833,26625,16,0,0,layered_block,circular,per_chunk,1,1
5746,22875,26750,16,0,0,layered_block,circular,per_chunk,1,1
5747,23333,27417,16,0,0,layered_block,circular,per_chunk,1,1
5748,23208,27125,16,0,0,layered_block,circular,per_chunk,1,1
5749,23083,26917,16,0,0,layered_block,circular,per_chunk,1,1
5750,24375,28375,16,0,0,layered_block,circular,per_chunk,1,1
5751,23958,27834,16,0,0,layered_block,circular,per_chunk,1,1
5752,23375,27250,16,0,0,layered_block,circular,per_chunk,1,1
5753,24583,29083,16,0,0,layered_block,circular,per_chunk,1,1
5754,23708,27667,16,0,0,layered_block,circular,per_chunk,1,1
5755,22791,26667,16,0,0,layered_block,circular,per_chunk,1,1
5756,30875,34833,16,0,0,layered_block,circular,per_chunk,1,1
5757,24500,28375,16,0,0,layered_block,circular,per_chunk,1,1
5758,26166,30000,16,0,0,layered_block,circular,per_chunk,1,1
5759,23541,27500,16,0,0,layered_block,circular,per_chunk,1,1
5760,23167,27042,16,0,0,layered_block,circular,per_chunk,1,1
5761,22916,26833,16,0,0,layered_block,circular,per_chunk,1,1
5762,30958,34958,16,0,0,layered_block,circular,per_chunk,1,1
5763,22875,26667,16,0,0,layered_block,circular,per_chunk,1,1
5764,23500,27375,16,0,0,layered_block,circular,per_chunk,1,1
5765,24083,28000,16,0,0,layered_block,circular,per_chunk,1,1
5766,22958,26833,16,0,0,layered_block,circular,per_chunk,1,1
5767,22792,26667,16,0,0,layered_block,circular,per_chunk,1,1
5768,22875,26750,16,0,0,layered_block,circular,per_chunk,1,1
5769,23375,27250,16,0,0,layered_block,circular,per_chunk,1,1
5770,23375,27333,16,0,0,layered_block,circular,per_chunk,1,1
5771,23042,26959,16,0,0,layered_block,circular,per_chunk,1,1
5772,23125,26958,16,0,0,layered_block,circular,per_chunk,1,1
5773,23583,27541,16,0,0,layered_block,circular,per_chunk,1,1
5774,22875,26792,16,0,0,layered_block,circular,per_chunk,1,1
5775,22833,26708,16,0,0,layered_block,circular,per_chunk,1,1
5776,23417,33917,16,0,0,layered_block,circular,per_chunk,1,1
5777,22916,26750,16,0,0,layered_block,circular,per_chunk,1,1
5778,24083,27958,16,0,0,layered_block,circular,per_chunk,1,1
5779,23333,27250,16,0,0,layered_block,circular,per_chunk,1,1
5780,23208,27125,16,0,0,layered_block,circular,per_chunk,1,1
5781,22958,26833,16,0,0,layered_block,circular,per_chunk,1,1
5782,22958,26875,16,0,0,layered_block,circular,per_chunk,1,1
5783,23250,27250,16,0,0,layered_block,circular,per_chunk,1,1
5784,23333,27208,16,0,0,layered_block,circular,per_chunk,1,1
5785,23250,27084,16,0,0,layered_block,circular,per_chunk,1,1
5786,23167,27084,16,0,0,layered_block,circular,per_chunk,1,1
5787,23125,27375,16,0,0,layered_block,circular,per_chunk,1,1
5788,23375,27250,16,0,0,layered_block,circular,per_chunk,1,1
5789,23541,27458,16,0,0,layered_block,circular,per_chunk,1,1
5790,23000,33625,16,0,0,layered_block,circular,per_chunk,1,1
5791,22916,26750,16,0,0,layered_block,circular,per_chunk,1,1
5792,23500,27417,16,0,0,layered_block,circular,per_chunk,1,1
5793,22834,27334,16,0,0,layered_block,circular,per_chunk,1,1
5794,23250,27125,16,0,0,layered_block,circular,per_chunk,1,1
5795,23542,27459,16,0,0,layered_block,circular,per_chunk,1,1
5796,22792,26666,16,0,0,layered_block,circular,per_chunk,1,1
5797,23875,27833,16,0,0,layered_block,circular,per_chunk,1,1
5798,23750,27625,16,0,0,layered_block,circular,per_chunk,1,1
5799,23375,34042,16,0,0,layered_block,circular,per_chunk,1,1
5800,23000,26916,16,0,0,layered_block,circular,per_chunk,1,1
5801,23500,27417,16,0,0,layered_block,circular,per_chunk,1,1
5802,23375,27458,16,0,0,layered_block,circular,per_chunk,1,1
5803,23125,26916,16,0,0,layered_block,circular,per_chunk,1,1
5804,23375,27292,16,0,0,layered_block,circular,per_chunk,1,1
5805,32042,36000,16,0,0,layered_block,circular,per_chunk,1,1
5806,22792,26750,16,0,0,layered_block,circular,per_chunk,1,1
5807,23583,27459,16,0,0,layered_block,circular,per_chunk,1,1
5808,23583,27416,16,0,0,layered_block,circular,per_chunk,1,1
5809,23125,26917,16,0,0,layered_block,circular,per_chunk,1,1
5810,23750,27667,16,0,0,layered_block,circular,per_chunk,1,1
5811,22708,26625,16,0,0,layered_block,circular,per_chunk,1,1
5812,23500,27458,16,0,0,layered_block,circular,per_chunk,1,1
5813,24000,27917,16,0,0,layered_block,circular,per_chunk,1,1
5814,31042,35042,16,0,0,layered_block,circular,per_chunk,1,1
5815,22834,26666,16,0,0,layered_block,circular,per_chunk,1,1
5816,23583,27458,16,0,0,layered_block,circular,per_chunk,1,1
5817,22875,26792,16,0,0,layered_block,circular,per_chunk,1,1
5818,24584,28500,16,0,0,layered_block,circular,per_chunk,1,1
5819,23292,27167,16,0,0,layered_block,circular,per_chunk,1,1
5820,23500,27500,16,0,0,layered_block,circular,per_chunk,1,1
5821,23084,26958,16,0,0,layered_block,circular,per_chunk,1,1
5822,22833,26708,16,0,0,layered_block,circular,per_chunk,1,1
5823,30667,34834,16,0,0,layered_block,circular,per_chunk,1,1
5824,23125,26958,16,0,0,layered_block,circular,per_chunk,1,1
5825,23208,27042,16,0,0,layered_block,circular,per_chunk,1,1
5826,23292,27209,16,0,0,layered_block,circular,per_chunk,1,1
5827,23208,27125,16,0,0,layered_block,circular,per_chunk,1,1
5828,23584,27458,16,0,0,layered_block,circular,per_chunk,1,1
5829,23375,27292,16,0,0,layered_block,circular,per_chunk,1,1
5830,22958,26791,16,0,0,layered_block,circular,per_chunk,1,1
5831,25041,29250,16,0,0,layered_block,circular,per_chunk,1,1
5832,23500,27375,16,0,0,layered_block,circular,per_chunk,1,1
5833,30416,34458,16,0,0,layered_block,circular,per_chunk,1,1
5834,23417,27208,16,0,0,layered_block,circular,per_chunk,1,1
5835,23333,27292,16,0,0,layered_block,circular,per_chunk,1,1
5836,23417,27375,16,0,0,layered_block,circular,per_chunk,1,1
5837,23708,27583,16,0,0,layered_block,circular,per_chunk,1,1
5838,23667,27542,16,0,0,layered_block,circular,per_chunk,1,1
5839,32334,36291,16,0,0,layered_block,circular,per_chunk,1,1
5840,22834,26750,16,0,0,layered_block,circular,per_chunk,1,1
5841,23084,27000,16,0,0,layered_block,circular,per_chunk,1,1
5842,23167,27083,16,0,0,layered_block,circular,per_chunk,1,1
5843,23500,27417,16,0,0,layered_block,circular,per_chunk,1,1
5844,23500,27500,16,0,0,layered_block,circular,per_chunk,1,1
5845,23125,27042,16,0,0,layered_block,circular,per_chunk,1,1
5846,23375,27292,16,0,0,layered_block,circular,per_chunk,1,1
5847,22834,26708,16,0,0,layered_block,circular,per_chunk,1,1
5848,23375,27333,16,0,0,layered_block,circular,per_chunk,1,1
5849,22958,26792,16,0,0,layered_block,circular,per_chunk,1,1
5850,23375,27834,16,0,0,layered_block,circular,per_chunk,1,1
5851,31792,35958,16,0,0,layered_block,circular,per_chunk,1,1
5852,23042,26917,16,0,0,layered_block,circular,per_chunk,1,1
5853,22917,26667,16,0,0,layered_block,circular,per_chunk,1,1
5854,23250,27167,16,0,0,layered_block,circular,per_chunk,1,1
5855,23709,27500,16,0,0,layered_block,circular,per_chunk,1,1
5856,23625,27541,16,0,0,layered_block,circular,per_chunk,1,1
5857,22750,26667,16,0,0,layered_block,circular,per_chunk,1,1
5858,24250,28042,16,0,0,layered_block,circular,per_chunk,1,1
5859,23083,26958,16,0,0,layered_block,circular,per_chunk,1,1
5860,23000,26875,16,0,0,layered_block,circular,per_chunk,1,1
5861,23833,27667,16,0,0,layered_block,circular,per_chunk,1,1
5862,23292,27208,16,0,0,layered_block,circular,per_chunk,1,1
5863,23833,27709,16,0,0,layered_block,circular,per_chunk,1,1
5864,25708,29584,16,0,0,layered_block,circular,per_chunk,1,1
5865,24208,28125,16,0,0,layered_block,circular,per_chunk,1,1
5866,23334,27375,16,0,0,layered_block,circular,per_chunk,1,1
5867,22667,26583,16,0,0,layered_block,circular,per_chunk,1,1
5868,23208,27042,16,0,0,layered_block,circular,per_chunk,1,1
5869,23542,27500,16,0,0,layered_block,circular,per_chunk,1,1
5870,23709,27625,16,0,0,layered_block,circular,per_chunk,1,1
5871,23459,27375,16,0,0,layered_block,circular,per_chunk,1,1
5872,23334,27250,16,0,0,layered_block,circular,per_chunk,1,1
5873,23458,27500,16,0,0,layered_block,circular,per_chunk,1,1
5874,22792,26666,16,0,0,layered_block,circular,per_chunk,1,1
5875,23000,26833,16,0,0,layered_block,circular,per_chunk,1,1
5876,23125,33750,16,0,0,layered_block,circular,per_chunk,1,1
5877,26708,30917,16,0,0,layered_block,circular,per_chunk,1,1
5878,23250,27125,16,0,0,layered_block,circular,per_chunk,1,1
5879,23750,27625,16,0,0,layered_block,circular,per_chunk,1,1
5880,24166,28375,16,0,0,layered_block,circular,per_chunk,1,1
5881,24708,28542,16,0,0,layered_block,circular,per_chunk,1,1
5882,24167,28042,16,0,0,layered_block,circular,per_chunk,1,1
5883,23958,27792,16,0,0,layered_block,circular,per_chunk,1,1
5884,23542,27458,16,0,0,layered_block,circular,per_chunk,1,1
5885,22750,26666,16,0,0,layered_block,circular,per_chunk,1,1
5886,23583,27458,16,0,0,layered_block,circular,per_chunk,1,1
5887,23625,27458,16,0,0,layered_block,circular,per_chunk,1,1
5888,23833,27708,16,0,0,layered_block,circular,per_chunk,1,1
5889,23500,27416,16,0,0,layered_block,circular,per_chunk,1,1
5890,23458,27334,16,0,0,layered_block,circular,per_chunk,1,1
5891,23500,27584,16,0,0,layered_block,circular,per_chunk,1,1
5892,23667,27500,16,0,0,layered_block,circular,per_chunk,1,1
5893,23208,27042,16,0,0,layered_block,circular,per_chunk,1,1
5894,23625,27542,16,0,0,layered_block,circular,per_chunk,1,1
5895,24583,28375,16,0,0,layered_block,circular,per_chunk,1,1
5896,23583,27500,16,0,0,layered_block,circular,per_chunk,1,1
5897,23667,27542,16,0,0,layered_block,circular,per_chunk,1,1
5898,23417,27250,16,0,0,layered_block,circular,per_chunk,1,1
5899,23334,27250,16,0,0,layered_block,circular,per_chunk,1,1
5900,23584,27458,16,0,0,layered_block,circular,per_chunk,1,1
5901,24500,28375,16,0,0,layered_block,circular,per_chunk,1,1
5902,23917,27833,16,0,0,layered_block,circular,per_chunk,1,1
5903,23459,27333,16,0,0,layered_block,circular,per_chunk,1,1
5904,23042,26959,16,0,0,layered_block,circular,per_chunk,1,1
5905,23958,28166,16,0,0,layered_block,circular,per_chunk,1,1
5906,23166,27083,16,0,0,layered_block,circular,per_chunk,1,1
5907,23250,27083,16,0,0,layered_block,circular,per_chunk,1,1
5908,24459,28500,16,0,0,layered_block,circular,per_chunk,1,1
5909,23417,27334,16,0,0,layered_block,circular,per_chunk,1,1
5910,23500,27375,16,0,0,layered_block,circular,per_chunk,1,1
5911,23000,26958,16,0,0,layered_block,circular,per_chunk,1,1
5912,22834,26750,16,0,0,layered_block,circular,per_chunk,1,1
5913,23375,27584,16,0,0,layered_block,circular,per_chunk,1,1
5914,23125,27000,16,0,0,layered_block,circular,per_chunk,1,1
5915,23792,27750,16,0,0,layered_block,circular,per_chunk,1,1
5916,23291,27125,16,0,0,layered_block,circular,per_chunk,1,1
5917,23125,27042,16,0,0,layered_block,circular,per_chunk,1,1
5918,23375,27250,16,0,0,layered_block,circular,per_chunk,1,1
5919,26000,36667,16,0,0,layered_block,circular,per_chunk,1,1
5920,24166,28083,16,0,0,layered_block,circular,per_chunk,1,1
5921,23959,27834,16,0,0,layered_block,circular,per_chunk,1,1
5922,23417,27375,16,0,0,layered_block,circular,per_chunk,1,1
5923,23250,27166,16,0,0,layered_block,circular,per_chunk,1,1
5924,23417,27250,16,0,0,layered_block,circular,per_chunk,1,1
5925,25583,29416,16,0,0,layered_block,circular,per_chunk,1,1
5926,31083,35083,16,0,0,layered_block,circular,per_chunk,1,1
5927,23250,27125,16,0,0,layered_block,circular,per_chunk,1,1
5928,23541,27417,16,0,0,layered_block,circular,per_chunk,1,1
5929,23208,27125,16,0,0,layered_block,circular,per_chunk,1,1
5930,23375,27208,16,0,0,layered_block,circular,per_chunk,1,1
5931,23250,27458,16,0,0,layered_block,circular,per_chunk,1,1
5932,24708,28583,16,0,0,layered_block,circular,per_chunk,1,1
5933,22792,26709,16,0,0,layered_block,circular,per_chunk,1,1
5934,22833,26750,16,0,0,layered_block,circular,per_chunk,1,1
5935,32125,36084,16,0,0,layered_block,circular,per_chunk,1,1
5936,23250,27167,16,0,0,layered_block,circular,per_chunk,1,1
5937,22958,26875,16,0,0,layered_block,circular,per_chunk,1,1
5938,24333,28208,16,0,0,layered_block,circular,per_chunk,1,1
5939,23417,27334,16,0,0,layered_block,circular,per_chunk,1,1
5940,22750,26666,16,0,0,layered_block,circular,per_chunk,1,1
5941,23083,26917,16,0,0,layered_block,circular,per_chunk,1,1
5942,23875,27709,16,0,0,layered_block,circular,per_chunk,1,1
5943,22959,26834,16,0,0,layered_block,circular,per_chunk,1,1
5944,23125,26959,16,0,0,layered_block,circular,per_chunk,1,1
5945,31708,35708,16,0,0,layered_block,circular,per_chunk,1,1
5946,23167,27041,16,0,0,layered_block,circular,per_chunk,1,1
5947,22833,26792,16,0,0,layered_block,circular,per_chunk,1,1
5948,23834,27750,16,0,0,layered_block,circular,per_chunk,1,1
5949,23667,27500,16,0,0,layered_block,circular,per_chunk,1,1
5950,23458,27334,16,0,0,layered_block,circular,per_chunk,1,1
5951,24000,28083,16,0,0,layered_block,circular,per_chunk,1,1
5952,32792,36709,16,0,0,layered_block,circular,per_chunk,1,1
5953,24417,28333,16,0,0,layered_block,circular,per_chunk,1,1
5954,24250,28167,16,0,0,layered_block,circular,per_chunk,1,1
5955,23042,26959,16,0,0,layered_block,circular,per_chunk,1,1
5956,23042,26959,16,0,0,layered_block,circular,per_chunk,1,1
5957,23375,27250,16,0,0,layered_block,circular,per_chunk,1,1
5958,23042,27000,16,0,0,layered_block,circular,per_chunk,1,1
5959,23000,26875,16,0,0,layered_block,circular,per_chunk,1,1
5960,22833,26709,16,0,0,layered_block,circular,per_chunk,1,1
5961,24875,28708,16,0,0,layered_block,circular,per_chunk,1,1
5962,33167,37125,16,0,0,layered_block,circular,per_chunk,1,1
5963,23042,26917,16,0,0,layered_block,circular,per_chunk,1,1
5964,22834,26708,16,0,0,layered_block,circular,per_chunk,1,1
5965,23459,27375,16,0,0,layered_block,circular,per_chunk,1,1
5966,23500,27291,16,0,0,layered_block,circular,per_chunk,1,1
5967,23083,27000,16,0,0,layered_block,circular,per_chunk,1,1
5968,23583,27542,16,0,0,layered_block,circular,per_chunk,1,1
5969,23125,27084,16,0,0,layered_block,circular,per_chunk,1,1
5970,23500,27333,16,0,0,layered_block,circular,per_chunk,1,1
5971,23292,27250,16,0,0,layered_block,circular,per_chunk,1,1
5972,23500,27375,16,0,0,layered_block,circular,per_chunk,1,1
5973,22834,26708,16,0,0,layered_block,circular,per_chunk,1,1
5974,24041,27833,16,0,0,layered_block,circular,per_chunk,1,1
5975,31458,35417,16,0,0,layered_block,circular,per_chunk,1,1
5976,23417,27250,16,0,0,layered_block,circular,per_chunk,1,1
5977,23791,27667,16,0,0,layered_block,circular,per_chunk,1,1
5978,31500,35541,16,0,0,layered_block,circular,per_chunk,1,1
5979,23167,27000,16,0,0,layered_block,circular,per_chunk,1,1
5980,23917,27708,16,0,0,layered_block,circular,per_chunk,1,1
5981,23750,27625,16,0,0,layered_block,circular,per_chunk,1,1
5982,22834,27000,16,0,0,layered_block,circular,per_chunk,1,1
5983,25083,28875,16,0,0,layered_block,circular,per_chunk,1,1
5984,24042,27875,16,0,0,layered_block,circular,per_chunk,1,1
5985,23625,27542,16,0,0,layered_block,circular,per_chunk,1,1
5986,23000,26917,16,0,0,layered_block,circular,per_chunk,1,1
5987,23042,26917,16,0,0,layered_block,circular,per_chunk,1,1
5988,23709,27791,16,0,0,layered_block,circular,per_chunk,1,1
5989,23167,27083,16,0,0,layered_block,circular,per_chunk,1,1
5990,23375,27209,16,0,0,layered_block,circular,per_chunk,1,1
5991,25875,111209,16,0,0,layered_block,circular,per_chunk,1,1
5992,23833,27792,16,0,0,layered_block,circular,per_chunk,1,1
5993,23084,27000,16,0,0,layered_block,circular,per_chunk,1,1
5994,22709,26666,16,0,0,layered_block,circular,per_chunk,1,1
5995,23708,27625,16,0,0,layered_block,circular,per_chunk,1,1
5996,24042,27875,16,0,0,layered_block,circular,per_chunk,1,1
5997,23292,27250,16,0,0,layered_block,circular,per_chunk,1,1
5998,23542,27375,16,0,0,layered_block,circular,per_chunk,1,1
5999,23292,27125,16,0,0,layered_block,circular,per_chunk,1,1
6000,23792,27750,16,0,0,layered_block,circular,per_chunk,1,1
6001,23500,27375,16,0,0,layered_block,circular,per_chunk,1,1
6002,23334,27208,16,0,0,layered_block,circular,per_chunk,1,1
6003,23333,27292,16,0,0,layered_block,circular,per_chunk,1,1
6004,32792,36709,16,0,0,layered_block,circular,per_chunk,1,1
6005,23042,26875,16,0,0,layered_block,circular,per_chunk,1,1
6006,23208,27125,16,0,0,layered_block,circular,per_chunk,1,1
6007,23333,27125,16,0,0,layered_block,circular,per_chunk,1,1
6008,22792,26750,16,0,0,layered_block,circular,per_chunk,1,1
6009,23959,27834,16,0,0,layered_block,circular,per_chunk,1,1
6010,22792,26709,16,0,0,layered_block,circular,per_chunk,1,1
6011,22917,26833,16,0,0,layered_block,circular,per_chunk,1,1
6012,23833,27750,16,0,0,layered_block,circular,per_chunk,1,1
6013,22834,26750,16,0,0,layered_block,circular,per_chunk,1,1
6014,23000,26917,16,0,0,layered_block,circular,per_chunk,1,1
6015,23542,27667,16,0,0,layered_block,circular,per_chunk,1,1
6016,24084,28208,16,0,0,layered_block,circular,per_chunk,1,1
6017,22875,26792,16,0,0,layered_block,circular,per_chunk,1,1
6018,33083,37084,16,0,0,layered_block,circular,per_chunk,1,1
6019,23250,27083,16,0,0,layered_block,circular,per_chunk,1,1
6020,23333,27208,16,0,0,layered_block,circular,per_chunk,1,1
6021,23084,33000,16,0,0,layered_block,circular,per_chunk,1,1
6022,26917,30833,16,0,0,layered_block,circular,per_chunk,1,1
6023,23833,27750,16,0,0,layered_block,circular,per_chunk,1,1
6024,23458,27542,16,0,0,layered_block,circular,per_chunk,1,1
6025,22791,26666,16,0,0,layered_block,circular,per_chunk,1,1
6026,22792,26584,16,0,0,layered_block,circular,per_chunk,1,1
6027,23708,27708,16,0,0,layered_block,circular,per_chunk,1,1
6028,23500,27417,16,0,0,layered_block,circular,per_chunk,1,1
6029,23291,27083,16,0,0,layered_block,circular,per_chunk,1,1
6030,23583,27667,16,0,0,layered_block,circular,per_chunk,1,1
6031,22791,26666,16,0,0,layered_block,circular,per_chunk,1,1
6032,23542,27417,16,0,0,layered_block,circular,per_chunk,1,1
6033,23250,27125,16,0,0,layered_block,circular,per_chunk,1,1
6034,23833,27667,16,0,0,layered_block,circular,per_chunk,1,1
6035,23833,27666,16,0,0,layered_block,circular,per_chunk,1,1
6036,23292,27334,16,0,0,layered_block,circular,per_chunk,1,1
6037,23500,27458,16,0,0,layered_block,circular,per_chunk,1,1
6038,23208,27125,16,0,0,layered_block,circular,per_chunk,1,1
6039,32833,36833,16,0,0,layered_block,circular,per_chunk,1,1
6040,33250,37167,16,0,0,layered_block,circular,per_chunk,1,1
6041,23708,27500,16,0,0,layered_block,circular,per_chunk,1,1
6042,23125,26959,16,0,0,layered_block,circular,per_chunk,1,1
6043,23750,27709,16,0,0,layered_block,circular,per_chunk,1,1
6044,23500,27333,16,0,0,layered_block,circular,per_chunk,1,1
6045,22916,26917,16,0,0,layered_block,circular,per_chunk,1,1
6046,23459,27334,16,0,0,layered_block,circular,per_chunk,1,1
6047,24250,28084,16,0,0,layered_block,circular,per_chunk,1,1
6048,23417,27292,16,0,0,layered_block,circular,per_chunk,1,1
6049,23000,26917,16,0,0,layered_block,circular,per_chunk,1,1
6050,23500,27417,16,0,0,layered_block,circular,per_chunk,1,1
6051,30542,34542,16,0,0,layered_block,circular,per_chunk,1,1
6052,22875,26708,16,0,0,layered_block,circular,per_chunk,1,1
6053,24084,28000,16,0,0,layered_block,circular,per_chunk,1,1
6054,23875,27834,16,0,0,layered_block,circular,per_chunk,1,1
6055,22833,26750,16,0,0,layered_block,circular,per_chunk,1,1
6056,23375,27291,16,0,0,layered_block,circular,per_chunk,1,1
6057,23666,27625,16,0,0,layered_block,circular,per_chunk,1,1
6058,22958,26750,16,0,0,layered_block,circular,per_chunk,1,1
6059,24083,28042,16,0,0,layered_block,circular,per_chunk,1,1
6060,23209,27166,16,0,0,layered_block,circular,per_chunk,1,1
6061,23750,27583,16,0,0,layered_block,circular,per_chunk,1,1
6062,23333,27292,16,0,0,layered_block,circular,per_chunk,1,1
6063,23958,27875,16,0,0,layered_block,circular,per_chunk,1,1
6064,25125,29042,16,0,0,layered_block,circular,per_chunk,1,1
6065,23625,27542,16,0,0,layered_block,circular,per_chunk,1,1
6066,22958,26917,16,0,0,layered_block,circular,per_chunk,1,1
6067,23083,27000,16,0,0,layered_block,circular,per_chunk,1,1
6068,23209,27125,16,0,0,layered_block,circular,per_chunk,1,1
6069,23791,27709,16,0,0,layered_block,circular,per_chunk,1,1
6070,23292,27209,16,0,0,layered_block,circular,per_chunk,1,1
6071,23375,27208,16,0,0,layered_block,circular,per_chunk,1,1
6072,23792,27667,16,0,0,layered_block,circular,per_chunk,1,1
6073,23208,27042,16,0,0,layered_block,circular,per_chunk,1,1
6074,23500,27417,16,0,0,layered_block,circular,per_chunk,1,1
6075,23084,27000,16,0,0,layered_block,circular,per_chunk,1,1
6076,23291,27125,16,0,0,layered_block,circular,per_chunk,1,1
6077,23500,27458,16,0,0,layered_block,circular,per_chunk,1,1
6078,23875,27834,16,0,0,layered_block,circular,per_chunk,1,1
6079,23708,27666,16,0,0,layered_block,circular,per_chunk,1,1
6080,23125,26958,16,0,0,layered_block,circular,per_chunk,1,1
6081,30542,34500,16,0,0,layered_block,circular,per_chunk,1,1
6082,23709,27541,16,0,0,layered_block,circular,per_chunk,1,1
6083,24250,28167,16,0,0,layered_block,circular,per_chunk,1,1
6084,23000,26916,16,0,0,layered_block,circular,per_chunk,1,1
6085,23000,26916,16,0,0,layered_block,circular,per_chunk,1,1
6086,23834,27750,16,0,0,layered_block,circular,per_chunk,1,1
6087,33667,37667,16,0,0,layered_block,circular,per_chunk,1,1
6088,26375,30500,16,0,0,layered_block,circular,per_chunk,1,1
6089,23917,27875,16,0,0,layered_block,circular,per_chunk,1,1
6090,32000,35917,16,0,0,layered_block,circular,per_chunk,1,1
6091,23125,27042,16,0,0,layered_block,circular,per_chunk,1,1
6092,23250,27167,16,0,0,layered_block,circular,per_chunk,1,1
6093,32042,35958,16,0,0,layered_block,circular,per_chunk,1,1
6094,23375,27208,16,0,0,layered_block,circular,per_chunk,1,1
6095,23166,27042,16,0,0,layered_block,circular,per_chunk,1,1
6096,23708,27625,16,0,0,layered_block,circular,per_chunk,1,1
6097,23375,27250,16,0,0,layered_block,circular,per_chunk,1,1
6098,23333,27250,16,0,0,layered_block,circular,per_chunk,1,1
6099,23250,27167,16,0,0,layered_block,circular,per_chunk,1,1
6100,23000,26792,16,0,0,layered_block,circular,per_chunk,1,1
6101,25000,28917,16,0,0,layered_block,circular,per_chunk,1,1
6102,23042,27000,16,0,0,layered_block,circular,per_chunk,1,1
6103,23167,27083,16,0,0,layered_block,circular,per_chunk,1,1
6104,23208,27666,16,0,0,layered_block,circular,per_chunk,1,1
6105,23625,27542,16,0,0,layered_block,circular,per_chunk,1,1
6106,23042,26875,16,0,0,layered_block,circular,per_chunk,1,1
6107,63875,85500,16,0,0,layered_block,circular,per_chunk,1,1
6108,23542,27416,16,0,0,layered_block,circular,per_chunk,1,1
6109,23917,28125,16,0,0,layered_block,circular,per_chunk,1,1
6110,23000,26958,16,0,0,layered_block,circular,per_chunk,1,1
6111,23791,27583,16,0,0,layered_block,circular,per_chunk,1,1
6112,24750,28666,16,0,0,layered_block,circular,per_chunk,1,1
6113,23875,27791,16,0,0,layered_block,circular,per_chunk,1,1
6114,23416,27292,16,0,0,layered_block,circular,per_chunk,1,1
6115,24125,28000,16,0,0,layered_block,circular,per_chunk,1,1
6116,23041,27000,16,0,0,layered_block,circular,per_chunk,1,1
6117,23750,27584,16,0,0,layered_block,circular,per_chunk,1,1
6118,23084,27000,16,0,0,layered_block,circular,per_chunk,1,1
6119,34333,38375,16,0,0,layered_block,circular,per_chunk,1,1
6120,23375,27250,16,0,0,layered_block,circular,per_chunk,1,1
6121,23000,26917,16,0,0,layered_block,circular,per_chunk,1,1
6122,31042,35000,16,0,0,layered_block,circular,per_chunk,1,1
6123,23750,27583,16,0,0,layered_block,circular,per_chunk,1,1
6124,22875,26750,16,0,0,layered_block,circular,per_chunk,1,1
6125,23250,27167,16,0,0,layered_block,circular,per_chunk,1,1
6126,23500,27375,16,0,0,layered_block,circular,per_chunk,1,1
6127,23542,27458,16,0,0,layered_block,circular,per_chunk,1,1
6128,23917,27875,16,0,0,layered_block,circular,per_chunk,1,1
6129,22833,26750,16,0,0,layered_block,circular,per_chunk,1,1
6130,23166,27042,16,0,0,layered_block,circular,per_chunk,1,1
6131,23750,27625,16,0,0,layered_block,circular,per_chunk,1,1
6132,33583,37542,16,0,0,layered_block,circular,per_chunk,1,1
6133,23250,27084,16,0,0,layered_block,circular,per_chunk,1,1
6134,23333,27250,16,0,0,layered_block,circular,per_chunk,1,1
6135,23250,27750,16,0,0,layered_block,circular,per_chunk,1,1
6136,23000,26958,16,0,0,layered_block,circular,per_chunk,1,1
6137,23291,27167,16,0,0,layered_block,circular,per_chunk,1,1
6138,25375,29333,16,0,0,layered_block,circular,per_chunk,1,1
6139,30500,34459,16,0,0,layered_block,circular,per_chunk,1,1
6140,23417,27250,16,0,0,layered_block,circular,per_chunk,1,1
6141,24000,27875,16,0,0,layered_block,circular,per_chunk,1,1
6142,23625,27541,16,0,0,layered_block,circular,per_chunk,1,1
6143,24000,27875,16,0,0,layered_block,circular,per_chunk,1,1
6144,24000,27792,16,0,0,layered_block,circular,per_chunk,1,1
6145,26167,30041,16,0,0,layered_block,circular,per_chunk,1,1
6146,23084,27000,16,0,0,layered_block,circular,per_chunk,1,1
6147,23000,26875,16,0,0,layered_block,circular,per_chunk,1,1
6148,23417,27917,16,0,0,layered_block,circular,per_chunk,1,1
6149,23417,27375,16,0,0,layered_block,circular,per_chunk,1,1
6150,23333,27292,16,0,0,layered_block,circular,per_chunk,1,1
6151,24208,28167,16,0,0,layered_block,circular,per_chunk,1,1
6152,32500,36459,16,0,0,layered_block,circular,per_chunk,1,1
6153,22750,26625,16,0,0,layered_block,circular,per_chunk,1,1
6154,23375,27250,16,0,0,layered_block,circular,per_chunk,1,1
6155,23000,26916,16,0,0,layered_block,circular,per_chunk,1,1
6156,22750,26584,16,0,0,layered_block,circular,per_chunk,1,1
6157,23459,27458,16,0,0,layered_block,circular,per_chunk,1,1
6158,25333,29209,16,0,0,layered_block,circular,per_chunk,1,1
6159,23083,27000,16,0,0,layered_block,circular,per_chunk,1,1
6160,22625,26542,16,0,0,layered_block,circular,per_chunk,1,1
6161,23542,27416,16,0,0,layered_block,circular,per_chunk,1,1
6162,23000,26875,16,0,0,layered_block,circular,per_chunk,1,1
6163,23667,27542,16,0,0,layered_block,circular,per_chunk,1,1
6164,23625,27541,16,0,0,layered_block,circular,per_chunk,1,1
6165,23167,27042,16,0,0,layered_block,circular,per_chunk,1,1
6166,23750,27542,16,0,0,layered_block,circular,per_chunk,1,1
6167,23166,27125,16,0,0,layered_block,circular,per_chunk,1,1
6168,23500,27458,16,0,0,layered_block,circular,per_chunk,1,1
6169,23416,27250,16,0,0,layered_block,circular,per_chunk,1,1
6170,23250,27125,16,0,0,layered_block,circular,per_chunk,1,1
6171,25750,30209,16,0,0,layered_block,circular,per_chunk,1,1
6172,23666,27583,16,0,0,layered_block,circular,per_chunk,1,1
6173,23083,26875,16,0,0,layered_block,circular,per_chunk,1,1
6174,23250,27292,16,0,0,layered_block,circular,per_chunk,1,1
6175,22958,26875,16,0,0,layered_block,circular,per_chunk,1,1
6176,23250,27125,16,0,0,layered_block,circular,per_chunk,1,1
6177,23250,27541,16,0,0,layered_block,circular,per_chunk,1,1
6178,32125,36042,16,0,0,layered_block,circular,per_chunk,1,1
6179,24208,28042,16,0,0,layered_block,circular,per_chunk,1,1
6180,23667,27542,16,0,0,layered_block,circular,per_chunk,1,1
6181,31208,35208,16,0,0,layered_block,circular,per_chunk,1,1
6182,23334,27084,16,0,0,layered_block,circular,per_chunk,1,1
6183,23583,27542,16,0,0,layered_block,circular,per_chunk,1,1
6184,25791,29708,16,0,0,layered_block,circular,per_chunk,1,1
6185,23708,27583,16,0,0,layered_block,circular,per_chunk,1,1
6186,23375,27292,16,0,0,layered_block,circular,per_chunk,1,1
6187,23916,27834,16,0,0,layered_block,circular,per_chunk,1,1
6188,24125,28042,16,0,0,layered_block,circular,per_chunk,1,1
6189,24083,27958,16,0,0,layered_block,circular,per_chunk,1,1
6190,24000,28292,16,0,0,layered_block,circular,per_chunk,1,1
6191,24083,27917,16,0,0,layered_block,circular,per_chunk,1,1
6192,23458,27334,16,0,0,layered_block,circular,per_chunk,1,1
6193,23709,27750,16,0,0,layered_block,circular,per_chunk,1,1
6194,23125,26958,16,0,0,layered_block,circular,per_chunk,1,1
6195,23833,27709,16,0,0,layered_block,circular,per_chunk,1,1
6196,23083,27375,16,0,0,layered_block,circular,per_chunk,1,1
6197,23250,27125,16,0,0,layered_block,circular,per_chunk,1,1
6198,22917,26750,16,0,0,layered_block,circular,per_chunk,1,1
6199,23167,27417,16,0,0,layered_block,circular,per_chunk,1,1
6200,23417,27333,16,0,0,layered_block,circular,per_chunk,1,1
6201,23667,27542,16,0,0,layered_block,circular,per_chunk,1,1
6202,24416,28416,16,0,0,layered_block,circular,per_chunk,1,1
6203,22958,26875,16,0,0,layered_block,circular,per_chunk,1,1
6204,23500,27334,16,0,0,layered_block,circular,per_chunk,1,1
6205,23500,27375,16,0,0,layered_block,circular,per_chunk,1,1
6206,31500,35458,16,0,0,layered_block,circular,per_chunk,1,1
6207,22916,26834,16,0,0,layered_block,circular,per_chunk,1,1
6208,22750,26583,16,0,0,layered_block,circular,per_chunk,1,1
6209,33083,37042,16,0,0,layered_block,circular,per_chunk,1,1
6210,22750,26625,16,0,0,layered_block,circular,per_chunk,1,1
6211,22916,26750,16,0,0,layered_block,circular,per_chunk,1,1
6212,23709,27750,16,0,0,layered_block,circular,per_chunk,1,1
6213,23667,27583,16,0,0,layered_block,circular,per_chunk,1,1
6214,23167,27084,16,0,0,layered_block,circular,per_chunk,1,1
6215,23542,27958,16,0,0,layered_block,circular,per_chunk,1,1
6216,22834,26708,16,0,0,layered_block,circular,per_chunk,1,1
6217,23333,27167,16,0,0,layered_block,circular,per_chunk,1,1
6218,23042,26916,16,0,0,layered_block,circular,per_chunk,1,1
6219,23459,27416,16,0,0,layered_block,circular,per_chunk,1,1
6220,22959,26833,16,0,0,layered_block,circular,per_chunk,1,1
6221,23250,27083,16,0,0,layered_block,circular,per_chunk,1,1
6222,31125,35125,16,0,0,layered_block,circular,per_chunk,1,1
6223,23334,27416,16,0,0,layered_block,circular,per_chunk,1,1
6224,23041,26917,16,0,0,layered_block,circular,per_chunk,1,1
6225,23708,27625,16,0,0,layered_block,circular,per_chunk,1,1
6226,23459,33750,16,0,0,layered_block,circular,per_chunk,1,1
6227,23417,27250,16,0,0,layered_block,circular,per_chunk,1,1
6228,23125,27000,16,0,0,layered_block,circular,per_chunk,1,1
6229,31708,35667,16,0,0,layered_block,circular,per_chunk,1,1
6230,23542,27292,16,0,0,layered_block,circular,per_chunk,1,1
6231,23458,27375,16,0,0,layered_block,circular,per_chunk,1,1
6232,23708,27666,16,0,0,layered_block,circular,per_chunk,1,1
6233,23208,27042,16,0,0,layered_block,circular,per_chunk,1,1
6234,23708,27542,16,0,0,layered_block,circular,per_chunk,1,1
6235,24458,28458,16,0,0,layered_block,circular,per_chunk,1,1
6236,23708,27625,16,0,0,layered_block,circular,per_chunk,1,1
6237,23666,27500,16,0,0,layered_block,circular,per_chunk,1,1
6238,24042,27917,16,0,0,layered_block,circular,per_chunk,1,1
6239,32208,36250,16,0,0,layered_block,circular,per_chunk,1,1
6240,23583,27375,16,0,0,layered_block,circular,per_chunk,1,1
6241,23458,27375,16,0,0,layered_block,circular,per_chunk,1,1
6242,23834,27750,16,0,0,layered_block,circular,per_chunk,1,1
6243,23583,27417,16,0,0,layered_block,circular,per_chunk,1,1
6244,22875,26792,16,0,0,layered_block,circular,per_chunk,1,1
6245,23834,27666,16,0,0,layered_block,circular,per_chunk,1,1
6246,22750,26667,16,0,0,layered_block,circular,per_chunk,1,1
6247,23458,27292,16,0,0,layered_block,circular,per_chunk,1,1
6248,23000,26958,16,0,0,layered_block,circular,per_chunk,1,1
6249,23208,27125,16,0,0,layered_block,circular,per_chunk,1,1
6250,24000,27833,16,0,0,layered_block,circular,per_chunk,1,1
6251,23125,26917,16,0,0,layered_block,circular,per_chunk,1,1
6252,23583,27500,16,0,0,layered_block,circular,per_chunk,1,1
6253,23542,27375,16,0,0,layered_block,circular,per_chunk,1,1
6254,23625,27917,16,0,0,layered_block,circular,per_chunk,1,1
6255,23292,27167,16,0,0,layered_block,circular,per_chunk,1,1
6256,24250,28166,16,0,0,layered_block,circular,per_chunk,1,1
6257,23542,27416,16,0,0,layered_block,circular,per_chunk,1,1
6258,24125,28166,16,0,0,layered_block,circular,per_chunk,1,1
6259,23417,27334,16,0,0,layered_block,circular,per_chunk,1,1
6260,23375,27209,16,0,0,layered_block,circular,per_chunk,1,1
6261,23417,27417,16,0,0,layered_block,circular,per_chunk,1,1
6262,24042,27916,16,0,0,layered_block,circular,per_chunk,1,1
6263,23958,27792,16,0,0,layered_block,circular,per_chunk,1,1
6264,23125,27000,16,0,0,layered_block,circular,per_chunk,1,1
6265,23958,28083,16,0,0,layered_block,circular,per_chunk,1,1
6266,23667,27417,16,0,0,layered_block,circular,per_chunk,1,1
6267,23416,27333,16,0,0,layered_block,circular,per_chunk,1,1
6268,23792,27750,16,0,0,layered_block,circular,per_chunk,1,1
6269,23834,27791,16,0,0,layered_block,circular,per_chunk,1,1
6270,23291,27167,16,0,0,layered_block,circular,per_chunk,1,1
6271,23917,27834,16,0,0,layered_block,circular,per_chunk,1,1
6272,23209,27125,16,0,0,layered_block,circular,per_chunk,1,1
6273,22875,26792,16,0,0,layered_block,circular,per_chunk,1,1
6274,24250,28250,16,0,0,layered_block,circular,per_chunk,1,1
6275,23125,27000,16,0,0,layered_block,circular,per_chunk,1,1
6276,23083,26917,16,0,0,layered_block,circular,per_chunk,1,1
6277,23500,27375,16,0,0,layered_block,circular,per_chunk,1,1
6278,32459,36500,16,0,0,layered_block,circular,per_chunk,1,1
6279,23250,27083,16,0,0,layered_block,circular,per_chunk,1,1
6280,24084,27958,16,0,0,layered_block,circular,per_chunk,1,1
6281,31000,35000,16,0,0,layered_block,circular,per_chunk,1,1
6282,23875,28125,16,0,0,layered_block,circular,per_chunk,1,1
6283,23417,27250,16,0,0,layered_block,circular,per_chunk,1,1
6284,23375,27333,16,0,0,layered_block,circular,per_chunk,1,1
6285,23500,27458,16,0,0,layered_block,circular,per_chunk,1,1
6286,23167,27042,16,0,0,layered_block,circular,per_chunk,1,1
6287,24333,28375,16,0,0,layered_block,circular,per_chunk,1,1
6288,23667,27583,16,0,0,layered_block,circular,per_chunk,1,1
6289,24625,28500,16,0,0,layered_block,circular,per_chunk,1,1
6290,24000,27875,16,0,0,layered_block,circular,per_chunk,1,1
6291,31042,35000,16,0,0,layered_block,circular,per_chunk,1,1
6292,23542,27417,16,0,0,layered_block,circular,per_chunk,1,1
6293,22750,26625,16,0,0,layered_block,circular,per_chunk,1,1
6294,31000,34958,16,0,0,layered_block,circular,per_chunk,1,1
6295,23958,27875,16,0,0,layered_block,circular,per_chunk,1,1
6296,23417,27375,16,0,0,layered_block,circular,per_chunk,1,1
6297,23958,27875,16,0,0,layered_block,circular,per_chunk,1,1
6298,22792,26667,16,0,0,layered_block,circular,per_chunk,1,1
6299,23250,27166,16,0,0,layered_block,circular,per_chunk,1,1
6300,23792,28125,16,0,0,layered_block,circular,per_chunk,1,1
6301,23250,27167,16,0,0,layered_block,circular,per_chunk,1,1
6302,24250,28167,16,0,0,layered_block,circular,per_chunk,1,1
6303,23083,26917,16,0,0,layered_block,circular,per_chunk,1,1
6304,23375,27667,16,0,0,layered_block,circular,per_chunk,1,1
6305,23834,27791,16,0,0,layered_block,circular,per_chunk,1,1
6306,23458,27333,16,0,0,layered_block,circular,per_chunk,1,1
6307,23583,27542,16,0,0,layered_block,circular,per_chunk,1,1
6308,23750,27667,16,0,0,layered_block,circular,per_chunk,1,1
6309,23792,27625,16,0,0,layered_block,circular,per_chunk,1,1
6310,23750,27583,16,0,0,layered_block,circular,per_chunk,1,1
6311,31459,35666,16,0,0,layered_block,circular,per_chunk,1,1
6312,22833,26792,16,0,0,layered_block,circular,per_chunk,1,1
6313,23583,27542,16,0,0,layered_block,circular,per_chunk,1,1
6314,30708,34833,16,0,0,layered_block,circular,per_chunk,1,1
6315,23042,27000,16,0,0,layered_block,circular,per_chunk,1,1
6316,23291,27208,16,0,0,layered_block,circular,per_chunk,1,1
6317,23125,27375,16,0,0,layered_block,circular,per_chunk,1,1
6318,22750,26667,16,0,0,layered_block,circular,per_chunk,1,1
6319,23417,27333,16,0,0,layered_block,circular,per_chunk,1,1
6320,23042,27000,16,0,0,layered_block,circular,per_chunk,1,1
6321,31250,35209,16,0,0,layered_block,circular,per_chunk,1,1
6322,23875,27750,16,0,0,layered_block,circular,per_chunk,1,1
6323,23000,26875,16,0,0,layered_block,circular,per_chunk,1,1
6324,31459,35416,16,0,0,layered_block,circular,per_chunk,1,1
6325,24083,28042,16,0,0,layered_block,circular,per_chunk,1,1
6326,22959,26833,16,0,0,layered_block,circular,per_chunk,1,1
6327,30917,34875,16,0,0,layered_block,circular,per_chunk,1,1
6328,23542,27458,16,0,0,layered_block,circular,per_chunk,1,1
6329,23334,27291,16,0,0,layered_block,circular,per_chunk,1,1
6330,24125,28333,16,0,0,layered_block,circular,per_chunk,1,1
6331,23958,27958,16,0,0,layered_block,circular,per_chunk,1,1
6332,23500,27333,16,0,0,layered_block,circular,per_chunk,1,1
6333,23166,27000,16,0,0,layered_block,circular,per_chunk,1,1
6334,23041,26958,16,0,0,layered_block,circular,per_chunk,1,1
6335,23625,27459,16,0,0,layered_block,circular,per_chunk,1,1
6336,22625,26541,16,0,0,layered_block,circular,per_chunk,1,1
6337,23792,27792,16,0,0,layered_block,circular,per_chunk,1,1
6338,22750,26667,16,0,0,layered_block,circular,per_chunk,1,1
6339,23208,27125,16,0,0,layered_block,circular,per_chunk,1,1
6340,23375,27708,16,0,0,layered_block,circular,per_chunk,1,1
6341,29750,33667,16,0,0,layered_block,circular,per_chunk,1,1
6342,23458,27250,16,0,0,layered_block,circular,per_chunk,1,1
6343,24375,28208,16,0,0,layered_block,circular,per_chunk,1,1
6344,22917,34208,16,0,0,layered_block,circular,per_chunk,1,1
6345,24166,28000,16,0,0,layered_block,circular,per_chunk,1,1
6346,23709,27584,16,0,0,layered_block,circular,per_chunk,1,1
6347,24875,28959,16,0,0,layered_block,circular,per_chunk,1,1
6348,23166,27083,16,0,0,layered_block,circular,per_chunk,1,1
6349,22958,26792,16,0,0,layered_block,circular,per_chunk,1,1
6350,24917,28792,16,0,0,layered_block,circular,per_chunk,1,1
6351,23292,27250,16,0,0,layered_block,circular,per_chunk,1,1
6352,23750,27666,16,0,0,layered_block,circular,per_chunk,1,1
6353,24208,28125,16,0,0,layered_block,circular,per_chunk,1,1
6354,32625,36500,16,0,0,layered_block,circular,per_chunk,1,1
6355,23500,27334,16,0,0,layered_block,circular,per_chunk,1,1
6356,23834,27708,16,0,0,layered_block,circular,per_chunk,1,1
6357,31041,34958,16,0,0,layered_block,circular,per_chunk,1,1
6358,23083,26917,16,0,0,layered_block,circular,per_chunk,1,1
6359,22834,26791,16,0,0,layered_block,circular,per_chunk,1,1
6360,23208,27500,16,0,0,layered_block,circular,per_chunk,1,1
6361,22667,26583,16,0,0,layered_block,circular,per_chunk,1,1
6362,22917,26833,16,0,0,layered_block,circular,per_chunk,1,1
6363,23417,27875,16,0,0,layered_block,circular,per_chunk,1,1
6364,23083,26958,16,0,0,layered_block,circular,per_chunk,1,1
6365,22791,26625,16,0,0,layered_block,circular,per_chunk,1,1
6366,23041,26958,16,0,0,layered_block,circular,per_chunk,1,1
6367,25000,29000,16,0,0,layered_block,circular,per_chunk,1,1
6368,23042,26916,16,0,0,layered_block,circular,per_chunk,1,1
6369,23000,26916,16,0,0,layered_block,circular,per_chunk,1,1
6370,23417,27375,16,0,0,layered_block,circular,per_chunk,1,1
6371,22792,26625,16,0,0,layered_block,circular,per_chunk,1,1
6372,23042,26959,16,0,0,layered_block,circular,per_chunk,1,1
6373,24083,28417,16,0,0,layered_block,circular,per_chunk,1,1
6374,22792,26708,16,0,0,layered_block,circular,per_chunk,1,1
6375,23166,27083,16,0,0,layered_block,circular,per_chunk,1,1
6376,23542,27500,16,0,0,layered_block,circular,per_chunk,1,1
6377,23292,27208,16,0,0,layered_block,circular,per_chunk,1,1
6378,23208,27084,16,0,0,layered_block,circular,per_chunk,1,1
6379,23417,27375,16,0,0,layered_block,circular,per_chunk,1,1
6380,23667,27625,16,0,0,layered_block,circular,per_chunk,1,1
6381,23000,26917,16,0,0,layered_block,circular,per_chunk,1,1
6382,22792,26708,16,0,0,layered_block,circular,per_chunk,1,1
6383,30583,34500,16,0,0,layered_block,circular,per_chunk,1,1
6384,22833,26750,16,0,0,layered_block,circular,per_chunk,1,1
6385,22917,26750,16,0,0,layered_block,circular,per_chunk,1,1
6386,23750,27625,16,0,0,layered_block,circular,per_chunk,1,1
6387,23333,27250,16,0,0,layered_block,circular,per_chunk,1,1
6388,23459,27375,16,0,0,layered_block,circular,per_chunk,1,1
6389,23875,28375,16,0,0,layered_block,circular,per_chunk,1,1
6390,22750,26625,16,0,0,layered_block,circular,per_chunk,1,1
6391,23459,27375,16,0,0,layered_block,circular,per_chunk,1,1
6392,24375,28875,16,0,0,layered_block,circular,per_chunk,1,1
6393,32542,36500,16,0,0,layered_block,circular,per_chunk,1,1
6394,23333,27167,16,0,0,layered_block,circular,per_chunk,1,1
6395,23500,27375,16,0,0,layered_block,circular,per_chunk,1,1
6396,23500,27416,16,0,0,layered_block,circular,per_chunk,1,1
6397,23458,27292,16,0,0,layered_block,circular,per_chunk,1,1
6398,23791,27833,16,0,0,layered_block,circular,per_chunk,1,1
6399,25500,29417,16,0,0,layered_block,circular,per_chunk,1,1
6400,24792,28708,16,0,0,layered_block,circular,per_chunk,1,1
6401,23667,27459,16,0,0,layered_block,circular,per_chunk,1,1
6402,23708,27500,16,0,0,layered_block,circular,per_chunk,1,1
6403,23250,27125,16,0,0,layered_block,circular,per_chunk,1,1
6404,23208,27083,16,0,0,layered_block,circular,per_chunk,1,1
6405,23625,28083,16,0,0,layered_block,circular,per_chunk,1,1
6406,31709,35625,16,0,0,layered_block,circular,per_chunk,1,1
6407,23292,27166,16,0,0,layered_block,circular,per_chunk,1,1
6408,22917,26792,16,0,0,layered_block,circular,per_chunk,1,1
6409,24000,33708,16,0,0,layered_block,circular,per_chunk,1,1
6410,23667,27500,16,0,0,layered_block,circular,per_chunk,1,1
6411,24416,28333,16,0,0,layered_block,circular,per_chunk,1,1
6412,25708,29583,16,0,0,layered_block,circular,per_chunk,1,1
6413,24000,27917,16,0,0,layered_block,circular,per_chunk,1,1
6414,23292,27125,16,0,0,layered_block,circular,per_chunk,1,1
6415,24208,28125,16,0,0,layered_block,circular,per_chunk,1,1
6416,23500,27417,16,0,0,layered_block,circular,per_chunk,1,1
6417,22875,26791,16,0,0,layered_block,circular,per_chunk,1,1
6418,23166,27083,16,0,0,layered_block,circular,per_chunk,1,1
6419,23500,27417,16,0,0,layered_block,circular,per_chunk,1,1
6420,23916,27750,16,0,0,layered_block,circular,per_chunk,1,1
6421,23959,27833,16,0,0,layered_block,circular,per_chunk,1,1
6422,24042,28125,16,0,0,layered_block,circular,per_chunk,1,1
6423,23750,27584,16,0,0,layered_block,circular,per_chunk,1,1
6424,22958,26834,16,0,0,layered_block,circular,per_chunk,1,1
6425,24834,28708,16,0,0,layered_block,circular,per_chunk,1,1
6426,22750,26667,16,0,0,layered_block,circular,per_chunk,1,1
6427,23708,27584,16,0,0,layered_block,circular,per_chunk,1,1
6428,23042,27000,16,0,0,layered_block,circular,per_chunk,1,1
6429,23000,26875,16,0,0,layered_block,circular,per_chunk,1,1
6430,22709,26625,16,0,0,layered_block,circular,per_chunk,1,1
6431,23084,27083,16,0,0,layered_block,circular,per_chunk,1,1
6432,31208,35125,16,0,0,layered_block,circular,per_chunk,1,1
6433,23500,27333,16,0,0,layered_block,circular,per_chunk,1,1
6434,22750,26667,16,0,0,layered_block,circular,per_chunk,1,1
6435,23459,27375,16,0,0,layered_block,circular,per_chunk,1,1
6436,22792,26667,16,0,0,layered_block,circular,per_chunk,1,1
6437,24125,28042,16,0,0,layered_block,circular,per_chunk,1,1
6438,99708,110125,16,0,0,layered_block,circular,per_chunk,1,1
6439,23041,26875,16,0,0,layered_block,circular,per_chunk,1,1
6440,23000,26917,16,0,0,layered_block,circular,per_chunk,1,1
6441,23208,27167,16,0,0,layered_block,circular,per_chunk,1,1
6442,22833,26666,16,0,0,layered_block,circular,per_chunk,1,1
6443,23292,27583,16,0,0,layered_block,circular,per_chunk,1,1
6444,22708,26542,16,0,0,layered_block,circular,per_chunk,1,1
6445,23250,27042,16,0,0,layered_block,circular,per_chunk,1,1
6446,23292,27084,16,0,0,layered_block,circular,per_chunk,1,1
6447,23209,27125,16,0,0,layered_block,circular,per_chunk,1,1
6448,22792,26625,16,0,0,layered_block,circular,per_chunk,1,1
6449,23708,27667,16,0,0,layered_block,circular,per_chunk,1,1
6450,23166,27041,16,0,0,layered_block,circular,per_chunk,1,1
6451,22833,26709,16,0,0,layered_block,circular,per_chunk,1,1
6452,23250,27042,16,0,0,layered_block,circular,per_chunk,1,1
6453,22750,26625,16,0,0,layered_block,circular,per_chunk,1,1
6454,23041,26917,16,0,0,layered_block,circular,per_chunk,1,1
6455,23083,27083,16,0,0,layered_block,circular,per_chunk,1,1
6456,23250,27125,16,0,0,layered_block,circular,per_chunk,1,1
6457,22708,26500,16,0,0,layered_block,circular,per_chunk,1,1
6458,26250,30250,16,0,0,layered_block,circular,per_chunk,1,1
6459,23250,27167,16,0,0,layered_block,circular,per_chunk,1,1
6460,23125,26917,16,0,0,layered_block,circular,per_chunk,1,1
6461,23417,27291,16,0,0,layered_block,circular,per_chunk,1,1
6462,31417,35458,16,0,0,layered_block,circular,per_chunk,1,1
6463,23000,26875,16,0,0,layered_block,circular,per_chunk,1,1
6464,23167,27000,16,0,0,layered_block,circular,per_chunk,1,1
6465,24166,28208,16,0,0,layered_block,circular,per_chunk,1,1
6466,23208,27125,16,0,0,layered_block,circular,per_chunk,1,1
6467,23208,27041,16,0,0,layered_block,circular,per_chunk,1,1
6468,23250,27292,16,0,0,layered_block,circular,per_chunk,1,1
6469,23000,26875,16,0,0,layered_block,circular,per_chunk,1,1
6470,22792,26625,16,0,0,layered_block,circular,per_chunk,1,1
6471,25250,29125,16,0,0,layered_block,circular,per_chunk,1,1
6472,23041,26958,16,0,0,layered_block,circular,per_chunk,1,1
6473,22917,26750,16,0,0,layered_block,circular,per_chunk,1,1
6474,23209,27583,16,0,0,layered_block,circular,per_chunk,1,1
6475,22958,26833,16,0,0,layered_block,circular,per_chunk,1,1
6476,22875,26791,16,0,0,layered_block,circular,per_chunk,1,1
6477,30833,34708,16,0,0,layered_block,circular,per_chunk,1,1
6478,23667,27459,16,0,0,layered_block,circular,per_chunk,1,1
6479,23333,27208,16,0,0,layered_block,circular,per_chunk,1,1
6480,22917,27167,16,0,0,layered_block,circular,per_chunk,1,1
6481,23375,27291,16,0,0,layered_block,circular,per_chunk,1,1
6482,23042,26875,16,0,0,layered_block,circular,per_chunk,1,1
6483,23416,27875,16,0,0,layered_block,circular,per_chunk,1,1
6484,23208,27083,16,0,0,layered_block,circular,per_chunk,1,1
6485,23333,27167,16,0,0,layered_block,circular,per_chunk,1,1
6486,23625,27959,16,0,0,layered_block,circular,per_chunk,1,1
6487,22792,26666,16,0,0,layered_block,circular,per_chunk,1,1
6488,23167,27000,16,0,0,layered_block,circular,per_chunk,1,1
6489,30500,34417,16,0,0,layered_block,circular,per_chunk,1,1
6490,22958,26750,16,0,0,layered_block,circular,per_chunk,1,1
6491,24958,28834,16,0,0,layered_block,circular,per_chunk,1,1
6492,23125,26958,16,0,0,layered_block,circular,per_chunk,1,1
6493,23000,26833,16,0,0,layered_block,circular,per_chunk,1,1
6494,22875,26750,16,0,0,layered_block,circular,per_chunk,1,1
6495,31750,35708,16,0,0,layered_block,circular,per_chunk,1,1
6496,23000,26792,16,0,0,layered_block,circular,per_chunk,1,1
6497,23292,27208,16,0,0,layered_block,circular,per_chunk,1,1
6498,32916,36875,16,0,0,layered_block,circular,per_chunk,1,1
6499,23542,27417,16,0,0,layered_block,circular,per_chunk,1,1
6500,23375,27292,16,0,0,layered_block,circular,per_chunk,1,1
6501,24042,34458,16,0,0,layered_block,circular,per_chunk,1,1
6502,23542,27458,16,0,0,layered_block,circular,per_chunk,1,1
6503,23416,27333,16,0,0,layered_block,circular,per_chunk,1,1
6504,97291,102000,16,0,0,layered_block,circular,per_chunk,1,1
6505,22958,26834,16,0,0,layered_block,circular,per_chunk,1,1
6506,22666,26583,16,0,0,layered_block,circular,per_chunk,1,1
6507,23625,27541,16,0,0,layered_block,circular,per_chunk,1,1
6508,22666,26542,16,0,0,layered_block,circular,per_chunk,1,1
6509,23541,27375,16,0,0,layered_block,circular,per_chunk,1,1
6510,30417,34292,16,0,0,layered_block,circular,per_chunk,1,1
6511,23292,27125,16,0,0,layered_block,circular,per_chunk,1,1
6512,22958,26833,16,0,0,layered_block,circular,per_chunk,1,1
6513,23500,27375,16,0,0,layered_block,circular,per_chunk,1,1
6514,22750,26667,16,0,0,layered_block,circular,per_chunk,1,1
6515,22709,26583,16,0,0,layered_block,circular,per_chunk,1,1
6516,30750,34666,16,0,0,layered_block,circular,per_chunk,1,1
6517,22792,26625,16,0,0,layered_block,circular,per_chunk,1,1
6518,23708,27542,16,0,0,layered_block,circular,per_chunk,1,1
6519,23583,27542,16,0,0,layered_block,circular,per_chunk,1,1
6520,23458,27375,16,0,0,layered_block,circular,per_chunk,1,1
6521,23500,27292,16,0,0,layered_block,circular,per_chunk,1,1
6522,31709,35625,16,0,0,layered_block,circular,per_chunk,1,1
6523,23125,26875,16,0,0,layered_block,circular,per_chunk,1,1
6524,25875,29709,16,0,0,layered_block,circular,per_chunk,1,1
6525,24292,28167,16,0,0,layered_block,circular,per_chunk,1,1
6526,23417,27292,16,0,0,layered_block,circular,per_chunk,1,1
6527,23125,27083,16,0,0,layered_block,circular,per_chunk,1,1
6528,23541,27500,16,0,0,layered_block,circular,per_chunk,1,1
6529,22792,26709,16,0,0,layered_block,circular,per_chunk,1,1
6530,23042,26833,16,0,0,layered_block,circular,per_chunk,1,1
6531,23250,27083,16,0,0,layered_block,circular,per_chunk,1,1
6532,23584,27417,16,0,0,layered_block,circular,per_chunk,1,1
6533,22875,26708,16,0,0,layered_block,circular,per_chunk,1,1
6534,23291,27208,16,0,0,layered_block,circular,per_chunk,1,1
6535,23125,27000,16,0,0,layered_block,circular,per_chunk,1,1
6536,23125,27042,16,0,0,layered_block,circular,per_chunk,1,1
6537,22709,33375,16,0,0,layered_block,circular,per_chunk,1,1
6538,23125,27041,16,0,0,layered_block,circular,per_chunk,1,1
6539,23000,26875,16,0,0,layered_block,circular,per_chunk,1,1
6540,23541,27458,16,0,0,layered_block,circular,per_chunk,1,1
6541,22708,26584,16,0,0,layered_block,circular,per_chunk,1,1
6542,23250,27208,16,0,0,layered_block,circular,per_chunk,1,1
6543,30500,34458,16,0,0,layered_block,circular,per_chunk,1,1
6544,22875,26750,16,0,0,layered_block,circular,per_chunk,1,1
6545,23000,26834,16,0,0,layered_block,circular,per_chunk,1,1
6546,23166,27500,16,0,0,layered_block,circular,per_chunk,1,1
6547,22792,26667,16,0,0,layered_block,circular,per_chunk,1,1
6548,23000,26916,16,0,0,layered_block,circular,per_chunk,1,1
6549,31209,35083,16,0,0,layered_block,circular,per_chunk,1,1
6550,23000,26792,16,0,0,layered_block,circular,per_chunk,1,1
6551,23375,27250,16,0,0,layered_block,circular,per_chunk,1,1
6552,23167,27042,16,0,0,layered_block,circular,per_chunk,1,1
6553,23166,27083,16,0,0,layered_block,circular,per_chunk,1,1
6554,23041,26958,16,0,0,layered_block,circular,per_chunk,1,1
6555,30708,34792,16,0,0,layered_block,circular,per_chunk,1,1
6556,22792,26667,16,0,0,layered_block,circular,per_chunk,1,1
6557,25417,29250,16,0,0,layered_block,circular,per_chunk,1,1
6558,23375,27209,16,0,0,layered_block,circular,per_chunk,1,1
6559,23417,27333,16,0,0,layered_block,circular,per_chunk,1,1
6560,23291,27125,16,0,0,layered_block,circular,per_chunk,1,1
6561,32625,36666,16,0,0,layered_block,circular,per_chunk,1,1
6562,23167,26917,16,0,0,layered_block,circular,per_chunk,1,1
6563,23250,27125,16,0,0,layered_block,circular,per_chunk,1,1
6564,23125,27000,16,0,0,layered_block,circular,per_chunk,1,1
6565,24125,28083,16,0,0,layered_block,circular,per_chunk,1,1
6566,22875,26709,16,0,0,layered_block,circular,per_chunk,1,1
6567,23500,27416,16,0,0,layered_block,circular,per_chunk,1,1
6568,23125,27000,16,0,0,layered_block,circular,per_chunk,1,1
6569,23167,27000,16,0,0,layered_block,circular,per_chunk,1,1
6570,22708,26542,16,0,0,layered_block,circular,per_chunk,1,1
6571,22917,26709,16,0,0,layered_block,circular,per_chunk,1,1
6572,22750,27250,16,0,0,layered_block,circular,per_chunk,1,1
6573,22916,26750,16,0,0,layered_block,circular,per_chunk,1,1
6574,22833,26750,16,0,0,layered_block,circular,per_chunk,1,1
6575,22791,26583,16,0,0,layered_block,circular,per_chunk,1,1
6576,22583,26417,16,0,0,layered_block,circular,per_chunk,1,1
6577,23166,27125,16,0,0,layered_block,circular,per_chunk,1,1
6578,22750,26625,16,0,0,layered_block,circular,per_chunk,1,1
6579,23000,26875,16,0,0,layered_block,circular,per_chunk,1,1
6580,29500,33291,16,0,0,layered_block,circular,per_chunk,1,1
6581,22875,26667,16,0,0,layered_block,circular,per_chunk,1,1
6582,23209,27041,16,0,0,layered_block,circular,per_chunk,1,1
6583,22750,26625,16,0,0,layered_block,circular,per_chunk,1,1
6584,77916,81958,16,0,0,layered_block,circular,per_chunk,1,1
6585,23166,27208,16,0,0,layered_block,circular,per_chunk,1,1
6586,22833,26625,16,0,0,layered_block,circular,per_chunk,1,1
6587,23000,26917,16,0,0,layered_block,circular,per_chunk,1,1
6588,22833,26666,16,0,0,layered_block,circular,per_chunk,1,1
6589,22833,26667,16,0,0,layered_block,circular,per_chunk,1,1
6590,22833,26708,16,0,0,layered_block,circular,per_chunk,1,1
6591,24542,28375,16,0,0,layered_block,circular,per_chunk,1,1
6592,23000,27042,16,0,0,layered_block,circular,per_chunk,1,1
6593,22750,26625,16,0,0,layered_block,circular,per_chunk,1,1
6594,22875,26708,16,0,0,layered_block,circular,per_chunk,1,1
6595,28625,32583,16,0,0,layered_block,circular,per_chunk,1,1
6596,22750,26625,16,0,0,layered_block,circular,per_chunk,1,1
6597,23334,27292,16,0,0,layered_block,circular,per_chunk,1,1
6598,22959,26834,16,0,0,layered_block,circular,per_chunk,1,1
6599,23625,27500,16,0,0,layered_block,circular,per_chunk,1,1
6600,23875,27791,16,0,0,layered_block,circular,per_chunk,1,1
6601,23000,26833,16,0,0,layered_block,circular,per_chunk,1,1
6602,22667,26542,16,0,0,layered_block,circular,per_chunk,1,1
6603,30375,34375,16,0,0,layered_block,circular,per_chunk,1,1
6604,22875,26708,16,0,0,layered_block,circular,per_chunk,1,1
6605,23750,27583,16,0,0,layered_block,circular,per_chunk,1,1
6606,30333,34208,16,0,0,layered_block,circular,per_chunk,1,1
6607,23375,27167,16,0,0,layered_block,circular,per_chunk,1,1
6608,23083,27083,16,0,0,layered_block,circular,per_chunk,1,1
6609,22792,26667,16,0,0,layered_block,circular,per_chunk,1,1
6610,23167,27000,16,0,0,layered_block,circular,per_chunk,1,1
6611,23250,27167,16,0,0,layered_block,circular,per_chunk,1,1
6612,22708,26625,16,0,0,layered_block,circular,per_chunk,1,1
6613,23041,26875,16,0,0,layered_block,circular,per_chunk,1,1
6614,23708,28125,16,0,0,layered_block,circular,per_chunk,1,1
6615,23125,26959,16,0,0,layered_block,circular,per_chunk,1,1
6616,22666,26583,16,0,0,layered_block,circular,per_chunk,1,1
6617,22834,26666,16,0,0,layered_block,circular,per_chunk,1,1
6618,24666,28750,16,0,0,layered_block,circular,per_chunk,1,1
6619,23250,27125,16,0,0,layered_block,circular,per_chunk,1,1
6620,23500,33709,16,0,0,layered_block,circular,per_chunk,1,1
6621,22875,26792,16,0,0,layered_block,circular,per_chunk,1,1
6622,23125,27000,16,0,0,layered_block,circular,per_chunk,1,1
6623,22666,26583,16,0,0,layered_block,circular,per_chunk,1,1
6624,22875,26708,16,0,0,layered_block,circular,per_chunk,1,1
6625,23959,27833,16,0,0,layered_block,circular,per_chunk,1,1
6626,23041,26958,16,0,0,layered_block,circular,per_chunk,1,1
6627,23125,26875,16,0,0,layered_block,circular,per_chunk,1,1
6628,23208,27375,16,0,0,layered_block,circular,per_chunk,1,1
6629,23333,27167,16,0,0,layered_block,circular,per_chunk,1,1
6630,22792,26583,16,0,0,layered_block,circular,per_chunk,1,1
6631,23500,27834,16,0,0,layered_block,circular,per_chunk,1,1
6632,24958,28875,16,0,0,layered_block,circular,per_chunk,1,1
6633,23125,27000,16,0,0,layered_block,circular,per_chunk,1,1
6634,22792,26667,16,0,0,layered_block,circular,per_chunk,1,1
6635,22958,26791,16,0,0,layered_block,circular,per_chunk,1,1
6636,22875,26667,16,0,0,layered_block,circular,per_chunk,1,1
6637,23500,27417,16,0,0,layered_block,circular,per_chunk,1,1
6638,33792,37750,16,0,0,layered_block,circular,per_chunk,1,1
6639,23083,26833,16,0,0,layered_block,circular,per_chunk,1,1
6640,23125,26958,16,0,0,layered_block,circular,per_chunk,1,1
6641,22791,26625,16,0,0,layered_block,circular,per_chunk,1,1
6642,23542,27333,16,0,0,layered_block,circular,per_chunk,1,1
6643,23333,27250,16,0,0,layered_block,circular,per_chunk,1,1
6644,22959,26875,16,0,0,layered_block,circular,per_chunk,1,1
6645,23791,27583,16,0,0,layered_block,circular,per_chunk,1,1
6646,23292,27208,16,0,0,layered_block,circular,per_chunk,1,1
6647,22875,26666,16,0,0,layered_block,circular,per_chunk,1,1
6648,23083,26959,16,0,0,layered_block,circular,per_chunk,1,1
6649,30375,34250,16,0,0,layered_block,circular,per_chunk,1,1
6650,23000,26750,16,0,0,layered_block,circular,per_chunk,1,1
6651,23250,27125,16,0,0,layered_block,circular,per_chunk,1,1
6652,23750,27625,16,0,0,layered_block,circular,per_chunk,1,1
6653,23208,27000,16,0,0,layered_block,circular,per_chunk,1,1
6654,23291,27167,16,0,0,layered_block,circular,per_chunk,1,1
6655,22875,26709,16,0,0,layered_block,circular,per_chunk,1,1
6656,23000,26834,16,0,0,layered_block,circular,per_chunk,1,1
6657,23375,27583,16,0,0,layered_block,circular,per_chunk,1,1
6658,25000,28875,16,0,0,layered_block,circular,per_chunk,1,1
6659,22750,26625,16,0,0,layered_block,circular,per_chunk,1,1
6660,23167,27042,16,0,0,layered_block,circular,per_chunk,1,1
6661,22792,26667,16,0,0,layered_block,circular,per_chunk,1,1
6662,23125,26917,16,0,0,layered_block,circular,per_chunk,1,1
6663,31542,35500,16,0,0,layered_block,circular,per_chunk,1,1
6664,22959,26750,16,0,0,layered_block,circular,per_chunk,1,1
6665,23084,26958,16,0,0,layered_block,circular,per_chunk,1,1
6666,23833,27625,16,0,0,layered_block,circular,per_chunk,1,1
6667,23250,27083,16,0,0,layered_block,circular,per_chunk,1,1
6668,22750,26583,16,0,0,layered_block,circular,per_chunk,1,1
6669,28750,32750,16,0,0,layered_block,circular,per_chunk,1,1
6670,23917,27667,16,0,0,layered_block,circular,per_chunk,1,1
6671,23500,27500,16,0,0,layered_block,circular,per_chunk,1,1
6672,31208,35167,16,0,0,layered_block,circular,per_chunk,1,1
6673,23833,27625,16,0,0,layered_block,circular,per_chunk,1,1
6674,23583,27458,16,0,0,layered_block,circular,per_chunk,1,1
6675,23166,27042,16,0,0,layered_block,circular,per_chunk,1,1
6676,23042,26916,16,0,0,layered_block,circular,per_chunk,1,1
6677,23458,27458,16,0,0,layered_block,circular,per_chunk,1,1
6678,25584,30791,16,0,0,layered_block,circular,per_chunk,1,1
6679,22959,26792,16,0,0,layered_block,circular,per_chunk,1,1
6680,23167,27167,16,0,0,layered_block,circular,per_chunk,1,1
6681,22750,26583,16,0,0,layered_block,circular,per_chunk,1,1
6682,23250,27167,16,0,0,layered_block,circular,per_chunk,1,1
6683,30292,34167,16,0,0,layered_block,circular,per_chunk,1,1
6684,22708,26667,16,0,0,layered_block,circular,per_chunk,1,1
6685,23250,27125,16,0,0,layered_block,circular,per_chunk,1,1
6686,31500,35458,16,0,0,layered_block,circular,per_chunk,1,1
6687,23208,27000,16,0,0,layered_block,circular,per_chunk,1,1
6688,22834,27042,16,0,0,layered_block,circular,per_chunk,1,1
6689,23708,27541,16,0,0,layered_block,circular,per_chunk,1,1
6690,22666,26542,16,0,0,layered_block,circular,per_chunk,1,1
6691,23834,27709,16,0,0,layered_block,circular,per_chunk,1,1
6692,22833,26750,16,0,0,layered_block,circular,per_chunk,1,1
6693,23208,27041,16,0,0,layered_block,circular,per_chunk,1,1
6694,23459,27875,16,0,0,layered_block,circular,per_chunk,1,1
6695,22959,26833,16,0,0,layered_block,circular,per_chunk,1,1
6696,23292,27083,16,0,0,layered_block,circular,per_chunk,1,1
6697,23166,26958,16,0,0,layered_block,circular,per_chunk,1,1
6698,23083,26917,16,0,0,layered_block,circular,per_chunk,1,1
6699,23125,26958,16,0,0,layered_block,circular,per_chunk,1,1
6700,23791,27708,16,0,0,layered_block,circular,per_chunk,1,1
6701,23000,26791,16,0,0,layered_block,circular,per_chunk,1,1
6702,23000,26792,16,0,0,layered_block,circular,per_chunk,1,1
6703,31291,35208,16,0,0,layered_block,circular,per_chunk,1,1
6704,22792,26625,16,0,0,layered_block,circular,per_chunk,1,1
6705,23500,27291,16,0,0,layered_block,circular,per_chunk,1,1
6706,23000,26834,16,0,0,layered_block,circular,per_chunk,1,1
6707,22750,26625,16,0,0,layered_block,circular,per_chunk,1,1
6708,23042,26917,16,0,0,layered_block,circular,per_chunk,1,1
6709,22792,26667,16,0,0,layered_block,circular,per_chunk,1,1
6710,22959,26750,16,0,0,layered_block,circular,per_chunk,1,1
6711,23542,27416,16,0,0,layered_block,circular,per_chunk,1,1
6712,23458,33000,16,0,0,layered_block,circular,per_chunk,1,1
6713,22750,26584,16,0,0,layered_block,circular,per_chunk,1,1
6714,23208,27125,16,0,0,layered_block,circular,per_chunk,1,1
6715,23250,27167,16,0,0,layered_block,circular,per_chunk,1,1
6716,23500,27333,16,0,0,layered_block,circular,per_chunk,1,1
6717,31000,35000,16,0,0,layered_block,circular,per_chunk,1,1
6718,22792,26584,16,0,0,layered_block,circular,per_chunk,1,1
6719,23666,27500,16,0,0,layered_block,circular,per_chunk,1,1
6720,23458,27375,16,0,0,layered_block,circular,per_chunk,1,1
6721,22875,26625,16,0,0,layered_block,circular,per_chunk,1,1
6722,23125,26875,16,0,0,layered_block,circular,per_chunk,1,1
6723,22791,26625,16,0,0,layered_block,circular,per_chunk,1,1
6724,22917,26750,16,0,0,layered_block,circular,per_chunk,1,1
6725,25917,29667,16,0,0,layered_block,circular,per_chunk,1,1
6726,31459,35375,16,0,0,layered_block,circular,per_chunk,1,1
6727,23125,26916,16,0,0,layered_block,circular,per_chunk,1,1
6728,23167,27000,16,0,0,layered_block,circular,per_chunk,1,1
6729,22792,26625,16,0,0,layered_block,circular,per_chunk,1,1
6730,23000,26959,16,0,0,layered_block,circular,per_chunk,1,1
6731,23083,27000,16,0,0,layered_block,circular,per_chunk,1,1
6732,22750,26541,16,0,0,layered_block,circular,per_chunk,1,1
6733,23417,27291,16,0,0,layered_block,circular,per_chunk,1,1
6734,23333,27250,16,0,0,layered_block,circular,per_chunk,1,1
6735,22958,26792,16,0,0,layered_block,circular,per_chunk,1,1
6736,22792,26667,16,0,0,layered_block,circular,per_chunk,1,1
6737,22750,26584,16,0,0,layered_block,circular,per_chunk,1,1
6738,23375,27208,16,0,0,layered_block,circular,per_chunk,1,1
6739,23291,27125,16,0,0,layered_block,circular,per_chunk,1,1
6740,23625,27583,16,0,0,layered_block,circular,per_chunk,1,1
6741,22750,26584,16,0,0,layered_block,circular,per_chunk,1,1
6742,23417,27458,16,0,0,layered_block,circular,per_chunk,1,1
6743,23250,27042,16,0,0,layered_block,circular,per_chunk,1,1
6744,22750,26625,16,0,0,layered_block,circular,per_chunk,1,1
6745,24292,28125,16,0,0,layered_block,circular,per_chunk,1,1
6746,22833,26708,16,0,0,layered_block,circular,per_chunk,1,1
6747,23000,26834,16,0,0,layered_block,circular,per_chunk,1,1
6748,22958,27416,16,0,0,layered_block,circular,per_chunk,1,1
6749,23042,26916,16,0,0,layered_block,circular,per_chunk,1,1
6750,22917,26792,16,0,0,layered_block,circular,per_chunk,1,1
6751,30625,34500,16,0,0,layered_block,circular,per_chunk,1,1
6752,23166,26916,16,0,0,layered_block,circular,per_chunk,1,1
6753,22959,26750,16,0,0,layered_block,circular,per_chunk,1,1
6754,30000,33917,16,0,0,layered_block,circular,per_chunk,1,1
6755,22875,26667,16,0,0,layered_block,circular,per_chunk,1,1
6756,23042,26917,16,0,0,layered_block,circular,per_chunk,1,1
6757,22875,26750,16,0,0,layered_block,circular,per_chunk,1,1
6758,22625,26541,16,0,0,layered_block,circular,per_chunk,1,1
6759,23500,27500,16,0,0,layered_block,circular,per_chunk,1,1
6760,22833,26708,16,0,0,layered_block,circular,per_chunk,1,1
6761,22708,26583,16,0,0,layered_block,circular,per_chunk,1,1
6762,23458,27417,16,0,0,layered_block,circular,per_chunk,1,1
6763,23042,26917,16,0,0,layered_block,circular,per_chunk,1,1
6764,23041,26875,16,0,0,layered_block,circular,per_chunk,1,1
6765,23208,27084,16,0,0,layered_block,circular,per_chunk,1,1
6766,24250,28167,16,0,0,layered_block,circular,per_chunk,1,1
6767,23333,27125,16,0,0,layered_block,circular,per_chunk,1,1
6768,23166,27000,16,0,0,layered_block,circular,per_chunk,1,1
6769,22875,26750,16,0,0,layered_block,circular,per_chunk,1,1
6770,22708,26583,16,0,0,layered_block,circular,per_chunk,1,1
6771,30500,34417,16,0,0,layered_block,circular,per_chunk,1,1
6772,23292,27083,16,0,0,layered_block,circular,per_chunk,1,1
6773,23042,26875,16,0,0,layered_block,circular,per_chunk,1,1
6774,23041,27459,16,0,0,layered_block,circular,per_chunk,1,1
6775,22834,26667,16,0,0,layered_block,circular,per_chunk,1,1
6776,22750,26625,16,0,0,layered_block,circular,per_chunk,1,1
6777,22833,26667,16,0,0,layered_block,circular,per_chunk,1,1
6778,22791,26667,16,0,0,layered_block,circular,per_chunk,1,1
6779,23458,27334,16,0,0,layered_block,circular,per_chunk,1,1
6780,31333,35208,16,0,0,layered_block,circular,per_chunk,1,1
6781,23000,26833,16,0,0,layered_block,circular,per_chunk,1,1
6782,23333,27250,16,0,0,layered_block,circular,per_chunk,1,1
6783,22916,26875,16,0,0,layered_block,circular,per_chunk,1,1
6784,22667,26584,16,0,0,layered_block,circular,per_chunk,1,1
6785,93667,97750,16,0,0,layered_block,circular,per_chunk,1,1
6786,22917,26833,16,0,0,layered_block,circular,per_chunk,1,1
6787,22708,26500,16,0,0,layered_block,circular,per_chunk,1,1
6788,23416,27333,16,0,0,layered_block,circular,per_chunk,1,1
6789,23042,26916,16,0,0,layered_block,circular,per_chunk,1,1
6790,22709,26541,16,0,0,layered_block,circular,per_chunk,1,1
6791,22833,26708,16,0,0,layered_block,circular,per_chunk,1,1
6792,23083,27000,16,0,0,layered_block,circular,per_chunk,1,1
6793,23000,26833,16,0,0,layered_block,circular,per_chunk,1,1
6794,29458,33417,16,0,0,layered_block,circular,per_chunk,1,1
6795,23125,27000,16,0,0,layered_block,circular,per_chunk,1,1
6796,22792,26667,16,0,0,layered_block,circular,per_chunk,1,1
6797,31375,35334,16,0,0,layered_block,circular,per_chunk,1,1
6798,23000,26834,16,0,0,layered_block,circular,per_chunk,1,1
6799,23667,28167,16,0,0,layered_block,circular,per_chunk,1,1
6800,23584,27459,16,0,0,layered_block,circular,per_chunk,1,1
6801,23417,27250,16,0,0,layered_block,circular,per_chunk,1,1
6802,23125,26917,16,0,0,layered_block,circular,per_chunk,1,1
6803,22792,26625,16,0,0,layered_block,circular,per_chunk,1,1
6804,23042,26834,16,0,0,layered_block,circular,per_chunk,1,1
6805,25083,28875,16,0,0,layered_block,circular,per_chunk,1,1
6806,23375,27333,16,0,0,layered_block,circular,per_chunk,1,1
6807,22833,26667,16,0,0,layered_block,circular,per_chunk,1,1
6808,23125,26875,16,0,0,layered_block,circular,per_chunk,1,1
6809,23042,26916,16,0,0,layered_block,circular,per_chunk,1,1
6810,24083,27875,16,0,0,layered_block,circular,per_chunk,1,1
6811,23833,27791,16,0,0,layered_block,circular,per_chunk,1,1
6812,23083,26833,16,0,0,layered_block,circular,per_chunk,1,1
6813,22792,26542,16,0,0,layered_block,circular,per_chunk,1,1
6814,24125,28041,16,0,0,layered_block,circular,per_chunk,1,1
6815,23750,27667,16,0,0,layered_block,circular,per_chunk,1,1
6816,22792,26625,16,0,0,layered_block,circular,per_chunk,1,1
6817,23250,27125,16,0,0,layered_block,circular,per_chunk,1,1
6818,22708,26542,16,0,0,layered_block,circular,per_chunk,1,1
6819,23000,26833,16,0,0,layered_block,circular,per_chunk,1,1
6820,23292,27250,16,0,0,layered_block,circular,per_chunk,1,1
6821,22750,26625,16,0,0,layered_block,circular,per_chunk,1,1
6822,23125,27000,16,0,0,layered_block,circular,per_chunk,1,1
6823,30500,34541,16,0,0,layered_block,circular,per_chunk,1,1
6824,22833,26625,16,0,0,layered_block,circular,per_chunk,1,1
6825,109417,113791,16,0,0,layered_block,circular,per_chunk,1,1
6826,23084,26917,16,0,0,layered_block,circular,per_chunk,1,1
6827,23125,27000,16,0,0,layered_block,circular,per_chunk,1,1
6828,22750,26625,16,0,0,layered_block,circular,per_chunk,1,1
6829,23416,27208,16,0,0,layered_block,circular,per_chunk,1,1
6830,23167,27041,16,0,0,layered_block,circular,per_chunk,1,1
6831,23208,27042,16,0,0,layered_block,circular,per_chunk,1,1
6832,23042,26875,16,0,0,layered_block,circular,per_chunk,1,1
6833,23542,27417,16,0,0,layered_block,circular,per_chunk,1,1
6834,23000,26833,16,0,0,layered_block,circular,per_chunk,1,1
6835,23166,27042,16,0,0,layered_block,circular,per_chunk,1,1
6836,23459,27333,16,0,0,layered_block,circular,per_chunk,1,1
6837,23334,27334,16,0,0,layered_block,circular,per_chunk,1,1
6838,23291,27125,16,0,0,layered_block,circular,per_chunk,1,1
6839,23333,27167,16,0,0,layered_block,circular,per_chunk,1,1
6840,23750,27667,16,0,0,layered_block,circular,per_chunk,1,1
6841,23125,26917,16,0,0,layered_block,circular,per_chunk,1,1
6842,23333,27250,16,0,0,layered_block,circular,per_chunk,1,1
6843,22708,26584,16,0,0,layered_block,circular,per_chunk,1,1
6844,22959,26792,16,0,0,layered_block,circular,per_chunk,1,1
6845,23166,27000,16,0,0,layered_block,circular,per_chunk,1,1
6846,23417,27292,16,0,0,layered_block,circular,per_chunk,1,1
6847,23208,27125,16,0,0,layered_block,circular,per_chunk,1,1
6848,23542,27375,16,0,0,layered_block,circular,per_chunk,1,1
6849,23000,26834,16,0,0,layered_block,circular,per_chunk,1,1
6850,22833,26708,16,0,0,layered_block,circular,per_chunk,1,1
6851,30500,34458,16,0,0,layered_block,circular,per_chunk,1,1
6852,24875,28917,16,0,0,layered_block,circular,per_chunk,1,1
6853,22791,26667,16,0,0,layered_block,circular,per_chunk,1,1
6854,23167,27583,16,0,0,layered_block,circular,per_chunk,1,1
6855,23208,27000,16,0,0,layered_block,circular,per_chunk,1,1
6856,22708,26584,16,0,0,layered_block,circular,per_chunk,1,1
6857,22875,26709,16,0,0,layered_block,circular,per_chunk,1,1
6858,22959,26833,16,0,0,layered_block,circular,per_chunk,1,1
6859,23833,27625,16,0,0,layered_block,circular,per_chunk,1,1
6860,22834,26625,16,0,0,layered_block,circular,per_chunk,1,1
6861,22791,26667,16,0,0,layered_block,circular,per_chunk,1,1
6862,23292,27125,16,0,0,layered_block,circular,per_chunk,1,1
6863,22791,26583,16,0,0,layered_block,circular,per_chunk,1,1
6864,22917,26709,16,0,0,layered_block,circular,per_chunk,1,1
6865,23083,26875,16,0,0,layered_block,circular,per_chunk,1,1
6866,23666,27875,16,0,0,layered_block,circular,per_chunk,1,1
6867,22709,26583,16,0,0,layered_block,circular,per_chunk,1,1
6868,23125,27083,16,0,0,layered_block,circular,per_chunk,1,1
6869,23291,27208,16,0,0,layered_block,circular,per_chunk,1,1
6870,23083,26875,16,0,0,layered_block,circular,per_chunk,1,1
6871,23084,26959,16,0,0,layered_block,circular,per_chunk,1,1
6872,24750,28583,16,0,0,layered_block,circular,per_chunk,1,1
6873,23417,27250,16,0,0,layered_block,circular,per_chunk,1,1
6874,30500,34459,16,0,0,layered_block,circular,per_chunk,1,1
6875,22875,26625,16,0,0,layered_block,circular,per_chunk,1,1
6876,23750,28084,16,0,0,layered_block,circular,per_chunk,1,1
6877,23125,26959,16,0,0,layered_block,circular,per_chunk,1,1
6878,22667,26500,16,0,0,layered_block,circular,per_chunk,1,1
6879,23291,27875,16,0,0,layered_block,circular,per_chunk,1,1
6880,23542,27459,16,0,0,layered_block,circular,per_chunk,1,1
6881,22792,26667,16,0,0,layered_block,circular,per_chunk,1,1
6882,31583,35500,16,0,0,layered_block,circular,per_chunk,1,1
6883,23458,27208,16,0,0,layered_block,circular,per_chunk,1,1
6884,23375,27292,16,0,0,layered_block,circular,per_chunk,1,1
6885,23125,27000,16,0,0,layered_block,circular,per_chunk,1,1
6886,22750,26583,16,0,0,layered_block,circular,per_chunk,1,1
6887,23458,27417,16,0,0,layered_block,circular,per_chunk,1,1
6888,23584,27458,16,0,0,layered_block,circular,per_chunk,1,1
6889,23292,27083,16,0,0,layered_block,circular,per_chunk,1,1
6890,23209,27000,16,0,0,layered_block,circular,per_chunk,1,1
6891,23000,26834,16,0,0,layered_block,circular,per_chunk,1,1
6892,23000,26833,16,0,0,layered_block,circular,per_chunk,1,1
6893,23750,27708,16,0,0,layered_block,circular,per_chunk,1,1
6894,22834,26667,16,0,0,layered_block,circular,per_chunk,1,1
6895,22916,26792,16,0,0,layered_block,circular,per_chunk,1,1
6896,31666,35541,16,0,0,layered_block,circular,per_chunk,1,1
6897,23041,26833,16,0,0,layered_block,circular,per_chunk,1,1
6898,23125,27167,16,0,0,layered_block,circular,per_chunk,1,1
6899,23583,27375,16,0,0,layered_block,circular,per_chunk,1,1
6900,23792,27666,16,0,0,layered_block,circular,per_chunk,1,1
6901,23041,26917,16,0,0,layered_block,circular,per_chunk,1,1
6902,29916,34000,16,0,0,layered_block,circular,per_chunk,1,1
6903,22709,26541,16,0,0,layered_block,circular,per_chunk,1,1
6904,23375,27292,16,0,0,layered_block,circular,per_chunk,1,1
6905,23500,27333,16,0,0,layered_block,circular,per_chunk,1,1
6906,23500,27250,16,0,0,layered_block,circular,per_chunk,1,1
6907,22875,27083,16,0,0,layered_block,circular,per_chunk,1,1
6908,22750,26584,16,0,0,layered_block,circular,per_chunk,1,1
6909,23291,27083,16,0,0,layered_block,circular,per_chunk,1,1
6910,23125,27083,16,0,0,layered_block,circular,per_chunk,1,1
6911,22959,26958,16,0,0,layered_block,circular,per_chunk,1,1
6912,22875,26667,16,0,0,layered_block,circular,per_chunk,1,1
6913,23709,28125,16,0,0,layered_block,circular,per_chunk,1,1
6914,22916,26792,16,0,0,layered_block,circular,per_chunk,1,1
6915,23209,27084,16,0,0,layered_block,circular,per_chunk,1,1
6916,23042,26875,16,0,0,layered_block,circular,per_chunk,1,1
6917,24042,27958,16,0,0,layered_block,circular,per_chunk,1,1
6918,23042,27250,16,0,0,layered_block,circular,per_chunk,1,1
6919,33167,37167,16,0,0,layered_block,circular,per_chunk,1,1
6920,23000,26792,16,0,0,layered_block,circular,per_chunk,1,1
6921,23417,27292,16,0,0,layered_block,circular,per_chunk,1,1
6922,24084,27958,16,0,0,layered_block,circular,per_chunk,1,1
6923,23333,27250,16,0,0,layered_block,circular,per_chunk,1,1
6924,23292,27208,16,0,0,layered_block,circular,per_chunk,1,1
6925,23292,27125,16,0,0,layered_block,circular,per_chunk,1,1
6926,23625,27458,16,0,0,layered_block,circular,per_chunk,1,1
6927,24167,28041,16,0,0,layered_block,circular,per_chunk,1,1
6928,22791,26583,16,0,0,layered_block,circular,per_chunk,1,1
6929,23000,26791,16,0,0,layered_block,circular,per_chunk,1,1
6930,30041,34000,16,0,0,layered_block,circular,per_chunk,1,1
6931,22958,26708,16,0,0,layered_block,circular,per_chunk,1,1
6932,23083,27000,16,0,0,layered_block,circular,per_chunk,1,1
6933,24208,28083,16,0,0,layered_block,circular,per_chunk,1,1
6934,23292,27125,16,0,0,layered_block,circular,per_chunk,1,1
6935,22834,26709,16,0,0,layered_block,circular,per_chunk,1,1
6936,31250,35208,16,0,0,layered_block,circular,per_chunk,1,1
6937,22833,26667,16,0,0,layered_block,circular,per_chunk,1,1
6938,23208,27125,16,0,0,layered_block,circular,per_chunk,1,1
6939,31667,35666,16,0,0,layered_block,circular,per_chunk,1,1
6940,23292,27084,16,0,0,layered_block,circular,per_chunk,1,1
6941,22833,26666,16,0,0,layered_block,circular,per_chunk,1,1
6942,22916,26792,16,0,0,layered_block,circular,per_chunk,1,1
6943,22667,26500,16,0,0,layered_block,circular,per_chunk,1,1
6944,23458,27333,16,0,0,layered_block,circular,per_chunk,1,1
6945,22750,26625,16,0,0,layered_block,circular,per_chunk,1,1
6946,23375,27208,16,0,0,layered_block,circular,per_chunk,1,1
6947,24042,27916,16,0,0,layered_block,circular,per_chunk,1,1
6948,23208,27083,16,0,0,layered_block,circular,per_chunk,1,1
6949,23000,26833,16,0,0,layered_block,circular,per_chunk,1,1
6950,29875,33792,16,0,0,layered_block,circular,per_chunk,1,1
6951,23292,27125,16,0,0,layered_block,circular,per_chunk,1,1
6952,23166,27000,16,0,0,layered_block,circular,per_chunk,1,1
6953,23833,27667,16,0,0,layered_block,circular,per_chunk,1,1
6954,23166,27042,16,0,0,layered_block,circular,per_chunk,1,1
6955,23208,27041,16,0,0,layered_block,circular,per_chunk,1,1
6956,30875,34833,16,0,0,layered_block,circular,per_chunk,1,1
6957,23334,27166,16,0,0,layered_block,circular,per_chunk,1,1
6958,23250,27458,16,0,0,layered_block,circular,per_chunk,1,1
6959,24458,35625,16,0,0,layered_block,circular,per_chunk,1,1
6960,22958,26792,16,0,0,layered_block,circular,per_chunk,1,1
6961,23542,27458,16,0,0,layered_block,circular,per_chunk,1,1
6962,23292,27167,16,0,0,layered_block,circular,per_chunk,1,1
6963,22792,26625,16,0,0,layered_block,circular,per_chunk,1,1
6964,23125,27000,16,0,0,layered_block,circular,per_chunk,1,1
6965,23791,27625,16,0,0,layered_block,circular,per_chunk,1,1
6966,23041,26875,16,0,0,layered_block,circular,per_chunk,1,1
6967,23250,27125,16,0,0,layered_block,circular,per_chunk,1,1
6968,22791,26625,16,0,0,layered_block,circular,per_chunk,1,1
6969,23375,27167,16,0,0,layered_block,circular,per_chunk,1,1
6970,23875,27750,16,0,0,layered_block,circular,per_chunk,1,1
6971,22792,26667,16,0,0,layered_block,circular,per_chunk,1,1
6972,22875,26708,16,0,0,layered_block,circular,per_chunk,1,1
6973,23125,27042,16,0,0,layered_block,circular,per_chunk,1,1
6974,30375,34375,16,0,0,layered_block,circular,per_chunk,1,1
6975,23166,27000,16,0,0,layered_block,circular,per_chunk,1,1
6976,23167,27167,16,0,0,layered_block,circular,per_chunk,1,1
6977,23000,26834,16,0,0,layered_block,circular,per_chunk,1,1
6978,23417,27292,16,0,0,layered_block,circular,per_chunk,1,1
6979,25583,29667,16,0,0,layered_block,circular,per_chunk,1,1
6980,23375,27250,16,0,0,layered_block,circular,per_chunk,1,1
6981,22792,26625,16,0,0,layered_block,circular,per_chunk,1,1
6982,23667,27583,16,0,0,layered_block,circular,per_chunk,1,1
6983,22917,26709,16,0,0,layered_block,circular,per_chunk,1,1
6984,22709,26542,16,0,0,layered_block,circular,per_chunk,1,1
6985,30916,34875,16,0,0,layered_block,circular,per_chunk,1,1
6986,24084,27875,16,0,0,layered_block,circular,per_chunk,1,1
6987,23084,26875,16,0,0,layered_block,circular,per_chunk,1,1
6988,30458,34292,16,0,0,layered_block,circular,per_chunk,1,1
6989,23042,26833,16,0,0,layered_block,circular,per_chunk,1,1
6990,23750,27667,16,0,0,layered_block,circular,per_chunk,1,1
6991,22792,26625,16,0,0,layered_block,circular,per_chunk,1,1
6992,22916,26792,16,0,0,layered_block,circular,per_chunk,1,1
6993,23625,27416,16,0,0,layered_block,circular,per_chunk,1,1
6994,23041,26917,16,0,0,layered_block,circular,per_chunk,1,1
6995,23000,26750,16,0,0,layered_block,circular,per_chunk,1,1
6996,23167,27209,16,0,0,layered_block,circular,per_chunk,1,1
6997,22750,26583,16,0,0,layered_block,circular,per_chunk,1,1
6998,22583,26500,16,0,0,layered_block,circular,per_chunk,1,1
6999,25083,28958,16,0,0,layered_block,circular,per_chunk,1,1
7000,23583,27375,16,0,0,layered_block,circular,per_chunk,1,1
7001,23250,27084,16,0,0,layered_block,circular,per_chunk,1,1
7002,24500,28334,16,0,0,layered_block,circular,per_chunk,1,1
7003,22958,26791,16,0,0,layered_block,circular,per_chunk,1,1
7004,23000,26834,16,0,0,layered_block,circular,per_chunk,1,1
7005,31459,35333,16,0,0,layered_block,circular,per_chunk,1,1
7006,23375,27208,16,0,0,layered_block,circular,per_chunk,1,1
7007,23209,27042,16,0,0,layered_block,circular,per_chunk,1,1
7008,23541,27458,16,0,0,layered_block,circular,per_chunk,1,1
7009,23000,26834,16,0,0,layered_block,circular,per_chunk,1,1
7010,23166,27000,16,0,0,layered_block,circular,per_chunk,1,1
7011,23125,27000,16,0,0,layered_block,circular,per_chunk,1,1
7012,23042,26834,16,0,0,layered_block,circular,per_chunk,1,1
7013,24167,28000,16,0,0,layered_block,circular,per_chunk,1,1
7014,22917,26792,16,0,0,layered_block,circular,per_chunk,1,1
7015,23083,26833,16,0,0,layered_block,circular,per_chunk,1,1
7016,23125,27042,16,0,0,layered_block,circular,per_chunk,1,1
7017,22833,26750,16,0,0,layered_block,circular,per_chunk,1,1
7018,23458,27250,16,0,0,layered_block,circular,per_chunk,1,1
7019,24625,28708,16,0,0,layered_block,circular,per_chunk,1,1
7020,23250,27083,16,0,0,layered_block,circular,per_chunk,1,1
7021,23042,26875,16,0,0,layered_block,circular,per_chunk,1,1
7022,24292,28583,16,0,0,layered_block,circular,per_chunk,1,1
7023,23542,27375,16,0,0,layered_block,circular,per_chunk,1,1
7024,23541,27500,16,0,0,layered_block,circular,per_chunk,1,1
7025,22875,26667,16,0,0,layered_block,circular,per_chunk,1,1
7026,24042,27916,16,0,0,layered_block,circular,per_chunk,1,1
7027,23125,26917,16,0,0,layered_block,circular,per_chunk,1,1
7028,23292,27209,16,0,0,layered_block,circular,per_chunk,1,1
7029,23041,26875,16,0,0,layered_block,circular,per_chunk,1,1
7030,23667,27667,16,0,0,layered_block,circular,per_chunk,1,1
7031,23125,27042,16,0,0,layered_block,circular,per_chunk,1,1
7032,23041,26875,16,0,0,layered_block,circular,per_chunk,1,1
7033,23792,27583,16,0,0,layered_block,circular,per_chunk,1,1
7034,31250,35125,16,0,0,layered_block,circular,per_chunk,1,1
7035,23584,27334,16,0,0,layered_block,circular,per_chunk,1,1
7036,23208,27125,16,0,0,layered_block,circular,per_chunk,1,1
7037,22750,26666,16,0,0,layered_block,circular,per_chunk,1,1
7038,22917,26792,16,0,0,layered_block,circular,per_chunk,1,1
7039,24333,28500,16,0,0,layered_block,circular,per_chunk,1,1
7040,31167,35167,16,0,0,layered_block,circular,per_chunk,1,1
7041,23083,26833,16,0,0,layered_block,circular,per_chunk,1,1
7042,23750,27916,16,0,0,layered_block,circular,per_chunk,1,1
7043,23125,27000,16,0,0,layered_block,circular,per_chunk,1,1
7044,22708,26500,16,0,0,layered_block,circular,per_chunk,1,1
7045,23333,27250,16,0,0,layered_block,circular,per_chunk,1,1
7046,23292,27042,16,0,0,layered_block,circular,per_chunk,1,1
7047,23875,27708,16,0,0,layered_block,circular,per_chunk,1,1
7048,23208,27125,16,0,0,layered_block,circular,per_chunk,1,1
7049,23000,26875,16,0,0,layered_block,circular,per_chunk,1,1
7050,23417,27209,16,0,0,layered_block,circular,per_chunk,1,1
7051,23666,34167,16,0,0,layered_block,circular,per_chunk,1,1
7052,23334,27167,16,0,0,layered_block,circular,per_chunk,1,1
7053,23542,27417,16,0,0,layered_block,circular,per_chunk,1,1
7054,30459,34375,16,0,0,layered_block,circular,per_chunk,1,1
7055,22791,26583,16,0,0,layered_block,circular,per_chunk,1,1
7056,23333,27208,16,0,0,layered_block,circular,per_chunk,1,1
7057,23167,27084,16,0,0,layered_block,circular,per_chunk,1,1
7058,23209,27042,16,0,0,layered_block,circular,per_chunk,1,1
7059,23167,83750,16,0,0,layered_block,circular,per_chunk,1,1
7060,23333,27167,16,0,0,layered_block,circular,per_chunk,1,1
7061,22917,26791,16,0,0,layered_block,circular,per_chunk,1,1
7062,23958,27833,16,0,0,layered_block,circular,per_chunk,1,1
7063,23084,26916,16,0,0,layered_block,circular,per_chunk,1,1
7064,23000,26750,16,0,0,layered_block,circular,per_chunk,1,1
7065,22792,26625,16,0,0,layered_block,circular,per_chunk,1,1
7066,24000,27875,16,0,0,layered_block,circular,per_chunk,1,1
7067,23959,27875,16,0,0,layered_block,circular,per_chunk,1,1
7068,23750,27625,16,0,0,layered_block,circular,per_chunk,1,1
7069,23334,27209,16,0,0,layered_block,circular,per_chunk,1,1
7070,23000,26875,16,0,0,layered_block,circular,per_chunk,1,1
7071,23208,32833,16,0,0,layered_block,circular,per_chunk,1,1
7072,23083,26875,16,0,0,layered_block,circular,per_chunk,1,1
7073,23250,27125,16,0,0,layered_block,circular,per_chunk,1,1
7074,22875,27375,16,0,0,layered_block,circular,per_chunk,1,1
7075,23167,26958,16,0,0,layered_block,circular,per_chunk,1,1
7076,23083,27083,16,0,0,layered_block,circular,per_chunk,1,1
7077,22875,26667,16,0,0,layered_block,circular,per_chunk,1,1
7078,23042,26833,16,0,0,layered_block,circular,per_chunk,1,1
7079,23375,27209,16,0,0,layered_block,circular,per_chunk,1,1
7080,22834,26750,16,0,0,layered_block,circular,per_chunk,1,1
7081,23292,27167,16,0,0,layered_block,circular,per_chunk,1,1
7082,23042,26959,16,0,0,layered_block,circular,per_chunk,1,1
7083,22834,26750,16,0,0,layered_block,circular,per_chunk,1,1
7084,23458,27292,16,0,0,layered_block,circular,per_chunk,1,1
7085,22708,26584,16,0,0,layered_block,circular,per_chunk,1,1
7086,23000,26833,16,0,0,layered_block,circular,per_chunk,1,1
7087,22875,26667,16,0,0,layered_block,circular,per_chunk,1,1
7088,24000,27916,16,0,0,layered_block,circular,per_chunk,1,1
7089,22916,26750,16,0,0,layered_block,circular,per_chunk,1,1
7090,22917,26750,16,0,0,layered_block,circular,per_chunk,1,1
7091,23042,26834,16,0,0,layered_block,circular,per_chunk,1,1
7092,22625,26458,16,0,0,layered_block,circular,per_chunk,1,1
7093,23500,27334,16,0,0,layered_block,circular,per_chunk,1,1
7094,22750,26542,16,0,0,layered_block,circular,per_chunk,1,1
7095,22792,26625,16,0,0,layered_block,circular,per_chunk,1,1
7096,22709,27209,16,0,0,layered_block,circular,per_chunk,1,1
7097,23125,27000,16,0,0,layered_block,circular,per_chunk,1,1
7098,23042,26834,16,0,0,layered_block,circular,per_chunk,1,1
7099,22750,26625,16,0,0,layered_block,circular,per_chunk,1,1
7100,23334,27250,16,0,0,layered_block,circular,per_chunk,1,1
7101,23000,26833,16,0,0,layered_block,circular,per_chunk,1,1
7102,23250,27416,16,0,0,layered_block,circular,per_chunk,1,1
7103,23041,26875,16,0,0,layered_block,circular,per_chunk,1,1
7104,23125,27000,16,0,0,layered_block,circular,per_chunk,1,1
7105,23083,26959,16,0,0,layered_block,circular,per_chunk,1,1
7106,24041,27833,16,0,0,layered_block,circular,per_chunk,1,1
7107,22958,26833,16,0,0,layered_block,circular,per_chunk,1,1
7108,22708,26500,16,0,0,layered_block,circular,per_chunk,1,1
7109,22750,26583,16,0,0,layered_block,circular,per_chunk,1,1
7110,23292,27208,16,0,0,layered_block,circular,per_chunk,1,1
7111,22834,26667,16,0,0,layered_block,circular,per_chunk,1,1
7112,22709,26583,16,0,0,layered_block,circular,per_chunk,1,1
7113,23542,27417,16,0,0,layered_block,circular,per_chunk,1,1
7114,23125,26958,16,0,0,layered_block,circular,per_chunk,1,1
7115,23208,27083,16,0,0,layered_block,circular,per_chunk,1,1
7116,30167,34125,16,0,0,layered_block,circular,per_chunk,1,1
7117,23000,26833,16,0,0,layered_block,circular,per_chunk,1,1
7118,23500,27375,16,0,0,layered_block,circular,per_chunk,1,1
7119,22791,26708,16,0,0,layered_block,circular,per_chunk,1,1
7120,23000,26834,16,0,0,layered_block,circular,per_chunk,1,1
7121,23375,27500,16,0,0,layered_block,circular,per_chunk,1,1
7122,23209,27125,16,0,0,layered_block,circular,per_chunk,1,1
7123,23584,27416,16,0,0,layered_block,circular,per_chunk,1,1
7124,23125,27042,16,0,0,layered_block,circular,per_chunk,1,1
7125,22833,26750,16,0,0,layered_block,circular,per_chunk,1,1
7126,24458,28333,16,0,0,layered_block,circular,per_chunk,1,1
7127,23750,27625,16,0,0,layered_block,circular,per_chunk,1,1
7128,30625,34583,16,0,0,layered_block,circular,per_chunk,1,1
7129,23250,27042,16,0,0,layered_block,circular,per_chunk,1,1
7130,23166,27083,16,0,0,layered_block,circular,per_chunk,1,1
7131,22875,26792,16,0,0,layered_block,circular,per_chunk,1,1
7132,22833,26709,16,0,0,layered_block,circular,per_chunk,1,1
7133,23667,27584,16,0,0,layered_block,circular,per_chunk,1,1
7134,32125,36083,16,0,0,layered_block,circular,per_chunk,1,1
7135,22958,26792,16,0,0,layered_block,circular,per_chunk,1,1
7136,22791,26750,16,0,0,layered_block,circular,per_chunk,1,1
7137,32292,36500,16,0,0,layered_block,circular,per_chunk,1,1
7138,23167,26958,16,0,0,layered_block,circular,per_chunk,1,1
7139,22875,26750,16,0,0,layered_block,circular,per_chunk,1,1
7140,23458,27416,16,0,0,layered_block,circular,per_chunk,1,1
7141,23125,26959,16,0,0,layered_block,circular,per_chunk,1,1
7142,23125,27000,16,0,0,layered_block,circular,per_chunk,1,1
7143,23500,27458,16,0,0,layered_block,circular,per_chunk,1,1
7144,22875,26709,16,0,0,layered_block,circular,per_chunk,1,1
7145,23458,27375,16,0,0,layered_block,circular,per_chunk,1,1
7146,30500,34417,16,0,0,layered_block,circular,per_chunk,1,1
7147,23000,26916,16,0,0,layered_block,circular,per_chunk,1,1
7148,23250,27125,16,0,0,layered_block,circular,per_chunk,1,1
7149,23291,27250,16,0,0,layered_block,circular,per_chunk,1,1
7150,23209,27125,16,0,0,layered_block,circular,per_chunk,1,1
7151,23083,26958,16,0,0,layered_block,circular,per_chunk,1,1
7152,23167,27083,16,0,0,layered_block,circular,per_chunk,1,1
7153,23541,27458,16,0,0,layered_block,circular,per_chunk,1,1
7154,23000,26875,16,0,0,layered_block,circular,per_chunk,1,1
7155,31125,35167,16,0,0,layered_block,circular,per_chunk,1,1
7156,23000,26792,16,0,0,layered_block,circular,per_chunk,1,1
7157,23291,27083,16,0,0,layered_block,circular,per_chunk,1,1
7158,22875,26708,16,0,0,layered_block,circular,per_chunk,1,1
7159,83916,88333,16,0,0,layered_block,circular,per_chunk,1,1
7160,23375,27250,16,0,0,layered_block,circular,per_chunk,1,1
7161,23500,27750,16,0,0,layered_block,circular,per_chunk,1,1
7162,22833,26667,16,0,0,layered_block,circular,per_chunk,1,1
7163,23167,27250,16,0,0,layered_block,circular,per_chunk,1,1
7164,22792,26708,16,0,0,layered_block,circular,per_chunk,1,1
7165,22875,26708,16,0,0,layered_block,circular,per_chunk,1,1
7166,23583,27500,16,0,0,layered_block,circular,per_chunk,1,1
7167,23709,27625,16,0,0,layered_block,circular,per_chunk,1,1
7168,23292,27125,16,0,0,layered_block,circular,per_chunk,1,1
7169,22833,26709,16,0,0,layered_block,circular,per_chunk,1,1
7170,22792,32959,16,0,0,layered_block,circular,per_chunk,1,1
7171,23083,26917,16,0,0,layered_block,circular,per_chunk,1,1
7172,23459,27542,16,0,0,layered_block,circular,per_chunk,1,1
7173,23625,27583,16,0,0,layered_block,circular,per_chunk,1,1
7174,22959,26833,16,0,0,layered_block,circular,per_chunk,1,1
7175,23000,26916,16,0,0,layered_block,circular,per_chunk,1,1
7176,23041,26875,16,0,0,layered_block,circular,per_chunk,1,1
7177,23042,26917,16,0,0,layered_block,circular,per_chunk,1,1
7178,23667,28042,16,0,0,layered_block,circular,per_chunk,1,1
7179,24500,28708,16,0,0,layered_block,circular,per_chunk,1,1
7180,23083,26917,16,0,0,layered_block,circular,per_chunk,1,1
7181,23375,27417,16,0,0,layered_block,circular,per_chunk,1,1
7182,22667,26625,16,0,0,layered_block,circular,per_chunk,1,1
7183,23167,27084,16,0,0,layered_block,circular,per_chunk,1,1
7184,22958,26959,16,0,0,layered_block,circular,per_chunk,1,1
7185,23166,27042,16,0,0,layered_block,circular,per_chunk,1,1
7186,22959,26791,16,0,0,layered_block,circular,per_chunk,1,1
7187,23292,27166,16,0,0,layered_block,circular,per_chunk,1,1
7188,23166,27083,16,0,0,layered_block,circular,per_chunk,1,1
7189,23833,27667,16,0,0,layered_block,circular,per_chunk,1,1
7190,22750,26666,16,0,0,layered_block,circular,per_chunk,1,1
7191,23083,26958,16,0,0,layered_block,circular,per_chunk,1,1
7192,23083,27583,16,0,0,layered_block,circular,per_chunk,1,1
7193,23500,27459,16,0,0,layered_block,circular,per_chunk,1,1
7194,23166,27042,16,0,0,layered_block,circular,per_chunk,1,1
7195,22917,27417,16,0,0,layered_block,circular,per_chunk,1,1
7196,23125,26958,16,0,0,layered_block,circular,per_chunk,1,1
7197,23125,27000,16,0,0,layered_block,circular,per_chunk,1,1
7198,30875,34875,16,0,0,layered_block,circular,per_chunk,1,1
7199,23667,27541,16,0,0,layered_block,circular,per_chunk,1,1
7200,23667,27500,16,0,0,layered_block,circular,per_chunk,1,1
7201,23459,27791,16,0,0,layered_block,circular,per_chunk,1,1
7202,22916,26750,16,0,0,layered_block,circular,per_chunk,1,1
7203,23750,27667,16,0,0,layered_block,circular,per_chunk,1,1
7204,23334,33250,16,0,0,layered_block,circular,per_chunk,1,1
7205,23125,27000,16,0,0,layered_block,circular,per_chunk,1,1
7206,23292,27166,16,0,0,layered_block,circular,per_chunk,1,1
7207,23083,33209,16,0,0,layered_block,circular,per_chunk,1,1
7208,23042,26917,16,0,0,layered_block,circular,per_chunk,1,1
7209,23125,27125,16,0,0,layered_block,circular,per_chunk,1,1
7210,22875,26833,16,0,0,layered_block,circular,per_chunk,1,1
7211,23708,27542,16,0,0,layered_block,circular,per_chunk,1,1
7212,30125,34125,16,0,0,layered_block,circular,per_chunk,1,1
7213,23083,26958,16,0,0,layered_block,circular,per_chunk,1,1
7214,22708,26625,16,0,0,layered_block,circular,per_chunk,1,1
7215,23375,27291,16,0,0,layered_block,circular,per_chunk,1,1
7216,23000,26875,16,0,0,layered_block,circular,per_chunk,1,1
7217,23166,27083,16,0,0,layered_block,circular,per_chunk,1,1
7218,22792,26667,16,0,0,layered_block,circular,per_chunk,1,1
7219,24166,28166,16,0,0,layered_block,circular,per_chunk,1,1
7220,23208,27083,16,0,0,layered_block,circular,per_chunk,1,1
7221,23208,27125,16,0,0,layered_block,circular,per_chunk,1,1
7222,23417,27333,16,0,0,layered_block,circular,per_chunk,1,1
7223,23042,26917,16,0,0,layered_block,circular,per_chunk,1,1
7224,23500,27541,16,0,0,layered_block,circular,per_chunk,1,1
7225,23292,27209,16,0,0,layered_block,circular,per_chunk,1,1
7226,23625,27458,16,0,0,layered_block,circular,per_chunk,1,1
7227,23583,27625,16,0,0,layered_block,circular,per_chunk,1,1
7228,23416,27333,16,0,0,layered_block,circular,per_chunk,1,1
7229,22834,26750,16,0,0,layered_block,circular,per_chunk,1,1
7230,23042,26917,16,0,0,layered_block,circular,per_chunk,1,1
7231,23417,27375,16,0,0,layered_block,circular,per_chunk,1,1
7232,23208,27417,16,0,0,layered_block,circular,per_chunk,1,1
7233,29958,33875,16,0,0,layered_block,circular,per_chunk,1,1
7234,23584,27416,16,0,0,layered_block,circular,per_chunk,1,1
7235,22792,26625,16,0,0,layered_block,circular,per_chunk,1,1
7236,23000,26875,16,0,0,layered_block,circular,per_chunk,1,1
7237,22750,26625,16,0,0,layered_block,circular,per_chunk,1,1
7238,23042,27542,16,0,0,layered_block,circular,per_chunk,1,1
7239,22875,26750,16,0,0,layered_block,circular,per_chunk,1,1
7240,23125,27000,16,0,0,layered_block,circular,per_chunk,1,1
7241,23625,27625,16,0,0,layered_block,circular,per_chunk,1,1
7242,22958,26875,16,0,0,layered_block,circular,per_chunk,1,1
7243,22917,26792,16,0,0,layered_block,circular,per_chunk,1,1
7244,22833,26708,16,0,0,layered_block,circular,per_chunk,1,1
7245,22875,26750,16,0,0,layered_block,circular,per_chunk,1,1
7246,23583,27500,16,0,0,layered_block,circular,per_chunk,1,1
7247,23458,27375,16,0,0,layered_block,circular,per_chunk,1,1
7248,23042,26917,16,0,0,layered_block,circular,per_chunk,1,1
7249,23166,27042,16,0,0,layered_block,circular,per_chunk,1,1
7250,23375,27292,16,0,0,layered_block,circular,per_chunk,1,1
7251,23083,26917,16,0,0,layered_block,circular,per_chunk,1,1
7252,23375,27334,16,0,0,layered_block,circular,per_chunk,1,1
7253,23625,27416,16,0,0,layered_block,circular,per_chunk,1,1
7254,23541,27417,16,0,0,layered_block,circular,per_chunk,1,1
7255,23917,33875,16,0,0,layered_block,circular,per_chunk,1,1
7256,24292,28209,16,0,0,layered_block,circular,per_chunk,1,1
7257,23208,27208,16,0,0,layered_block,circular,per_chunk,1,1
7258,22833,26750,16,0,0,layered_block,circular,per_chunk,1,1
7259,22833,26708,16,0,0,layered_block,circular,per_chunk,1,1
7260,24459,28333,16,0,0,layered_block,circular,per_chunk,1,1
7261,23834,27791,16,0,0,layered_block,circular,per_chunk,1,1
7262,23833,27709,16,0,0,layered_block,circular,per_chunk,1,1
7263,23583,27542,16,0,0,layered_block,circular,per_chunk,1,1
7264,22792,26666,16,0,0,layered_block,circular,per_chunk,1,1
7265,22958,26791,16,0,0,layered_block,circular,per_chunk,1,1
7266,98625,102792,16,0,0,layered_block,circular,per_chunk,1,1
7267,24250,28125,16,0,0,layered_block,circular,per_chunk,1,1
7268,23125,27000,16,0,0,layered_block,circular,per_chunk,1,1
7269,23625,34000,16,0,0,layered_block,circular,per_chunk,1,1
7270,22917,26708,16,0,0,layered_block,circular,per_chunk,1,1
7271,23250,27208,16,0,0,layered_block,circular,per_chunk,1,1
7272,23000,26875,16,0,0,layered_block,circular,per_chunk,1,1
7273,23167,27125,16,0,0,layered_block,circular,per_chunk,1,1
7274,23417,27833,16,0,0,layered_block,circular,per_chunk,1,1
7275,23042,26916,16,0,0,layered_block,circular,per_chunk,1,1
7276,22916,26875,16,0,0,layered_block,circular,per_chunk,1,1
7277,22833,32584,16,0,0,layered_block,circular,per_chunk,1,1
7278,22959,26875,16,0,0,layered_block,circular,per_chunk,1,1
7279,23791,27708,16,0,0,layered_block,circular,per_chunk,1,1
7280,23042,26875,16,0,0,layered_block,circular,per_chunk,1,1
7281,22958,26875,16,0,0,layered_block,circular,per_chunk,1,1
7282,23500,33667,16,0,0,layered_block,circular,per_chunk,1,1
7283,23166,27000,16,0,0,layered_block,circular,per_chunk,1,1
7284,23417,27334,16,0,0,layered_block,circular,per_chunk,1,1
7285,23000,26958,16,0,0,layered_block,circular,per_chunk,1,1
7286,23125,27000,16,0,0,layered_block,circular,per_chunk,1,1
7287,23583,27500,16,0,0,layered_block,circular,per_chunk,1,1
7288,23083,27000,16,0,0,layered_block,circular,per_chunk,1,1
7289,23125,26875,16,0,0,layered_block,circular,per_chunk,1,1
7290,23209,27125,16,0,0,layered_block,circular,per_chunk,1,1
7291,22959,26833,16,0,0,layered_block,circular,per_chunk,1,1
7292,23084,27000,16,0,0,layered_block,circular,per_chunk,1,1
7293,23083,26958,16,0,0,layered_block,circular,per_chunk,1,1
7294,23125,27084,16,0,0,layered_block,circular,per_chunk,1,1
7295,23250,27292,16,0,0,layered_block,circular,per_chunk,1,1
7296,30667,34750,16,0,0,layered_block,circular,per_chunk,1,1
7297,22959,26750,16,0,0,layered_block,circular,per_chunk,1,1
7298,23125,27166,16,0,0,layered_block,circular,per_chunk,1,1
7299,23084,26917,16,0,0,layered_block,circular,per_chunk,1,1
7300,22958,26875,16,0,0,layered_block,circular,per_chunk,1,1
7301,23500,27333,16,0,0,layered_block,circular,per_chunk,1,1
7302,31291,35333,16,0,0,layered_block,circular,per_chunk,1,1
7303,23542,27500,16,0,0,layered_block,circular,per_chunk,1,1
7304,22875,26708,16,0,0,layered_block,circular,per_chunk,1,1
7305,23750,27667,16,0,0,layered_block,circular,per_chunk,1,1
7306,23041,26916,16,0,0,layered_block,circular,per_chunk,1,1
7307,23459,27375,16,0,0,layered_block,circular,per_chunk,1,1
7308,23708,27583,16,0,0,layered_block,circular,per_chunk,1,1
7309,22750,26625,16,0,0,layered_block,circular,per_chunk,1,1
7310,23084,26917,16,0,0,layered_block,circular,per_chunk,1,1
7311,23292,27250,16,0,0,layered_block,circular,per_chunk,1,1
7312,22875,26750,16,0,0,layered_block,circular,per_chunk,1,1
7313,25292,29125,16,0,0,layered_block,circular,per_chunk,1,1
7314,23792,27667,16,0,0,layered_block,circular,per_chunk,1,1
7315,22792,26750,16,0,0,layered_block,circular,per_chunk,1,1
7316,23083,27000,16,0,0,layered_block,circular,per_chunk,1,1
7317,30333,34292,16,0,0,layered_block,circular,per_chunk,1,1
7318,23125,27000,16,0,0,layered_block,circular,per_chunk,1,1
7319,23208,27167,16,0,0,layered_block,circular,per_chunk,1,1
7320,23125,27000,16,0,0,layered_block,circular,per_chunk,1,1
7321,23000,26917,16,0,0,layered_block,circular,per_chunk,1,1
7322,23000,26916,16,0,0,layered_block,circular,per_chunk,1,1
7323,30250,34250,16,0,0,layered_block,circular,per_chunk,1,1
7324,23458,27250,16,0,0,layered_block,circular,per_chunk,1,1
7325,23875,27916,16,0,0,layered_block,circular,per_chunk,1,1
7326,23000,26917,16,0,0,layered_block,circular,per_chunk,1,1
7327,23375,27250,16,0,0,layered_block,circular,per_chunk,1,1
7328,22709,26583,16,0,0,layered_block,circular,per_chunk,1,1
7329,30334,34291,16,0,0,layered_block,circular,per_chunk,1,1
7330,23292,27125,16,0,0,layered_block,circular,per_chunk,1,1
7331,24084,28000,16,0,0,layered_block,circular,per_chunk,1,1
7332,23084,26958,16,0,0,layered_block,circular,per_chunk,1,1
7333,23875,27792,16,0,0,layered_block,circular,per_chunk,1,1
7334,23541,27375,16,0,0,layered_block,circular,per_chunk,1,1
7335,23250,27583,16,0,0,layered_block,circular,per_chunk,1,1
7336,23000,26834,16,0,0,layered_block,circular,per_chunk,1,1
7337,23000,26917,16,0,0,layered_block,circular,per_chunk,1,1
7338,30917,35000,16,0,0,layered_block,circular,per_chunk,1,1
7339,31208,35167,16,0,0,layered_block,circular,per_chunk,1,1
7340,23458,27459,16,0,0,layered_block,circular,per_chunk,1,1
7341,22750,26625,16,0,0,layered_block,circular,per_chunk,1,1
7342,23292,27208,16,0,0,layered_block,circular,per_chunk,1,1
7343,23208,27125,16,0,0,layered_block,circular,per_chunk,1,1
7344,23000,26834,16,0,0,layered_block,circular,per_chunk,1,1
7345,23417,27375,16,0,0,layered_block,circular,per_chunk,1,1
7346,23000,27250,16,0,0,layered_block,circular,per_chunk,1,1
7347,22917,26834,16,0,0,layered_block,circular,per_chunk,1,1
7348,23625,27584,16,0,0,layered_block,circular,per_chunk,1,1
7349,23167,27083,16,0,0,layered_block,circular,per_chunk,1,1
7350,23125,27000,16,0,0,layered_block,circular,per_chunk,1,1
7351,23042,27000,16,0,0,layered_block,circular,per_chunk,1,1
7352,22667,26583,16,0,0,layered_block,circular,per_chunk,1,1
7353,23250,27166,16,0,0,layered_block,circular,per_chunk,1,1
7354,22917,26792,16,0,0,layered_block,circular,per_chunk,1,1
7355,22959,26792,16,0,0,layered_block,circular,per_chunk,1,1
7356,23500,27417,16,0,0,layered_block,circular,per_chunk,1,1
7357,22833,26708,16,0,0,layered_block,circular,per_chunk,1,1
7358,23083,26917,16,0,0,layered_block,circular,per_chunk,1,1
7359,23292,27375,16,0,0,layered_block,circular,per_chunk,1,1
7360,23417,27291,16,0,0,layered_block,circular,per_chunk,1,1
7361,23083,27041,16,0,0,layered_block,circular,per_chunk,1,1
7362,23417,27334,16,0,0,layered_block,circular,per_chunk,1,1
7363,22916,26833,16,0,0,layered_block,circular,per_chunk,1,1
7364,23166,27625,16,0,0,layered_block,circular,per_chunk,1,1
7365,22875,26792,16,0,0,layered_block,circular,per_chunk,1,1
7366,26375,30208,16,0,0,layered_block,circular,per_chunk,1,1
7367,23875,27750,16,0,0,layered_block,circular,per_chunk,1,1
7368,23000,26875,16,0,0,layered_block,circular,per_chunk,1,1
7369,23542,27417,16,0,0,layered_block,circular,per_chunk,1,1
7370,23250,27125,16,0,0,layered_block,circular,per_chunk,1,1
7371,22917,26708,16,0,0,layered_block,circular,per_chunk,1,1
7372,22709,26625,16,0,0,layered_block,circular,per_chunk,1,1
7373,23875,28542,16,0,0,layered_block,circular,per_chunk,1,1
7374,23167,27083,16,0,0,layered_block,circular,per_chunk,1,1
7375,22875,26708,16,0,0,layered_block,circular,per_chunk,1,1
7376,23375,27292,16,0,0,layered_block,circular,per_chunk,1,1
7377,23208,27125,16,0,0,layered_block,circular,per_chunk,1,1
7378,23041,26916,16,0,0,layered_block,circular,per_chunk,1,1
7379,23208,27167,16,0,0,layered_block,circular,per_chunk,1,1
7380,23708,27583,16,0,0,layered_block,circular,per_chunk,1,1
7381,23125,27000,16,0,0,layered_block,circular,per_chunk,1,1
7382,22917,26833,16,0,0,layered_block,circular,per_chunk,1,1
7383,23125,26958,16,0,0,layered_block,circular,per_chunk,1,1
7384,23125,27041,16,0,0,layered_block,circular,per_chunk,1,1
7385,22792,26666,16,0,0,layered_block,circular,per_chunk,1,1
7386,90209,94250,16,0,0,layered_block,circular,per_chunk,1,1
7387,23417,27334,16,0,0,layered_block,circular,per_chunk,1,1
7388,22792,26666,16,0,0,layered_block,circular,per_chunk,1,1
7389,22875,26750,16,0,0,layered_block,circular,per_chunk,1,1
7390,22875,26792,16,0,0,layered_block,circular,per_chunk,1,1
7391,22750,26667,16,0,0,layered_block,circular,per_chunk,1,1
7392,23166,27208,16,0,0,layered_block,circular,per_chunk,1,1
7393,22792,26750,16,0,0,layered_block,circular,per_chunk,1,1
7394,22750,26708,16,0,0,layered_block,circular,per_chunk,1,1
7395,23459,27459,16,0,0,layered_block,circular,per_chunk,1,1
7396,22875,26792,16,0,0,layered_block,circular,per_chunk,1,1
7397,22750,26667,16,0,0,layered_block,circular,per_chunk,1,1
7398,22750,26708,16,0,0,layered_block,circular,per_chunk,1,1
7399,22916,26750,16,0,0,layered_block,circular,per_chunk,1,1
7400,23084,26916,16,0,0,layered_block,circular,per_chunk,1,1
7401,23250,27500,16,0,0,layered_block,circular,per_chunk,1,1
7402,22875,26666,16,0,0,layered_block,circular,per_chunk,1,1
7403,23167,27375,16,0,0,layered_block,circular,per_chunk,1,1
7404,22791,26708,16,0,0,layered_block,circular,per_chunk,1,1
7405,23042,26917,16,0,0,layered_block,circular,per_chunk,1,1
7406,30709,34708,16,0,0,layered_block,circular,per_chunk,1,1
7407,23083,26958,16,0,0,layered_block,circular,per_chunk,1,1
7408,22708,26625,16,0,0,layered_block,circular,per_chunk,1,1
7409,22792,26666,16,0,0,layered_block,circular,per_chunk,1,1
7410,22833,26709,16,0,0,layered_block,circular,per_chunk,1,1
7411,23125,27084,16,0,0,layered_block,circular,per_chunk,1,1
7412,22791,26708,16,0,0,layered_block,circular,per_chunk,1,1
7413,22875,26750,16,0,0,layered_block,circular,per_chunk,1,1
7414,23166,27500,16,0,0,layered_block,circular,per_chunk,1,1
7415,23125,27000,16,0,0,layered_block,circular,per_chunk,1,1
7416,22750,26583,16,0,0,layered_block,circular,per_chunk,1,1
7417,23000,26875,16,0,0,layered_block,circular,per_chunk,1,1
7418,23375,27291,16,0,0,layered_block,circular,per_chunk,1,1
7419,23166,27083,16,0,0,layered_block,circular,per_chunk,1,1
7420,23750,27583,16,0,0,layered_block,circular,per_chunk,1,1
7421,23291,27208,16,0,0,layered_block,circular,per_chunk,1,1
7422,23542,27583,16,0,0,layered_block,circular,per_chunk,1,1
7423,22916,26916,16,0,0,layered_block,circular,per_chunk,1,1
7424,23125,27041,16,0,0,layered_block,circular,per_chunk,1,1
7425,23417,27292,16,0,0,layered_block,circular,per_chunk,1,1
7426,23000,26959,16,0,0,layered_block,circular,per_chunk,1,1
7427,23584,27459,16,0,0,layered_block,circular,per_chunk,1,1
7428,23000,26958,16,0,0,layered_block,circular,per_chunk,1,1
7429,23125,27000,16,0,0,layered_block,circular,per_chunk,1,1
7430,23834,27916,16,0,0,layered_block,circular,per_chunk,1,1
7431,23084,26958,16,0,0,layered_block,circular,per_chunk,1,1
7432,23250,27125,16,0,0,layered_block,circular,per_chunk,1,1
7433,22750,26625,16,0,0,layered_block,circular,per_chunk,1,1
7434,24250,28208,16,0,0,layered_block,circular,per_chunk,1,1
7435,23042,26959,16,0,0,layered_block,circular,per_chunk,1,1
7436,31500,35500,16,0,0,layered_block,circular,per_chunk,1,1
7437,22833,26625,16,0,0,layered_block,circular,per_chunk,1,1
7438,23042,27292,16,0,0,layered_block,circular,per_chunk,1,1
7439,23000,26917,16,0,0,layered_block,circular,per_chunk,1,1
7440,23167,27000,16,0,0,layered_block,circular,per_chunk,1,1
7441,23458,27458,16,0,0,layered_block,circular,per_chunk,1,1
7442,23250,27250,16,0,0,layered_block,circular,per_chunk,1,1
7443,22833,26792,16,0,0,layered_block,circular,per_chunk,1,1
7444,23417,27375,16,0,0,layered_block,circular,per_chunk,1,1
7445,23167,27000,16,0,0,layered_block,circular,per_chunk,1,1
7446,23458,27417,16,0,0,layered_block,circular,per_chunk,1,1
7447,23458,27375,16,0,0,layered_block,circular,per_chunk,1,1
7448,22916,26833,16,0,0,layered_block,circular,per_chunk,1,1
7449,23000,26916,16,0,0,layered_block,circular,per_chunk,1,1
7450,30750,34667,16,0,0,layered_block,circular,per_chunk,1,1
7451,22833,26625,16,0,0,layered_block,circular,per_chunk,1,1
7452,22792,26709,16,0,0,layered_block,circular,per_chunk,1,1
7453,24334,28291,16,0,0,layered_block,circular,per_chunk,1,1
7454,23291,27208,16,0,0,layered_block,circular,per_chunk,1,1
7455,24000,27917,16,0,0,layered_block,circular,per_chunk,1,1
7456,30625,34542,16,0,0,layered_block,circular,per_chunk,1,1
7457,23333,27167,16,0,0,layered_block,circular,per_chunk,1,1
7458,23417,27250,16,0,0,layered_block,circular,per_chunk,1,1
7459,23083,27000,16,0,0,layered_block,circular,per_chunk,1,1
7460,23166,27042,16,0,0,layered_block,circular,per_chunk,1,1
7461,23708,27625,16,0,0,layered_block,circular,per_chunk,1,1
7462,30791,34750,16,0,0,layered_block,circular,per_chunk,1,1
7463,23250,27083,16,0,0,layered_block,circular,per_chunk,1,1
7464,23250,27125,16,0,0,layered_block,circular,per_chunk,1,1
7465,23708,27625,16,0,0,layered_block,circular,per_chunk,1,1
7466,22958,26792,16,0,0,layered_block,circular,per_chunk,1,1
7467,23625,27458,16,0,0,layered_block,circular,per_chunk,1,1
7468,24208,28125,16,0,0,layered_block,circular,per_chunk,1,1
7469,23083,26958,16,0,0,layered_block,circular,per_chunk,1,1
7470,23667,27500,16,0,0,layered_block,circular,per_chunk,1,1
7471,23875,27709,16,0,0,layered_block,circular,per_chunk,1,1
7472,22792,26584,16,0,0,layered_block,circular,per_chunk,1,1
7473,23166,27083,16,0,0,layered_block,circular,per_chunk,1,1
7474,23333,27750,16,0,0,layered_block,circular,per_chunk,1,1
7475,23000,26917,16,0,0,layered_block,circular,per_chunk,1,1
7476,23125,26958,16,0,0,layered_block,circular,per_chunk,1,1
7477,22875,27333,16,0,0,layered_block,circular,per_chunk,1,1
7478,22917,26834,16,0,0,layered_block,circular,per_chunk,1,1
7479,23084,27000,16,0,0,layered_block,circular,per_chunk,1,1
7480,25917,29709,16,0,0,layered_block,circular,per_chunk,1,1
7481,23417,27250,16,0,0,layered_block,circular,per_chunk,1,1
7482,23125,27042,16,0,0,layered_block,circular,per_chunk,1,1
7483,23375,34125,16,0,0,layered_block,circular,per_chunk,1,1
7484,23042,26875,16,0,0,layered_block,circular,per_chunk,1,1
7485,23208,27083,16,0,0,layered_block,circular,per_chunk,1,1
7486,22958,26833,16,0,0,layered_block,circular,per_chunk,1,1
7487,23250,27167,16,0,0,layered_block,circular,per_chunk,1,1
7488,23791,27708,16,0,0,layered_block,circular,per_chunk,1,1
7489,24000,27916,16,0,0,layered_block,circular,per_chunk,1,1
7490,23459,27333,16,0,0,layered_block,circular,per_chunk,1,1
7491,23084,27000,16,0,0,layered_block,circular,per_chunk,1,1
7492,22750,26625,16,0,0,layered_block,circular,per_chunk,1,1
7493,22750,26625,16,0,0,layered_block,circular,per_chunk,1,1
7494,23667,27750,16,0,0,layered_block,circular,per_chunk,1,1
7495,22958,26833,16,0,0,layered_block,circular,per_chunk,1,1
7496,22792,26666,16,0,0,layered_block,circular,per_chunk,1,1
7497,23125,27125,16,0,0,layered_block,circular,per_chunk,1,1
7498,22833,26709,16,0,0,layered_block,circular,per_chunk,1,1
7499,23000,26875,16,0,0,layered_block,circular,per_chunk,1,1
7500,25459,29416,16,0,0,layered_block,circular,per_chunk,1,1
7501,24042,27916,16,0,0,layered_block,circular,per_chunk,1,1
7502,23250,27166,16,0,0,layered_block,circular,per_chunk,1,1
7503,23375,27334,16,0,0,layered_block,circular,per_chunk,1,1
7504,22792,26709,16,0,0,layered_block,circular,per_chunk,1,1
7505,23041,26958,16,0,0,layered_block,circular,per_chunk,1,1
7506,23791,34625,16,0,0,layered_block,circular,per_chunk,1,1
7507,22834,26708,16,0,0,layered_block,circular,per_chunk,1,1
7508,23458,27333,16,0,0,layered_block,circular,per_chunk,1,1
7509,30916,34917,16,0,0,layered_block,circular,per_chunk,1,1
7510,23541,27417,16,0,0,layered_block,circular,per_chunk,1,1
7511,22917,26833,16,0,0,layered_block,circular,per_chunk,1,1
7512,23500,27417,16,0,0,layered_block,circular,per_chunk,1,1
7513,23375,27208,16,0,0,layered_block,circular,per_chunk,1,1
7514,23791,27708,16,0,0,layered_block,circular,per_chunk,1,1
7515,23334,27250,16,0,0,layered_block,circular,per_chunk,1,1
7516,23291,27208,16,0,0,layered_block,circular,per_chunk,1,1
7517,23000,26958,16,0,0,layered_block,circular,per_chunk,1,1
7518,23166,27042,16,0,0,layered_block,circular,per_chunk,1,1
7519,22833,26708,16,0,0,layered_block,circular,per_chunk,1,1
7520,23750,27583,16,0,0,layered_block,circular,per_chunk,1,1
7521,23417,27375,16,0,0,layered_block,circular,per_chunk,1,1
7522,22791,26667,16,0,0,layered_block,circular,per_chunk,1,1
7523,23458,27333,16,0,0,layered_block,circular,per_chunk,1,1
7524,23416,27333,16,0,0,layered_block,circular,per_chunk,1,1
7525,23416,27292,16,0,0,layered_block,circular,per_chunk,1,1
7526,23125,27042,16,0,0,layered_block,circular,per_chunk,1,1
7527,32291,36292,16,0,0,layered_block,circular,per_chunk,1,1
7528,22917,26750,16,0,0,layered_block,circular,per_chunk,1,1
7529,23333,27250,16,0,0,layered_block,circular,per_chunk,1,1
7530,22833,26708,16,0,0,layered_block,circular,per_chunk,1,1
7531,24042,27917,16,0,0,layered_block,circular,per_chunk,1,1
7532,23250,27292,16,0,0,layered_block,circular,per_chunk,1,1
7533,22917,26834,16,0,0,layered_block,circular,per_chunk,1,1
7534,23333,27459,16,0,0,layered_block,circular,per_chunk,1,1
7535,23209,27042,16,0,0,layered_block,circular,per_chunk,1,1
7536,23000,26875,16,0,0,layered_block,circular,per_chunk,1,1
7537,23084,26917,16,0,0,layered_block,circular,per_chunk,1,1
7538,23708,27625,16,0,0,layered_block,circular,per_chunk,1,1
7539,23084,26916,16,0,0,layered_block,circular,per_chunk,1,1
7540,22875,26792,16,0,0,layered_block,circular,per_chunk,1,1
7541,23917,28167,16,0,0,layered_block,circular,per_chunk,1,1
7542,22833,26792,16,0,0,layered_block,circular,per_chunk,1,1
7543,22834,26708,16,0,0,layered_block,circular,per_chunk,1,1
7544,23541,27458,16,0,0,layered_block,circular,per_chunk,1,1
7545,23250,27167,16,0,0,layered_block,circular,per_chunk,1,1
7546,23208,27167,16,0,0,layered_block,circular,per_chunk,1,1
7547,24000,35708,16,0,0,layered_block,circular,per_chunk,1,1
7548,22916,26791,16,0,0,layered_block,circular,per_chunk,1,1
7549,23125,27042,16,0,0,layered_block,circular,per_chunk,1,1
7550,23000,26959,16,0,0,layered_block,circular,per_chunk,1,1
7551,23208,27125,16,0,0,layered_block,circular,per_chunk,1,1
7552,23125,27042,16,0,0,layered_block,circular,per_chunk,1,1
7553,22792,26708,16,0,0,layered_block,circular,per_chunk,1,1
7554,22709,26583,16,0,0,layered_block,circular,per_chunk,1,1
7555,23333,27292,16,0,0,layered_block,circular,per_chunk,1,1
7556,23084,26916,16,0,0,layered_block,circular,per_chunk,1,1
7557,23041,27042,16,0,0,layered_block,circular,per_chunk,1,1
7558,23084,26958,16,0,0,layered_block,circular,per_chunk,1,1
7559,23042,26917,16,0,0,layered_block,circular,per_chunk,1,1
7560,24334,28166,16,0,0,layered_block,circular,per_chunk,1,1
7561,22709,26666,16,0,0,layered_block,circular,per_chunk,1,1
7562,23083,27000,16,0,0,layered_block,circular,per_chunk,1,1
7563,23041,27000,16,0,0,layered_block,circular,per_chunk,1,1
7564,22833,26750,16,0,0,layered_block,circular,per_chunk,1,1
7565,22875,27125,16,0,0,layered_block,circular,per_chunk,1,1
7566,22750,26667,16,0,0,layered_block,circular,per_chunk,1,1
7567,23542,27375,16,0,0,layered_block,circular,per_chunk,1,1
7568,24083,28000,16,0,0,layered_block,circular,per_chunk,1,1
7569,23209,27125,16,0,0,layered_block,circular,per_chunk,1,1
7570,23292,27209,16,0,0,layered_block,circular,per_chunk,1,1
7571,23625,27583,16,0,0,layered_block,circular,per_chunk,1,1
7572,23167,27083,16,0,0,layered_block,circular,per_chunk,1,1
7573,22709,26625,16,0,0,layered_block,circular,per_chunk,1,1
7574,23542,27542,16,0,0,layered_block,circular,per_chunk,1,1
7575,22709,26583,16,0,0,layered_block,circular,per_chunk,1,1
7576,23333,27250,16,0,0,layered_block,circular,per_chunk,1,1
7577,30750,34708,16,0,0,layered_block,circular,per_chunk,1,1
7578,23166,27000,16,0,0,layered_block,circular,per_chunk,1,1
7579,23042,27000,16,0,0,layered_block,circular,per_chunk,1,1
7580,22833,26708,16,0,0,layered_block,circular,per_chunk,1,1
7581,23083,26959,16,0,0,layered_block,circular,per_chunk,1,1
7582,23167,27209,16,0,0,layered_block,circular,per_chunk,1,1
7583,23250,27166,16,0,0,layered_block,circular,per_chunk,1,1
7584,22792,26666,16,0,0,layered_block,circular,per_chunk,1,1
7585,23250,27125,16,0,0,layered_block,circular,per_chunk,1,1
7586,22750,26625,16,0,0,layered_block,circular,per_chunk,1,1
7587,24209,28083,16,0,0,layered_block,circular,per_chunk,1,1
7588,22834,26750,16,0,0,layered_block,circular,per_chunk,1,1
7589,22958,26750,16,0,0,layered_block,circular,per_chunk,1,1
7590,23459,27709,16,0,0,layered_block,circular,per_chunk,1,1
7591,23041,26917,16,0,0,layered_block,circular,per_chunk,1,1
7592,22916,26833,16,0,0,layered_block,circular,per_chunk,1,1
7593,22833,26709,16,0,0,layered_block,circular,per_chunk,1,1
7594,22917,26833,16,0,0,layered_block,circular,per_chunk,1,1
7595,23167,27084,16,0,0,layered_block,circular,per_chunk,1,1
7596,22750,26625,16,0,0,layered_block,circular,per_chunk,1,1
7597,22792,26666,16,0,0,layered_block,circular,per_chunk,1,1
7598,30500,34500,16,0,0,layered_block,circular,per_chunk,1,1
7599,22791,26625,16,0,0,layered_block,circular,per_chunk,1,1
7600,23084,26958,16,0,0,layered_block,circular,per_chunk,1,1
7601,23125,26958,16,0,0,layered_block,circular,per_chunk,1,1
7602,23291,27167,16,0,0,layered_block,circular,per_chunk,1,1
7603,23334,27375,16,0,0,layered_block,circular,per_chunk,1,1
7604,23000,26875,16,0,0,layered_block,circular,per_chunk,1,1
7605,22750,26625,16,0,0,layered_block,circular,per_chunk,1,1
7606,22875,27375,16,0,0,layered_block,circular,per_chunk,1,1
7607,22667,26584,16,0,0,layered_block,circular,per_chunk,1,1
7608,23292,27083,16,0,0,layered_block,circular,per_chunk,1,1
7609,23250,27166,16,0,0,layered_block,circular,per_chunk,1,1
7610,23000,26875,16,0,0,layered_block,circular,per_chunk,1,1
7611,22875,26750,16,0,0,layered_block,circular,per_chunk,1,1
7612,22750,26625,16,0,0,layered_block,circular,per_chunk,1,1
7613,22750,26667,16,0,0,layered_block,circular,per_chunk,1,1
7614,23042,27333,16,0,0,layered_block,circular,per_chunk,1,1
7615,22875,27000,16,0,0,layered_block,circular,per_chunk,1,1
7616,22625,26459,16,0,0,layered_block,circular,per_chunk,1,1
7617,23000,27417,16,0,0,layered_block,circular,per_chunk,1,1
7618,22875,26750,16,0,0,layered_block,circular,per_chunk,1,1
7619,22959,26833,16,0,0,layered_block,circular,per_chunk,1,1
7620,22875,26750,16,0,0,layered_block,circular,per_chunk,1,1
7621,23709,27583,16,0,0,layered_block,circular,per_chunk,1,1
7622,23375,27625,16,0,0,layered_block,circular,per_chunk,1,1
7623,22834,26666,16,0,0,layered_block,circular,per_chunk,1,1
7624,22708,26625,16,0,0,layered_block,circular,per_chunk,1,1
7625,23209,27250,16,0,0,layered_block,circular,per_chunk,1,1
7626,22833,26750,16,0,0,layered_block,circular,per_chunk,1,1
7627,23250,27167,16,0,0,layered_block,circular,per_chunk,1,1
7628,31250,35250,16,0,0,layered_block,circular,per_chunk,1,1
7629,22792,26667,16,0,0,layered_block,circular,per_chunk,1,1
7630,23167,27209,16,0,0,layered_block,circular,per_chunk,1,1
7631,22792,26666,16,0,0,layered_block,circular,per_chunk,1,1
7632,22833,26709,16,0,0,layered_block,circular,per_chunk,1,1
7633,23083,27458,16,0,0,layered_block,circular,per_chunk,1,1
7634,22875,26667,16,0,0,layered_block,circular,per_chunk,1,1
7635,23417,27291,16,0,0,layered_block,circular,per_chunk,1,1
7636,23000,27458,16,0,0,layered_block,circular,per_chunk,1,1
7637,22875,26792,16,0,0,layered_block,circular,per_chunk,1,1
7638,22750,26584,16,0,0,layered_block,circular,per_chunk,1,1
7639,22750,26666,16,0,0,layered_block,circular,per_chunk,1,1
7640,22708,26583,16,0,0,layered_block,circular,per_chunk,1,1
7641,23209,27209,16,0,0,layered_block,circular,per_chunk,1,1
7642,30667,34625,16,0,0,layered_block,circular,per_chunk,1,1
7643,22917,26750,16,0,0,layered_block,circular,per_chunk,1,1
7644,23583,27500,16,0,0,layered_block,circular,per_chunk,1,1
7645,22958,26833,16,0,0,layered_block,circular,per_chunk,1,1
7646,22667,26584,16,0,0,layered_block,circular,per_chunk,1,1
7647,29917,33875,16,0,0,layered_block,circular,per_chunk,1,1
7648,22792,26750,16,0,0,layered_block,circular,per_chunk,1,1
7649,22667,26541,16,0,0,layered_block,circular,per_chunk,1,1
7650,29916,33917,16,0,0,layered_block,circular,per_chunk,1,1
7651,22875,26667,16,0,0,layered_block,circular,per_chunk,1,1
7652,23250,27208,16,0,0,layered_block,circular,per_chunk,1,1
7653,22833,26750,16,0,0,layered_block,circular,per_chunk,1,1
7654,22791,26708,16,0,0,layered_block,circular,per_chunk,1,1
7655,23708,27583,16,0,0,layered_block,circular,per_chunk,1,1
7656,22750,26625,16,0,0,layered_block,circular,per_chunk,1,1
7657,22958,26792,16,0,0,layered_block,circular,per_chunk,1,1
7658,30416,34375,16,0,0,layered_block,circular,per_chunk,1,1
7659,23959,27750,16,0,0,layered_block,circular,per_chunk,1,1
7660,23333,27417,16,0,0,layered_block,circular,per_chunk,1,1
7661,22791,26750,16,0,0,layered_block,circular,per_chunk,1,1
7662,23042,26917,16,0,0,layered_block,circular,per_chunk,1,1
7663,23000,26875,16,0,0,layered_block,circular,per_chunk,1,1
7664,23708,34375,16,0,0,layered_block,circular,per_chunk,1,1
7665,23125,26916,16,0,0,layered_block,circular,per_chunk,1,1
7666,24000,28459,16,0,0,layered_block,circular,per_chunk,1,1
7667,23500,27417,16,0,0,layered_block,circular,per_chunk,1,1
7668,25625,29750,16,0,0,layered_block,circular,per_chunk,1,1
7669,24750,28667,16,0,0,layered_block,circular,per_chunk,1,1
7670,31167,35084,16,0,0,layered_block,circular,per_chunk,1,1
7671,22917,26667,16,0,0,layered_block,circular,per_chunk,1,1
7672,23583,27458,16,0,0,layered_block,circular,per_chunk,1,1
7673,22875,26750,16,0,0,layered_block,circular,per_chunk,1,1
7674,23500,27375,16,0,0,layered_block,circular,per_chunk,1,1
7675,23000,27042,16,0,0,layered_block,circular,per_chunk,1,1
7676,23208,27125,16,0,0,layered_block,circular,per_chunk,1,1
7677,23500,27500,16,0,0,layered_block,circular,per_chunk,1,1
7678,24000,28041,16,0,0,layered_block,circular,per_chunk,1,1
7679,22833,26667,16,0,0,layered_block,circular,per_chunk,1,1
7680,23166,27042,16,0,0,layered_block,circular,per_chunk,1,1
7681,23458,27417,16,0,0,layered_block,circular,per_chunk,1,1
7682,23625,27541,16,0,0,layered_block,circular,per_chunk,1,1
7683,22917,26833,16,0,0,layered_block,circular,per_chunk,1,1
7684,23250,27166,16,0,0,layered_block,circular,per_chunk,1,1
7685,23542,27459,16,0,0,layered_block,circular,per_chunk,1,1
7686,23042,26958,16,0,0,layered_block,circular,per_chunk,1,1
7687,32375,36334,16,0,0,layered_block,circular,per_chunk,1,1
7688,25500,29583,16,0,0,layered_block,circular,per_chunk,1,1
7689,23167,27000,16,0,0,layered_block,circular,per_chunk,1,1
7690,24042,28250,16,0,0,layered_block,circular,per_chunk,1,1
7691,22792,26708,16,0,0,layered_block,circular,per_chunk,1,1
7692,22791,26667,16,0,0,layered_block,circular,per_chunk,1,1
7693,22791,26750,16,0,0,layered_block,circular,per_chunk,1,1
7694,22791,26708,16,0,0,layered_block,circular,per_chunk,1,1
7695,22750,26625,16,0,0,layered_block,circular,per_chunk,1,1
7696,30375,34375,16,0,0,layered_block,circular,per_chunk,1,1
7697,23375,27208,16,0,0,layered_block,circular,per_chunk,1,1
7698,23459,27459,16,0,0,layered_block,circular,per_chunk,1,1
7699,23458,27291,16,0,0,layered_block,circular,per_chunk,1,1
7700,23291,27167,16,0,0,layered_block,circular,per_chunk,1,1
7701,30333,34292,16,0,0,layered_block,circular,per_chunk,1,1
7702,23458,27333,16,0,0,layered_block,circular,per_chunk,1,1
7703,23167,27084,16,0,0,layered_block,circular,per_chunk,1,1
7704,22958,26917,16,0,0,layered_block,circular,per_chunk,1,1
7705,22792,26667,16,0,0,layered_block,circular,per_chunk,1,1
7706,23000,26834,16,0,0,layered_block,circular,per_chunk,1,1
7707,30458,34500,16,0,0,layered_block,circular,per_chunk,1,1
7708,25125,28959,16,0,0,layered_block,circular,per_chunk,1,1
7709,23291,27167,16,0,0,layered_block,circular,per_chunk,1,1
7710,23416,27333,16,0,0,layered_block,circular,per_chunk,1,1
7711,22833,26750,16,0,0,layered_block,circular,per_chunk,1,1
7712,22750,26625,16,0,0,layered_block,circular,per_chunk,1,1
7713,22791,26708,16,0,0,layered_block,circular,per_chunk,1,1
7714,22791,26708,16,0,0,layered_block,circular,per_chunk,1,1
7715,23667,27417,16,0,0,layered_block,circular,per_chunk,1,1
7716,24041,27958,16,0,0,layered_block,circular,per_chunk,1,1
7717,23500,27417,16,0,0,layered_block,circular,per_chunk,1,1
7718,22792,26709,16,0,0,layered_block,circular,per_chunk,1,1
7719,31416,35417,16,0,0,layered_block,circular,per_chunk,1,1
7720,22958,26875,16,0,0,layered_block,circular,per_chunk,1,1
7721,23125,27000,16,0,0,layered_block,circular,per_chunk,1,1
7722,23708,27792,16,0,0,layered_block,circular,per_chunk,1,1
7723,23000,26917,16,0,0,layered_block,circular,per_chunk,1,1
7724,22708,26584,16,0,0,layered_block,circular,per_chunk,1,1
7725,30500,34500,16,0,0,layered_block,circular,per_chunk,1,1
7726,22833,26709,16,0,0,layered_block,circular,per_chunk,1,1
7727,23292,27208,16,0,0,layered_block,circular,per_chunk,1,1
7728,24375,28208,16,0,0,layered_block,circular,per_chunk,1,1
7729,23042,26958,16,0,0,layered_block,circular,per_chunk,1,1
7730,22792,26666,16,0,0,layered_block,circular,per_chunk,1,1
7731,22916,26791,16,0,0,layered_block,circular,per_chunk,1,1
7732,22750,26709,16,0,0,layered_block,circular,per_chunk,1,1
7733,23458,27834,16,0,0,layered_block,circular,per_chunk,1,1
7734,22792,26709,16,0,0,layered_block,circular,per_chunk,1,1
7735,23792,27583,16,0,0,layered_block,circular,per_chunk,1,1
7736,23750,27625,16,0,0,layered_block,circular,per_chunk,1,1
7737,23000,26833,16,0,0,layered_block,circular,per_chunk,1,1
7738,22834,26666,16,0,0,layered_block,circular,per_chunk,1,1
7739,23250,27584,16,0,0,layered_block,circular,per_chunk,1,1
7740,22750,26625,16,0,0,layered_block,circular,per_chunk,1,1
7741,22917,26834,16,0,0,layered_block,circular,per_chunk,1,1
7742,23875,27792,16,0,0,layered_block,circular,per_chunk,1,1
7743,23209,27208,16,0,0,layered_block,circular,per_chunk,1,1
7744,24917,28875,16,0,0,layered_block,circular,per_chunk,1,1
7745,23375,27334,16,0,0,layered_block,circular,per_chunk,1,1
7746,23375,27292,16,0,0,layered_block,circular,per_chunk,1,1
7747,23917,27792,16,0,0,layered_block,circular,per_chunk,1,1
7748,24042,27917,16,0,0,layered_block,circular,per_chunk,1,1
7749,30833,34833,16,0,0,layered_block,circular,per_chunk,1,1
7750,23292,27125,16,0,0,layered_block,circular,per_chunk,1,1
7751,25166,29125,16,0,0,layered_block,circular,per_chunk,1,1
7752,23584,27500,16,0,0,layered_block,circular,per_chunk,1,1
7753,24500,28417,16,0,0,layered_block,circular,per_chunk,1,1
7754,23792,27667,16,0,0,layered_block,circular,per_chunk,1,1
7755,24417,28375,16,0,0,layered_block,circular,per_chunk,1,1
7756,23083,26875,16,0,0,layered_block,circular,per_chunk,1,1
7757,23208,27083,16,0,0,layered_block,circular,per_chunk,1,1
7758,23375,27166,16,0,0,layered_block,circular,per_chunk,1,1
7759,24500,28333,16,0,0,layered_block,circular,per_chunk,1,1
7760,24500,28459,16,0,0,layered_block,circular,per_chunk,1,1
7761,23542,27334,16,0,0,layered_block,circular,per_chunk,1,1
7762,22958,26875,16,0,0,layered_block,circular,per_chunk,1,1
7763,23792,27625,16,0,0,layered_block,circular,per_chunk,1,1
7764,23709,27625,16,0,0,layered_block,circular,per_chunk,1,1
7765,23541,27417,16,0,0,layered_block,circular,per_chunk,1,1
7766,24083,28458,16,0,0,layered_block,circular,per_chunk,1,1
7767,22958,26917,16,0,0,layered_block,circular,per_chunk,1,1
7768,22666,26583,16,0,0,layered_block,circular,per_chunk,1,1
7769,22708,26667,16,0,0,layered_block,circular,per_chunk,1,1
7770,23333,27166,16,0,0,layered_block,circular,per_chunk,1,1
7771,76125,80208,16,0,0,layered_block,circular,per_chunk,1,1
7772,23333,27208,16,0,0,layered_block,circular,per_chunk,1,1
7773,23500,27291,16,0,0,layered_block,circular,per_chunk,1,1
7774,23250,27083,16,0,0,layered_block,circular,per_chunk,1,1
7775,23458,27417,16,0,0,layered_block,circular,per_chunk,1,1
7776,115375,120083,16,0,0,layered_block,circular,per_chunk,1,1
7777,23416,27250,16,0,0,layered_block,circular,per_chunk,1,1
7778,23500,27334,16,0,0,layered_block,circular,per_chunk,1,1
7779,23750,28125,16,0,0,layered_block,circular,per_chunk,1,1
7780,23292,27334,16,0,0,layered_block,circular,per_chunk,1,1
7781,23125,26958,16,0,0,layered_block,circular,per_chunk,1,1
7782,23667,27584,16,0,0,layered_block,circular,per_chunk,1,1
7783,23625,27541,16,0,0,layered_block,circular,per_chunk,1,1
7784,23208,27125,16,0,0,layered_block,circular,per_chunk,1,1
7785,78166,104833,16,0,0,layered_block,circular,per_chunk,1,1
7786,23916,27917,16,0,0,layered_block,circular,per_chunk,1,1
7787,32125,36042,16,0,0,layered_block,circular,per_chunk,1,1
7788,23875,27625,16,0,0,layered_block,circular,per_chunk,1,1
7789,81459,106958,16,0,0,layered_block,circular,per_chunk,1,1
7790,23750,27625,16,0,0,layered_block,circular,per_chunk,1,1
7791,23416,27416,16,0,0,layered_block,circular,per_chunk,1,1
7792,24375,28333,16,0,0,layered_block,circular,per_chunk,1,1
7793,23208,156542,16,0,0,layered_block,circular,per_chunk,1,1
7794,23625,27416,16,0,0,layered_block,circular,per_chunk,1,1
7795,31416,35375,16,0,0,layered_block,circular,per_chunk,1,1
7796,23209,27125,16,0,0,layered_block,circular,per_chunk,1,1
7797,23416,27208,16,0,0,layered_block,circular,per_chunk,1,1
7798,23209,27083,16,0,0,layered_block,circular,per_chunk,1,1
7799,23208,27042,16,0,0,layered_block,circular,per_chunk,1,1
7800,22833,26708,16,0,0,layered_block,circular,per_chunk,1,1
7801,23666,27583,16,0,0,layered_block,circular,per_chunk,1,1
7802,22667,26584,16,0,0,layered_block,circular,per_chunk,1,1
7803,23417,28083,16,0,0,layered_block,circular,per_chunk,1,1
7804,23458,27417,16,0,0,layered_block,circular,per_chunk,1,1
7805,113292,117667,16,0,0,layered_block,circular,per_chunk,1,1
7806,23500,27417,16,0,0,layered_block,circular,per_chunk,1,1
7807,22833,26750,16,0,0,layered_block,circular,per_chunk,1,1
7808,23083,26917,16,0,0,layered_block,circular,per_chunk,1,1
7809,23083,27000,16,0,0,layered_block,circular,per_chunk,1,1
7810,23084,26916,16,0,0,layered_block,circular,per_chunk,1,1
7811,23625,27541,16,0,0,layered_block,circular,per_chunk,1,1
7812,22917,26792,16,0,0,layered_block,circular,per_chunk,1,1
7813,23417,27250,16,0,0,layered_block,circular,per_chunk,1,1
7814,23000,26875,16,0,0,layered_block,circular,per_chunk,1,1
7815,23625,27625,16,0,0,layered_block,circular,per_chunk,1,1
7816,23250,27083,16,0,0,layered_block,circular,per_chunk,1,1
7817,24042,27875,16,0,0,layered_block,circular,per_chunk,1,1
7818,101917,123208,16,0,0,layered_block,circular,per_chunk,1,1
7819,23250,27208,16,0,0,layered_block,circular,per_chunk,1,1
7820,23458,27292,16,0,0,layered_block,circular,per_chunk,1,1
7821,23542,27750,16,0,0,layered_block,circular,per_chunk,1,1
7822,31250,35250,16,0,0,layered_block,circular,per_chunk,1,1
7823,23250,27167,16,0,0,layered_block,circular,per_chunk,1,1
7824,22916,26833,16,0,0,layered_block,circular,per_chunk,1,1
7825,23292,27125,16,0,0,layered_block,circular,per_chunk,1,1
7826,23333,27583,16,0,0,layered_block,circular,per_chunk,1,1
7827,23458,27292,16,0,0,layered_block,circular,per_chunk,1,1
7828,23917,27833,16,0,0,layered_block,circular,per_chunk,1,1
7829,23459,27959,16,0,0,layered_block,circular,per_chunk,1,1
7830,23625,27542,16,0,0,layered_block,circular,per_chunk,1,1
7831,23750,27625,16,0,0,layered_block,circular,per_chunk,1,1
7832,23541,27625,16,0,0,layered_block,circular,per_chunk,1,1
7833,24041,27958,16,0,0,layered_block,circular,per_chunk,1,1
7834,24583,28375,16,0,0,layered_block,circular,per_chunk,1,1
7835,23792,27791,16,0,0,layered_block,circular,per_chunk,1,1
7836,22750,26625,16,0,0,layered_block,circular,per_chunk,1,1
7837,23000,26917,16,0,0,layered_block,circular,per_chunk,1,1
7838,23500,27875,16,0,0,layered_block,circular,per_chunk,1,1
7839,23333,27208,16,0,0,layered_block,circular,per_chunk,1,1
7840,23291,27208,16,0,0,layered_block,circular,per_chunk,1,1
7841,23791,27583,16,0,0,layered_block,circular,per_chunk,1,1
7842,31208,35167,16,0,0,layered_block,circular,per_chunk,1,1
7843,23042,26875,16,0,0,layered_block,circular,per_chunk,1,1
7844,24166,28166,16,0,0,layered_block,circular,per_chunk,1,1
7845,23292,27167,16,0,0,layered_block,circular,per_chunk,1,1
7846,23334,27250,16,0,0,layered_block,circular,per_chunk,1,1
7847,24292,28375,16,0,0,layered_block,circular,per_chunk,1,1
7848,23625,28125,16,0,0,layered_block,circular,per_chunk,1,1
7849,23375,27250,16,0,0,layered_block,circular,per_chunk,1,1
7850,23083,27167,16,0,0,layered_block,circular,per_chunk,1,1
7851,23625,27583,16,0,0,layered_block,circular,per_chunk,1,1
7852,22959,26875,16,0,0,layered_block,circular,per_chunk,1,1
7853,23666,27583,16,0,0,layered_block,circular,per_chunk,1,1
7854,24416,28333,16,0,0,layered_block,circular,per_chunk,1,1
7855,31708,35625,16,0,0,layered_block,circular,per_chunk,1,1
7856,23375,27125,16,0,0,layered_block,circular,per_chunk,1,1
7857,23292,27125,16,0,0,layered_block,circular,per_chunk,1,1
7858,23584,27500,16,0,0,layered_block,circular,per_chunk,1,1
7859,22875,26709,16,0,0,layered_block,circular,per_chunk,1,1
7860,25417,29417,16,0,0,layered_block,circular,per_chunk,1,1
7861,24125,28166,16,0,0,layered_block,circular,per_chunk,1,1
7862,23167,27084,16,0,0,layered_block,circular,per_chunk,1,1
7863,23375,27250,16,0,0,layered_block,circular,per_chunk,1,1
7864,23709,27625,16,0,0,layered_block,circular,per_chunk,1,1
7865,22709,26584,16,0,0,layered_block,circular,per_chunk,1,1
7866,23375,27291,16,0,0,layered_block,circular,per_chunk,1,1
7867,23292,27250,16,0,0,layered_block,circular,per_chunk,1,1
7868,24041,27917,16,0,0,layered_block,circular,per_chunk,1,1
7869,23541,27458,16,0,0,layered_block,circular,per_chunk,1,1
7870,22709,26625,16,0,0,layered_block,circular,per_chunk,1,1
7871,23000,27000,16,0,0,layered_block,circular,per_chunk,1,1
7872,23250,27167,16,0,0,layered_block,circular,per_chunk,1,1
7873,23042,26917,16,0,0,layered_block,circular,per_chunk,1,1
7874,23041,26916,16,0,0,layered_block,circular,per_chunk,1,1
7875,23542,27333,16,0,0,layered_block,circular,per_chunk,1,1
7876,22750,26625,16,0,0,layered_block,circular,per_chunk,1,1
7877,23083,27125,16,0,0,layered_block,circular,per_chunk,1,1
7878,22791,26667,16,0,0,layered_block,circular,per_chunk,1,1
7879,22750,26666,16,0,0,layered_block,circular,per_chunk,1,1
7880,30417,34375,16,0,0,layered_block,circular,per_chunk,1,1
7881,22667,26542,16,0,0,layered_block,circular,per_chunk,1,1
7882,22708,26542,16,0,0,layered_block,circular,per_chunk,1,1
7883,22792,26708,16,0,0,layered_block,circular,per_chunk,1,1
7884,22917,26792,16,0,0,layered_block,circular,per_chunk,1,1
7885,23250,27167,16,0,0,layered_block,circular,per_chunk,1,1
7886,22958,26792,16,0,0,layered_block,circular,per_chunk,1,1
7887,82834,87333,16,0,0,layered_block,circular,per_chunk,1,1
7888,24042,28000,16,0,0,layered_block,circular,per_chunk,1,1
7889,23042,26875,16,0,0,layered_block,circular,per_chunk,1,1
7890,22958,26875,16,0,0,layered_block,circular,per_chunk,1,1
7891,22750,26625,16,0,0,layered_block,circular,per_chunk,1,1
7892,22834,26708,16,0,0,layered_block,circular,per_chunk,1,1
7893,30375,34334,16,0,0,layered_block,circular,per_chunk,1,1
7894,23000,26834,16,0,0,layered_block,circular,per_chunk,1,1
7895,22667,26625,16,0,0,layered_block,circular,per_chunk,1,1
7896,22833,26667,16,0,0,layered_block,circular,per_chunk,1,1
7897,22792,26666,16,0,0,layered_block,circular,per_chunk,1,1
7898,22750,26625,16,0,0,layered_block,circular,per_chunk,1,1
7899,22875,26750,16,0,0,layered_block,circular,per_chunk,1,1
7900,23333,27375,16,0,0,layered_block,circular,per_chunk,1,1
7901,31291,35208,16,0,0,layered_block,circular,per_chunk,1,1
7902,23375,27208,16,0,0,layered_block,circular,per_chunk,1,1
7903,23458,27375,16,0,0,layered_block,circular,per_chunk,1,1
7904,22875,26750,16,0,0,layered_block,circular,per_chunk,1,1
7905,22750,26667,16,0,0,layered_block,circular,per_chunk,1,1
7906,23375,27292,16,0,0,layered_block,circular,per_chunk,1,1
7907,23459,27292,16,0,0,layered_block,circular,per_chunk,1,1
7908,23333,27167,16,0,0,layered_block,circular,per_chunk,1,1
7909,23208,27167,16,0,0,layered_block,circular,per_chunk,1,1
7910,23291,27125,16,0,0,layered_block,circular,per_chunk,1,1
7911,22708,26584,16,0,0,layered_block,circular,per_chunk,1,1
7912,23625,27625,16,0,0,layered_block,circular,per_chunk,1,1
7913,23250,27166,16,0,0,layered_block,circular,per_chunk,1,1
7914,93000,97167,16,0,0,layered_block,circular,per_chunk,1,1
7915,24334,28250,16,0,0,layered_block,circular,per_chunk,1,1
7916,22750,26667,16,0,0,layered_block,circular,per_chunk,1,1
7917,22833,26666,16,0,0,layered_block,circular,per_chunk,1,1
7918,23458,27833,16,0,0,layered_block,circular,per_chunk,1,1
7919,23083,26959,16,0,0,layered_block,circular,per_chunk,1,1
7920,23333,27250,16,0,0,layered_block,circular,per_chunk,1,1
7921,23041,27709,16,0,0,layered_block,circular,per_chunk,1,1
7922,23834,27833,16,0,0,layered_block,circular,per_chunk,1,1
7923,23250,27125,16,0,0,layered_block,circular,per_chunk,1,1
7924,23417,27375,16,0,0,layered_block,circular,per_chunk,1,1
7925,23041,26958,16,0,0,layered_block,circular,per_chunk,1,1
7926,22708,26625,16,0,0,layered_block,circular,per_chunk,1,1
7927,23625,27542,16,0,0,layered_block,circular,per_chunk,1,1
7928,31708,35750,16,0,0,layered_block,circular,per_chunk,1,1
7929,23250,27083,16,0,0,layered_block,circular,per_chunk,1,1
7930,23208,27542,16,0,0,layered_block,circular,per_chunk,1,1
7931,23000,26875,16,0,0,layered_block,circular,per_chunk,1,1
7932,22959,26791,16,0,0,layered_block,circular,per_chunk,1,1
7933,23667,27625,16,0,0,layered_block,circular,per_chunk,1,1
7934,24042,28167,16,0,0,layered_block,circular,per_chunk,1,1
7935,23208,27208,16,0,0,layered_block,circular,per_chunk,1,1
7936,23666,27750,16,0,0,layered_block,circular,per_chunk,1,1
7937,22666,26583,16,0,0,layered_block,circular,per_chunk,1,1
7938,22875,26792,16,0,0,layered_block,circular,per_chunk,1,1
7939,31166,35125,16,0,0,layered_block,circular,per_chunk,1,1
7940,23000,26875,16,0,0,layered_block,circular,per_chunk,1,1
7941,22833,26708,16,0,0,layered_block,circular,per_chunk,1,1
7942,31833,35834,16,0,0,layered_block,circular,per_chunk,1,1
7943,22792,26583,16,0,0,layered_block,circular,per_chunk,1,1
7944,23542,27584,16,0,0,layered_block,circular,per_chunk,1,1
7945,23250,27167,16,0,0,layered_block,circular,per_chunk,1,1
7946,23209,27083,16,0,0,layered_block,circular,per_chunk,1,1
7947,23666,27625,16,0,0,layered_block,circular,per_chunk,1,1
7948,31417,35417,16,0,0,layered_block,circular,per_chunk,1,1
7949,24375,28292,16,0,0,layered_block,circular,per_chunk,1,1
7950,23333,27208,16,0,0,layered_block,circular,per_chunk,1,1
7951,22875,26791,16,0,0,layered_block,circular,per_chunk,1,1
7952,23500,27292,16,0,0,layered_block,circular,per_chunk,1,1
7953,23500,27459,16,0,0,layered_block,circular,per_chunk,1,1
7954,24042,28000,16,0,0,layered_block,circular,per_chunk,1,1
7955,23250,27167,16,0,0,layered_block,circular,per_chunk,1,1
7956,23042,26958,16,0,0,layered_block,circular,per_chunk,1,1
7957,23500,27917,16,0,0,layered_block,circular,per_chunk,1,1
7958,23125,27041,16,0,0,layered_block,circular,per_chunk,1,1
7959,23041,26875,16,0,0,layered_block,circular,per_chunk,1,1
7960,23334,27416,16,0,0,layered_block,circular,per_chunk,1,1
7961,31958,35917,16,0,0,layered_block,circular,per_chunk,1,1
7962,23541,27333,16,0,0,layered_block,circular,per_chunk,1,1
7963,23709,27833,16,0,0,layered_block,circular,per_chunk,1,1
7964,23084,27000,16,0,0,layered_block,circular,per_chunk,1,1
7965,23167,27042,16,0,0,layered_block,circular,per_chunk,1,1
7966,23417,27500,16,0,0,layered_block,circular,per_chunk,1,1
7967,24334,28208,16,0,0,layered_block,circular,per_chunk,1,1
7968,22916,26833,16,0,0,layered_block,circular,per_chunk,1,1
7969,23375,27250,16,0,0,layered_block,circular,per_chunk,1,1
7970,24333,28250,16,0,0,layered_block,circular,per_chunk,1,1
7971,22917,26792,16,0,0,layered_block,circular,per_chunk,1,1
7972,23458,27333,16,0,0,layered_block,circular,per_chunk,1,1
7973,31250,35208,16,0,0,layered_block,circular,per_chunk,1,1
7974,24333,28250,16,0,0,layered_block,circular,per_chunk,1,1
7975,23292,27084,16,0,0,layered_block,circular,per_chunk,1,1
7976,24083,28167,16,0,0,layered_block,circular,per_chunk,1,1
7977,23125,27042,16,0,0,layered_block,circular,per_chunk,1,1
7978,23375,27291,16,0,0,layered_block,circular,per_chunk,1,1
7979,23667,27584,16,0,0,layered_block,circular,per_chunk,1,1
7980,24250,28250,16,0,0,layered_block,circular,per_chunk,1,1
7981,23458,27334,16,0,0,layered_block,circular,per_chunk,1,1
7982,24084,28041,16,0,0,layered_block,circular,per_chunk,1,1
7983,23083,26959,16,0,0,layered_block,circular,per_chunk,1,1
7984,23084,26958,16,0,0,layered_block,circular,per_chunk,1,1
7985,23708,28125,16,0,0,layered_block,circular,per_chunk,1,1
7986,23041,26958,16,0,0,layered_block,circular,per_chunk,1,1
7987,23083,26875,16,0,0,layered_block,circular,per_chunk,1,1
7988,23500,27375,16,0,0,layered_block,circular,per_chunk,1,1
7989,23708,27625,16,0,0,layered_block,circular,per_chunk,1,1
7990,22708,26625,16,0,0,layered_block,circular,per_chunk,1,1
7991,23750,27750,16,0,0,layered_block,circular,per_chunk,1,1
7992,23208,27167,16,0,0,layered_block,circular,per_chunk,1,1
7993,23250,27167,16,0,0,layered_block,circular,per_chunk,1,1
7994,23875,27750,16,0,0,layered_block,circular,per_chunk,1,1
7995,23000,26916,16,0,0,layered_block,circular,per_chunk,1,1
7996,23292,27084,16,0,0,layered_block,circular,per_chunk,1,1
7997,23667,27750,16,0,0,layered_block,circular,per_chunk,1,1
7998,23500,27417,16,0,0,layered_block,circular,per_chunk,1,1
7999,23459,27458,16,0,0,layered_block,circular,per_chunk,1,1
8000,23250,27167,16,0,0,layered_block,circular,per_chunk,1,1
8001,23625,27625,16,0,0,layered_block,circular,per_chunk,1,1
8002,22667,26583,16,0,0,layered_block,circular,per_chunk,1,1
8003,23209,27125,16,0,0,layered_block,circular,per_chunk,1,1
8004,32000,35959,16,0,0,layered_block,circular,per_chunk,1,1
8005,23083,26959,16,0,0,layered_block,circular,per_chunk,1,1
8006,23209,27459,16,0,0,layered_block,circular,per_chunk,1,1
8007,24166,28584,16,0,0,layered_block,circular,per_chunk,1,1
8008,23042,26959,16,0,0,layered_block,circular,per_chunk,1,1
8009,23000,26834,16,0,0,layered_block,circular,per_chunk,1,1
8010,22834,26750,16,0,0,layered_block,circular,per_chunk,1,1
8011,22833,26625,16,0,0,layered_block,circular,per_chunk,1,1
8012,23167,27167,16,0,0,layered_block,circular,per_chunk,1,1
8013,24250,28416,16,0,0,layered_block,circular,per_chunk,1,1
8014,23000,26834,16,0,0,layered_block,circular,per_chunk,1,1
8015,23209,27125,16,0,0,layered_block,circular,per_chunk,1,1
8016,23625,27541,16,0,0,layered_block,circular,per_chunk,1,1
8017,23750,27708,16,0,0,layered_block,circular,per_chunk,1,1
8018,23291,27791,16,0,0,layered_block,circular,per_chunk,1,1
8019,23708,27583,16,0,0,layered_block,circular,per_chunk,1,1
8020,23709,27666,16,0,0,layered_block,circular,per_chunk,1,1
8021,24250,28167,16,0,0,layered_block,circular,per_chunk,1,1
8022,23417,27333,16,0,0,layered_block,circular,per_chunk,1,1
8023,23042,26958,16,0,0,layered_block,circular,per_chunk,1,1
8024,23208,27167,16,0,0,layered_block,circular,per_chunk,1,1
8025,23208,27125,16,0,0,layered_block,circular,per_chunk,1,1
8026,22750,26625,16,0,0,layered_block,circular,per_chunk,1,1
8027,23417,27459,16,0,0,layered_block,circular,per_chunk,1,1
8028,23208,27125,16,0,0,layered_block,circular,per_chunk,1,1
8029,22791,26667,16,0,0,layered_block,circular,per_chunk,1,1
8030,23292,27167,16,0,0,layered_block,circular,per_chunk,1,1
8031,22916,26833,16,0,0,layered_block,circular,per_chunk,1,1
8032,23208,27042,16,0,0,layered_block,circular,per_chunk,1,1
8033,24125,27959,16,0,0,layered_block,circular,per_chunk,1,1
8034,23541,27458,16,0,0,layered_block,circular,per_chunk,1,1
8035,23375,27208,16,0,0,layered_block,circular,per_chunk,1,1
8036,30000,34041,16,0,0,layered_block,circular,per_chunk,1,1
8037,23042,26875,16,0,0,layered_block,circular,per_chunk,1,1
8038,23167,27167,16,0,0,layered_block,circular,per_chunk,1,1
8039,23000,26875,16,0,0,layered_block,circular,per_chunk,1,1
8040,23750,27625,16,0,0,layered_block,circular,per_chunk,1,1
8041,23500,27792,16,0,0,layered_block,circular,per_chunk,1,1
8042,22750,26666,16,0,0,layered_block,circular,per_chunk,1,1
8043,23541,27375,16,0,0,layered_block,circular,per_chunk,1,1
8044,23167,27125,16,0,0,layered_block,circular,per_chunk,1,1
8045,22750,26625,16,0,0,layered_block,circular,per_chunk,1,1
8046,23208,27083,16,0,0,layered_block,circular,per_chunk,1,1
8047,24083,28000,16,0,0,layered_block,circular,per_chunk,1,1
8048,22958,26875,16,0,0,layered_block,circular,per_chunk,1,1
8049,23166,27042,16,0,0,layered_block,circular,per_chunk,1,1
8050,22833,26750,16,0,0,layered_block,circular,per_chunk,1,1
8051,23208,27083,16,0,0,layered_block,circular,per_chunk,1,1
8052,23084,27000,16,0,0,layered_block,circular,per_chunk,1,1
8053,23084,26958,16,0,0,layered_block,circular,per_chunk,1,1
8054,23500,27459,16,0,0,layered_block,circular,per_chunk,1,1
8055,22709,26666,16,0,0,layered_block,circular,per_chunk,1,1
8056,23375,27292,16,0,0,layered_block,circular,per_chunk,1,1
8057,23125,27000,16,0,0,layered_block,circular,per_chunk,1,1
8058,23292,27292,16,0,0,layered_block,circular,per_chunk,1,1
8059,23666,27583,16,0,0,layered_block,circular,per_chunk,1,1
8060,23834,27708,16,0,0,layered_block,circular,per_chunk,1,1
8061,23667,27625,16,0,0,layered_block,circular,per_chunk,1,1
8062,23000,26875,16,0,0,layered_block,circular,per_chunk,1,1
8063,22959,27000,16,0,0,layered_block,circular,per_chunk,1,1
8064,23125,27041,16,0,0,layered_block,circular,per_chunk,1,1
8065,22791,26708,16,0,0,layered_block,circular,per_chunk,1,1
8066,23000,26792,16,0,0,layered_block,circular,per_chunk,1,1
8067,23208,27125,16,0,0,layered_block,circular,per_chunk,1,1
8068,22708,26625,16,0,0,layered_block,circular,per_chunk,1,1
8069,22916,26708,16,0,0,layered_block,circular,per_chunk,1,1
8070,23041,26958,16,0,0,layered_block,circular,per_chunk,1,1
8071,22750,26584,16,0,0,layered_block,circular,per_chunk,1,1
8072,23334,27334,16,0,0,layered_block,circular,per_chunk,1,1
8073,23125,27042,16,0,0,layered_block,circular,per_chunk,1,1
8074,23208,27084,16,0,0,layered_block,circular,per_chunk,1,1
8075,23250,27125,16,0,0,layered_block,circular,per_chunk,1,1
8076,22709,26666,16,0,0,layered_block,circular,per_chunk,1,1
8077,22958,26875,16,0,0,layered_block,circular,per_chunk,1,1
8078,22917,27250,16,0,0,layered_block,circular,per_chunk,1,1
8079,23792,27666,16,0,0,layered_block,circular,per_chunk,1,1
8080,23334,27208,16,0,0,layered_block,circular,per_chunk,1,1
8081,23625,27500,16,0,0,layered_block,circular,per_chunk,1,1
8082,22833,26666,16,0,0,layered_block,circular,per_chunk,1,1
8083,22708,26583,16,0,0,layered_block,circular,per_chunk,1,1
8084,23167,27084,16,0,0,layered_block,circular,per_chunk,1,1
8085,22958,26792,16,0,0,layered_block,circular,per_chunk,1,1
8086,23541,27333,16,0,0,layered_block,circular,per_chunk,1,1
8087,23916,27958,16,0,0,layered_block,circular,per_chunk,1,1
8088,22875,26792,16,0,0,layered_block,circular,per_chunk,1,1
8089,22792,26625,16,0,0,layered_block,circular,per_chunk,1,1
8090,23125,27042,16,0,0,layered_block,circular,per_chunk,1,1
8091,22666,26583,16,0,0,layered_block,circular,per_chunk,1,1
8092,23167,27000,16,0,0,layered_block,circular,per_chunk,1,1
8093,22792,26667,16,0,0,layered_block,circular,per_chunk,1,1
8094,22958,26792,16,0,0,layered_block,circular,per_chunk,1,1
8095,22875,26750,16,0,0,layered_block,circular,per_chunk,1,1
8096,28542,32500,16,0,0,layered_block,circular,per_chunk,1,1
8097,23042,26792,16,0,0,layered_block,circular,per_chunk,1,1
8098,23416,27292,16,0,0,layered_block,circular,per_chunk,1,1
8099,22792,26708,16,0,0,layered_block,circular,per_chunk,1,1
8100,23291,27208,16,0,0,layered_block,circular,per_chunk,1,1
8101,23791,27708,16,0,0,layered_block,circular,per_chunk,1,1
8102,22791,26625,16,0,0,layered_block,circular,per_chunk,1,1
8103,23083,26916,16,0,0,layered_block,circular,per_chunk,1,1
8104,22625,32750,16,0,0,layered_block,circular,per_chunk,1,1
8105,22792,26542,16,0,0,layered_block,circular,per_chunk,1,1
8106,23083,27042,16,0,0,layered_block,circular,per_chunk,1,1
8107,23000,26833,16,0,0,layered_block,circular,per_chunk,1,1
8108,22750,26583,16,0,0,layered_block,circular,per_chunk,1,1
8109,23333,27292,16,0,0,layered_block,circular,per_chunk,1,1
8110,22750,26625,16,0,0,layered_block,circular,per_chunk,1,1
8111,23000,26916,16,0,0,layered_block,circular,per_chunk,1,1
8112,31667,35583,16,0,0,layered_block,circular,per_chunk,1,1
8113,22959,26791,16,0,0,layered_block,circular,per_chunk,1,1
8114,23667,27541,16,0,0,layered_block,circular,per_chunk,1,1
8115,30750,34708,16,0,0,layered_block,circular,per_chunk,1,1
8116,23084,26916,16,0,0,layered_block,circular,per_chunk,1,1
8117,23000,26958,16,0,0,layered_block,circular,per_chunk,1,1
8118,22750,26625,16,0,0,layered_block,circular,per_chunk,1,1
8119,22833,26583,16,0,0,layered_block,circular,per_chunk,1,1
8120,86917,91041,16,0,0,layered_block,circular,per_chunk,1,1
8121,23292,27166,16,0,0,layered_block,circular,per_chunk,1,1
8122,23083,26958,16,0,0,layered_block,circular,per_chunk,1,1
8123,23125,27000,16,0,0,layered_block,circular,per_chunk,1,1
8124,22917,26834,16,0,0,layered_block,circular,per_chunk,1,1
8125,22917,26750,16,0,0,layered_block,circular,per_chunk,1,1
8126,23416,27625,16,0,0,layered_block,circular,per_chunk,1,1
8127,23375,27208,16,0,0,layered_block,circular,per_chunk,1,1
8128,22833,26667,16,0,0,layered_block,circular,per_chunk,1,1
8129,23166,27000,16,0,0,layered_block,circular,per_chunk,1,1
8130,22750,26667,16,0,0,layered_block,circular,per_chunk,1,1
8131,22917,26750,16,0,0,layered_block,circular,per_chunk,1,1
8132,23209,27125,16,0,0,layered_block,circular,per_chunk,1,1
8133,23000,26875,16,0,0,layered_block,circular,per_chunk,1,1
8134,23208,26958,16,0,0,layered_block,circular,per_chunk,1,1
8135,23000,27458,16,0,0,layered_block,circular,per_chunk,1,1
8136,22666,26542,16,0,0,layered_block,circular,per_chunk,1,1
8137,22709,26583,16,0,0,layered_block,circular,per_chunk,1,1
8138,30542,34500,16,0,0,layered_block,circular,per_chunk,1,1
8139,23084,26916,16,0,0,layered_block,circular,per_chunk,1,1
8140,24917,28708,16,0,0,layered_block,circular,per_chunk,1,1
8141,23417,27333,16,0,0,layered_block,circular,per_chunk,1,1
8142,22708,26584,16,0,0,layered_block,circular,per_chunk,1,1
8143,22917,26792,16,0,0,layered_block,circular,per_chunk,1,1
8144,22875,26750,16,0,0,layered_block,circular,per_chunk,1,1
8145,22708,26583,16,0,0,layered_block,circular,per_chunk,1,1
8146,23834,27666,16,0,0,layered_block,circular,per_chunk,1,1
8147,23000,26917,16,0,0,layered_block,circular,per_chunk,1,1
8148,22917,26750,16,0,0,layered_block,circular,per_chunk,1,1
8149,23125,26959,16,0,0,layered_block,circular,per_chunk,1,1
8150,22916,26792,16,0,0,layered_block,circular,per_chunk,1,1
8151,22709,26583,16,0,0,layered_block,circular,per_chunk,1,1
8152,30708,34708,16,0,0,layered_block,circular,per_chunk,1,1
8153,23042,26833,16,0,0,layered_block,circular,per_chunk,1,1
8154,23917,27792,16,0,0,layered_block,circular,per_chunk,1,1
8155,23583,27458,16,0,0,layered_block,circular,per_chunk,1,1
8156,22875,26750,16,0,0,layered_block,circular,per_chunk,1,1
8157,22958,26750,16,0,0,layered_block,circular,per_chunk,1,1
8158,31042,35000,16,0,0,layered_block,circular,per_chunk,1,1
8159,22792,26584,16,0,0,layered_block,circular,per_chunk,1,1
8160,23542,27542,16,0,0,layered_block,circular,per_chunk,1,1
8161,30833,34750,16,0,0,layered_block,circular,per_chunk,1,1
8162,22959,26750,16,0,0,layered_block,circular,per_chunk,1,1
8163,23750,27625,16,0,0,layered_block,circular,per_chunk,1,1
8164,22750,26625,16,0,0,layered_block,circular,per_chunk,1,1
8165,23334,27166,16,0,0,layered_block,circular,per_chunk,1,1
8166,23083,26917,16,0,0,layered_block,circular,per_chunk,1,1
8167,23209,27125,16,0,0,layered_block,circular,per_chunk,1,1
8168,23459,27334,16,0,0,layered_block,circular,per_chunk,1,1
8169,23083,27042,16,0,0,layered_block,circular,per_chunk,1,1
8170,22750,26625,16,0,0,layered_block,circular,per_chunk,1,1
8171,22917,26792,16,0,0,layered_block,circular,per_chunk,1,1
8172,22792,26667,16,0,0,layered_block,circular,per_chunk,1,1
8173,22958,26834,16,0,0,layered_block,circular,per_chunk,1,1
8174,23167,27125,16,0,0,layered_block,circular,per_chunk,1,1
8175,23500,27375,16,0,0,layered_block,circular,per_chunk,1,1
8176,22792,26625,16,0,0,layered_block,circular,per_chunk,1,1
8177,30416,34417,16,0,0,layered_block,circular,per_chunk,1,1
8178,22875,26708,16,0,0,layered_block,circular,per_chunk,1,1
8179,23042,26958,16,0,0,layered_block,circular,per_chunk,1,1
8180,22875,26750,16,0,0,layered_block,circular,per_chunk,1,1
8181,23292,27125,16,0,0,layered_block,circular,per_chunk,1,1
8182,23250,27667,16,0,0,layered_block,circular,per_chunk,1,1
8183,22708,26625,16,0,0,layered_block,circular,per_chunk,1,1
8184,23042,26875,16,0,0,layered_block,circular,per_chunk,1,1
8185,30166,34000,16,0,0,layered_block,circular,per_chunk,1,1
8186,23042,26875,16,0,0,layered_block,circular,per_chunk,1,1
8187,23250,27167,16,0,0,layered_block,circular,per_chunk,1,1
8188,24042,27958,16,0,0,layered_block,circular,per_chunk,1,1
8189,22667,26542,16,0,0,layered_block,circular,per_chunk,1,1
8190,23333,27125,16,0,0,layered_block,circular,per_chunk,1,1
8191,23333,27250,16,0,0,layered_block,circular,per_chunk,1,1
8192,22708,26584,16,0,0,layered_block,circular,per_chunk,1,1
8193,23041,26875,16,0,0,layered_block,circular,per_chunk,1,1
8194,23417,27333,16,0,0,layered_block,circular,per_chunk,1,1
8195,22750,26625,16,0,0,layered_block,circular,per_chunk,1,1
8196,23042,26875,16,0,0,layered_block,circular,per_chunk,1,1
8197,23042,26958,16,0,0,layered_block,circular,per_chunk,1,1
8198,22792,26625,16,0,0,layered_block,circular,per_chunk,1,1
8199,23292,27209,16,0,0,layered_block,circular,per_chunk,1,1
8200,22833,26750,16,0,0,layered_block,circular,per_chunk,1,1
8201,23083,26916,16,0,0,layered_block,circular,per_chunk,1,1
8202,23375,27292,16,0,0,layered_block,circular,per_chunk,1,1
8203,23167,27084,16,0,0,layered_block,circular,per_chunk,1,1
8204,22750,26583,16,0,0,layered_block,circular,per_chunk,1,1
8205,22750,26667,16,0,0,layered_block,circular,per_chunk,1,1
8206,22833,26667,16,0,0,layered_block,circular,per_chunk,1,1
8207,24083,28083,16,0,0,layered_block,circular,per_chunk,1,1
8208,23125,27000,16,0,0,layered_block,circular,per_chunk,1,1
8209,22792,26584,16,0,0,layered_block,circular,per_chunk,1,1
8210,23083,27000,16,0,0,layered_block,circular,per_chunk,1,1
8211,22958,26833,16,0,0,layered_block,circular,per_chunk,1,1
8212,23209,27041,16,0,0,layered_block,circular,per_chunk,1,1
8213,29459,33334,16,0,0,layered_block,circular,per_chunk,1,1
8214,23917,27875,16,0,0,layered_block,circular,per_chunk,1,1
8215,23042,26834,16,0,0,layered_block,circular,per_chunk,1,1
8216,30625,34583,16,0,0,layered_block,circular,per_chunk,1,1
8217,22792,26542,16,0,0,layered_block,circular,per_chunk,1,1
8218,23083,27291,16,0,0,layered_block,circular,per_chunk,1,1
8219,22750,26708,16,0,0,layered_block,circular,per_chunk,1,1
8220,22916,26792,16,0,0,layered_block,circular,per_chunk,1,1
8221,23625,27417,16,0,0,layered_block,circular,per_chunk,1,1
8222,22917,26834,16,0,0,layered_block,circular,per_chunk,1,1
8223,23250,27041,16,0,0,layered_block,circular,per_chunk,1,1
8224,22917,26959,16,0,0,layered_block,circular,per_chunk,1,1
8225,22750,26708,16,0,0,layered_block,circular,per_chunk,1,1
8226,22958,26833,16,0,0,layered_block,circular,per_chunk,1,1
8227,23166,33667,16,0,0,layered_block,circular,per_chunk,1,1
8228,23000,26875,16,0,0,layered_block,circular,per_chunk,1,1
8229,24583,28500,16,0,0,layered_block,circular,per_chunk,1,1
8230,31250,35125,16,0,0,layered_block,circular,per_chunk,1,1
8231,23041,26875,16,0,0,layered_block,circular,per_chunk,1,1
8232,23500,27417,16,0,0,layered_block,circular,per_chunk,1,1
8233,22750,26625,16,0,0,layered_block,circular,per_chunk,1,1
8234,22625,26458,16,0,0,layered_block,circular,per_chunk,1,1
8235,23000,26834,16,0,0,layered_block,circular,per_chunk,1,1
8236,22792,26667,16,0,0,layered_block,circular,per_chunk,1,1
8237,22958,26792,16,0,0,layered_block,circular,per_chunk,1,1
8238,23375,27167,16,0,0,layered_block,circular,per_chunk,1,1
8239,22834,26667,16,0,0,layered_block,circular,per_chunk,1,1
8240,22750,26584,16,0,0,layered_block,circular,per_chunk,1,1
8241,23250,27750,16,0,0,layered_block,circular,per_chunk,1,1
8242,23042,26917,16,0,0,layered_block,circular,per_chunk,1,1
8243,23042,26875,16,0,0,layered_block,circular,per_chunk,1,1
8244,30833,34708,16,0,0,layered_block,circular,per_chunk,1,1
8245,23042,26834,16,0,0,layered_block,circular,per_chunk,1,1
8246,23000,26959,16,0,0,layered_block,circular,per_chunk,1,1
8247,22958,26833,16,0,0,layered_block,circular,per_chunk,1,1
8248,23291,27125,16,0,0,layered_block,circular,per_chunk,1,1
8249,23000,26833,16,0,0,layered_block,circular,per_chunk,1,1
8250,22917,26792,16,0,0,layered_block,circular,per_chunk,1,1
8251,23750,27583,16,0,0,layered_block,circular,per_chunk,1,1
8252,23708,27667,16,0,0,layered_block,circular,per_chunk,1,1
8253,23250,27083,16,0,0,layered_block,circular,per_chunk,1,1
8254,23125,27042,16,0,0,layered_block,circular,per_chunk,1,1
8255,24167,27958,16,0,0,layered_block,circular,per_chunk,1,1
8256,23000,26959,16,0,0,layered_block,circular,per_chunk,1,1
8257,23041,26875,16,0,0,layered_block,circular,per_chunk,1,1
8258,23292,27042,16,0,0,layered_block,circular,per_chunk,1,1
8259,22625,26542,16,0,0,layered_block,circular,per_chunk,1,1
8260,23250,27125,16,0,0,layered_block,circular,per_chunk,1,1
8261,23792,28000,16,0,0,layered_block,circular,per_chunk,1,1
8262,22791,26625,16,0,0,layered_block,circular,per_chunk,1,1
8263,23209,27042,16,0,0,layered_block,circular,per_chunk,1,1
8264,30917,34875,16,0,0,layered_block,circular,per_chunk,1,1
8265,23125,26917,16,0,0,layered_block,circular,per_chunk,1,1
8266,22791,27000,16,0,0,layered_block,circular,per_chunk,1,1
8267,23041,26875,16,0,0,layered_block,circular,per_chunk,1,1
8268,22917,26708,16,0,0,layered_block,circular,per_chunk,1,1
8269,23250,27209,16,0,0,layered_block,circular,per_chunk,1,1
8270,22750,26625,16,0,0,layered_block,circular,per_chunk,1,1
8271,23292,27209,16,0,0,layered_block,circular,per_chunk,1,1
8272,30500,34458,16,0,0,layered_block,circular,per_chunk,1,1
8273,22833,26583,16,0,0,layered_block,circular,per_chunk,1,1
8274,23500,27375,16,0,0,layered_block,circular,per_chunk,1,1
8275,23417,27333,16,0,0,layered_block,circular,per_chunk,1,1
8276,23292,27167,16,0,0,layered_block,circular,per_chunk,1,1
8277,23541,27375,16,0,0,layered_block,circular,per_chunk,1,1
8278,23042,26959,16,0,0,layered_block,circular,per_chunk,1,1
8279,22666,26500,16,0,0,layered_block,circular,per_chunk,1,1
8280,23208,27125,16,0,0,layered_block,circular,per_chunk,1,1
8281,79250,83542,16,0,0,layered_block,circular,per_chunk,1,1
8282,22667,26500,16,0,0,layered_block,circular,per_chunk,1,1
8283,23625,27500,16,0,0,layered_block,circular,per_chunk,1,1
8284,22875,26750,16,0,0,layered_block,circular,per_chunk,1,1
8285,22625,26500,16,0,0,layered_block,circular,per_chunk,1,1
8286,22917,26792,16,0,0,layered_block,circular,per_chunk,1,1
8287,23208,27084,16,0,0,layered_block,circular,per_chunk,1,1
8288,23292,27208,16,0,0,layered_block,circular,per_chunk,1,1
8289,24084,27875,16,0,0,layered_block,circular,per_chunk,1,1
8290,23208,27042,16,0,0,layered_block,circular,per_chunk,1,1
8291,23166,27000,16,0,0,layered_block,circular,per_chunk,1,1
8292,22750,26667,16,0,0,layered_block,circular,per_chunk,1,1
8293,23208,27083,16,0,0,layered_block,circular,per_chunk,1,1
8294,23834,27792,16,0,0,layered_block,circular,per_chunk,1,1
8295,24041,27958,16,0,0,layered_block,circular,per_chunk,1,1
8296,23167,27041,16,0,0,layered_block,circular,per_chunk,1,1
8297,22750,26625,16,0,0,layered_block,circular,per_chunk,1,1
8298,23375,27709,16,0,0,layered_block,circular,per_chunk,1,1
8299,22958,26833,16,0,0,layered_block,circular,per_chunk,1,1
8300,22750,26666,16,0,0,layered_block,circular,per_chunk,1,1
8301,24291,28416,16,0,0,layered_block,circular,per_chunk,1,1
8302,23333,27250,16,0,0,layered_block,circular,per_chunk,1,1
8303,23791,27666,16,0,0,layered_block,circular,per_chunk,1,1
8304,23458,27417,16,0,0,layered_block,circular,per_chunk,1,1
8305,23416,27375,16,0,0,layered_block,circular,per_chunk,1,1
8306,23375,27250,16,0,0,layered_block,circular,per_chunk,1,1
8307,23792,27667,16,0,0,layered_block,circular,per_chunk,1,1
8308,23916,28334,16,0,0,layered_block,circular,per_chunk,1,1
8309,22750,26625,16,0,0,layered_block,circular,per_chunk,1,1
8310,24209,28083,16,0,0,layered_block,circular,per_chunk,1,1
8311,23917,27708,16,0,0,layered_block,circular,per_chunk,1,1
8312,23583,27542,16,0,0,layered_block,circular,per_chunk,1,1
8313,23084,26875,16,0,0,layered_block,circular,per_chunk,1,1
8314,25291,29083,16,0,0,layered_block,circular,per_chunk,1,1
8315,24000,27792,16,0,0,layered_block,circular,per_chunk,1,1
8316,24083,27875,16,0,0,layered_block,circular,per_chunk,1,1
8317,32125,36083,16,0,0,layered_block,circular,per_chunk,1,1
8318,22833,26667,16,0,0,layered_block,circular,per_chunk,1,1
8319,23792,27584,16,0,0,layered_block,circular,per_chunk,1,1
8320,24500,28417,16,0,0,layered_block,circular,per_chunk,1,1
8321,30958,34917,16,0,0,layered_block,circular,per_chunk,1,1
8322,22833,26667,16,0,0,layered_block,circular,per_chunk,1,1
8323,23458,27250,16,0,0,layered_block,circular,per_chunk,1,1
8324,22917,26750,16,0,0,layered_block,circular,per_chunk,1,1
8325,23000,26833,16,0,0,layered_block,circular,per_chunk,1,1
8326,23333,27208,16,0,0,layered_block,circular,per_chunk,1,1
8327,23625,27458,16,0,0,layered_block,circular,per_chunk,1,1
8328,23208,27084,16,0,0,layered_block,circular,per_chunk,1,1
8329,23750,27542,16,0,0,layered_block,circular,per_chunk,1,1
8330,22875,26667,16,0,0,layered_block,circular,per_chunk,1,1
8331,30750,34708,16,0,0,layered_block,circular,per_chunk,1,1
8332,23000,26833,16,0,0,layered_block,circular,per_chunk,1,1
8333,23250,27125,16,0,0,layered_block,circular,per_chunk,1,1
8334,23208,27083,16,0,0,layered_block,circular,per_chunk,1,1
8335,22708,26583,16,0,0,layered_block,circular,per_chunk,1,1
8336,23000,26916,16,0,0,layered_block,circular,per_chunk,1,1
8337,23209,27000,16,0,0,layered_block,circular,per_chunk,1,1
8338,30625,34541,16,0,0,layered_block,circular,per_chunk,1,1
8339,23833,27625,16,0,0,layered_block,circular,per_chunk,1,1
8340,23166,26916,16,0,0,layered_block,circular,per_chunk,1,1
8341,22916,26833,16,0,0,layered_block,circular,per_chunk,1,1
8342,23209,27167,16,0,0,layered_block,circular,per_chunk,1,1
8343,23291,27083,16,0,0,layered_block,circular,per_chunk,1,1
8344,23375,27250,16,0,0,layered_block,circular,per_chunk,1,1
8345,84958,88958,16,0,0,layered_block,circular,per_chunk,1,1
8346,22958,26833,16,0,0,layered_block,circular,per_chunk,1,1
8347,22958,26708,16,0,0,layered_block,circular,per_chunk,1,1
8348,22959,26791,16,0,0,layered_block,circular,per_chunk,1,1
8349,30209,34125,16,0,0,layered_block,circular,per_chunk,1,1
8350,22792,26542,16,0,0,layered_block,circular,per_chunk,1,1
8351,22666,26500,16,0,0,layered_block,circular,per_chunk,1,1
8352,23875,28042,16,0,0,layered_block,circular,per_chunk,1,1
8353,22917,26750,16,0,0,layered_block,circular,per_chunk,1,1
8354,23291,27041,16,0,0,layered_block,circular,per_chunk,1,1
8355,23083,26916,16,0,0,layered_block,circular,per_chunk,1,1
8356,31166,35041,16,0,0,layered_block,circular,per_chunk,1,1
8357,23500,27250,16,0,0,layered_block,circular,per_chunk,1,1
8358,23792,27916,16,0,0,layered_block,circular,per_chunk,1,1
8359,23292,27542,16,0,0,layered_block,circular,per_chunk,1,1
8360,23334,27167,16,0,0,layered_block,circular,per_chunk,1,1
8361,23625,27416,16,0,0,layered_block,circular,per_chunk,1,1
8362,22791,26791,16,0,0,layered_block,circular,per_chunk,1,1
8363,30292,34208,16,0,0,layered_block,circular,per_chunk,1,1
8364,22833,26625,16,0,0,layered_block,circular,per_chunk,1,1
8365,22833,26708,16,0,0,layered_block,circular,per_chunk,1,1
8366,23250,27083,16,0,0,layered_block,circular,per_chunk,1,1
8367,22792,26625,16,0,0,layered_block,circular,per_chunk,1,1
8368,22958,26875,16,0,0,layered_block,circular,per_chunk,1,1
8369,23792,27625,16,0,0,layered_block,circular,per_chunk,1,1
8370,22708,26541,16,0,0,layered_block,circular,per_chunk,1,1
8371,23334,27250,16,0,0,layered_block,circular,per_chunk,1,1
8372,23167,27250,16,0,0,layered_block,circular,per_chunk,1,1
8373,22916,26792,16,0,0,layered_block,circular,per_chunk,1,1
8374,23417,27291,16,0,0,layered_block,circular,per_chunk,1,1
8375,23500,27375,16,0,0,layered_block,circular,per_chunk,1,1
8376,23125,27000,16,0,0,layered_block,circular,per_chunk,1,1
8377,23083,27000,16,0,0,layered_block,circular,per_chunk,1,1
8378,30667,34500,16,0,0,layered_block,circular,per_chunk,1,1
8379,22750,26583,16,0,0,layered_block,circular,per_chunk,1,1
8380,23208,27083,16,0,0,layered_block,circular,per_chunk,1,1
8381,22958,26791,16,0,0,layered_block,circular,per_chunk,1,1
8382,23041,26917,16,0,0,layered_block,circular,per_chunk,1,1
8383,24416,28208,16,0,0,layered_block,circular,per_chunk,1,1
8384,23709,27542,16,0,0,layered_block,circular,per_chunk,1,1
8385,24416,28208,16,0,0,layered_block,circular,per_chunk,1,1
8386,23292,27084,16,0,0,layered_block,circular,per_chunk,1,1
8387,22834,26666,16,0,0,layered_block,circular,per_chunk,1,1
8388,23709,27584,16,0,0,layered_block,circular,per_chunk,1,1
8389,24500,28333,16,0,0,layered_block,circular,per_chunk,1,1
8390,32417,36334,16,0,0,layered_block,circular,per_chunk,1,1
8391,23542,27375,16,0,0,layered_block,circular,per_chunk,1,1
8392,24125,28041,16,0,0,layered_block,circular,per_chunk,1,1
8393,24000,27916,16,0,0,layered_block,circular,per_chunk,1,1
8394,23459,27375,16,0,0,layered_block,circular,per_chunk,1,1
8395,23750,27583,16,0,0,layered_block,circular,per_chunk,1,1
8396,32334,36209,16,0,0,layered_block,circular,per_chunk,1,1
8397,24125,28000,16,0,0,layered_block,circular,per_chunk,1,1
8398,23709,27459,16,0,0,layered_block,circular,per_chunk,1,1
8399,25375,29292,16,0,0,layered_block,circular,per_chunk,1,1
8400,25125,28916,16,0,0,layered_block,circular,per_chunk,1,1
8401,23583,27583,16,0,0,layered_block,circular,per_chunk,1,1
8402,33417,37291,16,0,0,layered_block,circular,per_chunk,1,1
8403,24083,27917,16,0,0,layered_block,circular,per_chunk,1,1
8404,23708,27583,16,0,0,layered_block,circular,per_chunk,1,1
8405,31792,35750,16,0,0,layered_block,circular,per_chunk,1,1
8406,23083,26875,16,0,0,layered_block,circular,per_chunk,1,1
8407,23417,27250,16,0,0,layered_block,circular,per_chunk,1,1
8408,26000,29959,16,0,0,layered_block,circular,per_chunk,1,1
8409,24250,28125,16,0,0,layered_block,circular,per_chunk,1,1
8410,23541,27291,16,0,0,layered_block,circular,per_chunk,1,1
8411,23000,26791,16,0,0,layered_block,circular,per_chunk,1,1
8412,23459,27708,16,0,0,layered_block,circular,per_chunk,1,1
8413,23375,27167,16,0,0,layered_block,circular,per_chunk,1,1
8414,24875,28666,16,0,0,layered_block,circular,per_chunk,1,1
8415,24750,28583,16,0,0,layered_block,circular,per_chunk,1,1
8416,24459,28334,16,0,0,layered_block,circular,per_chunk,1,1
8417,23291,27083,16,0,0,layered_block,circular,per_chunk,1,1
8418,23250,27333,16,0,0,layered_block,circular,per_chunk,1,1
8419,22750,26625,16,0,0,layered_block,circular,per_chunk,1,1
8420,22916,26708,16,0,0,layered_block,circular,per_chunk,1,1
8421,24417,28209,16,0,0,layered_block,circular,per_chunk,1,1
8422,23458,27333,16,0,0,layered_block,circular,per_chunk,1,1
8423,23833,28041,16,0,0,layered_block,circular,per_chunk,1,1
8424,22667,26542,16,0,0,layered_block,circular,per_chunk,1,1
8425,23584,27334,16,0,0,layered_block,circular,per_chunk,1,1
8426,23875,27709,16,0,0,layered_block,circular,per_chunk,1,1
8427,23417,27292,16,0,0,layered_block,circular,per_chunk,1,1
8428,23500,27375,16,0,0,layered_block,circular,per_chunk,1,1
8429,22959,26709,16,0,0,layered_block,circular,per_chunk,1,1
8430,23292,27458,16,0,0,layered_block,circular,per_chunk,1,1
8431,22958,26833,16,0,0,layered_block,circular,per_chunk,1,1
8432,22958,26875,16,0,0,layered_block,circular,per_chunk,1,1
8433,24291,28250,16,0,0,layered_block,circular,per_chunk,1,1
8434,31875,35833,16,0,0,layered_block,circular,per_chunk,1,1
8435,22792,26667,16,0,0,layered_block,circular,per_chunk,1,1
8436,24083,27833,16,0,0,layered_block,circular,per_chunk,1,1
8437,23458,27333,16,0,0,layered_block,circular,per_chunk,1,1
8438,22791,26708,16,0,0,layered_block,circular,per_chunk,1,1
8439,23167,27041,16,0,0,layered_block,circular,per_chunk,1,1
8440,23833,27625,16,0,0,layered_block,circular,per_chunk,1,1
8441,30583,34500,16,0,0,layered_block,circular,per_chunk,1,1
8442,23458,27250,16,0,0,layered_block,circular,per_chunk,1,1
8443,23167,27083,16,0,0,layered_block,circular,per_chunk,1,1
8444,23208,27042,16,0,0,layered_block,circular,per_chunk,1,1
8445,24333,36000,16,0,0,layered_block,circular,per_chunk,1,1
8446,24916,28750,16,0,0,layered_block,circular,per_chunk,1,1
8447,24208,28000,16,0,0,layered_block,circular,per_chunk,1,1
8448,23833,27625,16,0,0,layered_block,circular,per_chunk,1,1
8449,23875,27625,16,0,0,layered_block,circular,per_chunk,1,1
8450,22750,26583,16,0,0,layered_block,circular,per_chunk,1,1
8451,23125,26958,16,0,0,layered_block,circular,per_chunk,1,1
8452,32541,36416,16,0,0,layered_block,circular,per_chunk,1,1
8453,24042,27958,16,0,0,layered_block,circular,per_chunk,1,1
8454,23125,27000,16,0,0,layered_block,circular,per_chunk,1,1
8455,22791,26667,16,0,0,layered_block,circular,per_chunk,1,1
8456,31292,35250,16,0,0,layered_block,circular,per_chunk,1,1
8457,22750,26625,16,0,0,layered_block,circular,per_chunk,1,1
8458,23125,26916,16,0,0,layered_block,circular,per_chunk,1,1
8459,23875,27792,16,0,0,layered_block,circular,per_chunk,1,1
8460,22792,26667,16,0,0,layered_block,circular,per_chunk,1,1
8461,23584,27584,16,0,0,layered_block,circular,per_chunk,1,1
8462,23750,27625,16,0,0,layered_block,circular,per_chunk,1,1
8463,23625,27459,16,0,0,layered_block,circular,per_chunk,1,1
8464,23834,27709,16,0,0,layered_block,circular,per_chunk,1,1
8465,30917,35167,16,0,0,layered_block,circular,per_chunk,1,1
8466,22875,26750,16,0,0,layered_block,circular,per_chunk,1,1
8467,23042,26833,16,0,0,layered_block,circular,per_chunk,1,1
8468,22833,26750,16,0,0,layered_block,circular,per_chunk,1,1
8469,23042,26834,16,0,0,layered_block,circular,per_chunk,1,1
8470,22750,26583,16,0,0,layered_block,circular,per_chunk,1,1
8471,23125,26917,16,0,0,layered_block,circular,per_chunk,1,1
8472,22917,26792,16,0,0,layered_block,circular,per_chunk,1,1
8473,23417,27292,16,0,0,layered_block,circular,per_chunk,1,1
8474,23000,26958,16,0,0,layered_block,circular,per_chunk,1,1
8475,23416,27166,16,0,0,layered_block,circular,per_chunk,1,1
8476,22917,26708,16,0,0,layered_block,circular,per_chunk,1,1
8477,23041,26958,16,0,0,layered_block,circular,per_chunk,1,1
8478,23333,27250,16,0,0,layered_block,circular,per_chunk,1,1
8479,22958,26791,16,0,0,layered_block,circular,per_chunk,1,1
8480,23167,27625,16,0,0,layered_block,circular,per_chunk,1,1
8481,22958,26792,16,0,0,layered_block,circular,per_chunk,1,1
8482,23542,27459,16,0,0,layered_block,circular,per_chunk,1,1
8483,23250,27500,16,0,0,layered_block,circular,per_chunk,1,1
8484,24209,28625,16,0,0,layered_block,circular,per_chunk,1,1
8485,22667,26500,16,0,0,layered_block,circular,per_chunk,1,1
8486,23541,27333,16,0,0,layered_block,circular,per_chunk,1,1
8487,23250,27125,16,0,0,layered_block,circular,per_chunk,1,1
8488,23291,27041,16,0,0,layered_block,circular,per_chunk,1,1
8489,24000,27791,16,0,0,layered_block,circular,per_chunk,1,1
8490,23083,26917,16,0,0,layered_block,circular,per_chunk,1,1
8491,23625,27541,16,0,0,layered_block,circular,per_chunk,1,1
8492,23250,27166,16,0,0,layered_block,circular,per_chunk,1,1
8493,23000,27042,16,0,0,layered_block,circular,per_chunk,1,1
8494,23917,27792,16,0,0,layered_block,circular,per_chunk,1,1
8495,23667,27458,16,0,0,layered_block,circular,per_chunk,1,1
8496,23250,27084,16,0,0,layered_block,circular,per_chunk,1,1
8497,23625,27417,16,0,0,layered_block,circular,per_chunk,1,1
8498,24167,28000,16,0,0,layered_block,circular,per_chunk,1,1
8499,25500,29333,16,0,0,layered_block,circular,per_chunk,1,1
8500,24042,27916,16,0,0,layered_block,circular,per_chunk,1,1
8501,23584,27334,16,0,0,layered_block,circular,per_chunk,1,1
8502,24750,28584,16,0,0,layered_block,circular,per_chunk,1,1
8503,23541,27333,16,0,0,layered_block,circular,per_chunk,1,1
8504,24417,28333,16,0,0,layered_block,circular,per_chunk,1,1
8505,22792,26667,16,0,0,layered_block,circular,per_chunk,1,1
8506,23583,27375,16,0,0,layered_block,circular,per_chunk,1,1
8507,24334,28292,16,0,0,layered_block,circular,per_chunk,1,1
8508,23625,27500,16,0,0,layered_block,circular,per_chunk,1,1
8509,23000,26833,16,0,0,layered_block,circular,per_chunk,1,1
8510,24125,28000,16,0,0,layered_block,circular,per_chunk,1,1
8511,32500,36542,16,0,0,layered_block,circular,per_chunk,1,1
8512,23125,26959,16,0,0,layered_block,circular,per_chunk,1,1
8513,23208,27041,16,0,0,layered_block,circular,per_chunk,1,1
8514,23208,27208,16,0,0,layered_block,circular,per_chunk,1,1
8515,23000,26875,16,0,0,layered_block,circular,per_chunk,1,1
8516,24250,28000,16,0,0,layered_block,circular,per_chunk,1,1
8517,23042,26833,16,0,0,layered_block,circular,per_chunk,1,1
8518,23333,27292,16,0,0,layered_block,circular,per_chunk,1,1
8519,22958,26875,16,0,0,layered_block,circular,per_chunk,1,1
8520,23750,27541,16,0,0,layered_block,circular,per_chunk,1,1
8521,23542,27458,16,0,0,layered_block,circular,per_chunk,1,1
8522,87083,91083,16,0,0,layered_block,circular,per_chunk,1,1
8523,22958,26791,16,0,0,layered_block,circular,per_chunk,1,1
8524,23125,27042,16,0,0,layered_block,circular,per_chunk,1,1
8525,22708,26625,16,0,0,layered_block,circular,per_chunk,1,1
8526,23291,27125,16,0,0,layered_block,circular,per_chunk,1,1
8527,23417,27292,16,0,0,layered_block,circular,per_chunk,1,1
8528,23417,27250,16,0,0,layered_block,circular,per_chunk,1,1
8529,24042,27792,16,0,0,layered_block,circular,per_chunk,1,1
8530,24250,28125,16,0,0,layered_block,circular,per_chunk,1,1
8531,22666,26500,16,0,0,layered_block,circular,per_chunk,1,1
8532,22750,26625,16,0,0,layered_block,circular,per_chunk,1,1
8533,23375,27292,16,0,0,layered_block,circular,per_chunk,1,1
8534,23333,27208,16,0,0,layered_block,circular,per_chunk,1,1
8535,23667,27667,16,0,0,layered_block,circular,per_chunk,1,1
8536,22833,26750,16,0,0,layered_block,circular,per_chunk,1,1
8537,22750,26583,16,0,0,layered_block,circular,per_chunk,1,1
8538,23583,27500,16,0,0,layered_block,circular,per_chunk,1,1
8539,23208,27041,16,0,0,layered_block,circular,per_chunk,1,1
8540,23167,26958,16,0,0,layered_block,circular,per_chunk,1,1
8541,31542,35583,16,0,0,layered_block,circular,per_chunk,1,1
8542,23041,26833,16,0,0,layered_block,circular,per_chunk,1,1
8543,23541,27291,16,0,0,layered_block,circular,per_chunk,1,1
8544,23708,27750,16,0,0,layered_block,circular,per_chunk,1,1
8545,23250,27125,16,0,0,layered_block,circular,per_chunk,1,1
8546,24125,28042,16,0,0,layered_block,circular,per_chunk,1,1
8547,31875,35750,16,0,0,layered_block,circular,per_chunk,1,1
8548,23125,26875,16,0,0,layered_block,circular,per_chunk,1,1
8549,23875,27750,16,0,0,layered_block,circular,per_chunk,1,1
8550,23084,26875,16,0,0,layered_block,circular,per_chunk,1,1
8551,23000,26834,16,0,0,layered_block,circular,per_chunk,1,1
8552,22750,26625,16,0,0,layered_block,circular,per_chunk,1,1
8553,23458,27458,16,0,0,layered_block,circular,per_chunk,1,1
8554,22750,26625,16,0,0,layered_block,circular,per_chunk,1,1
8555,22958,26750,16,0,0,layered_block,circular,per_chunk,1,1
8556,23667,27583,16,0,0,layered_block,circular,per_chunk,1,1
8557,23292,27125,16,0,0,layered_block,circular,per_chunk,1,1
8558,23333,27208,16,0,0,layered_block,circular,per_chunk,1,1
8559,30916,34875,16,0,0,layered_block,circular,per_chunk,1,1
8560,22833,26583,16,0,0,layered_block,circular,per_chunk,1,1
8561,23041,27417,16,0,0,layered_block,circular,per_chunk,1,1
8562,97584,101709,16,0,0,layered_block,circular,per_chunk,1,1
8563,23583,27375,16,0,0,layered_block,circular,per_chunk,1,1
8564,23208,27000,16,0,0,layered_block,circular,per_chunk,1,1
8565,23042,26917,16,0,0,layered_block,circular,per_chunk,1,1
8566,23000,26791,16,0,0,layered_block,circular,per_chunk,1,1
8567,23792,27708,16,0,0,layered_block,circular,per_chunk,1,1
8568,23459,27334,16,0,0,layered_block,circular,per_chunk,1,1
8569,23500,27291,16,0,0,layered_block,circular,per_chunk,1,1
8570,23291,27083,16,0,0,layered_block,circular,per_chunk,1,1
8571,23250,34083,16,0,0,layered_block,circular,per_chunk,1,1
8572,23167,26917,16,0,0,layered_block,circular,per_chunk,1,1
8573,23708,27708,16,0,0,layered_block,circular,per_chunk,1,1
8574,23834,27708,16,0,0,layered_block,circular,per_chunk,1,1
8575,22875,26833,16,0,0,layered_block,circular,per_chunk,1,1
8576,23584,27500,16,0,0,layered_block,circular,per_chunk,1,1
8577,23084,27084,16,0,0,layered_block,circular,per_chunk,1,1
8578,22667,26541,16,0,0,layered_block,circular,per_chunk,1,1
8579,23208,27000,16,0,0,layered_block,circular,per_chunk,1,1
8580,23042,26959,16,0,0,layered_block,circular,per_chunk,1,1
8581,22958,26917,16,0,0,layered_block,circular,per_chunk,1,1
8582,23458,27250,16,0,0,layered_block,circular,per_chunk,1,1
8583,23625,27625,16,0,0,layered_block,circular,per_chunk,1,1
8584,22917,26792,16,0,0,layered_block,circular,per_chunk,1,1
8585,22667,26542,16,0,0,layered_block,circular,per_chunk,1,1
8586,31916,35833,16,0,0,layered_block,circular,per_chunk,1,1
8587,23250,27041,16,0,0,layered_block,circular,per_chunk,1,1
8588,23458,27250,16,0,0,layered_block,circular,per_chunk,1,1
8589,23834,27709,16,0,0,layered_block,circular,per_chunk,1,1
8590,22708,26584,16,0,0,layered_block,circular,per_chunk,1,1
8591,23083,26959,16,0,0,layered_block,circular,per_chunk,1,1
8592,23458,33334,16,0,0,layered_block,circular,per_chunk,1,1
8593,22958,26833,16,0,0,layered_block,circular,per_chunk,1,1
8594,23166,27000,16,0,0,layered_block,circular,per_chunk,1,1
8595,114042,119084,16,0,0,layered_block,circular,per_chunk,1,1
8596,23208,27083,16,0,0,layered_block,circular,per_chunk,1,1
8597,22750,26584,16,0,0,layered_block,circular,per_chunk,1,1
8598,23958,28375,16,0,0,layered_block,circular,per_chunk,1,1
8599,22958,26791,16,0,0,layered_block,circular,per_chunk,1,1
8600,22750,26584,16,0,0,layered_block,circular,per_chunk,1,1
8601,31333,35167,16,0,0,layered_block,circular,per_chunk,1,1
8602,23459,27209,16,0,0,layered_block,circular,per_chunk,1,1
8603,23250,27083,16,0,0,layered_block,circular,per_chunk,1,1
8604,23500,27875,16,0,0,layered_block,circular,per_chunk,1,1
8605,23292,27166,16,0,0,layered_block,circular,per_chunk,1,1
8606,23250,27125,16,0,0,layered_block,circular,per_chunk,1,1
8607,23833,28167,16,0,0,layered_block,circular,per_chunk,1,1
8608,23500,27375,16,0,0,layered_block,circular,per_chunk,1,1
8609,23333,27167,16,0,0,layered_block,circular,per_chunk,1,1
8610,23459,27375,16,0,0,layered_block,circular,per_chunk,1,1
8611,23167,27084,16,0,0,layered_block,circular,per_chunk,1,1
8612,23667,27500,16,0,0,layered_block,circular,per_chunk,1,1
8613,23292,27209,16,0,0,layered_block,circular,per_chunk,1,1
8614,31708,35667,16,0,0,layered_block,circular,per_chunk,1,1
8615,23833,27583,16,0,0,layered_block,circular,per_chunk,1,1
8616,23250,27084,16,0,0,layered_block,circular,per_chunk,1,1
8617,54083,58334,16,0,0,layered_block,circular,per_chunk,1,1
8618,23250,27167,16,0,0,layered_block,circular,per_chunk,1,1
8619,23750,27625,16,0,0,layered_block,circular,per_chunk,1,1
8620,23541,27375,16,0,0,layered_block,circular,per_chunk,1,1
8621,23334,34458,16,0,0,layered_block,circular,per_chunk,1,1
8622,22959,26834,16,0,0,layered_block,circular,per_chunk,1,1
8623,22958,26834,16,0,0,layered_block,circular,per_chunk,1,1
8624,23417,27292,16,0,0,layered_block,circular,per_chunk,1,1
8625,23459,27292,16,0,0,layered_block,circular,per_chunk,1,1
8626,23583,27375,16,0,0,layered_block,circular,per_chunk,1,1
8627,23875,27750,16,0,0,layered_block,circular,per_chunk,1,1
8628,23584,27416,16,0,0,layered_block,circular,per_chunk,1,1
8629,23542,27334,16,0,0,layered_block,circular,per_chunk,1,1
8630,23167,27042,16,0,0,layered_block,circular,per_chunk,1,1
8631,23334,27708,16,0,0,layered_block,circular,per_chunk,1,1
8632,23042,26917,16,0,0,layered_block,circular,per_chunk,1,1
8633,22958,26834,16,0,0,layered_block,circular,per_chunk,1,1
8634,91042,95083,16,0,0,layered_block,circular,per_chunk,1,1
8635,23208,27041,16,0,0,layered_block,circular,per_chunk,1,1
8636,23666,27416,16,0,0,layered_block,circular,per_chunk,1,1
8637,23917,27833,16,0,0,layered_block,circular,per_chunk,1,1
8638,22958,26833,16,0,0,layered_block,circular,per_chunk,1,1
8639,23375,27250,16,0,0,layered_block,circular,per_chunk,1,1
8640,23500,27500,16,0,0,layered_block,circular,per_chunk,1,1
8641,23417,27208,16,0,0,layered_block,circular,per_chunk,1,1
8642,22750,26625,16,0,0,layered_block,circular,per_chunk,1,1
8643,23083,26958,16,0,0,layered_block,circular,per_chunk,1,1
8644,23541,28000,16,0,0,layered_block,circular,per_chunk,1,1
8645,23209,27125,16,0,0,layered_block,circular,per_chunk,1,1
8646,23667,27542,16,0,0,layered_block,circular,per_chunk,1,1
8647,31208,35083,16,0,0,layered_block,circular,per_chunk,1,1
8648,23167,27000,16,0,0,layered_block,circular,per_chunk,1,1
8649,22792,26584,16,0,0,layered_block,circular,per_chunk,1,1
8650,23375,27250,16,0,0,layered_block,circular,per_chunk,1,1
8651,23041,26917,16,0,0,layered_block,circular,per_chunk,1,1
8652,23208,27042,16,0,0,layered_block,circular,per_chunk,1,1
8653,22959,26709,16,0,0,layered_block,circular,per_chunk,1,1
8654,32542,36458,16,0,0,layered_block,circular,per_chunk,1,1
8655,22875,26833,16,0,0,layered_block,circular,per_chunk,1,1
8656,23042,26834,16,0,0,layered_block,circular,per_chunk,1,1
8657,30500,34500,16,0,0,layered_block,circular,per_chunk,1,1
8658,22917,26750,16,0,0,layered_block,circular,per_chunk,1,1
8659,24166,28166,16,0,0,layered_block,circular,per_chunk,1,1
8660,23375,27250,16,0,0,layered_block,circular,per_chunk,1,1
8661,23625,27500,16,0,0,layered_block,circular,per_chunk,1,1
8662,23292,27167,16,0,0,layered_block,circular,per_chunk,1,1
8663,30917,35000,16,0,0,layered_block,circular,per_chunk,1,1
8664,23000,26875,16,0,0,layered_block,circular,per_chunk,1,1
8665,23708,27458,16,0,0,layered_block,circular,per_chunk,1,1
8666,23292,27167,16,0,0,layered_block,circular,per_chunk,1,1
8667,23500,27375,16,0,0,layered_block,circular,per_chunk,1,1
8668,23666,27500,16,0,0,layered_block,circular,per_chunk,1,1
8669,23625,27500,16,0,0,layered_block,circular,per_chunk,1,1
8670,22625,26584,16,0,0,layered_block,circular,per_chunk,1,1
8671,23333,27250,16,0,0,layered_block,circular,per_chunk,1,1
8672,23333,27250,16,0,0,layered_block,circular,per_chunk,1,1
8673,23250,27042,16,0,0,layered_block,circular,per_chunk,1,1
8674,23917,27709,16,0,0,layered_block,circular,per_chunk,1,1
8675,24250,28250,16,0,0,layered_block,circular,per_chunk,1,1
8676,23250,27084,16,0,0,layered_block,circular,per_chunk,1,1
8677,22833,26667,16,0,0,layered_block,circular,per_chunk,1,1
8678,23000,27417,16,0,0,layered_block,circular,per_chunk,1,1
8679,23958,27833,16,0,0,layered_block,circular,per_chunk,1,1
8680,24792,28625,16,0,0,layered_block,circular,per_chunk,1,1
8681,22959,26792,16,0,0,layered_block,circular,per_chunk,1,1
8682,32167,36125,16,0,0,layered_block,circular,per_chunk,1,1
8683,22750,26667,16,0,0,layered_block,circular,per_chunk,1,1
8684,23250,27167,16,0,0,layered_block,circular,per_chunk,1,1
8685,31459,35417,16,0,0,layered_block,circular,per_chunk,1,1
8686,23375,27167,16,0,0,layered_block,circular,per_chunk,1,1
8687,24208,28041,16,0,0,layered_block,circular,per_chunk,1,1
8688,23208,27083,16,0,0,layered_block,circular,per_chunk,1,1
8689,22792,26583,16,0,0,layered_block,circular,per_chunk,1,1
8690,22959,26834,16,0,0,layered_block,circular,per_chunk,1,1
8691,23667,28000,16,0,0,layered_block,circular,per_chunk,1,1
8692,22959,26875,16,0,0,layered_block,circular,per_chunk,1,1
8693,24875,29000,16,0,0,layered_block,circular,per_chunk,1,1
8694,23625,27459,16,0,0,layered_block,circular,per_chunk,1,1
8695,22792,26667,16,0,0,layered_block,circular,per_chunk,1,1
8696,23000,26833,16,0,0,layered_block,circular,per_chunk,1,1
8697,23708,28167,16,0,0,layered_block,circular,per_chunk,1,1
8698,22917,26750,16,0,0,layered_block,circular,per_chunk,1,1
8699,23167,26959,16,0,0,layered_block,circular,per_chunk,1,1
8700,23708,27750,16,0,0,layered_block,circular,per_chunk,1,1
8701,29083,33000,16,0,0,layered_block,circular,per_chunk,1,1
8702,23458,27292,16,0,0,layered_block,circular,per_chunk,1,1
8703,23583,27583,16,0,0,layered_block,circular,per_chunk,1,1
8704,23584,27500,16,0,0,layered_block,circular,per_chunk,1,1
8705,23292,27125,16,0,0,layered_block,circular,per_chunk,1,1
8706,24375,28250,16,0,0,layered_block,circular,per_chunk,1,1
8707,23875,27750,16,0,0,layered_block,circular,per_chunk,1,1
8708,24125,27917,16,0,0,layered_block,circular,per_chunk,1,1
8709,23208,27083,16,0,0,layered_block,circular,per_chunk,1,1
8710,23250,27625,16,0,0,layered_block,circular,per_chunk,1,1
8711,22750,26625,16,0,0,layered_block,circular,per_chunk,1,1
8712,22708,26541,16,0,0,layered_block,circular,per_chunk,1,1
8713,23208,27083,16,0,0,layered_block,circular,per_chunk,1,1
8714,32291,36208,16,0,0,layered_block,circular,per_chunk,1,1
8715,23291,27041,16,0,0,layered_block,circular,per_chunk,1,1
8716,22958,26750,16,0,0,layered_block,circular,per_chunk,1,1
8717,31959,35875,16,0,0,layered_block,circular,per_chunk,1,1
8718,23208,26958,16,0,0,layered_block,circular,per_chunk,1,1
8719,23458,27292,16,0,0,layered_block,circular,per_chunk,1,1
8720,23583,27500,16,0,0,layered_block,circular,per_chunk,1,1
8721,22708,26542,16,0,0,layered_block,circular,per_chunk,1,1
8722,24125,27875,16,0,0,layered_block,circular,per_chunk,1,1
8723,23709,27709,16,0,0,layered_block,circular,per_chunk,1,1
8724,23250,27083,16,0,0,layered_block,circular,per_chunk,1,1
8725,23541,27458,16,0,0,layered_block,circular,per_chunk,1,1
8726,23584,27458,16,0,0,layered_block,circular,per_chunk,1,1
8727,23000,26917,16,0,0,layered_block,circular,per_chunk,1,1
8728,23000,26791,16,0,0,layered_block,circular,per_chunk,1,1
8729,23750,27584,16,0,0,layered_block,circular,per_chunk,1,1
8730,23000,26833,16,0,0,layered_block,circular,per_chunk,1,1
8731,23000,26833,16,0,0,layered_block,circular,per_chunk,1,1
8732,22917,26667,16,0,0,layered_block,circular,per_chunk,1,1
8733,24250,28166,16,0,0,layered_block,circular,per_chunk,1,1
8734,23292,27166,16,0,0,layered_block,circular,per_chunk,1,1
8735,23417,27209,16,0,0,layered_block,circular,per_chunk,1,1
8736,30875,34792,16,0,0,layered_block,circular,per_chunk,1,1
8737,23959,27792,16,0,0,layered_block,circular,per_chunk,1,1
8738,24292,28084,16,0,0,layered_block,circular,per_chunk,1,1
8739,24458,28417,16,0,0,layered_block,circular,per_chunk,1,1
8740,23500,27458,16,0,0,layered_block,circular,per_chunk,1,1
8741,24542,28500,16,0,0,layered_block,circular,per_chunk,1,1
8742,24417,28750,16,0,0,layered_block,circular,per_chunk,1,1
8743,23000,26834,16,0,0,layered_block,circular,per_chunk,1,1
8744,23250,27042,16,0,0,layered_block,circular,per_chunk,1,1
8745,23458,27375,16,0,0,layered_block,circular,per_chunk,1,1
8746,31208,35167,16,0,0,layered_block,circular,per_chunk,1,1
8747,23041,26791,16,0,0,layered_block,circular,per_chunk,1,1
8748,22750,26666,16,0,0,layered_block,circular,per_chunk,1,1
8749,23208,27042,16,0,0,layered_block,circular,per_chunk,1,1
8750,22917,26709,16,0,0,layered_block,circular,per_chunk,1,1
8751,23166,27083,16,0,0,layered_block,circular,per_chunk,1,1
8752,31708,35750,16,0,0,layered_block,circular,per_chunk,1,1
8753,23833,27709,16,0,0,layered_block,circular,per_chunk,1,1
8754,22750,26625,16,0,0,layered_block,circular,per_chunk,1,1
8755,30667,34583,16,0,0,layered_block,circular,per_chunk,1,1
8756,22875,26708,16,0,0,layered_block,circular,per_chunk,1,1
8757,23875,28208,16,0,0,layered_block,circular,per_chunk,1,1
8758,23000,26833,16,0,0,layered_block,circular,per_chunk,1,1
8759,24042,27959,16,0,0,layered_block,circular,per_chunk,1,1
8760,23042,26959,16,0,0,layered_block,circular,per_chunk,1,1
8761,23500,27459,16,0,0,layered_block,circular,per_chunk,1,1
8762,23250,27125,16,0,0,layered_block,circular,per_chunk,1,1
8763,23500,27375,16,0,0,layered_block,circular,per_chunk,1,1
8764,30959,34916,16,0,0,layered_block,circular,per_chunk,1,1
8765,24458,29208,16,0,0,layered_block,circular,per_chunk,1,1
8766,22750,26666,16,0,0,layered_block,circular,per_chunk,1,1
8767,24209,28041,16,0,0,layered_block,circular,per_chunk,1,1
8768,23208,27125,16,0,0,layered_block,circular,per_chunk,1,1
8769,23458,27375,16,0,0,layered_block,circular,per_chunk,1,1
8770,23166,27666,16,0,0,layered_block,circular,per_chunk,1,1
8771,23750,27666,16,0,0,layered_block,circular,per_chunk,1,1
8772,23708,27500,16,0,0,layered_block,circular,per_chunk,1,1
8773,23584,27500,16,0,0,layered_block,circular,per_chunk,1,1
8774,22958,26875,16,0,0,layered_block,circular,per_chunk,1,1
8775,23083,26917,16,0,0,layered_block,circular,per_chunk,1,1
8776,23208,27125,16,0,0,layered_block,circular,per_chunk,1,1
8777,23375,27458,16,0,0,layered_block,circular,per_chunk,1,1
8778,33666,37583,16,0,0,layered_block,circular,per_chunk,1,1
8779,23000,26917,16,0,0,layered_block,circular,per_chunk,1,1
8780,23417,27292,16,0,0,layered_block,circular,per_chunk,1,1
8781,23791,27708,16,0,0,layered_block,circular,per_chunk,1,1
8782,23042,26959,16,0,0,layered_block,circular,per_chunk,1,1
8783,23291,27125,16,0,0,layered_block,circular,per_chunk,1,1
8784,24125,28041,16,0,0,layered_block,circular,per_chunk,1,1
8785,23750,27833,16,0,0,layered_block,circular,per_chunk,1,1
8786,23417,27209,16,0,0,layered_block,circular,per_chunk,1,1
8787,23417,27334,16,0,0,layered_block,circular,per_chunk,1,1
8788,23708,27667,16,0,0,layered_block,circular,per_chunk,1,1
8789,23083,27042,16,0,0,layered_block,circular,per_chunk,1,1
8790,23125,27000,16,0,0,layered_block,circular,per_chunk,1,1
8791,23458,27292,16,0,0,layered_block,circular,per_chunk,1,1
8792,23666,27625,16,0,0,layered_block,circular,per_chunk,1,1
8793,23042,26959,16,0,0,layered_block,circular,per_chunk,1,1
8794,23458,27459,16,0,0,layered_block,circular,per_chunk,1,1
8795,23500,27917,16,0,0,layered_block,circular,per_chunk,1,1
8796,23708,27625,16,0,0,layered_block,circular,per_chunk,1,1
8797,23209,27125,16,0,0,layered_block,circular,per_chunk,1,1
8798,23500,27459,16,0,0,layered_block,circular,per_chunk,1,1
8799,23000,26917,16,0,0,layered_block,circular,per_chunk,1,1
8800,22958,26833,16,0,0,layered_block,circular,per_chunk,1,1
8801,23125,27042,16,0,0,layered_block,circular,per_chunk,1,1
8802,22750,26667,16,0,0,layered_block,circular,per_chunk,1,1
8803,23167,27083,16,0,0,layered_block,circular,per_chunk,1,1
8804,23834,27625,16,0,0,layered_block,circular,per_chunk,1,1
8805,23500,27375,16,0,0,layered_block,circular,per_chunk,1,1
8806,23458,27292,16,0,0,layered_block,circular,per_chunk,1,1
8807,25209,29041,16,0,0,layered_block,circular,per_chunk,1,1
8808,23000,26958,16,0,0,layered_block,circular,per_chunk,1,1
8809,23083,27042,16,0,0,layered_block,circular,per_chunk,1,1
8810,23375,27791,16,0,0,layered_block,circular,per_chunk,1,1
8811,23583,28000,16,0,0,layered_block,circular,per_chunk,1,1
8812,23625,27542,16,0,0,layered_block,circular,per_chunk,1,1
8813,23208,27083,16,0,0,layered_block,circular,per_chunk,1,1
8814,23750,27708,16,0,0,layered_block,circular,per_chunk,1,1
8815,22875,26792,16,0,0,layered_block,circular,per_chunk,1,1
8816,22875,26750,16,0,0,layered_block,circular,per_chunk,1,1
8817,24584,28750,16,0,0,layered_block,circular,per_chunk,1,1
8818,24584,28750,16,0,0,layered_block,circular,per_chunk,1,1
8819,23250,27125,16,0,0,layered_block,circular,per_chunk,1,1
8820,23208,27084,16,0,0,layered_block,circular,per_chunk,1,1
8821,23000,27375,16,0,0,layered_block,circular,per_chunk,1,1
8822,23167,27042,16,0,0,layered_block,circular,per_chunk,1,1
8823,23375,27292,16,0,0,layered_block,circular,per_chunk,1,1
8824,24125,28000,16,0,0,layered_block,circular,per_chunk,1,1
8825,23500,27458,16,0,0,layered_block,circular,per_chunk,1,1
8826,23625,27583,16,0,0,layered_block,circular,per_chunk,1,1
8827,24167,28083,16,0,0,layered_block,circular,per_chunk,1,1
8828,30667,34542,16,0,0,layered_block,circular,per_chunk,1,1
8829,22917,26709,16,0,0,layered_block,circular,per_chunk,1,1
8830,23333,27292,16,0,0,layered_block,circular,per_chunk,1,1
8831,23375,27334,16,0,0,layered_block,circular,per_chunk,1,1
8832,22833,26792,16,0,0,layered_block,circular,per_chunk,1,1
8833,23458,27375,16,0,0,layered_block,circular,per_chunk,1,1
8834,24542,28584,16,0,0,layered_block,circular,per_chunk,1,1
8835,23542,27458,16,0,0,layered_block,circular,per_chunk,1,1
8836,23417,27250,16,0,0,layered_block,circular,per_chunk,1,1
8837,23875,27834,16,0,0,layered_block,circular,per_chunk,1,1
8838,23000,26875,16,0,0,layered_block,circular,per_chunk,1,1
8839,23334,27250,16,0,0,layered_block,circular,per_chunk,1,1
8840,23000,27500,16,0,0,layered_block,circular,per_chunk,1,1
8841,23250,27125,16,0,0,layered_block,circular,per_chunk,1,1
8842,22834,26708,16,0,0,layered_block,circular,per_chunk,1,1
8843,24583,28541,16,0,0,layered_block,circular,per_chunk,1,1
8844,23125,27041,16,0,0,layered_block,circular,per_chunk,1,1
8845,22959,26875,16,0,0,layered_block,circular,per_chunk,1,1
8846,23959,28041,16,0,0,layered_block,circular,per_chunk,1,1
8847,23083,26959,16,0,0,layered_block,circular,per_chunk,1,1
8848,23459,27291,16,0,0,layered_block,circular,per_chunk,1,1
8849,23584,27834,16,0,0,layered_block,circular,per_chunk,1,1
8850,23708,27584,16,0,0,layered_block,circular,per_chunk,1,1
8851,23666,27542,16,0,0,layered_block,circular,per_chunk,1,1
8852,22875,26792,16,0,0,layered_block,circular,per_chunk,1,1
8853,23666,27625,16,0,0,layered_block,circular,per_chunk,1,1
8854,23459,27375,16,0,0,layered_block,circular,per_chunk,1,1
8855,23625,27542,16,0,0,layered_block,circular,per_chunk,1,1
8856,26041,30042,16,0,0,layered_block,circular,per_chunk,1,1
8857,23333,27250,16,0,0,layered_block,circular,per_chunk,1,1
8858,23000,26834,16,0,0,layered_block,circular,per_chunk,1,1
8859,24458,28417,16,0,0,layered_block,circular,per_chunk,1,1
8860,23708,27625,16,0,0,layered_block,circular,per_chunk,1,1
8861,23125,27042,16,0,0,layered_block,circular,per_chunk,1,1
8862,23417,27334,16,0,0,layered_block,circular,per_chunk,1,1
8863,23584,27416,16,0,0,layered_block,circular,per_chunk,1,1
8864,23584,27500,16,0,0,layered_block,circular,per_chunk,1,1
8865,24125,28125,16,0,0,layered_block,circular,per_chunk,1,1
8866,23292,27208,16,0,0,layered_block,circular,per_chunk,1,1
8867,22875,26709,16,0,0,layered_block,circular,per_chunk,1,1
8868,23792,27667,16,0,0,layered_block,circular,per_chunk,1,1
8869,23209,27125,16,0,0,layered_block,circular,per_chunk,1,1
8870,24292,28083,16,0,0,layered_block,circular,per_chunk,1,1
8871,23791,27708,16,0,0,layered_block,circular,per_chunk,1,1
8872,23000,26916,16,0,0,layered_block,circular,per_chunk,1,1
8873,23250,27084,16,0,0,layered_block,circular,per_chunk,1,1
8874,23292,27125,16,0,0,layered_block,circular,per_chunk,1,1
8875,23791,27625,16,0,0,layered_block,circular,per_chunk,1,1
8876,23333,27125,16,0,0,layered_block,circular,per_chunk,1,1
8877,23375,27292,16,0,0,layered_block,circular,per_chunk,1,1
8878,23792,28292,16,0,0,layered_block,circular,per_chunk,1,1
8879,23125,27042,16,0,0,layered_block,circular,per_chunk,1,1
8880,23833,27750,16,0,0,layered_block,circular,per_chunk,1,1
8881,24125,28416,16,0,0,layered_block,circular,per_chunk,1,1
8882,23083,27042,16,0,0,layered_block,circular,per_chunk,1,1
8883,23833,27667,16,0,0,layered_block,circular,per_chunk,1,1
8884,24458,28292,16,0,0,layered_block,circular,per_chunk,1,1
8885,23375,27292,16,0,0,layered_block,circular,per_chunk,1,1
8886,24459,28291,16,0,0,layered_block,circular,per_chunk,1,1
8887,23875,27875,16,0,0,layered_block,circular,per_chunk,1,1
8888,23083,26959,16,0,0,layered_block,circular,per_chunk,1,1
8889,23916,27833,16,0,0,layered_block,circular,per_chunk,1,1
8890,22958,26791,16,0,0,layered_block,circular,per_chunk,1,1
8891,23541,28000,16,0,0,layered_block,circular,per_chunk,1,1
8892,22958,26875,16,0,0,layered_block,circular,per_chunk,1,1
8893,23709,27541,16,0,0,layered_block,circular,per_chunk,1,1
8894,31042,35000,16,0,0,layered_block,circular,per_chunk,1,1
8895,23250,27167,16,0,0,layered_block,circular,per_chunk,1,1
8896,24166,28000,16,0,0,layered_block,circular,per_chunk,1,1
8897,24708,28750,16,0,0,layered_block,circular,per_chunk,1,1
8898,23916,28416,16,0,0,layered_block,circular,per_chunk,1,1
8899,22959,26833,16,0,0,layered_block,circular,per_chunk,1,1
8900,23459,27375,16,0,0,layered_block,circular,per_chunk,1,1
8901,23417,27500,16,0,0,layered_block,circular,per_chunk,1,1
8902,32292,36250,16,0,0,layered_block,circular,per_chunk,1,1
8903,23125,27000,16,0,0,layered_block,circular,per_chunk,1,1
8904,23167,27084,16,0,0,layered_block,circular,per_chunk,1,1
8905,32041,36000,16,0,0,layered_block,circular,per_chunk,1,1
8906,23209,27041,16,0,0,layered_block,circular,per_chunk,1,1
8907,22917,26875,16,0,0,layered_block,circular,per_chunk,1,1
8908,23875,27833,16,0,0,layered_block,circular,per_chunk,1,1
8909,32000,36000,16,0,0,layered_block,circular,per_chunk,1,1
8910,23041,26875,16,0,0,layered_block,circular,per_chunk,1,1
8911,23792,27792,16,0,0,layered_block,circular,per_chunk,1,1
8912,23125,27041,16,0,0,layered_block,circular,per_chunk,1,1
8913,23875,27750,16,0,0,layered_block,circular,per_chunk,1,1
8914,32333,36333,16,0,0,layered_block,circular,per_chunk,1,1
8915,23291,27167,16,0,0,layered_block,circular,per_chunk,1,1
8916,23250,27041,16,0,0,layered_block,circular,per_chunk,1,1
8917,23958,27833,16,0,0,layered_block,circular,per_chunk,1,1
8918,32417,36375,16,0,0,layered_block,circular,per_chunk,1,1
8919,23083,26875,16,0,0,layered_block,circular,per_chunk,1,1
8920,23333,27208,16,0,0,layered_block,circular,per_chunk,1,1
8921,22792,26667,16,0,0,layered_block,circular,per_chunk,1,1
8922,22750,26708,16,0,0,layered_block,circular,per_chunk,1,1
8923,23334,27166,16,0,0,layered_block,circular,per_chunk,1,1
8924,23666,27542,16,0,0,layered_block,circular,per_chunk,1,1
8925,23458,27334,16,0,0,layered_block,circular,per_chunk,1,1
8926,23458,27375,16,0,0,layered_block,circular,per_chunk,1,1
8927,23667,27625,16,0,0,layered_block,circular,per_chunk,1,1
8928,23833,27667,16,0,0,layered_block,circular,per_chunk,1,1
8929,22750,26583,16,0,0,layered_block,circular,per_chunk,1,1
8930,22792,26667,16,0,0,layered_block,circular,per_chunk,1,1
8931,23042,27000,16,0,0,layered_block,circular,per_chunk,1,1
8932,22792,26666,16,0,0,layered_block,circular,per_chunk,1,1
8933,23125,26958,16,0,0,layered_block,circular,per_chunk,1,1
8934,30666,34667,16,0,0,layered_block,circular,per_chunk,1,1
8935,23708,27583,16,0,0,layered_block,circular,per_chunk,1,1
8936,22708,26541,16,0,0,layered_block,circular,per_chunk,1,1
8937,23667,27625,16,0,0,layered_block,circular,per_chunk,1,1
8938,23542,27500,16,0,0,layered_block,circular,per_chunk,1,1
8939,23000,26917,16,0,0,layered_block,circular,per_chunk,1,1
8940,23167,27125,16,0,0,layered_block,circular,per_chunk,1,1
8941,23417,27334,16,0,0,layered_block,circular,per_chunk,1,1
8942,23000,26792,16,0,0,layered_block,circular,per_chunk,1,1
8943,23292,27250,16,0,0,layered_block,circular,per_chunk,1,1
8944,22958,26875,16,0,0,layered_block,circular,per_chunk,1,1
8945,23041,26875,16,0,0,layered_block,circular,per_chunk,1,1
8946,23166,27042,16,0,0,layered_block,circular,per_chunk,1,1
8947,31416,35417,16,0,0,layered_block,circular,per_chunk,1,1
8948,22958,26875,16,0,0,layered_block,circular,per_chunk,1,1
8949,23500,27417,16,0,0,layered_block,circular,per_chunk,1,1
8950,23042,27042,16,0,0,layered_block,circular,per_chunk,1,1
8951,22750,26666,16,0,0,layered_block,circular,per_chunk,1,1
8952,23000,26917,16,0,0,layered_block,circular,per_chunk,1,1
8953,23875,27875,16,0,0,layered_block,circular,per_chunk,1,1
8954,23709,27541,16,0,0,layered_block,circular,per_chunk,1,1
8955,22750,26625,16,0,0,layered_block,circular,per_chunk,1,1
8956,24583,28458,16,0,0,layered_block,circular,per_chunk,1,1
8957,23459,27459,16,0,0,layered_block,circular,per_chunk,1,1
8958,23250,27167,16,0,0,layered_block,circular,per_chunk,1,1
8959,23209,27291,16,0,0,layered_block,circular,per_chunk,1,1
8960,30875,34875,16,0,0,layered_block,circular,per_chunk,1,1
8961,23208,27125,16,0,0,layered_block,circular,per_chunk,1,1
8962,23333,27166,16,0,0,layered_block,circular,per_chunk,1,1
8963,23333,27292,16,0,0,layered_block,circular,per_chunk,1,1
8964,23709,27666,16,0,0,layered_block,circular,per_chunk,1,1
8965,23042,26959,16,0,0,layered_block,circular,per_chunk,1,1
8966,23250,27166,16,0,0,layered_block,circular,per_chunk,1,1
8967,23333,27209,16,0,0,layered_block,circular,per_chunk,1,1
8968,23416,27292,16,0,0,layered_block,circular,per_chunk,1,1
8969,23166,27166,16,0,0,layered_block,circular,per_chunk,1,1
8970,23125,27000,16,0,0,layered_block,circular,per_chunk,1,1
8971,22750,26584,16,0,0,layered_block,circular,per_chunk,1,1
8972,23541,27583,16,0,0,layered_block,circular,per_chunk,1,1
8973,23083,26959,16,0,0,layered_block,circular,per_chunk,1,1
8974,23042,26875,16,0,0,layered_block,circular,per_chunk,1,1
8975,23167,27083,16,0,0,layered_block,circular,per_chunk,1,1
8976,23416,27208,16,0,0,layered_block,circular,per_chunk,1,1
8977,23417,27291,16,0,0,layered_block,circular,per_chunk,1,1
8978,23625,27709,16,0,0,layered_block,circular,per_chunk,1,1
8979,23125,27083,16,0,0,layered_block,circular,per_chunk,1,1
8980,25416,29292,16,0,0,layered_block,circular,per_chunk,1,1
8981,24375,28708,16,0,0,layered_block,circular,per_chunk,1,1
8982,23958,27958,16,0,0,layered_block,circular,per_chunk,1,1
8983,23667,27542,16,0,0,layered_block,circular,per_chunk,1,1
8984,24792,28625,16,0,0,layered_block,circular,per_chunk,1,1
8985,24500,28417,16,0,0,layered_block,circular,per_chunk,1,1
8986,22875,26792,16,0,0,layered_block,circular,per_chunk,1,1
8987,23583,27458,16,0,0,layered_block,circular,per_chunk,1,1
8988,24833,28792,16,0,0,layered_block,circular,per_chunk,1,1
8989,22708,26625,16,0,0,layered_block,circular,per_chunk,1,1
8990,23125,27000,16,0,0,layered_block,circular,per_chunk,1,1
8991,30750,34750,16,0,0,layered_block,circular,per_chunk,1,1
8992,23125,26959,16,0,0,layered_block,circular,per_chunk,1,1
8993,23459,27417,16,0,0,layered_block,circular,per_chunk,1,1
8994,23625,27792,16,0,0,layered_block,circular,per_chunk,1,1
8995,22792,26667,16,0,0,layered_block,circular,per_chunk,1,1
8996,23375,27250,16,0,0,layered_block,circular,per_chunk,1,1
8997,23792,27584,16,0,0,layered_block,circular,per_chunk,1,1
8998,56625,60709,16,0,0,layered_block,circular,per_chunk,1,1
8999,24000,27834,16,0,0,layered_block,circular,per_chunk,1,1
9000,23666,27500,16,0,0,layered_block,circular,per_chunk,1,1
9001,23459,27917,16,0,0,layered_block,circular,per_chunk,1,1
9002,23458,27333,16,0,0,layered_block,circular,per_chunk,1,1
9003,23583,27458,16,0,0,layered_block,circular,per_chunk,1,1
9004,22959,26875,16,0,0,layered_block,circular,per_chunk,1,1
9005,24042,27834,16,0,0,layered_block,circular,per_chunk,1,1
9006,23125,27042,16,0,0,layered_block,circular,per_chunk,1,1
9007,25042,29084,16,0,0,layered_block,circular,per_chunk,1,1
9008,23042,26958,16,0,0,layered_block,circular,per_chunk,1,1
9009,23458,27292,16,0,0,layered_block,circular,per_chunk,1,1
9010,23625,27584,16,0,0,layered_block,circular,per_chunk,1,1
9011,24000,27916,16,0,0,layered_block,circular,per_chunk,1,1
9012,23500,27375,16,0,0,layered_block,circular,per_chunk,1,1
9013,23083,27500,16,0,0,layered_block,circular,per_chunk,1,1
9014,33041,36958,16,0,0,layered_block,circular,per_chunk,1,1
9015,23292,27125,16,0,0,layered_block,circular,per_chunk,1,1
9016,23291,27167,16,0,0,layered_block,circular,per_chunk,1,1
9017,23208,27125,16,0,0,layered_block,circular,per_chunk,1,1
9018,23042,26875,16,0,0,layered_block,circular,per_chunk,1,1
9019,23292,27250,16,0,0,layered_block,circular,per_chunk,1,1
9020,23708,27667,16,0,0,layered_block,circular,per_chunk,1,1
9021,23083,26959,16,0,0,layered_block,circular,per_chunk,1,1
9022,23292,27125,16,0,0,layered_block,circular,per_chunk,1,1
9023,23458,27292,16,0,0,layered_block,circular,per_chunk,1,1
9024,23375,27291,16,0,0,layered_block,circular,per_chunk,1,1
9025,22875,26750,16,0,0,layered_block,circular,per_chunk,1,1
9026,23791,27708,16,0,0,layered_block,circular,per_chunk,1,1
9027,32167,36125,16,0,0,layered_block,circular,per_chunk,1,1
9028,23416,27333,16,0,0,layered_block,circular,per_chunk,1,1
9029,23375,27292,16,0,0,layered_block,circular,per_chunk,1,1
9030,31667,35667,16,0,0,layered_block,circular,per_chunk,1,1
9031,23250,27166,16,0,0,layered_block,circular,per_chunk,1,1
9032,22917,26834,16,0,0,layered_block,circular,per_chunk,1,1
9033,24125,28125,16,0,0,layered_block,circular,per_chunk,1,1
9034,22917,26834,16,0,0,layered_block,circular,per_chunk,1,1
9035,23417,27291,16,0,0,layered_block,circular,per_chunk,1,1
9036,23625,27667,16,0,0,layered_block,circular,per_chunk,1,1
9037,23167,27083,16,0,0,layered_block,circular,per_chunk,1,1
9038,23208,27083,16,0,0,layered_block,circular,per_chunk,1,1
9039,23541,27750,16,0,0,layered_block,circular,per_chunk,1,1
9040,22833,26792,16,0,0,layered_block,circular,per_chunk,1,1
9041,23000,26875,16,0,0,layered_block,circular,per_chunk,1,1
9042,23125,27042,16,0,0,layered_block,circular,per_chunk,1,1
9043,31458,35417,16,0,0,layered_block,circular,per_chunk,1,1
9044,23459,27291,16,0,0,layered_block,circular,per_chunk,1,1
9045,23625,27584,16,0,0,layered_block,circular,per_chunk,1,1
9046,23541,27750,16,0,0,layered_block,circular,per_chunk,1,1
9047,23625,27541,16,0,0,layered_block,circular,per_chunk,1,1
9048,23250,27083,16,0,0,layered_block,circular,per_chunk,1,1
9049,23084,27500,16,0,0,layered_block,circular,per_chunk,1,1
9050,23042,26958,16,0,0,layered_block,circular,per_chunk,1,1
9051,23083,26917,16,0,0,layered_block,circular,per_chunk,1,1
9052,23250,27125,16,0,0,layered_block,circular,per_chunk,1,1
9053,23208,27167,16,0,0,layered_block,circular,per_chunk,1,1
9054,23458,27375,16,0,0,layered_block,circular,per_chunk,1,1
9055,23000,26916,16,0,0,layered_block,circular,per_chunk,1,1
9056,31167,35125,16,0,0,layered_block,circular,per_chunk,1,1
9057,23583,27417,16,0,0,layered_block,circular,per_chunk,1,1
9058,23042,26875,16,0,0,layered_block,circular,per_chunk,1,1
9059,24167,28084,16,0,0,layered_block,circular,per_chunk,1,1
9060,23209,27125,16,0,0,layered_block,circular,per_chunk,1,1
9061,23500,27375,16,0,0,layered_block,circular,per_chunk,1,1
9062,23792,27792,16,0,0,layered_block,circular,per_chunk,1,1
9063,23375,27292,16,0,0,layered_block,circular,per_chunk,1,1
9064,22917,26834,16,0,0,layered_block,circular,per_chunk,1,1
9065,23625,27542,16,0,0,layered_block,circular,per_chunk,1,1
9066,32583,36542,16,0,0,layered_block,circular,per_chunk,1,1
9067,23875,27666,16,0,0,layered_block,circular,per_chunk,1,1
9068,23542,27458,16,0,0,layered_block,circular,per_chunk,1,1
9069,31209,35084,16,0,0,layered_block,circular,per_chunk,1,1
9070,23500,27292,16,0,0,layered_block,circular,per_chunk,1,1
9071,22833,26750,16,0,0,layered_block,circular,per_chunk,1,1
9072,26916,31125,16,0,0,layered_block,circular,per_chunk,1,1
9073,32917,36875,16,0,0,layered_block,circular,per_chunk,1,1
9074,23334,27166,16,0,0,layered_block,circular,per_chunk,1,1
9075,22875,26750,16,0,0,layered_block,circular,per_chunk,1,1
9076,24792,28750,16,0,0,layered_block,circular,per_chunk,1,1
9077,22959,26791,16,0,0,layered_block,circular,per_chunk,1,1
9078,23250,27166,16,0,0,layered_block,circular,per_chunk,1,1
9079,23459,27542,16,0,0,layered_block,circular,per_chunk,1,1
9080,22667,26584,16,0,0,layered_block,circular,per_chunk,1,1
9081,23500,27292,16,0,0,layered_block,circular,per_chunk,1,1
9082,23875,27959,16,0,0,layered_block,circular,per_chunk,1,1
9083,22959,26875,16,0,0,layered_block,circular,per_chunk,1,1
9084,23167,26959,16,0,0,layered_block,circular,per_chunk,1,1
9085,23291,27167,16,0,0,layered_block,circular,per_chunk,1,1
9086,31083,35084,16,0,0,layered_block,circular,per_chunk,1,1
9087,24041,27959,16,0,0,layered_block,circular,per_chunk,1,1
9088,23708,27583,16,0,0,layered_block,circular,per_chunk,1,1
9089,32875,36916,16,0,0,layered_block,circular,per_chunk,1,1
9090,23000,26833,16,0,0,layered_block,circular,per_chunk,1,1
9091,22958,26792,16,0,0,layered_block,circular,per_chunk,1,1
9092,23167,27292,16,0,0,layered_block,circular,per_chunk,1,1
9093,23584,27500,16,0,0,layered_block,circular,per_chunk,1,1
9094,23000,26917,16,0,0,layered_block,circular,per_chunk,1,1
9095,23958,28042,16,0,0,layered_block,circular,per_chunk,1,1
9096,23541,27417,16,0,0,layered_block,circular,per_chunk,1,1
9097,22916,26791,16,0,0,layered_block,circular,per_chunk,1,1
9098,23291,27167,16,0,0,layered_block,circular,per_chunk,1,1
9099,23542,27417,16,0,0,layered_block,circular,per_chunk,1,1
9100,23583,27417,16,0,0,layered_block,circular,per_chunk,1,1
9101,23250,27208,16,0,0,layered_block,circular,per_chunk,1,1
9102,23250,27167,16,0,0,layered_block,circular,per_chunk,1,1
9103,22916,26833,16,0,0,layered_block,circular,per_chunk,1,1
9104,23042,26959,16,0,0,layered_block,circular,per_chunk,1,1
9105,23792,27750,16,0,0,layered_block,circular,per_chunk,1,1
9106,23041,26958,16,0,0,layered_block,circular,per_chunk,1,1
9107,23167,27084,16,0,0,layered_block,circular,per_chunk,1,1
9108,32000,35875,16,0,0,layered_block,circular,per_chunk,1,1
9109,22958,26875,16,0,0,layered_block,circular,per_chunk,1,1
9110,23125,27042,16,0,0,layered_block,circular,per_chunk,1,1
9111,23584,27458,16,0,0,layered_block,circular,per_chunk,1,1
9112,30500,34500,16,0,0,layered_block,circular,per_chunk,1,1
9113,23791,27667,16,0,0,layered_block,circular,per_chunk,1,1
9114,23125,26958,16,0,0,layered_block,circular,per_chunk,1,1
9115,32792,36750,16,0,0,layered_block,circular,per_chunk,1,1
9116,23125,26958,16,0,0,layered_block,circular,per_chunk,1,1
9117,24167,27959,16,0,0,layered_block,circular,per_chunk,1,1
9118,23417,27208,16,0,0,layered_block,circular,per_chunk,1,1
9119,23000,26875,16,0,0,layered_block,circular,per_chunk,1,1
9120,22833,26709,16,0,0,layered_block,circular,per_chunk,1,1
9121,23291,27208,16,0,0,layered_block,circular,per_chunk,1,1
9122,22792,26709,16,0,0,layered_block,circular,per_chunk,1,1
9123,23417,27291,16,0,0,layered_block,circular,per_chunk,1,1
9124,23500,27375,16,0,0,layered_block,circular,per_chunk,1,1
9125,23500,27417,16,0,0,layered_block,circular,per_chunk,1,1
9126,22791,26625,16,0,0,layered_block,circular,per_chunk,1,1
9127,23583,27542,16,0,0,layered_block,circular,per_chunk,1,1
9128,24542,28459,16,0,0,layered_block,circular,per_chunk,1,1
9129,23917,27792,16,0,0,layered_block,circular,per_chunk,1,1
9130,24000,27875,16,0,0,layered_block,circular,per_chunk,1,1
9131,23792,27833,16,0,0,layered_block,circular,per_chunk,1,1
9132,23417,27334,16,0,0,layered_block,circular,per_chunk,1,1
9133,23000,26875,16,0,0,layered_block,circular,per_chunk,1,1
9134,23417,27333,16,0,0,layered_block,circular,per_chunk,1,1
9135,23584,27500,16,0,0,layered_block,circular,per_chunk,1,1
9136,23250,27125,16,0,0,layered_block,circular,per_chunk,1,1
9137,22959,26916,16,0,0,layered_block,circular,per_chunk,1,1
9138,31792,35750,16,0,0,layered_block,circular,per_chunk,1,1
9139,23334,27208,16,0,0,layered_block,circular,per_chunk,1,1
9140,23125,27000,16,0,0,layered_block,circular,per_chunk,1,1
9141,32208,36250,16,0,0,layered_block,circular,per_chunk,1,1
9142,23041,26875,16,0,0,layered_block,circular,per_chunk,1,1
9143,24500,28333,16,0,0,layered_block,circular,per_chunk,1,1
9144,23209,27417,16,0,0,layered_block,circular,per_chunk,1,1
9145,22958,26875,16,0,0,layered_block,circular,per_chunk,1,1
9146,22959,26875,16,0,0,layered_block,circular,per_chunk,1,1
9147,23958,28000,16,0,0,layered_block,circular,per_chunk,1,1
9148,23625,27542,16,0,0,layered_block,circular,per_chunk,1,1
9149,23958,27750,16,0,0,layered_block,circular,per_chunk,1,1
9150,22708,26625,16,0,0,layered_block,circular,per_chunk,1,1
9151,23583,27459,16,0,0,layered_block,circular,per_chunk,1,1
9152,23125,27084,16,0,0,layered_block,circular,per_chunk,1,1
9153,23042,26959,16,0,0,layered_block,circular,per_chunk,1,1
9154,23166,27041,16,0,0,layered_block,circular,per_chunk,1,1
9155,23459,27333,16,0,0,layered_block,circular,per_chunk,1,1
9156,24209,28083,16,0,0,layered_block,circular,per_chunk,1,1
9157,22958,26791,16,0,0,layered_block,circular,per_chunk,1,1
9158,32000,35958,16,0,0,layered_block,circular,per_chunk,1,1
9159,23000,26833,16,0,0,layered_block,circular,per_chunk,1,1
9160,23750,27584,16,0,0,layered_block,circular,per_chunk,1,1
9161,23000,26959,16,0,0,layered_block,circular,per_chunk,1,1
9162,23292,27125,16,0,0,layered_block,circular,per_chunk,1,1
9163,24458,28375,16,0,0,layered_block,circular,per_chunk,1,1
9164,23459,27459,16,0,0,layered_block,circular,per_chunk,1,1
9165,22875,26792,16,0,0,layered_block,circular,per_chunk,1,1
9166,22792,26708,16,0,0,layered_block,circular,per_chunk,1,1
9167,23625,27541,16,0,0,layered_block,circular,per_chunk,1,1
9168,22625,26500,16,0,0,layered_block,circular,per_chunk,1,1
9169,24166,28125,16,0,0,layered_block,circular,per_chunk,1,1
9170,22708,26625,16,0,0,layered_block,circular,per_chunk,1,1
9171,23375,27417,16,0,0,layered_block,circular,per_chunk,1,1
9172,22917,26834,16,0,0,layered_block,circular,per_chunk,1,1
9173,23083,27000,16,0,0,layered_block,circular,per_chunk,1,1
9174,22750,26708,16,0,0,layered_block,circular,per_chunk,1,1
9175,22792,26666,16,0,0,layered_block,circular,per_chunk,1,1
9176,23167,27083,16,0,0,layered_block,circular,per_chunk,1,1
9177,23375,27291,16,0,0,layered_block,circular,per_chunk,1,1
9178,23000,26875,16,0,0,layered_block,circular,per_chunk,1,1
9179,23417,27250,16,0,0,layered_block,circular,per_chunk,1,1
9180,30500,34458,16,0,0,layered_block,circular,per_chunk,1,1
9181,23250,27084,16,0,0,layered_block,circular,per_chunk,1,1
9182,23209,27083,16,0,0,layered_block,circular,per_chunk,1,1
9183,23667,27625,16,0,0,layered_block,circular,per_chunk,1,1
9184,23041,26917,16,0,0,layered_block,circular,per_chunk,1,1
9185,22625,26500,16,0,0,layered_block,circular,per_chunk,1,1
9186,30833,34750,16,0,0,layered_block,circular,per_chunk,1,1
9187,23042,26875,16,0,0,layered_block,circular,per_chunk,1,1
9188,25084,29334,16,0,0,layered_block,circular,per_chunk,1,1
9189,23292,27208,16,0,0,layered_block,circular,per_chunk,1,1
9190,23000,26916,16,0,0,layered_block,circular,per_chunk,1,1
9191,23083,26959,16,0,0,layered_block,circular,per_chunk,1,1
9192,23541,27416,16,0,0,layered_block,circular,per_chunk,1,1
9193,22750,26625,16,0,0,layered_block,circular,per_chunk,1,1
9194,22875,26792,16,0,0,layered_block,circular,per_chunk,1,1
9195,22958,27292,16,0,0,layered_block,circular,per_chunk,1,1
9196,23167,27084,16,0,0,layered_block,circular,per_chunk,1,1
9197,22792,26625,16,0,0,layered_block,circular,per_chunk,1,1
9198,22834,27334,16,0,0,layered_block,circular,per_chunk,1,1
9199,23166,27083,16,0,0,layered_block,circular,per_chunk,1,1
9200,22750,26583,16,0,0,layered_block,circular,per_chunk,1,1
9201,23625,27625,16,0,0,layered_block,circular,per_chunk,1,1
9202,22958,26875,16,0,0,layered_block,circular,per_chunk,1,1
9203,23792,27667,16,0,0,layered_block,circular,per_chunk,1,1
9204,24167,28041,16,0,0,layered_block,circular,per_chunk,1,1
9205,23167,27084,16,0,0,layered_block,circular,per_chunk,1,1
9206,22875,26792,16,0,0,layered_block,circular,per_chunk,1,1
9207,23208,27458,16,0,0,layered_block,circular,per_chunk,1,1
9208,23500,27375,16,0,0,layered_block,circular,per_chunk,1,1
9209,23584,27500,16,0,0,layered_block,circular,per_chunk,1,1
9210,24250,28250,16,0,0,layered_block,circular,per_chunk,1,1
9211,23375,27250,16,0,0,layered_block,circular,per_chunk,1,1
9212,22750,26667,16,0,0,layered_block,circular,per_chunk,1,1
9213,23167,27084,16,0,0,layered_block,circular,per_chunk,1,1
9214,23167,27084,16,0,0,layered_block,circular,per_chunk,1,1
9215,24333,28167,16,0,0,layered_block,circular,per_chunk,1,1
9216,23333,27166,16,0,0,layered_block,circular,per_chunk,1,1
9217,30125,34125,16,0,0,layered_block,circular,per_chunk,1,1
9218,22833,26667,16,0,0,layered_block,circular,per_chunk,1,1
9219,23375,27209,16,0,0,layered_block,circular,per_chunk,1,1
9220,22750,26667,16,0,0,layered_block,circular,per_chunk,1,1
9221,24125,28083,16,0,0,layered_block,circular,per_chunk,1,1
9222,23041,26916,16,0,0,layered_block,circular,per_chunk,1,1
9223,30459,34375,16,0,0,layered_block,circular,per_chunk,1,1
9224,23083,26875,16,0,0,layered_block,circular,per_chunk,1,1
9225,23250,27167,16,0,0,layered_block,circular,per_chunk,1,1
9226,22833,26666,16,0,0,layered_block,circular,per_chunk,1,1
9227,23041,26958,16,0,0,layered_block,circular,per_chunk,1,1
9228,23083,26916,16,0,0,layered_block,circular,per_chunk,1,1
9229,23250,32917,16,0,0,layered_block,circular,per_chunk,1,1
9230,23250,27083,16,0,0,layered_block,circular,per_chunk,1,1
9231,23459,27375,16,0,0,layered_block,circular,per_chunk,1,1
9232,22959,26875,16,0,0,layered_block,circular,per_chunk,1,1
9233,22875,26625,16,0,0,layered_block,circular,per_chunk,1,1
9234,24209,28125,16,0,0,layered_block,circular,per_chunk,1,1
9235,30500,34458,16,0,0,layered_block,circular,per_chunk,1,1
9236,23250,27083,16,0,0,layered_block,circular,per_chunk,1,1
9237,23125,27000,16,0,0,layered_block,circular,per_chunk,1,1
9238,22709,26666,16,0,0,layered_block,circular,per_chunk,1,1
9239,22958,26833,16,0,0,layered_block,circular,per_chunk,1,1
9240,23250,27166,16,0,0,layered_block,circular,per_chunk,1,1
9241,23250,27709,16,0,0,layered_block,circular,per_chunk,1,1
9242,23084,27000,16,0,0,layered_block,circular,per_chunk,1,1
9243,23416,27250,16,0,0,layered_block,circular,per_chunk,1,1
9244,30250,34250,16,0,0,layered_block,circular,per_chunk,1,1
9245,22833,26625,16,0,0,layered_block,circular,per_chunk,1,1
9246,23083,27333,16,0,0,layered_block,circular,per_chunk,1,1
9247,22750,26667,16,0,0,layered_block,circular,per_chunk,1,1
9248,23000,26875,16,0,0,layered_block,circular,per_chunk,1,1
9249,23250,27125,16,0,0,layered_block,circular,per_chunk,1,1
9250,30834,34833,16,0,0,layered_block,circular,per_chunk,1,1
9251,23042,26875,16,0,0,layered_block,circular,per_chunk,1,1
9252,23083,26916,16,0,0,layered_block,circular,per_chunk,1,1
9253,23584,27458,16,0,0,layered_block,circular,per_chunk,1,1
9254,24667,28792,16,0,0,layered_block,circular,per_chunk,1,1
9255,23042,26917,16,0,0,layered_block,circular,per_chunk,1,1
9256,23458,27458,16,0,0,layered_block,circular,per_chunk,1,1
9257,22834,26750,16,0,0,layered_block,circular,per_chunk,1,1
9258,22916,26833,16,0,0,layered_block,circular,per_chunk,1,1
9259,23459,27334,16,0,0,layered_block,circular,per_chunk,1,1
9260,22708,26625,16,0,0,layered_block,circular,per_chunk,1,1
9261,23542,27459,16,0,0,layered_block,circular,per_chunk,1,1
9262,23375,27667,16,0,0,layered_block,circular,per_chunk,1,1
9263,22792,26709,16,0,0,layered_block,circular,per_chunk,1,1
9264,22958,26834,16,0,0,layered_block,circular,per_chunk,1,1
9265,22792,32500,16,0,0,layered_block,circular,per_chunk,1,1
9266,23208,27000,16,0,0,layered_block,circular,per_chunk,1,1
9267,23083,27333,16,0,0,layered_block,circular,per_chunk,1,1
9268,23333,27250,16,0,0,layered_block,circular,per_chunk,1,1
9269,22833,26750,16,0,0,layered_block,circular,per_chunk,1,1
9270,22792,26625,16,0,0,layered_block,circular,per_chunk,1,1
9271,22959,26875,16,0,0,layered_block,circular,per_chunk,1,1
9272,23167,27083,16,0,0,layered_block,circular,per_chunk,1,1
9273,23125,27000,16,0,0,layered_block,circular,per_chunk,1,1
9274,23417,27917,16,0,0,layered_block,circular,per_chunk,1,1
9275,22917,26833,16,0,0,layered_block,circular,per_chunk,1,1
9276,23583,27459,16,0,0,layered_block,circular,per_chunk,1,1
9277,23792,27750,16,0,0,layered_block,circular,per_chunk,1,1
9278,23125,27042,16,0,0,layered_block,circular,per_chunk,1,1
9279,23083,27125,16,0,0,layered_block,circular,per_chunk,1,1
9280,30625,34625,16,0,0,layered_block,circular,per_chunk,1,1
9281,22875,26792,16,0,0,layered_block,circular,per_chunk,1,1
9282,22709,26541,16,0,0,layered_block,circular,per_chunk,1,1
9283,22959,27333,16,0,0,layered_block,circular,per_chunk,1,1
9284,22667,26584,16,0,0,layered_block,circular,per_chunk,1,1
9285,23459,27333,16,0,0,layered_block,circular,per_chunk,1,1
9286,30875,35166,16,0,0,layered_block,circular,per_chunk,1,1
9287,23917,28042,16,0,0,layered_block,circular,per_chunk,1,1
9288,22750,26666,16,0,0,layered_block,circular,per_chunk,1,1
9289,23750,27625,16,0,0,layered_block,circular,per_chunk,1,1
9290,22834,26666,16,0,0,layered_block,circular,per_chunk,1,1
9291,23625,27541,16,0,0,layered_block,circular,per_chunk,1,1
9292,22792,26667,16,0,0,layered_block,circular,per_chunk,1,1
9293,22750,26583,16,0,0,layered_block,circular,per_chunk,1,1
9294,23333,27292,16,0,0,layered_block,circular,per_chunk,1,1
9295,22875,26750,16,0,0,layered_block,circular,per_chunk,1,1
9296,22833,26708,16,0,0,layered_block,circular,per_chunk,1,1
9297,22792,26709,16,0,0,layered_block,circular,per_chunk,1,1
9298,22792,26625,16,0,0,layered_block,circular,per_chunk,1,1
9299,23083,27042,16,0,0,layered_block,circular,per_chunk,1,1
9300,22875,26709,16,0,0,layered_block,circular,per_chunk,1,1
9301,22875,26750,16,0,0,layered_block,circular,per_chunk,1,1
9302,22709,26666,16,0,0,layered_block,circular,per_chunk,1,1
9303,23167,26959,16,0,0,layered_block,circular,per_chunk,1,1
9304,23833,27792,16,0,0,layered_block,circular,per_chunk,1,1
9305,22875,26708,16,0,0,layered_block,circular,per_chunk,1,1
9306,23209,27541,16,0,0,layered_block,circular,per_chunk,1,1
9307,22792,26666,16,0,0,layered_block,circular,per_chunk,1,1
9308,22875,26666,16,0,0,layered_block,circular,per_chunk,1,1
9309,23291,27208,16,0,0,layered_block,circular,per_chunk,1,1
9310,23000,26833,16,0,0,layered_block,circular,per_chunk,1,1
9311,23250,27209,16,0,0,layered_block,circular,per_chunk,1,1
9312,23041,26875,16,0,0,layered_block,circular,per_chunk,1,1
9313,22666,26625,16,0,0,layered_block,circular,per_chunk,1,1
9314,22792,32792,16,0,0,layered_block,circular,per_chunk,1,1
9315,23250,27125,16,0,0,layered_block,circular,per_chunk,1,1
9316,23541,27416,16,0,0,layered_block,circular,per_chunk,1,1
9317,22708,26584,16,0,0,layered_block,circular,per_chunk,1,1
9318,22916,26833,16,0,0,layered_block,circular,per_chunk,1,1
9319,22750,26625,16,0,0,layered_block,circular,per_chunk,1,1
9320,23084,26875,16,0,0,layered_block,circular,per_chunk,1,1
9321,23291,27417,16,0,0,layered_block,circular,per_chunk,1,1
9322,23083,26917,16,0,0,layered_block,circular,per_chunk,1,1
9323,23542,27709,16,0,0,layered_block,circular,per_chunk,1,1
9324,23000,27500,16,0,0,layered_block,circular,per_chunk,1,1
9325,23084,26958,16,0,0,layered_block,circular,per_chunk,1,1
9326,22708,26625,16,0,0,layered_block,circular,per_chunk,1,1
9327,28791,32833,16,0,0,layered_block,circular,per_chunk,1,1
9328,23250,27167,16,0,0,layered_block,circular,per_chunk,1,1
9329,23250,27125,16,0,0,layered_block,circular,per_chunk,1,1
9330,23292,34875,16,0,0,layered_block,circular,per_chunk,1,1
9331,23375,27167,16,0,0,layered_block,circular,per_chunk,1,1
9332,22958,26875,16,0,0,layered_block,circular,per_chunk,1,1
9333,22667,26542,16,0,0,layered_block,circular,per_chunk,1,1
9334,22958,26875,16,0,0,layered_block,circular,per_chunk,1,1
9335,22958,26833,16,0,0,layered_block,circular,per_chunk,1,1
9336,30125,34167,16,0,0,layered_block,circular,per_chunk,1,1
9337,22792,26666,16,0,0,layered_block,circular,per_chunk,1,1
9338,23416,27500,16,0,0,layered_block,circular,per_chunk,1,1
9339,23042,26959,16,0,0,layered_block,circular,per_chunk,1,1
9340,22834,26666,16,0,0,layered_block,circular,per_chunk,1,1
9341,23167,27125,16,0,0,layered_block,circular,per_chunk,1,1
9342,22916,26750,16,0,0,layered_block,circular,per_chunk,1,1
9343,23292,27166,16,0,0,layered_block,circular,per_chunk,1,1
9344,30125,34167,16,0,0,layered_block,circular,per_chunk,1,1
9345,22833,26667,16,0,0,layered_block,circular,per_chunk,1,1
9346,23500,27750,16,0,0,layered_block,circular,per_chunk,1,1
9347,23000,26875,16,0,0,layered_block,circular,per_chunk,1,1
9348,23000,26792,16,0,0,layered_block,circular,per_chunk,1,1
9349,24000,27917,16,0,0,layered_block,circular,per_chunk,1,1
9350,23375,27250,16,0,0,layered_block,circular,per_chunk,1,1
9351,23083,26959,16,0,0,layered_block,circular,per_chunk,1,1
9352,22916,27375,16,0,0,layered_block,circular,per_chunk,1,1
9353,23000,26875,16,0,0,layered_block,circular,per_chunk,1,1
9354,22667,26625,16,0,0,layered_block,circular,per_chunk,1,1
9355,24916,29000,16,0,0,layered_block,circular,per_chunk,1,1
9356,23167,27125,16,0,0,layered_block,circular,per_chunk,1,1
9357,22708,26625,16,0,0,layered_block,circular,per_chunk,1,1
9358,23875,27791,16,0,0,layered_block,circular,per_chunk,1,1
9359,23209,27125,16,0,0,layered_block,circular,per_chunk,1,1
9360,22791,26667,16,0,0,layered_block,circular,per_chunk,1,1
9361,22667,26542,16,0,0,layered_block,circular,per_chunk,1,1
9362,23000,26833,16,0,0,layered_block,circular,per_chunk,1,1
9363,22792,26667,16,0,0,layered_block,circular,per_chunk,1,1
9364,22791,32958,16,0,0,layered_block,circular,per_chunk,1,1
9365,23250,27084,16,0,0,layered_block,circular,per_chunk,1,1
9366,23083,27667,16,0,0,layered_block,circular,per_chunk,1,1
9367,22792,26666,16,0,0,layered_block,circular,per_chunk,1,1
9368,22833,26750,16,0,0,layered_block,circular,per_chunk,1,1
9369,22875,26875,16,0,0,layered_block,circular,per_chunk,1,1
9370,22833,26750,16,0,0,layered_block,circular,per_chunk,1,1
9371,22750,26667,16,0,0,layered_block,circular,per_chunk,1,1
9372,23250,27167,16,0,0,layered_block,circular,per_chunk,1,1
9373,22833,26708,16,0,0,layered_block,circular,per_chunk,1,1
9374,22958,26792,16,0,0,layered_block,circular,per_chunk,1,1
9375,92041,96125,16,0,0,layered_block,circular,per_chunk,1,1
9376,23250,27125,16,0,0,layered_block,circular,per_chunk,1,1
9377,23250,27041,16,0,0,layered_block,circular,per_chunk,1,1
9378,22750,32334,16,0,0,layered_block,circular,per_chunk,1,1
9379,23250,27083,16,0,0,layered_block,circular,per_chunk,1,1
9380,23750,27750,16,0,0,layered_block,circular,per_chunk,1,1
9381,22833,26750,16,0,0,layered_block,circular,per_chunk,1,1
9382,23375,27250,16,0,0,layered_block,circular,per_chunk,1,1
9383,23291,27333,16,0,0,layered_block,circular,per_chunk,1,1
9384,22750,26667,16,0,0,layered_block,circular,per_chunk,1,1
9385,22709,26583,16,0,0,layered_block,circular,per_chunk,1,1
9386,23000,26917,16,0,0,layered_block,circular,per_chunk,1,1
9387,22833,26750,16,0,0,layered_block,circular,per_chunk,1,1
9388,23042,26916,16,0,0,layered_block,circular,per_chunk,1,1
9389,23166,27166,16,0,0,layered_block,circular,per_chunk,1,1
9390,22917,26792,16,0,0,layered_block,circular,per_chunk,1,1
9391,22708,26584,16,0,0,layered_block,circular,per_chunk,1,1
9392,23875,35333,16,0,0,layered_block,circular,per_chunk,1,1
9393,23292,27167,16,0,0,layered_block,circular,per_chunk,1,1
9394,22750,26583,16,0,0,layered_block,circular,per_chunk,1,1
9395,22833,26750,16,0,0,layered_block,circular,per_chunk,1,1
9396,23459,27333,16,0,0,layered_block,circular,per_chunk,1,1
9397,22958,26833,16,0,0,layered_block,circular,per_chunk,1,1
9398,22750,26667,16,0,0,layered_block,circular,per_chunk,1,1
9399,23250,27125,16,0,0,layered_block,circular,per_chunk,1,1
9400,23417,27875,16,0,0,layered_block,circular,per_chunk,1,1
9401,22750,26625,16,0,0,layered_block,circular,per_chunk,1,1
9402,23208,27042,16,0,0,layered_block,circular,per_chunk,1,1
9403,23416,27333,16,0,0,layered_block,circular,per_chunk,1,1
9404,23084,26958,16,0,0,layered_block,circular,per_chunk,1,1
9405,22709,26583,16,0,0,layered_block,circular,per_chunk,1,1
9406,30708,34792,16,0,0,layered_block,circular,per_chunk,1,1
9407,23083,27083,16,0,0,layered_block,circular,per_chunk,1,1
9408,23042,26875,16,0,0,layered_block,circular,per_chunk,1,1
9409,22792,26708,16,0,0,layered_block,circular,per_chunk,1,1
9410,22875,26792,16,0,0,layered_block,circular,per_chunk,1,1
9411,23042,27292,16,0,0,layered_block,circular,per_chunk,1,1
9412,23459,27375,16,0,0,layered_block,circular,per_chunk,1,1
9413,23125,27000,16,0,0,layered_block,circular,per_chunk,1,1
9414,30666,34625,16,0,0,layered_block,circular,per_chunk,1,1
9415,23125,26875,16,0,0,layered_block,circular,per_chunk,1,1
9416,24417,28333,16,0,0,layered_block,circular,per_chunk,1,1
9417,23042,27625,16,0,0,layered_block,circular,per_chunk,1,1
9418,23042,26875,16,0,0,layered_block,circular,per_chunk,1,1
9419,23166,27125,16,0,0,layered_block,circular,per_chunk,1,1
9420,22709,26583,16,0,0,layered_block,circular,per_chunk,1,1
9421,23000,26791,16,0,0,layered_block,circular,per_chunk,1,1
9422,24292,28166,16,0,0,layered_block,circular,per_chunk,1,1
9423,29750,33708,16,0,0,layered_block,circular,per_chunk,1,1
9424,22833,26709,16,0,0,layered_block,circular,per_chunk,1,1
9425,22833,26750,16,0,0,layered_block,circular,per_chunk,1,1
9426,23042,26875,16,0,0,layered_block,circular,per_chunk,1,1
9427,23709,27625,16,0,0,layered_block,circular,per_chunk,1,1
9428,23208,27667,16,0,0,layered_block,circular,per_chunk,1,1
9429,23334,27166,16,0,0,layered_block,circular,per_chunk,1,1
9430,23750,27583,16,0,0,layered_block,circular,per_chunk,1,1
9431,23167,27209,16,0,0,layered_block,circular,per_chunk,1,1
9432,23250,27125,16,0,0,layered_block,circular,per_chunk,1,1
9433,23334,27250,16,0,0,layered_block,circular,per_chunk,1,1
9434,23333,33416,16,0,0,layered_block,circular,per_chunk,1,1
9435,23250,27041,16,0,0,layered_block,circular,per_chunk,1,1
9436,23500,27417,16,0,0,layered_block,circular,per_chunk,1,1
9437,23334,27250,16,0,0,layered_block,circular,per_chunk,1,1
9438,23042,27000,16,0,0,layered_block,circular,per_chunk,1,1
9439,23416,27333,16,0,0,layered_block,circular,per_chunk,1,1
9440,29750,33625,16,0,0,layered_block,circular,per_chunk,1,1
9441,23125,27042,16,0,0,layered_block,circular,per_chunk,1,1
9442,24166,28042,16,0,0,layered_block,circular,per_chunk,1,1
9443,23209,27125,16,0,0,layered_block,circular,per_chunk,1,1
9444,22709,26625,16,0,0,layered_block,circular,per_chunk,1,1
9445,23709,27500,16,0,0,layered_block,circular,per_chunk,1,1
9446,31500,35417,16,0,0,layered_block,circular,per_chunk,1,1
9447,23583,27500,16,0,0,layered_block,circular,per_chunk,1,1
9448,22875,27084,16,0,0,layered_block,circular,per_chunk,1,1
9449,31084,35000,16,0,0,layered_block,circular,per_chunk,1,1
9450,23000,26875,16,0,0,layered_block,circular,per_chunk,1,1
9451,23250,27125,16,0,0,layered_block,circular,per_chunk,1,1
9452,22834,26709,16,0,0,layered_block,circular,per_chunk,1,1
9453,22791,26667,16,0,0,layered_block,circular,per_chunk,1,1
9454,23167,27125,16,0,0,layered_block,circular,per_chunk,1,1
9455,22875,26750,16,0,0,layered_block,circular,per_chunk,1,1
9456,22875,26666,16,0,0,layered_block,circular,per_chunk,1,1
9457,23250,27208,16,0,0,layered_block,circular,per_chunk,1,1
9458,22833,26750,16,0,0,layered_block,circular,per_chunk,1,1
9459,23291,27208,16,0,0,layered_block,circular,per_chunk,1,1
9460,23334,33750,16,0,0,layered_block,circular,per_chunk,1,1
9461,23167,26959,16,0,0,layered_block,circular,per_chunk,1,1
9462,24917,30125,16,0,0,layered_block,circular,per_chunk,1,1
9463,23208,27125,16,0,0,layered_block,circular,per_chunk,1,1
9464,23000,26917,16,0,0,layered_block,circular,per_chunk,1,1
9465,22958,26750,16,0,0,layered_block,circular,per_chunk,1,1
9466,23375,27334,16,0,0,layered_block,circular,per_chunk,1,1
9467,22958,26875,16,0,0,layered_block,circular,per_chunk,1,1
9468,23042,27292,16,0,0,layered_block,circular,per_chunk,1,1
9469,23084,27000,16,0,0,layered_block,circular,per_chunk,1,1
9470,23209,27000,16,0,0,layered_block,circular,per_chunk,1,1
9471,23375,27208,16,0,0,layered_block,circular,per_chunk,1,1
9472,22875,26791,16,0,0,layered_block,circular,per_chunk,1,1
9473,22708,26583,16,0,0,layered_block,circular,per_chunk,1,1
9474,31000,34959,16,0,0,layered_block,circular,per_chunk,1,1
9475,23167,27042,16,0,0,layered_block,circular,per_chunk,1,1
9476,23625,27541,16,0,0,layered_block,circular,per_chunk,1,1
9477,23292,27750,16,0,0,layered_block,circular,per_chunk,1,1
9478,22875,26750,16,0,0,layered_block,circular,per_chunk,1,1
9479,22875,26709,16,0,0,layered_block,circular,per_chunk,1,1
9480,22834,26750,16,0,0,layered_block,circular,per_chunk,1,1
9481,22792,26625,16,0,0,layered_block,circular,per_chunk,1,1
9482,22958,27292,16,0,0,layered_block,circular,per_chunk,1,1
9483,32333,36333,16,0,0,layered_block,circular,per_chunk,1,1
9484,23167,27000,16,0,0,layered_block,circular,per_chunk,1,1
9485,22917,26834,16,0,0,layered_block,circular,per_chunk,1,1
9486,22791,26667,16,0,0,layered_block,circular,per_chunk,1,1
9487,23000,26875,16,0,0,layered_block,circular,per_chunk,1,1
9488,23333,27917,16,0,0,layered_block,circular,per_chunk,1,1
9489,23083,27000,16,0,0,layered_block,circular,per_chunk,1,1
9490,22792,26667,16,0,0,layered_block,circular,per_chunk,1,1
9491,23250,27583,16,0,0,layered_block,circular,per_chunk,1,1
9492,22959,26916,16,0,0,layered_block,circular,per_chunk,1,1
9493,23084,27000,16,0,0,layered_block,circular,per_chunk,1,1
9494,31458,35416,16,0,0,layered_block,circular,per_chunk,1,1
9495,22834,26666,16,0,0,layered_block,circular,per_chunk,1,1
9496,23000,26875,16,0,0,layered_block,circular,per_chunk,1,1
9497,30583,34542,16,0,0,layered_block,circular,per_chunk,1,1
9498,23292,27125,16,0,0,layered_block,circular,per_chunk,1,1
9499,23125,27041,16,0,0,layered_block,circular,per_chunk,1,1
9500,22791,26750,16,0,0,layered_block,circular,per_chunk,1,1
9501,22875,26709,16,0,0,layered_block,circular,per_chunk,1,1
9502,23250,27208,16,0,0,layered_block,circular,per_chunk,1,1
9503,23417,27250,16,0,0,layered_block,circular,per_chunk,1,1
9504,22875,26667,16,0,0,layered_block,circular,per_chunk,1,1
9505,23084,27584,16,0,0,layered_block,circular,per_chunk,1,1
9506,22917,26792,16,0,0,layered_block,circular,per_chunk,1,1
9507,23209,27083,16,0,0,layered_block,circular,per_chunk,1,1
9508,30625,34625,16,0,0,layered_block,circular,per_chunk,1,1
9509,25167,29042,16,0,0,layered_block,circular,per_chunk,1,1
9510,22791,26708,16,0,0,layered_block,circular,per_chunk,1,1
9511,23375,27250,16,0,0,layered_block,circular,per_chunk,1,1
9512,23000,26917,16,0,0,layered_block,circular,per_chunk,1,1
9513,22834,26750,16,0,0,layered_block,circular,per_chunk,1,1
9514,23000,26875,16,0,0,layered_block,circular,per_chunk,1,1
9515,23042,26875,16,0,0,layered_block,circular,per_chunk,1,1
9516,24125,28125,16,0,0,layered_block,circular,per_chunk,1,1
9517,22958,26875,16,0,0,layered_block,circular,per_chunk,1,1
9518,23708,27625,16,0,0,layered_block,circular,per_chunk,1,1
9519,23083,27000,16,0,0,layered_block,circular,per_chunk,1,1
9520,22708,26625,16,0,0,layered_block,circular,per_chunk,1,1
9521,23041,27000,16,0,0,layered_block,circular,per_chunk,1,1
9522,31459,35458,16,0,0,layered_block,circular,per_chunk,1,1
9523,23792,27709,16,0,0,layered_block,circular,per_chunk,1,1
9524,23583,27458,16,0,0,layered_block,circular,per_chunk,1,1
9525,23250,27166,16,0,0,layered_block,circular,per_chunk,1,1
9526,23875,27666,16,0,0,layered_block,circular,per_chunk,1,1
9527,23208,27083,16,0,0,layered_block,circular,per_chunk,1,1
9528,23792,27708,16,0,0,layered_block,circular,per_chunk,1,1
9529,24667,28500,16,0,0,layered_block,circular,per_chunk,1,1
9530,23042,26917,16,0,0,layered_block,circular,per_chunk,1,1
9531,23750,27666,16,0,0,layered_block,circular,per_chunk,1,1
9532,23417,27292,16,0,0,layered_block,circular,per_chunk,1,1
9533,23084,27000,16,0,0,layered_block,circular,per_chunk,1,1
9534,31250,35209,16,0,0,layered_block,circular,per_chunk,1,1
9535,23083,27000,16,0,0,layered_block,circular,per_chunk,1,1
9536,22917,26833,16,0,0,layered_block,circular,per_chunk,1,1
9537,23375,27292,16,0,0,layered_block,circular,per_chunk,1,1
9538,22917,26708,16,0,0,layered_block,circular,per_chunk,1,1
9539,23166,27042,16,0,0,layered_block,circular,per_chunk,1,1
9540,23125,26959,16,0,0,layered_block,circular,per_chunk,1,1
9541,23042,26916,16,0,0,layered_block,circular,per_chunk,1,1
9542,23458,27375,16,0,0,layered_block,circular,per_chunk,1,1
9543,30833,34750,16,0,0,layered_block,circular,per_chunk,1,1
9544,23166,27000,16,0,0,layered_block,circular,per_chunk,1,1
9545,23125,27375,16,0,0,layered_block,circular,per_chunk,1,1
9546,23083,26917,16,0,0,layered_block,circular,per_chunk,1,1
9547,23291,27167,16,0,0,layered_block,circular,per_chunk,1,1
9548,23250,27167,16,0,0,layered_block,circular,per_chunk,1,1
9549,24375,28500,16,0,0,layered_block,circular,per_chunk,1,1
9550,22834,26708,16,0,0,layered_block,circular,per_chunk,1,1
9551,23833,27792,16,0,0,layered_block,circular,per_chunk,1,1
9552,23250,27083,16,0,0,layered_block,circular,per_chunk,1,1
9553,23084,26958,16,0,0,layered_block,circular,per_chunk,1,1
9554,30292,34292,16,0,0,layered_block,circular,per_chunk,1,1
9555,23208,27042,16,0,0,layered_block,circular,per_chunk,1,1
9556,23292,27166,16,0,0,layered_block,circular,per_chunk,1,1
9557,23583,27625,16,0,0,layered_block,circular,per_chunk,1,1
9558,22791,26667,16,0,0,layered_block,circular,per_chunk,1,1
9559,23083,27000,16,0,0,layered_block,circular,per_chunk,1,1
9560,22791,26708,16,0,0,layered_block,circular,per_chunk,1,1
9561,23375,27250,16,0,0,layered_block,circular,per_chunk,1,1
9562,23458,27417,16,0,0,layered_block,circular,per_chunk,1,1
9563,30125,34125,16,0,0,layered_block,circular,per_chunk,1,1
9564,23083,26917,16,0,0,layered_block,circular,per_chunk,1,1
9565,23458,27375,16,0,0,layered_block,circular,per_chunk,1,1
9566,23042,26958,16,0,0,layered_block,circular,per_chunk,1,1
9567,23250,27083,16,0,0,layered_block,circular,per_chunk,1,1
9568,23125,27042,16,0,0,layered_block,circular,per_chunk,1,1
9569,24125,28375,16,0,0,layered_block,circular,per_chunk,1,1
9570,23291,27208,16,0,0,layered_block,circular,per_chunk,1,1
9571,23875,27792,16,0,0,layered_block,circular,per_chunk,1,1
9572,23042,26917,16,0,0,layered_block,circular,per_chunk,1,1
9573,23166,26916,16,0,0,layered_block,circular,per_chunk,1,1
9574,31000,35042,16,0,0,layered_block,circular,per_chunk,1,1
9575,23083,26875,16,0,0,layered_block,circular,per_chunk,1,1
9576,23834,27708,16,0,0,layered_block,circular,per_chunk,1,1
9577,23542,34084,16,0,0,layered_block,circular,per_chunk,1,1
9578,23333,27292,16,0,0,layered_block,circular,per_chunk,1,1
9579,23125,26917,16,0,0,layered_block,circular,per_chunk,1,1
9580,22833,26667,16,0,0,layered_block,circular,per_chunk,1,1
9581,22958,26875,16,0,0,layered_block,circular,per_chunk,1,1
9582,23334,27792,16,0,0,layered_block,circular,per_chunk,1,1
9583,23416,27333,16,0,0,layered_block,circular,per_chunk,1,1
9584,22875,26750,16,0,0,layered_block,circular,per_chunk,1,1
9585,23084,27375,16,0,0,layered_block,circular,per_chunk,1,1
9586,23291,27166,16,0,0,layered_block,circular,per_chunk,1,1
9587,23167,27000,16,0,0,layered_block,circular,per_chunk,1,1
9588,22834,26709,16,0,0,layered_block,circular,per_chunk,1,1
9589,22750,26584,16,0,0,layered_block,circular,per_chunk,1,1
9590,23333,27167,16,0,0,layered_block,circular,per_chunk,1,1
9591,30833,34833,16,0,0,layered_block,circular,per_chunk,1,1
9592,23042,26792,16,0,0,layered_block,circular,per_chunk,1,1
9593,23125,27167,16,0,0,layered_block,circular,per_chunk,1,1
9594,23000,26875,16,0,0,layered_block,circular,per_chunk,1,1
9595,22834,26708,16,0,0,layered_block,circular,per_chunk,1,1
9596,23291,27625,16,0,0,layered_block,circular,per_chunk,1,1
9597,23125,27042,16,0,0,layered_block,circular,per_chunk,1,1
9598,23125,27000,16,0,0,layered_block,circular,per_chunk,1,1
9599,23541,27417,16,0,0,layered_block,circular,per_chunk,1,1
9600,23084,26958,16,0,0,layered_block,circular,per_chunk,1,1
9601,22750,26708,16,0,0,layered_block,circular,per_chunk,1,1
9602,29708,33625,16,0,0,layered_block,circular,per_chunk,1,1
9603,22833,26667,16,0,0,layered_block,circular,per_chunk,1,1
9604,23333,27250,16,0,0,layered_block,circular,per_chunk,1,1
9605,23500,27417,16,0,0,layered_block,circular,per_chunk,1,1
9606,22833,26667,16,0,0,layered_block,circular,per_chunk,1,1
9607,23417,27417,16,0,0,layered_block,circular,per_chunk,1,1
9608,22875,26834,16,0,0,layered_block,circular,per_chunk,1,1
9609,23542,27459,16,0,0,layered_block,circular,per_chunk,1,1
9610,24333,28167,16,0,0,layered_block,circular,per_chunk,1,1
9611,30542,34500,16,0,0,layered_block,circular,per_chunk,1,1
9612,23167,26959,16,0,0,layered_block,circular,per_chunk,1,1
9613,23750,27709,16,0,0,layered_block,circular,per_chunk,1,1
9614,22875,26708,16,0,0,layered_block,circular,per_chunk,1,1
9615,22833,26709,16,0,0,layered_block,circular,per_chunk,1,1
9616,24375,28250,16,0,0,layered_block,circular,per_chunk,1,1
9617,23125,27000,16,0,0,layered_block,circular,per_chunk,1,1
9618,23250,27166,16,0,0,layered_block,circular,per_chunk,1,1
9619,24083,28375,16,0,0,layered_block,circular,per_chunk,1,1
9620,22791,26625,16,0,0,layered_block,circular,per_chunk,1,1
9621,24959,28833,16,0,0,layered_block,circular,per_chunk,1,1
9622,30958,34958,16,0,0,layered_block,circular,per_chunk,1,1
9623,23084,26916,16,0,0,layered_block,circular,per_chunk,1,1
9624,23083,27000,16,0,0,layered_block,circular,per_chunk,1,1
9625,30292,34291,16,0,0,layered_block,circular,per_chunk,1,1
9626,23083,26958,16,0,0,layered_block,circular,per_chunk,1,1
9627,23625,27625,16,0,0,layered_block,circular,per_chunk,1,1
9628,23541,27458,16,0,0,layered_block,circular,per_chunk,1,1
9629,23042,26875,16,0,0,layered_block,circular,per_chunk,1,1
9630,23042,26916,16,0,0,layered_block,circular,per_chunk,1,1
9631,22833,26709,16,0,0,layered_block,circular,per_chunk,1,1
9632,22834,26666,16,0,0,layered_block,circular,per_chunk,1,1
9633,22875,27459,16,0,0,layered_block,circular,per_chunk,1,1
9634,22750,26625,16,0,0,layered_block,circular,per_chunk,1,1
9635,23083,27000,16,0,0,layered_block,circular,per_chunk,1,1
9636,25417,29292,16,0,0,layered_block,circular,per_chunk,1,1
9637,22958,26875,16,0,0,layered_block,circular,per_chunk,1,1
9638,22917,26750,16,0,0,layered_block,circular,per_chunk,1,1
9639,23041,27541,16,0,0,layered_block,circular,per_chunk,1,1
9640,23042,26958,16,0,0,layered_block,circular,per_chunk,1,1
9641,23334,27167,16,0,0,layered_block,circular,per_chunk,1,1
9642,30042,33916,16,0,0,layered_block,circular,per_chunk,1,1
9643,23125,26917,16,0,0,layered_block,circular,per_chunk,1,1
9644,22667,26542,16,0,0,layered_block,circular,per_chunk,1,1
9645,23542,27458,16,0,0,layered_block,circular,per_chunk,1,1
9646,23208,27125,16,0,0,layered_block,circular,per_chunk,1,1
9647,23250,27250,16,0,0,layered_block,circular,per_chunk,1,1
9648,23625,33875,16,0,0,layered_block,circular,per_chunk,1,1
9649,22959,26791,16,0,0,layered_block,circular,per_chunk,1,1
9650,22833,26708,16,0,0,layered_block,circular,per_chunk,1,1
9651,30292,34208,16,0,0,layered_block,circular,per_chunk,1,1
9652,23542,27375,16,0,0,layered_block,circular,per_chunk,1,1
9653,23042,26958,16,0,0,layered_block,circular,per_chunk,1,1
9654,22792,26666,16,0,0,layered_block,circular,per_chunk,1,1
9655,22833,26709,16,0,0,layered_block,circular,per_chunk,1,1
9656,24292,28458,16,0,0,layered_block,circular,per_chunk,1,1
9657,23125,27000,16,0,0,layered_block,circular,per_chunk,1,1
9658,23042,26916,16,0,0,layered_block,circular,per_chunk,1,1
9659,23291,27250,16,0,0,layered_block,circular,per_chunk,1,1
9660,22917,26750,16,0,0,layered_block,circular,per_chunk,1,1
9661,22875,26750,16,0,0,layered_block,circular,per_chunk,1,1
9662,22833,26708,16,0,0,layered_block,circular,per_chunk,1,1
9663,22917,27042,16,0,0,layered_block,circular,per_chunk,1,1
9664,23042,26959,16,0,0,layered_block,circular,per_chunk,1,1
9665,23000,26917,16,0,0,layered_block,circular,per_chunk,1,1
9666,23167,27000,16,0,0,layered_block,circular,per_chunk,1,1
9667,23208,27125,16,0,0,layered_block,circular,per_chunk,1,1
9668,22750,26708,16,0,0,layered_block,circular,per_chunk,1,1
9669,23000,26917,16,0,0,layered_block,circular,per_chunk,1,1
9670,23458,27208,16,0,0,layered_block,circular,per_chunk,1,1
9671,22667,26584,16,0,0,layered_block,circular,per_chunk,1,1
9672,23125,27000,16,0,0,layered_block,circular,per_chunk,1,1
9673,31917,35875,16,0,0,layered_block,circular,per_chunk,1,1
9674,22875,26709,16,0,0,layered_block,circular,per_chunk,1,1
9675,22792,27042,16,0,0,layered_block,circular,per_chunk,1,1
9676,22875,26791,16,0,0,layered_block,circular,per_chunk,1,1
9677,22917,26750,16,0,0,layered_block,circular,per_chunk,1,1
9678,23166,27083,16,0,0,layered_block,circular,per_chunk,1,1
9679,23291,27167,16,0,0,layered_block,circular,per_chunk,1,1
9680,22833,26708,16,0,0,layered_block,circular,per_chunk,1,1
9681,23292,27542,16,0,0,layered_block,circular,per_chunk,1,1
9682,22833,26708,16,0,0,layered_block,circular,per_chunk,1,1
9683,24291,28208,16,0,0,layered_block,circular,per_chunk,1,1
9684,23250,27208,16,0,0,layered_block,circular,per_chunk,1,1
9685,23125,27042,16,0,0,layered_block,circular,per_chunk,1,1
9686,22917,26791,16,0,0,layered_block,circular,per_chunk,1,1
9687,22791,26708,16,0,0,layered_block,circular,per_chunk,1,1
9688,23125,27000,16,0,0,layered_block,circular,per_chunk,1,1
9689,23500,27375,16,0,0,layered_block,circular,per_chunk,1,1
9690,23709,27583,16,0,0,layered_block,circular,per_chunk,1,1
9691,22875,26708,16,0,0,layered_block,circular,per_chunk,1,1
9692,23333,27250,16,0,0,layered_block,circular,per_chunk,1,1
9693,23125,27041,16,0,0,layered_block,circular,per_chunk,1,1
9694,23042,26916,16,0,0,layered_block,circular,per_chunk,1,1
9695,30750,34791,16,0,0,layered_block,circular,per_chunk,1,1
9696,23083,26917,16,0,0,layered_block,circular,per_chunk,1,1
9697,23250,27125,16,0,0,layered_block,circular,per_chunk,1,1
9698,30250,34209,16,0,0,layered_block,circular,per_chunk,1,1
9699,23083,26875,16,0,0,layered_block,circular,per_chunk,1,1
9700,23750,27666,16,0,0,layered_block,circular,per_chunk,1,1
9701,23042,26958,16,0,0,layered_block,circular,per_chunk,1,1
9702,23166,27000,16,0,0,layered_block,circular,per_chunk,1,1
9703,23291,85125,16,0,0,layered_block,circular,per_chunk,1,1
9704,23584,27458,16,0,0,layered_block,circular,per_chunk,1,1
9705,23000,26875,16,0,0,layered_block,circular,per_chunk,1,1
9706,23041,27625,16,0,0,layered_block,circular,per_chunk,1,1
9707,22875,26750,16,0,0,layered_block,circular,per_chunk,1,1
9708,23250,27166,16,0,0,layered_block,circular,per_chunk,1,1
9709,29333,33542,16,0,0,layered_block,circular,per_chunk,1,1
9710,22875,26667,16,0,0,layered_block,circular,per_chunk,1,1
9711,23041,26958,16,0,0,layered_block,circular,per_chunk,1,1
9712,30000,34000,16,0,0,layered_block,circular,per_chunk,1,1
9713,22917,26750,16,0,0,layered_block,circular,per_chunk,1,1
9714,22917,27167,16,0,0,layered_block,circular,per_chunk,1,1
9715,23250,27125,16,0,0,layered_block,circular,per_chunk,1,1
9716,23250,27125,16,0,0,layered_block,circular,per_chunk,1,1
9717,23167,26958,16,0,0,layered_block,circular,per_chunk,1,1
9718,22833,26750,16,0,0,layered_block,circular,per_chunk,1,1
9719,23250,27083,16,0,0,layered_block,circular,per_chunk,1,1
9720,23459,27375,16,0,0,layered_block,circular,per_chunk,1,1
9721,22750,26583,16,0,0,layered_block,circular,per_chunk,1,1
9722,23333,27208,16,0,0,layered_block,circular,per_chunk,1,1
9723,23417,33042,16,0,0,layered_block,circular,per_chunk,1,1
9724,23250,27167,16,0,0,layered_block,circular,per_chunk,1,1
9725,23000,26875,16,0,0,layered_block,circular,per_chunk,1,1
9726,22916,27334,16,0,0,layered_block,circular,per_chunk,1,1
9727,22750,26625,16,0,0,layered_block,circular,per_chunk,1,1
9728,23500,27291,16,0,0,layered_block,circular,per_chunk,1,1
9729,22833,26709,16,0,0,layered_block,circular,per_chunk,1,1
9730,23584,27375,16,0,0,layered_block,circular,per_chunk,1,1
9731,22791,26583,16,0,0,layered_block,circular,per_chunk,1,1
9732,31459,35458,16,0,0,layered_block,circular,per_chunk,1,1
9733,23000,26792,16,0,0,layered_block,circular,per_chunk,1,1
9734,23167,27041,16,0,0,layered_block,circular,per_chunk,1,1
9735,22791,26667,16,0,0,layered_block,circular,per_chunk,1,1
9736,23291,27167,16,0,0,layered_block,circular,per_chunk,1,1
9737,23459,27375,16,0,0,layered_block,circular,per_chunk,1,1
9738,22792,26708,16,0,0,layered_block,circular,per_chunk,1,1
9739,22917,26791,16,0,0,layered_block,circular,per_chunk,1,1
9740,23833,27750,16,0,0,layered_block,circular,per_chunk,1,1
9741,22833,26667,16,0,0,layered_block,circular,per_chunk,1,1
9742,22667,26500,16,0,0,layered_block,circular,per_chunk,1,1
9743,22792,26708,16,0,0,layered_block,circular,per_chunk,1,1
9744,23292,27125,16,0,0,layered_block,circular,per_chunk,1,1
9745,23417,27292,16,0,0,layered_block,circular,per_chunk,1,1
9746,23791,27625,16,0,0,layered_block,circular,per_chunk,1,1
9747,23167,26959,16,0,0,layered_block,circular,per_chunk,1,1
9748,23125,27042,16,0,0,layered_block,circular,per_chunk,1,1
9749,22834,26709,16,0,0,layered_block,circular,per_chunk,1,1
9750,24833,29000,16,0,0,layered_block,circular,per_chunk,1,1
9751,24166,28041,16,0,0,layered_block,circular,per_chunk,1,1
9752,22750,26625,16,0,0,layered_block,circular,per_chunk,1,1
9753,23042,26917,16,0,0,layered_block,circular,per_chunk,1,1
9754,23666,27541,16,0,0,layered_block,circular,per_chunk,1,1
9755,23042,26958,16,0,0,layered_block,circular,per_chunk,1,1
9756,22584,26416,16,0,0,layered_block,circular,per_chunk,1,1
9757,23667,27500,16,0,0,layered_block,circular,per_chunk,1,1
9758,22875,26666,16,0,0,layered_block,circular,per_chunk,1,1
9759,22708,26542,16,0,0,layered_block,circular,per_chunk,1,1
9760,22750,26667,16,0,0,layered_block,circular,per_chunk,1,1
9761,22875,26666,16,0,0,layered_block,circular,per_chunk,1,1
9762,23834,27792,16,0,0,layered_block,circular,per_chunk,1,1
9763,22875,26750,16,0,0,layered_block,circular,per_chunk,1,1
9764,23459,27333,16,0,0,layered_block,circular,per_chunk,1,1
9765,22959,26791,16,0,0,layered_block,circular,per_chunk,1,1
9766,23000,26916,16,0,0,layered_block,circular,per_chunk,1,1
9767,23083,26875,16,0,0,layered_block,circular,per_chunk,1,1
9768,23125,27041,16,0,0,layered_block,circular,per_chunk,1,1
9769,22750,26583,16,0,0,layered_block,circular,per_chunk,1,1
9770,80166,84250,16,0,0,layered_block,circular,per_chunk,1,1
9771,23500,27459,16,0,0,layered_block,circular,per_chunk,1,1
9772,22750,26584,16,0,0,layered_block,circular,per_chunk,1,1
9773,22833,26709,16,0,0,layered_block,circular,per_chunk,1,1
9774,30917,34792,16,0,0,layered_block,circular,per_chunk,1,1
9775,23042,26833,16,0,0,layered_block,circular,per_chunk,1,1
9776,23917,27833,16,0,0,layered_block,circular,per_chunk,1,1
9777,31208,35375,16,0,0,layered_block,circular,per_chunk,1,1
9778,23041,26875,16,0,0,layered_block,circular,per_chunk,1,1
9779,22791,26625,16,0,0,layered_block,circular,per_chunk,1,1
9780,23167,27084,16,0,0,layered_block,circular,per_chunk,1,1
9781,23292,27083,16,0,0,layered_block,circular,per_chunk,1,1
9782,23125,27042,16,0,0,layered_block,circular,per_chunk,1,1
9783,23208,27000,16,0,0,layered_block,circular,per_chunk,1,1
9784,22708,26583,16,0,0,layered_block,circular,per_chunk,1,1
9785,23000,26875,16,0,0,layered_block,circular,per_chunk,1,1
9786,23625,27625,16,0,0,layered_block,circular,per_chunk,1,1
9787,23458,27333,16,0,0,layered_block,circular,per_chunk,1,1
9788,22708,26584,16,0,0,layered_block,circular,per_chunk,1,1
9789,22834,26708,16,0,0,layered_block,circular,per_chunk,1,1
9790,24167,28291,16,0,0,layered_block,circular,per_chunk,1,1
9791,23584,27584,16,0,0,layered_block,circular,per_chunk,1,1
9792,29042,33208,16,0,0,layered_block,circular,per_chunk,1,1
9793,22834,26625,16,0,0,layered_block,circular,per_chunk,1,1
9794,23375,27333,16,0,0,layered_block,circular,per_chunk,1,1
9795,22917,26834,16,0,0,layered_block,circular,per_chunk,1,1
9796,23250,27083,16,0,0,layered_block,circular,per_chunk,1,1
9797,23500,27416,16,0,0,layered_block,circular,per_chunk,1,1
9798,22708,26500,16,0,0,layered_block,circular,per_chunk,1,1
9799,22875,26667,16,0,0,layered_block,circular,per_chunk,1,1
9800,30042,33958,16,0,0,layered_block,circular,per_chunk,1,1
9801,23125,26916,16,0,0,layered_block,circular,per_chunk,1,1
9802,23208,27125,16,0,0,layered_block,circular,per_chunk,1,1
9803,23084,26916,16,0,0,layered_block,circular,per_chunk,1,1
9804,23250,27084,16,0,0,layered_block,circular,per_chunk,1,1
9805,22875,26666,16,0,0,layered_block,circular,per_chunk,1,1
9806,23042,26875,16,0,0,layered_block,circular,per_chunk,1,1
9807,23000,26875,16,0,0,layered_block,circular,per_chunk,1,1
9808,23000,27416,16,0,0,layered_block,circular,per_chunk,1,1
9809,22833,26667,16,0,0,layered_block,circular,per_chunk,1,1
9810,23083,26875,16,0,0,layered_block,circular,per_chunk,1,1
9811,23416,27416,16,0,0,layered_block,circular,per_chunk,1,1
9812,23333,27125,16,0,0,layered_block,circular,per_chunk,1,1
9813,22958,26750,16,0,0,layered_block,circular,per_chunk,1,1
9814,23000,26917,16,0,0,layered_block,circular,per_chunk,1,1
9815,22792,26584,16,0,0,layered_block,circular,per_chunk,1,1
9816,23416,27292,16,0,0,layered_block,circular,per_chunk,1,1
9817,23916,27791,16,0,0,layered_block,circular,per_chunk,1,1
9818,22833,26583,16,0,0,layered_block,circular,per_chunk,1,1
9819,23125,27125,16,0,0,layered_block,circular,per_chunk,1,1
9820,23792,27625,16,0,0,layered_block,circular,per_chunk,1,1
9821,23250,27125,16,0,0,layered_block,circular,per_chunk,1,1
9822,23084,27334,16,0,0,layered_block,circular,per_chunk,1,1
9823,22958,26791,16,0,0,layered_block,circular,per_chunk,1,1
9824,23292,27125,16,0,0,layered_block,circular,per_chunk,1,1
9825,23500,27333,16,0,0,layered_block,circular,per_chunk,1,1
9826,23500,27333,16,0,0,layered_block,circular,per_chunk,1,1
9827,23417,27250,16,0,0,layered_block,circular,per_chunk,1,1
9828,23167,27000,16,0,0,layered_block,circular,per_chunk,1,1
9829,22875,26666,16,0,0,layered_block,circular,per_chunk,1,1
9830,23208,27166,16,0,0,layered_block,circular,per_chunk,1,1
9831,31292,35167,16,0,0,layered_block,circular,per_chunk,1,1
9832,22833,26625,16,0,0,layered_block,circular,per_chunk,1,1
9833,23417,27625,16,0,0,layered_block,circular,per_chunk,1,1
9834,23083,27000,16,0,0,layered_block,circular,per_chunk,1,1
9835,22792,26583,16,0,0,layered_block,circular,per_chunk,1,1
9836,23084,27041,16,0,0,layered_block,circular,per_chunk,1,1
9837,24084,28292,16,0,0,layered_block,circular,per_chunk,1,1
9838,23000,26792,16,0,0,layered_block,circular,per_chunk,1,1
9839,23292,27500,16,0,0,layered_block,circular,per_chunk,1,1
9840,22750,26584,16,0,0,layered_block,circular,per_chunk,1,1
9841,22916,26875,16,0,0,layered_block,circular,per_chunk,1,1
9842,33083,37042,16,0,0,layered_block,circular,per_chunk,1,1
9843,23458,27208,16,0,0,layered_block,circular,per_chunk,1,1
9844,22917,26833,16,0,0,layered_block,circular,per_chunk,1,1
9845,23416,27292,16,0,0,layered_block,circular,per_chunk,1,1
9846,23042,26833,16,0,0,layered_block,circular,per_chunk,1,1
9847,23541,27458,16,0,0,layered_block,circular,per_chunk,1,1
9848,30250,34125,16,0,0,layered_block,circular,per_chunk,1,1
9849,22875,26667,16,0,0,layered_block,circular,per_chunk,1,1
9850,23125,27583,16,0,0,layered_block,circular,per_chunk,1,1
9851,31000,34958,16,0,0,layered_block,circular,per_chunk,1,1
9852,23125,26917,16,0,0,layered_block,circular,per_chunk,1,1
9853,22958,26875,16,0,0,layered_block,circular,per_chunk,1,1
9854,23083,26958,16,0,0,layered_block,circular,per_chunk,1,1
9855,23041,27000,16,0,0,layered_block,circular,per_chunk,1,1
9856,23666,27500,16,0,0,layered_block,circular,per_chunk,1,1
9857,84750,89125,16,0,0,layered_block,circular,per_chunk,1,1
9858,22833,26750,16,0,0,layered_block,circular,per_chunk,1,1
9859,23667,27625,16,0,0,layered_block,circular,per_chunk,1,1
9860,22750,26625,16,0,0,layered_block,circular,per_chunk,1,1
9861,22875,26667,16,0,0,layered_block,circular,per_chunk,1,1
9862,31709,35708,16,0,0,layered_block,circular,per_chunk,1,1
9863,22959,26792,16,0,0,layered_block,circular,per_chunk,1,1
9864,23209,27000,16,0,0,layered_block,circular,per_chunk,1,1
9865,23500,27750,16,0,0,layered_block,circular,per_chunk,1,1
9866,22834,26667,16,0,0,layered_block,circular,per_chunk,1,1
9867,22750,26583,16,0,0,layered_block,circular,per_chunk,1,1
9868,22792,26625,16,0,0,layered_block,circular,per_chunk,1,1
9869,22833,26667,16,0,0,layered_block,circular,per_chunk,1,1
9870,22833,26666,16,0,0,layered_block,circular,per_chunk,1,1
9871,23166,27000,16,0,0,layered_block,circular,per_chunk,1,1
9872,22833,26625,16,0,0,layered_block,circular,per_chunk,1,1
9873,23208,27125,16,0,0,layered_block,circular,per_chunk,1,1
9874,22667,26542,16,0,0,layered_block,circular,per_chunk,1,1
9875,22750,26583,16,0,0,layered_block,circular,per_chunk,1,1
9876,23042,26958,16,0,0,layered_block,circular,per_chunk,1,1
9877,22750,26584,16,0,0,layered_block,circular,per_chunk,1,1
9878,23791,27625,16,0,0,layered_block,circular,per_chunk,1,1
9879,31833,35750,16,0,0,layered_block,circular,per_chunk,1,1
9880,22833,26666,16,0,0,layered_block,circular,per_chunk,1,1
9881,23167,27000,16,0,0,layered_block,circular,per_chunk,1,1
9882,23000,26833,16,0,0,layered_block,circular,per_chunk,1,1
9883,23334,27375,16,0,0,layered_block,circular,per_chunk,1,1
9884,24209,28083,16,0,0,layered_block,circular,per_chunk,1,1
9885,23167,27084,16,0,0,layered_block,circular,per_chunk,1,1
9886,23083,26833,16,0,0,layered_block,circular,per_chunk,1,1
9887,22917,26708,16,0,0,layered_block,circular,per_chunk,1,1
9888,22750,26583,16,0,0,layered_block,circular,per_chunk,1,1
9889,22917,26833,16,0,0,layered_block,circular,per_chunk,1,1
9890,23292,27125,16,0,0,layered_block,circular,per_chunk,1,1
9891,23167,27000,16,0,0,layered_block,circular,per_chunk,1,1
9892,22792,26667,16,0,0,layered_block,circular,per_chunk,1,1
9893,23000,33250,16,0,0,layered_block,circular,per_chunk,1,1
9894,23417,27250,16,0,0,layered_block,circular,per_chunk,1,1
9895,23583,27500,16,0,0,layered_block,circular,per_chunk,1,1
9896,23000,26875,16,0,0,layered_block,circular,per_chunk,1,1
9897,22875,26750,16,0,0,layered_block,circular,per_chunk,1,1
9898,23375,27208,16,0,0,layered_block,circular,per_chunk,1,1
9899,23000,26833,16,0,0,layered_block,circular,per_chunk,1,1
9900,22708,26541,16,0,0,layered_block,circular,per_chunk,1,1
9901,23209,27125,16,0,0,layered_block,circular,per_chunk,1,1
9902,23292,27083,16,0,0,layered_block,circular,per_chunk,1,1
9903,22792,26667,16,0,0,layered_block,circular,per_chunk,1,1
9904,24792,28667,16,0,0,layered_block,circular,per_chunk,1,1
9905,22833,26708,16,0,0,layered_block,circular,per_chunk,1,1
9906,22792,26625,16,0,0,layered_block,circular,per_chunk,1,1
9907,23291,27125,16,0,0,layered_block,circular,per_chunk,1,1
9908,22625,26458,16,0,0,layered_block,circular,per_chunk,1,1
9909,23125,27083,16,0,0,layered_block,circular,per_chunk,1,1
9910,22875,26750,16,0,0,layered_block,circular,per_chunk,1,1
9911,23459,27250,16,0,0,layered_block,circular,per_chunk,1,1
9912,23292,27167,16,0,0,layered_block,circular,per_chunk,1,1
9913,22833,26750,16,0,0,layered_block,circular,per_chunk,1,1
9914,22792,26625,16,0,0,layered_block,circular,per_chunk,1,1
9915,23209,27209,16,0,0,layered_block,circular,per_chunk,1,1
9916,23208,27084,16,0,0,layered_block,circular,per_chunk,1,1
9917,23667,27500,16,0,0,layered_block,circular,per_chunk,1,1
9918,23750,27750,16,0,0,layered_block,circular,per_chunk,1,1
9919,23125,27083,16,0,0,layered_block,circular,per_chunk,1,1
9920,22917,26792,16,0,0,layered_block,circular,per_chunk,1,1
9921,28750,32709,16,0,0,layered_block,circular,per_chunk,1,1
9922,23333,27292,16,0,0,layered_block,circular,per_chunk,1,1
9923,23375,27292,16,0,0,layered_block,circular,per_chunk,1,1
9924,23083,26875,16,0,0,layered_block,circular,per_chunk,1,1
9925,23584,27334,16,0,0,layered_block,circular,per_chunk,1,1
9926,23250,27167,16,0,0,layered_block,circular,per_chunk,1,1
9927,23041,26875,16,0,0,layered_block,circular,per_chunk,1,1
9928,23125,27000,16,0,0,layered_block,circular,per_chunk,1,1
9929,23542,27417,16,0,0,layered_block,circular,per_chunk,1,1
9930,22917,26750,16,0,0,layered_block,circular,per_chunk,1,1
9931,23375,27125,16,0,0,layered_block,circular,per_chunk,1,1
9932,23000,26875,16,0,0,layered_block,circular,per_chunk,1,1
9933,23041,26916,16,0,0,layered_block,circular,per_chunk,1,1
9934,22916,26750,16,0,0,layered_block,circular,per_chunk,1,1
9935,23958,27792,16,0,0,layered_block,circular,per_chunk,1,1
9936,22833,26667,16,0,0,layered_block,circular,per_chunk,1,1
9937,22583,26459,16,0,0,layered_block,circular,per_chunk,1,1
9938,23292,27708,16,0,0,layered_block,circular,per_chunk,1,1
9939,22875,26750,16,0,0,layered_block,circular,per_chunk,1,1
9940,23167,26917,16,0,0,layered_block,circular,per_chunk,1,1
9941,23125,26959,16,0,0,layered_block,circular,per_chunk,1,1
9942,22833,26583,16,0,0,layered_block,circular,per_chunk,1,1
9943,23125,26958,16,0,0,layered_block,circular,per_chunk,1,1
9944,23042,26875,16,0,0,layered_block,circular,per_chunk,1,1
9945,23125,26959,16,0,0,layered_block,circular,per_chunk,1,1
9946,23542,27458,16,0,0,layered_block,circular,per_chunk,1,1
9947,23000,26792,16,0,0,layered_block,circular,per_chunk,1,1
9948,22791,26667,16,0,0,layered_block,circular,per_chunk,1,1
9949,23416,27333,16,0,0,layered_block,circular,per_chunk,1,1
9950,22791,26625,16,0,0,layered_block,circular,per_chunk,1,1
9951,24125,27958,16,0,0,layered_block,circular,per_chunk,1,1
9952,24250,28250,16,0,0,layered_block,circular,per_chunk,1,1
9953,23500,27292,16,0,0,layered_block,circular,per_chunk,1,1
9954,22875,26708,16,0,0,layered_block,circular,per_chunk,1,1
9955,30541,34500,16,0,0,layered_block,circular,per_chunk,1,1
9956,23166,26916,16,0,0,layered_block,circular,per_chunk,1,1
9957,23792,27625,16,0,0,layered_block,circular,per_chunk,1,1
9958,30667,34625,16,0,0,layered_block,circular,per_chunk,1,1
9959,22833,26708,16,0,0,layered_block,circular,per_chunk,1,1
9960,23042,26917,16,0,0,layered_block,circular,per_chunk,1,1
9961,23458,27334,16,0,0,layered_block,circular,per_chunk,1,1
9962,22708,26500,16,0,0,layered_block,circular,per_chunk,1,1
9963,24292,28708,16,0,0,layered_block,circular,per_chunk,1,1
9964,22958,26875,16,0,0,layered_block,circular,per_chunk,1,1
9965,23042,26875,16,0,0,layered_block,circular,per_chunk,1,1
9966,23584,27584,16,0,0,layered_block,circular,per_chunk,1,1
9967,22959,26792,16,0,0,layered_block,circular,per_chunk,1,1
9968,23666,27458,16,0,0,layered_block,circular,per_chunk,1,1
9969,30375,34250,16,0,0,layered_block,circular,per_chunk,1,1
9970,23000,26833,16,0,0,layered_block,circular,per_chunk,1,1
9971,25834,29708,16,0,0,layered_block,circular,per_chunk,1,1
9972,23458,27375,16,0,0,layered_block,circular,per_chunk,1,1
9973,22708,26541,16,0,0,layered_block,circular,per_chunk,1,1
9974,22792,26625,16,0,0,layered_block,circular,per_chunk,1,1
9975,22875,26708,16,0,0,layered_block,circular,per_chunk,1,1
9976,23042,26833,16,0,0,layered_block,circular,per_chunk,1,1
9977,23417,27917,16,0,0,layered_block,circular,per_chunk,1,1
9978,31125,35083,16,0,0,layered_block,circular,per_chunk,1,1
9979,23375,27125,16,0,0,layered_block,circular,per_chunk,1,1
9980,23417,27250,16,0,0,layered_block,circular,per_chunk,1,1
9981,31000,34958,16,0,0,layered_block,circular,per_chunk,1,1
9982,22792,26542,16,0,0,layered_block,circular,per_chunk,1,1
9983,22958,27042,16,0,0,layered_block,circular,per_chunk,1,1
9984,23000,26875,16,0,0,layered_block,circular,per_chunk,1,1
9985,23875,27625,16,0,0,layered_block,circular,per_chunk,1,1
9986,22834,26708,16,0,0,layered_block,circular,per_chunk,1,1
9987,30375,34375,16,0,0,layered_block,circular,per_chunk,1,1
9988,22833,26625,16,0,0,layered_block,circular,per_chunk,1,1
9989,23458,27750,16,0,0,layered_block,circular,per_chunk,1,1
9990,22750,26666,16,0,0,layered_block,circular,per_chunk,1,1
9991,25042,28834,16,0,0,layered_block,circular,per_chunk,1,1
9992,22834,26666,16,0,0,layered_block,circular,per_chunk,1,1
9993,22750,26625,16,0,0,layered_block,circular,per_chunk,1,1
9994,22750,26625,16,0,0,layered_block,circular,per_chunk,1,1
9995,23625,27667,16,0,0,layered_block,circular,per_chunk,1,1
9996,23000,26875,16,0,0,layered_block,circular,per_chunk,1,1
9997,22708,26625,16,0,0,layered_block,circular,per_chunk,1,1
9998,23125,27458,16,0,0,layered_block,circular,per_chunk,1,1
9999,22792,26625,16,0,0,layered_block,circular,per_chunk,1,1
10000,23083,27000,16,0,0,layered_block,circular,per_chunk,1,1
10001,22875,26750,16,0,0,layered_block,circular,per_chunk,1,1
10002,22792,26625,16,0,0,layered_block,circular,per_chunk,1,1
10003,23291,27208,16,0,0,layered_block,circular,per_chunk,1,1
10004,23042,26875,16,0,0,layered_block,circular,per_chunk,1,1
10005,23167,27000,16,0,0,layered_block,circular,per_chunk,1,1
10006,23250,27334,16,0,0,layered_block,circular,per_chunk,1,1
10007,23209,27166,16,0,0,layered_block,circular,per_chunk,1,1
10008,22833,26750,16,0,0,layered_block,circular,per_chunk,1,1
10009,30625,34542,16,0,0,layered_block,circular,per_chunk,1,1
10010,22875,26667,16,0,0,layered_block,circular,per_chunk,1,1
10011,78541,84083,16,0,0,layered_block,circular,per_chunk,1,1
10012,23583,27458,16,0,0,layered_block,circular,per_chunk,1,1
10013,23250,27125,16,0,0,layered_block,circular,per_chunk,1,1
10014,22791,26625,16,0,0,layered_block,circular,per_chunk,1,1
10015,23000,26875,16,0,0,layered_block,circular,per_chunk,1,1
10016,22833,26667,16,0,0,layered_block,circular,per_chunk,1,1
10017,23208,27666,16,0,0,layered_block,circular,per_chunk,1,1
10018,22833,26667,16,0,0,layered_block,circular,per_chunk,1,1
10019,23042,26833,16,0,0,layered_block,circular,per_chunk,1,1
10020,23375,27375,16,0,0,layered_block,circular,per_chunk,1,1
10021,23000,26875,16,0,0,layered_block,circular,per_chunk,1,1
10022,22709,26541,16,0,0,layered_block,circular,per_chunk,1,1
10023,22792,26625,16,0,0,layered_block,circular,per_chunk,1,1
10024,23125,26917,16,0,0,layered_block,circular,per_chunk,1,1
10025,22875,26792,16,0,0,layered_block,circular,per_chunk,1,1
10026,23042,26917,16,0,0,layered_block,circular,per_chunk,1,1
10027,23250,27083,16,0,0,layered_block,circular,per_chunk,1,1
10028,23334,27167,16,0,0,layered_block,circular,per_chunk,1,1
10029,22834,26666,16,0,0,layered_block,circular,per_chunk,1,1
10030,23042,26792,16,0,0,layered_block,circular,per_chunk,1,1
10031,23250,27125,16,0,0,layered_block,circular,per_chunk,1,1
10032,23083,27000,16,0,0,layered_block,circular,per_chunk,1,1
10033,22958,26750,16,0,0,layered_block,circular,per_chunk,1,1
10034,23375,27292,16,0,0,layered_block,circular,per_chunk,1,1
10035,22958,26750,16,0,0,layered_block,circular,per_chunk,1,1
10036,22959,26875,16,0,0,layered_block,circular,per_chunk,1,1
10037,22917,26792,16,0,0,layered_block,circular,per_chunk,1,1
10038,24083,28000,16,0,0,layered_block,circular,per_chunk,1,1
10039,22750,26625,16,0,0,layered_block,circular,per_chunk,1,1
10040,22667,26541,16,0,0,layered_block,circular,per_chunk,1,1
10041,23625,27458,16,0,0,layered_block,circular,per_chunk,1,1
10042,23708,27625,16,0,0,layered_block,circular,per_chunk,1,1
10043,23042,26875,16,0,0,layered_block,circular,per_chunk,1,1
10044,22917,26708,16,0,0,layered_block,circular,per_chunk,1,1
10045,23875,27667,16,0,0,layered_block,circular,per_chunk,1,1
10046,22833,26708,16,0,0,layered_block,circular,per_chunk,1,1
10047,22917,26917,16,0,0,layered_block,circular,per_chunk,1,1
10048,30084,34041,16,0,0,layered_block,circular,per_chunk,1,1
10049,23750,27583,16,0,0,layered_block,circular,per_chunk,1,1
10050,23875,27792,16,0,0,layered_block,circular,per_chunk,1,1
10051,22875,26709,16,0,0,layered_block,circular,per_chunk,1,1
10052,23542,27334,16,0,0,layered_block,circular,per_chunk,1,1
10053,23625,27542,16,0,0,layered_block,circular,per_chunk,1,1
10054,23208,27083,16,0,0,layered_block,circular,per_chunk,1,1
10055,22875,26667,16,0,0,layered_block,circular,per_chunk,1,1
10056,23125,27042,16,0,0,layered_block,circular,per_chunk,1,1
10057,23000,26917,16,0,0,layered_block,circular,per_chunk,1,1
10058,23375,27250,16,0,0,layered_block,circular,per_chunk,1,1
10059,23458,27333,16,0,0,layered_block,circular,per_chunk,1,1
10060,23083,27000,16,0,0,layered_block,circular,per_chunk,1,1
10061,23167,27125,16,0,0,layered_block,circular,per_chunk,1,1
10062,23917,27792,16,0,0,layered_block,circular,per_chunk,1,1
10063,23000,26792,16,0,0,layered_block,circular,per_chunk,1,1
10064,23458,27417,16,0,0,layered_block,circular,per_chunk,1,1
10065,24833,29250,16,0,0,layered_block,circular,per_chunk,1,1
10066,23000,26833,16,0,0,layered_block,circular,per_chunk,1,1
10067,23708,27583,16,0,0,layered_block,circular,per_chunk,1,1
10068,22917,26792,16,0,0,layered_block,circular,per_chunk,1,1
10069,22834,26708,16,0,0,layered_block,circular,per_chunk,1,1
10070,23000,32875,16,0,0,layered_block,circular,per_chunk,1,1
10071,23458,27292,16,0,0,layered_block,circular,per_chunk,1,1
10072,23375,27125,16,0,0,layered_block,circular,per_chunk,1,1
10073,30750,34709,16,0,0,layered_block,circular,per_chunk,1,1
10074,22916,26750,16,0,0,layered_block,circular,per_chunk,1,1
10075,23583,27500,16,0,0,layered_block,circular,per_chunk,1,1
10076,22875,26750,16,0,0,layered_block,circular,per_chunk,1,1
10077,23000,26833,16,0,0,layered_block,circular,per_chunk,1,1
10078,30416,34375,16,0,0,layered_block,circular,per_chunk,1,1
10079,22709,26625,16,0,0,layered_block,circular,per_chunk,1,1
10080,23208,27125,16,0,0,layered_block,circular,per_chunk,1,1
10081,30583,34542,16,0,0,layered_block,circular,per_chunk,1,1
10082,22792,26542,16,0,0,layered_block,circular,per_chunk,1,1
10083,23459,27625,16,0,0,layered_block,circular,per_chunk,1,1
10084,23083,26916,16,0,0,layered_block,circular,per_chunk,1,1
10085,22791,26583,16,0,0,layered_block,circular,per_chunk,1,1
10086,23167,27000,16,0,0,layered_block,circular,per_chunk,1,1
10087,22750,26583,16,0,0,layered_block,circular,per_chunk,1,1
10088,22792,26583,16,0,0,layered_block,circular,per_chunk,1,1
10089,24000,28209,16,0,0,layered_block,circular,per_chunk,1,1
10090,22792,26667,16,0,0,layered_block,circular,per_chunk,1,1
10091,22916,26750,16,0,0,layered_block,circular,per_chunk,1,1
10092,24542,28375,16,0,0,layered_block,circular,per_chunk,1,1
10093,22750,26667,16,0,0,layered_block,circular,per_chunk,1,1
10094,22833,26625,16,0,0,layered_block,circular,per_chunk,1,1
10095,30292,34250,16,0,0,layered_block,circular,per_chunk,1,1
10096,23208,27000,16,0,0,layered_block,circular,per_chunk,1,1
10097,23167,27167,16,0,0,layered_block,circular,per_chunk,1,1
10098,23167,27041,16,0,0,layered_block,circular,per_chunk,1,1
10099,23750,27625,16,0,0,layered_block,circular,per_chunk,1,1
10100,23416,27333,16,0,0,layered_block,circular,per_chunk,1,1
10101,22833,26667,16,0,0,layered_block,circular,per_chunk,1,1
10102,23000,26833,16,0,0,layered_block,circular,per_chunk,1,1
10103,22750,26625,16,0,0,layered_block,circular,per_chunk,1,1
10104,23041,26833,16,0,0,layered_block,circular,per_chunk,1,1
10105,23292,27250,16,0,0,layered_block,circular,per_chunk,1,1
10106,30875,34833,16,0,0,layered_block,circular,per_chunk,1,1
10107,23208,27000,16,0,0,layered_block,circular,per_chunk,1,1
10108,24125,28042,16,0,0,layered_block,circular,per_chunk,1,1
10109,23209,27084,16,0,0,layered_block,circular,per_chunk,1,1
10110,22708,26542,16,0,0,layered_block,circular,per_chunk,1,1
10111,23458,27250,16,0,0,layered_block,circular,per_chunk,1,1
10112,79333,83625,16,0,0,layered_block,circular,per_chunk,1,1
10113,22834,26666,16,0,0,layered_block,circular,per_chunk,1,1
10114,23500,27958,16,0,0,layered_block,circular,per_chunk,1,1
10115,22625,26500,16,0,0,layered_block,circular,per_chunk,1,1
10116,22959,26791,16,0,0,layered_block,circular,per_chunk,1,1
10117,22750,26666,16,0,0,layered_block,circular,per_chunk,1,1
10118,22875,26667,16,0,0,layered_block,circular,per_chunk,1,1
10119,22667,26542,16,0,0,layered_block,circular,per_chunk,1,1
10120,23042,26875,16,0,0,layered_block,circular,per_chunk,1,1
10121,22833,26625,16,0,0,layered_block,circular,per_chunk,1,1
10122,23042,26958,16,0,0,layered_block,circular,per_chunk,1,1
10123,22916,26833,16,0,0,layered_block,circular,per_chunk,1,1
10124,23000,26792,16,0,0,layered_block,circular,per_chunk,1,1
10125,23084,27542,16,0,0,layered_block,circular,per_chunk,1,1
10126,23250,27042,16,0,0,layered_block,circular,per_chunk,1,1
10127,22917,26750,16,0,0,layered_block,circular,per_chunk,1,1
10128,23208,27208,16,0,0,layered_block,circular,per_chunk,1,1
10129,23333,27166,16,0,0,layered_block,circular,per_chunk,1,1
10130,22916,26792,16,0,0,layered_block,circular,per_chunk,1,1
10131,23000,26875,16,0,0,layered_block,circular,per_chunk,1,1
10132,23000,26792,16,0,0,layered_block,circular,per_chunk,1,1
10133,23500,27250,16,0,0,layered_block,circular,per_chunk,1,1
10134,24375,28375,16,0,0,layered_block,circular,per_chunk,1,1
10135,23875,27750,16,0,0,layered_block,circular,per_chunk,1,1
10136,23125,26958,16,0,0,layered_block,circular,per_chunk,1,1
10137,23417,27250,16,0,0,layered_block,circular,per_chunk,1,1
10138,29334,33125,16,0,0,layered_block,circular,per_chunk,1,1
10139,23125,26875,16,0,0,layered_block,circular,per_chunk,1,1
10140,23125,27250,16,0,0,layered_block,circular,per_chunk,1,1
10141,23084,26916,16,0,0,layered_block,circular,per_chunk,1,1
10142,22709,26584,16,0,0,layered_block,circular,per_chunk,1,1
10143,23208,27000,16,0,0,layered_block,circular,per_chunk,1,1
10144,22709,26542,16,0,0,layered_block,circular,per_chunk,1,1
10145,23083,26916,16,0,0,layered_block,circular,per_chunk,1,1
10146,24000,28041,16,0,0,layered_block,circular,per_chunk,1,1
10147,22792,26625,16,0,0,layered_block,circular,per_chunk,1,1
10148,22625,26458,16,0,0,layered_block,circular,per_chunk,1,1
10149,22750,26625,16,0,0,layered_block,circular,per_chunk,1,1
10150,22750,26583,16,0,0,layered_block,circular,per_chunk,1,1
10151,23000,27292,16,0,0,layered_block,circular,per_chunk,1,1
10152,22667,26500,16,0,0,layered_block,circular,per_chunk,1,1
10153,23000,26834,16,0,0,layered_block,circular,per_chunk,1,1
10154,23417,27750,16,0,0,layered_block,circular,per_chunk,1,1
10155,23166,27000,16,0,0,layered_block,circular,per_chunk,1,1
10156,23041,26875,16,0,0,layered_block,circular,per_chunk,1,1
10157,23583,27458,16,0,0,layered_block,circular,per_chunk,1,1
10158,22792,26625,16,0,0,layered_block,circular,per_chunk,1,1
10159,23042,26792,16,0,0,layered_block,circular,per_chunk,1,1
10160,23875,27958,16,0,0,layered_block,circular,per_chunk,1,1
10161,23000,26833,16,0,0,layered_block,circular,per_chunk,1,1
10162,23125,26958,16,0,0,layered_block,circular,per_chunk,1,1
10163,30875,34833,16,0,0,layered_block,circular,per_chunk,1,1
10164,22792,26584,16,0,0,layered_block,circular,per_chunk,1,1
10165,23583,27500,16,0,0,layered_block,circular,per_chunk,1,1
10166,23417,27292,16,0,0,layered_block,circular,per_chunk,1,1
10167,23250,27042,16,0,0,layered_block,circular,per_chunk,1,1
10168,23709,27666,16,0,0,layered_block,circular,per_chunk,1,1
10169,23417,27291,16,0,0,layered_block,circular,per_chunk,1,1
10170,22750,26583,16,0,0,layered_block,circular,per_chunk,1,1
10171,23417,27417,16,0,0,layered_block,circular,per_chunk,1,1
10172,23625,27416,16,0,0,layered_block,circular,per_chunk,1,1
10173,23458,27375,16,0,0,layered_block,circular,per_chunk,1,1
10174,22792,26584,16,0,0,layered_block,circular,per_chunk,1,1
10175,23208,27167,16,0,0,layered_block,circular,per_chunk,1,1
10176,22708,26583,16,0,0,layered_block,circular,per_chunk,1,1
10177,23500,27375,16,0,0,layered_block,circular,per_chunk,1,1
10178,22917,26750,16,0,0,layered_block,circular,per_chunk,1,1
10179,22791,26541,16,0,0,layered_block,circular,per_chunk,1,1
10180,22750,26584,16,0,0,layered_block,circular,per_chunk,1,1
10181,23208,27042,16,0,0,layered_block,circular,per_chunk,1,1
10182,23417,27250,16,0,0,layered_block,circular,per_chunk,1,1
10183,23541,27417,16,0,0,layered_block,circular,per_chunk,1,1
10184,22708,26541,16,0,0,layered_block,circular,per_chunk,1,1
10185,22959,26792,16,0,0,layered_block,circular,per_chunk,1,1
10186,23625,27625,16,0,0,layered_block,circular,per_chunk,1,1
10187,23208,27125,16,0,0,layered_block,circular,per_chunk,1,1
10188,23000,26834,16,0,0,layered_block,circular,per_chunk,1,1
10189,23083,27000,16,0,0,layered_block,circular,per_chunk,1,1
10190,23000,26875,16,0,0,layered_block,circular,per_chunk,1,1
10191,22833,26667,16,0,0,layered_block,circular,per_chunk,1,1
10192,93375,98000,16,0,0,layered_block,circular,per_chunk,1,1
10193,23000,26875,16,0,0,layered_block,circular,per_chunk,1,1
10194,23209,27083,16,0,0,layered_block,circular,per_chunk,1,1
10195,31000,34958,16,0,0,layered_block,circular,per_chunk,1,1
10196,23084,26834,16,0,0,layered_block,circular,per_chunk,1,1
10197,23292,27166,16,0,0,layered_block,circular,per_chunk,1,1
10198,23417,27250,16,0,0,layered_block,circular,per_chunk,1,1
10199,23125,27083,16,0,0,layered_block,circular,per_chunk,1,1
10200,23250,27041,16,0,0,layered_block,circular,per_chunk,1,1
10201,23000,26833,16,0,0,layered_block,circular,per_chunk,1,1
10202,24375,28167,16,0,0,layered_block,circular,per_chunk,1,1
10203,23541,27416,16,0,0,layered_block,circular,per_chunk,1,1
10204,22959,26833,16,0,0,layered_block,circular,per_chunk,1,1
10205,23083,26875,16,0,0,layered_block,circular,per_chunk,1,1
10206,23042,26833,16,0,0,layered_block,circular,per_chunk,1,1
10207,23458,27375,16,0,0,layered_block,circular,per_chunk,1,1
10208,22959,26791,16,0,0,layered_block,circular,per_chunk,1,1
10209,23083,26875,16,0,0,layered_block,circular,per_chunk,1,1
10210,29917,33834,16,0,0,layered_block,circular,per_chunk,1,1
10211,22917,26667,16,0,0,layered_block,circular,per_chunk,1,1
10212,24375,28375,16,0,0,layered_block,circular,per_chunk,1,1
10213,22916,27334,16,0,0,layered_block,circular,per_chunk,1,1
10214,22750,26667,16,0,0,layered_block,circular,per_chunk,1,1
10215,22667,26542,16,0,0,layered_block,circular,per_chunk,1,1
10216,30917,34833,16,0,0,layered_block,circular,per_chunk,1,1
10217,22958,26792,16,0,0,layered_block,circular,per_chunk,1,1
10218,23375,27208,16,0,0,layered_block,circular,per_chunk,1,1
10219,31542,35458,16,0,0,layered_block,circular,per_chunk,1,1
10220,22833,26583,16,0,0,layered_block,circular,per_chunk,1,1
10221,23542,27458,16,0,0,layered_block,circular,per_chunk,1,1
10222,23125,26958,16,0,0,layered_block,circular,per_chunk,1,1
10223,23250,27125,16,0,0,layered_block,circular,per_chunk,1,1
10224,23167,27000,16,0,0,layered_block,circular,per_chunk,1,1
10225,23125,26958,16,0,0,layered_block,circular,per_chunk,1,1
10226,23000,26833,16,0,0,layered_block,circular,per_chunk,1,1
10227,23542,27334,16,0,0,layered_block,circular,per_chunk,1,1
10228,23958,27875,16,0,0,layered_block,circular,per_chunk,1,1
10229,23583,27375,16,0,0,layered_block,circular,per_chunk,1,1
10230,23167,27167,16,0,0,layered_block,circular,per_chunk,1,1
10231,23416,27333,16,0,0,layered_block,circular,per_chunk,1,1
10232,23667,27500,16,0,0,layered_block,circular,per_chunk,1,1
10233,23208,27042,16,0,0,layered_block,circular,per_chunk,1,1
10234,24167,28083,16,0,0,layered_block,circular,per_chunk,1,1
10235,22750,26667,16,0,0,layered_block,circular,per_chunk,1,1
10236,22875,26750,16,0,0,layered_block,circular,per_chunk,1,1
10237,31625,35583,16,0,0,layered_block,circular,per_chunk,1,1
10238,23083,26917,16,0,0,layered_block,circular,per_chunk,1,1
10239,24000,28000,16,0,0,layered_block,circular,per_chunk,1,1
10240,23541,27333,16,0,0,layered_block,circular,per_chunk,1,1
10241,23458,27291,16,0,0,layered_block,circular,per_chunk,1,1
10242,22791,26541,16,0,0,layered_block,circular,per_chunk,1,1
10243,23125,27125,16,0,0,layered_block,circular,per_chunk,1,1
10244,22917,26750,16,0,0,layered_block,circular,per_chunk,1,1
10245,23583,27459,16,0,0,layered_block,circular,per_chunk,1,1
10246,23208,27083,16,0,0,layered_block,circular,per_chunk,1,1
10247,23542,27417,16,0,0,layered_block,circular,per_chunk,1,1
10248,32083,36042,16,0,0,layered_block,circular,per_chunk,1,1
10249,23042,26833,16,0,0,layered_block,circular,per_chunk,1,1
10250,23125,26959,16,0,0,layered_block,circular,per_chunk,1,1
10251,22958,26833,16,0,0,layered_block,circular,per_chunk,1,1
10252,23292,27125,16,0,0,layered_block,circular,per_chunk,1,1
10253,23542,27334,16,0,0,layered_block,circular,per_chunk,1,1
10254,23833,27750,16,0,0,layered_block,circular,per_chunk,1,1
10255,23292,27125,16,0,0,layered_block,circular,per_chunk,1,1
10256,23000,26833,16,0,0,layered_block,circular,per_chunk,1,1
10257,31167,35084,16,0,0,layered_block,circular,per_chunk,1,1
10258,23334,27167,16,0,0,layered_block,circular,per_chunk,1,1
10259,23250,27125,16,0,0,layered_block,circular,per_chunk,1,1
10260,23042,26917,16,0,0,layered_block,circular,per_chunk,1,1
10261,23375,28000,16,0,0,layered_block,circular,per_chunk,1,1
10262,22875,26750,16,0,0,layered_block,circular,per_chunk,1,1
10263,23667,27542,16,0,0,layered_block,circular,per_chunk,1,1
10264,23167,27042,16,0,0,layered_block,circular,per_chunk,1,1
10265,29875,33750,16,0,0,layered_block,circular,per_chunk,1,1
10266,23334,27084,16,0,0,layered_block,circular,per_chunk,1,1
10267,23167,27083,16,0,0,layered_block,circular,per_chunk,1,1
10268,23000,26917,16,0,0,layered_block,circular,per_chunk,1,1
10269,22958,26750,16,0,0,layered_block,circular,per_chunk,1,1
10270,23166,27125,16,0,0,layered_block,circular,per_chunk,1,1
10271,24042,27959,16,0,0,layered_block,circular,per_chunk,1,1
10272,24375,28208,16,0,0,layered_block,circular,per_chunk,1,1
10273,23125,27542,16,0,0,layered_block,circular,per_chunk,1,1
10274,23250,27125,16,0,0,layered_block,circular,per_chunk,1,1
10275,23042,26958,16,0,0,layered_block,circular,per_chunk,1,1
10276,30667,34625,16,0,0,layered_block,circular,per_chunk,1,1
10277,23667,27541,16,0,0,layered_block,circular,per_chunk,1,1
10278,24333,28167,16,0,0,layered_block,circular,per_chunk,1,1
10279,24292,28292,16,0,0,layered_block,circular,per_chunk,1,1
10280,23750,27667,16,0,0,layered_block,circular,per_chunk,1,1
10281,23334,27167,16,0,0,layered_block,circular,per_chunk,1,1
10282,25125,29167,16,0,0,layered_block,circular,per_chunk,1,1
10283,23125,27000,16,0,0,layered_block,circular,per_chunk,1,1
10284,24583,28750,16,0,0,layered_block,circular,per_chunk,1,1
10285,23584,27500,16,0,0,layered_block,circular,per_chunk,1,1
10286,23708,27500,16,0,0,layered_block,circular,per_chunk,1,1
10287,23000,26875,16,0,0,layered_block,circular,per_chunk,1,1
10288,23500,27417,16,0,0,layered_block,circular,per_chunk,1,1
10289,23000,26834,16,0,0,layered_block,circular,per_chunk,1,1
10290,23417,27250,16,0,0,layered_block,circular,per_chunk,1,1
10291,23083,27708,16,0,0,layered_block,circular,per_chunk,1,1
10292,23417,27292,16,0,0,layered_block,circular,per_chunk,1,1
10293,23750,27584,16,0,0,layered_block,circular,per_chunk,1,1
10294,23542,28000,16,0,0,layered_block,circular,per_chunk,1,1
10295,23208,27083,16,0,0,layered_block,circular,per_chunk,1,1
10296,23750,27667,16,0,0,layered_block,circular,per_chunk,1,1
10297,31750,35792,16,0,0,layered_block,circular,per_chunk,1,1
10298,24083,27959,16,0,0,layered_block,circular,per_chunk,1,1
10299,23500,27334,16,0,0,layered_block,circular,per_chunk,1,1
10300,23125,26917,16,0,0,layered_block,circular,per_chunk,1,1
10301,23791,27666,16,0,0,layered_block,circular,per_chunk,1,1
10302,23917,27708,16,0,0,layered_block,circular,per_chunk,1,1
10303,24708,28542,16,0,0,layered_block,circular,per_chunk,1,1
10304,25083,28917,16,0,0,layered_block,circular,per_chunk,1,1
10305,32125,36000,16,0,0,layered_block,circular,per_chunk,1,1
10306,22875,26625,16,0,0,layered_block,circular,per_chunk,1,1
10307,23375,27416,16,0,0,layered_block,circular,per_chunk,1,1
10308,23750,27958,16,0,0,layered_block,circular,per_chunk,1,1
10309,23083,26958,16,0,0,layered_block,circular,per_chunk,1,1
10310,117709,121875,16,0,0,layered_block,circular,per_chunk,1,1
10311,23500,27292,16,0,0,layered_block,circular,per_chunk,1,1
10312,23417,27292,16,0,0,layered_block,circular,per_chunk,1,1
10313,23959,27833,16,0,0,layered_block,circular,per_chunk,1,1
10314,24167,28042,16,0,0,layered_block,circular,per_chunk,1,1
10315,22750,26541,16,0,0,layered_block,circular,per_chunk,1,1
10316,24167,28084,16,0,0,layered_block,circular,per_chunk,1,1
10317,23833,27666,16,0,0,layered_block,circular,per_chunk,1,1
10318,23000,26917,16,0,0,layered_block,circular,per_chunk,1,1
10319,23833,27667,16,0,0,layered_block,circular,per_chunk,1,1
10320,23208,27041,16,0,0,layered_block,circular,per_chunk,1,1
10321,23125,26958,16,0,0,layered_block,circular,per_chunk,1,1
10322,23167,27083,16,0,0,layered_block,circular,per_chunk,1,1
10323,23250,27083,16,0,0,layered_block,circular,per_chunk,1,1
10324,23000,26834,16,0,0,layered_block,circular,per_chunk,1,1
10325,23625,27458,16,0,0,layered_block,circular,per_chunk,1,1
10326,29500,33459,16,0,0,layered_block,circular,per_chunk,1,1
10327,23083,26958,16,0,0,layered_block,circular,per_chunk,1,1
10328,23750,27625,16,0,0,layered_block,circular,per_chunk,1,1
10329,23667,27500,16,0,0,layered_block,circular,per_chunk,1,1
10330,26000,29833,16,0,0,layered_block,circular,per_chunk,1,1
10331,22834,26667,16,0,0,layered_block,circular,per_chunk,1,1
10332,23625,27542,16,0,0,layered_block,circular,per_chunk,1,1
10333,22709,26542,16,0,0,layered_block,circular,per_chunk,1,1
10334,23666,27500,16,0,0,layered_block,circular,per_chunk,1,1
10335,31416,35375,16,0,0,layered_block,circular,per_chunk,1,1
10336,23042,26958,16,0,0,layered_block,circular,per_chunk,1,1
10337,23875,27708,16,0,0,layered_block,circular,per_chunk,1,1
10338,23917,27833,16,0,0,layered_block,circular,per_chunk,1,1
10339,23209,27084,16,0,0,layered_block,circular,per_chunk,1,1
10340,22666,26500,16,0,0,layered_block,circular,per_chunk,1,1
10341,23208,27083,16,0,0,layered_block,circular,per_chunk,1,1
10342,23291,27167,16,0,0,layered_block,circular,per_chunk,1,1
10343,23041,26917,16,0,0,layered_block,circular,per_chunk,1,1
10344,23250,27083,16,0,0,layered_block,circular,per_chunk,1,1
10345,22750,26542,16,0,0,layered_block,circular,per_chunk,1,1
10346,23417,27250,16,0,0,layered_block,circular,per_chunk,1,1
10347,23417,27333,16,0,0,layered_block,circular,per_chunk,1,1
10348,22917,26792,16,0,0,layered_block,circular,per_chunk,1,1
10349,22792,26625,16,0,0,layered_block,circular,per_chunk,1,1
10350,23334,27500,16,0,0,layered_block,circular,per_chunk,1,1
10351,22792,26708,16,0,0,layered_block,circular,per_chunk,1,1
10352,22791,26625,16,0,0,layered_block,circular,per_chunk,1,1
10353,23417,27417,16,0,0,layered_block,circular,per_chunk,1,1
10354,22666,26500,16,0,0,layered_block,circular,per_chunk,1,1
10355,22791,26625,16,0,0,layered_block,circular,per_chunk,1,1
10356,22750,26625,16,0,0,layered_block,circular,per_chunk,1,1
10357,22917,26833,16,0,0,layered_block,circular,per_chunk,1,1
10358,23000,26792,16,0,0,layered_block,circular,per_chunk,1,1
10359,30583,34500,16,0,0,layered_block,circular,per_chunk,1,1
10360,22750,26542,16,0,0,layered_block,circular,per_chunk,1,1
10361,23042,27500,16,0,0,layered_block,circular,per_chunk,1,1
10362,22708,26584,16,0,0,layered_block,circular,per_chunk,1,1
10363,22792,26625,16,0,0,layered_block,circular,per_chunk,1,1
10364,23542,27917,16,0,0,layered_block,circular,per_chunk,1,1
10365,22709,26542,16,0,0,layered_block,circular,per_chunk,1,1
10366,22917,26709,16,0,0,layered_block,circular,per_chunk,1,1
10367,23041,27125,16,0,0,layered_block,circular,per_chunk,1,1
10368,22958,26875,16,0,0,layered_block,circular,per_chunk,1,1
10369,22917,27250,16,0,0,layered_block,circular,per_chunk,1,1
10370,23792,27958,16,0,0,layered_block,circular,per_chunk,1,1
10371,23417,27334,16,0,0,layered_block,circular,per_chunk,1,1
10372,23667,27500,16,0,0,layered_block,circular,per_chunk,1,1
10373,22709,26583,16,0,0,layered_block,circular,per_chunk,1,1
10374,22625,26459,16,0,0,layered_block,circular,per_chunk,1,1
10375,29042,32958,16,0,0,layered_block,circular,per_chunk,1,1
10376,22709,26541,16,0,0,layered_block,circular,per_chunk,1,1
10377,22875,26708,16,0,0,layered_block,circular,per_chunk,1,1
10378,22750,26667,16,0,0,layered_block,circular,per_chunk,1,1
10379,22667,26500,16,0,0,layered_block,circular,per_chunk,1,1
10380,23125,26958,16,0,0,layered_block,circular,per_chunk,1,1
10381,22666,26500,16,0,0,layered_block,circular,per_chunk,1,1
10382,22709,26500,16,0,0,layered_block,circular,per_chunk,1,1
10383,22750,26667,16,0,0,layered_block,circular,per_chunk,1,1
10384,22792,26542,16,0,0,layered_block,circular,per_chunk,1,1
10385,23042,27375,16,0,0,layered_block,circular,per_chunk,1,1
10386,22625,26458,16,0,0,layered_block,circular,per_chunk,1,1
10387,22667,26500,16,0,0,layered_block,circular,per_chunk,1,1
10388,29334,33250,16,0,0,layered_block,circular,per_chunk,1,1
10389,23458,27250,16,0,0,layered_block,circular,per_chunk,1,1
10390,23541,27458,16,0,0,layered_block,circular,per_chunk,1,1
10391,31083,35042,16,0,0,layered_block,circular,per_chunk,1,1
10392,22959,26750,16,0,0,layered_block,circular,per_chunk,1,1
10393,23084,27000,16,0,0,layered_block,circular,per_chunk,1,1
10394,22958,26833,16,0,0,layered_block,circular,per_chunk,1,1
10395,22916,26750,16,0,0,layered_block,circular,per_chunk,1,1
10396,22875,26666,16,0,0,layered_block,circular,per_chunk,1,1
10397,22666,26541,16,0,0,layered_block,circular,per_chunk,1,1
10398,23166,27125,16,0,0,layered_block,circular,per_chunk,1,1
10399,23042,26916,16,0,0,layered_block,circular,per_chunk,1,1
10400,22708,26500,16,0,0,layered_block,circular,per_chunk,1,1
10401,22708,26625,16,0,0,layered_block,circular,per_chunk,1,1
10402,22875,26666,16,0,0,layered_block,circular,per_chunk,1,1
10403,30167,34125,16,0,0,layered_block,circular,per_chunk,1,1
10404,22875,26708,16,0,0,layered_block,circular,per_chunk,1,1
10405,23167,27292,16,0,0,layered_block,circular,per_chunk,1,1
10406,23375,33125,16,0,0,layered_block,circular,per_chunk,1,1
10407,22959,26750,16,0,0,layered_block,circular,per_chunk,1,1
10408,23458,27417,16,0,0,layered_block,circular,per_chunk,1,1
10409,22791,26667,16,0,0,layered_block,circular,per_chunk,1,1
10410,23000,26917,16,0,0,layered_block,circular,per_chunk,1,1
10411,29833,33625,16,0,0,layered_block,circular,per_chunk,1,1
10412,22875,26833,16,0,0,layered_block,circular,per_chunk,1,1
10413,22958,27208,16,0,0,layered_block,circular,per_chunk,1,1
10414,22916,26792,16,0,0,layered_block,circular,per_chunk,1,1
10415,22834,26708,16,0,0,layered_block,circular,per_chunk,1,1
10416,22792,26708,16,0,0,layered_block,circular,per_chunk,1,1
10417,22792,26666,16,0,0,layered_block,circular,per_chunk,1,1
10418,24083,28000,16,0,0,layered_block,circular,per_chunk,1,1
10419,22792,26667,16,0,0,layered_block,circular,per_chunk,1,1
10420,23000,26917,16,0,0,layered_block,circular,per_chunk,1,1
10421,29875,33875,16,0,0,layered_block,circular,per_chunk,1,1
10422,22833,26709,16,0,0,layered_block,circular,per_chunk,1,1
10423,23417,27292,16,0,0,layered_block,circular,per_chunk,1,1
10424,23167,27041,16,0,0,layered_block,circular,per_chunk,1,1
10425,22834,26666,16,0,0,layered_block,circular,per_chunk,1,1
10426,23750,27792,16,0,0,layered_block,circular,per_chunk,1,1
10427,23333,27250,16,0,0,layered_block,circular,per_chunk,1,1
10428,23125,26959,16,0,0,layered_block,circular,per_chunk,1,1
10429,22834,26666,16,0,0,layered_block,circular,per_chunk,1,1
10430,23000,26875,16,0,0,layered_block,circular,per_chunk,1,1
10431,23333,27167,16,0,0,layered_block,circular,per_chunk,1,1
10432,23000,26875,16,0,0,layered_block,circular,per_chunk,1,1
10433,22917,26750,16,0,0,layered_block,circular,per_chunk,1,1
10434,29542,33458,16,0,0,layered_block,circular,per_chunk,1,1
10435,23500,27375,16,0,0,layered_block,circular,per_chunk,1,1
10436,23583,27500,16,0,0,layered_block,circular,per_chunk,1,1
10437,23375,27292,16,0,0,layered_block,circular,per_chunk,1,1
10438,23250,27292,16,0,0,layered_block,circular,per_chunk,1,1
10439,23708,27792,16,0,0,layered_block,circular,per_chunk,1,1
10440,22917,26792,16,0,0,layered_block,circular,per_chunk,1,1
10441,22750,26667,16,0,0,layered_block,circular,per_chunk,1,1
10442,23667,27750,16,0,0,layered_block,circular,per_chunk,1,1
10443,22792,26667,16,0,0,layered_block,circular,per_chunk,1,1
10444,22875,26750,16,0,0,layered_block,circular,per_chunk,1,1
10445,92375,96708,16,0,0,layered_block,circular,per_chunk,1,1
10446,23167,27041,16,0,0,layered_block,circular,per_chunk,1,1
10447,22750,26667,16,0,0,layered_block,circular,per_chunk,1,1
10448,23250,27167,16,0,0,layered_block,circular,per_chunk,1,1
10449,22791,26667,16,0,0,layered_block,circular,per_chunk,1,1
10450,23042,27625,16,0,0,layered_block,circular,per_chunk,1,1
10451,22875,26750,16,0,0,layered_block,circular,per_chunk,1,1
10452,23250,27166,16,0,0,layered_block,circular,per_chunk,1,1
10453,23334,27334,16,0,0,layered_block,circular,per_chunk,1,1
10454,22958,26875,16,0,0,layered_block,circular,per_chunk,1,1
10455,23042,26917,16,0,0,layered_block,circular,per_chunk,1,1
10456,30584,34541,16,0,0,layered_block,circular,per_chunk,1,1
10457,23042,26833,16,0,0,layered_block,circular,per_chunk,1,1
10458,23375,27417,16,0,0,layered_block,circular,per_chunk,1,1
10459,23000,26917,16,0,0,layered_block,circular,per_chunk,1,1
10460,22875,26667,16,0,0,layered_block,circular,per_chunk,1,1
10461,30000,34000,16,0,0,layered_block,circular,per_chunk,1,1
10462,23375,27166,16,0,0,layered_block,circular,per_chunk,1,1
10463,23125,27042,16,0,0,layered_block,circular,per_chunk,1,1
10464,23750,27625,16,0,0,layered_block,circular,per_chunk,1,1
10465,22958,26875,16,0,0,layered_block,circular,per_chunk,1,1
10466,24625,28542,16,0,0,layered_block,circular,per_chunk,1,1
10467,23375,27250,16,0,0,layered_block,circular,per_chunk,1,1
10468,23208,27084,16,0,0,layered_block,circular,per_chunk,1,1
10469,22958,27292,16,0,0,layered_block,circular,per_chunk,1,1
10470,22750,26667,16,0,0,layered_block,circular,per_chunk,1,1
10471,22750,26666,16,0,0,layered_block,circular,per_chunk,1,1
10472,99958,104292,16,0,0,layered_block,circular,per_chunk,1,1
10473,24667,28625,16,0,0,layered_block,circular,per_chunk,1,1
10474,23084,26916,16,0,0,layered_block,circular,per_chunk,1,1
10475,24542,28584,16,0,0,layered_block,circular,per_chunk,1,1
10476,23083,26917,16,0,0,layered_block,circular,per_chunk,1,1
10477,22750,26667,16,0,0,layered_block,circular,per_chunk,1,1
10478,23250,27250,16,0,0,layered_block,circular,per_chunk,1,1
10479,22958,26750,16,0,0,layered_block,circular,per_chunk,1,1
10480,23083,26958,16,0,0,layered_block,circular,per_chunk,1,1
10481,23125,27000,16,0,0,layered_block,circular,per_chunk,1,1
10482,22875,26792,16,0,0,layered_block,circular,per_chunk,1,1
10483,23333,27167,16,0,0,layered_block,circular,per_chunk,1,1
10484,31625,35625,16,0,0,layered_block,circular,per_chunk,1,1
10485,23292,27125,16,0,0,layered_block,circular,per_chunk,1,1
10486,22792,26709,16,0,0,layered_block,circular,per_chunk,1,1
10487,23250,27334,16,0,0,layered_block,circular,per_chunk,1,1
10488,22750,26708,16,0,0,layered_block,circular,per_chunk,1,1
10489,23250,27167,16,0,0,layered_block,circular,per_chunk,1,1
10490,22750,26667,16,0,0,layered_block,circular,per_chunk,1,1
10491,22875,26792,16,0,0,layered_block,circular,per_chunk,1,1
10492,25250,86333,16,0,0,layered_block,circular,per_chunk,1,1
10493,23667,27542,16,0,0,layered_block,circular,per_chunk,1,1
10494,23333,27250,16,0,0,layered_block,circular,per_chunk,1,1
10495,23375,27459,16,0,0,layered_block,circular,per_chunk,1,1
10496,23291,27208,16,0,0,layered_block,circular,per_chunk,1,1
10497,23417,27292,16,0,0,layered_block,circular,per_chunk,1,1
10498,23125,27125,16,0,0,layered_block,circular,per_chunk,1,1
10499,24042,27833,16,0,0,layered_block,circular,per_chunk,1,1
10500,23041,26958,16,0,0,layered_block,circular,per_chunk,1,1
10501,23709,27750,16,0,0,layered_block,circular,per_chunk,1,1
10502,23166,27042,16,0,0,layered_block,circular,per_chunk,1,1
10503,22709,26625,16,0,0,layered_block,circular,per_chunk,1,1
10504,31875,35875,16,0,0,layered_block,circular,per_chunk,1,1
10505,22875,26708,16,0,0,layered_block,circular,per_chunk,1,1
10506,23875,27750,16,0,0,layered_block,circular,per_chunk,1,1
10507,23292,27208,16,0,0,layered_block,circular,per_chunk,1,1
10508,23000,26917,16,0,0,layered_block,circular,per_chunk,1,1
10509,22917,26834,16,0,0,layered_block,circular,per_chunk,1,1
10510,30500,34458,16,0,0,layered_block,circular,per_chunk,1,1
10511,22708,26542,16,0,0,layered_block,circular,per_chunk,1,1
10512,24375,28333,16,0,0,layered_block,circular,per_chunk,1,1
10513,23875,34666,16,0,0,layered_block,circular,per_chunk,1,1
10514,23000,26875,16,0,0,layered_block,circular,per_chunk,1,1
10515,24041,27917,16,0,0,layered_block,circular,per_chunk,1,1
10516,23292,27250,16,0,0,layered_block,circular,per_chunk,1,1
10517,23083,26917,16,0,0,layered_block,circular,per_chunk,1,1
10518,23625,28125,16,0,0,layered_block,circular,per_chunk,1,1
10519,23709,27625,16,0,0,layered_block,circular,per_chunk,1,1
10520,23625,27500,16,0,0,layered_block,circular,per_chunk,1,1
10521,23959,27875,16,0,0,layered_block,circular,per_chunk,1,1
10522,23791,27708,16,0,0,layered_block,circular,per_chunk,1,1
10523,24417,28292,16,0,0,layered_block,circular,per_chunk,1,1
10524,23292,27167,16,0,0,layered_block,circular,per_chunk,1,1
10525,23541,27375,16,0,0,layered_block,circular,per_chunk,1,1
10526,23375,27250,16,0,0,layered_block,circular,per_chunk,1,1
10527,32208,36125,16,0,0,layered_block,circular,per_chunk,1,1
10528,22917,26750,16,0,0,layered_block,circular,per_chunk,1,1
10529,23250,27209,16,0,0,layered_block,circular,per_chunk,1,1
10530,22875,26792,16,0,0,layered_block,circular,per_chunk,1,1
10531,22833,26667,16,0,0,layered_block,circular,per_chunk,1,1
10532,23292,27209,16,0,0,layered_block,circular,per_chunk,1,1
10533,22958,26875,16,0,0,layered_block,circular,per_chunk,1,1
10534,23041,26916,16,0,0,layered_block,circular,per_chunk,1,1
10535,23167,27083,16,0,0,layered_block,circular,per_chunk,1,1
10536,22834,26667,16,0,0,layered_block,circular,per_chunk,1,1
10537,22875,26708,16,0,0,layered_block,circular,per_chunk,1,1
10538,22875,26750,16,0,0,layered_block,circular,per_chunk,1,1
10539,23792,27625,16,0,0,layered_block,circular,per_chunk,1,1
10540,23750,27667,16,0,0,layered_block,circular,per_chunk,1,1
10541,23292,27250,16,0,0,layered_block,circular,per_chunk,1,1
10542,23375,27291,16,0,0,layered_block,circular,per_chunk,1,1
10543,23459,27333,16,0,0,layered_block,circular,per_chunk,1,1
10544,23209,27166,16,0,0,layered_block,circular,per_chunk,1,1
10545,23000,26875,16,0,0,layered_block,circular,per_chunk,1,1
10546,23125,27375,16,0,0,layered_block,circular,per_chunk,1,1
10547,23208,27084,16,0,0,layered_block,circular,per_chunk,1,1
10548,23125,27000,16,0,0,layered_block,circular,per_chunk,1,1
10549,23875,27625,16,0,0,layered_block,circular,per_chunk,1,1
10550,23041,26875,16,0,0,layered_block,circular,per_chunk,1,1
10551,22917,26791,16,0,0,layered_block,circular,per_chunk,1,1
10552,22792,26666,16,0,0,layered_block,circular,per_chunk,1,1
10553,23334,27291,16,0,0,layered_block,circular,per_chunk,1,1
10554,23250,27042,16,0,0,layered_block,circular,per_chunk,1,1
10555,32583,36500,16,0,0,layered_block,circular,per_chunk,1,1
10556,23084,26916,16,0,0,layered_block,circular,per_chunk,1,1
10557,23708,27792,16,0,0,layered_block,circular,per_chunk,1,1
10558,23167,27041,16,0,0,layered_block,circular,per_chunk,1,1
10559,24542,28458,16,0,0,layered_block,circular,per_chunk,1,1
10560,23167,27042,16,0,0,layered_block,circular,per_chunk,1,1
10561,23084,27000,16,0,0,layered_block,circular,per_chunk,1,1
10562,22666,26583,16,0,0,layered_block,circular,per_chunk,1,1
10563,22959,27333,16,0,0,layered_block,circular,per_chunk,1,1
10564,22917,26750,16,0,0,layered_block,circular,per_chunk,1,1
10565,22875,26667,16,0,0,layered_block,circular,per_chunk,1,1
10566,23416,27292,16,0,0,layered_block,circular,per_chunk,1,1
10567,23167,27042,16,0,0,layered_block,circular,per_chunk,1,1
10568,22667,26583,16,0,0,layered_block,circular,per_chunk,1,1
10569,30584,34500,16,0,0,layered_block,circular,per_chunk,1,1
10570,23000,26917,16,0,0,layered_block,circular,per_chunk,1,1
10571,23084,27000,16,0,0,layered_block,circular,per_chunk,1,1
10572,22833,26750,16,0,0,layered_block,circular,per_chunk,1,1
10573,23292,27167,16,0,0,layered_block,circular,per_chunk,1,1
10574,23000,26917,16,0,0,layered_block,circular,per_chunk,1,1
10575,22916,26833,16,0,0,layered_block,circular,per_chunk,1,1
10576,23041,26917,16,0,0,layered_block,circular,per_chunk,1,1
10577,23167,27083,16,0,0,layered_block,circular,per_chunk,1,1
10578,22958,26833,16,0,0,layered_block,circular,per_chunk,1,1
10579,22834,26666,16,0,0,layered_block,circular,per_chunk,1,1
10580,23375,27375,16,0,0,layered_block,circular,per_chunk,1,1
10581,23041,26917,16,0,0,layered_block,circular,per_chunk,1,1
10582,23000,26875,16,0,0,layered_block,circular,per_chunk,1,1
10583,31167,35125,16,0,0,layered_block,circular,per_chunk,1,1
10584,23125,26917,16,0,0,layered_block,circular,per_chunk,1,1
10585,23250,27583,16,0,0,layered_block,circular,per_chunk,1,1
10586,31458,35417,16,0,0,layered_block,circular,per_chunk,1,1
10587,23041,26875,16,0,0,layered_block,circular,per_chunk,1,1
10588,23375,27250,16,0,0,layered_block,circular,per_chunk,1,1
10589,22833,26750,16,0,0,layered_block,circular,per_chunk,1,1
10590,23000,26917,16,0,0,layered_block,circular,per_chunk,1,1
10591,23375,27333,16,0,0,layered_block,circular,per_chunk,1,1
10592,23334,27250,16,0,0,layered_block,circular,per_chunk,1,1
10593,23459,27333,16,0,0,layered_block,circular,per_chunk,1,1
10594,23750,27792,16,0,0,layered_block,circular,per_chunk,1,1
10595,23042,26875,16,0,0,layered_block,circular,per_chunk,1,1
10596,23958,27792,16,0,0,layered_block,circular,per_chunk,1,1
10597,24417,28333,16,0,0,layered_block,circular,per_chunk,1,1
10598,24083,27917,16,0,0,layered_block,circular,per_chunk,1,1
10599,23708,27584,16,0,0,layered_block,circular,per_chunk,1,1
10600,24208,28166,16,0,0,layered_block,circular,per_chunk,1,1
10601,23417,27333,16,0,0,layered_block,circular,per_chunk,1,1
10602,22792,26709,16,0,0,layered_block,circular,per_chunk,1,1
10603,23583,35209,16,0,0,layered_block,circular,per_chunk,1,1
10604,23208,27000,16,0,0,layered_block,circular,per_chunk,1,1
10605,23333,27208,16,0,0,layered_block,circular,per_chunk,1,1
10606,23834,27834,16,0,0,layered_block,circular,per_chunk,1,1
10607,23791,27625,16,0,0,layered_block,circular,per_chunk,1,1
10608,22875,26708,16,0,0,layered_block,circular,per_chunk,1,1
10609,32417,36375,16,0,0,layered_block,circular,per_chunk,1,1
10610,23917,27791,16,0,0,layered_block,circular,per_chunk,1,1
10611,23250,27042,16,0,0,layered_block,circular,per_chunk,1,1
10612,25833,29833,16,0,0,layered_block,circular,per_chunk,1,1
10613,30667,34625,16,0,0,layered_block,circular,per_chunk,1,1
10614,23042,26917,16,0,0,layered_block,circular,per_chunk,1,1
10615,23625,27500,16,0,0,layered_block,circular,per_chunk,1,1
10616,23666,27583,16,0,0,layered_block,circular,per_chunk,1,1
10617,23083,27000,16,0,0,layered_block,circular,per_chunk,1,1
10618,22958,26875,16,0,0,layered_block,circular,per_chunk,1,1
10619,23291,27541,16,0,0,layered_block,circular,per_chunk,1,1
10620,23125,26959,16,0,0,layered_block,circular,per_chunk,1,1
10621,23791,27625,16,0,0,layered_block,circular,per_chunk,1,1
10622,23167,27084,16,0,0,layered_block,circular,per_chunk,1,1
10623,24041,27959,16,0,0,layered_block,circular,per_chunk,1,1
10624,23583,27708,16,0,0,layered_block,circular,per_chunk,1,1
10625,22792,26625,16,0,0,layered_block,circular,per_chunk,1,1
10626,24000,27875,16,0,0,layered_block,circular,per_chunk,1,1
10627,23792,27792,16,0,0,layered_block,circular,per_chunk,1,1
10628,23125,26916,16,0,0,layered_block,circular,per_chunk,1,1
10629,23000,26875,16,0,0,layered_block,circular,per_chunk,1,1
10630,23000,27125,16,0,0,layered_block,circular,per_chunk,1,1
10631,23333,27250,16,0,0,layered_block,circular,per_chunk,1,1
10632,23250,27125,16,0,0,layered_block,circular,per_chunk,1,1
10633,23792,27625,16,0,0,layered_block,circular,per_chunk,1,1
10634,23667,27625,16,0,0,layered_block,circular,per_chunk,1,1
10635,23500,27417,16,0,0,layered_block,circular,per_chunk,1,1
10636,23083,26916,16,0,0,layered_block,circular,per_chunk,1,1
10637,23500,27375,16,0,0,layered_block,circular,per_chunk,1,1
10638,23875,27833,16,0,0,layered_block,circular,per_chunk,1,1
10639,23417,27291,16,0,0,layered_block,circular,per_chunk,1,1
10640,23375,27209,16,0,0,layered_block,circular,per_chunk,1,1
10641,23542,27417,16,0,0,layered_block,circular,per_chunk,1,1
10642,23291,27125,16,0,0,layered_block,circular,per_chunk,1,1
10643,23333,27250,16,0,0,layered_block,circular,per_chunk,1,1
10644,23417,27334,16,0,0,layered_block,circular,per_chunk,1,1
10645,23458,27292,16,0,0,layered_block,circular,per_chunk,1,1
10646,23000,26917,16,0,0,layered_block,circular,per_chunk,1,1
10647,23209,27167,16,0,0,layered_block,circular,per_chunk,1,1
10648,23583,27792,16,0,0,layered_block,circular,per_chunk,1,1
10649,23333,27250,16,0,0,layered_block,circular,per_chunk,1,1
10650,23333,27125,16,0,0,layered_block,circular,per_chunk,1,1
10651,24583,28542,16,0,0,layered_block,circular,per_chunk,1,1
10652,23125,27000,16,0,0,layered_block,circular,per_chunk,1,1
10653,23709,27583,16,0,0,layered_block,circular,per_chunk,1,1
10654,23292,27792,16,0,0,layered_block,circular,per_chunk,1,1
10655,23542,27375,16,0,0,layered_block,circular,per_chunk,1,1
10656,23208,27042,16,0,0,layered_block,circular,per_chunk,1,1
10657,23250,27292,16,0,0,layered_block,circular,per_chunk,1,1
10658,23333,27208,16,0,0,layered_block,circular,per_chunk,1,1
10659,23375,27333,16,0,0,layered_block,circular,per_chunk,1,1
10660,22917,26708,16,0,0,layered_block,circular,per_chunk,1,1
10661,23500,27584,16,0,0,layered_block,circular,per_chunk,1,1
10662,23292,27792,16,0,0,layered_block,circular,per_chunk,1,1
10663,22709,26625,16,0,0,layered_block,circular,per_chunk,1,1
10664,22958,26917,16,0,0,layered_block,circular,per_chunk,1,1
10665,22709,26625,16,0,0,layered_block,circular,per_chunk,1,1
10666,23292,27125,16,0,0,layered_block,circular,per_chunk,1,1
10667,23750,28292,16,0,0,layered_block,circular,per_chunk,1,1
10668,22667,26542,16,0,0,layered_block,circular,per_chunk,1,1
10669,23375,27250,16,0,0,layered_block,circular,per_chunk,1,1
10670,31959,35916,16,0,0,layered_block,circular,per_chunk,1,1
10671,23000,26833,16,0,0,layered_block,circular,per_chunk,1,1
10672,24000,27916,16,0,0,layered_block,circular,per_chunk,1,1
10673,24125,28084,16,0,0,layered_block,circular,per_chunk,1,1
10674,22833,26709,16,0,0,layered_block,circular,per_chunk,1,1
10675,23125,27000,16,0,0,layered_block,circular,per_chunk,1,1
10676,28000,32000,16,0,0,layered_block,circular,per_chunk,1,1
10677,23292,27125,16,0,0,layered_block,circular,per_chunk,1,1
10678,23958,27875,16,0,0,layered_block,circular,per_chunk,1,1
10679,23416,27250,16,0,0,layered_block,circular,per_chunk,1,1
10680,23375,27250,16,0,0,layered_block,circular,per_chunk,1,1
10681,23333,33083,16,0,0,layered_block,circular,per_chunk,1,1
10682,22917,26750,16,0,0,layered_block,circular,per_chunk,1,1
10683,23875,27750,16,0,0,layered_block,circular,per_chunk,1,1
10684,22792,26708,16,0,0,layered_block,circular,per_chunk,1,1
10685,24375,28583,16,0,0,layered_block,circular,per_chunk,1,1
10686,23750,27666,16,0,0,layered_block,circular,per_chunk,1,1
10687,23000,27000,16,0,0,layered_block,circular,per_chunk,1,1
10688,23417,27333,16,0,0,layered_block,circular,per_chunk,1,1
10689,23583,27458,16,0,0,layered_block,circular,per_chunk,1,1
10690,23458,27292,16,0,0,layered_block,circular,per_chunk,1,1
10691,24500,28375,16,0,0,layered_block,circular,per_chunk,1,1
10692,22917,26792,16,0,0,layered_block,circular,per_chunk,1,1
10693,23292,27125,16,0,0,layered_block,circular,per_chunk,1,1
10694,31959,35916,16,0,0,layered_block,circular,per_chunk,1,1
10695,23500,27291,16,0,0,layered_block,circular,per_chunk,1,1
10696,23458,27292,16,0,0,layered_block,circular,per_chunk,1,1
10697,24625,28750,16,0,0,layered_block,circular,per_chunk,1,1
10698,23709,27541,16,0,0,layered_block,circular,per_chunk,1,1
10699,23583,27417,16,0,0,layered_block,circular,per_chunk,1,1
10700,23750,27666,16,0,0,layered_block,circular,per_chunk,1,1
10701,23000,26916,16,0,0,layered_block,circular,per_chunk,1,1
10702,23792,27709,16,0,0,layered_block,circular,per_chunk,1,1
10703,23000,26833,16,0,0,layered_block,circular,per_chunk,1,1
10704,23291,27167,16,0,0,layered_block,circular,per_chunk,1,1
10705,23291,27083,16,0,0,layered_block,circular,per_chunk,1,1
10706,22750,26709,16,0,0,layered_block,circular,per_chunk,1,1
10707,23584,27375,16,0,0,layered_block,circular,per_chunk,1,1
10708,23750,27625,16,0,0,layered_block,circular,per_chunk,1,1
10709,23250,27209,16,0,0,layered_block,circular,per_chunk,1,1
10710,159125,163541,16,0,0,layered_block,circular,per_chunk,1,1
10711,23666,27583,16,0,0,layered_block,circular,per_chunk,1,1
10712,23208,27084,16,0,0,layered_block,circular,per_chunk,1,1
10713,23291,27667,16,0,0,layered_block,circular,per_chunk,1,1
10714,23416,27333,16,0,0,layered_block,circular,per_chunk,1,1
10715,111583,115875,16,0,0,layered_block,circular,per_chunk,1,1
10716,23500,27416,16,0,0,layered_block,circular,per_chunk,1,1
10717,23459,27375,16,0,0,layered_block,circular,per_chunk,1,1
10718,23667,27583,16,0,0,layered_block,circular,per_chunk,1,1
10719,23292,27125,16,0,0,layered_block,circular,per_chunk,1,1
10720,23584,27500,16,0,0,layered_block,circular,per_chunk,1,1
10721,23291,27250,16,0,0,layered_block,circular,per_chunk,1,1
10722,32709,36666,16,0,0,layered_block,circular,per_chunk,1,1
10723,25000,28917,16,0,0,layered_block,circular,per_chunk,1,1
10724,24292,28125,16,0,0,layered_block,circular,per_chunk,1,1
10725,26250,30667,16,0,0,layered_block,circular,per_chunk,1,1
10726,23833,28042,16,0,0,layered_block,circular,per_chunk,1,1
10727,22792,26667,16,0,0,layered_block,circular,per_chunk,1,1
10728,23250,27208,16,0,0,layered_block,circular,per_chunk,1,1
10729,23250,27125,16,0,0,layered_block,circular,per_chunk,1,1
10730,111959,116208,16,0,0,layered_block,circular,per_chunk,1,1
10731,23583,27333,16,0,0,layered_block,circular,per_chunk,1,1
10732,22750,26666,16,0,0,layered_block,circular,per_chunk,1,1
10733,23208,27041,16,0,0,layered_block,circular,per_chunk,1,1
10734,24166,28083,16,0,0,layered_block,circular,per_chunk,1,1
10735,94833,99000,16,0,0,layered_block,circular,per_chunk,1,1
10736,23000,26875,16,0,0,layered_block,circular,per_chunk,1,1
10737,24417,28334,16,0,0,layered_block,circular,per_chunk,1,1
10738,23541,27500,16,0,0,layered_block,circular,per_chunk,1,1
10739,23125,27000,16,0,0,layered_block,circular,per_chunk,1,1
10740,23958,28458,16,0,0,layered_block,circular,per_chunk,1,1
10741,23583,27500,16,0,0,layered_block,circular,per_chunk,1,1
10742,22916,26833,16,0,0,layered_block,circular,per_chunk,1,1
10743,25042,29000,16,0,0,layered_block,circular,per_chunk,1,1
10744,23958,27875,16,0,0,layered_block,circular,per_chunk,1,1
10745,22708,26583,16,0,0,layered_block,circular,per_chunk,1,1
10746,23791,27666,16,0,0,layered_block,circular,per_chunk,1,1
10747,23709,27666,16,0,0,layered_block,circular,per_chunk,1,1
10748,23208,27125,16,0,0,layered_block,circular,per_chunk,1,1
10749,22958,26875,16,0,0,layered_block,circular,per_chunk,1,1
10750,23584,27500,16,0,0,layered_block,circular,per_chunk,1,1
10751,23292,27209,16,0,0,layered_block,circular,per_chunk,1,1
10752,23042,26916,16,0,0,layered_block,circular,per_chunk,1,1
10753,23583,27500,16,0,0,layered_block,circular,per_chunk,1,1
10754,23666,27583,16,0,0,layered_block,circular,per_chunk,1,1
10755,23459,27334,16,0,0,layered_block,circular,per_chunk,1,1
10756,31250,35250,16,0,0,layered_block,circular,per_chunk,1,1
10757,31542,35417,16,0,0,layered_block,circular,per_chunk,1,1
10758,22791,26667,16,0,0,layered_block,circular,per_chunk,1,1
10759,23250,27166,16,0,0,layered_block,circular,per_chunk,1,1
10760,23208,27167,16,0,0,layered_block,circular,per_chunk,1,1
10761,23750,27541,16,0,0,layered_block,circular,per_chunk,1,1
10762,23500,27458,16,0,0,layered_block,circular,per_chunk,1,1
10763,24500,28500,16,0,0,layered_block,circular,per_chunk,1,1
10764,23041,26958,16,0,0,layered_block,circular,per_chunk,1,1
10765,23209,27084,16,0,0,layered_block,circular,per_chunk,1,1
10766,23834,28334,16,0,0,layered_block,circular,per_chunk,1,1
10767,23958,27833,16,0,0,layered_block,circular,per_chunk,1,1
10768,23500,27375,16,0,0,layered_block,circular,per_chunk,1,1
10769,24166,28459,16,0,0,layered_block,circular,per_chunk,1,1
10770,23500,27375,16,0,0,layered_block,circular,per_chunk,1,1
10771,23209,27125,16,0,0,layered_block,circular,per_chunk,1,1
10772,23084,26958,16,0,0,layered_block,circular,per_chunk,1,1
10773,23167,27042,16,0,0,layered_block,circular,per_chunk,1,1
10774,23375,27250,16,0,0,layered_block,circular,per_chunk,1,1
10775,23416,27292,16,0,0,layered_block,circular,per_chunk,1,1
10776,23958,27875,16,0,0,layered_block,circular,per_chunk,1,1
10777,23292,27208,16,0,0,layered_block,circular,per_chunk,1,1
10778,23000,26916,16,0,0,layered_block,circular,per_chunk,1,1
10779,23917,27875,16,0,0,layered_block,circular,per_chunk,1,1
10780,23250,27125,16,0,0,layered_block,circular,per_chunk,1,1
10781,23000,26875,16,0,0,layered_block,circular,per_chunk,1,1
10782,31375,35416,16,0,0,layered_block,circular,per_chunk,1,1
10783,23334,27291,16,0,0,layered_block,circular,per_chunk,1,1
10784,23209,27166,16,0,0,layered_block,circular,per_chunk,1,1
10785,23333,27333,16,0,0,layered_block,circular,per_chunk,1,1
10786,22750,26625,16,0,0,layered_block,circular,per_chunk,1,1
10787,22667,26583,16,0,0,layered_block,circular,per_chunk,1,1
10788,23375,27833,16,0,0,layered_block,circular,per_chunk,1,1
10789,23791,27667,16,0,0,layered_block,circular,per_chunk,1,1
10790,23584,27417,16,0,0,layered_block,circular,per_chunk,1,1
10791,22750,26583,16,0,0,layered_block,circular,per_chunk,1,1
10792,30583,34583,16,0,0,layered_block,circular,per_chunk,1,1
10793,23916,27750,16,0,0,layered_block,circular,per_chunk,1,1
10794,22708,26667,16,0,0,layered_block,circular,per_chunk,1,1
10795,22958,26875,16,0,0,layered_block,circular,per_chunk,1,1
10796,23416,27333,16,0,0,layered_block,circular,per_chunk,1,1
10797,23042,26959,16,0,0,layered_block,circular,per_chunk,1,1
10798,23458,27833,16,0,0,layered_block,circular,per_chunk,1,1
10799,23000,26958,16,0,0,layered_block,circular,per_chunk,1,1
10800,23459,27250,16,0,0,layered_block,circular,per_chunk,1,1
10801,23500,27375,16,0,0,layered_block,circular,per_chunk,1,1
10802,25208,29083,16,0,0,layered_block,circular,per_chunk,1,1
10803,23000,26833,16,0,0,layered_block,circular,per_chunk,1,1
10804,23959,27916,16,0,0,layered_block,circular,per_chunk,1,1
10805,23041,26917,16,0,0,layered_block,circular,per_chunk,1,1
10806,23166,27083,16,0,0,layered_block,circular,per_chunk,1,1
10807,30084,34000,16,0,0,layered_block,circular,per_chunk,1,1
10808,23083,27042,16,0,0,layered_block,circular,per_chunk,1,1
10809,23375,27167,16,0,0,layered_block,circular,per_chunk,1,1
10810,23875,27750,16,0,0,layered_block,circular,per_chunk,1,1
10811,24083,28125,16,0,0,layered_block,circular,per_chunk,1,1
10812,23000,26917,16,0,0,layered_block,circular,per_chunk,1,1
10813,24208,28083,16,0,0,layered_block,circular,per_chunk,1,1
10814,31958,35833,16,0,0,layered_block,circular,per_chunk,1,1
10815,24458,28333,16,0,0,layered_block,circular,per_chunk,1,1
10816,23333,27209,16,0,0,layered_block,circular,per_chunk,1,1
10817,24250,28125,16,0,0,layered_block,circular,per_chunk,1,1
10818,23333,27250,16,0,0,layered_block,circular,per_chunk,1,1
10819,23042,26917,16,0,0,layered_block,circular,per_chunk,1,1
10820,23458,27417,16,0,0,layered_block,circular,per_chunk,1,1
10821,22792,26708,16,0,0,layered_block,circular,per_chunk,1,1
10822,23250,27083,16,0,0,layered_block,circular,per_chunk,1,1
10823,22833,26709,16,0,0,layered_block,circular,per_chunk,1,1
10824,29584,33583,16,0,0,layered_block,circular,per_chunk,1,1
10825,23209,27041,16,0,0,layered_block,circular,per_chunk,1,1
10826,23792,27833,16,0,0,layered_block,circular,per_chunk,1,1
10827,23125,27000,16,0,0,layered_block,circular,per_chunk,1,1
10828,24709,28791,16,0,0,layered_block,circular,per_chunk,1,1
10829,24125,27959,16,0,0,layered_block,circular,per_chunk,1,1
10830,23250,27208,16,0,0,layered_block,circular,per_chunk,1,1
10831,23125,27042,16,0,0,layered_block,circular,per_chunk,1,1
10832,23917,27750,16,0,0,layered_block,circular,per_chunk,1,1
10833,30500,34417,16,0,0,layered_block,circular,per_chunk,1,1
10834,22750,26583,16,0,0,layered_block,circular,per_chunk,1,1
10835,23542,27416,16,0,0,layered_block,circular,per_chunk,1,1
10836,23708,27583,16,0,0,layered_block,circular,per_chunk,1,1
10837,22916,26875,16,0,0,layered_block,circular,per_chunk,1,1
10838,23166,27042,16,0,0,layered_block,circular,per_chunk,1,1
10839,30750,34708,16,0,0,layered_block,circular,per_chunk,1,1
10840,23250,27208,16,0,0,layered_block,circular,per_chunk,1,1
10841,22833,26708,16,0,0,layered_block,circular,per_chunk,1,1
10842,23458,27417,16,0,0,layered_block,circular,per_chunk,1,1
10843,22917,26834,16,0,0,layered_block,circular,per_chunk,1,1
10844,22791,26666,16,0,0,layered_block,circular,per_chunk,1,1
10845,23375,27834,16,0,0,layered_block,circular,per_chunk,1,1
10846,22750,26666,16,0,0,layered_block,circular,per_chunk,1,1
10847,23125,27041,16,0,0,layered_block,circular,per_chunk,1,1
10848,23667,27542,16,0,0,layered_block,circular,per_chunk,1,1
10849,31167,35125,16,0,0,layered_block,circular,per_chunk,1,1
10850,23042,26875,16,0,0,layered_block,circular,per_chunk,1,1
10851,22959,26875,16,0,0,layered_block,circular,per_chunk,1,1
10852,22959,26875,16,0,0,layered_block,circular,per_chunk,1,1
10853,23958,27958,16,0,0,layered_block,circular,per_chunk,1,1
10854,23459,27500,16,0,0,layered_block,circular,per_chunk,1,1
10855,24000,28541,16,0,0,layered_block,circular,per_chunk,1,1
10856,23041,26916,16,0,0,layered_block,circular,per_chunk,1,1
10857,23167,27000,16,0,0,layered_block,circular,per_chunk,1,1
10858,23375,27291,16,0,0,layered_block,circular,per_chunk,1,1
10859,22834,26708,16,0,0,layered_block,circular,per_chunk,1,1
10860,22667,26541,16,0,0,layered_block,circular,per_chunk,1,1
10861,23458,27334,16,0,0,layered_block,circular,per_chunk,1,1
10862,23250,27208,16,0,0,layered_block,circular,per_chunk,1,1
10863,23125,26916,16,0,0,layered_block,circular,per_chunk,1,1
10864,25042,29083,16,0,0,layered_block,circular,per_chunk,1,1
10865,22916,26833,16,0,0,layered_block,circular,per_chunk,1,1
10866,23459,27334,16,0,0,layered_block,circular,per_chunk,1,1
10867,23625,27459,16,0,0,layered_block,circular,per_chunk,1,1
10868,23750,27708,16,0,0,layered_block,circular,per_chunk,1,1
10869,23000,26917,16,0,0,layered_block,circular,per_chunk,1,1
10870,23959,27833,16,0,0,layered_block,circular,per_chunk,1,1
10871,32083,36000,16,0,0,layered_block,circular,per_chunk,1,1
10872,23333,27167,16,0,0,layered_block,circular,per_chunk,1,1
10873,23250,27125,16,0,0,layered_block,circular,per_chunk,1,1
10874,24000,27875,16,0,0,layered_block,circular,per_chunk,1,1
10875,23292,27209,16,0,0,layered_block,circular,per_chunk,1,1
10876,22792,26625,16,0,0,layered_block,circular,per_chunk,1,1
10877,23875,28125,16,0,0,layered_block,circular,per_chunk,1,1
10878,22958,26833,16,0,0,layered_block,circular,per_chunk,1,1
10879,23208,27166,16,0,0,layered_block,circular,per_chunk,1,1
10880,23125,27250,16,0,0,layered_block,circular,per_chunk,1,1
10881,23666,27583,16,0,0,layered_block,circular,per_chunk,1,1
10882,22916,26791,16,0,0,layered_block,circular,per_chunk,1,1
10883,23292,27167,16,0,0,layered_block,circular,per_chunk,1,1
10884,23792,27708,16,0,0,layered_block,circular,per_chunk,1,1
10885,23042,26959,16,0,0,layered_block,circular,per_chunk,1,1
10886,23334,27250,16,0,0,layered_block,circular,per_chunk,1,1
10887,23333,27250,16,0,0,layered_block,circular,per_chunk,1,1
10888,23959,27875,16,0,0,layered_block,circular,per_chunk,1,1
10889,23000,26875,16,0,0,layered_block,circular,per_chunk,1,1
10890,23084,26958,16,0,0,layered_block,circular,per_chunk,1,1
10891,23542,27500,16,0,0,layered_block,circular,per_chunk,1,1
10892,23250,27083,16,0,0,layered_block,circular,per_chunk,1,1
10893,23167,27417,16,0,0,layered_block,circular,per_chunk,1,1
10894,23792,28000,16,0,0,layered_block,circular,per_chunk,1,1
10895,23041,26875,16,0,0,layered_block,circular,per_chunk,1,1
10896,23709,27625,16,0,0,layered_block,circular,per_chunk,1,1
10897,31292,35209,16,0,0,layered_block,circular,per_chunk,1,1
10898,23084,27000,16,0,0,layered_block,circular,per_chunk,1,1
10899,23042,26959,16,0,0,layered_block,circular,per_chunk,1,1
10900,25333,29375,16,0,0,layered_block,circular,per_chunk,1,1
10901,23416,27333,16,0,0,layered_block,circular,per_chunk,1,1
10902,23167,27042,16,0,0,layered_block,circular,per_chunk,1,1
10903,23417,27334,16,0,0,layered_block,circular,per_chunk,1,1
10904,23708,27583,16,0,0,layered_block,circular,per_chunk,1,1
10905,23833,27750,16,0,0,layered_block,circular,per_chunk,1,1
10906,23125,27083,16,0,0,layered_block,circular,per_chunk,1,1
10907,23125,27042,16,0,0,layered_block,circular,per_chunk,1,1
10908,23459,27291,16,0,0,layered_block,circular,per_chunk,1,1
10909,22916,26833,16,0,0,layered_block,circular,per_chunk,1,1
10910,23375,27291,16,0,0,layered_block,circular,per_chunk,1,1
10911,23041,26875,16,0,0,layered_block,circular,per_chunk,1,1
10912,23667,27750,16,0,0,layered_block,circular,per_chunk,1,1
10913,24834,28666,16,0,0,layered_block,circular,per_chunk,1,1
10914,23625,27583,16,0,0,layered_block,circular,per_chunk,1,1
10915,22792,26708,16,0,0,layered_block,circular,per_chunk,1,1
10916,24000,34834,16,0,0,layered_block,circular,per_chunk,1,1
10917,23458,27417,16,0,0,layered_block,circular,per_chunk,1,1
10918,23667,27541,16,0,0,layered_block,circular,per_chunk,1,1
10919,23250,34542,16,0,0,layered_block,circular,per_chunk,1,1
10920,23542,27375,16,0,0,layered_block,circular,per_chunk,1,1
10921,23333,27916,16,0,0,layered_block,circular,per_chunk,1,1
10922,23625,27542,16,0,0,layered_block,circular,per_chunk,1,1
10923,23208,27167,16,0,0,layered_block,circular,per_chunk,1,1
10924,23292,27208,16,0,0,layered_block,circular,per_chunk,1,1
10925,23208,33625,16,0,0,layered_block,circular,per_chunk,1,1
10926,23083,26959,16,0,0,layered_block,circular,per_chunk,1,1
10927,23000,26833,16,0,0,layered_block,circular,per_chunk,1,1
10928,25125,29000,16,0,0,layered_block,circular,per_chunk,1,1
10929,23625,33833,16,0,0,layered_block,circular,per_chunk,1,1
10930,23583,27417,16,0,0,layered_block,circular,per_chunk,1,1
10931,24041,27958,16,0,0,layered_block,circular,per_chunk,1,1
10932,22917,26750,16,0,0,layered_block,circular,per_chunk,1,1
10933,24208,28042,16,0,0,layered_block,circular,per_chunk,1,1
10934,24125,27917,16,0,0,layered_block,circular,per_chunk,1,1
10935,23667,27541,16,0,0,layered_block,circular,per_chunk,1,1
10936,23292,27166,16,0,0,layered_block,circular,per_chunk,1,1
10937,23042,26875,16,0,0,layered_block,circular,per_chunk,1,1
10938,23792,27750,16,0,0,layered_block,circular,per_chunk,1,1
10939,92833,96958,16,0,0,layered_block,circular,per_chunk,1,1
10940,22708,26625,16,0,0,layered_block,circular,per_chunk,1,1
10941,23125,26875,16,0,0,layered_block,circular,per_chunk,1,1
10942,30708,34667,16,0,0,layered_block,circular,per_chunk,1,1
10943,23416,27334,16,0,0,layered_block,circular,per_chunk,1,1
10944,23083,27000,16,0,0,layered_block,circular,per_chunk,1,1
10945,30709,34666,16,0,0,layered_block,circular,per_chunk,1,1
10946,23209,26959,16,0,0,layered_block,circular,per_chunk,1,1
10947,23208,27125,16,0,0,layered_block,circular,per_chunk,1,1
10948,23375,28042,16,0,0,layered_block,circular,per_chunk,1,1
10949,22833,26792,16,0,0,layered_block,circular,per_chunk,1,1
10950,22916,26833,16,0,0,layered_block,circular,per_chunk,1,1
10951,30917,34875,16,0,0,layered_block,circular,per_chunk,1,1
10952,23250,27041,16,0,0,layered_block,circular,per_chunk,1,1
10953,24041,27917,16,0,0,layered_block,circular,per_chunk,1,1
10954,24000,28083,16,0,0,layered_block,circular,per_chunk,1,1
10955,23584,27500,16,0,0,layered_block,circular,per_chunk,1,1
10956,23000,26917,16,0,0,layered_block,circular,per_chunk,1,1
10957,23667,27625,16,0,0,layered_block,circular,per_chunk,1,1
10958,22792,26709,16,0,0,layered_block,circular,per_chunk,1,1
10959,23375,27291,16,0,0,layered_block,circular,per_chunk,1,1
10960,23667,27792,16,0,0,layered_block,circular,per_chunk,1,1
10961,22709,26583,16,0,0,layered_block,circular,per_chunk,1,1
10962,22834,26666,16,0,0,layered_block,circular,per_chunk,1,1
10963,24250,28708,16,0,0,layered_block,circular,per_chunk,1,1
10964,22917,26834,16,0,0,layered_block,circular,per_chunk,1,1
10965,23166,27083,16,0,0,layered_block,circular,per_chunk,1,1
10966,23583,27542,16,0,0,layered_block,circular,per_chunk,1,1
10967,23375,27250,16,0,0,layered_block,circular,per_chunk,1,1
10968,23291,27167,16,0,0,layered_block,circular,per_chunk,1,1
10969,23583,27625,16,0,0,layered_block,circular,per_chunk,1,1
10970,22834,26791,16,0,0,layered_block,circular,per_chunk,1,1
10971,22959,26833,16,0,0,layered_block,circular,per_chunk,1,1
10972,25791,29667,16,0,0,layered_block,circular,per_chunk,1,1
10973,23667,28250,16,0,0,layered_block,circular,per_chunk,1,1
10974,23375,27292,16,0,0,layered_block,circular,per_chunk,1,1
10975,23750,27625,16,0,0,layered_block,circular,per_chunk,1,1
10976,31958,35958,16,0,0,layered_block,circular,per_chunk,1,1
10977,23458,27292,16,0,0,layered_block,circular,per_chunk,1,1
10978,23209,27083,16,0,0,layered_block,circular,per_chunk,1,1
10979,23750,27667,16,0,0,layered_block,circular,per_chunk,1,1
10980,22875,26792,16,0,0,layered_block,circular,per_chunk,1,1
10981,22959,26916,16,0,0,layered_block,circular,per_chunk,1,1
10982,30458,34458,16,0,0,layered_block,circular,per_chunk,1,1
10983,23417,27250,16,0,0,layered_block,circular,per_chunk,1,1
10984,23292,27125,16,0,0,layered_block,circular,per_chunk,1,1
10985,23750,27625,16,0,0,layered_block,circular,per_chunk,1,1
10986,23875,27792,16,0,0,layered_block,circular,per_chunk,1,1
10987,23125,27000,16,0,0,layered_block,circular,per_chunk,1,1
10988,23625,27708,16,0,0,layered_block,circular,per_chunk,1,1
10989,22833,26708,16,0,0,layered_block,circular,per_chunk,1,1
10990,23000,26791,16,0,0,layered_block,circular,per_chunk,1,1
10991,30750,34708,16,0,0,layered_block,circular,per_chunk,1,1
10992,23125,26959,16,0,0,layered_block,circular,per_chunk,1,1
10993,23125,27042,16,0,0,layered_block,circular,per_chunk,1,1
10994,23166,27208,16,0,0,layered_block,circular,per_chunk,1,1
10995,23666,27583,16,0,0,layered_block,circular,per_chunk,1,1
10996,22875,26750,16,0,0,layered_block,circular,per_chunk,1,1
10997,24125,28000,16,0,0,layered_block,circular,per_chunk,1,1
10998,22958,26875,16,0,0,layered_block,circular,per_chunk,1,1
10999,23583,27500,16,0,0,layered_block,circular,per_chunk,1,1
11000,24083,28041,16,0,0,layered_block,circular,per_chunk,1,1
11001,23125,27042,16,0,0,layered_block,circular,per_chunk,1,1
11002,23709,27750,16,0,0,layered_block,circular,per_chunk,1,1
11003,23167,27125,16,0,0,layered_block,circular,per_chunk,1,1
11004,22708,26583,16,0,0,layered_block,circular,per_chunk,1,1
11005,24750,28625,16,0,0,layered_block,circular,per_chunk,1,1
11006,23209,27125,16,0,0,layered_block,circular,per_chunk,1,1
11007,23208,27208,16,0,0,layered_block,circular,per_chunk,1,1
11008,23000,26875,16,0,0,layered_block,circular,per_chunk,1,1
11009,23208,27167,16,0,0,layered_block,circular,per_chunk,1,1
11010,23458,27292,16,0,0,layered_block,circular,per_chunk,1,1
11011,23458,27333,16,0,0,layered_block,circular,per_chunk,1,1
11012,23167,26959,16,0,0,layered_block,circular,per_chunk,1,1
11013,23084,26916,16,0,0,layered_block,circular,per_chunk,1,1
11014,23291,27292,16,0,0,layered_block,circular,per_chunk,1,1
11015,22834,26750,16,0,0,layered_block,circular,per_chunk,1,1
11016,22708,26583,16,0,0,layered_block,circular,per_chunk,1,1
11017,23458,27375,16,0,0,layered_block,circular,per_chunk,1,1
11018,22750,26625,16,0,0,layered_block,circular,per_chunk,1,1
11019,23500,27417,16,0,0,layered_block,circular,per_chunk,1,1
11020,23208,27250,16,0,0,layered_block,circular,per_chunk,1,1
11021,22791,26666,16,0,0,layered_block,circular,per_chunk,1,1
11022,23084,26958,16,0,0,layered_block,circular,per_chunk,1,1
11023,23417,27375,16,0,0,layered_block,circular,per_chunk,1,1
11024,23167,27083,16,0,0,layered_block,circular,per_chunk,1,1
11025,24625,28709,16,0,0,layered_block,circular,per_chunk,1,1
11026,23667,27583,16,0,0,layered_block,circular,per_chunk,1,1
11027,22750,26625,16,0,0,layered_block,circular,per_chunk,1,1
11028,22875,26750,16,0,0,layered_block,circular,per_chunk,1,1
11029,22875,32583,16,0,0,layered_block,circular,per_chunk,1,1
11030,23709,27500,16,0,0,layered_block,circular,per_chunk,1,1
11031,23709,27583,16,0,0,layered_block,circular,per_chunk,1,1
11032,23916,27750,16,0,0,layered_block,circular,per_chunk,1,1
11033,22834,26625,16,0,0,layered_block,circular,per_chunk,1,1
11034,22958,27208,16,0,0,layered_block,circular,per_chunk,1,1
11035,23250,27167,16,0,0,layered_block,circular,per_chunk,1,1
11036,22625,26541,16,0,0,layered_block,circular,per_chunk,1,1
11037,22958,27209,16,0,0,layered_block,circular,per_chunk,1,1
11038,23167,27083,16,0,0,layered_block,circular,per_chunk,1,1
11039,22791,26708,16,0,0,layered_block,circular,per_chunk,1,1
11040,23041,34209,16,0,0,layered_block,circular,per_chunk,1,1
11041,23084,26916,16,0,0,layered_block,circular,per_chunk,1,1
11042,23584,27500,16,0,0,layered_block,circular,per_chunk,1,1
11043,23041,27000,16,0,0,layered_block,circular,per_chunk,1,1
11044,23167,27042,16,0,0,layered_block,circular,per_chunk,1,1
11045,23208,27125,16,0,0,layered_block,circular,per_chunk,1,1
11046,22708,26541,16,0,0,layered_block,circular,per_chunk,1,1
11047,22875,26708,16,0,0,layered_block,circular,per_chunk,1,1
11048,23625,27584,16,0,0,layered_block,circular,per_chunk,1,1
11049,23000,26917,16,0,0,layered_block,circular,per_chunk,1,1
11050,23125,27000,16,0,0,layered_block,circular,per_chunk,1,1
11051,23292,27208,16,0,0,layered_block,circular,per_chunk,1,1
11052,24167,28000,16,0,0,layered_block,circular,per_chunk,1,1
11053,23083,27458,16,0,0,layered_block,circular,per_chunk,1,1
11054,23333,27625,16,0,0,layered_block,circular,per_chunk,1,1
11055,22959,26875,16,0,0,layered_block,circular,per_chunk,1,1
11056,22875,26750,16,0,0,layered_block,circular,per_chunk,1,1
11057,31542,35542,16,0,0,layered_block,circular,per_chunk,1,1
11058,23041,26833,16,0,0,layered_block,circular,per_chunk,1,1
11059,23500,27333,16,0,0,layered_block,circular,per_chunk,1,1
11060,23875,34000,16,0,0,layered_block,circular,per_chunk,1,1
11061,22958,26792,16,0,0,layered_block,circular,per_chunk,1,1
11062,23292,27458,16,0,0,layered_block,circular,per_chunk,1,1
11063,23000,26917,16,0,0,layered_block,circular,per_chunk,1,1
11064,22791,26625,16,0,0,layered_block,circular,per_chunk,1,1
11065,23250,27084,16,0,0,layered_block,circular,per_chunk,1,1
11066,22917,26833,16,0,0,layered_block,circular,per_chunk,1,1
11067,22792,26625,16,0,0,layered_block,circular,per_chunk,1,1
11068,23416,27375,16,0,0,layered_block,circular,per_chunk,1,1
11069,23000,26875,16,0,0,layered_block,circular,per_chunk,1,1
11070,23291,27125,16,0,0,layered_block,circular,per_chunk,1,1
11071,30208,34334,16,0,0,layered_block,circular,per_chunk,1,1
11072,24750,28584,16,0,0,layered_block,circular,per_chunk,1,1
11073,23167,27125,16,0,0,layered_block,circular,per_chunk,1,1
11074,23791,27709,16,0,0,layered_block,circular,per_chunk,1,1
11075,22916,26792,16,0,0,layered_block,circular,per_chunk,1,1
11076,22708,26625,16,0,0,layered_block,circular,per_chunk,1,1
11077,30416,34375,16,0,0,layered_block,circular,per_chunk,1,1
11078,22958,26792,16,0,0,layered_block,circular,per_chunk,1,1
11079,23334,27250,16,0,0,layered_block,circular,per_chunk,1,1
11080,22791,26750,16,0,0,layered_block,circular,per_chunk,1,1
11081,23125,27041,16,0,0,layered_block,circular,per_chunk,1,1
11082,23334,27250,16,0,0,layered_block,circular,per_chunk,1,1
11083,22750,26708,16,0,0,layered_block,circular,per_chunk,1,1
11084,23000,26833,16,0,0,layered_block,circular,per_chunk,1,1
11085,30083,34125,16,0,0,layered_block,circular,per_chunk,1,1
11086,24375,28208,16,0,0,layered_block,circular,per_chunk,1,1
11087,22958,26875,16,0,0,layered_block,circular,per_chunk,1,1
11088,23250,27125,16,0,0,layered_block,circular,per_chunk,1,1
11089,23000,26958,16,0,0,layered_block,circular,per_chunk,1,1
11090,22667,26541,16,0,0,layered_block,circular,per_chunk,1,1
11091,30750,34791,16,0,0,layered_block,circular,per_chunk,1,1
11092,24875,28792,16,0,0,layered_block,circular,per_chunk,1,1
11093,23250,27166,16,0,0,layered_block,circular,per_chunk,1,1
11094,30250,34125,16,0,0,layered_block,circular,per_chunk,1,1
11095,23084,26916,16,0,0,layered_block,circular,per_chunk,1,1
11096,23291,27250,16,0,0,layered_block,circular,per_chunk,1,1
11097,22792,26666,16,0,0,layered_block,circular,per_chunk,1,1
11098,23167,27000,16,0,0,layered_block,circular,per_chunk,1,1
11099,23208,27084,16,0,0,layered_block,circular,per_chunk,1,1
11100,23083,27042,16,0,0,layered_block,circular,per_chunk,1,1
11101,23250,27167,16,0,0,layered_block,circular,per_chunk,1,1
11102,23041,27291,16,0,0,layered_block,circular,per_chunk,1,1
11103,22834,26709,16,0,0,layered_block,circular,per_chunk,1,1
11104,22792,26625,16,0,0,layered_block,circular,per_chunk,1,1
11105,24917,28791,16,0,0,layered_block,circular,per_chunk,1,1
11106,24000,27916,16,0,0,layered_block,circular,per_chunk,1,1
11107,23708,27625,16,0,0,layered_block,circular,per_chunk,1,1
11108,23291,27167,16,0,0,layered_block,circular,per_chunk,1,1
11109,22708,26625,16,0,0,layered_block,circular,per_chunk,1,1
11110,22958,26834,16,0,0,layered_block,circular,per_chunk,1,1
11111,30917,34833,16,0,0,layered_block,circular,per_chunk,1,1
11112,24084,28250,16,0,0,layered_block,circular,per_chunk,1,1
11113,22833,26708,16,0,0,layered_block,circular,per_chunk,1,1
11114,30709,34625,16,0,0,layered_block,circular,per_chunk,1,1
11115,23042,26916,16,0,0,layered_block,circular,per_chunk,1,1
11116,23375,27292,16,0,0,layered_block,circular,per_chunk,1,1
11117,23042,26958,16,0,0,layered_block,circular,per_chunk,1,1
11118,22959,26834,16,0,0,layered_block,circular,per_chunk,1,1
11119,22959,26834,16,0,0,layered_block,circular,per_chunk,1,1
11120,23375,27583,16,0,0,layered_block,circular,per_chunk,1,1
11121,22750,26625,16,0,0,layered_block,circular,per_chunk,1,1
11122,23000,26833,16,0,0,layered_block,circular,per_chunk,1,1
11123,23167,27083,16,0,0,layered_block,circular,per_chunk,1,1
11124,23125,27042,16,0,0,layered_block,circular,per_chunk,1,1
11125,23625,27708,16,0,0,layered_block,circular,per_chunk,1,1
11126,31416,35458,16,0,0,layered_block,circular,per_chunk,1,1
11127,22792,26625,16,0,0,layered_block,circular,per_chunk,1,1
11128,22875,27167,16,0,0,layered_block,circular,per_chunk,1,1
11129,22792,26709,16,0,0,layered_block,circular,per_chunk,1,1
11130,22917,26792,16,0,0,layered_block,circular,per_chunk,1,1
11131,23833,27750,16,0,0,layered_block,circular,per_chunk,1,1
11132,24625,28500,16,0,0,layered_block,circular,per_chunk,1,1
11133,23000,26875,16,0,0,layered_block,circular,per_chunk,1,1
11134,23167,27042,16,0,0,layered_block,circular,per_chunk,1,1
11135,23417,27416,16,0,0,layered_block,circular,per_chunk,1,1
11136,22959,26875,16,0,0,layered_block,circular,per_chunk,1,1
11137,30667,34750,16,0,0,layered_block,circular,per_chunk,1,1
11138,22792,26625,16,0,0,layered_block,circular,per_chunk,1,1
11139,23292,27209,16,0,0,layered_block,circular,per_chunk,1,1
11140,23416,27375,16,0,0,layered_block,circular,per_chunk,1,1
11141,23167,27083,16,0,0,layered_block,circular,per_chunk,1,1
11142,22875,26750,16,0,0,layered_block,circular,per_chunk,1,1
11143,23208,27083,16,0,0,layered_block,circular,per_chunk,1,1
11144,22916,26833,16,0,0,layered_block,circular,per_chunk,1,1
11145,23167,27125,16,0,0,layered_block,circular,per_chunk,1,1
11146,29500,33834,16,0,0,layered_block,circular,per_chunk,1,1
11147,22834,26625,16,0,0,layered_block,circular,per_chunk,1,1
11148,22875,27125,16,0,0,layered_block,circular,per_chunk,1,1
11149,22791,26708,16,0,0,layered_block,circular,per_chunk,1,1
11150,23375,27208,16,0,0,layered_block,circular,per_chunk,1,1
11151,32042,36042,16,0,0,layered_block,circular,per_chunk,1,1
11152,87750,92125,16,0,0,layered_block,circular,per_chunk,1,1
11153,23958,28334,16,0,0,layered_block,circular,per_chunk,1,1
11154,23500,27375,16,0,0,layered_block,circular,per_chunk,1,1
11155,23542,27375,16,0,0,layered_block,circular,per_chunk,1,1
11156,22833,26709,16,0,0,layered_block,circular,per_chunk,1,1
11157,31084,35042,16,0,0,layered_block,circular,per_chunk,1,1
11158,22792,26625,16,0,0,layered_block,circular,per_chunk,1,1
11159,23375,27292,16,0,0,layered_block,circular,per_chunk,1,1
11160,23000,27500,16,0,0,layered_block,circular,per_chunk,1,1
11161,22750,26625,16,0,0,layered_block,circular,per_chunk,1,1
11162,23125,27042,16,0,0,layered_block,circular,per_chunk,1,1
11163,23834,27750,16,0,0,layered_block,circular,per_chunk,1,1
11164,23166,27042,16,0,0,layered_block,circular,per_chunk,1,1
11165,23208,27167,16,0,0,layered_block,circular,per_chunk,1,1
11166,23583,27500,16,0,0,layered_block,circular,per_chunk,1,1
11167,23292,27250,16,0,0,layered_block,circular,per_chunk,1,1
11168,23875,27833,16,0,0,layered_block,circular,per_chunk,1,1
11169,23000,26834,16,0,0,layered_block,circular,per_chunk,1,1
11170,22667,26542,16,0,0,layered_block,circular,per_chunk,1,1
11171,30041,34000,16,0,0,layered_block,circular,per_chunk,1,1
11172,23125,26875,16,0,0,layered_block,circular,per_chunk,1,1
11173,23042,26916,16,0,0,layered_block,circular,per_chunk,1,1
11174,23500,27500,16,0,0,layered_block,circular,per_chunk,1,1
11175,22750,26667,16,0,0,layered_block,circular,per_chunk,1,1
11176,23041,26875,16,0,0,layered_block,circular,per_chunk,1,1
11177,23083,27000,16,0,0,layered_block,circular,per_chunk,1,1
11178,22750,26667,16,0,0,layered_block,circular,per_chunk,1,1
11179,23625,27500,16,0,0,layered_block,circular,per_chunk,1,1
11180,23166,27125,16,0,0,layered_block,circular,per_chunk,1,1
11181,22750,26583,16,0,0,layered_block,circular,per_chunk,1,1
11182,23875,27791,16,0,0,layered_block,circular,per_chunk,1,1
11183,23000,26916,16,0,0,layered_block,circular,per_chunk,1,1
11184,22750,26625,16,0,0,layered_block,circular,per_chunk,1,1
11185,23125,27084,16,0,0,layered_block,circular,per_chunk,1,1
11186,23583,27500,16,0,0,layered_block,circular,per_chunk,1,1
11187,23041,26833,16,0,0,layered_block,circular,per_chunk,1,1
11188,23125,27042,16,0,0,layered_block,circular,per_chunk,1,1
11189,22750,26667,16,0,0,layered_block,circular,per_chunk,1,1
11190,22791,26708,16,0,0,layered_block,circular,per_chunk,1,1
11191,23167,27125,16,0,0,layered_block,circular,per_chunk,1,1
11192,23084,26917,16,0,0,layered_block,circular,per_chunk,1,1
11193,23208,27125,16,0,0,layered_block,circular,per_chunk,1,1
11194,24291,28209,16,0,0,layered_block,circular,per_chunk,1,1
11195,22833,26750,16,0,0,layered_block,circular,per_chunk,1,1
11196,23000,26875,16,0,0,layered_block,circular,per_chunk,1,1
11197,23334,27208,16,0,0,layered_block,circular,per_chunk,1,1
11198,23667,27583,16,0,0,layered_block,circular,per_chunk,1,1
11199,23292,27375,16,0,0,layered_block,circular,per_chunk,1,1
11200,22833,26750,16,0,0,layered_block,circular,per_chunk,1,1
11201,22917,26833,16,0,0,layered_block,circular,per_chunk,1,1
11202,23125,27167,16,0,0,layered_block,circular,per_chunk,1,1
11203,22750,26667,16,0,0,layered_block,circular,per_chunk,1,1
11204,22667,26625,16,0,0,layered_block,circular,per_chunk,1,1
11205,30708,34667,16,0,0,layered_block,circular,per_chunk,1,1
11206,23083,26917,16,0,0,layered_block,circular,per_chunk,1,1
11207,23000,26917,16,0,0,layered_block,circular,per_chunk,1,1
11208,30625,34584,16,0,0,layered_block,circular,per_chunk,1,1
11209,22792,26625,16,0,0,layered_block,circular,per_chunk,1,1
11210,23250,27250,16,0,0,layered_block,circular,per_chunk,1,1
11211,23041,26917,16,0,0,layered_block,circular,per_chunk,1,1
11212,22750,26625,16,0,0,layered_block,circular,per_chunk,1,1
11213,23250,27333,16,0,0,layered_block,circular,per_chunk,1,1
11214,22917,26833,16,0,0,layered_block,circular,per_chunk,1,1
11215,23083,26875,16,0,0,layered_block,circular,per_chunk,1,1
11216,23000,27250,16,0,0,layered_block,circular,per_chunk,1,1
11217,22792,26708,16,0,0,layered_block,circular,per_chunk,1,1
11218,24250,28042,16,0,0,layered_block,circular,per_chunk,1,1
11219,89792,94167,16,0,0,layered_block,circular,per_chunk,1,1
11220,23542,27333,16,0,0,layered_block,circular,per_chunk,1,1
11221,22875,26666,16,0,0,layered_block,circular,per_chunk,1,1
11222,23000,33500,16,0,0,layered_block,circular,per_chunk,1,1
11223,22709,26541,16,0,0,layered_block,circular,per_chunk,1,1
11224,22917,26792,16,0,0,layered_block,circular,per_chunk,1,1
11225,23291,27208,16,0,0,layered_block,circular,per_chunk,1,1
11226,23041,26875,16,0,0,layered_block,circular,per_chunk,1,1
11227,23041,26875,16,0,0,layered_block,circular,per_chunk,1,1
11228,23042,26959,16,0,0,layered_block,circular,per_chunk,1,1
11229,22958,26792,16,0,0,layered_block,circular,per_chunk,1,1
11230,23666,27958,16,0,0,layered_block,circular,per_chunk,1,1
11231,22792,26625,16,0,0,layered_block,circular,per_chunk,1,1
11232,22958,26875,16,0,0,layered_block,circular,per_chunk,1,1
11233,24125,28083,16,0,0,layered_block,circular,per_chunk,1,1
11234,22959,26875,16,0,0,layered_block,circular,per_chunk,1,1
11235,23417,27333,16,0,0,layered_block,circular,per_chunk,1,1
11236,31000,34958,16,0,0,layered_block,circular,per_chunk,1,1
11237,23084,26916,16,0,0,layered_block,circular,per_chunk,1,1
11238,23417,27292,16,0,0,layered_block,circular,per_chunk,1,1
11239,23250,27209,16,0,0,layered_block,circular,per_chunk,1,1
11240,23166,27042,16,0,0,layered_block,circular,per_chunk,1,1
11241,23625,27417,16,0,0,layered_block,circular,per_chunk,1,1
11242,24333,28250,16,0,0,layered_block,circular,per_chunk,1,1
11243,23500,27375,16,0,0,layered_block,circular,per_chunk,1,1
11244,23166,27042,16,0,0,layered_block,circular,per_chunk,1,1
11245,22792,26708,16,0,0,layered_block,circular,per_chunk,1,1
11246,22959,26833,16,0,0,layered_block,circular,per_chunk,1,1
11247,23250,27375,16,0,0,layered_block,circular,per_chunk,1,1
11248,22750,26625,16,0,0,layered_block,circular,per_chunk,1,1
11249,23084,27000,16,0,0,layered_block,circular,per_chunk,1,1
11250,23083,27042,16,0,0,layered_block,circular,per_chunk,1,1
11251,22750,26625,16,0,0,layered_block,circular,per_chunk,1,1
11252,23000,26917,16,0,0,layered_block,circular,per_chunk,1,1
11253,23917,27875,16,0,0,layered_block,circular,per_chunk,1,1
11254,22833,26750,16,0,0,layered_block,circular,per_chunk,1,1
11255,22959,26916,16,0,0,layered_block,circular,per_chunk,1,1
11256,23125,27459,16,0,0,layered_block,circular,per_chunk,1,1
11257,22792,26708,16,0,0,layered_block,circular,per_chunk,1,1
11258,22958,26875,16,0,0,layered_block,circular,per_chunk,1,1
11259,22750,26666,16,0,0,layered_block,circular,per_chunk,1,1
11260,22958,26917,16,0,0,layered_block,circular,per_chunk,1,1
11261,23750,27667,16,0,0,layered_block,circular,per_chunk,1,1
11262,23084,26958,16,0,0,layered_block,circular,per_chunk,1,1
11263,23000,26875,16,0,0,layered_block,circular,per_chunk,1,1
11264,23042,26959,16,0,0,layered_block,circular,per_chunk,1,1
11265,30541,34542,16,0,0,layered_block,circular,per_chunk,1,1
11266,24084,28000,16,0,0,layered_block,circular,per_chunk,1,1
11267,22958,26833,16,0,0,layered_block,circular,per_chunk,1,1
11268,23208,27459,16,0,0,layered_block,circular,per_chunk,1,1
11269,23375,27209,16,0,0,layered_block,circular,per_chunk,1,1
11270,22834,26750,16,0,0,layered_block,circular,per_chunk,1,1
11271,23625,27541,16,0,0,layered_block,circular,per_chunk,1,1
11272,24166,28000,16,0,0,layered_block,circular,per_chunk,1,1
11273,23250,27167,16,0,0,layered_block,circular,per_chunk,1,1
11274,23708,27750,16,0,0,layered_block,circular,per_chunk,1,1
11275,23167,27084,16,0,0,layered_block,circular,per_chunk,1,1
11276,22916,26708,16,0,0,layered_block,circular,per_chunk,1,1
11277,23000,26959,16,0,0,layered_block,circular,per_chunk,1,1
11278,22833,26625,16,0,0,layered_block,circular,per_chunk,1,1
11279,24583,28375,16,0,0,layered_block,circular,per_chunk,1,1
11280,31000,35041,16,0,0,layered_block,circular,per_chunk,1,1
11281,23625,27458,16,0,0,layered_block,circular,per_chunk,1,1
11282,23750,27917,16,0,0,layered_block,circular,per_chunk,1,1
11283,23000,26917,16,0,0,layered_block,circular,per_chunk,1,1
11284,23833,27708,16,0,0,layered_block,circular,per_chunk,1,1
11285,24625,28625,16,0,0,layered_block,circular,per_chunk,1,1
11286,23417,27833,16,0,0,layered_block,circular,per_chunk,1,1
11287,23375,27250,16,0,0,layered_block,circular,per_chunk,1,1
11288,22958,26833,16,0,0,layered_block,circular,per_chunk,1,1
11289,23625,27709,16,0,0,layered_block,circular,per_chunk,1,1
11290,22792,26709,16,0,0,layered_block,circular,per_chunk,1,1
11291,23000,26833,16,0,0,layered_block,circular,per_chunk,1,1
11292,23458,27375,16,0,0,layered_block,circular,per_chunk,1,1
11293,23125,27000,16,0,0,layered_block,circular,per_chunk,1,1
11294,22875,26709,16,0,0,layered_block,circular,per_chunk,1,1
11295,23625,27541,16,0,0,layered_block,circular,per_chunk,1,1
11296,29458,33458,16,0,0,layered_block,circular,per_chunk,1,1
11297,23792,27584,16,0,0,layered_block,circular,per_chunk,1,1
11298,23000,26875,16,0,0,layered_block,circular,per_chunk,1,1
11299,23750,27625,16,0,0,layered_block,circular,per_chunk,1,1
11300,23833,27750,16,0,0,layered_block,circular,per_chunk,1,1
11301,24459,28250,16,0,0,layered_block,circular,per_chunk,1,1
11302,23583,27417,16,0,0,layered_block,circular,per_chunk,1,1
11303,23167,27125,16,0,0,layered_block,circular,per_chunk,1,1
11304,23042,27000,16,0,0,layered_block,circular,per_chunk,1,1
11305,84375,88541,16,0,0,layered_block,circular,per_chunk,1,1
11306,32958,36875,16,0,0,layered_block,circular,per_chunk,1,1
11307,23250,27167,16,0,0,layered_block,circular,per_chunk,1,1
11308,22958,26875,16,0,0,layered_block,circular,per_chunk,1,1
11309,22750,26625,16,0,0,layered_block,circular,per_chunk,1,1
11310,23917,27750,16,0,0,layered_block,circular,per_chunk,1,1
11311,23208,27125,16,0,0,layered_block,circular,per_chunk,1,1
11312,24041,28000,16,0,0,layered_block,circular,per_chunk,1,1
11313,23000,26916,16,0,0,layered_block,circular,per_chunk,1,1
11314,23584,27500,16,0,0,layered_block,circular,per_chunk,1,1
11315,23916,27750,16,0,0,layered_block,circular,per_chunk,1,1
11316,23250,27042,16,0,0,layered_block,circular,per_chunk,1,1
11317,23209,27000,16,0,0,layered_block,circular,per_chunk,1,1
11318,23458,27500,16,0,0,layered_block,circular,per_chunk,1,1
11319,24167,28334,16,0,0,layered_block,circular,per_chunk,1,1
11320,23209,27084,16,0,0,layered_block,circular,per_chunk,1,1
11321,22875,26750,16,0,0,layered_block,circular,per_chunk,1,1
11322,23084,27041,16,0,0,layered_block,circular,per_chunk,1,1
11323,23334,27250,16,0,0,layered_block,circular,per_chunk,1,1
11324,23167,27125,16,0,0,layered_block,circular,per_chunk,1,1
11325,23792,27708,16,0,0,layered_block,circular,per_chunk,1,1
11326,22833,26792,16,0,0,layered_block,circular,per_chunk,1,1
11327,23417,27292,16,0,0,layered_block,circular,per_chunk,1,1
11328,24125,27959,16,0,0,layered_block,circular,per_chunk,1,1
11329,23542,27416,16,0,0,layered_block,circular,per_chunk,1,1
11330,23292,27125,16,0,0,layered_block,circular,per_chunk,1,1
11331,24125,28042,16,0,0,layered_block,circular,per_chunk,1,1
11332,23292,27209,16,0,0,layered_block,circular,per_chunk,1,1
11333,31125,35083,16,0,0,layered_block,circular,per_chunk,1,1
11334,23209,27041,16,0,0,layered_block,circular,per_chunk,1,1
11335,23458,27333,16,0,0,layered_block,circular,per_chunk,1,1
11336,22834,26709,16,0,0,layered_block,circular,per_chunk,1,1
11337,22875,26709,16,0,0,layered_block,circular,per_chunk,1,1
11338,24166,28000,16,0,0,layered_block,circular,per_chunk,1,1
11339,22917,26833,16,0,0,layered_block,circular,per_chunk,1,1
11340,30792,34750,16,0,0,layered_block,circular,per_chunk,1,1
11341,22875,26708,16,0,0,layered_block,circular,per_chunk,1,1
11342,23334,27208,16,0,0,layered_block,circular,per_chunk,1,1
11343,30125,34167,16,0,0,layered_block,circular,per_chunk,1,1
11344,22958,26875,16,0,0,layered_block,circular,per_chunk,1,1
11345,23708,27542,16,0,0,layered_block,circular,per_chunk,1,1
11346,23083,26917,16,0,0,layered_block,circular,per_chunk,1,1
11347,23459,27375,16,0,0,layered_block,circular,per_chunk,1,1
11348,22750,26667,16,0,0,layered_block,circular,per_chunk,1,1
11349,23000,26792,16,0,0,layered_block,circular,per_chunk,1,1
11350,23084,27000,16,0,0,layered_block,circular,per_chunk,1,1
11351,24208,28125,16,0,0,layered_block,circular,per_chunk,1,1
11352,23250,27041,16,0,0,layered_block,circular,per_chunk,1,1
11353,23125,26959,16,0,0,layered_block,circular,per_chunk,1,1
11354,30042,33959,16,0,0,layered_block,circular,per_chunk,1,1
11355,22958,26959,16,0,0,layered_block,circular,per_chunk,1,1
11356,22792,26709,16,0,0,layered_block,circular,per_chunk,1,1
11357,24041,27875,16,0,0,layered_block,circular,per_chunk,1,1
11358,22958,26875,16,0,0,layered_block,circular,per_chunk,1,1
11359,23208,27125,16,0,0,layered_block,circular,per_chunk,1,1
11360,23416,27292,16,0,0,layered_block,circular,per_chunk,1,1
11361,23291,27166,16,0,0,layered_block,circular,per_chunk,1,1
11362,23959,27834,16,0,0,layered_block,circular,per_chunk,1,1
11363,30875,34834,16,0,0,layered_block,circular,per_chunk,1,1
11364,23416,27291,16,0,0,layered_block,circular,per_chunk,1,1
11365,23666,27542,16,0,0,layered_block,circular,per_chunk,1,1
11366,24167,28084,16,0,0,layered_block,circular,per_chunk,1,1
11367,22959,26833,16,0,0,layered_block,circular,per_chunk,1,1
11368,23458,27333,16,0,0,layered_block,circular,per_chunk,1,1
11369,23083,26916,16,0,0,layered_block,circular,per_chunk,1,1
11370,24291,28167,16,0,0,layered_block,circular,per_chunk,1,1
11371,24209,28083,16,0,0,layered_block,circular,per_chunk,1,1
11372,23875,27667,16,0,0,layered_block,circular,per_chunk,1,1
11373,24625,28500,16,0,0,layered_block,circular,per_chunk,1,1
11374,23500,27375,16,0,0,layered_block,circular,per_chunk,1,1
11375,24667,28458,16,0,0,layered_block,circular,per_chunk,1,1
11376,25750,29542,16,0,0,layered_block,circular,per_chunk,1,1
11377,24250,28084,16,0,0,layered_block,circular,per_chunk,1,1
11378,23875,27875,16,0,0,layered_block,circular,per_chunk,1,1
11379,23583,27458,16,0,0,layered_block,circular,per_chunk,1,1
11380,23208,27042,16,0,0,layered_block,circular,per_chunk,1,1
11381,31875,35791,16,0,0,layered_block,circular,per_chunk,1,1
11382,25792,29875,16,0,0,layered_block,circular,per_chunk,1,1
11383,23875,27667,16,0,0,layered_block,circular,per_chunk,1,1
11384,23209,27041,16,0,0,layered_block,circular,per_chunk,1,1
11385,24417,28333,16,0,0,layered_block,circular,per_chunk,1,1
11386,23541,27458,16,0,0,layered_block,circular,per_chunk,1,1
11387,23375,27166,16,0,0,layered_block,circular,per_chunk,1,1
11388,25500,29333,16,0,0,layered_block,circular,per_chunk,1,1
11389,23125,26958,16,0,0,layered_block,circular,per_chunk,1,1
11390,23125,27583,16,0,0,layered_block,circular,per_chunk,1,1
11391,23250,27250,16,0,0,layered_block,circular,per_chunk,1,1
11392,23209,27083,16,0,0,layered_block,circular,per_chunk,1,1
11393,31958,36000,16,0,0,layered_block,circular,per_chunk,1,1
11394,24666,28792,16,0,0,layered_block,circular,per_chunk,1,1
11395,23125,27000,16,0,0,layered_block,circular,per_chunk,1,1
11396,23750,28000,16,0,0,layered_block,circular,per_chunk,1,1
11397,22833,26709,16,0,0,layered_block,circular,per_chunk,1,1
11398,22791,26666,16,0,0,layered_block,circular,per_chunk,1,1
11399,23333,27500,16,0,0,layered_block,circular,per_chunk,1,1
11400,103750,108000,16,0,0,layered_block,circular,per_chunk,1,1
11401,23167,27084,16,0,0,layered_block,circular,per_chunk,1,1
11402,23333,27167,16,0,0,layered_block,circular,per_chunk,1,1
11403,23833,27750,16,0,0,layered_block,circular,per_chunk,1,1
11404,22750,26625,16,0,0,layered_block,circular,per_chunk,1,1
11405,23208,27125,16,0,0,layered_block,circular,per_chunk,1,1
11406,31792,35667,16,0,0,layered_block,circular,per_chunk,1,1
11407,23500,27333,16,0,0,layered_block,circular,per_chunk,1,1
11408,23000,26792,16,0,0,layered_block,circular,per_chunk,1,1
11409,23583,27541,16,0,0,layered_block,circular,per_chunk,1,1
11410,23625,27416,16,0,0,layered_block,circular,per_chunk,1,1
11411,23250,27041,16,0,0,layered_block,circular,per_chunk,1,1
11412,23167,27000,16,0,0,layered_block,circular,per_chunk,1,1
11413,23417,27250,16,0,0,layered_block,circular,per_chunk,1,1
11414,23833,27667,16,0,0,layered_block,circular,per_chunk,1,1
11415,23542,27417,16,0,0,layered_block,circular,per_chunk,1,1
11416,22792,26583,16,0,0,layered_block,circular,per_chunk,1,1
11417,23417,27334,16,0,0,layered_block,circular,per_chunk,1,1
11418,22667,26500,16,0,0,layered_block,circular,per_chunk,1,1
11419,23666,27458,16,0,0,layered_block,circular,per_chunk,1,1
11420,23708,27625,16,0,0,layered_block,circular,per_chunk,1,1
11421,23583,27958,16,0,0,layered_block,circular,per_chunk,1,1
11422,22958,26792,16,0,0,layered_block,circular,per_chunk,1,1
11423,22917,26750,16,0,0,layered_block,circular,per_chunk,1,1
11424,23542,28000,16,0,0,layered_block,circular,per_chunk,1,1
11425,22791,26667,16,0,0,layered_block,circular,per_chunk,1,1
11426,23084,26875,16,0,0,layered_block,circular,per_chunk,1,1
11427,23875,27708,16,0,0,layered_block,circular,per_chunk,1,1
11428,23542,27500,16,0,0,layered_block,circular,per_chunk,1,1
11429,22958,26791,16,0,0,layered_block,circular,per_chunk,1,1
11430,23000,26792,16,0,0,layered_block,circular,per_chunk,1,1
11431,23542,27375,16,0,0,layered_block,circular,per_chunk,1,1
11432,23083,27000,16,0,0,layered_block,circular,per_chunk,1,1
11433,24333,28208,16,0,0,layered_block,circular,per_chunk,1,1
11434,22834,26834,16,0,0,layered_block,circular,per_chunk,1,1
11435,23083,26875,16,0,0,layered_block,circular,per_chunk,1,1
11436,23584,27416,16,0,0,layered_block,circular,per_chunk,1,1
11437,30167,34000,16,0,0,layered_block,circular,per_chunk,1,1
11438,23625,27458,16,0,0,layered_block,circular,per_chunk,1,1
11439,23541,27458,16,0,0,layered_block,circular,per_chunk,1,1
11440,24125,28041,16,0,0,layered_block,circular,per_chunk,1,1
11441,23584,27417,16,0,0,layered_block,circular,per_chunk,1,1
11442,24750,28583,16,0,0,layered_block,circular,per_chunk,1,1
11443,23833,27667,16,0,0,layered_block,circular,per_chunk,1,1
11444,23667,27625,16,0,0,layered_block,circular,per_chunk,1,1
11445,24750,28584,16,0,0,layered_block,circular,per_chunk,1,1
11446,22875,26709,16,0,0,layered_block,circular,per_chunk,1,1
11447,22792,26708,16,0,0,layered_block,circular,per_chunk,1,1
11448,23000,27166,16,0,0,layered_block,circular,per_chunk,1,1
11449,23791,27667,16,0,0,layered_block,circular,per_chunk,1,1
11450,24125,27916,16,0,0,layered_block,circular,per_chunk,1,1
11451,24334,28167,16,0,0,layered_block,circular,per_chunk,1,1
11452,23417,27625,16,0,0,layered_block,circular,per_chunk,1,1
11453,23000,26833,16,0,0,layered_block,circular,per_chunk,1,1
11454,23333,27250,16,0,0,layered_block,circular,per_chunk,1,1
11455,23250,27042,16,0,0,layered_block,circular,per_chunk,1,1
11456,23292,27292,16,0,0,layered_block,circular,per_chunk,1,1
11457,104125,108209,16,0,0,layered_block,circular,per_chunk,1,1
11458,23750,27583,16,0,0,layered_block,circular,per_chunk,1,1
11459,23000,26834,16,0,0,layered_block,circular,per_chunk,1,1
11460,22958,26750,16,0,0,layered_block,circular,per_chunk,1,1
11461,24250,28208,16,0,0,layered_block,circular,per_chunk,1,1
11462,22959,26834,16,0,0,layered_block,circular,per_chunk,1,1
11463,22750,26584,16,0,0,layered_block,circular,per_chunk,1,1
11464,23584,27375,16,0,0,layered_block,circular,per_chunk,1,1
11465,31209,35416,16,0,0,layered_block,circular,per_chunk,1,1
11466,22750,26583,16,0,0,layered_block,circular,per_chunk,1,1
11467,23292,27209,16,0,0,layered_block,circular,per_chunk,1,1
11468,29000,32917,16,0,0,layered_block,circular,per_chunk,1,1
11469,23375,27167,16,0,0,layered_block,circular,per_chunk,1,1
11470,23208,27083,16,0,0,layered_block,circular,per_chunk,1,1
11471,23959,27833,16,0,0,layered_block,circular,per_chunk,1,1
11472,23416,27375,16,0,0,layered_block,circular,per_chunk,1,1
11473,22833,26667,16,0,0,layered_block,circular,per_chunk,1,1
11474,22583,26458,16,0,0,layered_block,circular,per_chunk,1,1
11475,23709,27625,16,0,0,layered_block,circular,per_chunk,1,1
11476,24084,28000,16,0,0,layered_block,circular,per_chunk,1,1
11477,24041,27917,16,0,0,layered_block,circular,per_chunk,1,1
11478,23083,26917,16,0,0,layered_block,circular,per_chunk,1,1
11479,23291,27250,16,0,0,layered_block,circular,per_chunk,1,1
11480,22833,26709,16,0,0,layered_block,circular,per_chunk,1,1
11481,22791,26583,16,0,0,layered_block,circular,per_chunk,1,1
11482,32125,36083,16,0,0,layered_block,circular,per_chunk,1,1
11483,23208,27083,16,0,0,layered_block,circular,per_chunk,1,1
11484,23583,27417,16,0,0,layered_block,circular,per_chunk,1,1
11485,24708,28625,16,0,0,layered_block,circular,per_chunk,1,1
11486,23792,27625,16,0,0,layered_block,circular,per_chunk,1,1
11487,22791,26666,16,0,0,layered_block,circular,per_chunk,1,1
11488,23750,27500,16,0,0,layered_block,circular,per_chunk,1,1
11489,24500,28375,16,0,0,layered_block,circular,per_chunk,1,1
11490,23250,27084,16,0,0,layered_block,circular,per_chunk,1,1
11491,32875,36875,16,0,0,layered_block,circular,per_chunk,1,1
11492,23416,27292,16,0,0,layered_block,circular,per_chunk,1,1
11493,24125,27958,16,0,0,layered_block,circular,per_chunk,1,1
11494,24000,27875,16,0,0,layered_block,circular,per_chunk,1,1
11495,23166,27042,16,0,0,layered_block,circular,per_chunk,1,1
11496,24250,28125,16,0,0,layered_block,circular,per_chunk,1,1
11497,23417,27291,16,0,0,layered_block,circular,per_chunk,1,1
11498,24042,27916,16,0,0,layered_block,circular,per_chunk,1,1
11499,23750,27625,16,0,0,layered_block,circular,per_chunk,1,1
11500,23250,27167,16,0,0,layered_block,circular,per_chunk,1,1
11501,24375,28250,16,0,0,layered_block,circular,per_chunk,1,1
11502,24875,28750,16,0,0,layered_block,circular,per_chunk,1,1
11503,23000,26875,16,0,0,layered_block,circular,per_chunk,1,1
11504,23334,27125,16,0,0,layered_block,circular,per_chunk,1,1
11505,23834,27667,16,0,0,layered_block,circular,per_chunk,1,1
11506,23375,27750,16,0,0,layered_block,circular,per_chunk,1,1
11507,23042,26917,16,0,0,layered_block,circular,per_chunk,1,1
11508,23583,27333,16,0,0,layered_block,circular,per_chunk,1,1
11509,24458,28375,16,0,0,layered_block,circular,per_chunk,1,1
11510,30792,34791,16,0,0,layered_block,circular,per_chunk,1,1
11511,22917,26750,16,0,0,layered_block,circular,per_chunk,1,1
11512,22750,26958,16,0,0,layered_block,circular,per_chunk,1,1
11513,23208,27083,16,0,0,layered_block,circular,per_chunk,1,1
11514,22875,26750,16,0,0,layered_block,circular,per_chunk,1,1
11515,24292,28125,16,0,0,layered_block,circular,per_chunk,1,1
11516,22708,26625,16,0,0,layered_block,circular,per_chunk,1,1
11517,23000,26875,16,0,0,layered_block,circular,per_chunk,1,1
11518,23125,27084,16,0,0,layered_block,circular,per_chunk,1,1
11519,23417,27375,16,0,0,layered_block,circular,per_chunk,1,1
11520,23000,26875,16,0,0,layered_block,circular,per_chunk,1,1
11521,22917,26792,16,0,0,layered_block,circular,per_chunk,1,1
11522,23708,27542,16,0,0,layered_block,circular,per_chunk,1,1
11523,23208,27000,16,0,0,layered_block,circular,per_chunk,1,1
11524,23000,33000,16,0,0,layered_block,circular,per_chunk,1,1
11525,22917,26667,16,0,0,layered_block,circular,per_chunk,1,1
11526,23458,27750,16,0,0,layered_block,circular,per_chunk,1,1
11527,22833,26666,16,0,0,layered_block,circular,per_chunk,1,1
11528,24042,27875,16,0,0,layered_block,circular,per_chunk,1,1
11529,23000,27250,16,0,0,layered_block,circular,per_chunk,1,1
11530,22750,26625,16,0,0,layered_block,circular,per_chunk,1,1
11531,23500,27334,16,0,0,layered_block,circular,per_chunk,1,1
11532,30542,34500,16,0,0,layered_block,circular,per_chunk,1,1
11533,22791,26541,16,0,0,layered_block,circular,per_chunk,1,1
11534,23375,27333,16,0,0,layered_block,circular,per_chunk,1,1
11535,23708,27458,16,0,0,layered_block,circular,per_chunk,1,1
11536,23792,27583,16,0,0,layered_block,circular,per_chunk,1,1
11537,23791,27750,16,0,0,layered_block,circular,per_chunk,1,1
11538,22875,26750,16,0,0,layered_block,circular,per_chunk,1,1
11539,22667,26500,16,0,0,layered_block,circular,per_chunk,1,1
11540,24041,28000,16,0,0,layered_block,circular,per_chunk,1,1
11541,31500,35458,16,0,0,layered_block,circular,per_chunk,1,1
11542,31334,35250,16,0,0,layered_block,circular,per_chunk,1,1
11543,22791,26583,16,0,0,layered_block,circular,per_chunk,1,1
11544,22916,27125,16,0,0,layered_block,circular,per_chunk,1,1
11545,23208,27084,16,0,0,layered_block,circular,per_chunk,1,1
11546,22750,26542,16,0,0,layered_block,circular,per_chunk,1,1
11547,30042,34000,16,0,0,layered_block,circular,per_chunk,1,1
11548,22833,26666,16,0,0,layered_block,circular,per_chunk,1,1
11549,23000,26833,16,0,0,layered_block,circular,per_chunk,1,1
11550,30459,34375,16,0,0,layered_block,circular,per_chunk,1,1
11551,23375,27167,16,0,0,layered_block,circular,per_chunk,1,1
11552,23542,27875,16,0,0,layered_block,circular,per_chunk,1,1
11553,22750,26667,16,0,0,layered_block,circular,per_chunk,1,1
11554,23250,27083,16,0,0,layered_block,circular,per_chunk,1,1
11555,23166,27083,16,0,0,layered_block,circular,per_chunk,1,1
11556,29875,33791,16,0,0,layered_block,circular,per_chunk,1,1
11557,23000,26792,16,0,0,layered_block,circular,per_chunk,1,1
11558,23542,27708,16,0,0,layered_block,circular,per_chunk,1,1
11559,23083,27000,16,0,0,layered_block,circular,per_chunk,1,1
11560,23042,26917,16,0,0,layered_block,circular,per_chunk,1,1
11561,83708,88583,16,0,0,layered_block,circular,per_chunk,1,1
11562,23958,28458,16,0,0,layered_block,circular,per_chunk,1,1
11563,22875,26709,16,0,0,layered_block,circular,per_chunk,1,1
11564,22750,26666,16,0,0,layered_block,circular,per_chunk,1,1
11565,22667,26583,16,0,0,layered_block,circular,per_chunk,1,1
11566,23333,27083,16,0,0,layered_block,circular,per_chunk,1,1
11567,23208,27167,16,0,0,layered_block,circular,per_chunk,1,1
11568,23625,27458,16,0,0,layered_block,circular,per_chunk,1,1
11569,23208,27000,16,0,0,layered_block,circular,per_chunk,1,1
11570,23500,27416,16,0,0,layered_block,circular,per_chunk,1,1
11571,23000,26875,16,0,0,layered_block,circular,per_chunk,1,1
11572,23625,27500,16,0,0,layered_block,circular,per_chunk,1,1
11573,23709,27666,16,0,0,layered_block,circular,per_chunk,1,1
11574,22750,26583,16,0,0,layered_block,circular,per_chunk,1,1
11575,23667,27541,16,0,0,layered_block,circular,per_chunk,1,1
11576,23167,27084,16,0,0,layered_block,circular,per_chunk,1,1
11577,31250,35167,16,0,0,layered_block,circular,per_chunk,1,1
11578,23750,27542,16,0,0,layered_block,circular,per_chunk,1,1
11579,23041,27250,16,0,0,layered_block,circular,per_chunk,1,1
11580,23125,27042,16,0,0,layered_block,circular,per_chunk,1,1
11581,25458,29333,16,0,0,layered_block,circular,per_chunk,1,1
11582,23083,26875,16,0,0,layered_block,circular,per_chunk,1,1
11583,23917,27709,16,0,0,layered_block,circular,per_chunk,1,1
11584,23375,27209,16,0,0,layered_block,circular,per_chunk,1,1
11585,23708,27583,16,0,0,layered_block,circular,per_chunk,1,1
11586,31334,35333,16,0,0,layered_block,circular,per_chunk,1,1
11587,22833,26625,16,0,0,layered_block,circular,per_chunk,1,1
11588,23042,26792,16,0,0,layered_block,circular,per_chunk,1,1
11589,23209,27250,16,0,0,layered_block,circular,per_chunk,1,1
11590,23000,26875,16,0,0,layered_block,circular,per_chunk,1,1
11591,23500,27334,16,0,0,layered_block,circular,per_chunk,1,1
11592,23292,27083,16,0,0,layered_block,circular,per_chunk,1,1
11593,22792,26666,16,0,0,layered_block,circular,per_chunk,1,1
11594,25667,29500,16,0,0,layered_block,circular,per_chunk,1,1
11595,23500,27375,16,0,0,layered_block,circular,per_chunk,1,1
11596,23541,27416,16,0,0,layered_block,circular,per_chunk,1,1
11597,23167,27041,16,0,0,layered_block,circular,per_chunk,1,1
11598,22834,26625,16,0,0,layered_block,circular,per_chunk,1,1
11599,32292,36209,16,0,0,layered_block,circular,per_chunk,1,1
11600,23292,27083,16,0,0,layered_block,circular,per_chunk,1,1
11601,23250,27125,16,0,0,layered_block,circular,per_chunk,1,1
11602,23208,27625,16,0,0,layered_block,circular,per_chunk,1,1
11603,23125,26958,16,0,0,layered_block,circular,per_chunk,1,1
11604,22750,26584,16,0,0,layered_block,circular,per_chunk,1,1
11605,23458,27792,16,0,0,layered_block,circular,per_chunk,1,1
11606,23750,27625,16,0,0,layered_block,circular,per_chunk,1,1
11607,25334,29291,16,0,0,layered_block,circular,per_chunk,1,1
11608,24000,27917,16,0,0,layered_block,circular,per_chunk,1,1
11609,23125,27000,16,0,0,layered_block,circular,per_chunk,1,1
11610,22959,26792,16,0,0,layered_block,circular,per_chunk,1,1
11611,22917,26750,16,0,0,layered_block,circular,per_chunk,1,1
11612,31459,35416,16,0,0,layered_block,circular,per_chunk,1,1
11613,23083,26833,16,0,0,layered_block,circular,per_chunk,1,1
11614,23084,27000,16,0,0,layered_block,circular,per_chunk,1,1
11615,23750,27583,16,0,0,layered_block,circular,per_chunk,1,1
11616,23250,27041,16,0,0,layered_block,circular,per_chunk,1,1
11617,23750,27625,16,0,0,layered_block,circular,per_chunk,1,1
11618,23000,27417,16,0,0,layered_block,circular,per_chunk,1,1
11619,23000,26917,16,0,0,layered_block,circular,per_chunk,1,1
11620,100292,105875,16,0,0,layered_block,circular,per_chunk,1,1
11621,23292,27084,16,0,0,layered_block,circular,per_chunk,1,1
11622,22792,26667,16,0,0,layered_block,circular,per_chunk,1,1
11623,23291,27083,16,0,0,layered_block,circular,per_chunk,1,1
11624,23458,27417,16,0,0,layered_block,circular,per_chunk,1,1
11625,23041,26875,16,0,0,layered_block,circular,per_chunk,1,1
11626,23125,26917,16,0,0,layered_block,circular,per_chunk,1,1
11627,22917,26708,16,0,0,layered_block,circular,per_chunk,1,1
11628,31041,34958,16,0,0,layered_block,circular,per_chunk,1,1
11629,23208,27000,16,0,0,layered_block,circular,per_chunk,1,1
11630,23542,27292,16,0,0,layered_block,circular,per_chunk,1,1
11631,30708,34667,16,0,0,layered_block,circular,per_chunk,1,1
11632,22750,26500,16,0,0,layered_block,circular,per_chunk,1,1
11633,23250,27084,16,0,0,layered_block,circular,per_chunk,1,1
11634,23167,27167,16,0,0,layered_block,circular,per_chunk,1,1
11635,23750,27584,16,0,0,layered_block,circular,per_chunk,1,1
11636,23416,27292,16,0,0,layered_block,circular,per_chunk,1,1
11637,24042,27875,16,0,0,layered_block,circular,per_chunk,1,1
11638,23666,27542,16,0,0,layered_block,circular,per_chunk,1,1
11639,22709,26541,16,0,0,layered_block,circular,per_chunk,1,1
11640,23541,27416,16,0,0,layered_block,circular,per_chunk,1,1
11641,23917,27834,16,0,0,layered_block,circular,per_chunk,1,1
11642,22875,26750,16,0,0,layered_block,circular,per_chunk,1,1
11643,23167,27042,16,0,0,layered_block,circular,per_chunk,1,1
11644,23000,26875,16,0,0,layered_block,circular,per_chunk,1,1
11645,22958,26750,16,0,0,layered_block,circular,per_chunk,1,1
11646,23416,27417,16,0,0,layered_block,circular,per_chunk,1,1
11647,23167,27042,16,0,0,layered_block,circular,per_chunk,1,1
11648,22792,26708,16,0,0,layered_block,circular,per_chunk,1,1
11649,22959,26834,16,0,0,layered_block,circular,per_chunk,1,1
11650,23584,27500,16,0,0,layered_block,circular,per_chunk,1,1
11651,23125,27041,16,0,0,layered_block,circular,per_chunk,1,1
11652,23792,27750,16,0,0,layered_block,circular,per_chunk,1,1
11653,24250,28083,16,0,0,layered_block,circular,per_chunk,1,1
11654,23250,27125,16,0,0,layered_block,circular,per_chunk,1,1
11655,23625,27500,16,0,0,layered_block,circular,per_chunk,1,1
11656,23250,27584,16,0,0,layered_block,circular,per_chunk,1,1
11657,23042,26958,16,0,0,layered_block,circular,per_chunk,1,1
11658,23500,27333,16,0,0,layered_block,circular,per_chunk,1,1
11659,23667,27584,16,0,0,layered_block,circular,per_chunk,1,1
11660,23167,27084,16,0,0,layered_block,circular,per_chunk,1,1
11661,22916,26708,16,0,0,layered_block,circular,per_chunk,1,1
11662,23167,27042,16,0,0,layered_block,circular,per_chunk,1,1
11663,22959,26834,16,0,0,layered_block,circular,per_chunk,1,1
11664,23166,27042,16,0,0,layered_block,circular,per_chunk,1,1
11665,23667,27583,16,0,0,layered_block,circular,per_chunk,1,1
11666,24709,34292,16,0,0,layered_block,circular,per_chunk,1,1
11667,23000,26834,16,0,0,layered_block,circular,per_chunk,1,1
11668,23625,27500,16,0,0,layered_block,circular,per_chunk,1,1
11669,31417,35334,16,0,0,layered_block,circular,per_chunk,1,1
11670,23541,27375,16,0,0,layered_block,circular,per_chunk,1,1
11671,23208,27041,16,0,0,layered_block,circular,per_chunk,1,1
11672,23250,27166,16,0,0,layered_block,circular,per_chunk,1,1
11673,23875,28042,16,0,0,layered_block,circular,per_chunk,1,1
11674,22709,26500,16,0,0,layered_block,circular,per_chunk,1,1
11675,23500,27958,16,0,0,layered_block,circular,per_chunk,1,1
11676,22959,26833,16,0,0,layered_block,circular,per_chunk,1,1
11677,22708,26541,16,0,0,layered_block,circular,per_chunk,1,1
11678,31292,35292,16,0,0,layered_block,circular,per_chunk,1,1
11679,107417,111750,16,0,0,layered_block,circular,per_chunk,1,1
11680,23042,26916,16,0,0,layered_block,circular,per_chunk,1,1
11681,23333,27208,16,0,0,layered_block,circular,per_chunk,1,1
11682,23375,27333,16,0,0,layered_block,circular,per_chunk,1,1
11683,22708,26583,16,0,0,layered_block,circular,per_chunk,1,1
11684,23875,27958,16,0,0,layered_block,circular,per_chunk,1,1
11685,23291,27125,16,0,0,layered_block,circular,per_chunk,1,1
11686,23459,27250,16,0,0,layered_block,circular,per_chunk,1,1
11687,23125,26958,16,0,0,layered_block,circular,per_chunk,1,1
11688,31667,35625,16,0,0,layered_block,circular,per_chunk,1,1
11689,23500,27291,16,0,0,layered_block,circular,per_chunk,1,1
11690,22959,26834,16,0,0,layered_block,circular,per_chunk,1,1
11691,31166,35041,16,0,0,layered_block,circular,per_chunk,1,1
11692,22916,26833,16,0,0,layered_block,circular,per_chunk,1,1
11693,23292,27125,16,0,0,layered_block,circular,per_chunk,1,1
11694,23875,27792,16,0,0,layered_block,circular,per_chunk,1,1
11695,22708,26584,16,0,0,layered_block,circular,per_chunk,1,1
11696,23000,26791,16,0,0,layered_block,circular,per_chunk,1,1
11697,22916,27334,16,0,0,layered_block,circular,per_chunk,1,1
11698,22792,26666,16,0,0,layered_block,circular,per_chunk,1,1
11699,23667,27417,16,0,0,layered_block,circular,per_chunk,1,1
11700,23500,27292,16,0,0,layered_block,circular,per_chunk,1,1
11701,23375,34333,16,0,0,layered_block,circular,per_chunk,1,1
11702,23708,27542,16,0,0,layered_block,circular,per_chunk,1,1
11703,23958,27792,16,0,0,layered_block,circular,per_chunk,1,1
11704,29542,33417,16,0,0,layered_block,circular,per_chunk,1,1
11705,23542,27292,16,0,0,layered_block,circular,per_chunk,1,1
11706,24042,27792,16,0,0,layered_block,circular,per_chunk,1,1
11707,23375,27375,16,0,0,layered_block,circular,per_chunk,1,1
11708,22750,26584,16,0,0,layered_block,circular,per_chunk,1,1
11709,23083,26917,16,0,0,layered_block,circular,per_chunk,1,1
11710,23500,27375,16,0,0,layered_block,circular,per_chunk,1,1
11711,23250,27334,16,0,0,layered_block,circular,per_chunk,1,1
11712,23625,27375,16,0,0,layered_block,circular,per_chunk,1,1
11713,23417,27292,16,0,0,layered_block,circular,per_chunk,1,1
11714,23833,27708,16,0,0,layered_block,circular,per_chunk,1,1
11715,22917,26833,16,0,0,layered_block,circular,per_chunk,1,1
11716,23375,27166,16,0,0,layered_block,circular,per_chunk,1,1
11717,31375,35292,16,0,0,layered_block,circular,per_chunk,1,1
11718,22875,26666,16,0,0,layered_block,circular,per_chunk,1,1
11719,23459,27291,16,0,0,layered_block,circular,per_chunk,1,1
11720,23084,27084,16,0,0,layered_block,circular,per_chunk,1,1
11721,22792,26625,16,0,0,layered_block,circular,per_chunk,1,1
11722,23083,26917,16,0,0,layered_block,circular,per_chunk,1,1
11723,23500,27417,16,0,0,layered_block,circular,per_chunk,1,1
11724,22959,26833,16,0,0,layered_block,circular,per_chunk,1,1
11725,23125,26958,16,0,0,layered_block,circular,per_chunk,1,1
11726,23083,26917,16,0,0,layered_block,circular,per_chunk,1,1
11727,31083,35000,16,0,0,layered_block,circular,per_chunk,1,1
11728,23125,26917,16,0,0,layered_block,circular,per_chunk,1,1
11729,23166,27041,16,0,0,layered_block,circular,per_chunk,1,1
11730,23334,27167,16,0,0,layered_block,circular,per_chunk,1,1
11731,23083,26958,16,0,0,layered_block,circular,per_chunk,1,1
11732,23958,27708,16,0,0,layered_block,circular,per_chunk,1,1
11733,23292,27708,16,0,0,layered_block,circular,per_chunk,1,1
11734,23583,27459,16,0,0,layered_block,circular,per_chunk,1,1
11735,23084,26959,16,0,0,layered_block,circular,per_chunk,1,1
11736,23750,27667,16,0,0,layered_block,circular,per_chunk,1,1
11737,23500,27375,16,0,0,layered_block,circular,per_chunk,1,1
11738,23459,27375,16,0,0,layered_block,circular,per_chunk,1,1
11739,23542,27334,16,0,0,layered_block,circular,per_chunk,1,1
11740,30000,33833,16,0,0,layered_block,circular,per_chunk,1,1
11741,23500,27375,16,0,0,layered_block,circular,per_chunk,1,1
11742,23167,26958,16,0,0,layered_block,circular,per_chunk,1,1
11743,29958,33792,16,0,0,layered_block,circular,per_chunk,1,1
11744,23542,27333,16,0,0,layered_block,circular,per_chunk,1,1
11745,23458,27250,16,0,0,layered_block,circular,per_chunk,1,1
11746,23834,27834,16,0,0,layered_block,circular,per_chunk,1,1
11747,22792,26667,16,0,0,layered_block,circular,per_chunk,1,1
11748,23375,27208,16,0,0,layered_block,circular,per_chunk,1,1
11749,23125,27167,16,0,0,layered_block,circular,per_chunk,1,1
11750,22750,26667,16,0,0,layered_block,circular,per_chunk,1,1
11751,24500,28333,16,0,0,layered_block,circular,per_chunk,1,1
11752,25041,28958,16,0,0,layered_block,circular,per_chunk,1,1
11753,23000,26875,16,0,0,layered_block,circular,per_chunk,1,1
11754,23250,27041,16,0,0,layered_block,circular,per_chunk,1,1
11755,22958,26875,16,0,0,layered_block,circular,per_chunk,1,1
11756,22958,26875,16,0,0,layered_block,circular,per_chunk,1,1
11757,23250,27083,16,0,0,layered_block,circular,per_chunk,1,1
11758,23750,27625,16,0,0,layered_block,circular,per_chunk,1,1
11759,24167,28042,16,0,0,layered_block,circular,per_chunk,1,1
11760,23542,27459,16,0,0,layered_block,circular,per_chunk,1,1
11761,23166,27041,16,0,0,layered_block,circular,per_chunk,1,1
11762,31041,34958,16,0,0,layered_block,circular,per_chunk,1,1
11763,23209,27000,16,0,0,layered_block,circular,per_chunk,1,1
11764,23250,27084,16,0,0,layered_block,circular,per_chunk,1,1
11765,23584,27584,16,0,0,layered_block,circular,per_chunk,1,1
11766,23042,26916,16,0,0,layered_block,circular,per_chunk,1,1
11767,22917,26792,16,0,0,layered_block,circular,per_chunk,1,1
11768,23417,27333,16,0,0,layered_block,circular,per_chunk,1,1
11769,23250,27166,16,0,0,layered_block,circular,per_chunk,1,1
11770,23000,26833,16,0,0,layered_block,circular,per_chunk,1,1
11771,24375,28208,16,0,0,layered_block,circular,per_chunk,1,1
11772,22875,27167,16,0,0,layered_block,circular,per_chunk,1,1
11773,23042,26916,16,0,0,layered_block,circular,per_chunk,1,1
11774,23625,27542,16,0,0,layered_block,circular,per_chunk,1,1
11775,31292,35125,16,0,0,layered_block,circular,per_chunk,1,1
11776,24416,28208,16,0,0,layered_block,circular,per_chunk,1,1
11777,24333,28208,16,0,0,layered_block,circular,per_chunk,1,1
11778,22917,26958,16,0,0,layered_block,circular,per_chunk,1,1
11779,31875,35834,16,0,0,layered_block,circular,per_chunk,1,1
11780,23792,27667,16,0,0,layered_block,circular,per_chunk,1,1
11781,23666,27458,16,0,0,layered_block,circular,per_chunk,1,1
11782,23583,27417,16,0,0,layered_block,circular,per_chunk,1,1
11783,22958,26833,16,0,0,layered_block,circular,per_chunk,1,1
11784,23500,27291,16,0,0,layered_block,circular,per_chunk,1,1
11785,23500,27333,16,0,0,layered_block,circular,per_chunk,1,1
11786,30792,34750,16,0,0,layered_block,circular,per_chunk,1,1
11787,23375,27167,16,0,0,layered_block,circular,per_chunk,1,1
11788,23542,27416,16,0,0,layered_block,circular,per_chunk,1,1
11789,31834,35750,16,0,0,layered_block,circular,per_chunk,1,1
11790,23834,27667,16,0,0,layered_block,circular,per_chunk,1,1
11791,23708,27500,16,0,0,layered_block,circular,per_chunk,1,1
11792,23417,27334,16,0,0,layered_block,circular,per_chunk,1,1
11793,22916,26833,16,0,0,layered_block,circular,per_chunk,1,1
11794,24584,28375,16,0,0,layered_block,circular,per_chunk,1,1
11795,23750,27667,16,0,0,layered_block,circular,per_chunk,1,1
11796,23125,27000,16,0,0,layered_block,circular,per_chunk,1,1
11797,23375,27250,16,0,0,layered_block,circular,per_chunk,1,1
11798,23208,27125,16,0,0,layered_block,circular,per_chunk,1,1
11799,30666,34583,16,0,0,layered_block,circular,per_chunk,1,1
11800,22791,26583,16,0,0,layered_block,circular,per_chunk,1,1
11801,22625,26459,16,0,0,layered_block,circular,per_chunk,1,1
11802,22875,26750,16,0,0,layered_block,circular,per_chunk,1,1
11803,23042,26875,16,0,0,layered_block,circular,per_chunk,1,1
11804,23125,26917,16,0,0,layered_block,circular,per_chunk,1,1
11805,23208,27458,16,0,0,layered_block,circular,per_chunk,1,1
11806,23375,27208,16,0,0,layered_block,circular,per_chunk,1,1
11807,23125,27000,16,0,0,layered_block,circular,per_chunk,1,1
11808,24541,35833,16,0,0,layered_block,circular,per_chunk,1,1
11809,22750,26583,16,0,0,layered_block,circular,per_chunk,1,1
11810,23125,26917,16,0,0,layered_block,circular,per_chunk,1,1
11811,23250,27208,16,0,0,layered_block,circular,per_chunk,1,1
11812,22917,26750,16,0,0,layered_block,circular,per_chunk,1,1
11813,23167,27083,16,0,0,layered_block,circular,per_chunk,1,1
11814,31042,35000,16,0,0,layered_block,circular,per_chunk,1,1
11815,22875,26708,16,0,0,layered_block,circular,per_chunk,1,1
11816,24208,28166,16,0,0,layered_block,circular,per_chunk,1,1
11817,23334,27750,16,0,0,layered_block,circular,per_chunk,1,1
11818,23167,27041,16,0,0,layered_block,circular,per_chunk,1,1
11819,22750,26541,16,0,0,layered_block,circular,per_chunk,1,1
11820,23417,27334,16,0,0,layered_block,circular,per_chunk,1,1
11821,22750,26625,16,0,0,layered_block,circular,per_chunk,1,1
11822,22625,26500,16,0,0,layered_block,circular,per_chunk,1,1
11823,23792,27625,16,0,0,layered_block,circular,per_chunk,1,1
11824,23416,27291,16,0,0,layered_block,circular,per_chunk,1,1
11825,23167,27000,16,0,0,layered_block,circular,per_chunk,1,1
11826,23792,27667,16,0,0,layered_block,circular,per_chunk,1,1
11827,23000,26833,16,0,0,layered_block,circular,per_chunk,1,1
11828,22958,26792,16,0,0,layered_block,circular,per_chunk,1,1
11829,30458,34375,16,0,0,layered_block,circular,per_chunk,1,1
11830,23042,26875,16,0,0,layered_block,circular,per_chunk,1,1
11831,23000,26791,16,0,0,layered_block,circular,per_chunk,1,1
11832,23583,27417,16,0,0,layered_block,circular,per_chunk,1,1
11833,22959,26792,16,0,0,layered_block,circular,per_chunk,1,1
11834,23417,27250,16,0,0,layered_block,circular,per_chunk,1,1
11835,23250,27125,16,0,0,layered_block,circular,per_chunk,1,1
11836,24042,27875,16,0,0,layered_block,circular,per_chunk,1,1
11837,24083,28458,16,0,0,layered_block,circular,per_chunk,1,1
11838,23417,27458,16,0,0,layered_block,circular,per_chunk,1,1
11839,23333,27209,16,0,0,layered_block,circular,per_chunk,1,1
11840,22791,26667,16,0,0,layered_block,circular,per_chunk,1,1
11841,23000,27416,16,0,0,layered_block,circular,per_chunk,1,1
11842,22708,26584,16,0,0,layered_block,circular,per_chunk,1,1
11843,23166,27041,16,0,0,layered_block,circular,per_chunk,1,1
11844,23500,27375,16,0,0,layered_block,circular,per_chunk,1,1
11845,22875,26709,16,0,0,layered_block,circular,per_chunk,1,1
11846,22750,26584,16,0,0,layered_block,circular,per_chunk,1,1
11847,30458,34417,16,0,0,layered_block,circular,per_chunk,1,1
11848,22666,26458,16,0,0,layered_block,circular,per_chunk,1,1
11849,23250,27459,16,0,0,layered_block,circular,per_chunk,1,1
11850,22875,27334,16,0,0,layered_block,circular,per_chunk,1,1
11851,23042,26916,16,0,0,layered_block,circular,per_chunk,1,1
11852,23333,27167,16,0,0,layered_block,circular,per_chunk,1,1
11853,30792,34708,16,0,0,layered_block,circular,per_chunk,1,1
11854,22792,26625,16,0,0,layered_block,circular,per_chunk,1,1
11855,23083,27250,16,0,0,layered_block,circular,per_chunk,1,1
11856,23959,33459,16,0,0,layered_block,circular,per_chunk,1,1
11857,23000,26833,16,0,0,layered_block,circular,per_chunk,1,1
11858,23000,26834,16,0,0,layered_block,circular,per_chunk,1,1
11859,22709,26625,16,0,0,layered_block,circular,per_chunk,1,1
11860,23000,26791,16,0,0,layered_block,circular,per_chunk,1,1
11861,23208,27166,16,0,0,layered_block,circular,per_chunk,1,1
11862,22959,26833,16,0,0,layered_block,circular,per_chunk,1,1
11863,23041,26791,16,0,0,layered_block,circular,per_chunk,1,1
11864,23917,27917,16,0,0,layered_block,circular,per_chunk,1,1
11865,24333,28208,16,0,0,layered_block,circular,per_chunk,1,1
11866,23917,27709,16,0,0,layered_block,circular,per_chunk,1,1
11867,24208,28458,16,0,0,layered_block,circular,per_chunk,1,1
11868,23125,27042,16,0,0,layered_block,circular,per_chunk,1,1
11869,24042,27875,16,0,0,layered_block,circular,per_chunk,1,1
11870,25125,29208,16,0,0,layered_block,circular,per_chunk,1,1
11871,23167,27042,16,0,0,layered_block,circular,per_chunk,1,1
11872,23500,27292,16,0,0,layered_block,circular,per_chunk,1,1
11873,22917,27292,16,0,0,layered_block,circular,per_chunk,1,1
11874,23583,27459,16,0,0,layered_block,circular,per_chunk,1,1
11875,23500,27375,16,0,0,layered_block,circular,per_chunk,1,1
11876,23750,27542,16,0,0,layered_block,circular,per_chunk,1,1
11877,22875,26750,16,0,0,layered_block,circular,per_chunk,1,1
11878,23542,27416,16,0,0,layered_block,circular,per_chunk,1,1
11879,23125,27083,16,0,0,layered_block,circular,per_chunk,1,1
11880,23125,27042,16,0,0,layered_block,circular,per_chunk,1,1
11881,22959,26750,16,0,0,layered_block,circular,per_chunk,1,1
11882,30584,34583,16,0,0,layered_block,circular,per_chunk,1,1
11883,23542,27375,16,0,0,layered_block,circular,per_chunk,1,1
11884,22959,26792,16,0,0,layered_block,circular,per_chunk,1,1
11885,23083,27000,16,0,0,layered_block,circular,per_chunk,1,1
11886,22958,26834,16,0,0,layered_block,circular,per_chunk,1,1
11887,22917,26750,16,0,0,layered_block,circular,per_chunk,1,1
11888,22708,26625,16,0,0,layered_block,circular,per_chunk,1,1
11889,81167,85250,16,0,0,layered_block,circular,per_chunk,1,1
11890,23125,27042,16,0,0,layered_block,circular,per_chunk,1,1
11891,23292,27167,16,0,0,layered_block,circular,per_chunk,1,1
11892,22916,26750,16,0,0,layered_block,circular,per_chunk,1,1
11893,23083,27500,16,0,0,layered_block,circular,per_chunk,1,1
11894,22708,26542,16,0,0,layered_block,circular,per_chunk,1,1
11895,22750,26625,16,0,0,layered_block,circular,per_chunk,1,1
11896,23250,27500,16,0,0,layered_block,circular,per_chunk,1,1
11897,22625,26459,16,0,0,layered_block,circular,per_chunk,1,1
11898,23291,27167,16,0,0,layered_block,circular,per_chunk,1,1
11899,22791,26666,16,0,0,layered_block,circular,per_chunk,1,1
11900,22875,26791,16,0,0,layered_block,circular,per_chunk,1,1
11901,23167,27125,16,0,0,layered_block,circular,per_chunk,1,1
11902,23583,27416,16,0,0,layered_block,circular,per_chunk,1,1
11903,23916,27875,16,0,0,layered_block,circular,per_chunk,1,1
11904,23708,27583,16,0,0,layered_block,circular,per_chunk,1,1
11905,22750,26542,16,0,0,layered_block,circular,per_chunk,1,1
11906,23042,26875,16,0,0,layered_block,circular,per_chunk,1,1
11907,23167,27042,16,0,0,layered_block,circular,per_chunk,1,1
11908,22792,26625,16,0,0,layered_block,circular,per_chunk,1,1
11909,23584,34000,16,0,0,layered_block,circular,per_chunk,1,1
11910,23000,26833,16,0,0,layered_block,circular,per_chunk,1,1
11911,23042,26917,16,0,0,layered_block,circular,per_chunk,1,1
11912,22959,26792,16,0,0,layered_block,circular,per_chunk,1,1
11913,22917,26792,16,0,0,layered_block,circular,per_chunk,1,1
11914,23125,27417,16,0,0,layered_block,circular,per_chunk,1,1
11915,23000,26792,16,0,0,layered_block,circular,per_chunk,1,1
11916,23667,27583,16,0,0,layered_block,circular,per_chunk,1,1
11917,30500,34416,16,0,0,layered_block,circular,per_chunk,1,1
11918,22917,26792,16,0,0,layered_block,circular,per_chunk,1,1
11919,23166,27292,16,0,0,layered_block,circular,per_chunk,1,1
11920,22875,26667,16,0,0,layered_block,circular,per_chunk,1,1
11921,23166,27166,16,0,0,layered_block,circular,per_chunk,1,1
11922,22709,26500,16,0,0,layered_block,circular,per_chunk,1,1
11923,22791,26625,16,0,0,layered_block,circular,per_chunk,1,1
11924,23125,27042,16,0,0,layered_block,circular,per_chunk,1,1
11925,22708,26541,16,0,0,layered_block,circular,per_chunk,1,1
11926,22792,26584,16,0,0,layered_block,circular,per_chunk,1,1
11927,22709,26625,16,0,0,layered_block,circular,per_chunk,1,1
11928,22667,26542,16,0,0,layered_block,circular,per_chunk,1,1
11929,30750,34666,16,0,0,layered_block,circular,per_chunk,1,1
11930,22750,26542,16,0,0,layered_block,circular,per_chunk,1,1
11931,23500,27333,16,0,0,layered_block,circular,per_chunk,1,1
11932,22750,26584,16,0,0,layered_block,circular,per_chunk,1,1
11933,22875,26667,16,0,0,layered_block,circular,per_chunk,1,1
11934,23208,32708,16,0,0,layered_block,circular,per_chunk,1,1
11935,22875,26709,16,0,0,layered_block,circular,per_chunk,1,1
11936,23208,27042,16,0,0,layered_block,circular,per_chunk,1,1
11937,24625,34208,16,0,0,layered_block,circular,per_chunk,1,1
11938,23666,27583,16,0,0,layered_block,circular,per_chunk,1,1
11939,23000,26791,16,0,0,layered_block,circular,per_chunk,1,1
11940,29625,33500,16,0,0,layered_block,circular,per_chunk,1,1
11941,22875,26708,16,0,0,layered_block,circular,per_chunk,1,1
11942,22959,26709,16,0,0,layered_block,circular,per_chunk,1,1
11943,22958,26917,16,0,0,layered_block,circular,per_chunk,1,1
11944,23042,26792,16,0,0,layered_block,circular,per_chunk,1,1
11945,23083,26959,16,0,0,layered_block,circular,per_chunk,1,1
11946,22834,26834,16,0,0,layered_block,circular,per_chunk,1,1
11947,22750,26667,16,0,0,layered_block,circular,per_chunk,1,1
11948,23000,26792,16,0,0,layered_block,circular,per_chunk,1,1
11949,23167,26917,16,0,0,layered_block,circular,per_chunk,1,1
11950,22875,27250,16,0,0,layered_block,circular,per_chunk,1,1
11951,22959,26834,16,0,0,layered_block,circular,per_chunk,1,1
11952,22875,26750,16,0,0,layered_block,circular,per_chunk,1,1
11953,23500,27375,16,0,0,layered_block,circular,per_chunk,1,1
11954,23084,26959,16,0,0,layered_block,circular,per_chunk,1,1
11955,22666,26458,16,0,0,layered_block,circular,per_chunk,1,1
11956,23542,27375,16,0,0,layered_block,circular,per_chunk,1,1
11957,24917,28709,16,0,0,layered_block,circular,per_chunk,1,1
11958,23291,27041,16,0,0,layered_block,circular,per_chunk,1,1
11959,23834,27792,16,0,0,layered_block,circular,per_chunk,1,1
11960,22875,26709,16,0,0,layered_block,circular,per_chunk,1,1
11961,23334,27250,16,0,0,layered_block,circular,per_chunk,1,1
11962,30416,34375,16,0,0,layered_block,circular,per_chunk,1,1
11963,22708,26542,16,0,0,layered_block,circular,per_chunk,1,1
11964,22917,26750,16,0,0,layered_block,circular,per_chunk,1,1
11965,30333,34250,16,0,0,layered_block,circular,per_chunk,1,1
11966,23000,26750,16,0,0,layered_block,circular,per_chunk,1,1
11967,23333,27250,16,0,0,layered_block,circular,per_chunk,1,1
11968,22958,26833,16,0,0,layered_block,circular,per_chunk,1,1
11969,22875,26666,16,0,0,layered_block,circular,per_chunk,1,1
11970,23209,27084,16,0,0,layered_block,circular,per_chunk,1,1
11971,23708,28334,16,0,0,layered_block,circular,per_chunk,1,1
11972,22875,26750,16,0,0,layered_block,circular,per_chunk,1,1
11973,23416,27208,16,0,0,layered_block,circular,per_chunk,1,1
11974,23208,27125,16,0,0,layered_block,circular,per_chunk,1,1
11975,23000,26917,16,0,0,layered_block,circular,per_chunk,1,1
11976,23084,26959,16,0,0,layered_block,circular,per_chunk,1,1
11977,22833,26625,16,0,0,layered_block,circular,per_chunk,1,1
11978,23583,27375,16,0,0,layered_block,circular,per_chunk,1,1
11979,23833,27833,16,0,0,layered_block,circular,per_chunk,1,1
11980,22958,26792,16,0,0,layered_block,circular,per_chunk,1,1
11981,22791,26625,16,0,0,layered_block,circular,per_chunk,1,1
11982,23250,27500,16,0,0,layered_block,circular,per_chunk,1,1
11983,22750,26541,16,0,0,layered_block,circular,per_chunk,1,1
11984,23125,27000,16,0,0,layered_block,circular,per_chunk,1,1
11985,24042,27958,16,0,0,layered_block,circular,per_chunk,1,1
11986,23250,27166,16,0,0,layered_block,circular,per_chunk,1,1
11987,22958,26792,16,0,0,layered_block,circular,per_chunk,1,1
11988,30625,34584,16,0,0,layered_block,circular,per_chunk,1,1
11989,23084,26875,16,0,0,layered_block,circular,per_chunk,1,1
11990,23417,27417,16,0,0,layered_block,circular,per_chunk,1,1
11991,22958,26833,16,0,0,layered_block,circular,per_chunk,1,1
11992,22958,26791,16,0,0,layered_block,circular,per_chunk,1,1
11993,23583,27958,16,0,0,layered_block,circular,per_chunk,1,1
11994,23417,27292,16,0,0,layered_block,circular,per_chunk,1,1
11995,23500,27375,16,0,0,layered_block,circular,per_chunk,1,1
11996,30584,34541,16,0,0,layered_block,circular,per_chunk,1,1
11997,22750,26542,16,0,0,layered_block,circular,per_chunk,1,1
11998,23041,26875,16,0,0,layered_block,circular,per_chunk,1,1
11999,30250,34125,16,0,0,layered_block,circular,per_chunk,1,1
12000,22792,26625,16,0,0,layered_block,circular,per_chunk,1,1
12001,23583,27416,16,0,0,layered_block,circular,per_chunk,1,1
12002,22750,26625,16,0,0,layered_block,circular,per_chunk,1,1
12003,22666,26500,16,0,0,layered_block,circular,per_chunk,1,1
12004,24291,28333,16,0,0,layered_block,circular,per_chunk,1,1
12005,23417,27333,16,0,0,layered_block,circular,per_chunk,1,1
12006,22875,26708,16,0,0,layered_block,circular,per_chunk,1,1
12007,23167,27125,16,0,0,layered_block,circular,per_chunk,1,1
12008,23125,26959,16,0,0,layered_block,circular,per_chunk,1,1
12009,22792,26625,16,0,0,layered_block,circular,per_chunk,1,1
12010,23292,27292,16,0,0,layered_block,circular,per_chunk,1,1
12011,22916,26750,16,0,0,layered_block,circular,per_chunk,1,1
12012,22750,26583,16,0,0,layered_block,circular,per_chunk,1,1
12013,23291,27166,16,0,0,layered_block,circular,per_chunk,1,1
12014,22709,26584,16,0,0,layered_block,circular,per_chunk,1,1
12015,22792,26625,16,0,0,layered_block,circular,per_chunk,1,1
12016,23083,26958,16,0,0,layered_block,circular,per_chunk,1,1
12017,22667,26500,16,0,0,layered_block,circular,per_chunk,1,1
12018,23042,26834,16,0,0,layered_block,circular,per_chunk,1,1
12019,23042,26958,16,0,0,layered_block,circular,per_chunk,1,1
12020,22750,26584,16,0,0,layered_block,circular,per_chunk,1,1
12021,23334,27250,16,0,0,layered_block,circular,per_chunk,1,1
12022,22792,26667,16,0,0,layered_block,circular,per_chunk,1,1
12023,22625,26541,16,0,0,layered_block,circular,per_chunk,1,1
12024,91875,95958,16,0,0,layered_block,circular,per_chunk,1,1
12025,22834,26666,16,0,0,layered_block,circular,per_chunk,1,1
12026,22958,26834,16,0,0,layered_block,circular,per_chunk,1,1
12027,30333,34250,16,0,0,layered_block,circular,per_chunk,1,1
12028,22958,26750,16,0,0,layered_block,circular,per_chunk,1,1
12029,23750,27750,16,0,0,layered_block,circular,per_chunk,1,1
12030,23083,26875,16,0,0,layered_block,circular,per_chunk,1,1
12031,22709,27125,16,0,0,layered_block,circular,per_chunk,1,1
12032,23334,27291,16,0,0,layered_block,circular,per_chunk,1,1
12033,23000,26833,16,0,0,layered_block,circular,per_chunk,1,1
12034,23125,26959,16,0,0,layered_block,circular,per_chunk,1,1
12035,31041,35000,16,0,0,layered_block,circular,per_chunk,1,1
12036,23042,26834,16,0,0,layered_block,circular,per_chunk,1,1
12037,23167,27167,16,0,0,layered_block,circular,per_chunk,1,1
12038,23084,26875,16,0,0,layered_block,circular,per_chunk,1,1
12039,23125,27042,16,0,0,layered_block,circular,per_chunk,1,1
12040,22709,26542,16,0,0,layered_block,circular,per_chunk,1,1
12041,22791,26708,16,0,0,layered_block,circular,per_chunk,1,1
12042,23542,27334,16,0,0,layered_block,circular,per_chunk,1,1
12043,23542,27375,16,0,0,layered_block,circular,per_chunk,1,1
12044,22791,26625,16,0,0,layered_block,circular,per_chunk,1,1
12045,23500,27375,16,0,0,layered_block,circular,per_chunk,1,1
12046,23459,27333,16,0,0,layered_block,circular,per_chunk,1,1
12047,23334,27208,16,0,0,layered_block,circular,per_chunk,1,1
12048,23125,27042,16,0,0,layered_block,circular,per_chunk,1,1
12049,22834,26750,16,0,0,layered_block,circular,per_chunk,1,1
12050,22792,26625,16,0,0,layered_block,circular,per_chunk,1,1
12051,24541,28375,16,0,0,layered_block,circular,per_chunk,1,1
12052,30708,34667,16,0,0,layered_block,circular,per_chunk,1,1
12053,22791,26625,16,0,0,layered_block,circular,per_chunk,1,1
12054,22958,27042,16,0,0,layered_block,circular,per_chunk,1,1
12055,22750,26625,16,0,0,layered_block,circular,per_chunk,1,1
12056,22833,26708,16,0,0,layered_block,circular,per_chunk,1,1
12057,31791,35791,16,0,0,layered_block,circular,per_chunk,1,1
12058,23167,27125,16,0,0,layered_block,circular,per_chunk,1,1
12059,22708,26542,16,0,0,layered_block,circular,per_chunk,1,1
12060,23500,33667,16,0,0,layered_block,circular,per_chunk,1,1
12061,22792,26709,16,0,0,layered_block,circular,per_chunk,1,1
12062,22958,26792,16,0,0,layered_block,circular,per_chunk,1,1
12063,22875,26750,16,0,0,layered_block,circular,per_chunk,1,1
12064,22708,26583,16,0,0,layered_block,circular,per_chunk,1,1
12065,23292,27167,16,0,0,layered_block,circular,per_chunk,1,1
12066,30625,34625,16,0,0,layered_block,circular,per_chunk,1,1
12067,22750,26584,16,0,0,layered_block,circular,per_chunk,1,1
12068,23083,26958,16,0,0,layered_block,circular,per_chunk,1,1
12069,23250,27166,16,0,0,layered_block,circular,per_chunk,1,1
12070,23000,26916,16,0,0,layered_block,circular,per_chunk,1,1
12071,23500,27458,16,0,0,layered_block,circular,per_chunk,1,1
12072,30041,34000,16,0,0,layered_block,circular,per_chunk,1,1
12073,22834,26666,16,0,0,layered_block,circular,per_chunk,1,1
12074,24125,28584,16,0,0,layered_block,circular,per_chunk,1,1
12075,23417,27292,16,0,0,layered_block,circular,per_chunk,1,1
12076,22750,26625,16,0,0,layered_block,circular,per_chunk,1,1
12077,23250,27208,16,0,0,layered_block,circular,per_chunk,1,1
12078,23250,27167,16,0,0,layered_block,circular,per_chunk,1,1
12079,23291,27167,16,0,0,layered_block,circular,per_chunk,1,1
12080,23500,27458,16,0,0,layered_block,circular,per_chunk,1,1
12081,22958,26750,16,0,0,layered_block,circular,per_chunk,1,1
12082,23250,27166,16,0,0,layered_block,circular,per_chunk,1,1
12083,30125,34041,16,0,0,layered_block,circular,per_chunk,1,1
12084,23084,26916,16,0,0,layered_block,circular,per_chunk,1,1
12085,23083,26958,16,0,0,layered_block,circular,per_chunk,1,1
12086,30708,34667,16,0,0,layered_block,circular,per_chunk,1,1
12087,23042,26875,16,0,0,layered_block,circular,per_chunk,1,1
12088,23166,27166,16,0,0,layered_block,circular,per_chunk,1,1
12089,22959,26834,16,0,0,layered_block,circular,per_chunk,1,1
12090,22709,26625,16,0,0,layered_block,circular,per_chunk,1,1
12091,23459,27333,16,0,0,layered_block,circular,per_chunk,1,1
12092,22958,26834,16,0,0,layered_block,circular,per_chunk,1,1
12093,22792,26667,16,0,0,layered_block,circular,per_chunk,1,1
12094,24042,28000,16,0,0,layered_block,circular,per_chunk,1,1
12095,23375,27375,16,0,0,layered_block,circular,per_chunk,1,1
12096,22958,26792,16,0,0,layered_block,circular,per_chunk,1,1
12097,23500,27500,16,0,0,layered_block,circular,per_chunk,1,1
12098,23000,26875,16,0,0,layered_block,circular,per_chunk,1,1
12099,22917,26833,16,0,0,layered_block,circular,per_chunk,1,1
12100,23417,27334,16,0,0,layered_block,circular,per_chunk,1,1
12101,22833,26792,16,0,0,layered_block,circular,per_chunk,1,1
12102,23375,27291,16,0,0,layered_block,circular,per_chunk,1,1
12103,22875,26709,16,0,0,layered_block,circular,per_chunk,1,1
12104,23083,26958,16,0,0,layered_block,circular,per_chunk,1,1
12105,23292,27208,16,0,0,layered_block,circular,per_chunk,1,1
12106,23458,27375,16,0,0,layered_block,circular,per_chunk,1,1
12107,23250,27209,16,0,0,layered_block,circular,per_chunk,1,1
12108,23375,27458,16,0,0,layered_block,circular,per_chunk,1,1
12109,23000,26917,16,0,0,layered_block,circular,per_chunk,1,1
12110,22791,26708,16,0,0,layered_block,circular,per_chunk,1,1
12111,29916,33917,16,0,0,layered_block,circular,per_chunk,1,1
12112,23292,27125,16,0,0,layered_block,circular,per_chunk,1,1
12113,23000,26917,16,0,0,layered_block,circular,per_chunk,1,1
12114,30667,34625,16,0,0,layered_block,circular,per_chunk,1,1
12115,23084,26916,16,0,0,layered_block,circular,per_chunk,1,1
12116,23209,27125,16,0,0,layered_block,circular,per_chunk,1,1
12117,22750,26666,16,0,0,layered_block,circular,per_chunk,1,1
12118,24292,28125,16,0,0,layered_block,circular,per_chunk,1,1
12119,23250,27125,16,0,0,layered_block,circular,per_chunk,1,1
12120,22917,26791,16,0,0,layered_block,circular,per_chunk,1,1
12121,22709,26625,16,0,0,layered_block,circular,per_chunk,1,1
12122,23583,27500,16,0,0,layered_block,circular,per_chunk,1,1
12123,22959,26834,16,0,0,layered_block,circular,per_chunk,1,1
12124,22833,26666,16,0,0,layered_block,circular,per_chunk,1,1
12125,23458,27667,16,0,0,layered_block,circular,per_chunk,1,1
12126,23041,27000,16,0,0,layered_block,circular,per_chunk,1,1
12127,23250,27125,16,0,0,layered_block,circular,per_chunk,1,1
12128,31625,35667,16,0,0,layered_block,circular,per_chunk,1,1
12129,22792,26625,16,0,0,layered_block,circular,per_chunk,1,1
12130,23167,27167,16,0,0,layered_block,circular,per_chunk,1,1
12131,23542,27416,16,0,0,layered_block,circular,per_chunk,1,1
12132,24042,27875,16,0,0,layered_block,circular,per_chunk,1,1
12133,23833,27833,16,0,0,layered_block,circular,per_chunk,1,1
12134,23084,26959,16,0,0,layered_block,circular,per_chunk,1,1
12135,22875,26750,16,0,0,layered_block,circular,per_chunk,1,1
12136,23250,27291,16,0,0,layered_block,circular,per_chunk,1,1
12137,23333,27208,16,0,0,layered_block,circular,per_chunk,1,1
12138,97459,101791,16,0,0,layered_block,circular,per_chunk,1,1
12139,23916,27791,16,0,0,layered_block,circular,per_chunk,1,1
12140,23333,27250,16,0,0,layered_block,circular,per_chunk,1,1
12141,22833,26708,16,0,0,layered_block,circular,per_chunk,1,1
12142,23833,27750,16,0,0,layered_block,circular,per_chunk,1,1
12143,23750,27667,16,0,0,layered_block,circular,per_chunk,1,1
12144,23041,26833,16,0,0,layered_block,circular,per_chunk,1,1
12145,23875,27792,16,0,0,layered_block,circular,per_chunk,1,1
12146,23209,27000,16,0,0,layered_block,circular,per_chunk,1,1
12147,23125,26917,16,0,0,layered_block,circular,per_chunk,1,1
12148,23625,27958,16,0,0,layered_block,circular,per_chunk,1,1
12149,22833,26750,16,0,0,layered_block,circular,per_chunk,1,1
12150,23042,26916,16,0,0,layered_block,circular,per_chunk,1,1
12151,30834,34750,16,0,0,layered_block,circular,per_chunk,1,1
12152,22792,26709,16,0,0,layered_block,circular,per_chunk,1,1
12153,23166,27041,16,0,0,layered_block,circular,per_chunk,1,1
12154,31125,35084,16,0,0,layered_block,circular,per_chunk,1,1
12155,22792,26625,16,0,0,layered_block,circular,per_chunk,1,1
12156,23042,27292,16,0,0,layered_block,circular,per_chunk,1,1
12157,22750,26625,16,0,0,layered_block,circular,per_chunk,1,1
12158,80375,84459,16,0,0,layered_block,circular,per_chunk,1,1
12159,23500,27375,16,0,0,layered_block,circular,per_chunk,1,1
12160,23125,27042,16,0,0,layered_block,circular,per_chunk,1,1
12161,22750,26584,16,0,0,layered_block,circular,per_chunk,1,1
12162,23333,27167,16,0,0,layered_block,circular,per_chunk,1,1
12163,23041,26916,16,0,0,layered_block,circular,per_chunk,1,1
12164,22750,26625,16,0,0,layered_block,circular,per_chunk,1,1
12165,23334,33792,16,0,0,layered_block,circular,per_chunk,1,1
12166,23708,27542,16,0,0,layered_block,circular,per_chunk,1,1
12167,23042,26958,16,0,0,layered_block,circular,per_chunk,1,1
12168,23291,27209,16,0,0,layered_block,circular,per_chunk,1,1
12169,22917,26750,16,0,0,layered_block,circular,per_chunk,1,1
12170,23208,27084,16,0,0,layered_block,circular,per_chunk,1,1
12171,23041,26958,16,0,0,layered_block,circular,per_chunk,1,1
12172,23208,27125,16,0,0,layered_block,circular,per_chunk,1,1
12173,22917,26792,16,0,0,layered_block,circular,per_chunk,1,1
12174,22958,27375,16,0,0,layered_block,circular,per_chunk,1,1
12175,22709,26583,16,0,0,layered_block,circular,per_chunk,1,1
12176,22750,26667,16,0,0,layered_block,circular,per_chunk,1,1
12177,22875,26750,16,0,0,layered_block,circular,per_chunk,1,1
12178,22792,82250,16,0,0,layered_block,circular,per_chunk,1,1
12179,22875,26709,16,0,0,layered_block,circular,per_chunk,1,1
12180,22792,26667,16,0,0,layered_block,circular,per_chunk,1,1
12181,22958,26792,16,0,0,layered_block,circular,per_chunk,1,1
12182,23125,27042,16,0,0,layered_block,circular,per_chunk,1,1
12183,22750,26666,16,0,0,layered_block,circular,per_chunk,1,1
12184,22833,26666,16,0,0,layered_block,circular,per_chunk,1,1
12185,24000,27917,16,0,0,layered_block,circular,per_chunk,1,1
12186,22792,26625,16,0,0,layered_block,circular,per_chunk,1,1
12187,23333,27209,16,0,0,layered_block,circular,per_chunk,1,1
12188,29625,33542,16,0,0,layered_block,circular,per_chunk,1,1
12189,23041,26875,16,0,0,layered_block,circular,per_chunk,1,1
12190,23167,27250,16,0,0,layered_block,circular,per_chunk,1,1
12191,22750,26709,16,0,0,layered_block,circular,per_chunk,1,1
12192,22791,26666,16,0,0,layered_block,circular,per_chunk,1,1
12193,23125,27041,16,0,0,layered_block,circular,per_chunk,1,1
12194,22583,31875,16,0,0,layered_block,circular,per_chunk,1,1
12195,22875,26709,16,0,0,layered_block,circular,per_chunk,1,1
12196,23250,27167,16,0,0,layered_block,circular,per_chunk,1,1
12197,23125,27083,16,0,0,layered_block,circular,per_chunk,1,1
12198,22667,26584,16,0,0,layered_block,circular,per_chunk,1,1
12199,23042,27292,16,0,0,layered_block,circular,per_chunk,1,1
12200,22750,26667,16,0,0,layered_block,circular,per_chunk,1,1
12201,22834,26584,16,0,0,layered_block,circular,per_chunk,1,1
12202,23084,27000,16,0,0,layered_block,circular,per_chunk,1,1
12203,22834,26750,16,0,0,layered_block,circular,per_chunk,1,1
12204,22750,26625,16,0,0,layered_block,circular,per_chunk,1,1
12205,24375,28250,16,0,0,layered_block,circular,per_chunk,1,1
12206,23125,27000,16,0,0,layered_block,circular,per_chunk,1,1
12207,22875,26792,16,0,0,layered_block,circular,per_chunk,1,1
12208,23000,26958,16,0,0,layered_block,circular,per_chunk,1,1
12209,22750,26667,16,0,0,layered_block,circular,per_chunk,1,1
12210,23250,27125,16,0,0,layered_block,circular,per_chunk,1,1
12211,23500,27375,16,0,0,layered_block,circular,per_chunk,1,1
12212,23208,27042,16,0,0,layered_block,circular,per_chunk,1,1
12213,22917,27167,16,0,0,layered_block,circular,per_chunk,1,1
12214,22750,26666,16,0,0,layered_block,circular,per_chunk,1,1
12215,23125,26917,16,0,0,layered_block,circular,per_chunk,1,1
12216,22958,26834,16,0,0,layered_block,circular,per_chunk,1,1
12217,22792,26709,16,0,0,layered_block,circular,per_chunk,1,1
12218,22792,26667,16,0,0,layered_block,circular,per_chunk,1,1
12219,23917,28292,16,0,0,layered_block,circular,per_chunk,1,1
12220,22708,26583,16,0,0,layered_block,circular,per_chunk,1,1
12221,23542,27458,16,0,0,layered_block,circular,per_chunk,1,1
12222,30292,34250,16,0,0,layered_block,circular,per_chunk,1,1
12223,23208,27125,16,0,0,layered_block,circular,per_chunk,1,1
12224,23166,27042,16,0,0,layered_block,circular,per_chunk,1,1
12225,24709,29083,16,0,0,layered_block,circular,per_chunk,1,1
12226,22958,26792,16,0,0,layered_block,circular,per_chunk,1,1
12227,22833,26750,16,0,0,layered_block,circular,per_chunk,1,1
12228,22791,26667,16,0,0,layered_block,circular,per_chunk,1,1
12229,22750,26666,16,0,0,layered_block,circular,per_chunk,1,1
12230,23000,26958,16,0,0,layered_block,circular,per_chunk,1,1
12231,22792,26709,16,0,0,layered_block,circular,per_chunk,1,1
12232,23458,27291,16,0,0,layered_block,circular,per_chunk,1,1
12233,22709,26583,16,0,0,layered_block,circular,per_chunk,1,1
12234,22667,26583,16,0,0,layered_block,circular,per_chunk,1,1
12235,22792,26667,16,0,0,layered_block,circular,per_chunk,1,1
12236,29417,33375,16,0,0,layered_block,circular,per_chunk,1,1
12237,22875,26709,16,0,0,layered_block,circular,per_chunk,1,1
12238,23958,27875,16,0,0,layered_block,circular,per_chunk,1,1
12239,23833,27916,16,0,0,layered_block,circular,per_chunk,1,1
12240,23500,27709,16,0,0,layered_block,circular,per_chunk,1,1
12241,23000,26917,16,0,0,layered_block,circular,per_chunk,1,1
12242,23042,27500,16,0,0,layered_block,circular,per_chunk,1,1
12243,22791,26708,16,0,0,layered_block,circular,per_chunk,1,1
12244,22958,26875,16,0,0,layered_block,circular,per_chunk,1,1
12245,25625,29708,16,0,0,layered_block,circular,per_chunk,1,1
12246,22959,26875,16,0,0,layered_block,circular,per_chunk,1,1
12247,22833,26708,16,0,0,layered_block,circular,per_chunk,1,1
12248,23208,27208,16,0,0,layered_block,circular,per_chunk,1,1
12249,23250,27125,16,0,0,layered_block,circular,per_chunk,1,1
12250,22916,26792,16,0,0,layered_block,circular,per_chunk,1,1
12251,23083,26959,16,0,0,layered_block,circular,per_chunk,1,1
12252,23250,27083,16,0,0,layered_block,circular,per_chunk,1,1
12253,23584,27500,16,0,0,layered_block,circular,per_chunk,1,1
12254,23542,27459,16,0,0,layered_block,circular,per_chunk,1,1
12255,22708,26625,16,0,0,layered_block,circular,per_chunk,1,1
12256,23250,27125,16,0,0,layered_block,circular,per_chunk,1,1
12257,23125,27042,16,0,0,layered_block,circular,per_chunk,1,1
12258,23125,27000,16,0,0,layered_block,circular,per_chunk,1,1
12259,22958,26875,16,0,0,layered_block,circular,per_chunk,1,1
12260,22917,27417,16,0,0,layered_block,circular,per_chunk,1,1
12261,23166,27000,16,0,0,layered_block,circular,per_chunk,1,1
12262,22959,26875,16,0,0,layered_block,circular,per_chunk,1,1
12263,30250,34166,16,0,0,layered_block,circular,per_chunk,1,1
12264,23083,26917,16,0,0,layered_block,circular,per_chunk,1,1
12265,23417,27334,16,0,0,layered_block,circular,per_chunk,1,1
12266,23625,27542,16,0,0,layered_block,circular,per_chunk,1,1
12267,23042,26875,16,0,0,layered_block,circular,per_chunk,1,1
12268,23750,27834,16,0,0,layered_block,circular,per_chunk,1,1
12269,23000,26917,16,0,0,layered_block,circular,per_chunk,1,1
12270,23000,26833,16,0,0,layered_block,circular,per_chunk,1,1
12271,23334,27250,16,0,0,layered_block,circular,per_chunk,1,1
12272,23042,26875,16,0,0,layered_block,circular,per_chunk,1,1
12273,23167,27042,16,0,0,layered_block,circular,per_chunk,1,1
12274,23166,27125,16,0,0,layered_block,circular,per_chunk,1,1
12275,22958,26792,16,0,0,layered_block,circular,per_chunk,1,1
12276,22917,26834,16,0,0,layered_block,circular,per_chunk,1,1
12277,23041,26917,16,0,0,layered_block,circular,per_chunk,1,1
12278,23125,27000,16,0,0,layered_block,circular,per_chunk,1,1
12279,23417,27292,16,0,0,layered_block,circular,per_chunk,1,1
12280,22792,26750,16,0,0,layered_block,circular,per_chunk,1,1
12281,22958,26834,16,0,0,layered_block,circular,per_chunk,1,1
12282,23250,27125,16,0,0,layered_block,circular,per_chunk,1,1
12283,23125,27000,16,0,0,layered_block,circular,per_chunk,1,1
12284,22584,26458,16,0,0,layered_block,circular,per_chunk,1,1
12285,105166,109292,16,0,0,layered_block,circular,per_chunk,1,1
12286,22791,26708,16,0,0,layered_block,circular,per_chunk,1,1
12287,23041,26958,16,0,0,layered_block,circular,per_chunk,1,1
12288,30375,34417,16,0,0,layered_block,circular,per_chunk,1,1
12289,23042,26833,16,0,0,layered_block,circular,per_chunk,1,1
12290,23250,27125,16,0,0,layered_block,circular,per_chunk,1,1
12291,22958,26875,16,0,0,layered_block,circular,per_chunk,1,1
12292,23167,27083,16,0,0,layered_block,circular,per_chunk,1,1
12293,22958,26833,16,0,0,layered_block,circular,per_chunk,1,1
12294,22916,26791,16,0,0,layered_block,circular,per_chunk,1,1
12295,22792,26667,16,0,0,layered_block,circular,per_chunk,1,1
12296,23125,27042,16,0,0,layered_block,circular,per_chunk,1,1
12297,22959,26875,16,0,0,layered_block,circular,per_chunk,1,1
12298,22875,26833,16,0,0,layered_block,circular,per_chunk,1,1
12299,24084,28166,16,0,0,layered_block,circular,per_chunk,1,1
12300,22791,26667,16,0,0,layered_block,circular,per_chunk,1,1
12301,22750,26667,16,0,0,layered_block,circular,per_chunk,1,1
12302,28625,32625,16,0,0,layered_block,circular,per_chunk,1,1
12303,23459,27291,16,0,0,layered_block,circular,per_chunk,1,1
12304,23542,27542,16,0,0,layered_block,circular,per_chunk,1,1
12305,23125,27000,16,0,0,layered_block,circular,per_chunk,1,1
12306,22875,26708,16,0,0,layered_block,circular,per_chunk,1,1
12307,22958,27166,16,0,0,layered_block,circular,per_chunk,1,1
12308,22792,26666,16,0,0,layered_block,circular,per_chunk,1,1
12309,23083,26959,16,0,0,layered_block,circular,per_chunk,1,1
12310,23750,34458,16,0,0,layered_block,circular,per_chunk,1,1
12311,23042,26959,16,0,0,layered_block,circular,per_chunk,1,1
12312,23709,27833,16,0,0,layered_block,circular,per_chunk,1,1
12313,23334,27250,16,0,0,layered_block,circular,per_chunk,1,1
12314,23042,26875,16,0,0,layered_block,circular,per_chunk,1,1
12315,22833,26709,16,0,0,layered_block,circular,per_chunk,1,1
12316,22792,26666,16,0,0,layered_block,circular,per_chunk,1,1
12317,22834,26750,16,0,0,layered_block,circular,per_chunk,1,1
12318,23167,27625,16,0,0,layered_block,circular,per_chunk,1,1
12319,23292,27166,16,0,0,layered_block,circular,per_chunk,1,1
12320,23166,27042,16,0,0,layered_block,circular,per_chunk,1,1
12321,23375,27375,16,0,0,layered_block,circular,per_chunk,1,1
12322,22875,26791,16,0,0,layered_block,circular,per_chunk,1,1
12323,22792,26708,16,0,0,layered_block,circular,per_chunk,1,1
12324,22833,33167,16,0,0,layered_block,circular,per_chunk,1,1
12325,22666,26583,16,0,0,layered_block,circular,per_chunk,1,1
12326,22834,26666,16,0,0,layered_block,circular,per_chunk,1,1
12327,29417,33333,16,0,0,layered_block,circular,per_chunk,1,1
12328,23334,27166,16,0,0,layered_block,circular,per_chunk,1,1
12329,23667,27625,16,0,0,layered_block,circular,per_chunk,1,1
12330,22667,26583,16,0,0,layered_block,circular,per_chunk,1,1
12331,22708,26625,16,0,0,layered_block,circular,per_chunk,1,1
12332,30375,34333,16,0,0,layered_block,circular,per_chunk,1,1
12333,23250,27167,16,0,0,layered_block,circular,per_chunk,1,1
12334,23000,26875,16,0,0,layered_block,circular,per_chunk,1,1
12335,23208,27167,16,0,0,layered_block,circular,per_chunk,1,1
12336,22833,26709,16,0,0,layered_block,circular,per_chunk,1,1
12337,23125,27000,16,0,0,layered_block,circular,per_chunk,1,1
12338,23250,27125,16,0,0,layered_block,circular,per_chunk,1,1
12339,22750,26625,16,0,0,layered_block,circular,per_chunk,1,1
12340,22875,26834,16,0,0,layered_block,circular,per_chunk,1,1
12341,31041,35042,16,0,0,layered_block,circular,per_chunk,1,1
12342,22917,26750,16,0,0,layered_block,circular,per_chunk,1,1
12343,23209,27083,16,0,0,layered_block,circular,per_chunk,1,1
12344,22750,26625,16,0,0,layered_block,circular,per_chunk,1,1
12345,23166,27083,16,0,0,layered_block,circular,per_chunk,1,1
12346,23541,27375,16,0,0,layered_block,circular,per_chunk,1,1
12347,23250,27125,16,0,0,layered_block,circular,per_chunk,1,1
12348,23041,26875,16,0,0,layered_block,circular,per_chunk,1,1
12349,23416,27334,16,0,0,layered_block,circular,per_chunk,1,1
12350,23208,27083,16,0,0,layered_block,circular,per_chunk,1,1
12351,23167,27125,16,0,0,layered_block,circular,per_chunk,1,1
12352,23084,26958,16,0,0,layered_block,circular,per_chunk,1,1
12353,23500,27417,16,0,0,layered_block,circular,per_chunk,1,1
12354,23042,26875,16,0,0,layered_block,circular,per_chunk,1,1
12355,23458,27375,16,0,0,layered_block,circular,per_chunk,1,1
12356,22834,26708,16,0,0,layered_block,circular,per_chunk,1,1
12357,22875,26750,16,0,0,layered_block,circular,per_chunk,1,1
12358,22875,26792,16,0,0,layered_block,circular,per_chunk,1,1
12359,23500,27417,16,0,0,layered_block,circular,per_chunk,1,1
12360,23000,26875,16,0,0,layered_block,circular,per_chunk,1,1
12361,32209,36166,16,0,0,layered_block,circular,per_chunk,1,1
12362,23084,26916,16,0,0,layered_block,circular,per_chunk,1,1
12363,23500,27500,16,0,0,layered_block,circular,per_chunk,1,1
12364,23666,27542,16,0,0,layered_block,circular,per_chunk,1,1
12365,22750,26583,16,0,0,layered_block,circular,per_chunk,1,1
12366,24125,28084,16,0,0,layered_block,circular,per_chunk,1,1
12367,23042,26917,16,0,0,layered_block,circular,per_chunk,1,1
12368,22875,26834,16,0,0,layered_block,circular,per_chunk,1,1
12369,31041,35042,16,0,0,layered_block,circular,per_chunk,1,1
12370,22750,26583,16,0,0,layered_block,circular,per_chunk,1,1
12371,23291,27125,16,0,0,layered_block,circular,per_chunk,1,1
12372,22750,26625,16,0,0,layered_block,circular,per_chunk,1,1
12373,23292,27125,16,0,0,layered_block,circular,per_chunk,1,1
12374,23291,27291,16,0,0,layered_block,circular,per_chunk,1,1
12375,22958,26833,16,0,0,layered_block,circular,per_chunk,1,1
12376,22750,26667,16,0,0,layered_block,circular,per_chunk,1,1
12377,30750,34750,16,0,0,layered_block,circular,per_chunk,1,1
12378,23167,27000,16,0,0,layered_block,circular,per_chunk,1,1
12379,101417,106292,16,0,0,layered_block,circular,per_chunk,1,1
12380,23375,27375,16,0,0,layered_block,circular,per_chunk,1,1
12381,22750,26667,16,0,0,layered_block,circular,per_chunk,1,1
12382,23042,27167,16,0,0,layered_block,circular,per_chunk,1,1
12383,29083,33084,16,0,0,layered_block,circular,per_chunk,1,1
12384,22833,26750,16,0,0,layered_block,circular,per_chunk,1,1
12385,24041,27958,16,0,0,layered_block,circular,per_chunk,1,1
12386,23250,27208,16,0,0,layered_block,circular,per_chunk,1,1
12387,23375,27250,16,0,0,layered_block,circular,per_chunk,1,1
12388,23500,27500,16,0,0,layered_block,circular,per_chunk,1,1
12389,23292,27166,16,0,0,layered_block,circular,per_chunk,1,1
12390,23250,27167,16,0,0,layered_block,circular,per_chunk,1,1
12391,30917,34875,16,0,0,layered_block,circular,per_chunk,1,1
12392,23000,26792,16,0,0,layered_block,circular,per_chunk,1,1
12393,23083,27000,16,0,0,layered_block,circular,per_chunk,1,1
12394,23834,33750,16,0,0,layered_block,circular,per_chunk,1,1
12395,23333,27167,16,0,0,layered_block,circular,per_chunk,1,1
12396,23292,27125,16,0,0,layered_block,circular,per_chunk,1,1
12397,22791,26667,16,0,0,layered_block,circular,per_chunk,1,1
12398,23458,27375,16,0,0,layered_block,circular,per_chunk,1,1
12399,23375,27333,16,0,0,layered_block,circular,per_chunk,1,1
12400,31208,35250,16,0,0,layered_block,circular,per_chunk,1,1
12401,22833,26667,16,0,0,layered_block,circular,per_chunk,1,1
12402,23292,27542,16,0,0,layered_block,circular,per_chunk,1,1
12403,22834,26708,16,0,0,layered_block,circular,per_chunk,1,1
12404,23666,27542,16,0,0,layered_block,circular,per_chunk,1,1
12405,23208,27625,16,0,0,layered_block,circular,per_chunk,1,1
12406,23209,27083,16,0,0,layered_block,circular,per_chunk,1,1
12407,23166,27042,16,0,0,layered_block,circular,per_chunk,1,1
12408,23083,27042,16,0,0,layered_block,circular,per_chunk,1,1
12409,23000,26875,16,0,0,layered_block,circular,per_chunk,1,1
12410,22916,26875,16,0,0,layered_block,circular,per_chunk,1,1
12411,22833,26750,16,0,0,layered_block,circular,per_chunk,1,1
12412,22875,26750,16,0,0,layered_block,circular,per_chunk,1,1
12413,23417,27334,16,0,0,layered_block,circular,per_chunk,1,1
12414,31167,35125,16,0,0,layered_block,circular,per_chunk,1,1
12415,23417,27291,16,0,0,layered_block,circular,per_chunk,1,1
12416,23500,27375,16,0,0,layered_block,circular,per_chunk,1,1
12417,23375,27292,16,0,0,layered_block,circular,per_chunk,1,1
12418,23125,27000,16,0,0,layered_block,circular,per_chunk,1,1
12419,23833,28292,16,0,0,layered_block,circular,per_chunk,1,1
12420,23417,27334,16,0,0,layered_block,circular,per_chunk,1,1
12421,22875,26666,16,0,0,layered_block,circular,per_chunk,1,1
12422,23125,27334,16,0,0,layered_block,circular,per_chunk,1,1
12423,22833,26667,16,0,0,layered_block,circular,per_chunk,1,1
12424,23208,27083,16,0,0,layered_block,circular,per_chunk,1,1
12425,23125,27042,16,0,0,layered_block,circular,per_chunk,1,1
12426,24083,28167,16,0,0,layered_block,circular,per_chunk,1,1
12427,23041,26875,16,0,0,layered_block,circular,per_chunk,1,1
12428,23541,27333,16,0,0,layered_block,circular,per_chunk,1,1
12429,23250,27125,16,0,0,layered_block,circular,per_chunk,1,1
12430,22833,26708,16,0,0,layered_block,circular,per_chunk,1,1
12431,23250,27292,16,0,0,layered_block,circular,per_chunk,1,1
12432,22958,26917,16,0,0,layered_block,circular,per_chunk,1,1
12433,23291,27125,16,0,0,layered_block,circular,per_chunk,1,1
12434,23167,27417,16,0,0,layered_block,circular,per_chunk,1,1
12435,22875,26750,16,0,0,layered_block,circular,per_chunk,1,1
12436,23042,26875,16,0,0,layered_block,circular,per_chunk,1,1
12437,23209,27667,16,0,0,layered_block,circular,per_chunk,1,1
12438,22709,26625,16,0,0,layered_block,circular,per_chunk,1,1
12439,22750,26708,16,0,0,layered_block,circular,per_chunk,1,1
12440,24209,28167,16,0,0,layered_block,circular,per_chunk,1,1
12441,22792,26666,16,0,0,layered_block,circular,per_chunk,1,1
12442,22750,26667,16,0,0,layered_block,circular,per_chunk,1,1
12443,23041,26875,16,0,0,layered_block,circular,per_chunk,1,1
12444,23041,26917,16,0,0,layered_block,circular,per_chunk,1,1
12445,23125,27083,16,0,0,layered_block,circular,per_chunk,1,1
12446,32167,36416,16,0,0,layered_block,circular,per_chunk,1,1
12447,22958,26917,16,0,0,layered_block,circular,per_chunk,1,1
12448,23209,27209,16,0,0,layered_block,circular,per_chunk,1,1
12449,22916,26792,16,0,0,layered_block,circular,per_chunk,1,1
12450,22750,26583,16,0,0,layered_block,circular,per_chunk,1,1
12451,23209,27125,16,0,0,layered_block,circular,per_chunk,1,1
12452,22792,26625,16,0,0,layered_block,circular,per_chunk,1,1
12453,23500,27334,16,0,0,layered_block,circular,per_chunk,1,1
12454,23292,27250,16,0,0,layered_block,circular,per_chunk,1,1
12455,23459,27292,16,0,0,layered_block,circular,per_chunk,1,1
12456,22875,26666,16,0,0,layered_block,circular,per_chunk,1,1
12457,23167,27125,16,0,0,layered_block,circular,per_chunk,1,1
12458,23125,27208,16,0,0,layered_block,circular,per_chunk,1,1
12459,22875,26791,16,0,0,layered_block,circular,per_chunk,1,1
12460,23417,27375,16,0,0,layered_block,circular,per_chunk,1,1
12461,22875,26792,16,0,0,layered_block,circular,per_chunk,1,1
12462,23042,26916,16,0,0,layered_block,circular,per_chunk,1,1
12463,23042,26916,16,0,0,layered_block,circular,per_chunk,1,1
12464,23208,27042,16,0,0,layered_block,circular,per_chunk,1,1
12465,23250,27209,16,0,0,layered_block,circular,per_chunk,1,1
12466,31166,35125,16,0,0,layered_block,circular,per_chunk,1,1
12467,22916,26750,16,0,0,layered_block,circular,per_chunk,1,1
12468,22792,26667,16,0,0,layered_block,circular,per_chunk,1,1
12469,22875,26875,16,0,0,layered_block,circular,per_chunk,1,1
12470,23000,26917,16,0,0,layered_block,circular,per_chunk,1,1
12471,23334,27292,16,0,0,layered_block,circular,per_chunk,1,1
12472,22833,26750,16,0,0,layered_block,circular,per_chunk,1,1
12473,23125,26958,16,0,0,layered_block,circular,per_chunk,1,1
12474,23083,27042,16,0,0,layered_block,circular,per_chunk,1,1
12475,22750,26667,16,0,0,layered_block,circular,per_chunk,1,1
12476,22708,26542,16,0,0,layered_block,circular,per_chunk,1,1
12477,28625,32542,16,0,0,layered_block,circular,per_chunk,1,1
12478,22791,26625,16,0,0,layered_block,circular,per_chunk,1,1
12479,23042,27000,16,0,0,layered_block,circular,per_chunk,1,1
12480,33166,37167,16,0,0,layered_block,circular,per_chunk,1,1
12481,23541,27417,16,0,0,layered_block,circular,per_chunk,1,1
12482,22875,27083,16,0,0,layered_block,circular,per_chunk,1,1
12483,22875,26750,16,0,0,layered_block,circular,per_chunk,1,1
12484,22958,26917,16,0,0,layered_block,circular,per_chunk,1,1
12485,23125,27083,16,0,0,layered_block,circular,per_chunk,1,1
12486,84917,89041,16,0,0,layered_block,circular,per_chunk,1,1
12487,23375,27292,16,0,0,layered_block,circular,per_chunk,1,1
12488,23667,27625,16,0,0,layered_block,circular,per_chunk,1,1
12489,22916,26792,16,0,0,layered_block,circular,per_chunk,1,1
12490,23166,27042,16,0,0,layered_block,circular,per_chunk,1,1
12491,22791,26667,16,0,0,layered_block,circular,per_chunk,1,1
12492,22792,26709,16,0,0,layered_block,circular,per_chunk,1,1
12493,23458,27292,16,0,0,layered_block,circular,per_chunk,1,1
12494,30667,34667,16,0,0,layered_block,circular,per_chunk,1,1
12495,23125,26958,16,0,0,layered_block,circular,per_chunk,1,1
12496,22834,27042,16,0,0,layered_block,circular,per_chunk,1,1
12497,22709,26583,16,0,0,layered_block,circular,per_chunk,1,1
12498,22875,26750,16,0,0,layered_block,circular,per_chunk,1,1
12499,23000,26959,16,0,0,layered_block,circular,per_chunk,1,1
12500,23542,27416,16,0,0,layered_block,circular,per_chunk,1,1
12501,23541,27375,16,0,0,layered_block,circular,per_chunk,1,1
12502,23208,27208,16,0,0,layered_block,circular,per_chunk,1,1
12503,22875,26750,16,0,0,layered_block,circular,per_chunk,1,1
12504,22916,26792,16,0,0,layered_block,circular,per_chunk,1,1
12505,22959,32875,16,0,0,layered_block,circular,per_chunk,1,1
12506,23083,26917,16,0,0,layered_block,circular,per_chunk,1,1
12507,23000,26916,16,0,0,layered_block,circular,per_chunk,1,1
12508,30333,34291,16,0,0,layered_block,circular,per_chunk,1,1
12509,22875,26750,16,0,0,layered_block,circular,per_chunk,1,1
12510,23042,27000,16,0,0,layered_block,circular,per_chunk,1,1
12511,22875,26750,16,0,0,layered_block,circular,per_chunk,1,1
12512,23125,27000,16,0,0,layered_block,circular,per_chunk,1,1
12513,24333,28208,16,0,0,layered_block,circular,per_chunk,1,1
12514,22834,26708,16,0,0,layered_block,circular,per_chunk,1,1
12515,22917,26792,16,0,0,layered_block,circular,per_chunk,1,1
12516,23125,27458,16,0,0,layered_block,circular,per_chunk,1,1
12517,23458,27333,16,0,0,layered_block,circular,per_chunk,1,1
12518,23084,26916,16,0,0,layered_block,circular,per_chunk,1,1
12519,31291,35333,16,0,0,layered_block,circular,per_chunk,1,1
12520,23125,26875,16,0,0,layered_block,circular,per_chunk,1,1
12521,22833,26708,16,0,0,layered_block,circular,per_chunk,1,1
12522,31125,35084,16,0,0,layered_block,circular,per_chunk,1,1
12523,22875,26708,16,0,0,layered_block,circular,per_chunk,1,1
12524,23292,27167,16,0,0,layered_block,circular,per_chunk,1,1
12525,22792,26666,16,0,0,layered_block,circular,per_chunk,1,1
12526,23084,27041,16,0,0,layered_block,circular,per_chunk,1,1
12527,22917,26750,16,0,0,layered_block,circular,per_chunk,1,1
12528,29500,33500,16,0,0,layered_block,circular,per_chunk,1,1
12529,23125,26958,16,0,0,layered_block,circular,per_chunk,1,1
12530,23292,27208,16,0,0,layered_block,circular,per_chunk,1,1
12531,23042,26958,16,0,0,layered_block,circular,per_chunk,1,1
12532,22958,26875,16,0,0,layered_block,circular,per_chunk,1,1
12533,24000,27834,16,0,0,layered_block,circular,per_chunk,1,1
12534,23125,27000,16,0,0,layered_block,circular,per_chunk,1,1
12535,23083,26917,16,0,0,layered_block,circular,per_chunk,1,1
12536,23375,27333,16,0,0,layered_block,circular,per_chunk,1,1
12537,22792,26667,16,0,0,layered_block,circular,per_chunk,1,1
12538,22791,26667,16,0,0,layered_block,circular,per_chunk,1,1
12539,30958,35000,16,0,0,layered_block,circular,per_chunk,1,1
12540,23292,27166,16,0,0,layered_block,circular,per_chunk,1,1
12541,22875,26750,16,0,0,layered_block,circular,per_chunk,1,1
12542,30584,34541,16,0,0,layered_block,circular,per_chunk,1,1
12543,23208,27125,16,0,0,layered_block,circular,per_chunk,1,1
12544,23292,27250,16,0,0,layered_block,circular,per_chunk,1,1
12545,22709,26666,16,0,0,layered_block,circular,per_chunk,1,1
12546,22834,26666,16,0,0,layered_block,circular,per_chunk,1,1
12547,23292,27125,16,0,0,layered_block,circular,per_chunk,1,1
12548,22833,26667,16,0,0,layered_block,circular,per_chunk,1,1
12549,22917,26834,16,0,0,layered_block,circular,per_chunk,1,1
12550,23042,27500,16,0,0,layered_block,circular,per_chunk,1,1
12551,23208,27083,16,0,0,layered_block,circular,per_chunk,1,1
12552,23208,27042,16,0,0,layered_block,circular,per_chunk,1,1
12553,106458,110625,16,0,0,layered_block,circular,per_chunk,1,1
12554,22833,26667,16,0,0,layered_block,circular,per_chunk,1,1
12555,23791,27708,16,0,0,layered_block,circular,per_chunk,1,1
12556,30000,34250,16,0,0,layered_block,circular,per_chunk,1,1
12557,23083,26917,16,0,0,layered_block,circular,per_chunk,1,1
12558,23167,27167,16,0,0,layered_block,circular,per_chunk,1,1
12559,22875,26834,16,0,0,layered_block,circular,per_chunk,1,1
12560,23083,27000,16,0,0,layered_block,circular,per_chunk,1,1
12561,23250,27209,16,0,0,layered_block,circular,per_chunk,1,1
12562,30500,34541,16,0,0,layered_block,circular,per_chunk,1,1
12563,22916,26708,16,0,0,layered_block,circular,per_chunk,1,1
12564,23042,26958,16,0,0,layered_block,circular,per_chunk,1,1
12565,22958,26834,16,0,0,layered_block,circular,per_chunk,1,1
12566,22834,26708,16,0,0,layered_block,circular,per_chunk,1,1
12567,23209,27791,16,0,0,layered_block,circular,per_chunk,1,1
12568,23042,27000,16,0,0,layered_block,circular,per_chunk,1,1
12569,22958,26875,16,0,0,layered_block,circular,per_chunk,1,1
12570,23166,27584,16,0,0,layered_block,circular,per_chunk,1,1
12571,22875,26791,16,0,0,layered_block,circular,per_chunk,1,1
12572,22958,26833,16,0,0,layered_block,circular,per_chunk,1,1
12573,22834,26750,16,0,0,layered_block,circular,per_chunk,1,1
12574,23208,27167,16,0,0,layered_block,circular,per_chunk,1,1
12575,22875,26833,16,0,0,layered_block,circular,per_chunk,1,1
12576,30500,34458,16,0,0,layered_block,circular,per_chunk,1,1
12577,22917,26709,16,0,0,layered_block,circular,per_chunk,1,1
12578,23292,27250,16,0,0,layered_block,circular,per_chunk,1,1
12579,22708,26584,16,0,0,layered_block,circular,per_chunk,1,1
12580,23083,26917,16,0,0,layered_block,circular,per_chunk,1,1
12581,24083,28167,16,0,0,layered_block,circular,per_chunk,1,1
12582,22791,26708,16,0,0,layered_block,circular,per_chunk,1,1
12583,22875,26792,16,0,0,layered_block,circular,per_chunk,1,1
12584,23125,27625,16,0,0,layered_block,circular,per_chunk,1,1
12585,22709,26625,16,0,0,layered_block,circular,per_chunk,1,1
12586,22708,26625,16,0,0,layered_block,circular,per_chunk,1,1
12587,23291,27167,16,0,0,layered_block,circular,per_chunk,1,1
12588,22917,26792,16,0,0,layered_block,circular,per_chunk,1,1
12589,23250,27125,16,0,0,layered_block,circular,per_chunk,1,1
12590,23750,27625,16,0,0,layered_block,circular,per_chunk,1,1
12591,22875,26750,16,0,0,layered_block,circular,per_chunk,1,1
12592,23542,27583,16,0,0,layered_block,circular,per_chunk,1,1
12593,22833,26709,16,0,0,layered_block,circular,per_chunk,1,1
12594,23167,27000,16,0,0,layered_block,circular,per_chunk,1,1
12595,23667,27583,16,0,0,layered_block,circular,per_chunk,1,1
12596,22750,58959,16,0,0,layered_block,circular,per_chunk,1,1
12597,22792,26625,16,0,0,layered_block,circular,per_chunk,1,1
12598,23291,27791,16,0,0,layered_block,circular,per_chunk,1,1
12599,22833,26667,16,0,0,layered_block,circular,per_chunk,1,1
12600,22792,26667,16,0,0,layered_block,circular,per_chunk,1,1
12601,23167,27125,16,0,0,layered_block,circular,per_chunk,1,1
12602,22792,26709,16,0,0,layered_block,circular,per_chunk,1,1
12603,22958,26834,16,0,0,layered_block,circular,per_chunk,1,1
12604,23167,27125,16,0,0,layered_block,circular,per_chunk,1,1
12605,22958,26792,16,0,0,layered_block,circular,per_chunk,1,1
12606,22958,26875,16,0,0,layered_block,circular,per_chunk,1,1
12607,23084,27000,16,0,0,layered_block,circular,per_chunk,1,1
12608,23083,33750,16,0,0,layered_block,circular,per_chunk,1,1
12609,22875,26750,16,0,0,layered_block,circular,per_chunk,1,1
12610,22875,27292,16,0,0,layered_block,circular,per_chunk,1,1
12611,22792,26667,16,0,0,layered_block,circular,per_chunk,1,1
12612,22667,26542,16,0,0,layered_block,circular,per_chunk,1,1
12613,30042,34041,16,0,0,layered_block,circular,per_chunk,1,1
12614,23000,26917,16,0,0,layered_block,circular,per_chunk,1,1
12615,22958,26792,16,0,0,layered_block,circular,per_chunk,1,1
12616,30084,34041,16,0,0,layered_block,circular,per_chunk,1,1
12617,23125,26958,16,0,0,layered_block,circular,per_chunk,1,1
12618,23083,27000,16,0,0,layered_block,circular,per_chunk,1,1
12619,22833,26750,16,0,0,layered_block,circular,per_chunk,1,1
12620,23708,27541,16,0,0,layered_block,circular,per_chunk,1,1
12621,23167,27125,16,0,0,layered_block,circular,per_chunk,1,1
12622,22958,26875,16,0,0,layered_block,circular,per_chunk,1,1
12623,23167,27000,16,0,0,layered_block,circular,per_chunk,1,1
12624,23250,27167,16,0,0,layered_block,circular,per_chunk,1,1
12625,22833,26709,16,0,0,layered_block,circular,per_chunk,1,1
12626,22875,26708,16,0,0,layered_block,circular,per_chunk,1,1
12627,23667,27583,16,0,0,layered_block,circular,per_chunk,1,1
12628,23292,27125,16,0,0,layered_block,circular,per_chunk,1,1
12629,23584,27500,16,0,0,layered_block,circular,per_chunk,1,1
12630,30500,34500,16,0,0,layered_block,circular,per_chunk,1,1
12631,22792,26584,16,0,0,layered_block,circular,per_chunk,1,1
12632,23250,27250,16,0,0,layered_block,circular,per_chunk,1,1
12633,23167,27083,16,0,0,layered_block,circular,per_chunk,1,1
12634,22875,26709,16,0,0,layered_block,circular,per_chunk,1,1
12635,23042,27000,16,0,0,layered_block,circular,per_chunk,1,1
12636,22709,26625,16,0,0,layered_block,circular,per_chunk,1,1
12637,22791,26667,16,0,0,layered_block,circular,per_chunk,1,1
12638,23917,27833,16,0,0,layered_block,circular,per_chunk,1,1
12639,22875,26750,16,0,0,layered_block,circular,per_chunk,1,1
12640,25292,31334,16,0,0,layered_block,circular,per_chunk,1,1
12641,23459,27375,16,0,0,layered_block,circular,per_chunk,1,1
12642,22875,26833,16,0,0,layered_block,circular,per_chunk,1,1
12643,23208,27167,16,0,0,layered_block,circular,per_chunk,1,1
12644,30583,34834,16,0,0,layered_block,circular,per_chunk,1,1
12645,23292,27125,16,0,0,layered_block,circular,per_chunk,1,1
12646,23916,28000,16,0,0,layered_block,circular,per_chunk,1,1
12647,29042,33042,16,0,0,layered_block,circular,per_chunk,1,1
12648,22833,26625,16,0,0,layered_block,circular,per_chunk,1,1
12649,23333,27333,16,0,0,layered_block,circular,per_chunk,1,1
12650,23000,26875,16,0,0,layered_block,circular,per_chunk,1,1
12651,23125,27000,16,0,0,layered_block,circular,per_chunk,1,1
12652,30167,34167,16,0,0,layered_block,circular,per_chunk,1,1
12653,22792,26625,16,0,0,layered_block,circular,per_chunk,1,1
12654,22791,26708,16,0,0,layered_block,circular,per_chunk,1,1
12655,30583,34542,16,0,0,layered_block,circular,per_chunk,1,1
12656,22833,26625,16,0,0,layered_block,circular,per_chunk,1,1
12657,23500,27417,16,0,0,layered_block,circular,per_chunk,1,1
12658,22750,26625,16,0,0,layered_block,circular,per_chunk,1,1
12659,22708,26625,16,0,0,layered_block,circular,per_chunk,1,1
12660,23375,27500,16,0,0,layered_block,circular,per_chunk,1,1
12661,23000,26916,16,0,0,layered_block,circular,per_chunk,1,1
12662,23083,26875,16,0,0,layered_block,circular,per_chunk,1,1
12663,23292,27209,16,0,0,layered_block,circular,per_chunk,1,1
12664,22791,26625,16,0,0,layered_block,circular,per_chunk,1,1
12665,23000,26875,16,0,0,layered_block,circular,per_chunk,1,1
12666,23083,26958,16,0,0,layered_block,circular,per_chunk,1,1
12667,23500,27584,16,0,0,layered_block,circular,per_chunk,1,1
12668,22750,26625,16,0,0,layered_block,circular,per_chunk,1,1
12669,30667,34625,16,0,0,layered_block,circular,per_chunk,1,1
12670,23000,26834,16,0,0,layered_block,circular,per_chunk,1,1
12671,23250,27375,16,0,0,layered_block,circular,per_chunk,1,1
12672,22792,26666,16,0,0,layered_block,circular,per_chunk,1,1
12673,22791,26708,16,0,0,layered_block,circular,per_chunk,1,1
12674,23416,27292,16,0,0,layered_block,circular,per_chunk,1,1
12675,23916,27792,16,0,0,layered_block,circular,per_chunk,1,1
12676,22584,26500,16,0,0,layered_block,circular,per_chunk,1,1
12677,23250,27208,16,0,0,layered_block,circular,per_chunk,1,1
12678,23000,26875,16,0,0,layered_block,circular,per_chunk,1,1
12679,23208,27084,16,0,0,layered_block,circular,per_chunk,1,1
12680,23042,26958,16,0,0,layered_block,circular,per_chunk,1,1
12681,23000,26917,16,0,0,layered_block,circular,per_chunk,1,1
12682,22791,26708,16,0,0,layered_block,circular,per_chunk,1,1
12683,31458,35458,16,0,0,layered_block,circular,per_chunk,1,1
12684,23084,26916,16,0,0,layered_block,circular,per_chunk,1,1
12685,22875,27125,16,0,0,layered_block,circular,per_chunk,1,1
12686,23208,27042,16,0,0,layered_block,circular,per_chunk,1,1
12687,85916,89958,16,0,0,layered_block,circular,per_chunk,1,1
12688,23375,27625,16,0,0,layered_block,circular,per_chunk,1,1
12689,22750,26667,16,0,0,layered_block,circular,per_chunk,1,1
12690,23000,26875,16,0,0,layered_block,circular,per_chunk,1,1
12691,23209,27625,16,0,0,layered_block,circular,per_chunk,1,1
12692,22709,26666,16,0,0,layered_block,circular,per_chunk,1,1
12693,22875,26750,16,0,0,layered_block,circular,per_chunk,1,1
12694,23333,27250,16,0,0,layered_block,circular,per_chunk,1,1
12695,22875,26750,16,0,0,layered_block,circular,per_chunk,1,1
12696,22708,26625,16,0,0,layered_block,circular,per_chunk,1,1
12697,23167,27417,16,0,0,layered_block,circular,per_chunk,1,1
12698,22834,26750,16,0,0,layered_block,circular,per_chunk,1,1
12699,22916,26833,16,0,0,layered_block,circular,per_chunk,1,1
12700,31584,35625,16,0,0,layered_block,circular,per_chunk,1,1
12701,23083,26959,16,0,0,layered_block,circular,per_chunk,1,1
12702,23125,26958,16,0,0,layered_block,circular,per_chunk,1,1
12703,30375,34417,16,0,0,layered_block,circular,per_chunk,1,1
12704,22916,26708,16,0,0,layered_block,circular,per_chunk,1,1
12705,23125,27583,16,0,0,layered_block,circular,per_chunk,1,1
12706,22750,26625,16,0,0,layered_block,circular,per_chunk,1,1
12707,23083,27000,16,0,0,layered_block,circular,per_chunk,1,1
12708,23375,27291,16,0,0,layered_block,circular,per_chunk,1,1
12709,22833,26750,16,0,0,layered_block,circular,per_chunk,1,1
12710,23375,27209,16,0,0,layered_block,circular,per_chunk,1,1
12711,23667,27625,16,0,0,layered_block,circular,per_chunk,1,1
12712,23000,26959,16,0,0,layered_block,circular,per_chunk,1,1
12713,22750,26541,16,0,0,layered_block,circular,per_chunk,1,1
12714,23625,27584,16,0,0,layered_block,circular,per_chunk,1,1
12715,22750,26667,16,0,0,layered_block,circular,per_chunk,1,1
12716,22792,26625,16,0,0,layered_block,circular,per_chunk,1,1
12717,30292,34334,16,0,0,layered_block,circular,per_chunk,1,1
12718,22917,26750,16,0,0,layered_block,circular,per_chunk,1,1
12719,23625,27625,16,0,0,layered_block,circular,per_chunk,1,1
12720,23041,26875,16,0,0,layered_block,circular,per_chunk,1,1
12721,23000,26875,16,0,0,layered_block,circular,per_chunk,1,1
12722,23125,27042,16,0,0,layered_block,circular,per_chunk,1,1
12723,23083,27000,16,0,0,layered_block,circular,per_chunk,1,1
12724,23416,27292,16,0,0,layered_block,circular,per_chunk,1,1
12725,22916,26875,16,0,0,layered_block,circular,per_chunk,1,1
12726,22917,26791,16,0,0,layered_block,circular,per_chunk,1,1
12727,23250,27292,16,0,0,layered_block,circular,per_chunk,1,1
12728,23250,27083,16,0,0,layered_block,circular,per_chunk,1,1
12729,22792,26709,16,0,0,layered_block,circular,per_chunk,1,1
12730,23459,27375,16,0,0,layered_block,circular,per_chunk,1,1
12731,23167,27125,16,0,0,layered_block,circular,per_chunk,1,1
12732,22750,26625,16,0,0,layered_block,circular,per_chunk,1,1
12733,30750,34625,16,0,0,layered_block,circular,per_chunk,1,1
12734,22875,26792,16,0,0,layered_block,circular,per_chunk,1,1
12735,23333,27250,16,0,0,layered_block,circular,per_chunk,1,1
12736,30750,34750,16,0,0,layered_block,circular,per_chunk,1,1
12737,22750,26583,16,0,0,layered_block,circular,per_chunk,1,1
12738,23541,27458,16,0,0,layered_block,circular,per_chunk,1,1
12739,22792,26625,16,0,0,layered_block,circular,per_chunk,1,1
12740,22834,26708,16,0,0,layered_block,circular,per_chunk,1,1
12741,23666,27542,16,0,0,layered_block,circular,per_chunk,1,1
12742,22792,26709,16,0,0,layered_block,circular,per_chunk,1,1
12743,22791,26625,16,0,0,layered_block,circular,per_chunk,1,1
12744,23333,27167,16,0,0,layered_block,circular,per_chunk,1,1
12745,22833,26750,16,0,0,layered_block,circular,per_chunk,1,1
12746,22792,26625,16,0,0,layered_block,circular,per_chunk,1,1
12747,22917,26792,16,0,0,layered_block,circular,per_chunk,1,1
12748,22875,26708,16,0,0,layered_block,circular,per_chunk,1,1
12749,23208,27208,16,0,0,layered_block,circular,per_chunk,1,1
12750,23084,27000,16,0,0,layered_block,circular,per_chunk,1,1
12751,22958,26834,16,0,0,layered_block,circular,per_chunk,1,1
12752,30084,34041,16,0,0,layered_block,circular,per_chunk,1,1
12753,22916,26750,16,0,0,layered_block,circular,per_chunk,1,1
12754,22917,26834,16,0,0,layered_block,circular,per_chunk,1,1
12755,23625,27750,16,0,0,layered_block,circular,per_chunk,1,1
12756,22833,26750,16,0,0,layered_block,circular,per_chunk,1,1
12757,22709,26625,16,0,0,layered_block,circular,per_chunk,1,1
12758,22833,26750,16,0,0,layered_block,circular,per_chunk,1,1
12759,22792,26709,16,0,0,layered_block,circular,per_chunk,1,1
12760,22916,27334,16,0,0,layered_block,circular,per_chunk,1,1
12761,83375,87416,16,0,0,layered_block,circular,per_chunk,1,1
12762,23041,26958,16,0,0,layered_block,circular,per_chunk,1,1
12763,23541,27583,16,0,0,layered_block,circular,per_chunk,1,1
12764,22875,26750,16,0,0,layered_block,circular,per_chunk,1,1
12765,23125,26958,16,0,0,layered_block,circular,per_chunk,1,1
12766,30333,34292,16,0,0,layered_block,circular,per_chunk,1,1
12767,22958,26875,16,0,0,layered_block,circular,per_chunk,1,1
12768,22916,26791,16,0,0,layered_block,circular,per_chunk,1,1
12769,23125,27625,16,0,0,layered_block,circular,per_chunk,1,1
12770,23375,27292,16,0,0,layered_block,circular,per_chunk,1,1
12771,23208,27084,16,0,0,layered_block,circular,per_chunk,1,1
12772,30667,34625,16,0,0,layered_block,circular,per_chunk,1,1
12773,23000,26833,16,0,0,layered_block,circular,per_chunk,1,1
12774,23416,27458,16,0,0,layered_block,circular,per_chunk,1,1
12775,23292,27417,16,0,0,layered_block,circular,per_chunk,1,1
12776,22750,26666,16,0,0,layered_block,circular,per_chunk,1,1
12777,23417,27292,16,0,0,layered_block,circular,per_chunk,1,1
12778,23084,27041,16,0,0,layered_block,circular,per_chunk,1,1
12779,22916,26833,16,0,0,layered_block,circular,per_chunk,1,1
12780,23292,27625,16,0,0,layered_block,circular,per_chunk,1,1
12781,84166,88166,16,0,0,layered_block,circular,per_chunk,1,1
12782,22917,26709,16,0,0,layered_block,circular,per_chunk,1,1
12783,23250,27167,16,0,0,layered_block,circular,per_chunk,1,1
12784,23209,27083,16,0,0,layered_block,circular,per_chunk,1,1
12785,23167,27084,16,0,0,layered_block,circular,per_chunk,1,1
12786,23417,27791,16,0,0,layered_block,circular,per_chunk,1,1
12787,22792,26750,16,0,0,layered_block,circular,per_chunk,1,1
12788,23334,27208,16,0,0,layered_block,circular,per_chunk,1,1
12789,23292,27208,16,0,0,layered_block,circular,per_chunk,1,1
12790,23084,27041,16,0,0,layered_block,circular,per_chunk,1,1
12791,22750,26667,16,0,0,layered_block,circular,per_chunk,1,1
12792,23166,27125,16,0,0,layered_block,circular,per_chunk,1,1
12793,23750,27667,16,0,0,layered_block,circular,per_chunk,1,1
12794,22708,26667,16,0,0,layered_block,circular,per_chunk,1,1
12795,23125,27083,16,0,0,layered_block,circular,per_chunk,1,1
12796,22875,26833,16,0,0,layered_block,circular,per_chunk,1,1
12797,23916,27833,16,0,0,layered_block,circular,per_chunk,1,1
12798,23458,27375,16,0,0,layered_block,circular,per_chunk,1,1
12799,23208,27084,16,0,0,layered_block,circular,per_chunk,1,1
12800,23333,27208,16,0,0,layered_block,circular,per_chunk,1,1
12801,24875,28834,16,0,0,layered_block,circular,per_chunk,1,1
12802,23417,27375,16,0,0,layered_block,circular,per_chunk,1,1
12803,23291,27125,16,0,0,layered_block,circular,per_chunk,1,1
12804,23667,27833,16,0,0,layered_block,circular,per_chunk,1,1
12805,22917,26834,16,0,0,layered_block,circular,per_chunk,1,1
12806,23333,27208,16,0,0,layered_block,circular,per_chunk,1,1
12807,29042,33042,16,0,0,layered_block,circular,per_chunk,1,1
12808,23875,27667,16,0,0,layered_block,circular,per_chunk,1,1
12809,22750,26625,16,0,0,layered_block,circular,per_chunk,1,1
12810,23750,27708,16,0,0,layered_block,circular,per_chunk,1,1
12811,22667,26542,16,0,0,layered_block,circular,per_chunk,1,1
12812,23292,27125,16,0,0,layered_block,circular,per_chunk,1,1
12813,30041,34083,16,0,0,layered_block,circular,per_chunk,1,1
12814,22792,26792,16,0,0,layered_block,circular,per_chunk,1,1
12815,22959,26875,16,0,0,layered_block,circular,per_chunk,1,1
12816,29167,33042,16,0,0,layered_block,circular,per_chunk,1,1
12817,23084,26958,16,0,0,layered_block,circular,per_chunk,1,1
12818,23250,27125,16,0,0,layered_block,circular,per_chunk,1,1
12819,22792,26709,16,0,0,layered_block,circular,per_chunk,1,1
12820,22875,26708,16,0,0,layered_block,circular,per_chunk,1,1
12821,24917,28833,16,0,0,layered_block,circular,per_chunk,1,1
12822,29958,33958,16,0,0,layered_block,circular,per_chunk,1,1
12823,23458,27292,16,0,0,layered_block,circular,per_chunk,1,1
12824,23625,27500,16,0,0,layered_block,circular,per_chunk,1,1
12825,23417,27333,16,0,0,layered_block,circular,per_chunk,1,1
12826,23084,26917,16,0,0,layered_block,circular,per_chunk,1,1
12827,23416,27333,16,0,0,layered_block,circular,per_chunk,1,1
12828,23083,26917,16,0,0,layered_block,circular,per_chunk,1,1
12829,23250,27125,16,0,0,layered_block,circular,per_chunk,1,1
12830,23167,27042,16,0,0,layered_block,circular,per_chunk,1,1
12831,22791,26708,16,0,0,layered_block,circular,per_chunk,1,1
12832,23209,27083,16,0,0,layered_block,circular,per_chunk,1,1
12833,23459,27917,16,0,0,layered_block,circular,per_chunk,1,1
12834,23125,27000,16,0,0,layered_block,circular,per_chunk,1,1
12835,23583,27458,16,0,0,layered_block,circular,per_chunk,1,1
12836,23208,27125,16,0,0,layered_block,circular,per_chunk,1,1
12837,23292,27209,16,0,0,layered_block,circular,per_chunk,1,1
12838,23083,26917,16,0,0,layered_block,circular,per_chunk,1,1
12839,30584,34583,16,0,0,layered_block,circular,per_chunk,1,1
12840,22958,26792,16,0,0,layered_block,circular,per_chunk,1,1
12841,24417,28500,16,0,0,layered_block,circular,per_chunk,1,1
12842,23000,33875,16,0,0,layered_block,circular,per_chunk,1,1
12843,23125,27041,16,0,0,layered_block,circular,per_chunk,1,1
12844,23000,26917,16,0,0,layered_block,circular,per_chunk,1,1
12845,23625,27542,16,0,0,layered_block,circular,per_chunk,1,1
12846,23209,27041,16,0,0,layered_block,circular,per_chunk,1,1
12847,23167,27625,16,0,0,layered_block,circular,per_chunk,1,1
12848,23459,27291,16,0,0,layered_block,circular,per_chunk,1,1
12849,22792,26625,16,0,0,layered_block,circular,per_chunk,1,1
12850,23459,27375,16,0,0,layered_block,circular,per_chunk,1,1
12851,22750,26625,16,0,0,layered_block,circular,per_chunk,1,1
12852,22916,26833,16,0,0,layered_block,circular,per_chunk,1,1
12853,23583,27458,16,0,0,layered_block,circular,per_chunk,1,1
12854,23542,27417,16,0,0,layered_block,circular,per_chunk,1,1
12855,22959,26792,16,0,0,layered_block,circular,per_chunk,1,1
12856,23708,27584,16,0,0,layered_block,circular,per_chunk,1,1
12857,23250,27083,16,0,0,layered_block,circular,per_chunk,1,1
12858,23125,27000,16,0,0,layered_block,circular,per_chunk,1,1
12859,31541,35583,16,0,0,layered_block,circular,per_chunk,1,1
12860,22917,26750,16,0,0,layered_block,circular,per_chunk,1,1
12861,23250,27084,16,0,0,layered_block,circular,per_chunk,1,1
12862,23875,27792,16,0,0,layered_block,circular,per_chunk,1,1
12863,23000,27042,16,0,0,layered_block,circular,per_chunk,1,1
12864,22875,26750,16,0,0,layered_block,circular,per_chunk,1,1
12865,23292,27292,16,0,0,layered_block,circular,per_chunk,1,1
12866,22667,26583,16,0,0,layered_block,circular,per_chunk,1,1
12867,22750,26666,16,0,0,layered_block,circular,per_chunk,1,1
12868,23875,27875,16,0,0,layered_block,circular,per_chunk,1,1
12869,23083,26916,16,0,0,layered_block,circular,per_chunk,1,1
12870,22959,26791,16,0,0,layered_block,circular,per_chunk,1,1
12871,24417,28375,16,0,0,layered_block,circular,per_chunk,1,1
12872,23333,27209,16,0,0,layered_block,circular,per_chunk,1,1
12873,23042,26916,16,0,0,layered_block,circular,per_chunk,1,1
12874,22792,26667,16,0,0,layered_block,circular,per_chunk,1,1
12875,23666,27583,16,0,0,layered_block,circular,per_chunk,1,1
12876,22750,26667,16,0,0,layered_block,circular,per_chunk,1,1
12877,23250,27708,16,0,0,layered_block,circular,per_chunk,1,1
12878,22875,26791,16,0,0,layered_block,circular,per_chunk,1,1
12879,23084,26875,16,0,0,layered_block,circular,per_chunk,1,1
12880,22916,26792,16,0,0,layered_block,circular,per_chunk,1,1
12881,22917,26833,16,0,0,layered_block,circular,per_chunk,1,1
12882,23000,26958,16,0,0,layered_block,circular,per_chunk,1,1
12883,23292,27208,16,0,0,layered_block,circular,per_chunk,1,1
12884,23209,27125,16,0,0,layered_block,circular,per_chunk,1,1
12885,23333,27250,16,0,0,layered_block,circular,per_chunk,1,1
12886,30791,34792,16,0,0,layered_block,circular,per_chunk,1,1
12887,23542,27333,16,0,0,layered_block,circular,per_chunk,1,1
12888,23167,27041,16,0,0,layered_block,circular,per_chunk,1,1
12889,23375,27292,16,0,0,layered_block,circular,per_chunk,1,1
12890,23458,27375,16,0,0,layered_block,circular,per_chunk,1,1
12891,23167,27041,16,0,0,layered_block,circular,per_chunk,1,1
12892,31084,35041,16,0,0,layered_block,circular,per_chunk,1,1
12893,22917,26750,16,0,0,layered_block,circular,per_chunk,1,1
12894,90250,94292,16,0,0,layered_block,circular,per_chunk,1,1
12895,23750,27750,16,0,0,layered_block,circular,per_chunk,1,1
12896,22833,26792,16,0,0,layered_block,circular,per_chunk,1,1
12897,23375,27209,16,0,0,layered_block,circular,per_chunk,1,1
12898,22792,26625,16,0,0,layered_block,circular,per_chunk,1,1
12899,22875,26750,16,0,0,layered_block,circular,per_chunk,1,1
12900,23208,27625,16,0,0,layered_block,circular,per_chunk,1,1
12901,22917,26792,16,0,0,layered_block,circular,per_chunk,1,1
12902,23125,26959,16,0,0,layered_block,circular,per_chunk,1,1
12903,23291,27208,16,0,0,layered_block,circular,per_chunk,1,1
12904,22791,26708,16,0,0,layered_block,circular,per_chunk,1,1
12905,22958,26792,16,0,0,layered_block,circular,per_chunk,1,1
12906,23125,27500,16,0,0,layered_block,circular,per_chunk,1,1
12907,23417,27334,16,0,0,layered_block,circular,per_chunk,1,1
12908,23375,27292,16,0,0,layered_block,circular,per_chunk,1,1
12909,23625,27666,16,0,0,layered_block,circular,per_chunk,1,1
12910,23041,26917,16,0,0,layered_block,circular,per_chunk,1,1
12911,22750,26667,16,0,0,layered_block,circular,per_chunk,1,1
12912,23208,27250,16,0,0,layered_block,circular,per_chunk,1,1
12913,23375,27250,16,0,0,layered_block,circular,per_chunk,1,1
12914,87875,91959,16,0,0,layered_block,circular,per_chunk,1,1
12915,23208,27708,16,0,0,layered_block,circular,per_chunk,1,1
12916,23041,26958,16,0,0,layered_block,circular,per_chunk,1,1
12917,22875,26708,16,0,0,layered_block,circular,per_chunk,1,1
12918,23417,27583,16,0,0,layered_block,circular,per_chunk,1,1
12919,22875,26708,16,0,0,layered_block,circular,per_chunk,1,1
12920,23208,27125,16,0,0,layered_block,circular,per_chunk,1,1
12921,30292,34208,16,0,0,layered_block,circular,per_chunk,1,1
12922,22750,26667,16,0,0,layered_block,circular,per_chunk,1,1
12923,22916,26792,16,0,0,layered_block,circular,per_chunk,1,1
12924,23167,27042,16,0,0,layered_block,circular,per_chunk,1,1
12925,23000,26834,16,0,0,layered_block,circular,per_chunk,1,1
12926,23167,27083,16,0,0,layered_block,circular,per_chunk,1,1
12927,23125,27083,16,0,0,layered_block,circular,per_chunk,1,1
12928,23084,26916,16,0,0,layered_block,circular,per_chunk,1,1
12929,23250,27166,16,0,0,layered_block,circular,per_chunk,1,1
12930,22834,26750,16,0,0,layered_block,circular,per_chunk,1,1
12931,23042,26958,16,0,0,layered_block,circular,per_chunk,1,1
12932,23833,28083,16,0,0,layered_block,circular,per_chunk,1,1
12933,24500,28375,16,0,0,layered_block,circular,per_chunk,1,1
12934,24958,28750,16,0,0,layered_block,circular,per_chunk,1,1
12935,23292,27125,16,0,0,layered_block,circular,per_chunk,1,1
12936,23583,27583,16,0,0,layered_block,circular,per_chunk,1,1
12937,23083,27042,16,0,0,layered_block,circular,per_chunk,1,1
12938,23083,26917,16,0,0,layered_block,circular,per_chunk,1,1
12939,30334,34333,16,0,0,layered_block,circular,per_chunk,1,1
12940,23042,26875,16,0,0,layered_block,circular,per_chunk,1,1
12941,22917,26792,16,0,0,layered_block,circular,per_chunk,1,1
12942,23084,27000,16,0,0,layered_block,circular,per_chunk,1,1
12943,23000,26875,16,0,0,layered_block,circular,per_chunk,1,1
12944,23750,27667,16,0,0,layered_block,circular,per_chunk,1,1
12945,23208,32917,16,0,0,layered_block,circular,per_chunk,1,1
12946,23084,26916,16,0,0,layered_block,circular,per_chunk,1,1
12947,23917,27875,16,0,0,layered_block,circular,per_chunk,1,1
12948,23958,28000,16,0,0,layered_block,circular,per_chunk,1,1
12949,22708,26625,16,0,0,layered_block,circular,per_chunk,1,1
12950,23000,26958,16,0,0,layered_block,circular,per_chunk,1,1
12951,23583,35166,16,0,0,layered_block,circular,per_chunk,1,1
12952,23416,27333,16,0,0,layered_block,circular,per_chunk,1,1
12953,23666,27458,16,0,0,layered_block,circular,per_chunk,1,1
12954,23916,27833,16,0,0,layered_block,circular,per_chunk,1,1
12955,22709,26667,16,0,0,layered_block,circular,per_chunk,1,1
12956,22917,26792,16,0,0,layered_block,circular,per_chunk,1,1
12957,23083,26959,16,0,0,layered_block,circular,per_chunk,1,1
12958,23334,27250,16,0,0,layered_block,circular,per_chunk,1,1
12959,23000,26875,16,0,0,layered_block,circular,per_chunk,1,1
12960,23458,27750,16,0,0,layered_block,circular,per_chunk,1,1
12961,23333,33708,16,0,0,layered_block,circular,per_chunk,1,1
12962,23625,27375,16,0,0,layered_block,circular,per_chunk,1,1
12963,23000,26917,16,0,0,layered_block,circular,per_chunk,1,1
12964,23250,27208,16,0,0,layered_block,circular,per_chunk,1,1
12965,23292,27166,16,0,0,layered_block,circular,per_chunk,1,1
12966,25041,29000,16,0,0,layered_block,circular,per_chunk,1,1
12967,32500,36458,16,0,0,layered_block,circular,per_chunk,1,1
12968,22959,26875,16,0,0,layered_block,circular,per_chunk,1,1
12969,22875,26709,16,0,0,layered_block,circular,per_chunk,1,1
12970,31167,35291,16,0,0,layered_block,circular,per_chunk,1,1
12971,23250,27084,16,0,0,layered_block,circular,per_chunk,1,1
12972,23458,27334,16,0,0,layered_block,circular,per_chunk,1,1
12973,23750,27625,16,0,0,layered_block,circular,per_chunk,1,1
12974,24041,27791,16,0,0,layered_block,circular,per_chunk,1,1
12975,22666,26541,16,0,0,layered_block,circular,per_chunk,1,1
12976,23416,27292,16,0,0,layered_block,circular,per_chunk,1,1
12977,23000,26917,16,0,0,layered_block,circular,per_chunk,1,1
12978,23084,26958,16,0,0,layered_block,circular,per_chunk,1,1
12979,23250,27750,16,0,0,layered_block,circular,per_chunk,1,1
12980,24500,28333,16,0,0,layered_block,circular,per_chunk,1,1
12981,22875,26625,16,0,0,layered_block,circular,per_chunk,1,1
12982,23667,27750,16,0,0,layered_block,circular,per_chunk,1,1
12983,22708,26625,16,0,0,layered_block,circular,per_chunk,1,1
12984,23042,26917,16,0,0,layered_block,circular,per_chunk,1,1
12985,23250,27750,16,0,0,layered_block,circular,per_chunk,1,1
12986,22791,26708,16,0,0,layered_block,circular,per_chunk,1,1
12987,23583,27500,16,0,0,layered_block,circular,per_chunk,1,1
12988,23459,27959,16,0,0,layered_block,circular,per_chunk,1,1
12989,23542,27459,16,0,0,layered_block,circular,per_chunk,1,1
12990,23000,26916,16,0,0,layered_block,circular,per_chunk,1,1
12991,31333,35375,16,0,0,layered_block,circular,per_chunk,1,1
12992,22834,26708,16,0,0,layered_block,circular,per_chunk,1,1
12993,23041,26916,16,0,0,layered_block,circular,per_chunk,1,1
12994,23292,27292,16,0,0,layered_block,circular,per_chunk,1,1
12995,22875,26792,16,0,0,layered_block,circular,per_chunk,1,1
12996,23000,26834,16,0,0,layered_block,circular,per_chunk,1,1
12997,31917,35917,16,0,0,layered_block,circular,per_chunk,1,1
12998,23125,26917,16,0,0,layered_block,circular,per_chunk,1,1
12999,23125,27084,16,0,0,layered_block,circular,per_chunk,1,1
13000,25333,29375,16,0,0,layered_block,circular,per_chunk,1,1
13001,22750,26667,16,0,0,layered_block,circular,per_chunk,1,1
13002,22542,26375,16,0,0,layered_block,circular,per_chunk,1,1
13003,31458,35458,16,0,0,layered_block,circular,per_chunk,1,1
13004,23083,26917,16,0,0,layered_block,circular,per_chunk,1,1
13005,23125,27000,16,0,0,layered_block,circular,per_chunk,1,1
13006,23000,26916,16,0,0,layered_block,circular,per_chunk,1,1
13007,23167,27000,16,0,0,layered_block,circular,per_chunk,1,1
13008,23541,27500,16,0,0,layered_block,circular,per_chunk,1,1
13009,23333,27250,16,0,0,layered_block,circular,per_chunk,1,1
13010,23209,27125,16,0,0,layered_block,circular,per_chunk,1,1
13011,23709,27666,16,0,0,layered_block,circular,per_chunk,1,1
13012,22792,26666,16,0,0,layered_block,circular,per_chunk,1,1
13013,23083,26917,16,0,0,layered_block,circular,per_chunk,1,1
13014,23542,28042,16,0,0,layered_block,circular,per_chunk,1,1
13015,23209,27041,16,0,0,layered_block,circular,per_chunk,1,1
13016,22750,26667,16,0,0,layered_block,circular,per_chunk,1,1
13017,23167,27083,16,0,0,layered_block,circular,per_chunk,1,1
13018,22708,26625,16,0,0,layered_block,circular,per_chunk,1,1
13019,22750,26625,16,0,0,layered_block,circular,per_chunk,1,1
13020,24042,27833,16,0,0,layered_block,circular,per_chunk,1,1
13021,23291,27208,16,0,0,layered_block,circular,per_chunk,1,1
13022,22750,26584,16,0,0,layered_block,circular,per_chunk,1,1
13023,29875,33833,16,0,0,layered_block,circular,per_chunk,1,1
13024,22792,26625,16,0,0,layered_block,circular,per_chunk,1,1
13025,23500,27334,16,0,0,layered_block,circular,per_chunk,1,1
13026,22750,26625,16,0,0,layered_block,circular,per_chunk,1,1
13027,23333,27125,16,0,0,layered_block,circular,per_chunk,1,1
13028,22917,26791,16,0,0,layered_block,circular,per_chunk,1,1
13029,22750,26625,16,0,0,layered_block,circular,per_chunk,1,1
13030,22916,26708,16,0,0,layered_block,circular,per_chunk,1,1
13031,23250,27500,16,0,0,layered_block,circular,per_chunk,1,1
13032,23250,27166,16,0,0,layered_block,circular,per_chunk,1,1
13033,23000,26834,16,0,0,layered_block,circular,per_chunk,1,1
13034,23292,27250,16,0,0,layered_block,circular,per_chunk,1,1
13035,22667,26625,16,0,0,layered_block,circular,per_chunk,1,1
13036,22791,26667,16,0,0,layered_block,circular,per_chunk,1,1
13037,23667,27583,16,0,0,layered_block,circular,per_chunk,1,1
13038,23041,26917,16,0,0,layered_block,circular,per_chunk,1,1
13039,23000,26875,16,0,0,layered_block,circular,per_chunk,1,1
13040,24541,28833,16,0,0,layered_block,circular,per_chunk,1,1
13041,23083,26875,16,0,0,layered_block,circular,per_chunk,1,1
13042,23083,27000,16,0,0,layered_block,circular,per_chunk,1,1
13043,23292,27167,16,0,0,layered_block,circular,per_chunk,1,1
13044,22708,26583,16,0,0,layered_block,circular,per_chunk,1,1
13045,23292,27166,16,0,0,layered_block,circular,per_chunk,1,1
13046,22792,26667,16,0,0,layered_block,circular,per_chunk,1,1
13047,23375,27167,16,0,0,layered_block,circular,per_chunk,1,1
13048,22625,26458,16,0,0,layered_block,circular,per_chunk,1,1
13049,22791,26708,16,0,0,layered_block,circular,per_chunk,1,1
13050,24375,28208,16,0,0,layered_block,circular,per_chunk,1,1
13051,24208,28167,16,0,0,layered_block,circular,per_chunk,1,1
13052,23125,27042,16,0,0,layered_block,circular,per_chunk,1,1
13053,22916,26750,16,0,0,layered_block,circular,per_chunk,1,1
13054,24208,28125,16,0,0,layered_block,circular,per_chunk,1,1
13055,23208,27292,16,0,0,layered_block,circular,per_chunk,1,1
13056,23166,27000,16,0,0,layered_block,circular,per_chunk,1,1
13057,23541,27416,16,0,0,layered_block,circular,per_chunk,1,1
13058,23458,27333,16,0,0,layered_block,circular,per_chunk,1,1
13059,22709,26542,16,0,0,layered_block,circular,per_chunk,1,1
13060,24458,28542,16,0,0,layered_block,circular,per_chunk,1,1
13061,23292,27125,16,0,0,layered_block,circular,per_chunk,1,1
13062,22916,26750,16,0,0,layered_block,circular,per_chunk,1,1
13063,23209,27541,16,0,0,layered_block,circular,per_chunk,1,1
13064,23083,26958,16,0,0,layered_block,circular,per_chunk,1,1
13065,22750,26542,16,0,0,layered_block,circular,per_chunk,1,1
13066,23916,27791,16,0,0,layered_block,circular,per_chunk,1,1
13067,23542,27292,16,0,0,layered_block,circular,per_chunk,1,1
13068,23333,27125,16,0,0,layered_block,circular,per_chunk,1,1
13069,24750,28583,16,0,0,layered_block,circular,per_chunk,1,1
13070,22875,26750,16,0,0,layered_block,circular,per_chunk,1,1
13071,23167,27041,16,0,0,layered_block,circular,per_chunk,1,1
13072,23917,34167,16,0,0,layered_block,circular,per_chunk,1,1
13073,23083,26917,16,0,0,layered_block,circular,per_chunk,1,1
13074,23250,27083,16,0,0,layered_block,circular,per_chunk,1,1
13075,23542,27792,16,0,0,layered_block,circular,per_chunk,1,1
13076,23250,27166,16,0,0,layered_block,circular,per_chunk,1,1
13077,22959,26833,16,0,0,layered_block,circular,per_chunk,1,1
13078,23250,27500,16,0,0,layered_block,circular,per_chunk,1,1
13079,22916,26750,16,0,0,layered_block,circular,per_chunk,1,1
13080,22917,26792,16,0,0,layered_block,circular,per_chunk,1,1
13081,23708,27667,16,0,0,layered_block,circular,per_chunk,1,1
13082,22750,26625,16,0,0,layered_block,circular,per_chunk,1,1
13083,23000,26875,16,0,0,layered_block,circular,per_chunk,1,1
13084,23250,27708,16,0,0,layered_block,circular,per_chunk,1,1
13085,22834,26667,16,0,0,layered_block,circular,per_chunk,1,1
13086,22792,26625,16,0,0,layered_block,circular,per_chunk,1,1
13087,23042,27000,16,0,0,layered_block,circular,per_chunk,1,1
13088,23041,26916,16,0,0,layered_block,circular,per_chunk,1,1
13089,22958,26833,16,0,0,layered_block,circular,per_chunk,1,1
13090,23000,27417,16,0,0,layered_block,circular,per_chunk,1,1
13091,23000,26958,16,0,0,layered_block,circular,per_chunk,1,1
13092,22875,26709,16,0,0,layered_block,circular,per_chunk,1,1
13093,25500,94000,16,0,0,layered_block,circular,per_chunk,1,1
13094,23583,27375,16,0,0,layered_block,circular,per_chunk,1,1
13095,23500,27292,16,0,0,layered_block,circular,per_chunk,1,1
13096,22750,26959,16,0,0,layered_block,circular,per_chunk,1,1
13097,31208,35375,16,0,0,layered_block,circular,per_chunk,1,1
13098,23000,26833,16,0,0,layered_block,circular,per_chunk,1,1
13099,22792,27292,16,0,0,layered_block,circular,per_chunk,1,1
13100,23000,26875,16,0,0,layered_block,circular,per_chunk,1,1
13101,22833,26667,16,0,0,layered_block,circular,per_chunk,1,1
13102,23209,27084,16,0,0,layered_block,circular,per_chunk,1,1
13103,22916,26750,16,0,0,layered_block,circular,per_chunk,1,1
13104,22625,26458,16,0,0,layered_block,circular,per_chunk,1,1
13105,30291,34250,16,0,0,layered_block,circular,per_chunk,1,1
13106,22916,26708,16,0,0,layered_block,circular,per_chunk,1,1
13107,23125,26959,16,0,0,layered_block,circular,per_chunk,1,1
13108,23042,26875,16,0,0,layered_block,circular,per_chunk,1,1
13109,22792,26584,16,0,0,layered_block,circular,per_chunk,1,1
13110,23000,33416,16,0,0,layered_block,circular,per_chunk,1,1
13111,23083,26833,16,0,0,layered_block,circular,per_chunk,1,1
13112,23458,27375,16,0,0,layered_block,circular,per_chunk,1,1
13113,22917,26708,16,0,0,layered_block,circular,per_chunk,1,1
13114,23042,26875,16,0,0,layered_block,circular,per_chunk,1,1
13115,23292,27125,16,0,0,layered_block,circular,per_chunk,1,1
13116,22875,26709,16,0,0,layered_block,circular,per_chunk,1,1
13117,23208,27125,16,0,0,layered_block,circular,per_chunk,1,1
13118,22792,26625,16,0,0,layered_block,circular,per_chunk,1,1
13119,23250,27000,16,0,0,layered_block,circular,per_chunk,1,1
13120,23333,27167,16,0,0,layered_block,circular,per_chunk,1,1
13121,22792,26583,16,0,0,layered_block,circular,per_chunk,1,1
13122,23250,27166,16,0,0,layered_block,circular,per_chunk,1,1
13123,22750,26542,16,0,0,layered_block,circular,per_chunk,1,1
13124,22958,26834,16,0,0,layered_block,circular,per_chunk,1,1
13125,22792,26625,16,0,0,layered_block,circular,per_chunk,1,1
13126,22750,26625,16,0,0,layered_block,circular,per_chunk,1,1
13127,30000,33875,16,0,0,layered_block,circular,per_chunk,1,1
13128,22958,26750,16,0,0,layered_block,circular,per_chunk,1,1
13129,22584,26416,16,0,0,layered_block,circular,per_chunk,1,1
13130,22916,26792,16,0,0,layered_block,circular,per_chunk,1,1
13131,23584,27416,16,0,0,layered_block,circular,per_chunk,1,1
13132,23000,27292,16,0,0,layered_block,circular,per_chunk,1,1
13133,22834,26667,16,0,0,layered_block,circular,per_chunk,1,1
13134,24416,28708,16,0,0,layered_block,circular,per_chunk,1,1
13135,23375,27292,16,0,0,layered_block,circular,per_chunk,1,1
13136,22917,26792,16,0,0,layered_block,circular,per_chunk,1,1
13137,23084,26875,16,0,0,layered_block,circular,per_chunk,1,1
13138,22917,26750,16,0,0,layered_block,circular,per_chunk,1,1
13139,22792,26583,16,0,0,layered_block,circular,per_chunk,1,1
13140,23250,27166,16,0,0,layered_block,circular,per_chunk,1,1
13141,23125,26875,16,0,0,layered_block,circular,per_chunk,1,1
13142,22875,26750,16,0,0,layered_block,circular,per_chunk,1,1
13143,23208,27167,16,0,0,layered_block,circular,per_chunk,1,1
13144,23041,26958,16,0,0,layered_block,circular,per_chunk,1,1
13145,22875,26667,16,0,0,layered_block,circular,per_chunk,1,1
13146,22958,26833,16,0,0,layered_block,circular,per_chunk,1,1
13147,22792,26584,16,0,0,layered_block,circular,per_chunk,1,1
13148,23042,26834,16,0,0,layered_block,circular,per_chunk,1,1
13149,22834,26750,16,0,0,layered_block,circular,per_chunk,1,1
13150,22792,26542,16,0,0,layered_block,circular,per_chunk,1,1
13151,23250,27167,16,0,0,layered_block,circular,per_chunk,1,1
13152,22750,26542,16,0,0,layered_block,circular,per_chunk,1,1
13153,22750,26583,16,0,0,layered_block,circular,per_chunk,1,1
13154,23125,27042,16,0,0,layered_block,circular,per_chunk,1,1
13155,23250,27084,16,0,0,layered_block,circular,per_chunk,1,1
13156,23041,26833,16,0,0,layered_block,circular,per_chunk,1,1
13157,23041,26833,16,0,0,layered_block,circular,per_chunk,1,1
13158,22792,26625,16,0,0,layered_block,circular,per_chunk,1,1
13159,23292,27125,16,0,0,layered_block,circular,per_chunk,1,1
13160,23000,26833,16,0,0,layered_block,circular,per_chunk,1,1
13161,22875,26708,16,0,0,layered_block,circular,per_chunk,1,1
13162,22708,26500,16,0,0,layered_block,circular,per_chunk,1,1
13163,30084,34000,16,0,0,layered_block,circular,per_chunk,1,1
13164,23125,26917,16,0,0,layered_block,circular,per_chunk,1,1
13165,23333,27291,16,0,0,layered_block,circular,per_chunk,1,1
13166,23375,27208,16,0,0,layered_block,circular,per_chunk,1,1
13167,23416,27250,16,0,0,layered_block,circular,per_chunk,1,1
13168,24250,28125,16,0,0,layered_block,circular,per_chunk,1,1
13169,22667,26542,16,0,0,layered_block,circular,per_chunk,1,1
13170,23250,27000,16,0,0,layered_block,circular,per_chunk,1,1
13171,23167,27125,16,0,0,layered_block,circular,per_chunk,1,1
13172,23000,26916,16,0,0,layered_block,circular,per_chunk,1,1
13173,23042,26833,16,0,0,layered_block,circular,per_chunk,1,1
13174,22833,26667,16,0,0,layered_block,circular,per_chunk,1,1
13175,23542,27458,16,0,0,layered_block,circular,per_chunk,1,1
13176,22667,26542,16,0,0,layered_block,circular,per_chunk,1,1
13177,31459,35416,16,0,0,layered_block,circular,per_chunk,1,1
13178,22875,26666,16,0,0,layered_block,circular,per_chunk,1,1
13179,23333,27250,16,0,0,layered_block,circular,per_chunk,1,1
13180,23041,26833,16,0,0,layered_block,circular,per_chunk,1,1
13181,25000,28792,16,0,0,layered_block,circular,per_chunk,1,1
13182,23708,27583,16,0,0,layered_block,circular,per_chunk,1,1
13183,22875,26833,16,0,0,layered_block,circular,per_chunk,1,1
13184,22750,26584,16,0,0,layered_block,circular,per_chunk,1,1
13185,23416,27416,16,0,0,layered_block,circular,per_chunk,1,1
13186,23084,26959,16,0,0,layered_block,circular,per_chunk,1,1
13187,22750,26666,16,0,0,layered_block,circular,per_chunk,1,1
13188,23292,27125,16,0,0,layered_block,circular,per_chunk,1,1
13189,22958,26792,16,0,0,layered_block,circular,per_chunk,1,1
13190,22750,26625,16,0,0,layered_block,circular,per_chunk,1,1
13191,22750,26667,16,0,0,layered_block,circular,per_chunk,1,1
13192,22750,26625,16,0,0,layered_block,circular,per_chunk,1,1
13193,24042,27917,16,0,0,layered_block,circular,per_chunk,1,1
13194,23042,26916,16,0,0,layered_block,circular,per_chunk,1,1
13195,23500,27334,16,0,0,layered_block,circular,per_chunk,1,1
13196,23416,27250,16,0,0,layered_block,circular,per_chunk,1,1
13197,23084,26958,16,0,0,layered_block,circular,per_chunk,1,1
13198,23750,27584,16,0,0,layered_block,circular,per_chunk,1,1
13199,23334,27166,16,0,0,layered_block,circular,per_chunk,1,1
13200,23084,26916,16,0,0,layered_block,circular,per_chunk,1,1
13201,23292,27458,16,0,0,layered_block,circular,per_chunk,1,1
13202,31875,35791,16,0,0,layered_block,circular,per_chunk,1,1
13203,23250,27041,16,0,0,layered_block,circular,per_chunk,1,1
13204,23083,27083,16,0,0,layered_block,circular,per_chunk,1,1
13205,23000,26834,16,0,0,layered_block,circular,per_chunk,1,1
13206,22792,26625,16,0,0,layered_block,circular,per_chunk,1,1
13207,30000,33875,16,0,0,layered_block,circular,per_chunk,1,1
13208,23833,28000,16,0,0,layered_block,circular,per_chunk,1,1
13209,23042,26834,16,0,0,layered_block,circular,per_chunk,1,1
13210,23791,27583,16,0,0,layered_block,circular,per_chunk,1,1
13211,23125,27042,16,0,0,layered_block,circular,per_chunk,1,1
13212,22709,26542,16,0,0,layered_block,circular,per_chunk,1,1
13213,23083,27500,16,0,0,layered_block,circular,per_chunk,1,1
13214,22708,26583,16,0,0,layered_block,circular,per_chunk,1,1
13215,23167,27000,16,0,0,layered_block,circular,per_chunk,1,1
13216,31333,35208,16,0,0,layered_block,circular,per_chunk,1,1
13217,23125,26875,16,0,0,layered_block,circular,per_chunk,1,1
13218,23000,26958,16,0,0,layered_block,circular,per_chunk,1,1
13219,22750,26625,16,0,0,layered_block,circular,per_chunk,1,1
13220,22666,26500,16,0,0,layered_block,circular,per_chunk,1,1
13221,30208,34166,16,0,0,layered_block,circular,per_chunk,1,1
13222,23125,26917,16,0,0,layered_block,circular,per_chunk,1,1
13223,22875,26791,16,0,0,layered_block,circular,per_chunk,1,1
13224,30375,34291,16,0,0,layered_block,circular,per_chunk,1,1
13225,22875,26667,16,0,0,layered_block,circular,per_chunk,1,1
13226,23000,26959,16,0,0,layered_block,circular,per_chunk,1,1
13227,23083,26917,16,0,0,layered_block,circular,per_chunk,1,1
13228,23000,26833,16,0,0,layered_block,circular,per_chunk,1,1
13229,22958,27167,16,0,0,layered_block,circular,per_chunk,1,1
13230,22833,26625,16,0,0,layered_block,circular,per_chunk,1,1
13231,22750,26583,16,0,0,layered_block,circular,per_chunk,1,1
13232,23083,26916,16,0,0,layered_block,circular,per_chunk,1,1
13233,22791,26708,16,0,0,layered_block,circular,per_chunk,1,1
13234,23291,27208,16,0,0,layered_block,circular,per_chunk,1,1
13235,23250,27542,16,0,0,layered_block,circular,per_chunk,1,1
13236,23041,26833,16,0,0,layered_block,circular,per_chunk,1,1
13237,22792,26625,16,0,0,layered_block,circular,per_chunk,1,1
13238,22792,26583,16,0,0,layered_block,circular,per_chunk,1,1
13239,22750,26666,16,0,0,layered_block,circular,per_chunk,1,1
13240,23333,27292,16,0,0,layered_block,circular,per_chunk,1,1
13241,23042,26958,16,0,0,layered_block,circular,per_chunk,1,1
13242,23000,26833,16,0,0,layered_block,circular,per_chunk,1,1
13243,23000,27542,16,0,0,layered_block,circular,per_chunk,1,1
13244,22959,26709,16,0,0,layered_block,circular,per_chunk,1,1
13245,22958,26834,16,0,0,layered_block,circular,per_chunk,1,1
13246,22792,26583,16,0,0,layered_block,circular,per_chunk,1,1
13247,23375,27458,16,0,0,layered_block,circular,per_chunk,1,1
13248,23125,27417,16,0,0,layered_block,circular,per_chunk,1,1
13249,23291,27125,16,0,0,layered_block,circular,per_chunk,1,1
13250,22959,26833,16,0,0,layered_block,circular,per_chunk,1,1
13251,23083,27083,16,0,0,layered_block,circular,per_chunk,1,1
13252,22792,26625,16,0,0,layered_block,circular,per_chunk,1,1
13253,23084,26875,16,0,0,layered_block,circular,per_chunk,1,1
13254,23167,27042,16,0,0,layered_block,circular,per_chunk,1,1
13255,22791,26583,16,0,0,layered_block,circular,per_chunk,1,1
13256,22917,26750,16,0,0,layered_block,circular,per_chunk,1,1
13257,23333,27166,16,0,0,layered_block,circular,per_chunk,1,1
13258,23417,27334,16,0,0,layered_block,circular,per_chunk,1,1
13259,23000,26875,16,0,0,layered_block,circular,per_chunk,1,1
13260,23042,26917,16,0,0,layered_block,circular,per_chunk,1,1
13261,22958,26833,16,0,0,layered_block,circular,per_chunk,1,1
13262,23375,27208,16,0,0,layered_block,circular,per_chunk,1,1
13263,22792,26625,16,0,0,layered_block,circular,per_chunk,1,1
13264,23083,26958,16,0,0,layered_block,circular,per_chunk,1,1
13265,31167,35084,16,0,0,layered_block,circular,per_chunk,1,1
13266,23125,26875,16,0,0,layered_block,circular,per_chunk,1,1
13267,23459,27375,16,0,0,layered_block,circular,per_chunk,1,1
13268,23167,27000,16,0,0,layered_block,circular,per_chunk,1,1
13269,23208,27042,16,0,0,layered_block,circular,per_chunk,1,1
13270,23333,27166,16,0,0,layered_block,circular,per_chunk,1,1
13271,23208,27667,16,0,0,layered_block,circular,per_chunk,1,1
13272,23375,27250,16,0,0,layered_block,circular,per_chunk,1,1
13273,22792,26625,16,0,0,layered_block,circular,per_chunk,1,1
13274,31500,35542,16,0,0,layered_block,circular,per_chunk,1,1
13275,91584,95625,16,0,0,layered_block,circular,per_chunk,1,1
13276,23500,27250,16,0,0,layered_block,circular,per_chunk,1,1
13277,23792,27667,16,0,0,layered_block,circular,per_chunk,1,1
13278,23458,27292,16,0,0,layered_block,circular,per_chunk,1,1
13279,22792,26584,16,0,0,layered_block,circular,per_chunk,1,1
13280,22959,26834,16,0,0,layered_block,circular,per_chunk,1,1
13281,23125,26917,16,0,0,layered_block,circular,per_chunk,1,1
13282,23458,27250,16,0,0,layered_block,circular,per_chunk,1,1
13283,23708,27708,16,0,0,layered_block,circular,per_chunk,1,1
13284,23459,27291,16,0,0,layered_block,circular,per_chunk,1,1
13285,23833,27667,16,0,0,layered_block,circular,per_chunk,1,1
13286,23500,34542,16,0,0,layered_block,circular,per_chunk,1,1
13287,23000,26875,16,0,0,layered_block,circular,per_chunk,1,1
13288,23208,27083,16,0,0,layered_block,circular,per_chunk,1,1
13289,23750,28167,16,0,0,layered_block,circular,per_chunk,1,1
13290,23250,27125,16,0,0,layered_block,circular,per_chunk,1,1
13291,22875,26750,16,0,0,layered_block,circular,per_chunk,1,1
13292,23083,27000,16,0,0,layered_block,circular,per_chunk,1,1
13293,23292,27042,16,0,0,layered_block,circular,per_chunk,1,1
13294,23667,27625,16,0,0,layered_block,circular,per_chunk,1,1
13295,24250,28417,16,0,0,layered_block,circular,per_chunk,1,1
13296,23042,26833,16,0,0,layered_block,circular,per_chunk,1,1
13297,23875,27750,16,0,0,layered_block,circular,per_chunk,1,1
13298,23167,27042,16,0,0,layered_block,circular,per_chunk,1,1
13299,23041,26875,16,0,0,layered_block,circular,per_chunk,1,1
13300,23208,27125,16,0,0,layered_block,circular,per_chunk,1,1
13301,22917,26708,16,0,0,layered_block,circular,per_chunk,1,1
13302,24125,27875,16,0,0,layered_block,circular,per_chunk,1,1
13303,23458,27875,16,0,0,layered_block,circular,per_chunk,1,1
13304,23416,27250,16,0,0,layered_block,circular,per_chunk,1,1
13305,23209,27125,16,0,0,layered_block,circular,per_chunk,1,1
13306,29750,33583,16,0,0,layered_block,circular,per_chunk,1,1
13307,22958,26750,16,0,0,layered_block,circular,per_chunk,1,1
13308,23792,27833,16,0,0,layered_block,circular,per_chunk,1,1
13309,31500,35417,16,0,0,layered_block,circular,per_chunk,1,1
13310,23000,26917,16,0,0,layered_block,circular,per_chunk,1,1
13311,23041,26958,16,0,0,layered_block,circular,per_chunk,1,1
13312,31334,35250,16,0,0,layered_block,circular,per_chunk,1,1
13313,23209,27000,16,0,0,layered_block,circular,per_chunk,1,1
13314,23750,27583,16,0,0,layered_block,circular,per_chunk,1,1
13315,24500,28416,16,0,0,layered_block,circular,per_chunk,1,1
13316,22959,26833,16,0,0,layered_block,circular,per_chunk,1,1
13317,22708,26583,16,0,0,layered_block,circular,per_chunk,1,1
13318,23708,33417,16,0,0,layered_block,circular,per_chunk,1,1
13319,22792,26667,16,0,0,layered_block,circular,per_chunk,1,1
13320,23167,26959,16,0,0,layered_block,circular,per_chunk,1,1
13321,22750,26625,16,0,0,layered_block,circular,per_chunk,1,1
13322,23125,26958,16,0,0,layered_block,circular,per_chunk,1,1
13323,23000,26833,16,0,0,layered_block,circular,per_chunk,1,1
13324,24042,27959,16,0,0,layered_block,circular,per_chunk,1,1
13325,22708,26542,16,0,0,layered_block,circular,per_chunk,1,1
13326,23375,27250,16,0,0,layered_block,circular,per_chunk,1,1
13327,22750,26583,16,0,0,layered_block,circular,per_chunk,1,1
13328,23167,26958,16,0,0,layered_block,circular,per_chunk,1,1
13329,24208,28041,16,0,0,layered_block,circular,per_chunk,1,1
13330,24125,28000,16,0,0,layered_block,circular,per_chunk,1,1
13331,22916,26792,16,0,0,layered_block,circular,per_chunk,1,1
13332,22917,26792,16,0,0,layered_block,circular,per_chunk,1,1
13333,23000,33375,16,0,0,layered_block,circular,per_chunk,1,1
13334,23125,26875,16,0,0,layered_block,circular,per_chunk,1,1
13335,24000,27875,16,0,0,layered_block,circular,per_chunk,1,1
13336,24083,27958,16,0,0,layered_block,circular,per_chunk,1,1
13337,23708,27583,16,0,0,layered_block,circular,per_chunk,1,1
13338,22875,26708,16,0,0,layered_block,circular,per_chunk,1,1
13339,30125,34083,16,0,0,layered_block,circular,per_chunk,1,1
13340,22833,26625,16,0,0,layered_block,circular,per_chunk,1,1
13341,23000,26959,16,0,0,layered_block,circular,per_chunk,1,1
13342,23583,27458,16,0,0,layered_block,circular,per_chunk,1,1
13343,22750,26583,16,0,0,layered_block,circular,per_chunk,1,1
13344,23291,27208,16,0,0,layered_block,circular,per_chunk,1,1
13345,23375,27375,16,0,0,layered_block,circular,per_chunk,1,1
13346,22917,26792,16,0,0,layered_block,circular,per_chunk,1,1
13347,23666,27500,16,0,0,layered_block,circular,per_chunk,1,1
13348,24417,28375,16,0,0,layered_block,circular,per_chunk,1,1
13349,23291,27166,16,0,0,layered_block,circular,per_chunk,1,1
13350,23125,26875,16,0,0,layered_block,circular,per_chunk,1,1
13351,23875,28292,16,0,0,layered_block,circular,per_chunk,1,1
13352,22875,26709,16,0,0,layered_block,circular,per_chunk,1,1
13353,23167,26958,16,0,0,layered_block,circular,per_chunk,1,1
13354,30250,34250,16,0,0,layered_block,circular,per_chunk,1,1
13355,23292,27125,16,0,0,layered_block,circular,per_chunk,1,1
13356,23000,26875,16,0,0,layered_block,circular,per_chunk,1,1
13357,24042,27958,16,0,0,layered_block,circular,per_chunk,1,1
13358,22917,26791,16,0,0,layered_block,circular,per_chunk,1,1
13359,23625,27459,16,0,0,layered_block,circular,per_chunk,1,1
13360,31417,35375,16,0,0,layered_block,circular,per_chunk,1,1
13361,22875,26625,16,0,0,layered_block,circular,per_chunk,1,1
13362,24042,27875,16,0,0,layered_block,circular,per_chunk,1,1
13363,23541,27541,16,0,0,layered_block,circular,per_chunk,1,1
13364,23083,26958,16,0,0,layered_block,circular,per_chunk,1,1
13365,22875,26666,16,0,0,layered_block,circular,per_chunk,1,1
13366,30583,34500,16,0,0,layered_block,circular,per_chunk,1,1
13367,22875,26667,16,0,0,layered_block,circular,per_chunk,1,1
13368,25209,29000,16,0,0,layered_block,circular,per_chunk,1,1
13369,23583,27583,16,0,0,layered_block,circular,per_chunk,1,1
13370,23292,27167,16,0,0,layered_block,circular,per_chunk,1,1
13371,23167,27042,16,0,0,layered_block,circular,per_chunk,1,1
13372,23375,27584,16,0,0,layered_block,circular,per_chunk,1,1
13373,23209,27042,16,0,0,layered_block,circular,per_chunk,1,1
13374,23375,27250,16,0,0,layered_block,circular,per_chunk,1,1
13375,23959,27833,16,0,0,layered_block,circular,per_chunk,1,1
13376,24375,28292,16,0,0,layered_block,circular,per_chunk,1,1
13377,23709,27542,16,0,0,layered_block,circular,per_chunk,1,1
13378,23792,27708,16,0,0,layered_block,circular,per_chunk,1,1
13379,23875,27750,16,0,0,layered_block,circular,per_chunk,1,1
13380,22667,26584,16,0,0,layered_block,circular,per_chunk,1,1
13381,25708,29542,16,0,0,layered_block,circular,per_chunk,1,1
13382,23083,26959,16,0,0,layered_block,circular,per_chunk,1,1
13383,23250,27042,16,0,0,layered_block,circular,per_chunk,1,1
13384,23375,27333,16,0,0,layered_block,circular,per_chunk,1,1
13385,22875,26708,16,0,0,layered_block,circular,per_chunk,1,1
13386,23000,26875,16,0,0,layered_block,circular,per_chunk,1,1
13387,31500,35500,16,0,0,layered_block,circular,per_chunk,1,1
13388,23333,27083,16,0,0,layered_block,circular,per_chunk,1,1
13389,22792,26542,16,0,0,layered_block,circular,per_chunk,1,1
13390,22917,27417,16,0,0,layered_block,circular,per_chunk,1,1
13391,22792,26750,16,0,0,layered_block,circular,per_chunk,1,1
13392,22791,26583,16,0,0,layered_block,circular,per_chunk,1,1
13393,22708,26584,16,0,0,layered_block,circular,per_chunk,1,1
13394,22667,26625,16,0,0,layered_block,circular,per_chunk,1,1
13395,22959,26792,16,0,0,layered_block,circular,per_chunk,1,1
13396,31083,35000,16,0,0,layered_block,circular,per_chunk,1,1
13397,23084,26875,16,0,0,layered_block,circular,per_chunk,1,1
13398,23583,27500,16,0,0,layered_block,circular,per_chunk,1,1
13399,22750,26667,16,0,0,layered_block,circular,per_chunk,1,1
13400,22916,26792,16,0,0,layered_block,circular,per_chunk,1,1
13401,85833,89958,16,0,0,layered_block,circular,per_chunk,1,1
13402,31292,35208,16,0,0,layered_block,circular,per_chunk,1,1
13403,22875,26708,16,0,0,layered_block,circular,per_chunk,1,1
13404,23042,26875,16,0,0,layered_block,circular,per_chunk,1,1
13405,22750,26625,16,0,0,layered_block,circular,per_chunk,1,1
13406,22917,26750,16,0,0,layered_block,circular,per_chunk,1,1
13407,23958,27958,16,0,0,layered_block,circular,per_chunk,1,1
13408,23792,27583,16,0,0,layered_block,circular,per_chunk,1,1
13409,23250,27042,16,0,0,layered_block,circular,per_chunk,1,1
13410,23292,27209,16,0,0,layered_block,circular,per_chunk,1,1
13411,22792,26667,16,0,0,layered_block,circular,per_chunk,1,1
13412,22917,26750,16,0,0,layered_block,circular,per_chunk,1,1
13413,23292,27375,16,0,0,layered_block,circular,per_chunk,1,1
13414,22875,26708,16,0,0,layered_block,circular,per_chunk,1,1
13415,23750,27542,16,0,0,layered_block,circular,per_chunk,1,1
13416,23084,27000,16,0,0,layered_block,circular,per_chunk,1,1
13417,23000,26875,16,0,0,layered_block,circular,per_chunk,1,1
13418,22792,26625,16,0,0,layered_block,circular,per_chunk,1,1
13419,23333,27333,16,0,0,layered_block,circular,per_chunk,1,1
13420,23000,26833,16,0,0,layered_block,circular,per_chunk,1,1
13421,24584,28458,16,0,0,layered_block,circular,per_chunk,1,1
13422,23209,27084,16,0,0,layered_block,circular,per_chunk,1,1
13423,22958,26792,16,0,0,layered_block,circular,per_chunk,1,1
13424,22666,26458,16,0,0,layered_block,circular,per_chunk,1,1
13425,23208,27208,16,0,0,layered_block,circular,per_chunk,1,1
13426,23167,27042,16,0,0,layered_block,circular,per_chunk,1,1
13427,23000,26916,16,0,0,layered_block,circular,per_chunk,1,1
13428,23500,27500,16,0,0,layered_block,circular,per_chunk,1,1
13429,22958,26792,16,0,0,layered_block,circular,per_chunk,1,1
13430,22958,26833,16,0,0,layered_block,circular,per_chunk,1,1
13431,30542,34375,16,0,0,layered_block,circular,per_chunk,1,1
13432,23417,27167,16,0,0,layered_block,circular,per_chunk,1,1
13433,24458,28375,16,0,0,layered_block,circular,per_chunk,1,1
13434,22708,26541,16,0,0,layered_block,circular,per_chunk,1,1
13435,23292,27125,16,0,0,layered_block,circular,per_chunk,1,1
13436,23500,27375,16,0,0,layered_block,circular,per_chunk,1,1
13437,23791,27541,16,0,0,layered_block,circular,per_chunk,1,1
13438,23083,26958,16,0,0,layered_block,circular,per_chunk,1,1
13439,23083,27083,16,0,0,layered_block,circular,per_chunk,1,1
13440,23250,27084,16,0,0,layered_block,circular,per_chunk,1,1
13441,23542,27459,16,0,0,layered_block,circular,per_chunk,1,1
13442,23125,26875,16,0,0,layered_block,circular,per_chunk,1,1
13443,23250,27167,16,0,0,layered_block,circular,per_chunk,1,1
13444,23000,26875,16,0,0,layered_block,circular,per_chunk,1,1
13445,22791,26667,16,0,0,layered_block,circular,per_chunk,1,1
13446,23250,27125,16,0,0,layered_block,circular,per_chunk,1,1
13447,22833,26708,16,0,0,layered_block,circular,per_chunk,1,1
13448,22750,26666,16,0,0,layered_block,circular,per_chunk,1,1
13449,23500,27417,16,0,0,layered_block,circular,per_chunk,1,1
13450,23000,26917,16,0,0,layered_block,circular,per_chunk,1,1
13451,22791,26625,16,0,0,layered_block,circular,per_chunk,1,1
13452,23208,34375,16,0,0,layered_block,circular,per_chunk,1,1
13453,22875,26625,16,0,0,layered_block,circular,per_chunk,1,1
13454,23000,26833,16,0,0,layered_block,circular,per_chunk,1,1
13455,23209,27000,16,0,0,layered_block,circular,per_chunk,1,1
13456,23125,27000,16,0,0,layered_block,circular,per_chunk,1,1
13457,22792,26667,16,0,0,layered_block,circular,per_chunk,1,1
13458,22709,33333,16,0,0,layered_block,circular,per_chunk,1,1
13459,22875,26625,16,0,0,layered_block,circular,per_chunk,1,1
13460,23250,27292,16,0,0,layered_block,circular,per_chunk,1,1
13461,30750,34667,16,0,0,layered_block,circular,per_chunk,1,1
13462,23208,27125,16,0,0,layered_block,circular,per_chunk,1,1
13463,23292,27167,16,0,0,layered_block,circular,per_chunk,1,1
13464,22917,33125,16,0,0,layered_block,circular,per_chunk,1,1
13465,22958,26792,16,0,0,layered_block,circular,per_chunk,1,1
13466,23417,27333,16,0,0,layered_block,circular,per_chunk,1,1
13467,22792,26709,16,0,0,layered_block,circular,per_chunk,1,1
13468,23417,27209,16,0,0,layered_block,circular,per_chunk,1,1
13469,23458,27333,16,0,0,layered_block,circular,per_chunk,1,1
13470,22791,26625,16,0,0,layered_block,circular,per_chunk,1,1
13471,22875,26708,16,0,0,layered_block,circular,per_chunk,1,1
13472,23167,27583,16,0,0,layered_block,circular,per_chunk,1,1
13473,22959,26833,16,0,0,layered_block,circular,per_chunk,1,1
13474,76041,80916,16,0,0,layered_block,circular,per_chunk,1,1
13475,24458,28416,16,0,0,layered_block,circular,per_chunk,1,1
13476,23000,26875,16,0,0,layered_block,circular,per_chunk,1,1
13477,22958,26708,16,0,0,layered_block,circular,per_chunk,1,1
13478,23042,33542,16,0,0,layered_block,circular,per_chunk,1,1
13479,22792,26625,16,0,0,layered_block,circular,per_chunk,1,1
13480,23166,26958,16,0,0,layered_block,circular,per_chunk,1,1
13481,23208,27084,16,0,0,layered_block,circular,per_chunk,1,1
13482,22875,26875,16,0,0,layered_block,circular,per_chunk,1,1
13483,23458,27334,16,0,0,layered_block,circular,per_chunk,1,1
13484,31750,35750,16,0,0,layered_block,circular,per_chunk,1,1
13485,23083,26917,16,0,0,layered_block,circular,per_chunk,1,1
13486,23208,27167,16,0,0,layered_block,circular,per_chunk,1,1
13487,22958,26917,16,0,0,layered_block,circular,per_chunk,1,1
13488,23542,27458,16,0,0,layered_block,circular,per_chunk,1,1
13489,23042,26875,16,0,0,layered_block,circular,per_chunk,1,1
13490,22708,26583,16,0,0,layered_block,circular,per_chunk,1,1
13491,23250,27167,16,0,0,layered_block,circular,per_chunk,1,1
13492,22917,26708,16,0,0,layered_block,circular,per_chunk,1,1
13493,22917,26750,16,0,0,layered_block,circular,per_chunk,1,1
13494,22750,26625,16,0,0,layered_block,circular,per_chunk,1,1
13495,23292,27292,16,0,0,layered_block,circular,per_chunk,1,1
13496,22750,26625,16,0,0,layered_block,circular,per_chunk,1,1
13497,23041,26875,16,0,0,layered_block,circular,per_chunk,1,1
13498,23292,27209,16,0,0,layered_block,circular,per_chunk,1,1
13499,22916,26708,16,0,0,layered_block,circular,per_chunk,1,1
13500,22916,26833,16,0,0,layered_block,circular,per_chunk,1,1
13501,23000,27125,16,0,0,layered_block,circular,per_chunk,1,1
13502,22833,26709,16,0,0,layered_block,circular,per_chunk,1,1
13503,23125,27084,16,0,0,layered_block,circular,per_chunk,1,1
13504,30500,34417,16,0,0,layered_block,circular,per_chunk,1,1
13505,22875,26708,16,0,0,layered_block,circular,per_chunk,1,1
13506,22958,26875,16,0,0,layered_block,circular,per_chunk,1,1
13507,22833,26709,16,0,0,layered_block,circular,per_chunk,1,1
13508,22959,26875,16,0,0,layered_block,circular,per_chunk,1,1
13509,23125,26958,16,0,0,layered_block,circular,per_chunk,1,1
13510,32625,36583,16,0,0,layered_block,circular,per_chunk,1,1
13511,23083,26875,16,0,0,layered_block,circular,per_chunk,1,1
13512,23125,27125,16,0,0,layered_block,circular,per_chunk,1,1
13513,22792,26667,16,0,0,layered_block,circular,per_chunk,1,1
13514,88541,92541,16,0,0,layered_block,circular,per_chunk,1,1
13515,23417,27250,16,0,0,layered_block,circular,per_chunk,1,1
13516,23375,33334,16,0,0,layered_block,circular,per_chunk,1,1
13517,23084,26916,16,0,0,layered_block,circular,per_chunk,1,1
13518,23125,26959,16,0,0,layered_block,circular,per_chunk,1,1
13519,22833,26708,16,0,0,layered_block,circular,per_chunk,1,1
13520,22750,26584,16,0,0,layered_block,circular,per_chunk,1,1
13521,24083,28000,16,0,0,layered_block,circular,per_chunk,1,1
13522,23542,27334,16,0,0,layered_block,circular,per_chunk,1,1
13523,22958,26875,16,0,0,layered_block,circular,per_chunk,1,1
13524,22875,26750,16,0,0,layered_block,circular,per_chunk,1,1
13525,30709,34708,16,0,0,layered_block,circular,per_chunk,1,1
13526,23500,27250,16,0,0,layered_block,circular,per_chunk,1,1
13527,23000,26875,16,0,0,layered_block,circular,per_chunk,1,1
13528,23041,27500,16,0,0,layered_block,circular,per_chunk,1,1
13529,23333,27166,16,0,0,layered_block,circular,per_chunk,1,1
13530,22959,26750,16,0,0,layered_block,circular,per_chunk,1,1
13531,31917,35834,16,0,0,layered_block,circular,per_chunk,1,1
13532,22791,26541,16,0,0,layered_block,circular,per_chunk,1,1
13533,23542,27458,16,0,0,layered_block,circular,per_chunk,1,1
13534,32083,36000,16,0,0,layered_block,circular,per_chunk,1,1
13535,23375,27125,16,0,0,layered_block,circular,per_chunk,1,1
13536,22875,26708,16,0,0,layered_block,circular,per_chunk,1,1
13537,30583,34542,16,0,0,layered_block,circular,per_chunk,1,1
13538,23750,27500,16,0,0,layered_block,circular,per_chunk,1,1
13539,23333,27125,16,0,0,layered_block,circular,per_chunk,1,1
13540,30875,34834,16,0,0,layered_block,circular,per_chunk,1,1
13541,23709,27542,16,0,0,layered_block,circular,per_chunk,1,1
13542,23083,27000,16,0,0,layered_block,circular,per_chunk,1,1
13543,23792,27667,16,0,0,layered_block,circular,per_chunk,1,1
13544,22666,26500,16,0,0,layered_block,circular,per_chunk,1,1
13545,23833,27667,16,0,0,layered_block,circular,per_chunk,1,1
13546,23709,27541,16,0,0,layered_block,circular,per_chunk,1,1
13547,25500,29917,16,0,0,layered_block,circular,per_chunk,1,1
13548,22833,26667,16,0,0,layered_block,circular,per_chunk,1,1
13549,22750,26542,16,0,0,layered_block,circular,per_chunk,1,1
13550,23625,27500,16,0,0,layered_block,circular,per_chunk,1,1
13551,23083,26917,16,0,0,layered_block,circular,per_chunk,1,1
13552,24042,27958,16,0,0,layered_block,circular,per_chunk,1,1
13553,23166,27042,16,0,0,layered_block,circular,per_chunk,1,1
13554,23750,27500,16,0,0,layered_block,circular,per_chunk,1,1
13555,23125,26917,16,0,0,layered_block,circular,per_chunk,1,1
13556,22708,26542,16,0,0,layered_block,circular,per_chunk,1,1
13557,23084,26916,16,0,0,layered_block,circular,per_chunk,1,1
13558,23166,27125,16,0,0,layered_block,circular,per_chunk,1,1
13559,22917,26750,16,0,0,layered_block,circular,per_chunk,1,1
13560,22667,26541,16,0,0,layered_block,circular,per_chunk,1,1
13561,23083,26875,16,0,0,layered_block,circular,per_chunk,1,1
13562,22834,26667,16,0,0,layered_block,circular,per_chunk,1,1
13563,23083,26833,16,0,0,layered_block,circular,per_chunk,1,1
13564,23416,27334,16,0,0,layered_block,circular,per_chunk,1,1
13565,23625,27416,16,0,0,layered_block,circular,per_chunk,1,1
13566,22875,26709,16,0,0,layered_block,circular,per_chunk,1,1
13567,23875,27709,16,0,0,layered_block,circular,per_chunk,1,1
13568,23459,27375,16,0,0,layered_block,circular,per_chunk,1,1
13569,22875,26667,16,0,0,layered_block,circular,per_chunk,1,1
13570,23250,27250,16,0,0,layered_block,circular,per_chunk,1,1
13571,22791,26667,16,0,0,layered_block,circular,per_chunk,1,1
13572,23000,26791,16,0,0,layered_block,circular,per_chunk,1,1
13573,23375,27333,16,0,0,layered_block,circular,per_chunk,1,1
13574,22708,32833,16,0,0,layered_block,circular,per_chunk,1,1
13575,22791,26583,16,0,0,layered_block,circular,per_chunk,1,1
13576,23500,27416,16,0,0,layered_block,circular,per_chunk,1,1
13577,22791,26667,16,0,0,layered_block,circular,per_chunk,1,1
13578,22750,26625,16,0,0,layered_block,circular,per_chunk,1,1
13579,23292,27209,16,0,0,layered_block,circular,per_chunk,1,1
13580,23542,27500,16,0,0,layered_block,circular,per_chunk,1,1
13581,23208,27000,16,0,0,layered_block,circular,per_chunk,1,1
13582,23375,27250,16,0,0,layered_block,circular,per_chunk,1,1
13583,32333,36208,16,0,0,layered_block,circular,per_chunk,1,1
13584,23292,27084,16,0,0,layered_block,circular,per_chunk,1,1
13585,23125,26959,16,0,0,layered_block,circular,per_chunk,1,1
13586,22792,26583,16,0,0,layered_block,circular,per_chunk,1,1
13587,23750,27500,16,0,0,layered_block,circular,per_chunk,1,1
13588,23667,27500,16,0,0,layered_block,circular,per_chunk,1,1
13589,24542,28417,16,0,0,layered_block,circular,per_chunk,1,1
13590,23459,27375,16,0,0,layered_block,circular,per_chunk,1,1
13591,23083,26958,16,0,0,layered_block,circular,per_chunk,1,1
13592,23875,27833,16,0,0,layered_block,circular,per_chunk,1,1
13593,25083,29125,16,0,0,layered_block,circular,per_chunk,1,1
13594,22958,26792,16,0,0,layered_block,circular,per_chunk,1,1
13595,23666,27542,16,0,0,layered_block,circular,per_chunk,1,1
13596,23584,27917,16,0,0,layered_block,circular,per_chunk,1,1
13597,23333,27208,16,0,0,layered_block,circular,per_chunk,1,1
13598,23417,27167,16,0,0,layered_block,circular,per_chunk,1,1
13599,23292,27166,16,0,0,layered_block,circular,per_chunk,1,1
13600,23125,26917,16,0,0,layered_block,circular,per_chunk,1,1
13601,24625,28875,16,0,0,layered_block,circular,per_chunk,1,1
13602,23083,26917,16,0,0,layered_block,circular,per_chunk,1,1
13603,23125,27000,16,0,0,layered_block,circular,per_chunk,1,1
13604,23084,26834,16,0,0,layered_block,circular,per_chunk,1,1
13605,23000,26792,16,0,0,layered_block,circular,per_chunk,1,1
13606,91375,95583,16,0,0,layered_block,circular,per_chunk,1,1
13607,22917,26792,16,0,0,layered_block,circular,per_chunk,1,1
13608,22667,26500,16,0,0,layered_block,circular,per_chunk,1,1
13609,23334,27250,16,0,0,layered_block,circular,per_chunk,1,1
13610,22875,26708,16,0,0,layered_block,circular,per_chunk,1,1
13611,22958,26833,16,0,0,layered_block,circular,per_chunk,1,1
13612,31250,35208,16,0,0,layered_block,circular,per_chunk,1,1
13613,22834,26708,16,0,0,layered_block,circular,per_chunk,1,1
13614,22958,26750,16,0,0,layered_block,circular,per_chunk,1,1
13615,24333,28667,16,0,0,layered_block,circular,per_chunk,1,1
13616,23166,27000,16,0,0,layered_block,circular,per_chunk,1,1
13617,22959,26834,16,0,0,layered_block,circular,per_chunk,1,1
13618,30792,34750,16,0,0,layered_block,circular,per_chunk,1,1
13619,23292,27083,16,0,0,layered_block,circular,per_chunk,1,1
13620,22875,26667,16,0,0,layered_block,circular,per_chunk,1,1
13621,23500,27917,16,0,0,layered_block,circular,per_chunk,1,1
13622,23000,26875,16,0,0,layered_block,circular,per_chunk,1,1
13623,22708,26625,16,0,0,layered_block,circular,per_chunk,1,1
13624,29666,33625,16,0,0,layered_block,circular,per_chunk,1,1
13625,22791,26583,16,0,0,layered_block,circular,per_chunk,1,1
13626,23500,27291,16,0,0,layered_block,circular,per_chunk,1,1
13627,24208,28166,16,0,0,layered_block,circular,per_chunk,1,1
13628,22666,26542,16,0,0,layered_block,circular,per_chunk,1,1
13629,22958,26875,16,0,0,layered_block,circular,per_chunk,1,1
13630,30042,33959,16,0,0,layered_block,circular,per_chunk,1,1
13631,23583,27458,16,0,0,layered_block,circular,per_chunk,1,1
13632,23583,27417,16,0,0,layered_block,circular,per_chunk,1,1
13633,23750,27667,16,0,0,layered_block,circular,per_chunk,1,1
13634,23584,27417,16,0,0,layered_block,circular,per_chunk,1,1
13635,23167,26917,16,0,0,layered_block,circular,per_chunk,1,1
13636,23208,27208,16,0,0,layered_block,circular,per_chunk,1,1
13637,22625,26542,16,0,0,layered_block,circular,per_chunk,1,1
13638,22584,26500,16,0,0,layered_block,circular,per_chunk,1,1
13639,25125,28958,16,0,0,layered_block,circular,per_chunk,1,1
13640,23417,27250,16,0,0,layered_block,circular,per_chunk,1,1
13641,23084,26875,16,0,0,layered_block,circular,per_chunk,1,1
13642,22958,26750,16,0,0,layered_block,circular,per_chunk,1,1
13643,22833,26709,16,0,0,layered_block,circular,per_chunk,1,1
13644,24500,28375,16,0,0,layered_block,circular,per_chunk,1,1
13645,31042,35000,16,0,0,layered_block,circular,per_chunk,1,1
13646,23166,26958,16,0,0,layered_block,circular,per_chunk,1,1
13647,23417,27292,16,0,0,layered_block,circular,per_chunk,1,1
13648,22875,26708,16,0,0,layered_block,circular,per_chunk,1,1
13649,22709,26625,16,0,0,layered_block,circular,per_chunk,1,1
13650,23291,27083,16,0,0,layered_block,circular,per_chunk,1,1
13651,23166,27083,16,0,0,layered_block,circular,per_chunk,1,1
13652,22959,26833,16,0,0,layered_block,circular,per_chunk,1,1
13653,23250,27125,16,0,0,layered_block,circular,per_chunk,1,1
13654,23000,26875,16,0,0,layered_block,circular,per_chunk,1,1
13655,31375,35375,16,0,0,layered_block,circular,per_chunk,1,1
13656,22833,26667,16,0,0,layered_block,circular,per_chunk,1,1
13657,23000,26833,16,0,0,layered_block,circular,per_chunk,1,1
13658,22709,26583,16,0,0,layered_block,circular,per_chunk,1,1
13659,23333,27125,16,0,0,layered_block,circular,per_chunk,1,1
13660,23292,27125,16,0,0,layered_block,circular,per_chunk,1,1
13661,23208,27208,16,0,0,layered_block,circular,per_chunk,1,1
13662,22791,26666,16,0,0,layered_block,circular,per_chunk,1,1
13663,23292,27125,16,0,0,layered_block,circular,per_chunk,1,1
13664,30458,34416,16,0,0,layered_block,circular,per_chunk,1,1
13665,22750,26542,16,0,0,layered_block,circular,per_chunk,1,1
13666,23458,27292,16,0,0,layered_block,circular,per_chunk,1,1
13667,23708,27875,16,0,0,layered_block,circular,per_chunk,1,1
13668,23083,27000,16,0,0,layered_block,circular,per_chunk,1,1
13669,22708,26583,16,0,0,layered_block,circular,per_chunk,1,1
13670,23625,27541,16,0,0,layered_block,circular,per_chunk,1,1
13671,22667,26500,16,0,0,layered_block,circular,per_chunk,1,1
13672,23917,27750,16,0,0,layered_block,circular,per_chunk,1,1
13673,23834,27750,16,0,0,layered_block,circular,per_chunk,1,1
13674,22750,26584,16,0,0,layered_block,circular,per_chunk,1,1
13675,23000,26833,16,0,0,layered_block,circular,per_chunk,1,1
13676,23250,27208,16,0,0,layered_block,circular,per_chunk,1,1
13677,22917,26750,16,0,0,layered_block,circular,per_chunk,1,1
13678,22833,26709,16,0,0,layered_block,circular,per_chunk,1,1
13679,23291,27125,16,0,0,layered_block,circular,per_chunk,1,1
13680,23292,27167,16,0,0,layered_block,circular,per_chunk,1,1
13681,23208,27041,16,0,0,layered_block,circular,per_chunk,1,1
13682,23333,27250,16,0,0,layered_block,circular,per_chunk,1,1
13683,22792,26666,16,0,0,layered_block,circular,per_chunk,1,1
13684,22709,26625,16,0,0,layered_block,circular,per_chunk,1,1
13685,30875,34791,16,0,0,layered_block,circular,per_chunk,1,1
13686,23250,27125,16,0,0,layered_block,circular,per_chunk,1,1
13687,22875,26708,16,0,0,layered_block,circular,per_chunk,1,1
13688,24083,28417,16,0,0,layered_block,circular,per_chunk,1,1
13689,23000,26834,16,0,0,layered_block,circular,per_chunk,1,1
13690,23375,27209,16,0,0,layered_block,circular,per_chunk,1,1
13691,32208,36166,16,0,0,layered_block,circular,per_chunk,1,1
13692,23083,26875,16,0,0,layered_block,circular,per_chunk,1,1
13693,23084,26834,16,0,0,layered_block,circular,per_chunk,1,1
13694,24083,27958,16,0,0,layered_block,circular,per_chunk,1,1
13695,23333,27292,16,0,0,layered_block,circular,per_chunk,1,1
13696,22916,26750,16,0,0,layered_block,circular,per_chunk,1,1
13697,23750,27667,16,0,0,layered_block,circular,per_chunk,1,1
13698,22958,26875,16,0,0,layered_block,circular,per_chunk,1,1
13699,22750,26583,16,0,0,layered_block,circular,per_chunk,1,1
13700,22959,26750,16,0,0,layered_block,circular,per_chunk,1,1
13701,23375,34500,16,0,0,layered_block,circular,per_chunk,1,1
13702,22792,26625,16,0,0,layered_block,circular,per_chunk,1,1
13703,23667,27709,16,0,0,layered_block,circular,per_chunk,1,1
13704,22917,26792,16,0,0,layered_block,circular,per_chunk,1,1
13705,25542,29417,16,0,0,layered_block,circular,per_chunk,1,1
13706,23167,27000,16,0,0,layered_block,circular,per_chunk,1,1
13707,29584,33417,16,0,0,layered_block,circular,per_chunk,1,1
13708,23542,27375,16,0,0,layered_block,circular,per_chunk,1,1
13709,22833,26750,16,0,0,layered_block,circular,per_chunk,1,1
13710,23917,27875,16,0,0,layered_block,circular,per_chunk,1,1
13711,23250,27084,16,0,0,layered_block,circular,per_chunk,1,1
13712,23416,27292,16,0,0,layered_block,circular,per_chunk,1,1
13713,23208,27042,16,0,0,layered_block,circular,per_chunk,1,1
13714,23000,26833,16,0,0,layered_block,circular,per_chunk,1,1
13715,22791,26667,16,0,0,layered_block,circular,per_chunk,1,1
13716,23375,27334,16,0,0,layered_block,circular,per_chunk,1,1
13717,22667,26583,16,0,0,layered_block,circular,per_chunk,1,1
13718,24584,28458,16,0,0,layered_block,circular,per_chunk,1,1
13719,23125,27208,16,0,0,layered_block,circular,per_chunk,1,1
13720,23042,26958,16,0,0,layered_block,circular,per_chunk,1,1
13721,23042,26875,16,0,0,layered_block,circular,per_chunk,1,1
13722,23458,27334,16,0,0,layered_block,circular,per_chunk,1,1
13723,22709,26625,16,0,0,layered_block,circular,per_chunk,1,1
13724,23375,27250,16,0,0,layered_block,circular,per_chunk,1,1
13725,23375,27709,16,0,0,layered_block,circular,per_chunk,1,1
13726,23250,27125,16,0,0,layered_block,circular,per_chunk,1,1
13727,23250,27083,16,0,0,layered_block,circular,per_chunk,1,1
13728,23292,27125,16,0,0,layered_block,circular,per_chunk,1,1
13729,22916,26833,16,0,0,layered_block,circular,per_chunk,1,1
13730,23334,27250,16,0,0,layered_block,circular,per_chunk,1,1
13731,30459,34416,16,0,0,layered_block,circular,per_chunk,1,1
13732,24167,28083,16,0,0,layered_block,circular,per_chunk,1,1
13733,23417,27208,16,0,0,layered_block,circular,per_chunk,1,1
13734,23334,27250,16,0,0,layered_block,circular,per_chunk,1,1
13735,23125,27042,16,0,0,layered_block,circular,per_chunk,1,1
13736,23208,27125,16,0,0,layered_block,circular,per_chunk,1,1
13737,23041,27000,16,0,0,layered_block,circular,per_chunk,1,1
13738,23000,26875,16,0,0,layered_block,circular,per_chunk,1,1
13739,23250,27125,16,0,0,layered_block,circular,per_chunk,1,1
13740,23625,27583,16,0,0,layered_block,circular,per_chunk,1,1
13741,23000,26917,16,0,0,layered_block,circular,per_chunk,1,1
13742,23167,27042,16,0,0,layered_block,circular,per_chunk,1,1
13743,23250,27208,16,0,0,layered_block,circular,per_chunk,1,1
13744,22750,26625,16,0,0,layered_block,circular,per_chunk,1,1
13745,23583,27542,16,0,0,layered_block,circular,per_chunk,1,1
13746,23333,27167,16,0,0,layered_block,circular,per_chunk,1,1
13747,31667,35583,16,0,0,layered_block,circular,per_chunk,1,1
13748,23583,27417,16,0,0,layered_block,circular,per_chunk,1,1
13749,23250,27125,16,0,0,layered_block,circular,per_chunk,1,1
13750,23083,27000,16,0,0,layered_block,circular,per_chunk,1,1
13751,23834,27958,16,0,0,layered_block,circular,per_chunk,1,1
13752,23083,26959,16,0,0,layered_block,circular,per_chunk,1,1
13753,23250,27208,16,0,0,layered_block,circular,per_chunk,1,1
13754,22709,26625,16,0,0,layered_block,circular,per_chunk,1,1
13755,23125,27000,16,0,0,layered_block,circular,per_chunk,1,1
13756,23542,27459,16,0,0,layered_block,circular,per_chunk,1,1
13757,23167,27000,16,0,0,layered_block,circular,per_chunk,1,1
13758,23458,27333,16,0,0,layered_block,circular,per_chunk,1,1
13759,23250,27167,16,0,0,layered_block,circular,per_chunk,1,1
13760,23333,27250,16,0,0,layered_block,circular,per_chunk,1,1
13761,23250,27166,16,0,0,layered_block,circular,per_chunk,1,1
13762,31125,35084,16,0,0,layered_block,circular,per_chunk,1,1
13763,23167,27041,16,0,0,layered_block,circular,per_chunk,1,1
13764,23584,27541,16,0,0,layered_block,circular,per_chunk,1,1
13765,23292,27583,16,0,0,layered_block,circular,per_chunk,1,1
13766,23000,26917,16,0,0,layered_block,circular,per_chunk,1,1
13767,22833,26708,16,0,0,layered_block,circular,per_chunk,1,1
13768,24042,28083,16,0,0,layered_block,circular,per_chunk,1,1
13769,22875,26792,16,0,0,layered_block,circular,per_chunk,1,1
13770,23250,27167,16,0,0,layered_block,circular,per_chunk,1,1
13771,23708,27792,16,0,0,layered_block,circular,per_chunk,1,1
13772,23083,27042,16,0,0,layered_block,circular,per_chunk,1,1
13773,23208,27125,16,0,0,layered_block,circular,per_chunk,1,1
13774,23542,27542,16,0,0,layered_block,circular,per_chunk,1,1
13775,23250,27125,16,0,0,layered_block,circular,per_chunk,1,1
13776,22959,26875,16,0,0,layered_block,circular,per_chunk,1,1
13777,23500,27459,16,0,0,layered_block,circular,per_chunk,1,1
13778,23667,27584,16,0,0,layered_block,circular,per_chunk,1,1
13779,23334,27291,16,0,0,layered_block,circular,per_chunk,1,1
13780,23666,27583,16,0,0,layered_block,circular,per_chunk,1,1
13781,22750,26708,16,0,0,layered_block,circular,per_chunk,1,1
13782,22708,26584,16,0,0,layered_block,circular,per_chunk,1,1
13783,23167,27083,16,0,0,layered_block,circular,per_chunk,1,1
13784,25375,29208,16,0,0,layered_block,circular,per_chunk,1,1
13785,22917,26833,16,0,0,layered_block,circular,per_chunk,1,1
13786,23417,27292,16,0,0,layered_block,circular,per_chunk,1,1
13787,31083,35042,16,0,0,layered_block,circular,per_chunk,1,1
13788,23292,27125,16,0,0,layered_block,circular,per_chunk,1,1
13789,23500,27417,16,0,0,layered_block,circular,per_chunk,1,1
13790,23166,27125,16,0,0,layered_block,circular,per_chunk,1,1
13791,23083,27000,16,0,0,layered_block,circular,per_chunk,1,1
13792,22875,26750,16,0,0,layered_block,circular,per_chunk,1,1
13793,31375,35291,16,0,0,layered_block,circular,per_chunk,1,1
13794,23083,26875,16,0,0,layered_block,circular,per_chunk,1,1
13795,23000,27333,16,0,0,layered_block,circular,per_chunk,1,1
13796,22917,26833,16,0,0,layered_block,circular,per_chunk,1,1
13797,22792,26709,16,0,0,layered_block,circular,per_chunk,1,1
13798,23666,27542,16,0,0,layered_block,circular,per_chunk,1,1
13799,23333,27250,16,0,0,layered_block,circular,per_chunk,1,1
13800,22958,26917,16,0,0,layered_block,circular,per_chunk,1,1
13801,23583,27500,16,0,0,layered_block,circular,per_chunk,1,1
13802,31375,35417,16,0,0,layered_block,circular,per_chunk,1,1
13803,23500,27334,16,0,0,layered_block,circular,per_chunk,1,1
13804,22958,26834,16,0,0,layered_block,circular,per_chunk,1,1
13805,23666,27750,16,0,0,layered_block,circular,per_chunk,1,1
13806,22958,26875,16,0,0,layered_block,circular,per_chunk,1,1
13807,23458,27375,16,0,0,layered_block,circular,per_chunk,1,1
13808,22959,27292,16,0,0,layered_block,circular,per_chunk,1,1
13809,23541,27458,16,0,0,layered_block,circular,per_chunk,1,1
13810,22833,26709,16,0,0,layered_block,circular,per_chunk,1,1
13811,23125,26917,16,0,0,layered_block,circular,per_chunk,1,1
13812,22916,26833,16,0,0,layered_block,circular,per_chunk,1,1
13813,22625,26541,16,0,0,layered_block,circular,per_chunk,1,1
13814,23417,27333,16,0,0,layered_block,circular,per_chunk,1,1
13815,23042,26958,16,0,0,layered_block,circular,per_chunk,1,1
13816,22708,26542,16,0,0,layered_block,circular,per_chunk,1,1
13817,24125,28083,16,0,0,layered_block,circular,per_chunk,1,1
13818,23083,27000,16,0,0,layered_block,circular,per_chunk,1,1
13819,22584,26458,16,0,0,layered_block,circular,per_chunk,1,1
13820,23250,27625,16,0,0,layered_block,circular,per_chunk,1,1
13821,22834,26791,16,0,0,layered_block,circular,per_chunk,1,1
13822,22750,26625,16,0,0,layered_block,circular,per_chunk,1,1
13823,31291,35208,16,0,0,layered_block,circular,per_chunk,1,1
13824,23250,27167,16,0,0,layered_block,circular,per_chunk,1,1
13825,23417,27291,16,0,0,layered_block,circular,per_chunk,1,1
13826,23875,27833,16,0,0,layered_block,circular,per_chunk,1,1
13827,23333,27292,16,0,0,layered_block,circular,per_chunk,1,1
13828,23041,26958,16,0,0,layered_block,circular,per_chunk,1,1
13829,30333,34334,16,0,0,layered_block,circular,per_chunk,1,1
13830,22959,26791,16,0,0,layered_block,circular,per_chunk,1,1
13831,23250,27125,16,0,0,layered_block,circular,per_chunk,1,1
13832,23750,27750,16,0,0,layered_block,circular,per_chunk,1,1
13833,23000,26917,16,0,0,layered_block,circular,per_chunk,1,1
13834,23000,26833,16,0,0,layered_block,circular,per_chunk,1,1
13835,23375,27292,16,0,0,layered_block,circular,per_chunk,1,1
13836,23750,27625,16,0,0,layered_block,circular,per_chunk,1,1
13837,23208,27083,16,0,0,layered_block,circular,per_chunk,1,1
13838,23542,27458,16,0,0,layered_block,circular,per_chunk,1,1
13839,23209,27125,16,0,0,layered_block,circular,per_chunk,1,1
13840,23166,27042,16,0,0,layered_block,circular,per_chunk,1,1
13841,23542,27417,16,0,0,layered_block,circular,per_chunk,1,1
13842,22708,26625,16,0,0,layered_block,circular,per_chunk,1,1
13843,23000,26875,16,0,0,layered_block,circular,per_chunk,1,1
13844,23667,27542,16,0,0,layered_block,circular,per_chunk,1,1
13845,23125,27042,16,0,0,layered_block,circular,per_chunk,1,1
13846,23833,27708,16,0,0,layered_block,circular,per_chunk,1,1
13847,23708,27750,16,0,0,layered_block,circular,per_chunk,1,1
13848,23167,27084,16,0,0,layered_block,circular,per_chunk,1,1
13849,23083,27000,16,0,0,layered_block,circular,per_chunk,1,1
13850,24333,28167,16,0,0,layered_block,circular,per_chunk,1,1
13851,22834,26750,16,0,0,layered_block,circular,per_chunk,1,1
13852,22959,26833,16,0,0,layered_block,circular,per_chunk,1,1
13853,23334,27208,16,0,0,layered_block,circular,per_chunk,1,1
13854,23750,27667,16,0,0,layered_block,circular,per_chunk,1,1
13855,24333,28167,16,0,0,layered_block,circular,per_chunk,1,1
13856,23250,27458,16,0,0,layered_block,circular,per_chunk,1,1
13857,23250,27083,16,0,0,layered_block,circular,per_chunk,1,1
13858,23458,27333,16,0,0,layered_block,circular,per_chunk,1,1
13859,23917,28000,16,0,0,layered_block,circular,per_chunk,1,1
13860,23416,27333,16,0,0,layered_block,circular,per_chunk,1,1
13861,22917,26791,16,0,0,layered_block,circular,per_chunk,1,1
13862,24250,28250,16,0,0,layered_block,circular,per_chunk,1,1
13863,22917,26833,16,0,0,layered_block,circular,per_chunk,1,1
13864,23416,27208,16,0,0,layered_block,circular,per_chunk,1,1
13865,23208,27125,16,0,0,layered_block,circular,per_chunk,1,1
13866,22916,26833,16,0,0,layered_block,circular,per_chunk,1,1
13867,23458,27333,16,0,0,layered_block,circular,per_chunk,1,1
13868,24250,28208,16,0,0,layered_block,circular,per_chunk,1,1
13869,23291,27208,16,0,0,layered_block,circular,per_chunk,1,1
13870,24125,28000,16,0,0,layered_block,circular,per_chunk,1,1
13871,22917,26750,16,0,0,layered_block,circular,per_chunk,1,1
13872,23125,27042,16,0,0,layered_block,circular,per_chunk,1,1
13873,23416,27333,16,0,0,layered_block,circular,per_chunk,1,1
13874,23500,27458,16,0,0,layered_block,circular,per_chunk,1,1
13875,23125,27042,16,0,0,layered_block,circular,per_chunk,1,1
13876,23292,27125,16,0,0,layered_block,circular,per_chunk,1,1
13877,23458,27667,16,0,0,layered_block,circular,per_chunk,1,1
13878,23292,27167,16,0,0,layered_block,circular,per_chunk,1,1
13879,23083,27000,16,0,0,layered_block,circular,per_chunk,1,1
13880,23500,27375,16,0,0,layered_block,circular,per_chunk,1,1
13881,22958,26917,16,0,0,layered_block,circular,per_chunk,1,1
13882,23167,27084,16,0,0,layered_block,circular,per_chunk,1,1
13883,24375,28500,16,0,0,layered_block,circular,per_chunk,1,1
13884,23459,27333,16,0,0,layered_block,circular,per_chunk,1,1
13885,23750,27625,16,0,0,layered_block,circular,per_chunk,1,1
13886,23417,27833,16,0,0,layered_block,circular,per_chunk,1,1
13887,23167,27167,16,0,0,layered_block,circular,per_chunk,1,1
13888,23208,27083,16,0,0,layered_block,circular,per_chunk,1,1
13889,31375,35292,16,0,0,layered_block,circular,per_chunk,1,1
13890,23292,27125,16,0,0,layered_block,circular,per_chunk,1,1
13891,22917,26791,16,0,0,layered_block,circular,per_chunk,1,1
13892,23250,27292,16,0,0,layered_block,circular,per_chunk,1,1
13893,23083,27000,16,0,0,layered_block,circular,per_chunk,1,1
13894,23417,27292,16,0,0,layered_block,circular,per_chunk,1,1
13895,30792,34750,16,0,0,layered_block,circular,per_chunk,1,1
13896,23042,26833,16,0,0,layered_block,circular,per_chunk,1,1
13897,23125,27000,16,0,0,layered_block,circular,per_chunk,1,1
13898,23833,28250,16,0,0,layered_block,circular,per_chunk,1,1
13899,23125,27041,16,0,0,layered_block,circular,per_chunk,1,1
13900,23000,26875,16,0,0,layered_block,circular,per_chunk,1,1
13901,30333,34292,16,0,0,layered_block,circular,per_chunk,1,1
13902,23750,27583,16,0,0,layered_block,circular,per_chunk,1,1
13903,24583,28417,16,0,0,layered_block,circular,per_chunk,1,1
13904,24292,28209,16,0,0,layered_block,circular,per_chunk,1,1
13905,23209,27125,16,0,0,layered_block,circular,per_chunk,1,1
13906,23375,27250,16,0,0,layered_block,circular,per_chunk,1,1
13907,31584,35583,16,0,0,layered_block,circular,per_chunk,1,1
13908,23041,26875,16,0,0,layered_block,circular,per_chunk,1,1
13909,23333,27250,16,0,0,layered_block,circular,per_chunk,1,1
13910,32042,35959,16,0,0,layered_block,circular,per_chunk,1,1
13911,23416,27375,16,0,0,layered_block,circular,per_chunk,1,1
13912,23416,27250,16,0,0,layered_block,circular,per_chunk,1,1
13913,23417,27375,16,0,0,layered_block,circular,per_chunk,1,1
13914,23458,27292,16,0,0,layered_block,circular,per_chunk,1,1
13915,23667,27667,16,0,0,layered_block,circular,per_chunk,1,1
13916,23083,27000,16,0,0,layered_block,circular,per_chunk,1,1
13917,23459,27291,16,0,0,layered_block,circular,per_chunk,1,1
13918,23500,27500,16,0,0,layered_block,circular,per_chunk,1,1
13919,23125,27041,16,0,0,layered_block,circular,per_chunk,1,1
13920,23375,27167,16,0,0,layered_block,circular,per_chunk,1,1
13921,23542,27417,16,0,0,layered_block,circular,per_chunk,1,1
13922,22792,26666,16,0,0,layered_block,circular,per_chunk,1,1
13923,24292,28083,16,0,0,layered_block,circular,per_chunk,1,1
13924,23750,27833,16,0,0,layered_block,circular,per_chunk,1,1
13925,23375,27292,16,0,0,layered_block,circular,per_chunk,1,1
13926,23458,27292,16,0,0,layered_block,circular,per_chunk,1,1
13927,30583,34542,16,0,0,layered_block,circular,per_chunk,1,1
13928,23292,27083,16,0,0,layered_block,circular,per_chunk,1,1
13929,23291,27250,16,0,0,layered_block,circular,per_chunk,1,1
13930,31291,35292,16,0,0,layered_block,circular,per_chunk,1,1
13931,23292,27208,16,0,0,layered_block,circular,per_chunk,1,1
13932,23541,27375,16,0,0,layered_block,circular,per_chunk,1,1
13933,23708,27584,16,0,0,layered_block,circular,per_chunk,1,1
13934,22959,26875,16,0,0,layered_block,circular,per_chunk,1,1
13935,23834,27750,16,0,0,layered_block,circular,per_chunk,1,1
13936,30958,35000,16,0,0,layered_block,circular,per_chunk,1,1
13937,23166,27083,16,0,0,layered_block,circular,per_chunk,1,1
13938,23458,27334,16,0,0,layered_block,circular,per_chunk,1,1
13939,24125,27958,16,0,0,layered_block,circular,per_chunk,1,1
13940,23834,27750,16,0,0,layered_block,circular,per_chunk,1,1
13941,24000,27792,16,0,0,layered_block,circular,per_chunk,1,1
13942,23625,27959,16,0,0,layered_block,circular,per_chunk,1,1
13943,24167,28333,16,0,0,layered_block,circular,per_chunk,1,1
13944,30125,34084,16,0,0,layered_block,circular,per_chunk,1,1
13945,23875,27667,16,0,0,layered_block,circular,per_chunk,1,1
13946,24375,28291,16,0,0,layered_block,circular,per_chunk,1,1
13947,23708,27625,16,0,0,layered_block,circular,per_chunk,1,1
13948,22917,26834,16,0,0,layered_block,circular,per_chunk,1,1
13949,90833,94958,16,0,0,layered_block,circular,per_chunk,1,1
13950,23750,27708,16,0,0,layered_block,circular,per_chunk,1,1
13951,24042,28083,16,0,0,layered_block,circular,per_chunk,1,1
13952,23500,27333,16,0,0,layered_block,circular,per_chunk,1,1
13953,30958,34875,16,0,0,layered_block,circular,per_chunk,1,1
13954,23209,27167,16,0,0,layered_block,circular,per_chunk,1,1
13955,23208,27083,16,0,0,layered_block,circular,per_chunk,1,1
13956,23750,27583,16,0,0,layered_block,circular,per_chunk,1,1
13957,23334,27209,16,0,0,layered_block,circular,per_chunk,1,1
13958,23250,27167,16,0,0,layered_block,circular,per_chunk,1,1
13959,23583,27500,16,0,0,layered_block,circular,per_chunk,1,1
13960,22959,26875,16,0,0,layered_block,circular,per_chunk,1,1
13961,22833,26750,16,0,0,layered_block,circular,per_chunk,1,1
13962,30583,34542,16,0,0,layered_block,circular,per_chunk,1,1
13963,23292,27209,16,0,0,layered_block,circular,per_chunk,1,1
13964,23042,26917,16,0,0,layered_block,circular,per_chunk,1,1
13965,23417,27292,16,0,0,layered_block,circular,per_chunk,1,1
13966,24583,28459,16,0,0,layered_block,circular,per_chunk,1,1
13967,23792,27666,16,0,0,layered_block,circular,per_chunk,1,1
13968,32583,36584,16,0,0,layered_block,circular,per_chunk,1,1
13969,24667,28542,16,0,0,layered_block,circular,per_chunk,1,1
13970,24625,28542,16,0,0,layered_block,circular,per_chunk,1,1
13971,23583,28000,16,0,0,layered_block,circular,per_chunk,1,1
13972,23625,27541,16,0,0,layered_block,circular,per_chunk,1,1
13973,23500,27417,16,0,0,layered_block,circular,per_chunk,1,1
13974,23625,27583,16,0,0,layered_block,circular,per_chunk,1,1
13975,24292,28208,16,0,0,layered_block,circular,per_chunk,1,1
13976,24084,27916,16,0,0,layered_block,circular,per_chunk,1,1
13977,23167,27000,16,0,0,layered_block,circular,per_chunk,1,1
13978,23708,27708,16,0,0,layered_block,circular,per_chunk,1,1
13979,23458,27417,16,0,0,layered_block,circular,per_chunk,1,1
13980,23541,27416,16,0,0,layered_block,circular,per_chunk,1,1
13981,31458,35375,16,0,0,layered_block,circular,per_chunk,1,1
13982,23667,27458,16,0,0,layered_block,circular,per_chunk,1,1
13983,23375,27459,16,0,0,layered_block,circular,per_chunk,1,1
13984,23875,27750,16,0,0,layered_block,circular,per_chunk,1,1
13985,22875,26792,16,0,0,layered_block,circular,per_chunk,1,1
13986,23208,27083,16,0,0,layered_block,circular,per_chunk,1,1
13987,30625,34500,16,0,0,layered_block,circular,per_chunk,1,1
13988,22875,26708,16,0,0,layered_block,circular,per_chunk,1,1
13989,23583,27500,16,0,0,layered_block,circular,per_chunk,1,1
13990,23709,28167,16,0,0,layered_block,circular,per_chunk,1,1
13991,23167,27084,16,0,0,layered_block,circular,per_chunk,1,1
13992,22958,26875,16,0,0,layered_block,circular,per_chunk,1,1
13993,32084,36125,16,0,0,layered_block,circular,per_chunk,1,1
13994,22917,26833,16,0,0,layered_block,circular,per_chunk,1,1
13995,23292,27167,16,0,0,layered_block,circular,per_chunk,1,1
13996,23208,27166,16,0,0,layered_block,circular,per_chunk,1,1
13997,23250,27167,16,0,0,layered_block,circular,per_chunk,1,1
13998,22958,26833,16,0,0,layered_block,circular,per_chunk,1,1
13999,29166,33042,16,0,0,layered_block,circular,per_chunk,1,1
14000,23125,27000,16,0,0,layered_block,circular,per_chunk,1,1
14001,23417,27250,16,0,0,layered_block,circular,per_chunk,1,1
14002,24125,28041,16,0,0,layered_block,circular,per_chunk,1,1
14003,23041,26958,16,0,0,layered_block,circular,per_chunk,1,1
14004,23333,27250,16,0,0,layered_block,circular,per_chunk,1,1
14005,22916,27208,16,0,0,layered_block,circular,per_chunk,1,1
14006,23000,26875,16,0,0,layered_block,circular,per_chunk,1,1
14007,22958,26833,16,0,0,layered_block,circular,per_chunk,1,1
14008,22958,33541,16,0,0,layered_block,circular,per_chunk,1,1
14009,23708,27625,16,0,0,layered_block,circular,per_chunk,1,1
14010,23000,26916,16,0,0,layered_block,circular,per_chunk,1,1
14011,23375,27333,16,0,0,layered_block,circular,per_chunk,1,1
14012,23417,27334,16,0,0,layered_block,circular,per_chunk,1,1
14013,23125,26917,16,0,0,layered_block,circular,per_chunk,1,1
14014,24250,28125,16,0,0,layered_block,circular,per_chunk,1,1
14015,24708,28542,16,0,0,layered_block,circular,per_chunk,1,1
14016,23375,27166,16,0,0,layered_block,circular,per_chunk,1,1
14017,23459,27667,16,0,0,layered_block,circular,per_chunk,1,1
14018,22958,26875,16,0,0,layered_block,circular,per_chunk,1,1
14019,22792,26625,16,0,0,layered_block,circular,per_chunk,1,1
14020,23375,27333,16,0,0,layered_block,circular,per_chunk,1,1
14021,22875,26750,16,0,0,layered_block,circular,per_chunk,1,1
14022,22958,26792,16,0,0,layered_block,circular,per_chunk,1,1
14023,23042,27000,16,0,0,layered_block,circular,per_chunk,1,1
14024,23000,26916,16,0,0,layered_block,circular,per_chunk,1,1
14025,22750,26667,16,0,0,layered_block,circular,per_chunk,1,1
14026,23333,27250,16,0,0,layered_block,circular,per_chunk,1,1
14027,22917,26833,16,0,0,layered_block,circular,per_chunk,1,1
14028,22917,26792,16,0,0,layered_block,circular,per_chunk,1,1
14029,23375,27333,16,0,0,layered_block,circular,per_chunk,1,1
14030,23875,28042,16,0,0,layered_block,circular,per_chunk,1,1
14031,23208,27083,16,0,0,layered_block,circular,per_chunk,1,1
14032,23375,27375,16,0,0,layered_block,circular,per_chunk,1,1
14033,22917,26834,16,0,0,layered_block,circular,per_chunk,1,1
14034,23125,27041,16,0,0,layered_block,circular,per_chunk,1,1
14035,23250,27250,16,0,0,layered_block,circular,per_chunk,1,1
14036,23167,27084,16,0,0,layered_block,circular,per_chunk,1,1
14037,23166,27000,16,0,0,layered_block,circular,per_chunk,1,1
14038,23375,27417,16,0,0,layered_block,circular,per_chunk,1,1
14039,501833,507167,16,1,0,layered_block,circular,per_chunk,1,1
14040,25000,28750,16,0,0,layered_block,circular,per_chunk,1,1
14041,24500,28458,16,0,0,layered_block,circular,per_chunk,1,1
14042,23208,27584,16,0,0,layered_block,circular,per_chunk,1,1
14043,22792,26667,16,0,0,layered_block,circular,per_chunk,1,1
14044,22791,26625,16,0,0,layered_block,circular,per_chunk,1,1
14045,23292,27208,16,0,0,layered_block,circular,per_chunk,1,1
14046,22750,26625,16,0,0,layered_block,circular,per_chunk,1,1
14047,23000,26833,16,0,0,layered_block,circular,per_chunk,1,1
14048,23417,27375,16,0,0,layered_block,circular,per_chunk,1,1
14049,23333,27458,16,0,0,layered_block,circular,per_chunk,1,1
14050,23291,27208,16,0,0,layered_block,circular,per_chunk,1,1
14051,23084,27584,16,0,0,layered_block,circular,per_chunk,1,1
14052,22709,26625,16,0,0,layered_block,circular,per_chunk,1,1
14053,23500,27375,16,0,0,layered_block,circular,per_chunk,1,1
14054,23584,27416,16,0,0,layered_block,circular,per_chunk,1,1
14055,23583,34333,16,0,0,layered_block,circular,per_chunk,1,1
14056,24375,28209,16,0,0,layered_block,circular,per_chunk,1,1
14057,24333,28375,16,0,0,layered_block,circular,per_chunk,1,1
14058,23334,27208,16,0,0,layered_block,circular,per_chunk,1,1
14059,23375,27292,16,0,0,layered_block,circular,per_chunk,1,1
14060,23250,27125,16,0,0,layered_block,circular,per_chunk,1,1
14061,23917,27833,16,0,0,layered_block,circular,per_chunk,1,1
14062,23750,27667,16,0,0,layered_block,circular,per_chunk,1,1
14063,23791,27708,16,0,0,layered_block,circular,per_chunk,1,1
14064,24042,28000,16,0,0,layered_block,circular,per_chunk,1,1
14065,23209,27125,16,0,0,layered_block,circular,per_chunk,1,1
14066,23750,27584,16,0,0,layered_block,circular,per_chunk,1,1
14067,23791,27750,16,0,0,layered_block,circular,per_chunk,1,1
14068,23084,27000,16,0,0,layered_block,circular,per_chunk,1,1
14069,23000,26875,16,0,0,layered_block,circular,per_chunk,1,1
14070,23208,27083,16,0,0,layered_block,circular,per_chunk,1,1
14071,23708,27542,16,0,0,layered_block,circular,per_chunk,1,1
14072,23125,27041,16,0,0,layered_block,circular,per_chunk,1,1
14073,24250,28166,16,0,0,layered_block,circular,per_chunk,1,1
14074,24292,28250,16,0,0,layered_block,circular,per_chunk,1,1
14075,23208,27042,16,0,0,layered_block,circular,per_chunk,1,1
14076,22958,26833,16,0,0,layered_block,circular,per_chunk,1,1
14077,22791,26708,16,0,0,layered_block,circular,per_chunk,1,1
14078,23000,26792,16,0,0,layered_block,circular,per_chunk,1,1
14079,23417,27208,16,0,0,layered_block,circular,per_chunk,1,1
14080,24000,27958,16,0,0,layered_block,circular,per_chunk,1,1
14081,22875,26792,16,0,0,layered_block,circular,per_chunk,1,1
14082,23041,26917,16,0,0,layered_block,circular,per_chunk,1,1
14083,23000,26917,16,0,0,layered_block,circular,per_chunk,1,1
14084,23250,27042,16,0,0,layered_block,circular,per_chunk,1,1
14085,23291,27333,16,0,0,layered_block,circular,per_chunk,1,1
14086,32333,36292,16,0,0,layered_block,circular,per_chunk,1,1
14087,22791,26750,16,0,0,layered_block,circular,per_chunk,1,1
14088,23167,26959,16,0,0,layered_block,circular,per_chunk,1,1
14089,23000,26875,16,0,0,layered_block,circular,per_chunk,1,1
14090,23000,26959,16,0,0,layered_block,circular,per_chunk,1,1
14091,23125,27084,16,0,0,layered_block,circular,per_chunk,1,1
14092,22959,26833,16,0,0,layered_block,circular,per_chunk,1,1
14093,22875,26709,16,0,0,layered_block,circular,per_chunk,1,1
14094,22917,26917,16,0,0,layered_block,circular,per_chunk,1,1
14095,23042,27000,16,0,0,layered_block,circular,per_chunk,1,1
14096,22750,26708,16,0,0,layered_block,circular,per_chunk,1,1
14097,22958,26834,16,0,0,layered_block,circular,per_chunk,1,1
14098,31292,35541,16,0,0,layered_block,circular,per_chunk,1,1
14099,22917,26750,16,0,0,layered_block,circular,per_chunk,1,1
14100,23333,27167,16,0,0,layered_block,circular,per_chunk,1,1
14101,23542,27958,16,0,0,layered_block,circular,per_chunk,1,1
14102,22833,26750,16,0,0,layered_block,circular,per_chunk,1,1
14103,23125,26958,16,0,0,layered_block,circular,per_chunk,1,1
14104,29875,33834,16,0,0,layered_block,circular,per_chunk,1,1
14105,23375,27208,16,0,0,layered_block,circular,per_chunk,1,1
14106,23708,27542,16,0,0,layered_block,circular,per_chunk,1,1
14107,23834,27791,16,0,0,layered_block,circular,per_chunk,1,1
14108,22916,26833,16,0,0,layered_block,circular,per_chunk,1,1
14109,23083,26959,16,0,0,layered_block,circular,per_chunk,1,1
14110,23500,27458,16,0,0,layered_block,circular,per_chunk,1,1
14111,22916,26792,16,0,0,layered_block,circular,per_chunk,1,1
14112,23083,27000,16,0,0,layered_block,circular,per_chunk,1,1
14113,23167,27125,16,0,0,layered_block,circular,per_chunk,1,1
14114,23083,27000,16,0,0,layered_block,circular,per_chunk,1,1
14115,23333,27209,16,0,0,layered_block,circular,per_chunk,1,1
14116,23542,27458,16,0,0,layered_block,circular,per_chunk,1,1
14117,23000,26958,16,0,0,layered_block,circular,per_chunk,1,1
14118,22792,26667,16,0,0,layered_block,circular,per_chunk,1,1
14119,25375,29291,16,0,0,layered_block,circular,per_chunk,1,1
14120,22792,26750,16,0,0,layered_block,circular,per_chunk,1,1
14121,23125,26959,16,0,0,layered_block,circular,per_chunk,1,1
14122,23584,27584,16,0,0,layered_block,circular,per_chunk,1,1
14123,23667,27584,16,0,0,layered_block,circular,per_chunk,1,1
14124,22959,26875,16,0,0,layered_block,circular,per_chunk,1,1
14125,24125,28084,16,0,0,layered_block,circular,per_chunk,1,1
14126,23542,27333,16,0,0,layered_block,circular,per_chunk,1,1
14127,22833,26750,16,0,0,layered_block,circular,per_chunk,1,1
14128,23333,27375,16,0,0,layered_block,circular,per_chunk,1,1
14129,23000,26833,16,0,0,layered_block,circular,per_chunk,1,1
14130,23041,26958,16,0,0,layered_block,circular,per_chunk,1,1
14131,24500,28459,16,0,0,layered_block,circular,per_chunk,1,1
14132,23292,27167,16,0,0,layered_block,circular,per_chunk,1,1
14133,22833,26667,16,0,0,layered_block,circular,per_chunk,1,1
14134,23333,27417,16,0,0,layered_block,circular,per_chunk,1,1
14135,23084,26958,16,0,0,layered_block,circular,per_chunk,1,1
14136,23417,27333,16,0,0,layered_block,circular,per_chunk,1,1
14137,23959,28000,16,0,0,layered_block,circular,per_chunk,1,1
14138,23875,27750,16,0,0,layered_block,circular,per_chunk,1,1
14139,24875,28834,16,0,0,layered_block,circular,per_chunk,1,1
14140,23625,27500,16,0,0,layered_block,circular,per_chunk,1,1
14141,31833,35792,16,0,0,layered_block,circular,per_chunk,1,1
14142,23042,26834,16,0,0,layered_block,circular,per_chunk,1,1
14143,24292,28083,16,0,0,layered_block,circular,per_chunk,1,1
14144,23084,27000,16,0,0,layered_block,circular,per_chunk,1,1
14145,23083,27083,16,0,0,layered_block,circular,per_chunk,1,1
14146,23750,27666,16,0,0,layered_block,circular,per_chunk,1,1
14147,23292,27209,16,0,0,layered_block,circular,per_chunk,1,1
14148,22875,26792,16,0,0,layered_block,circular,per_chunk,1,1
14149,23250,27084,16,0,0,layered_block,circular,per_chunk,1,1
14150,23250,27167,16,0,0,layered_block,circular,per_chunk,1,1
14151,23125,26958,16,0,0,layered_block,circular,per_chunk,1,1
14152,24583,28750,16,0,0,layered_block,circular,per_chunk,1,1
14153,24042,28000,16,0,0,layered_block,circular,per_chunk,1,1
14154,23291,27167,16,0,0,layered_block,circular,per_chunk,1,1
14155,22875,26709,16,0,0,layered_block,circular,per_chunk,1,1
14156,23292,27208,16,0,0,layered_block,circular,per_chunk,1,1
14157,23208,27000,16,0,0,layered_block,circular,per_chunk,1,1
14158,23708,27708,16,0,0,layered_block,circular,per_chunk,1,1
14159,23333,27167,16,0,0,layered_block,circular,per_chunk,1,1
14160,23084,26916,16,0,0,layered_block,circular,per_chunk,1,1
14161,23167,27167,16,0,0,layered_block,circular,per_chunk,1,1
14162,22750,26625,16,0,0,layered_block,circular,per_chunk,1,1
14163,23125,27000,16,0,0,layered_block,circular,per_chunk,1,1
14164,23083,27583,16,0,0,layered_block,circular,per_chunk,1,1
14165,22916,26833,16,0,0,layered_block,circular,per_chunk,1,1
14166,23542,27334,16,0,0,layered_block,circular,per_chunk,1,1
14167,23292,27167,16,0,0,layered_block,circular,per_chunk,1,1
14168,23000,26917,16,0,0,layered_block,circular,per_chunk,1,1
14169,22834,26667,16,0,0,layered_block,circular,per_chunk,1,1
14170,23208,27042,16,0,0,layered_block,circular,per_chunk,1,1
14171,23334,27250,16,0,0,layered_block,circular,per_chunk,1,1
14172,23083,27042,16,0,0,layered_block,circular,per_chunk,1,1
14173,23584,27666,16,0,0,layered_block,circular,per_chunk,1,1
14174,23167,27084,16,0,0,layered_block,circular,per_chunk,1,1
14175,22709,26625,16,0,0,layered_block,circular,per_chunk,1,1
14176,24333,28167,16,0,0,layered_block,circular,per_chunk,1,1
14177,23541,34292,16,0,0,layered_block,circular,per_chunk,1,1
14178,23125,26917,16,0,0,layered_block,circular,per_chunk,1,1
14179,23792,27750,16,0,0,layered_block,circular,per_chunk,1,1
14180,24083,28000,16,0,0,layered_block,circular,per_chunk,1,1
14181,23000,26917,16,0,0,layered_block,circular,per_chunk,1,1
14182,23459,27333,16,0,0,layered_block,circular,per_chunk,1,1
14183,29583,33500,16,0,0,layered_block,circular,per_chunk,1,1
14184,23250,27042,16,0,0,layered_block,circular,per_chunk,1,1
14185,25167,29042,16,0,0,layered_block,circular,per_chunk,1,1
14186,23167,27667,16,0,0,layered_block,circular,per_chunk,1,1
14187,23375,27291,16,0,0,layered_block,circular,per_chunk,1,1
14188,22833,26709,16,0,0,layered_block,circular,per_chunk,1,1
14189,30916,34917,16,0,0,layered_block,circular,per_chunk,1,1
14190,23167,27000,16,0,0,layered_block,circular,per_chunk,1,1
14191,23458,27459,16,0,0,layered_block,circular,per_chunk,1,1
14192,24041,27917,16,0,0,layered_block,circular,per_chunk,1,1
14193,22833,26750,16,0,0,layered_block,circular,per_chunk,1,1
14194,22959,26916,16,0,0,layered_block,circular,per_chunk,1,1
14195,31792,35834,16,0,0,layered_block,circular,per_chunk,1,1
14196,23041,26875,16,0,0,layered_block,circular,per_chunk,1,1
14197,23125,27167,16,0,0,layered_block,circular,per_chunk,1,1
14198,22709,26583,16,0,0,layered_block,circular,per_chunk,1,1
14199,23000,26917,16,0,0,layered_block,circular,per_chunk,1,1
14200,23083,26959,16,0,0,layered_block,circular,per_chunk,1,1
14201,30917,34916,16,0,0,layered_block,circular,per_chunk,1,1
14202,22875,26666,16,0,0,layered_block,circular,per_chunk,1,1
14203,22917,26792,16,0,0,layered_block,circular,per_chunk,1,1
14204,22750,26625,16,0,0,layered_block,circular,per_chunk,1,1
14205,23208,27125,16,0,0,layered_block,circular,per_chunk,1,1
14206,23500,27416,16,0,0,layered_block,circular,per_chunk,1,1
14207,23334,27166,16,0,0,layered_block,circular,per_chunk,1,1
14208,23625,27541,16,0,0,layered_block,circular,per_chunk,1,1
14209,22959,26792,16,0,0,layered_block,circular,per_chunk,1,1
14210,23583,28000,16,0,0,layered_block,circular,per_chunk,1,1
14211,25416,29333,16,0,0,layered_block,circular,per_chunk,1,1
14212,24417,28250,16,0,0,layered_block,circular,per_chunk,1,1
14213,24208,28292,16,0,0,layered_block,circular,per_chunk,1,1
14214,23292,27209,16,0,0,layered_block,circular,per_chunk,1,1
14215,23292,27208,16,0,0,layered_block,circular,per_chunk,1,1
14216,23458,27417,16,0,0,layered_block,circular,per_chunk,1,1
14217,22959,26833,16,0,0,layered_block,circular,per_chunk,1,1
14218,25083,29000,16,0,0,layered_block,circular,per_chunk,1,1
14219,23083,27000,16,0,0,layered_block,circular,per_chunk,1,1
14220,23000,26917,16,0,0,layered_block,circular,per_chunk,1,1
14221,23000,26916,16,0,0,layered_block,circular,per_chunk,1,1
14222,23458,27375,16,0,0,layered_block,circular,per_chunk,1,1
14223,23166,27083,16,0,0,layered_block,circular,per_chunk,1,1
14224,22833,26750,16,0,0,layered_block,circular,per_chunk,1,1
14225,23500,27417,16,0,0,layered_block,circular,per_chunk,1,1
14226,22709,26666,16,0,0,layered_block,circular,per_chunk,1,1
14227,22959,26834,16,0,0,layered_block,circular,per_chunk,1,1
14228,23125,27375,16,0,0,layered_block,circular,per_chunk,1,1
14229,22875,26750,16,0,0,layered_block,circular,per_chunk,1,1
14230,22917,26791,16,0,0,layered_block,circular,per_chunk,1,1
14231,31458,35375,16,0,0,layered_block,circular,per_chunk,1,1
14232,23500,27375,16,0,0,layered_block,circular,per_chunk,1,1
14233,22792,26666,16,0,0,layered_block,circular,per_chunk,1,1
14234,23625,27542,16,0,0,layered_block,circular,per_chunk,1,1
14235,22791,26750,16,0,0,layered_block,circular,per_chunk,1,1
14236,22875,26792,16,0,0,layered_block,circular,per_chunk,1,1
14237,31750,35708,16,0,0,layered_block,circular,per_chunk,1,1
14238,23459,27250,16,0,0,layered_block,circular,per_chunk,1,1
14239,23500,27375,16,0,0,layered_block,circular,per_chunk,1,1
14240,22667,26541,16,0,0,layered_block,circular,per_chunk,1,1
14241,22917,26792,16,0,0,layered_block,circular,per_chunk,1,1
14242,23458,27334,16,0,0,layered_block,circular,per_chunk,1,1
14243,23291,27500,16,0,0,layered_block,circular,per_chunk,1,1
14244,22833,26750,16,0,0,layered_block,circular,per_chunk,1,1
14245,23833,27750,16,0,0,layered_block,circular,per_chunk,1,1
14246,22917,26833,16,0,0,layered_block,circular,per_chunk,1,1
14247,23166,27083,16,0,0,layered_block,circular,per_chunk,1,1
14248,23083,27000,16,0,0,layered_block,circular,per_chunk,1,1
14249,24625,28459,16,0,0,layered_block,circular,per_chunk,1,1
14250,23625,27459,16,0,0,layered_block,circular,per_chunk,1,1
14251,24834,28708,16,0,0,layered_block,circular,per_chunk,1,1
14252,23500,27333,16,0,0,layered_block,circular,per_chunk,1,1
14253,23292,27375,16,0,0,layered_block,circular,per_chunk,1,1
14254,23000,26916,16,0,0,layered_block,circular,per_chunk,1,1
14255,23917,27792,16,0,0,layered_block,circular,per_chunk,1,1
14256,24000,27875,16,0,0,layered_block,circular,per_chunk,1,1
14257,23250,27125,16,0,0,layered_block,circular,per_chunk,1,1
14258,23500,27334,16,0,0,layered_block,circular,per_chunk,1,1
14259,24250,35167,16,0,0,layered_block,circular,per_chunk,1,1
14260,23125,27000,16,0,0,layered_block,circular,per_chunk,1,1
14261,23375,27208,16,0,0,layered_block,circular,per_chunk,1,1
14262,23709,27625,16,0,0,layered_block,circular,per_chunk,1,1
14263,22875,26792,16,0,0,layered_block,circular,per_chunk,1,1
14264,22792,26708,16,0,0,layered_block,circular,per_chunk,1,1
14265,22916,27334,16,0,0,layered_block,circular,per_chunk,1,1
14266,22708,26625,16,0,0,layered_block,circular,per_chunk,1,1
14267,23125,26958,16,0,0,layered_block,circular,per_chunk,1,1
14268,23958,28458,16,0,0,layered_block,circular,per_chunk,1,1
14269,23292,27208,16,0,0,layered_block,circular,per_chunk,1,1
14270,23250,27166,16,0,0,layered_block,circular,per_chunk,1,1
14271,23708,27584,16,0,0,layered_block,circular,per_chunk,1,1
14272,31208,35209,16,0,0,layered_block,circular,per_chunk,1,1
14273,23166,27000,16,0,0,layered_block,circular,per_chunk,1,1
14274,23250,27125,16,0,0,layered_block,circular,per_chunk,1,1
14275,22875,26750,16,0,0,layered_block,circular,per_chunk,1,1
14276,22833,26750,16,0,0,layered_block,circular,per_chunk,1,1
14277,23542,27459,16,0,0,layered_block,circular,per_chunk,1,1
14278,23750,27708,16,0,0,layered_block,circular,per_chunk,1,1
14279,23000,26917,16,0,0,layered_block,circular,per_chunk,1,1
14280,22792,26667,16,0,0,layered_block,circular,per_chunk,1,1
14281,30250,34291,16,0,0,layered_block,circular,per_chunk,1,1
14282,23375,27208,16,0,0,layered_block,circular,per_chunk,1,1
14283,23834,27791,16,0,0,layered_block,circular,per_chunk,1,1
14284,24417,28292,16,0,0,layered_block,circular,per_chunk,1,1
14285,22916,26833,16,0,0,layered_block,circular,per_chunk,1,1
14286,22708,26625,16,0,0,layered_block,circular,per_chunk,1,1
14287,24334,28834,16,0,0,layered_block,circular,per_chunk,1,1
14288,22708,26625,16,0,0,layered_block,circular,per_chunk,1,1
14289,23250,27208,16,0,0,layered_block,circular,per_chunk,1,1
14290,30500,34458,16,0,0,layered_block,circular,per_chunk,1,1
14291,23959,27833,16,0,0,layered_block,circular,per_chunk,1,1
14292,23875,27667,16,0,0,layered_block,circular,per_chunk,1,1
14293,23042,27375,16,0,0,layered_block,circular,per_chunk,1,1
14294,23791,27667,16,0,0,layered_block,circular,per_chunk,1,1
14295,23041,26875,16,0,0,layered_block,circular,per_chunk,1,1
14296,31417,35375,16,0,0,layered_block,circular,per_chunk,1,1
14297,25416,29250,16,0,0,layered_block,circular,per_chunk,1,1
14298,23792,27625,16,0,0,layered_block,circular,per_chunk,1,1
14299,23708,27958,16,0,0,layered_block,circular,per_chunk,1,1
14300,23583,27458,16,0,0,layered_block,circular,per_chunk,1,1
14301,23541,27417,16,0,0,layered_block,circular,per_chunk,1,1
14302,23958,27958,16,0,0,layered_block,circular,per_chunk,1,1
14303,23500,27375,16,0,0,layered_block,circular,per_chunk,1,1
14304,23083,26917,16,0,0,layered_block,circular,per_chunk,1,1
14305,23708,27625,16,0,0,layered_block,circular,per_chunk,1,1
14306,22792,26709,16,0,0,layered_block,circular,per_chunk,1,1
14307,22875,26750,16,0,0,layered_block,circular,per_chunk,1,1
14308,23083,27084,16,0,0,layered_block,circular,per_chunk,1,1
14309,23000,26958,16,0,0,layered_block,circular,per_chunk,1,1
14310,24375,28208,16,0,0,layered_block,circular,per_chunk,1,1
14311,23750,27625,16,0,0,layered_block,circular,per_chunk,1,1
14312,22875,26792,16,0,0,layered_block,circular,per_chunk,1,1
14313,23166,27042,16,0,0,layered_block,circular,per_chunk,1,1
14314,23417,27375,16,0,0,layered_block,circular,per_chunk,1,1
14315,24375,28291,16,0,0,layered_block,circular,per_chunk,1,1
14316,22916,26833,16,0,0,layered_block,circular,per_chunk,1,1
14317,23416,27292,16,0,0,layered_block,circular,per_chunk,1,1
14318,31167,35166,16,0,0,layered_block,circular,per_chunk,1,1
14319,23333,27125,16,0,0,layered_block,circular,per_chunk,1,1
14320,23167,27125,16,0,0,layered_block,circular,per_chunk,1,1
14321,23166,27042,16,0,0,layered_block,circular,per_chunk,1,1
14322,22750,26625,16,0,0,layered_block,circular,per_chunk,1,1
14323,23333,27833,16,0,0,layered_block,circular,per_chunk,1,1
14324,24167,28125,16,0,0,layered_block,circular,per_chunk,1,1
14325,23250,27083,16,0,0,layered_block,circular,per_chunk,1,1
14326,23667,27542,16,0,0,layered_block,circular,per_chunk,1,1
14327,23833,34500,16,0,0,layered_block,circular,per_chunk,1,1
14328,23000,26958,16,0,0,layered_block,circular,per_chunk,1,1
14329,23292,27125,16,0,0,layered_block,circular,per_chunk,1,1
14330,23583,27458,16,0,0,layered_block,circular,per_chunk,1,1
14331,23041,26958,16,0,0,layered_block,circular,per_chunk,1,1
14332,22709,26583,16,0,0,layered_block,circular,per_chunk,1,1
14333,23458,27417,16,0,0,layered_block,circular,per_chunk,1,1
14334,22833,26792,16,0,0,layered_block,circular,per_chunk,1,1
14335,23083,27083,16,0,0,layered_block,circular,per_chunk,1,1
14336,29958,33917,16,0,0,layered_block,circular,per_chunk,1,1
14337,30584,34500,16,0,0,layered_block,circular,per_chunk,1,1
14338,22833,26667,16,0,0,layered_block,circular,per_chunk,1,1
14339,22959,26875,16,0,0,layered_block,circular,per_chunk,1,1
14340,22791,26666,16,0,0,layered_block,circular,per_chunk,1,1
14341,23042,26917,16,0,0,layered_block,circular,per_chunk,1,1
14342,23666,27625,16,0,0,layered_block,circular,per_chunk,1,1
14343,31959,35916,16,0,0,layered_block,circular,per_chunk,1,1
14344,22875,26750,16,0,0,layered_block,circular,per_chunk,1,1
14345,23042,26833,16,0,0,layered_block,circular,per_chunk,1,1
14346,23458,27333,16,0,0,layered_block,circular,per_chunk,1,1
14347,23750,27583,16,0,0,layered_block,circular,per_chunk,1,1
14348,23583,27833,16,0,0,layered_block,circular,per_chunk,1,1
14349,23958,27917,16,0,0,layered_block,circular,per_chunk,1,1
14350,23500,27334,16,0,0,layered_block,circular,per_chunk,1,1
14351,22833,26709,16,0,0,layered_block,circular,per_chunk,1,1
14352,23459,33625,16,0,0,layered_block,circular,per_chunk,1,1
14353,23250,27084,16,0,0,layered_block,circular,per_chunk,1,1
14354,23208,27458,16,0,0,layered_block,circular,per_chunk,1,1
14355,22792,26708,16,0,0,layered_block,circular,per_chunk,1,1
14356,23125,27042,16,0,0,layered_block,circular,per_chunk,1,1
14357,23250,27167,16,0,0,layered_block,circular,per_chunk,1,1
14358,22958,27375,16,0,0,layered_block,circular,per_chunk,1,1
14359,23167,27042,16,0,0,layered_block,circular,per_chunk,1,1
14360,22916,26833,16,0,0,layered_block,circular,per_chunk,1,1
14361,31250,35250,16,0,0,layered_block,circular,per_chunk,1,1
14362,23041,26875,16,0,0,layered_block,circular,per_chunk,1,1
14363,24459,28375,16,0,0,layered_block,circular,per_chunk,1,1
14364,23541,28041,16,0,0,layered_block,circular,per_chunk,1,1
14365,23541,27500,16,0,0,layered_block,circular,per_chunk,1,1
14366,23291,27208,16,0,0,layered_block,circular,per_chunk,1,1
14367,24292,28333,16,0,0,layered_block,circular,per_chunk,1,1
14368,23375,27292,16,0,0,layered_block,circular,per_chunk,1,1
14369,23334,27250,16,0,0,layered_block,circular,per_chunk,1,1
14370,24042,28208,16,0,0,layered_block,circular,per_chunk,1,1
14371,24250,34458,16,0,0,layered_block,circular,per_chunk,1,1
14372,23250,27167,16,0,0,layered_block,circular,per_chunk,1,1
14373,23916,27792,16,0,0,layered_block,circular,per_chunk,1,1
14374,31167,35166,16,0,0,layered_block,circular,per_chunk,1,1
14375,22875,26708,16,0,0,layered_block,circular,per_chunk,1,1
14376,23625,27500,16,0,0,layered_block,circular,per_chunk,1,1
14377,23083,27000,16,0,0,layered_block,circular,per_chunk,1,1
14378,22917,26875,16,0,0,layered_block,circular,per_chunk,1,1
14379,22750,26666,16,0,0,layered_block,circular,per_chunk,1,1
14380,23334,33709,16,0,0,layered_block,circular,per_chunk,1,1
14381,23416,27292,16,0,0,layered_block,circular,per_chunk,1,1
14382,23000,27042,16,0,0,layered_block,circular,per_chunk,1,1
14383,23500,27417,16,0,0,layered_block,circular,per_chunk,1,1
14384,23167,27083,16,0,0,layered_block,circular,per_chunk,1,1
14385,23125,27041,16,0,0,layered_block,circular,per_chunk,1,1
14386,30875,34875,16,0,0,layered_block,circular,per_chunk,1,1
14387,22791,26708,16,0,0,layered_block,circular,per_chunk,1,1
14388,23083,26958,16,0,0,layered_block,circular,per_chunk,1,1
14389,24625,28583,16,0,0,layered_block,circular,per_chunk,1,1
14390,23208,27125,16,0,0,layered_block,circular,per_chunk,1,1
14391,23000,26875,16,0,0,layered_block,circular,per_chunk,1,1
14392,31458,35375,16,0,0,layered_block,circular,per_chunk,1,1
14393,23041,26875,16,0,0,layered_block,circular,per_chunk,1,1
14394,23500,27375,16,0,0,layered_block,circular,per_chunk,1,1
14395,22959,26833,16,0,0,layered_block,circular,per_chunk,1,1
14396,23375,27209,16,0,0,layered_block,circular,per_chunk,1,1
14397,22750,26625,16,0,0,layered_block,circular,per_chunk,1,1
14398,23166,27125,16,0,0,layered_block,circular,per_chunk,1,1
14399,22917,26917,16,0,0,layered_block,circular,per_chunk,1,1
14400,23375,27250,16,0,0,layered_block,circular,per_chunk,1,1
14401,31709,35666,16,0,0,layered_block,circular,per_chunk,1,1
14402,23416,27250,16,0,0,layered_block,circular,per_chunk,1,1
14403,24125,28000,16,0,0,layered_block,circular,per_chunk,1,1
14404,23417,27375,16,0,0,layered_block,circular,per_chunk,1,1
14405,23292,27208,16,0,0,layered_block,circular,per_chunk,1,1
14406,23916,27792,16,0,0,layered_block,circular,per_chunk,1,1
14407,23417,27375,16,0,0,layered_block,circular,per_chunk,1,1
14408,23041,26958,16,0,0,layered_block,circular,per_chunk,1,1
14409,24500,28333,16,0,0,layered_block,circular,per_chunk,1,1
14410,23417,27291,16,0,0,layered_block,circular,per_chunk,1,1
14411,29875,33917,16,0,0,layered_block,circular,per_chunk,1,1
14412,23333,27167,16,0,0,layered_block,circular,per_chunk,1,1
14413,23916,27916,16,0,0,layered_block,circular,per_chunk,1,1
14414,22875,26750,16,0,0,layered_block,circular,per_chunk,1,1
14415,23000,26875,16,0,0,layered_block,circular,per_chunk,1,1
14416,24333,28167,16,0,0,layered_block,circular,per_chunk,1,1
14417,31125,35084,16,0,0,layered_block,circular,per_chunk,1,1
14418,23292,27125,16,0,0,layered_block,circular,per_chunk,1,1
14419,23417,27292,16,0,0,layered_block,circular,per_chunk,1,1
14420,22708,26625,16,0,0,layered_block,circular,per_chunk,1,1
14421,23375,27167,16,0,0,layered_block,circular,per_chunk,1,1
14422,24375,28250,16,0,0,layered_block,circular,per_chunk,1,1
14423,23542,27917,16,0,0,layered_block,circular,per_chunk,1,1
14424,23375,27292,16,0,0,layered_block,circular,per_chunk,1,1
14425,23500,27375,16,0,0,layered_block,circular,per_chunk,1,1
14426,30250,34291,16,0,0,layered_block,circular,per_chunk,1,1
14427,22916,26750,16,0,0,layered_block,circular,per_chunk,1,1
14428,22792,26666,16,0,0,layered_block,circular,per_chunk,1,1
14429,23833,27875,16,0,0,layered_block,circular,per_chunk,1,1
14430,23000,26958,16,0,0,layered_block,circular,per_chunk,1,1
14431,24000,27917,16,0,0,layered_block,circular,per_chunk,1,1
14432,22917,26750,16,0,0,layered_block,circular,per_chunk,1,1
14433,24584,28500,16,0,0,layered_block,circular,per_chunk,1,1
14434,24083,27959,16,0,0,layered_block,circular,per_chunk,1,1
14435,31208,35208,16,0,0,layered_block,circular,per_chunk,1,1
14436,24458,28459,16,0,0,layered_block,circular,per_chunk,1,1
14437,22916,26750,16,0,0,layered_block,circular,per_chunk,1,1
14438,23750,27709,16,0,0,layered_block,circular,per_chunk,1,1
14439,22792,26709,16,0,0,layered_block,circular,per_chunk,1,1
14440,24125,28042,16,0,0,layered_block,circular,per_chunk,1,1
14441,24084,28125,16,0,0,layered_block,circular,per_chunk,1,1
14442,24084,27916,16,0,0,layered_block,circular,per_chunk,1,1
14443,23459,27291,16,0,0,layered_block,circular,per_chunk,1,1
14444,23667,27667,16,0,0,layered_block,circular,per_chunk,1,1
14445,22791,26750,16,0,0,layered_block,circular,per_chunk,1,1
14446,23584,27459,16,0,0,layered_block,circular,per_chunk,1,1
14447,23833,27791,16,0,0,layered_block,circular,per_chunk,1,1
14448,23375,27292,16,0,0,layered_block,circular,per_chunk,1,1
14449,23166,26958,16,0,0,layered_block,circular,per_chunk,1,1
14450,23375,27333,16,0,0,layered_block,circular,per_chunk,1,1
14451,23125,27042,16,0,0,layered_block,circular,per_chunk,1,1
14452,23834,27666,16,0,0,layered_block,circular,per_chunk,1,1
14453,23417,27917,16,0,0,layered_block,circular,per_chunk,1,1
14454,23042,26875,16,0,0,layered_block,circular,per_chunk,1,1
14455,24875,28792,16,0,0,layered_block,circular,per_chunk,1,1
14456,24000,28042,16,0,0,layered_block,circular,per_chunk,1,1
14457,23042,26916,16,0,0,layered_block,circular,per_chunk,1,1
14458,22875,26792,16,0,0,layered_block,circular,per_chunk,1,1
14459,23208,27292,16,0,0,layered_block,circular,per_chunk,1,1
14460,22833,26708,16,0,0,layered_block,circular,per_chunk,1,1
14461,23083,26958,16,0,0,layered_block,circular,per_chunk,1,1
14462,23625,27500,16,0,0,layered_block,circular,per_chunk,1,1
14463,23542,27708,16,0,0,layered_block,circular,per_chunk,1,1
14464,22917,26834,16,0,0,layered_block,circular,per_chunk,1,1
14465,23541,27458,16,0,0,layered_block,circular,per_chunk,1,1
14466,23250,27125,16,0,0,layered_block,circular,per_chunk,1,1
14467,23000,26875,16,0,0,layered_block,circular,per_chunk,1,1
14468,30542,34500,16,0,0,layered_block,circular,per_chunk,1,1
14469,23209,27458,16,0,0,layered_block,circular,per_chunk,1,1
14470,22792,26708,16,0,0,layered_block,circular,per_chunk,1,1
14471,23209,27166,16,0,0,layered_block,circular,per_chunk,1,1
14472,22792,26750,16,0,0,layered_block,circular,per_chunk,1,1
14473,22875,26708,16,0,0,layered_block,circular,per_chunk,1,1
14474,22750,26667,16,0,0,layered_block,circular,per_chunk,1,1
14475,23500,27375,16,0,0,layered_block,circular,per_chunk,1,1
14476,23625,27541,16,0,0,layered_block,circular,per_chunk,1,1
14477,24375,28208,16,0,0,layered_block,circular,per_chunk,1,1
14478,23250,27167,16,0,0,layered_block,circular,per_chunk,1,1
14479,22875,26667,16,0,0,layered_block,circular,per_chunk,1,1
14480,31458,35459,16,0,0,layered_block,circular,per_chunk,1,1
14481,22791,26583,16,0,0,layered_block,circular,per_chunk,1,1
14482,23083,27000,16,0,0,layered_block,circular,per_chunk,1,1
14483,25291,29750,16,0,0,layered_block,circular,per_chunk,1,1
14484,23000,26916,16,0,0,layered_block,circular,per_chunk,1,1
14485,23625,27542,16,0,0,layered_block,circular,per_chunk,1,1
14486,30917,34875,16,0,0,layered_block,circular,per_chunk,1,1
14487,22875,26708,16,0,0,layered_block,circular,per_chunk,1,1
14488,25708,105417,16,0,0,layered_block,circular,per_chunk,1,1
14489,23209,27209,16,0,0,layered_block,circular,per_chunk,1,1
14490,23209,27125,16,0,0,layered_block,circular,per_chunk,1,1
14491,23416,27208,16,0,0,layered_block,circular,per_chunk,1,1
14492,30083,34000,16,0,0,layered_block,circular,per_chunk,1,1
14493,23125,26958,16,0,0,layered_block,circular,per_chunk,1,1
14494,22959,26834,16,0,0,layered_block,circular,per_chunk,1,1
14495,24250,28709,16,0,0,layered_block,circular,per_chunk,1,1
14496,23250,27167,16,0,0,layered_block,circular,per_chunk,1,1
14497,23208,27125,16,0,0,layered_block,circular,per_chunk,1,1
14498,22833,27166,16,0,0,layered_block,circular,per_chunk,1,1
14499,22833,26750,16,0,0,layered_block,circular,per_chunk,1,1
14500,23125,26958,16,0,0,layered_block,circular,per_chunk,1,1
14501,22833,26750,16,0,0,layered_block,circular,per_chunk,1,1
14502,24000,28000,16,0,0,layered_block,circular,per_chunk,1,1
14503,22875,26792,16,0,0,layered_block,circular,per_chunk,1,1
14504,24166,28083,16,0,0,layered_block,circular,per_chunk,1,1
14505,22833,26750,16,0,0,layered_block,circular,per_chunk,1,1
14506,22959,26959,16,0,0,layered_block,circular,per_chunk,1,1
14507,23000,26917,16,0,0,layered_block,circular,per_chunk,1,1
14508,23167,27084,16,0,0,layered_block,circular,per_chunk,1,1
14509,22875,26708,16,0,0,layered_block,circular,per_chunk,1,1
14510,23708,27666,16,0,0,layered_block,circular,per_chunk,1,1
14511,22833,26750,16,0,0,layered_block,circular,per_chunk,1,1
14512,23166,27042,16,0,0,layered_block,circular,per_chunk,1,1
14513,23416,27333,16,0,0,layered_block,circular,per_chunk,1,1
14514,23250,27166,16,0,0,layered_block,circular,per_chunk,1,1
14515,23375,27292,16,0,0,layered_block,circular,per_chunk,1,1
14516,22959,26792,16,0,0,layered_block,circular,per_chunk,1,1
14517,22709,26583,16,0,0,layered_block,circular,per_chunk,1,1
14518,22875,26792,16,0,0,layered_block,circular,per_chunk,1,1
14519,30917,34875,16,0,0,layered_block,circular,per_chunk,1,1
14520,22875,26750,16,0,0,layered_block,circular,per_chunk,1,1
14521,22791,26667,16,0,0,layered_block,circular,per_chunk,1,1
14522,23667,28041,16,0,0,layered_block,circular,per_chunk,1,1
14523,23375,27250,16,0,0,layered_block,circular,per_chunk,1,1
14524,23500,27375,16,0,0,layered_block,circular,per_chunk,1,1
14525,23666,34583,16,0,0,layered_block,circular,per_chunk,1,1
14526,23709,27584,16,0,0,layered_block,circular,per_chunk,1,1
14527,23250,27125,16,0,0,layered_block,circular,per_chunk,1,1
14528,24125,28042,16,0,0,layered_block,circular,per_chunk,1,1
14529,23041,26958,16,0,0,layered_block,circular,per_chunk,1,1
14530,23125,27000,16,0,0,layered_block,circular,per_chunk,1,1
14531,23542,27458,16,0,0,layered_block,circular,per_chunk,1,1
14532,23041,27000,16,0,0,layered_block,circular,per_chunk,1,1
14533,23833,27709,16,0,0,layered_block,circular,per_chunk,1,1
14534,30625,34583,16,0,0,layered_block,circular,per_chunk,1,1
14535,24167,28125,16,0,0,layered_block,circular,per_chunk,1,1
14536,23375,27208,16,0,0,layered_block,circular,per_chunk,1,1
14537,23500,27500,16,0,0,layered_block,circular,per_chunk,1,1
14538,23125,27042,16,0,0,layered_block,circular,per_chunk,1,1
14539,22958,26875,16,0,0,layered_block,circular,per_chunk,1,1
14540,23542,27833,16,0,0,layered_block,circular,per_chunk,1,1
14541,24833,28708,16,0,0,layered_block,circular,per_chunk,1,1
14542,22916,26750,16,0,0,layered_block,circular,per_chunk,1,1
14543,23250,27291,16,0,0,layered_block,circular,per_chunk,1,1
14544,23041,26958,16,0,0,layered_block,circular,per_chunk,1,1
14545,22792,26709,16,0,0,layered_block,circular,per_chunk,1,1
14546,23291,27291,16,0,0,layered_block,circular,per_chunk,1,1
14547,23000,26959,16,0,0,layered_block,circular,per_chunk,1,1
14548,23292,27125,16,0,0,layered_block,circular,per_chunk,1,1
14549,23875,27792,16,0,0,layered_block,circular,per_chunk,1,1
14550,23125,27041,16,0,0,layered_block,circular,per_chunk,1,1
14551,23500,27417,16,0,0,layered_block,circular,per_chunk,1,1
14552,23416,27292,16,0,0,layered_block,circular,per_chunk,1,1
14553,23000,26916,16,0,0,layered_block,circular,per_chunk,1,1
14554,22917,26750,16,0,0,layered_block,circular,per_chunk,1,1
14555,23375,27291,16,0,0,layered_block,circular,per_chunk,1,1
14556,23167,27041,16,0,0,layered_block,circular,per_chunk,1,1
14557,22833,26709,16,0,0,layered_block,circular,per_chunk,1,1
14558,23709,27541,16,0,0,layered_block,circular,per_chunk,1,1
14559,22791,26667,16,0,0,layered_block,circular,per_chunk,1,1
14560,24375,28292,16,0,0,layered_block,circular,per_chunk,1,1
14561,24250,28666,16,0,0,layered_block,circular,per_chunk,1,1
14562,23333,27250,16,0,0,layered_block,circular,per_chunk,1,1
14563,23250,27209,16,0,0,layered_block,circular,per_chunk,1,1
14564,23667,27583,16,0,0,layered_block,circular,per_chunk,1,1
14565,23042,26958,16,0,0,layered_block,circular,per_chunk,1,1
14566,23333,27208,16,0,0,layered_block,circular,per_chunk,1,1
14567,23209,27166,16,0,0,layered_block,circular,per_chunk,1,1
14568,30041,34000,16,0,0,layered_block,circular,per_chunk,1,1
14569,23208,27042,16,0,0,layered_block,circular,per_chunk,1,1
14570,23667,27542,16,0,0,layered_block,circular,per_chunk,1,1
14571,22750,26708,16,0,0,layered_block,circular,per_chunk,1,1
14572,23583,27500,16,0,0,layered_block,circular,per_chunk,1,1
14573,23334,27333,16,0,0,layered_block,circular,per_chunk,1,1
14574,34250,38500,16,0,0,layered_block,circular,per_chunk,1,1
14575,23125,27000,16,0,0,layered_block,circular,per_chunk,1,1
14576,22833,26708,16,0,0,layered_block,circular,per_chunk,1,1
14577,30792,34750,16,0,0,layered_block,circular,per_chunk,1,1
14578,23250,27083,16,0,0,layered_block,circular,per_chunk,1,1
14579,23167,27084,16,0,0,layered_block,circular,per_chunk,1,1
14580,23000,26916,16,0,0,layered_block,circular,per_chunk,1,1
14581,23417,27333,16,0,0,layered_block,circular,per_chunk,1,1
14582,22959,26834,16,0,0,layered_block,circular,per_chunk,1,1
14583,23542,27500,16,0,0,layered_block,circular,per_chunk,1,1
14584,23042,26958,16,0,0,layered_block,circular,per_chunk,1,1
14585,23375,27166,16,0,0,layered_block,circular,per_chunk,1,1
14586,22792,26667,16,0,0,layered_block,circular,per_chunk,1,1
14587,23875,27625,16,0,0,layered_block,circular,per_chunk,1,1
14588,22709,26584,16,0,0,layered_block,circular,per_chunk,1,1
14589,23250,27208,16,0,0,layered_block,circular,per_chunk,1,1
14590,22750,26708,16,0,0,layered_block,circular,per_chunk,1,1
14591,23125,27167,16,0,0,layered_block,circular,per_chunk,1,1
14592,30750,34792,16,0,0,layered_block,circular,per_chunk,1,1
14593,23041,26917,16,0,0,layered_block,circular,per_chunk,1,1
14594,23541,27375,16,0,0,layered_block,circular,per_chunk,1,1
14595,23125,27042,16,0,0,layered_block,circular,per_chunk,1,1
14596,22833,26708,16,0,0,layered_block,circular,per_chunk,1,1
14597,23459,27375,16,0,0,layered_block,circular,per_chunk,1,1
14598,23292,27250,16,0,0,layered_block,circular,per_chunk,1,1
14599,23125,27000,16,0,0,layered_block,circular,per_chunk,1,1
14600,24041,27917,16,0,0,layered_block,circular,per_chunk,1,1
14601,24000,28209,16,0,0,layered_block,circular,per_chunk,1,1
14602,30916,34958,16,0,0,layered_block,circular,per_chunk,1,1
14603,22958,26792,16,0,0,layered_block,circular,per_chunk,1,1
14604,22875,26750,16,0,0,layered_block,circular,per_chunk,1,1
14605,23084,26959,16,0,0,layered_block,circular,per_chunk,1,1
14606,22958,26875,16,0,0,layered_block,circular,per_chunk,1,1
14607,23291,27167,16,0,0,layered_block,circular,per_chunk,1,1
14608,23750,34125,16,0,0,layered_block,circular,per_chunk,1,1
14609,23042,26875,16,0,0,layered_block,circular,per_chunk,1,1
14610,23208,27208,16,0,0,layered_block,circular,per_chunk,1,1
14611,22791,26708,16,0,0,layered_block,circular,per_chunk,1,1
14612,23084,26958,16,0,0,layered_block,circular,per_chunk,1,1
14613,23166,27125,16,0,0,layered_block,circular,per_chunk,1,1
14614,31625,35542,16,0,0,layered_block,circular,per_chunk,1,1
14615,23250,27125,16,0,0,layered_block,circular,per_chunk,1,1
14616,23125,27000,16,0,0,layered_block,circular,per_chunk,1,1
14617,23209,27083,16,0,0,layered_block,circular,per_chunk,1,1
14618,23167,27000,16,0,0,layered_block,circular,per_chunk,1,1
14619,23959,27834,16,0,0,layered_block,circular,per_chunk,1,1
14620,25375,29291,16,0,0,layered_block,circular,per_chunk,1,1
14621,22875,26792,16,0,0,layered_block,circular,per_chunk,1,1
14622,22916,26792,16,0,0,layered_block,circular,per_chunk,1,1
14623,30583,34583,16,0,0,layered_block,circular,per_chunk,1,1
14624,22875,26709,16,0,0,layered_block,circular,per_chunk,1,1
14625,22833,26709,16,0,0,layered_block,circular,per_chunk,1,1
14626,22791,26708,16,0,0,layered_block,circular,per_chunk,1,1
14627,23834,27666,16,0,0,layered_block,circular,per_chunk,1,1
14628,23291,27125,16,0,0,layered_block,circular,per_chunk,1,1
14629,23708,28000,16,0,0,layered_block,circular,per_chunk,1,1
14630,24667,28625,16,0,0,layered_block,circular,per_chunk,1,1
14631,23083,26958,16,0,0,layered_block,circular,per_chunk,1,1
14632,23500,27417,16,0,0,layered_block,circular,per_chunk,1,1
14633,23167,27084,16,0,0,layered_block,circular,per_chunk,1,1
14634,23458,27333,16,0,0,layered_block,circular,per_chunk,1,1
14635,22875,26750,16,0,0,layered_block,circular,per_chunk,1,1
14636,23459,27375,16,0,0,layered_block,circular,per_chunk,1,1
14637,22959,26792,16,0,0,layered_block,circular,per_chunk,1,1
14638,23542,27834,16,0,0,layered_block,circular,per_chunk,1,1
14639,22958,26875,16,0,0,layered_block,circular,per_chunk,1,1
14640,24500,28333,16,0,0,layered_block,circular,per_chunk,1,1
14641,23875,27708,16,0,0,layered_block,circular,per_chunk,1,1
14642,23125,27083,16,0,0,layered_block,circular,per_chunk,1,1
14643,23125,27084,16,0,0,layered_block,circular,per_chunk,1,1
14644,24709,28709,16,0,0,layered_block,circular,per_chunk,1,1
14645,23334,27208,16,0,0,layered_block,circular,per_chunk,1,1
14646,22875,26833,16,0,0,layered_block,circular,per_chunk,1,1
14647,24291,28167,16,0,0,layered_block,circular,per_chunk,1,1
14648,23083,27000,16,0,0,layered_block,circular,per_chunk,1,1
14649,23417,27333,16,0,0,layered_block,circular,per_chunk,1,1
14650,23750,28209,16,0,0,layered_block,circular,per_chunk,1,1
14651,23958,27875,16,0,0,layered_block,circular,per_chunk,1,1
14652,22958,26875,16,0,0,layered_block,circular,per_chunk,1,1
14653,24625,28500,16,0,0,layered_block,circular,per_chunk,1,1
14654,31417,35416,16,0,0,layered_block,circular,per_chunk,1,1
14655,23625,27542,16,0,0,layered_block,circular,per_chunk,1,1
14656,23625,27542,16,0,0,layered_block,circular,per_chunk,1,1
14657,23042,26958,16,0,0,layered_block,circular,per_chunk,1,1
14658,22750,26625,16,0,0,layered_block,circular,per_chunk,1,1
14659,23750,27708,16,0,0,layered_block,circular,per_chunk,1,1
14660,24334,34417,16,0,0,layered_block,circular,per_chunk,1,1
14661,23459,27458,16,0,0,layered_block,circular,per_chunk,1,1
14662,23083,26958,16,0,0,layered_block,circular,per_chunk,1,1
14663,29458,33500,16,0,0,layered_block,circular,per_chunk,1,1
14664,24250,28084,16,0,0,layered_block,circular,per_chunk,1,1
14665,23292,27250,16,0,0,layered_block,circular,per_chunk,1,1
14666,23542,27458,16,0,0,layered_block,circular,per_chunk,1,1
14667,24333,28208,16,0,0,layered_block,circular,per_chunk,1,1
14668,23250,27125,16,0,0,layered_block,circular,per_chunk,1,1
14669,23000,26833,16,0,0,layered_block,circular,per_chunk,1,1
14670,23875,27750,16,0,0,layered_block,circular,per_chunk,1,1
14671,23959,27875,16,0,0,layered_block,circular,per_chunk,1,1
14672,23584,34334,16,0,0,layered_block,circular,per_chunk,1,1
14673,23667,27417,16,0,0,layered_block,circular,per_chunk,1,1
14674,23625,27417,16,0,0,layered_block,circular,per_chunk,1,1
14675,23625,27542,16,0,0,layered_block,circular,per_chunk,1,1
14676,24625,28500,16,0,0,layered_block,circular,per_chunk,1,1
14677,23875,27791,16,0,0,layered_block,circular,per_chunk,1,1
14678,31208,35209,16,0,0,layered_block,circular,per_chunk,1,1
14679,23792,27584,16,0,0,layered_block,circular,per_chunk,1,1
14680,23500,27375,16,0,0,layered_block,circular,per_chunk,1,1
14681,24083,28000,16,0,0,layered_block,circular,per_chunk,1,1
14682,22917,26750,16,0,0,layered_block,circular,per_chunk,1,1
14683,22875,26750,16,0,0,layered_block,circular,per_chunk,1,1
14684,30667,34625,16,0,0,layered_block,circular,per_chunk,1,1
14685,22916,26750,16,0,0,layered_block,circular,per_chunk,1,1
14686,25209,29084,16,0,0,layered_block,circular,per_chunk,1,1
14687,24750,28750,16,0,0,layered_block,circular,per_chunk,1,1
14688,23125,27000,16,0,0,layered_block,circular,per_chunk,1,1
14689,23417,27250,16,0,0,layered_block,circular,per_chunk,1,1
14690,23125,33625,16,0,0,layered_block,circular,per_chunk,1,1
14691,23584,27417,16,0,0,layered_block,circular,per_chunk,1,1
14692,24167,28000,16,0,0,layered_block,circular,per_chunk,1,1
14693,24083,28250,16,0,0,layered_block,circular,per_chunk,1,1
14694,23375,27250,16,0,0,layered_block,circular,per_chunk,1,1
14695,23416,27291,16,0,0,layered_block,circular,per_chunk,1,1
14696,24250,28167,16,0,0,layered_block,circular,per_chunk,1,1
14697,22709,26542,16,0,0,layered_block,circular,per_chunk,1,1
14698,23250,27042,16,0,0,layered_block,circular,per_chunk,1,1
14699,120916,124958,16,0,0,layered_block,circular,per_chunk,1,1
