block_idx,model_ns,block_ns,frames_processed,overrun,warmup,execution_mode,history_mode,scratch_mode,inference_chunk_frames,effective_chunk_frames
0,13416,17208,16,0,1,layered_block,circular,per_chunk,4,4
1,12083,15875,16,0,1,layered_block,circular,per_chunk,4,4
2,12459,16416,16,0,1,layered_block,circular,per_chunk,4,4
3,19209,23084,16,0,1,layered_block,circular,per_chunk,4,4
4,12125,15959,16,0,1,layered_block,circular,per_chunk,4,4
5,12416,16166,16,0,1,layered_block,circular,per_chunk,4,4
6,12125,15958,16,0,1,layered_block,circular,per_chunk,4,4
7,12416,16250,16,0,1,layered_block,circular,per_chunk,4,4
8,11958,16000,16,0,1,layered_block,circular,per_chunk,4,4
9,12125,15958,16,0,1,layered_block,circular,per_chunk,4,4
10,12083,15958,16,0,1,layered_block,circular,per_chunk,4,4
11,12000,15834,16,0,1,layered_block,circular,per_chunk,4,4
12,11958,15875,16,0,1,layered_block,circular,per_chunk,4,4
13,11792,15875,16,0,1,layered_block,circular,per_chunk,4,4
14,11875,15917,16,0,1,layered_block,circular,per_chunk,4,4
15,12084,15917,16,0,1,layered_block,circular,per_chunk,4,4
16,11917,16000,16,0,1,layered_block,circular,per_chunk,4,4
17,12042,15875,16,0,1,layered_block,circular,per_chunk,4,4
18,12416,16166,16,0,1,layered_block,circular,per_chunk,4,4
19,20125,24000,16,0,1,layered_block,circular,per_chunk,4,4
20,12250,16167,16,0,1,layered_block,circular,per_chunk,4,4
21,12083,15916,16,0,1,layered_block,circular,per_chunk,4,4
22,12208,16083,16,0,1,layered_block,circular,per_chunk,4,4
23,12083,15917,16,0,1,layered_block,circular,per_chunk,4,4
24,12084,15959,16,0,1,layered_block,circular,per_chunk,4,4
25,12084,15917,16,0,1,layered_block,circular,per_chunk,4,4
26,12250,16083,16,0,1,layered_block,circular,per_chunk,4,4
27,12208,16042,16,0,1,layered_block,circular,per_chunk,4,4
28,12125,15959,16,0,1,layered_block,circular,per_chunk,4,4
29,12166,16000,16,0,1,layered_block,circular,per_chunk,4,4
30,12125,16000,16,0,1,layered_block,circular,per_chunk,4,4
31,12125,15958,16,0,1,layered_block,circular,per_chunk,4,4
32,12042,15916,16,0,1,layered_block,circular,per_chunk,4,4
33,12042,15875,16,0,1,layered_block,circular,per_chunk,4,4
34,12250,16042,16,0,1,layered_block,circular,per_chunk,4,4
35,12208,16000,16,0,1,layered_block,circular,per_chunk,4,4
36,12042,15875,16,0,1,layered_block,circular,per_chunk,4,4
37,12084,15959,16,0,1,layered_block,circular,per_chunk,4,4
38,11834,15875,16,0,1,layered_block,circular,per_chunk,4,4
39,12083,15917,16,0,1,layered_block,circular,per_chunk,4,4
40,11834,15958,16,0,1,layered_block,circular,per_chunk,4,4
41,12292,16083,16,0,1,layered_block,circular,per_chunk,4,4
42,11792,15958,16,0,1,layered_block,circular,per_chunk,4,4
43,12083,15875,16,0,1,layered_block,circular,per_chunk,4,4
44,12000,15875,16,0,1,layered_block,circular,per_chunk,4,4
45,12125,15959,16,0,1,layered_block,circular,per_chunk,4,4
46,12166,16000,16,0,1,layered_block,circular,per_chunk,4,4
47,12125,16000,16,0,1,layered_block,circular,per_chunk,4,4
48,12125,15958,16,0,1,layered_block,circular,per_chunk,4,4
49,12167,15959,16,0,1,layered_block,circular,per_chunk,4,4
50,12042,15958,16,0,1,layered_block,circular,per_chunk,4,4
51,12125,16000,16,0,1,layered_block,circular,per_chunk,4,4
52,12083,16000,16,0,1,layered_block,circular,per_chunk,4,4
53,12083,15917,16,0,1,layered_block,circular,per_chunk,4,4
54,12000,15917,16,0,1,layered_block,circular,per_chunk,4,4
55,11833,15833,16,0,1,layered_block,circular,per_chunk,4,4
56,12125,16042,16,0,1,layered_block,circular,per_chunk,4,4
57,12167,15958,16,0,1,layered_block,circular,per_chunk,4,4
58,12083,15916,16,0,1,layered_block,circular,per_chunk,4,4
59,12083,15875,16,0,1,layered_block,circular,per_chunk,4,4
60,12042,15917,16,0,1,layered_block,circular,per_chunk,4,4
61,12084,15917,16,0,1,layered_block,circular,per_chunk,4,4
62,12166,16000,16,0,1,layered_block,circular,per_chunk,4,4
63,12083,16042,16,0,1,layered_block,circular,per_chunk,4,4
64,12083,16042,16,0,1,layered_block,circular,per_chunk,4,4
65,12125,16000,16,0,1,layered_block,circular,per_chunk,4,4
66,12125,16000,16,0,1,layered_block,circular,per_chunk,4,4
67,12083,15917,16,0,1,layered_block,circular,per_chunk,4,4
68,12208,16083,16,0,1,layered_block,circular,per_chunk,4,4
69,12042,15959,16,0,1,layered_block,circular,per_chunk,4,4
70,12125,15958,16,0,1,layered_block,circular,per_chunk,4,4
71,12084,15959,16,0,1,layered_block,circular,per_chunk,4,4
72,12042,15959,16,0,1,layered_block,circular,per_chunk,4,4
73,12083,15875,16,0,1,layered_block,circular,per_chunk,4,4
74,12042,15958,16,0,1,layered_block,circular,per_chunk,4,4
75,12375,16209,16,0,1,layered_block,circular,per_chunk,4,4
76,12125,22375,16,0,1,layered_block,circular,per_chunk,4,4
77,11916,15916,16,0,1,layered_block,circular,per_chunk,4,4
78,11792,15833,16,0,1,layered_block,circular,per_chunk,4,4
79,12084,15958,16,0,1,layered_block,circular,per_chunk,4,4
80,11917,15959,16,0,1,layered_block,circular,per_chunk,4,4
81,11916,15708,16,0,1,layered_block,circular,per_chunk,4,4
82,12541,16375,16,0,1,layered_block,circular,per_chunk,4,4
83,12042,15917,16,0,1,layered_block,circular,per_chunk,4,4
84,12083,15917,16,0,1,layered_block,circular,per_chunk,4,4
85,12000,15917,16,0,1,layered_block,circular,per_chunk,4,4
86,12125,16166,16,0,1,layered_block,circular,per_chunk,4,4
87,12625,16416,16,0,1,layered_block,circular,per_chunk,4,4
88,11792,16000,16,0,1,layered_block,circular,per_chunk,4,4
89,12125,16042,16,0,1,layered_block,circular,per_chunk,4,4
90,12083,15958,16,0,1,layered_block,circular,per_chunk,4,4
91,12250,16125,16,0,1,layered_block,circular,per_chunk,4,4
92,11959,15875,16,0,1,layered_block,circular,per_chunk,4,4
93,12125,15917,16,0,1,layered_block,circular,per_chunk,4,4
94,12250,16125,16,0,1,layered_block,circular,per_chunk,4,4
95,12375,16458,16,0,1,layered_block,circular,per_chunk,4,4
96,12417,16250,16,0,1,layered_block,circular,per_chunk,4,4
97,12083,16167,16,0,1,layered_block,circular,per_chunk,4,4
98,19792,23709,16,0,1,layered_block,circular,per_chunk,4,4
99,12083,15958,16,0,1,layered_block,circular,per_chunk,4,4
100,12250,16208,16,0,0,layered_block,circular,per_chunk,4,4
101,12375,16167,16,0,0,layered_block,circular,per_chunk,4,4
102,12042,15917,16,0,0,layered_block,circular,per_chunk,4,4
103,12083,15916,16,0,0,layered_block,circular,per_chunk,4,4
104,12208,16000,16,0,0,layered_block,circular,per_chunk,4,4
105,12292,16208,16,0,0,layered_block,circular,per_chunk,4,4
106,12292,16166,16,0,0,layered_block,circular,per_chunk,4,4
107,12125,16000,16,0,0,layered_block,circular,per_chunk,4,4
108,20041,23833,16,0,0,layered_block,circular,per_chunk,4,4
109,12292,16167,16,0,0,layered_block,circular,per_chunk,4,4
110,12000,15917,16,0,0,layered_block,circular,per_chunk,4,4
111,12291,16125,16,0,0,layered_block,circular,per_chunk,4,4
112,12000,15833,16,0,0,layered_block,circular,per_chunk,4,4
113,12083,15875,16,0,0,layered_block,circular,per_chunk,4,4
114,12125,16042,16,0,0,layered_block,circular,per_chunk,4,4
115,12167,16000,16,0,0,layered_block,circular,per_chunk,4,4
116,12292,16208,16,0,0,layered_block,circular,per_chunk,4,4
117,12208,16125,16,0,0,layered_block,circular,per_chunk,4,4
118,12084,15875,16,0,0,layered_block,circular,per_chunk,4,4
119,12125,15917,16,0,0,layered_block,circular,per_chunk,4,4
120,12250,16041,16,0,0,layered_block,circular,per_chunk,4,4
121,12291,16125,16,0,0,layered_block,circular,per_chunk,4,4
122,12125,16042,16,0,0,layered_block,circular,per_chunk,4,4
123,12292,16166,16,0,0,layered_block,circular,per_chunk,4,4
124,12083,15917,16,0,0,layered_block,circular,per_chunk,4,4
125,12209,16042,16,0,0,layered_block,circular,per_chunk,4,4
126,12041,15958,16,0,0,layered_block,circular,per_chunk,4,4
127,19916,23791,16,0,0,layered_block,circular,per_chunk,4,4
128,12125,15917,16,0,0,layered_block,circular,per_chunk,4,4
129,12250,16084,16,0,0,layered_block,circular,per_chunk,4,4
130,12125,15958,16,0,0,layered_block,circular,per_chunk,4,4
131,12125,16000,16,0,0,layered_block,circular,per_chunk,4,4
132,12167,16042,16,0,0,layered_block,circular,per_chunk,4,4
133,12125,16000,16,0,0,layered_block,circular,per_chunk,4,4
134,12042,16000,16,0,0,layered_block,circular,per_chunk,4,4
135,12250,16166,16,0,0,layered_block,circular,per_chunk,4,4
136,11875,15958,16,0,0,layered_block,circular,per_chunk,4,4
137,12000,15833,16,0,0,layered_block,circular,per_chunk,4,4
138,12083,16000,16,0,0,layered_block,circular,per_chunk,4,4
139,18750,22625,16,0,0,layered_block,circular,per_chunk,4,4
140,12125,16000,16,0,0,layered_block,circular,per_chunk,4,4
141,12000,15875,16,0,0,layered_block,circular,per_chunk,4,4
142,12083,15959,16,0,0,layered_block,circular,per_chunk,4,4
143,12292,16209,16,0,0,layered_block,circular,per_chunk,4,4
144,12000,15875,16,0,0,layered_block,circular,per_chunk,4,4
145,12042,15875,16,0,0,layered_block,circular,per_chunk,4,4
146,12083,16000,16,0,0,layered_block,circular,per_chunk,4,4
147,12125,15958,16,0,0,layered_block,circular,per_chunk,4,4
148,12083,15916,16,0,0,layered_block,circular,per_chunk,4,4
149,19333,23250,16,0,0,layered_block,circular,per_chunk,4,4
150,12083,15916,16,0,0,layered_block,circular,per_chunk,4,4
151,12041,16000,16,0,0,layered_block,circular,per_chunk,4,4
152,12125,15959,16,0,0,layered_block,circular,per_chunk,4,4
153,12042,15917,16,0,0,layered_block,circular,per_chunk,4,4
154,12417,16334,16,0,0,layered_block,circular,per_chunk,4,4
155,12042,15959,16,0,0,layered_block,circular,per_chunk,4,4
156,12208,16083,16,0,0,layered_block,circular,per_chunk,4,4
157,12000,15875,16,0,0,layered_block,circular,per_chunk,4,4
158,11833,16000,16,0,0,layered_block,circular,per_chunk,4,4
159,12042,15917,16,0,0,layered_block,circular,per_chunk,4,4
160,12083,15959,16,0,0,layered_block,circular,per_chunk,4,4
161,12083,15875,16,0,0,layered_block,circular,per_chunk,4,4
162,12166,15958,16,0,0,layered_block,circular,per_chunk,4,4
163,12209,16167,16,0,0,layered_block,circular,per_chunk,4,4
164,12083,15917,16,0,0,layered_block,circular,per_chunk,4,4
165,12042,15959,16,0,0,layered_block,circular,per_chunk,4,4
166,12167,16042,16,0,0,layered_block,circular,per_chunk,4,4
167,12125,15958,16,0,0,layered_block,circular,per_chunk,4,4
168,12166,16125,16,0,0,layered_block,circular,per_chunk,4,4
169,12625,16833,16,0,0,layered_block,circular,per_chunk,4,4
170,12167,16000,16,0,0,layered_block,circular,per_chunk,4,4
171,12041,15916,16,0,0,layered_block,circular,per_chunk,4,4
172,12083,15916,16,0,0,layered_block,circular,per_chunk,4,4
173,12042,15917,16,0,0,layered_block,circular,per_chunk,4,4
174,12042,15959,16,0,0,layered_block,circular,per_chunk,4,4
175,12166,16083,16,0,0,layered_block,circular,per_chunk,4,4
176,12084,15917,16,0,0,layered_block,circular,per_chunk,4,4
177,12125,15917,16,0,0,layered_block,circular,per_chunk,4,4
178,12084,15917,16,0,0,layered_block,circular,per_chunk,4,4
179,12125,15917,16,0,0,layered_block,circular,per_chunk,4,4
180,12250,16083,16,0,0,layered_block,circular,per_chunk,4,4
181,12083,16000,16,0,0,layered_block,circular,per_chunk,4,4
182,12250,16083,16,0,0,layered_block,circular,per_chunk,4,4
183,12042,15917,16,0,0,layered_block,circular,per_chunk,4,4
184,12125,15958,16,0,0,layered_block,circular,per_chunk,4,4
185,12208,15958,16,0,0,layered_block,circular,per_chunk,4,4
186,12083,15958,16,0,0,layered_block,circular,per_chunk,4,4
187,20000,23917,16,0,0,layered_block,circular,per_chunk,4,4
188,12042,15917,16,0,0,layered_block,circular,per_chunk,4,4
189,12250,16084,16,0,0,layered_block,circular,per_chunk,4,4
190,12125,16000,16,0,0,layered_block,circular,per_chunk,4,4
191,12125,16000,16,0,0,layered_block,circular,per_chunk,4,4
192,12416,16250,16,0,0,layered_block,circular,per_chunk,4,4
193,12042,15958,16,0,0,layered_block,circular,per_chunk,4,4
194,12125,16000,16,0,0,layered_block,circular,per_chunk,4,4
195,12083,15958,16,0,0,layered_block,circular,per_chunk,4,4
196,12083,15959,16,0,0,layered_block,circular,per_chunk,4,4
197,12125,16042,16,0,0,layered_block,circular,per_chunk,4,4
198,12167,16000,16,0,0,layered_block,circular,per_chunk,4,4
199,12250,16042,16,0,0,layered_block,circular,per_chunk,4,4
200,12209,16041,16,0,0,layered_block,circular,per_chunk,4,4
201,12292,16208,16,0,0,layered_block,circular,per_chunk,4,4
202,12125,15958,16,0,0,layered_block,circular,per_chunk,4,4
203,12000,15875,16,0,0,layered_block,circular,per_chunk,4,4
204,12208,16000,16,0,0,layered_block,circular,per_chunk,4,4
205,12125,16000,16,0,0,layered_block,circular,per_chunk,4,4
206,12125,15958,16,0,0,layered_block,circular,per_chunk,4,4
207,12208,16083,16,0,0,layered_block,circular,per_chunk,4,4
208,12375,16166,16,0,0,layered_block,circular,per_chunk,4,4
209,12042,15917,16,0,0,layered_block,circular,per_chunk,4,4
210,12125,16000,16,0,0,layered_block,circular,per_chunk,4,4
211,12167,15917,16,0,0,layered_block,circular,per_chunk,4,4
212,12166,16041,16,0,0,layered_block,circular,per_chunk,4,4
213,12041,15958,16,0,0,layered_block,circular,per_chunk,4,4
214,12584,16417,16,0,0,layered_block,circular,per_chunk,4,4
215,12083,16000,16,0,0,layered_block,circular,per_chunk,4,4
216,12083,16000,16,0,0,layered_block,circular,per_chunk,4,4
217,12084,15917,16,0,0,layered_block,circular,per_chunk,4,4
218,12834,16791,16,0,0,layered_block,circular,per_chunk,4,4
219,12083,15917,16,0,0,layered_block,circular,per_chunk,4,4
220,12250,16041,16,0,0,layered_block,circular,per_chunk,4,4
221,12041,15958,16,0,0,layered_block,circular,per_chunk,4,4
222,12042,15917,16,0,0,layered_block,circular,per_chunk,4,4
223,12291,16166,16,0,0,layered_block,circular,per_chunk,4,4
224,12333,16250,16,0,0,layered_block,circular,per_chunk,4,4
225,12291,16125,16,0,0,layered_block,circular,per_chunk,4,4
226,12083,16000,16,0,0,layered_block,circular,per_chunk,4,4
227,11959,15917,16,0,0,layered_block,circular,per_chunk,4,4
228,12125,16000,16,0,0,layered_block,circular,per_chunk,4,4
229,12041,15916,16,0,0,layered_block,circular,per_chunk,4,4
230,12125,16041,16,0,0,layered_block,circular,per_chunk,4,4
231,12166,15958,16,0,0,layered_block,circular,per_chunk,4,4
232,12083,15959,16,0,0,layered_block,circular,per_chunk,4,4
233,12208,16041,16,0,0,layered_block,circular,per_chunk,4,4
234,17209,21167,16,0,0,layered_block,circular,per_chunk,4,4
235,12083,15917,16,0,0,layered_block,circular,per_chunk,4,4
236,12083,15959,16,0,0,layered_block,circular,per_chunk,4,4
237,12250,16167,16,0,0,layered_block,circular,per_chunk,4,4
238,12292,16166,16,0,0,layered_block,circular,per_chunk,4,4
239,12000,15875,16,0,0,layered_block,circular,per_chunk,4,4
240,12292,16166,16,0,0,layered_block,circular,per_chunk,4,4
241,12041,15916,16,0,0,layered_block,circular,per_chunk,4,4
242,12000,15875,16,0,0,layered_block,circular,per_chunk,4,4
243,12125,15958,16,0,0,layered_block,circular,per_chunk,4,4
244,12167,15959,16,0,0,layered_block,circular,per_chunk,4,4
245,12125,16042,16,0,0,layered_block,circular,per_chunk,4,4
246,12125,15959,16,0,0,layered_block,circular,per_chunk,4,4
247,12083,15917,16,0,0,layered_block,circular,per_chunk,4,4
248,12250,16125,16,0,0,layered_block,circular,per_chunk,4,4
249,12292,16208,16,0,0,layered_block,circular,per_chunk,4,4
250,12333,16167,16,0,0,layered_block,circular,per_chunk,4,4
251,12125,16041,16,0,0,layered_block,circular,per_chunk,4,4
252,12125,15917,16,0,0,layered_block,circular,per_chunk,4,4
253,12292,16125,16,0,0,layered_block,circular,per_chunk,4,4
254,12083,15958,16,0,0,layered_block,circular,per_chunk,4,4
255,12167,16042,16,0,0,layered_block,circular,per_chunk,4,4
256,12083,15917,16,0,0,layered_block,circular,per_chunk,4,4
257,12542,16333,16,0,0,layered_block,circular,per_chunk,4,4
258,12167,15917,16,0,0,layered_block,circular,per_chunk,4,4
259,12000,15875,16,0,0,layered_block,circular,per_chunk,4,4
260,12083,16000,16,0,0,layered_block,circular,per_chunk,4,4
261,12042,15959,16,0,0,layered_block,circular,per_chunk,4,4
262,12125,16000,16,0,0,layered_block,circular,per_chunk,4,4
263,12584,16375,16,0,0,layered_block,circular,per_chunk,4,4
264,12125,15958,16,0,0,layered_block,circular,per_chunk,4,4
265,12250,16125,16,0,0,layered_block,circular,per_chunk,4,4
266,12083,16000,16,0,0,layered_block,circular,per_chunk,4,4
267,12416,16375,16,0,0,layered_block,circular,per_chunk,4,4
268,12084,15917,16,0,0,layered_block,circular,per_chunk,4,4
269,12167,16042,16,0,0,layered_block,circular,per_chunk,4,4
270,12000,15916,16,0,0,layered_block,circular,per_chunk,4,4
271,11958,15958,16,0,0,layered_block,circular,per_chunk,4,4
272,12084,15917,16,0,0,layered_block,circular,per_chunk,4,4
273,12084,15958,16,0,0,layered_block,circular,per_chunk,4,4
274,12083,16000,16,0,0,layered_block,circular,per_chunk,4,4
275,12333,16208,16,0,0,layered_block,circular,per_chunk,4,4
276,12166,15916,16,0,0,layered_block,circular,per_chunk,4,4
277,12208,16000,16,0,0,layered_block,circular,per_chunk,4,4
278,12083,15959,16,0,0,layered_block,circular,per_chunk,4,4
279,12042,15917,16,0,0,layered_block,circular,per_chunk,4,4
280,12208,16000,16,0,0,layered_block,circular,per_chunk,4,4
281,19375,23292,16,0,0,layered_block,circular,per_chunk,4,4
282,12042,15875,16,0,0,layered_block,circular,per_chunk,4,4
283,12250,16125,16,0,0,layered_block,circular,per_chunk,4,4
284,12083,15958,16,0,0,layered_block,circular,per_chunk,4,4
285,12167,16000,16,0,0,layered_block,circular,per_chunk,4,4
286,12042,15959,16,0,0,layered_block,circular,per_chunk,4,4
287,12292,16167,16,0,0,layered_block,circular,per_chunk,4,4
288,12083,15958,16,0,0,layered_block,circular,per_chunk,4,4
289,12166,16000,16,0,0,layered_block,circular,per_chunk,4,4
290,12250,16167,16,0,0,layered_block,circular,per_chunk,4,4
291,12000,15917,16,0,0,layered_block,circular,per_chunk,4,4
292,12334,22417,16,0,0,layered_block,circular,per_chunk,4,4
293,12167,16084,16,0,0,layered_block,circular,per_chunk,4,4
294,12375,16208,16,0,0,layered_block,circular,per_chunk,4,4
295,12042,15917,16,0,0,layered_block,circular,per_chunk,4,4
296,12541,16375,16,0,0,layered_block,circular,per_chunk,4,4
297,12208,16167,16,0,0,layered_block,circular,per_chunk,4,4
298,12459,16292,16,0,0,layered_block,circular,per_chunk,4,4
299,12000,15917,16,0,0,layered_block,circular,per_chunk,4,4
300,12125,15917,16,0,0,layered_block,circular,per_chunk,4,4
301,12125,16000,16,0,0,layered_block,circular,per_chunk,4,4
302,12042,15875,16,0,0,layered_block,circular,per_chunk,4,4
303,12083,15958,16,0,0,layered_block,circular,per_chunk,4,4
304,12583,16792,16,0,0,layered_block,circular,per_chunk,4,4
305,12042,15916,16,0,0,layered_block,circular,per_chunk,4,4
306,12417,16292,16,0,0,layered_block,circular,per_chunk,4,4
307,12208,16125,16,0,0,layered_block,circular,per_chunk,4,4
308,12208,16000,16,0,0,layered_block,circular,per_chunk,4,4
309,12209,16084,16,0,0,layered_block,circular,per_chunk,4,4
310,17958,22000,16,0,0,layered_block,circular,per_chunk,4,4
311,12083,15917,16,0,0,layered_block,circular,per_chunk,4,4
312,12208,16042,16,0,0,layered_block,circular,per_chunk,4,4
313,12042,15959,16,0,0,layered_block,circular,per_chunk,4,4
314,12167,16000,16,0,0,layered_block,circular,per_chunk,4,4
315,12167,15958,16,0,0,layered_block,circular,per_chunk,4,4
316,12084,15917,16,0,0,layered_block,circular,per_chunk,4,4
317,12125,15959,16,0,0,layered_block,circular,per_chunk,4,4
318,12208,16042,16,0,0,layered_block,circular,per_chunk,4,4
319,12125,16042,16,0,0,layered_block,circular,per_chunk,4,4
320,12250,16167,16,0,0,layered_block,circular,per_chunk,4,4
321,12000,16042,16,0,0,layered_block,circular,per_chunk,4,4
322,12083,15958,16,0,0,layered_block,circular,per_chunk,4,4
323,12167,16083,16,0,0,layered_block,circular,per_chunk,4,4
324,12208,16167,16,0,0,layered_block,circular,per_chunk,4,4
325,12208,16042,16,0,0,layered_block,circular,per_chunk,4,4
326,12167,16041,16,0,0,layered_block,circular,per_chunk,4,4
327,12125,16166,16,0,0,layered_block,circular,per_chunk,4,4
328,12083,15958,16,0,0,layered_block,circular,per_chunk,4,4
329,12042,15959,16,0,0,layered_block,circular,per_chunk,4,4
330,12083,15917,16,0,0,layered_block,circular,per_chunk,4,4
331,12333,16125,16,0,0,layered_block,circular,per_chunk,4,4
332,12042,15958,16,0,0,layered_block,circular,per_chunk,4,4
333,12166,15958,16,0,0,layered_block,circular,per_chunk,4,4
334,12084,16000,16,0,0,layered_block,circular,per_chunk,4,4
335,12042,15958,16,0,0,layered_block,circular,per_chunk,4,4
336,12291,16166,16,0,0,layered_block,circular,per_chunk,4,4
337,12250,16042,16,0,0,layered_block,circular,per_chunk,4,4
338,12167,15958,16,0,0,layered_block,circular,per_chunk,4,4
339,12166,16042,16,0,0,layered_block,circular,per_chunk,4,4
340,12125,16000,16,0,0,layered_block,circular,per_chunk,4,4
341,12167,15959,16,0,0,layered_block,circular,per_chunk,4,4
342,12291,16041,16,0,0,layered_block,circular,per_chunk,4,4
343,12125,15958,16,0,0,layered_block,circular,per_chunk,4,4
344,12041,15916,16,0,0,layered_block,circular,per_chunk,4,4
345,12542,16416,16,0,0,layered_block,circular,per_chunk,4,4
346,12417,16291,16,0,0,layered_block,circular,per_chunk,4,4
347,12791,16583,16,0,0,layered_block,circular,per_chunk,4,4
348,12333,16250,16,0,0,layered_block,circular,per_chunk,4,4
349,12167,15958,16,0,0,layered_block,circular,per_chunk,4,4
350,12083,15958,16,0,0,layered_block,circular,per_chunk,4,4
351,20125,24000,16,0,0,layered_block,circular,per_chunk,4,4
352,12125,16000,16,0,0,layered_block,circular,per_chunk,4,4
353,12208,16083,16,0,0,layered_block,circular,per_chunk,4,4
354,12334,16166,16,0,0,layered_block,circular,per_chunk,4,4
355,12166,16000,16,0,0,layered_block,circular,per_chunk,4,4
356,12125,15959,16,0,0,layered_block,circular,per_chunk,4,4
357,12042,15916,16,0,0,layered_block,circular,per_chunk,4,4
358,12083,15917,16,0,0,layered_block,circular,per_chunk,4,4
359,12041,15916,16,0,0,layered_block,circular,per_chunk,4,4
360,20875,24750,16,0,0,layered_block,circular,per_chunk,4,4
361,12125,16041,16,0,0,layered_block,circular,per_chunk,4,4
362,12292,16208,16,0,0,layered_block,circular,per_chunk,4,4
363,12083,15917,16,0,0,layered_block,circular,per_chunk,4,4
364,12417,16292,16,0,0,layered_block,circular,per_chunk,4,4
365,12125,15917,16,0,0,layered_block,circular,per_chunk,4,4
366,12750,16625,16,0,0,layered_block,circular,per_chunk,4,4
367,12083,16042,16,0,0,layered_block,circular,per_chunk,4,4
368,12125,16083,16,0,0,layered_block,circular,per_chunk,4,4
369,12000,15917,16,0,0,layered_block,circular,per_chunk,4,4
370,12209,16084,16,0,0,layered_block,circular,per_chunk,4,4
371,12292,16167,16,0,0,layered_block,circular,per_chunk,4,4
372,12291,16167,16,0,0,layered_block,circular,per_chunk,4,4
373,12542,16334,16,0,0,layered_block,circular,per_chunk,4,4
374,12042,15875,16,0,0,layered_block,circular,per_chunk,4,4
375,12250,16125,16,0,0,layered_block,circular,per_chunk,4,4
376,12083,15917,16,0,0,layered_block,circular,per_chunk,4,4
377,12208,16041,16,0,0,layered_block,circular,per_chunk,4,4
378,12125,16000,16,0,0,layered_block,circular,per_chunk,4,4
379,12125,16041,16,0,0,layered_block,circular,per_chunk,4,4
380,12333,16208,16,0,0,layered_block,circular,per_chunk,4,4
381,12084,15958,16,0,0,layered_block,circular,per_chunk,4,4
382,12042,15959,16,0,0,layered_block,circular,per_chunk,4,4
383,12042,16125,16,0,0,layered_block,circular,per_chunk,4,4
384,12125,15959,16,0,0,layered_block,circular,per_chunk,4,4
385,12084,16041,16,0,0,layered_block,circular,per_chunk,4,4
386,11916,16042,16,0,0,layered_block,circular,per_chunk,4,4
387,12125,16042,16,0,0,layered_block,circular,per_chunk,4,4
388,12083,16000,16,0,0,layered_block,circular,per_chunk,4,4
389,12083,16000,16,0,0,layered_block,circular,per_chunk,4,4
390,12167,15958,16,0,0,layered_block,circular,per_chunk,4,4
391,12041,15917,16,0,0,layered_block,circular,per_chunk,4,4
392,12125,16041,16,0,0,layered_block,circular,per_chunk,4,4
393,12167,16000,16,0,0,layered_block,circular,per_chunk,4,4
394,12042,15917,16,0,0,layered_block,circular,per_chunk,4,4
395,12167,15958,16,0,0,layered_block,circular,per_chunk,4,4
396,12292,16125,16,0,0,layered_block,circular,per_chunk,4,4
397,11875,15875,16,0,0,layered_block,circular,per_chunk,4,4
398,12041,15958,16,0,0,layered_block,circular,per_chunk,4,4
399,12208,16084,16,0,0,layered_block,circular,per_chunk,4,4
400,12083,15958,16,0,0,layered_block,circular,per_chunk,4,4
401,12041,15916,16,0,0,layered_block,circular,per_chunk,4,4
402,12125,15916,16,0,0,layered_block,circular,per_chunk,4,4
403,12125,16000,16,0,0,layered_block,circular,per_chunk,4,4
404,21500,25333,16,0,0,layered_block,circular,per_chunk,4,4
405,12292,16084,16,0,0,layered_block,circular,per_chunk,4,4
406,12250,16167,16,0,0,layered_block,circular,per_chunk,4,4
407,12166,16041,16,0,0,layered_block,circular,per_chunk,4,4
408,12041,15917,16,0,0,layered_block,circular,per_chunk,4,4
409,12083,15959,16,0,0,layered_block,circular,per_chunk,4,4
410,12167,16000,16,0,0,layered_block,circular,per_chunk,4,4
411,12083,16000,16,0,0,layered_block,circular,per_chunk,4,4
412,12041,15875,16,0,0,layered_block,circular,per_chunk,4,4
413,12292,16208,16,0,0,layered_block,circular,per_chunk,4,4
414,12209,16000,16,0,0,layered_block,circular,per_chunk,4,4
415,12208,16209,16,0,0,layered_block,circular,per_chunk,4,4
416,12541,16625,16,0,0,layered_block,circular,per_chunk,4,4
417,12041,15958,16,0,0,layered_block,circular,per_chunk,4,4
418,12083,16000,16,0,0,layered_block,circular,per_chunk,4,4
419,12291,16167,16,0,0,layered_block,circular,per_chunk,4,4
420,12167,15917,16,0,0,layered_block,circular,per_chunk,4,4
421,12083,15958,16,0,0,layered_block,circular,per_chunk,4,4
422,12375,16250,16,0,0,layered_block,circular,per_chunk,4,4
423,12042,15917,16,0,0,layered_block,circular,per_chunk,4,4
424,12125,16084,16,0,0,layered_block,circular,per_chunk,4,4
425,12208,15958,16,0,0,layered_block,circular,per_chunk,4,4
426,12334,16209,16,0,0,layered_block,circular,per_chunk,4,4
427,12291,16208,16,0,0,layered_block,circular,per_chunk,4,4
428,12833,17000,16,0,0,layered_block,circular,per_chunk,4,4
429,12083,15958,16,0,0,layered_block,circular,per_chunk,4,4
430,12000,15875,16,0,0,layered_block,circular,per_chunk,4,4
431,12125,16000,16,0,0,layered_block,circular,per_chunk,4,4
432,12375,16250,16,0,0,layered_block,circular,per_chunk,4,4
433,11916,16000,16,0,0,layered_block,circular,per_chunk,4,4
434,12208,16042,16,0,0,layered_block,circular,per_chunk,4,4
435,12209,16041,16,0,0,layered_block,circular,per_chunk,4,4
436,12000,16083,16,0,0,layered_block,circular,per_chunk,4,4
437,12334,16167,16,0,0,layered_block,circular,per_chunk,4,4
438,12042,15916,16,0,0,layered_block,circular,per_chunk,4,4
439,11917,15917,16,0,0,layered_block,circular,per_chunk,4,4
440,12459,16500,16,0,0,layered_block,circular,per_chunk,4,4
441,12042,15916,16,0,0,layered_block,circular,per_chunk,4,4
442,12125,16042,16,0,0,layered_block,circular,per_chunk,4,4
443,12125,16000,16,0,0,layered_block,circular,per_chunk,4,4
444,12167,15959,16,0,0,layered_block,circular,per_chunk,4,4
445,12042,15958,16,0,0,layered_block,circular,per_chunk,4,4
446,12125,15917,16,0,0,layered_block,circular,per_chunk,4,4
447,12209,16084,16,0,0,layered_block,circular,per_chunk,4,4
448,12042,15917,16,0,0,layered_block,circular,per_chunk,4,4
449,12125,16000,16,0,0,layered_block,circular,per_chunk,4,4
450,12208,16083,16,0,0,layered_block,circular,per_chunk,4,4
451,12250,16083,16,0,0,layered_block,circular,per_chunk,4,4
452,12167,16000,16,0,0,layered_block,circular,per_chunk,4,4
453,12208,16083,16,0,0,layered_block,circular,per_chunk,4,4
454,12208,16000,16,0,0,layered_block,circular,per_chunk,4,4
455,12291,16250,16,0,0,layered_block,circular,per_chunk,4,4
456,12042,15958,16,0,0,layered_block,circular,per_chunk,4,4
457,12125,16000,16,0,0,layered_block,circular,per_chunk,4,4
458,12166,16000,16,0,0,layered_block,circular,per_chunk,4,4
459,12167,16125,16,0,0,layered_block,circular,per_chunk,4,4
460,12041,15958,16,0,0,layered_block,circular,per_chunk,4,4
461,12333,16166,16,0,0,layered_block,circular,per_chunk,4,4
462,12084,16000,16,0,0,layered_block,circular,per_chunk,4,4
463,12250,16084,16,0,0,layered_block,circular,per_chunk,4,4
464,12042,15833,16,0,0,layered_block,circular,per_chunk,4,4
465,12208,16125,16,0,0,layered_block,circular,per_chunk,4,4
466,12125,16000,16,0,0,layered_block,circular,per_chunk,4,4
467,12125,16000,16,0,0,layered_block,circular,per_chunk,4,4
468,12125,16000,16,0,0,layered_block,circular,per_chunk,4,4
469,12000,15958,16,0,0,layered_block,circular,per_chunk,4,4
470,12375,16125,16,0,0,layered_block,circular,per_chunk,4,4
471,12084,15916,16,0,0,layered_block,circular,per_chunk,4,4
472,12250,16083,16,0,0,layered_block,circular,per_chunk,4,4
473,12500,16375,16,0,0,layered_block,circular,per_chunk,4,4
474,12583,16333,16,0,0,layered_block,circular,per_chunk,4,4
475,12083,16208,16,0,0,layered_block,circular,per_chunk,4,4
476,12083,15959,16,0,0,layered_block,circular,per_chunk,4,4
477,12250,16167,16,0,0,layered_block,circular,per_chunk,4,4
478,12208,16042,16,0,0,layered_block,circular,per_chunk,4,4
479,12334,16125,16,0,0,layered_block,circular,per_chunk,4,4
480,12125,16000,16,0,0,layered_block,circular,per_chunk,4,4
481,12083,15917,16,0,0,layered_block,circular,per_chunk,4,4
482,12083,16000,16,0,0,layered_block,circular,per_chunk,4,4
483,12041,15917,16,0,0,layered_block,circular,per_chunk,4,4
484,12166,16041,16,0,0,layered_block,circular,per_chunk,4,4
485,12500,16375,16,0,0,layered_block,circular,per_chunk,4,4
486,19750,23666,16,0,0,layered_block,circular,per_chunk,4,4
487,12042,15875,16,0,0,layered_block,circular,per_chunk,4,4
488,12125,16041,16,0,0,layered_block,circular,per_chunk,4,4
489,12084,15958,16,0,0,layered_block,circular,per_chunk,4,4
490,12000,15958,16,0,0,layered_block,circular,per_chunk,4,4
491,12125,15916,16,0,0,layered_block,circular,per_chunk,4,4
492,12084,15958,16,0,0,layered_block,circular,per_chunk,4,4
493,12083,15958,16,0,0,layered_block,circular,per_chunk,4,4
494,12125,15958,16,0,0,layered_block,circular,per_chunk,4,4
495,12375,16292,16,0,0,layered_block,circular,per_chunk,4,4
496,12167,15958,16,0,0,layered_block,circular,per_chunk,4,4
497,12125,15958,16,0,0,layered_block,circular,per_chunk,4,4
498,12125,15916,16,0,0,layered_block,circular,per_chunk,4,4
499,12375,16208,16,0,0,layered_block,circular,per_chunk,4,4
500,12042,15916,16,0,0,layered_block,circular,per_chunk,4,4
501,12125,16000,16,0,0,layered_block,circular,per_chunk,4,4
502,12000,15916,16,0,0,layered_block,circular,per_chunk,4,4
503,12084,15917,16,0,0,layered_block,circular,per_chunk,4,4
504,12000,16166,16,0,0,layered_block,circular,per_chunk,4,4
505,12084,16000,16,0,0,layered_block,circular,per_chunk,4,4
506,12125,15959,16,0,0,layered_block,circular,per_chunk,4,4
507,12042,15959,16,0,0,layered_block,circular,per_chunk,4,4
508,12083,16042,16,0,0,layered_block,circular,per_chunk,4,4
509,12167,16000,16,0,0,layered_block,circular,per_chunk,4,4
510,12167,15958,16,0,0,layered_block,circular,per_chunk,4,4
511,69417,73542,16,0,0,layered_block,circular,per_chunk,4,4
512,12500,16708,16,0,0,layered_block,circular,per_chunk,4,4
513,12125,15958,16,0,0,layered_block,circular,per_chunk,4,4
514,12041,15958,16,0,0,layered_block,circular,per_chunk,4,4
515,12750,16875,16,0,0,layered_block,circular,per_chunk,4,4
516,12042,15958,16,0,0,layered_block,circular,per_chunk,4,4
517,12083,16000,16,0,0,layered_block,circular,per_chunk,4,4
518,12167,16000,16,0,0,layered_block,circular,per_chunk,4,4
519,12125,16000,16,0,0,layered_block,circular,per_chunk,4,4
520,12084,15958,16,0,0,layered_block,circular,per_chunk,4,4
521,12334,16167,16,0,0,layered_block,circular,per_chunk,4,4
522,12083,15916,16,0,0,layered_block,circular,per_chunk,4,4
523,12167,16000,16,0,0,layered_block,circular,per_chunk,4,4
524,12125,16000,16,0,0,layered_block,circular,per_chunk,4,4
525,12833,17208,16,0,0,layered_block,circular,per_chunk,4,4
526,12125,15959,16,0,0,layered_block,circular,per_chunk,4,4
527,12083,15958,16,0,0,layered_block,circular,per_chunk,4,4
528,17666,21708,16,0,0,layered_block,circular,per_chunk,4,4
529,12084,15958,16,0,0,layered_block,circular,per_chunk,4,4
530,12041,15916,16,0,0,layered_block,circular,per_chunk,4,4
531,12500,16458,16,0,0,layered_block,circular,per_chunk,4,4
532,11959,15958,16,0,0,layered_block,circular,per_chunk,4,4
533,12125,16000,16,0,0,layered_block,circular,per_chunk,4,4
534,12375,16334,16,0,0,layered_block,circular,per_chunk,4,4
535,12083,16000,16,0,0,layered_block,circular,per_chunk,4,4
536,12166,16042,16,0,0,layered_block,circular,per_chunk,4,4
537,12042,16125,16,0,0,layered_block,circular,per_chunk,4,4
538,12333,16250,16,0,0,layered_block,circular,per_chunk,4,4
539,12208,16000,16,0,0,layered_block,circular,per_chunk,4,4
540,12125,16000,16,0,0,layered_block,circular,per_chunk,4,4
541,12041,15958,16,0,0,layered_block,circular,per_chunk,4,4
542,12042,15959,16,0,0,layered_block,circular,per_chunk,4,4
543,11958,15917,16,0,0,layered_block,circular,per_chunk,4,4
544,12125,15958,16,0,0,layered_block,circular,per_chunk,4,4
545,12500,16708,16,0,0,layered_block,circular,per_chunk,4,4
546,12125,15959,16,0,0,layered_block,circular,per_chunk,4,4
547,11833,15917,16,0,0,layered_block,circular,per_chunk,4,4
548,12042,15959,16,0,0,layered_block,circular,per_chunk,4,4
549,12250,16125,16,0,0,layered_block,circular,per_chunk,4,4
550,12375,16250,16,0,0,layered_block,circular,per_chunk,4,4
551,12000,15958,16,0,0,layered_block,circular,per_chunk,4,4
552,12084,16000,16,0,0,layered_block,circular,per_chunk,4,4
553,12333,16167,16,0,0,layered_block,circular,per_chunk,4,4
554,12041,16000,16,0,0,layered_block,circular,per_chunk,4,4
555,12042,15959,16,0,0,layered_block,circular,per_chunk,4,4
556,12167,15958,16,0,0,layered_block,circular,per_chunk,4,4
557,12375,16167,16,0,0,layered_block,circular,per_chunk,4,4
558,20000,23833,16,0,0,layered_block,circular,per_chunk,4,4
559,12125,16041,16,0,0,layered_block,circular,per_chunk,4,4
560,12083,16083,16,0,0,layered_block,circular,per_chunk,4,4
561,12167,16042,16,0,0,layered_block,circular,per_chunk,4,4
562,12292,16250,16,0,0,layered_block,circular,per_chunk,4,4
563,12334,16250,16,0,0,layered_block,circular,per_chunk,4,4
564,12042,16000,16,0,0,layered_block,circular,per_chunk,4,4
565,12250,16000,16,0,0,layered_block,circular,per_chunk,4,4
566,12167,16041,16,0,0,layered_block,circular,per_chunk,4,4
567,12209,16166,16,0,0,layered_block,circular,per_chunk,4,4
568,12333,16125,16,0,0,layered_block,circular,per_chunk,4,4
569,12000,15958,16,0,0,layered_block,circular,per_chunk,4,4
570,12416,16375,16,0,0,layered_block,circular,per_chunk,4,4
571,12958,23834,16,0,0,layered_block,circular,per_chunk,4,4
572,12125,16000,16,0,0,layered_block,circular,per_chunk,4,4
573,12042,15916,16,0,0,layered_block,circular,per_chunk,4,4
574,12292,16209,16,0,0,layered_block,circular,per_chunk,4,4
575,12125,16041,16,0,0,layered_block,circular,per_chunk,4,4
576,11833,15958,16,0,0,layered_block,circular,per_chunk,4,4
577,12208,16167,16,0,0,layered_block,circular,per_chunk,4,4
578,12375,16292,16,0,0,layered_block,circular,per_chunk,4,4
579,12083,16000,16,0,0,layered_block,circular,per_chunk,4,4
580,12458,16292,16,0,0,layered_block,circular,per_chunk,4,4
581,12292,16125,16,0,0,layered_block,circular,per_chunk,4,4
582,12250,16250,16,0,0,layered_block,circular,per_chunk,4,4
583,12292,16208,16,0,0,layered_block,circular,per_chunk,4,4
584,12375,16166,16,0,0,layered_block,circular,per_chunk,4,4
585,12208,16042,16,0,0,layered_block,circular,per_chunk,4,4
586,12209,16083,16,0,0,layered_block,circular,per_chunk,4,4
587,12167,16042,16,0,0,layered_block,circular,per_chunk,4,4
588,12375,16250,16,0,0,layered_block,circular,per_chunk,4,4
589,12125,16083,16,0,0,layered_block,circular,per_chunk,4,4
590,12084,16000,16,0,0,layered_block,circular,per_chunk,4,4
591,12083,16042,16,0,0,layered_block,circular,per_chunk,4,4
592,11958,16125,16,0,0,layered_block,circular,per_chunk,4,4
593,12083,16000,16,0,0,layered_block,circular,per_chunk,4,4
594,12083,16000,16,0,0,layered_block,circular,per_chunk,4,4
595,12084,16041,16,0,0,layered_block,circular,per_chunk,4,4
596,12292,16125,16,0,0,layered_block,circular,per_chunk,4,4
597,12084,16041,16,0,0,layered_block,circular,per_chunk,4,4
598,12292,16250,16,0,0,layered_block,circular,per_chunk,4,4
599,19500,23417,16,0,0,layered_block,circular,per_chunk,4,4
600,12084,15959,16,0,0,layered_block,circular,per_chunk,4,4
601,12084,16041,16,0,0,layered_block,circular,per_chunk,4,4
602,12083,15959,16,0,0,layered_block,circular,per_chunk,4,4
603,12083,16000,16,0,0,layered_block,circular,per_chunk,4,4
604,12125,16041,16,0,0,layered_block,circular,per_chunk,4,4
605,12125,16000,16,0,0,layered_block,circular,per_chunk,4,4
606,12416,16292,16,0,0,layered_block,circular,per_chunk,4,4
607,12333,16208,16,0,0,layered_block,circular,per_chunk,4,4
608,12291,16167,16,0,0,layered_block,circular,per_chunk,4,4
609,12042,16000,16,0,0,layered_block,circular,per_chunk,4,4
610,12167,16000,16,0,0,layered_block,circular,per_chunk,4,4
611,12042,16042,16,0,0,layered_block,circular,per_chunk,4,4
612,12333,16167,16,0,0,layered_block,circular,per_chunk,4,4
613,12041,16000,16,0,0,layered_block,circular,per_chunk,4,4
614,12375,16208,16,0,0,layered_block,circular,per_chunk,4,4
615,12333,16292,16,0,0,layered_block,circular,per_chunk,4,4
616,12250,16125,16,0,0,layered_block,circular,per_chunk,4,4
617,12250,16167,16,0,0,layered_block,circular,per_chunk,4,4
618,12167,16042,16,0,0,layered_block,circular,per_chunk,4,4
619,12000,15917,16,0,0,layered_block,circular,per_chunk,4,4
620,12209,16041,16,0,0,layered_block,circular,per_chunk,4,4
621,12084,16000,16,0,0,layered_block,circular,per_chunk,4,4
622,12167,16084,16,0,0,layered_block,circular,per_chunk,4,4
623,12125,16042,16,0,0,layered_block,circular,per_chunk,4,4
624,12208,16084,16,0,0,layered_block,circular,per_chunk,4,4
625,12167,16083,16,0,0,layered_block,circular,per_chunk,4,4
626,12125,16041,16,0,0,layered_block,circular,per_chunk,4,4
627,12083,15959,16,0,0,layered_block,circular,per_chunk,4,4
628,12125,16084,16,0,0,layered_block,circular,per_chunk,4,4
629,12250,16375,16,0,0,layered_block,circular,per_chunk,4,4
630,11958,16000,16,0,0,layered_block,circular,per_chunk,4,4
631,12125,16042,16,0,0,layered_block,circular,per_chunk,4,4
632,17750,21791,16,0,0,layered_block,circular,per_chunk,4,4
633,12250,16208,16,0,0,layered_block,circular,per_chunk,4,4
634,12333,16292,16,0,0,layered_block,circular,per_chunk,4,4
635,12167,16000,16,0,0,layered_block,circular,per_chunk,4,4
636,12125,16000,16,0,0,layered_block,circular,per_chunk,4,4
637,12084,16041,16,0,0,layered_block,circular,per_chunk,4,4
638,12208,16042,16,0,0,layered_block,circular,per_chunk,4,4
639,12167,16125,16,0,0,layered_block,circular,per_chunk,4,4
640,12375,16250,16,0,0,layered_block,circular,per_chunk,4,4
641,12125,16084,16,0,0,layered_block,circular,per_chunk,4,4
642,19583,23500,16,0,0,layered_block,circular,per_chunk,4,4
643,12208,16000,16,0,0,layered_block,circular,per_chunk,4,4
644,11875,16042,16,0,0,layered_block,circular,per_chunk,4,4
645,12167,16042,16,0,0,layered_block,circular,per_chunk,4,4
646,12333,16167,16,0,0,layered_block,circular,per_chunk,4,4
647,12417,16625,16,0,0,layered_block,circular,per_chunk,4,4
648,12125,16083,16,0,0,layered_block,circular,per_chunk,4,4
649,11958,15958,16,0,0,layered_block,circular,per_chunk,4,4
650,12334,16209,16,0,0,layered_block,circular,per_chunk,4,4
651,12166,16125,16,0,0,layered_block,circular,per_chunk,4,4
652,19083,23000,16,0,0,layered_block,circular,per_chunk,4,4
653,12333,16250,16,0,0,layered_block,circular,per_chunk,4,4
654,12125,16042,16,0,0,layered_block,circular,per_chunk,4,4
655,12208,16042,16,0,0,layered_block,circular,per_chunk,4,4
656,12125,16083,16,0,0,layered_block,circular,per_chunk,4,4
657,12500,16667,16,0,0,layered_block,circular,per_chunk,4,4
658,12083,16000,16,0,0,layered_block,circular,per_chunk,4,4
659,12125,16083,16,0,0,layered_block,circular,per_chunk,4,4
660,12292,16125,16,0,0,layered_block,circular,per_chunk,4,4
661,12084,16041,16,0,0,layered_block,circular,per_chunk,4,4
662,12084,16041,16,0,0,layered_block,circular,per_chunk,4,4
663,12209,16041,16,0,0,layered_block,circular,per_chunk,4,4
664,12292,16125,16,0,0,layered_block,circular,per_chunk,4,4
665,12167,16084,16,0,0,layered_block,circular,per_chunk,4,4
666,12125,16041,16,0,0,layered_block,circular,per_chunk,4,4
667,12291,16208,16,0,0,layered_block,circular,per_chunk,4,4
668,12083,16000,16,0,0,layered_block,circular,per_chunk,4,4
669,12250,16083,16,0,0,layered_block,circular,per_chunk,4,4
670,12167,16000,16,0,0,layered_block,circular,per_chunk,4,4
671,12208,16083,16,0,0,layered_block,circular,per_chunk,4,4
672,12084,16000,16,0,0,layered_block,circular,per_chunk,4,4
673,12000,15917,16,0,0,layered_block,circular,per_chunk,4,4
674,12250,16042,16,0,0,layered_block,circular,per_chunk,4,4
675,12083,16000,16,0,0,layered_block,circular,per_chunk,4,4
676,12125,16000,16,0,0,layered_block,circular,per_chunk,4,4
677,12167,16083,16,0,0,layered_block,circular,per_chunk,4,4
678,12083,16000,16,0,0,layered_block,circular,per_chunk,4,4
679,12125,16041,16,0,0,layered_block,circular,per_chunk,4,4
680,12125,15917,16,0,0,layered_block,circular,per_chunk,4,4
681,12125,16042,16,0,0,layered_block,circular,per_chunk,4,4
682,12083,16042,16,0,0,layered_block,circular,per_chunk,4,4
683,12083,16000,16,0,0,layered_block,circular,per_chunk,4,4
684,12042,15959,16,0,0,layered_block,circular,per_chunk,4,4
685,12459,16333,16,0,0,layered_block,circular,per_chunk,4,4
686,12125,16000,16,0,0,layered_block,circular,per_chunk,4,4
687,12083,16042,16,0,0,layered_block,circular,per_chunk,4,4
688,12541,16417,16,0,0,layered_block,circular,per_chunk,4,4
689,12041,15958,16,0,0,layered_block,circular,per_chunk,4,4
690,11917,16041,16,0,0,layered_block,circular,per_chunk,4,4
691,12125,16000,16,0,0,layered_block,circular,per_chunk,4,4
692,12041,15958,16,0,0,layered_block,circular,per_chunk,4,4
693,12125,16041,16,0,0,layered_block,circular,per_chunk,4,4
694,12125,16083,16,0,0,layered_block,circular,per_chunk,4,4
695,12166,16042,16,0,0,layered_block,circular,per_chunk,4,4
696,19000,22875,16,0,0,layered_block,circular,per_chunk,4,4
697,19875,23834,16,0,0,layered_block,circular,per_chunk,4,4
698,12083,16000,16,0,0,layered_block,circular,per_chunk,4,4
699,12167,16041,16,0,0,layered_block,circular,per_chunk,4,4
700,20666,24583,16,0,0,layered_block,circular,per_chunk,4,4
701,12125,16000,16,0,0,layered_block,circular,per_chunk,4,4
702,12083,16042,16,0,0,layered_block,circular,per_chunk,4,4
703,12041,16042,16,0,0,layered_block,circular,per_chunk,4,4
704,12084,15959,16,0,0,layered_block,circular,per_chunk,4,4
705,12042,16000,16,0,0,layered_block,circular,per_chunk,4,4
706,12125,16000,16,0,0,layered_block,circular,per_chunk,4,4
707,12125,16083,16,0,0,layered_block,circular,per_chunk,4,4
708,12084,16000,16,0,0,layered_block,circular,per_chunk,4,4
709,12375,16208,16,0,0,layered_block,circular,per_chunk,4,4
710,12209,16041,16,0,0,layered_block,circular,per_chunk,4,4
711,12000,15917,16,0,0,layered_block,circular,per_chunk,4,4
712,12125,15958,16,0,0,layered_block,circular,per_chunk,4,4
713,12334,16208,16,0,0,layered_block,circular,per_chunk,4,4
714,12042,16000,16,0,0,layered_block,circular,per_chunk,4,4
715,12084,16000,16,0,0,layered_block,circular,per_chunk,4,4
716,12167,16083,16,0,0,layered_block,circular,per_chunk,4,4
717,12208,16167,16,0,0,layered_block,circular,per_chunk,4,4
718,12125,16042,16,0,0,layered_block,circular,per_chunk,4,4
719,12125,16041,16,0,0,layered_block,circular,per_chunk,4,4
720,12167,16084,16,0,0,layered_block,circular,per_chunk,4,4
721,12208,16125,16,0,0,layered_block,circular,per_chunk,4,4
722,12208,16083,16,0,0,layered_block,circular,per_chunk,4,4
723,12166,16042,16,0,0,layered_block,circular,per_chunk,4,4
724,12167,16000,16,0,0,layered_block,circular,per_chunk,4,4
725,12250,16084,16,0,0,layered_block,circular,per_chunk,4,4
726,12375,16208,16,0,0,layered_block,circular,per_chunk,4,4
727,12125,16000,16,0,0,layered_block,circular,per_chunk,4,4
728,12208,16083,16,0,0,layered_block,circular,per_chunk,4,4
729,12041,15917,16,0,0,layered_block,circular,per_chunk,4,4
730,12125,16000,16,0,0,layered_block,circular,per_chunk,4,4
731,11875,16000,16,0,0,layered_block,circular,per_chunk,4,4
732,12417,16250,16,0,0,layered_block,circular,per_chunk,4,4
733,12167,16125,16,0,0,layered_block,circular,per_chunk,4,4
734,12083,15958,16,0,0,layered_block,circular,per_chunk,4,4
735,12167,16042,16,0,0,layered_block,circular,per_chunk,4,4
736,12375,16167,16,0,0,layered_block,circular,per_chunk,4,4
737,12250,16167,16,0,0,layered_block,circular,per_chunk,4,4
738,12208,16042,16,0,0,layered_block,circular,per_chunk,4,4
739,11917,16000,16,0,0,layered_block,circular,per_chunk,4,4
740,12083,16000,16,0,0,layered_block,circular,per_chunk,4,4
741,12042,16000,16,0,0,layered_block,circular,per_chunk,4,4
742,12125,16000,16,0,0,layered_block,circular,per_chunk,4,4
743,12125,15959,16,0,0,layered_block,circular,per_chunk,4,4
744,12083,15959,16,0,0,layered_block,circular,per_chunk,4,4
745,12084,16041,16,0,0,layered_block,circular,per_chunk,4,4
746,12292,16250,16,0,0,layered_block,circular,per_chunk,4,4
747,12375,16250,16,0,0,layered_block,circular,per_chunk,4,4
748,12209,16084,16,0,0,layered_block,circular,per_chunk,4,4
749,12083,16000,16,0,0,layered_block,circular,per_chunk,4,4
750,12209,16083,16,0,0,layered_block,circular,per_chunk,4,4
751,12166,16083,16,0,0,layered_block,circular,per_chunk,4,4
752,12292,16125,16,0,0,layered_block,circular,per_chunk,4,4
753,12209,16125,16,0,0,layered_block,circular,per_chunk,4,4
754,12084,15958,16,0,0,layered_block,circular,per_chunk,4,4
755,12167,16125,16,0,0,layered_block,circular,per_chunk,4,4
756,12041,15958,16,0,0,layered_block,circular,per_chunk,4,4
757,12083,16000,16,0,0,layered_block,circular,per_chunk,4,4
758,12250,16167,16,0,0,layered_block,circular,per_chunk,4,4
759,12125,16084,16,0,0,layered_block,circular,per_chunk,4,4
760,12125,16000,16,0,0,layered_block,circular,per_chunk,4,4
761,12167,16000,16,0,0,layered_block,circular,per_chunk,4,4
762,12584,16791,16,0,0,layered_block,circular,per_chunk,4,4
763,12083,16000,16,0,0,layered_block,circular,per_chunk,4,4
764,12125,16041,16,0,0,layered_block,circular,per_chunk,4,4
765,12125,16083,16,0,0,layered_block,circular,per_chunk,4,4
766,12125,16000,16,0,0,layered_block,circular,per_chunk,4,4
767,12166,16042,16,0,0,layered_block,circular,per_chunk,4,4
768,12458,16500,16,0,0,layered_block,circular,per_chunk,4,4
769,12083,15959,16,0,0,layered_block,circular,per_chunk,4,4
770,12292,16125,16,0,0,layered_block,circular,per_chunk,4,4
771,12125,16041,16,0,0,layered_block,circular,per_chunk,4,4
772,12167,15959,16,0,0,layered_block,circular,per_chunk,4,4
773,12083,16000,16,0,0,layered_block,circular,per_chunk,4,4
774,12166,16083,16,0,0,layered_block,circular,per_chunk,4,4
775,12291,16250,16,0,0,layered_block,circular,per_chunk,4,4
776,12291,16166,16,0,0,layered_block,circular,per_chunk,4,4
777,12166,16042,16,0,0,layered_block,circular,per_chunk,4,4
778,12458,16292,16,0,0,layered_block,circular,per_chunk,4,4
779,12208,16042,16,0,0,layered_block,circular,per_chunk,4,4
780,12084,16000,16,0,0,layered_block,circular,per_chunk,4,4
781,12125,16000,16,0,0,layered_block,circular,per_chunk,4,4
782,12167,16041,16,0,0,layered_block,circular,per_chunk,4,4
783,12250,16167,16,0,0,layered_block,circular,per_chunk,4,4
784,12125,16000,16,0,0,layered_block,circular,per_chunk,4,4
785,12250,16125,16,0,0,layered_block,circular,per_chunk,4,4
786,12167,16000,16,0,0,layered_block,circular,per_chunk,4,4
787,12125,16041,16,0,0,layered_block,circular,per_chunk,4,4
788,12208,16083,16,0,0,layered_block,circular,per_chunk,4,4
789,12083,16000,16,0,0,layered_block,circular,per_chunk,4,4
790,11875,72334,16,0,0,layered_block,circular,per_chunk,4,4
791,12417,16583,16,0,0,layered_block,circular,per_chunk,4,4
792,12084,15958,16,0,0,layered_block,circular,per_chunk,4,4
793,12083,16000,16,0,0,layered_block,circular,per_chunk,4,4
794,12083,15959,16,0,0,layered_block,circular,per_chunk,4,4
795,12167,16000,16,0,0,layered_block,circular,per_chunk,4,4
796,12250,16125,16,0,0,layered_block,circular,per_chunk,4,4
797,12083,16084,16,0,0,layered_block,circular,per_chunk,4,4
798,12083,16084,16,0,0,layered_block,circular,per_chunk,4,4
799,12167,16042,16,0,0,layered_block,circular,per_chunk,4,4
800,12042,15917,16,0,0,layered_block,circular,per_chunk,4,4
801,12125,16042,16,0,0,layered_block,circular,per_chunk,4,4
802,12167,16041,16,0,0,layered_block,circular,per_chunk,4,4
803,12167,16000,16,0,0,layered_block,circular,per_chunk,4,4
804,12125,16041,16,0,0,layered_block,circular,per_chunk,4,4
805,12042,15959,16,0,0,layered_block,circular,per_chunk,4,4
806,12083,15958,16,0,0,layered_block,circular,per_chunk,4,4
807,12000,15958,16,0,0,layered_block,circular,per_chunk,4,4
808,12083,22125,16,0,0,layered_block,circular,per_chunk,4,4
809,12167,16042,16,0,0,layered_block,circular,per_chunk,4,4
810,12250,16167,16,0,0,layered_block,circular,per_chunk,4,4
811,12291,16167,16,0,0,layered_block,circular,per_chunk,4,4
812,12125,16000,16,0,0,layered_block,circular,per_chunk,4,4
813,11875,15958,16,0,0,layered_block,circular,per_chunk,4,4
814,12167,16042,16,0,0,layered_block,circular,per_chunk,4,4
815,12250,16125,16,0,0,layered_block,circular,per_chunk,4,4
816,12333,16209,16,0,0,layered_block,circular,per_chunk,4,4
817,12208,16042,16,0,0,layered_block,circular,per_chunk,4,4
818,12000,15958,16,0,0,layered_block,circular,per_chunk,4,4
819,12250,16125,16,0,0,layered_block,circular,per_chunk,4,4
820,12125,16042,16,0,0,layered_block,circular,per_chunk,4,4
821,12166,16000,16,0,0,layered_block,circular,per_chunk,4,4
822,12125,15959,16,0,0,layered_block,circular,per_chunk,4,4
823,12042,16000,16,0,0,layered_block,circular,per_chunk,4,4
824,12166,16042,16,0,0,layered_block,circular,per_chunk,4,4
825,12084,15958,16,0,0,layered_block,circular,per_chunk,4,4
826,12208,16125,16,0,0,layered_block,circular,per_chunk,4,4
827,12209,16083,16,0,0,layered_block,circular,per_chunk,4,4
828,12125,15959,16,0,0,layered_block,circular,per_chunk,4,4
829,12125,15958,16,0,0,layered_block,circular,per_chunk,4,4
830,12083,16000,16,0,0,layered_block,circular,per_chunk,4,4
831,12167,16083,16,0,0,layered_block,circular,per_chunk,4,4
832,12125,16042,16,0,0,layered_block,circular,per_chunk,4,4
833,12667,16875,16,0,0,layered_block,circular,per_chunk,4,4
834,12084,15917,16,0,0,layered_block,circular,per_chunk,4,4
835,12167,16125,16,0,0,layered_block,circular,per_chunk,4,4
836,12167,16083,16,0,0,layered_block,circular,per_chunk,4,4
837,12333,16250,16,0,0,layered_block,circular,per_chunk,4,4
838,11875,16000,16,0,0,layered_block,circular,per_chunk,4,4
839,12083,16000,16,0,0,layered_block,circular,per_chunk,4,4
840,12125,16041,16,0,0,layered_block,circular,per_chunk,4,4
841,12125,16042,16,0,0,layered_block,circular,per_chunk,4,4
842,12209,15959,16,0,0,layered_block,circular,per_chunk,4,4
843,12125,16041,16,0,0,layered_block,circular,per_chunk,4,4
844,12041,16042,16,0,0,layered_block,circular,per_chunk,4,4
845,12125,16000,16,0,0,layered_block,circular,per_chunk,4,4
846,12250,16209,16,0,0,layered_block,circular,per_chunk,4,4
847,12125,16041,16,0,0,layered_block,circular,per_chunk,4,4
848,12125,16000,16,0,0,layered_block,circular,per_chunk,4,4
849,12083,16084,16,0,0,layered_block,circular,per_chunk,4,4
850,12375,16250,16,0,0,layered_block,circular,per_chunk,4,4
851,12083,16000,16,0,0,layered_block,circular,per_chunk,4,4
852,12167,16000,16,0,0,layered_block,circular,per_chunk,4,4
853,12125,16083,16,0,0,layered_block,circular,per_chunk,4,4
854,12292,16209,16,0,0,layered_block,circular,per_chunk,4,4
855,12500,16375,16,0,0,layered_block,circular,per_chunk,4,4
856,12125,16041,16,0,0,layered_block,circular,per_chunk,4,4
857,18083,22000,16,0,0,layered_block,circular,per_chunk,4,4
858,12416,16375,16,0,0,layered_block,circular,per_chunk,4,4
859,12125,16042,16,0,0,layered_block,circular,per_chunk,4,4
860,12125,16000,16,0,0,layered_block,circular,per_chunk,4,4
861,12167,16000,16,0,0,layered_block,circular,per_chunk,4,4
862,12542,16417,16,0,0,layered_block,circular,per_chunk,4,4
863,12125,16000,16,0,0,layered_block,circular,per_chunk,4,4
864,12542,16333,16,0,0,layered_block,circular,per_chunk,4,4
865,11958,16125,16,0,0,layered_block,circular,per_chunk,4,4
866,12292,16083,16,0,0,layered_block,circular,per_chunk,4,4
867,12209,16041,16,0,0,layered_block,circular,per_chunk,4,4
868,12125,16042,16,0,0,layered_block,circular,per_chunk,4,4
869,12208,16083,16,0,0,layered_block,circular,per_chunk,4,4
870,12208,16083,16,0,0,layered_block,circular,per_chunk,4,4
871,12166,15958,16,0,0,layered_block,circular,per_chunk,4,4
872,12083,16000,16,0,0,layered_block,circular,per_chunk,4,4
873,12125,16083,16,0,0,layered_block,circular,per_chunk,4,4
874,12125,16041,16,0,0,layered_block,circular,per_chunk,4,4
875,12250,16042,16,0,0,layered_block,circular,per_chunk,4,4
876,12167,16000,16,0,0,layered_block,circular,per_chunk,4,4
877,12084,16041,16,0,0,layered_block,circular,per_chunk,4,4
878,12416,16250,16,0,0,layered_block,circular,per_chunk,4,4
879,12125,16000,16,0,0,layered_block,circular,per_chunk,4,4
880,12125,16041,16,0,0,layered_block,circular,per_chunk,4,4
881,12125,16042,16,0,0,layered_block,circular,per_chunk,4,4
882,12125,16084,16,0,0,layered_block,circular,per_chunk,4,4
883,12125,16125,16,0,0,layered_block,circular,per_chunk,4,4
884,12250,16125,16,0,0,layered_block,circular,per_chunk,4,4
885,12125,16000,16,0,0,layered_block,circular,per_chunk,4,4
886,12083,15959,16,0,0,layered_block,circular,per_chunk,4,4
887,12042,15959,16,0,0,layered_block,circular,per_chunk,4,4
888,12125,15958,16,0,0,layered_block,circular,per_chunk,4,4
889,12166,16083,16,0,0,layered_block,circular,per_chunk,4,4
890,12208,16125,16,0,0,layered_block,circular,per_chunk,4,4
891,12209,16125,16,0,0,layered_block,circular,per_chunk,4,4
892,12166,16083,16,0,0,layered_block,circular,per_chunk,4,4
893,12208,16083,16,0,0,layered_block,circular,per_chunk,4,4
894,12208,16000,16,0,0,layered_block,circular,per_chunk,4,4
895,12208,16083,16,0,0,layered_block,circular,per_chunk,4,4
896,12042,15958,16,0,0,layered_block,circular,per_chunk,4,4
897,12166,16000,16,0,0,layered_block,circular,per_chunk,4,4
898,12000,15959,16,0,0,layered_block,circular,per_chunk,4,4
899,12250,16166,16,0,0,layered_block,circular,per_chunk,4,4
900,12250,16125,16,0,0,layered_block,circular,per_chunk,4,4
901,12125,16000,16,0,0,layered_block,circular,per_chunk,4,4
902,12125,16000,16,0,0,layered_block,circular,per_chunk,4,4
903,12083,15958,16,0,0,layered_block,circular,per_chunk,4,4
904,11959,16083,16,0,0,layered_block,circular,per_chunk,4,4
905,12000,15917,16,0,0,layered_block,circular,per_chunk,4,4
906,12167,16000,16,0,0,layered_block,circular,per_chunk,4,4
907,12000,16042,16,0,0,layered_block,circular,per_chunk,4,4
908,12083,16000,16,0,0,layered_block,circular,per_chunk,4,4
909,12084,16041,16,0,0,layered_block,circular,per_chunk,4,4
910,11875,16000,16,0,0,layered_block,circular,per_chunk,4,4
911,12166,16041,16,0,0,layered_block,circular,per_chunk,4,4
912,12208,16042,16,0,0,layered_block,circular,per_chunk,4,4
913,12000,15958,16,0,0,layered_block,circular,per_chunk,4,4
914,12167,16000,16,0,0,layered_block,circular,per_chunk,4,4
915,12041,16083,16,0,0,layered_block,circular,per_chunk,4,4
916,12583,16833,16,0,0,layered_block,circular,per_chunk,4,4
917,12209,16000,16,0,0,layered_block,circular,per_chunk,4,4
918,12292,16167,16,0,0,layered_block,circular,per_chunk,4,4
919,12084,16000,16,0,0,layered_block,circular,per_chunk,4,4
920,12125,15958,16,0,0,layered_block,circular,per_chunk,4,4
921,12084,15959,16,0,0,layered_block,circular,per_chunk,4,4
922,12125,16042,16,0,0,layered_block,circular,per_chunk,4,4
923,12084,16000,16,0,0,layered_block,circular,per_chunk,4,4
924,12083,16084,16,0,0,layered_block,circular,per_chunk,4,4
925,12708,16917,16,0,0,layered_block,circular,per_chunk,4,4
926,12208,16083,16,0,0,layered_block,circular,per_chunk,4,4
927,12292,16167,16,0,0,layered_block,circular,per_chunk,4,4
928,12167,16042,16,0,0,layered_block,circular,per_chunk,4,4
929,12125,16042,16,0,0,layered_block,circular,per_chunk,4,4
930,12042,16000,16,0,0,layered_block,circular,per_chunk,4,4
931,20375,24250,16,0,0,layered_block,circular,per_chunk,4,4
932,12542,16459,16,0,0,layered_block,circular,per_chunk,4,4
933,12125,16084,16,0,0,layered_block,circular,per_chunk,4,4
934,12083,16000,16,0,0,layered_block,circular,per_chunk,4,4
935,12166,16041,16,0,0,layered_block,circular,per_chunk,4,4
936,12333,16292,16,0,0,layered_block,circular,per_chunk,4,4
937,12208,16042,16,0,0,layered_block,circular,per_chunk,4,4
938,12125,16042,16,0,0,layered_block,circular,per_chunk,4,4
939,12625,16500,16,0,0,layered_block,circular,per_chunk,4,4
940,12292,16209,16,0,0,layered_block,circular,per_chunk,4,4
941,12042,15959,16,0,0,layered_block,circular,per_chunk,4,4
942,12041,16083,16,0,0,layered_block,circular,per_chunk,4,4
943,12125,16000,16,0,0,layered_block,circular,per_chunk,4,4
944,12334,16250,16,0,0,layered_block,circular,per_chunk,4,4
945,12042,16000,16,0,0,layered_block,circular,per_chunk,4,4
946,12166,16042,16,0,0,layered_block,circular,per_chunk,4,4
947,12166,16042,16,0,0,layered_block,circular,per_chunk,4,4
948,12083,16042,16,0,0,layered_block,circular,per_chunk,4,4
949,12166,16000,16,0,0,layered_block,circular,per_chunk,4,4
950,12084,16000,16,0,0,layered_block,circular,per_chunk,4,4
951,12125,16000,16,0,0,layered_block,circular,per_chunk,4,4
952,12125,16000,16,0,0,layered_block,circular,per_chunk,4,4
953,12083,16000,16,0,0,layered_block,circular,per_chunk,4,4
954,12041,16083,16,0,0,layered_block,circular,per_chunk,4,4
955,12333,16209,16,0,0,layered_block,circular,per_chunk,4,4
956,12166,16000,16,0,0,layered_block,circular,per_chunk,4,4
957,12208,16042,16,0,0,layered_block,circular,per_chunk,4,4
958,20375,24417,16,0,0,layered_block,circular,per_chunk,4,4
959,12167,16083,16,0,0,layered_block,circular,per_chunk,4,4
960,12042,16000,16,0,0,layered_block,circular,per_chunk,4,4
961,12125,16042,16,0,0,layered_block,circular,per_chunk,4,4
962,12125,16042,16,0,0,layered_block,circular,per_chunk,4,4
963,12125,16208,16,0,0,layered_block,circular,per_chunk,4,4
964,12167,16125,16,0,0,layered_block,circular,per_chunk,4,4
965,12250,16083,16,0,0,layered_block,circular,per_chunk,4,4
966,12084,16041,16,0,0,layered_block,circular,per_chunk,4,4
967,12084,16041,16,0,0,layered_block,circular,per_chunk,4,4
968,12125,15958,16,0,0,layered_block,circular,per_chunk,4,4
969,12167,16125,16,0,0,layered_block,circular,per_chunk,4,4
970,12167,16041,16,0,0,layered_block,circular,per_chunk,4,4
971,12125,16000,16,0,0,layered_block,circular,per_chunk,4,4
972,12167,16041,16,0,0,layered_block,circular,per_chunk,4,4
973,12167,16084,16,0,0,layered_block,circular,per_chunk,4,4
974,12041,15917,16,0,0,layered_block,circular,per_chunk,4,4
975,12333,16208,16,0,0,layered_block,circular,per_chunk,4,4
976,12209,16166,16,0,0,layered_block,circular,per_chunk,4,4
977,12292,16209,16,0,0,layered_block,circular,per_chunk,4,4
978,12125,16000,16,0,0,layered_block,circular,per_chunk,4,4
979,12125,15958,16,0,0,layered_block,circular,per_chunk,4,4
980,12041,15958,16,0,0,layered_block,circular,per_chunk,4,4
981,12083,16000,16,0,0,layered_block,circular,per_chunk,4,4
982,12083,16000,16,0,0,layered_block,circular,per_chunk,4,4
983,19833,23750,16,0,0,layered_block,circular,per_chunk,4,4
984,12375,16209,16,0,0,layered_block,circular,per_chunk,4,4
985,12084,16041,16,0,0,layered_block,circular,per_chunk,4,4
986,20250,24166,16,0,0,layered_block,circular,per_chunk,4,4
987,12250,16167,16,0,0,layered_block,circular,per_chunk,4,4
988,12000,16041,16,0,0,layered_block,circular,per_chunk,4,4
989,12167,16084,16,0,0,layered_block,circular,per_chunk,4,4
990,12125,15959,16,0,0,layered_block,circular,per_chunk,4,4
991,12125,16000,16,0,0,layered_block,circular,per_chunk,4,4
992,12208,16083,16,0,0,layered_block,circular,per_chunk,4,4
993,12250,16083,16,0,0,layered_block,circular,per_chunk,4,4
994,12042,16042,16,0,0,layered_block,circular,per_chunk,4,4
995,12333,16208,16,0,0,layered_block,circular,per_chunk,4,4
996,12334,16208,16,0,0,layered_block,circular,per_chunk,4,4
997,12375,16292,16,0,0,layered_block,circular,per_chunk,4,4
998,11833,16000,16,0,0,layered_block,circular,per_chunk,4,4
999,12042,16000,16,0,0,layered_block,circular,per_chunk,4,4
1000,12125,16041,16,0,0,layered_block,circular,per_chunk,4,4
1001,12125,16041,16,0,0,layered_block,circular,per_chunk,4,4
1002,12125,16042,16,0,0,layered_block,circular,per_chunk,4,4
1003,12083,16000,16,0,0,layered_block,circular,per_chunk,4,4
1004,12041,15958,16,0,0,layered_block,circular,per_chunk,4,4
1005,12125,16000,16,0,0,layered_block,circular,per_chunk,4,4
1006,12167,16000,16,0,0,layered_block,circular,per_chunk,4,4
1007,12083,15958,16,0,0,layered_block,circular,per_chunk,4,4
1008,12083,15958,16,0,0,layered_block,circular,per_chunk,4,4
1009,12500,16417,16,0,0,layered_block,circular,per_chunk,4,4
1010,12042,16000,16,0,0,layered_block,circular,per_chunk,4,4
1011,12375,16250,16,0,0,layered_block,circular,per_chunk,4,4
1012,12167,16083,16,0,0,layered_block,circular,per_chunk,4,4
1013,12125,16042,16,0,0,layered_block,circular,per_chunk,4,4
1014,12083,16000,16,0,0,layered_block,circular,per_chunk,4,4
1015,12125,16000,16,0,0,layered_block,circular,per_chunk,4,4
1016,12250,16083,16,0,0,layered_block,circular,per_chunk,4,4
1017,12125,16083,16,0,0,layered_block,circular,per_chunk,4,4
1018,12250,16084,16,0,0,layered_block,circular,per_chunk,4,4
1019,12041,15958,16,0,0,layered_block,circular,per_chunk,4,4
1020,12083,15958,16,0,0,layered_block,circular,per_chunk,4,4
1021,12250,16125,16,0,0,layered_block,circular,per_chunk,4,4
1022,18541,22417,16,0,0,layered_block,circular,per_chunk,4,4
1023,12375,16167,16,0,0,layered_block,circular,per_chunk,4,4
1024,12250,16125,16,0,0,layered_block,circular,per_chunk,4,4
1025,12250,16167,16,0,0,layered_block,circular,per_chunk,4,4
1026,12208,16084,16,0,0,layered_block,circular,per_chunk,4,4
1027,12292,16208,16,0,0,layered_block,circular,per_chunk,4,4
1028,12167,16000,16,0,0,layered_block,circular,per_chunk,4,4
1029,12083,16000,16,0,0,layered_block,circular,per_chunk,4,4
1030,12083,16042,16,0,0,layered_block,circular,per_chunk,4,4
1031,12209,16042,16,0,0,layered_block,circular,per_chunk,4,4
1032,12166,16083,16,0,0,layered_block,circular,per_chunk,4,4
1033,12125,16042,16,0,0,layered_block,circular,per_chunk,4,4
1034,12042,15917,16,0,0,layered_block,circular,per_chunk,4,4
1035,12167,16084,16,0,0,layered_block,circular,per_chunk,4,4
1036,12167,16042,16,0,0,layered_block,circular,per_chunk,4,4
1037,12166,15958,16,0,0,layered_block,circular,per_chunk,4,4
1038,12125,16000,16,0,0,layered_block,circular,per_chunk,4,4
1039,12042,15958,16,0,0,layered_block,circular,per_chunk,4,4
1040,12167,16125,16,0,0,layered_block,circular,per_chunk,4,4
1041,12125,16041,16,0,0,layered_block,circular,per_chunk,4,4
1042,12125,16125,16,0,0,layered_block,circular,per_chunk,4,4
1043,12083,16125,16,0,0,layered_block,circular,per_chunk,4,4
1044,12209,16083,16,0,0,layered_block,circular,per_chunk,4,4
1045,12083,16000,16,0,0,layered_block,circular,per_chunk,4,4
1046,12042,15959,16,0,0,layered_block,circular,per_chunk,4,4
1047,12042,16000,16,0,0,layered_block,circular,per_chunk,4,4
1048,12084,16041,16,0,0,layered_block,circular,per_chunk,4,4
1049,12166,15958,16,0,0,layered_block,circular,per_chunk,4,4
1050,12125,16084,16,0,0,layered_block,circular,per_chunk,4,4
1051,12125,16084,16,0,0,layered_block,circular,per_chunk,4,4
1052,12084,15958,16,0,0,layered_block,circular,per_chunk,4,4
1053,12000,15916,16,0,0,layered_block,circular,per_chunk,4,4
1054,12083,16042,16,0,0,layered_block,circular,per_chunk,4,4
1055,12209,16041,16,0,0,layered_block,circular,per_chunk,4,4
1056,72791,77083,16,0,0,layered_block,circular,per_chunk,4,4
1057,12083,16000,16,0,0,layered_block,circular,per_chunk,4,4
1058,12416,16208,16,0,0,layered_block,circular,per_chunk,4,4
1059,12208,16125,16,0,0,layered_block,circular,per_chunk,4,4
1060,12083,21834,16,0,0,layered_block,circular,per_chunk,4,4
1061,12250,16167,16,0,0,layered_block,circular,per_chunk,4,4
1062,12291,16208,16,0,0,layered_block,circular,per_chunk,4,4
1063,12250,16125,16,0,0,layered_block,circular,per_chunk,4,4
1064,12125,15958,16,0,0,layered_block,circular,per_chunk,4,4
1065,12083,16000,16,0,0,layered_block,circular,per_chunk,4,4
1066,12084,16000,16,0,0,layered_block,circular,per_chunk,4,4
1067,12125,16041,16,0,0,layered_block,circular,per_chunk,4,4
1068,12209,16084,16,0,0,layered_block,circular,per_chunk,4,4
1069,12042,16000,16,0,0,layered_block,circular,per_chunk,4,4
1070,12125,15959,16,0,0,layered_block,circular,per_chunk,4,4
1071,12208,16125,16,0,0,layered_block,circular,per_chunk,4,4
1072,12042,15917,16,0,0,layered_block,circular,per_chunk,4,4
1073,12125,16042,16,0,0,layered_block,circular,per_chunk,4,4
1074,12167,16083,16,0,0,layered_block,circular,per_chunk,4,4
1075,12292,16209,16,0,0,layered_block,circular,per_chunk,4,4
1076,12125,16041,16,0,0,layered_block,circular,per_chunk,4,4
1077,12208,16084,16,0,0,layered_block,circular,per_chunk,4,4
1078,12042,15958,16,0,0,layered_block,circular,per_chunk,4,4
1079,12083,16000,16,0,0,layered_block,circular,per_chunk,4,4
1080,12125,16041,16,0,0,layered_block,circular,per_chunk,4,4
1081,12125,16000,16,0,0,layered_block,circular,per_chunk,4,4
1082,12209,16166,16,0,0,layered_block,circular,per_chunk,4,4
1083,12291,16250,16,0,0,layered_block,circular,per_chunk,4,4
1084,12167,16042,16,0,0,layered_block,circular,per_chunk,4,4
1085,12000,15959,16,0,0,layered_block,circular,per_chunk,4,4
1086,12500,16375,16,0,0,layered_block,circular,per_chunk,4,4
1087,12500,16375,16,0,0,layered_block,circular,per_chunk,4,4
1088,12458,16375,16,0,0,layered_block,circular,per_chunk,4,4
1089,12375,16250,16,0,0,layered_block,circular,per_chunk,4,4
1090,12208,16084,16,0,0,layered_block,circular,per_chunk,4,4
1091,12083,15959,16,0,0,layered_block,circular,per_chunk,4,4
1092,12375,16292,16,0,0,layered_block,circular,per_chunk,4,4
1093,12416,16333,16,0,0,layered_block,circular,per_chunk,4,4
1094,12334,16250,16,0,0,layered_block,circular,per_chunk,4,4
1095,12166,16000,16,0,0,layered_block,circular,per_chunk,4,4
1096,12333,16375,16,0,0,layered_block,circular,per_chunk,4,4
1097,12250,16166,16,0,0,layered_block,circular,per_chunk,4,4
1098,12125,16042,16,0,0,layered_block,circular,per_chunk,4,4
1099,12125,16041,16,0,0,layered_block,circular,per_chunk,4,4
1100,12208,16125,16,0,0,layered_block,circular,per_chunk,4,4
1101,12000,15958,16,0,0,layered_block,circular,per_chunk,4,4
1102,12083,15958,16,0,0,layered_block,circular,per_chunk,4,4
1103,12125,16041,16,0,0,layered_block,circular,per_chunk,4,4
1104,12083,16000,16,0,0,layered_block,circular,per_chunk,4,4
1105,12250,16084,16,0,0,layered_block,circular,per_chunk,4,4
1106,12292,16208,16,0,0,layered_block,circular,per_chunk,4,4
1107,12167,16083,16,0,0,layered_block,circular,per_chunk,4,4
1108,12291,16208,16,0,0,layered_block,circular,per_chunk,4,4
1109,12334,16166,16,0,0,layered_block,circular,per_chunk,4,4
1110,12500,16875,16,0,0,layered_block,circular,per_chunk,4,4
1111,12084,15958,16,0,0,layered_block,circular,per_chunk,4,4
1112,12167,16084,16,0,0,layered_block,circular,per_chunk,4,4
1113,12042,16000,16,0,0,layered_block,circular,per_chunk,4,4
1114,12125,16042,16,0,0,layered_block,circular,per_chunk,4,4
1115,12209,16083,16,0,0,layered_block,circular,per_chunk,4,4
1116,12417,16292,16,0,0,layered_block,circular,per_chunk,4,4
1117,12250,16083,16,0,0,layered_block,circular,per_chunk,4,4
1118,12209,16125,16,0,0,layered_block,circular,per_chunk,4,4
1119,19167,23084,16,0,0,layered_block,circular,per_chunk,4,4
1120,12125,16042,16,0,0,layered_block,circular,per_chunk,4,4
1121,12167,16083,16,0,0,layered_block,circular,per_chunk,4,4
1122,12125,16042,16,0,0,layered_block,circular,per_chunk,4,4
1123,12042,15916,16,0,0,layered_block,circular,per_chunk,4,4
1124,12167,16209,16,0,0,layered_block,circular,per_chunk,4,4
1125,12125,16042,16,0,0,layered_block,circular,per_chunk,4,4
1126,12167,16000,16,0,0,layered_block,circular,per_chunk,4,4
1127,12042,15959,16,0,0,layered_block,circular,per_chunk,4,4
1128,12042,16000,16,0,0,layered_block,circular,per_chunk,4,4
1129,12084,16000,16,0,0,layered_block,circular,per_chunk,4,4
1130,12125,16125,16,0,0,layered_block,circular,per_chunk,4,4
1131,12208,16042,16,0,0,layered_block,circular,per_chunk,4,4
1132,12209,16041,16,0,0,layered_block,circular,per_chunk,4,4
1133,12167,16042,16,0,0,layered_block,circular,per_chunk,4,4
1134,12209,16041,16,0,0,layered_block,circular,per_chunk,4,4
1135,12125,16083,16,0,0,layered_block,circular,per_chunk,4,4
1136,12291,16208,16,0,0,layered_block,circular,per_chunk,4,4
1137,12125,16041,16,0,0,layered_block,circular,per_chunk,4,4
1138,12125,16000,16,0,0,layered_block,circular,per_chunk,4,4
1139,12250,16125,16,0,0,layered_block,circular,per_chunk,4,4
1140,12167,16125,16,0,0,layered_block,circular,per_chunk,4,4
1141,12000,16042,16,0,0,layered_block,circular,per_chunk,4,4
1142,12084,15917,16,0,0,layered_block,circular,per_chunk,4,4
1143,12083,15958,16,0,0,layered_block,circular,per_chunk,4,4
1144,12041,16000,16,0,0,layered_block,circular,per_chunk,4,4
1145,12125,16041,16,0,0,layered_block,circular,per_chunk,4,4
1146,12084,15958,16,0,0,layered_block,circular,per_chunk,4,4
1147,12000,15958,16,0,0,layered_block,circular,per_chunk,4,4
1148,12250,16041,16,0,0,layered_block,circular,per_chunk,4,4
1149,12292,16250,16,0,0,layered_block,circular,per_chunk,4,4
1150,12084,16000,16,0,0,layered_block,circular,per_chunk,4,4
1151,12167,16042,16,0,0,layered_block,circular,per_chunk,4,4
1152,12208,16042,16,0,0,layered_block,circular,per_chunk,4,4
1153,12209,16083,16,0,0,layered_block,circular,per_chunk,4,4
1154,12125,16000,16,0,0,layered_block,circular,per_chunk,4,4
1155,12125,16041,16,0,0,layered_block,circular,per_chunk,4,4
1156,12208,16125,16,0,0,layered_block,circular,per_chunk,4,4
1157,12208,16000,16,0,0,layered_block,circular,per_chunk,4,4
1158,12208,16084,16,0,0,layered_block,circular,per_chunk,4,4
1159,12084,15958,16,0,0,layered_block,circular,per_chunk,4,4
1160,12167,16000,16,0,0,layered_block,circular,per_chunk,4,4
1161,12000,16000,16,0,0,layered_block,circular,per_chunk,4,4
1162,12209,16041,16,0,0,layered_block,circular,per_chunk,4,4
1163,12167,16041,16,0,0,layered_block,circular,per_chunk,4,4
1164,12041,16042,16,0,0,layered_block,circular,per_chunk,4,4
1165,12125,15958,16,0,0,layered_block,circular,per_chunk,4,4
1166,12042,15959,16,0,0,layered_block,circular,per_chunk,4,4
1167,12625,16958,16,0,0,layered_block,circular,per_chunk,4,4
1168,12125,16042,16,0,0,layered_block,circular,per_chunk,4,4
1169,12083,16000,16,0,0,layered_block,circular,per_chunk,4,4
1170,12167,16041,16,0,0,layered_block,circular,per_chunk,4,4
1171,12209,16041,16,0,0,layered_block,circular,per_chunk,4,4
1172,12208,16083,16,0,0,layered_block,circular,per_chunk,4,4
1173,12083,16000,16,0,0,layered_block,circular,per_chunk,4,4
1174,12084,16000,16,0,0,layered_block,circular,per_chunk,4,4
1175,12041,15958,16,0,0,layered_block,circular,per_chunk,4,4
1176,13291,17209,16,0,0,layered_block,circular,per_chunk,4,4
1177,12084,16000,16,0,0,layered_block,circular,per_chunk,4,4
1178,12125,16000,16,0,0,layered_block,circular,per_chunk,4,4
1179,12042,15917,16,0,0,layered_block,circular,per_chunk,4,4
1180,45667,50250,16,0,0,layered_block,circular,per_chunk,4,4
1181,12334,16208,16,0,0,layered_block,circular,per_chunk,4,4
1182,12167,16000,16,0,0,layered_block,circular,per_chunk,4,4
1183,12041,15958,16,0,0,layered_block,circular,per_chunk,4,4
1184,12208,16084,16,0,0,layered_block,circular,per_chunk,4,4
1185,12083,16000,16,0,0,layered_block,circular,per_chunk,4,4
1186,12125,16000,16,0,0,layered_block,circular,per_chunk,4,4
1187,12375,16292,16,0,0,layered_block,circular,per_chunk,4,4
1188,12084,16000,16,0,0,layered_block,circular,per_chunk,4,4
1189,12125,16000,16,0,0,layered_block,circular,per_chunk,4,4
1190,12333,16250,16,0,0,layered_block,circular,per_chunk,4,4
1191,12125,16041,16,0,0,layered_block,circular,per_chunk,4,4
1192,12042,16000,16,0,0,layered_block,circular,per_chunk,4,4
1193,12083,16000,16,0,0,layered_block,circular,per_chunk,4,4
1194,12167,16000,16,0,0,layered_block,circular,per_chunk,4,4
1195,12167,16042,16,0,0,layered_block,circular,per_chunk,4,4
1196,12125,16000,16,0,0,layered_block,circular,per_chunk,4,4
1197,12125,16041,16,0,0,layered_block,circular,per_chunk,4,4
1198,12250,16208,16,0,0,layered_block,circular,per_chunk,4,4
1199,12167,16084,16,0,0,layered_block,circular,per_chunk,4,4
1200,12167,16000,16,0,0,layered_block,circular,per_chunk,4,4
1201,12125,16041,16,0,0,layered_block,circular,per_chunk,4,4
1202,12333,16250,16,0,0,layered_block,circular,per_chunk,4,4
1203,12084,16000,16,0,0,layered_block,circular,per_chunk,4,4
1204,12250,16166,16,0,0,layered_block,circular,per_chunk,4,4
1205,12000,15917,16,0,0,layered_block,circular,per_chunk,4,4
1206,12042,15959,16,0,0,layered_block,circular,per_chunk,4,4
1207,12083,16084,16,0,0,layered_block,circular,per_chunk,4,4
1208,12167,16000,16,0,0,layered_block,circular,per_chunk,4,4
1209,12042,15958,16,0,0,layered_block,circular,per_chunk,4,4
1210,12125,16000,16,0,0,layered_block,circular,per_chunk,4,4
1211,12417,16292,16,0,0,layered_block,circular,per_chunk,4,4
1212,12041,15958,16,0,0,layered_block,circular,per_chunk,4,4
1213,12583,23250,16,0,0,layered_block,circular,per_chunk,4,4
1214,12083,15958,16,0,0,layered_block,circular,per_chunk,4,4
1215,12167,16083,16,0,0,layered_block,circular,per_chunk,4,4
1216,75625,79709,16,0,0,layered_block,circular,per_chunk,4,4
1217,12167,16041,16,0,0,layered_block,circular,per_chunk,4,4
1218,12083,16042,16,0,0,layered_block,circular,per_chunk,4,4
1219,12125,16042,16,0,0,layered_block,circular,per_chunk,4,4
1220,12084,16000,16,0,0,layered_block,circular,per_chunk,4,4
1221,12292,16250,16,0,0,layered_block,circular,per_chunk,4,4
1222,12167,16042,16,0,0,layered_block,circular,per_chunk,4,4
1223,12083,16042,16,0,0,layered_block,circular,per_chunk,4,4
1224,12375,16291,16,0,0,layered_block,circular,per_chunk,4,4
1225,12166,16000,16,0,0,layered_block,circular,per_chunk,4,4
1226,12125,16042,16,0,0,layered_block,circular,per_chunk,4,4
1227,12000,15875,16,0,0,layered_block,circular,per_chunk,4,4
1228,12167,16084,16,0,0,layered_block,circular,per_chunk,4,4
1229,12167,16041,16,0,0,layered_block,circular,per_chunk,4,4
1230,12208,16042,16,0,0,layered_block,circular,per_chunk,4,4
1231,12166,16083,16,0,0,layered_block,circular,per_chunk,4,4
1232,11875,16083,16,0,0,layered_block,circular,per_chunk,4,4
1233,12125,16042,16,0,0,layered_block,circular,per_chunk,4,4
1234,12125,16000,16,0,0,layered_block,circular,per_chunk,4,4
1235,12208,16167,16,0,0,layered_block,circular,per_chunk,4,4
1236,12167,16041,16,0,0,layered_block,circular,per_chunk,4,4
1237,12167,16084,16,0,0,layered_block,circular,per_chunk,4,4
1238,12084,16041,16,0,0,layered_block,circular,per_chunk,4,4
1239,12166,16000,16,0,0,layered_block,circular,per_chunk,4,4
1240,12042,16167,16,0,0,layered_block,circular,per_chunk,4,4
1241,12084,16000,16,0,0,layered_block,circular,per_chunk,4,4
1242,12333,16250,16,0,0,layered_block,circular,per_chunk,4,4
1243,12333,16208,16,0,0,layered_block,circular,per_chunk,4,4
1244,12209,16083,16,0,0,layered_block,circular,per_chunk,4,4
1245,12208,16042,16,0,0,layered_block,circular,per_chunk,4,4
1246,12041,16083,16,0,0,layered_block,circular,per_chunk,4,4
1247,12292,16208,16,0,0,layered_block,circular,per_chunk,4,4
1248,12208,16042,16,0,0,layered_block,circular,per_chunk,4,4
1249,12167,16041,16,0,0,layered_block,circular,per_chunk,4,4
1250,12167,16083,16,0,0,layered_block,circular,per_chunk,4,4
1251,12125,15958,16,0,0,layered_block,circular,per_chunk,4,4
1252,12084,15958,16,0,0,layered_block,circular,per_chunk,4,4
1253,12042,15959,16,0,0,layered_block,circular,per_chunk,4,4
1254,12000,16000,16,0,0,layered_block,circular,per_chunk,4,4
1255,12583,16833,16,0,0,layered_block,circular,per_chunk,4,4
1256,12125,16042,16,0,0,layered_block,circular,per_chunk,4,4
1257,12292,16166,16,0,0,layered_block,circular,per_chunk,4,4
1258,12209,16125,16,0,0,layered_block,circular,per_chunk,4,4
1259,12208,16083,16,0,0,layered_block,circular,per_chunk,4,4
1260,12042,15959,16,0,0,layered_block,circular,per_chunk,4,4
1261,12125,16000,16,0,0,layered_block,circular,per_chunk,4,4
1262,12250,16166,16,0,0,layered_block,circular,per_chunk,4,4
1263,12250,16083,16,0,0,layered_block,circular,per_chunk,4,4
1264,12125,16042,16,0,0,layered_block,circular,per_chunk,4,4
1265,12125,15958,16,0,0,layered_block,circular,per_chunk,4,4
1266,11833,15959,16,0,0,layered_block,circular,per_chunk,4,4
1267,12041,15958,16,0,0,layered_block,circular,per_chunk,4,4
1268,12083,15959,16,0,0,layered_block,circular,per_chunk,4,4
1269,12208,16084,16,0,0,layered_block,circular,per_chunk,4,4
1270,12583,16459,16,0,0,layered_block,circular,per_chunk,4,4
1271,12167,16000,16,0,0,layered_block,circular,per_chunk,4,4
1272,12250,16250,16,0,0,layered_block,circular,per_chunk,4,4
1273,12500,16500,16,0,0,layered_block,circular,per_chunk,4,4
1274,12166,16000,16,0,0,layered_block,circular,per_chunk,4,4
1275,12125,16083,16,0,0,layered_block,circular,per_chunk,4,4
1276,19875,23833,16,0,0,layered_block,circular,per_chunk,4,4
1277,12166,16083,16,0,0,layered_block,circular,per_chunk,4,4
1278,12084,16000,16,0,0,layered_block,circular,per_chunk,4,4
1279,12250,16083,16,0,0,layered_block,circular,per_chunk,4,4
1280,12208,16125,16,0,0,layered_block,circular,per_chunk,4,4
1281,12625,16458,16,0,0,layered_block,circular,per_chunk,4,4
1282,12167,16291,16,0,0,layered_block,circular,per_chunk,4,4
1283,12208,16084,16,0,0,layered_block,circular,per_chunk,4,4
1284,12125,16042,16,0,0,layered_block,circular,per_chunk,4,4
1285,12458,16334,16,0,0,layered_block,circular,per_chunk,4,4
1286,12333,16209,16,0,0,layered_block,circular,per_chunk,4,4
1287,12292,16208,16,0,0,layered_block,circular,per_chunk,4,4
1288,12417,16250,16,0,0,layered_block,circular,per_chunk,4,4
1289,12500,16334,16,0,0,layered_block,circular,per_chunk,4,4
1290,12375,16292,16,0,0,layered_block,circular,per_chunk,4,4
1291,12375,16292,16,0,0,layered_block,circular,per_chunk,4,4
1292,12083,16000,16,0,0,layered_block,circular,per_chunk,4,4
1293,12125,16042,16,0,0,layered_block,circular,per_chunk,4,4
1294,12125,16042,16,0,0,layered_block,circular,per_chunk,4,4
1295,12292,16250,16,0,0,layered_block,circular,per_chunk,4,4
1296,12208,16042,16,0,0,layered_block,circular,per_chunk,4,4
1297,12292,16166,16,0,0,layered_block,circular,per_chunk,4,4
1298,12542,16417,16,0,0,layered_block,circular,per_chunk,4,4
1299,12167,16166,16,0,0,layered_block,circular,per_chunk,4,4
1300,12042,15959,16,0,0,layered_block,circular,per_chunk,4,4
1301,12459,16291,16,0,0,layered_block,circular,per_chunk,4,4
1302,14958,19083,16,0,0,layered_block,circular,per_chunk,4,4
1303,12334,16333,16,0,0,layered_block,circular,per_chunk,4,4
1304,12125,16000,16,0,0,layered_block,circular,per_chunk,4,4
1305,12334,16250,16,0,0,layered_block,circular,per_chunk,4,4
1306,12917,17250,16,0,0,layered_block,circular,per_chunk,4,4
1307,12166,16042,16,0,0,layered_block,circular,per_chunk,4,4
1308,11875,16000,16,0,0,layered_block,circular,per_chunk,4,4
1309,12125,16000,16,0,0,layered_block,circular,per_chunk,4,4
1310,12166,16041,16,0,0,layered_block,circular,per_chunk,4,4
1311,12583,16417,16,0,0,layered_block,circular,per_chunk,4,4
1312,12084,16000,16,0,0,layered_block,circular,per_chunk,4,4
1313,12084,16000,16,0,0,layered_block,circular,per_chunk,4,4
1314,12291,16167,16,0,0,layered_block,circular,per_chunk,4,4
1315,12042,16000,16,0,0,layered_block,circular,per_chunk,4,4
1316,12333,22750,16,0,0,layered_block,circular,per_chunk,4,4
1317,12125,16041,16,0,0,layered_block,circular,per_chunk,4,4
1318,12209,16041,16,0,0,layered_block,circular,per_chunk,4,4
1319,12250,16084,16,0,0,layered_block,circular,per_chunk,4,4
1320,12167,15958,16,0,0,layered_block,circular,per_chunk,4,4
1321,12083,16000,16,0,0,layered_block,circular,per_chunk,4,4
1322,12334,16208,16,0,0,layered_block,circular,per_chunk,4,4
1323,12334,16250,16,0,0,layered_block,circular,per_chunk,4,4
1324,12125,16000,16,0,0,layered_block,circular,per_chunk,4,4
1325,12083,16042,16,0,0,layered_block,circular,per_chunk,4,4
1326,12042,15958,16,0,0,layered_block,circular,per_chunk,4,4
1327,12417,16334,16,0,0,layered_block,circular,per_chunk,4,4
1328,12166,16042,16,0,0,layered_block,circular,per_chunk,4,4
1329,12625,16500,16,0,0,layered_block,circular,per_chunk,4,4
1330,12209,16041,16,0,0,layered_block,circular,per_chunk,4,4
1331,12125,16041,16,0,0,layered_block,circular,per_chunk,4,4
1332,12500,16583,16,0,0,layered_block,circular,per_chunk,4,4
1333,12166,16000,16,0,0,layered_block,circular,per_chunk,4,4
1334,12167,16083,16,0,0,layered_block,circular,per_chunk,4,4
1335,12083,16000,16,0,0,layered_block,circular,per_chunk,4,4
1336,12083,16000,16,0,0,layered_block,circular,per_chunk,4,4
1337,12083,16000,16,0,0,layered_block,circular,per_chunk,4,4
1338,12125,15958,16,0,0,layered_block,circular,per_chunk,4,4
1339,12125,16000,16,0,0,layered_block,circular,per_chunk,4,4
1340,12125,16000,16,0,0,layered_block,circular,per_chunk,4,4
1341,12167,16083,16,0,0,layered_block,circular,per_chunk,4,4
1342,12125,16042,16,0,0,layered_block,circular,per_chunk,4,4
1343,12125,16125,16,0,0,layered_block,circular,per_chunk,4,4
1344,12625,16584,16,0,0,layered_block,circular,per_chunk,4,4
1345,12083,16000,16,0,0,layered_block,circular,per_chunk,4,4
1346,12083,16000,16,0,0,layered_block,circular,per_chunk,4,4
1347,12041,15958,16,0,0,layered_block,circular,per_chunk,4,4
1348,12041,16042,16,0,0,layered_block,circular,per_chunk,4,4
1349,12083,16083,16,0,0,layered_block,circular,per_chunk,4,4
1350,12208,16084,16,0,0,layered_block,circular,per_chunk,4,4
1351,12292,16250,16,0,0,layered_block,circular,per_chunk,4,4
1352,12166,16000,16,0,0,layered_block,circular,per_chunk,4,4
1353,12250,16167,16,0,0,layered_block,circular,per_chunk,4,4
1354,11958,15875,16,0,0,layered_block,circular,per_chunk,4,4
1355,18875,22875,16,0,0,layered_block,circular,per_chunk,4,4
1356,12084,16000,16,0,0,layered_block,circular,per_chunk,4,4
1357,12125,16000,16,0,0,layered_block,circular,per_chunk,4,4
1358,12166,16042,16,0,0,layered_block,circular,per_chunk,4,4
1359,12125,16042,16,0,0,layered_block,circular,per_chunk,4,4
1360,13667,17625,16,0,0,layered_block,circular,per_chunk,4,4
1361,12166,16042,16,0,0,layered_block,circular,per_chunk,4,4
1362,12292,16209,16,0,0,layered_block,circular,per_chunk,4,4
1363,12083,15958,16,0,0,layered_block,circular,per_chunk,4,4
1364,12208,16125,16,0,0,layered_block,circular,per_chunk,4,4
1365,12208,16167,16,0,0,layered_block,circular,per_chunk,4,4
1366,12208,16083,16,0,0,layered_block,circular,per_chunk,4,4
1367,12083,15959,16,0,0,layered_block,circular,per_chunk,4,4
1368,12042,16000,16,0,0,layered_block,circular,per_chunk,4,4
1369,12042,16041,16,0,0,layered_block,circular,per_chunk,4,4
1370,12083,16000,16,0,0,layered_block,circular,per_chunk,4,4
1371,81750,87625,16,0,0,layered_block,circular,per_chunk,4,4
1372,12083,16000,16,0,0,layered_block,circular,per_chunk,4,4
1373,12083,16000,16,0,0,layered_block,circular,per_chunk,4,4
1374,12166,16083,16,0,0,layered_block,circular,per_chunk,4,4
1375,12125,16000,16,0,0,layered_block,circular,per_chunk,4,4
1376,12083,16000,16,0,0,layered_block,circular,per_chunk,4,4
1377,12125,16000,16,0,0,layered_block,circular,per_chunk,4,4
1378,12125,16042,16,0,0,layered_block,circular,per_chunk,4,4
1379,12417,16250,16,0,0,layered_block,circular,per_chunk,4,4
1380,12791,16709,16,0,0,layered_block,circular,per_chunk,4,4
1381,12417,16250,16,0,0,layered_block,circular,per_chunk,4,4
1382,12125,16000,16,0,0,layered_block,circular,per_chunk,4,4
1383,12167,16041,16,0,0,layered_block,circular,per_chunk,4,4
1384,12166,16083,16,0,0,layered_block,circular,per_chunk,4,4
1385,12292,16209,16,0,0,layered_block,circular,per_chunk,4,4
1386,12333,16208,16,0,0,layered_block,circular,per_chunk,4,4
1387,12166,16125,16,0,0,layered_block,circular,per_chunk,4,4
1388,12167,16042,16,0,0,layered_block,circular,per_chunk,4,4
1389,16000,105584,16,0,0,layered_block,circular,per_chunk,4,4
1390,12292,16250,16,0,0,layered_block,circular,per_chunk,4,4
1391,12083,16000,16,0,0,layered_block,circular,per_chunk,4,4
1392,12125,16042,16,0,0,layered_block,circular,per_chunk,4,4
1393,12250,16166,16,0,0,layered_block,circular,per_chunk,4,4
1394,12250,16125,16,0,0,layered_block,circular,per_chunk,4,4
1395,12459,16333,16,0,0,layered_block,circular,per_chunk,4,4
1396,12375,16291,16,0,0,layered_block,circular,per_chunk,4,4
1397,12875,16750,16,0,0,layered_block,circular,per_chunk,4,4
1398,12208,16083,16,0,0,layered_block,circular,per_chunk,4,4
1399,12375,16333,16,0,0,layered_block,circular,per_chunk,4,4
1400,164750,168916,16,0,0,layered_block,circular,per_chunk,4,4
1401,12375,16208,16,0,0,layered_block,circular,per_chunk,4,4
1402,12500,16333,16,0,0,layered_block,circular,per_chunk,4,4
1403,12166,16167,16,0,0,layered_block,circular,per_chunk,4,4
1404,12166,16000,16,0,0,layered_block,circular,per_chunk,4,4
1405,12125,15958,16,0,0,layered_block,circular,per_chunk,4,4
1406,12291,16167,16,0,0,layered_block,circular,per_chunk,4,4
1407,57041,78000,16,0,0,layered_block,circular,per_chunk,4,4
1408,12250,16041,16,0,0,layered_block,circular,per_chunk,4,4
1409,12167,16000,16,0,0,layered_block,circular,per_chunk,4,4
1410,12291,16208,16,0,0,layered_block,circular,per_chunk,4,4
1411,12250,16125,16,0,0,layered_block,circular,per_chunk,4,4
1412,12209,16041,16,0,0,layered_block,circular,per_chunk,4,4
1413,12084,16041,16,0,0,layered_block,circular,per_chunk,4,4
1414,12083,16000,16,0,0,layered_block,circular,per_chunk,4,4
1415,12500,16333,16,0,0,layered_block,circular,per_chunk,4,4
1416,12500,16417,16,0,0,layered_block,circular,per_chunk,4,4
1417,12042,16000,16,0,0,layered_block,circular,per_chunk,4,4
1418,12375,16291,16,0,0,layered_block,circular,per_chunk,4,4
1419,12042,15959,16,0,0,layered_block,circular,per_chunk,4,4
1420,178375,183583,16,0,0,layered_block,circular,per_chunk,4,4
1421,12333,16292,16,0,0,layered_block,circular,per_chunk,4,4
1422,12333,16250,16,0,0,layered_block,circular,per_chunk,4,4
1423,12334,16208,16,0,0,layered_block,circular,per_chunk,4,4
1424,12167,16084,16,0,0,layered_block,circular,per_chunk,4,4
1425,12125,16000,16,0,0,layered_block,circular,per_chunk,4,4
1426,12042,16000,16,0,0,layered_block,circular,per_chunk,4,4
1427,12125,16042,16,0,0,layered_block,circular,per_chunk,4,4
1428,12333,16208,16,0,0,layered_block,circular,per_chunk,4,4
1429,12209,16125,16,0,0,layered_block,circular,per_chunk,4,4
1430,12083,15916,16,0,0,layered_block,circular,per_chunk,4,4
1431,12292,16084,16,0,0,layered_block,circular,per_chunk,4,4
1432,12125,16083,16,0,0,layered_block,circular,per_chunk,4,4
1433,12125,16084,16,0,0,layered_block,circular,per_chunk,4,4
1434,12125,16042,16,0,0,layered_block,circular,per_chunk,4,4
1435,12000,16000,16,0,0,layered_block,circular,per_chunk,4,4
1436,12167,16083,16,0,0,layered_block,circular,per_chunk,4,4
1437,12208,16125,16,0,0,layered_block,circular,per_chunk,4,4
1438,12333,16250,16,0,0,layered_block,circular,per_chunk,4,4
1439,12125,16041,16,0,0,layered_block,circular,per_chunk,4,4
1440,12042,16041,16,0,0,layered_block,circular,per_chunk,4,4
1441,12167,16000,16,0,0,layered_block,circular,per_chunk,4,4
1442,12250,16083,16,0,0,layered_block,circular,per_chunk,4,4
1443,12166,16000,16,0,0,layered_block,circular,per_chunk,4,4
1444,12167,16041,16,0,0,layered_block,circular,per_chunk,4,4
1445,12292,16250,16,0,0,layered_block,circular,per_chunk,4,4
1446,12125,16041,16,0,0,layered_block,circular,per_chunk,4,4
1447,12083,15958,16,0,0,layered_block,circular,per_chunk,4,4
1448,12209,16166,16,0,0,layered_block,circular,per_chunk,4,4
1449,12167,16041,16,0,0,layered_block,circular,per_chunk,4,4
1450,12167,16041,16,0,0,layered_block,circular,per_chunk,4,4
1451,12292,16208,16,0,0,layered_block,circular,per_chunk,4,4
1452,12083,16000,16,0,0,layered_block,circular,per_chunk,4,4
1453,12083,16167,16,0,0,layered_block,circular,per_chunk,4,4
1454,12250,16084,16,0,0,layered_block,circular,per_chunk,4,4
1455,12083,16000,16,0,0,layered_block,circular,per_chunk,4,4
1456,12083,16042,16,0,0,layered_block,circular,per_chunk,4,4
1457,12167,16125,16,0,0,layered_block,circular,per_chunk,4,4
1458,12417,16334,16,0,0,layered_block,circular,per_chunk,4,4
1459,12167,16042,16,0,0,layered_block,circular,per_chunk,4,4
1460,12125,16083,16,0,0,layered_block,circular,per_chunk,4,4
1461,12083,16000,16,0,0,layered_block,circular,per_chunk,4,4
1462,12167,16000,16,0,0,layered_block,circular,per_chunk,4,4
1463,12208,16042,16,0,0,layered_block,circular,per_chunk,4,4
1464,12500,22416,16,0,0,layered_block,circular,per_chunk,4,4
1465,12250,16167,16,0,0,layered_block,circular,per_chunk,4,4
1466,12042,16000,16,0,0,layered_block,circular,per_chunk,4,4
1467,55667,59958,16,0,0,layered_block,circular,per_chunk,4,4
1468,12417,16250,16,0,0,layered_block,circular,per_chunk,4,4
1469,12375,16250,16,0,0,layered_block,circular,per_chunk,4,4
1470,11916,16000,16,0,0,layered_block,circular,per_chunk,4,4
1471,12209,16084,16,0,0,layered_block,circular,per_chunk,4,4
1472,12084,15958,16,0,0,layered_block,circular,per_chunk,4,4
1473,12125,16042,16,0,0,layered_block,circular,per_chunk,4,4
1474,12291,16209,16,0,0,layered_block,circular,per_chunk,4,4
1475,12291,16167,16,0,0,layered_block,circular,per_chunk,4,4
1476,12166,16083,16,0,0,layered_block,circular,per_chunk,4,4
1477,12041,15958,16,0,0,layered_block,circular,per_chunk,4,4
1478,12041,15917,16,0,0,layered_block,circular,per_chunk,4,4
1479,12083,16000,16,0,0,layered_block,circular,per_chunk,4,4
1480,12250,16083,16,0,0,layered_block,circular,per_chunk,4,4
1481,12042,15958,16,0,0,layered_block,circular,per_chunk,4,4
1482,12292,16166,16,0,0,layered_block,circular,per_chunk,4,4
1483,12458,16375,16,0,0,layered_block,circular,per_chunk,4,4
1484,175792,180750,16,0,0,layered_block,circular,per_chunk,4,4
1485,12333,16250,16,0,0,layered_block,circular,per_chunk,4,4
1486,12000,15958,16,0,0,layered_block,circular,per_chunk,4,4
1487,12500,16292,16,0,0,layered_block,circular,per_chunk,4,4
1488,12209,16083,16,0,0,layered_block,circular,per_chunk,4,4
1489,12083,16042,16,0,0,layered_block,circular,per_chunk,4,4
1490,19750,23667,16,0,0,layered_block,circular,per_chunk,4,4
1491,12083,16000,16,0,0,layered_block,circular,per_chunk,4,4
1492,12250,16250,16,0,0,layered_block,circular,per_chunk,4,4
1493,12208,16042,16,0,0,layered_block,circular,per_chunk,4,4
1494,12042,15958,16,0,0,layered_block,circular,per_chunk,4,4
1495,12084,15958,16,0,0,layered_block,circular,per_chunk,4,4
1496,12042,15958,16,0,0,layered_block,circular,per_chunk,4,4
1497,12042,15917,16,0,0,layered_block,circular,per_chunk,4,4
1498,12166,16000,16,0,0,layered_block,circular,per_chunk,4,4
1499,12375,16333,16,0,0,layered_block,circular,per_chunk,4,4
1500,12208,23167,16,0,0,layered_block,circular,per_chunk,4,4
1501,12125,16000,16,0,0,layered_block,circular,per_chunk,4,4
1502,12291,16125,16,0,0,layered_block,circular,per_chunk,4,4
1503,12166,16041,16,0,0,layered_block,circular,per_chunk,4,4
1504,12167,16084,16,0,0,layered_block,circular,per_chunk,4,4
1505,12667,16584,16,0,0,layered_block,circular,per_chunk,4,4
1506,12125,15958,16,0,0,layered_block,circular,per_chunk,4,4
1507,12041,15917,16,0,0,layered_block,circular,per_chunk,4,4
1508,12083,15958,16,0,0,layered_block,circular,per_chunk,4,4
1509,12041,15916,16,0,0,layered_block,circular,per_chunk,4,4
1510,12083,15917,16,0,0,layered_block,circular,per_chunk,4,4
1511,12083,15917,16,0,0,layered_block,circular,per_chunk,4,4
1512,161000,165084,16,0,0,layered_block,circular,per_chunk,4,4
1513,12250,16166,16,0,0,layered_block,circular,per_chunk,4,4
1514,12166,16000,16,0,0,layered_block,circular,per_chunk,4,4
1515,12125,16042,16,0,0,layered_block,circular,per_chunk,4,4
1516,12375,16333,16,0,0,layered_block,circular,per_chunk,4,4
1517,12209,16041,16,0,0,layered_block,circular,per_chunk,4,4
1518,12125,15959,16,0,0,layered_block,circular,per_chunk,4,4
1519,97834,101959,16,0,0,layered_block,circular,per_chunk,4,4
1520,12208,16084,16,0,0,layered_block,circular,per_chunk,4,4
1521,12375,16167,16,0,0,layered_block,circular,per_chunk,4,4
1522,12083,15959,16,0,0,layered_block,circular,per_chunk,4,4
1523,11916,15958,16,0,0,layered_block,circular,per_chunk,4,4
1524,12042,15959,16,0,0,layered_block,circular,per_chunk,4,4
1525,110250,114583,16,0,0,layered_block,circular,per_chunk,4,4
1526,12292,16167,16,0,0,layered_block,circular,per_chunk,4,4
1527,12333,16167,16,0,0,layered_block,circular,per_chunk,4,4
1528,12417,16292,16,0,0,layered_block,circular,per_chunk,4,4
1529,12417,16209,16,0,0,layered_block,circular,per_chunk,4,4
1530,12292,16166,16,0,0,layered_block,circular,per_chunk,4,4
1531,12084,15959,16,0,0,layered_block,circular,per_chunk,4,4
1532,12000,15917,16,0,0,layered_block,circular,per_chunk,4,4
1533,12042,15958,16,0,0,layered_block,circular,per_chunk,4,4
1534,12125,16041,16,0,0,layered_block,circular,per_chunk,4,4
1535,14541,18791,16,0,0,layered_block,circular,per_chunk,4,4
1536,12291,16208,16,0,0,layered_block,circular,per_chunk,4,4
1537,12209,15959,16,0,0,layered_block,circular,per_chunk,4,4
1538,12250,16166,16,0,0,layered_block,circular,per_chunk,4,4
1539,12583,16875,16,0,0,layered_block,circular,per_chunk,4,4
1540,12209,16083,16,0,0,layered_block,circular,per_chunk,4,4
1541,12125,15958,16,0,0,layered_block,circular,per_chunk,4,4
1542,12375,16208,16,0,0,layered_block,circular,per_chunk,4,4
1543,12334,16208,16,0,0,layered_block,circular,per_chunk,4,4
1544,12167,16042,16,0,0,layered_block,circular,per_chunk,4,4
1545,12208,16083,16,0,0,layered_block,circular,per_chunk,4,4
1546,12042,15917,16,0,0,layered_block,circular,per_chunk,4,4
1547,12208,16000,16,0,0,layered_block,circular,per_chunk,4,4
1548,12125,16000,16,0,0,layered_block,circular,per_chunk,4,4
1549,12708,22625,16,0,0,layered_block,circular,per_chunk,4,4
1550,12083,15958,16,0,0,layered_block,circular,per_chunk,4,4
1551,12167,16000,16,0,0,layered_block,circular,per_chunk,4,4
1552,12083,15958,16,0,0,layered_block,circular,per_chunk,4,4
1553,11958,15833,16,0,0,layered_block,circular,per_chunk,4,4
1554,12042,16167,16,0,0,layered_block,circular,per_chunk,4,4
1555,12042,15875,16,0,0,layered_block,circular,per_chunk,4,4
1556,12125,15959,16,0,0,layered_block,circular,per_chunk,4,4
1557,12333,16167,16,0,0,layered_block,circular,per_chunk,4,4
1558,12000,15875,16,0,0,layered_block,circular,per_chunk,4,4
1559,12542,16375,16,0,0,layered_block,circular,per_chunk,4,4
1560,12292,16167,16,0,0,layered_block,circular,per_chunk,4,4
1561,20083,23916,16,0,0,layered_block,circular,per_chunk,4,4
1562,12417,16250,16,0,0,layered_block,circular,per_chunk,4,4
1563,12083,15917,16,0,0,layered_block,circular,per_chunk,4,4
1564,12084,15959,16,0,0,layered_block,circular,per_chunk,4,4
1565,12083,15958,16,0,0,layered_block,circular,per_chunk,4,4
1566,12041,15916,16,0,0,layered_block,circular,per_chunk,4,4
1567,12041,15958,16,0,0,layered_block,circular,per_chunk,4,4
1568,12083,15959,16,0,0,layered_block,circular,per_chunk,4,4
1569,12292,16167,16,0,0,layered_block,circular,per_chunk,4,4
1570,12125,15916,16,0,0,layered_block,circular,per_chunk,4,4
1571,12084,16000,16,0,0,layered_block,circular,per_chunk,4,4
1572,12125,15958,16,0,0,layered_block,circular,per_chunk,4,4
1573,12083,15958,16,0,0,layered_block,circular,per_chunk,4,4
1574,12041,15917,16,0,0,layered_block,circular,per_chunk,4,4
1575,12333,16125,16,0,0,layered_block,circular,per_chunk,4,4
1576,12125,16042,16,0,0,layered_block,circular,per_chunk,4,4
1577,19750,23667,16,0,0,layered_block,circular,per_chunk,4,4
1578,12083,15958,16,0,0,layered_block,circular,per_chunk,4,4
1579,12041,15916,16,0,0,layered_block,circular,per_chunk,4,4
1580,12125,16000,16,0,0,layered_block,circular,per_chunk,4,4
1581,11917,15958,16,0,0,layered_block,circular,per_chunk,4,4
1582,12083,15959,16,0,0,layered_block,circular,per_chunk,4,4
1583,12041,15958,16,0,0,layered_block,circular,per_chunk,4,4
1584,12167,15917,16,0,0,layered_block,circular,per_chunk,4,4
1585,12083,16000,16,0,0,layered_block,circular,per_chunk,4,4
1586,12167,16042,16,0,0,layered_block,circular,per_chunk,4,4
1587,12125,15959,16,0,0,layered_block,circular,per_chunk,4,4
1588,12042,15917,16,0,0,layered_block,circular,per_chunk,4,4
1589,12250,16167,16,0,0,layered_block,circular,per_chunk,4,4
1590,12166,16000,16,0,0,layered_block,circular,per_chunk,4,4
1591,12417,16291,16,0,0,layered_block,circular,per_chunk,4,4
1592,12125,16041,16,0,0,layered_block,circular,per_chunk,4,4
1593,12083,15958,16,0,0,layered_block,circular,per_chunk,4,4
1594,12084,16041,16,0,0,layered_block,circular,per_chunk,4,4
1595,12208,16041,16,0,0,layered_block,circular,per_chunk,4,4
1596,12041,15917,16,0,0,layered_block,circular,per_chunk,4,4
1597,12125,16000,16,0,0,layered_block,circular,per_chunk,4,4
1598,12042,15958,16,0,0,layered_block,circular,per_chunk,4,4
1599,12167,16042,16,0,0,layered_block,circular,per_chunk,4,4
1600,12334,16208,16,0,0,layered_block,circular,per_chunk,4,4
1601,12250,16166,16,0,0,layered_block,circular,per_chunk,4,4
1602,12042,15959,16,0,0,layered_block,circular,per_chunk,4,4
1603,12166,15916,16,0,0,layered_block,circular,per_chunk,4,4
1604,12042,16000,16,0,0,layered_block,circular,per_chunk,4,4
1605,12709,16584,16,0,0,layered_block,circular,per_chunk,4,4
1606,11958,15917,16,0,0,layered_block,circular,per_chunk,4,4
1607,12083,15916,16,0,0,layered_block,circular,per_chunk,4,4
1608,12125,16042,16,0,0,layered_block,circular,per_chunk,4,4
1609,12125,15959,16,0,0,layered_block,circular,per_chunk,4,4
1610,12084,16000,16,0,0,layered_block,circular,per_chunk,4,4
1611,12250,16250,16,0,0,layered_block,circular,per_chunk,4,4
1612,12083,15916,16,0,0,layered_block,circular,per_chunk,4,4
1613,12041,15917,16,0,0,layered_block,circular,per_chunk,4,4
1614,12375,16209,16,0,0,layered_block,circular,per_chunk,4,4
1615,12500,22791,16,0,0,layered_block,circular,per_chunk,4,4
1616,12041,15958,16,0,0,layered_block,circular,per_chunk,4,4
1617,12333,16209,16,0,0,layered_block,circular,per_chunk,4,4
1618,12167,16041,16,0,0,layered_block,circular,per_chunk,4,4
1619,12167,15917,16,0,0,layered_block,circular,per_chunk,4,4
1620,11792,15958,16,0,0,layered_block,circular,per_chunk,4,4
1621,12000,15917,16,0,0,layered_block,circular,per_chunk,4,4
1622,12167,15917,16,0,0,layered_block,circular,per_chunk,4,4
1623,12083,16000,16,0,0,layered_block,circular,per_chunk,4,4
1624,12250,16083,16,0,0,layered_block,circular,per_chunk,4,4
1625,12292,16083,16,0,0,layered_block,circular,per_chunk,4,4
1626,12167,16041,16,0,0,layered_block,circular,per_chunk,4,4
1627,12125,16042,16,0,0,layered_block,circular,per_chunk,4,4
1628,12042,16000,16,0,0,layered_block,circular,per_chunk,4,4
1629,12083,15959,16,0,0,layered_block,circular,per_chunk,4,4
1630,12459,16250,16,0,0,layered_block,circular,per_chunk,4,4
1631,12083,15916,16,0,0,layered_block,circular,per_chunk,4,4
1632,12042,15916,16,0,0,layered_block,circular,per_chunk,4,4
1633,12333,16459,16,0,0,layered_block,circular,per_chunk,4,4
1634,12250,16042,16,0,0,layered_block,circular,per_chunk,4,4
1635,12250,16042,16,0,0,layered_block,circular,per_chunk,4,4
1636,12208,16083,16,0,0,layered_block,circular,per_chunk,4,4
1637,12208,16083,16,0,0,layered_block,circular,per_chunk,4,4
1638,12250,16208,16,0,0,layered_block,circular,per_chunk,4,4
1639,12292,16209,16,0,0,layered_block,circular,per_chunk,4,4
1640,12000,16083,16,0,0,layered_block,circular,per_chunk,4,4
1641,12042,15875,16,0,0,layered_block,circular,per_chunk,4,4
1642,12333,16292,16,0,0,layered_block,circular,per_chunk,4,4
1643,19791,23666,16,0,0,layered_block,circular,per_chunk,4,4
1644,12334,16250,16,0,0,layered_block,circular,per_chunk,4,4
1645,12208,16042,16,0,0,layered_block,circular,per_chunk,4,4
1646,12083,15916,16,0,0,layered_block,circular,per_chunk,4,4
1647,12209,16084,16,0,0,layered_block,circular,per_chunk,4,4
1648,11875,16000,16,0,0,layered_block,circular,per_chunk,4,4
1649,12125,15959,16,0,0,layered_block,circular,per_chunk,4,4
1650,12125,15958,16,0,0,layered_block,circular,per_chunk,4,4
1651,12166,15958,16,0,0,layered_block,circular,per_chunk,4,4
1652,12167,16042,16,0,0,layered_block,circular,per_chunk,4,4
1653,12291,16125,16,0,0,layered_block,circular,per_chunk,4,4
1654,12250,16125,16,0,0,layered_block,circular,per_chunk,4,4
1655,12083,15916,16,0,0,layered_block,circular,per_chunk,4,4
1656,12167,16000,16,0,0,layered_block,circular,per_chunk,4,4
1657,12125,16000,16,0,0,layered_block,circular,per_chunk,4,4
1658,12333,16167,16,0,0,layered_block,circular,per_chunk,4,4
1659,12084,15875,16,0,0,layered_block,circular,per_chunk,4,4
1660,12375,16250,16,0,0,layered_block,circular,per_chunk,4,4
1661,12042,15875,16,0,0,layered_block,circular,per_chunk,4,4
1662,12083,15917,16,0,0,layered_block,circular,per_chunk,4,4
1663,12083,16000,16,0,0,layered_block,circular,per_chunk,4,4
1664,12125,15958,16,0,0,layered_block,circular,per_chunk,4,4
1665,12167,16041,16,0,0,layered_block,circular,per_chunk,4,4
1666,12084,16000,16,0,0,layered_block,circular,per_chunk,4,4
1667,12083,15959,16,0,0,layered_block,circular,per_chunk,4,4
1668,12125,15959,16,0,0,layered_block,circular,per_chunk,4,4
1669,12083,16000,16,0,0,layered_block,circular,per_chunk,4,4
1670,12125,16000,16,0,0,layered_block,circular,per_chunk,4,4
1671,12208,16083,16,0,0,layered_block,circular,per_chunk,4,4
1672,12167,15959,16,0,0,layered_block,circular,per_chunk,4,4
1673,19708,23667,16,0,0,layered_block,circular,per_chunk,4,4
1674,12167,16000,16,0,0,layered_block,circular,per_chunk,4,4
1675,12125,15916,16,0,0,layered_block,circular,per_chunk,4,4
1676,12125,15958,16,0,0,layered_block,circular,per_chunk,4,4
1677,12167,16042,16,0,0,layered_block,circular,per_chunk,4,4
1678,12167,16000,16,0,0,layered_block,circular,per_chunk,4,4
1679,12083,15959,16,0,0,layered_block,circular,per_chunk,4,4
1680,12209,15959,16,0,0,layered_block,circular,per_chunk,4,4
1681,12042,15958,16,0,0,layered_block,circular,per_chunk,4,4
1682,20667,24500,16,0,0,layered_block,circular,per_chunk,4,4
1683,12125,15917,16,0,0,layered_block,circular,per_chunk,4,4
1684,12167,16083,16,0,0,layered_block,circular,per_chunk,4,4
1685,12041,15875,16,0,0,layered_block,circular,per_chunk,4,4
1686,12125,16000,16,0,0,layered_block,circular,per_chunk,4,4
1687,12000,15917,16,0,0,layered_block,circular,per_chunk,4,4
1688,12208,16042,16,0,0,layered_block,circular,per_chunk,4,4
1689,12084,15916,16,0,0,layered_block,circular,per_chunk,4,4
1690,12084,15917,16,0,0,layered_block,circular,per_chunk,4,4
1691,20791,24708,16,0,0,layered_block,circular,per_chunk,4,4
1692,12125,16042,16,0,0,layered_block,circular,per_chunk,4,4
1693,12375,16208,16,0,0,layered_block,circular,per_chunk,4,4
1694,11875,15917,16,0,0,layered_block,circular,per_chunk,4,4
1695,12417,16334,16,0,0,layered_block,circular,per_chunk,4,4
1696,12250,16083,16,0,0,layered_block,circular,per_chunk,4,4
1697,12166,16083,16,0,0,layered_block,circular,per_chunk,4,4
1698,12208,16000,16,0,0,layered_block,circular,per_chunk,4,4
1699,12167,16000,16,0,0,layered_block,circular,per_chunk,4,4
1700,12167,15959,16,0,0,layered_block,circular,per_chunk,4,4
1701,12083,15958,16,0,0,layered_block,circular,per_chunk,4,4
1702,12083,15916,16,0,0,layered_block,circular,per_chunk,4,4
1703,12291,16166,16,0,0,layered_block,circular,per_chunk,4,4
1704,12041,15917,16,0,0,layered_block,circular,per_chunk,4,4
1705,12209,16042,16,0,0,layered_block,circular,per_chunk,4,4
1706,12334,16250,16,0,0,layered_block,circular,per_chunk,4,4
1707,12167,16000,16,0,0,layered_block,circular,per_chunk,4,4
1708,12250,16083,16,0,0,layered_block,circular,per_chunk,4,4
1709,12333,16209,16,0,0,layered_block,circular,per_chunk,4,4
1710,12416,16250,16,0,0,layered_block,circular,per_chunk,4,4
1711,12417,16250,16,0,0,layered_block,circular,per_chunk,4,4
1712,12125,16000,16,0,0,layered_block,circular,per_chunk,4,4
1713,12333,16167,16,0,0,layered_block,circular,per_chunk,4,4
1714,12166,16042,16,0,0,layered_block,circular,per_chunk,4,4
1715,12291,16291,16,0,0,layered_block,circular,per_chunk,4,4
1716,12167,16042,16,0,0,layered_block,circular,per_chunk,4,4
1717,12125,16000,16,0,0,layered_block,circular,per_chunk,4,4
1718,12166,16041,16,0,0,layered_block,circular,per_chunk,4,4
1719,87416,91458,16,0,0,layered_block,circular,per_chunk,4,4
1720,12250,16042,16,0,0,layered_block,circular,per_chunk,4,4
1721,12125,16000,16,0,0,layered_block,circular,per_chunk,4,4
1722,12083,15959,16,0,0,layered_block,circular,per_chunk,4,4
1723,12167,15917,16,0,0,layered_block,circular,per_chunk,4,4
1724,12084,15959,16,0,0,layered_block,circular,per_chunk,4,4
1725,19958,23833,16,0,0,layered_block,circular,per_chunk,4,4
1726,12416,16208,16,0,0,layered_block,circular,per_chunk,4,4
1727,12250,16125,16,0,0,layered_block,circular,per_chunk,4,4
1728,12042,16167,16,0,0,layered_block,circular,per_chunk,4,4
1729,12083,16000,16,0,0,layered_block,circular,per_chunk,4,4
1730,12375,16209,16,0,0,layered_block,circular,per_chunk,4,4
1731,12125,16042,16,0,0,layered_block,circular,per_chunk,4,4
1732,12209,15959,16,0,0,layered_block,circular,per_chunk,4,4
1733,12750,16625,16,0,0,layered_block,circular,per_chunk,4,4
1734,12042,15959,16,0,0,layered_block,circular,per_chunk,4,4
1735,12042,15917,16,0,0,layered_block,circular,per_chunk,4,4
1736,12167,16000,16,0,0,layered_block,circular,per_chunk,4,4
1737,12042,15959,16,0,0,layered_block,circular,per_chunk,4,4
1738,12125,16000,16,0,0,layered_block,circular,per_chunk,4,4
1739,12125,15959,16,0,0,layered_block,circular,per_chunk,4,4
1740,12041,16000,16,0,0,layered_block,circular,per_chunk,4,4
1741,12875,17125,16,0,0,layered_block,circular,per_chunk,4,4
1742,12375,16250,16,0,0,layered_block,circular,per_chunk,4,4
1743,12458,16334,16,0,0,layered_block,circular,per_chunk,4,4
1744,12125,16000,16,0,0,layered_block,circular,per_chunk,4,4
1745,12125,16000,16,0,0,layered_block,circular,per_chunk,4,4
1746,12125,16000,16,0,0,layered_block,circular,per_chunk,4,4
1747,11875,15875,16,0,0,layered_block,circular,per_chunk,4,4
1748,12083,15958,16,0,0,layered_block,circular,per_chunk,4,4
1749,12416,16292,16,0,0,layered_block,circular,per_chunk,4,4
1750,12125,15916,16,0,0,layered_block,circular,per_chunk,4,4
1751,12166,15916,16,0,0,layered_block,circular,per_chunk,4,4
1752,12542,16333,16,0,0,layered_block,circular,per_chunk,4,4
1753,12083,15958,16,0,0,layered_block,circular,per_chunk,4,4
1754,12000,15959,16,0,0,layered_block,circular,per_chunk,4,4
1755,12500,16333,16,0,0,layered_block,circular,per_chunk,4,4
1756,12167,16208,16,0,0,layered_block,circular,per_chunk,4,4
1757,12542,16458,16,0,0,layered_block,circular,per_chunk,4,4
1758,12583,16459,16,0,0,layered_block,circular,per_chunk,4,4
1759,12292,16167,16,0,0,layered_block,circular,per_chunk,4,4
1760,19709,23459,16,0,0,layered_block,circular,per_chunk,4,4
1761,12125,15958,16,0,0,layered_block,circular,per_chunk,4,4
1762,12125,15959,16,0,0,layered_block,circular,per_chunk,4,4
1763,12458,16291,16,0,0,layered_block,circular,per_chunk,4,4
1764,12208,16083,16,0,0,layered_block,circular,per_chunk,4,4
1765,12500,16292,16,0,0,layered_block,circular,per_chunk,4,4
1766,12041,15958,16,0,0,layered_block,circular,per_chunk,4,4
1767,12167,15959,16,0,0,layered_block,circular,per_chunk,4,4
1768,12292,16209,16,0,0,layered_block,circular,per_chunk,4,4
1769,12125,16000,16,0,0,layered_block,circular,per_chunk,4,4
1770,12167,15958,16,0,0,layered_block,circular,per_chunk,4,4
1771,12042,15959,16,0,0,layered_block,circular,per_chunk,4,4
1772,12083,15959,16,0,0,layered_block,circular,per_chunk,4,4
1773,12167,15917,16,0,0,layered_block,circular,per_chunk,4,4
1774,12083,16000,16,0,0,layered_block,circular,per_chunk,4,4
1775,12708,23042,16,0,0,layered_block,circular,per_chunk,4,4
1776,12292,16167,16,0,0,layered_block,circular,per_chunk,4,4
1777,12291,16166,16,0,0,layered_block,circular,per_chunk,4,4
1778,92250,96792,16,0,0,layered_block,circular,per_chunk,4,4
1779,12084,15959,16,0,0,layered_block,circular,per_chunk,4,4
1780,12000,15959,16,0,0,layered_block,circular,per_chunk,4,4
1781,12167,16042,16,0,0,layered_block,circular,per_chunk,4,4
1782,12000,15875,16,0,0,layered_block,circular,per_chunk,4,4
1783,12125,15917,16,0,0,layered_block,circular,per_chunk,4,4
1784,12000,15916,16,0,0,layered_block,circular,per_chunk,4,4
1785,19709,23625,16,0,0,layered_block,circular,per_chunk,4,4
1786,12084,15917,16,0,0,layered_block,circular,per_chunk,4,4
1787,12083,16000,16,0,0,layered_block,circular,per_chunk,4,4
1788,18750,22791,16,0,0,layered_block,circular,per_chunk,4,4
1789,12083,15916,16,0,0,layered_block,circular,per_chunk,4,4
1790,12292,16208,16,0,0,layered_block,circular,per_chunk,4,4
1791,12083,16000,16,0,0,layered_block,circular,per_chunk,4,4
1792,12125,15958,16,0,0,layered_block,circular,per_chunk,4,4
1793,12375,16291,16,0,0,layered_block,circular,per_chunk,4,4
1794,18125,22208,16,0,0,layered_block,circular,per_chunk,4,4
1795,12041,15917,16,0,0,layered_block,circular,per_chunk,4,4
1796,12208,16042,16,0,0,layered_block,circular,per_chunk,4,4
1797,12250,16125,16,0,0,layered_block,circular,per_chunk,4,4
1798,12416,16250,16,0,0,layered_block,circular,per_chunk,4,4
1799,12250,16167,16,0,0,layered_block,circular,per_chunk,4,4
1800,18625,22542,16,0,0,layered_block,circular,per_chunk,4,4
1801,12292,16125,16,0,0,layered_block,circular,per_chunk,4,4
1802,12084,15917,16,0,0,layered_block,circular,per_chunk,4,4
1803,12083,15958,16,0,0,layered_block,circular,per_chunk,4,4
1804,12042,15875,16,0,0,layered_block,circular,per_chunk,4,4
1805,12083,15917,16,0,0,layered_block,circular,per_chunk,4,4
1806,12083,15916,16,0,0,layered_block,circular,per_chunk,4,4
1807,12125,15958,16,0,0,layered_block,circular,per_chunk,4,4
1808,12041,15958,16,0,0,layered_block,circular,per_chunk,4,4
1809,12083,15917,16,0,0,layered_block,circular,per_chunk,4,4
1810,12125,16042,16,0,0,layered_block,circular,per_chunk,4,4
1811,12083,21958,16,0,0,layered_block,circular,per_chunk,4,4
1812,12083,16000,16,0,0,layered_block,circular,per_chunk,4,4
1813,12291,16125,16,0,0,layered_block,circular,per_chunk,4,4
1814,12459,16334,16,0,0,layered_block,circular,per_chunk,4,4
1815,12542,16292,16,0,0,layered_block,circular,per_chunk,4,4
1816,12334,16250,16,0,0,layered_block,circular,per_chunk,4,4
1817,20709,24625,16,0,0,layered_block,circular,per_chunk,4,4
1818,12541,16417,16,0,0,layered_block,circular,per_chunk,4,4
1819,12083,15916,16,0,0,layered_block,circular,per_chunk,4,4
1820,12083,15958,16,0,0,layered_block,circular,per_chunk,4,4
1821,12084,15917,16,0,0,layered_block,circular,per_chunk,4,4
1822,12166,15958,16,0,0,layered_block,circular,per_chunk,4,4
1823,12083,15959,16,0,0,layered_block,circular,per_chunk,4,4
1824,12166,16000,16,0,0,layered_block,circular,per_chunk,4,4
1825,12167,16000,16,0,0,layered_block,circular,per_chunk,4,4
1826,12000,15917,16,0,0,layered_block,circular,per_chunk,4,4
1827,12125,15917,16,0,0,layered_block,circular,per_chunk,4,4
1828,12250,16083,16,0,0,layered_block,circular,per_chunk,4,4
1829,20917,24792,16,0,0,layered_block,circular,per_chunk,4,4
1830,12292,16166,16,0,0,layered_block,circular,per_chunk,4,4
1831,12459,16375,16,0,0,layered_block,circular,per_chunk,4,4
1832,12083,16083,16,0,0,layered_block,circular,per_chunk,4,4
1833,12000,15833,16,0,0,layered_block,circular,per_chunk,4,4
1834,12000,15917,16,0,0,layered_block,circular,per_chunk,4,4
1835,12042,15917,16,0,0,layered_block,circular,per_chunk,4,4
1836,12000,15875,16,0,0,layered_block,circular,per_chunk,4,4
1837,12166,15958,16,0,0,layered_block,circular,per_chunk,4,4
1838,12125,15916,16,0,0,layered_block,circular,per_chunk,4,4
1839,12083,15917,16,0,0,layered_block,circular,per_chunk,4,4
1840,12084,15958,16,0,0,layered_block,circular,per_chunk,4,4
1841,12333,16250,16,0,0,layered_block,circular,per_chunk,4,4
1842,12125,15958,16,0,0,layered_block,circular,per_chunk,4,4
1843,12000,15958,16,0,0,layered_block,circular,per_chunk,4,4
1844,12792,22875,16,0,0,layered_block,circular,per_chunk,4,4
1845,12041,15958,16,0,0,layered_block,circular,per_chunk,4,4
1846,12083,15917,16,0,0,layered_block,circular,per_chunk,4,4
1847,12166,16083,16,0,0,layered_block,circular,per_chunk,4,4
1848,12125,15875,16,0,0,layered_block,circular,per_chunk,4,4
1849,11833,15875,16,0,0,layered_block,circular,per_chunk,4,4
1850,12042,15917,16,0,0,layered_block,circular,per_chunk,4,4
1851,12583,16500,16,0,0,layered_block,circular,per_chunk,4,4
1852,12416,16208,16,0,0,layered_block,circular,per_chunk,4,4
1853,12125,15917,16,0,0,layered_block,circular,per_chunk,4,4
1854,12125,15958,16,0,0,layered_block,circular,per_chunk,4,4
1855,12166,15958,16,0,0,layered_block,circular,per_chunk,4,4
1856,12125,15959,16,0,0,layered_block,circular,per_chunk,4,4
1857,12125,16000,16,0,0,layered_block,circular,per_chunk,4,4
1858,12042,15917,16,0,0,layered_block,circular,per_chunk,4,4
1859,12250,16041,16,0,0,layered_block,circular,per_chunk,4,4
1860,12041,15917,16,0,0,layered_block,circular,per_chunk,4,4
1861,12208,16000,16,0,0,layered_block,circular,per_chunk,4,4
1862,12000,15875,16,0,0,layered_block,circular,per_chunk,4,4
1863,12084,15958,16,0,0,layered_block,circular,per_chunk,4,4
1864,11958,15917,16,0,0,layered_block,circular,per_chunk,4,4
1865,12333,16209,16,0,0,layered_block,circular,per_chunk,4,4
1866,12084,15958,16,0,0,layered_block,circular,per_chunk,4,4
1867,12250,16084,16,0,0,layered_block,circular,per_chunk,4,4
1868,12084,15958,16,0,0,layered_block,circular,per_chunk,4,4
1869,12083,15959,16,0,0,layered_block,circular,per_chunk,4,4
1870,12083,16000,16,0,0,layered_block,circular,per_chunk,4,4
1871,12542,16292,16,0,0,layered_block,circular,per_chunk,4,4
1872,12125,15958,16,0,0,layered_block,circular,per_chunk,4,4
1873,12125,15917,16,0,0,layered_block,circular,per_chunk,4,4
1874,12083,16000,16,0,0,layered_block,circular,per_chunk,4,4
1875,12166,16000,16,0,0,layered_block,circular,per_chunk,4,4
1876,12041,15958,16,0,0,layered_block,circular,per_chunk,4,4
1877,12125,15959,16,0,0,layered_block,circular,per_chunk,4,4
1878,12167,15917,16,0,0,layered_block,circular,per_chunk,4,4
1879,12000,15917,16,0,0,layered_block,circular,per_chunk,4,4
1880,12125,15916,16,0,0,layered_block,circular,per_chunk,4,4
1881,12167,16125,16,0,0,layered_block,circular,per_chunk,4,4
1882,13000,17250,16,0,0,layered_block,circular,per_chunk,4,4
1883,12084,15958,16,0,0,layered_block,circular,per_chunk,4,4
1884,12125,16000,16,0,0,layered_block,circular,per_chunk,4,4
1885,12042,15917,16,0,0,layered_block,circular,per_chunk,4,4
1886,12125,15958,16,0,0,layered_block,circular,per_chunk,4,4
1887,12000,15917,16,0,0,layered_block,circular,per_chunk,4,4
1888,19917,23833,16,0,0,layered_block,circular,per_chunk,4,4
1889,12166,16042,16,0,0,layered_block,circular,per_chunk,4,4
1890,12084,16000,16,0,0,layered_block,circular,per_chunk,4,4
1891,12292,16125,16,0,0,layered_block,circular,per_chunk,4,4
1892,12250,16084,16,0,0,layered_block,circular,per_chunk,4,4
1893,12083,16000,16,0,0,layered_block,circular,per_chunk,4,4
1894,12125,22500,16,0,0,layered_block,circular,per_chunk,4,4
1895,12042,15958,16,0,0,layered_block,circular,per_chunk,4,4
1896,12250,16125,16,0,0,layered_block,circular,per_chunk,4,4
1897,12042,15916,16,0,0,layered_block,circular,per_chunk,4,4
1898,12125,16042,16,0,0,layered_block,circular,per_chunk,4,4
1899,12042,15959,16,0,0,layered_block,circular,per_chunk,4,4
1900,12041,15917,16,0,0,layered_block,circular,per_chunk,4,4
1901,12167,15958,16,0,0,layered_block,circular,per_chunk,4,4
1902,12041,15916,16,0,0,layered_block,circular,per_chunk,4,4
1903,12125,15916,16,0,0,layered_block,circular,per_chunk,4,4
1904,12084,16000,16,0,0,layered_block,circular,per_chunk,4,4
1905,12125,15916,16,0,0,layered_block,circular,per_chunk,4,4
1906,12083,15917,16,0,0,layered_block,circular,per_chunk,4,4
1907,12125,16000,16,0,0,layered_block,circular,per_chunk,4,4
1908,12042,16000,16,0,0,layered_block,circular,per_chunk,4,4
1909,12167,16000,16,0,0,layered_block,circular,per_chunk,4,4
1910,12084,16000,16,0,0,layered_block,circular,per_chunk,4,4
1911,12334,16166,16,0,0,layered_block,circular,per_chunk,4,4
1912,12042,16000,16,0,0,layered_block,circular,per_chunk,4,4
1913,12167,16042,16,0,0,layered_block,circular,per_chunk,4,4
1914,12083,16000,16,0,0,layered_block,circular,per_chunk,4,4
1915,12125,15916,16,0,0,layered_block,circular,per_chunk,4,4
1916,12167,16000,16,0,0,layered_block,circular,per_chunk,4,4
1917,12166,16042,16,0,0,layered_block,circular,per_chunk,4,4
1918,12125,15958,16,0,0,layered_block,circular,per_chunk,4,4
1919,12292,16167,16,0,0,layered_block,circular,per_chunk,4,4
1920,12084,16000,16,0,0,layered_block,circular,per_chunk,4,4
1921,12084,16000,16,0,0,layered_block,circular,per_chunk,4,4
1922,12084,16000,16,0,0,layered_block,circular,per_chunk,4,4
1923,12042,15875,16,0,0,layered_block,circular,per_chunk,4,4
1924,12333,16208,16,0,0,layered_block,circular,per_chunk,4,4
1925,12208,16000,16,0,0,layered_block,circular,per_chunk,4,4
1926,12041,15917,16,0,0,layered_block,circular,per_chunk,4,4
1927,12125,15958,16,0,0,layered_block,circular,per_chunk,4,4
1928,12042,15917,16,0,0,layered_block,circular,per_chunk,4,4
1929,12125,15958,16,0,0,layered_block,circular,per_chunk,4,4
1930,12125,15959,16,0,0,layered_block,circular,per_chunk,4,4
1931,11792,15916,16,0,0,layered_block,circular,per_chunk,4,4
1932,12125,16000,16,0,0,layered_block,circular,per_chunk,4,4
1933,12250,16209,16,0,0,layered_block,circular,per_chunk,4,4
1934,12125,16000,16,0,0,layered_block,circular,per_chunk,4,4
1935,11959,15875,16,0,0,layered_block,circular,per_chunk,4,4
1936,12291,16167,16,0,0,layered_block,circular,per_chunk,4,4
1937,12041,15917,16,0,0,layered_block,circular,per_chunk,4,4
1938,12000,15916,16,0,0,layered_block,circular,per_chunk,4,4
1939,12000,15875,16,0,0,layered_block,circular,per_chunk,4,4
1940,12167,15917,16,0,0,layered_block,circular,per_chunk,4,4
1941,12208,16084,16,0,0,layered_block,circular,per_chunk,4,4
1942,12041,15875,16,0,0,layered_block,circular,per_chunk,4,4
1943,12125,16042,16,0,0,layered_block,circular,per_chunk,4,4
1944,12084,15959,16,0,0,layered_block,circular,per_chunk,4,4
1945,12041,15917,16,0,0,layered_block,circular,per_chunk,4,4
1946,12167,16000,16,0,0,layered_block,circular,per_chunk,4,4
1947,12084,16000,16,0,0,layered_block,circular,per_chunk,4,4
1948,12208,16125,16,0,0,layered_block,circular,per_chunk,4,4
1949,12667,16875,16,0,0,layered_block,circular,per_chunk,4,4
1950,12250,16167,16,0,0,layered_block,circular,per_chunk,4,4
1951,12000,15917,16,0,0,layered_block,circular,per_chunk,4,4
1952,19250,23208,16,0,0,layered_block,circular,per_chunk,4,4
1953,12000,15875,16,0,0,layered_block,circular,per_chunk,4,4
1954,12125,16000,16,0,0,layered_block,circular,per_chunk,4,4
1955,12083,15916,16,0,0,layered_block,circular,per_chunk,4,4
1956,12250,16084,16,0,0,layered_block,circular,per_chunk,4,4
1957,12250,16125,16,0,0,layered_block,circular,per_chunk,4,4
1958,12167,15958,16,0,0,layered_block,circular,per_chunk,4,4
1959,12166,16083,16,0,0,layered_block,circular,per_chunk,4,4
1960,12167,16208,16,0,0,layered_block,circular,per_chunk,4,4
1961,12167,16041,16,0,0,layered_block,circular,per_chunk,4,4
1962,12041,15916,16,0,0,layered_block,circular,per_chunk,4,4
1963,12042,16000,16,0,0,layered_block,circular,per_chunk,4,4
1964,12125,15917,16,0,0,layered_block,circular,per_chunk,4,4
1965,11958,15959,16,0,0,layered_block,circular,per_chunk,4,4
1966,12083,16000,16,0,0,layered_block,circular,per_chunk,4,4
1967,12083,15917,16,0,0,layered_block,circular,per_chunk,4,4
1968,12084,16000,16,0,0,layered_block,circular,per_chunk,4,4
1969,20375,24292,16,0,0,layered_block,circular,per_chunk,4,4
1970,12084,15958,16,0,0,layered_block,circular,per_chunk,4,4
1971,12333,16250,16,0,0,layered_block,circular,per_chunk,4,4
1972,12458,16333,16,0,0,layered_block,circular,per_chunk,4,4
1973,12125,15875,16,0,0,layered_block,circular,per_chunk,4,4
1974,12042,15917,16,0,0,layered_block,circular,per_chunk,4,4
1975,12000,15875,16,0,0,layered_block,circular,per_chunk,4,4
1976,12250,16125,16,0,0,layered_block,circular,per_chunk,4,4
1977,12125,16042,16,0,0,layered_block,circular,per_chunk,4,4
1978,12083,15917,16,0,0,layered_block,circular,per_chunk,4,4
1979,12167,16000,16,0,0,layered_block,circular,per_chunk,4,4
1980,12042,16000,16,0,0,layered_block,circular,per_chunk,4,4
1981,12167,15917,16,0,0,layered_block,circular,per_chunk,4,4
1982,12041,15916,16,0,0,layered_block,circular,per_chunk,4,4
1983,12125,22333,16,0,0,layered_block,circular,per_chunk,4,4
1984,12291,16208,16,0,0,layered_block,circular,per_chunk,4,4
1985,12209,16041,16,0,0,layered_block,circular,per_chunk,4,4
1986,12834,17041,16,0,0,layered_block,circular,per_chunk,4,4
1987,12083,15917,16,0,0,layered_block,circular,per_chunk,4,4
1988,12166,16042,16,0,0,layered_block,circular,per_chunk,4,4
1989,12083,15959,16,0,0,layered_block,circular,per_chunk,4,4
1990,12208,15958,16,0,0,layered_block,circular,per_chunk,4,4
1991,12167,16041,16,0,0,layered_block,circular,per_chunk,4,4
1992,12041,15958,16,0,0,layered_block,circular,per_chunk,4,4
1993,12167,16000,16,0,0,layered_block,circular,per_chunk,4,4
1994,12209,16041,16,0,0,layered_block,circular,per_chunk,4,4
1995,12125,15916,16,0,0,layered_block,circular,per_chunk,4,4
1996,12084,15959,16,0,0,layered_block,circular,per_chunk,4,4
1997,12042,15959,16,0,0,layered_block,circular,per_chunk,4,4
1998,12125,15958,16,0,0,layered_block,circular,per_chunk,4,4
1999,12167,16084,16,0,0,layered_block,circular,per_chunk,4,4
2000,12166,21875,16,0,0,layered_block,circular,per_chunk,4,4
2001,12000,15875,16,0,0,layered_block,circular,per_chunk,4,4
2002,12125,15917,16,0,0,layered_block,circular,per_chunk,4,4
2003,12041,15916,16,0,0,layered_block,circular,per_chunk,4,4
2004,12083,15959,16,0,0,layered_block,circular,per_chunk,4,4
2005,12125,16000,16,0,0,layered_block,circular,per_chunk,4,4
2006,12208,15958,16,0,0,layered_block,circular,per_chunk,4,4
2007,12333,16125,16,0,0,layered_block,circular,per_chunk,4,4
2008,12000,15917,16,0,0,layered_block,circular,per_chunk,4,4
2009,12166,16042,16,0,0,layered_block,circular,per_chunk,4,4
2010,12208,16083,16,0,0,layered_block,circular,per_chunk,4,4
2011,12000,15917,16,0,0,layered_block,circular,per_chunk,4,4
2012,12125,15958,16,0,0,layered_block,circular,per_chunk,4,4
2013,12625,16500,16,0,0,layered_block,circular,per_chunk,4,4
2014,12208,16083,16,0,0,layered_block,circular,per_chunk,4,4
2015,12125,15917,16,0,0,layered_block,circular,per_chunk,4,4
2016,12041,16000,16,0,0,layered_block,circular,per_chunk,4,4
2017,19458,23500,16,0,0,layered_block,circular,per_chunk,4,4
2018,12084,16000,16,0,0,layered_block,circular,per_chunk,4,4
2019,12625,16500,16,0,0,layered_block,circular,per_chunk,4,4
2020,12125,16000,16,0,0,layered_block,circular,per_chunk,4,4
2021,12125,15958,16,0,0,layered_block,circular,per_chunk,4,4
2022,11916,15958,16,0,0,layered_block,circular,per_chunk,4,4
2023,12083,16000,16,0,0,layered_block,circular,per_chunk,4,4
2024,12041,15958,16,0,0,layered_block,circular,per_chunk,4,4
2025,12125,15958,16,0,0,layered_block,circular,per_chunk,4,4
2026,12166,15958,16,0,0,layered_block,circular,per_chunk,4,4
2027,12083,15958,16,0,0,layered_block,circular,per_chunk,4,4
2028,12333,16208,16,0,0,layered_block,circular,per_chunk,4,4
2029,12416,16208,16,0,0,layered_block,circular,per_chunk,4,4
2030,12084,16000,16,0,0,layered_block,circular,per_chunk,4,4
2031,17833,21833,16,0,0,layered_block,circular,per_chunk,4,4
2032,12083,15958,16,0,0,layered_block,circular,per_chunk,4,4
2033,12042,16000,16,0,0,layered_block,circular,per_chunk,4,4
2034,19542,23459,16,0,0,layered_block,circular,per_chunk,4,4
2035,12041,15959,16,0,0,layered_block,circular,per_chunk,4,4
2036,12167,16000,16,0,0,layered_block,circular,per_chunk,4,4
2037,12083,15916,16,0,0,layered_block,circular,per_chunk,4,4
2038,12041,15958,16,0,0,layered_block,circular,per_chunk,4,4
2039,12250,16083,16,0,0,layered_block,circular,per_chunk,4,4
2040,11959,15833,16,0,0,layered_block,circular,per_chunk,4,4
2041,12125,15958,16,0,0,layered_block,circular,per_chunk,4,4
2042,12167,16083,16,0,0,layered_block,circular,per_chunk,4,4
2043,12083,15917,16,0,0,layered_block,circular,per_chunk,4,4
2044,12042,15959,16,0,0,layered_block,circular,per_chunk,4,4
2045,12167,16000,16,0,0,layered_block,circular,per_chunk,4,4
2046,12166,16000,16,0,0,layered_block,circular,per_chunk,4,4
2047,12291,16166,16,0,0,layered_block,circular,per_chunk,4,4
2048,12083,15917,16,0,0,layered_block,circular,per_chunk,4,4
2049,12125,15917,16,0,0,layered_block,circular,per_chunk,4,4
2050,12375,16250,16,0,0,layered_block,circular,per_chunk,4,4
2051,12041,15875,16,0,0,layered_block,circular,per_chunk,4,4
2052,12250,16125,16,0,0,layered_block,circular,per_chunk,4,4
2053,12083,15958,16,0,0,layered_block,circular,per_chunk,4,4
2054,12166,15958,16,0,0,layered_block,circular,per_chunk,4,4
2055,12584,16458,16,0,0,layered_block,circular,per_chunk,4,4
2056,12000,15917,16,0,0,layered_block,circular,per_chunk,4,4
2057,12083,15875,16,0,0,layered_block,circular,per_chunk,4,4
2058,12208,16042,16,0,0,layered_block,circular,per_chunk,4,4
2059,12917,16667,16,0,0,layered_block,circular,per_chunk,4,4
2060,12042,15917,16,0,0,layered_block,circular,per_chunk,4,4
2061,12083,15875,16,0,0,layered_block,circular,per_chunk,4,4
2062,12083,15916,16,0,0,layered_block,circular,per_chunk,4,4
2063,12000,15875,16,0,0,layered_block,circular,per_chunk,4,4
2064,12250,16000,16,0,0,layered_block,circular,per_chunk,4,4
2065,12041,15917,16,0,0,layered_block,circular,per_chunk,4,4
2066,12084,15916,16,0,0,layered_block,circular,per_chunk,4,4
2067,12500,16375,16,0,0,layered_block,circular,per_chunk,4,4
2068,12083,15958,16,0,0,layered_block,circular,per_chunk,4,4
2069,12167,16000,16,0,0,layered_block,circular,per_chunk,4,4
2070,12625,16791,16,0,0,layered_block,circular,per_chunk,4,4
2071,12083,15959,16,0,0,layered_block,circular,per_chunk,4,4
2072,11875,15917,16,0,0,layered_block,circular,per_chunk,4,4
2073,19166,23042,16,0,0,layered_block,circular,per_chunk,4,4
2074,12250,16125,16,0,0,layered_block,circular,per_chunk,4,4
2075,12167,15958,16,0,0,layered_block,circular,per_chunk,4,4
2076,12041,15916,16,0,0,layered_block,circular,per_chunk,4,4
2077,12084,15958,16,0,0,layered_block,circular,per_chunk,4,4
2078,12084,16000,16,0,0,layered_block,circular,per_chunk,4,4
2079,12291,16083,16,0,0,layered_block,circular,per_chunk,4,4
2080,12042,15958,16,0,0,layered_block,circular,per_chunk,4,4
2081,12208,16042,16,0,0,layered_block,circular,per_chunk,4,4
2082,12083,15958,16,0,0,layered_block,circular,per_chunk,4,4
2083,12250,16125,16,0,0,layered_block,circular,per_chunk,4,4
2084,12042,15959,16,0,0,layered_block,circular,per_chunk,4,4
2085,12084,15958,16,0,0,layered_block,circular,per_chunk,4,4
2086,12000,15958,16,0,0,layered_block,circular,per_chunk,4,4
2087,12083,15958,16,0,0,layered_block,circular,per_chunk,4,4
2088,12084,16000,16,0,0,layered_block,circular,per_chunk,4,4
2089,12000,15875,16,0,0,layered_block,circular,per_chunk,4,4
2090,12125,15959,16,0,0,layered_block,circular,per_chunk,4,4
2091,12000,15917,16,0,0,layered_block,circular,per_chunk,4,4
2092,12292,16166,16,0,0,layered_block,circular,per_chunk,4,4
2093,12000,15917,16,0,0,layered_block,circular,per_chunk,4,4
2094,12166,16125,16,0,0,layered_block,circular,per_chunk,4,4
2095,12250,16125,16,0,0,layered_block,circular,per_chunk,4,4
2096,12167,15959,16,0,0,layered_block,circular,per_chunk,4,4
2097,12084,15958,16,0,0,layered_block,circular,per_chunk,4,4
2098,12000,15917,16,0,0,layered_block,circular,per_chunk,4,4
2099,12041,15958,16,0,0,layered_block,circular,per_chunk,4,4
2100,12083,15917,16,0,0,layered_block,circular,per_chunk,4,4
2101,12042,15958,16,0,0,layered_block,circular,per_chunk,4,4
2102,12084,15875,16,0,0,layered_block,circular,per_chunk,4,4
2103,12084,16000,16,0,0,layered_block,circular,per_chunk,4,4
2104,12125,15916,16,0,0,layered_block,circular,per_chunk,4,4
2105,11959,16083,16,0,0,layered_block,circular,per_chunk,4,4
2106,12042,15875,16,0,0,layered_block,circular,per_chunk,4,4
2107,12125,15875,16,0,0,layered_block,circular,per_chunk,4,4
2108,12083,15916,16,0,0,layered_block,circular,per_chunk,4,4
2109,20125,24000,16,0,0,layered_block,circular,per_chunk,4,4
2110,12166,16042,16,0,0,layered_block,circular,per_chunk,4,4
2111,12166,16000,16,0,0,layered_block,circular,per_chunk,4,4
2112,12042,15916,16,0,0,layered_block,circular,per_chunk,4,4
2113,11916,16041,16,0,0,layered_block,circular,per_chunk,4,4
2114,11958,15959,16,0,0,layered_block,circular,per_chunk,4,4
2115,12209,16083,16,0,0,layered_block,circular,per_chunk,4,4
2116,12083,15958,16,0,0,layered_block,circular,per_chunk,4,4
2117,12125,16000,16,0,0,layered_block,circular,per_chunk,4,4
2118,12125,15916,16,0,0,layered_block,circular,per_chunk,4,4
2119,12125,15916,16,0,0,layered_block,circular,per_chunk,4,4
2120,12167,16000,16,0,0,layered_block,circular,per_chunk,4,4
2121,12167,15917,16,0,0,layered_block,circular,per_chunk,4,4
2122,11917,15959,16,0,0,layered_block,circular,per_chunk,4,4
2123,12083,15958,16,0,0,layered_block,circular,per_chunk,4,4
2124,12042,15959,16,0,0,layered_block,circular,per_chunk,4,4
2125,12000,15958,16,0,0,layered_block,circular,per_chunk,4,4
2126,12125,15958,16,0,0,layered_block,circular,per_chunk,4,4
2127,12041,15958,16,0,0,layered_block,circular,per_chunk,4,4
2128,12084,15959,16,0,0,layered_block,circular,per_chunk,4,4
2129,12041,15916,16,0,0,layered_block,circular,per_chunk,4,4
2130,12000,15958,16,0,0,layered_block,circular,per_chunk,4,4
2131,17917,21958,16,0,0,layered_block,circular,per_chunk,4,4
2132,12042,15875,16,0,0,layered_block,circular,per_chunk,4,4
2133,11792,15875,16,0,0,layered_block,circular,per_chunk,4,4
2134,12625,16791,16,0,0,layered_block,circular,per_chunk,4,4
2135,12083,15958,16,0,0,layered_block,circular,per_chunk,4,4
2136,11833,15917,16,0,0,layered_block,circular,per_chunk,4,4
2137,12334,16167,16,0,0,layered_block,circular,per_chunk,4,4
2138,12041,15917,16,0,0,layered_block,circular,per_chunk,4,4
2139,12500,16250,16,0,0,layered_block,circular,per_chunk,4,4
2140,11958,16084,16,0,0,layered_block,circular,per_chunk,4,4
2141,12083,16000,16,0,0,layered_block,circular,per_chunk,4,4
2142,12000,15875,16,0,0,layered_block,circular,per_chunk,4,4
2143,12166,16041,16,0,0,layered_block,circular,per_chunk,4,4
2144,12000,15917,16,0,0,layered_block,circular,per_chunk,4,4
2145,19291,23167,16,0,0,layered_block,circular,per_chunk,4,4
2146,12083,16000,16,0,0,layered_block,circular,per_chunk,4,4
2147,12083,15958,16,0,0,layered_block,circular,per_chunk,4,4
2148,12417,16209,16,0,0,layered_block,circular,per_chunk,4,4
2149,12125,16041,16,0,0,layered_block,circular,per_chunk,4,4
2150,12084,15959,16,0,0,layered_block,circular,per_chunk,4,4
2151,12083,15958,16,0,0,layered_block,circular,per_chunk,4,4
2152,12083,15917,16,0,0,layered_block,circular,per_chunk,4,4
2153,12417,16208,16,0,0,layered_block,circular,per_chunk,4,4
2154,12125,15958,16,0,0,layered_block,circular,per_chunk,4,4
2155,12291,16125,16,0,0,layered_block,circular,per_chunk,4,4
2156,12125,16042,16,0,0,layered_block,circular,per_chunk,4,4
2157,12042,15875,16,0,0,layered_block,circular,per_chunk,4,4
2158,12042,15959,16,0,0,layered_block,circular,per_chunk,4,4
2159,19541,23458,16,0,0,layered_block,circular,per_chunk,4,4
2160,11834,15917,16,0,0,layered_block,circular,per_chunk,4,4
2161,12125,15958,16,0,0,layered_block,circular,per_chunk,4,4
2162,12084,15959,16,0,0,layered_block,circular,per_chunk,4,4
2163,12125,15916,16,0,0,layered_block,circular,per_chunk,4,4
2164,12000,15875,16,0,0,layered_block,circular,per_chunk,4,4
2165,12125,16000,16,0,0,layered_block,circular,per_chunk,4,4
2166,12042,15917,16,0,0,layered_block,circular,per_chunk,4,4
2167,12291,16166,16,0,0,layered_block,circular,per_chunk,4,4
2168,12125,15958,16,0,0,layered_block,circular,per_chunk,4,4
2169,12041,15916,16,0,0,layered_block,circular,per_chunk,4,4
2170,12042,15959,16,0,0,layered_block,circular,per_chunk,4,4
2171,12125,16000,16,0,0,layered_block,circular,per_chunk,4,4
2172,12125,15917,16,0,0,layered_block,circular,per_chunk,4,4
2173,12208,16041,16,0,0,layered_block,circular,per_chunk,4,4
2174,12042,15958,16,0,0,layered_block,circular,per_chunk,4,4
2175,12125,16000,16,0,0,layered_block,circular,per_chunk,4,4
2176,12042,15917,16,0,0,layered_block,circular,per_chunk,4,4
2177,12209,15959,16,0,0,layered_block,circular,per_chunk,4,4
2178,12000,15917,16,0,0,layered_block,circular,per_chunk,4,4
2179,12042,15875,16,0,0,layered_block,circular,per_chunk,4,4
2180,15667,19833,16,0,0,layered_block,circular,per_chunk,4,4
2181,12250,16209,16,0,0,layered_block,circular,per_chunk,4,4
2182,12125,16083,16,0,0,layered_block,circular,per_chunk,4,4
2183,12250,16125,16,0,0,layered_block,circular,per_chunk,4,4
2184,12084,16125,16,0,0,layered_block,circular,per_chunk,4,4
2185,12167,16083,16,0,0,layered_block,circular,per_chunk,4,4
2186,12083,16041,16,0,0,layered_block,circular,per_chunk,4,4
2187,12166,16042,16,0,0,layered_block,circular,per_chunk,4,4
2188,12083,16000,16,0,0,layered_block,circular,per_chunk,4,4
2189,12125,16000,16,0,0,layered_block,circular,per_chunk,4,4
2190,12209,16083,16,0,0,layered_block,circular,per_chunk,4,4
2191,12208,16125,16,0,0,layered_block,circular,per_chunk,4,4
2192,12167,16125,16,0,0,layered_block,circular,per_chunk,4,4
2193,12708,22167,16,0,0,layered_block,circular,per_chunk,4,4
2194,12083,16000,16,0,0,layered_block,circular,per_chunk,4,4
2195,12125,16083,16,0,0,layered_block,circular,per_chunk,4,4
2196,12250,16125,16,0,0,layered_block,circular,per_chunk,4,4
2197,12166,16000,16,0,0,layered_block,circular,per_chunk,4,4
2198,12167,16084,16,0,0,layered_block,circular,per_chunk,4,4
2199,12125,16042,16,0,0,layered_block,circular,per_chunk,4,4
2200,12083,15958,16,0,0,layered_block,circular,per_chunk,4,4
2201,12083,16000,16,0,0,layered_block,circular,per_chunk,4,4
2202,12084,16000,16,0,0,layered_block,circular,per_chunk,4,4
2203,12084,16000,16,0,0,layered_block,circular,per_chunk,4,4
2204,12084,16084,16,0,0,layered_block,circular,per_chunk,4,4
2205,12209,16041,16,0,0,layered_block,circular,per_chunk,4,4
2206,12042,16000,16,0,0,layered_block,circular,per_chunk,4,4
2207,12125,16125,16,0,0,layered_block,circular,per_chunk,4,4
2208,12167,16083,16,0,0,layered_block,circular,per_chunk,4,4
2209,12083,16042,16,0,0,layered_block,circular,per_chunk,4,4
2210,12500,22584,16,0,0,layered_block,circular,per_chunk,4,4
2211,12125,16042,16,0,0,layered_block,circular,per_chunk,4,4
2212,12084,16041,16,0,0,layered_block,circular,per_chunk,4,4
2213,12084,16000,16,0,0,layered_block,circular,per_chunk,4,4
2214,12083,16000,16,0,0,layered_block,circular,per_chunk,4,4
2215,12083,16000,16,0,0,layered_block,circular,per_chunk,4,4
2216,12291,16167,16,0,0,layered_block,circular,per_chunk,4,4
2217,12292,16167,16,0,0,layered_block,circular,per_chunk,4,4
2218,12083,16000,16,0,0,layered_block,circular,per_chunk,4,4
2219,12417,16250,16,0,0,layered_block,circular,per_chunk,4,4
2220,12125,16000,16,0,0,layered_block,circular,per_chunk,4,4
2221,12167,16041,16,0,0,layered_block,circular,per_chunk,4,4
2222,12042,15916,16,0,0,layered_block,circular,per_chunk,4,4
2223,12375,16292,16,0,0,layered_block,circular,per_chunk,4,4
2224,12166,16000,16,0,0,layered_block,circular,per_chunk,4,4
2225,12250,16083,16,0,0,layered_block,circular,per_chunk,4,4
2226,12208,16167,16,0,0,layered_block,circular,per_chunk,4,4
2227,12292,16250,16,0,0,layered_block,circular,per_chunk,4,4
2228,12125,15916,16,0,0,layered_block,circular,per_chunk,4,4
2229,12041,16000,16,0,0,layered_block,circular,per_chunk,4,4
2230,19792,23792,16,0,0,layered_block,circular,per_chunk,4,4
2231,12042,15958,16,0,0,layered_block,circular,per_chunk,4,4
2232,12334,16208,16,0,0,layered_block,circular,per_chunk,4,4
2233,12084,15958,16,0,0,layered_block,circular,per_chunk,4,4
2234,12166,16084,16,0,0,layered_block,circular,per_chunk,4,4
2235,12083,16042,16,0,0,layered_block,circular,per_chunk,4,4
2236,12042,16000,16,0,0,layered_block,circular,per_chunk,4,4
2237,12375,16167,16,0,0,layered_block,circular,per_chunk,4,4
2238,12041,15958,16,0,0,layered_block,circular,per_chunk,4,4
2239,12167,22375,16,0,0,layered_block,circular,per_chunk,4,4
2240,12250,16125,16,0,0,layered_block,circular,per_chunk,4,4
2241,12375,16291,16,0,0,layered_block,circular,per_chunk,4,4
2242,12084,16000,16,0,0,layered_block,circular,per_chunk,4,4
2243,12125,15958,16,0,0,layered_block,circular,per_chunk,4,4
2244,12125,16041,16,0,0,layered_block,circular,per_chunk,4,4
2245,12250,21667,16,0,0,layered_block,circular,per_chunk,4,4
2246,12125,16000,16,0,0,layered_block,circular,per_chunk,4,4
2247,12083,16209,16,0,0,layered_block,circular,per_chunk,4,4
2248,20125,24041,16,0,0,layered_block,circular,per_chunk,4,4
2249,12083,16042,16,0,0,layered_block,circular,per_chunk,4,4
2250,11875,16042,16,0,0,layered_block,circular,per_chunk,4,4
2251,12042,15917,16,0,0,layered_block,circular,per_chunk,4,4
2252,12083,16000,16,0,0,layered_block,circular,per_chunk,4,4
2253,12166,16042,16,0,0,layered_block,circular,per_chunk,4,4
2254,12167,16000,16,0,0,layered_block,circular,per_chunk,4,4
2255,12083,15958,16,0,0,layered_block,circular,per_chunk,4,4
2256,12250,16167,16,0,0,layered_block,circular,per_chunk,4,4
2257,12167,16000,16,0,0,layered_block,circular,per_chunk,4,4
2258,12042,15958,16,0,0,layered_block,circular,per_chunk,4,4
2259,12333,16208,16,0,0,layered_block,circular,per_chunk,4,4
2260,12208,16000,16,0,0,layered_block,circular,per_chunk,4,4
2261,12042,15959,16,0,0,layered_block,circular,per_chunk,4,4
2262,11875,15833,16,0,0,layered_block,circular,per_chunk,4,4
2263,12125,15916,16,0,0,layered_block,circular,per_chunk,4,4
2264,12083,16041,16,0,0,layered_block,circular,per_chunk,4,4
2265,12042,16000,16,0,0,layered_block,circular,per_chunk,4,4
2266,12083,16000,16,0,0,layered_block,circular,per_chunk,4,4
2267,12125,16000,16,0,0,layered_block,circular,per_chunk,4,4
2268,20000,23958,16,0,0,layered_block,circular,per_chunk,4,4
2269,12083,16000,16,0,0,layered_block,circular,per_chunk,4,4
2270,12125,16041,16,0,0,layered_block,circular,per_chunk,4,4
2271,12083,16042,16,0,0,layered_block,circular,per_chunk,4,4
2272,12125,16042,16,0,0,layered_block,circular,per_chunk,4,4
2273,12500,16292,16,0,0,layered_block,circular,per_chunk,4,4
2274,12375,16209,16,0,0,layered_block,circular,per_chunk,4,4
2275,12041,15958,16,0,0,layered_block,circular,per_chunk,4,4
2276,12125,16000,16,0,0,layered_block,circular,per_chunk,4,4
2277,12125,16000,16,0,0,layered_block,circular,per_chunk,4,4
2278,12000,15917,16,0,0,layered_block,circular,per_chunk,4,4
2279,12041,16000,16,0,0,layered_block,circular,per_chunk,4,4
2280,12209,16041,16,0,0,layered_block,circular,per_chunk,4,4
2281,12125,16042,16,0,0,layered_block,circular,per_chunk,4,4
2282,12083,16000,16,0,0,layered_block,circular,per_chunk,4,4
2283,12125,16000,16,0,0,layered_block,circular,per_chunk,4,4
2284,12084,16000,16,0,0,layered_block,circular,per_chunk,4,4
2285,12083,16000,16,0,0,layered_block,circular,per_chunk,4,4
2286,12208,16000,16,0,0,layered_block,circular,per_chunk,4,4
2287,11917,16041,16,0,0,layered_block,circular,per_chunk,4,4
2288,12250,16083,16,0,0,layered_block,circular,per_chunk,4,4
2289,12084,16042,16,0,0,layered_block,circular,per_chunk,4,4
2290,12083,16000,16,0,0,layered_block,circular,per_chunk,4,4
2291,12167,15959,16,0,0,layered_block,circular,per_chunk,4,4
2292,12000,15959,16,0,0,layered_block,circular,per_chunk,4,4
2293,19167,23083,16,0,0,layered_block,circular,per_chunk,4,4
2294,12125,16000,16,0,0,layered_block,circular,per_chunk,4,4
2295,12125,16125,16,0,0,layered_block,circular,per_chunk,4,4
2296,12333,16250,16,0,0,layered_block,circular,per_chunk,4,4
2297,12125,16000,16,0,0,layered_block,circular,per_chunk,4,4
2298,12042,15959,16,0,0,layered_block,circular,per_chunk,4,4
2299,12083,15959,16,0,0,layered_block,circular,per_chunk,4,4
2300,12084,16000,16,0,0,layered_block,circular,per_chunk,4,4
2301,12209,16125,16,0,0,layered_block,circular,per_chunk,4,4
2302,12125,16042,16,0,0,layered_block,circular,per_chunk,4,4
2303,12166,16083,16,0,0,layered_block,circular,per_chunk,4,4
2304,12000,16042,16,0,0,layered_block,circular,per_chunk,4,4
2305,12042,15959,16,0,0,layered_block,circular,per_chunk,4,4
2306,12083,16000,16,0,0,layered_block,circular,per_chunk,4,4
2307,12250,16167,16,0,0,layered_block,circular,per_chunk,4,4
2308,12208,16125,16,0,0,layered_block,circular,per_chunk,4,4
2309,12000,15917,16,0,0,layered_block,circular,per_chunk,4,4
2310,12208,16167,16,0,0,layered_block,circular,per_chunk,4,4
2311,12500,16333,16,0,0,layered_block,circular,per_chunk,4,4
2312,12250,16167,16,0,0,layered_block,circular,per_chunk,4,4
2313,12041,15916,16,0,0,layered_block,circular,per_chunk,4,4
2314,12125,15916,16,0,0,layered_block,circular,per_chunk,4,4
2315,12208,16125,16,0,0,layered_block,circular,per_chunk,4,4
2316,12375,16292,16,0,0,layered_block,circular,per_chunk,4,4
2317,12125,16000,16,0,0,layered_block,circular,per_chunk,4,4
2318,12166,16167,16,0,0,layered_block,circular,per_chunk,4,4
2319,12041,16000,16,0,0,layered_block,circular,per_chunk,4,4
2320,12083,16000,16,0,0,layered_block,circular,per_chunk,4,4
2321,12083,16000,16,0,0,layered_block,circular,per_chunk,4,4
2322,12000,15917,16,0,0,layered_block,circular,per_chunk,4,4
2323,12459,16292,16,0,0,layered_block,circular,per_chunk,4,4
2324,12042,16000,16,0,0,layered_block,circular,per_chunk,4,4
2325,12250,16125,16,0,0,layered_block,circular,per_chunk,4,4
2326,12167,16042,16,0,0,layered_block,circular,per_chunk,4,4
2327,109250,113583,16,0,0,layered_block,circular,per_chunk,4,4
2328,12416,21958,16,0,0,layered_block,circular,per_chunk,4,4
2329,12083,15958,16,0,0,layered_block,circular,per_chunk,4,4
2330,12166,16083,16,0,0,layered_block,circular,per_chunk,4,4
2331,12125,16042,16,0,0,layered_block,circular,per_chunk,4,4
2332,12083,16000,16,0,0,layered_block,circular,per_chunk,4,4
2333,12208,16084,16,0,0,layered_block,circular,per_chunk,4,4
2334,12375,16125,16,0,0,layered_block,circular,per_chunk,4,4
2335,12125,16042,16,0,0,layered_block,circular,per_chunk,4,4
2336,12459,16375,16,0,0,layered_block,circular,per_chunk,4,4
2337,12166,16000,16,0,0,layered_block,circular,per_chunk,4,4
2338,12083,16042,16,0,0,layered_block,circular,per_chunk,4,4
2339,12459,16584,16,0,0,layered_block,circular,per_chunk,4,4
2340,12125,15959,16,0,0,layered_block,circular,per_chunk,4,4
2341,12042,16000,16,0,0,layered_block,circular,per_chunk,4,4
2342,11959,15958,16,0,0,layered_block,circular,per_chunk,4,4
2343,12167,16000,16,0,0,layered_block,circular,per_chunk,4,4
2344,12167,16000,16,0,0,layered_block,circular,per_chunk,4,4
2345,12250,16167,16,0,0,layered_block,circular,per_chunk,4,4
2346,12084,16000,16,0,0,layered_block,circular,per_chunk,4,4
2347,12292,16250,16,0,0,layered_block,circular,per_chunk,4,4
2348,12000,15959,16,0,0,layered_block,circular,per_chunk,4,4
2349,12167,16000,16,0,0,layered_block,circular,per_chunk,4,4
2350,12167,16083,16,0,0,layered_block,circular,per_chunk,4,4
2351,12125,16042,16,0,0,layered_block,circular,per_chunk,4,4
2352,12250,16125,16,0,0,layered_block,circular,per_chunk,4,4
2353,12209,16166,16,0,0,layered_block,circular,per_chunk,4,4
2354,12042,16000,16,0,0,layered_block,circular,per_chunk,4,4
2355,12084,16042,16,0,0,layered_block,circular,per_chunk,4,4
2356,11833,16041,16,0,0,layered_block,circular,per_chunk,4,4
2357,12084,16000,16,0,0,layered_block,circular,per_chunk,4,4
2358,12125,16000,16,0,0,layered_block,circular,per_chunk,4,4
2359,12917,16791,16,0,0,layered_block,circular,per_chunk,4,4
2360,12334,16250,16,0,0,layered_block,circular,per_chunk,4,4
2361,12042,15959,16,0,0,layered_block,circular,per_chunk,4,4
2362,12041,15958,16,0,0,layered_block,circular,per_chunk,4,4
2363,12250,16208,16,0,0,layered_block,circular,per_chunk,4,4
2364,12334,16291,16,0,0,layered_block,circular,per_chunk,4,4
2365,19542,23459,16,0,0,layered_block,circular,per_chunk,4,4
2366,12250,16084,16,0,0,layered_block,circular,per_chunk,4,4
2367,15542,19417,16,0,0,layered_block,circular,per_chunk,4,4
2368,12042,15959,16,0,0,layered_block,circular,per_chunk,4,4
2369,12167,16000,16,0,0,layered_block,circular,per_chunk,4,4
2370,12084,16000,16,0,0,layered_block,circular,per_chunk,4,4
2371,12209,16083,16,0,0,layered_block,circular,per_chunk,4,4
2372,12166,16042,16,0,0,layered_block,circular,per_chunk,4,4
2373,12583,16417,16,0,0,layered_block,circular,per_chunk,4,4
2374,12417,16334,16,0,0,layered_block,circular,per_chunk,4,4
2375,12209,15959,16,0,0,layered_block,circular,per_chunk,4,4
2376,12125,16083,16,0,0,layered_block,circular,per_chunk,4,4
2377,19959,23875,16,0,0,layered_block,circular,per_chunk,4,4
2378,12042,15958,16,0,0,layered_block,circular,per_chunk,4,4
2379,12084,16000,16,0,0,layered_block,circular,per_chunk,4,4
2380,12041,16000,16,0,0,layered_block,circular,per_chunk,4,4
2381,12458,16334,16,0,0,layered_block,circular,per_chunk,4,4
2382,12042,15958,16,0,0,layered_block,circular,per_chunk,4,4
2383,12042,15958,16,0,0,layered_block,circular,per_chunk,4,4
2384,12125,16042,16,0,0,layered_block,circular,per_chunk,4,4
2385,12083,16042,16,0,0,layered_block,circular,per_chunk,4,4
2386,12167,16000,16,0,0,layered_block,circular,per_chunk,4,4
2387,12417,16292,16,0,0,layered_block,circular,per_chunk,4,4
2388,12166,16083,16,0,0,layered_block,circular,per_chunk,4,4
2389,12083,16000,16,0,0,layered_block,circular,per_chunk,4,4
2390,12041,15958,16,0,0,layered_block,circular,per_chunk,4,4
2391,12167,16084,16,0,0,layered_block,circular,per_chunk,4,4
2392,12125,15917,16,0,0,layered_block,circular,per_chunk,4,4
2393,12042,15958,16,0,0,layered_block,circular,per_chunk,4,4
2394,12125,16041,16,0,0,layered_block,circular,per_chunk,4,4
2395,12167,16042,16,0,0,layered_block,circular,per_chunk,4,4
2396,12167,16125,16,0,0,layered_block,circular,per_chunk,4,4
2397,12583,16875,16,0,0,layered_block,circular,per_chunk,4,4
2398,12250,16167,16,0,0,layered_block,circular,per_chunk,4,4
2399,12042,16041,16,0,0,layered_block,circular,per_chunk,4,4
2400,12083,16000,16,0,0,layered_block,circular,per_chunk,4,4
2401,12250,16125,16,0,0,layered_block,circular,per_chunk,4,4
2402,12042,16000,16,0,0,layered_block,circular,per_chunk,4,4
2403,12250,16167,16,0,0,layered_block,circular,per_chunk,4,4
2404,12292,16166,16,0,0,layered_block,circular,per_chunk,4,4
2405,12208,16125,16,0,0,layered_block,circular,per_chunk,4,4
2406,12250,16083,16,0,0,layered_block,circular,per_chunk,4,4
2407,85917,89917,16,0,0,layered_block,circular,per_chunk,4,4
2408,12000,16125,16,0,0,layered_block,circular,per_chunk,4,4
2409,12125,16000,16,0,0,layered_block,circular,per_chunk,4,4
2410,12209,16041,16,0,0,layered_block,circular,per_chunk,4,4
2411,12083,16083,16,0,0,layered_block,circular,per_chunk,4,4
2412,12250,16084,16,0,0,layered_block,circular,per_chunk,4,4
2413,12083,16042,16,0,0,layered_block,circular,per_chunk,4,4
2414,12208,16333,16,0,0,layered_block,circular,per_chunk,4,4
2415,12625,16500,16,0,0,layered_block,circular,per_chunk,4,4
2416,12375,16250,16,0,0,layered_block,circular,per_chunk,4,4
2417,12250,16167,16,0,0,layered_block,circular,per_chunk,4,4
2418,12291,16167,16,0,0,layered_block,circular,per_chunk,4,4
2419,12167,16084,16,0,0,layered_block,circular,per_chunk,4,4
2420,12125,16000,16,0,0,layered_block,circular,per_chunk,4,4
2421,12084,16000,16,0,0,layered_block,circular,per_chunk,4,4
2422,12209,16083,16,0,0,layered_block,circular,per_chunk,4,4
2423,12042,16042,16,0,0,layered_block,circular,per_chunk,4,4
2424,12083,16000,16,0,0,layered_block,circular,per_chunk,4,4
2425,12208,16125,16,0,0,layered_block,circular,per_chunk,4,4
2426,12042,15958,16,0,0,layered_block,circular,per_chunk,4,4
2427,12500,16458,16,0,0,layered_block,circular,per_chunk,4,4
2428,12375,16333,16,0,0,layered_block,circular,per_chunk,4,4
2429,12084,15959,16,0,0,layered_block,circular,per_chunk,4,4
2430,12125,16000,16,0,0,layered_block,circular,per_chunk,4,4
2431,12208,16083,16,0,0,layered_block,circular,per_chunk,4,4
2432,12291,16167,16,0,0,layered_block,circular,per_chunk,4,4
2433,12166,16167,16,0,0,layered_block,circular,per_chunk,4,4
2434,12042,16000,16,0,0,layered_block,circular,per_chunk,4,4
2435,12083,15958,16,0,0,layered_block,circular,per_chunk,4,4
2436,12208,16167,16,0,0,layered_block,circular,per_chunk,4,4
2437,12083,16000,16,0,0,layered_block,circular,per_chunk,4,4
2438,12167,15959,16,0,0,layered_block,circular,per_chunk,4,4
2439,12416,16375,16,0,0,layered_block,circular,per_chunk,4,4
2440,12209,16125,16,0,0,layered_block,circular,per_chunk,4,4
2441,12167,16000,16,0,0,layered_block,circular,per_chunk,4,4
2442,12166,16042,16,0,0,layered_block,circular,per_chunk,4,4
2443,19625,23750,16,0,0,layered_block,circular,per_chunk,4,4
2444,12167,15959,16,0,0,layered_block,circular,per_chunk,4,4
2445,12250,16125,16,0,0,layered_block,circular,per_chunk,4,4
2446,12333,16209,16,0,0,layered_block,circular,per_chunk,4,4
2447,12208,16125,16,0,0,layered_block,circular,per_chunk,4,4
2448,12166,16208,16,0,0,layered_block,circular,per_chunk,4,4
2449,12083,15958,16,0,0,layered_block,circular,per_chunk,4,4
2450,12084,16000,16,0,0,layered_block,circular,per_chunk,4,4
2451,12084,16000,16,0,0,layered_block,circular,per_chunk,4,4
2452,12209,16000,16,0,0,layered_block,circular,per_chunk,4,4
2453,12125,16000,16,0,0,layered_block,circular,per_chunk,4,4
2454,12042,16000,16,0,0,layered_block,circular,per_chunk,4,4
2455,12125,16042,16,0,0,layered_block,circular,per_chunk,4,4
2456,12042,16000,16,0,0,layered_block,circular,per_chunk,4,4
2457,12250,16166,16,0,0,layered_block,circular,per_chunk,4,4
2458,12167,15959,16,0,0,layered_block,circular,per_chunk,4,4
2459,12167,16083,16,0,0,layered_block,circular,per_chunk,4,4
2460,12167,16041,16,0,0,layered_block,circular,per_chunk,4,4
2461,12042,15959,16,0,0,layered_block,circular,per_chunk,4,4
2462,12084,16000,16,0,0,layered_block,circular,per_chunk,4,4
2463,12084,16000,16,0,0,layered_block,circular,per_chunk,4,4
2464,12167,16084,16,0,0,layered_block,circular,per_chunk,4,4
2465,12125,16041,16,0,0,layered_block,circular,per_chunk,4,4
2466,12125,15958,16,0,0,layered_block,circular,per_chunk,4,4
2467,12083,16000,16,0,0,layered_block,circular,per_chunk,4,4
2468,12125,16042,16,0,0,layered_block,circular,per_chunk,4,4
2469,12291,16125,16,0,0,layered_block,circular,per_chunk,4,4
2470,12125,16000,16,0,0,layered_block,circular,per_chunk,4,4
2471,12292,16125,16,0,0,layered_block,circular,per_chunk,4,4
2472,12041,15958,16,0,0,layered_block,circular,per_chunk,4,4
2473,11917,15959,16,0,0,layered_block,circular,per_chunk,4,4
2474,12166,16083,16,0,0,layered_block,circular,per_chunk,4,4
2475,12167,16000,16,0,0,layered_block,circular,per_chunk,4,4
2476,12041,15958,16,0,0,layered_block,circular,per_chunk,4,4
2477,12083,15958,16,0,0,layered_block,circular,per_chunk,4,4
2478,12125,16042,16,0,0,layered_block,circular,per_chunk,4,4
2479,12125,16042,16,0,0,layered_block,circular,per_chunk,4,4
2480,12083,16000,16,0,0,layered_block,circular,per_chunk,4,4
2481,12125,15958,16,0,0,layered_block,circular,per_chunk,4,4
2482,12167,16083,16,0,0,layered_block,circular,per_chunk,4,4
2483,12083,15959,16,0,0,layered_block,circular,per_chunk,4,4
2484,12125,16000,16,0,0,layered_block,circular,per_chunk,4,4
2485,12167,16000,16,0,0,layered_block,circular,per_chunk,4,4
2486,12334,16125,16,0,0,layered_block,circular,per_chunk,4,4
2487,12208,16083,16,0,0,layered_block,circular,per_chunk,4,4
2488,12166,16042,16,0,0,layered_block,circular,per_chunk,4,4
2489,12250,16167,16,0,0,layered_block,circular,per_chunk,4,4
2490,12083,16000,16,0,0,layered_block,circular,per_chunk,4,4
2491,12042,16000,16,0,0,layered_block,circular,per_chunk,4,4
2492,12166,15958,16,0,0,layered_block,circular,per_chunk,4,4
2493,11916,15958,16,0,0,layered_block,circular,per_chunk,4,4
2494,12166,16083,16,0,0,layered_block,circular,per_chunk,4,4
2495,12250,16125,16,0,0,layered_block,circular,per_chunk,4,4
2496,12250,16167,16,0,0,layered_block,circular,per_chunk,4,4
2497,12166,16125,16,0,0,layered_block,circular,per_chunk,4,4
2498,12167,16000,16,0,0,layered_block,circular,per_chunk,4,4
2499,12125,16083,16,0,0,layered_block,circular,per_chunk,4,4
2500,12083,16000,16,0,0,layered_block,circular,per_chunk,4,4
2501,12125,15958,16,0,0,layered_block,circular,per_chunk,4,4
2502,12083,15959,16,0,0,layered_block,circular,per_chunk,4,4
2503,12125,16041,16,0,0,layered_block,circular,per_chunk,4,4
2504,12291,16083,16,0,0,layered_block,circular,per_chunk,4,4
2505,12125,16000,16,0,0,layered_block,circular,per_chunk,4,4
2506,12042,15959,16,0,0,layered_block,circular,per_chunk,4,4
2507,12125,16041,16,0,0,layered_block,circular,per_chunk,4,4
2508,12083,16042,16,0,0,layered_block,circular,per_chunk,4,4
2509,12667,22875,16,0,0,layered_block,circular,per_chunk,4,4
2510,12125,16083,16,0,0,layered_block,circular,per_chunk,4,4
2511,11959,16083,16,0,0,layered_block,circular,per_chunk,4,4
2512,12167,16084,16,0,0,layered_block,circular,per_chunk,4,4
2513,12084,16041,16,0,0,layered_block,circular,per_chunk,4,4
2514,12417,16291,16,0,0,layered_block,circular,per_chunk,4,4
2515,12125,16042,16,0,0,layered_block,circular,per_chunk,4,4
2516,12333,16209,16,0,0,layered_block,circular,per_chunk,4,4
2517,12042,15959,16,0,0,layered_block,circular,per_chunk,4,4
2518,12125,16042,16,0,0,layered_block,circular,per_chunk,4,4
2519,12167,16125,16,0,0,layered_block,circular,per_chunk,4,4
2520,12500,16750,16,0,0,layered_block,circular,per_chunk,4,4
2521,12375,16208,16,0,0,layered_block,circular,per_chunk,4,4
2522,12083,16000,16,0,0,layered_block,circular,per_chunk,4,4
2523,12084,16041,16,0,0,layered_block,circular,per_chunk,4,4
2524,12208,16042,16,0,0,layered_block,circular,per_chunk,4,4
2525,12125,16041,16,0,0,layered_block,circular,per_chunk,4,4
2526,19875,23792,16,0,0,layered_block,circular,per_chunk,4,4
2527,12167,16041,16,0,0,layered_block,circular,per_chunk,4,4
2528,12000,15916,16,0,0,layered_block,circular,per_chunk,4,4
2529,12333,16208,16,0,0,layered_block,circular,per_chunk,4,4
2530,12125,16000,16,0,0,layered_block,circular,per_chunk,4,4
2531,12167,16000,16,0,0,layered_block,circular,per_chunk,4,4
2532,12125,16042,16,0,0,layered_block,circular,per_chunk,4,4
2533,12042,15917,16,0,0,layered_block,circular,per_chunk,4,4
2534,12083,16042,16,0,0,layered_block,circular,per_chunk,4,4
2535,12083,16000,16,0,0,layered_block,circular,per_chunk,4,4
2536,12125,16000,16,0,0,layered_block,circular,per_chunk,4,4
2537,12042,16000,16,0,0,layered_block,circular,per_chunk,4,4
2538,12125,16333,16,0,0,layered_block,circular,per_chunk,4,4
2539,12083,15959,16,0,0,layered_block,circular,per_chunk,4,4
2540,12125,16083,16,0,0,layered_block,circular,per_chunk,4,4
2541,12125,15917,16,0,0,layered_block,circular,per_chunk,4,4
2542,12125,16000,16,0,0,layered_block,circular,per_chunk,4,4
2543,12083,16000,16,0,0,layered_block,circular,per_chunk,4,4
2544,12208,16125,16,0,0,layered_block,circular,per_chunk,4,4
2545,12083,16000,16,0,0,layered_block,circular,per_chunk,4,4
2546,12167,16084,16,0,0,layered_block,circular,per_chunk,4,4
2547,12125,15959,16,0,0,layered_block,circular,per_chunk,4,4
2548,12167,16041,16,0,0,layered_block,circular,per_chunk,4,4
2549,12125,16042,16,0,0,layered_block,circular,per_chunk,4,4
2550,12125,16042,16,0,0,layered_block,circular,per_chunk,4,4
2551,12125,16000,16,0,0,layered_block,circular,per_chunk,4,4
2552,12292,16167,16,0,0,layered_block,circular,per_chunk,4,4
2553,12083,15958,16,0,0,layered_block,circular,per_chunk,4,4
2554,12250,16084,16,0,0,layered_block,circular,per_chunk,4,4
2555,12292,16291,16,0,0,layered_block,circular,per_chunk,4,4
2556,12125,16042,16,0,0,layered_block,circular,per_chunk,4,4
2557,12333,16209,16,0,0,layered_block,circular,per_chunk,4,4
2558,12042,16000,16,0,0,layered_block,circular,per_chunk,4,4
2559,12334,16250,16,0,0,layered_block,circular,per_chunk,4,4
2560,12000,16125,16,0,0,layered_block,circular,per_chunk,4,4
2561,12167,16000,16,0,0,layered_block,circular,per_chunk,4,4
2562,11875,16042,16,0,0,layered_block,circular,per_chunk,4,4
2563,12125,16000,16,0,0,layered_block,circular,per_chunk,4,4
2564,12042,16000,16,0,0,layered_block,circular,per_chunk,4,4
2565,12250,16125,16,0,0,layered_block,circular,per_chunk,4,4
2566,12208,16084,16,0,0,layered_block,circular,per_chunk,4,4
2567,12000,16084,16,0,0,layered_block,circular,per_chunk,4,4
2568,12292,16209,16,0,0,layered_block,circular,per_chunk,4,4
2569,12084,15958,16,0,0,layered_block,circular,per_chunk,4,4
2570,12084,16000,16,0,0,layered_block,circular,per_chunk,4,4
2571,12041,15958,16,0,0,layered_block,circular,per_chunk,4,4
2572,12167,16041,16,0,0,layered_block,circular,per_chunk,4,4
2573,12083,16042,16,0,0,layered_block,circular,per_chunk,4,4
2574,20917,24875,16,0,0,layered_block,circular,per_chunk,4,4
2575,12083,15959,16,0,0,layered_block,circular,per_chunk,4,4
2576,12041,16000,16,0,0,layered_block,circular,per_chunk,4,4
2577,12125,16000,16,0,0,layered_block,circular,per_chunk,4,4
2578,12084,16041,16,0,0,layered_block,circular,per_chunk,4,4
2579,12209,16166,16,0,0,layered_block,circular,per_chunk,4,4
2580,12166,16000,16,0,0,layered_block,circular,per_chunk,4,4
2581,12084,16000,16,0,0,layered_block,circular,per_chunk,4,4
2582,12125,16042,16,0,0,layered_block,circular,per_chunk,4,4
2583,12167,16000,16,0,0,layered_block,circular,per_chunk,4,4
2584,12000,15958,16,0,0,layered_block,circular,per_chunk,4,4
2585,19833,23834,16,0,0,layered_block,circular,per_chunk,4,4
2586,12125,16042,16,0,0,layered_block,circular,per_chunk,4,4
2587,12166,16042,16,0,0,layered_block,circular,per_chunk,4,4
2588,12208,16167,16,0,0,layered_block,circular,per_chunk,4,4
2589,12125,15958,16,0,0,layered_block,circular,per_chunk,4,4
2590,12125,16041,16,0,0,layered_block,circular,per_chunk,4,4
2591,12042,15917,16,0,0,layered_block,circular,per_chunk,4,4
2592,12167,16083,16,0,0,layered_block,circular,per_chunk,4,4
2593,12042,15958,16,0,0,layered_block,circular,per_chunk,4,4
2594,12417,16625,16,0,0,layered_block,circular,per_chunk,4,4
2595,12250,16166,16,0,0,layered_block,circular,per_chunk,4,4
2596,12000,15916,16,0,0,layered_block,circular,per_chunk,4,4
2597,19375,23333,16,0,0,layered_block,circular,per_chunk,4,4
2598,12083,16000,16,0,0,layered_block,circular,per_chunk,4,4
2599,12292,16125,16,0,0,layered_block,circular,per_chunk,4,4
2600,12583,16458,16,0,0,layered_block,circular,per_chunk,4,4
2601,12125,16042,16,0,0,layered_block,circular,per_chunk,4,4
2602,12167,16125,16,0,0,layered_block,circular,per_chunk,4,4
2603,12125,16042,16,0,0,layered_block,circular,per_chunk,4,4
2604,12166,16083,16,0,0,layered_block,circular,per_chunk,4,4
2605,12084,16000,16,0,0,layered_block,circular,per_chunk,4,4
2606,12167,16000,16,0,0,layered_block,circular,per_chunk,4,4
2607,12291,16250,16,0,0,layered_block,circular,per_chunk,4,4
2608,11834,16000,16,0,0,layered_block,circular,per_chunk,4,4
2609,12375,16292,16,0,0,layered_block,circular,per_chunk,4,4
2610,12167,16041,16,0,0,layered_block,circular,per_chunk,4,4
2611,12125,16041,16,0,0,layered_block,circular,per_chunk,4,4
2612,12209,16041,16,0,0,layered_block,circular,per_chunk,4,4
2613,12041,16000,16,0,0,layered_block,circular,per_chunk,4,4
2614,12167,16084,16,0,0,layered_block,circular,per_chunk,4,4
2615,12125,16042,16,0,0,layered_block,circular,per_chunk,4,4
2616,12083,16000,16,0,0,layered_block,circular,per_chunk,4,4
2617,12083,16000,16,0,0,layered_block,circular,per_chunk,4,4
2618,12333,16167,16,0,0,layered_block,circular,per_chunk,4,4
2619,12125,16083,16,0,0,layered_block,circular,per_chunk,4,4
2620,12042,15958,16,0,0,layered_block,circular,per_chunk,4,4
2621,12250,16209,16,0,0,layered_block,circular,per_chunk,4,4
2622,12125,16042,16,0,0,layered_block,circular,per_chunk,4,4
2623,12333,16250,16,0,0,layered_block,circular,per_chunk,4,4
2624,12167,16084,16,0,0,layered_block,circular,per_chunk,4,4
2625,12042,16042,16,0,0,layered_block,circular,per_chunk,4,4
2626,12959,23291,16,0,0,layered_block,circular,per_chunk,4,4
2627,12625,16500,16,0,0,layered_block,circular,per_chunk,4,4
2628,12208,16125,16,0,0,layered_block,circular,per_chunk,4,4
2629,12291,16083,16,0,0,layered_block,circular,per_chunk,4,4
2630,12125,16000,16,0,0,layered_block,circular,per_chunk,4,4
2631,12084,16000,16,0,0,layered_block,circular,per_chunk,4,4
2632,12333,16125,16,0,0,layered_block,circular,per_chunk,4,4
2633,12125,15959,16,0,0,layered_block,circular,per_chunk,4,4
2634,12125,16041,16,0,0,layered_block,circular,per_chunk,4,4
2635,12208,16125,16,0,0,layered_block,circular,per_chunk,4,4
2636,12166,16000,16,0,0,layered_block,circular,per_chunk,4,4
2637,12125,16042,16,0,0,layered_block,circular,per_chunk,4,4
2638,20417,24333,16,0,0,layered_block,circular,per_chunk,4,4
2639,12084,16000,16,0,0,layered_block,circular,per_chunk,4,4
2640,90834,94875,16,0,0,layered_block,circular,per_chunk,4,4
2641,12084,16041,16,0,0,layered_block,circular,per_chunk,4,4
2642,12208,16000,16,0,0,layered_block,circular,per_chunk,4,4
2643,12083,16000,16,0,0,layered_block,circular,per_chunk,4,4
2644,12084,16000,16,0,0,layered_block,circular,per_chunk,4,4
2645,12083,16000,16,0,0,layered_block,circular,per_chunk,4,4
2646,12250,16125,16,0,0,layered_block,circular,per_chunk,4,4
2647,12041,22500,16,0,0,layered_block,circular,per_chunk,4,4
2648,12125,16000,16,0,0,layered_block,circular,per_chunk,4,4
2649,12125,16000,16,0,0,layered_block,circular,per_chunk,4,4
2650,12084,15958,16,0,0,layered_block,circular,per_chunk,4,4
2651,12291,16167,16,0,0,layered_block,circular,per_chunk,4,4
2652,11875,15959,16,0,0,layered_block,circular,per_chunk,4,4
2653,12042,15958,16,0,0,layered_block,circular,per_chunk,4,4
2654,12291,16167,16,0,0,layered_block,circular,per_chunk,4,4
2655,12209,16167,16,0,0,layered_block,circular,per_chunk,4,4
2656,12042,15916,16,0,0,layered_block,circular,per_chunk,4,4
2657,12459,16333,16,0,0,layered_block,circular,per_chunk,4,4
2658,12208,16084,16,0,0,layered_block,circular,per_chunk,4,4
2659,12209,16000,16,0,0,layered_block,circular,per_chunk,4,4
2660,84750,89375,16,0,0,layered_block,circular,per_chunk,4,4
2661,11959,16083,16,0,0,layered_block,circular,per_chunk,4,4
2662,12166,16083,16,0,0,layered_block,circular,per_chunk,4,4
2663,12334,16208,16,0,0,layered_block,circular,per_chunk,4,4
2664,12167,16208,16,0,0,layered_block,circular,per_chunk,4,4
2665,12209,16000,16,0,0,layered_block,circular,per_chunk,4,4
2666,12208,16208,16,0,0,layered_block,circular,per_chunk,4,4
2667,12167,16083,16,0,0,layered_block,circular,per_chunk,4,4
2668,12125,16000,16,0,0,layered_block,circular,per_chunk,4,4
2669,12125,16000,16,0,0,layered_block,circular,per_chunk,4,4
2670,12166,16042,16,0,0,layered_block,circular,per_chunk,4,4
2671,12250,16042,16,0,0,layered_block,circular,per_chunk,4,4
2672,12084,16000,16,0,0,layered_block,circular,per_chunk,4,4
2673,18666,22750,16,0,0,layered_block,circular,per_chunk,4,4
2674,12000,15875,16,0,0,layered_block,circular,per_chunk,4,4
2675,12166,16042,16,0,0,layered_block,circular,per_chunk,4,4
2676,12208,16125,16,0,0,layered_block,circular,per_chunk,4,4
2677,12125,16042,16,0,0,layered_block,circular,per_chunk,4,4
2678,12042,15959,16,0,0,layered_block,circular,per_chunk,4,4
2679,12250,16125,16,0,0,layered_block,circular,per_chunk,4,4
2680,12083,15958,16,0,0,layered_block,circular,per_chunk,4,4
2681,12083,16000,16,0,0,layered_block,circular,per_chunk,4,4
2682,12083,16000,16,0,0,layered_block,circular,per_chunk,4,4
2683,12333,16250,16,0,0,layered_block,circular,per_chunk,4,4
2684,12125,16000,16,0,0,layered_block,circular,per_chunk,4,4
2685,20500,24417,16,0,0,layered_block,circular,per_chunk,4,4
2686,12042,15959,16,0,0,layered_block,circular,per_chunk,4,4
2687,12167,16042,16,0,0,layered_block,circular,per_chunk,4,4
2688,12083,16042,16,0,0,layered_block,circular,per_chunk,4,4
2689,12209,16000,16,0,0,layered_block,circular,per_chunk,4,4
2690,12125,16083,16,0,0,layered_block,circular,per_chunk,4,4
2691,12084,16000,16,0,0,layered_block,circular,per_chunk,4,4
2692,12125,16042,16,0,0,layered_block,circular,per_chunk,4,4
2693,12166,16042,16,0,0,layered_block,circular,per_chunk,4,4
2694,12084,15917,16,0,0,layered_block,circular,per_chunk,4,4
2695,12250,16125,16,0,0,layered_block,circular,per_chunk,4,4
2696,12083,16042,16,0,0,layered_block,circular,per_chunk,4,4
2697,12125,22083,16,0,0,layered_block,circular,per_chunk,4,4
2698,12083,16000,16,0,0,layered_block,circular,per_chunk,4,4
2699,12459,16333,16,0,0,layered_block,circular,per_chunk,4,4
2700,21292,25291,16,0,0,layered_block,circular,per_chunk,4,4
2701,12250,16208,16,0,0,layered_block,circular,per_chunk,4,4
2702,12084,16083,16,0,0,layered_block,circular,per_chunk,4,4
2703,12041,15917,16,0,0,layered_block,circular,per_chunk,4,4
2704,12125,16000,16,0,0,layered_block,circular,per_chunk,4,4
2705,12042,15958,16,0,0,layered_block,circular,per_chunk,4,4
2706,12166,16000,16,0,0,layered_block,circular,per_chunk,4,4
2707,12125,16042,16,0,0,layered_block,circular,per_chunk,4,4
2708,12125,16000,16,0,0,layered_block,circular,per_chunk,4,4
2709,12208,16125,16,0,0,layered_block,circular,per_chunk,4,4
2710,11959,15916,16,0,0,layered_block,circular,per_chunk,4,4
2711,12041,15958,16,0,0,layered_block,circular,per_chunk,4,4
2712,12375,16209,16,0,0,layered_block,circular,per_chunk,4,4
2713,12167,16042,16,0,0,layered_block,circular,per_chunk,4,4
2714,12084,16000,16,0,0,layered_block,circular,per_chunk,4,4
2715,12166,16000,16,0,0,layered_block,circular,per_chunk,4,4
2716,12083,16042,16,0,0,layered_block,circular,per_chunk,4,4
2717,12042,15958,16,0,0,layered_block,circular,per_chunk,4,4
2718,12125,16042,16,0,0,layered_block,circular,per_chunk,4,4
2719,12084,16000,16,0,0,layered_block,circular,per_chunk,4,4
2720,12750,17166,16,0,0,layered_block,circular,per_chunk,4,4
2721,12084,16041,16,0,0,layered_block,circular,per_chunk,4,4
2722,12209,16083,16,0,0,layered_block,circular,per_chunk,4,4
2723,12166,16042,16,0,0,layered_block,circular,per_chunk,4,4
2724,12041,15958,16,0,0,layered_block,circular,per_chunk,4,4
2725,12084,16000,16,0,0,layered_block,circular,per_chunk,4,4
2726,12292,16083,16,0,0,layered_block,circular,per_chunk,4,4
2727,12167,16000,16,0,0,layered_block,circular,per_chunk,4,4
2728,12167,16125,16,0,0,layered_block,circular,per_chunk,4,4
2729,12166,16084,16,0,0,layered_block,circular,per_chunk,4,4
2730,12167,16041,16,0,0,layered_block,circular,per_chunk,4,4
2731,12125,16042,16,0,0,layered_block,circular,per_chunk,4,4
2732,12125,16042,16,0,0,layered_block,circular,per_chunk,4,4
2733,12250,16083,16,0,0,layered_block,circular,per_chunk,4,4
2734,12042,16000,16,0,0,layered_block,circular,per_chunk,4,4
2735,12209,16083,16,0,0,layered_block,circular,per_chunk,4,4
2736,12083,16042,16,0,0,layered_block,circular,per_chunk,4,4
2737,12208,16125,16,0,0,layered_block,circular,per_chunk,4,4
2738,12208,16083,16,0,0,layered_block,circular,per_chunk,4,4
2739,12167,16000,16,0,0,layered_block,circular,per_chunk,4,4
2740,12125,16000,16,0,0,layered_block,circular,per_chunk,4,4
2741,12125,16000,16,0,0,layered_block,circular,per_chunk,4,4
2742,12209,16041,16,0,0,layered_block,circular,per_chunk,4,4
2743,12125,16041,16,0,0,layered_block,circular,per_chunk,4,4
2744,12042,15958,16,0,0,layered_block,circular,per_chunk,4,4
2745,12042,16000,16,0,0,layered_block,circular,per_chunk,4,4
2746,20666,24542,16,0,0,layered_block,circular,per_chunk,4,4
2747,12292,16125,16,0,0,layered_block,circular,per_chunk,4,4
2748,12125,16083,16,0,0,layered_block,circular,per_chunk,4,4
2749,12125,16041,16,0,0,layered_block,circular,per_chunk,4,4
2750,12209,16125,16,0,0,layered_block,circular,per_chunk,4,4
2751,12291,16167,16,0,0,layered_block,circular,per_chunk,4,4
2752,12166,16042,16,0,0,layered_block,circular,per_chunk,4,4
2753,12083,16000,16,0,0,layered_block,circular,per_chunk,4,4
2754,12084,16166,16,0,0,layered_block,circular,per_chunk,4,4
2755,12167,16000,16,0,0,layered_block,circular,per_chunk,4,4
2756,12125,16041,16,0,0,layered_block,circular,per_chunk,4,4
2757,12083,16042,16,0,0,layered_block,circular,per_chunk,4,4
2758,12584,16375,16,0,0,layered_block,circular,per_chunk,4,4
2759,12084,16000,16,0,0,layered_block,circular,per_chunk,4,4
2760,12250,16084,16,0,0,layered_block,circular,per_chunk,4,4
2761,12083,16000,16,0,0,layered_block,circular,per_chunk,4,4
2762,12125,16000,16,0,0,layered_block,circular,per_chunk,4,4
2763,12167,16041,16,0,0,layered_block,circular,per_chunk,4,4
2764,12084,16000,16,0,0,layered_block,circular,per_chunk,4,4
2765,12084,16041,16,0,0,layered_block,circular,per_chunk,4,4
2766,12125,16000,16,0,0,layered_block,circular,per_chunk,4,4
2767,12208,16042,16,0,0,layered_block,circular,per_chunk,4,4
2768,12166,16083,16,0,0,layered_block,circular,per_chunk,4,4
2769,12250,16167,16,0,0,layered_block,circular,per_chunk,4,4
2770,12083,15959,16,0,0,layered_block,circular,per_chunk,4,4
2771,12417,16375,16,0,0,layered_block,circular,per_chunk,4,4
2772,12291,16208,16,0,0,layered_block,circular,per_chunk,4,4
2773,12042,15959,16,0,0,layered_block,circular,per_chunk,4,4
2774,12375,16250,16,0,0,layered_block,circular,per_chunk,4,4
2775,12417,16291,16,0,0,layered_block,circular,per_chunk,4,4
2776,12375,16375,16,0,0,layered_block,circular,per_chunk,4,4
2777,12209,16083,16,0,0,layered_block,circular,per_chunk,4,4
2778,12083,16000,16,0,0,layered_block,circular,per_chunk,4,4
2779,12250,16125,16,0,0,layered_block,circular,per_chunk,4,4
2780,12250,16125,16,0,0,layered_block,circular,per_chunk,4,4
2781,12167,16042,16,0,0,layered_block,circular,per_chunk,4,4
2782,12166,16042,16,0,0,layered_block,circular,per_chunk,4,4
2783,12125,16042,16,0,0,layered_block,circular,per_chunk,4,4
2784,12000,15916,16,0,0,layered_block,circular,per_chunk,4,4
2785,12083,15958,16,0,0,layered_block,circular,per_chunk,4,4
2786,19917,23834,16,0,0,layered_block,circular,per_chunk,4,4
2787,12250,16042,16,0,0,layered_block,circular,per_chunk,4,4
2788,12041,16000,16,0,0,layered_block,circular,per_chunk,4,4
2789,12167,16041,16,0,0,layered_block,circular,per_chunk,4,4
2790,12166,16042,16,0,0,layered_block,circular,per_chunk,4,4
2791,12167,16084,16,0,0,layered_block,circular,per_chunk,4,4
2792,12250,16167,16,0,0,layered_block,circular,per_chunk,4,4
2793,12000,15917,16,0,0,layered_block,circular,per_chunk,4,4
2794,12125,16084,16,0,0,layered_block,circular,per_chunk,4,4
2795,18458,22583,16,0,0,layered_block,circular,per_chunk,4,4
2796,12250,16166,16,0,0,layered_block,circular,per_chunk,4,4
2797,12166,16042,16,0,0,layered_block,circular,per_chunk,4,4
2798,12084,15958,16,0,0,layered_block,circular,per_chunk,4,4
2799,12333,16208,16,0,0,layered_block,circular,per_chunk,4,4
2800,12375,16250,16,0,0,layered_block,circular,per_chunk,4,4
2801,12250,16166,16,0,0,layered_block,circular,per_chunk,4,4
2802,12167,16042,16,0,0,layered_block,circular,per_chunk,4,4
2803,12083,16042,16,0,0,layered_block,circular,per_chunk,4,4
2804,12209,16041,16,0,0,layered_block,circular,per_chunk,4,4
2805,12000,15959,16,0,0,layered_block,circular,per_chunk,4,4
2806,12042,15917,16,0,0,layered_block,circular,per_chunk,4,4
2807,12375,16333,16,0,0,layered_block,circular,per_chunk,4,4
2808,12333,16250,16,0,0,layered_block,circular,per_chunk,4,4
2809,12125,16042,16,0,0,layered_block,circular,per_chunk,4,4
2810,12208,16125,16,0,0,layered_block,circular,per_chunk,4,4
2811,12250,16208,16,0,0,layered_block,circular,per_chunk,4,4
2812,12083,15959,16,0,0,layered_block,circular,per_chunk,4,4
2813,12083,16000,16,0,0,layered_block,circular,per_chunk,4,4
2814,12208,16042,16,0,0,layered_block,circular,per_chunk,4,4
2815,12084,16000,16,0,0,layered_block,circular,per_chunk,4,4
2816,12041,16000,16,0,0,layered_block,circular,per_chunk,4,4
2817,12084,16041,16,0,0,layered_block,circular,per_chunk,4,4
2818,12208,16042,16,0,0,layered_block,circular,per_chunk,4,4
2819,12084,16000,16,0,0,layered_block,circular,per_chunk,4,4
2820,12084,16000,16,0,0,layered_block,circular,per_chunk,4,4
2821,12166,16000,16,0,0,layered_block,circular,per_chunk,4,4
2822,12083,16000,16,0,0,layered_block,circular,per_chunk,4,4
2823,19833,23792,16,0,0,layered_block,circular,per_chunk,4,4
2824,12125,16041,16,0,0,layered_block,circular,per_chunk,4,4
2825,12083,15959,16,0,0,layered_block,circular,per_chunk,4,4
2826,12083,16000,16,0,0,layered_block,circular,per_chunk,4,4
2827,12458,16292,16,0,0,layered_block,circular,per_chunk,4,4
2828,12167,16084,16,0,0,layered_block,circular,per_chunk,4,4
2829,12292,16166,16,0,0,layered_block,circular,per_chunk,4,4
2830,12083,15958,16,0,0,layered_block,circular,per_chunk,4,4
2831,12209,16125,16,0,0,layered_block,circular,per_chunk,4,4
2832,12083,15959,16,0,0,layered_block,circular,per_chunk,4,4
2833,12083,15958,16,0,0,layered_block,circular,per_chunk,4,4
2834,12333,16250,16,0,0,layered_block,circular,per_chunk,4,4
2835,20000,23917,16,0,0,layered_block,circular,per_chunk,4,4
2836,12125,16000,16,0,0,layered_block,circular,per_chunk,4,4
2837,12125,16000,16,0,0,layered_block,circular,per_chunk,4,4
2838,12084,15958,16,0,0,layered_block,circular,per_chunk,4,4
2839,12084,16000,16,0,0,layered_block,circular,per_chunk,4,4
2840,12250,16084,16,0,0,layered_block,circular,per_chunk,4,4
2841,12291,16208,16,0,0,layered_block,circular,per_chunk,4,4
2842,12167,16042,16,0,0,layered_block,circular,per_chunk,4,4
2843,12041,16000,16,0,0,layered_block,circular,per_chunk,4,4
2844,12125,16000,16,0,0,layered_block,circular,per_chunk,4,4
2845,12333,16209,16,0,0,layered_block,circular,per_chunk,4,4
2846,12250,16125,16,0,0,layered_block,circular,per_chunk,4,4
2847,12125,16000,16,0,0,layered_block,circular,per_chunk,4,4
2848,12083,15958,16,0,0,layered_block,circular,per_chunk,4,4
2849,12250,16208,16,0,0,layered_block,circular,per_chunk,4,4
2850,12084,16000,16,0,0,layered_block,circular,per_chunk,4,4
2851,12125,16042,16,0,0,layered_block,circular,per_chunk,4,4
2852,12167,16083,16,0,0,layered_block,circular,per_chunk,4,4
2853,12083,15958,16,0,0,layered_block,circular,per_chunk,4,4
2854,12292,16250,16,0,0,layered_block,circular,per_chunk,4,4
2855,12042,15958,16,0,0,layered_block,circular,per_chunk,4,4
2856,12167,16041,16,0,0,layered_block,circular,per_chunk,4,4
2857,12125,16000,16,0,0,layered_block,circular,per_chunk,4,4
2858,19833,23792,16,0,0,layered_block,circular,per_chunk,4,4
2859,12125,16000,16,0,0,layered_block,circular,per_chunk,4,4
2860,12333,16250,16,0,0,layered_block,circular,per_chunk,4,4
2861,12625,16459,16,0,0,layered_block,circular,per_chunk,4,4
2862,12084,16000,16,0,0,layered_block,circular,per_chunk,4,4
2863,12084,16041,16,0,0,layered_block,circular,per_chunk,4,4
2864,11833,15833,16,0,0,layered_block,circular,per_chunk,4,4
2865,12208,16042,16,0,0,layered_block,circular,per_chunk,4,4
2866,12125,16041,16,0,0,layered_block,circular,per_chunk,4,4
2867,12125,16000,16,0,0,layered_block,circular,per_chunk,4,4
2868,12167,16041,16,0,0,layered_block,circular,per_chunk,4,4
2869,12083,16042,16,0,0,layered_block,circular,per_chunk,4,4
2870,12333,16208,16,0,0,layered_block,circular,per_chunk,4,4
2871,12208,16125,16,0,0,layered_block,circular,per_chunk,4,4
2872,12167,16125,16,0,0,layered_block,circular,per_chunk,4,4
2873,12125,16042,16,0,0,layered_block,circular,per_chunk,4,4
2874,12083,16000,16,0,0,layered_block,circular,per_chunk,4,4
2875,12084,16041,16,0,0,layered_block,circular,per_chunk,4,4
2876,12083,16000,16,0,0,layered_block,circular,per_chunk,4,4
2877,12041,15916,16,0,0,layered_block,circular,per_chunk,4,4
2878,12041,16000,16,0,0,layered_block,circular,per_chunk,4,4
2879,12208,16083,16,0,0,layered_block,circular,per_chunk,4,4
2880,12208,16042,16,0,0,layered_block,circular,per_chunk,4,4
2881,12084,15958,16,0,0,layered_block,circular,per_chunk,4,4
2882,12250,16084,16,0,0,layered_block,circular,per_chunk,4,4
2883,12250,16250,16,0,0,layered_block,circular,per_chunk,4,4
2884,12166,16042,16,0,0,layered_block,circular,per_chunk,4,4
2885,12166,16042,16,0,0,layered_block,circular,per_chunk,4,4
2886,11875,16000,16,0,0,layered_block,circular,per_chunk,4,4
2887,19334,23208,16,0,0,layered_block,circular,per_chunk,4,4
2888,12333,16250,16,0,0,layered_block,circular,per_chunk,4,4
2889,12125,16042,16,0,0,layered_block,circular,per_chunk,4,4
2890,12041,15958,16,0,0,layered_block,circular,per_chunk,4,4
2891,12500,16458,16,0,0,layered_block,circular,per_chunk,4,4
2892,12208,16042,16,0,0,layered_block,circular,per_chunk,4,4
2893,12166,16000,16,0,0,layered_block,circular,per_chunk,4,4
2894,12334,16209,16,0,0,layered_block,circular,per_chunk,4,4
2895,11958,16042,16,0,0,layered_block,circular,per_chunk,4,4
2896,12083,15959,16,0,0,layered_block,circular,per_chunk,4,4
2897,12208,16000,16,0,0,layered_block,circular,per_chunk,4,4
2898,12167,16125,16,0,0,layered_block,circular,per_chunk,4,4
2899,12125,15959,16,0,0,layered_block,circular,per_chunk,4,4
2900,12125,16042,16,0,0,layered_block,circular,per_chunk,4,4
2901,12083,15959,16,0,0,layered_block,circular,per_chunk,4,4
2902,12125,16000,16,0,0,layered_block,circular,per_chunk,4,4
2903,12042,15959,16,0,0,layered_block,circular,per_chunk,4,4
2904,12083,16042,16,0,0,layered_block,circular,per_chunk,4,4
2905,12125,16000,16,0,0,layered_block,circular,per_chunk,4,4
2906,12125,16000,16,0,0,layered_block,circular,per_chunk,4,4
2907,12125,16125,16,0,0,layered_block,circular,per_chunk,4,4
2908,12083,16000,16,0,0,layered_block,circular,per_chunk,4,4
2909,12125,16041,16,0,0,layered_block,circular,per_chunk,4,4
2910,12042,16000,16,0,0,layered_block,circular,per_chunk,4,4
2911,12250,16083,16,0,0,layered_block,circular,per_chunk,4,4
2912,11834,16000,16,0,0,layered_block,circular,per_chunk,4,4
2913,12083,15959,16,0,0,layered_block,circular,per_chunk,4,4
2914,12125,16041,16,0,0,layered_block,circular,per_chunk,4,4
2915,12125,16000,16,0,0,layered_block,circular,per_chunk,4,4
2916,12167,16084,16,0,0,layered_block,circular,per_chunk,4,4
2917,12167,16083,16,0,0,layered_block,circular,per_chunk,4,4
2918,12000,16000,16,0,0,layered_block,circular,per_chunk,4,4
2919,12208,16000,16,0,0,layered_block,circular,per_chunk,4,4
2920,12542,16458,16,0,0,layered_block,circular,per_chunk,4,4
2921,12083,16042,16,0,0,layered_block,circular,per_chunk,4,4
2922,12208,16084,16,0,0,layered_block,circular,per_chunk,4,4
2923,12167,16041,16,0,0,layered_block,circular,per_chunk,4,4
2924,12667,16875,16,0,0,layered_block,circular,per_chunk,4,4
2925,12125,16000,16,0,0,layered_block,circular,per_chunk,4,4
2926,12125,15959,16,0,0,layered_block,circular,per_chunk,4,4
2927,12166,16000,16,0,0,layered_block,circular,per_chunk,4,4
2928,12167,16084,16,0,0,layered_block,circular,per_chunk,4,4
2929,12083,16042,16,0,0,layered_block,circular,per_chunk,4,4
2930,12291,16167,16,0,0,layered_block,circular,per_chunk,4,4
2931,12125,15958,16,0,0,layered_block,circular,per_chunk,4,4
2932,12208,16084,16,0,0,layered_block,circular,per_chunk,4,4
2933,12083,15959,16,0,0,layered_block,circular,per_chunk,4,4
2934,12208,16000,16,0,0,layered_block,circular,per_chunk,4,4
2935,12125,16167,16,0,0,layered_block,circular,per_chunk,4,4
2936,12584,16791,16,0,0,layered_block,circular,per_chunk,4,4
2937,12334,16250,16,0,0,layered_block,circular,per_chunk,4,4
2938,12458,16334,16,0,0,layered_block,circular,per_chunk,4,4
2939,12042,15958,16,0,0,layered_block,circular,per_chunk,4,4
2940,12250,16167,16,0,0,layered_block,circular,per_chunk,4,4
2941,12250,16166,16,0,0,layered_block,circular,per_chunk,4,4
2942,12084,16000,16,0,0,layered_block,circular,per_chunk,4,4
2943,12292,16250,16,0,0,layered_block,circular,per_chunk,4,4
2944,12125,16042,16,0,0,layered_block,circular,per_chunk,4,4
2945,12333,16250,16,0,0,layered_block,circular,per_chunk,4,4
2946,12167,16084,16,0,0,layered_block,circular,per_chunk,4,4
2947,12083,16000,16,0,0,layered_block,circular,per_chunk,4,4
2948,20708,24584,16,0,0,layered_block,circular,per_chunk,4,4
2949,12083,16000,16,0,0,layered_block,circular,per_chunk,4,4
2950,12333,16250,16,0,0,layered_block,circular,per_chunk,4,4
2951,12083,16000,16,0,0,layered_block,circular,per_chunk,4,4
2952,12125,16041,16,0,0,layered_block,circular,per_chunk,4,4
2953,12209,16084,16,0,0,layered_block,circular,per_chunk,4,4
2954,12084,16041,16,0,0,layered_block,circular,per_chunk,4,4
2955,12292,16209,16,0,0,layered_block,circular,per_chunk,4,4
2956,11959,16041,16,0,0,layered_block,circular,per_chunk,4,4
2957,12125,16041,16,0,0,layered_block,circular,per_chunk,4,4
2958,12167,16041,16,0,0,layered_block,circular,per_chunk,4,4
2959,12125,16000,16,0,0,layered_block,circular,per_chunk,4,4
2960,11958,21917,16,0,0,layered_block,circular,per_chunk,4,4
2961,12083,16084,16,0,0,layered_block,circular,per_chunk,4,4
2962,12291,16250,16,0,0,layered_block,circular,per_chunk,4,4
2963,12125,23166,16,0,0,layered_block,circular,per_chunk,4,4
2964,12083,16000,16,0,0,layered_block,circular,per_chunk,4,4
2965,12375,16250,16,0,0,layered_block,circular,per_chunk,4,4
2966,12083,16000,16,0,0,layered_block,circular,per_chunk,4,4
2967,12125,16041,16,0,0,layered_block,circular,per_chunk,4,4
2968,12083,16000,16,0,0,layered_block,circular,per_chunk,4,4
2969,19583,23417,16,0,0,layered_block,circular,per_chunk,4,4
2970,12125,16042,16,0,0,layered_block,circular,per_chunk,4,4
2971,11792,16000,16,0,0,layered_block,circular,per_chunk,4,4
2972,12208,16084,16,0,0,layered_block,circular,per_chunk,4,4
2973,74959,79041,16,0,0,layered_block,circular,per_chunk,4,4
2974,12375,16250,16,0,0,layered_block,circular,per_chunk,4,4
2975,12084,16042,16,0,0,layered_block,circular,per_chunk,4,4
2976,12375,16250,16,0,0,layered_block,circular,per_chunk,4,4
2977,12083,16042,16,0,0,layered_block,circular,per_chunk,4,4
2978,12333,16209,16,0,0,layered_block,circular,per_chunk,4,4
2979,12167,16042,16,0,0,layered_block,circular,per_chunk,4,4
2980,12292,16250,16,0,0,layered_block,circular,per_chunk,4,4
2981,12084,16000,16,0,0,layered_block,circular,per_chunk,4,4
2982,12125,15958,16,0,0,layered_block,circular,per_chunk,4,4
2983,11875,16042,16,0,0,layered_block,circular,per_chunk,4,4
2984,12083,16000,16,0,0,layered_block,circular,per_chunk,4,4
2985,12125,16000,16,0,0,layered_block,circular,per_chunk,4,4
2986,12083,16000,16,0,0,layered_block,circular,per_chunk,4,4
2987,17542,21500,16,0,0,layered_block,circular,per_chunk,4,4
2988,12125,16000,16,0,0,layered_block,circular,per_chunk,4,4
2989,12208,16083,16,0,0,layered_block,circular,per_chunk,4,4
2990,12084,16000,16,0,0,layered_block,circular,per_chunk,4,4
2991,12125,15958,16,0,0,layered_block,circular,per_chunk,4,4
2992,12125,16000,16,0,0,layered_block,circular,per_chunk,4,4
2993,12125,16042,16,0,0,layered_block,circular,per_chunk,4,4
2994,12042,16042,16,0,0,layered_block,circular,per_chunk,4,4
2995,12083,16000,16,0,0,layered_block,circular,per_chunk,4,4
2996,12334,16250,16,0,0,layered_block,circular,per_chunk,4,4
2997,12208,16042,16,0,0,layered_block,circular,per_chunk,4,4
2998,12250,16209,16,0,0,layered_block,circular,per_chunk,4,4
2999,18959,22833,16,0,0,layered_block,circular,per_chunk,4,4
3000,12042,15959,16,0,0,layered_block,circular,per_chunk,4,4
3001,12333,16209,16,0,0,layered_block,circular,per_chunk,4,4
3002,12084,16000,16,0,0,layered_block,circular,per_chunk,4,4
3003,12083,15958,16,0,0,layered_block,circular,per_chunk,4,4
3004,12041,16042,16,0,0,layered_block,circular,per_chunk,4,4
3005,19625,23583,16,0,0,layered_block,circular,per_chunk,4,4
3006,89125,93667,16,0,0,layered_block,circular,per_chunk,4,4
3007,12208,16125,16,0,0,layered_block,circular,per_chunk,4,4
3008,12041,16000,16,0,0,layered_block,circular,per_chunk,4,4
3009,12334,16166,16,0,0,layered_block,circular,per_chunk,4,4
3010,12125,16042,16,0,0,layered_block,circular,per_chunk,4,4
3011,12083,16000,16,0,0,layered_block,circular,per_chunk,4,4
3012,12042,15958,16,0,0,layered_block,circular,per_chunk,4,4
3013,12084,15958,16,0,0,layered_block,circular,per_chunk,4,4
3014,12042,16084,16,0,0,layered_block,circular,per_chunk,4,4
3015,12042,15958,16,0,0,layered_block,circular,per_chunk,4,4
3016,12125,16042,16,0,0,layered_block,circular,per_chunk,4,4
3017,12167,16083,16,0,0,layered_block,circular,per_chunk,4,4
3018,12125,16000,16,0,0,layered_block,circular,per_chunk,4,4
3019,12167,16042,16,0,0,layered_block,circular,per_chunk,4,4
3020,12000,16000,16,0,0,layered_block,circular,per_chunk,4,4
3021,12042,16041,16,0,0,layered_block,circular,per_chunk,4,4
3022,12542,16375,16,0,0,layered_block,circular,per_chunk,4,4
3023,12125,16125,16,0,0,layered_block,circular,per_chunk,4,4
3024,12250,16083,16,0,0,layered_block,circular,per_chunk,4,4
3025,12084,16000,16,0,0,layered_block,circular,per_chunk,4,4
3026,12375,16125,16,0,0,layered_block,circular,per_chunk,4,4
3027,17584,21541,16,0,0,layered_block,circular,per_chunk,4,4
3028,12167,16083,16,0,0,layered_block,circular,per_chunk,4,4
3029,12167,16041,16,0,0,layered_block,circular,per_chunk,4,4
3030,12167,16042,16,0,0,layered_block,circular,per_chunk,4,4
3031,12208,16083,16,0,0,layered_block,circular,per_chunk,4,4
3032,12125,16083,16,0,0,layered_block,circular,per_chunk,4,4
3033,12125,16000,16,0,0,layered_block,circular,per_chunk,4,4
3034,12166,16083,16,0,0,layered_block,circular,per_chunk,4,4
3035,12042,16000,16,0,0,layered_block,circular,per_chunk,4,4
3036,12083,16000,16,0,0,layered_block,circular,per_chunk,4,4
3037,12125,16000,16,0,0,layered_block,circular,per_chunk,4,4
3038,12250,16083,16,0,0,layered_block,circular,per_chunk,4,4
3039,12167,16000,16,0,0,layered_block,circular,per_chunk,4,4
3040,12084,15958,16,0,0,layered_block,circular,per_chunk,4,4
3041,12125,16042,16,0,0,layered_block,circular,per_chunk,4,4
3042,12083,15958,16,0,0,layered_block,circular,per_chunk,4,4
3043,12458,16334,16,0,0,layered_block,circular,per_chunk,4,4
3044,12125,16083,16,0,0,layered_block,circular,per_chunk,4,4
3045,12083,16000,16,0,0,layered_block,circular,per_chunk,4,4
3046,12334,16250,16,0,0,layered_block,circular,per_chunk,4,4
3047,12041,16000,16,0,0,layered_block,circular,per_chunk,4,4
3048,12084,16000,16,0,0,layered_block,circular,per_chunk,4,4
3049,12042,16000,16,0,0,layered_block,circular,per_chunk,4,4
3050,12333,16208,16,0,0,layered_block,circular,per_chunk,4,4
3051,12209,16041,16,0,0,layered_block,circular,per_chunk,4,4
3052,12000,16000,16,0,0,layered_block,circular,per_chunk,4,4
3053,12125,16083,16,0,0,layered_block,circular,per_chunk,4,4
3054,12334,16208,16,0,0,layered_block,circular,per_chunk,4,4
3055,12250,16125,16,0,0,layered_block,circular,per_chunk,4,4
3056,12042,15958,16,0,0,layered_block,circular,per_chunk,4,4
3057,12083,16042,16,0,0,layered_block,circular,per_chunk,4,4
3058,12125,16083,16,0,0,layered_block,circular,per_chunk,4,4
3059,12500,16333,16,0,0,layered_block,circular,per_chunk,4,4
3060,12708,17250,16,0,0,layered_block,circular,per_chunk,4,4
3061,12042,15958,16,0,0,layered_block,circular,per_chunk,4,4
3062,12167,16083,16,0,0,layered_block,circular,per_chunk,4,4
3063,12125,16000,16,0,0,layered_block,circular,per_chunk,4,4
3064,12167,16042,16,0,0,layered_block,circular,per_chunk,4,4
3065,12083,15958,16,0,0,layered_block,circular,per_chunk,4,4
3066,12292,16125,16,0,0,layered_block,circular,per_chunk,4,4
3067,12167,16125,16,0,0,layered_block,circular,per_chunk,4,4
3068,12167,16084,16,0,0,layered_block,circular,per_chunk,4,4
3069,12083,16041,16,0,0,layered_block,circular,per_chunk,4,4
3070,12166,16083,16,0,0,layered_block,circular,per_chunk,4,4
3071,12250,16250,16,0,0,layered_block,circular,per_chunk,4,4
3072,12208,16084,16,0,0,layered_block,circular,per_chunk,4,4
3073,12250,16000,16,0,0,layered_block,circular,per_chunk,4,4
3074,12042,16041,16,0,0,layered_block,circular,per_chunk,4,4
3075,12167,16084,16,0,0,layered_block,circular,per_chunk,4,4
3076,12208,16042,16,0,0,layered_block,circular,per_chunk,4,4
3077,12125,16041,16,0,0,layered_block,circular,per_chunk,4,4
3078,12167,16000,16,0,0,layered_block,circular,per_chunk,4,4
3079,12125,16042,16,0,0,layered_block,circular,per_chunk,4,4
3080,12333,16167,16,0,0,layered_block,circular,per_chunk,4,4
3081,12083,16000,16,0,0,layered_block,circular,per_chunk,4,4
3082,12292,16208,16,0,0,layered_block,circular,per_chunk,4,4
3083,12125,16084,16,0,0,layered_block,circular,per_chunk,4,4
3084,12208,16000,16,0,0,layered_block,circular,per_chunk,4,4
3085,12333,16250,16,0,0,layered_block,circular,per_chunk,4,4
3086,12334,16250,16,0,0,layered_block,circular,per_chunk,4,4
3087,12083,16000,16,0,0,layered_block,circular,per_chunk,4,4
3088,12083,16000,16,0,0,layered_block,circular,per_chunk,4,4
3089,12042,15959,16,0,0,layered_block,circular,per_chunk,4,4
3090,12209,16041,16,0,0,layered_block,circular,per_chunk,4,4
3091,12125,16083,16,0,0,layered_block,circular,per_chunk,4,4
3092,12667,16541,16,0,0,layered_block,circular,per_chunk,4,4
3093,19750,23750,16,0,0,layered_block,circular,per_chunk,4,4
3094,12125,16000,16,0,0,layered_block,circular,per_chunk,4,4
3095,12083,16000,16,0,0,layered_block,circular,per_chunk,4,4
3096,12000,15958,16,0,0,layered_block,circular,per_chunk,4,4
3097,12208,16042,16,0,0,layered_block,circular,per_chunk,4,4
3098,12417,16250,16,0,0,layered_block,circular,per_chunk,4,4
3099,13084,17291,16,0,0,layered_block,circular,per_chunk,4,4
3100,12333,16125,16,0,0,layered_block,circular,per_chunk,4,4
3101,12166,16083,16,0,0,layered_block,circular,per_chunk,4,4
3102,19625,23584,16,0,0,layered_block,circular,per_chunk,4,4
3103,12125,16042,16,0,0,layered_block,circular,per_chunk,4,4
3104,12250,16167,16,0,0,layered_block,circular,per_chunk,4,4
3105,12250,16084,16,0,0,layered_block,circular,per_chunk,4,4
3106,12084,15958,16,0,0,layered_block,circular,per_chunk,4,4
3107,12208,16125,16,0,0,layered_block,circular,per_chunk,4,4
3108,12125,16042,16,0,0,layered_block,circular,per_chunk,4,4
3109,12208,16000,16,0,0,layered_block,circular,per_chunk,4,4
3110,12083,16000,16,0,0,layered_block,circular,per_chunk,4,4
3111,12125,16000,16,0,0,layered_block,circular,per_chunk,4,4
3112,12042,15959,16,0,0,layered_block,circular,per_chunk,4,4
3113,12042,15958,16,0,0,layered_block,circular,per_chunk,4,4
3114,20583,24500,16,0,0,layered_block,circular,per_chunk,4,4
3115,12083,16000,16,0,0,layered_block,circular,per_chunk,4,4
3116,12041,16000,16,0,0,layered_block,circular,per_chunk,4,4
3117,12083,16000,16,0,0,layered_block,circular,per_chunk,4,4
3118,12084,16000,16,0,0,layered_block,circular,per_chunk,4,4
3119,11958,16083,16,0,0,layered_block,circular,per_chunk,4,4
3120,12041,15917,16,0,0,layered_block,circular,per_chunk,4,4
3121,12083,16000,16,0,0,layered_block,circular,per_chunk,4,4
3122,11917,15916,16,0,0,layered_block,circular,per_chunk,4,4
3123,12125,16000,16,0,0,layered_block,circular,per_chunk,4,4
3124,12250,16125,16,0,0,layered_block,circular,per_chunk,4,4
3125,12500,16792,16,0,0,layered_block,circular,per_chunk,4,4
3126,12167,16083,16,0,0,layered_block,circular,per_chunk,4,4
3127,12125,16042,16,0,0,layered_block,circular,per_chunk,4,4
3128,12500,16458,16,0,0,layered_block,circular,per_chunk,4,4
3129,12125,16042,16,0,0,layered_block,circular,per_chunk,4,4
3130,12125,16042,16,0,0,layered_block,circular,per_chunk,4,4
3131,12250,16166,16,0,0,layered_block,circular,per_chunk,4,4
3132,12084,23208,16,0,0,layered_block,circular,per_chunk,4,4
3133,12125,16041,16,0,0,layered_block,circular,per_chunk,4,4
3134,12042,16041,16,0,0,layered_block,circular,per_chunk,4,4
3135,12167,16041,16,0,0,layered_block,circular,per_chunk,4,4
3136,12083,15958,16,0,0,layered_block,circular,per_chunk,4,4
3137,12041,16000,16,0,0,layered_block,circular,per_chunk,4,4
3138,12250,16042,16,0,0,layered_block,circular,per_chunk,4,4
3139,12167,16084,16,0,0,layered_block,circular,per_chunk,4,4
3140,12000,16083,16,0,0,layered_block,circular,per_chunk,4,4
3141,12042,16042,16,0,0,layered_block,circular,per_chunk,4,4
3142,12125,16042,16,0,0,layered_block,circular,per_chunk,4,4
3143,12125,16042,16,0,0,layered_block,circular,per_chunk,4,4
3144,12250,16083,16,0,0,layered_block,circular,per_chunk,4,4
3145,12458,16334,16,0,0,layered_block,circular,per_chunk,4,4
3146,12083,16000,16,0,0,layered_block,circular,per_chunk,4,4
3147,12125,16042,16,0,0,layered_block,circular,per_chunk,4,4
3148,12084,16041,16,0,0,layered_block,circular,per_chunk,4,4
3149,12125,16041,16,0,0,layered_block,circular,per_chunk,4,4
3150,12208,16084,16,0,0,layered_block,circular,per_chunk,4,4
3151,12084,16000,16,0,0,layered_block,circular,per_chunk,4,4
3152,12125,15958,16,0,0,layered_block,circular,per_chunk,4,4
3153,12042,15958,16,0,0,layered_block,circular,per_chunk,4,4
3154,12041,15958,16,0,0,layered_block,circular,per_chunk,4,4
3155,12292,16209,16,0,0,layered_block,circular,per_chunk,4,4
3156,12083,16000,16,0,0,layered_block,circular,per_chunk,4,4
3157,12209,16083,16,0,0,layered_block,circular,per_chunk,4,4
3158,12792,23166,16,0,0,layered_block,circular,per_chunk,4,4
3159,17750,21708,16,0,0,layered_block,circular,per_chunk,4,4
3160,12125,15958,16,0,0,layered_block,circular,per_chunk,4,4
3161,12333,16167,16,0,0,layered_block,circular,per_chunk,4,4
3162,12291,16125,16,0,0,layered_block,circular,per_chunk,4,4
3163,12167,16042,16,0,0,layered_block,circular,per_chunk,4,4
3164,12041,16000,16,0,0,layered_block,circular,per_chunk,4,4
3165,12125,15917,16,0,0,layered_block,circular,per_chunk,4,4
3166,12208,16042,16,0,0,layered_block,circular,per_chunk,4,4
3167,12167,16084,16,0,0,layered_block,circular,per_chunk,4,4
3168,12083,15959,16,0,0,layered_block,circular,per_chunk,4,4
3169,12334,16208,16,0,0,layered_block,circular,per_chunk,4,4
3170,12083,15958,16,0,0,layered_block,circular,per_chunk,4,4
3171,12125,15917,16,0,0,layered_block,circular,per_chunk,4,4
3172,12250,16166,16,0,0,layered_block,circular,per_chunk,4,4
3173,12000,15917,16,0,0,layered_block,circular,per_chunk,4,4
3174,12166,15958,16,0,0,layered_block,circular,per_chunk,4,4
3175,12083,15958,16,0,0,layered_block,circular,per_chunk,4,4
3176,19458,23417,16,0,0,layered_block,circular,per_chunk,4,4
3177,12208,16084,16,0,0,layered_block,circular,per_chunk,4,4
3178,12125,15959,16,0,0,layered_block,circular,per_chunk,4,4
3179,12166,16000,16,0,0,layered_block,circular,per_chunk,4,4
3180,12125,15917,16,0,0,layered_block,circular,per_chunk,4,4
3181,12250,16042,16,0,0,layered_block,circular,per_chunk,4,4
3182,12208,16041,16,0,0,layered_block,circular,per_chunk,4,4
3183,12042,15917,16,0,0,layered_block,circular,per_chunk,4,4
3184,12000,15958,16,0,0,layered_block,circular,per_chunk,4,4
3185,12208,16042,16,0,0,layered_block,circular,per_chunk,4,4
3186,12083,15917,16,0,0,layered_block,circular,per_chunk,4,4
3187,12042,15958,16,0,0,layered_block,circular,per_chunk,4,4
3188,12083,15959,16,0,0,layered_block,circular,per_chunk,4,4
3189,12209,16042,16,0,0,layered_block,circular,per_chunk,4,4
3190,12500,16875,16,0,0,layered_block,circular,per_chunk,4,4
3191,12167,16000,16,0,0,layered_block,circular,per_chunk,4,4
3192,12167,15958,16,0,0,layered_block,circular,per_chunk,4,4
3193,12209,16041,16,0,0,layered_block,circular,per_chunk,4,4
3194,12042,15875,16,0,0,layered_block,circular,per_chunk,4,4
3195,12250,16125,16,0,0,layered_block,circular,per_chunk,4,4
3196,12083,15959,16,0,0,layered_block,circular,per_chunk,4,4
3197,12083,15917,16,0,0,layered_block,circular,per_chunk,4,4
3198,12042,15958,16,0,0,layered_block,circular,per_chunk,4,4
3199,12833,17334,16,0,0,layered_block,circular,per_chunk,4,4
3200,12083,15958,16,0,0,layered_block,circular,per_chunk,4,4
3201,12125,16000,16,0,0,layered_block,circular,per_chunk,4,4
3202,12208,16125,16,0,0,layered_block,circular,per_chunk,4,4
3203,12333,16250,16,0,0,layered_block,circular,per_chunk,4,4
3204,12125,16042,16,0,0,layered_block,circular,per_chunk,4,4
3205,12125,16000,16,0,0,layered_block,circular,per_chunk,4,4
3206,12333,16208,16,0,0,layered_block,circular,per_chunk,4,4
3207,12333,16209,16,0,0,layered_block,circular,per_chunk,4,4
3208,12125,16000,16,0,0,layered_block,circular,per_chunk,4,4
3209,12125,16000,16,0,0,layered_block,circular,per_chunk,4,4
3210,12208,16084,16,0,0,layered_block,circular,per_chunk,4,4
3211,12084,16000,16,0,0,layered_block,circular,per_chunk,4,4
3212,12125,16000,16,0,0,layered_block,circular,per_chunk,4,4
3213,12334,16166,16,0,0,layered_block,circular,per_chunk,4,4
3214,12209,16041,16,0,0,layered_block,circular,per_chunk,4,4
3215,12167,16084,16,0,0,layered_block,circular,per_chunk,4,4
3216,12000,15875,16,0,0,layered_block,circular,per_chunk,4,4
3217,12167,16000,16,0,0,layered_block,circular,per_chunk,4,4
3218,12125,16084,16,0,0,layered_block,circular,per_chunk,4,4
3219,12084,15917,16,0,0,layered_block,circular,per_chunk,4,4
3220,12125,15959,16,0,0,layered_block,circular,per_chunk,4,4
3221,12167,16125,16,0,0,layered_block,circular,per_chunk,4,4
3222,12292,16125,16,0,0,layered_block,circular,per_chunk,4,4
3223,12209,16000,16,0,0,layered_block,circular,per_chunk,4,4
3224,12292,16208,16,0,0,layered_block,circular,per_chunk,4,4
3225,12125,16000,16,0,0,layered_block,circular,per_chunk,4,4
3226,12167,16041,16,0,0,layered_block,circular,per_chunk,4,4
3227,12083,15916,16,0,0,layered_block,circular,per_chunk,4,4
3228,12042,15917,16,0,0,layered_block,circular,per_chunk,4,4
3229,12125,16000,16,0,0,layered_block,circular,per_chunk,4,4
3230,12334,16167,16,0,0,layered_block,circular,per_chunk,4,4
3231,12125,15917,16,0,0,layered_block,circular,per_chunk,4,4
3232,12083,15917,16,0,0,layered_block,circular,per_chunk,4,4
3233,11958,15917,16,0,0,layered_block,circular,per_chunk,4,4
3234,12458,16292,16,0,0,layered_block,circular,per_chunk,4,4
3235,12000,16000,16,0,0,layered_block,circular,per_chunk,4,4
3236,19375,23292,16,0,0,layered_block,circular,per_chunk,4,4
3237,12333,16250,16,0,0,layered_block,circular,per_chunk,4,4
3238,12375,16250,16,0,0,layered_block,circular,per_chunk,4,4
3239,12042,16000,16,0,0,layered_block,circular,per_chunk,4,4
3240,12167,15959,16,0,0,layered_block,circular,per_chunk,4,4
3241,12083,16000,16,0,0,layered_block,circular,per_chunk,4,4
3242,12542,16458,16,0,0,layered_block,circular,per_chunk,4,4
3243,12083,16000,16,0,0,layered_block,circular,per_chunk,4,4
3244,12416,16250,16,0,0,layered_block,circular,per_chunk,4,4
3245,12042,16167,16,0,0,layered_block,circular,per_chunk,4,4
3246,12083,15917,16,0,0,layered_block,circular,per_chunk,4,4
3247,12000,15958,16,0,0,layered_block,circular,per_chunk,4,4
3248,19750,23667,16,0,0,layered_block,circular,per_chunk,4,4
3249,12083,15958,16,0,0,layered_block,circular,per_chunk,4,4
3250,11959,15958,16,0,0,layered_block,circular,per_chunk,4,4
3251,12292,16125,16,0,0,layered_block,circular,per_chunk,4,4
3252,12083,15917,16,0,0,layered_block,circular,per_chunk,4,4
3253,12333,16167,16,0,0,layered_block,circular,per_chunk,4,4
3254,12084,15958,16,0,0,layered_block,circular,per_chunk,4,4
3255,12292,16208,16,0,0,layered_block,circular,per_chunk,4,4
3256,12458,16333,16,0,0,layered_block,circular,per_chunk,4,4
3257,12125,15917,16,0,0,layered_block,circular,per_chunk,4,4
3258,12333,16208,16,0,0,layered_block,circular,per_chunk,4,4
3259,12833,16625,16,0,0,layered_block,circular,per_chunk,4,4
3260,12041,15917,16,0,0,layered_block,circular,per_chunk,4,4
3261,12042,15875,16,0,0,layered_block,circular,per_chunk,4,4
3262,11833,15917,16,0,0,layered_block,circular,per_chunk,4,4
3263,12125,16042,16,0,0,layered_block,circular,per_chunk,4,4
3264,12166,16041,16,0,0,layered_block,circular,per_chunk,4,4
3265,12334,16250,16,0,0,layered_block,circular,per_chunk,4,4
3266,12084,16000,16,0,0,layered_block,circular,per_chunk,4,4
3267,12084,15958,16,0,0,layered_block,circular,per_chunk,4,4
3268,11958,15875,16,0,0,layered_block,circular,per_chunk,4,4
3269,12041,15958,16,0,0,layered_block,circular,per_chunk,4,4
3270,12167,16000,16,0,0,layered_block,circular,per_chunk,4,4
3271,12083,16000,16,0,0,layered_block,circular,per_chunk,4,4
3272,12166,16042,16,0,0,layered_block,circular,per_chunk,4,4
3273,12084,15917,16,0,0,layered_block,circular,per_chunk,4,4
3274,12125,16042,16,0,0,layered_block,circular,per_chunk,4,4
3275,12084,15916,16,0,0,layered_block,circular,per_chunk,4,4
3276,12042,16000,16,0,0,layered_block,circular,per_chunk,4,4
3277,20125,24083,16,0,0,layered_block,circular,per_chunk,4,4
3278,73875,77875,16,0,0,layered_block,circular,per_chunk,4,4
3279,12166,16042,16,0,0,layered_block,circular,per_chunk,4,4
3280,12083,16000,16,0,0,layered_block,circular,per_chunk,4,4
3281,12375,16125,16,0,0,layered_block,circular,per_chunk,4,4
3282,12042,15959,16,0,0,layered_block,circular,per_chunk,4,4
3283,20000,23875,16,0,0,layered_block,circular,per_chunk,4,4
3284,12292,16125,16,0,0,layered_block,circular,per_chunk,4,4
3285,12167,16000,16,0,0,layered_block,circular,per_chunk,4,4
3286,12041,15958,16,0,0,layered_block,circular,per_chunk,4,4
3287,12166,16000,16,0,0,layered_block,circular,per_chunk,4,4
3288,12250,16208,16,0,0,layered_block,circular,per_chunk,4,4
3289,19250,23125,16,0,0,layered_block,circular,per_chunk,4,4
3290,12042,15917,16,0,0,layered_block,circular,per_chunk,4,4
3291,12041,15958,16,0,0,layered_block,circular,per_chunk,4,4
3292,12125,15958,16,0,0,layered_block,circular,per_chunk,4,4
3293,12166,16000,16,0,0,layered_block,circular,per_chunk,4,4
3294,12084,16000,16,0,0,layered_block,circular,per_chunk,4,4
3295,12292,16125,16,0,0,layered_block,circular,per_chunk,4,4
3296,12375,16208,16,0,0,layered_block,circular,per_chunk,4,4
3297,11916,16000,16,0,0,layered_block,circular,per_chunk,4,4
3298,12292,16083,16,0,0,layered_block,circular,per_chunk,4,4
3299,12083,15875,16,0,0,layered_block,circular,per_chunk,4,4
3300,12000,16000,16,0,0,layered_block,circular,per_chunk,4,4
3301,12333,16208,16,0,0,layered_block,circular,per_chunk,4,4
3302,12333,16125,16,0,0,layered_block,circular,per_chunk,4,4
3303,12208,16167,16,0,0,layered_block,circular,per_chunk,4,4
3304,12041,15917,16,0,0,layered_block,circular,per_chunk,4,4
3305,12167,15958,16,0,0,layered_block,circular,per_chunk,4,4
3306,12208,16167,16,0,0,layered_block,circular,per_chunk,4,4
3307,12333,16333,16,0,0,layered_block,circular,per_chunk,4,4
3308,12125,15917,16,0,0,layered_block,circular,per_chunk,4,4
3309,12125,16000,16,0,0,layered_block,circular,per_chunk,4,4
3310,12250,16167,16,0,0,layered_block,circular,per_chunk,4,4
3311,12042,15917,16,0,0,layered_block,circular,per_chunk,4,4
3312,12334,16250,16,0,0,layered_block,circular,per_chunk,4,4
3313,12166,16083,16,0,0,layered_block,circular,per_chunk,4,4
3314,12167,15958,16,0,0,layered_block,circular,per_chunk,4,4
3315,11875,15958,16,0,0,layered_block,circular,per_chunk,4,4
3316,12084,16041,16,0,0,layered_block,circular,per_chunk,4,4
3317,12250,16042,16,0,0,layered_block,circular,per_chunk,4,4
3318,11917,16042,16,0,0,layered_block,circular,per_chunk,4,4
3319,18250,22250,16,0,0,layered_block,circular,per_chunk,4,4
3320,12084,15917,16,0,0,layered_block,circular,per_chunk,4,4
3321,12250,16042,16,0,0,layered_block,circular,per_chunk,4,4
3322,12125,16000,16,0,0,layered_block,circular,per_chunk,4,4
3323,12083,15959,16,0,0,layered_block,circular,per_chunk,4,4
3324,12041,15958,16,0,0,layered_block,circular,per_chunk,4,4
3325,12125,16000,16,0,0,layered_block,circular,per_chunk,4,4
3326,12083,15958,16,0,0,layered_block,circular,per_chunk,4,4
3327,12208,16000,16,0,0,layered_block,circular,per_chunk,4,4
3328,12084,15917,16,0,0,layered_block,circular,per_chunk,4,4
3329,12042,15916,16,0,0,layered_block,circular,per_chunk,4,4
3330,12084,16000,16,0,0,layered_block,circular,per_chunk,4,4
3331,12042,15917,16,0,0,layered_block,circular,per_chunk,4,4
3332,12042,15917,16,0,0,layered_block,circular,per_chunk,4,4
3333,12041,15958,16,0,0,layered_block,circular,per_chunk,4,4
3334,12042,15917,16,0,0,layered_block,circular,per_chunk,4,4
3335,12083,15916,16,0,0,layered_block,circular,per_chunk,4,4
3336,12584,16500,16,0,0,layered_block,circular,per_chunk,4,4
3337,12500,16292,16,0,0,layered_block,circular,per_chunk,4,4
3338,12333,16208,16,0,0,layered_block,circular,per_chunk,4,4
3339,12125,16000,16,0,0,layered_block,circular,per_chunk,4,4
3340,12167,16041,16,0,0,layered_block,circular,per_chunk,4,4
3341,12333,16167,16,0,0,layered_block,circular,per_chunk,4,4
3342,12083,16042,16,0,0,layered_block,circular,per_chunk,4,4
3343,12167,15959,16,0,0,layered_block,circular,per_chunk,4,4
3344,12083,16000,16,0,0,layered_block,circular,per_chunk,4,4
3345,12250,16042,16,0,0,layered_block,circular,per_chunk,4,4
3346,12000,15916,16,0,0,layered_block,circular,per_chunk,4,4
3347,12125,15917,16,0,0,layered_block,circular,per_chunk,4,4
3348,12125,15958,16,0,0,layered_block,circular,per_chunk,4,4
3349,12083,15916,16,0,0,layered_block,circular,per_chunk,4,4
3350,12125,15958,16,0,0,layered_block,circular,per_chunk,4,4
3351,12125,16208,16,0,0,layered_block,circular,per_chunk,4,4
3352,12291,16458,16,0,0,layered_block,circular,per_chunk,4,4
3353,12125,15917,16,0,0,layered_block,circular,per_chunk,4,4
3354,12000,15875,16,0,0,layered_block,circular,per_chunk,4,4
3355,21500,25459,16,0,0,layered_block,circular,per_chunk,4,4
3356,12041,15917,16,0,0,layered_block,circular,per_chunk,4,4
3357,12041,15958,16,0,0,layered_block,circular,per_chunk,4,4
3358,12500,16291,16,0,0,layered_block,circular,per_chunk,4,4
3359,11917,15958,16,0,0,layered_block,circular,per_chunk,4,4
3360,12125,16000,16,0,0,layered_block,circular,per_chunk,4,4
3361,12125,16000,16,0,0,layered_block,circular,per_chunk,4,4
3362,12209,16041,16,0,0,layered_block,circular,per_chunk,4,4
3363,12042,15959,16,0,0,layered_block,circular,per_chunk,4,4
3364,12083,15917,16,0,0,layered_block,circular,per_chunk,4,4
3365,12000,15958,16,0,0,layered_block,circular,per_chunk,4,4
3366,12125,16000,16,0,0,layered_block,circular,per_chunk,4,4
3367,11959,15959,16,0,0,layered_block,circular,per_chunk,4,4
3368,12250,16167,16,0,0,layered_block,circular,per_chunk,4,4
3369,12209,16125,16,0,0,layered_block,circular,per_chunk,4,4
3370,12083,16000,16,0,0,layered_block,circular,per_chunk,4,4
3371,21500,25458,16,0,0,layered_block,circular,per_chunk,4,4
3372,12167,15958,16,0,0,layered_block,circular,per_chunk,4,4
3373,12042,15875,16,0,0,layered_block,circular,per_chunk,4,4
3374,12042,15959,16,0,0,layered_block,circular,per_chunk,4,4
3375,12083,15917,16,0,0,layered_block,circular,per_chunk,4,4
3376,12250,16208,16,0,0,layered_block,circular,per_chunk,4,4
3377,12375,16208,16,0,0,layered_block,circular,per_chunk,4,4
3378,12167,16000,16,0,0,layered_block,circular,per_chunk,4,4
3379,12125,16042,16,0,0,layered_block,circular,per_chunk,4,4
3380,19833,24167,16,0,0,layered_block,circular,per_chunk,4,4
3381,12041,15917,16,0,0,layered_block,circular,per_chunk,4,4
3382,12042,15875,16,0,0,layered_block,circular,per_chunk,4,4
3383,12583,16459,16,0,0,layered_block,circular,per_chunk,4,4
3384,12375,16250,16,0,0,layered_block,circular,per_chunk,4,4
3385,12167,15917,16,0,0,layered_block,circular,per_chunk,4,4
3386,12167,16042,16,0,0,layered_block,circular,per_chunk,4,4
3387,12125,16000,16,0,0,layered_block,circular,per_chunk,4,4
3388,12084,15958,16,0,0,layered_block,circular,per_chunk,4,4
3389,12042,15958,16,0,0,layered_block,circular,per_chunk,4,4
3390,12041,15875,16,0,0,layered_block,circular,per_chunk,4,4
3391,12292,16084,16,0,0,layered_block,circular,per_chunk,4,4
3392,12000,15875,16,0,0,layered_block,circular,per_chunk,4,4
3393,19458,23375,16,0,0,layered_block,circular,per_chunk,4,4
3394,12416,16208,16,0,0,layered_block,circular,per_chunk,4,4
3395,12125,16167,16,0,0,layered_block,circular,per_chunk,4,4
3396,12083,15958,16,0,0,layered_block,circular,per_chunk,4,4
3397,12250,16125,16,0,0,layered_block,circular,per_chunk,4,4
3398,12375,16208,16,0,0,layered_block,circular,per_chunk,4,4
3399,12292,16167,16,0,0,layered_block,circular,per_chunk,4,4
3400,12167,15958,16,0,0,layered_block,circular,per_chunk,4,4
3401,12042,15959,16,0,0,layered_block,circular,per_chunk,4,4
3402,12125,16042,16,0,0,layered_block,circular,per_chunk,4,4
3403,12167,15917,16,0,0,layered_block,circular,per_chunk,4,4
3404,12292,16167,16,0,0,layered_block,circular,per_chunk,4,4
3405,11833,15958,16,0,0,layered_block,circular,per_chunk,4,4
3406,12084,16000,16,0,0,layered_block,circular,per_chunk,4,4
3407,12125,16000,16,0,0,layered_block,circular,per_chunk,4,4
3408,18500,22333,16,0,0,layered_block,circular,per_chunk,4,4
3409,12042,15916,16,0,0,layered_block,circular,per_chunk,4,4
3410,88333,92292,16,0,0,layered_block,circular,per_chunk,4,4
3411,12083,16000,16,0,0,layered_block,circular,per_chunk,4,4
3412,12167,16000,16,0,0,layered_block,circular,per_chunk,4,4
3413,12000,15916,16,0,0,layered_block,circular,per_chunk,4,4
3414,12625,16375,16,0,0,layered_block,circular,per_chunk,4,4
3415,12042,15917,16,0,0,layered_block,circular,per_chunk,4,4
3416,12000,15875,16,0,0,layered_block,circular,per_chunk,4,4
3417,11916,16042,16,0,0,layered_block,circular,per_chunk,4,4
3418,12167,16084,16,0,0,layered_block,circular,per_chunk,4,4
3419,12125,15959,16,0,0,layered_block,circular,per_chunk,4,4
3420,11958,15958,16,0,0,layered_block,circular,per_chunk,4,4
3421,12042,15917,16,0,0,layered_block,circular,per_chunk,4,4
3422,12209,16083,16,0,0,layered_block,circular,per_chunk,4,4
3423,18875,22791,16,0,0,layered_block,circular,per_chunk,4,4
3424,12167,16083,16,0,0,layered_block,circular,per_chunk,4,4
3425,12125,16000,16,0,0,layered_block,circular,per_chunk,4,4
3426,12750,16917,16,0,0,layered_block,circular,per_chunk,4,4
3427,12083,15875,16,0,0,layered_block,circular,per_chunk,4,4
3428,11833,15917,16,0,0,layered_block,circular,per_chunk,4,4
3429,12083,15917,16,0,0,layered_block,circular,per_chunk,4,4
3430,12084,15958,16,0,0,layered_block,circular,per_chunk,4,4
3431,12541,16750,16,0,0,layered_block,circular,per_chunk,4,4
3432,12125,16042,16,0,0,layered_block,circular,per_chunk,4,4
3433,11834,15958,16,0,0,layered_block,circular,per_chunk,4,4
3434,12083,15958,16,0,0,layered_block,circular,per_chunk,4,4
3435,12125,16000,16,0,0,layered_block,circular,per_chunk,4,4
3436,12042,15916,16,0,0,layered_block,circular,per_chunk,4,4
3437,12000,15917,16,0,0,layered_block,circular,per_chunk,4,4
3438,12291,16083,16,0,0,layered_block,circular,per_chunk,4,4
3439,12125,16084,16,0,0,layered_block,circular,per_chunk,4,4
3440,12125,15917,16,0,0,layered_block,circular,per_chunk,4,4
3441,12125,16083,16,0,0,layered_block,circular,per_chunk,4,4
3442,12083,15917,16,0,0,layered_block,circular,per_chunk,4,4
3443,12208,16125,16,0,0,layered_block,circular,per_chunk,4,4
3444,12583,23541,16,0,0,layered_block,circular,per_chunk,4,4
3445,12125,15958,16,0,0,layered_block,circular,per_chunk,4,4
3446,12083,15916,16,0,0,layered_block,circular,per_chunk,4,4
3447,12125,16000,16,0,0,layered_block,circular,per_chunk,4,4
3448,12041,15917,16,0,0,layered_block,circular,per_chunk,4,4
3449,12250,16042,16,0,0,layered_block,circular,per_chunk,4,4
3450,12083,15958,16,0,0,layered_block,circular,per_chunk,4,4
3451,12083,16000,16,0,0,layered_block,circular,per_chunk,4,4
3452,12125,16000,16,0,0,layered_block,circular,per_chunk,4,4
3453,12250,16167,16,0,0,layered_block,circular,per_chunk,4,4
3454,12125,16000,16,0,0,layered_block,circular,per_chunk,4,4
3455,12125,16042,16,0,0,layered_block,circular,per_chunk,4,4
3456,12333,16167,16,0,0,layered_block,circular,per_chunk,4,4
3457,11958,15958,16,0,0,layered_block,circular,per_chunk,4,4
3458,12042,15917,16,0,0,layered_block,circular,per_chunk,4,4
3459,12000,16000,16,0,0,layered_block,circular,per_chunk,4,4
3460,12083,15958,16,0,0,layered_block,circular,per_chunk,4,4
3461,12084,15959,16,0,0,layered_block,circular,per_chunk,4,4
3462,12209,16041,16,0,0,layered_block,circular,per_chunk,4,4
3463,12709,16584,16,0,0,layered_block,circular,per_chunk,4,4
3464,12125,16000,16,0,0,layered_block,circular,per_chunk,4,4
3465,12125,15917,16,0,0,layered_block,circular,per_chunk,4,4
3466,12042,15917,16,0,0,layered_block,circular,per_chunk,4,4
3467,20209,24042,16,0,0,layered_block,circular,per_chunk,4,4
3468,12167,15958,16,0,0,layered_block,circular,per_chunk,4,4
3469,12042,15959,16,0,0,layered_block,circular,per_chunk,4,4
3470,12000,15875,16,0,0,layered_block,circular,per_chunk,4,4
3471,12417,16291,16,0,0,layered_block,circular,per_chunk,4,4
3472,12042,15917,16,0,0,layered_block,circular,per_chunk,4,4
3473,12125,15958,16,0,0,layered_block,circular,per_chunk,4,4
3474,12083,15958,16,0,0,layered_block,circular,per_chunk,4,4
3475,12125,15958,16,0,0,layered_block,circular,per_chunk,4,4
3476,12000,15875,16,0,0,layered_block,circular,per_chunk,4,4
3477,11875,15875,16,0,0,layered_block,circular,per_chunk,4,4
3478,12459,16375,16,0,0,layered_block,circular,per_chunk,4,4
3479,12000,15875,16,0,0,layered_block,circular,per_chunk,4,4
3480,12042,15916,16,0,0,layered_block,circular,per_chunk,4,4
3481,12084,15959,16,0,0,layered_block,circular,per_chunk,4,4
3482,12125,15958,16,0,0,layered_block,circular,per_chunk,4,4
3483,11834,15917,16,0,0,layered_block,circular,per_chunk,4,4
3484,12250,16084,16,0,0,layered_block,circular,per_chunk,4,4
3485,12083,15959,16,0,0,layered_block,circular,per_chunk,4,4
3486,11917,15917,16,0,0,layered_block,circular,per_chunk,4,4
3487,12292,16125,16,0,0,layered_block,circular,per_chunk,4,4
3488,12125,16000,16,0,0,layered_block,circular,per_chunk,4,4
3489,12000,15958,16,0,0,layered_block,circular,per_chunk,4,4
3490,12167,15958,16,0,0,layered_block,circular,per_chunk,4,4
3491,12125,16042,16,0,0,layered_block,circular,per_chunk,4,4
3492,11958,16000,16,0,0,layered_block,circular,per_chunk,4,4
3493,12167,16000,16,0,0,layered_block,circular,per_chunk,4,4
3494,12167,16042,16,0,0,layered_block,circular,per_chunk,4,4
3495,12000,15959,16,0,0,layered_block,circular,per_chunk,4,4
3496,12333,16125,16,0,0,layered_block,circular,per_chunk,4,4
3497,12250,16125,16,0,0,layered_block,circular,per_chunk,4,4
3498,12083,15958,16,0,0,layered_block,circular,per_chunk,4,4
3499,12125,15958,16,0,0,layered_block,circular,per_chunk,4,4
3500,12083,16000,16,0,0,layered_block,circular,per_chunk,4,4
3501,12042,15958,16,0,0,layered_block,circular,per_chunk,4,4
3502,12125,15958,16,0,0,layered_block,circular,per_chunk,4,4
3503,12167,16000,16,0,0,layered_block,circular,per_chunk,4,4
3504,12083,15917,16,0,0,layered_block,circular,per_chunk,4,4
3505,12041,15958,16,0,0,layered_block,circular,per_chunk,4,4
3506,12125,16000,16,0,0,layered_block,circular,per_chunk,4,4
3507,12000,15959,16,0,0,layered_block,circular,per_chunk,4,4
3508,12083,15917,16,0,0,layered_block,circular,per_chunk,4,4
3509,12083,16083,16,0,0,layered_block,circular,per_chunk,4,4
3510,12375,23583,16,0,0,layered_block,circular,per_chunk,4,4
3511,12250,16125,16,0,0,layered_block,circular,per_chunk,4,4
3512,12084,15958,16,0,0,layered_block,circular,per_chunk,4,4
3513,12041,15958,16,0,0,layered_block,circular,per_chunk,4,4
3514,12208,16125,16,0,0,layered_block,circular,per_chunk,4,4
3515,12084,16000,16,0,0,layered_block,circular,per_chunk,4,4
3516,12417,16292,16,0,0,layered_block,circular,per_chunk,4,4
3517,12084,15958,16,0,0,layered_block,circular,per_chunk,4,4
3518,12083,16000,16,0,0,layered_block,circular,per_chunk,4,4
3519,12250,16000,16,0,0,layered_block,circular,per_chunk,4,4
3520,12167,16041,16,0,0,layered_block,circular,per_chunk,4,4
3521,12042,15916,16,0,0,layered_block,circular,per_chunk,4,4
3522,12292,16208,16,0,0,layered_block,circular,per_chunk,4,4
3523,12167,16000,16,0,0,layered_block,circular,per_chunk,4,4
3524,12083,16000,16,0,0,layered_block,circular,per_chunk,4,4
3525,12000,16084,16,0,0,layered_block,circular,per_chunk,4,4
3526,12209,16083,16,0,0,layered_block,circular,per_chunk,4,4
3527,12209,16000,16,0,0,layered_block,circular,per_chunk,4,4
3528,11833,15875,16,0,0,layered_block,circular,per_chunk,4,4
3529,12709,23250,16,0,0,layered_block,circular,per_chunk,4,4
3530,12375,16167,16,0,0,layered_block,circular,per_chunk,4,4
3531,12083,15917,16,0,0,layered_block,circular,per_chunk,4,4
3532,12250,16125,16,0,0,layered_block,circular,per_chunk,4,4
3533,12083,15958,16,0,0,layered_block,circular,per_chunk,4,4
3534,12333,16167,16,0,0,layered_block,circular,per_chunk,4,4
3535,12041,15958,16,0,0,layered_block,circular,per_chunk,4,4
3536,12083,15958,16,0,0,layered_block,circular,per_chunk,4,4
3537,12000,15958,16,0,0,layered_block,circular,per_chunk,4,4
3538,12167,16042,16,0,0,layered_block,circular,per_chunk,4,4
3539,12083,15959,16,0,0,layered_block,circular,per_chunk,4,4
3540,12250,16083,16,0,0,layered_block,circular,per_chunk,4,4
3541,12208,16041,16,0,0,layered_block,circular,per_chunk,4,4
3542,12250,16084,16,0,0,layered_block,circular,per_chunk,4,4
3543,12250,16166,16,0,0,layered_block,circular,per_chunk,4,4
3544,12292,16125,16,0,0,layered_block,circular,per_chunk,4,4
3545,19958,23875,16,0,0,layered_block,circular,per_chunk,4,4
3546,12083,15958,16,0,0,layered_block,circular,per_chunk,4,4
3547,12167,16000,16,0,0,layered_block,circular,per_chunk,4,4
3548,12000,15875,16,0,0,layered_block,circular,per_chunk,4,4
3549,12042,15875,16,0,0,layered_block,circular,per_chunk,4,4
3550,12042,15958,16,0,0,layered_block,circular,per_chunk,4,4
3551,12458,16333,16,0,0,layered_block,circular,per_chunk,4,4
3552,12125,16000,16,0,0,layered_block,circular,per_chunk,4,4
3553,12041,15916,16,0,0,layered_block,circular,per_chunk,4,4
3554,12000,15917,16,0,0,layered_block,circular,per_chunk,4,4
3555,12166,15958,16,0,0,layered_block,circular,per_chunk,4,4
3556,12333,16208,16,0,0,layered_block,circular,per_chunk,4,4
3557,21083,24959,16,0,0,layered_block,circular,per_chunk,4,4
3558,12083,15959,16,0,0,layered_block,circular,per_chunk,4,4
3559,12084,16000,16,0,0,layered_block,circular,per_chunk,4,4
3560,20250,24167,16,0,0,layered_block,circular,per_chunk,4,4
3561,12083,15916,16,0,0,layered_block,circular,per_chunk,4,4
3562,12125,16125,16,0,0,layered_block,circular,per_chunk,4,4
3563,12333,16167,16,0,0,layered_block,circular,per_chunk,4,4
3564,12125,15958,16,0,0,layered_block,circular,per_chunk,4,4
3565,12000,15917,16,0,0,layered_block,circular,per_chunk,4,4
3566,12666,22042,16,0,0,layered_block,circular,per_chunk,4,4
3567,12084,15958,16,0,0,layered_block,circular,per_chunk,4,4
3568,12167,16167,16,0,0,layered_block,circular,per_chunk,4,4
3569,12125,15959,16,0,0,layered_block,circular,per_chunk,4,4
3570,12167,16000,16,0,0,layered_block,circular,per_chunk,4,4
3571,12125,16000,16,0,0,layered_block,circular,per_chunk,4,4
3572,12375,16208,16,0,0,layered_block,circular,per_chunk,4,4
3573,12209,15959,16,0,0,layered_block,circular,per_chunk,4,4
3574,12125,15916,16,0,0,layered_block,circular,per_chunk,4,4
3575,12083,15916,16,0,0,layered_block,circular,per_chunk,4,4
3576,12166,15958,16,0,0,layered_block,circular,per_chunk,4,4
3577,12125,15917,16,0,0,layered_block,circular,per_chunk,4,4
3578,12292,16208,16,0,0,layered_block,circular,per_chunk,4,4
3579,12083,15875,16,0,0,layered_block,circular,per_chunk,4,4
3580,12333,16250,16,0,0,layered_block,circular,per_chunk,4,4
3581,12125,15958,16,0,0,layered_block,circular,per_chunk,4,4
3582,12084,15834,16,0,0,layered_block,circular,per_chunk,4,4
3583,12166,16041,16,0,0,layered_block,circular,per_chunk,4,4
3584,12250,16167,16,0,0,layered_block,circular,per_chunk,4,4
3585,12000,15875,16,0,0,layered_block,circular,per_chunk,4,4
3586,12083,15917,16,0,0,layered_block,circular,per_chunk,4,4
3587,12000,15958,16,0,0,layered_block,circular,per_chunk,4,4
3588,12083,15958,16,0,0,layered_block,circular,per_chunk,4,4
3589,12292,16167,16,0,0,layered_block,circular,per_chunk,4,4
3590,12625,16416,16,0,0,layered_block,circular,per_chunk,4,4
3591,12125,16000,16,0,0,layered_block,circular,per_chunk,4,4
3592,12042,15917,16,0,0,layered_block,circular,per_chunk,4,4
3593,12166,15958,16,0,0,layered_block,circular,per_chunk,4,4
3594,12208,16000,16,0,0,layered_block,circular,per_chunk,4,4
3595,12167,15959,16,0,0,layered_block,circular,per_chunk,4,4
3596,12084,15959,16,0,0,layered_block,circular,per_chunk,4,4
3597,12041,15958,16,0,0,layered_block,circular,per_chunk,4,4
3598,12125,15958,16,0,0,layered_block,circular,per_chunk,4,4
3599,12500,16334,16,0,0,layered_block,circular,per_chunk,4,4
3600,12333,16125,16,0,0,layered_block,circular,per_chunk,4,4
3601,12084,15958,16,0,0,layered_block,circular,per_chunk,4,4
3602,13209,17041,16,0,0,layered_block,circular,per_chunk,4,4
3603,12000,15916,16,0,0,layered_block,circular,per_chunk,4,4
3604,12084,15917,16,0,0,layered_block,circular,per_chunk,4,4
3605,12250,16167,16,0,0,layered_block,circular,per_chunk,4,4
3606,12041,15916,16,0,0,layered_block,circular,per_chunk,4,4
3607,12042,15958,16,0,0,layered_block,circular,per_chunk,4,4
3608,12083,15959,16,0,0,layered_block,circular,per_chunk,4,4
3609,12292,16125,16,0,0,layered_block,circular,per_chunk,4,4
3610,12333,16333,16,0,0,layered_block,circular,per_chunk,4,4
3611,12083,16000,16,0,0,layered_block,circular,per_chunk,4,4
3612,12125,15917,16,0,0,layered_block,circular,per_chunk,4,4
3613,12458,16375,16,0,0,layered_block,circular,per_chunk,4,4
3614,12000,15917,16,0,0,layered_block,circular,per_chunk,4,4
3615,12083,15958,16,0,0,layered_block,circular,per_chunk,4,4
3616,12167,16042,16,0,0,layered_block,circular,per_chunk,4,4
3617,12750,16958,16,0,0,layered_block,circular,per_chunk,4,4
3618,12375,16125,16,0,0,layered_block,circular,per_chunk,4,4
3619,118250,185458,16,0,0,layered_block,circular,per_chunk,4,4
3620,12250,16042,16,0,0,layered_block,circular,per_chunk,4,4
3621,12292,16167,16,0,0,layered_block,circular,per_chunk,4,4
3622,12542,16292,16,0,0,layered_block,circular,per_chunk,4,4
3623,12167,16125,16,0,0,layered_block,circular,per_chunk,4,4
3624,12459,16209,16,0,0,layered_block,circular,per_chunk,4,4
3625,74792,165584,16,0,0,layered_block,circular,per_chunk,4,4
3626,12083,15959,16,0,0,layered_block,circular,per_chunk,4,4
3627,12208,16000,16,0,0,layered_block,circular,per_chunk,4,4
3628,12000,15875,16,0,0,layered_block,circular,per_chunk,4,4
3629,12167,16000,16,0,0,layered_block,circular,per_chunk,4,4
3630,12083,16042,16,0,0,layered_block,circular,per_chunk,4,4
3631,12042,15875,16,0,0,layered_block,circular,per_chunk,4,4
3632,12042,15875,16,0,0,layered_block,circular,per_chunk,4,4
3633,12708,16542,16,0,0,layered_block,circular,per_chunk,4,4
3634,12083,15959,16,0,0,layered_block,circular,per_chunk,4,4
3635,127250,168375,16,0,0,layered_block,circular,per_chunk,4,4
3636,12250,16083,16,0,0,layered_block,circular,per_chunk,4,4
3637,12166,16042,16,0,0,layered_block,circular,per_chunk,4,4
3638,12000,15916,16,0,0,layered_block,circular,per_chunk,4,4
3639,12083,15958,16,0,0,layered_block,circular,per_chunk,4,4
3640,132625,160375,16,0,0,layered_block,circular,per_chunk,4,4
3641,12333,16375,16,0,0,layered_block,circular,per_chunk,4,4
3642,12083,15958,16,0,0,layered_block,circular,per_chunk,4,4
3643,12042,15917,16,0,0,layered_block,circular,per_chunk,4,4
3644,98459,102583,16,0,0,layered_block,circular,per_chunk,4,4
3645,19625,23542,16,0,0,layered_block,circular,per_chunk,4,4
3646,12500,16375,16,0,0,layered_block,circular,per_chunk,4,4
3647,12208,16292,16,0,0,layered_block,circular,per_chunk,4,4
3648,19875,23750,16,0,0,layered_block,circular,per_chunk,4,4
3649,12458,16333,16,0,0,layered_block,circular,per_chunk,4,4
3650,12084,16041,16,0,0,layered_block,circular,per_chunk,4,4
3651,12083,16000,16,0,0,layered_block,circular,per_chunk,4,4
3652,12125,16000,16,0,0,layered_block,circular,per_chunk,4,4
3653,12125,15917,16,0,0,layered_block,circular,per_chunk,4,4
3654,12083,16000,16,0,0,layered_block,circular,per_chunk,4,4
3655,12083,15875,16,0,0,layered_block,circular,per_chunk,4,4
3656,12208,16125,16,0,0,layered_block,circular,per_chunk,4,4
3657,135125,139375,16,0,0,layered_block,circular,per_chunk,4,4
3658,12125,16000,16,0,0,layered_block,circular,per_chunk,4,4
3659,12167,15959,16,0,0,layered_block,circular,per_chunk,4,4
3660,12083,15917,16,0,0,layered_block,circular,per_chunk,4,4
3661,20083,23958,16,0,0,layered_block,circular,per_chunk,4,4
3662,12500,16375,16,0,0,layered_block,circular,per_chunk,4,4
3663,12042,15917,16,0,0,layered_block,circular,per_chunk,4,4
3664,12084,15959,16,0,0,layered_block,circular,per_chunk,4,4
3665,12000,15916,16,0,0,layered_block,circular,per_chunk,4,4
3666,12083,15917,16,0,0,layered_block,circular,per_chunk,4,4
3667,155083,159125,16,0,0,layered_block,circular,per_chunk,4,4
3668,12208,16000,16,0,0,layered_block,circular,per_chunk,4,4
3669,12250,16125,16,0,0,layered_block,circular,per_chunk,4,4
3670,12666,16750,16,0,0,layered_block,circular,per_chunk,4,4
3671,12042,15917,16,0,0,layered_block,circular,per_chunk,4,4
3672,12042,15959,16,0,0,layered_block,circular,per_chunk,4,4
3673,12125,16084,16,0,0,layered_block,circular,per_chunk,4,4
3674,104167,108417,16,0,0,layered_block,circular,per_chunk,4,4
3675,12000,16125,16,0,0,layered_block,circular,per_chunk,4,4
3676,12125,15959,16,0,0,layered_block,circular,per_chunk,4,4
3677,20625,24500,16,0,0,layered_block,circular,per_chunk,4,4
3678,12125,16000,16,0,0,layered_block,circular,per_chunk,4,4
3679,11959,16083,16,0,0,layered_block,circular,per_chunk,4,4
3680,12084,15959,16,0,0,layered_block,circular,per_chunk,4,4
3681,12084,15917,16,0,0,layered_block,circular,per_chunk,4,4
3682,12667,17000,16,0,0,layered_block,circular,per_chunk,4,4
3683,12416,16250,16,0,0,layered_block,circular,per_chunk,4,4
3684,12250,16083,16,0,0,layered_block,circular,per_chunk,4,4
3685,12000,15959,16,0,0,layered_block,circular,per_chunk,4,4
3686,12209,15959,16,0,0,layered_block,circular,per_chunk,4,4
3687,12041,15916,16,0,0,layered_block,circular,per_chunk,4,4
3688,12333,16167,16,0,0,layered_block,circular,per_chunk,4,4
3689,125500,129875,16,0,0,layered_block,circular,per_chunk,4,4
3690,12292,16166,16,0,0,layered_block,circular,per_chunk,4,4
3691,12375,16333,16,0,0,layered_block,circular,per_chunk,4,4
3692,12291,16167,16,0,0,layered_block,circular,per_chunk,4,4
3693,12417,16167,16,0,0,layered_block,circular,per_chunk,4,4
3694,12250,16125,16,0,0,layered_block,circular,per_chunk,4,4
3695,11917,15917,16,0,0,layered_block,circular,per_chunk,4,4
3696,12084,15958,16,0,0,layered_block,circular,per_chunk,4,4
3697,12333,16208,16,0,0,layered_block,circular,per_chunk,4,4
3698,70625,75917,16,0,0,layered_block,circular,per_chunk,4,4
3699,12375,16333,16,0,0,layered_block,circular,per_chunk,4,4
3700,12208,16208,16,0,0,layered_block,circular,per_chunk,4,4
3701,12583,16458,16,0,0,layered_block,circular,per_chunk,4,4
3702,12334,16167,16,0,0,layered_block,circular,per_chunk,4,4
3703,11958,15875,16,0,0,layered_block,circular,per_chunk,4,4
3704,21375,25250,16,0,0,layered_block,circular,per_chunk,4,4
3705,124375,128542,16,0,0,layered_block,circular,per_chunk,4,4
3706,94750,98792,16,0,0,layered_block,circular,per_chunk,4,4
3707,12125,16084,16,0,0,layered_block,circular,per_chunk,4,4
3708,12083,15958,16,0,0,layered_block,circular,per_chunk,4,4
3709,12083,15959,16,0,0,layered_block,circular,per_chunk,4,4
3710,12167,16042,16,0,0,layered_block,circular,per_chunk,4,4
3711,12333,16208,16,0,0,layered_block,circular,per_chunk,4,4
3712,12084,15958,16,0,0,layered_block,circular,per_chunk,4,4
3713,12125,16000,16,0,0,layered_block,circular,per_chunk,4,4
3714,12250,16083,16,0,0,layered_block,circular,per_chunk,4,4
3715,12334,16166,16,0,0,layered_block,circular,per_chunk,4,4
3716,151542,156542,16,0,0,layered_block,circular,per_chunk,4,4
3717,12125,15958,16,0,0,layered_block,circular,per_chunk,4,4
3718,12042,16125,16,0,0,layered_block,circular,per_chunk,4,4
3719,12083,16083,16,0,0,layered_block,circular,per_chunk,4,4
3720,12041,15916,16,0,0,layered_block,circular,per_chunk,4,4
3721,12042,15917,16,0,0,layered_block,circular,per_chunk,4,4
3722,111333,115542,16,0,0,layered_block,circular,per_chunk,4,4
3723,12125,15917,16,0,0,layered_block,circular,per_chunk,4,4
3724,12209,16000,16,0,0,layered_block,circular,per_chunk,4,4
3725,12292,16125,16,0,0,layered_block,circular,per_chunk,4,4
3726,21084,24959,16,0,0,layered_block,circular,per_chunk,4,4
3727,12250,16125,16,0,0,layered_block,circular,per_chunk,4,4
3728,12250,16125,16,0,0,layered_block,circular,per_chunk,4,4
3729,12000,15917,16,0,0,layered_block,circular,per_chunk,4,4
3730,12083,15958,16,0,0,layered_block,circular,per_chunk,4,4
3731,11834,15958,16,0,0,layered_block,circular,per_chunk,4,4
3732,52041,56708,16,0,0,layered_block,circular,per_chunk,4,4
3733,12083,16000,16,0,0,layered_block,circular,per_chunk,4,4
3734,12083,15958,16,0,0,layered_block,circular,per_chunk,4,4
3735,12375,16125,16,0,0,layered_block,circular,per_chunk,4,4
3736,12084,16000,16,0,0,layered_block,circular,per_chunk,4,4
3737,213833,217917,16,0,0,layered_block,circular,per_chunk,4,4
3738,12083,15917,16,0,0,layered_block,circular,per_chunk,4,4
3739,12041,15958,16,0,0,layered_block,circular,per_chunk,4,4
3740,12083,15958,16,0,0,layered_block,circular,per_chunk,4,4
3741,12125,15958,16,0,0,layered_block,circular,per_chunk,4,4
3742,73083,103250,16,0,0,layered_block,circular,per_chunk,4,4
3743,12584,16500,16,0,0,layered_block,circular,per_chunk,4,4
3744,12042,15958,16,0,0,layered_block,circular,per_chunk,4,4
3745,12084,15958,16,0,0,layered_block,circular,per_chunk,4,4
3746,12125,15917,16,0,0,layered_block,circular,per_chunk,4,4
3747,12625,16500,16,0,0,layered_block,circular,per_chunk,4,4
3748,12208,16083,16,0,0,layered_block,circular,per_chunk,4,4
3749,197292,201458,16,0,0,layered_block,circular,per_chunk,4,4
3750,12333,16208,16,0,0,layered_block,circular,per_chunk,4,4
3751,12125,15958,16,0,0,layered_block,circular,per_chunk,4,4
3752,12166,16083,16,0,0,layered_block,circular,per_chunk,4,4
3753,12166,16000,16,0,0,layered_block,circular,per_chunk,4,4
3754,12000,15917,16,0,0,layered_block,circular,per_chunk,4,4
3755,12250,16209,16,0,0,layered_block,circular,per_chunk,4,4
3756,12250,16167,16,0,0,layered_block,circular,per_chunk,4,4
3757,12083,15875,16,0,0,layered_block,circular,per_chunk,4,4
3758,12208,15958,16,0,0,layered_block,circular,per_chunk,4,4
3759,103750,107791,16,0,0,layered_block,circular,per_chunk,4,4
3760,12458,16334,16,0,0,layered_block,circular,per_chunk,4,4
3761,12292,16208,16,0,0,layered_block,circular,per_chunk,4,4
3762,12166,16042,16,0,0,layered_block,circular,per_chunk,4,4
3763,12167,15958,16,0,0,layered_block,circular,per_chunk,4,4
3764,12250,16125,16,0,0,layered_block,circular,per_chunk,4,4
3765,20708,24584,16,0,0,layered_block,circular,per_chunk,4,4
3766,12333,16167,16,0,0,layered_block,circular,per_chunk,4,4
3767,12000,16042,16,0,0,layered_block,circular,per_chunk,4,4
3768,12375,16291,16,0,0,layered_block,circular,per_chunk,4,4
3769,12125,16000,16,0,0,layered_block,circular,per_chunk,4,4
3770,12333,16167,16,0,0,layered_block,circular,per_chunk,4,4
3771,33083,124292,16,0,0,layered_block,circular,per_chunk,4,4
3772,12292,16125,16,0,0,layered_block,circular,per_chunk,4,4
3773,12125,15958,16,0,0,layered_block,circular,per_chunk,4,4
3774,12125,15959,16,0,0,layered_block,circular,per_chunk,4,4
3775,12084,16041,16,0,0,layered_block,circular,per_chunk,4,4
3776,12250,16042,16,0,0,layered_block,circular,per_chunk,4,4
3777,69250,155208,16,0,0,layered_block,circular,per_chunk,4,4
3778,12125,15959,16,0,0,layered_block,circular,per_chunk,4,4
3779,12125,15917,16,0,0,layered_block,circular,per_chunk,4,4
3780,12333,16167,16,0,0,layered_block,circular,per_chunk,4,4
3781,12042,15917,16,0,0,layered_block,circular,per_chunk,4,4
3782,12167,16000,16,0,0,layered_block,circular,per_chunk,4,4
3783,12083,15958,16,0,0,layered_block,circular,per_chunk,4,4
3784,12167,16000,16,0,0,layered_block,circular,per_chunk,4,4
3785,128875,168417,16,0,0,layered_block,circular,per_chunk,4,4
3786,11958,16000,16,0,0,layered_block,circular,per_chunk,4,4
3787,12125,15958,16,0,0,layered_block,circular,per_chunk,4,4
3788,12250,16084,16,0,0,layered_block,circular,per_chunk,4,4
3789,129792,158250,16,0,0,layered_block,circular,per_chunk,4,4
3790,12125,15875,16,0,0,layered_block,circular,per_chunk,4,4
3791,12083,15958,16,0,0,layered_block,circular,per_chunk,4,4
3792,12375,16334,16,0,0,layered_block,circular,per_chunk,4,4
3793,20541,24416,16,0,0,layered_block,circular,per_chunk,4,4
3794,12542,16375,16,0,0,layered_block,circular,per_chunk,4,4
3795,12250,16125,16,0,0,layered_block,circular,per_chunk,4,4
3796,12250,16166,16,0,0,layered_block,circular,per_chunk,4,4
3797,163000,167292,16,0,0,layered_block,circular,per_chunk,4,4
3798,12333,16209,16,0,0,layered_block,circular,per_chunk,4,4
3799,12208,15958,16,0,0,layered_block,circular,per_chunk,4,4
3800,12167,16042,16,0,0,layered_block,circular,per_chunk,4,4
3801,96875,100958,16,0,0,layered_block,circular,per_chunk,4,4
3802,12083,15916,16,0,0,layered_block,circular,per_chunk,4,4
3803,12125,15917,16,0,0,layered_block,circular,per_chunk,4,4
3804,12042,15959,16,0,0,layered_block,circular,per_chunk,4,4
3805,12083,15917,16,0,0,layered_block,circular,per_chunk,4,4
3806,12083,16000,16,0,0,layered_block,circular,per_chunk,4,4
3807,12083,16000,16,0,0,layered_block,circular,per_chunk,4,4
3808,12084,15917,16,0,0,layered_block,circular,per_chunk,4,4
3809,102125,166791,16,0,0,layered_block,circular,per_chunk,4,4
3810,12458,16250,16,0,0,layered_block,circular,per_chunk,4,4
3811,12584,16334,16,0,0,layered_block,circular,per_chunk,4,4
3812,12250,16166,16,0,0,layered_block,circular,per_chunk,4,4
3813,12750,16625,16,0,0,layered_block,circular,per_chunk,4,4
3814,101833,107333,16,0,0,layered_block,circular,per_chunk,4,4
3815,12333,16208,16,0,0,layered_block,circular,per_chunk,4,4
3816,12667,16459,16,0,0,layered_block,circular,per_chunk,4,4
3817,12333,16208,16,0,0,layered_block,circular,per_chunk,4,4
3818,12000,15875,16,0,0,layered_block,circular,per_chunk,4,4
3819,12208,16167,16,0,0,layered_block,circular,per_chunk,4,4
3820,12083,15958,16,0,0,layered_block,circular,per_chunk,4,4
3821,12416,16250,16,0,0,layered_block,circular,per_chunk,4,4
3822,13959,23458,16,0,0,layered_block,circular,per_chunk,4,4
3823,12833,16667,16,0,0,layered_block,circular,per_chunk,4,4
3824,12208,16083,16,0,0,layered_block,circular,per_chunk,4,4
3825,12750,16667,16,0,0,layered_block,circular,per_chunk,4,4
3826,12208,16125,16,0,0,layered_block,circular,per_chunk,4,4
3827,94667,120708,16,0,0,layered_block,circular,per_chunk,4,4
3828,12084,16000,16,0,0,layered_block,circular,per_chunk,4,4
3829,12250,16083,16,0,0,layered_block,circular,per_chunk,4,4
3830,12125,16041,16,0,0,layered_block,circular,per_chunk,4,4
3831,12042,15959,16,0,0,layered_block,circular,per_chunk,4,4
3832,19541,23458,16,0,0,layered_block,circular,per_chunk,4,4
3833,12041,15958,16,0,0,layered_block,circular,per_chunk,4,4
3834,12333,16209,16,0,0,layered_block,circular,per_chunk,4,4
3835,12417,16292,16,0,0,layered_block,circular,per_chunk,4,4
3836,12125,16000,16,0,0,layered_block,circular,per_chunk,4,4
3837,12125,15958,16,0,0,layered_block,circular,per_chunk,4,4
3838,74209,78291,16,0,0,layered_block,circular,per_chunk,4,4
3839,12459,16416,16,0,0,layered_block,circular,per_chunk,4,4
3840,12083,16000,16,0,0,layered_block,circular,per_chunk,4,4
3841,97750,101833,16,0,0,layered_block,circular,per_chunk,4,4
3842,12125,16000,16,0,0,layered_block,circular,per_chunk,4,4
3843,12459,16375,16,0,0,layered_block,circular,per_chunk,4,4
3844,20458,24417,16,0,0,layered_block,circular,per_chunk,4,4
3845,12209,16083,16,0,0,layered_block,circular,per_chunk,4,4
3846,12083,16042,16,0,0,layered_block,circular,per_chunk,4,4
3847,12125,16042,16,0,0,layered_block,circular,per_chunk,4,4
3848,12042,16000,16,0,0,layered_block,circular,per_chunk,4,4
3849,12125,16000,16,0,0,layered_block,circular,per_chunk,4,4
3850,12459,16334,16,0,0,layered_block,circular,per_chunk,4,4
3851,12250,16167,16,0,0,layered_block,circular,per_chunk,4,4
3852,12084,16000,16,0,0,layered_block,circular,per_chunk,4,4
3853,12333,16291,16,0,0,layered_block,circular,per_chunk,4,4
3854,12083,16083,16,0,0,layered_block,circular,per_chunk,4,4
3855,12209,16041,16,0,0,layered_block,circular,per_chunk,4,4
3856,12167,16084,16,0,0,layered_block,circular,per_chunk,4,4
3857,19791,23666,16,0,0,layered_block,circular,per_chunk,4,4
3858,12125,16000,16,0,0,layered_block,circular,per_chunk,4,4
3859,12458,16375,16,0,0,layered_block,circular,per_chunk,4,4
3860,12541,16458,16,0,0,layered_block,circular,per_chunk,4,4
3861,12083,16000,16,0,0,layered_block,circular,per_chunk,4,4
3862,12083,16000,16,0,0,layered_block,circular,per_chunk,4,4
3863,12000,15958,16,0,0,layered_block,circular,per_chunk,4,4
3864,12084,16000,16,0,0,layered_block,circular,per_chunk,4,4
3865,12166,16041,16,0,0,layered_block,circular,per_chunk,4,4
3866,12125,16084,16,0,0,layered_block,circular,per_chunk,4,4
3867,12209,16041,16,0,0,layered_block,circular,per_chunk,4,4
3868,12167,15959,16,0,0,layered_block,circular,per_chunk,4,4
3869,12000,15958,16,0,0,layered_block,circular,per_chunk,4,4
3870,12375,16292,16,0,0,layered_block,circular,per_chunk,4,4
3871,12416,16166,16,0,0,layered_block,circular,per_chunk,4,4
3872,12291,16167,16,0,0,layered_block,circular,per_chunk,4,4
3873,12125,16042,16,0,0,layered_block,circular,per_chunk,4,4
3874,12125,16041,16,0,0,layered_block,circular,per_chunk,4,4
3875,12250,16166,16,0,0,layered_block,circular,per_chunk,4,4
3876,12208,16083,16,0,0,layered_block,circular,per_chunk,4,4
3877,12209,16166,16,0,0,layered_block,circular,per_chunk,4,4
3878,12166,15958,16,0,0,layered_block,circular,per_chunk,4,4
3879,12417,16375,16,0,0,layered_block,circular,per_chunk,4,4
3880,12291,16167,16,0,0,layered_block,circular,per_chunk,4,4
3881,12125,15958,16,0,0,layered_block,circular,per_chunk,4,4
3882,12083,16000,16,0,0,layered_block,circular,per_chunk,4,4
3883,19709,23625,16,0,0,layered_block,circular,per_chunk,4,4
3884,12042,15958,16,0,0,layered_block,circular,per_chunk,4,4
3885,12333,16459,16,0,0,layered_block,circular,per_chunk,4,4
3886,12084,16000,16,0,0,layered_block,circular,per_chunk,4,4
3887,12125,16042,16,0,0,layered_block,circular,per_chunk,4,4
3888,12042,15958,16,0,0,layered_block,circular,per_chunk,4,4
3889,11958,16000,16,0,0,layered_block,circular,per_chunk,4,4
3890,12167,16042,16,0,0,layered_block,circular,per_chunk,4,4
3891,12083,15958,16,0,0,layered_block,circular,per_chunk,4,4
3892,12125,16084,16,0,0,layered_block,circular,per_chunk,4,4
3893,12209,16125,16,0,0,layered_block,circular,per_chunk,4,4
3894,12292,16125,16,0,0,layered_block,circular,per_chunk,4,4
3895,12250,16208,16,0,0,layered_block,circular,per_chunk,4,4
3896,12458,23958,16,0,0,layered_block,circular,per_chunk,4,4
3897,12083,15958,16,0,0,layered_block,circular,per_chunk,4,4
3898,12459,16250,16,0,0,layered_block,circular,per_chunk,4,4
3899,12666,16500,16,0,0,layered_block,circular,per_chunk,4,4
3900,12125,16000,16,0,0,layered_block,circular,per_chunk,4,4
3901,12166,16042,16,0,0,layered_block,circular,per_chunk,4,4
3902,12125,16042,16,0,0,layered_block,circular,per_chunk,4,4
3903,12291,16208,16,0,0,layered_block,circular,per_chunk,4,4
3904,12042,15959,16,0,0,layered_block,circular,per_chunk,4,4
3905,11917,16000,16,0,0,layered_block,circular,per_chunk,4,4
3906,12208,16167,16,0,0,layered_block,circular,per_chunk,4,4
3907,12125,16041,16,0,0,layered_block,circular,per_chunk,4,4
3908,12167,16166,16,0,0,layered_block,circular,per_chunk,4,4
3909,12208,16167,16,0,0,layered_block,circular,per_chunk,4,4
3910,12250,16167,16,0,0,layered_block,circular,per_chunk,4,4
3911,12292,16166,16,0,0,layered_block,circular,per_chunk,4,4
3912,12042,16208,16,0,0,layered_block,circular,per_chunk,4,4
3913,12083,16000,16,0,0,layered_block,circular,per_chunk,4,4
3914,12084,16000,16,0,0,layered_block,circular,per_chunk,4,4
3915,12000,15959,16,0,0,layered_block,circular,per_chunk,4,4
3916,12209,16125,16,0,0,layered_block,circular,per_chunk,4,4
3917,12167,16041,16,0,0,layered_block,circular,per_chunk,4,4
3918,12334,16208,16,0,0,layered_block,circular,per_chunk,4,4
3919,12042,15959,16,0,0,layered_block,circular,per_chunk,4,4
3920,12209,16166,16,0,0,layered_block,circular,per_chunk,4,4
3921,12250,16209,16,0,0,layered_block,circular,per_chunk,4,4
3922,12125,16000,16,0,0,layered_block,circular,per_chunk,4,4
3923,12042,15958,16,0,0,layered_block,circular,per_chunk,4,4
3924,90041,94333,16,0,0,layered_block,circular,per_chunk,4,4
3925,12458,16375,16,0,0,layered_block,circular,per_chunk,4,4
3926,12125,15959,16,0,0,layered_block,circular,per_chunk,4,4
3927,12041,16000,16,0,0,layered_block,circular,per_chunk,4,4
3928,12375,16833,16,0,0,layered_block,circular,per_chunk,4,4
3929,12000,15958,16,0,0,layered_block,circular,per_chunk,4,4
3930,12250,16167,16,0,0,layered_block,circular,per_chunk,4,4
3931,12333,16209,16,0,0,layered_block,circular,per_chunk,4,4
3932,19166,23083,16,0,0,layered_block,circular,per_chunk,4,4
3933,12125,16000,16,0,0,layered_block,circular,per_chunk,4,4
3934,12333,16208,16,0,0,layered_block,circular,per_chunk,4,4
3935,12125,16042,16,0,0,layered_block,circular,per_chunk,4,4
3936,12541,16375,16,0,0,layered_block,circular,per_chunk,4,4
3937,70000,75000,16,0,0,layered_block,circular,per_chunk,4,4
3938,12667,16541,16,0,0,layered_block,circular,per_chunk,4,4
3939,12334,16166,16,0,0,layered_block,circular,per_chunk,4,4
3940,12208,16125,16,0,0,layered_block,circular,per_chunk,4,4
3941,12709,23042,16,0,0,layered_block,circular,per_chunk,4,4
3942,12250,16084,16,0,0,layered_block,circular,per_chunk,4,4
3943,12416,16292,16,0,0,layered_block,circular,per_chunk,4,4
3944,12416,16292,16,0,0,layered_block,circular,per_chunk,4,4
3945,12083,16000,16,0,0,layered_block,circular,per_chunk,4,4
3946,12375,16250,16,0,0,layered_block,circular,per_chunk,4,4
3947,12167,16125,16,0,0,layered_block,circular,per_chunk,4,4
3948,12125,16000,16,0,0,layered_block,circular,per_chunk,4,4
3949,12125,16000,16,0,0,layered_block,circular,per_chunk,4,4
3950,12291,16208,16,0,0,layered_block,circular,per_chunk,4,4
3951,12167,16083,16,0,0,layered_block,circular,per_chunk,4,4
3952,12250,16083,16,0,0,layered_block,circular,per_chunk,4,4
3953,12500,16417,16,0,0,layered_block,circular,per_chunk,4,4
3954,19916,23833,16,0,0,layered_block,circular,per_chunk,4,4
3955,12041,15958,16,0,0,layered_block,circular,per_chunk,4,4
3956,12041,16000,16,0,0,layered_block,circular,per_chunk,4,4
3957,12167,16042,16,0,0,layered_block,circular,per_chunk,4,4
3958,12125,16042,16,0,0,layered_block,circular,per_chunk,4,4
3959,12000,15916,16,0,0,layered_block,circular,per_chunk,4,4
3960,12000,16000,16,0,0,layered_block,circular,per_chunk,4,4
3961,12458,16375,16,0,0,layered_block,circular,per_chunk,4,4
3962,12084,15958,16,0,0,layered_block,circular,per_chunk,4,4
3963,12250,16042,16,0,0,layered_block,circular,per_chunk,4,4
3964,12292,16250,16,0,0,layered_block,circular,per_chunk,4,4
3965,12041,16000,16,0,0,layered_block,circular,per_chunk,4,4
3966,12083,16000,16,0,0,layered_block,circular,per_chunk,4,4
3967,12041,16125,16,0,0,layered_block,circular,per_chunk,4,4
3968,12291,16208,16,0,0,layered_block,circular,per_chunk,4,4
3969,12083,16000,16,0,0,layered_block,circular,per_chunk,4,4
3970,12166,16167,16,0,0,layered_block,circular,per_chunk,4,4
3971,12042,16000,16,0,0,layered_block,circular,per_chunk,4,4
3972,12209,16041,16,0,0,layered_block,circular,per_chunk,4,4
3973,12042,16000,16,0,0,layered_block,circular,per_chunk,4,4
3974,20250,24125,16,0,0,layered_block,circular,per_chunk,4,4
3975,12042,15959,16,0,0,layered_block,circular,per_chunk,4,4
3976,12125,16000,16,0,0,layered_block,circular,per_chunk,4,4
3977,12542,16417,16,0,0,layered_block,circular,per_chunk,4,4
3978,12166,16083,16,0,0,layered_block,circular,per_chunk,4,4
3979,12417,16250,16,0,0,layered_block,circular,per_chunk,4,4
3980,11917,15959,16,0,0,layered_block,circular,per_chunk,4,4
3981,12125,16041,16,0,0,layered_block,circular,per_chunk,4,4
3982,12208,16084,16,0,0,layered_block,circular,per_chunk,4,4
3983,12166,16042,16,0,0,layered_block,circular,per_chunk,4,4
3984,12084,15959,16,0,0,layered_block,circular,per_chunk,4,4
3985,12167,16000,16,0,0,layered_block,circular,per_chunk,4,4
3986,12375,16292,16,0,0,layered_block,circular,per_chunk,4,4
3987,20541,24500,16,0,0,layered_block,circular,per_chunk,4,4
3988,12041,15958,16,0,0,layered_block,circular,per_chunk,4,4
3989,12209,16041,16,0,0,layered_block,circular,per_chunk,4,4
3990,12000,16166,16,0,0,layered_block,circular,per_chunk,4,4
3991,12167,16125,16,0,0,layered_block,circular,per_chunk,4,4
3992,12291,16208,16,0,0,layered_block,circular,per_chunk,4,4
3993,12042,15959,16,0,0,layered_block,circular,per_chunk,4,4
3994,12084,16000,16,0,0,layered_block,circular,per_chunk,4,4
3995,12334,16208,16,0,0,layered_block,circular,per_chunk,4,4
3996,12084,16000,16,0,0,layered_block,circular,per_chunk,4,4
3997,12167,16084,16,0,0,layered_block,circular,per_chunk,4,4
3998,12625,16417,16,0,0,layered_block,circular,per_chunk,4,4
3999,12083,15917,16,0,0,layered_block,circular,per_chunk,4,4
4000,12209,16042,16,0,0,layered_block,circular,per_chunk,4,4
4001,12167,16000,16,0,0,layered_block,circular,per_chunk,4,4
4002,12083,16000,16,0,0,layered_block,circular,per_chunk,4,4
4003,12208,16167,16,0,0,layered_block,circular,per_chunk,4,4
4004,12125,16000,16,0,0,layered_block,circular,per_chunk,4,4
4005,12209,16083,16,0,0,layered_block,circular,per_chunk,4,4
4006,12292,16209,16,0,0,layered_block,circular,per_chunk,4,4
4007,12125,16000,16,0,0,layered_block,circular,per_chunk,4,4
4008,12458,16292,16,0,0,layered_block,circular,per_chunk,4,4
4009,12333,16209,16,0,0,layered_block,circular,per_chunk,4,4
4010,12084,16000,16,0,0,layered_block,circular,per_chunk,4,4
4011,12166,16000,16,0,0,layered_block,circular,per_chunk,4,4
4012,12208,16041,16,0,0,layered_block,circular,per_chunk,4,4
4013,12083,16000,16,0,0,layered_block,circular,per_chunk,4,4
4014,12292,16125,16,0,0,layered_block,circular,per_chunk,4,4
4015,12042,16000,16,0,0,layered_block,circular,per_chunk,4,4
4016,12084,16166,16,0,0,layered_block,circular,per_chunk,4,4
4017,12042,16042,16,0,0,layered_block,circular,per_chunk,4,4
4018,12125,16042,16,0,0,layered_block,circular,per_chunk,4,4
4019,12208,16125,16,0,0,layered_block,circular,per_chunk,4,4
4020,12083,16000,16,0,0,layered_block,circular,per_chunk,4,4
4021,12417,16292,16,0,0,layered_block,circular,per_chunk,4,4
4022,12125,16000,16,0,0,layered_block,circular,per_chunk,4,4
4023,12292,16166,16,0,0,layered_block,circular,per_chunk,4,4
4024,12042,15958,16,0,0,layered_block,circular,per_chunk,4,4
4025,12167,16084,16,0,0,layered_block,circular,per_chunk,4,4
4026,12125,16084,16,0,0,layered_block,circular,per_chunk,4,4
4027,12125,16000,16,0,0,layered_block,circular,per_chunk,4,4
4028,12166,16083,16,0,0,layered_block,circular,per_chunk,4,4
4029,12250,16209,16,0,0,layered_block,circular,per_chunk,4,4
4030,12000,15958,16,0,0,layered_block,circular,per_chunk,4,4
4031,12375,16209,16,0,0,layered_block,circular,per_chunk,4,4
4032,12167,16084,16,0,0,layered_block,circular,per_chunk,4,4
4033,12166,16042,16,0,0,layered_block,circular,per_chunk,4,4
4034,12125,15959,16,0,0,layered_block,circular,per_chunk,4,4
4035,12459,16291,16,0,0,layered_block,circular,per_chunk,4,4
4036,12042,15958,16,0,0,layered_block,circular,per_chunk,4,4
4037,19334,23291,16,0,0,layered_block,circular,per_chunk,4,4
4038,12125,16000,16,0,0,layered_block,circular,per_chunk,4,4
4039,12167,16042,16,0,0,layered_block,circular,per_chunk,4,4
4040,12125,16042,16,0,0,layered_block,circular,per_chunk,4,4
4041,12167,106000,16,0,0,layered_block,circular,per_chunk,4,4
4042,12083,16000,16,0,0,layered_block,circular,per_chunk,4,4
4043,12208,16125,16,0,0,layered_block,circular,per_chunk,4,4
4044,12166,16083,16,0,0,layered_block,circular,per_chunk,4,4
4045,12125,16000,16,0,0,layered_block,circular,per_chunk,4,4
4046,12333,16250,16,0,0,layered_block,circular,per_chunk,4,4
4047,12084,16000,16,0,0,layered_block,circular,per_chunk,4,4
4048,13083,16875,16,0,0,layered_block,circular,per_chunk,4,4
4049,12208,16125,16,0,0,layered_block,circular,per_chunk,4,4
4050,12250,16083,16,0,0,layered_block,circular,per_chunk,4,4
4051,12125,15959,16,0,0,layered_block,circular,per_chunk,4,4
4052,12125,16041,16,0,0,layered_block,circular,per_chunk,4,4
4053,12417,16291,16,0,0,layered_block,circular,per_chunk,4,4
4054,14500,19750,16,0,0,layered_block,circular,per_chunk,4,4
4055,12167,16000,16,0,0,layered_block,circular,per_chunk,4,4
4056,12208,16125,16,0,0,layered_block,circular,per_chunk,4,4
4057,12167,16084,16,0,0,layered_block,circular,per_chunk,4,4
4058,12125,16042,16,0,0,layered_block,circular,per_chunk,4,4
4059,12250,16125,16,0,0,layered_block,circular,per_chunk,4,4
4060,12125,16000,16,0,0,layered_block,circular,per_chunk,4,4
4061,12125,15959,16,0,0,layered_block,circular,per_chunk,4,4
4062,12167,16000,16,0,0,layered_block,circular,per_chunk,4,4
4063,11958,16000,16,0,0,layered_block,circular,per_chunk,4,4
4064,12125,16000,16,0,0,layered_block,circular,per_chunk,4,4
4065,12166,16042,16,0,0,layered_block,circular,per_chunk,4,4
4066,11750,15750,16,0,0,layered_block,circular,per_chunk,4,4
4067,102375,106583,16,0,0,layered_block,circular,per_chunk,4,4
4068,12125,16042,16,0,0,layered_block,circular,per_chunk,4,4
4069,12125,16042,16,0,0,layered_block,circular,per_chunk,4,4
4070,12166,22375,16,0,0,layered_block,circular,per_chunk,4,4
4071,12333,16209,16,0,0,layered_block,circular,per_chunk,4,4
4072,12125,16042,16,0,0,layered_block,circular,per_chunk,4,4
4073,12042,15958,16,0,0,layered_block,circular,per_chunk,4,4
4074,12334,16167,16,0,0,layered_block,circular,per_chunk,4,4
4075,12208,16167,16,0,0,layered_block,circular,per_chunk,4,4
4076,20250,24167,16,0,0,layered_block,circular,per_chunk,4,4
4077,12250,16166,16,0,0,layered_block,circular,per_chunk,4,4
4078,12167,16041,16,0,0,layered_block,circular,per_chunk,4,4
4079,12083,16000,16,0,0,layered_block,circular,per_chunk,4,4
4080,12167,16042,16,0,0,layered_block,circular,per_chunk,4,4
4081,12083,16000,16,0,0,layered_block,circular,per_chunk,4,4
4082,12416,16375,16,0,0,layered_block,circular,per_chunk,4,4
4083,12041,15958,16,0,0,layered_block,circular,per_chunk,4,4
4084,12083,16000,16,0,0,layered_block,circular,per_chunk,4,4
4085,12084,16083,16,0,0,layered_block,circular,per_chunk,4,4
4086,12167,16000,16,0,0,layered_block,circular,per_chunk,4,4
4087,12083,16042,16,0,0,layered_block,circular,per_chunk,4,4
4088,12084,16041,16,0,0,layered_block,circular,per_chunk,4,4
4089,12250,16167,16,0,0,layered_block,circular,per_chunk,4,4
4090,12500,16291,16,0,0,layered_block,circular,per_chunk,4,4
4091,12083,16042,16,0,0,layered_block,circular,per_chunk,4,4
4092,13291,17333,16,0,0,layered_block,circular,per_chunk,4,4
4093,12042,15958,16,0,0,layered_block,circular,per_chunk,4,4
4094,12084,16041,16,0,0,layered_block,circular,per_chunk,4,4
4095,12167,16125,16,0,0,layered_block,circular,per_chunk,4,4
4096,12500,16416,16,0,0,layered_block,circular,per_chunk,4,4
4097,12125,15959,16,0,0,layered_block,circular,per_chunk,4,4
4098,12208,16125,16,0,0,layered_block,circular,per_chunk,4,4
4099,12333,16250,16,0,0,layered_block,circular,per_chunk,4,4
4100,12166,16042,16,0,0,layered_block,circular,per_chunk,4,4
4101,12042,15917,16,0,0,layered_block,circular,per_chunk,4,4
4102,12292,16250,16,0,0,layered_block,circular,per_chunk,4,4
4103,12209,16041,16,0,0,layered_block,circular,per_chunk,4,4
4104,12209,16166,16,0,0,layered_block,circular,per_chunk,4,4
4105,12709,16625,16,0,0,layered_block,circular,per_chunk,4,4
4106,12167,16000,16,0,0,layered_block,circular,per_chunk,4,4
4107,12167,16000,16,0,0,layered_block,circular,per_chunk,4,4
4108,12250,16167,16,0,0,layered_block,circular,per_chunk,4,4
4109,12417,16334,16,0,0,layered_block,circular,per_chunk,4,4
4110,12083,16000,16,0,0,layered_block,circular,per_chunk,4,4
4111,12125,16000,16,0,0,layered_block,circular,per_chunk,4,4
4112,12083,15958,16,0,0,layered_block,circular,per_chunk,4,4
4113,12125,16000,16,0,0,layered_block,circular,per_chunk,4,4
4114,12042,16000,16,0,0,layered_block,circular,per_chunk,4,4
4115,12125,16000,16,0,0,layered_block,circular,per_chunk,4,4
4116,12084,15958,16,0,0,layered_block,circular,per_chunk,4,4
4117,12041,16000,16,0,0,layered_block,circular,per_chunk,4,4
4118,12167,16084,16,0,0,layered_block,circular,per_chunk,4,4
4119,12042,15959,16,0,0,layered_block,circular,per_chunk,4,4
4120,12125,16000,16,0,0,layered_block,circular,per_chunk,4,4
4121,12083,16042,16,0,0,layered_block,circular,per_chunk,4,4
4122,12417,16333,16,0,0,layered_block,circular,per_chunk,4,4
4123,12291,16167,16,0,0,layered_block,circular,per_chunk,4,4
4124,11959,15959,16,0,0,layered_block,circular,per_chunk,4,4
4125,12084,16000,16,0,0,layered_block,circular,per_chunk,4,4
4126,12125,16083,16,0,0,layered_block,circular,per_chunk,4,4
4127,12042,16042,16,0,0,layered_block,circular,per_chunk,4,4
4128,12084,16041,16,0,0,layered_block,circular,per_chunk,4,4
4129,12125,15958,16,0,0,layered_block,circular,per_chunk,4,4
4130,12167,16042,16,0,0,layered_block,circular,per_chunk,4,4
4131,12250,16125,16,0,0,layered_block,circular,per_chunk,4,4
4132,12042,15959,16,0,0,layered_block,circular,per_chunk,4,4
4133,12083,16000,16,0,0,layered_block,circular,per_chunk,4,4
4134,12209,16041,16,0,0,layered_block,circular,per_chunk,4,4
4135,12084,16000,16,0,0,layered_block,circular,per_chunk,4,4
4136,12208,16125,16,0,0,layered_block,circular,per_chunk,4,4
4137,12083,16042,16,0,0,layered_block,circular,per_chunk,4,4
4138,12209,16000,16,0,0,layered_block,circular,per_chunk,4,4
4139,12167,16000,16,0,0,layered_block,circular,per_chunk,4,4
4140,12084,16083,16,0,0,layered_block,circular,per_chunk,4,4
4141,12000,15959,16,0,0,layered_block,circular,per_chunk,4,4
4142,12209,16000,16,0,0,layered_block,circular,per_chunk,4,4
4143,12250,16208,16,0,0,layered_block,circular,per_chunk,4,4
4144,12042,15958,16,0,0,layered_block,circular,per_chunk,4,4
4145,12041,16000,16,0,0,layered_block,circular,per_chunk,4,4
4146,12000,15917,16,0,0,layered_block,circular,per_chunk,4,4
4147,12083,15959,16,0,0,layered_block,circular,per_chunk,4,4
4148,12041,15958,16,0,0,layered_block,circular,per_chunk,4,4
4149,12375,16292,16,0,0,layered_block,circular,per_chunk,4,4
4150,12041,15917,16,0,0,layered_block,circular,per_chunk,4,4
4151,12250,16125,16,0,0,layered_block,circular,per_chunk,4,4
4152,12541,16417,16,0,0,layered_block,circular,per_chunk,4,4
4153,19500,23416,16,0,0,layered_block,circular,per_chunk,4,4
4154,12083,16000,16,0,0,layered_block,circular,per_chunk,4,4
4155,12041,16000,16,0,0,layered_block,circular,per_chunk,4,4
4156,12000,16000,16,0,0,layered_block,circular,per_chunk,4,4
4157,12209,16041,16,0,0,layered_block,circular,per_chunk,4,4
4158,12000,15958,16,0,0,layered_block,circular,per_chunk,4,4
4159,12750,23208,16,0,0,layered_block,circular,per_chunk,4,4
4160,12083,16042,16,0,0,layered_block,circular,per_chunk,4,4
4161,12041,16000,16,0,0,layered_block,circular,per_chunk,4,4
4162,19792,23625,16,0,0,layered_block,circular,per_chunk,4,4
4163,12041,16000,16,0,0,layered_block,circular,per_chunk,4,4
4164,12084,16041,16,0,0,layered_block,circular,per_chunk,4,4
4165,12083,16000,16,0,0,layered_block,circular,per_chunk,4,4
4166,12125,15958,16,0,0,layered_block,circular,per_chunk,4,4
4167,12333,16209,16,0,0,layered_block,circular,per_chunk,4,4
4168,12167,16084,16,0,0,layered_block,circular,per_chunk,4,4
4169,12209,16041,16,0,0,layered_block,circular,per_chunk,4,4
4170,12083,15958,16,0,0,layered_block,circular,per_chunk,4,4
4171,12084,16000,16,0,0,layered_block,circular,per_chunk,4,4
4172,12041,15958,16,0,0,layered_block,circular,per_chunk,4,4
4173,12042,15958,16,0,0,layered_block,circular,per_chunk,4,4
4174,12083,16000,16,0,0,layered_block,circular,per_chunk,4,4
4175,12416,16166,16,0,0,layered_block,circular,per_chunk,4,4
4176,12209,16083,16,0,0,layered_block,circular,per_chunk,4,4
4177,12334,16208,16,0,0,layered_block,circular,per_chunk,4,4
4178,12041,15958,16,0,0,layered_block,circular,per_chunk,4,4
4179,12333,16250,16,0,0,layered_block,circular,per_chunk,4,4
4180,12125,16042,16,0,0,layered_block,circular,per_chunk,4,4
4181,12083,15958,16,0,0,layered_block,circular,per_chunk,4,4
4182,12292,16125,16,0,0,layered_block,circular,per_chunk,4,4
4183,12250,16167,16,0,0,layered_block,circular,per_chunk,4,4
4184,12250,16042,16,0,0,layered_block,circular,per_chunk,4,4
4185,12584,16417,16,0,0,layered_block,circular,per_chunk,4,4
4186,12000,16042,16,0,0,layered_block,circular,per_chunk,4,4
4187,12042,15958,16,0,0,layered_block,circular,per_chunk,4,4
4188,12292,16166,16,0,0,layered_block,circular,per_chunk,4,4
4189,12000,15958,16,0,0,layered_block,circular,per_chunk,4,4
4190,12125,15958,16,0,0,layered_block,circular,per_chunk,4,4
4191,12083,16042,16,0,0,layered_block,circular,per_chunk,4,4
4192,12083,16000,16,0,0,layered_block,circular,per_chunk,4,4
4193,12083,16000,16,0,0,layered_block,circular,per_chunk,4,4
4194,12166,16083,16,0,0,layered_block,circular,per_chunk,4,4
4195,12042,16000,16,0,0,layered_block,circular,per_chunk,4,4
4196,12125,16042,16,0,0,layered_block,circular,per_chunk,4,4
4197,12083,16000,16,0,0,layered_block,circular,per_chunk,4,4
4198,12167,85958,16,0,0,layered_block,circular,per_chunk,4,4
4199,12209,16041,16,0,0,layered_block,circular,per_chunk,4,4
4200,12167,16000,16,0,0,layered_block,circular,per_chunk,4,4
4201,12042,16000,16,0,0,layered_block,circular,per_chunk,4,4
4202,12042,15959,16,0,0,layered_block,circular,per_chunk,4,4
4203,12125,16000,16,0,0,layered_block,circular,per_chunk,4,4
4204,12417,16250,16,0,0,layered_block,circular,per_chunk,4,4
4205,12166,16083,16,0,0,layered_block,circular,per_chunk,4,4
4206,12167,15959,16,0,0,layered_block,circular,per_chunk,4,4
4207,12042,16000,16,0,0,layered_block,circular,per_chunk,4,4
4208,12625,16917,16,0,0,layered_block,circular,per_chunk,4,4
4209,12125,16000,16,0,0,layered_block,circular,per_chunk,4,4
4210,12083,16000,16,0,0,layered_block,circular,per_chunk,4,4
4211,12084,16000,16,0,0,layered_block,circular,per_chunk,4,4
4212,12166,16000,16,0,0,layered_block,circular,per_chunk,4,4
4213,12250,16166,16,0,0,layered_block,circular,per_chunk,4,4
4214,12458,16334,16,0,0,layered_block,circular,per_chunk,4,4
4215,12084,15958,16,0,0,layered_block,circular,per_chunk,4,4
4216,11875,15916,16,0,0,layered_block,circular,per_chunk,4,4
4217,12125,16042,16,0,0,layered_block,circular,per_chunk,4,4
4218,12167,16083,16,0,0,layered_block,circular,per_chunk,4,4
4219,12166,16042,16,0,0,layered_block,circular,per_chunk,4,4
4220,12208,16083,16,0,0,layered_block,circular,per_chunk,4,4
4221,12083,15917,16,0,0,layered_block,circular,per_chunk,4,4
4222,11917,16000,16,0,0,layered_block,circular,per_chunk,4,4
4223,12042,16000,16,0,0,layered_block,circular,per_chunk,4,4
4224,12375,16250,16,0,0,layered_block,circular,per_chunk,4,4
4225,12041,16000,16,0,0,layered_block,circular,per_chunk,4,4
4226,12375,16292,16,0,0,layered_block,circular,per_chunk,4,4
4227,12417,16250,16,0,0,layered_block,circular,per_chunk,4,4
4228,12209,16083,16,0,0,layered_block,circular,per_chunk,4,4
4229,12167,16041,16,0,0,layered_block,circular,per_chunk,4,4
4230,12208,16042,16,0,0,layered_block,circular,per_chunk,4,4
4231,88333,92625,16,0,0,layered_block,circular,per_chunk,4,4
4232,12209,16083,16,0,0,layered_block,circular,per_chunk,4,4
4233,12167,16083,16,0,0,layered_block,circular,per_chunk,4,4
4234,12125,16000,16,0,0,layered_block,circular,per_chunk,4,4
4235,12125,16000,16,0,0,layered_block,circular,per_chunk,4,4
4236,12208,16125,16,0,0,layered_block,circular,per_chunk,4,4
4237,12250,16167,16,0,0,layered_block,circular,per_chunk,4,4
4238,12042,15916,16,0,0,layered_block,circular,per_chunk,4,4
4239,12083,15917,16,0,0,layered_block,circular,per_chunk,4,4
4240,12125,16042,16,0,0,layered_block,circular,per_chunk,4,4
4241,11833,16000,16,0,0,layered_block,circular,per_chunk,4,4
4242,12125,16042,16,0,0,layered_block,circular,per_chunk,4,4
4243,12042,15917,16,0,0,layered_block,circular,per_chunk,4,4
4244,12125,16000,16,0,0,layered_block,circular,per_chunk,4,4
4245,12042,15959,16,0,0,layered_block,circular,per_chunk,4,4
4246,12209,15959,16,0,0,layered_block,circular,per_chunk,4,4
4247,11875,16000,16,0,0,layered_block,circular,per_chunk,4,4
4248,12042,15959,16,0,0,layered_block,circular,per_chunk,4,4
4249,12125,16041,16,0,0,layered_block,circular,per_chunk,4,4
4250,12042,16000,16,0,0,layered_block,circular,per_chunk,4,4
4251,19417,23333,16,0,0,layered_block,circular,per_chunk,4,4
4252,12041,15958,16,0,0,layered_block,circular,per_chunk,4,4
4253,12000,15916,16,0,0,layered_block,circular,per_chunk,4,4
4254,12167,16041,16,0,0,layered_block,circular,per_chunk,4,4
4255,12125,16000,16,0,0,layered_block,circular,per_chunk,4,4
4256,12167,16084,16,0,0,layered_block,circular,per_chunk,4,4
4257,12083,15959,16,0,0,layered_block,circular,per_chunk,4,4
4258,12167,16000,16,0,0,layered_block,circular,per_chunk,4,4
4259,12209,16000,16,0,0,layered_block,circular,per_chunk,4,4
4260,12167,16041,16,0,0,layered_block,circular,per_chunk,4,4
4261,12208,16084,16,0,0,layered_block,circular,per_chunk,4,4
4262,12292,16208,16,0,0,layered_block,circular,per_chunk,4,4
4263,12167,16042,16,0,0,layered_block,circular,per_chunk,4,4
4264,12042,16000,16,0,0,layered_block,circular,per_chunk,4,4
4265,12042,15959,16,0,0,layered_block,circular,per_chunk,4,4
4266,12084,16000,16,0,0,layered_block,circular,per_chunk,4,4
4267,12250,16083,16,0,0,layered_block,circular,per_chunk,4,4
4268,12166,16042,16,0,0,layered_block,circular,per_chunk,4,4
4269,12042,16042,16,0,0,layered_block,circular,per_chunk,4,4
4270,12084,15959,16,0,0,layered_block,circular,per_chunk,4,4
4271,12125,16000,16,0,0,layered_block,circular,per_chunk,4,4
4272,12000,15958,16,0,0,layered_block,circular,per_chunk,4,4
4273,12083,15958,16,0,0,layered_block,circular,per_chunk,4,4
4274,12041,16000,16,0,0,layered_block,circular,per_chunk,4,4
4275,12125,16042,16,0,0,layered_block,circular,per_chunk,4,4
4276,12125,16041,16,0,0,layered_block,circular,per_chunk,4,4
4277,12125,16041,16,0,0,layered_block,circular,per_chunk,4,4
4278,12292,16250,16,0,0,layered_block,circular,per_chunk,4,4
4279,12042,16000,16,0,0,layered_block,circular,per_chunk,4,4
4280,12042,15917,16,0,0,layered_block,circular,per_chunk,4,4
4281,12208,16125,16,0,0,layered_block,circular,per_chunk,4,4
4282,12084,16041,16,0,0,layered_block,circular,per_chunk,4,4
4283,12209,16041,16,0,0,layered_block,circular,per_chunk,4,4
4284,11959,16000,16,0,0,layered_block,circular,per_chunk,4,4
4285,12375,16542,16,0,0,layered_block,circular,per_chunk,4,4
4286,12083,16000,16,0,0,layered_block,circular,per_chunk,4,4
4287,12333,16209,16,0,0,layered_block,circular,per_chunk,4,4
4288,12042,16000,16,0,0,layered_block,circular,per_chunk,4,4
4289,12083,16000,16,0,0,layered_block,circular,per_chunk,4,4
4290,12042,15959,16,0,0,layered_block,circular,per_chunk,4,4
4291,12167,16000,16,0,0,layered_block,circular,per_chunk,4,4
4292,12042,16000,16,0,0,layered_block,circular,per_chunk,4,4
4293,12209,16083,16,0,0,layered_block,circular,per_chunk,4,4
4294,12084,16000,16,0,0,layered_block,circular,per_chunk,4,4
4295,12250,16166,16,0,0,layered_block,circular,per_chunk,4,4
4296,12125,16041,16,0,0,layered_block,circular,per_chunk,4,4
4297,12208,16084,16,0,0,layered_block,circular,per_chunk,4,4
4298,11958,15958,16,0,0,layered_block,circular,per_chunk,4,4
4299,12125,16000,16,0,0,layered_block,circular,per_chunk,4,4
4300,12041,15958,16,0,0,layered_block,circular,per_chunk,4,4
4301,12041,15958,16,0,0,layered_block,circular,per_chunk,4,4
4302,12083,16042,16,0,0,layered_block,circular,per_chunk,4,4
4303,12125,15959,16,0,0,layered_block,circular,per_chunk,4,4
4304,12375,16209,16,0,0,layered_block,circular,per_chunk,4,4
4305,12209,16166,16,0,0,layered_block,circular,per_chunk,4,4
4306,12125,16000,16,0,0,layered_block,circular,per_chunk,4,4
4307,12042,15958,16,0,0,layered_block,circular,per_chunk,4,4
4308,12125,16042,16,0,0,layered_block,circular,per_chunk,4,4
4309,12125,15958,16,0,0,layered_block,circular,per_chunk,4,4
4310,12125,15958,16,0,0,layered_block,circular,per_chunk,4,4
4311,12291,16208,16,0,0,layered_block,circular,per_chunk,4,4
4312,12500,16333,16,0,0,layered_block,circular,per_chunk,4,4
4313,12167,16042,16,0,0,layered_block,circular,per_chunk,4,4
4314,12375,16292,16,0,0,layered_block,circular,per_chunk,4,4
4315,12166,16083,16,0,0,layered_block,circular,per_chunk,4,4
4316,12000,16167,16,0,0,layered_block,circular,per_chunk,4,4
4317,12000,15958,16,0,0,layered_block,circular,per_chunk,4,4
4318,12042,15959,16,0,0,layered_block,circular,per_chunk,4,4
4319,12125,16000,16,0,0,layered_block,circular,per_chunk,4,4
4320,12208,16125,16,0,0,layered_block,circular,per_chunk,4,4
4321,12167,16000,16,0,0,layered_block,circular,per_chunk,4,4
4322,12166,16083,16,0,0,layered_block,circular,per_chunk,4,4
4323,12083,16000,16,0,0,layered_block,circular,per_chunk,4,4
4324,12167,16083,16,0,0,layered_block,circular,per_chunk,4,4
4325,12167,16084,16,0,0,layered_block,circular,per_chunk,4,4
4326,12208,16125,16,0,0,layered_block,circular,per_chunk,4,4
4327,12208,16042,16,0,0,layered_block,circular,per_chunk,4,4
4328,11917,15917,16,0,0,layered_block,circular,per_chunk,4,4
4329,12084,16000,16,0,0,layered_block,circular,per_chunk,4,4
4330,12125,15958,16,0,0,layered_block,circular,per_chunk,4,4
4331,12042,15958,16,0,0,layered_block,circular,per_chunk,4,4
4332,12417,16334,16,0,0,layered_block,circular,per_chunk,4,4
4333,12208,16125,16,0,0,layered_block,circular,per_chunk,4,4
4334,11875,16000,16,0,0,layered_block,circular,per_chunk,4,4
4335,12083,15959,16,0,0,layered_block,circular,per_chunk,4,4
4336,12083,16000,16,0,0,layered_block,circular,per_chunk,4,4
4337,12083,16042,16,0,0,layered_block,circular,per_chunk,4,4
4338,77041,81167,16,0,0,layered_block,circular,per_chunk,4,4
4339,12416,16250,16,0,0,layered_block,circular,per_chunk,4,4
4340,12083,16000,16,0,0,layered_block,circular,per_chunk,4,4
4341,12125,16000,16,0,0,layered_block,circular,per_chunk,4,4
4342,12417,16333,16,0,0,layered_block,circular,per_chunk,4,4
4343,12167,16083,16,0,0,layered_block,circular,per_chunk,4,4
4344,12208,16084,16,0,0,layered_block,circular,per_chunk,4,4
4345,12208,16042,16,0,0,layered_block,circular,per_chunk,4,4
4346,12250,16208,16,0,0,layered_block,circular,per_chunk,4,4
4347,12000,15875,16,0,0,layered_block,circular,per_chunk,4,4
4348,12167,16042,16,0,0,layered_block,circular,per_chunk,4,4
4349,12167,16625,16,0,0,layered_block,circular,per_chunk,4,4
4350,12042,15959,16,0,0,layered_block,circular,per_chunk,4,4
4351,12417,16291,16,0,0,layered_block,circular,per_chunk,4,4
4352,12083,16084,16,0,0,layered_block,circular,per_chunk,4,4
4353,12125,15958,16,0,0,layered_block,circular,per_chunk,4,4
4354,12208,16167,16,0,0,layered_block,circular,per_chunk,4,4
4355,12167,16041,16,0,0,layered_block,circular,per_chunk,4,4
4356,12125,16000,16,0,0,layered_block,circular,per_chunk,4,4
4357,12084,16000,16,0,0,layered_block,circular,per_chunk,4,4
4358,12167,16084,16,0,0,layered_block,circular,per_chunk,4,4
4359,12292,16209,16,0,0,layered_block,circular,per_chunk,4,4
4360,12042,16041,16,0,0,layered_block,circular,per_chunk,4,4
4361,12500,16333,16,0,0,layered_block,circular,per_chunk,4,4
4362,12084,16000,16,0,0,layered_block,circular,per_chunk,4,4
4363,12250,16125,16,0,0,layered_block,circular,per_chunk,4,4
4364,12209,16083,16,0,0,layered_block,circular,per_chunk,4,4
4365,12084,15958,16,0,0,layered_block,circular,per_chunk,4,4
4366,12083,16000,16,0,0,layered_block,circular,per_chunk,4,4
4367,12167,16000,16,0,0,layered_block,circular,per_chunk,4,4
4368,12166,15958,16,0,0,layered_block,circular,per_chunk,4,4
4369,12125,16000,16,0,0,layered_block,circular,per_chunk,4,4
4370,12084,15958,16,0,0,layered_block,circular,per_chunk,4,4
4371,12041,15958,16,0,0,layered_block,circular,per_chunk,4,4
4372,12583,16583,16,0,0,layered_block,circular,per_chunk,4,4
4373,19500,23458,16,0,0,layered_block,circular,per_chunk,4,4
4374,12083,15958,16,0,0,layered_block,circular,per_chunk,4,4
4375,12041,16000,16,0,0,layered_block,circular,per_chunk,4,4
4376,12125,16084,16,0,0,layered_block,circular,per_chunk,4,4
4377,12167,16041,16,0,0,layered_block,circular,per_chunk,4,4
4378,12250,16125,16,0,0,layered_block,circular,per_chunk,4,4
4379,12041,15958,16,0,0,layered_block,circular,per_chunk,4,4
4380,12125,16042,16,0,0,layered_block,circular,per_chunk,4,4
4381,12167,16041,16,0,0,layered_block,circular,per_chunk,4,4
4382,12042,15916,16,0,0,layered_block,circular,per_chunk,4,4
4383,12209,16083,16,0,0,layered_block,circular,per_chunk,4,4
4384,12125,16541,16,0,0,layered_block,circular,per_chunk,4,4
4385,12084,15916,16,0,0,layered_block,circular,per_chunk,4,4
4386,12125,16041,16,0,0,layered_block,circular,per_chunk,4,4
4387,12084,16042,16,0,0,layered_block,circular,per_chunk,4,4
4388,12167,16000,16,0,0,layered_block,circular,per_chunk,4,4
4389,12042,16000,16,0,0,layered_block,circular,per_chunk,4,4
4390,12084,16000,16,0,0,layered_block,circular,per_chunk,4,4
4391,12333,16209,16,0,0,layered_block,circular,per_chunk,4,4
4392,12208,16125,16,0,0,layered_block,circular,per_chunk,4,4
4393,12084,15959,16,0,0,layered_block,circular,per_chunk,4,4
4394,12375,16208,16,0,0,layered_block,circular,per_chunk,4,4
4395,12000,16000,16,0,0,layered_block,circular,per_chunk,4,4
4396,19125,23000,16,0,0,layered_block,circular,per_chunk,4,4
4397,12083,16042,16,0,0,layered_block,circular,per_chunk,4,4
4398,12333,16208,16,0,0,layered_block,circular,per_chunk,4,4
4399,12125,16041,16,0,0,layered_block,circular,per_chunk,4,4
4400,12167,15958,16,0,0,layered_block,circular,per_chunk,4,4
4401,11959,15958,16,0,0,layered_block,circular,per_chunk,4,4
4402,12125,21750,16,0,0,layered_block,circular,per_chunk,4,4
4403,12209,16000,16,0,0,layered_block,circular,per_chunk,4,4
4404,12042,16000,16,0,0,layered_block,circular,per_chunk,4,4
4405,12125,16083,16,0,0,layered_block,circular,per_chunk,4,4
4406,12166,16000,16,0,0,layered_block,circular,per_chunk,4,4
4407,12167,16084,16,0,0,layered_block,circular,per_chunk,4,4
4408,12125,15959,16,0,0,layered_block,circular,per_chunk,4,4
4409,12166,16041,16,0,0,layered_block,circular,per_chunk,4,4
4410,12250,16208,16,0,0,layered_block,circular,per_chunk,4,4
4411,12125,16000,16,0,0,layered_block,circular,per_chunk,4,4
4412,12125,16042,16,0,0,layered_block,circular,per_chunk,4,4
4413,12250,16167,16,0,0,layered_block,circular,per_chunk,4,4
4414,12042,15959,16,0,0,layered_block,circular,per_chunk,4,4
4415,12208,16084,16,0,0,layered_block,circular,per_chunk,4,4
4416,12334,16208,16,0,0,layered_block,circular,per_chunk,4,4
4417,12083,16000,16,0,0,layered_block,circular,per_chunk,4,4
4418,12375,16166,16,0,0,layered_block,circular,per_chunk,4,4
4419,12166,16125,16,0,0,layered_block,circular,per_chunk,4,4
4420,12125,15958,16,0,0,layered_block,circular,per_chunk,4,4
4421,12125,16000,16,0,0,layered_block,circular,per_chunk,4,4
4422,12125,16042,16,0,0,layered_block,circular,per_chunk,4,4
4423,12208,16042,16,0,0,layered_block,circular,per_chunk,4,4
4424,12084,16041,16,0,0,layered_block,circular,per_chunk,4,4
4425,12292,16208,16,0,0,layered_block,circular,per_chunk,4,4
4426,12250,16125,16,0,0,layered_block,circular,per_chunk,4,4
4427,12083,16000,16,0,0,layered_block,circular,per_chunk,4,4
4428,12167,16041,16,0,0,layered_block,circular,per_chunk,4,4
4429,12166,16042,16,0,0,layered_block,circular,per_chunk,4,4
4430,12208,16083,16,0,0,layered_block,circular,per_chunk,4,4
4431,12125,16000,16,0,0,layered_block,circular,per_chunk,4,4
4432,12042,15958,16,0,0,layered_block,circular,per_chunk,4,4
4433,12000,15958,16,0,0,layered_block,circular,per_chunk,4,4
4434,12042,15958,16,0,0,layered_block,circular,per_chunk,4,4
4435,12416,16333,16,0,0,layered_block,circular,per_chunk,4,4
4436,12083,16042,16,0,0,layered_block,circular,per_chunk,4,4
4437,12167,15958,16,0,0,layered_block,circular,per_chunk,4,4
4438,12333,16167,16,0,0,layered_block,circular,per_chunk,4,4
4439,12125,16000,16,0,0,layered_block,circular,per_chunk,4,4
4440,12042,16000,16,0,0,layered_block,circular,per_chunk,4,4
4441,12208,16000,16,0,0,layered_block,circular,per_chunk,4,4
4442,12209,16208,16,0,0,layered_block,circular,per_chunk,4,4
4443,12125,15958,16,0,0,layered_block,circular,per_chunk,4,4
4444,12167,16041,16,0,0,layered_block,circular,per_chunk,4,4
4445,12500,16333,16,0,0,layered_block,circular,per_chunk,4,4
4446,12125,16000,16,0,0,layered_block,circular,per_chunk,4,4
4447,12334,16291,16,0,0,layered_block,circular,per_chunk,4,4
4448,12792,23750,16,0,0,layered_block,circular,per_chunk,4,4
4449,12084,16000,16,0,0,layered_block,circular,per_chunk,4,4
4450,11958,16083,16,0,0,layered_block,circular,per_chunk,4,4
4451,12084,16000,16,0,0,layered_block,circular,per_chunk,4,4
4452,12083,16000,16,0,0,layered_block,circular,per_chunk,4,4
4453,12125,16000,16,0,0,layered_block,circular,per_chunk,4,4
4454,12125,16041,16,0,0,layered_block,circular,per_chunk,4,4
4455,12125,16041,16,0,0,layered_block,circular,per_chunk,4,4
4456,12167,16083,16,0,0,layered_block,circular,per_chunk,4,4
4457,12000,15958,16,0,0,layered_block,circular,per_chunk,4,4
4458,12250,16209,16,0,0,layered_block,circular,per_chunk,4,4
4459,12166,16083,16,0,0,layered_block,circular,per_chunk,4,4
4460,12667,16833,16,0,0,layered_block,circular,per_chunk,4,4
4461,12333,16208,16,0,0,layered_block,circular,per_chunk,4,4
4462,12000,15917,16,0,0,layered_block,circular,per_chunk,4,4
4463,12084,16000,16,0,0,layered_block,circular,per_chunk,4,4
4464,12750,16625,16,0,0,layered_block,circular,per_chunk,4,4
4465,12250,16083,16,0,0,layered_block,circular,per_chunk,4,4
4466,12167,16084,16,0,0,layered_block,circular,per_chunk,4,4
4467,12083,16083,16,0,0,layered_block,circular,per_chunk,4,4
4468,12042,16000,16,0,0,layered_block,circular,per_chunk,4,4
4469,12166,16000,16,0,0,layered_block,circular,per_chunk,4,4
4470,12083,16042,16,0,0,layered_block,circular,per_chunk,4,4
4471,12042,15959,16,0,0,layered_block,circular,per_chunk,4,4
4472,12167,16042,16,0,0,layered_block,circular,per_chunk,4,4
4473,12083,16083,16,0,0,layered_block,circular,per_chunk,4,4
4474,12334,16750,16,0,0,layered_block,circular,per_chunk,4,4
4475,12167,16041,16,0,0,layered_block,circular,per_chunk,4,4
4476,12042,15959,16,0,0,layered_block,circular,per_chunk,4,4
4477,12083,16042,16,0,0,layered_block,circular,per_chunk,4,4
4478,12209,16083,16,0,0,layered_block,circular,per_chunk,4,4
4479,12334,16166,16,0,0,layered_block,circular,per_chunk,4,4
4480,21375,25291,16,0,0,layered_block,circular,per_chunk,4,4
4481,12083,15958,16,0,0,layered_block,circular,per_chunk,4,4
4482,12208,16084,16,0,0,layered_block,circular,per_chunk,4,4
4483,12375,16292,16,0,0,layered_block,circular,per_chunk,4,4
4484,14167,18750,16,0,0,layered_block,circular,per_chunk,4,4
4485,12167,16042,16,0,0,layered_block,circular,per_chunk,4,4
4486,12083,15958,16,0,0,layered_block,circular,per_chunk,4,4
4487,12125,15959,16,0,0,layered_block,circular,per_chunk,4,4
4488,12042,16083,16,0,0,layered_block,circular,per_chunk,4,4
4489,12000,15916,16,0,0,layered_block,circular,per_chunk,4,4
4490,12208,16084,16,0,0,layered_block,circular,per_chunk,4,4
4491,12500,16250,16,0,0,layered_block,circular,per_chunk,4,4
4492,12167,16042,16,0,0,layered_block,circular,per_chunk,4,4
4493,12208,16042,16,0,0,layered_block,circular,per_chunk,4,4
4494,12083,16000,16,0,0,layered_block,circular,per_chunk,4,4
4495,12125,16041,16,0,0,layered_block,circular,per_chunk,4,4
4496,12167,16042,16,0,0,layered_block,circular,per_chunk,4,4
4497,12209,16083,16,0,0,layered_block,circular,per_chunk,4,4
4498,20833,24834,16,0,0,layered_block,circular,per_chunk,4,4
4499,12042,15959,16,0,0,layered_block,circular,per_chunk,4,4
4500,12042,15959,16,0,0,layered_block,circular,per_chunk,4,4
4501,12083,16042,16,0,0,layered_block,circular,per_chunk,4,4
4502,12291,16250,16,0,0,layered_block,circular,per_chunk,4,4
4503,12125,16083,16,0,0,layered_block,circular,per_chunk,4,4
4504,12125,15916,16,0,0,layered_block,circular,per_chunk,4,4
4505,12125,15958,16,0,0,layered_block,circular,per_chunk,4,4
4506,12125,16000,16,0,0,layered_block,circular,per_chunk,4,4
4507,12334,16208,16,0,0,layered_block,circular,per_chunk,4,4
4508,12167,16041,16,0,0,layered_block,circular,per_chunk,4,4
4509,19958,23917,16,0,0,layered_block,circular,per_chunk,4,4
4510,12083,15958,16,0,0,layered_block,circular,per_chunk,4,4
4511,12042,16083,16,0,0,layered_block,circular,per_chunk,4,4
4512,12542,16709,16,0,0,layered_block,circular,per_chunk,4,4
4513,12125,16000,16,0,0,layered_block,circular,per_chunk,4,4
4514,12083,16000,16,0,0,layered_block,circular,per_chunk,4,4
4515,12084,15959,16,0,0,layered_block,circular,per_chunk,4,4
4516,12125,16042,16,0,0,layered_block,circular,per_chunk,4,4
4517,12375,16250,16,0,0,layered_block,circular,per_chunk,4,4
4518,12167,16250,16,0,0,layered_block,circular,per_chunk,4,4
4519,12083,15958,16,0,0,layered_block,circular,per_chunk,4,4
4520,12208,16084,16,0,0,layered_block,circular,per_chunk,4,4
4521,12250,16042,16,0,0,layered_block,circular,per_chunk,4,4
4522,12084,16000,16,0,0,layered_block,circular,per_chunk,4,4
4523,18333,22375,16,0,0,layered_block,circular,per_chunk,4,4
4524,12083,15958,16,0,0,layered_block,circular,per_chunk,4,4
4525,12333,16250,16,0,0,layered_block,circular,per_chunk,4,4
4526,12250,16167,16,0,0,layered_block,circular,per_chunk,4,4
4527,12292,16167,16,0,0,layered_block,circular,per_chunk,4,4
4528,12084,15959,16,0,0,layered_block,circular,per_chunk,4,4
4529,12750,23167,16,0,0,layered_block,circular,per_chunk,4,4
4530,12083,16000,16,0,0,layered_block,circular,per_chunk,4,4
4531,12417,16375,16,0,0,layered_block,circular,per_chunk,4,4
4532,12333,16250,16,0,0,layered_block,circular,per_chunk,4,4
4533,12166,16000,16,0,0,layered_block,circular,per_chunk,4,4
4534,12167,16083,16,0,0,layered_block,circular,per_chunk,4,4
4535,12292,16167,16,0,0,layered_block,circular,per_chunk,4,4
4536,12167,16042,16,0,0,layered_block,circular,per_chunk,4,4
4537,12041,15958,16,0,0,layered_block,circular,per_chunk,4,4
4538,19584,23417,16,0,0,layered_block,circular,per_chunk,4,4
4539,12000,15958,16,0,0,layered_block,circular,per_chunk,4,4
4540,12166,16042,16,0,0,layered_block,circular,per_chunk,4,4
4541,12041,16000,16,0,0,layered_block,circular,per_chunk,4,4
4542,12084,15959,16,0,0,layered_block,circular,per_chunk,4,4
4543,12209,16083,16,0,0,layered_block,circular,per_chunk,4,4
4544,12083,16000,16,0,0,layered_block,circular,per_chunk,4,4
4545,12292,16250,16,0,0,layered_block,circular,per_chunk,4,4
4546,12084,16041,16,0,0,layered_block,circular,per_chunk,4,4
4547,12084,15958,16,0,0,layered_block,circular,per_chunk,4,4
4548,12333,16250,16,0,0,layered_block,circular,per_chunk,4,4
4549,12125,16042,16,0,0,layered_block,circular,per_chunk,4,4
4550,12166,16000,16,0,0,layered_block,circular,per_chunk,4,4
4551,12250,16167,16,0,0,layered_block,circular,per_chunk,4,4
4552,11916,16083,16,0,0,layered_block,circular,per_chunk,4,4
4553,12125,16041,16,0,0,layered_block,circular,per_chunk,4,4
4554,12083,16000,16,0,0,layered_block,circular,per_chunk,4,4
4555,11917,15875,16,0,0,layered_block,circular,per_chunk,4,4
4556,12167,16084,16,0,0,layered_block,circular,per_chunk,4,4
4557,12167,16083,16,0,0,layered_block,circular,per_chunk,4,4
4558,12375,16375,16,0,0,layered_block,circular,per_chunk,4,4
4559,12125,16042,16,0,0,layered_block,circular,per_chunk,4,4
4560,12125,16041,16,0,0,layered_block,circular,per_chunk,4,4
4561,12083,16000,16,0,0,layered_block,circular,per_chunk,4,4
4562,12250,16083,16,0,0,layered_block,circular,per_chunk,4,4
4563,12042,15959,16,0,0,layered_block,circular,per_chunk,4,4
4564,20042,23917,16,0,0,layered_block,circular,per_chunk,4,4
4565,12042,16000,16,0,0,layered_block,circular,per_chunk,4,4
4566,12042,15958,16,0,0,layered_block,circular,per_chunk,4,4
4567,12292,16208,16,0,0,layered_block,circular,per_chunk,4,4
4568,12375,16250,16,0,0,layered_block,circular,per_chunk,4,4
4569,12250,16083,16,0,0,layered_block,circular,per_chunk,4,4
4570,12084,16000,16,0,0,layered_block,circular,per_chunk,4,4
4571,12083,16042,16,0,0,layered_block,circular,per_chunk,4,4
4572,12166,16000,16,0,0,layered_block,circular,per_chunk,4,4
4573,12125,16000,16,0,0,layered_block,circular,per_chunk,4,4
4574,12125,16000,16,0,0,layered_block,circular,per_chunk,4,4
4575,12208,16083,16,0,0,layered_block,circular,per_chunk,4,4
4576,12042,15959,16,0,0,layered_block,circular,per_chunk,4,4
4577,12000,15916,16,0,0,layered_block,circular,per_chunk,4,4
4578,12125,16000,16,0,0,layered_block,circular,per_chunk,4,4
4579,12167,16041,16,0,0,layered_block,circular,per_chunk,4,4
4580,11958,16000,16,0,0,layered_block,circular,per_chunk,4,4
4581,12083,15959,16,0,0,layered_block,circular,per_chunk,4,4
4582,12125,16000,16,0,0,layered_block,circular,per_chunk,4,4
4583,12083,16042,16,0,0,layered_block,circular,per_chunk,4,4
4584,12166,16000,16,0,0,layered_block,circular,per_chunk,4,4
4585,12375,16167,16,0,0,layered_block,circular,per_chunk,4,4
4586,12041,16042,16,0,0,layered_block,circular,per_chunk,4,4
4587,12208,16042,16,0,0,layered_block,circular,per_chunk,4,4
4588,12125,16042,16,0,0,layered_block,circular,per_chunk,4,4
4589,11875,15958,16,0,0,layered_block,circular,per_chunk,4,4
4590,12083,16000,16,0,0,layered_block,circular,per_chunk,4,4
4591,12042,16000,16,0,0,layered_block,circular,per_chunk,4,4
4592,12083,16042,16,0,0,layered_block,circular,per_chunk,4,4
4593,12083,16042,16,0,0,layered_block,circular,per_chunk,4,4
4594,12167,16041,16,0,0,layered_block,circular,per_chunk,4,4
4595,12375,16292,16,0,0,layered_block,circular,per_chunk,4,4
4596,12125,16083,16,0,0,layered_block,circular,per_chunk,4,4
4597,12084,15959,16,0,0,layered_block,circular,per_chunk,4,4
4598,11875,16000,16,0,0,layered_block,circular,per_chunk,4,4
4599,12500,16583,16,0,0,layered_block,circular,per_chunk,4,4
4600,12084,15958,16,0,0,layered_block,circular,per_chunk,4,4
4601,12042,16000,16,0,0,layered_block,circular,per_chunk,4,4
4602,12083,15958,16,0,0,layered_block,circular,per_chunk,4,4
4603,12083,15959,16,0,0,layered_block,circular,per_chunk,4,4
4604,12084,16000,16,0,0,layered_block,circular,per_chunk,4,4
4605,12292,16042,16,0,0,layered_block,circular,per_chunk,4,4
4606,12041,16000,16,0,0,layered_block,circular,per_chunk,4,4
4607,12208,16125,16,0,0,layered_block,circular,per_chunk,4,4
4608,12125,15958,16,0,0,layered_block,circular,per_chunk,4,4
4609,12042,16000,16,0,0,layered_block,circular,per_chunk,4,4
4610,12083,16000,16,0,0,layered_block,circular,per_chunk,4,4
4611,12084,16000,16,0,0,layered_block,circular,per_chunk,4,4
4612,12333,16250,16,0,0,layered_block,circular,per_chunk,4,4
4613,12041,15917,16,0,0,layered_block,circular,per_chunk,4,4
4614,12500,16458,16,0,0,layered_block,circular,per_chunk,4,4
4615,11958,16000,16,0,0,layered_block,circular,per_chunk,4,4
4616,12166,16083,16,0,0,layered_block,circular,per_chunk,4,4
4617,12083,16042,16,0,0,layered_block,circular,per_chunk,4,4
4618,12167,16000,16,0,0,layered_block,circular,per_chunk,4,4
4619,12166,16042,16,0,0,layered_block,circular,per_chunk,4,4
4620,12417,16291,16,0,0,layered_block,circular,per_chunk,4,4
4621,12000,16000,16,0,0,layered_block,circular,per_chunk,4,4
4622,12208,16042,16,0,0,layered_block,circular,per_chunk,4,4
4623,12083,16042,16,0,0,layered_block,circular,per_chunk,4,4
4624,19625,23584,16,0,0,layered_block,circular,per_chunk,4,4
4625,12167,15958,16,0,0,layered_block,circular,per_chunk,4,4
4626,12042,16000,16,0,0,layered_block,circular,per_chunk,4,4
4627,12334,16291,16,0,0,layered_block,circular,per_chunk,4,4
4628,12291,16125,16,0,0,layered_block,circular,per_chunk,4,4
4629,12125,16042,16,0,0,layered_block,circular,per_chunk,4,4
4630,12541,16792,16,0,0,layered_block,circular,per_chunk,4,4
4631,12167,16042,16,0,0,layered_block,circular,per_chunk,4,4
4632,12125,16042,16,0,0,layered_block,circular,per_chunk,4,4
4633,12042,16000,16,0,0,layered_block,circular,per_chunk,4,4
4634,12208,16042,16,0,0,layered_block,circular,per_chunk,4,4
4635,12041,15959,16,0,0,layered_block,circular,per_chunk,4,4
4636,20625,24542,16,0,0,layered_block,circular,per_chunk,4,4
4637,12042,15959,16,0,0,layered_block,circular,per_chunk,4,4
4638,12292,16167,16,0,0,layered_block,circular,per_chunk,4,4
4639,12083,16041,16,0,0,layered_block,circular,per_chunk,4,4
4640,12375,16250,16,0,0,layered_block,circular,per_chunk,4,4
4641,12000,15875,16,0,0,layered_block,circular,per_chunk,4,4
4642,20042,24042,16,0,0,layered_block,circular,per_chunk,4,4
4643,12125,16000,16,0,0,layered_block,circular,per_chunk,4,4
4644,12208,16375,16,0,0,layered_block,circular,per_chunk,4,4
4645,20791,24750,16,0,0,layered_block,circular,per_chunk,4,4
4646,12083,16000,16,0,0,layered_block,circular,per_chunk,4,4
4647,12125,16083,16,0,0,layered_block,circular,per_chunk,4,4
4648,12125,16000,16,0,0,layered_block,circular,per_chunk,4,4
4649,12042,16000,16,0,0,layered_block,circular,per_chunk,4,4
4650,12250,16375,16,0,0,layered_block,circular,per_chunk,4,4
4651,12167,16000,16,0,0,layered_block,circular,per_chunk,4,4
4652,12166,16083,16,0,0,layered_block,circular,per_chunk,4,4
4653,12084,15959,16,0,0,layered_block,circular,per_chunk,4,4
4654,12084,16000,16,0,0,layered_block,circular,per_chunk,4,4
4655,12333,16167,16,0,0,layered_block,circular,per_chunk,4,4
4656,12166,16125,16,0,0,layered_block,circular,per_chunk,4,4
4657,12209,16041,16,0,0,layered_block,circular,per_chunk,4,4
4658,12125,16042,16,0,0,layered_block,circular,per_chunk,4,4
4659,12000,16084,16,0,0,layered_block,circular,per_chunk,4,4
4660,12125,21875,16,0,0,layered_block,circular,per_chunk,4,4
4661,12166,15958,16,0,0,layered_block,circular,per_chunk,4,4
4662,12167,16041,16,0,0,layered_block,circular,per_chunk,4,4
4663,12042,15958,16,0,0,layered_block,circular,per_chunk,4,4
4664,12125,16000,16,0,0,layered_block,circular,per_chunk,4,4
4665,12125,16084,16,0,0,layered_block,circular,per_chunk,4,4
4666,12125,16083,16,0,0,layered_block,circular,per_chunk,4,4
4667,12042,15959,16,0,0,layered_block,circular,per_chunk,4,4
4668,11958,16125,16,0,0,layered_block,circular,per_chunk,4,4
4669,12000,15875,16,0,0,layered_block,circular,per_chunk,4,4
4670,12250,16125,16,0,0,layered_block,circular,per_chunk,4,4
4671,12209,16167,16,0,0,layered_block,circular,per_chunk,4,4
4672,12125,16042,16,0,0,layered_block,circular,per_chunk,4,4
4673,12042,15959,16,0,0,layered_block,circular,per_chunk,4,4
4674,12125,16084,16,0,0,layered_block,circular,per_chunk,4,4
4675,12167,16000,16,0,0,layered_block,circular,per_chunk,4,4
4676,12042,16000,16,0,0,layered_block,circular,per_chunk,4,4
4677,12000,15959,16,0,0,layered_block,circular,per_chunk,4,4
4678,12166,16000,16,0,0,layered_block,circular,per_chunk,4,4
4679,12083,16125,16,0,0,layered_block,circular,per_chunk,4,4
4680,12334,16792,16,0,0,layered_block,circular,per_chunk,4,4
4681,12084,15958,16,0,0,layered_block,circular,per_chunk,4,4
4682,12166,16000,16,0,0,layered_block,circular,per_chunk,4,4
4683,12083,16000,16,0,0,layered_block,circular,per_chunk,4,4
4684,12458,16334,16,0,0,layered_block,circular,per_chunk,4,4
4685,11792,16167,16,0,0,layered_block,circular,per_chunk,4,4
4686,12125,16000,16,0,0,layered_block,circular,per_chunk,4,4
4687,12083,15959,16,0,0,layered_block,circular,per_chunk,4,4
4688,12000,15958,16,0,0,layered_block,circular,per_chunk,4,4
4689,12208,16042,16,0,0,layered_block,circular,per_chunk,4,4
4690,12209,16125,16,0,0,layered_block,circular,per_chunk,4,4
4691,19791,23708,16,0,0,layered_block,circular,per_chunk,4,4
4692,12167,16084,16,0,0,layered_block,circular,per_chunk,4,4
4693,12084,16000,16,0,0,layered_block,circular,per_chunk,4,4
4694,12125,16042,16,0,0,layered_block,circular,per_chunk,4,4
4695,12167,15958,16,0,0,layered_block,circular,per_chunk,4,4
4696,12166,16042,16,0,0,layered_block,circular,per_chunk,4,4
4697,12084,16000,16,0,0,layered_block,circular,per_chunk,4,4
4698,12041,15958,16,0,0,layered_block,circular,per_chunk,4,4
4699,12166,16083,16,0,0,layered_block,circular,per_chunk,4,4
4700,12000,15958,16,0,0,layered_block,circular,per_chunk,4,4
4701,12333,16167,16,0,0,layered_block,circular,per_chunk,4,4
4702,12208,16125,16,0,0,layered_block,circular,per_chunk,4,4
4703,12042,15959,16,0,0,layered_block,circular,per_chunk,4,4
4704,12125,16042,16,0,0,layered_block,circular,per_chunk,4,4
4705,11958,16000,16,0,0,layered_block,circular,per_chunk,4,4
4706,12875,17084,16,0,0,layered_block,circular,per_chunk,4,4
4707,12125,16042,16,0,0,layered_block,circular,per_chunk,4,4
4708,11875,16000,16,0,0,layered_block,circular,per_chunk,4,4
4709,12167,16084,16,0,0,layered_block,circular,per_chunk,4,4
4710,12083,16000,16,0,0,layered_block,circular,per_chunk,4,4
4711,12041,15958,16,0,0,layered_block,circular,per_chunk,4,4
4712,12125,16000,16,0,0,layered_block,circular,per_chunk,4,4
4713,12083,15959,16,0,0,layered_block,circular,per_chunk,4,4
4714,12083,16042,16,0,0,layered_block,circular,per_chunk,4,4
4715,12167,16000,16,0,0,layered_block,circular,per_chunk,4,4
4716,12084,16000,16,0,0,layered_block,circular,per_chunk,4,4
4717,19458,23417,16,0,0,layered_block,circular,per_chunk,4,4
4718,12083,16000,16,0,0,layered_block,circular,per_chunk,4,4
4719,12333,16208,16,0,0,layered_block,circular,per_chunk,4,4
4720,12084,16000,16,0,0,layered_block,circular,per_chunk,4,4
4721,12125,15958,16,0,0,layered_block,circular,per_chunk,4,4
4722,12166,16041,16,0,0,layered_block,circular,per_chunk,4,4
4723,12083,15959,16,0,0,layered_block,circular,per_chunk,4,4
4724,12000,15958,16,0,0,layered_block,circular,per_chunk,4,4
4725,12375,16250,16,0,0,layered_block,circular,per_chunk,4,4
4726,12083,16000,16,0,0,layered_block,circular,per_chunk,4,4
4727,12125,16000,16,0,0,layered_block,circular,per_chunk,4,4
4728,12167,16167,16,0,0,layered_block,circular,per_chunk,4,4
4729,12167,16000,16,0,0,layered_block,circular,per_chunk,4,4
4730,12042,15959,16,0,0,layered_block,circular,per_chunk,4,4
4731,12084,16041,16,0,0,layered_block,circular,per_chunk,4,4
4732,12291,16250,16,0,0,layered_block,circular,per_chunk,4,4
4733,12208,16083,16,0,0,layered_block,circular,per_chunk,4,4
4734,12250,16125,16,0,0,layered_block,circular,per_chunk,4,4
4735,12084,16041,16,0,0,layered_block,circular,per_chunk,4,4
4736,12042,15958,16,0,0,layered_block,circular,per_chunk,4,4
4737,12042,15916,16,0,0,layered_block,circular,per_chunk,4,4
4738,12458,16375,16,0,0,layered_block,circular,per_chunk,4,4
4739,12042,15959,16,0,0,layered_block,circular,per_chunk,4,4
4740,12750,17084,16,0,0,layered_block,circular,per_chunk,4,4
4741,12292,16209,16,0,0,layered_block,circular,per_chunk,4,4
4742,12125,16041,16,0,0,layered_block,circular,per_chunk,4,4
4743,12000,15958,16,0,0,layered_block,circular,per_chunk,4,4
4744,12042,16000,16,0,0,layered_block,circular,per_chunk,4,4
4745,12083,15958,16,0,0,layered_block,circular,per_chunk,4,4
4746,12125,16000,16,0,0,layered_block,circular,per_chunk,4,4
4747,12125,16000,16,0,0,layered_block,circular,per_chunk,4,4
4748,12084,16000,16,0,0,layered_block,circular,per_chunk,4,4
4749,12167,16000,16,0,0,layered_block,circular,per_chunk,4,4
4750,12042,16000,16,0,0,layered_block,circular,per_chunk,4,4
4751,12042,15917,16,0,0,layered_block,circular,per_chunk,4,4
4752,12125,16041,16,0,0,layered_block,circular,per_chunk,4,4
4753,12208,16041,16,0,0,layered_block,circular,per_chunk,4,4
4754,12125,16042,16,0,0,layered_block,circular,per_chunk,4,4
4755,12083,16042,16,0,0,layered_block,circular,per_chunk,4,4
4756,12125,16042,16,0,0,layered_block,circular,per_chunk,4,4
4757,12125,16000,16,0,0,layered_block,circular,per_chunk,4,4
4758,12125,16083,16,0,0,layered_block,circular,per_chunk,4,4
4759,12709,16666,16,0,0,layered_block,circular,per_chunk,4,4
4760,19584,23417,16,0,0,layered_block,circular,per_chunk,4,4
4761,12083,16000,16,0,0,layered_block,circular,per_chunk,4,4
4762,12291,16209,16,0,0,layered_block,circular,per_chunk,4,4
4763,12167,16042,16,0,0,layered_block,circular,per_chunk,4,4
4764,12833,16708,16,0,0,layered_block,circular,per_chunk,4,4
4765,12417,16291,16,0,0,layered_block,circular,per_chunk,4,4
4766,12084,16000,16,0,0,layered_block,circular,per_chunk,4,4
4767,12208,16041,16,0,0,layered_block,circular,per_chunk,4,4
4768,12084,16000,16,0,0,layered_block,circular,per_chunk,4,4
4769,12042,16000,16,0,0,layered_block,circular,per_chunk,4,4
4770,12125,16042,16,0,0,layered_block,circular,per_chunk,4,4
4771,12541,16667,16,0,0,layered_block,circular,per_chunk,4,4
4772,12250,16167,16,0,0,layered_block,circular,per_chunk,4,4
4773,12125,16000,16,0,0,layered_block,circular,per_chunk,4,4
4774,12083,15958,16,0,0,layered_block,circular,per_chunk,4,4
4775,12125,16041,16,0,0,layered_block,circular,per_chunk,4,4
4776,12208,16042,16,0,0,layered_block,circular,per_chunk,4,4
4777,12083,15958,16,0,0,layered_block,circular,per_chunk,4,4
4778,12083,16084,16,0,0,layered_block,circular,per_chunk,4,4
4779,12084,16000,16,0,0,layered_block,circular,per_chunk,4,4
4780,12083,22500,16,0,0,layered_block,circular,per_chunk,4,4
4781,12125,16083,16,0,0,layered_block,circular,per_chunk,4,4
4782,12084,16083,16,0,0,layered_block,circular,per_chunk,4,4
4783,12083,16000,16,0,0,layered_block,circular,per_chunk,4,4
4784,12000,15916,16,0,0,layered_block,circular,per_chunk,4,4
4785,12167,16000,16,0,0,layered_block,circular,per_chunk,4,4
4786,12083,15959,16,0,0,layered_block,circular,per_chunk,4,4
4787,12000,15875,16,0,0,layered_block,circular,per_chunk,4,4
4788,12083,16000,16,0,0,layered_block,circular,per_chunk,4,4
4789,12125,15917,16,0,0,layered_block,circular,per_chunk,4,4
4790,12084,16041,16,0,0,layered_block,circular,per_chunk,4,4
4791,12250,16125,16,0,0,layered_block,circular,per_chunk,4,4
4792,12042,15917,16,0,0,layered_block,circular,per_chunk,4,4
4793,12375,16209,16,0,0,layered_block,circular,per_chunk,4,4
4794,12291,16083,16,0,0,layered_block,circular,per_chunk,4,4
4795,12167,16000,16,0,0,layered_block,circular,per_chunk,4,4
4796,12125,16166,16,0,0,layered_block,circular,per_chunk,4,4
4797,12125,15958,16,0,0,layered_block,circular,per_chunk,4,4
4798,12458,16459,16,0,0,layered_block,circular,per_chunk,4,4
4799,12250,16125,16,0,0,layered_block,circular,per_chunk,4,4
4800,12250,16125,16,0,0,layered_block,circular,per_chunk,4,4
4801,12083,15958,16,0,0,layered_block,circular,per_chunk,4,4
4802,12166,16083,16,0,0,layered_block,circular,per_chunk,4,4
4803,12083,15916,16,0,0,layered_block,circular,per_chunk,4,4
4804,12083,15958,16,0,0,layered_block,circular,per_chunk,4,4
4805,12208,16083,16,0,0,layered_block,circular,per_chunk,4,4
4806,12084,15917,16,0,0,layered_block,circular,per_chunk,4,4
4807,12250,16125,16,0,0,layered_block,circular,per_chunk,4,4
4808,12167,16084,16,0,0,layered_block,circular,per_chunk,4,4
4809,12125,15958,16,0,0,layered_block,circular,per_chunk,4,4
4810,12083,16042,16,0,0,layered_block,circular,per_chunk,4,4
4811,12125,16000,16,0,0,layered_block,circular,per_chunk,4,4
4812,12166,15958,16,0,0,layered_block,circular,per_chunk,4,4
4813,12041,15916,16,0,0,layered_block,circular,per_chunk,4,4
4814,20167,24083,16,0,0,layered_block,circular,per_chunk,4,4
4815,12125,16000,16,0,0,layered_block,circular,per_chunk,4,4
4816,12084,16000,16,0,0,layered_block,circular,per_chunk,4,4
4817,12125,15959,16,0,0,layered_block,circular,per_chunk,4,4
4818,12167,16042,16,0,0,layered_block,circular,per_chunk,4,4
4819,12000,15958,16,0,0,layered_block,circular,per_chunk,4,4
4820,12167,16042,16,0,0,layered_block,circular,per_chunk,4,4
4821,12042,15916,16,0,0,layered_block,circular,per_chunk,4,4
4822,12000,15917,16,0,0,layered_block,circular,per_chunk,4,4
4823,12041,15958,16,0,0,layered_block,circular,per_chunk,4,4
4824,12292,16166,16,0,0,layered_block,circular,per_chunk,4,4
4825,12125,16000,16,0,0,layered_block,circular,per_chunk,4,4
4826,12042,15916,16,0,0,layered_block,circular,per_chunk,4,4
4827,12208,16000,16,0,0,layered_block,circular,per_chunk,4,4
4828,12083,15875,16,0,0,layered_block,circular,per_chunk,4,4
4829,12208,16083,16,0,0,layered_block,circular,per_chunk,4,4
4830,12167,15959,16,0,0,layered_block,circular,per_chunk,4,4
4831,12167,16000,16,0,0,layered_block,circular,per_chunk,4,4
4832,18542,22542,16,0,0,layered_block,circular,per_chunk,4,4
4833,12041,15917,16,0,0,layered_block,circular,per_chunk,4,4
4834,12167,16084,16,0,0,layered_block,circular,per_chunk,4,4
4835,12041,15875,16,0,0,layered_block,circular,per_chunk,4,4
4836,12125,15959,16,0,0,layered_block,circular,per_chunk,4,4
4837,12125,16042,16,0,0,layered_block,circular,per_chunk,4,4
4838,12250,16000,16,0,0,layered_block,circular,per_chunk,4,4
4839,12084,15917,16,0,0,layered_block,circular,per_chunk,4,4
4840,12083,16000,16,0,0,layered_block,circular,per_chunk,4,4
4841,12042,15917,16,0,0,layered_block,circular,per_chunk,4,4
4842,12291,16208,16,0,0,layered_block,circular,per_chunk,4,4
4843,11958,15792,16,0,0,layered_block,circular,per_chunk,4,4
4844,12125,15958,16,0,0,layered_block,circular,per_chunk,4,4
4845,12083,15917,16,0,0,layered_block,circular,per_chunk,4,4
4846,12167,16042,16,0,0,layered_block,circular,per_chunk,4,4
4847,12125,15959,16,0,0,layered_block,circular,per_chunk,4,4
4848,12083,15958,16,0,0,layered_block,circular,per_chunk,4,4
4849,12084,15958,16,0,0,layered_block,circular,per_chunk,4,4
4850,12041,15875,16,0,0,layered_block,circular,per_chunk,4,4
4851,12042,15958,16,0,0,layered_block,circular,per_chunk,4,4
4852,12208,16125,16,0,0,layered_block,circular,per_chunk,4,4
4853,12042,15875,16,0,0,layered_block,circular,per_chunk,4,4
4854,12208,16125,16,0,0,layered_block,circular,per_chunk,4,4
4855,12042,15917,16,0,0,layered_block,circular,per_chunk,4,4
4856,12167,16042,16,0,0,layered_block,circular,per_chunk,4,4
4857,12667,16958,16,0,0,layered_block,circular,per_chunk,4,4
4858,12084,16000,16,0,0,layered_block,circular,per_chunk,4,4
4859,12042,15916,16,0,0,layered_block,circular,per_chunk,4,4
4860,12167,16042,16,0,0,layered_block,circular,per_chunk,4,4
4861,12083,15959,16,0,0,layered_block,circular,per_chunk,4,4
4862,11916,15958,16,0,0,layered_block,circular,per_chunk,4,4
4863,12209,16042,16,0,0,layered_block,circular,per_chunk,4,4
4864,12083,15958,16,0,0,layered_block,circular,per_chunk,4,4
4865,12416,16208,16,0,0,layered_block,circular,per_chunk,4,4
4866,12084,15958,16,0,0,layered_block,circular,per_chunk,4,4
4867,12250,16125,16,0,0,layered_block,circular,per_chunk,4,4
4868,12083,16000,16,0,0,layered_block,circular,per_chunk,4,4
4869,12083,15958,16,0,0,layered_block,circular,per_chunk,4,4
4870,12166,16000,16,0,0,layered_block,circular,per_chunk,4,4
4871,12208,16083,16,0,0,layered_block,circular,per_chunk,4,4
4872,12375,16125,16,0,0,layered_block,circular,per_chunk,4,4
4873,11958,15917,16,0,0,layered_block,circular,per_chunk,4,4
4874,12167,16084,16,0,0,layered_block,circular,per_chunk,4,4
4875,12125,15875,16,0,0,layered_block,circular,per_chunk,4,4
4876,12083,15958,16,0,0,layered_block,circular,per_chunk,4,4
4877,12000,15916,16,0,0,layered_block,circular,per_chunk,4,4
4878,12083,15958,16,0,0,layered_block,circular,per_chunk,4,4
4879,12250,16084,16,0,0,layered_block,circular,per_chunk,4,4
4880,12083,16000,16,0,0,layered_block,circular,per_chunk,4,4
4881,12042,15875,16,0,0,layered_block,circular,per_chunk,4,4
4882,12167,16000,16,0,0,layered_block,circular,per_chunk,4,4
4883,12375,16167,16,0,0,layered_block,circular,per_chunk,4,4
4884,12334,16292,16,0,0,layered_block,circular,per_chunk,4,4
4885,12209,16000,16,0,0,layered_block,circular,per_chunk,4,4
4886,12042,15958,16,0,0,layered_block,circular,per_chunk,4,4
4887,12042,15917,16,0,0,layered_block,circular,per_chunk,4,4
4888,12125,16041,16,0,0,layered_block,circular,per_chunk,4,4
4889,12166,15958,16,0,0,layered_block,circular,per_chunk,4,4
4890,12000,16000,16,0,0,layered_block,circular,per_chunk,4,4
4891,12083,16000,16,0,0,layered_block,circular,per_chunk,4,4
4892,12333,16083,16,0,0,layered_block,circular,per_chunk,4,4
4893,12167,16084,16,0,0,layered_block,circular,per_chunk,4,4
4894,20292,24209,16,0,0,layered_block,circular,per_chunk,4,4
4895,12167,16000,16,0,0,layered_block,circular,per_chunk,4,4
4896,12125,15958,16,0,0,layered_block,circular,per_chunk,4,4
4897,12084,15958,16,0,0,layered_block,circular,per_chunk,4,4
4898,12334,16208,16,0,0,layered_block,circular,per_chunk,4,4
4899,12000,16000,16,0,0,layered_block,circular,per_chunk,4,4
4900,12041,15916,16,0,0,layered_block,circular,per_chunk,4,4
4901,12042,15917,16,0,0,layered_block,circular,per_chunk,4,4
4902,12125,16000,16,0,0,layered_block,circular,per_chunk,4,4
4903,12167,15959,16,0,0,layered_block,circular,per_chunk,4,4
4904,12083,16000,16,0,0,layered_block,circular,per_chunk,4,4
4905,76833,81125,16,0,0,layered_block,circular,per_chunk,4,4
4906,12000,15916,16,0,0,layered_block,circular,per_chunk,4,4
4907,12333,16208,16,0,0,layered_block,circular,per_chunk,4,4
4908,12083,15916,16,0,0,layered_block,circular,per_chunk,4,4
4909,12167,16000,16,0,0,layered_block,circular,per_chunk,4,4
4910,12084,15959,16,0,0,layered_block,circular,per_chunk,4,4
4911,12166,15958,16,0,0,layered_block,circular,per_chunk,4,4
4912,12208,16041,16,0,0,layered_block,circular,per_chunk,4,4
4913,12083,16042,16,0,0,layered_block,circular,per_chunk,4,4
4914,12375,16208,16,0,0,layered_block,circular,per_chunk,4,4
4915,12042,15917,16,0,0,layered_block,circular,per_chunk,4,4
4916,12083,22458,16,0,0,layered_block,circular,per_chunk,4,4
4917,12042,15875,16,0,0,layered_block,circular,per_chunk,4,4
4918,12125,16000,16,0,0,layered_block,circular,per_chunk,4,4
4919,12500,16875,16,0,0,layered_block,circular,per_chunk,4,4
4920,12917,16750,16,0,0,layered_block,circular,per_chunk,4,4
4921,12375,16208,16,0,0,layered_block,circular,per_chunk,4,4
4922,12084,16000,16,0,0,layered_block,circular,per_chunk,4,4
4923,12167,16000,16,0,0,layered_block,circular,per_chunk,4,4
4924,12042,15916,16,0,0,layered_block,circular,per_chunk,4,4
4925,12125,15875,16,0,0,layered_block,circular,per_chunk,4,4
4926,12125,16000,16,0,0,layered_block,circular,per_chunk,4,4
4927,12292,16125,16,0,0,layered_block,circular,per_chunk,4,4
4928,12125,15875,16,0,0,layered_block,circular,per_chunk,4,4
4929,12125,15958,16,0,0,layered_block,circular,per_chunk,4,4
4930,12083,15959,16,0,0,layered_block,circular,per_chunk,4,4
4931,12125,15958,16,0,0,layered_block,circular,per_chunk,4,4
4932,12083,16000,16,0,0,layered_block,circular,per_chunk,4,4
4933,12666,16750,16,0,0,layered_block,circular,per_chunk,4,4
4934,12125,15958,16,0,0,layered_block,circular,per_chunk,4,4
4935,12084,16041,16,0,0,layered_block,circular,per_chunk,4,4
4936,12000,15875,16,0,0,layered_block,circular,per_chunk,4,4
4937,12083,15959,16,0,0,layered_block,circular,per_chunk,4,4
4938,12041,15875,16,0,0,layered_block,circular,per_chunk,4,4
4939,12125,21959,16,0,0,layered_block,circular,per_chunk,4,4
4940,12416,16250,16,0,0,layered_block,circular,per_chunk,4,4
4941,11917,16000,16,0,0,layered_block,circular,per_chunk,4,4
4942,12000,15875,16,0,0,layered_block,circular,per_chunk,4,4
4943,12084,15959,16,0,0,layered_block,circular,per_chunk,4,4
4944,12541,16333,16,0,0,layered_block,circular,per_chunk,4,4
4945,12083,15916,16,0,0,layered_block,circular,per_chunk,4,4
4946,12083,16000,16,0,0,layered_block,circular,per_chunk,4,4
4947,12208,16000,16,0,0,layered_block,circular,per_chunk,4,4
4948,12250,16042,16,0,0,layered_block,circular,per_chunk,4,4
4949,12125,16041,16,0,0,layered_block,circular,per_chunk,4,4
4950,11958,15875,16,0,0,layered_block,circular,per_chunk,4,4
4951,12416,16208,16,0,0,layered_block,circular,per_chunk,4,4
4952,12459,16250,16,0,0,layered_block,circular,per_chunk,4,4
4953,12500,16667,16,0,0,layered_block,circular,per_chunk,4,4
4954,12084,15917,16,0,0,layered_block,circular,per_chunk,4,4
4955,12083,16000,16,0,0,layered_block,circular,per_chunk,4,4
4956,12083,15916,16,0,0,layered_block,circular,per_chunk,4,4
4957,12041,15958,16,0,0,layered_block,circular,per_chunk,4,4
4958,12458,16250,16,0,0,layered_block,circular,per_chunk,4,4
4959,12000,15875,16,0,0,layered_block,circular,per_chunk,4,4
4960,12041,15958,16,0,0,layered_block,circular,per_chunk,4,4
4961,12042,15917,16,0,0,layered_block,circular,per_chunk,4,4
4962,12167,15959,16,0,0,layered_block,circular,per_chunk,4,4
4963,12084,16000,16,0,0,layered_block,circular,per_chunk,4,4
4964,12083,15916,16,0,0,layered_block,circular,per_chunk,4,4
4965,12250,16041,16,0,0,layered_block,circular,per_chunk,4,4
4966,12083,15958,16,0,0,layered_block,circular,per_chunk,4,4
4967,19875,23875,16,0,0,layered_block,circular,per_chunk,4,4
4968,12083,15916,16,0,0,layered_block,circular,per_chunk,4,4
4969,12084,15917,16,0,0,layered_block,circular,per_chunk,4,4
4970,12083,15917,16,0,0,layered_block,circular,per_chunk,4,4
4971,12417,16250,16,0,0,layered_block,circular,per_chunk,4,4
4972,12291,16208,16,0,0,layered_block,circular,per_chunk,4,4
4973,12042,15875,16,0,0,layered_block,circular,per_chunk,4,4
4974,12333,16208,16,0,0,layered_block,circular,per_chunk,4,4
4975,12125,16000,16,0,0,layered_block,circular,per_chunk,4,4
4976,12209,16000,16,0,0,layered_block,circular,per_chunk,4,4
4977,12041,15958,16,0,0,layered_block,circular,per_chunk,4,4
4978,12083,15958,16,0,0,layered_block,circular,per_chunk,4,4
4979,12042,15917,16,0,0,layered_block,circular,per_chunk,4,4
4980,12167,16000,16,0,0,layered_block,circular,per_chunk,4,4
4981,12417,16750,16,0,0,layered_block,circular,per_chunk,4,4
4982,12042,15917,16,0,0,layered_block,circular,per_chunk,4,4
4983,12084,15917,16,0,0,layered_block,circular,per_chunk,4,4
4984,12083,15916,16,0,0,layered_block,circular,per_chunk,4,4
4985,12125,15958,16,0,0,layered_block,circular,per_chunk,4,4
4986,12083,16000,16,0,0,layered_block,circular,per_chunk,4,4
4987,12083,16000,16,0,0,layered_block,circular,per_chunk,4,4
4988,12166,16042,16,0,0,layered_block,circular,per_chunk,4,4
4989,12084,15959,16,0,0,layered_block,circular,per_chunk,4,4
4990,12042,15875,16,0,0,layered_block,circular,per_chunk,4,4
4991,12250,16042,16,0,0,layered_block,circular,per_chunk,4,4
4992,12125,16042,16,0,0,layered_block,circular,per_chunk,4,4
4993,12125,16000,16,0,0,layered_block,circular,per_chunk,4,4
4994,12125,15958,16,0,0,layered_block,circular,per_chunk,4,4
4995,12167,15958,16,0,0,layered_block,circular,per_chunk,4,4
4996,12125,15958,16,0,0,layered_block,circular,per_chunk,4,4
4997,12083,15958,16,0,0,layered_block,circular,per_chunk,4,4
4998,12291,16167,16,0,0,layered_block,circular,per_chunk,4,4
4999,12125,15958,16,0,0,layered_block,circular,per_chunk,4,4
5000,12334,16208,16,0,0,layered_block,circular,per_chunk,4,4
5001,12125,15958,16,0,0,layered_block,circular,per_chunk,4,4
5002,12083,15959,16,0,0,layered_block,circular,per_chunk,4,4
5003,12208,16167,16,0,0,layered_block,circular,per_chunk,4,4
5004,12458,16250,16,0,0,layered_block,circular,per_chunk,4,4
5005,12166,15958,16,0,0,layered_block,circular,per_chunk,4,4
5006,12167,16041,16,0,0,layered_block,circular,per_chunk,4,4
5007,12041,15917,16,0,0,layered_block,circular,per_chunk,4,4
5008,12083,16000,16,0,0,layered_block,circular,per_chunk,4,4
5009,12166,16042,16,0,0,layered_block,circular,per_chunk,4,4
5010,12375,16209,16,0,0,layered_block,circular,per_chunk,4,4
5011,84375,88917,16,0,0,layered_block,circular,per_chunk,4,4
5012,12084,15959,16,0,0,layered_block,circular,per_chunk,4,4
5013,12167,15959,16,0,0,layered_block,circular,per_chunk,4,4
5014,12125,16042,16,0,0,layered_block,circular,per_chunk,4,4
5015,18208,22208,16,0,0,layered_block,circular,per_chunk,4,4
5016,12083,15917,16,0,0,layered_block,circular,per_chunk,4,4
5017,12083,16208,16,0,0,layered_block,circular,per_chunk,4,4
5018,12166,15958,16,0,0,layered_block,circular,per_chunk,4,4
5019,12167,15959,16,0,0,layered_block,circular,per_chunk,4,4
5020,12167,16041,16,0,0,layered_block,circular,per_chunk,4,4
5021,12042,15875,16,0,0,layered_block,circular,per_chunk,4,4
5022,12417,16167,16,0,0,layered_block,circular,per_chunk,4,4
5023,11916,15958,16,0,0,layered_block,circular,per_chunk,4,4
5024,12083,15959,16,0,0,layered_block,circular,per_chunk,4,4
5025,12125,15958,16,0,0,layered_block,circular,per_chunk,4,4
5026,12125,15959,16,0,0,layered_block,circular,per_chunk,4,4
5027,12417,16292,16,0,0,layered_block,circular,per_chunk,4,4
5028,12084,15917,16,0,0,layered_block,circular,per_chunk,4,4
5029,12250,16167,16,0,0,layered_block,circular,per_chunk,4,4
5030,12125,15958,16,0,0,layered_block,circular,per_chunk,4,4
5031,75041,79041,16,0,0,layered_block,circular,per_chunk,4,4
5032,12125,15917,16,0,0,layered_block,circular,per_chunk,4,4
5033,12042,15917,16,0,0,layered_block,circular,per_chunk,4,4
5034,12000,15958,16,0,0,layered_block,circular,per_chunk,4,4
5035,12292,16167,16,0,0,layered_block,circular,per_chunk,4,4
5036,12083,15959,16,0,0,layered_block,circular,per_chunk,4,4
5037,12000,15917,16,0,0,layered_block,circular,per_chunk,4,4
5038,12459,16291,16,0,0,layered_block,circular,per_chunk,4,4
5039,12167,15959,16,0,0,layered_block,circular,per_chunk,4,4
5040,12166,16083,16,0,0,layered_block,circular,per_chunk,4,4
5041,19917,23834,16,0,0,layered_block,circular,per_chunk,4,4
5042,12125,15917,16,0,0,layered_block,circular,per_chunk,4,4
5043,11875,15917,16,0,0,layered_block,circular,per_chunk,4,4
5044,12000,15875,16,0,0,layered_block,circular,per_chunk,4,4
5045,12083,15917,16,0,0,layered_block,circular,per_chunk,4,4
5046,12125,16042,16,0,0,layered_block,circular,per_chunk,4,4
5047,12042,15917,16,0,0,layered_block,circular,per_chunk,4,4
5048,12084,16000,16,0,0,layered_block,circular,per_chunk,4,4
5049,12042,15958,16,0,0,layered_block,circular,per_chunk,4,4
5050,12167,15959,16,0,0,layered_block,circular,per_chunk,4,4
5051,12083,16042,16,0,0,layered_block,circular,per_chunk,4,4
5052,12000,15875,16,0,0,layered_block,circular,per_chunk,4,4
5053,12083,15917,16,0,0,layered_block,circular,per_chunk,4,4
5054,12042,16000,16,0,0,layered_block,circular,per_chunk,4,4
5055,12791,22833,16,0,0,layered_block,circular,per_chunk,4,4
5056,12208,16041,16,0,0,layered_block,circular,per_chunk,4,4
5057,12000,16000,16,0,0,layered_block,circular,per_chunk,4,4
5058,12625,16541,16,0,0,layered_block,circular,per_chunk,4,4
5059,12417,16167,16,0,0,layered_block,circular,per_chunk,4,4
5060,12166,16041,16,0,0,layered_block,circular,per_chunk,4,4
5061,12083,15916,16,0,0,layered_block,circular,per_chunk,4,4
5062,12416,16250,16,0,0,layered_block,circular,per_chunk,4,4
5063,12208,16041,16,0,0,layered_block,circular,per_chunk,4,4
5064,12042,15917,16,0,0,layered_block,circular,per_chunk,4,4
5065,12166,16042,16,0,0,layered_block,circular,per_chunk,4,4
5066,12125,16041,16,0,0,layered_block,circular,per_chunk,4,4
5067,12125,15959,16,0,0,layered_block,circular,per_chunk,4,4
5068,12000,15875,16,0,0,layered_block,circular,per_chunk,4,4
5069,18625,22542,16,0,0,layered_block,circular,per_chunk,4,4
5070,12084,15917,16,0,0,layered_block,circular,per_chunk,4,4
5071,12083,16042,16,0,0,layered_block,circular,per_chunk,4,4
5072,12042,15958,16,0,0,layered_block,circular,per_chunk,4,4
5073,12292,16125,16,0,0,layered_block,circular,per_chunk,4,4
5074,11792,15916,16,0,0,layered_block,circular,per_chunk,4,4
5075,12125,16000,16,0,0,layered_block,circular,per_chunk,4,4
5076,12250,16083,16,0,0,layered_block,circular,per_chunk,4,4
5077,12167,16000,16,0,0,layered_block,circular,per_chunk,4,4
5078,11958,15959,16,0,0,layered_block,circular,per_chunk,4,4
5079,12250,16125,16,0,0,layered_block,circular,per_chunk,4,4
5080,12041,16000,16,0,0,layered_block,circular,per_chunk,4,4
5081,12125,15917,16,0,0,layered_block,circular,per_chunk,4,4
5082,12083,16042,16,0,0,layered_block,circular,per_chunk,4,4
5083,12041,15958,16,0,0,layered_block,circular,per_chunk,4,4
5084,12084,15959,16,0,0,layered_block,circular,per_chunk,4,4
5085,12083,16000,16,0,0,layered_block,circular,per_chunk,4,4
5086,12084,15958,16,0,0,layered_block,circular,per_chunk,4,4
5087,12166,16042,16,0,0,layered_block,circular,per_chunk,4,4
5088,12083,16000,16,0,0,layered_block,circular,per_chunk,4,4
5089,12125,15959,16,0,0,layered_block,circular,per_chunk,4,4
5090,11958,16000,16,0,0,layered_block,circular,per_chunk,4,4
5091,12041,15958,16,0,0,layered_block,circular,per_chunk,4,4
5092,12042,15917,16,0,0,layered_block,circular,per_chunk,4,4
5093,12083,16041,16,0,0,layered_block,circular,per_chunk,4,4
5094,12167,16084,16,0,0,layered_block,circular,per_chunk,4,4
5095,12375,16250,16,0,0,layered_block,circular,per_chunk,4,4
5096,12125,16000,16,0,0,layered_block,circular,per_chunk,4,4
5097,12125,16042,16,0,0,layered_block,circular,per_chunk,4,4
5098,12042,15959,16,0,0,layered_block,circular,per_chunk,4,4
5099,12042,15959,16,0,0,layered_block,circular,per_chunk,4,4
5100,12209,15959,16,0,0,layered_block,circular,per_chunk,4,4
5101,12125,15959,16,0,0,layered_block,circular,per_chunk,4,4
5102,12041,15916,16,0,0,layered_block,circular,per_chunk,4,4
5103,12250,16083,16,0,0,layered_block,circular,per_chunk,4,4
5104,12042,15958,16,0,0,layered_block,circular,per_chunk,4,4
5105,12584,22458,16,0,0,layered_block,circular,per_chunk,4,4
5106,12083,15958,16,0,0,layered_block,circular,per_chunk,4,4
5107,12083,15958,16,0,0,layered_block,circular,per_chunk,4,4
5108,12125,15958,16,0,0,layered_block,circular,per_chunk,4,4
5109,12083,15917,16,0,0,layered_block,circular,per_chunk,4,4
5110,12083,15958,16,0,0,layered_block,circular,per_chunk,4,4
5111,12083,15875,16,0,0,layered_block,circular,per_chunk,4,4
5112,12083,15916,16,0,0,layered_block,circular,per_chunk,4,4
5113,11791,15958,16,0,0,layered_block,circular,per_chunk,4,4
5114,12083,15958,16,0,0,layered_block,circular,per_chunk,4,4
5115,12083,15958,16,0,0,layered_block,circular,per_chunk,4,4
5116,12292,16125,16,0,0,layered_block,circular,per_chunk,4,4
5117,12167,16000,16,0,0,layered_block,circular,per_chunk,4,4
5118,12125,16000,16,0,0,layered_block,circular,per_chunk,4,4
5119,12209,16125,16,0,0,layered_block,circular,per_chunk,4,4
5120,12083,15958,16,0,0,layered_block,circular,per_chunk,4,4
5121,12083,15916,16,0,0,layered_block,circular,per_chunk,4,4
5122,12125,16042,16,0,0,layered_block,circular,per_chunk,4,4
5123,12167,16000,16,0,0,layered_block,circular,per_chunk,4,4
5124,12083,15916,16,0,0,layered_block,circular,per_chunk,4,4
5125,17958,21917,16,0,0,layered_block,circular,per_chunk,4,4
5126,12167,16041,16,0,0,layered_block,circular,per_chunk,4,4
5127,12041,15958,16,0,0,layered_block,circular,per_chunk,4,4
5128,12291,16125,16,0,0,layered_block,circular,per_chunk,4,4
5129,12250,16125,16,0,0,layered_block,circular,per_chunk,4,4
5130,12083,15958,16,0,0,layered_block,circular,per_chunk,4,4
5131,12125,15875,16,0,0,layered_block,circular,per_chunk,4,4
5132,12084,15958,16,0,0,layered_block,circular,per_chunk,4,4
5133,12042,15959,16,0,0,layered_block,circular,per_chunk,4,4
5134,12166,15958,16,0,0,layered_block,circular,per_chunk,4,4
5135,11958,16000,16,0,0,layered_block,circular,per_chunk,4,4
5136,12084,15917,16,0,0,layered_block,circular,per_chunk,4,4
5137,12125,16000,16,0,0,layered_block,circular,per_chunk,4,4
5138,12417,16292,16,0,0,layered_block,circular,per_chunk,4,4
5139,12375,16250,16,0,0,layered_block,circular,per_chunk,4,4
5140,12208,16000,16,0,0,layered_block,circular,per_chunk,4,4
5141,11833,15917,16,0,0,layered_block,circular,per_chunk,4,4
5142,12000,15875,16,0,0,layered_block,circular,per_chunk,4,4
5143,12250,16125,16,0,0,layered_block,circular,per_chunk,4,4
5144,12000,15875,16,0,0,layered_block,circular,per_chunk,4,4
5145,89500,93792,16,0,0,layered_block,circular,per_chunk,4,4
5146,12083,15958,16,0,0,layered_block,circular,per_chunk,4,4
5147,12167,16042,16,0,0,layered_block,circular,per_chunk,4,4
5148,12042,15875,16,0,0,layered_block,circular,per_chunk,4,4
5149,12334,16167,16,0,0,layered_block,circular,per_chunk,4,4
5150,12042,16000,16,0,0,layered_block,circular,per_chunk,4,4
5151,12083,15875,16,0,0,layered_block,circular,per_chunk,4,4
5152,12125,16000,16,0,0,layered_block,circular,per_chunk,4,4
5153,12084,15958,16,0,0,layered_block,circular,per_chunk,4,4
5154,12083,15959,16,0,0,layered_block,circular,per_chunk,4,4
5155,12125,16000,16,0,0,layered_block,circular,per_chunk,4,4
5156,43250,47250,16,0,0,layered_block,circular,per_chunk,4,4
5157,12125,15916,16,0,0,layered_block,circular,per_chunk,4,4
5158,12042,15958,16,0,0,layered_block,circular,per_chunk,4,4
5159,12375,16292,16,0,0,layered_block,circular,per_chunk,4,4
5160,12042,15959,16,0,0,layered_block,circular,per_chunk,4,4
5161,12084,15917,16,0,0,layered_block,circular,per_chunk,4,4
5162,12041,15958,16,0,0,layered_block,circular,per_chunk,4,4
5163,12166,15958,16,0,0,layered_block,circular,per_chunk,4,4
5164,12250,16167,16,0,0,layered_block,circular,per_chunk,4,4
5165,12292,16250,16,0,0,layered_block,circular,per_chunk,4,4
5166,12125,15959,16,0,0,layered_block,circular,per_chunk,4,4
5167,12000,15917,16,0,0,layered_block,circular,per_chunk,4,4
5168,12083,15959,16,0,0,layered_block,circular,per_chunk,4,4
5169,12125,16000,16,0,0,layered_block,circular,per_chunk,4,4
5170,12292,16125,16,0,0,layered_block,circular,per_chunk,4,4
5171,12375,16167,16,0,0,layered_block,circular,per_chunk,4,4
5172,12041,16000,16,0,0,layered_block,circular,per_chunk,4,4
5173,12333,16292,16,0,0,layered_block,circular,per_chunk,4,4
5174,12209,15959,16,0,0,layered_block,circular,per_chunk,4,4
5175,12042,16000,16,0,0,layered_block,circular,per_chunk,4,4
5176,12250,16125,16,0,0,layered_block,circular,per_chunk,4,4
5177,12125,15958,16,0,0,layered_block,circular,per_chunk,4,4
5178,11958,15917,16,0,0,layered_block,circular,per_chunk,4,4
5179,12417,16208,16,0,0,layered_block,circular,per_chunk,4,4
5180,12125,15959,16,0,0,layered_block,circular,per_chunk,4,4
5181,11875,16000,16,0,0,layered_block,circular,per_chunk,4,4
5182,12209,16084,16,0,0,layered_block,circular,per_chunk,4,4
5183,12250,16083,16,0,0,layered_block,circular,per_chunk,4,4
5184,12375,16250,16,0,0,layered_block,circular,per_chunk,4,4
5185,12125,15958,16,0,0,layered_block,circular,per_chunk,4,4
5186,12042,15958,16,0,0,layered_block,circular,per_chunk,4,4
5187,12167,15958,16,0,0,layered_block,circular,per_chunk,4,4
5188,12125,15917,16,0,0,layered_block,circular,per_chunk,4,4
5189,12000,15875,16,0,0,layered_block,circular,per_chunk,4,4
5190,12625,16875,16,0,0,layered_block,circular,per_chunk,4,4
5191,12291,16166,16,0,0,layered_block,circular,per_chunk,4,4
5192,12125,15959,16,0,0,layered_block,circular,per_chunk,4,4
5193,12000,15917,16,0,0,layered_block,circular,per_chunk,4,4
5194,12208,15958,16,0,0,layered_block,circular,per_chunk,4,4
5195,12083,16000,16,0,0,layered_block,circular,per_chunk,4,4
5196,19792,23750,16,0,0,layered_block,circular,per_chunk,4,4
5197,12042,15916,16,0,0,layered_block,circular,per_chunk,4,4
5198,11750,15917,16,0,0,layered_block,circular,per_chunk,4,4
5199,12625,16375,16,0,0,layered_block,circular,per_chunk,4,4
5200,12125,15875,16,0,0,layered_block,circular,per_chunk,4,4
5201,12042,15959,16,0,0,layered_block,circular,per_chunk,4,4
5202,12042,21458,16,0,0,layered_block,circular,per_chunk,4,4
5203,12208,16042,16,0,0,layered_block,circular,per_chunk,4,4
5204,12000,15958,16,0,0,layered_block,circular,per_chunk,4,4
5205,12083,15917,16,0,0,layered_block,circular,per_chunk,4,4
5206,12083,15959,16,0,0,layered_block,circular,per_chunk,4,4
5207,12041,15916,16,0,0,layered_block,circular,per_chunk,4,4
5208,12083,15958,16,0,0,layered_block,circular,per_chunk,4,4
5209,12125,15958,16,0,0,layered_block,circular,per_chunk,4,4
5210,12167,16042,16,0,0,layered_block,circular,per_chunk,4,4
5211,12167,15917,16,0,0,layered_block,circular,per_chunk,4,4
5212,12375,16167,16,0,0,layered_block,circular,per_chunk,4,4
5213,12125,16000,16,0,0,layered_block,circular,per_chunk,4,4
5214,12292,16083,16,0,0,layered_block,circular,per_chunk,4,4
5215,12125,15959,16,0,0,layered_block,circular,per_chunk,4,4
5216,12208,22375,16,0,0,layered_block,circular,per_chunk,4,4
5217,12125,16000,16,0,0,layered_block,circular,per_chunk,4,4
5218,11958,16042,16,0,0,layered_block,circular,per_chunk,4,4
5219,12209,22167,16,0,0,layered_block,circular,per_chunk,4,4
5220,12125,15959,16,0,0,layered_block,circular,per_chunk,4,4
5221,12167,15959,16,0,0,layered_block,circular,per_chunk,4,4
5222,12375,16250,16,0,0,layered_block,circular,per_chunk,4,4
5223,12250,16125,16,0,0,layered_block,circular,per_chunk,4,4
5224,12291,16083,16,0,0,layered_block,circular,per_chunk,4,4
5225,12209,16084,16,0,0,layered_block,circular,per_chunk,4,4
5226,12209,16083,16,0,0,layered_block,circular,per_chunk,4,4
5227,12125,16084,16,0,0,layered_block,circular,per_chunk,4,4
5228,12167,15917,16,0,0,layered_block,circular,per_chunk,4,4
5229,12375,16250,16,0,0,layered_block,circular,per_chunk,4,4
5230,12042,21792,16,0,0,layered_block,circular,per_chunk,4,4
5231,12375,16166,16,0,0,layered_block,circular,per_chunk,4,4
5232,12208,16042,16,0,0,layered_block,circular,per_chunk,4,4
5233,12459,16375,16,0,0,layered_block,circular,per_chunk,4,4
5234,12125,16041,16,0,0,layered_block,circular,per_chunk,4,4
5235,12208,16042,16,0,0,layered_block,circular,per_chunk,4,4
5236,12084,15958,16,0,0,layered_block,circular,per_chunk,4,4
5237,12041,15875,16,0,0,layered_block,circular,per_chunk,4,4
5238,12042,15958,16,0,0,layered_block,circular,per_chunk,4,4
5239,12167,15917,16,0,0,layered_block,circular,per_chunk,4,4
5240,12208,16084,16,0,0,layered_block,circular,per_chunk,4,4
5241,12167,15959,16,0,0,layered_block,circular,per_chunk,4,4
5242,12042,15917,16,0,0,layered_block,circular,per_chunk,4,4
5243,12084,15916,16,0,0,layered_block,circular,per_chunk,4,4
5244,12084,15916,16,0,0,layered_block,circular,per_chunk,4,4
5245,12000,15916,16,0,0,layered_block,circular,per_chunk,4,4
5246,12125,15958,16,0,0,layered_block,circular,per_chunk,4,4
5247,12208,16042,16,0,0,layered_block,circular,per_chunk,4,4
5248,12083,15958,16,0,0,layered_block,circular,per_chunk,4,4
5249,12166,16000,16,0,0,layered_block,circular,per_chunk,4,4
5250,12166,16000,16,0,0,layered_block,circular,per_chunk,4,4
5251,12208,16041,16,0,0,layered_block,circular,per_chunk,4,4
5252,12334,16166,16,0,0,layered_block,circular,per_chunk,4,4
5253,12125,16000,16,0,0,layered_block,circular,per_chunk,4,4
5254,12042,15917,16,0,0,layered_block,circular,per_chunk,4,4
5255,12042,15916,16,0,0,layered_block,circular,per_chunk,4,4
5256,12333,16166,16,0,0,layered_block,circular,per_chunk,4,4
5257,12083,16042,16,0,0,layered_block,circular,per_chunk,4,4
5258,12125,16000,16,0,0,layered_block,circular,per_chunk,4,4
5259,12083,15958,16,0,0,layered_block,circular,per_chunk,4,4
5260,12083,16000,16,0,0,layered_block,circular,per_chunk,4,4
5261,12250,16125,16,0,0,layered_block,circular,per_chunk,4,4
5262,12208,16000,16,0,0,layered_block,circular,per_chunk,4,4
5263,12083,15875,16,0,0,layered_block,circular,per_chunk,4,4
5264,12083,16000,16,0,0,layered_block,circular,per_chunk,4,4
5265,12125,15959,16,0,0,layered_block,circular,per_chunk,4,4
5266,12125,15958,16,0,0,layered_block,circular,per_chunk,4,4
5267,12167,16042,16,0,0,layered_block,circular,per_chunk,4,4
5268,12083,15958,16,0,0,layered_block,circular,per_chunk,4,4
5269,12125,16000,16,0,0,layered_block,circular,per_chunk,4,4
5270,12083,15875,16,0,0,layered_block,circular,per_chunk,4,4
5271,12292,16291,16,0,0,layered_block,circular,per_chunk,4,4
5272,12084,15917,16,0,0,layered_block,circular,per_chunk,4,4
5273,12042,15958,16,0,0,layered_block,circular,per_chunk,4,4
5274,12167,15959,16,0,0,layered_block,circular,per_chunk,4,4
5275,12208,16125,16,0,0,layered_block,circular,per_chunk,4,4
5276,12000,15917,16,0,0,layered_block,circular,per_chunk,4,4
5277,12000,15875,16,0,0,layered_block,circular,per_chunk,4,4
5278,12083,15958,16,0,0,layered_block,circular,per_chunk,4,4
5279,12750,16667,16,0,0,layered_block,circular,per_chunk,4,4
5280,12084,15958,16,0,0,layered_block,circular,per_chunk,4,4
5281,12042,15916,16,0,0,layered_block,circular,per_chunk,4,4
5282,12333,16166,16,0,0,layered_block,circular,per_chunk,4,4
5283,12250,16083,16,0,0,layered_block,circular,per_chunk,4,4
5284,12041,15916,16,0,0,layered_block,circular,per_chunk,4,4
5285,12125,15959,16,0,0,layered_block,circular,per_chunk,4,4
5286,12417,16292,16,0,0,layered_block,circular,per_chunk,4,4
5287,12042,15875,16,0,0,layered_block,circular,per_chunk,4,4
5288,12000,15917,16,0,0,layered_block,circular,per_chunk,4,4
5289,12125,16000,16,0,0,layered_block,circular,per_chunk,4,4
5290,12125,15959,16,0,0,layered_block,circular,per_chunk,4,4
5291,11958,15917,16,0,0,layered_block,circular,per_chunk,4,4
5292,12750,17000,16,0,0,layered_block,circular,per_chunk,4,4
5293,12083,15958,16,0,0,layered_block,circular,per_chunk,4,4
5294,12083,15875,16,0,0,layered_block,circular,per_chunk,4,4
5295,12041,15833,16,0,0,layered_block,circular,per_chunk,4,4
5296,12167,15959,16,0,0,layered_block,circular,per_chunk,4,4
5297,12041,15916,16,0,0,layered_block,circular,per_chunk,4,4
5298,12125,16000,16,0,0,layered_block,circular,per_chunk,4,4
5299,11917,16000,16,0,0,layered_block,circular,per_chunk,4,4
5300,12292,16167,16,0,0,layered_block,circular,per_chunk,4,4
5301,18583,22458,16,0,0,layered_block,circular,per_chunk,4,4
5302,12042,15917,16,0,0,layered_block,circular,per_chunk,4,4
5303,12166,16041,16,0,0,layered_block,circular,per_chunk,4,4
5304,12084,15958,16,0,0,layered_block,circular,per_chunk,4,4
5305,12083,15958,16,0,0,layered_block,circular,per_chunk,4,4
5306,12333,16167,16,0,0,layered_block,circular,per_chunk,4,4
5307,18250,22375,16,0,0,layered_block,circular,per_chunk,4,4
5308,12167,16042,16,0,0,layered_block,circular,per_chunk,4,4
5309,12000,16083,16,0,0,layered_block,circular,per_chunk,4,4
5310,12042,15875,16,0,0,layered_block,circular,per_chunk,4,4
5311,12416,16208,16,0,0,layered_block,circular,per_chunk,4,4
5312,12209,16000,16,0,0,layered_block,circular,per_chunk,4,4
5313,12042,15917,16,0,0,layered_block,circular,per_chunk,4,4
5314,12125,16000,16,0,0,layered_block,circular,per_chunk,4,4
5315,12041,15958,16,0,0,layered_block,circular,per_chunk,4,4
5316,12041,15916,16,0,0,layered_block,circular,per_chunk,4,4
5317,12042,15959,16,0,0,layered_block,circular,per_chunk,4,4
5318,20000,23916,16,0,0,layered_block,circular,per_chunk,4,4
5319,12125,15958,16,0,0,layered_block,circular,per_chunk,4,4
5320,12000,15875,16,0,0,layered_block,circular,per_chunk,4,4
5321,12375,16209,16,0,0,layered_block,circular,per_chunk,4,4
5322,12000,15875,16,0,0,layered_block,circular,per_chunk,4,4
5323,12209,16000,16,0,0,layered_block,circular,per_chunk,4,4
5324,12166,16042,16,0,0,layered_block,circular,per_chunk,4,4
5325,12334,16250,16,0,0,layered_block,circular,per_chunk,4,4
5326,12167,16000,16,0,0,layered_block,circular,per_chunk,4,4
5327,11917,16000,16,0,0,layered_block,circular,per_chunk,4,4
5328,12167,15959,16,0,0,layered_block,circular,per_chunk,4,4
5329,12125,16000,16,0,0,layered_block,circular,per_chunk,4,4
5330,12833,23250,16,0,0,layered_block,circular,per_chunk,4,4
5331,12125,16042,16,0,0,layered_block,circular,per_chunk,4,4
5332,12209,16041,16,0,0,layered_block,circular,per_chunk,4,4
5333,12583,16458,16,0,0,layered_block,circular,per_chunk,4,4
5334,12125,16000,16,0,0,layered_block,circular,per_chunk,4,4
5335,12125,16000,16,0,0,layered_block,circular,per_chunk,4,4
5336,12625,16750,16,0,0,layered_block,circular,per_chunk,4,4
5337,12084,15959,16,0,0,layered_block,circular,per_chunk,4,4
5338,12125,16000,16,0,0,layered_block,circular,per_chunk,4,4
5339,12291,16250,16,0,0,layered_block,circular,per_chunk,4,4
5340,12209,16042,16,0,0,layered_block,circular,per_chunk,4,4
5341,12000,15917,16,0,0,layered_block,circular,per_chunk,4,4
5342,12458,16292,16,0,0,layered_block,circular,per_chunk,4,4
5343,12000,15917,16,0,0,layered_block,circular,per_chunk,4,4
5344,12042,16000,16,0,0,layered_block,circular,per_chunk,4,4
5345,12125,15916,16,0,0,layered_block,circular,per_chunk,4,4
5346,12375,16166,16,0,0,layered_block,circular,per_chunk,4,4
5347,12292,16167,16,0,0,layered_block,circular,per_chunk,4,4
5348,12041,15917,16,0,0,layered_block,circular,per_chunk,4,4
5349,12167,16000,16,0,0,layered_block,circular,per_chunk,4,4
5350,12042,16000,16,0,0,layered_block,circular,per_chunk,4,4
5351,12167,15917,16,0,0,layered_block,circular,per_chunk,4,4
5352,12084,15917,16,0,0,layered_block,circular,per_chunk,4,4
5353,12167,16084,16,0,0,layered_block,circular,per_chunk,4,4
5354,12083,15959,16,0,0,layered_block,circular,per_chunk,4,4
5355,12209,16042,16,0,0,layered_block,circular,per_chunk,4,4
5356,12084,15958,16,0,0,layered_block,circular,per_chunk,4,4
5357,12084,15958,16,0,0,layered_block,circular,per_chunk,4,4
5358,12209,16083,16,0,0,layered_block,circular,per_chunk,4,4
5359,12500,16375,16,0,0,layered_block,circular,per_chunk,4,4
5360,12084,15959,16,0,0,layered_block,circular,per_chunk,4,4
5361,12292,16209,16,0,0,layered_block,circular,per_chunk,4,4
5362,12041,15958,16,0,0,layered_block,circular,per_chunk,4,4
5363,12083,15916,16,0,0,layered_block,circular,per_chunk,4,4
5364,12083,16000,16,0,0,layered_block,circular,per_chunk,4,4
5365,12167,15917,16,0,0,layered_block,circular,per_chunk,4,4
5366,12125,15958,16,0,0,layered_block,circular,per_chunk,4,4
5367,12292,16209,16,0,0,layered_block,circular,per_chunk,4,4
5368,12042,15916,16,0,0,layered_block,circular,per_chunk,4,4
5369,12042,15875,16,0,0,layered_block,circular,per_chunk,4,4
5370,12083,16042,16,0,0,layered_block,circular,per_chunk,4,4
5371,12167,16000,16,0,0,layered_block,circular,per_chunk,4,4
5372,12291,16167,16,0,0,layered_block,circular,per_chunk,4,4
5373,12208,16000,16,0,0,layered_block,circular,per_chunk,4,4
5374,12083,15959,16,0,0,layered_block,circular,per_chunk,4,4
5375,12250,16041,16,0,0,layered_block,circular,per_chunk,4,4
5376,12166,16042,16,0,0,layered_block,circular,per_chunk,4,4
5377,12125,15916,16,0,0,layered_block,circular,per_chunk,4,4
5378,12209,16000,16,0,0,layered_block,circular,per_chunk,4,4
5379,12208,16041,16,0,0,layered_block,circular,per_chunk,4,4
5380,12083,15958,16,0,0,layered_block,circular,per_chunk,4,4
5381,12125,16042,16,0,0,layered_block,circular,per_chunk,4,4
5382,12084,16000,16,0,0,layered_block,circular,per_chunk,4,4
5383,12166,15958,16,0,0,layered_block,circular,per_chunk,4,4
5384,12041,15916,16,0,0,layered_block,circular,per_chunk,4,4
5385,19166,23042,16,0,0,layered_block,circular,per_chunk,4,4
5386,12125,15917,16,0,0,layered_block,circular,per_chunk,4,4
5387,12042,15917,16,0,0,layered_block,circular,per_chunk,4,4
5388,12042,15917,16,0,0,layered_block,circular,per_chunk,4,4
5389,12083,15916,16,0,0,layered_block,circular,per_chunk,4,4
5390,12125,16000,16,0,0,layered_block,circular,per_chunk,4,4
5391,12042,15875,16,0,0,layered_block,circular,per_chunk,4,4
5392,12209,16125,16,0,0,layered_block,circular,per_chunk,4,4
5393,12167,16167,16,0,0,layered_block,circular,per_chunk,4,4
5394,12375,16208,16,0,0,layered_block,circular,per_chunk,4,4
5395,12125,15875,16,0,0,layered_block,circular,per_chunk,4,4
5396,11958,15875,16,0,0,layered_block,circular,per_chunk,4,4
5397,12166,15916,16,0,0,layered_block,circular,per_chunk,4,4
5398,12000,15917,16,0,0,layered_block,circular,per_chunk,4,4
5399,12083,16042,16,0,0,layered_block,circular,per_chunk,4,4
5400,12125,15958,16,0,0,layered_block,circular,per_chunk,4,4
5401,12125,15958,16,0,0,layered_block,circular,per_chunk,4,4
5402,12125,16000,16,0,0,layered_block,circular,per_chunk,4,4
5403,12208,15958,16,0,0,layered_block,circular,per_chunk,4,4
5404,12208,16125,16,0,0,layered_block,circular,per_chunk,4,4
5405,12041,15875,16,0,0,layered_block,circular,per_chunk,4,4
5406,12250,16083,16,0,0,layered_block,circular,per_chunk,4,4
5407,12042,15917,16,0,0,layered_block,circular,per_chunk,4,4
5408,12125,16000,16,0,0,layered_block,circular,per_chunk,4,4
5409,12208,15958,16,0,0,layered_block,circular,per_chunk,4,4
5410,12042,15917,16,0,0,layered_block,circular,per_chunk,4,4
5411,12083,16000,16,0,0,layered_block,circular,per_chunk,4,4
5412,12000,15917,16,0,0,layered_block,circular,per_chunk,4,4
5413,12333,16250,16,0,0,layered_block,circular,per_chunk,4,4
5414,12500,22500,16,0,0,layered_block,circular,per_chunk,4,4
5415,12166,15958,16,0,0,layered_block,circular,per_chunk,4,4
5416,12042,15875,16,0,0,layered_block,circular,per_chunk,4,4
5417,19917,23875,16,0,0,layered_block,circular,per_chunk,4,4
5418,12084,15917,16,0,0,layered_block,circular,per_chunk,4,4
5419,12208,16000,16,0,0,layered_block,circular,per_chunk,4,4
5420,12083,15916,16,0,0,layered_block,circular,per_chunk,4,4
5421,12042,15958,16,0,0,layered_block,circular,per_chunk,4,4
5422,11916,15916,16,0,0,layered_block,circular,per_chunk,4,4
5423,12083,15958,16,0,0,layered_block,circular,per_chunk,4,4
5424,12125,15958,16,0,0,layered_block,circular,per_chunk,4,4
5425,12125,16041,16,0,0,layered_block,circular,per_chunk,4,4
5426,12333,16125,16,0,0,layered_block,circular,per_chunk,4,4
5427,12125,15958,16,0,0,layered_block,circular,per_chunk,4,4
5428,12000,15917,16,0,0,layered_block,circular,per_chunk,4,4
5429,12000,15875,16,0,0,layered_block,circular,per_chunk,4,4
5430,12125,16000,16,0,0,layered_block,circular,per_chunk,4,4
5431,12584,22875,16,0,0,layered_block,circular,per_chunk,4,4
5432,12375,16250,16,0,0,layered_block,circular,per_chunk,4,4
5433,12083,15917,16,0,0,layered_block,circular,per_chunk,4,4
5434,12084,15959,16,0,0,layered_block,circular,per_chunk,4,4
5435,12166,15916,16,0,0,layered_block,circular,per_chunk,4,4
5436,11834,15917,16,0,0,layered_block,circular,per_chunk,4,4
5437,12250,16125,16,0,0,layered_block,circular,per_chunk,4,4
5438,12292,16250,16,0,0,layered_block,circular,per_chunk,4,4
5439,12291,16166,16,0,0,layered_block,circular,per_chunk,4,4
5440,12167,16000,16,0,0,layered_block,circular,per_chunk,4,4
5441,12167,16000,16,0,0,layered_block,circular,per_chunk,4,4
5442,12041,15916,16,0,0,layered_block,circular,per_chunk,4,4
5443,12083,15958,16,0,0,layered_block,circular,per_chunk,4,4
5444,12250,16041,16,0,0,layered_block,circular,per_chunk,4,4
5445,12250,16167,16,0,0,layered_block,circular,per_chunk,4,4
5446,12125,15917,16,0,0,layered_block,circular,per_chunk,4,4
5447,12334,16209,16,0,0,layered_block,circular,per_chunk,4,4
5448,12042,15917,16,0,0,layered_block,circular,per_chunk,4,4
5449,12084,15958,16,0,0,layered_block,circular,per_chunk,4,4
5450,12167,16041,16,0,0,layered_block,circular,per_chunk,4,4
5451,12042,15959,16,0,0,layered_block,circular,per_chunk,4,4
5452,12125,15916,16,0,0,layered_block,circular,per_chunk,4,4
5453,12333,16208,16,0,0,layered_block,circular,per_chunk,4,4
5454,12208,16084,16,0,0,layered_block,circular,per_chunk,4,4
5455,12250,16083,16,0,0,layered_block,circular,per_chunk,4,4
5456,12417,16250,16,0,0,layered_block,circular,per_chunk,4,4
5457,12084,15959,16,0,0,layered_block,circular,per_chunk,4,4
5458,12250,16083,16,0,0,layered_block,circular,per_chunk,4,4
5459,12167,16000,16,0,0,layered_block,circular,per_chunk,4,4
5460,12167,16042,16,0,0,layered_block,circular,per_chunk,4,4
5461,12334,16125,16,0,0,layered_block,circular,per_chunk,4,4
5462,12042,15959,16,0,0,layered_block,circular,per_chunk,4,4
5463,12000,15917,16,0,0,layered_block,circular,per_chunk,4,4
5464,12125,15917,16,0,0,layered_block,circular,per_chunk,4,4
5465,11833,15917,16,0,0,layered_block,circular,per_chunk,4,4
5466,12917,17167,16,0,0,layered_block,circular,per_chunk,4,4
5467,12041,15917,16,0,0,layered_block,circular,per_chunk,4,4
5468,12125,16042,16,0,0,layered_block,circular,per_chunk,4,4
5469,12041,15917,16,0,0,layered_block,circular,per_chunk,4,4
5470,12083,15875,16,0,0,layered_block,circular,per_chunk,4,4
5471,12250,16167,16,0,0,layered_block,circular,per_chunk,4,4
5472,12083,15917,16,0,0,layered_block,circular,per_chunk,4,4
5473,12084,15958,16,0,0,layered_block,circular,per_chunk,4,4
5474,12000,15958,16,0,0,layered_block,circular,per_chunk,4,4
5475,12041,15916,16,0,0,layered_block,circular,per_chunk,4,4
5476,12125,15959,16,0,0,layered_block,circular,per_chunk,4,4
5477,12125,16000,16,0,0,layered_block,circular,per_chunk,4,4
5478,12125,15958,16,0,0,layered_block,circular,per_chunk,4,4
5479,12500,16333,16,0,0,layered_block,circular,per_chunk,4,4
5480,12125,16042,16,0,0,layered_block,circular,per_chunk,4,4
5481,12084,16000,16,0,0,layered_block,circular,per_chunk,4,4
5482,12083,16000,16,0,0,layered_block,circular,per_chunk,4,4
5483,12083,16042,16,0,0,layered_block,circular,per_chunk,4,4
5484,12125,16000,16,0,0,layered_block,circular,per_chunk,4,4
5485,12125,16041,16,0,0,layered_block,circular,per_chunk,4,4
5486,11958,16042,16,0,0,layered_block,circular,per_chunk,4,4
5487,12041,15958,16,0,0,layered_block,circular,per_chunk,4,4
5488,12083,16000,16,0,0,layered_block,circular,per_chunk,4,4
5489,12291,16500,16,0,0,layered_block,circular,per_chunk,4,4
5490,12084,16000,16,0,0,layered_block,circular,per_chunk,4,4
5491,12083,16000,16,0,0,layered_block,circular,per_chunk,4,4
5492,12208,16041,16,0,0,layered_block,circular,per_chunk,4,4
5493,20459,24375,16,0,0,layered_block,circular,per_chunk,4,4
5494,12083,15959,16,0,0,layered_block,circular,per_chunk,4,4
5495,12042,16000,16,0,0,layered_block,circular,per_chunk,4,4
5496,12833,16708,16,0,0,layered_block,circular,per_chunk,4,4
5497,12084,16000,16,0,0,layered_block,circular,per_chunk,4,4
5498,12125,16084,16,0,0,layered_block,circular,per_chunk,4,4
5499,12041,16000,16,0,0,layered_block,circular,per_chunk,4,4
5500,12041,15958,16,0,0,layered_block,circular,per_chunk,4,4
5501,11792,15959,16,0,0,layered_block,circular,per_chunk,4,4
5502,12209,16125,16,0,0,layered_block,circular,per_chunk,4,4
5503,12208,16084,16,0,0,layered_block,circular,per_chunk,4,4
5504,12167,16041,16,0,0,layered_block,circular,per_chunk,4,4
5505,12125,15958,16,0,0,layered_block,circular,per_chunk,4,4
5506,12250,16041,16,0,0,layered_block,circular,per_chunk,4,4
5507,12042,16125,16,0,0,layered_block,circular,per_chunk,4,4
5508,12083,16042,16,0,0,layered_block,circular,per_chunk,4,4
5509,12083,16000,16,0,0,layered_block,circular,per_chunk,4,4
5510,12125,16083,16,0,0,layered_block,circular,per_chunk,4,4
5511,12125,15958,16,0,0,layered_block,circular,per_chunk,4,4
5512,12083,16042,16,0,0,layered_block,circular,per_chunk,4,4
5513,12167,16125,16,0,0,layered_block,circular,per_chunk,4,4
5514,12125,16292,16,0,0,layered_block,circular,per_chunk,4,4
5515,12000,15958,16,0,0,layered_block,circular,per_chunk,4,4
5516,12125,16042,16,0,0,layered_block,circular,per_chunk,4,4
5517,12167,16000,16,0,0,layered_block,circular,per_chunk,4,4
5518,12083,16042,16,0,0,layered_block,circular,per_chunk,4,4
5519,11833,15958,16,0,0,layered_block,circular,per_chunk,4,4
5520,12125,16084,16,0,0,layered_block,circular,per_chunk,4,4
5521,12042,15958,16,0,0,layered_block,circular,per_chunk,4,4
5522,12084,16041,16,0,0,layered_block,circular,per_chunk,4,4
5523,12292,16208,16,0,0,layered_block,circular,per_chunk,4,4
5524,12166,16083,16,0,0,layered_block,circular,per_chunk,4,4
5525,12167,16042,16,0,0,layered_block,circular,per_chunk,4,4
5526,12000,15958,16,0,0,layered_block,circular,per_chunk,4,4
5527,12125,16000,16,0,0,layered_block,circular,per_chunk,4,4
5528,12125,16083,16,0,0,layered_block,circular,per_chunk,4,4
5529,12084,16000,16,0,0,layered_block,circular,per_chunk,4,4
5530,12125,16000,16,0,0,layered_block,circular,per_chunk,4,4
5531,12084,16083,16,0,0,layered_block,circular,per_chunk,4,4
5532,12250,22542,16,0,0,layered_block,circular,per_chunk,4,4
5533,12125,15958,16,0,0,layered_block,circular,per_chunk,4,4
5534,12042,16000,16,0,0,layered_block,circular,per_chunk,4,4
5535,12500,16583,16,0,0,layered_block,circular,per_chunk,4,4
5536,12083,15916,16,0,0,layered_block,circular,per_chunk,4,4
5537,12166,16000,16,0,0,layered_block,circular,per_chunk,4,4
5538,12166,16042,16,0,0,layered_block,circular,per_chunk,4,4
5539,12167,16000,16,0,0,layered_block,circular,per_chunk,4,4
5540,12166,16250,16,0,0,layered_block,circular,per_chunk,4,4
5541,12125,16042,16,0,0,layered_block,circular,per_chunk,4,4
5542,12167,16084,16,0,0,layered_block,circular,per_chunk,4,4
5543,11917,16084,16,0,0,layered_block,circular,per_chunk,4,4
5544,12125,16041,16,0,0,layered_block,circular,per_chunk,4,4
5545,12041,16000,16,0,0,layered_block,circular,per_chunk,4,4
5546,12333,16292,16,0,0,layered_block,circular,per_chunk,4,4
5547,12167,21541,16,0,0,layered_block,circular,per_chunk,4,4
5548,12292,16167,16,0,0,layered_block,circular,per_chunk,4,4
5549,12042,15959,16,0,0,layered_block,circular,per_chunk,4,4
5550,12083,15958,16,0,0,layered_block,circular,per_chunk,4,4
5551,12042,15958,16,0,0,layered_block,circular,per_chunk,4,4
5552,12083,16000,16,0,0,layered_block,circular,per_chunk,4,4
5553,12042,15959,16,0,0,layered_block,circular,per_chunk,4,4
5554,12125,15917,16,0,0,layered_block,circular,per_chunk,4,4
5555,12083,15958,16,0,0,layered_block,circular,per_chunk,4,4
5556,12084,16000,16,0,0,layered_block,circular,per_chunk,4,4
5557,12167,16000,16,0,0,layered_block,circular,per_chunk,4,4
5558,12041,16000,16,0,0,layered_block,circular,per_chunk,4,4
5559,18583,22583,16,0,0,layered_block,circular,per_chunk,4,4
5560,12500,16416,16,0,0,layered_block,circular,per_chunk,4,4
5561,12125,16041,16,0,0,layered_block,circular,per_chunk,4,4
5562,12209,16125,16,0,0,layered_block,circular,per_chunk,4,4
5563,12167,16041,16,0,0,layered_block,circular,per_chunk,4,4
5564,12042,16000,16,0,0,layered_block,circular,per_chunk,4,4
5565,18750,22625,16,0,0,layered_block,circular,per_chunk,4,4
5566,12125,16042,16,0,0,layered_block,circular,per_chunk,4,4
5567,12458,16375,16,0,0,layered_block,circular,per_chunk,4,4
5568,12041,16000,16,0,0,layered_block,circular,per_chunk,4,4
5569,12167,16042,16,0,0,layered_block,circular,per_chunk,4,4
5570,11917,16083,16,0,0,layered_block,circular,per_chunk,4,4
5571,12083,16000,16,0,0,layered_block,circular,per_chunk,4,4
5572,12209,16042,16,0,0,layered_block,circular,per_chunk,4,4
5573,12083,15958,16,0,0,layered_block,circular,per_chunk,4,4
5574,12167,16125,16,0,0,layered_block,circular,per_chunk,4,4
5575,12041,15917,16,0,0,layered_block,circular,per_chunk,4,4
5576,12333,16208,16,0,0,layered_block,circular,per_chunk,4,4
5577,12125,16042,16,0,0,layered_block,circular,per_chunk,4,4
5578,13083,16958,16,0,0,layered_block,circular,per_chunk,4,4
5579,11875,16041,16,0,0,layered_block,circular,per_chunk,4,4
5580,12083,16083,16,0,0,layered_block,circular,per_chunk,4,4
5581,12000,15958,16,0,0,layered_block,circular,per_chunk,4,4
5582,11916,16000,16,0,0,layered_block,circular,per_chunk,4,4
5583,12125,16042,16,0,0,layered_block,circular,per_chunk,4,4
5584,12125,16000,16,0,0,layered_block,circular,per_chunk,4,4
5585,12083,16042,16,0,0,layered_block,circular,per_chunk,4,4
5586,12125,16041,16,0,0,layered_block,circular,per_chunk,4,4
5587,12083,16000,16,0,0,layered_block,circular,per_chunk,4,4
5588,12083,16042,16,0,0,layered_block,circular,per_chunk,4,4
5589,12083,15958,16,0,0,layered_block,circular,per_chunk,4,4
5590,12125,16042,16,0,0,layered_block,circular,per_chunk,4,4
5591,12084,16041,16,0,0,layered_block,circular,per_chunk,4,4
5592,12041,15958,16,0,0,layered_block,circular,per_chunk,4,4
5593,12167,16042,16,0,0,layered_block,circular,per_chunk,4,4
5594,11833,15959,16,0,0,layered_block,circular,per_chunk,4,4
5595,12083,16042,16,0,0,layered_block,circular,per_chunk,4,4
5596,12208,16084,16,0,0,layered_block,circular,per_chunk,4,4
5597,12125,16083,16,0,0,layered_block,circular,per_chunk,4,4
5598,12584,16875,16,0,0,layered_block,circular,per_chunk,4,4
5599,12125,15958,16,0,0,layered_block,circular,per_chunk,4,4
5600,11958,15917,16,0,0,layered_block,circular,per_chunk,4,4
5601,12292,16209,16,0,0,layered_block,circular,per_chunk,4,4
5602,12167,16041,16,0,0,layered_block,circular,per_chunk,4,4
5603,12083,16042,16,0,0,layered_block,circular,per_chunk,4,4
5604,12125,16084,16,0,0,layered_block,circular,per_chunk,4,4
5605,12125,15959,16,0,0,layered_block,circular,per_chunk,4,4
5606,11833,15916,16,0,0,layered_block,circular,per_chunk,4,4
5607,12125,16000,16,0,0,layered_block,circular,per_chunk,4,4
5608,12208,16083,16,0,0,layered_block,circular,per_chunk,4,4
5609,12000,16000,16,0,0,layered_block,circular,per_chunk,4,4
5610,12167,15958,16,0,0,layered_block,circular,per_chunk,4,4
5611,12166,16083,16,0,0,layered_block,circular,per_chunk,4,4
5612,12083,16250,16,0,0,layered_block,circular,per_chunk,4,4
5613,12083,16000,16,0,0,layered_block,circular,per_chunk,4,4
5614,12125,16000,16,0,0,layered_block,circular,per_chunk,4,4
5615,19125,23083,16,0,0,layered_block,circular,per_chunk,4,4
5616,12042,15958,16,0,0,layered_block,circular,per_chunk,4,4
5617,12084,16041,16,0,0,layered_block,circular,per_chunk,4,4
5618,12375,16875,16,0,0,layered_block,circular,per_chunk,4,4
5619,12167,15959,16,0,0,layered_block,circular,per_chunk,4,4
5620,12167,16084,16,0,0,layered_block,circular,per_chunk,4,4
5621,12083,22334,16,0,0,layered_block,circular,per_chunk,4,4
5622,12208,16042,16,0,0,layered_block,circular,per_chunk,4,4
5623,12459,16333,16,0,0,layered_block,circular,per_chunk,4,4
5624,12083,16000,16,0,0,layered_block,circular,per_chunk,4,4
5625,12083,16041,16,0,0,layered_block,circular,per_chunk,4,4
5626,12166,16000,16,0,0,layered_block,circular,per_chunk,4,4
5627,12125,16000,16,0,0,layered_block,circular,per_chunk,4,4
5628,12208,16000,16,0,0,layered_block,circular,per_chunk,4,4
5629,11917,16000,16,0,0,layered_block,circular,per_chunk,4,4
5630,12125,16042,16,0,0,layered_block,circular,per_chunk,4,4
5631,12125,16000,16,0,0,layered_block,circular,per_chunk,4,4
5632,12042,15958,16,0,0,layered_block,circular,per_chunk,4,4
5633,12542,16625,16,0,0,layered_block,circular,per_chunk,4,4
5634,12167,15959,16,0,0,layered_block,circular,per_chunk,4,4
5635,12458,16333,16,0,0,layered_block,circular,per_chunk,4,4
5636,12083,16000,16,0,0,layered_block,circular,per_chunk,4,4
5637,12042,15958,16,0,0,layered_block,circular,per_chunk,4,4
5638,12083,16000,16,0,0,layered_block,circular,per_chunk,4,4
5639,12500,16750,16,0,0,layered_block,circular,per_chunk,4,4
5640,12167,16000,16,0,0,layered_block,circular,per_chunk,4,4
5641,12083,16000,16,0,0,layered_block,circular,per_chunk,4,4
5642,12125,16083,16,0,0,layered_block,circular,per_chunk,4,4
5643,12042,15959,16,0,0,layered_block,circular,per_chunk,4,4
5644,12125,16041,16,0,0,layered_block,circular,per_chunk,4,4
5645,12000,15917,16,0,0,layered_block,circular,per_chunk,4,4
5646,12084,15958,16,0,0,layered_block,circular,per_chunk,4,4
5647,12125,16083,16,0,0,layered_block,circular,per_chunk,4,4
5648,12625,23167,16,0,0,layered_block,circular,per_chunk,4,4
5649,12167,16083,16,0,0,layered_block,circular,per_chunk,4,4
5650,12250,16167,16,0,0,layered_block,circular,per_chunk,4,4
5651,12292,16291,16,0,0,layered_block,circular,per_chunk,4,4
5652,12166,16000,16,0,0,layered_block,circular,per_chunk,4,4
5653,12084,15959,16,0,0,layered_block,circular,per_chunk,4,4
5654,12084,16000,16,0,0,layered_block,circular,per_chunk,4,4
5655,12167,16084,16,0,0,layered_block,circular,per_chunk,4,4
5656,12042,16083,16,0,0,layered_block,circular,per_chunk,4,4
5657,12333,16250,16,0,0,layered_block,circular,per_chunk,4,4
5658,12167,15958,16,0,0,layered_block,circular,per_chunk,4,4
5659,12167,16000,16,0,0,layered_block,circular,per_chunk,4,4
5660,12291,16166,16,0,0,layered_block,circular,per_chunk,4,4
5661,12125,15958,16,0,0,layered_block,circular,per_chunk,4,4
5662,12083,16000,16,0,0,layered_block,circular,per_chunk,4,4
5663,12208,16084,16,0,0,layered_block,circular,per_chunk,4,4
5664,12125,15959,16,0,0,layered_block,circular,per_chunk,4,4
5665,12334,16250,16,0,0,layered_block,circular,per_chunk,4,4
5666,12375,16250,16,0,0,layered_block,circular,per_chunk,4,4
5667,12166,16083,16,0,0,layered_block,circular,per_chunk,4,4
5668,12125,16041,16,0,0,layered_block,circular,per_chunk,4,4
5669,12417,16375,16,0,0,layered_block,circular,per_chunk,4,4
5670,12083,16000,16,0,0,layered_block,circular,per_chunk,4,4
5671,12292,16167,16,0,0,layered_block,circular,per_chunk,4,4
5672,12083,16000,16,0,0,layered_block,circular,per_chunk,4,4
5673,12792,17042,16,0,0,layered_block,circular,per_chunk,4,4
5674,12167,16000,16,0,0,layered_block,circular,per_chunk,4,4
5675,11833,15917,16,0,0,layered_block,circular,per_chunk,4,4
5676,21125,24958,16,0,0,layered_block,circular,per_chunk,4,4
5677,12167,16042,16,0,0,layered_block,circular,per_chunk,4,4
5678,12125,16041,16,0,0,layered_block,circular,per_chunk,4,4
5679,12083,16000,16,0,0,layered_block,circular,per_chunk,4,4
5680,12083,15916,16,0,0,layered_block,circular,per_chunk,4,4
5681,12083,15959,16,0,0,layered_block,circular,per_chunk,4,4
5682,12084,16125,16,0,0,layered_block,circular,per_chunk,4,4
5683,12167,16083,16,0,0,layered_block,circular,per_chunk,4,4
5684,12291,16208,16,0,0,layered_block,circular,per_chunk,4,4
5685,12083,16042,16,0,0,layered_block,circular,per_chunk,4,4
5686,12125,16000,16,0,0,layered_block,circular,per_chunk,4,4
5687,12083,15959,16,0,0,layered_block,circular,per_chunk,4,4
5688,12208,16167,16,0,0,layered_block,circular,per_chunk,4,4
5689,12333,16125,16,0,0,layered_block,circular,per_chunk,4,4
5690,12250,16083,16,0,0,layered_block,circular,per_chunk,4,4
5691,12292,16125,16,0,0,layered_block,circular,per_chunk,4,4
5692,12041,15958,16,0,0,layered_block,circular,per_chunk,4,4
5693,12083,16000,16,0,0,layered_block,circular,per_chunk,4,4
5694,12083,16042,16,0,0,layered_block,circular,per_chunk,4,4
5695,12250,16125,16,0,0,layered_block,circular,per_chunk,4,4
5696,19000,22917,16,0,0,layered_block,circular,per_chunk,4,4
5697,12125,15958,16,0,0,layered_block,circular,per_chunk,4,4
5698,12291,16250,16,0,0,layered_block,circular,per_chunk,4,4
5699,12041,15958,16,0,0,layered_block,circular,per_chunk,4,4
5700,12125,16000,16,0,0,layered_block,circular,per_chunk,4,4
5701,12209,16125,16,0,0,layered_block,circular,per_chunk,4,4
5702,12167,16083,16,0,0,layered_block,circular,per_chunk,4,4
5703,12041,16000,16,0,0,layered_block,circular,per_chunk,4,4
5704,12125,16000,16,0,0,layered_block,circular,per_chunk,4,4
5705,12125,15958,16,0,0,layered_block,circular,per_chunk,4,4
5706,12208,16083,16,0,0,layered_block,circular,per_chunk,4,4
5707,12167,16084,16,0,0,layered_block,circular,per_chunk,4,4
5708,11792,15958,16,0,0,layered_block,circular,per_chunk,4,4
5709,12042,15958,16,0,0,layered_block,circular,per_chunk,4,4
5710,12167,16041,16,0,0,layered_block,circular,per_chunk,4,4
5711,66459,70583,16,0,0,layered_block,circular,per_chunk,4,4
5712,12125,16000,16,0,0,layered_block,circular,per_chunk,4,4
5713,12084,16041,16,0,0,layered_block,circular,per_chunk,4,4
5714,12042,15959,16,0,0,layered_block,circular,per_chunk,4,4
5715,12084,16000,16,0,0,layered_block,circular,per_chunk,4,4
5716,12417,16833,16,0,0,layered_block,circular,per_chunk,4,4
5717,12083,16000,16,0,0,layered_block,circular,per_chunk,4,4
5718,12083,16042,16,0,0,layered_block,circular,per_chunk,4,4
5719,12208,16333,16,0,0,layered_block,circular,per_chunk,4,4
5720,12291,16208,16,0,0,layered_block,circular,per_chunk,4,4
5721,11875,15917,16,0,0,layered_block,circular,per_chunk,4,4
5722,12042,16000,16,0,0,layered_block,circular,per_chunk,4,4
5723,12084,16000,16,0,0,layered_block,circular,per_chunk,4,4
5724,12083,16000,16,0,0,layered_block,circular,per_chunk,4,4
5725,19917,23791,16,0,0,layered_block,circular,per_chunk,4,4
5726,12625,16500,16,0,0,layered_block,circular,per_chunk,4,4
5727,12000,16000,16,0,0,layered_block,circular,per_chunk,4,4
5728,12084,15958,16,0,0,layered_block,circular,per_chunk,4,4
5729,12084,15958,16,0,0,layered_block,circular,per_chunk,4,4
5730,12083,16000,16,0,0,layered_block,circular,per_chunk,4,4
5731,12417,16209,16,0,0,layered_block,circular,per_chunk,4,4
5732,12542,16334,16,0,0,layered_block,circular,per_chunk,4,4
5733,12125,16042,16,0,0,layered_block,circular,per_chunk,4,4
5734,12250,16167,16,0,0,layered_block,circular,per_chunk,4,4
5735,12125,16000,16,0,0,layered_block,circular,per_chunk,4,4
5736,12084,16041,16,0,0,layered_block,circular,per_chunk,4,4
5737,12292,16125,16,0,0,layered_block,circular,per_chunk,4,4
5738,12000,15959,16,0,0,layered_block,circular,per_chunk,4,4
5739,12208,16125,16,0,0,layered_block,circular,per_chunk,4,4
5740,12125,16000,16,0,0,layered_block,circular,per_chunk,4,4
5741,12042,15958,16,0,0,layered_block,circular,per_chunk,4,4
5742,12125,16083,16,0,0,layered_block,circular,per_chunk,4,4
5743,12166,16000,16,0,0,layered_block,circular,per_chunk,4,4
5744,12042,16000,16,0,0,layered_block,circular,per_chunk,4,4
5745,12375,16208,16,0,0,layered_block,circular,per_chunk,4,4
5746,12167,16041,16,0,0,layered_block,circular,per_chunk,4,4
5747,12041,16000,16,0,0,layered_block,circular,per_chunk,4,4
5748,20875,24792,16,0,0,layered_block,circular,per_chunk,4,4
5749,12083,16000,16,0,0,layered_block,circular,per_chunk,4,4
5750,12375,16292,16,0,0,layered_block,circular,per_chunk,4,4
5751,12125,16000,16,0,0,layered_block,circular,per_chunk,4,4
5752,12291,16208,16,0,0,layered_block,circular,per_chunk,4,4
5753,11833,16000,16,0,0,layered_block,circular,per_chunk,4,4
5754,12042,16000,16,0,0,layered_block,circular,per_chunk,4,4
5755,12125,16000,16,0,0,layered_block,circular,per_chunk,4,4
5756,12208,16125,16,0,0,layered_block,circular,per_chunk,4,4
5757,12166,16000,16,0,0,layered_block,circular,per_chunk,4,4
5758,12208,16291,16,0,0,layered_block,circular,per_chunk,4,4
5759,12167,16084,16,0,0,layered_block,circular,per_chunk,4,4
5760,12083,16000,16,0,0,layered_block,circular,per_chunk,4,4
5761,12084,16000,16,0,0,layered_block,circular,per_chunk,4,4
5762,12333,16292,16,0,0,layered_block,circular,per_chunk,4,4
5763,12292,16125,16,0,0,layered_block,circular,per_chunk,4,4
5764,12000,15917,16,0,0,layered_block,circular,per_chunk,4,4
5765,12167,16000,16,0,0,layered_block,circular,per_chunk,4,4
5766,12167,16084,16,0,0,layered_block,circular,per_chunk,4,4
5767,12042,16000,16,0,0,layered_block,circular,per_chunk,4,4
5768,12458,16583,16,0,0,layered_block,circular,per_chunk,4,4
5769,12125,16000,16,0,0,layered_block,circular,per_chunk,4,4
5770,12125,16042,16,0,0,layered_block,circular,per_chunk,4,4
5771,12125,16000,16,0,0,layered_block,circular,per_chunk,4,4
5772,12167,16000,16,0,0,layered_block,circular,per_chunk,4,4
5773,12250,16166,16,0,0,layered_block,circular,per_chunk,4,4
5774,12083,16000,16,0,0,layered_block,circular,per_chunk,4,4
5775,12083,15959,16,0,0,layered_block,circular,per_chunk,4,4
5776,12167,16125,16,0,0,layered_block,circular,per_chunk,4,4
5777,12250,16042,16,0,0,layered_block,circular,per_chunk,4,4
5778,12208,16083,16,0,0,layered_block,circular,per_chunk,4,4
5779,12125,16042,16,0,0,layered_block,circular,per_chunk,4,4
5780,12167,16041,16,0,0,layered_block,circular,per_chunk,4,4
5781,12167,16042,16,0,0,layered_block,circular,per_chunk,4,4
5782,12375,16291,16,0,0,layered_block,circular,per_chunk,4,4
5783,12208,16167,16,0,0,layered_block,circular,per_chunk,4,4
5784,12208,16042,16,0,0,layered_block,circular,per_chunk,4,4
5785,12208,16083,16,0,0,layered_block,circular,per_chunk,4,4
5786,12083,16000,16,0,0,layered_block,circular,per_chunk,4,4
5787,12167,16084,16,0,0,layered_block,circular,per_chunk,4,4
5788,12041,15958,16,0,0,layered_block,circular,per_chunk,4,4
5789,12083,16000,16,0,0,layered_block,circular,per_chunk,4,4
5790,11875,15917,16,0,0,layered_block,circular,per_chunk,4,4
5791,12125,16000,16,0,0,layered_block,circular,per_chunk,4,4
5792,12291,16209,16,0,0,layered_block,circular,per_chunk,4,4
5793,12042,16209,16,0,0,layered_block,circular,per_chunk,4,4
5794,12084,15958,16,0,0,layered_block,circular,per_chunk,4,4
5795,12125,16042,16,0,0,layered_block,circular,per_chunk,4,4
5796,12250,16167,16,0,0,layered_block,circular,per_chunk,4,4
5797,12667,16625,16,0,0,layered_block,circular,per_chunk,4,4
5798,12541,16459,16,0,0,layered_block,circular,per_chunk,4,4
5799,12083,16042,16,0,0,layered_block,circular,per_chunk,4,4
5800,12375,16292,16,0,0,layered_block,circular,per_chunk,4,4
5801,12542,16542,16,0,0,layered_block,circular,per_chunk,4,4
5802,12166,16083,16,0,0,layered_block,circular,per_chunk,4,4
5803,12292,16125,16,0,0,layered_block,circular,per_chunk,4,4
5804,12083,16000,16,0,0,layered_block,circular,per_chunk,4,4
5805,12084,16000,16,0,0,layered_block,circular,per_chunk,4,4
5806,12250,16208,16,0,0,layered_block,circular,per_chunk,4,4
5807,12084,16041,16,0,0,layered_block,circular,per_chunk,4,4
5808,12583,16834,16,0,0,layered_block,circular,per_chunk,4,4
5809,12334,16125,16,0,0,layered_block,circular,per_chunk,4,4
5810,12167,16042,16,0,0,layered_block,circular,per_chunk,4,4
5811,12042,16000,16,0,0,layered_block,circular,per_chunk,4,4
5812,12084,16000,16,0,0,layered_block,circular,per_chunk,4,4
5813,12416,16375,16,0,0,layered_block,circular,per_chunk,4,4
5814,12041,16000,16,0,0,layered_block,circular,per_chunk,4,4
5815,12167,16041,16,0,0,layered_block,circular,per_chunk,4,4
5816,12083,16084,16,0,0,layered_block,circular,per_chunk,4,4
5817,12375,16250,16,0,0,layered_block,circular,per_chunk,4,4
5818,12083,16167,16,0,0,layered_block,circular,per_chunk,4,4
5819,12166,16042,16,0,0,layered_block,circular,per_chunk,4,4
5820,12000,15959,16,0,0,layered_block,circular,per_chunk,4,4
5821,12083,15958,16,0,0,layered_block,circular,per_chunk,4,4
5822,12042,15916,16,0,0,layered_block,circular,per_chunk,4,4
5823,12125,16083,16,0,0,layered_block,circular,per_chunk,4,4
5824,12250,16042,16,0,0,layered_block,circular,per_chunk,4,4
5825,12250,16042,16,0,0,layered_block,circular,per_chunk,4,4
5826,12125,16000,16,0,0,layered_block,circular,per_chunk,4,4
5827,19375,23291,16,0,0,layered_block,circular,per_chunk,4,4
5828,12250,16166,16,0,0,layered_block,circular,per_chunk,4,4
5829,12208,16125,16,0,0,layered_block,circular,per_chunk,4,4
5830,12166,16083,16,0,0,layered_block,circular,per_chunk,4,4
5831,11916,16083,16,0,0,layered_block,circular,per_chunk,4,4
5832,12166,16042,16,0,0,layered_block,circular,per_chunk,4,4
5833,11959,15916,16,0,0,layered_block,circular,per_chunk,4,4
5834,12333,16167,16,0,0,layered_block,circular,per_chunk,4,4
5835,12041,16000,16,0,0,layered_block,circular,per_chunk,4,4
5836,20125,24083,16,0,0,layered_block,circular,per_chunk,4,4
5837,12084,16000,16,0,0,layered_block,circular,per_chunk,4,4
5838,12250,16125,16,0,0,layered_block,circular,per_chunk,4,4
5839,12000,16000,16,0,0,layered_block,circular,per_chunk,4,4
5840,12125,16084,16,0,0,layered_block,circular,per_chunk,4,4
5841,12041,16042,16,0,0,layered_block,circular,per_chunk,4,4
5842,12125,16041,16,0,0,layered_block,circular,per_chunk,4,4
5843,12250,16166,16,0,0,layered_block,circular,per_chunk,4,4
5844,12125,16042,16,0,0,layered_block,circular,per_chunk,4,4
5845,12458,16417,16,0,0,layered_block,circular,per_chunk,4,4
5846,12209,16125,16,0,0,layered_block,circular,per_chunk,4,4
5847,12125,16042,16,0,0,layered_block,circular,per_chunk,4,4
5848,12209,16083,16,0,0,layered_block,circular,per_chunk,4,4
5849,12250,16083,16,0,0,layered_block,circular,per_chunk,4,4
5850,12041,16125,16,0,0,layered_block,circular,per_chunk,4,4
5851,12166,16083,16,0,0,layered_block,circular,per_chunk,4,4
5852,12083,16000,16,0,0,layered_block,circular,per_chunk,4,4
5853,12167,16000,16,0,0,layered_block,circular,per_chunk,4,4
5854,12125,16000,16,0,0,layered_block,circular,per_chunk,4,4
5855,12167,16000,16,0,0,layered_block,circular,per_chunk,4,4
5856,12541,16459,16,0,0,layered_block,circular,per_chunk,4,4
5857,12084,15958,16,0,0,layered_block,circular,per_chunk,4,4
5858,12167,16000,16,0,0,layered_block,circular,per_chunk,4,4
5859,12000,15958,16,0,0,layered_block,circular,per_chunk,4,4
5860,12250,16083,16,0,0,layered_block,circular,per_chunk,4,4
5861,12333,16167,16,0,0,layered_block,circular,per_chunk,4,4
5862,12042,15959,16,0,0,layered_block,circular,per_chunk,4,4
5863,13416,17625,16,0,0,layered_block,circular,per_chunk,4,4
5864,12750,16584,16,0,0,layered_block,circular,per_chunk,4,4
5865,12167,16084,16,0,0,layered_block,circular,per_chunk,4,4
5866,12084,16000,16,0,0,layered_block,circular,per_chunk,4,4
5867,12083,15959,16,0,0,layered_block,circular,per_chunk,4,4
5868,12083,15917,16,0,0,layered_block,circular,per_chunk,4,4
5869,12166,16042,16,0,0,layered_block,circular,per_chunk,4,4
5870,12042,15916,16,0,0,layered_block,circular,per_chunk,4,4
5871,12083,16000,16,0,0,layered_block,circular,per_chunk,4,4
5872,12125,16000,16,0,0,layered_block,circular,per_chunk,4,4
5873,12042,15958,16,0,0,layered_block,circular,per_chunk,4,4
5874,12125,16000,16,0,0,layered_block,circular,per_chunk,4,4
5875,12250,16209,16,0,0,layered_block,circular,per_chunk,4,4
5876,12208,16042,16,0,0,layered_block,circular,per_chunk,4,4
5877,11958,16084,16,0,0,layered_block,circular,per_chunk,4,4
5878,12084,15959,16,0,0,layered_block,circular,per_chunk,4,4
5879,12208,16083,16,0,0,layered_block,circular,per_chunk,4,4
5880,13750,17667,16,0,0,layered_block,circular,per_chunk,4,4
5881,20209,24209,16,0,0,layered_block,circular,per_chunk,4,4
5882,12208,16084,16,0,0,layered_block,circular,per_chunk,4,4
5883,12417,16250,16,0,0,layered_block,circular,per_chunk,4,4
5884,12042,16041,16,0,0,layered_block,circular,per_chunk,4,4
5885,12209,16125,16,0,0,layered_block,circular,per_chunk,4,4
5886,12166,16042,16,0,0,layered_block,circular,per_chunk,4,4
5887,12250,16125,16,0,0,layered_block,circular,per_chunk,4,4
5888,18833,22917,16,0,0,layered_block,circular,per_chunk,4,4
5889,12666,16542,16,0,0,layered_block,circular,per_chunk,4,4
5890,12208,16083,16,0,0,layered_block,circular,per_chunk,4,4
5891,135125,139208,16,0,0,layered_block,circular,per_chunk,4,4
5892,20541,24708,16,0,0,layered_block,circular,per_chunk,4,4
5893,12375,16209,16,0,0,layered_block,circular,per_chunk,4,4
5894,12167,16083,16,0,0,layered_block,circular,per_chunk,4,4
5895,12250,16125,16,0,0,layered_block,circular,per_chunk,4,4
5896,12166,16125,16,0,0,layered_block,circular,per_chunk,4,4
5897,12208,16125,16,0,0,layered_block,circular,per_chunk,4,4
5898,12417,16291,16,0,0,layered_block,circular,per_chunk,4,4
5899,12125,16000,16,0,0,layered_block,circular,per_chunk,4,4
5900,129292,169459,16,0,0,layered_block,circular,per_chunk,4,4
5901,12708,16625,16,0,0,layered_block,circular,per_chunk,4,4
5902,12166,16042,16,0,0,layered_block,circular,per_chunk,4,4
5903,12125,16041,16,0,0,layered_block,circular,per_chunk,4,4
5904,12166,16041,16,0,0,layered_block,circular,per_chunk,4,4
5905,12083,16125,16,0,0,layered_block,circular,per_chunk,4,4
5906,12333,16250,16,0,0,layered_block,circular,per_chunk,4,4
5907,12292,16208,16,0,0,layered_block,circular,per_chunk,4,4
5908,12209,16125,16,0,0,layered_block,circular,per_chunk,4,4
5909,12750,16959,16,0,0,layered_block,circular,per_chunk,4,4
5910,12042,16000,16,0,0,layered_block,circular,per_chunk,4,4
5911,12125,16000,16,0,0,layered_block,circular,per_chunk,4,4
5912,12167,16042,16,0,0,layered_block,circular,per_chunk,4,4
5913,12125,16000,16,0,0,layered_block,circular,per_chunk,4,4
5914,12125,15958,16,0,0,layered_block,circular,per_chunk,4,4
5915,12041,15958,16,0,0,layered_block,circular,per_chunk,4,4
5916,12125,16042,16,0,0,layered_block,circular,per_chunk,4,4
5917,12125,16000,16,0,0,layered_block,circular,per_chunk,4,4
5918,159709,163833,16,0,0,layered_block,circular,per_chunk,4,4
5919,12667,16791,16,0,0,layered_block,circular,per_chunk,4,4
5920,12209,16083,16,0,0,layered_block,circular,per_chunk,4,4
5921,12167,16042,16,0,0,layered_block,circular,per_chunk,4,4
5922,12334,16250,16,0,0,layered_block,circular,per_chunk,4,4
5923,12125,16042,16,0,0,layered_block,circular,per_chunk,4,4
5924,164125,169000,16,0,0,layered_block,circular,per_chunk,4,4
5925,12292,16167,16,0,0,layered_block,circular,per_chunk,4,4
5926,12375,16292,16,0,0,layered_block,circular,per_chunk,4,4
5927,12375,16250,16,0,0,layered_block,circular,per_chunk,4,4
5928,12167,16041,16,0,0,layered_block,circular,per_chunk,4,4
5929,12125,16000,16,0,0,layered_block,circular,per_chunk,4,4
5930,12208,16042,16,0,0,layered_block,circular,per_chunk,4,4
5931,222375,226708,16,0,0,layered_block,circular,per_chunk,4,4
5932,12292,16250,16,0,0,layered_block,circular,per_chunk,4,4
5933,12083,16000,16,0,0,layered_block,circular,per_chunk,4,4
5934,12125,16000,16,0,0,layered_block,circular,per_chunk,4,4
5935,12167,16000,16,0,0,layered_block,circular,per_chunk,4,4
5936,12167,16084,16,0,0,layered_block,circular,per_chunk,4,4
5937,12459,16416,16,0,0,layered_block,circular,per_chunk,4,4
5938,12125,16042,16,0,0,layered_block,circular,per_chunk,4,4
5939,12541,16792,16,0,0,layered_block,circular,per_chunk,4,4
5940,12125,16042,16,0,0,layered_block,circular,per_chunk,4,4
5941,102000,106042,16,0,0,layered_block,circular,per_chunk,4,4
5942,12333,16167,16,0,0,layered_block,circular,per_chunk,4,4
5943,12084,15958,16,0,0,layered_block,circular,per_chunk,4,4
5944,12125,16042,16,0,0,layered_block,circular,per_chunk,4,4
5945,12083,16000,16,0,0,layered_block,circular,per_chunk,4,4
5946,12333,16250,16,0,0,layered_block,circular,per_chunk,4,4
5947,71541,75625,16,0,0,layered_block,circular,per_chunk,4,4
5948,12458,16625,16,0,0,layered_block,circular,per_chunk,4,4
5949,12208,16000,16,0,0,layered_block,circular,per_chunk,4,4
5950,12083,16000,16,0,0,layered_block,circular,per_chunk,4,4
5951,12292,16125,16,0,0,layered_block,circular,per_chunk,4,4
5952,95167,99458,16,0,0,layered_block,circular,per_chunk,4,4
5953,12250,16166,16,0,0,layered_block,circular,per_chunk,4,4
5954,12334,16291,16,0,0,layered_block,circular,per_chunk,4,4
5955,12292,16209,16,0,0,layered_block,circular,per_chunk,4,4
5956,12125,16084,16,0,0,layered_block,circular,per_chunk,4,4
5957,12250,16167,16,0,0,layered_block,circular,per_chunk,4,4
5958,12416,16333,16,0,0,layered_block,circular,per_chunk,4,4
5959,12083,15959,16,0,0,layered_block,circular,per_chunk,4,4
5960,87125,91458,16,0,0,layered_block,circular,per_chunk,4,4
5961,12208,16291,16,0,0,layered_block,circular,per_chunk,4,4
5962,12083,16042,16,0,0,layered_block,circular,per_chunk,4,4
5963,12167,16041,16,0,0,layered_block,circular,per_chunk,4,4
5964,12083,16000,16,0,0,layered_block,circular,per_chunk,4,4
5965,12208,16083,16,0,0,layered_block,circular,per_chunk,4,4
5966,12250,16042,16,0,0,layered_block,circular,per_chunk,4,4
5967,12250,16166,16,0,0,layered_block,circular,per_chunk,4,4
5968,12083,16000,16,0,0,layered_block,circular,per_chunk,4,4
5969,12167,16125,16,0,0,layered_block,circular,per_chunk,4,4
5970,142959,172416,16,0,0,layered_block,circular,per_chunk,4,4
5971,12416,16292,16,0,0,layered_block,circular,per_chunk,4,4
5972,12125,16041,16,0,0,layered_block,circular,per_chunk,4,4
5973,12042,15959,16,0,0,layered_block,circular,per_chunk,4,4
5974,12375,16250,16,0,0,layered_block,circular,per_chunk,4,4
5975,12166,16083,16,0,0,layered_block,circular,per_chunk,4,4
5976,105459,109708,16,0,0,layered_block,circular,per_chunk,4,4
5977,12083,16000,16,0,0,layered_block,circular,per_chunk,4,4
5978,12125,16041,16,0,0,layered_block,circular,per_chunk,4,4
5979,12375,16208,16,0,0,layered_block,circular,per_chunk,4,4
5980,12167,16000,16,0,0,layered_block,circular,per_chunk,4,4
5981,12083,16000,16,0,0,layered_block,circular,per_chunk,4,4
5982,117208,121292,16,0,0,layered_block,circular,per_chunk,4,4
5983,12417,16250,16,0,0,layered_block,circular,per_chunk,4,4
5984,12125,16083,16,0,0,layered_block,circular,per_chunk,4,4
5985,12000,16125,16,0,0,layered_block,circular,per_chunk,4,4
5986,12084,16000,16,0,0,layered_block,circular,per_chunk,4,4
5987,12125,16000,16,0,0,layered_block,circular,per_chunk,4,4
5988,12125,16042,16,0,0,layered_block,circular,per_chunk,4,4
5989,12000,15958,16,0,0,layered_block,circular,per_chunk,4,4
5990,107666,112167,16,0,0,layered_block,circular,per_chunk,4,4
5991,12500,16625,16,0,0,layered_block,circular,per_chunk,4,4
5992,12167,16000,16,0,0,layered_block,circular,per_chunk,4,4
5993,12333,16209,16,0,0,layered_block,circular,per_chunk,4,4
5994,12083,16042,16,0,0,layered_block,circular,per_chunk,4,4
5995,12791,17125,16,0,0,layered_block,circular,per_chunk,4,4
5996,12250,16084,16,0,0,layered_block,circular,per_chunk,4,4
5997,12083,16000,16,0,0,layered_block,circular,per_chunk,4,4
5998,12250,16167,16,0,0,layered_block,circular,per_chunk,4,4
5999,12166,16000,16,0,0,layered_block,circular,per_chunk,4,4
6000,12042,15917,16,0,0,layered_block,circular,per_chunk,4,4
6001,12750,17000,16,0,0,layered_block,circular,per_chunk,4,4
6002,12125,16000,16,0,0,layered_block,circular,per_chunk,4,4
6003,12208,16125,16,0,0,layered_block,circular,per_chunk,4,4
6004,12083,16000,16,0,0,layered_block,circular,per_chunk,4,4
6005,12583,99625,16,0,0,layered_block,circular,per_chunk,4,4
6006,12666,16542,16,0,0,layered_block,circular,per_chunk,4,4
6007,12333,16167,16,0,0,layered_block,circular,per_chunk,4,4
6008,92417,96500,16,0,0,layered_block,circular,per_chunk,4,4
6009,12375,16291,16,0,0,layered_block,circular,per_chunk,4,4
6010,12333,16250,16,0,0,layered_block,circular,per_chunk,4,4
6011,12250,16167,16,0,0,layered_block,circular,per_chunk,4,4
6012,12458,16417,16,0,0,layered_block,circular,per_chunk,4,4
6013,12084,15958,16,0,0,layered_block,circular,per_chunk,4,4
6014,12125,16042,16,0,0,layered_block,circular,per_chunk,4,4
6015,12292,16167,16,0,0,layered_block,circular,per_chunk,4,4
6016,52750,56834,16,0,0,layered_block,circular,per_chunk,4,4
6017,12083,16000,16,0,0,layered_block,circular,per_chunk,4,4
6018,12041,16000,16,0,0,layered_block,circular,per_chunk,4,4
6019,12208,16042,16,0,0,layered_block,circular,per_chunk,4,4
6020,12083,15959,16,0,0,layered_block,circular,per_chunk,4,4
6021,12125,16000,16,0,0,layered_block,circular,per_chunk,4,4
6022,12458,16292,16,0,0,layered_block,circular,per_chunk,4,4
6023,12042,15958,16,0,0,layered_block,circular,per_chunk,4,4
6024,12125,16041,16,0,0,layered_block,circular,per_chunk,4,4
6025,12084,16000,16,0,0,layered_block,circular,per_chunk,4,4
6026,12208,16042,16,0,0,layered_block,circular,per_chunk,4,4
6027,12083,16000,16,0,0,layered_block,circular,per_chunk,4,4
6028,18667,22542,16,0,0,layered_block,circular,per_chunk,4,4
6029,12167,16000,16,0,0,layered_block,circular,per_chunk,4,4
6030,12083,16000,16,0,0,layered_block,circular,per_chunk,4,4
6031,12792,23541,16,0,0,layered_block,circular,per_chunk,4,4
6032,12167,16000,16,0,0,layered_block,circular,per_chunk,4,4
6033,33791,124792,16,0,0,layered_block,circular,per_chunk,4,4
6034,12291,16208,16,0,0,layered_block,circular,per_chunk,4,4
6035,12125,16000,16,0,0,layered_block,circular,per_chunk,4,4
6036,12334,16291,16,0,0,layered_block,circular,per_chunk,4,4
6037,12041,16000,16,0,0,layered_block,circular,per_chunk,4,4
6038,116291,162250,16,0,0,layered_block,circular,per_chunk,4,4
6039,12375,16375,16,0,0,layered_block,circular,per_chunk,4,4
6040,12250,16209,16,0,0,layered_block,circular,per_chunk,4,4
6041,12167,16000,16,0,0,layered_block,circular,per_chunk,4,4
6042,12125,16000,16,0,0,layered_block,circular,per_chunk,4,4
6043,12125,16000,16,0,0,layered_block,circular,per_chunk,4,4
6044,12375,16209,16,0,0,layered_block,circular,per_chunk,4,4
6045,12042,15959,16,0,0,layered_block,circular,per_chunk,4,4
6046,12666,16959,16,0,0,layered_block,circular,per_chunk,4,4
6047,70458,160000,16,0,0,layered_block,circular,per_chunk,4,4
6048,12084,15958,16,0,0,layered_block,circular,per_chunk,4,4
6049,12083,16000,16,0,0,layered_block,circular,per_chunk,4,4
6050,12084,16000,16,0,0,layered_block,circular,per_chunk,4,4
6051,12000,15958,16,0,0,layered_block,circular,per_chunk,4,4
6052,12125,15917,16,0,0,layered_block,circular,per_chunk,4,4
6053,12083,15959,16,0,0,layered_block,circular,per_chunk,4,4
6054,12167,16042,16,0,0,layered_block,circular,per_chunk,4,4
6055,12333,16292,16,0,0,layered_block,circular,per_chunk,4,4
6056,12209,16125,16,0,0,layered_block,circular,per_chunk,4,4
6057,12125,16083,16,0,0,layered_block,circular,per_chunk,4,4
6058,237542,241791,16,0,0,layered_block,circular,per_chunk,4,4
6059,12042,16042,16,0,0,layered_block,circular,per_chunk,4,4
6060,12417,16334,16,0,0,layered_block,circular,per_chunk,4,4
6061,12333,16125,16,0,0,layered_block,circular,per_chunk,4,4
6062,128625,132750,16,0,0,layered_block,circular,per_chunk,4,4
6063,20167,24041,16,0,0,layered_block,circular,per_chunk,4,4
6064,12167,16125,16,0,0,layered_block,circular,per_chunk,4,4
6065,12042,15959,16,0,0,layered_block,circular,per_chunk,4,4
6066,12125,16083,16,0,0,layered_block,circular,per_chunk,4,4
6067,12041,15958,16,0,0,layered_block,circular,per_chunk,4,4
6068,12084,16000,16,0,0,layered_block,circular,per_chunk,4,4
6069,12208,16125,16,0,0,layered_block,circular,per_chunk,4,4
6070,12042,16000,16,0,0,layered_block,circular,per_chunk,4,4
6071,159458,163875,16,0,0,layered_block,circular,per_chunk,4,4
6072,12834,16833,16,0,0,layered_block,circular,per_chunk,4,4
6073,12125,15958,16,0,0,layered_block,circular,per_chunk,4,4
6074,12000,15959,16,0,0,layered_block,circular,per_chunk,4,4
6075,18000,22000,16,0,0,layered_block,circular,per_chunk,4,4
6076,101250,122625,16,0,0,layered_block,circular,per_chunk,4,4
6077,12166,16083,16,0,0,layered_block,circular,per_chunk,4,4
6078,12125,16041,16,0,0,layered_block,circular,per_chunk,4,4
6079,12166,16083,16,0,0,layered_block,circular,per_chunk,4,4
6080,12084,16000,16,0,0,layered_block,circular,per_chunk,4,4
6081,12084,16083,16,0,0,layered_block,circular,per_chunk,4,4
6082,79375,111500,16,0,0,layered_block,circular,per_chunk,4,4
6083,12375,16250,16,0,0,layered_block,circular,per_chunk,4,4
6084,20750,24792,16,0,0,layered_block,circular,per_chunk,4,4
6085,12083,16000,16,0,0,layered_block,circular,per_chunk,4,4
6086,12417,16250,16,0,0,layered_block,circular,per_chunk,4,4
6087,148292,153250,16,0,0,layered_block,circular,per_chunk,4,4
6088,12292,16375,16,0,0,layered_block,circular,per_chunk,4,4
6089,12125,16042,16,0,0,layered_block,circular,per_chunk,4,4
6090,12042,16000,16,0,0,layered_block,circular,per_chunk,4,4
6091,12208,16125,16,0,0,layered_block,circular,per_chunk,4,4
6092,12167,16083,16,0,0,layered_block,circular,per_chunk,4,4
6093,12125,16042,16,0,0,layered_block,circular,per_chunk,4,4
6094,12167,15959,16,0,0,layered_block,circular,per_chunk,4,4
6095,12167,16042,16,0,0,layered_block,circular,per_chunk,4,4
6096,117459,121875,16,0,0,layered_block,circular,per_chunk,4,4
6097,12125,16042,16,0,0,layered_block,circular,per_chunk,4,4
6098,12167,16125,16,0,0,layered_block,circular,per_chunk,4,4
6099,12042,15959,16,0,0,layered_block,circular,per_chunk,4,4
6100,112000,116500,16,0,0,layered_block,circular,per_chunk,4,4
6101,12042,16041,16,0,0,layered_block,circular,per_chunk,4,4
6102,12000,15917,16,0,0,layered_block,circular,per_chunk,4,4
6103,12417,16334,16,0,0,layered_block,circular,per_chunk,4,4
6104,11917,16041,16,0,0,layered_block,circular,per_chunk,4,4
6105,12125,16041,16,0,0,layered_block,circular,per_chunk,4,4
6106,12417,16250,16,0,0,layered_block,circular,per_chunk,4,4
6107,12125,16000,16,0,0,layered_block,circular,per_chunk,4,4
6108,12084,15958,16,0,0,layered_block,circular,per_chunk,4,4
6109,12084,16000,16,0,0,layered_block,circular,per_chunk,4,4
6110,20708,24667,16,0,0,layered_block,circular,per_chunk,4,4
6111,100542,105166,16,0,0,layered_block,circular,per_chunk,4,4
6112,12208,16084,16,0,0,layered_block,circular,per_chunk,4,4
6113,12000,23000,16,0,0,layered_block,circular,per_chunk,4,4
6114,12250,16167,16,0,0,layered_block,circular,per_chunk,4,4
6115,12291,16167,16,0,0,layered_block,circular,per_chunk,4,4
6116,12250,16208,16,0,0,layered_block,circular,per_chunk,4,4
6117,12125,16000,16,0,0,layered_block,circular,per_chunk,4,4
6118,12042,16000,16,0,0,layered_block,circular,per_chunk,4,4
6119,12250,16208,16,0,0,layered_block,circular,per_chunk,4,4
6120,12125,16041,16,0,0,layered_block,circular,per_chunk,4,4
6121,12167,16084,16,0,0,layered_block,circular,per_chunk,4,4
6122,12000,15958,16,0,0,layered_block,circular,per_chunk,4,4
6123,12375,16250,16,0,0,layered_block,circular,per_chunk,4,4
6124,12042,16000,16,0,0,layered_block,circular,per_chunk,4,4
6125,12625,16417,16,0,0,layered_block,circular,per_chunk,4,4
6126,12167,16084,16,0,0,layered_block,circular,per_chunk,4,4
6127,12292,16209,16,0,0,layered_block,circular,per_chunk,4,4
6128,12083,15958,16,0,0,layered_block,circular,per_chunk,4,4
6129,12292,16167,16,0,0,layered_block,circular,per_chunk,4,4
6130,12125,16042,16,0,0,layered_block,circular,per_chunk,4,4
6131,12125,16000,16,0,0,layered_block,circular,per_chunk,4,4
6132,12125,16167,16,0,0,layered_block,circular,per_chunk,4,4
6133,12167,16042,16,0,0,layered_block,circular,per_chunk,4,4
6134,12000,15917,16,0,0,layered_block,circular,per_chunk,4,4
6135,12083,16250,16,0,0,layered_block,circular,per_chunk,4,4
6136,12333,16250,16,0,0,layered_block,circular,per_chunk,4,4
6137,12083,16000,16,0,0,layered_block,circular,per_chunk,4,4
6138,12125,16083,16,0,0,layered_block,circular,per_chunk,4,4
6139,11958,15917,16,0,0,layered_block,circular,per_chunk,4,4
6140,12166,16000,16,0,0,layered_block,circular,per_chunk,4,4
6141,12000,15959,16,0,0,layered_block,circular,per_chunk,4,4
6142,12416,16250,16,0,0,layered_block,circular,per_chunk,4,4
6143,12416,16292,16,0,0,layered_block,circular,per_chunk,4,4
6144,12167,16042,16,0,0,layered_block,circular,per_chunk,4,4
6145,12208,16042,16,0,0,layered_block,circular,per_chunk,4,4
6146,12000,15959,16,0,0,layered_block,circular,per_chunk,4,4
6147,12250,16166,16,0,0,layered_block,circular,per_chunk,4,4
6148,12208,16042,16,0,0,layered_block,circular,per_chunk,4,4
6149,12167,16041,16,0,0,layered_block,circular,per_chunk,4,4
6150,12000,15917,16,0,0,layered_block,circular,per_chunk,4,4
6151,12333,16208,16,0,0,layered_block,circular,per_chunk,4,4
6152,12083,16042,16,0,0,layered_block,circular,per_chunk,4,4
6153,12125,15958,16,0,0,layered_block,circular,per_chunk,4,4
6154,12209,16166,16,0,0,layered_block,circular,per_chunk,4,4
6155,12125,16042,16,0,0,layered_block,circular,per_chunk,4,4
6156,12250,16042,16,0,0,layered_block,circular,per_chunk,4,4
6157,12209,16166,16,0,0,layered_block,circular,per_chunk,4,4
6158,12584,16458,16,0,0,layered_block,circular,per_chunk,4,4
6159,12250,16125,16,0,0,layered_block,circular,per_chunk,4,4
6160,12125,16000,16,0,0,layered_block,circular,per_chunk,4,4
6161,12125,16000,16,0,0,layered_block,circular,per_chunk,4,4
6162,12125,16000,16,0,0,layered_block,circular,per_chunk,4,4
6163,12250,16042,16,0,0,layered_block,circular,per_chunk,4,4
6164,12375,16291,16,0,0,layered_block,circular,per_chunk,4,4
6165,12375,16250,16,0,0,layered_block,circular,per_chunk,4,4
6166,12250,16084,16,0,0,layered_block,circular,per_chunk,4,4
6167,12250,16250,16,0,0,layered_block,circular,per_chunk,4,4
6168,12167,16041,16,0,0,layered_block,circular,per_chunk,4,4
6169,12167,16000,16,0,0,layered_block,circular,per_chunk,4,4
6170,12125,16042,16,0,0,layered_block,circular,per_chunk,4,4
6171,11833,16042,16,0,0,layered_block,circular,per_chunk,4,4
6172,12083,16000,16,0,0,layered_block,circular,per_chunk,4,4
6173,12333,16167,16,0,0,layered_block,circular,per_chunk,4,4
6174,12084,16041,16,0,0,layered_block,circular,per_chunk,4,4
6175,12083,16000,16,0,0,layered_block,circular,per_chunk,4,4
6176,12416,16292,16,0,0,layered_block,circular,per_chunk,4,4
6177,12000,16042,16,0,0,layered_block,circular,per_chunk,4,4
6178,12125,16000,16,0,0,layered_block,circular,per_chunk,4,4
6179,12333,16167,16,0,0,layered_block,circular,per_chunk,4,4
6180,12208,16083,16,0,0,layered_block,circular,per_chunk,4,4
6181,12041,16000,16,0,0,layered_block,circular,per_chunk,4,4
6182,12292,16083,16,0,0,layered_block,circular,per_chunk,4,4
6183,12083,16000,16,0,0,layered_block,circular,per_chunk,4,4
6184,12666,16500,16,0,0,layered_block,circular,per_chunk,4,4
6185,12416,16292,16,0,0,layered_block,circular,per_chunk,4,4
6186,12417,16333,16,0,0,layered_block,circular,per_chunk,4,4
6187,12167,16250,16,0,0,layered_block,circular,per_chunk,4,4
6188,12208,16125,16,0,0,layered_block,circular,per_chunk,4,4
6189,12375,16208,16,0,0,layered_block,circular,per_chunk,4,4
6190,12333,16250,16,0,0,layered_block,circular,per_chunk,4,4
6191,12208,16000,16,0,0,layered_block,circular,per_chunk,4,4
6192,12250,16125,16,0,0,layered_block,circular,per_chunk,4,4
6193,12167,16084,16,0,0,layered_block,circular,per_chunk,4,4
6194,12166,16083,16,0,0,layered_block,circular,per_chunk,4,4
6195,12167,16083,16,0,0,layered_block,circular,per_chunk,4,4
6196,12084,16000,16,0,0,layered_block,circular,per_chunk,4,4
6197,12250,16167,16,0,0,layered_block,circular,per_chunk,4,4
6198,12250,16292,16,0,0,layered_block,circular,per_chunk,4,4
6199,12333,16250,16,0,0,layered_block,circular,per_chunk,4,4
6200,20791,24750,16,0,0,layered_block,circular,per_chunk,4,4
6201,12458,16333,16,0,0,layered_block,circular,per_chunk,4,4
6202,12250,16209,16,0,0,layered_block,circular,per_chunk,4,4
6203,12084,15958,16,0,0,layered_block,circular,per_chunk,4,4
6204,12333,16167,16,0,0,layered_block,circular,per_chunk,4,4
6205,12208,16083,16,0,0,layered_block,circular,per_chunk,4,4
6206,12125,16041,16,0,0,layered_block,circular,per_chunk,4,4
6207,12125,16083,16,0,0,layered_block,circular,per_chunk,4,4
6208,12250,16083,16,0,0,layered_block,circular,per_chunk,4,4
6209,12208,16167,16,0,0,layered_block,circular,per_chunk,4,4
6210,12084,16000,16,0,0,layered_block,circular,per_chunk,4,4
6211,12209,16041,16,0,0,layered_block,circular,per_chunk,4,4
6212,12125,16042,16,0,0,layered_block,circular,per_chunk,4,4
6213,21083,25083,16,0,0,layered_block,circular,per_chunk,4,4
6214,12042,15958,16,0,0,layered_block,circular,per_chunk,4,4
6215,12167,16042,16,0,0,layered_block,circular,per_chunk,4,4
6216,12042,22625,16,0,0,layered_block,circular,per_chunk,4,4
6217,12208,16000,16,0,0,layered_block,circular,per_chunk,4,4
6218,12125,16000,16,0,0,layered_block,circular,per_chunk,4,4
6219,12125,16042,16,0,0,layered_block,circular,per_chunk,4,4
6220,12083,16000,16,0,0,layered_block,circular,per_chunk,4,4
6221,12209,16083,16,0,0,layered_block,circular,per_chunk,4,4
6222,12125,16000,16,0,0,layered_block,circular,per_chunk,4,4
6223,12083,15958,16,0,0,layered_block,circular,per_chunk,4,4
6224,12167,16042,16,0,0,layered_block,circular,per_chunk,4,4
6225,12000,15958,16,0,0,layered_block,circular,per_chunk,4,4
6226,13000,16875,16,0,0,layered_block,circular,per_chunk,4,4
6227,12250,16042,16,0,0,layered_block,circular,per_chunk,4,4
6228,12250,16125,16,0,0,layered_block,circular,per_chunk,4,4
6229,12084,16000,16,0,0,layered_block,circular,per_chunk,4,4
6230,12417,16208,16,0,0,layered_block,circular,per_chunk,4,4
6231,12500,16417,16,0,0,layered_block,circular,per_chunk,4,4
6232,12166,16083,16,0,0,layered_block,circular,per_chunk,4,4
6233,12083,16000,16,0,0,layered_block,circular,per_chunk,4,4
6234,12250,16083,16,0,0,layered_block,circular,per_chunk,4,4
6235,12417,16334,16,0,0,layered_block,circular,per_chunk,4,4
6236,12750,16584,16,0,0,layered_block,circular,per_chunk,4,4
6237,12167,16000,16,0,0,layered_block,circular,per_chunk,4,4
6238,12292,16167,16,0,0,layered_block,circular,per_chunk,4,4
6239,12042,15958,16,0,0,layered_block,circular,per_chunk,4,4
6240,12708,16542,16,0,0,layered_block,circular,per_chunk,4,4
6241,12125,16000,16,0,0,layered_block,circular,per_chunk,4,4
6242,12250,16125,16,0,0,layered_block,circular,per_chunk,4,4
6243,12208,16042,16,0,0,layered_block,circular,per_chunk,4,4
6244,12125,16000,16,0,0,layered_block,circular,per_chunk,4,4
6245,12375,16250,16,0,0,layered_block,circular,per_chunk,4,4
6246,12375,16292,16,0,0,layered_block,circular,per_chunk,4,4
6247,12125,16000,16,0,0,layered_block,circular,per_chunk,4,4
6248,12042,15917,16,0,0,layered_block,circular,per_chunk,4,4
6249,12041,15958,16,0,0,layered_block,circular,per_chunk,4,4
6250,12417,16250,16,0,0,layered_block,circular,per_chunk,4,4
6251,12042,16042,16,0,0,layered_block,circular,per_chunk,4,4
6252,12750,16625,16,0,0,layered_block,circular,per_chunk,4,4
6253,12208,16042,16,0,0,layered_block,circular,per_chunk,4,4
6254,12125,16000,16,0,0,layered_block,circular,per_chunk,4,4
6255,20291,24250,16,0,0,layered_block,circular,per_chunk,4,4
6256,12125,16000,16,0,0,layered_block,circular,per_chunk,4,4
6257,12125,16000,16,0,0,layered_block,circular,per_chunk,4,4
6258,12292,16292,16,0,0,layered_block,circular,per_chunk,4,4
6259,12208,16125,16,0,0,layered_block,circular,per_chunk,4,4
6260,12416,16208,16,0,0,layered_block,circular,per_chunk,4,4
6261,12125,16042,16,0,0,layered_block,circular,per_chunk,4,4
6262,12333,16250,16,0,0,layered_block,circular,per_chunk,4,4
6263,12291,16125,16,0,0,layered_block,circular,per_chunk,4,4
6264,12000,15958,16,0,0,layered_block,circular,per_chunk,4,4
6265,12459,16375,16,0,0,layered_block,circular,per_chunk,4,4
6266,12208,16000,16,0,0,layered_block,circular,per_chunk,4,4
6267,12375,16292,16,0,0,layered_block,circular,per_chunk,4,4
6268,12334,16250,16,0,0,layered_block,circular,per_chunk,4,4
6269,12459,16416,16,0,0,layered_block,circular,per_chunk,4,4
6270,12125,16000,16,0,0,layered_block,circular,per_chunk,4,4
6271,12125,16042,16,0,0,layered_block,circular,per_chunk,4,4
6272,12125,16000,16,0,0,layered_block,circular,per_chunk,4,4
6273,12084,16000,16,0,0,layered_block,circular,per_chunk,4,4
6274,12083,16000,16,0,0,layered_block,circular,per_chunk,4,4
6275,12125,16041,16,0,0,layered_block,circular,per_chunk,4,4
6276,12208,16000,16,0,0,layered_block,circular,per_chunk,4,4
6277,12083,16042,16,0,0,layered_block,circular,per_chunk,4,4
6278,12042,16042,16,0,0,layered_block,circular,per_chunk,4,4
6279,12250,16042,16,0,0,layered_block,circular,per_chunk,4,4
6280,12250,16083,16,0,0,layered_block,circular,per_chunk,4,4
6281,12041,16000,16,0,0,layered_block,circular,per_chunk,4,4
6282,19625,23792,16,0,0,layered_block,circular,per_chunk,4,4
6283,12458,16291,16,0,0,layered_block,circular,per_chunk,4,4
6284,12291,16208,16,0,0,layered_block,circular,per_chunk,4,4
6285,12041,21917,16,0,0,layered_block,circular,per_chunk,4,4
6286,12125,16000,16,0,0,layered_block,circular,per_chunk,4,4
6287,12167,16084,16,0,0,layered_block,circular,per_chunk,4,4
6288,12500,16417,16,0,0,layered_block,circular,per_chunk,4,4
6289,12459,16333,16,0,0,layered_block,circular,per_chunk,4,4
6290,12209,16125,16,0,0,layered_block,circular,per_chunk,4,4
6291,12334,16208,16,0,0,layered_block,circular,per_chunk,4,4
6292,12333,16209,16,0,0,layered_block,circular,per_chunk,4,4
6293,12167,16042,16,0,0,layered_block,circular,per_chunk,4,4
6294,12041,16042,16,0,0,layered_block,circular,per_chunk,4,4
6295,12333,16209,16,0,0,layered_block,circular,per_chunk,4,4
6296,12083,16042,16,0,0,layered_block,circular,per_chunk,4,4
6297,12250,16208,16,0,0,layered_block,circular,per_chunk,4,4
6298,18500,22417,16,0,0,layered_block,circular,per_chunk,4,4
6299,12083,16000,16,0,0,layered_block,circular,per_chunk,4,4
6300,12125,16208,16,0,0,layered_block,circular,per_chunk,4,4
6301,12208,16125,16,0,0,layered_block,circular,per_chunk,4,4
6302,12125,16250,16,0,0,layered_block,circular,per_chunk,4,4
6303,12083,16000,16,0,0,layered_block,circular,per_chunk,4,4
6304,12250,16333,16,0,0,layered_block,circular,per_chunk,4,4
6305,12083,15958,16,0,0,layered_block,circular,per_chunk,4,4
6306,12125,16000,16,0,0,layered_block,circular,per_chunk,4,4
6307,12042,16000,16,0,0,layered_block,circular,per_chunk,4,4
6308,12167,16042,16,0,0,layered_block,circular,per_chunk,4,4
6309,12750,16584,16,0,0,layered_block,circular,per_chunk,4,4
6310,12250,16166,16,0,0,layered_block,circular,per_chunk,4,4
6311,12042,16042,16,0,0,layered_block,circular,per_chunk,4,4
6312,12208,16167,16,0,0,layered_block,circular,per_chunk,4,4
6313,12083,15958,16,0,0,layered_block,circular,per_chunk,4,4
6314,12083,16042,16,0,0,layered_block,circular,per_chunk,4,4
6315,19875,23792,16,0,0,layered_block,circular,per_chunk,4,4
6316,12333,16250,16,0,0,layered_block,circular,per_chunk,4,4
6317,12125,16166,16,0,0,layered_block,circular,per_chunk,4,4
6318,12125,16042,16,0,0,layered_block,circular,per_chunk,4,4
6319,12333,16250,16,0,0,layered_block,circular,per_chunk,4,4
6320,12167,16041,16,0,0,layered_block,circular,per_chunk,4,4
6321,12250,16208,16,0,0,layered_block,circular,per_chunk,4,4
6322,12292,16208,16,0,0,layered_block,circular,per_chunk,4,4
6323,12334,16208,16,0,0,layered_block,circular,per_chunk,4,4
6324,12208,16167,16,0,0,layered_block,circular,per_chunk,4,4
6325,12125,16083,16,0,0,layered_block,circular,per_chunk,4,4
6326,12125,16083,16,0,0,layered_block,circular,per_chunk,4,4
6327,12042,16000,16,0,0,layered_block,circular,per_chunk,4,4
6328,12125,16041,16,0,0,layered_block,circular,per_chunk,4,4
6329,12292,16250,16,0,0,layered_block,circular,per_chunk,4,4
6330,12125,16000,16,0,0,layered_block,circular,per_chunk,4,4
6331,12250,16083,16,0,0,layered_block,circular,per_chunk,4,4
6332,19208,23167,16,0,0,layered_block,circular,per_chunk,4,4
6333,12125,16083,16,0,0,layered_block,circular,per_chunk,4,4
6334,12042,16000,16,0,0,layered_block,circular,per_chunk,4,4
6335,12459,16458,16,0,0,layered_block,circular,per_chunk,4,4
6336,12042,16000,16,0,0,layered_block,circular,per_chunk,4,4
6337,12083,16000,16,0,0,layered_block,circular,per_chunk,4,4
6338,12292,16208,16,0,0,layered_block,circular,per_chunk,4,4
6339,12125,16042,16,0,0,layered_block,circular,per_chunk,4,4
6340,12333,16250,16,0,0,layered_block,circular,per_chunk,4,4
6341,12167,16125,16,0,0,layered_block,circular,per_chunk,4,4
6342,12208,16042,16,0,0,layered_block,circular,per_chunk,4,4
6343,12209,16083,16,0,0,layered_block,circular,per_chunk,4,4
6344,12208,16084,16,0,0,layered_block,circular,per_chunk,4,4
6345,12708,16542,16,0,0,layered_block,circular,per_chunk,4,4
6346,12292,16208,16,0,0,layered_block,circular,per_chunk,4,4
6347,12125,16083,16,0,0,layered_block,circular,per_chunk,4,4
6348,12125,16042,16,0,0,layered_block,circular,per_chunk,4,4
6349,12042,15917,16,0,0,layered_block,circular,per_chunk,4,4
6350,12125,16083,16,0,0,layered_block,circular,per_chunk,4,4
6351,12042,16000,16,0,0,layered_block,circular,per_chunk,4,4
6352,12625,16500,16,0,0,layered_block,circular,per_chunk,4,4
6353,12333,16208,16,0,0,layered_block,circular,per_chunk,4,4
6354,12334,16291,16,0,0,layered_block,circular,per_chunk,4,4
6355,12125,15917,16,0,0,layered_block,circular,per_chunk,4,4
6356,12333,16208,16,0,0,layered_block,circular,per_chunk,4,4
6357,12083,15958,16,0,0,layered_block,circular,per_chunk,4,4
6358,12291,16083,16,0,0,layered_block,circular,per_chunk,4,4
6359,12291,16250,16,0,0,layered_block,circular,per_chunk,4,4
6360,12458,16333,16,0,0,layered_block,circular,per_chunk,4,4
6361,12167,16083,16,0,0,layered_block,circular,per_chunk,4,4
6362,12167,16042,16,0,0,layered_block,circular,per_chunk,4,4
6363,11875,16000,16,0,0,layered_block,circular,per_chunk,4,4
6364,12125,16042,16,0,0,layered_block,circular,per_chunk,4,4
6365,12208,16083,16,0,0,layered_block,circular,per_chunk,4,4
6366,12041,16000,16,0,0,layered_block,circular,per_chunk,4,4
6367,12208,16042,16,0,0,layered_block,circular,per_chunk,4,4
6368,12125,16000,16,0,0,layered_block,circular,per_chunk,4,4
6369,12083,16000,16,0,0,layered_block,circular,per_chunk,4,4
6370,12250,16208,16,0,0,layered_block,circular,per_chunk,4,4
6371,12208,16125,16,0,0,layered_block,circular,per_chunk,4,4
6372,12125,16083,16,0,0,layered_block,circular,per_chunk,4,4
6373,12041,16167,16,0,0,layered_block,circular,per_chunk,4,4
6374,12417,16875,16,0,0,layered_block,circular,per_chunk,4,4
6375,12125,16000,16,0,0,layered_block,circular,per_chunk,4,4
6376,12042,15958,16,0,0,layered_block,circular,per_chunk,4,4
6377,12042,23125,16,0,0,layered_block,circular,per_chunk,4,4
6378,12375,16292,16,0,0,layered_block,circular,per_chunk,4,4
6379,12167,16042,16,0,0,layered_block,circular,per_chunk,4,4
6380,12375,16334,16,0,0,layered_block,circular,per_chunk,4,4
6381,12084,16000,16,0,0,layered_block,circular,per_chunk,4,4
6382,12125,16083,16,0,0,layered_block,circular,per_chunk,4,4
6383,12208,16125,16,0,0,layered_block,circular,per_chunk,4,4
6384,12083,15959,16,0,0,layered_block,circular,per_chunk,4,4
6385,12167,16125,16,0,0,layered_block,circular,per_chunk,4,4
6386,12208,16083,16,0,0,layered_block,circular,per_chunk,4,4
6387,12000,22959,16,0,0,layered_block,circular,per_chunk,4,4
6388,12084,16000,16,0,0,layered_block,circular,per_chunk,4,4
6389,11833,16000,16,0,0,layered_block,circular,per_chunk,4,4
6390,12083,16000,16,0,0,layered_block,circular,per_chunk,4,4
6391,12166,16083,16,0,0,layered_block,circular,per_chunk,4,4
6392,11917,16083,16,0,0,layered_block,circular,per_chunk,4,4
6393,12125,16042,16,0,0,layered_block,circular,per_chunk,4,4
6394,12125,16000,16,0,0,layered_block,circular,per_chunk,4,4
6395,12125,16041,16,0,0,layered_block,circular,per_chunk,4,4
6396,12250,16083,16,0,0,layered_block,circular,per_chunk,4,4
6397,12166,16000,16,0,0,layered_block,circular,per_chunk,4,4
6398,12250,16208,16,0,0,layered_block,circular,per_chunk,4,4
6399,12334,16166,16,0,0,layered_block,circular,per_chunk,4,4
6400,12417,21708,16,0,0,layered_block,circular,per_chunk,4,4
6401,12167,16084,16,0,0,layered_block,circular,per_chunk,4,4
6402,12250,16125,16,0,0,layered_block,circular,per_chunk,4,4
6403,12083,16000,16,0,0,layered_block,circular,per_chunk,4,4
6404,12167,16041,16,0,0,layered_block,circular,per_chunk,4,4
6405,11875,16000,16,0,0,layered_block,circular,per_chunk,4,4
6406,12125,16042,16,0,0,layered_block,circular,per_chunk,4,4
6407,12084,15958,16,0,0,layered_block,circular,per_chunk,4,4
6408,12375,16250,16,0,0,layered_block,circular,per_chunk,4,4
6409,12792,16625,16,0,0,layered_block,circular,per_chunk,4,4
6410,12167,16000,16,0,0,layered_block,circular,per_chunk,4,4
6411,12083,16000,16,0,0,layered_block,circular,per_chunk,4,4
6412,12375,16250,16,0,0,layered_block,circular,per_chunk,4,4
6413,12000,15958,16,0,0,layered_block,circular,per_chunk,4,4
6414,12292,16125,16,0,0,layered_block,circular,per_chunk,4,4
6415,12375,16250,16,0,0,layered_block,circular,per_chunk,4,4
6416,12166,16125,16,0,0,layered_block,circular,per_chunk,4,4
6417,12084,16000,16,0,0,layered_block,circular,per_chunk,4,4
6418,12125,16042,16,0,0,layered_block,circular,per_chunk,4,4
6419,12250,16125,16,0,0,layered_block,circular,per_chunk,4,4
6420,12125,15958,16,0,0,layered_block,circular,per_chunk,4,4
6421,12250,16208,16,0,0,layered_block,circular,per_chunk,4,4
6422,12042,15917,16,0,0,layered_block,circular,per_chunk,4,4
6423,12083,15959,16,0,0,layered_block,circular,per_chunk,4,4
6424,12083,16042,16,0,0,layered_block,circular,per_chunk,4,4
6425,12125,16000,16,0,0,layered_block,circular,per_chunk,4,4
6426,20208,24000,16,0,0,layered_block,circular,per_chunk,4,4
6427,12291,16208,16,0,0,layered_block,circular,per_chunk,4,4
6428,12042,15958,16,0,0,layered_block,circular,per_chunk,4,4
6429,12084,15917,16,0,0,layered_block,circular,per_chunk,4,4
6430,12042,16000,16,0,0,layered_block,circular,per_chunk,4,4
6431,11958,15875,16,0,0,layered_block,circular,per_chunk,4,4
6432,12042,15958,16,0,0,layered_block,circular,per_chunk,4,4
6433,12125,15916,16,0,0,layered_block,circular,per_chunk,4,4
6434,12250,16125,16,0,0,layered_block,circular,per_chunk,4,4
6435,12500,22792,16,0,0,layered_block,circular,per_chunk,4,4
6436,12000,15875,16,0,0,layered_block,circular,per_chunk,4,4
6437,12250,16167,16,0,0,layered_block,circular,per_chunk,4,4
6438,12458,16334,16,0,0,layered_block,circular,per_chunk,4,4
6439,12333,16167,16,0,0,layered_block,circular,per_chunk,4,4
6440,12208,16125,16,0,0,layered_block,circular,per_chunk,4,4
6441,12667,16917,16,0,0,layered_block,circular,per_chunk,4,4
6442,12041,15958,16,0,0,layered_block,circular,per_chunk,4,4
6443,11792,15917,16,0,0,layered_block,circular,per_chunk,4,4
6444,12083,15958,16,0,0,layered_block,circular,per_chunk,4,4
6445,12083,15875,16,0,0,layered_block,circular,per_chunk,4,4
6446,12125,16000,16,0,0,layered_block,circular,per_chunk,4,4
6447,12250,16083,16,0,0,layered_block,circular,per_chunk,4,4
6448,12083,15917,16,0,0,layered_block,circular,per_chunk,4,4
6449,12000,15917,16,0,0,layered_block,circular,per_chunk,4,4
6450,12000,15917,16,0,0,layered_block,circular,per_chunk,4,4
6451,12042,15917,16,0,0,layered_block,circular,per_chunk,4,4
6452,12208,16042,16,0,0,layered_block,circular,per_chunk,4,4
6453,12167,16042,16,0,0,layered_block,circular,per_chunk,4,4
6454,12125,15958,16,0,0,layered_block,circular,per_chunk,4,4
6455,12083,15958,16,0,0,layered_block,circular,per_chunk,4,4
6456,12041,15916,16,0,0,layered_block,circular,per_chunk,4,4
6457,12083,15958,16,0,0,layered_block,circular,per_chunk,4,4
6458,12125,16041,16,0,0,layered_block,circular,per_chunk,4,4
6459,12250,16083,16,0,0,layered_block,circular,per_chunk,4,4
6460,12125,15958,16,0,0,layered_block,circular,per_chunk,4,4
6461,12125,16084,16,0,0,layered_block,circular,per_chunk,4,4
6462,12000,15958,16,0,0,layered_block,circular,per_chunk,4,4
6463,12500,16333,16,0,0,layered_block,circular,per_chunk,4,4
6464,12250,16125,16,0,0,layered_block,circular,per_chunk,4,4
6465,11959,15958,16,0,0,layered_block,circular,per_chunk,4,4
6466,19250,23250,16,0,0,layered_block,circular,per_chunk,4,4
6467,12167,16000,16,0,0,layered_block,circular,per_chunk,4,4
6468,12042,15958,16,0,0,layered_block,circular,per_chunk,4,4
6469,12042,15917,16,0,0,layered_block,circular,per_chunk,4,4
6470,12083,15959,16,0,0,layered_block,circular,per_chunk,4,4
6471,12208,15958,16,0,0,layered_block,circular,per_chunk,4,4
6472,12833,17042,16,0,0,layered_block,circular,per_chunk,4,4
6473,12084,15959,16,0,0,layered_block,circular,per_chunk,4,4
6474,11875,15958,16,0,0,layered_block,circular,per_chunk,4,4
6475,12084,15959,16,0,0,layered_block,circular,per_chunk,4,4
6476,12333,16167,16,0,0,layered_block,circular,per_chunk,4,4
6477,12041,16000,16,0,0,layered_block,circular,per_chunk,4,4
6478,20417,24333,16,0,0,layered_block,circular,per_chunk,4,4
6479,12083,16000,16,0,0,layered_block,circular,per_chunk,4,4
6480,11917,15959,16,0,0,layered_block,circular,per_chunk,4,4
6481,12250,16166,16,0,0,layered_block,circular,per_chunk,4,4
6482,12417,16208,16,0,0,layered_block,circular,per_chunk,4,4
6483,12042,15959,16,0,0,layered_block,circular,per_chunk,4,4
6484,12083,15916,16,0,0,layered_block,circular,per_chunk,4,4
6485,12167,15958,16,0,0,layered_block,circular,per_chunk,4,4
6486,12125,16000,16,0,0,layered_block,circular,per_chunk,4,4
6487,12083,16000,16,0,0,layered_block,circular,per_chunk,4,4
6488,12209,16041,16,0,0,layered_block,circular,per_chunk,4,4
6489,12250,16125,16,0,0,layered_block,circular,per_chunk,4,4
6490,12166,15916,16,0,0,layered_block,circular,per_chunk,4,4
6491,12167,16041,16,0,0,layered_block,circular,per_chunk,4,4
6492,12167,15959,16,0,0,layered_block,circular,per_chunk,4,4
6493,12208,16125,16,0,0,layered_block,circular,per_chunk,4,4
6494,12042,15917,16,0,0,layered_block,circular,per_chunk,4,4
6495,12083,16042,16,0,0,layered_block,circular,per_chunk,4,4
6496,12208,16000,16,0,0,layered_block,circular,per_chunk,4,4
6497,12084,15959,16,0,0,layered_block,circular,per_chunk,4,4
6498,12042,15958,16,0,0,layered_block,circular,per_chunk,4,4
6499,12125,16000,16,0,0,layered_block,circular,per_chunk,4,4
6500,12125,15958,16,0,0,layered_block,circular,per_chunk,4,4
6501,12167,16000,16,0,0,layered_block,circular,per_chunk,4,4
6502,12250,16166,16,0,0,layered_block,circular,per_chunk,4,4
6503,12208,16125,16,0,0,layered_block,circular,per_chunk,4,4
6504,12208,16042,16,0,0,layered_block,circular,per_chunk,4,4
6505,12208,16084,16,0,0,layered_block,circular,per_chunk,4,4
6506,12041,15917,16,0,0,layered_block,circular,per_chunk,4,4
6507,12042,15959,16,0,0,layered_block,circular,per_chunk,4,4
6508,12042,15917,16,0,0,layered_block,circular,per_chunk,4,4
6509,12125,16000,16,0,0,layered_block,circular,per_chunk,4,4
6510,12125,16042,16,0,0,layered_block,circular,per_chunk,4,4
6511,12084,15916,16,0,0,layered_block,circular,per_chunk,4,4
6512,12083,15917,16,0,0,layered_block,circular,per_chunk,4,4
6513,12167,16042,16,0,0,layered_block,circular,per_chunk,4,4
6514,12042,15958,16,0,0,layered_block,circular,per_chunk,4,4
6515,12125,16000,16,0,0,layered_block,circular,per_chunk,4,4
6516,12208,16083,16,0,0,layered_block,circular,per_chunk,4,4
6517,12125,15959,16,0,0,layered_block,circular,per_chunk,4,4
6518,12208,16000,16,0,0,layered_block,circular,per_chunk,4,4
6519,12083,15958,16,0,0,layered_block,circular,per_chunk,4,4
6520,12208,16125,16,0,0,layered_block,circular,per_chunk,4,4
6521,12166,16000,16,0,0,layered_block,circular,per_chunk,4,4
6522,12250,16125,16,0,0,layered_block,circular,per_chunk,4,4
6523,12167,15958,16,0,0,layered_block,circular,per_chunk,4,4
6524,12208,16042,16,0,0,layered_block,circular,per_chunk,4,4
6525,12042,15958,16,0,0,layered_block,circular,per_chunk,4,4
6526,12042,15917,16,0,0,layered_block,circular,per_chunk,4,4
6527,12125,16042,16,0,0,layered_block,circular,per_chunk,4,4
6528,12042,15958,16,0,0,layered_block,circular,per_chunk,4,4
6529,12042,15959,16,0,0,layered_block,circular,per_chunk,4,4
6530,12084,15958,16,0,0,layered_block,circular,per_chunk,4,4
6531,12084,15958,16,0,0,layered_block,circular,per_chunk,4,4
6532,12042,15916,16,0,0,layered_block,circular,per_chunk,4,4
6533,12125,15958,16,0,0,layered_block,circular,per_chunk,4,4
6534,12083,15958,16,0,0,layered_block,circular,per_chunk,4,4
6535,12083,15958,16,0,0,layered_block,circular,per_chunk,4,4
6536,12167,16084,16,0,0,layered_block,circular,per_chunk,4,4
6537,12125,15958,16,0,0,layered_block,circular,per_chunk,4,4
6538,12125,16042,16,0,0,layered_block,circular,per_chunk,4,4
6539,12125,15958,16,0,0,layered_block,circular,per_chunk,4,4
6540,12084,15959,16,0,0,layered_block,circular,per_chunk,4,4
6541,12125,16042,16,0,0,layered_block,circular,per_chunk,4,4
6542,12084,15959,16,0,0,layered_block,circular,per_chunk,4,4
6543,12209,16166,16,0,0,layered_block,circular,per_chunk,4,4
6544,12083,15958,16,0,0,layered_block,circular,per_chunk,4,4
6545,12083,15959,16,0,0,layered_block,circular,per_chunk,4,4
6546,12084,15917,16,0,0,layered_block,circular,per_chunk,4,4
6547,12000,15917,16,0,0,layered_block,circular,per_chunk,4,4
6548,12333,16292,16,0,0,layered_block,circular,per_chunk,4,4
6549,12083,15959,16,0,0,layered_block,circular,per_chunk,4,4
6550,12125,15916,16,0,0,layered_block,circular,per_chunk,4,4
6551,12083,15958,16,0,0,layered_block,circular,per_chunk,4,4
6552,12208,16042,16,0,0,layered_block,circular,per_chunk,4,4
6553,12042,15959,16,0,0,layered_block,circular,per_chunk,4,4
6554,12167,16042,16,0,0,layered_block,circular,per_chunk,4,4
6555,12000,15959,16,0,0,layered_block,circular,per_chunk,4,4
6556,12125,15958,16,0,0,layered_block,circular,per_chunk,4,4
6557,12208,16041,16,0,0,layered_block,circular,per_chunk,4,4
6558,12209,16000,16,0,0,layered_block,circular,per_chunk,4,4
6559,12000,15959,16,0,0,layered_block,circular,per_chunk,4,4
6560,12084,15916,16,0,0,layered_block,circular,per_chunk,4,4
6561,12000,15958,16,0,0,layered_block,circular,per_chunk,4,4
6562,12166,15916,16,0,0,layered_block,circular,per_chunk,4,4
6563,12042,16000,16,0,0,layered_block,circular,per_chunk,4,4
6564,12125,16000,16,0,0,layered_block,circular,per_chunk,4,4
6565,12125,16042,16,0,0,layered_block,circular,per_chunk,4,4
6566,12208,16000,16,0,0,layered_block,circular,per_chunk,4,4
6567,12167,16083,16,0,0,layered_block,circular,per_chunk,4,4
6568,12042,15958,16,0,0,layered_block,circular,per_chunk,4,4
6569,12084,15958,16,0,0,layered_block,circular,per_chunk,4,4
6570,12375,16250,16,0,0,layered_block,circular,per_chunk,4,4
6571,12458,16250,16,0,0,layered_block,circular,per_chunk,4,4
6572,12125,15958,16,0,0,layered_block,circular,per_chunk,4,4
6573,12083,16000,16,0,0,layered_block,circular,per_chunk,4,4
6574,12083,15958,16,0,0,layered_block,circular,per_chunk,4,4
6575,12500,16458,16,0,0,layered_block,circular,per_chunk,4,4
6576,12000,15875,16,0,0,layered_block,circular,per_chunk,4,4
6577,12084,16000,16,0,0,layered_block,circular,per_chunk,4,4
6578,18166,22250,16,0,0,layered_block,circular,per_chunk,4,4
6579,12084,15959,16,0,0,layered_block,circular,per_chunk,4,4
6580,12125,16042,16,0,0,layered_block,circular,per_chunk,4,4
6581,12166,15958,16,0,0,layered_block,circular,per_chunk,4,4
6582,12250,16083,16,0,0,layered_block,circular,per_chunk,4,4
6583,12042,15958,16,0,0,layered_block,circular,per_chunk,4,4
6584,12083,16042,16,0,0,layered_block,circular,per_chunk,4,4
6585,12083,15958,16,0,0,layered_block,circular,per_chunk,4,4
6586,12375,16167,16,0,0,layered_block,circular,per_chunk,4,4
6587,12292,16166,16,0,0,layered_block,circular,per_chunk,4,4
6588,12084,16000,16,0,0,layered_block,circular,per_chunk,4,4
6589,12167,16000,16,0,0,layered_block,circular,per_chunk,4,4
6590,12500,16541,16,0,0,layered_block,circular,per_chunk,4,4
6591,12292,16166,16,0,0,layered_block,circular,per_chunk,4,4
6592,12125,16041,16,0,0,layered_block,circular,per_chunk,4,4
6593,12083,15917,16,0,0,layered_block,circular,per_chunk,4,4
6594,12041,15958,16,0,0,layered_block,circular,per_chunk,4,4
6595,12208,16042,16,0,0,layered_block,circular,per_chunk,4,4
6596,12083,15958,16,0,0,layered_block,circular,per_chunk,4,4
6597,12000,15959,16,0,0,layered_block,circular,per_chunk,4,4
6598,12209,16042,16,0,0,layered_block,circular,per_chunk,4,4
6599,12084,16000,16,0,0,layered_block,circular,per_chunk,4,4
6600,12042,15958,16,0,0,layered_block,circular,per_chunk,4,4
6601,12042,15875,16,0,0,layered_block,circular,per_chunk,4,4
6602,12125,16000,16,0,0,layered_block,circular,per_chunk,4,4
6603,12042,15959,16,0,0,layered_block,circular,per_chunk,4,4
6604,12375,16125,16,0,0,layered_block,circular,per_chunk,4,4
6605,12083,15958,16,0,0,layered_block,circular,per_chunk,4,4
6606,12000,15958,16,0,0,layered_block,circular,per_chunk,4,4
6607,12250,16041,16,0,0,layered_block,circular,per_chunk,4,4
6608,12125,15959,16,0,0,layered_block,circular,per_chunk,4,4
6609,12000,15916,16,0,0,layered_block,circular,per_chunk,4,4
6610,12084,15958,16,0,0,layered_block,circular,per_chunk,4,4
6611,12292,16209,16,0,0,layered_block,circular,per_chunk,4,4
6612,19500,23417,16,0,0,layered_block,circular,per_chunk,4,4
6613,12083,15958,16,0,0,layered_block,circular,per_chunk,4,4
6614,12208,16041,16,0,0,layered_block,circular,per_chunk,4,4
6615,12167,16042,16,0,0,layered_block,circular,per_chunk,4,4
6616,12041,15958,16,0,0,layered_block,circular,per_chunk,4,4
6617,12083,15959,16,0,0,layered_block,circular,per_chunk,4,4
6618,11875,16000,16,0,0,layered_block,circular,per_chunk,4,4
6619,12125,15958,16,0,0,layered_block,circular,per_chunk,4,4
6620,12166,16083,16,0,0,layered_block,circular,per_chunk,4,4
6621,12041,15958,16,0,0,layered_block,circular,per_chunk,4,4
6622,12125,16000,16,0,0,layered_block,circular,per_chunk,4,4
6623,12042,15958,16,0,0,layered_block,circular,per_chunk,4,4
6624,12083,15959,16,0,0,layered_block,circular,per_chunk,4,4
6625,12333,16167,16,0,0,layered_block,circular,per_chunk,4,4
6626,12000,15958,16,0,0,layered_block,circular,per_chunk,4,4
6627,12167,15959,16,0,0,layered_block,circular,per_chunk,4,4
6628,12125,16041,16,0,0,layered_block,circular,per_chunk,4,4
6629,12166,15958,16,0,0,layered_block,circular,per_chunk,4,4
6630,12084,15958,16,0,0,layered_block,circular,per_chunk,4,4
6631,12000,15875,16,0,0,layered_block,circular,per_chunk,4,4
6632,12291,16083,16,0,0,layered_block,circular,per_chunk,4,4
6633,12083,15917,16,0,0,layered_block,circular,per_chunk,4,4
6634,12083,16000,16,0,0,layered_block,circular,per_chunk,4,4
6635,12166,16000,16,0,0,layered_block,circular,per_chunk,4,4
6636,12333,16167,16,0,0,layered_block,circular,per_chunk,4,4
6637,12083,15958,16,0,0,layered_block,circular,per_chunk,4,4
6638,12125,16250,16,0,0,layered_block,circular,per_chunk,4,4
6639,12250,16041,16,0,0,layered_block,circular,per_chunk,4,4
6640,12125,16042,16,0,0,layered_block,circular,per_chunk,4,4
6641,12000,15833,16,0,0,layered_block,circular,per_chunk,4,4
6642,12125,15875,16,0,0,layered_block,circular,per_chunk,4,4
6643,12125,16000,16,0,0,layered_block,circular,per_chunk,4,4
6644,12125,15958,16,0,0,layered_block,circular,per_chunk,4,4
6645,12042,15916,16,0,0,layered_block,circular,per_chunk,4,4
6646,12125,15958,16,0,0,layered_block,circular,per_chunk,4,4
6647,12041,15875,16,0,0,layered_block,circular,per_chunk,4,4
6648,12208,16000,16,0,0,layered_block,circular,per_chunk,4,4
6649,12042,15959,16,0,0,layered_block,circular,per_chunk,4,4
6650,12208,15958,16,0,0,layered_block,circular,per_chunk,4,4
6651,12250,16125,16,0,0,layered_block,circular,per_chunk,4,4
6652,12125,16042,16,0,0,layered_block,circular,per_chunk,4,4
6653,12125,16000,16,0,0,layered_block,circular,per_chunk,4,4
6654,12542,16458,16,0,0,layered_block,circular,per_chunk,4,4
6655,20250,24250,16,0,0,layered_block,circular,per_chunk,4,4
6656,12083,15958,16,0,0,layered_block,circular,per_chunk,4,4
6657,12042,16000,16,0,0,layered_block,circular,per_chunk,4,4
6658,12500,16667,16,0,0,layered_block,circular,per_chunk,4,4
6659,12042,15959,16,0,0,layered_block,circular,per_chunk,4,4
6660,12250,16166,16,0,0,layered_block,circular,per_chunk,4,4
6661,12083,15958,16,0,0,layered_block,circular,per_chunk,4,4
6662,12333,16125,16,0,0,layered_block,circular,per_chunk,4,4
6663,12417,16334,16,0,0,layered_block,circular,per_chunk,4,4
6664,12209,15959,16,0,0,layered_block,circular,per_chunk,4,4
6665,12084,15959,16,0,0,layered_block,circular,per_chunk,4,4
6666,12166,16000,16,0,0,layered_block,circular,per_chunk,4,4
6667,12083,15959,16,0,0,layered_block,circular,per_chunk,4,4
6668,12000,15917,16,0,0,layered_block,circular,per_chunk,4,4
6669,11917,15792,16,0,0,layered_block,circular,per_chunk,4,4
6670,12125,15917,16,0,0,layered_block,circular,per_chunk,4,4
6671,12042,15959,16,0,0,layered_block,circular,per_chunk,4,4
6672,12083,16042,16,0,0,layered_block,circular,per_chunk,4,4
6673,12625,16458,16,0,0,layered_block,circular,per_chunk,4,4
6674,12125,16083,16,0,0,layered_block,circular,per_chunk,4,4
6675,12709,23750,16,0,0,layered_block,circular,per_chunk,4,4
6676,12125,16000,16,0,0,layered_block,circular,per_chunk,4,4
6677,12000,15917,16,0,0,layered_block,circular,per_chunk,4,4
6678,19583,23375,16,0,0,layered_block,circular,per_chunk,4,4
6679,12167,16000,16,0,0,layered_block,circular,per_chunk,4,4
6680,12042,15959,16,0,0,layered_block,circular,per_chunk,4,4
6681,12042,15875,16,0,0,layered_block,circular,per_chunk,4,4
6682,12166,16000,16,0,0,layered_block,circular,per_chunk,4,4
6683,12042,15917,16,0,0,layered_block,circular,per_chunk,4,4
6684,12041,16000,16,0,0,layered_block,circular,per_chunk,4,4
6685,12084,15917,16,0,0,layered_block,circular,per_chunk,4,4
6686,12084,16041,16,0,0,layered_block,circular,per_chunk,4,4
6687,12250,16042,16,0,0,layered_block,circular,per_chunk,4,4
6688,12417,16292,16,0,0,layered_block,circular,per_chunk,4,4
6689,12084,15958,16,0,0,layered_block,circular,per_chunk,4,4
6690,12042,15916,16,0,0,layered_block,circular,per_chunk,4,4
6691,12417,16334,16,0,0,layered_block,circular,per_chunk,4,4
6692,17958,21916,16,0,0,layered_block,circular,per_chunk,4,4
6693,12333,16167,16,0,0,layered_block,circular,per_chunk,4,4
6694,11834,15917,16,0,0,layered_block,circular,per_chunk,4,4
6695,12083,15959,16,0,0,layered_block,circular,per_chunk,4,4
6696,12041,15916,16,0,0,layered_block,circular,per_chunk,4,4
6697,12542,16709,16,0,0,layered_block,circular,per_chunk,4,4
6698,12167,15958,16,0,0,layered_block,circular,per_chunk,4,4
6699,12166,16000,16,0,0,layered_block,circular,per_chunk,4,4
6700,12000,15833,16,0,0,layered_block,circular,per_chunk,4,4
6701,12125,15958,16,0,0,layered_block,circular,per_chunk,4,4
6702,12000,15875,16,0,0,layered_block,circular,per_chunk,4,4
6703,12042,15958,16,0,0,layered_block,circular,per_chunk,4,4
6704,12375,16209,16,0,0,layered_block,circular,per_chunk,4,4
6705,12208,16042,16,0,0,layered_block,circular,per_chunk,4,4
6706,12042,15875,16,0,0,layered_block,circular,per_chunk,4,4
6707,12041,15916,16,0,0,layered_block,circular,per_chunk,4,4
6708,12084,15959,16,0,0,layered_block,circular,per_chunk,4,4
6709,19541,23417,16,0,0,layered_block,circular,per_chunk,4,4
6710,12084,15917,16,0,0,layered_block,circular,per_chunk,4,4
6711,12208,16042,16,0,0,layered_block,circular,per_chunk,4,4
6712,12125,15958,16,0,0,layered_block,circular,per_chunk,4,4
6713,12125,15917,16,0,0,layered_block,circular,per_chunk,4,4
6714,12125,15959,16,0,0,layered_block,circular,per_chunk,4,4
6715,12042,15917,16,0,0,layered_block,circular,per_chunk,4,4
6716,12125,16000,16,0,0,layered_block,circular,per_chunk,4,4
6717,12041,16000,16,0,0,layered_block,circular,per_chunk,4,4
6718,12208,16000,16,0,0,layered_block,circular,per_chunk,4,4
6719,12458,16292,16,0,0,layered_block,circular,per_chunk,4,4
6720,12000,15916,16,0,0,layered_block,circular,per_chunk,4,4
6721,12042,15916,16,0,0,layered_block,circular,per_chunk,4,4
6722,12000,15916,16,0,0,layered_block,circular,per_chunk,4,4
6723,12000,15834,16,0,0,layered_block,circular,per_chunk,4,4
6724,12000,15833,16,0,0,layered_block,circular,per_chunk,4,4
6725,12125,15917,16,0,0,layered_block,circular,per_chunk,4,4
6726,12000,15875,16,0,0,layered_block,circular,per_chunk,4,4
6727,12167,15917,16,0,0,layered_block,circular,per_chunk,4,4
6728,12291,16125,16,0,0,layered_block,circular,per_chunk,4,4
6729,12125,16000,16,0,0,layered_block,circular,per_chunk,4,4
6730,12042,15958,16,0,0,layered_block,circular,per_chunk,4,4
6731,12166,16041,16,0,0,layered_block,circular,per_chunk,4,4
6732,12084,15916,16,0,0,layered_block,circular,per_chunk,4,4
6733,12209,16083,16,0,0,layered_block,circular,per_chunk,4,4
6734,12000,15875,16,0,0,layered_block,circular,per_chunk,4,4
6735,12125,15958,16,0,0,layered_block,circular,per_chunk,4,4
6736,12084,16000,16,0,0,layered_block,circular,per_chunk,4,4
6737,12208,16042,16,0,0,layered_block,circular,per_chunk,4,4
6738,12167,15958,16,0,0,layered_block,circular,per_chunk,4,4
6739,12083,15958,16,0,0,layered_block,circular,per_chunk,4,4
6740,12125,16042,16,0,0,layered_block,circular,per_chunk,4,4
6741,12083,15917,16,0,0,layered_block,circular,per_chunk,4,4
6742,12000,15958,16,0,0,layered_block,circular,per_chunk,4,4
6743,19541,23417,16,0,0,layered_block,circular,per_chunk,4,4
6744,12125,15958,16,0,0,layered_block,circular,per_chunk,4,4
6745,12208,16041,16,0,0,layered_block,circular,per_chunk,4,4
6746,12292,16333,16,0,0,layered_block,circular,per_chunk,4,4
6747,12042,15958,16,0,0,layered_block,circular,per_chunk,4,4
6748,11917,16000,16,0,0,layered_block,circular,per_chunk,4,4
6749,12000,15834,16,0,0,layered_block,circular,per_chunk,4,4
6750,12084,15917,16,0,0,layered_block,circular,per_chunk,4,4
6751,12042,16000,16,0,0,layered_block,circular,per_chunk,4,4
6752,12167,15917,16,0,0,layered_block,circular,per_chunk,4,4
6753,12209,16000,16,0,0,layered_block,circular,per_chunk,4,4
6754,12000,15875,16,0,0,layered_block,circular,per_chunk,4,4
6755,12125,15875,16,0,0,layered_block,circular,per_chunk,4,4
6756,12208,16041,16,0,0,layered_block,circular,per_chunk,4,4
6757,12042,15917,16,0,0,layered_block,circular,per_chunk,4,4
6758,12083,15958,16,0,0,layered_block,circular,per_chunk,4,4
6759,12000,15917,16,0,0,layered_block,circular,per_chunk,4,4
6760,12084,16000,16,0,0,layered_block,circular,per_chunk,4,4
6761,12041,15916,16,0,0,layered_block,circular,per_chunk,4,4
6762,12000,15916,16,0,0,layered_block,circular,per_chunk,4,4
6763,12000,15916,16,0,0,layered_block,circular,per_chunk,4,4
6764,12083,16042,16,0,0,layered_block,circular,per_chunk,4,4
6765,104667,108917,16,0,0,layered_block,circular,per_chunk,4,4
6766,12084,15958,16,0,0,layered_block,circular,per_chunk,4,4
6767,12208,16000,16,0,0,layered_block,circular,per_chunk,4,4
6768,12375,16208,16,0,0,layered_block,circular,per_chunk,4,4
6769,12000,15875,16,0,0,layered_block,circular,per_chunk,4,4
6770,12125,16000,16,0,0,layered_block,circular,per_chunk,4,4
6771,12000,15875,16,0,0,layered_block,circular,per_chunk,4,4
6772,12125,15958,16,0,0,layered_block,circular,per_chunk,4,4
6773,12125,15917,16,0,0,layered_block,circular,per_chunk,4,4
6774,11833,15959,16,0,0,layered_block,circular,per_chunk,4,4
6775,12125,15959,16,0,0,layered_block,circular,per_chunk,4,4
6776,12334,16208,16,0,0,layered_block,circular,per_chunk,4,4
6777,12541,16875,16,0,0,layered_block,circular,per_chunk,4,4
6778,12042,15875,16,0,0,layered_block,circular,per_chunk,4,4
6779,12041,16000,16,0,0,layered_block,circular,per_chunk,4,4
6780,12083,15958,16,0,0,layered_block,circular,per_chunk,4,4
6781,12125,15959,16,0,0,layered_block,circular,per_chunk,4,4
6782,12042,15917,16,0,0,layered_block,circular,per_chunk,4,4
6783,12125,16042,16,0,0,layered_block,circular,per_chunk,4,4
6784,12292,16208,16,0,0,layered_block,circular,per_chunk,4,4
6785,12167,16042,16,0,0,layered_block,circular,per_chunk,4,4
6786,12000,15916,16,0,0,layered_block,circular,per_chunk,4,4
6787,12333,16166,16,0,0,layered_block,circular,per_chunk,4,4
6788,12167,16000,16,0,0,layered_block,circular,per_chunk,4,4
6789,12125,16000,16,0,0,layered_block,circular,per_chunk,4,4
6790,12042,15917,16,0,0,layered_block,circular,per_chunk,4,4
6791,12584,22291,16,0,0,layered_block,circular,per_chunk,4,4
6792,12083,16000,16,0,0,layered_block,circular,per_chunk,4,4
6793,12125,16000,16,0,0,layered_block,circular,per_chunk,4,4
6794,12167,16000,16,0,0,layered_block,circular,per_chunk,4,4
6795,12084,15917,16,0,0,layered_block,circular,per_chunk,4,4
6796,12000,15875,16,0,0,layered_block,circular,per_chunk,4,4
6797,12042,15917,16,0,0,layered_block,circular,per_chunk,4,4
6798,12375,16208,16,0,0,layered_block,circular,per_chunk,4,4
6799,12125,15958,16,0,0,layered_block,circular,per_chunk,4,4
6800,12000,15875,16,0,0,layered_block,circular,per_chunk,4,4
6801,12125,15958,16,0,0,layered_block,circular,per_chunk,4,4
6802,12125,15917,16,0,0,layered_block,circular,per_chunk,4,4
6803,12250,16042,16,0,0,layered_block,circular,per_chunk,4,4
6804,12167,15917,16,0,0,layered_block,circular,per_chunk,4,4
6805,12375,16208,16,0,0,layered_block,circular,per_chunk,4,4
6806,12041,16000,16,0,0,layered_block,circular,per_chunk,4,4
6807,12167,16000,16,0,0,layered_block,circular,per_chunk,4,4
6808,12041,15916,16,0,0,layered_block,circular,per_chunk,4,4
6809,18250,22125,16,0,0,layered_block,circular,per_chunk,4,4
6810,12084,15958,16,0,0,layered_block,circular,per_chunk,4,4
6811,12208,16125,16,0,0,layered_block,circular,per_chunk,4,4
6812,12125,16000,16,0,0,layered_block,circular,per_chunk,4,4
6813,12250,16000,16,0,0,layered_block,circular,per_chunk,4,4
6814,12125,16042,16,0,0,layered_block,circular,per_chunk,4,4
6815,20084,24000,16,0,0,layered_block,circular,per_chunk,4,4
6816,12125,15958,16,0,0,layered_block,circular,per_chunk,4,4
6817,12583,16417,16,0,0,layered_block,circular,per_chunk,4,4
6818,12042,15916,16,0,0,layered_block,circular,per_chunk,4,4
6819,12084,15958,16,0,0,layered_block,circular,per_chunk,4,4
6820,12083,16000,16,0,0,layered_block,circular,per_chunk,4,4
6821,12125,15958,16,0,0,layered_block,circular,per_chunk,4,4
6822,12208,16041,16,0,0,layered_block,circular,per_chunk,4,4
6823,12125,16084,16,0,0,layered_block,circular,per_chunk,4,4
6824,12375,16167,16,0,0,layered_block,circular,per_chunk,4,4
6825,12167,16042,16,0,0,layered_block,circular,per_chunk,4,4
6826,12042,15958,16,0,0,layered_block,circular,per_chunk,4,4
6827,12041,15958,16,0,0,layered_block,circular,per_chunk,4,4
6828,12084,16000,16,0,0,layered_block,circular,per_chunk,4,4
6829,12208,16083,16,0,0,layered_block,circular,per_chunk,4,4
6830,12042,15958,16,0,0,layered_block,circular,per_chunk,4,4
6831,12083,15917,16,0,0,layered_block,circular,per_chunk,4,4
6832,12083,15959,16,0,0,layered_block,circular,per_chunk,4,4
6833,12083,16042,16,0,0,layered_block,circular,per_chunk,4,4
6834,12125,15958,16,0,0,layered_block,circular,per_chunk,4,4
6835,12750,16917,16,0,0,layered_block,circular,per_chunk,4,4
6836,12042,15958,16,0,0,layered_block,circular,per_chunk,4,4
6837,12042,15958,16,0,0,layered_block,circular,per_chunk,4,4
6838,12083,15959,16,0,0,layered_block,circular,per_chunk,4,4
6839,12375,16250,16,0,0,layered_block,circular,per_chunk,4,4
6840,12041,15916,16,0,0,layered_block,circular,per_chunk,4,4
6841,12083,15959,16,0,0,layered_block,circular,per_chunk,4,4
6842,12000,15916,16,0,0,layered_block,circular,per_chunk,4,4
6843,12084,15958,16,0,0,layered_block,circular,per_chunk,4,4
6844,12166,16042,16,0,0,layered_block,circular,per_chunk,4,4
6845,12083,70042,16,0,0,layered_block,circular,per_chunk,4,4
6846,12458,16250,16,0,0,layered_block,circular,per_chunk,4,4
6847,12167,16000,16,0,0,layered_block,circular,per_chunk,4,4
6848,12291,16083,16,0,0,layered_block,circular,per_chunk,4,4
6849,12083,15959,16,0,0,layered_block,circular,per_chunk,4,4
6850,12333,16208,16,0,0,layered_block,circular,per_chunk,4,4
6851,12041,15958,16,0,0,layered_block,circular,per_chunk,4,4
6852,12000,16125,16,0,0,layered_block,circular,per_chunk,4,4
6853,12083,15917,16,0,0,layered_block,circular,per_chunk,4,4
6854,11959,16042,16,0,0,layered_block,circular,per_chunk,4,4
6855,12125,15959,16,0,0,layered_block,circular,per_chunk,4,4
6856,12083,16000,16,0,0,layered_block,circular,per_chunk,4,4
6857,12250,16083,16,0,0,layered_block,circular,per_chunk,4,4
6858,12125,15958,16,0,0,layered_block,circular,per_chunk,4,4
6859,12250,16042,16,0,0,layered_block,circular,per_chunk,4,4
6860,19541,23416,16,0,0,layered_block,circular,per_chunk,4,4
6861,12125,16000,16,0,0,layered_block,circular,per_chunk,4,4
6862,12250,16125,16,0,0,layered_block,circular,per_chunk,4,4
6863,12083,15916,16,0,0,layered_block,circular,per_chunk,4,4
6864,12125,16000,16,0,0,layered_block,circular,per_chunk,4,4
6865,18625,22500,16,0,0,layered_block,circular,per_chunk,4,4
6866,12125,15917,16,0,0,layered_block,circular,per_chunk,4,4
6867,12041,15917,16,0,0,layered_block,circular,per_chunk,4,4
6868,12042,15958,16,0,0,layered_block,circular,per_chunk,4,4
6869,12083,16000,16,0,0,layered_block,circular,per_chunk,4,4
6870,12041,15917,16,0,0,layered_block,circular,per_chunk,4,4
6871,12208,16083,16,0,0,layered_block,circular,per_chunk,4,4
6872,12083,15958,16,0,0,layered_block,circular,per_chunk,4,4
6873,12042,16041,16,0,0,layered_block,circular,per_chunk,4,4
6874,12084,16000,16,0,0,layered_block,circular,per_chunk,4,4
6875,12125,15875,16,0,0,layered_block,circular,per_chunk,4,4
6876,11916,15958,16,0,0,layered_block,circular,per_chunk,4,4
6877,12042,15916,16,0,0,layered_block,circular,per_chunk,4,4
6878,12041,15917,16,0,0,layered_block,circular,per_chunk,4,4
6879,12125,15875,16,0,0,layered_block,circular,per_chunk,4,4
6880,12125,16042,16,0,0,layered_block,circular,per_chunk,4,4
6881,12042,15917,16,0,0,layered_block,circular,per_chunk,4,4
6882,12083,15958,16,0,0,layered_block,circular,per_chunk,4,4
6883,12125,15916,16,0,0,layered_block,circular,per_chunk,4,4
6884,12250,16125,16,0,0,layered_block,circular,per_chunk,4,4
6885,12125,16000,16,0,0,layered_block,circular,per_chunk,4,4
6886,12208,16000,16,0,0,layered_block,circular,per_chunk,4,4
6887,12083,15917,16,0,0,layered_block,circular,per_chunk,4,4
6888,21292,25209,16,0,0,layered_block,circular,per_chunk,4,4
6889,12083,15958,16,0,0,layered_block,circular,per_chunk,4,4
6890,12208,16000,16,0,0,layered_block,circular,per_chunk,4,4
6891,12166,16000,16,0,0,layered_block,circular,per_chunk,4,4
6892,73833,77959,16,0,0,layered_block,circular,per_chunk,4,4
6893,12083,15958,16,0,0,layered_block,circular,per_chunk,4,4
6894,12083,15917,16,0,0,layered_block,circular,per_chunk,4,4
6895,12083,15916,16,0,0,layered_block,circular,per_chunk,4,4
6896,12083,16000,16,0,0,layered_block,circular,per_chunk,4,4
6897,12125,15916,16,0,0,layered_block,circular,per_chunk,4,4
6898,11959,15959,16,0,0,layered_block,circular,per_chunk,4,4
6899,12125,16000,16,0,0,layered_block,circular,per_chunk,4,4
6900,12125,15958,16,0,0,layered_block,circular,per_chunk,4,4
6901,12083,15958,16,0,0,layered_block,circular,per_chunk,4,4
6902,12208,16000,16,0,0,layered_block,circular,per_chunk,4,4
6903,12209,16000,16,0,0,layered_block,circular,per_chunk,4,4
6904,12167,16042,16,0,0,layered_block,circular,per_chunk,4,4
6905,12084,15917,16,0,0,layered_block,circular,per_chunk,4,4
6906,12125,15917,16,0,0,layered_block,circular,per_chunk,4,4
6907,12084,15958,16,0,0,layered_block,circular,per_chunk,4,4
6908,12000,15917,16,0,0,layered_block,circular,per_chunk,4,4
6909,12125,15917,16,0,0,layered_block,circular,per_chunk,4,4
6910,12041,15958,16,0,0,layered_block,circular,per_chunk,4,4
6911,12083,16000,16,0,0,layered_block,circular,per_chunk,4,4
6912,12250,16125,16,0,0,layered_block,circular,per_chunk,4,4
6913,11834,15917,16,0,0,layered_block,circular,per_chunk,4,4
6914,12083,15917,16,0,0,layered_block,circular,per_chunk,4,4
6915,12083,15958,16,0,0,layered_block,circular,per_chunk,4,4
6916,12125,16041,16,0,0,layered_block,circular,per_chunk,4,4
6917,12167,16041,16,0,0,layered_block,circular,per_chunk,4,4
6918,12000,16000,16,0,0,layered_block,circular,per_chunk,4,4
6919,12541,16375,16,0,0,layered_block,circular,per_chunk,4,4
6920,12083,15917,16,0,0,layered_block,circular,per_chunk,4,4
6921,12042,15959,16,0,0,layered_block,circular,per_chunk,4,4
6922,12458,16292,16,0,0,layered_block,circular,per_chunk,4,4
6923,12000,15917,16,0,0,layered_block,circular,per_chunk,4,4
6924,12375,16250,16,0,0,layered_block,circular,per_chunk,4,4
6925,12166,16000,16,0,0,layered_block,circular,per_chunk,4,4
6926,12334,16084,16,0,0,layered_block,circular,per_chunk,4,4
6927,12125,15917,16,0,0,layered_block,circular,per_chunk,4,4
6928,12083,15959,16,0,0,layered_block,circular,per_chunk,4,4
6929,12208,16000,16,0,0,layered_block,circular,per_chunk,4,4
6930,12125,16000,16,0,0,layered_block,circular,per_chunk,4,4
6931,12125,15958,16,0,0,layered_block,circular,per_chunk,4,4
6932,12042,15917,16,0,0,layered_block,circular,per_chunk,4,4
6933,12333,16208,16,0,0,layered_block,circular,per_chunk,4,4
6934,12000,15833,16,0,0,layered_block,circular,per_chunk,4,4
6935,12000,15917,16,0,0,layered_block,circular,per_chunk,4,4
6936,12042,15958,16,0,0,layered_block,circular,per_chunk,4,4
6937,12125,15917,16,0,0,layered_block,circular,per_chunk,4,4
6938,12167,16042,16,0,0,layered_block,circular,per_chunk,4,4
6939,12042,15917,16,0,0,layered_block,circular,per_chunk,4,4
6940,12125,15959,16,0,0,layered_block,circular,per_chunk,4,4
6941,12000,15833,16,0,0,layered_block,circular,per_chunk,4,4
6942,12542,16667,16,0,0,layered_block,circular,per_chunk,4,4
6943,12083,15917,16,0,0,layered_block,circular,per_chunk,4,4
6944,11959,15916,16,0,0,layered_block,circular,per_chunk,4,4
6945,12250,16125,16,0,0,layered_block,circular,per_chunk,4,4
6946,12125,15917,16,0,0,layered_block,circular,per_chunk,4,4
6947,12042,15959,16,0,0,layered_block,circular,per_chunk,4,4
6948,12084,16000,16,0,0,layered_block,circular,per_chunk,4,4
6949,12084,15959,16,0,0,layered_block,circular,per_chunk,4,4
6950,12083,15959,16,0,0,layered_block,circular,per_chunk,4,4
6951,12417,16167,16,0,0,layered_block,circular,per_chunk,4,4
6952,12042,15959,16,0,0,layered_block,circular,per_chunk,4,4
6953,12125,15916,16,0,0,layered_block,circular,per_chunk,4,4
6954,12125,15958,16,0,0,layered_block,circular,per_chunk,4,4
6955,12333,16167,16,0,0,layered_block,circular,per_chunk,4,4
6956,12000,15917,16,0,0,layered_block,circular,per_chunk,4,4
6957,12083,15917,16,0,0,layered_block,circular,per_chunk,4,4
6958,12083,15958,16,0,0,layered_block,circular,per_chunk,4,4
6959,12417,16209,16,0,0,layered_block,circular,per_chunk,4,4
6960,12167,15959,16,0,0,layered_block,circular,per_chunk,4,4
6961,12042,15875,16,0,0,layered_block,circular,per_chunk,4,4
6962,12042,15917,16,0,0,layered_block,circular,per_chunk,4,4
6963,12042,15958,16,0,0,layered_block,circular,per_chunk,4,4
6964,12292,16208,16,0,0,layered_block,circular,per_chunk,4,4
6965,12209,16041,16,0,0,layered_block,circular,per_chunk,4,4
6966,12083,15917,16,0,0,layered_block,circular,per_chunk,4,4
6967,11875,15916,16,0,0,layered_block,circular,per_chunk,4,4
6968,12084,15917,16,0,0,layered_block,circular,per_chunk,4,4
6969,12125,15875,16,0,0,layered_block,circular,per_chunk,4,4
6970,12125,16000,16,0,0,layered_block,circular,per_chunk,4,4
6971,12083,23792,16,0,0,layered_block,circular,per_chunk,4,4
6972,12125,16000,16,0,0,layered_block,circular,per_chunk,4,4
6973,12000,15875,16,0,0,layered_block,circular,per_chunk,4,4
6974,12250,16208,16,0,0,layered_block,circular,per_chunk,4,4
6975,12167,16000,16,0,0,layered_block,circular,per_chunk,4,4
6976,12250,16166,16,0,0,layered_block,circular,per_chunk,4,4
6977,12000,15875,16,0,0,layered_block,circular,per_chunk,4,4
6978,12042,15875,16,0,0,layered_block,circular,per_chunk,4,4
6979,12125,16125,16,0,0,layered_block,circular,per_chunk,4,4
6980,12167,16041,16,0,0,layered_block,circular,per_chunk,4,4
6981,12125,16042,16,0,0,layered_block,circular,per_chunk,4,4
6982,12000,15875,16,0,0,layered_block,circular,per_chunk,4,4
6983,12083,15917,16,0,0,layered_block,circular,per_chunk,4,4
6984,12125,15958,16,0,0,layered_block,circular,per_chunk,4,4
6985,12083,16000,16,0,0,layered_block,circular,per_chunk,4,4
6986,12375,16167,16,0,0,layered_block,circular,per_chunk,4,4
6987,12125,15917,16,0,0,layered_block,circular,per_chunk,4,4
6988,12000,15959,16,0,0,layered_block,circular,per_chunk,4,4
6989,12084,15875,16,0,0,layered_block,circular,per_chunk,4,4
6990,12083,15916,16,0,0,layered_block,circular,per_chunk,4,4
6991,19833,23750,16,0,0,layered_block,circular,per_chunk,4,4
6992,12167,16000,16,0,0,layered_block,circular,per_chunk,4,4
6993,12250,16042,16,0,0,layered_block,circular,per_chunk,4,4
6994,12084,16000,16,0,0,layered_block,circular,per_chunk,4,4
6995,12083,15959,16,0,0,layered_block,circular,per_chunk,4,4
6996,12083,16000,16,0,0,layered_block,circular,per_chunk,4,4
6997,12083,15917,16,0,0,layered_block,circular,per_chunk,4,4
6998,12083,16000,16,0,0,layered_block,circular,per_chunk,4,4
6999,12083,15959,16,0,0,layered_block,circular,per_chunk,4,4
7000,18333,22208,16,0,0,layered_block,circular,per_chunk,4,4
7001,12042,15917,16,0,0,layered_block,circular,per_chunk,4,4
7002,12167,16000,16,0,0,layered_block,circular,per_chunk,4,4
7003,12042,15917,16,0,0,layered_block,circular,per_chunk,4,4
7004,12000,15875,16,0,0,layered_block,circular,per_chunk,4,4
7005,12042,15917,16,0,0,layered_block,circular,per_chunk,4,4
7006,12209,16041,16,0,0,layered_block,circular,per_chunk,4,4
7007,12084,16000,16,0,0,layered_block,circular,per_chunk,4,4
7008,12084,15959,16,0,0,layered_block,circular,per_chunk,4,4
7009,12292,16167,16,0,0,layered_block,circular,per_chunk,4,4
7010,12125,16000,16,0,0,layered_block,circular,per_chunk,4,4
7011,12208,16042,16,0,0,layered_block,circular,per_chunk,4,4
7012,12125,16000,16,0,0,layered_block,circular,per_chunk,4,4
7013,12083,15958,16,0,0,layered_block,circular,per_chunk,4,4
7014,12166,16000,16,0,0,layered_block,circular,per_chunk,4,4
7015,12167,15917,16,0,0,layered_block,circular,per_chunk,4,4
7016,12042,15917,16,0,0,layered_block,circular,per_chunk,4,4
7017,12000,15916,16,0,0,layered_block,circular,per_chunk,4,4
7018,12208,16042,16,0,0,layered_block,circular,per_chunk,4,4
7019,11875,15875,16,0,0,layered_block,circular,per_chunk,4,4
7020,12125,16000,16,0,0,layered_block,circular,per_chunk,4,4
7021,12084,15917,16,0,0,layered_block,circular,per_chunk,4,4
7022,12375,16250,16,0,0,layered_block,circular,per_chunk,4,4
7023,12000,15833,16,0,0,layered_block,circular,per_chunk,4,4
7024,12042,15959,16,0,0,layered_block,circular,per_chunk,4,4
7025,12125,15959,16,0,0,layered_block,circular,per_chunk,4,4
7026,12125,16000,16,0,0,layered_block,circular,per_chunk,4,4
7027,12083,15917,16,0,0,layered_block,circular,per_chunk,4,4
7028,12167,16000,16,0,0,layered_block,circular,per_chunk,4,4
7029,12042,15916,16,0,0,layered_block,circular,per_chunk,4,4
7030,12042,15958,16,0,0,layered_block,circular,per_chunk,4,4
7031,12166,16000,16,0,0,layered_block,circular,per_chunk,4,4
7032,12167,16000,16,0,0,layered_block,circular,per_chunk,4,4
7033,12000,16041,16,0,0,layered_block,circular,per_chunk,4,4
7034,12000,15875,16,0,0,layered_block,circular,per_chunk,4,4
7035,12167,16000,16,0,0,layered_block,circular,per_chunk,4,4
7036,12000,15958,16,0,0,layered_block,circular,per_chunk,4,4
7037,12000,15917,16,0,0,layered_block,circular,per_chunk,4,4
7038,12042,15959,16,0,0,layered_block,circular,per_chunk,4,4
7039,12416,16166,16,0,0,layered_block,circular,per_chunk,4,4
7040,12083,16042,16,0,0,layered_block,circular,per_chunk,4,4
7041,12166,15916,16,0,0,layered_block,circular,per_chunk,4,4
7042,12083,15917,16,0,0,layered_block,circular,per_chunk,4,4
7043,12083,15958,16,0,0,layered_block,circular,per_chunk,4,4
7044,12208,15958,16,0,0,layered_block,circular,per_chunk,4,4
7045,12042,15958,16,0,0,layered_block,circular,per_chunk,4,4
7046,20333,24292,16,0,0,layered_block,circular,per_chunk,4,4
7047,12083,15917,16,0,0,layered_block,circular,per_chunk,4,4
7048,12083,15958,16,0,0,layered_block,circular,per_chunk,4,4
7049,12083,15916,16,0,0,layered_block,circular,per_chunk,4,4
7050,12000,15875,16,0,0,layered_block,circular,per_chunk,4,4
7051,12208,16000,16,0,0,layered_block,circular,per_chunk,4,4
7052,12084,15917,16,0,0,layered_block,circular,per_chunk,4,4
7053,12000,15916,16,0,0,layered_block,circular,per_chunk,4,4
7054,12208,16042,16,0,0,layered_block,circular,per_chunk,4,4
7055,12166,15958,16,0,0,layered_block,circular,per_chunk,4,4
7056,12375,16250,16,0,0,layered_block,circular,per_chunk,4,4
7057,20333,24250,16,0,0,layered_block,circular,per_chunk,4,4
7058,12041,15833,16,0,0,layered_block,circular,per_chunk,4,4
7059,12250,16042,16,0,0,layered_block,circular,per_chunk,4,4
7060,12125,16000,16,0,0,layered_block,circular,per_chunk,4,4
7061,12167,16000,16,0,0,layered_block,circular,per_chunk,4,4
7062,12000,15917,16,0,0,layered_block,circular,per_chunk,4,4
7063,12125,15959,16,0,0,layered_block,circular,per_chunk,4,4
7064,12042,15959,16,0,0,layered_block,circular,per_chunk,4,4
7065,12083,15959,16,0,0,layered_block,circular,per_chunk,4,4
7066,12041,15958,16,0,0,layered_block,circular,per_chunk,4,4
7067,12125,16000,16,0,0,layered_block,circular,per_chunk,4,4
7068,12250,16083,16,0,0,layered_block,circular,per_chunk,4,4
7069,12083,16000,16,0,0,layered_block,circular,per_chunk,4,4
7070,12083,15959,16,0,0,layered_block,circular,per_chunk,4,4
7071,12250,16084,16,0,0,layered_block,circular,per_chunk,4,4
7072,12125,15958,16,0,0,layered_block,circular,per_chunk,4,4
7073,12084,15959,16,0,0,layered_block,circular,per_chunk,4,4
7074,12292,16208,16,0,0,layered_block,circular,per_chunk,4,4
7075,12084,15916,16,0,0,layered_block,circular,per_chunk,4,4
7076,12083,16000,16,0,0,layered_block,circular,per_chunk,4,4
7077,12041,15875,16,0,0,layered_block,circular,per_chunk,4,4
7078,12083,15917,16,0,0,layered_block,circular,per_chunk,4,4
7079,14250,18333,16,0,0,layered_block,circular,per_chunk,4,4
7080,12167,16125,16,0,0,layered_block,circular,per_chunk,4,4
7081,12042,15917,16,0,0,layered_block,circular,per_chunk,4,4
7082,12083,16042,16,0,0,layered_block,circular,per_chunk,4,4
7083,12041,15917,16,0,0,layered_block,circular,per_chunk,4,4
7084,12084,15958,16,0,0,layered_block,circular,per_chunk,4,4
7085,12167,15958,16,0,0,layered_block,circular,per_chunk,4,4
7086,12042,15875,16,0,0,layered_block,circular,per_chunk,4,4
7087,12084,15917,16,0,0,layered_block,circular,per_chunk,4,4
7088,12042,15958,16,0,0,layered_block,circular,per_chunk,4,4
7089,12125,15917,16,0,0,layered_block,circular,per_chunk,4,4
7090,12125,16000,16,0,0,layered_block,circular,per_chunk,4,4
7091,12541,16750,16,0,0,layered_block,circular,per_chunk,4,4
7092,12083,15916,16,0,0,layered_block,circular,per_chunk,4,4
7093,12334,16166,16,0,0,layered_block,circular,per_chunk,4,4
7094,12083,22208,16,0,0,layered_block,circular,per_chunk,4,4
7095,12041,15917,16,0,0,layered_block,circular,per_chunk,4,4
7096,11833,15917,16,0,0,layered_block,circular,per_chunk,4,4
7097,12000,15875,16,0,0,layered_block,circular,per_chunk,4,4
7098,12208,16000,16,0,0,layered_block,circular,per_chunk,4,4
7099,12750,23166,16,0,0,layered_block,circular,per_chunk,4,4
7100,12084,15959,16,0,0,layered_block,circular,per_chunk,4,4
7101,12083,15917,16,0,0,layered_block,circular,per_chunk,4,4
7102,12041,15958,16,0,0,layered_block,circular,per_chunk,4,4
7103,12542,16334,16,0,0,layered_block,circular,per_chunk,4,4
7104,12041,15958,16,0,0,layered_block,circular,per_chunk,4,4
7105,12625,16792,16,0,0,layered_block,circular,per_chunk,4,4
7106,12250,16041,16,0,0,layered_block,circular,per_chunk,4,4
7107,12084,15917,16,0,0,layered_block,circular,per_chunk,4,4
7108,12167,16041,16,0,0,layered_block,circular,per_chunk,4,4
7109,12334,16208,16,0,0,layered_block,circular,per_chunk,4,4
7110,12042,15875,16,0,0,layered_block,circular,per_chunk,4,4
7111,12042,15958,16,0,0,layered_block,circular,per_chunk,4,4
7112,12125,16000,16,0,0,layered_block,circular,per_chunk,4,4
7113,12208,16084,16,0,0,layered_block,circular,per_chunk,4,4
7114,12125,16000,16,0,0,layered_block,circular,per_chunk,4,4
7115,12125,16042,16,0,0,layered_block,circular,per_chunk,4,4
7116,12084,16042,16,0,0,layered_block,circular,per_chunk,4,4
7117,12208,16042,16,0,0,layered_block,circular,per_chunk,4,4
7118,12083,16042,16,0,0,layered_block,circular,per_chunk,4,4
7119,12041,16042,16,0,0,layered_block,circular,per_chunk,4,4
7120,12208,16042,16,0,0,layered_block,circular,per_chunk,4,4
7121,12042,16041,16,0,0,layered_block,circular,per_chunk,4,4
7122,19292,23209,16,0,0,layered_block,circular,per_chunk,4,4
7123,12416,16250,16,0,0,layered_block,circular,per_chunk,4,4
7124,12209,16125,16,0,0,layered_block,circular,per_chunk,4,4
7125,12167,16083,16,0,0,layered_block,circular,per_chunk,4,4
7126,12291,16167,16,0,0,layered_block,circular,per_chunk,4,4
7127,12209,16083,16,0,0,layered_block,circular,per_chunk,4,4
7128,12000,16000,16,0,0,layered_block,circular,per_chunk,4,4
7129,12208,16000,16,0,0,layered_block,circular,per_chunk,4,4
7130,12084,15958,16,0,0,layered_block,circular,per_chunk,4,4
7131,20833,24833,16,0,0,layered_block,circular,per_chunk,4,4
7132,12167,16084,16,0,0,layered_block,circular,per_chunk,4,4
7133,12083,16000,16,0,0,layered_block,circular,per_chunk,4,4
7134,12084,16083,16,0,0,layered_block,circular,per_chunk,4,4
7135,12208,16042,16,0,0,layered_block,circular,per_chunk,4,4
7136,12041,16000,16,0,0,layered_block,circular,per_chunk,4,4
7137,12083,16000,16,0,0,layered_block,circular,per_chunk,4,4
7138,12125,15916,16,0,0,layered_block,circular,per_chunk,4,4
7139,13209,17041,16,0,0,layered_block,circular,per_chunk,4,4
7140,12166,16083,16,0,0,layered_block,circular,per_chunk,4,4
7141,12584,16375,16,0,0,layered_block,circular,per_chunk,4,4
7142,12209,16125,16,0,0,layered_block,circular,per_chunk,4,4
7143,12083,16042,16,0,0,layered_block,circular,per_chunk,4,4
7144,12083,15959,16,0,0,layered_block,circular,per_chunk,4,4
7145,12083,16083,16,0,0,layered_block,circular,per_chunk,4,4
7146,12125,16042,16,0,0,layered_block,circular,per_chunk,4,4
7147,12084,16000,16,0,0,layered_block,circular,per_chunk,4,4
7148,12125,16083,16,0,0,layered_block,circular,per_chunk,4,4
7149,12250,16208,16,0,0,layered_block,circular,per_chunk,4,4
7150,12000,15875,16,0,0,layered_block,circular,per_chunk,4,4
7151,12166,16042,16,0,0,layered_block,circular,per_chunk,4,4
7152,12208,16625,16,0,0,layered_block,circular,per_chunk,4,4
7153,12250,16167,16,0,0,layered_block,circular,per_chunk,4,4
7154,12208,16167,16,0,0,layered_block,circular,per_chunk,4,4
7155,12083,16000,16,0,0,layered_block,circular,per_chunk,4,4
7156,12167,16000,16,0,0,layered_block,circular,per_chunk,4,4
7157,12084,16000,16,0,0,layered_block,circular,per_chunk,4,4
7158,17458,21542,16,0,0,layered_block,circular,per_chunk,4,4
7159,12333,16292,16,0,0,layered_block,circular,per_chunk,4,4
7160,12041,16000,16,0,0,layered_block,circular,per_chunk,4,4
7161,12042,15958,16,0,0,layered_block,circular,per_chunk,4,4
7162,12167,16000,16,0,0,layered_block,circular,per_chunk,4,4
7163,12000,15958,16,0,0,layered_block,circular,per_chunk,4,4
7164,12125,22125,16,0,0,layered_block,circular,per_chunk,4,4
7165,12125,15959,16,0,0,layered_block,circular,per_chunk,4,4
7166,12000,16000,16,0,0,layered_block,circular,per_chunk,4,4
7167,12167,16084,16,0,0,layered_block,circular,per_chunk,4,4
7168,12083,16000,16,0,0,layered_block,circular,per_chunk,4,4
7169,12167,16041,16,0,0,layered_block,circular,per_chunk,4,4
7170,12250,16083,16,0,0,layered_block,circular,per_chunk,4,4
7171,12125,15917,16,0,0,layered_block,circular,per_chunk,4,4
7172,12542,16500,16,0,0,layered_block,circular,per_chunk,4,4
7173,12125,16083,16,0,0,layered_block,circular,per_chunk,4,4
7174,12083,15917,16,0,0,layered_block,circular,per_chunk,4,4
7175,12042,15959,16,0,0,layered_block,circular,per_chunk,4,4
7176,12167,16041,16,0,0,layered_block,circular,per_chunk,4,4
7177,12125,16000,16,0,0,layered_block,circular,per_chunk,4,4
7178,11875,15958,16,0,0,layered_block,circular,per_chunk,4,4
7179,12125,16083,16,0,0,layered_block,circular,per_chunk,4,4
7180,12125,16000,16,0,0,layered_block,circular,per_chunk,4,4
7181,12000,15958,16,0,0,layered_block,circular,per_chunk,4,4
7182,12000,15959,16,0,0,layered_block,circular,per_chunk,4,4
7183,12084,16000,16,0,0,layered_block,circular,per_chunk,4,4
7184,12083,16042,16,0,0,layered_block,circular,per_chunk,4,4
7185,12209,16083,16,0,0,layered_block,circular,per_chunk,4,4
7186,12375,16292,16,0,0,layered_block,circular,per_chunk,4,4
7187,12208,16042,16,0,0,layered_block,circular,per_chunk,4,4
7188,12042,15958,16,0,0,layered_block,circular,per_chunk,4,4
7189,12042,16000,16,0,0,layered_block,circular,per_chunk,4,4
7190,12208,16125,16,0,0,layered_block,circular,per_chunk,4,4
7191,12084,16000,16,0,0,layered_block,circular,per_chunk,4,4
7192,11917,16000,16,0,0,layered_block,circular,per_chunk,4,4
7193,12042,21917,16,0,0,layered_block,circular,per_chunk,4,4
7194,12209,16125,16,0,0,layered_block,circular,per_chunk,4,4
7195,11833,16000,16,0,0,layered_block,circular,per_chunk,4,4
7196,12334,16166,16,0,0,layered_block,circular,per_chunk,4,4
7197,12208,16084,16,0,0,layered_block,circular,per_chunk,4,4
7198,12041,16000,16,0,0,layered_block,circular,per_chunk,4,4
7199,12166,16125,16,0,0,layered_block,circular,per_chunk,4,4
7200,12250,16125,16,0,0,layered_block,circular,per_chunk,4,4
7201,11958,16000,16,0,0,layered_block,circular,per_chunk,4,4
7202,12250,16083,16,0,0,layered_block,circular,per_chunk,4,4
7203,12167,16083,16,0,0,layered_block,circular,per_chunk,4,4
7204,12250,16125,16,0,0,layered_block,circular,per_chunk,4,4
7205,12125,16000,16,0,0,layered_block,circular,per_chunk,4,4
7206,12291,16167,16,0,0,layered_block,circular,per_chunk,4,4
7207,12250,16125,16,0,0,layered_block,circular,per_chunk,4,4
7208,12042,16000,16,0,0,layered_block,circular,per_chunk,4,4
7209,12083,16000,16,0,0,layered_block,circular,per_chunk,4,4
7210,12041,16000,16,0,0,layered_block,circular,per_chunk,4,4
7211,12083,15959,16,0,0,layered_block,circular,per_chunk,4,4
7212,12125,16042,16,0,0,layered_block,circular,per_chunk,4,4
7213,12125,16042,16,0,0,layered_block,circular,per_chunk,4,4
7214,12125,16000,16,0,0,layered_block,circular,per_chunk,4,4
7215,12000,15917,16,0,0,layered_block,circular,per_chunk,4,4
7216,12125,16042,16,0,0,layered_block,circular,per_chunk,4,4
7217,12291,16167,16,0,0,layered_block,circular,per_chunk,4,4
7218,12084,16000,16,0,0,layered_block,circular,per_chunk,4,4
7219,12208,16125,16,0,0,layered_block,circular,per_chunk,4,4
7220,12167,16042,16,0,0,layered_block,circular,per_chunk,4,4
7221,12125,16000,16,0,0,layered_block,circular,per_chunk,4,4
7222,12209,16083,16,0,0,layered_block,circular,per_chunk,4,4
7223,12125,16000,16,0,0,layered_block,circular,per_chunk,4,4
7224,12041,16000,16,0,0,layered_block,circular,per_chunk,4,4
7225,12084,16000,16,0,0,layered_block,circular,per_chunk,4,4
7226,12166,16000,16,0,0,layered_block,circular,per_chunk,4,4
7227,12125,16042,16,0,0,layered_block,circular,per_chunk,4,4
7228,12042,15958,16,0,0,layered_block,circular,per_chunk,4,4
7229,12250,16208,16,0,0,layered_block,circular,per_chunk,4,4
7230,12209,16083,16,0,0,layered_block,circular,per_chunk,4,4
7231,12167,16041,16,0,0,layered_block,circular,per_chunk,4,4
7232,12000,16041,16,0,0,layered_block,circular,per_chunk,4,4
7233,12250,16125,16,0,0,layered_block,circular,per_chunk,4,4
7234,12208,16042,16,0,0,layered_block,circular,per_chunk,4,4
7235,12042,15959,16,0,0,layered_block,circular,per_chunk,4,4
7236,12583,16834,16,0,0,layered_block,circular,per_chunk,4,4
7237,12083,16000,16,0,0,layered_block,circular,per_chunk,4,4
7238,11875,16041,16,0,0,layered_block,circular,per_chunk,4,4
7239,12667,22958,16,0,0,layered_block,circular,per_chunk,4,4
7240,12083,15958,16,0,0,layered_block,circular,per_chunk,4,4
7241,12125,16042,16,0,0,layered_block,circular,per_chunk,4,4
7242,12084,16000,16,0,0,layered_block,circular,per_chunk,4,4
7243,12125,16000,16,0,0,layered_block,circular,per_chunk,4,4
7244,12292,16166,16,0,0,layered_block,circular,per_chunk,4,4
7245,12167,16041,16,0,0,layered_block,circular,per_chunk,4,4
7246,12083,16000,16,0,0,layered_block,circular,per_chunk,4,4
7247,12292,16166,16,0,0,layered_block,circular,per_chunk,4,4
7248,12167,16041,16,0,0,layered_block,circular,per_chunk,4,4
7249,12167,16084,16,0,0,layered_block,circular,per_chunk,4,4
7250,12083,16000,16,0,0,layered_block,circular,per_chunk,4,4
7251,12292,16083,16,0,0,layered_block,circular,per_chunk,4,4
7252,12209,16083,16,0,0,layered_block,circular,per_chunk,4,4
7253,12208,16042,16,0,0,layered_block,circular,per_chunk,4,4
7254,12208,16083,16,0,0,layered_block,circular,per_chunk,4,4
7255,12167,16041,16,0,0,layered_block,circular,per_chunk,4,4
7256,12084,15959,16,0,0,layered_block,circular,per_chunk,4,4
7257,12167,16083,16,0,0,layered_block,circular,per_chunk,4,4
7258,12041,15958,16,0,0,layered_block,circular,per_chunk,4,4
7259,12084,15958,16,0,0,layered_block,circular,per_chunk,4,4
7260,12125,16083,16,0,0,layered_block,circular,per_chunk,4,4
7261,19459,23458,16,0,0,layered_block,circular,per_chunk,4,4
7262,12166,16083,16,0,0,layered_block,circular,per_chunk,4,4
7263,12042,16000,16,0,0,layered_block,circular,per_chunk,4,4
7264,12125,16042,16,0,0,layered_block,circular,per_chunk,4,4
7265,12167,16125,16,0,0,layered_block,circular,per_chunk,4,4
7266,12125,16125,16,0,0,layered_block,circular,per_chunk,4,4
7267,12042,15958,16,0,0,layered_block,circular,per_chunk,4,4
7268,12167,16000,16,0,0,layered_block,circular,per_chunk,4,4
7269,12083,16042,16,0,0,layered_block,circular,per_chunk,4,4
7270,12083,15959,16,0,0,layered_block,circular,per_chunk,4,4
7271,12125,16000,16,0,0,layered_block,circular,per_chunk,4,4
7272,12125,16000,16,0,0,layered_block,circular,per_chunk,4,4
7273,11958,15958,16,0,0,layered_block,circular,per_chunk,4,4
7274,11917,16083,16,0,0,layered_block,circular,per_chunk,4,4
7275,12125,16041,16,0,0,layered_block,circular,per_chunk,4,4
7276,12125,16042,16,0,0,layered_block,circular,per_chunk,4,4
7277,12166,16042,16,0,0,layered_block,circular,per_chunk,4,4
7278,12042,16000,16,0,0,layered_block,circular,per_chunk,4,4
7279,12209,16125,16,0,0,layered_block,circular,per_chunk,4,4
7280,12208,16042,16,0,0,layered_block,circular,per_chunk,4,4
7281,12084,15958,16,0,0,layered_block,circular,per_chunk,4,4
7282,12084,16000,16,0,0,layered_block,circular,per_chunk,4,4
7283,12250,16042,16,0,0,layered_block,circular,per_chunk,4,4
7284,12125,16041,16,0,0,layered_block,circular,per_chunk,4,4
7285,12083,16000,16,0,0,layered_block,circular,per_chunk,4,4
7286,12083,16000,16,0,0,layered_block,circular,per_chunk,4,4
7287,12166,16083,16,0,0,layered_block,circular,per_chunk,4,4
7288,21667,25584,16,0,0,layered_block,circular,per_chunk,4,4
7289,12125,15958,16,0,0,layered_block,circular,per_chunk,4,4
7290,12125,16000,16,0,0,layered_block,circular,per_chunk,4,4
7291,12083,15958,16,0,0,layered_block,circular,per_chunk,4,4
7292,12083,16042,16,0,0,layered_block,circular,per_chunk,4,4
7293,98833,103000,16,0,0,layered_block,circular,per_chunk,4,4
7294,12083,16042,16,0,0,layered_block,circular,per_chunk,4,4
7295,12125,16042,16,0,0,layered_block,circular,per_chunk,4,4
7296,12000,15958,16,0,0,layered_block,circular,per_chunk,4,4
7297,12167,16000,16,0,0,layered_block,circular,per_chunk,4,4
7298,12084,16000,16,0,0,layered_block,circular,per_chunk,4,4
7299,12041,15958,16,0,0,layered_block,circular,per_chunk,4,4
7300,12167,16042,16,0,0,layered_block,circular,per_chunk,4,4
7301,12167,16042,16,0,0,layered_block,circular,per_chunk,4,4
7302,12042,16042,16,0,0,layered_block,circular,per_chunk,4,4
7303,12084,15959,16,0,0,layered_block,circular,per_chunk,4,4
7304,12167,16042,16,0,0,layered_block,circular,per_chunk,4,4
7305,12542,16917,16,0,0,layered_block,circular,per_chunk,4,4
7306,12166,16083,16,0,0,layered_block,circular,per_chunk,4,4
7307,12084,16000,16,0,0,layered_block,circular,per_chunk,4,4
7308,12125,16042,16,0,0,layered_block,circular,per_chunk,4,4
7309,12167,16083,16,0,0,layered_block,circular,per_chunk,4,4
7310,12500,16375,16,0,0,layered_block,circular,per_chunk,4,4
7311,12083,16000,16,0,0,layered_block,circular,per_chunk,4,4
7312,12083,15958,16,0,0,layered_block,circular,per_chunk,4,4
7313,12250,16125,16,0,0,layered_block,circular,per_chunk,4,4
7314,12083,16000,16,0,0,layered_block,circular,per_chunk,4,4
7315,12208,16167,16,0,0,layered_block,circular,per_chunk,4,4
7316,12125,16041,16,0,0,layered_block,circular,per_chunk,4,4
7317,12083,16042,16,0,0,layered_block,circular,per_chunk,4,4
7318,12084,15958,16,0,0,layered_block,circular,per_chunk,4,4
7319,12125,16042,16,0,0,layered_block,circular,per_chunk,4,4
7320,12125,16000,16,0,0,layered_block,circular,per_chunk,4,4
7321,12083,16042,16,0,0,layered_block,circular,per_chunk,4,4
7322,12167,16041,16,0,0,layered_block,circular,per_chunk,4,4
7323,12167,16125,16,0,0,layered_block,circular,per_chunk,4,4
7324,12250,16041,16,0,0,layered_block,circular,per_chunk,4,4
7325,12209,16125,16,0,0,layered_block,circular,per_chunk,4,4
7326,18000,22042,16,0,0,layered_block,circular,per_chunk,4,4
7327,12042,16000,16,0,0,layered_block,circular,per_chunk,4,4
7328,12083,15958,16,0,0,layered_block,circular,per_chunk,4,4
7329,12084,16000,16,0,0,layered_block,circular,per_chunk,4,4
7330,12208,16042,16,0,0,layered_block,circular,per_chunk,4,4
7331,12083,16000,16,0,0,layered_block,circular,per_chunk,4,4
7332,12125,16041,16,0,0,layered_block,circular,per_chunk,4,4
7333,12084,16042,16,0,0,layered_block,circular,per_chunk,4,4
7334,12375,16292,16,0,0,layered_block,circular,per_chunk,4,4
7335,11958,16042,16,0,0,layered_block,circular,per_chunk,4,4
7336,12083,15958,16,0,0,layered_block,circular,per_chunk,4,4
7337,12458,16333,16,0,0,layered_block,circular,per_chunk,4,4
7338,12209,16125,16,0,0,layered_block,circular,per_chunk,4,4
7339,14791,19750,16,0,0,layered_block,circular,per_chunk,4,4
7340,12125,16042,16,0,0,layered_block,circular,per_chunk,4,4
7341,12166,16083,16,0,0,layered_block,circular,per_chunk,4,4
7342,12042,16000,16,0,0,layered_block,circular,per_chunk,4,4
7343,20209,24083,16,0,0,layered_block,circular,per_chunk,4,4
7344,12625,16459,16,0,0,layered_block,circular,per_chunk,4,4
7345,12041,16000,16,0,0,layered_block,circular,per_chunk,4,4
7346,19334,23166,16,0,0,layered_block,circular,per_chunk,4,4
7347,12416,16292,16,0,0,layered_block,circular,per_chunk,4,4
7348,12084,16000,16,0,0,layered_block,circular,per_chunk,4,4
7349,12208,16084,16,0,0,layered_block,circular,per_chunk,4,4
7350,12083,16000,16,0,0,layered_block,circular,per_chunk,4,4
7351,12208,16125,16,0,0,layered_block,circular,per_chunk,4,4
7352,12125,16042,16,0,0,layered_block,circular,per_chunk,4,4
7353,12125,16000,16,0,0,layered_block,circular,per_chunk,4,4
7354,12208,16125,16,0,0,layered_block,circular,per_chunk,4,4
7355,12208,16083,16,0,0,layered_block,circular,per_chunk,4,4
7356,12083,16000,16,0,0,layered_block,circular,per_chunk,4,4
7357,12208,16125,16,0,0,layered_block,circular,per_chunk,4,4
7358,12209,16083,16,0,0,layered_block,circular,per_chunk,4,4
7359,12625,16500,16,0,0,layered_block,circular,per_chunk,4,4
7360,12209,16083,16,0,0,layered_block,circular,per_chunk,4,4
7361,12375,16292,16,0,0,layered_block,circular,per_chunk,4,4
7362,12209,16041,16,0,0,layered_block,circular,per_chunk,4,4
7363,12125,16042,16,0,0,layered_block,circular,per_chunk,4,4
7364,11917,15958,16,0,0,layered_block,circular,per_chunk,4,4
7365,12125,16083,16,0,0,layered_block,circular,per_chunk,4,4
7366,12250,16083,16,0,0,layered_block,circular,per_chunk,4,4
7367,12208,16084,16,0,0,layered_block,circular,per_chunk,4,4
7368,18958,22833,16,0,0,layered_block,circular,per_chunk,4,4
7369,12250,16166,16,0,0,layered_block,circular,per_chunk,4,4
7370,12167,16000,16,0,0,layered_block,circular,per_chunk,4,4
7371,12083,16000,16,0,0,layered_block,circular,per_chunk,4,4
7372,12084,15958,16,0,0,layered_block,circular,per_chunk,4,4
7373,12208,16000,16,0,0,layered_block,circular,per_chunk,4,4
7374,12083,16000,16,0,0,layered_block,circular,per_chunk,4,4
7375,12209,16041,16,0,0,layered_block,circular,per_chunk,4,4
7376,12042,15959,16,0,0,layered_block,circular,per_chunk,4,4
7377,12167,16042,16,0,0,layered_block,circular,per_chunk,4,4
7378,12083,16083,16,0,0,layered_block,circular,per_chunk,4,4
7379,20416,24291,16,0,0,layered_block,circular,per_chunk,4,4
7380,12083,15959,16,0,0,layered_block,circular,per_chunk,4,4
7381,12042,15958,16,0,0,layered_block,circular,per_chunk,4,4
7382,12500,16416,16,0,0,layered_block,circular,per_chunk,4,4
7383,12167,16084,16,0,0,layered_block,circular,per_chunk,4,4
7384,12125,16042,16,0,0,layered_block,circular,per_chunk,4,4
7385,12125,16000,16,0,0,layered_block,circular,per_chunk,4,4
7386,12125,16125,16,0,0,layered_block,circular,per_chunk,4,4
7387,12041,15958,16,0,0,layered_block,circular,per_chunk,4,4
7388,12166,16042,16,0,0,layered_block,circular,per_chunk,4,4
7389,12208,16083,16,0,0,layered_block,circular,per_chunk,4,4
7390,12250,16083,16,0,0,layered_block,circular,per_chunk,4,4
7391,12083,16000,16,0,0,layered_block,circular,per_chunk,4,4
7392,12125,16042,16,0,0,layered_block,circular,per_chunk,4,4
7393,12334,16250,16,0,0,layered_block,circular,per_chunk,4,4
7394,12083,16000,16,0,0,layered_block,circular,per_chunk,4,4
7395,12125,16083,16,0,0,layered_block,circular,per_chunk,4,4
7396,12167,16083,16,0,0,layered_block,circular,per_chunk,4,4
7397,12083,16000,16,0,0,layered_block,circular,per_chunk,4,4
7398,12291,16125,16,0,0,layered_block,circular,per_chunk,4,4
7399,12167,16042,16,0,0,layered_block,circular,per_chunk,4,4
7400,12166,16000,16,0,0,layered_block,circular,per_chunk,4,4
7401,12167,15958,16,0,0,layered_block,circular,per_chunk,4,4
7402,12167,16000,16,0,0,layered_block,circular,per_chunk,4,4
7403,11958,16000,16,0,0,layered_block,circular,per_chunk,4,4
7404,12041,15958,16,0,0,layered_block,circular,per_chunk,4,4
7405,12166,16083,16,0,0,layered_block,circular,per_chunk,4,4
7406,12084,16041,16,0,0,layered_block,circular,per_chunk,4,4
7407,12125,16042,16,0,0,layered_block,circular,per_chunk,4,4
7408,12125,16042,16,0,0,layered_block,circular,per_chunk,4,4
7409,12125,16000,16,0,0,layered_block,circular,per_chunk,4,4
7410,12209,16125,16,0,0,layered_block,circular,per_chunk,4,4
7411,12167,16083,16,0,0,layered_block,circular,per_chunk,4,4
7412,12084,16000,16,0,0,layered_block,circular,per_chunk,4,4
7413,13833,17750,16,0,0,layered_block,circular,per_chunk,4,4
7414,12167,16041,16,0,0,layered_block,circular,per_chunk,4,4
7415,12334,16250,16,0,0,layered_block,circular,per_chunk,4,4
7416,12250,16083,16,0,0,layered_block,circular,per_chunk,4,4
7417,12166,16083,16,0,0,layered_block,circular,per_chunk,4,4
7418,12125,16042,16,0,0,layered_block,circular,per_chunk,4,4
7419,12084,16000,16,0,0,layered_block,circular,per_chunk,4,4
7420,18375,22333,16,0,0,layered_block,circular,per_chunk,4,4
7421,12083,15959,16,0,0,layered_block,circular,per_chunk,4,4
7422,12041,15958,16,0,0,layered_block,circular,per_chunk,4,4
7423,12209,16083,16,0,0,layered_block,circular,per_chunk,4,4
7424,12042,16000,16,0,0,layered_block,circular,per_chunk,4,4
7425,12208,16125,16,0,0,layered_block,circular,per_chunk,4,4
7426,12042,16000,16,0,0,layered_block,circular,per_chunk,4,4
7427,12042,15958,16,0,0,layered_block,circular,per_chunk,4,4
7428,12292,16125,16,0,0,layered_block,circular,per_chunk,4,4
7429,12125,16041,16,0,0,layered_block,circular,per_chunk,4,4
7430,12042,16042,16,0,0,layered_block,circular,per_chunk,4,4
7431,12125,16042,16,0,0,layered_block,circular,per_chunk,4,4
7432,12333,16250,16,0,0,layered_block,circular,per_chunk,4,4
7433,12375,16291,16,0,0,layered_block,circular,per_chunk,4,4
7434,12334,16291,16,0,0,layered_block,circular,per_chunk,4,4
7435,12083,16000,16,0,0,layered_block,circular,per_chunk,4,4
7436,12042,16000,16,0,0,layered_block,circular,per_chunk,4,4
7437,12166,16000,16,0,0,layered_block,circular,per_chunk,4,4
7438,12084,15958,16,0,0,layered_block,circular,per_chunk,4,4
7439,12125,16083,16,0,0,layered_block,circular,per_chunk,4,4
7440,12666,16500,16,0,0,layered_block,circular,per_chunk,4,4
7441,12292,16209,16,0,0,layered_block,circular,per_chunk,4,4
7442,12333,16250,16,0,0,layered_block,circular,per_chunk,4,4
7443,12000,15958,16,0,0,layered_block,circular,per_chunk,4,4
7444,12166,16125,16,0,0,layered_block,circular,per_chunk,4,4
7445,12333,16250,16,0,0,layered_block,circular,per_chunk,4,4
7446,12125,16084,16,0,0,layered_block,circular,per_chunk,4,4
7447,12125,16041,16,0,0,layered_block,circular,per_chunk,4,4
7448,12084,15958,16,0,0,layered_block,circular,per_chunk,4,4
7449,12041,15958,16,0,0,layered_block,circular,per_chunk,4,4
7450,12250,16125,16,0,0,layered_block,circular,per_chunk,4,4
7451,12375,16167,16,0,0,layered_block,circular,per_chunk,4,4
7452,12083,16084,16,0,0,layered_block,circular,per_chunk,4,4
7453,12750,17083,16,0,0,layered_block,circular,per_chunk,4,4
7454,12084,16041,16,0,0,layered_block,circular,per_chunk,4,4
7455,12125,16041,16,0,0,layered_block,circular,per_chunk,4,4
7456,12291,16208,16,0,0,layered_block,circular,per_chunk,4,4
7457,12166,16000,16,0,0,layered_block,circular,per_chunk,4,4
7458,12125,16000,16,0,0,layered_block,circular,per_chunk,4,4
7459,20375,24291,16,0,0,layered_block,circular,per_chunk,4,4
7460,13375,17292,16,0,0,layered_block,circular,per_chunk,4,4
7461,12334,16208,16,0,0,layered_block,circular,per_chunk,4,4
7462,12125,16042,16,0,0,layered_block,circular,per_chunk,4,4
7463,12209,16041,16,0,0,layered_block,circular,per_chunk,4,4
7464,12125,16042,16,0,0,layered_block,circular,per_chunk,4,4
7465,19916,23833,16,0,0,layered_block,circular,per_chunk,4,4
7466,12083,16000,16,0,0,layered_block,circular,per_chunk,4,4
7467,12458,16333,16,0,0,layered_block,circular,per_chunk,4,4
7468,12167,16083,16,0,0,layered_block,circular,per_chunk,4,4
7469,12166,16042,16,0,0,layered_block,circular,per_chunk,4,4
7470,12125,16000,16,0,0,layered_block,circular,per_chunk,4,4
7471,12334,16208,16,0,0,layered_block,circular,per_chunk,4,4
7472,12084,16000,16,0,0,layered_block,circular,per_chunk,4,4
7473,12000,16000,16,0,0,layered_block,circular,per_chunk,4,4
7474,11917,16042,16,0,0,layered_block,circular,per_chunk,4,4
7475,12042,16000,16,0,0,layered_block,circular,per_chunk,4,4
7476,12375,16208,16,0,0,layered_block,circular,per_chunk,4,4
7477,11875,16000,16,0,0,layered_block,circular,per_chunk,4,4
7478,12125,16000,16,0,0,layered_block,circular,per_chunk,4,4
7479,12125,16042,16,0,0,layered_block,circular,per_chunk,4,4
7480,12500,16375,16,0,0,layered_block,circular,per_chunk,4,4
7481,12417,16292,16,0,0,layered_block,circular,per_chunk,4,4
7482,12000,15959,16,0,0,layered_block,circular,per_chunk,4,4
7483,12000,15958,16,0,0,layered_block,circular,per_chunk,4,4
7484,12209,16041,16,0,0,layered_block,circular,per_chunk,4,4
7485,12083,15958,16,0,0,layered_block,circular,per_chunk,4,4
7486,18916,22917,16,0,0,layered_block,circular,per_chunk,4,4
7487,12459,16333,16,0,0,layered_block,circular,per_chunk,4,4
7488,12417,16333,16,0,0,layered_block,circular,per_chunk,4,4
7489,12500,16666,16,0,0,layered_block,circular,per_chunk,4,4
7490,12125,16000,16,0,0,layered_block,circular,per_chunk,4,4
7491,12166,16083,16,0,0,layered_block,circular,per_chunk,4,4
7492,12083,16000,16,0,0,layered_block,circular,per_chunk,4,4
7493,12167,16083,16,0,0,layered_block,circular,per_chunk,4,4
7494,12083,16000,16,0,0,layered_block,circular,per_chunk,4,4
7495,12458,22166,16,0,0,layered_block,circular,per_chunk,4,4
7496,12083,16000,16,0,0,layered_block,circular,per_chunk,4,4
7497,12041,15958,16,0,0,layered_block,circular,per_chunk,4,4
7498,12084,16000,16,0,0,layered_block,circular,per_chunk,4,4
7499,12125,16042,16,0,0,layered_block,circular,per_chunk,4,4
7500,12583,16500,16,0,0,layered_block,circular,per_chunk,4,4
7501,18625,22500,16,0,0,layered_block,circular,per_chunk,4,4
7502,12083,16000,16,0,0,layered_block,circular,per_chunk,4,4
7503,12125,16042,16,0,0,layered_block,circular,per_chunk,4,4
7504,12167,16041,16,0,0,layered_block,circular,per_chunk,4,4
7505,12167,16042,16,0,0,layered_block,circular,per_chunk,4,4
7506,12375,16292,16,0,0,layered_block,circular,per_chunk,4,4
7507,12375,16250,16,0,0,layered_block,circular,per_chunk,4,4
7508,12375,16250,16,0,0,layered_block,circular,per_chunk,4,4
7509,12250,16166,16,0,0,layered_block,circular,per_chunk,4,4
7510,12167,16041,16,0,0,layered_block,circular,per_chunk,4,4
7511,12167,16167,16,0,0,layered_block,circular,per_chunk,4,4
7512,12333,16209,16,0,0,layered_block,circular,per_chunk,4,4
7513,12041,15958,16,0,0,layered_block,circular,per_chunk,4,4
7514,12291,16208,16,0,0,layered_block,circular,per_chunk,4,4
7515,12167,16083,16,0,0,layered_block,circular,per_chunk,4,4
7516,12084,16041,16,0,0,layered_block,circular,per_chunk,4,4
7517,12125,16083,16,0,0,layered_block,circular,per_chunk,4,4
7518,12292,16250,16,0,0,layered_block,circular,per_chunk,4,4
7519,12250,16167,16,0,0,layered_block,circular,per_chunk,4,4
7520,12458,16334,16,0,0,layered_block,circular,per_chunk,4,4
7521,12042,16000,16,0,0,layered_block,circular,per_chunk,4,4
7522,12167,16000,16,0,0,layered_block,circular,per_chunk,4,4
7523,12208,16125,16,0,0,layered_block,circular,per_chunk,4,4
7524,12250,16167,16,0,0,layered_block,circular,per_chunk,4,4
7525,12083,16000,16,0,0,layered_block,circular,per_chunk,4,4
7526,12084,16041,16,0,0,layered_block,circular,per_chunk,4,4
7527,12333,16250,16,0,0,layered_block,circular,per_chunk,4,4
7528,12167,16000,16,0,0,layered_block,circular,per_chunk,4,4
7529,12042,16000,16,0,0,layered_block,circular,per_chunk,4,4
7530,19875,23792,16,0,0,layered_block,circular,per_chunk,4,4
7531,12166,16083,16,0,0,layered_block,circular,per_chunk,4,4
7532,12125,16084,16,0,0,layered_block,circular,per_chunk,4,4
7533,100084,104459,16,0,0,layered_block,circular,per_chunk,4,4
7534,11958,16000,16,0,0,layered_block,circular,per_chunk,4,4
7535,12125,16000,16,0,0,layered_block,circular,per_chunk,4,4
7536,12250,16125,16,0,0,layered_block,circular,per_chunk,4,4
7537,12125,15958,16,0,0,layered_block,circular,per_chunk,4,4
7538,12333,16250,16,0,0,layered_block,circular,per_chunk,4,4
7539,12167,16083,16,0,0,layered_block,circular,per_chunk,4,4
7540,12125,16042,16,0,0,layered_block,circular,per_chunk,4,4
7541,12041,15958,16,0,0,layered_block,circular,per_chunk,4,4
7542,19208,23209,16,0,0,layered_block,circular,per_chunk,4,4
7543,12209,16000,16,0,0,layered_block,circular,per_chunk,4,4
7544,12167,16084,16,0,0,layered_block,circular,per_chunk,4,4
7545,12125,16041,16,0,0,layered_block,circular,per_chunk,4,4
7546,12083,16000,16,0,0,layered_block,circular,per_chunk,4,4
7547,12125,16083,16,0,0,layered_block,circular,per_chunk,4,4
7548,12208,16167,16,0,0,layered_block,circular,per_chunk,4,4
7549,12167,16125,16,0,0,layered_block,circular,per_chunk,4,4
7550,12000,15916,16,0,0,layered_block,circular,per_chunk,4,4
7551,12167,16000,16,0,0,layered_block,circular,per_chunk,4,4
7552,12125,16041,16,0,0,layered_block,circular,per_chunk,4,4
7553,12166,16083,16,0,0,layered_block,circular,per_chunk,4,4
7554,12166,16042,16,0,0,layered_block,circular,per_chunk,4,4
7555,12250,16167,16,0,0,layered_block,circular,per_chunk,4,4
7556,12417,16250,16,0,0,layered_block,circular,per_chunk,4,4
7557,11917,15916,16,0,0,layered_block,circular,per_chunk,4,4
7558,12125,16042,16,0,0,layered_block,circular,per_chunk,4,4
7559,12084,16000,16,0,0,layered_block,circular,per_chunk,4,4
7560,12458,16292,16,0,0,layered_block,circular,per_chunk,4,4
7561,12083,16000,16,0,0,layered_block,circular,per_chunk,4,4
7562,12083,16000,16,0,0,layered_block,circular,per_chunk,4,4
7563,12041,16000,16,0,0,layered_block,circular,per_chunk,4,4
7564,12125,15916,16,0,0,layered_block,circular,per_chunk,4,4
7565,12167,16084,16,0,0,layered_block,circular,per_chunk,4,4
7566,12041,15958,16,0,0,layered_block,circular,per_chunk,4,4
7567,12083,16000,16,0,0,layered_block,circular,per_chunk,4,4
7568,12167,16083,16,0,0,layered_block,circular,per_chunk,4,4
7569,12666,16542,16,0,0,layered_block,circular,per_chunk,4,4
7570,12125,16083,16,0,0,layered_block,circular,per_chunk,4,4
7571,12125,16042,16,0,0,layered_block,circular,per_chunk,4,4
7572,12083,16000,16,0,0,layered_block,circular,per_chunk,4,4
7573,12291,16125,16,0,0,layered_block,circular,per_chunk,4,4
7574,12083,16042,16,0,0,layered_block,circular,per_chunk,4,4
7575,12125,16000,16,0,0,layered_block,circular,per_chunk,4,4
7576,12125,16042,16,0,0,layered_block,circular,per_chunk,4,4
7577,12000,15958,16,0,0,layered_block,circular,per_chunk,4,4
7578,12208,16000,16,0,0,layered_block,circular,per_chunk,4,4
7579,12167,16083,16,0,0,layered_block,circular,per_chunk,4,4
7580,12125,16000,16,0,0,layered_block,circular,per_chunk,4,4
7581,12166,16083,16,0,0,layered_block,circular,per_chunk,4,4
7582,12084,16041,16,0,0,layered_block,circular,per_chunk,4,4
7583,12000,15917,16,0,0,layered_block,circular,per_chunk,4,4
7584,12250,16125,16,0,0,layered_block,circular,per_chunk,4,4
7585,12500,16375,16,0,0,layered_block,circular,per_chunk,4,4
7586,12083,15959,16,0,0,layered_block,circular,per_chunk,4,4
7587,12166,16042,16,0,0,layered_block,circular,per_chunk,4,4
7588,19208,23083,16,0,0,layered_block,circular,per_chunk,4,4
7589,12167,15958,16,0,0,layered_block,circular,per_chunk,4,4
7590,11959,16000,16,0,0,layered_block,circular,per_chunk,4,4
7591,12125,16041,16,0,0,layered_block,circular,per_chunk,4,4
7592,12084,15959,16,0,0,layered_block,circular,per_chunk,4,4
7593,12041,15958,16,0,0,layered_block,circular,per_chunk,4,4
7594,12000,15958,16,0,0,layered_block,circular,per_chunk,4,4
7595,12000,15916,16,0,0,layered_block,circular,per_chunk,4,4
7596,12208,16125,16,0,0,layered_block,circular,per_chunk,4,4
7597,12208,16125,16,0,0,layered_block,circular,per_chunk,4,4
7598,11959,15875,16,0,0,layered_block,circular,per_chunk,4,4
7599,12292,16125,16,0,0,layered_block,circular,per_chunk,4,4
7600,12166,16000,16,0,0,layered_block,circular,per_chunk,4,4
7601,12292,16125,16,0,0,layered_block,circular,per_chunk,4,4
7602,12167,16000,16,0,0,layered_block,circular,per_chunk,4,4
7603,12084,16000,16,0,0,layered_block,circular,per_chunk,4,4
7604,18334,22291,16,0,0,layered_block,circular,per_chunk,4,4
7605,12167,16083,16,0,0,layered_block,circular,per_chunk,4,4
7606,11917,16042,16,0,0,layered_block,circular,per_chunk,4,4
7607,12125,16000,16,0,0,layered_block,circular,per_chunk,4,4
7608,12292,16125,16,0,0,layered_block,circular,per_chunk,4,4
7609,12167,16041,16,0,0,layered_block,circular,per_chunk,4,4
7610,12084,16000,16,0,0,layered_block,circular,per_chunk,4,4
7611,12042,15958,16,0,0,layered_block,circular,per_chunk,4,4
7612,12584,16792,16,0,0,layered_block,circular,per_chunk,4,4
7613,12167,16084,16,0,0,layered_block,circular,per_chunk,4,4
7614,12375,16333,16,0,0,layered_block,circular,per_chunk,4,4
7615,20208,24167,16,0,0,layered_block,circular,per_chunk,4,4
7616,12208,16042,16,0,0,layered_block,circular,per_chunk,4,4
7617,11875,16041,16,0,0,layered_block,circular,per_chunk,4,4
7618,12167,16041,16,0,0,layered_block,circular,per_chunk,4,4
7619,12042,15958,16,0,0,layered_block,circular,per_chunk,4,4
7620,18708,22625,16,0,0,layered_block,circular,per_chunk,4,4
7621,12084,16000,16,0,0,layered_block,circular,per_chunk,4,4
7622,12166,16042,16,0,0,layered_block,circular,per_chunk,4,4
7623,12125,16000,16,0,0,layered_block,circular,per_chunk,4,4
7624,12083,15959,16,0,0,layered_block,circular,per_chunk,4,4
7625,12083,16042,16,0,0,layered_block,circular,per_chunk,4,4
7626,12084,15917,16,0,0,layered_block,circular,per_chunk,4,4
7627,12292,16208,16,0,0,layered_block,circular,per_chunk,4,4
7628,12208,16084,16,0,0,layered_block,circular,per_chunk,4,4
7629,12167,16000,16,0,0,layered_block,circular,per_chunk,4,4
7630,12125,16042,16,0,0,layered_block,circular,per_chunk,4,4
7631,12083,16000,16,0,0,layered_block,circular,per_chunk,4,4
7632,12250,16125,16,0,0,layered_block,circular,per_chunk,4,4
7633,11959,15958,16,0,0,layered_block,circular,per_chunk,4,4
7634,12209,16000,16,0,0,layered_block,circular,per_chunk,4,4
7635,12167,16084,16,0,0,layered_block,circular,per_chunk,4,4
7636,12125,16000,16,0,0,layered_block,circular,per_chunk,4,4
7637,12000,15917,16,0,0,layered_block,circular,per_chunk,4,4
7638,12084,16000,16,0,0,layered_block,circular,per_chunk,4,4
7639,12375,16292,16,0,0,layered_block,circular,per_chunk,4,4
7640,12125,16042,16,0,0,layered_block,circular,per_chunk,4,4
7641,13584,18042,16,0,0,layered_block,circular,per_chunk,4,4
7642,12166,16083,16,0,0,layered_block,circular,per_chunk,4,4
7643,12125,15958,16,0,0,layered_block,circular,per_chunk,4,4
7644,12292,16208,16,0,0,layered_block,circular,per_chunk,4,4
7645,12083,15959,16,0,0,layered_block,circular,per_chunk,4,4
7646,12083,16000,16,0,0,layered_block,circular,per_chunk,4,4
7647,12083,16042,16,0,0,layered_block,circular,per_chunk,4,4
7648,12083,16250,16,0,0,layered_block,circular,per_chunk,4,4
7649,12041,15958,16,0,0,layered_block,circular,per_chunk,4,4
7650,12083,16000,16,0,0,layered_block,circular,per_chunk,4,4
7651,12209,16041,16,0,0,layered_block,circular,per_chunk,4,4
7652,12125,16041,16,0,0,layered_block,circular,per_chunk,4,4
7653,12125,16042,16,0,0,layered_block,circular,per_chunk,4,4
7654,12125,16042,16,0,0,layered_block,circular,per_chunk,4,4
7655,12125,16000,16,0,0,layered_block,circular,per_chunk,4,4
7656,12125,16041,16,0,0,layered_block,circular,per_chunk,4,4
7657,12083,16000,16,0,0,layered_block,circular,per_chunk,4,4
7658,12000,15916,16,0,0,layered_block,circular,per_chunk,4,4
7659,12500,16291,16,0,0,layered_block,circular,per_chunk,4,4
7660,12250,16167,16,0,0,layered_block,circular,per_chunk,4,4
7661,12084,16041,16,0,0,layered_block,circular,per_chunk,4,4
7662,12250,16167,16,0,0,layered_block,circular,per_chunk,4,4
7663,12209,16042,16,0,0,layered_block,circular,per_chunk,4,4
7664,12250,16083,16,0,0,layered_block,circular,per_chunk,4,4
7665,12209,16041,16,0,0,layered_block,circular,per_chunk,4,4
7666,12125,16000,16,0,0,layered_block,circular,per_chunk,4,4
7667,12041,16000,16,0,0,layered_block,circular,per_chunk,4,4
7668,12125,16208,16,0,0,layered_block,circular,per_chunk,4,4
7669,12250,16167,16,0,0,layered_block,circular,per_chunk,4,4
7670,12084,16000,16,0,0,layered_block,circular,per_chunk,4,4
7671,12125,15958,16,0,0,layered_block,circular,per_chunk,4,4
7672,12375,16333,16,0,0,layered_block,circular,per_chunk,4,4
7673,12292,16500,16,0,0,layered_block,circular,per_chunk,4,4
7674,12125,16042,16,0,0,layered_block,circular,per_chunk,4,4
7675,12000,16000,16,0,0,layered_block,circular,per_chunk,4,4
7676,12625,16500,16,0,0,layered_block,circular,per_chunk,4,4
7677,11959,15916,16,0,0,layered_block,circular,per_chunk,4,4
7678,12291,16208,16,0,0,layered_block,circular,per_chunk,4,4
7679,12208,16042,16,0,0,layered_block,circular,per_chunk,4,4
7680,12416,16292,16,0,0,layered_block,circular,per_chunk,4,4
7681,12084,16041,16,0,0,layered_block,circular,per_chunk,4,4
7682,12416,16334,16,0,0,layered_block,circular,per_chunk,4,4
7683,12041,15958,16,0,0,layered_block,circular,per_chunk,4,4
7684,12250,16167,16,0,0,layered_block,circular,per_chunk,4,4
7685,12041,15958,16,0,0,layered_block,circular,per_chunk,4,4
7686,12083,16000,16,0,0,layered_block,circular,per_chunk,4,4
7687,12291,16208,16,0,0,layered_block,circular,per_chunk,4,4
7688,12333,16209,16,0,0,layered_block,circular,per_chunk,4,4
7689,12083,16000,16,0,0,layered_block,circular,per_chunk,4,4
7690,11959,16000,16,0,0,layered_block,circular,per_chunk,4,4
7691,12166,16083,16,0,0,layered_block,circular,per_chunk,4,4
7692,12166,16083,16,0,0,layered_block,circular,per_chunk,4,4
7693,12333,16167,16,0,0,layered_block,circular,per_chunk,4,4
7694,12042,15958,16,0,0,layered_block,circular,per_chunk,4,4
7695,12000,16000,16,0,0,layered_block,circular,per_chunk,4,4
7696,12041,16000,16,0,0,layered_block,circular,per_chunk,4,4
7697,12250,16083,16,0,0,layered_block,circular,per_chunk,4,4
7698,12084,16041,16,0,0,layered_block,circular,per_chunk,4,4
7699,12084,15958,16,0,0,layered_block,circular,per_chunk,4,4
7700,12208,16042,16,0,0,layered_block,circular,per_chunk,4,4
7701,12084,16000,16,0,0,layered_block,circular,per_chunk,4,4
7702,12458,16667,16,0,0,layered_block,circular,per_chunk,4,4
7703,12041,15958,16,0,0,layered_block,circular,per_chunk,4,4
7704,12125,16000,16,0,0,layered_block,circular,per_chunk,4,4
7705,12083,16000,16,0,0,layered_block,circular,per_chunk,4,4
7706,12083,15959,16,0,0,layered_block,circular,per_chunk,4,4
7707,12000,15958,16,0,0,layered_block,circular,per_chunk,4,4
7708,12208,16000,16,0,0,layered_block,circular,per_chunk,4,4
7709,12084,15958,16,0,0,layered_block,circular,per_chunk,4,4
7710,12083,16000,16,0,0,layered_block,circular,per_chunk,4,4
7711,12167,16083,16,0,0,layered_block,circular,per_chunk,4,4
7712,12000,15958,16,0,0,layered_block,circular,per_chunk,4,4
7713,19500,23500,16,0,0,layered_block,circular,per_chunk,4,4
7714,12083,16000,16,0,0,layered_block,circular,per_chunk,4,4
7715,12417,16250,16,0,0,layered_block,circular,per_chunk,4,4
7716,12291,16208,16,0,0,layered_block,circular,per_chunk,4,4
7717,12375,16292,16,0,0,layered_block,circular,per_chunk,4,4
7718,12083,15958,16,0,0,layered_block,circular,per_chunk,4,4
7719,12125,16084,16,0,0,layered_block,circular,per_chunk,4,4
7720,12041,15958,16,0,0,layered_block,circular,per_chunk,4,4
7721,12083,16042,16,0,0,layered_block,circular,per_chunk,4,4
7722,12000,15958,16,0,0,layered_block,circular,per_chunk,4,4
7723,12083,16000,16,0,0,layered_block,circular,per_chunk,4,4
7724,12083,16041,16,0,0,layered_block,circular,per_chunk,4,4
7725,12167,16083,16,0,0,layered_block,circular,per_chunk,4,4
7726,12208,16042,16,0,0,layered_block,circular,per_chunk,4,4
7727,12125,16083,16,0,0,layered_block,circular,per_chunk,4,4
7728,12084,15958,16,0,0,layered_block,circular,per_chunk,4,4
7729,12167,16041,16,0,0,layered_block,circular,per_chunk,4,4
7730,12208,16042,16,0,0,layered_block,circular,per_chunk,4,4
7731,12292,16167,16,0,0,layered_block,circular,per_chunk,4,4
7732,12083,16000,16,0,0,layered_block,circular,per_chunk,4,4
7733,11875,16000,16,0,0,layered_block,circular,per_chunk,4,4
7734,12167,16084,16,0,0,layered_block,circular,per_chunk,4,4
7735,12167,16000,16,0,0,layered_block,circular,per_chunk,4,4
7736,12209,16125,16,0,0,layered_block,circular,per_chunk,4,4
7737,12041,21875,16,0,0,layered_block,circular,per_chunk,4,4
7738,12333,16250,16,0,0,layered_block,circular,per_chunk,4,4
7739,12125,16084,16,0,0,layered_block,circular,per_chunk,4,4
7740,12041,15958,16,0,0,layered_block,circular,per_chunk,4,4
7741,12000,15958,16,0,0,layered_block,circular,per_chunk,4,4
7742,12166,16125,16,0,0,layered_block,circular,per_chunk,4,4
7743,12083,16042,16,0,0,layered_block,circular,per_chunk,4,4
7744,12042,16000,16,0,0,layered_block,circular,per_chunk,4,4
7745,12084,15959,16,0,0,layered_block,circular,per_chunk,4,4
7746,12042,15959,16,0,0,layered_block,circular,per_chunk,4,4
7747,12292,16209,16,0,0,layered_block,circular,per_chunk,4,4
7748,12125,16042,16,0,0,layered_block,circular,per_chunk,4,4
7749,12083,16042,16,0,0,layered_block,circular,per_chunk,4,4
7750,13791,17625,16,0,0,layered_block,circular,per_chunk,4,4
7751,12291,16208,16,0,0,layered_block,circular,per_chunk,4,4
7752,111417,115625,16,0,0,layered_block,circular,per_chunk,4,4
7753,14250,18375,16,0,0,layered_block,circular,per_chunk,4,4
7754,12375,16333,16,0,0,layered_block,circular,per_chunk,4,4
7755,12208,16167,16,0,0,layered_block,circular,per_chunk,4,4
7756,111750,116042,16,0,0,layered_block,circular,per_chunk,4,4
7757,12417,16333,16,0,0,layered_block,circular,per_chunk,4,4
7758,69375,94375,16,0,0,layered_block,circular,per_chunk,4,4
7759,12125,16000,16,0,0,layered_block,circular,per_chunk,4,4
7760,12000,15958,16,0,0,layered_block,circular,per_chunk,4,4
7761,12125,15958,16,0,0,layered_block,circular,per_chunk,4,4
7762,12500,16500,16,0,0,layered_block,circular,per_chunk,4,4
7763,86500,111625,16,0,0,layered_block,circular,per_chunk,4,4
7764,12583,16458,16,0,0,layered_block,circular,per_chunk,4,4
7765,12375,16250,16,0,0,layered_block,circular,per_chunk,4,4
7766,12208,16000,16,0,0,layered_block,circular,per_chunk,4,4
7767,12125,16000,16,0,0,layered_block,circular,per_chunk,4,4
7768,12125,16000,16,0,0,layered_block,circular,per_chunk,4,4
7769,155583,160334,16,0,0,layered_block,circular,per_chunk,4,4
7770,12250,16084,16,0,0,layered_block,circular,per_chunk,4,4
7771,18583,22500,16,0,0,layered_block,circular,per_chunk,4,4
7772,12333,16292,16,0,0,layered_block,circular,per_chunk,4,4
7773,12417,16209,16,0,0,layered_block,circular,per_chunk,4,4
7774,144375,148666,16,0,0,layered_block,circular,per_chunk,4,4
7775,12041,15958,16,0,0,layered_block,circular,per_chunk,4,4
7776,12375,16292,16,0,0,layered_block,circular,per_chunk,4,4
7777,12167,16041,16,0,0,layered_block,circular,per_chunk,4,4
7778,12334,16250,16,0,0,layered_block,circular,per_chunk,4,4
7779,109958,114125,16,0,0,layered_block,circular,per_chunk,4,4
7780,12292,16209,16,0,0,layered_block,circular,per_chunk,4,4
7781,90792,95541,16,0,0,layered_block,circular,per_chunk,4,4
7782,12167,16041,16,0,0,layered_block,circular,per_chunk,4,4
7783,107208,111458,16,0,0,layered_block,circular,per_chunk,4,4
7784,12125,16042,16,0,0,layered_block,circular,per_chunk,4,4
7785,13000,18250,16,0,0,layered_block,circular,per_chunk,4,4
7786,12292,16250,16,0,0,layered_block,circular,per_chunk,4,4
7787,60917,86708,16,0,0,layered_block,circular,per_chunk,4,4
7788,12083,16083,16,0,0,layered_block,circular,per_chunk,4,4
7789,12417,16375,16,0,0,layered_block,circular,per_chunk,4,4
7790,12083,15959,16,0,0,layered_block,circular,per_chunk,4,4
7791,63083,88708,16,0,0,layered_block,circular,per_chunk,4,4
7792,12250,16250,16,0,0,layered_block,circular,per_chunk,4,4
7793,12333,16250,16,0,0,layered_block,circular,per_chunk,4,4
7794,12041,15958,16,0,0,layered_block,circular,per_chunk,4,4
7795,12166,16125,16,0,0,layered_block,circular,per_chunk,4,4
7796,12208,16125,16,0,0,layered_block,circular,per_chunk,4,4
7797,94917,116292,16,0,0,layered_block,circular,per_chunk,4,4
7798,12375,16250,16,0,0,layered_block,circular,per_chunk,4,4
7799,12459,16291,16,0,0,layered_block,circular,per_chunk,4,4
7800,142000,146041,16,0,0,layered_block,circular,per_chunk,4,4
7801,12166,16083,16,0,0,layered_block,circular,per_chunk,4,4
7802,12333,16250,16,0,0,layered_block,circular,per_chunk,4,4
7803,107834,144666,16,0,0,layered_block,circular,per_chunk,4,4
7804,12084,16000,16,0,0,layered_block,circular,per_chunk,4,4
7805,12125,16000,16,0,0,layered_block,circular,per_chunk,4,4
7806,12208,16084,16,0,0,layered_block,circular,per_chunk,4,4
7807,12166,16083,16,0,0,layered_block,circular,per_chunk,4,4
7808,12250,16042,16,0,0,layered_block,circular,per_chunk,4,4
7809,12208,16125,16,0,0,layered_block,circular,per_chunk,4,4
7810,81917,86334,16,0,0,layered_block,circular,per_chunk,4,4
7811,12083,16084,16,0,0,layered_block,circular,per_chunk,4,4
7812,12334,16208,16,0,0,layered_block,circular,per_chunk,4,4
7813,147375,157042,16,0,0,layered_block,circular,per_chunk,4,4
7814,12541,16375,16,0,0,layered_block,circular,per_chunk,4,4
7815,87333,107583,16,0,0,layered_block,circular,per_chunk,4,4
7816,12166,16000,16,0,0,layered_block,circular,per_chunk,4,4
7817,12167,16000,16,0,0,layered_block,circular,per_chunk,4,4
7818,12208,16125,16,0,0,layered_block,circular,per_chunk,4,4
7819,12125,16125,16,0,0,layered_block,circular,per_chunk,4,4
7820,12292,16208,16,0,0,layered_block,circular,per_chunk,4,4
7821,12167,16000,16,0,0,layered_block,circular,per_chunk,4,4
7822,12167,16084,16,0,0,layered_block,circular,per_chunk,4,4
7823,12125,16125,16,0,0,layered_block,circular,per_chunk,4,4
7824,12209,16083,16,0,0,layered_block,circular,per_chunk,4,4
7825,63667,91542,16,0,0,layered_block,circular,per_chunk,4,4
7826,12125,16000,16,0,0,layered_block,circular,per_chunk,4,4
7827,12791,16750,16,0,0,layered_block,circular,per_chunk,4,4
7828,12083,16000,16,0,0,layered_block,circular,per_chunk,4,4
7829,11916,16083,16,0,0,layered_block,circular,per_chunk,4,4
7830,12125,16000,16,0,0,layered_block,circular,per_chunk,4,4
7831,12125,16000,16,0,0,layered_block,circular,per_chunk,4,4
7832,12042,15959,16,0,0,layered_block,circular,per_chunk,4,4
7833,12125,16000,16,0,0,layered_block,circular,per_chunk,4,4
7834,12250,16041,16,0,0,layered_block,circular,per_chunk,4,4
7835,12042,16000,16,0,0,layered_block,circular,per_chunk,4,4
7836,20416,24417,16,0,0,layered_block,circular,per_chunk,4,4
7837,12083,15959,16,0,0,layered_block,circular,per_chunk,4,4
7838,12166,16250,16,0,0,layered_block,circular,per_chunk,4,4
7839,12125,16042,16,0,0,layered_block,circular,per_chunk,4,4
7840,12083,15958,16,0,0,layered_block,circular,per_chunk,4,4
7841,12208,16083,16,0,0,layered_block,circular,per_chunk,4,4
7842,12125,16042,16,0,0,layered_block,circular,per_chunk,4,4
7843,12416,16250,16,0,0,layered_block,circular,per_chunk,4,4
7844,12250,16167,16,0,0,layered_block,circular,per_chunk,4,4
7845,12834,17125,16,0,0,layered_block,circular,per_chunk,4,4
7846,12084,15958,16,0,0,layered_block,circular,per_chunk,4,4
7847,12292,16125,16,0,0,layered_block,circular,per_chunk,4,4
7848,12583,16750,16,0,0,layered_block,circular,per_chunk,4,4
7849,12250,16125,16,0,0,layered_block,circular,per_chunk,4,4
7850,12250,16167,16,0,0,layered_block,circular,per_chunk,4,4
7851,12375,16333,16,0,0,layered_block,circular,per_chunk,4,4
7852,12209,16083,16,0,0,layered_block,circular,per_chunk,4,4
7853,12125,16041,16,0,0,layered_block,circular,per_chunk,4,4
7854,12250,16167,16,0,0,layered_block,circular,per_chunk,4,4
7855,12167,16084,16,0,0,layered_block,circular,per_chunk,4,4
7856,12417,16250,16,0,0,layered_block,circular,per_chunk,4,4
7857,12167,16042,16,0,0,layered_block,circular,per_chunk,4,4
7858,12500,16416,16,0,0,layered_block,circular,per_chunk,4,4
7859,12417,16250,16,0,0,layered_block,circular,per_chunk,4,4
7860,12208,16041,16,0,0,layered_block,circular,per_chunk,4,4
7861,12084,16209,16,0,0,layered_block,circular,per_chunk,4,4
7862,12208,16125,16,0,0,layered_block,circular,per_chunk,4,4
7863,12291,16250,16,0,0,layered_block,circular,per_chunk,4,4
7864,12209,16084,16,0,0,layered_block,circular,per_chunk,4,4
7865,12291,16208,16,0,0,layered_block,circular,per_chunk,4,4
7866,12000,15959,16,0,0,layered_block,circular,per_chunk,4,4
7867,12167,16125,16,0,0,layered_block,circular,per_chunk,4,4
7868,12333,16250,16,0,0,layered_block,circular,per_chunk,4,4
7869,12167,16000,16,0,0,layered_block,circular,per_chunk,4,4
7870,12584,16791,16,0,0,layered_block,circular,per_chunk,4,4
7871,12208,16125,16,0,0,layered_block,circular,per_chunk,4,4
7872,12041,16000,16,0,0,layered_block,circular,per_chunk,4,4
7873,12042,15959,16,0,0,layered_block,circular,per_chunk,4,4
7874,12500,16458,16,0,0,layered_block,circular,per_chunk,4,4
7875,12166,16042,16,0,0,layered_block,circular,per_chunk,4,4
7876,12042,15916,16,0,0,layered_block,circular,per_chunk,4,4
7877,12083,16000,16,0,0,layered_block,circular,per_chunk,4,4
7878,12167,16083,16,0,0,layered_block,circular,per_chunk,4,4
7879,12167,16041,16,0,0,layered_block,circular,per_chunk,4,4
7880,12250,16208,16,0,0,layered_block,circular,per_chunk,4,4
7881,12167,16000,16,0,0,layered_block,circular,per_chunk,4,4
7882,12166,16083,16,0,0,layered_block,circular,per_chunk,4,4
7883,12917,22875,16,0,0,layered_block,circular,per_chunk,4,4
7884,12208,16041,16,0,0,layered_block,circular,per_chunk,4,4
7885,12166,16125,16,0,0,layered_block,circular,per_chunk,4,4
7886,12166,16000,16,0,0,layered_block,circular,per_chunk,4,4
7887,12583,16417,16,0,0,layered_block,circular,per_chunk,4,4
7888,12208,16084,16,0,0,layered_block,circular,per_chunk,4,4
7889,12167,16084,16,0,0,layered_block,circular,per_chunk,4,4
7890,12042,15958,16,0,0,layered_block,circular,per_chunk,4,4
7891,12000,15917,16,0,0,layered_block,circular,per_chunk,4,4
7892,12125,16000,16,0,0,layered_block,circular,per_chunk,4,4
7893,12000,15958,16,0,0,layered_block,circular,per_chunk,4,4
7894,12125,16000,16,0,0,layered_block,circular,per_chunk,4,4
7895,12208,16125,16,0,0,layered_block,circular,per_chunk,4,4
7896,12250,16125,16,0,0,layered_block,circular,per_chunk,4,4
7897,12167,16083,16,0,0,layered_block,circular,per_chunk,4,4
7898,12166,16042,16,0,0,layered_block,circular,per_chunk,4,4
7899,12167,16000,16,0,0,layered_block,circular,per_chunk,4,4
7900,12125,16041,16,0,0,layered_block,circular,per_chunk,4,4
7901,12584,16458,16,0,0,layered_block,circular,per_chunk,4,4
7902,12083,15917,16,0,0,layered_block,circular,per_chunk,4,4
7903,12334,16250,16,0,0,layered_block,circular,per_chunk,4,4
7904,12250,16208,16,0,0,layered_block,circular,per_chunk,4,4
7905,12125,16083,16,0,0,layered_block,circular,per_chunk,4,4
7906,12125,16000,16,0,0,layered_block,circular,per_chunk,4,4
7907,12292,16209,16,0,0,layered_block,circular,per_chunk,4,4
7908,12209,16041,16,0,0,layered_block,circular,per_chunk,4,4
7909,12041,15958,16,0,0,layered_block,circular,per_chunk,4,4
7910,12125,16041,16,0,0,layered_block,circular,per_chunk,4,4
7911,12167,16041,16,0,0,layered_block,circular,per_chunk,4,4
7912,12083,16042,16,0,0,layered_block,circular,per_chunk,4,4
7913,12167,16042,16,0,0,layered_block,circular,per_chunk,4,4
7914,12250,16208,16,0,0,layered_block,circular,per_chunk,4,4
7915,12042,16041,16,0,0,layered_block,circular,per_chunk,4,4
7916,17333,21500,16,0,0,layered_block,circular,per_chunk,4,4
7917,12042,15959,16,0,0,layered_block,circular,per_chunk,4,4
7918,12209,16291,16,0,0,layered_block,circular,per_chunk,4,4
7919,12125,16000,16,0,0,layered_block,circular,per_chunk,4,4
7920,12334,16208,16,0,0,layered_block,circular,per_chunk,4,4
7921,12417,16250,16,0,0,layered_block,circular,per_chunk,4,4
7922,12166,16083,16,0,0,layered_block,circular,per_chunk,4,4
7923,12125,16000,16,0,0,layered_block,circular,per_chunk,4,4
7924,12208,16125,16,0,0,layered_block,circular,per_chunk,4,4
7925,12291,22042,16,0,0,layered_block,circular,per_chunk,4,4
7926,12167,16042,16,0,0,layered_block,circular,per_chunk,4,4
7927,12042,15958,16,0,0,layered_block,circular,per_chunk,4,4
7928,12042,16042,16,0,0,layered_block,circular,per_chunk,4,4
7929,12208,16042,16,0,0,layered_block,circular,per_chunk,4,4
7930,11916,16000,16,0,0,layered_block,circular,per_chunk,4,4
7931,12167,16083,16,0,0,layered_block,circular,per_chunk,4,4
7932,12083,15959,16,0,0,layered_block,circular,per_chunk,4,4
7933,12042,16000,16,0,0,layered_block,circular,per_chunk,4,4
7934,12250,16041,16,0,0,layered_block,circular,per_chunk,4,4
7935,12125,16042,16,0,0,layered_block,circular,per_chunk,4,4
7936,12084,16041,16,0,0,layered_block,circular,per_chunk,4,4
7937,12125,15959,16,0,0,layered_block,circular,per_chunk,4,4
7938,12166,16125,16,0,0,layered_block,circular,per_chunk,4,4
7939,12084,16000,16,0,0,layered_block,circular,per_chunk,4,4
7940,12167,16041,16,0,0,layered_block,circular,per_chunk,4,4
7941,12375,16250,16,0,0,layered_block,circular,per_chunk,4,4
7942,12292,16250,16,0,0,layered_block,circular,per_chunk,4,4
7943,12209,16041,16,0,0,layered_block,circular,per_chunk,4,4
7944,12291,16208,16,0,0,layered_block,circular,per_chunk,4,4
7945,18875,22791,16,0,0,layered_block,circular,per_chunk,4,4
7946,12375,16250,16,0,0,layered_block,circular,per_chunk,4,4
7947,12125,16042,16,0,0,layered_block,circular,per_chunk,4,4
7948,12083,16042,16,0,0,layered_block,circular,per_chunk,4,4
7949,12125,16125,16,0,0,layered_block,circular,per_chunk,4,4
7950,12083,16000,16,0,0,layered_block,circular,per_chunk,4,4
7951,12416,16292,16,0,0,layered_block,circular,per_chunk,4,4
7952,12208,16084,16,0,0,layered_block,circular,per_chunk,4,4
7953,12334,16291,16,0,0,layered_block,circular,per_chunk,4,4
7954,12166,16083,16,0,0,layered_block,circular,per_chunk,4,4
7955,20167,24209,16,0,0,layered_block,circular,per_chunk,4,4
7956,12083,16000,16,0,0,layered_block,circular,per_chunk,4,4
7957,11958,16084,16,0,0,layered_block,circular,per_chunk,4,4
7958,12167,16084,16,0,0,layered_block,circular,per_chunk,4,4
7959,12083,16000,16,0,0,layered_block,circular,per_chunk,4,4
7960,12000,16041,16,0,0,layered_block,circular,per_chunk,4,4
7961,12167,16125,16,0,0,layered_block,circular,per_chunk,4,4
7962,12209,16083,16,0,0,layered_block,circular,per_chunk,4,4
7963,12292,16291,16,0,0,layered_block,circular,per_chunk,4,4
7964,12334,16208,16,0,0,layered_block,circular,per_chunk,4,4
7965,12292,16125,16,0,0,layered_block,circular,per_chunk,4,4
7966,12209,16250,16,0,0,layered_block,circular,per_chunk,4,4
7967,12208,16000,16,0,0,layered_block,circular,per_chunk,4,4
7968,12084,16000,16,0,0,layered_block,circular,per_chunk,4,4
7969,12250,16167,16,0,0,layered_block,circular,per_chunk,4,4
7970,12083,16000,16,0,0,layered_block,circular,per_chunk,4,4
7971,12083,16000,16,0,0,layered_block,circular,per_chunk,4,4
7972,12208,16042,16,0,0,layered_block,circular,per_chunk,4,4
7973,12083,16042,16,0,0,layered_block,circular,per_chunk,4,4
7974,12125,16041,16,0,0,layered_block,circular,per_chunk,4,4
7975,12167,15958,16,0,0,layered_block,circular,per_chunk,4,4
7976,12250,16209,16,0,0,layered_block,circular,per_chunk,4,4
7977,12083,15958,16,0,0,layered_block,circular,per_chunk,4,4
7978,12084,16000,16,0,0,layered_block,circular,per_chunk,4,4
7979,12041,16000,16,0,0,layered_block,circular,per_chunk,4,4
7980,12709,22500,16,0,0,layered_block,circular,per_chunk,4,4
7981,12209,16000,16,0,0,layered_block,circular,per_chunk,4,4
7982,12292,16209,16,0,0,layered_block,circular,per_chunk,4,4
7983,19833,23750,16,0,0,layered_block,circular,per_chunk,4,4
7984,12125,16042,16,0,0,layered_block,circular,per_chunk,4,4
7985,11917,16042,16,0,0,layered_block,circular,per_chunk,4,4
7986,12208,16166,16,0,0,layered_block,circular,per_chunk,4,4
7987,12417,16250,16,0,0,layered_block,circular,per_chunk,4,4
7988,12125,16083,16,0,0,layered_block,circular,per_chunk,4,4
7989,12125,16041,16,0,0,layered_block,circular,per_chunk,4,4
7990,12083,16000,16,0,0,layered_block,circular,per_chunk,4,4
7991,12083,16000,16,0,0,layered_block,circular,per_chunk,4,4
7992,12041,16000,16,0,0,layered_block,circular,per_chunk,4,4
7993,12083,16000,16,0,0,layered_block,circular,per_chunk,4,4
7994,12125,16000,16,0,0,layered_block,circular,per_chunk,4,4
7995,12167,16084,16,0,0,layered_block,circular,per_chunk,4,4
7996,12209,16041,16,0,0,layered_block,circular,per_chunk,4,4
7997,12084,15959,16,0,0,layered_block,circular,per_chunk,4,4
7998,21375,25250,16,0,0,layered_block,circular,per_chunk,4,4
7999,12125,16042,16,0,0,layered_block,circular,per_chunk,4,4
8000,12334,16208,16,0,0,layered_block,circular,per_chunk,4,4
8001,12250,16209,16,0,0,layered_block,circular,per_chunk,4,4
8002,12125,16000,16,0,0,layered_block,circular,per_chunk,4,4
8003,12417,16334,16,0,0,layered_block,circular,per_chunk,4,4
8004,12333,16250,16,0,0,layered_block,circular,per_chunk,4,4
8005,12166,16000,16,0,0,layered_block,circular,per_chunk,4,4
8006,12166,16042,16,0,0,layered_block,circular,per_chunk,4,4
8007,12292,16417,16,0,0,layered_block,circular,per_chunk,4,4
8008,12083,16000,16,0,0,layered_block,circular,per_chunk,4,4
8009,12209,16083,16,0,0,layered_block,circular,per_chunk,4,4
8010,12167,16084,16,0,0,layered_block,circular,per_chunk,4,4
8011,12208,16041,16,0,0,layered_block,circular,per_chunk,4,4
8012,12250,16167,16,0,0,layered_block,circular,per_chunk,4,4
8013,12125,16041,16,0,0,layered_block,circular,per_chunk,4,4
8014,12208,16000,16,0,0,layered_block,circular,per_chunk,4,4
8015,12125,15959,16,0,0,layered_block,circular,per_chunk,4,4
8016,12375,16250,16,0,0,layered_block,circular,per_chunk,4,4
8017,12166,16083,16,0,0,layered_block,circular,per_chunk,4,4
8018,11875,16041,16,0,0,layered_block,circular,per_chunk,4,4
8019,12125,16042,16,0,0,layered_block,circular,per_chunk,4,4
8020,12083,16041,16,0,0,layered_block,circular,per_chunk,4,4
8021,12292,16208,16,0,0,layered_block,circular,per_chunk,4,4
8022,12584,22584,16,0,0,layered_block,circular,per_chunk,4,4
8023,12042,15958,16,0,0,layered_block,circular,per_chunk,4,4
8024,12292,16250,16,0,0,layered_block,circular,per_chunk,4,4
8025,12084,15958,16,0,0,layered_block,circular,per_chunk,4,4
8026,12084,16000,16,0,0,layered_block,circular,per_chunk,4,4
8027,12167,16125,16,0,0,layered_block,circular,per_chunk,4,4
8028,12125,16042,16,0,0,layered_block,circular,per_chunk,4,4
8029,12042,15959,16,0,0,layered_block,circular,per_chunk,4,4
8030,12042,16000,16,0,0,layered_block,circular,per_chunk,4,4
8031,12125,16041,16,0,0,layered_block,circular,per_chunk,4,4
8032,12375,16250,16,0,0,layered_block,circular,per_chunk,4,4
8033,12250,16041,16,0,0,layered_block,circular,per_chunk,4,4
8034,12041,15917,16,0,0,layered_block,circular,per_chunk,4,4
8035,12166,16084,16,0,0,layered_block,circular,per_chunk,4,4
8036,12291,16125,16,0,0,layered_block,circular,per_chunk,4,4
8037,12208,16042,16,0,0,layered_block,circular,per_chunk,4,4
8038,12292,16208,16,0,0,layered_block,circular,per_chunk,4,4
8039,12084,15958,16,0,0,layered_block,circular,per_chunk,4,4
8040,12458,16292,16,0,0,layered_block,circular,per_chunk,4,4
8041,12125,16000,16,0,0,layered_block,circular,per_chunk,4,4
8042,12042,15959,16,0,0,layered_block,circular,per_chunk,4,4
8043,12208,16000,16,0,0,layered_block,circular,per_chunk,4,4
8044,12000,15917,16,0,0,layered_block,circular,per_chunk,4,4
8045,12125,16000,16,0,0,layered_block,circular,per_chunk,4,4
8046,12000,15916,16,0,0,layered_block,circular,per_chunk,4,4
8047,12041,16000,16,0,0,layered_block,circular,per_chunk,4,4
8048,12125,16084,16,0,0,layered_block,circular,per_chunk,4,4
8049,12167,16042,16,0,0,layered_block,circular,per_chunk,4,4
8050,12500,16375,16,0,0,layered_block,circular,per_chunk,4,4
8051,12125,16000,16,0,0,layered_block,circular,per_chunk,4,4
8052,12042,16000,16,0,0,layered_block,circular,per_chunk,4,4
8053,12125,16000,16,0,0,layered_block,circular,per_chunk,4,4
8054,12042,16000,16,0,0,layered_block,circular,per_chunk,4,4
8055,12000,15958,16,0,0,layered_block,circular,per_chunk,4,4
8056,19541,23500,16,0,0,layered_block,circular,per_chunk,4,4
8057,12083,16000,16,0,0,layered_block,circular,per_chunk,4,4
8058,12208,16083,16,0,0,layered_block,circular,per_chunk,4,4
8059,12208,16125,16,0,0,layered_block,circular,per_chunk,4,4
8060,12166,16042,16,0,0,layered_block,circular,per_chunk,4,4
8061,12125,16000,16,0,0,layered_block,circular,per_chunk,4,4
8062,12125,16042,16,0,0,layered_block,circular,per_chunk,4,4
8063,12125,16084,16,0,0,layered_block,circular,per_chunk,4,4
8064,12083,16000,16,0,0,layered_block,circular,per_chunk,4,4
8065,12083,16000,16,0,0,layered_block,circular,per_chunk,4,4
8066,12083,16084,16,0,0,layered_block,circular,per_chunk,4,4
8067,12125,16125,16,0,0,layered_block,circular,per_chunk,4,4
8068,12083,16000,16,0,0,layered_block,circular,per_chunk,4,4
8069,12209,16041,16,0,0,layered_block,circular,per_chunk,4,4
8070,12333,16209,16,0,0,layered_block,circular,per_chunk,4,4
8071,12375,16167,16,0,0,layered_block,circular,per_chunk,4,4
8072,12167,16042,16,0,0,layered_block,circular,per_chunk,4,4
8073,12209,16083,16,0,0,layered_block,circular,per_chunk,4,4
8074,12042,15917,16,0,0,layered_block,circular,per_chunk,4,4
8075,12083,15958,16,0,0,layered_block,circular,per_chunk,4,4
8076,12291,16083,16,0,0,layered_block,circular,per_chunk,4,4
8077,12083,15958,16,0,0,layered_block,circular,per_chunk,4,4
8078,11917,16000,16,0,0,layered_block,circular,per_chunk,4,4
8079,12167,16041,16,0,0,layered_block,circular,per_chunk,4,4
8080,12292,16167,16,0,0,layered_block,circular,per_chunk,4,4
8081,12084,15958,16,0,0,layered_block,circular,per_chunk,4,4
8082,12042,15917,16,0,0,layered_block,circular,per_chunk,4,4
8083,12125,16042,16,0,0,layered_block,circular,per_chunk,4,4
8084,12042,15959,16,0,0,layered_block,circular,per_chunk,4,4
8085,12084,15959,16,0,0,layered_block,circular,per_chunk,4,4
8086,12125,16042,16,0,0,layered_block,circular,per_chunk,4,4
8087,12125,15959,16,0,0,layered_block,circular,per_chunk,4,4
8088,12084,15958,16,0,0,layered_block,circular,per_chunk,4,4
8089,12042,15917,16,0,0,layered_block,circular,per_chunk,4,4
8090,12042,15958,16,0,0,layered_block,circular,per_chunk,4,4
8091,12208,16083,16,0,0,layered_block,circular,per_chunk,4,4
8092,12166,15958,16,0,0,layered_block,circular,per_chunk,4,4
8093,12167,16083,16,0,0,layered_block,circular,per_chunk,4,4
8094,12125,16041,16,0,0,layered_block,circular,per_chunk,4,4
8095,11959,15916,16,0,0,layered_block,circular,per_chunk,4,4
8096,12291,16125,16,0,0,layered_block,circular,per_chunk,4,4
8097,12125,15958,16,0,0,layered_block,circular,per_chunk,4,4
8098,12334,16167,16,0,0,layered_block,circular,per_chunk,4,4
8099,12291,16125,16,0,0,layered_block,circular,per_chunk,4,4
8100,12041,15958,16,0,0,layered_block,circular,per_chunk,4,4
8101,12334,16209,16,0,0,layered_block,circular,per_chunk,4,4
8102,12125,15958,16,0,0,layered_block,circular,per_chunk,4,4
8103,12083,15958,16,0,0,layered_block,circular,per_chunk,4,4
8104,12209,16000,16,0,0,layered_block,circular,per_chunk,4,4
8105,12083,15917,16,0,0,layered_block,circular,per_chunk,4,4
8106,12000,15917,16,0,0,layered_block,circular,per_chunk,4,4
8107,12250,16083,16,0,0,layered_block,circular,per_chunk,4,4
8108,12208,16000,16,0,0,layered_block,circular,per_chunk,4,4
8109,12042,15917,16,0,0,layered_block,circular,per_chunk,4,4
8110,12125,16000,16,0,0,layered_block,circular,per_chunk,4,4
8111,12084,16000,16,0,0,layered_block,circular,per_chunk,4,4
8112,12250,16125,16,0,0,layered_block,circular,per_chunk,4,4
8113,12125,15958,16,0,0,layered_block,circular,per_chunk,4,4
8114,12041,15958,16,0,0,layered_block,circular,per_chunk,4,4
8115,12042,16000,16,0,0,layered_block,circular,per_chunk,4,4
8116,12250,16083,16,0,0,layered_block,circular,per_chunk,4,4
8117,11958,15917,16,0,0,layered_block,circular,per_chunk,4,4
8118,12125,21584,16,0,0,layered_block,circular,per_chunk,4,4
8119,12167,15917,16,0,0,layered_block,circular,per_chunk,4,4
8120,12416,16333,16,0,0,layered_block,circular,per_chunk,4,4
8121,12125,15959,16,0,0,layered_block,circular,per_chunk,4,4
8122,12375,16209,16,0,0,layered_block,circular,per_chunk,4,4
8123,12000,15917,16,0,0,layered_block,circular,per_chunk,4,4
8124,12042,15917,16,0,0,layered_block,circular,per_chunk,4,4
8125,12292,16125,16,0,0,layered_block,circular,per_chunk,4,4
8126,11959,16000,16,0,0,layered_block,circular,per_chunk,4,4
8127,12500,16500,16,0,0,layered_block,circular,per_chunk,4,4
8128,12125,15958,16,0,0,layered_block,circular,per_chunk,4,4
8129,12042,15958,16,0,0,layered_block,circular,per_chunk,4,4
8130,12167,16041,16,0,0,layered_block,circular,per_chunk,4,4
8131,12166,16083,16,0,0,layered_block,circular,per_chunk,4,4
8132,12167,15959,16,0,0,layered_block,circular,per_chunk,4,4
8133,12125,16000,16,0,0,layered_block,circular,per_chunk,4,4
8134,12125,16000,16,0,0,layered_block,circular,per_chunk,4,4
8135,11917,16041,16,0,0,layered_block,circular,per_chunk,4,4
8136,12333,16208,16,0,0,layered_block,circular,per_chunk,4,4
8137,12417,16334,16,0,0,layered_block,circular,per_chunk,4,4
8138,12041,16000,16,0,0,layered_block,circular,per_chunk,4,4
8139,12125,15958,16,0,0,layered_block,circular,per_chunk,4,4
8140,12250,16000,16,0,0,layered_block,circular,per_chunk,4,4
8141,12125,16000,16,0,0,layered_block,circular,per_chunk,4,4
8142,12042,15916,16,0,0,layered_block,circular,per_chunk,4,4
8143,12042,15959,16,0,0,layered_block,circular,per_chunk,4,4
8144,19542,23459,16,0,0,layered_block,circular,per_chunk,4,4
8145,12084,15958,16,0,0,layered_block,circular,per_chunk,4,4
8146,12125,16000,16,0,0,layered_block,circular,per_chunk,4,4
8147,12500,23125,16,0,0,layered_block,circular,per_chunk,4,4
8148,12167,16042,16,0,0,layered_block,circular,per_chunk,4,4
8149,12084,15916,16,0,0,layered_block,circular,per_chunk,4,4
8150,12083,15959,16,0,0,layered_block,circular,per_chunk,4,4
8151,12125,16041,16,0,0,layered_block,circular,per_chunk,4,4
8152,12041,15958,16,0,0,layered_block,circular,per_chunk,4,4
8153,12292,16042,16,0,0,layered_block,circular,per_chunk,4,4
8154,12208,16167,16,0,0,layered_block,circular,per_chunk,4,4
8155,12000,16000,16,0,0,layered_block,circular,per_chunk,4,4
8156,12042,15959,16,0,0,layered_block,circular,per_chunk,4,4
8157,12125,16041,16,0,0,layered_block,circular,per_chunk,4,4
8158,12083,16042,16,0,0,layered_block,circular,per_chunk,4,4
8159,12208,16000,16,0,0,layered_block,circular,per_chunk,4,4
8160,12500,16375,16,0,0,layered_block,circular,per_chunk,4,4
8161,12083,16000,16,0,0,layered_block,circular,per_chunk,4,4
8162,12125,15958,16,0,0,layered_block,circular,per_chunk,4,4
8163,12084,15959,16,0,0,layered_block,circular,per_chunk,4,4
8164,19125,23083,16,0,0,layered_block,circular,per_chunk,4,4
8165,12042,15875,16,0,0,layered_block,circular,per_chunk,4,4
8166,12125,15958,16,0,0,layered_block,circular,per_chunk,4,4
8167,12125,22167,16,0,0,layered_block,circular,per_chunk,4,4
8168,12000,15916,16,0,0,layered_block,circular,per_chunk,4,4
8169,12084,15958,16,0,0,layered_block,circular,per_chunk,4,4
8170,12292,16167,16,0,0,layered_block,circular,per_chunk,4,4
8171,12042,15958,16,0,0,layered_block,circular,per_chunk,4,4
8172,12291,16083,16,0,0,layered_block,circular,per_chunk,4,4
8173,12125,15959,16,0,0,layered_block,circular,per_chunk,4,4
8174,12041,15958,16,0,0,layered_block,circular,per_chunk,4,4
8175,12084,15959,16,0,0,layered_block,circular,per_chunk,4,4
8176,12042,15917,16,0,0,layered_block,circular,per_chunk,4,4
8177,12042,15958,16,0,0,layered_block,circular,per_chunk,4,4
8178,12208,16000,16,0,0,layered_block,circular,per_chunk,4,4
8179,12000,15875,16,0,0,layered_block,circular,per_chunk,4,4
8180,12166,16041,16,0,0,layered_block,circular,per_chunk,4,4
8181,12500,16292,16,0,0,layered_block,circular,per_chunk,4,4
8182,11916,16000,16,0,0,layered_block,circular,per_chunk,4,4
8183,12083,16000,16,0,0,layered_block,circular,per_chunk,4,4
8184,12167,16000,16,0,0,layered_block,circular,per_chunk,4,4
8185,12125,15917,16,0,0,layered_block,circular,per_chunk,4,4
8186,12167,16000,16,0,0,layered_block,circular,per_chunk,4,4
8187,14000,18667,16,0,0,layered_block,circular,per_chunk,4,4
8188,12209,16042,16,0,0,layered_block,circular,per_chunk,4,4
8189,12083,15959,16,0,0,layered_block,circular,per_chunk,4,4
8190,12209,15959,16,0,0,layered_block,circular,per_chunk,4,4
8191,12167,16042,16,0,0,layered_block,circular,per_chunk,4,4
8192,12083,15959,16,0,0,layered_block,circular,per_chunk,4,4
8193,12041,15916,16,0,0,layered_block,circular,per_chunk,4,4
8194,12083,16000,16,0,0,layered_block,circular,per_chunk,4,4
8195,12000,15875,16,0,0,layered_block,circular,per_chunk,4,4
8196,12167,16042,16,0,0,layered_block,circular,per_chunk,4,4
8197,12250,16083,16,0,0,layered_block,circular,per_chunk,4,4
8198,12166,16042,16,0,0,layered_block,circular,per_chunk,4,4
8199,12208,16167,16,0,0,layered_block,circular,per_chunk,4,4
8200,12125,16042,16,0,0,layered_block,circular,per_chunk,4,4
8201,12083,15958,16,0,0,layered_block,circular,per_chunk,4,4
8202,12083,15958,16,0,0,layered_block,circular,per_chunk,4,4
8203,12041,15916,16,0,0,layered_block,circular,per_chunk,4,4
8204,12250,16083,16,0,0,layered_block,circular,per_chunk,4,4
8205,12209,16000,16,0,0,layered_block,circular,per_chunk,4,4
8206,12125,16000,16,0,0,layered_block,circular,per_chunk,4,4
8207,12000,15916,16,0,0,layered_block,circular,per_chunk,4,4
8208,12542,16375,16,0,0,layered_block,circular,per_chunk,4,4
8209,12250,16125,16,0,0,layered_block,circular,per_chunk,4,4
8210,12208,16125,16,0,0,layered_block,circular,per_chunk,4,4
8211,12167,16000,16,0,0,layered_block,circular,per_chunk,4,4
8212,12250,16084,16,0,0,layered_block,circular,per_chunk,4,4
8213,12375,16208,16,0,0,layered_block,circular,per_chunk,4,4
8214,12167,16042,16,0,0,layered_block,circular,per_chunk,4,4
8215,12083,15959,16,0,0,layered_block,circular,per_chunk,4,4
8216,12000,15917,16,0,0,layered_block,circular,per_chunk,4,4
8217,12167,15917,16,0,0,layered_block,circular,per_chunk,4,4
8218,12042,15916,16,0,0,layered_block,circular,per_chunk,4,4
8219,18458,22500,16,0,0,layered_block,circular,per_chunk,4,4
8220,12083,16000,16,0,0,layered_block,circular,per_chunk,4,4
8221,12292,16125,16,0,0,layered_block,circular,per_chunk,4,4
8222,12167,16000,16,0,0,layered_block,circular,per_chunk,4,4
8223,12167,15917,16,0,0,layered_block,circular,per_chunk,4,4
8224,11959,15959,16,0,0,layered_block,circular,per_chunk,4,4
8225,12041,15958,16,0,0,layered_block,circular,per_chunk,4,4
8226,12084,16000,16,0,0,layered_block,circular,per_chunk,4,4
8227,12000,15917,16,0,0,layered_block,circular,per_chunk,4,4
8228,12167,16042,16,0,0,layered_block,circular,per_chunk,4,4
8229,12125,16000,16,0,0,layered_block,circular,per_chunk,4,4
8230,12250,16208,16,0,0,layered_block,circular,per_chunk,4,4
8231,12500,16250,16,0,0,layered_block,circular,per_chunk,4,4
8232,12042,16042,16,0,0,layered_block,circular,per_chunk,4,4
8233,18875,22750,16,0,0,layered_block,circular,per_chunk,4,4
8234,12208,16042,16,0,0,layered_block,circular,per_chunk,4,4
8235,12125,16000,16,0,0,layered_block,circular,per_chunk,4,4
8236,12125,15958,16,0,0,layered_block,circular,per_chunk,4,4
8237,12083,15958,16,0,0,layered_block,circular,per_chunk,4,4
8238,12250,16042,16,0,0,layered_block,circular,per_chunk,4,4
8239,12083,15916,16,0,0,layered_block,circular,per_chunk,4,4
8240,12042,15917,16,0,0,layered_block,circular,per_chunk,4,4
8241,11875,16000,16,0,0,layered_block,circular,per_chunk,4,4
8242,12041,15958,16,0,0,layered_block,circular,per_chunk,4,4
8243,12083,15959,16,0,0,layered_block,circular,per_chunk,4,4
8244,12000,15875,16,0,0,layered_block,circular,per_chunk,4,4
8245,12208,16042,16,0,0,layered_block,circular,per_chunk,4,4
8246,12083,16042,16,0,0,layered_block,circular,per_chunk,4,4
8247,19958,23833,16,0,0,layered_block,circular,per_chunk,4,4
8248,12333,16167,16,0,0,layered_block,circular,per_chunk,4,4
8249,12292,16250,16,0,0,layered_block,circular,per_chunk,4,4
8250,12583,22709,16,0,0,layered_block,circular,per_chunk,4,4
8251,12416,16250,16,0,0,layered_block,circular,per_chunk,4,4
8252,12125,16000,16,0,0,layered_block,circular,per_chunk,4,4
8253,12125,16000,16,0,0,layered_block,circular,per_chunk,4,4
8254,12041,15958,16,0,0,layered_block,circular,per_chunk,4,4
8255,12291,16125,16,0,0,layered_block,circular,per_chunk,4,4
8256,19958,23875,16,0,0,layered_block,circular,per_chunk,4,4
8257,12041,15917,16,0,0,layered_block,circular,per_chunk,4,4
8258,12167,16000,16,0,0,layered_block,circular,per_chunk,4,4
8259,12292,16167,16,0,0,layered_block,circular,per_chunk,4,4
8260,12083,15958,16,0,0,layered_block,circular,per_chunk,4,4
8261,12459,16375,16,0,0,layered_block,circular,per_chunk,4,4
8262,12083,15916,16,0,0,layered_block,circular,per_chunk,4,4
8263,12125,15958,16,0,0,layered_block,circular,per_chunk,4,4
8264,12042,15917,16,0,0,layered_block,circular,per_chunk,4,4
8265,12125,15917,16,0,0,layered_block,circular,per_chunk,4,4
8266,12084,15958,16,0,0,layered_block,circular,per_chunk,4,4
8267,19167,23084,16,0,0,layered_block,circular,per_chunk,4,4
8268,12334,16125,16,0,0,layered_block,circular,per_chunk,4,4
8269,12042,15875,16,0,0,layered_block,circular,per_chunk,4,4
8270,12083,16000,16,0,0,layered_block,circular,per_chunk,4,4
8271,12333,16167,16,0,0,layered_block,circular,per_chunk,4,4
8272,12125,15959,16,0,0,layered_block,circular,per_chunk,4,4
8273,12083,15875,16,0,0,layered_block,circular,per_chunk,4,4
8274,12042,15917,16,0,0,layered_block,circular,per_chunk,4,4
8275,12042,15917,16,0,0,layered_block,circular,per_chunk,4,4
8276,12167,16042,16,0,0,layered_block,circular,per_chunk,4,4
8277,12083,15958,16,0,0,layered_block,circular,per_chunk,4,4
8278,12583,16708,16,0,0,layered_block,circular,per_chunk,4,4
8279,12167,16000,16,0,0,layered_block,circular,per_chunk,4,4
8280,12042,15958,16,0,0,layered_block,circular,per_chunk,4,4
8281,19291,23250,16,0,0,layered_block,circular,per_chunk,4,4
8282,12250,16167,16,0,0,layered_block,circular,per_chunk,4,4
8283,12125,16041,16,0,0,layered_block,circular,per_chunk,4,4
8284,12041,15917,16,0,0,layered_block,circular,per_chunk,4,4
8285,12083,16000,16,0,0,layered_block,circular,per_chunk,4,4
8286,12167,15958,16,0,0,layered_block,circular,per_chunk,4,4
8287,12041,15917,16,0,0,layered_block,circular,per_chunk,4,4
8288,12041,16000,16,0,0,layered_block,circular,per_chunk,4,4
8289,12250,16042,16,0,0,layered_block,circular,per_chunk,4,4
8290,12041,15917,16,0,0,layered_block,circular,per_chunk,4,4
8291,12208,16000,16,0,0,layered_block,circular,per_chunk,4,4
8292,12208,16084,16,0,0,layered_block,circular,per_chunk,4,4
8293,12042,15875,16,0,0,layered_block,circular,per_chunk,4,4
8294,11959,15875,16,0,0,layered_block,circular,per_chunk,4,4
8295,12042,15959,16,0,0,layered_block,circular,per_chunk,4,4
8296,12041,15875,16,0,0,layered_block,circular,per_chunk,4,4
8297,12333,16209,16,0,0,layered_block,circular,per_chunk,4,4
8298,11875,15916,16,0,0,layered_block,circular,per_chunk,4,4
8299,12125,15958,16,0,0,layered_block,circular,per_chunk,4,4
8300,12125,15917,16,0,0,layered_block,circular,per_chunk,4,4
8301,12083,16209,16,0,0,layered_block,circular,per_chunk,4,4
8302,20458,24417,16,0,0,layered_block,circular,per_chunk,4,4
8303,12209,16125,16,0,0,layered_block,circular,per_chunk,4,4
8304,12125,15959,16,0,0,layered_block,circular,per_chunk,4,4
8305,12042,15917,16,0,0,layered_block,circular,per_chunk,4,4
8306,12292,16125,16,0,0,layered_block,circular,per_chunk,4,4
8307,12209,16125,16,0,0,layered_block,circular,per_chunk,4,4
8308,12167,16250,16,0,0,layered_block,circular,per_chunk,4,4
8309,12250,16167,16,0,0,layered_block,circular,per_chunk,4,4
8310,12333,16167,16,0,0,layered_block,circular,per_chunk,4,4
8311,12375,16167,16,0,0,layered_block,circular,per_chunk,4,4
8312,12083,15959,16,0,0,layered_block,circular,per_chunk,4,4
8313,12459,16209,16,0,0,layered_block,circular,per_chunk,4,4
8314,12541,16333,16,0,0,layered_block,circular,per_chunk,4,4
8315,12375,16125,16,0,0,layered_block,circular,per_chunk,4,4
8316,12166,15958,16,0,0,layered_block,circular,per_chunk,4,4
8317,12083,15958,16,0,0,layered_block,circular,per_chunk,4,4
8318,12166,16000,16,0,0,layered_block,circular,per_chunk,4,4
8319,12250,16083,16,0,0,layered_block,circular,per_chunk,4,4
8320,12084,15959,16,0,0,layered_block,circular,per_chunk,4,4
8321,12125,16083,16,0,0,layered_block,circular,per_chunk,4,4
8322,12375,16167,16,0,0,layered_block,circular,per_chunk,4,4
8323,12208,16000,16,0,0,layered_block,circular,per_chunk,4,4
8324,12125,16042,16,0,0,layered_block,circular,per_chunk,4,4
8325,12125,15917,16,0,0,layered_block,circular,per_chunk,4,4
8326,12084,16000,16,0,0,layered_block,circular,per_chunk,4,4
8327,12292,16125,16,0,0,layered_block,circular,per_chunk,4,4
8328,12083,15959,16,0,0,layered_block,circular,per_chunk,4,4
8329,12125,15917,16,0,0,layered_block,circular,per_chunk,4,4
8330,12041,15958,16,0,0,layered_block,circular,per_chunk,4,4
8331,12167,16042,16,0,0,layered_block,circular,per_chunk,4,4
8332,12083,15875,16,0,0,layered_block,circular,per_chunk,4,4
8333,12042,15875,16,0,0,layered_block,circular,per_chunk,4,4
8334,12166,16041,16,0,0,layered_block,circular,per_chunk,4,4
8335,12291,16208,16,0,0,layered_block,circular,per_chunk,4,4
8336,12125,16042,16,0,0,layered_block,circular,per_chunk,4,4
8337,12334,16125,16,0,0,layered_block,circular,per_chunk,4,4
8338,12000,15875,16,0,0,layered_block,circular,per_chunk,4,4
8339,20417,24291,16,0,0,layered_block,circular,per_chunk,4,4
8340,12125,15958,16,0,0,layered_block,circular,per_chunk,4,4
8341,12084,15917,16,0,0,layered_block,circular,per_chunk,4,4
8342,12208,16167,16,0,0,layered_block,circular,per_chunk,4,4
8343,12084,15875,16,0,0,layered_block,circular,per_chunk,4,4
8344,12042,15917,16,0,0,layered_block,circular,per_chunk,4,4
8345,11958,15917,16,0,0,layered_block,circular,per_chunk,4,4
8346,19291,23208,16,0,0,layered_block,circular,per_chunk,4,4
8347,12167,15958,16,0,0,layered_block,circular,per_chunk,4,4
8348,12208,16084,16,0,0,layered_block,circular,per_chunk,4,4
8349,12417,16292,16,0,0,layered_block,circular,per_chunk,4,4
8350,12208,15958,16,0,0,layered_block,circular,per_chunk,4,4
8351,12416,16250,16,0,0,layered_block,circular,per_chunk,4,4
8352,11792,15958,16,0,0,layered_block,circular,per_chunk,4,4
8353,12083,15958,16,0,0,layered_block,circular,per_chunk,4,4
8354,12167,15917,16,0,0,layered_block,circular,per_chunk,4,4
8355,12167,16042,16,0,0,layered_block,circular,per_chunk,4,4
8356,12000,15916,16,0,0,layered_block,circular,per_chunk,4,4
8357,12208,15958,16,0,0,layered_block,circular,per_chunk,4,4
8358,12166,16292,16,0,0,layered_block,circular,per_chunk,4,4
8359,12000,16041,16,0,0,layered_block,circular,per_chunk,4,4
8360,20291,24166,16,0,0,layered_block,circular,per_chunk,4,4
8361,12167,15917,16,0,0,layered_block,circular,per_chunk,4,4
8362,12042,15958,16,0,0,layered_block,circular,per_chunk,4,4
8363,12041,15958,16,0,0,layered_block,circular,per_chunk,4,4
8364,12208,16000,16,0,0,layered_block,circular,per_chunk,4,4
8365,11958,15875,16,0,0,layered_block,circular,per_chunk,4,4
8366,12208,16084,16,0,0,layered_block,circular,per_chunk,4,4
8367,12209,16042,16,0,0,layered_block,circular,per_chunk,4,4
8368,12042,15917,16,0,0,layered_block,circular,per_chunk,4,4
8369,12125,15917,16,0,0,layered_block,circular,per_chunk,4,4
8370,12084,16000,16,0,0,layered_block,circular,per_chunk,4,4
8371,12334,16250,16,0,0,layered_block,circular,per_chunk,4,4
8372,11916,15916,16,0,0,layered_block,circular,per_chunk,4,4
8373,12291,16167,16,0,0,layered_block,circular,per_chunk,4,4
8374,12042,15958,16,0,0,layered_block,circular,per_chunk,4,4
8375,12167,16042,16,0,0,layered_block,circular,per_chunk,4,4
8376,12166,16000,16,0,0,layered_block,circular,per_chunk,4,4
8377,12042,15959,16,0,0,layered_block,circular,per_chunk,4,4
8378,12416,16292,16,0,0,layered_block,circular,per_chunk,4,4
8379,12125,15958,16,0,0,layered_block,circular,per_chunk,4,4
8380,12000,15875,16,0,0,layered_block,circular,per_chunk,4,4
8381,19583,23500,16,0,0,layered_block,circular,per_chunk,4,4
8382,12125,15958,16,0,0,layered_block,circular,per_chunk,4,4
8383,12417,16208,16,0,0,layered_block,circular,per_chunk,4,4
8384,12083,15916,16,0,0,layered_block,circular,per_chunk,4,4
8385,12125,16000,16,0,0,layered_block,circular,per_chunk,4,4
8386,12417,16167,16,0,0,layered_block,circular,per_chunk,4,4
8387,12125,15958,16,0,0,layered_block,circular,per_chunk,4,4
8388,12083,16000,16,0,0,layered_block,circular,per_chunk,4,4
8389,12375,16250,16,0,0,layered_block,circular,per_chunk,4,4
8390,12333,16208,16,0,0,layered_block,circular,per_chunk,4,4
8391,12042,15959,16,0,0,layered_block,circular,per_chunk,4,4
8392,12459,16334,16,0,0,layered_block,circular,per_chunk,4,4
8393,12291,16208,16,0,0,layered_block,circular,per_chunk,4,4
8394,12042,15917,16,0,0,layered_block,circular,per_chunk,4,4
8395,12084,16000,16,0,0,layered_block,circular,per_chunk,4,4
8396,83500,87625,16,0,0,layered_block,circular,per_chunk,4,4
8397,12625,22500,16,0,0,layered_block,circular,per_chunk,4,4
8398,12125,15917,16,0,0,layered_block,circular,per_chunk,4,4
8399,12500,16375,16,0,0,layered_block,circular,per_chunk,4,4
8400,12416,16208,16,0,0,layered_block,circular,per_chunk,4,4
8401,12083,15958,16,0,0,layered_block,circular,per_chunk,4,4
8402,12500,16292,16,0,0,layered_block,circular,per_chunk,4,4
8403,12083,15916,16,0,0,layered_block,circular,per_chunk,4,4
8404,12375,16250,16,0,0,layered_block,circular,per_chunk,4,4
8405,12167,16083,16,0,0,layered_block,circular,per_chunk,4,4
8406,12167,15958,16,0,0,layered_block,circular,per_chunk,4,4
8407,12333,16166,16,0,0,layered_block,circular,per_chunk,4,4
8408,12125,16000,16,0,0,layered_block,circular,per_chunk,4,4
8409,20500,24375,16,0,0,layered_block,circular,per_chunk,4,4
8410,12208,16000,16,0,0,layered_block,circular,per_chunk,4,4
8411,12125,15958,16,0,0,layered_block,circular,per_chunk,4,4
8412,11917,15875,16,0,0,layered_block,circular,per_chunk,4,4
8413,12250,16083,16,0,0,layered_block,circular,per_chunk,4,4
8414,12125,16000,16,0,0,layered_block,circular,per_chunk,4,4
8415,12084,16041,16,0,0,layered_block,circular,per_chunk,4,4
8416,12417,16292,16,0,0,layered_block,circular,per_chunk,4,4
8417,12125,15916,16,0,0,layered_block,circular,per_chunk,4,4
8418,11917,15917,16,0,0,layered_block,circular,per_chunk,4,4
8419,12083,15958,16,0,0,layered_block,circular,per_chunk,4,4
8420,12125,15875,16,0,0,layered_block,circular,per_chunk,4,4
8421,12167,16000,16,0,0,layered_block,circular,per_chunk,4,4
8422,12125,16000,16,0,0,layered_block,circular,per_chunk,4,4
8423,11959,16000,16,0,0,layered_block,circular,per_chunk,4,4
8424,12250,16167,16,0,0,layered_block,circular,per_chunk,4,4
8425,12375,16166,16,0,0,layered_block,circular,per_chunk,4,4
8426,12083,15958,16,0,0,layered_block,circular,per_chunk,4,4
8427,12125,15958,16,0,0,layered_block,circular,per_chunk,4,4
8428,19500,23333,16,0,0,layered_block,circular,per_chunk,4,4
8429,12000,15917,16,0,0,layered_block,circular,per_chunk,4,4
8430,12166,16000,16,0,0,layered_block,circular,per_chunk,4,4
8431,12083,15959,16,0,0,layered_block,circular,per_chunk,4,4
8432,12250,16167,16,0,0,layered_block,circular,per_chunk,4,4
8433,12083,16000,16,0,0,layered_block,circular,per_chunk,4,4
8434,12083,15958,16,0,0,layered_block,circular,per_chunk,4,4
8435,12041,15917,16,0,0,layered_block,circular,per_chunk,4,4
8436,12334,16084,16,0,0,layered_block,circular,per_chunk,4,4
8437,12042,15917,16,0,0,layered_block,circular,per_chunk,4,4
8438,12208,16167,16,0,0,layered_block,circular,per_chunk,4,4
8439,12375,16250,16,0,0,layered_block,circular,per_chunk,4,4
8440,12166,15958,16,0,0,layered_block,circular,per_chunk,4,4
8441,12667,16583,16,0,0,layered_block,circular,per_chunk,4,4
8442,12375,16208,16,0,0,layered_block,circular,per_chunk,4,4
8443,12042,16000,16,0,0,layered_block,circular,per_chunk,4,4
8444,12125,15959,16,0,0,layered_block,circular,per_chunk,4,4
8445,12208,16000,16,0,0,layered_block,circular,per_chunk,4,4
8446,12083,23500,16,0,0,layered_block,circular,per_chunk,4,4
8447,12416,16250,16,0,0,layered_block,circular,per_chunk,4,4
8448,12166,16000,16,0,0,layered_block,circular,per_chunk,4,4
8449,12125,15875,16,0,0,layered_block,circular,per_chunk,4,4
8450,12084,15917,16,0,0,layered_block,circular,per_chunk,4,4
8451,12042,15959,16,0,0,layered_block,circular,per_chunk,4,4
8452,12167,16084,16,0,0,layered_block,circular,per_chunk,4,4
8453,12041,15958,16,0,0,layered_block,circular,per_chunk,4,4
8454,12083,15959,16,0,0,layered_block,circular,per_chunk,4,4
8455,12042,15958,16,0,0,layered_block,circular,per_chunk,4,4
8456,12209,16084,16,0,0,layered_block,circular,per_chunk,4,4
8457,12125,16000,16,0,0,layered_block,circular,per_chunk,4,4
8458,12125,15958,16,0,0,layered_block,circular,per_chunk,4,4
8459,12000,15916,16,0,0,layered_block,circular,per_chunk,4,4
8460,12084,16000,16,0,0,layered_block,circular,per_chunk,4,4
8461,12250,16125,16,0,0,layered_block,circular,per_chunk,4,4
8462,12125,16000,16,0,0,layered_block,circular,per_chunk,4,4
8463,12042,15875,16,0,0,layered_block,circular,per_chunk,4,4
8464,12042,16000,16,0,0,layered_block,circular,per_chunk,4,4
8465,11958,15875,16,0,0,layered_block,circular,per_chunk,4,4
8466,12125,16000,16,0,0,layered_block,circular,per_chunk,4,4
8467,12291,16125,16,0,0,layered_block,circular,per_chunk,4,4
8468,12167,16000,16,0,0,layered_block,circular,per_chunk,4,4
8469,19334,23209,16,0,0,layered_block,circular,per_chunk,4,4
8470,12208,15958,16,0,0,layered_block,circular,per_chunk,4,4
8471,12333,16250,16,0,0,layered_block,circular,per_chunk,4,4
8472,12083,15958,16,0,0,layered_block,circular,per_chunk,4,4
8473,12250,16125,16,0,0,layered_block,circular,per_chunk,4,4
8474,12334,16416,16,0,0,layered_block,circular,per_chunk,4,4
8475,12166,15958,16,0,0,layered_block,circular,per_chunk,4,4
8476,12041,15958,16,0,0,layered_block,circular,per_chunk,4,4
8477,12208,16083,16,0,0,layered_block,circular,per_chunk,4,4
8478,12042,16000,16,0,0,layered_block,circular,per_chunk,4,4
8479,12083,15959,16,0,0,layered_block,circular,per_chunk,4,4
8480,11834,15917,16,0,0,layered_block,circular,per_chunk,4,4
8481,12500,16416,16,0,0,layered_block,circular,per_chunk,4,4
8482,12250,16083,16,0,0,layered_block,circular,per_chunk,4,4
8483,12084,15959,16,0,0,layered_block,circular,per_chunk,4,4
8484,12000,16125,16,0,0,layered_block,circular,per_chunk,4,4
8485,20125,24042,16,0,0,layered_block,circular,per_chunk,4,4
8486,12125,15917,16,0,0,layered_block,circular,per_chunk,4,4
8487,12041,15916,16,0,0,layered_block,circular,per_chunk,4,4
8488,12167,16042,16,0,0,layered_block,circular,per_chunk,4,4
8489,12125,15917,16,0,0,layered_block,circular,per_chunk,4,4
8490,12083,15916,16,0,0,layered_block,circular,per_chunk,4,4
8491,12125,16000,16,0,0,layered_block,circular,per_chunk,4,4
8492,12084,15959,16,0,0,layered_block,circular,per_chunk,4,4
8493,12125,15958,16,0,0,layered_block,circular,per_chunk,4,4
8494,12084,16000,16,0,0,layered_block,circular,per_chunk,4,4
8495,12166,23291,16,0,0,layered_block,circular,per_chunk,4,4
8496,12125,15917,16,0,0,layered_block,circular,per_chunk,4,4
8497,12375,16167,16,0,0,layered_block,circular,per_chunk,4,4
8498,12166,16000,16,0,0,layered_block,circular,per_chunk,4,4
8499,12083,15959,16,0,0,layered_block,circular,per_chunk,4,4
8500,19750,23667,16,0,0,layered_block,circular,per_chunk,4,4
8501,12167,15958,16,0,0,layered_block,circular,per_chunk,4,4
8502,12667,16541,16,0,0,layered_block,circular,per_chunk,4,4
8503,12500,16292,16,0,0,layered_block,circular,per_chunk,4,4
8504,12125,16000,16,0,0,layered_block,circular,per_chunk,4,4
8505,12250,16125,16,0,0,layered_block,circular,per_chunk,4,4
8506,12334,16166,16,0,0,layered_block,circular,per_chunk,4,4
8507,12084,15959,16,0,0,layered_block,circular,per_chunk,4,4
8508,12333,16209,16,0,0,layered_block,circular,per_chunk,4,4
8509,12042,15875,16,0,0,layered_block,circular,per_chunk,4,4
8510,12500,16333,16,0,0,layered_block,circular,per_chunk,4,4
8511,12208,16083,16,0,0,layered_block,circular,per_chunk,4,4
8512,12416,16208,16,0,0,layered_block,circular,per_chunk,4,4
8513,12125,16000,16,0,0,layered_block,circular,per_chunk,4,4
8514,12042,15958,16,0,0,layered_block,circular,per_chunk,4,4
8515,12083,15917,16,0,0,layered_block,circular,per_chunk,4,4
8516,12208,16042,16,0,0,layered_block,circular,per_chunk,4,4
8517,12083,15917,16,0,0,layered_block,circular,per_chunk,4,4
8518,12042,15917,16,0,0,layered_block,circular,per_chunk,4,4
8519,12083,15958,16,0,0,layered_block,circular,per_chunk,4,4
8520,12208,16000,16,0,0,layered_block,circular,per_chunk,4,4
8521,12083,15958,16,0,0,layered_block,circular,per_chunk,4,4
8522,12125,22042,16,0,0,layered_block,circular,per_chunk,4,4
8523,12250,16125,16,0,0,layered_block,circular,per_chunk,4,4
8524,12000,15917,16,0,0,layered_block,circular,per_chunk,4,4
8525,12125,16000,16,0,0,layered_block,circular,per_chunk,4,4
8526,12333,16167,16,0,0,layered_block,circular,per_chunk,4,4
8527,12208,16000,16,0,0,layered_block,circular,per_chunk,4,4
8528,12084,15959,16,0,0,layered_block,circular,per_chunk,4,4
8529,12250,16083,16,0,0,layered_block,circular,per_chunk,4,4
8530,12208,16042,16,0,0,layered_block,circular,per_chunk,4,4
8531,12083,15916,16,0,0,layered_block,circular,per_chunk,4,4
8532,12125,15959,16,0,0,layered_block,circular,per_chunk,4,4
8533,12042,15959,16,0,0,layered_block,circular,per_chunk,4,4
8534,12458,16375,16,0,0,layered_block,circular,per_chunk,4,4
8535,12041,15916,16,0,0,layered_block,circular,per_chunk,4,4
8536,12125,16000,16,0,0,layered_block,circular,per_chunk,4,4
8537,12083,15958,16,0,0,layered_block,circular,per_chunk,4,4
8538,12250,16167,16,0,0,layered_block,circular,per_chunk,4,4
8539,12250,16125,16,0,0,layered_block,circular,per_chunk,4,4
8540,12166,15958,16,0,0,layered_block,circular,per_chunk,4,4
8541,12459,16334,16,0,0,layered_block,circular,per_chunk,4,4
8542,69125,73375,16,0,0,layered_block,circular,per_chunk,4,4
8543,12083,15833,16,0,0,layered_block,circular,per_chunk,4,4
8544,12208,16125,16,0,0,layered_block,circular,per_chunk,4,4
8545,12083,15916,16,0,0,layered_block,circular,per_chunk,4,4
8546,12083,15917,16,0,0,layered_block,circular,per_chunk,4,4
8547,12125,16000,16,0,0,layered_block,circular,per_chunk,4,4
8548,12208,16000,16,0,0,layered_block,circular,per_chunk,4,4
8549,12083,16000,16,0,0,layered_block,circular,per_chunk,4,4
8550,12291,16125,16,0,0,layered_block,circular,per_chunk,4,4
8551,12333,16167,16,0,0,layered_block,circular,per_chunk,4,4
8552,12084,15917,16,0,0,layered_block,circular,per_chunk,4,4
8553,12083,15958,16,0,0,layered_block,circular,per_chunk,4,4
8554,12125,15959,16,0,0,layered_block,circular,per_chunk,4,4
8555,12042,15917,16,0,0,layered_block,circular,per_chunk,4,4
8556,12250,16042,16,0,0,layered_block,circular,per_chunk,4,4
8557,12042,15917,16,0,0,layered_block,circular,per_chunk,4,4
8558,12125,16000,16,0,0,layered_block,circular,per_chunk,4,4
8559,12125,16042,16,0,0,layered_block,circular,per_chunk,4,4
8560,12208,15958,16,0,0,layered_block,circular,per_chunk,4,4
8561,11875,16000,16,0,0,layered_block,circular,per_chunk,4,4
8562,12375,16250,16,0,0,layered_block,circular,per_chunk,4,4
8563,12041,15875,16,0,0,layered_block,circular,per_chunk,4,4
8564,12084,16000,16,0,0,layered_block,circular,per_chunk,4,4
8565,12083,16000,16,0,0,layered_block,circular,per_chunk,4,4
8566,12209,16000,16,0,0,layered_block,circular,per_chunk,4,4
8567,12084,16000,16,0,0,layered_block,circular,per_chunk,4,4
8568,12000,15875,16,0,0,layered_block,circular,per_chunk,4,4
8569,12250,16042,16,0,0,layered_block,circular,per_chunk,4,4
8570,12875,16708,16,0,0,layered_block,circular,per_chunk,4,4
8571,12125,15959,16,0,0,layered_block,circular,per_chunk,4,4
8572,12167,15958,16,0,0,layered_block,circular,per_chunk,4,4
8573,12167,16042,16,0,0,layered_block,circular,per_chunk,4,4
8574,19958,23917,16,0,0,layered_block,circular,per_chunk,4,4
8575,12292,16167,16,0,0,layered_block,circular,per_chunk,4,4
8576,12125,15958,16,0,0,layered_block,circular,per_chunk,4,4
8577,12000,15875,16,0,0,layered_block,circular,per_chunk,4,4
8578,12167,16000,16,0,0,layered_block,circular,per_chunk,4,4
8579,12083,15958,16,0,0,layered_block,circular,per_chunk,4,4
8580,12125,16000,16,0,0,layered_block,circular,per_chunk,4,4
8581,12000,15916,16,0,0,layered_block,circular,per_chunk,4,4
8582,12041,15917,16,0,0,layered_block,circular,per_chunk,4,4
8583,12000,15917,16,0,0,layered_block,circular,per_chunk,4,4
8584,12084,15958,16,0,0,layered_block,circular,per_chunk,4,4
8585,12125,15958,16,0,0,layered_block,circular,per_chunk,4,4
8586,12292,16208,16,0,0,layered_block,circular,per_chunk,4,4
8587,12416,16208,16,0,0,layered_block,circular,per_chunk,4,4
8588,12083,16000,16,0,0,layered_block,circular,per_chunk,4,4
8589,12042,15958,16,0,0,layered_block,circular,per_chunk,4,4
8590,12125,15958,16,0,0,layered_block,circular,per_chunk,4,4
8591,12000,15916,16,0,0,layered_block,circular,per_chunk,4,4
8592,12333,16250,16,0,0,layered_block,circular,per_chunk,4,4
8593,12000,15834,16,0,0,layered_block,circular,per_chunk,4,4
8594,12333,16208,16,0,0,layered_block,circular,per_chunk,4,4
8595,12291,16208,16,0,0,layered_block,circular,per_chunk,4,4
8596,12125,15959,16,0,0,layered_block,circular,per_chunk,4,4
8597,12291,16208,16,0,0,layered_block,circular,per_chunk,4,4
8598,12042,16125,16,0,0,layered_block,circular,per_chunk,4,4
8599,12083,15916,16,0,0,layered_block,circular,per_chunk,4,4
8600,12417,16333,16,0,0,layered_block,circular,per_chunk,4,4
8601,12209,16042,16,0,0,layered_block,circular,per_chunk,4,4
8602,12834,16625,16,0,0,layered_block,circular,per_chunk,4,4
8603,12084,16000,16,0,0,layered_block,circular,per_chunk,4,4
8604,11917,16000,16,0,0,layered_block,circular,per_chunk,4,4
8605,12083,15917,16,0,0,layered_block,circular,per_chunk,4,4
8606,12167,16041,16,0,0,layered_block,circular,per_chunk,4,4
8607,11833,15917,16,0,0,layered_block,circular,per_chunk,4,4
8608,12125,15959,16,0,0,layered_block,circular,per_chunk,4,4
8609,12167,15958,16,0,0,layered_block,circular,per_chunk,4,4
8610,12083,15958,16,0,0,layered_block,circular,per_chunk,4,4
8611,19917,23750,16,0,0,layered_block,circular,per_chunk,4,4
8612,12083,15916,16,0,0,layered_block,circular,per_chunk,4,4
8613,12042,15917,16,0,0,layered_block,circular,per_chunk,4,4
8614,12042,15917,16,0,0,layered_block,circular,per_chunk,4,4
8615,12125,16000,16,0,0,layered_block,circular,per_chunk,4,4
8616,12167,16000,16,0,0,layered_block,circular,per_chunk,4,4
8617,12416,16208,16,0,0,layered_block,circular,per_chunk,4,4
8618,12042,15917,16,0,0,layered_block,circular,per_chunk,4,4
8619,12042,15875,16,0,0,layered_block,circular,per_chunk,4,4
8620,12125,16000,16,0,0,layered_block,circular,per_chunk,4,4
8621,12750,16625,16,0,0,layered_block,circular,per_chunk,4,4
8622,12042,22042,16,0,0,layered_block,circular,per_chunk,4,4
8623,12083,15916,16,0,0,layered_block,circular,per_chunk,4,4
8624,12334,16125,16,0,0,layered_block,circular,per_chunk,4,4
8625,12792,16917,16,0,0,layered_block,circular,per_chunk,4,4
8626,12167,16042,16,0,0,layered_block,circular,per_chunk,4,4
8627,12042,15917,16,0,0,layered_block,circular,per_chunk,4,4
8628,12125,15958,16,0,0,layered_block,circular,per_chunk,4,4
8629,20542,24375,16,0,0,layered_block,circular,per_chunk,4,4
8630,12083,15958,16,0,0,layered_block,circular,per_chunk,4,4
8631,11875,16000,16,0,0,layered_block,circular,per_chunk,4,4
8632,12125,16000,16,0,0,layered_block,circular,per_chunk,4,4
8633,12083,15958,16,0,0,layered_block,circular,per_chunk,4,4
8634,12125,15917,16,0,0,layered_block,circular,per_chunk,4,4
8635,12209,16042,16,0,0,layered_block,circular,per_chunk,4,4
8636,12167,15917,16,0,0,layered_block,circular,per_chunk,4,4
8637,12208,16125,16,0,0,layered_block,circular,per_chunk,4,4
8638,12417,16250,16,0,0,layered_block,circular,per_chunk,4,4
8639,12208,16000,16,0,0,layered_block,circular,per_chunk,4,4
8640,12042,15917,16,0,0,layered_block,circular,per_chunk,4,4
8641,12417,16250,16,0,0,layered_block,circular,per_chunk,4,4
8642,12042,15917,16,0,0,layered_block,circular,per_chunk,4,4
8643,12042,15875,16,0,0,layered_block,circular,per_chunk,4,4
8644,12041,15916,16,0,0,layered_block,circular,per_chunk,4,4
8645,12542,16417,16,0,0,layered_block,circular,per_chunk,4,4
8646,12125,16000,16,0,0,layered_block,circular,per_chunk,4,4
8647,95375,99458,16,0,0,layered_block,circular,per_chunk,4,4
8648,12584,16750,16,0,0,layered_block,circular,per_chunk,4,4
8649,12125,15958,16,0,0,layered_block,circular,per_chunk,4,4
8650,12250,16167,16,0,0,layered_block,circular,per_chunk,4,4
8651,18750,22708,16,0,0,layered_block,circular,per_chunk,4,4
8652,12084,15917,16,0,0,layered_block,circular,per_chunk,4,4
8653,12125,15958,16,0,0,layered_block,circular,per_chunk,4,4
8654,12000,15833,16,0,0,layered_block,circular,per_chunk,4,4
8655,12208,16125,16,0,0,layered_block,circular,per_chunk,4,4
8656,12208,16042,16,0,0,layered_block,circular,per_chunk,4,4
8657,12041,15916,16,0,0,layered_block,circular,per_chunk,4,4
8658,12209,16000,16,0,0,layered_block,circular,per_chunk,4,4
8659,12042,15917,16,0,0,layered_block,circular,per_chunk,4,4
8660,19583,23458,16,0,0,layered_block,circular,per_chunk,4,4
8661,12000,15875,16,0,0,layered_block,circular,per_chunk,4,4
8662,12250,16125,16,0,0,layered_block,circular,per_chunk,4,4
8663,12958,16792,16,0,0,layered_block,circular,per_chunk,4,4
8664,12250,16083,16,0,0,layered_block,circular,per_chunk,4,4
8665,12417,16208,16,0,0,layered_block,circular,per_chunk,4,4
8666,12167,16041,16,0,0,layered_block,circular,per_chunk,4,4
8667,12042,15916,16,0,0,layered_block,circular,per_chunk,4,4
8668,12167,16041,16,0,0,layered_block,circular,per_chunk,4,4
8669,12042,15917,16,0,0,layered_block,circular,per_chunk,4,4
8670,12250,16167,16,0,0,layered_block,circular,per_chunk,4,4
8671,12083,15959,16,0,0,layered_block,circular,per_chunk,4,4
8672,12875,16792,16,0,0,layered_block,circular,per_chunk,4,4
8673,12125,15916,16,0,0,layered_block,circular,per_chunk,4,4
8674,12292,16083,16,0,0,layered_block,circular,per_chunk,4,4
8675,12208,16125,16,0,0,layered_block,circular,per_chunk,4,4
8676,12083,15917,16,0,0,layered_block,circular,per_chunk,4,4
8677,12208,16000,16,0,0,layered_block,circular,per_chunk,4,4
8678,11875,16000,16,0,0,layered_block,circular,per_chunk,4,4
8679,12083,15916,16,0,0,layered_block,circular,per_chunk,4,4
8680,12125,16000,16,0,0,layered_block,circular,per_chunk,4,4
8681,12083,15917,16,0,0,layered_block,circular,per_chunk,4,4
8682,12166,15958,16,0,0,layered_block,circular,per_chunk,4,4
8683,12166,16083,16,0,0,layered_block,circular,per_chunk,4,4
8684,12084,16041,16,0,0,layered_block,circular,per_chunk,4,4
8685,12084,16041,16,0,0,layered_block,circular,per_chunk,4,4
8686,12125,15958,16,0,0,layered_block,circular,per_chunk,4,4
8687,12583,16416,16,0,0,layered_block,circular,per_chunk,4,4
8688,12125,15958,16,0,0,layered_block,circular,per_chunk,4,4
8689,12125,15917,16,0,0,layered_block,circular,per_chunk,4,4
8690,12042,15917,16,0,0,layered_block,circular,per_chunk,4,4
8691,11833,15917,16,0,0,layered_block,circular,per_chunk,4,4
8692,12125,16000,16,0,0,layered_block,circular,per_chunk,4,4
8693,11875,15959,16,0,0,layered_block,circular,per_chunk,4,4
8694,12084,15917,16,0,0,layered_block,circular,per_chunk,4,4
8695,19625,23625,16,0,0,layered_block,circular,per_chunk,4,4
8696,12083,15916,16,0,0,layered_block,circular,per_chunk,4,4
8697,11833,15917,16,0,0,layered_block,circular,per_chunk,4,4
8698,12083,15917,16,0,0,layered_block,circular,per_chunk,4,4
8699,12041,15875,16,0,0,layered_block,circular,per_chunk,4,4
8700,12209,16166,16,0,0,layered_block,circular,per_chunk,4,4
8701,12250,16084,16,0,0,layered_block,circular,per_chunk,4,4
8702,12375,16125,16,0,0,layered_block,circular,per_chunk,4,4
8703,12625,16500,16,0,0,layered_block,circular,per_chunk,4,4
8704,12084,15959,16,0,0,layered_block,circular,per_chunk,4,4
8705,12458,16250,16,0,0,layered_block,circular,per_chunk,4,4
8706,12291,16125,16,0,0,layered_block,circular,per_chunk,4,4
8707,12333,16250,16,0,0,layered_block,circular,per_chunk,4,4
8708,12709,16875,16,0,0,layered_block,circular,per_chunk,4,4
8709,12167,16083,16,0,0,layered_block,circular,per_chunk,4,4
8710,11875,15917,16,0,0,layered_block,circular,per_chunk,4,4
8711,12292,16208,16,0,0,layered_block,circular,per_chunk,4,4
8712,12042,15917,16,0,0,layered_block,circular,per_chunk,4,4
8713,12042,15958,16,0,0,layered_block,circular,per_chunk,4,4
8714,12125,16083,16,0,0,layered_block,circular,per_chunk,4,4
8715,12917,16708,16,0,0,layered_block,circular,per_chunk,4,4
8716,12042,15959,16,0,0,layered_block,circular,per_chunk,4,4
8717,12083,16042,16,0,0,layered_block,circular,per_chunk,4,4
8718,12375,16167,16,0,0,layered_block,circular,per_chunk,4,4
8719,15750,84375,16,0,0,layered_block,circular,per_chunk,4,4
8720,12167,16042,16,0,0,layered_block,circular,per_chunk,4,4
8721,12041,15875,16,0,0,layered_block,circular,per_chunk,4,4
8722,12209,16000,16,0,0,layered_block,circular,per_chunk,4,4
8723,12041,15958,16,0,0,layered_block,circular,per_chunk,4,4
8724,12125,15958,16,0,0,layered_block,circular,per_chunk,4,4
8725,12083,16000,16,0,0,layered_block,circular,per_chunk,4,4
8726,12125,16000,16,0,0,layered_block,circular,per_chunk,4,4
8727,12166,16000,16,0,0,layered_block,circular,per_chunk,4,4
8728,12250,16084,16,0,0,layered_block,circular,per_chunk,4,4
8729,12292,16125,16,0,0,layered_block,circular,per_chunk,4,4
8730,19750,23625,16,0,0,layered_block,circular,per_chunk,4,4
8731,12042,15917,16,0,0,layered_block,circular,per_chunk,4,4
8732,12208,16042,16,0,0,layered_block,circular,per_chunk,4,4
8733,12000,15916,16,0,0,layered_block,circular,per_chunk,4,4
8734,12042,15958,16,0,0,layered_block,circular,per_chunk,4,4
8735,12084,16000,16,0,0,layered_block,circular,per_chunk,4,4
8736,12042,15958,16,0,0,layered_block,circular,per_chunk,4,4
8737,12459,16333,16,0,0,layered_block,circular,per_chunk,4,4
8738,12500,16375,16,0,0,layered_block,circular,per_chunk,4,4
8739,12083,15958,16,0,0,layered_block,circular,per_chunk,4,4
8740,12500,16291,16,0,0,layered_block,circular,per_chunk,4,4
8741,12000,15958,16,0,0,layered_block,circular,per_chunk,4,4
8742,11917,15959,16,0,0,layered_block,circular,per_chunk,4,4
8743,12041,15917,16,0,0,layered_block,circular,per_chunk,4,4
8744,12125,15958,16,0,0,layered_block,circular,per_chunk,4,4
8745,12125,15958,16,0,0,layered_block,circular,per_chunk,4,4
8746,12000,15875,16,0,0,layered_block,circular,per_chunk,4,4
8747,12167,15959,16,0,0,layered_block,circular,per_chunk,4,4
8748,12041,15958,16,0,0,layered_block,circular,per_chunk,4,4
8749,12917,17334,16,0,0,layered_block,circular,per_chunk,4,4
8750,12250,16042,16,0,0,layered_block,circular,per_chunk,4,4
8751,12292,16125,16,0,0,layered_block,circular,per_chunk,4,4
8752,12292,16250,16,0,0,layered_block,circular,per_chunk,4,4
8753,12000,15916,16,0,0,layered_block,circular,per_chunk,4,4
8754,12041,16000,16,0,0,layered_block,circular,per_chunk,4,4
8755,11875,15791,16,0,0,layered_block,circular,per_chunk,4,4
8756,12291,16041,16,0,0,layered_block,circular,per_chunk,4,4
8757,11917,16000,16,0,0,layered_block,circular,per_chunk,4,4
8758,12333,16250,16,0,0,layered_block,circular,per_chunk,4,4
8759,12209,16042,16,0,0,layered_block,circular,per_chunk,4,4
8760,12334,16250,16,0,0,layered_block,circular,per_chunk,4,4
8761,12167,16125,16,0,0,layered_block,circular,per_chunk,4,4
8762,12083,15958,16,0,0,layered_block,circular,per_chunk,4,4
8763,12125,16000,16,0,0,layered_block,circular,per_chunk,4,4
8764,12125,16042,16,0,0,layered_block,circular,per_chunk,4,4
8765,12083,16166,16,0,0,layered_block,circular,per_chunk,4,4
8766,12250,16125,16,0,0,layered_block,circular,per_chunk,4,4
8767,12292,16125,16,0,0,layered_block,circular,per_chunk,4,4
8768,12041,15917,16,0,0,layered_block,circular,per_chunk,4,4
8769,12083,16000,16,0,0,layered_block,circular,per_chunk,4,4
8770,11834,16000,16,0,0,layered_block,circular,per_chunk,4,4
8771,12125,16041,16,0,0,layered_block,circular,per_chunk,4,4
8772,12167,15959,16,0,0,layered_block,circular,per_chunk,4,4
8773,12083,15958,16,0,0,layered_block,circular,per_chunk,4,4
8774,12209,16083,16,0,0,layered_block,circular,per_chunk,4,4
8775,12208,16042,16,0,0,layered_block,circular,per_chunk,4,4
8776,12375,16292,16,0,0,layered_block,circular,per_chunk,4,4
8777,12042,16000,16,0,0,layered_block,circular,per_chunk,4,4
8778,12334,16291,16,0,0,layered_block,circular,per_chunk,4,4
8779,12125,16041,16,0,0,layered_block,circular,per_chunk,4,4
8780,12084,16041,16,0,0,layered_block,circular,per_chunk,4,4
8781,12041,16042,16,0,0,layered_block,circular,per_chunk,4,4
8782,19625,23542,16,0,0,layered_block,circular,per_chunk,4,4
8783,12125,15959,16,0,0,layered_block,circular,per_chunk,4,4
8784,12125,16084,16,0,0,layered_block,circular,per_chunk,4,4
8785,12083,16000,16,0,0,layered_block,circular,per_chunk,4,4
8786,12166,16000,16,0,0,layered_block,circular,per_chunk,4,4
8787,12083,16042,16,0,0,layered_block,circular,per_chunk,4,4
8788,12042,16000,16,0,0,layered_block,circular,per_chunk,4,4
8789,12041,16000,16,0,0,layered_block,circular,per_chunk,4,4
8790,12125,16000,16,0,0,layered_block,circular,per_chunk,4,4
8791,12333,16167,16,0,0,layered_block,circular,per_chunk,4,4
8792,12166,16125,16,0,0,layered_block,circular,per_chunk,4,4
8793,12125,16000,16,0,0,layered_block,circular,per_chunk,4,4
8794,12292,16208,16,0,0,layered_block,circular,per_chunk,4,4
8795,11833,15917,16,0,0,layered_block,circular,per_chunk,4,4
8796,12000,15958,16,0,0,layered_block,circular,per_chunk,4,4
8797,12250,16167,16,0,0,layered_block,circular,per_chunk,4,4
8798,12250,16167,16,0,0,layered_block,circular,per_chunk,4,4
8799,12167,16042,16,0,0,layered_block,circular,per_chunk,4,4
8800,12125,16042,16,0,0,layered_block,circular,per_chunk,4,4
8801,12125,16042,16,0,0,layered_block,circular,per_chunk,4,4
8802,12250,16167,16,0,0,layered_block,circular,per_chunk,4,4
8803,12125,16042,16,0,0,layered_block,circular,per_chunk,4,4
8804,12375,16250,16,0,0,layered_block,circular,per_chunk,4,4
8805,12167,16084,16,0,0,layered_block,circular,per_chunk,4,4
8806,12500,16291,16,0,0,layered_block,circular,per_chunk,4,4
8807,12125,16084,16,0,0,layered_block,circular,per_chunk,4,4
8808,12500,16375,16,0,0,layered_block,circular,per_chunk,4,4
8809,12084,16041,16,0,0,layered_block,circular,per_chunk,4,4
8810,11916,16042,16,0,0,layered_block,circular,per_chunk,4,4
8811,12083,16208,16,0,0,layered_block,circular,per_chunk,4,4
8812,12333,16208,16,0,0,layered_block,circular,per_chunk,4,4
8813,12041,15958,16,0,0,layered_block,circular,per_chunk,4,4
8814,12208,16167,16,0,0,layered_block,circular,per_chunk,4,4
8815,12041,16000,16,0,0,layered_block,circular,per_chunk,4,4
8816,12125,16250,16,0,0,layered_block,circular,per_chunk,4,4
8817,12000,16167,16,0,0,layered_block,circular,per_chunk,4,4
8818,11833,16208,16,0,0,layered_block,circular,per_chunk,4,4
8819,12083,16000,16,0,0,layered_block,circular,per_chunk,4,4
8820,12083,15959,16,0,0,layered_block,circular,per_chunk,4,4
8821,12083,15958,16,0,0,layered_block,circular,per_chunk,4,4
8822,12083,16000,16,0,0,layered_block,circular,per_chunk,4,4
8823,12375,16250,16,0,0,layered_block,circular,per_chunk,4,4
8824,12167,16083,16,0,0,layered_block,circular,per_chunk,4,4
8825,12083,16042,16,0,0,layered_block,circular,per_chunk,4,4
8826,12084,16000,16,0,0,layered_block,circular,per_chunk,4,4
8827,12125,16042,16,0,0,layered_block,circular,per_chunk,4,4
8828,12125,16042,16,0,0,layered_block,circular,per_chunk,4,4
8829,12208,16083,16,0,0,layered_block,circular,per_chunk,4,4
8830,12208,16125,16,0,0,layered_block,circular,per_chunk,4,4
8831,12292,16208,16,0,0,layered_block,circular,per_chunk,4,4
8832,12125,16041,16,0,0,layered_block,circular,per_chunk,4,4
8833,12083,16000,16,0,0,layered_block,circular,per_chunk,4,4
8834,12458,16417,16,0,0,layered_block,circular,per_chunk,4,4
8835,12125,16000,16,0,0,layered_block,circular,per_chunk,4,4
8836,12250,16084,16,0,0,layered_block,circular,per_chunk,4,4
8837,12458,16417,16,0,0,layered_block,circular,per_chunk,4,4
8838,12042,15959,16,0,0,layered_block,circular,per_chunk,4,4
8839,12125,16042,16,0,0,layered_block,circular,per_chunk,4,4
8840,11875,16000,16,0,0,layered_block,circular,per_chunk,4,4
8841,12042,15958,16,0,0,layered_block,circular,per_chunk,4,4
8842,12416,16292,16,0,0,layered_block,circular,per_chunk,4,4
8843,12167,16042,16,0,0,layered_block,circular,per_chunk,4,4
8844,20375,24375,16,0,0,layered_block,circular,per_chunk,4,4
8845,12125,15958,16,0,0,layered_block,circular,per_chunk,4,4
8846,12083,16000,16,0,0,layered_block,circular,per_chunk,4,4
8847,20584,24583,16,0,0,layered_block,circular,per_chunk,4,4
8848,12208,16000,16,0,0,layered_block,circular,per_chunk,4,4
8849,12292,16208,16,0,0,layered_block,circular,per_chunk,4,4
8850,12625,16500,16,0,0,layered_block,circular,per_chunk,4,4
8851,12250,16167,16,0,0,layered_block,circular,per_chunk,4,4
8852,12209,16125,16,0,0,layered_block,circular,per_chunk,4,4
8853,12334,16250,16,0,0,layered_block,circular,per_chunk,4,4
8854,12083,16000,16,0,0,layered_block,circular,per_chunk,4,4
8855,12042,15959,16,0,0,layered_block,circular,per_chunk,4,4
8856,12250,16125,16,0,0,layered_block,circular,per_chunk,4,4
8857,12166,16083,16,0,0,layered_block,circular,per_chunk,4,4
8858,12166,16000,16,0,0,layered_block,circular,per_chunk,4,4
8859,12250,16209,16,0,0,layered_block,circular,per_chunk,4,4
8860,12167,22917,16,0,0,layered_block,circular,per_chunk,4,4
8861,12333,16250,16,0,0,layered_block,circular,per_chunk,4,4
8862,12125,16083,16,0,0,layered_block,circular,per_chunk,4,4
8863,12458,16709,16,0,0,layered_block,circular,per_chunk,4,4
8864,12125,16042,16,0,0,layered_block,circular,per_chunk,4,4
8865,12333,16292,16,0,0,layered_block,circular,per_chunk,4,4
8866,12084,16000,16,0,0,layered_block,circular,per_chunk,4,4
8867,12250,16167,16,0,0,layered_block,circular,per_chunk,4,4
8868,12333,16250,16,0,0,layered_block,circular,per_chunk,4,4
8869,12125,16042,16,0,0,layered_block,circular,per_chunk,4,4
8870,12167,16000,16,0,0,layered_block,circular,per_chunk,4,4
8871,12250,16208,16,0,0,layered_block,circular,per_chunk,4,4
8872,12083,16041,16,0,0,layered_block,circular,per_chunk,4,4
8873,12167,16000,16,0,0,layered_block,circular,per_chunk,4,4
8874,12208,16083,16,0,0,layered_block,circular,per_chunk,4,4
8875,12542,16833,16,0,0,layered_block,circular,per_chunk,4,4
8876,12334,16166,16,0,0,layered_block,circular,per_chunk,4,4
8877,12125,16042,16,0,0,layered_block,circular,per_chunk,4,4
8878,12125,16041,16,0,0,layered_block,circular,per_chunk,4,4
8879,12000,16000,16,0,0,layered_block,circular,per_chunk,4,4
8880,12167,16041,16,0,0,layered_block,circular,per_chunk,4,4
8881,11917,15958,16,0,0,layered_block,circular,per_chunk,4,4
8882,12084,16000,16,0,0,layered_block,circular,per_chunk,4,4
8883,12500,16292,16,0,0,layered_block,circular,per_chunk,4,4
8884,12083,16042,16,0,0,layered_block,circular,per_chunk,4,4
8885,12792,17000,16,0,0,layered_block,circular,per_chunk,4,4
8886,12125,16000,16,0,0,layered_block,circular,per_chunk,4,4
8887,12416,16375,16,0,0,layered_block,circular,per_chunk,4,4
8888,12083,16000,16,0,0,layered_block,circular,per_chunk,4,4
8889,12250,16250,16,0,0,layered_block,circular,per_chunk,4,4
8890,12333,16208,16,0,0,layered_block,circular,per_chunk,4,4
8891,11875,15958,16,0,0,layered_block,circular,per_chunk,4,4
8892,12042,16000,16,0,0,layered_block,circular,per_chunk,4,4
8893,12042,16000,16,0,0,layered_block,circular,per_chunk,4,4
8894,12292,16250,16,0,0,layered_block,circular,per_chunk,4,4
8895,12167,16042,16,0,0,layered_block,circular,per_chunk,4,4
8896,12417,16208,16,0,0,layered_block,circular,per_chunk,4,4
8897,12166,16167,16,0,0,layered_block,circular,per_chunk,4,4
8898,12083,16209,16,0,0,layered_block,circular,per_chunk,4,4
8899,12375,16333,16,0,0,layered_block,circular,per_chunk,4,4
8900,12375,16250,16,0,0,layered_block,circular,per_chunk,4,4
8901,12209,16125,16,0,0,layered_block,circular,per_chunk,4,4
8902,12083,15958,16,0,0,layered_block,circular,per_chunk,4,4
8903,12083,15958,16,0,0,layered_block,circular,per_chunk,4,4
8904,12250,16125,16,0,0,layered_block,circular,per_chunk,4,4
8905,12166,16125,16,0,0,layered_block,circular,per_chunk,4,4
8906,12167,16000,16,0,0,layered_block,circular,per_chunk,4,4
8907,12125,16000,16,0,0,layered_block,circular,per_chunk,4,4
8908,12375,16250,16,0,0,layered_block,circular,per_chunk,4,4
8909,12042,15959,16,0,0,layered_block,circular,per_chunk,4,4
8910,12125,16000,16,0,0,layered_block,circular,per_chunk,4,4
8911,12000,15958,16,0,0,layered_block,circular,per_chunk,4,4
8912,12292,16208,16,0,0,layered_block,circular,per_chunk,4,4
8913,12333,16167,16,0,0,layered_block,circular,per_chunk,4,4
8914,12208,16167,16,0,0,layered_block,circular,per_chunk,4,4
8915,12209,16083,16,0,0,layered_block,circular,per_chunk,4,4
8916,12333,16167,16,0,0,layered_block,circular,per_chunk,4,4
8917,12209,16083,16,0,0,layered_block,circular,per_chunk,4,4
8918,12042,16000,16,0,0,layered_block,circular,per_chunk,4,4
8919,12167,16000,16,0,0,layered_block,circular,per_chunk,4,4
8920,12041,16042,16,0,0,layered_block,circular,per_chunk,4,4
8921,12166,16042,16,0,0,layered_block,circular,per_chunk,4,4
8922,12333,16292,16,0,0,layered_block,circular,per_chunk,4,4
8923,12292,16084,16,0,0,layered_block,circular,per_chunk,4,4
8924,12125,16000,16,0,0,layered_block,circular,per_chunk,4,4
8925,12084,16000,16,0,0,layered_block,circular,per_chunk,4,4
8926,12084,16000,16,0,0,layered_block,circular,per_chunk,4,4
8927,12375,16333,16,0,0,layered_block,circular,per_chunk,4,4
8928,19666,23625,16,0,0,layered_block,circular,per_chunk,4,4
8929,12334,16166,16,0,0,layered_block,circular,per_chunk,4,4
8930,12125,16000,16,0,0,layered_block,circular,per_chunk,4,4
8931,12125,16083,16,0,0,layered_block,circular,per_chunk,4,4
8932,12083,16000,16,0,0,layered_block,circular,per_chunk,4,4
8933,12167,16042,16,0,0,layered_block,circular,per_chunk,4,4
8934,12042,16000,16,0,0,layered_block,circular,per_chunk,4,4
8935,12291,16250,16,0,0,layered_block,circular,per_chunk,4,4
8936,12083,16000,16,0,0,layered_block,circular,per_chunk,4,4
8937,12125,16041,16,0,0,layered_block,circular,per_chunk,4,4
8938,12209,16125,16,0,0,layered_block,circular,per_chunk,4,4
8939,12083,16000,16,0,0,layered_block,circular,per_chunk,4,4
8940,12083,16042,16,0,0,layered_block,circular,per_chunk,4,4
8941,12916,17291,16,0,0,layered_block,circular,per_chunk,4,4
8942,12167,16000,16,0,0,layered_block,circular,per_chunk,4,4
8943,12125,16041,16,0,0,layered_block,circular,per_chunk,4,4
8944,20375,24333,16,0,0,layered_block,circular,per_chunk,4,4
8945,12375,16167,16,0,0,layered_block,circular,per_chunk,4,4
8946,12209,16083,16,0,0,layered_block,circular,per_chunk,4,4
8947,12208,16167,16,0,0,layered_block,circular,per_chunk,4,4
8948,12125,16042,16,0,0,layered_block,circular,per_chunk,4,4
8949,12167,16083,16,0,0,layered_block,circular,per_chunk,4,4
8950,12292,16208,16,0,0,layered_block,circular,per_chunk,4,4
8951,12042,15958,16,0,0,layered_block,circular,per_chunk,4,4
8952,12083,15958,16,0,0,layered_block,circular,per_chunk,4,4
8953,12125,16042,16,0,0,layered_block,circular,per_chunk,4,4
8954,12542,16417,16,0,0,layered_block,circular,per_chunk,4,4
8955,12417,16291,16,0,0,layered_block,circular,per_chunk,4,4
8956,12166,16083,16,0,0,layered_block,circular,per_chunk,4,4
8957,12000,15958,16,0,0,layered_block,circular,per_chunk,4,4
8958,12083,15958,16,0,0,layered_block,circular,per_chunk,4,4
8959,12125,16125,16,0,0,layered_block,circular,per_chunk,4,4
8960,12000,15958,16,0,0,layered_block,circular,per_chunk,4,4
8961,20833,24750,16,0,0,layered_block,circular,per_chunk,4,4
8962,12084,16000,16,0,0,layered_block,circular,per_chunk,4,4
8963,12000,15958,16,0,0,layered_block,circular,per_chunk,4,4
8964,12083,16000,16,0,0,layered_block,circular,per_chunk,4,4
8965,12084,15958,16,0,0,layered_block,circular,per_chunk,4,4
8966,12166,16125,16,0,0,layered_block,circular,per_chunk,4,4
8967,12416,16292,16,0,0,layered_block,circular,per_chunk,4,4
8968,12291,16167,16,0,0,layered_block,circular,per_chunk,4,4
8969,12125,16041,16,0,0,layered_block,circular,per_chunk,4,4
8970,12083,15959,16,0,0,layered_block,circular,per_chunk,4,4
8971,12166,16000,16,0,0,layered_block,circular,per_chunk,4,4
8972,12125,16042,16,0,0,layered_block,circular,per_chunk,4,4
8973,12083,16000,16,0,0,layered_block,circular,per_chunk,4,4
8974,12375,16208,16,0,0,layered_block,circular,per_chunk,4,4
8975,12500,16416,16,0,0,layered_block,circular,per_chunk,4,4
8976,12125,15916,16,0,0,layered_block,circular,per_chunk,4,4
8977,12167,16000,16,0,0,layered_block,circular,per_chunk,4,4
8978,12042,16000,16,0,0,layered_block,circular,per_chunk,4,4
8979,12000,15958,16,0,0,layered_block,circular,per_chunk,4,4
8980,12416,16292,16,0,0,layered_block,circular,per_chunk,4,4
8981,11917,16000,16,0,0,layered_block,circular,per_chunk,4,4
8982,12125,16042,16,0,0,layered_block,circular,per_chunk,4,4
8983,12125,16000,16,0,0,layered_block,circular,per_chunk,4,4
8984,12542,16416,16,0,0,layered_block,circular,per_chunk,4,4
8985,12125,16083,16,0,0,layered_block,circular,per_chunk,4,4
8986,12208,16125,16,0,0,layered_block,circular,per_chunk,4,4
8987,12542,16375,16,0,0,layered_block,circular,per_chunk,4,4
8988,12292,16167,16,0,0,layered_block,circular,per_chunk,4,4
8989,12167,16084,16,0,0,layered_block,circular,per_chunk,4,4
8990,12083,16000,16,0,0,layered_block,circular,per_chunk,4,4
8991,12042,16041,16,0,0,layered_block,circular,per_chunk,4,4
8992,12125,16000,16,0,0,layered_block,circular,per_chunk,4,4
8993,12167,16042,16,0,0,layered_block,circular,per_chunk,4,4
8994,12167,16084,16,0,0,layered_block,circular,per_chunk,4,4
8995,12167,16084,16,0,0,layered_block,circular,per_chunk,4,4
8996,12375,16292,16,0,0,layered_block,circular,per_chunk,4,4
8997,12208,16000,16,0,0,layered_block,circular,per_chunk,4,4
8998,12208,16583,16,0,0,layered_block,circular,per_chunk,4,4
8999,12375,16208,16,0,0,layered_block,circular,per_chunk,4,4
9000,12250,16084,16,0,0,layered_block,circular,per_chunk,4,4
9001,11792,15959,16,0,0,layered_block,circular,per_chunk,4,4
9002,12042,15958,16,0,0,layered_block,circular,per_chunk,4,4
9003,12334,16250,16,0,0,layered_block,circular,per_chunk,4,4
9004,12333,16167,16,0,0,layered_block,circular,per_chunk,4,4
9005,12209,16041,16,0,0,layered_block,circular,per_chunk,4,4
9006,12042,15959,16,0,0,layered_block,circular,per_chunk,4,4
9007,12542,16500,16,0,0,layered_block,circular,per_chunk,4,4
9008,12333,16250,16,0,0,layered_block,circular,per_chunk,4,4
9009,12042,15958,16,0,0,layered_block,circular,per_chunk,4,4
9010,12084,16041,16,0,0,layered_block,circular,per_chunk,4,4
9011,12334,16208,16,0,0,layered_block,circular,per_chunk,4,4
9012,12083,16000,16,0,0,layered_block,circular,per_chunk,4,4
9013,11958,16041,16,0,0,layered_block,circular,per_chunk,4,4
9014,12292,16250,16,0,0,layered_block,circular,per_chunk,4,4
9015,12167,16000,16,0,0,layered_block,circular,per_chunk,4,4
9016,12416,16250,16,0,0,layered_block,circular,per_chunk,4,4
9017,12166,16083,16,0,0,layered_block,circular,per_chunk,4,4
9018,12125,16166,16,0,0,layered_block,circular,per_chunk,4,4
9019,12000,15959,16,0,0,layered_block,circular,per_chunk,4,4
9020,12208,16125,16,0,0,layered_block,circular,per_chunk,4,4
9021,12292,16209,16,0,0,layered_block,circular,per_chunk,4,4
9022,12167,16000,16,0,0,layered_block,circular,per_chunk,4,4
9023,12167,16042,16,0,0,layered_block,circular,per_chunk,4,4
9024,12083,15959,16,0,0,layered_block,circular,per_chunk,4,4
9025,12084,16584,16,0,0,layered_block,circular,per_chunk,4,4
9026,12291,16292,16,0,0,layered_block,circular,per_chunk,4,4
9027,12209,16166,16,0,0,layered_block,circular,per_chunk,4,4
9028,12291,16208,16,0,0,layered_block,circular,per_chunk,4,4
9029,12417,16291,16,0,0,layered_block,circular,per_chunk,4,4
9030,12417,16292,16,0,0,layered_block,circular,per_chunk,4,4
9031,12125,16042,16,0,0,layered_block,circular,per_chunk,4,4
9032,12041,16000,16,0,0,layered_block,circular,per_chunk,4,4
9033,12167,16125,16,0,0,layered_block,circular,per_chunk,4,4
9034,12125,16000,16,0,0,layered_block,circular,per_chunk,4,4
9035,12042,15959,16,0,0,layered_block,circular,per_chunk,4,4
9036,12083,15958,16,0,0,layered_block,circular,per_chunk,4,4
9037,12000,15917,16,0,0,layered_block,circular,per_chunk,4,4
9038,12084,15959,16,0,0,layered_block,circular,per_chunk,4,4
9039,12125,16041,16,0,0,layered_block,circular,per_chunk,4,4
9040,12666,16833,16,0,0,layered_block,circular,per_chunk,4,4
9041,12167,15959,16,0,0,layered_block,circular,per_chunk,4,4
9042,12292,16209,16,0,0,layered_block,circular,per_chunk,4,4
9043,12333,16334,16,0,0,layered_block,circular,per_chunk,4,4
9044,12250,16125,16,0,0,layered_block,circular,per_chunk,4,4
9045,12000,15958,16,0,0,layered_block,circular,per_chunk,4,4
9046,12125,16041,16,0,0,layered_block,circular,per_chunk,4,4
9047,12791,16875,16,0,0,layered_block,circular,per_chunk,4,4
9048,12208,16042,16,0,0,layered_block,circular,per_chunk,4,4
9049,12084,16250,16,0,0,layered_block,circular,per_chunk,4,4
9050,12292,16167,16,0,0,layered_block,circular,per_chunk,4,4
9051,12083,15959,16,0,0,layered_block,circular,per_chunk,4,4
9052,12292,16125,16,0,0,layered_block,circular,per_chunk,4,4
9053,12291,16208,16,0,0,layered_block,circular,per_chunk,4,4
9054,12125,16041,16,0,0,layered_block,circular,per_chunk,4,4
9055,12042,15959,16,0,0,layered_block,circular,per_chunk,4,4
9056,12041,15958,16,0,0,layered_block,circular,per_chunk,4,4
9057,12125,15958,16,0,0,layered_block,circular,per_chunk,4,4
9058,12125,16000,16,0,0,layered_block,circular,per_chunk,4,4
9059,12083,16042,16,0,0,layered_block,circular,per_chunk,4,4
9060,12125,16042,16,0,0,layered_block,circular,per_chunk,4,4
9061,12333,16209,16,0,0,layered_block,circular,per_chunk,4,4
9062,12375,16291,16,0,0,layered_block,circular,per_chunk,4,4
9063,12334,16208,16,0,0,layered_block,circular,per_chunk,4,4
9064,12125,16000,16,0,0,layered_block,circular,per_chunk,4,4
9065,12250,16250,16,0,0,layered_block,circular,per_chunk,4,4
9066,12084,16000,16,0,0,layered_block,circular,per_chunk,4,4
9067,12125,15917,16,0,0,layered_block,circular,per_chunk,4,4
9068,12166,16083,16,0,0,layered_block,circular,per_chunk,4,4
9069,12166,16083,16,0,0,layered_block,circular,per_chunk,4,4
9070,12167,15958,16,0,0,layered_block,circular,per_chunk,4,4
9071,18000,186666,16,0,0,layered_block,circular,per_chunk,4,4
9072,12291,16125,16,0,0,layered_block,circular,per_chunk,4,4
9073,12125,16083,16,0,0,layered_block,circular,per_chunk,4,4
9074,12167,16041,16,0,0,layered_block,circular,per_chunk,4,4
9075,12333,16250,16,0,0,layered_block,circular,per_chunk,4,4
9076,12291,16125,16,0,0,layered_block,circular,per_chunk,4,4
9077,12417,16250,16,0,0,layered_block,circular,per_chunk,4,4
9078,12166,16083,16,0,0,layered_block,circular,per_chunk,4,4
9079,12083,16125,16,0,0,layered_block,circular,per_chunk,4,4
9080,12083,15959,16,0,0,layered_block,circular,per_chunk,4,4
9081,12250,16041,16,0,0,layered_block,circular,per_chunk,4,4
9082,12125,16084,16,0,0,layered_block,circular,per_chunk,4,4
9083,12167,16084,16,0,0,layered_block,circular,per_chunk,4,4
9084,12417,16250,16,0,0,layered_block,circular,per_chunk,4,4
9085,12125,16000,16,0,0,layered_block,circular,per_chunk,4,4
9086,12084,16041,16,0,0,layered_block,circular,per_chunk,4,4
9087,12292,16166,16,0,0,layered_block,circular,per_chunk,4,4
9088,12167,16125,16,0,0,layered_block,circular,per_chunk,4,4
9089,12292,16209,16,0,0,layered_block,circular,per_chunk,4,4
9090,12208,16042,16,0,0,layered_block,circular,per_chunk,4,4
9091,12666,16583,16,0,0,layered_block,circular,per_chunk,4,4
9092,12375,16375,16,0,0,layered_block,circular,per_chunk,4,4
9093,12084,16000,16,0,0,layered_block,circular,per_chunk,4,4
9094,12292,16208,16,0,0,layered_block,circular,per_chunk,4,4
9095,12125,16041,16,0,0,layered_block,circular,per_chunk,4,4
9096,12250,16167,16,0,0,layered_block,circular,per_chunk,4,4
9097,12083,15959,16,0,0,layered_block,circular,per_chunk,4,4
9098,12167,16041,16,0,0,layered_block,circular,per_chunk,4,4
9099,12292,16125,16,0,0,layered_block,circular,per_chunk,4,4
9100,12375,16208,16,0,0,layered_block,circular,per_chunk,4,4
9101,12208,16208,16,0,0,layered_block,circular,per_chunk,4,4
9102,12459,23084,16,0,0,layered_block,circular,per_chunk,4,4
9103,12083,16000,16,0,0,layered_block,circular,per_chunk,4,4
9104,12125,16042,16,0,0,layered_block,circular,per_chunk,4,4
9105,12125,16083,16,0,0,layered_block,circular,per_chunk,4,4
9106,12167,16083,16,0,0,layered_block,circular,per_chunk,4,4
9107,12083,16000,16,0,0,layered_block,circular,per_chunk,4,4
9108,12375,16250,16,0,0,layered_block,circular,per_chunk,4,4
9109,12167,16083,16,0,0,layered_block,circular,per_chunk,4,4
9110,12083,16000,16,0,0,layered_block,circular,per_chunk,4,4
9111,12458,16333,16,0,0,layered_block,circular,per_chunk,4,4
9112,11959,15958,16,0,0,layered_block,circular,per_chunk,4,4
9113,12209,16083,16,0,0,layered_block,circular,per_chunk,4,4
9114,12375,16208,16,0,0,layered_block,circular,per_chunk,4,4
9115,12417,16334,16,0,0,layered_block,circular,per_chunk,4,4
9116,12209,16041,16,0,0,layered_block,circular,per_chunk,4,4
9117,12500,16334,16,0,0,layered_block,circular,per_chunk,4,4
9118,12125,16042,16,0,0,layered_block,circular,per_chunk,4,4
9119,12083,16000,16,0,0,layered_block,circular,per_chunk,4,4
9120,12167,16042,16,0,0,layered_block,circular,per_chunk,4,4
9121,12125,16000,16,0,0,layered_block,circular,per_chunk,4,4
9122,12041,15958,16,0,0,layered_block,circular,per_chunk,4,4
9123,12458,16334,16,0,0,layered_block,circular,per_chunk,4,4
9124,12166,16083,16,0,0,layered_block,circular,per_chunk,4,4
9125,12500,16625,16,0,0,layered_block,circular,per_chunk,4,4
9126,12167,16000,16,0,0,layered_block,circular,per_chunk,4,4
9127,12125,16041,16,0,0,layered_block,circular,per_chunk,4,4
9128,21209,25125,16,0,0,layered_block,circular,per_chunk,4,4
9129,12125,16041,16,0,0,layered_block,circular,per_chunk,4,4
9130,12125,15958,16,0,0,layered_block,circular,per_chunk,4,4
9131,12125,16083,16,0,0,layered_block,circular,per_chunk,4,4
9132,12125,16042,16,0,0,layered_block,circular,per_chunk,4,4
9133,12125,16000,16,0,0,layered_block,circular,per_chunk,4,4
9134,12375,16250,16,0,0,layered_block,circular,per_chunk,4,4
9135,12208,16125,16,0,0,layered_block,circular,per_chunk,4,4
9136,12375,16292,16,0,0,layered_block,circular,per_chunk,4,4
9137,12000,15958,16,0,0,layered_block,circular,per_chunk,4,4
9138,12125,16000,16,0,0,layered_block,circular,per_chunk,4,4
9139,12125,16000,16,0,0,layered_block,circular,per_chunk,4,4
9140,12167,16042,16,0,0,layered_block,circular,per_chunk,4,4
9141,12083,16042,16,0,0,layered_block,circular,per_chunk,4,4
9142,12166,16000,16,0,0,layered_block,circular,per_chunk,4,4
9143,12375,16250,16,0,0,layered_block,circular,per_chunk,4,4
9144,12125,16042,16,0,0,layered_block,circular,per_chunk,4,4
9145,20417,24417,16,0,0,layered_block,circular,per_chunk,4,4
9146,12209,16042,16,0,0,layered_block,circular,per_chunk,4,4
9147,12000,15917,16,0,0,layered_block,circular,per_chunk,4,4
9148,12084,16000,16,0,0,layered_block,circular,per_chunk,4,4
9149,12167,16042,16,0,0,layered_block,circular,per_chunk,4,4
9150,12333,16250,16,0,0,layered_block,circular,per_chunk,4,4
9151,12292,16084,16,0,0,layered_block,circular,per_chunk,4,4
9152,12042,16000,16,0,0,layered_block,circular,per_chunk,4,4
9153,12000,15958,16,0,0,layered_block,circular,per_chunk,4,4
9154,12041,16000,16,0,0,layered_block,circular,per_chunk,4,4
9155,12125,16042,16,0,0,layered_block,circular,per_chunk,4,4
9156,12375,16250,16,0,0,layered_block,circular,per_chunk,4,4
9157,12042,15958,16,0,0,layered_block,circular,per_chunk,4,4
9158,12458,16417,16,0,0,layered_block,circular,per_chunk,4,4
9159,12167,16041,16,0,0,layered_block,circular,per_chunk,4,4
9160,12250,16167,16,0,0,layered_block,circular,per_chunk,4,4
9161,12625,16542,16,0,0,layered_block,circular,per_chunk,4,4
9162,12584,16416,16,0,0,layered_block,circular,per_chunk,4,4
9163,12084,16000,16,0,0,layered_block,circular,per_chunk,4,4
9164,12000,15959,16,0,0,layered_block,circular,per_chunk,4,4
9165,12041,15958,16,0,0,layered_block,circular,per_chunk,4,4
9166,12375,16250,16,0,0,layered_block,circular,per_chunk,4,4
9167,12125,15958,16,0,0,layered_block,circular,per_chunk,4,4
9168,12042,15959,16,0,0,layered_block,circular,per_chunk,4,4
9169,12125,16084,16,0,0,layered_block,circular,per_chunk,4,4
9170,12083,15958,16,0,0,layered_block,circular,per_chunk,4,4
9171,12084,16000,16,0,0,layered_block,circular,per_chunk,4,4
9172,12333,16209,16,0,0,layered_block,circular,per_chunk,4,4
9173,12083,16000,16,0,0,layered_block,circular,per_chunk,4,4
9174,12167,16083,16,0,0,layered_block,circular,per_chunk,4,4
9175,12084,15958,16,0,0,layered_block,circular,per_chunk,4,4
9176,12084,16000,16,0,0,layered_block,circular,per_chunk,4,4
9177,12167,16042,16,0,0,layered_block,circular,per_chunk,4,4
9178,12167,16041,16,0,0,layered_block,circular,per_chunk,4,4
9179,12375,16208,16,0,0,layered_block,circular,per_chunk,4,4
9180,12000,15917,16,0,0,layered_block,circular,per_chunk,4,4
9181,12125,15958,16,0,0,layered_block,circular,per_chunk,4,4
9182,12333,16208,16,0,0,layered_block,circular,per_chunk,4,4
9183,12125,15958,16,0,0,layered_block,circular,per_chunk,4,4
9184,12084,16000,16,0,0,layered_block,circular,per_chunk,4,4
9185,12042,16000,16,0,0,layered_block,circular,per_chunk,4,4
9186,12167,16125,16,0,0,layered_block,circular,per_chunk,4,4
9187,12125,15958,16,0,0,layered_block,circular,per_chunk,4,4
9188,11917,16000,16,0,0,layered_block,circular,per_chunk,4,4
9189,12166,16125,16,0,0,layered_block,circular,per_chunk,4,4
9190,12208,16167,16,0,0,layered_block,circular,per_chunk,4,4
9191,12083,15959,16,0,0,layered_block,circular,per_chunk,4,4
9192,12000,15958,16,0,0,layered_block,circular,per_chunk,4,4
9193,12125,16042,16,0,0,layered_block,circular,per_chunk,4,4
9194,12333,16208,16,0,0,layered_block,circular,per_chunk,4,4
9195,11917,16041,16,0,0,layered_block,circular,per_chunk,4,4
9196,12125,16042,16,0,0,layered_block,circular,per_chunk,4,4
9197,12250,16125,16,0,0,layered_block,circular,per_chunk,4,4
9198,11875,16042,16,0,0,layered_block,circular,per_chunk,4,4
9199,12041,16000,16,0,0,layered_block,circular,per_chunk,4,4
9200,12208,16084,16,0,0,layered_block,circular,per_chunk,4,4
9201,12000,15959,16,0,0,layered_block,circular,per_chunk,4,4
9202,20458,24333,16,0,0,layered_block,circular,per_chunk,4,4
9203,12333,16208,16,0,0,layered_block,circular,per_chunk,4,4
9204,12166,16000,16,0,0,layered_block,circular,per_chunk,4,4
9205,12292,16209,16,0,0,layered_block,circular,per_chunk,4,4
9206,12291,16208,16,0,0,layered_block,circular,per_chunk,4,4
9207,11917,15917,16,0,0,layered_block,circular,per_chunk,4,4
9208,20792,24833,16,0,0,layered_block,circular,per_chunk,4,4
9209,12042,16000,16,0,0,layered_block,circular,per_chunk,4,4
9210,12083,16000,16,0,0,layered_block,circular,per_chunk,4,4
9211,12042,15959,16,0,0,layered_block,circular,per_chunk,4,4
9212,12167,16042,16,0,0,layered_block,circular,per_chunk,4,4
9213,12084,16041,16,0,0,layered_block,circular,per_chunk,4,4
9214,12042,15959,16,0,0,layered_block,circular,per_chunk,4,4
9215,12208,16042,16,0,0,layered_block,circular,per_chunk,4,4
9216,12125,16000,16,0,0,layered_block,circular,per_chunk,4,4
9217,12458,16292,16,0,0,layered_block,circular,per_chunk,4,4
9218,12250,16083,16,0,0,layered_block,circular,per_chunk,4,4
9219,12084,16041,16,0,0,layered_block,circular,per_chunk,4,4
9220,19042,22917,16,0,0,layered_block,circular,per_chunk,4,4
9221,12042,15959,16,0,0,layered_block,circular,per_chunk,4,4
9222,12208,16167,16,0,0,layered_block,circular,per_chunk,4,4
9223,12083,16000,16,0,0,layered_block,circular,per_chunk,4,4
9224,12291,16083,16,0,0,layered_block,circular,per_chunk,4,4
9225,12125,16042,16,0,0,layered_block,circular,per_chunk,4,4
9226,19708,23625,16,0,0,layered_block,circular,per_chunk,4,4
9227,12083,16000,16,0,0,layered_block,circular,per_chunk,4,4
9228,12208,16042,16,0,0,layered_block,circular,per_chunk,4,4
9229,12250,16125,16,0,0,layered_block,circular,per_chunk,4,4
9230,12167,16000,16,0,0,layered_block,circular,per_chunk,4,4
9231,12084,15958,16,0,0,layered_block,circular,per_chunk,4,4
9232,12125,22541,16,0,0,layered_block,circular,per_chunk,4,4
9233,12167,16000,16,0,0,layered_block,circular,per_chunk,4,4
9234,12083,16042,16,0,0,layered_block,circular,per_chunk,4,4
9235,12167,16125,16,0,0,layered_block,circular,per_chunk,4,4
9236,12250,16042,16,0,0,layered_block,circular,per_chunk,4,4
9237,12000,15959,16,0,0,layered_block,circular,per_chunk,4,4
9238,20625,24625,16,0,0,layered_block,circular,per_chunk,4,4
9239,12083,16000,16,0,0,layered_block,circular,per_chunk,4,4
9240,12292,16291,16,0,0,layered_block,circular,per_chunk,4,4
9241,12125,16209,16,0,0,layered_block,circular,per_chunk,4,4
9242,12000,15917,16,0,0,layered_block,circular,per_chunk,4,4
9243,12125,16000,16,0,0,layered_block,circular,per_chunk,4,4
9244,12042,15958,16,0,0,layered_block,circular,per_chunk,4,4
9245,12167,16000,16,0,0,layered_block,circular,per_chunk,4,4
9246,12041,15917,16,0,0,layered_block,circular,per_chunk,4,4
9247,19000,22917,16,0,0,layered_block,circular,per_chunk,4,4
9248,12041,16000,16,0,0,layered_block,circular,per_chunk,4,4
9249,12125,15958,16,0,0,layered_block,circular,per_chunk,4,4
9250,12042,16000,16,0,0,layered_block,circular,per_chunk,4,4
9251,12250,16042,16,0,0,layered_block,circular,per_chunk,4,4
9252,12250,16209,16,0,0,layered_block,circular,per_chunk,4,4
9253,12250,16083,16,0,0,layered_block,circular,per_chunk,4,4
9254,11875,22500,16,0,0,layered_block,circular,per_chunk,4,4
9255,12291,16167,16,0,0,layered_block,circular,per_chunk,4,4
9256,12083,16000,16,0,0,layered_block,circular,per_chunk,4,4
9257,12125,16000,16,0,0,layered_block,circular,per_chunk,4,4
9258,12083,16000,16,0,0,layered_block,circular,per_chunk,4,4
9259,12041,16000,16,0,0,layered_block,circular,per_chunk,4,4
9260,12084,16000,16,0,0,layered_block,circular,per_chunk,4,4
9261,12125,16083,16,0,0,layered_block,circular,per_chunk,4,4
9262,12250,16291,16,0,0,layered_block,circular,per_chunk,4,4
9263,12042,15959,16,0,0,layered_block,circular,per_chunk,4,4
9264,12084,16041,16,0,0,layered_block,circular,per_chunk,4,4
9265,12250,16125,16,0,0,layered_block,circular,per_chunk,4,4
9266,12167,16000,16,0,0,layered_block,circular,per_chunk,4,4
9267,12166,16042,16,0,0,layered_block,circular,per_chunk,4,4
9268,12042,16000,16,0,0,layered_block,circular,per_chunk,4,4
9269,12041,15958,16,0,0,layered_block,circular,per_chunk,4,4
9270,12417,16250,16,0,0,layered_block,circular,per_chunk,4,4
9271,12167,16042,16,0,0,layered_block,circular,per_chunk,4,4
9272,12125,16042,16,0,0,layered_block,circular,per_chunk,4,4
9273,12291,16125,16,0,0,layered_block,circular,per_chunk,4,4
9274,12000,16167,16,0,0,layered_block,circular,per_chunk,4,4
9275,12042,15958,16,0,0,layered_block,circular,per_chunk,4,4
9276,12083,15958,16,0,0,layered_block,circular,per_chunk,4,4
9277,12167,16084,16,0,0,layered_block,circular,per_chunk,4,4
9278,12083,16000,16,0,0,layered_block,circular,per_chunk,4,4
9279,12167,16084,16,0,0,layered_block,circular,per_chunk,4,4
9280,12000,16000,16,0,0,layered_block,circular,per_chunk,4,4
9281,12083,16000,16,0,0,layered_block,circular,per_chunk,4,4
9282,12083,16000,16,0,0,layered_block,circular,per_chunk,4,4
9283,12250,16083,16,0,0,layered_block,circular,per_chunk,4,4
9284,12125,16000,16,0,0,layered_block,circular,per_chunk,4,4
9285,12125,16042,16,0,0,layered_block,circular,per_chunk,4,4
9286,12083,16042,16,0,0,layered_block,circular,per_chunk,4,4
9287,12000,16042,16,0,0,layered_block,circular,per_chunk,4,4
9288,12125,16250,16,0,0,layered_block,circular,per_chunk,4,4
9289,12041,15958,16,0,0,layered_block,circular,per_chunk,4,4
9290,12209,16041,16,0,0,layered_block,circular,per_chunk,4,4
9291,12083,16000,16,0,0,layered_block,circular,per_chunk,4,4
9292,12166,16083,16,0,0,layered_block,circular,per_chunk,4,4
9293,12166,16000,16,0,0,layered_block,circular,per_chunk,4,4
9294,12084,16041,16,0,0,layered_block,circular,per_chunk,4,4
9295,12292,16209,16,0,0,layered_block,circular,per_chunk,4,4
9296,12125,16000,16,0,0,layered_block,circular,per_chunk,4,4
9297,12167,16083,16,0,0,layered_block,circular,per_chunk,4,4
9298,12209,16000,16,0,0,layered_block,circular,per_chunk,4,4
9299,12083,16000,16,0,0,layered_block,circular,per_chunk,4,4
9300,12209,16041,16,0,0,layered_block,circular,per_chunk,4,4
9301,12167,16041,16,0,0,layered_block,circular,per_chunk,4,4
9302,12334,16208,16,0,0,layered_block,circular,per_chunk,4,4
9303,12167,16000,16,0,0,layered_block,circular,per_chunk,4,4
9304,12083,16000,16,0,0,layered_block,circular,per_chunk,4,4
9305,12125,16000,16,0,0,layered_block,circular,per_chunk,4,4
9306,11958,16042,16,0,0,layered_block,circular,per_chunk,4,4
9307,12083,15958,16,0,0,layered_block,circular,per_chunk,4,4
9308,12375,16167,16,0,0,layered_block,circular,per_chunk,4,4
9309,12042,16000,16,0,0,layered_block,circular,per_chunk,4,4
9310,12167,16000,16,0,0,layered_block,circular,per_chunk,4,4
9311,12000,16000,16,0,0,layered_block,circular,per_chunk,4,4
9312,12000,15875,16,0,0,layered_block,circular,per_chunk,4,4
9313,12083,16042,16,0,0,layered_block,circular,per_chunk,4,4
9314,12250,16083,16,0,0,layered_block,circular,per_chunk,4,4
9315,12084,15958,16,0,0,layered_block,circular,per_chunk,4,4
9316,12208,16083,16,0,0,layered_block,circular,per_chunk,4,4
9317,12042,15916,16,0,0,layered_block,circular,per_chunk,4,4
9318,12083,16042,16,0,0,layered_block,circular,per_chunk,4,4
9319,12041,15958,16,0,0,layered_block,circular,per_chunk,4,4
9320,12042,15958,16,0,0,layered_block,circular,per_chunk,4,4
9321,12125,16125,16,0,0,layered_block,circular,per_chunk,4,4
9322,12083,16000,16,0,0,layered_block,circular,per_chunk,4,4
9323,12208,16084,16,0,0,layered_block,circular,per_chunk,4,4
9324,11833,16000,16,0,0,layered_block,circular,per_chunk,4,4
9325,12083,15959,16,0,0,layered_block,circular,per_chunk,4,4
9326,12084,16208,16,0,0,layered_block,circular,per_chunk,4,4
9327,11875,15833,16,0,0,layered_block,circular,per_chunk,4,4
9328,12042,15917,16,0,0,layered_block,circular,per_chunk,4,4
9329,12417,16291,16,0,0,layered_block,circular,per_chunk,4,4
9330,12166,16125,16,0,0,layered_block,circular,per_chunk,4,4
9331,12208,16042,16,0,0,layered_block,circular,per_chunk,4,4
9332,12083,16084,16,0,0,layered_block,circular,per_chunk,4,4
9333,12250,16417,16,0,0,layered_block,circular,per_chunk,4,4
9334,12250,16167,16,0,0,layered_block,circular,per_chunk,4,4
9335,12000,15917,16,0,0,layered_block,circular,per_chunk,4,4
9336,12041,16042,16,0,0,layered_block,circular,per_chunk,4,4
9337,12167,16000,16,0,0,layered_block,circular,per_chunk,4,4
9338,12125,16042,16,0,0,layered_block,circular,per_chunk,4,4
9339,12041,15958,16,0,0,layered_block,circular,per_chunk,4,4
9340,12166,15958,16,0,0,layered_block,circular,per_chunk,4,4
9341,12042,16041,16,0,0,layered_block,circular,per_chunk,4,4
9342,12208,16042,16,0,0,layered_block,circular,per_chunk,4,4
9343,12250,16083,16,0,0,layered_block,circular,per_chunk,4,4
9344,12042,15958,16,0,0,layered_block,circular,per_chunk,4,4
9345,12125,15959,16,0,0,layered_block,circular,per_chunk,4,4
9346,12208,16084,16,0,0,layered_block,circular,per_chunk,4,4
9347,12083,15959,16,0,0,layered_block,circular,per_chunk,4,4
9348,12167,15959,16,0,0,layered_block,circular,per_chunk,4,4
9349,12167,16084,16,0,0,layered_block,circular,per_chunk,4,4
9350,12166,16333,16,0,0,layered_block,circular,per_chunk,4,4
9351,12125,16000,16,0,0,layered_block,circular,per_chunk,4,4
9352,11917,15917,16,0,0,layered_block,circular,per_chunk,4,4
9353,12125,16042,16,0,0,layered_block,circular,per_chunk,4,4
9354,12083,16042,16,0,0,layered_block,circular,per_chunk,4,4
9355,11958,16084,16,0,0,layered_block,circular,per_chunk,4,4
9356,12000,15917,16,0,0,layered_block,circular,per_chunk,4,4
9357,12333,16250,16,0,0,layered_block,circular,per_chunk,4,4
9358,12083,16042,16,0,0,layered_block,circular,per_chunk,4,4
9359,12292,16209,16,0,0,layered_block,circular,per_chunk,4,4
9360,12083,16000,16,0,0,layered_block,circular,per_chunk,4,4
9361,12459,16500,16,0,0,layered_block,circular,per_chunk,4,4
9362,12208,16042,16,0,0,layered_block,circular,per_chunk,4,4
9363,12125,16042,16,0,0,layered_block,circular,per_chunk,4,4
9364,12250,16125,16,0,0,layered_block,circular,per_chunk,4,4
9365,12166,16000,16,0,0,layered_block,circular,per_chunk,4,4
9366,12167,16042,16,0,0,layered_block,circular,per_chunk,4,4
9367,12083,16000,16,0,0,layered_block,circular,per_chunk,4,4
9368,12083,16000,16,0,0,layered_block,circular,per_chunk,4,4
9369,12000,15958,16,0,0,layered_block,circular,per_chunk,4,4
9370,19875,23875,16,0,0,layered_block,circular,per_chunk,4,4
9371,12125,16042,16,0,0,layered_block,circular,per_chunk,4,4
9372,12167,16084,16,0,0,layered_block,circular,per_chunk,4,4
9373,12292,16125,16,0,0,layered_block,circular,per_chunk,4,4
9374,12208,16083,16,0,0,layered_block,circular,per_chunk,4,4
9375,12375,16250,16,0,0,layered_block,circular,per_chunk,4,4
9376,12125,16000,16,0,0,layered_block,circular,per_chunk,4,4
9377,12166,16000,16,0,0,layered_block,circular,per_chunk,4,4
9378,12208,16084,16,0,0,layered_block,circular,per_chunk,4,4
9379,12167,15959,16,0,0,layered_block,circular,per_chunk,4,4
9380,12083,16042,16,0,0,layered_block,circular,per_chunk,4,4
9381,12167,16042,16,0,0,layered_block,circular,per_chunk,4,4
9382,12083,16000,16,0,0,layered_block,circular,per_chunk,4,4
9383,12083,16000,16,0,0,layered_block,circular,per_chunk,4,4
9384,12084,16000,16,0,0,layered_block,circular,per_chunk,4,4
9385,12041,15958,16,0,0,layered_block,circular,per_chunk,4,4
9386,12041,16000,16,0,0,layered_block,circular,per_chunk,4,4
9387,12083,16000,16,0,0,layered_block,circular,per_chunk,4,4
9388,12084,16000,16,0,0,layered_block,circular,per_chunk,4,4
9389,12125,16000,16,0,0,layered_block,circular,per_chunk,4,4
9390,12084,15958,16,0,0,layered_block,circular,per_chunk,4,4
9391,12083,15958,16,0,0,layered_block,circular,per_chunk,4,4
9392,12041,16000,16,0,0,layered_block,circular,per_chunk,4,4
9393,12084,15958,16,0,0,layered_block,circular,per_chunk,4,4
9394,12125,16083,16,0,0,layered_block,circular,per_chunk,4,4
9395,75666,79958,16,0,0,layered_block,circular,per_chunk,4,4
9396,12125,16000,16,0,0,layered_block,circular,per_chunk,4,4
9397,12083,16000,16,0,0,layered_block,circular,per_chunk,4,4
9398,12125,16042,16,0,0,layered_block,circular,per_chunk,4,4
9399,12125,16042,16,0,0,layered_block,circular,per_chunk,4,4
9400,11916,16083,16,0,0,layered_block,circular,per_chunk,4,4
9401,12375,16250,16,0,0,layered_block,circular,per_chunk,4,4
9402,12083,15959,16,0,0,layered_block,circular,per_chunk,4,4
9403,12208,16167,16,0,0,layered_block,circular,per_chunk,4,4
9404,12166,16083,16,0,0,layered_block,circular,per_chunk,4,4
9405,12125,16000,16,0,0,layered_block,circular,per_chunk,4,4
9406,12083,16042,16,0,0,layered_block,circular,per_chunk,4,4
9407,12209,16166,16,0,0,layered_block,circular,per_chunk,4,4
9408,12042,16000,16,0,0,layered_block,circular,per_chunk,4,4
9409,12292,16333,16,0,0,layered_block,circular,per_chunk,4,4
9410,12084,16041,16,0,0,layered_block,circular,per_chunk,4,4
9411,11917,16000,16,0,0,layered_block,circular,per_chunk,4,4
9412,12083,16000,16,0,0,layered_block,circular,per_chunk,4,4
9413,12042,15959,16,0,0,layered_block,circular,per_chunk,4,4
9414,12166,16125,16,0,0,layered_block,circular,per_chunk,4,4
9415,12209,16041,16,0,0,layered_block,circular,per_chunk,4,4
9416,12459,16333,16,0,0,layered_block,circular,per_chunk,4,4
9417,12083,15959,16,0,0,layered_block,circular,per_chunk,4,4
9418,12208,16083,16,0,0,layered_block,circular,per_chunk,4,4
9419,12083,16000,16,0,0,layered_block,circular,per_chunk,4,4
9420,12333,16292,16,0,0,layered_block,circular,per_chunk,4,4
9421,12042,15917,16,0,0,layered_block,circular,per_chunk,4,4
9422,12209,16041,16,0,0,layered_block,circular,per_chunk,4,4
9423,12166,16042,16,0,0,layered_block,circular,per_chunk,4,4
9424,12208,15958,16,0,0,layered_block,circular,per_chunk,4,4
9425,12250,16208,16,0,0,layered_block,circular,per_chunk,4,4
9426,12042,22041,16,0,0,layered_block,circular,per_chunk,4,4
9427,12292,16209,16,0,0,layered_block,circular,per_chunk,4,4
9428,11833,15959,16,0,0,layered_block,circular,per_chunk,4,4
9429,13291,17125,16,0,0,layered_block,circular,per_chunk,4,4
9430,12125,15958,16,0,0,layered_block,circular,per_chunk,4,4
9431,12125,16167,16,0,0,layered_block,circular,per_chunk,4,4
9432,12167,16041,16,0,0,layered_block,circular,per_chunk,4,4
9433,12083,16000,16,0,0,layered_block,circular,per_chunk,4,4
9434,12042,16000,16,0,0,layered_block,circular,per_chunk,4,4
9435,12208,16042,16,0,0,layered_block,circular,per_chunk,4,4
9436,12083,16000,16,0,0,layered_block,circular,per_chunk,4,4
9437,12084,16000,16,0,0,layered_block,circular,per_chunk,4,4
9438,12041,15958,16,0,0,layered_block,circular,per_chunk,4,4
9439,12083,16000,16,0,0,layered_block,circular,per_chunk,4,4
9440,12125,15959,16,0,0,layered_block,circular,per_chunk,4,4
9441,12041,15958,16,0,0,layered_block,circular,per_chunk,4,4
9442,12417,16334,16,0,0,layered_block,circular,per_chunk,4,4
9443,12125,16042,16,0,0,layered_block,circular,per_chunk,4,4
9444,12125,16000,16,0,0,layered_block,circular,per_chunk,4,4
9445,12209,16084,16,0,0,layered_block,circular,per_chunk,4,4
9446,12458,16333,16,0,0,layered_block,circular,per_chunk,4,4
9447,12083,16000,16,0,0,layered_block,circular,per_chunk,4,4
9448,12084,16000,16,0,0,layered_block,circular,per_chunk,4,4
9449,12458,16292,16,0,0,layered_block,circular,per_chunk,4,4
9450,12084,16000,16,0,0,layered_block,circular,per_chunk,4,4
9451,12000,15958,16,0,0,layered_block,circular,per_chunk,4,4
9452,12167,16084,16,0,0,layered_block,circular,per_chunk,4,4
9453,12125,16000,16,0,0,layered_block,circular,per_chunk,4,4
9454,12084,16000,16,0,0,layered_block,circular,per_chunk,4,4
9455,12084,16000,16,0,0,layered_block,circular,per_chunk,4,4
9456,12292,16167,16,0,0,layered_block,circular,per_chunk,4,4
9457,12584,16500,16,0,0,layered_block,circular,per_chunk,4,4
9458,12000,15917,16,0,0,layered_block,circular,per_chunk,4,4
9459,12125,16041,16,0,0,layered_block,circular,per_chunk,4,4
9460,12167,16000,16,0,0,layered_block,circular,per_chunk,4,4
9461,12167,16000,16,0,0,layered_block,circular,per_chunk,4,4
9462,11917,16041,16,0,0,layered_block,circular,per_chunk,4,4
9463,12000,15958,16,0,0,layered_block,circular,per_chunk,4,4
9464,12000,15959,16,0,0,layered_block,circular,per_chunk,4,4
9465,12083,16000,16,0,0,layered_block,circular,per_chunk,4,4
9466,12083,16000,16,0,0,layered_block,circular,per_chunk,4,4
9467,12042,15958,16,0,0,layered_block,circular,per_chunk,4,4
9468,12125,16167,16,0,0,layered_block,circular,per_chunk,4,4
9469,12375,16416,16,0,0,layered_block,circular,per_chunk,4,4
9470,12292,16125,16,0,0,layered_block,circular,per_chunk,4,4
9471,12208,16084,16,0,0,layered_block,circular,per_chunk,4,4
9472,12125,16042,16,0,0,layered_block,circular,per_chunk,4,4
9473,12083,15958,16,0,0,layered_block,circular,per_chunk,4,4
9474,12041,15958,16,0,0,layered_block,circular,per_chunk,4,4
9475,12084,15958,16,0,0,layered_block,circular,per_chunk,4,4
9476,12083,16000,16,0,0,layered_block,circular,per_chunk,4,4
9477,11875,16042,16,0,0,layered_block,circular,per_chunk,4,4
9478,12125,16042,16,0,0,layered_block,circular,per_chunk,4,4
9479,12167,16083,16,0,0,layered_block,circular,per_chunk,4,4
9480,12208,16125,16,0,0,layered_block,circular,per_chunk,4,4
9481,12417,16250,16,0,0,layered_block,circular,per_chunk,4,4
9482,70167,74333,16,0,0,layered_block,circular,per_chunk,4,4
9483,12083,16042,16,0,0,layered_block,circular,per_chunk,4,4
9484,12167,15959,16,0,0,layered_block,circular,per_chunk,4,4
9485,12125,16042,16,0,0,layered_block,circular,per_chunk,4,4
9486,18542,22709,16,0,0,layered_block,circular,per_chunk,4,4
9487,12125,16000,16,0,0,layered_block,circular,per_chunk,4,4
9488,12083,15958,16,0,0,layered_block,circular,per_chunk,4,4
9489,12625,16625,16,0,0,layered_block,circular,per_chunk,4,4
9490,12167,16084,16,0,0,layered_block,circular,per_chunk,4,4
9491,11916,16000,16,0,0,layered_block,circular,per_chunk,4,4
9492,12000,15917,16,0,0,layered_block,circular,per_chunk,4,4
9493,12125,16000,16,0,0,layered_block,circular,per_chunk,4,4
9494,12166,16083,16,0,0,layered_block,circular,per_chunk,4,4
9495,12250,16084,16,0,0,layered_block,circular,per_chunk,4,4
9496,12083,15959,16,0,0,layered_block,circular,per_chunk,4,4
9497,12125,16042,16,0,0,layered_block,circular,per_chunk,4,4
9498,12167,16041,16,0,0,layered_block,circular,per_chunk,4,4
9499,12084,16000,16,0,0,layered_block,circular,per_chunk,4,4
9500,20042,23875,16,0,0,layered_block,circular,per_chunk,4,4
9501,12125,16041,16,0,0,layered_block,circular,per_chunk,4,4
9502,12041,15958,16,0,0,layered_block,circular,per_chunk,4,4
9503,12250,16167,16,0,0,layered_block,circular,per_chunk,4,4
9504,12292,16083,16,0,0,layered_block,circular,per_chunk,4,4
9505,11792,15959,16,0,0,layered_block,circular,per_chunk,4,4
9506,12167,16083,16,0,0,layered_block,circular,per_chunk,4,4
9507,12209,16083,16,0,0,layered_block,circular,per_chunk,4,4
9508,12083,16041,16,0,0,layered_block,circular,per_chunk,4,4
9509,12125,16000,16,0,0,layered_block,circular,per_chunk,4,4
9510,12084,16000,16,0,0,layered_block,circular,per_chunk,4,4
9511,12125,16041,16,0,0,layered_block,circular,per_chunk,4,4
9512,12125,16041,16,0,0,layered_block,circular,per_chunk,4,4
9513,12083,16084,16,0,0,layered_block,circular,per_chunk,4,4
9514,12041,15916,16,0,0,layered_block,circular,per_chunk,4,4
9515,12875,16667,16,0,0,layered_block,circular,per_chunk,4,4
9516,12125,15958,16,0,0,layered_block,circular,per_chunk,4,4
9517,19875,23792,16,0,0,layered_block,circular,per_chunk,4,4
9518,12125,16000,16,0,0,layered_block,circular,per_chunk,4,4
9519,12125,16125,16,0,0,layered_block,circular,per_chunk,4,4
9520,12166,16084,16,0,0,layered_block,circular,per_chunk,4,4
9521,12042,15959,16,0,0,layered_block,circular,per_chunk,4,4
9522,12084,16000,16,0,0,layered_block,circular,per_chunk,4,4
9523,12083,16042,16,0,0,layered_block,circular,per_chunk,4,4
9524,12167,16041,16,0,0,layered_block,circular,per_chunk,4,4
9525,12042,16000,16,0,0,layered_block,circular,per_chunk,4,4
9526,19000,22958,16,0,0,layered_block,circular,per_chunk,4,4
9527,12125,15959,16,0,0,layered_block,circular,per_chunk,4,4
9528,12125,16000,16,0,0,layered_block,circular,per_chunk,4,4
9529,19333,23250,16,0,0,layered_block,circular,per_chunk,4,4
9530,12125,16000,16,0,0,layered_block,circular,per_chunk,4,4
9531,12000,15958,16,0,0,layered_block,circular,per_chunk,4,4
9532,12083,16000,16,0,0,layered_block,circular,per_chunk,4,4
9533,12084,16000,16,0,0,layered_block,circular,per_chunk,4,4
9534,12084,16000,16,0,0,layered_block,circular,per_chunk,4,4
9535,12333,16167,16,0,0,layered_block,circular,per_chunk,4,4
9536,12125,16042,16,0,0,layered_block,circular,per_chunk,4,4
9537,12083,16000,16,0,0,layered_block,circular,per_chunk,4,4
9538,12167,16000,16,0,0,layered_block,circular,per_chunk,4,4
9539,12042,15916,16,0,0,layered_block,circular,per_chunk,4,4
9540,12125,16000,16,0,0,layered_block,circular,per_chunk,4,4
9541,12167,16042,16,0,0,layered_block,circular,per_chunk,4,4
9542,12166,16083,16,0,0,layered_block,circular,per_chunk,4,4
9543,12375,16333,16,0,0,layered_block,circular,per_chunk,4,4
9544,12375,16208,16,0,0,layered_block,circular,per_chunk,4,4
9545,12166,16083,16,0,0,layered_block,circular,per_chunk,4,4
9546,12125,16000,16,0,0,layered_block,circular,per_chunk,4,4
9547,12083,15958,16,0,0,layered_block,circular,per_chunk,4,4
9548,12042,15958,16,0,0,layered_block,circular,per_chunk,4,4
9549,19375,23333,16,0,0,layered_block,circular,per_chunk,4,4
9550,12125,15958,16,0,0,layered_block,circular,per_chunk,4,4
9551,12125,16042,16,0,0,layered_block,circular,per_chunk,4,4
9552,12083,16000,16,0,0,layered_block,circular,per_chunk,4,4
9553,12083,15958,16,0,0,layered_block,circular,per_chunk,4,4
9554,12208,16125,16,0,0,layered_block,circular,per_chunk,4,4
9555,12167,16000,16,0,0,layered_block,circular,per_chunk,4,4
9556,12166,16042,16,0,0,layered_block,circular,per_chunk,4,4
9557,12375,16292,16,0,0,layered_block,circular,per_chunk,4,4
9558,12084,16000,16,0,0,layered_block,circular,per_chunk,4,4
9559,12084,16000,16,0,0,layered_block,circular,per_chunk,4,4
9560,12584,16917,16,0,0,layered_block,circular,per_chunk,4,4
9561,12167,16083,16,0,0,layered_block,circular,per_chunk,4,4
9562,12167,16000,16,0,0,layered_block,circular,per_chunk,4,4
9563,12125,16000,16,0,0,layered_block,circular,per_chunk,4,4
9564,12208,16042,16,0,0,layered_block,circular,per_chunk,4,4
9565,12084,16041,16,0,0,layered_block,circular,per_chunk,4,4
9566,20166,24083,16,0,0,layered_block,circular,per_chunk,4,4
9567,12250,16083,16,0,0,layered_block,circular,per_chunk,4,4
9568,12083,16000,16,0,0,layered_block,circular,per_chunk,4,4
9569,19291,23250,16,0,0,layered_block,circular,per_chunk,4,4
9570,12125,16041,16,0,0,layered_block,circular,per_chunk,4,4
9571,12083,16000,16,0,0,layered_block,circular,per_chunk,4,4
9572,12166,16083,16,0,0,layered_block,circular,per_chunk,4,4
9573,12250,16125,16,0,0,layered_block,circular,per_chunk,4,4
9574,12125,16042,16,0,0,layered_block,circular,per_chunk,4,4
9575,12208,16000,16,0,0,layered_block,circular,per_chunk,4,4
9576,12292,16125,16,0,0,layered_block,circular,per_chunk,4,4
9577,12125,16083,16,0,0,layered_block,circular,per_chunk,4,4
9578,12041,16000,16,0,0,layered_block,circular,per_chunk,4,4
9579,12083,16000,16,0,0,layered_block,circular,per_chunk,4,4
9580,18500,22375,16,0,0,layered_block,circular,per_chunk,4,4
9581,12333,16209,16,0,0,layered_block,circular,per_chunk,4,4
9582,11916,16083,16,0,0,layered_block,circular,per_chunk,4,4
9583,19209,23083,16,0,0,layered_block,circular,per_chunk,4,4
9584,12083,16000,16,0,0,layered_block,circular,per_chunk,4,4
9585,12042,16084,16,0,0,layered_block,circular,per_chunk,4,4
9586,12167,16083,16,0,0,layered_block,circular,per_chunk,4,4
9587,12250,16084,16,0,0,layered_block,circular,per_chunk,4,4
9588,12166,16125,16,0,0,layered_block,circular,per_chunk,4,4
9589,12166,16083,16,0,0,layered_block,circular,per_chunk,4,4
9590,12208,16042,16,0,0,layered_block,circular,per_chunk,4,4
9591,12000,15958,16,0,0,layered_block,circular,per_chunk,4,4
9592,12250,16083,16,0,0,layered_block,circular,per_chunk,4,4
9593,12167,16083,16,0,0,layered_block,circular,per_chunk,4,4
9594,12083,16000,16,0,0,layered_block,circular,per_chunk,4,4
9595,12042,15916,16,0,0,layered_block,circular,per_chunk,4,4
9596,11917,16042,16,0,0,layered_block,circular,per_chunk,4,4
9597,12542,16750,16,0,0,layered_block,circular,per_chunk,4,4
9598,12083,15958,16,0,0,layered_block,circular,per_chunk,4,4
9599,12208,16084,16,0,0,layered_block,circular,per_chunk,4,4
9600,12084,15958,16,0,0,layered_block,circular,per_chunk,4,4
9601,12250,16166,16,0,0,layered_block,circular,per_chunk,4,4
9602,12125,16000,16,0,0,layered_block,circular,per_chunk,4,4
9603,12125,15958,16,0,0,layered_block,circular,per_chunk,4,4
9604,12166,16083,16,0,0,layered_block,circular,per_chunk,4,4
9605,12250,16083,16,0,0,layered_block,circular,per_chunk,4,4
9606,12166,16000,16,0,0,layered_block,circular,per_chunk,4,4
9607,12125,16041,16,0,0,layered_block,circular,per_chunk,4,4
9608,12000,15959,16,0,0,layered_block,circular,per_chunk,4,4
9609,12125,16041,16,0,0,layered_block,circular,per_chunk,4,4
9610,12250,16083,16,0,0,layered_block,circular,per_chunk,4,4
9611,12041,16000,16,0,0,layered_block,circular,per_chunk,4,4
9612,12125,15959,16,0,0,layered_block,circular,per_chunk,4,4
9613,12125,16083,16,0,0,layered_block,circular,per_chunk,4,4
9614,12083,15958,16,0,0,layered_block,circular,per_chunk,4,4
9615,12250,16125,16,0,0,layered_block,circular,per_chunk,4,4
9616,12083,15958,16,0,0,layered_block,circular,per_chunk,4,4
9617,12791,23042,16,0,0,layered_block,circular,per_chunk,4,4
9618,12125,16083,16,0,0,layered_block,circular,per_chunk,4,4
9619,12000,16042,16,0,0,layered_block,circular,per_chunk,4,4
9620,12167,16042,16,0,0,layered_block,circular,per_chunk,4,4
9621,12583,16458,16,0,0,layered_block,circular,per_chunk,4,4
9622,12083,15958,16,0,0,layered_block,circular,per_chunk,4,4
9623,12208,16042,16,0,0,layered_block,circular,per_chunk,4,4
9624,12125,15958,16,0,0,layered_block,circular,per_chunk,4,4
9625,12041,16042,16,0,0,layered_block,circular,per_chunk,4,4
9626,12167,16042,16,0,0,layered_block,circular,per_chunk,4,4
9627,12125,16042,16,0,0,layered_block,circular,per_chunk,4,4
9628,19459,23416,16,0,0,layered_block,circular,per_chunk,4,4
9629,12334,16166,16,0,0,layered_block,circular,per_chunk,4,4
9630,12167,16084,16,0,0,layered_block,circular,per_chunk,4,4
9631,12167,16125,16,0,0,layered_block,circular,per_chunk,4,4
9632,12208,16042,16,0,0,layered_block,circular,per_chunk,4,4
9633,12125,16000,16,0,0,layered_block,circular,per_chunk,4,4
9634,12084,16000,16,0,0,layered_block,circular,per_chunk,4,4
9635,12334,16292,16,0,0,layered_block,circular,per_chunk,4,4
9636,12167,16167,16,0,0,layered_block,circular,per_chunk,4,4
9637,12792,16875,16,0,0,layered_block,circular,per_chunk,4,4
9638,12125,15958,16,0,0,layered_block,circular,per_chunk,4,4
9639,11875,16042,16,0,0,layered_block,circular,per_chunk,4,4
9640,12042,15958,16,0,0,layered_block,circular,per_chunk,4,4
9641,12375,16250,16,0,0,layered_block,circular,per_chunk,4,4
9642,12875,16708,16,0,0,layered_block,circular,per_chunk,4,4
9643,12334,16166,16,0,0,layered_block,circular,per_chunk,4,4
9644,12125,16042,16,0,0,layered_block,circular,per_chunk,4,4
9645,12042,15917,16,0,0,layered_block,circular,per_chunk,4,4
9646,12292,16209,16,0,0,layered_block,circular,per_chunk,4,4
9647,12083,16041,16,0,0,layered_block,circular,per_chunk,4,4
9648,12209,16083,16,0,0,layered_block,circular,per_chunk,4,4
9649,12250,16083,16,0,0,layered_block,circular,per_chunk,4,4
9650,12166,16042,16,0,0,layered_block,circular,per_chunk,4,4
9651,12250,16250,16,0,0,layered_block,circular,per_chunk,4,4
9652,12209,16041,16,0,0,layered_block,circular,per_chunk,4,4
9653,12250,16166,16,0,0,layered_block,circular,per_chunk,4,4
9654,12083,16000,16,0,0,layered_block,circular,per_chunk,4,4
9655,12083,16000,16,0,0,layered_block,circular,per_chunk,4,4
9656,11958,16042,16,0,0,layered_block,circular,per_chunk,4,4
9657,12083,16000,16,0,0,layered_block,circular,per_chunk,4,4
9658,12125,16042,16,0,0,layered_block,circular,per_chunk,4,4
9659,12125,16041,16,0,0,layered_block,circular,per_chunk,4,4
9660,12125,15958,16,0,0,layered_block,circular,per_chunk,4,4
9661,12250,16167,16,0,0,layered_block,circular,per_chunk,4,4
9662,12375,22334,16,0,0,layered_block,circular,per_chunk,4,4
9663,12084,16041,16,0,0,layered_block,circular,per_chunk,4,4
9664,12208,16083,16,0,0,layered_block,circular,per_chunk,4,4
9665,12250,16208,16,0,0,layered_block,circular,per_chunk,4,4
9666,12125,16000,16,0,0,layered_block,circular,per_chunk,4,4
9667,12042,15959,16,0,0,layered_block,circular,per_chunk,4,4
9668,12000,15959,16,0,0,layered_block,circular,per_chunk,4,4
9669,12125,16041,16,0,0,layered_block,circular,per_chunk,4,4
9670,12417,16291,16,0,0,layered_block,circular,per_chunk,4,4
9671,12250,16166,16,0,0,layered_block,circular,per_chunk,4,4
9672,12125,16041,16,0,0,layered_block,circular,per_chunk,4,4
9673,12125,16084,16,0,0,layered_block,circular,per_chunk,4,4
9674,12167,15958,16,0,0,layered_block,circular,per_chunk,4,4
9675,12125,16042,16,0,0,layered_block,circular,per_chunk,4,4
9676,12083,16000,16,0,0,layered_block,circular,per_chunk,4,4
9677,12167,16000,16,0,0,layered_block,circular,per_chunk,4,4
9678,12041,15958,16,0,0,layered_block,circular,per_chunk,4,4
9679,19917,23834,16,0,0,layered_block,circular,per_chunk,4,4
9680,12125,16042,16,0,0,layered_block,circular,per_chunk,4,4
9681,12083,16125,16,0,0,layered_block,circular,per_chunk,4,4
9682,12041,15958,16,0,0,layered_block,circular,per_chunk,4,4
9683,12125,16083,16,0,0,layered_block,circular,per_chunk,4,4
9684,12167,16084,16,0,0,layered_block,circular,per_chunk,4,4
9685,12083,15958,16,0,0,layered_block,circular,per_chunk,4,4
9686,12209,16083,16,0,0,layered_block,circular,per_chunk,4,4
9687,12291,16125,16,0,0,layered_block,circular,per_chunk,4,4
9688,12125,16000,16,0,0,layered_block,circular,per_chunk,4,4
9689,12125,16000,16,0,0,layered_block,circular,per_chunk,4,4
9690,12334,16166,16,0,0,layered_block,circular,per_chunk,4,4
9691,12125,15958,16,0,0,layered_block,circular,per_chunk,4,4
9692,12000,15959,16,0,0,layered_block,circular,per_chunk,4,4
9693,12125,16041,16,0,0,layered_block,circular,per_chunk,4,4
9694,12292,16167,16,0,0,layered_block,circular,per_chunk,4,4
9695,12167,16166,16,0,0,layered_block,circular,per_chunk,4,4
9696,12209,16041,16,0,0,layered_block,circular,per_chunk,4,4
9697,12042,15958,16,0,0,layered_block,circular,per_chunk,4,4
9698,12042,16000,16,0,0,layered_block,circular,per_chunk,4,4
9699,12292,16125,16,0,0,layered_block,circular,per_chunk,4,4
9700,12125,16000,16,0,0,layered_block,circular,per_chunk,4,4
9701,18750,22667,16,0,0,layered_block,circular,per_chunk,4,4
9702,12125,16000,16,0,0,layered_block,circular,per_chunk,4,4
9703,12083,16042,16,0,0,layered_block,circular,per_chunk,4,4
9704,19750,23708,16,0,0,layered_block,circular,per_chunk,4,4
9705,12083,16000,16,0,0,layered_block,circular,per_chunk,4,4
9706,12125,16000,16,0,0,layered_block,circular,per_chunk,4,4
9707,12042,15958,16,0,0,layered_block,circular,per_chunk,4,4
9708,12166,16083,16,0,0,layered_block,circular,per_chunk,4,4
9709,11917,15875,16,0,0,layered_block,circular,per_chunk,4,4
9710,12208,16000,16,0,0,layered_block,circular,per_chunk,4,4
9711,12125,15958,16,0,0,layered_block,circular,per_chunk,4,4
9712,12042,16000,16,0,0,layered_block,circular,per_chunk,4,4
9713,12375,16208,16,0,0,layered_block,circular,per_chunk,4,4
9714,12042,15958,16,0,0,layered_block,circular,per_chunk,4,4
9715,12333,16250,16,0,0,layered_block,circular,per_chunk,4,4
9716,12167,16083,16,0,0,layered_block,circular,per_chunk,4,4
9717,12250,16167,16,0,0,layered_block,circular,per_chunk,4,4
9718,12167,16041,16,0,0,layered_block,circular,per_chunk,4,4
9719,12125,16000,16,0,0,layered_block,circular,per_chunk,4,4
9720,12083,16042,16,0,0,layered_block,circular,per_chunk,4,4
9721,12167,16042,16,0,0,layered_block,circular,per_chunk,4,4
9722,12250,16125,16,0,0,layered_block,circular,per_chunk,4,4
9723,12083,16042,16,0,0,layered_block,circular,per_chunk,4,4
9724,12208,16083,16,0,0,layered_block,circular,per_chunk,4,4
9725,12083,15916,16,0,0,layered_block,circular,per_chunk,4,4
9726,11875,16000,16,0,0,layered_block,circular,per_chunk,4,4
9727,12209,16041,16,0,0,layered_block,circular,per_chunk,4,4
9728,12167,16000,16,0,0,layered_block,circular,per_chunk,4,4
9729,12209,16041,16,0,0,layered_block,circular,per_chunk,4,4
9730,12041,15917,16,0,0,layered_block,circular,per_chunk,4,4
9731,12041,15875,16,0,0,layered_block,circular,per_chunk,4,4
9732,12041,15958,16,0,0,layered_block,circular,per_chunk,4,4
9733,12125,15917,16,0,0,layered_block,circular,per_chunk,4,4
9734,12041,15916,16,0,0,layered_block,circular,per_chunk,4,4
9735,12167,16000,16,0,0,layered_block,circular,per_chunk,4,4
9736,12167,16000,16,0,0,layered_block,circular,per_chunk,4,4
9737,12209,16083,16,0,0,layered_block,circular,per_chunk,4,4
9738,12125,15958,16,0,0,layered_block,circular,per_chunk,4,4
9739,12042,15917,16,0,0,layered_block,circular,per_chunk,4,4
9740,12208,16125,16,0,0,layered_block,circular,per_chunk,4,4
9741,12084,15917,16,0,0,layered_block,circular,per_chunk,4,4
9742,12125,16000,16,0,0,layered_block,circular,per_chunk,4,4
9743,20500,24417,16,0,0,layered_block,circular,per_chunk,4,4
9744,12417,16208,16,0,0,layered_block,circular,per_chunk,4,4
9745,12292,16125,16,0,0,layered_block,circular,per_chunk,4,4
9746,12209,16042,16,0,0,layered_block,circular,per_chunk,4,4
9747,12084,15916,16,0,0,layered_block,circular,per_chunk,4,4
9748,12042,15958,16,0,0,layered_block,circular,per_chunk,4,4
9749,12000,15916,16,0,0,layered_block,circular,per_chunk,4,4
9750,11875,15959,16,0,0,layered_block,circular,per_chunk,4,4
9751,12000,15958,16,0,0,layered_block,circular,per_chunk,4,4
9752,12167,16041,16,0,0,layered_block,circular,per_chunk,4,4
9753,12041,15875,16,0,0,layered_block,circular,per_chunk,4,4
9754,12125,16041,16,0,0,layered_block,circular,per_chunk,4,4
9755,12042,15917,16,0,0,layered_block,circular,per_chunk,4,4
9756,12083,15958,16,0,0,layered_block,circular,per_chunk,4,4
9757,12166,15958,16,0,0,layered_block,circular,per_chunk,4,4
9758,12000,15917,16,0,0,layered_block,circular,per_chunk,4,4
9759,12250,16125,16,0,0,layered_block,circular,per_chunk,4,4
9760,12334,16166,16,0,0,layered_block,circular,per_chunk,4,4
9761,12083,15917,16,0,0,layered_block,circular,per_chunk,4,4
9762,12042,15958,16,0,0,layered_block,circular,per_chunk,4,4
9763,12000,15833,16,0,0,layered_block,circular,per_chunk,4,4
9764,12083,15917,16,0,0,layered_block,circular,per_chunk,4,4
9765,12083,15958,16,0,0,layered_block,circular,per_chunk,4,4
9766,12125,15958,16,0,0,layered_block,circular,per_chunk,4,4
9767,12125,15917,16,0,0,layered_block,circular,per_chunk,4,4
9768,12084,16000,16,0,0,layered_block,circular,per_chunk,4,4
9769,12084,15958,16,0,0,layered_block,circular,per_chunk,4,4
9770,12041,16000,16,0,0,layered_block,circular,per_chunk,4,4
9771,12125,16000,16,0,0,layered_block,circular,per_chunk,4,4
9772,12042,15875,16,0,0,layered_block,circular,per_chunk,4,4
9773,12167,16042,16,0,0,layered_block,circular,per_chunk,4,4
9774,12125,16042,16,0,0,layered_block,circular,per_chunk,4,4
9775,12125,15958,16,0,0,layered_block,circular,per_chunk,4,4
9776,12083,15958,16,0,0,layered_block,circular,per_chunk,4,4
9777,12333,16208,16,0,0,layered_block,circular,per_chunk,4,4
9778,12083,15916,16,0,0,layered_block,circular,per_chunk,4,4
9779,12750,16625,16,0,0,layered_block,circular,per_chunk,4,4
9780,12042,15958,16,0,0,layered_block,circular,per_chunk,4,4
9781,12167,15917,16,0,0,layered_block,circular,per_chunk,4,4
9782,12375,16208,16,0,0,layered_block,circular,per_chunk,4,4
9783,12083,15875,16,0,0,layered_block,circular,per_chunk,4,4
9784,12750,23334,16,0,0,layered_block,circular,per_chunk,4,4
9785,12083,15958,16,0,0,layered_block,circular,per_chunk,4,4
9786,12167,16084,16,0,0,layered_block,circular,per_chunk,4,4
9787,12084,15958,16,0,0,layered_block,circular,per_chunk,4,4
9788,12084,15917,16,0,0,layered_block,circular,per_chunk,4,4
9789,12208,16084,16,0,0,layered_block,circular,per_chunk,4,4
9790,11791,15917,16,0,0,layered_block,circular,per_chunk,4,4
9791,12083,16000,16,0,0,layered_block,circular,per_chunk,4,4
9792,11959,15875,16,0,0,layered_block,circular,per_chunk,4,4
9793,12166,16042,16,0,0,layered_block,circular,per_chunk,4,4
9794,12042,15958,16,0,0,layered_block,circular,per_chunk,4,4
9795,12166,16083,16,0,0,layered_block,circular,per_chunk,4,4
9796,12083,15916,16,0,0,layered_block,circular,per_chunk,4,4
9797,12041,15958,16,0,0,layered_block,circular,per_chunk,4,4
9798,12000,15875,16,0,0,layered_block,circular,per_chunk,4,4
9799,12125,15917,16,0,0,layered_block,circular,per_chunk,4,4
9800,12083,16000,16,0,0,layered_block,circular,per_chunk,4,4
9801,12209,16041,16,0,0,layered_block,circular,per_chunk,4,4
9802,12167,16042,16,0,0,layered_block,circular,per_chunk,4,4
9803,12417,22750,16,0,0,layered_block,circular,per_chunk,4,4
9804,12125,16000,16,0,0,layered_block,circular,per_chunk,4,4
9805,12125,15958,16,0,0,layered_block,circular,per_chunk,4,4
9806,12667,22541,16,0,0,layered_block,circular,per_chunk,4,4
9807,12125,16000,16,0,0,layered_block,circular,per_chunk,4,4
9808,11917,15875,16,0,0,layered_block,circular,per_chunk,4,4
9809,12083,15958,16,0,0,layered_block,circular,per_chunk,4,4
9810,12209,16041,16,0,0,layered_block,circular,per_chunk,4,4
9811,12042,15917,16,0,0,layered_block,circular,per_chunk,4,4
9812,12083,15959,16,0,0,layered_block,circular,per_chunk,4,4
9813,12458,16292,16,0,0,layered_block,circular,per_chunk,4,4
9814,12042,15958,16,0,0,layered_block,circular,per_chunk,4,4
9815,12083,15917,16,0,0,layered_block,circular,per_chunk,4,4
9816,12041,15917,16,0,0,layered_block,circular,per_chunk,4,4
9817,12167,16000,16,0,0,layered_block,circular,per_chunk,4,4
9818,12208,15958,16,0,0,layered_block,circular,per_chunk,4,4
9819,12208,16125,16,0,0,layered_block,circular,per_chunk,4,4
9820,12125,22375,16,0,0,layered_block,circular,per_chunk,4,4
9821,12083,15958,16,0,0,layered_block,circular,per_chunk,4,4
9822,12083,16125,16,0,0,layered_block,circular,per_chunk,4,4
9823,12041,15917,16,0,0,layered_block,circular,per_chunk,4,4
9824,12083,15916,16,0,0,layered_block,circular,per_chunk,4,4
9825,12041,15917,16,0,0,layered_block,circular,per_chunk,4,4
9826,12000,15875,16,0,0,layered_block,circular,per_chunk,4,4
9827,12083,15917,16,0,0,layered_block,circular,per_chunk,4,4
9828,12291,16166,16,0,0,layered_block,circular,per_chunk,4,4
9829,12250,16042,16,0,0,layered_block,circular,per_chunk,4,4
9830,12083,15958,16,0,0,layered_block,circular,per_chunk,4,4
9831,12291,16208,16,0,0,layered_block,circular,per_chunk,4,4
9832,12209,16000,16,0,0,layered_block,circular,per_chunk,4,4
9833,12083,15917,16,0,0,layered_block,circular,per_chunk,4,4
9834,12084,16000,16,0,0,layered_block,circular,per_chunk,4,4
9835,12042,15875,16,0,0,layered_block,circular,per_chunk,4,4
9836,12084,16000,16,0,0,layered_block,circular,per_chunk,4,4
9837,12542,16458,16,0,0,layered_block,circular,per_chunk,4,4
9838,12250,16083,16,0,0,layered_block,circular,per_chunk,4,4
9839,12000,16000,16,0,0,layered_block,circular,per_chunk,4,4
9840,12084,15917,16,0,0,layered_block,circular,per_chunk,4,4
9841,12125,16042,16,0,0,layered_block,circular,per_chunk,4,4
9842,12083,15958,16,0,0,layered_block,circular,per_chunk,4,4
9843,12125,15916,16,0,0,layered_block,circular,per_chunk,4,4
9844,12042,15958,16,0,0,layered_block,circular,per_chunk,4,4
9845,12209,16083,16,0,0,layered_block,circular,per_chunk,4,4
9846,12333,16125,16,0,0,layered_block,circular,per_chunk,4,4
9847,12084,16000,16,0,0,layered_block,circular,per_chunk,4,4
9848,12125,16000,16,0,0,layered_block,circular,per_chunk,4,4
9849,12083,15917,16,0,0,layered_block,circular,per_chunk,4,4
9850,11792,15917,16,0,0,layered_block,circular,per_chunk,4,4
9851,12000,15917,16,0,0,layered_block,circular,per_chunk,4,4
9852,12208,16000,16,0,0,layered_block,circular,per_chunk,4,4
9853,12042,15958,16,0,0,layered_block,circular,per_chunk,4,4
9854,12166,16000,16,0,0,layered_block,circular,per_chunk,4,4
9855,12167,16042,16,0,0,layered_block,circular,per_chunk,4,4
9856,12166,16042,16,0,0,layered_block,circular,per_chunk,4,4
9857,12292,16125,16,0,0,layered_block,circular,per_chunk,4,4
9858,12125,16000,16,0,0,layered_block,circular,per_chunk,4,4
9859,12000,15917,16,0,0,layered_block,circular,per_chunk,4,4
9860,12125,16000,16,0,0,layered_block,circular,per_chunk,4,4
9861,12125,15958,16,0,0,layered_block,circular,per_chunk,4,4
9862,12291,16208,16,0,0,layered_block,circular,per_chunk,4,4
9863,12041,15875,16,0,0,layered_block,circular,per_chunk,4,4
9864,12083,15917,16,0,0,layered_block,circular,per_chunk,4,4
9865,12000,16000,16,0,0,layered_block,circular,per_chunk,4,4
9866,12042,15917,16,0,0,layered_block,circular,per_chunk,4,4
9867,12084,16042,16,0,0,layered_block,circular,per_chunk,4,4
9868,12166,16042,16,0,0,layered_block,circular,per_chunk,4,4
9869,12208,16000,16,0,0,layered_block,circular,per_chunk,4,4
9870,12125,16042,16,0,0,layered_block,circular,per_chunk,4,4
9871,12125,16000,16,0,0,layered_block,circular,per_chunk,4,4
9872,12292,16042,16,0,0,layered_block,circular,per_chunk,4,4
9873,12083,15958,16,0,0,layered_block,circular,per_chunk,4,4
9874,12041,15875,16,0,0,layered_block,circular,per_chunk,4,4
9875,12125,16000,16,0,0,layered_block,circular,per_chunk,4,4
9876,12167,15958,16,0,0,layered_block,circular,per_chunk,4,4
9877,12167,16042,16,0,0,layered_block,circular,per_chunk,4,4
9878,12125,16000,16,0,0,layered_block,circular,per_chunk,4,4
9879,12000,15958,16,0,0,layered_block,circular,per_chunk,4,4
9880,12250,16042,16,0,0,layered_block,circular,per_chunk,4,4
9881,12125,15958,16,0,0,layered_block,circular,per_chunk,4,4
9882,12125,16000,16,0,0,layered_block,circular,per_chunk,4,4
9883,12041,15958,16,0,0,layered_block,circular,per_chunk,4,4
9884,12292,16166,16,0,0,layered_block,circular,per_chunk,4,4
9885,12042,16000,16,0,0,layered_block,circular,per_chunk,4,4
9886,12375,16167,16,0,0,layered_block,circular,per_chunk,4,4
9887,12083,15875,16,0,0,layered_block,circular,per_chunk,4,4
9888,12125,16000,16,0,0,layered_block,circular,per_chunk,4,4
9889,12042,16042,16,0,0,layered_block,circular,per_chunk,4,4
9890,12667,16833,16,0,0,layered_block,circular,per_chunk,4,4
9891,12459,16250,16,0,0,layered_block,circular,per_chunk,4,4
9892,12041,15958,16,0,0,layered_block,circular,per_chunk,4,4
9893,12208,16000,16,0,0,layered_block,circular,per_chunk,4,4
9894,12125,15958,16,0,0,layered_block,circular,per_chunk,4,4
9895,12084,15959,16,0,0,layered_block,circular,per_chunk,4,4
9896,12208,16125,16,0,0,layered_block,circular,per_chunk,4,4
9897,12250,16125,16,0,0,layered_block,circular,per_chunk,4,4
9898,12250,16042,16,0,0,layered_block,circular,per_chunk,4,4
9899,12292,16125,16,0,0,layered_block,circular,per_chunk,4,4
9900,12083,15917,16,0,0,layered_block,circular,per_chunk,4,4
9901,12250,16125,16,0,0,layered_block,circular,per_chunk,4,4
9902,12167,16000,16,0,0,layered_block,circular,per_chunk,4,4
9903,12125,16000,16,0,0,layered_block,circular,per_chunk,4,4
9904,12250,16125,16,0,0,layered_block,circular,per_chunk,4,4
9905,11959,15875,16,0,0,layered_block,circular,per_chunk,4,4
9906,12209,16000,16,0,0,layered_block,circular,per_chunk,4,4
9907,12125,16000,16,0,0,layered_block,circular,per_chunk,4,4
9908,12083,15958,16,0,0,layered_block,circular,per_chunk,4,4
9909,12041,15958,16,0,0,layered_block,circular,per_chunk,4,4
9910,12708,16667,16,0,0,layered_block,circular,per_chunk,4,4
9911,12125,15916,16,0,0,layered_block,circular,per_chunk,4,4
9912,12500,16375,16,0,0,layered_block,circular,per_chunk,4,4
9913,12167,16042,16,0,0,layered_block,circular,per_chunk,4,4
9914,12333,16250,16,0,0,layered_block,circular,per_chunk,4,4
9915,12333,16208,16,0,0,layered_block,circular,per_chunk,4,4
9916,12083,15958,16,0,0,layered_block,circular,per_chunk,4,4
9917,12083,15916,16,0,0,layered_block,circular,per_chunk,4,4
9918,12042,15917,16,0,0,layered_block,circular,per_chunk,4,4
9919,12125,16041,16,0,0,layered_block,circular,per_chunk,4,4
9920,12042,15917,16,0,0,layered_block,circular,per_chunk,4,4
9921,11958,15792,16,0,0,layered_block,circular,per_chunk,4,4
9922,12000,15917,16,0,0,layered_block,circular,per_chunk,4,4
9923,12125,16042,16,0,0,layered_block,circular,per_chunk,4,4
9924,12167,16042,16,0,0,layered_block,circular,per_chunk,4,4
9925,12125,15917,16,0,0,layered_block,circular,per_chunk,4,4
9926,12125,16000,16,0,0,layered_block,circular,per_chunk,4,4
9927,12041,15917,16,0,0,layered_block,circular,per_chunk,4,4
9928,12292,16166,16,0,0,layered_block,circular,per_chunk,4,4
9929,12083,16000,16,0,0,layered_block,circular,per_chunk,4,4
9930,12166,16042,16,0,0,layered_block,circular,per_chunk,4,4
9931,12291,16125,16,0,0,layered_block,circular,per_chunk,4,4
9932,12042,15959,16,0,0,layered_block,circular,per_chunk,4,4
9933,12125,16000,16,0,0,layered_block,circular,per_chunk,4,4
9934,12167,16084,16,0,0,layered_block,circular,per_chunk,4,4
9935,12417,16292,16,0,0,layered_block,circular,per_chunk,4,4
9936,12042,15875,16,0,0,layered_block,circular,per_chunk,4,4
9937,12083,15958,16,0,0,layered_block,circular,per_chunk,4,4
9938,11959,16042,16,0,0,layered_block,circular,per_chunk,4,4
9939,12084,15958,16,0,0,layered_block,circular,per_chunk,4,4
9940,12042,15917,16,0,0,layered_block,circular,per_chunk,4,4
9941,12291,16125,16,0,0,layered_block,circular,per_chunk,4,4
9942,12208,16042,16,0,0,layered_block,circular,per_chunk,4,4
9943,12166,16000,16,0,0,layered_block,circular,per_chunk,4,4
9944,12084,15917,16,0,0,layered_block,circular,per_chunk,4,4
9945,12375,16250,16,0,0,layered_block,circular,per_chunk,4,4
9946,12125,16083,16,0,0,layered_block,circular,per_chunk,4,4
9947,17750,21708,16,0,0,layered_block,circular,per_chunk,4,4
9948,12125,16042,16,0,0,layered_block,circular,per_chunk,4,4
9949,12125,16000,16,0,0,layered_block,circular,per_chunk,4,4
9950,12084,15958,16,0,0,layered_block,circular,per_chunk,4,4
9951,12166,16000,16,0,0,layered_block,circular,per_chunk,4,4
9952,12333,16208,16,0,0,layered_block,circular,per_chunk,4,4
9953,12042,15875,16,0,0,layered_block,circular,per_chunk,4,4
9954,12125,15958,16,0,0,layered_block,circular,per_chunk,4,4
9955,12125,16000,16,0,0,layered_block,circular,per_chunk,4,4
9956,12666,16458,16,0,0,layered_block,circular,per_chunk,4,4
9957,12083,16000,16,0,0,layered_block,circular,per_chunk,4,4
9958,12083,16041,16,0,0,layered_block,circular,per_chunk,4,4
9959,12125,15958,16,0,0,layered_block,circular,per_chunk,4,4
9960,12125,16042,16,0,0,layered_block,circular,per_chunk,4,4
9961,19875,23750,16,0,0,layered_block,circular,per_chunk,4,4
9962,12083,15917,16,0,0,layered_block,circular,per_chunk,4,4
9963,11917,16083,16,0,0,layered_block,circular,per_chunk,4,4
9964,12167,16042,16,0,0,layered_block,circular,per_chunk,4,4
9965,12083,15959,16,0,0,layered_block,circular,per_chunk,4,4
9966,12000,15916,16,0,0,layered_block,circular,per_chunk,4,4
9967,12083,15917,16,0,0,layered_block,circular,per_chunk,4,4
9968,12083,15959,16,0,0,layered_block,circular,per_chunk,4,4
9969,12042,15958,16,0,0,layered_block,circular,per_chunk,4,4
9970,12541,16375,16,0,0,layered_block,circular,per_chunk,4,4
9971,12209,16000,16,0,0,layered_block,circular,per_chunk,4,4
9972,12166,16000,16,0,0,layered_block,circular,per_chunk,4,4
9973,12125,15958,16,0,0,layered_block,circular,per_chunk,4,4
9974,12125,15958,16,0,0,layered_block,circular,per_chunk,4,4
9975,12166,16042,16,0,0,layered_block,circular,per_chunk,4,4
9976,12333,16125,16,0,0,layered_block,circular,per_chunk,4,4
9977,11833,15958,16,0,0,layered_block,circular,per_chunk,4,4
9978,12125,15917,16,0,0,layered_block,circular,per_chunk,4,4
9979,12250,16042,16,0,0,layered_block,circular,per_chunk,4,4
9980,12333,16167,16,0,0,layered_block,circular,per_chunk,4,4
9981,12042,15959,16,0,0,layered_block,circular,per_chunk,4,4
9982,12167,15917,16,0,0,layered_block,circular,per_chunk,4,4
9983,12041,16083,16,0,0,layered_block,circular,per_chunk,4,4
9984,12041,15875,16,0,0,layered_block,circular,per_chunk,4,4
9985,12416,16208,16,0,0,layered_block,circular,per_chunk,4,4
9986,12083,15958,16,0,0,layered_block,circular,per_chunk,4,4
9987,12000,15958,16,0,0,layered_block,circular,per_chunk,4,4
9988,12375,16167,16,0,0,layered_block,circular,per_chunk,4,4
9989,11917,15958,16,0,0,layered_block,circular,per_chunk,4,4
9990,12042,15875,16,0,0,layered_block,circular,per_chunk,4,4
9991,12166,16000,16,0,0,layered_block,circular,per_chunk,4,4
9992,12250,16125,16,0,0,layered_block,circular,per_chunk,4,4
9993,12083,16000,16,0,0,layered_block,circular,per_chunk,4,4
9994,12166,16000,16,0,0,layered_block,circular,per_chunk,4,4
9995,12042,15959,16,0,0,layered_block,circular,per_chunk,4,4
9996,12084,15958,16,0,0,layered_block,circular,per_chunk,4,4
9997,12083,15916,16,0,0,layered_block,circular,per_chunk,4,4
9998,12125,16000,16,0,0,layered_block,circular,per_chunk,4,4
9999,12083,15916,16,0,0,layered_block,circular,per_chunk,4,4
10000,12042,15959,16,0,0,layered_block,circular,per_chunk,4,4
10001,12208,16000,16,0,0,layered_block,circular,per_chunk,4,4
10002,12125,16000,16,0,0,layered_block,circular,per_chunk,4,4
10003,12125,16042,16,0,0,layered_block,circular,per_chunk,4,4
10004,12041,15875,16,0,0,layered_block,circular,per_chunk,4,4
10005,12083,15917,16,0,0,layered_block,circular,per_chunk,4,4
10006,12000,15958,16,0,0,layered_block,circular,per_chunk,4,4
10007,12084,16000,16,0,0,layered_block,circular,per_chunk,4,4
10008,12000,15917,16,0,0,layered_block,circular,per_chunk,4,4
10009,11958,15917,16,0,0,layered_block,circular,per_chunk,4,4
10010,12125,15917,16,0,0,layered_block,circular,per_chunk,4,4
10011,12500,16250,16,0,0,layered_block,circular,per_chunk,4,4
10012,12125,16000,16,0,0,layered_block,circular,per_chunk,4,4
10013,12250,16083,16,0,0,layered_block,circular,per_chunk,4,4
10014,12125,15958,16,0,0,layered_block,circular,per_chunk,4,4
10015,18500,22375,16,0,0,layered_block,circular,per_chunk,4,4
10016,12084,15917,16,0,0,layered_block,circular,per_chunk,4,4
10017,11875,16042,16,0,0,layered_block,circular,per_chunk,4,4
10018,20166,24083,16,0,0,layered_block,circular,per_chunk,4,4
10019,12208,16042,16,0,0,layered_block,circular,per_chunk,4,4
10020,12083,15958,16,0,0,layered_block,circular,per_chunk,4,4
10021,12084,15917,16,0,0,layered_block,circular,per_chunk,4,4
10022,12041,15917,16,0,0,layered_block,circular,per_chunk,4,4
10023,12166,16000,16,0,0,layered_block,circular,per_chunk,4,4
10024,12458,16250,16,0,0,layered_block,circular,per_chunk,4,4
10025,11959,15875,16,0,0,layered_block,circular,per_chunk,4,4
10026,19875,23750,16,0,0,layered_block,circular,per_chunk,4,4
10027,12125,15959,16,0,0,layered_block,circular,per_chunk,4,4
10028,12125,16000,16,0,0,layered_block,circular,per_chunk,4,4
10029,12125,16000,16,0,0,layered_block,circular,per_chunk,4,4
10030,12166,15958,16,0,0,layered_block,circular,per_chunk,4,4
10031,12125,15958,16,0,0,layered_block,circular,per_chunk,4,4
10032,19459,23334,16,0,0,layered_block,circular,per_chunk,4,4
10033,12042,15917,16,0,0,layered_block,circular,per_chunk,4,4
10034,12167,16042,16,0,0,layered_block,circular,per_chunk,4,4
10035,12083,15916,16,0,0,layered_block,circular,per_chunk,4,4
10036,12042,15917,16,0,0,layered_block,circular,per_chunk,4,4
10037,12167,16042,16,0,0,layered_block,circular,per_chunk,4,4
10038,12125,16042,16,0,0,layered_block,circular,per_chunk,4,4
10039,12250,16125,16,0,0,layered_block,circular,per_chunk,4,4
10040,12167,16000,16,0,0,layered_block,circular,per_chunk,4,4
10041,12208,16042,16,0,0,layered_block,circular,per_chunk,4,4
10042,11959,15834,16,0,0,layered_block,circular,per_chunk,4,4
10043,12083,15917,16,0,0,layered_block,circular,per_chunk,4,4
10044,12084,15916,16,0,0,layered_block,circular,per_chunk,4,4
10045,12166,16000,16,0,0,layered_block,circular,per_chunk,4,4
10046,12084,15917,16,0,0,layered_block,circular,per_chunk,4,4
10047,12333,16208,16,0,0,layered_block,circular,per_chunk,4,4
10048,12125,16000,16,0,0,layered_block,circular,per_chunk,4,4
10049,12125,15958,16,0,0,layered_block,circular,per_chunk,4,4
10050,12083,15917,16,0,0,layered_block,circular,per_chunk,4,4
10051,12167,16000,16,0,0,layered_block,circular,per_chunk,4,4
10052,12334,16125,16,0,0,layered_block,circular,per_chunk,4,4
10053,12083,16084,16,0,0,layered_block,circular,per_chunk,4,4
10054,12042,15917,16,0,0,layered_block,circular,per_chunk,4,4
10055,12083,15958,16,0,0,layered_block,circular,per_chunk,4,4
10056,12125,16042,16,0,0,layered_block,circular,per_chunk,4,4
10057,12291,16208,16,0,0,layered_block,circular,per_chunk,4,4
10058,12041,15958,16,0,0,layered_block,circular,per_chunk,4,4
10059,12166,15958,16,0,0,layered_block,circular,per_chunk,4,4
10060,12042,15959,16,0,0,layered_block,circular,per_chunk,4,4
10061,12042,15917,16,0,0,layered_block,circular,per_chunk,4,4
10062,19917,23750,16,0,0,layered_block,circular,per_chunk,4,4
10063,12042,16000,16,0,0,layered_block,circular,per_chunk,4,4
10064,12125,16000,16,0,0,layered_block,circular,per_chunk,4,4
10065,11917,21083,16,0,0,layered_block,circular,per_chunk,4,4
10066,12625,16500,16,0,0,layered_block,circular,per_chunk,4,4
10067,12041,15875,16,0,0,layered_block,circular,per_chunk,4,4
10068,12416,16292,16,0,0,layered_block,circular,per_chunk,4,4
10069,12042,15875,16,0,0,layered_block,circular,per_chunk,4,4
10070,12125,15958,16,0,0,layered_block,circular,per_chunk,4,4
10071,12250,16083,16,0,0,layered_block,circular,per_chunk,4,4
10072,12208,15958,16,0,0,layered_block,circular,per_chunk,4,4
10073,12042,16000,16,0,0,layered_block,circular,per_chunk,4,4
10074,12167,15959,16,0,0,layered_block,circular,per_chunk,4,4
10075,12167,16000,16,0,0,layered_block,circular,per_chunk,4,4
10076,12042,15875,16,0,0,layered_block,circular,per_chunk,4,4
10077,12167,16000,16,0,0,layered_block,circular,per_chunk,4,4
10078,12083,15958,16,0,0,layered_block,circular,per_chunk,4,4
10079,12000,15875,16,0,0,layered_block,circular,per_chunk,4,4
10080,12084,16000,16,0,0,layered_block,circular,per_chunk,4,4
10081,12000,15875,16,0,0,layered_block,circular,per_chunk,4,4
10082,12166,15916,16,0,0,layered_block,circular,per_chunk,4,4
10083,12209,16083,16,0,0,layered_block,circular,per_chunk,4,4
10084,12000,15833,16,0,0,layered_block,circular,per_chunk,4,4
10085,14417,19458,16,0,0,layered_block,circular,per_chunk,4,4
10086,12042,15916,16,0,0,layered_block,circular,per_chunk,4,4
10087,12958,25125,16,0,0,layered_block,circular,per_chunk,4,4
10088,12083,15959,16,0,0,layered_block,circular,per_chunk,4,4
10089,12417,16208,16,0,0,layered_block,circular,per_chunk,4,4
10090,12042,15916,16,0,0,layered_block,circular,per_chunk,4,4
10091,12208,16125,16,0,0,layered_block,circular,per_chunk,4,4
10092,12000,15916,16,0,0,layered_block,circular,per_chunk,4,4
10093,12000,15917,16,0,0,layered_block,circular,per_chunk,4,4
10094,12208,16000,16,0,0,layered_block,circular,per_chunk,4,4
10095,12167,16084,16,0,0,layered_block,circular,per_chunk,4,4
10096,12125,15917,16,0,0,layered_block,circular,per_chunk,4,4
10097,12375,16291,16,0,0,layered_block,circular,per_chunk,4,4
10098,12041,15875,16,0,0,layered_block,circular,per_chunk,4,4
10099,12125,16000,16,0,0,layered_block,circular,per_chunk,4,4
10100,12250,16125,16,0,0,layered_block,circular,per_chunk,4,4
10101,12084,15958,16,0,0,layered_block,circular,per_chunk,4,4
10102,12125,15958,16,0,0,layered_block,circular,per_chunk,4,4
10103,12083,15917,16,0,0,layered_block,circular,per_chunk,4,4
10104,12208,16000,16,0,0,layered_block,circular,per_chunk,4,4
10105,12000,15916,16,0,0,layered_block,circular,per_chunk,4,4
10106,12000,15958,16,0,0,layered_block,circular,per_chunk,4,4
10107,12208,16083,16,0,0,layered_block,circular,per_chunk,4,4
10108,12083,16000,16,0,0,layered_block,circular,per_chunk,4,4
10109,12083,16000,16,0,0,layered_block,circular,per_chunk,4,4
10110,12125,16000,16,0,0,layered_block,circular,per_chunk,4,4
10111,12166,16000,16,0,0,layered_block,circular,per_chunk,4,4
10112,12083,16000,16,0,0,layered_block,circular,per_chunk,4,4
10113,12041,15917,16,0,0,layered_block,circular,per_chunk,4,4
10114,11958,16125,16,0,0,layered_block,circular,per_chunk,4,4
10115,12041,15875,16,0,0,layered_block,circular,per_chunk,4,4
10116,12042,15917,16,0,0,layered_block,circular,per_chunk,4,4
10117,12125,16000,16,0,0,layered_block,circular,per_chunk,4,4
10118,12125,15875,16,0,0,layered_block,circular,per_chunk,4,4
10119,12250,16167,16,0,0,layered_block,circular,per_chunk,4,4
10120,12209,16000,16,0,0,layered_block,circular,per_chunk,4,4
10121,12125,15958,16,0,0,layered_block,circular,per_chunk,4,4
10122,12125,16042,16,0,0,layered_block,circular,per_chunk,4,4
10123,12792,16625,16,0,0,layered_block,circular,per_chunk,4,4
10124,12125,16000,16,0,0,layered_block,circular,per_chunk,4,4
10125,11917,16000,16,0,0,layered_block,circular,per_chunk,4,4
10126,12542,22583,16,0,0,layered_block,circular,per_chunk,4,4
10127,12042,15875,16,0,0,layered_block,circular,per_chunk,4,4
10128,12042,15917,16,0,0,layered_block,circular,per_chunk,4,4
10129,12291,16125,16,0,0,layered_block,circular,per_chunk,4,4
10130,12292,16167,16,0,0,layered_block,circular,per_chunk,4,4
10131,12125,15959,16,0,0,layered_block,circular,per_chunk,4,4
10132,12083,15958,16,0,0,layered_block,circular,per_chunk,4,4
10133,12417,16250,16,0,0,layered_block,circular,per_chunk,4,4
10134,12042,16041,16,0,0,layered_block,circular,per_chunk,4,4
10135,12584,22000,16,0,0,layered_block,circular,per_chunk,4,4
10136,12042,15958,16,0,0,layered_block,circular,per_chunk,4,4
10137,11916,16042,16,0,0,layered_block,circular,per_chunk,4,4
10138,12166,15958,16,0,0,layered_block,circular,per_chunk,4,4
10139,12125,15875,16,0,0,layered_block,circular,per_chunk,4,4
10140,11875,16000,16,0,0,layered_block,circular,per_chunk,4,4
10141,12375,16208,16,0,0,layered_block,circular,per_chunk,4,4
10142,12041,15958,16,0,0,layered_block,circular,per_chunk,4,4
10143,12083,15917,16,0,0,layered_block,circular,per_chunk,4,4
10144,12041,15917,16,0,0,layered_block,circular,per_chunk,4,4
10145,12125,15958,16,0,0,layered_block,circular,per_chunk,4,4
10146,12084,15959,16,0,0,layered_block,circular,per_chunk,4,4
10147,12042,15875,16,0,0,layered_block,circular,per_chunk,4,4
10148,12042,15875,16,0,0,layered_block,circular,per_chunk,4,4
10149,12250,16125,16,0,0,layered_block,circular,per_chunk,4,4
10150,12125,16000,16,0,0,layered_block,circular,per_chunk,4,4
10151,12042,15875,16,0,0,layered_block,circular,per_chunk,4,4
10152,12333,16417,16,0,0,layered_block,circular,per_chunk,4,4
10153,12042,15875,16,0,0,layered_block,circular,per_chunk,4,4
10154,12000,16042,16,0,0,layered_block,circular,per_chunk,4,4
10155,12000,15917,16,0,0,layered_block,circular,per_chunk,4,4
10156,12292,16167,16,0,0,layered_block,circular,per_chunk,4,4
10157,12167,16042,16,0,0,layered_block,circular,per_chunk,4,4
10158,12083,16000,16,0,0,layered_block,circular,per_chunk,4,4
10159,12166,15958,16,0,0,layered_block,circular,per_chunk,4,4
10160,12292,16209,16,0,0,layered_block,circular,per_chunk,4,4
10161,12250,16083,16,0,0,layered_block,circular,per_chunk,4,4
10162,12375,16208,16,0,0,layered_block,circular,per_chunk,4,4
10163,12084,16000,16,0,0,layered_block,circular,per_chunk,4,4
10164,12167,15958,16,0,0,layered_block,circular,per_chunk,4,4
10165,12125,15958,16,0,0,layered_block,circular,per_chunk,4,4
10166,12417,16292,16,0,0,layered_block,circular,per_chunk,4,4
10167,12208,15958,16,0,0,layered_block,circular,per_chunk,4,4
10168,12083,15958,16,0,0,layered_block,circular,per_chunk,4,4
10169,20833,24750,16,0,0,layered_block,circular,per_chunk,4,4
10170,12125,16000,16,0,0,layered_block,circular,per_chunk,4,4
10171,12042,15958,16,0,0,layered_block,circular,per_chunk,4,4
10172,12083,15958,16,0,0,layered_block,circular,per_chunk,4,4
10173,11916,16042,16,0,0,layered_block,circular,per_chunk,4,4
10174,12167,16000,16,0,0,layered_block,circular,per_chunk,4,4
10175,12375,16208,16,0,0,layered_block,circular,per_chunk,4,4
10176,12208,16041,16,0,0,layered_block,circular,per_chunk,4,4
10177,12042,15958,16,0,0,layered_block,circular,per_chunk,4,4
10178,12084,15917,16,0,0,layered_block,circular,per_chunk,4,4
10179,12166,15916,16,0,0,layered_block,circular,per_chunk,4,4
10180,12042,15916,16,0,0,layered_block,circular,per_chunk,4,4
10181,12708,17250,16,0,0,layered_block,circular,per_chunk,4,4
10182,12125,15959,16,0,0,layered_block,circular,per_chunk,4,4
10183,12125,16000,16,0,0,layered_block,circular,per_chunk,4,4
10184,12042,15958,16,0,0,layered_block,circular,per_chunk,4,4
10185,12125,15917,16,0,0,layered_block,circular,per_chunk,4,4
10186,11958,15833,16,0,0,layered_block,circular,per_chunk,4,4
10187,21000,24917,16,0,0,layered_block,circular,per_chunk,4,4
10188,12041,15917,16,0,0,layered_block,circular,per_chunk,4,4
10189,12084,15958,16,0,0,layered_block,circular,per_chunk,4,4
10190,12041,15917,16,0,0,layered_block,circular,per_chunk,4,4
10191,12000,15959,16,0,0,layered_block,circular,per_chunk,4,4
10192,12083,15958,16,0,0,layered_block,circular,per_chunk,4,4
10193,11959,15875,16,0,0,layered_block,circular,per_chunk,4,4
10194,12084,15875,16,0,0,layered_block,circular,per_chunk,4,4
10195,11958,15875,16,0,0,layered_block,circular,per_chunk,4,4
10196,12125,15875,16,0,0,layered_block,circular,per_chunk,4,4
10197,12084,15958,16,0,0,layered_block,circular,per_chunk,4,4
10198,19833,23708,16,0,0,layered_block,circular,per_chunk,4,4
10199,12000,15917,16,0,0,layered_block,circular,per_chunk,4,4
10200,12167,15959,16,0,0,layered_block,circular,per_chunk,4,4
10201,12084,15916,16,0,0,layered_block,circular,per_chunk,4,4
10202,12250,16000,16,0,0,layered_block,circular,per_chunk,4,4
10203,12167,16084,16,0,0,layered_block,circular,per_chunk,4,4
10204,19583,23416,16,0,0,layered_block,circular,per_chunk,4,4
10205,12125,15917,16,0,0,layered_block,circular,per_chunk,4,4
10206,12208,16042,16,0,0,layered_block,circular,per_chunk,4,4
10207,12166,16000,16,0,0,layered_block,circular,per_chunk,4,4
10208,12167,16041,16,0,0,layered_block,circular,per_chunk,4,4
10209,12209,16000,16,0,0,layered_block,circular,per_chunk,4,4
10210,12250,16042,16,0,0,layered_block,circular,per_chunk,4,4
10211,12792,16584,16,0,0,layered_block,circular,per_chunk,4,4
10212,12292,16209,16,0,0,layered_block,circular,per_chunk,4,4
10213,11959,16083,16,0,0,layered_block,circular,per_chunk,4,4
10214,12000,15917,16,0,0,layered_block,circular,per_chunk,4,4
10215,12083,15959,16,0,0,layered_block,circular,per_chunk,4,4
10216,12000,15958,16,0,0,layered_block,circular,per_chunk,4,4
10217,12167,15959,16,0,0,layered_block,circular,per_chunk,4,4
10218,12083,15959,16,0,0,layered_block,circular,per_chunk,4,4
10219,12125,16000,16,0,0,layered_block,circular,per_chunk,4,4
10220,12209,16000,16,0,0,layered_block,circular,per_chunk,4,4
10221,12167,16000,16,0,0,layered_block,circular,per_chunk,4,4
10222,20458,24375,16,0,0,layered_block,circular,per_chunk,4,4
10223,12083,15958,16,0,0,layered_block,circular,per_chunk,4,4
10224,12125,15958,16,0,0,layered_block,circular,per_chunk,4,4
10225,12083,15917,16,0,0,layered_block,circular,per_chunk,4,4
10226,12167,15917,16,0,0,layered_block,circular,per_chunk,4,4
10227,12083,16000,16,0,0,layered_block,circular,per_chunk,4,4
10228,12167,16041,16,0,0,layered_block,circular,per_chunk,4,4
10229,12166,15958,16,0,0,layered_block,circular,per_chunk,4,4
10230,11959,16000,16,0,0,layered_block,circular,per_chunk,4,4
10231,12084,23875,16,0,0,layered_block,circular,per_chunk,4,4
10232,12083,15917,16,0,0,layered_block,circular,per_chunk,4,4
10233,12333,16209,16,0,0,layered_block,circular,per_chunk,4,4
10234,12083,16000,16,0,0,layered_block,circular,per_chunk,4,4
10235,12084,16000,16,0,0,layered_block,circular,per_chunk,4,4
10236,12042,15958,16,0,0,layered_block,circular,per_chunk,4,4
10237,12250,16167,16,0,0,layered_block,circular,per_chunk,4,4
10238,12375,16208,16,0,0,layered_block,circular,per_chunk,4,4
10239,12333,16208,16,0,0,layered_block,circular,per_chunk,4,4
10240,12250,16083,16,0,0,layered_block,circular,per_chunk,4,4
10241,12208,16083,16,0,0,layered_block,circular,per_chunk,4,4
10242,12125,15875,16,0,0,layered_block,circular,per_chunk,4,4
10243,12125,16000,16,0,0,layered_block,circular,per_chunk,4,4
10244,12083,22542,16,0,0,layered_block,circular,per_chunk,4,4
10245,20166,24041,16,0,0,layered_block,circular,per_chunk,4,4
10246,12041,15917,16,0,0,layered_block,circular,per_chunk,4,4
10247,12375,16208,16,0,0,layered_block,circular,per_chunk,4,4
10248,12292,16208,16,0,0,layered_block,circular,per_chunk,4,4
10249,12083,15917,16,0,0,layered_block,circular,per_chunk,4,4
10250,12042,15917,16,0,0,layered_block,circular,per_chunk,4,4
10251,13000,17167,16,0,0,layered_block,circular,per_chunk,4,4
10252,12084,15917,16,0,0,layered_block,circular,per_chunk,4,4
10253,12083,15959,16,0,0,layered_block,circular,per_chunk,4,4
10254,12208,16166,16,0,0,layered_block,circular,per_chunk,4,4
10255,12125,15959,16,0,0,layered_block,circular,per_chunk,4,4
10256,12167,16000,16,0,0,layered_block,circular,per_chunk,4,4
10257,12041,16000,16,0,0,layered_block,circular,per_chunk,4,4
10258,12125,15958,16,0,0,layered_block,circular,per_chunk,4,4
10259,12083,15958,16,0,0,layered_block,circular,per_chunk,4,4
10260,12000,15917,16,0,0,layered_block,circular,per_chunk,4,4
10261,12209,16041,16,0,0,layered_block,circular,per_chunk,4,4
10262,20000,24000,16,0,0,layered_block,circular,per_chunk,4,4
10263,12125,15958,16,0,0,layered_block,circular,per_chunk,4,4
10264,12417,16208,16,0,0,layered_block,circular,per_chunk,4,4
10265,12166,15958,16,0,0,layered_block,circular,per_chunk,4,4
10266,12166,15958,16,0,0,layered_block,circular,per_chunk,4,4
10267,11958,15875,16,0,0,layered_block,circular,per_chunk,4,4
10268,12125,16042,16,0,0,layered_block,circular,per_chunk,4,4
10269,12334,16167,16,0,0,layered_block,circular,per_chunk,4,4
10270,12125,15959,16,0,0,layered_block,circular,per_chunk,4,4
10271,12000,15875,16,0,0,layered_block,circular,per_chunk,4,4
10272,12292,16083,16,0,0,layered_block,circular,per_chunk,4,4
10273,11834,15917,16,0,0,layered_block,circular,per_chunk,4,4
10274,12125,15958,16,0,0,layered_block,circular,per_chunk,4,4
10275,12167,16125,16,0,0,layered_block,circular,per_chunk,4,4
10276,12125,16041,16,0,0,layered_block,circular,per_chunk,4,4
10277,12084,15917,16,0,0,layered_block,circular,per_chunk,4,4
10278,12083,15958,16,0,0,layered_block,circular,per_chunk,4,4
10279,12084,16000,16,0,0,layered_block,circular,per_chunk,4,4
10280,12167,16000,16,0,0,layered_block,circular,per_chunk,4,4
10281,12458,16292,16,0,0,layered_block,circular,per_chunk,4,4
10282,11875,15958,16,0,0,layered_block,circular,per_chunk,4,4
10283,12042,15917,16,0,0,layered_block,circular,per_chunk,4,4
10284,11916,16000,16,0,0,layered_block,circular,per_chunk,4,4
10285,11959,15875,16,0,0,layered_block,circular,per_chunk,4,4
10286,12125,23042,16,0,0,layered_block,circular,per_chunk,4,4
10287,12083,15958,16,0,0,layered_block,circular,per_chunk,4,4
10288,12333,16166,16,0,0,layered_block,circular,per_chunk,4,4
10289,12083,15958,16,0,0,layered_block,circular,per_chunk,4,4
10290,12250,16083,16,0,0,layered_block,circular,per_chunk,4,4
10291,12375,16125,16,0,0,layered_block,circular,per_chunk,4,4
10292,12042,15959,16,0,0,layered_block,circular,per_chunk,4,4
10293,12125,15917,16,0,0,layered_block,circular,per_chunk,4,4
10294,11875,15958,16,0,0,layered_block,circular,per_chunk,4,4
10295,12250,16084,16,0,0,layered_block,circular,per_chunk,4,4
10296,12000,15875,16,0,0,layered_block,circular,per_chunk,4,4
10297,12083,16042,16,0,0,layered_block,circular,per_chunk,4,4
10298,12209,16042,16,0,0,layered_block,circular,per_chunk,4,4
10299,12166,16000,16,0,0,layered_block,circular,per_chunk,4,4
10300,12333,16208,16,0,0,layered_block,circular,per_chunk,4,4
10301,12125,15959,16,0,0,layered_block,circular,per_chunk,4,4
10302,12166,15916,16,0,0,layered_block,circular,per_chunk,4,4
10303,12250,16083,16,0,0,layered_block,circular,per_chunk,4,4
10304,12083,15916,16,0,0,layered_block,circular,per_chunk,4,4
10305,12208,16083,16,0,0,layered_block,circular,per_chunk,4,4
10306,12167,15958,16,0,0,layered_block,circular,per_chunk,4,4
10307,12042,15917,16,0,0,layered_block,circular,per_chunk,4,4
10308,12334,16208,16,0,0,layered_block,circular,per_chunk,4,4
10309,12125,15958,16,0,0,layered_block,circular,per_chunk,4,4
10310,12542,16417,16,0,0,layered_block,circular,per_chunk,4,4
10311,12292,16167,16,0,0,layered_block,circular,per_chunk,4,4
10312,12667,16708,16,0,0,layered_block,circular,per_chunk,4,4
10313,12125,16000,16,0,0,layered_block,circular,per_chunk,4,4
10314,12083,16000,16,0,0,layered_block,circular,per_chunk,4,4
10315,12041,15875,16,0,0,layered_block,circular,per_chunk,4,4
10316,12166,16041,16,0,0,layered_block,circular,per_chunk,4,4
10317,12042,15916,16,0,0,layered_block,circular,per_chunk,4,4
10318,12166,16083,16,0,0,layered_block,circular,per_chunk,4,4
10319,12208,16041,16,0,0,layered_block,circular,per_chunk,4,4
10320,12208,16000,16,0,0,layered_block,circular,per_chunk,4,4
10321,12083,15917,16,0,0,layered_block,circular,per_chunk,4,4
10322,12042,15917,16,0,0,layered_block,circular,per_chunk,4,4
10323,12041,15917,16,0,0,layered_block,circular,per_chunk,4,4
10324,12375,16250,16,0,0,layered_block,circular,per_chunk,4,4
10325,12125,15958,16,0,0,layered_block,circular,per_chunk,4,4
10326,12041,15916,16,0,0,layered_block,circular,per_chunk,4,4
10327,12125,15917,16,0,0,layered_block,circular,per_chunk,4,4
10328,12459,16458,16,0,0,layered_block,circular,per_chunk,4,4
10329,12208,16167,16,0,0,layered_block,circular,per_chunk,4,4
10330,12250,16042,16,0,0,layered_block,circular,per_chunk,4,4
10331,12250,16083,16,0,0,layered_block,circular,per_chunk,4,4
10332,12209,16084,16,0,0,layered_block,circular,per_chunk,4,4
10333,12292,16125,16,0,0,layered_block,circular,per_chunk,4,4
10334,12125,15958,16,0,0,layered_block,circular,per_chunk,4,4
10335,12041,16000,16,0,0,layered_block,circular,per_chunk,4,4
10336,12292,16167,16,0,0,layered_block,circular,per_chunk,4,4
10337,12375,16167,16,0,0,layered_block,circular,per_chunk,4,4
10338,12042,15958,16,0,0,layered_block,circular,per_chunk,4,4
10339,12458,16500,16,0,0,layered_block,circular,per_chunk,4,4
10340,12041,15875,16,0,0,layered_block,circular,per_chunk,4,4
10341,12042,15917,16,0,0,layered_block,circular,per_chunk,4,4
10342,12041,15917,16,0,0,layered_block,circular,per_chunk,4,4
10343,12042,15959,16,0,0,layered_block,circular,per_chunk,4,4
10344,12292,16125,16,0,0,layered_block,circular,per_chunk,4,4
10345,12125,15875,16,0,0,layered_block,circular,per_chunk,4,4
10346,12083,15917,16,0,0,layered_block,circular,per_chunk,4,4
10347,12167,16000,16,0,0,layered_block,circular,per_chunk,4,4
10348,12083,15959,16,0,0,layered_block,circular,per_chunk,4,4
10349,12083,15959,16,0,0,layered_block,circular,per_chunk,4,4
10350,12292,16125,16,0,0,layered_block,circular,per_chunk,4,4
10351,20208,24125,16,0,0,layered_block,circular,per_chunk,4,4
10352,12084,15917,16,0,0,layered_block,circular,per_chunk,4,4
10353,12000,15917,16,0,0,layered_block,circular,per_chunk,4,4
10354,12125,16000,16,0,0,layered_block,circular,per_chunk,4,4
10355,12125,15917,16,0,0,layered_block,circular,per_chunk,4,4
10356,12250,16084,16,0,0,layered_block,circular,per_chunk,4,4
10357,12292,16125,16,0,0,layered_block,circular,per_chunk,4,4
10358,12167,15959,16,0,0,layered_block,circular,per_chunk,4,4
10359,12084,15959,16,0,0,layered_block,circular,per_chunk,4,4
10360,12250,16042,16,0,0,layered_block,circular,per_chunk,4,4
10361,11833,15958,16,0,0,layered_block,circular,per_chunk,4,4
10362,12000,15833,16,0,0,layered_block,circular,per_chunk,4,4
10363,12083,15916,16,0,0,layered_block,circular,per_chunk,4,4
10364,12167,16000,16,0,0,layered_block,circular,per_chunk,4,4
10365,12083,15916,16,0,0,layered_block,circular,per_chunk,4,4
10366,12166,16000,16,0,0,layered_block,circular,per_chunk,4,4
10367,12292,16625,16,0,0,layered_block,circular,per_chunk,4,4
10368,12125,15958,16,0,0,layered_block,circular,per_chunk,4,4
10369,12208,16083,16,0,0,layered_block,circular,per_chunk,4,4
10370,19542,23541,16,0,0,layered_block,circular,per_chunk,4,4
10371,12083,15958,16,0,0,layered_block,circular,per_chunk,4,4
10372,12125,15917,16,0,0,layered_block,circular,per_chunk,4,4
10373,12083,15916,16,0,0,layered_block,circular,per_chunk,4,4
10374,12083,16000,16,0,0,layered_block,circular,per_chunk,4,4
10375,12125,16000,16,0,0,layered_block,circular,per_chunk,4,4
10376,12166,15958,16,0,0,layered_block,circular,per_chunk,4,4
10377,12042,15875,16,0,0,layered_block,circular,per_chunk,4,4
10378,12292,16125,16,0,0,layered_block,circular,per_chunk,4,4
10379,12083,15958,16,0,0,layered_block,circular,per_chunk,4,4
10380,12125,15917,16,0,0,layered_block,circular,per_chunk,4,4
10381,12083,15958,16,0,0,layered_block,circular,per_chunk,4,4
10382,12042,15958,16,0,0,layered_block,circular,per_chunk,4,4
10383,12167,16000,16,0,0,layered_block,circular,per_chunk,4,4
10384,12291,16041,16,0,0,layered_block,circular,per_chunk,4,4
10385,11833,15917,16,0,0,layered_block,circular,per_chunk,4,4
10386,12166,16000,16,0,0,layered_block,circular,per_chunk,4,4
10387,12000,15917,16,0,0,layered_block,circular,per_chunk,4,4
10388,12084,15958,16,0,0,layered_block,circular,per_chunk,4,4
10389,12166,15958,16,0,0,layered_block,circular,per_chunk,4,4
10390,12333,16208,16,0,0,layered_block,circular,per_chunk,4,4
10391,12125,16041,16,0,0,layered_block,circular,per_chunk,4,4
10392,12167,15917,16,0,0,layered_block,circular,per_chunk,4,4
10393,12125,16000,16,0,0,layered_block,circular,per_chunk,4,4
10394,12041,15875,16,0,0,layered_block,circular,per_chunk,4,4
10395,12000,15833,16,0,0,layered_block,circular,per_chunk,4,4
10396,19375,23333,16,0,0,layered_block,circular,per_chunk,4,4
10397,12084,15917,16,0,0,layered_block,circular,per_chunk,4,4
10398,12125,16000,16,0,0,layered_block,circular,per_chunk,4,4
10399,12083,15959,16,0,0,layered_block,circular,per_chunk,4,4
10400,12041,15958,16,0,0,layered_block,circular,per_chunk,4,4
10401,12500,22500,16,0,0,layered_block,circular,per_chunk,4,4
10402,12125,15959,16,0,0,layered_block,circular,per_chunk,4,4
10403,12083,16000,16,0,0,layered_block,circular,per_chunk,4,4
10404,12083,15958,16,0,0,layered_block,circular,per_chunk,4,4
10405,12458,16291,16,0,0,layered_block,circular,per_chunk,4,4
10406,12166,16000,16,0,0,layered_block,circular,per_chunk,4,4
10407,12125,15917,16,0,0,layered_block,circular,per_chunk,4,4
10408,12083,16042,16,0,0,layered_block,circular,per_chunk,4,4
10409,12083,16000,16,0,0,layered_block,circular,per_chunk,4,4
10410,12167,16000,16,0,0,layered_block,circular,per_chunk,4,4
10411,12167,16042,16,0,0,layered_block,circular,per_chunk,4,4
10412,12125,16042,16,0,0,layered_block,circular,per_chunk,4,4
10413,12042,15959,16,0,0,layered_block,circular,per_chunk,4,4
10414,12083,15958,16,0,0,layered_block,circular,per_chunk,4,4
10415,12125,16000,16,0,0,layered_block,circular,per_chunk,4,4
10416,12083,16000,16,0,0,layered_block,circular,per_chunk,4,4
10417,12083,16000,16,0,0,layered_block,circular,per_chunk,4,4
10418,12167,16042,16,0,0,layered_block,circular,per_chunk,4,4
10419,12083,15959,16,0,0,layered_block,circular,per_chunk,4,4
10420,12125,16042,16,0,0,layered_block,circular,per_chunk,4,4
10421,12042,16041,16,0,0,layered_block,circular,per_chunk,4,4
10422,12083,15958,16,0,0,layered_block,circular,per_chunk,4,4
10423,12125,16041,16,0,0,layered_block,circular,per_chunk,4,4
10424,12000,15958,16,0,0,layered_block,circular,per_chunk,4,4
10425,12208,16042,16,0,0,layered_block,circular,per_chunk,4,4
10426,12042,16000,16,0,0,layered_block,circular,per_chunk,4,4
10427,12250,16209,16,0,0,layered_block,circular,per_chunk,4,4
10428,12209,16083,16,0,0,layered_block,circular,per_chunk,4,4
10429,12125,16042,16,0,0,layered_block,circular,per_chunk,4,4
10430,12375,16292,16,0,0,layered_block,circular,per_chunk,4,4
10431,12375,16250,16,0,0,layered_block,circular,per_chunk,4,4
10432,12167,16000,16,0,0,layered_block,circular,per_chunk,4,4
10433,12125,16000,16,0,0,layered_block,circular,per_chunk,4,4
10434,12208,16125,16,0,0,layered_block,circular,per_chunk,4,4
10435,12250,16084,16,0,0,layered_block,circular,per_chunk,4,4
10436,12250,16167,16,0,0,layered_block,circular,per_chunk,4,4
10437,12125,16042,16,0,0,layered_block,circular,per_chunk,4,4
10438,12208,16083,16,0,0,layered_block,circular,per_chunk,4,4
10439,12125,16208,16,0,0,layered_block,circular,per_chunk,4,4
10440,12333,16250,16,0,0,layered_block,circular,per_chunk,4,4
10441,12334,16250,16,0,0,layered_block,circular,per_chunk,4,4
10442,12042,16000,16,0,0,layered_block,circular,per_chunk,4,4
10443,12167,16000,16,0,0,layered_block,circular,per_chunk,4,4
10444,12167,16125,16,0,0,layered_block,circular,per_chunk,4,4
10445,12166,16083,16,0,0,layered_block,circular,per_chunk,4,4
10446,12250,16208,16,0,0,layered_block,circular,per_chunk,4,4
10447,12167,16125,16,0,0,layered_block,circular,per_chunk,4,4
10448,12166,16083,16,0,0,layered_block,circular,per_chunk,4,4
10449,12208,16083,16,0,0,layered_block,circular,per_chunk,4,4
10450,12167,16042,16,0,0,layered_block,circular,per_chunk,4,4
10451,12083,15958,16,0,0,layered_block,circular,per_chunk,4,4
10452,12125,16083,16,0,0,layered_block,circular,per_chunk,4,4
10453,12208,16167,16,0,0,layered_block,circular,per_chunk,4,4
10454,12084,16000,16,0,0,layered_block,circular,per_chunk,4,4
10455,12167,16041,16,0,0,layered_block,circular,per_chunk,4,4
10456,12042,16000,16,0,0,layered_block,circular,per_chunk,4,4
10457,12167,16000,16,0,0,layered_block,circular,per_chunk,4,4
10458,12084,16041,16,0,0,layered_block,circular,per_chunk,4,4
10459,12166,16042,16,0,0,layered_block,circular,per_chunk,4,4
10460,12166,16083,16,0,0,layered_block,circular,per_chunk,4,4
10461,12167,16042,16,0,0,layered_block,circular,per_chunk,4,4
10462,12416,16250,16,0,0,layered_block,circular,per_chunk,4,4
10463,12292,16209,16,0,0,layered_block,circular,per_chunk,4,4
10464,12083,16000,16,0,0,layered_block,circular,per_chunk,4,4
10465,12000,15917,16,0,0,layered_block,circular,per_chunk,4,4
10466,12292,16209,16,0,0,layered_block,circular,per_chunk,4,4
10467,12667,16583,16,0,0,layered_block,circular,per_chunk,4,4
10468,12042,15917,16,0,0,layered_block,circular,per_chunk,4,4
10469,12167,16250,16,0,0,layered_block,circular,per_chunk,4,4
10470,12125,16083,16,0,0,layered_block,circular,per_chunk,4,4
10471,12083,15958,16,0,0,layered_block,circular,per_chunk,4,4
10472,12291,16458,16,0,0,layered_block,circular,per_chunk,4,4
10473,12083,16042,16,0,0,layered_block,circular,per_chunk,4,4
10474,12125,15958,16,0,0,layered_block,circular,per_chunk,4,4
10475,12250,16208,16,0,0,layered_block,circular,per_chunk,4,4
10476,12042,15958,16,0,0,layered_block,circular,per_chunk,4,4
10477,12250,16167,16,0,0,layered_block,circular,per_chunk,4,4
10478,12125,16042,16,0,0,layered_block,circular,per_chunk,4,4
10479,12458,16292,16,0,0,layered_block,circular,per_chunk,4,4
10480,12125,16042,16,0,0,layered_block,circular,per_chunk,4,4
10481,12166,16083,16,0,0,layered_block,circular,per_chunk,4,4
10482,12541,16458,16,0,0,layered_block,circular,per_chunk,4,4
10483,12250,16083,16,0,0,layered_block,circular,per_chunk,4,4
10484,12333,16250,16,0,0,layered_block,circular,per_chunk,4,4
10485,12125,15958,16,0,0,layered_block,circular,per_chunk,4,4
10486,12417,16334,16,0,0,layered_block,circular,per_chunk,4,4
10487,12417,16375,16,0,0,layered_block,circular,per_chunk,4,4
10488,12292,16250,16,0,0,layered_block,circular,per_chunk,4,4
10489,12333,16250,16,0,0,layered_block,circular,per_chunk,4,4
10490,12250,16167,16,0,0,layered_block,circular,per_chunk,4,4
10491,12083,16000,16,0,0,layered_block,circular,per_chunk,4,4
10492,12000,16084,16,0,0,layered_block,circular,per_chunk,4,4
10493,12292,16209,16,0,0,layered_block,circular,per_chunk,4,4
10494,12083,15959,16,0,0,layered_block,circular,per_chunk,4,4
10495,12834,16666,16,0,0,layered_block,circular,per_chunk,4,4
10496,12125,16042,16,0,0,layered_block,circular,per_chunk,4,4
10497,12125,16042,16,0,0,layered_block,circular,per_chunk,4,4
10498,12042,15958,16,0,0,layered_block,circular,per_chunk,4,4
10499,12584,16750,16,0,0,layered_block,circular,per_chunk,4,4
10500,12250,16125,16,0,0,layered_block,circular,per_chunk,4,4
10501,12042,16000,16,0,0,layered_block,circular,per_chunk,4,4
10502,12292,16208,16,0,0,layered_block,circular,per_chunk,4,4
10503,12417,16250,16,0,0,layered_block,circular,per_chunk,4,4
10504,12083,16000,16,0,0,layered_block,circular,per_chunk,4,4
10505,12208,16042,16,0,0,layered_block,circular,per_chunk,4,4
10506,12084,16000,16,0,0,layered_block,circular,per_chunk,4,4
10507,12292,16166,16,0,0,layered_block,circular,per_chunk,4,4
10508,12333,16208,16,0,0,layered_block,circular,per_chunk,4,4
10509,12042,16000,16,0,0,layered_block,circular,per_chunk,4,4
10510,12084,16000,16,0,0,layered_block,circular,per_chunk,4,4
10511,12167,15959,16,0,0,layered_block,circular,per_chunk,4,4
10512,12042,16000,16,0,0,layered_block,circular,per_chunk,4,4
10513,12333,16209,16,0,0,layered_block,circular,per_chunk,4,4
10514,12291,16208,16,0,0,layered_block,circular,per_chunk,4,4
10515,12083,16042,16,0,0,layered_block,circular,per_chunk,4,4
10516,20042,24000,16,0,0,layered_block,circular,per_chunk,4,4
10517,12167,16000,16,0,0,layered_block,circular,per_chunk,4,4
10518,12250,16417,16,0,0,layered_block,circular,per_chunk,4,4
10519,19000,22958,16,0,0,layered_block,circular,per_chunk,4,4
10520,12125,15958,16,0,0,layered_block,circular,per_chunk,4,4
10521,12125,16042,16,0,0,layered_block,circular,per_chunk,4,4
10522,12125,16000,16,0,0,layered_block,circular,per_chunk,4,4
10523,12042,15958,16,0,0,layered_block,circular,per_chunk,4,4
10524,12292,16208,16,0,0,layered_block,circular,per_chunk,4,4
10525,12583,16375,16,0,0,layered_block,circular,per_chunk,4,4
10526,12042,15958,16,0,0,layered_block,circular,per_chunk,4,4
10527,12125,16000,16,0,0,layered_block,circular,per_chunk,4,4
10528,12250,16042,16,0,0,layered_block,circular,per_chunk,4,4
10529,12083,16042,16,0,0,layered_block,circular,per_chunk,4,4
10530,12125,16000,16,0,0,layered_block,circular,per_chunk,4,4
10531,12125,15958,16,0,0,layered_block,circular,per_chunk,4,4
10532,12083,16042,16,0,0,layered_block,circular,per_chunk,4,4
10533,20250,24167,16,0,0,layered_block,circular,per_chunk,4,4
10534,12042,15958,16,0,0,layered_block,circular,per_chunk,4,4
10535,12125,16041,16,0,0,layered_block,circular,per_chunk,4,4
10536,12333,16250,16,0,0,layered_block,circular,per_chunk,4,4
10537,12250,16083,16,0,0,layered_block,circular,per_chunk,4,4
10538,12583,16375,16,0,0,layered_block,circular,per_chunk,4,4
10539,12042,15958,16,0,0,layered_block,circular,per_chunk,4,4
10540,12125,16083,16,0,0,layered_block,circular,per_chunk,4,4
10541,12042,16000,16,0,0,layered_block,circular,per_chunk,4,4
10542,12042,15958,16,0,0,layered_block,circular,per_chunk,4,4
10543,12125,16041,16,0,0,layered_block,circular,per_chunk,4,4
10544,12375,16292,16,0,0,layered_block,circular,per_chunk,4,4
10545,12209,16042,16,0,0,layered_block,circular,per_chunk,4,4
10546,12333,16167,16,0,0,layered_block,circular,per_chunk,4,4
10547,17708,21750,16,0,0,layered_block,circular,per_chunk,4,4
10548,12208,16042,16,0,0,layered_block,circular,per_chunk,4,4
10549,12208,16083,16,0,0,layered_block,circular,per_chunk,4,4
10550,12084,16000,16,0,0,layered_block,circular,per_chunk,4,4
10551,12250,16125,16,0,0,layered_block,circular,per_chunk,4,4
10552,12167,16084,16,0,0,layered_block,circular,per_chunk,4,4
10553,12250,16167,16,0,0,layered_block,circular,per_chunk,4,4
10554,12083,15958,16,0,0,layered_block,circular,per_chunk,4,4
10555,12084,16000,16,0,0,layered_block,circular,per_chunk,4,4
10556,12416,16250,16,0,0,layered_block,circular,per_chunk,4,4
10557,12083,16084,16,0,0,layered_block,circular,per_chunk,4,4
10558,12083,16000,16,0,0,layered_block,circular,per_chunk,4,4
10559,12125,16083,16,0,0,layered_block,circular,per_chunk,4,4
10560,12083,16000,16,0,0,layered_block,circular,per_chunk,4,4
10561,12209,16125,16,0,0,layered_block,circular,per_chunk,4,4
10562,12083,15958,16,0,0,layered_block,circular,per_chunk,4,4
10563,11959,16125,16,0,0,layered_block,circular,per_chunk,4,4
10564,12125,16000,16,0,0,layered_block,circular,per_chunk,4,4
10565,12333,16167,16,0,0,layered_block,circular,per_chunk,4,4
10566,12125,16042,16,0,0,layered_block,circular,per_chunk,4,4
10567,12125,16000,16,0,0,layered_block,circular,per_chunk,4,4
10568,12042,15959,16,0,0,layered_block,circular,per_chunk,4,4
10569,12375,16250,16,0,0,layered_block,circular,per_chunk,4,4
10570,12292,16209,16,0,0,layered_block,circular,per_chunk,4,4
10571,12500,16375,16,0,0,layered_block,circular,per_chunk,4,4
10572,12125,16083,16,0,0,layered_block,circular,per_chunk,4,4
10573,12084,16042,16,0,0,layered_block,circular,per_chunk,4,4
10574,12250,16166,16,0,0,layered_block,circular,per_chunk,4,4
10575,12209,16083,16,0,0,layered_block,circular,per_chunk,4,4
10576,12167,16041,16,0,0,layered_block,circular,per_chunk,4,4
10577,12208,16084,16,0,0,layered_block,circular,per_chunk,4,4
10578,12125,16042,16,0,0,layered_block,circular,per_chunk,4,4
10579,12375,16250,16,0,0,layered_block,circular,per_chunk,4,4
10580,12375,16333,16,0,0,layered_block,circular,per_chunk,4,4
10581,12125,16000,16,0,0,layered_block,circular,per_chunk,4,4
10582,12042,16000,16,0,0,layered_block,circular,per_chunk,4,4
10583,12042,16000,16,0,0,layered_block,circular,per_chunk,4,4
10584,12167,16000,16,0,0,layered_block,circular,per_chunk,4,4
10585,11916,16000,16,0,0,layered_block,circular,per_chunk,4,4
10586,12166,16083,16,0,0,layered_block,circular,per_chunk,4,4
10587,12167,15959,16,0,0,layered_block,circular,per_chunk,4,4
10588,12333,16292,16,0,0,layered_block,circular,per_chunk,4,4
10589,12375,22125,16,0,0,layered_block,circular,per_chunk,4,4
10590,12084,16000,16,0,0,layered_block,circular,per_chunk,4,4
10591,12166,16042,16,0,0,layered_block,circular,per_chunk,4,4
10592,12083,16000,16,0,0,layered_block,circular,per_chunk,4,4
10593,12167,16041,16,0,0,layered_block,circular,per_chunk,4,4
10594,12083,16000,16,0,0,layered_block,circular,per_chunk,4,4
10595,12083,16000,16,0,0,layered_block,circular,per_chunk,4,4
10596,12375,16167,16,0,0,layered_block,circular,per_chunk,4,4
10597,12208,16125,16,0,0,layered_block,circular,per_chunk,4,4
10598,12167,15958,16,0,0,layered_block,circular,per_chunk,4,4
10599,12125,16000,16,0,0,layered_block,circular,per_chunk,4,4
10600,12208,16208,16,0,0,layered_block,circular,per_chunk,4,4
10601,12000,15916,16,0,0,layered_block,circular,per_chunk,4,4
10602,12375,16250,16,0,0,layered_block,circular,per_chunk,4,4
10603,12250,16209,16,0,0,layered_block,circular,per_chunk,4,4
10604,12125,16000,16,0,0,layered_block,circular,per_chunk,4,4
10605,12000,15958,16,0,0,layered_block,circular,per_chunk,4,4
10606,12167,16084,16,0,0,layered_block,circular,per_chunk,4,4
10607,12125,16000,16,0,0,layered_block,circular,per_chunk,4,4
10608,186958,191084,16,0,0,layered_block,circular,per_chunk,4,4
10609,12125,16083,16,0,0,layered_block,circular,per_chunk,4,4
10610,12125,16000,16,0,0,layered_block,circular,per_chunk,4,4
10611,12208,16084,16,0,0,layered_block,circular,per_chunk,4,4
10612,12500,16417,16,0,0,layered_block,circular,per_chunk,4,4
10613,12292,16250,16,0,0,layered_block,circular,per_chunk,4,4
10614,12125,16000,16,0,0,layered_block,circular,per_chunk,4,4
10615,12042,16000,16,0,0,layered_block,circular,per_chunk,4,4
10616,12625,16875,16,0,0,layered_block,circular,per_chunk,4,4
10617,12041,15958,16,0,0,layered_block,circular,per_chunk,4,4
10618,12125,16000,16,0,0,layered_block,circular,per_chunk,4,4
10619,12208,16083,16,0,0,layered_block,circular,per_chunk,4,4
10620,12167,16041,16,0,0,layered_block,circular,per_chunk,4,4
10621,77667,83250,16,0,0,layered_block,circular,per_chunk,4,4
10622,12125,16041,16,0,0,layered_block,circular,per_chunk,4,4
10623,12166,16083,16,0,0,layered_block,circular,per_chunk,4,4
10624,12209,16333,16,0,0,layered_block,circular,per_chunk,4,4
10625,107708,149250,16,0,0,layered_block,circular,per_chunk,4,4
10626,12292,16209,16,0,0,layered_block,circular,per_chunk,4,4
10627,12375,16333,16,0,0,layered_block,circular,per_chunk,4,4
10628,12208,16042,16,0,0,layered_block,circular,per_chunk,4,4
10629,12291,16167,16,0,0,layered_block,circular,per_chunk,4,4
10630,12125,16209,16,0,0,layered_block,circular,per_chunk,4,4
10631,12125,16042,16,0,0,layered_block,circular,per_chunk,4,4
10632,12208,16083,16,0,0,layered_block,circular,per_chunk,4,4
10633,32416,62917,16,0,0,layered_block,circular,per_chunk,4,4
10634,12041,15958,16,0,0,layered_block,circular,per_chunk,4,4
10635,12500,17000,16,0,0,layered_block,circular,per_chunk,4,4
10636,13000,16916,16,0,0,layered_block,circular,per_chunk,4,4
10637,12125,16000,16,0,0,layered_block,circular,per_chunk,4,4
10638,12292,16209,16,0,0,layered_block,circular,per_chunk,4,4
10639,12042,15958,16,0,0,layered_block,circular,per_chunk,4,4
10640,111583,115709,16,0,0,layered_block,circular,per_chunk,4,4
10641,19750,23875,16,0,0,layered_block,circular,per_chunk,4,4
10642,13875,17958,16,0,0,layered_block,circular,per_chunk,4,4
10643,12167,16083,16,0,0,layered_block,circular,per_chunk,4,4
10644,12083,16000,16,0,0,layered_block,circular,per_chunk,4,4
10645,12125,16000,16,0,0,layered_block,circular,per_chunk,4,4
10646,116417,120542,16,0,0,layered_block,circular,per_chunk,4,4
10647,12042,16000,16,0,0,layered_block,circular,per_chunk,4,4
10648,12500,16416,16,0,0,layered_block,circular,per_chunk,4,4
10649,12292,16208,16,0,0,layered_block,circular,per_chunk,4,4
10650,12166,16000,16,0,0,layered_block,circular,per_chunk,4,4
10651,12083,16000,16,0,0,layered_block,circular,per_chunk,4,4
10652,12125,16000,16,0,0,layered_block,circular,per_chunk,4,4
10653,12083,15958,16,0,0,layered_block,circular,per_chunk,4,4
10654,11916,16041,16,0,0,layered_block,circular,per_chunk,4,4
10655,12167,16125,16,0,0,layered_block,circular,per_chunk,4,4
10656,12375,16208,16,0,0,layered_block,circular,per_chunk,4,4
10657,12292,16209,16,0,0,layered_block,circular,per_chunk,4,4
10658,12333,16250,16,0,0,layered_block,circular,per_chunk,4,4
10659,12125,16083,16,0,0,layered_block,circular,per_chunk,4,4
10660,100833,104917,16,0,0,layered_block,circular,per_chunk,4,4
10661,12333,16208,16,0,0,layered_block,circular,per_chunk,4,4
10662,11875,16000,16,0,0,layered_block,circular,per_chunk,4,4
10663,12083,15958,16,0,0,layered_block,circular,per_chunk,4,4
10664,12041,16000,16,0,0,layered_block,circular,per_chunk,4,4
10665,12208,16125,16,0,0,layered_block,circular,per_chunk,4,4
10666,122625,127167,16,0,0,layered_block,circular,per_chunk,4,4
10667,12250,16083,16,0,0,layered_block,circular,per_chunk,4,4
10668,12041,15958,16,0,0,layered_block,circular,per_chunk,4,4
10669,12083,16000,16,0,0,layered_block,circular,per_chunk,4,4
10670,12209,16125,16,0,0,layered_block,circular,per_chunk,4,4
10671,12250,16084,16,0,0,layered_block,circular,per_chunk,4,4
10672,12458,16375,16,0,0,layered_block,circular,per_chunk,4,4
10673,12125,16042,16,0,0,layered_block,circular,per_chunk,4,4
10674,12208,16125,16,0,0,layered_block,circular,per_chunk,4,4
10675,12166,16042,16,0,0,layered_block,circular,per_chunk,4,4
10676,12292,16125,16,0,0,layered_block,circular,per_chunk,4,4
10677,104875,110125,16,0,0,layered_block,circular,per_chunk,4,4
10678,12292,16166,16,0,0,layered_block,circular,per_chunk,4,4
10679,12167,16042,16,0,0,layered_block,circular,per_chunk,4,4
10680,12417,16292,16,0,0,layered_block,circular,per_chunk,4,4
10681,12292,16125,16,0,0,layered_block,circular,per_chunk,4,4
10682,96209,101583,16,0,0,layered_block,circular,per_chunk,4,4
10683,12292,16167,16,0,0,layered_block,circular,per_chunk,4,4
10684,12125,16041,16,0,0,layered_block,circular,per_chunk,4,4
10685,12208,16042,16,0,0,layered_block,circular,per_chunk,4,4
10686,12083,16000,16,0,0,layered_block,circular,per_chunk,4,4
10687,12125,16042,16,0,0,layered_block,circular,per_chunk,4,4
10688,12125,16000,16,0,0,layered_block,circular,per_chunk,4,4
10689,114917,156458,16,0,0,layered_block,circular,per_chunk,4,4
10690,12125,15959,16,0,0,layered_block,circular,per_chunk,4,4
10691,12292,16167,16,0,0,layered_block,circular,per_chunk,4,4
10692,12083,16000,16,0,0,layered_block,circular,per_chunk,4,4
10693,151833,156125,16,0,0,layered_block,circular,per_chunk,4,4
10694,12084,16000,16,0,0,layered_block,circular,per_chunk,4,4
10695,12500,16333,16,0,0,layered_block,circular,per_chunk,4,4
10696,12167,16042,16,0,0,layered_block,circular,per_chunk,4,4
10697,12000,16084,16,0,0,layered_block,circular,per_chunk,4,4
10698,18625,22500,16,0,0,layered_block,circular,per_chunk,4,4
10699,12209,16041,16,0,0,layered_block,circular,per_chunk,4,4
10700,12334,16250,16,0,0,layered_block,circular,per_chunk,4,4
10701,82584,87334,16,0,0,layered_block,circular,per_chunk,4,4
10702,12583,16834,16,0,0,layered_block,circular,per_chunk,4,4
10703,12208,16000,16,0,0,layered_block,circular,per_chunk,4,4
10704,146625,151292,16,0,0,layered_block,circular,per_chunk,4,4
10705,12292,16125,16,0,0,layered_block,circular,per_chunk,4,4
10706,63583,67667,16,0,0,layered_block,circular,per_chunk,4,4
10707,12458,16292,16,0,0,layered_block,circular,per_chunk,4,4
10708,65792,90666,16,0,0,layered_block,circular,per_chunk,4,4
10709,12291,16250,16,0,0,layered_block,circular,per_chunk,4,4
10710,18875,22834,16,0,0,layered_block,circular,per_chunk,4,4
10711,12084,16000,16,0,0,layered_block,circular,per_chunk,4,4
10712,12209,16083,16,0,0,layered_block,circular,per_chunk,4,4
10713,109792,114083,16,0,0,layered_block,circular,per_chunk,4,4
10714,12167,16084,16,0,0,layered_block,circular,per_chunk,4,4
10715,12250,16167,16,0,0,layered_block,circular,per_chunk,4,4
10716,12333,16209,16,0,0,layered_block,circular,per_chunk,4,4
10717,88666,92750,16,0,0,layered_block,circular,per_chunk,4,4
10718,12041,15958,16,0,0,layered_block,circular,per_chunk,4,4
10719,13292,17250,16,0,0,layered_block,circular,per_chunk,4,4
10720,12333,16250,16,0,0,layered_block,circular,per_chunk,4,4
10721,12083,16042,16,0,0,layered_block,circular,per_chunk,4,4
10722,70292,74375,16,0,0,layered_block,circular,per_chunk,4,4
10723,12333,16208,16,0,0,layered_block,circular,per_chunk,4,4
10724,12708,71167,16,0,0,layered_block,circular,per_chunk,4,4
10725,12250,16416,16,0,0,layered_block,circular,per_chunk,4,4
10726,12041,16125,16,0,0,layered_block,circular,per_chunk,4,4
10727,12125,16041,16,0,0,layered_block,circular,per_chunk,4,4
10728,110542,114709,16,0,0,layered_block,circular,per_chunk,4,4
10729,12209,16042,16,0,0,layered_block,circular,per_chunk,4,4
10730,12209,16125,16,0,0,layered_block,circular,per_chunk,4,4
10731,20958,24917,16,0,0,layered_block,circular,per_chunk,4,4
10732,12125,16000,16,0,0,layered_block,circular,per_chunk,4,4
10733,55750,110334,16,0,0,layered_block,circular,per_chunk,4,4
10734,12708,16583,16,0,0,layered_block,circular,per_chunk,4,4
10735,12375,16375,16,0,0,layered_block,circular,per_chunk,4,4
10736,12083,16042,16,0,0,layered_block,circular,per_chunk,4,4
10737,12250,16125,16,0,0,layered_block,circular,per_chunk,4,4
10738,12542,16667,16,0,0,layered_block,circular,per_chunk,4,4
10739,12083,15958,16,0,0,layered_block,circular,per_chunk,4,4
10740,12417,16250,16,0,0,layered_block,circular,per_chunk,4,4
10741,12167,16042,16,0,0,layered_block,circular,per_chunk,4,4
10742,12167,16042,16,0,0,layered_block,circular,per_chunk,4,4
10743,12375,16208,16,0,0,layered_block,circular,per_chunk,4,4
10744,12125,16042,16,0,0,layered_block,circular,per_chunk,4,4
10745,12292,16166,16,0,0,layered_block,circular,per_chunk,4,4
10746,12125,16042,16,0,0,layered_block,circular,per_chunk,4,4
10747,12125,16041,16,0,0,layered_block,circular,per_chunk,4,4
10748,12083,16000,16,0,0,layered_block,circular,per_chunk,4,4
10749,12125,16042,16,0,0,layered_block,circular,per_chunk,4,4
10750,12166,15958,16,0,0,layered_block,circular,per_chunk,4,4
10751,12125,16000,16,0,0,layered_block,circular,per_chunk,4,4
10752,12125,16041,16,0,0,layered_block,circular,per_chunk,4,4
10753,12208,16083,16,0,0,layered_block,circular,per_chunk,4,4
10754,12167,16042,16,0,0,layered_block,circular,per_chunk,4,4
10755,12041,15958,16,0,0,layered_block,circular,per_chunk,4,4
10756,92500,96833,16,0,0,layered_block,circular,per_chunk,4,4
10757,12125,16000,16,0,0,layered_block,circular,per_chunk,4,4
10758,12125,15958,16,0,0,layered_block,circular,per_chunk,4,4
10759,12167,16125,16,0,0,layered_block,circular,per_chunk,4,4
10760,12584,16583,16,0,0,layered_block,circular,per_chunk,4,4
10761,12167,16000,16,0,0,layered_block,circular,per_chunk,4,4
10762,12500,16416,16,0,0,layered_block,circular,per_chunk,4,4
10763,12333,16250,16,0,0,layered_block,circular,per_chunk,4,4
10764,12125,16000,16,0,0,layered_block,circular,per_chunk,4,4
10765,12083,15958,16,0,0,layered_block,circular,per_chunk,4,4
10766,11875,16042,16,0,0,layered_block,circular,per_chunk,4,4
10767,12041,15958,16,0,0,layered_block,circular,per_chunk,4,4
10768,12125,16000,16,0,0,layered_block,circular,per_chunk,4,4
10769,84500,88583,16,0,0,layered_block,circular,per_chunk,4,4
10770,12959,17125,16,0,0,layered_block,circular,per_chunk,4,4
10771,12083,16000,16,0,0,layered_block,circular,per_chunk,4,4
10772,12166,16083,16,0,0,layered_block,circular,per_chunk,4,4
10773,12083,15959,16,0,0,layered_block,circular,per_chunk,4,4
10774,12250,16167,16,0,0,layered_block,circular,per_chunk,4,4
10775,12709,16583,16,0,0,layered_block,circular,per_chunk,4,4
10776,12334,16166,16,0,0,layered_block,circular,per_chunk,4,4
10777,12166,16041,16,0,0,layered_block,circular,per_chunk,4,4
10778,12083,15959,16,0,0,layered_block,circular,per_chunk,4,4
10779,12250,16208,16,0,0,layered_block,circular,per_chunk,4,4
10780,12125,16000,16,0,0,layered_block,circular,per_chunk,4,4
10781,12083,16042,16,0,0,layered_block,circular,per_chunk,4,4
10782,12167,16125,16,0,0,layered_block,circular,per_chunk,4,4
10783,12708,16875,16,0,0,layered_block,circular,per_chunk,4,4
10784,12042,16041,16,0,0,layered_block,circular,per_chunk,4,4
10785,12041,15958,16,0,0,layered_block,circular,per_chunk,4,4
10786,12125,16000,16,0,0,layered_block,circular,per_chunk,4,4
10787,12083,15958,16,0,0,layered_block,circular,per_chunk,4,4
10788,11917,16083,16,0,0,layered_block,circular,per_chunk,4,4
10789,12250,16125,16,0,0,layered_block,circular,per_chunk,4,4
10790,12042,16041,16,0,0,layered_block,circular,per_chunk,4,4
10791,12250,16083,16,0,0,layered_block,circular,per_chunk,4,4
10792,12041,15916,16,0,0,layered_block,circular,per_chunk,4,4
10793,12250,16083,16,0,0,layered_block,circular,per_chunk,4,4
10794,12083,16000,16,0,0,layered_block,circular,per_chunk,4,4
10795,19375,23292,16,0,0,layered_block,circular,per_chunk,4,4
10796,12084,16000,16,0,0,layered_block,circular,per_chunk,4,4
10797,12125,16000,16,0,0,layered_block,circular,per_chunk,4,4
10798,11958,16000,16,0,0,layered_block,circular,per_chunk,4,4
10799,12084,15959,16,0,0,layered_block,circular,per_chunk,4,4
10800,12167,16000,16,0,0,layered_block,circular,per_chunk,4,4
10801,12292,16125,16,0,0,layered_block,circular,per_chunk,4,4
10802,12083,16042,16,0,0,layered_block,circular,per_chunk,4,4
10803,12166,15958,16,0,0,layered_block,circular,per_chunk,4,4
10804,12125,16041,16,0,0,layered_block,circular,per_chunk,4,4
10805,12083,16000,16,0,0,layered_block,circular,per_chunk,4,4
10806,12084,16000,16,0,0,layered_block,circular,per_chunk,4,4
10807,12166,16000,16,0,0,layered_block,circular,per_chunk,4,4
10808,12125,16083,16,0,0,layered_block,circular,per_chunk,4,4
10809,12208,16042,16,0,0,layered_block,circular,per_chunk,4,4
10810,12375,16292,16,0,0,layered_block,circular,per_chunk,4,4
10811,12333,16292,16,0,0,layered_block,circular,per_chunk,4,4
10812,12042,16000,16,0,0,layered_block,circular,per_chunk,4,4
10813,12500,16375,16,0,0,layered_block,circular,per_chunk,4,4
10814,12041,16042,16,0,0,layered_block,circular,per_chunk,4,4
10815,12208,16083,16,0,0,layered_block,circular,per_chunk,4,4
10816,12166,16042,16,0,0,layered_block,circular,per_chunk,4,4
10817,12750,16583,16,0,0,layered_block,circular,per_chunk,4,4
10818,12041,15958,16,0,0,layered_block,circular,per_chunk,4,4
10819,12083,15958,16,0,0,layered_block,circular,per_chunk,4,4
10820,12125,16042,16,0,0,layered_block,circular,per_chunk,4,4
10821,12292,16167,16,0,0,layered_block,circular,per_chunk,4,4
10822,12084,16000,16,0,0,layered_block,circular,per_chunk,4,4
10823,12125,16000,16,0,0,layered_block,circular,per_chunk,4,4
10824,11875,15833,16,0,0,layered_block,circular,per_chunk,4,4
10825,12209,16041,16,0,0,layered_block,circular,per_chunk,4,4
10826,12125,16041,16,0,0,layered_block,circular,per_chunk,4,4
10827,21084,25041,16,0,0,layered_block,circular,per_chunk,4,4
10828,12250,16333,16,0,0,layered_block,circular,per_chunk,4,4
10829,12375,16208,16,0,0,layered_block,circular,per_chunk,4,4
10830,12125,16000,16,0,0,layered_block,circular,per_chunk,4,4
10831,12375,16292,16,0,0,layered_block,circular,per_chunk,4,4
10832,12209,16125,16,0,0,layered_block,circular,per_chunk,4,4
10833,12208,16125,16,0,0,layered_block,circular,per_chunk,4,4
10834,12209,16041,16,0,0,layered_block,circular,per_chunk,4,4
10835,12125,16000,16,0,0,layered_block,circular,per_chunk,4,4
10836,12042,16000,16,0,0,layered_block,circular,per_chunk,4,4
10837,12083,16042,16,0,0,layered_block,circular,per_chunk,4,4
10838,12292,16208,16,0,0,layered_block,circular,per_chunk,4,4
10839,12334,16291,16,0,0,layered_block,circular,per_chunk,4,4
10840,12167,16125,16,0,0,layered_block,circular,per_chunk,4,4
10841,89209,93250,16,0,0,layered_block,circular,per_chunk,4,4
10842,12167,16083,16,0,0,layered_block,circular,per_chunk,4,4
10843,12084,16000,16,0,0,layered_block,circular,per_chunk,4,4
10844,12166,16167,16,0,0,layered_block,circular,per_chunk,4,4
10845,11875,16042,16,0,0,layered_block,circular,per_chunk,4,4
10846,12125,16000,16,0,0,layered_block,circular,per_chunk,4,4
10847,12291,16125,16,0,0,layered_block,circular,per_chunk,4,4
10848,12167,16125,16,0,0,layered_block,circular,per_chunk,4,4
10849,12292,16250,16,0,0,layered_block,circular,per_chunk,4,4
10850,12375,16208,16,0,0,layered_block,circular,per_chunk,4,4
10851,12292,16291,16,0,0,layered_block,circular,per_chunk,4,4
10852,12292,16167,16,0,0,layered_block,circular,per_chunk,4,4
10853,12041,16000,16,0,0,layered_block,circular,per_chunk,4,4
10854,12125,16042,16,0,0,layered_block,circular,per_chunk,4,4
10855,12042,16084,16,0,0,layered_block,circular,per_chunk,4,4
10856,12083,16000,16,0,0,layered_block,circular,per_chunk,4,4
10857,12167,16000,16,0,0,layered_block,circular,per_chunk,4,4
10858,12208,16084,16,0,0,layered_block,circular,per_chunk,4,4
10859,12125,16042,16,0,0,layered_block,circular,per_chunk,4,4
10860,12125,16000,16,0,0,layered_block,circular,per_chunk,4,4
10861,12167,16042,16,0,0,layered_block,circular,per_chunk,4,4
10862,12459,16333,16,0,0,layered_block,circular,per_chunk,4,4
10863,12209,16041,16,0,0,layered_block,circular,per_chunk,4,4
10864,12292,16250,16,0,0,layered_block,circular,per_chunk,4,4
10865,19208,23167,16,0,0,layered_block,circular,per_chunk,4,4
10866,12084,16000,16,0,0,layered_block,circular,per_chunk,4,4
10867,12334,16166,16,0,0,layered_block,circular,per_chunk,4,4
10868,12125,16084,16,0,0,layered_block,circular,per_chunk,4,4
10869,12167,16084,16,0,0,layered_block,circular,per_chunk,4,4
10870,12375,16208,16,0,0,layered_block,circular,per_chunk,4,4
10871,12167,16125,16,0,0,layered_block,circular,per_chunk,4,4
10872,12167,15959,16,0,0,layered_block,circular,per_chunk,4,4
10873,12292,16208,16,0,0,layered_block,circular,per_chunk,4,4
10874,12042,15958,16,0,0,layered_block,circular,per_chunk,4,4
10875,12083,16000,16,0,0,layered_block,circular,per_chunk,4,4
10876,12250,16083,16,0,0,layered_block,circular,per_chunk,4,4
10877,11958,16042,16,0,0,layered_block,circular,per_chunk,4,4
10878,12167,16084,16,0,0,layered_block,circular,per_chunk,4,4
10879,12125,16000,16,0,0,layered_block,circular,per_chunk,4,4
10880,12416,16333,16,0,0,layered_block,circular,per_chunk,4,4
10881,12167,16084,16,0,0,layered_block,circular,per_chunk,4,4
10882,12125,16042,16,0,0,layered_block,circular,per_chunk,4,4
10883,12125,16000,16,0,0,layered_block,circular,per_chunk,4,4
10884,12125,16041,16,0,0,layered_block,circular,per_chunk,4,4
10885,12125,16042,16,0,0,layered_block,circular,per_chunk,4,4
10886,12125,16083,16,0,0,layered_block,circular,per_chunk,4,4
10887,12000,15958,16,0,0,layered_block,circular,per_chunk,4,4
10888,12208,16125,16,0,0,layered_block,circular,per_chunk,4,4
10889,12042,15917,16,0,0,layered_block,circular,per_chunk,4,4
10890,12333,16250,16,0,0,layered_block,circular,per_chunk,4,4
10891,12250,16125,16,0,0,layered_block,circular,per_chunk,4,4
10892,12167,15959,16,0,0,layered_block,circular,per_chunk,4,4
10893,12084,15958,16,0,0,layered_block,circular,per_chunk,4,4
10894,12708,16750,16,0,0,layered_block,circular,per_chunk,4,4
10895,12083,15959,16,0,0,layered_block,circular,per_chunk,4,4
10896,12333,16250,16,0,0,layered_block,circular,per_chunk,4,4
10897,12166,16042,16,0,0,layered_block,circular,per_chunk,4,4
10898,12291,16208,16,0,0,layered_block,circular,per_chunk,4,4
10899,12084,15958,16,0,0,layered_block,circular,per_chunk,4,4
10900,12167,16041,16,0,0,layered_block,circular,per_chunk,4,4
10901,18459,22500,16,0,0,layered_block,circular,per_chunk,4,4
10902,12333,16291,16,0,0,layered_block,circular,per_chunk,4,4
10903,12125,16042,16,0,0,layered_block,circular,per_chunk,4,4
10904,12125,16042,16,0,0,layered_block,circular,per_chunk,4,4
10905,12375,16250,16,0,0,layered_block,circular,per_chunk,4,4
10906,12250,16209,16,0,0,layered_block,circular,per_chunk,4,4
10907,12208,16041,16,0,0,layered_block,circular,per_chunk,4,4
10908,12209,16041,16,0,0,layered_block,circular,per_chunk,4,4
10909,12000,16041,16,0,0,layered_block,circular,per_chunk,4,4
10910,12209,16125,16,0,0,layered_block,circular,per_chunk,4,4
10911,12167,16000,16,0,0,layered_block,circular,per_chunk,4,4
10912,12166,16125,16,0,0,layered_block,circular,per_chunk,4,4
10913,12250,16125,16,0,0,layered_block,circular,per_chunk,4,4
10914,12209,16166,16,0,0,layered_block,circular,per_chunk,4,4
10915,12083,16042,16,0,0,layered_block,circular,per_chunk,4,4
10916,12333,16292,16,0,0,layered_block,circular,per_chunk,4,4
10917,12083,16000,16,0,0,layered_block,circular,per_chunk,4,4
10918,12125,16042,16,0,0,layered_block,circular,per_chunk,4,4
10919,12375,16250,16,0,0,layered_block,circular,per_chunk,4,4
10920,12375,16208,16,0,0,layered_block,circular,per_chunk,4,4
10921,12458,16292,16,0,0,layered_block,circular,per_chunk,4,4
10922,12291,16208,16,0,0,layered_block,circular,per_chunk,4,4
10923,12333,16250,16,0,0,layered_block,circular,per_chunk,4,4
10924,12167,16083,16,0,0,layered_block,circular,per_chunk,4,4
10925,12333,16250,16,0,0,layered_block,circular,per_chunk,4,4
10926,94917,98958,16,0,0,layered_block,circular,per_chunk,4,4
10927,12208,16000,16,0,0,layered_block,circular,per_chunk,4,4
10928,12042,16000,16,0,0,layered_block,circular,per_chunk,4,4
10929,12375,16250,16,0,0,layered_block,circular,per_chunk,4,4
10930,12416,16250,16,0,0,layered_block,circular,per_chunk,4,4
10931,12084,16000,16,0,0,layered_block,circular,per_chunk,4,4
10932,19750,23625,16,0,0,layered_block,circular,per_chunk,4,4
10933,12542,16375,16,0,0,layered_block,circular,per_chunk,4,4
10934,12208,16042,16,0,0,layered_block,circular,per_chunk,4,4
10935,12125,16041,16,0,0,layered_block,circular,per_chunk,4,4
10936,12167,16042,16,0,0,layered_block,circular,per_chunk,4,4
10937,12250,16042,16,0,0,layered_block,circular,per_chunk,4,4
10938,12291,16208,16,0,0,layered_block,circular,per_chunk,4,4
10939,12208,16167,16,0,0,layered_block,circular,per_chunk,4,4
10940,12125,16000,16,0,0,layered_block,circular,per_chunk,4,4
10941,12250,16083,16,0,0,layered_block,circular,per_chunk,4,4
10942,12042,15958,16,0,0,layered_block,circular,per_chunk,4,4
10943,12208,16041,16,0,0,layered_block,circular,per_chunk,4,4
10944,12083,16042,16,0,0,layered_block,circular,per_chunk,4,4
10945,12000,15959,16,0,0,layered_block,circular,per_chunk,4,4
10946,12417,16250,16,0,0,layered_block,circular,per_chunk,4,4
10947,12083,16000,16,0,0,layered_block,circular,per_chunk,4,4
10948,11958,16125,16,0,0,layered_block,circular,per_chunk,4,4
10949,12041,16000,16,0,0,layered_block,circular,per_chunk,4,4
10950,12208,16084,16,0,0,layered_block,circular,per_chunk,4,4
10951,12041,16000,16,0,0,layered_block,circular,per_chunk,4,4
10952,12125,15958,16,0,0,layered_block,circular,per_chunk,4,4
10953,12125,16042,16,0,0,layered_block,circular,per_chunk,4,4
10954,12083,16000,16,0,0,layered_block,circular,per_chunk,4,4
10955,20375,24291,16,0,0,layered_block,circular,per_chunk,4,4
10956,12042,15917,16,0,0,layered_block,circular,per_chunk,4,4
10957,12083,16042,16,0,0,layered_block,circular,per_chunk,4,4
10958,12083,16000,16,0,0,layered_block,circular,per_chunk,4,4
10959,12084,16000,16,0,0,layered_block,circular,per_chunk,4,4
10960,12125,16042,16,0,0,layered_block,circular,per_chunk,4,4
10961,12125,16000,16,0,0,layered_block,circular,per_chunk,4,4
10962,12375,16250,16,0,0,layered_block,circular,per_chunk,4,4
10963,12250,16459,16,0,0,layered_block,circular,per_chunk,4,4
10964,12333,16250,16,0,0,layered_block,circular,per_chunk,4,4
10965,12084,16000,16,0,0,layered_block,circular,per_chunk,4,4
10966,12083,16042,16,0,0,layered_block,circular,per_chunk,4,4
10967,12458,22958,16,0,0,layered_block,circular,per_chunk,4,4
10968,12167,16041,16,0,0,layered_block,circular,per_chunk,4,4
10969,12166,16125,16,0,0,layered_block,circular,per_chunk,4,4
10970,18041,22083,16,0,0,layered_block,circular,per_chunk,4,4
10971,12083,16000,16,0,0,layered_block,circular,per_chunk,4,4
10972,12125,15958,16,0,0,layered_block,circular,per_chunk,4,4
10973,11916,16000,16,0,0,layered_block,circular,per_chunk,4,4
10974,12125,16041,16,0,0,layered_block,circular,per_chunk,4,4
10975,12291,16208,16,0,0,layered_block,circular,per_chunk,4,4
10976,12083,16000,16,0,0,layered_block,circular,per_chunk,4,4
10977,12208,16000,16,0,0,layered_block,circular,per_chunk,4,4
10978,12042,16000,16,0,0,layered_block,circular,per_chunk,4,4
10979,12208,16125,16,0,0,layered_block,circular,per_chunk,4,4
10980,12083,16041,16,0,0,layered_block,circular,per_chunk,4,4
10981,12125,16084,16,0,0,layered_block,circular,per_chunk,4,4
10982,12125,16042,16,0,0,layered_block,circular,per_chunk,4,4
10983,12208,16042,16,0,0,layered_block,circular,per_chunk,4,4
10984,12041,16000,16,0,0,layered_block,circular,per_chunk,4,4
10985,12500,16458,16,0,0,layered_block,circular,per_chunk,4,4
10986,12084,21541,16,0,0,layered_block,circular,per_chunk,4,4
10987,12167,16042,16,0,0,layered_block,circular,per_chunk,4,4
10988,12084,16041,16,0,0,layered_block,circular,per_chunk,4,4
10989,12000,16000,16,0,0,layered_block,circular,per_chunk,4,4
10990,12042,15958,16,0,0,layered_block,circular,per_chunk,4,4
10991,12375,16334,16,0,0,layered_block,circular,per_chunk,4,4
10992,12459,16250,16,0,0,layered_block,circular,per_chunk,4,4
10993,12125,16042,16,0,0,layered_block,circular,per_chunk,4,4
10994,12042,16000,16,0,0,layered_block,circular,per_chunk,4,4
10995,12084,15958,16,0,0,layered_block,circular,per_chunk,4,4
10996,12125,16042,16,0,0,layered_block,circular,per_chunk,4,4
10997,12167,16000,16,0,0,layered_block,circular,per_chunk,4,4
10998,12125,16000,16,0,0,layered_block,circular,per_chunk,4,4
10999,11958,15917,16,0,0,layered_block,circular,per_chunk,4,4
11000,12084,16000,16,0,0,layered_block,circular,per_chunk,4,4
11001,12250,16167,16,0,0,layered_block,circular,per_chunk,4,4
11002,12041,16000,16,0,0,layered_block,circular,per_chunk,4,4
11003,12125,16083,16,0,0,layered_block,circular,per_chunk,4,4
11004,12083,16000,16,0,0,layered_block,circular,per_chunk,4,4
11005,12209,16000,16,0,0,layered_block,circular,per_chunk,4,4
11006,12083,16000,16,0,0,layered_block,circular,per_chunk,4,4
11007,12209,16166,16,0,0,layered_block,circular,per_chunk,4,4
11008,12042,15959,16,0,0,layered_block,circular,per_chunk,4,4
11009,12500,16375,16,0,0,layered_block,circular,per_chunk,4,4
11010,12166,16041,16,0,0,layered_block,circular,per_chunk,4,4
11011,12125,16042,16,0,0,layered_block,circular,per_chunk,4,4
11012,12333,16209,16,0,0,layered_block,circular,per_chunk,4,4
11013,12166,16000,16,0,0,layered_block,circular,per_chunk,4,4
11014,12125,16083,16,0,0,layered_block,circular,per_chunk,4,4
11015,12084,16000,16,0,0,layered_block,circular,per_chunk,4,4
11016,12125,16042,16,0,0,layered_block,circular,per_chunk,4,4
11017,12083,16042,16,0,0,layered_block,circular,per_chunk,4,4
11018,12125,16000,16,0,0,layered_block,circular,per_chunk,4,4
11019,12375,16333,16,0,0,layered_block,circular,per_chunk,4,4
11020,11959,16000,16,0,0,layered_block,circular,per_chunk,4,4
11021,12083,16000,16,0,0,layered_block,circular,per_chunk,4,4
11022,12166,16041,16,0,0,layered_block,circular,per_chunk,4,4
11023,12000,15958,16,0,0,layered_block,circular,per_chunk,4,4
11024,12125,16000,16,0,0,layered_block,circular,per_chunk,4,4
11025,11917,16041,16,0,0,layered_block,circular,per_chunk,4,4
11026,12250,16083,16,0,0,layered_block,circular,per_chunk,4,4
11027,12125,16042,16,0,0,layered_block,circular,per_chunk,4,4
11028,12125,16000,16,0,0,layered_block,circular,per_chunk,4,4
11029,12250,16083,16,0,0,layered_block,circular,per_chunk,4,4
11030,12125,15959,16,0,0,layered_block,circular,per_chunk,4,4
11031,12209,16083,16,0,0,layered_block,circular,per_chunk,4,4
11032,12250,16125,16,0,0,layered_block,circular,per_chunk,4,4
11033,12250,16084,16,0,0,layered_block,circular,per_chunk,4,4
11034,12208,16083,16,0,0,layered_block,circular,per_chunk,4,4
11035,12083,16000,16,0,0,layered_block,circular,per_chunk,4,4
11036,12041,15958,16,0,0,layered_block,circular,per_chunk,4,4
11037,12000,15959,16,0,0,layered_block,circular,per_chunk,4,4
11038,12167,16084,16,0,0,layered_block,circular,per_chunk,4,4
11039,12083,16042,16,0,0,layered_block,circular,per_chunk,4,4
11040,12125,16000,16,0,0,layered_block,circular,per_chunk,4,4
11041,12250,16083,16,0,0,layered_block,circular,per_chunk,4,4
11042,12084,16000,16,0,0,layered_block,circular,per_chunk,4,4
11043,18042,22083,16,0,0,layered_block,circular,per_chunk,4,4
11044,12166,16000,16,0,0,layered_block,circular,per_chunk,4,4
11045,61834,66625,16,0,0,layered_block,circular,per_chunk,4,4
11046,12084,16000,16,0,0,layered_block,circular,per_chunk,4,4
11047,12125,16000,16,0,0,layered_block,circular,per_chunk,4,4
11048,12167,16000,16,0,0,layered_block,circular,per_chunk,4,4
11049,12167,16083,16,0,0,layered_block,circular,per_chunk,4,4
11050,12125,16041,16,0,0,layered_block,circular,per_chunk,4,4
11051,12292,16167,16,0,0,layered_block,circular,per_chunk,4,4
11052,12083,16042,16,0,0,layered_block,circular,per_chunk,4,4
11053,12250,16084,16,0,0,layered_block,circular,per_chunk,4,4
11054,11875,15916,16,0,0,layered_block,circular,per_chunk,4,4
11055,12125,16000,16,0,0,layered_block,circular,per_chunk,4,4
11056,12042,15958,16,0,0,layered_block,circular,per_chunk,4,4
11057,12041,15958,16,0,0,layered_block,circular,per_chunk,4,4
11058,12208,16042,16,0,0,layered_block,circular,per_chunk,4,4
11059,12167,16000,16,0,0,layered_block,circular,per_chunk,4,4
11060,12208,16125,16,0,0,layered_block,circular,per_chunk,4,4
11061,12125,16042,16,0,0,layered_block,circular,per_chunk,4,4
11062,12125,16084,16,0,0,layered_block,circular,per_chunk,4,4
11063,19458,23334,16,0,0,layered_block,circular,per_chunk,4,4
11064,12084,15917,16,0,0,layered_block,circular,per_chunk,4,4
11065,12375,16250,16,0,0,layered_block,circular,per_chunk,4,4
11066,12208,16458,16,0,0,layered_block,circular,per_chunk,4,4
11067,12125,16042,16,0,0,layered_block,circular,per_chunk,4,4
11068,12084,16041,16,0,0,layered_block,circular,per_chunk,4,4
11069,12167,16042,16,0,0,layered_block,circular,per_chunk,4,4
11070,12250,16083,16,0,0,layered_block,circular,per_chunk,4,4
11071,12208,16125,16,0,0,layered_block,circular,per_chunk,4,4
11072,12125,16000,16,0,0,layered_block,circular,per_chunk,4,4
11073,12083,16000,16,0,0,layered_block,circular,per_chunk,4,4
11074,12250,16125,16,0,0,layered_block,circular,per_chunk,4,4
11075,12083,16000,16,0,0,layered_block,circular,per_chunk,4,4
11076,12167,16000,16,0,0,layered_block,circular,per_chunk,4,4
11077,12209,16125,16,0,0,layered_block,circular,per_chunk,4,4
11078,12208,16042,16,0,0,layered_block,circular,per_chunk,4,4
11079,12042,16000,16,0,0,layered_block,circular,per_chunk,4,4
11080,19958,24042,16,0,0,layered_block,circular,per_chunk,4,4
11081,12083,16000,16,0,0,layered_block,circular,per_chunk,4,4
11082,12083,16041,16,0,0,layered_block,circular,per_chunk,4,4
11083,12000,15916,16,0,0,layered_block,circular,per_chunk,4,4
11084,12084,15917,16,0,0,layered_block,circular,per_chunk,4,4
11085,12041,16042,16,0,0,layered_block,circular,per_chunk,4,4
11086,19292,23208,16,0,0,layered_block,circular,per_chunk,4,4
11087,12125,16042,16,0,0,layered_block,circular,per_chunk,4,4
11088,12042,16000,16,0,0,layered_block,circular,per_chunk,4,4
11089,12083,16000,16,0,0,layered_block,circular,per_chunk,4,4
11090,12125,16000,16,0,0,layered_block,circular,per_chunk,4,4
11091,12417,16250,16,0,0,layered_block,circular,per_chunk,4,4
11092,12375,16250,16,0,0,layered_block,circular,per_chunk,4,4
11093,12125,16000,16,0,0,layered_block,circular,per_chunk,4,4
11094,12125,15958,16,0,0,layered_block,circular,per_chunk,4,4
11095,12292,16167,16,0,0,layered_block,circular,per_chunk,4,4
11096,12000,16000,16,0,0,layered_block,circular,per_chunk,4,4
11097,20125,24042,16,0,0,layered_block,circular,per_chunk,4,4
11098,12209,16041,16,0,0,layered_block,circular,per_chunk,4,4
11099,12125,16000,16,0,0,layered_block,circular,per_chunk,4,4
11100,12500,16583,16,0,0,layered_block,circular,per_chunk,4,4
11101,12208,16083,16,0,0,layered_block,circular,per_chunk,4,4
11102,12083,16042,16,0,0,layered_block,circular,per_chunk,4,4
11103,18667,22666,16,0,0,layered_block,circular,per_chunk,4,4
11104,12209,16041,16,0,0,layered_block,circular,per_chunk,4,4
11105,12167,16042,16,0,0,layered_block,circular,per_chunk,4,4
11106,12792,22667,16,0,0,layered_block,circular,per_chunk,4,4
11107,12167,16000,16,0,0,layered_block,circular,per_chunk,4,4
11108,12084,15916,16,0,0,layered_block,circular,per_chunk,4,4
11109,12083,16000,16,0,0,layered_block,circular,per_chunk,4,4
11110,12125,16000,16,0,0,layered_block,circular,per_chunk,4,4
11111,12083,16000,16,0,0,layered_block,circular,per_chunk,4,4
11112,11875,16000,16,0,0,layered_block,circular,per_chunk,4,4
11113,12083,15958,16,0,0,layered_block,circular,per_chunk,4,4
11114,12084,16041,16,0,0,layered_block,circular,per_chunk,4,4
11115,12500,16292,16,0,0,layered_block,circular,per_chunk,4,4
11116,12125,16041,16,0,0,layered_block,circular,per_chunk,4,4
11117,19625,23583,16,0,0,layered_block,circular,per_chunk,4,4
11118,12291,16208,16,0,0,layered_block,circular,per_chunk,4,4
11119,12083,16083,16,0,0,layered_block,circular,per_chunk,4,4
11120,12125,16042,16,0,0,layered_block,circular,per_chunk,4,4
11121,12083,16000,16,0,0,layered_block,circular,per_chunk,4,4
11122,12125,16083,16,0,0,layered_block,circular,per_chunk,4,4
11123,12250,16167,16,0,0,layered_block,circular,per_chunk,4,4
11124,12125,16042,16,0,0,layered_block,circular,per_chunk,4,4
11125,12208,16167,16,0,0,layered_block,circular,per_chunk,4,4
11126,12042,15958,16,0,0,layered_block,circular,per_chunk,4,4
11127,12167,16000,16,0,0,layered_block,circular,per_chunk,4,4
11128,12042,15958,16,0,0,layered_block,circular,per_chunk,4,4
11129,12042,15959,16,0,0,layered_block,circular,per_chunk,4,4
11130,12166,16041,16,0,0,layered_block,circular,per_chunk,4,4
11131,12208,16167,16,0,0,layered_block,circular,per_chunk,4,4
11132,19417,23375,16,0,0,layered_block,circular,per_chunk,4,4
11133,12166,16042,16,0,0,layered_block,circular,per_chunk,4,4
11134,12250,16125,16,0,0,layered_block,circular,per_chunk,4,4
11135,12208,16167,16,0,0,layered_block,circular,per_chunk,4,4
11136,12084,15958,16,0,0,layered_block,circular,per_chunk,4,4
11137,12042,16000,16,0,0,layered_block,circular,per_chunk,4,4
11138,12208,16042,16,0,0,layered_block,circular,per_chunk,4,4
11139,12125,16042,16,0,0,layered_block,circular,per_chunk,4,4
11140,12250,16167,16,0,0,layered_block,circular,per_chunk,4,4
11141,12417,16333,16,0,0,layered_block,circular,per_chunk,4,4
11142,12125,16042,16,0,0,layered_block,circular,per_chunk,4,4
11143,12375,16292,16,0,0,layered_block,circular,per_chunk,4,4
11144,12167,16084,16,0,0,layered_block,circular,per_chunk,4,4
11145,12292,16292,16,0,0,layered_block,circular,per_chunk,4,4
11146,12459,16291,16,0,0,layered_block,circular,per_chunk,4,4
11147,12208,16000,16,0,0,layered_block,circular,per_chunk,4,4
11148,12209,16125,16,0,0,layered_block,circular,per_chunk,4,4
11149,12041,15958,16,0,0,layered_block,circular,per_chunk,4,4
11150,12167,16000,16,0,0,layered_block,circular,per_chunk,4,4
11151,12458,16458,16,0,0,layered_block,circular,per_chunk,4,4
11152,12166,16125,16,0,0,layered_block,circular,per_chunk,4,4
11153,12250,16083,16,0,0,layered_block,circular,per_chunk,4,4
11154,12041,15959,16,0,0,layered_block,circular,per_chunk,4,4
11155,12209,16041,16,0,0,layered_block,circular,per_chunk,4,4
11156,12375,16250,16,0,0,layered_block,circular,per_chunk,4,4
11157,12333,16208,16,0,0,layered_block,circular,per_chunk,4,4
11158,12500,16333,16,0,0,layered_block,circular,per_chunk,4,4
11159,12458,16375,16,0,0,layered_block,circular,per_chunk,4,4
11160,11917,16083,16,0,0,layered_block,circular,per_chunk,4,4
11161,12083,15958,16,0,0,layered_block,circular,per_chunk,4,4
11162,12208,16083,16,0,0,layered_block,circular,per_chunk,4,4
11163,12125,16042,16,0,0,layered_block,circular,per_chunk,4,4
11164,12333,16209,16,0,0,layered_block,circular,per_chunk,4,4
11165,12125,16041,16,0,0,layered_block,circular,per_chunk,4,4
11166,12625,16542,16,0,0,layered_block,circular,per_chunk,4,4
11167,12333,16292,16,0,0,layered_block,circular,per_chunk,4,4
11168,12125,16084,16,0,0,layered_block,circular,per_chunk,4,4
11169,12125,15959,16,0,0,layered_block,circular,per_chunk,4,4
11170,12042,15916,16,0,0,layered_block,circular,per_chunk,4,4
11171,12042,16000,16,0,0,layered_block,circular,per_chunk,4,4
11172,14375,18667,16,0,0,layered_block,circular,per_chunk,4,4
11173,12084,15958,16,0,0,layered_block,circular,per_chunk,4,4
11174,12084,16000,16,0,0,layered_block,circular,per_chunk,4,4
11175,12167,16041,16,0,0,layered_block,circular,per_chunk,4,4
11176,12042,16042,16,0,0,layered_block,circular,per_chunk,4,4
11177,19917,23792,16,0,0,layered_block,circular,per_chunk,4,4
11178,12166,16083,16,0,0,layered_block,circular,per_chunk,4,4
11179,12084,16000,16,0,0,layered_block,circular,per_chunk,4,4
11180,12208,16125,16,0,0,layered_block,circular,per_chunk,4,4
11181,12083,15917,16,0,0,layered_block,circular,per_chunk,4,4
11182,12375,16250,16,0,0,layered_block,circular,per_chunk,4,4
11183,12041,15958,16,0,0,layered_block,circular,per_chunk,4,4
11184,12250,16083,16,0,0,layered_block,circular,per_chunk,4,4
11185,12125,16042,16,0,0,layered_block,circular,per_chunk,4,4
11186,12000,16042,16,0,0,layered_block,circular,per_chunk,4,4
11187,12083,15917,16,0,0,layered_block,circular,per_chunk,4,4
11188,12167,16083,16,0,0,layered_block,circular,per_chunk,4,4
11189,12125,21875,16,0,0,layered_block,circular,per_chunk,4,4
11190,12042,16000,16,0,0,layered_block,circular,per_chunk,4,4
11191,12125,16042,16,0,0,layered_block,circular,per_chunk,4,4
11192,66500,70583,16,0,0,layered_block,circular,per_chunk,4,4
11193,12083,15958,16,0,0,layered_block,circular,per_chunk,4,4
11194,12083,16084,16,0,0,layered_block,circular,per_chunk,4,4
11195,12125,16000,16,0,0,layered_block,circular,per_chunk,4,4
11196,12042,16000,16,0,0,layered_block,circular,per_chunk,4,4
11197,20625,24541,16,0,0,layered_block,circular,per_chunk,4,4
11198,12375,16250,16,0,0,layered_block,circular,per_chunk,4,4
11199,12334,16208,16,0,0,layered_block,circular,per_chunk,4,4
11200,12083,16000,16,0,0,layered_block,circular,per_chunk,4,4
11201,12167,16084,16,0,0,layered_block,circular,per_chunk,4,4
11202,12250,16167,16,0,0,layered_block,circular,per_chunk,4,4
11203,12125,15958,16,0,0,layered_block,circular,per_chunk,4,4
11204,12125,16083,16,0,0,layered_block,circular,per_chunk,4,4
11205,12000,16000,16,0,0,layered_block,circular,per_chunk,4,4
11206,12209,16041,16,0,0,layered_block,circular,per_chunk,4,4
11207,12125,16000,16,0,0,layered_block,circular,per_chunk,4,4
11208,12125,16042,16,0,0,layered_block,circular,per_chunk,4,4
11209,12167,16000,16,0,0,layered_block,circular,per_chunk,4,4
11210,12042,16000,16,0,0,layered_block,circular,per_chunk,4,4
11211,18041,22083,16,0,0,layered_block,circular,per_chunk,4,4
11212,12167,16041,16,0,0,layered_block,circular,per_chunk,4,4
11213,12042,16000,16,0,0,layered_block,circular,per_chunk,4,4
11214,18875,22792,16,0,0,layered_block,circular,per_chunk,4,4
11215,12167,15958,16,0,0,layered_block,circular,per_chunk,4,4
11216,11959,16000,16,0,0,layered_block,circular,per_chunk,4,4
11217,12083,16000,16,0,0,layered_block,circular,per_chunk,4,4
11218,12292,16084,16,0,0,layered_block,circular,per_chunk,4,4
11219,12084,16042,16,0,0,layered_block,circular,per_chunk,4,4
11220,12125,16042,16,0,0,layered_block,circular,per_chunk,4,4
11221,12208,16042,16,0,0,layered_block,circular,per_chunk,4,4
11222,12166,16083,16,0,0,layered_block,circular,per_chunk,4,4
11223,12167,15917,16,0,0,layered_block,circular,per_chunk,4,4
11224,12084,16041,16,0,0,layered_block,circular,per_chunk,4,4
11225,20042,23916,16,0,0,layered_block,circular,per_chunk,4,4
11226,12209,16000,16,0,0,layered_block,circular,per_chunk,4,4
11227,12167,16125,16,0,0,layered_block,circular,per_chunk,4,4
11228,12167,16083,16,0,0,layered_block,circular,per_chunk,4,4
11229,12166,16042,16,0,0,layered_block,circular,per_chunk,4,4
11230,11916,16000,16,0,0,layered_block,circular,per_chunk,4,4
11231,12125,15958,16,0,0,layered_block,circular,per_chunk,4,4
11232,12084,15958,16,0,0,layered_block,circular,per_chunk,4,4
11233,12083,16125,16,0,0,layered_block,circular,per_chunk,4,4
11234,12166,16083,16,0,0,layered_block,circular,per_chunk,4,4
11235,12125,16041,16,0,0,layered_block,circular,per_chunk,4,4
11236,12125,16042,16,0,0,layered_block,circular,per_chunk,4,4
11237,12125,15917,16,0,0,layered_block,circular,per_chunk,4,4
11238,12292,16209,16,0,0,layered_block,circular,per_chunk,4,4
11239,73542,77584,16,0,0,layered_block,circular,per_chunk,4,4
11240,12250,16125,16,0,0,layered_block,circular,per_chunk,4,4
11241,12167,16000,16,0,0,layered_block,circular,per_chunk,4,4
11242,12166,16083,16,0,0,layered_block,circular,per_chunk,4,4
11243,12125,16000,16,0,0,layered_block,circular,per_chunk,4,4
11244,12166,16000,16,0,0,layered_block,circular,per_chunk,4,4
11245,12166,16000,16,0,0,layered_block,circular,per_chunk,4,4
11246,12125,16042,16,0,0,layered_block,circular,per_chunk,4,4
11247,12000,16084,16,0,0,layered_block,circular,per_chunk,4,4
11248,12167,16042,16,0,0,layered_block,circular,per_chunk,4,4
11249,12125,16000,16,0,0,layered_block,circular,per_chunk,4,4
11250,12250,16208,16,0,0,layered_block,circular,per_chunk,4,4
11251,12083,16000,16,0,0,layered_block,circular,per_chunk,4,4
11252,12125,16042,16,0,0,layered_block,circular,per_chunk,4,4
11253,12292,16167,16,0,0,layered_block,circular,per_chunk,4,4
11254,12084,16041,16,0,0,layered_block,circular,per_chunk,4,4
11255,12209,16125,16,0,0,layered_block,circular,per_chunk,4,4
11256,11833,15959,16,0,0,layered_block,circular,per_chunk,4,4
11257,12125,16000,16,0,0,layered_block,circular,per_chunk,4,4
11258,12042,16000,16,0,0,layered_block,circular,per_chunk,4,4
11259,12459,16333,16,0,0,layered_block,circular,per_chunk,4,4
11260,12083,16042,16,0,0,layered_block,circular,per_chunk,4,4
11261,12083,16000,16,0,0,layered_block,circular,per_chunk,4,4
11262,12167,16041,16,0,0,layered_block,circular,per_chunk,4,4
11263,12250,16083,16,0,0,layered_block,circular,per_chunk,4,4
11264,12083,15958,16,0,0,layered_block,circular,per_chunk,4,4
11265,12042,16000,16,0,0,layered_block,circular,per_chunk,4,4
11266,12041,16000,16,0,0,layered_block,circular,per_chunk,4,4
11267,12084,15958,16,0,0,layered_block,circular,per_chunk,4,4
11268,12166,16083,16,0,0,layered_block,circular,per_chunk,4,4
11269,12208,16000,16,0,0,layered_block,circular,per_chunk,4,4
11270,12166,16083,16,0,0,layered_block,circular,per_chunk,4,4
11271,12041,16042,16,0,0,layered_block,circular,per_chunk,4,4
11272,12125,16000,16,0,0,layered_block,circular,per_chunk,4,4
11273,12083,16000,16,0,0,layered_block,circular,per_chunk,4,4
11274,12125,16000,16,0,0,layered_block,circular,per_chunk,4,4
11275,12083,15959,16,0,0,layered_block,circular,per_chunk,4,4
11276,12125,16042,16,0,0,layered_block,circular,per_chunk,4,4
11277,12125,16000,16,0,0,layered_block,circular,per_chunk,4,4
11278,12167,16000,16,0,0,layered_block,circular,per_chunk,4,4
11279,12166,16042,16,0,0,layered_block,circular,per_chunk,4,4
11280,12083,16042,16,0,0,layered_block,circular,per_chunk,4,4
11281,12375,16166,16,0,0,layered_block,circular,per_chunk,4,4
11282,12333,16292,16,0,0,layered_block,circular,per_chunk,4,4
11283,19875,23792,16,0,0,layered_block,circular,per_chunk,4,4
11284,12125,16042,16,0,0,layered_block,circular,per_chunk,4,4
11285,11958,15875,16,0,0,layered_block,circular,per_chunk,4,4
11286,12375,16500,16,0,0,layered_block,circular,per_chunk,4,4
11287,12083,21084,16,0,0,layered_block,circular,per_chunk,4,4
11288,12125,16041,16,0,0,layered_block,circular,per_chunk,4,4
11289,12167,16083,16,0,0,layered_block,circular,per_chunk,4,4
11290,12167,16083,16,0,0,layered_block,circular,per_chunk,4,4
11291,12209,16041,16,0,0,layered_block,circular,per_chunk,4,4
11292,12250,16250,16,0,0,layered_block,circular,per_chunk,4,4
11293,12125,16041,16,0,0,layered_block,circular,per_chunk,4,4
11294,12292,16084,16,0,0,layered_block,circular,per_chunk,4,4
11295,12291,16208,16,0,0,layered_block,circular,per_chunk,4,4
11296,12041,16042,16,0,0,layered_block,circular,per_chunk,4,4
11297,12417,16208,16,0,0,layered_block,circular,per_chunk,4,4
11298,12167,16042,16,0,0,layered_block,circular,per_chunk,4,4
11299,12167,16000,16,0,0,layered_block,circular,per_chunk,4,4
11300,12083,16000,16,0,0,layered_block,circular,per_chunk,4,4
11301,12208,16042,16,0,0,layered_block,circular,per_chunk,4,4
11302,12167,16041,16,0,0,layered_block,circular,per_chunk,4,4
11303,12125,16042,16,0,0,layered_block,circular,per_chunk,4,4
11304,12042,16083,16,0,0,layered_block,circular,per_chunk,4,4
11305,12083,16042,16,0,0,layered_block,circular,per_chunk,4,4
11306,12250,16125,16,0,0,layered_block,circular,per_chunk,4,4
11307,12042,15958,16,0,0,layered_block,circular,per_chunk,4,4
11308,12042,16000,16,0,0,layered_block,circular,per_chunk,4,4
11309,12166,16084,16,0,0,layered_block,circular,per_chunk,4,4
11310,12209,15959,16,0,0,layered_block,circular,per_chunk,4,4
11311,12042,16000,16,0,0,layered_block,circular,per_chunk,4,4
11312,12458,16334,16,0,0,layered_block,circular,per_chunk,4,4
11313,12167,16084,16,0,0,layered_block,circular,per_chunk,4,4
11314,12125,16000,16,0,0,layered_block,circular,per_chunk,4,4
11315,12291,16125,16,0,0,layered_block,circular,per_chunk,4,4
11316,12209,16041,16,0,0,layered_block,circular,per_chunk,4,4
11317,12125,15958,16,0,0,layered_block,circular,per_chunk,4,4
11318,12416,16417,16,0,0,layered_block,circular,per_chunk,4,4
11319,11834,16000,16,0,0,layered_block,circular,per_chunk,4,4
11320,12125,16041,16,0,0,layered_block,circular,per_chunk,4,4
11321,12334,16166,16,0,0,layered_block,circular,per_chunk,4,4
11322,12000,16000,16,0,0,layered_block,circular,per_chunk,4,4
11323,12250,16166,16,0,0,layered_block,circular,per_chunk,4,4
11324,12209,16125,16,0,0,layered_block,circular,per_chunk,4,4
11325,12125,16042,16,0,0,layered_block,circular,per_chunk,4,4
11326,12125,16000,16,0,0,layered_block,circular,per_chunk,4,4
11327,12209,16083,16,0,0,layered_block,circular,per_chunk,4,4
11328,12334,16167,16,0,0,layered_block,circular,per_chunk,4,4
11329,12250,16125,16,0,0,layered_block,circular,per_chunk,4,4
11330,12167,16000,16,0,0,layered_block,circular,per_chunk,4,4
11331,12458,16334,16,0,0,layered_block,circular,per_chunk,4,4
11332,12208,16167,16,0,0,layered_block,circular,per_chunk,4,4
11333,12166,16042,16,0,0,layered_block,circular,per_chunk,4,4
11334,12166,16000,16,0,0,layered_block,circular,per_chunk,4,4
11335,12083,15958,16,0,0,layered_block,circular,per_chunk,4,4
11336,12292,16208,16,0,0,layered_block,circular,per_chunk,4,4
11337,12208,16000,16,0,0,layered_block,circular,per_chunk,4,4
11338,12125,16000,16,0,0,layered_block,circular,per_chunk,4,4
11339,12083,15958,16,0,0,layered_block,circular,per_chunk,4,4
11340,12084,15917,16,0,0,layered_block,circular,per_chunk,4,4
11341,12459,16250,16,0,0,layered_block,circular,per_chunk,4,4
11342,12125,16000,16,0,0,layered_block,circular,per_chunk,4,4
11343,11958,15958,16,0,0,layered_block,circular,per_chunk,4,4
11344,12041,15958,16,0,0,layered_block,circular,per_chunk,4,4
11345,12459,16291,16,0,0,layered_block,circular,per_chunk,4,4
11346,12334,16166,16,0,0,layered_block,circular,per_chunk,4,4
11347,12208,16083,16,0,0,layered_block,circular,per_chunk,4,4
11348,12083,16000,16,0,0,layered_block,circular,per_chunk,4,4
11349,12084,16041,16,0,0,layered_block,circular,per_chunk,4,4
11350,12167,16084,16,0,0,layered_block,circular,per_chunk,4,4
11351,12084,16041,16,0,0,layered_block,circular,per_chunk,4,4
11352,12250,16083,16,0,0,layered_block,circular,per_chunk,4,4
11353,12166,16000,16,0,0,layered_block,circular,per_chunk,4,4
11354,12209,16166,16,0,0,layered_block,circular,per_chunk,4,4
11355,12083,16000,16,0,0,layered_block,circular,per_chunk,4,4
11356,12042,16000,16,0,0,layered_block,circular,per_chunk,4,4
11357,12333,16209,16,0,0,layered_block,circular,per_chunk,4,4
11358,12166,16042,16,0,0,layered_block,circular,per_chunk,4,4
11359,12042,15917,16,0,0,layered_block,circular,per_chunk,4,4
11360,12208,16042,16,0,0,layered_block,circular,per_chunk,4,4
11361,12083,15958,16,0,0,layered_block,circular,per_chunk,4,4
11362,12042,15959,16,0,0,layered_block,circular,per_chunk,4,4
11363,12166,16083,16,0,0,layered_block,circular,per_chunk,4,4
11364,12042,15958,16,0,0,layered_block,circular,per_chunk,4,4
11365,12208,16083,16,0,0,layered_block,circular,per_chunk,4,4
11366,12041,15958,16,0,0,layered_block,circular,per_chunk,4,4
11367,12083,15917,16,0,0,layered_block,circular,per_chunk,4,4
11368,12042,15958,16,0,0,layered_block,circular,per_chunk,4,4
11369,13042,17292,16,0,0,layered_block,circular,per_chunk,4,4
11370,12167,16042,16,0,0,layered_block,circular,per_chunk,4,4
11371,12292,16125,16,0,0,layered_block,circular,per_chunk,4,4
11372,12125,15916,16,0,0,layered_block,circular,per_chunk,4,4
11373,12208,16125,16,0,0,layered_block,circular,per_chunk,4,4
11374,12416,16250,16,0,0,layered_block,circular,per_chunk,4,4
11375,12250,16125,16,0,0,layered_block,circular,per_chunk,4,4
11376,12209,16000,16,0,0,layered_block,circular,per_chunk,4,4
11377,12333,16209,16,0,0,layered_block,circular,per_chunk,4,4
11378,12500,16417,16,0,0,layered_block,circular,per_chunk,4,4
11379,12125,16000,16,0,0,layered_block,circular,per_chunk,4,4
11380,12208,16042,16,0,0,layered_block,circular,per_chunk,4,4
11381,12042,15959,16,0,0,layered_block,circular,per_chunk,4,4
11382,19084,23041,16,0,0,layered_block,circular,per_chunk,4,4
11383,12042,16041,16,0,0,layered_block,circular,per_chunk,4,4
11384,12083,16000,16,0,0,layered_block,circular,per_chunk,4,4
11385,12167,16042,16,0,0,layered_block,circular,per_chunk,4,4
11386,12541,16417,16,0,0,layered_block,circular,per_chunk,4,4
11387,12167,15959,16,0,0,layered_block,circular,per_chunk,4,4
11388,13166,17417,16,0,0,layered_block,circular,per_chunk,4,4
11389,12084,15917,16,0,0,layered_block,circular,per_chunk,4,4
11390,12000,16125,16,0,0,layered_block,circular,per_chunk,4,4
11391,12292,16209,16,0,0,layered_block,circular,per_chunk,4,4
11392,12333,16208,16,0,0,layered_block,circular,per_chunk,4,4
11393,12292,16209,16,0,0,layered_block,circular,per_chunk,4,4
11394,11875,15958,16,0,0,layered_block,circular,per_chunk,4,4
11395,12208,16083,16,0,0,layered_block,circular,per_chunk,4,4
11396,11916,15958,16,0,0,layered_block,circular,per_chunk,4,4
11397,12125,15958,16,0,0,layered_block,circular,per_chunk,4,4
11398,12083,15917,16,0,0,layered_block,circular,per_chunk,4,4
11399,12042,15917,16,0,0,layered_block,circular,per_chunk,4,4
11400,12500,16333,16,0,0,layered_block,circular,per_chunk,4,4
11401,12083,15958,16,0,0,layered_block,circular,per_chunk,4,4
11402,12292,16167,16,0,0,layered_block,circular,per_chunk,4,4
11403,12042,16000,16,0,0,layered_block,circular,per_chunk,4,4
11404,12083,16042,16,0,0,layered_block,circular,per_chunk,4,4
11405,12041,15958,16,0,0,layered_block,circular,per_chunk,4,4
11406,12042,15917,16,0,0,layered_block,circular,per_chunk,4,4
11407,12375,16208,16,0,0,layered_block,circular,per_chunk,4,4
11408,12375,16209,16,0,0,layered_block,circular,per_chunk,4,4
11409,12333,16250,16,0,0,layered_block,circular,per_chunk,4,4
11410,12167,15917,16,0,0,layered_block,circular,per_chunk,4,4
11411,12167,15959,16,0,0,layered_block,circular,per_chunk,4,4
11412,12042,15959,16,0,0,layered_block,circular,per_chunk,4,4
11413,12125,16000,16,0,0,layered_block,circular,per_chunk,4,4
11414,12541,16375,16,0,0,layered_block,circular,per_chunk,4,4
11415,12042,15916,16,0,0,layered_block,circular,per_chunk,4,4
11416,12334,16125,16,0,0,layered_block,circular,per_chunk,4,4
11417,12083,16042,16,0,0,layered_block,circular,per_chunk,4,4
11418,20333,24208,16,0,0,layered_block,circular,per_chunk,4,4
11419,12375,16208,16,0,0,layered_block,circular,per_chunk,4,4
11420,12125,15958,16,0,0,layered_block,circular,per_chunk,4,4
11421,11917,15959,16,0,0,layered_block,circular,per_chunk,4,4
11422,12125,15958,16,0,0,layered_block,circular,per_chunk,4,4
11423,12000,15833,16,0,0,layered_block,circular,per_chunk,4,4
11424,11875,16000,16,0,0,layered_block,circular,per_chunk,4,4
11425,12166,16000,16,0,0,layered_block,circular,per_chunk,4,4
11426,12417,16208,16,0,0,layered_block,circular,per_chunk,4,4
11427,12042,15917,16,0,0,layered_block,circular,per_chunk,4,4
11428,11958,15917,16,0,0,layered_block,circular,per_chunk,4,4
11429,19916,23833,16,0,0,layered_block,circular,per_chunk,4,4
11430,12250,16042,16,0,0,layered_block,circular,per_chunk,4,4
11431,12292,16166,16,0,0,layered_block,circular,per_chunk,4,4
11432,12125,16042,16,0,0,layered_block,circular,per_chunk,4,4
11433,12042,15959,16,0,0,layered_block,circular,per_chunk,4,4
11434,12833,16750,16,0,0,layered_block,circular,per_chunk,4,4
11435,12334,16166,16,0,0,layered_block,circular,per_chunk,4,4
11436,12042,15958,16,0,0,layered_block,circular,per_chunk,4,4
11437,12333,16167,16,0,0,layered_block,circular,per_chunk,4,4
11438,20458,24333,16,0,0,layered_block,circular,per_chunk,4,4
11439,12083,15958,16,0,0,layered_block,circular,per_chunk,4,4
11440,12042,15958,16,0,0,layered_block,circular,per_chunk,4,4
11441,12584,16833,16,0,0,layered_block,circular,per_chunk,4,4
11442,12167,15959,16,0,0,layered_block,circular,per_chunk,4,4
11443,12084,15958,16,0,0,layered_block,circular,per_chunk,4,4
11444,12000,15917,16,0,0,layered_block,circular,per_chunk,4,4
11445,12375,16250,16,0,0,layered_block,circular,per_chunk,4,4
11446,12333,16167,16,0,0,layered_block,circular,per_chunk,4,4
11447,12209,16083,16,0,0,layered_block,circular,per_chunk,4,4
11448,12167,16000,16,0,0,layered_block,circular,per_chunk,4,4
11449,12333,16208,16,0,0,layered_block,circular,per_chunk,4,4
11450,12791,16625,16,0,0,layered_block,circular,per_chunk,4,4
11451,12125,15959,16,0,0,layered_block,circular,per_chunk,4,4
11452,12167,16041,16,0,0,layered_block,circular,per_chunk,4,4
11453,20333,24292,16,0,0,layered_block,circular,per_chunk,4,4
11454,12000,15875,16,0,0,layered_block,circular,per_chunk,4,4
11455,12416,16250,16,0,0,layered_block,circular,per_chunk,4,4
11456,12541,16416,16,0,0,layered_block,circular,per_chunk,4,4
11457,12292,16167,16,0,0,layered_block,circular,per_chunk,4,4
11458,12125,16000,16,0,0,layered_block,circular,per_chunk,4,4
11459,12084,15958,16,0,0,layered_block,circular,per_chunk,4,4
11460,12333,16167,16,0,0,layered_block,circular,per_chunk,4,4
11461,12166,16041,16,0,0,layered_block,circular,per_chunk,4,4
11462,12042,15958,16,0,0,layered_block,circular,per_chunk,4,4
11463,12083,15916,16,0,0,layered_block,circular,per_chunk,4,4
11464,12125,15958,16,0,0,layered_block,circular,per_chunk,4,4
11465,12042,15959,16,0,0,layered_block,circular,per_chunk,4,4
11466,12167,15959,16,0,0,layered_block,circular,per_chunk,4,4
11467,12000,15958,16,0,0,layered_block,circular,per_chunk,4,4
11468,12291,16041,16,0,0,layered_block,circular,per_chunk,4,4
11469,12208,16000,16,0,0,layered_block,circular,per_chunk,4,4
11470,12083,15958,16,0,0,layered_block,circular,per_chunk,4,4
11471,12167,16042,16,0,0,layered_block,circular,per_chunk,4,4
11472,12333,16250,16,0,0,layered_block,circular,per_chunk,4,4
11473,12125,15958,16,0,0,layered_block,circular,per_chunk,4,4
11474,12083,16000,16,0,0,layered_block,circular,per_chunk,4,4
11475,12083,15958,16,0,0,layered_block,circular,per_chunk,4,4
11476,12416,16292,16,0,0,layered_block,circular,per_chunk,4,4
11477,12083,16042,16,0,0,layered_block,circular,per_chunk,4,4
11478,12167,16000,16,0,0,layered_block,circular,per_chunk,4,4
11479,12083,15916,16,0,0,layered_block,circular,per_chunk,4,4
11480,12083,16000,16,0,0,layered_block,circular,per_chunk,4,4
11481,12084,15958,16,0,0,layered_block,circular,per_chunk,4,4
11482,12250,16167,16,0,0,layered_block,circular,per_chunk,4,4
11483,12083,16000,16,0,0,layered_block,circular,per_chunk,4,4
11484,12166,16000,16,0,0,layered_block,circular,per_chunk,4,4
11485,12083,15958,16,0,0,layered_block,circular,per_chunk,4,4
11486,12167,16000,16,0,0,layered_block,circular,per_chunk,4,4
11487,12041,15958,16,0,0,layered_block,circular,per_chunk,4,4
11488,12375,16166,16,0,0,layered_block,circular,per_chunk,4,4
11489,12125,16042,16,0,0,layered_block,circular,per_chunk,4,4
11490,12584,16500,16,0,0,layered_block,circular,per_chunk,4,4
11491,12125,16000,16,0,0,layered_block,circular,per_chunk,4,4
11492,12291,16167,16,0,0,layered_block,circular,per_chunk,4,4
11493,12125,15917,16,0,0,layered_block,circular,per_chunk,4,4
11494,12042,15917,16,0,0,layered_block,circular,per_chunk,4,4
11495,12375,16250,16,0,0,layered_block,circular,per_chunk,4,4
11496,12667,16542,16,0,0,layered_block,circular,per_chunk,4,4
11497,12292,16125,16,0,0,layered_block,circular,per_chunk,4,4
11498,12208,16042,16,0,0,layered_block,circular,per_chunk,4,4
11499,12083,15916,16,0,0,layered_block,circular,per_chunk,4,4
11500,12542,16417,16,0,0,layered_block,circular,per_chunk,4,4
11501,12250,16125,16,0,0,layered_block,circular,per_chunk,4,4
11502,12416,16250,16,0,0,layered_block,circular,per_chunk,4,4
11503,12416,16292,16,0,0,layered_block,circular,per_chunk,4,4
11504,12167,15959,16,0,0,layered_block,circular,per_chunk,4,4
11505,12166,16042,16,0,0,layered_block,circular,per_chunk,4,4
11506,11833,15917,16,0,0,layered_block,circular,per_chunk,4,4
11507,12042,15917,16,0,0,layered_block,circular,per_chunk,4,4
11508,12125,15959,16,0,0,layered_block,circular,per_chunk,4,4
11509,12500,16416,16,0,0,layered_block,circular,per_chunk,4,4
11510,12084,16000,16,0,0,layered_block,circular,per_chunk,4,4
11511,12083,15917,16,0,0,layered_block,circular,per_chunk,4,4
11512,12125,16000,16,0,0,layered_block,circular,per_chunk,4,4
11513,12208,16041,16,0,0,layered_block,circular,per_chunk,4,4
11514,12250,16125,16,0,0,layered_block,circular,per_chunk,4,4
11515,12291,16166,16,0,0,layered_block,circular,per_chunk,4,4
11516,12709,16708,16,0,0,layered_block,circular,per_chunk,4,4
11517,12041,15958,16,0,0,layered_block,circular,per_chunk,4,4
11518,12166,16000,16,0,0,layered_block,circular,per_chunk,4,4
11519,12083,16000,16,0,0,layered_block,circular,per_chunk,4,4
11520,12125,16000,16,0,0,layered_block,circular,per_chunk,4,4
11521,14042,18250,16,0,0,layered_block,circular,per_chunk,4,4
11522,12042,15875,16,0,0,layered_block,circular,per_chunk,4,4
11523,12458,16250,16,0,0,layered_block,circular,per_chunk,4,4
11524,12250,16083,16,0,0,layered_block,circular,per_chunk,4,4
11525,12167,15917,16,0,0,layered_block,circular,per_chunk,4,4
11526,11875,15875,16,0,0,layered_block,circular,per_chunk,4,4
11527,12083,15959,16,0,0,layered_block,circular,per_chunk,4,4
11528,12333,16208,16,0,0,layered_block,circular,per_chunk,4,4
11529,12000,16000,16,0,0,layered_block,circular,per_chunk,4,4
11530,12042,15916,16,0,0,layered_block,circular,per_chunk,4,4
11531,12084,15875,16,0,0,layered_block,circular,per_chunk,4,4
11532,12042,15917,16,0,0,layered_block,circular,per_chunk,4,4
11533,12125,15958,16,0,0,layered_block,circular,per_chunk,4,4
11534,12000,15917,16,0,0,layered_block,circular,per_chunk,4,4
11535,12250,16042,16,0,0,layered_block,circular,per_chunk,4,4
11536,12375,16167,16,0,0,layered_block,circular,per_chunk,4,4
11537,12000,15917,16,0,0,layered_block,circular,per_chunk,4,4
11538,20542,24416,16,0,0,layered_block,circular,per_chunk,4,4
11539,12084,15917,16,0,0,layered_block,circular,per_chunk,4,4
11540,12166,16042,16,0,0,layered_block,circular,per_chunk,4,4
11541,91000,95375,16,0,0,layered_block,circular,per_chunk,4,4
11542,12125,16000,16,0,0,layered_block,circular,per_chunk,4,4
11543,12208,16000,16,0,0,layered_block,circular,per_chunk,4,4
11544,12334,16208,16,0,0,layered_block,circular,per_chunk,4,4
11545,12166,16000,16,0,0,layered_block,circular,per_chunk,4,4
11546,12208,16000,16,0,0,layered_block,circular,per_chunk,4,4
11547,12042,15958,16,0,0,layered_block,circular,per_chunk,4,4
11548,12167,16000,16,0,0,layered_block,circular,per_chunk,4,4
11549,12042,15917,16,0,0,layered_block,circular,per_chunk,4,4
11550,12084,16000,16,0,0,layered_block,circular,per_chunk,4,4
11551,12208,16000,16,0,0,layered_block,circular,per_chunk,4,4
11552,11833,15916,16,0,0,layered_block,circular,per_chunk,4,4
11553,12625,22667,16,0,0,layered_block,circular,per_chunk,4,4
11554,12250,16125,16,0,0,layered_block,circular,per_chunk,4,4
11555,12042,15959,16,0,0,layered_block,circular,per_chunk,4,4
11556,12084,15917,16,0,0,layered_block,circular,per_chunk,4,4
11557,12333,16083,16,0,0,layered_block,circular,per_chunk,4,4
11558,12083,15916,16,0,0,layered_block,circular,per_chunk,4,4
11559,20208,24084,16,0,0,layered_block,circular,per_chunk,4,4
11560,12334,16167,16,0,0,layered_block,circular,per_chunk,4,4
11561,12500,16250,16,0,0,layered_block,circular,per_chunk,4,4
11562,12042,15917,16,0,0,layered_block,circular,per_chunk,4,4
11563,12292,16166,16,0,0,layered_block,circular,per_chunk,4,4
11564,12083,15959,16,0,0,layered_block,circular,per_chunk,4,4
11565,12167,16000,16,0,0,layered_block,circular,per_chunk,4,4
11566,12167,15958,16,0,0,layered_block,circular,per_chunk,4,4
11567,11959,15875,16,0,0,layered_block,circular,per_chunk,4,4
11568,12084,16000,16,0,0,layered_block,circular,per_chunk,4,4
11569,12416,16208,16,0,0,layered_block,circular,per_chunk,4,4
11570,12042,15959,16,0,0,layered_block,circular,per_chunk,4,4
11571,19875,23791,16,0,0,layered_block,circular,per_chunk,4,4
11572,12292,16125,16,0,0,layered_block,circular,per_chunk,4,4
11573,12084,16000,16,0,0,layered_block,circular,per_chunk,4,4
11574,12167,16042,16,0,0,layered_block,circular,per_chunk,4,4
11575,12084,16000,16,0,0,layered_block,circular,per_chunk,4,4
11576,12083,15958,16,0,0,layered_block,circular,per_chunk,4,4
11577,12083,16000,16,0,0,layered_block,circular,per_chunk,4,4
11578,12167,15959,16,0,0,layered_block,circular,per_chunk,4,4
11579,12041,15958,16,0,0,layered_block,circular,per_chunk,4,4
11580,19458,23416,16,0,0,layered_block,circular,per_chunk,4,4
11581,11917,16042,16,0,0,layered_block,circular,per_chunk,4,4
11582,12250,16084,16,0,0,layered_block,circular,per_chunk,4,4
11583,12125,15959,16,0,0,layered_block,circular,per_chunk,4,4
11584,12084,15958,16,0,0,layered_block,circular,per_chunk,4,4
11585,12292,16209,16,0,0,layered_block,circular,per_chunk,4,4
11586,12208,16083,16,0,0,layered_block,circular,per_chunk,4,4
11587,12083,15875,16,0,0,layered_block,circular,per_chunk,4,4
11588,12333,16083,16,0,0,layered_block,circular,per_chunk,4,4
11589,12292,16167,16,0,0,layered_block,circular,per_chunk,4,4
11590,21000,24875,16,0,0,layered_block,circular,per_chunk,4,4
11591,12500,16416,16,0,0,layered_block,circular,per_chunk,4,4
11592,12125,15917,16,0,0,layered_block,circular,per_chunk,4,4
11593,18875,22709,16,0,0,layered_block,circular,per_chunk,4,4
11594,12375,16167,16,0,0,layered_block,circular,per_chunk,4,4
11595,12125,15959,16,0,0,layered_block,circular,per_chunk,4,4
11596,12042,15917,16,0,0,layered_block,circular,per_chunk,4,4
11597,12125,16000,16,0,0,layered_block,circular,per_chunk,4,4
11598,12625,16417,16,0,0,layered_block,circular,per_chunk,4,4
11599,12042,15917,16,0,0,layered_block,circular,per_chunk,4,4
11600,12083,15916,16,0,0,layered_block,circular,per_chunk,4,4
11601,12042,15917,16,0,0,layered_block,circular,per_chunk,4,4
11602,11916,16000,16,0,0,layered_block,circular,per_chunk,4,4
11603,12333,16208,16,0,0,layered_block,circular,per_chunk,4,4
11604,12125,15875,16,0,0,layered_block,circular,per_chunk,4,4
11605,12166,16083,16,0,0,layered_block,circular,per_chunk,4,4
11606,12042,15875,16,0,0,layered_block,circular,per_chunk,4,4
11607,12208,16125,16,0,0,layered_block,circular,per_chunk,4,4
11608,12250,16167,16,0,0,layered_block,circular,per_chunk,4,4
11609,12125,16000,16,0,0,layered_block,circular,per_chunk,4,4
11610,12166,16042,16,0,0,layered_block,circular,per_chunk,4,4
11611,12334,16208,16,0,0,layered_block,circular,per_chunk,4,4
11612,12375,16250,16,0,0,layered_block,circular,per_chunk,4,4
11613,12375,16166,16,0,0,layered_block,circular,per_chunk,4,4
11614,12250,16125,16,0,0,layered_block,circular,per_chunk,4,4
11615,12125,15916,16,0,0,layered_block,circular,per_chunk,4,4
11616,12125,15917,16,0,0,layered_block,circular,per_chunk,4,4
11617,12000,15875,16,0,0,layered_block,circular,per_chunk,4,4
11618,11833,15833,16,0,0,layered_block,circular,per_chunk,4,4
11619,12000,15875,16,0,0,layered_block,circular,per_chunk,4,4
11620,12250,16083,16,0,0,layered_block,circular,per_chunk,4,4
11621,12167,15959,16,0,0,layered_block,circular,per_chunk,4,4
11622,12083,16000,16,0,0,layered_block,circular,per_chunk,4,4
11623,12209,16000,16,0,0,layered_block,circular,per_chunk,4,4
11624,12042,15959,16,0,0,layered_block,circular,per_chunk,4,4
11625,12042,15958,16,0,0,layered_block,circular,per_chunk,4,4
11626,12209,15959,16,0,0,layered_block,circular,per_chunk,4,4
11627,12125,15958,16,0,0,layered_block,circular,per_chunk,4,4
11628,12083,15958,16,0,0,layered_block,circular,per_chunk,4,4
11629,12209,16041,16,0,0,layered_block,circular,per_chunk,4,4
11630,12209,16000,16,0,0,layered_block,circular,per_chunk,4,4
11631,12084,15959,16,0,0,layered_block,circular,per_chunk,4,4
11632,12250,16042,16,0,0,layered_block,circular,per_chunk,4,4
11633,12000,15917,16,0,0,layered_block,circular,per_chunk,4,4
11634,12000,15916,16,0,0,layered_block,circular,per_chunk,4,4
11635,12083,15917,16,0,0,layered_block,circular,per_chunk,4,4
11636,12375,16208,16,0,0,layered_block,circular,per_chunk,4,4
11637,12208,16000,16,0,0,layered_block,circular,per_chunk,4,4
11638,12084,15958,16,0,0,layered_block,circular,per_chunk,4,4
11639,12167,15959,16,0,0,layered_block,circular,per_chunk,4,4
11640,12041,15958,16,0,0,layered_block,circular,per_chunk,4,4
11641,12333,16292,16,0,0,layered_block,circular,per_chunk,4,4
11642,12083,15916,16,0,0,layered_block,circular,per_chunk,4,4
11643,12042,15917,16,0,0,layered_block,circular,per_chunk,4,4
11644,12166,15958,16,0,0,layered_block,circular,per_chunk,4,4
11645,12125,15958,16,0,0,layered_block,circular,per_chunk,4,4
11646,12041,16000,16,0,0,layered_block,circular,per_chunk,4,4
11647,12125,16083,16,0,0,layered_block,circular,per_chunk,4,4
11648,12083,15959,16,0,0,layered_block,circular,per_chunk,4,4
11649,12083,15959,16,0,0,layered_block,circular,per_chunk,4,4
11650,12083,16000,16,0,0,layered_block,circular,per_chunk,4,4
11651,12333,16209,16,0,0,layered_block,circular,per_chunk,4,4
11652,12083,16000,16,0,0,layered_block,circular,per_chunk,4,4
11653,12208,16042,16,0,0,layered_block,circular,per_chunk,4,4
11654,18958,22875,16,0,0,layered_block,circular,per_chunk,4,4
11655,12083,15959,16,0,0,layered_block,circular,per_chunk,4,4
11656,12000,16041,16,0,0,layered_block,circular,per_chunk,4,4
11657,12083,15917,16,0,0,layered_block,circular,per_chunk,4,4
11658,12208,16000,16,0,0,layered_block,circular,per_chunk,4,4
11659,12250,16208,16,0,0,layered_block,circular,per_chunk,4,4
11660,12875,16708,16,0,0,layered_block,circular,per_chunk,4,4
11661,12209,15959,16,0,0,layered_block,circular,per_chunk,4,4
11662,12375,16292,16,0,0,layered_block,circular,per_chunk,4,4
11663,20417,24292,16,0,0,layered_block,circular,per_chunk,4,4
11664,12083,15917,16,0,0,layered_block,circular,per_chunk,4,4
11665,12000,15875,16,0,0,layered_block,circular,per_chunk,4,4
11666,12375,16166,16,0,0,layered_block,circular,per_chunk,4,4
11667,12084,15917,16,0,0,layered_block,circular,per_chunk,4,4
11668,12042,15875,16,0,0,layered_block,circular,per_chunk,4,4
11669,12084,16000,16,0,0,layered_block,circular,per_chunk,4,4
11670,12209,16000,16,0,0,layered_block,circular,per_chunk,4,4
11671,12292,16208,16,0,0,layered_block,circular,per_chunk,4,4
11672,12250,16125,16,0,0,layered_block,circular,per_chunk,4,4
11673,18084,22041,16,0,0,layered_block,circular,per_chunk,4,4
11674,12042,15959,16,0,0,layered_block,circular,per_chunk,4,4
11675,11917,16041,16,0,0,layered_block,circular,per_chunk,4,4
11676,12208,16042,16,0,0,layered_block,circular,per_chunk,4,4
11677,12167,16083,16,0,0,layered_block,circular,per_chunk,4,4
11678,12125,16083,16,0,0,layered_block,circular,per_chunk,4,4
11679,20584,24458,16,0,0,layered_block,circular,per_chunk,4,4
11680,12125,15959,16,0,0,layered_block,circular,per_chunk,4,4
11681,12042,16000,16,0,0,layered_block,circular,per_chunk,4,4
11682,19542,23500,16,0,0,layered_block,circular,per_chunk,4,4
11683,12167,16000,16,0,0,layered_block,circular,per_chunk,4,4
11684,12208,16125,16,0,0,layered_block,circular,per_chunk,4,4
11685,12042,15917,16,0,0,layered_block,circular,per_chunk,4,4
11686,12208,15958,16,0,0,layered_block,circular,per_chunk,4,4
11687,12291,16083,16,0,0,layered_block,circular,per_chunk,4,4
11688,12042,15959,16,0,0,layered_block,circular,per_chunk,4,4
11689,12333,16167,16,0,0,layered_block,circular,per_chunk,4,4
11690,13000,16875,16,0,0,layered_block,circular,per_chunk,4,4
11691,12333,16250,16,0,0,layered_block,circular,per_chunk,4,4
11692,17584,21792,16,0,0,layered_block,circular,per_chunk,4,4
11693,12125,16000,16,0,0,layered_block,circular,per_chunk,4,4
11694,12084,15959,16,0,0,layered_block,circular,per_chunk,4,4
11695,12125,15958,16,0,0,layered_block,circular,per_chunk,4,4
11696,12167,16000,16,0,0,layered_block,circular,per_chunk,4,4
11697,11875,16000,16,0,0,layered_block,circular,per_chunk,4,4
11698,12042,15917,16,0,0,layered_block,circular,per_chunk,4,4
11699,12125,15875,16,0,0,layered_block,circular,per_chunk,4,4
11700,12583,16458,16,0,0,layered_block,circular,per_chunk,4,4
11701,12291,16083,16,0,0,layered_block,circular,per_chunk,4,4
11702,12167,15958,16,0,0,layered_block,circular,per_chunk,4,4
11703,12042,15917,16,0,0,layered_block,circular,per_chunk,4,4
11704,12125,16084,16,0,0,layered_block,circular,per_chunk,4,4
11705,12125,89709,16,0,0,layered_block,circular,per_chunk,4,4
11706,12167,16042,16,0,0,layered_block,circular,per_chunk,4,4
11707,12042,15917,16,0,0,layered_block,circular,per_chunk,4,4
11708,12083,15917,16,0,0,layered_block,circular,per_chunk,4,4
11709,12167,16000,16,0,0,layered_block,circular,per_chunk,4,4
11710,12084,15959,16,0,0,layered_block,circular,per_chunk,4,4
11711,19250,23041,16,0,0,layered_block,circular,per_chunk,4,4
11712,12208,16000,16,0,0,layered_block,circular,per_chunk,4,4
11713,12167,16041,16,0,0,layered_block,circular,per_chunk,4,4
11714,12125,16000,16,0,0,layered_block,circular,per_chunk,4,4
11715,12250,16125,16,0,0,layered_block,circular,per_chunk,4,4
11716,12167,16000,16,0,0,layered_block,circular,per_chunk,4,4
11717,12042,15959,16,0,0,layered_block,circular,per_chunk,4,4
11718,12167,16042,16,0,0,layered_block,circular,per_chunk,4,4
11719,12333,16167,16,0,0,layered_block,circular,per_chunk,4,4
11720,12125,16042,16,0,0,layered_block,circular,per_chunk,4,4
11721,19792,23625,16,0,0,layered_block,circular,per_chunk,4,4
11722,12125,16000,16,0,0,layered_block,circular,per_chunk,4,4
11723,12083,16000,16,0,0,layered_block,circular,per_chunk,4,4
11724,12041,15917,16,0,0,layered_block,circular,per_chunk,4,4
11725,12083,15917,16,0,0,layered_block,circular,per_chunk,4,4
11726,12167,16000,16,0,0,layered_block,circular,per_chunk,4,4
11727,12084,15959,16,0,0,layered_block,circular,per_chunk,4,4
11728,12208,16000,16,0,0,layered_block,circular,per_chunk,4,4
11729,12125,16000,16,0,0,layered_block,circular,per_chunk,4,4
11730,12750,22708,16,0,0,layered_block,circular,per_chunk,4,4
11731,12125,15958,16,0,0,layered_block,circular,per_chunk,4,4
11732,12209,15959,16,0,0,layered_block,circular,per_chunk,4,4
11733,11875,15959,16,0,0,layered_block,circular,per_chunk,4,4
11734,12083,16000,16,0,0,layered_block,circular,per_chunk,4,4
11735,12209,16125,16,0,0,layered_block,circular,per_chunk,4,4
11736,12041,15958,16,0,0,layered_block,circular,per_chunk,4,4
11737,12125,16083,16,0,0,layered_block,circular,per_chunk,4,4
11738,12208,16167,16,0,0,layered_block,circular,per_chunk,4,4
11739,12042,15917,16,0,0,layered_block,circular,per_chunk,4,4
11740,12167,15959,16,0,0,layered_block,circular,per_chunk,4,4
11741,12083,15958,16,0,0,layered_block,circular,per_chunk,4,4
11742,12208,16000,16,0,0,layered_block,circular,per_chunk,4,4
11743,12208,16125,16,0,0,layered_block,circular,per_chunk,4,4
11744,12167,15958,16,0,0,layered_block,circular,per_chunk,4,4
11745,12208,15958,16,0,0,layered_block,circular,per_chunk,4,4
11746,12166,16083,16,0,0,layered_block,circular,per_chunk,4,4
11747,12000,15917,16,0,0,layered_block,circular,per_chunk,4,4
11748,12167,16000,16,0,0,layered_block,circular,per_chunk,4,4
11749,12166,16125,16,0,0,layered_block,circular,per_chunk,4,4
11750,12042,15917,16,0,0,layered_block,circular,per_chunk,4,4
11751,12292,16125,16,0,0,layered_block,circular,per_chunk,4,4
11752,12125,15958,16,0,0,layered_block,circular,per_chunk,4,4
11753,12125,15958,16,0,0,layered_block,circular,per_chunk,4,4
11754,12084,15917,16,0,0,layered_block,circular,per_chunk,4,4
11755,12667,16459,16,0,0,layered_block,circular,per_chunk,4,4
11756,60208,64208,16,0,0,layered_block,circular,per_chunk,4,4
11757,12125,15959,16,0,0,layered_block,circular,per_chunk,4,4
11758,12125,15958,16,0,0,layered_block,circular,per_chunk,4,4
11759,12167,16083,16,0,0,layered_block,circular,per_chunk,4,4
11760,12250,16167,16,0,0,layered_block,circular,per_chunk,4,4
11761,12084,15958,16,0,0,layered_block,circular,per_chunk,4,4
11762,12084,15959,16,0,0,layered_block,circular,per_chunk,4,4
11763,12417,16208,16,0,0,layered_block,circular,per_chunk,4,4
11764,12041,15917,16,0,0,layered_block,circular,per_chunk,4,4
11765,12000,15917,16,0,0,layered_block,circular,per_chunk,4,4
11766,20333,24208,16,0,0,layered_block,circular,per_chunk,4,4
11767,12041,15958,16,0,0,layered_block,circular,per_chunk,4,4
11768,12417,16334,16,0,0,layered_block,circular,per_chunk,4,4
11769,12083,15917,16,0,0,layered_block,circular,per_chunk,4,4
11770,12083,15959,16,0,0,layered_block,circular,per_chunk,4,4
11771,12208,16000,16,0,0,layered_block,circular,per_chunk,4,4
11772,12083,15958,16,0,0,layered_block,circular,per_chunk,4,4
11773,12041,15917,16,0,0,layered_block,circular,per_chunk,4,4
11774,12167,16000,16,0,0,layered_block,circular,per_chunk,4,4
11775,12250,16041,16,0,0,layered_block,circular,per_chunk,4,4
11776,12334,16125,16,0,0,layered_block,circular,per_chunk,4,4
11777,12250,16125,16,0,0,layered_block,circular,per_chunk,4,4
11778,12250,16125,16,0,0,layered_block,circular,per_chunk,4,4
11779,12125,16000,16,0,0,layered_block,circular,per_chunk,4,4
11780,12542,16417,16,0,0,layered_block,circular,per_chunk,4,4
11781,12208,16042,16,0,0,layered_block,circular,per_chunk,4,4
11782,12125,15958,16,0,0,layered_block,circular,per_chunk,4,4
11783,12000,15917,16,0,0,layered_block,circular,per_chunk,4,4
11784,12084,15917,16,0,0,layered_block,circular,per_chunk,4,4
11785,12083,16000,16,0,0,layered_block,circular,per_chunk,4,4
11786,12000,15875,16,0,0,layered_block,circular,per_chunk,4,4
11787,12291,16167,16,0,0,layered_block,circular,per_chunk,4,4
11788,12125,15959,16,0,0,layered_block,circular,per_chunk,4,4
11789,12417,16333,16,0,0,layered_block,circular,per_chunk,4,4
11790,12209,16083,16,0,0,layered_block,circular,per_chunk,4,4
11791,12167,15958,16,0,0,layered_block,circular,per_chunk,4,4
11792,12125,16000,16,0,0,layered_block,circular,per_chunk,4,4
11793,20333,24292,16,0,0,layered_block,circular,per_chunk,4,4
11794,12375,16125,16,0,0,layered_block,circular,per_chunk,4,4
11795,12125,16000,16,0,0,layered_block,circular,per_chunk,4,4
11796,12000,15917,16,0,0,layered_block,circular,per_chunk,4,4
11797,12125,15958,16,0,0,layered_block,circular,per_chunk,4,4
11798,12125,16042,16,0,0,layered_block,circular,per_chunk,4,4
11799,12000,15958,16,0,0,layered_block,circular,per_chunk,4,4
11800,12167,15958,16,0,0,layered_block,circular,per_chunk,4,4
11801,12083,16042,16,0,0,layered_block,circular,per_chunk,4,4
11802,13083,23375,16,0,0,layered_block,circular,per_chunk,4,4
11803,12333,16167,16,0,0,layered_block,circular,per_chunk,4,4
11804,12125,16000,16,0,0,layered_block,circular,per_chunk,4,4
11805,11917,15916,16,0,0,layered_block,circular,per_chunk,4,4
11806,12125,15958,16,0,0,layered_block,circular,per_chunk,4,4
11807,12041,15958,16,0,0,layered_block,circular,per_chunk,4,4
11808,12334,16166,16,0,0,layered_block,circular,per_chunk,4,4
11809,12083,15958,16,0,0,layered_block,circular,per_chunk,4,4
11810,12291,16167,16,0,0,layered_block,circular,per_chunk,4,4
11811,12167,16041,16,0,0,layered_block,circular,per_chunk,4,4
11812,12250,16083,16,0,0,layered_block,circular,per_chunk,4,4
11813,12375,16250,16,0,0,layered_block,circular,per_chunk,4,4
11814,12208,16125,16,0,0,layered_block,circular,per_chunk,4,4
11815,12167,15958,16,0,0,layered_block,circular,per_chunk,4,4
11816,12500,16333,16,0,0,layered_block,circular,per_chunk,4,4
11817,11750,15875,16,0,0,layered_block,circular,per_chunk,4,4
11818,12125,16000,16,0,0,layered_block,circular,per_chunk,4,4
11819,12084,15917,16,0,0,layered_block,circular,per_chunk,4,4
11820,12125,16000,16,0,0,layered_block,circular,per_chunk,4,4
11821,12083,15916,16,0,0,layered_block,circular,per_chunk,4,4
11822,12042,15959,16,0,0,layered_block,circular,per_chunk,4,4
11823,12084,15916,16,0,0,layered_block,circular,per_chunk,4,4
11824,12041,15916,16,0,0,layered_block,circular,per_chunk,4,4
11825,12084,15958,16,0,0,layered_block,circular,per_chunk,4,4
11826,12042,15959,16,0,0,layered_block,circular,per_chunk,4,4
11827,12083,15958,16,0,0,layered_block,circular,per_chunk,4,4
11828,12125,15958,16,0,0,layered_block,circular,per_chunk,4,4
11829,12000,15875,16,0,0,layered_block,circular,per_chunk,4,4
11830,12000,15875,16,0,0,layered_block,circular,per_chunk,4,4
11831,12083,15875,16,0,0,layered_block,circular,per_chunk,4,4
11832,12166,15958,16,0,0,layered_block,circular,per_chunk,4,4
11833,12083,15958,16,0,0,layered_block,circular,per_chunk,4,4
11834,11959,15875,16,0,0,layered_block,circular,per_chunk,4,4
11835,12083,15959,16,0,0,layered_block,circular,per_chunk,4,4
11836,12500,16375,16,0,0,layered_block,circular,per_chunk,4,4
11837,12041,16125,16,0,0,layered_block,circular,per_chunk,4,4
11838,12167,16042,16,0,0,layered_block,circular,per_chunk,4,4
11839,12209,16041,16,0,0,layered_block,circular,per_chunk,4,4
11840,12042,15875,16,0,0,layered_block,circular,per_chunk,4,4
11841,11875,15958,16,0,0,layered_block,circular,per_chunk,4,4
11842,12042,15875,16,0,0,layered_block,circular,per_chunk,4,4
11843,12042,15917,16,0,0,layered_block,circular,per_chunk,4,4
11844,12291,16208,16,0,0,layered_block,circular,per_chunk,4,4
11845,12000,15833,16,0,0,layered_block,circular,per_chunk,4,4
11846,12125,15917,16,0,0,layered_block,circular,per_chunk,4,4
11847,12125,16042,16,0,0,layered_block,circular,per_chunk,4,4
11848,12166,16000,16,0,0,layered_block,circular,per_chunk,4,4
11849,12125,16041,16,0,0,layered_block,circular,per_chunk,4,4
11850,12000,16167,16,0,0,layered_block,circular,per_chunk,4,4
11851,12041,15916,16,0,0,layered_block,circular,per_chunk,4,4
11852,12042,15916,16,0,0,layered_block,circular,per_chunk,4,4
11853,12083,15958,16,0,0,layered_block,circular,per_chunk,4,4
11854,12125,15875,16,0,0,layered_block,circular,per_chunk,4,4
11855,12083,15917,16,0,0,layered_block,circular,per_chunk,4,4
11856,12292,16167,16,0,0,layered_block,circular,per_chunk,4,4
11857,12041,15875,16,0,0,layered_block,circular,per_chunk,4,4
11858,12167,16000,16,0,0,layered_block,circular,per_chunk,4,4
11859,12333,16208,16,0,0,layered_block,circular,per_chunk,4,4
11860,12041,15875,16,0,0,layered_block,circular,per_chunk,4,4
11861,12042,15959,16,0,0,layered_block,circular,per_chunk,4,4
11862,12042,15875,16,0,0,layered_block,circular,per_chunk,4,4
11863,12167,15959,16,0,0,layered_block,circular,per_chunk,4,4
11864,12000,15917,16,0,0,layered_block,circular,per_chunk,4,4
11865,17500,21500,16,0,0,layered_block,circular,per_chunk,4,4
11866,12083,15875,16,0,0,layered_block,circular,per_chunk,4,4
11867,12083,16083,16,0,0,layered_block,circular,per_chunk,4,4
11868,12083,15916,16,0,0,layered_block,circular,per_chunk,4,4
11869,12625,16500,16,0,0,layered_block,circular,per_chunk,4,4
11870,12167,16125,16,0,0,layered_block,circular,per_chunk,4,4
11871,12167,16000,16,0,0,layered_block,circular,per_chunk,4,4
11872,12167,15958,16,0,0,layered_block,circular,per_chunk,4,4
11873,11875,15916,16,0,0,layered_block,circular,per_chunk,4,4
11874,12042,15916,16,0,0,layered_block,circular,per_chunk,4,4
11875,12333,16166,16,0,0,layered_block,circular,per_chunk,4,4
11876,12458,16250,16,0,0,layered_block,circular,per_chunk,4,4
11877,12084,15917,16,0,0,layered_block,circular,per_chunk,4,4
11878,12084,16000,16,0,0,layered_block,circular,per_chunk,4,4
11879,12000,15917,16,0,0,layered_block,circular,per_chunk,4,4
11880,12084,15958,16,0,0,layered_block,circular,per_chunk,4,4
11881,12125,15916,16,0,0,layered_block,circular,per_chunk,4,4
11882,12083,16000,16,0,0,layered_block,circular,per_chunk,4,4
11883,12375,16250,16,0,0,layered_block,circular,per_chunk,4,4
11884,12042,15875,16,0,0,layered_block,circular,per_chunk,4,4
11885,12083,16000,16,0,0,layered_block,circular,per_chunk,4,4
11886,12209,16083,16,0,0,layered_block,circular,per_chunk,4,4
11887,11958,15875,16,0,0,layered_block,circular,per_chunk,4,4
11888,19208,23125,16,0,0,layered_block,circular,per_chunk,4,4
11889,12084,15959,16,0,0,layered_block,circular,per_chunk,4,4
11890,12291,16166,16,0,0,layered_block,circular,per_chunk,4,4
11891,19833,23750,16,0,0,layered_block,circular,per_chunk,4,4
11892,12042,15959,16,0,0,layered_block,circular,per_chunk,4,4
11893,11791,15875,16,0,0,layered_block,circular,per_chunk,4,4
11894,12125,16000,16,0,0,layered_block,circular,per_chunk,4,4
11895,12000,15959,16,0,0,layered_block,circular,per_chunk,4,4
11896,11875,15916,16,0,0,layered_block,circular,per_chunk,4,4
11897,12250,16083,16,0,0,layered_block,circular,per_chunk,4,4
11898,12083,16042,16,0,0,layered_block,circular,per_chunk,4,4
11899,19458,23292,16,0,0,layered_block,circular,per_chunk,4,4
11900,12083,15916,16,0,0,layered_block,circular,per_chunk,4,4
11901,12125,16000,16,0,0,layered_block,circular,per_chunk,4,4
11902,12042,15875,16,0,0,layered_block,circular,per_chunk,4,4
11903,12583,16500,16,0,0,layered_block,circular,per_chunk,4,4
11904,12209,16000,16,0,0,layered_block,circular,per_chunk,4,4
11905,12083,15916,16,0,0,layered_block,circular,per_chunk,4,4
11906,12333,16167,16,0,0,layered_block,circular,per_chunk,4,4
11907,12875,17083,16,0,0,layered_block,circular,per_chunk,4,4
11908,12083,15959,16,0,0,layered_block,circular,per_chunk,4,4
11909,11958,15917,16,0,0,layered_block,circular,per_chunk,4,4
11910,12083,15917,16,0,0,layered_block,circular,per_chunk,4,4
11911,12167,16042,16,0,0,layered_block,circular,per_chunk,4,4
11912,12208,16042,16,0,0,layered_block,circular,per_chunk,4,4
11913,12125,15958,16,0,0,layered_block,circular,per_chunk,4,4
11914,11875,15875,16,0,0,layered_block,circular,per_chunk,4,4
11915,12125,15875,16,0,0,layered_block,circular,per_chunk,4,4
11916,12041,15917,16,0,0,layered_block,circular,per_chunk,4,4
11917,11917,15792,16,0,0,layered_block,circular,per_chunk,4,4
11918,12500,16375,16,0,0,layered_block,circular,per_chunk,4,4
11919,11959,15917,16,0,0,layered_block,circular,per_chunk,4,4
11920,12083,15958,16,0,0,layered_block,circular,per_chunk,4,4
11921,12000,15917,16,0,0,layered_block,circular,per_chunk,4,4
11922,12125,15958,16,0,0,layered_block,circular,per_chunk,4,4
11923,60042,64167,16,0,0,layered_block,circular,per_chunk,4,4
11924,12000,15917,16,0,0,layered_block,circular,per_chunk,4,4
11925,12042,15916,16,0,0,layered_block,circular,per_chunk,4,4
11926,12041,15917,16,0,0,layered_block,circular,per_chunk,4,4
11927,19000,22875,16,0,0,layered_block,circular,per_chunk,4,4
11928,12042,15917,16,0,0,layered_block,circular,per_chunk,4,4
11929,12084,16000,16,0,0,layered_block,circular,per_chunk,4,4
11930,12250,16042,16,0,0,layered_block,circular,per_chunk,4,4
11931,12250,16000,16,0,0,layered_block,circular,per_chunk,4,4
11932,12459,16500,16,0,0,layered_block,circular,per_chunk,4,4
11933,12208,16000,16,0,0,layered_block,circular,per_chunk,4,4
11934,12083,16000,16,0,0,layered_block,circular,per_chunk,4,4
11935,12041,15875,16,0,0,layered_block,circular,per_chunk,4,4
11936,12042,16000,16,0,0,layered_block,circular,per_chunk,4,4
11937,12167,15959,16,0,0,layered_block,circular,per_chunk,4,4
11938,12125,16000,16,0,0,layered_block,circular,per_chunk,4,4
11939,12042,15875,16,0,0,layered_block,circular,per_chunk,4,4
11940,12166,16042,16,0,0,layered_block,circular,per_chunk,4,4
11941,12166,15958,16,0,0,layered_block,circular,per_chunk,4,4
11942,12042,16000,16,0,0,layered_block,circular,per_chunk,4,4
11943,18250,22625,16,0,0,layered_block,circular,per_chunk,4,4
11944,12125,15917,16,0,0,layered_block,circular,per_chunk,4,4
11945,11958,15875,16,0,0,layered_block,circular,per_chunk,4,4
11946,12000,15875,16,0,0,layered_block,circular,per_chunk,4,4
11947,12000,15958,16,0,0,layered_block,circular,per_chunk,4,4
11948,12125,15916,16,0,0,layered_block,circular,per_chunk,4,4
11949,12125,15875,16,0,0,layered_block,circular,per_chunk,4,4
11950,11792,15916,16,0,0,layered_block,circular,per_chunk,4,4
11951,12209,16000,16,0,0,layered_block,circular,per_chunk,4,4
11952,12166,16041,16,0,0,layered_block,circular,per_chunk,4,4
11953,12041,15916,16,0,0,layered_block,circular,per_chunk,4,4
11954,12042,15875,16,0,0,layered_block,circular,per_chunk,4,4
11955,12125,15916,16,0,0,layered_block,circular,per_chunk,4,4
11956,12375,16250,16,0,0,layered_block,circular,per_chunk,4,4
11957,12458,16333,16,0,0,layered_block,circular,per_chunk,4,4
11958,12125,15917,16,0,0,layered_block,circular,per_chunk,4,4
11959,12083,16000,16,0,0,layered_block,circular,per_chunk,4,4
11960,12125,16000,16,0,0,layered_block,circular,per_chunk,4,4
11961,12042,15958,16,0,0,layered_block,circular,per_chunk,4,4
11962,12041,15958,16,0,0,layered_block,circular,per_chunk,4,4
11963,12125,15958,16,0,0,layered_block,circular,per_chunk,4,4
11964,12042,15875,16,0,0,layered_block,circular,per_chunk,4,4
11965,12166,16000,16,0,0,layered_block,circular,per_chunk,4,4
11966,12167,15917,16,0,0,layered_block,circular,per_chunk,4,4
11967,12083,16000,16,0,0,layered_block,circular,per_chunk,4,4
11968,12042,15917,16,0,0,layered_block,circular,per_chunk,4,4
11969,12125,15917,16,0,0,layered_block,circular,per_chunk,4,4
11970,12084,16000,16,0,0,layered_block,circular,per_chunk,4,4
11971,12250,16000,16,0,0,layered_block,circular,per_chunk,4,4
11972,12167,16041,16,0,0,layered_block,circular,per_chunk,4,4
11973,12000,15875,16,0,0,layered_block,circular,per_chunk,4,4
11974,12375,16292,16,0,0,layered_block,circular,per_chunk,4,4
11975,12000,15917,16,0,0,layered_block,circular,per_chunk,4,4
11976,12125,16042,16,0,0,layered_block,circular,per_chunk,4,4
11977,12625,16792,16,0,0,layered_block,circular,per_chunk,4,4
11978,12417,16209,16,0,0,layered_block,circular,per_chunk,4,4
11979,12125,16000,16,0,0,layered_block,circular,per_chunk,4,4
11980,18500,22792,16,0,0,layered_block,circular,per_chunk,4,4
11981,12125,15917,16,0,0,layered_block,circular,per_chunk,4,4
11982,11917,15917,16,0,0,layered_block,circular,per_chunk,4,4
11983,12042,15916,16,0,0,layered_block,circular,per_chunk,4,4
11984,12083,15916,16,0,0,layered_block,circular,per_chunk,4,4
11985,12125,16000,16,0,0,layered_block,circular,per_chunk,4,4
11986,12125,16042,16,0,0,layered_block,circular,per_chunk,4,4
11987,12041,15875,16,0,0,layered_block,circular,per_chunk,4,4
11988,12250,16167,16,0,0,layered_block,circular,per_chunk,4,4
11989,12125,15958,16,0,0,layered_block,circular,per_chunk,4,4
11990,12125,16042,16,0,0,layered_block,circular,per_chunk,4,4
11991,12333,16250,16,0,0,layered_block,circular,per_chunk,4,4
11992,12041,15917,16,0,0,layered_block,circular,per_chunk,4,4
11993,11833,15917,16,0,0,layered_block,circular,per_chunk,4,4
11994,12041,15958,16,0,0,layered_block,circular,per_chunk,4,4
11995,12041,15917,16,0,0,layered_block,circular,per_chunk,4,4
11996,12125,16042,16,0,0,layered_block,circular,per_chunk,4,4
11997,12167,15958,16,0,0,layered_block,circular,per_chunk,4,4
11998,12042,15917,16,0,0,layered_block,circular,per_chunk,4,4
11999,12042,15958,16,0,0,layered_block,circular,per_chunk,4,4
12000,12125,15958,16,0,0,layered_block,circular,per_chunk,4,4
12001,12167,16000,16,0,0,layered_block,circular,per_chunk,4,4
12002,12084,15958,16,0,0,layered_block,circular,per_chunk,4,4
12003,12084,15917,16,0,0,layered_block,circular,per_chunk,4,4
12004,12208,15958,16,0,0,layered_block,circular,per_chunk,4,4
12005,12042,16000,16,0,0,layered_block,circular,per_chunk,4,4
12006,12083,15958,16,0,0,layered_block,circular,per_chunk,4,4
12007,12042,15917,16,0,0,layered_block,circular,per_chunk,4,4
12008,12083,15959,16,0,0,layered_block,circular,per_chunk,4,4
12009,12084,15917,16,0,0,layered_block,circular,per_chunk,4,4
12010,12125,16000,16,0,0,layered_block,circular,per_chunk,4,4
12011,12167,15959,16,0,0,layered_block,circular,per_chunk,4,4
12012,12125,15958,16,0,0,layered_block,circular,per_chunk,4,4
12013,12083,15916,16,0,0,layered_block,circular,per_chunk,4,4
12014,12125,15958,16,0,0,layered_block,circular,per_chunk,4,4
12015,12500,16375,16,0,0,layered_block,circular,per_chunk,4,4
12016,19250,23250,16,0,0,layered_block,circular,per_chunk,4,4
12017,12125,16000,16,0,0,layered_block,circular,per_chunk,4,4
12018,12041,15916,16,0,0,layered_block,circular,per_chunk,4,4
12019,12125,15958,16,0,0,layered_block,circular,per_chunk,4,4
12020,12083,15958,16,0,0,layered_block,circular,per_chunk,4,4
12021,12042,15959,16,0,0,layered_block,circular,per_chunk,4,4
12022,12042,15875,16,0,0,layered_block,circular,per_chunk,4,4
12023,12042,15959,16,0,0,layered_block,circular,per_chunk,4,4
12024,12042,15959,16,0,0,layered_block,circular,per_chunk,4,4
12025,12041,15875,16,0,0,layered_block,circular,per_chunk,4,4
12026,12250,16084,16,0,0,layered_block,circular,per_chunk,4,4
12027,12041,15958,16,0,0,layered_block,circular,per_chunk,4,4
12028,12125,15875,16,0,0,layered_block,circular,per_chunk,4,4
12029,12041,15958,16,0,0,layered_block,circular,per_chunk,4,4
12030,12125,15958,16,0,0,layered_block,circular,per_chunk,4,4
12031,12000,16083,16,0,0,layered_block,circular,per_chunk,4,4
12032,12125,15917,16,0,0,layered_block,circular,per_chunk,4,4
12033,12083,15958,16,0,0,layered_block,circular,per_chunk,4,4
12034,12084,15917,16,0,0,layered_block,circular,per_chunk,4,4
12035,12041,15916,16,0,0,layered_block,circular,per_chunk,4,4
12036,12167,15917,16,0,0,layered_block,circular,per_chunk,4,4
12037,12042,15959,16,0,0,layered_block,circular,per_chunk,4,4
12038,12708,16875,16,0,0,layered_block,circular,per_chunk,4,4
12039,12042,16000,16,0,0,layered_block,circular,per_chunk,4,4
12040,12083,16000,16,0,0,layered_block,circular,per_chunk,4,4
12041,19375,23208,16,0,0,layered_block,circular,per_chunk,4,4
12042,12083,15958,16,0,0,layered_block,circular,per_chunk,4,4
12043,12042,15959,16,0,0,layered_block,circular,per_chunk,4,4
12044,12041,15917,16,0,0,layered_block,circular,per_chunk,4,4
12045,12083,16000,16,0,0,layered_block,circular,per_chunk,4,4
12046,12166,16000,16,0,0,layered_block,circular,per_chunk,4,4
12047,12083,15959,16,0,0,layered_block,circular,per_chunk,4,4
12048,12166,16083,16,0,0,layered_block,circular,per_chunk,4,4
12049,12209,16083,16,0,0,layered_block,circular,per_chunk,4,4
12050,12167,16000,16,0,0,layered_block,circular,per_chunk,4,4
12051,12209,16083,16,0,0,layered_block,circular,per_chunk,4,4
12052,12125,16083,16,0,0,layered_block,circular,per_chunk,4,4
12053,12084,15916,16,0,0,layered_block,circular,per_chunk,4,4
12054,11959,16000,16,0,0,layered_block,circular,per_chunk,4,4
12055,12083,16000,16,0,0,layered_block,circular,per_chunk,4,4
12056,12125,16042,16,0,0,layered_block,circular,per_chunk,4,4
12057,12292,16291,16,0,0,layered_block,circular,per_chunk,4,4
12058,12042,15958,16,0,0,layered_block,circular,per_chunk,4,4
12059,12041,15958,16,0,0,layered_block,circular,per_chunk,4,4
12060,12084,16000,16,0,0,layered_block,circular,per_chunk,4,4
12061,12250,16125,16,0,0,layered_block,circular,per_chunk,4,4
12062,12084,16000,16,0,0,layered_block,circular,per_chunk,4,4
12063,12208,16083,16,0,0,layered_block,circular,per_chunk,4,4
12064,12125,16000,16,0,0,layered_block,circular,per_chunk,4,4
12065,12125,16250,16,0,0,layered_block,circular,per_chunk,4,4
12066,12125,15959,16,0,0,layered_block,circular,per_chunk,4,4
12067,12125,15959,16,0,0,layered_block,circular,per_chunk,4,4
12068,12125,15959,16,0,0,layered_block,circular,per_chunk,4,4
12069,12041,16000,16,0,0,layered_block,circular,per_chunk,4,4
12070,12125,16042,16,0,0,layered_block,circular,per_chunk,4,4
12071,11958,15959,16,0,0,layered_block,circular,per_chunk,4,4
12072,12000,16042,16,0,0,layered_block,circular,per_chunk,4,4
12073,12250,16083,16,0,0,layered_block,circular,per_chunk,4,4
12074,11958,16042,16,0,0,layered_block,circular,per_chunk,4,4
12075,12084,16000,16,0,0,layered_block,circular,per_chunk,4,4
12076,12333,16208,16,0,0,layered_block,circular,per_chunk,4,4
12077,12041,16000,16,0,0,layered_block,circular,per_chunk,4,4
12078,19834,23791,16,0,0,layered_block,circular,per_chunk,4,4
12079,12125,16042,16,0,0,layered_block,circular,per_chunk,4,4
12080,12042,15958,16,0,0,layered_block,circular,per_chunk,4,4
12081,12209,16084,16,0,0,layered_block,circular,per_chunk,4,4
12082,12000,15958,16,0,0,layered_block,circular,per_chunk,4,4
12083,12125,16042,16,0,0,layered_block,circular,per_chunk,4,4
12084,12125,15958,16,0,0,layered_block,circular,per_chunk,4,4
12085,12125,16000,16,0,0,layered_block,circular,per_chunk,4,4
12086,12000,15958,16,0,0,layered_block,circular,per_chunk,4,4
12087,12209,16000,16,0,0,layered_block,circular,per_chunk,4,4
12088,12084,16000,16,0,0,layered_block,circular,per_chunk,4,4
12089,12084,16000,16,0,0,layered_block,circular,per_chunk,4,4
12090,12125,16042,16,0,0,layered_block,circular,per_chunk,4,4
12091,12542,16416,16,0,0,layered_block,circular,per_chunk,4,4
12092,12291,16167,16,0,0,layered_block,circular,per_chunk,4,4
12093,12250,16042,16,0,0,layered_block,circular,per_chunk,4,4
12094,12000,15958,16,0,0,layered_block,circular,per_chunk,4,4
12095,12125,16084,16,0,0,layered_block,circular,per_chunk,4,4
12096,12125,16042,16,0,0,layered_block,circular,per_chunk,4,4
12097,12000,15958,16,0,0,layered_block,circular,per_chunk,4,4
12098,12167,16000,16,0,0,layered_block,circular,per_chunk,4,4
12099,12041,15958,16,0,0,layered_block,circular,per_chunk,4,4
12100,12083,16000,16,0,0,layered_block,circular,per_chunk,4,4
12101,12292,16208,16,0,0,layered_block,circular,per_chunk,4,4
12102,12084,16041,16,0,0,layered_block,circular,per_chunk,4,4
12103,12083,16000,16,0,0,layered_block,circular,per_chunk,4,4
12104,12125,16000,16,0,0,layered_block,circular,per_chunk,4,4
12105,12083,16000,16,0,0,layered_block,circular,per_chunk,4,4
12106,12750,17084,16,0,0,layered_block,circular,per_chunk,4,4
12107,12125,16042,16,0,0,layered_block,circular,per_chunk,4,4
12108,12125,16084,16,0,0,layered_block,circular,per_chunk,4,4
12109,12084,15958,16,0,0,layered_block,circular,per_chunk,4,4
12110,12208,16167,16,0,0,layered_block,circular,per_chunk,4,4
12111,11792,15750,16,0,0,layered_block,circular,per_chunk,4,4
12112,12083,16000,16,0,0,layered_block,circular,per_chunk,4,4
12113,12125,16000,16,0,0,layered_block,circular,per_chunk,4,4
12114,12166,16083,16,0,0,layered_block,circular,per_chunk,4,4
12115,12208,16041,16,0,0,layered_block,circular,per_chunk,4,4
12116,12084,16000,16,0,0,layered_block,circular,per_chunk,4,4
12117,12250,22166,16,0,0,layered_block,circular,per_chunk,4,4
12118,12250,16083,16,0,0,layered_block,circular,per_chunk,4,4
12119,12167,16125,16,0,0,layered_block,circular,per_chunk,4,4
12120,12541,16417,16,0,0,layered_block,circular,per_chunk,4,4
12121,12083,15959,16,0,0,layered_block,circular,per_chunk,4,4
12122,12084,16000,16,0,0,layered_block,circular,per_chunk,4,4
12123,12084,16000,16,0,0,layered_block,circular,per_chunk,4,4
12124,12208,16000,16,0,0,layered_block,circular,per_chunk,4,4
12125,12375,16417,16,0,0,layered_block,circular,per_chunk,4,4
12126,12042,15958,16,0,0,layered_block,circular,per_chunk,4,4
12127,12375,16292,16,0,0,layered_block,circular,per_chunk,4,4
12128,12166,16209,16,0,0,layered_block,circular,per_chunk,4,4
12129,12167,16041,16,0,0,layered_block,circular,per_chunk,4,4
12130,12042,16000,16,0,0,layered_block,circular,per_chunk,4,4
12131,12291,16208,16,0,0,layered_block,circular,per_chunk,4,4
12132,12375,16250,16,0,0,layered_block,circular,per_chunk,4,4
12133,12208,16125,16,0,0,layered_block,circular,per_chunk,4,4
12134,12666,16875,16,0,0,layered_block,circular,per_chunk,4,4
12135,12125,16000,16,0,0,layered_block,circular,per_chunk,4,4
12136,12042,16000,16,0,0,layered_block,circular,per_chunk,4,4
12137,12167,16084,16,0,0,layered_block,circular,per_chunk,4,4
12138,12042,16000,16,0,0,layered_block,circular,per_chunk,4,4
12139,12084,16208,16,0,0,layered_block,circular,per_chunk,4,4
12140,19333,23250,16,0,0,layered_block,circular,per_chunk,4,4
12141,12209,16125,16,0,0,layered_block,circular,per_chunk,4,4
12142,12625,16584,16,0,0,layered_block,circular,per_chunk,4,4
12143,12709,16583,16,0,0,layered_block,circular,per_chunk,4,4
12144,12250,16084,16,0,0,layered_block,circular,per_chunk,4,4
12145,12833,16709,16,0,0,layered_block,circular,per_chunk,4,4
12146,19459,23416,16,0,0,layered_block,circular,per_chunk,4,4
12147,12083,15959,16,0,0,layered_block,circular,per_chunk,4,4
12148,12083,16000,16,0,0,layered_block,circular,per_chunk,4,4
12149,12083,16042,16,0,0,layered_block,circular,per_chunk,4,4
12150,12125,16000,16,0,0,layered_block,circular,per_chunk,4,4
12151,12042,15958,16,0,0,layered_block,circular,per_chunk,4,4
12152,12166,16083,16,0,0,layered_block,circular,per_chunk,4,4
12153,12083,16042,16,0,0,layered_block,circular,per_chunk,4,4
12154,12083,16042,16,0,0,layered_block,circular,per_chunk,4,4
12155,12166,16000,16,0,0,layered_block,circular,per_chunk,4,4
12156,12125,16042,16,0,0,layered_block,circular,per_chunk,4,4
12157,12041,15917,16,0,0,layered_block,circular,per_chunk,4,4
12158,12083,16042,16,0,0,layered_block,circular,per_chunk,4,4
12159,12250,16166,16,0,0,layered_block,circular,per_chunk,4,4
12160,19959,23916,16,0,0,layered_block,circular,per_chunk,4,4
12161,12083,15958,16,0,0,layered_block,circular,per_chunk,4,4
12162,12208,16083,16,0,0,layered_block,circular,per_chunk,4,4
12163,12041,15958,16,0,0,layered_block,circular,per_chunk,4,4
12164,12125,16083,16,0,0,layered_block,circular,per_chunk,4,4
12165,12084,16000,16,0,0,layered_block,circular,per_chunk,4,4
12166,12625,16459,16,0,0,layered_block,circular,per_chunk,4,4
12167,12291,16208,16,0,0,layered_block,circular,per_chunk,4,4
12168,12458,16292,16,0,0,layered_block,circular,per_chunk,4,4
12169,12167,16000,16,0,0,layered_block,circular,per_chunk,4,4
12170,12166,16083,16,0,0,layered_block,circular,per_chunk,4,4
12171,12167,16083,16,0,0,layered_block,circular,per_chunk,4,4
12172,12041,16000,16,0,0,layered_block,circular,per_chunk,4,4
12173,12125,16000,16,0,0,layered_block,circular,per_chunk,4,4
12174,11833,15959,16,0,0,layered_block,circular,per_chunk,4,4
12175,12084,15958,16,0,0,layered_block,circular,per_chunk,4,4
12176,12042,15959,16,0,0,layered_block,circular,per_chunk,4,4
12177,12125,16042,16,0,0,layered_block,circular,per_chunk,4,4
12178,12250,16125,16,0,0,layered_block,circular,per_chunk,4,4
12179,12125,16000,16,0,0,layered_block,circular,per_chunk,4,4
12180,12208,16084,16,0,0,layered_block,circular,per_chunk,4,4
12181,12375,16250,16,0,0,layered_block,circular,per_chunk,4,4
12182,12083,16042,16,0,0,layered_block,circular,per_chunk,4,4
12183,12083,16000,16,0,0,layered_block,circular,per_chunk,4,4
12184,12166,16042,16,0,0,layered_block,circular,per_chunk,4,4
12185,12167,16000,16,0,0,layered_block,circular,per_chunk,4,4
12186,12042,15917,16,0,0,layered_block,circular,per_chunk,4,4
12187,12083,15958,16,0,0,layered_block,circular,per_chunk,4,4
12188,12083,15958,16,0,0,layered_block,circular,per_chunk,4,4
12189,12250,16083,16,0,0,layered_block,circular,per_chunk,4,4
12190,12041,16000,16,0,0,layered_block,circular,per_chunk,4,4
12191,20083,24083,16,0,0,layered_block,circular,per_chunk,4,4
12192,12041,15958,16,0,0,layered_block,circular,per_chunk,4,4
12193,12125,16042,16,0,0,layered_block,circular,per_chunk,4,4
12194,12208,16083,16,0,0,layered_block,circular,per_chunk,4,4
12195,12125,15958,16,0,0,layered_block,circular,per_chunk,4,4
12196,12041,15958,16,0,0,layered_block,circular,per_chunk,4,4
12197,12250,16209,16,0,0,layered_block,circular,per_chunk,4,4
12198,12125,16041,16,0,0,layered_block,circular,per_chunk,4,4
12199,12167,16000,16,0,0,layered_block,circular,per_chunk,4,4
12200,12042,15958,16,0,0,layered_block,circular,per_chunk,4,4
12201,12250,16000,16,0,0,layered_block,circular,per_chunk,4,4
12202,12125,16083,16,0,0,layered_block,circular,per_chunk,4,4
12203,12125,16000,16,0,0,layered_block,circular,per_chunk,4,4
12204,12084,16041,16,0,0,layered_block,circular,per_chunk,4,4
12205,12208,16125,16,0,0,layered_block,circular,per_chunk,4,4
12206,12125,16000,16,0,0,layered_block,circular,per_chunk,4,4
12207,12125,16000,16,0,0,layered_block,circular,per_chunk,4,4
12208,12042,15958,16,0,0,layered_block,circular,per_chunk,4,4
12209,12125,16000,16,0,0,layered_block,circular,per_chunk,4,4
12210,12041,16000,16,0,0,layered_block,circular,per_chunk,4,4
12211,12584,16791,16,0,0,layered_block,circular,per_chunk,4,4
12212,12208,16000,16,0,0,layered_block,circular,per_chunk,4,4
12213,12125,16000,16,0,0,layered_block,circular,per_chunk,4,4
12214,12042,15917,16,0,0,layered_block,circular,per_chunk,4,4
12215,12125,15958,16,0,0,layered_block,circular,per_chunk,4,4
12216,12167,16042,16,0,0,layered_block,circular,per_chunk,4,4
12217,12209,16167,16,0,0,layered_block,circular,per_chunk,4,4
12218,12125,16000,16,0,0,layered_block,circular,per_chunk,4,4
12219,11916,16042,16,0,0,layered_block,circular,per_chunk,4,4
12220,12167,16084,16,0,0,layered_block,circular,per_chunk,4,4
12221,12125,16000,16,0,0,layered_block,circular,per_chunk,4,4
12222,12250,16208,16,0,0,layered_block,circular,per_chunk,4,4
12223,12167,16041,16,0,0,layered_block,circular,per_chunk,4,4
12224,12083,16000,16,0,0,layered_block,circular,per_chunk,4,4
12225,12125,16000,16,0,0,layered_block,circular,per_chunk,4,4
12226,12250,16041,16,0,0,layered_block,circular,per_chunk,4,4
12227,12083,16042,16,0,0,layered_block,circular,per_chunk,4,4
12228,12084,15958,16,0,0,layered_block,circular,per_chunk,4,4
12229,12083,16000,16,0,0,layered_block,circular,per_chunk,4,4
12230,12125,16125,16,0,0,layered_block,circular,per_chunk,4,4
12231,12041,15917,16,0,0,layered_block,circular,per_chunk,4,4
12232,12166,16042,16,0,0,layered_block,circular,per_chunk,4,4
12233,12167,16125,16,0,0,layered_block,circular,per_chunk,4,4
12234,19375,23333,16,0,0,layered_block,circular,per_chunk,4,4
12235,12084,15958,16,0,0,layered_block,circular,per_chunk,4,4
12236,12250,16167,16,0,0,layered_block,circular,per_chunk,4,4
12237,12125,15958,16,0,0,layered_block,circular,per_chunk,4,4
12238,12083,16000,16,0,0,layered_block,circular,per_chunk,4,4
12239,12167,16042,16,0,0,layered_block,circular,per_chunk,4,4
12240,12500,16333,16,0,0,layered_block,circular,per_chunk,4,4
12241,12083,16083,16,0,0,layered_block,circular,per_chunk,4,4
12242,11958,16000,16,0,0,layered_block,circular,per_chunk,4,4
12243,12125,16083,16,0,0,layered_block,circular,per_chunk,4,4
12244,12042,15959,16,0,0,layered_block,circular,per_chunk,4,4
12245,11958,16083,16,0,0,layered_block,circular,per_chunk,4,4
12246,19833,23792,16,0,0,layered_block,circular,per_chunk,4,4
12247,12167,16083,16,0,0,layered_block,circular,per_chunk,4,4
12248,12083,16000,16,0,0,layered_block,circular,per_chunk,4,4
12249,12084,15958,16,0,0,layered_block,circular,per_chunk,4,4
12250,12208,16084,16,0,0,layered_block,circular,per_chunk,4,4
12251,12167,16083,16,0,0,layered_block,circular,per_chunk,4,4
12252,12208,16042,16,0,0,layered_block,circular,per_chunk,4,4
12253,12000,15959,16,0,0,layered_block,circular,per_chunk,4,4
12254,12125,16041,16,0,0,layered_block,circular,per_chunk,4,4
12255,12042,15959,16,0,0,layered_block,circular,per_chunk,4,4
12256,12084,16000,16,0,0,layered_block,circular,per_chunk,4,4
12257,12250,16167,16,0,0,layered_block,circular,per_chunk,4,4
12258,12125,16000,16,0,0,layered_block,circular,per_chunk,4,4
12259,12250,16167,16,0,0,layered_block,circular,per_chunk,4,4
12260,11792,15958,16,0,0,layered_block,circular,per_chunk,4,4
12261,12041,15875,16,0,0,layered_block,circular,per_chunk,4,4
12262,12042,16000,16,0,0,layered_block,circular,per_chunk,4,4
12263,12209,16083,16,0,0,layered_block,circular,per_chunk,4,4
12264,12166,15916,16,0,0,layered_block,circular,per_chunk,4,4
12265,12250,16125,16,0,0,layered_block,circular,per_chunk,4,4
12266,12125,16083,16,0,0,layered_block,circular,per_chunk,4,4
12267,12375,16208,16,0,0,layered_block,circular,per_chunk,4,4
12268,12167,16125,16,0,0,layered_block,circular,per_chunk,4,4
12269,12084,22916,16,0,0,layered_block,circular,per_chunk,4,4
12270,12125,16000,16,0,0,layered_block,circular,per_chunk,4,4
12271,12042,16000,16,0,0,layered_block,circular,per_chunk,4,4
12272,12375,16209,16,0,0,layered_block,circular,per_chunk,4,4
12273,12084,16000,16,0,0,layered_block,circular,per_chunk,4,4
12274,12083,16000,16,0,0,layered_block,circular,per_chunk,4,4
12275,12250,16042,16,0,0,layered_block,circular,per_chunk,4,4
12276,12042,16084,16,0,0,layered_block,circular,per_chunk,4,4
12277,19500,23417,16,0,0,layered_block,circular,per_chunk,4,4
12278,12084,16000,16,0,0,layered_block,circular,per_chunk,4,4
12279,12166,16042,16,0,0,layered_block,circular,per_chunk,4,4
12280,12250,16125,16,0,0,layered_block,circular,per_chunk,4,4
12281,12125,16000,16,0,0,layered_block,circular,per_chunk,4,4
12282,12083,15958,16,0,0,layered_block,circular,per_chunk,4,4
12283,12125,16042,16,0,0,layered_block,circular,per_chunk,4,4
12284,12084,16041,16,0,0,layered_block,circular,per_chunk,4,4
12285,12166,16125,16,0,0,layered_block,circular,per_chunk,4,4
12286,12042,15958,16,0,0,layered_block,circular,per_chunk,4,4
12287,12042,16000,16,0,0,layered_block,circular,per_chunk,4,4
12288,12041,15958,16,0,0,layered_block,circular,per_chunk,4,4
12289,12209,16000,16,0,0,layered_block,circular,per_chunk,4,4
12290,12084,15959,16,0,0,layered_block,circular,per_chunk,4,4
12291,12083,15958,16,0,0,layered_block,circular,per_chunk,4,4
12292,12375,16250,16,0,0,layered_block,circular,per_chunk,4,4
12293,12042,15959,16,0,0,layered_block,circular,per_chunk,4,4
12294,12167,16041,16,0,0,layered_block,circular,per_chunk,4,4
12295,12042,15958,16,0,0,layered_block,circular,per_chunk,4,4
12296,12083,16000,16,0,0,layered_block,circular,per_chunk,4,4
12297,12041,15958,16,0,0,layered_block,circular,per_chunk,4,4
12298,12000,16000,16,0,0,layered_block,circular,per_chunk,4,4
12299,12083,16042,16,0,0,layered_block,circular,per_chunk,4,4
12300,12125,16000,16,0,0,layered_block,circular,per_chunk,4,4
12301,12333,16250,16,0,0,layered_block,circular,per_chunk,4,4
12302,12167,16041,16,0,0,layered_block,circular,per_chunk,4,4
12303,12125,15958,16,0,0,layered_block,circular,per_chunk,4,4
12304,12042,16000,16,0,0,layered_block,circular,per_chunk,4,4
12305,12125,16042,16,0,0,layered_block,circular,per_chunk,4,4
12306,12209,16041,16,0,0,layered_block,circular,per_chunk,4,4
12307,12167,16042,16,0,0,layered_block,circular,per_chunk,4,4
12308,12125,16000,16,0,0,layered_block,circular,per_chunk,4,4
12309,12375,16250,16,0,0,layered_block,circular,per_chunk,4,4
12310,12042,16042,16,0,0,layered_block,circular,per_chunk,4,4
12311,12042,15916,16,0,0,layered_block,circular,per_chunk,4,4
12312,12292,16334,16,0,0,layered_block,circular,per_chunk,4,4
12313,12167,16125,16,0,0,layered_block,circular,per_chunk,4,4
12314,12167,16042,16,0,0,layered_block,circular,per_chunk,4,4
12315,12333,16334,16,0,0,layered_block,circular,per_chunk,4,4
12316,12666,22042,16,0,0,layered_block,circular,per_chunk,4,4
12317,12041,15958,16,0,0,layered_block,circular,per_chunk,4,4
12318,11916,16042,16,0,0,layered_block,circular,per_chunk,4,4
12319,12167,16375,16,0,0,layered_block,circular,per_chunk,4,4
12320,12041,15958,16,0,0,layered_block,circular,per_chunk,4,4
12321,12084,16000,16,0,0,layered_block,circular,per_chunk,4,4
12322,12125,16000,16,0,0,layered_block,circular,per_chunk,4,4
12323,12042,16000,16,0,0,layered_block,circular,per_chunk,4,4
12324,12125,16000,16,0,0,layered_block,circular,per_chunk,4,4
12325,12084,15958,16,0,0,layered_block,circular,per_chunk,4,4
12326,12083,15959,16,0,0,layered_block,circular,per_chunk,4,4
12327,12167,16042,16,0,0,layered_block,circular,per_chunk,4,4
12328,12167,16000,16,0,0,layered_block,circular,per_chunk,4,4
12329,12083,16042,16,0,0,layered_block,circular,per_chunk,4,4
12330,12167,16041,16,0,0,layered_block,circular,per_chunk,4,4
12331,12000,15917,16,0,0,layered_block,circular,per_chunk,4,4
12332,13542,18250,16,0,0,layered_block,circular,per_chunk,4,4
12333,12333,16209,16,0,0,layered_block,circular,per_chunk,4,4
12334,12042,15959,16,0,0,layered_block,circular,per_chunk,4,4
12335,12125,16083,16,0,0,layered_block,circular,per_chunk,4,4
12336,12167,16000,16,0,0,layered_block,circular,per_chunk,4,4
12337,12083,15959,16,0,0,layered_block,circular,per_chunk,4,4
12338,12375,16250,16,0,0,layered_block,circular,per_chunk,4,4
12339,12125,16042,16,0,0,layered_block,circular,per_chunk,4,4
12340,12250,16167,16,0,0,layered_block,circular,per_chunk,4,4
12341,12083,16041,16,0,0,layered_block,circular,per_chunk,4,4
12342,12167,16000,16,0,0,layered_block,circular,per_chunk,4,4
12343,12041,15958,16,0,0,layered_block,circular,per_chunk,4,4
12344,12125,16000,16,0,0,layered_block,circular,per_chunk,4,4
12345,12083,16000,16,0,0,layered_block,circular,per_chunk,4,4
12346,12375,16292,16,0,0,layered_block,circular,per_chunk,4,4
12347,19125,23083,16,0,0,layered_block,circular,per_chunk,4,4
12348,12084,15958,16,0,0,layered_block,circular,per_chunk,4,4
12349,12166,16042,16,0,0,layered_block,circular,per_chunk,4,4
12350,12042,15959,16,0,0,layered_block,circular,per_chunk,4,4
12351,12167,16084,16,0,0,layered_block,circular,per_chunk,4,4
12352,12125,16000,16,0,0,layered_block,circular,per_chunk,4,4
12353,19125,23083,16,0,0,layered_block,circular,per_chunk,4,4
12354,12083,16000,16,0,0,layered_block,circular,per_chunk,4,4
12355,12208,16083,16,0,0,layered_block,circular,per_chunk,4,4
12356,12000,15917,16,0,0,layered_block,circular,per_chunk,4,4
12357,12083,16000,16,0,0,layered_block,circular,per_chunk,4,4
12358,12333,16250,16,0,0,layered_block,circular,per_chunk,4,4
12359,12458,16333,16,0,0,layered_block,circular,per_chunk,4,4
12360,12083,16000,16,0,0,layered_block,circular,per_chunk,4,4
12361,12625,16584,16,0,0,layered_block,circular,per_chunk,4,4
12362,12208,16000,16,0,0,layered_block,circular,per_chunk,4,4
12363,12209,16125,16,0,0,layered_block,circular,per_chunk,4,4
12364,12083,16000,16,0,0,layered_block,circular,per_chunk,4,4
12365,12125,16042,16,0,0,layered_block,circular,per_chunk,4,4
12366,12125,16083,16,0,0,layered_block,circular,per_chunk,4,4
12367,12083,16000,16,0,0,layered_block,circular,per_chunk,4,4
12368,12250,16167,16,0,0,layered_block,circular,per_chunk,4,4
12369,12166,16083,16,0,0,layered_block,circular,per_chunk,4,4
12370,12208,16000,16,0,0,layered_block,circular,per_chunk,4,4
12371,12083,16000,16,0,0,layered_block,circular,per_chunk,4,4
12372,12167,16042,16,0,0,layered_block,circular,per_chunk,4,4
12373,12292,16125,16,0,0,layered_block,circular,per_chunk,4,4
12374,12125,16041,16,0,0,layered_block,circular,per_chunk,4,4
12375,12042,15916,16,0,0,layered_block,circular,per_chunk,4,4
12376,12083,16000,16,0,0,layered_block,circular,per_chunk,4,4
12377,12042,16000,16,0,0,layered_block,circular,per_chunk,4,4
12378,12250,16083,16,0,0,layered_block,circular,per_chunk,4,4
12379,12375,16166,16,0,0,layered_block,circular,per_chunk,4,4
12380,12250,16166,16,0,0,layered_block,circular,per_chunk,4,4
12381,12084,15917,16,0,0,layered_block,circular,per_chunk,4,4
12382,12208,16125,16,0,0,layered_block,circular,per_chunk,4,4
12383,11875,15833,16,0,0,layered_block,circular,per_chunk,4,4
12384,12083,16042,16,0,0,layered_block,circular,per_chunk,4,4
12385,12208,16125,16,0,0,layered_block,circular,per_chunk,4,4
12386,12209,16167,16,0,0,layered_block,circular,per_chunk,4,4
12387,12041,16000,16,0,0,layered_block,circular,per_chunk,4,4
12388,12125,16083,16,0,0,layered_block,circular,per_chunk,4,4
12389,12083,15958,16,0,0,layered_block,circular,per_chunk,4,4
12390,12084,15958,16,0,0,layered_block,circular,per_chunk,4,4
12391,12000,16000,16,0,0,layered_block,circular,per_chunk,4,4
12392,12125,15958,16,0,0,layered_block,circular,per_chunk,4,4
12393,12167,16083,16,0,0,layered_block,circular,per_chunk,4,4
12394,12125,16041,16,0,0,layered_block,circular,per_chunk,4,4
12395,12167,16000,16,0,0,layered_block,circular,per_chunk,4,4
12396,12292,16166,16,0,0,layered_block,circular,per_chunk,4,4
12397,12291,16750,16,0,0,layered_block,circular,per_chunk,4,4
12398,12042,15959,16,0,0,layered_block,circular,per_chunk,4,4
12399,12333,16292,16,0,0,layered_block,circular,per_chunk,4,4
12400,12042,16042,16,0,0,layered_block,circular,per_chunk,4,4
12401,12208,16042,16,0,0,layered_block,circular,per_chunk,4,4
12402,12042,15958,16,0,0,layered_block,circular,per_chunk,4,4
12403,12042,15959,16,0,0,layered_block,circular,per_chunk,4,4
12404,12125,16042,16,0,0,layered_block,circular,per_chunk,4,4
12405,11875,15959,16,0,0,layered_block,circular,per_chunk,4,4
12406,20125,24041,16,0,0,layered_block,circular,per_chunk,4,4
12407,12083,16000,16,0,0,layered_block,circular,per_chunk,4,4
12408,12083,16042,16,0,0,layered_block,circular,per_chunk,4,4
12409,12041,15958,16,0,0,layered_block,circular,per_chunk,4,4
12410,12042,16000,16,0,0,layered_block,circular,per_chunk,4,4
12411,12125,16041,16,0,0,layered_block,circular,per_chunk,4,4
12412,12333,16208,16,0,0,layered_block,circular,per_chunk,4,4
12413,12333,16250,16,0,0,layered_block,circular,per_chunk,4,4
12414,12084,16000,16,0,0,layered_block,circular,per_chunk,4,4
12415,12209,16083,16,0,0,layered_block,circular,per_chunk,4,4
12416,12208,16167,16,0,0,layered_block,circular,per_chunk,4,4
12417,19000,22917,16,0,0,layered_block,circular,per_chunk,4,4
12418,12167,16042,16,0,0,layered_block,circular,per_chunk,4,4
12419,12041,16208,16,0,0,layered_block,circular,per_chunk,4,4
12420,12209,16125,16,0,0,layered_block,circular,per_chunk,4,4
12421,12167,16000,16,0,0,layered_block,circular,per_chunk,4,4
12422,12666,16583,16,0,0,layered_block,circular,per_chunk,4,4
12423,12042,15916,16,0,0,layered_block,circular,per_chunk,4,4
12424,12292,16209,16,0,0,layered_block,circular,per_chunk,4,4
12425,12041,15958,16,0,0,layered_block,circular,per_chunk,4,4
12426,18667,22541,16,0,0,layered_block,circular,per_chunk,4,4
12427,12083,16041,16,0,0,layered_block,circular,per_chunk,4,4
12428,12125,15959,16,0,0,layered_block,circular,per_chunk,4,4
12429,20000,23958,16,0,0,layered_block,circular,per_chunk,4,4
12430,12083,15958,16,0,0,layered_block,circular,per_chunk,4,4
12431,12042,15958,16,0,0,layered_block,circular,per_chunk,4,4
12432,12000,15916,16,0,0,layered_block,circular,per_chunk,4,4
12433,12375,16167,16,0,0,layered_block,circular,per_chunk,4,4
12434,12042,15958,16,0,0,layered_block,circular,per_chunk,4,4
12435,12083,16000,16,0,0,layered_block,circular,per_chunk,4,4
12436,12625,16458,16,0,0,layered_block,circular,per_chunk,4,4
12437,11834,15959,16,0,0,layered_block,circular,per_chunk,4,4
12438,12167,16000,16,0,0,layered_block,circular,per_chunk,4,4
12439,12125,16083,16,0,0,layered_block,circular,per_chunk,4,4
12440,12167,16084,16,0,0,layered_block,circular,per_chunk,4,4
12441,12166,16042,16,0,0,layered_block,circular,per_chunk,4,4
12442,12125,16042,16,0,0,layered_block,circular,per_chunk,4,4
12443,12375,16292,16,0,0,layered_block,circular,per_chunk,4,4
12444,12084,16000,16,0,0,layered_block,circular,per_chunk,4,4
12445,12084,16041,16,0,0,layered_block,circular,per_chunk,4,4
12446,12084,16041,16,0,0,layered_block,circular,per_chunk,4,4
12447,12125,16042,16,0,0,layered_block,circular,per_chunk,4,4
12448,12083,16000,16,0,0,layered_block,circular,per_chunk,4,4
12449,19208,23125,16,0,0,layered_block,circular,per_chunk,4,4
12450,12167,16041,16,0,0,layered_block,circular,per_chunk,4,4
12451,12250,16125,16,0,0,layered_block,circular,per_chunk,4,4
12452,12084,16000,16,0,0,layered_block,circular,per_chunk,4,4
12453,12458,16250,16,0,0,layered_block,circular,per_chunk,4,4
12454,12125,16042,16,0,0,layered_block,circular,per_chunk,4,4
12455,12208,16125,16,0,0,layered_block,circular,per_chunk,4,4
12456,12208,16000,16,0,0,layered_block,circular,per_chunk,4,4
12457,12166,16125,16,0,0,layered_block,circular,per_chunk,4,4
12458,12041,15958,16,0,0,layered_block,circular,per_chunk,4,4
12459,12042,16042,16,0,0,layered_block,circular,per_chunk,4,4
12460,12083,16084,16,0,0,layered_block,circular,per_chunk,4,4
12461,12000,15959,16,0,0,layered_block,circular,per_chunk,4,4
12462,12041,16000,16,0,0,layered_block,circular,per_chunk,4,4
12463,12208,16084,16,0,0,layered_block,circular,per_chunk,4,4
12464,12208,16042,16,0,0,layered_block,circular,per_chunk,4,4
12465,12041,16000,16,0,0,layered_block,circular,per_chunk,4,4
12466,12167,16084,16,0,0,layered_block,circular,per_chunk,4,4
12467,12125,15917,16,0,0,layered_block,circular,per_chunk,4,4
12468,12083,16000,16,0,0,layered_block,circular,per_chunk,4,4
12469,12666,23375,16,0,0,layered_block,circular,per_chunk,4,4
12470,12041,15958,16,0,0,layered_block,circular,per_chunk,4,4
12471,12250,16083,16,0,0,layered_block,circular,per_chunk,4,4
12472,12083,16042,16,0,0,layered_block,circular,per_chunk,4,4
12473,12125,16000,16,0,0,layered_block,circular,per_chunk,4,4
12474,12125,16042,16,0,0,layered_block,circular,per_chunk,4,4
12475,12292,16209,16,0,0,layered_block,circular,per_chunk,4,4
12476,12083,16000,16,0,0,layered_block,circular,per_chunk,4,4
12477,12458,16334,16,0,0,layered_block,circular,per_chunk,4,4
12478,12167,15958,16,0,0,layered_block,circular,per_chunk,4,4
12479,12166,16125,16,0,0,layered_block,circular,per_chunk,4,4
12480,12083,16084,16,0,0,layered_block,circular,per_chunk,4,4
12481,12209,16041,16,0,0,layered_block,circular,per_chunk,4,4
12482,12083,16000,16,0,0,layered_block,circular,per_chunk,4,4
12483,12083,15917,16,0,0,layered_block,circular,per_chunk,4,4
12484,12084,16041,16,0,0,layered_block,circular,per_chunk,4,4
12485,12458,16459,16,0,0,layered_block,circular,per_chunk,4,4
12486,12250,21792,16,0,0,layered_block,circular,per_chunk,4,4
12487,12125,16042,16,0,0,layered_block,circular,per_chunk,4,4
12488,12292,16209,16,0,0,layered_block,circular,per_chunk,4,4
12489,12083,16000,16,0,0,layered_block,circular,per_chunk,4,4
12490,12209,16083,16,0,0,layered_block,circular,per_chunk,4,4
12491,12541,16417,16,0,0,layered_block,circular,per_chunk,4,4
12492,12375,16292,16,0,0,layered_block,circular,per_chunk,4,4
12493,12250,16083,16,0,0,layered_block,circular,per_chunk,4,4
12494,12167,16125,16,0,0,layered_block,circular,per_chunk,4,4
12495,12167,16000,16,0,0,layered_block,circular,per_chunk,4,4
12496,12250,16125,16,0,0,layered_block,circular,per_chunk,4,4
12497,12083,15958,16,0,0,layered_block,circular,per_chunk,4,4
12498,12125,16000,16,0,0,layered_block,circular,per_chunk,4,4
12499,12125,16000,16,0,0,layered_block,circular,per_chunk,4,4
12500,12333,21500,16,0,0,layered_block,circular,per_chunk,4,4
12501,12167,16084,16,0,0,layered_block,circular,per_chunk,4,4
12502,12208,16125,16,0,0,layered_block,circular,per_chunk,4,4
12503,12125,16042,16,0,0,layered_block,circular,per_chunk,4,4
12504,12250,16125,16,0,0,layered_block,circular,per_chunk,4,4
12505,12250,16083,16,0,0,layered_block,circular,per_chunk,4,4
12506,12166,16000,16,0,0,layered_block,circular,per_chunk,4,4
12507,12208,16083,16,0,0,layered_block,circular,per_chunk,4,4
12508,11959,15958,16,0,0,layered_block,circular,per_chunk,4,4
12509,12209,16083,16,0,0,layered_block,circular,per_chunk,4,4
12510,12084,16041,16,0,0,layered_block,circular,per_chunk,4,4
12511,12125,16041,16,0,0,layered_block,circular,per_chunk,4,4
12512,12125,16000,16,0,0,layered_block,circular,per_chunk,4,4
12513,12125,15958,16,0,0,layered_block,circular,per_chunk,4,4
12514,20166,24125,16,0,0,layered_block,circular,per_chunk,4,4
12515,12083,16000,16,0,0,layered_block,circular,per_chunk,4,4
12516,12000,16084,16,0,0,layered_block,circular,per_chunk,4,4
12517,12083,16000,16,0,0,layered_block,circular,per_chunk,4,4
12518,12208,16042,16,0,0,layered_block,circular,per_chunk,4,4
12519,12042,16000,16,0,0,layered_block,circular,per_chunk,4,4
12520,12167,16000,16,0,0,layered_block,circular,per_chunk,4,4
12521,12125,16000,16,0,0,layered_block,circular,per_chunk,4,4
12522,12083,16000,16,0,0,layered_block,circular,per_chunk,4,4
12523,12209,16041,16,0,0,layered_block,circular,per_chunk,4,4
12524,12042,15958,16,0,0,layered_block,circular,per_chunk,4,4
12525,12125,16042,16,0,0,layered_block,circular,per_chunk,4,4
12526,12083,16000,16,0,0,layered_block,circular,per_chunk,4,4
12527,12167,16083,16,0,0,layered_block,circular,per_chunk,4,4
12528,12334,16125,16,0,0,layered_block,circular,per_chunk,4,4
12529,12209,15959,16,0,0,layered_block,circular,per_chunk,4,4
12530,12125,16041,16,0,0,layered_block,circular,per_chunk,4,4
12531,12125,16042,16,0,0,layered_block,circular,per_chunk,4,4
12532,12167,16084,16,0,0,layered_block,circular,per_chunk,4,4
12533,12250,16083,16,0,0,layered_block,circular,per_chunk,4,4
12534,12208,16125,16,0,0,layered_block,circular,per_chunk,4,4
12535,12125,16000,16,0,0,layered_block,circular,per_chunk,4,4
12536,12125,16084,16,0,0,layered_block,circular,per_chunk,4,4
12537,12375,16250,16,0,0,layered_block,circular,per_chunk,4,4
12538,12167,16000,16,0,0,layered_block,circular,per_chunk,4,4
12539,11958,15959,16,0,0,layered_block,circular,per_chunk,4,4
12540,12125,16000,16,0,0,layered_block,circular,per_chunk,4,4
12541,12083,15958,16,0,0,layered_block,circular,per_chunk,4,4
12542,12125,16083,16,0,0,layered_block,circular,per_chunk,4,4
12543,12709,16541,16,0,0,layered_block,circular,per_chunk,4,4
12544,12125,16000,16,0,0,layered_block,circular,per_chunk,4,4
12545,12125,16042,16,0,0,layered_block,circular,per_chunk,4,4
12546,12208,16000,16,0,0,layered_block,circular,per_chunk,4,4
12547,12042,16041,16,0,0,layered_block,circular,per_chunk,4,4
12548,19875,23833,16,0,0,layered_block,circular,per_chunk,4,4
12549,12125,16042,16,0,0,layered_block,circular,per_chunk,4,4
12550,11875,16000,16,0,0,layered_block,circular,per_chunk,4,4
12551,12166,16041,16,0,0,layered_block,circular,per_chunk,4,4
12552,12125,16042,16,0,0,layered_block,circular,per_chunk,4,4
12553,12250,16208,16,0,0,layered_block,circular,per_chunk,4,4
12554,12084,16000,16,0,0,layered_block,circular,per_chunk,4,4
12555,12084,16000,16,0,0,layered_block,circular,per_chunk,4,4
12556,12084,16083,16,0,0,layered_block,circular,per_chunk,4,4
12557,12125,15917,16,0,0,layered_block,circular,per_chunk,4,4
12558,12084,16000,16,0,0,layered_block,circular,per_chunk,4,4
12559,20291,24292,16,0,0,layered_block,circular,per_chunk,4,4
12560,12041,15958,16,0,0,layered_block,circular,per_chunk,4,4
12561,12083,16084,16,0,0,layered_block,circular,per_chunk,4,4
12562,12084,16000,16,0,0,layered_block,circular,per_chunk,4,4
12563,12167,16000,16,0,0,layered_block,circular,per_chunk,4,4
12564,12250,16125,16,0,0,layered_block,circular,per_chunk,4,4
12565,12084,16000,16,0,0,layered_block,circular,per_chunk,4,4
12566,12083,16000,16,0,0,layered_block,circular,per_chunk,4,4
12567,12167,16042,16,0,0,layered_block,circular,per_chunk,4,4
12568,12084,16041,16,0,0,layered_block,circular,per_chunk,4,4
12569,12083,16042,16,0,0,layered_block,circular,per_chunk,4,4
12570,11958,16042,16,0,0,layered_block,circular,per_chunk,4,4
12571,12208,16125,16,0,0,layered_block,circular,per_chunk,4,4
12572,12083,16000,16,0,0,layered_block,circular,per_chunk,4,4
12573,14292,18250,16,0,0,layered_block,circular,per_chunk,4,4
12574,12209,16125,16,0,0,layered_block,circular,per_chunk,4,4
12575,12042,16000,16,0,0,layered_block,circular,per_chunk,4,4
12576,12083,16042,16,0,0,layered_block,circular,per_chunk,4,4
12577,12209,16041,16,0,0,layered_block,circular,per_chunk,4,4
12578,12125,16000,16,0,0,layered_block,circular,per_chunk,4,4
12579,12125,16041,16,0,0,layered_block,circular,per_chunk,4,4
12580,12500,16333,16,0,0,layered_block,circular,per_chunk,4,4
12581,12083,16042,16,0,0,layered_block,circular,per_chunk,4,4
12582,12125,21792,16,0,0,layered_block,circular,per_chunk,4,4
12583,12125,16000,16,0,0,layered_block,circular,per_chunk,4,4
12584,12292,16459,16,0,0,layered_block,circular,per_chunk,4,4
12585,12166,16000,16,0,0,layered_block,circular,per_chunk,4,4
12586,12042,16000,16,0,0,layered_block,circular,per_chunk,4,4
12587,12208,16083,16,0,0,layered_block,circular,per_chunk,4,4
12588,12042,15959,16,0,0,layered_block,circular,per_chunk,4,4
12589,11958,15917,16,0,0,layered_block,circular,per_chunk,4,4
12590,12666,16833,16,0,0,layered_block,circular,per_chunk,4,4
12591,12083,16000,16,0,0,layered_block,circular,per_chunk,4,4
12592,12041,16000,16,0,0,layered_block,circular,per_chunk,4,4
12593,12083,16000,16,0,0,layered_block,circular,per_chunk,4,4
12594,12250,16083,16,0,0,layered_block,circular,per_chunk,4,4
12595,12083,16000,16,0,0,layered_block,circular,per_chunk,4,4
12596,12333,16209,16,0,0,layered_block,circular,per_chunk,4,4
12597,12125,15917,16,0,0,layered_block,circular,per_chunk,4,4
12598,12166,16042,16,0,0,layered_block,circular,per_chunk,4,4
12599,12167,16083,16,0,0,layered_block,circular,per_chunk,4,4
12600,12125,16042,16,0,0,layered_block,circular,per_chunk,4,4
12601,12042,16000,16,0,0,layered_block,circular,per_chunk,4,4
12602,19125,23125,16,0,0,layered_block,circular,per_chunk,4,4
12603,12166,16083,16,0,0,layered_block,circular,per_chunk,4,4
12604,12292,16208,16,0,0,layered_block,circular,per_chunk,4,4
12605,12125,16000,16,0,0,layered_block,circular,per_chunk,4,4
12606,12041,15958,16,0,0,layered_block,circular,per_chunk,4,4
12607,12166,16083,16,0,0,layered_block,circular,per_chunk,4,4
12608,12292,16125,16,0,0,layered_block,circular,per_chunk,4,4
12609,12125,16000,16,0,0,layered_block,circular,per_chunk,4,4
12610,11958,16083,16,0,0,layered_block,circular,per_chunk,4,4
12611,12000,15917,16,0,0,layered_block,circular,per_chunk,4,4
12612,12083,16000,16,0,0,layered_block,circular,per_chunk,4,4
12613,12167,16125,16,0,0,layered_block,circular,per_chunk,4,4
12614,12125,16041,16,0,0,layered_block,circular,per_chunk,4,4
12615,12333,16209,16,0,0,layered_block,circular,per_chunk,4,4
12616,12042,16000,16,0,0,layered_block,circular,per_chunk,4,4
12617,12167,15958,16,0,0,layered_block,circular,per_chunk,4,4
12618,12042,15959,16,0,0,layered_block,circular,per_chunk,4,4
12619,12000,15917,16,0,0,layered_block,circular,per_chunk,4,4
12620,12084,16041,16,0,0,layered_block,circular,per_chunk,4,4
12621,12125,16083,16,0,0,layered_block,circular,per_chunk,4,4
12622,20125,24042,16,0,0,layered_block,circular,per_chunk,4,4
12623,12125,16042,16,0,0,layered_block,circular,per_chunk,4,4
12624,12125,16042,16,0,0,layered_block,circular,per_chunk,4,4
12625,12042,15959,16,0,0,layered_block,circular,per_chunk,4,4
12626,12125,16042,16,0,0,layered_block,circular,per_chunk,4,4
12627,12250,16125,16,0,0,layered_block,circular,per_chunk,4,4
12628,12166,16042,16,0,0,layered_block,circular,per_chunk,4,4
12629,12041,16000,16,0,0,layered_block,circular,per_chunk,4,4
12630,12084,16083,16,0,0,layered_block,circular,per_chunk,4,4
12631,12250,16084,16,0,0,layered_block,circular,per_chunk,4,4
12632,12083,16000,16,0,0,layered_block,circular,per_chunk,4,4
12633,12125,16000,16,0,0,layered_block,circular,per_chunk,4,4
12634,12208,16000,16,0,0,layered_block,circular,per_chunk,4,4
12635,12125,16083,16,0,0,layered_block,circular,per_chunk,4,4
12636,12083,15958,16,0,0,layered_block,circular,per_chunk,4,4
12637,12167,16083,16,0,0,layered_block,circular,per_chunk,4,4
12638,12083,15958,16,0,0,layered_block,circular,per_chunk,4,4
12639,12125,15958,16,0,0,layered_block,circular,per_chunk,4,4
12640,11833,15875,16,0,0,layered_block,circular,per_chunk,4,4
12641,12167,16083,16,0,0,layered_block,circular,per_chunk,4,4
12642,12000,15959,16,0,0,layered_block,circular,per_chunk,4,4
12643,12125,16125,16,0,0,layered_block,circular,per_chunk,4,4
12644,12250,16209,16,0,0,layered_block,circular,per_chunk,4,4
12645,12208,16042,16,0,0,layered_block,circular,per_chunk,4,4
12646,12125,16083,16,0,0,layered_block,circular,per_chunk,4,4
12647,12250,16083,16,0,0,layered_block,circular,per_chunk,4,4
12648,12292,16125,16,0,0,layered_block,circular,per_chunk,4,4
12649,12042,16000,16,0,0,layered_block,circular,per_chunk,4,4
12650,12042,15875,16,0,0,layered_block,circular,per_chunk,4,4
12651,12083,15917,16,0,0,layered_block,circular,per_chunk,4,4
12652,12042,16000,16,0,0,layered_block,circular,per_chunk,4,4
12653,12166,15958,16,0,0,layered_block,circular,per_chunk,4,4
12654,12042,15916,16,0,0,layered_block,circular,per_chunk,4,4
12655,12083,16000,16,0,0,layered_block,circular,per_chunk,4,4
12656,12167,16000,16,0,0,layered_block,circular,per_chunk,4,4
12657,12166,16041,16,0,0,layered_block,circular,per_chunk,4,4
12658,12042,15959,16,0,0,layered_block,circular,per_chunk,4,4
12659,12125,16042,16,0,0,layered_block,circular,per_chunk,4,4
12660,12125,16042,16,0,0,layered_block,circular,per_chunk,4,4
12661,12041,15958,16,0,0,layered_block,circular,per_chunk,4,4
12662,12125,16042,16,0,0,layered_block,circular,per_chunk,4,4
12663,12166,16083,16,0,0,layered_block,circular,per_chunk,4,4
12664,12083,16000,16,0,0,layered_block,circular,per_chunk,4,4
12665,12125,16000,16,0,0,layered_block,circular,per_chunk,4,4
12666,12750,16916,16,0,0,layered_block,circular,per_chunk,4,4
12667,12375,16417,16,0,0,layered_block,circular,per_chunk,4,4
12668,12125,16042,16,0,0,layered_block,circular,per_chunk,4,4
12669,12083,16041,16,0,0,layered_block,circular,per_chunk,4,4
12670,12166,16000,16,0,0,layered_block,circular,per_chunk,4,4
12671,12250,16333,16,0,0,layered_block,circular,per_chunk,4,4
12672,12083,15958,16,0,0,layered_block,circular,per_chunk,4,4
12673,12083,16000,16,0,0,layered_block,circular,per_chunk,4,4
12674,12166,16083,16,0,0,layered_block,circular,per_chunk,4,4
12675,20375,24292,16,0,0,layered_block,circular,per_chunk,4,4
12676,12042,15958,16,0,0,layered_block,circular,per_chunk,4,4
12677,12166,16083,16,0,0,layered_block,circular,per_chunk,4,4
12678,12167,16041,16,0,0,layered_block,circular,per_chunk,4,4
12679,12250,16083,16,0,0,layered_block,circular,per_chunk,4,4
12680,12250,16125,16,0,0,layered_block,circular,per_chunk,4,4
12681,12166,16083,16,0,0,layered_block,circular,per_chunk,4,4
12682,12333,16250,16,0,0,layered_block,circular,per_chunk,4,4
12683,12125,16125,16,0,0,layered_block,circular,per_chunk,4,4
12684,12167,16000,16,0,0,layered_block,circular,per_chunk,4,4
12685,12084,16000,16,0,0,layered_block,circular,per_chunk,4,4
12686,12334,16250,16,0,0,layered_block,circular,per_chunk,4,4
12687,12458,16375,16,0,0,layered_block,circular,per_chunk,4,4
12688,12125,16042,16,0,0,layered_block,circular,per_chunk,4,4
12689,20375,24333,16,0,0,layered_block,circular,per_chunk,4,4
12690,12084,15959,16,0,0,layered_block,circular,per_chunk,4,4
12691,11958,16041,16,0,0,layered_block,circular,per_chunk,4,4
12692,12292,16250,16,0,0,layered_block,circular,per_chunk,4,4
12693,12167,16084,16,0,0,layered_block,circular,per_chunk,4,4
12694,12334,16208,16,0,0,layered_block,circular,per_chunk,4,4
12695,12000,15958,16,0,0,layered_block,circular,per_chunk,4,4
12696,12125,16000,16,0,0,layered_block,circular,per_chunk,4,4
12697,12042,16125,16,0,0,layered_block,circular,per_chunk,4,4
12698,12208,16125,16,0,0,layered_block,circular,per_chunk,4,4
12699,12166,16083,16,0,0,layered_block,circular,per_chunk,4,4
12700,12208,16125,16,0,0,layered_block,circular,per_chunk,4,4
12701,12083,16000,16,0,0,layered_block,circular,per_chunk,4,4
12702,12167,16000,16,0,0,layered_block,circular,per_chunk,4,4
12703,12000,15958,16,0,0,layered_block,circular,per_chunk,4,4
12704,12250,16042,16,0,0,layered_block,circular,per_chunk,4,4
12705,11959,16083,16,0,0,layered_block,circular,per_chunk,4,4
12706,12042,15959,16,0,0,layered_block,circular,per_chunk,4,4
12707,13875,18875,16,0,0,layered_block,circular,per_chunk,4,4
12708,12084,16041,16,0,0,layered_block,circular,per_chunk,4,4
12709,20792,24750,16,0,0,layered_block,circular,per_chunk,4,4
12710,12209,15959,16,0,0,layered_block,circular,per_chunk,4,4
12711,12209,16083,16,0,0,layered_block,circular,per_chunk,4,4
12712,12125,16083,16,0,0,layered_block,circular,per_chunk,4,4
12713,12250,16083,16,0,0,layered_block,circular,per_chunk,4,4
12714,12167,16084,16,0,0,layered_block,circular,per_chunk,4,4
12715,12125,16000,16,0,0,layered_block,circular,per_chunk,4,4
12716,12125,16000,16,0,0,layered_block,circular,per_chunk,4,4
12717,12042,16000,16,0,0,layered_block,circular,per_chunk,4,4
12718,12250,16083,16,0,0,layered_block,circular,per_chunk,4,4
12719,12084,16000,16,0,0,layered_block,circular,per_chunk,4,4
12720,12084,16000,16,0,0,layered_block,circular,per_chunk,4,4
12721,12125,16042,16,0,0,layered_block,circular,per_chunk,4,4
12722,12083,16000,16,0,0,layered_block,circular,per_chunk,4,4
12723,12125,16041,16,0,0,layered_block,circular,per_chunk,4,4
12724,12167,16083,16,0,0,layered_block,circular,per_chunk,4,4
12725,12125,16000,16,0,0,layered_block,circular,per_chunk,4,4
12726,12084,16000,16,0,0,layered_block,circular,per_chunk,4,4
12727,12125,16084,16,0,0,layered_block,circular,per_chunk,4,4
12728,12125,16042,16,0,0,layered_block,circular,per_chunk,4,4
12729,12084,15958,16,0,0,layered_block,circular,per_chunk,4,4
12730,12083,15958,16,0,0,layered_block,circular,per_chunk,4,4
12731,12042,15958,16,0,0,layered_block,circular,per_chunk,4,4
12732,12083,16000,16,0,0,layered_block,circular,per_chunk,4,4
12733,12125,16000,16,0,0,layered_block,circular,per_chunk,4,4
12734,12292,16166,16,0,0,layered_block,circular,per_chunk,4,4
12735,12250,16083,16,0,0,layered_block,circular,per_chunk,4,4
12736,12166,16083,16,0,0,layered_block,circular,per_chunk,4,4
12737,12084,16042,16,0,0,layered_block,circular,per_chunk,4,4
12738,12000,16000,16,0,0,layered_block,circular,per_chunk,4,4
12739,12083,16000,16,0,0,layered_block,circular,per_chunk,4,4
12740,12125,16000,16,0,0,layered_block,circular,per_chunk,4,4
12741,12208,16041,16,0,0,layered_block,circular,per_chunk,4,4
12742,19708,23667,16,0,0,layered_block,circular,per_chunk,4,4
12743,12125,16000,16,0,0,layered_block,circular,per_chunk,4,4
12744,12250,16125,16,0,0,layered_block,circular,per_chunk,4,4
12745,12042,15916,16,0,0,layered_block,circular,per_chunk,4,4
12746,12167,16042,16,0,0,layered_block,circular,per_chunk,4,4
12747,12417,16584,16,0,0,layered_block,circular,per_chunk,4,4
12748,12208,16042,16,0,0,layered_block,circular,per_chunk,4,4
12749,12167,16125,16,0,0,layered_block,circular,per_chunk,4,4
12750,12208,16125,16,0,0,layered_block,circular,per_chunk,4,4
12751,12125,16041,16,0,0,layered_block,circular,per_chunk,4,4
12752,12666,16542,16,0,0,layered_block,circular,per_chunk,4,4
12753,12167,16041,16,0,0,layered_block,circular,per_chunk,4,4
12754,12000,15958,16,0,0,layered_block,circular,per_chunk,4,4
12755,12083,16042,16,0,0,layered_block,circular,per_chunk,4,4
12756,12042,15958,16,0,0,layered_block,circular,per_chunk,4,4
12757,12167,16166,16,0,0,layered_block,circular,per_chunk,4,4
12758,12833,22917,16,0,0,layered_block,circular,per_chunk,4,4
12759,12042,15958,16,0,0,layered_block,circular,per_chunk,4,4
12760,12125,16000,16,0,0,layered_block,circular,per_chunk,4,4
12761,19875,23833,16,0,0,layered_block,circular,per_chunk,4,4
12762,12125,16000,16,0,0,layered_block,circular,per_chunk,4,4
12763,12084,16000,16,0,0,layered_block,circular,per_chunk,4,4
12764,12083,16000,16,0,0,layered_block,circular,per_chunk,4,4
12765,12083,15917,16,0,0,layered_block,circular,per_chunk,4,4
12766,12166,16041,16,0,0,layered_block,circular,per_chunk,4,4
12767,12041,15917,16,0,0,layered_block,circular,per_chunk,4,4
12768,12167,16041,16,0,0,layered_block,circular,per_chunk,4,4
12769,11917,16084,16,0,0,layered_block,circular,per_chunk,4,4
12770,12125,16042,16,0,0,layered_block,circular,per_chunk,4,4
12771,12167,16084,16,0,0,layered_block,circular,per_chunk,4,4
12772,12041,16000,16,0,0,layered_block,circular,per_chunk,4,4
12773,12125,16000,16,0,0,layered_block,circular,per_chunk,4,4
12774,11917,15917,16,0,0,layered_block,circular,per_chunk,4,4
12775,12083,16042,16,0,0,layered_block,circular,per_chunk,4,4
12776,12084,16000,16,0,0,layered_block,circular,per_chunk,4,4
12777,12125,16000,16,0,0,layered_block,circular,per_chunk,4,4
12778,12459,16708,16,0,0,layered_block,circular,per_chunk,4,4
12779,12125,16042,16,0,0,layered_block,circular,per_chunk,4,4
12780,12000,16083,16,0,0,layered_block,circular,per_chunk,4,4
12781,12208,16125,16,0,0,layered_block,circular,per_chunk,4,4
12782,12166,16000,16,0,0,layered_block,circular,per_chunk,4,4
12783,12083,15958,16,0,0,layered_block,circular,per_chunk,4,4
12784,12083,21750,16,0,0,layered_block,circular,per_chunk,4,4
12785,12334,16209,16,0,0,layered_block,circular,per_chunk,4,4
12786,11917,16000,16,0,0,layered_block,circular,per_chunk,4,4
12787,12334,16208,16,0,0,layered_block,circular,per_chunk,4,4
12788,12292,16125,16,0,0,layered_block,circular,per_chunk,4,4
12789,12084,16000,16,0,0,layered_block,circular,per_chunk,4,4
12790,19042,22875,16,0,0,layered_block,circular,per_chunk,4,4
12791,12083,16000,16,0,0,layered_block,circular,per_chunk,4,4
12792,12416,16333,16,0,0,layered_block,circular,per_chunk,4,4
12793,12333,16209,16,0,0,layered_block,circular,per_chunk,4,4
12794,12292,16250,16,0,0,layered_block,circular,per_chunk,4,4
12795,12041,15958,16,0,0,layered_block,circular,per_chunk,4,4
12796,19333,23208,16,0,0,layered_block,circular,per_chunk,4,4
12797,12333,16250,16,0,0,layered_block,circular,per_chunk,4,4
12798,12334,16250,16,0,0,layered_block,circular,per_chunk,4,4
12799,12250,16125,16,0,0,layered_block,circular,per_chunk,4,4
12800,12167,16041,16,0,0,layered_block,circular,per_chunk,4,4
12801,12209,16125,16,0,0,layered_block,circular,per_chunk,4,4
12802,18208,22500,16,0,0,layered_block,circular,per_chunk,4,4
12803,12334,16084,16,0,0,layered_block,circular,per_chunk,4,4
12804,12041,16083,16,0,0,layered_block,circular,per_chunk,4,4
12805,12125,16000,16,0,0,layered_block,circular,per_chunk,4,4
12806,12083,16042,16,0,0,layered_block,circular,per_chunk,4,4
12807,12458,16292,16,0,0,layered_block,circular,per_chunk,4,4
12808,12625,16458,16,0,0,layered_block,circular,per_chunk,4,4
12809,12375,16250,16,0,0,layered_block,circular,per_chunk,4,4
12810,12083,16000,16,0,0,layered_block,circular,per_chunk,4,4
12811,12333,16208,16,0,0,layered_block,circular,per_chunk,4,4
12812,12292,16125,16,0,0,layered_block,circular,per_chunk,4,4
12813,12083,16000,16,0,0,layered_block,circular,per_chunk,4,4
12814,12000,16000,16,0,0,layered_block,circular,per_chunk,4,4
12815,12041,15958,16,0,0,layered_block,circular,per_chunk,4,4
12816,12125,16000,16,0,0,layered_block,circular,per_chunk,4,4
12817,12083,15958,16,0,0,layered_block,circular,per_chunk,4,4
12818,12084,16041,16,0,0,layered_block,circular,per_chunk,4,4
12819,12166,16041,16,0,0,layered_block,circular,per_chunk,4,4
12820,12083,16000,16,0,0,layered_block,circular,per_chunk,4,4
12821,12375,16292,16,0,0,layered_block,circular,per_chunk,4,4
12822,12000,15958,16,0,0,layered_block,circular,per_chunk,4,4
12823,12208,16042,16,0,0,layered_block,circular,per_chunk,4,4
12824,12208,16125,16,0,0,layered_block,circular,per_chunk,4,4
12825,13083,17334,16,0,0,layered_block,circular,per_chunk,4,4
12826,12125,16042,16,0,0,layered_block,circular,per_chunk,4,4
12827,12083,16084,16,0,0,layered_block,circular,per_chunk,4,4
12828,19959,23875,16,0,0,layered_block,circular,per_chunk,4,4
12829,12459,16333,16,0,0,layered_block,circular,per_chunk,4,4
12830,12208,16167,16,0,0,layered_block,circular,per_chunk,4,4
12831,12083,16000,16,0,0,layered_block,circular,per_chunk,4,4
12832,12042,15958,16,0,0,layered_block,circular,per_chunk,4,4
12833,12292,16375,16,0,0,layered_block,circular,per_chunk,4,4
12834,12083,15958,16,0,0,layered_block,circular,per_chunk,4,4
12835,12333,16167,16,0,0,layered_block,circular,per_chunk,4,4
12836,12166,16000,16,0,0,layered_block,circular,per_chunk,4,4
12837,12167,16042,16,0,0,layered_block,circular,per_chunk,4,4
12838,12083,15916,16,0,0,layered_block,circular,per_chunk,4,4
12839,12042,16000,16,0,0,layered_block,circular,per_chunk,4,4
12840,12166,16208,16,0,0,layered_block,circular,per_chunk,4,4
12841,12125,16208,16,0,0,layered_block,circular,per_chunk,4,4
12842,12125,16000,16,0,0,layered_block,circular,per_chunk,4,4
12843,12250,16208,16,0,0,layered_block,circular,per_chunk,4,4
12844,12042,16000,16,0,0,layered_block,circular,per_chunk,4,4
12845,12458,16625,16,0,0,layered_block,circular,per_chunk,4,4
12846,12041,15958,16,0,0,layered_block,circular,per_chunk,4,4
12847,11875,16041,16,0,0,layered_block,circular,per_chunk,4,4
12848,13041,24208,16,0,0,layered_block,circular,per_chunk,4,4
12849,12208,16042,16,0,0,layered_block,circular,per_chunk,4,4
12850,12125,16042,16,0,0,layered_block,circular,per_chunk,4,4
12851,12042,15958,16,0,0,layered_block,circular,per_chunk,4,4
12852,12042,16000,16,0,0,layered_block,circular,per_chunk,4,4
12853,12125,16042,16,0,0,layered_block,circular,per_chunk,4,4
12854,12084,16000,16,0,0,layered_block,circular,per_chunk,4,4
12855,12125,16000,16,0,0,layered_block,circular,per_chunk,4,4
12856,12167,16084,16,0,0,layered_block,circular,per_chunk,4,4
12857,12292,16125,16,0,0,layered_block,circular,per_chunk,4,4
12858,12125,16042,16,0,0,layered_block,circular,per_chunk,4,4
12859,12042,16000,16,0,0,layered_block,circular,per_chunk,4,4
12860,12167,16000,16,0,0,layered_block,circular,per_chunk,4,4
12861,12375,16208,16,0,0,layered_block,circular,per_chunk,4,4
12862,12125,16000,16,0,0,layered_block,circular,per_chunk,4,4
12863,19208,23208,16,0,0,layered_block,circular,per_chunk,4,4
12864,12209,16125,16,0,0,layered_block,circular,per_chunk,4,4
12865,12125,16041,16,0,0,layered_block,circular,per_chunk,4,4
12866,12041,15917,16,0,0,layered_block,circular,per_chunk,4,4
12867,12125,16000,16,0,0,layered_block,circular,per_chunk,4,4
12868,12166,16125,16,0,0,layered_block,circular,per_chunk,4,4
12869,20125,24042,16,0,0,layered_block,circular,per_chunk,4,4
12870,12208,16084,16,0,0,layered_block,circular,per_chunk,4,4
12871,12333,16209,16,0,0,layered_block,circular,per_chunk,4,4
12872,12083,16041,16,0,0,layered_block,circular,per_chunk,4,4
12873,12125,16042,16,0,0,layered_block,circular,per_chunk,4,4
12874,12084,16041,16,0,0,layered_block,circular,per_chunk,4,4
12875,12125,16042,16,0,0,layered_block,circular,per_chunk,4,4
12876,12125,16000,16,0,0,layered_block,circular,per_chunk,4,4
12877,12042,16167,16,0,0,layered_block,circular,per_chunk,4,4
12878,12208,16084,16,0,0,layered_block,circular,per_chunk,4,4
12879,12292,16125,16,0,0,layered_block,circular,per_chunk,4,4
12880,12208,16125,16,0,0,layered_block,circular,per_chunk,4,4
12881,12292,16208,16,0,0,layered_block,circular,per_chunk,4,4
12882,12083,15916,16,0,0,layered_block,circular,per_chunk,4,4
12883,12250,16125,16,0,0,layered_block,circular,per_chunk,4,4
12884,12292,16208,16,0,0,layered_block,circular,per_chunk,4,4
12885,12125,16041,16,0,0,layered_block,circular,per_chunk,4,4
12886,12042,16000,16,0,0,layered_block,circular,per_chunk,4,4
12887,12166,16000,16,0,0,layered_block,circular,per_chunk,4,4
12888,12166,16083,16,0,0,layered_block,circular,per_chunk,4,4
12889,12000,15958,16,0,0,layered_block,circular,per_chunk,4,4
12890,12084,16000,16,0,0,layered_block,circular,per_chunk,4,4
12891,12250,16167,16,0,0,layered_block,circular,per_chunk,4,4
12892,12125,16083,16,0,0,layered_block,circular,per_chunk,4,4
12893,12208,16000,16,0,0,layered_block,circular,per_chunk,4,4
12894,12167,16125,16,0,0,layered_block,circular,per_chunk,4,4
12895,12125,16041,16,0,0,layered_block,circular,per_chunk,4,4
12896,12083,16042,16,0,0,layered_block,circular,per_chunk,4,4
12897,12000,15959,16,0,0,layered_block,circular,per_chunk,4,4
12898,12792,16958,16,0,0,layered_block,circular,per_chunk,4,4
12899,12417,16291,16,0,0,layered_block,circular,per_chunk,4,4
12900,12083,16209,16,0,0,layered_block,circular,per_chunk,4,4
12901,12375,16250,16,0,0,layered_block,circular,per_chunk,4,4
12902,12250,16083,16,0,0,layered_block,circular,per_chunk,4,4
12903,12167,16041,16,0,0,layered_block,circular,per_chunk,4,4
12904,12000,15917,16,0,0,layered_block,circular,per_chunk,4,4
12905,12167,16000,16,0,0,layered_block,circular,per_chunk,4,4
12906,11917,16000,16,0,0,layered_block,circular,per_chunk,4,4
12907,12084,16000,16,0,0,layered_block,circular,per_chunk,4,4
12908,12334,16208,16,0,0,layered_block,circular,per_chunk,4,4
12909,12042,16000,16,0,0,layered_block,circular,per_chunk,4,4
12910,12083,16000,16,0,0,layered_block,circular,per_chunk,4,4
12911,12084,15958,16,0,0,layered_block,circular,per_chunk,4,4
12912,12083,16042,16,0,0,layered_block,circular,per_chunk,4,4
12913,12125,15958,16,0,0,layered_block,circular,per_chunk,4,4
12914,12042,16000,16,0,0,layered_block,circular,per_chunk,4,4
12915,11875,16042,16,0,0,layered_block,circular,per_chunk,4,4
12916,12042,15917,16,0,0,layered_block,circular,per_chunk,4,4
12917,12083,15916,16,0,0,layered_block,circular,per_chunk,4,4
12918,12125,16083,16,0,0,layered_block,circular,per_chunk,4,4
12919,12167,16000,16,0,0,layered_block,circular,per_chunk,4,4
12920,12125,16042,16,0,0,layered_block,circular,per_chunk,4,4
12921,12125,16042,16,0,0,layered_block,circular,per_chunk,4,4
12922,12250,16208,16,0,0,layered_block,circular,per_chunk,4,4
12923,12041,16000,16,0,0,layered_block,circular,per_chunk,4,4
12924,12250,16083,16,0,0,layered_block,circular,per_chunk,4,4
12925,12042,15958,16,0,0,layered_block,circular,per_chunk,4,4
12926,12125,16083,16,0,0,layered_block,circular,per_chunk,4,4
12927,12167,16084,16,0,0,layered_block,circular,per_chunk,4,4
12928,12375,16208,16,0,0,layered_block,circular,per_chunk,4,4
12929,12042,16000,16,0,0,layered_block,circular,per_chunk,4,4
12930,19250,23209,16,0,0,layered_block,circular,per_chunk,4,4
12931,12125,16042,16,0,0,layered_block,circular,per_chunk,4,4
12932,12209,16291,16,0,0,layered_block,circular,per_chunk,4,4
12933,12084,16000,16,0,0,layered_block,circular,per_chunk,4,4
12934,12208,16042,16,0,0,layered_block,circular,per_chunk,4,4
12935,12416,16292,16,0,0,layered_block,circular,per_chunk,4,4
12936,12083,16000,16,0,0,layered_block,circular,per_chunk,4,4
12937,12084,16000,16,0,0,layered_block,circular,per_chunk,4,4
12938,12250,16083,16,0,0,layered_block,circular,per_chunk,4,4
12939,12125,16084,16,0,0,layered_block,circular,per_chunk,4,4
12940,12167,16041,16,0,0,layered_block,circular,per_chunk,4,4
12941,12125,16000,16,0,0,layered_block,circular,per_chunk,4,4
12942,12041,15958,16,0,0,layered_block,circular,per_chunk,4,4
12943,12041,15958,16,0,0,layered_block,circular,per_chunk,4,4
12944,12250,16167,16,0,0,layered_block,circular,per_chunk,4,4
12945,12250,16041,16,0,0,layered_block,circular,per_chunk,4,4
12946,12250,16083,16,0,0,layered_block,circular,per_chunk,4,4
12947,12125,91959,16,0,0,layered_block,circular,per_chunk,4,4
12948,12042,15959,16,0,0,layered_block,circular,per_chunk,4,4
12949,12000,15917,16,0,0,layered_block,circular,per_chunk,4,4
12950,12083,16000,16,0,0,layered_block,circular,per_chunk,4,4
12951,12292,16166,16,0,0,layered_block,circular,per_chunk,4,4
12952,12042,15959,16,0,0,layered_block,circular,per_chunk,4,4
12953,12291,16250,16,0,0,layered_block,circular,per_chunk,4,4
12954,12292,16167,16,0,0,layered_block,circular,per_chunk,4,4
12955,12083,16000,16,0,0,layered_block,circular,per_chunk,4,4
12956,12042,15875,16,0,0,layered_block,circular,per_chunk,4,4
12957,12166,16042,16,0,0,layered_block,circular,per_chunk,4,4
12958,12083,16000,16,0,0,layered_block,circular,per_chunk,4,4
12959,12167,16083,16,0,0,layered_block,circular,per_chunk,4,4
12960,11959,16000,16,0,0,layered_block,circular,per_chunk,4,4
12961,12333,16167,16,0,0,layered_block,circular,per_chunk,4,4
12962,12209,16041,16,0,0,layered_block,circular,per_chunk,4,4
12963,12250,16209,16,0,0,layered_block,circular,per_chunk,4,4
12964,12625,16917,16,0,0,layered_block,circular,per_chunk,4,4
12965,12083,15958,16,0,0,layered_block,circular,per_chunk,4,4
12966,12375,16333,16,0,0,layered_block,circular,per_chunk,4,4
12967,12459,16416,16,0,0,layered_block,circular,per_chunk,4,4
12968,12125,16042,16,0,0,layered_block,circular,per_chunk,4,4
12969,12083,15916,16,0,0,layered_block,circular,per_chunk,4,4
12970,12125,16083,16,0,0,layered_block,circular,per_chunk,4,4
12971,12167,16000,16,0,0,layered_block,circular,per_chunk,4,4
12972,12250,16166,16,0,0,layered_block,circular,per_chunk,4,4
12973,12083,16042,16,0,0,layered_block,circular,per_chunk,4,4
12974,12416,16250,16,0,0,layered_block,circular,per_chunk,4,4
12975,12292,16209,16,0,0,layered_block,circular,per_chunk,4,4
12976,12209,16083,16,0,0,layered_block,circular,per_chunk,4,4
12977,12041,15917,16,0,0,layered_block,circular,per_chunk,4,4
12978,12125,16042,16,0,0,layered_block,circular,per_chunk,4,4
12979,11833,16000,16,0,0,layered_block,circular,per_chunk,4,4
12980,12667,16875,16,0,0,layered_block,circular,per_chunk,4,4
12981,12250,16042,16,0,0,layered_block,circular,per_chunk,4,4
12982,12083,16000,16,0,0,layered_block,circular,per_chunk,4,4
12983,12125,16000,16,0,0,layered_block,circular,per_chunk,4,4
12984,12125,16000,16,0,0,layered_block,circular,per_chunk,4,4
12985,12083,16250,16,0,0,layered_block,circular,per_chunk,4,4
12986,12333,16292,16,0,0,layered_block,circular,per_chunk,4,4
12987,12125,16000,16,0,0,layered_block,circular,per_chunk,4,4
12988,11875,16042,16,0,0,layered_block,circular,per_chunk,4,4
12989,12125,16042,16,0,0,layered_block,circular,per_chunk,4,4
12990,12292,16209,16,0,0,layered_block,circular,per_chunk,4,4
12991,12125,16083,16,0,0,layered_block,circular,per_chunk,4,4
12992,12125,16000,16,0,0,layered_block,circular,per_chunk,4,4
12993,12125,16041,16,0,0,layered_block,circular,per_chunk,4,4
12994,12125,16000,16,0,0,layered_block,circular,per_chunk,4,4
12995,12166,16041,16,0,0,layered_block,circular,per_chunk,4,4
12996,12250,16125,16,0,0,layered_block,circular,per_chunk,4,4
12997,12041,16042,16,0,0,layered_block,circular,per_chunk,4,4
12998,12250,16084,16,0,0,layered_block,circular,per_chunk,4,4
12999,12125,16083,16,0,0,layered_block,circular,per_chunk,4,4
13000,12250,16167,16,0,0,layered_block,circular,per_chunk,4,4
13001,12166,16083,16,0,0,layered_block,circular,per_chunk,4,4
13002,12125,16042,16,0,0,layered_block,circular,per_chunk,4,4
13003,12042,15958,16,0,0,layered_block,circular,per_chunk,4,4
13004,12209,16041,16,0,0,layered_block,circular,per_chunk,4,4
13005,12042,15959,16,0,0,layered_block,circular,per_chunk,4,4
13006,19625,23542,16,0,0,layered_block,circular,per_chunk,4,4
13007,12208,16042,16,0,0,layered_block,circular,per_chunk,4,4
13008,12083,16083,16,0,0,layered_block,circular,per_chunk,4,4
13009,12292,16208,16,0,0,layered_block,circular,per_chunk,4,4
13010,12084,16000,16,0,0,layered_block,circular,per_chunk,4,4
13011,12041,16000,16,0,0,layered_block,circular,per_chunk,4,4
13012,12084,15958,16,0,0,layered_block,circular,per_chunk,4,4
13013,12125,16000,16,0,0,layered_block,circular,per_chunk,4,4
13014,11875,16000,16,0,0,layered_block,circular,per_chunk,4,4
13015,20333,24208,16,0,0,layered_block,circular,per_chunk,4,4
13016,12084,15958,16,0,0,layered_block,circular,per_chunk,4,4
13017,12167,16084,16,0,0,layered_block,circular,per_chunk,4,4
13018,12083,16000,16,0,0,layered_block,circular,per_chunk,4,4
13019,12125,16000,16,0,0,layered_block,circular,per_chunk,4,4
13020,12167,16000,16,0,0,layered_block,circular,per_chunk,4,4
13021,12000,15959,16,0,0,layered_block,circular,per_chunk,4,4
13022,12125,16042,16,0,0,layered_block,circular,per_chunk,4,4
13023,12084,16000,16,0,0,layered_block,circular,per_chunk,4,4
13024,12166,16000,16,0,0,layered_block,circular,per_chunk,4,4
13025,12125,16000,16,0,0,layered_block,circular,per_chunk,4,4
13026,20083,24083,16,0,0,layered_block,circular,per_chunk,4,4
13027,12167,15958,16,0,0,layered_block,circular,per_chunk,4,4
13028,12042,16000,16,0,0,layered_block,circular,per_chunk,4,4
13029,12209,16041,16,0,0,layered_block,circular,per_chunk,4,4
13030,12084,15916,16,0,0,layered_block,circular,per_chunk,4,4
13031,11958,15958,16,0,0,layered_block,circular,per_chunk,4,4
13032,11958,15917,16,0,0,layered_block,circular,per_chunk,4,4
13033,12083,15958,16,0,0,layered_block,circular,per_chunk,4,4
13034,12042,16000,16,0,0,layered_block,circular,per_chunk,4,4
13035,12000,15917,16,0,0,layered_block,circular,per_chunk,4,4
13036,12125,15959,16,0,0,layered_block,circular,per_chunk,4,4
13037,12166,16083,16,0,0,layered_block,circular,per_chunk,4,4
13038,12084,15958,16,0,0,layered_block,circular,per_chunk,4,4
13039,12334,16250,16,0,0,layered_block,circular,per_chunk,4,4
13040,11875,15917,16,0,0,layered_block,circular,per_chunk,4,4
13041,12209,16041,16,0,0,layered_block,circular,per_chunk,4,4
13042,12084,15958,16,0,0,layered_block,circular,per_chunk,4,4
13043,12000,15916,16,0,0,layered_block,circular,per_chunk,4,4
13044,12041,15917,16,0,0,layered_block,circular,per_chunk,4,4
13045,12042,16000,16,0,0,layered_block,circular,per_chunk,4,4
13046,18459,22333,16,0,0,layered_block,circular,per_chunk,4,4
13047,12417,16167,16,0,0,layered_block,circular,per_chunk,4,4
13048,12084,16000,16,0,0,layered_block,circular,per_chunk,4,4
13049,12500,16375,16,0,0,layered_block,circular,per_chunk,4,4
13050,12125,15958,16,0,0,layered_block,circular,per_chunk,4,4
13051,12292,16250,16,0,0,layered_block,circular,per_chunk,4,4
13052,12042,15917,16,0,0,layered_block,circular,per_chunk,4,4
13053,12250,16084,16,0,0,layered_block,circular,per_chunk,4,4
13054,12333,16250,16,0,0,layered_block,circular,per_chunk,4,4
13055,12125,16042,16,0,0,layered_block,circular,per_chunk,4,4
13056,12041,15875,16,0,0,layered_block,circular,per_chunk,4,4
13057,12333,16250,16,0,0,layered_block,circular,per_chunk,4,4
13058,12084,16000,16,0,0,layered_block,circular,per_chunk,4,4
13059,12042,15875,16,0,0,layered_block,circular,per_chunk,4,4
13060,12125,16209,16,0,0,layered_block,circular,per_chunk,4,4
13061,20375,24333,16,0,0,layered_block,circular,per_chunk,4,4
13062,12125,16000,16,0,0,layered_block,circular,per_chunk,4,4
13063,11917,15917,16,0,0,layered_block,circular,per_chunk,4,4
13064,12292,16167,16,0,0,layered_block,circular,per_chunk,4,4
13065,12000,15875,16,0,0,layered_block,circular,per_chunk,4,4
13066,12416,16291,16,0,0,layered_block,circular,per_chunk,4,4
13067,12333,16083,16,0,0,layered_block,circular,per_chunk,4,4
13068,12167,15959,16,0,0,layered_block,circular,per_chunk,4,4
13069,12333,16125,16,0,0,layered_block,circular,per_chunk,4,4
13070,12041,15917,16,0,0,layered_block,circular,per_chunk,4,4
13071,12292,16166,16,0,0,layered_block,circular,per_chunk,4,4
13072,12083,16000,16,0,0,layered_block,circular,per_chunk,4,4
13073,12084,15875,16,0,0,layered_block,circular,per_chunk,4,4
13074,12125,15958,16,0,0,layered_block,circular,per_chunk,4,4
13075,12000,16000,16,0,0,layered_block,circular,per_chunk,4,4
13076,12125,16042,16,0,0,layered_block,circular,per_chunk,4,4
13077,12167,16042,16,0,0,layered_block,circular,per_chunk,4,4
13078,12000,15959,16,0,0,layered_block,circular,per_chunk,4,4
13079,12291,16125,16,0,0,layered_block,circular,per_chunk,4,4
13080,12250,16167,16,0,0,layered_block,circular,per_chunk,4,4
13081,12000,15916,16,0,0,layered_block,circular,per_chunk,4,4
13082,19333,23250,16,0,0,layered_block,circular,per_chunk,4,4
13083,12125,16000,16,0,0,layered_block,circular,per_chunk,4,4
13084,12000,16083,16,0,0,layered_block,circular,per_chunk,4,4
13085,12083,15916,16,0,0,layered_block,circular,per_chunk,4,4
13086,12083,16000,16,0,0,layered_block,circular,per_chunk,4,4
13087,11917,15875,16,0,0,layered_block,circular,per_chunk,4,4
13088,12042,15958,16,0,0,layered_block,circular,per_chunk,4,4
13089,12041,15958,16,0,0,layered_block,circular,per_chunk,4,4
13090,12250,16417,16,0,0,layered_block,circular,per_chunk,4,4
13091,12250,16125,16,0,0,layered_block,circular,per_chunk,4,4
13092,12166,16000,16,0,0,layered_block,circular,per_chunk,4,4
13093,12333,16292,16,0,0,layered_block,circular,per_chunk,4,4
13094,12500,16334,16,0,0,layered_block,circular,per_chunk,4,4
13095,12125,15917,16,0,0,layered_block,circular,per_chunk,4,4
13096,12041,15875,16,0,0,layered_block,circular,per_chunk,4,4
13097,12041,15958,16,0,0,layered_block,circular,per_chunk,4,4
13098,12167,15959,16,0,0,layered_block,circular,per_chunk,4,4
13099,12083,15917,16,0,0,layered_block,circular,per_chunk,4,4
13100,12042,15917,16,0,0,layered_block,circular,per_chunk,4,4
13101,12208,16083,16,0,0,layered_block,circular,per_chunk,4,4
13102,11958,15875,16,0,0,layered_block,circular,per_chunk,4,4
13103,12042,15959,16,0,0,layered_block,circular,per_chunk,4,4
13104,12000,15958,16,0,0,layered_block,circular,per_chunk,4,4
13105,12291,16208,16,0,0,layered_block,circular,per_chunk,4,4
13106,12125,15958,16,0,0,layered_block,circular,per_chunk,4,4
13107,12084,15958,16,0,0,layered_block,circular,per_chunk,4,4
13108,12792,17000,16,0,0,layered_block,circular,per_chunk,4,4
13109,12208,16042,16,0,0,layered_block,circular,per_chunk,4,4
13110,12125,15917,16,0,0,layered_block,circular,per_chunk,4,4
13111,12125,15917,16,0,0,layered_block,circular,per_chunk,4,4
13112,12042,15958,16,0,0,layered_block,circular,per_chunk,4,4
13113,12125,16000,16,0,0,layered_block,circular,per_chunk,4,4
13114,12167,16042,16,0,0,layered_block,circular,per_chunk,4,4
13115,12083,15917,16,0,0,layered_block,circular,per_chunk,4,4
13116,12208,15958,16,0,0,layered_block,circular,per_chunk,4,4
13117,12125,16000,16,0,0,layered_block,circular,per_chunk,4,4
13118,12166,16042,16,0,0,layered_block,circular,per_chunk,4,4
13119,12416,16208,16,0,0,layered_block,circular,per_chunk,4,4
13120,20291,24250,16,0,0,layered_block,circular,per_chunk,4,4
13121,12292,16125,16,0,0,layered_block,circular,per_chunk,4,4
13122,12083,16000,16,0,0,layered_block,circular,per_chunk,4,4
13123,12084,16000,16,0,0,layered_block,circular,per_chunk,4,4
13124,12083,15958,16,0,0,layered_block,circular,per_chunk,4,4
13125,11958,21916,16,0,0,layered_block,circular,per_chunk,4,4
13126,12083,15959,16,0,0,layered_block,circular,per_chunk,4,4
13127,12334,16250,16,0,0,layered_block,circular,per_chunk,4,4
13128,12167,16000,16,0,0,layered_block,circular,per_chunk,4,4
13129,12333,16208,16,0,0,layered_block,circular,per_chunk,4,4
13130,12208,16041,16,0,0,layered_block,circular,per_chunk,4,4
13131,12125,15959,16,0,0,layered_block,circular,per_chunk,4,4
13132,11916,16000,16,0,0,layered_block,circular,per_chunk,4,4
13133,12000,15875,16,0,0,layered_block,circular,per_chunk,4,4
13134,11917,16000,16,0,0,layered_block,circular,per_chunk,4,4
13135,12084,15959,16,0,0,layered_block,circular,per_chunk,4,4
13136,12042,15875,16,0,0,layered_block,circular,per_chunk,4,4
13137,12167,16000,16,0,0,layered_block,circular,per_chunk,4,4
13138,12167,16041,16,0,0,layered_block,circular,per_chunk,4,4
13139,12083,15958,16,0,0,layered_block,circular,per_chunk,4,4
13140,12083,15958,16,0,0,layered_block,circular,per_chunk,4,4
13141,20917,24833,16,0,0,layered_block,circular,per_chunk,4,4
13142,12084,15959,16,0,0,layered_block,circular,per_chunk,4,4
13143,12083,15916,16,0,0,layered_block,circular,per_chunk,4,4
13144,12000,15917,16,0,0,layered_block,circular,per_chunk,4,4
13145,12125,15917,16,0,0,layered_block,circular,per_chunk,4,4
13146,12250,16083,16,0,0,layered_block,circular,per_chunk,4,4
13147,12041,15917,16,0,0,layered_block,circular,per_chunk,4,4
13148,12250,16166,16,0,0,layered_block,circular,per_chunk,4,4
13149,12125,16000,16,0,0,layered_block,circular,per_chunk,4,4
13150,12166,15916,16,0,0,layered_block,circular,per_chunk,4,4
13151,12041,15958,16,0,0,layered_block,circular,per_chunk,4,4
13152,12167,15917,16,0,0,layered_block,circular,per_chunk,4,4
13153,12209,16042,16,0,0,layered_block,circular,per_chunk,4,4
13154,97833,102000,16,0,0,layered_block,circular,per_chunk,4,4
13155,12167,16000,16,0,0,layered_block,circular,per_chunk,4,4
13156,12083,15917,16,0,0,layered_block,circular,per_chunk,4,4
13157,12208,16042,16,0,0,layered_block,circular,per_chunk,4,4
13158,12125,16000,16,0,0,layered_block,circular,per_chunk,4,4
13159,12125,15958,16,0,0,layered_block,circular,per_chunk,4,4
13160,12167,16042,16,0,0,layered_block,circular,per_chunk,4,4
13161,12083,15958,16,0,0,layered_block,circular,per_chunk,4,4
13162,12042,15917,16,0,0,layered_block,circular,per_chunk,4,4
13163,12125,15959,16,0,0,layered_block,circular,per_chunk,4,4
13164,12209,16000,16,0,0,layered_block,circular,per_chunk,4,4
13165,12000,15875,16,0,0,layered_block,circular,per_chunk,4,4
13166,12083,22333,16,0,0,layered_block,circular,per_chunk,4,4
13167,12083,15917,16,0,0,layered_block,circular,per_chunk,4,4
13168,12166,16000,16,0,0,layered_block,circular,per_chunk,4,4
13169,20416,24291,16,0,0,layered_block,circular,per_chunk,4,4
13170,12250,16000,16,0,0,layered_block,circular,per_chunk,4,4
13171,12167,15958,16,0,0,layered_block,circular,per_chunk,4,4
13172,12125,16000,16,0,0,layered_block,circular,per_chunk,4,4
13173,12083,15958,16,0,0,layered_block,circular,per_chunk,4,4
13174,12166,16042,16,0,0,layered_block,circular,per_chunk,4,4
13175,12041,15958,16,0,0,layered_block,circular,per_chunk,4,4
13176,12042,15916,16,0,0,layered_block,circular,per_chunk,4,4
13177,12083,15958,16,0,0,layered_block,circular,per_chunk,4,4
13178,12167,15959,16,0,0,layered_block,circular,per_chunk,4,4
13179,12333,16208,16,0,0,layered_block,circular,per_chunk,4,4
13180,12042,15959,16,0,0,layered_block,circular,per_chunk,4,4
13181,12125,15959,16,0,0,layered_block,circular,per_chunk,4,4
13182,12042,15916,16,0,0,layered_block,circular,per_chunk,4,4
13183,20625,24417,16,0,0,layered_block,circular,per_chunk,4,4
13184,12125,15959,16,0,0,layered_block,circular,per_chunk,4,4
13185,12042,15917,16,0,0,layered_block,circular,per_chunk,4,4
13186,12042,15958,16,0,0,layered_block,circular,per_chunk,4,4
13187,12000,15959,16,0,0,layered_block,circular,per_chunk,4,4
13188,12167,16000,16,0,0,layered_block,circular,per_chunk,4,4
13189,12000,15916,16,0,0,layered_block,circular,per_chunk,4,4
13190,12042,16000,16,0,0,layered_block,circular,per_chunk,4,4
13191,12084,15916,16,0,0,layered_block,circular,per_chunk,4,4
13192,12083,16000,16,0,0,layered_block,circular,per_chunk,4,4
13193,12125,16000,16,0,0,layered_block,circular,per_chunk,4,4
13194,12083,15916,16,0,0,layered_block,circular,per_chunk,4,4
13195,12292,16125,16,0,0,layered_block,circular,per_chunk,4,4
13196,12250,16083,16,0,0,layered_block,circular,per_chunk,4,4
13197,12042,15917,16,0,0,layered_block,circular,per_chunk,4,4
13198,12125,15958,16,0,0,layered_block,circular,per_chunk,4,4
13199,12125,16042,16,0,0,layered_block,circular,per_chunk,4,4
13200,12166,15958,16,0,0,layered_block,circular,per_chunk,4,4
13201,12084,16083,16,0,0,layered_block,circular,per_chunk,4,4
13202,12208,16083,16,0,0,layered_block,circular,per_chunk,4,4
13203,12167,15959,16,0,0,layered_block,circular,per_chunk,4,4
13204,12083,15958,16,0,0,layered_block,circular,per_chunk,4,4
13205,12042,15875,16,0,0,layered_block,circular,per_chunk,4,4
13206,12167,16041,16,0,0,layered_block,circular,per_chunk,4,4
13207,12167,15959,16,0,0,layered_block,circular,per_chunk,4,4
13208,12250,16125,16,0,0,layered_block,circular,per_chunk,4,4
13209,12083,15959,16,0,0,layered_block,circular,per_chunk,4,4
13210,12250,16042,16,0,0,layered_block,circular,per_chunk,4,4
13211,12084,15959,16,0,0,layered_block,circular,per_chunk,4,4
13212,12125,15958,16,0,0,layered_block,circular,per_chunk,4,4
13213,11875,15916,16,0,0,layered_block,circular,per_chunk,4,4
13214,12291,16167,16,0,0,layered_block,circular,per_chunk,4,4
13215,12084,16000,16,0,0,layered_block,circular,per_chunk,4,4
13216,12084,16000,16,0,0,layered_block,circular,per_chunk,4,4
13217,12167,15958,16,0,0,layered_block,circular,per_chunk,4,4
13218,12042,15958,16,0,0,layered_block,circular,per_chunk,4,4
13219,12000,15875,16,0,0,layered_block,circular,per_chunk,4,4
13220,12083,15917,16,0,0,layered_block,circular,per_chunk,4,4
13221,12041,15916,16,0,0,layered_block,circular,per_chunk,4,4
13222,12084,15958,16,0,0,layered_block,circular,per_chunk,4,4
13223,12000,15959,16,0,0,layered_block,circular,per_chunk,4,4
13224,12083,15958,16,0,0,layered_block,circular,per_chunk,4,4
13225,12167,15959,16,0,0,layered_block,circular,per_chunk,4,4
13226,12125,16000,16,0,0,layered_block,circular,per_chunk,4,4
13227,12042,15875,16,0,0,layered_block,circular,per_chunk,4,4
13228,12667,16541,16,0,0,layered_block,circular,per_chunk,4,4
13229,12125,15958,16,0,0,layered_block,circular,per_chunk,4,4
13230,12042,15917,16,0,0,layered_block,circular,per_chunk,4,4
13231,12083,15916,16,0,0,layered_block,circular,per_chunk,4,4
13232,12125,15959,16,0,0,layered_block,circular,per_chunk,4,4
13233,12000,15917,16,0,0,layered_block,circular,per_chunk,4,4
13234,12000,15916,16,0,0,layered_block,circular,per_chunk,4,4
13235,12125,16000,16,0,0,layered_block,circular,per_chunk,4,4
13236,12125,16000,16,0,0,layered_block,circular,per_chunk,4,4
13237,12000,15875,16,0,0,layered_block,circular,per_chunk,4,4
13238,12333,16167,16,0,0,layered_block,circular,per_chunk,4,4
13239,12000,15875,16,0,0,layered_block,circular,per_chunk,4,4
13240,12208,16041,16,0,0,layered_block,circular,per_chunk,4,4
13241,12042,15917,16,0,0,layered_block,circular,per_chunk,4,4
13242,12125,15958,16,0,0,layered_block,circular,per_chunk,4,4
13243,11959,15959,16,0,0,layered_block,circular,per_chunk,4,4
13244,12292,16083,16,0,0,layered_block,circular,per_chunk,4,4
13245,12083,16000,16,0,0,layered_block,circular,per_chunk,4,4
13246,19500,23417,16,0,0,layered_block,circular,per_chunk,4,4
13247,12042,16000,16,0,0,layered_block,circular,per_chunk,4,4
13248,11917,15958,16,0,0,layered_block,circular,per_chunk,4,4
13249,20541,24416,16,0,0,layered_block,circular,per_chunk,4,4
13250,12209,16042,16,0,0,layered_block,circular,per_chunk,4,4
13251,12125,16000,16,0,0,layered_block,circular,per_chunk,4,4
13252,12084,15958,16,0,0,layered_block,circular,per_chunk,4,4
13253,12083,15959,16,0,0,layered_block,circular,per_chunk,4,4
13254,12417,16834,16,0,0,layered_block,circular,per_chunk,4,4
13255,12333,16250,16,0,0,layered_block,circular,per_chunk,4,4
13256,12000,15917,16,0,0,layered_block,circular,per_chunk,4,4
13257,12208,16125,16,0,0,layered_block,circular,per_chunk,4,4
13258,12042,16000,16,0,0,layered_block,circular,per_chunk,4,4
13259,12084,15959,16,0,0,layered_block,circular,per_chunk,4,4
13260,12250,16125,16,0,0,layered_block,circular,per_chunk,4,4
13261,12042,15917,16,0,0,layered_block,circular,per_chunk,4,4
13262,12167,16042,16,0,0,layered_block,circular,per_chunk,4,4
13263,12042,15916,16,0,0,layered_block,circular,per_chunk,4,4
13264,12000,15917,16,0,0,layered_block,circular,per_chunk,4,4
13265,12041,16000,16,0,0,layered_block,circular,per_chunk,4,4
13266,12333,16083,16,0,0,layered_block,circular,per_chunk,4,4
13267,12083,16000,16,0,0,layered_block,circular,per_chunk,4,4
13268,20625,24458,16,0,0,layered_block,circular,per_chunk,4,4
13269,12125,15958,16,0,0,layered_block,circular,per_chunk,4,4
13270,12041,15875,16,0,0,layered_block,circular,per_chunk,4,4
13271,11791,15917,16,0,0,layered_block,circular,per_chunk,4,4
13272,12083,15917,16,0,0,layered_block,circular,per_chunk,4,4
13273,12083,15959,16,0,0,layered_block,circular,per_chunk,4,4
13274,12000,15958,16,0,0,layered_block,circular,per_chunk,4,4
13275,12083,16000,16,0,0,layered_block,circular,per_chunk,4,4
13276,12166,15916,16,0,0,layered_block,circular,per_chunk,4,4
13277,12125,15917,16,0,0,layered_block,circular,per_chunk,4,4
13278,12083,15916,16,0,0,layered_block,circular,per_chunk,4,4
13279,12000,15834,16,0,0,layered_block,circular,per_chunk,4,4
13280,12209,16125,16,0,0,layered_block,circular,per_chunk,4,4
13281,12167,15959,16,0,0,layered_block,circular,per_chunk,4,4
13282,12375,16125,16,0,0,layered_block,circular,per_chunk,4,4
13283,12083,15958,16,0,0,layered_block,circular,per_chunk,4,4
13284,12166,16000,16,0,0,layered_block,circular,per_chunk,4,4
13285,12084,15958,16,0,0,layered_block,circular,per_chunk,4,4
13286,11875,15875,16,0,0,layered_block,circular,per_chunk,4,4
13287,11958,15875,16,0,0,layered_block,circular,per_chunk,4,4
13288,12125,16041,16,0,0,layered_block,circular,per_chunk,4,4
13289,11875,16000,16,0,0,layered_block,circular,per_chunk,4,4
13290,12041,15917,16,0,0,layered_block,circular,per_chunk,4,4
13291,12000,15875,16,0,0,layered_block,circular,per_chunk,4,4
13292,12291,16125,16,0,0,layered_block,circular,per_chunk,4,4
13293,12208,16042,16,0,0,layered_block,circular,per_chunk,4,4
13294,11958,15875,16,0,0,layered_block,circular,per_chunk,4,4
13295,12083,16166,16,0,0,layered_block,circular,per_chunk,4,4
13296,12208,16000,16,0,0,layered_block,circular,per_chunk,4,4
13297,12125,16042,16,0,0,layered_block,circular,per_chunk,4,4
13298,12041,15875,16,0,0,layered_block,circular,per_chunk,4,4
13299,12083,15916,16,0,0,layered_block,circular,per_chunk,4,4
13300,12041,16000,16,0,0,layered_block,circular,per_chunk,4,4
13301,12291,16125,16,0,0,layered_block,circular,per_chunk,4,4
13302,12166,15958,16,0,0,layered_block,circular,per_chunk,4,4
13303,12041,16042,16,0,0,layered_block,circular,per_chunk,4,4
13304,12084,15917,16,0,0,layered_block,circular,per_chunk,4,4
13305,12000,15917,16,0,0,layered_block,circular,per_chunk,4,4
13306,12125,15917,16,0,0,layered_block,circular,per_chunk,4,4
13307,12167,15959,16,0,0,layered_block,circular,per_chunk,4,4
13308,12041,15916,16,0,0,layered_block,circular,per_chunk,4,4
13309,12209,16084,16,0,0,layered_block,circular,per_chunk,4,4
13310,12042,15916,16,0,0,layered_block,circular,per_chunk,4,4
13311,12125,16000,16,0,0,layered_block,circular,per_chunk,4,4
13312,12417,16208,16,0,0,layered_block,circular,per_chunk,4,4
13313,12166,15916,16,0,0,layered_block,circular,per_chunk,4,4
13314,12083,16000,16,0,0,layered_block,circular,per_chunk,4,4
13315,12334,16208,16,0,0,layered_block,circular,per_chunk,4,4
13316,12083,15958,16,0,0,layered_block,circular,per_chunk,4,4
13317,12000,15959,16,0,0,layered_block,circular,per_chunk,4,4
13318,12041,15958,16,0,0,layered_block,circular,per_chunk,4,4
13319,12041,15916,16,0,0,layered_block,circular,per_chunk,4,4
13320,12250,16166,16,0,0,layered_block,circular,per_chunk,4,4
13321,12375,16250,16,0,0,layered_block,circular,per_chunk,4,4
13322,12125,15959,16,0,0,layered_block,circular,per_chunk,4,4
13323,12125,15917,16,0,0,layered_block,circular,per_chunk,4,4
13324,12125,16000,16,0,0,layered_block,circular,per_chunk,4,4
13325,12000,15917,16,0,0,layered_block,circular,per_chunk,4,4
13326,12292,16208,16,0,0,layered_block,circular,per_chunk,4,4
13327,12125,16000,16,0,0,layered_block,circular,per_chunk,4,4
13328,12167,15917,16,0,0,layered_block,circular,per_chunk,4,4
13329,12708,16542,16,0,0,layered_block,circular,per_chunk,4,4
13330,12125,16000,16,0,0,layered_block,circular,per_chunk,4,4
13331,12042,15917,16,0,0,layered_block,circular,per_chunk,4,4
13332,12125,16041,16,0,0,layered_block,circular,per_chunk,4,4
13333,12208,16000,16,0,0,layered_block,circular,per_chunk,4,4
13334,12167,15958,16,0,0,layered_block,circular,per_chunk,4,4
13335,12125,16000,16,0,0,layered_block,circular,per_chunk,4,4
13336,12042,15958,16,0,0,layered_block,circular,per_chunk,4,4
13337,12125,16042,16,0,0,layered_block,circular,per_chunk,4,4
13338,12084,15958,16,0,0,layered_block,circular,per_chunk,4,4
13339,12125,16083,16,0,0,layered_block,circular,per_chunk,4,4
13340,12375,16125,16,0,0,layered_block,circular,per_chunk,4,4
13341,12042,16000,16,0,0,layered_block,circular,per_chunk,4,4
13342,12459,16375,16,0,0,layered_block,circular,per_chunk,4,4
13343,12083,15958,16,0,0,layered_block,circular,per_chunk,4,4
13344,12041,15958,16,0,0,layered_block,circular,per_chunk,4,4
13345,12084,15959,16,0,0,layered_block,circular,per_chunk,4,4
13346,12042,15959,16,0,0,layered_block,circular,per_chunk,4,4
13347,12084,15917,16,0,0,layered_block,circular,per_chunk,4,4
13348,12208,16042,16,0,0,layered_block,circular,per_chunk,4,4
13349,12083,15958,16,0,0,layered_block,circular,per_chunk,4,4
13350,12167,15958,16,0,0,layered_block,circular,per_chunk,4,4
13351,11833,15958,16,0,0,layered_block,circular,per_chunk,4,4
13352,12125,15958,16,0,0,layered_block,circular,per_chunk,4,4
13353,12250,16042,16,0,0,layered_block,circular,per_chunk,4,4
13354,12000,15917,16,0,0,layered_block,circular,per_chunk,4,4
13355,12167,15917,16,0,0,layered_block,circular,per_chunk,4,4
13356,12042,15916,16,0,0,layered_block,circular,per_chunk,4,4
13357,12167,16041,16,0,0,layered_block,circular,per_chunk,4,4
13358,12083,15959,16,0,0,layered_block,circular,per_chunk,4,4
13359,12125,15958,16,0,0,layered_block,circular,per_chunk,4,4
13360,12000,15959,16,0,0,layered_block,circular,per_chunk,4,4
13361,12167,16000,16,0,0,layered_block,circular,per_chunk,4,4
13362,12125,15958,16,0,0,layered_block,circular,per_chunk,4,4
13363,12042,16000,16,0,0,layered_block,circular,per_chunk,4,4
13364,12250,16083,16,0,0,layered_block,circular,per_chunk,4,4
13365,12125,16000,16,0,0,layered_block,circular,per_chunk,4,4
13366,12250,16125,16,0,0,layered_block,circular,per_chunk,4,4
13367,12209,15959,16,0,0,layered_block,circular,per_chunk,4,4
13368,12167,16000,16,0,0,layered_block,circular,per_chunk,4,4
13369,12084,16000,16,0,0,layered_block,circular,per_chunk,4,4
13370,12250,16167,16,0,0,layered_block,circular,per_chunk,4,4
13371,12000,15833,16,0,0,layered_block,circular,per_chunk,4,4
13372,11958,15917,16,0,0,layered_block,circular,per_chunk,4,4
13373,12042,15875,16,0,0,layered_block,circular,per_chunk,4,4
13374,12000,15917,16,0,0,layered_block,circular,per_chunk,4,4
13375,12167,16042,16,0,0,layered_block,circular,per_chunk,4,4
13376,21542,25542,16,0,0,layered_block,circular,per_chunk,4,4
13377,12083,15959,16,0,0,layered_block,circular,per_chunk,4,4
13378,12083,15958,16,0,0,layered_block,circular,per_chunk,4,4
13379,12041,15917,16,0,0,layered_block,circular,per_chunk,4,4
13380,12041,15917,16,0,0,layered_block,circular,per_chunk,4,4
13381,12250,16000,16,0,0,layered_block,circular,per_chunk,4,4
13382,12167,16041,16,0,0,layered_block,circular,per_chunk,4,4
13383,12208,15958,16,0,0,layered_block,circular,per_chunk,4,4
13384,12000,15875,16,0,0,layered_block,circular,per_chunk,4,4
13385,12042,15917,16,0,0,layered_block,circular,per_chunk,4,4
13386,12042,15917,16,0,0,layered_block,circular,per_chunk,4,4
13387,12083,15959,16,0,0,layered_block,circular,per_chunk,4,4
13388,12125,15917,16,0,0,layered_block,circular,per_chunk,4,4
13389,12166,15916,16,0,0,layered_block,circular,per_chunk,4,4
13390,11875,16000,16,0,0,layered_block,circular,per_chunk,4,4
13391,12041,15958,16,0,0,layered_block,circular,per_chunk,4,4
13392,12167,15958,16,0,0,layered_block,circular,per_chunk,4,4
13393,12166,16000,16,0,0,layered_block,circular,per_chunk,4,4
13394,11958,15875,16,0,0,layered_block,circular,per_chunk,4,4
13395,12375,16166,16,0,0,layered_block,circular,per_chunk,4,4
13396,12000,15917,16,0,0,layered_block,circular,per_chunk,4,4
13397,12125,15917,16,0,0,layered_block,circular,per_chunk,4,4
13398,12042,15917,16,0,0,layered_block,circular,per_chunk,4,4
13399,18208,22250,16,0,0,layered_block,circular,per_chunk,4,4
13400,12042,15958,16,0,0,layered_block,circular,per_chunk,4,4
13401,12042,15958,16,0,0,layered_block,circular,per_chunk,4,4
13402,12291,16208,16,0,0,layered_block,circular,per_chunk,4,4
13403,12333,16125,16,0,0,layered_block,circular,per_chunk,4,4
13404,12042,15917,16,0,0,layered_block,circular,per_chunk,4,4
13405,19625,23625,16,0,0,layered_block,circular,per_chunk,4,4
13406,12125,15959,16,0,0,layered_block,circular,per_chunk,4,4
13407,12250,16125,16,0,0,layered_block,circular,per_chunk,4,4
13408,12250,16125,16,0,0,layered_block,circular,per_chunk,4,4
13409,12333,16125,16,0,0,layered_block,circular,per_chunk,4,4
13410,12042,15917,16,0,0,layered_block,circular,per_chunk,4,4
13411,18500,22416,16,0,0,layered_block,circular,per_chunk,4,4
13412,12042,15916,16,0,0,layered_block,circular,per_chunk,4,4
13413,12250,16166,16,0,0,layered_block,circular,per_chunk,4,4
13414,12042,15875,16,0,0,layered_block,circular,per_chunk,4,4
13415,12125,15917,16,0,0,layered_block,circular,per_chunk,4,4
13416,12084,15959,16,0,0,layered_block,circular,per_chunk,4,4
13417,19625,23583,16,0,0,layered_block,circular,per_chunk,4,4
13418,12125,15958,16,0,0,layered_block,circular,per_chunk,4,4
13419,12125,16000,16,0,0,layered_block,circular,per_chunk,4,4
13420,12042,15917,16,0,0,layered_block,circular,per_chunk,4,4
13421,12166,16000,16,0,0,layered_block,circular,per_chunk,4,4
13422,12083,15958,16,0,0,layered_block,circular,per_chunk,4,4
13423,12042,15875,16,0,0,layered_block,circular,per_chunk,4,4
13424,12041,15917,16,0,0,layered_block,circular,per_chunk,4,4
13425,12083,15958,16,0,0,layered_block,circular,per_chunk,4,4
13426,12167,16041,16,0,0,layered_block,circular,per_chunk,4,4
13427,12292,16125,16,0,0,layered_block,circular,per_chunk,4,4
13428,12083,16000,16,0,0,layered_block,circular,per_chunk,4,4
13429,12083,15959,16,0,0,layered_block,circular,per_chunk,4,4
13430,12042,15875,16,0,0,layered_block,circular,per_chunk,4,4
13431,12000,15875,16,0,0,layered_block,circular,per_chunk,4,4
13432,12583,16375,16,0,0,layered_block,circular,per_chunk,4,4
13433,12000,15959,16,0,0,layered_block,circular,per_chunk,4,4
13434,12292,16125,16,0,0,layered_block,circular,per_chunk,4,4
13435,12250,16083,16,0,0,layered_block,circular,per_chunk,4,4
13436,12083,16000,16,0,0,layered_block,circular,per_chunk,4,4
13437,12125,16125,16,0,0,layered_block,circular,per_chunk,4,4
13438,12167,16042,16,0,0,layered_block,circular,per_chunk,4,4
13439,12250,16209,16,0,0,layered_block,circular,per_chunk,4,4
13440,12083,15875,16,0,0,layered_block,circular,per_chunk,4,4
13441,12291,16583,16,0,0,layered_block,circular,per_chunk,4,4
13442,12541,16291,16,0,0,layered_block,circular,per_chunk,4,4
13443,12084,16041,16,0,0,layered_block,circular,per_chunk,4,4
13444,12542,16750,16,0,0,layered_block,circular,per_chunk,4,4
13445,12083,15959,16,0,0,layered_block,circular,per_chunk,4,4
13446,12042,15917,16,0,0,layered_block,circular,per_chunk,4,4
13447,12083,15917,16,0,0,layered_block,circular,per_chunk,4,4
13448,12084,15959,16,0,0,layered_block,circular,per_chunk,4,4
13449,12084,15959,16,0,0,layered_block,circular,per_chunk,4,4
13450,12083,16000,16,0,0,layered_block,circular,per_chunk,4,4
13451,12125,15958,16,0,0,layered_block,circular,per_chunk,4,4
13452,12125,15958,16,0,0,layered_block,circular,per_chunk,4,4
13453,12209,16000,16,0,0,layered_block,circular,per_chunk,4,4
13454,12042,16083,16,0,0,layered_block,circular,per_chunk,4,4
13455,12167,15958,16,0,0,layered_block,circular,per_chunk,4,4
13456,12042,15917,16,0,0,layered_block,circular,per_chunk,4,4
13457,12292,16167,16,0,0,layered_block,circular,per_chunk,4,4
13458,12500,16333,16,0,0,layered_block,circular,per_chunk,4,4
13459,12209,16000,16,0,0,layered_block,circular,per_chunk,4,4
13460,12084,16000,16,0,0,layered_block,circular,per_chunk,4,4
13461,12500,16417,16,0,0,layered_block,circular,per_chunk,4,4
13462,12042,15959,16,0,0,layered_block,circular,per_chunk,4,4
13463,12083,16000,16,0,0,layered_block,circular,per_chunk,4,4
13464,12250,16084,16,0,0,layered_block,circular,per_chunk,4,4
13465,12125,15916,16,0,0,layered_block,circular,per_chunk,4,4
13466,12083,15917,16,0,0,layered_block,circular,per_chunk,4,4
13467,12083,15958,16,0,0,layered_block,circular,per_chunk,4,4
13468,12417,16209,16,0,0,layered_block,circular,per_chunk,4,4
13469,12292,16167,16,0,0,layered_block,circular,per_chunk,4,4
13470,19375,23250,16,0,0,layered_block,circular,per_chunk,4,4
13471,12291,16125,16,0,0,layered_block,circular,per_chunk,4,4
13472,12125,15917,16,0,0,layered_block,circular,per_chunk,4,4
13473,12167,16000,16,0,0,layered_block,circular,per_chunk,4,4
13474,12625,16417,16,0,0,layered_block,circular,per_chunk,4,4
13475,12208,16083,16,0,0,layered_block,circular,per_chunk,4,4
13476,12125,16000,16,0,0,layered_block,circular,per_chunk,4,4
13477,12167,15917,16,0,0,layered_block,circular,per_chunk,4,4
13478,12083,15917,16,0,0,layered_block,circular,per_chunk,4,4
13479,12000,15834,16,0,0,layered_block,circular,per_chunk,4,4
13480,12292,16208,16,0,0,layered_block,circular,per_chunk,4,4
13481,12125,15958,16,0,0,layered_block,circular,per_chunk,4,4
13482,12042,15958,16,0,0,layered_block,circular,per_chunk,4,4
13483,12084,15917,16,0,0,layered_block,circular,per_chunk,4,4
13484,12084,16000,16,0,0,layered_block,circular,per_chunk,4,4
13485,12125,15916,16,0,0,layered_block,circular,per_chunk,4,4
13486,12459,16375,16,0,0,layered_block,circular,per_chunk,4,4
13487,19750,23667,16,0,0,layered_block,circular,per_chunk,4,4
13488,12000,15875,16,0,0,layered_block,circular,per_chunk,4,4
13489,12083,15917,16,0,0,layered_block,circular,per_chunk,4,4
13490,12292,16167,16,0,0,layered_block,circular,per_chunk,4,4
13491,12083,16000,16,0,0,layered_block,circular,per_chunk,4,4
13492,12167,16000,16,0,0,layered_block,circular,per_chunk,4,4
13493,12041,15917,16,0,0,layered_block,circular,per_chunk,4,4
13494,12166,16041,16,0,0,layered_block,circular,per_chunk,4,4
13495,12291,16208,16,0,0,layered_block,circular,per_chunk,4,4
13496,12000,15875,16,0,0,layered_block,circular,per_chunk,4,4
13497,12042,15875,16,0,0,layered_block,circular,per_chunk,4,4
13498,12084,16000,16,0,0,layered_block,circular,per_chunk,4,4
13499,12125,15916,16,0,0,layered_block,circular,per_chunk,4,4
13500,12041,15958,16,0,0,layered_block,circular,per_chunk,4,4
13501,11916,15958,16,0,0,layered_block,circular,per_chunk,4,4
13502,12042,15959,16,0,0,layered_block,circular,per_chunk,4,4
13503,12084,16000,16,0,0,layered_block,circular,per_chunk,4,4
13504,12042,15958,16,0,0,layered_block,circular,per_chunk,4,4
13505,12125,15916,16,0,0,layered_block,circular,per_chunk,4,4
13506,12042,15917,16,0,0,layered_block,circular,per_chunk,4,4
13507,18583,22542,16,0,0,layered_block,circular,per_chunk,4,4
13508,12334,16167,16,0,0,layered_block,circular,per_chunk,4,4
13509,12000,15875,16,0,0,layered_block,circular,per_chunk,4,4
13510,12000,15959,16,0,0,layered_block,circular,per_chunk,4,4
13511,12125,15958,16,0,0,layered_block,circular,per_chunk,4,4
13512,12000,15875,16,0,0,layered_block,circular,per_chunk,4,4
13513,19417,23292,16,0,0,layered_block,circular,per_chunk,4,4
13514,12125,15959,16,0,0,layered_block,circular,per_chunk,4,4
13515,12000,15916,16,0,0,layered_block,circular,per_chunk,4,4
13516,12084,16000,16,0,0,layered_block,circular,per_chunk,4,4
13517,12291,16083,16,0,0,layered_block,circular,per_chunk,4,4
13518,12042,15917,16,0,0,layered_block,circular,per_chunk,4,4
13519,12416,16292,16,0,0,layered_block,circular,per_chunk,4,4
13520,12250,16000,16,0,0,layered_block,circular,per_chunk,4,4
13521,12542,16417,16,0,0,layered_block,circular,per_chunk,4,4
13522,12083,15916,16,0,0,layered_block,circular,per_chunk,4,4
13523,12125,16000,16,0,0,layered_block,circular,per_chunk,4,4
13524,12166,16000,16,0,0,layered_block,circular,per_chunk,4,4
13525,12083,16000,16,0,0,layered_block,circular,per_chunk,4,4
13526,12333,16083,16,0,0,layered_block,circular,per_chunk,4,4
13527,12041,15916,16,0,0,layered_block,circular,per_chunk,4,4
13528,11833,15916,16,0,0,layered_block,circular,per_chunk,4,4
13529,12084,15958,16,0,0,layered_block,circular,per_chunk,4,4
13530,12167,15958,16,0,0,layered_block,circular,per_chunk,4,4
13531,12000,15875,16,0,0,layered_block,circular,per_chunk,4,4
13532,12125,15958,16,0,0,layered_block,circular,per_chunk,4,4
13533,12083,16000,16,0,0,layered_block,circular,per_chunk,4,4
13534,12125,16000,16,0,0,layered_block,circular,per_chunk,4,4
13535,12375,16166,16,0,0,layered_block,circular,per_chunk,4,4
13536,12375,16208,16,0,0,layered_block,circular,per_chunk,4,4
13537,12042,15959,16,0,0,layered_block,circular,per_chunk,4,4
13538,12375,16166,16,0,0,layered_block,circular,per_chunk,4,4
13539,12208,15958,16,0,0,layered_block,circular,per_chunk,4,4
13540,12000,15917,16,0,0,layered_block,circular,per_chunk,4,4
13541,12042,15917,16,0,0,layered_block,circular,per_chunk,4,4
13542,12125,16042,16,0,0,layered_block,circular,per_chunk,4,4
13543,12333,16292,16,0,0,layered_block,circular,per_chunk,4,4
13544,12042,15875,16,0,0,layered_block,circular,per_chunk,4,4
13545,12000,15875,16,0,0,layered_block,circular,per_chunk,4,4
13546,12250,16042,16,0,0,layered_block,circular,per_chunk,4,4
13547,12250,16250,16,0,0,layered_block,circular,per_chunk,4,4
13548,12208,15958,16,0,0,layered_block,circular,per_chunk,4,4
13549,12167,16000,16,0,0,layered_block,circular,per_chunk,4,4
13550,12584,16459,16,0,0,layered_block,circular,per_chunk,4,4
13551,12125,15916,16,0,0,layered_block,circular,per_chunk,4,4
13552,12250,16083,16,0,0,layered_block,circular,per_chunk,4,4
13553,12083,15958,16,0,0,layered_block,circular,per_chunk,4,4
13554,12416,16208,16,0,0,layered_block,circular,per_chunk,4,4
13555,12041,16000,16,0,0,layered_block,circular,per_chunk,4,4
13556,12500,16333,16,0,0,layered_block,circular,per_chunk,4,4
13557,12125,15958,16,0,0,layered_block,circular,per_chunk,4,4
13558,12042,15959,16,0,0,layered_block,circular,per_chunk,4,4
13559,12000,15917,16,0,0,layered_block,circular,per_chunk,4,4
13560,12041,15917,16,0,0,layered_block,circular,per_chunk,4,4
13561,12375,16333,16,0,0,layered_block,circular,per_chunk,4,4
13562,12417,16250,16,0,0,layered_block,circular,per_chunk,4,4
13563,12291,16125,16,0,0,layered_block,circular,per_chunk,4,4
13564,12292,16209,16,0,0,layered_block,circular,per_chunk,4,4
13565,12333,16125,16,0,0,layered_block,circular,per_chunk,4,4
13566,12042,15917,16,0,0,layered_block,circular,per_chunk,4,4
13567,12208,16042,16,0,0,layered_block,circular,per_chunk,4,4
13568,12167,16000,16,0,0,layered_block,circular,per_chunk,4,4
13569,12083,15917,16,0,0,layered_block,circular,per_chunk,4,4
13570,12000,15875,16,0,0,layered_block,circular,per_chunk,4,4
13571,12125,16000,16,0,0,layered_block,circular,per_chunk,4,4
13572,12125,15875,16,0,0,layered_block,circular,per_chunk,4,4
13573,12125,15958,16,0,0,layered_block,circular,per_chunk,4,4
13574,12500,16334,16,0,0,layered_block,circular,per_chunk,4,4
13575,12125,15958,16,0,0,layered_block,circular,per_chunk,4,4
13576,12000,15917,16,0,0,layered_block,circular,per_chunk,4,4
13577,12541,16708,16,0,0,layered_block,circular,per_chunk,4,4
13578,12167,16042,16,0,0,layered_block,circular,per_chunk,4,4
13579,12083,16000,16,0,0,layered_block,circular,per_chunk,4,4
13580,12375,16458,16,0,0,layered_block,circular,per_chunk,4,4
13581,12167,16000,16,0,0,layered_block,circular,per_chunk,4,4
13582,12292,16167,16,0,0,layered_block,circular,per_chunk,4,4
13583,12083,16000,16,0,0,layered_block,circular,per_chunk,4,4
13584,12167,15917,16,0,0,layered_block,circular,per_chunk,4,4
13585,12041,15958,16,0,0,layered_block,circular,per_chunk,4,4
13586,12541,16750,16,0,0,layered_block,circular,per_chunk,4,4
13587,12375,16125,16,0,0,layered_block,circular,per_chunk,4,4
13588,12084,15958,16,0,0,layered_block,circular,per_chunk,4,4
13589,12083,15916,16,0,0,layered_block,circular,per_chunk,4,4
13590,20209,24084,16,0,0,layered_block,circular,per_chunk,4,4
13591,12042,15917,16,0,0,layered_block,circular,per_chunk,4,4
13592,12000,15875,16,0,0,layered_block,circular,per_chunk,4,4
13593,12000,15958,16,0,0,layered_block,circular,per_chunk,4,4
13594,12042,15916,16,0,0,layered_block,circular,per_chunk,4,4
13595,12250,16083,16,0,0,layered_block,circular,per_chunk,4,4
13596,11834,15834,16,0,0,layered_block,circular,per_chunk,4,4
13597,12166,16125,16,0,0,layered_block,circular,per_chunk,4,4
13598,12125,15958,16,0,0,layered_block,circular,per_chunk,4,4
13599,12125,15958,16,0,0,layered_block,circular,per_chunk,4,4
13600,12334,16084,16,0,0,layered_block,circular,per_chunk,4,4
13601,12084,16167,16,0,0,layered_block,circular,per_chunk,4,4
13602,12083,15958,16,0,0,layered_block,circular,per_chunk,4,4
13603,19958,23791,16,0,0,layered_block,circular,per_chunk,4,4
13604,12208,15958,16,0,0,layered_block,circular,per_chunk,4,4
13605,12291,16250,16,0,0,layered_block,circular,per_chunk,4,4
13606,12125,15917,16,0,0,layered_block,circular,per_chunk,4,4
13607,12083,15958,16,0,0,layered_block,circular,per_chunk,4,4
13608,12042,15917,16,0,0,layered_block,circular,per_chunk,4,4
13609,12042,15959,16,0,0,layered_block,circular,per_chunk,4,4
13610,12042,15917,16,0,0,layered_block,circular,per_chunk,4,4
13611,12125,15958,16,0,0,layered_block,circular,per_chunk,4,4
13612,12208,16125,16,0,0,layered_block,circular,per_chunk,4,4
13613,12125,15917,16,0,0,layered_block,circular,per_chunk,4,4
13614,12084,15917,16,0,0,layered_block,circular,per_chunk,4,4
13615,12250,16125,16,0,0,layered_block,circular,per_chunk,4,4
13616,12042,15875,16,0,0,layered_block,circular,per_chunk,4,4
13617,12083,15958,16,0,0,layered_block,circular,per_chunk,4,4
13618,12041,15916,16,0,0,layered_block,circular,per_chunk,4,4
13619,12208,15958,16,0,0,layered_block,circular,per_chunk,4,4
13620,12083,15917,16,0,0,layered_block,circular,per_chunk,4,4
13621,12083,16000,16,0,0,layered_block,circular,per_chunk,4,4
13622,12042,15959,16,0,0,layered_block,circular,per_chunk,4,4
13623,12000,15875,16,0,0,layered_block,circular,per_chunk,4,4
13624,12041,15916,16,0,0,layered_block,circular,per_chunk,4,4
13625,12084,15958,16,0,0,layered_block,circular,per_chunk,4,4
13626,12166,15916,16,0,0,layered_block,circular,per_chunk,4,4
13627,12208,16083,16,0,0,layered_block,circular,per_chunk,4,4
13628,12125,16000,16,0,0,layered_block,circular,per_chunk,4,4
13629,12125,16000,16,0,0,layered_block,circular,per_chunk,4,4
13630,12167,16125,16,0,0,layered_block,circular,per_chunk,4,4
13631,12375,16167,16,0,0,layered_block,circular,per_chunk,4,4
13632,12167,15959,16,0,0,layered_block,circular,per_chunk,4,4
13633,12041,15958,16,0,0,layered_block,circular,per_chunk,4,4
13634,12167,16000,16,0,0,layered_block,circular,per_chunk,4,4
13635,12250,16042,16,0,0,layered_block,circular,per_chunk,4,4
13636,12042,15917,16,0,0,layered_block,circular,per_chunk,4,4
13637,12125,15958,16,0,0,layered_block,circular,per_chunk,4,4
13638,12125,15958,16,0,0,layered_block,circular,per_chunk,4,4
13639,12166,15958,16,0,0,layered_block,circular,per_chunk,4,4
13640,20167,24083,16,0,0,layered_block,circular,per_chunk,4,4
13641,12416,16250,16,0,0,layered_block,circular,per_chunk,4,4
13642,12167,16000,16,0,0,layered_block,circular,per_chunk,4,4
13643,12084,15917,16,0,0,layered_block,circular,per_chunk,4,4
13644,12333,16208,16,0,0,layered_block,circular,per_chunk,4,4
13645,12334,16209,16,0,0,layered_block,circular,per_chunk,4,4
13646,13542,17708,16,0,0,layered_block,circular,per_chunk,4,4
13647,11958,15875,16,0,0,layered_block,circular,per_chunk,4,4
13648,12208,16125,16,0,0,layered_block,circular,per_chunk,4,4
13649,12459,16458,16,0,0,layered_block,circular,per_chunk,4,4
13650,12334,16084,16,0,0,layered_block,circular,per_chunk,4,4
13651,12042,15958,16,0,0,layered_block,circular,per_chunk,4,4
13652,12083,15917,16,0,0,layered_block,circular,per_chunk,4,4
13653,12083,15958,16,0,0,layered_block,circular,per_chunk,4,4
13654,12125,15958,16,0,0,layered_block,circular,per_chunk,4,4
13655,12083,16042,16,0,0,layered_block,circular,per_chunk,4,4
13656,12167,15917,16,0,0,layered_block,circular,per_chunk,4,4
13657,12250,16209,16,0,0,layered_block,circular,per_chunk,4,4
13658,12667,16792,16,0,0,layered_block,circular,per_chunk,4,4
13659,12167,15958,16,0,0,layered_block,circular,per_chunk,4,4
13660,12000,15834,16,0,0,layered_block,circular,per_chunk,4,4
13661,12000,15917,16,0,0,layered_block,circular,per_chunk,4,4
13662,12042,15917,16,0,0,layered_block,circular,per_chunk,4,4
13663,12125,16000,16,0,0,layered_block,circular,per_chunk,4,4
13664,12375,16292,16,0,0,layered_block,circular,per_chunk,4,4
13665,12041,15833,16,0,0,layered_block,circular,per_chunk,4,4
13666,12042,15875,16,0,0,layered_block,circular,per_chunk,4,4
13667,12333,16166,16,0,0,layered_block,circular,per_chunk,4,4
13668,12542,16667,16,0,0,layered_block,circular,per_chunk,4,4
13669,12041,15875,16,0,0,layered_block,circular,per_chunk,4,4
13670,12042,15958,16,0,0,layered_block,circular,per_chunk,4,4
13671,12083,15959,16,0,0,layered_block,circular,per_chunk,4,4
13672,12333,16166,16,0,0,layered_block,circular,per_chunk,4,4
13673,12167,16083,16,0,0,layered_block,circular,per_chunk,4,4
13674,19542,23459,16,0,0,layered_block,circular,per_chunk,4,4
13675,12125,16000,16,0,0,layered_block,circular,per_chunk,4,4
13676,12125,15917,16,0,0,layered_block,circular,per_chunk,4,4
13677,12291,16167,16,0,0,layered_block,circular,per_chunk,4,4
13678,12083,15958,16,0,0,layered_block,circular,per_chunk,4,4
13679,12042,15917,16,0,0,layered_block,circular,per_chunk,4,4
13680,12042,15916,16,0,0,layered_block,circular,per_chunk,4,4
13681,12083,15958,16,0,0,layered_block,circular,per_chunk,4,4
13682,12167,16042,16,0,0,layered_block,circular,per_chunk,4,4
13683,12125,16000,16,0,0,layered_block,circular,per_chunk,4,4
13684,12000,15916,16,0,0,layered_block,circular,per_chunk,4,4
13685,12000,15875,16,0,0,layered_block,circular,per_chunk,4,4
13686,11958,15875,16,0,0,layered_block,circular,per_chunk,4,4
13687,12167,15959,16,0,0,layered_block,circular,per_chunk,4,4
13688,12041,16125,16,0,0,layered_block,circular,per_chunk,4,4
13689,12041,15959,16,0,0,layered_block,circular,per_chunk,4,4
13690,12125,15958,16,0,0,layered_block,circular,per_chunk,4,4
13691,12041,15916,16,0,0,layered_block,circular,per_chunk,4,4
13692,12208,16042,16,0,0,layered_block,circular,per_chunk,4,4
13693,12125,15875,16,0,0,layered_block,circular,per_chunk,4,4
13694,12000,15875,16,0,0,layered_block,circular,per_chunk,4,4
13695,12792,23584,16,0,0,layered_block,circular,per_chunk,4,4
13696,12333,16166,16,0,0,layered_block,circular,per_chunk,4,4
13697,12000,15875,16,0,0,layered_block,circular,per_chunk,4,4
13698,12042,15959,16,0,0,layered_block,circular,per_chunk,4,4
13699,12042,15875,16,0,0,layered_block,circular,per_chunk,4,4
13700,12250,16041,16,0,0,layered_block,circular,per_chunk,4,4
13701,12125,15958,16,0,0,layered_block,circular,per_chunk,4,4
13702,12209,16000,16,0,0,layered_block,circular,per_chunk,4,4
13703,12125,16042,16,0,0,layered_block,circular,per_chunk,4,4
13704,12084,22500,16,0,0,layered_block,circular,per_chunk,4,4
13705,12333,16208,16,0,0,layered_block,circular,per_chunk,4,4
13706,12125,15958,16,0,0,layered_block,circular,per_chunk,4,4
13707,12209,16041,16,0,0,layered_block,circular,per_chunk,4,4
13708,12083,15875,16,0,0,layered_block,circular,per_chunk,4,4
13709,12000,15916,16,0,0,layered_block,circular,per_chunk,4,4
13710,12541,16333,16,0,0,layered_block,circular,per_chunk,4,4
13711,12083,15917,16,0,0,layered_block,circular,per_chunk,4,4
13712,12125,16042,16,0,0,layered_block,circular,per_chunk,4,4
13713,12083,16042,16,0,0,layered_block,circular,per_chunk,4,4
13714,12416,23084,16,0,0,layered_block,circular,per_chunk,4,4
13715,12125,16000,16,0,0,layered_block,circular,per_chunk,4,4
13716,12167,16084,16,0,0,layered_block,circular,per_chunk,4,4
13717,12166,16083,16,0,0,layered_block,circular,per_chunk,4,4
13718,12208,16084,16,0,0,layered_block,circular,per_chunk,4,4
13719,12084,16083,16,0,0,layered_block,circular,per_chunk,4,4
13720,19709,23667,16,0,0,layered_block,circular,per_chunk,4,4
13721,12042,15958,16,0,0,layered_block,circular,per_chunk,4,4
13722,12292,16208,16,0,0,layered_block,circular,per_chunk,4,4
13723,12125,16042,16,0,0,layered_block,circular,per_chunk,4,4
13724,12125,16042,16,0,0,layered_block,circular,per_chunk,4,4
13725,11917,15958,16,0,0,layered_block,circular,per_chunk,4,4
13726,12208,16125,16,0,0,layered_block,circular,per_chunk,4,4
13727,12333,16167,16,0,0,layered_block,circular,per_chunk,4,4
13728,12208,16042,16,0,0,layered_block,circular,per_chunk,4,4
13729,11958,15917,16,0,0,layered_block,circular,per_chunk,4,4
13730,12292,16167,16,0,0,layered_block,circular,per_chunk,4,4
13731,12208,16083,16,0,0,layered_block,circular,per_chunk,4,4
13732,12166,16083,16,0,0,layered_block,circular,per_chunk,4,4
13733,12166,16000,16,0,0,layered_block,circular,per_chunk,4,4
13734,12083,16042,16,0,0,layered_block,circular,per_chunk,4,4
13735,12541,23208,16,0,0,layered_block,circular,per_chunk,4,4
13736,12083,15958,16,0,0,layered_block,circular,per_chunk,4,4
13737,12042,15959,16,0,0,layered_block,circular,per_chunk,4,4
13738,12542,16375,16,0,0,layered_block,circular,per_chunk,4,4
13739,12125,16041,16,0,0,layered_block,circular,per_chunk,4,4
13740,12083,15959,16,0,0,layered_block,circular,per_chunk,4,4
13741,20041,24000,16,0,0,layered_block,circular,per_chunk,4,4
13742,12083,16000,16,0,0,layered_block,circular,per_chunk,4,4
13743,12125,16125,16,0,0,layered_block,circular,per_chunk,4,4
13744,12042,15917,16,0,0,layered_block,circular,per_chunk,4,4
13745,12042,15958,16,0,0,layered_block,circular,per_chunk,4,4
13746,12083,16042,16,0,0,layered_block,circular,per_chunk,4,4
13747,12083,16042,16,0,0,layered_block,circular,per_chunk,4,4
13748,12166,16000,16,0,0,layered_block,circular,per_chunk,4,4
13749,12083,16000,16,0,0,layered_block,circular,per_chunk,4,4
13750,12542,16708,16,0,0,layered_block,circular,per_chunk,4,4
13751,11916,16042,16,0,0,layered_block,circular,per_chunk,4,4
13752,12209,16125,16,0,0,layered_block,circular,per_chunk,4,4
13753,12041,16000,16,0,0,layered_block,circular,per_chunk,4,4
13754,12041,15958,16,0,0,layered_block,circular,per_chunk,4,4
13755,12000,15959,16,0,0,layered_block,circular,per_chunk,4,4
13756,12125,16041,16,0,0,layered_block,circular,per_chunk,4,4
13757,12250,16083,16,0,0,layered_block,circular,per_chunk,4,4
13758,12125,16042,16,0,0,layered_block,circular,per_chunk,4,4
13759,12875,16792,16,0,0,layered_block,circular,per_chunk,4,4
13760,12041,15917,16,0,0,layered_block,circular,per_chunk,4,4
13761,12042,16000,16,0,0,layered_block,circular,per_chunk,4,4
13762,12042,15958,16,0,0,layered_block,circular,per_chunk,4,4
13763,12208,16042,16,0,0,layered_block,circular,per_chunk,4,4
13764,12042,15959,16,0,0,layered_block,circular,per_chunk,4,4
13765,11917,16041,16,0,0,layered_block,circular,per_chunk,4,4
13766,12083,16000,16,0,0,layered_block,circular,per_chunk,4,4
13767,12042,15958,16,0,0,layered_block,circular,per_chunk,4,4
13768,12042,16000,16,0,0,layered_block,circular,per_chunk,4,4
13769,12042,15958,16,0,0,layered_block,circular,per_chunk,4,4
13770,12084,16000,16,0,0,layered_block,circular,per_chunk,4,4
13771,12750,16667,16,0,0,layered_block,circular,per_chunk,4,4
13772,19084,23000,16,0,0,layered_block,circular,per_chunk,4,4
13773,12084,15958,16,0,0,layered_block,circular,per_chunk,4,4
13774,12083,16000,16,0,0,layered_block,circular,per_chunk,4,4
13775,12083,15958,16,0,0,layered_block,circular,per_chunk,4,4
13776,12083,15958,16,0,0,layered_block,circular,per_chunk,4,4
13777,12000,15917,16,0,0,layered_block,circular,per_chunk,4,4
13778,12792,17041,16,0,0,layered_block,circular,per_chunk,4,4
13779,12083,16000,16,0,0,layered_block,circular,per_chunk,4,4
13780,12083,16042,16,0,0,layered_block,circular,per_chunk,4,4
13781,18041,22083,16,0,0,layered_block,circular,per_chunk,4,4
13782,12083,15958,16,0,0,layered_block,circular,per_chunk,4,4
13783,12125,16083,16,0,0,layered_block,circular,per_chunk,4,4
13784,12166,16042,16,0,0,layered_block,circular,per_chunk,4,4
13785,12042,15958,16,0,0,layered_block,circular,per_chunk,4,4
13786,12125,16042,16,0,0,layered_block,circular,per_chunk,4,4
13787,12125,16084,16,0,0,layered_block,circular,per_chunk,4,4
13788,12375,16250,16,0,0,layered_block,circular,per_chunk,4,4
13789,12000,16041,16,0,0,layered_block,circular,per_chunk,4,4
13790,12375,16458,16,0,0,layered_block,circular,per_chunk,4,4
13791,12292,16208,16,0,0,layered_block,circular,per_chunk,4,4
13792,12084,16000,16,0,0,layered_block,circular,per_chunk,4,4
13793,12000,15958,16,0,0,layered_block,circular,per_chunk,4,4
13794,12167,16000,16,0,0,layered_block,circular,per_chunk,4,4
13795,12000,16083,16,0,0,layered_block,circular,per_chunk,4,4
13796,12625,22417,16,0,0,layered_block,circular,per_chunk,4,4
13797,13750,17584,16,0,0,layered_block,circular,per_chunk,4,4
13798,12167,16042,16,0,0,layered_block,circular,per_chunk,4,4
13799,12750,16667,16,0,0,layered_block,circular,per_chunk,4,4
13800,11958,15958,16,0,0,layered_block,circular,per_chunk,4,4
13801,12125,16000,16,0,0,layered_block,circular,per_chunk,4,4
13802,11959,15958,16,0,0,layered_block,circular,per_chunk,4,4
13803,12208,15958,16,0,0,layered_block,circular,per_chunk,4,4
13804,12334,16208,16,0,0,layered_block,circular,per_chunk,4,4
13805,12500,16417,16,0,0,layered_block,circular,per_chunk,4,4
13806,12250,16208,16,0,0,layered_block,circular,per_chunk,4,4
13807,12208,16125,16,0,0,layered_block,circular,per_chunk,4,4
13808,12083,16000,16,0,0,layered_block,circular,per_chunk,4,4
13809,12500,16416,16,0,0,layered_block,circular,per_chunk,4,4
13810,12042,15959,16,0,0,layered_block,circular,per_chunk,4,4
13811,12333,16209,16,0,0,layered_block,circular,per_chunk,4,4
13812,12334,16167,16,0,0,layered_block,circular,per_chunk,4,4
13813,12125,16042,16,0,0,layered_block,circular,per_chunk,4,4
13814,12042,15959,16,0,0,layered_block,circular,per_chunk,4,4
13815,12125,16000,16,0,0,layered_block,circular,per_chunk,4,4
13816,12000,15916,16,0,0,layered_block,circular,per_chunk,4,4
13817,12083,15958,16,0,0,layered_block,circular,per_chunk,4,4
13818,12083,15958,16,0,0,layered_block,circular,per_chunk,4,4
13819,12083,16042,16,0,0,layered_block,circular,per_chunk,4,4
13820,11917,16000,16,0,0,layered_block,circular,per_chunk,4,4
13821,12042,15959,16,0,0,layered_block,circular,per_chunk,4,4
13822,12042,16000,16,0,0,layered_block,circular,per_chunk,4,4
13823,12125,16041,16,0,0,layered_block,circular,per_chunk,4,4
13824,12083,16000,16,0,0,layered_block,circular,per_chunk,4,4
13825,12041,15958,16,0,0,layered_block,circular,per_chunk,4,4
13826,12125,16042,16,0,0,layered_block,circular,per_chunk,4,4
13827,12084,16041,16,0,0,layered_block,circular,per_chunk,4,4
13828,12083,16042,16,0,0,layered_block,circular,per_chunk,4,4
13829,12000,15958,16,0,0,layered_block,circular,per_chunk,4,4
13830,21625,25625,16,0,0,layered_block,circular,per_chunk,4,4
13831,12125,16000,16,0,0,layered_block,circular,per_chunk,4,4
13832,12209,16167,16,0,0,layered_block,circular,per_chunk,4,4
13833,12083,15958,16,0,0,layered_block,circular,per_chunk,4,4
13834,12000,15917,16,0,0,layered_block,circular,per_chunk,4,4
13835,12125,16042,16,0,0,layered_block,circular,per_chunk,4,4
13836,12083,16000,16,0,0,layered_block,circular,per_chunk,4,4
13837,12333,16166,16,0,0,layered_block,circular,per_chunk,4,4
13838,12083,16042,16,0,0,layered_block,circular,per_chunk,4,4
13839,12125,16042,16,0,0,layered_block,circular,per_chunk,4,4
13840,12125,16000,16,0,0,layered_block,circular,per_chunk,4,4
13841,12333,16209,16,0,0,layered_block,circular,per_chunk,4,4
13842,12083,15958,16,0,0,layered_block,circular,per_chunk,4,4
13843,12083,16000,16,0,0,layered_block,circular,per_chunk,4,4
13844,12750,16667,16,0,0,layered_block,circular,per_chunk,4,4
13845,19833,23709,16,0,0,layered_block,circular,per_chunk,4,4
13846,12458,16375,16,0,0,layered_block,circular,per_chunk,4,4
13847,12125,16000,16,0,0,layered_block,circular,per_chunk,4,4
13848,12208,16167,16,0,0,layered_block,circular,per_chunk,4,4
13849,12083,16000,16,0,0,layered_block,circular,per_chunk,4,4
13850,12250,16084,16,0,0,layered_block,circular,per_chunk,4,4
13851,20542,24458,16,0,0,layered_block,circular,per_chunk,4,4
13852,12292,16166,16,0,0,layered_block,circular,per_chunk,4,4
13853,12125,16000,16,0,0,layered_block,circular,per_chunk,4,4
13854,12209,16125,16,0,0,layered_block,circular,per_chunk,4,4
13855,12250,16083,16,0,0,layered_block,circular,per_chunk,4,4
13856,11917,16041,16,0,0,layered_block,circular,per_chunk,4,4
13857,20417,24333,16,0,0,layered_block,circular,per_chunk,4,4
13858,12083,16000,16,0,0,layered_block,circular,per_chunk,4,4
13859,12042,16000,16,0,0,layered_block,circular,per_chunk,4,4
13860,12083,21917,16,0,0,layered_block,circular,per_chunk,4,4
13861,12084,16042,16,0,0,layered_block,circular,per_chunk,4,4
13862,12125,16083,16,0,0,layered_block,circular,per_chunk,4,4
13863,15000,87541,16,0,0,layered_block,circular,per_chunk,4,4
13864,12417,16250,16,0,0,layered_block,circular,per_chunk,4,4
13865,12292,16334,16,0,0,layered_block,circular,per_chunk,4,4
13866,12958,17167,16,0,0,layered_block,circular,per_chunk,4,4
13867,12250,16167,16,0,0,layered_block,circular,per_chunk,4,4
13868,12125,16042,16,0,0,layered_block,circular,per_chunk,4,4
13869,12083,16000,16,0,0,layered_block,circular,per_chunk,4,4
13870,12375,16250,16,0,0,layered_block,circular,per_chunk,4,4
13871,12458,16333,16,0,0,layered_block,circular,per_chunk,4,4
13872,12459,16334,16,0,0,layered_block,circular,per_chunk,4,4
13873,12083,15958,16,0,0,layered_block,circular,per_chunk,4,4
13874,12292,16208,16,0,0,layered_block,circular,per_chunk,4,4
13875,12125,16000,16,0,0,layered_block,circular,per_chunk,4,4
13876,12250,16000,16,0,0,layered_block,circular,per_chunk,4,4
13877,12125,16042,16,0,0,layered_block,circular,per_chunk,4,4
13878,19750,23709,16,0,0,layered_block,circular,per_chunk,4,4
13879,12083,16000,16,0,0,layered_block,circular,per_chunk,4,4
13880,12209,16125,16,0,0,layered_block,circular,per_chunk,4,4
13881,12167,16084,16,0,0,layered_block,circular,per_chunk,4,4
13882,12167,16042,16,0,0,layered_block,circular,per_chunk,4,4
13883,12667,16750,16,0,0,layered_block,circular,per_chunk,4,4
13884,12125,16000,16,0,0,layered_block,circular,per_chunk,4,4
13885,12166,16042,16,0,0,layered_block,circular,per_chunk,4,4
13886,12000,16125,16,0,0,layered_block,circular,per_chunk,4,4
13887,12167,16125,16,0,0,layered_block,circular,per_chunk,4,4
13888,12000,15958,16,0,0,layered_block,circular,per_chunk,4,4
13889,12125,16042,16,0,0,layered_block,circular,per_chunk,4,4
13890,12167,16000,16,0,0,layered_block,circular,per_chunk,4,4
13891,12166,16041,16,0,0,layered_block,circular,per_chunk,4,4
13892,12292,16250,16,0,0,layered_block,circular,per_chunk,4,4
13893,12167,16000,16,0,0,layered_block,circular,per_chunk,4,4
13894,12125,16000,16,0,0,layered_block,circular,per_chunk,4,4
13895,12167,16125,16,0,0,layered_block,circular,per_chunk,4,4
13896,12250,16042,16,0,0,layered_block,circular,per_chunk,4,4
13897,12375,16250,16,0,0,layered_block,circular,per_chunk,4,4
13898,12125,16250,16,0,0,layered_block,circular,per_chunk,4,4
13899,12125,16042,16,0,0,layered_block,circular,per_chunk,4,4
13900,12167,16083,16,0,0,layered_block,circular,per_chunk,4,4
13901,12209,16125,16,0,0,layered_block,circular,per_chunk,4,4
13902,12250,16042,16,0,0,layered_block,circular,per_chunk,4,4
13903,12250,16083,16,0,0,layered_block,circular,per_chunk,4,4
13904,12333,16209,16,0,0,layered_block,circular,per_chunk,4,4
13905,12125,16042,16,0,0,layered_block,circular,per_chunk,4,4
13906,12167,16083,16,0,0,layered_block,circular,per_chunk,4,4
13907,12209,16125,16,0,0,layered_block,circular,per_chunk,4,4
13908,12167,16000,16,0,0,layered_block,circular,per_chunk,4,4
13909,12083,16042,16,0,0,layered_block,circular,per_chunk,4,4
13910,12084,16083,16,0,0,layered_block,circular,per_chunk,4,4
13911,12042,15959,16,0,0,layered_block,circular,per_chunk,4,4
13912,12083,16000,16,0,0,layered_block,circular,per_chunk,4,4
13913,12208,16083,16,0,0,layered_block,circular,per_chunk,4,4
13914,12166,16083,16,0,0,layered_block,circular,per_chunk,4,4
13915,12083,16042,16,0,0,layered_block,circular,per_chunk,4,4
13916,12250,16125,16,0,0,layered_block,circular,per_chunk,4,4
13917,12167,16000,16,0,0,layered_block,circular,per_chunk,4,4
13918,12125,16041,16,0,0,layered_block,circular,per_chunk,4,4
13919,12083,16000,16,0,0,layered_block,circular,per_chunk,4,4
13920,12125,15959,16,0,0,layered_block,circular,per_chunk,4,4
13921,12167,16125,16,0,0,layered_block,circular,per_chunk,4,4
13922,12125,16042,16,0,0,layered_block,circular,per_chunk,4,4
13923,12167,16041,16,0,0,layered_block,circular,per_chunk,4,4
13924,12042,16042,16,0,0,layered_block,circular,per_chunk,4,4
13925,12208,16084,16,0,0,layered_block,circular,per_chunk,4,4
13926,12125,15959,16,0,0,layered_block,circular,per_chunk,4,4
13927,12000,16000,16,0,0,layered_block,circular,per_chunk,4,4
13928,12209,16000,16,0,0,layered_block,circular,per_chunk,4,4
13929,12041,16000,16,0,0,layered_block,circular,per_chunk,4,4
13930,12125,16083,16,0,0,layered_block,circular,per_chunk,4,4
13931,12083,16000,16,0,0,layered_block,circular,per_chunk,4,4
13932,48250,52250,16,0,0,layered_block,circular,per_chunk,4,4
13933,12334,16208,16,0,0,layered_block,circular,per_chunk,4,4
13934,12125,16000,16,0,0,layered_block,circular,per_chunk,4,4
13935,12167,16042,16,0,0,layered_block,circular,per_chunk,4,4
13936,15500,91708,16,0,0,layered_block,circular,per_chunk,4,4
13937,12708,16667,16,0,0,layered_block,circular,per_chunk,4,4
13938,12167,16041,16,0,0,layered_block,circular,per_chunk,4,4
13939,12250,16042,16,0,0,layered_block,circular,per_chunk,4,4
13940,12208,16125,16,0,0,layered_block,circular,per_chunk,4,4
13941,12250,16042,16,0,0,layered_block,circular,per_chunk,4,4
13942,12208,16042,16,0,0,layered_block,circular,per_chunk,4,4
13943,11917,16083,16,0,0,layered_block,circular,per_chunk,4,4
13944,12166,16083,16,0,0,layered_block,circular,per_chunk,4,4
13945,12250,16042,16,0,0,layered_block,circular,per_chunk,4,4
13946,12125,16000,16,0,0,layered_block,circular,per_chunk,4,4
13947,19750,23667,16,0,0,layered_block,circular,per_chunk,4,4
13948,12125,16042,16,0,0,layered_block,circular,per_chunk,4,4
13949,12375,16292,16,0,0,layered_block,circular,per_chunk,4,4
13950,12375,16334,16,0,0,layered_block,circular,per_chunk,4,4
13951,12333,16250,16,0,0,layered_block,circular,per_chunk,4,4
13952,12292,16083,16,0,0,layered_block,circular,per_chunk,4,4
13953,12167,16125,16,0,0,layered_block,circular,per_chunk,4,4
13954,12250,16209,16,0,0,layered_block,circular,per_chunk,4,4
13955,12250,16208,16,0,0,layered_block,circular,per_chunk,4,4
13956,12333,16125,16,0,0,layered_block,circular,per_chunk,4,4
13957,12167,16042,16,0,0,layered_block,circular,per_chunk,4,4
13958,12292,16167,16,0,0,layered_block,circular,per_chunk,4,4
13959,12125,16041,16,0,0,layered_block,circular,per_chunk,4,4
13960,12458,16333,16,0,0,layered_block,circular,per_chunk,4,4
13961,12416,16292,16,0,0,layered_block,circular,per_chunk,4,4
13962,12125,16084,16,0,0,layered_block,circular,per_chunk,4,4
13963,12125,16041,16,0,0,layered_block,circular,per_chunk,4,4
13964,12083,15959,16,0,0,layered_block,circular,per_chunk,4,4
13965,12333,16250,16,0,0,layered_block,circular,per_chunk,4,4
13966,12125,16000,16,0,0,layered_block,circular,per_chunk,4,4
13967,12083,16042,16,0,0,layered_block,circular,per_chunk,4,4
13968,12084,16000,16,0,0,layered_block,circular,per_chunk,4,4
13969,21625,25584,16,0,0,layered_block,circular,per_chunk,4,4
13970,12291,16166,16,0,0,layered_block,circular,per_chunk,4,4
13971,12125,16209,16,0,0,layered_block,circular,per_chunk,4,4
13972,12167,16084,16,0,0,layered_block,circular,per_chunk,4,4
13973,12125,16042,16,0,0,layered_block,circular,per_chunk,4,4
13974,12083,16000,16,0,0,layered_block,circular,per_chunk,4,4
13975,12291,16208,16,0,0,layered_block,circular,per_chunk,4,4
13976,12375,16291,16,0,0,layered_block,circular,per_chunk,4,4
13977,12250,16042,16,0,0,layered_block,circular,per_chunk,4,4
13978,12125,16041,16,0,0,layered_block,circular,per_chunk,4,4
13979,12083,16042,16,0,0,layered_block,circular,per_chunk,4,4
13980,12167,16042,16,0,0,layered_block,circular,per_chunk,4,4
13981,12375,16291,16,0,0,layered_block,circular,per_chunk,4,4
13982,12416,22333,16,0,0,layered_block,circular,per_chunk,4,4
13983,12125,16041,16,0,0,layered_block,circular,per_chunk,4,4
13984,12167,16041,16,0,0,layered_block,circular,per_chunk,4,4
13985,12167,16083,16,0,0,layered_block,circular,per_chunk,4,4
13986,12083,15959,16,0,0,layered_block,circular,per_chunk,4,4
13987,12125,16083,16,0,0,layered_block,circular,per_chunk,4,4
13988,12417,16250,16,0,0,layered_block,circular,per_chunk,4,4
13989,12166,16083,16,0,0,layered_block,circular,per_chunk,4,4
13990,11875,16042,16,0,0,layered_block,circular,per_chunk,4,4
13991,12208,16041,16,0,0,layered_block,circular,per_chunk,4,4
13992,12125,16041,16,0,0,layered_block,circular,per_chunk,4,4
13993,12042,16000,16,0,0,layered_block,circular,per_chunk,4,4
13994,12208,16083,16,0,0,layered_block,circular,per_chunk,4,4
13995,12167,16125,16,0,0,layered_block,circular,per_chunk,4,4
13996,12125,16041,16,0,0,layered_block,circular,per_chunk,4,4
13997,12250,16166,16,0,0,layered_block,circular,per_chunk,4,4
13998,12167,16041,16,0,0,layered_block,circular,per_chunk,4,4
13999,12292,16166,16,0,0,layered_block,circular,per_chunk,4,4
14000,12083,15917,16,0,0,layered_block,circular,per_chunk,4,4
14001,12292,16209,16,0,0,layered_block,circular,per_chunk,4,4
14002,12041,15958,16,0,0,layered_block,circular,per_chunk,4,4
14003,12291,16208,16,0,0,layered_block,circular,per_chunk,4,4
14004,12084,15958,16,0,0,layered_block,circular,per_chunk,4,4
14005,12333,16250,16,0,0,layered_block,circular,per_chunk,4,4
14006,12083,16000,16,0,0,layered_block,circular,per_chunk,4,4
14007,12084,16041,16,0,0,layered_block,circular,per_chunk,4,4
14008,12500,16333,16,0,0,layered_block,circular,per_chunk,4,4
14009,17750,21625,16,0,0,layered_block,circular,per_chunk,4,4
14010,12125,16042,16,0,0,layered_block,circular,per_chunk,4,4
14011,12167,16042,16,0,0,layered_block,circular,per_chunk,4,4
14012,12084,16041,16,0,0,layered_block,circular,per_chunk,4,4
14013,12167,15958,16,0,0,layered_block,circular,per_chunk,4,4
14014,12125,16000,16,0,0,layered_block,circular,per_chunk,4,4
14015,12250,16208,16,0,0,layered_block,circular,per_chunk,4,4
14016,12167,15959,16,0,0,layered_block,circular,per_chunk,4,4
14017,12166,16042,16,0,0,layered_block,circular,per_chunk,4,4
14018,12125,23125,16,0,0,layered_block,circular,per_chunk,4,4
14019,12125,15917,16,0,0,layered_block,circular,per_chunk,4,4
14020,12166,16083,16,0,0,layered_block,circular,per_chunk,4,4
14021,12125,16000,16,0,0,layered_block,circular,per_chunk,4,4
14022,12208,16042,16,0,0,layered_block,circular,per_chunk,4,4
14023,12083,16000,16,0,0,layered_block,circular,per_chunk,4,4
14024,20000,23958,16,0,0,layered_block,circular,per_chunk,4,4
14025,12334,16209,16,0,0,layered_block,circular,per_chunk,4,4
14026,12042,16000,16,0,0,layered_block,circular,per_chunk,4,4
14027,12084,15958,16,0,0,layered_block,circular,per_chunk,4,4
14028,14459,19834,16,0,0,layered_block,circular,per_chunk,4,4
14029,12041,15916,16,0,0,layered_block,circular,per_chunk,4,4
14030,12125,22250,16,0,0,layered_block,circular,per_chunk,4,4
14031,12125,16042,16,0,0,layered_block,circular,per_chunk,4,4
14032,12083,16000,16,0,0,layered_block,circular,per_chunk,4,4
14033,12041,15958,16,0,0,layered_block,circular,per_chunk,4,4
14034,12167,16042,16,0,0,layered_block,circular,per_chunk,4,4
14035,12250,16250,16,0,0,layered_block,circular,per_chunk,4,4
14036,12542,16875,16,0,0,layered_block,circular,per_chunk,4,4
14037,12209,16125,16,0,0,layered_block,circular,per_chunk,4,4
14038,12041,15958,16,0,0,layered_block,circular,per_chunk,4,4
14039,12625,16500,16,0,0,layered_block,circular,per_chunk,4,4
14040,12375,16250,16,0,0,layered_block,circular,per_chunk,4,4
14041,12417,16334,16,0,0,layered_block,circular,per_chunk,4,4
14042,11916,16000,16,0,0,layered_block,circular,per_chunk,4,4
14043,12167,16041,16,0,0,layered_block,circular,per_chunk,4,4
14044,12167,16000,16,0,0,layered_block,circular,per_chunk,4,4
14045,12084,16041,16,0,0,layered_block,circular,per_chunk,4,4
14046,12125,16000,16,0,0,layered_block,circular,per_chunk,4,4
14047,12084,15958,16,0,0,layered_block,circular,per_chunk,4,4
14048,12417,16334,16,0,0,layered_block,circular,per_chunk,4,4
14049,12166,16083,16,0,0,layered_block,circular,per_chunk,4,4
14050,12084,15958,16,0,0,layered_block,circular,per_chunk,4,4
14051,11916,16042,16,0,0,layered_block,circular,per_chunk,4,4
14052,12083,16000,16,0,0,layered_block,circular,per_chunk,4,4
14053,12083,16000,16,0,0,layered_block,circular,per_chunk,4,4
14054,12375,16208,16,0,0,layered_block,circular,per_chunk,4,4
14055,12458,16291,16,0,0,layered_block,circular,per_chunk,4,4
14056,12125,15958,16,0,0,layered_block,circular,per_chunk,4,4
14057,12042,15959,16,0,0,layered_block,circular,per_chunk,4,4
14058,19583,23458,16,0,0,layered_block,circular,per_chunk,4,4
14059,12333,16208,16,0,0,layered_block,circular,per_chunk,4,4
14060,12083,15958,16,0,0,layered_block,circular,per_chunk,4,4
14061,12083,16084,16,0,0,layered_block,circular,per_chunk,4,4
14062,12125,16000,16,0,0,layered_block,circular,per_chunk,4,4
14063,12084,16000,16,0,0,layered_block,circular,per_chunk,4,4
14064,12041,15958,16,0,0,layered_block,circular,per_chunk,4,4
14065,12125,16042,16,0,0,layered_block,circular,per_chunk,4,4
14066,12292,16166,16,0,0,layered_block,circular,per_chunk,4,4
14067,12208,16083,16,0,0,layered_block,circular,per_chunk,4,4
14068,12125,16042,16,0,0,layered_block,circular,per_chunk,4,4
14069,12125,16042,16,0,0,layered_block,circular,per_chunk,4,4
14070,12125,16041,16,0,0,layered_block,circular,per_chunk,4,4
14071,12084,16000,16,0,0,layered_block,circular,per_chunk,4,4
14072,12166,16084,16,0,0,layered_block,circular,per_chunk,4,4
14073,12166,16125,16,0,0,layered_block,circular,per_chunk,4,4
14074,12375,16250,16,0,0,layered_block,circular,per_chunk,4,4
14075,12625,16458,16,0,0,layered_block,circular,per_chunk,4,4
14076,12250,16083,16,0,0,layered_block,circular,per_chunk,4,4
14077,12666,16583,16,0,0,layered_block,circular,per_chunk,4,4
14078,12209,16000,16,0,0,layered_block,circular,per_chunk,4,4
14079,12708,16542,16,0,0,layered_block,circular,per_chunk,4,4
14080,12166,16042,16,0,0,layered_block,circular,per_chunk,4,4
14081,12042,15959,16,0,0,layered_block,circular,per_chunk,4,4
14082,12166,16042,16,0,0,layered_block,circular,per_chunk,4,4
14083,12208,16125,16,0,0,layered_block,circular,per_chunk,4,4
14084,12167,15958,16,0,0,layered_block,circular,per_chunk,4,4
14085,12125,16083,16,0,0,layered_block,circular,per_chunk,4,4
14086,12125,16042,16,0,0,layered_block,circular,per_chunk,4,4
14087,12125,16084,16,0,0,layered_block,circular,per_chunk,4,4
14088,12167,16042,16,0,0,layered_block,circular,per_chunk,4,4
14089,12042,16000,16,0,0,layered_block,circular,per_chunk,4,4
14090,12167,16083,16,0,0,layered_block,circular,per_chunk,4,4
14091,12042,15959,16,0,0,layered_block,circular,per_chunk,4,4
14092,12083,16000,16,0,0,layered_block,circular,per_chunk,4,4
14093,12125,16000,16,0,0,layered_block,circular,per_chunk,4,4
14094,12084,16083,16,0,0,layered_block,circular,per_chunk,4,4
14095,12500,16750,16,0,0,layered_block,circular,per_chunk,4,4
14096,12084,16000,16,0,0,layered_block,circular,per_chunk,4,4
14097,12084,16000,16,0,0,layered_block,circular,per_chunk,4,4
14098,12042,15958,16,0,0,layered_block,circular,per_chunk,4,4
14099,12083,15917,16,0,0,layered_block,circular,per_chunk,4,4
14100,12209,16000,16,0,0,layered_block,circular,per_chunk,4,4
14101,12167,16042,16,0,0,layered_block,circular,per_chunk,4,4
14102,12042,15959,16,0,0,layered_block,circular,per_chunk,4,4
14103,12209,16208,16,0,0,layered_block,circular,per_chunk,4,4
14104,12000,15959,16,0,0,layered_block,circular,per_chunk,4,4
14105,12166,16042,16,0,0,layered_block,circular,per_chunk,4,4
14106,12083,15958,16,0,0,layered_block,circular,per_chunk,4,4
14107,12167,16125,16,0,0,layered_block,circular,per_chunk,4,4
14108,19416,23333,16,0,0,layered_block,circular,per_chunk,4,4
14109,12166,16083,16,0,0,layered_block,circular,per_chunk,4,4
14110,12125,16042,16,0,0,layered_block,circular,per_chunk,4,4
14111,12166,16041,16,0,0,layered_block,circular,per_chunk,4,4
14112,12042,15959,16,0,0,layered_block,circular,per_chunk,4,4
14113,12000,16000,16,0,0,layered_block,circular,per_chunk,4,4
14114,12375,16334,16,0,0,layered_block,circular,per_chunk,4,4
14115,12125,16000,16,0,0,layered_block,circular,per_chunk,4,4
14116,12083,15958,16,0,0,layered_block,circular,per_chunk,4,4
14117,12084,16000,16,0,0,layered_block,circular,per_chunk,4,4
14118,12083,16000,16,0,0,layered_block,circular,per_chunk,4,4
14119,12125,16084,16,0,0,layered_block,circular,per_chunk,4,4
14120,12167,16084,16,0,0,layered_block,circular,per_chunk,4,4
14121,12208,16042,16,0,0,layered_block,circular,per_chunk,4,4
14122,12083,16000,16,0,0,layered_block,circular,per_chunk,4,4
14123,12125,16042,16,0,0,layered_block,circular,per_chunk,4,4
14124,12125,16000,16,0,0,layered_block,circular,per_chunk,4,4
14125,12333,16250,16,0,0,layered_block,circular,per_chunk,4,4
14126,20125,24083,16,0,0,layered_block,circular,per_chunk,4,4
14127,12084,16000,16,0,0,layered_block,circular,per_chunk,4,4
14128,12084,16000,16,0,0,layered_block,circular,per_chunk,4,4
14129,12083,16000,16,0,0,layered_block,circular,per_chunk,4,4
14130,12083,16000,16,0,0,layered_block,circular,per_chunk,4,4
14131,12167,16042,16,0,0,layered_block,circular,per_chunk,4,4
14132,12042,15917,16,0,0,layered_block,circular,per_chunk,4,4
14133,12292,16083,16,0,0,layered_block,circular,per_chunk,4,4
14134,12125,16000,16,0,0,layered_block,circular,per_chunk,4,4
14135,19541,23417,16,0,0,layered_block,circular,per_chunk,4,4
14136,12208,16083,16,0,0,layered_block,circular,per_chunk,4,4
14137,12083,16000,16,0,0,layered_block,circular,per_chunk,4,4
14138,12250,16167,16,0,0,layered_block,circular,per_chunk,4,4
14139,12125,16042,16,0,0,layered_block,circular,per_chunk,4,4
14140,12125,16000,16,0,0,layered_block,circular,per_chunk,4,4
14141,12083,16042,16,0,0,layered_block,circular,per_chunk,4,4
14142,12166,16000,16,0,0,layered_block,circular,per_chunk,4,4
14143,12500,16375,16,0,0,layered_block,circular,per_chunk,4,4
14144,12083,16000,16,0,0,layered_block,circular,per_chunk,4,4
14145,12042,16000,16,0,0,layered_block,circular,per_chunk,4,4
14146,12125,16000,16,0,0,layered_block,circular,per_chunk,4,4
14147,12291,16208,16,0,0,layered_block,circular,per_chunk,4,4
14148,12042,15958,16,0,0,layered_block,circular,per_chunk,4,4
14149,12208,16167,16,0,0,layered_block,circular,per_chunk,4,4
14150,12125,16042,16,0,0,layered_block,circular,per_chunk,4,4
14151,12125,16042,16,0,0,layered_block,circular,per_chunk,4,4
14152,11917,16000,16,0,0,layered_block,circular,per_chunk,4,4
14153,12042,15959,16,0,0,layered_block,circular,per_chunk,4,4
14154,12125,16000,16,0,0,layered_block,circular,per_chunk,4,4
14155,12125,15958,16,0,0,layered_block,circular,per_chunk,4,4
14156,12458,16375,16,0,0,layered_block,circular,per_chunk,4,4
14157,12209,16000,16,0,0,layered_block,circular,per_chunk,4,4
14158,12167,16083,16,0,0,layered_block,circular,per_chunk,4,4
14159,12209,16125,16,0,0,layered_block,circular,per_chunk,4,4
14160,12125,16000,16,0,0,layered_block,circular,per_chunk,4,4
14161,12042,16042,16,0,0,layered_block,circular,per_chunk,4,4
14162,12084,16000,16,0,0,layered_block,circular,per_chunk,4,4
14163,12167,15958,16,0,0,layered_block,circular,per_chunk,4,4
14164,12250,16416,16,0,0,layered_block,circular,per_chunk,4,4
14165,12291,16167,16,0,0,layered_block,circular,per_chunk,4,4
14166,12166,16000,16,0,0,layered_block,circular,per_chunk,4,4
14167,12333,16250,16,0,0,layered_block,circular,per_chunk,4,4
14168,12333,16416,16,0,0,layered_block,circular,per_chunk,4,4
14169,12041,15958,16,0,0,layered_block,circular,per_chunk,4,4
14170,12125,16000,16,0,0,layered_block,circular,per_chunk,4,4
14171,12208,16125,16,0,0,layered_block,circular,per_chunk,4,4
14172,12084,16041,16,0,0,layered_block,circular,per_chunk,4,4
14173,12084,16041,16,0,0,layered_block,circular,per_chunk,4,4
14174,12125,16042,16,0,0,layered_block,circular,per_chunk,4,4
14175,12084,16000,16,0,0,layered_block,circular,per_chunk,4,4
14176,12083,16042,16,0,0,layered_block,circular,per_chunk,4,4
14177,12166,16000,16,0,0,layered_block,circular,per_chunk,4,4
14178,12166,16000,16,0,0,layered_block,circular,per_chunk,4,4
14179,12042,15958,16,0,0,layered_block,circular,per_chunk,4,4
14180,12125,16000,16,0,0,layered_block,circular,per_chunk,4,4
14181,12125,16000,16,0,0,layered_block,circular,per_chunk,4,4
14182,12167,16083,16,0,0,layered_block,circular,per_chunk,4,4
14183,11917,15917,16,0,0,layered_block,circular,per_chunk,4,4
14184,12250,16083,16,0,0,layered_block,circular,per_chunk,4,4
14185,12083,16000,16,0,0,layered_block,circular,per_chunk,4,4
14186,11833,16000,16,0,0,layered_block,circular,per_chunk,4,4
14187,12167,16041,16,0,0,layered_block,circular,per_chunk,4,4
14188,12167,16042,16,0,0,layered_block,circular,per_chunk,4,4
14189,12083,16000,16,0,0,layered_block,circular,per_chunk,4,4
14190,12333,16125,16,0,0,layered_block,circular,per_chunk,4,4
14191,12042,16000,16,0,0,layered_block,circular,per_chunk,4,4
14192,12166,16000,16,0,0,layered_block,circular,per_chunk,4,4
14193,12334,16208,16,0,0,layered_block,circular,per_chunk,4,4
14194,12083,16042,16,0,0,layered_block,circular,per_chunk,4,4
14195,12208,16167,16,0,0,layered_block,circular,per_chunk,4,4
14196,12209,16041,16,0,0,layered_block,circular,per_chunk,4,4
14197,12167,16125,16,0,0,layered_block,circular,per_chunk,4,4
14198,17625,21625,16,0,0,layered_block,circular,per_chunk,4,4
14199,12167,16083,16,0,0,layered_block,circular,per_chunk,4,4
14200,12167,16041,16,0,0,layered_block,circular,per_chunk,4,4
14201,12041,16000,16,0,0,layered_block,circular,per_chunk,4,4
14202,12208,16000,16,0,0,layered_block,circular,per_chunk,4,4
14203,12167,16084,16,0,0,layered_block,circular,per_chunk,4,4
14204,12500,16750,16,0,0,layered_block,circular,per_chunk,4,4
14205,12083,16000,16,0,0,layered_block,circular,per_chunk,4,4
14206,12167,16083,16,0,0,layered_block,circular,per_chunk,4,4
14207,12292,16125,16,0,0,layered_block,circular,per_chunk,4,4
14208,12166,16083,16,0,0,layered_block,circular,per_chunk,4,4
14209,12125,16000,16,0,0,layered_block,circular,per_chunk,4,4
14210,12000,16083,16,0,0,layered_block,circular,per_chunk,4,4
14211,12417,16250,16,0,0,layered_block,circular,per_chunk,4,4
14212,12625,16458,16,0,0,layered_block,circular,per_chunk,4,4
14213,12292,16208,16,0,0,layered_block,circular,per_chunk,4,4
14214,18541,22625,16,0,0,layered_block,circular,per_chunk,4,4
14215,12125,16042,16,0,0,layered_block,circular,per_chunk,4,4
14216,12208,16125,16,0,0,layered_block,circular,per_chunk,4,4
14217,12084,16000,16,0,0,layered_block,circular,per_chunk,4,4
14218,12125,16042,16,0,0,layered_block,circular,per_chunk,4,4
14219,12209,16166,16,0,0,layered_block,circular,per_chunk,4,4
14220,20458,24375,16,0,0,layered_block,circular,per_chunk,4,4
14221,12083,16000,16,0,0,layered_block,circular,per_chunk,4,4
14222,12167,16083,16,0,0,layered_block,circular,per_chunk,4,4
14223,12125,16042,16,0,0,layered_block,circular,per_chunk,4,4
14224,12042,15958,16,0,0,layered_block,circular,per_chunk,4,4
14225,12084,15959,16,0,0,layered_block,circular,per_chunk,4,4
14226,12042,16000,16,0,0,layered_block,circular,per_chunk,4,4
14227,12083,16000,16,0,0,layered_block,circular,per_chunk,4,4
14228,11958,15958,16,0,0,layered_block,circular,per_chunk,4,4
14229,12125,16042,16,0,0,layered_block,circular,per_chunk,4,4
14230,12125,15958,16,0,0,layered_block,circular,per_chunk,4,4
14231,12208,16125,16,0,0,layered_block,circular,per_chunk,4,4
14232,12084,16000,16,0,0,layered_block,circular,per_chunk,4,4
14233,12166,16041,16,0,0,layered_block,circular,per_chunk,4,4
14234,12292,16167,16,0,0,layered_block,circular,per_chunk,4,4
14235,12083,16042,16,0,0,layered_block,circular,per_chunk,4,4
14236,12084,16000,16,0,0,layered_block,circular,per_chunk,4,4
14237,12083,16042,16,0,0,layered_block,circular,per_chunk,4,4
14238,12583,16709,16,0,0,layered_block,circular,per_chunk,4,4
14239,12167,16041,16,0,0,layered_block,circular,per_chunk,4,4
14240,12125,16083,16,0,0,layered_block,circular,per_chunk,4,4
14241,12250,16125,16,0,0,layered_block,circular,per_chunk,4,4
14242,12166,16000,16,0,0,layered_block,circular,per_chunk,4,4
14243,12083,16000,16,0,0,layered_block,circular,per_chunk,4,4
14244,20084,24000,16,0,0,layered_block,circular,per_chunk,4,4
14245,12042,15958,16,0,0,layered_block,circular,per_chunk,4,4
14246,12291,16208,16,0,0,layered_block,circular,per_chunk,4,4
14247,12167,16083,16,0,0,layered_block,circular,per_chunk,4,4
14248,12167,16083,16,0,0,layered_block,circular,per_chunk,4,4
14249,12000,15958,16,0,0,layered_block,circular,per_chunk,4,4
14250,12209,16125,16,0,0,layered_block,circular,per_chunk,4,4
14251,12333,16209,16,0,0,layered_block,circular,per_chunk,4,4
14252,12208,16042,16,0,0,layered_block,circular,per_chunk,4,4
14253,12125,16000,16,0,0,layered_block,circular,per_chunk,4,4
14254,12125,16042,16,0,0,layered_block,circular,per_chunk,4,4
14255,12041,16000,16,0,0,layered_block,circular,per_chunk,4,4
14256,12250,16125,16,0,0,layered_block,circular,per_chunk,4,4
14257,12167,16000,16,0,0,layered_block,circular,per_chunk,4,4
14258,12166,16042,16,0,0,layered_block,circular,per_chunk,4,4
14259,12209,16042,16,0,0,layered_block,circular,per_chunk,4,4
14260,12042,15958,16,0,0,layered_block,circular,per_chunk,4,4
14261,12084,15959,16,0,0,layered_block,circular,per_chunk,4,4
14262,12417,16291,16,0,0,layered_block,circular,per_chunk,4,4
14263,12083,16000,16,0,0,layered_block,circular,per_chunk,4,4
14264,12167,16250,16,0,0,layered_block,circular,per_chunk,4,4
14265,12083,16000,16,0,0,layered_block,circular,per_chunk,4,4
14266,12041,15958,16,0,0,layered_block,circular,per_chunk,4,4
14267,12542,16375,16,0,0,layered_block,circular,per_chunk,4,4
14268,12125,16292,16,0,0,layered_block,circular,per_chunk,4,4
14269,12041,15916,16,0,0,layered_block,circular,per_chunk,4,4
14270,12084,16000,16,0,0,layered_block,circular,per_chunk,4,4
14271,12209,16083,16,0,0,layered_block,circular,per_chunk,4,4
14272,12084,16083,16,0,0,layered_block,circular,per_chunk,4,4
14273,12208,16000,16,0,0,layered_block,circular,per_chunk,4,4
14274,12041,16000,16,0,0,layered_block,circular,per_chunk,4,4
14275,20458,24583,16,0,0,layered_block,circular,per_chunk,4,4
14276,12166,16083,16,0,0,layered_block,circular,per_chunk,4,4
14277,12375,16334,16,0,0,layered_block,circular,per_chunk,4,4
14278,12542,16500,16,0,0,layered_block,circular,per_chunk,4,4
14279,12041,15958,16,0,0,layered_block,circular,per_chunk,4,4
14280,12417,16291,16,0,0,layered_block,circular,per_chunk,4,4
14281,12250,16250,16,0,0,layered_block,circular,per_chunk,4,4
14282,12167,16000,16,0,0,layered_block,circular,per_chunk,4,4
14283,12042,16083,16,0,0,layered_block,circular,per_chunk,4,4
14284,12333,16250,16,0,0,layered_block,circular,per_chunk,4,4
14285,12167,16083,16,0,0,layered_block,circular,per_chunk,4,4
14286,12125,16042,16,0,0,layered_block,circular,per_chunk,4,4
14287,11875,16000,16,0,0,layered_block,circular,per_chunk,4,4
14288,12125,16000,16,0,0,layered_block,circular,per_chunk,4,4
14289,12333,16250,16,0,0,layered_block,circular,per_chunk,4,4
14290,12083,16000,16,0,0,layered_block,circular,per_chunk,4,4
14291,12125,16041,16,0,0,layered_block,circular,per_chunk,4,4
14292,12166,16000,16,0,0,layered_block,circular,per_chunk,4,4
14293,12041,16083,16,0,0,layered_block,circular,per_chunk,4,4
14294,12375,16292,16,0,0,layered_block,circular,per_chunk,4,4
14295,12166,16042,16,0,0,layered_block,circular,per_chunk,4,4
14296,12083,16000,16,0,0,layered_block,circular,per_chunk,4,4
14297,12541,24542,16,0,0,layered_block,circular,per_chunk,4,4
14298,12417,16208,16,0,0,layered_block,circular,per_chunk,4,4
14299,12250,16167,16,0,0,layered_block,circular,per_chunk,4,4
14300,21250,25250,16,0,0,layered_block,circular,per_chunk,4,4
14301,12292,16208,16,0,0,layered_block,circular,per_chunk,4,4
14302,12334,16250,16,0,0,layered_block,circular,per_chunk,4,4
14303,12084,15959,16,0,0,layered_block,circular,per_chunk,4,4
14304,12208,16042,16,0,0,layered_block,circular,per_chunk,4,4
14305,12125,16250,16,0,0,layered_block,circular,per_chunk,4,4
14306,12250,16167,16,0,0,layered_block,circular,per_chunk,4,4
14307,12125,16041,16,0,0,layered_block,circular,per_chunk,4,4
14308,12375,16209,16,0,0,layered_block,circular,per_chunk,4,4
14309,12125,16042,16,0,0,layered_block,circular,per_chunk,4,4
14310,15000,20792,16,0,0,layered_block,circular,per_chunk,4,4
14311,12042,15958,16,0,0,layered_block,circular,per_chunk,4,4
14312,12458,16333,16,0,0,layered_block,circular,per_chunk,4,4
14313,12083,16000,16,0,0,layered_block,circular,per_chunk,4,4
14314,12291,16208,16,0,0,layered_block,circular,per_chunk,4,4
14315,12334,16208,16,0,0,layered_block,circular,per_chunk,4,4
14316,12291,16167,16,0,0,layered_block,circular,per_chunk,4,4
14317,12167,16084,16,0,0,layered_block,circular,per_chunk,4,4
14318,12000,15958,16,0,0,layered_block,circular,per_chunk,4,4
14319,12250,16084,16,0,0,layered_block,circular,per_chunk,4,4
14320,12042,16041,16,0,0,layered_block,circular,per_chunk,4,4
14321,12542,22708,16,0,0,layered_block,circular,per_chunk,4,4
14322,12625,16541,16,0,0,layered_block,circular,per_chunk,4,4
14323,12041,16208,16,0,0,layered_block,circular,per_chunk,4,4
14324,12166,16083,16,0,0,layered_block,circular,per_chunk,4,4
14325,12125,15958,16,0,0,layered_block,circular,per_chunk,4,4
14326,12416,16292,16,0,0,layered_block,circular,per_chunk,4,4
14327,12500,16417,16,0,0,layered_block,circular,per_chunk,4,4
14328,12083,16000,16,0,0,layered_block,circular,per_chunk,4,4
14329,12250,16125,16,0,0,layered_block,circular,per_chunk,4,4
14330,12166,16042,16,0,0,layered_block,circular,per_chunk,4,4
14331,12292,16208,16,0,0,layered_block,circular,per_chunk,4,4
14332,12084,16000,16,0,0,layered_block,circular,per_chunk,4,4
14333,12083,16042,16,0,0,layered_block,circular,per_chunk,4,4
14334,12083,16000,16,0,0,layered_block,circular,per_chunk,4,4
14335,12125,16125,16,0,0,layered_block,circular,per_chunk,4,4
14336,12084,15959,16,0,0,layered_block,circular,per_chunk,4,4
14337,12375,16291,16,0,0,layered_block,circular,per_chunk,4,4
14338,12375,16250,16,0,0,layered_block,circular,per_chunk,4,4
14339,12167,16084,16,0,0,layered_block,circular,per_chunk,4,4
14340,12583,22500,16,0,0,layered_block,circular,per_chunk,4,4
14341,12291,16208,16,0,0,layered_block,circular,per_chunk,4,4
14342,12083,16000,16,0,0,layered_block,circular,per_chunk,4,4
14343,12208,16125,16,0,0,layered_block,circular,per_chunk,4,4
14344,12000,15958,16,0,0,layered_block,circular,per_chunk,4,4
14345,12083,16000,16,0,0,layered_block,circular,per_chunk,4,4
14346,12500,16375,16,0,0,layered_block,circular,per_chunk,4,4
14347,12167,16000,16,0,0,layered_block,circular,per_chunk,4,4
14348,12167,16084,16,0,0,layered_block,circular,per_chunk,4,4
14349,19542,23459,16,0,0,layered_block,circular,per_chunk,4,4
14350,12208,16042,16,0,0,layered_block,circular,per_chunk,4,4
14351,12041,16000,16,0,0,layered_block,circular,per_chunk,4,4
14352,12250,16125,16,0,0,layered_block,circular,per_chunk,4,4
14353,12250,16083,16,0,0,layered_block,circular,per_chunk,4,4
14354,12084,16000,16,0,0,layered_block,circular,per_chunk,4,4
14355,19292,23459,16,0,0,layered_block,circular,per_chunk,4,4
14356,12167,16084,16,0,0,layered_block,circular,per_chunk,4,4
14357,12084,16000,16,0,0,layered_block,circular,per_chunk,4,4
14358,11834,16542,16,0,0,layered_block,circular,per_chunk,4,4
14359,12041,15917,16,0,0,layered_block,circular,per_chunk,4,4
14360,12125,16083,16,0,0,layered_block,circular,per_chunk,4,4
14361,12083,16084,16,0,0,layered_block,circular,per_chunk,4,4
14362,12334,16166,16,0,0,layered_block,circular,per_chunk,4,4
14363,12042,15958,16,0,0,layered_block,circular,per_chunk,4,4
14364,11916,16042,16,0,0,layered_block,circular,per_chunk,4,4
14365,12334,16209,16,0,0,layered_block,circular,per_chunk,4,4
14366,12291,16208,16,0,0,layered_block,circular,per_chunk,4,4
14367,12250,16208,16,0,0,layered_block,circular,per_chunk,4,4
14368,12083,16000,16,0,0,layered_block,circular,per_chunk,4,4
14369,12167,16041,16,0,0,layered_block,circular,per_chunk,4,4
14370,12166,16333,16,0,0,layered_block,circular,per_chunk,4,4
14371,12167,16125,16,0,0,layered_block,circular,per_chunk,4,4
14372,12917,16834,16,0,0,layered_block,circular,per_chunk,4,4
14373,12417,16375,16,0,0,layered_block,circular,per_chunk,4,4
14374,12208,16167,16,0,0,layered_block,circular,per_chunk,4,4
14375,12166,16000,16,0,0,layered_block,circular,per_chunk,4,4
14376,12166,16042,16,0,0,layered_block,circular,per_chunk,4,4
14377,12083,16000,16,0,0,layered_block,circular,per_chunk,4,4
14378,12125,16041,16,0,0,layered_block,circular,per_chunk,4,4
14379,12083,16000,16,0,0,layered_block,circular,per_chunk,4,4
14380,12125,16083,16,0,0,layered_block,circular,per_chunk,4,4
14381,12166,16000,16,0,0,layered_block,circular,per_chunk,4,4
14382,12042,16042,16,0,0,layered_block,circular,per_chunk,4,4
14383,12166,16041,16,0,0,layered_block,circular,per_chunk,4,4
14384,12042,16000,16,0,0,layered_block,circular,per_chunk,4,4
14385,12125,16000,16,0,0,layered_block,circular,per_chunk,4,4
14386,12125,16125,16,0,0,layered_block,circular,per_chunk,4,4
14387,12125,16041,16,0,0,layered_block,circular,per_chunk,4,4
14388,12333,16292,16,0,0,layered_block,circular,per_chunk,4,4
14389,12125,16000,16,0,0,layered_block,circular,per_chunk,4,4
14390,12083,16000,16,0,0,layered_block,circular,per_chunk,4,4
14391,12208,16167,16,0,0,layered_block,circular,per_chunk,4,4
14392,12084,16000,16,0,0,layered_block,circular,per_chunk,4,4
14393,12167,16000,16,0,0,layered_block,circular,per_chunk,4,4
14394,12375,16333,16,0,0,layered_block,circular,per_chunk,4,4
14395,12125,16041,16,0,0,layered_block,circular,per_chunk,4,4
14396,12208,16042,16,0,0,layered_block,circular,per_chunk,4,4
14397,12208,16084,16,0,0,layered_block,circular,per_chunk,4,4
14398,12083,16000,16,0,0,layered_block,circular,per_chunk,4,4
14399,12125,16041,16,0,0,layered_block,circular,per_chunk,4,4
14400,12208,16083,16,0,0,layered_block,circular,per_chunk,4,4
14401,12291,16250,16,0,0,layered_block,circular,per_chunk,4,4
14402,12208,16000,16,0,0,layered_block,circular,per_chunk,4,4
14403,12125,16084,16,0,0,layered_block,circular,per_chunk,4,4
14404,12083,16042,16,0,0,layered_block,circular,per_chunk,4,4
14405,20042,24083,16,0,0,layered_block,circular,per_chunk,4,4
14406,12125,16042,16,0,0,layered_block,circular,per_chunk,4,4
14407,12167,16084,16,0,0,layered_block,circular,per_chunk,4,4
14408,12209,16125,16,0,0,layered_block,circular,per_chunk,4,4
14409,12250,16084,16,0,0,layered_block,circular,per_chunk,4,4
14410,12125,16042,16,0,0,layered_block,circular,per_chunk,4,4
14411,12250,16083,16,0,0,layered_block,circular,per_chunk,4,4
14412,12166,16000,16,0,0,layered_block,circular,per_chunk,4,4
14413,12083,16042,16,0,0,layered_block,circular,per_chunk,4,4
14414,19750,23666,16,0,0,layered_block,circular,per_chunk,4,4
14415,12083,15958,16,0,0,layered_block,circular,per_chunk,4,4
14416,12375,16250,16,0,0,layered_block,circular,per_chunk,4,4
14417,12083,16000,16,0,0,layered_block,circular,per_chunk,4,4
14418,12167,16000,16,0,0,layered_block,circular,per_chunk,4,4
14419,12125,16083,16,0,0,layered_block,circular,per_chunk,4,4
14420,12166,16125,16,0,0,layered_block,circular,per_chunk,4,4
14421,12167,16000,16,0,0,layered_block,circular,per_chunk,4,4
14422,12125,16084,16,0,0,layered_block,circular,per_chunk,4,4
14423,12041,15958,16,0,0,layered_block,circular,per_chunk,4,4
14424,12125,16042,16,0,0,layered_block,circular,per_chunk,4,4
14425,12125,16042,16,0,0,layered_block,circular,per_chunk,4,4
14426,12083,16042,16,0,0,layered_block,circular,per_chunk,4,4
14427,12333,16208,16,0,0,layered_block,circular,per_chunk,4,4
14428,12125,16042,16,0,0,layered_block,circular,per_chunk,4,4
14429,12084,15959,16,0,0,layered_block,circular,per_chunk,4,4
14430,12125,16083,16,0,0,layered_block,circular,per_chunk,4,4
14431,12500,16334,16,0,0,layered_block,circular,per_chunk,4,4
14432,12167,16041,16,0,0,layered_block,circular,per_chunk,4,4
14433,12083,16000,16,0,0,layered_block,circular,per_chunk,4,4
14434,12250,16167,16,0,0,layered_block,circular,per_chunk,4,4
14435,12167,16125,16,0,0,layered_block,circular,per_chunk,4,4
14436,12500,16375,16,0,0,layered_block,circular,per_chunk,4,4
14437,12166,16000,16,0,0,layered_block,circular,per_chunk,4,4
14438,12083,16042,16,0,0,layered_block,circular,per_chunk,4,4
14439,18584,22666,16,0,0,layered_block,circular,per_chunk,4,4
14440,12083,15917,16,0,0,layered_block,circular,per_chunk,4,4
14441,12125,16042,16,0,0,layered_block,circular,per_chunk,4,4
14442,12250,16208,16,0,0,layered_block,circular,per_chunk,4,4
14443,12167,16000,16,0,0,layered_block,circular,per_chunk,4,4
14444,12250,16167,16,0,0,layered_block,circular,per_chunk,4,4
14445,17875,21958,16,0,0,layered_block,circular,per_chunk,4,4
14446,12084,15917,16,0,0,layered_block,circular,per_chunk,4,4
14447,12167,16042,16,0,0,layered_block,circular,per_chunk,4,4
14448,12167,16083,16,0,0,layered_block,circular,per_chunk,4,4
14449,12250,16042,16,0,0,layered_block,circular,per_chunk,4,4
14450,12084,16000,16,0,0,layered_block,circular,per_chunk,4,4
14451,12042,16000,16,0,0,layered_block,circular,per_chunk,4,4
14452,12541,16333,16,0,0,layered_block,circular,per_chunk,4,4
14453,12125,16292,16,0,0,layered_block,circular,per_chunk,4,4
14454,12250,16167,16,0,0,layered_block,circular,per_chunk,4,4
14455,12292,16250,16,0,0,layered_block,circular,per_chunk,4,4
14456,12125,16041,16,0,0,layered_block,circular,per_chunk,4,4
14457,18875,22791,16,0,0,layered_block,circular,per_chunk,4,4
14458,12125,16042,16,0,0,layered_block,circular,per_chunk,4,4
14459,12125,16041,16,0,0,layered_block,circular,per_chunk,4,4
14460,12250,16167,16,0,0,layered_block,circular,per_chunk,4,4
14461,12083,15959,16,0,0,layered_block,circular,per_chunk,4,4
14462,12250,16125,16,0,0,layered_block,circular,per_chunk,4,4
14463,12083,16042,16,0,0,layered_block,circular,per_chunk,4,4
14464,12291,16208,16,0,0,layered_block,circular,per_chunk,4,4
14465,12292,16208,16,0,0,layered_block,circular,per_chunk,4,4
14466,12083,16000,16,0,0,layered_block,circular,per_chunk,4,4
14467,12083,16000,16,0,0,layered_block,circular,per_chunk,4,4
14468,12125,16084,16,0,0,layered_block,circular,per_chunk,4,4
14469,18042,21917,16,0,0,layered_block,circular,per_chunk,4,4
14470,12125,16041,16,0,0,layered_block,circular,per_chunk,4,4
14471,12083,15958,16,0,0,layered_block,circular,per_chunk,4,4
14472,12125,16000,16,0,0,layered_block,circular,per_chunk,4,4
14473,12458,16292,16,0,0,layered_block,circular,per_chunk,4,4
14474,12250,16167,16,0,0,layered_block,circular,per_chunk,4,4
14475,12167,16084,16,0,0,layered_block,circular,per_chunk,4,4
14476,12166,16083,16,0,0,layered_block,circular,per_chunk,4,4
14477,12375,16250,16,0,0,layered_block,circular,per_chunk,4,4
14478,12208,16125,16,0,0,layered_block,circular,per_chunk,4,4
14479,12083,16000,16,0,0,layered_block,circular,per_chunk,4,4
14480,12083,16042,16,0,0,layered_block,circular,per_chunk,4,4
14481,12125,15958,16,0,0,layered_block,circular,per_chunk,4,4
14482,12166,16042,16,0,0,layered_block,circular,per_chunk,4,4
14483,12084,16250,16,0,0,layered_block,circular,per_chunk,4,4
14484,12084,15959,16,0,0,layered_block,circular,per_chunk,4,4
14485,12125,16041,16,0,0,layered_block,circular,per_chunk,4,4
14486,12125,16084,16,0,0,layered_block,circular,per_chunk,4,4
14487,12125,15958,16,0,0,layered_block,circular,per_chunk,4,4
14488,12375,16292,16,0,0,layered_block,circular,per_chunk,4,4
14489,12125,16000,16,0,0,layered_block,circular,per_chunk,4,4
14490,12042,15958,16,0,0,layered_block,circular,per_chunk,4,4
14491,12250,16125,16,0,0,layered_block,circular,per_chunk,4,4
14492,12167,16084,16,0,0,layered_block,circular,per_chunk,4,4
14493,12125,15959,16,0,0,layered_block,circular,per_chunk,4,4
14494,12084,16000,16,0,0,layered_block,circular,per_chunk,4,4
14495,11917,16041,16,0,0,layered_block,circular,per_chunk,4,4
14496,12125,16000,16,0,0,layered_block,circular,per_chunk,4,4
14497,12125,16000,16,0,0,layered_block,circular,per_chunk,4,4
14498,12125,16041,16,0,0,layered_block,circular,per_chunk,4,4
14499,12083,16000,16,0,0,layered_block,circular,per_chunk,4,4
14500,12292,16167,16,0,0,layered_block,circular,per_chunk,4,4
14501,12208,16042,16,0,0,layered_block,circular,per_chunk,4,4
14502,18500,22458,16,0,0,layered_block,circular,per_chunk,4,4
14503,12084,16000,16,0,0,layered_block,circular,per_chunk,4,4
14504,12167,16084,16,0,0,layered_block,circular,per_chunk,4,4
14505,12291,16208,16,0,0,layered_block,circular,per_chunk,4,4
14506,12084,16000,16,0,0,layered_block,circular,per_chunk,4,4
14507,12083,16000,16,0,0,layered_block,circular,per_chunk,4,4
14508,12459,16667,16,0,0,layered_block,circular,per_chunk,4,4
14509,12167,15959,16,0,0,layered_block,circular,per_chunk,4,4
14510,12125,16042,16,0,0,layered_block,circular,per_chunk,4,4
14511,12042,16000,16,0,0,layered_block,circular,per_chunk,4,4
14512,12125,16041,16,0,0,layered_block,circular,per_chunk,4,4
14513,12083,16042,16,0,0,layered_block,circular,per_chunk,4,4
14514,12083,16000,16,0,0,layered_block,circular,per_chunk,4,4
14515,12166,16083,16,0,0,layered_block,circular,per_chunk,4,4
14516,12166,16042,16,0,0,layered_block,circular,per_chunk,4,4
14517,12209,16125,16,0,0,layered_block,circular,per_chunk,4,4
14518,12084,16041,16,0,0,layered_block,circular,per_chunk,4,4
14519,12042,16084,16,0,0,layered_block,circular,per_chunk,4,4
14520,12167,16000,16,0,0,layered_block,circular,per_chunk,4,4
14521,12875,16792,16,0,0,layered_block,circular,per_chunk,4,4
14522,11917,16042,16,0,0,layered_block,circular,per_chunk,4,4
14523,12334,16167,16,0,0,layered_block,circular,per_chunk,4,4
14524,12167,16041,16,0,0,layered_block,circular,per_chunk,4,4
14525,12167,16083,16,0,0,layered_block,circular,per_chunk,4,4
14526,12166,16125,16,0,0,layered_block,circular,per_chunk,4,4
14527,12667,16584,16,0,0,layered_block,circular,per_chunk,4,4
14528,12209,16125,16,0,0,layered_block,circular,per_chunk,4,4
14529,12083,16000,16,0,0,layered_block,circular,per_chunk,4,4
14530,12084,15958,16,0,0,layered_block,circular,per_chunk,4,4
14531,12083,16000,16,0,0,layered_block,circular,per_chunk,4,4
14532,12208,16125,16,0,0,layered_block,circular,per_chunk,4,4
14533,12083,16000,16,0,0,layered_block,circular,per_chunk,4,4
14534,12125,16083,16,0,0,layered_block,circular,per_chunk,4,4
14535,12167,16083,16,0,0,layered_block,circular,per_chunk,4,4
14536,12208,16042,16,0,0,layered_block,circular,per_chunk,4,4
14537,12167,16084,16,0,0,layered_block,circular,per_chunk,4,4
14538,12041,16000,16,0,0,layered_block,circular,per_chunk,4,4
14539,12166,16042,16,0,0,layered_block,circular,per_chunk,4,4
14540,12250,16292,16,0,0,layered_block,circular,per_chunk,4,4
14541,12792,16958,16,0,0,layered_block,circular,per_chunk,4,4
14542,12166,16000,16,0,0,layered_block,circular,per_chunk,4,4
14543,11917,15917,16,0,0,layered_block,circular,per_chunk,4,4
14544,19625,23542,16,0,0,layered_block,circular,per_chunk,4,4
14545,12084,16000,16,0,0,layered_block,circular,per_chunk,4,4
14546,12125,16042,16,0,0,layered_block,circular,per_chunk,4,4
14547,12042,15958,16,0,0,layered_block,circular,per_chunk,4,4
14548,12208,16084,16,0,0,layered_block,circular,per_chunk,4,4
14549,12042,16000,16,0,0,layered_block,circular,per_chunk,4,4
14550,12083,16000,16,0,0,layered_block,circular,per_chunk,4,4
14551,12084,15958,16,0,0,layered_block,circular,per_chunk,4,4
14552,12167,16042,16,0,0,layered_block,circular,per_chunk,4,4
14553,12125,16041,16,0,0,layered_block,circular,per_chunk,4,4
14554,84834,89166,16,0,0,layered_block,circular,per_chunk,4,4
14555,12042,16042,16,0,0,layered_block,circular,per_chunk,4,4
14556,19417,23375,16,0,0,layered_block,circular,per_chunk,4,4
14557,12125,16000,16,0,0,layered_block,circular,per_chunk,4,4
14558,12208,16084,16,0,0,layered_block,circular,per_chunk,4,4
14559,12041,16000,16,0,0,layered_block,circular,per_chunk,4,4
14560,12084,15917,16,0,0,layered_block,circular,per_chunk,4,4
14561,11916,16000,16,0,0,layered_block,circular,per_chunk,4,4
14562,12459,16292,16,0,0,layered_block,circular,per_chunk,4,4
14563,12041,16000,16,0,0,layered_block,circular,per_chunk,4,4
14564,12125,16042,16,0,0,layered_block,circular,per_chunk,4,4
14565,12125,16000,16,0,0,layered_block,circular,per_chunk,4,4
14566,12167,16083,16,0,0,layered_block,circular,per_chunk,4,4
14567,12083,16000,16,0,0,layered_block,circular,per_chunk,4,4
14568,12042,16000,16,0,0,layered_block,circular,per_chunk,4,4
14569,12166,16000,16,0,0,layered_block,circular,per_chunk,4,4
14570,12250,16167,16,0,0,layered_block,circular,per_chunk,4,4
14571,12792,17000,16,0,0,layered_block,circular,per_chunk,4,4
14572,12375,16209,16,0,0,layered_block,circular,per_chunk,4,4
14573,11958,15917,16,0,0,layered_block,circular,per_chunk,4,4
14574,12042,16041,16,0,0,layered_block,circular,per_chunk,4,4
14575,12250,16125,16,0,0,layered_block,circular,per_chunk,4,4
14576,12208,16083,16,0,0,layered_block,circular,per_chunk,4,4
14577,12083,16042,16,0,0,layered_block,circular,per_chunk,4,4
14578,12167,15959,16,0,0,layered_block,circular,per_chunk,4,4
14579,12042,15959,16,0,0,layered_block,circular,per_chunk,4,4
14580,19792,23667,16,0,0,layered_block,circular,per_chunk,4,4
14581,12083,16000,16,0,0,layered_block,circular,per_chunk,4,4
14582,12125,16041,16,0,0,layered_block,circular,per_chunk,4,4
14583,12166,16083,16,0,0,layered_block,circular,per_chunk,4,4
14584,12250,16167,16,0,0,layered_block,circular,per_chunk,4,4
14585,12166,16042,16,0,0,layered_block,circular,per_chunk,4,4
14586,12167,16083,16,0,0,layered_block,circular,per_chunk,4,4
14587,12250,16083,16,0,0,layered_block,circular,per_chunk,4,4
14588,12209,16125,16,0,0,layered_block,circular,per_chunk,4,4
14589,12125,16041,16,0,0,layered_block,circular,per_chunk,4,4
14590,12084,16041,16,0,0,layered_block,circular,per_chunk,4,4
14591,12208,16125,16,0,0,layered_block,circular,per_chunk,4,4
14592,12250,16209,16,0,0,layered_block,circular,per_chunk,4,4
14593,12041,16000,16,0,0,layered_block,circular,per_chunk,4,4
14594,12292,16125,16,0,0,layered_block,circular,per_chunk,4,4
14595,12125,16083,16,0,0,layered_block,circular,per_chunk,4,4
14596,20209,24042,16,0,0,layered_block,circular,per_chunk,4,4
14597,12041,15958,16,0,0,layered_block,circular,per_chunk,4,4
14598,12250,16208,16,0,0,layered_block,circular,per_chunk,4,4
14599,12166,16041,16,0,0,layered_block,circular,per_chunk,4,4
14600,12166,16042,16,0,0,layered_block,circular,per_chunk,4,4
14601,12125,16292,16,0,0,layered_block,circular,per_chunk,4,4
14602,12125,16083,16,0,0,layered_block,circular,per_chunk,4,4
14603,12375,16166,16,0,0,layered_block,circular,per_chunk,4,4
14604,12166,16125,16,0,0,layered_block,circular,per_chunk,4,4
14605,18708,22583,16,0,0,layered_block,circular,per_chunk,4,4
14606,12250,16167,16,0,0,layered_block,circular,per_chunk,4,4
14607,12208,16042,16,0,0,layered_block,circular,per_chunk,4,4
14608,12125,16083,16,0,0,layered_block,circular,per_chunk,4,4
14609,12166,16000,16,0,0,layered_block,circular,per_chunk,4,4
14610,12250,16208,16,0,0,layered_block,circular,per_chunk,4,4
14611,12625,23042,16,0,0,layered_block,circular,per_chunk,4,4
14612,12125,16000,16,0,0,layered_block,circular,per_chunk,4,4
14613,12083,16042,16,0,0,layered_block,circular,per_chunk,4,4
14614,12125,16083,16,0,0,layered_block,circular,per_chunk,4,4
14615,12209,16083,16,0,0,layered_block,circular,per_chunk,4,4
14616,12167,16042,16,0,0,layered_block,circular,per_chunk,4,4
14617,12375,16291,16,0,0,layered_block,circular,per_chunk,4,4
14618,12166,16000,16,0,0,layered_block,circular,per_chunk,4,4
14619,12084,16000,16,0,0,layered_block,circular,per_chunk,4,4
14620,12500,16375,16,0,0,layered_block,circular,per_chunk,4,4
14621,12083,16042,16,0,0,layered_block,circular,per_chunk,4,4
14622,12166,16041,16,0,0,layered_block,circular,per_chunk,4,4
14623,12042,16000,16,0,0,layered_block,circular,per_chunk,4,4
14624,12166,16000,16,0,0,layered_block,circular,per_chunk,4,4
14625,12166,16125,16,0,0,layered_block,circular,per_chunk,4,4
14626,12625,23750,16,0,0,layered_block,circular,per_chunk,4,4
14627,12375,16208,16,0,0,layered_block,circular,per_chunk,4,4
14628,12250,16125,16,0,0,layered_block,circular,per_chunk,4,4
14629,11958,15958,16,0,0,layered_block,circular,per_chunk,4,4
14630,12208,16125,16,0,0,layered_block,circular,per_chunk,4,4
14631,12125,16042,16,0,0,layered_block,circular,per_chunk,4,4
14632,12084,16041,16,0,0,layered_block,circular,per_chunk,4,4
14633,104750,108834,16,0,0,layered_block,circular,per_chunk,4,4
14634,12125,16084,16,0,0,layered_block,circular,per_chunk,4,4
14635,12167,16167,16,0,0,layered_block,circular,per_chunk,4,4
14636,19125,23000,16,0,0,layered_block,circular,per_chunk,4,4
14637,12167,16042,16,0,0,layered_block,circular,per_chunk,4,4
14638,12000,16000,16,0,0,layered_block,circular,per_chunk,4,4
14639,12167,16042,16,0,0,layered_block,circular,per_chunk,4,4
14640,12208,16042,16,0,0,layered_block,circular,per_chunk,4,4
14641,12000,15959,16,0,0,layered_block,circular,per_chunk,4,4
14642,12250,16167,16,0,0,layered_block,circular,per_chunk,4,4
14643,12167,16042,16,0,0,layered_block,circular,per_chunk,4,4
14644,12125,16083,16,0,0,layered_block,circular,per_chunk,4,4
14645,12208,16125,16,0,0,layered_block,circular,per_chunk,4,4
14646,12208,16125,16,0,0,layered_block,circular,per_chunk,4,4
14647,12333,16334,16,0,0,layered_block,circular,per_chunk,4,4
14648,12208,16125,16,0,0,layered_block,circular,per_chunk,4,4
14649,12167,16083,16,0,0,layered_block,circular,per_chunk,4,4
14650,11917,16084,16,0,0,layered_block,circular,per_chunk,4,4
14651,12250,16167,16,0,0,layered_block,circular,per_chunk,4,4
14652,12250,16167,16,0,0,layered_block,circular,per_chunk,4,4
14653,12250,16166,16,0,0,layered_block,circular,per_chunk,4,4
14654,12250,16208,16,0,0,layered_block,circular,per_chunk,4,4
14655,12375,16250,16,0,0,layered_block,circular,per_chunk,4,4
14656,12125,16125,16,0,0,layered_block,circular,per_chunk,4,4
14657,12458,16500,16,0,0,layered_block,circular,per_chunk,4,4
14658,12125,16000,16,0,0,layered_block,circular,per_chunk,4,4
14659,12084,16000,16,0,0,layered_block,circular,per_chunk,4,4
14660,12292,16250,16,0,0,layered_block,circular,per_chunk,4,4
14661,12125,16041,16,0,0,layered_block,circular,per_chunk,4,4
14662,12125,16083,16,0,0,layered_block,circular,per_chunk,4,4
14663,12250,16042,16,0,0,layered_block,circular,per_chunk,4,4
14664,12208,16000,16,0,0,layered_block,circular,per_chunk,4,4
14665,12041,16000,16,0,0,layered_block,circular,per_chunk,4,4
14666,12291,16292,16,0,0,layered_block,circular,per_chunk,4,4
14667,12208,16125,16,0,0,layered_block,circular,per_chunk,4,4
14668,12375,16292,16,0,0,layered_block,circular,per_chunk,4,4
14669,12125,16000,16,0,0,layered_block,circular,per_chunk,4,4
14670,12083,15958,16,0,0,layered_block,circular,per_chunk,4,4
14671,12083,16000,16,0,0,layered_block,circular,per_chunk,4,4
14672,12208,16042,16,0,0,layered_block,circular,per_chunk,4,4
14673,12167,15959,16,0,0,layered_block,circular,per_chunk,4,4
14674,12291,16083,16,0,0,layered_block,circular,per_chunk,4,4
14675,12209,16125,16,0,0,layered_block,circular,per_chunk,4,4
14676,12542,16416,16,0,0,layered_block,circular,per_chunk,4,4
14677,12125,16042,16,0,0,layered_block,circular,per_chunk,4,4
14678,12042,15917,16,0,0,layered_block,circular,per_chunk,4,4
14679,12208,16042,16,0,0,layered_block,circular,per_chunk,4,4
14680,12500,16375,16,0,0,layered_block,circular,per_chunk,4,4
14681,12042,15958,16,0,0,layered_block,circular,per_chunk,4,4
14682,12083,15958,16,0,0,layered_block,circular,per_chunk,4,4
14683,12042,15916,16,0,0,layered_block,circular,per_chunk,4,4
14684,12041,15958,16,0,0,layered_block,circular,per_chunk,4,4
14685,12209,16000,16,0,0,layered_block,circular,per_chunk,4,4
14686,12209,16125,16,0,0,layered_block,circular,per_chunk,4,4
14687,12166,16000,16,0,0,layered_block,circular,per_chunk,4,4
14688,12125,15958,16,0,0,layered_block,circular,per_chunk,4,4
14689,12125,15958,16,0,0,layered_block,circular,per_chunk,4,4
14690,12209,16041,16,0,0,layered_block,circular,per_chunk,4,4
14691,12459,16250,16,0,0,layered_block,circular,per_chunk,4,4
14692,12125,16000,16,0,0,layered_block,circular,per_chunk,4,4
14693,12125,15959,16,0,0,layered_block,circular,per_chunk,4,4
14694,20584,24417,16,0,0,layered_block,circular,per_chunk,4,4
14695,12084,15917,16,0,0,layered_block,circular,per_chunk,4,4
14696,12041,15958,16,0,0,layered_block,circular,per_chunk,4,4
14697,12083,15958,16,0,0,layered_block,circular,per_chunk,4,4
14698,12209,16083,16,0,0,layered_block,circular,per_chunk,4,4
14699,12167,16083,16,0,0,layered_block,circular,per_chunk,4,4
