
 /----------------------------------------------------------------------------\
 |  yosys -- Yosys Open SYnthesis Suite                                       |
 |  Copyright (C) 2012 - 2024  Claire Xenia Wolf <claire@yosyshq.com>         |
 |  Distributed under an ISC-like license, type "license" to see terms        |
 \----------------------------------------------------------------------------/
 Yosys 0.42 (git sha1 9b6afcf3f, clang++ 15.0.0 -fPIC -Os)

-- Running command `read_verilog "/Users/adarmaori/Desktop/Final Project/FPGA/conv1d_large_serial.v" "large_conv_reports_k32/conv1d_large_serial_k32/conv1d_large_engine.v" "conv1d_large_benchmark_top.v"; chparam -set KERNEL_TAPS 32 conv1d_large_benchmark_top; synth_ice40 -top conv1d_large_benchmark_top -json large_conv_reports_k32/conv1d_large_serial_k32/conv.json' --

1. Executing Verilog-2005 frontend: /Users/adarmaori/Desktop/Final Project/FPGA/conv1d_large_serial.v
Parsing Verilog input from `/Users/adarmaori/Desktop/Final Project/FPGA/conv1d_large_serial.v' to AST representation.
Generating RTLIL representation for module `\conv1d_large_serial'.
Warning: Replacing memory \tap with list of registers. See /Users/adarmaori/Desktop/Final$20Project/FPGA/conv1d_large_serial.v:54
Warning: Replacing memory \history with list of registers. See /Users/adarmaori/Desktop/Final$20Project/FPGA/conv1d_large_serial.v:51
Successfully finished Verilog frontend.

2. Executing Verilog-2005 frontend: large_conv_reports_k32/conv1d_large_serial_k32/conv1d_large_engine.v
Parsing Verilog input from `large_conv_reports_k32/conv1d_large_serial_k32/conv1d_large_engine.v' to AST representation.
Generating RTLIL representation for module `\conv1d_large_engine'.
Successfully finished Verilog frontend.

3. Executing Verilog-2005 frontend: conv1d_large_benchmark_top.v
Parsing Verilog input from `conv1d_large_benchmark_top.v' to AST representation.
Generating RTLIL representation for module `\conv1d_large_benchmark_top'.
Successfully finished Verilog frontend.
Parameter \KERNEL_TAPS = 32

4. Executing AST frontend in derive mode using pre-parsed AST for module `\conv1d_large_benchmark_top'.
Parameter \KERNEL_TAPS = 32
Generating RTLIL representation for module `$paramod\conv1d_large_benchmark_top\KERNEL_TAPS=32'00000000000000000000000000100000'.

5. Executing SYNTH_ICE40 pass.

5.1. Executing Verilog-2005 frontend: /opt/homebrew/bin/../share/yosys/ice40/cells_sim.v
Parsing Verilog input from `/opt/homebrew/bin/../share/yosys/ice40/cells_sim.v' to AST representation.
Generating RTLIL representation for module `\SB_IO'.
Generating RTLIL representation for module `\SB_GB_IO'.
Generating RTLIL representation for module `\SB_GB'.
Generating RTLIL representation for module `\SB_LUT4'.
Generating RTLIL representation for module `\SB_CARRY'.
Generating RTLIL representation for module `\SB_DFF'.
Generating RTLIL representation for module `\SB_DFFE'.
Generating RTLIL representation for module `\SB_DFFSR'.
Generating RTLIL representation for module `\SB_DFFR'.
Generating RTLIL representation for module `\SB_DFFSS'.
Generating RTLIL representation for module `\SB_DFFS'.
Generating RTLIL representation for module `\SB_DFFESR'.
Generating RTLIL representation for module `\SB_DFFER'.
Generating RTLIL representation for module `\SB_DFFESS'.
Generating RTLIL representation for module `\SB_DFFES'.
Generating RTLIL representation for module `\SB_DFFN'.
Generating RTLIL representation for module `\SB_DFFNE'.
Generating RTLIL representation for module `\SB_DFFNSR'.
Generating RTLIL representation for module `\SB_DFFNR'.
Generating RTLIL representation for module `\SB_DFFNSS'.
Generating RTLIL representation for module `\SB_DFFNS'.
Generating RTLIL representation for module `\SB_DFFNESR'.
Generating RTLIL representation for module `\SB_DFFNER'.
Generating RTLIL representation for module `\SB_DFFNESS'.
Generating RTLIL representation for module `\SB_DFFNES'.
Generating RTLIL representation for module `\SB_RAM40_4K'.
Generating RTLIL representation for module `\SB_RAM40_4KNR'.
Generating RTLIL representation for module `\SB_RAM40_4KNW'.
Generating RTLIL representation for module `\SB_RAM40_4KNRNW'.
Generating RTLIL representation for module `\ICESTORM_LC'.
Generating RTLIL representation for module `\SB_PLL40_CORE'.
Generating RTLIL representation for module `\SB_PLL40_PAD'.
Generating RTLIL representation for module `\SB_PLL40_2_PAD'.
Generating RTLIL representation for module `\SB_PLL40_2F_CORE'.
Generating RTLIL representation for module `\SB_PLL40_2F_PAD'.
Generating RTLIL representation for module `\SB_WARMBOOT'.
Generating RTLIL representation for module `\SB_SPRAM256KA'.
Generating RTLIL representation for module `\SB_HFOSC'.
Generating RTLIL representation for module `\SB_LFOSC'.
Generating RTLIL representation for module `\SB_RGBA_DRV'.
Generating RTLIL representation for module `\SB_LED_DRV_CUR'.
Generating RTLIL representation for module `\SB_RGB_DRV'.
Generating RTLIL representation for module `\SB_I2C'.
Generating RTLIL representation for module `\SB_SPI'.
Generating RTLIL representation for module `\SB_LEDDA_IP'.
Generating RTLIL representation for module `\SB_FILTER_50NS'.
Generating RTLIL representation for module `\SB_IO_I3C'.
Generating RTLIL representation for module `\SB_IO_OD'.
Generating RTLIL representation for module `\SB_MAC16'.
Generating RTLIL representation for module `\ICESTORM_RAM'.
Successfully finished Verilog frontend.

5.2. Executing HIERARCHY pass (managing design hierarchy).

5.2.1. Analyzing design hierarchy..
Top module:  \conv1d_large_benchmark_top
Used module:     \conv1d_large_engine
Used module:         \conv1d_large_serial
Parameter \SAMPLE_WIDTH = 8
Parameter \WEIGHT_WIDTH = 8
Parameter \ACC_WIDTH = 32
Parameter \DILATION = 1
Parameter \KERNEL_TAPS = 32
Parameter \BIAS = 0

5.2.2. Executing AST frontend in derive mode using pre-parsed AST for module `\conv1d_large_serial'.
Parameter \SAMPLE_WIDTH = 8
Parameter \WEIGHT_WIDTH = 8
Parameter \ACC_WIDTH = 32
Parameter \DILATION = 1
Parameter \KERNEL_TAPS = 32
Parameter \BIAS = 0
Generating RTLIL representation for module `$paramod$9a5d4607c6d410764a6e490cc9d604d51a78e84a\conv1d_large_serial'.
Warning: Replacing memory \tap with list of registers. See /Users/adarmaori/Desktop/Final$20Project/FPGA/conv1d_large_serial.v:54
Warning: Replacing memory \history with list of registers. See /Users/adarmaori/Desktop/Final$20Project/FPGA/conv1d_large_serial.v:51
Parameter \SAMPLE_WIDTH = 8
Parameter \WEIGHT_WIDTH = 8
Parameter \ACC_WIDTH = 32
Parameter \DILATION = 1
Parameter \KERNEL_TAPS = 32
Parameter \BIAS = 0

5.2.3. Executing AST frontend in derive mode using pre-parsed AST for module `\conv1d_large_engine'.
Parameter \SAMPLE_WIDTH = 8
Parameter \WEIGHT_WIDTH = 8
Parameter \ACC_WIDTH = 32
Parameter \DILATION = 1
Parameter \KERNEL_TAPS = 32
Parameter \BIAS = 0
Generating RTLIL representation for module `$paramod$9a5d4607c6d410764a6e490cc9d604d51a78e84a\conv1d_large_engine'.

5.2.4. Analyzing design hierarchy..
Top module:  \conv1d_large_benchmark_top
Used module:     $paramod$9a5d4607c6d410764a6e490cc9d604d51a78e84a\conv1d_large_engine
Used module:         \conv1d_large_serial
Parameter \SAMPLE_WIDTH = 8
Parameter \WEIGHT_WIDTH = 8
Parameter \ACC_WIDTH = 32
Parameter \DILATION = 1
Parameter \KERNEL_TAPS = 32
Parameter \BIAS = 0
Found cached RTLIL representation for module `$paramod$9a5d4607c6d410764a6e490cc9d604d51a78e84a\conv1d_large_serial'.

5.2.5. Analyzing design hierarchy..
Top module:  \conv1d_large_benchmark_top
Used module:     $paramod$9a5d4607c6d410764a6e490cc9d604d51a78e84a\conv1d_large_engine
Used module:         $paramod$9a5d4607c6d410764a6e490cc9d604d51a78e84a\conv1d_large_serial

5.2.6. Analyzing design hierarchy..
Top module:  \conv1d_large_benchmark_top
Used module:     $paramod$9a5d4607c6d410764a6e490cc9d604d51a78e84a\conv1d_large_engine
Used module:         $paramod$9a5d4607c6d410764a6e490cc9d604d51a78e84a\conv1d_large_serial
Removing unused module `\conv1d_large_engine'.
Removing unused module `\conv1d_large_serial'.
Removed 2 unused modules.

5.3. Executing PROC pass (convert processes to netlists).

5.3.1. Executing PROC_CLEAN pass (remove empty switches from decision trees).
Cleaned up 0 empty switches.

5.3.2. Executing PROC_RMDEAD pass (remove dead branches from decision trees).
Marked 1 switch rules as full_case in process $proc$/opt/homebrew/bin/../share/yosys/ice40/cells_sim.v:1414$305 in module SB_DFFNES.
Marked 1 switch rules as full_case in process $proc$/opt/homebrew/bin/../share/yosys/ice40/cells_sim.v:1353$298 in module SB_DFFNESS.
Marked 1 switch rules as full_case in process $proc$/opt/homebrew/bin/../share/yosys/ice40/cells_sim.v:1273$294 in module SB_DFFNER.
Marked 1 switch rules as full_case in process $proc$/opt/homebrew/bin/../share/yosys/ice40/cells_sim.v:1212$287 in module SB_DFFNESR.
Marked 1 switch rules as full_case in process $proc$/opt/homebrew/bin/../share/yosys/ice40/cells_sim.v:1138$284 in module SB_DFFNS.
Marked 1 switch rules as full_case in process $proc$/opt/homebrew/bin/../share/yosys/ice40/cells_sim.v:1088$281 in module SB_DFFNSS.
Marked 1 switch rules as full_case in process $proc$/opt/homebrew/bin/../share/yosys/ice40/cells_sim.v:1017$278 in module SB_DFFNR.
Marked 1 switch rules as full_case in process $proc$/opt/homebrew/bin/../share/yosys/ice40/cells_sim.v:967$275 in module SB_DFFNSR.
Marked 1 switch rules as full_case in process $proc$/opt/homebrew/bin/../share/yosys/ice40/cells_sim.v:803$267 in module SB_DFFES.
Marked 1 switch rules as full_case in process $proc$/opt/homebrew/bin/../share/yosys/ice40/cells_sim.v:742$260 in module SB_DFFESS.
Marked 1 switch rules as full_case in process $proc$/opt/homebrew/bin/../share/yosys/ice40/cells_sim.v:662$256 in module SB_DFFER.
Marked 1 switch rules as full_case in process $proc$/opt/homebrew/bin/../share/yosys/ice40/cells_sim.v:601$249 in module SB_DFFESR.
Marked 1 switch rules as full_case in process $proc$/opt/homebrew/bin/../share/yosys/ice40/cells_sim.v:527$246 in module SB_DFFS.
Marked 1 switch rules as full_case in process $proc$/opt/homebrew/bin/../share/yosys/ice40/cells_sim.v:477$243 in module SB_DFFSS.
Marked 1 switch rules as full_case in process $proc$/opt/homebrew/bin/../share/yosys/ice40/cells_sim.v:406$240 in module SB_DFFR.
Marked 1 switch rules as full_case in process $proc$/opt/homebrew/bin/../share/yosys/ice40/cells_sim.v:356$237 in module SB_DFFSR.
Removed 2 dead cases from process $proc$/Users/adarmaori/Desktop/Final$20Project/FPGA/conv1d_large_serial.v:48$450 in module $paramod$9a5d4607c6d410764a6e490cc9d604d51a78e84a\conv1d_large_serial.
Marked 8 switch rules as full_case in process $proc$/Users/adarmaori/Desktop/Final$20Project/FPGA/conv1d_large_serial.v:48$450 in module $paramod$9a5d4607c6d410764a6e490cc9d604d51a78e84a\conv1d_large_serial.
Removed a total of 2 dead cases.

5.3.3. Executing PROC_PRUNE pass (remove redundant assignments in processes).
Removed 9 redundant assignments.
Promoted 31 assignments to connections.

5.3.4. Executing PROC_INIT pass (extract init attributes).
Found init rule in `\SB_DFFNES.$proc$/opt/homebrew/bin/../share/yosys/ice40/cells_sim.v:0$308'.
  Set init value: \Q = 1'0
Found init rule in `\SB_DFFNESS.$proc$/opt/homebrew/bin/../share/yosys/ice40/cells_sim.v:0$304'.
  Set init value: \Q = 1'0
Found init rule in `\SB_DFFNER.$proc$/opt/homebrew/bin/../share/yosys/ice40/cells_sim.v:0$297'.
  Set init value: \Q = 1'0
Found init rule in `\SB_DFFNESR.$proc$/opt/homebrew/bin/../share/yosys/ice40/cells_sim.v:0$293'.
  Set init value: \Q = 1'0
Found init rule in `\SB_DFFNS.$proc$/opt/homebrew/bin/../share/yosys/ice40/cells_sim.v:0$286'.
  Set init value: \Q = 1'0
Found init rule in `\SB_DFFNSS.$proc$/opt/homebrew/bin/../share/yosys/ice40/cells_sim.v:0$283'.
  Set init value: \Q = 1'0
Found init rule in `\SB_DFFNR.$proc$/opt/homebrew/bin/../share/yosys/ice40/cells_sim.v:0$280'.
  Set init value: \Q = 1'0
Found init rule in `\SB_DFFNSR.$proc$/opt/homebrew/bin/../share/yosys/ice40/cells_sim.v:0$277'.
  Set init value: \Q = 1'0
Found init rule in `\SB_DFFNE.$proc$/opt/homebrew/bin/../share/yosys/ice40/cells_sim.v:0$274'.
  Set init value: \Q = 1'0
Found init rule in `\SB_DFFN.$proc$/opt/homebrew/bin/../share/yosys/ice40/cells_sim.v:0$272'.
  Set init value: \Q = 1'0
Found init rule in `\SB_DFFES.$proc$/opt/homebrew/bin/../share/yosys/ice40/cells_sim.v:0$270'.
  Set init value: \Q = 1'0
Found init rule in `\SB_DFFESS.$proc$/opt/homebrew/bin/../share/yosys/ice40/cells_sim.v:0$266'.
  Set init value: \Q = 1'0
Found init rule in `\SB_DFFER.$proc$/opt/homebrew/bin/../share/yosys/ice40/cells_sim.v:0$259'.
  Set init value: \Q = 1'0
Found init rule in `\SB_DFFESR.$proc$/opt/homebrew/bin/../share/yosys/ice40/cells_sim.v:0$255'.
  Set init value: \Q = 1'0
Found init rule in `\SB_DFFS.$proc$/opt/homebrew/bin/../share/yosys/ice40/cells_sim.v:0$248'.
  Set init value: \Q = 1'0
Found init rule in `\SB_DFFSS.$proc$/opt/homebrew/bin/../share/yosys/ice40/cells_sim.v:0$245'.
  Set init value: \Q = 1'0
Found init rule in `\SB_DFFR.$proc$/opt/homebrew/bin/../share/yosys/ice40/cells_sim.v:0$242'.
  Set init value: \Q = 1'0
Found init rule in `\SB_DFFSR.$proc$/opt/homebrew/bin/../share/yosys/ice40/cells_sim.v:0$239'.
  Set init value: \Q = 1'0
Found init rule in `\SB_DFFE.$proc$/opt/homebrew/bin/../share/yosys/ice40/cells_sim.v:0$236'.
  Set init value: \Q = 1'0
Found init rule in `\SB_DFF.$proc$/opt/homebrew/bin/../share/yosys/ice40/cells_sim.v:0$234'.
  Set init value: \Q = 1'0

5.3.5. Executing PROC_ARST pass (detect async resets in processes).
Found async reset \S in `\SB_DFFNES.$proc$/opt/homebrew/bin/../share/yosys/ice40/cells_sim.v:1414$305'.
Found async reset \R in `\SB_DFFNER.$proc$/opt/homebrew/bin/../share/yosys/ice40/cells_sim.v:1273$294'.
Found async reset \S in `\SB_DFFNS.$proc$/opt/homebrew/bin/../share/yosys/ice40/cells_sim.v:1138$284'.
Found async reset \R in `\SB_DFFNR.$proc$/opt/homebrew/bin/../share/yosys/ice40/cells_sim.v:1017$278'.
Found async reset \S in `\SB_DFFES.$proc$/opt/homebrew/bin/../share/yosys/ice40/cells_sim.v:803$267'.
Found async reset \R in `\SB_DFFER.$proc$/opt/homebrew/bin/../share/yosys/ice40/cells_sim.v:662$256'.
Found async reset \S in `\SB_DFFS.$proc$/opt/homebrew/bin/../share/yosys/ice40/cells_sim.v:527$246'.
Found async reset \R in `\SB_DFFR.$proc$/opt/homebrew/bin/../share/yosys/ice40/cells_sim.v:406$240'.

5.3.6. Executing PROC_ROM pass (convert switches to ROMs).
Converted 0 switches.
<suppressed ~26 debug messages>

5.3.7. Executing PROC_MUX pass (convert decision trees to multiplexers).
Creating decoders for process `\SB_DFFNES.$proc$/opt/homebrew/bin/../share/yosys/ice40/cells_sim.v:0$308'.
Creating decoders for process `\SB_DFFNES.$proc$/opt/homebrew/bin/../share/yosys/ice40/cells_sim.v:1414$305'.
     1/1: $0\Q[0:0]
Creating decoders for process `\SB_DFFNESS.$proc$/opt/homebrew/bin/../share/yosys/ice40/cells_sim.v:0$304'.
Creating decoders for process `\SB_DFFNESS.$proc$/opt/homebrew/bin/../share/yosys/ice40/cells_sim.v:1353$298'.
     1/1: $0\Q[0:0]
Creating decoders for process `\SB_DFFNER.$proc$/opt/homebrew/bin/../share/yosys/ice40/cells_sim.v:0$297'.
Creating decoders for process `\SB_DFFNER.$proc$/opt/homebrew/bin/../share/yosys/ice40/cells_sim.v:1273$294'.
     1/1: $0\Q[0:0]
Creating decoders for process `\SB_DFFNESR.$proc$/opt/homebrew/bin/../share/yosys/ice40/cells_sim.v:0$293'.
Creating decoders for process `\SB_DFFNESR.$proc$/opt/homebrew/bin/../share/yosys/ice40/cells_sim.v:1212$287'.
     1/1: $0\Q[0:0]
Creating decoders for process `\SB_DFFNS.$proc$/opt/homebrew/bin/../share/yosys/ice40/cells_sim.v:0$286'.
Creating decoders for process `\SB_DFFNS.$proc$/opt/homebrew/bin/../share/yosys/ice40/cells_sim.v:1138$284'.
     1/1: $0\Q[0:0]
Creating decoders for process `\SB_DFFNSS.$proc$/opt/homebrew/bin/../share/yosys/ice40/cells_sim.v:0$283'.
Creating decoders for process `\SB_DFFNSS.$proc$/opt/homebrew/bin/../share/yosys/ice40/cells_sim.v:1088$281'.
     1/1: $0\Q[0:0]
Creating decoders for process `\SB_DFFNR.$proc$/opt/homebrew/bin/../share/yosys/ice40/cells_sim.v:0$280'.
Creating decoders for process `\SB_DFFNR.$proc$/opt/homebrew/bin/../share/yosys/ice40/cells_sim.v:1017$278'.
     1/1: $0\Q[0:0]
Creating decoders for process `\SB_DFFNSR.$proc$/opt/homebrew/bin/../share/yosys/ice40/cells_sim.v:0$277'.
Creating decoders for process `\SB_DFFNSR.$proc$/opt/homebrew/bin/../share/yosys/ice40/cells_sim.v:967$275'.
     1/1: $0\Q[0:0]
Creating decoders for process `\SB_DFFNE.$proc$/opt/homebrew/bin/../share/yosys/ice40/cells_sim.v:0$274'.
Creating decoders for process `\SB_DFFNE.$proc$/opt/homebrew/bin/../share/yosys/ice40/cells_sim.v:922$273'.
     1/1: $0\Q[0:0]
Creating decoders for process `\SB_DFFN.$proc$/opt/homebrew/bin/../share/yosys/ice40/cells_sim.v:0$272'.
Creating decoders for process `\SB_DFFN.$proc$/opt/homebrew/bin/../share/yosys/ice40/cells_sim.v:882$271'.
Creating decoders for process `\SB_DFFES.$proc$/opt/homebrew/bin/../share/yosys/ice40/cells_sim.v:0$270'.
Creating decoders for process `\SB_DFFES.$proc$/opt/homebrew/bin/../share/yosys/ice40/cells_sim.v:803$267'.
     1/1: $0\Q[0:0]
Creating decoders for process `\SB_DFFESS.$proc$/opt/homebrew/bin/../share/yosys/ice40/cells_sim.v:0$266'.
Creating decoders for process `\SB_DFFESS.$proc$/opt/homebrew/bin/../share/yosys/ice40/cells_sim.v:742$260'.
     1/1: $0\Q[0:0]
Creating decoders for process `\SB_DFFER.$proc$/opt/homebrew/bin/../share/yosys/ice40/cells_sim.v:0$259'.
Creating decoders for process `\SB_DFFER.$proc$/opt/homebrew/bin/../share/yosys/ice40/cells_sim.v:662$256'.
     1/1: $0\Q[0:0]
Creating decoders for process `\SB_DFFESR.$proc$/opt/homebrew/bin/../share/yosys/ice40/cells_sim.v:0$255'.
Creating decoders for process `\SB_DFFESR.$proc$/opt/homebrew/bin/../share/yosys/ice40/cells_sim.v:601$249'.
     1/1: $0\Q[0:0]
Creating decoders for process `\SB_DFFS.$proc$/opt/homebrew/bin/../share/yosys/ice40/cells_sim.v:0$248'.
Creating decoders for process `\SB_DFFS.$proc$/opt/homebrew/bin/../share/yosys/ice40/cells_sim.v:527$246'.
     1/1: $0\Q[0:0]
Creating decoders for process `\SB_DFFSS.$proc$/opt/homebrew/bin/../share/yosys/ice40/cells_sim.v:0$245'.
Creating decoders for process `\SB_DFFSS.$proc$/opt/homebrew/bin/../share/yosys/ice40/cells_sim.v:477$243'.
     1/1: $0\Q[0:0]
Creating decoders for process `\SB_DFFR.$proc$/opt/homebrew/bin/../share/yosys/ice40/cells_sim.v:0$242'.
Creating decoders for process `\SB_DFFR.$proc$/opt/homebrew/bin/../share/yosys/ice40/cells_sim.v:406$240'.
     1/1: $0\Q[0:0]
Creating decoders for process `\SB_DFFSR.$proc$/opt/homebrew/bin/../share/yosys/ice40/cells_sim.v:0$239'.
Creating decoders for process `\SB_DFFSR.$proc$/opt/homebrew/bin/../share/yosys/ice40/cells_sim.v:356$237'.
     1/1: $0\Q[0:0]
Creating decoders for process `\SB_DFFE.$proc$/opt/homebrew/bin/../share/yosys/ice40/cells_sim.v:0$236'.
Creating decoders for process `\SB_DFFE.$proc$/opt/homebrew/bin/../share/yosys/ice40/cells_sim.v:311$235'.
     1/1: $0\Q[0:0]
Creating decoders for process `\SB_DFF.$proc$/opt/homebrew/bin/../share/yosys/ice40/cells_sim.v:0$234'.
Creating decoders for process `\SB_DFF.$proc$/opt/homebrew/bin/../share/yosys/ice40/cells_sim.v:271$233'.
Creating decoders for process `$paramod$9a5d4607c6d410764a6e490cc9d604d51a78e84a\conv1d_large_serial.$proc$/Users/adarmaori/Desktop/Final$20Project/FPGA/conv1d_large_serial.v:48$450'.
     1/106: $5$mem2reg_rd$\tap$/Users/adarmaori/Desktop/Final$20Project/FPGA/conv1d_large_serial.v:85$448_DATA[7:0]$501
     2/106: $5\tap_weight$func$/Users/adarmaori/Desktop/Final$20Project/FPGA/conv1d_large_serial.v:85$446.$result[7:0]$500
     3/106: $5$mem2reg_rd$\tap$/Users/adarmaori/Desktop/Final$20Project/FPGA/conv1d_large_serial.v:80$447_DATA[7:0]$496
     4/106: $5\tap_weight$func$/Users/adarmaori/Desktop/Final$20Project/FPGA/conv1d_large_serial.v:80$445.$result[7:0]$495
     5/106: $4$mem2reg_rd$\tap$/Users/adarmaori/Desktop/Final$20Project/FPGA/conv1d_large_serial.v:80$447_DATA[7:0]$491
     6/106: $4$mem2reg_rd$\tap$/Users/adarmaori/Desktop/Final$20Project/FPGA/conv1d_large_serial.v:80$447_ADDR[4:0]$490
     7/106: $4\tap_weight$func$/Users/adarmaori/Desktop/Final$20Project/FPGA/conv1d_large_serial.v:80$445.$result[7:0]$486
     8/106: $4\tap_weight$func$/Users/adarmaori/Desktop/Final$20Project/FPGA/conv1d_large_serial.v:80$445.weight_index[31:0]$487
     9/106: $4$mem2reg_rd$\tap$/Users/adarmaori/Desktop/Final$20Project/FPGA/conv1d_large_serial.v:85$448_DATA[7:0]$493
    10/106: $4$mem2reg_rd$\tap$/Users/adarmaori/Desktop/Final$20Project/FPGA/conv1d_large_serial.v:85$448_ADDR[4:0]$492
    11/106: $4\tap_weight$func$/Users/adarmaori/Desktop/Final$20Project/FPGA/conv1d_large_serial.v:85$446.weight_index[31:0]$489
    12/106: $4\tap_weight$func$/Users/adarmaori/Desktop/Final$20Project/FPGA/conv1d_large_serial.v:85$446.$result[7:0]$488
    13/106: $3$mem2reg_rd$\tap$/Users/adarmaori/Desktop/Final$20Project/FPGA/conv1d_large_serial.v:85$448_DATA[7:0]$484
    14/106: $3$mem2reg_rd$\tap$/Users/adarmaori/Desktop/Final$20Project/FPGA/conv1d_large_serial.v:85$448_ADDR[4:0]$483
    15/106: $3$mem2reg_rd$\tap$/Users/adarmaori/Desktop/Final$20Project/FPGA/conv1d_large_serial.v:80$447_DATA[7:0]$482
    16/106: $3$mem2reg_rd$\tap$/Users/adarmaori/Desktop/Final$20Project/FPGA/conv1d_large_serial.v:80$447_ADDR[4:0]$481
    17/106: $3\tap_weight$func$/Users/adarmaori/Desktop/Final$20Project/FPGA/conv1d_large_serial.v:85$446.weight_index[31:0]$480
    18/106: $3\tap_weight$func$/Users/adarmaori/Desktop/Final$20Project/FPGA/conv1d_large_serial.v:85$446.$result[7:0]$479
    19/106: $3\tap_weight$func$/Users/adarmaori/Desktop/Final$20Project/FPGA/conv1d_large_serial.v:80$445.weight_index[31:0]$478
    20/106: $3\tap_weight$func$/Users/adarmaori/Desktop/Final$20Project/FPGA/conv1d_large_serial.v:80$445.$result[7:0]$477
    21/106: $2\i[31:0]
    22/106: $2$mem2reg_rd$\tap$/Users/adarmaori/Desktop/Final$20Project/FPGA/conv1d_large_serial.v:85$448_DATA[7:0]$476
    23/106: $2$mem2reg_rd$\tap$/Users/adarmaori/Desktop/Final$20Project/FPGA/conv1d_large_serial.v:85$448_ADDR[4:0]$475
    24/106: $2$mem2reg_rd$\tap$/Users/adarmaori/Desktop/Final$20Project/FPGA/conv1d_large_serial.v:80$447_DATA[7:0]$474
    25/106: $2$mem2reg_rd$\tap$/Users/adarmaori/Desktop/Final$20Project/FPGA/conv1d_large_serial.v:80$447_ADDR[4:0]$473
    26/106: $2\tap_weight$func$/Users/adarmaori/Desktop/Final$20Project/FPGA/conv1d_large_serial.v:85$446.weight_index[31:0]$472
    27/106: $2\tap_weight$func$/Users/adarmaori/Desktop/Final$20Project/FPGA/conv1d_large_serial.v:85$446.$result[7:0]$471
    28/106: $2\tap_weight$func$/Users/adarmaori/Desktop/Final$20Project/FPGA/conv1d_large_serial.v:80$445.weight_index[31:0]$470
    29/106: $2\tap_weight$func$/Users/adarmaori/Desktop/Final$20Project/FPGA/conv1d_large_serial.v:80$445.$result[7:0]$469
    30/106: $0\output_valid[0:0]
    31/106: $1\i[31:0]
    32/106: $1$mem2reg_rd$\tap$/Users/adarmaori/Desktop/Final$20Project/FPGA/conv1d_large_serial.v:85$448_DATA[7:0]$466
    33/106: $1$mem2reg_rd$\tap$/Users/adarmaori/Desktop/Final$20Project/FPGA/conv1d_large_serial.v:85$448_ADDR[4:0]$465
    34/106: $1$mem2reg_rd$\tap$/Users/adarmaori/Desktop/Final$20Project/FPGA/conv1d_large_serial.v:80$447_DATA[7:0]$464
    35/106: $1$mem2reg_rd$\tap$/Users/adarmaori/Desktop/Final$20Project/FPGA/conv1d_large_serial.v:80$447_ADDR[4:0]$463
    36/106: $1\tap_weight$func$/Users/adarmaori/Desktop/Final$20Project/FPGA/conv1d_large_serial.v:85$446.weight_index[31:0]$462
    37/106: $1\tap_weight$func$/Users/adarmaori/Desktop/Final$20Project/FPGA/conv1d_large_serial.v:85$446.$result[7:0]$461
    38/106: $1\tap_weight$func$/Users/adarmaori/Desktop/Final$20Project/FPGA/conv1d_large_serial.v:80$445.weight_index[31:0]$460
    39/106: $1\tap_weight$func$/Users/adarmaori/Desktop/Final$20Project/FPGA/conv1d_large_serial.v:80$445.$result[7:0]$459
    40/106: $0\tap[31][7:0]
    41/106: $0\tap[30][7:0]
    42/106: $0\tap[29][7:0]
    43/106: $0\tap[28][7:0]
    44/106: $0\tap[27][7:0]
    45/106: $0\tap[26][7:0]
    46/106: $0\tap[25][7:0]
    47/106: $0\tap[24][7:0]
    48/106: $0\tap[23][7:0]
    49/106: $0\tap[22][7:0]
    50/106: $0\tap[21][7:0]
    51/106: $0\tap[20][7:0]
    52/106: $0\tap[19][7:0]
    53/106: $0\tap[18][7:0]
    54/106: $0\tap[17][7:0]
    55/106: $0\tap[16][7:0]
    56/106: $0\tap[15][7:0]
    57/106: $0\tap[14][7:0]
    58/106: $0\tap[13][7:0]
    59/106: $0\tap[12][7:0]
    60/106: $0\tap[11][7:0]
    61/106: $0\tap[10][7:0]
    62/106: $0\tap[9][7:0]
    63/106: $0\tap[8][7:0]
    64/106: $0\tap[7][7:0]
    65/106: $0\tap[6][7:0]
    66/106: $0\tap[5][7:0]
    67/106: $0\tap[4][7:0]
    68/106: $0\tap[3][7:0]
    69/106: $0\tap[2][7:0]
    70/106: $0\tap[1][7:0]
    71/106: $0\tap[0][7:0]
    72/106: $0\history[30][7:0]
    73/106: $0\history[29][7:0]
    74/106: $0\history[28][7:0]
    75/106: $0\history[27][7:0]
    76/106: $0\history[26][7:0]
    77/106: $0\history[25][7:0]
    78/106: $0\history[24][7:0]
    79/106: $0\history[23][7:0]
    80/106: $0\history[22][7:0]
    81/106: $0\history[21][7:0]
    82/106: $0\history[20][7:0]
    83/106: $0\history[19][7:0]
    84/106: $0\history[18][7:0]
    85/106: $0\history[17][7:0]
    86/106: $0\history[16][7:0]
    87/106: $0\history[15][7:0]
    88/106: $0\history[14][7:0]
    89/106: $0\history[13][7:0]
    90/106: $0\history[12][7:0]
    91/106: $0\history[11][7:0]
    92/106: $0\history[10][7:0]
    93/106: $0\history[9][7:0]
    94/106: $0\history[8][7:0]
    95/106: $0\history[7][7:0]
    96/106: $0\history[6][7:0]
    97/106: $0\history[5][7:0]
    98/106: $0\history[4][7:0]
    99/106: $0\history[3][7:0]
   100/106: $0\history[2][7:0]
   101/106: $0\history[1][7:0]
   102/106: $0\history[0][7:0]
   103/106: $0\busy[0:0]
   104/106: $0\tap_index[15:0]
   105/106: $0\acc[31:0]
   106/106: $0\sample_out[31:0]

5.3.8. Executing PROC_DLATCH pass (convert process syncs to latches).

5.3.9. Executing PROC_DFF pass (convert process syncs to FFs).
Creating register for signal `\SB_DFFNES.\Q' using process `\SB_DFFNES.$proc$/opt/homebrew/bin/../share/yosys/ice40/cells_sim.v:1414$305'.
  created $adff cell `$procdff$1366' with negative edge clock and positive level reset.
Creating register for signal `\SB_DFFNESS.\Q' using process `\SB_DFFNESS.$proc$/opt/homebrew/bin/../share/yosys/ice40/cells_sim.v:1353$298'.
  created $dff cell `$procdff$1367' with negative edge clock.
Creating register for signal `\SB_DFFNER.\Q' using process `\SB_DFFNER.$proc$/opt/homebrew/bin/../share/yosys/ice40/cells_sim.v:1273$294'.
  created $adff cell `$procdff$1368' with negative edge clock and positive level reset.
Creating register for signal `\SB_DFFNESR.\Q' using process `\SB_DFFNESR.$proc$/opt/homebrew/bin/../share/yosys/ice40/cells_sim.v:1212$287'.
  created $dff cell `$procdff$1369' with negative edge clock.
Creating register for signal `\SB_DFFNS.\Q' using process `\SB_DFFNS.$proc$/opt/homebrew/bin/../share/yosys/ice40/cells_sim.v:1138$284'.
  created $adff cell `$procdff$1370' with negative edge clock and positive level reset.
Creating register for signal `\SB_DFFNSS.\Q' using process `\SB_DFFNSS.$proc$/opt/homebrew/bin/../share/yosys/ice40/cells_sim.v:1088$281'.
  created $dff cell `$procdff$1371' with negative edge clock.
Creating register for signal `\SB_DFFNR.\Q' using process `\SB_DFFNR.$proc$/opt/homebrew/bin/../share/yosys/ice40/cells_sim.v:1017$278'.
  created $adff cell `$procdff$1372' with negative edge clock and positive level reset.
Creating register for signal `\SB_DFFNSR.\Q' using process `\SB_DFFNSR.$proc$/opt/homebrew/bin/../share/yosys/ice40/cells_sim.v:967$275'.
  created $dff cell `$procdff$1373' with negative edge clock.
Creating register for signal `\SB_DFFNE.\Q' using process `\SB_DFFNE.$proc$/opt/homebrew/bin/../share/yosys/ice40/cells_sim.v:922$273'.
  created $dff cell `$procdff$1374' with negative edge clock.
Creating register for signal `\SB_DFFN.\Q' using process `\SB_DFFN.$proc$/opt/homebrew/bin/../share/yosys/ice40/cells_sim.v:882$271'.
  created $dff cell `$procdff$1375' with negative edge clock.
Creating register for signal `\SB_DFFES.\Q' using process `\SB_DFFES.$proc$/opt/homebrew/bin/../share/yosys/ice40/cells_sim.v:803$267'.
  created $adff cell `$procdff$1376' with positive edge clock and positive level reset.
Creating register for signal `\SB_DFFESS.\Q' using process `\SB_DFFESS.$proc$/opt/homebrew/bin/../share/yosys/ice40/cells_sim.v:742$260'.
  created $dff cell `$procdff$1377' with positive edge clock.
Creating register for signal `\SB_DFFER.\Q' using process `\SB_DFFER.$proc$/opt/homebrew/bin/../share/yosys/ice40/cells_sim.v:662$256'.
  created $adff cell `$procdff$1378' with positive edge clock and positive level reset.
Creating register for signal `\SB_DFFESR.\Q' using process `\SB_DFFESR.$proc$/opt/homebrew/bin/../share/yosys/ice40/cells_sim.v:601$249'.
  created $dff cell `$procdff$1379' with positive edge clock.
Creating register for signal `\SB_DFFS.\Q' using process `\SB_DFFS.$proc$/opt/homebrew/bin/../share/yosys/ice40/cells_sim.v:527$246'.
  created $adff cell `$procdff$1380' with positive edge clock and positive level reset.
Creating register for signal `\SB_DFFSS.\Q' using process `\SB_DFFSS.$proc$/opt/homebrew/bin/../share/yosys/ice40/cells_sim.v:477$243'.
  created $dff cell `$procdff$1381' with positive edge clock.
Creating register for signal `\SB_DFFR.\Q' using process `\SB_DFFR.$proc$/opt/homebrew/bin/../share/yosys/ice40/cells_sim.v:406$240'.
  created $adff cell `$procdff$1382' with positive edge clock and positive level reset.
Creating register for signal `\SB_DFFSR.\Q' using process `\SB_DFFSR.$proc$/opt/homebrew/bin/../share/yosys/ice40/cells_sim.v:356$237'.
  created $dff cell `$procdff$1383' with positive edge clock.
Creating register for signal `\SB_DFFE.\Q' using process `\SB_DFFE.$proc$/opt/homebrew/bin/../share/yosys/ice40/cells_sim.v:311$235'.
  created $dff cell `$procdff$1384' with positive edge clock.
Creating register for signal `\SB_DFF.\Q' using process `\SB_DFF.$proc$/opt/homebrew/bin/../share/yosys/ice40/cells_sim.v:271$233'.
  created $dff cell `$procdff$1385' with positive edge clock.
Creating register for signal `$paramod$9a5d4607c6d410764a6e490cc9d604d51a78e84a\conv1d_large_serial.\output_valid' using process `$paramod$9a5d4607c6d410764a6e490cc9d604d51a78e84a\conv1d_large_serial.$proc$/Users/adarmaori/Desktop/Final$20Project/FPGA/conv1d_large_serial.v:48$450'.
  created $dff cell `$procdff$1386' with positive edge clock.
Creating register for signal `$paramod$9a5d4607c6d410764a6e490cc9d604d51a78e84a\conv1d_large_serial.\sample_out' using process `$paramod$9a5d4607c6d410764a6e490cc9d604d51a78e84a\conv1d_large_serial.$proc$/Users/adarmaori/Desktop/Final$20Project/FPGA/conv1d_large_serial.v:48$450'.
  created $dff cell `$procdff$1387' with positive edge clock.
Creating register for signal `$paramod$9a5d4607c6d410764a6e490cc9d604d51a78e84a\conv1d_large_serial.\acc' using process `$paramod$9a5d4607c6d410764a6e490cc9d604d51a78e84a\conv1d_large_serial.$proc$/Users/adarmaori/Desktop/Final$20Project/FPGA/conv1d_large_serial.v:48$450'.
  created $dff cell `$procdff$1388' with positive edge clock.
Creating register for signal `$paramod$9a5d4607c6d410764a6e490cc9d604d51a78e84a\conv1d_large_serial.\tap_index' using process `$paramod$9a5d4607c6d410764a6e490cc9d604d51a78e84a\conv1d_large_serial.$proc$/Users/adarmaori/Desktop/Final$20Project/FPGA/conv1d_large_serial.v:48$450'.
  created $dff cell `$procdff$1389' with positive edge clock.
Creating register for signal `$paramod$9a5d4607c6d410764a6e490cc9d604d51a78e84a\conv1d_large_serial.\busy' using process `$paramod$9a5d4607c6d410764a6e490cc9d604d51a78e84a\conv1d_large_serial.$proc$/Users/adarmaori/Desktop/Final$20Project/FPGA/conv1d_large_serial.v:48$450'.
  created $dff cell `$procdff$1390' with positive edge clock.
Creating register for signal `$paramod$9a5d4607c6d410764a6e490cc9d604d51a78e84a\conv1d_large_serial.\i' using process `$paramod$9a5d4607c6d410764a6e490cc9d604d51a78e84a\conv1d_large_serial.$proc$/Users/adarmaori/Desktop/Final$20Project/FPGA/conv1d_large_serial.v:48$450'.
  created $dff cell `$procdff$1391' with positive edge clock.
Creating register for signal `$paramod$9a5d4607c6d410764a6e490cc9d604d51a78e84a\conv1d_large_serial.\history[0]' using process `$paramod$9a5d4607c6d410764a6e490cc9d604d51a78e84a\conv1d_large_serial.$proc$/Users/adarmaori/Desktop/Final$20Project/FPGA/conv1d_large_serial.v:48$450'.
  created $dff cell `$procdff$1392' with positive edge clock.
Creating register for signal `$paramod$9a5d4607c6d410764a6e490cc9d604d51a78e84a\conv1d_large_serial.\history[1]' using process `$paramod$9a5d4607c6d410764a6e490cc9d604d51a78e84a\conv1d_large_serial.$proc$/Users/adarmaori/Desktop/Final$20Project/FPGA/conv1d_large_serial.v:48$450'.
  created $dff cell `$procdff$1393' with positive edge clock.
Creating register for signal `$paramod$9a5d4607c6d410764a6e490cc9d604d51a78e84a\conv1d_large_serial.\history[2]' using process `$paramod$9a5d4607c6d410764a6e490cc9d604d51a78e84a\conv1d_large_serial.$proc$/Users/adarmaori/Desktop/Final$20Project/FPGA/conv1d_large_serial.v:48$450'.
  created $dff cell `$procdff$1394' with positive edge clock.
Creating register for signal `$paramod$9a5d4607c6d410764a6e490cc9d604d51a78e84a\conv1d_large_serial.\history[3]' using process `$paramod$9a5d4607c6d410764a6e490cc9d604d51a78e84a\conv1d_large_serial.$proc$/Users/adarmaori/Desktop/Final$20Project/FPGA/conv1d_large_serial.v:48$450'.
  created $dff cell `$procdff$1395' with positive edge clock.
Creating register for signal `$paramod$9a5d4607c6d410764a6e490cc9d604d51a78e84a\conv1d_large_serial.\history[4]' using process `$paramod$9a5d4607c6d410764a6e490cc9d604d51a78e84a\conv1d_large_serial.$proc$/Users/adarmaori/Desktop/Final$20Project/FPGA/conv1d_large_serial.v:48$450'.
  created $dff cell `$procdff$1396' with positive edge clock.
Creating register for signal `$paramod$9a5d4607c6d410764a6e490cc9d604d51a78e84a\conv1d_large_serial.\history[5]' using process `$paramod$9a5d4607c6d410764a6e490cc9d604d51a78e84a\conv1d_large_serial.$proc$/Users/adarmaori/Desktop/Final$20Project/FPGA/conv1d_large_serial.v:48$450'.
  created $dff cell `$procdff$1397' with positive edge clock.
Creating register for signal `$paramod$9a5d4607c6d410764a6e490cc9d604d51a78e84a\conv1d_large_serial.\history[6]' using process `$paramod$9a5d4607c6d410764a6e490cc9d604d51a78e84a\conv1d_large_serial.$proc$/Users/adarmaori/Desktop/Final$20Project/FPGA/conv1d_large_serial.v:48$450'.
  created $dff cell `$procdff$1398' with positive edge clock.
Creating register for signal `$paramod$9a5d4607c6d410764a6e490cc9d604d51a78e84a\conv1d_large_serial.\history[7]' using process `$paramod$9a5d4607c6d410764a6e490cc9d604d51a78e84a\conv1d_large_serial.$proc$/Users/adarmaori/Desktop/Final$20Project/FPGA/conv1d_large_serial.v:48$450'.
  created $dff cell `$procdff$1399' with positive edge clock.
Creating register for signal `$paramod$9a5d4607c6d410764a6e490cc9d604d51a78e84a\conv1d_large_serial.\history[8]' using process `$paramod$9a5d4607c6d410764a6e490cc9d604d51a78e84a\conv1d_large_serial.$proc$/Users/adarmaori/Desktop/Final$20Project/FPGA/conv1d_large_serial.v:48$450'.
  created $dff cell `$procdff$1400' with positive edge clock.
Creating register for signal `$paramod$9a5d4607c6d410764a6e490cc9d604d51a78e84a\conv1d_large_serial.\history[9]' using process `$paramod$9a5d4607c6d410764a6e490cc9d604d51a78e84a\conv1d_large_serial.$proc$/Users/adarmaori/Desktop/Final$20Project/FPGA/conv1d_large_serial.v:48$450'.
  created $dff cell `$procdff$1401' with positive edge clock.
Creating register for signal `$paramod$9a5d4607c6d410764a6e490cc9d604d51a78e84a\conv1d_large_serial.\history[10]' using process `$paramod$9a5d4607c6d410764a6e490cc9d604d51a78e84a\conv1d_large_serial.$proc$/Users/adarmaori/Desktop/Final$20Project/FPGA/conv1d_large_serial.v:48$450'.
  created $dff cell `$procdff$1402' with positive edge clock.
Creating register for signal `$paramod$9a5d4607c6d410764a6e490cc9d604d51a78e84a\conv1d_large_serial.\history[11]' using process `$paramod$9a5d4607c6d410764a6e490cc9d604d51a78e84a\conv1d_large_serial.$proc$/Users/adarmaori/Desktop/Final$20Project/FPGA/conv1d_large_serial.v:48$450'.
  created $dff cell `$procdff$1403' with positive edge clock.
Creating register for signal `$paramod$9a5d4607c6d410764a6e490cc9d604d51a78e84a\conv1d_large_serial.\history[12]' using process `$paramod$9a5d4607c6d410764a6e490cc9d604d51a78e84a\conv1d_large_serial.$proc$/Users/adarmaori/Desktop/Final$20Project/FPGA/conv1d_large_serial.v:48$450'.
  created $dff cell `$procdff$1404' with positive edge clock.
Creating register for signal `$paramod$9a5d4607c6d410764a6e490cc9d604d51a78e84a\conv1d_large_serial.\history[13]' using process `$paramod$9a5d4607c6d410764a6e490cc9d604d51a78e84a\conv1d_large_serial.$proc$/Users/adarmaori/Desktop/Final$20Project/FPGA/conv1d_large_serial.v:48$450'.
  created $dff cell `$procdff$1405' with positive edge clock.
Creating register for signal `$paramod$9a5d4607c6d410764a6e490cc9d604d51a78e84a\conv1d_large_serial.\history[14]' using process `$paramod$9a5d4607c6d410764a6e490cc9d604d51a78e84a\conv1d_large_serial.$proc$/Users/adarmaori/Desktop/Final$20Project/FPGA/conv1d_large_serial.v:48$450'.
  created $dff cell `$procdff$1406' with positive edge clock.
Creating register for signal `$paramod$9a5d4607c6d410764a6e490cc9d604d51a78e84a\conv1d_large_serial.\history[15]' using process `$paramod$9a5d4607c6d410764a6e490cc9d604d51a78e84a\conv1d_large_serial.$proc$/Users/adarmaori/Desktop/Final$20Project/FPGA/conv1d_large_serial.v:48$450'.
  created $dff cell `$procdff$1407' with positive edge clock.
Creating register for signal `$paramod$9a5d4607c6d410764a6e490cc9d604d51a78e84a\conv1d_large_serial.\history[16]' using process `$paramod$9a5d4607c6d410764a6e490cc9d604d51a78e84a\conv1d_large_serial.$proc$/Users/adarmaori/Desktop/Final$20Project/FPGA/conv1d_large_serial.v:48$450'.
  created $dff cell `$procdff$1408' with positive edge clock.
Creating register for signal `$paramod$9a5d4607c6d410764a6e490cc9d604d51a78e84a\conv1d_large_serial.\history[17]' using process `$paramod$9a5d4607c6d410764a6e490cc9d604d51a78e84a\conv1d_large_serial.$proc$/Users/adarmaori/Desktop/Final$20Project/FPGA/conv1d_large_serial.v:48$450'.
  created $dff cell `$procdff$1409' with positive edge clock.
Creating register for signal `$paramod$9a5d4607c6d410764a6e490cc9d604d51a78e84a\conv1d_large_serial.\history[18]' using process `$paramod$9a5d4607c6d410764a6e490cc9d604d51a78e84a\conv1d_large_serial.$proc$/Users/adarmaori/Desktop/Final$20Project/FPGA/conv1d_large_serial.v:48$450'.
  created $dff cell `$procdff$1410' with positive edge clock.
Creating register for signal `$paramod$9a5d4607c6d410764a6e490cc9d604d51a78e84a\conv1d_large_serial.\history[19]' using process `$paramod$9a5d4607c6d410764a6e490cc9d604d51a78e84a\conv1d_large_serial.$proc$/Users/adarmaori/Desktop/Final$20Project/FPGA/conv1d_large_serial.v:48$450'.
  created $dff cell `$procdff$1411' with positive edge clock.
Creating register for signal `$paramod$9a5d4607c6d410764a6e490cc9d604d51a78e84a\conv1d_large_serial.\history[20]' using process `$paramod$9a5d4607c6d410764a6e490cc9d604d51a78e84a\conv1d_large_serial.$proc$/Users/adarmaori/Desktop/Final$20Project/FPGA/conv1d_large_serial.v:48$450'.
  created $dff cell `$procdff$1412' with positive edge clock.
Creating register for signal `$paramod$9a5d4607c6d410764a6e490cc9d604d51a78e84a\conv1d_large_serial.\history[21]' using process `$paramod$9a5d4607c6d410764a6e490cc9d604d51a78e84a\conv1d_large_serial.$proc$/Users/adarmaori/Desktop/Final$20Project/FPGA/conv1d_large_serial.v:48$450'.
  created $dff cell `$procdff$1413' with positive edge clock.
Creating register for signal `$paramod$9a5d4607c6d410764a6e490cc9d604d51a78e84a\conv1d_large_serial.\history[22]' using process `$paramod$9a5d4607c6d410764a6e490cc9d604d51a78e84a\conv1d_large_serial.$proc$/Users/adarmaori/Desktop/Final$20Project/FPGA/conv1d_large_serial.v:48$450'.
  created $dff cell `$procdff$1414' with positive edge clock.
Creating register for signal `$paramod$9a5d4607c6d410764a6e490cc9d604d51a78e84a\conv1d_large_serial.\history[23]' using process `$paramod$9a5d4607c6d410764a6e490cc9d604d51a78e84a\conv1d_large_serial.$proc$/Users/adarmaori/Desktop/Final$20Project/FPGA/conv1d_large_serial.v:48$450'.
  created $dff cell `$procdff$1415' with positive edge clock.
Creating register for signal `$paramod$9a5d4607c6d410764a6e490cc9d604d51a78e84a\conv1d_large_serial.\history[24]' using process `$paramod$9a5d4607c6d410764a6e490cc9d604d51a78e84a\conv1d_large_serial.$proc$/Users/adarmaori/Desktop/Final$20Project/FPGA/conv1d_large_serial.v:48$450'.
  created $dff cell `$procdff$1416' with positive edge clock.
Creating register for signal `$paramod$9a5d4607c6d410764a6e490cc9d604d51a78e84a\conv1d_large_serial.\history[25]' using process `$paramod$9a5d4607c6d410764a6e490cc9d604d51a78e84a\conv1d_large_serial.$proc$/Users/adarmaori/Desktop/Final$20Project/FPGA/conv1d_large_serial.v:48$450'.
  created $dff cell `$procdff$1417' with positive edge clock.
Creating register for signal `$paramod$9a5d4607c6d410764a6e490cc9d604d51a78e84a\conv1d_large_serial.\history[26]' using process `$paramod$9a5d4607c6d410764a6e490cc9d604d51a78e84a\conv1d_large_serial.$proc$/Users/adarmaori/Desktop/Final$20Project/FPGA/conv1d_large_serial.v:48$450'.
  created $dff cell `$procdff$1418' with positive edge clock.
Creating register for signal `$paramod$9a5d4607c6d410764a6e490cc9d604d51a78e84a\conv1d_large_serial.\history[27]' using process `$paramod$9a5d4607c6d410764a6e490cc9d604d51a78e84a\conv1d_large_serial.$proc$/Users/adarmaori/Desktop/Final$20Project/FPGA/conv1d_large_serial.v:48$450'.
  created $dff cell `$procdff$1419' with positive edge clock.
Creating register for signal `$paramod$9a5d4607c6d410764a6e490cc9d604d51a78e84a\conv1d_large_serial.\history[28]' using process `$paramod$9a5d4607c6d410764a6e490cc9d604d51a78e84a\conv1d_large_serial.$proc$/Users/adarmaori/Desktop/Final$20Project/FPGA/conv1d_large_serial.v:48$450'.
  created $dff cell `$procdff$1420' with positive edge clock.
Creating register for signal `$paramod$9a5d4607c6d410764a6e490cc9d604d51a78e84a\conv1d_large_serial.\history[29]' using process `$paramod$9a5d4607c6d410764a6e490cc9d604d51a78e84a\conv1d_large_serial.$proc$/Users/adarmaori/Desktop/Final$20Project/FPGA/conv1d_large_serial.v:48$450'.
  created $dff cell `$procdff$1421' with positive edge clock.
Creating register for signal `$paramod$9a5d4607c6d410764a6e490cc9d604d51a78e84a\conv1d_large_serial.\history[30]' using process `$paramod$9a5d4607c6d410764a6e490cc9d604d51a78e84a\conv1d_large_serial.$proc$/Users/adarmaori/Desktop/Final$20Project/FPGA/conv1d_large_serial.v:48$450'.
  created $dff cell `$procdff$1422' with positive edge clock.
Creating register for signal `$paramod$9a5d4607c6d410764a6e490cc9d604d51a78e84a\conv1d_large_serial.\tap[0]' using process `$paramod$9a5d4607c6d410764a6e490cc9d604d51a78e84a\conv1d_large_serial.$proc$/Users/adarmaori/Desktop/Final$20Project/FPGA/conv1d_large_serial.v:48$450'.
  created $dff cell `$procdff$1423' with positive edge clock.
Creating register for signal `$paramod$9a5d4607c6d410764a6e490cc9d604d51a78e84a\conv1d_large_serial.\tap[1]' using process `$paramod$9a5d4607c6d410764a6e490cc9d604d51a78e84a\conv1d_large_serial.$proc$/Users/adarmaori/Desktop/Final$20Project/FPGA/conv1d_large_serial.v:48$450'.
  created $dff cell `$procdff$1424' with positive edge clock.
Creating register for signal `$paramod$9a5d4607c6d410764a6e490cc9d604d51a78e84a\conv1d_large_serial.\tap[2]' using process `$paramod$9a5d4607c6d410764a6e490cc9d604d51a78e84a\conv1d_large_serial.$proc$/Users/adarmaori/Desktop/Final$20Project/FPGA/conv1d_large_serial.v:48$450'.
  created $dff cell `$procdff$1425' with positive edge clock.
Creating register for signal `$paramod$9a5d4607c6d410764a6e490cc9d604d51a78e84a\conv1d_large_serial.\tap[3]' using process `$paramod$9a5d4607c6d410764a6e490cc9d604d51a78e84a\conv1d_large_serial.$proc$/Users/adarmaori/Desktop/Final$20Project/FPGA/conv1d_large_serial.v:48$450'.
  created $dff cell `$procdff$1426' with positive edge clock.
Creating register for signal `$paramod$9a5d4607c6d410764a6e490cc9d604d51a78e84a\conv1d_large_serial.\tap[4]' using process `$paramod$9a5d4607c6d410764a6e490cc9d604d51a78e84a\conv1d_large_serial.$proc$/Users/adarmaori/Desktop/Final$20Project/FPGA/conv1d_large_serial.v:48$450'.
  created $dff cell `$procdff$1427' with positive edge clock.
Creating register for signal `$paramod$9a5d4607c6d410764a6e490cc9d604d51a78e84a\conv1d_large_serial.\tap[5]' using process `$paramod$9a5d4607c6d410764a6e490cc9d604d51a78e84a\conv1d_large_serial.$proc$/Users/adarmaori/Desktop/Final$20Project/FPGA/conv1d_large_serial.v:48$450'.
  created $dff cell `$procdff$1428' with positive edge clock.
Creating register for signal `$paramod$9a5d4607c6d410764a6e490cc9d604d51a78e84a\conv1d_large_serial.\tap[6]' using process `$paramod$9a5d4607c6d410764a6e490cc9d604d51a78e84a\conv1d_large_serial.$proc$/Users/adarmaori/Desktop/Final$20Project/FPGA/conv1d_large_serial.v:48$450'.
  created $dff cell `$procdff$1429' with positive edge clock.
Creating register for signal `$paramod$9a5d4607c6d410764a6e490cc9d604d51a78e84a\conv1d_large_serial.\tap[7]' using process `$paramod$9a5d4607c6d410764a6e490cc9d604d51a78e84a\conv1d_large_serial.$proc$/Users/adarmaori/Desktop/Final$20Project/FPGA/conv1d_large_serial.v:48$450'.
  created $dff cell `$procdff$1430' with positive edge clock.
Creating register for signal `$paramod$9a5d4607c6d410764a6e490cc9d604d51a78e84a\conv1d_large_serial.\tap[8]' using process `$paramod$9a5d4607c6d410764a6e490cc9d604d51a78e84a\conv1d_large_serial.$proc$/Users/adarmaori/Desktop/Final$20Project/FPGA/conv1d_large_serial.v:48$450'.
  created $dff cell `$procdff$1431' with positive edge clock.
Creating register for signal `$paramod$9a5d4607c6d410764a6e490cc9d604d51a78e84a\conv1d_large_serial.\tap[9]' using process `$paramod$9a5d4607c6d410764a6e490cc9d604d51a78e84a\conv1d_large_serial.$proc$/Users/adarmaori/Desktop/Final$20Project/FPGA/conv1d_large_serial.v:48$450'.
  created $dff cell `$procdff$1432' with positive edge clock.
Creating register for signal `$paramod$9a5d4607c6d410764a6e490cc9d604d51a78e84a\conv1d_large_serial.\tap[10]' using process `$paramod$9a5d4607c6d410764a6e490cc9d604d51a78e84a\conv1d_large_serial.$proc$/Users/adarmaori/Desktop/Final$20Project/FPGA/conv1d_large_serial.v:48$450'.
  created $dff cell `$procdff$1433' with positive edge clock.
Creating register for signal `$paramod$9a5d4607c6d410764a6e490cc9d604d51a78e84a\conv1d_large_serial.\tap[11]' using process `$paramod$9a5d4607c6d410764a6e490cc9d604d51a78e84a\conv1d_large_serial.$proc$/Users/adarmaori/Desktop/Final$20Project/FPGA/conv1d_large_serial.v:48$450'.
  created $dff cell `$procdff$1434' with positive edge clock.
Creating register for signal `$paramod$9a5d4607c6d410764a6e490cc9d604d51a78e84a\conv1d_large_serial.\tap[12]' using process `$paramod$9a5d4607c6d410764a6e490cc9d604d51a78e84a\conv1d_large_serial.$proc$/Users/adarmaori/Desktop/Final$20Project/FPGA/conv1d_large_serial.v:48$450'.
  created $dff cell `$procdff$1435' with positive edge clock.
Creating register for signal `$paramod$9a5d4607c6d410764a6e490cc9d604d51a78e84a\conv1d_large_serial.\tap[13]' using process `$paramod$9a5d4607c6d410764a6e490cc9d604d51a78e84a\conv1d_large_serial.$proc$/Users/adarmaori/Desktop/Final$20Project/FPGA/conv1d_large_serial.v:48$450'.
  created $dff cell `$procdff$1436' with positive edge clock.
Creating register for signal `$paramod$9a5d4607c6d410764a6e490cc9d604d51a78e84a\conv1d_large_serial.\tap[14]' using process `$paramod$9a5d4607c6d410764a6e490cc9d604d51a78e84a\conv1d_large_serial.$proc$/Users/adarmaori/Desktop/Final$20Project/FPGA/conv1d_large_serial.v:48$450'.
  created $dff cell `$procdff$1437' with positive edge clock.
Creating register for signal `$paramod$9a5d4607c6d410764a6e490cc9d604d51a78e84a\conv1d_large_serial.\tap[15]' using process `$paramod$9a5d4607c6d410764a6e490cc9d604d51a78e84a\conv1d_large_serial.$proc$/Users/adarmaori/Desktop/Final$20Project/FPGA/conv1d_large_serial.v:48$450'.
  created $dff cell `$procdff$1438' with positive edge clock.
Creating register for signal `$paramod$9a5d4607c6d410764a6e490cc9d604d51a78e84a\conv1d_large_serial.\tap[16]' using process `$paramod$9a5d4607c6d410764a6e490cc9d604d51a78e84a\conv1d_large_serial.$proc$/Users/adarmaori/Desktop/Final$20Project/FPGA/conv1d_large_serial.v:48$450'.
  created $dff cell `$procdff$1439' with positive edge clock.
Creating register for signal `$paramod$9a5d4607c6d410764a6e490cc9d604d51a78e84a\conv1d_large_serial.\tap[17]' using process `$paramod$9a5d4607c6d410764a6e490cc9d604d51a78e84a\conv1d_large_serial.$proc$/Users/adarmaori/Desktop/Final$20Project/FPGA/conv1d_large_serial.v:48$450'.
  created $dff cell `$procdff$1440' with positive edge clock.
Creating register for signal `$paramod$9a5d4607c6d410764a6e490cc9d604d51a78e84a\conv1d_large_serial.\tap[18]' using process `$paramod$9a5d4607c6d410764a6e490cc9d604d51a78e84a\conv1d_large_serial.$proc$/Users/adarmaori/Desktop/Final$20Project/FPGA/conv1d_large_serial.v:48$450'.
  created $dff cell `$procdff$1441' with positive edge clock.
Creating register for signal `$paramod$9a5d4607c6d410764a6e490cc9d604d51a78e84a\conv1d_large_serial.\tap[19]' using process `$paramod$9a5d4607c6d410764a6e490cc9d604d51a78e84a\conv1d_large_serial.$proc$/Users/adarmaori/Desktop/Final$20Project/FPGA/conv1d_large_serial.v:48$450'.
  created $dff cell `$procdff$1442' with positive edge clock.
Creating register for signal `$paramod$9a5d4607c6d410764a6e490cc9d604d51a78e84a\conv1d_large_serial.\tap[20]' using process `$paramod$9a5d4607c6d410764a6e490cc9d604d51a78e84a\conv1d_large_serial.$proc$/Users/adarmaori/Desktop/Final$20Project/FPGA/conv1d_large_serial.v:48$450'.
  created $dff cell `$procdff$1443' with positive edge clock.
Creating register for signal `$paramod$9a5d4607c6d410764a6e490cc9d604d51a78e84a\conv1d_large_serial.\tap[21]' using process `$paramod$9a5d4607c6d410764a6e490cc9d604d51a78e84a\conv1d_large_serial.$proc$/Users/adarmaori/Desktop/Final$20Project/FPGA/conv1d_large_serial.v:48$450'.
  created $dff cell `$procdff$1444' with positive edge clock.
Creating register for signal `$paramod$9a5d4607c6d410764a6e490cc9d604d51a78e84a\conv1d_large_serial.\tap[22]' using process `$paramod$9a5d4607c6d410764a6e490cc9d604d51a78e84a\conv1d_large_serial.$proc$/Users/adarmaori/Desktop/Final$20Project/FPGA/conv1d_large_serial.v:48$450'.
  created $dff cell `$procdff$1445' with positive edge clock.
Creating register for signal `$paramod$9a5d4607c6d410764a6e490cc9d604d51a78e84a\conv1d_large_serial.\tap[23]' using process `$paramod$9a5d4607c6d410764a6e490cc9d604d51a78e84a\conv1d_large_serial.$proc$/Users/adarmaori/Desktop/Final$20Project/FPGA/conv1d_large_serial.v:48$450'.
  created $dff cell `$procdff$1446' with positive edge clock.
Creating register for signal `$paramod$9a5d4607c6d410764a6e490cc9d604d51a78e84a\conv1d_large_serial.\tap[24]' using process `$paramod$9a5d4607c6d410764a6e490cc9d604d51a78e84a\conv1d_large_serial.$proc$/Users/adarmaori/Desktop/Final$20Project/FPGA/conv1d_large_serial.v:48$450'.
  created $dff cell `$procdff$1447' with positive edge clock.
Creating register for signal `$paramod$9a5d4607c6d410764a6e490cc9d604d51a78e84a\conv1d_large_serial.\tap[25]' using process `$paramod$9a5d4607c6d410764a6e490cc9d604d51a78e84a\conv1d_large_serial.$proc$/Users/adarmaori/Desktop/Final$20Project/FPGA/conv1d_large_serial.v:48$450'.
  created $dff cell `$procdff$1448' with positive edge clock.
Creating register for signal `$paramod$9a5d4607c6d410764a6e490cc9d604d51a78e84a\conv1d_large_serial.\tap[26]' using process `$paramod$9a5d4607c6d410764a6e490cc9d604d51a78e84a\conv1d_large_serial.$proc$/Users/adarmaori/Desktop/Final$20Project/FPGA/conv1d_large_serial.v:48$450'.
  created $dff cell `$procdff$1449' with positive edge clock.
Creating register for signal `$paramod$9a5d4607c6d410764a6e490cc9d604d51a78e84a\conv1d_large_serial.\tap[27]' using process `$paramod$9a5d4607c6d410764a6e490cc9d604d51a78e84a\conv1d_large_serial.$proc$/Users/adarmaori/Desktop/Final$20Project/FPGA/conv1d_large_serial.v:48$450'.
  created $dff cell `$procdff$1450' with positive edge clock.
Creating register for signal `$paramod$9a5d4607c6d410764a6e490cc9d604d51a78e84a\conv1d_large_serial.\tap[28]' using process `$paramod$9a5d4607c6d410764a6e490cc9d604d51a78e84a\conv1d_large_serial.$proc$/Users/adarmaori/Desktop/Final$20Project/FPGA/conv1d_large_serial.v:48$450'.
  created $dff cell `$procdff$1451' with positive edge clock.
Creating register for signal `$paramod$9a5d4607c6d410764a6e490cc9d604d51a78e84a\conv1d_large_serial.\tap[29]' using process `$paramod$9a5d4607c6d410764a6e490cc9d604d51a78e84a\conv1d_large_serial.$proc$/Users/adarmaori/Desktop/Final$20Project/FPGA/conv1d_large_serial.v:48$450'.
  created $dff cell `$procdff$1452' with positive edge clock.
Creating register for signal `$paramod$9a5d4607c6d410764a6e490cc9d604d51a78e84a\conv1d_large_serial.\tap[30]' using process `$paramod$9a5d4607c6d410764a6e490cc9d604d51a78e84a\conv1d_large_serial.$proc$/Users/adarmaori/Desktop/Final$20Project/FPGA/conv1d_large_serial.v:48$450'.
  created $dff cell `$procdff$1453' with positive edge clock.
Creating register for signal `$paramod$9a5d4607c6d410764a6e490cc9d604d51a78e84a\conv1d_large_serial.\tap[31]' using process `$paramod$9a5d4607c6d410764a6e490cc9d604d51a78e84a\conv1d_large_serial.$proc$/Users/adarmaori/Desktop/Final$20Project/FPGA/conv1d_large_serial.v:48$450'.
  created $dff cell `$procdff$1454' with positive edge clock.
Creating register for signal `$paramod$9a5d4607c6d410764a6e490cc9d604d51a78e84a\conv1d_large_serial.\tap_weight$func$/Users/adarmaori/Desktop/Final$20Project/FPGA/conv1d_large_serial.v:80$445.$result' using process `$paramod$9a5d4607c6d410764a6e490cc9d604d51a78e84a\conv1d_large_serial.$proc$/Users/adarmaori/Desktop/Final$20Project/FPGA/conv1d_large_serial.v:48$450'.
  created $dff cell `$procdff$1455' with positive edge clock.
Creating register for signal `$paramod$9a5d4607c6d410764a6e490cc9d604d51a78e84a\conv1d_large_serial.\tap_weight$func$/Users/adarmaori/Desktop/Final$20Project/FPGA/conv1d_large_serial.v:80$445.weight_index' using process `$paramod$9a5d4607c6d410764a6e490cc9d604d51a78e84a\conv1d_large_serial.$proc$/Users/adarmaori/Desktop/Final$20Project/FPGA/conv1d_large_serial.v:48$450'.
  created $dff cell `$procdff$1456' with positive edge clock.
Creating register for signal `$paramod$9a5d4607c6d410764a6e490cc9d604d51a78e84a\conv1d_large_serial.\tap_weight$func$/Users/adarmaori/Desktop/Final$20Project/FPGA/conv1d_large_serial.v:85$446.$result' using process `$paramod$9a5d4607c6d410764a6e490cc9d604d51a78e84a\conv1d_large_serial.$proc$/Users/adarmaori/Desktop/Final$20Project/FPGA/conv1d_large_serial.v:48$450'.
  created $dff cell `$procdff$1457' with positive edge clock.
Creating register for signal `$paramod$9a5d4607c6d410764a6e490cc9d604d51a78e84a\conv1d_large_serial.\tap_weight$func$/Users/adarmaori/Desktop/Final$20Project/FPGA/conv1d_large_serial.v:85$446.weight_index' using process `$paramod$9a5d4607c6d410764a6e490cc9d604d51a78e84a\conv1d_large_serial.$proc$/Users/adarmaori/Desktop/Final$20Project/FPGA/conv1d_large_serial.v:48$450'.
  created $dff cell `$procdff$1458' with positive edge clock.
Creating register for signal `$paramod$9a5d4607c6d410764a6e490cc9d604d51a78e84a\conv1d_large_serial.$mem2reg_rd$\tap$/Users/adarmaori/Desktop/Final$20Project/FPGA/conv1d_large_serial.v:80$447_ADDR' using process `$paramod$9a5d4607c6d410764a6e490cc9d604d51a78e84a\conv1d_large_serial.$proc$/Users/adarmaori/Desktop/Final$20Project/FPGA/conv1d_large_serial.v:48$450'.
  created $dff cell `$procdff$1459' with positive edge clock.
Creating register for signal `$paramod$9a5d4607c6d410764a6e490cc9d604d51a78e84a\conv1d_large_serial.$mem2reg_rd$\tap$/Users/adarmaori/Desktop/Final$20Project/FPGA/conv1d_large_serial.v:80$447_DATA' using process `$paramod$9a5d4607c6d410764a6e490cc9d604d51a78e84a\conv1d_large_serial.$proc$/Users/adarmaori/Desktop/Final$20Project/FPGA/conv1d_large_serial.v:48$450'.
  created $dff cell `$procdff$1460' with positive edge clock.
Creating register for signal `$paramod$9a5d4607c6d410764a6e490cc9d604d51a78e84a\conv1d_large_serial.$mem2reg_rd$\tap$/Users/adarmaori/Desktop/Final$20Project/FPGA/conv1d_large_serial.v:85$448_ADDR' using process `$paramod$9a5d4607c6d410764a6e490cc9d604d51a78e84a\conv1d_large_serial.$proc$/Users/adarmaori/Desktop/Final$20Project/FPGA/conv1d_large_serial.v:48$450'.
  created $dff cell `$procdff$1461' with positive edge clock.
Creating register for signal `$paramod$9a5d4607c6d410764a6e490cc9d604d51a78e84a\conv1d_large_serial.$mem2reg_rd$\tap$/Users/adarmaori/Desktop/Final$20Project/FPGA/conv1d_large_serial.v:85$448_DATA' using process `$paramod$9a5d4607c6d410764a6e490cc9d604d51a78e84a\conv1d_large_serial.$proc$/Users/adarmaori/Desktop/Final$20Project/FPGA/conv1d_large_serial.v:48$450'.
  created $dff cell `$procdff$1462' with positive edge clock.

5.3.10. Executing PROC_MEMWR pass (convert process memory writes to cells).

5.3.11. Executing PROC_CLEAN pass (remove empty switches from decision trees).
Removing empty process `SB_DFFNES.$proc$/opt/homebrew/bin/../share/yosys/ice40/cells_sim.v:0$308'.
Found and cleaned up 1 empty switch in `\SB_DFFNES.$proc$/opt/homebrew/bin/../share/yosys/ice40/cells_sim.v:1414$305'.
Removing empty process `SB_DFFNES.$proc$/opt/homebrew/bin/../share/yosys/ice40/cells_sim.v:1414$305'.
Removing empty process `SB_DFFNESS.$proc$/opt/homebrew/bin/../share/yosys/ice40/cells_sim.v:0$304'.
Found and cleaned up 2 empty switches in `\SB_DFFNESS.$proc$/opt/homebrew/bin/../share/yosys/ice40/cells_sim.v:1353$298'.
Removing empty process `SB_DFFNESS.$proc$/opt/homebrew/bin/../share/yosys/ice40/cells_sim.v:1353$298'.
Removing empty process `SB_DFFNER.$proc$/opt/homebrew/bin/../share/yosys/ice40/cells_sim.v:0$297'.
Found and cleaned up 1 empty switch in `\SB_DFFNER.$proc$/opt/homebrew/bin/../share/yosys/ice40/cells_sim.v:1273$294'.
Removing empty process `SB_DFFNER.$proc$/opt/homebrew/bin/../share/yosys/ice40/cells_sim.v:1273$294'.
Removing empty process `SB_DFFNESR.$proc$/opt/homebrew/bin/../share/yosys/ice40/cells_sim.v:0$293'.
Found and cleaned up 2 empty switches in `\SB_DFFNESR.$proc$/opt/homebrew/bin/../share/yosys/ice40/cells_sim.v:1212$287'.
Removing empty process `SB_DFFNESR.$proc$/opt/homebrew/bin/../share/yosys/ice40/cells_sim.v:1212$287'.
Removing empty process `SB_DFFNS.$proc$/opt/homebrew/bin/../share/yosys/ice40/cells_sim.v:0$286'.
Removing empty process `SB_DFFNS.$proc$/opt/homebrew/bin/../share/yosys/ice40/cells_sim.v:1138$284'.
Removing empty process `SB_DFFNSS.$proc$/opt/homebrew/bin/../share/yosys/ice40/cells_sim.v:0$283'.
Found and cleaned up 1 empty switch in `\SB_DFFNSS.$proc$/opt/homebrew/bin/../share/yosys/ice40/cells_sim.v:1088$281'.
Removing empty process `SB_DFFNSS.$proc$/opt/homebrew/bin/../share/yosys/ice40/cells_sim.v:1088$281'.
Removing empty process `SB_DFFNR.$proc$/opt/homebrew/bin/../share/yosys/ice40/cells_sim.v:0$280'.
Removing empty process `SB_DFFNR.$proc$/opt/homebrew/bin/../share/yosys/ice40/cells_sim.v:1017$278'.
Removing empty process `SB_DFFNSR.$proc$/opt/homebrew/bin/../share/yosys/ice40/cells_sim.v:0$277'.
Found and cleaned up 1 empty switch in `\SB_DFFNSR.$proc$/opt/homebrew/bin/../share/yosys/ice40/cells_sim.v:967$275'.
Removing empty process `SB_DFFNSR.$proc$/opt/homebrew/bin/../share/yosys/ice40/cells_sim.v:967$275'.
Removing empty process `SB_DFFNE.$proc$/opt/homebrew/bin/../share/yosys/ice40/cells_sim.v:0$274'.
Found and cleaned up 1 empty switch in `\SB_DFFNE.$proc$/opt/homebrew/bin/../share/yosys/ice40/cells_sim.v:922$273'.
Removing empty process `SB_DFFNE.$proc$/opt/homebrew/bin/../share/yosys/ice40/cells_sim.v:922$273'.
Removing empty process `SB_DFFN.$proc$/opt/homebrew/bin/../share/yosys/ice40/cells_sim.v:0$272'.
Removing empty process `SB_DFFN.$proc$/opt/homebrew/bin/../share/yosys/ice40/cells_sim.v:882$271'.
Removing empty process `SB_DFFES.$proc$/opt/homebrew/bin/../share/yosys/ice40/cells_sim.v:0$270'.
Found and cleaned up 1 empty switch in `\SB_DFFES.$proc$/opt/homebrew/bin/../share/yosys/ice40/cells_sim.v:803$267'.
Removing empty process `SB_DFFES.$proc$/opt/homebrew/bin/../share/yosys/ice40/cells_sim.v:803$267'.
Removing empty process `SB_DFFESS.$proc$/opt/homebrew/bin/../share/yosys/ice40/cells_sim.v:0$266'.
Found and cleaned up 2 empty switches in `\SB_DFFESS.$proc$/opt/homebrew/bin/../share/yosys/ice40/cells_sim.v:742$260'.
Removing empty process `SB_DFFESS.$proc$/opt/homebrew/bin/../share/yosys/ice40/cells_sim.v:742$260'.
Removing empty process `SB_DFFER.$proc$/opt/homebrew/bin/../share/yosys/ice40/cells_sim.v:0$259'.
Found and cleaned up 1 empty switch in `\SB_DFFER.$proc$/opt/homebrew/bin/../share/yosys/ice40/cells_sim.v:662$256'.
Removing empty process `SB_DFFER.$proc$/opt/homebrew/bin/../share/yosys/ice40/cells_sim.v:662$256'.
Removing empty process `SB_DFFESR.$proc$/opt/homebrew/bin/../share/yosys/ice40/cells_sim.v:0$255'.
Found and cleaned up 2 empty switches in `\SB_DFFESR.$proc$/opt/homebrew/bin/../share/yosys/ice40/cells_sim.v:601$249'.
Removing empty process `SB_DFFESR.$proc$/opt/homebrew/bin/../share/yosys/ice40/cells_sim.v:601$249'.
Removing empty process `SB_DFFS.$proc$/opt/homebrew/bin/../share/yosys/ice40/cells_sim.v:0$248'.
Removing empty process `SB_DFFS.$proc$/opt/homebrew/bin/../share/yosys/ice40/cells_sim.v:527$246'.
Removing empty process `SB_DFFSS.$proc$/opt/homebrew/bin/../share/yosys/ice40/cells_sim.v:0$245'.
Found and cleaned up 1 empty switch in `\SB_DFFSS.$proc$/opt/homebrew/bin/../share/yosys/ice40/cells_sim.v:477$243'.
Removing empty process `SB_DFFSS.$proc$/opt/homebrew/bin/../share/yosys/ice40/cells_sim.v:477$243'.
Removing empty process `SB_DFFR.$proc$/opt/homebrew/bin/../share/yosys/ice40/cells_sim.v:0$242'.
Removing empty process `SB_DFFR.$proc$/opt/homebrew/bin/../share/yosys/ice40/cells_sim.v:406$240'.
Removing empty process `SB_DFFSR.$proc$/opt/homebrew/bin/../share/yosys/ice40/cells_sim.v:0$239'.
Found and cleaned up 1 empty switch in `\SB_DFFSR.$proc$/opt/homebrew/bin/../share/yosys/ice40/cells_sim.v:356$237'.
Removing empty process `SB_DFFSR.$proc$/opt/homebrew/bin/../share/yosys/ice40/cells_sim.v:356$237'.
Removing empty process `SB_DFFE.$proc$/opt/homebrew/bin/../share/yosys/ice40/cells_sim.v:0$236'.
Found and cleaned up 1 empty switch in `\SB_DFFE.$proc$/opt/homebrew/bin/../share/yosys/ice40/cells_sim.v:311$235'.
Removing empty process `SB_DFFE.$proc$/opt/homebrew/bin/../share/yosys/ice40/cells_sim.v:311$235'.
Removing empty process `SB_DFF.$proc$/opt/homebrew/bin/../share/yosys/ice40/cells_sim.v:0$234'.
Removing empty process `SB_DFF.$proc$/opt/homebrew/bin/../share/yosys/ice40/cells_sim.v:271$233'.
Found and cleaned up 8 empty switches in `$paramod$9a5d4607c6d410764a6e490cc9d604d51a78e84a\conv1d_large_serial.$proc$/Users/adarmaori/Desktop/Final$20Project/FPGA/conv1d_large_serial.v:48$450'.
Removing empty process `$paramod$9a5d4607c6d410764a6e490cc9d604d51a78e84a\conv1d_large_serial.$proc$/Users/adarmaori/Desktop/Final$20Project/FPGA/conv1d_large_serial.v:48$450'.
Cleaned up 26 empty switches.

5.3.12. Executing OPT_EXPR pass (perform const folding).
Optimizing module conv1d_large_benchmark_top.
Optimizing module $paramod$9a5d4607c6d410764a6e490cc9d604d51a78e84a\conv1d_large_engine.
Optimizing module $paramod$9a5d4607c6d410764a6e490cc9d604d51a78e84a\conv1d_large_serial.
<suppressed ~2 debug messages>

5.4. Executing FLATTEN pass (flatten design).
Deleting now unused module $paramod$9a5d4607c6d410764a6e490cc9d604d51a78e84a\conv1d_large_engine.
Deleting now unused module $paramod$9a5d4607c6d410764a6e490cc9d604d51a78e84a\conv1d_large_serial.
<suppressed ~2 debug messages>

5.5. Executing TRIBUF pass.

5.6. Executing DEMINOUT pass (demote inout ports to input or output).

5.7. Executing OPT_EXPR pass (perform const folding).
Optimizing module conv1d_large_benchmark_top.
<suppressed ~4 debug messages>

5.8. Executing OPT_CLEAN pass (remove unused cells and wires).
Finding unused cells or wires in module \conv1d_large_benchmark_top..
Removed 94 unused cells and 459 unused wires.
<suppressed ~100 debug messages>

5.9. Executing CHECK pass (checking for obvious problems).
Checking module conv1d_large_benchmark_top...
Found and reported 0 problems.

5.10. Executing OPT pass (performing simple optimizations).

5.10.1. Executing OPT_EXPR pass (perform const folding).
Optimizing module conv1d_large_benchmark_top.

5.10.2. Executing OPT_MERGE pass (detect identical cells).
Finding identical cells in module `\conv1d_large_benchmark_top'.
<suppressed ~117 debug messages>
Removed a total of 39 cells.

5.10.3. Executing OPT_MUXTREE pass (detect dead branches in mux trees).
Running muxtree optimizer on module \conv1d_large_benchmark_top..
  Creating internal representation of mux trees.
  Evaluating internal representation of mux trees.
      Replacing known input bits on port A of cell $flatten\conv.\impl.$procmux$1322: \conv.impl.busy -> 1'0
      Replacing known input bits on port A of cell $flatten\conv.\impl.$procmux$1320: \conv.impl.busy -> 1'1
  Analyzing evaluation results.
Removed 0 multiplexer ports.
<suppressed ~72 debug messages>

5.10.4. Executing OPT_REDUCE pass (consolidate $*mux and $reduce_* inputs).
  Optimizing cells in module \conv1d_large_benchmark_top.
    New ctrl vector for $pmux cell $flatten\conv.\impl.$procmux$596: { $flatten\conv.\impl.$procmux$602_CMP $flatten\conv.\impl.$procmux$601_CMP $flatten\conv.\impl.$procmux$600_CMP $flatten\conv.\impl.$procmux$598_CMP $auto$opt_reduce.cc:134:opt_pmux$1476 }
    New ctrl vector for $pmux cell $flatten\conv.\impl.$procmux$662: { $flatten\conv.\impl.$procmux$602_CMP $flatten\conv.\impl.$procmux$601_CMP $flatten\conv.\impl.$procmux$600_CMP $flatten\conv.\impl.$procmux$598_CMP $auto$opt_reduce.cc:134:opt_pmux$1478 }
  Optimizing cells in module \conv1d_large_benchmark_top.
Performed a total of 2 changes.

5.10.5. Executing OPT_MERGE pass (detect identical cells).
Finding identical cells in module `\conv1d_large_benchmark_top'.
<suppressed ~9 debug messages>
Removed a total of 3 cells.

5.10.6. Executing OPT_DFF pass (perform DFF optimizations).

5.10.7. Executing OPT_CLEAN pass (remove unused cells and wires).
Finding unused cells or wires in module \conv1d_large_benchmark_top..
Removed 0 unused cells and 42 unused wires.
<suppressed ~1 debug messages>

5.10.8. Executing OPT_EXPR pass (perform const folding).
Optimizing module conv1d_large_benchmark_top.

5.10.9. Rerunning OPT passes. (Maybe there is more to do..)

5.10.10. Executing OPT_MUXTREE pass (detect dead branches in mux trees).
Running muxtree optimizer on module \conv1d_large_benchmark_top..
  Creating internal representation of mux trees.
  Evaluating internal representation of mux trees.
  Analyzing evaluation results.
Removed 0 multiplexer ports.
<suppressed ~74 debug messages>

5.10.11. Executing OPT_REDUCE pass (consolidate $*mux and $reduce_* inputs).
  Optimizing cells in module \conv1d_large_benchmark_top.
Performed a total of 0 changes.

5.10.12. Executing OPT_MERGE pass (detect identical cells).
Finding identical cells in module `\conv1d_large_benchmark_top'.
Removed a total of 0 cells.

5.10.13. Executing OPT_DFF pass (perform DFF optimizations).

5.10.14. Executing OPT_CLEAN pass (remove unused cells and wires).
Finding unused cells or wires in module \conv1d_large_benchmark_top..

5.10.15. Executing OPT_EXPR pass (perform const folding).
Optimizing module conv1d_large_benchmark_top.

5.10.16. Finished OPT passes. (There is nothing left to do.)

5.11. Executing FSM pass (extract and optimize FSM).

5.11.1. Executing FSM_DETECT pass (finding FSMs in design).

5.11.2. Executing FSM_EXTRACT pass (extracting FSM from design).

5.11.3. Executing FSM_OPT pass (simple optimizations of FSMs).

5.11.4. Executing OPT_CLEAN pass (remove unused cells and wires).
Finding unused cells or wires in module \conv1d_large_benchmark_top..

5.11.5. Executing FSM_OPT pass (simple optimizations of FSMs).

5.11.6. Executing FSM_RECODE pass (re-assigning FSM state encoding).

5.11.7. Executing FSM_INFO pass (dumping all available information on FSM cells).

5.11.8. Executing FSM_MAP pass (mapping FSMs to basic logic).

5.12. Executing OPT pass (performing simple optimizations).

5.12.1. Executing OPT_EXPR pass (perform const folding).
Optimizing module conv1d_large_benchmark_top.

5.12.2. Executing OPT_MERGE pass (detect identical cells).
Finding identical cells in module `\conv1d_large_benchmark_top'.
Removed a total of 0 cells.

5.12.3. Executing OPT_MUXTREE pass (detect dead branches in mux trees).
Running muxtree optimizer on module \conv1d_large_benchmark_top..
  Creating internal representation of mux trees.
  Evaluating internal representation of mux trees.
  Analyzing evaluation results.
Removed 0 multiplexer ports.
<suppressed ~74 debug messages>

5.12.4. Executing OPT_REDUCE pass (consolidate $*mux and $reduce_* inputs).
  Optimizing cells in module \conv1d_large_benchmark_top.
Performed a total of 0 changes.

5.12.5. Executing OPT_MERGE pass (detect identical cells).
Finding identical cells in module `\conv1d_large_benchmark_top'.
Removed a total of 0 cells.

5.12.6. Executing OPT_DFF pass (perform DFF optimizations).
Adding SRST signal on $flatten\conv.\impl.$procdff$1454 ($dff) from module conv1d_large_benchmark_top (D = $flatten\conv.\impl.$procmux$941_Y, Q = \conv.impl.tap[31], rval = 8'00000000).
Adding EN signal on $auto$ff.cc:266:slice$1479 ($sdff) from module conv1d_large_benchmark_top (D = \conv.impl.history[30], Q = \conv.impl.tap[31]).
Adding SRST signal on $flatten\conv.\impl.$procdff$1453 ($dff) from module conv1d_large_benchmark_top (D = $flatten\conv.\impl.$procmux$947_Y, Q = \conv.impl.tap[30], rval = 8'00000000).
Adding EN signal on $auto$ff.cc:266:slice$1481 ($sdff) from module conv1d_large_benchmark_top (D = \conv.impl.history[29], Q = \conv.impl.tap[30]).
Adding SRST signal on $flatten\conv.\impl.$procdff$1452 ($dff) from module conv1d_large_benchmark_top (D = $flatten\conv.\impl.$procmux$953_Y, Q = \conv.impl.tap[29], rval = 8'00000000).
Adding EN signal on $auto$ff.cc:266:slice$1483 ($sdff) from module conv1d_large_benchmark_top (D = \conv.impl.history[28], Q = \conv.impl.tap[29]).
Adding SRST signal on $flatten\conv.\impl.$procdff$1451 ($dff) from module conv1d_large_benchmark_top (D = $flatten\conv.\impl.$procmux$959_Y, Q = \conv.impl.tap[28], rval = 8'00000000).
Adding EN signal on $auto$ff.cc:266:slice$1485 ($sdff) from module conv1d_large_benchmark_top (D = \conv.impl.history[27], Q = \conv.impl.tap[28]).
Adding SRST signal on $flatten\conv.\impl.$procdff$1450 ($dff) from module conv1d_large_benchmark_top (D = $flatten\conv.\impl.$procmux$965_Y, Q = \conv.impl.tap[27], rval = 8'00000000).
Adding EN signal on $auto$ff.cc:266:slice$1487 ($sdff) from module conv1d_large_benchmark_top (D = \conv.impl.history[26], Q = \conv.impl.tap[27]).
Adding SRST signal on $flatten\conv.\impl.$procdff$1449 ($dff) from module conv1d_large_benchmark_top (D = $flatten\conv.\impl.$procmux$971_Y, Q = \conv.impl.tap[26], rval = 8'00000000).
Adding EN signal on $auto$ff.cc:266:slice$1489 ($sdff) from module conv1d_large_benchmark_top (D = \conv.impl.history[25], Q = \conv.impl.tap[26]).
Adding SRST signal on $flatten\conv.\impl.$procdff$1448 ($dff) from module conv1d_large_benchmark_top (D = $flatten\conv.\impl.$procmux$977_Y, Q = \conv.impl.tap[25], rval = 8'00000000).
Adding EN signal on $auto$ff.cc:266:slice$1491 ($sdff) from module conv1d_large_benchmark_top (D = \conv.impl.history[24], Q = \conv.impl.tap[25]).
Adding SRST signal on $flatten\conv.\impl.$procdff$1447 ($dff) from module conv1d_large_benchmark_top (D = $flatten\conv.\impl.$procmux$983_Y, Q = \conv.impl.tap[24], rval = 8'00000000).
Adding EN signal on $auto$ff.cc:266:slice$1493 ($sdff) from module conv1d_large_benchmark_top (D = \conv.impl.history[23], Q = \conv.impl.tap[24]).
Adding SRST signal on $flatten\conv.\impl.$procdff$1446 ($dff) from module conv1d_large_benchmark_top (D = $flatten\conv.\impl.$procmux$989_Y, Q = \conv.impl.tap[23], rval = 8'00000000).
Adding EN signal on $auto$ff.cc:266:slice$1495 ($sdff) from module conv1d_large_benchmark_top (D = \conv.impl.history[22], Q = \conv.impl.tap[23]).
Adding SRST signal on $flatten\conv.\impl.$procdff$1445 ($dff) from module conv1d_large_benchmark_top (D = $flatten\conv.\impl.$procmux$995_Y, Q = \conv.impl.tap[22], rval = 8'00000000).
Adding EN signal on $auto$ff.cc:266:slice$1497 ($sdff) from module conv1d_large_benchmark_top (D = \conv.impl.history[21], Q = \conv.impl.tap[22]).
Adding SRST signal on $flatten\conv.\impl.$procdff$1444 ($dff) from module conv1d_large_benchmark_top (D = $flatten\conv.\impl.$procmux$1001_Y, Q = \conv.impl.tap[21], rval = 8'00000000).
Adding EN signal on $auto$ff.cc:266:slice$1499 ($sdff) from module conv1d_large_benchmark_top (D = \conv.impl.history[20], Q = \conv.impl.tap[21]).
Adding SRST signal on $flatten\conv.\impl.$procdff$1443 ($dff) from module conv1d_large_benchmark_top (D = $flatten\conv.\impl.$procmux$1007_Y, Q = \conv.impl.tap[20], rval = 8'00000000).
Adding EN signal on $auto$ff.cc:266:slice$1501 ($sdff) from module conv1d_large_benchmark_top (D = \conv.impl.history[19], Q = \conv.impl.tap[20]).
Adding SRST signal on $flatten\conv.\impl.$procdff$1442 ($dff) from module conv1d_large_benchmark_top (D = $flatten\conv.\impl.$procmux$1013_Y, Q = \conv.impl.tap[19], rval = 8'00000000).
Adding EN signal on $auto$ff.cc:266:slice$1503 ($sdff) from module conv1d_large_benchmark_top (D = \conv.impl.history[18], Q = \conv.impl.tap[19]).
Adding SRST signal on $flatten\conv.\impl.$procdff$1441 ($dff) from module conv1d_large_benchmark_top (D = $flatten\conv.\impl.$procmux$1019_Y, Q = \conv.impl.tap[18], rval = 8'00000000).
Adding EN signal on $auto$ff.cc:266:slice$1505 ($sdff) from module conv1d_large_benchmark_top (D = \conv.impl.history[17], Q = \conv.impl.tap[18]).
Adding SRST signal on $flatten\conv.\impl.$procdff$1440 ($dff) from module conv1d_large_benchmark_top (D = $flatten\conv.\impl.$procmux$1025_Y, Q = \conv.impl.tap[17], rval = 8'00000000).
Adding EN signal on $auto$ff.cc:266:slice$1507 ($sdff) from module conv1d_large_benchmark_top (D = \conv.impl.history[16], Q = \conv.impl.tap[17]).
Adding SRST signal on $flatten\conv.\impl.$procdff$1439 ($dff) from module conv1d_large_benchmark_top (D = $flatten\conv.\impl.$procmux$1031_Y, Q = \conv.impl.tap[16], rval = 8'00000000).
Adding EN signal on $auto$ff.cc:266:slice$1509 ($sdff) from module conv1d_large_benchmark_top (D = \conv.impl.history[15], Q = \conv.impl.tap[16]).
Adding SRST signal on $flatten\conv.\impl.$procdff$1438 ($dff) from module conv1d_large_benchmark_top (D = $flatten\conv.\impl.$procmux$1037_Y, Q = \conv.impl.tap[15], rval = 8'00000000).
Adding EN signal on $auto$ff.cc:266:slice$1511 ($sdff) from module conv1d_large_benchmark_top (D = \conv.impl.history[14], Q = \conv.impl.tap[15]).
Adding SRST signal on $flatten\conv.\impl.$procdff$1437 ($dff) from module conv1d_large_benchmark_top (D = $flatten\conv.\impl.$procmux$1043_Y, Q = \conv.impl.tap[14], rval = 8'00000000).
Adding EN signal on $auto$ff.cc:266:slice$1513 ($sdff) from module conv1d_large_benchmark_top (D = \conv.impl.history[13], Q = \conv.impl.tap[14]).
Adding SRST signal on $flatten\conv.\impl.$procdff$1436 ($dff) from module conv1d_large_benchmark_top (D = $flatten\conv.\impl.$procmux$1049_Y, Q = \conv.impl.tap[13], rval = 8'00000000).
Adding EN signal on $auto$ff.cc:266:slice$1515 ($sdff) from module conv1d_large_benchmark_top (D = \conv.impl.history[12], Q = \conv.impl.tap[13]).
Adding SRST signal on $flatten\conv.\impl.$procdff$1435 ($dff) from module conv1d_large_benchmark_top (D = $flatten\conv.\impl.$procmux$1055_Y, Q = \conv.impl.tap[12], rval = 8'00000000).
Adding EN signal on $auto$ff.cc:266:slice$1517 ($sdff) from module conv1d_large_benchmark_top (D = \conv.impl.history[11], Q = \conv.impl.tap[12]).
Adding SRST signal on $flatten\conv.\impl.$procdff$1434 ($dff) from module conv1d_large_benchmark_top (D = $flatten\conv.\impl.$procmux$1061_Y, Q = \conv.impl.tap[11], rval = 8'00000000).
Adding EN signal on $auto$ff.cc:266:slice$1519 ($sdff) from module conv1d_large_benchmark_top (D = \conv.impl.history[10], Q = \conv.impl.tap[11]).
Adding SRST signal on $flatten\conv.\impl.$procdff$1433 ($dff) from module conv1d_large_benchmark_top (D = $flatten\conv.\impl.$procmux$1067_Y, Q = \conv.impl.tap[10], rval = 8'00000000).
Adding EN signal on $auto$ff.cc:266:slice$1521 ($sdff) from module conv1d_large_benchmark_top (D = \conv.impl.history[9], Q = \conv.impl.tap[10]).
Adding SRST signal on $flatten\conv.\impl.$procdff$1432 ($dff) from module conv1d_large_benchmark_top (D = $flatten\conv.\impl.$procmux$1073_Y, Q = \conv.impl.tap[9], rval = 8'00000000).
Adding EN signal on $auto$ff.cc:266:slice$1523 ($sdff) from module conv1d_large_benchmark_top (D = \conv.impl.history[8], Q = \conv.impl.tap[9]).
Adding SRST signal on $flatten\conv.\impl.$procdff$1431 ($dff) from module conv1d_large_benchmark_top (D = $flatten\conv.\impl.$procmux$1079_Y, Q = \conv.impl.tap[8], rval = 8'00000000).
Adding EN signal on $auto$ff.cc:266:slice$1525 ($sdff) from module conv1d_large_benchmark_top (D = \conv.impl.history[7], Q = \conv.impl.tap[8]).
Adding SRST signal on $flatten\conv.\impl.$procdff$1430 ($dff) from module conv1d_large_benchmark_top (D = $flatten\conv.\impl.$procmux$1085_Y, Q = \conv.impl.tap[7], rval = 8'00000000).
Adding EN signal on $auto$ff.cc:266:slice$1527 ($sdff) from module conv1d_large_benchmark_top (D = \conv.impl.history[6], Q = \conv.impl.tap[7]).
Adding SRST signal on $flatten\conv.\impl.$procdff$1429 ($dff) from module conv1d_large_benchmark_top (D = $flatten\conv.\impl.$procmux$1091_Y, Q = \conv.impl.tap[6], rval = 8'00000000).
Adding EN signal on $auto$ff.cc:266:slice$1529 ($sdff) from module conv1d_large_benchmark_top (D = \conv.impl.history[5], Q = \conv.impl.tap[6]).
Adding SRST signal on $flatten\conv.\impl.$procdff$1428 ($dff) from module conv1d_large_benchmark_top (D = $flatten\conv.\impl.$procmux$1097_Y, Q = \conv.impl.tap[5], rval = 8'00000000).
Adding EN signal on $auto$ff.cc:266:slice$1531 ($sdff) from module conv1d_large_benchmark_top (D = \conv.impl.history[4], Q = \conv.impl.tap[5]).
Adding SRST signal on $flatten\conv.\impl.$procdff$1427 ($dff) from module conv1d_large_benchmark_top (D = $flatten\conv.\impl.$procmux$1103_Y, Q = \conv.impl.tap[4], rval = 8'00000000).
Adding EN signal on $auto$ff.cc:266:slice$1533 ($sdff) from module conv1d_large_benchmark_top (D = \conv.impl.history[3], Q = \conv.impl.tap[4]).
Adding SRST signal on $flatten\conv.\impl.$procdff$1426 ($dff) from module conv1d_large_benchmark_top (D = $flatten\conv.\impl.$procmux$1109_Y, Q = \conv.impl.tap[3], rval = 8'00000000).
Adding EN signal on $auto$ff.cc:266:slice$1535 ($sdff) from module conv1d_large_benchmark_top (D = \conv.impl.history[2], Q = \conv.impl.tap[3]).
Adding SRST signal on $flatten\conv.\impl.$procdff$1425 ($dff) from module conv1d_large_benchmark_top (D = $flatten\conv.\impl.$procmux$1115_Y, Q = \conv.impl.tap[2], rval = 8'00000000).
Adding EN signal on $auto$ff.cc:266:slice$1537 ($sdff) from module conv1d_large_benchmark_top (D = \conv.impl.history[1], Q = \conv.impl.tap[2]).
Adding SRST signal on $flatten\conv.\impl.$procdff$1424 ($dff) from module conv1d_large_benchmark_top (D = $flatten\conv.\impl.$procmux$1121_Y, Q = \conv.impl.tap[1], rval = 8'00000000).
Adding EN signal on $auto$ff.cc:266:slice$1539 ($sdff) from module conv1d_large_benchmark_top (D = \conv.impl.history[0], Q = \conv.impl.tap[1]).
Adding SRST signal on $flatten\conv.\impl.$procdff$1423 ($dff) from module conv1d_large_benchmark_top (D = $flatten\conv.\impl.$procmux$1127_Y, Q = \conv.impl.tap[0], rval = 8'00000000).
Adding EN signal on $auto$ff.cc:266:slice$1541 ($sdff) from module conv1d_large_benchmark_top (D = \sample_in, Q = \conv.impl.tap[0]).
Adding SRST signal on $flatten\conv.\impl.$procdff$1422 ($dff) from module conv1d_large_benchmark_top (D = $flatten\conv.\impl.$procmux$1133_Y, Q = \conv.impl.history[30], rval = 8'00000000).
Adding EN signal on $auto$ff.cc:266:slice$1543 ($sdff) from module conv1d_large_benchmark_top (D = \conv.impl.history[29], Q = \conv.impl.history[30]).
Adding SRST signal on $flatten\conv.\impl.$procdff$1421 ($dff) from module conv1d_large_benchmark_top (D = $flatten\conv.\impl.$procmux$1139_Y, Q = \conv.impl.history[29], rval = 8'00000000).
Adding EN signal on $auto$ff.cc:266:slice$1545 ($sdff) from module conv1d_large_benchmark_top (D = \conv.impl.history[28], Q = \conv.impl.history[29]).
Adding SRST signal on $flatten\conv.\impl.$procdff$1420 ($dff) from module conv1d_large_benchmark_top (D = $flatten\conv.\impl.$procmux$1145_Y, Q = \conv.impl.history[28], rval = 8'00000000).
Adding EN signal on $auto$ff.cc:266:slice$1547 ($sdff) from module conv1d_large_benchmark_top (D = \conv.impl.history[27], Q = \conv.impl.history[28]).
Adding SRST signal on $flatten\conv.\impl.$procdff$1419 ($dff) from module conv1d_large_benchmark_top (D = $flatten\conv.\impl.$procmux$1151_Y, Q = \conv.impl.history[27], rval = 8'00000000).
Adding EN signal on $auto$ff.cc:266:slice$1549 ($sdff) from module conv1d_large_benchmark_top (D = \conv.impl.history[26], Q = \conv.impl.history[27]).
Adding SRST signal on $flatten\conv.\impl.$procdff$1418 ($dff) from module conv1d_large_benchmark_top (D = $flatten\conv.\impl.$procmux$1157_Y, Q = \conv.impl.history[26], rval = 8'00000000).
Adding EN signal on $auto$ff.cc:266:slice$1551 ($sdff) from module conv1d_large_benchmark_top (D = \conv.impl.history[25], Q = \conv.impl.history[26]).
Adding SRST signal on $flatten\conv.\impl.$procdff$1417 ($dff) from module conv1d_large_benchmark_top (D = $flatten\conv.\impl.$procmux$1163_Y, Q = \conv.impl.history[25], rval = 8'00000000).
Adding EN signal on $auto$ff.cc:266:slice$1553 ($sdff) from module conv1d_large_benchmark_top (D = \conv.impl.history[24], Q = \conv.impl.history[25]).
Adding SRST signal on $flatten\conv.\impl.$procdff$1416 ($dff) from module conv1d_large_benchmark_top (D = $flatten\conv.\impl.$procmux$1169_Y, Q = \conv.impl.history[24], rval = 8'00000000).
Adding EN signal on $auto$ff.cc:266:slice$1555 ($sdff) from module conv1d_large_benchmark_top (D = \conv.impl.history[23], Q = \conv.impl.history[24]).
Adding SRST signal on $flatten\conv.\impl.$procdff$1415 ($dff) from module conv1d_large_benchmark_top (D = $flatten\conv.\impl.$procmux$1175_Y, Q = \conv.impl.history[23], rval = 8'00000000).
Adding EN signal on $auto$ff.cc:266:slice$1557 ($sdff) from module conv1d_large_benchmark_top (D = \conv.impl.history[22], Q = \conv.impl.history[23]).
Adding SRST signal on $flatten\conv.\impl.$procdff$1414 ($dff) from module conv1d_large_benchmark_top (D = $flatten\conv.\impl.$procmux$1181_Y, Q = \conv.impl.history[22], rval = 8'00000000).
Adding EN signal on $auto$ff.cc:266:slice$1559 ($sdff) from module conv1d_large_benchmark_top (D = \conv.impl.history[21], Q = \conv.impl.history[22]).
Adding SRST signal on $flatten\conv.\impl.$procdff$1413 ($dff) from module conv1d_large_benchmark_top (D = $flatten\conv.\impl.$procmux$1187_Y, Q = \conv.impl.history[21], rval = 8'00000000).
Adding EN signal on $auto$ff.cc:266:slice$1561 ($sdff) from module conv1d_large_benchmark_top (D = \conv.impl.history[20], Q = \conv.impl.history[21]).
Adding SRST signal on $flatten\conv.\impl.$procdff$1412 ($dff) from module conv1d_large_benchmark_top (D = $flatten\conv.\impl.$procmux$1193_Y, Q = \conv.impl.history[20], rval = 8'00000000).
Adding EN signal on $auto$ff.cc:266:slice$1563 ($sdff) from module conv1d_large_benchmark_top (D = \conv.impl.history[19], Q = \conv.impl.history[20]).
Adding SRST signal on $flatten\conv.\impl.$procdff$1411 ($dff) from module conv1d_large_benchmark_top (D = $flatten\conv.\impl.$procmux$1199_Y, Q = \conv.impl.history[19], rval = 8'00000000).
Adding EN signal on $auto$ff.cc:266:slice$1565 ($sdff) from module conv1d_large_benchmark_top (D = \conv.impl.history[18], Q = \conv.impl.history[19]).
Adding SRST signal on $flatten\conv.\impl.$procdff$1410 ($dff) from module conv1d_large_benchmark_top (D = $flatten\conv.\impl.$procmux$1205_Y, Q = \conv.impl.history[18], rval = 8'00000000).
Adding EN signal on $auto$ff.cc:266:slice$1567 ($sdff) from module conv1d_large_benchmark_top (D = \conv.impl.history[17], Q = \conv.impl.history[18]).
Adding SRST signal on $flatten\conv.\impl.$procdff$1409 ($dff) from module conv1d_large_benchmark_top (D = $flatten\conv.\impl.$procmux$1211_Y, Q = \conv.impl.history[17], rval = 8'00000000).
Adding EN signal on $auto$ff.cc:266:slice$1569 ($sdff) from module conv1d_large_benchmark_top (D = \conv.impl.history[16], Q = \conv.impl.history[17]).
Adding SRST signal on $flatten\conv.\impl.$procdff$1408 ($dff) from module conv1d_large_benchmark_top (D = $flatten\conv.\impl.$procmux$1217_Y, Q = \conv.impl.history[16], rval = 8'00000000).
Adding EN signal on $auto$ff.cc:266:slice$1571 ($sdff) from module conv1d_large_benchmark_top (D = \conv.impl.history[15], Q = \conv.impl.history[16]).
Adding SRST signal on $flatten\conv.\impl.$procdff$1407 ($dff) from module conv1d_large_benchmark_top (D = $flatten\conv.\impl.$procmux$1223_Y, Q = \conv.impl.history[15], rval = 8'00000000).
Adding EN signal on $auto$ff.cc:266:slice$1573 ($sdff) from module conv1d_large_benchmark_top (D = \conv.impl.history[14], Q = \conv.impl.history[15]).
Adding SRST signal on $flatten\conv.\impl.$procdff$1406 ($dff) from module conv1d_large_benchmark_top (D = $flatten\conv.\impl.$procmux$1229_Y, Q = \conv.impl.history[14], rval = 8'00000000).
Adding EN signal on $auto$ff.cc:266:slice$1575 ($sdff) from module conv1d_large_benchmark_top (D = \conv.impl.history[13], Q = \conv.impl.history[14]).
Adding SRST signal on $flatten\conv.\impl.$procdff$1405 ($dff) from module conv1d_large_benchmark_top (D = $flatten\conv.\impl.$procmux$1235_Y, Q = \conv.impl.history[13], rval = 8'00000000).
Adding EN signal on $auto$ff.cc:266:slice$1577 ($sdff) from module conv1d_large_benchmark_top (D = \conv.impl.history[12], Q = \conv.impl.history[13]).
Adding SRST signal on $flatten\conv.\impl.$procdff$1404 ($dff) from module conv1d_large_benchmark_top (D = $flatten\conv.\impl.$procmux$1241_Y, Q = \conv.impl.history[12], rval = 8'00000000).
Adding EN signal on $auto$ff.cc:266:slice$1579 ($sdff) from module conv1d_large_benchmark_top (D = \conv.impl.history[11], Q = \conv.impl.history[12]).
Adding SRST signal on $flatten\conv.\impl.$procdff$1403 ($dff) from module conv1d_large_benchmark_top (D = $flatten\conv.\impl.$procmux$1247_Y, Q = \conv.impl.history[11], rval = 8'00000000).
Adding EN signal on $auto$ff.cc:266:slice$1581 ($sdff) from module conv1d_large_benchmark_top (D = \conv.impl.history[10], Q = \conv.impl.history[11]).
Adding SRST signal on $flatten\conv.\impl.$procdff$1402 ($dff) from module conv1d_large_benchmark_top (D = $flatten\conv.\impl.$procmux$1253_Y, Q = \conv.impl.history[10], rval = 8'00000000).
Adding EN signal on $auto$ff.cc:266:slice$1583 ($sdff) from module conv1d_large_benchmark_top (D = \conv.impl.history[9], Q = \conv.impl.history[10]).
Adding SRST signal on $flatten\conv.\impl.$procdff$1401 ($dff) from module conv1d_large_benchmark_top (D = $flatten\conv.\impl.$procmux$1259_Y, Q = \conv.impl.history[9], rval = 8'00000000).
Adding EN signal on $auto$ff.cc:266:slice$1585 ($sdff) from module conv1d_large_benchmark_top (D = \conv.impl.history[8], Q = \conv.impl.history[9]).
Adding SRST signal on $flatten\conv.\impl.$procdff$1400 ($dff) from module conv1d_large_benchmark_top (D = $flatten\conv.\impl.$procmux$1265_Y, Q = \conv.impl.history[8], rval = 8'00000000).
Adding EN signal on $auto$ff.cc:266:slice$1587 ($sdff) from module conv1d_large_benchmark_top (D = \conv.impl.history[7], Q = \conv.impl.history[8]).
Adding SRST signal on $flatten\conv.\impl.$procdff$1399 ($dff) from module conv1d_large_benchmark_top (D = $flatten\conv.\impl.$procmux$1271_Y, Q = \conv.impl.history[7], rval = 8'00000000).
Adding EN signal on $auto$ff.cc:266:slice$1589 ($sdff) from module conv1d_large_benchmark_top (D = \conv.impl.history[6], Q = \conv.impl.history[7]).
Adding SRST signal on $flatten\conv.\impl.$procdff$1398 ($dff) from module conv1d_large_benchmark_top (D = $flatten\conv.\impl.$procmux$1277_Y, Q = \conv.impl.history[6], rval = 8'00000000).
Adding EN signal on $auto$ff.cc:266:slice$1591 ($sdff) from module conv1d_large_benchmark_top (D = \conv.impl.history[5], Q = \conv.impl.history[6]).
Adding SRST signal on $flatten\conv.\impl.$procdff$1397 ($dff) from module conv1d_large_benchmark_top (D = $flatten\conv.\impl.$procmux$1283_Y, Q = \conv.impl.history[5], rval = 8'00000000).
Adding EN signal on $auto$ff.cc:266:slice$1593 ($sdff) from module conv1d_large_benchmark_top (D = \conv.impl.history[4], Q = \conv.impl.history[5]).
Adding SRST signal on $flatten\conv.\impl.$procdff$1396 ($dff) from module conv1d_large_benchmark_top (D = $flatten\conv.\impl.$procmux$1289_Y, Q = \conv.impl.history[4], rval = 8'00000000).
Adding EN signal on $auto$ff.cc:266:slice$1595 ($sdff) from module conv1d_large_benchmark_top (D = \conv.impl.history[3], Q = \conv.impl.history[4]).
Adding SRST signal on $flatten\conv.\impl.$procdff$1395 ($dff) from module conv1d_large_benchmark_top (D = $flatten\conv.\impl.$procmux$1295_Y, Q = \conv.impl.history[3], rval = 8'00000000).
Adding EN signal on $auto$ff.cc:266:slice$1597 ($sdff) from module conv1d_large_benchmark_top (D = \conv.impl.history[2], Q = \conv.impl.history[3]).
Adding SRST signal on $flatten\conv.\impl.$procdff$1394 ($dff) from module conv1d_large_benchmark_top (D = $flatten\conv.\impl.$procmux$1301_Y, Q = \conv.impl.history[2], rval = 8'00000000).
Adding EN signal on $auto$ff.cc:266:slice$1599 ($sdff) from module conv1d_large_benchmark_top (D = \conv.impl.history[1], Q = \conv.impl.history[2]).
Adding SRST signal on $flatten\conv.\impl.$procdff$1393 ($dff) from module conv1d_large_benchmark_top (D = $flatten\conv.\impl.$procmux$1307_Y, Q = \conv.impl.history[1], rval = 8'00000000).
Adding EN signal on $auto$ff.cc:266:slice$1601 ($sdff) from module conv1d_large_benchmark_top (D = \conv.impl.history[0], Q = \conv.impl.history[1]).
Adding SRST signal on $flatten\conv.\impl.$procdff$1392 ($dff) from module conv1d_large_benchmark_top (D = $flatten\conv.\impl.$procmux$1313_Y, Q = \conv.impl.history[0], rval = 8'00000000).
Adding EN signal on $auto$ff.cc:266:slice$1603 ($sdff) from module conv1d_large_benchmark_top (D = \sample_in, Q = \conv.impl.history[0]).
Adding SRST signal on $flatten\conv.\impl.$procdff$1390 ($dff) from module conv1d_large_benchmark_top (D = $flatten\conv.\impl.$procmux$1325_Y, Q = \conv.impl.busy, rval = 1'0).
Adding SRST signal on $flatten\conv.\impl.$procdff$1389 ($dff) from module conv1d_large_benchmark_top (D = $flatten\conv.\impl.$procmux$1334_Y, Q = \conv.impl.tap_index, rval = 16'0000000000000000).
Adding EN signal on $auto$ff.cc:266:slice$1606 ($sdff) from module conv1d_large_benchmark_top (D = $flatten\conv.\impl.$procmux$1332_Y, Q = \conv.impl.tap_index).
Adding SRST signal on $flatten\conv.\impl.$procdff$1388 ($dff) from module conv1d_large_benchmark_top (D = $flatten\conv.\impl.$procmux$1346_Y, Q = \conv.impl.acc, rval = 0).
Adding EN signal on $auto$ff.cc:266:slice$1610 ($sdff) from module conv1d_large_benchmark_top (D = $flatten\conv.\impl.$add$/Users/adarmaori/Desktop/Final$20Project/FPGA/conv1d_large_serial.v:85$503_Y, Q = \conv.impl.acc).
Adding SRST signal on $flatten\conv.\impl.$procdff$1387 ($dff) from module conv1d_large_benchmark_top (D = $flatten\conv.\impl.$procmux$1361_Y, Q = \conv.impl.sample_out, rval = 0).
Adding EN signal on $auto$ff.cc:266:slice$1618 ($sdff) from module conv1d_large_benchmark_top (D = $flatten\conv.\impl.$add$/Users/adarmaori/Desktop/Final$20Project/FPGA/conv1d_large_serial.v:80$498_Y, Q = \conv.impl.sample_out).
Adding SRST signal on $flatten\conv.\impl.$procdff$1386 ($dff) from module conv1d_large_benchmark_top (D = $flatten\conv.\impl.$procmux$903_Y, Q = \conv.impl.output_valid, rval = 1'0).

5.12.7. Executing OPT_CLEAN pass (remove unused cells and wires).
Finding unused cells or wires in module \conv1d_large_benchmark_top..
Removed 141 unused cells and 141 unused wires.
<suppressed ~142 debug messages>

5.12.8. Executing OPT_EXPR pass (perform const folding).
Optimizing module conv1d_large_benchmark_top.

5.12.9. Rerunning OPT passes. (Maybe there is more to do..)

5.12.10. Executing OPT_MUXTREE pass (detect dead branches in mux trees).
Running muxtree optimizer on module \conv1d_large_benchmark_top..
  Creating internal representation of mux trees.
  Evaluating internal representation of mux trees.
  Analyzing evaluation results.
Removed 0 multiplexer ports.
<suppressed ~9 debug messages>

5.12.11. Executing OPT_REDUCE pass (consolidate $*mux and $reduce_* inputs).
  Optimizing cells in module \conv1d_large_benchmark_top.
Performed a total of 0 changes.

5.12.12. Executing OPT_MERGE pass (detect identical cells).
Finding identical cells in module `\conv1d_large_benchmark_top'.
<suppressed ~96 debug messages>
Removed a total of 32 cells.

5.12.13. Executing OPT_DFF pass (perform DFF optimizations).

5.12.14. Executing OPT_CLEAN pass (remove unused cells and wires).
Finding unused cells or wires in module \conv1d_large_benchmark_top..
Removed 0 unused cells and 1 unused wires.
<suppressed ~1 debug messages>

5.12.15. Executing OPT_EXPR pass (perform const folding).
Optimizing module conv1d_large_benchmark_top.

5.12.16. Rerunning OPT passes. (Maybe there is more to do..)

5.12.17. Executing OPT_MUXTREE pass (detect dead branches in mux trees).
Running muxtree optimizer on module \conv1d_large_benchmark_top..
  Creating internal representation of mux trees.
  Evaluating internal representation of mux trees.
  Analyzing evaluation results.
Removed 0 multiplexer ports.
<suppressed ~9 debug messages>

5.12.18. Executing OPT_REDUCE pass (consolidate $*mux and $reduce_* inputs).
  Optimizing cells in module \conv1d_large_benchmark_top.
Performed a total of 0 changes.

5.12.19. Executing OPT_MERGE pass (detect identical cells).
Finding identical cells in module `\conv1d_large_benchmark_top'.
Removed a total of 0 cells.

5.12.20. Executing OPT_DFF pass (perform DFF optimizations).

5.12.21. Executing OPT_CLEAN pass (remove unused cells and wires).
Finding unused cells or wires in module \conv1d_large_benchmark_top..

5.12.22. Executing OPT_EXPR pass (perform const folding).
Optimizing module conv1d_large_benchmark_top.

5.12.23. Finished OPT passes. (There is nothing left to do.)

5.13. Executing WREDUCE pass (reducing word size of cells).
Removed top 11 bits (of 16) from port B of cell conv1d_large_benchmark_top.$flatten\conv.\impl.$eq$/Users/adarmaori/Desktop/Final$20Project/FPGA/conv1d_large_serial.v:79$485 ($eq).
Removed top 16 bits (of 32) from port Y of cell conv1d_large_benchmark_top.$flatten\conv.\impl.$mul$/Users/adarmaori/Desktop/Final$20Project/FPGA/conv1d_large_serial.v:80$497 ($mul).
Removed top 16 bits (of 32) from port B of cell conv1d_large_benchmark_top.$flatten\conv.\impl.$add$/Users/adarmaori/Desktop/Final$20Project/FPGA/conv1d_large_serial.v:80$498 ($add).
Removed top 16 bits (of 32) from port Y of cell conv1d_large_benchmark_top.$flatten\conv.\impl.$mul$/Users/adarmaori/Desktop/Final$20Project/FPGA/conv1d_large_serial.v:85$502 ($mul).
Removed top 16 bits (of 32) from port B of cell conv1d_large_benchmark_top.$flatten\conv.\impl.$add$/Users/adarmaori/Desktop/Final$20Project/FPGA/conv1d_large_serial.v:85$503 ($add).
Removed top 15 bits (of 16) from port B of cell conv1d_large_benchmark_top.$flatten\conv.\impl.$add$/Users/adarmaori/Desktop/Final$20Project/FPGA/conv1d_large_serial.v:86$504 ($add).
Removed top 1 bits (of 5) from port B of cell conv1d_large_benchmark_top.$flatten\conv.\impl.$procmux$567_CMP0 ($eq).
Removed top 1 bits (of 5) from port B of cell conv1d_large_benchmark_top.$flatten\conv.\impl.$procmux$568_CMP0 ($eq).
Removed top 1 bits (of 5) from port B of cell conv1d_large_benchmark_top.$flatten\conv.\impl.$procmux$569_CMP0 ($eq).
Removed top 1 bits (of 5) from port B of cell conv1d_large_benchmark_top.$flatten\conv.\impl.$procmux$570_CMP0 ($eq).
Removed top 1 bits (of 5) from port B of cell conv1d_large_benchmark_top.$flatten\conv.\impl.$procmux$571_CMP0 ($eq).
Removed top 1 bits (of 5) from port B of cell conv1d_large_benchmark_top.$flatten\conv.\impl.$procmux$572_CMP0 ($eq).
Removed top 1 bits (of 5) from port B of cell conv1d_large_benchmark_top.$flatten\conv.\impl.$procmux$573_CMP0 ($eq).
Removed top 1 bits (of 5) from port B of cell conv1d_large_benchmark_top.$flatten\conv.\impl.$procmux$574_CMP0 ($eq).
Removed top 2 bits (of 5) from port B of cell conv1d_large_benchmark_top.$flatten\conv.\impl.$procmux$575_CMP0 ($eq).
Removed top 2 bits (of 5) from port B of cell conv1d_large_benchmark_top.$flatten\conv.\impl.$procmux$576_CMP0 ($eq).
Removed top 2 bits (of 5) from port B of cell conv1d_large_benchmark_top.$flatten\conv.\impl.$procmux$577_CMP0 ($eq).
Removed top 2 bits (of 5) from port B of cell conv1d_large_benchmark_top.$flatten\conv.\impl.$procmux$578_CMP0 ($eq).
Removed top 3 bits (of 5) from port B of cell conv1d_large_benchmark_top.$flatten\conv.\impl.$procmux$579_CMP0 ($eq).
Removed top 3 bits (of 5) from port B of cell conv1d_large_benchmark_top.$flatten\conv.\impl.$procmux$580_CMP0 ($eq).
Removed top 4 bits (of 5) from port B of cell conv1d_large_benchmark_top.$flatten\conv.\impl.$procmux$581_CMP0 ($eq).
Removed top 1 bits (of 3) from port B of cell conv1d_large_benchmark_top.$flatten\conv.\impl.$procmux$600_CMP0 ($eq).
Removed top 1 bits (of 3) from port B of cell conv1d_large_benchmark_top.$flatten\conv.\impl.$procmux$601_CMP0 ($eq).
Removed top 2 bits (of 3) from port B of cell conv1d_large_benchmark_top.$flatten\conv.\impl.$procmux$602_CMP0 ($eq).

5.14. Executing PEEPOPT pass (run peephole optimizers).

5.15. Executing OPT_CLEAN pass (remove unused cells and wires).
Finding unused cells or wires in module \conv1d_large_benchmark_top..

5.16. Executing SHARE pass (SAT-based resource sharing).

5.17. Executing TECHMAP pass (map to technology primitives).

5.17.1. Executing Verilog-2005 frontend: /opt/homebrew/bin/../share/yosys/cmp2lut.v
Parsing Verilog input from `/opt/homebrew/bin/../share/yosys/cmp2lut.v' to AST representation.
Generating RTLIL representation for module `\_90_lut_cmp_'.
Successfully finished Verilog frontend.

5.17.2. Continuing TECHMAP pass.
No more expansions possible.
<suppressed ~6 debug messages>

5.18. Executing OPT_EXPR pass (perform const folding).
Optimizing module conv1d_large_benchmark_top.

5.19. Executing OPT_CLEAN pass (remove unused cells and wires).
Finding unused cells or wires in module \conv1d_large_benchmark_top..

5.20. Executing ALUMACC pass (create $alu and $macc cells).
Extracting $alu and $macc cells in module conv1d_large_benchmark_top:
  creating $macc model for $flatten\conv.\impl.$add$/Users/adarmaori/Desktop/Final$20Project/FPGA/conv1d_large_serial.v:80$498 ($add).
  creating $macc model for $flatten\conv.\impl.$add$/Users/adarmaori/Desktop/Final$20Project/FPGA/conv1d_large_serial.v:85$503 ($add).
  creating $macc model for $flatten\conv.\impl.$add$/Users/adarmaori/Desktop/Final$20Project/FPGA/conv1d_large_serial.v:86$504 ($add).
  creating $macc model for $flatten\conv.\impl.$mul$/Users/adarmaori/Desktop/Final$20Project/FPGA/conv1d_large_serial.v:80$497 ($mul).
  creating $macc model for $flatten\conv.\impl.$mul$/Users/adarmaori/Desktop/Final$20Project/FPGA/conv1d_large_serial.v:85$502 ($mul).
  merging $macc model for $flatten\conv.\impl.$mul$/Users/adarmaori/Desktop/Final$20Project/FPGA/conv1d_large_serial.v:85$502 into $flatten\conv.\impl.$add$/Users/adarmaori/Desktop/Final$20Project/FPGA/conv1d_large_serial.v:85$503.
  merging $macc model for $flatten\conv.\impl.$mul$/Users/adarmaori/Desktop/Final$20Project/FPGA/conv1d_large_serial.v:80$497 into $flatten\conv.\impl.$add$/Users/adarmaori/Desktop/Final$20Project/FPGA/conv1d_large_serial.v:80$498.
  creating $alu model for $macc $flatten\conv.\impl.$add$/Users/adarmaori/Desktop/Final$20Project/FPGA/conv1d_large_serial.v:86$504.
  creating $macc cell for $flatten\conv.\impl.$add$/Users/adarmaori/Desktop/Final$20Project/FPGA/conv1d_large_serial.v:85$503: $auto$alumacc.cc:365:replace_macc$1630
  creating $macc cell for $flatten\conv.\impl.$add$/Users/adarmaori/Desktop/Final$20Project/FPGA/conv1d_large_serial.v:80$498: $auto$alumacc.cc:365:replace_macc$1631
  creating $alu cell for $flatten\conv.\impl.$add$/Users/adarmaori/Desktop/Final$20Project/FPGA/conv1d_large_serial.v:86$504: $auto$alumacc.cc:485:replace_alu$1632
  created 1 $alu and 2 $macc cells.

5.21. Executing OPT pass (performing simple optimizations).

5.21.1. Executing OPT_EXPR pass (perform const folding).
Optimizing module conv1d_large_benchmark_top.

5.21.2. Executing OPT_MERGE pass (detect identical cells).
Finding identical cells in module `\conv1d_large_benchmark_top'.
Removed a total of 0 cells.

5.21.3. Executing OPT_MUXTREE pass (detect dead branches in mux trees).
Running muxtree optimizer on module \conv1d_large_benchmark_top..
  Creating internal representation of mux trees.
  Evaluating internal representation of mux trees.
  Analyzing evaluation results.
Removed 0 multiplexer ports.
<suppressed ~9 debug messages>

5.21.4. Executing OPT_REDUCE pass (consolidate $*mux and $reduce_* inputs).
  Optimizing cells in module \conv1d_large_benchmark_top.
Performed a total of 0 changes.

5.21.5. Executing OPT_MERGE pass (detect identical cells).
Finding identical cells in module `\conv1d_large_benchmark_top'.
Removed a total of 0 cells.

5.21.6. Executing OPT_DFF pass (perform DFF optimizations).

5.21.7. Executing OPT_CLEAN pass (remove unused cells and wires).
Finding unused cells or wires in module \conv1d_large_benchmark_top..
Removed 2 unused cells and 2 unused wires.
<suppressed ~3 debug messages>

5.21.8. Executing OPT_EXPR pass (perform const folding).
Optimizing module conv1d_large_benchmark_top.

5.21.9. Rerunning OPT passes. (Maybe there is more to do..)

5.21.10. Executing OPT_MUXTREE pass (detect dead branches in mux trees).
Running muxtree optimizer on module \conv1d_large_benchmark_top..
  Creating internal representation of mux trees.
  Evaluating internal representation of mux trees.
  Analyzing evaluation results.
Removed 0 multiplexer ports.
<suppressed ~9 debug messages>

5.21.11. Executing OPT_REDUCE pass (consolidate $*mux and $reduce_* inputs).
  Optimizing cells in module \conv1d_large_benchmark_top.
Performed a total of 0 changes.

5.21.12. Executing OPT_MERGE pass (detect identical cells).
Finding identical cells in module `\conv1d_large_benchmark_top'.
Removed a total of 0 cells.

5.21.13. Executing OPT_DFF pass (perform DFF optimizations).

5.21.14. Executing OPT_CLEAN pass (remove unused cells and wires).
Finding unused cells or wires in module \conv1d_large_benchmark_top..

5.21.15. Executing OPT_EXPR pass (perform const folding).
Optimizing module conv1d_large_benchmark_top.

5.21.16. Finished OPT passes. (There is nothing left to do.)

5.22. Executing MEMORY pass.

5.22.1. Executing OPT_MEM pass (optimize memories).
Performed a total of 0 transformations.

5.22.2. Executing OPT_MEM_PRIORITY pass (removing unnecessary memory write priority relations).
Performed a total of 0 transformations.

5.22.3. Executing OPT_MEM_FEEDBACK pass (finding memory read-to-write feedback paths).

5.22.4. Executing MEMORY_BMUX2ROM pass (converting muxes to ROMs).

5.22.5. Executing MEMORY_DFF pass (merging $dff cells to $memrd).

5.22.6. Executing OPT_CLEAN pass (remove unused cells and wires).
Finding unused cells or wires in module \conv1d_large_benchmark_top..

5.22.7. Executing MEMORY_SHARE pass (consolidating $memrd/$memwr cells).

5.22.8. Executing OPT_MEM_WIDEN pass (optimize memories where all ports are wide).
Performed a total of 0 transformations.

5.22.9. Executing OPT_CLEAN pass (remove unused cells and wires).
Finding unused cells or wires in module \conv1d_large_benchmark_top..

5.22.10. Executing MEMORY_COLLECT pass (generating $mem cells).

5.23. Executing OPT_CLEAN pass (remove unused cells and wires).
Finding unused cells or wires in module \conv1d_large_benchmark_top..

5.24. Executing MEMORY_LIBMAP pass (mapping memories to cells).

5.25. Executing TECHMAP pass (map to technology primitives).

5.25.1. Executing Verilog-2005 frontend: /opt/homebrew/bin/../share/yosys/ice40/brams_map.v
Parsing Verilog input from `/opt/homebrew/bin/../share/yosys/ice40/brams_map.v' to AST representation.
Generating RTLIL representation for module `\$__ICE40_RAM4K_'.
Successfully finished Verilog frontend.

5.25.2. Executing Verilog-2005 frontend: /opt/homebrew/bin/../share/yosys/ice40/spram_map.v
Parsing Verilog input from `/opt/homebrew/bin/../share/yosys/ice40/spram_map.v' to AST representation.
Generating RTLIL representation for module `\$__ICE40_SPRAM_'.
Successfully finished Verilog frontend.

5.25.3. Continuing TECHMAP pass.
No more expansions possible.
<suppressed ~4 debug messages>

5.26. Executing ICE40_BRAMINIT pass.

5.27. Executing OPT pass (performing simple optimizations).

5.27.1. Executing OPT_EXPR pass (perform const folding).
Optimizing module conv1d_large_benchmark_top.
<suppressed ~18 debug messages>

5.27.2. Executing OPT_MERGE pass (detect identical cells).
Finding identical cells in module `\conv1d_large_benchmark_top'.
<suppressed ~3 debug messages>
Removed a total of 1 cells.

5.27.3. Executing OPT_DFF pass (perform DFF optimizations).

5.27.4. Executing OPT_CLEAN pass (remove unused cells and wires).
Finding unused cells or wires in module \conv1d_large_benchmark_top..
Removed 1 unused cells and 19 unused wires.
<suppressed ~2 debug messages>

5.27.5. Finished fast OPT passes.

5.28. Executing MEMORY_MAP pass (converting memories to logic and flip-flops).

5.29. Executing OPT pass (performing simple optimizations).

5.29.1. Executing OPT_EXPR pass (perform const folding).
Optimizing module conv1d_large_benchmark_top.

5.29.2. Executing OPT_MERGE pass (detect identical cells).
Finding identical cells in module `\conv1d_large_benchmark_top'.
Removed a total of 0 cells.

5.29.3. Executing OPT_MUXTREE pass (detect dead branches in mux trees).
Running muxtree optimizer on module \conv1d_large_benchmark_top..
  Creating internal representation of mux trees.
  Evaluating internal representation of mux trees.
  Analyzing evaluation results.
Removed 0 multiplexer ports.
<suppressed ~4 debug messages>

5.29.4. Executing OPT_REDUCE pass (consolidate $*mux and $reduce_* inputs).
  Optimizing cells in module \conv1d_large_benchmark_top.
    Consolidated identical input bits for $pmux cell $flatten\conv.\impl.$procmux$596:
      Old ports: A=8'00000010, B=40'1111111100000011000000001111111000000001, Y=$flatten\conv.\impl.$5\tap_weight$func$/Users/adarmaori/Desktop/Final$20Project/FPGA/conv1d_large_serial.v:80$445.$result[7:0]$495
      New ports: A=3'010, B=15'111011000110001, Y=$flatten\conv.\impl.$5\tap_weight$func$/Users/adarmaori/Desktop/Final$20Project/FPGA/conv1d_large_serial.v:80$445.$result[7:0]$495 [2:0]
      New connections: $flatten\conv.\impl.$5\tap_weight$func$/Users/adarmaori/Desktop/Final$20Project/FPGA/conv1d_large_serial.v:80$445.$result[7:0]$495 [7:3] = { $flatten\conv.\impl.$5\tap_weight$func$/Users/adarmaori/Desktop/Final$20Project/FPGA/conv1d_large_serial.v:80$445.$result[7:0]$495 [2] $flatten\conv.\impl.$5\tap_weight$func$/Users/adarmaori/Desktop/Final$20Project/FPGA/conv1d_large_serial.v:80$445.$result[7:0]$495 [2] $flatten\conv.\impl.$5\tap_weight$func$/Users/adarmaori/Desktop/Final$20Project/FPGA/conv1d_large_serial.v:80$445.$result[7:0]$495 [2] $flatten\conv.\impl.$5\tap_weight$func$/Users/adarmaori/Desktop/Final$20Project/FPGA/conv1d_large_serial.v:80$445.$result[7:0]$495 [2] $flatten\conv.\impl.$5\tap_weight$func$/Users/adarmaori/Desktop/Final$20Project/FPGA/conv1d_large_serial.v:80$445.$result[7:0]$495 [2] }
  Optimizing cells in module \conv1d_large_benchmark_top.
Performed a total of 1 changes.

5.29.5. Executing OPT_MERGE pass (detect identical cells).
Finding identical cells in module `\conv1d_large_benchmark_top'.
Removed a total of 0 cells.

5.29.6. Executing OPT_DFF pass (perform DFF optimizations).

5.29.7. Executing OPT_CLEAN pass (remove unused cells and wires).
Finding unused cells or wires in module \conv1d_large_benchmark_top..

5.29.8. Executing OPT_EXPR pass (perform const folding).
Optimizing module conv1d_large_benchmark_top.

5.29.9. Rerunning OPT passes. (Maybe there is more to do..)

5.29.10. Executing OPT_MUXTREE pass (detect dead branches in mux trees).
Running muxtree optimizer on module \conv1d_large_benchmark_top..
  Creating internal representation of mux trees.
  Evaluating internal representation of mux trees.
  Analyzing evaluation results.
Removed 0 multiplexer ports.
<suppressed ~4 debug messages>

5.29.11. Executing OPT_REDUCE pass (consolidate $*mux and $reduce_* inputs).
  Optimizing cells in module \conv1d_large_benchmark_top.
Performed a total of 0 changes.

5.29.12. Executing OPT_MERGE pass (detect identical cells).
Finding identical cells in module `\conv1d_large_benchmark_top'.
Removed a total of 0 cells.

5.29.13. Executing OPT_DFF pass (perform DFF optimizations).

5.29.14. Executing OPT_CLEAN pass (remove unused cells and wires).
Finding unused cells or wires in module \conv1d_large_benchmark_top..

5.29.15. Executing OPT_EXPR pass (perform const folding).
Optimizing module conv1d_large_benchmark_top.

5.29.16. Finished OPT passes. (There is nothing left to do.)

5.30. Executing ICE40_WRAPCARRY pass (wrap carries).

5.31. Executing TECHMAP pass (map to technology primitives).

5.31.1. Executing Verilog-2005 frontend: /opt/homebrew/bin/../share/yosys/techmap.v
Parsing Verilog input from `/opt/homebrew/bin/../share/yosys/techmap.v' to AST representation.
Generating RTLIL representation for module `\_90_simplemap_bool_ops'.
Generating RTLIL representation for module `\_90_simplemap_reduce_ops'.
Generating RTLIL representation for module `\_90_simplemap_logic_ops'.
Generating RTLIL representation for module `\_90_simplemap_compare_ops'.
Generating RTLIL representation for module `\_90_simplemap_various'.
Generating RTLIL representation for module `\_90_simplemap_registers'.
Generating RTLIL representation for module `\_90_shift_ops_shr_shl_sshl_sshr'.
Generating RTLIL representation for module `\_90_shift_shiftx'.
Generating RTLIL representation for module `\_90_fa'.
Generating RTLIL representation for module `\_90_lcu_brent_kung'.
Generating RTLIL representation for module `\_90_alu'.
Generating RTLIL representation for module `\_90_macc'.
Generating RTLIL representation for module `\_90_alumacc'.
Generating RTLIL representation for module `\$__div_mod_u'.
Generating RTLIL representation for module `\$__div_mod_trunc'.
Generating RTLIL representation for module `\_90_div'.
Generating RTLIL representation for module `\_90_mod'.
Generating RTLIL representation for module `\$__div_mod_floor'.
Generating RTLIL representation for module `\_90_divfloor'.
Generating RTLIL representation for module `\_90_modfloor'.
Generating RTLIL representation for module `\_90_pow'.
Generating RTLIL representation for module `\_90_pmux'.
Generating RTLIL representation for module `\_90_demux'.
Generating RTLIL representation for module `\_90_lut'.
Successfully finished Verilog frontend.

5.31.2. Executing Verilog-2005 frontend: /opt/homebrew/bin/../share/yosys/ice40/arith_map.v
Parsing Verilog input from `/opt/homebrew/bin/../share/yosys/ice40/arith_map.v' to AST representation.
Generating RTLIL representation for module `\_80_ice40_alu'.
Successfully finished Verilog frontend.

5.31.3. Continuing TECHMAP pass.
Using extmapper maccmap for cells of type $macc.
  add \conv.impl.acc (32 bits, signed)
  add $flatten\conv.\impl.$5$mem2reg_rd$\tap$/Users/adarmaori/Desktop/Final$20Project/FPGA/conv1d_large_serial.v:80$447_DATA[7:0]$496 * { $flatten\conv.\impl.$5\tap_weight$func$/Users/adarmaori/Desktop/Final$20Project/FPGA/conv1d_large_serial.v:80$445.$result[7:0]$495 [7] $flatten\conv.\impl.$5\tap_weight$func$/Users/adarmaori/Desktop/Final$20Project/FPGA/conv1d_large_serial.v:80$445.$result[7:0]$495 [7] $flatten\conv.\impl.$5\tap_weight$func$/Users/adarmaori/Desktop/Final$20Project/FPGA/conv1d_large_serial.v:80$445.$result[7:0]$495 [7] $flatten\conv.\impl.$5\tap_weight$func$/Users/adarmaori/Desktop/Final$20Project/FPGA/conv1d_large_serial.v:80$445.$result[7:0]$495 [7] $flatten\conv.\impl.$5\tap_weight$func$/Users/adarmaori/Desktop/Final$20Project/FPGA/conv1d_large_serial.v:80$445.$result[7:0]$495 [7] $flatten\conv.\impl.$5\tap_weight$func$/Users/adarmaori/Desktop/Final$20Project/FPGA/conv1d_large_serial.v:80$445.$result[7:0]$495 [7] $flatten\conv.\impl.$5\tap_weight$func$/Users/adarmaori/Desktop/Final$20Project/FPGA/conv1d_large_serial.v:80$445.$result[7:0]$495 [1:0] } (8x8 bits, signed)
Using extmapper simplemap for cells of type $reduce_or.
Using extmapper simplemap for cells of type $not.
Using extmapper simplemap for cells of type $reduce_and.
Using extmapper simplemap for cells of type $logic_and.
Using extmapper simplemap for cells of type $eq.
Using template $paramod$2af30114e9bd4ccb04dad757b3f0a8f6bf0615b0\_80_ice40_alu for cells of type $alu.
Using template $paramod$6ba54b61bec527cafa150e8a07b7a00b3ebca06c\_90_pmux for cells of type $pmux.
Using template $paramod$56f7ce6d87f8add68ca646dc02d7695a3189f8e5\_90_pmux for cells of type $pmux.
Using extmapper simplemap for cells of type $sdff.
Using extmapper simplemap for cells of type $mux.
Using extmapper simplemap for cells of type $sdffe.
Using extmapper simplemap for cells of type $logic_not.
Using extmapper simplemap for cells of type $and.
Using extmapper simplemap for cells of type $xor.
Using extmapper simplemap for cells of type $pos.
Using template $paramod\_90_fa\WIDTH=32'00000000000000000000000000100000 for cells of type $fa.
Using template $paramod$fbc7873bff55778c0b3173955b7e4bce1d9d6834\_80_ice40_alu for cells of type $alu.
Using extmapper simplemap for cells of type $or.
No more expansions possible.
<suppressed ~360 debug messages>

5.32. Executing OPT pass (performing simple optimizations).

5.32.1. Executing OPT_EXPR pass (perform const folding).
Optimizing module conv1d_large_benchmark_top.
<suppressed ~558 debug messages>

5.32.2. Executing OPT_MERGE pass (detect identical cells).
Finding identical cells in module `\conv1d_large_benchmark_top'.
<suppressed ~2076 debug messages>
Removed a total of 692 cells.

5.32.3. Executing OPT_DFF pass (perform DFF optimizations).

5.32.4. Executing OPT_CLEAN pass (remove unused cells and wires).
Finding unused cells or wires in module \conv1d_large_benchmark_top..
Removed 82 unused cells and 457 unused wires.
<suppressed ~83 debug messages>

5.32.5. Finished fast OPT passes.

5.33. Executing ICE40_OPT pass (performing simple optimizations).

5.33.1. Running ICE40 specific optimizations.
Optimized $__ICE40_CARRY_WRAPPER cell back to logic (without SB_CARRY) conv1d_large_benchmark_top.$auto$alumacc.cc:485:replace_alu$1632.slice[0].carry: CO=\conv.impl.tap_index [0]
Optimized $__ICE40_CARRY_WRAPPER cell back to logic (without SB_CARRY) conv1d_large_benchmark_top.$auto$maccmap.cc:240:synth$1777.slice[0].carry: CO=1'0

5.33.2. Executing OPT_EXPR pass (perform const folding).
Optimizing module conv1d_large_benchmark_top.
<suppressed ~5 debug messages>

5.33.3. Executing OPT_MERGE pass (detect identical cells).
Finding identical cells in module `\conv1d_large_benchmark_top'.
Removed a total of 0 cells.

5.33.4. Executing OPT_DFF pass (perform DFF optimizations).

5.33.5. Executing OPT_CLEAN pass (remove unused cells and wires).
Finding unused cells or wires in module \conv1d_large_benchmark_top..

5.33.6. Rerunning OPT passes. (Removed registers in this run.)

5.33.7. Running ICE40 specific optimizations.
Optimized $__ICE40_CARRY_WRAPPER cell back to logic (without SB_CARRY) conv1d_large_benchmark_top.$auto$maccmap.cc:240:synth$1777.slice[1].carry: CO=1'0

5.33.8. Executing OPT_EXPR pass (perform const folding).
Optimizing module conv1d_large_benchmark_top.

5.33.9. Executing OPT_MERGE pass (detect identical cells).
Finding identical cells in module `\conv1d_large_benchmark_top'.
Removed a total of 0 cells.

5.33.10. Executing OPT_DFF pass (perform DFF optimizations).

5.33.11. Executing OPT_CLEAN pass (remove unused cells and wires).
Finding unused cells or wires in module \conv1d_large_benchmark_top..

5.33.12. Rerunning OPT passes. (Removed registers in this run.)

5.33.13. Running ICE40 specific optimizations.
Optimized $__ICE40_CARRY_WRAPPER cell back to logic (without SB_CARRY) conv1d_large_benchmark_top.$auto$maccmap.cc:240:synth$1777.slice[2].carry: CO=1'0

5.33.14. Executing OPT_EXPR pass (perform const folding).
Optimizing module conv1d_large_benchmark_top.

5.33.15. Executing OPT_MERGE pass (detect identical cells).
Finding identical cells in module `\conv1d_large_benchmark_top'.
Removed a total of 0 cells.

5.33.16. Executing OPT_DFF pass (perform DFF optimizations).

5.33.17. Executing OPT_CLEAN pass (remove unused cells and wires).
Finding unused cells or wires in module \conv1d_large_benchmark_top..

5.33.18. Rerunning OPT passes. (Removed registers in this run.)

5.33.19. Running ICE40 specific optimizations.

5.33.20. Executing OPT_EXPR pass (perform const folding).
Optimizing module conv1d_large_benchmark_top.

5.33.21. Executing OPT_MERGE pass (detect identical cells).
Finding identical cells in module `\conv1d_large_benchmark_top'.
Removed a total of 0 cells.

5.33.22. Executing OPT_DFF pass (perform DFF optimizations).

5.33.23. Executing OPT_CLEAN pass (remove unused cells and wires).
Finding unused cells or wires in module \conv1d_large_benchmark_top..

5.33.24. Finished OPT passes. (There is nothing left to do.)

5.34. Executing DFFLEGALIZE pass (convert FFs to types supported by the target).

5.35. Executing TECHMAP pass (map to technology primitives).

5.35.1. Executing Verilog-2005 frontend: /opt/homebrew/bin/../share/yosys/ice40/ff_map.v
Parsing Verilog input from `/opt/homebrew/bin/../share/yosys/ice40/ff_map.v' to AST representation.
Generating RTLIL representation for module `\$_DFF_N_'.
Generating RTLIL representation for module `\$_DFF_P_'.
Generating RTLIL representation for module `\$_DFFE_NP_'.
Generating RTLIL representation for module `\$_DFFE_PP_'.
Generating RTLIL representation for module `\$_DFF_NP0_'.
Generating RTLIL representation for module `\$_DFF_NP1_'.
Generating RTLIL representation for module `\$_DFF_PP0_'.
Generating RTLIL representation for module `\$_DFF_PP1_'.
Generating RTLIL representation for module `\$_DFFE_NP0P_'.
Generating RTLIL representation for module `\$_DFFE_NP1P_'.
Generating RTLIL representation for module `\$_DFFE_PP0P_'.
Generating RTLIL representation for module `\$_DFFE_PP1P_'.
Generating RTLIL representation for module `\$_SDFF_NP0_'.
Generating RTLIL representation for module `\$_SDFF_NP1_'.
Generating RTLIL representation for module `\$_SDFF_PP0_'.
Generating RTLIL representation for module `\$_SDFF_PP1_'.
Generating RTLIL representation for module `\$_SDFFCE_NP0P_'.
Generating RTLIL representation for module `\$_SDFFCE_NP1P_'.
Generating RTLIL representation for module `\$_SDFFCE_PP0P_'.
Generating RTLIL representation for module `\$_SDFFCE_PP1P_'.
Successfully finished Verilog frontend.

5.35.2. Continuing TECHMAP pass.
Using template \$_SDFFCE_PP0P_ for cells of type $_SDFFCE_PP0P_.
Using template \$_SDFF_PP0_ for cells of type $_SDFF_PP0_.
No more expansions possible.
<suppressed ~360 debug messages>

5.36. Executing OPT_EXPR pass (perform const folding).
Optimizing module conv1d_large_benchmark_top.

5.37. Executing SIMPLEMAP pass (map simple cells to gate primitives).
Mapping conv1d_large_benchmark_top.$auto$alumacc.cc:485:replace_alu$1632.slice[0].carry ($lut).
Mapping conv1d_large_benchmark_top.$auto$maccmap.cc:240:synth$1777.slice[0].carry ($lut).
Mapping conv1d_large_benchmark_top.$auto$maccmap.cc:240:synth$1777.slice[1].carry ($lut).
Mapping conv1d_large_benchmark_top.$auto$maccmap.cc:240:synth$1777.slice[2].carry ($lut).

5.38. Executing ICE40_OPT pass (performing simple optimizations).

5.38.1. Running ICE40 specific optimizations.

5.38.2. Executing OPT_EXPR pass (perform const folding).
Optimizing module conv1d_large_benchmark_top.
<suppressed ~73 debug messages>

5.38.3. Executing OPT_MERGE pass (detect identical cells).
Finding identical cells in module `\conv1d_large_benchmark_top'.
<suppressed ~1014 debug messages>
Removed a total of 338 cells.

5.38.4. Executing OPT_DFF pass (perform DFF optimizations).

5.38.5. Executing OPT_CLEAN pass (remove unused cells and wires).
Finding unused cells or wires in module \conv1d_large_benchmark_top..
Removed 3 unused cells and 2376 unused wires.
<suppressed ~4 debug messages>

5.38.6. Rerunning OPT passes. (Removed registers in this run.)

5.38.7. Running ICE40 specific optimizations.

5.38.8. Executing OPT_EXPR pass (perform const folding).
Optimizing module conv1d_large_benchmark_top.

5.38.9. Executing OPT_MERGE pass (detect identical cells).
Finding identical cells in module `\conv1d_large_benchmark_top'.
Removed a total of 0 cells.

5.38.10. Executing OPT_DFF pass (perform DFF optimizations).

5.38.11. Executing OPT_CLEAN pass (remove unused cells and wires).
Finding unused cells or wires in module \conv1d_large_benchmark_top..

5.38.12. Finished OPT passes. (There is nothing left to do.)

5.39. Executing TECHMAP pass (map to technology primitives).

5.39.1. Executing Verilog-2005 frontend: /opt/homebrew/bin/../share/yosys/ice40/latches_map.v
Parsing Verilog input from `/opt/homebrew/bin/../share/yosys/ice40/latches_map.v' to AST representation.
Generating RTLIL representation for module `\$_DLATCH_N_'.
Generating RTLIL representation for module `\$_DLATCH_P_'.
Successfully finished Verilog frontend.

5.39.2. Continuing TECHMAP pass.
No more expansions possible.
<suppressed ~4 debug messages>

5.40. Executing Verilog-2005 frontend: /opt/homebrew/bin/../share/yosys/ice40/abc9_model.v
Parsing Verilog input from `/opt/homebrew/bin/../share/yosys/ice40/abc9_model.v' to AST representation.
Generating RTLIL representation for module `$__ICE40_CARRY_WRAPPER'.
Successfully finished Verilog frontend.

5.41. Executing ABC9 pass.

5.41.1. Executing ABC9_OPS pass (helper functions for ABC9).

5.41.2. Executing ABC9_OPS pass (helper functions for ABC9).

5.41.3. Executing SCC pass (detecting logic loops).
Found 0 SCCs in module conv1d_large_benchmark_top.
Found 0 SCCs.

5.41.4. Executing ABC9_OPS pass (helper functions for ABC9).

5.41.5. Executing PROC pass (convert processes to netlists).

5.41.5.1. Executing PROC_CLEAN pass (remove empty switches from decision trees).
Cleaned up 0 empty switches.

5.41.5.2. Executing PROC_RMDEAD pass (remove dead branches from decision trees).
Removed a total of 0 dead cases.

5.41.5.3. Executing PROC_PRUNE pass (remove redundant assignments in processes).
Removed 0 redundant assignments.
Promoted 0 assignments to connections.

5.41.5.4. Executing PROC_INIT pass (extract init attributes).

5.41.5.5. Executing PROC_ARST pass (detect async resets in processes).

5.41.5.6. Executing PROC_ROM pass (convert switches to ROMs).
Converted 0 switches.

5.41.5.7. Executing PROC_MUX pass (convert decision trees to multiplexers).

5.41.5.8. Executing PROC_DLATCH pass (convert process syncs to latches).

5.41.5.9. Executing PROC_DFF pass (convert process syncs to FFs).

5.41.5.10. Executing PROC_MEMWR pass (convert process memory writes to cells).

5.41.5.11. Executing PROC_CLEAN pass (remove empty switches from decision trees).
Cleaned up 0 empty switches.

5.41.5.12. Executing OPT_EXPR pass (perform const folding).

5.41.6. Executing TECHMAP pass (map to technology primitives).

5.41.6.1. Executing Verilog-2005 frontend: /opt/homebrew/bin/../share/yosys/techmap.v
Parsing Verilog input from `/opt/homebrew/bin/../share/yosys/techmap.v' to AST representation.
Generating RTLIL representation for module `\_90_simplemap_bool_ops'.
Generating RTLIL representation for module `\_90_simplemap_reduce_ops'.
Generating RTLIL representation for module `\_90_simplemap_logic_ops'.
Generating RTLIL representation for module `\_90_simplemap_compare_ops'.
Generating RTLIL representation for module `\_90_simplemap_various'.
Generating RTLIL representation for module `\_90_simplemap_registers'.
Generating RTLIL representation for module `\_90_shift_ops_shr_shl_sshl_sshr'.
Generating RTLIL representation for module `\_90_shift_shiftx'.
Generating RTLIL representation for module `\_90_fa'.
Generating RTLIL representation for module `\_90_lcu_brent_kung'.
Generating RTLIL representation for module `\_90_alu'.
Generating RTLIL representation for module `\_90_macc'.
Generating RTLIL representation for module `\_90_alumacc'.
Generating RTLIL representation for module `\$__div_mod_u'.
Generating RTLIL representation for module `\$__div_mod_trunc'.
Generating RTLIL representation for module `\_90_div'.
Generating RTLIL representation for module `\_90_mod'.
Generating RTLIL representation for module `\$__div_mod_floor'.
Generating RTLIL representation for module `\_90_divfloor'.
Generating RTLIL representation for module `\_90_modfloor'.
Generating RTLIL representation for module `\_90_pow'.
Generating RTLIL representation for module `\_90_pmux'.
Generating RTLIL representation for module `\_90_demux'.
Generating RTLIL representation for module `\_90_lut'.
Successfully finished Verilog frontend.

5.41.6.2. Continuing TECHMAP pass.
No more expansions possible.
<suppressed ~126 debug messages>

5.41.7. Executing OPT pass (performing simple optimizations).

5.41.7.1. Executing OPT_EXPR pass (perform const folding).

5.41.7.2. Executing OPT_MERGE pass (detect identical cells).
Removed a total of 0 cells.

5.41.7.3. Executing OPT_MUXTREE pass (detect dead branches in mux trees).
Removed 0 multiplexer ports.

5.41.7.4. Executing OPT_REDUCE pass (consolidate $*mux and $reduce_* inputs).
Performed a total of 0 changes.

5.41.7.5. Executing OPT_MERGE pass (detect identical cells).
Removed a total of 0 cells.

5.41.7.6. Executing OPT_DFF pass (perform DFF optimizations).

5.41.7.7. Executing OPT_CLEAN pass (remove unused cells and wires).

5.41.7.8. Executing OPT_EXPR pass (perform const folding).

5.41.7.9. Finished OPT passes. (There is nothing left to do.)

5.41.8. Executing TECHMAP pass (map to technology primitives).

5.41.8.1. Executing Verilog-2005 frontend: /opt/homebrew/bin/../share/yosys/abc9_map.v
Parsing Verilog input from `/opt/homebrew/bin/../share/yosys/abc9_map.v' to AST representation.
Successfully finished Verilog frontend.

5.41.8.2. Continuing TECHMAP pass.
No more expansions possible.
<suppressed ~2 debug messages>

5.41.9. Executing Verilog-2005 frontend: /opt/homebrew/bin/../share/yosys/abc9_model.v
Parsing Verilog input from `/opt/homebrew/bin/../share/yosys/abc9_model.v' to AST representation.
Generating RTLIL representation for module `$__ABC9_DELAY'.
Generating RTLIL representation for module `$__ABC9_SCC_BREAKER'.
Generating RTLIL representation for module `$__DFF_N__$abc9_flop'.
Generating RTLIL representation for module `$__DFF_P__$abc9_flop'.
Successfully finished Verilog frontend.

5.41.10. Executing ABC9_OPS pass (helper functions for ABC9).
<suppressed ~678 debug messages>

5.41.11. Executing ABC9_OPS pass (helper functions for ABC9).

5.41.12. Executing ABC9_OPS pass (helper functions for ABC9).
<suppressed ~2 debug messages>

5.41.13. Executing TECHMAP pass (map to technology primitives).

5.41.13.1. Executing Verilog-2005 frontend: /opt/homebrew/bin/../share/yosys/techmap.v
Parsing Verilog input from `/opt/homebrew/bin/../share/yosys/techmap.v' to AST representation.
Generating RTLIL representation for module `\_90_simplemap_bool_ops'.
Generating RTLIL representation for module `\_90_simplemap_reduce_ops'.
Generating RTLIL representation for module `\_90_simplemap_logic_ops'.
Generating RTLIL representation for module `\_90_simplemap_compare_ops'.
Generating RTLIL representation for module `\_90_simplemap_various'.
Generating RTLIL representation for module `\_90_simplemap_registers'.
Generating RTLIL representation for module `\_90_shift_ops_shr_shl_sshl_sshr'.
Generating RTLIL representation for module `\_90_shift_shiftx'.
Generating RTLIL representation for module `\_90_fa'.
Generating RTLIL representation for module `\_90_lcu_brent_kung'.
Generating RTLIL representation for module `\_90_alu'.
Generating RTLIL representation for module `\_90_macc'.
Generating RTLIL representation for module `\_90_alumacc'.
Generating RTLIL representation for module `\$__div_mod_u'.
Generating RTLIL representation for module `\$__div_mod_trunc'.
Generating RTLIL representation for module `\_90_div'.
Generating RTLIL representation for module `\_90_mod'.
Generating RTLIL representation for module `\$__div_mod_floor'.
Generating RTLIL representation for module `\_90_divfloor'.
Generating RTLIL representation for module `\_90_modfloor'.
Generating RTLIL representation for module `\_90_pow'.
Generating RTLIL representation for module `\_90_pmux'.
Generating RTLIL representation for module `\_90_demux'.
Generating RTLIL representation for module `\_90_lut'.
Successfully finished Verilog frontend.

5.41.13.2. Continuing TECHMAP pass.
Using template $paramod$__ICE40_CARRY_WRAPPER\LUT=16'0110100110010110\I3_IS_CI=1'1 for cells of type $paramod$__ICE40_CARRY_WRAPPER\LUT=16'0110100110010110\I3_IS_CI=1'1.
Using template $paramod\SB_LUT4\LUT_INIT=16'0110100110010110 for cells of type SB_LUT4.
Using template SB_CARRY for cells of type SB_CARRY.
Using extmapper simplemap for cells of type $logic_and.
Using extmapper simplemap for cells of type $logic_or.
Using extmapper simplemap for cells of type $mux.
No more expansions possible.
<suppressed ~147 debug messages>

5.41.14. Executing OPT pass (performing simple optimizations).

5.41.14.1. Executing OPT_EXPR pass (perform const folding).
Optimizing module conv1d_large_benchmark_top.
<suppressed ~4 debug messages>

5.41.14.2. Executing OPT_MERGE pass (detect identical cells).
Finding identical cells in module `\conv1d_large_benchmark_top'.
<suppressed ~29 debug messages>
Removed a total of 12 cells.

5.41.14.3. Executing OPT_MUXTREE pass (detect dead branches in mux trees).
Running muxtree optimizer on module \conv1d_large_benchmark_top..
  Creating internal representation of mux trees.
  No muxes found in this module.
Removed 0 multiplexer ports.

5.41.14.4. Executing OPT_REDUCE pass (consolidate $*mux and $reduce_* inputs).
  Optimizing cells in module \conv1d_large_benchmark_top.
Performed a total of 0 changes.

5.41.14.5. Executing OPT_MERGE pass (detect identical cells).
Finding identical cells in module `\conv1d_large_benchmark_top'.
Removed a total of 0 cells.

5.41.14.6. Executing OPT_DFF pass (perform DFF optimizations).

5.41.14.7. Executing OPT_CLEAN pass (remove unused cells and wires).
Finding unused cells or wires in module \conv1d_large_benchmark_top..
Removed 0 unused cells and 24 unused wires.
<suppressed ~1 debug messages>

5.41.14.8. Executing OPT_EXPR pass (perform const folding).
Optimizing module conv1d_large_benchmark_top.

5.41.14.9. Rerunning OPT passes. (Maybe there is more to do..)

5.41.14.10. Executing OPT_MUXTREE pass (detect dead branches in mux trees).
Running muxtree optimizer on module \conv1d_large_benchmark_top..
  Creating internal representation of mux trees.
  No muxes found in this module.
Removed 0 multiplexer ports.

5.41.14.11. Executing OPT_REDUCE pass (consolidate $*mux and $reduce_* inputs).
  Optimizing cells in module \conv1d_large_benchmark_top.
Performed a total of 0 changes.

5.41.14.12. Executing OPT_MERGE pass (detect identical cells).
Finding identical cells in module `\conv1d_large_benchmark_top'.
Removed a total of 0 cells.

5.41.14.13. Executing OPT_DFF pass (perform DFF optimizations).

5.41.14.14. Executing OPT_CLEAN pass (remove unused cells and wires).
Finding unused cells or wires in module \conv1d_large_benchmark_top..

5.41.14.15. Executing OPT_EXPR pass (perform const folding).
Optimizing module conv1d_large_benchmark_top.

5.41.14.16. Finished OPT passes. (There is nothing left to do.)

5.41.15. Executing AIGMAP pass (map logic to AIG).
Module conv1d_large_benchmark_top: replaced 7 cells with 43 new cells, skipped 11 cells.
  replaced 2 cell types:
       2 $_OR_
       5 $_MUX_
  not replaced 3 cell types:
       8 $specify2
       1 $_NOT_
       2 $_AND_

5.41.16. Executing AIGMAP pass (map logic to AIG).
Module conv1d_large_benchmark_top: replaced 800 cells with 4142 new cells, skipped 1711 cells.
  replaced 3 cell types:
     486 $_OR_
     305 $_XOR_
       9 $_MUX_
  not replaced 8 cell types:
       2 $scopeinfo
      53 $_NOT_
     598 $_AND_
       2 SB_DFFSR
     336 SB_DFFESR
      44 $paramod$__ICE40_CARRY_WRAPPER\LUT=16'0110100110010110\I3_IS_CI=1'1
     338 $paramod$__ABC9_DELAY\DELAY=32'00000000000000000000000011001011
     338 $paramod$__ABC9_DELAY\DELAY=32'00000000000000000000000000010101

5.41.16.1. Executing ABC9_OPS pass (helper functions for ABC9).

5.41.16.2. Executing ABC9_OPS pass (helper functions for ABC9).

5.41.16.3. Executing XAIGER backend.
<suppressed ~349 debug messages>
Extracted 2026 AND gates and 5947 wires from module `conv1d_large_benchmark_top' to a netlist network with 349 inputs and 714 outputs.

5.41.16.4. Executing ABC9_EXE pass (technology mapping using ABC9).

5.41.16.5. Executing ABC9.
Running ABC command: "<yosys-exe-dir>/yosys-abc" -s -f <abc-temp-dir>/abc.script 2>&1
ABC: ABC command line: "source <abc-temp-dir>/abc.script".
ABC: 
ABC: + read_lut <abc-temp-dir>/input.lut 
ABC: + read_box <abc-temp-dir>/input.box 
ABC: + &read <abc-temp-dir>/input.xaig 
ABC: + &ps 
ABC: <abc-temp-dir>/input : i/o =    349/    714  and =    1729  lev =   30 (1.24)  mem = 0.06 MB  box = 720  bb = 676
ABC: + &scorr 
ABC: Warning: The network is combinational.
ABC: + &sweep 
ABC: + &dc2 
ABC: + &dch -f 
ABC: + &ps 
ABC: <abc-temp-dir>/input : i/o =    349/    714  and =    2067  lev =   28 (1.01)  mem = 0.07 MB  ch =   65  box = 720  bb = 676
ABC: + &if -W 250 -v 
ABC: K = 4. Memory (bytes): Truth =    0. Cut =   52. Obj =  136. Set =  564. CutMin = no
ABC: Node =    2067.  Ch =    55.  Total mem =    0.69 MB. Peak cut mem =    0.06 MB.
ABC: P:  Del = 10142.00.  Ar =     777.0.  Edge =     2940.  Cut =    16316.  T =     0.00 sec
ABC: P:  Del = 10142.00.  Ar =     790.0.  Edge =     3030.  Cut =    15965.  T =     0.00 sec
ABC: P:  Del = 10142.00.  Ar =     782.0.  Edge =     2740.  Cut =    18087.  T =     0.00 sec
ABC: F:  Del = 10142.00.  Ar =     714.0.  Edge =     2564.  Cut =    12028.  T =     0.00 sec
ABC: A:  Del = 10142.00.  Ar =     669.0.  Edge =     2275.  Cut =    11998.  T =     0.00 sec
ABC: A:  Del = 10142.00.  Ar =     669.0.  Edge =     2269.  Cut =    12047.  T =     0.00 sec
ABC: Total time =     0.01 sec
ABC: + &write -n <abc-temp-dir>/output.aig 
ABC: + &mfs 
ABC: + &ps -l 
ABC: <abc-temp-dir>/input : i/o =    349/    714  and =    2683  lev =   29 (1.01)  mem = 0.07 MB  box = 720  bb = 676
ABC: Mapping (K=4)  :  lut =    616  edge =    2018  lev =   11 (0.44)  Boxes are not in a topological order. Switching to level computation without boxes.
ABC: levB =   29  mem = 0.03 MB
ABC: LUT = 616 : 2=130 21.1 %  3=186 30.2 %  4=300 48.7 %  Ave = 3.28
ABC: + &write -n <abc-temp-dir>/output.aig 
ABC: + time 
ABC: elapse: 2.83 seconds, total: 2.83 seconds

5.41.16.6. Executing AIGER frontend.
<suppressed ~2138 debug messages>
Removed 4139 unused cells and 6863 unused wires.

5.41.16.7. Executing ABC9_OPS pass (helper functions for ABC9).
ABC RESULTS:              $lut cells:      618
ABC RESULTS:   $paramod$__ICE40_CARRY_WRAPPER\LUT=16'0110100110010110\I3_IS_CI=1'1 cells:       44
ABC RESULTS:           input signals:       39
ABC RESULTS:          output signals:      683
Removing temp directory.

5.41.17. Executing TECHMAP pass (map to technology primitives).

5.41.17.1. Executing Verilog-2005 frontend: /opt/homebrew/bin/../share/yosys/abc9_unmap.v
Parsing Verilog input from `/opt/homebrew/bin/../share/yosys/abc9_unmap.v' to AST representation.
Generating RTLIL representation for module `\$__DFF_x__$abc9_flop'.
Generating RTLIL representation for module `\$__ABC9_SCC_BREAKER'.
Successfully finished Verilog frontend.

5.41.17.2. Continuing TECHMAP pass.
Using template $paramod$__ICE40_CARRY_WRAPPER\LUT=16'0110100110010110\I3_IS_CI=1'1 for cells of type $paramod$__ICE40_CARRY_WRAPPER\LUT=16'0110100110010110\I3_IS_CI=1'1.
No more expansions possible.
<suppressed ~50 debug messages>

5.42. Executing ICE40_WRAPCARRY pass (wrap carries).

5.43. Executing TECHMAP pass (map to technology primitives).

5.43.1. Executing Verilog-2005 frontend: /opt/homebrew/bin/../share/yosys/ice40/ff_map.v
Parsing Verilog input from `/opt/homebrew/bin/../share/yosys/ice40/ff_map.v' to AST representation.
Generating RTLIL representation for module `\$_DFF_N_'.
Generating RTLIL representation for module `\$_DFF_P_'.
Generating RTLIL representation for module `\$_DFFE_NP_'.
Generating RTLIL representation for module `\$_DFFE_PP_'.
Generating RTLIL representation for module `\$_DFF_NP0_'.
Generating RTLIL representation for module `\$_DFF_NP1_'.
Generating RTLIL representation for module `\$_DFF_PP0_'.
Generating RTLIL representation for module `\$_DFF_PP1_'.
Generating RTLIL representation for module `\$_DFFE_NP0P_'.
Generating RTLIL representation for module `\$_DFFE_NP1P_'.
Generating RTLIL representation for module `\$_DFFE_PP0P_'.
Generating RTLIL representation for module `\$_DFFE_PP1P_'.
Generating RTLIL representation for module `\$_SDFF_NP0_'.
Generating RTLIL representation for module `\$_SDFF_NP1_'.
Generating RTLIL representation for module `\$_SDFF_PP0_'.
Generating RTLIL representation for module `\$_SDFF_PP1_'.
Generating RTLIL representation for module `\$_SDFFCE_NP0P_'.
Generating RTLIL representation for module `\$_SDFFCE_NP1P_'.
Generating RTLIL representation for module `\$_SDFFCE_PP0P_'.
Generating RTLIL representation for module `\$_SDFFCE_PP1P_'.
Successfully finished Verilog frontend.

5.43.2. Continuing TECHMAP pass.
No more expansions possible.
<suppressed ~22 debug messages>
Removed 41 unused cells and 6413 unused wires.

5.44. Executing OPT_LUT pass (optimize LUTs).
Discovering LUTs.
Number of LUTs:      662
  1-LUT                2
  2-LUT              131
  3-LUT              229
  4-LUT              300
  with \SB_CARRY    (#0)   42
  with \SB_CARRY    (#1)   42

Eliminating LUTs.
Number of LUTs:      662
  1-LUT                2
  2-LUT              131
  3-LUT              229
  4-LUT              300
  with \SB_CARRY    (#0)   42
  with \SB_CARRY    (#1)   42

Combining LUTs.
Number of LUTs:      660
  1-LUT                2
  2-LUT              129
  3-LUT              227
  4-LUT              302
  with \SB_CARRY    (#0)   42
  with \SB_CARRY    (#1)   42

Eliminated 0 LUTs.
Combined 2 LUTs.
<suppressed ~2959 debug messages>

5.45. Executing TECHMAP pass (map to technology primitives).

5.45.1. Executing Verilog-2005 frontend: /opt/homebrew/bin/../share/yosys/ice40/cells_map.v
Parsing Verilog input from `/opt/homebrew/bin/../share/yosys/ice40/cells_map.v' to AST representation.
Generating RTLIL representation for module `\$lut'.
Successfully finished Verilog frontend.

5.45.2. Continuing TECHMAP pass.
Using template $paramod\$lut\WIDTH=32'00000000000000000000000000000010\LUT=4'0010 for cells of type $lut.
Using template $paramod\$lut\WIDTH=32'00000000000000000000000000000011\LUT=8'00000010 for cells of type $lut.
Using template $paramod\$lut\WIDTH=32'00000000000000000000000000000011\LUT=8'10000000 for cells of type $lut.
Using template $paramod\$lut\WIDTH=32'00000000000000000000000000000010\LUT=4'1000 for cells of type $lut.
Using template $paramod\$lut\WIDTH=32'00000000000000000000000000000010\LUT=4'0100 for cells of type $lut.
Using template $paramod$364c9ffbffac467d60dfec81bba4e18476c15602\$lut for cells of type $lut.
Using template $paramod\$lut\WIDTH=32'00000000000000000000000000000010\LUT=4'0001 for cells of type $lut.
Using template $paramod\$lut\WIDTH=32'00000000000000000000000000000011\LUT=8'00000001 for cells of type $lut.
Using template $paramod$6d6beead1425af15cf78b27fd9b11b41b5d4bce8\$lut for cells of type $lut.
Using template $paramod$873c285bdccf0ac2b60d2304ea5cd14bf211d2a6\$lut for cells of type $lut.
Using template $paramod$571404c0889eaf57f492cb5e37f8acb5df5852f9\$lut for cells of type $lut.
Using template $paramod$f8f63b209b7230e81958663ff24fef1613156af7\$lut for cells of type $lut.
Using template $paramod$6e238df02989b317f10820a22773676e71120644\$lut for cells of type $lut.
Using template $paramod\$lut\WIDTH=32'00000000000000000000000000000011\LUT=8'01000000 for cells of type $lut.
Using template $paramod$47a8214374025465e226fa66bee690ff33268a25\$lut for cells of type $lut.
Using template $paramod$272652f6c6fbe9a75eff76e45cc7e2788835518b\$lut for cells of type $lut.
Using template $paramod\$lut\WIDTH=32'00000000000000000000000000000011\LUT=8'00100000 for cells of type $lut.
Using template $paramod$c28a8b7ce0535d090c4cfb52e9c74affd52b110c\$lut for cells of type $lut.
Using template $paramod$30305e55a780880b9c824fe3509a4d981acb0f2b\$lut for cells of type $lut.
Using template $paramod$c1a19a87ccbbb03d43a72335db63f692ddf82cc1\$lut for cells of type $lut.
Using template $paramod$8b24407096beec47292ddeb1567a058197a320b9\$lut for cells of type $lut.
Using template $paramod\$lut\WIDTH=32'00000000000000000000000000000011\LUT=8'00010000 for cells of type $lut.
Using template $paramod$658b9ed803f0d3d335616d3858b53e0a2522f1e8\$lut for cells of type $lut.
Using template $paramod$e51a8a571bee774247b38f52d6e85fd62ae52cea\$lut for cells of type $lut.
Using template $paramod$66caeb00a39d236782a97659e3bd99621b74681b\$lut for cells of type $lut.
Using template $paramod$e9f71582696849081fb79e4580214a5c109ded04\$lut for cells of type $lut.
Using template $paramod\$lut\WIDTH=32'00000000000000000000000000000010\LUT=4'1001 for cells of type $lut.
Using template $paramod\$lut\WIDTH=32'00000000000000000000000000000011\LUT=8'10100011 for cells of type $lut.
Using template $paramod\$lut\WIDTH=32'00000000000000000000000000000011\LUT=8'01110000 for cells of type $lut.
Using template $paramod$179512a187da069f3b79ef6612a41e494e7d54b6\$lut for cells of type $lut.
Using template $paramod\$lut\WIDTH=32'00000000000000000000000000000011\LUT=8'00000111 for cells of type $lut.
Using template $paramod$dc8eb389b2fc3ec6a78d93ff9b548b7fd27b6950\$lut for cells of type $lut.
Using template $paramod\$lut\WIDTH=32'00000000000000000000000000000011\LUT=8'11101000 for cells of type $lut.
Using template $paramod\$lut\WIDTH=32'00000000000000000000000000000011\LUT=8'10010110 for cells of type $lut.
Using template $paramod\$lut\WIDTH=32'00000000000000000000000000000011\LUT=8'10001110 for cells of type $lut.
Using template $paramod\$lut\WIDTH=32'00000000000000000000000000000011\LUT=8'10110010 for cells of type $lut.
Using template $paramod$f6470d2922644dfddf4d3b6031decef3dbd73dd6\$lut for cells of type $lut.
Using template $paramod\$lut\WIDTH=32'00000000000000000000000000000010\LUT=4'0110 for cells of type $lut.
Using template $paramod$8bea32620e41759e16422af94a27c49c90aa5034\$lut for cells of type $lut.
Using template $paramod$fe1ea12c4944fc46c2b9beaa3b340a23ddc59b41\$lut for cells of type $lut.
Using template $paramod$fd904e9e35cfd343a9df248824bd3f1408724879\$lut for cells of type $lut.
Using template $paramod$a59507d273cd827eb6c46c37820d50a1b717efdf\$lut for cells of type $lut.
Using template $paramod\$lut\WIDTH=32'00000000000000000000000000000011\LUT=8'10110101 for cells of type $lut.
Using template $paramod$d6ca727e39f31d51d29072e0f33aa09c65e37336\$lut for cells of type $lut.
Using template $paramod\$lut\WIDTH=32'00000000000000000000000000000011\LUT=8'11100001 for cells of type $lut.
Using template $paramod$20235ca863361fbc253329cfc7eeea38c77404dc\$lut for cells of type $lut.
Using template $paramod$75d5c453cca75cc7a7ca320c4fb7be0932b6aaa7\$lut for cells of type $lut.
Using template $paramod\$lut\WIDTH=32'00000000000000000000000000000011\LUT=8'00101010 for cells of type $lut.
Using template $paramod$8e44661def013b6bf9fe6f8b049ef2c838d749f9\$lut for cells of type $lut.
Using template $paramod$4282def8dbd6df3d1248ad282c629bee684502c2\$lut for cells of type $lut.
Using template $paramod$11ec7271d8e6e5aeaace08c13e4c601f10e31038\$lut for cells of type $lut.
Using template $paramod$bd7578d8ce3e2437ea907b1d5f654d907114be68\$lut for cells of type $lut.
Using template $paramod\$lut\WIDTH=32'00000000000000000000000000000011\LUT=8'00101101 for cells of type $lut.
Using template $paramod$5829f5d2a4c5757263ee6385c6142d3c7cf9e5be\$lut for cells of type $lut.
Using template $paramod\$lut\WIDTH=32'00000000000000000000000000000011\LUT=8'01101001 for cells of type $lut.
Using template $paramod$ab2205900027be51d9458e56fc4d090728acb6cf\$lut for cells of type $lut.
Using template $paramod\$lut\WIDTH=32'00000000000000000000000000000011\LUT=8'00110110 for cells of type $lut.
Using template $paramod$a41d0e3b97911dca5b893a7d849ab04257ab9d97\$lut for cells of type $lut.
Using template $paramod$0d6e3afd4225413c0e953b9459bc1aeb0629f6aa\$lut for cells of type $lut.
Using template $paramod$111f8c0bfad19fd2eab2ccc44f00d5beb136fc1a\$lut for cells of type $lut.
Using template $paramod\$lut\WIDTH=32'00000000000000000000000000000011\LUT=8'00111101 for cells of type $lut.
Using template $paramod$b97a75c363937d67b0a35a55c64d58d4a590e09b\$lut for cells of type $lut.
Using template $paramod\$lut\WIDTH=32'00000000000000000000000000000011\LUT=8'00101011 for cells of type $lut.
Using template $paramod$4f1bcbe11a1b33991deaceb473e010a2e7751bcf\$lut for cells of type $lut.
Using template $paramod\$lut\WIDTH=32'00000000000000000000000000000011\LUT=8'11001010 for cells of type $lut.
Using template $paramod$c67ff654dfa9062d61db52bd013fb1271e5b9a9b\$lut for cells of type $lut.
Using template $paramod\$lut\WIDTH=32'00000000000000000000000000000011\LUT=8'11001000 for cells of type $lut.
Using template $paramod$000290efbc3dbac8abe56ff1b01bbede20e5652e\$lut for cells of type $lut.
Using template $paramod$f1029f646005abda698426a043a7c8fe4e2bd078\$lut for cells of type $lut.
Using template $paramod$74db7ebdc203ab2b8e34f5d81b5d1b49c6ee3ec6\$lut for cells of type $lut.
Using template $paramod$15942ac7be0dd725beac7480dcc74ee28533af66\$lut for cells of type $lut.
Using template $paramod\$lut\WIDTH=32'00000000000000000000000000000011\LUT=8'10010101 for cells of type $lut.
Using template $paramod\$lut\WIDTH=32'00000000000000000000000000000011\LUT=8'01110001 for cells of type $lut.
Using template $paramod$373ccf8191d7dae961959b50f0b15853949a7d57\$lut for cells of type $lut.
Using template $paramod$a63d84c9dd26caf4e75c7cc2f6f70f64a5b14aa1\$lut for cells of type $lut.
Using template $paramod$ee55d4d1d1d7325f58dbdbfce0ec75c463d4291c\$lut for cells of type $lut.
Using template $paramod$239a649c3c5dcff42e28a38401931acf401ef810\$lut for cells of type $lut.
Using template $paramod\$lut\WIDTH=32'00000000000000000000000000000011\LUT=8'00010111 for cells of type $lut.
Using template $paramod$49a48ea861a32e79fb34f6a8d9056f27f84d2732\$lut for cells of type $lut.
Using template $paramod$cfac6e56b6663404cdb65befc436ed5a71bdfbf0\$lut for cells of type $lut.
Using template $paramod$acf49cb7bd2805dee4b4ebb218aa5924b1be7704\$lut for cells of type $lut.
Using template $paramod\$lut\WIDTH=32'00000000000000000000000000000011\LUT=8'11010100 for cells of type $lut.
Using template $paramod$d6b00b06719051e8e0d21d321c25f50651e7dd46\$lut for cells of type $lut.
Using template $paramod$51adb1afea57a9560b9534400e9af12cb2df0ba0\$lut for cells of type $lut.
Using template $paramod$0e3b92163337f2e219624ed5cc4f8fbb4537d621\$lut for cells of type $lut.
Using template $paramod$519b6e2dbfd66920b2d4aeae7cc975bcfc27990a\$lut for cells of type $lut.
Using template $paramod$868427562418b5dc988caeac6a54689ec9c9025e\$lut for cells of type $lut.
Using template $paramod$8466aae7f3132f822e70bbd8738850d820750479\$lut for cells of type $lut.
Using template $paramod$7996097aa7e74872f48a5ea7d10d2b685895e6b4\$lut for cells of type $lut.
Using template $paramod$4e309f6669eadcfa589d4ae302672e3a030a20a5\$lut for cells of type $lut.
Using template $paramod$9798dc7b835de63a1443e7bcdee66539bde35d8f\$lut for cells of type $lut.
Using template $paramod\$lut\WIDTH=32'00000000000000000000000000000011\LUT=8'00101000 for cells of type $lut.
Using template $paramod$7f0c33ebaba0ede46854143fc6bff56677faafba\$lut for cells of type $lut.
Using template $paramod$44c6e72b8b9fd45a13a1c0d9a081c38b5c08eabf\$lut for cells of type $lut.
Using template $paramod$6c15da6150ce36eeff7fb8c09f7ef22f5448d679\$lut for cells of type $lut.
Using template $paramod$fd24ba8adbaf0b75005db1aa455afcfc2d436527\$lut for cells of type $lut.
Using template $paramod$05e1a45a09369190ff0f0c7b9b8dfa3a31ac93c1\$lut for cells of type $lut.
Using template $paramod$c6705c2d9a5ca1e5236b47844e83005fc173deff\$lut for cells of type $lut.
Using template $paramod\$lut\WIDTH=32'00000000000000000000000000000011\LUT=8'00010100 for cells of type $lut.
Using template $paramod$0d512cb508d8fbe017591720bd46a2fa014bceb1\$lut for cells of type $lut.
Using template $paramod$3a0b4cdedfd1d4a50b6128c5b34eaf4295ec8865\$lut for cells of type $lut.
Using template $paramod$a7defd4f918862a5b442f9ecbddab049665c36c4\$lut for cells of type $lut.
Using template $paramod\$lut\WIDTH=32'00000000000000000000000000000011\LUT=8'10011010 for cells of type $lut.
Using template $paramod$3fd12db03aeee29b04c450792ea328ef1bb1f18d\$lut for cells of type $lut.
Using template $paramod$8c8f9849b706a41c3d0c3a7dba859bcfc04ec2a4\$lut for cells of type $lut.
Using template $paramod\$lut\WIDTH=32'00000000000000000000000000000011\LUT=8'10000100 for cells of type $lut.
Using template $paramod$480632dc6f7c037df6062cf8bf88300b5262c395\$lut for cells of type $lut.
Using template $paramod$b009a0fae8aa5fc053a3b4418ccbf60a5eb404de\$lut for cells of type $lut.
Using template $paramod$b6cd272390f4954c4f063cbe220872c754a68ba4\$lut for cells of type $lut.
Using template $paramod$729aa850e969bb9bb1c205734876853e142656d4\$lut for cells of type $lut.
Using template $paramod\$lut\WIDTH=32'00000000000000000000000000000011\LUT=8'10010000 for cells of type $lut.
Using template $paramod\$lut\WIDTH=32'00000000000000000000000000000011\LUT=8'00001110 for cells of type $lut.
Using template $paramod$4609d6170df9df51ab903023a98ef7fe930e70d9\$lut for cells of type $lut.
Using template $paramod\$lut\WIDTH=32'00000000000000000000000000000011\LUT=8'11001110 for cells of type $lut.
Using template $paramod\$lut\WIDTH=32'00000000000000000000000000000010\LUT=4'1101 for cells of type $lut.
Using template $paramod\$lut\WIDTH=32'00000000000000000000000000000010\LUT=4'1110 for cells of type $lut.
Using template $paramod\$lut\WIDTH=32'00000000000000000000000000000011\LUT=8'11111110 for cells of type $lut.
Using template $paramod\$lut\WIDTH=32'00000000000000000000000000000001\LUT=2'01 for cells of type $lut.
No more expansions possible.
<suppressed ~2197 debug messages>
Removed 0 unused cells and 1667 unused wires.

5.46. Executing AUTONAME pass.
Renamed 13879 objects in module conv1d_large_benchmark_top (62 iterations).
<suppressed ~1396 debug messages>

5.47. Executing HIERARCHY pass (managing design hierarchy).

5.47.1. Analyzing design hierarchy..
Top module:  \conv1d_large_benchmark_top

5.47.2. Analyzing design hierarchy..
Top module:  \conv1d_large_benchmark_top
Removed 0 unused modules.

5.48. Printing statistics.

=== conv1d_large_benchmark_top ===

   Number of wires:                443
   Number of wire bits:           1665
   Number of public wires:         443
   Number of public wire bits:    1665
   Number of ports:                  7
   Number of port bits:             45
   Number of memories:               0
   Number of memory bits:            0
   Number of processes:              0
   Number of cells:               1042
     $scopeinfo                      2
     SB_CARRY                       42
     SB_DFFESR                     336
     SB_DFFSR                        2
     SB_LUT4                       660

5.49. Executing CHECK pass (checking for obvious problems).
Checking module conv1d_large_benchmark_top...
Found and reported 0 problems.

5.50. Executing JSON backend.

Warnings: 2 unique messages, 4 total
End of script. Logfile hash: befc2b6333, CPU: user 1.33s system 0.02s
Yosys 0.42 (git sha1 9b6afcf3f, clang++ 15.0.0 -fPIC -Os)
Time spent: 67% 1x abc9_exe (2 sec), 10% 23x read_verilog (0 sec), ...
