
 /----------------------------------------------------------------------------\
 |  yosys -- Yosys Open SYnthesis Suite                                       |
 |  Copyright (C) 2012 - 2024  Claire Xenia Wolf <claire@yosyshq.com>         |
 |  Distributed under an ISC-like license, type "license" to see terms        |
 \----------------------------------------------------------------------------/
 Yosys 0.42 (git sha1 9b6afcf3f, clang++ 15.0.0 -fPIC -Os)

-- Running command `read_verilog "/Users/adarmaori/Desktop/Final Project/FPGA/conv1d_parallel_pipelined.v" "engine_reports/conv1d_parallel_pipelined/conv1d_engine.v" "tcn_layer_basic.v" "tcn_network_basic.v"; synth_ice40 -top tcn_network_basic -json engine_reports/conv1d_parallel_pipelined/network.json' --

1. Executing Verilog-2005 frontend: /Users/adarmaori/Desktop/Final Project/FPGA/conv1d_parallel_pipelined.v
Parsing Verilog input from `/Users/adarmaori/Desktop/Final Project/FPGA/conv1d_parallel_pipelined.v' to AST representation.
Generating RTLIL representation for module `\conv1d_parallel_pipelined'.
Warning: Replacing memory \history with list of registers. See /Users/adarmaori/Desktop/Final$20Project/FPGA/conv1d_parallel_pipelined.v:47
Successfully finished Verilog frontend.

2. Executing Verilog-2005 frontend: engine_reports/conv1d_parallel_pipelined/conv1d_engine.v
Parsing Verilog input from `engine_reports/conv1d_parallel_pipelined/conv1d_engine.v' to AST representation.
Generating RTLIL representation for module `\conv1d_engine'.
Successfully finished Verilog frontend.

3. Executing Verilog-2005 frontend: tcn_layer_basic.v
Parsing Verilog input from `tcn_layer_basic.v' to AST representation.
Generating RTLIL representation for module `\tcn_layer_basic'.
Successfully finished Verilog frontend.

4. Executing Verilog-2005 frontend: tcn_network_basic.v
Parsing Verilog input from `tcn_network_basic.v' to AST representation.
Generating RTLIL representation for module `\tcn_network_basic'.
Successfully finished Verilog frontend.

5. Executing SYNTH_ICE40 pass.

5.1. Executing Verilog-2005 frontend: /opt/homebrew/bin/../share/yosys/ice40/cells_sim.v
Parsing Verilog input from `/opt/homebrew/bin/../share/yosys/ice40/cells_sim.v' to AST representation.
Generating RTLIL representation for module `\SB_IO'.
Generating RTLIL representation for module `\SB_GB_IO'.
Generating RTLIL representation for module `\SB_GB'.
Generating RTLIL representation for module `\SB_LUT4'.
Generating RTLIL representation for module `\SB_CARRY'.
Generating RTLIL representation for module `\SB_DFF'.
Generating RTLIL representation for module `\SB_DFFE'.
Generating RTLIL representation for module `\SB_DFFSR'.
Generating RTLIL representation for module `\SB_DFFR'.
Generating RTLIL representation for module `\SB_DFFSS'.
Generating RTLIL representation for module `\SB_DFFS'.
Generating RTLIL representation for module `\SB_DFFESR'.
Generating RTLIL representation for module `\SB_DFFER'.
Generating RTLIL representation for module `\SB_DFFESS'.
Generating RTLIL representation for module `\SB_DFFES'.
Generating RTLIL representation for module `\SB_DFFN'.
Generating RTLIL representation for module `\SB_DFFNE'.
Generating RTLIL representation for module `\SB_DFFNSR'.
Generating RTLIL representation for module `\SB_DFFNR'.
Generating RTLIL representation for module `\SB_DFFNSS'.
Generating RTLIL representation for module `\SB_DFFNS'.
Generating RTLIL representation for module `\SB_DFFNESR'.
Generating RTLIL representation for module `\SB_DFFNER'.
Generating RTLIL representation for module `\SB_DFFNESS'.
Generating RTLIL representation for module `\SB_DFFNES'.
Generating RTLIL representation for module `\SB_RAM40_4K'.
Generating RTLIL representation for module `\SB_RAM40_4KNR'.
Generating RTLIL representation for module `\SB_RAM40_4KNW'.
Generating RTLIL representation for module `\SB_RAM40_4KNRNW'.
Generating RTLIL representation for module `\ICESTORM_LC'.
Generating RTLIL representation for module `\SB_PLL40_CORE'.
Generating RTLIL representation for module `\SB_PLL40_PAD'.
Generating RTLIL representation for module `\SB_PLL40_2_PAD'.
Generating RTLIL representation for module `\SB_PLL40_2F_CORE'.
Generating RTLIL representation for module `\SB_PLL40_2F_PAD'.
Generating RTLIL representation for module `\SB_WARMBOOT'.
Generating RTLIL representation for module `\SB_SPRAM256KA'.
Generating RTLIL representation for module `\SB_HFOSC'.
Generating RTLIL representation for module `\SB_LFOSC'.
Generating RTLIL representation for module `\SB_RGBA_DRV'.
Generating RTLIL representation for module `\SB_LED_DRV_CUR'.
Generating RTLIL representation for module `\SB_RGB_DRV'.
Generating RTLIL representation for module `\SB_I2C'.
Generating RTLIL representation for module `\SB_SPI'.
Generating RTLIL representation for module `\SB_LEDDA_IP'.
Generating RTLIL representation for module `\SB_FILTER_50NS'.
Generating RTLIL representation for module `\SB_IO_I3C'.
Generating RTLIL representation for module `\SB_IO_OD'.
Generating RTLIL representation for module `\SB_MAC16'.
Generating RTLIL representation for module `\ICESTORM_RAM'.
Successfully finished Verilog frontend.

5.2. Executing HIERARCHY pass (managing design hierarchy).

5.2.1. Analyzing design hierarchy..
Top module:  \tcn_network_basic
Used module:     \tcn_layer_basic
Used module:         \conv1d_engine
Used module:             \conv1d_parallel_pipelined
Parameter \SAMPLE_WIDTH = 8
Parameter \WEIGHT_WIDTH = 8
Parameter \ACC_WIDTH = 32
Parameter \DILATION = 1
Parameter \W0 = 8'00000010
Parameter \W1 = 8'11111111
Parameter \W2 = 8'00000011
Parameter \W3 = 8'00000000
Parameter \W4 = 8'00000001
Parameter \BIAS = 0

5.2.2. Executing AST frontend in derive mode using pre-parsed AST for module `\conv1d_parallel_pipelined'.
Parameter \SAMPLE_WIDTH = 8
Parameter \WEIGHT_WIDTH = 8
Parameter \ACC_WIDTH = 32
Parameter \DILATION = 1
Parameter \W0 = 8'00000010
Parameter \W1 = 8'11111111
Parameter \W2 = 8'00000011
Parameter \W3 = 8'00000000
Parameter \W4 = 8'00000001
Parameter \BIAS = 0
Generating RTLIL representation for module `$paramod$7ad9c66ce0eed50cfb1f5317be780c21f7f955a9\conv1d_parallel_pipelined'.
Warning: Replacing memory \history with list of registers. See /Users/adarmaori/Desktop/Final$20Project/FPGA/conv1d_parallel_pipelined.v:47
Parameter \SAMPLE_WIDTH = 8
Parameter \WEIGHT_WIDTH = 8
Parameter \ACC_WIDTH = 32
Parameter \DILATION = 1
Parameter \W0 = 8'00000010
Parameter \W1 = 8'11111111
Parameter \W2 = 8'00000011
Parameter \W3 = 8'00000000
Parameter \W4 = 8'00000001
Parameter \BIAS = 0

5.2.3. Executing AST frontend in derive mode using pre-parsed AST for module `\conv1d_engine'.
Parameter \SAMPLE_WIDTH = 8
Parameter \WEIGHT_WIDTH = 8
Parameter \ACC_WIDTH = 32
Parameter \DILATION = 1
Parameter \W0 = 8'00000010
Parameter \W1 = 8'11111111
Parameter \W2 = 8'00000011
Parameter \W3 = 8'00000000
Parameter \W4 = 8'00000001
Parameter \BIAS = 0
Generating RTLIL representation for module `$paramod$7ad9c66ce0eed50cfb1f5317be780c21f7f955a9\conv1d_engine'.
Parameter \SAMPLE_WIDTH = 8
Parameter \WEIGHT_WIDTH = 8
Parameter \ACC_WIDTH = 32
Parameter \DILATION = 1
Parameter \OUTPUT_SHIFT = 0
Parameter \USE_RELU = 0
Parameter \W0 = 8'00000001
Parameter \W1 = 8'00000000
Parameter \W2 = 8'00000000
Parameter \W3 = 8'00000000
Parameter \W4 = 8'00000000
Parameter \BIAS = 0

5.2.4. Executing AST frontend in derive mode using pre-parsed AST for module `\tcn_layer_basic'.
Parameter \SAMPLE_WIDTH = 8
Parameter \WEIGHT_WIDTH = 8
Parameter \ACC_WIDTH = 32
Parameter \DILATION = 1
Parameter \OUTPUT_SHIFT = 0
Parameter \USE_RELU = 0
Parameter \W0 = 8'00000001
Parameter \W1 = 8'00000000
Parameter \W2 = 8'00000000
Parameter \W3 = 8'00000000
Parameter \W4 = 8'00000000
Parameter \BIAS = 0
Generating RTLIL representation for module `$paramod$7328b9b22ec1a331cb1c0a2531de4854f8687c93\tcn_layer_basic'.
Parameter \SAMPLE_WIDTH = 8
Parameter \WEIGHT_WIDTH = 8
Parameter \ACC_WIDTH = 32
Parameter \DILATION = 2
Parameter \OUTPUT_SHIFT = 0
Parameter \USE_RELU = 1
Parameter \W0 = 8'00000001
Parameter \W1 = 8'00000001
Parameter \W2 = 8'11111111
Parameter \W3 = 8'00000000
Parameter \W4 = 8'00000000
Parameter \BIAS = 0

5.2.5. Executing AST frontend in derive mode using pre-parsed AST for module `\tcn_layer_basic'.
Parameter \SAMPLE_WIDTH = 8
Parameter \WEIGHT_WIDTH = 8
Parameter \ACC_WIDTH = 32
Parameter \DILATION = 2
Parameter \OUTPUT_SHIFT = 0
Parameter \USE_RELU = 1
Parameter \W0 = 8'00000001
Parameter \W1 = 8'00000001
Parameter \W2 = 8'11111111
Parameter \W3 = 8'00000000
Parameter \W4 = 8'00000000
Parameter \BIAS = 0
Generating RTLIL representation for module `$paramod$0a25ff292c42449df010e086963b9335a9b9ee0c\tcn_layer_basic'.
Parameter \SAMPLE_WIDTH = 8
Parameter \WEIGHT_WIDTH = 8
Parameter \ACC_WIDTH = 32
Parameter \DILATION = 1
Parameter \OUTPUT_SHIFT = 0
Parameter \USE_RELU = 1
Parameter \W0 = 8'00000010
Parameter \W1 = 8'11111111
Parameter \W2 = 8'00000001
Parameter \W3 = 8'00000000
Parameter \W4 = 8'00000000
Parameter \BIAS = 0

5.2.6. Executing AST frontend in derive mode using pre-parsed AST for module `\tcn_layer_basic'.
Parameter \SAMPLE_WIDTH = 8
Parameter \WEIGHT_WIDTH = 8
Parameter \ACC_WIDTH = 32
Parameter \DILATION = 1
Parameter \OUTPUT_SHIFT = 0
Parameter \USE_RELU = 1
Parameter \W0 = 8'00000010
Parameter \W1 = 8'11111111
Parameter \W2 = 8'00000001
Parameter \W3 = 8'00000000
Parameter \W4 = 8'00000000
Parameter \BIAS = 0
Generating RTLIL representation for module `$paramod$4b6a9377ba56c1579da7dce30c88f2867c4f0712\tcn_layer_basic'.

5.2.7. Analyzing design hierarchy..
Top module:  \tcn_network_basic
Used module:     $paramod$7328b9b22ec1a331cb1c0a2531de4854f8687c93\tcn_layer_basic
Used module:         \conv1d_engine
Used module:             $paramod$7ad9c66ce0eed50cfb1f5317be780c21f7f955a9\conv1d_parallel_pipelined
Used module:     $paramod$0a25ff292c42449df010e086963b9335a9b9ee0c\tcn_layer_basic
Used module:     $paramod$4b6a9377ba56c1579da7dce30c88f2867c4f0712\tcn_layer_basic
Parameter \SAMPLE_WIDTH = 8
Parameter \WEIGHT_WIDTH = 8
Parameter \ACC_WIDTH = 32
Parameter \DILATION = 1
Parameter \W0 = 8'00000001
Parameter \W1 = 8'00000000
Parameter \W2 = 8'00000000
Parameter \W3 = 8'00000000
Parameter \W4 = 8'00000000
Parameter \BIAS = 0

5.2.8. Executing AST frontend in derive mode using pre-parsed AST for module `\conv1d_engine'.
Parameter \SAMPLE_WIDTH = 8
Parameter \WEIGHT_WIDTH = 8
Parameter \ACC_WIDTH = 32
Parameter \DILATION = 1
Parameter \W0 = 8'00000001
Parameter \W1 = 8'00000000
Parameter \W2 = 8'00000000
Parameter \W3 = 8'00000000
Parameter \W4 = 8'00000000
Parameter \BIAS = 0
Generating RTLIL representation for module `$paramod$38f0b74e4e05acc92674b4673a0da3acfc0611c7\conv1d_engine'.
Parameter \SAMPLE_WIDTH = 8
Parameter \WEIGHT_WIDTH = 8
Parameter \ACC_WIDTH = 32
Parameter \DILATION = 2
Parameter \W0 = 8'00000001
Parameter \W1 = 8'00000001
Parameter \W2 = 8'11111111
Parameter \W3 = 8'00000000
Parameter \W4 = 8'00000000
Parameter \BIAS = 0

5.2.9. Executing AST frontend in derive mode using pre-parsed AST for module `\conv1d_engine'.
Parameter \SAMPLE_WIDTH = 8
Parameter \WEIGHT_WIDTH = 8
Parameter \ACC_WIDTH = 32
Parameter \DILATION = 2
Parameter \W0 = 8'00000001
Parameter \W1 = 8'00000001
Parameter \W2 = 8'11111111
Parameter \W3 = 8'00000000
Parameter \W4 = 8'00000000
Parameter \BIAS = 0
Generating RTLIL representation for module `$paramod$6dd1054ec6052e617ee0ef5180f0d14eca9e90cf\conv1d_engine'.
Parameter \SAMPLE_WIDTH = 8
Parameter \WEIGHT_WIDTH = 8
Parameter \ACC_WIDTH = 32
Parameter \DILATION = 1
Parameter \W0 = 8'00000010
Parameter \W1 = 8'11111111
Parameter \W2 = 8'00000001
Parameter \W3 = 8'00000000
Parameter \W4 = 8'00000000
Parameter \BIAS = 0

5.2.10. Executing AST frontend in derive mode using pre-parsed AST for module `\conv1d_engine'.
Parameter \SAMPLE_WIDTH = 8
Parameter \WEIGHT_WIDTH = 8
Parameter \ACC_WIDTH = 32
Parameter \DILATION = 1
Parameter \W0 = 8'00000010
Parameter \W1 = 8'11111111
Parameter \W2 = 8'00000001
Parameter \W3 = 8'00000000
Parameter \W4 = 8'00000000
Parameter \BIAS = 0
Generating RTLIL representation for module `$paramod$f0977c995a1c6e6f9951f74d2c789fd605a27fbb\conv1d_engine'.

5.2.11. Analyzing design hierarchy..
Top module:  \tcn_network_basic
Used module:     $paramod$7328b9b22ec1a331cb1c0a2531de4854f8687c93\tcn_layer_basic
Used module:         $paramod$38f0b74e4e05acc92674b4673a0da3acfc0611c7\conv1d_engine
Used module:             \conv1d_parallel_pipelined
Used module:     $paramod$0a25ff292c42449df010e086963b9335a9b9ee0c\tcn_layer_basic
Used module:         $paramod$6dd1054ec6052e617ee0ef5180f0d14eca9e90cf\conv1d_engine
Used module:     $paramod$4b6a9377ba56c1579da7dce30c88f2867c4f0712\tcn_layer_basic
Used module:         $paramod$f0977c995a1c6e6f9951f74d2c789fd605a27fbb\conv1d_engine
Parameter \SAMPLE_WIDTH = 8
Parameter \WEIGHT_WIDTH = 8
Parameter \ACC_WIDTH = 32
Parameter \DILATION = 1
Parameter \W0 = 8'00000001
Parameter \W1 = 8'00000000
Parameter \W2 = 8'00000000
Parameter \W3 = 8'00000000
Parameter \W4 = 8'00000000
Parameter \BIAS = 0

5.2.12. Executing AST frontend in derive mode using pre-parsed AST for module `\conv1d_parallel_pipelined'.
Parameter \SAMPLE_WIDTH = 8
Parameter \WEIGHT_WIDTH = 8
Parameter \ACC_WIDTH = 32
Parameter \DILATION = 1
Parameter \W0 = 8'00000001
Parameter \W1 = 8'00000000
Parameter \W2 = 8'00000000
Parameter \W3 = 8'00000000
Parameter \W4 = 8'00000000
Parameter \BIAS = 0
Generating RTLIL representation for module `$paramod$38f0b74e4e05acc92674b4673a0da3acfc0611c7\conv1d_parallel_pipelined'.
Warning: Replacing memory \history with list of registers. See /Users/adarmaori/Desktop/Final$20Project/FPGA/conv1d_parallel_pipelined.v:47
Parameter \SAMPLE_WIDTH = 8
Parameter \WEIGHT_WIDTH = 8
Parameter \ACC_WIDTH = 32
Parameter \DILATION = 2
Parameter \W0 = 8'00000001
Parameter \W1 = 8'00000001
Parameter \W2 = 8'11111111
Parameter \W3 = 8'00000000
Parameter \W4 = 8'00000000
Parameter \BIAS = 0

5.2.13. Executing AST frontend in derive mode using pre-parsed AST for module `\conv1d_parallel_pipelined'.
Parameter \SAMPLE_WIDTH = 8
Parameter \WEIGHT_WIDTH = 8
Parameter \ACC_WIDTH = 32
Parameter \DILATION = 2
Parameter \W0 = 8'00000001
Parameter \W1 = 8'00000001
Parameter \W2 = 8'11111111
Parameter \W3 = 8'00000000
Parameter \W4 = 8'00000000
Parameter \BIAS = 0
Generating RTLIL representation for module `$paramod$6dd1054ec6052e617ee0ef5180f0d14eca9e90cf\conv1d_parallel_pipelined'.
Warning: Replacing memory \history with list of registers. See /Users/adarmaori/Desktop/Final$20Project/FPGA/conv1d_parallel_pipelined.v:47
Parameter \SAMPLE_WIDTH = 8
Parameter \WEIGHT_WIDTH = 8
Parameter \ACC_WIDTH = 32
Parameter \DILATION = 1
Parameter \W0 = 8'00000010
Parameter \W1 = 8'11111111
Parameter \W2 = 8'00000001
Parameter \W3 = 8'00000000
Parameter \W4 = 8'00000000
Parameter \BIAS = 0

5.2.14. Executing AST frontend in derive mode using pre-parsed AST for module `\conv1d_parallel_pipelined'.
Parameter \SAMPLE_WIDTH = 8
Parameter \WEIGHT_WIDTH = 8
Parameter \ACC_WIDTH = 32
Parameter \DILATION = 1
Parameter \W0 = 8'00000010
Parameter \W1 = 8'11111111
Parameter \W2 = 8'00000001
Parameter \W3 = 8'00000000
Parameter \W4 = 8'00000000
Parameter \BIAS = 0
Generating RTLIL representation for module `$paramod$f0977c995a1c6e6f9951f74d2c789fd605a27fbb\conv1d_parallel_pipelined'.
Warning: Replacing memory \history with list of registers. See /Users/adarmaori/Desktop/Final$20Project/FPGA/conv1d_parallel_pipelined.v:47

5.2.15. Analyzing design hierarchy..
Top module:  \tcn_network_basic
Used module:     $paramod$7328b9b22ec1a331cb1c0a2531de4854f8687c93\tcn_layer_basic
Used module:         $paramod$38f0b74e4e05acc92674b4673a0da3acfc0611c7\conv1d_engine
Used module:             $paramod$38f0b74e4e05acc92674b4673a0da3acfc0611c7\conv1d_parallel_pipelined
Used module:     $paramod$0a25ff292c42449df010e086963b9335a9b9ee0c\tcn_layer_basic
Used module:         $paramod$6dd1054ec6052e617ee0ef5180f0d14eca9e90cf\conv1d_engine
Used module:             $paramod$6dd1054ec6052e617ee0ef5180f0d14eca9e90cf\conv1d_parallel_pipelined
Used module:     $paramod$4b6a9377ba56c1579da7dce30c88f2867c4f0712\tcn_layer_basic
Used module:         $paramod$f0977c995a1c6e6f9951f74d2c789fd605a27fbb\conv1d_engine
Used module:             $paramod$f0977c995a1c6e6f9951f74d2c789fd605a27fbb\conv1d_parallel_pipelined

5.2.16. Analyzing design hierarchy..
Top module:  \tcn_network_basic
Used module:     $paramod$7328b9b22ec1a331cb1c0a2531de4854f8687c93\tcn_layer_basic
Used module:         $paramod$38f0b74e4e05acc92674b4673a0da3acfc0611c7\conv1d_engine
Used module:             $paramod$38f0b74e4e05acc92674b4673a0da3acfc0611c7\conv1d_parallel_pipelined
Used module:     $paramod$0a25ff292c42449df010e086963b9335a9b9ee0c\tcn_layer_basic
Used module:         $paramod$6dd1054ec6052e617ee0ef5180f0d14eca9e90cf\conv1d_engine
Used module:             $paramod$6dd1054ec6052e617ee0ef5180f0d14eca9e90cf\conv1d_parallel_pipelined
Used module:     $paramod$4b6a9377ba56c1579da7dce30c88f2867c4f0712\tcn_layer_basic
Used module:         $paramod$f0977c995a1c6e6f9951f74d2c789fd605a27fbb\conv1d_engine
Used module:             $paramod$f0977c995a1c6e6f9951f74d2c789fd605a27fbb\conv1d_parallel_pipelined
Removing unused module `$paramod$7ad9c66ce0eed50cfb1f5317be780c21f7f955a9\conv1d_engine'.
Removing unused module `$paramod$7ad9c66ce0eed50cfb1f5317be780c21f7f955a9\conv1d_parallel_pipelined'.
Removing unused module `\tcn_layer_basic'.
Removing unused module `\conv1d_engine'.
Removing unused module `\conv1d_parallel_pipelined'.
Removed 5 unused modules.

5.3. Executing PROC pass (convert processes to netlists).

5.3.1. Executing PROC_CLEAN pass (remove empty switches from decision trees).
Cleaned up 0 empty switches.

5.3.2. Executing PROC_RMDEAD pass (remove dead branches from decision trees).
Marked 4 switch rules as full_case in process $proc$tcn_layer_basic.v:78$480 in module $paramod$4b6a9377ba56c1579da7dce30c88f2867c4f0712\tcn_layer_basic.
Marked 4 switch rules as full_case in process $proc$tcn_layer_basic.v:78$458 in module $paramod$0a25ff292c42449df010e086963b9335a9b9ee0c\tcn_layer_basic.
Marked 4 switch rules as full_case in process $proc$tcn_layer_basic.v:78$436 in module $paramod$7328b9b22ec1a331cb1c0a2531de4854f8687c93\tcn_layer_basic.
Marked 2 switch rules as full_case in process $proc$/Users/adarmaori/Desktop/Final$20Project/FPGA/conv1d_parallel_pipelined.v:44$523 in module $paramod$f0977c995a1c6e6f9951f74d2c789fd605a27fbb\conv1d_parallel_pipelined.
Marked 2 switch rules as full_case in process $proc$/Users/adarmaori/Desktop/Final$20Project/FPGA/conv1d_parallel_pipelined.v:44$510 in module $paramod$6dd1054ec6052e617ee0ef5180f0d14eca9e90cf\conv1d_parallel_pipelined.
Marked 1 switch rules as full_case in process $proc$/opt/homebrew/bin/../share/yosys/ice40/cells_sim.v:1414$278 in module SB_DFFNES.
Marked 1 switch rules as full_case in process $proc$/opt/homebrew/bin/../share/yosys/ice40/cells_sim.v:1353$271 in module SB_DFFNESS.
Marked 1 switch rules as full_case in process $proc$/opt/homebrew/bin/../share/yosys/ice40/cells_sim.v:1273$267 in module SB_DFFNER.
Marked 1 switch rules as full_case in process $proc$/opt/homebrew/bin/../share/yosys/ice40/cells_sim.v:1212$260 in module SB_DFFNESR.
Marked 1 switch rules as full_case in process $proc$/opt/homebrew/bin/../share/yosys/ice40/cells_sim.v:1138$257 in module SB_DFFNS.
Marked 1 switch rules as full_case in process $proc$/opt/homebrew/bin/../share/yosys/ice40/cells_sim.v:1088$254 in module SB_DFFNSS.
Marked 1 switch rules as full_case in process $proc$/opt/homebrew/bin/../share/yosys/ice40/cells_sim.v:1017$251 in module SB_DFFNR.
Marked 1 switch rules as full_case in process $proc$/opt/homebrew/bin/../share/yosys/ice40/cells_sim.v:967$248 in module SB_DFFNSR.
Marked 1 switch rules as full_case in process $proc$/opt/homebrew/bin/../share/yosys/ice40/cells_sim.v:803$240 in module SB_DFFES.
Marked 1 switch rules as full_case in process $proc$/opt/homebrew/bin/../share/yosys/ice40/cells_sim.v:742$233 in module SB_DFFESS.
Marked 1 switch rules as full_case in process $proc$/opt/homebrew/bin/../share/yosys/ice40/cells_sim.v:662$229 in module SB_DFFER.
Marked 1 switch rules as full_case in process $proc$/opt/homebrew/bin/../share/yosys/ice40/cells_sim.v:601$222 in module SB_DFFESR.
Marked 1 switch rules as full_case in process $proc$/opt/homebrew/bin/../share/yosys/ice40/cells_sim.v:527$219 in module SB_DFFS.
Marked 1 switch rules as full_case in process $proc$/opt/homebrew/bin/../share/yosys/ice40/cells_sim.v:477$216 in module SB_DFFSS.
Marked 1 switch rules as full_case in process $proc$/opt/homebrew/bin/../share/yosys/ice40/cells_sim.v:406$213 in module SB_DFFR.
Marked 1 switch rules as full_case in process $proc$/opt/homebrew/bin/../share/yosys/ice40/cells_sim.v:356$210 in module SB_DFFSR.
Marked 2 switch rules as full_case in process $proc$/Users/adarmaori/Desktop/Final$20Project/FPGA/conv1d_parallel_pipelined.v:44$497 in module $paramod$38f0b74e4e05acc92674b4673a0da3acfc0611c7\conv1d_parallel_pipelined.
Removed a total of 0 dead cases.

5.3.3. Executing PROC_PRUNE pass (remove redundant assignments in processes).
Removed 20 redundant assignments.
Promoted 37 assignments to connections.

5.3.4. Executing PROC_INIT pass (extract init attributes).
Found init rule in `\SB_DFFNES.$proc$/opt/homebrew/bin/../share/yosys/ice40/cells_sim.v:0$281'.
  Set init value: \Q = 1'0
Found init rule in `\SB_DFFNESS.$proc$/opt/homebrew/bin/../share/yosys/ice40/cells_sim.v:0$277'.
  Set init value: \Q = 1'0
Found init rule in `\SB_DFFNER.$proc$/opt/homebrew/bin/../share/yosys/ice40/cells_sim.v:0$270'.
  Set init value: \Q = 1'0
Found init rule in `\SB_DFFNESR.$proc$/opt/homebrew/bin/../share/yosys/ice40/cells_sim.v:0$266'.
  Set init value: \Q = 1'0
Found init rule in `\SB_DFFNS.$proc$/opt/homebrew/bin/../share/yosys/ice40/cells_sim.v:0$259'.
  Set init value: \Q = 1'0
Found init rule in `\SB_DFFNSS.$proc$/opt/homebrew/bin/../share/yosys/ice40/cells_sim.v:0$256'.
  Set init value: \Q = 1'0
Found init rule in `\SB_DFFNR.$proc$/opt/homebrew/bin/../share/yosys/ice40/cells_sim.v:0$253'.
  Set init value: \Q = 1'0
Found init rule in `\SB_DFFNSR.$proc$/opt/homebrew/bin/../share/yosys/ice40/cells_sim.v:0$250'.
  Set init value: \Q = 1'0
Found init rule in `\SB_DFFNE.$proc$/opt/homebrew/bin/../share/yosys/ice40/cells_sim.v:0$247'.
  Set init value: \Q = 1'0
Found init rule in `\SB_DFFN.$proc$/opt/homebrew/bin/../share/yosys/ice40/cells_sim.v:0$245'.
  Set init value: \Q = 1'0
Found init rule in `\SB_DFFES.$proc$/opt/homebrew/bin/../share/yosys/ice40/cells_sim.v:0$243'.
  Set init value: \Q = 1'0
Found init rule in `\SB_DFFESS.$proc$/opt/homebrew/bin/../share/yosys/ice40/cells_sim.v:0$239'.
  Set init value: \Q = 1'0
Found init rule in `\SB_DFFER.$proc$/opt/homebrew/bin/../share/yosys/ice40/cells_sim.v:0$232'.
  Set init value: \Q = 1'0
Found init rule in `\SB_DFFESR.$proc$/opt/homebrew/bin/../share/yosys/ice40/cells_sim.v:0$228'.
  Set init value: \Q = 1'0
Found init rule in `\SB_DFFS.$proc$/opt/homebrew/bin/../share/yosys/ice40/cells_sim.v:0$221'.
  Set init value: \Q = 1'0
Found init rule in `\SB_DFFSS.$proc$/opt/homebrew/bin/../share/yosys/ice40/cells_sim.v:0$218'.
  Set init value: \Q = 1'0
Found init rule in `\SB_DFFR.$proc$/opt/homebrew/bin/../share/yosys/ice40/cells_sim.v:0$215'.
  Set init value: \Q = 1'0
Found init rule in `\SB_DFFSR.$proc$/opt/homebrew/bin/../share/yosys/ice40/cells_sim.v:0$212'.
  Set init value: \Q = 1'0
Found init rule in `\SB_DFFE.$proc$/opt/homebrew/bin/../share/yosys/ice40/cells_sim.v:0$209'.
  Set init value: \Q = 1'0
Found init rule in `\SB_DFF.$proc$/opt/homebrew/bin/../share/yosys/ice40/cells_sim.v:0$207'.
  Set init value: \Q = 1'0

5.3.5. Executing PROC_ARST pass (detect async resets in processes).
Found async reset \S in `\SB_DFFNES.$proc$/opt/homebrew/bin/../share/yosys/ice40/cells_sim.v:1414$278'.
Found async reset \R in `\SB_DFFNER.$proc$/opt/homebrew/bin/../share/yosys/ice40/cells_sim.v:1273$267'.
Found async reset \S in `\SB_DFFNS.$proc$/opt/homebrew/bin/../share/yosys/ice40/cells_sim.v:1138$257'.
Found async reset \R in `\SB_DFFNR.$proc$/opt/homebrew/bin/../share/yosys/ice40/cells_sim.v:1017$251'.
Found async reset \S in `\SB_DFFES.$proc$/opt/homebrew/bin/../share/yosys/ice40/cells_sim.v:803$240'.
Found async reset \R in `\SB_DFFER.$proc$/opt/homebrew/bin/../share/yosys/ice40/cells_sim.v:662$229'.
Found async reset \S in `\SB_DFFS.$proc$/opt/homebrew/bin/../share/yosys/ice40/cells_sim.v:527$219'.
Found async reset \R in `\SB_DFFR.$proc$/opt/homebrew/bin/../share/yosys/ice40/cells_sim.v:406$213'.

5.3.6. Executing PROC_ROM pass (convert switches to ROMs).
Converted 0 switches.
<suppressed ~42 debug messages>

5.3.7. Executing PROC_MUX pass (convert decision trees to multiplexers).
Creating decoders for process `$paramod$4b6a9377ba56c1579da7dce30c88f2867c4f0712\tcn_layer_basic.$proc$tcn_layer_basic.v:78$480'.
     1/12: $4\saturate_to_sample$func$tcn_layer_basic.v:85$475.$result[7:0]$496
     2/12: $3\saturate_to_sample$func$tcn_layer_basic.v:85$475.$result[7:0]$494
     3/12: $2\saturate_to_sample$func$tcn_layer_basic.v:85$475.$result[7:0]$489
     4/12: $2\saturate_to_sample$func$tcn_layer_basic.v:85$475.min_value[31:0]$492
     5/12: $2\saturate_to_sample$func$tcn_layer_basic.v:85$475.max_value[31:0]$491
     6/12: $2\saturate_to_sample$func$tcn_layer_basic.v:85$475.value[31:0]$490
     7/12: $0\output_valid[0:0]
     8/12: $1\saturate_to_sample$func$tcn_layer_basic.v:85$475.min_value[31:0]$488
     9/12: $1\saturate_to_sample$func$tcn_layer_basic.v:85$475.max_value[31:0]$487
    10/12: $1\saturate_to_sample$func$tcn_layer_basic.v:85$475.value[31:0]$486
    11/12: $1\saturate_to_sample$func$tcn_layer_basic.v:85$475.$result[7:0]$485
    12/12: $0\sample_out[7:0]
Creating decoders for process `$paramod$0a25ff292c42449df010e086963b9335a9b9ee0c\tcn_layer_basic.$proc$tcn_layer_basic.v:78$458'.
     1/12: $4\saturate_to_sample$func$tcn_layer_basic.v:85$453.$result[7:0]$474
     2/12: $3\saturate_to_sample$func$tcn_layer_basic.v:85$453.$result[7:0]$472
     3/12: $2\saturate_to_sample$func$tcn_layer_basic.v:85$453.$result[7:0]$467
     4/12: $2\saturate_to_sample$func$tcn_layer_basic.v:85$453.min_value[31:0]$470
     5/12: $2\saturate_to_sample$func$tcn_layer_basic.v:85$453.max_value[31:0]$469
     6/12: $2\saturate_to_sample$func$tcn_layer_basic.v:85$453.value[31:0]$468
     7/12: $0\output_valid[0:0]
     8/12: $1\saturate_to_sample$func$tcn_layer_basic.v:85$453.min_value[31:0]$466
     9/12: $1\saturate_to_sample$func$tcn_layer_basic.v:85$453.max_value[31:0]$465
    10/12: $1\saturate_to_sample$func$tcn_layer_basic.v:85$453.value[31:0]$464
    11/12: $1\saturate_to_sample$func$tcn_layer_basic.v:85$453.$result[7:0]$463
    12/12: $0\sample_out[7:0]
Creating decoders for process `$paramod$7328b9b22ec1a331cb1c0a2531de4854f8687c93\tcn_layer_basic.$proc$tcn_layer_basic.v:78$436'.
     1/12: $4\saturate_to_sample$func$tcn_layer_basic.v:85$431.$result[7:0]$452
     2/12: $3\saturate_to_sample$func$tcn_layer_basic.v:85$431.$result[7:0]$450
     3/12: $2\saturate_to_sample$func$tcn_layer_basic.v:85$431.$result[7:0]$445
     4/12: $2\saturate_to_sample$func$tcn_layer_basic.v:85$431.min_value[31:0]$448
     5/12: $2\saturate_to_sample$func$tcn_layer_basic.v:85$431.max_value[31:0]$447
     6/12: $2\saturate_to_sample$func$tcn_layer_basic.v:85$431.value[31:0]$446
     7/12: $0\output_valid[0:0]
     8/12: $1\saturate_to_sample$func$tcn_layer_basic.v:85$431.min_value[31:0]$444
     9/12: $1\saturate_to_sample$func$tcn_layer_basic.v:85$431.max_value[31:0]$443
    10/12: $1\saturate_to_sample$func$tcn_layer_basic.v:85$431.value[31:0]$442
    11/12: $1\saturate_to_sample$func$tcn_layer_basic.v:85$431.$result[7:0]$441
    12/12: $0\sample_out[7:0]
Creating decoders for process `$paramod$f0977c995a1c6e6f9951f74d2c789fd605a27fbb\conv1d_parallel_pipelined.$proc$/Users/adarmaori/Desktop/Final$20Project/FPGA/conv1d_parallel_pipelined.v:44$523'.
     1/18: $2\i[31:0]
     2/18: $0\output_valid[0:0]
     3/18: $0\stage1_valid[0:0]
     4/18: $0\stage0_valid[0:0]
     5/18: $1\i[31:0]
     6/18: $0\history[3][7:0]
     7/18: $0\history[2][7:0]
     8/18: $0\history[1][7:0]
     9/18: $0\history[0][7:0]
    10/18: $0\p4_stage1_r[31:0]
    11/18: $0\sum23_r[31:0]
    12/18: $0\sum01_r[31:0]
    13/18: $0\p4_r[31:0]
    14/18: $0\p3_r[31:0]
    15/18: $0\p2_r[31:0]
    16/18: $0\p1_r[31:0]
    17/18: $0\p0_r[31:0]
    18/18: $0\sample_out[31:0]
Creating decoders for process `$paramod$6dd1054ec6052e617ee0ef5180f0d14eca9e90cf\conv1d_parallel_pipelined.$proc$/Users/adarmaori/Desktop/Final$20Project/FPGA/conv1d_parallel_pipelined.v:44$510'.
     1/22: $2\i[31:0]
     2/22: $0\output_valid[0:0]
     3/22: $0\stage1_valid[0:0]
     4/22: $0\stage0_valid[0:0]
     5/22: $1\i[31:0]
     6/22: $0\history[7][7:0]
     7/22: $0\history[6][7:0]
     8/22: $0\history[5][7:0]
     9/22: $0\history[4][7:0]
    10/22: $0\history[3][7:0]
    11/22: $0\history[2][7:0]
    12/22: $0\history[1][7:0]
    13/22: $0\history[0][7:0]
    14/22: $0\p4_stage1_r[31:0]
    15/22: $0\sum23_r[31:0]
    16/22: $0\sum01_r[31:0]
    17/22: $0\p4_r[31:0]
    18/22: $0\p3_r[31:0]
    19/22: $0\p2_r[31:0]
    20/22: $0\p1_r[31:0]
    21/22: $0\p0_r[31:0]
    22/22: $0\sample_out[31:0]
Creating decoders for process `\SB_DFFNES.$proc$/opt/homebrew/bin/../share/yosys/ice40/cells_sim.v:0$281'.
Creating decoders for process `\SB_DFFNES.$proc$/opt/homebrew/bin/../share/yosys/ice40/cells_sim.v:1414$278'.
     1/1: $0\Q[0:0]
Creating decoders for process `\SB_DFFNESS.$proc$/opt/homebrew/bin/../share/yosys/ice40/cells_sim.v:0$277'.
Creating decoders for process `\SB_DFFNESS.$proc$/opt/homebrew/bin/../share/yosys/ice40/cells_sim.v:1353$271'.
     1/1: $0\Q[0:0]
Creating decoders for process `\SB_DFFNER.$proc$/opt/homebrew/bin/../share/yosys/ice40/cells_sim.v:0$270'.
Creating decoders for process `\SB_DFFNER.$proc$/opt/homebrew/bin/../share/yosys/ice40/cells_sim.v:1273$267'.
     1/1: $0\Q[0:0]
Creating decoders for process `\SB_DFFNESR.$proc$/opt/homebrew/bin/../share/yosys/ice40/cells_sim.v:0$266'.
Creating decoders for process `\SB_DFFNESR.$proc$/opt/homebrew/bin/../share/yosys/ice40/cells_sim.v:1212$260'.
     1/1: $0\Q[0:0]
Creating decoders for process `\SB_DFFNS.$proc$/opt/homebrew/bin/../share/yosys/ice40/cells_sim.v:0$259'.
Creating decoders for process `\SB_DFFNS.$proc$/opt/homebrew/bin/../share/yosys/ice40/cells_sim.v:1138$257'.
     1/1: $0\Q[0:0]
Creating decoders for process `\SB_DFFNSS.$proc$/opt/homebrew/bin/../share/yosys/ice40/cells_sim.v:0$256'.
Creating decoders for process `\SB_DFFNSS.$proc$/opt/homebrew/bin/../share/yosys/ice40/cells_sim.v:1088$254'.
     1/1: $0\Q[0:0]
Creating decoders for process `\SB_DFFNR.$proc$/opt/homebrew/bin/../share/yosys/ice40/cells_sim.v:0$253'.
Creating decoders for process `\SB_DFFNR.$proc$/opt/homebrew/bin/../share/yosys/ice40/cells_sim.v:1017$251'.
     1/1: $0\Q[0:0]
Creating decoders for process `\SB_DFFNSR.$proc$/opt/homebrew/bin/../share/yosys/ice40/cells_sim.v:0$250'.
Creating decoders for process `\SB_DFFNSR.$proc$/opt/homebrew/bin/../share/yosys/ice40/cells_sim.v:967$248'.
     1/1: $0\Q[0:0]
Creating decoders for process `\SB_DFFNE.$proc$/opt/homebrew/bin/../share/yosys/ice40/cells_sim.v:0$247'.
Creating decoders for process `\SB_DFFNE.$proc$/opt/homebrew/bin/../share/yosys/ice40/cells_sim.v:922$246'.
     1/1: $0\Q[0:0]
Creating decoders for process `\SB_DFFN.$proc$/opt/homebrew/bin/../share/yosys/ice40/cells_sim.v:0$245'.
Creating decoders for process `\SB_DFFN.$proc$/opt/homebrew/bin/../share/yosys/ice40/cells_sim.v:882$244'.
Creating decoders for process `\SB_DFFES.$proc$/opt/homebrew/bin/../share/yosys/ice40/cells_sim.v:0$243'.
Creating decoders for process `\SB_DFFES.$proc$/opt/homebrew/bin/../share/yosys/ice40/cells_sim.v:803$240'.
     1/1: $0\Q[0:0]
Creating decoders for process `\SB_DFFESS.$proc$/opt/homebrew/bin/../share/yosys/ice40/cells_sim.v:0$239'.
Creating decoders for process `\SB_DFFESS.$proc$/opt/homebrew/bin/../share/yosys/ice40/cells_sim.v:742$233'.
     1/1: $0\Q[0:0]
Creating decoders for process `\SB_DFFER.$proc$/opt/homebrew/bin/../share/yosys/ice40/cells_sim.v:0$232'.
Creating decoders for process `\SB_DFFER.$proc$/opt/homebrew/bin/../share/yosys/ice40/cells_sim.v:662$229'.
     1/1: $0\Q[0:0]
Creating decoders for process `\SB_DFFESR.$proc$/opt/homebrew/bin/../share/yosys/ice40/cells_sim.v:0$228'.
Creating decoders for process `\SB_DFFESR.$proc$/opt/homebrew/bin/../share/yosys/ice40/cells_sim.v:601$222'.
     1/1: $0\Q[0:0]
Creating decoders for process `\SB_DFFS.$proc$/opt/homebrew/bin/../share/yosys/ice40/cells_sim.v:0$221'.
Creating decoders for process `\SB_DFFS.$proc$/opt/homebrew/bin/../share/yosys/ice40/cells_sim.v:527$219'.
     1/1: $0\Q[0:0]
Creating decoders for process `\SB_DFFSS.$proc$/opt/homebrew/bin/../share/yosys/ice40/cells_sim.v:0$218'.
Creating decoders for process `\SB_DFFSS.$proc$/opt/homebrew/bin/../share/yosys/ice40/cells_sim.v:477$216'.
     1/1: $0\Q[0:0]
Creating decoders for process `\SB_DFFR.$proc$/opt/homebrew/bin/../share/yosys/ice40/cells_sim.v:0$215'.
Creating decoders for process `\SB_DFFR.$proc$/opt/homebrew/bin/../share/yosys/ice40/cells_sim.v:406$213'.
     1/1: $0\Q[0:0]
Creating decoders for process `\SB_DFFSR.$proc$/opt/homebrew/bin/../share/yosys/ice40/cells_sim.v:0$212'.
Creating decoders for process `\SB_DFFSR.$proc$/opt/homebrew/bin/../share/yosys/ice40/cells_sim.v:356$210'.
     1/1: $0\Q[0:0]
Creating decoders for process `\SB_DFFE.$proc$/opt/homebrew/bin/../share/yosys/ice40/cells_sim.v:0$209'.
Creating decoders for process `\SB_DFFE.$proc$/opt/homebrew/bin/../share/yosys/ice40/cells_sim.v:311$208'.
     1/1: $0\Q[0:0]
Creating decoders for process `\SB_DFF.$proc$/opt/homebrew/bin/../share/yosys/ice40/cells_sim.v:0$207'.
Creating decoders for process `\SB_DFF.$proc$/opt/homebrew/bin/../share/yosys/ice40/cells_sim.v:271$206'.
Creating decoders for process `$paramod$38f0b74e4e05acc92674b4673a0da3acfc0611c7\conv1d_parallel_pipelined.$proc$/Users/adarmaori/Desktop/Final$20Project/FPGA/conv1d_parallel_pipelined.v:44$497'.
     1/18: $2\i[31:0]
     2/18: $0\output_valid[0:0]
     3/18: $0\stage1_valid[0:0]
     4/18: $0\stage0_valid[0:0]
     5/18: $1\i[31:0]
     6/18: $0\history[3][7:0]
     7/18: $0\history[2][7:0]
     8/18: $0\history[1][7:0]
     9/18: $0\history[0][7:0]
    10/18: $0\p4_stage1_r[31:0]
    11/18: $0\sum23_r[31:0]
    12/18: $0\sum01_r[31:0]
    13/18: $0\p4_r[31:0]
    14/18: $0\p3_r[31:0]
    15/18: $0\p2_r[31:0]
    16/18: $0\p1_r[31:0]
    17/18: $0\p0_r[31:0]
    18/18: $0\sample_out[31:0]

5.3.8. Executing PROC_DLATCH pass (convert process syncs to latches).

5.3.9. Executing PROC_DFF pass (convert process syncs to FFs).
Creating register for signal `$paramod$4b6a9377ba56c1579da7dce30c88f2867c4f0712\tcn_layer_basic.\output_valid' using process `$paramod$4b6a9377ba56c1579da7dce30c88f2867c4f0712\tcn_layer_basic.$proc$tcn_layer_basic.v:78$480'.
  created $dff cell `$procdff$1078' with positive edge clock.
Creating register for signal `$paramod$4b6a9377ba56c1579da7dce30c88f2867c4f0712\tcn_layer_basic.\sample_out' using process `$paramod$4b6a9377ba56c1579da7dce30c88f2867c4f0712\tcn_layer_basic.$proc$tcn_layer_basic.v:78$480'.
  created $dff cell `$procdff$1079' with positive edge clock.
Creating register for signal `$paramod$4b6a9377ba56c1579da7dce30c88f2867c4f0712\tcn_layer_basic.\saturate_to_sample$func$tcn_layer_basic.v:85$475.$result' using process `$paramod$4b6a9377ba56c1579da7dce30c88f2867c4f0712\tcn_layer_basic.$proc$tcn_layer_basic.v:78$480'.
  created $dff cell `$procdff$1080' with positive edge clock.
Creating register for signal `$paramod$4b6a9377ba56c1579da7dce30c88f2867c4f0712\tcn_layer_basic.\saturate_to_sample$func$tcn_layer_basic.v:85$475.value' using process `$paramod$4b6a9377ba56c1579da7dce30c88f2867c4f0712\tcn_layer_basic.$proc$tcn_layer_basic.v:78$480'.
  created $dff cell `$procdff$1081' with positive edge clock.
Creating register for signal `$paramod$4b6a9377ba56c1579da7dce30c88f2867c4f0712\tcn_layer_basic.\saturate_to_sample$func$tcn_layer_basic.v:85$475.max_value' using process `$paramod$4b6a9377ba56c1579da7dce30c88f2867c4f0712\tcn_layer_basic.$proc$tcn_layer_basic.v:78$480'.
  created $dff cell `$procdff$1082' with positive edge clock.
Creating register for signal `$paramod$4b6a9377ba56c1579da7dce30c88f2867c4f0712\tcn_layer_basic.\saturate_to_sample$func$tcn_layer_basic.v:85$475.min_value' using process `$paramod$4b6a9377ba56c1579da7dce30c88f2867c4f0712\tcn_layer_basic.$proc$tcn_layer_basic.v:78$480'.
  created $dff cell `$procdff$1083' with positive edge clock.
Creating register for signal `$paramod$0a25ff292c42449df010e086963b9335a9b9ee0c\tcn_layer_basic.\output_valid' using process `$paramod$0a25ff292c42449df010e086963b9335a9b9ee0c\tcn_layer_basic.$proc$tcn_layer_basic.v:78$458'.
  created $dff cell `$procdff$1084' with positive edge clock.
Creating register for signal `$paramod$0a25ff292c42449df010e086963b9335a9b9ee0c\tcn_layer_basic.\sample_out' using process `$paramod$0a25ff292c42449df010e086963b9335a9b9ee0c\tcn_layer_basic.$proc$tcn_layer_basic.v:78$458'.
  created $dff cell `$procdff$1085' with positive edge clock.
Creating register for signal `$paramod$0a25ff292c42449df010e086963b9335a9b9ee0c\tcn_layer_basic.\saturate_to_sample$func$tcn_layer_basic.v:85$453.$result' using process `$paramod$0a25ff292c42449df010e086963b9335a9b9ee0c\tcn_layer_basic.$proc$tcn_layer_basic.v:78$458'.
  created $dff cell `$procdff$1086' with positive edge clock.
Creating register for signal `$paramod$0a25ff292c42449df010e086963b9335a9b9ee0c\tcn_layer_basic.\saturate_to_sample$func$tcn_layer_basic.v:85$453.value' using process `$paramod$0a25ff292c42449df010e086963b9335a9b9ee0c\tcn_layer_basic.$proc$tcn_layer_basic.v:78$458'.
  created $dff cell `$procdff$1087' with positive edge clock.
Creating register for signal `$paramod$0a25ff292c42449df010e086963b9335a9b9ee0c\tcn_layer_basic.\saturate_to_sample$func$tcn_layer_basic.v:85$453.max_value' using process `$paramod$0a25ff292c42449df010e086963b9335a9b9ee0c\tcn_layer_basic.$proc$tcn_layer_basic.v:78$458'.
  created $dff cell `$procdff$1088' with positive edge clock.
Creating register for signal `$paramod$0a25ff292c42449df010e086963b9335a9b9ee0c\tcn_layer_basic.\saturate_to_sample$func$tcn_layer_basic.v:85$453.min_value' using process `$paramod$0a25ff292c42449df010e086963b9335a9b9ee0c\tcn_layer_basic.$proc$tcn_layer_basic.v:78$458'.
  created $dff cell `$procdff$1089' with positive edge clock.
Creating register for signal `$paramod$7328b9b22ec1a331cb1c0a2531de4854f8687c93\tcn_layer_basic.\output_valid' using process `$paramod$7328b9b22ec1a331cb1c0a2531de4854f8687c93\tcn_layer_basic.$proc$tcn_layer_basic.v:78$436'.
  created $dff cell `$procdff$1090' with positive edge clock.
Creating register for signal `$paramod$7328b9b22ec1a331cb1c0a2531de4854f8687c93\tcn_layer_basic.\sample_out' using process `$paramod$7328b9b22ec1a331cb1c0a2531de4854f8687c93\tcn_layer_basic.$proc$tcn_layer_basic.v:78$436'.
  created $dff cell `$procdff$1091' with positive edge clock.
Creating register for signal `$paramod$7328b9b22ec1a331cb1c0a2531de4854f8687c93\tcn_layer_basic.\saturate_to_sample$func$tcn_layer_basic.v:85$431.$result' using process `$paramod$7328b9b22ec1a331cb1c0a2531de4854f8687c93\tcn_layer_basic.$proc$tcn_layer_basic.v:78$436'.
  created $dff cell `$procdff$1092' with positive edge clock.
Creating register for signal `$paramod$7328b9b22ec1a331cb1c0a2531de4854f8687c93\tcn_layer_basic.\saturate_to_sample$func$tcn_layer_basic.v:85$431.value' using process `$paramod$7328b9b22ec1a331cb1c0a2531de4854f8687c93\tcn_layer_basic.$proc$tcn_layer_basic.v:78$436'.
  created $dff cell `$procdff$1093' with positive edge clock.
Creating register for signal `$paramod$7328b9b22ec1a331cb1c0a2531de4854f8687c93\tcn_layer_basic.\saturate_to_sample$func$tcn_layer_basic.v:85$431.max_value' using process `$paramod$7328b9b22ec1a331cb1c0a2531de4854f8687c93\tcn_layer_basic.$proc$tcn_layer_basic.v:78$436'.
  created $dff cell `$procdff$1094' with positive edge clock.
Creating register for signal `$paramod$7328b9b22ec1a331cb1c0a2531de4854f8687c93\tcn_layer_basic.\saturate_to_sample$func$tcn_layer_basic.v:85$431.min_value' using process `$paramod$7328b9b22ec1a331cb1c0a2531de4854f8687c93\tcn_layer_basic.$proc$tcn_layer_basic.v:78$436'.
  created $dff cell `$procdff$1095' with positive edge clock.
Creating register for signal `$paramod$f0977c995a1c6e6f9951f74d2c789fd605a27fbb\conv1d_parallel_pipelined.\output_valid' using process `$paramod$f0977c995a1c6e6f9951f74d2c789fd605a27fbb\conv1d_parallel_pipelined.$proc$/Users/adarmaori/Desktop/Final$20Project/FPGA/conv1d_parallel_pipelined.v:44$523'.
  created $dff cell `$procdff$1096' with positive edge clock.
Creating register for signal `$paramod$f0977c995a1c6e6f9951f74d2c789fd605a27fbb\conv1d_parallel_pipelined.\sample_out' using process `$paramod$f0977c995a1c6e6f9951f74d2c789fd605a27fbb\conv1d_parallel_pipelined.$proc$/Users/adarmaori/Desktop/Final$20Project/FPGA/conv1d_parallel_pipelined.v:44$523'.
  created $dff cell `$procdff$1097' with positive edge clock.
Creating register for signal `$paramod$f0977c995a1c6e6f9951f74d2c789fd605a27fbb\conv1d_parallel_pipelined.\i' using process `$paramod$f0977c995a1c6e6f9951f74d2c789fd605a27fbb\conv1d_parallel_pipelined.$proc$/Users/adarmaori/Desktop/Final$20Project/FPGA/conv1d_parallel_pipelined.v:44$523'.
  created $dff cell `$procdff$1098' with positive edge clock.
Creating register for signal `$paramod$f0977c995a1c6e6f9951f74d2c789fd605a27fbb\conv1d_parallel_pipelined.\stage0_valid' using process `$paramod$f0977c995a1c6e6f9951f74d2c789fd605a27fbb\conv1d_parallel_pipelined.$proc$/Users/adarmaori/Desktop/Final$20Project/FPGA/conv1d_parallel_pipelined.v:44$523'.
  created $dff cell `$procdff$1099' with positive edge clock.
Creating register for signal `$paramod$f0977c995a1c6e6f9951f74d2c789fd605a27fbb\conv1d_parallel_pipelined.\p0_r' using process `$paramod$f0977c995a1c6e6f9951f74d2c789fd605a27fbb\conv1d_parallel_pipelined.$proc$/Users/adarmaori/Desktop/Final$20Project/FPGA/conv1d_parallel_pipelined.v:44$523'.
  created $dff cell `$procdff$1100' with positive edge clock.
Creating register for signal `$paramod$f0977c995a1c6e6f9951f74d2c789fd605a27fbb\conv1d_parallel_pipelined.\p1_r' using process `$paramod$f0977c995a1c6e6f9951f74d2c789fd605a27fbb\conv1d_parallel_pipelined.$proc$/Users/adarmaori/Desktop/Final$20Project/FPGA/conv1d_parallel_pipelined.v:44$523'.
  created $dff cell `$procdff$1101' with positive edge clock.
Creating register for signal `$paramod$f0977c995a1c6e6f9951f74d2c789fd605a27fbb\conv1d_parallel_pipelined.\p2_r' using process `$paramod$f0977c995a1c6e6f9951f74d2c789fd605a27fbb\conv1d_parallel_pipelined.$proc$/Users/adarmaori/Desktop/Final$20Project/FPGA/conv1d_parallel_pipelined.v:44$523'.
  created $dff cell `$procdff$1102' with positive edge clock.
Creating register for signal `$paramod$f0977c995a1c6e6f9951f74d2c789fd605a27fbb\conv1d_parallel_pipelined.\p3_r' using process `$paramod$f0977c995a1c6e6f9951f74d2c789fd605a27fbb\conv1d_parallel_pipelined.$proc$/Users/adarmaori/Desktop/Final$20Project/FPGA/conv1d_parallel_pipelined.v:44$523'.
  created $dff cell `$procdff$1103' with positive edge clock.
Creating register for signal `$paramod$f0977c995a1c6e6f9951f74d2c789fd605a27fbb\conv1d_parallel_pipelined.\p4_r' using process `$paramod$f0977c995a1c6e6f9951f74d2c789fd605a27fbb\conv1d_parallel_pipelined.$proc$/Users/adarmaori/Desktop/Final$20Project/FPGA/conv1d_parallel_pipelined.v:44$523'.
  created $dff cell `$procdff$1104' with positive edge clock.
Creating register for signal `$paramod$f0977c995a1c6e6f9951f74d2c789fd605a27fbb\conv1d_parallel_pipelined.\stage1_valid' using process `$paramod$f0977c995a1c6e6f9951f74d2c789fd605a27fbb\conv1d_parallel_pipelined.$proc$/Users/adarmaori/Desktop/Final$20Project/FPGA/conv1d_parallel_pipelined.v:44$523'.
  created $dff cell `$procdff$1105' with positive edge clock.
Creating register for signal `$paramod$f0977c995a1c6e6f9951f74d2c789fd605a27fbb\conv1d_parallel_pipelined.\sum01_r' using process `$paramod$f0977c995a1c6e6f9951f74d2c789fd605a27fbb\conv1d_parallel_pipelined.$proc$/Users/adarmaori/Desktop/Final$20Project/FPGA/conv1d_parallel_pipelined.v:44$523'.
  created $dff cell `$procdff$1106' with positive edge clock.
Creating register for signal `$paramod$f0977c995a1c6e6f9951f74d2c789fd605a27fbb\conv1d_parallel_pipelined.\sum23_r' using process `$paramod$f0977c995a1c6e6f9951f74d2c789fd605a27fbb\conv1d_parallel_pipelined.$proc$/Users/adarmaori/Desktop/Final$20Project/FPGA/conv1d_parallel_pipelined.v:44$523'.
  created $dff cell `$procdff$1107' with positive edge clock.
Creating register for signal `$paramod$f0977c995a1c6e6f9951f74d2c789fd605a27fbb\conv1d_parallel_pipelined.\p4_stage1_r' using process `$paramod$f0977c995a1c6e6f9951f74d2c789fd605a27fbb\conv1d_parallel_pipelined.$proc$/Users/adarmaori/Desktop/Final$20Project/FPGA/conv1d_parallel_pipelined.v:44$523'.
  created $dff cell `$procdff$1108' with positive edge clock.
Creating register for signal `$paramod$f0977c995a1c6e6f9951f74d2c789fd605a27fbb\conv1d_parallel_pipelined.\history[0]' using process `$paramod$f0977c995a1c6e6f9951f74d2c789fd605a27fbb\conv1d_parallel_pipelined.$proc$/Users/adarmaori/Desktop/Final$20Project/FPGA/conv1d_parallel_pipelined.v:44$523'.
  created $dff cell `$procdff$1109' with positive edge clock.
Creating register for signal `$paramod$f0977c995a1c6e6f9951f74d2c789fd605a27fbb\conv1d_parallel_pipelined.\history[1]' using process `$paramod$f0977c995a1c6e6f9951f74d2c789fd605a27fbb\conv1d_parallel_pipelined.$proc$/Users/adarmaori/Desktop/Final$20Project/FPGA/conv1d_parallel_pipelined.v:44$523'.
  created $dff cell `$procdff$1110' with positive edge clock.
Creating register for signal `$paramod$f0977c995a1c6e6f9951f74d2c789fd605a27fbb\conv1d_parallel_pipelined.\history[2]' using process `$paramod$f0977c995a1c6e6f9951f74d2c789fd605a27fbb\conv1d_parallel_pipelined.$proc$/Users/adarmaori/Desktop/Final$20Project/FPGA/conv1d_parallel_pipelined.v:44$523'.
  created $dff cell `$procdff$1111' with positive edge clock.
Creating register for signal `$paramod$f0977c995a1c6e6f9951f74d2c789fd605a27fbb\conv1d_parallel_pipelined.\history[3]' using process `$paramod$f0977c995a1c6e6f9951f74d2c789fd605a27fbb\conv1d_parallel_pipelined.$proc$/Users/adarmaori/Desktop/Final$20Project/FPGA/conv1d_parallel_pipelined.v:44$523'.
  created $dff cell `$procdff$1112' with positive edge clock.
Creating register for signal `$paramod$6dd1054ec6052e617ee0ef5180f0d14eca9e90cf\conv1d_parallel_pipelined.\output_valid' using process `$paramod$6dd1054ec6052e617ee0ef5180f0d14eca9e90cf\conv1d_parallel_pipelined.$proc$/Users/adarmaori/Desktop/Final$20Project/FPGA/conv1d_parallel_pipelined.v:44$510'.
  created $dff cell `$procdff$1113' with positive edge clock.
Creating register for signal `$paramod$6dd1054ec6052e617ee0ef5180f0d14eca9e90cf\conv1d_parallel_pipelined.\sample_out' using process `$paramod$6dd1054ec6052e617ee0ef5180f0d14eca9e90cf\conv1d_parallel_pipelined.$proc$/Users/adarmaori/Desktop/Final$20Project/FPGA/conv1d_parallel_pipelined.v:44$510'.
  created $dff cell `$procdff$1114' with positive edge clock.
Creating register for signal `$paramod$6dd1054ec6052e617ee0ef5180f0d14eca9e90cf\conv1d_parallel_pipelined.\i' using process `$paramod$6dd1054ec6052e617ee0ef5180f0d14eca9e90cf\conv1d_parallel_pipelined.$proc$/Users/adarmaori/Desktop/Final$20Project/FPGA/conv1d_parallel_pipelined.v:44$510'.
  created $dff cell `$procdff$1115' with positive edge clock.
Creating register for signal `$paramod$6dd1054ec6052e617ee0ef5180f0d14eca9e90cf\conv1d_parallel_pipelined.\stage0_valid' using process `$paramod$6dd1054ec6052e617ee0ef5180f0d14eca9e90cf\conv1d_parallel_pipelined.$proc$/Users/adarmaori/Desktop/Final$20Project/FPGA/conv1d_parallel_pipelined.v:44$510'.
  created $dff cell `$procdff$1116' with positive edge clock.
Creating register for signal `$paramod$6dd1054ec6052e617ee0ef5180f0d14eca9e90cf\conv1d_parallel_pipelined.\p0_r' using process `$paramod$6dd1054ec6052e617ee0ef5180f0d14eca9e90cf\conv1d_parallel_pipelined.$proc$/Users/adarmaori/Desktop/Final$20Project/FPGA/conv1d_parallel_pipelined.v:44$510'.
  created $dff cell `$procdff$1117' with positive edge clock.
Creating register for signal `$paramod$6dd1054ec6052e617ee0ef5180f0d14eca9e90cf\conv1d_parallel_pipelined.\p1_r' using process `$paramod$6dd1054ec6052e617ee0ef5180f0d14eca9e90cf\conv1d_parallel_pipelined.$proc$/Users/adarmaori/Desktop/Final$20Project/FPGA/conv1d_parallel_pipelined.v:44$510'.
  created $dff cell `$procdff$1118' with positive edge clock.
Creating register for signal `$paramod$6dd1054ec6052e617ee0ef5180f0d14eca9e90cf\conv1d_parallel_pipelined.\p2_r' using process `$paramod$6dd1054ec6052e617ee0ef5180f0d14eca9e90cf\conv1d_parallel_pipelined.$proc$/Users/adarmaori/Desktop/Final$20Project/FPGA/conv1d_parallel_pipelined.v:44$510'.
  created $dff cell `$procdff$1119' with positive edge clock.
Creating register for signal `$paramod$6dd1054ec6052e617ee0ef5180f0d14eca9e90cf\conv1d_parallel_pipelined.\p3_r' using process `$paramod$6dd1054ec6052e617ee0ef5180f0d14eca9e90cf\conv1d_parallel_pipelined.$proc$/Users/adarmaori/Desktop/Final$20Project/FPGA/conv1d_parallel_pipelined.v:44$510'.
  created $dff cell `$procdff$1120' with positive edge clock.
Creating register for signal `$paramod$6dd1054ec6052e617ee0ef5180f0d14eca9e90cf\conv1d_parallel_pipelined.\p4_r' using process `$paramod$6dd1054ec6052e617ee0ef5180f0d14eca9e90cf\conv1d_parallel_pipelined.$proc$/Users/adarmaori/Desktop/Final$20Project/FPGA/conv1d_parallel_pipelined.v:44$510'.
  created $dff cell `$procdff$1121' with positive edge clock.
Creating register for signal `$paramod$6dd1054ec6052e617ee0ef5180f0d14eca9e90cf\conv1d_parallel_pipelined.\stage1_valid' using process `$paramod$6dd1054ec6052e617ee0ef5180f0d14eca9e90cf\conv1d_parallel_pipelined.$proc$/Users/adarmaori/Desktop/Final$20Project/FPGA/conv1d_parallel_pipelined.v:44$510'.
  created $dff cell `$procdff$1122' with positive edge clock.
Creating register for signal `$paramod$6dd1054ec6052e617ee0ef5180f0d14eca9e90cf\conv1d_parallel_pipelined.\sum01_r' using process `$paramod$6dd1054ec6052e617ee0ef5180f0d14eca9e90cf\conv1d_parallel_pipelined.$proc$/Users/adarmaori/Desktop/Final$20Project/FPGA/conv1d_parallel_pipelined.v:44$510'.
  created $dff cell `$procdff$1123' with positive edge clock.
Creating register for signal `$paramod$6dd1054ec6052e617ee0ef5180f0d14eca9e90cf\conv1d_parallel_pipelined.\sum23_r' using process `$paramod$6dd1054ec6052e617ee0ef5180f0d14eca9e90cf\conv1d_parallel_pipelined.$proc$/Users/adarmaori/Desktop/Final$20Project/FPGA/conv1d_parallel_pipelined.v:44$510'.
  created $dff cell `$procdff$1124' with positive edge clock.
Creating register for signal `$paramod$6dd1054ec6052e617ee0ef5180f0d14eca9e90cf\conv1d_parallel_pipelined.\p4_stage1_r' using process `$paramod$6dd1054ec6052e617ee0ef5180f0d14eca9e90cf\conv1d_parallel_pipelined.$proc$/Users/adarmaori/Desktop/Final$20Project/FPGA/conv1d_parallel_pipelined.v:44$510'.
  created $dff cell `$procdff$1125' with positive edge clock.
Creating register for signal `$paramod$6dd1054ec6052e617ee0ef5180f0d14eca9e90cf\conv1d_parallel_pipelined.\history[0]' using process `$paramod$6dd1054ec6052e617ee0ef5180f0d14eca9e90cf\conv1d_parallel_pipelined.$proc$/Users/adarmaori/Desktop/Final$20Project/FPGA/conv1d_parallel_pipelined.v:44$510'.
  created $dff cell `$procdff$1126' with positive edge clock.
Creating register for signal `$paramod$6dd1054ec6052e617ee0ef5180f0d14eca9e90cf\conv1d_parallel_pipelined.\history[1]' using process `$paramod$6dd1054ec6052e617ee0ef5180f0d14eca9e90cf\conv1d_parallel_pipelined.$proc$/Users/adarmaori/Desktop/Final$20Project/FPGA/conv1d_parallel_pipelined.v:44$510'.
  created $dff cell `$procdff$1127' with positive edge clock.
Creating register for signal `$paramod$6dd1054ec6052e617ee0ef5180f0d14eca9e90cf\conv1d_parallel_pipelined.\history[2]' using process `$paramod$6dd1054ec6052e617ee0ef5180f0d14eca9e90cf\conv1d_parallel_pipelined.$proc$/Users/adarmaori/Desktop/Final$20Project/FPGA/conv1d_parallel_pipelined.v:44$510'.
  created $dff cell `$procdff$1128' with positive edge clock.
Creating register for signal `$paramod$6dd1054ec6052e617ee0ef5180f0d14eca9e90cf\conv1d_parallel_pipelined.\history[3]' using process `$paramod$6dd1054ec6052e617ee0ef5180f0d14eca9e90cf\conv1d_parallel_pipelined.$proc$/Users/adarmaori/Desktop/Final$20Project/FPGA/conv1d_parallel_pipelined.v:44$510'.
  created $dff cell `$procdff$1129' with positive edge clock.
Creating register for signal `$paramod$6dd1054ec6052e617ee0ef5180f0d14eca9e90cf\conv1d_parallel_pipelined.\history[4]' using process `$paramod$6dd1054ec6052e617ee0ef5180f0d14eca9e90cf\conv1d_parallel_pipelined.$proc$/Users/adarmaori/Desktop/Final$20Project/FPGA/conv1d_parallel_pipelined.v:44$510'.
  created $dff cell `$procdff$1130' with positive edge clock.
Creating register for signal `$paramod$6dd1054ec6052e617ee0ef5180f0d14eca9e90cf\conv1d_parallel_pipelined.\history[5]' using process `$paramod$6dd1054ec6052e617ee0ef5180f0d14eca9e90cf\conv1d_parallel_pipelined.$proc$/Users/adarmaori/Desktop/Final$20Project/FPGA/conv1d_parallel_pipelined.v:44$510'.
  created $dff cell `$procdff$1131' with positive edge clock.
Creating register for signal `$paramod$6dd1054ec6052e617ee0ef5180f0d14eca9e90cf\conv1d_parallel_pipelined.\history[6]' using process `$paramod$6dd1054ec6052e617ee0ef5180f0d14eca9e90cf\conv1d_parallel_pipelined.$proc$/Users/adarmaori/Desktop/Final$20Project/FPGA/conv1d_parallel_pipelined.v:44$510'.
  created $dff cell `$procdff$1132' with positive edge clock.
Creating register for signal `$paramod$6dd1054ec6052e617ee0ef5180f0d14eca9e90cf\conv1d_parallel_pipelined.\history[7]' using process `$paramod$6dd1054ec6052e617ee0ef5180f0d14eca9e90cf\conv1d_parallel_pipelined.$proc$/Users/adarmaori/Desktop/Final$20Project/FPGA/conv1d_parallel_pipelined.v:44$510'.
  created $dff cell `$procdff$1133' with positive edge clock.
Creating register for signal `\SB_DFFNES.\Q' using process `\SB_DFFNES.$proc$/opt/homebrew/bin/../share/yosys/ice40/cells_sim.v:1414$278'.
  created $adff cell `$procdff$1134' with negative edge clock and positive level reset.
Creating register for signal `\SB_DFFNESS.\Q' using process `\SB_DFFNESS.$proc$/opt/homebrew/bin/../share/yosys/ice40/cells_sim.v:1353$271'.
  created $dff cell `$procdff$1135' with negative edge clock.
Creating register for signal `\SB_DFFNER.\Q' using process `\SB_DFFNER.$proc$/opt/homebrew/bin/../share/yosys/ice40/cells_sim.v:1273$267'.
  created $adff cell `$procdff$1136' with negative edge clock and positive level reset.
Creating register for signal `\SB_DFFNESR.\Q' using process `\SB_DFFNESR.$proc$/opt/homebrew/bin/../share/yosys/ice40/cells_sim.v:1212$260'.
  created $dff cell `$procdff$1137' with negative edge clock.
Creating register for signal `\SB_DFFNS.\Q' using process `\SB_DFFNS.$proc$/opt/homebrew/bin/../share/yosys/ice40/cells_sim.v:1138$257'.
  created $adff cell `$procdff$1138' with negative edge clock and positive level reset.
Creating register for signal `\SB_DFFNSS.\Q' using process `\SB_DFFNSS.$proc$/opt/homebrew/bin/../share/yosys/ice40/cells_sim.v:1088$254'.
  created $dff cell `$procdff$1139' with negative edge clock.
Creating register for signal `\SB_DFFNR.\Q' using process `\SB_DFFNR.$proc$/opt/homebrew/bin/../share/yosys/ice40/cells_sim.v:1017$251'.
  created $adff cell `$procdff$1140' with negative edge clock and positive level reset.
Creating register for signal `\SB_DFFNSR.\Q' using process `\SB_DFFNSR.$proc$/opt/homebrew/bin/../share/yosys/ice40/cells_sim.v:967$248'.
  created $dff cell `$procdff$1141' with negative edge clock.
Creating register for signal `\SB_DFFNE.\Q' using process `\SB_DFFNE.$proc$/opt/homebrew/bin/../share/yosys/ice40/cells_sim.v:922$246'.
  created $dff cell `$procdff$1142' with negative edge clock.
Creating register for signal `\SB_DFFN.\Q' using process `\SB_DFFN.$proc$/opt/homebrew/bin/../share/yosys/ice40/cells_sim.v:882$244'.
  created $dff cell `$procdff$1143' with negative edge clock.
Creating register for signal `\SB_DFFES.\Q' using process `\SB_DFFES.$proc$/opt/homebrew/bin/../share/yosys/ice40/cells_sim.v:803$240'.
  created $adff cell `$procdff$1144' with positive edge clock and positive level reset.
Creating register for signal `\SB_DFFESS.\Q' using process `\SB_DFFESS.$proc$/opt/homebrew/bin/../share/yosys/ice40/cells_sim.v:742$233'.
  created $dff cell `$procdff$1145' with positive edge clock.
Creating register for signal `\SB_DFFER.\Q' using process `\SB_DFFER.$proc$/opt/homebrew/bin/../share/yosys/ice40/cells_sim.v:662$229'.
  created $adff cell `$procdff$1146' with positive edge clock and positive level reset.
Creating register for signal `\SB_DFFESR.\Q' using process `\SB_DFFESR.$proc$/opt/homebrew/bin/../share/yosys/ice40/cells_sim.v:601$222'.
  created $dff cell `$procdff$1147' with positive edge clock.
Creating register for signal `\SB_DFFS.\Q' using process `\SB_DFFS.$proc$/opt/homebrew/bin/../share/yosys/ice40/cells_sim.v:527$219'.
  created $adff cell `$procdff$1148' with positive edge clock and positive level reset.
Creating register for signal `\SB_DFFSS.\Q' using process `\SB_DFFSS.$proc$/opt/homebrew/bin/../share/yosys/ice40/cells_sim.v:477$216'.
  created $dff cell `$procdff$1149' with positive edge clock.
Creating register for signal `\SB_DFFR.\Q' using process `\SB_DFFR.$proc$/opt/homebrew/bin/../share/yosys/ice40/cells_sim.v:406$213'.
  created $adff cell `$procdff$1150' with positive edge clock and positive level reset.
Creating register for signal `\SB_DFFSR.\Q' using process `\SB_DFFSR.$proc$/opt/homebrew/bin/../share/yosys/ice40/cells_sim.v:356$210'.
  created $dff cell `$procdff$1151' with positive edge clock.
Creating register for signal `\SB_DFFE.\Q' using process `\SB_DFFE.$proc$/opt/homebrew/bin/../share/yosys/ice40/cells_sim.v:311$208'.
  created $dff cell `$procdff$1152' with positive edge clock.
Creating register for signal `\SB_DFF.\Q' using process `\SB_DFF.$proc$/opt/homebrew/bin/../share/yosys/ice40/cells_sim.v:271$206'.
  created $dff cell `$procdff$1153' with positive edge clock.
Creating register for signal `$paramod$38f0b74e4e05acc92674b4673a0da3acfc0611c7\conv1d_parallel_pipelined.\output_valid' using process `$paramod$38f0b74e4e05acc92674b4673a0da3acfc0611c7\conv1d_parallel_pipelined.$proc$/Users/adarmaori/Desktop/Final$20Project/FPGA/conv1d_parallel_pipelined.v:44$497'.
  created $dff cell `$procdff$1154' with positive edge clock.
Creating register for signal `$paramod$38f0b74e4e05acc92674b4673a0da3acfc0611c7\conv1d_parallel_pipelined.\sample_out' using process `$paramod$38f0b74e4e05acc92674b4673a0da3acfc0611c7\conv1d_parallel_pipelined.$proc$/Users/adarmaori/Desktop/Final$20Project/FPGA/conv1d_parallel_pipelined.v:44$497'.
  created $dff cell `$procdff$1155' with positive edge clock.
Creating register for signal `$paramod$38f0b74e4e05acc92674b4673a0da3acfc0611c7\conv1d_parallel_pipelined.\i' using process `$paramod$38f0b74e4e05acc92674b4673a0da3acfc0611c7\conv1d_parallel_pipelined.$proc$/Users/adarmaori/Desktop/Final$20Project/FPGA/conv1d_parallel_pipelined.v:44$497'.
  created $dff cell `$procdff$1156' with positive edge clock.
Creating register for signal `$paramod$38f0b74e4e05acc92674b4673a0da3acfc0611c7\conv1d_parallel_pipelined.\stage0_valid' using process `$paramod$38f0b74e4e05acc92674b4673a0da3acfc0611c7\conv1d_parallel_pipelined.$proc$/Users/adarmaori/Desktop/Final$20Project/FPGA/conv1d_parallel_pipelined.v:44$497'.
  created $dff cell `$procdff$1157' with positive edge clock.
Creating register for signal `$paramod$38f0b74e4e05acc92674b4673a0da3acfc0611c7\conv1d_parallel_pipelined.\p0_r' using process `$paramod$38f0b74e4e05acc92674b4673a0da3acfc0611c7\conv1d_parallel_pipelined.$proc$/Users/adarmaori/Desktop/Final$20Project/FPGA/conv1d_parallel_pipelined.v:44$497'.
  created $dff cell `$procdff$1158' with positive edge clock.
Creating register for signal `$paramod$38f0b74e4e05acc92674b4673a0da3acfc0611c7\conv1d_parallel_pipelined.\p1_r' using process `$paramod$38f0b74e4e05acc92674b4673a0da3acfc0611c7\conv1d_parallel_pipelined.$proc$/Users/adarmaori/Desktop/Final$20Project/FPGA/conv1d_parallel_pipelined.v:44$497'.
  created $dff cell `$procdff$1159' with positive edge clock.
Creating register for signal `$paramod$38f0b74e4e05acc92674b4673a0da3acfc0611c7\conv1d_parallel_pipelined.\p2_r' using process `$paramod$38f0b74e4e05acc92674b4673a0da3acfc0611c7\conv1d_parallel_pipelined.$proc$/Users/adarmaori/Desktop/Final$20Project/FPGA/conv1d_parallel_pipelined.v:44$497'.
  created $dff cell `$procdff$1160' with positive edge clock.
Creating register for signal `$paramod$38f0b74e4e05acc92674b4673a0da3acfc0611c7\conv1d_parallel_pipelined.\p3_r' using process `$paramod$38f0b74e4e05acc92674b4673a0da3acfc0611c7\conv1d_parallel_pipelined.$proc$/Users/adarmaori/Desktop/Final$20Project/FPGA/conv1d_parallel_pipelined.v:44$497'.
  created $dff cell `$procdff$1161' with positive edge clock.
Creating register for signal `$paramod$38f0b74e4e05acc92674b4673a0da3acfc0611c7\conv1d_parallel_pipelined.\p4_r' using process `$paramod$38f0b74e4e05acc92674b4673a0da3acfc0611c7\conv1d_parallel_pipelined.$proc$/Users/adarmaori/Desktop/Final$20Project/FPGA/conv1d_parallel_pipelined.v:44$497'.
  created $dff cell `$procdff$1162' with positive edge clock.
Creating register for signal `$paramod$38f0b74e4e05acc92674b4673a0da3acfc0611c7\conv1d_parallel_pipelined.\stage1_valid' using process `$paramod$38f0b74e4e05acc92674b4673a0da3acfc0611c7\conv1d_parallel_pipelined.$proc$/Users/adarmaori/Desktop/Final$20Project/FPGA/conv1d_parallel_pipelined.v:44$497'.
  created $dff cell `$procdff$1163' with positive edge clock.
Creating register for signal `$paramod$38f0b74e4e05acc92674b4673a0da3acfc0611c7\conv1d_parallel_pipelined.\sum01_r' using process `$paramod$38f0b74e4e05acc92674b4673a0da3acfc0611c7\conv1d_parallel_pipelined.$proc$/Users/adarmaori/Desktop/Final$20Project/FPGA/conv1d_parallel_pipelined.v:44$497'.
  created $dff cell `$procdff$1164' with positive edge clock.
Creating register for signal `$paramod$38f0b74e4e05acc92674b4673a0da3acfc0611c7\conv1d_parallel_pipelined.\sum23_r' using process `$paramod$38f0b74e4e05acc92674b4673a0da3acfc0611c7\conv1d_parallel_pipelined.$proc$/Users/adarmaori/Desktop/Final$20Project/FPGA/conv1d_parallel_pipelined.v:44$497'.
  created $dff cell `$procdff$1165' with positive edge clock.
Creating register for signal `$paramod$38f0b74e4e05acc92674b4673a0da3acfc0611c7\conv1d_parallel_pipelined.\p4_stage1_r' using process `$paramod$38f0b74e4e05acc92674b4673a0da3acfc0611c7\conv1d_parallel_pipelined.$proc$/Users/adarmaori/Desktop/Final$20Project/FPGA/conv1d_parallel_pipelined.v:44$497'.
  created $dff cell `$procdff$1166' with positive edge clock.
Creating register for signal `$paramod$38f0b74e4e05acc92674b4673a0da3acfc0611c7\conv1d_parallel_pipelined.\history[0]' using process `$paramod$38f0b74e4e05acc92674b4673a0da3acfc0611c7\conv1d_parallel_pipelined.$proc$/Users/adarmaori/Desktop/Final$20Project/FPGA/conv1d_parallel_pipelined.v:44$497'.
  created $dff cell `$procdff$1167' with positive edge clock.
Creating register for signal `$paramod$38f0b74e4e05acc92674b4673a0da3acfc0611c7\conv1d_parallel_pipelined.\history[1]' using process `$paramod$38f0b74e4e05acc92674b4673a0da3acfc0611c7\conv1d_parallel_pipelined.$proc$/Users/adarmaori/Desktop/Final$20Project/FPGA/conv1d_parallel_pipelined.v:44$497'.
  created $dff cell `$procdff$1168' with positive edge clock.
Creating register for signal `$paramod$38f0b74e4e05acc92674b4673a0da3acfc0611c7\conv1d_parallel_pipelined.\history[2]' using process `$paramod$38f0b74e4e05acc92674b4673a0da3acfc0611c7\conv1d_parallel_pipelined.$proc$/Users/adarmaori/Desktop/Final$20Project/FPGA/conv1d_parallel_pipelined.v:44$497'.
  created $dff cell `$procdff$1169' with positive edge clock.
Creating register for signal `$paramod$38f0b74e4e05acc92674b4673a0da3acfc0611c7\conv1d_parallel_pipelined.\history[3]' using process `$paramod$38f0b74e4e05acc92674b4673a0da3acfc0611c7\conv1d_parallel_pipelined.$proc$/Users/adarmaori/Desktop/Final$20Project/FPGA/conv1d_parallel_pipelined.v:44$497'.
  created $dff cell `$procdff$1170' with positive edge clock.

5.3.10. Executing PROC_MEMWR pass (convert process memory writes to cells).

5.3.11. Executing PROC_CLEAN pass (remove empty switches from decision trees).
Found and cleaned up 4 empty switches in `$paramod$4b6a9377ba56c1579da7dce30c88f2867c4f0712\tcn_layer_basic.$proc$tcn_layer_basic.v:78$480'.
Removing empty process `$paramod$4b6a9377ba56c1579da7dce30c88f2867c4f0712\tcn_layer_basic.$proc$tcn_layer_basic.v:78$480'.
Found and cleaned up 4 empty switches in `$paramod$0a25ff292c42449df010e086963b9335a9b9ee0c\tcn_layer_basic.$proc$tcn_layer_basic.v:78$458'.
Removing empty process `$paramod$0a25ff292c42449df010e086963b9335a9b9ee0c\tcn_layer_basic.$proc$tcn_layer_basic.v:78$458'.
Found and cleaned up 4 empty switches in `$paramod$7328b9b22ec1a331cb1c0a2531de4854f8687c93\tcn_layer_basic.$proc$tcn_layer_basic.v:78$436'.
Removing empty process `$paramod$7328b9b22ec1a331cb1c0a2531de4854f8687c93\tcn_layer_basic.$proc$tcn_layer_basic.v:78$436'.
Found and cleaned up 4 empty switches in `$paramod$f0977c995a1c6e6f9951f74d2c789fd605a27fbb\conv1d_parallel_pipelined.$proc$/Users/adarmaori/Desktop/Final$20Project/FPGA/conv1d_parallel_pipelined.v:44$523'.
Removing empty process `$paramod$f0977c995a1c6e6f9951f74d2c789fd605a27fbb\conv1d_parallel_pipelined.$proc$/Users/adarmaori/Desktop/Final$20Project/FPGA/conv1d_parallel_pipelined.v:44$523'.
Found and cleaned up 4 empty switches in `$paramod$6dd1054ec6052e617ee0ef5180f0d14eca9e90cf\conv1d_parallel_pipelined.$proc$/Users/adarmaori/Desktop/Final$20Project/FPGA/conv1d_parallel_pipelined.v:44$510'.
Removing empty process `$paramod$6dd1054ec6052e617ee0ef5180f0d14eca9e90cf\conv1d_parallel_pipelined.$proc$/Users/adarmaori/Desktop/Final$20Project/FPGA/conv1d_parallel_pipelined.v:44$510'.
Removing empty process `SB_DFFNES.$proc$/opt/homebrew/bin/../share/yosys/ice40/cells_sim.v:0$281'.
Found and cleaned up 1 empty switch in `\SB_DFFNES.$proc$/opt/homebrew/bin/../share/yosys/ice40/cells_sim.v:1414$278'.
Removing empty process `SB_DFFNES.$proc$/opt/homebrew/bin/../share/yosys/ice40/cells_sim.v:1414$278'.
Removing empty process `SB_DFFNESS.$proc$/opt/homebrew/bin/../share/yosys/ice40/cells_sim.v:0$277'.
Found and cleaned up 2 empty switches in `\SB_DFFNESS.$proc$/opt/homebrew/bin/../share/yosys/ice40/cells_sim.v:1353$271'.
Removing empty process `SB_DFFNESS.$proc$/opt/homebrew/bin/../share/yosys/ice40/cells_sim.v:1353$271'.
Removing empty process `SB_DFFNER.$proc$/opt/homebrew/bin/../share/yosys/ice40/cells_sim.v:0$270'.
Found and cleaned up 1 empty switch in `\SB_DFFNER.$proc$/opt/homebrew/bin/../share/yosys/ice40/cells_sim.v:1273$267'.
Removing empty process `SB_DFFNER.$proc$/opt/homebrew/bin/../share/yosys/ice40/cells_sim.v:1273$267'.
Removing empty process `SB_DFFNESR.$proc$/opt/homebrew/bin/../share/yosys/ice40/cells_sim.v:0$266'.
Found and cleaned up 2 empty switches in `\SB_DFFNESR.$proc$/opt/homebrew/bin/../share/yosys/ice40/cells_sim.v:1212$260'.
Removing empty process `SB_DFFNESR.$proc$/opt/homebrew/bin/../share/yosys/ice40/cells_sim.v:1212$260'.
Removing empty process `SB_DFFNS.$proc$/opt/homebrew/bin/../share/yosys/ice40/cells_sim.v:0$259'.
Removing empty process `SB_DFFNS.$proc$/opt/homebrew/bin/../share/yosys/ice40/cells_sim.v:1138$257'.
Removing empty process `SB_DFFNSS.$proc$/opt/homebrew/bin/../share/yosys/ice40/cells_sim.v:0$256'.
Found and cleaned up 1 empty switch in `\SB_DFFNSS.$proc$/opt/homebrew/bin/../share/yosys/ice40/cells_sim.v:1088$254'.
Removing empty process `SB_DFFNSS.$proc$/opt/homebrew/bin/../share/yosys/ice40/cells_sim.v:1088$254'.
Removing empty process `SB_DFFNR.$proc$/opt/homebrew/bin/../share/yosys/ice40/cells_sim.v:0$253'.
Removing empty process `SB_DFFNR.$proc$/opt/homebrew/bin/../share/yosys/ice40/cells_sim.v:1017$251'.
Removing empty process `SB_DFFNSR.$proc$/opt/homebrew/bin/../share/yosys/ice40/cells_sim.v:0$250'.
Found and cleaned up 1 empty switch in `\SB_DFFNSR.$proc$/opt/homebrew/bin/../share/yosys/ice40/cells_sim.v:967$248'.
Removing empty process `SB_DFFNSR.$proc$/opt/homebrew/bin/../share/yosys/ice40/cells_sim.v:967$248'.
Removing empty process `SB_DFFNE.$proc$/opt/homebrew/bin/../share/yosys/ice40/cells_sim.v:0$247'.
Found and cleaned up 1 empty switch in `\SB_DFFNE.$proc$/opt/homebrew/bin/../share/yosys/ice40/cells_sim.v:922$246'.
Removing empty process `SB_DFFNE.$proc$/opt/homebrew/bin/../share/yosys/ice40/cells_sim.v:922$246'.
Removing empty process `SB_DFFN.$proc$/opt/homebrew/bin/../share/yosys/ice40/cells_sim.v:0$245'.
Removing empty process `SB_DFFN.$proc$/opt/homebrew/bin/../share/yosys/ice40/cells_sim.v:882$244'.
Removing empty process `SB_DFFES.$proc$/opt/homebrew/bin/../share/yosys/ice40/cells_sim.v:0$243'.
Found and cleaned up 1 empty switch in `\SB_DFFES.$proc$/opt/homebrew/bin/../share/yosys/ice40/cells_sim.v:803$240'.
Removing empty process `SB_DFFES.$proc$/opt/homebrew/bin/../share/yosys/ice40/cells_sim.v:803$240'.
Removing empty process `SB_DFFESS.$proc$/opt/homebrew/bin/../share/yosys/ice40/cells_sim.v:0$239'.
Found and cleaned up 2 empty switches in `\SB_DFFESS.$proc$/opt/homebrew/bin/../share/yosys/ice40/cells_sim.v:742$233'.
Removing empty process `SB_DFFESS.$proc$/opt/homebrew/bin/../share/yosys/ice40/cells_sim.v:742$233'.
Removing empty process `SB_DFFER.$proc$/opt/homebrew/bin/../share/yosys/ice40/cells_sim.v:0$232'.
Found and cleaned up 1 empty switch in `\SB_DFFER.$proc$/opt/homebrew/bin/../share/yosys/ice40/cells_sim.v:662$229'.
Removing empty process `SB_DFFER.$proc$/opt/homebrew/bin/../share/yosys/ice40/cells_sim.v:662$229'.
Removing empty process `SB_DFFESR.$proc$/opt/homebrew/bin/../share/yosys/ice40/cells_sim.v:0$228'.
Found and cleaned up 2 empty switches in `\SB_DFFESR.$proc$/opt/homebrew/bin/../share/yosys/ice40/cells_sim.v:601$222'.
Removing empty process `SB_DFFESR.$proc$/opt/homebrew/bin/../share/yosys/ice40/cells_sim.v:601$222'.
Removing empty process `SB_DFFS.$proc$/opt/homebrew/bin/../share/yosys/ice40/cells_sim.v:0$221'.
Removing empty process `SB_DFFS.$proc$/opt/homebrew/bin/../share/yosys/ice40/cells_sim.v:527$219'.
Removing empty process `SB_DFFSS.$proc$/opt/homebrew/bin/../share/yosys/ice40/cells_sim.v:0$218'.
Found and cleaned up 1 empty switch in `\SB_DFFSS.$proc$/opt/homebrew/bin/../share/yosys/ice40/cells_sim.v:477$216'.
Removing empty process `SB_DFFSS.$proc$/opt/homebrew/bin/../share/yosys/ice40/cells_sim.v:477$216'.
Removing empty process `SB_DFFR.$proc$/opt/homebrew/bin/../share/yosys/ice40/cells_sim.v:0$215'.
Removing empty process `SB_DFFR.$proc$/opt/homebrew/bin/../share/yosys/ice40/cells_sim.v:406$213'.
Removing empty process `SB_DFFSR.$proc$/opt/homebrew/bin/../share/yosys/ice40/cells_sim.v:0$212'.
Found and cleaned up 1 empty switch in `\SB_DFFSR.$proc$/opt/homebrew/bin/../share/yosys/ice40/cells_sim.v:356$210'.
Removing empty process `SB_DFFSR.$proc$/opt/homebrew/bin/../share/yosys/ice40/cells_sim.v:356$210'.
Removing empty process `SB_DFFE.$proc$/opt/homebrew/bin/../share/yosys/ice40/cells_sim.v:0$209'.
Found and cleaned up 1 empty switch in `\SB_DFFE.$proc$/opt/homebrew/bin/../share/yosys/ice40/cells_sim.v:311$208'.
Removing empty process `SB_DFFE.$proc$/opt/homebrew/bin/../share/yosys/ice40/cells_sim.v:311$208'.
Removing empty process `SB_DFF.$proc$/opt/homebrew/bin/../share/yosys/ice40/cells_sim.v:0$207'.
Removing empty process `SB_DFF.$proc$/opt/homebrew/bin/../share/yosys/ice40/cells_sim.v:271$206'.
Found and cleaned up 4 empty switches in `$paramod$38f0b74e4e05acc92674b4673a0da3acfc0611c7\conv1d_parallel_pipelined.$proc$/Users/adarmaori/Desktop/Final$20Project/FPGA/conv1d_parallel_pipelined.v:44$497'.
Removing empty process `$paramod$38f0b74e4e05acc92674b4673a0da3acfc0611c7\conv1d_parallel_pipelined.$proc$/Users/adarmaori/Desktop/Final$20Project/FPGA/conv1d_parallel_pipelined.v:44$497'.
Cleaned up 42 empty switches.

5.3.12. Executing OPT_EXPR pass (perform const folding).
Optimizing module $paramod$38f0b74e4e05acc92674b4673a0da3acfc0611c7\conv1d_engine.
Optimizing module $paramod$4b6a9377ba56c1579da7dce30c88f2867c4f0712\tcn_layer_basic.
<suppressed ~1 debug messages>
Optimizing module $paramod$0a25ff292c42449df010e086963b9335a9b9ee0c\tcn_layer_basic.
<suppressed ~1 debug messages>
Optimizing module $paramod$7328b9b22ec1a331cb1c0a2531de4854f8687c93\tcn_layer_basic.
<suppressed ~1 debug messages>
Optimizing module $paramod$f0977c995a1c6e6f9951f74d2c789fd605a27fbb\conv1d_parallel_pipelined.
<suppressed ~2 debug messages>
Optimizing module $paramod$6dd1054ec6052e617ee0ef5180f0d14eca9e90cf\conv1d_parallel_pipelined.
<suppressed ~2 debug messages>
Optimizing module tcn_network_basic.
Optimizing module $paramod$38f0b74e4e05acc92674b4673a0da3acfc0611c7\conv1d_parallel_pipelined.
<suppressed ~2 debug messages>
Optimizing module $paramod$f0977c995a1c6e6f9951f74d2c789fd605a27fbb\conv1d_engine.
Optimizing module $paramod$6dd1054ec6052e617ee0ef5180f0d14eca9e90cf\conv1d_engine.

5.4. Executing FLATTEN pass (flatten design).
Deleting now unused module $paramod$38f0b74e4e05acc92674b4673a0da3acfc0611c7\conv1d_engine.
Deleting now unused module $paramod$4b6a9377ba56c1579da7dce30c88f2867c4f0712\tcn_layer_basic.
Deleting now unused module $paramod$0a25ff292c42449df010e086963b9335a9b9ee0c\tcn_layer_basic.
Deleting now unused module $paramod$7328b9b22ec1a331cb1c0a2531de4854f8687c93\tcn_layer_basic.
Deleting now unused module $paramod$f0977c995a1c6e6f9951f74d2c789fd605a27fbb\conv1d_parallel_pipelined.
Deleting now unused module $paramod$6dd1054ec6052e617ee0ef5180f0d14eca9e90cf\conv1d_parallel_pipelined.
Deleting now unused module $paramod$38f0b74e4e05acc92674b4673a0da3acfc0611c7\conv1d_parallel_pipelined.
Deleting now unused module $paramod$f0977c995a1c6e6f9951f74d2c789fd605a27fbb\conv1d_engine.
Deleting now unused module $paramod$6dd1054ec6052e617ee0ef5180f0d14eca9e90cf\conv1d_engine.
<suppressed ~9 debug messages>

5.5. Executing TRIBUF pass.

5.6. Executing DEMINOUT pass (demote inout ports to input or output).

5.7. Executing OPT_EXPR pass (perform const folding).
Optimizing module tcn_network_basic.
<suppressed ~23 debug messages>

5.8. Executing OPT_CLEAN pass (remove unused cells and wires).
Finding unused cells or wires in module \tcn_network_basic..
Removed 90 unused cells and 397 unused wires.
<suppressed ~116 debug messages>

5.9. Executing CHECK pass (checking for obvious problems).
Checking module tcn_network_basic...
Found and reported 0 problems.

5.10. Executing OPT pass (performing simple optimizations).

5.10.1. Executing OPT_EXPR pass (perform const folding).
Optimizing module tcn_network_basic.

5.10.2. Executing OPT_MERGE pass (detect identical cells).
Finding identical cells in module `\tcn_network_basic'.
Removed a total of 0 cells.

5.10.3. Executing OPT_MUXTREE pass (detect dead branches in mux trees).
Running muxtree optimizer on module \tcn_network_basic..
  Creating internal representation of mux trees.
  Evaluating internal representation of mux trees.
  Analyzing evaluation results.
    dead port 1/2 on $mux $flatten\layer0.$procmux$541.
    dead port 2/2 on $mux $flatten\layer0.$procmux$543.
    dead port 1/2 on $mux $flatten\layer0.$procmux$546.
    dead port 2/2 on $mux $flatten\layer0.$procmux$552.
    dead port 1/2 on $mux $flatten\layer0.$procmux$555.
    dead port 1/2 on $mux $flatten\layer1.$procmux$607.
    dead port 2/2 on $mux $flatten\layer1.$procmux$609.
    dead port 1/2 on $mux $flatten\layer1.$procmux$612.
    dead port 2/2 on $mux $flatten\layer1.$procmux$618.
    dead port 1/2 on $mux $flatten\layer1.$procmux$621.
    dead port 1/2 on $mux $flatten\output_layer.$procmux$673.
    dead port 2/2 on $mux $flatten\output_layer.$procmux$675.
    dead port 1/2 on $mux $flatten\output_layer.$procmux$678.
    dead port 2/2 on $mux $flatten\output_layer.$procmux$684.
    dead port 1/2 on $mux $flatten\output_layer.$procmux$687.
Removed 15 multiplexer ports.
<suppressed ~51 debug messages>

5.10.4. Executing OPT_REDUCE pass (consolidate $*mux and $reduce_* inputs).
  Optimizing cells in module \tcn_network_basic.
Performed a total of 0 changes.

5.10.5. Executing OPT_MERGE pass (detect identical cells).
Finding identical cells in module `\tcn_network_basic'.
Removed a total of 0 cells.

5.10.6. Executing OPT_DFF pass (perform DFF optimizations).

5.10.7. Executing OPT_CLEAN pass (remove unused cells and wires).
Finding unused cells or wires in module \tcn_network_basic..
Removed 0 unused cells and 15 unused wires.
<suppressed ~1 debug messages>

5.10.8. Executing OPT_EXPR pass (perform const folding).
Optimizing module tcn_network_basic.

5.10.9. Rerunning OPT passes. (Maybe there is more to do..)

5.10.10. Executing OPT_MUXTREE pass (detect dead branches in mux trees).
Running muxtree optimizer on module \tcn_network_basic..
  Creating internal representation of mux trees.
  Evaluating internal representation of mux trees.
  Analyzing evaluation results.
Removed 0 multiplexer ports.
<suppressed ~51 debug messages>

5.10.11. Executing OPT_REDUCE pass (consolidate $*mux and $reduce_* inputs).
  Optimizing cells in module \tcn_network_basic.
Performed a total of 0 changes.

5.10.12. Executing OPT_MERGE pass (detect identical cells).
Finding identical cells in module `\tcn_network_basic'.
Removed a total of 0 cells.

5.10.13. Executing OPT_DFF pass (perform DFF optimizations).

5.10.14. Executing OPT_CLEAN pass (remove unused cells and wires).
Finding unused cells or wires in module \tcn_network_basic..

5.10.15. Executing OPT_EXPR pass (perform const folding).
Optimizing module tcn_network_basic.

5.10.16. Finished OPT passes. (There is nothing left to do.)

5.11. Executing FSM pass (extract and optimize FSM).

5.11.1. Executing FSM_DETECT pass (finding FSMs in design).
Not marking tcn_network_basic.layer0.conv.impl.p3_r as FSM state register:
    Users of register don't seem to benefit from recoding.
Not marking tcn_network_basic.layer0.conv.impl.p4_r as FSM state register:
    Users of register don't seem to benefit from recoding.
Not marking tcn_network_basic.layer1.conv.impl.p3_r as FSM state register:
    Users of register don't seem to benefit from recoding.
Not marking tcn_network_basic.layer1.conv.impl.p4_r as FSM state register:
    Users of register don't seem to benefit from recoding.
Not marking tcn_network_basic.output_layer.conv.impl.p1_r as FSM state register:
    Users of register don't seem to benefit from recoding.
Not marking tcn_network_basic.output_layer.conv.impl.p2_r as FSM state register:
    Users of register don't seem to benefit from recoding.
Not marking tcn_network_basic.output_layer.conv.impl.p3_r as FSM state register:
    Users of register don't seem to benefit from recoding.
Not marking tcn_network_basic.output_layer.conv.impl.p4_r as FSM state register:
    Users of register don't seem to benefit from recoding.

5.11.2. Executing FSM_EXTRACT pass (extracting FSM from design).

5.11.3. Executing FSM_OPT pass (simple optimizations of FSMs).

5.11.4. Executing OPT_CLEAN pass (remove unused cells and wires).
Finding unused cells or wires in module \tcn_network_basic..

5.11.5. Executing FSM_OPT pass (simple optimizations of FSMs).

5.11.6. Executing FSM_RECODE pass (re-assigning FSM state encoding).

5.11.7. Executing FSM_INFO pass (dumping all available information on FSM cells).

5.11.8. Executing FSM_MAP pass (mapping FSMs to basic logic).

5.12. Executing OPT pass (performing simple optimizations).

5.12.1. Executing OPT_EXPR pass (perform const folding).
Optimizing module tcn_network_basic.

5.12.2. Executing OPT_MERGE pass (detect identical cells).
Finding identical cells in module `\tcn_network_basic'.
Removed a total of 0 cells.

5.12.3. Executing OPT_MUXTREE pass (detect dead branches in mux trees).
Running muxtree optimizer on module \tcn_network_basic..
  Creating internal representation of mux trees.
  Evaluating internal representation of mux trees.
  Analyzing evaluation results.
Removed 0 multiplexer ports.
<suppressed ~51 debug messages>

5.12.4. Executing OPT_REDUCE pass (consolidate $*mux and $reduce_* inputs).
  Optimizing cells in module \tcn_network_basic.
Performed a total of 0 changes.

5.12.5. Executing OPT_MERGE pass (detect identical cells).
Finding identical cells in module `\tcn_network_basic'.
Removed a total of 0 cells.

5.12.6. Executing OPT_DFF pass (perform DFF optimizations).
Adding SRST signal on $flatten\output_layer.\conv.\impl.$procdff$1166 ($dff) from module tcn_network_basic (D = $flatten\output_layer.\conv.\impl.$procmux$1028_Y, Q = \output_layer.conv.impl.p4_stage1_r, rval = 0).
Adding EN signal on $auto$ff.cc:266:slice$1180 ($sdff) from module tcn_network_basic (D = \output_layer.conv.impl.p4_r, Q = \output_layer.conv.impl.p4_stage1_r).
Adding SRST signal on $flatten\output_layer.\conv.\impl.$procdff$1165 ($dff) from module tcn_network_basic (D = $flatten\output_layer.\conv.\impl.$procmux$1033_Y, Q = \output_layer.conv.impl.sum23_r, rval = 0).
Adding EN signal on $auto$ff.cc:266:slice$1182 ($sdff) from module tcn_network_basic (D = $flatten\output_layer.\conv.\impl.$add$/Users/adarmaori/Desktop/Final$20Project/FPGA/conv1d_parallel_pipelined.v:81$506_Y, Q = \output_layer.conv.impl.sum23_r).
Adding SRST signal on $flatten\output_layer.\conv.\impl.$procdff$1164 ($dff) from module tcn_network_basic (D = $flatten\output_layer.\conv.\impl.$procmux$1038_Y, Q = \output_layer.conv.impl.sum01_r, rval = 0).
Adding EN signal on $auto$ff.cc:266:slice$1184 ($sdff) from module tcn_network_basic (D = $flatten\output_layer.\conv.\impl.$add$/Users/adarmaori/Desktop/Final$20Project/FPGA/conv1d_parallel_pipelined.v:80$505_Y, Q = \output_layer.conv.impl.sum01_r).
Adding SRST signal on $flatten\output_layer.\conv.\impl.$procdff$1163 ($dff) from module tcn_network_basic (D = \output_layer.conv.impl.stage0_valid, Q = \output_layer.conv.impl.stage1_valid, rval = 1'0).
Adding SRST signal on $flatten\output_layer.\conv.\impl.$procdff$1162 ($dff) from module tcn_network_basic (D = $flatten\output_layer.\conv.\impl.$procmux$1044_Y, Q = \output_layer.conv.impl.p4_r, rval = 0).
Adding EN signal on $auto$ff.cc:266:slice$1187 ($sdff) from module tcn_network_basic (D = 0, Q = \output_layer.conv.impl.p4_r).
Adding SRST signal on $flatten\output_layer.\conv.\impl.$procdff$1161 ($dff) from module tcn_network_basic (D = $flatten\output_layer.\conv.\impl.$procmux$1050_Y, Q = \output_layer.conv.impl.p3_r, rval = 0).
Adding EN signal on $auto$ff.cc:266:slice$1189 ($sdff) from module tcn_network_basic (D = 0, Q = \output_layer.conv.impl.p3_r).
Adding SRST signal on $flatten\output_layer.\conv.\impl.$procdff$1160 ($dff) from module tcn_network_basic (D = $flatten\output_layer.\conv.\impl.$procmux$1056_Y, Q = \output_layer.conv.impl.p2_r, rval = 0).
Adding EN signal on $auto$ff.cc:266:slice$1191 ($sdff) from module tcn_network_basic (D = 0, Q = \output_layer.conv.impl.p2_r).
Adding SRST signal on $flatten\output_layer.\conv.\impl.$procdff$1159 ($dff) from module tcn_network_basic (D = $flatten\output_layer.\conv.\impl.$procmux$1062_Y, Q = \output_layer.conv.impl.p1_r, rval = 0).
Adding EN signal on $auto$ff.cc:266:slice$1193 ($sdff) from module tcn_network_basic (D = 0, Q = \output_layer.conv.impl.p1_r).
Adding SRST signal on $flatten\output_layer.\conv.\impl.$procdff$1158 ($dff) from module tcn_network_basic (D = $flatten\output_layer.\conv.\impl.$procmux$1068_Y, Q = \output_layer.conv.impl.p0_r, rval = 0).
Adding EN signal on $auto$ff.cc:266:slice$1195 ($sdff) from module tcn_network_basic (D = { \layer1.sample_out [7] \layer1.sample_out [7] \layer1.sample_out [7] \layer1.sample_out [7] \layer1.sample_out [7] \layer1.sample_out [7] \layer1.sample_out [7] \layer1.sample_out [7] \layer1.sample_out [7] \layer1.sample_out [7] \layer1.sample_out [7] \layer1.sample_out [7] \layer1.sample_out [7] \layer1.sample_out [7] \layer1.sample_out [7] \layer1.sample_out [7] \layer1.sample_out [7] \layer1.sample_out [7] \layer1.sample_out [7] \layer1.sample_out [7] \layer1.sample_out [7] \layer1.sample_out [7] \layer1.sample_out [7] \layer1.sample_out [7] \layer1.sample_out }, Q = \output_layer.conv.impl.p0_r).
Adding SRST signal on $flatten\output_layer.\conv.\impl.$procdff$1157 ($dff) from module tcn_network_basic (D = \layer1.output_valid, Q = \output_layer.conv.impl.stage0_valid, rval = 1'0).
Adding SRST signal on $flatten\output_layer.\conv.\impl.$procdff$1155 ($dff) from module tcn_network_basic (D = $flatten\output_layer.\conv.\impl.$procmux$1073_Y, Q = \output_layer.conv.impl.sample_out, rval = 0).
Adding EN signal on $auto$ff.cc:266:slice$1198 ($sdff) from module tcn_network_basic (D = $flatten\output_layer.\conv.\impl.$add$/Users/adarmaori/Desktop/Final$20Project/FPGA/conv1d_parallel_pipelined.v:86$509_Y, Q = \output_layer.conv.impl.sample_out).
Adding SRST signal on $flatten\output_layer.\conv.\impl.$procdff$1154 ($dff) from module tcn_network_basic (D = \output_layer.conv.impl.stage1_valid, Q = \output_layer.conv.impl.output_valid, rval = 1'0).
Adding SRST signal on $flatten\output_layer.$procdff$1091 ($dff) from module tcn_network_basic (D = $flatten\output_layer.$procmux$729_Y, Q = \output_layer.sample_out, rval = 8'00000000).
Adding EN signal on $auto$ff.cc:266:slice$1201 ($sdff) from module tcn_network_basic (D = $flatten\output_layer.$3\saturate_to_sample$func$tcn_layer_basic.v:85$431.$result[7:0]$450, Q = \output_layer.sample_out).
Adding SRST signal on $flatten\output_layer.$procdff$1090 ($dff) from module tcn_network_basic (D = \output_layer.conv.impl.output_valid, Q = \output_layer.output_valid, rval = 1'0).
Adding SRST signal on $flatten\layer1.\conv.\impl.$procdff$1129 ($dff) from module tcn_network_basic (D = $flatten\layer1.\conv.\impl.$procmux$869_Y, Q = \layer1.conv.impl.history[3], rval = 8'00000000).
Adding EN signal on $auto$ff.cc:266:slice$1204 ($sdff) from module tcn_network_basic (D = \layer1.conv.impl.history[2], Q = \layer1.conv.impl.history[3]).
Adding SRST signal on $flatten\layer1.\conv.\impl.$procdff$1128 ($dff) from module tcn_network_basic (D = $flatten\layer1.\conv.\impl.$procmux$875_Y, Q = \layer1.conv.impl.history[2], rval = 8'00000000).
Adding EN signal on $auto$ff.cc:266:slice$1206 ($sdff) from module tcn_network_basic (D = \layer1.conv.impl.history[1], Q = \layer1.conv.impl.history[2]).
Adding SRST signal on $flatten\layer1.\conv.\impl.$procdff$1127 ($dff) from module tcn_network_basic (D = $flatten\layer1.\conv.\impl.$procmux$881_Y, Q = \layer1.conv.impl.history[1], rval = 8'00000000).
Adding EN signal on $auto$ff.cc:266:slice$1208 ($sdff) from module tcn_network_basic (D = \layer1.conv.impl.history[0], Q = \layer1.conv.impl.history[1]).
Adding SRST signal on $flatten\layer1.\conv.\impl.$procdff$1126 ($dff) from module tcn_network_basic (D = $flatten\layer1.\conv.\impl.$procmux$887_Y, Q = \layer1.conv.impl.history[0], rval = 8'00000000).
Adding EN signal on $auto$ff.cc:266:slice$1210 ($sdff) from module tcn_network_basic (D = \layer0.sample_out, Q = \layer1.conv.impl.history[0]).
Adding SRST signal on $flatten\layer1.\conv.\impl.$procdff$1125 ($dff) from module tcn_network_basic (D = $flatten\layer1.\conv.\impl.$procmux$892_Y, Q = \layer1.conv.impl.p4_stage1_r, rval = 0).
Adding EN signal on $auto$ff.cc:266:slice$1212 ($sdff) from module tcn_network_basic (D = \layer1.conv.impl.p4_r, Q = \layer1.conv.impl.p4_stage1_r).
Adding SRST signal on $flatten\layer1.\conv.\impl.$procdff$1124 ($dff) from module tcn_network_basic (D = $flatten\layer1.\conv.\impl.$procmux$897_Y, Q = \layer1.conv.impl.sum23_r, rval = 0).
Adding EN signal on $auto$ff.cc:266:slice$1214 ($sdff) from module tcn_network_basic (D = $flatten\layer1.\conv.\impl.$add$/Users/adarmaori/Desktop/Final$20Project/FPGA/conv1d_parallel_pipelined.v:81$519_Y, Q = \layer1.conv.impl.sum23_r).
Adding SRST signal on $flatten\layer1.\conv.\impl.$procdff$1123 ($dff) from module tcn_network_basic (D = $flatten\layer1.\conv.\impl.$procmux$902_Y, Q = \layer1.conv.impl.sum01_r, rval = 0).
Adding EN signal on $auto$ff.cc:266:slice$1216 ($sdff) from module tcn_network_basic (D = $flatten\layer1.\conv.\impl.$add$/Users/adarmaori/Desktop/Final$20Project/FPGA/conv1d_parallel_pipelined.v:80$518_Y, Q = \layer1.conv.impl.sum01_r).
Adding SRST signal on $flatten\layer1.\conv.\impl.$procdff$1122 ($dff) from module tcn_network_basic (D = \layer1.conv.impl.stage0_valid, Q = \layer1.conv.impl.stage1_valid, rval = 1'0).
Adding SRST signal on $flatten\layer1.\conv.\impl.$procdff$1121 ($dff) from module tcn_network_basic (D = $flatten\layer1.\conv.\impl.$procmux$908_Y, Q = \layer1.conv.impl.p4_r, rval = 0).
Adding EN signal on $auto$ff.cc:266:slice$1219 ($sdff) from module tcn_network_basic (D = 0, Q = \layer1.conv.impl.p4_r).
Adding SRST signal on $flatten\layer1.\conv.\impl.$procdff$1120 ($dff) from module tcn_network_basic (D = $flatten\layer1.\conv.\impl.$procmux$914_Y, Q = \layer1.conv.impl.p3_r, rval = 0).
Adding EN signal on $auto$ff.cc:266:slice$1221 ($sdff) from module tcn_network_basic (D = 0, Q = \layer1.conv.impl.p3_r).
Adding SRST signal on $flatten\layer1.\conv.\impl.$procdff$1119 ($dff) from module tcn_network_basic (D = $flatten\layer1.\conv.\impl.$procmux$920_Y, Q = \layer1.conv.impl.p2_r, rval = 0).
Adding EN signal on $auto$ff.cc:266:slice$1223 ($sdff) from module tcn_network_basic (D = $flatten\layer1.\conv.\impl.$mul$/Users/adarmaori/Desktop/Final$20Project/FPGA/conv1d_parallel_pipelined.v:69$515_Y, Q = \layer1.conv.impl.p2_r).
Adding SRST signal on $flatten\layer1.\conv.\impl.$procdff$1118 ($dff) from module tcn_network_basic (D = $flatten\layer1.\conv.\impl.$procmux$926_Y, Q = \layer1.conv.impl.p1_r, rval = 0).
Adding EN signal on $auto$ff.cc:266:slice$1225 ($sdff) from module tcn_network_basic (D = { \layer1.conv.impl.history[1] [7] \layer1.conv.impl.history[1] [7] \layer1.conv.impl.history[1] [7] \layer1.conv.impl.history[1] [7] \layer1.conv.impl.history[1] [7] \layer1.conv.impl.history[1] [7] \layer1.conv.impl.history[1] [7] \layer1.conv.impl.history[1] [7] \layer1.conv.impl.history[1] [7] \layer1.conv.impl.history[1] [7] \layer1.conv.impl.history[1] [7] \layer1.conv.impl.history[1] [7] \layer1.conv.impl.history[1] [7] \layer1.conv.impl.history[1] [7] \layer1.conv.impl.history[1] [7] \layer1.conv.impl.history[1] [7] \layer1.conv.impl.history[1] [7] \layer1.conv.impl.history[1] [7] \layer1.conv.impl.history[1] [7] \layer1.conv.impl.history[1] [7] \layer1.conv.impl.history[1] [7] \layer1.conv.impl.history[1] [7] \layer1.conv.impl.history[1] [7] \layer1.conv.impl.history[1] [7] \layer1.conv.impl.history[1] }, Q = \layer1.conv.impl.p1_r).
Adding SRST signal on $flatten\layer1.\conv.\impl.$procdff$1117 ($dff) from module tcn_network_basic (D = $flatten\layer1.\conv.\impl.$procmux$932_Y, Q = \layer1.conv.impl.p0_r, rval = 0).
Adding EN signal on $auto$ff.cc:266:slice$1227 ($sdff) from module tcn_network_basic (D = { \layer0.sample_out [7] \layer0.sample_out [7] \layer0.sample_out [7] \layer0.sample_out [7] \layer0.sample_out [7] \layer0.sample_out [7] \layer0.sample_out [7] \layer0.sample_out [7] \layer0.sample_out [7] \layer0.sample_out [7] \layer0.sample_out [7] \layer0.sample_out [7] \layer0.sample_out [7] \layer0.sample_out [7] \layer0.sample_out [7] \layer0.sample_out [7] \layer0.sample_out [7] \layer0.sample_out [7] \layer0.sample_out [7] \layer0.sample_out [7] \layer0.sample_out [7] \layer0.sample_out [7] \layer0.sample_out [7] \layer0.sample_out [7] \layer0.sample_out }, Q = \layer1.conv.impl.p0_r).
Adding SRST signal on $flatten\layer1.\conv.\impl.$procdff$1116 ($dff) from module tcn_network_basic (D = \layer0.output_valid, Q = \layer1.conv.impl.stage0_valid, rval = 1'0).
Adding SRST signal on $flatten\layer1.\conv.\impl.$procdff$1114 ($dff) from module tcn_network_basic (D = $flatten\layer1.\conv.\impl.$procmux$937_Y, Q = \layer1.conv.impl.sample_out, rval = 0).
Adding EN signal on $auto$ff.cc:266:slice$1230 ($sdff) from module tcn_network_basic (D = $flatten\layer1.\conv.\impl.$add$/Users/adarmaori/Desktop/Final$20Project/FPGA/conv1d_parallel_pipelined.v:86$522_Y, Q = \layer1.conv.impl.sample_out).
Adding SRST signal on $flatten\layer1.\conv.\impl.$procdff$1113 ($dff) from module tcn_network_basic (D = \layer1.conv.impl.stage1_valid, Q = \layer1.conv.impl.output_valid, rval = 1'0).
Adding SRST signal on $flatten\layer1.$procdff$1085 ($dff) from module tcn_network_basic (D = $flatten\layer1.$procmux$663_Y, Q = \layer1.sample_out, rval = 8'00000000).
Adding EN signal on $auto$ff.cc:266:slice$1233 ($sdff) from module tcn_network_basic (D = $flatten\layer1.$3\saturate_to_sample$func$tcn_layer_basic.v:85$453.$result[7:0]$472, Q = \layer1.sample_out).
Adding SRST signal on $flatten\layer1.$procdff$1084 ($dff) from module tcn_network_basic (D = \layer1.conv.impl.output_valid, Q = \layer1.output_valid, rval = 1'0).
Adding SRST signal on $flatten\layer0.\conv.\impl.$procdff$1110 ($dff) from module tcn_network_basic (D = $flatten\layer0.\conv.\impl.$procmux$765_Y, Q = \layer0.conv.impl.history[1], rval = 8'00000000).
Adding EN signal on $auto$ff.cc:266:slice$1236 ($sdff) from module tcn_network_basic (D = \layer0.conv.impl.history[0], Q = \layer0.conv.impl.history[1]).
Adding SRST signal on $flatten\layer0.\conv.\impl.$procdff$1109 ($dff) from module tcn_network_basic (D = $flatten\layer0.\conv.\impl.$procmux$771_Y, Q = \layer0.conv.impl.history[0], rval = 8'00000000).
Adding EN signal on $auto$ff.cc:266:slice$1238 ($sdff) from module tcn_network_basic (D = \sample_in, Q = \layer0.conv.impl.history[0]).
Adding SRST signal on $flatten\layer0.\conv.\impl.$procdff$1108 ($dff) from module tcn_network_basic (D = $flatten\layer0.\conv.\impl.$procmux$776_Y, Q = \layer0.conv.impl.p4_stage1_r, rval = 0).
Adding EN signal on $auto$ff.cc:266:slice$1240 ($sdff) from module tcn_network_basic (D = \layer0.conv.impl.p4_r, Q = \layer0.conv.impl.p4_stage1_r).
Adding SRST signal on $flatten\layer0.\conv.\impl.$procdff$1107 ($dff) from module tcn_network_basic (D = $flatten\layer0.\conv.\impl.$procmux$781_Y, Q = \layer0.conv.impl.sum23_r, rval = 0).
Adding EN signal on $auto$ff.cc:266:slice$1242 ($sdff) from module tcn_network_basic (D = $flatten\layer0.\conv.\impl.$add$/Users/adarmaori/Desktop/Final$20Project/FPGA/conv1d_parallel_pipelined.v:81$532_Y, Q = \layer0.conv.impl.sum23_r).
Adding SRST signal on $flatten\layer0.\conv.\impl.$procdff$1106 ($dff) from module tcn_network_basic (D = $flatten\layer0.\conv.\impl.$procmux$786_Y, Q = \layer0.conv.impl.sum01_r, rval = 0).
Adding EN signal on $auto$ff.cc:266:slice$1244 ($sdff) from module tcn_network_basic (D = $flatten\layer0.\conv.\impl.$add$/Users/adarmaori/Desktop/Final$20Project/FPGA/conv1d_parallel_pipelined.v:80$531_Y, Q = \layer0.conv.impl.sum01_r).
Adding SRST signal on $flatten\layer0.\conv.\impl.$procdff$1105 ($dff) from module tcn_network_basic (D = \layer0.conv.impl.stage0_valid, Q = \layer0.conv.impl.stage1_valid, rval = 1'0).
Adding SRST signal on $flatten\layer0.\conv.\impl.$procdff$1104 ($dff) from module tcn_network_basic (D = $flatten\layer0.\conv.\impl.$procmux$792_Y, Q = \layer0.conv.impl.p4_r, rval = 0).
Adding EN signal on $auto$ff.cc:266:slice$1247 ($sdff) from module tcn_network_basic (D = 0, Q = \layer0.conv.impl.p4_r).
Adding SRST signal on $flatten\layer0.\conv.\impl.$procdff$1103 ($dff) from module tcn_network_basic (D = $flatten\layer0.\conv.\impl.$procmux$798_Y, Q = \layer0.conv.impl.p3_r, rval = 0).
Adding EN signal on $auto$ff.cc:266:slice$1249 ($sdff) from module tcn_network_basic (D = 0, Q = \layer0.conv.impl.p3_r).
Adding SRST signal on $flatten\layer0.\conv.\impl.$procdff$1102 ($dff) from module tcn_network_basic (D = $flatten\layer0.\conv.\impl.$procmux$804_Y, Q = \layer0.conv.impl.p2_r, rval = 0).
Adding EN signal on $auto$ff.cc:266:slice$1251 ($sdff) from module tcn_network_basic (D = { \layer0.conv.impl.history[1] [7] \layer0.conv.impl.history[1] [7] \layer0.conv.impl.history[1] [7] \layer0.conv.impl.history[1] [7] \layer0.conv.impl.history[1] [7] \layer0.conv.impl.history[1] [7] \layer0.conv.impl.history[1] [7] \layer0.conv.impl.history[1] [7] \layer0.conv.impl.history[1] [7] \layer0.conv.impl.history[1] [7] \layer0.conv.impl.history[1] [7] \layer0.conv.impl.history[1] [7] \layer0.conv.impl.history[1] [7] \layer0.conv.impl.history[1] [7] \layer0.conv.impl.history[1] [7] \layer0.conv.impl.history[1] [7] \layer0.conv.impl.history[1] [7] \layer0.conv.impl.history[1] [7] \layer0.conv.impl.history[1] [7] \layer0.conv.impl.history[1] [7] \layer0.conv.impl.history[1] [7] \layer0.conv.impl.history[1] [7] \layer0.conv.impl.history[1] [7] \layer0.conv.impl.history[1] [7] \layer0.conv.impl.history[1] }, Q = \layer0.conv.impl.p2_r).
Adding SRST signal on $flatten\layer0.\conv.\impl.$procdff$1101 ($dff) from module tcn_network_basic (D = $flatten\layer0.\conv.\impl.$procmux$810_Y, Q = \layer0.conv.impl.p1_r, rval = 0).
Adding EN signal on $auto$ff.cc:266:slice$1253 ($sdff) from module tcn_network_basic (D = $flatten\layer0.\conv.\impl.$mul$/Users/adarmaori/Desktop/Final$20Project/FPGA/conv1d_parallel_pipelined.v:68$527_Y, Q = \layer0.conv.impl.p1_r).
Adding SRST signal on $flatten\layer0.\conv.\impl.$procdff$1100 ($dff) from module tcn_network_basic (D = $flatten\layer0.\conv.\impl.$procmux$816_Y, Q = \layer0.conv.impl.p0_r, rval = 0).
Adding EN signal on $auto$ff.cc:266:slice$1255 ($sdff) from module tcn_network_basic (D = { \sample_in [7] \sample_in [7] \sample_in [7] \sample_in [7] \sample_in [7] \sample_in [7] \sample_in [7] \sample_in [7] \sample_in [7] \sample_in [7] \sample_in [7] \sample_in [7] \sample_in [7] \sample_in [7] \sample_in [7] \sample_in [7] \sample_in [7] \sample_in [7] \sample_in [7] \sample_in [7] \sample_in [7] \sample_in [7] \sample_in [7] \sample_in 1'0 }, Q = \layer0.conv.impl.p0_r).
Adding SRST signal on $flatten\layer0.\conv.\impl.$procdff$1099 ($dff) from module tcn_network_basic (D = \sample_valid, Q = \layer0.conv.impl.stage0_valid, rval = 1'0).
Adding SRST signal on $flatten\layer0.\conv.\impl.$procdff$1097 ($dff) from module tcn_network_basic (D = $flatten\layer0.\conv.\impl.$procmux$821_Y, Q = \layer0.conv.impl.sample_out, rval = 0).
Adding EN signal on $auto$ff.cc:266:slice$1258 ($sdff) from module tcn_network_basic (D = $flatten\layer0.\conv.\impl.$add$/Users/adarmaori/Desktop/Final$20Project/FPGA/conv1d_parallel_pipelined.v:86$535_Y, Q = \layer0.conv.impl.sample_out).
Adding SRST signal on $flatten\layer0.\conv.\impl.$procdff$1096 ($dff) from module tcn_network_basic (D = \layer0.conv.impl.stage1_valid, Q = \layer0.conv.impl.output_valid, rval = 1'0).
Adding SRST signal on $flatten\layer0.$procdff$1079 ($dff) from module tcn_network_basic (D = $flatten\layer0.$procmux$597_Y, Q = \layer0.sample_out, rval = 8'00000000).
Adding EN signal on $auto$ff.cc:266:slice$1261 ($sdff) from module tcn_network_basic (D = $flatten\layer0.$3\saturate_to_sample$func$tcn_layer_basic.v:85$475.$result[7:0]$494, Q = \layer0.sample_out).
Adding SRST signal on $flatten\layer0.$procdff$1078 ($dff) from module tcn_network_basic (D = \layer0.conv.impl.output_valid, Q = \layer0.output_valid, rval = 1'0).
Setting constant 0-bit at position 0 on $auto$ff.cc:266:slice$1256 ($sdffe) from module tcn_network_basic.
Setting constant 0-bit at position 0 on $auto$ff.cc:266:slice$1250 ($sdffe) from module tcn_network_basic.
Setting constant 0-bit at position 1 on $auto$ff.cc:266:slice$1250 ($sdffe) from module tcn_network_basic.
Setting constant 0-bit at position 2 on $auto$ff.cc:266:slice$1250 ($sdffe) from module tcn_network_basic.
Setting constant 0-bit at position 3 on $auto$ff.cc:266:slice$1250 ($sdffe) from module tcn_network_basic.
Setting constant 0-bit at position 4 on $auto$ff.cc:266:slice$1250 ($sdffe) from module tcn_network_basic.
Setting constant 0-bit at position 5 on $auto$ff.cc:266:slice$1250 ($sdffe) from module tcn_network_basic.
Setting constant 0-bit at position 6 on $auto$ff.cc:266:slice$1250 ($sdffe) from module tcn_network_basic.
Setting constant 0-bit at position 7 on $auto$ff.cc:266:slice$1250 ($sdffe) from module tcn_network_basic.
Setting constant 0-bit at position 8 on $auto$ff.cc:266:slice$1250 ($sdffe) from module tcn_network_basic.
Setting constant 0-bit at position 9 on $auto$ff.cc:266:slice$1250 ($sdffe) from module tcn_network_basic.
Setting constant 0-bit at position 10 on $auto$ff.cc:266:slice$1250 ($sdffe) from module tcn_network_basic.
Setting constant 0-bit at position 11 on $auto$ff.cc:266:slice$1250 ($sdffe) from module tcn_network_basic.
Setting constant 0-bit at position 12 on $auto$ff.cc:266:slice$1250 ($sdffe) from module tcn_network_basic.
Setting constant 0-bit at position 13 on $auto$ff.cc:266:slice$1250 ($sdffe) from module tcn_network_basic.
Setting constant 0-bit at position 14 on $auto$ff.cc:266:slice$1250 ($sdffe) from module tcn_network_basic.
Setting constant 0-bit at position 15 on $auto$ff.cc:266:slice$1250 ($sdffe) from module tcn_network_basic.
Setting constant 0-bit at position 16 on $auto$ff.cc:266:slice$1250 ($sdffe) from module tcn_network_basic.
Setting constant 0-bit at position 17 on $auto$ff.cc:266:slice$1250 ($sdffe) from module tcn_network_basic.
Setting constant 0-bit at position 18 on $auto$ff.cc:266:slice$1250 ($sdffe) from module tcn_network_basic.
Setting constant 0-bit at position 19 on $auto$ff.cc:266:slice$1250 ($sdffe) from module tcn_network_basic.
Setting constant 0-bit at position 20 on $auto$ff.cc:266:slice$1250 ($sdffe) from module tcn_network_basic.
Setting constant 0-bit at position 21 on $auto$ff.cc:266:slice$1250 ($sdffe) from module tcn_network_basic.
Setting constant 0-bit at position 22 on $auto$ff.cc:266:slice$1250 ($sdffe) from module tcn_network_basic.
Setting constant 0-bit at position 23 on $auto$ff.cc:266:slice$1250 ($sdffe) from module tcn_network_basic.
Setting constant 0-bit at position 24 on $auto$ff.cc:266:slice$1250 ($sdffe) from module tcn_network_basic.
Setting constant 0-bit at position 25 on $auto$ff.cc:266:slice$1250 ($sdffe) from module tcn_network_basic.
Setting constant 0-bit at position 26 on $auto$ff.cc:266:slice$1250 ($sdffe) from module tcn_network_basic.
Setting constant 0-bit at position 27 on $auto$ff.cc:266:slice$1250 ($sdffe) from module tcn_network_basic.
Setting constant 0-bit at position 28 on $auto$ff.cc:266:slice$1250 ($sdffe) from module tcn_network_basic.
Setting constant 0-bit at position 29 on $auto$ff.cc:266:slice$1250 ($sdffe) from module tcn_network_basic.
Setting constant 0-bit at position 30 on $auto$ff.cc:266:slice$1250 ($sdffe) from module tcn_network_basic.
Setting constant 0-bit at position 31 on $auto$ff.cc:266:slice$1250 ($sdffe) from module tcn_network_basic.
Setting constant 0-bit at position 0 on $auto$ff.cc:266:slice$1248 ($sdffe) from module tcn_network_basic.
Setting constant 0-bit at position 1 on $auto$ff.cc:266:slice$1248 ($sdffe) from module tcn_network_basic.
Setting constant 0-bit at position 2 on $auto$ff.cc:266:slice$1248 ($sdffe) from module tcn_network_basic.
Setting constant 0-bit at position 3 on $auto$ff.cc:266:slice$1248 ($sdffe) from module tcn_network_basic.
Setting constant 0-bit at position 4 on $auto$ff.cc:266:slice$1248 ($sdffe) from module tcn_network_basic.
Setting constant 0-bit at position 5 on $auto$ff.cc:266:slice$1248 ($sdffe) from module tcn_network_basic.
Setting constant 0-bit at position 6 on $auto$ff.cc:266:slice$1248 ($sdffe) from module tcn_network_basic.
Setting constant 0-bit at position 7 on $auto$ff.cc:266:slice$1248 ($sdffe) from module tcn_network_basic.
Setting constant 0-bit at position 8 on $auto$ff.cc:266:slice$1248 ($sdffe) from module tcn_network_basic.
Setting constant 0-bit at position 9 on $auto$ff.cc:266:slice$1248 ($sdffe) from module tcn_network_basic.
Setting constant 0-bit at position 10 on $auto$ff.cc:266:slice$1248 ($sdffe) from module tcn_network_basic.
Setting constant 0-bit at position 11 on $auto$ff.cc:266:slice$1248 ($sdffe) from module tcn_network_basic.
Setting constant 0-bit at position 12 on $auto$ff.cc:266:slice$1248 ($sdffe) from module tcn_network_basic.
Setting constant 0-bit at position 13 on $auto$ff.cc:266:slice$1248 ($sdffe) from module tcn_network_basic.
Setting constant 0-bit at position 14 on $auto$ff.cc:266:slice$1248 ($sdffe) from module tcn_network_basic.
Setting constant 0-bit at position 15 on $auto$ff.cc:266:slice$1248 ($sdffe) from module tcn_network_basic.
Setting constant 0-bit at position 16 on $auto$ff.cc:266:slice$1248 ($sdffe) from module tcn_network_basic.
Setting constant 0-bit at position 17 on $auto$ff.cc:266:slice$1248 ($sdffe) from module tcn_network_basic.
Setting constant 0-bit at position 18 on $auto$ff.cc:266:slice$1248 ($sdffe) from module tcn_network_basic.
Setting constant 0-bit at position 19 on $auto$ff.cc:266:slice$1248 ($sdffe) from module tcn_network_basic.
Setting constant 0-bit at position 20 on $auto$ff.cc:266:slice$1248 ($sdffe) from module tcn_network_basic.
Setting constant 0-bit at position 21 on $auto$ff.cc:266:slice$1248 ($sdffe) from module tcn_network_basic.
Setting constant 0-bit at position 22 on $auto$ff.cc:266:slice$1248 ($sdffe) from module tcn_network_basic.
Setting constant 0-bit at position 23 on $auto$ff.cc:266:slice$1248 ($sdffe) from module tcn_network_basic.
Setting constant 0-bit at position 24 on $auto$ff.cc:266:slice$1248 ($sdffe) from module tcn_network_basic.
Setting constant 0-bit at position 25 on $auto$ff.cc:266:slice$1248 ($sdffe) from module tcn_network_basic.
Setting constant 0-bit at position 26 on $auto$ff.cc:266:slice$1248 ($sdffe) from module tcn_network_basic.
Setting constant 0-bit at position 27 on $auto$ff.cc:266:slice$1248 ($sdffe) from module tcn_network_basic.
Setting constant 0-bit at position 28 on $auto$ff.cc:266:slice$1248 ($sdffe) from module tcn_network_basic.
Setting constant 0-bit at position 29 on $auto$ff.cc:266:slice$1248 ($sdffe) from module tcn_network_basic.
Setting constant 0-bit at position 30 on $auto$ff.cc:266:slice$1248 ($sdffe) from module tcn_network_basic.
Setting constant 0-bit at position 31 on $auto$ff.cc:266:slice$1248 ($sdffe) from module tcn_network_basic.
Setting constant 0-bit at position 0 on $auto$ff.cc:266:slice$1222 ($sdffe) from module tcn_network_basic.
Setting constant 0-bit at position 1 on $auto$ff.cc:266:slice$1222 ($sdffe) from module tcn_network_basic.
Setting constant 0-bit at position 2 on $auto$ff.cc:266:slice$1222 ($sdffe) from module tcn_network_basic.
Setting constant 0-bit at position 3 on $auto$ff.cc:266:slice$1222 ($sdffe) from module tcn_network_basic.
Setting constant 0-bit at position 4 on $auto$ff.cc:266:slice$1222 ($sdffe) from module tcn_network_basic.
Setting constant 0-bit at position 5 on $auto$ff.cc:266:slice$1222 ($sdffe) from module tcn_network_basic.
Setting constant 0-bit at position 6 on $auto$ff.cc:266:slice$1222 ($sdffe) from module tcn_network_basic.
Setting constant 0-bit at position 7 on $auto$ff.cc:266:slice$1222 ($sdffe) from module tcn_network_basic.
Setting constant 0-bit at position 8 on $auto$ff.cc:266:slice$1222 ($sdffe) from module tcn_network_basic.
Setting constant 0-bit at position 9 on $auto$ff.cc:266:slice$1222 ($sdffe) from module tcn_network_basic.
Setting constant 0-bit at position 10 on $auto$ff.cc:266:slice$1222 ($sdffe) from module tcn_network_basic.
Setting constant 0-bit at position 11 on $auto$ff.cc:266:slice$1222 ($sdffe) from module tcn_network_basic.
Setting constant 0-bit at position 12 on $auto$ff.cc:266:slice$1222 ($sdffe) from module tcn_network_basic.
Setting constant 0-bit at position 13 on $auto$ff.cc:266:slice$1222 ($sdffe) from module tcn_network_basic.
Setting constant 0-bit at position 14 on $auto$ff.cc:266:slice$1222 ($sdffe) from module tcn_network_basic.
Setting constant 0-bit at position 15 on $auto$ff.cc:266:slice$1222 ($sdffe) from module tcn_network_basic.
Setting constant 0-bit at position 16 on $auto$ff.cc:266:slice$1222 ($sdffe) from module tcn_network_basic.
Setting constant 0-bit at position 17 on $auto$ff.cc:266:slice$1222 ($sdffe) from module tcn_network_basic.
Setting constant 0-bit at position 18 on $auto$ff.cc:266:slice$1222 ($sdffe) from module tcn_network_basic.
Setting constant 0-bit at position 19 on $auto$ff.cc:266:slice$1222 ($sdffe) from module tcn_network_basic.
Setting constant 0-bit at position 20 on $auto$ff.cc:266:slice$1222 ($sdffe) from module tcn_network_basic.
Setting constant 0-bit at position 21 on $auto$ff.cc:266:slice$1222 ($sdffe) from module tcn_network_basic.
Setting constant 0-bit at position 22 on $auto$ff.cc:266:slice$1222 ($sdffe) from module tcn_network_basic.
Setting constant 0-bit at position 23 on $auto$ff.cc:266:slice$1222 ($sdffe) from module tcn_network_basic.
Setting constant 0-bit at position 24 on $auto$ff.cc:266:slice$1222 ($sdffe) from module tcn_network_basic.
Setting constant 0-bit at position 25 on $auto$ff.cc:266:slice$1222 ($sdffe) from module tcn_network_basic.
Setting constant 0-bit at position 26 on $auto$ff.cc:266:slice$1222 ($sdffe) from module tcn_network_basic.
Setting constant 0-bit at position 27 on $auto$ff.cc:266:slice$1222 ($sdffe) from module tcn_network_basic.
Setting constant 0-bit at position 28 on $auto$ff.cc:266:slice$1222 ($sdffe) from module tcn_network_basic.
Setting constant 0-bit at position 29 on $auto$ff.cc:266:slice$1222 ($sdffe) from module tcn_network_basic.
Setting constant 0-bit at position 30 on $auto$ff.cc:266:slice$1222 ($sdffe) from module tcn_network_basic.
Setting constant 0-bit at position 31 on $auto$ff.cc:266:slice$1222 ($sdffe) from module tcn_network_basic.
Setting constant 0-bit at position 0 on $auto$ff.cc:266:slice$1220 ($sdffe) from module tcn_network_basic.
Setting constant 0-bit at position 1 on $auto$ff.cc:266:slice$1220 ($sdffe) from module tcn_network_basic.
Setting constant 0-bit at position 2 on $auto$ff.cc:266:slice$1220 ($sdffe) from module tcn_network_basic.
Setting constant 0-bit at position 3 on $auto$ff.cc:266:slice$1220 ($sdffe) from module tcn_network_basic.
Setting constant 0-bit at position 4 on $auto$ff.cc:266:slice$1220 ($sdffe) from module tcn_network_basic.
Setting constant 0-bit at position 5 on $auto$ff.cc:266:slice$1220 ($sdffe) from module tcn_network_basic.
Setting constant 0-bit at position 6 on $auto$ff.cc:266:slice$1220 ($sdffe) from module tcn_network_basic.
Setting constant 0-bit at position 7 on $auto$ff.cc:266:slice$1220 ($sdffe) from module tcn_network_basic.
Setting constant 0-bit at position 8 on $auto$ff.cc:266:slice$1220 ($sdffe) from module tcn_network_basic.
Setting constant 0-bit at position 9 on $auto$ff.cc:266:slice$1220 ($sdffe) from module tcn_network_basic.
Setting constant 0-bit at position 10 on $auto$ff.cc:266:slice$1220 ($sdffe) from module tcn_network_basic.
Setting constant 0-bit at position 11 on $auto$ff.cc:266:slice$1220 ($sdffe) from module tcn_network_basic.
Setting constant 0-bit at position 12 on $auto$ff.cc:266:slice$1220 ($sdffe) from module tcn_network_basic.
Setting constant 0-bit at position 13 on $auto$ff.cc:266:slice$1220 ($sdffe) from module tcn_network_basic.
Setting constant 0-bit at position 14 on $auto$ff.cc:266:slice$1220 ($sdffe) from module tcn_network_basic.
Setting constant 0-bit at position 15 on $auto$ff.cc:266:slice$1220 ($sdffe) from module tcn_network_basic.
Setting constant 0-bit at position 16 on $auto$ff.cc:266:slice$1220 ($sdffe) from module tcn_network_basic.
Setting constant 0-bit at position 17 on $auto$ff.cc:266:slice$1220 ($sdffe) from module tcn_network_basic.
Setting constant 0-bit at position 18 on $auto$ff.cc:266:slice$1220 ($sdffe) from module tcn_network_basic.
Setting constant 0-bit at position 19 on $auto$ff.cc:266:slice$1220 ($sdffe) from module tcn_network_basic.
Setting constant 0-bit at position 20 on $auto$ff.cc:266:slice$1220 ($sdffe) from module tcn_network_basic.
Setting constant 0-bit at position 21 on $auto$ff.cc:266:slice$1220 ($sdffe) from module tcn_network_basic.
Setting constant 0-bit at position 22 on $auto$ff.cc:266:slice$1220 ($sdffe) from module tcn_network_basic.
Setting constant 0-bit at position 23 on $auto$ff.cc:266:slice$1220 ($sdffe) from module tcn_network_basic.
Setting constant 0-bit at position 24 on $auto$ff.cc:266:slice$1220 ($sdffe) from module tcn_network_basic.
Setting constant 0-bit at position 25 on $auto$ff.cc:266:slice$1220 ($sdffe) from module tcn_network_basic.
Setting constant 0-bit at position 26 on $auto$ff.cc:266:slice$1220 ($sdffe) from module tcn_network_basic.
Setting constant 0-bit at position 27 on $auto$ff.cc:266:slice$1220 ($sdffe) from module tcn_network_basic.
Setting constant 0-bit at position 28 on $auto$ff.cc:266:slice$1220 ($sdffe) from module tcn_network_basic.
Setting constant 0-bit at position 29 on $auto$ff.cc:266:slice$1220 ($sdffe) from module tcn_network_basic.
Setting constant 0-bit at position 30 on $auto$ff.cc:266:slice$1220 ($sdffe) from module tcn_network_basic.
Setting constant 0-bit at position 31 on $auto$ff.cc:266:slice$1220 ($sdffe) from module tcn_network_basic.
Setting constant 0-bit at position 0 on $auto$ff.cc:266:slice$1194 ($sdffe) from module tcn_network_basic.
Setting constant 0-bit at position 1 on $auto$ff.cc:266:slice$1194 ($sdffe) from module tcn_network_basic.
Setting constant 0-bit at position 2 on $auto$ff.cc:266:slice$1194 ($sdffe) from module tcn_network_basic.
Setting constant 0-bit at position 3 on $auto$ff.cc:266:slice$1194 ($sdffe) from module tcn_network_basic.
Setting constant 0-bit at position 4 on $auto$ff.cc:266:slice$1194 ($sdffe) from module tcn_network_basic.
Setting constant 0-bit at position 5 on $auto$ff.cc:266:slice$1194 ($sdffe) from module tcn_network_basic.
Setting constant 0-bit at position 6 on $auto$ff.cc:266:slice$1194 ($sdffe) from module tcn_network_basic.
Setting constant 0-bit at position 7 on $auto$ff.cc:266:slice$1194 ($sdffe) from module tcn_network_basic.
Setting constant 0-bit at position 8 on $auto$ff.cc:266:slice$1194 ($sdffe) from module tcn_network_basic.
Setting constant 0-bit at position 9 on $auto$ff.cc:266:slice$1194 ($sdffe) from module tcn_network_basic.
Setting constant 0-bit at position 10 on $auto$ff.cc:266:slice$1194 ($sdffe) from module tcn_network_basic.
Setting constant 0-bit at position 11 on $auto$ff.cc:266:slice$1194 ($sdffe) from module tcn_network_basic.
Setting constant 0-bit at position 12 on $auto$ff.cc:266:slice$1194 ($sdffe) from module tcn_network_basic.
Setting constant 0-bit at position 13 on $auto$ff.cc:266:slice$1194 ($sdffe) from module tcn_network_basic.
Setting constant 0-bit at position 14 on $auto$ff.cc:266:slice$1194 ($sdffe) from module tcn_network_basic.
Setting constant 0-bit at position 15 on $auto$ff.cc:266:slice$1194 ($sdffe) from module tcn_network_basic.
Setting constant 0-bit at position 16 on $auto$ff.cc:266:slice$1194 ($sdffe) from module tcn_network_basic.
Setting constant 0-bit at position 17 on $auto$ff.cc:266:slice$1194 ($sdffe) from module tcn_network_basic.
Setting constant 0-bit at position 18 on $auto$ff.cc:266:slice$1194 ($sdffe) from module tcn_network_basic.
Setting constant 0-bit at position 19 on $auto$ff.cc:266:slice$1194 ($sdffe) from module tcn_network_basic.
Setting constant 0-bit at position 20 on $auto$ff.cc:266:slice$1194 ($sdffe) from module tcn_network_basic.
Setting constant 0-bit at position 21 on $auto$ff.cc:266:slice$1194 ($sdffe) from module tcn_network_basic.
Setting constant 0-bit at position 22 on $auto$ff.cc:266:slice$1194 ($sdffe) from module tcn_network_basic.
Setting constant 0-bit at position 23 on $auto$ff.cc:266:slice$1194 ($sdffe) from module tcn_network_basic.
Setting constant 0-bit at position 24 on $auto$ff.cc:266:slice$1194 ($sdffe) from module tcn_network_basic.
Setting constant 0-bit at position 25 on $auto$ff.cc:266:slice$1194 ($sdffe) from module tcn_network_basic.
Setting constant 0-bit at position 26 on $auto$ff.cc:266:slice$1194 ($sdffe) from module tcn_network_basic.
Setting constant 0-bit at position 27 on $auto$ff.cc:266:slice$1194 ($sdffe) from module tcn_network_basic.
Setting constant 0-bit at position 28 on $auto$ff.cc:266:slice$1194 ($sdffe) from module tcn_network_basic.
Setting constant 0-bit at position 29 on $auto$ff.cc:266:slice$1194 ($sdffe) from module tcn_network_basic.
Setting constant 0-bit at position 30 on $auto$ff.cc:266:slice$1194 ($sdffe) from module tcn_network_basic.
Setting constant 0-bit at position 31 on $auto$ff.cc:266:slice$1194 ($sdffe) from module tcn_network_basic.
Setting constant 0-bit at position 0 on $auto$ff.cc:266:slice$1192 ($sdffe) from module tcn_network_basic.
Setting constant 0-bit at position 1 on $auto$ff.cc:266:slice$1192 ($sdffe) from module tcn_network_basic.
Setting constant 0-bit at position 2 on $auto$ff.cc:266:slice$1192 ($sdffe) from module tcn_network_basic.
Setting constant 0-bit at position 3 on $auto$ff.cc:266:slice$1192 ($sdffe) from module tcn_network_basic.
Setting constant 0-bit at position 4 on $auto$ff.cc:266:slice$1192 ($sdffe) from module tcn_network_basic.
Setting constant 0-bit at position 5 on $auto$ff.cc:266:slice$1192 ($sdffe) from module tcn_network_basic.
Setting constant 0-bit at position 6 on $auto$ff.cc:266:slice$1192 ($sdffe) from module tcn_network_basic.
Setting constant 0-bit at position 7 on $auto$ff.cc:266:slice$1192 ($sdffe) from module tcn_network_basic.
Setting constant 0-bit at position 8 on $auto$ff.cc:266:slice$1192 ($sdffe) from module tcn_network_basic.
Setting constant 0-bit at position 9 on $auto$ff.cc:266:slice$1192 ($sdffe) from module tcn_network_basic.
Setting constant 0-bit at position 10 on $auto$ff.cc:266:slice$1192 ($sdffe) from module tcn_network_basic.
Setting constant 0-bit at position 11 on $auto$ff.cc:266:slice$1192 ($sdffe) from module tcn_network_basic.
Setting constant 0-bit at position 12 on $auto$ff.cc:266:slice$1192 ($sdffe) from module tcn_network_basic.
Setting constant 0-bit at position 13 on $auto$ff.cc:266:slice$1192 ($sdffe) from module tcn_network_basic.
Setting constant 0-bit at position 14 on $auto$ff.cc:266:slice$1192 ($sdffe) from module tcn_network_basic.
Setting constant 0-bit at position 15 on $auto$ff.cc:266:slice$1192 ($sdffe) from module tcn_network_basic.
Setting constant 0-bit at position 16 on $auto$ff.cc:266:slice$1192 ($sdffe) from module tcn_network_basic.
Setting constant 0-bit at position 17 on $auto$ff.cc:266:slice$1192 ($sdffe) from module tcn_network_basic.
Setting constant 0-bit at position 18 on $auto$ff.cc:266:slice$1192 ($sdffe) from module tcn_network_basic.
Setting constant 0-bit at position 19 on $auto$ff.cc:266:slice$1192 ($sdffe) from module tcn_network_basic.
Setting constant 0-bit at position 20 on $auto$ff.cc:266:slice$1192 ($sdffe) from module tcn_network_basic.
Setting constant 0-bit at position 21 on $auto$ff.cc:266:slice$1192 ($sdffe) from module tcn_network_basic.
Setting constant 0-bit at position 22 on $auto$ff.cc:266:slice$1192 ($sdffe) from module tcn_network_basic.
Setting constant 0-bit at position 23 on $auto$ff.cc:266:slice$1192 ($sdffe) from module tcn_network_basic.
Setting constant 0-bit at position 24 on $auto$ff.cc:266:slice$1192 ($sdffe) from module tcn_network_basic.
Setting constant 0-bit at position 25 on $auto$ff.cc:266:slice$1192 ($sdffe) from module tcn_network_basic.
Setting constant 0-bit at position 26 on $auto$ff.cc:266:slice$1192 ($sdffe) from module tcn_network_basic.
Setting constant 0-bit at position 27 on $auto$ff.cc:266:slice$1192 ($sdffe) from module tcn_network_basic.
Setting constant 0-bit at position 28 on $auto$ff.cc:266:slice$1192 ($sdffe) from module tcn_network_basic.
Setting constant 0-bit at position 29 on $auto$ff.cc:266:slice$1192 ($sdffe) from module tcn_network_basic.
Setting constant 0-bit at position 30 on $auto$ff.cc:266:slice$1192 ($sdffe) from module tcn_network_basic.
Setting constant 0-bit at position 31 on $auto$ff.cc:266:slice$1192 ($sdffe) from module tcn_network_basic.
Setting constant 0-bit at position 0 on $auto$ff.cc:266:slice$1190 ($sdffe) from module tcn_network_basic.
Setting constant 0-bit at position 1 on $auto$ff.cc:266:slice$1190 ($sdffe) from module tcn_network_basic.
Setting constant 0-bit at position 2 on $auto$ff.cc:266:slice$1190 ($sdffe) from module tcn_network_basic.
Setting constant 0-bit at position 3 on $auto$ff.cc:266:slice$1190 ($sdffe) from module tcn_network_basic.
Setting constant 0-bit at position 4 on $auto$ff.cc:266:slice$1190 ($sdffe) from module tcn_network_basic.
Setting constant 0-bit at position 5 on $auto$ff.cc:266:slice$1190 ($sdffe) from module tcn_network_basic.
Setting constant 0-bit at position 6 on $auto$ff.cc:266:slice$1190 ($sdffe) from module tcn_network_basic.
Setting constant 0-bit at position 7 on $auto$ff.cc:266:slice$1190 ($sdffe) from module tcn_network_basic.
Setting constant 0-bit at position 8 on $auto$ff.cc:266:slice$1190 ($sdffe) from module tcn_network_basic.
Setting constant 0-bit at position 9 on $auto$ff.cc:266:slice$1190 ($sdffe) from module tcn_network_basic.
Setting constant 0-bit at position 10 on $auto$ff.cc:266:slice$1190 ($sdffe) from module tcn_network_basic.
Setting constant 0-bit at position 11 on $auto$ff.cc:266:slice$1190 ($sdffe) from module tcn_network_basic.
Setting constant 0-bit at position 12 on $auto$ff.cc:266:slice$1190 ($sdffe) from module tcn_network_basic.
Setting constant 0-bit at position 13 on $auto$ff.cc:266:slice$1190 ($sdffe) from module tcn_network_basic.
Setting constant 0-bit at position 14 on $auto$ff.cc:266:slice$1190 ($sdffe) from module tcn_network_basic.
Setting constant 0-bit at position 15 on $auto$ff.cc:266:slice$1190 ($sdffe) from module tcn_network_basic.
Setting constant 0-bit at position 16 on $auto$ff.cc:266:slice$1190 ($sdffe) from module tcn_network_basic.
Setting constant 0-bit at position 17 on $auto$ff.cc:266:slice$1190 ($sdffe) from module tcn_network_basic.
Setting constant 0-bit at position 18 on $auto$ff.cc:266:slice$1190 ($sdffe) from module tcn_network_basic.
Setting constant 0-bit at position 19 on $auto$ff.cc:266:slice$1190 ($sdffe) from module tcn_network_basic.
Setting constant 0-bit at position 20 on $auto$ff.cc:266:slice$1190 ($sdffe) from module tcn_network_basic.
Setting constant 0-bit at position 21 on $auto$ff.cc:266:slice$1190 ($sdffe) from module tcn_network_basic.
Setting constant 0-bit at position 22 on $auto$ff.cc:266:slice$1190 ($sdffe) from module tcn_network_basic.
Setting constant 0-bit at position 23 on $auto$ff.cc:266:slice$1190 ($sdffe) from module tcn_network_basic.
Setting constant 0-bit at position 24 on $auto$ff.cc:266:slice$1190 ($sdffe) from module tcn_network_basic.
Setting constant 0-bit at position 25 on $auto$ff.cc:266:slice$1190 ($sdffe) from module tcn_network_basic.
Setting constant 0-bit at position 26 on $auto$ff.cc:266:slice$1190 ($sdffe) from module tcn_network_basic.
Setting constant 0-bit at position 27 on $auto$ff.cc:266:slice$1190 ($sdffe) from module tcn_network_basic.
Setting constant 0-bit at position 28 on $auto$ff.cc:266:slice$1190 ($sdffe) from module tcn_network_basic.
Setting constant 0-bit at position 29 on $auto$ff.cc:266:slice$1190 ($sdffe) from module tcn_network_basic.
Setting constant 0-bit at position 30 on $auto$ff.cc:266:slice$1190 ($sdffe) from module tcn_network_basic.
Setting constant 0-bit at position 31 on $auto$ff.cc:266:slice$1190 ($sdffe) from module tcn_network_basic.
Setting constant 0-bit at position 0 on $auto$ff.cc:266:slice$1188 ($sdffe) from module tcn_network_basic.
Setting constant 0-bit at position 1 on $auto$ff.cc:266:slice$1188 ($sdffe) from module tcn_network_basic.
Setting constant 0-bit at position 2 on $auto$ff.cc:266:slice$1188 ($sdffe) from module tcn_network_basic.
Setting constant 0-bit at position 3 on $auto$ff.cc:266:slice$1188 ($sdffe) from module tcn_network_basic.
Setting constant 0-bit at position 4 on $auto$ff.cc:266:slice$1188 ($sdffe) from module tcn_network_basic.
Setting constant 0-bit at position 5 on $auto$ff.cc:266:slice$1188 ($sdffe) from module tcn_network_basic.
Setting constant 0-bit at position 6 on $auto$ff.cc:266:slice$1188 ($sdffe) from module tcn_network_basic.
Setting constant 0-bit at position 7 on $auto$ff.cc:266:slice$1188 ($sdffe) from module tcn_network_basic.
Setting constant 0-bit at position 8 on $auto$ff.cc:266:slice$1188 ($sdffe) from module tcn_network_basic.
Setting constant 0-bit at position 9 on $auto$ff.cc:266:slice$1188 ($sdffe) from module tcn_network_basic.
Setting constant 0-bit at position 10 on $auto$ff.cc:266:slice$1188 ($sdffe) from module tcn_network_basic.
Setting constant 0-bit at position 11 on $auto$ff.cc:266:slice$1188 ($sdffe) from module tcn_network_basic.
Setting constant 0-bit at position 12 on $auto$ff.cc:266:slice$1188 ($sdffe) from module tcn_network_basic.
Setting constant 0-bit at position 13 on $auto$ff.cc:266:slice$1188 ($sdffe) from module tcn_network_basic.
Setting constant 0-bit at position 14 on $auto$ff.cc:266:slice$1188 ($sdffe) from module tcn_network_basic.
Setting constant 0-bit at position 15 on $auto$ff.cc:266:slice$1188 ($sdffe) from module tcn_network_basic.
Setting constant 0-bit at position 16 on $auto$ff.cc:266:slice$1188 ($sdffe) from module tcn_network_basic.
Setting constant 0-bit at position 17 on $auto$ff.cc:266:slice$1188 ($sdffe) from module tcn_network_basic.
Setting constant 0-bit at position 18 on $auto$ff.cc:266:slice$1188 ($sdffe) from module tcn_network_basic.
Setting constant 0-bit at position 19 on $auto$ff.cc:266:slice$1188 ($sdffe) from module tcn_network_basic.
Setting constant 0-bit at position 20 on $auto$ff.cc:266:slice$1188 ($sdffe) from module tcn_network_basic.
Setting constant 0-bit at position 21 on $auto$ff.cc:266:slice$1188 ($sdffe) from module tcn_network_basic.
Setting constant 0-bit at position 22 on $auto$ff.cc:266:slice$1188 ($sdffe) from module tcn_network_basic.
Setting constant 0-bit at position 23 on $auto$ff.cc:266:slice$1188 ($sdffe) from module tcn_network_basic.
Setting constant 0-bit at position 24 on $auto$ff.cc:266:slice$1188 ($sdffe) from module tcn_network_basic.
Setting constant 0-bit at position 25 on $auto$ff.cc:266:slice$1188 ($sdffe) from module tcn_network_basic.
Setting constant 0-bit at position 26 on $auto$ff.cc:266:slice$1188 ($sdffe) from module tcn_network_basic.
Setting constant 0-bit at position 27 on $auto$ff.cc:266:slice$1188 ($sdffe) from module tcn_network_basic.
Setting constant 0-bit at position 28 on $auto$ff.cc:266:slice$1188 ($sdffe) from module tcn_network_basic.
Setting constant 0-bit at position 29 on $auto$ff.cc:266:slice$1188 ($sdffe) from module tcn_network_basic.
Setting constant 0-bit at position 30 on $auto$ff.cc:266:slice$1188 ($sdffe) from module tcn_network_basic.
Setting constant 0-bit at position 31 on $auto$ff.cc:266:slice$1188 ($sdffe) from module tcn_network_basic.

5.12.7. Executing OPT_CLEAN pass (remove unused cells and wires).
Finding unused cells or wires in module \tcn_network_basic..
Removed 84 unused cells and 84 unused wires.
<suppressed ~85 debug messages>

5.12.8. Executing OPT_EXPR pass (perform const folding).
Optimizing module tcn_network_basic.
<suppressed ~4 debug messages>

5.12.9. Rerunning OPT passes. (Maybe there is more to do..)

5.12.10. Executing OPT_MUXTREE pass (detect dead branches in mux trees).
Running muxtree optimizer on module \tcn_network_basic..
  Creating internal representation of mux trees.
  Evaluating internal representation of mux trees.
  Analyzing evaluation results.
Removed 0 multiplexer ports.
<suppressed ~6 debug messages>

5.12.11. Executing OPT_REDUCE pass (consolidate $*mux and $reduce_* inputs).
  Optimizing cells in module \tcn_network_basic.
Performed a total of 0 changes.

5.12.12. Executing OPT_MERGE pass (detect identical cells).
Finding identical cells in module `\tcn_network_basic'.
<suppressed ~3 debug messages>
Removed a total of 1 cells.

5.12.13. Executing OPT_DFF pass (perform DFF optimizations).
Setting constant 0-bit at position 0 on $auto$ff.cc:266:slice$1213 ($sdffe) from module tcn_network_basic.
Setting constant 0-bit at position 1 on $auto$ff.cc:266:slice$1213 ($sdffe) from module tcn_network_basic.
Setting constant 0-bit at position 2 on $auto$ff.cc:266:slice$1213 ($sdffe) from module tcn_network_basic.
Setting constant 0-bit at position 3 on $auto$ff.cc:266:slice$1213 ($sdffe) from module tcn_network_basic.
Setting constant 0-bit at position 4 on $auto$ff.cc:266:slice$1213 ($sdffe) from module tcn_network_basic.
Setting constant 0-bit at position 5 on $auto$ff.cc:266:slice$1213 ($sdffe) from module tcn_network_basic.
Setting constant 0-bit at position 6 on $auto$ff.cc:266:slice$1213 ($sdffe) from module tcn_network_basic.
Setting constant 0-bit at position 7 on $auto$ff.cc:266:slice$1213 ($sdffe) from module tcn_network_basic.
Setting constant 0-bit at position 8 on $auto$ff.cc:266:slice$1213 ($sdffe) from module tcn_network_basic.
Setting constant 0-bit at position 9 on $auto$ff.cc:266:slice$1213 ($sdffe) from module tcn_network_basic.
Setting constant 0-bit at position 10 on $auto$ff.cc:266:slice$1213 ($sdffe) from module tcn_network_basic.
Setting constant 0-bit at position 11 on $auto$ff.cc:266:slice$1213 ($sdffe) from module tcn_network_basic.
Setting constant 0-bit at position 12 on $auto$ff.cc:266:slice$1213 ($sdffe) from module tcn_network_basic.
Setting constant 0-bit at position 13 on $auto$ff.cc:266:slice$1213 ($sdffe) from module tcn_network_basic.
Setting constant 0-bit at position 14 on $auto$ff.cc:266:slice$1213 ($sdffe) from module tcn_network_basic.
Setting constant 0-bit at position 15 on $auto$ff.cc:266:slice$1213 ($sdffe) from module tcn_network_basic.
Setting constant 0-bit at position 16 on $auto$ff.cc:266:slice$1213 ($sdffe) from module tcn_network_basic.
Setting constant 0-bit at position 17 on $auto$ff.cc:266:slice$1213 ($sdffe) from module tcn_network_basic.
Setting constant 0-bit at position 18 on $auto$ff.cc:266:slice$1213 ($sdffe) from module tcn_network_basic.
Setting constant 0-bit at position 19 on $auto$ff.cc:266:slice$1213 ($sdffe) from module tcn_network_basic.
Setting constant 0-bit at position 20 on $auto$ff.cc:266:slice$1213 ($sdffe) from module tcn_network_basic.
Setting constant 0-bit at position 21 on $auto$ff.cc:266:slice$1213 ($sdffe) from module tcn_network_basic.
Setting constant 0-bit at position 22 on $auto$ff.cc:266:slice$1213 ($sdffe) from module tcn_network_basic.
Setting constant 0-bit at position 23 on $auto$ff.cc:266:slice$1213 ($sdffe) from module tcn_network_basic.
Setting constant 0-bit at position 24 on $auto$ff.cc:266:slice$1213 ($sdffe) from module tcn_network_basic.
Setting constant 0-bit at position 25 on $auto$ff.cc:266:slice$1213 ($sdffe) from module tcn_network_basic.
Setting constant 0-bit at position 26 on $auto$ff.cc:266:slice$1213 ($sdffe) from module tcn_network_basic.
Setting constant 0-bit at position 27 on $auto$ff.cc:266:slice$1213 ($sdffe) from module tcn_network_basic.
Setting constant 0-bit at position 28 on $auto$ff.cc:266:slice$1213 ($sdffe) from module tcn_network_basic.
Setting constant 0-bit at position 29 on $auto$ff.cc:266:slice$1213 ($sdffe) from module tcn_network_basic.
Setting constant 0-bit at position 30 on $auto$ff.cc:266:slice$1213 ($sdffe) from module tcn_network_basic.
Setting constant 0-bit at position 31 on $auto$ff.cc:266:slice$1213 ($sdffe) from module tcn_network_basic.
Setting constant 0-bit at position 0 on $auto$ff.cc:266:slice$1241 ($sdffe) from module tcn_network_basic.
Setting constant 0-bit at position 1 on $auto$ff.cc:266:slice$1241 ($sdffe) from module tcn_network_basic.
Setting constant 0-bit at position 2 on $auto$ff.cc:266:slice$1241 ($sdffe) from module tcn_network_basic.
Setting constant 0-bit at position 3 on $auto$ff.cc:266:slice$1241 ($sdffe) from module tcn_network_basic.
Setting constant 0-bit at position 4 on $auto$ff.cc:266:slice$1241 ($sdffe) from module tcn_network_basic.
Setting constant 0-bit at position 5 on $auto$ff.cc:266:slice$1241 ($sdffe) from module tcn_network_basic.
Setting constant 0-bit at position 6 on $auto$ff.cc:266:slice$1241 ($sdffe) from module tcn_network_basic.
Setting constant 0-bit at position 7 on $auto$ff.cc:266:slice$1241 ($sdffe) from module tcn_network_basic.
Setting constant 0-bit at position 8 on $auto$ff.cc:266:slice$1241 ($sdffe) from module tcn_network_basic.
Setting constant 0-bit at position 9 on $auto$ff.cc:266:slice$1241 ($sdffe) from module tcn_network_basic.
Setting constant 0-bit at position 10 on $auto$ff.cc:266:slice$1241 ($sdffe) from module tcn_network_basic.
Setting constant 0-bit at position 11 on $auto$ff.cc:266:slice$1241 ($sdffe) from module tcn_network_basic.
Setting constant 0-bit at position 12 on $auto$ff.cc:266:slice$1241 ($sdffe) from module tcn_network_basic.
Setting constant 0-bit at position 13 on $auto$ff.cc:266:slice$1241 ($sdffe) from module tcn_network_basic.
Setting constant 0-bit at position 14 on $auto$ff.cc:266:slice$1241 ($sdffe) from module tcn_network_basic.
Setting constant 0-bit at position 15 on $auto$ff.cc:266:slice$1241 ($sdffe) from module tcn_network_basic.
Setting constant 0-bit at position 16 on $auto$ff.cc:266:slice$1241 ($sdffe) from module tcn_network_basic.
Setting constant 0-bit at position 17 on $auto$ff.cc:266:slice$1241 ($sdffe) from module tcn_network_basic.
Setting constant 0-bit at position 18 on $auto$ff.cc:266:slice$1241 ($sdffe) from module tcn_network_basic.
Setting constant 0-bit at position 19 on $auto$ff.cc:266:slice$1241 ($sdffe) from module tcn_network_basic.
Setting constant 0-bit at position 20 on $auto$ff.cc:266:slice$1241 ($sdffe) from module tcn_network_basic.
Setting constant 0-bit at position 21 on $auto$ff.cc:266:slice$1241 ($sdffe) from module tcn_network_basic.
Setting constant 0-bit at position 22 on $auto$ff.cc:266:slice$1241 ($sdffe) from module tcn_network_basic.
Setting constant 0-bit at position 23 on $auto$ff.cc:266:slice$1241 ($sdffe) from module tcn_network_basic.
Setting constant 0-bit at position 24 on $auto$ff.cc:266:slice$1241 ($sdffe) from module tcn_network_basic.
Setting constant 0-bit at position 25 on $auto$ff.cc:266:slice$1241 ($sdffe) from module tcn_network_basic.
Setting constant 0-bit at position 26 on $auto$ff.cc:266:slice$1241 ($sdffe) from module tcn_network_basic.
Setting constant 0-bit at position 27 on $auto$ff.cc:266:slice$1241 ($sdffe) from module tcn_network_basic.
Setting constant 0-bit at position 28 on $auto$ff.cc:266:slice$1241 ($sdffe) from module tcn_network_basic.
Setting constant 0-bit at position 29 on $auto$ff.cc:266:slice$1241 ($sdffe) from module tcn_network_basic.
Setting constant 0-bit at position 30 on $auto$ff.cc:266:slice$1241 ($sdffe) from module tcn_network_basic.
Setting constant 0-bit at position 31 on $auto$ff.cc:266:slice$1241 ($sdffe) from module tcn_network_basic.
Setting constant 0-bit at position 0 on $auto$ff.cc:266:slice$1183 ($sdffe) from module tcn_network_basic.
Setting constant 0-bit at position 1 on $auto$ff.cc:266:slice$1183 ($sdffe) from module tcn_network_basic.
Setting constant 0-bit at position 2 on $auto$ff.cc:266:slice$1183 ($sdffe) from module tcn_network_basic.
Setting constant 0-bit at position 3 on $auto$ff.cc:266:slice$1183 ($sdffe) from module tcn_network_basic.
Setting constant 0-bit at position 4 on $auto$ff.cc:266:slice$1183 ($sdffe) from module tcn_network_basic.
Setting constant 0-bit at position 5 on $auto$ff.cc:266:slice$1183 ($sdffe) from module tcn_network_basic.
Setting constant 0-bit at position 6 on $auto$ff.cc:266:slice$1183 ($sdffe) from module tcn_network_basic.
Setting constant 0-bit at position 7 on $auto$ff.cc:266:slice$1183 ($sdffe) from module tcn_network_basic.
Setting constant 0-bit at position 8 on $auto$ff.cc:266:slice$1183 ($sdffe) from module tcn_network_basic.
Setting constant 0-bit at position 9 on $auto$ff.cc:266:slice$1183 ($sdffe) from module tcn_network_basic.
Setting constant 0-bit at position 10 on $auto$ff.cc:266:slice$1183 ($sdffe) from module tcn_network_basic.
Setting constant 0-bit at position 11 on $auto$ff.cc:266:slice$1183 ($sdffe) from module tcn_network_basic.
Setting constant 0-bit at position 12 on $auto$ff.cc:266:slice$1183 ($sdffe) from module tcn_network_basic.
Setting constant 0-bit at position 13 on $auto$ff.cc:266:slice$1183 ($sdffe) from module tcn_network_basic.
Setting constant 0-bit at position 14 on $auto$ff.cc:266:slice$1183 ($sdffe) from module tcn_network_basic.
Setting constant 0-bit at position 15 on $auto$ff.cc:266:slice$1183 ($sdffe) from module tcn_network_basic.
Setting constant 0-bit at position 16 on $auto$ff.cc:266:slice$1183 ($sdffe) from module tcn_network_basic.
Setting constant 0-bit at position 17 on $auto$ff.cc:266:slice$1183 ($sdffe) from module tcn_network_basic.
Setting constant 0-bit at position 18 on $auto$ff.cc:266:slice$1183 ($sdffe) from module tcn_network_basic.
Setting constant 0-bit at position 19 on $auto$ff.cc:266:slice$1183 ($sdffe) from module tcn_network_basic.
Setting constant 0-bit at position 20 on $auto$ff.cc:266:slice$1183 ($sdffe) from module tcn_network_basic.
Setting constant 0-bit at position 21 on $auto$ff.cc:266:slice$1183 ($sdffe) from module tcn_network_basic.
Setting constant 0-bit at position 22 on $auto$ff.cc:266:slice$1183 ($sdffe) from module tcn_network_basic.
Setting constant 0-bit at position 23 on $auto$ff.cc:266:slice$1183 ($sdffe) from module tcn_network_basic.
Setting constant 0-bit at position 24 on $auto$ff.cc:266:slice$1183 ($sdffe) from module tcn_network_basic.
Setting constant 0-bit at position 25 on $auto$ff.cc:266:slice$1183 ($sdffe) from module tcn_network_basic.
Setting constant 0-bit at position 26 on $auto$ff.cc:266:slice$1183 ($sdffe) from module tcn_network_basic.
Setting constant 0-bit at position 27 on $auto$ff.cc:266:slice$1183 ($sdffe) from module tcn_network_basic.
Setting constant 0-bit at position 28 on $auto$ff.cc:266:slice$1183 ($sdffe) from module tcn_network_basic.
Setting constant 0-bit at position 29 on $auto$ff.cc:266:slice$1183 ($sdffe) from module tcn_network_basic.
Setting constant 0-bit at position 30 on $auto$ff.cc:266:slice$1183 ($sdffe) from module tcn_network_basic.
Setting constant 0-bit at position 31 on $auto$ff.cc:266:slice$1183 ($sdffe) from module tcn_network_basic.

5.12.14. Executing OPT_CLEAN pass (remove unused cells and wires).
Finding unused cells or wires in module \tcn_network_basic..
Removed 0 unused cells and 4 unused wires.
<suppressed ~4 debug messages>

5.12.15. Executing OPT_EXPR pass (perform const folding).
Optimizing module tcn_network_basic.
<suppressed ~4 debug messages>

5.12.16. Rerunning OPT passes. (Maybe there is more to do..)

5.12.17. Executing OPT_MUXTREE pass (detect dead branches in mux trees).
Running muxtree optimizer on module \tcn_network_basic..
  Creating internal representation of mux trees.
  Evaluating internal representation of mux trees.
  Analyzing evaluation results.
Removed 0 multiplexer ports.
<suppressed ~6 debug messages>

5.12.18. Executing OPT_REDUCE pass (consolidate $*mux and $reduce_* inputs).
  Optimizing cells in module \tcn_network_basic.
Performed a total of 0 changes.

5.12.19. Executing OPT_MERGE pass (detect identical cells).
Finding identical cells in module `\tcn_network_basic'.
Removed a total of 0 cells.

5.12.20. Executing OPT_DFF pass (perform DFF optimizations).

5.12.21. Executing OPT_CLEAN pass (remove unused cells and wires).
Finding unused cells or wires in module \tcn_network_basic..
Removed 0 unused cells and 4 unused wires.
<suppressed ~5 debug messages>

5.12.22. Executing OPT_EXPR pass (perform const folding).
Optimizing module tcn_network_basic.

5.12.23. Rerunning OPT passes. (Maybe there is more to do..)

5.12.24. Executing OPT_MUXTREE pass (detect dead branches in mux trees).
Running muxtree optimizer on module \tcn_network_basic..
  Creating internal representation of mux trees.
  Evaluating internal representation of mux trees.
  Analyzing evaluation results.
Removed 0 multiplexer ports.
<suppressed ~6 debug messages>

5.12.25. Executing OPT_REDUCE pass (consolidate $*mux and $reduce_* inputs).
  Optimizing cells in module \tcn_network_basic.
Performed a total of 0 changes.

5.12.26. Executing OPT_MERGE pass (detect identical cells).
Finding identical cells in module `\tcn_network_basic'.
Removed a total of 0 cells.

5.12.27. Executing OPT_DFF pass (perform DFF optimizations).

5.12.28. Executing OPT_CLEAN pass (remove unused cells and wires).
Finding unused cells or wires in module \tcn_network_basic..

5.12.29. Executing OPT_EXPR pass (perform const folding).
Optimizing module tcn_network_basic.

5.12.30. Finished OPT passes. (There is nothing left to do.)

5.13. Executing WREDUCE pass (reducing word size of cells).
Removed top 24 bits (of 32) from FF cell tcn_network_basic.$auto$ff.cc:266:slice$1252 ($sdffe).
Removed top 23 bits (of 31) from FF cell tcn_network_basic.$auto$ff.cc:266:slice$1264 ($sdffe).
Removed top 24 bits (of 32) from port B of cell tcn_network_basic.$flatten\layer0.$lt$tcn_layer_basic.v:66$495 ($lt).
Removed top 24 bits (of 32) from port B of cell tcn_network_basic.$flatten\layer0.$gt$tcn_layer_basic.v:64$493 ($gt).
Removed top 31 bits (of 32) from port B of cell tcn_network_basic.$flatten\layer0.$lt$tcn_layer_basic.v:76$477 ($lt).
Removed top 24 bits (of 32) from FF cell tcn_network_basic.$auto$ff.cc:266:slice$1226 ($sdffe).
Removed top 24 bits (of 32) from FF cell tcn_network_basic.$auto$ff.cc:266:slice$1228 ($sdffe).
Removed top 24 bits (of 32) from port A of cell tcn_network_basic.$flatten\layer1.\conv.\impl.$add$/Users/adarmaori/Desktop/Final$20Project/FPGA/conv1d_parallel_pipelined.v:80$518 ($add).
Removed top 24 bits (of 32) from port B of cell tcn_network_basic.$flatten\layer1.\conv.\impl.$add$/Users/adarmaori/Desktop/Final$20Project/FPGA/conv1d_parallel_pipelined.v:80$518 ($add).
Removed top 23 bits (of 32) from port Y of cell tcn_network_basic.$flatten\layer1.\conv.\impl.$add$/Users/adarmaori/Desktop/Final$20Project/FPGA/conv1d_parallel_pipelined.v:80$518 ($add).
Removed top 24 bits (of 32) from port B of cell tcn_network_basic.$flatten\layer1.$lt$tcn_layer_basic.v:66$473 ($lt).
Removed top 24 bits (of 32) from port B of cell tcn_network_basic.$flatten\layer1.$gt$tcn_layer_basic.v:64$471 ($gt).
Removed top 31 bits (of 32) from port B of cell tcn_network_basic.$flatten\layer1.$lt$tcn_layer_basic.v:76$455 ($lt).
Removed top 24 bits (of 32) from FF cell tcn_network_basic.$auto$ff.cc:266:slice$1196 ($sdffe).
Removed top 24 bits (of 32) from port B of cell tcn_network_basic.$flatten\output_layer.$lt$tcn_layer_basic.v:66$451 ($lt).
Removed top 24 bits (of 32) from port B of cell tcn_network_basic.$flatten\output_layer.$gt$tcn_layer_basic.v:64$449 ($gt).
Removed top 31 bits (of 32) from port B of cell tcn_network_basic.$flatten\output_layer.$lt$tcn_layer_basic.v:76$433 ($lt).
Removed top 24 bits (of 32) from FF cell tcn_network_basic.$auto$ff.cc:266:slice$1243 ($sdffe).
Removed top 23 bits (of 32) from port A of cell tcn_network_basic.$flatten\layer0.\conv.\impl.$add$/Users/adarmaori/Desktop/Final$20Project/FPGA/conv1d_parallel_pipelined.v:80$531 ($add).
Removed top 24 bits (of 32) from FF cell tcn_network_basic.$auto$ff.cc:266:slice$1185 ($sdffe).
Removed top 24 bits (of 32) from port B of cell tcn_network_basic.$flatten\layer0.\conv.\impl.$add$/Users/adarmaori/Desktop/Final$20Project/FPGA/conv1d_parallel_pipelined.v:86$534 ($add).
Removed top 24 bits (of 32) from FF cell tcn_network_basic.$auto$ff.cc:266:slice$1199 ($sdffe).
Removed top 24 bits (of 32) from port A of cell tcn_network_basic.$flatten\output_layer.$lt$tcn_layer_basic.v:76$433 ($lt).

5.14. Executing PEEPOPT pass (run peephole optimizers).

5.15. Executing OPT_CLEAN pass (remove unused cells and wires).
Finding unused cells or wires in module \tcn_network_basic..

5.16. Executing SHARE pass (SAT-based resource sharing).

5.17. Executing TECHMAP pass (map to technology primitives).

5.17.1. Executing Verilog-2005 frontend: /opt/homebrew/bin/../share/yosys/cmp2lut.v
Parsing Verilog input from `/opt/homebrew/bin/../share/yosys/cmp2lut.v' to AST representation.
Generating RTLIL representation for module `\_90_lut_cmp_'.
Successfully finished Verilog frontend.

5.17.2. Continuing TECHMAP pass.
No more expansions possible.
<suppressed ~114 debug messages>

5.18. Executing OPT_EXPR pass (perform const folding).
Optimizing module tcn_network_basic.

5.19. Executing OPT_CLEAN pass (remove unused cells and wires).
Finding unused cells or wires in module \tcn_network_basic..

5.20. Executing ALUMACC pass (create $alu and $macc cells).
Extracting $alu and $macc cells in module tcn_network_basic:
  creating $macc model for $flatten\layer0.\conv.\impl.$add$/Users/adarmaori/Desktop/Final$20Project/FPGA/conv1d_parallel_pipelined.v:80$531 ($add).
  creating $macc model for $flatten\layer0.\conv.\impl.$add$/Users/adarmaori/Desktop/Final$20Project/FPGA/conv1d_parallel_pipelined.v:86$534 ($add).
  creating $macc model for $flatten\layer0.\conv.\impl.$mul$/Users/adarmaori/Desktop/Final$20Project/FPGA/conv1d_parallel_pipelined.v:68$527 ($neg).
  creating $macc model for $flatten\layer1.\conv.\impl.$add$/Users/adarmaori/Desktop/Final$20Project/FPGA/conv1d_parallel_pipelined.v:80$518 ($add).
  creating $macc model for $flatten\layer1.\conv.\impl.$add$/Users/adarmaori/Desktop/Final$20Project/FPGA/conv1d_parallel_pipelined.v:86$521 ($add).
  creating $macc model for $flatten\layer1.\conv.\impl.$mul$/Users/adarmaori/Desktop/Final$20Project/FPGA/conv1d_parallel_pipelined.v:69$515 ($neg).
  creating $alu model for $macc $flatten\layer1.\conv.\impl.$add$/Users/adarmaori/Desktop/Final$20Project/FPGA/conv1d_parallel_pipelined.v:86$521.
  creating $alu model for $macc $flatten\layer1.\conv.\impl.$add$/Users/adarmaori/Desktop/Final$20Project/FPGA/conv1d_parallel_pipelined.v:80$518.
  creating $alu model for $macc $flatten\layer0.\conv.\impl.$add$/Users/adarmaori/Desktop/Final$20Project/FPGA/conv1d_parallel_pipelined.v:86$534.
  creating $alu model for $macc $flatten\layer0.\conv.\impl.$add$/Users/adarmaori/Desktop/Final$20Project/FPGA/conv1d_parallel_pipelined.v:80$531.
  creating $macc cell for $flatten\layer0.\conv.\impl.$mul$/Users/adarmaori/Desktop/Final$20Project/FPGA/conv1d_parallel_pipelined.v:68$527: $auto$alumacc.cc:365:replace_macc$1266
  creating $macc cell for $flatten\layer1.\conv.\impl.$mul$/Users/adarmaori/Desktop/Final$20Project/FPGA/conv1d_parallel_pipelined.v:69$515: $auto$alumacc.cc:365:replace_macc$1267
  creating $alu model for $flatten\layer0.$gt$tcn_layer_basic.v:64$493 ($gt): new $alu
  creating $alu model for $flatten\layer0.$lt$tcn_layer_basic.v:66$495 ($lt): new $alu
  creating $alu model for $flatten\layer0.$lt$tcn_layer_basic.v:76$477 ($lt): new $alu
  creating $alu model for $flatten\layer1.$gt$tcn_layer_basic.v:64$471 ($gt): new $alu
  creating $alu model for $flatten\layer1.$lt$tcn_layer_basic.v:66$473 ($lt): new $alu
  creating $alu model for $flatten\layer1.$lt$tcn_layer_basic.v:76$455 ($lt): new $alu
  creating $alu model for $flatten\output_layer.$gt$tcn_layer_basic.v:64$449 ($gt): new $alu
  creating $alu model for $flatten\output_layer.$lt$tcn_layer_basic.v:66$451 ($lt): new $alu
  creating $alu model for $flatten\output_layer.$lt$tcn_layer_basic.v:76$433 ($lt): new $alu
  creating $alu cell for $flatten\output_layer.$lt$tcn_layer_basic.v:76$433: $auto$alumacc.cc:485:replace_alu$1277
  creating $alu cell for $flatten\output_layer.$lt$tcn_layer_basic.v:66$451: $auto$alumacc.cc:485:replace_alu$1290
  creating $alu cell for $flatten\output_layer.$gt$tcn_layer_basic.v:64$449: $auto$alumacc.cc:485:replace_alu$1303
  creating $alu cell for $flatten\layer1.$lt$tcn_layer_basic.v:76$455: $auto$alumacc.cc:485:replace_alu$1310
  creating $alu cell for $flatten\layer1.$lt$tcn_layer_basic.v:66$473: $auto$alumacc.cc:485:replace_alu$1323
  creating $alu cell for $flatten\layer1.$gt$tcn_layer_basic.v:64$471: $auto$alumacc.cc:485:replace_alu$1336
  creating $alu cell for $flatten\layer0.$lt$tcn_layer_basic.v:76$477: $auto$alumacc.cc:485:replace_alu$1343
  creating $alu cell for $flatten\layer0.$lt$tcn_layer_basic.v:66$495: $auto$alumacc.cc:485:replace_alu$1356
  creating $alu cell for $flatten\layer0.$gt$tcn_layer_basic.v:64$493: $auto$alumacc.cc:485:replace_alu$1369
  creating $alu cell for $flatten\layer0.\conv.\impl.$add$/Users/adarmaori/Desktop/Final$20Project/FPGA/conv1d_parallel_pipelined.v:80$531: $auto$alumacc.cc:485:replace_alu$1376
  creating $alu cell for $flatten\layer0.\conv.\impl.$add$/Users/adarmaori/Desktop/Final$20Project/FPGA/conv1d_parallel_pipelined.v:86$534: $auto$alumacc.cc:485:replace_alu$1379
  creating $alu cell for $flatten\layer1.\conv.\impl.$add$/Users/adarmaori/Desktop/Final$20Project/FPGA/conv1d_parallel_pipelined.v:80$518: $auto$alumacc.cc:485:replace_alu$1382
  creating $alu cell for $flatten\layer1.\conv.\impl.$add$/Users/adarmaori/Desktop/Final$20Project/FPGA/conv1d_parallel_pipelined.v:86$521: $auto$alumacc.cc:485:replace_alu$1385
  created 13 $alu and 2 $macc cells.

5.21. Executing OPT pass (performing simple optimizations).

5.21.1. Executing OPT_EXPR pass (perform const folding).
Optimizing module tcn_network_basic.
<suppressed ~3 debug messages>

5.21.2. Executing OPT_MERGE pass (detect identical cells).
Finding identical cells in module `\tcn_network_basic'.
<suppressed ~9 debug messages>
Removed a total of 3 cells.

5.21.3. Executing OPT_MUXTREE pass (detect dead branches in mux trees).
Running muxtree optimizer on module \tcn_network_basic..
  Creating internal representation of mux trees.
  Evaluating internal representation of mux trees.
  Analyzing evaluation results.
Removed 0 multiplexer ports.
<suppressed ~6 debug messages>

5.21.4. Executing OPT_REDUCE pass (consolidate $*mux and $reduce_* inputs).
  Optimizing cells in module \tcn_network_basic.
Performed a total of 0 changes.

5.21.5. Executing OPT_MERGE pass (detect identical cells).
Finding identical cells in module `\tcn_network_basic'.
Removed a total of 0 cells.

5.21.6. Executing OPT_DFF pass (perform DFF optimizations).

5.21.7. Executing OPT_CLEAN pass (remove unused cells and wires).
Finding unused cells or wires in module \tcn_network_basic..
Removed 3 unused cells and 12 unused wires.
<suppressed ~4 debug messages>

5.21.8. Executing OPT_EXPR pass (perform const folding).
Optimizing module tcn_network_basic.

5.21.9. Rerunning OPT passes. (Maybe there is more to do..)

5.21.10. Executing OPT_MUXTREE pass (detect dead branches in mux trees).
Running muxtree optimizer on module \tcn_network_basic..
  Creating internal representation of mux trees.
  Evaluating internal representation of mux trees.
  Analyzing evaluation results.
Removed 0 multiplexer ports.
<suppressed ~6 debug messages>

5.21.11. Executing OPT_REDUCE pass (consolidate $*mux and $reduce_* inputs).
  Optimizing cells in module \tcn_network_basic.
Performed a total of 0 changes.

5.21.12. Executing OPT_MERGE pass (detect identical cells).
Finding identical cells in module `\tcn_network_basic'.
Removed a total of 0 cells.

5.21.13. Executing OPT_DFF pass (perform DFF optimizations).

5.21.14. Executing OPT_CLEAN pass (remove unused cells and wires).
Finding unused cells or wires in module \tcn_network_basic..

5.21.15. Executing OPT_EXPR pass (perform const folding).
Optimizing module tcn_network_basic.

5.21.16. Finished OPT passes. (There is nothing left to do.)

5.22. Executing MEMORY pass.

5.22.1. Executing OPT_MEM pass (optimize memories).
Performed a total of 0 transformations.

5.22.2. Executing OPT_MEM_PRIORITY pass (removing unnecessary memory write priority relations).
Performed a total of 0 transformations.

5.22.3. Executing OPT_MEM_FEEDBACK pass (finding memory read-to-write feedback paths).

5.22.4. Executing MEMORY_BMUX2ROM pass (converting muxes to ROMs).

5.22.5. Executing MEMORY_DFF pass (merging $dff cells to $memrd).

5.22.6. Executing OPT_CLEAN pass (remove unused cells and wires).
Finding unused cells or wires in module \tcn_network_basic..

5.22.7. Executing MEMORY_SHARE pass (consolidating $memrd/$memwr cells).

5.22.8. Executing OPT_MEM_WIDEN pass (optimize memories where all ports are wide).
Performed a total of 0 transformations.

5.22.9. Executing OPT_CLEAN pass (remove unused cells and wires).
Finding unused cells or wires in module \tcn_network_basic..

5.22.10. Executing MEMORY_COLLECT pass (generating $mem cells).

5.23. Executing OPT_CLEAN pass (remove unused cells and wires).
Finding unused cells or wires in module \tcn_network_basic..

5.24. Executing MEMORY_LIBMAP pass (mapping memories to cells).

5.25. Executing TECHMAP pass (map to technology primitives).

5.25.1. Executing Verilog-2005 frontend: /opt/homebrew/bin/../share/yosys/ice40/brams_map.v
Parsing Verilog input from `/opt/homebrew/bin/../share/yosys/ice40/brams_map.v' to AST representation.
Generating RTLIL representation for module `\$__ICE40_RAM4K_'.
Successfully finished Verilog frontend.

5.25.2. Executing Verilog-2005 frontend: /opt/homebrew/bin/../share/yosys/ice40/spram_map.v
Parsing Verilog input from `/opt/homebrew/bin/../share/yosys/ice40/spram_map.v' to AST representation.
Generating RTLIL representation for module `\$__ICE40_SPRAM_'.
Successfully finished Verilog frontend.

5.25.3. Continuing TECHMAP pass.
No more expansions possible.
<suppressed ~4 debug messages>

5.26. Executing ICE40_BRAMINIT pass.

5.27. Executing OPT pass (performing simple optimizations).

5.27.1. Executing OPT_EXPR pass (perform const folding).
Optimizing module tcn_network_basic.
<suppressed ~7 debug messages>

5.27.2. Executing OPT_MERGE pass (detect identical cells).
Finding identical cells in module `\tcn_network_basic'.
Removed a total of 0 cells.

5.27.3. Executing OPT_DFF pass (perform DFF optimizations).

5.27.4. Executing OPT_CLEAN pass (remove unused cells and wires).
Finding unused cells or wires in module \tcn_network_basic..
Removed 21 unused cells and 21 unused wires.
<suppressed ~22 debug messages>

5.27.5. Finished fast OPT passes.

5.28. Executing MEMORY_MAP pass (converting memories to logic and flip-flops).

5.29. Executing OPT pass (performing simple optimizations).

5.29.1. Executing OPT_EXPR pass (perform const folding).
Optimizing module tcn_network_basic.

5.29.2. Executing OPT_MERGE pass (detect identical cells).
Finding identical cells in module `\tcn_network_basic'.
Removed a total of 0 cells.

5.29.3. Executing OPT_MUXTREE pass (detect dead branches in mux trees).
Running muxtree optimizer on module \tcn_network_basic..
  Creating internal representation of mux trees.
  Evaluating internal representation of mux trees.
  Analyzing evaluation results.
Removed 0 multiplexer ports.
<suppressed ~6 debug messages>

5.29.4. Executing OPT_REDUCE pass (consolidate $*mux and $reduce_* inputs).
  Optimizing cells in module \tcn_network_basic.
    Consolidated identical input bits for $mux cell $flatten\output_layer.$ternary$tcn_layer_basic.v:76$435:
      Old ports: A={ \output_layer.conv.impl.sample_out [7] \output_layer.conv.impl.sample_out [7] \output_layer.conv.impl.sample_out [7] \output_layer.conv.impl.sample_out [7] \output_layer.conv.impl.sample_out [7] \output_layer.conv.impl.sample_out [7] \output_layer.conv.impl.sample_out [7] \output_layer.conv.impl.sample_out [7] \output_layer.conv.impl.sample_out [7] \output_layer.conv.impl.sample_out [7] \output_layer.conv.impl.sample_out [7] \output_layer.conv.impl.sample_out [7] \output_layer.conv.impl.sample_out [7] \output_layer.conv.impl.sample_out [7] \output_layer.conv.impl.sample_out [7] \output_layer.conv.impl.sample_out [7] \output_layer.conv.impl.sample_out [7] \output_layer.conv.impl.sample_out [7] \output_layer.conv.impl.sample_out [7] \output_layer.conv.impl.sample_out [7] \output_layer.conv.impl.sample_out [7] \output_layer.conv.impl.sample_out [7] \output_layer.conv.impl.sample_out [7] \output_layer.conv.impl.sample_out [7] \output_layer.conv.impl.sample_out [7:0] }, B=0, Y=\output_layer.relu_out
      New ports: A=\output_layer.conv.impl.sample_out [7:0], B=8'00000000, Y=\output_layer.relu_out [7:0]
      New connections: \output_layer.relu_out [31:8] = { \output_layer.relu_out [7] \output_layer.relu_out [7] \output_layer.relu_out [7] \output_layer.relu_out [7] \output_layer.relu_out [7] \output_layer.relu_out [7] \output_layer.relu_out [7] \output_layer.relu_out [7] \output_layer.relu_out [7] \output_layer.relu_out [7] \output_layer.relu_out [7] \output_layer.relu_out [7] \output_layer.relu_out [7] \output_layer.relu_out [7] \output_layer.relu_out [7] \output_layer.relu_out [7] \output_layer.relu_out [7] \output_layer.relu_out [7] \output_layer.relu_out [7] \output_layer.relu_out [7] \output_layer.relu_out [7] \output_layer.relu_out [7] \output_layer.relu_out [7] \output_layer.relu_out [7] }
  Optimizing cells in module \tcn_network_basic.
Performed a total of 1 changes.

5.29.5. Executing OPT_MERGE pass (detect identical cells).
Finding identical cells in module `\tcn_network_basic'.
Removed a total of 0 cells.

5.29.6. Executing OPT_DFF pass (perform DFF optimizations).

5.29.7. Executing OPT_CLEAN pass (remove unused cells and wires).
Finding unused cells or wires in module \tcn_network_basic..

5.29.8. Executing OPT_EXPR pass (perform const folding).
Optimizing module tcn_network_basic.

5.29.9. Rerunning OPT passes. (Maybe there is more to do..)

5.29.10. Executing OPT_MUXTREE pass (detect dead branches in mux trees).
Running muxtree optimizer on module \tcn_network_basic..
  Creating internal representation of mux trees.
  Evaluating internal representation of mux trees.
  Analyzing evaluation results.
Removed 0 multiplexer ports.
<suppressed ~6 debug messages>

5.29.11. Executing OPT_REDUCE pass (consolidate $*mux and $reduce_* inputs).
  Optimizing cells in module \tcn_network_basic.
Performed a total of 0 changes.

5.29.12. Executing OPT_MERGE pass (detect identical cells).
Finding identical cells in module `\tcn_network_basic'.
Removed a total of 0 cells.

5.29.13. Executing OPT_DFF pass (perform DFF optimizations).

5.29.14. Executing OPT_CLEAN pass (remove unused cells and wires).
Finding unused cells or wires in module \tcn_network_basic..

5.29.15. Executing OPT_EXPR pass (perform const folding).
Optimizing module tcn_network_basic.

5.29.16. Finished OPT passes. (There is nothing left to do.)

5.30. Executing ICE40_WRAPCARRY pass (wrap carries).

5.31. Executing TECHMAP pass (map to technology primitives).

5.31.1. Executing Verilog-2005 frontend: /opt/homebrew/bin/../share/yosys/techmap.v
Parsing Verilog input from `/opt/homebrew/bin/../share/yosys/techmap.v' to AST representation.
Generating RTLIL representation for module `\_90_simplemap_bool_ops'.
Generating RTLIL representation for module `\_90_simplemap_reduce_ops'.
Generating RTLIL representation for module `\_90_simplemap_logic_ops'.
Generating RTLIL representation for module `\_90_simplemap_compare_ops'.
Generating RTLIL representation for module `\_90_simplemap_various'.
Generating RTLIL representation for module `\_90_simplemap_registers'.
Generating RTLIL representation for module `\_90_shift_ops_shr_shl_sshl_sshr'.
Generating RTLIL representation for module `\_90_shift_shiftx'.
Generating RTLIL representation for module `\_90_fa'.
Generating RTLIL representation for module `\_90_lcu_brent_kung'.
Generating RTLIL representation for module `\_90_alu'.
Generating RTLIL representation for module `\_90_macc'.
Generating RTLIL representation for module `\_90_alumacc'.
Generating RTLIL representation for module `\$__div_mod_u'.
Generating RTLIL representation for module `\$__div_mod_trunc'.
Generating RTLIL representation for module `\_90_div'.
Generating RTLIL representation for module `\_90_mod'.
Generating RTLIL representation for module `\$__div_mod_floor'.
Generating RTLIL representation for module `\_90_divfloor'.
Generating RTLIL representation for module `\_90_modfloor'.
Generating RTLIL representation for module `\_90_pow'.
Generating RTLIL representation for module `\_90_pmux'.
Generating RTLIL representation for module `\_90_demux'.
Generating RTLIL representation for module `\_90_lut'.
Successfully finished Verilog frontend.

5.31.2. Executing Verilog-2005 frontend: /opt/homebrew/bin/../share/yosys/ice40/arith_map.v
Parsing Verilog input from `/opt/homebrew/bin/../share/yosys/ice40/arith_map.v' to AST representation.
Generating RTLIL representation for module `\_80_ice40_alu'.
Successfully finished Verilog frontend.

5.31.3. Continuing TECHMAP pass.
Using extmapper simplemap for cells of type $reduce_and.
Using extmapper simplemap for cells of type $xor.
Using extmapper maccmap for cells of type $macc.
  sub \layer0.conv.impl.history[0] (8 bits, signed)
Using extmapper simplemap for cells of type $or.
Using extmapper simplemap for cells of type $sdff.
Using extmapper simplemap for cells of type $not.
Using extmapper simplemap for cells of type $sdffe.
Using template $paramod$381d5ac9ce4d79feb95fa03ade8f84c5a58bb3c0\_80_ice40_alu for cells of type $alu.
Using template $paramod$8fdcfe020be5e507ba05385ffd706e02b549d39d\_80_ice40_alu for cells of type $alu.
  sub \layer1.conv.impl.history[3] (8 bits, signed)
Using extmapper simplemap for cells of type $mux.
Using template $paramod$14958951841968c08e77836e0986cbad689c1afd\_80_ice40_alu for cells of type $alu.
Using template $paramod$8cac621354349fbd708d5088bec515ea4f6bcb70\_80_ice40_alu for cells of type $alu.
Using extmapper simplemap for cells of type $logic_and.
Using template $paramod$0f2aa60fba701d67502e823e64efc6ddc589f33e\_80_ice40_alu for cells of type $alu.
Using template $paramod$2653f68ddb8eab7b1907b4a20767b72a824a7a36\_80_ice40_alu for cells of type $alu.
Using template $paramod$7b00947614a4c48e09c066dca449366ddfa907a5\_80_ice40_alu for cells of type $alu.
Using extmapper simplemap for cells of type $pos.
Using template $paramod$fbc7873bff55778c0b3173955b7e4bce1d9d6834\_80_ice40_alu for cells of type $alu.
No more expansions possible.
<suppressed ~397 debug messages>

5.32. Executing OPT pass (performing simple optimizations).

5.32.1. Executing OPT_EXPR pass (perform const folding).
Optimizing module tcn_network_basic.
<suppressed ~956 debug messages>

5.32.2. Executing OPT_MERGE pass (detect identical cells).
Finding identical cells in module `\tcn_network_basic'.
<suppressed ~552 debug messages>
Removed a total of 184 cells.

5.32.3. Executing OPT_DFF pass (perform DFF optimizations).

5.32.4. Executing OPT_CLEAN pass (remove unused cells and wires).
Finding unused cells or wires in module \tcn_network_basic..
Removed 215 unused cells and 330 unused wires.
<suppressed ~216 debug messages>

5.32.5. Finished fast OPT passes.

5.33. Executing ICE40_OPT pass (performing simple optimizations).

5.33.1. Running ICE40 specific optimizations.
Optimized $__ICE40_CARRY_WRAPPER cell back to logic (without SB_CARRY) tcn_network_basic.$auto$alumacc.cc:485:replace_alu$1277.slice[0].carry: CO=$auto$alumacc.cc:485:replace_alu$1277.BB [0]
Optimized $__ICE40_CARRY_WRAPPER cell back to logic (without SB_CARRY) tcn_network_basic.$auto$alumacc.cc:485:replace_alu$1290.slice[0].carry: CO=$auto$alumacc.cc:485:replace_alu$1277.BB [0]
Optimized $__ICE40_CARRY_WRAPPER cell back to logic (without SB_CARRY) tcn_network_basic.$auto$alumacc.cc:485:replace_alu$1303.slice[0].carry: CO=$auto$alumacc.cc:485:replace_alu$1277.BB [7]
Optimized $__ICE40_CARRY_WRAPPER cell back to logic (without SB_CARRY) tcn_network_basic.$auto$alumacc.cc:485:replace_alu$1310.slice[0].carry: CO=$auto$alumacc.cc:485:replace_alu$1310.BB [0]
Optimized $__ICE40_CARRY_WRAPPER cell back to logic (without SB_CARRY) tcn_network_basic.$auto$alumacc.cc:485:replace_alu$1323.slice[0].carry: CO=$auto$alumacc.cc:485:replace_alu$1323.BB [0]
Optimized $__ICE40_CARRY_WRAPPER cell back to logic (without SB_CARRY) tcn_network_basic.$auto$alumacc.cc:485:replace_alu$1336.slice[0].carry: CO=$auto$alumacc.cc:485:replace_alu$1323.BB [7]
Optimized $__ICE40_CARRY_WRAPPER cell back to logic (without SB_CARRY) tcn_network_basic.$auto$alumacc.cc:485:replace_alu$1343.slice[0].carry: CO=$auto$alumacc.cc:485:replace_alu$1343.BB [0]
Optimized $__ICE40_CARRY_WRAPPER cell back to logic (without SB_CARRY) tcn_network_basic.$auto$alumacc.cc:485:replace_alu$1356.slice[0].carry: CO=$auto$alumacc.cc:485:replace_alu$1356.BB [0]
Optimized $__ICE40_CARRY_WRAPPER cell back to logic (without SB_CARRY) tcn_network_basic.$auto$alumacc.cc:485:replace_alu$1369.slice[0].carry: CO=$auto$alumacc.cc:485:replace_alu$1356.BB [7]
Optimized $__ICE40_CARRY_WRAPPER cell back to logic (without SB_CARRY) tcn_network_basic.$auto$maccmap.cc:240:synth$1571.slice[0].carry: CO=$auto$maccmap.cc:240:synth$1571.B [0]
Optimized $__ICE40_CARRY_WRAPPER cell back to logic (without SB_CARRY) tcn_network_basic.$auto$maccmap.cc:240:synth$1767.slice[0].carry: CO=$auto$maccmap.cc:240:synth$1767.B [0]

5.33.2. Executing OPT_EXPR pass (perform const folding).
Optimizing module tcn_network_basic.

5.33.3. Executing OPT_MERGE pass (detect identical cells).
Finding identical cells in module `\tcn_network_basic'.
<suppressed ~3 debug messages>
Removed a total of 1 cells.

5.33.4. Executing OPT_DFF pass (perform DFF optimizations).

5.33.5. Executing OPT_CLEAN pass (remove unused cells and wires).
Finding unused cells or wires in module \tcn_network_basic..
Removed 8 unused cells and 0 unused wires.
<suppressed ~8 debug messages>

5.33.6. Rerunning OPT passes. (Removed registers in this run.)

5.33.7. Running ICE40 specific optimizations.

5.33.8. Executing OPT_EXPR pass (perform const folding).
Optimizing module tcn_network_basic.

5.33.9. Executing OPT_MERGE pass (detect identical cells).
Finding identical cells in module `\tcn_network_basic'.
Removed a total of 0 cells.

5.33.10. Executing OPT_DFF pass (perform DFF optimizations).

5.33.11. Executing OPT_CLEAN pass (remove unused cells and wires).
Finding unused cells or wires in module \tcn_network_basic..

5.33.12. Finished OPT passes. (There is nothing left to do.)

5.34. Executing DFFLEGALIZE pass (convert FFs to types supported by the target).

5.35. Executing TECHMAP pass (map to technology primitives).

5.35.1. Executing Verilog-2005 frontend: /opt/homebrew/bin/../share/yosys/ice40/ff_map.v
Parsing Verilog input from `/opt/homebrew/bin/../share/yosys/ice40/ff_map.v' to AST representation.
Generating RTLIL representation for module `\$_DFF_N_'.
Generating RTLIL representation for module `\$_DFF_P_'.
Generating RTLIL representation for module `\$_DFFE_NP_'.
Generating RTLIL representation for module `\$_DFFE_PP_'.
Generating RTLIL representation for module `\$_DFF_NP0_'.
Generating RTLIL representation for module `\$_DFF_NP1_'.
Generating RTLIL representation for module `\$_DFF_PP0_'.
Generating RTLIL representation for module `\$_DFF_PP1_'.
Generating RTLIL representation for module `\$_DFFE_NP0P_'.
Generating RTLIL representation for module `\$_DFFE_NP1P_'.
Generating RTLIL representation for module `\$_DFFE_PP0P_'.
Generating RTLIL representation for module `\$_DFFE_PP1P_'.
Generating RTLIL representation for module `\$_SDFF_NP0_'.
Generating RTLIL representation for module `\$_SDFF_NP1_'.
Generating RTLIL representation for module `\$_SDFF_PP0_'.
Generating RTLIL representation for module `\$_SDFF_PP1_'.
Generating RTLIL representation for module `\$_SDFFCE_NP0P_'.
Generating RTLIL representation for module `\$_SDFFCE_NP1P_'.
Generating RTLIL representation for module `\$_SDFFCE_PP0P_'.
Generating RTLIL representation for module `\$_SDFFCE_PP1P_'.
Successfully finished Verilog frontend.

5.35.2. Continuing TECHMAP pass.
Using template \$_SDFFCE_PP0P_ for cells of type $_SDFFCE_PP0P_.
Using template \$_SDFF_PP0_ for cells of type $_SDFF_PP0_.
No more expansions possible.
<suppressed ~347 debug messages>

5.36. Executing OPT_EXPR pass (perform const folding).
Optimizing module tcn_network_basic.

5.37. Executing SIMPLEMAP pass (map simple cells to gate primitives).
Mapping tcn_network_basic.$auto$maccmap.cc:240:synth$1571.slice[0].carry ($lut).
Mapping tcn_network_basic.$auto$maccmap.cc:240:synth$1767.slice[0].carry ($lut).

5.38. Executing ICE40_OPT pass (performing simple optimizations).

5.38.1. Running ICE40 specific optimizations.

5.38.2. Executing OPT_EXPR pass (perform const folding).
Optimizing module tcn_network_basic.
<suppressed ~138 debug messages>

5.38.3. Executing OPT_MERGE pass (detect identical cells).
Finding identical cells in module `\tcn_network_basic'.
<suppressed ~909 debug messages>
Removed a total of 303 cells.

5.38.4. Executing OPT_DFF pass (perform DFF optimizations).

5.38.5. Executing OPT_CLEAN pass (remove unused cells and wires).
Finding unused cells or wires in module \tcn_network_basic..
Removed 0 unused cells and 2247 unused wires.
<suppressed ~1 debug messages>

5.38.6. Rerunning OPT passes. (Removed registers in this run.)

5.38.7. Running ICE40 specific optimizations.

5.38.8. Executing OPT_EXPR pass (perform const folding).
Optimizing module tcn_network_basic.

5.38.9. Executing OPT_MERGE pass (detect identical cells).
Finding identical cells in module `\tcn_network_basic'.
Removed a total of 0 cells.

5.38.10. Executing OPT_DFF pass (perform DFF optimizations).

5.38.11. Executing OPT_CLEAN pass (remove unused cells and wires).
Finding unused cells or wires in module \tcn_network_basic..

5.38.12. Finished OPT passes. (There is nothing left to do.)

5.39. Executing TECHMAP pass (map to technology primitives).

5.39.1. Executing Verilog-2005 frontend: /opt/homebrew/bin/../share/yosys/ice40/latches_map.v
Parsing Verilog input from `/opt/homebrew/bin/../share/yosys/ice40/latches_map.v' to AST representation.
Generating RTLIL representation for module `\$_DLATCH_N_'.
Generating RTLIL representation for module `\$_DLATCH_P_'.
Successfully finished Verilog frontend.

5.39.2. Continuing TECHMAP pass.
No more expansions possible.
<suppressed ~4 debug messages>

5.40. Executing Verilog-2005 frontend: /opt/homebrew/bin/../share/yosys/ice40/abc9_model.v
Parsing Verilog input from `/opt/homebrew/bin/../share/yosys/ice40/abc9_model.v' to AST representation.
Generating RTLIL representation for module `$__ICE40_CARRY_WRAPPER'.
Successfully finished Verilog frontend.

5.41. Executing ABC9 pass.

5.41.1. Executing ABC9_OPS pass (helper functions for ABC9).

5.41.2. Executing ABC9_OPS pass (helper functions for ABC9).

5.41.3. Executing SCC pass (detecting logic loops).
Found 0 SCCs in module tcn_network_basic.
Found 0 SCCs.

5.41.4. Executing ABC9_OPS pass (helper functions for ABC9).

5.41.5. Executing PROC pass (convert processes to netlists).

5.41.5.1. Executing PROC_CLEAN pass (remove empty switches from decision trees).
Cleaned up 0 empty switches.

5.41.5.2. Executing PROC_RMDEAD pass (remove dead branches from decision trees).
Removed a total of 0 dead cases.

5.41.5.3. Executing PROC_PRUNE pass (remove redundant assignments in processes).
Removed 0 redundant assignments.
Promoted 0 assignments to connections.

5.41.5.4. Executing PROC_INIT pass (extract init attributes).

5.41.5.5. Executing PROC_ARST pass (detect async resets in processes).

5.41.5.6. Executing PROC_ROM pass (convert switches to ROMs).
Converted 0 switches.

5.41.5.7. Executing PROC_MUX pass (convert decision trees to multiplexers).

5.41.5.8. Executing PROC_DLATCH pass (convert process syncs to latches).

5.41.5.9. Executing PROC_DFF pass (convert process syncs to FFs).

5.41.5.10. Executing PROC_MEMWR pass (convert process memory writes to cells).

5.41.5.11. Executing PROC_CLEAN pass (remove empty switches from decision trees).
Cleaned up 0 empty switches.

5.41.5.12. Executing OPT_EXPR pass (perform const folding).

5.41.6. Executing TECHMAP pass (map to technology primitives).

5.41.6.1. Executing Verilog-2005 frontend: /opt/homebrew/bin/../share/yosys/techmap.v
Parsing Verilog input from `/opt/homebrew/bin/../share/yosys/techmap.v' to AST representation.
Generating RTLIL representation for module `\_90_simplemap_bool_ops'.
Generating RTLIL representation for module `\_90_simplemap_reduce_ops'.
Generating RTLIL representation for module `\_90_simplemap_logic_ops'.
Generating RTLIL representation for module `\_90_simplemap_compare_ops'.
Generating RTLIL representation for module `\_90_simplemap_various'.
Generating RTLIL representation for module `\_90_simplemap_registers'.
Generating RTLIL representation for module `\_90_shift_ops_shr_shl_sshl_sshr'.
Generating RTLIL representation for module `\_90_shift_shiftx'.
Generating RTLIL representation for module `\_90_fa'.
Generating RTLIL representation for module `\_90_lcu_brent_kung'.
Generating RTLIL representation for module `\_90_alu'.
Generating RTLIL representation for module `\_90_macc'.
Generating RTLIL representation for module `\_90_alumacc'.
Generating RTLIL representation for module `\$__div_mod_u'.
Generating RTLIL representation for module `\$__div_mod_trunc'.
Generating RTLIL representation for module `\_90_div'.
Generating RTLIL representation for module `\_90_mod'.
Generating RTLIL representation for module `\$__div_mod_floor'.
Generating RTLIL representation for module `\_90_divfloor'.
Generating RTLIL representation for module `\_90_modfloor'.
Generating RTLIL representation for module `\_90_pow'.
Generating RTLIL representation for module `\_90_pmux'.
Generating RTLIL representation for module `\_90_demux'.
Generating RTLIL representation for module `\_90_lut'.
Successfully finished Verilog frontend.

5.41.6.2. Continuing TECHMAP pass.
No more expansions possible.
<suppressed ~126 debug messages>

5.41.7. Executing OPT pass (performing simple optimizations).

5.41.7.1. Executing OPT_EXPR pass (perform const folding).

5.41.7.2. Executing OPT_MERGE pass (detect identical cells).
Removed a total of 0 cells.

5.41.7.3. Executing OPT_MUXTREE pass (detect dead branches in mux trees).
Removed 0 multiplexer ports.

5.41.7.4. Executing OPT_REDUCE pass (consolidate $*mux and $reduce_* inputs).
Performed a total of 0 changes.

5.41.7.5. Executing OPT_MERGE pass (detect identical cells).
Removed a total of 0 cells.

5.41.7.6. Executing OPT_DFF pass (perform DFF optimizations).

5.41.7.7. Executing OPT_CLEAN pass (remove unused cells and wires).

5.41.7.8. Executing OPT_EXPR pass (perform const folding).

5.41.7.9. Finished OPT passes. (There is nothing left to do.)

5.41.8. Executing TECHMAP pass (map to technology primitives).

5.41.8.1. Executing Verilog-2005 frontend: /opt/homebrew/bin/../share/yosys/abc9_map.v
Parsing Verilog input from `/opt/homebrew/bin/../share/yosys/abc9_map.v' to AST representation.
Successfully finished Verilog frontend.

5.41.8.2. Continuing TECHMAP pass.
No more expansions possible.
<suppressed ~2 debug messages>

5.41.9. Executing Verilog-2005 frontend: /opt/homebrew/bin/../share/yosys/abc9_model.v
Parsing Verilog input from `/opt/homebrew/bin/../share/yosys/abc9_model.v' to AST representation.
Generating RTLIL representation for module `$__ABC9_DELAY'.
Generating RTLIL representation for module `$__ABC9_SCC_BREAKER'.
Generating RTLIL representation for module `$__DFF_N__$abc9_flop'.
Generating RTLIL representation for module `$__DFF_P__$abc9_flop'.
Successfully finished Verilog frontend.

5.41.10. Executing ABC9_OPS pass (helper functions for ABC9).
<suppressed ~652 debug messages>

5.41.11. Executing ABC9_OPS pass (helper functions for ABC9).

5.41.12. Executing ABC9_OPS pass (helper functions for ABC9).
<suppressed ~2 debug messages>

5.41.13. Executing TECHMAP pass (map to technology primitives).

5.41.13.1. Executing Verilog-2005 frontend: /opt/homebrew/bin/../share/yosys/techmap.v
Parsing Verilog input from `/opt/homebrew/bin/../share/yosys/techmap.v' to AST representation.
Generating RTLIL representation for module `\_90_simplemap_bool_ops'.
Generating RTLIL representation for module `\_90_simplemap_reduce_ops'.
Generating RTLIL representation for module `\_90_simplemap_logic_ops'.
Generating RTLIL representation for module `\_90_simplemap_compare_ops'.
Generating RTLIL representation for module `\_90_simplemap_various'.
Generating RTLIL representation for module `\_90_simplemap_registers'.
Generating RTLIL representation for module `\_90_shift_ops_shr_shl_sshl_sshr'.
Generating RTLIL representation for module `\_90_shift_shiftx'.
Generating RTLIL representation for module `\_90_fa'.
Generating RTLIL representation for module `\_90_lcu_brent_kung'.
Generating RTLIL representation for module `\_90_alu'.
Generating RTLIL representation for module `\_90_macc'.
Generating RTLIL representation for module `\_90_alumacc'.
Generating RTLIL representation for module `\$__div_mod_u'.
Generating RTLIL representation for module `\$__div_mod_trunc'.
Generating RTLIL representation for module `\_90_div'.
Generating RTLIL representation for module `\_90_mod'.
Generating RTLIL representation for module `\$__div_mod_floor'.
Generating RTLIL representation for module `\_90_divfloor'.
Generating RTLIL representation for module `\_90_modfloor'.
Generating RTLIL representation for module `\_90_pow'.
Generating RTLIL representation for module `\_90_pmux'.
Generating RTLIL representation for module `\_90_demux'.
Generating RTLIL representation for module `\_90_lut'.
Successfully finished Verilog frontend.

5.41.13.2. Continuing TECHMAP pass.
Using template $paramod$__ICE40_CARRY_WRAPPER\LUT=16'0110100110010110\I3_IS_CI=1'1 for cells of type $paramod$__ICE40_CARRY_WRAPPER\LUT=16'0110100110010110\I3_IS_CI=1'1.
Using template $paramod\SB_LUT4\LUT_INIT=16'0110100110010110 for cells of type SB_LUT4.
Using template SB_CARRY for cells of type SB_CARRY.
Using extmapper simplemap for cells of type $mux.
Using extmapper simplemap for cells of type $logic_and.
Using extmapper simplemap for cells of type $logic_or.
No more expansions possible.
<suppressed ~147 debug messages>

5.41.14. Executing OPT pass (performing simple optimizations).

5.41.14.1. Executing OPT_EXPR pass (perform const folding).
Optimizing module tcn_network_basic.
<suppressed ~4 debug messages>

5.41.14.2. Executing OPT_MERGE pass (detect identical cells).
Finding identical cells in module `\tcn_network_basic'.
<suppressed ~29 debug messages>
Removed a total of 12 cells.

5.41.14.3. Executing OPT_MUXTREE pass (detect dead branches in mux trees).
Running muxtree optimizer on module \tcn_network_basic..
  Creating internal representation of mux trees.
  No muxes found in this module.
Removed 0 multiplexer ports.

5.41.14.4. Executing OPT_REDUCE pass (consolidate $*mux and $reduce_* inputs).
  Optimizing cells in module \tcn_network_basic.
Performed a total of 0 changes.

5.41.14.5. Executing OPT_MERGE pass (detect identical cells).
Finding identical cells in module `\tcn_network_basic'.
Removed a total of 0 cells.

5.41.14.6. Executing OPT_DFF pass (perform DFF optimizations).

5.41.14.7. Executing OPT_CLEAN pass (remove unused cells and wires).
Finding unused cells or wires in module \tcn_network_basic..
Removed 0 unused cells and 24 unused wires.
<suppressed ~1 debug messages>

5.41.14.8. Executing OPT_EXPR pass (perform const folding).
Optimizing module tcn_network_basic.

5.41.14.9. Rerunning OPT passes. (Maybe there is more to do..)

5.41.14.10. Executing OPT_MUXTREE pass (detect dead branches in mux trees).
Running muxtree optimizer on module \tcn_network_basic..
  Creating internal representation of mux trees.
  No muxes found in this module.
Removed 0 multiplexer ports.

5.41.14.11. Executing OPT_REDUCE pass (consolidate $*mux and $reduce_* inputs).
  Optimizing cells in module \tcn_network_basic.
Performed a total of 0 changes.

5.41.14.12. Executing OPT_MERGE pass (detect identical cells).
Finding identical cells in module `\tcn_network_basic'.
Removed a total of 0 cells.

5.41.14.13. Executing OPT_DFF pass (perform DFF optimizations).

5.41.14.14. Executing OPT_CLEAN pass (remove unused cells and wires).
Finding unused cells or wires in module \tcn_network_basic..

5.41.14.15. Executing OPT_EXPR pass (perform const folding).
Optimizing module tcn_network_basic.

5.41.14.16. Finished OPT passes. (There is nothing left to do.)

5.41.15. Executing AIGMAP pass (map logic to AIG).
Module tcn_network_basic: replaced 7 cells with 43 new cells, skipped 11 cells.
  replaced 2 cell types:
       2 $_OR_
       5 $_MUX_
  not replaced 3 cell types:
       8 $specify2
       1 $_NOT_
       2 $_AND_

5.41.16. Executing AIGMAP pass (map logic to AIG).
Module tcn_network_basic: replaced 60 cells with 306 new cells, skipped 1754 cells.
  replaced 3 cell types:
      38 $_OR_
      16 $_XOR_
       6 $_MUX_
  not replaced 8 cell types:
       9 $scopeinfo
     152 $_NOT_
     218 $_AND_
      12 SB_DFFSR
     313 SB_DFFESR
     325 $paramod$__ABC9_DELAY\DELAY=32'00000000000000000000000011001011
     325 $paramod$__ABC9_DELAY\DELAY=32'00000000000000000000000000010101
     400 $paramod$__ICE40_CARRY_WRAPPER\LUT=16'0110100110010110\I3_IS_CI=1'1

5.41.16.1. Executing ABC9_OPS pass (helper functions for ABC9).

5.41.16.2. Executing ABC9_OPS pass (helper functions for ABC9).

5.41.16.3. Executing XAIGER backend.
<suppressed ~336 debug messages>
Extracted 322 AND gates and 2551 wires from module `tcn_network_basic' to a netlist network with 336 inputs and 672 outputs.

5.41.16.4. Executing ABC9_EXE pass (technology mapping using ABC9).

5.41.16.5. Executing ABC9.
Running ABC command: "<yosys-exe-dir>/yosys-abc" -s -f <abc-temp-dir>/abc.script 2>&1
ABC: ABC command line: "source <abc-temp-dir>/abc.script".
ABC: 
ABC: + read_lut <abc-temp-dir>/input.lut 
ABC: + read_box <abc-temp-dir>/input.box 
ABC: + &read <abc-temp-dir>/input.xaig 
ABC: + &ps 
ABC: <abc-temp-dir>/input : i/o =    336/    672  and =     313  lev =   16 (0.34)  mem = 0.08 MB  box = 1050  bb = 650
ABC: Warning: AIG with boxes has internal fanout in 0 complex flops and 8 carries.
ABC: + &scorr 
ABC: Warning: The network is combinational.
ABC: + &sweep 
ABC: + &dc2 
ABC: + &dch -f 
ABC: + &ps 
ABC: <abc-temp-dir>/input : i/o =    336/    672  and =      88  lev =    2 (0.04)  mem = 0.06 MB  ch =    0  box = 818  bb = 650
ABC: + &if -W 250 -v 
ABC: K = 4. Memory (bytes): Truth =    0. Cut =   52. Obj =  136. Set =  564. CutMin = no
ABC: Node =      88.  Ch =     0.  Total mem =    0.52 MB. Peak cut mem =    0.00 MB.
ABC: P:  Del = 4916.00.  Ar =      88.0.  Edge =      176.  Cut =      102.  T =     0.00 sec
ABC: P:  Del = 4916.00.  Ar =      74.0.  Edge =      162.  Cut =      102.  T =     0.00 sec
ABC: P:  Del = 4916.00.  Ar =      74.0.  Edge =      162.  Cut =      102.  T =     0.00 sec
ABC: F:  Del = 4916.00.  Ar =      74.0.  Edge =      162.  Cut =      102.  T =     0.00 sec
ABC: A:  Del = 4916.00.  Ar =      74.0.  Edge =      162.  Cut =      102.  T =     0.00 sec
ABC: A:  Del = 4916.00.  Ar =      74.0.  Edge =      162.  Cut =      102.  T =     0.00 sec
ABC: Total time =     0.00 sec
ABC: + &write -n <abc-temp-dir>/output.aig 
ABC: + &mfs 
ABC: The network is not changed by "&mfs".
ABC: + &ps -l 
ABC: <abc-temp-dir>/input : i/o =    336/    672  and =      88  lev =    2 (0.04)  mem = 0.06 MB  box = 818  bb = 650
ABC: Mapping (K=3)  :  lut =     74  edge =     162  lev =    1 (0.03)  levB =   33  mem = 0.01 MB
ABC: LUT = 74 : 2=60 81.1 %  3=14 18.9 %  Ave = 2.19
ABC: + &write -n <abc-temp-dir>/output.aig 
ABC: + time 
ABC: elapse: 0.04 seconds, total: 0.04 seconds

5.41.16.6. Executing AIGER frontend.
<suppressed ~2260 debug messages>
Removed 45 unused cells and 3530 unused wires.

5.41.16.7. Executing ABC9_OPS pass (helper functions for ABC9).
ABC RESULTS:              $lut cells:       90
ABC RESULTS:   $paramod$__ICE40_CARRY_WRAPPER\LUT=16'0110100110010110\I3_IS_CI=1'1 cells:      168
ABC RESULTS:           input signals:       35
ABC RESULTS:          output signals:      665
Removing temp directory.

5.41.17. Executing TECHMAP pass (map to technology primitives).

5.41.17.1. Executing Verilog-2005 frontend: /opt/homebrew/bin/../share/yosys/abc9_unmap.v
Parsing Verilog input from `/opt/homebrew/bin/../share/yosys/abc9_unmap.v' to AST representation.
Generating RTLIL representation for module `\$__DFF_x__$abc9_flop'.
Generating RTLIL representation for module `\$__ABC9_SCC_BREAKER'.
Successfully finished Verilog frontend.

5.41.17.2. Continuing TECHMAP pass.
Using template $paramod$__ICE40_CARRY_WRAPPER\LUT=16'0110100110010110\I3_IS_CI=1'1 for cells of type $paramod$__ICE40_CARRY_WRAPPER\LUT=16'0110100110010110\I3_IS_CI=1'1.
No more expansions possible.
<suppressed ~174 debug messages>

5.42. Executing ICE40_WRAPCARRY pass (wrap carries).

5.43. Executing TECHMAP pass (map to technology primitives).

5.43.1. Executing Verilog-2005 frontend: /opt/homebrew/bin/../share/yosys/ice40/ff_map.v
Parsing Verilog input from `/opt/homebrew/bin/../share/yosys/ice40/ff_map.v' to AST representation.
Generating RTLIL representation for module `\$_DFF_N_'.
Generating RTLIL representation for module `\$_DFF_P_'.
Generating RTLIL representation for module `\$_DFFE_NP_'.
Generating RTLIL representation for module `\$_DFFE_PP_'.
Generating RTLIL representation for module `\$_DFF_NP0_'.
Generating RTLIL representation for module `\$_DFF_NP1_'.
Generating RTLIL representation for module `\$_DFF_PP0_'.
Generating RTLIL representation for module `\$_DFF_PP1_'.
Generating RTLIL representation for module `\$_DFFE_NP0P_'.
Generating RTLIL representation for module `\$_DFFE_NP1P_'.
Generating RTLIL representation for module `\$_DFFE_PP0P_'.
Generating RTLIL representation for module `\$_DFFE_PP1P_'.
Generating RTLIL representation for module `\$_SDFF_NP0_'.
Generating RTLIL representation for module `\$_SDFF_NP1_'.
Generating RTLIL representation for module `\$_SDFF_PP0_'.
Generating RTLIL representation for module `\$_SDFF_PP1_'.
Generating RTLIL representation for module `\$_SDFFCE_NP0P_'.
Generating RTLIL representation for module `\$_SDFFCE_NP1P_'.
Generating RTLIL representation for module `\$_SDFFCE_PP0P_'.
Generating RTLIL representation for module `\$_SDFFCE_PP1P_'.
Successfully finished Verilog frontend.

5.43.2. Continuing TECHMAP pass.
No more expansions possible.
<suppressed ~22 debug messages>
Removed 128 unused cells and 3390 unused wires.

5.44. Executing OPT_LUT pass (optimize LUTs).
Discovering LUTs.
Number of LUTs:      212
  1-LUT               18
  2-LUT               62
  3-LUT              132
  with \SB_CARRY    (#0)  114
  with \SB_CARRY    (#1)  116

Eliminating LUTs.
Number of LUTs:      212
  1-LUT               18
  2-LUT               62
  3-LUT              132
  with \SB_CARRY    (#0)  114
  with \SB_CARRY    (#1)  116

Combining LUTs.
Number of LUTs:      212
  1-LUT               18
  2-LUT               62
  3-LUT              132
  with \SB_CARRY    (#0)  114
  with \SB_CARRY    (#1)  116

Eliminated 0 LUTs.
Combined 0 LUTs.
<suppressed ~3928 debug messages>

5.45. Executing TECHMAP pass (map to technology primitives).

5.45.1. Executing Verilog-2005 frontend: /opt/homebrew/bin/../share/yosys/ice40/cells_map.v
Parsing Verilog input from `/opt/homebrew/bin/../share/yosys/ice40/cells_map.v' to AST representation.
Generating RTLIL representation for module `\$lut'.
Successfully finished Verilog frontend.

5.45.2. Continuing TECHMAP pass.
Using template $paramod$fd904e9e35cfd343a9df248824bd3f1408724879\$lut for cells of type $lut.
Using template $paramod\$lut\WIDTH=32'00000000000000000000000000000010\LUT=4'1110 for cells of type $lut.
Using template $paramod\$lut\WIDTH=32'00000000000000000000000000000010\LUT=4'1011 for cells of type $lut.
Using template $paramod\$lut\WIDTH=32'00000000000000000000000000000011\LUT=8'11110100 for cells of type $lut.
Using template $paramod\$lut\WIDTH=32'00000000000000000000000000000001\LUT=2'01 for cells of type $lut.
No more expansions possible.
<suppressed ~280 debug messages>
Removed 0 unused cells and 424 unused wires.

5.46. Executing AUTONAME pass.
Renamed 3789 objects in module tcn_network_basic (59 iterations).
<suppressed ~1069 debug messages>

5.47. Executing HIERARCHY pass (managing design hierarchy).

5.47.1. Analyzing design hierarchy..
Top module:  \tcn_network_basic

5.47.2. Analyzing design hierarchy..
Top module:  \tcn_network_basic
Removed 0 unused modules.

5.48. Printing statistics.

=== tcn_network_basic ===

   Number of wires:                498
   Number of wire bits:           1845
   Number of public wires:         498
   Number of public wire bits:    1845
   Number of ports:                  7
   Number of port bits:             21
   Number of memories:               0
   Number of memory bits:            0
   Number of processes:              0
   Number of cells:                706
     $scopeinfo                      9
     SB_CARRY                      160
     SB_DFFESR                     313
     SB_DFFSR                       12
     SB_LUT4                       212

5.49. Executing CHECK pass (checking for obvious problems).
Checking module tcn_network_basic...
Found and reported 0 problems.

5.50. Executing JSON backend.

Warnings: 1 unique messages, 5 total
End of script. Logfile hash: 8df4593876, CPU: user 1.07s system 0.02s
Yosys 0.42 (git sha1 9b6afcf3f, clang++ 15.0.0 -fPIC -Os)
Time spent: 35% 24x read_verilog (0 sec), 12% 30x opt_expr (0 sec), ...
