
 /----------------------------------------------------------------------------\
 |  yosys -- Yosys Open SYnthesis Suite                                       |
 |  Copyright (C) 2012 - 2024  Claire Xenia Wolf <claire@yosyshq.com>         |
 |  Distributed under an ISC-like license, type "license" to see terms        |
 \----------------------------------------------------------------------------/
 Yosys 0.42 (git sha1 9b6afcf3f, clang++ 15.0.0 -fPIC -Os)

-- Running command `read_verilog "/Users/adarmaori/Desktop/Final Project/FPGA/conv1d_large_parallel.v" "large_conv_reports_k32/conv1d_large_parallel_k32/conv1d_large_engine.v" "conv1d_large_benchmark_top.v"; chparam -set KERNEL_TAPS 32 conv1d_large_benchmark_top; synth_ice40 -top conv1d_large_benchmark_top -json large_conv_reports_k32/conv1d_large_parallel_k32/conv.json' --

1. Executing Verilog-2005 frontend: /Users/adarmaori/Desktop/Final Project/FPGA/conv1d_large_parallel.v
Parsing Verilog input from `/Users/adarmaori/Desktop/Final Project/FPGA/conv1d_large_parallel.v' to AST representation.
Generating RTLIL representation for module `\conv1d_large_parallel'.
Warning: Replacing memory \history with list of registers. See /Users/adarmaori/Desktop/Final$20Project/FPGA/conv1d_large_parallel.v:55
Successfully finished Verilog frontend.

2. Executing Verilog-2005 frontend: large_conv_reports_k32/conv1d_large_parallel_k32/conv1d_large_engine.v
Parsing Verilog input from `large_conv_reports_k32/conv1d_large_parallel_k32/conv1d_large_engine.v' to AST representation.
Generating RTLIL representation for module `\conv1d_large_engine'.
Successfully finished Verilog frontend.

3. Executing Verilog-2005 frontend: conv1d_large_benchmark_top.v
Parsing Verilog input from `conv1d_large_benchmark_top.v' to AST representation.
Generating RTLIL representation for module `\conv1d_large_benchmark_top'.
Successfully finished Verilog frontend.
Parameter \KERNEL_TAPS = 32

4. Executing AST frontend in derive mode using pre-parsed AST for module `\conv1d_large_benchmark_top'.
Parameter \KERNEL_TAPS = 32
Generating RTLIL representation for module `$paramod\conv1d_large_benchmark_top\KERNEL_TAPS=32'00000000000000000000000000100000'.

5. Executing SYNTH_ICE40 pass.

5.1. Executing Verilog-2005 frontend: /opt/homebrew/bin/../share/yosys/ice40/cells_sim.v
Parsing Verilog input from `/opt/homebrew/bin/../share/yosys/ice40/cells_sim.v' to AST representation.
Generating RTLIL representation for module `\SB_IO'.
Generating RTLIL representation for module `\SB_GB_IO'.
Generating RTLIL representation for module `\SB_GB'.
Generating RTLIL representation for module `\SB_LUT4'.
Generating RTLIL representation for module `\SB_CARRY'.
Generating RTLIL representation for module `\SB_DFF'.
Generating RTLIL representation for module `\SB_DFFE'.
Generating RTLIL representation for module `\SB_DFFSR'.
Generating RTLIL representation for module `\SB_DFFR'.
Generating RTLIL representation for module `\SB_DFFSS'.
Generating RTLIL representation for module `\SB_DFFS'.
Generating RTLIL representation for module `\SB_DFFESR'.
Generating RTLIL representation for module `\SB_DFFER'.
Generating RTLIL representation for module `\SB_DFFESS'.
Generating RTLIL representation for module `\SB_DFFES'.
Generating RTLIL representation for module `\SB_DFFN'.
Generating RTLIL representation for module `\SB_DFFNE'.
Generating RTLIL representation for module `\SB_DFFNSR'.
Generating RTLIL representation for module `\SB_DFFNR'.
Generating RTLIL representation for module `\SB_DFFNSS'.
Generating RTLIL representation for module `\SB_DFFNS'.
Generating RTLIL representation for module `\SB_DFFNESR'.
Generating RTLIL representation for module `\SB_DFFNER'.
Generating RTLIL representation for module `\SB_DFFNESS'.
Generating RTLIL representation for module `\SB_DFFNES'.
Generating RTLIL representation for module `\SB_RAM40_4K'.
Generating RTLIL representation for module `\SB_RAM40_4KNR'.
Generating RTLIL representation for module `\SB_RAM40_4KNW'.
Generating RTLIL representation for module `\SB_RAM40_4KNRNW'.
Generating RTLIL representation for module `\ICESTORM_LC'.
Generating RTLIL representation for module `\SB_PLL40_CORE'.
Generating RTLIL representation for module `\SB_PLL40_PAD'.
Generating RTLIL representation for module `\SB_PLL40_2_PAD'.
Generating RTLIL representation for module `\SB_PLL40_2F_CORE'.
Generating RTLIL representation for module `\SB_PLL40_2F_PAD'.
Generating RTLIL representation for module `\SB_WARMBOOT'.
Generating RTLIL representation for module `\SB_SPRAM256KA'.
Generating RTLIL representation for module `\SB_HFOSC'.
Generating RTLIL representation for module `\SB_LFOSC'.
Generating RTLIL representation for module `\SB_RGBA_DRV'.
Generating RTLIL representation for module `\SB_LED_DRV_CUR'.
Generating RTLIL representation for module `\SB_RGB_DRV'.
Generating RTLIL representation for module `\SB_I2C'.
Generating RTLIL representation for module `\SB_SPI'.
Generating RTLIL representation for module `\SB_LEDDA_IP'.
Generating RTLIL representation for module `\SB_FILTER_50NS'.
Generating RTLIL representation for module `\SB_IO_I3C'.
Generating RTLIL representation for module `\SB_IO_OD'.
Generating RTLIL representation for module `\SB_MAC16'.
Generating RTLIL representation for module `\ICESTORM_RAM'.
Successfully finished Verilog frontend.

5.2. Executing HIERARCHY pass (managing design hierarchy).

5.2.1. Analyzing design hierarchy..
Top module:  \conv1d_large_benchmark_top
Used module:     \conv1d_large_engine
Used module:         \conv1d_large_parallel
Parameter \SAMPLE_WIDTH = 8
Parameter \WEIGHT_WIDTH = 8
Parameter \ACC_WIDTH = 32
Parameter \DILATION = 1
Parameter \KERNEL_TAPS = 32
Parameter \BIAS = 0

5.2.2. Executing AST frontend in derive mode using pre-parsed AST for module `\conv1d_large_parallel'.
Parameter \SAMPLE_WIDTH = 8
Parameter \WEIGHT_WIDTH = 8
Parameter \ACC_WIDTH = 32
Parameter \DILATION = 1
Parameter \KERNEL_TAPS = 32
Parameter \BIAS = 0
Generating RTLIL representation for module `$paramod$9a5d4607c6d410764a6e490cc9d604d51a78e84a\conv1d_large_parallel'.
Warning: Replacing memory \history with list of registers. See /Users/adarmaori/Desktop/Final$20Project/FPGA/conv1d_large_parallel.v:55
Parameter \SAMPLE_WIDTH = 8
Parameter \WEIGHT_WIDTH = 8
Parameter \ACC_WIDTH = 32
Parameter \DILATION = 1
Parameter \KERNEL_TAPS = 32
Parameter \BIAS = 0

5.2.3. Executing AST frontend in derive mode using pre-parsed AST for module `\conv1d_large_engine'.
Parameter \SAMPLE_WIDTH = 8
Parameter \WEIGHT_WIDTH = 8
Parameter \ACC_WIDTH = 32
Parameter \DILATION = 1
Parameter \KERNEL_TAPS = 32
Parameter \BIAS = 0
Generating RTLIL representation for module `$paramod$9a5d4607c6d410764a6e490cc9d604d51a78e84a\conv1d_large_engine'.

5.2.4. Analyzing design hierarchy..
Top module:  \conv1d_large_benchmark_top
Used module:     $paramod$9a5d4607c6d410764a6e490cc9d604d51a78e84a\conv1d_large_engine
Used module:         \conv1d_large_parallel
Parameter \SAMPLE_WIDTH = 8
Parameter \WEIGHT_WIDTH = 8
Parameter \ACC_WIDTH = 32
Parameter \DILATION = 1
Parameter \KERNEL_TAPS = 32
Parameter \BIAS = 0
Found cached RTLIL representation for module `$paramod$9a5d4607c6d410764a6e490cc9d604d51a78e84a\conv1d_large_parallel'.

5.2.5. Analyzing design hierarchy..
Top module:  \conv1d_large_benchmark_top
Used module:     $paramod$9a5d4607c6d410764a6e490cc9d604d51a78e84a\conv1d_large_engine
Used module:         $paramod$9a5d4607c6d410764a6e490cc9d604d51a78e84a\conv1d_large_parallel

5.2.6. Analyzing design hierarchy..
Top module:  \conv1d_large_benchmark_top
Used module:     $paramod$9a5d4607c6d410764a6e490cc9d604d51a78e84a\conv1d_large_engine
Used module:         $paramod$9a5d4607c6d410764a6e490cc9d604d51a78e84a\conv1d_large_parallel
Removing unused module `\conv1d_large_engine'.
Removing unused module `\conv1d_large_parallel'.
Removed 2 unused modules.

5.3. Executing PROC pass (convert processes to netlists).

5.3.1. Executing PROC_CLEAN pass (remove empty switches from decision trees).
Cleaned up 0 empty switches.

5.3.2. Executing PROC_RMDEAD pass (remove dead branches from decision trees).
Marked 1 switch rules as full_case in process $proc$/opt/homebrew/bin/../share/yosys/ice40/cells_sim.v:1414$344 in module SB_DFFNES.
Marked 1 switch rules as full_case in process $proc$/opt/homebrew/bin/../share/yosys/ice40/cells_sim.v:1353$337 in module SB_DFFNESS.
Marked 1 switch rules as full_case in process $proc$/opt/homebrew/bin/../share/yosys/ice40/cells_sim.v:1273$333 in module SB_DFFNER.
Marked 1 switch rules as full_case in process $proc$/opt/homebrew/bin/../share/yosys/ice40/cells_sim.v:1212$326 in module SB_DFFNESR.
Marked 1 switch rules as full_case in process $proc$/opt/homebrew/bin/../share/yosys/ice40/cells_sim.v:1138$323 in module SB_DFFNS.
Marked 1 switch rules as full_case in process $proc$/opt/homebrew/bin/../share/yosys/ice40/cells_sim.v:1088$320 in module SB_DFFNSS.
Marked 1 switch rules as full_case in process $proc$/opt/homebrew/bin/../share/yosys/ice40/cells_sim.v:1017$317 in module SB_DFFNR.
Marked 1 switch rules as full_case in process $proc$/opt/homebrew/bin/../share/yosys/ice40/cells_sim.v:967$314 in module SB_DFFNSR.
Marked 1 switch rules as full_case in process $proc$/opt/homebrew/bin/../share/yosys/ice40/cells_sim.v:803$306 in module SB_DFFES.
Marked 1 switch rules as full_case in process $proc$/opt/homebrew/bin/../share/yosys/ice40/cells_sim.v:742$299 in module SB_DFFESS.
Marked 1 switch rules as full_case in process $proc$/opt/homebrew/bin/../share/yosys/ice40/cells_sim.v:662$295 in module SB_DFFER.
Marked 1 switch rules as full_case in process $proc$/opt/homebrew/bin/../share/yosys/ice40/cells_sim.v:601$288 in module SB_DFFESR.
Marked 1 switch rules as full_case in process $proc$/opt/homebrew/bin/../share/yosys/ice40/cells_sim.v:527$285 in module SB_DFFS.
Marked 1 switch rules as full_case in process $proc$/opt/homebrew/bin/../share/yosys/ice40/cells_sim.v:477$282 in module SB_DFFSS.
Marked 1 switch rules as full_case in process $proc$/opt/homebrew/bin/../share/yosys/ice40/cells_sim.v:406$279 in module SB_DFFR.
Marked 1 switch rules as full_case in process $proc$/opt/homebrew/bin/../share/yosys/ice40/cells_sim.v:356$276 in module SB_DFFSR.
Marked 2 switch rules as full_case in process $proc$/Users/adarmaori/Desktop/Final$20Project/FPGA/conv1d_large_parallel.v:52$581 in module $paramod$9a5d4607c6d410764a6e490cc9d604d51a78e84a\conv1d_large_parallel.
Removed a total of 0 dead cases.

5.3.3. Executing PROC_PRUNE pass (remove redundant assignments in processes).
Removed 9 redundant assignments.
Promoted 25 assignments to connections.

5.3.4. Executing PROC_INIT pass (extract init attributes).
Found init rule in `\SB_DFFNES.$proc$/opt/homebrew/bin/../share/yosys/ice40/cells_sim.v:0$347'.
  Set init value: \Q = 1'0
Found init rule in `\SB_DFFNESS.$proc$/opt/homebrew/bin/../share/yosys/ice40/cells_sim.v:0$343'.
  Set init value: \Q = 1'0
Found init rule in `\SB_DFFNER.$proc$/opt/homebrew/bin/../share/yosys/ice40/cells_sim.v:0$336'.
  Set init value: \Q = 1'0
Found init rule in `\SB_DFFNESR.$proc$/opt/homebrew/bin/../share/yosys/ice40/cells_sim.v:0$332'.
  Set init value: \Q = 1'0
Found init rule in `\SB_DFFNS.$proc$/opt/homebrew/bin/../share/yosys/ice40/cells_sim.v:0$325'.
  Set init value: \Q = 1'0
Found init rule in `\SB_DFFNSS.$proc$/opt/homebrew/bin/../share/yosys/ice40/cells_sim.v:0$322'.
  Set init value: \Q = 1'0
Found init rule in `\SB_DFFNR.$proc$/opt/homebrew/bin/../share/yosys/ice40/cells_sim.v:0$319'.
  Set init value: \Q = 1'0
Found init rule in `\SB_DFFNSR.$proc$/opt/homebrew/bin/../share/yosys/ice40/cells_sim.v:0$316'.
  Set init value: \Q = 1'0
Found init rule in `\SB_DFFNE.$proc$/opt/homebrew/bin/../share/yosys/ice40/cells_sim.v:0$313'.
  Set init value: \Q = 1'0
Found init rule in `\SB_DFFN.$proc$/opt/homebrew/bin/../share/yosys/ice40/cells_sim.v:0$311'.
  Set init value: \Q = 1'0
Found init rule in `\SB_DFFES.$proc$/opt/homebrew/bin/../share/yosys/ice40/cells_sim.v:0$309'.
  Set init value: \Q = 1'0
Found init rule in `\SB_DFFESS.$proc$/opt/homebrew/bin/../share/yosys/ice40/cells_sim.v:0$305'.
  Set init value: \Q = 1'0
Found init rule in `\SB_DFFER.$proc$/opt/homebrew/bin/../share/yosys/ice40/cells_sim.v:0$298'.
  Set init value: \Q = 1'0
Found init rule in `\SB_DFFESR.$proc$/opt/homebrew/bin/../share/yosys/ice40/cells_sim.v:0$294'.
  Set init value: \Q = 1'0
Found init rule in `\SB_DFFS.$proc$/opt/homebrew/bin/../share/yosys/ice40/cells_sim.v:0$287'.
  Set init value: \Q = 1'0
Found init rule in `\SB_DFFSS.$proc$/opt/homebrew/bin/../share/yosys/ice40/cells_sim.v:0$284'.
  Set init value: \Q = 1'0
Found init rule in `\SB_DFFR.$proc$/opt/homebrew/bin/../share/yosys/ice40/cells_sim.v:0$281'.
  Set init value: \Q = 1'0
Found init rule in `\SB_DFFSR.$proc$/opt/homebrew/bin/../share/yosys/ice40/cells_sim.v:0$278'.
  Set init value: \Q = 1'0
Found init rule in `\SB_DFFE.$proc$/opt/homebrew/bin/../share/yosys/ice40/cells_sim.v:0$275'.
  Set init value: \Q = 1'0
Found init rule in `\SB_DFF.$proc$/opt/homebrew/bin/../share/yosys/ice40/cells_sim.v:0$273'.
  Set init value: \Q = 1'0

5.3.5. Executing PROC_ARST pass (detect async resets in processes).
Found async reset \S in `\SB_DFFNES.$proc$/opt/homebrew/bin/../share/yosys/ice40/cells_sim.v:1414$344'.
Found async reset \R in `\SB_DFFNER.$proc$/opt/homebrew/bin/../share/yosys/ice40/cells_sim.v:1273$333'.
Found async reset \S in `\SB_DFFNS.$proc$/opt/homebrew/bin/../share/yosys/ice40/cells_sim.v:1138$323'.
Found async reset \R in `\SB_DFFNR.$proc$/opt/homebrew/bin/../share/yosys/ice40/cells_sim.v:1017$317'.
Found async reset \S in `\SB_DFFES.$proc$/opt/homebrew/bin/../share/yosys/ice40/cells_sim.v:803$306'.
Found async reset \R in `\SB_DFFER.$proc$/opt/homebrew/bin/../share/yosys/ice40/cells_sim.v:662$295'.
Found async reset \S in `\SB_DFFS.$proc$/opt/homebrew/bin/../share/yosys/ice40/cells_sim.v:527$285'.
Found async reset \R in `\SB_DFFR.$proc$/opt/homebrew/bin/../share/yosys/ice40/cells_sim.v:406$279'.

5.3.6. Executing PROC_ROM pass (convert switches to ROMs).
Converted 0 switches.
<suppressed ~20 debug messages>

5.3.7. Executing PROC_MUX pass (convert decision trees to multiplexers).
Creating decoders for process `\SB_DFFNES.$proc$/opt/homebrew/bin/../share/yosys/ice40/cells_sim.v:0$347'.
Creating decoders for process `\SB_DFFNES.$proc$/opt/homebrew/bin/../share/yosys/ice40/cells_sim.v:1414$344'.
     1/1: $0\Q[0:0]
Creating decoders for process `\SB_DFFNESS.$proc$/opt/homebrew/bin/../share/yosys/ice40/cells_sim.v:0$343'.
Creating decoders for process `\SB_DFFNESS.$proc$/opt/homebrew/bin/../share/yosys/ice40/cells_sim.v:1353$337'.
     1/1: $0\Q[0:0]
Creating decoders for process `\SB_DFFNER.$proc$/opt/homebrew/bin/../share/yosys/ice40/cells_sim.v:0$336'.
Creating decoders for process `\SB_DFFNER.$proc$/opt/homebrew/bin/../share/yosys/ice40/cells_sim.v:1273$333'.
     1/1: $0\Q[0:0]
Creating decoders for process `\SB_DFFNESR.$proc$/opt/homebrew/bin/../share/yosys/ice40/cells_sim.v:0$332'.
Creating decoders for process `\SB_DFFNESR.$proc$/opt/homebrew/bin/../share/yosys/ice40/cells_sim.v:1212$326'.
     1/1: $0\Q[0:0]
Creating decoders for process `\SB_DFFNS.$proc$/opt/homebrew/bin/../share/yosys/ice40/cells_sim.v:0$325'.
Creating decoders for process `\SB_DFFNS.$proc$/opt/homebrew/bin/../share/yosys/ice40/cells_sim.v:1138$323'.
     1/1: $0\Q[0:0]
Creating decoders for process `\SB_DFFNSS.$proc$/opt/homebrew/bin/../share/yosys/ice40/cells_sim.v:0$322'.
Creating decoders for process `\SB_DFFNSS.$proc$/opt/homebrew/bin/../share/yosys/ice40/cells_sim.v:1088$320'.
     1/1: $0\Q[0:0]
Creating decoders for process `\SB_DFFNR.$proc$/opt/homebrew/bin/../share/yosys/ice40/cells_sim.v:0$319'.
Creating decoders for process `\SB_DFFNR.$proc$/opt/homebrew/bin/../share/yosys/ice40/cells_sim.v:1017$317'.
     1/1: $0\Q[0:0]
Creating decoders for process `\SB_DFFNSR.$proc$/opt/homebrew/bin/../share/yosys/ice40/cells_sim.v:0$316'.
Creating decoders for process `\SB_DFFNSR.$proc$/opt/homebrew/bin/../share/yosys/ice40/cells_sim.v:967$314'.
     1/1: $0\Q[0:0]
Creating decoders for process `\SB_DFFNE.$proc$/opt/homebrew/bin/../share/yosys/ice40/cells_sim.v:0$313'.
Creating decoders for process `\SB_DFFNE.$proc$/opt/homebrew/bin/../share/yosys/ice40/cells_sim.v:922$312'.
     1/1: $0\Q[0:0]
Creating decoders for process `\SB_DFFN.$proc$/opt/homebrew/bin/../share/yosys/ice40/cells_sim.v:0$311'.
Creating decoders for process `\SB_DFFN.$proc$/opt/homebrew/bin/../share/yosys/ice40/cells_sim.v:882$310'.
Creating decoders for process `\SB_DFFES.$proc$/opt/homebrew/bin/../share/yosys/ice40/cells_sim.v:0$309'.
Creating decoders for process `\SB_DFFES.$proc$/opt/homebrew/bin/../share/yosys/ice40/cells_sim.v:803$306'.
     1/1: $0\Q[0:0]
Creating decoders for process `\SB_DFFESS.$proc$/opt/homebrew/bin/../share/yosys/ice40/cells_sim.v:0$305'.
Creating decoders for process `\SB_DFFESS.$proc$/opt/homebrew/bin/../share/yosys/ice40/cells_sim.v:742$299'.
     1/1: $0\Q[0:0]
Creating decoders for process `\SB_DFFER.$proc$/opt/homebrew/bin/../share/yosys/ice40/cells_sim.v:0$298'.
Creating decoders for process `\SB_DFFER.$proc$/opt/homebrew/bin/../share/yosys/ice40/cells_sim.v:662$295'.
     1/1: $0\Q[0:0]
Creating decoders for process `\SB_DFFESR.$proc$/opt/homebrew/bin/../share/yosys/ice40/cells_sim.v:0$294'.
Creating decoders for process `\SB_DFFESR.$proc$/opt/homebrew/bin/../share/yosys/ice40/cells_sim.v:601$288'.
     1/1: $0\Q[0:0]
Creating decoders for process `\SB_DFFS.$proc$/opt/homebrew/bin/../share/yosys/ice40/cells_sim.v:0$287'.
Creating decoders for process `\SB_DFFS.$proc$/opt/homebrew/bin/../share/yosys/ice40/cells_sim.v:527$285'.
     1/1: $0\Q[0:0]
Creating decoders for process `\SB_DFFSS.$proc$/opt/homebrew/bin/../share/yosys/ice40/cells_sim.v:0$284'.
Creating decoders for process `\SB_DFFSS.$proc$/opt/homebrew/bin/../share/yosys/ice40/cells_sim.v:477$282'.
     1/1: $0\Q[0:0]
Creating decoders for process `\SB_DFFR.$proc$/opt/homebrew/bin/../share/yosys/ice40/cells_sim.v:0$281'.
Creating decoders for process `\SB_DFFR.$proc$/opt/homebrew/bin/../share/yosys/ice40/cells_sim.v:406$279'.
     1/1: $0\Q[0:0]
Creating decoders for process `\SB_DFFSR.$proc$/opt/homebrew/bin/../share/yosys/ice40/cells_sim.v:0$278'.
Creating decoders for process `\SB_DFFSR.$proc$/opt/homebrew/bin/../share/yosys/ice40/cells_sim.v:356$276'.
     1/1: $0\Q[0:0]
Creating decoders for process `\SB_DFFE.$proc$/opt/homebrew/bin/../share/yosys/ice40/cells_sim.v:0$275'.
Creating decoders for process `\SB_DFFE.$proc$/opt/homebrew/bin/../share/yosys/ice40/cells_sim.v:311$274'.
     1/1: $0\Q[0:0]
Creating decoders for process `\SB_DFF.$proc$/opt/homebrew/bin/../share/yosys/ice40/cells_sim.v:0$273'.
Creating decoders for process `\SB_DFF.$proc$/opt/homebrew/bin/../share/yosys/ice40/cells_sim.v:271$272'.
Creating decoders for process `$paramod$9a5d4607c6d410764a6e490cc9d604d51a78e84a\conv1d_large_parallel.$proc$/Users/adarmaori/Desktop/Final$20Project/FPGA/conv1d_large_parallel.v:52$581'.
     1/35: $3\i[31:0]
     2/35: $0\output_valid[0:0]
     3/35: $2\i[31:0]
     4/35: $0\history[30][7:0]
     5/35: $0\history[29][7:0]
     6/35: $0\history[28][7:0]
     7/35: $0\history[27][7:0]
     8/35: $0\history[26][7:0]
     9/35: $0\history[25][7:0]
    10/35: $0\history[24][7:0]
    11/35: $0\history[23][7:0]
    12/35: $0\history[22][7:0]
    13/35: $0\history[21][7:0]
    14/35: $0\history[20][7:0]
    15/35: $0\history[19][7:0]
    16/35: $0\history[18][7:0]
    17/35: $0\history[17][7:0]
    18/35: $0\history[16][7:0]
    19/35: $0\history[15][7:0]
    20/35: $0\history[14][7:0]
    21/35: $0\history[13][7:0]
    22/35: $0\history[12][7:0]
    23/35: $0\history[11][7:0]
    24/35: $0\history[10][7:0]
    25/35: $0\history[9][7:0]
    26/35: $0\history[8][7:0]
    27/35: $0\history[7][7:0]
    28/35: $0\history[6][7:0]
    29/35: $0\history[5][7:0]
    30/35: $0\history[4][7:0]
    31/35: $0\history[3][7:0]
    32/35: $0\history[2][7:0]
    33/35: $0\history[1][7:0]
    34/35: $0\history[0][7:0]
    35/35: $0\sample_out[31:0]
Creating decoders for process `$paramod$9a5d4607c6d410764a6e490cc9d604d51a78e84a\conv1d_large_parallel.$proc$/Users/adarmaori/Desktop/Final$20Project/FPGA/conv1d_large_parallel.v:45$516'.

5.3.8. Executing PROC_DLATCH pass (convert process syncs to latches).
No latch inferred for signal `$paramod$9a5d4607c6d410764a6e490cc9d604d51a78e84a\conv1d_large_parallel.\conv_sum' from process `$paramod$9a5d4607c6d410764a6e490cc9d604d51a78e84a\conv1d_large_parallel.$proc$/Users/adarmaori/Desktop/Final$20Project/FPGA/conv1d_large_parallel.v:45$516'.
No latch inferred for signal `$paramod$9a5d4607c6d410764a6e490cc9d604d51a78e84a\conv1d_large_parallel.\i' from process `$paramod$9a5d4607c6d410764a6e490cc9d604d51a78e84a\conv1d_large_parallel.$proc$/Users/adarmaori/Desktop/Final$20Project/FPGA/conv1d_large_parallel.v:45$516'.

5.3.9. Executing PROC_DFF pass (convert process syncs to FFs).
Creating register for signal `\SB_DFFNES.\Q' using process `\SB_DFFNES.$proc$/opt/homebrew/bin/../share/yosys/ice40/cells_sim.v:1414$344'.
  created $adff cell `$procdff$832' with negative edge clock and positive level reset.
Creating register for signal `\SB_DFFNESS.\Q' using process `\SB_DFFNESS.$proc$/opt/homebrew/bin/../share/yosys/ice40/cells_sim.v:1353$337'.
  created $dff cell `$procdff$833' with negative edge clock.
Creating register for signal `\SB_DFFNER.\Q' using process `\SB_DFFNER.$proc$/opt/homebrew/bin/../share/yosys/ice40/cells_sim.v:1273$333'.
  created $adff cell `$procdff$834' with negative edge clock and positive level reset.
Creating register for signal `\SB_DFFNESR.\Q' using process `\SB_DFFNESR.$proc$/opt/homebrew/bin/../share/yosys/ice40/cells_sim.v:1212$326'.
  created $dff cell `$procdff$835' with negative edge clock.
Creating register for signal `\SB_DFFNS.\Q' using process `\SB_DFFNS.$proc$/opt/homebrew/bin/../share/yosys/ice40/cells_sim.v:1138$323'.
  created $adff cell `$procdff$836' with negative edge clock and positive level reset.
Creating register for signal `\SB_DFFNSS.\Q' using process `\SB_DFFNSS.$proc$/opt/homebrew/bin/../share/yosys/ice40/cells_sim.v:1088$320'.
  created $dff cell `$procdff$837' with negative edge clock.
Creating register for signal `\SB_DFFNR.\Q' using process `\SB_DFFNR.$proc$/opt/homebrew/bin/../share/yosys/ice40/cells_sim.v:1017$317'.
  created $adff cell `$procdff$838' with negative edge clock and positive level reset.
Creating register for signal `\SB_DFFNSR.\Q' using process `\SB_DFFNSR.$proc$/opt/homebrew/bin/../share/yosys/ice40/cells_sim.v:967$314'.
  created $dff cell `$procdff$839' with negative edge clock.
Creating register for signal `\SB_DFFNE.\Q' using process `\SB_DFFNE.$proc$/opt/homebrew/bin/../share/yosys/ice40/cells_sim.v:922$312'.
  created $dff cell `$procdff$840' with negative edge clock.
Creating register for signal `\SB_DFFN.\Q' using process `\SB_DFFN.$proc$/opt/homebrew/bin/../share/yosys/ice40/cells_sim.v:882$310'.
  created $dff cell `$procdff$841' with negative edge clock.
Creating register for signal `\SB_DFFES.\Q' using process `\SB_DFFES.$proc$/opt/homebrew/bin/../share/yosys/ice40/cells_sim.v:803$306'.
  created $adff cell `$procdff$842' with positive edge clock and positive level reset.
Creating register for signal `\SB_DFFESS.\Q' using process `\SB_DFFESS.$proc$/opt/homebrew/bin/../share/yosys/ice40/cells_sim.v:742$299'.
  created $dff cell `$procdff$843' with positive edge clock.
Creating register for signal `\SB_DFFER.\Q' using process `\SB_DFFER.$proc$/opt/homebrew/bin/../share/yosys/ice40/cells_sim.v:662$295'.
  created $adff cell `$procdff$844' with positive edge clock and positive level reset.
Creating register for signal `\SB_DFFESR.\Q' using process `\SB_DFFESR.$proc$/opt/homebrew/bin/../share/yosys/ice40/cells_sim.v:601$288'.
  created $dff cell `$procdff$845' with positive edge clock.
Creating register for signal `\SB_DFFS.\Q' using process `\SB_DFFS.$proc$/opt/homebrew/bin/../share/yosys/ice40/cells_sim.v:527$285'.
  created $adff cell `$procdff$846' with positive edge clock and positive level reset.
Creating register for signal `\SB_DFFSS.\Q' using process `\SB_DFFSS.$proc$/opt/homebrew/bin/../share/yosys/ice40/cells_sim.v:477$282'.
  created $dff cell `$procdff$847' with positive edge clock.
Creating register for signal `\SB_DFFR.\Q' using process `\SB_DFFR.$proc$/opt/homebrew/bin/../share/yosys/ice40/cells_sim.v:406$279'.
  created $adff cell `$procdff$848' with positive edge clock and positive level reset.
Creating register for signal `\SB_DFFSR.\Q' using process `\SB_DFFSR.$proc$/opt/homebrew/bin/../share/yosys/ice40/cells_sim.v:356$276'.
  created $dff cell `$procdff$849' with positive edge clock.
Creating register for signal `\SB_DFFE.\Q' using process `\SB_DFFE.$proc$/opt/homebrew/bin/../share/yosys/ice40/cells_sim.v:311$274'.
  created $dff cell `$procdff$850' with positive edge clock.
Creating register for signal `\SB_DFF.\Q' using process `\SB_DFF.$proc$/opt/homebrew/bin/../share/yosys/ice40/cells_sim.v:271$272'.
  created $dff cell `$procdff$851' with positive edge clock.
Creating register for signal `$paramod$9a5d4607c6d410764a6e490cc9d604d51a78e84a\conv1d_large_parallel.\output_valid' using process `$paramod$9a5d4607c6d410764a6e490cc9d604d51a78e84a\conv1d_large_parallel.$proc$/Users/adarmaori/Desktop/Final$20Project/FPGA/conv1d_large_parallel.v:52$581'.
  created $dff cell `$procdff$852' with positive edge clock.
Creating register for signal `$paramod$9a5d4607c6d410764a6e490cc9d604d51a78e84a\conv1d_large_parallel.\sample_out' using process `$paramod$9a5d4607c6d410764a6e490cc9d604d51a78e84a\conv1d_large_parallel.$proc$/Users/adarmaori/Desktop/Final$20Project/FPGA/conv1d_large_parallel.v:52$581'.
  created $dff cell `$procdff$853' with positive edge clock.
Creating register for signal `$paramod$9a5d4607c6d410764a6e490cc9d604d51a78e84a\conv1d_large_parallel.\i' using process `$paramod$9a5d4607c6d410764a6e490cc9d604d51a78e84a\conv1d_large_parallel.$proc$/Users/adarmaori/Desktop/Final$20Project/FPGA/conv1d_large_parallel.v:52$581'.
  created $dff cell `$procdff$854' with positive edge clock.
Creating register for signal `$paramod$9a5d4607c6d410764a6e490cc9d604d51a78e84a\conv1d_large_parallel.\history[0]' using process `$paramod$9a5d4607c6d410764a6e490cc9d604d51a78e84a\conv1d_large_parallel.$proc$/Users/adarmaori/Desktop/Final$20Project/FPGA/conv1d_large_parallel.v:52$581'.
  created $dff cell `$procdff$855' with positive edge clock.
Creating register for signal `$paramod$9a5d4607c6d410764a6e490cc9d604d51a78e84a\conv1d_large_parallel.\history[1]' using process `$paramod$9a5d4607c6d410764a6e490cc9d604d51a78e84a\conv1d_large_parallel.$proc$/Users/adarmaori/Desktop/Final$20Project/FPGA/conv1d_large_parallel.v:52$581'.
  created $dff cell `$procdff$856' with positive edge clock.
Creating register for signal `$paramod$9a5d4607c6d410764a6e490cc9d604d51a78e84a\conv1d_large_parallel.\history[2]' using process `$paramod$9a5d4607c6d410764a6e490cc9d604d51a78e84a\conv1d_large_parallel.$proc$/Users/adarmaori/Desktop/Final$20Project/FPGA/conv1d_large_parallel.v:52$581'.
  created $dff cell `$procdff$857' with positive edge clock.
Creating register for signal `$paramod$9a5d4607c6d410764a6e490cc9d604d51a78e84a\conv1d_large_parallel.\history[3]' using process `$paramod$9a5d4607c6d410764a6e490cc9d604d51a78e84a\conv1d_large_parallel.$proc$/Users/adarmaori/Desktop/Final$20Project/FPGA/conv1d_large_parallel.v:52$581'.
  created $dff cell `$procdff$858' with positive edge clock.
Creating register for signal `$paramod$9a5d4607c6d410764a6e490cc9d604d51a78e84a\conv1d_large_parallel.\history[4]' using process `$paramod$9a5d4607c6d410764a6e490cc9d604d51a78e84a\conv1d_large_parallel.$proc$/Users/adarmaori/Desktop/Final$20Project/FPGA/conv1d_large_parallel.v:52$581'.
  created $dff cell `$procdff$859' with positive edge clock.
Creating register for signal `$paramod$9a5d4607c6d410764a6e490cc9d604d51a78e84a\conv1d_large_parallel.\history[5]' using process `$paramod$9a5d4607c6d410764a6e490cc9d604d51a78e84a\conv1d_large_parallel.$proc$/Users/adarmaori/Desktop/Final$20Project/FPGA/conv1d_large_parallel.v:52$581'.
  created $dff cell `$procdff$860' with positive edge clock.
Creating register for signal `$paramod$9a5d4607c6d410764a6e490cc9d604d51a78e84a\conv1d_large_parallel.\history[6]' using process `$paramod$9a5d4607c6d410764a6e490cc9d604d51a78e84a\conv1d_large_parallel.$proc$/Users/adarmaori/Desktop/Final$20Project/FPGA/conv1d_large_parallel.v:52$581'.
  created $dff cell `$procdff$861' with positive edge clock.
Creating register for signal `$paramod$9a5d4607c6d410764a6e490cc9d604d51a78e84a\conv1d_large_parallel.\history[7]' using process `$paramod$9a5d4607c6d410764a6e490cc9d604d51a78e84a\conv1d_large_parallel.$proc$/Users/adarmaori/Desktop/Final$20Project/FPGA/conv1d_large_parallel.v:52$581'.
  created $dff cell `$procdff$862' with positive edge clock.
Creating register for signal `$paramod$9a5d4607c6d410764a6e490cc9d604d51a78e84a\conv1d_large_parallel.\history[8]' using process `$paramod$9a5d4607c6d410764a6e490cc9d604d51a78e84a\conv1d_large_parallel.$proc$/Users/adarmaori/Desktop/Final$20Project/FPGA/conv1d_large_parallel.v:52$581'.
  created $dff cell `$procdff$863' with positive edge clock.
Creating register for signal `$paramod$9a5d4607c6d410764a6e490cc9d604d51a78e84a\conv1d_large_parallel.\history[9]' using process `$paramod$9a5d4607c6d410764a6e490cc9d604d51a78e84a\conv1d_large_parallel.$proc$/Users/adarmaori/Desktop/Final$20Project/FPGA/conv1d_large_parallel.v:52$581'.
  created $dff cell `$procdff$864' with positive edge clock.
Creating register for signal `$paramod$9a5d4607c6d410764a6e490cc9d604d51a78e84a\conv1d_large_parallel.\history[10]' using process `$paramod$9a5d4607c6d410764a6e490cc9d604d51a78e84a\conv1d_large_parallel.$proc$/Users/adarmaori/Desktop/Final$20Project/FPGA/conv1d_large_parallel.v:52$581'.
  created $dff cell `$procdff$865' with positive edge clock.
Creating register for signal `$paramod$9a5d4607c6d410764a6e490cc9d604d51a78e84a\conv1d_large_parallel.\history[11]' using process `$paramod$9a5d4607c6d410764a6e490cc9d604d51a78e84a\conv1d_large_parallel.$proc$/Users/adarmaori/Desktop/Final$20Project/FPGA/conv1d_large_parallel.v:52$581'.
  created $dff cell `$procdff$866' with positive edge clock.
Creating register for signal `$paramod$9a5d4607c6d410764a6e490cc9d604d51a78e84a\conv1d_large_parallel.\history[12]' using process `$paramod$9a5d4607c6d410764a6e490cc9d604d51a78e84a\conv1d_large_parallel.$proc$/Users/adarmaori/Desktop/Final$20Project/FPGA/conv1d_large_parallel.v:52$581'.
  created $dff cell `$procdff$867' with positive edge clock.
Creating register for signal `$paramod$9a5d4607c6d410764a6e490cc9d604d51a78e84a\conv1d_large_parallel.\history[13]' using process `$paramod$9a5d4607c6d410764a6e490cc9d604d51a78e84a\conv1d_large_parallel.$proc$/Users/adarmaori/Desktop/Final$20Project/FPGA/conv1d_large_parallel.v:52$581'.
  created $dff cell `$procdff$868' with positive edge clock.
Creating register for signal `$paramod$9a5d4607c6d410764a6e490cc9d604d51a78e84a\conv1d_large_parallel.\history[14]' using process `$paramod$9a5d4607c6d410764a6e490cc9d604d51a78e84a\conv1d_large_parallel.$proc$/Users/adarmaori/Desktop/Final$20Project/FPGA/conv1d_large_parallel.v:52$581'.
  created $dff cell `$procdff$869' with positive edge clock.
Creating register for signal `$paramod$9a5d4607c6d410764a6e490cc9d604d51a78e84a\conv1d_large_parallel.\history[15]' using process `$paramod$9a5d4607c6d410764a6e490cc9d604d51a78e84a\conv1d_large_parallel.$proc$/Users/adarmaori/Desktop/Final$20Project/FPGA/conv1d_large_parallel.v:52$581'.
  created $dff cell `$procdff$870' with positive edge clock.
Creating register for signal `$paramod$9a5d4607c6d410764a6e490cc9d604d51a78e84a\conv1d_large_parallel.\history[16]' using process `$paramod$9a5d4607c6d410764a6e490cc9d604d51a78e84a\conv1d_large_parallel.$proc$/Users/adarmaori/Desktop/Final$20Project/FPGA/conv1d_large_parallel.v:52$581'.
  created $dff cell `$procdff$871' with positive edge clock.
Creating register for signal `$paramod$9a5d4607c6d410764a6e490cc9d604d51a78e84a\conv1d_large_parallel.\history[17]' using process `$paramod$9a5d4607c6d410764a6e490cc9d604d51a78e84a\conv1d_large_parallel.$proc$/Users/adarmaori/Desktop/Final$20Project/FPGA/conv1d_large_parallel.v:52$581'.
  created $dff cell `$procdff$872' with positive edge clock.
Creating register for signal `$paramod$9a5d4607c6d410764a6e490cc9d604d51a78e84a\conv1d_large_parallel.\history[18]' using process `$paramod$9a5d4607c6d410764a6e490cc9d604d51a78e84a\conv1d_large_parallel.$proc$/Users/adarmaori/Desktop/Final$20Project/FPGA/conv1d_large_parallel.v:52$581'.
  created $dff cell `$procdff$873' with positive edge clock.
Creating register for signal `$paramod$9a5d4607c6d410764a6e490cc9d604d51a78e84a\conv1d_large_parallel.\history[19]' using process `$paramod$9a5d4607c6d410764a6e490cc9d604d51a78e84a\conv1d_large_parallel.$proc$/Users/adarmaori/Desktop/Final$20Project/FPGA/conv1d_large_parallel.v:52$581'.
  created $dff cell `$procdff$874' with positive edge clock.
Creating register for signal `$paramod$9a5d4607c6d410764a6e490cc9d604d51a78e84a\conv1d_large_parallel.\history[20]' using process `$paramod$9a5d4607c6d410764a6e490cc9d604d51a78e84a\conv1d_large_parallel.$proc$/Users/adarmaori/Desktop/Final$20Project/FPGA/conv1d_large_parallel.v:52$581'.
  created $dff cell `$procdff$875' with positive edge clock.
Creating register for signal `$paramod$9a5d4607c6d410764a6e490cc9d604d51a78e84a\conv1d_large_parallel.\history[21]' using process `$paramod$9a5d4607c6d410764a6e490cc9d604d51a78e84a\conv1d_large_parallel.$proc$/Users/adarmaori/Desktop/Final$20Project/FPGA/conv1d_large_parallel.v:52$581'.
  created $dff cell `$procdff$876' with positive edge clock.
Creating register for signal `$paramod$9a5d4607c6d410764a6e490cc9d604d51a78e84a\conv1d_large_parallel.\history[22]' using process `$paramod$9a5d4607c6d410764a6e490cc9d604d51a78e84a\conv1d_large_parallel.$proc$/Users/adarmaori/Desktop/Final$20Project/FPGA/conv1d_large_parallel.v:52$581'.
  created $dff cell `$procdff$877' with positive edge clock.
Creating register for signal `$paramod$9a5d4607c6d410764a6e490cc9d604d51a78e84a\conv1d_large_parallel.\history[23]' using process `$paramod$9a5d4607c6d410764a6e490cc9d604d51a78e84a\conv1d_large_parallel.$proc$/Users/adarmaori/Desktop/Final$20Project/FPGA/conv1d_large_parallel.v:52$581'.
  created $dff cell `$procdff$878' with positive edge clock.
Creating register for signal `$paramod$9a5d4607c6d410764a6e490cc9d604d51a78e84a\conv1d_large_parallel.\history[24]' using process `$paramod$9a5d4607c6d410764a6e490cc9d604d51a78e84a\conv1d_large_parallel.$proc$/Users/adarmaori/Desktop/Final$20Project/FPGA/conv1d_large_parallel.v:52$581'.
  created $dff cell `$procdff$879' with positive edge clock.
Creating register for signal `$paramod$9a5d4607c6d410764a6e490cc9d604d51a78e84a\conv1d_large_parallel.\history[25]' using process `$paramod$9a5d4607c6d410764a6e490cc9d604d51a78e84a\conv1d_large_parallel.$proc$/Users/adarmaori/Desktop/Final$20Project/FPGA/conv1d_large_parallel.v:52$581'.
  created $dff cell `$procdff$880' with positive edge clock.
Creating register for signal `$paramod$9a5d4607c6d410764a6e490cc9d604d51a78e84a\conv1d_large_parallel.\history[26]' using process `$paramod$9a5d4607c6d410764a6e490cc9d604d51a78e84a\conv1d_large_parallel.$proc$/Users/adarmaori/Desktop/Final$20Project/FPGA/conv1d_large_parallel.v:52$581'.
  created $dff cell `$procdff$881' with positive edge clock.
Creating register for signal `$paramod$9a5d4607c6d410764a6e490cc9d604d51a78e84a\conv1d_large_parallel.\history[27]' using process `$paramod$9a5d4607c6d410764a6e490cc9d604d51a78e84a\conv1d_large_parallel.$proc$/Users/adarmaori/Desktop/Final$20Project/FPGA/conv1d_large_parallel.v:52$581'.
  created $dff cell `$procdff$882' with positive edge clock.
Creating register for signal `$paramod$9a5d4607c6d410764a6e490cc9d604d51a78e84a\conv1d_large_parallel.\history[28]' using process `$paramod$9a5d4607c6d410764a6e490cc9d604d51a78e84a\conv1d_large_parallel.$proc$/Users/adarmaori/Desktop/Final$20Project/FPGA/conv1d_large_parallel.v:52$581'.
  created $dff cell `$procdff$883' with positive edge clock.
Creating register for signal `$paramod$9a5d4607c6d410764a6e490cc9d604d51a78e84a\conv1d_large_parallel.\history[29]' using process `$paramod$9a5d4607c6d410764a6e490cc9d604d51a78e84a\conv1d_large_parallel.$proc$/Users/adarmaori/Desktop/Final$20Project/FPGA/conv1d_large_parallel.v:52$581'.
  created $dff cell `$procdff$884' with positive edge clock.
Creating register for signal `$paramod$9a5d4607c6d410764a6e490cc9d604d51a78e84a\conv1d_large_parallel.\history[30]' using process `$paramod$9a5d4607c6d410764a6e490cc9d604d51a78e84a\conv1d_large_parallel.$proc$/Users/adarmaori/Desktop/Final$20Project/FPGA/conv1d_large_parallel.v:52$581'.
  created $dff cell `$procdff$885' with positive edge clock.

5.3.10. Executing PROC_MEMWR pass (convert process memory writes to cells).

5.3.11. Executing PROC_CLEAN pass (remove empty switches from decision trees).
Removing empty process `SB_DFFNES.$proc$/opt/homebrew/bin/../share/yosys/ice40/cells_sim.v:0$347'.
Found and cleaned up 1 empty switch in `\SB_DFFNES.$proc$/opt/homebrew/bin/../share/yosys/ice40/cells_sim.v:1414$344'.
Removing empty process `SB_DFFNES.$proc$/opt/homebrew/bin/../share/yosys/ice40/cells_sim.v:1414$344'.
Removing empty process `SB_DFFNESS.$proc$/opt/homebrew/bin/../share/yosys/ice40/cells_sim.v:0$343'.
Found and cleaned up 2 empty switches in `\SB_DFFNESS.$proc$/opt/homebrew/bin/../share/yosys/ice40/cells_sim.v:1353$337'.
Removing empty process `SB_DFFNESS.$proc$/opt/homebrew/bin/../share/yosys/ice40/cells_sim.v:1353$337'.
Removing empty process `SB_DFFNER.$proc$/opt/homebrew/bin/../share/yosys/ice40/cells_sim.v:0$336'.
Found and cleaned up 1 empty switch in `\SB_DFFNER.$proc$/opt/homebrew/bin/../share/yosys/ice40/cells_sim.v:1273$333'.
Removing empty process `SB_DFFNER.$proc$/opt/homebrew/bin/../share/yosys/ice40/cells_sim.v:1273$333'.
Removing empty process `SB_DFFNESR.$proc$/opt/homebrew/bin/../share/yosys/ice40/cells_sim.v:0$332'.
Found and cleaned up 2 empty switches in `\SB_DFFNESR.$proc$/opt/homebrew/bin/../share/yosys/ice40/cells_sim.v:1212$326'.
Removing empty process `SB_DFFNESR.$proc$/opt/homebrew/bin/../share/yosys/ice40/cells_sim.v:1212$326'.
Removing empty process `SB_DFFNS.$proc$/opt/homebrew/bin/../share/yosys/ice40/cells_sim.v:0$325'.
Removing empty process `SB_DFFNS.$proc$/opt/homebrew/bin/../share/yosys/ice40/cells_sim.v:1138$323'.
Removing empty process `SB_DFFNSS.$proc$/opt/homebrew/bin/../share/yosys/ice40/cells_sim.v:0$322'.
Found and cleaned up 1 empty switch in `\SB_DFFNSS.$proc$/opt/homebrew/bin/../share/yosys/ice40/cells_sim.v:1088$320'.
Removing empty process `SB_DFFNSS.$proc$/opt/homebrew/bin/../share/yosys/ice40/cells_sim.v:1088$320'.
Removing empty process `SB_DFFNR.$proc$/opt/homebrew/bin/../share/yosys/ice40/cells_sim.v:0$319'.
Removing empty process `SB_DFFNR.$proc$/opt/homebrew/bin/../share/yosys/ice40/cells_sim.v:1017$317'.
Removing empty process `SB_DFFNSR.$proc$/opt/homebrew/bin/../share/yosys/ice40/cells_sim.v:0$316'.
Found and cleaned up 1 empty switch in `\SB_DFFNSR.$proc$/opt/homebrew/bin/../share/yosys/ice40/cells_sim.v:967$314'.
Removing empty process `SB_DFFNSR.$proc$/opt/homebrew/bin/../share/yosys/ice40/cells_sim.v:967$314'.
Removing empty process `SB_DFFNE.$proc$/opt/homebrew/bin/../share/yosys/ice40/cells_sim.v:0$313'.
Found and cleaned up 1 empty switch in `\SB_DFFNE.$proc$/opt/homebrew/bin/../share/yosys/ice40/cells_sim.v:922$312'.
Removing empty process `SB_DFFNE.$proc$/opt/homebrew/bin/../share/yosys/ice40/cells_sim.v:922$312'.
Removing empty process `SB_DFFN.$proc$/opt/homebrew/bin/../share/yosys/ice40/cells_sim.v:0$311'.
Removing empty process `SB_DFFN.$proc$/opt/homebrew/bin/../share/yosys/ice40/cells_sim.v:882$310'.
Removing empty process `SB_DFFES.$proc$/opt/homebrew/bin/../share/yosys/ice40/cells_sim.v:0$309'.
Found and cleaned up 1 empty switch in `\SB_DFFES.$proc$/opt/homebrew/bin/../share/yosys/ice40/cells_sim.v:803$306'.
Removing empty process `SB_DFFES.$proc$/opt/homebrew/bin/../share/yosys/ice40/cells_sim.v:803$306'.
Removing empty process `SB_DFFESS.$proc$/opt/homebrew/bin/../share/yosys/ice40/cells_sim.v:0$305'.
Found and cleaned up 2 empty switches in `\SB_DFFESS.$proc$/opt/homebrew/bin/../share/yosys/ice40/cells_sim.v:742$299'.
Removing empty process `SB_DFFESS.$proc$/opt/homebrew/bin/../share/yosys/ice40/cells_sim.v:742$299'.
Removing empty process `SB_DFFER.$proc$/opt/homebrew/bin/../share/yosys/ice40/cells_sim.v:0$298'.
Found and cleaned up 1 empty switch in `\SB_DFFER.$proc$/opt/homebrew/bin/../share/yosys/ice40/cells_sim.v:662$295'.
Removing empty process `SB_DFFER.$proc$/opt/homebrew/bin/../share/yosys/ice40/cells_sim.v:662$295'.
Removing empty process `SB_DFFESR.$proc$/opt/homebrew/bin/../share/yosys/ice40/cells_sim.v:0$294'.
Found and cleaned up 2 empty switches in `\SB_DFFESR.$proc$/opt/homebrew/bin/../share/yosys/ice40/cells_sim.v:601$288'.
Removing empty process `SB_DFFESR.$proc$/opt/homebrew/bin/../share/yosys/ice40/cells_sim.v:601$288'.
Removing empty process `SB_DFFS.$proc$/opt/homebrew/bin/../share/yosys/ice40/cells_sim.v:0$287'.
Removing empty process `SB_DFFS.$proc$/opt/homebrew/bin/../share/yosys/ice40/cells_sim.v:527$285'.
Removing empty process `SB_DFFSS.$proc$/opt/homebrew/bin/../share/yosys/ice40/cells_sim.v:0$284'.
Found and cleaned up 1 empty switch in `\SB_DFFSS.$proc$/opt/homebrew/bin/../share/yosys/ice40/cells_sim.v:477$282'.
Removing empty process `SB_DFFSS.$proc$/opt/homebrew/bin/../share/yosys/ice40/cells_sim.v:477$282'.
Removing empty process `SB_DFFR.$proc$/opt/homebrew/bin/../share/yosys/ice40/cells_sim.v:0$281'.
Removing empty process `SB_DFFR.$proc$/opt/homebrew/bin/../share/yosys/ice40/cells_sim.v:406$279'.
Removing empty process `SB_DFFSR.$proc$/opt/homebrew/bin/../share/yosys/ice40/cells_sim.v:0$278'.
Found and cleaned up 1 empty switch in `\SB_DFFSR.$proc$/opt/homebrew/bin/../share/yosys/ice40/cells_sim.v:356$276'.
Removing empty process `SB_DFFSR.$proc$/opt/homebrew/bin/../share/yosys/ice40/cells_sim.v:356$276'.
Removing empty process `SB_DFFE.$proc$/opt/homebrew/bin/../share/yosys/ice40/cells_sim.v:0$275'.
Found and cleaned up 1 empty switch in `\SB_DFFE.$proc$/opt/homebrew/bin/../share/yosys/ice40/cells_sim.v:311$274'.
Removing empty process `SB_DFFE.$proc$/opt/homebrew/bin/../share/yosys/ice40/cells_sim.v:311$274'.
Removing empty process `SB_DFF.$proc$/opt/homebrew/bin/../share/yosys/ice40/cells_sim.v:0$273'.
Removing empty process `SB_DFF.$proc$/opt/homebrew/bin/../share/yosys/ice40/cells_sim.v:271$272'.
Found and cleaned up 2 empty switches in `$paramod$9a5d4607c6d410764a6e490cc9d604d51a78e84a\conv1d_large_parallel.$proc$/Users/adarmaori/Desktop/Final$20Project/FPGA/conv1d_large_parallel.v:52$581'.
Removing empty process `$paramod$9a5d4607c6d410764a6e490cc9d604d51a78e84a\conv1d_large_parallel.$proc$/Users/adarmaori/Desktop/Final$20Project/FPGA/conv1d_large_parallel.v:52$581'.
Removing empty process `$paramod$9a5d4607c6d410764a6e490cc9d604d51a78e84a\conv1d_large_parallel.$proc$/Users/adarmaori/Desktop/Final$20Project/FPGA/conv1d_large_parallel.v:45$516'.
Cleaned up 20 empty switches.

5.3.12. Executing OPT_EXPR pass (perform const folding).
Optimizing module conv1d_large_benchmark_top.
Optimizing module $paramod$9a5d4607c6d410764a6e490cc9d604d51a78e84a\conv1d_large_engine.
Optimizing module $paramod$9a5d4607c6d410764a6e490cc9d604d51a78e84a\conv1d_large_parallel.
<suppressed ~2 debug messages>

5.4. Executing FLATTEN pass (flatten design).
Deleting now unused module $paramod$9a5d4607c6d410764a6e490cc9d604d51a78e84a\conv1d_large_engine.
Deleting now unused module $paramod$9a5d4607c6d410764a6e490cc9d604d51a78e84a\conv1d_large_parallel.
<suppressed ~2 debug messages>

5.5. Executing TRIBUF pass.

5.6. Executing DEMINOUT pass (demote inout ports to input or output).

5.7. Executing OPT_EXPR pass (perform const folding).
Optimizing module conv1d_large_benchmark_top.
<suppressed ~53 debug messages>

5.8. Executing OPT_CLEAN pass (remove unused cells and wires).
Finding unused cells or wires in module \conv1d_large_benchmark_top..
Removed 4 unused cells and 137 unused wires.
<suppressed ~10 debug messages>

5.9. Executing CHECK pass (checking for obvious problems).
Checking module conv1d_large_benchmark_top...
Found and reported 0 problems.

5.10. Executing OPT pass (performing simple optimizations).

5.10.1. Executing OPT_EXPR pass (perform const folding).
Optimizing module conv1d_large_benchmark_top.

5.10.2. Executing OPT_MERGE pass (detect identical cells).
Finding identical cells in module `\conv1d_large_benchmark_top'.
Removed a total of 0 cells.

5.10.3. Executing OPT_MUXTREE pass (detect dead branches in mux trees).
Running muxtree optimizer on module \conv1d_large_benchmark_top..
  Creating internal representation of mux trees.
  Evaluating internal representation of mux trees.
  Analyzing evaluation results.
Removed 0 multiplexer ports.
<suppressed ~33 debug messages>

5.10.4. Executing OPT_REDUCE pass (consolidate $*mux and $reduce_* inputs).
  Optimizing cells in module \conv1d_large_benchmark_top.
Performed a total of 0 changes.

5.10.5. Executing OPT_MERGE pass (detect identical cells).
Finding identical cells in module `\conv1d_large_benchmark_top'.
Removed a total of 0 cells.

5.10.6. Executing OPT_DFF pass (perform DFF optimizations).

5.10.7. Executing OPT_CLEAN pass (remove unused cells and wires).
Finding unused cells or wires in module \conv1d_large_benchmark_top..

5.10.8. Executing OPT_EXPR pass (perform const folding).
Optimizing module conv1d_large_benchmark_top.

5.10.9. Finished OPT passes. (There is nothing left to do.)

5.11. Executing FSM pass (extract and optimize FSM).

5.11.1. Executing FSM_DETECT pass (finding FSMs in design).

5.11.2. Executing FSM_EXTRACT pass (extracting FSM from design).

5.11.3. Executing FSM_OPT pass (simple optimizations of FSMs).

5.11.4. Executing OPT_CLEAN pass (remove unused cells and wires).
Finding unused cells or wires in module \conv1d_large_benchmark_top..

5.11.5. Executing FSM_OPT pass (simple optimizations of FSMs).

5.11.6. Executing FSM_RECODE pass (re-assigning FSM state encoding).

5.11.7. Executing FSM_INFO pass (dumping all available information on FSM cells).

5.11.8. Executing FSM_MAP pass (mapping FSMs to basic logic).

5.12. Executing OPT pass (performing simple optimizations).

5.12.1. Executing OPT_EXPR pass (perform const folding).
Optimizing module conv1d_large_benchmark_top.

5.12.2. Executing OPT_MERGE pass (detect identical cells).
Finding identical cells in module `\conv1d_large_benchmark_top'.
Removed a total of 0 cells.

5.12.3. Executing OPT_MUXTREE pass (detect dead branches in mux trees).
Running muxtree optimizer on module \conv1d_large_benchmark_top..
  Creating internal representation of mux trees.
  Evaluating internal representation of mux trees.
  Analyzing evaluation results.
Removed 0 multiplexer ports.
<suppressed ~33 debug messages>

5.12.4. Executing OPT_REDUCE pass (consolidate $*mux and $reduce_* inputs).
  Optimizing cells in module \conv1d_large_benchmark_top.
Performed a total of 0 changes.

5.12.5. Executing OPT_MERGE pass (detect identical cells).
Finding identical cells in module `\conv1d_large_benchmark_top'.
Removed a total of 0 cells.

5.12.6. Executing OPT_DFF pass (perform DFF optimizations).
Adding SRST signal on $flatten\conv.\impl.$procdff$885 ($dff) from module conv1d_large_benchmark_top (D = $flatten\conv.\impl.$procmux$641_Y, Q = \conv.impl.history[30], rval = 8'00000000).
Adding EN signal on $auto$ff.cc:266:slice$888 ($sdff) from module conv1d_large_benchmark_top (D = \conv.impl.history[29], Q = \conv.impl.history[30]).
Adding SRST signal on $flatten\conv.\impl.$procdff$884 ($dff) from module conv1d_large_benchmark_top (D = $flatten\conv.\impl.$procmux$647_Y, Q = \conv.impl.history[29], rval = 8'00000000).
Adding EN signal on $auto$ff.cc:266:slice$890 ($sdff) from module conv1d_large_benchmark_top (D = \conv.impl.history[28], Q = \conv.impl.history[29]).
Adding SRST signal on $flatten\conv.\impl.$procdff$883 ($dff) from module conv1d_large_benchmark_top (D = $flatten\conv.\impl.$procmux$653_Y, Q = \conv.impl.history[28], rval = 8'00000000).
Adding EN signal on $auto$ff.cc:266:slice$892 ($sdff) from module conv1d_large_benchmark_top (D = \conv.impl.history[27], Q = \conv.impl.history[28]).
Adding SRST signal on $flatten\conv.\impl.$procdff$882 ($dff) from module conv1d_large_benchmark_top (D = $flatten\conv.\impl.$procmux$659_Y, Q = \conv.impl.history[27], rval = 8'00000000).
Adding EN signal on $auto$ff.cc:266:slice$894 ($sdff) from module conv1d_large_benchmark_top (D = \conv.impl.history[26], Q = \conv.impl.history[27]).
Adding SRST signal on $flatten\conv.\impl.$procdff$881 ($dff) from module conv1d_large_benchmark_top (D = $flatten\conv.\impl.$procmux$665_Y, Q = \conv.impl.history[26], rval = 8'00000000).
Adding EN signal on $auto$ff.cc:266:slice$896 ($sdff) from module conv1d_large_benchmark_top (D = \conv.impl.history[25], Q = \conv.impl.history[26]).
Adding SRST signal on $flatten\conv.\impl.$procdff$880 ($dff) from module conv1d_large_benchmark_top (D = $flatten\conv.\impl.$procmux$671_Y, Q = \conv.impl.history[25], rval = 8'00000000).
Adding EN signal on $auto$ff.cc:266:slice$898 ($sdff) from module conv1d_large_benchmark_top (D = \conv.impl.history[24], Q = \conv.impl.history[25]).
Adding SRST signal on $flatten\conv.\impl.$procdff$879 ($dff) from module conv1d_large_benchmark_top (D = $flatten\conv.\impl.$procmux$677_Y, Q = \conv.impl.history[24], rval = 8'00000000).
Adding EN signal on $auto$ff.cc:266:slice$900 ($sdff) from module conv1d_large_benchmark_top (D = \conv.impl.history[23], Q = \conv.impl.history[24]).
Adding SRST signal on $flatten\conv.\impl.$procdff$878 ($dff) from module conv1d_large_benchmark_top (D = $flatten\conv.\impl.$procmux$683_Y, Q = \conv.impl.history[23], rval = 8'00000000).
Adding EN signal on $auto$ff.cc:266:slice$902 ($sdff) from module conv1d_large_benchmark_top (D = \conv.impl.history[22], Q = \conv.impl.history[23]).
Adding SRST signal on $flatten\conv.\impl.$procdff$877 ($dff) from module conv1d_large_benchmark_top (D = $flatten\conv.\impl.$procmux$689_Y, Q = \conv.impl.history[22], rval = 8'00000000).
Adding EN signal on $auto$ff.cc:266:slice$904 ($sdff) from module conv1d_large_benchmark_top (D = \conv.impl.history[21], Q = \conv.impl.history[22]).
Adding SRST signal on $flatten\conv.\impl.$procdff$876 ($dff) from module conv1d_large_benchmark_top (D = $flatten\conv.\impl.$procmux$695_Y, Q = \conv.impl.history[21], rval = 8'00000000).
Adding EN signal on $auto$ff.cc:266:slice$906 ($sdff) from module conv1d_large_benchmark_top (D = \conv.impl.history[20], Q = \conv.impl.history[21]).
Adding SRST signal on $flatten\conv.\impl.$procdff$875 ($dff) from module conv1d_large_benchmark_top (D = $flatten\conv.\impl.$procmux$701_Y, Q = \conv.impl.history[20], rval = 8'00000000).
Adding EN signal on $auto$ff.cc:266:slice$908 ($sdff) from module conv1d_large_benchmark_top (D = \conv.impl.history[19], Q = \conv.impl.history[20]).
Adding SRST signal on $flatten\conv.\impl.$procdff$874 ($dff) from module conv1d_large_benchmark_top (D = $flatten\conv.\impl.$procmux$707_Y, Q = \conv.impl.history[19], rval = 8'00000000).
Adding EN signal on $auto$ff.cc:266:slice$910 ($sdff) from module conv1d_large_benchmark_top (D = \conv.impl.history[18], Q = \conv.impl.history[19]).
Adding SRST signal on $flatten\conv.\impl.$procdff$873 ($dff) from module conv1d_large_benchmark_top (D = $flatten\conv.\impl.$procmux$713_Y, Q = \conv.impl.history[18], rval = 8'00000000).
Adding EN signal on $auto$ff.cc:266:slice$912 ($sdff) from module conv1d_large_benchmark_top (D = \conv.impl.history[17], Q = \conv.impl.history[18]).
Adding SRST signal on $flatten\conv.\impl.$procdff$872 ($dff) from module conv1d_large_benchmark_top (D = $flatten\conv.\impl.$procmux$719_Y, Q = \conv.impl.history[17], rval = 8'00000000).
Adding EN signal on $auto$ff.cc:266:slice$914 ($sdff) from module conv1d_large_benchmark_top (D = \conv.impl.history[16], Q = \conv.impl.history[17]).
Adding SRST signal on $flatten\conv.\impl.$procdff$871 ($dff) from module conv1d_large_benchmark_top (D = $flatten\conv.\impl.$procmux$725_Y, Q = \conv.impl.history[16], rval = 8'00000000).
Adding EN signal on $auto$ff.cc:266:slice$916 ($sdff) from module conv1d_large_benchmark_top (D = \conv.impl.history[15], Q = \conv.impl.history[16]).
Adding SRST signal on $flatten\conv.\impl.$procdff$870 ($dff) from module conv1d_large_benchmark_top (D = $flatten\conv.\impl.$procmux$731_Y, Q = \conv.impl.history[15], rval = 8'00000000).
Adding EN signal on $auto$ff.cc:266:slice$918 ($sdff) from module conv1d_large_benchmark_top (D = \conv.impl.history[14], Q = \conv.impl.history[15]).
Adding SRST signal on $flatten\conv.\impl.$procdff$869 ($dff) from module conv1d_large_benchmark_top (D = $flatten\conv.\impl.$procmux$737_Y, Q = \conv.impl.history[14], rval = 8'00000000).
Adding EN signal on $auto$ff.cc:266:slice$920 ($sdff) from module conv1d_large_benchmark_top (D = \conv.impl.history[13], Q = \conv.impl.history[14]).
Adding SRST signal on $flatten\conv.\impl.$procdff$868 ($dff) from module conv1d_large_benchmark_top (D = $flatten\conv.\impl.$procmux$743_Y, Q = \conv.impl.history[13], rval = 8'00000000).
Adding EN signal on $auto$ff.cc:266:slice$922 ($sdff) from module conv1d_large_benchmark_top (D = \conv.impl.history[12], Q = \conv.impl.history[13]).
Adding SRST signal on $flatten\conv.\impl.$procdff$867 ($dff) from module conv1d_large_benchmark_top (D = $flatten\conv.\impl.$procmux$749_Y, Q = \conv.impl.history[12], rval = 8'00000000).
Adding EN signal on $auto$ff.cc:266:slice$924 ($sdff) from module conv1d_large_benchmark_top (D = \conv.impl.history[11], Q = \conv.impl.history[12]).
Adding SRST signal on $flatten\conv.\impl.$procdff$866 ($dff) from module conv1d_large_benchmark_top (D = $flatten\conv.\impl.$procmux$755_Y, Q = \conv.impl.history[11], rval = 8'00000000).
Adding EN signal on $auto$ff.cc:266:slice$926 ($sdff) from module conv1d_large_benchmark_top (D = \conv.impl.history[10], Q = \conv.impl.history[11]).
Adding SRST signal on $flatten\conv.\impl.$procdff$865 ($dff) from module conv1d_large_benchmark_top (D = $flatten\conv.\impl.$procmux$761_Y, Q = \conv.impl.history[10], rval = 8'00000000).
Adding EN signal on $auto$ff.cc:266:slice$928 ($sdff) from module conv1d_large_benchmark_top (D = \conv.impl.history[9], Q = \conv.impl.history[10]).
Adding SRST signal on $flatten\conv.\impl.$procdff$864 ($dff) from module conv1d_large_benchmark_top (D = $flatten\conv.\impl.$procmux$767_Y, Q = \conv.impl.history[9], rval = 8'00000000).
Adding EN signal on $auto$ff.cc:266:slice$930 ($sdff) from module conv1d_large_benchmark_top (D = \conv.impl.history[8], Q = \conv.impl.history[9]).
Adding SRST signal on $flatten\conv.\impl.$procdff$863 ($dff) from module conv1d_large_benchmark_top (D = $flatten\conv.\impl.$procmux$773_Y, Q = \conv.impl.history[8], rval = 8'00000000).
Adding EN signal on $auto$ff.cc:266:slice$932 ($sdff) from module conv1d_large_benchmark_top (D = \conv.impl.history[7], Q = \conv.impl.history[8]).
Adding SRST signal on $flatten\conv.\impl.$procdff$862 ($dff) from module conv1d_large_benchmark_top (D = $flatten\conv.\impl.$procmux$779_Y, Q = \conv.impl.history[7], rval = 8'00000000).
Adding EN signal on $auto$ff.cc:266:slice$934 ($sdff) from module conv1d_large_benchmark_top (D = \conv.impl.history[6], Q = \conv.impl.history[7]).
Adding SRST signal on $flatten\conv.\impl.$procdff$861 ($dff) from module conv1d_large_benchmark_top (D = $flatten\conv.\impl.$procmux$785_Y, Q = \conv.impl.history[6], rval = 8'00000000).
Adding EN signal on $auto$ff.cc:266:slice$936 ($sdff) from module conv1d_large_benchmark_top (D = \conv.impl.history[5], Q = \conv.impl.history[6]).
Adding SRST signal on $flatten\conv.\impl.$procdff$860 ($dff) from module conv1d_large_benchmark_top (D = $flatten\conv.\impl.$procmux$791_Y, Q = \conv.impl.history[5], rval = 8'00000000).
Adding EN signal on $auto$ff.cc:266:slice$938 ($sdff) from module conv1d_large_benchmark_top (D = \conv.impl.history[4], Q = \conv.impl.history[5]).
Adding SRST signal on $flatten\conv.\impl.$procdff$859 ($dff) from module conv1d_large_benchmark_top (D = $flatten\conv.\impl.$procmux$797_Y, Q = \conv.impl.history[4], rval = 8'00000000).
Adding EN signal on $auto$ff.cc:266:slice$940 ($sdff) from module conv1d_large_benchmark_top (D = \conv.impl.history[3], Q = \conv.impl.history[4]).
Adding SRST signal on $flatten\conv.\impl.$procdff$858 ($dff) from module conv1d_large_benchmark_top (D = $flatten\conv.\impl.$procmux$803_Y, Q = \conv.impl.history[3], rval = 8'00000000).
Adding EN signal on $auto$ff.cc:266:slice$942 ($sdff) from module conv1d_large_benchmark_top (D = \conv.impl.history[2], Q = \conv.impl.history[3]).
Adding SRST signal on $flatten\conv.\impl.$procdff$857 ($dff) from module conv1d_large_benchmark_top (D = $flatten\conv.\impl.$procmux$809_Y, Q = \conv.impl.history[2], rval = 8'00000000).
Adding EN signal on $auto$ff.cc:266:slice$944 ($sdff) from module conv1d_large_benchmark_top (D = \conv.impl.history[1], Q = \conv.impl.history[2]).
Adding SRST signal on $flatten\conv.\impl.$procdff$856 ($dff) from module conv1d_large_benchmark_top (D = $flatten\conv.\impl.$procmux$815_Y, Q = \conv.impl.history[1], rval = 8'00000000).
Adding EN signal on $auto$ff.cc:266:slice$946 ($sdff) from module conv1d_large_benchmark_top (D = \conv.impl.history[0], Q = \conv.impl.history[1]).
Adding SRST signal on $flatten\conv.\impl.$procdff$855 ($dff) from module conv1d_large_benchmark_top (D = $flatten\conv.\impl.$procmux$821_Y, Q = \conv.impl.history[0], rval = 8'00000000).
Adding EN signal on $auto$ff.cc:266:slice$948 ($sdff) from module conv1d_large_benchmark_top (D = \sample_in, Q = \conv.impl.history[0]).
Adding SRST signal on $flatten\conv.\impl.$procdff$853 ($dff) from module conv1d_large_benchmark_top (D = $flatten\conv.\impl.$procmux$827_Y, Q = \conv.impl.sample_out, rval = 0).
Adding EN signal on $auto$ff.cc:266:slice$950 ($sdff) from module conv1d_large_benchmark_top (D = \conv.impl.conv_sum, Q = \conv.impl.sample_out).
Adding SRST signal on $flatten\conv.\impl.$procdff$852 ($dff) from module conv1d_large_benchmark_top (D = \sample_valid, Q = \conv.impl.output_valid, rval = 1'0).

5.12.7. Executing OPT_CLEAN pass (remove unused cells and wires).
Finding unused cells or wires in module \conv1d_large_benchmark_top..
Removed 65 unused cells and 65 unused wires.
<suppressed ~66 debug messages>

5.12.8. Executing OPT_EXPR pass (perform const folding).
Optimizing module conv1d_large_benchmark_top.

5.12.9. Rerunning OPT passes. (Maybe there is more to do..)

5.12.10. Executing OPT_MUXTREE pass (detect dead branches in mux trees).
Running muxtree optimizer on module \conv1d_large_benchmark_top..
  Creating internal representation of mux trees.
  No muxes found in this module.
Removed 0 multiplexer ports.

5.12.11. Executing OPT_REDUCE pass (consolidate $*mux and $reduce_* inputs).
  Optimizing cells in module \conv1d_large_benchmark_top.
Performed a total of 0 changes.

5.12.12. Executing OPT_MERGE pass (detect identical cells).
Finding identical cells in module `\conv1d_large_benchmark_top'.
Removed a total of 0 cells.

5.12.13. Executing OPT_DFF pass (perform DFF optimizations).

5.12.14. Executing OPT_CLEAN pass (remove unused cells and wires).
Finding unused cells or wires in module \conv1d_large_benchmark_top..

5.12.15. Executing OPT_EXPR pass (perform const folding).
Optimizing module conv1d_large_benchmark_top.

5.12.16. Finished OPT passes. (There is nothing left to do.)

5.13. Executing WREDUCE pass (reducing word size of cells).
Removed top 23 bits (of 32) from port A of cell conv1d_large_benchmark_top.$flatten\conv.\impl.$add$/Users/adarmaori/Desktop/Final$20Project/FPGA/conv1d_large_parallel.v:48$520 ($add).
Removed top 5 bits (of 8) from port B of cell conv1d_large_benchmark_top.$flatten\conv.\impl.$mul$/Users/adarmaori/Desktop/Final$20Project/FPGA/conv1d_large_parallel.v:48$521 ($mul).
Removed top 21 bits (of 32) from port Y of cell conv1d_large_benchmark_top.$flatten\conv.\impl.$mul$/Users/adarmaori/Desktop/Final$20Project/FPGA/conv1d_large_parallel.v:48$521 ($mul).
Removed top 21 bits (of 32) from port B of cell conv1d_large_benchmark_top.$flatten\conv.\impl.$add$/Users/adarmaori/Desktop/Final$20Project/FPGA/conv1d_large_parallel.v:48$522 ($add).
Removed top 24 bits (of 32) from port B of cell conv1d_large_benchmark_top.$flatten\conv.\impl.$add$/Users/adarmaori/Desktop/Final$20Project/FPGA/conv1d_large_parallel.v:48$526 ($add).
Removed top 24 bits (of 32) from port B of cell conv1d_large_benchmark_top.$flatten\conv.\impl.$add$/Users/adarmaori/Desktop/Final$20Project/FPGA/conv1d_large_parallel.v:48$530 ($add).
Removed top 23 bits (of 32) from port B of cell conv1d_large_benchmark_top.$flatten\conv.\impl.$add$/Users/adarmaori/Desktop/Final$20Project/FPGA/conv1d_large_parallel.v:48$532 ($add).
Removed top 23 bits (of 32) from port B of cell conv1d_large_benchmark_top.$flatten\conv.\impl.$add$/Users/adarmaori/Desktop/Final$20Project/FPGA/conv1d_large_parallel.v:48$534 ($add).
Removed top 5 bits (of 8) from port B of cell conv1d_large_benchmark_top.$flatten\conv.\impl.$mul$/Users/adarmaori/Desktop/Final$20Project/FPGA/conv1d_large_parallel.v:48$537 ($mul).
Removed top 21 bits (of 32) from port Y of cell conv1d_large_benchmark_top.$flatten\conv.\impl.$mul$/Users/adarmaori/Desktop/Final$20Project/FPGA/conv1d_large_parallel.v:48$537 ($mul).
Removed top 21 bits (of 32) from port B of cell conv1d_large_benchmark_top.$flatten\conv.\impl.$add$/Users/adarmaori/Desktop/Final$20Project/FPGA/conv1d_large_parallel.v:48$538 ($add).
Removed top 24 bits (of 32) from port B of cell conv1d_large_benchmark_top.$flatten\conv.\impl.$add$/Users/adarmaori/Desktop/Final$20Project/FPGA/conv1d_large_parallel.v:48$542 ($add).
Removed top 24 bits (of 32) from port B of cell conv1d_large_benchmark_top.$flatten\conv.\impl.$add$/Users/adarmaori/Desktop/Final$20Project/FPGA/conv1d_large_parallel.v:48$546 ($add).
Removed top 23 bits (of 32) from port B of cell conv1d_large_benchmark_top.$flatten\conv.\impl.$add$/Users/adarmaori/Desktop/Final$20Project/FPGA/conv1d_large_parallel.v:48$548 ($add).
Removed top 23 bits (of 32) from port B of cell conv1d_large_benchmark_top.$flatten\conv.\impl.$add$/Users/adarmaori/Desktop/Final$20Project/FPGA/conv1d_large_parallel.v:48$550 ($add).
Removed top 5 bits (of 8) from port B of cell conv1d_large_benchmark_top.$flatten\conv.\impl.$mul$/Users/adarmaori/Desktop/Final$20Project/FPGA/conv1d_large_parallel.v:48$553 ($mul).
Removed top 21 bits (of 32) from port Y of cell conv1d_large_benchmark_top.$flatten\conv.\impl.$mul$/Users/adarmaori/Desktop/Final$20Project/FPGA/conv1d_large_parallel.v:48$553 ($mul).
Removed top 21 bits (of 32) from port B of cell conv1d_large_benchmark_top.$flatten\conv.\impl.$add$/Users/adarmaori/Desktop/Final$20Project/FPGA/conv1d_large_parallel.v:48$554 ($add).
Removed top 24 bits (of 32) from port B of cell conv1d_large_benchmark_top.$flatten\conv.\impl.$add$/Users/adarmaori/Desktop/Final$20Project/FPGA/conv1d_large_parallel.v:48$558 ($add).
Removed top 24 bits (of 32) from port B of cell conv1d_large_benchmark_top.$flatten\conv.\impl.$add$/Users/adarmaori/Desktop/Final$20Project/FPGA/conv1d_large_parallel.v:48$562 ($add).
Removed top 23 bits (of 32) from port B of cell conv1d_large_benchmark_top.$flatten\conv.\impl.$add$/Users/adarmaori/Desktop/Final$20Project/FPGA/conv1d_large_parallel.v:48$564 ($add).
Removed top 23 bits (of 32) from port B of cell conv1d_large_benchmark_top.$flatten\conv.\impl.$add$/Users/adarmaori/Desktop/Final$20Project/FPGA/conv1d_large_parallel.v:48$566 ($add).
Removed top 5 bits (of 8) from port B of cell conv1d_large_benchmark_top.$flatten\conv.\impl.$mul$/Users/adarmaori/Desktop/Final$20Project/FPGA/conv1d_large_parallel.v:48$569 ($mul).
Removed top 21 bits (of 32) from port Y of cell conv1d_large_benchmark_top.$flatten\conv.\impl.$mul$/Users/adarmaori/Desktop/Final$20Project/FPGA/conv1d_large_parallel.v:48$569 ($mul).
Removed top 21 bits (of 32) from port B of cell conv1d_large_benchmark_top.$flatten\conv.\impl.$add$/Users/adarmaori/Desktop/Final$20Project/FPGA/conv1d_large_parallel.v:48$570 ($add).
Removed top 24 bits (of 32) from port B of cell conv1d_large_benchmark_top.$flatten\conv.\impl.$add$/Users/adarmaori/Desktop/Final$20Project/FPGA/conv1d_large_parallel.v:48$574 ($add).
Removed top 24 bits (of 32) from port B of cell conv1d_large_benchmark_top.$flatten\conv.\impl.$add$/Users/adarmaori/Desktop/Final$20Project/FPGA/conv1d_large_parallel.v:48$578 ($add).
Removed top 23 bits (of 32) from port B of cell conv1d_large_benchmark_top.$flatten\conv.\impl.$add$/Users/adarmaori/Desktop/Final$20Project/FPGA/conv1d_large_parallel.v:48$580 ($add).

5.14. Executing PEEPOPT pass (run peephole optimizers).

5.15. Executing OPT_CLEAN pass (remove unused cells and wires).
Finding unused cells or wires in module \conv1d_large_benchmark_top..

5.16. Executing SHARE pass (SAT-based resource sharing).

5.17. Executing TECHMAP pass (map to technology primitives).

5.17.1. Executing Verilog-2005 frontend: /opt/homebrew/bin/../share/yosys/cmp2lut.v
Parsing Verilog input from `/opt/homebrew/bin/../share/yosys/cmp2lut.v' to AST representation.
Generating RTLIL representation for module `\_90_lut_cmp_'.
Successfully finished Verilog frontend.

5.17.2. Continuing TECHMAP pass.
No more expansions possible.
<suppressed ~6 debug messages>

5.18. Executing OPT_EXPR pass (perform const folding).
Optimizing module conv1d_large_benchmark_top.

5.19. Executing OPT_CLEAN pass (remove unused cells and wires).
Finding unused cells or wires in module \conv1d_large_benchmark_top..

5.20. Executing ALUMACC pass (create $alu and $macc cells).
Extracting $alu and $macc cells in module conv1d_large_benchmark_top:
  creating $macc model for $flatten\conv.\impl.$add$/Users/adarmaori/Desktop/Final$20Project/FPGA/conv1d_large_parallel.v:48$520 ($add).
  creating $macc model for $flatten\conv.\impl.$add$/Users/adarmaori/Desktop/Final$20Project/FPGA/conv1d_large_parallel.v:48$522 ($add).
  creating $macc model for $flatten\conv.\impl.$add$/Users/adarmaori/Desktop/Final$20Project/FPGA/conv1d_large_parallel.v:48$526 ($add).
  creating $macc model for $flatten\conv.\impl.$add$/Users/adarmaori/Desktop/Final$20Project/FPGA/conv1d_large_parallel.v:48$528 ($add).
  creating $macc model for $flatten\conv.\impl.$add$/Users/adarmaori/Desktop/Final$20Project/FPGA/conv1d_large_parallel.v:48$530 ($add).
  creating $macc model for $flatten\conv.\impl.$add$/Users/adarmaori/Desktop/Final$20Project/FPGA/conv1d_large_parallel.v:48$532 ($add).
  creating $macc model for $flatten\conv.\impl.$add$/Users/adarmaori/Desktop/Final$20Project/FPGA/conv1d_large_parallel.v:48$534 ($add).
  creating $macc model for $flatten\conv.\impl.$add$/Users/adarmaori/Desktop/Final$20Project/FPGA/conv1d_large_parallel.v:48$536 ($add).
  creating $macc model for $flatten\conv.\impl.$add$/Users/adarmaori/Desktop/Final$20Project/FPGA/conv1d_large_parallel.v:48$538 ($add).
  creating $macc model for $flatten\conv.\impl.$add$/Users/adarmaori/Desktop/Final$20Project/FPGA/conv1d_large_parallel.v:48$542 ($add).
  creating $macc model for $flatten\conv.\impl.$add$/Users/adarmaori/Desktop/Final$20Project/FPGA/conv1d_large_parallel.v:48$544 ($add).
  creating $macc model for $flatten\conv.\impl.$add$/Users/adarmaori/Desktop/Final$20Project/FPGA/conv1d_large_parallel.v:48$546 ($add).
  creating $macc model for $flatten\conv.\impl.$add$/Users/adarmaori/Desktop/Final$20Project/FPGA/conv1d_large_parallel.v:48$548 ($add).
  creating $macc model for $flatten\conv.\impl.$add$/Users/adarmaori/Desktop/Final$20Project/FPGA/conv1d_large_parallel.v:48$550 ($add).
  creating $macc model for $flatten\conv.\impl.$add$/Users/adarmaori/Desktop/Final$20Project/FPGA/conv1d_large_parallel.v:48$552 ($add).
  creating $macc model for $flatten\conv.\impl.$add$/Users/adarmaori/Desktop/Final$20Project/FPGA/conv1d_large_parallel.v:48$554 ($add).
  creating $macc model for $flatten\conv.\impl.$add$/Users/adarmaori/Desktop/Final$20Project/FPGA/conv1d_large_parallel.v:48$558 ($add).
  creating $macc model for $flatten\conv.\impl.$add$/Users/adarmaori/Desktop/Final$20Project/FPGA/conv1d_large_parallel.v:48$560 ($add).
  creating $macc model for $flatten\conv.\impl.$add$/Users/adarmaori/Desktop/Final$20Project/FPGA/conv1d_large_parallel.v:48$562 ($add).
  creating $macc model for $flatten\conv.\impl.$add$/Users/adarmaori/Desktop/Final$20Project/FPGA/conv1d_large_parallel.v:48$564 ($add).
  creating $macc model for $flatten\conv.\impl.$add$/Users/adarmaori/Desktop/Final$20Project/FPGA/conv1d_large_parallel.v:48$566 ($add).
  creating $macc model for $flatten\conv.\impl.$add$/Users/adarmaori/Desktop/Final$20Project/FPGA/conv1d_large_parallel.v:48$568 ($add).
  creating $macc model for $flatten\conv.\impl.$add$/Users/adarmaori/Desktop/Final$20Project/FPGA/conv1d_large_parallel.v:48$570 ($add).
  creating $macc model for $flatten\conv.\impl.$add$/Users/adarmaori/Desktop/Final$20Project/FPGA/conv1d_large_parallel.v:48$574 ($add).
  creating $macc model for $flatten\conv.\impl.$add$/Users/adarmaori/Desktop/Final$20Project/FPGA/conv1d_large_parallel.v:48$576 ($add).
  creating $macc model for $flatten\conv.\impl.$add$/Users/adarmaori/Desktop/Final$20Project/FPGA/conv1d_large_parallel.v:48$578 ($add).
  creating $macc model for $flatten\conv.\impl.$add$/Users/adarmaori/Desktop/Final$20Project/FPGA/conv1d_large_parallel.v:48$580 ($add).
  creating $macc model for $flatten\conv.\impl.$mul$/Users/adarmaori/Desktop/Final$20Project/FPGA/conv1d_large_parallel.v:48$519 ($neg).
  creating $macc model for $flatten\conv.\impl.$mul$/Users/adarmaori/Desktop/Final$20Project/FPGA/conv1d_large_parallel.v:48$521 ($mul).
  creating $macc model for $flatten\conv.\impl.$mul$/Users/adarmaori/Desktop/Final$20Project/FPGA/conv1d_large_parallel.v:48$527 ($neg).
  creating $macc model for $flatten\conv.\impl.$mul$/Users/adarmaori/Desktop/Final$20Project/FPGA/conv1d_large_parallel.v:48$535 ($neg).
  creating $macc model for $flatten\conv.\impl.$mul$/Users/adarmaori/Desktop/Final$20Project/FPGA/conv1d_large_parallel.v:48$537 ($mul).
  creating $macc model for $flatten\conv.\impl.$mul$/Users/adarmaori/Desktop/Final$20Project/FPGA/conv1d_large_parallel.v:48$543 ($neg).
  creating $macc model for $flatten\conv.\impl.$mul$/Users/adarmaori/Desktop/Final$20Project/FPGA/conv1d_large_parallel.v:48$551 ($neg).
  creating $macc model for $flatten\conv.\impl.$mul$/Users/adarmaori/Desktop/Final$20Project/FPGA/conv1d_large_parallel.v:48$553 ($mul).
  creating $macc model for $flatten\conv.\impl.$mul$/Users/adarmaori/Desktop/Final$20Project/FPGA/conv1d_large_parallel.v:48$559 ($neg).
  creating $macc model for $flatten\conv.\impl.$mul$/Users/adarmaori/Desktop/Final$20Project/FPGA/conv1d_large_parallel.v:48$567 ($neg).
  creating $macc model for $flatten\conv.\impl.$mul$/Users/adarmaori/Desktop/Final$20Project/FPGA/conv1d_large_parallel.v:48$569 ($mul).
  creating $macc model for $flatten\conv.\impl.$mul$/Users/adarmaori/Desktop/Final$20Project/FPGA/conv1d_large_parallel.v:48$575 ($neg).
  merging $macc model for $flatten\conv.\impl.$add$/Users/adarmaori/Desktop/Final$20Project/FPGA/conv1d_large_parallel.v:48$578 into $flatten\conv.\impl.$add$/Users/adarmaori/Desktop/Final$20Project/FPGA/conv1d_large_parallel.v:48$580.
  merging $macc model for $flatten\conv.\impl.$add$/Users/adarmaori/Desktop/Final$20Project/FPGA/conv1d_large_parallel.v:48$576 into $flatten\conv.\impl.$add$/Users/adarmaori/Desktop/Final$20Project/FPGA/conv1d_large_parallel.v:48$580.
  merging $macc model for $flatten\conv.\impl.$add$/Users/adarmaori/Desktop/Final$20Project/FPGA/conv1d_large_parallel.v:48$574 into $flatten\conv.\impl.$add$/Users/adarmaori/Desktop/Final$20Project/FPGA/conv1d_large_parallel.v:48$580.
  merging $macc model for $flatten\conv.\impl.$add$/Users/adarmaori/Desktop/Final$20Project/FPGA/conv1d_large_parallel.v:48$570 into $flatten\conv.\impl.$add$/Users/adarmaori/Desktop/Final$20Project/FPGA/conv1d_large_parallel.v:48$580.
  merging $macc model for $flatten\conv.\impl.$add$/Users/adarmaori/Desktop/Final$20Project/FPGA/conv1d_large_parallel.v:48$568 into $flatten\conv.\impl.$add$/Users/adarmaori/Desktop/Final$20Project/FPGA/conv1d_large_parallel.v:48$580.
  merging $macc model for $flatten\conv.\impl.$add$/Users/adarmaori/Desktop/Final$20Project/FPGA/conv1d_large_parallel.v:48$566 into $flatten\conv.\impl.$add$/Users/adarmaori/Desktop/Final$20Project/FPGA/conv1d_large_parallel.v:48$580.
  merging $macc model for $flatten\conv.\impl.$add$/Users/adarmaori/Desktop/Final$20Project/FPGA/conv1d_large_parallel.v:48$564 into $flatten\conv.\impl.$add$/Users/adarmaori/Desktop/Final$20Project/FPGA/conv1d_large_parallel.v:48$580.
  merging $macc model for $flatten\conv.\impl.$add$/Users/adarmaori/Desktop/Final$20Project/FPGA/conv1d_large_parallel.v:48$562 into $flatten\conv.\impl.$add$/Users/adarmaori/Desktop/Final$20Project/FPGA/conv1d_large_parallel.v:48$580.
  merging $macc model for $flatten\conv.\impl.$add$/Users/adarmaori/Desktop/Final$20Project/FPGA/conv1d_large_parallel.v:48$560 into $flatten\conv.\impl.$add$/Users/adarmaori/Desktop/Final$20Project/FPGA/conv1d_large_parallel.v:48$580.
  merging $macc model for $flatten\conv.\impl.$add$/Users/adarmaori/Desktop/Final$20Project/FPGA/conv1d_large_parallel.v:48$558 into $flatten\conv.\impl.$add$/Users/adarmaori/Desktop/Final$20Project/FPGA/conv1d_large_parallel.v:48$580.
  merging $macc model for $flatten\conv.\impl.$add$/Users/adarmaori/Desktop/Final$20Project/FPGA/conv1d_large_parallel.v:48$554 into $flatten\conv.\impl.$add$/Users/adarmaori/Desktop/Final$20Project/FPGA/conv1d_large_parallel.v:48$580.
  merging $macc model for $flatten\conv.\impl.$add$/Users/adarmaori/Desktop/Final$20Project/FPGA/conv1d_large_parallel.v:48$552 into $flatten\conv.\impl.$add$/Users/adarmaori/Desktop/Final$20Project/FPGA/conv1d_large_parallel.v:48$580.
  merging $macc model for $flatten\conv.\impl.$add$/Users/adarmaori/Desktop/Final$20Project/FPGA/conv1d_large_parallel.v:48$550 into $flatten\conv.\impl.$add$/Users/adarmaori/Desktop/Final$20Project/FPGA/conv1d_large_parallel.v:48$580.
  merging $macc model for $flatten\conv.\impl.$add$/Users/adarmaori/Desktop/Final$20Project/FPGA/conv1d_large_parallel.v:48$548 into $flatten\conv.\impl.$add$/Users/adarmaori/Desktop/Final$20Project/FPGA/conv1d_large_parallel.v:48$580.
  merging $macc model for $flatten\conv.\impl.$add$/Users/adarmaori/Desktop/Final$20Project/FPGA/conv1d_large_parallel.v:48$546 into $flatten\conv.\impl.$add$/Users/adarmaori/Desktop/Final$20Project/FPGA/conv1d_large_parallel.v:48$580.
  merging $macc model for $flatten\conv.\impl.$add$/Users/adarmaori/Desktop/Final$20Project/FPGA/conv1d_large_parallel.v:48$544 into $flatten\conv.\impl.$add$/Users/adarmaori/Desktop/Final$20Project/FPGA/conv1d_large_parallel.v:48$580.
  merging $macc model for $flatten\conv.\impl.$add$/Users/adarmaori/Desktop/Final$20Project/FPGA/conv1d_large_parallel.v:48$542 into $flatten\conv.\impl.$add$/Users/adarmaori/Desktop/Final$20Project/FPGA/conv1d_large_parallel.v:48$580.
  merging $macc model for $flatten\conv.\impl.$add$/Users/adarmaori/Desktop/Final$20Project/FPGA/conv1d_large_parallel.v:48$538 into $flatten\conv.\impl.$add$/Users/adarmaori/Desktop/Final$20Project/FPGA/conv1d_large_parallel.v:48$580.
  merging $macc model for $flatten\conv.\impl.$add$/Users/adarmaori/Desktop/Final$20Project/FPGA/conv1d_large_parallel.v:48$536 into $flatten\conv.\impl.$add$/Users/adarmaori/Desktop/Final$20Project/FPGA/conv1d_large_parallel.v:48$580.
  merging $macc model for $flatten\conv.\impl.$add$/Users/adarmaori/Desktop/Final$20Project/FPGA/conv1d_large_parallel.v:48$534 into $flatten\conv.\impl.$add$/Users/adarmaori/Desktop/Final$20Project/FPGA/conv1d_large_parallel.v:48$580.
  merging $macc model for $flatten\conv.\impl.$add$/Users/adarmaori/Desktop/Final$20Project/FPGA/conv1d_large_parallel.v:48$532 into $flatten\conv.\impl.$add$/Users/adarmaori/Desktop/Final$20Project/FPGA/conv1d_large_parallel.v:48$580.
  merging $macc model for $flatten\conv.\impl.$add$/Users/adarmaori/Desktop/Final$20Project/FPGA/conv1d_large_parallel.v:48$530 into $flatten\conv.\impl.$add$/Users/adarmaori/Desktop/Final$20Project/FPGA/conv1d_large_parallel.v:48$580.
  merging $macc model for $flatten\conv.\impl.$add$/Users/adarmaori/Desktop/Final$20Project/FPGA/conv1d_large_parallel.v:48$528 into $flatten\conv.\impl.$add$/Users/adarmaori/Desktop/Final$20Project/FPGA/conv1d_large_parallel.v:48$580.
  merging $macc model for $flatten\conv.\impl.$add$/Users/adarmaori/Desktop/Final$20Project/FPGA/conv1d_large_parallel.v:48$526 into $flatten\conv.\impl.$add$/Users/adarmaori/Desktop/Final$20Project/FPGA/conv1d_large_parallel.v:48$580.
  merging $macc model for $flatten\conv.\impl.$add$/Users/adarmaori/Desktop/Final$20Project/FPGA/conv1d_large_parallel.v:48$522 into $flatten\conv.\impl.$add$/Users/adarmaori/Desktop/Final$20Project/FPGA/conv1d_large_parallel.v:48$580.
  merging $macc model for $flatten\conv.\impl.$add$/Users/adarmaori/Desktop/Final$20Project/FPGA/conv1d_large_parallel.v:48$520 into $flatten\conv.\impl.$add$/Users/adarmaori/Desktop/Final$20Project/FPGA/conv1d_large_parallel.v:48$580.
  merging $macc model for $flatten\conv.\impl.$mul$/Users/adarmaori/Desktop/Final$20Project/FPGA/conv1d_large_parallel.v:48$569 into $flatten\conv.\impl.$add$/Users/adarmaori/Desktop/Final$20Project/FPGA/conv1d_large_parallel.v:48$580.
  merging $macc model for $flatten\conv.\impl.$mul$/Users/adarmaori/Desktop/Final$20Project/FPGA/conv1d_large_parallel.v:48$567 into $flatten\conv.\impl.$add$/Users/adarmaori/Desktop/Final$20Project/FPGA/conv1d_large_parallel.v:48$580.
  merging $macc model for $flatten\conv.\impl.$mul$/Users/adarmaori/Desktop/Final$20Project/FPGA/conv1d_large_parallel.v:48$553 into $flatten\conv.\impl.$add$/Users/adarmaori/Desktop/Final$20Project/FPGA/conv1d_large_parallel.v:48$580.
  merging $macc model for $flatten\conv.\impl.$mul$/Users/adarmaori/Desktop/Final$20Project/FPGA/conv1d_large_parallel.v:48$551 into $flatten\conv.\impl.$add$/Users/adarmaori/Desktop/Final$20Project/FPGA/conv1d_large_parallel.v:48$580.
  merging $macc model for $flatten\conv.\impl.$mul$/Users/adarmaori/Desktop/Final$20Project/FPGA/conv1d_large_parallel.v:48$537 into $flatten\conv.\impl.$add$/Users/adarmaori/Desktop/Final$20Project/FPGA/conv1d_large_parallel.v:48$580.
  merging $macc model for $flatten\conv.\impl.$mul$/Users/adarmaori/Desktop/Final$20Project/FPGA/conv1d_large_parallel.v:48$535 into $flatten\conv.\impl.$add$/Users/adarmaori/Desktop/Final$20Project/FPGA/conv1d_large_parallel.v:48$580.
  merging $macc model for $flatten\conv.\impl.$mul$/Users/adarmaori/Desktop/Final$20Project/FPGA/conv1d_large_parallel.v:48$521 into $flatten\conv.\impl.$add$/Users/adarmaori/Desktop/Final$20Project/FPGA/conv1d_large_parallel.v:48$580.
  merging $macc model for $flatten\conv.\impl.$mul$/Users/adarmaori/Desktop/Final$20Project/FPGA/conv1d_large_parallel.v:48$519 into $flatten\conv.\impl.$add$/Users/adarmaori/Desktop/Final$20Project/FPGA/conv1d_large_parallel.v:48$580.
  creating $macc cell for $flatten\conv.\impl.$add$/Users/adarmaori/Desktop/Final$20Project/FPGA/conv1d_large_parallel.v:48$580: $auto$alumacc.cc:365:replace_macc$954
  creating $macc cell for $flatten\conv.\impl.$mul$/Users/adarmaori/Desktop/Final$20Project/FPGA/conv1d_large_parallel.v:48$575: $auto$alumacc.cc:365:replace_macc$955
  creating $macc cell for $flatten\conv.\impl.$mul$/Users/adarmaori/Desktop/Final$20Project/FPGA/conv1d_large_parallel.v:48$559: $auto$alumacc.cc:365:replace_macc$956
  creating $macc cell for $flatten\conv.\impl.$mul$/Users/adarmaori/Desktop/Final$20Project/FPGA/conv1d_large_parallel.v:48$527: $auto$alumacc.cc:365:replace_macc$957
  creating $macc cell for $flatten\conv.\impl.$mul$/Users/adarmaori/Desktop/Final$20Project/FPGA/conv1d_large_parallel.v:48$543: $auto$alumacc.cc:365:replace_macc$958
  created 0 $alu and 5 $macc cells.

5.21. Executing OPT pass (performing simple optimizations).

5.21.1. Executing OPT_EXPR pass (perform const folding).
Optimizing module conv1d_large_benchmark_top.

5.21.2. Executing OPT_MERGE pass (detect identical cells).
Finding identical cells in module `\conv1d_large_benchmark_top'.
Removed a total of 0 cells.

5.21.3. Executing OPT_MUXTREE pass (detect dead branches in mux trees).
Running muxtree optimizer on module \conv1d_large_benchmark_top..
  Creating internal representation of mux trees.
  No muxes found in this module.
Removed 0 multiplexer ports.

5.21.4. Executing OPT_REDUCE pass (consolidate $*mux and $reduce_* inputs).
  Optimizing cells in module \conv1d_large_benchmark_top.
Performed a total of 0 changes.

5.21.5. Executing OPT_MERGE pass (detect identical cells).
Finding identical cells in module `\conv1d_large_benchmark_top'.
Removed a total of 0 cells.

5.21.6. Executing OPT_DFF pass (perform DFF optimizations).

5.21.7. Executing OPT_CLEAN pass (remove unused cells and wires).
Finding unused cells or wires in module \conv1d_large_benchmark_top..
Removed 34 unused cells and 34 unused wires.
<suppressed ~35 debug messages>

5.21.8. Executing OPT_EXPR pass (perform const folding).
Optimizing module conv1d_large_benchmark_top.

5.21.9. Rerunning OPT passes. (Maybe there is more to do..)

5.21.10. Executing OPT_MUXTREE pass (detect dead branches in mux trees).
Running muxtree optimizer on module \conv1d_large_benchmark_top..
  Creating internal representation of mux trees.
  No muxes found in this module.
Removed 0 multiplexer ports.

5.21.11. Executing OPT_REDUCE pass (consolidate $*mux and $reduce_* inputs).
  Optimizing cells in module \conv1d_large_benchmark_top.
Performed a total of 0 changes.

5.21.12. Executing OPT_MERGE pass (detect identical cells).
Finding identical cells in module `\conv1d_large_benchmark_top'.
Removed a total of 0 cells.

5.21.13. Executing OPT_DFF pass (perform DFF optimizations).

5.21.14. Executing OPT_CLEAN pass (remove unused cells and wires).
Finding unused cells or wires in module \conv1d_large_benchmark_top..

5.21.15. Executing OPT_EXPR pass (perform const folding).
Optimizing module conv1d_large_benchmark_top.

5.21.16. Finished OPT passes. (There is nothing left to do.)

5.22. Executing MEMORY pass.

5.22.1. Executing OPT_MEM pass (optimize memories).
Performed a total of 0 transformations.

5.22.2. Executing OPT_MEM_PRIORITY pass (removing unnecessary memory write priority relations).
Performed a total of 0 transformations.

5.22.3. Executing OPT_MEM_FEEDBACK pass (finding memory read-to-write feedback paths).

5.22.4. Executing MEMORY_BMUX2ROM pass (converting muxes to ROMs).

5.22.5. Executing MEMORY_DFF pass (merging $dff cells to $memrd).

5.22.6. Executing OPT_CLEAN pass (remove unused cells and wires).
Finding unused cells or wires in module \conv1d_large_benchmark_top..

5.22.7. Executing MEMORY_SHARE pass (consolidating $memrd/$memwr cells).

5.22.8. Executing OPT_MEM_WIDEN pass (optimize memories where all ports are wide).
Performed a total of 0 transformations.

5.22.9. Executing OPT_CLEAN pass (remove unused cells and wires).
Finding unused cells or wires in module \conv1d_large_benchmark_top..

5.22.10. Executing MEMORY_COLLECT pass (generating $mem cells).

5.23. Executing OPT_CLEAN pass (remove unused cells and wires).
Finding unused cells or wires in module \conv1d_large_benchmark_top..

5.24. Executing MEMORY_LIBMAP pass (mapping memories to cells).

5.25. Executing TECHMAP pass (map to technology primitives).

5.25.1. Executing Verilog-2005 frontend: /opt/homebrew/bin/../share/yosys/ice40/brams_map.v
Parsing Verilog input from `/opt/homebrew/bin/../share/yosys/ice40/brams_map.v' to AST representation.
Generating RTLIL representation for module `\$__ICE40_RAM4K_'.
Successfully finished Verilog frontend.

5.25.2. Executing Verilog-2005 frontend: /opt/homebrew/bin/../share/yosys/ice40/spram_map.v
Parsing Verilog input from `/opt/homebrew/bin/../share/yosys/ice40/spram_map.v' to AST representation.
Generating RTLIL representation for module `\$__ICE40_SPRAM_'.
Successfully finished Verilog frontend.

5.25.3. Continuing TECHMAP pass.
No more expansions possible.
<suppressed ~4 debug messages>

5.26. Executing ICE40_BRAMINIT pass.

5.27. Executing OPT pass (performing simple optimizations).

5.27.1. Executing OPT_EXPR pass (perform const folding).
Optimizing module conv1d_large_benchmark_top.

5.27.2. Executing OPT_MERGE pass (detect identical cells).
Finding identical cells in module `\conv1d_large_benchmark_top'.
Removed a total of 0 cells.

5.27.3. Executing OPT_DFF pass (perform DFF optimizations).

5.27.4. Executing OPT_CLEAN pass (remove unused cells and wires).
Finding unused cells or wires in module \conv1d_large_benchmark_top..

5.27.5. Finished fast OPT passes.

5.28. Executing MEMORY_MAP pass (converting memories to logic and flip-flops).

5.29. Executing OPT pass (performing simple optimizations).

5.29.1. Executing OPT_EXPR pass (perform const folding).
Optimizing module conv1d_large_benchmark_top.

5.29.2. Executing OPT_MERGE pass (detect identical cells).
Finding identical cells in module `\conv1d_large_benchmark_top'.
Removed a total of 0 cells.

5.29.3. Executing OPT_MUXTREE pass (detect dead branches in mux trees).
Running muxtree optimizer on module \conv1d_large_benchmark_top..
  Creating internal representation of mux trees.
  No muxes found in this module.
Removed 0 multiplexer ports.

5.29.4. Executing OPT_REDUCE pass (consolidate $*mux and $reduce_* inputs).
  Optimizing cells in module \conv1d_large_benchmark_top.
Performed a total of 0 changes.

5.29.5. Executing OPT_MERGE pass (detect identical cells).
Finding identical cells in module `\conv1d_large_benchmark_top'.
Removed a total of 0 cells.

5.29.6. Executing OPT_DFF pass (perform DFF optimizations).

5.29.7. Executing OPT_CLEAN pass (remove unused cells and wires).
Finding unused cells or wires in module \conv1d_large_benchmark_top..

5.29.8. Executing OPT_EXPR pass (perform const folding).
Optimizing module conv1d_large_benchmark_top.

5.29.9. Finished OPT passes. (There is nothing left to do.)

5.30. Executing ICE40_WRAPCARRY pass (wrap carries).

5.31. Executing TECHMAP pass (map to technology primitives).

5.31.1. Executing Verilog-2005 frontend: /opt/homebrew/bin/../share/yosys/techmap.v
Parsing Verilog input from `/opt/homebrew/bin/../share/yosys/techmap.v' to AST representation.
Generating RTLIL representation for module `\_90_simplemap_bool_ops'.
Generating RTLIL representation for module `\_90_simplemap_reduce_ops'.
Generating RTLIL representation for module `\_90_simplemap_logic_ops'.
Generating RTLIL representation for module `\_90_simplemap_compare_ops'.
Generating RTLIL representation for module `\_90_simplemap_various'.
Generating RTLIL representation for module `\_90_simplemap_registers'.
Generating RTLIL representation for module `\_90_shift_ops_shr_shl_sshl_sshr'.
Generating RTLIL representation for module `\_90_shift_shiftx'.
Generating RTLIL representation for module `\_90_fa'.
Generating RTLIL representation for module `\_90_lcu_brent_kung'.
Generating RTLIL representation for module `\_90_alu'.
Generating RTLIL representation for module `\_90_macc'.
Generating RTLIL representation for module `\_90_alumacc'.
Generating RTLIL representation for module `\$__div_mod_u'.
Generating RTLIL representation for module `\$__div_mod_trunc'.
Generating RTLIL representation for module `\_90_div'.
Generating RTLIL representation for module `\_90_mod'.
Generating RTLIL representation for module `\$__div_mod_floor'.
Generating RTLIL representation for module `\_90_divfloor'.
Generating RTLIL representation for module `\_90_modfloor'.
Generating RTLIL representation for module `\_90_pow'.
Generating RTLIL representation for module `\_90_pmux'.
Generating RTLIL representation for module `\_90_demux'.
Generating RTLIL representation for module `\_90_lut'.
Successfully finished Verilog frontend.

5.31.2. Executing Verilog-2005 frontend: /opt/homebrew/bin/../share/yosys/ice40/arith_map.v
Parsing Verilog input from `/opt/homebrew/bin/../share/yosys/ice40/arith_map.v' to AST representation.
Generating RTLIL representation for module `\_80_ice40_alu'.
Successfully finished Verilog frontend.

5.31.3. Continuing TECHMAP pass.
Using extmapper maccmap for cells of type $macc.
  add { \sample_in 1'0 } (9 bits, signed)
  add { \conv.impl.history[30] 1'0 } (9 bits, signed)
  add \conv.impl.history[29] (8 bits, signed)
  add { $flatten\conv.\impl.$mul$/Users/adarmaori/Desktop/Final$20Project/FPGA/conv1d_large_parallel.v:48$575_Y [31:1] 1'0 } (32 bits, signed)
  add \conv.impl.history[27] (8 bits, signed)
  add \conv.impl.history[25] * 3'011 (8x3 bits, signed)
  sub \conv.impl.history[24] (8 bits, signed)
  add { \conv.impl.history[23] 1'0 } (9 bits, signed)
  add { \conv.impl.history[22] 1'0 } (9 bits, signed)
  add \conv.impl.history[21] (8 bits, signed)
  add { $flatten\conv.\impl.$mul$/Users/adarmaori/Desktop/Final$20Project/FPGA/conv1d_large_parallel.v:48$559_Y [31:1] 1'0 } (32 bits, signed)
  add \conv.impl.history[19] (8 bits, signed)
  add \conv.impl.history[17] * 3'011 (8x3 bits, signed)
  sub \conv.impl.history[16] (8 bits, signed)
  add { \conv.impl.history[15] 1'0 } (9 bits, signed)
  add { \conv.impl.history[14] 1'0 } (9 bits, signed)
  add \conv.impl.history[13] (8 bits, signed)
  add { $flatten\conv.\impl.$mul$/Users/adarmaori/Desktop/Final$20Project/FPGA/conv1d_large_parallel.v:48$543_Y [31:1] 1'0 } (32 bits, signed)
  add \conv.impl.history[11] (8 bits, signed)
  add \conv.impl.history[9] * 3'011 (8x3 bits, signed)
  sub \conv.impl.history[8] (8 bits, signed)
  add { \conv.impl.history[7] 1'0 } (9 bits, signed)
  add { \conv.impl.history[6] 1'0 } (9 bits, signed)
  add \conv.impl.history[5] (8 bits, signed)
  add { $flatten\conv.\impl.$mul$/Users/adarmaori/Desktop/Final$20Project/FPGA/conv1d_large_parallel.v:48$527_Y [31:1] 1'0 } (32 bits, signed)
  add \conv.impl.history[3] (8 bits, signed)
  add \conv.impl.history[1] * 3'011 (8x3 bits, signed)
  sub \conv.impl.history[0] (8 bits, signed)
  packed 4 (1) bits / 1 words into adder tree
Using extmapper simplemap for cells of type $sdff.
  sub \conv.impl.history[12] (8 bits, signed)
  sub \conv.impl.history[4] (8 bits, signed)
  sub \conv.impl.history[20] (8 bits, signed)
  sub \conv.impl.history[28] (8 bits, signed)
Using extmapper simplemap for cells of type $sdffe.
Using template $paramod$ebf89ea36a793f0f77858f212141d47c833068ad\_80_ice40_alu for cells of type $alu.
Using template $paramod\_90_fa\WIDTH=32'00000000000000000000000000011111 for cells of type $fa.
Using template $paramod\_90_fa\WIDTH=32'00000000000000000000000000100000 for cells of type $fa.
Using extmapper simplemap for cells of type $not.
Using extmapper simplemap for cells of type $and.
Using template $paramod\_90_fa\WIDTH=32'00000000000000000000000000011110 for cells of type $fa.
Using template $paramod$fbc7873bff55778c0b3173955b7e4bce1d9d6834\_80_ice40_alu for cells of type $alu.
Using extmapper simplemap for cells of type $xor.
Using extmapper simplemap for cells of type $mux.
Using extmapper simplemap for cells of type $pos.
Using extmapper simplemap for cells of type $or.
No more expansions possible.
<suppressed ~440 debug messages>

5.32. Executing OPT pass (performing simple optimizations).

5.32.1. Executing OPT_EXPR pass (perform const folding).
Optimizing module conv1d_large_benchmark_top.
<suppressed ~1665 debug messages>

5.32.2. Executing OPT_MERGE pass (detect identical cells).
Finding identical cells in module `\conv1d_large_benchmark_top'.
<suppressed ~6012 debug messages>
Removed a total of 2004 cells.

5.32.3. Executing OPT_DFF pass (perform DFF optimizations).

5.32.4. Executing OPT_CLEAN pass (remove unused cells and wires).
Finding unused cells or wires in module \conv1d_large_benchmark_top..
Removed 127 unused cells and 452 unused wires.
<suppressed ~128 debug messages>

5.32.5. Finished fast OPT passes.

5.33. Executing ICE40_OPT pass (performing simple optimizations).

5.33.1. Running ICE40 specific optimizations.
Optimized $__ICE40_CARRY_WRAPPER cell back to logic (without SB_CARRY) conv1d_large_benchmark_top.$auto$maccmap.cc:240:synth$1201.slice[0].carry: CO=1'0
Optimized $__ICE40_CARRY_WRAPPER cell back to logic (without SB_CARRY) conv1d_large_benchmark_top.$auto$maccmap.cc:240:synth$1208.slice[0].carry: CO=$auto$maccmap.cc:240:synth$1208.B [0]
Optimized $__ICE40_CARRY_WRAPPER cell back to logic (without SB_CARRY) conv1d_large_benchmark_top.$auto$maccmap.cc:240:synth$1214.slice[0].carry: CO=$auto$maccmap.cc:240:synth$1214.B [0]
Optimized $__ICE40_CARRY_WRAPPER cell back to logic (without SB_CARRY) conv1d_large_benchmark_top.$auto$maccmap.cc:240:synth$1220.slice[0].carry: CO=$auto$maccmap.cc:240:synth$1220.B [0]
Optimized $__ICE40_CARRY_WRAPPER cell back to logic (without SB_CARRY) conv1d_large_benchmark_top.$auto$maccmap.cc:240:synth$1226.slice[0].carry: CO=$auto$maccmap.cc:240:synth$1226.B [0]

5.33.2. Executing OPT_EXPR pass (perform const folding).
Optimizing module conv1d_large_benchmark_top.

5.33.3. Executing OPT_MERGE pass (detect identical cells).
Finding identical cells in module `\conv1d_large_benchmark_top'.
Removed a total of 0 cells.

5.33.4. Executing OPT_DFF pass (perform DFF optimizations).

5.33.5. Executing OPT_CLEAN pass (remove unused cells and wires).
Finding unused cells or wires in module \conv1d_large_benchmark_top..

5.33.6. Rerunning OPT passes. (Removed registers in this run.)

5.33.7. Running ICE40 specific optimizations.
Optimized $__ICE40_CARRY_WRAPPER cell back to logic (without SB_CARRY) conv1d_large_benchmark_top.$auto$maccmap.cc:240:synth$1201.slice[1].carry: CO=1'0

5.33.8. Executing OPT_EXPR pass (perform const folding).
Optimizing module conv1d_large_benchmark_top.

5.33.9. Executing OPT_MERGE pass (detect identical cells).
Finding identical cells in module `\conv1d_large_benchmark_top'.
Removed a total of 0 cells.

5.33.10. Executing OPT_DFF pass (perform DFF optimizations).

5.33.11. Executing OPT_CLEAN pass (remove unused cells and wires).
Finding unused cells or wires in module \conv1d_large_benchmark_top..

5.33.12. Rerunning OPT passes. (Removed registers in this run.)

5.33.13. Running ICE40 specific optimizations.
Optimized $__ICE40_CARRY_WRAPPER cell back to logic (without SB_CARRY) conv1d_large_benchmark_top.$auto$maccmap.cc:240:synth$1201.slice[2].carry: CO=1'0

5.33.14. Executing OPT_EXPR pass (perform const folding).
Optimizing module conv1d_large_benchmark_top.

5.33.15. Executing OPT_MERGE pass (detect identical cells).
Finding identical cells in module `\conv1d_large_benchmark_top'.
Removed a total of 0 cells.

5.33.16. Executing OPT_DFF pass (perform DFF optimizations).

5.33.17. Executing OPT_CLEAN pass (remove unused cells and wires).
Finding unused cells or wires in module \conv1d_large_benchmark_top..

5.33.18. Rerunning OPT passes. (Removed registers in this run.)

5.33.19. Running ICE40 specific optimizations.
Optimized $__ICE40_CARRY_WRAPPER cell back to logic (without SB_CARRY) conv1d_large_benchmark_top.$auto$maccmap.cc:240:synth$1201.slice[3].carry: CO=1'0

5.33.20. Executing OPT_EXPR pass (perform const folding).
Optimizing module conv1d_large_benchmark_top.

5.33.21. Executing OPT_MERGE pass (detect identical cells).
Finding identical cells in module `\conv1d_large_benchmark_top'.
Removed a total of 0 cells.

5.33.22. Executing OPT_DFF pass (perform DFF optimizations).

5.33.23. Executing OPT_CLEAN pass (remove unused cells and wires).
Finding unused cells or wires in module \conv1d_large_benchmark_top..

5.33.24. Rerunning OPT passes. (Removed registers in this run.)

5.33.25. Running ICE40 specific optimizations.

5.33.26. Executing OPT_EXPR pass (perform const folding).
Optimizing module conv1d_large_benchmark_top.

5.33.27. Executing OPT_MERGE pass (detect identical cells).
Finding identical cells in module `\conv1d_large_benchmark_top'.
Removed a total of 0 cells.

5.33.28. Executing OPT_DFF pass (perform DFF optimizations).

5.33.29. Executing OPT_CLEAN pass (remove unused cells and wires).
Finding unused cells or wires in module \conv1d_large_benchmark_top..

5.33.30. Finished OPT passes. (There is nothing left to do.)

5.34. Executing DFFLEGALIZE pass (convert FFs to types supported by the target).

5.35. Executing TECHMAP pass (map to technology primitives).

5.35.1. Executing Verilog-2005 frontend: /opt/homebrew/bin/../share/yosys/ice40/ff_map.v
Parsing Verilog input from `/opt/homebrew/bin/../share/yosys/ice40/ff_map.v' to AST representation.
Generating RTLIL representation for module `\$_DFF_N_'.
Generating RTLIL representation for module `\$_DFF_P_'.
Generating RTLIL representation for module `\$_DFFE_NP_'.
Generating RTLIL representation for module `\$_DFFE_PP_'.
Generating RTLIL representation for module `\$_DFF_NP0_'.
Generating RTLIL representation for module `\$_DFF_NP1_'.
Generating RTLIL representation for module `\$_DFF_PP0_'.
Generating RTLIL representation for module `\$_DFF_PP1_'.
Generating RTLIL representation for module `\$_DFFE_NP0P_'.
Generating RTLIL representation for module `\$_DFFE_NP1P_'.
Generating RTLIL representation for module `\$_DFFE_PP0P_'.
Generating RTLIL representation for module `\$_DFFE_PP1P_'.
Generating RTLIL representation for module `\$_SDFF_NP0_'.
Generating RTLIL representation for module `\$_SDFF_NP1_'.
Generating RTLIL representation for module `\$_SDFF_PP0_'.
Generating RTLIL representation for module `\$_SDFF_PP1_'.
Generating RTLIL representation for module `\$_SDFFCE_NP0P_'.
Generating RTLIL representation for module `\$_SDFFCE_NP1P_'.
Generating RTLIL representation for module `\$_SDFFCE_PP0P_'.
Generating RTLIL representation for module `\$_SDFFCE_PP1P_'.
Successfully finished Verilog frontend.

5.35.2. Continuing TECHMAP pass.
Using template \$_SDFFCE_PP0P_ for cells of type $_SDFFCE_PP0P_.
Using template \$_SDFF_PP0_ for cells of type $_SDFF_PP0_.
No more expansions possible.
<suppressed ~303 debug messages>

5.36. Executing OPT_EXPR pass (perform const folding).
Optimizing module conv1d_large_benchmark_top.

5.37. Executing SIMPLEMAP pass (map simple cells to gate primitives).
Mapping conv1d_large_benchmark_top.$auto$maccmap.cc:240:synth$1201.slice[0].carry ($lut).
Mapping conv1d_large_benchmark_top.$auto$maccmap.cc:240:synth$1201.slice[1].carry ($lut).
Mapping conv1d_large_benchmark_top.$auto$maccmap.cc:240:synth$1201.slice[2].carry ($lut).
Mapping conv1d_large_benchmark_top.$auto$maccmap.cc:240:synth$1201.slice[3].carry ($lut).
Mapping conv1d_large_benchmark_top.$auto$maccmap.cc:240:synth$1208.slice[0].carry ($lut).
Mapping conv1d_large_benchmark_top.$auto$maccmap.cc:240:synth$1214.slice[0].carry ($lut).
Mapping conv1d_large_benchmark_top.$auto$maccmap.cc:240:synth$1220.slice[0].carry ($lut).
Mapping conv1d_large_benchmark_top.$auto$maccmap.cc:240:synth$1226.slice[0].carry ($lut).

5.38. Executing ICE40_OPT pass (performing simple optimizations).

5.38.1. Running ICE40 specific optimizations.

5.38.2. Executing OPT_EXPR pass (perform const folding).
Optimizing module conv1d_large_benchmark_top.
<suppressed ~116 debug messages>

5.38.3. Executing OPT_MERGE pass (detect identical cells).
Finding identical cells in module `\conv1d_large_benchmark_top'.
<suppressed ~861 debug messages>
Removed a total of 287 cells.

5.38.4. Executing OPT_DFF pass (perform DFF optimizations).

5.38.5. Executing OPT_CLEAN pass (remove unused cells and wires).
Finding unused cells or wires in module \conv1d_large_benchmark_top..
Removed 4 unused cells and 1996 unused wires.
<suppressed ~5 debug messages>

5.38.6. Rerunning OPT passes. (Removed registers in this run.)

5.38.7. Running ICE40 specific optimizations.

5.38.8. Executing OPT_EXPR pass (perform const folding).
Optimizing module conv1d_large_benchmark_top.

5.38.9. Executing OPT_MERGE pass (detect identical cells).
Finding identical cells in module `\conv1d_large_benchmark_top'.
Removed a total of 0 cells.

5.38.10. Executing OPT_DFF pass (perform DFF optimizations).

5.38.11. Executing OPT_CLEAN pass (remove unused cells and wires).
Finding unused cells or wires in module \conv1d_large_benchmark_top..

5.38.12. Finished OPT passes. (There is nothing left to do.)

5.39. Executing TECHMAP pass (map to technology primitives).

5.39.1. Executing Verilog-2005 frontend: /opt/homebrew/bin/../share/yosys/ice40/latches_map.v
Parsing Verilog input from `/opt/homebrew/bin/../share/yosys/ice40/latches_map.v' to AST representation.
Generating RTLIL representation for module `\$_DLATCH_N_'.
Generating RTLIL representation for module `\$_DLATCH_P_'.
Successfully finished Verilog frontend.

5.39.2. Continuing TECHMAP pass.
No more expansions possible.
<suppressed ~4 debug messages>

5.40. Executing Verilog-2005 frontend: /opt/homebrew/bin/../share/yosys/ice40/abc9_model.v
Parsing Verilog input from `/opt/homebrew/bin/../share/yosys/ice40/abc9_model.v' to AST representation.
Generating RTLIL representation for module `$__ICE40_CARRY_WRAPPER'.
Successfully finished Verilog frontend.

5.41. Executing ABC9 pass.

5.41.1. Executing ABC9_OPS pass (helper functions for ABC9).

5.41.2. Executing ABC9_OPS pass (helper functions for ABC9).

5.41.3. Executing SCC pass (detecting logic loops).
Found 0 SCCs in module conv1d_large_benchmark_top.
Found 0 SCCs.

5.41.4. Executing ABC9_OPS pass (helper functions for ABC9).

5.41.5. Executing PROC pass (convert processes to netlists).

5.41.5.1. Executing PROC_CLEAN pass (remove empty switches from decision trees).
Cleaned up 0 empty switches.

5.41.5.2. Executing PROC_RMDEAD pass (remove dead branches from decision trees).
Removed a total of 0 dead cases.

5.41.5.3. Executing PROC_PRUNE pass (remove redundant assignments in processes).
Removed 0 redundant assignments.
Promoted 0 assignments to connections.

5.41.5.4. Executing PROC_INIT pass (extract init attributes).

5.41.5.5. Executing PROC_ARST pass (detect async resets in processes).

5.41.5.6. Executing PROC_ROM pass (convert switches to ROMs).
Converted 0 switches.

5.41.5.7. Executing PROC_MUX pass (convert decision trees to multiplexers).

5.41.5.8. Executing PROC_DLATCH pass (convert process syncs to latches).

5.41.5.9. Executing PROC_DFF pass (convert process syncs to FFs).

5.41.5.10. Executing PROC_MEMWR pass (convert process memory writes to cells).

5.41.5.11. Executing PROC_CLEAN pass (remove empty switches from decision trees).
Cleaned up 0 empty switches.

5.41.5.12. Executing OPT_EXPR pass (perform const folding).

5.41.6. Executing TECHMAP pass (map to technology primitives).

5.41.6.1. Executing Verilog-2005 frontend: /opt/homebrew/bin/../share/yosys/techmap.v
Parsing Verilog input from `/opt/homebrew/bin/../share/yosys/techmap.v' to AST representation.
Generating RTLIL representation for module `\_90_simplemap_bool_ops'.
Generating RTLIL representation for module `\_90_simplemap_reduce_ops'.
Generating RTLIL representation for module `\_90_simplemap_logic_ops'.
Generating RTLIL representation for module `\_90_simplemap_compare_ops'.
Generating RTLIL representation for module `\_90_simplemap_various'.
Generating RTLIL representation for module `\_90_simplemap_registers'.
Generating RTLIL representation for module `\_90_shift_ops_shr_shl_sshl_sshr'.
Generating RTLIL representation for module `\_90_shift_shiftx'.
Generating RTLIL representation for module `\_90_fa'.
Generating RTLIL representation for module `\_90_lcu_brent_kung'.
Generating RTLIL representation for module `\_90_alu'.
Generating RTLIL representation for module `\_90_macc'.
Generating RTLIL representation for module `\_90_alumacc'.
Generating RTLIL representation for module `\$__div_mod_u'.
Generating RTLIL representation for module `\$__div_mod_trunc'.
Generating RTLIL representation for module `\_90_div'.
Generating RTLIL representation for module `\_90_mod'.
Generating RTLIL representation for module `\$__div_mod_floor'.
Generating RTLIL representation for module `\_90_divfloor'.
Generating RTLIL representation for module `\_90_modfloor'.
Generating RTLIL representation for module `\_90_pow'.
Generating RTLIL representation for module `\_90_pmux'.
Generating RTLIL representation for module `\_90_demux'.
Generating RTLIL representation for module `\_90_lut'.
Successfully finished Verilog frontend.

5.41.6.2. Continuing TECHMAP pass.
No more expansions possible.
<suppressed ~126 debug messages>

5.41.7. Executing OPT pass (performing simple optimizations).

5.41.7.1. Executing OPT_EXPR pass (perform const folding).

5.41.7.2. Executing OPT_MERGE pass (detect identical cells).
Removed a total of 0 cells.

5.41.7.3. Executing OPT_MUXTREE pass (detect dead branches in mux trees).
Removed 0 multiplexer ports.

5.41.7.4. Executing OPT_REDUCE pass (consolidate $*mux and $reduce_* inputs).
Performed a total of 0 changes.

5.41.7.5. Executing OPT_MERGE pass (detect identical cells).
Removed a total of 0 cells.

5.41.7.6. Executing OPT_DFF pass (perform DFF optimizations).

5.41.7.7. Executing OPT_CLEAN pass (remove unused cells and wires).

5.41.7.8. Executing OPT_EXPR pass (perform const folding).

5.41.7.9. Finished OPT passes. (There is nothing left to do.)

5.41.8. Executing TECHMAP pass (map to technology primitives).

5.41.8.1. Executing Verilog-2005 frontend: /opt/homebrew/bin/../share/yosys/abc9_map.v
Parsing Verilog input from `/opt/homebrew/bin/../share/yosys/abc9_map.v' to AST representation.
Successfully finished Verilog frontend.

5.41.8.2. Continuing TECHMAP pass.
No more expansions possible.
<suppressed ~2 debug messages>

5.41.9. Executing Verilog-2005 frontend: /opt/homebrew/bin/../share/yosys/abc9_model.v
Parsing Verilog input from `/opt/homebrew/bin/../share/yosys/abc9_model.v' to AST representation.
Generating RTLIL representation for module `$__ABC9_DELAY'.
Generating RTLIL representation for module `$__ABC9_SCC_BREAKER'.
Generating RTLIL representation for module `$__DFF_N__$abc9_flop'.
Generating RTLIL representation for module `$__DFF_P__$abc9_flop'.
Successfully finished Verilog frontend.

5.41.10. Executing ABC9_OPS pass (helper functions for ABC9).
<suppressed ~564 debug messages>

5.41.11. Executing ABC9_OPS pass (helper functions for ABC9).

5.41.12. Executing ABC9_OPS pass (helper functions for ABC9).
<suppressed ~2 debug messages>

5.41.13. Executing TECHMAP pass (map to technology primitives).

5.41.13.1. Executing Verilog-2005 frontend: /opt/homebrew/bin/../share/yosys/techmap.v
Parsing Verilog input from `/opt/homebrew/bin/../share/yosys/techmap.v' to AST representation.
Generating RTLIL representation for module `\_90_simplemap_bool_ops'.
Generating RTLIL representation for module `\_90_simplemap_reduce_ops'.
Generating RTLIL representation for module `\_90_simplemap_logic_ops'.
Generating RTLIL representation for module `\_90_simplemap_compare_ops'.
Generating RTLIL representation for module `\_90_simplemap_various'.
Generating RTLIL representation for module `\_90_simplemap_registers'.
Generating RTLIL representation for module `\_90_shift_ops_shr_shl_sshl_sshr'.
Generating RTLIL representation for module `\_90_shift_shiftx'.
Generating RTLIL representation for module `\_90_fa'.
Generating RTLIL representation for module `\_90_lcu_brent_kung'.
Generating RTLIL representation for module `\_90_alu'.
Generating RTLIL representation for module `\_90_macc'.
Generating RTLIL representation for module `\_90_alumacc'.
Generating RTLIL representation for module `\$__div_mod_u'.
Generating RTLIL representation for module `\$__div_mod_trunc'.
Generating RTLIL representation for module `\_90_div'.
Generating RTLIL representation for module `\_90_mod'.
Generating RTLIL representation for module `\$__div_mod_floor'.
Generating RTLIL representation for module `\_90_divfloor'.
Generating RTLIL representation for module `\_90_modfloor'.
Generating RTLIL representation for module `\_90_pow'.
Generating RTLIL representation for module `\_90_pmux'.
Generating RTLIL representation for module `\_90_demux'.
Generating RTLIL representation for module `\_90_lut'.
Successfully finished Verilog frontend.

5.41.13.2. Continuing TECHMAP pass.
Using template $paramod$__ICE40_CARRY_WRAPPER\LUT=16'0110100110010110\I3_IS_CI=1'1 for cells of type $paramod$__ICE40_CARRY_WRAPPER\LUT=16'0110100110010110\I3_IS_CI=1'1.
Using template $paramod\SB_LUT4\LUT_INIT=16'0110100110010110 for cells of type SB_LUT4.
Using template SB_CARRY for cells of type SB_CARRY.
Using extmapper simplemap for cells of type $mux.
Using extmapper simplemap for cells of type $logic_and.
Using extmapper simplemap for cells of type $logic_or.
No more expansions possible.
<suppressed ~147 debug messages>

5.41.14. Executing OPT pass (performing simple optimizations).

5.41.14.1. Executing OPT_EXPR pass (perform const folding).
Optimizing module conv1d_large_benchmark_top.
<suppressed ~4 debug messages>

5.41.14.2. Executing OPT_MERGE pass (detect identical cells).
Finding identical cells in module `\conv1d_large_benchmark_top'.
<suppressed ~29 debug messages>
Removed a total of 12 cells.

5.41.14.3. Executing OPT_MUXTREE pass (detect dead branches in mux trees).
Running muxtree optimizer on module \conv1d_large_benchmark_top..
  Creating internal representation of mux trees.
  No muxes found in this module.
Removed 0 multiplexer ports.

5.41.14.4. Executing OPT_REDUCE pass (consolidate $*mux and $reduce_* inputs).
  Optimizing cells in module \conv1d_large_benchmark_top.
Performed a total of 0 changes.

5.41.14.5. Executing OPT_MERGE pass (detect identical cells).
Finding identical cells in module `\conv1d_large_benchmark_top'.
Removed a total of 0 cells.

5.41.14.6. Executing OPT_DFF pass (perform DFF optimizations).

5.41.14.7. Executing OPT_CLEAN pass (remove unused cells and wires).
Finding unused cells or wires in module \conv1d_large_benchmark_top..
Removed 0 unused cells and 24 unused wires.
<suppressed ~1 debug messages>

5.41.14.8. Executing OPT_EXPR pass (perform const folding).
Optimizing module conv1d_large_benchmark_top.

5.41.14.9. Rerunning OPT passes. (Maybe there is more to do..)

5.41.14.10. Executing OPT_MUXTREE pass (detect dead branches in mux trees).
Running muxtree optimizer on module \conv1d_large_benchmark_top..
  Creating internal representation of mux trees.
  No muxes found in this module.
Removed 0 multiplexer ports.

5.41.14.11. Executing OPT_REDUCE pass (consolidate $*mux and $reduce_* inputs).
  Optimizing cells in module \conv1d_large_benchmark_top.
Performed a total of 0 changes.

5.41.14.12. Executing OPT_MERGE pass (detect identical cells).
Finding identical cells in module `\conv1d_large_benchmark_top'.
Removed a total of 0 cells.

5.41.14.13. Executing OPT_DFF pass (perform DFF optimizations).

5.41.14.14. Executing OPT_CLEAN pass (remove unused cells and wires).
Finding unused cells or wires in module \conv1d_large_benchmark_top..

5.41.14.15. Executing OPT_EXPR pass (perform const folding).
Optimizing module conv1d_large_benchmark_top.

5.41.14.16. Finished OPT passes. (There is nothing left to do.)

5.41.15. Executing AIGMAP pass (map logic to AIG).
Module conv1d_large_benchmark_top: replaced 7 cells with 43 new cells, skipped 11 cells.
  replaced 2 cell types:
       2 $_OR_
       5 $_MUX_
  not replaced 3 cell types:
       8 $specify2
       1 $_NOT_
       2 $_AND_

5.41.16. Executing AIGMAP pass (map logic to AIG).
Module conv1d_large_benchmark_top: replaced 1647 cells with 9957 new cells, skipped 2155 cells.
  replaced 2 cell types:
     524 $_OR_
    1123 $_XOR_
  not replaced 8 cell types:
       2 $scopeinfo
      65 $_NOT_
    1097 $_AND_
     148 $paramod$__ICE40_CARRY_WRAPPER\LUT=16'0110100110010110\I3_IS_CI=1'1
       1 SB_DFFSR
     280 SB_DFFESR
     281 $paramod$__ABC9_DELAY\DELAY=32'00000000000000000000000000010101
     281 $paramod$__ABC9_DELAY\DELAY=32'00000000000000000000000011001011

5.41.16.1. Executing ABC9_OPS pass (helper functions for ABC9).

5.41.16.2. Executing ABC9_OPS pass (helper functions for ABC9).

5.41.16.3. Executing XAIGER backend.
<suppressed ~292 debug messages>
Extracted 4990 AND gates and 12328 wires from module `conv1d_large_benchmark_top' to a netlist network with 292 inputs and 597 outputs.

5.41.16.4. Executing ABC9_EXE pass (technology mapping using ABC9).

5.41.16.5. Executing ABC9.
Running ABC command: "<yosys-exe-dir>/yosys-abc" -s -f <abc-temp-dir>/abc.script 2>&1
ABC: ABC command line: "source <abc-temp-dir>/abc.script".
ABC: 
ABC: + read_lut <abc-temp-dir>/input.lut 
ABC: + read_box <abc-temp-dir>/input.box 
ABC: + &read <abc-temp-dir>/input.xaig 
ABC: + &ps 
ABC: <abc-temp-dir>/input : i/o =    292/    597  and =    3893  lev =   32 (0.99)  mem = 0.09 MB  box = 710  bb = 562
ABC: + &scorr 
ABC: Warning: The network is combinational.
ABC: + &sweep 
ABC: + &dc2 
ABC: + &dch -f 
ABC: + &ps 
ABC: <abc-temp-dir>/input : i/o =    292/    597  and =    2132  lev =   33 (0.54)  mem = 0.06 MB  ch =   20  box = 604  bb = 562
ABC: + &if -W 250 -v 
ABC: K = 4. Memory (bytes): Truth =    0. Cut =   52. Obj =  136. Set =  564. CutMin = no
ABC: Node =    2132.  Ch =    16.  Total mem =    0.64 MB. Peak cut mem =    0.04 MB.
ABC: P:  Del = 7058.00.  Ar =     693.0.  Edge =     2409.  Cut =    21630.  T =     0.00 sec
ABC: P:  Del = 7058.00.  Ar =     686.0.  Edge =     2407.  Cut =    21351.  T =     0.00 sec
ABC: P:  Del = 7058.00.  Ar =     704.0.  Edge =     2362.  Cut =    22067.  T =     0.00 sec
ABC: F:  Del = 7058.00.  Ar =     657.0.  Edge =     2246.  Cut =    14257.  T =     0.00 sec
ABC: A:  Del = 7058.00.  Ar =     648.0.  Edge =     2143.  Cut =    13901.  T =     0.00 sec
ABC: A:  Del = 7058.00.  Ar =     647.0.  Edge =     2140.  Cut =    13947.  T =     0.00 sec
ABC: Total time =     0.02 sec
ABC: + &write -n <abc-temp-dir>/output.aig 
ABC: + &mfs 
ABC: + &ps -l 
ABC: <abc-temp-dir>/input : i/o =    292/    597  and =    4333  lev =   33 (0.53)  mem = 0.09 MB  box = 604  bb = 562
ABC: Mapping (K=4)  :  lut =    590  edge =    1941  lev =   10 (0.15)  Boxes are not in a topological order. Switching to level computation without boxes.
ABC: levB =   33  mem = 0.04 MB
ABC: LUT = 590 : 2=73 12.4 %  3=273 46.3 %  4=244 41.4 %  Ave = 3.29
ABC: + &write -n <abc-temp-dir>/output.aig 
ABC: + time 
ABC: elapse: 1.89 seconds, total: 1.89 seconds

5.41.16.6. Executing AIGER frontend.
<suppressed ~1896 debug messages>
Removed 8187 unused cells and 10495 unused wires.

5.41.16.7. Executing ABC9_OPS pass (helper functions for ABC9).
ABC RESULTS:              $lut cells:      622
ABC RESULTS:   $paramod$__ICE40_CARRY_WRAPPER\LUT=16'0110100110010110\I3_IS_CI=1'1 cells:       42
ABC RESULTS:           input signals:       35
ABC RESULTS:          output signals:      566
Removing temp directory.

5.41.17. Executing TECHMAP pass (map to technology primitives).

5.41.17.1. Executing Verilog-2005 frontend: /opt/homebrew/bin/../share/yosys/abc9_unmap.v
Parsing Verilog input from `/opt/homebrew/bin/../share/yosys/abc9_unmap.v' to AST representation.
Generating RTLIL representation for module `\$__DFF_x__$abc9_flop'.
Generating RTLIL representation for module `\$__ABC9_SCC_BREAKER'.
Successfully finished Verilog frontend.

5.41.17.2. Continuing TECHMAP pass.
Using template $paramod$__ICE40_CARRY_WRAPPER\LUT=16'0110100110010110\I3_IS_CI=1'1 for cells of type $paramod$__ICE40_CARRY_WRAPPER\LUT=16'0110100110010110\I3_IS_CI=1'1.
No more expansions possible.
<suppressed ~48 debug messages>

5.42. Executing ICE40_WRAPCARRY pass (wrap carries).

5.43. Executing TECHMAP pass (map to technology primitives).

5.43.1. Executing Verilog-2005 frontend: /opt/homebrew/bin/../share/yosys/ice40/ff_map.v
Parsing Verilog input from `/opt/homebrew/bin/../share/yosys/ice40/ff_map.v' to AST representation.
Generating RTLIL representation for module `\$_DFF_N_'.
Generating RTLIL representation for module `\$_DFF_P_'.
Generating RTLIL representation for module `\$_DFFE_NP_'.
Generating RTLIL representation for module `\$_DFFE_PP_'.
Generating RTLIL representation for module `\$_DFF_NP0_'.
Generating RTLIL representation for module `\$_DFF_NP1_'.
Generating RTLIL representation for module `\$_DFF_PP0_'.
Generating RTLIL representation for module `\$_DFF_PP1_'.
Generating RTLIL representation for module `\$_DFFE_NP0P_'.
Generating RTLIL representation for module `\$_DFFE_NP1P_'.
Generating RTLIL representation for module `\$_DFFE_PP0P_'.
Generating RTLIL representation for module `\$_DFFE_PP1P_'.
Generating RTLIL representation for module `\$_SDFF_NP0_'.
Generating RTLIL representation for module `\$_SDFF_NP1_'.
Generating RTLIL representation for module `\$_SDFF_PP0_'.
Generating RTLIL representation for module `\$_SDFF_PP1_'.
Generating RTLIL representation for module `\$_SDFFCE_NP0P_'.
Generating RTLIL representation for module `\$_SDFFCE_NP1P_'.
Generating RTLIL representation for module `\$_SDFFCE_PP0P_'.
Generating RTLIL representation for module `\$_SDFFCE_PP1P_'.
Successfully finished Verilog frontend.

5.43.2. Continuing TECHMAP pass.
No more expansions possible.
<suppressed ~22 debug messages>
Removed 20 unused cells and 11910 unused wires.

5.44. Executing OPT_LUT pass (optimize LUTs).
Discovering LUTs.
Number of LUTs:      664
  1-LUT               32
  2-LUT               77
  3-LUT              311
  4-LUT              244
  with \SB_CARRY    (#0)   37
  with \SB_CARRY    (#1)   37

Eliminating LUTs.
Number of LUTs:      664
  1-LUT               32
  2-LUT               77
  3-LUT              311
  4-LUT              244
  with \SB_CARRY    (#0)   37
  with \SB_CARRY    (#1)   37

Combining LUTs.
Number of LUTs:      663
  1-LUT               32
  2-LUT               76
  3-LUT              310
  4-LUT              245
  with \SB_CARRY    (#0)   37
  with \SB_CARRY    (#1)   37

Eliminated 0 LUTs.
Combined 1 LUTs.
<suppressed ~1570 debug messages>

5.45. Executing TECHMAP pass (map to technology primitives).

5.45.1. Executing Verilog-2005 frontend: /opt/homebrew/bin/../share/yosys/ice40/cells_map.v
Parsing Verilog input from `/opt/homebrew/bin/../share/yosys/ice40/cells_map.v' to AST representation.
Generating RTLIL representation for module `\$lut'.
Successfully finished Verilog frontend.

5.45.2. Continuing TECHMAP pass.
Using template $paramod\$lut\WIDTH=32'00000000000000000000000000000001\LUT=2'01 for cells of type $lut.
Using template $paramod$fd904e9e35cfd343a9df248824bd3f1408724879\$lut for cells of type $lut.
Using template $paramod\$lut\WIDTH=32'00000000000000000000000000000010\LUT=4'1000 for cells of type $lut.
Using template $paramod$5ed059b4e4d917104a14ca4288ca3f18f1408bd6\$lut for cells of type $lut.
Using template $paramod\$lut\WIDTH=32'00000000000000000000000000000010\LUT=4'0100 for cells of type $lut.
Using template $paramod$e87c652d68339e0a13e8ac3dd39fd0a21e0079b7\$lut for cells of type $lut.
Using template $paramod\$lut\WIDTH=32'00000000000000000000000000000010\LUT=4'1001 for cells of type $lut.
Using template $paramod\$lut\WIDTH=32'00000000000000000000000000000011\LUT=8'11010100 for cells of type $lut.
Using template $paramod\$lut\WIDTH=32'00000000000000000000000000000011\LUT=8'10010110 for cells of type $lut.
Using template $paramod\$lut\WIDTH=32'00000000000000000000000000000011\LUT=8'01001101 for cells of type $lut.
Using template $paramod$c13306fc7b1c2be92a5d6b4a5e8248decfad3bb1\$lut for cells of type $lut.
Using template $paramod\$lut\WIDTH=32'00000000000000000000000000000011\LUT=8'10011010 for cells of type $lut.
Using template $paramod$61c387311e0b7b1481f282cf3d339bc22e86cf60\$lut for cells of type $lut.
Using template $paramod$765dca61dbfa835dacf2a260c8a4c5a36939a046\$lut for cells of type $lut.
Using template $paramod\$lut\WIDTH=32'00000000000000000000000000000010\LUT=4'0010 for cells of type $lut.
Using template $paramod\$lut\WIDTH=32'00000000000000000000000000000011\LUT=8'00110101 for cells of type $lut.
Using template $paramod\$lut\WIDTH=32'00000000000000000000000000000011\LUT=8'00010000 for cells of type $lut.
Using template $paramod$e5f3577946f60d63352a885a0122ac782d653d41\$lut for cells of type $lut.
Using template $paramod$d285fa12ff128f10e974409599fea6505146e7ca\$lut for cells of type $lut.
Using template $paramod\$lut\WIDTH=32'00000000000000000000000000000011\LUT=8'01101001 for cells of type $lut.
Using template $paramod\$lut\WIDTH=32'00000000000000000000000000000011\LUT=8'11101000 for cells of type $lut.
Using template $paramod\$lut\WIDTH=32'00000000000000000000000000000011\LUT=8'10110010 for cells of type $lut.
Using template $paramod$5829f5d2a4c5757263ee6385c6142d3c7cf9e5be\$lut for cells of type $lut.
Using template $paramod$bb71bff1269f21262324e9e77ea2b51236b5cf06\$lut for cells of type $lut.
Using template $paramod$4282def8dbd6df3d1248ad282c629bee684502c2\$lut for cells of type $lut.
Using template $paramod\$lut\WIDTH=32'00000000000000000000000000000010\LUT=4'0110 for cells of type $lut.
Using template $paramod\$lut\WIDTH=32'00000000000000000000000000000011\LUT=8'11011000 for cells of type $lut.
Using template $paramod\$lut\WIDTH=32'00000000000000000000000000000011\LUT=8'00101011 for cells of type $lut.
Using template $paramod$90bf02bfbc9ec8907e9d716c05e921b93d4705fd\$lut for cells of type $lut.
Using template $paramod$239a649c3c5dcff42e28a38401931acf401ef810\$lut for cells of type $lut.
Using template $paramod$3fbf9e179448527cc5870685155541058c0f9f7a\$lut for cells of type $lut.
Using template $paramod$bfe22c8b84d59da01a0d5f64a43ce85bbe441179\$lut for cells of type $lut.
Using template $paramod$b8251bd6a6009b7f8717eeee6d4ce1ee764681fb\$lut for cells of type $lut.
Using template $paramod\$lut\WIDTH=32'00000000000000000000000000000011\LUT=8'00000001 for cells of type $lut.
Using template $paramod\$lut\WIDTH=32'00000000000000000000000000000011\LUT=8'10000000 for cells of type $lut.
Using template $paramod\$lut\WIDTH=32'00000000000000000000000000000010\LUT=4'0001 for cells of type $lut.
Using template $paramod\$lut\WIDTH=32'00000000000000000000000000000011\LUT=8'10001110 for cells of type $lut.
Using template $paramod$e5cb8e913f4daae476fde2b364998f21967f1f08\$lut for cells of type $lut.
Using template $paramod$640f0b255c4baeb1d5ed3ee07d5b4acf52609838\$lut for cells of type $lut.
Using template $paramod$e94d29fb9afd8a94e57d4f2f7b19e2eab4a22585\$lut for cells of type $lut.
Using template $paramod\$lut\WIDTH=32'00000000000000000000000000000011\LUT=8'10111101 for cells of type $lut.
Using template $paramod$b2077130d89736f5191d0d24f7f6ffd3bddb0a2d\$lut for cells of type $lut.
Using template $paramod\$lut\WIDTH=32'00000000000000000000000000000011\LUT=8'10101100 for cells of type $lut.
Using template $paramod$0d4690069fe2dfddf2f34a209eb228623f986a1e\$lut for cells of type $lut.
Using template $paramod$510a7340b4f60ca9990f7505cadf24dcdeae0f32\$lut for cells of type $lut.
Using template $paramod$51adb1afea57a9560b9534400e9af12cb2df0ba0\$lut for cells of type $lut.
Using template $paramod$b1d51c0d972e3b43236c1c6aa73dc58843eb43e3\$lut for cells of type $lut.
Using template $paramod$8d7e631403a80aa650e318c82a10887417c8ada0\$lut for cells of type $lut.
Using template $paramod$857512ea84a5fe5464efcd374b77666399ea78e1\$lut for cells of type $lut.
Using template $paramod$b7685cb0c8a6753256bc84bc31d36a443c15fab7\$lut for cells of type $lut.
Using template $paramod\$lut\WIDTH=32'00000000000000000000000000000011\LUT=8'00100111 for cells of type $lut.
Using template $paramod$ca209542bd629054585e025c08ec38b9cb8d9afd\$lut for cells of type $lut.
Using template $paramod$8466aae7f3132f822e70bbd8738850d820750479\$lut for cells of type $lut.
Using template $paramod$5f1d3a143c9c87ab46abfde5f2b7762cf4000f70\$lut for cells of type $lut.
Using template $paramod$af2b970363478c934f632261f05f42c59b0d7a99\$lut for cells of type $lut.
Using template $paramod\$lut\WIDTH=32'00000000000000000000000000000011\LUT=8'00011011 for cells of type $lut.
Using template $paramod$2f3577571d5c3142f074016ee0edb7ccc9033855\$lut for cells of type $lut.
Using template $paramod$e1a11d118b739d13604b4866aaa2133957f8da18\$lut for cells of type $lut.
Using template $paramod\$lut\WIDTH=32'00000000000000000000000000000011\LUT=8'01000000 for cells of type $lut.
Using template $paramod$61dc9aba6758f16e2d911765e65cbc255291c27d\$lut for cells of type $lut.
Using template $paramod$19305be8809aa959285cea94bd28a9bcacb54173\$lut for cells of type $lut.
Using template $paramod$5a4de0ad04d5f8d76191ca22b167ff5c4a1b0a76\$lut for cells of type $lut.
Using template $paramod\$lut\WIDTH=32'00000000000000000000000000000011\LUT=8'01001110 for cells of type $lut.
Using template $paramod\$lut\WIDTH=32'00000000000000000000000000000011\LUT=8'10110100 for cells of type $lut.
Using template $paramod\$lut\WIDTH=32'00000000000000000000000000000011\LUT=8'01110001 for cells of type $lut.
Using template $paramod$1d0c8e2c6078248324b5153508ae1a10bc410331\$lut for cells of type $lut.
Using template $paramod$89ce1067ddd7d1b862c35a14cf05e043d151c807\$lut for cells of type $lut.
Using template $paramod$fddb965afbfa9c305d48492fbdab0ec6e2f2744e\$lut for cells of type $lut.
Using template $paramod$4e309f6669eadcfa589d4ae302672e3a030a20a5\$lut for cells of type $lut.
Using template $paramod$34381cfcbc83cddaa163bf4909fba3e7f04244d9\$lut for cells of type $lut.
Using template $paramod$4f2ff369e573efd7ef2034d2c1f6c1a1cc73b2b7\$lut for cells of type $lut.
Using template $paramod$a20d493743c6e762e93052351143ea302aa9a813\$lut for cells of type $lut.
Using template $paramod$cd32cfde602a94b80aa21c2c24adfaee74ee23f3\$lut for cells of type $lut.
Using template $paramod$df196ed0a1da5c4a58c5e08a1dac304fd3fccaab\$lut for cells of type $lut.
Using template $paramod$f70269f202d4dce0365aebaed07094a4216142a8\$lut for cells of type $lut.
Using template $paramod$111f8c0bfad19fd2eab2ccc44f00d5beb136fc1a\$lut for cells of type $lut.
Using template $paramod$718208d0d7c444e4924e09c40d40e7ac2bd4dfe6\$lut for cells of type $lut.
Using template $paramod$7c418fbd5d01676c615e2904ea5646d50988ba6a\$lut for cells of type $lut.
Using template $paramod$bd7578d8ce3e2437ea907b1d5f654d907114be68\$lut for cells of type $lut.
Using template $paramod$37275f9005096a8b3beded7be16e5d19f7397fa0\$lut for cells of type $lut.
Using template $paramod$74db7ebdc203ab2b8e34f5d81b5d1b49c6ee3ec6\$lut for cells of type $lut.
Using template $paramod\$lut\WIDTH=32'00000000000000000000000000000011\LUT=8'11100100 for cells of type $lut.
Using template $paramod$24b67fade1852074c0ac6a4c585dd4228e286f08\$lut for cells of type $lut.
Using template $paramod$041aa1dcdd60d3c4ff6eb6326c9e544a0334c607\$lut for cells of type $lut.
Using template $paramod$98d40e23bb57d56e14345fb0942003de3e361f25\$lut for cells of type $lut.
Using template $paramod$704cad882e2bedddf5c55ef18de55c67afe1e0ec\$lut for cells of type $lut.
Using template $paramod$ee55d4d1d1d7325f58dbdbfce0ec75c463d4291c\$lut for cells of type $lut.
Using template $paramod$c65acfd61ae70b5ce04c0aafaf2a256ff80af4df\$lut for cells of type $lut.
Using template $paramod$01c2ba0d5fa454e49f20c5667ef7cfab937f9ed6\$lut for cells of type $lut.
Using template $paramod\$lut\WIDTH=32'00000000000000000000000000000011\LUT=8'00001001 for cells of type $lut.
Using template $paramod$61af77eed7f358aa49c13132fc0b60ac3ba6c211\$lut for cells of type $lut.
Using template $paramod$f74a427f17d5fdc4a25c7ace6be52156478c7437\$lut for cells of type $lut.
Using template $paramod\$lut\WIDTH=32'00000000000000000000000000000011\LUT=8'11010010 for cells of type $lut.
Using template $paramod$ca1d48527df516f209cb40a6149324209c84bc69\$lut for cells of type $lut.
Using template $paramod\$lut\WIDTH=32'00000000000000000000000000000011\LUT=8'00010100 for cells of type $lut.
Using template $paramod$746e079691931a7a75eca548b520591dac2af82b\$lut for cells of type $lut.
Using template $paramod\$lut\WIDTH=32'00000000000000000000000000000011\LUT=8'10110001 for cells of type $lut.
Using template $paramod$ef14303192218c8dd28cb97c03357085cb7c4d4d\$lut for cells of type $lut.
Using template $paramod$b30bebc72dd0e5d803f249e61f4e944f7b20c163\$lut for cells of type $lut.
Using template $paramod\$lut\WIDTH=32'00000000000000000000000000000011\LUT=8'10000100 for cells of type $lut.
Using template $paramod\$lut\WIDTH=32'00000000000000000000000000000011\LUT=8'10010000 for cells of type $lut.
Using template $paramod\$lut\WIDTH=32'00000000000000000000000000000011\LUT=8'10001101 for cells of type $lut.
Using template $paramod$2e242b3870fd1c78b14e7f95ffa17bf0b3a3339c\$lut for cells of type $lut.
Using template $paramod\$lut\WIDTH=32'00000000000000000000000000000011\LUT=8'01001000 for cells of type $lut.
Using template $paramod\$lut\WIDTH=32'00000000000000000000000000000010\LUT=4'1110 for cells of type $lut.
Using template $paramod$45bc8a035811672fb24512b03898abf475979d07\$lut for cells of type $lut.
Using template $paramod\$lut\WIDTH=32'00000000000000000000000000000011\LUT=8'00000110 for cells of type $lut.
Using template $paramod$a70c36ce9c272ff5b653554a904c7bf311d2f478\$lut for cells of type $lut.
Using template $paramod$10a6d42c84663fca6c1622800fdec61acbd34667\$lut for cells of type $lut.
Using template $paramod$c0126fc6d9272c9333142d1fc773c3a82815073d\$lut for cells of type $lut.
Using template $paramod\$lut\WIDTH=32'00000000000000000000000000000011\LUT=8'00111001 for cells of type $lut.
Using template $paramod$bdf1e5b7be28333c43d3e7737fbcc52339707b78\$lut for cells of type $lut.
Using template $paramod$a3ae0924cde80889c6e05ae61ecf799facf8ded5\$lut for cells of type $lut.
Using template $paramod$1a85f9430fc0b0bfcdd701794d719da741605820\$lut for cells of type $lut.
Using template $paramod$6289d2e7454c3ce1e8d57caa64d0bccaecca4a82\$lut for cells of type $lut.
Using template $paramod\$lut\WIDTH=32'00000000000000000000000000000011\LUT=8'11001001 for cells of type $lut.
Using template $paramod$480632dc6f7c037df6062cf8bf88300b5262c395\$lut for cells of type $lut.
Using template $paramod$c932cb819d5ae2efe49a66858ab2e320baefeeb4\$lut for cells of type $lut.
Using template $paramod$bca5b6567f6770a6112e209ac4ad433e3ef55e27\$lut for cells of type $lut.
Using template $paramod$d06d4a441a4586f7d89528ee139b54567221d5fc\$lut for cells of type $lut.
Using template $paramod\$lut\WIDTH=32'00000000000000000000000000000011\LUT=8'00001000 for cells of type $lut.
Using template $paramod$610895a8fdbf27a4d2da55f6513bb969354802ea\$lut for cells of type $lut.
No more expansions possible.
<suppressed ~2252 debug messages>
Removed 0 unused cells and 1678 unused wires.

5.46. Executing AUTONAME pass.
Renamed 20868 objects in module conv1d_large_benchmark_top (85 iterations).
<suppressed ~1330 debug messages>

5.47. Executing HIERARCHY pass (managing design hierarchy).

5.47.1. Analyzing design hierarchy..
Top module:  \conv1d_large_benchmark_top

5.47.2. Analyzing design hierarchy..
Top module:  \conv1d_large_benchmark_top
Removed 0 unused modules.

5.48. Printing statistics.

=== conv1d_large_benchmark_top ===

   Number of wires:                402
   Number of wire bits:           1509
   Number of public wires:         402
   Number of public wire bits:    1509
   Number of ports:                  7
   Number of port bits:             45
   Number of memories:               0
   Number of memory bits:            0
   Number of processes:              0
   Number of cells:                983
     $scopeinfo                      2
     SB_CARRY                       37
     SB_DFFESR                     280
     SB_DFFSR                        1
     SB_LUT4                       663

5.49. Executing CHECK pass (checking for obvious problems).
Checking module conv1d_large_benchmark_top...
Found and reported 0 problems.

5.50. Executing JSON backend.

Warnings: 1 unique messages, 2 total
End of script. Logfile hash: d7c5c5ef27, CPU: user 1.62s system 0.04s
Yosys 0.42 (git sha1 9b6afcf3f, clang++ 15.0.0 -fPIC -Os)
Time spent: 53% 1x abc9_exe (1 sec), 11% 23x read_verilog (0 sec), ...
