
 /----------------------------------------------------------------------------\
 |  yosys -- Yosys Open SYnthesis Suite                                       |
 |  Copyright (C) 2012 - 2024  Claire Xenia Wolf <claire@yosyshq.com>         |
 |  Distributed under an ISC-like license, type "license" to see terms        |
 \----------------------------------------------------------------------------/
 Yosys 0.42 (git sha1 9b6afcf3f, clang++ 15.0.0 -fPIC -Os)

-- Running command `read_verilog "conv1d_large_serial.v" "large_conv_reports_k64/conv1d_large_serial_k64/conv1d_large_engine.v" "conv1d_large_benchmark_top.v"; chparam -set KERNEL_TAPS 64 conv1d_large_benchmark_top; synth_ice40 -top conv1d_large_benchmark_top -json large_conv_reports_k64/conv1d_large_serial_k64/conv.json' --

1. Executing Verilog-2005 frontend: conv1d_large_serial.v
Parsing Verilog input from `conv1d_large_serial.v' to AST representation.
Generating RTLIL representation for module `\conv1d_large_serial'.
Warning: Replacing memory \tap with list of registers. See conv1d_large_serial.v:54
Warning: Replacing memory \history with list of registers. See conv1d_large_serial.v:51
Successfully finished Verilog frontend.

2. Executing Verilog-2005 frontend: large_conv_reports_k64/conv1d_large_serial_k64/conv1d_large_engine.v
Parsing Verilog input from `large_conv_reports_k64/conv1d_large_serial_k64/conv1d_large_engine.v' to AST representation.
Generating RTLIL representation for module `\conv1d_large_engine'.
Successfully finished Verilog frontend.

3. Executing Verilog-2005 frontend: conv1d_large_benchmark_top.v
Parsing Verilog input from `conv1d_large_benchmark_top.v' to AST representation.
Generating RTLIL representation for module `\conv1d_large_benchmark_top'.
Successfully finished Verilog frontend.
Parameter \KERNEL_TAPS = 64

4. Executing AST frontend in derive mode using pre-parsed AST for module `\conv1d_large_benchmark_top'.
Parameter \KERNEL_TAPS = 64
Generating RTLIL representation for module `$paramod\conv1d_large_benchmark_top\KERNEL_TAPS=32'00000000000000000000000001000000'.

5. Executing SYNTH_ICE40 pass.

5.1. Executing Verilog-2005 frontend: /opt/homebrew/bin/../share/yosys/ice40/cells_sim.v
Parsing Verilog input from `/opt/homebrew/bin/../share/yosys/ice40/cells_sim.v' to AST representation.
Generating RTLIL representation for module `\SB_IO'.
Generating RTLIL representation for module `\SB_GB_IO'.
Generating RTLIL representation for module `\SB_GB'.
Generating RTLIL representation for module `\SB_LUT4'.
Generating RTLIL representation for module `\SB_CARRY'.
Generating RTLIL representation for module `\SB_DFF'.
Generating RTLIL representation for module `\SB_DFFE'.
Generating RTLIL representation for module `\SB_DFFSR'.
Generating RTLIL representation for module `\SB_DFFR'.
Generating RTLIL representation for module `\SB_DFFSS'.
Generating RTLIL representation for module `\SB_DFFS'.
Generating RTLIL representation for module `\SB_DFFESR'.
Generating RTLIL representation for module `\SB_DFFER'.
Generating RTLIL representation for module `\SB_DFFESS'.
Generating RTLIL representation for module `\SB_DFFES'.
Generating RTLIL representation for module `\SB_DFFN'.
Generating RTLIL representation for module `\SB_DFFNE'.
Generating RTLIL representation for module `\SB_DFFNSR'.
Generating RTLIL representation for module `\SB_DFFNR'.
Generating RTLIL representation for module `\SB_DFFNSS'.
Generating RTLIL representation for module `\SB_DFFNS'.
Generating RTLIL representation for module `\SB_DFFNESR'.
Generating RTLIL representation for module `\SB_DFFNER'.
Generating RTLIL representation for module `\SB_DFFNESS'.
Generating RTLIL representation for module `\SB_DFFNES'.
Generating RTLIL representation for module `\SB_RAM40_4K'.
Generating RTLIL representation for module `\SB_RAM40_4KNR'.
Generating RTLIL representation for module `\SB_RAM40_4KNW'.
Generating RTLIL representation for module `\SB_RAM40_4KNRNW'.
Generating RTLIL representation for module `\ICESTORM_LC'.
Generating RTLIL representation for module `\SB_PLL40_CORE'.
Generating RTLIL representation for module `\SB_PLL40_PAD'.
Generating RTLIL representation for module `\SB_PLL40_2_PAD'.
Generating RTLIL representation for module `\SB_PLL40_2F_CORE'.
Generating RTLIL representation for module `\SB_PLL40_2F_PAD'.
Generating RTLIL representation for module `\SB_WARMBOOT'.
Generating RTLIL representation for module `\SB_SPRAM256KA'.
Generating RTLIL representation for module `\SB_HFOSC'.
Generating RTLIL representation for module `\SB_LFOSC'.
Generating RTLIL representation for module `\SB_RGBA_DRV'.
Generating RTLIL representation for module `\SB_LED_DRV_CUR'.
Generating RTLIL representation for module `\SB_RGB_DRV'.
Generating RTLIL representation for module `\SB_I2C'.
Generating RTLIL representation for module `\SB_SPI'.
Generating RTLIL representation for module `\SB_LEDDA_IP'.
Generating RTLIL representation for module `\SB_FILTER_50NS'.
Generating RTLIL representation for module `\SB_IO_I3C'.
Generating RTLIL representation for module `\SB_IO_OD'.
Generating RTLIL representation for module `\SB_MAC16'.
Generating RTLIL representation for module `\ICESTORM_RAM'.
Successfully finished Verilog frontend.

5.2. Executing HIERARCHY pass (managing design hierarchy).

5.2.1. Analyzing design hierarchy..
Top module:  \conv1d_large_benchmark_top
Used module:     \conv1d_large_engine
Used module:         \conv1d_large_serial
Parameter \SAMPLE_WIDTH = 8
Parameter \WEIGHT_WIDTH = 8
Parameter \ACC_WIDTH = 32
Parameter \DILATION = 1
Parameter \KERNEL_TAPS = 32
Parameter \BIAS = 0

5.2.2. Executing AST frontend in derive mode using pre-parsed AST for module `\conv1d_large_serial'.
Parameter \SAMPLE_WIDTH = 8
Parameter \WEIGHT_WIDTH = 8
Parameter \ACC_WIDTH = 32
Parameter \DILATION = 1
Parameter \KERNEL_TAPS = 32
Parameter \BIAS = 0
Generating RTLIL representation for module `$paramod$9a5d4607c6d410764a6e490cc9d604d51a78e84a\conv1d_large_serial'.
Warning: Replacing memory \tap with list of registers. See conv1d_large_serial.v:54
Warning: Replacing memory \history with list of registers. See conv1d_large_serial.v:51
Parameter \SAMPLE_WIDTH = 8
Parameter \WEIGHT_WIDTH = 8
Parameter \ACC_WIDTH = 32
Parameter \DILATION = 1
Parameter \KERNEL_TAPS = 64
Parameter \BIAS = 0

5.2.3. Executing AST frontend in derive mode using pre-parsed AST for module `\conv1d_large_engine'.
Parameter \SAMPLE_WIDTH = 8
Parameter \WEIGHT_WIDTH = 8
Parameter \ACC_WIDTH = 32
Parameter \DILATION = 1
Parameter \KERNEL_TAPS = 64
Parameter \BIAS = 0
Generating RTLIL representation for module `$paramod$6085b43887461f415fc1e73c50c74bca22d1d63a\conv1d_large_engine'.

5.2.4. Analyzing design hierarchy..
Top module:  \conv1d_large_benchmark_top
Used module:     $paramod$6085b43887461f415fc1e73c50c74bca22d1d63a\conv1d_large_engine
Used module:         \conv1d_large_serial
Parameter \SAMPLE_WIDTH = 8
Parameter \WEIGHT_WIDTH = 8
Parameter \ACC_WIDTH = 32
Parameter \DILATION = 1
Parameter \KERNEL_TAPS = 64
Parameter \BIAS = 0

5.2.5. Executing AST frontend in derive mode using pre-parsed AST for module `\conv1d_large_serial'.
Parameter \SAMPLE_WIDTH = 8
Parameter \WEIGHT_WIDTH = 8
Parameter \ACC_WIDTH = 32
Parameter \DILATION = 1
Parameter \KERNEL_TAPS = 64
Parameter \BIAS = 0
Generating RTLIL representation for module `$paramod$6085b43887461f415fc1e73c50c74bca22d1d63a\conv1d_large_serial'.
Warning: Replacing memory \tap with list of registers. See conv1d_large_serial.v:54
Warning: Replacing memory \history with list of registers. See conv1d_large_serial.v:51

5.2.6. Analyzing design hierarchy..
Top module:  \conv1d_large_benchmark_top
Used module:     $paramod$6085b43887461f415fc1e73c50c74bca22d1d63a\conv1d_large_engine
Used module:         $paramod$6085b43887461f415fc1e73c50c74bca22d1d63a\conv1d_large_serial

5.2.7. Analyzing design hierarchy..
Top module:  \conv1d_large_benchmark_top
Used module:     $paramod$6085b43887461f415fc1e73c50c74bca22d1d63a\conv1d_large_engine
Used module:         $paramod$6085b43887461f415fc1e73c50c74bca22d1d63a\conv1d_large_serial
Removing unused module `$paramod$9a5d4607c6d410764a6e490cc9d604d51a78e84a\conv1d_large_serial'.
Removing unused module `\conv1d_large_engine'.
Removing unused module `\conv1d_large_serial'.
Removed 3 unused modules.

5.3. Executing PROC pass (convert processes to netlists).

5.3.1. Executing PROC_CLEAN pass (remove empty switches from decision trees).
Cleaned up 0 empty switches.

5.3.2. Executing PROC_RMDEAD pass (remove dead branches from decision trees).
Marked 1 switch rules as full_case in process $proc$/opt/homebrew/bin/../share/yosys/ice40/cells_sim.v:1414$305 in module SB_DFFNES.
Marked 1 switch rules as full_case in process $proc$/opt/homebrew/bin/../share/yosys/ice40/cells_sim.v:1353$298 in module SB_DFFNESS.
Marked 1 switch rules as full_case in process $proc$/opt/homebrew/bin/../share/yosys/ice40/cells_sim.v:1273$294 in module SB_DFFNER.
Marked 1 switch rules as full_case in process $proc$/opt/homebrew/bin/../share/yosys/ice40/cells_sim.v:1212$287 in module SB_DFFNESR.
Marked 1 switch rules as full_case in process $proc$/opt/homebrew/bin/../share/yosys/ice40/cells_sim.v:1138$284 in module SB_DFFNS.
Marked 1 switch rules as full_case in process $proc$/opt/homebrew/bin/../share/yosys/ice40/cells_sim.v:1088$281 in module SB_DFFNSS.
Marked 1 switch rules as full_case in process $proc$/opt/homebrew/bin/../share/yosys/ice40/cells_sim.v:1017$278 in module SB_DFFNR.
Marked 1 switch rules as full_case in process $proc$/opt/homebrew/bin/../share/yosys/ice40/cells_sim.v:967$275 in module SB_DFFNSR.
Marked 1 switch rules as full_case in process $proc$/opt/homebrew/bin/../share/yosys/ice40/cells_sim.v:803$267 in module SB_DFFES.
Marked 1 switch rules as full_case in process $proc$/opt/homebrew/bin/../share/yosys/ice40/cells_sim.v:742$260 in module SB_DFFESS.
Marked 1 switch rules as full_case in process $proc$/opt/homebrew/bin/../share/yosys/ice40/cells_sim.v:662$256 in module SB_DFFER.
Marked 1 switch rules as full_case in process $proc$/opt/homebrew/bin/../share/yosys/ice40/cells_sim.v:601$249 in module SB_DFFESR.
Marked 1 switch rules as full_case in process $proc$/opt/homebrew/bin/../share/yosys/ice40/cells_sim.v:527$246 in module SB_DFFS.
Marked 1 switch rules as full_case in process $proc$/opt/homebrew/bin/../share/yosys/ice40/cells_sim.v:477$243 in module SB_DFFSS.
Marked 1 switch rules as full_case in process $proc$/opt/homebrew/bin/../share/yosys/ice40/cells_sim.v:406$240 in module SB_DFFR.
Marked 1 switch rules as full_case in process $proc$/opt/homebrew/bin/../share/yosys/ice40/cells_sim.v:356$237 in module SB_DFFSR.
Removed 2 dead cases from process $proc$conv1d_large_serial.v:48$510 in module $paramod$6085b43887461f415fc1e73c50c74bca22d1d63a\conv1d_large_serial.
Marked 8 switch rules as full_case in process $proc$conv1d_large_serial.v:48$510 in module $paramod$6085b43887461f415fc1e73c50c74bca22d1d63a\conv1d_large_serial.
Removed a total of 2 dead cases.

5.3.3. Executing PROC_PRUNE pass (remove redundant assignments in processes).
Removed 9 redundant assignments.
Promoted 31 assignments to connections.

5.3.4. Executing PROC_INIT pass (extract init attributes).
Found init rule in `\SB_DFFNES.$proc$/opt/homebrew/bin/../share/yosys/ice40/cells_sim.v:0$308'.
  Set init value: \Q = 1'0
Found init rule in `\SB_DFFNESS.$proc$/opt/homebrew/bin/../share/yosys/ice40/cells_sim.v:0$304'.
  Set init value: \Q = 1'0
Found init rule in `\SB_DFFNER.$proc$/opt/homebrew/bin/../share/yosys/ice40/cells_sim.v:0$297'.
  Set init value: \Q = 1'0
Found init rule in `\SB_DFFNESR.$proc$/opt/homebrew/bin/../share/yosys/ice40/cells_sim.v:0$293'.
  Set init value: \Q = 1'0
Found init rule in `\SB_DFFNS.$proc$/opt/homebrew/bin/../share/yosys/ice40/cells_sim.v:0$286'.
  Set init value: \Q = 1'0
Found init rule in `\SB_DFFNSS.$proc$/opt/homebrew/bin/../share/yosys/ice40/cells_sim.v:0$283'.
  Set init value: \Q = 1'0
Found init rule in `\SB_DFFNR.$proc$/opt/homebrew/bin/../share/yosys/ice40/cells_sim.v:0$280'.
  Set init value: \Q = 1'0
Found init rule in `\SB_DFFNSR.$proc$/opt/homebrew/bin/../share/yosys/ice40/cells_sim.v:0$277'.
  Set init value: \Q = 1'0
Found init rule in `\SB_DFFNE.$proc$/opt/homebrew/bin/../share/yosys/ice40/cells_sim.v:0$274'.
  Set init value: \Q = 1'0
Found init rule in `\SB_DFFN.$proc$/opt/homebrew/bin/../share/yosys/ice40/cells_sim.v:0$272'.
  Set init value: \Q = 1'0
Found init rule in `\SB_DFFES.$proc$/opt/homebrew/bin/../share/yosys/ice40/cells_sim.v:0$270'.
  Set init value: \Q = 1'0
Found init rule in `\SB_DFFESS.$proc$/opt/homebrew/bin/../share/yosys/ice40/cells_sim.v:0$266'.
  Set init value: \Q = 1'0
Found init rule in `\SB_DFFER.$proc$/opt/homebrew/bin/../share/yosys/ice40/cells_sim.v:0$259'.
  Set init value: \Q = 1'0
Found init rule in `\SB_DFFESR.$proc$/opt/homebrew/bin/../share/yosys/ice40/cells_sim.v:0$255'.
  Set init value: \Q = 1'0
Found init rule in `\SB_DFFS.$proc$/opt/homebrew/bin/../share/yosys/ice40/cells_sim.v:0$248'.
  Set init value: \Q = 1'0
Found init rule in `\SB_DFFSS.$proc$/opt/homebrew/bin/../share/yosys/ice40/cells_sim.v:0$245'.
  Set init value: \Q = 1'0
Found init rule in `\SB_DFFR.$proc$/opt/homebrew/bin/../share/yosys/ice40/cells_sim.v:0$242'.
  Set init value: \Q = 1'0
Found init rule in `\SB_DFFSR.$proc$/opt/homebrew/bin/../share/yosys/ice40/cells_sim.v:0$239'.
  Set init value: \Q = 1'0
Found init rule in `\SB_DFFE.$proc$/opt/homebrew/bin/../share/yosys/ice40/cells_sim.v:0$236'.
  Set init value: \Q = 1'0
Found init rule in `\SB_DFF.$proc$/opt/homebrew/bin/../share/yosys/ice40/cells_sim.v:0$234'.
  Set init value: \Q = 1'0

5.3.5. Executing PROC_ARST pass (detect async resets in processes).
Found async reset \S in `\SB_DFFNES.$proc$/opt/homebrew/bin/../share/yosys/ice40/cells_sim.v:1414$305'.
Found async reset \R in `\SB_DFFNER.$proc$/opt/homebrew/bin/../share/yosys/ice40/cells_sim.v:1273$294'.
Found async reset \S in `\SB_DFFNS.$proc$/opt/homebrew/bin/../share/yosys/ice40/cells_sim.v:1138$284'.
Found async reset \R in `\SB_DFFNR.$proc$/opt/homebrew/bin/../share/yosys/ice40/cells_sim.v:1017$278'.
Found async reset \S in `\SB_DFFES.$proc$/opt/homebrew/bin/../share/yosys/ice40/cells_sim.v:803$267'.
Found async reset \R in `\SB_DFFER.$proc$/opt/homebrew/bin/../share/yosys/ice40/cells_sim.v:662$256'.
Found async reset \S in `\SB_DFFS.$proc$/opt/homebrew/bin/../share/yosys/ice40/cells_sim.v:527$246'.
Found async reset \R in `\SB_DFFR.$proc$/opt/homebrew/bin/../share/yosys/ice40/cells_sim.v:406$240'.

5.3.6. Executing PROC_ROM pass (convert switches to ROMs).
Converted 0 switches.
<suppressed ~26 debug messages>

5.3.7. Executing PROC_MUX pass (convert decision trees to multiplexers).
Creating decoders for process `\SB_DFFNES.$proc$/opt/homebrew/bin/../share/yosys/ice40/cells_sim.v:0$308'.
Creating decoders for process `\SB_DFFNES.$proc$/opt/homebrew/bin/../share/yosys/ice40/cells_sim.v:1414$305'.
     1/1: $0\Q[0:0]
Creating decoders for process `\SB_DFFNESS.$proc$/opt/homebrew/bin/../share/yosys/ice40/cells_sim.v:0$304'.
Creating decoders for process `\SB_DFFNESS.$proc$/opt/homebrew/bin/../share/yosys/ice40/cells_sim.v:1353$298'.
     1/1: $0\Q[0:0]
Creating decoders for process `\SB_DFFNER.$proc$/opt/homebrew/bin/../share/yosys/ice40/cells_sim.v:0$297'.
Creating decoders for process `\SB_DFFNER.$proc$/opt/homebrew/bin/../share/yosys/ice40/cells_sim.v:1273$294'.
     1/1: $0\Q[0:0]
Creating decoders for process `\SB_DFFNESR.$proc$/opt/homebrew/bin/../share/yosys/ice40/cells_sim.v:0$293'.
Creating decoders for process `\SB_DFFNESR.$proc$/opt/homebrew/bin/../share/yosys/ice40/cells_sim.v:1212$287'.
     1/1: $0\Q[0:0]
Creating decoders for process `\SB_DFFNS.$proc$/opt/homebrew/bin/../share/yosys/ice40/cells_sim.v:0$286'.
Creating decoders for process `\SB_DFFNS.$proc$/opt/homebrew/bin/../share/yosys/ice40/cells_sim.v:1138$284'.
     1/1: $0\Q[0:0]
Creating decoders for process `\SB_DFFNSS.$proc$/opt/homebrew/bin/../share/yosys/ice40/cells_sim.v:0$283'.
Creating decoders for process `\SB_DFFNSS.$proc$/opt/homebrew/bin/../share/yosys/ice40/cells_sim.v:1088$281'.
     1/1: $0\Q[0:0]
Creating decoders for process `\SB_DFFNR.$proc$/opt/homebrew/bin/../share/yosys/ice40/cells_sim.v:0$280'.
Creating decoders for process `\SB_DFFNR.$proc$/opt/homebrew/bin/../share/yosys/ice40/cells_sim.v:1017$278'.
     1/1: $0\Q[0:0]
Creating decoders for process `\SB_DFFNSR.$proc$/opt/homebrew/bin/../share/yosys/ice40/cells_sim.v:0$277'.
Creating decoders for process `\SB_DFFNSR.$proc$/opt/homebrew/bin/../share/yosys/ice40/cells_sim.v:967$275'.
     1/1: $0\Q[0:0]
Creating decoders for process `\SB_DFFNE.$proc$/opt/homebrew/bin/../share/yosys/ice40/cells_sim.v:0$274'.
Creating decoders for process `\SB_DFFNE.$proc$/opt/homebrew/bin/../share/yosys/ice40/cells_sim.v:922$273'.
     1/1: $0\Q[0:0]
Creating decoders for process `\SB_DFFN.$proc$/opt/homebrew/bin/../share/yosys/ice40/cells_sim.v:0$272'.
Creating decoders for process `\SB_DFFN.$proc$/opt/homebrew/bin/../share/yosys/ice40/cells_sim.v:882$271'.
Creating decoders for process `\SB_DFFES.$proc$/opt/homebrew/bin/../share/yosys/ice40/cells_sim.v:0$270'.
Creating decoders for process `\SB_DFFES.$proc$/opt/homebrew/bin/../share/yosys/ice40/cells_sim.v:803$267'.
     1/1: $0\Q[0:0]
Creating decoders for process `\SB_DFFESS.$proc$/opt/homebrew/bin/../share/yosys/ice40/cells_sim.v:0$266'.
Creating decoders for process `\SB_DFFESS.$proc$/opt/homebrew/bin/../share/yosys/ice40/cells_sim.v:742$260'.
     1/1: $0\Q[0:0]
Creating decoders for process `\SB_DFFER.$proc$/opt/homebrew/bin/../share/yosys/ice40/cells_sim.v:0$259'.
Creating decoders for process `\SB_DFFER.$proc$/opt/homebrew/bin/../share/yosys/ice40/cells_sim.v:662$256'.
     1/1: $0\Q[0:0]
Creating decoders for process `\SB_DFFESR.$proc$/opt/homebrew/bin/../share/yosys/ice40/cells_sim.v:0$255'.
Creating decoders for process `\SB_DFFESR.$proc$/opt/homebrew/bin/../share/yosys/ice40/cells_sim.v:601$249'.
     1/1: $0\Q[0:0]
Creating decoders for process `\SB_DFFS.$proc$/opt/homebrew/bin/../share/yosys/ice40/cells_sim.v:0$248'.
Creating decoders for process `\SB_DFFS.$proc$/opt/homebrew/bin/../share/yosys/ice40/cells_sim.v:527$246'.
     1/1: $0\Q[0:0]
Creating decoders for process `\SB_DFFSS.$proc$/opt/homebrew/bin/../share/yosys/ice40/cells_sim.v:0$245'.
Creating decoders for process `\SB_DFFSS.$proc$/opt/homebrew/bin/../share/yosys/ice40/cells_sim.v:477$243'.
     1/1: $0\Q[0:0]
Creating decoders for process `\SB_DFFR.$proc$/opt/homebrew/bin/../share/yosys/ice40/cells_sim.v:0$242'.
Creating decoders for process `\SB_DFFR.$proc$/opt/homebrew/bin/../share/yosys/ice40/cells_sim.v:406$240'.
     1/1: $0\Q[0:0]
Creating decoders for process `\SB_DFFSR.$proc$/opt/homebrew/bin/../share/yosys/ice40/cells_sim.v:0$239'.
Creating decoders for process `\SB_DFFSR.$proc$/opt/homebrew/bin/../share/yosys/ice40/cells_sim.v:356$237'.
     1/1: $0\Q[0:0]
Creating decoders for process `\SB_DFFE.$proc$/opt/homebrew/bin/../share/yosys/ice40/cells_sim.v:0$236'.
Creating decoders for process `\SB_DFFE.$proc$/opt/homebrew/bin/../share/yosys/ice40/cells_sim.v:311$235'.
     1/1: $0\Q[0:0]
Creating decoders for process `\SB_DFF.$proc$/opt/homebrew/bin/../share/yosys/ice40/cells_sim.v:0$234'.
Creating decoders for process `\SB_DFF.$proc$/opt/homebrew/bin/../share/yosys/ice40/cells_sim.v:271$233'.
Creating decoders for process `$paramod$6085b43887461f415fc1e73c50c74bca22d1d63a\conv1d_large_serial.$proc$conv1d_large_serial.v:48$510'.
     1/170: $5$mem2reg_rd$\tap$conv1d_large_serial.v:85$508_DATA[7:0]$561
     2/170: $5\tap_weight$func$conv1d_large_serial.v:85$506.$result[7:0]$560
     3/170: $5$mem2reg_rd$\tap$conv1d_large_serial.v:80$507_DATA[7:0]$556
     4/170: $5\tap_weight$func$conv1d_large_serial.v:80$505.$result[7:0]$555
     5/170: $4$mem2reg_rd$\tap$conv1d_large_serial.v:80$507_DATA[7:0]$551
     6/170: $4$mem2reg_rd$\tap$conv1d_large_serial.v:80$507_ADDR[5:0]$550
     7/170: $4\tap_weight$func$conv1d_large_serial.v:80$505.$result[7:0]$546
     8/170: $4\tap_weight$func$conv1d_large_serial.v:80$505.weight_index[31:0]$547
     9/170: $4$mem2reg_rd$\tap$conv1d_large_serial.v:85$508_DATA[7:0]$553
    10/170: $4$mem2reg_rd$\tap$conv1d_large_serial.v:85$508_ADDR[5:0]$552
    11/170: $4\tap_weight$func$conv1d_large_serial.v:85$506.weight_index[31:0]$549
    12/170: $4\tap_weight$func$conv1d_large_serial.v:85$506.$result[7:0]$548
    13/170: $3$mem2reg_rd$\tap$conv1d_large_serial.v:85$508_DATA[7:0]$544
    14/170: $3$mem2reg_rd$\tap$conv1d_large_serial.v:85$508_ADDR[5:0]$543
    15/170: $3$mem2reg_rd$\tap$conv1d_large_serial.v:80$507_DATA[7:0]$542
    16/170: $3$mem2reg_rd$\tap$conv1d_large_serial.v:80$507_ADDR[5:0]$541
    17/170: $3\tap_weight$func$conv1d_large_serial.v:85$506.weight_index[31:0]$540
    18/170: $3\tap_weight$func$conv1d_large_serial.v:85$506.$result[7:0]$539
    19/170: $3\tap_weight$func$conv1d_large_serial.v:80$505.weight_index[31:0]$538
    20/170: $3\tap_weight$func$conv1d_large_serial.v:80$505.$result[7:0]$537
    21/170: $2\i[31:0]
    22/170: $2$mem2reg_rd$\tap$conv1d_large_serial.v:85$508_DATA[7:0]$536
    23/170: $2$mem2reg_rd$\tap$conv1d_large_serial.v:85$508_ADDR[5:0]$535
    24/170: $2$mem2reg_rd$\tap$conv1d_large_serial.v:80$507_DATA[7:0]$534
    25/170: $2$mem2reg_rd$\tap$conv1d_large_serial.v:80$507_ADDR[5:0]$533
    26/170: $2\tap_weight$func$conv1d_large_serial.v:85$506.weight_index[31:0]$532
    27/170: $2\tap_weight$func$conv1d_large_serial.v:85$506.$result[7:0]$531
    28/170: $2\tap_weight$func$conv1d_large_serial.v:80$505.weight_index[31:0]$530
    29/170: $2\tap_weight$func$conv1d_large_serial.v:80$505.$result[7:0]$529
    30/170: $0\output_valid[0:0]
    31/170: $1\i[31:0]
    32/170: $1$mem2reg_rd$\tap$conv1d_large_serial.v:85$508_DATA[7:0]$526
    33/170: $1$mem2reg_rd$\tap$conv1d_large_serial.v:85$508_ADDR[5:0]$525
    34/170: $1$mem2reg_rd$\tap$conv1d_large_serial.v:80$507_DATA[7:0]$524
    35/170: $1$mem2reg_rd$\tap$conv1d_large_serial.v:80$507_ADDR[5:0]$523
    36/170: $1\tap_weight$func$conv1d_large_serial.v:85$506.weight_index[31:0]$522
    37/170: $1\tap_weight$func$conv1d_large_serial.v:85$506.$result[7:0]$521
    38/170: $1\tap_weight$func$conv1d_large_serial.v:80$505.weight_index[31:0]$520
    39/170: $1\tap_weight$func$conv1d_large_serial.v:80$505.$result[7:0]$519
    40/170: $0\tap[63][7:0]
    41/170: $0\tap[62][7:0]
    42/170: $0\tap[61][7:0]
    43/170: $0\tap[60][7:0]
    44/170: $0\tap[59][7:0]
    45/170: $0\tap[58][7:0]
    46/170: $0\tap[57][7:0]
    47/170: $0\tap[56][7:0]
    48/170: $0\tap[55][7:0]
    49/170: $0\tap[54][7:0]
    50/170: $0\tap[53][7:0]
    51/170: $0\tap[52][7:0]
    52/170: $0\tap[51][7:0]
    53/170: $0\tap[50][7:0]
    54/170: $0\tap[49][7:0]
    55/170: $0\tap[48][7:0]
    56/170: $0\tap[47][7:0]
    57/170: $0\tap[46][7:0]
    58/170: $0\tap[45][7:0]
    59/170: $0\tap[44][7:0]
    60/170: $0\tap[43][7:0]
    61/170: $0\tap[42][7:0]
    62/170: $0\tap[41][7:0]
    63/170: $0\tap[40][7:0]
    64/170: $0\tap[39][7:0]
    65/170: $0\tap[38][7:0]
    66/170: $0\tap[37][7:0]
    67/170: $0\tap[36][7:0]
    68/170: $0\tap[35][7:0]
    69/170: $0\tap[34][7:0]
    70/170: $0\tap[33][7:0]
    71/170: $0\tap[32][7:0]
    72/170: $0\history[62][7:0]
    73/170: $0\history[61][7:0]
    74/170: $0\history[60][7:0]
    75/170: $0\history[59][7:0]
    76/170: $0\history[58][7:0]
    77/170: $0\history[57][7:0]
    78/170: $0\history[56][7:0]
    79/170: $0\history[55][7:0]
    80/170: $0\history[54][7:0]
    81/170: $0\history[53][7:0]
    82/170: $0\history[52][7:0]
    83/170: $0\history[51][7:0]
    84/170: $0\history[50][7:0]
    85/170: $0\history[49][7:0]
    86/170: $0\history[48][7:0]
    87/170: $0\history[47][7:0]
    88/170: $0\history[46][7:0]
    89/170: $0\history[45][7:0]
    90/170: $0\history[44][7:0]
    91/170: $0\history[43][7:0]
    92/170: $0\history[42][7:0]
    93/170: $0\history[41][7:0]
    94/170: $0\history[40][7:0]
    95/170: $0\history[39][7:0]
    96/170: $0\history[38][7:0]
    97/170: $0\history[37][7:0]
    98/170: $0\history[36][7:0]
    99/170: $0\history[35][7:0]
   100/170: $0\history[34][7:0]
   101/170: $0\history[33][7:0]
   102/170: $0\history[32][7:0]
   103/170: $0\history[31][7:0]
   104/170: $0\tap[31][7:0]
   105/170: $0\tap[30][7:0]
   106/170: $0\tap[29][7:0]
   107/170: $0\tap[28][7:0]
   108/170: $0\tap[27][7:0]
   109/170: $0\tap[26][7:0]
   110/170: $0\tap[25][7:0]
   111/170: $0\tap[24][7:0]
   112/170: $0\tap[23][7:0]
   113/170: $0\tap[22][7:0]
   114/170: $0\tap[21][7:0]
   115/170: $0\tap[20][7:0]
   116/170: $0\tap[19][7:0]
   117/170: $0\tap[18][7:0]
   118/170: $0\tap[17][7:0]
   119/170: $0\tap[16][7:0]
   120/170: $0\tap[15][7:0]
   121/170: $0\tap[14][7:0]
   122/170: $0\tap[13][7:0]
   123/170: $0\tap[12][7:0]
   124/170: $0\tap[11][7:0]
   125/170: $0\tap[10][7:0]
   126/170: $0\tap[9][7:0]
   127/170: $0\tap[8][7:0]
   128/170: $0\tap[7][7:0]
   129/170: $0\tap[6][7:0]
   130/170: $0\tap[5][7:0]
   131/170: $0\tap[4][7:0]
   132/170: $0\tap[3][7:0]
   133/170: $0\tap[2][7:0]
   134/170: $0\tap[1][7:0]
   135/170: $0\tap[0][7:0]
   136/170: $0\history[30][7:0]
   137/170: $0\history[29][7:0]
   138/170: $0\history[28][7:0]
   139/170: $0\history[27][7:0]
   140/170: $0\history[26][7:0]
   141/170: $0\history[25][7:0]
   142/170: $0\history[24][7:0]
   143/170: $0\history[23][7:0]
   144/170: $0\history[22][7:0]
   145/170: $0\history[21][7:0]
   146/170: $0\history[20][7:0]
   147/170: $0\history[19][7:0]
   148/170: $0\history[18][7:0]
   149/170: $0\history[17][7:0]
   150/170: $0\history[16][7:0]
   151/170: $0\history[15][7:0]
   152/170: $0\history[14][7:0]
   153/170: $0\history[13][7:0]
   154/170: $0\history[12][7:0]
   155/170: $0\history[11][7:0]
   156/170: $0\history[10][7:0]
   157/170: $0\history[9][7:0]
   158/170: $0\history[8][7:0]
   159/170: $0\history[7][7:0]
   160/170: $0\history[6][7:0]
   161/170: $0\history[5][7:0]
   162/170: $0\history[4][7:0]
   163/170: $0\history[3][7:0]
   164/170: $0\history[2][7:0]
   165/170: $0\history[1][7:0]
   166/170: $0\history[0][7:0]
   167/170: $0\busy[0:0]
   168/170: $0\tap_index[15:0]
   169/170: $0\acc[31:0]
   170/170: $0\sample_out[31:0]

5.3.8. Executing PROC_DLATCH pass (convert process syncs to latches).

5.3.9. Executing PROC_DFF pass (convert process syncs to FFs).
Creating register for signal `\SB_DFFNES.\Q' using process `\SB_DFFNES.$proc$/opt/homebrew/bin/../share/yosys/ice40/cells_sim.v:1414$305'.
  created $adff cell `$procdff$1874' with negative edge clock and positive level reset.
Creating register for signal `\SB_DFFNESS.\Q' using process `\SB_DFFNESS.$proc$/opt/homebrew/bin/../share/yosys/ice40/cells_sim.v:1353$298'.
  created $dff cell `$procdff$1875' with negative edge clock.
Creating register for signal `\SB_DFFNER.\Q' using process `\SB_DFFNER.$proc$/opt/homebrew/bin/../share/yosys/ice40/cells_sim.v:1273$294'.
  created $adff cell `$procdff$1876' with negative edge clock and positive level reset.
Creating register for signal `\SB_DFFNESR.\Q' using process `\SB_DFFNESR.$proc$/opt/homebrew/bin/../share/yosys/ice40/cells_sim.v:1212$287'.
  created $dff cell `$procdff$1877' with negative edge clock.
Creating register for signal `\SB_DFFNS.\Q' using process `\SB_DFFNS.$proc$/opt/homebrew/bin/../share/yosys/ice40/cells_sim.v:1138$284'.
  created $adff cell `$procdff$1878' with negative edge clock and positive level reset.
Creating register for signal `\SB_DFFNSS.\Q' using process `\SB_DFFNSS.$proc$/opt/homebrew/bin/../share/yosys/ice40/cells_sim.v:1088$281'.
  created $dff cell `$procdff$1879' with negative edge clock.
Creating register for signal `\SB_DFFNR.\Q' using process `\SB_DFFNR.$proc$/opt/homebrew/bin/../share/yosys/ice40/cells_sim.v:1017$278'.
  created $adff cell `$procdff$1880' with negative edge clock and positive level reset.
Creating register for signal `\SB_DFFNSR.\Q' using process `\SB_DFFNSR.$proc$/opt/homebrew/bin/../share/yosys/ice40/cells_sim.v:967$275'.
  created $dff cell `$procdff$1881' with negative edge clock.
Creating register for signal `\SB_DFFNE.\Q' using process `\SB_DFFNE.$proc$/opt/homebrew/bin/../share/yosys/ice40/cells_sim.v:922$273'.
  created $dff cell `$procdff$1882' with negative edge clock.
Creating register for signal `\SB_DFFN.\Q' using process `\SB_DFFN.$proc$/opt/homebrew/bin/../share/yosys/ice40/cells_sim.v:882$271'.
  created $dff cell `$procdff$1883' with negative edge clock.
Creating register for signal `\SB_DFFES.\Q' using process `\SB_DFFES.$proc$/opt/homebrew/bin/../share/yosys/ice40/cells_sim.v:803$267'.
  created $adff cell `$procdff$1884' with positive edge clock and positive level reset.
Creating register for signal `\SB_DFFESS.\Q' using process `\SB_DFFESS.$proc$/opt/homebrew/bin/../share/yosys/ice40/cells_sim.v:742$260'.
  created $dff cell `$procdff$1885' with positive edge clock.
Creating register for signal `\SB_DFFER.\Q' using process `\SB_DFFER.$proc$/opt/homebrew/bin/../share/yosys/ice40/cells_sim.v:662$256'.
  created $adff cell `$procdff$1886' with positive edge clock and positive level reset.
Creating register for signal `\SB_DFFESR.\Q' using process `\SB_DFFESR.$proc$/opt/homebrew/bin/../share/yosys/ice40/cells_sim.v:601$249'.
  created $dff cell `$procdff$1887' with positive edge clock.
Creating register for signal `\SB_DFFS.\Q' using process `\SB_DFFS.$proc$/opt/homebrew/bin/../share/yosys/ice40/cells_sim.v:527$246'.
  created $adff cell `$procdff$1888' with positive edge clock and positive level reset.
Creating register for signal `\SB_DFFSS.\Q' using process `\SB_DFFSS.$proc$/opt/homebrew/bin/../share/yosys/ice40/cells_sim.v:477$243'.
  created $dff cell `$procdff$1889' with positive edge clock.
Creating register for signal `\SB_DFFR.\Q' using process `\SB_DFFR.$proc$/opt/homebrew/bin/../share/yosys/ice40/cells_sim.v:406$240'.
  created $adff cell `$procdff$1890' with positive edge clock and positive level reset.
Creating register for signal `\SB_DFFSR.\Q' using process `\SB_DFFSR.$proc$/opt/homebrew/bin/../share/yosys/ice40/cells_sim.v:356$237'.
  created $dff cell `$procdff$1891' with positive edge clock.
Creating register for signal `\SB_DFFE.\Q' using process `\SB_DFFE.$proc$/opt/homebrew/bin/../share/yosys/ice40/cells_sim.v:311$235'.
  created $dff cell `$procdff$1892' with positive edge clock.
Creating register for signal `\SB_DFF.\Q' using process `\SB_DFF.$proc$/opt/homebrew/bin/../share/yosys/ice40/cells_sim.v:271$233'.
  created $dff cell `$procdff$1893' with positive edge clock.
Creating register for signal `$paramod$6085b43887461f415fc1e73c50c74bca22d1d63a\conv1d_large_serial.\output_valid' using process `$paramod$6085b43887461f415fc1e73c50c74bca22d1d63a\conv1d_large_serial.$proc$conv1d_large_serial.v:48$510'.
  created $dff cell `$procdff$1894' with positive edge clock.
Creating register for signal `$paramod$6085b43887461f415fc1e73c50c74bca22d1d63a\conv1d_large_serial.\sample_out' using process `$paramod$6085b43887461f415fc1e73c50c74bca22d1d63a\conv1d_large_serial.$proc$conv1d_large_serial.v:48$510'.
  created $dff cell `$procdff$1895' with positive edge clock.
Creating register for signal `$paramod$6085b43887461f415fc1e73c50c74bca22d1d63a\conv1d_large_serial.\acc' using process `$paramod$6085b43887461f415fc1e73c50c74bca22d1d63a\conv1d_large_serial.$proc$conv1d_large_serial.v:48$510'.
  created $dff cell `$procdff$1896' with positive edge clock.
Creating register for signal `$paramod$6085b43887461f415fc1e73c50c74bca22d1d63a\conv1d_large_serial.\tap_index' using process `$paramod$6085b43887461f415fc1e73c50c74bca22d1d63a\conv1d_large_serial.$proc$conv1d_large_serial.v:48$510'.
  created $dff cell `$procdff$1897' with positive edge clock.
Creating register for signal `$paramod$6085b43887461f415fc1e73c50c74bca22d1d63a\conv1d_large_serial.\busy' using process `$paramod$6085b43887461f415fc1e73c50c74bca22d1d63a\conv1d_large_serial.$proc$conv1d_large_serial.v:48$510'.
  created $dff cell `$procdff$1898' with positive edge clock.
Creating register for signal `$paramod$6085b43887461f415fc1e73c50c74bca22d1d63a\conv1d_large_serial.\i' using process `$paramod$6085b43887461f415fc1e73c50c74bca22d1d63a\conv1d_large_serial.$proc$conv1d_large_serial.v:48$510'.
  created $dff cell `$procdff$1899' with positive edge clock.
Creating register for signal `$paramod$6085b43887461f415fc1e73c50c74bca22d1d63a\conv1d_large_serial.\history[0]' using process `$paramod$6085b43887461f415fc1e73c50c74bca22d1d63a\conv1d_large_serial.$proc$conv1d_large_serial.v:48$510'.
  created $dff cell `$procdff$1900' with positive edge clock.
Creating register for signal `$paramod$6085b43887461f415fc1e73c50c74bca22d1d63a\conv1d_large_serial.\history[1]' using process `$paramod$6085b43887461f415fc1e73c50c74bca22d1d63a\conv1d_large_serial.$proc$conv1d_large_serial.v:48$510'.
  created $dff cell `$procdff$1901' with positive edge clock.
Creating register for signal `$paramod$6085b43887461f415fc1e73c50c74bca22d1d63a\conv1d_large_serial.\history[2]' using process `$paramod$6085b43887461f415fc1e73c50c74bca22d1d63a\conv1d_large_serial.$proc$conv1d_large_serial.v:48$510'.
  created $dff cell `$procdff$1902' with positive edge clock.
Creating register for signal `$paramod$6085b43887461f415fc1e73c50c74bca22d1d63a\conv1d_large_serial.\history[3]' using process `$paramod$6085b43887461f415fc1e73c50c74bca22d1d63a\conv1d_large_serial.$proc$conv1d_large_serial.v:48$510'.
  created $dff cell `$procdff$1903' with positive edge clock.
Creating register for signal `$paramod$6085b43887461f415fc1e73c50c74bca22d1d63a\conv1d_large_serial.\history[4]' using process `$paramod$6085b43887461f415fc1e73c50c74bca22d1d63a\conv1d_large_serial.$proc$conv1d_large_serial.v:48$510'.
  created $dff cell `$procdff$1904' with positive edge clock.
Creating register for signal `$paramod$6085b43887461f415fc1e73c50c74bca22d1d63a\conv1d_large_serial.\history[5]' using process `$paramod$6085b43887461f415fc1e73c50c74bca22d1d63a\conv1d_large_serial.$proc$conv1d_large_serial.v:48$510'.
  created $dff cell `$procdff$1905' with positive edge clock.
Creating register for signal `$paramod$6085b43887461f415fc1e73c50c74bca22d1d63a\conv1d_large_serial.\history[6]' using process `$paramod$6085b43887461f415fc1e73c50c74bca22d1d63a\conv1d_large_serial.$proc$conv1d_large_serial.v:48$510'.
  created $dff cell `$procdff$1906' with positive edge clock.
Creating register for signal `$paramod$6085b43887461f415fc1e73c50c74bca22d1d63a\conv1d_large_serial.\history[7]' using process `$paramod$6085b43887461f415fc1e73c50c74bca22d1d63a\conv1d_large_serial.$proc$conv1d_large_serial.v:48$510'.
  created $dff cell `$procdff$1907' with positive edge clock.
Creating register for signal `$paramod$6085b43887461f415fc1e73c50c74bca22d1d63a\conv1d_large_serial.\history[8]' using process `$paramod$6085b43887461f415fc1e73c50c74bca22d1d63a\conv1d_large_serial.$proc$conv1d_large_serial.v:48$510'.
  created $dff cell `$procdff$1908' with positive edge clock.
Creating register for signal `$paramod$6085b43887461f415fc1e73c50c74bca22d1d63a\conv1d_large_serial.\history[9]' using process `$paramod$6085b43887461f415fc1e73c50c74bca22d1d63a\conv1d_large_serial.$proc$conv1d_large_serial.v:48$510'.
  created $dff cell `$procdff$1909' with positive edge clock.
Creating register for signal `$paramod$6085b43887461f415fc1e73c50c74bca22d1d63a\conv1d_large_serial.\history[10]' using process `$paramod$6085b43887461f415fc1e73c50c74bca22d1d63a\conv1d_large_serial.$proc$conv1d_large_serial.v:48$510'.
  created $dff cell `$procdff$1910' with positive edge clock.
Creating register for signal `$paramod$6085b43887461f415fc1e73c50c74bca22d1d63a\conv1d_large_serial.\history[11]' using process `$paramod$6085b43887461f415fc1e73c50c74bca22d1d63a\conv1d_large_serial.$proc$conv1d_large_serial.v:48$510'.
  created $dff cell `$procdff$1911' with positive edge clock.
Creating register for signal `$paramod$6085b43887461f415fc1e73c50c74bca22d1d63a\conv1d_large_serial.\history[12]' using process `$paramod$6085b43887461f415fc1e73c50c74bca22d1d63a\conv1d_large_serial.$proc$conv1d_large_serial.v:48$510'.
  created $dff cell `$procdff$1912' with positive edge clock.
Creating register for signal `$paramod$6085b43887461f415fc1e73c50c74bca22d1d63a\conv1d_large_serial.\history[13]' using process `$paramod$6085b43887461f415fc1e73c50c74bca22d1d63a\conv1d_large_serial.$proc$conv1d_large_serial.v:48$510'.
  created $dff cell `$procdff$1913' with positive edge clock.
Creating register for signal `$paramod$6085b43887461f415fc1e73c50c74bca22d1d63a\conv1d_large_serial.\history[14]' using process `$paramod$6085b43887461f415fc1e73c50c74bca22d1d63a\conv1d_large_serial.$proc$conv1d_large_serial.v:48$510'.
  created $dff cell `$procdff$1914' with positive edge clock.
Creating register for signal `$paramod$6085b43887461f415fc1e73c50c74bca22d1d63a\conv1d_large_serial.\history[15]' using process `$paramod$6085b43887461f415fc1e73c50c74bca22d1d63a\conv1d_large_serial.$proc$conv1d_large_serial.v:48$510'.
  created $dff cell `$procdff$1915' with positive edge clock.
Creating register for signal `$paramod$6085b43887461f415fc1e73c50c74bca22d1d63a\conv1d_large_serial.\history[16]' using process `$paramod$6085b43887461f415fc1e73c50c74bca22d1d63a\conv1d_large_serial.$proc$conv1d_large_serial.v:48$510'.
  created $dff cell `$procdff$1916' with positive edge clock.
Creating register for signal `$paramod$6085b43887461f415fc1e73c50c74bca22d1d63a\conv1d_large_serial.\history[17]' using process `$paramod$6085b43887461f415fc1e73c50c74bca22d1d63a\conv1d_large_serial.$proc$conv1d_large_serial.v:48$510'.
  created $dff cell `$procdff$1917' with positive edge clock.
Creating register for signal `$paramod$6085b43887461f415fc1e73c50c74bca22d1d63a\conv1d_large_serial.\history[18]' using process `$paramod$6085b43887461f415fc1e73c50c74bca22d1d63a\conv1d_large_serial.$proc$conv1d_large_serial.v:48$510'.
  created $dff cell `$procdff$1918' with positive edge clock.
Creating register for signal `$paramod$6085b43887461f415fc1e73c50c74bca22d1d63a\conv1d_large_serial.\history[19]' using process `$paramod$6085b43887461f415fc1e73c50c74bca22d1d63a\conv1d_large_serial.$proc$conv1d_large_serial.v:48$510'.
  created $dff cell `$procdff$1919' with positive edge clock.
Creating register for signal `$paramod$6085b43887461f415fc1e73c50c74bca22d1d63a\conv1d_large_serial.\history[20]' using process `$paramod$6085b43887461f415fc1e73c50c74bca22d1d63a\conv1d_large_serial.$proc$conv1d_large_serial.v:48$510'.
  created $dff cell `$procdff$1920' with positive edge clock.
Creating register for signal `$paramod$6085b43887461f415fc1e73c50c74bca22d1d63a\conv1d_large_serial.\history[21]' using process `$paramod$6085b43887461f415fc1e73c50c74bca22d1d63a\conv1d_large_serial.$proc$conv1d_large_serial.v:48$510'.
  created $dff cell `$procdff$1921' with positive edge clock.
Creating register for signal `$paramod$6085b43887461f415fc1e73c50c74bca22d1d63a\conv1d_large_serial.\history[22]' using process `$paramod$6085b43887461f415fc1e73c50c74bca22d1d63a\conv1d_large_serial.$proc$conv1d_large_serial.v:48$510'.
  created $dff cell `$procdff$1922' with positive edge clock.
Creating register for signal `$paramod$6085b43887461f415fc1e73c50c74bca22d1d63a\conv1d_large_serial.\history[23]' using process `$paramod$6085b43887461f415fc1e73c50c74bca22d1d63a\conv1d_large_serial.$proc$conv1d_large_serial.v:48$510'.
  created $dff cell `$procdff$1923' with positive edge clock.
Creating register for signal `$paramod$6085b43887461f415fc1e73c50c74bca22d1d63a\conv1d_large_serial.\history[24]' using process `$paramod$6085b43887461f415fc1e73c50c74bca22d1d63a\conv1d_large_serial.$proc$conv1d_large_serial.v:48$510'.
  created $dff cell `$procdff$1924' with positive edge clock.
Creating register for signal `$paramod$6085b43887461f415fc1e73c50c74bca22d1d63a\conv1d_large_serial.\history[25]' using process `$paramod$6085b43887461f415fc1e73c50c74bca22d1d63a\conv1d_large_serial.$proc$conv1d_large_serial.v:48$510'.
  created $dff cell `$procdff$1925' with positive edge clock.
Creating register for signal `$paramod$6085b43887461f415fc1e73c50c74bca22d1d63a\conv1d_large_serial.\history[26]' using process `$paramod$6085b43887461f415fc1e73c50c74bca22d1d63a\conv1d_large_serial.$proc$conv1d_large_serial.v:48$510'.
  created $dff cell `$procdff$1926' with positive edge clock.
Creating register for signal `$paramod$6085b43887461f415fc1e73c50c74bca22d1d63a\conv1d_large_serial.\history[27]' using process `$paramod$6085b43887461f415fc1e73c50c74bca22d1d63a\conv1d_large_serial.$proc$conv1d_large_serial.v:48$510'.
  created $dff cell `$procdff$1927' with positive edge clock.
Creating register for signal `$paramod$6085b43887461f415fc1e73c50c74bca22d1d63a\conv1d_large_serial.\history[28]' using process `$paramod$6085b43887461f415fc1e73c50c74bca22d1d63a\conv1d_large_serial.$proc$conv1d_large_serial.v:48$510'.
  created $dff cell `$procdff$1928' with positive edge clock.
Creating register for signal `$paramod$6085b43887461f415fc1e73c50c74bca22d1d63a\conv1d_large_serial.\history[29]' using process `$paramod$6085b43887461f415fc1e73c50c74bca22d1d63a\conv1d_large_serial.$proc$conv1d_large_serial.v:48$510'.
  created $dff cell `$procdff$1929' with positive edge clock.
Creating register for signal `$paramod$6085b43887461f415fc1e73c50c74bca22d1d63a\conv1d_large_serial.\history[30]' using process `$paramod$6085b43887461f415fc1e73c50c74bca22d1d63a\conv1d_large_serial.$proc$conv1d_large_serial.v:48$510'.
  created $dff cell `$procdff$1930' with positive edge clock.
Creating register for signal `$paramod$6085b43887461f415fc1e73c50c74bca22d1d63a\conv1d_large_serial.\tap[0]' using process `$paramod$6085b43887461f415fc1e73c50c74bca22d1d63a\conv1d_large_serial.$proc$conv1d_large_serial.v:48$510'.
  created $dff cell `$procdff$1931' with positive edge clock.
Creating register for signal `$paramod$6085b43887461f415fc1e73c50c74bca22d1d63a\conv1d_large_serial.\tap[1]' using process `$paramod$6085b43887461f415fc1e73c50c74bca22d1d63a\conv1d_large_serial.$proc$conv1d_large_serial.v:48$510'.
  created $dff cell `$procdff$1932' with positive edge clock.
Creating register for signal `$paramod$6085b43887461f415fc1e73c50c74bca22d1d63a\conv1d_large_serial.\tap[2]' using process `$paramod$6085b43887461f415fc1e73c50c74bca22d1d63a\conv1d_large_serial.$proc$conv1d_large_serial.v:48$510'.
  created $dff cell `$procdff$1933' with positive edge clock.
Creating register for signal `$paramod$6085b43887461f415fc1e73c50c74bca22d1d63a\conv1d_large_serial.\tap[3]' using process `$paramod$6085b43887461f415fc1e73c50c74bca22d1d63a\conv1d_large_serial.$proc$conv1d_large_serial.v:48$510'.
  created $dff cell `$procdff$1934' with positive edge clock.
Creating register for signal `$paramod$6085b43887461f415fc1e73c50c74bca22d1d63a\conv1d_large_serial.\tap[4]' using process `$paramod$6085b43887461f415fc1e73c50c74bca22d1d63a\conv1d_large_serial.$proc$conv1d_large_serial.v:48$510'.
  created $dff cell `$procdff$1935' with positive edge clock.
Creating register for signal `$paramod$6085b43887461f415fc1e73c50c74bca22d1d63a\conv1d_large_serial.\tap[5]' using process `$paramod$6085b43887461f415fc1e73c50c74bca22d1d63a\conv1d_large_serial.$proc$conv1d_large_serial.v:48$510'.
  created $dff cell `$procdff$1936' with positive edge clock.
Creating register for signal `$paramod$6085b43887461f415fc1e73c50c74bca22d1d63a\conv1d_large_serial.\tap[6]' using process `$paramod$6085b43887461f415fc1e73c50c74bca22d1d63a\conv1d_large_serial.$proc$conv1d_large_serial.v:48$510'.
  created $dff cell `$procdff$1937' with positive edge clock.
Creating register for signal `$paramod$6085b43887461f415fc1e73c50c74bca22d1d63a\conv1d_large_serial.\tap[7]' using process `$paramod$6085b43887461f415fc1e73c50c74bca22d1d63a\conv1d_large_serial.$proc$conv1d_large_serial.v:48$510'.
  created $dff cell `$procdff$1938' with positive edge clock.
Creating register for signal `$paramod$6085b43887461f415fc1e73c50c74bca22d1d63a\conv1d_large_serial.\tap[8]' using process `$paramod$6085b43887461f415fc1e73c50c74bca22d1d63a\conv1d_large_serial.$proc$conv1d_large_serial.v:48$510'.
  created $dff cell `$procdff$1939' with positive edge clock.
Creating register for signal `$paramod$6085b43887461f415fc1e73c50c74bca22d1d63a\conv1d_large_serial.\tap[9]' using process `$paramod$6085b43887461f415fc1e73c50c74bca22d1d63a\conv1d_large_serial.$proc$conv1d_large_serial.v:48$510'.
  created $dff cell `$procdff$1940' with positive edge clock.
Creating register for signal `$paramod$6085b43887461f415fc1e73c50c74bca22d1d63a\conv1d_large_serial.\tap[10]' using process `$paramod$6085b43887461f415fc1e73c50c74bca22d1d63a\conv1d_large_serial.$proc$conv1d_large_serial.v:48$510'.
  created $dff cell `$procdff$1941' with positive edge clock.
Creating register for signal `$paramod$6085b43887461f415fc1e73c50c74bca22d1d63a\conv1d_large_serial.\tap[11]' using process `$paramod$6085b43887461f415fc1e73c50c74bca22d1d63a\conv1d_large_serial.$proc$conv1d_large_serial.v:48$510'.
  created $dff cell `$procdff$1942' with positive edge clock.
Creating register for signal `$paramod$6085b43887461f415fc1e73c50c74bca22d1d63a\conv1d_large_serial.\tap[12]' using process `$paramod$6085b43887461f415fc1e73c50c74bca22d1d63a\conv1d_large_serial.$proc$conv1d_large_serial.v:48$510'.
  created $dff cell `$procdff$1943' with positive edge clock.
Creating register for signal `$paramod$6085b43887461f415fc1e73c50c74bca22d1d63a\conv1d_large_serial.\tap[13]' using process `$paramod$6085b43887461f415fc1e73c50c74bca22d1d63a\conv1d_large_serial.$proc$conv1d_large_serial.v:48$510'.
  created $dff cell `$procdff$1944' with positive edge clock.
Creating register for signal `$paramod$6085b43887461f415fc1e73c50c74bca22d1d63a\conv1d_large_serial.\tap[14]' using process `$paramod$6085b43887461f415fc1e73c50c74bca22d1d63a\conv1d_large_serial.$proc$conv1d_large_serial.v:48$510'.
  created $dff cell `$procdff$1945' with positive edge clock.
Creating register for signal `$paramod$6085b43887461f415fc1e73c50c74bca22d1d63a\conv1d_large_serial.\tap[15]' using process `$paramod$6085b43887461f415fc1e73c50c74bca22d1d63a\conv1d_large_serial.$proc$conv1d_large_serial.v:48$510'.
  created $dff cell `$procdff$1946' with positive edge clock.
Creating register for signal `$paramod$6085b43887461f415fc1e73c50c74bca22d1d63a\conv1d_large_serial.\tap[16]' using process `$paramod$6085b43887461f415fc1e73c50c74bca22d1d63a\conv1d_large_serial.$proc$conv1d_large_serial.v:48$510'.
  created $dff cell `$procdff$1947' with positive edge clock.
Creating register for signal `$paramod$6085b43887461f415fc1e73c50c74bca22d1d63a\conv1d_large_serial.\tap[17]' using process `$paramod$6085b43887461f415fc1e73c50c74bca22d1d63a\conv1d_large_serial.$proc$conv1d_large_serial.v:48$510'.
  created $dff cell `$procdff$1948' with positive edge clock.
Creating register for signal `$paramod$6085b43887461f415fc1e73c50c74bca22d1d63a\conv1d_large_serial.\tap[18]' using process `$paramod$6085b43887461f415fc1e73c50c74bca22d1d63a\conv1d_large_serial.$proc$conv1d_large_serial.v:48$510'.
  created $dff cell `$procdff$1949' with positive edge clock.
Creating register for signal `$paramod$6085b43887461f415fc1e73c50c74bca22d1d63a\conv1d_large_serial.\tap[19]' using process `$paramod$6085b43887461f415fc1e73c50c74bca22d1d63a\conv1d_large_serial.$proc$conv1d_large_serial.v:48$510'.
  created $dff cell `$procdff$1950' with positive edge clock.
Creating register for signal `$paramod$6085b43887461f415fc1e73c50c74bca22d1d63a\conv1d_large_serial.\tap[20]' using process `$paramod$6085b43887461f415fc1e73c50c74bca22d1d63a\conv1d_large_serial.$proc$conv1d_large_serial.v:48$510'.
  created $dff cell `$procdff$1951' with positive edge clock.
Creating register for signal `$paramod$6085b43887461f415fc1e73c50c74bca22d1d63a\conv1d_large_serial.\tap[21]' using process `$paramod$6085b43887461f415fc1e73c50c74bca22d1d63a\conv1d_large_serial.$proc$conv1d_large_serial.v:48$510'.
  created $dff cell `$procdff$1952' with positive edge clock.
Creating register for signal `$paramod$6085b43887461f415fc1e73c50c74bca22d1d63a\conv1d_large_serial.\tap[22]' using process `$paramod$6085b43887461f415fc1e73c50c74bca22d1d63a\conv1d_large_serial.$proc$conv1d_large_serial.v:48$510'.
  created $dff cell `$procdff$1953' with positive edge clock.
Creating register for signal `$paramod$6085b43887461f415fc1e73c50c74bca22d1d63a\conv1d_large_serial.\tap[23]' using process `$paramod$6085b43887461f415fc1e73c50c74bca22d1d63a\conv1d_large_serial.$proc$conv1d_large_serial.v:48$510'.
  created $dff cell `$procdff$1954' with positive edge clock.
Creating register for signal `$paramod$6085b43887461f415fc1e73c50c74bca22d1d63a\conv1d_large_serial.\tap[24]' using process `$paramod$6085b43887461f415fc1e73c50c74bca22d1d63a\conv1d_large_serial.$proc$conv1d_large_serial.v:48$510'.
  created $dff cell `$procdff$1955' with positive edge clock.
Creating register for signal `$paramod$6085b43887461f415fc1e73c50c74bca22d1d63a\conv1d_large_serial.\tap[25]' using process `$paramod$6085b43887461f415fc1e73c50c74bca22d1d63a\conv1d_large_serial.$proc$conv1d_large_serial.v:48$510'.
  created $dff cell `$procdff$1956' with positive edge clock.
Creating register for signal `$paramod$6085b43887461f415fc1e73c50c74bca22d1d63a\conv1d_large_serial.\tap[26]' using process `$paramod$6085b43887461f415fc1e73c50c74bca22d1d63a\conv1d_large_serial.$proc$conv1d_large_serial.v:48$510'.
  created $dff cell `$procdff$1957' with positive edge clock.
Creating register for signal `$paramod$6085b43887461f415fc1e73c50c74bca22d1d63a\conv1d_large_serial.\tap[27]' using process `$paramod$6085b43887461f415fc1e73c50c74bca22d1d63a\conv1d_large_serial.$proc$conv1d_large_serial.v:48$510'.
  created $dff cell `$procdff$1958' with positive edge clock.
Creating register for signal `$paramod$6085b43887461f415fc1e73c50c74bca22d1d63a\conv1d_large_serial.\tap[28]' using process `$paramod$6085b43887461f415fc1e73c50c74bca22d1d63a\conv1d_large_serial.$proc$conv1d_large_serial.v:48$510'.
  created $dff cell `$procdff$1959' with positive edge clock.
Creating register for signal `$paramod$6085b43887461f415fc1e73c50c74bca22d1d63a\conv1d_large_serial.\tap[29]' using process `$paramod$6085b43887461f415fc1e73c50c74bca22d1d63a\conv1d_large_serial.$proc$conv1d_large_serial.v:48$510'.
  created $dff cell `$procdff$1960' with positive edge clock.
Creating register for signal `$paramod$6085b43887461f415fc1e73c50c74bca22d1d63a\conv1d_large_serial.\tap[30]' using process `$paramod$6085b43887461f415fc1e73c50c74bca22d1d63a\conv1d_large_serial.$proc$conv1d_large_serial.v:48$510'.
  created $dff cell `$procdff$1961' with positive edge clock.
Creating register for signal `$paramod$6085b43887461f415fc1e73c50c74bca22d1d63a\conv1d_large_serial.\tap[31]' using process `$paramod$6085b43887461f415fc1e73c50c74bca22d1d63a\conv1d_large_serial.$proc$conv1d_large_serial.v:48$510'.
  created $dff cell `$procdff$1962' with positive edge clock.
Creating register for signal `$paramod$6085b43887461f415fc1e73c50c74bca22d1d63a\conv1d_large_serial.\tap_weight$func$conv1d_large_serial.v:80$505.$result' using process `$paramod$6085b43887461f415fc1e73c50c74bca22d1d63a\conv1d_large_serial.$proc$conv1d_large_serial.v:48$510'.
  created $dff cell `$procdff$1963' with positive edge clock.
Creating register for signal `$paramod$6085b43887461f415fc1e73c50c74bca22d1d63a\conv1d_large_serial.\tap_weight$func$conv1d_large_serial.v:80$505.weight_index' using process `$paramod$6085b43887461f415fc1e73c50c74bca22d1d63a\conv1d_large_serial.$proc$conv1d_large_serial.v:48$510'.
  created $dff cell `$procdff$1964' with positive edge clock.
Creating register for signal `$paramod$6085b43887461f415fc1e73c50c74bca22d1d63a\conv1d_large_serial.\tap_weight$func$conv1d_large_serial.v:85$506.$result' using process `$paramod$6085b43887461f415fc1e73c50c74bca22d1d63a\conv1d_large_serial.$proc$conv1d_large_serial.v:48$510'.
  created $dff cell `$procdff$1965' with positive edge clock.
Creating register for signal `$paramod$6085b43887461f415fc1e73c50c74bca22d1d63a\conv1d_large_serial.\tap_weight$func$conv1d_large_serial.v:85$506.weight_index' using process `$paramod$6085b43887461f415fc1e73c50c74bca22d1d63a\conv1d_large_serial.$proc$conv1d_large_serial.v:48$510'.
  created $dff cell `$procdff$1966' with positive edge clock.
Creating register for signal `$paramod$6085b43887461f415fc1e73c50c74bca22d1d63a\conv1d_large_serial.\history[31]' using process `$paramod$6085b43887461f415fc1e73c50c74bca22d1d63a\conv1d_large_serial.$proc$conv1d_large_serial.v:48$510'.
  created $dff cell `$procdff$1967' with positive edge clock.
Creating register for signal `$paramod$6085b43887461f415fc1e73c50c74bca22d1d63a\conv1d_large_serial.\history[32]' using process `$paramod$6085b43887461f415fc1e73c50c74bca22d1d63a\conv1d_large_serial.$proc$conv1d_large_serial.v:48$510'.
  created $dff cell `$procdff$1968' with positive edge clock.
Creating register for signal `$paramod$6085b43887461f415fc1e73c50c74bca22d1d63a\conv1d_large_serial.\history[33]' using process `$paramod$6085b43887461f415fc1e73c50c74bca22d1d63a\conv1d_large_serial.$proc$conv1d_large_serial.v:48$510'.
  created $dff cell `$procdff$1969' with positive edge clock.
Creating register for signal `$paramod$6085b43887461f415fc1e73c50c74bca22d1d63a\conv1d_large_serial.\history[34]' using process `$paramod$6085b43887461f415fc1e73c50c74bca22d1d63a\conv1d_large_serial.$proc$conv1d_large_serial.v:48$510'.
  created $dff cell `$procdff$1970' with positive edge clock.
Creating register for signal `$paramod$6085b43887461f415fc1e73c50c74bca22d1d63a\conv1d_large_serial.\history[35]' using process `$paramod$6085b43887461f415fc1e73c50c74bca22d1d63a\conv1d_large_serial.$proc$conv1d_large_serial.v:48$510'.
  created $dff cell `$procdff$1971' with positive edge clock.
Creating register for signal `$paramod$6085b43887461f415fc1e73c50c74bca22d1d63a\conv1d_large_serial.\history[36]' using process `$paramod$6085b43887461f415fc1e73c50c74bca22d1d63a\conv1d_large_serial.$proc$conv1d_large_serial.v:48$510'.
  created $dff cell `$procdff$1972' with positive edge clock.
Creating register for signal `$paramod$6085b43887461f415fc1e73c50c74bca22d1d63a\conv1d_large_serial.\history[37]' using process `$paramod$6085b43887461f415fc1e73c50c74bca22d1d63a\conv1d_large_serial.$proc$conv1d_large_serial.v:48$510'.
  created $dff cell `$procdff$1973' with positive edge clock.
Creating register for signal `$paramod$6085b43887461f415fc1e73c50c74bca22d1d63a\conv1d_large_serial.\history[38]' using process `$paramod$6085b43887461f415fc1e73c50c74bca22d1d63a\conv1d_large_serial.$proc$conv1d_large_serial.v:48$510'.
  created $dff cell `$procdff$1974' with positive edge clock.
Creating register for signal `$paramod$6085b43887461f415fc1e73c50c74bca22d1d63a\conv1d_large_serial.\history[39]' using process `$paramod$6085b43887461f415fc1e73c50c74bca22d1d63a\conv1d_large_serial.$proc$conv1d_large_serial.v:48$510'.
  created $dff cell `$procdff$1975' with positive edge clock.
Creating register for signal `$paramod$6085b43887461f415fc1e73c50c74bca22d1d63a\conv1d_large_serial.\history[40]' using process `$paramod$6085b43887461f415fc1e73c50c74bca22d1d63a\conv1d_large_serial.$proc$conv1d_large_serial.v:48$510'.
  created $dff cell `$procdff$1976' with positive edge clock.
Creating register for signal `$paramod$6085b43887461f415fc1e73c50c74bca22d1d63a\conv1d_large_serial.\history[41]' using process `$paramod$6085b43887461f415fc1e73c50c74bca22d1d63a\conv1d_large_serial.$proc$conv1d_large_serial.v:48$510'.
  created $dff cell `$procdff$1977' with positive edge clock.
Creating register for signal `$paramod$6085b43887461f415fc1e73c50c74bca22d1d63a\conv1d_large_serial.\history[42]' using process `$paramod$6085b43887461f415fc1e73c50c74bca22d1d63a\conv1d_large_serial.$proc$conv1d_large_serial.v:48$510'.
  created $dff cell `$procdff$1978' with positive edge clock.
Creating register for signal `$paramod$6085b43887461f415fc1e73c50c74bca22d1d63a\conv1d_large_serial.\history[43]' using process `$paramod$6085b43887461f415fc1e73c50c74bca22d1d63a\conv1d_large_serial.$proc$conv1d_large_serial.v:48$510'.
  created $dff cell `$procdff$1979' with positive edge clock.
Creating register for signal `$paramod$6085b43887461f415fc1e73c50c74bca22d1d63a\conv1d_large_serial.\history[44]' using process `$paramod$6085b43887461f415fc1e73c50c74bca22d1d63a\conv1d_large_serial.$proc$conv1d_large_serial.v:48$510'.
  created $dff cell `$procdff$1980' with positive edge clock.
Creating register for signal `$paramod$6085b43887461f415fc1e73c50c74bca22d1d63a\conv1d_large_serial.\history[45]' using process `$paramod$6085b43887461f415fc1e73c50c74bca22d1d63a\conv1d_large_serial.$proc$conv1d_large_serial.v:48$510'.
  created $dff cell `$procdff$1981' with positive edge clock.
Creating register for signal `$paramod$6085b43887461f415fc1e73c50c74bca22d1d63a\conv1d_large_serial.\history[46]' using process `$paramod$6085b43887461f415fc1e73c50c74bca22d1d63a\conv1d_large_serial.$proc$conv1d_large_serial.v:48$510'.
  created $dff cell `$procdff$1982' with positive edge clock.
Creating register for signal `$paramod$6085b43887461f415fc1e73c50c74bca22d1d63a\conv1d_large_serial.\history[47]' using process `$paramod$6085b43887461f415fc1e73c50c74bca22d1d63a\conv1d_large_serial.$proc$conv1d_large_serial.v:48$510'.
  created $dff cell `$procdff$1983' with positive edge clock.
Creating register for signal `$paramod$6085b43887461f415fc1e73c50c74bca22d1d63a\conv1d_large_serial.\history[48]' using process `$paramod$6085b43887461f415fc1e73c50c74bca22d1d63a\conv1d_large_serial.$proc$conv1d_large_serial.v:48$510'.
  created $dff cell `$procdff$1984' with positive edge clock.
Creating register for signal `$paramod$6085b43887461f415fc1e73c50c74bca22d1d63a\conv1d_large_serial.\history[49]' using process `$paramod$6085b43887461f415fc1e73c50c74bca22d1d63a\conv1d_large_serial.$proc$conv1d_large_serial.v:48$510'.
  created $dff cell `$procdff$1985' with positive edge clock.
Creating register for signal `$paramod$6085b43887461f415fc1e73c50c74bca22d1d63a\conv1d_large_serial.\history[50]' using process `$paramod$6085b43887461f415fc1e73c50c74bca22d1d63a\conv1d_large_serial.$proc$conv1d_large_serial.v:48$510'.
  created $dff cell `$procdff$1986' with positive edge clock.
Creating register for signal `$paramod$6085b43887461f415fc1e73c50c74bca22d1d63a\conv1d_large_serial.\history[51]' using process `$paramod$6085b43887461f415fc1e73c50c74bca22d1d63a\conv1d_large_serial.$proc$conv1d_large_serial.v:48$510'.
  created $dff cell `$procdff$1987' with positive edge clock.
Creating register for signal `$paramod$6085b43887461f415fc1e73c50c74bca22d1d63a\conv1d_large_serial.\history[52]' using process `$paramod$6085b43887461f415fc1e73c50c74bca22d1d63a\conv1d_large_serial.$proc$conv1d_large_serial.v:48$510'.
  created $dff cell `$procdff$1988' with positive edge clock.
Creating register for signal `$paramod$6085b43887461f415fc1e73c50c74bca22d1d63a\conv1d_large_serial.\history[53]' using process `$paramod$6085b43887461f415fc1e73c50c74bca22d1d63a\conv1d_large_serial.$proc$conv1d_large_serial.v:48$510'.
  created $dff cell `$procdff$1989' with positive edge clock.
Creating register for signal `$paramod$6085b43887461f415fc1e73c50c74bca22d1d63a\conv1d_large_serial.\history[54]' using process `$paramod$6085b43887461f415fc1e73c50c74bca22d1d63a\conv1d_large_serial.$proc$conv1d_large_serial.v:48$510'.
  created $dff cell `$procdff$1990' with positive edge clock.
Creating register for signal `$paramod$6085b43887461f415fc1e73c50c74bca22d1d63a\conv1d_large_serial.\history[55]' using process `$paramod$6085b43887461f415fc1e73c50c74bca22d1d63a\conv1d_large_serial.$proc$conv1d_large_serial.v:48$510'.
  created $dff cell `$procdff$1991' with positive edge clock.
Creating register for signal `$paramod$6085b43887461f415fc1e73c50c74bca22d1d63a\conv1d_large_serial.\history[56]' using process `$paramod$6085b43887461f415fc1e73c50c74bca22d1d63a\conv1d_large_serial.$proc$conv1d_large_serial.v:48$510'.
  created $dff cell `$procdff$1992' with positive edge clock.
Creating register for signal `$paramod$6085b43887461f415fc1e73c50c74bca22d1d63a\conv1d_large_serial.\history[57]' using process `$paramod$6085b43887461f415fc1e73c50c74bca22d1d63a\conv1d_large_serial.$proc$conv1d_large_serial.v:48$510'.
  created $dff cell `$procdff$1993' with positive edge clock.
Creating register for signal `$paramod$6085b43887461f415fc1e73c50c74bca22d1d63a\conv1d_large_serial.\history[58]' using process `$paramod$6085b43887461f415fc1e73c50c74bca22d1d63a\conv1d_large_serial.$proc$conv1d_large_serial.v:48$510'.
  created $dff cell `$procdff$1994' with positive edge clock.
Creating register for signal `$paramod$6085b43887461f415fc1e73c50c74bca22d1d63a\conv1d_large_serial.\history[59]' using process `$paramod$6085b43887461f415fc1e73c50c74bca22d1d63a\conv1d_large_serial.$proc$conv1d_large_serial.v:48$510'.
  created $dff cell `$procdff$1995' with positive edge clock.
Creating register for signal `$paramod$6085b43887461f415fc1e73c50c74bca22d1d63a\conv1d_large_serial.\history[60]' using process `$paramod$6085b43887461f415fc1e73c50c74bca22d1d63a\conv1d_large_serial.$proc$conv1d_large_serial.v:48$510'.
  created $dff cell `$procdff$1996' with positive edge clock.
Creating register for signal `$paramod$6085b43887461f415fc1e73c50c74bca22d1d63a\conv1d_large_serial.\history[61]' using process `$paramod$6085b43887461f415fc1e73c50c74bca22d1d63a\conv1d_large_serial.$proc$conv1d_large_serial.v:48$510'.
  created $dff cell `$procdff$1997' with positive edge clock.
Creating register for signal `$paramod$6085b43887461f415fc1e73c50c74bca22d1d63a\conv1d_large_serial.\history[62]' using process `$paramod$6085b43887461f415fc1e73c50c74bca22d1d63a\conv1d_large_serial.$proc$conv1d_large_serial.v:48$510'.
  created $dff cell `$procdff$1998' with positive edge clock.
Creating register for signal `$paramod$6085b43887461f415fc1e73c50c74bca22d1d63a\conv1d_large_serial.\tap[32]' using process `$paramod$6085b43887461f415fc1e73c50c74bca22d1d63a\conv1d_large_serial.$proc$conv1d_large_serial.v:48$510'.
  created $dff cell `$procdff$1999' with positive edge clock.
Creating register for signal `$paramod$6085b43887461f415fc1e73c50c74bca22d1d63a\conv1d_large_serial.\tap[33]' using process `$paramod$6085b43887461f415fc1e73c50c74bca22d1d63a\conv1d_large_serial.$proc$conv1d_large_serial.v:48$510'.
  created $dff cell `$procdff$2000' with positive edge clock.
Creating register for signal `$paramod$6085b43887461f415fc1e73c50c74bca22d1d63a\conv1d_large_serial.\tap[34]' using process `$paramod$6085b43887461f415fc1e73c50c74bca22d1d63a\conv1d_large_serial.$proc$conv1d_large_serial.v:48$510'.
  created $dff cell `$procdff$2001' with positive edge clock.
Creating register for signal `$paramod$6085b43887461f415fc1e73c50c74bca22d1d63a\conv1d_large_serial.\tap[35]' using process `$paramod$6085b43887461f415fc1e73c50c74bca22d1d63a\conv1d_large_serial.$proc$conv1d_large_serial.v:48$510'.
  created $dff cell `$procdff$2002' with positive edge clock.
Creating register for signal `$paramod$6085b43887461f415fc1e73c50c74bca22d1d63a\conv1d_large_serial.\tap[36]' using process `$paramod$6085b43887461f415fc1e73c50c74bca22d1d63a\conv1d_large_serial.$proc$conv1d_large_serial.v:48$510'.
  created $dff cell `$procdff$2003' with positive edge clock.
Creating register for signal `$paramod$6085b43887461f415fc1e73c50c74bca22d1d63a\conv1d_large_serial.\tap[37]' using process `$paramod$6085b43887461f415fc1e73c50c74bca22d1d63a\conv1d_large_serial.$proc$conv1d_large_serial.v:48$510'.
  created $dff cell `$procdff$2004' with positive edge clock.
Creating register for signal `$paramod$6085b43887461f415fc1e73c50c74bca22d1d63a\conv1d_large_serial.\tap[38]' using process `$paramod$6085b43887461f415fc1e73c50c74bca22d1d63a\conv1d_large_serial.$proc$conv1d_large_serial.v:48$510'.
  created $dff cell `$procdff$2005' with positive edge clock.
Creating register for signal `$paramod$6085b43887461f415fc1e73c50c74bca22d1d63a\conv1d_large_serial.\tap[39]' using process `$paramod$6085b43887461f415fc1e73c50c74bca22d1d63a\conv1d_large_serial.$proc$conv1d_large_serial.v:48$510'.
  created $dff cell `$procdff$2006' with positive edge clock.
Creating register for signal `$paramod$6085b43887461f415fc1e73c50c74bca22d1d63a\conv1d_large_serial.\tap[40]' using process `$paramod$6085b43887461f415fc1e73c50c74bca22d1d63a\conv1d_large_serial.$proc$conv1d_large_serial.v:48$510'.
  created $dff cell `$procdff$2007' with positive edge clock.
Creating register for signal `$paramod$6085b43887461f415fc1e73c50c74bca22d1d63a\conv1d_large_serial.\tap[41]' using process `$paramod$6085b43887461f415fc1e73c50c74bca22d1d63a\conv1d_large_serial.$proc$conv1d_large_serial.v:48$510'.
  created $dff cell `$procdff$2008' with positive edge clock.
Creating register for signal `$paramod$6085b43887461f415fc1e73c50c74bca22d1d63a\conv1d_large_serial.\tap[42]' using process `$paramod$6085b43887461f415fc1e73c50c74bca22d1d63a\conv1d_large_serial.$proc$conv1d_large_serial.v:48$510'.
  created $dff cell `$procdff$2009' with positive edge clock.
Creating register for signal `$paramod$6085b43887461f415fc1e73c50c74bca22d1d63a\conv1d_large_serial.\tap[43]' using process `$paramod$6085b43887461f415fc1e73c50c74bca22d1d63a\conv1d_large_serial.$proc$conv1d_large_serial.v:48$510'.
  created $dff cell `$procdff$2010' with positive edge clock.
Creating register for signal `$paramod$6085b43887461f415fc1e73c50c74bca22d1d63a\conv1d_large_serial.\tap[44]' using process `$paramod$6085b43887461f415fc1e73c50c74bca22d1d63a\conv1d_large_serial.$proc$conv1d_large_serial.v:48$510'.
  created $dff cell `$procdff$2011' with positive edge clock.
Creating register for signal `$paramod$6085b43887461f415fc1e73c50c74bca22d1d63a\conv1d_large_serial.\tap[45]' using process `$paramod$6085b43887461f415fc1e73c50c74bca22d1d63a\conv1d_large_serial.$proc$conv1d_large_serial.v:48$510'.
  created $dff cell `$procdff$2012' with positive edge clock.
Creating register for signal `$paramod$6085b43887461f415fc1e73c50c74bca22d1d63a\conv1d_large_serial.\tap[46]' using process `$paramod$6085b43887461f415fc1e73c50c74bca22d1d63a\conv1d_large_serial.$proc$conv1d_large_serial.v:48$510'.
  created $dff cell `$procdff$2013' with positive edge clock.
Creating register for signal `$paramod$6085b43887461f415fc1e73c50c74bca22d1d63a\conv1d_large_serial.\tap[47]' using process `$paramod$6085b43887461f415fc1e73c50c74bca22d1d63a\conv1d_large_serial.$proc$conv1d_large_serial.v:48$510'.
  created $dff cell `$procdff$2014' with positive edge clock.
Creating register for signal `$paramod$6085b43887461f415fc1e73c50c74bca22d1d63a\conv1d_large_serial.\tap[48]' using process `$paramod$6085b43887461f415fc1e73c50c74bca22d1d63a\conv1d_large_serial.$proc$conv1d_large_serial.v:48$510'.
  created $dff cell `$procdff$2015' with positive edge clock.
Creating register for signal `$paramod$6085b43887461f415fc1e73c50c74bca22d1d63a\conv1d_large_serial.\tap[49]' using process `$paramod$6085b43887461f415fc1e73c50c74bca22d1d63a\conv1d_large_serial.$proc$conv1d_large_serial.v:48$510'.
  created $dff cell `$procdff$2016' with positive edge clock.
Creating register for signal `$paramod$6085b43887461f415fc1e73c50c74bca22d1d63a\conv1d_large_serial.\tap[50]' using process `$paramod$6085b43887461f415fc1e73c50c74bca22d1d63a\conv1d_large_serial.$proc$conv1d_large_serial.v:48$510'.
  created $dff cell `$procdff$2017' with positive edge clock.
Creating register for signal `$paramod$6085b43887461f415fc1e73c50c74bca22d1d63a\conv1d_large_serial.\tap[51]' using process `$paramod$6085b43887461f415fc1e73c50c74bca22d1d63a\conv1d_large_serial.$proc$conv1d_large_serial.v:48$510'.
  created $dff cell `$procdff$2018' with positive edge clock.
Creating register for signal `$paramod$6085b43887461f415fc1e73c50c74bca22d1d63a\conv1d_large_serial.\tap[52]' using process `$paramod$6085b43887461f415fc1e73c50c74bca22d1d63a\conv1d_large_serial.$proc$conv1d_large_serial.v:48$510'.
  created $dff cell `$procdff$2019' with positive edge clock.
Creating register for signal `$paramod$6085b43887461f415fc1e73c50c74bca22d1d63a\conv1d_large_serial.\tap[53]' using process `$paramod$6085b43887461f415fc1e73c50c74bca22d1d63a\conv1d_large_serial.$proc$conv1d_large_serial.v:48$510'.
  created $dff cell `$procdff$2020' with positive edge clock.
Creating register for signal `$paramod$6085b43887461f415fc1e73c50c74bca22d1d63a\conv1d_large_serial.\tap[54]' using process `$paramod$6085b43887461f415fc1e73c50c74bca22d1d63a\conv1d_large_serial.$proc$conv1d_large_serial.v:48$510'.
  created $dff cell `$procdff$2021' with positive edge clock.
Creating register for signal `$paramod$6085b43887461f415fc1e73c50c74bca22d1d63a\conv1d_large_serial.\tap[55]' using process `$paramod$6085b43887461f415fc1e73c50c74bca22d1d63a\conv1d_large_serial.$proc$conv1d_large_serial.v:48$510'.
  created $dff cell `$procdff$2022' with positive edge clock.
Creating register for signal `$paramod$6085b43887461f415fc1e73c50c74bca22d1d63a\conv1d_large_serial.\tap[56]' using process `$paramod$6085b43887461f415fc1e73c50c74bca22d1d63a\conv1d_large_serial.$proc$conv1d_large_serial.v:48$510'.
  created $dff cell `$procdff$2023' with positive edge clock.
Creating register for signal `$paramod$6085b43887461f415fc1e73c50c74bca22d1d63a\conv1d_large_serial.\tap[57]' using process `$paramod$6085b43887461f415fc1e73c50c74bca22d1d63a\conv1d_large_serial.$proc$conv1d_large_serial.v:48$510'.
  created $dff cell `$procdff$2024' with positive edge clock.
Creating register for signal `$paramod$6085b43887461f415fc1e73c50c74bca22d1d63a\conv1d_large_serial.\tap[58]' using process `$paramod$6085b43887461f415fc1e73c50c74bca22d1d63a\conv1d_large_serial.$proc$conv1d_large_serial.v:48$510'.
  created $dff cell `$procdff$2025' with positive edge clock.
Creating register for signal `$paramod$6085b43887461f415fc1e73c50c74bca22d1d63a\conv1d_large_serial.\tap[59]' using process `$paramod$6085b43887461f415fc1e73c50c74bca22d1d63a\conv1d_large_serial.$proc$conv1d_large_serial.v:48$510'.
  created $dff cell `$procdff$2026' with positive edge clock.
Creating register for signal `$paramod$6085b43887461f415fc1e73c50c74bca22d1d63a\conv1d_large_serial.\tap[60]' using process `$paramod$6085b43887461f415fc1e73c50c74bca22d1d63a\conv1d_large_serial.$proc$conv1d_large_serial.v:48$510'.
  created $dff cell `$procdff$2027' with positive edge clock.
Creating register for signal `$paramod$6085b43887461f415fc1e73c50c74bca22d1d63a\conv1d_large_serial.\tap[61]' using process `$paramod$6085b43887461f415fc1e73c50c74bca22d1d63a\conv1d_large_serial.$proc$conv1d_large_serial.v:48$510'.
  created $dff cell `$procdff$2028' with positive edge clock.
Creating register for signal `$paramod$6085b43887461f415fc1e73c50c74bca22d1d63a\conv1d_large_serial.\tap[62]' using process `$paramod$6085b43887461f415fc1e73c50c74bca22d1d63a\conv1d_large_serial.$proc$conv1d_large_serial.v:48$510'.
  created $dff cell `$procdff$2029' with positive edge clock.
Creating register for signal `$paramod$6085b43887461f415fc1e73c50c74bca22d1d63a\conv1d_large_serial.\tap[63]' using process `$paramod$6085b43887461f415fc1e73c50c74bca22d1d63a\conv1d_large_serial.$proc$conv1d_large_serial.v:48$510'.
  created $dff cell `$procdff$2030' with positive edge clock.
Creating register for signal `$paramod$6085b43887461f415fc1e73c50c74bca22d1d63a\conv1d_large_serial.$mem2reg_rd$\tap$conv1d_large_serial.v:80$507_ADDR' using process `$paramod$6085b43887461f415fc1e73c50c74bca22d1d63a\conv1d_large_serial.$proc$conv1d_large_serial.v:48$510'.
  created $dff cell `$procdff$2031' with positive edge clock.
Creating register for signal `$paramod$6085b43887461f415fc1e73c50c74bca22d1d63a\conv1d_large_serial.$mem2reg_rd$\tap$conv1d_large_serial.v:80$507_DATA' using process `$paramod$6085b43887461f415fc1e73c50c74bca22d1d63a\conv1d_large_serial.$proc$conv1d_large_serial.v:48$510'.
  created $dff cell `$procdff$2032' with positive edge clock.
Creating register for signal `$paramod$6085b43887461f415fc1e73c50c74bca22d1d63a\conv1d_large_serial.$mem2reg_rd$\tap$conv1d_large_serial.v:85$508_ADDR' using process `$paramod$6085b43887461f415fc1e73c50c74bca22d1d63a\conv1d_large_serial.$proc$conv1d_large_serial.v:48$510'.
  created $dff cell `$procdff$2033' with positive edge clock.
Creating register for signal `$paramod$6085b43887461f415fc1e73c50c74bca22d1d63a\conv1d_large_serial.$mem2reg_rd$\tap$conv1d_large_serial.v:85$508_DATA' using process `$paramod$6085b43887461f415fc1e73c50c74bca22d1d63a\conv1d_large_serial.$proc$conv1d_large_serial.v:48$510'.
  created $dff cell `$procdff$2034' with positive edge clock.

5.3.10. Executing PROC_MEMWR pass (convert process memory writes to cells).

5.3.11. Executing PROC_CLEAN pass (remove empty switches from decision trees).
Removing empty process `SB_DFFNES.$proc$/opt/homebrew/bin/../share/yosys/ice40/cells_sim.v:0$308'.
Found and cleaned up 1 empty switch in `\SB_DFFNES.$proc$/opt/homebrew/bin/../share/yosys/ice40/cells_sim.v:1414$305'.
Removing empty process `SB_DFFNES.$proc$/opt/homebrew/bin/../share/yosys/ice40/cells_sim.v:1414$305'.
Removing empty process `SB_DFFNESS.$proc$/opt/homebrew/bin/../share/yosys/ice40/cells_sim.v:0$304'.
Found and cleaned up 2 empty switches in `\SB_DFFNESS.$proc$/opt/homebrew/bin/../share/yosys/ice40/cells_sim.v:1353$298'.
Removing empty process `SB_DFFNESS.$proc$/opt/homebrew/bin/../share/yosys/ice40/cells_sim.v:1353$298'.
Removing empty process `SB_DFFNER.$proc$/opt/homebrew/bin/../share/yosys/ice40/cells_sim.v:0$297'.
Found and cleaned up 1 empty switch in `\SB_DFFNER.$proc$/opt/homebrew/bin/../share/yosys/ice40/cells_sim.v:1273$294'.
Removing empty process `SB_DFFNER.$proc$/opt/homebrew/bin/../share/yosys/ice40/cells_sim.v:1273$294'.
Removing empty process `SB_DFFNESR.$proc$/opt/homebrew/bin/../share/yosys/ice40/cells_sim.v:0$293'.
Found and cleaned up 2 empty switches in `\SB_DFFNESR.$proc$/opt/homebrew/bin/../share/yosys/ice40/cells_sim.v:1212$287'.
Removing empty process `SB_DFFNESR.$proc$/opt/homebrew/bin/../share/yosys/ice40/cells_sim.v:1212$287'.
Removing empty process `SB_DFFNS.$proc$/opt/homebrew/bin/../share/yosys/ice40/cells_sim.v:0$286'.
Removing empty process `SB_DFFNS.$proc$/opt/homebrew/bin/../share/yosys/ice40/cells_sim.v:1138$284'.
Removing empty process `SB_DFFNSS.$proc$/opt/homebrew/bin/../share/yosys/ice40/cells_sim.v:0$283'.
Found and cleaned up 1 empty switch in `\SB_DFFNSS.$proc$/opt/homebrew/bin/../share/yosys/ice40/cells_sim.v:1088$281'.
Removing empty process `SB_DFFNSS.$proc$/opt/homebrew/bin/../share/yosys/ice40/cells_sim.v:1088$281'.
Removing empty process `SB_DFFNR.$proc$/opt/homebrew/bin/../share/yosys/ice40/cells_sim.v:0$280'.
Removing empty process `SB_DFFNR.$proc$/opt/homebrew/bin/../share/yosys/ice40/cells_sim.v:1017$278'.
Removing empty process `SB_DFFNSR.$proc$/opt/homebrew/bin/../share/yosys/ice40/cells_sim.v:0$277'.
Found and cleaned up 1 empty switch in `\SB_DFFNSR.$proc$/opt/homebrew/bin/../share/yosys/ice40/cells_sim.v:967$275'.
Removing empty process `SB_DFFNSR.$proc$/opt/homebrew/bin/../share/yosys/ice40/cells_sim.v:967$275'.
Removing empty process `SB_DFFNE.$proc$/opt/homebrew/bin/../share/yosys/ice40/cells_sim.v:0$274'.
Found and cleaned up 1 empty switch in `\SB_DFFNE.$proc$/opt/homebrew/bin/../share/yosys/ice40/cells_sim.v:922$273'.
Removing empty process `SB_DFFNE.$proc$/opt/homebrew/bin/../share/yosys/ice40/cells_sim.v:922$273'.
Removing empty process `SB_DFFN.$proc$/opt/homebrew/bin/../share/yosys/ice40/cells_sim.v:0$272'.
Removing empty process `SB_DFFN.$proc$/opt/homebrew/bin/../share/yosys/ice40/cells_sim.v:882$271'.
Removing empty process `SB_DFFES.$proc$/opt/homebrew/bin/../share/yosys/ice40/cells_sim.v:0$270'.
Found and cleaned up 1 empty switch in `\SB_DFFES.$proc$/opt/homebrew/bin/../share/yosys/ice40/cells_sim.v:803$267'.
Removing empty process `SB_DFFES.$proc$/opt/homebrew/bin/../share/yosys/ice40/cells_sim.v:803$267'.
Removing empty process `SB_DFFESS.$proc$/opt/homebrew/bin/../share/yosys/ice40/cells_sim.v:0$266'.
Found and cleaned up 2 empty switches in `\SB_DFFESS.$proc$/opt/homebrew/bin/../share/yosys/ice40/cells_sim.v:742$260'.
Removing empty process `SB_DFFESS.$proc$/opt/homebrew/bin/../share/yosys/ice40/cells_sim.v:742$260'.
Removing empty process `SB_DFFER.$proc$/opt/homebrew/bin/../share/yosys/ice40/cells_sim.v:0$259'.
Found and cleaned up 1 empty switch in `\SB_DFFER.$proc$/opt/homebrew/bin/../share/yosys/ice40/cells_sim.v:662$256'.
Removing empty process `SB_DFFER.$proc$/opt/homebrew/bin/../share/yosys/ice40/cells_sim.v:662$256'.
Removing empty process `SB_DFFESR.$proc$/opt/homebrew/bin/../share/yosys/ice40/cells_sim.v:0$255'.
Found and cleaned up 2 empty switches in `\SB_DFFESR.$proc$/opt/homebrew/bin/../share/yosys/ice40/cells_sim.v:601$249'.
Removing empty process `SB_DFFESR.$proc$/opt/homebrew/bin/../share/yosys/ice40/cells_sim.v:601$249'.
Removing empty process `SB_DFFS.$proc$/opt/homebrew/bin/../share/yosys/ice40/cells_sim.v:0$248'.
Removing empty process `SB_DFFS.$proc$/opt/homebrew/bin/../share/yosys/ice40/cells_sim.v:527$246'.
Removing empty process `SB_DFFSS.$proc$/opt/homebrew/bin/../share/yosys/ice40/cells_sim.v:0$245'.
Found and cleaned up 1 empty switch in `\SB_DFFSS.$proc$/opt/homebrew/bin/../share/yosys/ice40/cells_sim.v:477$243'.
Removing empty process `SB_DFFSS.$proc$/opt/homebrew/bin/../share/yosys/ice40/cells_sim.v:477$243'.
Removing empty process `SB_DFFR.$proc$/opt/homebrew/bin/../share/yosys/ice40/cells_sim.v:0$242'.
Removing empty process `SB_DFFR.$proc$/opt/homebrew/bin/../share/yosys/ice40/cells_sim.v:406$240'.
Removing empty process `SB_DFFSR.$proc$/opt/homebrew/bin/../share/yosys/ice40/cells_sim.v:0$239'.
Found and cleaned up 1 empty switch in `\SB_DFFSR.$proc$/opt/homebrew/bin/../share/yosys/ice40/cells_sim.v:356$237'.
Removing empty process `SB_DFFSR.$proc$/opt/homebrew/bin/../share/yosys/ice40/cells_sim.v:356$237'.
Removing empty process `SB_DFFE.$proc$/opt/homebrew/bin/../share/yosys/ice40/cells_sim.v:0$236'.
Found and cleaned up 1 empty switch in `\SB_DFFE.$proc$/opt/homebrew/bin/../share/yosys/ice40/cells_sim.v:311$235'.
Removing empty process `SB_DFFE.$proc$/opt/homebrew/bin/../share/yosys/ice40/cells_sim.v:311$235'.
Removing empty process `SB_DFF.$proc$/opt/homebrew/bin/../share/yosys/ice40/cells_sim.v:0$234'.
Removing empty process `SB_DFF.$proc$/opt/homebrew/bin/../share/yosys/ice40/cells_sim.v:271$233'.
Found and cleaned up 8 empty switches in `$paramod$6085b43887461f415fc1e73c50c74bca22d1d63a\conv1d_large_serial.$proc$conv1d_large_serial.v:48$510'.
Removing empty process `$paramod$6085b43887461f415fc1e73c50c74bca22d1d63a\conv1d_large_serial.$proc$conv1d_large_serial.v:48$510'.
Cleaned up 26 empty switches.

5.3.12. Executing OPT_EXPR pass (perform const folding).
Optimizing module conv1d_large_benchmark_top.
Optimizing module $paramod$6085b43887461f415fc1e73c50c74bca22d1d63a\conv1d_large_engine.
Optimizing module $paramod$6085b43887461f415fc1e73c50c74bca22d1d63a\conv1d_large_serial.
<suppressed ~2 debug messages>

5.4. Executing FLATTEN pass (flatten design).
Deleting now unused module $paramod$6085b43887461f415fc1e73c50c74bca22d1d63a\conv1d_large_engine.
Deleting now unused module $paramod$6085b43887461f415fc1e73c50c74bca22d1d63a\conv1d_large_serial.
<suppressed ~2 debug messages>

5.5. Executing TRIBUF pass.

5.6. Executing DEMINOUT pass (demote inout ports to input or output).

5.7. Executing OPT_EXPR pass (perform const folding).
Optimizing module conv1d_large_benchmark_top.
<suppressed ~4 debug messages>

5.8. Executing OPT_CLEAN pass (remove unused cells and wires).
Finding unused cells or wires in module \conv1d_large_benchmark_top..
Removed 94 unused cells and 651 unused wires.
<suppressed ~100 debug messages>

5.9. Executing CHECK pass (checking for obvious problems).
Checking module conv1d_large_benchmark_top...
Found and reported 0 problems.

5.10. Executing OPT pass (performing simple optimizations).

5.10.1. Executing OPT_EXPR pass (perform const folding).
Optimizing module conv1d_large_benchmark_top.

5.10.2. Executing OPT_MERGE pass (detect identical cells).
Finding identical cells in module `\conv1d_large_benchmark_top'.
<suppressed ~213 debug messages>
Removed a total of 71 cells.

5.10.3. Executing OPT_MUXTREE pass (detect dead branches in mux trees).
Running muxtree optimizer on module \conv1d_large_benchmark_top..
  Creating internal representation of mux trees.
  Evaluating internal representation of mux trees.
      Replacing known input bits on port A of cell $flatten\conv.\impl.$procmux$1830: \conv.impl.busy -> 1'0
      Replacing known input bits on port A of cell $flatten\conv.\impl.$procmux$1828: \conv.impl.busy -> 1'1
  Analyzing evaluation results.
Removed 0 multiplexer ports.
<suppressed ~136 debug messages>

5.10.4. Executing OPT_REDUCE pass (consolidate $*mux and $reduce_* inputs).
  Optimizing cells in module \conv1d_large_benchmark_top.
    New ctrl vector for $pmux cell $flatten\conv.\impl.$procmux$688: { $flatten\conv.\impl.$procmux$694_CMP $flatten\conv.\impl.$procmux$693_CMP $flatten\conv.\impl.$procmux$692_CMP $flatten\conv.\impl.$procmux$690_CMP $auto$opt_reduce.cc:134:opt_pmux$2048 }
    New ctrl vector for $pmux cell $flatten\conv.\impl.$procmux$786: { $flatten\conv.\impl.$procmux$694_CMP $flatten\conv.\impl.$procmux$693_CMP $flatten\conv.\impl.$procmux$692_CMP $flatten\conv.\impl.$procmux$690_CMP $auto$opt_reduce.cc:134:opt_pmux$2050 }
  Optimizing cells in module \conv1d_large_benchmark_top.
Performed a total of 2 changes.

5.10.5. Executing OPT_MERGE pass (detect identical cells).
Finding identical cells in module `\conv1d_large_benchmark_top'.
<suppressed ~9 debug messages>
Removed a total of 3 cells.

5.10.6. Executing OPT_DFF pass (perform DFF optimizations).

5.10.7. Executing OPT_CLEAN pass (remove unused cells and wires).
Finding unused cells or wires in module \conv1d_large_benchmark_top..
Removed 0 unused cells and 74 unused wires.
<suppressed ~1 debug messages>

5.10.8. Executing OPT_EXPR pass (perform const folding).
Optimizing module conv1d_large_benchmark_top.

5.10.9. Rerunning OPT passes. (Maybe there is more to do..)

5.10.10. Executing OPT_MUXTREE pass (detect dead branches in mux trees).
Running muxtree optimizer on module \conv1d_large_benchmark_top..
  Creating internal representation of mux trees.
  Evaluating internal representation of mux trees.
  Analyzing evaluation results.
Removed 0 multiplexer ports.
<suppressed ~138 debug messages>

5.10.11. Executing OPT_REDUCE pass (consolidate $*mux and $reduce_* inputs).
  Optimizing cells in module \conv1d_large_benchmark_top.
Performed a total of 0 changes.

5.10.12. Executing OPT_MERGE pass (detect identical cells).
Finding identical cells in module `\conv1d_large_benchmark_top'.
Removed a total of 0 cells.

5.10.13. Executing OPT_DFF pass (perform DFF optimizations).

5.10.14. Executing OPT_CLEAN pass (remove unused cells and wires).
Finding unused cells or wires in module \conv1d_large_benchmark_top..

5.10.15. Executing OPT_EXPR pass (perform const folding).
Optimizing module conv1d_large_benchmark_top.

5.10.16. Finished OPT passes. (There is nothing left to do.)

5.11. Executing FSM pass (extract and optimize FSM).

5.11.1. Executing FSM_DETECT pass (finding FSMs in design).

5.11.2. Executing FSM_EXTRACT pass (extracting FSM from design).

5.11.3. Executing FSM_OPT pass (simple optimizations of FSMs).

5.11.4. Executing OPT_CLEAN pass (remove unused cells and wires).
Finding unused cells or wires in module \conv1d_large_benchmark_top..

5.11.5. Executing FSM_OPT pass (simple optimizations of FSMs).

5.11.6. Executing FSM_RECODE pass (re-assigning FSM state encoding).

5.11.7. Executing FSM_INFO pass (dumping all available information on FSM cells).

5.11.8. Executing FSM_MAP pass (mapping FSMs to basic logic).

5.12. Executing OPT pass (performing simple optimizations).

5.12.1. Executing OPT_EXPR pass (perform const folding).
Optimizing module conv1d_large_benchmark_top.

5.12.2. Executing OPT_MERGE pass (detect identical cells).
Finding identical cells in module `\conv1d_large_benchmark_top'.
Removed a total of 0 cells.

5.12.3. Executing OPT_MUXTREE pass (detect dead branches in mux trees).
Running muxtree optimizer on module \conv1d_large_benchmark_top..
  Creating internal representation of mux trees.
  Evaluating internal representation of mux trees.
  Analyzing evaluation results.
Removed 0 multiplexer ports.
<suppressed ~138 debug messages>

5.12.4. Executing OPT_REDUCE pass (consolidate $*mux and $reduce_* inputs).
  Optimizing cells in module \conv1d_large_benchmark_top.
Performed a total of 0 changes.

5.12.5. Executing OPT_MERGE pass (detect identical cells).
Finding identical cells in module `\conv1d_large_benchmark_top'.
Removed a total of 0 cells.

5.12.6. Executing OPT_DFF pass (perform DFF optimizations).
Adding SRST signal on $flatten\conv.\impl.$procdff$2030 ($dff) from module conv1d_large_benchmark_top (D = $flatten\conv.\impl.$procmux$1065_Y, Q = \conv.impl.tap[63], rval = 8'00000000).
Adding EN signal on $auto$ff.cc:266:slice$2051 ($sdff) from module conv1d_large_benchmark_top (D = \conv.impl.history[62], Q = \conv.impl.tap[63]).
Adding SRST signal on $flatten\conv.\impl.$procdff$2029 ($dff) from module conv1d_large_benchmark_top (D = $flatten\conv.\impl.$procmux$1071_Y, Q = \conv.impl.tap[62], rval = 8'00000000).
Adding EN signal on $auto$ff.cc:266:slice$2053 ($sdff) from module conv1d_large_benchmark_top (D = \conv.impl.history[61], Q = \conv.impl.tap[62]).
Adding SRST signal on $flatten\conv.\impl.$procdff$2028 ($dff) from module conv1d_large_benchmark_top (D = $flatten\conv.\impl.$procmux$1077_Y, Q = \conv.impl.tap[61], rval = 8'00000000).
Adding EN signal on $auto$ff.cc:266:slice$2055 ($sdff) from module conv1d_large_benchmark_top (D = \conv.impl.history[60], Q = \conv.impl.tap[61]).
Adding SRST signal on $flatten\conv.\impl.$procdff$2027 ($dff) from module conv1d_large_benchmark_top (D = $flatten\conv.\impl.$procmux$1083_Y, Q = \conv.impl.tap[60], rval = 8'00000000).
Adding EN signal on $auto$ff.cc:266:slice$2057 ($sdff) from module conv1d_large_benchmark_top (D = \conv.impl.history[59], Q = \conv.impl.tap[60]).
Adding SRST signal on $flatten\conv.\impl.$procdff$2026 ($dff) from module conv1d_large_benchmark_top (D = $flatten\conv.\impl.$procmux$1089_Y, Q = \conv.impl.tap[59], rval = 8'00000000).
Adding EN signal on $auto$ff.cc:266:slice$2059 ($sdff) from module conv1d_large_benchmark_top (D = \conv.impl.history[58], Q = \conv.impl.tap[59]).
Adding SRST signal on $flatten\conv.\impl.$procdff$2025 ($dff) from module conv1d_large_benchmark_top (D = $flatten\conv.\impl.$procmux$1095_Y, Q = \conv.impl.tap[58], rval = 8'00000000).
Adding EN signal on $auto$ff.cc:266:slice$2061 ($sdff) from module conv1d_large_benchmark_top (D = \conv.impl.history[57], Q = \conv.impl.tap[58]).
Adding SRST signal on $flatten\conv.\impl.$procdff$2024 ($dff) from module conv1d_large_benchmark_top (D = $flatten\conv.\impl.$procmux$1101_Y, Q = \conv.impl.tap[57], rval = 8'00000000).
Adding EN signal on $auto$ff.cc:266:slice$2063 ($sdff) from module conv1d_large_benchmark_top (D = \conv.impl.history[56], Q = \conv.impl.tap[57]).
Adding SRST signal on $flatten\conv.\impl.$procdff$2023 ($dff) from module conv1d_large_benchmark_top (D = $flatten\conv.\impl.$procmux$1107_Y, Q = \conv.impl.tap[56], rval = 8'00000000).
Adding EN signal on $auto$ff.cc:266:slice$2065 ($sdff) from module conv1d_large_benchmark_top (D = \conv.impl.history[55], Q = \conv.impl.tap[56]).
Adding SRST signal on $flatten\conv.\impl.$procdff$2022 ($dff) from module conv1d_large_benchmark_top (D = $flatten\conv.\impl.$procmux$1113_Y, Q = \conv.impl.tap[55], rval = 8'00000000).
Adding EN signal on $auto$ff.cc:266:slice$2067 ($sdff) from module conv1d_large_benchmark_top (D = \conv.impl.history[54], Q = \conv.impl.tap[55]).
Adding SRST signal on $flatten\conv.\impl.$procdff$2021 ($dff) from module conv1d_large_benchmark_top (D = $flatten\conv.\impl.$procmux$1119_Y, Q = \conv.impl.tap[54], rval = 8'00000000).
Adding EN signal on $auto$ff.cc:266:slice$2069 ($sdff) from module conv1d_large_benchmark_top (D = \conv.impl.history[53], Q = \conv.impl.tap[54]).
Adding SRST signal on $flatten\conv.\impl.$procdff$2020 ($dff) from module conv1d_large_benchmark_top (D = $flatten\conv.\impl.$procmux$1125_Y, Q = \conv.impl.tap[53], rval = 8'00000000).
Adding EN signal on $auto$ff.cc:266:slice$2071 ($sdff) from module conv1d_large_benchmark_top (D = \conv.impl.history[52], Q = \conv.impl.tap[53]).
Adding SRST signal on $flatten\conv.\impl.$procdff$2019 ($dff) from module conv1d_large_benchmark_top (D = $flatten\conv.\impl.$procmux$1131_Y, Q = \conv.impl.tap[52], rval = 8'00000000).
Adding EN signal on $auto$ff.cc:266:slice$2073 ($sdff) from module conv1d_large_benchmark_top (D = \conv.impl.history[51], Q = \conv.impl.tap[52]).
Adding SRST signal on $flatten\conv.\impl.$procdff$2018 ($dff) from module conv1d_large_benchmark_top (D = $flatten\conv.\impl.$procmux$1137_Y, Q = \conv.impl.tap[51], rval = 8'00000000).
Adding EN signal on $auto$ff.cc:266:slice$2075 ($sdff) from module conv1d_large_benchmark_top (D = \conv.impl.history[50], Q = \conv.impl.tap[51]).
Adding SRST signal on $flatten\conv.\impl.$procdff$2017 ($dff) from module conv1d_large_benchmark_top (D = $flatten\conv.\impl.$procmux$1143_Y, Q = \conv.impl.tap[50], rval = 8'00000000).
Adding EN signal on $auto$ff.cc:266:slice$2077 ($sdff) from module conv1d_large_benchmark_top (D = \conv.impl.history[49], Q = \conv.impl.tap[50]).
Adding SRST signal on $flatten\conv.\impl.$procdff$2016 ($dff) from module conv1d_large_benchmark_top (D = $flatten\conv.\impl.$procmux$1149_Y, Q = \conv.impl.tap[49], rval = 8'00000000).
Adding EN signal on $auto$ff.cc:266:slice$2079 ($sdff) from module conv1d_large_benchmark_top (D = \conv.impl.history[48], Q = \conv.impl.tap[49]).
Adding SRST signal on $flatten\conv.\impl.$procdff$2015 ($dff) from module conv1d_large_benchmark_top (D = $flatten\conv.\impl.$procmux$1155_Y, Q = \conv.impl.tap[48], rval = 8'00000000).
Adding EN signal on $auto$ff.cc:266:slice$2081 ($sdff) from module conv1d_large_benchmark_top (D = \conv.impl.history[47], Q = \conv.impl.tap[48]).
Adding SRST signal on $flatten\conv.\impl.$procdff$2014 ($dff) from module conv1d_large_benchmark_top (D = $flatten\conv.\impl.$procmux$1161_Y, Q = \conv.impl.tap[47], rval = 8'00000000).
Adding EN signal on $auto$ff.cc:266:slice$2083 ($sdff) from module conv1d_large_benchmark_top (D = \conv.impl.history[46], Q = \conv.impl.tap[47]).
Adding SRST signal on $flatten\conv.\impl.$procdff$2013 ($dff) from module conv1d_large_benchmark_top (D = $flatten\conv.\impl.$procmux$1167_Y, Q = \conv.impl.tap[46], rval = 8'00000000).
Adding EN signal on $auto$ff.cc:266:slice$2085 ($sdff) from module conv1d_large_benchmark_top (D = \conv.impl.history[45], Q = \conv.impl.tap[46]).
Adding SRST signal on $flatten\conv.\impl.$procdff$2012 ($dff) from module conv1d_large_benchmark_top (D = $flatten\conv.\impl.$procmux$1173_Y, Q = \conv.impl.tap[45], rval = 8'00000000).
Adding EN signal on $auto$ff.cc:266:slice$2087 ($sdff) from module conv1d_large_benchmark_top (D = \conv.impl.history[44], Q = \conv.impl.tap[45]).
Adding SRST signal on $flatten\conv.\impl.$procdff$2011 ($dff) from module conv1d_large_benchmark_top (D = $flatten\conv.\impl.$procmux$1179_Y, Q = \conv.impl.tap[44], rval = 8'00000000).
Adding EN signal on $auto$ff.cc:266:slice$2089 ($sdff) from module conv1d_large_benchmark_top (D = \conv.impl.history[43], Q = \conv.impl.tap[44]).
Adding SRST signal on $flatten\conv.\impl.$procdff$2010 ($dff) from module conv1d_large_benchmark_top (D = $flatten\conv.\impl.$procmux$1185_Y, Q = \conv.impl.tap[43], rval = 8'00000000).
Adding EN signal on $auto$ff.cc:266:slice$2091 ($sdff) from module conv1d_large_benchmark_top (D = \conv.impl.history[42], Q = \conv.impl.tap[43]).
Adding SRST signal on $flatten\conv.\impl.$procdff$2009 ($dff) from module conv1d_large_benchmark_top (D = $flatten\conv.\impl.$procmux$1191_Y, Q = \conv.impl.tap[42], rval = 8'00000000).
Adding EN signal on $auto$ff.cc:266:slice$2093 ($sdff) from module conv1d_large_benchmark_top (D = \conv.impl.history[41], Q = \conv.impl.tap[42]).
Adding SRST signal on $flatten\conv.\impl.$procdff$2008 ($dff) from module conv1d_large_benchmark_top (D = $flatten\conv.\impl.$procmux$1197_Y, Q = \conv.impl.tap[41], rval = 8'00000000).
Adding EN signal on $auto$ff.cc:266:slice$2095 ($sdff) from module conv1d_large_benchmark_top (D = \conv.impl.history[40], Q = \conv.impl.tap[41]).
Adding SRST signal on $flatten\conv.\impl.$procdff$2007 ($dff) from module conv1d_large_benchmark_top (D = $flatten\conv.\impl.$procmux$1203_Y, Q = \conv.impl.tap[40], rval = 8'00000000).
Adding EN signal on $auto$ff.cc:266:slice$2097 ($sdff) from module conv1d_large_benchmark_top (D = \conv.impl.history[39], Q = \conv.impl.tap[40]).
Adding SRST signal on $flatten\conv.\impl.$procdff$2006 ($dff) from module conv1d_large_benchmark_top (D = $flatten\conv.\impl.$procmux$1209_Y, Q = \conv.impl.tap[39], rval = 8'00000000).
Adding EN signal on $auto$ff.cc:266:slice$2099 ($sdff) from module conv1d_large_benchmark_top (D = \conv.impl.history[38], Q = \conv.impl.tap[39]).
Adding SRST signal on $flatten\conv.\impl.$procdff$2005 ($dff) from module conv1d_large_benchmark_top (D = $flatten\conv.\impl.$procmux$1215_Y, Q = \conv.impl.tap[38], rval = 8'00000000).
Adding EN signal on $auto$ff.cc:266:slice$2101 ($sdff) from module conv1d_large_benchmark_top (D = \conv.impl.history[37], Q = \conv.impl.tap[38]).
Adding SRST signal on $flatten\conv.\impl.$procdff$2004 ($dff) from module conv1d_large_benchmark_top (D = $flatten\conv.\impl.$procmux$1221_Y, Q = \conv.impl.tap[37], rval = 8'00000000).
Adding EN signal on $auto$ff.cc:266:slice$2103 ($sdff) from module conv1d_large_benchmark_top (D = \conv.impl.history[36], Q = \conv.impl.tap[37]).
Adding SRST signal on $flatten\conv.\impl.$procdff$2003 ($dff) from module conv1d_large_benchmark_top (D = $flatten\conv.\impl.$procmux$1227_Y, Q = \conv.impl.tap[36], rval = 8'00000000).
Adding EN signal on $auto$ff.cc:266:slice$2105 ($sdff) from module conv1d_large_benchmark_top (D = \conv.impl.history[35], Q = \conv.impl.tap[36]).
Adding SRST signal on $flatten\conv.\impl.$procdff$2002 ($dff) from module conv1d_large_benchmark_top (D = $flatten\conv.\impl.$procmux$1233_Y, Q = \conv.impl.tap[35], rval = 8'00000000).
Adding EN signal on $auto$ff.cc:266:slice$2107 ($sdff) from module conv1d_large_benchmark_top (D = \conv.impl.history[34], Q = \conv.impl.tap[35]).
Adding SRST signal on $flatten\conv.\impl.$procdff$2001 ($dff) from module conv1d_large_benchmark_top (D = $flatten\conv.\impl.$procmux$1239_Y, Q = \conv.impl.tap[34], rval = 8'00000000).
Adding EN signal on $auto$ff.cc:266:slice$2109 ($sdff) from module conv1d_large_benchmark_top (D = \conv.impl.history[33], Q = \conv.impl.tap[34]).
Adding SRST signal on $flatten\conv.\impl.$procdff$2000 ($dff) from module conv1d_large_benchmark_top (D = $flatten\conv.\impl.$procmux$1245_Y, Q = \conv.impl.tap[33], rval = 8'00000000).
Adding EN signal on $auto$ff.cc:266:slice$2111 ($sdff) from module conv1d_large_benchmark_top (D = \conv.impl.history[32], Q = \conv.impl.tap[33]).
Adding SRST signal on $flatten\conv.\impl.$procdff$1999 ($dff) from module conv1d_large_benchmark_top (D = $flatten\conv.\impl.$procmux$1251_Y, Q = \conv.impl.tap[32], rval = 8'00000000).
Adding EN signal on $auto$ff.cc:266:slice$2113 ($sdff) from module conv1d_large_benchmark_top (D = \conv.impl.history[31], Q = \conv.impl.tap[32]).
Adding SRST signal on $flatten\conv.\impl.$procdff$1998 ($dff) from module conv1d_large_benchmark_top (D = $flatten\conv.\impl.$procmux$1257_Y, Q = \conv.impl.history[62], rval = 8'00000000).
Adding EN signal on $auto$ff.cc:266:slice$2115 ($sdff) from module conv1d_large_benchmark_top (D = \conv.impl.history[61], Q = \conv.impl.history[62]).
Adding SRST signal on $flatten\conv.\impl.$procdff$1997 ($dff) from module conv1d_large_benchmark_top (D = $flatten\conv.\impl.$procmux$1263_Y, Q = \conv.impl.history[61], rval = 8'00000000).
Adding EN signal on $auto$ff.cc:266:slice$2117 ($sdff) from module conv1d_large_benchmark_top (D = \conv.impl.history[60], Q = \conv.impl.history[61]).
Adding SRST signal on $flatten\conv.\impl.$procdff$1996 ($dff) from module conv1d_large_benchmark_top (D = $flatten\conv.\impl.$procmux$1269_Y, Q = \conv.impl.history[60], rval = 8'00000000).
Adding EN signal on $auto$ff.cc:266:slice$2119 ($sdff) from module conv1d_large_benchmark_top (D = \conv.impl.history[59], Q = \conv.impl.history[60]).
Adding SRST signal on $flatten\conv.\impl.$procdff$1995 ($dff) from module conv1d_large_benchmark_top (D = $flatten\conv.\impl.$procmux$1275_Y, Q = \conv.impl.history[59], rval = 8'00000000).
Adding EN signal on $auto$ff.cc:266:slice$2121 ($sdff) from module conv1d_large_benchmark_top (D = \conv.impl.history[58], Q = \conv.impl.history[59]).
Adding SRST signal on $flatten\conv.\impl.$procdff$1994 ($dff) from module conv1d_large_benchmark_top (D = $flatten\conv.\impl.$procmux$1281_Y, Q = \conv.impl.history[58], rval = 8'00000000).
Adding EN signal on $auto$ff.cc:266:slice$2123 ($sdff) from module conv1d_large_benchmark_top (D = \conv.impl.history[57], Q = \conv.impl.history[58]).
Adding SRST signal on $flatten\conv.\impl.$procdff$1993 ($dff) from module conv1d_large_benchmark_top (D = $flatten\conv.\impl.$procmux$1287_Y, Q = \conv.impl.history[57], rval = 8'00000000).
Adding EN signal on $auto$ff.cc:266:slice$2125 ($sdff) from module conv1d_large_benchmark_top (D = \conv.impl.history[56], Q = \conv.impl.history[57]).
Adding SRST signal on $flatten\conv.\impl.$procdff$1992 ($dff) from module conv1d_large_benchmark_top (D = $flatten\conv.\impl.$procmux$1293_Y, Q = \conv.impl.history[56], rval = 8'00000000).
Adding EN signal on $auto$ff.cc:266:slice$2127 ($sdff) from module conv1d_large_benchmark_top (D = \conv.impl.history[55], Q = \conv.impl.history[56]).
Adding SRST signal on $flatten\conv.\impl.$procdff$1991 ($dff) from module conv1d_large_benchmark_top (D = $flatten\conv.\impl.$procmux$1299_Y, Q = \conv.impl.history[55], rval = 8'00000000).
Adding EN signal on $auto$ff.cc:266:slice$2129 ($sdff) from module conv1d_large_benchmark_top (D = \conv.impl.history[54], Q = \conv.impl.history[55]).
Adding SRST signal on $flatten\conv.\impl.$procdff$1990 ($dff) from module conv1d_large_benchmark_top (D = $flatten\conv.\impl.$procmux$1305_Y, Q = \conv.impl.history[54], rval = 8'00000000).
Adding EN signal on $auto$ff.cc:266:slice$2131 ($sdff) from module conv1d_large_benchmark_top (D = \conv.impl.history[53], Q = \conv.impl.history[54]).
Adding SRST signal on $flatten\conv.\impl.$procdff$1989 ($dff) from module conv1d_large_benchmark_top (D = $flatten\conv.\impl.$procmux$1311_Y, Q = \conv.impl.history[53], rval = 8'00000000).
Adding EN signal on $auto$ff.cc:266:slice$2133 ($sdff) from module conv1d_large_benchmark_top (D = \conv.impl.history[52], Q = \conv.impl.history[53]).
Adding SRST signal on $flatten\conv.\impl.$procdff$1988 ($dff) from module conv1d_large_benchmark_top (D = $flatten\conv.\impl.$procmux$1317_Y, Q = \conv.impl.history[52], rval = 8'00000000).
Adding EN signal on $auto$ff.cc:266:slice$2135 ($sdff) from module conv1d_large_benchmark_top (D = \conv.impl.history[51], Q = \conv.impl.history[52]).
Adding SRST signal on $flatten\conv.\impl.$procdff$1987 ($dff) from module conv1d_large_benchmark_top (D = $flatten\conv.\impl.$procmux$1323_Y, Q = \conv.impl.history[51], rval = 8'00000000).
Adding EN signal on $auto$ff.cc:266:slice$2137 ($sdff) from module conv1d_large_benchmark_top (D = \conv.impl.history[50], Q = \conv.impl.history[51]).
Adding SRST signal on $flatten\conv.\impl.$procdff$1986 ($dff) from module conv1d_large_benchmark_top (D = $flatten\conv.\impl.$procmux$1329_Y, Q = \conv.impl.history[50], rval = 8'00000000).
Adding EN signal on $auto$ff.cc:266:slice$2139 ($sdff) from module conv1d_large_benchmark_top (D = \conv.impl.history[49], Q = \conv.impl.history[50]).
Adding SRST signal on $flatten\conv.\impl.$procdff$1985 ($dff) from module conv1d_large_benchmark_top (D = $flatten\conv.\impl.$procmux$1335_Y, Q = \conv.impl.history[49], rval = 8'00000000).
Adding EN signal on $auto$ff.cc:266:slice$2141 ($sdff) from module conv1d_large_benchmark_top (D = \conv.impl.history[48], Q = \conv.impl.history[49]).
Adding SRST signal on $flatten\conv.\impl.$procdff$1984 ($dff) from module conv1d_large_benchmark_top (D = $flatten\conv.\impl.$procmux$1341_Y, Q = \conv.impl.history[48], rval = 8'00000000).
Adding EN signal on $auto$ff.cc:266:slice$2143 ($sdff) from module conv1d_large_benchmark_top (D = \conv.impl.history[47], Q = \conv.impl.history[48]).
Adding SRST signal on $flatten\conv.\impl.$procdff$1983 ($dff) from module conv1d_large_benchmark_top (D = $flatten\conv.\impl.$procmux$1347_Y, Q = \conv.impl.history[47], rval = 8'00000000).
Adding EN signal on $auto$ff.cc:266:slice$2145 ($sdff) from module conv1d_large_benchmark_top (D = \conv.impl.history[46], Q = \conv.impl.history[47]).
Adding SRST signal on $flatten\conv.\impl.$procdff$1982 ($dff) from module conv1d_large_benchmark_top (D = $flatten\conv.\impl.$procmux$1353_Y, Q = \conv.impl.history[46], rval = 8'00000000).
Adding EN signal on $auto$ff.cc:266:slice$2147 ($sdff) from module conv1d_large_benchmark_top (D = \conv.impl.history[45], Q = \conv.impl.history[46]).
Adding SRST signal on $flatten\conv.\impl.$procdff$1981 ($dff) from module conv1d_large_benchmark_top (D = $flatten\conv.\impl.$procmux$1359_Y, Q = \conv.impl.history[45], rval = 8'00000000).
Adding EN signal on $auto$ff.cc:266:slice$2149 ($sdff) from module conv1d_large_benchmark_top (D = \conv.impl.history[44], Q = \conv.impl.history[45]).
Adding SRST signal on $flatten\conv.\impl.$procdff$1980 ($dff) from module conv1d_large_benchmark_top (D = $flatten\conv.\impl.$procmux$1365_Y, Q = \conv.impl.history[44], rval = 8'00000000).
Adding EN signal on $auto$ff.cc:266:slice$2151 ($sdff) from module conv1d_large_benchmark_top (D = \conv.impl.history[43], Q = \conv.impl.history[44]).
Adding SRST signal on $flatten\conv.\impl.$procdff$1979 ($dff) from module conv1d_large_benchmark_top (D = $flatten\conv.\impl.$procmux$1371_Y, Q = \conv.impl.history[43], rval = 8'00000000).
Adding EN signal on $auto$ff.cc:266:slice$2153 ($sdff) from module conv1d_large_benchmark_top (D = \conv.impl.history[42], Q = \conv.impl.history[43]).
Adding SRST signal on $flatten\conv.\impl.$procdff$1978 ($dff) from module conv1d_large_benchmark_top (D = $flatten\conv.\impl.$procmux$1377_Y, Q = \conv.impl.history[42], rval = 8'00000000).
Adding EN signal on $auto$ff.cc:266:slice$2155 ($sdff) from module conv1d_large_benchmark_top (D = \conv.impl.history[41], Q = \conv.impl.history[42]).
Adding SRST signal on $flatten\conv.\impl.$procdff$1977 ($dff) from module conv1d_large_benchmark_top (D = $flatten\conv.\impl.$procmux$1383_Y, Q = \conv.impl.history[41], rval = 8'00000000).
Adding EN signal on $auto$ff.cc:266:slice$2157 ($sdff) from module conv1d_large_benchmark_top (D = \conv.impl.history[40], Q = \conv.impl.history[41]).
Adding SRST signal on $flatten\conv.\impl.$procdff$1976 ($dff) from module conv1d_large_benchmark_top (D = $flatten\conv.\impl.$procmux$1389_Y, Q = \conv.impl.history[40], rval = 8'00000000).
Adding EN signal on $auto$ff.cc:266:slice$2159 ($sdff) from module conv1d_large_benchmark_top (D = \conv.impl.history[39], Q = \conv.impl.history[40]).
Adding SRST signal on $flatten\conv.\impl.$procdff$1975 ($dff) from module conv1d_large_benchmark_top (D = $flatten\conv.\impl.$procmux$1395_Y, Q = \conv.impl.history[39], rval = 8'00000000).
Adding EN signal on $auto$ff.cc:266:slice$2161 ($sdff) from module conv1d_large_benchmark_top (D = \conv.impl.history[38], Q = \conv.impl.history[39]).
Adding SRST signal on $flatten\conv.\impl.$procdff$1974 ($dff) from module conv1d_large_benchmark_top (D = $flatten\conv.\impl.$procmux$1401_Y, Q = \conv.impl.history[38], rval = 8'00000000).
Adding EN signal on $auto$ff.cc:266:slice$2163 ($sdff) from module conv1d_large_benchmark_top (D = \conv.impl.history[37], Q = \conv.impl.history[38]).
Adding SRST signal on $flatten\conv.\impl.$procdff$1973 ($dff) from module conv1d_large_benchmark_top (D = $flatten\conv.\impl.$procmux$1407_Y, Q = \conv.impl.history[37], rval = 8'00000000).
Adding EN signal on $auto$ff.cc:266:slice$2165 ($sdff) from module conv1d_large_benchmark_top (D = \conv.impl.history[36], Q = \conv.impl.history[37]).
Adding SRST signal on $flatten\conv.\impl.$procdff$1972 ($dff) from module conv1d_large_benchmark_top (D = $flatten\conv.\impl.$procmux$1413_Y, Q = \conv.impl.history[36], rval = 8'00000000).
Adding EN signal on $auto$ff.cc:266:slice$2167 ($sdff) from module conv1d_large_benchmark_top (D = \conv.impl.history[35], Q = \conv.impl.history[36]).
Adding SRST signal on $flatten\conv.\impl.$procdff$1971 ($dff) from module conv1d_large_benchmark_top (D = $flatten\conv.\impl.$procmux$1419_Y, Q = \conv.impl.history[35], rval = 8'00000000).
Adding EN signal on $auto$ff.cc:266:slice$2169 ($sdff) from module conv1d_large_benchmark_top (D = \conv.impl.history[34], Q = \conv.impl.history[35]).
Adding SRST signal on $flatten\conv.\impl.$procdff$1970 ($dff) from module conv1d_large_benchmark_top (D = $flatten\conv.\impl.$procmux$1425_Y, Q = \conv.impl.history[34], rval = 8'00000000).
Adding EN signal on $auto$ff.cc:266:slice$2171 ($sdff) from module conv1d_large_benchmark_top (D = \conv.impl.history[33], Q = \conv.impl.history[34]).
Adding SRST signal on $flatten\conv.\impl.$procdff$1969 ($dff) from module conv1d_large_benchmark_top (D = $flatten\conv.\impl.$procmux$1431_Y, Q = \conv.impl.history[33], rval = 8'00000000).
Adding EN signal on $auto$ff.cc:266:slice$2173 ($sdff) from module conv1d_large_benchmark_top (D = \conv.impl.history[32], Q = \conv.impl.history[33]).
Adding SRST signal on $flatten\conv.\impl.$procdff$1968 ($dff) from module conv1d_large_benchmark_top (D = $flatten\conv.\impl.$procmux$1437_Y, Q = \conv.impl.history[32], rval = 8'00000000).
Adding EN signal on $auto$ff.cc:266:slice$2175 ($sdff) from module conv1d_large_benchmark_top (D = \conv.impl.history[31], Q = \conv.impl.history[32]).
Adding SRST signal on $flatten\conv.\impl.$procdff$1967 ($dff) from module conv1d_large_benchmark_top (D = $flatten\conv.\impl.$procmux$1443_Y, Q = \conv.impl.history[31], rval = 8'00000000).
Adding EN signal on $auto$ff.cc:266:slice$2177 ($sdff) from module conv1d_large_benchmark_top (D = \conv.impl.history[30], Q = \conv.impl.history[31]).
Adding SRST signal on $flatten\conv.\impl.$procdff$1962 ($dff) from module conv1d_large_benchmark_top (D = $flatten\conv.\impl.$procmux$1449_Y, Q = \conv.impl.tap[31], rval = 8'00000000).
Adding EN signal on $auto$ff.cc:266:slice$2179 ($sdff) from module conv1d_large_benchmark_top (D = \conv.impl.history[30], Q = \conv.impl.tap[31]).
Adding SRST signal on $flatten\conv.\impl.$procdff$1961 ($dff) from module conv1d_large_benchmark_top (D = $flatten\conv.\impl.$procmux$1455_Y, Q = \conv.impl.tap[30], rval = 8'00000000).
Adding EN signal on $auto$ff.cc:266:slice$2181 ($sdff) from module conv1d_large_benchmark_top (D = \conv.impl.history[29], Q = \conv.impl.tap[30]).
Adding SRST signal on $flatten\conv.\impl.$procdff$1960 ($dff) from module conv1d_large_benchmark_top (D = $flatten\conv.\impl.$procmux$1461_Y, Q = \conv.impl.tap[29], rval = 8'00000000).
Adding EN signal on $auto$ff.cc:266:slice$2183 ($sdff) from module conv1d_large_benchmark_top (D = \conv.impl.history[28], Q = \conv.impl.tap[29]).
Adding SRST signal on $flatten\conv.\impl.$procdff$1959 ($dff) from module conv1d_large_benchmark_top (D = $flatten\conv.\impl.$procmux$1467_Y, Q = \conv.impl.tap[28], rval = 8'00000000).
Adding EN signal on $auto$ff.cc:266:slice$2185 ($sdff) from module conv1d_large_benchmark_top (D = \conv.impl.history[27], Q = \conv.impl.tap[28]).
Adding SRST signal on $flatten\conv.\impl.$procdff$1958 ($dff) from module conv1d_large_benchmark_top (D = $flatten\conv.\impl.$procmux$1473_Y, Q = \conv.impl.tap[27], rval = 8'00000000).
Adding EN signal on $auto$ff.cc:266:slice$2187 ($sdff) from module conv1d_large_benchmark_top (D = \conv.impl.history[26], Q = \conv.impl.tap[27]).
Adding SRST signal on $flatten\conv.\impl.$procdff$1957 ($dff) from module conv1d_large_benchmark_top (D = $flatten\conv.\impl.$procmux$1479_Y, Q = \conv.impl.tap[26], rval = 8'00000000).
Adding EN signal on $auto$ff.cc:266:slice$2189 ($sdff) from module conv1d_large_benchmark_top (D = \conv.impl.history[25], Q = \conv.impl.tap[26]).
Adding SRST signal on $flatten\conv.\impl.$procdff$1956 ($dff) from module conv1d_large_benchmark_top (D = $flatten\conv.\impl.$procmux$1485_Y, Q = \conv.impl.tap[25], rval = 8'00000000).
Adding EN signal on $auto$ff.cc:266:slice$2191 ($sdff) from module conv1d_large_benchmark_top (D = \conv.impl.history[24], Q = \conv.impl.tap[25]).
Adding SRST signal on $flatten\conv.\impl.$procdff$1955 ($dff) from module conv1d_large_benchmark_top (D = $flatten\conv.\impl.$procmux$1491_Y, Q = \conv.impl.tap[24], rval = 8'00000000).
Adding EN signal on $auto$ff.cc:266:slice$2193 ($sdff) from module conv1d_large_benchmark_top (D = \conv.impl.history[23], Q = \conv.impl.tap[24]).
Adding SRST signal on $flatten\conv.\impl.$procdff$1954 ($dff) from module conv1d_large_benchmark_top (D = $flatten\conv.\impl.$procmux$1497_Y, Q = \conv.impl.tap[23], rval = 8'00000000).
Adding EN signal on $auto$ff.cc:266:slice$2195 ($sdff) from module conv1d_large_benchmark_top (D = \conv.impl.history[22], Q = \conv.impl.tap[23]).
Adding SRST signal on $flatten\conv.\impl.$procdff$1953 ($dff) from module conv1d_large_benchmark_top (D = $flatten\conv.\impl.$procmux$1503_Y, Q = \conv.impl.tap[22], rval = 8'00000000).
Adding EN signal on $auto$ff.cc:266:slice$2197 ($sdff) from module conv1d_large_benchmark_top (D = \conv.impl.history[21], Q = \conv.impl.tap[22]).
Adding SRST signal on $flatten\conv.\impl.$procdff$1952 ($dff) from module conv1d_large_benchmark_top (D = $flatten\conv.\impl.$procmux$1509_Y, Q = \conv.impl.tap[21], rval = 8'00000000).
Adding EN signal on $auto$ff.cc:266:slice$2199 ($sdff) from module conv1d_large_benchmark_top (D = \conv.impl.history[20], Q = \conv.impl.tap[21]).
Adding SRST signal on $flatten\conv.\impl.$procdff$1951 ($dff) from module conv1d_large_benchmark_top (D = $flatten\conv.\impl.$procmux$1515_Y, Q = \conv.impl.tap[20], rval = 8'00000000).
Adding EN signal on $auto$ff.cc:266:slice$2201 ($sdff) from module conv1d_large_benchmark_top (D = \conv.impl.history[19], Q = \conv.impl.tap[20]).
Adding SRST signal on $flatten\conv.\impl.$procdff$1950 ($dff) from module conv1d_large_benchmark_top (D = $flatten\conv.\impl.$procmux$1521_Y, Q = \conv.impl.tap[19], rval = 8'00000000).
Adding EN signal on $auto$ff.cc:266:slice$2203 ($sdff) from module conv1d_large_benchmark_top (D = \conv.impl.history[18], Q = \conv.impl.tap[19]).
Adding SRST signal on $flatten\conv.\impl.$procdff$1949 ($dff) from module conv1d_large_benchmark_top (D = $flatten\conv.\impl.$procmux$1527_Y, Q = \conv.impl.tap[18], rval = 8'00000000).
Adding EN signal on $auto$ff.cc:266:slice$2205 ($sdff) from module conv1d_large_benchmark_top (D = \conv.impl.history[17], Q = \conv.impl.tap[18]).
Adding SRST signal on $flatten\conv.\impl.$procdff$1948 ($dff) from module conv1d_large_benchmark_top (D = $flatten\conv.\impl.$procmux$1533_Y, Q = \conv.impl.tap[17], rval = 8'00000000).
Adding EN signal on $auto$ff.cc:266:slice$2207 ($sdff) from module conv1d_large_benchmark_top (D = \conv.impl.history[16], Q = \conv.impl.tap[17]).
Adding SRST signal on $flatten\conv.\impl.$procdff$1947 ($dff) from module conv1d_large_benchmark_top (D = $flatten\conv.\impl.$procmux$1539_Y, Q = \conv.impl.tap[16], rval = 8'00000000).
Adding EN signal on $auto$ff.cc:266:slice$2209 ($sdff) from module conv1d_large_benchmark_top (D = \conv.impl.history[15], Q = \conv.impl.tap[16]).
Adding SRST signal on $flatten\conv.\impl.$procdff$1946 ($dff) from module conv1d_large_benchmark_top (D = $flatten\conv.\impl.$procmux$1545_Y, Q = \conv.impl.tap[15], rval = 8'00000000).
Adding EN signal on $auto$ff.cc:266:slice$2211 ($sdff) from module conv1d_large_benchmark_top (D = \conv.impl.history[14], Q = \conv.impl.tap[15]).
Adding SRST signal on $flatten\conv.\impl.$procdff$1945 ($dff) from module conv1d_large_benchmark_top (D = $flatten\conv.\impl.$procmux$1551_Y, Q = \conv.impl.tap[14], rval = 8'00000000).
Adding EN signal on $auto$ff.cc:266:slice$2213 ($sdff) from module conv1d_large_benchmark_top (D = \conv.impl.history[13], Q = \conv.impl.tap[14]).
Adding SRST signal on $flatten\conv.\impl.$procdff$1944 ($dff) from module conv1d_large_benchmark_top (D = $flatten\conv.\impl.$procmux$1557_Y, Q = \conv.impl.tap[13], rval = 8'00000000).
Adding EN signal on $auto$ff.cc:266:slice$2215 ($sdff) from module conv1d_large_benchmark_top (D = \conv.impl.history[12], Q = \conv.impl.tap[13]).
Adding SRST signal on $flatten\conv.\impl.$procdff$1943 ($dff) from module conv1d_large_benchmark_top (D = $flatten\conv.\impl.$procmux$1563_Y, Q = \conv.impl.tap[12], rval = 8'00000000).
Adding EN signal on $auto$ff.cc:266:slice$2217 ($sdff) from module conv1d_large_benchmark_top (D = \conv.impl.history[11], Q = \conv.impl.tap[12]).
Adding SRST signal on $flatten\conv.\impl.$procdff$1942 ($dff) from module conv1d_large_benchmark_top (D = $flatten\conv.\impl.$procmux$1569_Y, Q = \conv.impl.tap[11], rval = 8'00000000).
Adding EN signal on $auto$ff.cc:266:slice$2219 ($sdff) from module conv1d_large_benchmark_top (D = \conv.impl.history[10], Q = \conv.impl.tap[11]).
Adding SRST signal on $flatten\conv.\impl.$procdff$1941 ($dff) from module conv1d_large_benchmark_top (D = $flatten\conv.\impl.$procmux$1575_Y, Q = \conv.impl.tap[10], rval = 8'00000000).
Adding EN signal on $auto$ff.cc:266:slice$2221 ($sdff) from module conv1d_large_benchmark_top (D = \conv.impl.history[9], Q = \conv.impl.tap[10]).
Adding SRST signal on $flatten\conv.\impl.$procdff$1940 ($dff) from module conv1d_large_benchmark_top (D = $flatten\conv.\impl.$procmux$1581_Y, Q = \conv.impl.tap[9], rval = 8'00000000).
Adding EN signal on $auto$ff.cc:266:slice$2223 ($sdff) from module conv1d_large_benchmark_top (D = \conv.impl.history[8], Q = \conv.impl.tap[9]).
Adding SRST signal on $flatten\conv.\impl.$procdff$1939 ($dff) from module conv1d_large_benchmark_top (D = $flatten\conv.\impl.$procmux$1587_Y, Q = \conv.impl.tap[8], rval = 8'00000000).
Adding EN signal on $auto$ff.cc:266:slice$2225 ($sdff) from module conv1d_large_benchmark_top (D = \conv.impl.history[7], Q = \conv.impl.tap[8]).
Adding SRST signal on $flatten\conv.\impl.$procdff$1938 ($dff) from module conv1d_large_benchmark_top (D = $flatten\conv.\impl.$procmux$1593_Y, Q = \conv.impl.tap[7], rval = 8'00000000).
Adding EN signal on $auto$ff.cc:266:slice$2227 ($sdff) from module conv1d_large_benchmark_top (D = \conv.impl.history[6], Q = \conv.impl.tap[7]).
Adding SRST signal on $flatten\conv.\impl.$procdff$1937 ($dff) from module conv1d_large_benchmark_top (D = $flatten\conv.\impl.$procmux$1599_Y, Q = \conv.impl.tap[6], rval = 8'00000000).
Adding EN signal on $auto$ff.cc:266:slice$2229 ($sdff) from module conv1d_large_benchmark_top (D = \conv.impl.history[5], Q = \conv.impl.tap[6]).
Adding SRST signal on $flatten\conv.\impl.$procdff$1936 ($dff) from module conv1d_large_benchmark_top (D = $flatten\conv.\impl.$procmux$1605_Y, Q = \conv.impl.tap[5], rval = 8'00000000).
Adding EN signal on $auto$ff.cc:266:slice$2231 ($sdff) from module conv1d_large_benchmark_top (D = \conv.impl.history[4], Q = \conv.impl.tap[5]).
Adding SRST signal on $flatten\conv.\impl.$procdff$1935 ($dff) from module conv1d_large_benchmark_top (D = $flatten\conv.\impl.$procmux$1611_Y, Q = \conv.impl.tap[4], rval = 8'00000000).
Adding EN signal on $auto$ff.cc:266:slice$2233 ($sdff) from module conv1d_large_benchmark_top (D = \conv.impl.history[3], Q = \conv.impl.tap[4]).
Adding SRST signal on $flatten\conv.\impl.$procdff$1934 ($dff) from module conv1d_large_benchmark_top (D = $flatten\conv.\impl.$procmux$1617_Y, Q = \conv.impl.tap[3], rval = 8'00000000).
Adding EN signal on $auto$ff.cc:266:slice$2235 ($sdff) from module conv1d_large_benchmark_top (D = \conv.impl.history[2], Q = \conv.impl.tap[3]).
Adding SRST signal on $flatten\conv.\impl.$procdff$1933 ($dff) from module conv1d_large_benchmark_top (D = $flatten\conv.\impl.$procmux$1623_Y, Q = \conv.impl.tap[2], rval = 8'00000000).
Adding EN signal on $auto$ff.cc:266:slice$2237 ($sdff) from module conv1d_large_benchmark_top (D = \conv.impl.history[1], Q = \conv.impl.tap[2]).
Adding SRST signal on $flatten\conv.\impl.$procdff$1932 ($dff) from module conv1d_large_benchmark_top (D = $flatten\conv.\impl.$procmux$1629_Y, Q = \conv.impl.tap[1], rval = 8'00000000).
Adding EN signal on $auto$ff.cc:266:slice$2239 ($sdff) from module conv1d_large_benchmark_top (D = \conv.impl.history[0], Q = \conv.impl.tap[1]).
Adding SRST signal on $flatten\conv.\impl.$procdff$1931 ($dff) from module conv1d_large_benchmark_top (D = $flatten\conv.\impl.$procmux$1635_Y, Q = \conv.impl.tap[0], rval = 8'00000000).
Adding EN signal on $auto$ff.cc:266:slice$2241 ($sdff) from module conv1d_large_benchmark_top (D = \sample_in, Q = \conv.impl.tap[0]).
Adding SRST signal on $flatten\conv.\impl.$procdff$1930 ($dff) from module conv1d_large_benchmark_top (D = $flatten\conv.\impl.$procmux$1641_Y, Q = \conv.impl.history[30], rval = 8'00000000).
Adding EN signal on $auto$ff.cc:266:slice$2243 ($sdff) from module conv1d_large_benchmark_top (D = \conv.impl.history[29], Q = \conv.impl.history[30]).
Adding SRST signal on $flatten\conv.\impl.$procdff$1929 ($dff) from module conv1d_large_benchmark_top (D = $flatten\conv.\impl.$procmux$1647_Y, Q = \conv.impl.history[29], rval = 8'00000000).
Adding EN signal on $auto$ff.cc:266:slice$2245 ($sdff) from module conv1d_large_benchmark_top (D = \conv.impl.history[28], Q = \conv.impl.history[29]).
Adding SRST signal on $flatten\conv.\impl.$procdff$1928 ($dff) from module conv1d_large_benchmark_top (D = $flatten\conv.\impl.$procmux$1653_Y, Q = \conv.impl.history[28], rval = 8'00000000).
Adding EN signal on $auto$ff.cc:266:slice$2247 ($sdff) from module conv1d_large_benchmark_top (D = \conv.impl.history[27], Q = \conv.impl.history[28]).
Adding SRST signal on $flatten\conv.\impl.$procdff$1927 ($dff) from module conv1d_large_benchmark_top (D = $flatten\conv.\impl.$procmux$1659_Y, Q = \conv.impl.history[27], rval = 8'00000000).
Adding EN signal on $auto$ff.cc:266:slice$2249 ($sdff) from module conv1d_large_benchmark_top (D = \conv.impl.history[26], Q = \conv.impl.history[27]).
Adding SRST signal on $flatten\conv.\impl.$procdff$1926 ($dff) from module conv1d_large_benchmark_top (D = $flatten\conv.\impl.$procmux$1665_Y, Q = \conv.impl.history[26], rval = 8'00000000).
Adding EN signal on $auto$ff.cc:266:slice$2251 ($sdff) from module conv1d_large_benchmark_top (D = \conv.impl.history[25], Q = \conv.impl.history[26]).
Adding SRST signal on $flatten\conv.\impl.$procdff$1925 ($dff) from module conv1d_large_benchmark_top (D = $flatten\conv.\impl.$procmux$1671_Y, Q = \conv.impl.history[25], rval = 8'00000000).
Adding EN signal on $auto$ff.cc:266:slice$2253 ($sdff) from module conv1d_large_benchmark_top (D = \conv.impl.history[24], Q = \conv.impl.history[25]).
Adding SRST signal on $flatten\conv.\impl.$procdff$1924 ($dff) from module conv1d_large_benchmark_top (D = $flatten\conv.\impl.$procmux$1677_Y, Q = \conv.impl.history[24], rval = 8'00000000).
Adding EN signal on $auto$ff.cc:266:slice$2255 ($sdff) from module conv1d_large_benchmark_top (D = \conv.impl.history[23], Q = \conv.impl.history[24]).
Adding SRST signal on $flatten\conv.\impl.$procdff$1923 ($dff) from module conv1d_large_benchmark_top (D = $flatten\conv.\impl.$procmux$1683_Y, Q = \conv.impl.history[23], rval = 8'00000000).
Adding EN signal on $auto$ff.cc:266:slice$2257 ($sdff) from module conv1d_large_benchmark_top (D = \conv.impl.history[22], Q = \conv.impl.history[23]).
Adding SRST signal on $flatten\conv.\impl.$procdff$1922 ($dff) from module conv1d_large_benchmark_top (D = $flatten\conv.\impl.$procmux$1689_Y, Q = \conv.impl.history[22], rval = 8'00000000).
Adding EN signal on $auto$ff.cc:266:slice$2259 ($sdff) from module conv1d_large_benchmark_top (D = \conv.impl.history[21], Q = \conv.impl.history[22]).
Adding SRST signal on $flatten\conv.\impl.$procdff$1921 ($dff) from module conv1d_large_benchmark_top (D = $flatten\conv.\impl.$procmux$1695_Y, Q = \conv.impl.history[21], rval = 8'00000000).
Adding EN signal on $auto$ff.cc:266:slice$2261 ($sdff) from module conv1d_large_benchmark_top (D = \conv.impl.history[20], Q = \conv.impl.history[21]).
Adding SRST signal on $flatten\conv.\impl.$procdff$1920 ($dff) from module conv1d_large_benchmark_top (D = $flatten\conv.\impl.$procmux$1701_Y, Q = \conv.impl.history[20], rval = 8'00000000).
Adding EN signal on $auto$ff.cc:266:slice$2263 ($sdff) from module conv1d_large_benchmark_top (D = \conv.impl.history[19], Q = \conv.impl.history[20]).
Adding SRST signal on $flatten\conv.\impl.$procdff$1919 ($dff) from module conv1d_large_benchmark_top (D = $flatten\conv.\impl.$procmux$1707_Y, Q = \conv.impl.history[19], rval = 8'00000000).
Adding EN signal on $auto$ff.cc:266:slice$2265 ($sdff) from module conv1d_large_benchmark_top (D = \conv.impl.history[18], Q = \conv.impl.history[19]).
Adding SRST signal on $flatten\conv.\impl.$procdff$1918 ($dff) from module conv1d_large_benchmark_top (D = $flatten\conv.\impl.$procmux$1713_Y, Q = \conv.impl.history[18], rval = 8'00000000).
Adding EN signal on $auto$ff.cc:266:slice$2267 ($sdff) from module conv1d_large_benchmark_top (D = \conv.impl.history[17], Q = \conv.impl.history[18]).
Adding SRST signal on $flatten\conv.\impl.$procdff$1917 ($dff) from module conv1d_large_benchmark_top (D = $flatten\conv.\impl.$procmux$1719_Y, Q = \conv.impl.history[17], rval = 8'00000000).
Adding EN signal on $auto$ff.cc:266:slice$2269 ($sdff) from module conv1d_large_benchmark_top (D = \conv.impl.history[16], Q = \conv.impl.history[17]).
Adding SRST signal on $flatten\conv.\impl.$procdff$1916 ($dff) from module conv1d_large_benchmark_top (D = $flatten\conv.\impl.$procmux$1725_Y, Q = \conv.impl.history[16], rval = 8'00000000).
Adding EN signal on $auto$ff.cc:266:slice$2271 ($sdff) from module conv1d_large_benchmark_top (D = \conv.impl.history[15], Q = \conv.impl.history[16]).
Adding SRST signal on $flatten\conv.\impl.$procdff$1915 ($dff) from module conv1d_large_benchmark_top (D = $flatten\conv.\impl.$procmux$1731_Y, Q = \conv.impl.history[15], rval = 8'00000000).
Adding EN signal on $auto$ff.cc:266:slice$2273 ($sdff) from module conv1d_large_benchmark_top (D = \conv.impl.history[14], Q = \conv.impl.history[15]).
Adding SRST signal on $flatten\conv.\impl.$procdff$1914 ($dff) from module conv1d_large_benchmark_top (D = $flatten\conv.\impl.$procmux$1737_Y, Q = \conv.impl.history[14], rval = 8'00000000).
Adding EN signal on $auto$ff.cc:266:slice$2275 ($sdff) from module conv1d_large_benchmark_top (D = \conv.impl.history[13], Q = \conv.impl.history[14]).
Adding SRST signal on $flatten\conv.\impl.$procdff$1913 ($dff) from module conv1d_large_benchmark_top (D = $flatten\conv.\impl.$procmux$1743_Y, Q = \conv.impl.history[13], rval = 8'00000000).
Adding EN signal on $auto$ff.cc:266:slice$2277 ($sdff) from module conv1d_large_benchmark_top (D = \conv.impl.history[12], Q = \conv.impl.history[13]).
Adding SRST signal on $flatten\conv.\impl.$procdff$1912 ($dff) from module conv1d_large_benchmark_top (D = $flatten\conv.\impl.$procmux$1749_Y, Q = \conv.impl.history[12], rval = 8'00000000).
Adding EN signal on $auto$ff.cc:266:slice$2279 ($sdff) from module conv1d_large_benchmark_top (D = \conv.impl.history[11], Q = \conv.impl.history[12]).
Adding SRST signal on $flatten\conv.\impl.$procdff$1911 ($dff) from module conv1d_large_benchmark_top (D = $flatten\conv.\impl.$procmux$1755_Y, Q = \conv.impl.history[11], rval = 8'00000000).
Adding EN signal on $auto$ff.cc:266:slice$2281 ($sdff) from module conv1d_large_benchmark_top (D = \conv.impl.history[10], Q = \conv.impl.history[11]).
Adding SRST signal on $flatten\conv.\impl.$procdff$1910 ($dff) from module conv1d_large_benchmark_top (D = $flatten\conv.\impl.$procmux$1761_Y, Q = \conv.impl.history[10], rval = 8'00000000).
Adding EN signal on $auto$ff.cc:266:slice$2283 ($sdff) from module conv1d_large_benchmark_top (D = \conv.impl.history[9], Q = \conv.impl.history[10]).
Adding SRST signal on $flatten\conv.\impl.$procdff$1909 ($dff) from module conv1d_large_benchmark_top (D = $flatten\conv.\impl.$procmux$1767_Y, Q = \conv.impl.history[9], rval = 8'00000000).
Adding EN signal on $auto$ff.cc:266:slice$2285 ($sdff) from module conv1d_large_benchmark_top (D = \conv.impl.history[8], Q = \conv.impl.history[9]).
Adding SRST signal on $flatten\conv.\impl.$procdff$1908 ($dff) from module conv1d_large_benchmark_top (D = $flatten\conv.\impl.$procmux$1773_Y, Q = \conv.impl.history[8], rval = 8'00000000).
Adding EN signal on $auto$ff.cc:266:slice$2287 ($sdff) from module conv1d_large_benchmark_top (D = \conv.impl.history[7], Q = \conv.impl.history[8]).
Adding SRST signal on $flatten\conv.\impl.$procdff$1907 ($dff) from module conv1d_large_benchmark_top (D = $flatten\conv.\impl.$procmux$1779_Y, Q = \conv.impl.history[7], rval = 8'00000000).
Adding EN signal on $auto$ff.cc:266:slice$2289 ($sdff) from module conv1d_large_benchmark_top (D = \conv.impl.history[6], Q = \conv.impl.history[7]).
Adding SRST signal on $flatten\conv.\impl.$procdff$1906 ($dff) from module conv1d_large_benchmark_top (D = $flatten\conv.\impl.$procmux$1785_Y, Q = \conv.impl.history[6], rval = 8'00000000).
Adding EN signal on $auto$ff.cc:266:slice$2291 ($sdff) from module conv1d_large_benchmark_top (D = \conv.impl.history[5], Q = \conv.impl.history[6]).
Adding SRST signal on $flatten\conv.\impl.$procdff$1905 ($dff) from module conv1d_large_benchmark_top (D = $flatten\conv.\impl.$procmux$1791_Y, Q = \conv.impl.history[5], rval = 8'00000000).
Adding EN signal on $auto$ff.cc:266:slice$2293 ($sdff) from module conv1d_large_benchmark_top (D = \conv.impl.history[4], Q = \conv.impl.history[5]).
Adding SRST signal on $flatten\conv.\impl.$procdff$1904 ($dff) from module conv1d_large_benchmark_top (D = $flatten\conv.\impl.$procmux$1797_Y, Q = \conv.impl.history[4], rval = 8'00000000).
Adding EN signal on $auto$ff.cc:266:slice$2295 ($sdff) from module conv1d_large_benchmark_top (D = \conv.impl.history[3], Q = \conv.impl.history[4]).
Adding SRST signal on $flatten\conv.\impl.$procdff$1903 ($dff) from module conv1d_large_benchmark_top (D = $flatten\conv.\impl.$procmux$1803_Y, Q = \conv.impl.history[3], rval = 8'00000000).
Adding EN signal on $auto$ff.cc:266:slice$2297 ($sdff) from module conv1d_large_benchmark_top (D = \conv.impl.history[2], Q = \conv.impl.history[3]).
Adding SRST signal on $flatten\conv.\impl.$procdff$1902 ($dff) from module conv1d_large_benchmark_top (D = $flatten\conv.\impl.$procmux$1809_Y, Q = \conv.impl.history[2], rval = 8'00000000).
Adding EN signal on $auto$ff.cc:266:slice$2299 ($sdff) from module conv1d_large_benchmark_top (D = \conv.impl.history[1], Q = \conv.impl.history[2]).
Adding SRST signal on $flatten\conv.\impl.$procdff$1901 ($dff) from module conv1d_large_benchmark_top (D = $flatten\conv.\impl.$procmux$1815_Y, Q = \conv.impl.history[1], rval = 8'00000000).
Adding EN signal on $auto$ff.cc:266:slice$2301 ($sdff) from module conv1d_large_benchmark_top (D = \conv.impl.history[0], Q = \conv.impl.history[1]).
Adding SRST signal on $flatten\conv.\impl.$procdff$1900 ($dff) from module conv1d_large_benchmark_top (D = $flatten\conv.\impl.$procmux$1821_Y, Q = \conv.impl.history[0], rval = 8'00000000).
Adding EN signal on $auto$ff.cc:266:slice$2303 ($sdff) from module conv1d_large_benchmark_top (D = \sample_in, Q = \conv.impl.history[0]).
Adding SRST signal on $flatten\conv.\impl.$procdff$1898 ($dff) from module conv1d_large_benchmark_top (D = $flatten\conv.\impl.$procmux$1833_Y, Q = \conv.impl.busy, rval = 1'0).
Adding SRST signal on $flatten\conv.\impl.$procdff$1897 ($dff) from module conv1d_large_benchmark_top (D = $flatten\conv.\impl.$procmux$1842_Y, Q = \conv.impl.tap_index, rval = 16'0000000000000000).
Adding EN signal on $auto$ff.cc:266:slice$2306 ($sdff) from module conv1d_large_benchmark_top (D = $flatten\conv.\impl.$procmux$1840_Y, Q = \conv.impl.tap_index).
Adding SRST signal on $flatten\conv.\impl.$procdff$1896 ($dff) from module conv1d_large_benchmark_top (D = $flatten\conv.\impl.$procmux$1854_Y, Q = \conv.impl.acc, rval = 0).
Adding EN signal on $auto$ff.cc:266:slice$2310 ($sdff) from module conv1d_large_benchmark_top (D = $flatten\conv.\impl.$add$conv1d_large_serial.v:85$563_Y, Q = \conv.impl.acc).
Adding SRST signal on $flatten\conv.\impl.$procdff$1895 ($dff) from module conv1d_large_benchmark_top (D = $flatten\conv.\impl.$procmux$1869_Y, Q = \conv.impl.sample_out, rval = 0).
Adding EN signal on $auto$ff.cc:266:slice$2318 ($sdff) from module conv1d_large_benchmark_top (D = $flatten\conv.\impl.$add$conv1d_large_serial.v:80$558_Y, Q = \conv.impl.sample_out).
Adding SRST signal on $flatten\conv.\impl.$procdff$1894 ($dff) from module conv1d_large_benchmark_top (D = $flatten\conv.\impl.$procmux$1027_Y, Q = \conv.impl.output_valid, rval = 1'0).

5.12.7. Executing OPT_CLEAN pass (remove unused cells and wires).
Finding unused cells or wires in module \conv1d_large_benchmark_top..
Removed 269 unused cells and 269 unused wires.
<suppressed ~270 debug messages>

5.12.8. Executing OPT_EXPR pass (perform const folding).
Optimizing module conv1d_large_benchmark_top.

5.12.9. Rerunning OPT passes. (Maybe there is more to do..)

5.12.10. Executing OPT_MUXTREE pass (detect dead branches in mux trees).
Running muxtree optimizer on module \conv1d_large_benchmark_top..
  Creating internal representation of mux trees.
  Evaluating internal representation of mux trees.
  Analyzing evaluation results.
Removed 0 multiplexer ports.
<suppressed ~9 debug messages>

5.12.11. Executing OPT_REDUCE pass (consolidate $*mux and $reduce_* inputs).
  Optimizing cells in module \conv1d_large_benchmark_top.
Performed a total of 0 changes.

5.12.12. Executing OPT_MERGE pass (detect identical cells).
Finding identical cells in module `\conv1d_large_benchmark_top'.
<suppressed ~192 debug messages>
Removed a total of 64 cells.

5.12.13. Executing OPT_DFF pass (perform DFF optimizations).

5.12.14. Executing OPT_CLEAN pass (remove unused cells and wires).
Finding unused cells or wires in module \conv1d_large_benchmark_top..
Removed 0 unused cells and 1 unused wires.
<suppressed ~1 debug messages>

5.12.15. Executing OPT_EXPR pass (perform const folding).
Optimizing module conv1d_large_benchmark_top.

5.12.16. Rerunning OPT passes. (Maybe there is more to do..)

5.12.17. Executing OPT_MUXTREE pass (detect dead branches in mux trees).
Running muxtree optimizer on module \conv1d_large_benchmark_top..
  Creating internal representation of mux trees.
  Evaluating internal representation of mux trees.
  Analyzing evaluation results.
Removed 0 multiplexer ports.
<suppressed ~9 debug messages>

5.12.18. Executing OPT_REDUCE pass (consolidate $*mux and $reduce_* inputs).
  Optimizing cells in module \conv1d_large_benchmark_top.
Performed a total of 0 changes.

5.12.19. Executing OPT_MERGE pass (detect identical cells).
Finding identical cells in module `\conv1d_large_benchmark_top'.
Removed a total of 0 cells.

5.12.20. Executing OPT_DFF pass (perform DFF optimizations).

5.12.21. Executing OPT_CLEAN pass (remove unused cells and wires).
Finding unused cells or wires in module \conv1d_large_benchmark_top..

5.12.22. Executing OPT_EXPR pass (perform const folding).
Optimizing module conv1d_large_benchmark_top.

5.12.23. Finished OPT passes. (There is nothing left to do.)

5.13. Executing WREDUCE pass (reducing word size of cells).
Removed top 10 bits (of 16) from port B of cell conv1d_large_benchmark_top.$flatten\conv.\impl.$eq$conv1d_large_serial.v:79$545 ($eq).
Removed top 16 bits (of 32) from port Y of cell conv1d_large_benchmark_top.$flatten\conv.\impl.$mul$conv1d_large_serial.v:80$557 ($mul).
Removed top 16 bits (of 32) from port B of cell conv1d_large_benchmark_top.$flatten\conv.\impl.$add$conv1d_large_serial.v:80$558 ($add).
Removed top 16 bits (of 32) from port Y of cell conv1d_large_benchmark_top.$flatten\conv.\impl.$mul$conv1d_large_serial.v:85$562 ($mul).
Removed top 16 bits (of 32) from port B of cell conv1d_large_benchmark_top.$flatten\conv.\impl.$add$conv1d_large_serial.v:85$563 ($add).
Removed top 15 bits (of 16) from port B of cell conv1d_large_benchmark_top.$flatten\conv.\impl.$add$conv1d_large_serial.v:86$564 ($add).
Removed top 1 bits (of 6) from port B of cell conv1d_large_benchmark_top.$flatten\conv.\impl.$procmux$643_CMP0 ($eq).
Removed top 1 bits (of 6) from port B of cell conv1d_large_benchmark_top.$flatten\conv.\impl.$procmux$644_CMP0 ($eq).
Removed top 1 bits (of 6) from port B of cell conv1d_large_benchmark_top.$flatten\conv.\impl.$procmux$645_CMP0 ($eq).
Removed top 1 bits (of 6) from port B of cell conv1d_large_benchmark_top.$flatten\conv.\impl.$procmux$646_CMP0 ($eq).
Removed top 1 bits (of 6) from port B of cell conv1d_large_benchmark_top.$flatten\conv.\impl.$procmux$647_CMP0 ($eq).
Removed top 1 bits (of 6) from port B of cell conv1d_large_benchmark_top.$flatten\conv.\impl.$procmux$648_CMP0 ($eq).
Removed top 1 bits (of 6) from port B of cell conv1d_large_benchmark_top.$flatten\conv.\impl.$procmux$649_CMP0 ($eq).
Removed top 1 bits (of 6) from port B of cell conv1d_large_benchmark_top.$flatten\conv.\impl.$procmux$650_CMP0 ($eq).
Removed top 1 bits (of 6) from port B of cell conv1d_large_benchmark_top.$flatten\conv.\impl.$procmux$651_CMP0 ($eq).
Removed top 1 bits (of 6) from port B of cell conv1d_large_benchmark_top.$flatten\conv.\impl.$procmux$652_CMP0 ($eq).
Removed top 1 bits (of 6) from port B of cell conv1d_large_benchmark_top.$flatten\conv.\impl.$procmux$653_CMP0 ($eq).
Removed top 1 bits (of 6) from port B of cell conv1d_large_benchmark_top.$flatten\conv.\impl.$procmux$654_CMP0 ($eq).
Removed top 1 bits (of 6) from port B of cell conv1d_large_benchmark_top.$flatten\conv.\impl.$procmux$655_CMP0 ($eq).
Removed top 1 bits (of 6) from port B of cell conv1d_large_benchmark_top.$flatten\conv.\impl.$procmux$656_CMP0 ($eq).
Removed top 1 bits (of 6) from port B of cell conv1d_large_benchmark_top.$flatten\conv.\impl.$procmux$657_CMP0 ($eq).
Removed top 1 bits (of 6) from port B of cell conv1d_large_benchmark_top.$flatten\conv.\impl.$procmux$658_CMP0 ($eq).
Removed top 2 bits (of 6) from port B of cell conv1d_large_benchmark_top.$flatten\conv.\impl.$procmux$659_CMP0 ($eq).
Removed top 2 bits (of 6) from port B of cell conv1d_large_benchmark_top.$flatten\conv.\impl.$procmux$660_CMP0 ($eq).
Removed top 2 bits (of 6) from port B of cell conv1d_large_benchmark_top.$flatten\conv.\impl.$procmux$661_CMP0 ($eq).
Removed top 2 bits (of 6) from port B of cell conv1d_large_benchmark_top.$flatten\conv.\impl.$procmux$662_CMP0 ($eq).
Removed top 2 bits (of 6) from port B of cell conv1d_large_benchmark_top.$flatten\conv.\impl.$procmux$663_CMP0 ($eq).
Removed top 2 bits (of 6) from port B of cell conv1d_large_benchmark_top.$flatten\conv.\impl.$procmux$664_CMP0 ($eq).
Removed top 2 bits (of 6) from port B of cell conv1d_large_benchmark_top.$flatten\conv.\impl.$procmux$665_CMP0 ($eq).
Removed top 2 bits (of 6) from port B of cell conv1d_large_benchmark_top.$flatten\conv.\impl.$procmux$666_CMP0 ($eq).
Removed top 3 bits (of 6) from port B of cell conv1d_large_benchmark_top.$flatten\conv.\impl.$procmux$667_CMP0 ($eq).
Removed top 3 bits (of 6) from port B of cell conv1d_large_benchmark_top.$flatten\conv.\impl.$procmux$668_CMP0 ($eq).
Removed top 3 bits (of 6) from port B of cell conv1d_large_benchmark_top.$flatten\conv.\impl.$procmux$669_CMP0 ($eq).
Removed top 3 bits (of 6) from port B of cell conv1d_large_benchmark_top.$flatten\conv.\impl.$procmux$670_CMP0 ($eq).
Removed top 4 bits (of 6) from port B of cell conv1d_large_benchmark_top.$flatten\conv.\impl.$procmux$671_CMP0 ($eq).
Removed top 4 bits (of 6) from port B of cell conv1d_large_benchmark_top.$flatten\conv.\impl.$procmux$672_CMP0 ($eq).
Removed top 5 bits (of 6) from port B of cell conv1d_large_benchmark_top.$flatten\conv.\impl.$procmux$673_CMP0 ($eq).
Removed top 1 bits (of 3) from port B of cell conv1d_large_benchmark_top.$flatten\conv.\impl.$procmux$692_CMP0 ($eq).
Removed top 1 bits (of 3) from port B of cell conv1d_large_benchmark_top.$flatten\conv.\impl.$procmux$693_CMP0 ($eq).
Removed top 2 bits (of 3) from port B of cell conv1d_large_benchmark_top.$flatten\conv.\impl.$procmux$694_CMP0 ($eq).

5.14. Executing PEEPOPT pass (run peephole optimizers).

5.15. Executing OPT_CLEAN pass (remove unused cells and wires).
Finding unused cells or wires in module \conv1d_large_benchmark_top..

5.16. Executing SHARE pass (SAT-based resource sharing).

5.17. Executing TECHMAP pass (map to technology primitives).

5.17.1. Executing Verilog-2005 frontend: /opt/homebrew/bin/../share/yosys/cmp2lut.v
Parsing Verilog input from `/opt/homebrew/bin/../share/yosys/cmp2lut.v' to AST representation.
Generating RTLIL representation for module `\_90_lut_cmp_'.
Successfully finished Verilog frontend.

5.17.2. Continuing TECHMAP pass.
No more expansions possible.
<suppressed ~6 debug messages>

5.18. Executing OPT_EXPR pass (perform const folding).
Optimizing module conv1d_large_benchmark_top.

5.19. Executing OPT_CLEAN pass (remove unused cells and wires).
Finding unused cells or wires in module \conv1d_large_benchmark_top..

5.20. Executing ALUMACC pass (create $alu and $macc cells).
Extracting $alu and $macc cells in module conv1d_large_benchmark_top:
  creating $macc model for $flatten\conv.\impl.$add$conv1d_large_serial.v:80$558 ($add).
  creating $macc model for $flatten\conv.\impl.$add$conv1d_large_serial.v:85$563 ($add).
  creating $macc model for $flatten\conv.\impl.$add$conv1d_large_serial.v:86$564 ($add).
  creating $macc model for $flatten\conv.\impl.$mul$conv1d_large_serial.v:80$557 ($mul).
  creating $macc model for $flatten\conv.\impl.$mul$conv1d_large_serial.v:85$562 ($mul).
  merging $macc model for $flatten\conv.\impl.$mul$conv1d_large_serial.v:85$562 into $flatten\conv.\impl.$add$conv1d_large_serial.v:85$563.
  merging $macc model for $flatten\conv.\impl.$mul$conv1d_large_serial.v:80$557 into $flatten\conv.\impl.$add$conv1d_large_serial.v:80$558.
  creating $alu model for $macc $flatten\conv.\impl.$add$conv1d_large_serial.v:86$564.
  creating $macc cell for $flatten\conv.\impl.$add$conv1d_large_serial.v:85$563: $auto$alumacc.cc:365:replace_macc$2330
  creating $macc cell for $flatten\conv.\impl.$add$conv1d_large_serial.v:80$558: $auto$alumacc.cc:365:replace_macc$2331
  creating $alu cell for $flatten\conv.\impl.$add$conv1d_large_serial.v:86$564: $auto$alumacc.cc:485:replace_alu$2332
  created 1 $alu and 2 $macc cells.

5.21. Executing OPT pass (performing simple optimizations).

5.21.1. Executing OPT_EXPR pass (perform const folding).
Optimizing module conv1d_large_benchmark_top.

5.21.2. Executing OPT_MERGE pass (detect identical cells).
Finding identical cells in module `\conv1d_large_benchmark_top'.
Removed a total of 0 cells.

5.21.3. Executing OPT_MUXTREE pass (detect dead branches in mux trees).
Running muxtree optimizer on module \conv1d_large_benchmark_top..
  Creating internal representation of mux trees.
  Evaluating internal representation of mux trees.
  Analyzing evaluation results.
Removed 0 multiplexer ports.
<suppressed ~9 debug messages>

5.21.4. Executing OPT_REDUCE pass (consolidate $*mux and $reduce_* inputs).
  Optimizing cells in module \conv1d_large_benchmark_top.
Performed a total of 0 changes.

5.21.5. Executing OPT_MERGE pass (detect identical cells).
Finding identical cells in module `\conv1d_large_benchmark_top'.
Removed a total of 0 cells.

5.21.6. Executing OPT_DFF pass (perform DFF optimizations).

5.21.7. Executing OPT_CLEAN pass (remove unused cells and wires).
Finding unused cells or wires in module \conv1d_large_benchmark_top..
Removed 2 unused cells and 2 unused wires.
<suppressed ~3 debug messages>

5.21.8. Executing OPT_EXPR pass (perform const folding).
Optimizing module conv1d_large_benchmark_top.

5.21.9. Rerunning OPT passes. (Maybe there is more to do..)

5.21.10. Executing OPT_MUXTREE pass (detect dead branches in mux trees).
Running muxtree optimizer on module \conv1d_large_benchmark_top..
  Creating internal representation of mux trees.
  Evaluating internal representation of mux trees.
  Analyzing evaluation results.
Removed 0 multiplexer ports.
<suppressed ~9 debug messages>

5.21.11. Executing OPT_REDUCE pass (consolidate $*mux and $reduce_* inputs).
  Optimizing cells in module \conv1d_large_benchmark_top.
Performed a total of 0 changes.

5.21.12. Executing OPT_MERGE pass (detect identical cells).
Finding identical cells in module `\conv1d_large_benchmark_top'.
Removed a total of 0 cells.

5.21.13. Executing OPT_DFF pass (perform DFF optimizations).

5.21.14. Executing OPT_CLEAN pass (remove unused cells and wires).
Finding unused cells or wires in module \conv1d_large_benchmark_top..

5.21.15. Executing OPT_EXPR pass (perform const folding).
Optimizing module conv1d_large_benchmark_top.

5.21.16. Finished OPT passes. (There is nothing left to do.)

5.22. Executing MEMORY pass.

5.22.1. Executing OPT_MEM pass (optimize memories).
Performed a total of 0 transformations.

5.22.2. Executing OPT_MEM_PRIORITY pass (removing unnecessary memory write priority relations).
Performed a total of 0 transformations.

5.22.3. Executing OPT_MEM_FEEDBACK pass (finding memory read-to-write feedback paths).

5.22.4. Executing MEMORY_BMUX2ROM pass (converting muxes to ROMs).

5.22.5. Executing MEMORY_DFF pass (merging $dff cells to $memrd).

5.22.6. Executing OPT_CLEAN pass (remove unused cells and wires).
Finding unused cells or wires in module \conv1d_large_benchmark_top..

5.22.7. Executing MEMORY_SHARE pass (consolidating $memrd/$memwr cells).

5.22.8. Executing OPT_MEM_WIDEN pass (optimize memories where all ports are wide).
Performed a total of 0 transformations.

5.22.9. Executing OPT_CLEAN pass (remove unused cells and wires).
Finding unused cells or wires in module \conv1d_large_benchmark_top..

5.22.10. Executing MEMORY_COLLECT pass (generating $mem cells).

5.23. Executing OPT_CLEAN pass (remove unused cells and wires).
Finding unused cells or wires in module \conv1d_large_benchmark_top..

5.24. Executing MEMORY_LIBMAP pass (mapping memories to cells).

5.25. Executing TECHMAP pass (map to technology primitives).

5.25.1. Executing Verilog-2005 frontend: /opt/homebrew/bin/../share/yosys/ice40/brams_map.v
Parsing Verilog input from `/opt/homebrew/bin/../share/yosys/ice40/brams_map.v' to AST representation.
Generating RTLIL representation for module `\$__ICE40_RAM4K_'.
Successfully finished Verilog frontend.

5.25.2. Executing Verilog-2005 frontend: /opt/homebrew/bin/../share/yosys/ice40/spram_map.v
Parsing Verilog input from `/opt/homebrew/bin/../share/yosys/ice40/spram_map.v' to AST representation.
Generating RTLIL representation for module `\$__ICE40_SPRAM_'.
Successfully finished Verilog frontend.

5.25.3. Continuing TECHMAP pass.
No more expansions possible.
<suppressed ~4 debug messages>

5.26. Executing ICE40_BRAMINIT pass.

5.27. Executing OPT pass (performing simple optimizations).

5.27.1. Executing OPT_EXPR pass (perform const folding).
Optimizing module conv1d_large_benchmark_top.
<suppressed ~18 debug messages>

5.27.2. Executing OPT_MERGE pass (detect identical cells).
Finding identical cells in module `\conv1d_large_benchmark_top'.
<suppressed ~3 debug messages>
Removed a total of 1 cells.

5.27.3. Executing OPT_DFF pass (perform DFF optimizations).

5.27.4. Executing OPT_CLEAN pass (remove unused cells and wires).
Finding unused cells or wires in module \conv1d_large_benchmark_top..
Removed 1 unused cells and 19 unused wires.
<suppressed ~2 debug messages>

5.27.5. Finished fast OPT passes.

5.28. Executing MEMORY_MAP pass (converting memories to logic and flip-flops).

5.29. Executing OPT pass (performing simple optimizations).

5.29.1. Executing OPT_EXPR pass (perform const folding).
Optimizing module conv1d_large_benchmark_top.

5.29.2. Executing OPT_MERGE pass (detect identical cells).
Finding identical cells in module `\conv1d_large_benchmark_top'.
Removed a total of 0 cells.

5.29.3. Executing OPT_MUXTREE pass (detect dead branches in mux trees).
Running muxtree optimizer on module \conv1d_large_benchmark_top..
  Creating internal representation of mux trees.
  Evaluating internal representation of mux trees.
  Analyzing evaluation results.
Removed 0 multiplexer ports.
<suppressed ~4 debug messages>

5.29.4. Executing OPT_REDUCE pass (consolidate $*mux and $reduce_* inputs).
  Optimizing cells in module \conv1d_large_benchmark_top.
    Consolidated identical input bits for $pmux cell $flatten\conv.\impl.$procmux$688:
      Old ports: A=8'00000010, B=40'1111111100000011000000001111111000000001, Y=$flatten\conv.\impl.$5\tap_weight$func$conv1d_large_serial.v:80$505.$result[7:0]$555
      New ports: A=3'010, B=15'111011000110001, Y=$flatten\conv.\impl.$5\tap_weight$func$conv1d_large_serial.v:80$505.$result[7:0]$555 [2:0]
      New connections: $flatten\conv.\impl.$5\tap_weight$func$conv1d_large_serial.v:80$505.$result[7:0]$555 [7:3] = { $flatten\conv.\impl.$5\tap_weight$func$conv1d_large_serial.v:80$505.$result[7:0]$555 [2] $flatten\conv.\impl.$5\tap_weight$func$conv1d_large_serial.v:80$505.$result[7:0]$555 [2] $flatten\conv.\impl.$5\tap_weight$func$conv1d_large_serial.v:80$505.$result[7:0]$555 [2] $flatten\conv.\impl.$5\tap_weight$func$conv1d_large_serial.v:80$505.$result[7:0]$555 [2] $flatten\conv.\impl.$5\tap_weight$func$conv1d_large_serial.v:80$505.$result[7:0]$555 [2] }
  Optimizing cells in module \conv1d_large_benchmark_top.
Performed a total of 1 changes.

5.29.5. Executing OPT_MERGE pass (detect identical cells).
Finding identical cells in module `\conv1d_large_benchmark_top'.
Removed a total of 0 cells.

5.29.6. Executing OPT_DFF pass (perform DFF optimizations).

5.29.7. Executing OPT_CLEAN pass (remove unused cells and wires).
Finding unused cells or wires in module \conv1d_large_benchmark_top..

5.29.8. Executing OPT_EXPR pass (perform const folding).
Optimizing module conv1d_large_benchmark_top.

5.29.9. Rerunning OPT passes. (Maybe there is more to do..)

5.29.10. Executing OPT_MUXTREE pass (detect dead branches in mux trees).
Running muxtree optimizer on module \conv1d_large_benchmark_top..
  Creating internal representation of mux trees.
  Evaluating internal representation of mux trees.
  Analyzing evaluation results.
Removed 0 multiplexer ports.
<suppressed ~4 debug messages>

5.29.11. Executing OPT_REDUCE pass (consolidate $*mux and $reduce_* inputs).
  Optimizing cells in module \conv1d_large_benchmark_top.
Performed a total of 0 changes.

5.29.12. Executing OPT_MERGE pass (detect identical cells).
Finding identical cells in module `\conv1d_large_benchmark_top'.
Removed a total of 0 cells.

5.29.13. Executing OPT_DFF pass (perform DFF optimizations).

5.29.14. Executing OPT_CLEAN pass (remove unused cells and wires).
Finding unused cells or wires in module \conv1d_large_benchmark_top..

5.29.15. Executing OPT_EXPR pass (perform const folding).
Optimizing module conv1d_large_benchmark_top.

5.29.16. Finished OPT passes. (There is nothing left to do.)

5.30. Executing ICE40_WRAPCARRY pass (wrap carries).

5.31. Executing TECHMAP pass (map to technology primitives).

5.31.1. Executing Verilog-2005 frontend: /opt/homebrew/bin/../share/yosys/techmap.v
Parsing Verilog input from `/opt/homebrew/bin/../share/yosys/techmap.v' to AST representation.
Generating RTLIL representation for module `\_90_simplemap_bool_ops'.
Generating RTLIL representation for module `\_90_simplemap_reduce_ops'.
Generating RTLIL representation for module `\_90_simplemap_logic_ops'.
Generating RTLIL representation for module `\_90_simplemap_compare_ops'.
Generating RTLIL representation for module `\_90_simplemap_various'.
Generating RTLIL representation for module `\_90_simplemap_registers'.
Generating RTLIL representation for module `\_90_shift_ops_shr_shl_sshl_sshr'.
Generating RTLIL representation for module `\_90_shift_shiftx'.
Generating RTLIL representation for module `\_90_fa'.
Generating RTLIL representation for module `\_90_lcu_brent_kung'.
Generating RTLIL representation for module `\_90_alu'.
Generating RTLIL representation for module `\_90_macc'.
Generating RTLIL representation for module `\_90_alumacc'.
Generating RTLIL representation for module `\$__div_mod_u'.
Generating RTLIL representation for module `\$__div_mod_trunc'.
Generating RTLIL representation for module `\_90_div'.
Generating RTLIL representation for module `\_90_mod'.
Generating RTLIL representation for module `\$__div_mod_floor'.
Generating RTLIL representation for module `\_90_divfloor'.
Generating RTLIL representation for module `\_90_modfloor'.
Generating RTLIL representation for module `\_90_pow'.
Generating RTLIL representation for module `\_90_pmux'.
Generating RTLIL representation for module `\_90_demux'.
Generating RTLIL representation for module `\_90_lut'.
Successfully finished Verilog frontend.

5.31.2. Executing Verilog-2005 frontend: /opt/homebrew/bin/../share/yosys/ice40/arith_map.v
Parsing Verilog input from `/opt/homebrew/bin/../share/yosys/ice40/arith_map.v' to AST representation.
Generating RTLIL representation for module `\_80_ice40_alu'.
Successfully finished Verilog frontend.

5.31.3. Continuing TECHMAP pass.
Using extmapper maccmap for cells of type $macc.
  add \conv.impl.acc (32 bits, signed)
  add $flatten\conv.\impl.$5$mem2reg_rd$\tap$conv1d_large_serial.v:80$507_DATA[7:0]$556 * { $flatten\conv.\impl.$5\tap_weight$func$conv1d_large_serial.v:80$505.$result[7:0]$555 [7] $flatten\conv.\impl.$5\tap_weight$func$conv1d_large_serial.v:80$505.$result[7:0]$555 [7] $flatten\conv.\impl.$5\tap_weight$func$conv1d_large_serial.v:80$505.$result[7:0]$555 [7] $flatten\conv.\impl.$5\tap_weight$func$conv1d_large_serial.v:80$505.$result[7:0]$555 [7] $flatten\conv.\impl.$5\tap_weight$func$conv1d_large_serial.v:80$505.$result[7:0]$555 [7] $flatten\conv.\impl.$5\tap_weight$func$conv1d_large_serial.v:80$505.$result[7:0]$555 [7] $flatten\conv.\impl.$5\tap_weight$func$conv1d_large_serial.v:80$505.$result[7:0]$555 [1:0] } (8x8 bits, signed)
Using extmapper simplemap for cells of type $reduce_or.
Using extmapper simplemap for cells of type $not.
Using extmapper simplemap for cells of type $reduce_and.
Using extmapper simplemap for cells of type $logic_and.
Using extmapper simplemap for cells of type $eq.
Using template $paramod$2af30114e9bd4ccb04dad757b3f0a8f6bf0615b0\_80_ice40_alu for cells of type $alu.
Using template $paramod$4702e08009dc7c9e40ffb864e7afd606e21026ef\_90_pmux for cells of type $pmux.
Using template $paramod$56f7ce6d87f8add68ca646dc02d7695a3189f8e5\_90_pmux for cells of type $pmux.
Using extmapper simplemap for cells of type $sdff.
Using extmapper simplemap for cells of type $mux.
Using extmapper simplemap for cells of type $sdffe.
Using extmapper simplemap for cells of type $logic_not.
Using extmapper simplemap for cells of type $and.
Using template $paramod\_90_fa\WIDTH=32'00000000000000000000000000100000 for cells of type $fa.
Using template $paramod$fbc7873bff55778c0b3173955b7e4bce1d9d6834\_80_ice40_alu for cells of type $alu.
Using extmapper simplemap for cells of type $xor.
Using extmapper simplemap for cells of type $pos.
Using extmapper simplemap for cells of type $or.
No more expansions possible.
<suppressed ~456 debug messages>

5.32. Executing OPT pass (performing simple optimizations).

5.32.1. Executing OPT_EXPR pass (perform const folding).
Optimizing module conv1d_large_benchmark_top.
<suppressed ~782 debug messages>

5.32.2. Executing OPT_MERGE pass (detect identical cells).
Finding identical cells in module `\conv1d_large_benchmark_top'.
<suppressed ~2874 debug messages>
Removed a total of 958 cells.

5.32.3. Executing OPT_DFF pass (perform DFF optimizations).

5.32.4. Executing OPT_CLEAN pass (remove unused cells and wires).
Finding unused cells or wires in module \conv1d_large_benchmark_top..
Removed 79 unused cells and 758 unused wires.
<suppressed ~80 debug messages>

5.32.5. Finished fast OPT passes.

5.33. Executing ICE40_OPT pass (performing simple optimizations).

5.33.1. Running ICE40 specific optimizations.
Optimized $__ICE40_CARRY_WRAPPER cell back to logic (without SB_CARRY) conv1d_large_benchmark_top.$auto$alumacc.cc:485:replace_alu$2332.slice[0].carry: CO=\conv.impl.tap_index [0]
Optimized $__ICE40_CARRY_WRAPPER cell back to logic (without SB_CARRY) conv1d_large_benchmark_top.$auto$maccmap.cc:240:synth$2477.slice[0].carry: CO=1'0

5.33.2. Executing OPT_EXPR pass (perform const folding).
Optimizing module conv1d_large_benchmark_top.
<suppressed ~8 debug messages>

5.33.3. Executing OPT_MERGE pass (detect identical cells).
Finding identical cells in module `\conv1d_large_benchmark_top'.
<suppressed ~9 debug messages>
Removed a total of 3 cells.

5.33.4. Executing OPT_DFF pass (perform DFF optimizations).

5.33.5. Executing OPT_CLEAN pass (remove unused cells and wires).
Finding unused cells or wires in module \conv1d_large_benchmark_top..

5.33.6. Rerunning OPT passes. (Removed registers in this run.)

5.33.7. Running ICE40 specific optimizations.
Optimized $__ICE40_CARRY_WRAPPER cell back to logic (without SB_CARRY) conv1d_large_benchmark_top.$auto$maccmap.cc:240:synth$2477.slice[1].carry: CO=1'0

5.33.8. Executing OPT_EXPR pass (perform const folding).
Optimizing module conv1d_large_benchmark_top.

5.33.9. Executing OPT_MERGE pass (detect identical cells).
Finding identical cells in module `\conv1d_large_benchmark_top'.
Removed a total of 0 cells.

5.33.10. Executing OPT_DFF pass (perform DFF optimizations).

5.33.11. Executing OPT_CLEAN pass (remove unused cells and wires).
Finding unused cells or wires in module \conv1d_large_benchmark_top..

5.33.12. Rerunning OPT passes. (Removed registers in this run.)

5.33.13. Running ICE40 specific optimizations.
Optimized $__ICE40_CARRY_WRAPPER cell back to logic (without SB_CARRY) conv1d_large_benchmark_top.$auto$maccmap.cc:240:synth$2477.slice[2].carry: CO=1'0

5.33.14. Executing OPT_EXPR pass (perform const folding).
Optimizing module conv1d_large_benchmark_top.

5.33.15. Executing OPT_MERGE pass (detect identical cells).
Finding identical cells in module `\conv1d_large_benchmark_top'.
Removed a total of 0 cells.

5.33.16. Executing OPT_DFF pass (perform DFF optimizations).

5.33.17. Executing OPT_CLEAN pass (remove unused cells and wires).
Finding unused cells or wires in module \conv1d_large_benchmark_top..

5.33.18. Rerunning OPT passes. (Removed registers in this run.)

5.33.19. Running ICE40 specific optimizations.
Optimized $__ICE40_CARRY_WRAPPER cell back to logic (without SB_CARRY) conv1d_large_benchmark_top.$auto$maccmap.cc:240:synth$2477.slice[3].carry: CO=1'0

5.33.20. Executing OPT_EXPR pass (perform const folding).
Optimizing module conv1d_large_benchmark_top.

5.33.21. Executing OPT_MERGE pass (detect identical cells).
Finding identical cells in module `\conv1d_large_benchmark_top'.
Removed a total of 0 cells.

5.33.22. Executing OPT_DFF pass (perform DFF optimizations).

5.33.23. Executing OPT_CLEAN pass (remove unused cells and wires).
Finding unused cells or wires in module \conv1d_large_benchmark_top..

5.33.24. Rerunning OPT passes. (Removed registers in this run.)

5.33.25. Running ICE40 specific optimizations.

5.33.26. Executing OPT_EXPR pass (perform const folding).
Optimizing module conv1d_large_benchmark_top.

5.33.27. Executing OPT_MERGE pass (detect identical cells).
Finding identical cells in module `\conv1d_large_benchmark_top'.
Removed a total of 0 cells.

5.33.28. Executing OPT_DFF pass (perform DFF optimizations).

5.33.29. Executing OPT_CLEAN pass (remove unused cells and wires).
Finding unused cells or wires in module \conv1d_large_benchmark_top..

5.33.30. Finished OPT passes. (There is nothing left to do.)

5.34. Executing DFFLEGALIZE pass (convert FFs to types supported by the target).

5.35. Executing TECHMAP pass (map to technology primitives).

5.35.1. Executing Verilog-2005 frontend: /opt/homebrew/bin/../share/yosys/ice40/ff_map.v
Parsing Verilog input from `/opt/homebrew/bin/../share/yosys/ice40/ff_map.v' to AST representation.
Generating RTLIL representation for module `\$_DFF_N_'.
Generating RTLIL representation for module `\$_DFF_P_'.
Generating RTLIL representation for module `\$_DFFE_NP_'.
Generating RTLIL representation for module `\$_DFFE_PP_'.
Generating RTLIL representation for module `\$_DFF_NP0_'.
Generating RTLIL representation for module `\$_DFF_NP1_'.
Generating RTLIL representation for module `\$_DFF_PP0_'.
Generating RTLIL representation for module `\$_DFF_PP1_'.
Generating RTLIL representation for module `\$_DFFE_NP0P_'.
Generating RTLIL representation for module `\$_DFFE_NP1P_'.
Generating RTLIL representation for module `\$_DFFE_PP0P_'.
Generating RTLIL representation for module `\$_DFFE_PP1P_'.
Generating RTLIL representation for module `\$_SDFF_NP0_'.
Generating RTLIL representation for module `\$_SDFF_NP1_'.
Generating RTLIL representation for module `\$_SDFF_PP0_'.
Generating RTLIL representation for module `\$_SDFF_PP1_'.
Generating RTLIL representation for module `\$_SDFFCE_NP0P_'.
Generating RTLIL representation for module `\$_SDFFCE_NP1P_'.
Generating RTLIL representation for module `\$_SDFFCE_PP0P_'.
Generating RTLIL representation for module `\$_SDFFCE_PP1P_'.
Successfully finished Verilog frontend.

5.35.2. Continuing TECHMAP pass.
Using template \$_SDFFCE_PP0P_ for cells of type $_SDFFCE_PP0P_.
Using template \$_SDFF_PP0_ for cells of type $_SDFF_PP0_.
No more expansions possible.
<suppressed ~616 debug messages>

5.36. Executing OPT_EXPR pass (perform const folding).
Optimizing module conv1d_large_benchmark_top.

5.37. Executing SIMPLEMAP pass (map simple cells to gate primitives).
Mapping conv1d_large_benchmark_top.$auto$alumacc.cc:485:replace_alu$2332.slice[0].carry ($lut).
Mapping conv1d_large_benchmark_top.$auto$maccmap.cc:240:synth$2477.slice[0].carry ($lut).
Mapping conv1d_large_benchmark_top.$auto$maccmap.cc:240:synth$2477.slice[1].carry ($lut).
Mapping conv1d_large_benchmark_top.$auto$maccmap.cc:240:synth$2477.slice[2].carry ($lut).
Mapping conv1d_large_benchmark_top.$auto$maccmap.cc:240:synth$2477.slice[3].carry ($lut).

5.38. Executing ICE40_OPT pass (performing simple optimizations).

5.38.1. Running ICE40 specific optimizations.

5.38.2. Executing OPT_EXPR pass (perform const folding).
Optimizing module conv1d_large_benchmark_top.
<suppressed ~86 debug messages>

5.38.3. Executing OPT_MERGE pass (detect identical cells).
Finding identical cells in module `\conv1d_large_benchmark_top'.
<suppressed ~1785 debug messages>
Removed a total of 595 cells.

5.38.4. Executing OPT_DFF pass (perform DFF optimizations).

5.38.5. Executing OPT_CLEAN pass (remove unused cells and wires).
Finding unused cells or wires in module \conv1d_large_benchmark_top..
Removed 4 unused cells and 4172 unused wires.
<suppressed ~5 debug messages>

5.38.6. Rerunning OPT passes. (Removed registers in this run.)

5.38.7. Running ICE40 specific optimizations.

5.38.8. Executing OPT_EXPR pass (perform const folding).
Optimizing module conv1d_large_benchmark_top.

5.38.9. Executing OPT_MERGE pass (detect identical cells).
Finding identical cells in module `\conv1d_large_benchmark_top'.
Removed a total of 0 cells.

5.38.10. Executing OPT_DFF pass (perform DFF optimizations).

5.38.11. Executing OPT_CLEAN pass (remove unused cells and wires).
Finding unused cells or wires in module \conv1d_large_benchmark_top..

5.38.12. Finished OPT passes. (There is nothing left to do.)

5.39. Executing TECHMAP pass (map to technology primitives).

5.39.1. Executing Verilog-2005 frontend: /opt/homebrew/bin/../share/yosys/ice40/latches_map.v
Parsing Verilog input from `/opt/homebrew/bin/../share/yosys/ice40/latches_map.v' to AST representation.
Generating RTLIL representation for module `\$_DLATCH_N_'.
Generating RTLIL representation for module `\$_DLATCH_P_'.
Successfully finished Verilog frontend.

5.39.2. Continuing TECHMAP pass.
No more expansions possible.
<suppressed ~4 debug messages>

5.40. Executing Verilog-2005 frontend: /opt/homebrew/bin/../share/yosys/ice40/abc9_model.v
Parsing Verilog input from `/opt/homebrew/bin/../share/yosys/ice40/abc9_model.v' to AST representation.
Generating RTLIL representation for module `$__ICE40_CARRY_WRAPPER'.
Successfully finished Verilog frontend.

5.41. Executing ABC9 pass.

5.41.1. Executing ABC9_OPS pass (helper functions for ABC9).

5.41.2. Executing ABC9_OPS pass (helper functions for ABC9).

5.41.3. Executing SCC pass (detecting logic loops).
Found 0 SCCs in module conv1d_large_benchmark_top.
Found 0 SCCs.

5.41.4. Executing ABC9_OPS pass (helper functions for ABC9).

5.41.5. Executing PROC pass (convert processes to netlists).

5.41.5.1. Executing PROC_CLEAN pass (remove empty switches from decision trees).
Cleaned up 0 empty switches.

5.41.5.2. Executing PROC_RMDEAD pass (remove dead branches from decision trees).
Removed a total of 0 dead cases.

5.41.5.3. Executing PROC_PRUNE pass (remove redundant assignments in processes).
Removed 0 redundant assignments.
Promoted 0 assignments to connections.

5.41.5.4. Executing PROC_INIT pass (extract init attributes).

5.41.5.5. Executing PROC_ARST pass (detect async resets in processes).

5.41.5.6. Executing PROC_ROM pass (convert switches to ROMs).
Converted 0 switches.

5.41.5.7. Executing PROC_MUX pass (convert decision trees to multiplexers).

5.41.5.8. Executing PROC_DLATCH pass (convert process syncs to latches).

5.41.5.9. Executing PROC_DFF pass (convert process syncs to FFs).

5.41.5.10. Executing PROC_MEMWR pass (convert process memory writes to cells).

5.41.5.11. Executing PROC_CLEAN pass (remove empty switches from decision trees).
Cleaned up 0 empty switches.

5.41.5.12. Executing OPT_EXPR pass (perform const folding).

5.41.6. Executing TECHMAP pass (map to technology primitives).

5.41.6.1. Executing Verilog-2005 frontend: /opt/homebrew/bin/../share/yosys/techmap.v
Parsing Verilog input from `/opt/homebrew/bin/../share/yosys/techmap.v' to AST representation.
Generating RTLIL representation for module `\_90_simplemap_bool_ops'.
Generating RTLIL representation for module `\_90_simplemap_reduce_ops'.
Generating RTLIL representation for module `\_90_simplemap_logic_ops'.
Generating RTLIL representation for module `\_90_simplemap_compare_ops'.
Generating RTLIL representation for module `\_90_simplemap_various'.
Generating RTLIL representation for module `\_90_simplemap_registers'.
Generating RTLIL representation for module `\_90_shift_ops_shr_shl_sshl_sshr'.
Generating RTLIL representation for module `\_90_shift_shiftx'.
Generating RTLIL representation for module `\_90_fa'.
Generating RTLIL representation for module `\_90_lcu_brent_kung'.
Generating RTLIL representation for module `\_90_alu'.
Generating RTLIL representation for module `\_90_macc'.
Generating RTLIL representation for module `\_90_alumacc'.
Generating RTLIL representation for module `\$__div_mod_u'.
Generating RTLIL representation for module `\$__div_mod_trunc'.
Generating RTLIL representation for module `\_90_div'.
Generating RTLIL representation for module `\_90_mod'.
Generating RTLIL representation for module `\$__div_mod_floor'.
Generating RTLIL representation for module `\_90_divfloor'.
Generating RTLIL representation for module `\_90_modfloor'.
Generating RTLIL representation for module `\_90_pow'.
Generating RTLIL representation for module `\_90_pmux'.
Generating RTLIL representation for module `\_90_demux'.
Generating RTLIL representation for module `\_90_lut'.
Successfully finished Verilog frontend.

5.41.6.2. Continuing TECHMAP pass.
No more expansions possible.
<suppressed ~126 debug messages>

5.41.7. Executing OPT pass (performing simple optimizations).

5.41.7.1. Executing OPT_EXPR pass (perform const folding).

5.41.7.2. Executing OPT_MERGE pass (detect identical cells).
Removed a total of 0 cells.

5.41.7.3. Executing OPT_MUXTREE pass (detect dead branches in mux trees).
Removed 0 multiplexer ports.

5.41.7.4. Executing OPT_REDUCE pass (consolidate $*mux and $reduce_* inputs).
Performed a total of 0 changes.

5.41.7.5. Executing OPT_MERGE pass (detect identical cells).
Removed a total of 0 cells.

5.41.7.6. Executing OPT_DFF pass (perform DFF optimizations).

5.41.7.7. Executing OPT_CLEAN pass (remove unused cells and wires).

5.41.7.8. Executing OPT_EXPR pass (perform const folding).

5.41.7.9. Finished OPT passes. (There is nothing left to do.)

5.41.8. Executing TECHMAP pass (map to technology primitives).

5.41.8.1. Executing Verilog-2005 frontend: /opt/homebrew/bin/../share/yosys/abc9_map.v
Parsing Verilog input from `/opt/homebrew/bin/../share/yosys/abc9_map.v' to AST representation.
Successfully finished Verilog frontend.

5.41.8.2. Continuing TECHMAP pass.
No more expansions possible.
<suppressed ~2 debug messages>

5.41.9. Executing Verilog-2005 frontend: /opt/homebrew/bin/../share/yosys/abc9_model.v
Parsing Verilog input from `/opt/homebrew/bin/../share/yosys/abc9_model.v' to AST representation.
Generating RTLIL representation for module `$__ABC9_DELAY'.
Generating RTLIL representation for module `$__ABC9_SCC_BREAKER'.
Generating RTLIL representation for module `$__DFF_N__$abc9_flop'.
Generating RTLIL representation for module `$__DFF_P__$abc9_flop'.
Successfully finished Verilog frontend.

5.41.10. Executing ABC9_OPS pass (helper functions for ABC9).
<suppressed ~1190 debug messages>

5.41.11. Executing ABC9_OPS pass (helper functions for ABC9).

5.41.12. Executing ABC9_OPS pass (helper functions for ABC9).
<suppressed ~2 debug messages>

5.41.13. Executing TECHMAP pass (map to technology primitives).

5.41.13.1. Executing Verilog-2005 frontend: /opt/homebrew/bin/../share/yosys/techmap.v
Parsing Verilog input from `/opt/homebrew/bin/../share/yosys/techmap.v' to AST representation.
Generating RTLIL representation for module `\_90_simplemap_bool_ops'.
Generating RTLIL representation for module `\_90_simplemap_reduce_ops'.
Generating RTLIL representation for module `\_90_simplemap_logic_ops'.
Generating RTLIL representation for module `\_90_simplemap_compare_ops'.
Generating RTLIL representation for module `\_90_simplemap_various'.
Generating RTLIL representation for module `\_90_simplemap_registers'.
Generating RTLIL representation for module `\_90_shift_ops_shr_shl_sshl_sshr'.
Generating RTLIL representation for module `\_90_shift_shiftx'.
Generating RTLIL representation for module `\_90_fa'.
Generating RTLIL representation for module `\_90_lcu_brent_kung'.
Generating RTLIL representation for module `\_90_alu'.
Generating RTLIL representation for module `\_90_macc'.
Generating RTLIL representation for module `\_90_alumacc'.
Generating RTLIL representation for module `\$__div_mod_u'.
Generating RTLIL representation for module `\$__div_mod_trunc'.
Generating RTLIL representation for module `\_90_div'.
Generating RTLIL representation for module `\_90_mod'.
Generating RTLIL representation for module `\$__div_mod_floor'.
Generating RTLIL representation for module `\_90_divfloor'.
Generating RTLIL representation for module `\_90_modfloor'.
Generating RTLIL representation for module `\_90_pow'.
Generating RTLIL representation for module `\_90_pmux'.
Generating RTLIL representation for module `\_90_demux'.
Generating RTLIL representation for module `\_90_lut'.
Successfully finished Verilog frontend.

5.41.13.2. Continuing TECHMAP pass.
Using template $paramod$__ICE40_CARRY_WRAPPER\LUT=16'0110100110010110\I3_IS_CI=1'1 for cells of type $paramod$__ICE40_CARRY_WRAPPER\LUT=16'0110100110010110\I3_IS_CI=1'1.
Using template SB_CARRY for cells of type SB_CARRY.
Using template $paramod\SB_LUT4\LUT_INIT=16'0110100110010110 for cells of type SB_LUT4.
Using extmapper simplemap for cells of type $mux.
Using extmapper simplemap for cells of type $logic_or.
Using extmapper simplemap for cells of type $logic_and.
No more expansions possible.
<suppressed ~147 debug messages>

5.41.14. Executing OPT pass (performing simple optimizations).

5.41.14.1. Executing OPT_EXPR pass (perform const folding).
Optimizing module conv1d_large_benchmark_top.
<suppressed ~4 debug messages>

5.41.14.2. Executing OPT_MERGE pass (detect identical cells).
Finding identical cells in module `\conv1d_large_benchmark_top'.
<suppressed ~29 debug messages>
Removed a total of 12 cells.

5.41.14.3. Executing OPT_MUXTREE pass (detect dead branches in mux trees).
Running muxtree optimizer on module \conv1d_large_benchmark_top..
  Creating internal representation of mux trees.
  No muxes found in this module.
Removed 0 multiplexer ports.

5.41.14.4. Executing OPT_REDUCE pass (consolidate $*mux and $reduce_* inputs).
  Optimizing cells in module \conv1d_large_benchmark_top.
Performed a total of 0 changes.

5.41.14.5. Executing OPT_MERGE pass (detect identical cells).
Finding identical cells in module `\conv1d_large_benchmark_top'.
Removed a total of 0 cells.

5.41.14.6. Executing OPT_DFF pass (perform DFF optimizations).

5.41.14.7. Executing OPT_CLEAN pass (remove unused cells and wires).
Finding unused cells or wires in module \conv1d_large_benchmark_top..
Removed 0 unused cells and 24 unused wires.
<suppressed ~1 debug messages>

5.41.14.8. Executing OPT_EXPR pass (perform const folding).
Optimizing module conv1d_large_benchmark_top.

5.41.14.9. Rerunning OPT passes. (Maybe there is more to do..)

5.41.14.10. Executing OPT_MUXTREE pass (detect dead branches in mux trees).
Running muxtree optimizer on module \conv1d_large_benchmark_top..
  Creating internal representation of mux trees.
  No muxes found in this module.
Removed 0 multiplexer ports.

5.41.14.11. Executing OPT_REDUCE pass (consolidate $*mux and $reduce_* inputs).
  Optimizing cells in module \conv1d_large_benchmark_top.
Performed a total of 0 changes.

5.41.14.12. Executing OPT_MERGE pass (detect identical cells).
Finding identical cells in module `\conv1d_large_benchmark_top'.
Removed a total of 0 cells.

5.41.14.13. Executing OPT_DFF pass (perform DFF optimizations).

5.41.14.14. Executing OPT_CLEAN pass (remove unused cells and wires).
Finding unused cells or wires in module \conv1d_large_benchmark_top..

5.41.14.15. Executing OPT_EXPR pass (perform const folding).
Optimizing module conv1d_large_benchmark_top.

5.41.14.16. Finished OPT passes. (There is nothing left to do.)

5.41.15. Executing AIGMAP pass (map logic to AIG).
Module conv1d_large_benchmark_top: replaced 7 cells with 43 new cells, skipped 11 cells.
  replaced 2 cell types:
       2 $_OR_
       5 $_MUX_
  not replaced 3 cell types:
       8 $specify2
       1 $_NOT_
       2 $_AND_

5.41.16. Executing AIGMAP pass (map logic to AIG).
Module conv1d_large_benchmark_top: replaced 1122 cells with 5427 new cells, skipped 2766 cells.
  replaced 3 cell types:
     809 $_OR_
     304 $_XOR_
       9 $_MUX_
  not replaced 8 cell types:
       2 $scopeinfo
      86 $_NOT_
     853 $_AND_
       2 SB_DFFSR
     592 SB_DFFESR
      43 $paramod$__ICE40_CARRY_WRAPPER\LUT=16'0110100110010110\I3_IS_CI=1'1
     594 $paramod$__ABC9_DELAY\DELAY=32'00000000000000000000000000010101
     594 $paramod$__ABC9_DELAY\DELAY=32'00000000000000000000000011001011

5.41.16.1. Executing ABC9_OPS pass (helper functions for ABC9).

5.41.16.2. Executing ABC9_OPS pass (helper functions for ABC9).

5.41.16.3. Executing XAIGER backend.
<suppressed ~605 debug messages>
Extracted 2601 AND gates and 8294 wires from module `conv1d_large_benchmark_top' to a netlist network with 605 inputs and 1226 outputs.

5.41.16.4. Executing ABC9_EXE pass (technology mapping using ABC9).

5.41.16.5. Executing ABC9.
Running ABC command: "<yosys-exe-dir>/yosys-abc" -s -f <abc-temp-dir>/abc.script 2>&1
ABC: ABC command line: "source <abc-temp-dir>/abc.script".
ABC: 
ABC: + read_lut <abc-temp-dir>/input.lut 
ABC: + read_box <abc-temp-dir>/input.box 
ABC: + &read <abc-temp-dir>/input.xaig 
ABC: + &ps 
ABC: <abc-temp-dir>/input : i/o =    605/   1226  and =    2305  lev =   33 (0.79)  mem = 0.10 MB  box = 1231  bb = 1188
ABC: + &scorr 
ABC: Warning: The network is combinational.
ABC: + &sweep 
ABC: + &dc2 
ABC: + &dch -f 
ABC: + &ps 
ABC: <abc-temp-dir>/input : i/o =    605/   1226  and =    3089  lev =   32 (0.70)  mem = 0.11 MB  ch =  112  box = 1231  bb = 1188
ABC: + &if -W 250 -v 
ABC: K = 4. Memory (bytes): Truth =    0. Cut =   52. Obj =  136. Set =  564. CutMin = no
ABC: Node =    3089.  Ch =   101.  Total mem =    1.10 MB. Peak cut mem =    0.09 MB.
ABC: P:  Del = 10778.00.  Ar =    1366.0.  Edge =     4826.  Cut =    23018.  T =     0.00 sec
ABC: P:  Del = 10722.00.  Ar =    1351.0.  Edge =     5343.  Cut =    22496.  T =     0.00 sec
ABC: P:  Del = 10722.00.  Ar =    1319.0.  Edge =     4697.  Cut =    25024.  T =     0.00 sec
ABC: F:  Del = 10722.00.  Ar =    1204.0.  Edge =     4462.  Cut =    16594.  T =     0.00 sec
ABC: A:  Del = 10722.00.  Ar =    1160.0.  Edge =     3805.  Cut =    16244.  T =     0.00 sec
ABC: A:  Del = 10722.00.  Ar =    1158.0.  Edge =     3803.  Cut =    16245.  T =     0.00 sec
ABC: Total time =     0.02 sec
ABC: + &write -n <abc-temp-dir>/output.aig 
ABC: + &mfs 
ABC: + &ps -l 
ABC: <abc-temp-dir>/input : i/o =    605/   1226  and =    3474  lev =   33 (0.68)  mem = 0.11 MB  box = 1231  bb = 1188
ABC: Mapping (K=4)  :  lut =   1021  edge =    3179  lev =   12 (0.29)  Boxes are not in a topological order. Switching to level computation without boxes.
ABC: levB =   33  mem = 0.05 MB
ABC: LUT = 1021 : 2=244 23.9 %  3=417 40.8 %  4=360 35.3 %  Ave = 3.11
ABC: + &write -n <abc-temp-dir>/output.aig 
ABC: + time 
ABC: elapse: 5.24 seconds, total: 5.24 seconds

5.41.16.6. Executing AIGER frontend.
<suppressed ~3674 debug messages>
Removed 4837 unused cells and 9346 unused wires.

5.41.16.7. Executing ABC9_OPS pass (helper functions for ABC9).
ABC RESULTS:              $lut cells:     1023
ABC RESULTS:   $paramod$__ICE40_CARRY_WRAPPER\LUT=16'0110100110010110\I3_IS_CI=1'1 cells:       43
ABC RESULTS:           input signals:       71
ABC RESULTS:          output signals:     1195
Removing temp directory.

5.41.17. Executing TECHMAP pass (map to technology primitives).

5.41.17.1. Executing Verilog-2005 frontend: /opt/homebrew/bin/../share/yosys/abc9_unmap.v
Parsing Verilog input from `/opt/homebrew/bin/../share/yosys/abc9_unmap.v' to AST representation.
Generating RTLIL representation for module `\$__DFF_x__$abc9_flop'.
Generating RTLIL representation for module `\$__ABC9_SCC_BREAKER'.
Successfully finished Verilog frontend.

5.41.17.2. Continuing TECHMAP pass.
Using template $paramod$__ICE40_CARRY_WRAPPER\LUT=16'0110100110010110\I3_IS_CI=1'1 for cells of type $paramod$__ICE40_CARRY_WRAPPER\LUT=16'0110100110010110\I3_IS_CI=1'1.
No more expansions possible.
<suppressed ~49 debug messages>

5.42. Executing ICE40_WRAPCARRY pass (wrap carries).

5.43. Executing TECHMAP pass (map to technology primitives).

5.43.1. Executing Verilog-2005 frontend: /opt/homebrew/bin/../share/yosys/ice40/ff_map.v
Parsing Verilog input from `/opt/homebrew/bin/../share/yosys/ice40/ff_map.v' to AST representation.
Generating RTLIL representation for module `\$_DFF_N_'.
Generating RTLIL representation for module `\$_DFF_P_'.
Generating RTLIL representation for module `\$_DFFE_NP_'.
Generating RTLIL representation for module `\$_DFFE_PP_'.
Generating RTLIL representation for module `\$_DFF_NP0_'.
Generating RTLIL representation for module `\$_DFF_NP1_'.
Generating RTLIL representation for module `\$_DFF_PP0_'.
Generating RTLIL representation for module `\$_DFF_PP1_'.
Generating RTLIL representation for module `\$_DFFE_NP0P_'.
Generating RTLIL representation for module `\$_DFFE_NP1P_'.
Generating RTLIL representation for module `\$_DFFE_PP0P_'.
Generating RTLIL representation for module `\$_DFFE_PP1P_'.
Generating RTLIL representation for module `\$_SDFF_NP0_'.
Generating RTLIL representation for module `\$_SDFF_NP1_'.
Generating RTLIL representation for module `\$_SDFF_PP0_'.
Generating RTLIL representation for module `\$_SDFF_PP1_'.
Generating RTLIL representation for module `\$_SDFFCE_NP0P_'.
Generating RTLIL representation for module `\$_SDFFCE_NP1P_'.
Generating RTLIL representation for module `\$_SDFFCE_PP0P_'.
Generating RTLIL representation for module `\$_SDFFCE_PP1P_'.
Successfully finished Verilog frontend.

5.43.2. Continuing TECHMAP pass.
No more expansions possible.
<suppressed ~22 debug messages>
Removed 42 unused cells and 9049 unused wires.

5.44. Executing OPT_LUT pass (optimize LUTs).
Discovering LUTs.
Number of LUTs:     1066
  1-LUT                2
  2-LUT              245
  3-LUT              459
  4-LUT              360
  with \SB_CARRY    (#0)   41
  with \SB_CARRY    (#1)   41

Eliminating LUTs.
Number of LUTs:     1066
  1-LUT                2
  2-LUT              245
  3-LUT              459
  4-LUT              360
  with \SB_CARRY    (#0)   41
  with \SB_CARRY    (#1)   41

Combining LUTs.
Number of LUTs:     1064
  1-LUT                2
  2-LUT              243
  3-LUT              457
  4-LUT              362
  with \SB_CARRY    (#0)   41
  with \SB_CARRY    (#1)   41

Eliminated 0 LUTs.
Combined 2 LUTs.
<suppressed ~5880 debug messages>

5.45. Executing TECHMAP pass (map to technology primitives).

5.45.1. Executing Verilog-2005 frontend: /opt/homebrew/bin/../share/yosys/ice40/cells_map.v
Parsing Verilog input from `/opt/homebrew/bin/../share/yosys/ice40/cells_map.v' to AST representation.
Generating RTLIL representation for module `\$lut'.
Successfully finished Verilog frontend.

5.45.2. Continuing TECHMAP pass.
Using template $paramod\$lut\WIDTH=32'00000000000000000000000000000010\LUT=4'1000 for cells of type $lut.
Using template $paramod$f9813472aa48e533b3838c6f2316dc2e78c66111\$lut for cells of type $lut.
Using template $paramod\$lut\WIDTH=32'00000000000000000000000000000011\LUT=8'10000000 for cells of type $lut.
Using template $paramod$6e238df02989b317f10820a22773676e71120644\$lut for cells of type $lut.
Using template $paramod\$lut\WIDTH=32'00000000000000000000000000000010\LUT=4'0100 for cells of type $lut.
Using template $paramod$30305e55a780880b9c824fe3509a4d981acb0f2b\$lut for cells of type $lut.
Using template $paramod$658b9ed803f0d3d335616d3858b53e0a2522f1e8\$lut for cells of type $lut.
Using template $paramod$6d6beead1425af15cf78b27fd9b11b41b5d4bce8\$lut for cells of type $lut.
Using template $paramod\$lut\WIDTH=32'00000000000000000000000000000010\LUT=4'0001 for cells of type $lut.
Using template $paramod\$lut\WIDTH=32'00000000000000000000000000000011\LUT=8'00010000 for cells of type $lut.
Using template $paramod$101238f3d8d49ab12a9b49a2f01cd503b26e9c61\$lut for cells of type $lut.
Using template $paramod$c28a8b7ce0535d090c4cfb52e9c74affd52b110c\$lut for cells of type $lut.
Using template $paramod\$lut\WIDTH=32'00000000000000000000000000000010\LUT=4'0010 for cells of type $lut.
Using template $paramod$47a8214374025465e226fa66bee690ff33268a25\$lut for cells of type $lut.
Using template $paramod$272652f6c6fbe9a75eff76e45cc7e2788835518b\$lut for cells of type $lut.
Using template $paramod\$lut\WIDTH=32'00000000000000000000000000000011\LUT=8'00000111 for cells of type $lut.
Using template $paramod$571404c0889eaf57f492cb5e37f8acb5df5852f9\$lut for cells of type $lut.
Using template $paramod$364c9ffbffac467d60dfec81bba4e18476c15602\$lut for cells of type $lut.
Using template $paramod$f8f63b209b7230e81958663ff24fef1613156af7\$lut for cells of type $lut.
Using template $paramod\$lut\WIDTH=32'00000000000000000000000000000011\LUT=8'00000001 for cells of type $lut.
Using template $paramod$66caeb00a39d236782a97659e3bd99621b74681b\$lut for cells of type $lut.
Using template $paramod\$lut\WIDTH=32'00000000000000000000000000000001\LUT=2'01 for cells of type $lut.
Using template $paramod$d6ca727e39f31d51d29072e0f33aa09c65e37336\$lut for cells of type $lut.
Using template $paramod$8e44661def013b6bf9fe6f8b049ef2c838d749f9\$lut for cells of type $lut.
Using template $paramod\$lut\WIDTH=32'00000000000000000000000000000011\LUT=8'01000000 for cells of type $lut.
Using template $paramod$e51a8a571bee774247b38f52d6e85fd62ae52cea\$lut for cells of type $lut.
Using template $paramod$873c285bdccf0ac2b60d2304ea5cd14bf211d2a6\$lut for cells of type $lut.
Using template $paramod$5e9374f44a27c3f8a1c38af244ec43ceb4fb8d4f\$lut for cells of type $lut.
Using template $paramod\$lut\WIDTH=32'00000000000000000000000000000011\LUT=8'11100001 for cells of type $lut.
Using template $paramod$20235ca863361fbc253329cfc7eeea38c77404dc\$lut for cells of type $lut.
Using template $paramod\$lut\WIDTH=32'00000000000000000000000000000011\LUT=8'10101100 for cells of type $lut.
Using template $paramod$a5516fc31d1e552de2435200bb732b4d4ad63a9c\$lut for cells of type $lut.
Using template $paramod\$lut\WIDTH=32'00000000000000000000000000000011\LUT=8'00010011 for cells of type $lut.
Using template $paramod\$lut\WIDTH=32'00000000000000000000000000000011\LUT=8'00000010 for cells of type $lut.
Using template $paramod$be48d952fcad8a16b8d84daa4c48a3065f343e5e\$lut for cells of type $lut.
Using template $paramod$11ec7271d8e6e5aeaace08c13e4c601f10e31038\$lut for cells of type $lut.
Using template $paramod$82b4a585d1edcb5c6e755dc9bd3392228a1c1304\$lut for cells of type $lut.
Using template $paramod$219b71aec9a19e7a27754ed85a7d6cdad9e5ec96\$lut for cells of type $lut.
Using template $paramod$fd904e9e35cfd343a9df248824bd3f1408724879\$lut for cells of type $lut.
Using template $paramod\$lut\WIDTH=32'00000000000000000000000000000011\LUT=8'10110101 for cells of type $lut.
Using template $paramod$865395c0228487a64a8e4011cecafc2c64b79f2b\$lut for cells of type $lut.
Using template $paramod\$lut\WIDTH=32'00000000000000000000000000000011\LUT=8'00011110 for cells of type $lut.
Using template $paramod$c1da3356041b5961ce90da692c5d081fa50dcc57\$lut for cells of type $lut.
Using template $paramod$bd7578d8ce3e2437ea907b1d5f654d907114be68\$lut for cells of type $lut.
Using template $paramod\$lut\WIDTH=32'00000000000000000000000000000011\LUT=8'01110000 for cells of type $lut.
Using template $paramod$bba54c1ef87367812b4c15f4aed5ac70773df775\$lut for cells of type $lut.
Using template $paramod\$lut\WIDTH=32'00000000000000000000000000000011\LUT=8'00100000 for cells of type $lut.
Using template $paramod\$lut\WIDTH=32'00000000000000000000000000000011\LUT=8'00101010 for cells of type $lut.
Using template $paramod\$lut\WIDTH=32'00000000000000000000000000000010\LUT=4'1001 for cells of type $lut.
Using template $paramod\$lut\WIDTH=32'00000000000000000000000000000011\LUT=8'11100111 for cells of type $lut.
Using template $paramod$6c15da6150ce36eeff7fb8c09f7ef22f5448d679\$lut for cells of type $lut.
Using template $paramod\$lut\WIDTH=32'00000000000000000000000000000010\LUT=4'0110 for cells of type $lut.
Using template $paramod$4282def8dbd6df3d1248ad282c629bee684502c2\$lut for cells of type $lut.
Using template $paramod$667116b9549abef01e9606d607563290944f9d39\$lut for cells of type $lut.
Using template $paramod\$lut\WIDTH=32'00000000000000000000000000000011\LUT=8'01100000 for cells of type $lut.
Using template $paramod$0b3dae0cf9ba4ff0f31b6a740f162807f52296cf\$lut for cells of type $lut.
Using template $paramod$150b198f7b6a79bb68022b4897e0b9e764b4ab9c\$lut for cells of type $lut.
Using template $paramod\$lut\WIDTH=32'00000000000000000000000000000011\LUT=8'11001010 for cells of type $lut.
Using template $paramod$179512a187da069f3b79ef6612a41e494e7d54b6\$lut for cells of type $lut.
Using template $paramod$106bfe8391f9a1c1dc532f80c58e77fd15172d43\$lut for cells of type $lut.
Using template $paramod$ff018f8118c9d0c954d62f1fec3ad144d393db1f\$lut for cells of type $lut.
Using template $paramod$78e1751931755f088c8bc676bcbc3bb642c26bfc\$lut for cells of type $lut.
Using template $paramod\$lut\WIDTH=32'00000000000000000000000000000011\LUT=8'11100000 for cells of type $lut.
Using template $paramod$0de052767abdccc3aefc818722bdc3c7850d25d6\$lut for cells of type $lut.
Using template $paramod$5829f5d2a4c5757263ee6385c6142d3c7cf9e5be\$lut for cells of type $lut.
Using template $paramod$3fd12db03aeee29b04c450792ea328ef1bb1f18d\$lut for cells of type $lut.
Using template $paramod$9df4b20f54616ae4c80152d72153a3db2651cb67\$lut for cells of type $lut.
Using template $paramod$acf49cb7bd2805dee4b4ebb218aa5924b1be7704\$lut for cells of type $lut.
Using template $paramod$bb71bff1269f21262324e9e77ea2b51236b5cf06\$lut for cells of type $lut.
Using template $paramod\$lut\WIDTH=32'00000000000000000000000000000011\LUT=8'10000010 for cells of type $lut.
Using template $paramod$3aaa583ef421f53d246dfe2d6dc2fa96ffd6ff5e\$lut for cells of type $lut.
Using template $paramod\$lut\WIDTH=32'00000000000000000000000000000011\LUT=8'01101001 for cells of type $lut.
Using template $paramod\$lut\WIDTH=32'00000000000000000000000000000011\LUT=8'00111101 for cells of type $lut.
Using template $paramod$675dc53d096136662ceaee368c3a62f60374c538\$lut for cells of type $lut.
Using template $paramod\$lut\WIDTH=32'00000000000000000000000000000011\LUT=8'11010100 for cells of type $lut.
Using template $paramod\$lut\WIDTH=32'00000000000000000000000000000011\LUT=8'10001101 for cells of type $lut.
Using template $paramod$71cf1e2581652e1c182b486b69228e5e0d80c23f\$lut for cells of type $lut.
Using template $paramod$69f20e0703606f2ffd2ee27cd26f815bd5eeb6e9\$lut for cells of type $lut.
Using template $paramod\$lut\WIDTH=32'00000000000000000000000000000011\LUT=8'01110001 for cells of type $lut.
Using template $paramod\$lut\WIDTH=32'00000000000000000000000000000011\LUT=8'00101011 for cells of type $lut.
Using template $paramod$c67ff654dfa9062d61db52bd013fb1271e5b9a9b\$lut for cells of type $lut.
Using template $paramod\$lut\WIDTH=32'00000000000000000000000000000011\LUT=8'01101010 for cells of type $lut.
Using template $paramod$c70e9b340993375858b284587c45f6f443a7f43b\$lut for cells of type $lut.
Using template $paramod$fd24ba8adbaf0b75005db1aa455afcfc2d436527\$lut for cells of type $lut.
Using template $paramod$fde34d7b7d817d093917fab37479be42cf9a4427\$lut for cells of type $lut.
Using template $paramod\$lut\WIDTH=32'00000000000000000000000000000011\LUT=8'10010110 for cells of type $lut.
Using template $paramod$e87c652d68339e0a13e8ac3dd39fd0a21e0079b7\$lut for cells of type $lut.
Using template $paramod\$lut\WIDTH=32'00000000000000000000000000000011\LUT=8'10001110 for cells of type $lut.
Using template $paramod\$lut\WIDTH=32'00000000000000000000000000000011\LUT=8'10010101 for cells of type $lut.
Using template $paramod$15942ac7be0dd725beac7480dcc74ee28533af66\$lut for cells of type $lut.
Using template $paramod$f55bb0d24926302d9cd582f3955a94e333e96c21\$lut for cells of type $lut.
Using template $paramod$7ed175b2f72a8de8254e14cf31e3571159e12324\$lut for cells of type $lut.
Using template $paramod\$lut\WIDTH=32'00000000000000000000000000000011\LUT=8'00011011 for cells of type $lut.
Using template $paramod\$lut\WIDTH=32'00000000000000000000000000000011\LUT=8'10110001 for cells of type $lut.
Using template $paramod$b2077130d89736f5191d0d24f7f6ffd3bddb0a2d\$lut for cells of type $lut.
Using template $paramod$e9f71582696849081fb79e4580214a5c109ded04\$lut for cells of type $lut.
Using template $paramod\$lut\WIDTH=32'00000000000000000000000000000011\LUT=8'00001001 for cells of type $lut.
Using template $paramod$3f6fe0730f7978b946a57d55a78e206b053e637b\$lut for cells of type $lut.
Using template $paramod$9ae69a1ca176dac85cb4bbc42fd7109d3ae9e495\$lut for cells of type $lut.
Using template $paramod$c27703119053d40b781f7b6ad36bef4a3c9a1c09\$lut for cells of type $lut.
Using template $paramod$babd7b66946317c093947d0782d51c26873023e7\$lut for cells of type $lut.
Using template $paramod$a63d84c9dd26caf4e75c7cc2f6f70f64a5b14aa1\$lut for cells of type $lut.
Using template $paramod$ef14303192218c8dd28cb97c03357085cb7c4d4d\$lut for cells of type $lut.
Using template $paramod$bfe22c8b84d59da01a0d5f64a43ce85bbe441179\$lut for cells of type $lut.
Using template $paramod\$lut\WIDTH=32'00000000000000000000000000000011\LUT=8'10000100 for cells of type $lut.
Using template $paramod$49a48ea861a32e79fb34f6a8d9056f27f84d2732\$lut for cells of type $lut.
Using template $paramod$f02313063ad249116fb635cc022958a03a6d376f\$lut for cells of type $lut.
Using template $paramod$6d66cbd93dd0f02e48ed7ca569cd9de8ccc265c1\$lut for cells of type $lut.
Using template $paramod$ed4b624f477a67dbd878e676981471b9a7808c29\$lut for cells of type $lut.
Using template $paramod\$lut\WIDTH=32'00000000000000000000000000000011\LUT=8'00110001 for cells of type $lut.
Using template $paramod$0e3b92163337f2e219624ed5cc4f8fbb4537d621\$lut for cells of type $lut.
Using template $paramod\$lut\WIDTH=32'00000000000000000000000000000011\LUT=8'00001110 for cells of type $lut.
Using template $paramod\$lut\WIDTH=32'00000000000000000000000000000011\LUT=8'01001101 for cells of type $lut.
Using template $paramod\$lut\WIDTH=32'00000000000000000000000000000011\LUT=8'11011000 for cells of type $lut.
Using template $paramod$4e309f6669eadcfa589d4ae302672e3a030a20a5\$lut for cells of type $lut.
Using template $paramod\$lut\WIDTH=32'00000000000000000000000000000011\LUT=8'11101000 for cells of type $lut.
Using template $paramod$60c57a531d15ac3dc4cc2d9845c81479cc8e53ec\$lut for cells of type $lut.
Using template $paramod\$lut\WIDTH=32'00000000000000000000000000000011\LUT=8'00001011 for cells of type $lut.
Using template $paramod$51adb1afea57a9560b9534400e9af12cb2df0ba0\$lut for cells of type $lut.
Using template $paramod$8bea32620e41759e16422af94a27c49c90aa5034\$lut for cells of type $lut.
Using template $paramod\$lut\WIDTH=32'00000000000000000000000000000011\LUT=8'01100101 for cells of type $lut.
Using template $paramod$c5ee66eb2a490feb211407baec4a64d121f5aead\$lut for cells of type $lut.
Using template $paramod$f6470d2922644dfddf4d3b6031decef3dbd73dd6\$lut for cells of type $lut.
Using template $paramod$041aa1dcdd60d3c4ff6eb6326c9e544a0334c607\$lut for cells of type $lut.
Using template $paramod$746e079691931a7a75eca548b520591dac2af82b\$lut for cells of type $lut.
Using template $paramod\$lut\WIDTH=32'00000000000000000000000000000011\LUT=8'10010000 for cells of type $lut.
Using template $paramod\$lut\WIDTH=32'00000000000000000000000000000011\LUT=8'00111001 for cells of type $lut.
Using template $paramod$2f7deae5fb594b0c70bb82efd4d3682a7baaa352\$lut for cells of type $lut.
Using template $paramod\$lut\WIDTH=32'00000000000000000000000000000011\LUT=8'01001011 for cells of type $lut.
Using template $paramod\$lut\WIDTH=32'00000000000000000000000000000011\LUT=8'11001110 for cells of type $lut.
Using template $paramod\$lut\WIDTH=32'00000000000000000000000000000010\LUT=4'1101 for cells of type $lut.
Using template $paramod\$lut\WIDTH=32'00000000000000000000000000000010\LUT=4'1110 for cells of type $lut.
Using template $paramod\$lut\WIDTH=32'00000000000000000000000000000011\LUT=8'11111110 for cells of type $lut.
Using template $paramod$5529c09e24afdc1e4a70e8bf749eb26854458f84\$lut for cells of type $lut.
Using template $paramod$a59507d273cd827eb6c46c37820d50a1b717efdf\$lut for cells of type $lut.
Using template $paramod$729aa850e969bb9bb1c205734876853e142656d4\$lut for cells of type $lut.
Using template $paramod$8466aae7f3132f822e70bbd8738850d820750479\$lut for cells of type $lut.
Using template $paramod$2c637120c6d9fc5c5bf88b8f5959bb09ad31cbae\$lut for cells of type $lut.
Using template $paramod$545506bd116676813f41816e238f31427fbb4a59\$lut for cells of type $lut.
Using template $paramod$41a800cf8ab34ffd8bd6b27becdd9b32af451047\$lut for cells of type $lut.
Using template $paramod$5eb28a5d456895f3b6e5b376ebc78fa90fd15665\$lut for cells of type $lut.
Using template $paramod$8c8f9849b706a41c3d0c3a7dba859bcfc04ec2a4\$lut for cells of type $lut.
Using template $paramod$6c1cd4bf4f822730ad413f71e0a6202eb7bd5b20\$lut for cells of type $lut.
Using template $paramod$7ebd51bb3fff72465510dac07eb1213b94ac96b5\$lut for cells of type $lut.
Using template $paramod$fe1ea12c4944fc46c2b9beaa3b340a23ddc59b41\$lut for cells of type $lut.
No more expansions possible.
<suppressed ~2952 debug messages>
Removed 0 unused cells and 2689 unused wires.

5.46. Executing AUTONAME pass.
Renamed 45921 objects in module conv1d_large_benchmark_top (114 iterations).
<suppressed ~2244 debug messages>

5.47. Executing HIERARCHY pass (managing design hierarchy).

5.47.1. Analyzing design hierarchy..
Top module:  \conv1d_large_benchmark_top

5.47.2. Analyzing design hierarchy..
Top module:  \conv1d_large_benchmark_top
Removed 0 unused modules.

5.48. Printing statistics.

=== conv1d_large_benchmark_top ===

   Number of wires:                696
   Number of wire bits:           2743
   Number of public wires:         696
   Number of public wire bits:    2743
   Number of ports:                  7
   Number of port bits:             45
   Number of memories:               0
   Number of memory bits:            0
   Number of processes:              0
   Number of cells:               1701
     $scopeinfo                      2
     SB_CARRY                       41
     SB_DFFESR                     592
     SB_DFFSR                        2
     SB_LUT4                      1064

5.49. Executing CHECK pass (checking for obvious problems).
Checking module conv1d_large_benchmark_top...
Found and reported 0 problems.

5.50. Executing JSON backend.

Warnings: 2 unique messages, 6 total
End of script. Logfile hash: 9b280e04bb, CPU: user 1.81s system 0.03s
Yosys 0.42 (git sha1 9b6afcf3f, clang++ 15.0.0 -fPIC -Os)
Time spent: 74% 1x abc9_exe (5 sec), 6% 23x read_verilog (0 sec), ...
