Warning: No PCF file specified; IO pins will be placed automatically

Info: Packing constants..
Info: Packing IOs..
Info: Packing LUT-FFs..
Info:     1224 LCs used as LUT4 only
Info:       85 LCs used as LUT4 and DFF
Info: Packing non-LUT FFs..
Info:      579 LCs used as DFF only
Info: Packing carries..
Info:      169 LCs used as CARRY only
Info: Packing indirect carry+LUT pairs...
Info:       25 LUTs merged into carry LCs
Info: Packing RAMs..
Info: Placing PLLs..
Info: Packing special functions..
Info: Packing PLLs..
Info: Promoting globals..
Info: promoting clk$SB_IO_IN (fanout 664)
Info: promoting rst$SB_IO_IN [reset] (fanout 595)
Info: promoting sample_valid_SB_LUT4_I1_O [cen] (fanout 256)
Info: promoting state_SB_LUT4_I3_O [cen] (fanout 256)
Info: promoting mac_index_SB_DFFESR_Q_1_D_SB_LUT4_O_I2_SB_LUT4_I3_O_SB_CARRY_I1_CO_SB_CARRY_CI_CO_SB_CARRY_CI_CO_SB_CARRY_CI_CO_SB_CARRY_CI_CO_SB_LUT4_I2_O_SB_LUT4_I3_O [cen] (fanout 64)
Info: Constraining chains...
Info:       30 LCs used to legalise carry chains.
Info: Checksum: 0x7d9cdbbc

Info: Device utilisation:
Info: 	         ICESTORM_LC:    2064/   7680    26%
Info: 	        ICESTORM_RAM:       0/     32     0%
Info: 	               SB_IO:     133/    256    51%
Info: 	               SB_GB:       5/      8    62%
Info: 	        ICESTORM_PLL:       0/      2     0%
Info: 	         SB_WARMBOOT:       0/      1     0%

Info: Placed 0 cells based on constraints.
Info: Creating initial analytic placement for 1815 cells, random placement wirelen = 57318.
Info:     at initial placer iter 0, wirelen = 3268
Info:     at initial placer iter 1, wirelen = 3325
Info:     at initial placer iter 2, wirelen = 3390
Info:     at initial placer iter 3, wirelen = 3472
Info: Running main analytical placer, max placement attempts per cell = 606100.
Info:     at iteration #1, type ALL: wirelen solved = 3358, spread = 13032, legal = 13353; time = 0.02s
Info:     at iteration #2, type ALL: wirelen solved = 3333, spread = 11716, legal = 12140; time = 0.03s
Info:     at iteration #3, type ALL: wirelen solved = 3388, spread = 11397, legal = 11857; time = 0.02s
Info:     at iteration #4, type ALL: wirelen solved = 3748, spread = 11573, legal = 11976; time = 0.02s
Info:     at iteration #5, type ALL: wirelen solved = 3848, spread = 12145, legal = 12484; time = 0.02s
Info:     at iteration #6, type ALL: wirelen solved = 4494, spread = 11485, legal = 12056; time = 0.02s
Info:     at iteration #7, type ALL: wirelen solved = 4577, spread = 11392, legal = 11918; time = 0.02s
Info:     at iteration #8, type ALL: wirelen solved = 4450, spread = 11226, legal = 11728; time = 0.02s
Info:     at iteration #9, type ALL: wirelen solved = 4843, spread = 11248, legal = 11779; time = 0.02s
Info:     at iteration #10, type ALL: wirelen solved = 5052, spread = 11218, legal = 11810; time = 0.04s
Info:     at iteration #11, type ALL: wirelen solved = 5416, spread = 10687, legal = 11531; time = 0.03s
Info:     at iteration #12, type ALL: wirelen solved = 5731, spread = 10610, legal = 11211; time = 0.02s
Info:     at iteration #13, type ALL: wirelen solved = 5911, spread = 10750, legal = 11220; time = 0.02s
Info:     at iteration #14, type ALL: wirelen solved = 6258, spread = 10447, legal = 11124; time = 0.02s
Info:     at iteration #15, type ALL: wirelen solved = 6351, spread = 10543, legal = 11135; time = 0.02s
Info:     at iteration #16, type ALL: wirelen solved = 6777, spread = 10338, legal = 10978; time = 0.02s
Info:     at iteration #17, type ALL: wirelen solved = 6945, spread = 9958, legal = 10714; time = 0.03s
Info:     at iteration #18, type ALL: wirelen solved = 6920, spread = 10001, legal = 10540; time = 0.02s
Info:     at iteration #19, type ALL: wirelen solved = 7156, spread = 9898, legal = 10488; time = 0.02s
Info:     at iteration #20, type ALL: wirelen solved = 7258, spread = 10325, legal = 10825; time = 0.02s
Info:     at iteration #21, type ALL: wirelen solved = 7515, spread = 9856, legal = 10368; time = 0.02s
Info:     at iteration #22, type ALL: wirelen solved = 7497, spread = 10173, legal = 10564; time = 0.03s
Info:     at iteration #23, type ALL: wirelen solved = 7780, spread = 9716, legal = 10191; time = 0.02s
Info:     at iteration #24, type ALL: wirelen solved = 7776, spread = 9820, legal = 10307; time = 0.02s
Info:     at iteration #25, type ALL: wirelen solved = 7953, spread = 10270, legal = 10545; time = 0.02s
Info:     at iteration #26, type ALL: wirelen solved = 8136, spread = 9910, legal = 10391; time = 0.04s
Info:     at iteration #27, type ALL: wirelen solved = 8201, spread = 9889, legal = 10223; time = 0.03s
Info: HeAP Placer Time: 0.79s
Info:   of which solving equations: 0.39s
Info:   of which spreading cells: 0.08s
Info:   of which strict legalisation: 0.18s

Info: Running simulated annealing placer for refinement.
Info:   at iteration #1: temp = 0.000000, timing cost = 1487, wirelen = 10191
Info:   at iteration #5: temp = 0.000000, timing cost = 1729, wirelen = 8638
Info:   at iteration #10: temp = 0.000000, timing cost = 1886, wirelen = 8179
Info:   at iteration #15: temp = 0.000000, timing cost = 1884, wirelen = 7950
Info:   at iteration #20: temp = 0.000000, timing cost = 1859, wirelen = 7793
Info:   at iteration #25: temp = 0.000000, timing cost = 1794, wirelen = 7721
Info:   at iteration #30: temp = 0.000000, timing cost = 1866, wirelen = 7704
Info:   at iteration #33: temp = 0.000000, timing cost = 1866, wirelen = 7698 
Info: SA placement time 1.15s

Info: Max frequency for clock 'clk$SB_IO_IN_$glb_clk': 21.13 MHz (PASS at 20.00 MHz)

Info: Max delay <async>                       -> posedge clk$SB_IO_IN_$glb_clk: 8.07 ns
Info: Max delay posedge clk$SB_IO_IN_$glb_clk -> <async>                      : 2.23 ns

Info: Slack histogram:
Info:  legend: * represents 8 endpoint(s)
Info:          + represents [1,8) endpoint(s)
Info: [  2672,   4966) |******+
Info: [  4966,   7260) |*****+
Info: [  7260,   9554) |***+
Info: [  9554,  11848) |*+
Info: [ 11848,  14142) | 
Info: [ 14142,  16436) | 
Info: [ 16436,  18730) | 
Info: [ 18730,  21024) | 
Info: [ 21024,  23318) | 
Info: [ 23318,  25612) | 
Info: [ 25612,  27906) | 
Info: [ 27906,  30200) | 
Info: [ 30200,  32494) | 
Info: [ 32494,  34788) |*+
Info: [ 34788,  37082) |**************+
Info: [ 37082,  39376) |*********+
Info: [ 39376,  41670) |****+
Info: [ 41670,  43964) |*****************************************************+
Info: [ 43964,  46258) |*************+
Info: [ 46258,  48552) |************************************************************ 
Info: Checksum: 0x0a6c1b82

Info: Routing..
Info: Setting up routing queue.
Info: Routing 6193 arcs.
Info:            |   (re-)routed arcs  |   delta    | remaining|       time spent     |
Info:    IterCnt |  w/ripup   wo/ripup |  w/r  wo/r |      arcs| batch(sec) total(sec)|
Info:       1000 |      281        718 |  281   718 |      5583|       0.36       0.36|
Info:       2000 |      655       1344 |  374   626 |      5142|       0.21       0.57|
Info:       3000 |     1030       1969 |  375   625 |      4708|       0.24       0.81|
Info:       4000 |     1334       2567 |  304   598 |      4129|       0.12       0.93|
Info:       5000 |     1664       3228 |  330   661 |      3533|       0.07       1.00|
Info:       6000 |     2089       3798 |  425   570 |      3017|       0.10       1.10|
Info:       7000 |     2504       4312 |  415   514 |      2556|       0.16       1.26|
Info:       8000 |     3048       4762 |  544   450 |      2284|       0.24       1.50|
Info:       9000 |     3443       5351 |  395   589 |      1780|       0.21       1.71|
Info:      10000 |     3975       5819 |  532   468 |      1410|       0.17       1.88|
Info:      11000 |     4277       6513 |  302   694 |       778|       0.13       2.01|
Info:      11889 |     4362       7316 |   85   803 |         0|       0.24       2.26|
Info: Routing complete.
Info: Router1 time 2.26s
Info: Checksum: 0xb79ad1fc

Info: Critical path report for clock 'clk$SB_IO_IN_$glb_clk' (posedge -> posedge):
Info:       type curr  total name
Info:   clk-to-q  0.54  0.54 Source mac_index_SB_DFFESR_Q_D_SB_LUT4_O_LC.O
Info:    routing  0.59  1.13 Net idx0[5] (1,2) -> (2,2)
Info:                          Sink $nextpnr_ICESTORM_LC_20.I1
Info:                          Defined in:
Info:                               tcn_network_8ch_2layer_serial2.v:100.22-100.40
Info:                               /opt/homebrew/bin/../share/yosys/techmap.v:428.4-432.3
Info:                               /opt/homebrew/bin/../share/yosys/techmap.v:368.4-373.3
Info:                               /opt/homebrew/bin/../share/yosys/techmap.v:316.25-316.34
Info:      logic  0.26  1.39 Source $nextpnr_ICESTORM_LC_20.COUT
Info:    routing  0.00  1.39 Net $nextpnr_ICESTORM_LC_20$O (2,2) -> (2,2)
Info:                          Sink idx1_SB_CARRY_I0_1$CARRY.CIN
Info:      logic  0.13  1.51 Source idx1_SB_CARRY_I0_1$CARRY.COUT
Info:    routing  0.00  1.51 Net idx1_SB_CARRY_I0_1_CO (2,2) -> (2,2)
Info:                          Sink idx1_SB_CARRY_I0$CARRY.CIN
Info:                          Defined in:
Info:                               tcn_network_8ch_2layer_serial2.v:100.22-100.40
Info:                               /opt/homebrew/bin/../share/yosys/techmap.v:428.4-432.3
Info:                               /opt/homebrew/bin/../share/yosys/techmap.v:331.28-331.64
Info:                               /opt/homebrew/bin/../share/yosys/techmap.v:368.4-373.3
Info:                               /opt/homebrew/bin/../share/yosys/techmap.v:400.4-404.3
Info:                               tcn_network_8ch_2layer_serial2.v:101.110-101.128
Info:                               /opt/homebrew/bin/../share/yosys/ice40/arith_map.v:62.5-70.4
Info:                               /opt/homebrew/bin/../share/yosys/ice40/abc9_model.v:4.9-4.11
Info:      logic  0.13  1.64 Source idx1_SB_CARRY_I0$CARRY.COUT
Info:    routing  0.26  1.90 Net $nextpnr_ICESTORM_LC_21$I3 (2,2) -> (2,2)
Info:                          Sink $nextpnr_ICESTORM_LC_21.I3
Info:      logic  0.31  2.21 Source $nextpnr_ICESTORM_LC_21.O
Info:    routing  0.59  2.80 Net idx1_SB_CARRY_I0_CO[10] (2,2) -> (2,3)
Info:                          Sink idx1_SB_LUT4_I2_O_SB_CARRY_I0_1_CI_SB_CARRY_CO_CI_SB_CARRY_CO$CARRY.I3
Info:                          Defined in:
Info:                               /opt/homebrew/bin/../share/yosys/techmap.v:332.63-332.98
Info:                               /opt/homebrew/bin/../share/yosys/techmap.v:368.4-373.3
Info:                               /opt/homebrew/bin/../share/yosys/techmap.v:400.4-404.3
Info:                               tcn_network_8ch_2layer_serial2.v:101.110-101.128
Info:                               /opt/homebrew/bin/../share/yosys/ice40/arith_map.v:51.21-51.22
Info:      logic  0.31  3.12 Source idx1_SB_LUT4_I2_O_SB_CARRY_I0_1_CI_SB_CARRY_CO_CI_SB_CARRY_CO$CARRY.O
Info:    routing  0.59  3.70 Net idx1_SB_LUT4_I2_O_SB_LUT4_I1_I3_SB_CARRY_CO_CI_SB_CARRY_CO_I0[1] (2,3) -> (2,3)
Info:                          Sink idx1_SB_LUT4_I2_O_SB_CARRY_I0_1_CI_SB_CARRY_CO_CI_SB_CARRY_CO$CARRY.I1
Info:                          Defined in:
Info:                               /opt/homebrew/bin/../share/yosys/ice40/cells_map.v:6.21-6.22
Info:      logic  0.26  3.96 Source idx1_SB_LUT4_I2_O_SB_CARRY_I0_1_CI_SB_CARRY_CO_CI_SB_CARRY_CO$CARRY.COUT
Info:    routing  0.00  3.96 Net idx1_SB_LUT4_I2_O_SB_CARRY_I0_1_CI_SB_CARRY_CO_CI (2,3) -> (2,3)
Info:                          Sink idx1_SB_LUT4_I2_O_SB_CARRY_I0_1_CI_SB_CARRY_CO$CARRY.CIN
Info:                          Defined in:
Info:                               /opt/homebrew/bin/../share/yosys/techmap.v:331.28-331.64
Info:                               /opt/homebrew/bin/../share/yosys/techmap.v:368.4-373.3
Info:                               /opt/homebrew/bin/../share/yosys/techmap.v:400.4-404.3
Info:                               tcn_network_8ch_2layer_serial2.v:101.110-101.128
Info:                               /opt/homebrew/bin/../share/yosys/ice40/arith_map.v:62.5-70.4
Info:                               /opt/homebrew/bin/../share/yosys/ice40/abc9_model.v:4.9-4.11
Info:      logic  0.13  4.09 Source idx1_SB_LUT4_I2_O_SB_CARRY_I0_1_CI_SB_CARRY_CO$CARRY.COUT
Info:    routing  0.00  4.09 Net idx1_SB_LUT4_I2_O_SB_CARRY_I0_1_CI (2,3) -> (2,3)
Info:                          Sink idx1_SB_LUT4_I2_O_SB_CARRY_I0_1$CARRY.CIN
Info:                          Defined in:
Info:                               /opt/homebrew/bin/../share/yosys/techmap.v:331.28-331.64
Info:                               /opt/homebrew/bin/../share/yosys/techmap.v:368.4-373.3
Info:                               /opt/homebrew/bin/../share/yosys/techmap.v:400.4-404.3
Info:                               tcn_network_8ch_2layer_serial2.v:101.110-101.128
Info:                               /opt/homebrew/bin/../share/yosys/ice40/arith_map.v:62.5-70.4
Info:                               /opt/homebrew/bin/../share/yosys/ice40/abc9_model.v:4.9-4.11
Info:      logic  0.13  4.22 Source idx1_SB_LUT4_I2_O_SB_CARRY_I0_1$CARRY.COUT
Info:    routing  0.00  4.22 Net idx1_SB_LUT4_I2_O_SB_CARRY_I0_1_CO (2,3) -> (2,3)
Info:                          Sink idx1_SB_LUT4_I2_O_SB_CARRY_I0_1_CO_SB_LUT4_I3_LC.CIN
Info:                          Defined in:
Info:                               /opt/homebrew/bin/../share/yosys/techmap.v:331.28-331.64
Info:                               /opt/homebrew/bin/../share/yosys/techmap.v:368.4-373.3
Info:                               /opt/homebrew/bin/../share/yosys/techmap.v:400.4-404.3
Info:                               tcn_network_8ch_2layer_serial2.v:101.110-101.128
Info:                               /opt/homebrew/bin/../share/yosys/ice40/arith_map.v:62.5-70.4
Info:                               /opt/homebrew/bin/../share/yosys/ice40/abc9_model.v:4.9-4.11
Info:      logic  0.13  4.34 Source idx1_SB_LUT4_I2_O_SB_CARRY_I0_1_CO_SB_LUT4_I3_LC.COUT
Info:    routing  0.00  4.34 Net idx1_SB_LUT4_I2_O_SB_CARRY_I0_1_CO_SB_CARRY_CI_CO (2,3) -> (2,3)
Info:                          Sink idx1_SB_LUT4_I2_O_SB_CARRY_I0_1_CO_SB_CARRY_CI_CO_SB_CARRY_CI$CARRY.CIN
Info:                          Defined in:
Info:                               /opt/homebrew/bin/../share/yosys/techmap.v:331.28-331.64
Info:                               /opt/homebrew/bin/../share/yosys/techmap.v:368.4-373.3
Info:                               /opt/homebrew/bin/../share/yosys/techmap.v:400.4-404.3
Info:                               tcn_network_8ch_2layer_serial2.v:101.110-101.128
Info:                               /opt/homebrew/bin/../share/yosys/ice40/arith_map.v:62.5-70.4
Info:                               /opt/homebrew/bin/../share/yosys/ice40/abc9_model.v:4.9-4.11
Info:      logic  0.13  4.47 Source idx1_SB_LUT4_I2_O_SB_CARRY_I0_1_CO_SB_CARRY_CI_CO_SB_CARRY_CI$CARRY.COUT
Info:    routing  0.00  4.47 Net idx1_SB_LUT4_I2_O_SB_CARRY_I0_1_CO_SB_CARRY_CI_CO_SB_CARRY_CI_CO (2,3) -> (2,3)
Info:                          Sink idx1_SB_LUT4_I2_O_SB_CARRY_I0_1_CO_SB_CARRY_CI_CO_SB_CARRY_CI_CO_SB_CARRY_CI$CARRY.CIN
Info:                          Defined in:
Info:                               /opt/homebrew/bin/../share/yosys/techmap.v:331.28-331.64
Info:                               /opt/homebrew/bin/../share/yosys/techmap.v:368.4-373.3
Info:                               /opt/homebrew/bin/../share/yosys/techmap.v:400.4-404.3
Info:                               tcn_network_8ch_2layer_serial2.v:101.110-101.128
Info:                               /opt/homebrew/bin/../share/yosys/ice40/arith_map.v:62.5-70.4
Info:                               /opt/homebrew/bin/../share/yosys/ice40/abc9_model.v:4.9-4.11
Info:      logic  0.13  4.59 Source idx1_SB_LUT4_I2_O_SB_CARRY_I0_1_CO_SB_CARRY_CI_CO_SB_CARRY_CI_CO_SB_CARRY_CI$CARRY.COUT
Info:    routing  0.00  4.59 Net idx1_SB_LUT4_I2_O_SB_CARRY_I0_1_CO_SB_CARRY_CI_CO_SB_CARRY_CI_CO_SB_CARRY_CI_CO (2,3) -> (2,3)
Info:                          Sink idx1_SB_LUT4_I2_O_SB_CARRY_I0_1_CO_SB_CARRY_CI_CO_SB_CARRY_CI_CO_SB_CARRY_CI_CO_SB_CARRY_CI$CARRY.CIN
Info:                          Defined in:
Info:                               /opt/homebrew/bin/../share/yosys/techmap.v:331.28-331.64
Info:                               /opt/homebrew/bin/../share/yosys/techmap.v:368.4-373.3
Info:                               /opt/homebrew/bin/../share/yosys/techmap.v:400.4-404.3
Info:                               tcn_network_8ch_2layer_serial2.v:101.110-101.128
Info:                               /opt/homebrew/bin/../share/yosys/ice40/arith_map.v:62.5-70.4
Info:                               /opt/homebrew/bin/../share/yosys/ice40/abc9_model.v:4.9-4.11
Info:      logic  0.13  4.72 Source idx1_SB_LUT4_I2_O_SB_CARRY_I0_1_CO_SB_CARRY_CI_CO_SB_CARRY_CI_CO_SB_CARRY_CI_CO_SB_CARRY_CI$CARRY.COUT
Info:    routing  0.20  4.91 Net idx1_SB_LUT4_I2_O_SB_CARRY_I0_1_CO_SB_CARRY_CI_CO_SB_CARRY_CI_CO_SB_CARRY_CI_CO_SB_CARRY_CI_CO (2,3) -> (2,4)
Info:                          Sink idx1_SB_LUT4_I2_O_SB_CARRY_I0_1_CO_SB_CARRY_CI_CO_SB_CARRY_CI_CO_SB_CARRY_CI_CO_SB_CARRY_CI_CO_SB_CARRY_CI$CARRY.CIN
Info:                          Defined in:
Info:                               /opt/homebrew/bin/../share/yosys/techmap.v:331.28-331.64
Info:                               /opt/homebrew/bin/../share/yosys/techmap.v:368.4-373.3
Info:                               /opt/homebrew/bin/../share/yosys/techmap.v:400.4-404.3
Info:                               tcn_network_8ch_2layer_serial2.v:101.110-101.128
Info:                               /opt/homebrew/bin/../share/yosys/ice40/arith_map.v:62.5-70.4
Info:                               /opt/homebrew/bin/../share/yosys/ice40/abc9_model.v:4.9-4.11
Info:      logic  0.13  5.04 Source idx1_SB_LUT4_I2_O_SB_CARRY_I0_1_CO_SB_CARRY_CI_CO_SB_CARRY_CI_CO_SB_CARRY_CI_CO_SB_CARRY_CI_CO_SB_CARRY_CI$CARRY.COUT
Info:    routing  0.00  5.04 Net idx1_SB_LUT4_I2_O_SB_CARRY_I0_1_CO_SB_CARRY_CI_CO_SB_CARRY_CI_CO_SB_CARRY_CI_CO_SB_CARRY_CI_CO_SB_CARRY_CI_CO (2,4) -> (2,4)
Info:                          Sink idx1_SB_LUT4_I2_O_SB_CARRY_I0_1_CO_SB_CARRY_CI_CO_SB_CARRY_CI_CO_SB_CARRY_CI_CO_SB_CARRY_CI_CO_SB_CARRY_CI_CO_SB_CARRY_CI$CARRY.CIN
Info:                          Defined in:
Info:                               /opt/homebrew/bin/../share/yosys/techmap.v:331.28-331.64
Info:                               /opt/homebrew/bin/../share/yosys/techmap.v:368.4-373.3
Info:                               /opt/homebrew/bin/../share/yosys/techmap.v:400.4-404.3
Info:                               tcn_network_8ch_2layer_serial2.v:101.110-101.128
Info:                               /opt/homebrew/bin/../share/yosys/ice40/arith_map.v:62.5-70.4
Info:                               /opt/homebrew/bin/../share/yosys/ice40/abc9_model.v:4.9-4.11
Info:      logic  0.13  5.17 Source idx1_SB_LUT4_I2_O_SB_CARRY_I0_1_CO_SB_CARRY_CI_CO_SB_CARRY_CI_CO_SB_CARRY_CI_CO_SB_CARRY_CI_CO_SB_CARRY_CI_CO_SB_CARRY_CI$CARRY.COUT
Info:    routing  0.00  5.17 Net idx1_SB_LUT4_I2_O_SB_CARRY_I0_1_CO_SB_CARRY_CI_CO_SB_CARRY_CI_CO_SB_CARRY_CI_CO_SB_CARRY_CI_CO_SB_CARRY_CI_CO_SB_CARRY_CI_CO (2,4) -> (2,4)
Info:                          Sink idx1_SB_LUT4_I2_O_SB_CARRY_I0_1_CO_SB_CARRY_CI_CO_SB_CARRY_CI_CO_SB_CARRY_CI_CO_SB_CARRY_CI_CO_SB_CARRY_CI_CO_SB_CARRY_CI_CO_SB_CARRY_CI$CARRY.CIN
Info:                          Defined in:
Info:                               /opt/homebrew/bin/../share/yosys/techmap.v:331.28-331.64
Info:                               /opt/homebrew/bin/../share/yosys/techmap.v:368.4-373.3
Info:                               /opt/homebrew/bin/../share/yosys/techmap.v:400.4-404.3
Info:                               tcn_network_8ch_2layer_serial2.v:101.110-101.128
Info:                               /opt/homebrew/bin/../share/yosys/ice40/arith_map.v:62.5-70.4
Info:                               /opt/homebrew/bin/../share/yosys/ice40/abc9_model.v:4.9-4.11
Info:      logic  0.13  5.29 Source idx1_SB_LUT4_I2_O_SB_CARRY_I0_1_CO_SB_CARRY_CI_CO_SB_CARRY_CI_CO_SB_CARRY_CI_CO_SB_CARRY_CI_CO_SB_CARRY_CI_CO_SB_CARRY_CI_CO_SB_CARRY_CI$CARRY.COUT
Info:    routing  0.00  5.29 Net idx1_SB_LUT4_I2_O_SB_CARRY_I0_1_CO_SB_CARRY_CI_CO_SB_CARRY_CI_CO_SB_CARRY_CI_CO_SB_CARRY_CI_CO_SB_CARRY_CI_CO_SB_CARRY_CI_CO_SB_CARRY_CI_CO (2,4) -> (2,4)
Info:                          Sink idx1_SB_LUT4_I2_O_SB_CARRY_I0_1_CO_SB_CARRY_CI_CO_SB_CARRY_CI_CO_SB_CARRY_CI_CO_SB_CARRY_CI_CO_SB_CARRY_CI_CO_SB_CARRY_CI_CO_SB_CARRY_CI_CO_SB_CARRY_CI$CARRY.CIN
Info:                          Defined in:
Info:                               /opt/homebrew/bin/../share/yosys/techmap.v:331.28-331.64
Info:                               /opt/homebrew/bin/../share/yosys/techmap.v:368.4-373.3
Info:                               /opt/homebrew/bin/../share/yosys/techmap.v:400.4-404.3
Info:                               tcn_network_8ch_2layer_serial2.v:101.110-101.128
Info:                               /opt/homebrew/bin/../share/yosys/ice40/arith_map.v:62.5-70.4
Info:                               /opt/homebrew/bin/../share/yosys/ice40/abc9_model.v:4.9-4.11
Info:      logic  0.13  5.42 Source idx1_SB_LUT4_I2_O_SB_CARRY_I0_1_CO_SB_CARRY_CI_CO_SB_CARRY_CI_CO_SB_CARRY_CI_CO_SB_CARRY_CI_CO_SB_CARRY_CI_CO_SB_CARRY_CI_CO_SB_CARRY_CI_CO_SB_CARRY_CI$CARRY.COUT
Info:    routing  0.00  5.42 Net idx1_SB_LUT4_I2_O_SB_CARRY_I0_1_CO_SB_CARRY_CI_CO_SB_CARRY_CI_CO_SB_CARRY_CI_CO_SB_CARRY_CI_CO_SB_CARRY_CI_CO_SB_CARRY_CI_CO_SB_CARRY_CI_CO_SB_CARRY_CI_CO (2,4) -> (2,4)
Info:                          Sink idx1_SB_LUT4_I2_O_SB_CARRY_I0_1_CO_SB_CARRY_CI_CO_SB_CARRY_CI_CO_SB_CARRY_CI_CO_SB_CARRY_CI_CO_SB_CARRY_CI_CO_SB_CARRY_CI_CO_SB_CARRY_CI_CO_SB_CARRY_CI_CO_SB_CARRY_CI$CARRY.CIN
Info:                          Defined in:
Info:                               /opt/homebrew/bin/../share/yosys/techmap.v:331.28-331.64
Info:                               /opt/homebrew/bin/../share/yosys/techmap.v:368.4-373.3
Info:                               /opt/homebrew/bin/../share/yosys/techmap.v:400.4-404.3
Info:                               tcn_network_8ch_2layer_serial2.v:101.110-101.128
Info:                               /opt/homebrew/bin/../share/yosys/ice40/arith_map.v:62.5-70.4
Info:                               /opt/homebrew/bin/../share/yosys/ice40/abc9_model.v:4.9-4.11
Info:      logic  0.13  5.55 Source idx1_SB_LUT4_I2_O_SB_CARRY_I0_1_CO_SB_CARRY_CI_CO_SB_CARRY_CI_CO_SB_CARRY_CI_CO_SB_CARRY_CI_CO_SB_CARRY_CI_CO_SB_CARRY_CI_CO_SB_CARRY_CI_CO_SB_CARRY_CI_CO_SB_CARRY_CI$CARRY.COUT
Info:    routing  0.00  5.55 Net idx1_SB_LUT4_I2_O_SB_CARRY_I0_1_CO_SB_CARRY_CI_CO_SB_CARRY_CI_CO_SB_CARRY_CI_CO_SB_CARRY_CI_CO_SB_CARRY_CI_CO_SB_CARRY_CI_CO_SB_CARRY_CI_CO_SB_CARRY_CI_CO_SB_CARRY_CI_CO (2,4) -> (2,4)
Info:                          Sink idx1_SB_LUT4_I2_O_SB_CARRY_I0_1_CO_SB_CARRY_CI_CO_SB_CARRY_CI_CO_SB_CARRY_CI_CO_SB_CARRY_CI_CO_SB_CARRY_CI_CO_SB_CARRY_CI_CO_SB_CARRY_CI_CO_SB_CARRY_CI_CO_SB_CARRY_CI_CO_SB_CARRY_CI$CARRY.CIN
Info:                          Defined in:
Info:                               /opt/homebrew/bin/../share/yosys/techmap.v:331.28-331.64
Info:                               /opt/homebrew/bin/../share/yosys/techmap.v:368.4-373.3
Info:                               /opt/homebrew/bin/../share/yosys/techmap.v:400.4-404.3
Info:                               tcn_network_8ch_2layer_serial2.v:101.110-101.128
Info:                               /opt/homebrew/bin/../share/yosys/ice40/arith_map.v:62.5-70.4
Info:                               /opt/homebrew/bin/../share/yosys/ice40/abc9_model.v:4.9-4.11
Info:      logic  0.13  5.67 Source idx1_SB_LUT4_I2_O_SB_CARRY_I0_1_CO_SB_CARRY_CI_CO_SB_CARRY_CI_CO_SB_CARRY_CI_CO_SB_CARRY_CI_CO_SB_CARRY_CI_CO_SB_CARRY_CI_CO_SB_CARRY_CI_CO_SB_CARRY_CI_CO_SB_CARRY_CI_CO_SB_CARRY_CI$CARRY.COUT
Info:    routing  0.00  5.67 Net idx1_SB_LUT4_I2_O_SB_CARRY_I0_1_CO_SB_CARRY_CI_CO_SB_CARRY_CI_CO_SB_CARRY_CI_CO_SB_CARRY_CI_CO_SB_CARRY_CI_CO_SB_CARRY_CI_CO_SB_CARRY_CI_CO_SB_CARRY_CI_CO_SB_CARRY_CI_CO_SB_CARRY_CI_CO (2,4) -> (2,4)
Info:                          Sink idx1_SB_LUT4_I2_O_SB_CARRY_I0_1_CO_SB_CARRY_CI_CO_SB_CARRY_CI_CO_SB_CARRY_CI_CO_SB_CARRY_CI_CO_SB_CARRY_CI_CO_SB_CARRY_CI_CO_SB_CARRY_CI_CO_SB_CARRY_CI_CO_SB_CARRY_CI_CO_SB_CARRY_CI_CO_SB_CARRY_CI$CARRY.CIN
Info:                          Defined in:
Info:                               /opt/homebrew/bin/../share/yosys/techmap.v:331.28-331.64
Info:                               /opt/homebrew/bin/../share/yosys/techmap.v:368.4-373.3
Info:                               /opt/homebrew/bin/../share/yosys/techmap.v:400.4-404.3
Info:                               tcn_network_8ch_2layer_serial2.v:101.110-101.128
Info:                               /opt/homebrew/bin/../share/yosys/ice40/arith_map.v:62.5-70.4
Info:                               /opt/homebrew/bin/../share/yosys/ice40/abc9_model.v:4.9-4.11
Info:      logic  0.13  5.80 Source idx1_SB_LUT4_I2_O_SB_CARRY_I0_1_CO_SB_CARRY_CI_CO_SB_CARRY_CI_CO_SB_CARRY_CI_CO_SB_CARRY_CI_CO_SB_CARRY_CI_CO_SB_CARRY_CI_CO_SB_CARRY_CI_CO_SB_CARRY_CI_CO_SB_CARRY_CI_CO_SB_CARRY_CI_CO_SB_CARRY_CI$CARRY.COUT
Info:    routing  0.00  5.80 Net idx1_SB_LUT4_I2_O_SB_CARRY_I0_1_CO_SB_CARRY_CI_CO_SB_CARRY_CI_CO_SB_CARRY_CI_CO_SB_CARRY_CI_CO_SB_CARRY_CI_CO_SB_CARRY_CI_CO_SB_CARRY_CI_CO_SB_CARRY_CI_CO_SB_CARRY_CI_CO_SB_CARRY_CI_CO_SB_CARRY_CI_CO (2,4) -> (2,4)
Info:                          Sink idx1_SB_LUT4_I2_O_SB_CARRY_I0_1_CO_SB_CARRY_CI_CO_SB_CARRY_CI_CO_SB_CARRY_CI_CO_SB_CARRY_CI_CO_SB_CARRY_CI_CO_SB_CARRY_CI_CO_SB_CARRY_CI_CO_SB_CARRY_CI_CO_SB_CARRY_CI_CO_SB_CARRY_CI_CO_SB_CARRY_CI_CO_SB_CARRY_CI$CARRY.CIN
Info:                          Defined in:
Info:                               /opt/homebrew/bin/../share/yosys/techmap.v:331.28-331.64
Info:                               /opt/homebrew/bin/../share/yosys/techmap.v:368.4-373.3
Info:                               /opt/homebrew/bin/../share/yosys/techmap.v:400.4-404.3
Info:                               tcn_network_8ch_2layer_serial2.v:101.110-101.128
Info:                               /opt/homebrew/bin/../share/yosys/ice40/arith_map.v:62.5-70.4
Info:                               /opt/homebrew/bin/../share/yosys/ice40/abc9_model.v:4.9-4.11
Info:      logic  0.13  5.92 Source idx1_SB_LUT4_I2_O_SB_CARRY_I0_1_CO_SB_CARRY_CI_CO_SB_CARRY_CI_CO_SB_CARRY_CI_CO_SB_CARRY_CI_CO_SB_CARRY_CI_CO_SB_CARRY_CI_CO_SB_CARRY_CI_CO_SB_CARRY_CI_CO_SB_CARRY_CI_CO_SB_CARRY_CI_CO_SB_CARRY_CI_CO_SB_CARRY_CI$CARRY.COUT
Info:    routing  0.20  6.12 Net idx1_SB_LUT4_I2_O_SB_CARRY_I0_1_CO_SB_CARRY_CI_CO_SB_CARRY_CI_CO_SB_CARRY_CI_CO_SB_CARRY_CI_CO_SB_CARRY_CI_CO_SB_CARRY_CI_CO_SB_CARRY_CI_CO_SB_CARRY_CI_CO_SB_CARRY_CI_CO_SB_CARRY_CI_CO_SB_CARRY_CI_CO_SB_CARRY_CI_CO (2,4) -> (2,5)
Info:                          Sink idx1_SB_LUT4_I2_O_SB_CARRY_I0_1_CO_SB_CARRY_CI_CO_SB_CARRY_CI_CO_SB_CARRY_CI_CO_SB_CARRY_CI_CO_SB_CARRY_CI_CO_SB_CARRY_CI_CO_SB_CARRY_CI_CO_SB_CARRY_CI_CO_SB_CARRY_CI_CO_SB_CARRY_CI_CO_SB_CARRY_CI_CO_SB_CARRY_CI_CO_SB_CARRY_CI$CARRY.CIN
Info:                          Defined in:
Info:                               /opt/homebrew/bin/../share/yosys/techmap.v:331.28-331.64
Info:                               /opt/homebrew/bin/../share/yosys/techmap.v:368.4-373.3
Info:                               /opt/homebrew/bin/../share/yosys/techmap.v:400.4-404.3
Info:                               tcn_network_8ch_2layer_serial2.v:101.110-101.128
Info:                               /opt/homebrew/bin/../share/yosys/ice40/arith_map.v:62.5-70.4
Info:                               /opt/homebrew/bin/../share/yosys/ice40/abc9_model.v:4.9-4.11
Info:      logic  0.13  6.24 Source idx1_SB_LUT4_I2_O_SB_CARRY_I0_1_CO_SB_CARRY_CI_CO_SB_CARRY_CI_CO_SB_CARRY_CI_CO_SB_CARRY_CI_CO_SB_CARRY_CI_CO_SB_CARRY_CI_CO_SB_CARRY_CI_CO_SB_CARRY_CI_CO_SB_CARRY_CI_CO_SB_CARRY_CI_CO_SB_CARRY_CI_CO_SB_CARRY_CI_CO_SB_CARRY_CI$CARRY.COUT
Info:    routing  0.00  6.24 Net idx1_SB_LUT4_I2_O_SB_CARRY_I0_1_CO_SB_CARRY_CI_CO_SB_CARRY_CI_CO_SB_CARRY_CI_CO_SB_CARRY_CI_CO_SB_CARRY_CI_CO_SB_CARRY_CI_CO_SB_CARRY_CI_CO_SB_CARRY_CI_CO_SB_CARRY_CI_CO_SB_CARRY_CI_CO_SB_CARRY_CI_CO_SB_CARRY_CI_CO_SB_CARRY_CI_CO (2,5) -> (2,5)
Info:                          Sink idx1_SB_LUT4_I2_O_SB_CARRY_I0_1_CO_SB_CARRY_CI_CO_SB_CARRY_CI_CO_SB_CARRY_CI_CO_SB_CARRY_CI_CO_SB_CARRY_CI_CO_SB_CARRY_CI_CO_SB_CARRY_CI_CO_SB_CARRY_CI_CO_SB_CARRY_CI_CO_SB_CARRY_CI_CO_SB_CARRY_CI_CO_SB_CARRY_CI_CO_SB_CARRY_CI_CO_SB_CARRY_CI$CARRY.CIN
Info:                          Defined in:
Info:                               /opt/homebrew/bin/../share/yosys/techmap.v:331.28-331.64
Info:                               /opt/homebrew/bin/../share/yosys/techmap.v:368.4-373.3
Info:                               /opt/homebrew/bin/../share/yosys/techmap.v:400.4-404.3
Info:                               tcn_network_8ch_2layer_serial2.v:101.110-101.128
Info:                               /opt/homebrew/bin/../share/yosys/ice40/arith_map.v:62.5-70.4
Info:                               /opt/homebrew/bin/../share/yosys/ice40/abc9_model.v:4.9-4.11
Info:      logic  0.13  6.37 Source idx1_SB_LUT4_I2_O_SB_CARRY_I0_1_CO_SB_CARRY_CI_CO_SB_CARRY_CI_CO_SB_CARRY_CI_CO_SB_CARRY_CI_CO_SB_CARRY_CI_CO_SB_CARRY_CI_CO_SB_CARRY_CI_CO_SB_CARRY_CI_CO_SB_CARRY_CI_CO_SB_CARRY_CI_CO_SB_CARRY_CI_CO_SB_CARRY_CI_CO_SB_CARRY_CI_CO_SB_CARRY_CI$CARRY.COUT
Info:    routing  0.00  6.37 Net idx1_SB_LUT4_I2_O_SB_CARRY_I0_1_CO_SB_CARRY_CI_CO_SB_CARRY_CI_CO_SB_CARRY_CI_CO_SB_CARRY_CI_CO_SB_CARRY_CI_CO_SB_CARRY_CI_CO_SB_CARRY_CI_CO_SB_CARRY_CI_CO_SB_CARRY_CI_CO_SB_CARRY_CI_CO_SB_CARRY_CI_CO_SB_CARRY_CI_CO_SB_CARRY_CI_CO_SB_CARRY_CI_CO (2,5) -> (2,5)
Info:                          Sink idx1_SB_LUT4_I2_O_SB_CARRY_I0_1_CO_SB_CARRY_CI_CO_SB_CARRY_CI_CO_SB_CARRY_CI_CO_SB_CARRY_CI_CO_SB_CARRY_CI_CO_SB_CARRY_CI_CO_SB_CARRY_CI_CO_SB_CARRY_CI_CO_SB_CARRY_CI_CO_SB_CARRY_CI_CO_SB_CARRY_CI_CO_SB_CARRY_CI_CO_SB_CARRY_CI_CO_SB_CARRY_CI_CO_SB_CARRY_CI$CARRY.CIN
Info:                          Defined in:
Info:                               /opt/homebrew/bin/../share/yosys/techmap.v:331.28-331.64
Info:                               /opt/homebrew/bin/../share/yosys/techmap.v:368.4-373.3
Info:                               /opt/homebrew/bin/../share/yosys/techmap.v:400.4-404.3
Info:                               tcn_network_8ch_2layer_serial2.v:101.110-101.128
Info:                               /opt/homebrew/bin/../share/yosys/ice40/arith_map.v:62.5-70.4
Info:                               /opt/homebrew/bin/../share/yosys/ice40/abc9_model.v:4.9-4.11
Info:      logic  0.13  6.50 Source idx1_SB_LUT4_I2_O_SB_CARRY_I0_1_CO_SB_CARRY_CI_CO_SB_CARRY_CI_CO_SB_CARRY_CI_CO_SB_CARRY_CI_CO_SB_CARRY_CI_CO_SB_CARRY_CI_CO_SB_CARRY_CI_CO_SB_CARRY_CI_CO_SB_CARRY_CI_CO_SB_CARRY_CI_CO_SB_CARRY_CI_CO_SB_CARRY_CI_CO_SB_CARRY_CI_CO_SB_CARRY_CI_CO_SB_CARRY_CI$CARRY.COUT
Info:    routing  0.00  6.50 Net idx1_SB_LUT4_I2_O_SB_CARRY_I0_1_CO_SB_CARRY_CI_CO_SB_CARRY_CI_CO_SB_CARRY_CI_CO_SB_CARRY_CI_CO_SB_CARRY_CI_CO_SB_CARRY_CI_CO_SB_CARRY_CI_CO_SB_CARRY_CI_CO_SB_CARRY_CI_CO_SB_CARRY_CI_CO_SB_CARRY_CI_CO_SB_CARRY_CI_CO_SB_CARRY_CI_CO_SB_CARRY_CI_CO_SB_CARRY_CI_CO (2,5) -> (2,5)
Info:                          Sink idx1_SB_LUT4_I2_O_SB_CARRY_I0_1_CO_SB_CARRY_CI_CO_SB_CARRY_CI_CO_SB_CARRY_CI_CO_SB_CARRY_CI_CO_SB_CARRY_CI_CO_SB_CARRY_CI_CO_SB_CARRY_CI_CO_SB_CARRY_CI_CO_SB_CARRY_CI_CO_SB_CARRY_CI_CO_SB_CARRY_CI_CO_SB_CARRY_CI_CO_SB_CARRY_CI_CO_SB_CARRY_CI_CO_SB_CARRY_CI_CO_SB_CARRY_CI$CARRY.CIN
Info:                          Defined in:
Info:                               /opt/homebrew/bin/../share/yosys/techmap.v:331.28-331.64
Info:                               /opt/homebrew/bin/../share/yosys/techmap.v:368.4-373.3
Info:                               /opt/homebrew/bin/../share/yosys/techmap.v:400.4-404.3
Info:                               tcn_network_8ch_2layer_serial2.v:101.110-101.128
Info:                               /opt/homebrew/bin/../share/yosys/ice40/arith_map.v:62.5-70.4
Info:                               /opt/homebrew/bin/../share/yosys/ice40/abc9_model.v:4.9-4.11
Info:      logic  0.13  6.62 Source idx1_SB_LUT4_I2_O_SB_CARRY_I0_1_CO_SB_CARRY_CI_CO_SB_CARRY_CI_CO_SB_CARRY_CI_CO_SB_CARRY_CI_CO_SB_CARRY_CI_CO_SB_CARRY_CI_CO_SB_CARRY_CI_CO_SB_CARRY_CI_CO_SB_CARRY_CI_CO_SB_CARRY_CI_CO_SB_CARRY_CI_CO_SB_CARRY_CI_CO_SB_CARRY_CI_CO_SB_CARRY_CI_CO_SB_CARRY_CI_CO_SB_CARRY_CI$CARRY.COUT
Info:    routing  0.00  6.62 Net idx1_SB_LUT4_I2_O_SB_CARRY_I0_1_CO_SB_CARRY_CI_CO_SB_CARRY_CI_CO_SB_CARRY_CI_CO_SB_CARRY_CI_CO_SB_CARRY_CI_CO_SB_CARRY_CI_CO_SB_CARRY_CI_CO_SB_CARRY_CI_CO_SB_CARRY_CI_CO_SB_CARRY_CI_CO_SB_CARRY_CI_CO_SB_CARRY_CI_CO_SB_CARRY_CI_CO_SB_CARRY_CI_CO_SB_CARRY_CI_CO_SB_CARRY_CI_CO (2,5) -> (2,5)
Info:                          Sink idx1_SB_LUT4_I2_O_SB_CARRY_I0_1_CO_SB_CARRY_CI_CO_SB_CARRY_CI_CO_SB_CARRY_CI_CO_SB_CARRY_CI_CO_SB_CARRY_CI_CO_SB_CARRY_CI_CO_SB_CARRY_CI_CO_SB_CARRY_CI_CO_SB_CARRY_CI_CO_SB_CARRY_CI_CO_SB_CARRY_CI_CO_SB_CARRY_CI_CO_SB_CARRY_CI_CO_SB_CARRY_CI_CO_SB_CARRY_CI_CO_SB_CARRY_CI_CO_SB_CARRY_CI$CARRY.CIN
Info:                          Defined in:
Info:                               /opt/homebrew/bin/../share/yosys/techmap.v:331.28-331.64
Info:                               /opt/homebrew/bin/../share/yosys/techmap.v:368.4-373.3
Info:                               /opt/homebrew/bin/../share/yosys/techmap.v:400.4-404.3
Info:                               tcn_network_8ch_2layer_serial2.v:101.110-101.128
Info:                               /opt/homebrew/bin/../share/yosys/ice40/arith_map.v:62.5-70.4
Info:                               /opt/homebrew/bin/../share/yosys/ice40/abc9_model.v:4.9-4.11
Info:      logic  0.13  6.75 Source idx1_SB_LUT4_I2_O_SB_CARRY_I0_1_CO_SB_CARRY_CI_CO_SB_CARRY_CI_CO_SB_CARRY_CI_CO_SB_CARRY_CI_CO_SB_CARRY_CI_CO_SB_CARRY_CI_CO_SB_CARRY_CI_CO_SB_CARRY_CI_CO_SB_CARRY_CI_CO_SB_CARRY_CI_CO_SB_CARRY_CI_CO_SB_CARRY_CI_CO_SB_CARRY_CI_CO_SB_CARRY_CI_CO_SB_CARRY_CI_CO_SB_CARRY_CI_CO_SB_CARRY_CI$CARRY.COUT
Info:    routing  0.00  6.75 Net idx1_SB_LUT4_I2_O_SB_CARRY_I0_1_CO_SB_CARRY_CI_CO_SB_CARRY_CI_CO_SB_CARRY_CI_CO_SB_CARRY_CI_CO_SB_CARRY_CI_CO_SB_CARRY_CI_CO_SB_CARRY_CI_CO_SB_CARRY_CI_CO_SB_CARRY_CI_CO_SB_CARRY_CI_CO_SB_CARRY_CI_CO_SB_CARRY_CI_CO_SB_CARRY_CI_CO_SB_CARRY_CI_CO_SB_CARRY_CI_CO_SB_CARRY_CI_CO_SB_CARRY_CI_CO (2,5) -> (2,5)
Info:                          Sink idx1_SB_LUT4_I2_O_SB_CARRY_I0_1_CO_SB_CARRY_CI_CO_SB_CARRY_CI_CO_SB_CARRY_CI_CO_SB_CARRY_CI_CO_SB_CARRY_CI_CO_SB_CARRY_CI_CO_SB_CARRY_CI_CO_SB_CARRY_CI_CO_SB_CARRY_CI_CO_SB_CARRY_CI_CO_SB_CARRY_CI_CO_SB_CARRY_CI_CO_SB_CARRY_CI_CO_SB_CARRY_CI_CO_SB_CARRY_CI_CO_SB_CARRY_CI_CO_SB_CARRY_CI_CO_SB_CARRY_CI$CARRY.CIN
Info:                          Defined in:
Info:                               /opt/homebrew/bin/../share/yosys/techmap.v:331.28-331.64
Info:                               /opt/homebrew/bin/../share/yosys/techmap.v:368.4-373.3
Info:                               /opt/homebrew/bin/../share/yosys/techmap.v:400.4-404.3
Info:                               tcn_network_8ch_2layer_serial2.v:101.110-101.128
Info:                               /opt/homebrew/bin/../share/yosys/ice40/arith_map.v:62.5-70.4
Info:                               /opt/homebrew/bin/../share/yosys/ice40/abc9_model.v:4.9-4.11
Info:      logic  0.13  6.88 Source idx1_SB_LUT4_I2_O_SB_CARRY_I0_1_CO_SB_CARRY_CI_CO_SB_CARRY_CI_CO_SB_CARRY_CI_CO_SB_CARRY_CI_CO_SB_CARRY_CI_CO_SB_CARRY_CI_CO_SB_CARRY_CI_CO_SB_CARRY_CI_CO_SB_CARRY_CI_CO_SB_CARRY_CI_CO_SB_CARRY_CI_CO_SB_CARRY_CI_CO_SB_CARRY_CI_CO_SB_CARRY_CI_CO_SB_CARRY_CI_CO_SB_CARRY_CI_CO_SB_CARRY_CI_CO_SB_CARRY_CI$CARRY.COUT
Info:    routing  0.00  6.88 Net idx1_SB_LUT4_I2_O_SB_CARRY_I0_1_CO_SB_CARRY_CI_CO_SB_CARRY_CI_CO_SB_CARRY_CI_CO_SB_CARRY_CI_CO_SB_CARRY_CI_CO_SB_CARRY_CI_CO_SB_CARRY_CI_CO_SB_CARRY_CI_CO_SB_CARRY_CI_CO_SB_CARRY_CI_CO_SB_CARRY_CI_CO_SB_CARRY_CI_CO_SB_CARRY_CI_CO_SB_CARRY_CI_CO_SB_CARRY_CI_CO_SB_CARRY_CI_CO_SB_CARRY_CI_CO_SB_CARRY_CI_CO (2,5) -> (2,5)
Info:                          Sink idx1_SB_LUT4_I2_O_SB_CARRY_I0_1_CO_SB_CARRY_CI_CO_SB_CARRY_CI_CO_SB_CARRY_CI_CO_SB_CARRY_CI_CO_SB_CARRY_CI_CO_SB_CARRY_CI_CO_SB_CARRY_CI_CO_SB_CARRY_CI_CO_SB_CARRY_CI_CO_SB_CARRY_CI_CO_SB_CARRY_CI_CO_SB_CARRY_CI_CO_SB_CARRY_CI_CO_SB_CARRY_CI_CO_SB_CARRY_CI_CO_SB_CARRY_CI_CO_SB_CARRY_CI_CO_SB_CARRY_CI_CO_SB_CARRY_CI$CARRY.CIN
Info:                          Defined in:
Info:                               /opt/homebrew/bin/../share/yosys/techmap.v:331.28-331.64
Info:                               /opt/homebrew/bin/../share/yosys/techmap.v:368.4-373.3
Info:                               /opt/homebrew/bin/../share/yosys/techmap.v:400.4-404.3
Info:                               tcn_network_8ch_2layer_serial2.v:101.110-101.128
Info:                               /opt/homebrew/bin/../share/yosys/ice40/arith_map.v:62.5-70.4
Info:                               /opt/homebrew/bin/../share/yosys/ice40/abc9_model.v:4.9-4.11
Info:      logic  0.13  7.00 Source idx1_SB_LUT4_I2_O_SB_CARRY_I0_1_CO_SB_CARRY_CI_CO_SB_CARRY_CI_CO_SB_CARRY_CI_CO_SB_CARRY_CI_CO_SB_CARRY_CI_CO_SB_CARRY_CI_CO_SB_CARRY_CI_CO_SB_CARRY_CI_CO_SB_CARRY_CI_CO_SB_CARRY_CI_CO_SB_CARRY_CI_CO_SB_CARRY_CI_CO_SB_CARRY_CI_CO_SB_CARRY_CI_CO_SB_CARRY_CI_CO_SB_CARRY_CI_CO_SB_CARRY_CI_CO_SB_CARRY_CI_CO_SB_CARRY_CI$CARRY.COUT
Info:    routing  0.00  7.00 Net idx1_SB_LUT4_I2_O_SB_CARRY_I0_1_CO_SB_CARRY_CI_CO_SB_CARRY_CI_CO_SB_CARRY_CI_CO_SB_CARRY_CI_CO_SB_CARRY_CI_CO_SB_CARRY_CI_CO_SB_CARRY_CI_CO_SB_CARRY_CI_CO_SB_CARRY_CI_CO_SB_CARRY_CI_CO_SB_CARRY_CI_CO_SB_CARRY_CI_CO_SB_CARRY_CI_CO_SB_CARRY_CI_CO_SB_CARRY_CI_CO_SB_CARRY_CI_CO_SB_CARRY_CI_CO_SB_CARRY_CI_CO_SB_CARRY_CI_CO (2,5) -> (2,5)
Info:                          Sink idx1_SB_LUT4_I2_O_SB_CARRY_I0_1_CO_SB_CARRY_CI_CO_SB_CARRY_CI_CO_SB_CARRY_CI_CO_SB_CARRY_CI_CO_SB_CARRY_CI_CO_SB_CARRY_CI_CO_SB_CARRY_CI_CO_SB_CARRY_CI_CO_SB_CARRY_CI_CO_SB_CARRY_CI_CO_SB_CARRY_CI_CO_SB_CARRY_CI_CO_SB_CARRY_CI_CO_SB_CARRY_CI_CO_SB_CARRY_CI_CO_SB_CARRY_CI_CO_SB_CARRY_CI_CO_SB_CARRY_CI_CO_SB_CARRY_CI_CO_SB_CARRY_CI$CARRY.CIN
Info:                          Defined in:
Info:                               /opt/homebrew/bin/../share/yosys/techmap.v:331.28-331.64
Info:                               /opt/homebrew/bin/../share/yosys/techmap.v:368.4-373.3
Info:                               /opt/homebrew/bin/../share/yosys/techmap.v:400.4-404.3
Info:                               tcn_network_8ch_2layer_serial2.v:101.110-101.128
Info:                               /opt/homebrew/bin/../share/yosys/ice40/arith_map.v:62.5-70.4
Info:                               /opt/homebrew/bin/../share/yosys/ice40/abc9_model.v:4.9-4.11
Info:      logic  0.13  7.13 Source idx1_SB_LUT4_I2_O_SB_CARRY_I0_1_CO_SB_CARRY_CI_CO_SB_CARRY_CI_CO_SB_CARRY_CI_CO_SB_CARRY_CI_CO_SB_CARRY_CI_CO_SB_CARRY_CI_CO_SB_CARRY_CI_CO_SB_CARRY_CI_CO_SB_CARRY_CI_CO_SB_CARRY_CI_CO_SB_CARRY_CI_CO_SB_CARRY_CI_CO_SB_CARRY_CI_CO_SB_CARRY_CI_CO_SB_CARRY_CI_CO_SB_CARRY_CI_CO_SB_CARRY_CI_CO_SB_CARRY_CI_CO_SB_CARRY_CI_CO_SB_CARRY_CI$CARRY.COUT
Info:    routing  0.20  7.32 Net idx1_SB_LUT4_I2_O_SB_CARRY_I0_1_CO_SB_CARRY_CI_CO_SB_CARRY_CI_CO_SB_CARRY_CI_CO_SB_CARRY_CI_CO_SB_CARRY_CI_CO_SB_CARRY_CI_CO_SB_CARRY_CI_CO_SB_CARRY_CI_CO_SB_CARRY_CI_CO_SB_CARRY_CI_CO_SB_CARRY_CI_CO_SB_CARRY_CI_CO_SB_CARRY_CI_CO_SB_CARRY_CI_CO_SB_CARRY_CI_CO_SB_CARRY_CI_CO_SB_CARRY_CI_CO_SB_CARRY_CI_CO_SB_CARRY_CI_CO_SB_CARRY_CI_CO (2,5) -> (2,6)
Info:                          Sink idx1_SB_LUT4_I2_O_SB_CARRY_I0_1_CO_SB_CARRY_CI_CO_SB_CARRY_CI_CO_SB_CARRY_CI_CO_SB_CARRY_CI_CO_SB_CARRY_CI_CO_SB_CARRY_CI_CO_SB_CARRY_CI_CO_SB_CARRY_CI_CO_SB_CARRY_CI_CO_SB_CARRY_CI_CO_SB_CARRY_CI_CO_SB_CARRY_CI_CO_SB_CARRY_CI_CO_SB_CARRY_CI_CO_SB_CARRY_CI_CO_SB_CARRY_CI_CO_SB_CARRY_CI_CO_SB_CARRY_CI_CO_SB_CARRY_CI_CO_SB_CARRY_CI_CO_SB_CARRY_CI$CARRY.CIN
Info:                          Defined in:
Info:                               /opt/homebrew/bin/../share/yosys/techmap.v:331.28-331.64
Info:                               /opt/homebrew/bin/../share/yosys/techmap.v:368.4-373.3
Info:                               /opt/homebrew/bin/../share/yosys/techmap.v:400.4-404.3
Info:                               tcn_network_8ch_2layer_serial2.v:101.110-101.128
Info:                               /opt/homebrew/bin/../share/yosys/ice40/arith_map.v:62.5-70.4
Info:                               /opt/homebrew/bin/../share/yosys/ice40/abc9_model.v:4.9-4.11
Info:      logic  0.13  7.45 Source idx1_SB_LUT4_I2_O_SB_CARRY_I0_1_CO_SB_CARRY_CI_CO_SB_CARRY_CI_CO_SB_CARRY_CI_CO_SB_CARRY_CI_CO_SB_CARRY_CI_CO_SB_CARRY_CI_CO_SB_CARRY_CI_CO_SB_CARRY_CI_CO_SB_CARRY_CI_CO_SB_CARRY_CI_CO_SB_CARRY_CI_CO_SB_CARRY_CI_CO_SB_CARRY_CI_CO_SB_CARRY_CI_CO_SB_CARRY_CI_CO_SB_CARRY_CI_CO_SB_CARRY_CI_CO_SB_CARRY_CI_CO_SB_CARRY_CI_CO_SB_CARRY_CI_CO_SB_CARRY_CI$CARRY.COUT
Info:    routing  0.00  7.45 Net idx1_SB_LUT4_I2_O_SB_CARRY_I0_1_CO_SB_CARRY_CI_CO_SB_CARRY_CI_CO_SB_CARRY_CI_CO_SB_CARRY_CI_CO_SB_CARRY_CI_CO_SB_CARRY_CI_CO_SB_CARRY_CI_CO_SB_CARRY_CI_CO_SB_CARRY_CI_CO_SB_CARRY_CI_CO_SB_CARRY_CI_CO_SB_CARRY_CI_CO_SB_CARRY_CI_CO_SB_CARRY_CI_CO_SB_CARRY_CI_CO_SB_CARRY_CI_CO_SB_CARRY_CI_CO_SB_CARRY_CI_CO_SB_CARRY_CI_CO_SB_CARRY_CI_CO_SB_CARRY_CI_CO (2,6) -> (2,6)
Info:                          Sink idx1_SB_LUT4_I2_O_SB_CARRY_I0_1_CO_SB_CARRY_CI_CO_SB_CARRY_CI_CO_SB_CARRY_CI_CO_SB_CARRY_CI_CO_SB_CARRY_CI_CO_SB_CARRY_CI_CO_SB_CARRY_CI_CO_SB_CARRY_CI_CO_SB_CARRY_CI_CO_SB_CARRY_CI_CO_SB_CARRY_CI_CO_SB_CARRY_CI_CO_SB_CARRY_CI_CO_SB_CARRY_CI_CO_SB_CARRY_CI_CO_SB_CARRY_CI_CO_SB_CARRY_CI_CO_SB_CARRY_CI_CO_SB_CARRY_CI_CO_SB_CARRY_CI_CO_SB_CARRY_CI_CO_SB_CARRY_CI$CARRY.CIN
Info:                          Defined in:
Info:                               /opt/homebrew/bin/../share/yosys/techmap.v:331.28-331.64
Info:                               /opt/homebrew/bin/../share/yosys/techmap.v:368.4-373.3
Info:                               /opt/homebrew/bin/../share/yosys/techmap.v:400.4-404.3
Info:                               tcn_network_8ch_2layer_serial2.v:101.110-101.128
Info:                               /opt/homebrew/bin/../share/yosys/ice40/arith_map.v:62.5-70.4
Info:                               /opt/homebrew/bin/../share/yosys/ice40/abc9_model.v:4.9-4.11
Info:      logic  0.13  7.57 Source idx1_SB_LUT4_I2_O_SB_CARRY_I0_1_CO_SB_CARRY_CI_CO_SB_CARRY_CI_CO_SB_CARRY_CI_CO_SB_CARRY_CI_CO_SB_CARRY_CI_CO_SB_CARRY_CI_CO_SB_CARRY_CI_CO_SB_CARRY_CI_CO_SB_CARRY_CI_CO_SB_CARRY_CI_CO_SB_CARRY_CI_CO_SB_CARRY_CI_CO_SB_CARRY_CI_CO_SB_CARRY_CI_CO_SB_CARRY_CI_CO_SB_CARRY_CI_CO_SB_CARRY_CI_CO_SB_CARRY_CI_CO_SB_CARRY_CI_CO_SB_CARRY_CI_CO_SB_CARRY_CI_CO_SB_CARRY_CI$CARRY.COUT
Info:    routing  0.00  7.57 Net idx1_SB_LUT4_I2_O_SB_CARRY_I0_1_CO_SB_CARRY_CI_CO_SB_CARRY_CI_CO_SB_CARRY_CI_CO_SB_CARRY_CI_CO_SB_CARRY_CI_CO_SB_CARRY_CI_CO_SB_CARRY_CI_CO_SB_CARRY_CI_CO_SB_CARRY_CI_CO_SB_CARRY_CI_CO_SB_CARRY_CI_CO_SB_CARRY_CI_CO_SB_CARRY_CI_CO_SB_CARRY_CI_CO_SB_CARRY_CI_CO_SB_CARRY_CI_CO_SB_CARRY_CI_CO_SB_CARRY_CI_CO_SB_CARRY_CI_CO_SB_CARRY_CI_CO_SB_CARRY_CI_CO_SB_CARRY_CI_CO (2,6) -> (2,6)
Info:                          Sink idx1_SB_LUT4_I2_O_SB_CARRY_I0_1_CO_SB_CARRY_CI_CO_SB_CARRY_CI_CO_SB_CARRY_CI_CO_SB_CARRY_CI_CO_SB_CARRY_CI_CO_SB_CARRY_CI_CO_SB_CARRY_CI_CO_SB_CARRY_CI_CO_SB_CARRY_CI_CO_SB_CARRY_CI_CO_SB_CARRY_CI_CO_SB_CARRY_CI_CO_SB_CARRY_CI_CO_SB_CARRY_CI_CO_SB_CARRY_CI_CO_SB_CARRY_CI_CO_SB_CARRY_CI_CO_SB_CARRY_CI_CO_SB_CARRY_CI_CO_SB_CARRY_CI_CO_SB_CARRY_CI_CO_SB_CARRY_CI_CO_SB_CARRY_CI$CARRY.CIN
Info:                          Defined in:
Info:                               /opt/homebrew/bin/../share/yosys/techmap.v:331.28-331.64
Info:                               /opt/homebrew/bin/../share/yosys/techmap.v:368.4-373.3
Info:                               /opt/homebrew/bin/../share/yosys/techmap.v:400.4-404.3
Info:                               tcn_network_8ch_2layer_serial2.v:101.110-101.128
Info:                               /opt/homebrew/bin/../share/yosys/ice40/arith_map.v:62.5-70.4
Info:                               /opt/homebrew/bin/../share/yosys/ice40/abc9_model.v:4.9-4.11
Info:      logic  0.13  7.70 Source idx1_SB_LUT4_I2_O_SB_CARRY_I0_1_CO_SB_CARRY_CI_CO_SB_CARRY_CI_CO_SB_CARRY_CI_CO_SB_CARRY_CI_CO_SB_CARRY_CI_CO_SB_CARRY_CI_CO_SB_CARRY_CI_CO_SB_CARRY_CI_CO_SB_CARRY_CI_CO_SB_CARRY_CI_CO_SB_CARRY_CI_CO_SB_CARRY_CI_CO_SB_CARRY_CI_CO_SB_CARRY_CI_CO_SB_CARRY_CI_CO_SB_CARRY_CI_CO_SB_CARRY_CI_CO_SB_CARRY_CI_CO_SB_CARRY_CI_CO_SB_CARRY_CI_CO_SB_CARRY_CI_CO_SB_CARRY_CI_CO_SB_CARRY_CI$CARRY.COUT
Info:    routing  0.00  7.70 Net idx1_SB_LUT4_I2_O_SB_CARRY_I0_1_CO_SB_CARRY_CI_CO_SB_CARRY_CI_CO_SB_CARRY_CI_CO_SB_CARRY_CI_CO_SB_CARRY_CI_CO_SB_CARRY_CI_CO_SB_CARRY_CI_CO_SB_CARRY_CI_CO_SB_CARRY_CI_CO_SB_CARRY_CI_CO_SB_CARRY_CI_CO_SB_CARRY_CI_CO_SB_CARRY_CI_CO_SB_CARRY_CI_CO_SB_CARRY_CI_CO_SB_CARRY_CI_CO_SB_CARRY_CI_CO_SB_CARRY_CI_CO_SB_CARRY_CI_CO_SB_CARRY_CI_CO_SB_CARRY_CI_CO_SB_CARRY_CI_CO_SB_CARRY_CI_CO (2,6) -> (2,6)
Info:                          Sink idx1_SB_LUT4_I2_O_SB_CARRY_I0_1_CO_SB_CARRY_CI_CO_SB_CARRY_CI_CO_SB_CARRY_CI_CO_SB_CARRY_CI_CO_SB_CARRY_CI_CO_SB_CARRY_CI_CO_SB_CARRY_CI_CO_SB_CARRY_CI_CO_SB_CARRY_CI_CO_SB_CARRY_CI_CO_SB_CARRY_CI_CO_SB_CARRY_CI_CO_SB_CARRY_CI_CO_SB_CARRY_CI_CO_SB_CARRY_CI_CO_SB_CARRY_CI_CO_SB_CARRY_CI_CO_SB_CARRY_CI_CO_SB_CARRY_CI_CO_SB_CARRY_CI_CO_SB_CARRY_CI_CO_SB_CARRY_CI_CO_SB_CARRY_CI_CO_SB_CARRY_CI$CARRY.CIN
Info:                          Defined in:
Info:                               /opt/homebrew/bin/../share/yosys/techmap.v:331.28-331.64
Info:                               /opt/homebrew/bin/../share/yosys/techmap.v:368.4-373.3
Info:                               /opt/homebrew/bin/../share/yosys/techmap.v:400.4-404.3
Info:                               tcn_network_8ch_2layer_serial2.v:101.110-101.128
Info:                               /opt/homebrew/bin/../share/yosys/ice40/arith_map.v:62.5-70.4
Info:                               /opt/homebrew/bin/../share/yosys/ice40/abc9_model.v:4.9-4.11
Info:      logic  0.13  7.83 Source idx1_SB_LUT4_I2_O_SB_CARRY_I0_1_CO_SB_CARRY_CI_CO_SB_CARRY_CI_CO_SB_CARRY_CI_CO_SB_CARRY_CI_CO_SB_CARRY_CI_CO_SB_CARRY_CI_CO_SB_CARRY_CI_CO_SB_CARRY_CI_CO_SB_CARRY_CI_CO_SB_CARRY_CI_CO_SB_CARRY_CI_CO_SB_CARRY_CI_CO_SB_CARRY_CI_CO_SB_CARRY_CI_CO_SB_CARRY_CI_CO_SB_CARRY_CI_CO_SB_CARRY_CI_CO_SB_CARRY_CI_CO_SB_CARRY_CI_CO_SB_CARRY_CI_CO_SB_CARRY_CI_CO_SB_CARRY_CI_CO_SB_CARRY_CI_CO_SB_CARRY_CI$CARRY.COUT
Info:    routing  0.26  8.09 Net $nextpnr_ICESTORM_LC_27$I3 (2,6) -> (2,6)
Info:                          Sink $nextpnr_ICESTORM_LC_27.I3
Info:      logic  0.31  8.40 Source $nextpnr_ICESTORM_LC_27.O
Info:    routing  0.96  9.36 Net idx1_SB_LUT4_I2_O_SB_CARRY_I0_1_CO_SB_CARRY_CI_CO_SB_CARRY_CI_CO_SB_CARRY_CI_CO_SB_CARRY_CI_CO_SB_CARRY_CI_CO_SB_CARRY_CI_CO_SB_CARRY_CI_CO_SB_CARRY_CI_CO_SB_CARRY_CI_CO_SB_CARRY_CI_CO_SB_CARRY_CI_CO_SB_CARRY_CI_CO_SB_CARRY_CI_CO_SB_CARRY_CI_CO_SB_CARRY_CI_CO_SB_CARRY_CI_CO_SB_CARRY_CI_CO_SB_CARRY_CI_CO_SB_CARRY_CI_CO_SB_CARRY_CI_CO_SB_CARRY_CI_CO_SB_CARRY_CI_CO_SB_CARRY_CI_CO_SB_CARRY_CI_CO (2,6) -> (2,3)
Info:                          Sink idx1_SB_LUT4_I2_O_SB_CARRY_I0_1_CO_SB_LUT4_I3_LC.I0
Info:                          Defined in:
Info:                               /opt/homebrew/bin/../share/yosys/techmap.v:331.28-331.64
Info:                               /opt/homebrew/bin/../share/yosys/techmap.v:368.4-373.3
Info:                               /opt/homebrew/bin/../share/yosys/techmap.v:400.4-404.3
Info:                               tcn_network_8ch_2layer_serial2.v:101.110-101.128
Info:                               /opt/homebrew/bin/../share/yosys/ice40/arith_map.v:62.5-70.4
Info:                               /opt/homebrew/bin/../share/yosys/ice40/abc9_model.v:4.9-4.11
Info:      logic  0.45  9.81 Source idx1_SB_LUT4_I2_O_SB_CARRY_I0_1_CO_SB_LUT4_I3_LC.O
Info:    routing  1.33  11.14 Net idx1_SB_LUT4_I2_O_SB_CARRY_I0_1_CO_SB_LUT4_I3_O[1] (2,3) -> (3,7)
Info:                          Sink idx1_SB_LUT4_I2_O_SB_CARRY_I0_1_CO_SB_LUT4_I3_O_SB_LUT4_I1_LC.I1
Info:                          Defined in:
Info:                               /opt/homebrew/bin/../share/yosys/techmap.v:331.28-331.64
Info:                               /opt/homebrew/bin/../share/yosys/techmap.v:368.4-373.3
Info:                               /opt/homebrew/bin/../share/yosys/techmap.v:400.4-404.3
Info:                               tcn_network_8ch_2layer_serial2.v:101.110-101.128
Info:                               /opt/homebrew/bin/../share/yosys/ice40/arith_map.v:62.5-70.4
Info:                               /opt/homebrew/bin/../share/yosys/ice40/cells_map.v:6.21-6.22
Info:      logic  0.40  11.54 Source idx1_SB_LUT4_I2_O_SB_CARRY_I0_1_CO_SB_LUT4_I3_O_SB_LUT4_I1_LC.O
Info:    routing  1.27  12.81 Net idx1_SB_LUT4_I2_O_SB_CARRY_I0_1_CO_SB_LUT4_I3_O_SB_LUT4_I1_I3_SB_CARRY_CO_CI_SB_CARRY_CO_CI_SB_CARRY_CO_CI_SB_CARRY_CO_I0[2] (3,7) -> (4,3)
Info:                          Sink idx1_SB_LUT4_I2_O_SB_LUT4_I1_I3_SB_CARRY_CO_CI_SB_LUT4_I3_O_SB_LUT4_I2_O_SB_LUT4_I1_O_SB_LUT4_I1_I3_SB_CARRY_CO_CI_SB_CARRY_CO_CI_SB_CARRY_CO$CARRY.I3
Info:                          Defined in:
Info:                               /opt/homebrew/bin/../share/yosys/techmap.v:331.28-331.64
Info:                               /opt/homebrew/bin/../share/yosys/techmap.v:368.4-373.3
Info:                               /opt/homebrew/bin/../share/yosys/techmap.v:400.4-404.3
Info:                               tcn_network_8ch_2layer_serial2.v:101.110-101.128
Info:                               /opt/homebrew/bin/../share/yosys/ice40/arith_map.v:62.5-70.4
Info:                               /opt/homebrew/bin/../share/yosys/ice40/cells_map.v:6.21-6.22
Info:      logic  0.31  13.13 Source idx1_SB_LUT4_I2_O_SB_LUT4_I1_I3_SB_CARRY_CO_CI_SB_LUT4_I3_O_SB_LUT4_I2_O_SB_LUT4_I1_O_SB_LUT4_I1_I3_SB_CARRY_CO_CI_SB_CARRY_CO_CI_SB_CARRY_CO$CARRY.O
Info:    routing  0.59  13.71 Net idx1_SB_LUT4_I2_O_SB_LUT4_I1_I3_SB_CARRY_CO_CI_SB_LUT4_I3_O_SB_LUT4_I2_O_SB_LUT4_I1_O_SB_LUT4_I1_I3_SB_CARRY_CO_CI_SB_CARRY_CO_CI_SB_CARRY_CO_I0[1] (4,3) -> (4,3)
Info:                          Sink idx1_SB_LUT4_I2_O_SB_LUT4_I1_I3_SB_CARRY_CO_CI_SB_LUT4_I3_O_SB_LUT4_I2_O_SB_LUT4_I1_O_SB_LUT4_I1_I3_SB_CARRY_CO_CI_SB_CARRY_CO_CI_SB_CARRY_CO$CARRY.I1
Info:                          Defined in:
Info:                               /opt/homebrew/bin/../share/yosys/ice40/cells_map.v:6.21-6.22
Info:      logic  0.26  13.97 Source idx1_SB_LUT4_I2_O_SB_LUT4_I1_I3_SB_CARRY_CO_CI_SB_LUT4_I3_O_SB_LUT4_I2_O_SB_LUT4_I1_O_SB_LUT4_I1_I3_SB_CARRY_CO_CI_SB_CARRY_CO_CI_SB_CARRY_CO$CARRY.COUT
Info:    routing  0.00  13.97 Net idx1_SB_LUT4_I2_O_SB_CARRY_I0_1_CO_SB_LUT4_I3_O_SB_LUT4_I1_I3_SB_CARRY_CO_CI_SB_CARRY_CO_CI_SB_CARRY_CO_CI_SB_CARRY_CO_I0_SB_LUT4_I2_O[3] (4,3) -> (4,3)
Info:                          Sink idx1_SB_LUT4_I2_O_SB_CARRY_I0_1_CO_SB_LUT4_I3_O_SB_LUT4_I1_I3_SB_CARRY_CO_CI_SB_CARRY_CO_CI_SB_CARRY_CO_CI_SB_CARRY_CO_I0_SB_LUT4_I2_O_SB_LUT4_I1_LC.CIN
Info:                          Defined in:
Info:                               /opt/homebrew/bin/../share/yosys/techmap.v:331.28-331.64
Info:                               /opt/homebrew/bin/../share/yosys/techmap.v:368.4-373.3
Info:                               /opt/homebrew/bin/../share/yosys/techmap.v:400.4-404.3
Info:                               tcn_network_8ch_2layer_serial2.v:101.110-101.128
Info:                               /opt/homebrew/bin/../share/yosys/ice40/arith_map.v:62.5-70.4
Info:                               /opt/homebrew/bin/../share/yosys/ice40/abc9_model.v:4.9-4.11
Info:      logic  0.13  14.10 Source idx1_SB_LUT4_I2_O_SB_CARRY_I0_1_CO_SB_LUT4_I3_O_SB_LUT4_I1_I3_SB_CARRY_CO_CI_SB_CARRY_CO_CI_SB_CARRY_CO_CI_SB_CARRY_CO_I0_SB_LUT4_I2_O_SB_LUT4_I1_LC.COUT
Info:    routing  0.00  14.10 Net idx1_SB_LUT4_I2_O_SB_CARRY_I0_1_CO_SB_LUT4_I3_O_SB_LUT4_I1_I3_SB_CARRY_CO_CI_SB_CARRY_CO_CI_SB_CARRY_CO_I0_SB_LUT4_I1_O[3] (4,3) -> (4,3)
Info:                          Sink idx1_SB_LUT4_I2_O_SB_CARRY_I0_1_CO_SB_LUT4_I3_O_SB_LUT4_I1_I3_SB_CARRY_CO_CI_SB_CARRY_CO_CI_SB_CARRY_CO_I0_SB_LUT4_I1_O_SB_LUT4_I1_LC.CIN
Info:                          Defined in:
Info:                               /opt/homebrew/bin/../share/yosys/techmap.v:331.28-331.64
Info:                               /opt/homebrew/bin/../share/yosys/techmap.v:368.4-373.3
Info:                               /opt/homebrew/bin/../share/yosys/techmap.v:400.4-404.3
Info:                               tcn_network_8ch_2layer_serial2.v:101.110-101.128
Info:                               /opt/homebrew/bin/../share/yosys/ice40/arith_map.v:62.5-70.4
Info:                               /opt/homebrew/bin/../share/yosys/ice40/abc9_model.v:4.9-4.11
Info:      logic  0.13  14.23 Source idx1_SB_LUT4_I2_O_SB_CARRY_I0_1_CO_SB_LUT4_I3_O_SB_LUT4_I1_I3_SB_CARRY_CO_CI_SB_CARRY_CO_CI_SB_CARRY_CO_I0_SB_LUT4_I1_O_SB_LUT4_I1_LC.COUT
Info:    routing  0.00  14.23 Net idx1_SB_LUT4_I2_O_SB_LUT4_I1_I3_SB_CARRY_CO_CI_SB_LUT4_I3_O_SB_LUT4_I2_O_SB_LUT4_I1_O[3] (4,3) -> (4,3)
Info:                          Sink idx1_SB_LUT4_I2_O_SB_LUT4_I1_I3_SB_CARRY_CO_CI_SB_LUT4_I3_O_SB_LUT4_I2_O_SB_LUT4_I1_O_SB_LUT4_I1_LC.CIN
Info:                          Defined in:
Info:                               /opt/homebrew/bin/../share/yosys/techmap.v:331.28-331.64
Info:                               /opt/homebrew/bin/../share/yosys/techmap.v:368.4-373.3
Info:                               /opt/homebrew/bin/../share/yosys/techmap.v:400.4-404.3
Info:                               tcn_network_8ch_2layer_serial2.v:101.110-101.128
Info:                               /opt/homebrew/bin/../share/yosys/ice40/arith_map.v:62.5-70.4
Info:                               /opt/homebrew/bin/../share/yosys/ice40/abc9_model.v:4.9-4.11
Info:      logic  0.13  14.35 Source idx1_SB_LUT4_I2_O_SB_LUT4_I1_I3_SB_CARRY_CO_CI_SB_LUT4_I3_O_SB_LUT4_I2_O_SB_LUT4_I1_O_SB_LUT4_I1_LC.COUT
Info:    routing  0.00  14.35 Net idx1_SB_CARRY_I0_CO_SB_LUT4_I3_4_O[3] (4,3) -> (4,3)
Info:                          Sink idx1_SB_LUT4_I2_O_SB_LUT4_I1_I3_SB_CARRY_CO_CI_SB_LUT4_I3_O_SB_LUT4_I2_O_SB_LUT4_I1_O_SB_CARRY_I0_CO_SB_LUT4_I3_LC.CIN
Info:                          Defined in:
Info:                               /opt/homebrew/bin/../share/yosys/techmap.v:331.28-331.64
Info:                               /opt/homebrew/bin/../share/yosys/techmap.v:368.4-373.3
Info:                               /opt/homebrew/bin/../share/yosys/techmap.v:400.4-404.3
Info:                               tcn_network_8ch_2layer_serial2.v:101.110-101.128
Info:                               /opt/homebrew/bin/../share/yosys/ice40/arith_map.v:62.5-70.4
Info:                               /opt/homebrew/bin/../share/yosys/ice40/abc9_model.v:4.9-4.11
Info:      logic  0.13  14.48 Source idx1_SB_LUT4_I2_O_SB_LUT4_I1_I3_SB_CARRY_CO_CI_SB_LUT4_I3_O_SB_LUT4_I2_O_SB_LUT4_I1_O_SB_CARRY_I0_CO_SB_LUT4_I3_LC.COUT
Info:    routing  0.26  14.74 Net idx1_SB_LUT4_I2_O_SB_LUT4_I1_I3_SB_CARRY_CO_CI_SB_LUT4_I3_O_SB_LUT4_I2_O_SB_LUT4_I1_O_SB_CARRY_I0_CO_SB_CARRY_CI_CO (4,3) -> (4,3)
Info:                          Sink idx1_SB_LUT4_I2_O_SB_LUT4_I1_I3_SB_CARRY_CO_CI_SB_LUT4_I3_O_SB_LUT4_I2_O_SB_LUT4_I1_O_SB_CARRY_I0_CO_SB_CARRY_CI_CO_SB_LUT4_I3_LC.I3
Info:                          Defined in:
Info:                               /opt/homebrew/bin/../share/yosys/techmap.v:331.28-331.64
Info:                               /opt/homebrew/bin/../share/yosys/techmap.v:368.4-373.3
Info:                               /opt/homebrew/bin/../share/yosys/techmap.v:400.4-404.3
Info:                               tcn_network_8ch_2layer_serial2.v:101.110-101.128
Info:                               /opt/homebrew/bin/../share/yosys/ice40/arith_map.v:62.5-70.4
Info:                               /opt/homebrew/bin/../share/yosys/ice40/abc9_model.v:4.9-4.11
Info:      logic  0.31  15.05 Source idx1_SB_LUT4_I2_O_SB_LUT4_I1_I3_SB_CARRY_CO_CI_SB_LUT4_I3_O_SB_LUT4_I2_O_SB_LUT4_I1_O_SB_CARRY_I0_CO_SB_CARRY_CI_CO_SB_LUT4_I3_LC.O
Info:    routing  0.59  15.64 Net idx1_SB_CARRY_I0_CO_SB_LUT4_I3_4_O[0] (4,3) -> (4,4)
Info:                          Sink idx1_SB_LUT4_I2_O_SB_LUT4_I1_I3_SB_CARRY_CO_CI_SB_LUT4_I3_O_SB_LUT4_I2_O_SB_LUT4_I1_O_SB_LUT4_I1_O_SB_LUT4_I1_I3_SB_CARRY_CO_CI_SB_CARRY_CO_CI_SB_CARRY_CO_CI_SB_CARRY_CO$CARRY.I3
Info:                          Defined in:
Info:                               /opt/homebrew/bin/../share/yosys/ice40/cells_map.v:6.21-6.22
Info:      logic  0.31  15.95 Source idx1_SB_LUT4_I2_O_SB_LUT4_I1_I3_SB_CARRY_CO_CI_SB_LUT4_I3_O_SB_LUT4_I2_O_SB_LUT4_I1_O_SB_LUT4_I1_O_SB_LUT4_I1_I3_SB_CARRY_CO_CI_SB_CARRY_CO_CI_SB_CARRY_CO_CI_SB_CARRY_CO$CARRY.O
Info:    routing  0.59  16.54 Net idx1_SB_LUT4_I2_O_SB_LUT4_I1_I3_SB_CARRY_CO_CI_SB_LUT4_I3_O_SB_LUT4_I2_O_SB_LUT4_I1_O_SB_LUT4_I1_O_SB_CARRY_I0_CO_SB_CARRY_CI_CO_SB_LUT4_I3_O[1] (4,4) -> (4,4)
Info:                          Sink idx1_SB_LUT4_I2_O_SB_LUT4_I1_I3_SB_CARRY_CO_CI_SB_LUT4_I3_O_SB_LUT4_I2_O_SB_LUT4_I1_O_SB_LUT4_I1_O_SB_LUT4_I1_I3_SB_CARRY_CO_CI_SB_CARRY_CO_CI_SB_CARRY_CO_CI_SB_CARRY_CO$CARRY.I1
Info:                          Defined in:
Info:                               /opt/homebrew/bin/../share/yosys/ice40/cells_map.v:6.21-6.22
Info:      logic  0.26  16.80 Source idx1_SB_LUT4_I2_O_SB_LUT4_I1_I3_SB_CARRY_CO_CI_SB_LUT4_I3_O_SB_LUT4_I2_O_SB_LUT4_I1_O_SB_LUT4_I1_O_SB_LUT4_I1_I3_SB_CARRY_CO_CI_SB_CARRY_CO_CI_SB_CARRY_CO_CI_SB_CARRY_CO$CARRY.COUT
Info:    routing  0.00  16.80 Net idx1_SB_LUT4_I2_O_SB_LUT4_I1_I3_SB_CARRY_CO_CI_SB_LUT4_I3_O_SB_LUT4_I2_O_SB_LUT4_I1_O_SB_LUT4_I1_O_SB_LUT4_I1_I3_SB_CARRY_CO_CI_SB_CARRY_CO_CI_SB_CARRY_CO_CI (4,4) -> (4,4)
Info:                          Sink idx1_SB_LUT4_I2_O_SB_LUT4_I1_I3_SB_CARRY_CO_CI_SB_LUT4_I3_O_SB_LUT4_I2_O_SB_LUT4_I1_O_SB_LUT4_I1_O_SB_LUT4_I1_I3_SB_CARRY_CO_CI_SB_CARRY_CO_CI_SB_CARRY_CO_I0_SB_LUT4_I1_LC.CIN
Info:                          Defined in:
Info:                               /opt/homebrew/bin/../share/yosys/techmap.v:331.28-331.64
Info:                               /opt/homebrew/bin/../share/yosys/techmap.v:368.4-373.3
Info:                               /opt/homebrew/bin/../share/yosys/techmap.v:400.4-404.3
Info:                               tcn_network_8ch_2layer_serial2.v:101.110-101.128
Info:                               /opt/homebrew/bin/../share/yosys/ice40/arith_map.v:62.5-70.4
Info:                               /opt/homebrew/bin/../share/yosys/ice40/cells_map.v:6.21-6.22
Info:      logic  0.13  16.93 Source idx1_SB_LUT4_I2_O_SB_LUT4_I1_I3_SB_CARRY_CO_CI_SB_LUT4_I3_O_SB_LUT4_I2_O_SB_LUT4_I1_O_SB_LUT4_I1_O_SB_LUT4_I1_I3_SB_CARRY_CO_CI_SB_CARRY_CO_CI_SB_CARRY_CO_I0_SB_LUT4_I1_LC.COUT
Info:    routing  0.00  16.93 Net idx1_SB_LUT4_I2_O_SB_CARRY_I0_1_CO_SB_LUT4_I3_O_SB_LUT4_I1_I3_SB_CARRY_CO_CI_SB_CARRY_CO_CI_SB_CARRY_CO_CI_SB_CARRY_CO_I0_SB_LUT4_I2_O_SB_LUT4_I1_O[3] (4,4) -> (4,4)
Info:                          Sink idx1_SB_LUT4_I2_O_SB_CARRY_I0_1_CO_SB_LUT4_I3_O_SB_LUT4_I1_I3_SB_CARRY_CO_CI_SB_CARRY_CO_CI_SB_CARRY_CO_CI_SB_CARRY_CO_I0_SB_LUT4_I2_O_SB_LUT4_I1_O_SB_LUT4_I1_LC.CIN
Info:                          Defined in:
Info:                               /opt/homebrew/bin/../share/yosys/techmap.v:331.28-331.64
Info:                               /opt/homebrew/bin/../share/yosys/techmap.v:368.4-373.3
Info:                               /opt/homebrew/bin/../share/yosys/techmap.v:400.4-404.3
Info:                               tcn_network_8ch_2layer_serial2.v:101.110-101.128
Info:                               /opt/homebrew/bin/../share/yosys/ice40/arith_map.v:62.5-70.4
Info:                               /opt/homebrew/bin/../share/yosys/ice40/abc9_model.v:4.9-4.11
Info:      logic  0.13  17.05 Source idx1_SB_LUT4_I2_O_SB_CARRY_I0_1_CO_SB_LUT4_I3_O_SB_LUT4_I1_I3_SB_CARRY_CO_CI_SB_CARRY_CO_CI_SB_CARRY_CO_CI_SB_CARRY_CO_I0_SB_LUT4_I2_O_SB_LUT4_I1_O_SB_LUT4_I1_LC.COUT
Info:    routing  0.00  17.05 Net idx1_SB_LUT4_I2_O_SB_CARRY_I0_1_CO_SB_LUT4_I3_O_SB_LUT4_I1_I3_SB_CARRY_CO_CI_SB_CARRY_CO_CI_SB_CARRY_CO_I0_SB_LUT4_I1_O_SB_LUT4_I1_O[3] (4,4) -> (4,4)
Info:                          Sink idx1_SB_LUT4_I2_O_SB_CARRY_I0_1_CO_SB_LUT4_I3_O_SB_LUT4_I1_I3_SB_CARRY_CO_CI_SB_CARRY_CO_CI_SB_CARRY_CO_I0_SB_LUT4_I1_O_SB_LUT4_I1_O_SB_LUT4_I1_LC.CIN
Info:                          Defined in:
Info:                               /opt/homebrew/bin/../share/yosys/techmap.v:331.28-331.64
Info:                               /opt/homebrew/bin/../share/yosys/techmap.v:368.4-373.3
Info:                               /opt/homebrew/bin/../share/yosys/techmap.v:400.4-404.3
Info:                               tcn_network_8ch_2layer_serial2.v:101.110-101.128
Info:                               /opt/homebrew/bin/../share/yosys/ice40/arith_map.v:62.5-70.4
Info:                               /opt/homebrew/bin/../share/yosys/ice40/abc9_model.v:4.9-4.11
Info:      logic  0.13  17.18 Source idx1_SB_LUT4_I2_O_SB_CARRY_I0_1_CO_SB_LUT4_I3_O_SB_LUT4_I1_I3_SB_CARRY_CO_CI_SB_CARRY_CO_CI_SB_CARRY_CO_I0_SB_LUT4_I1_O_SB_LUT4_I1_O_SB_LUT4_I1_LC.COUT
Info:    routing  0.00  17.18 Net idx1_SB_LUT4_I2_O_SB_LUT4_I1_I3_SB_CARRY_CO_CI_SB_LUT4_I3_O_SB_LUT4_I2_O_SB_LUT4_I1_O_SB_LUT4_I1_O[3] (4,4) -> (4,4)
Info:                          Sink idx1_SB_LUT4_I2_O_SB_LUT4_I1_I3_SB_CARRY_CO_CI_SB_LUT4_I3_O_SB_LUT4_I2_O_SB_LUT4_I1_O_SB_LUT4_I1_O_SB_LUT4_I1_LC.CIN
Info:                          Defined in:
Info:                               /opt/homebrew/bin/../share/yosys/techmap.v:331.28-331.64
Info:                               /opt/homebrew/bin/../share/yosys/techmap.v:368.4-373.3
Info:                               /opt/homebrew/bin/../share/yosys/techmap.v:400.4-404.3
Info:                               tcn_network_8ch_2layer_serial2.v:101.110-101.128
Info:                               /opt/homebrew/bin/../share/yosys/ice40/arith_map.v:62.5-70.4
Info:                               /opt/homebrew/bin/../share/yosys/ice40/abc9_model.v:4.9-4.11
Info:      logic  0.13  17.31 Source idx1_SB_LUT4_I2_O_SB_LUT4_I1_I3_SB_CARRY_CO_CI_SB_LUT4_I3_O_SB_LUT4_I2_O_SB_LUT4_I1_O_SB_LUT4_I1_O_SB_LUT4_I1_LC.COUT
Info:    routing  0.00  17.31 Net idx1_SB_LUT4_I2_O_SB_LUT4_I1_I3_SB_CARRY_CO_CI_SB_LUT4_I3_O_SB_LUT4_I2_O_SB_LUT4_I1_O_SB_CARRY_I0_CO_SB_LUT4_I3_O[3] (4,4) -> (4,4)
Info:                          Sink idx1_SB_LUT4_I2_O_SB_LUT4_I1_I3_SB_CARRY_CO_CI_SB_LUT4_I3_O_SB_LUT4_I2_O_SB_LUT4_I1_O_SB_CARRY_I0_CO_SB_LUT4_I3_O_SB_LUT4_I1_LC.CIN
Info:                          Defined in:
Info:                               /opt/homebrew/bin/../share/yosys/techmap.v:331.28-331.64
Info:                               /opt/homebrew/bin/../share/yosys/techmap.v:368.4-373.3
Info:                               /opt/homebrew/bin/../share/yosys/techmap.v:400.4-404.3
Info:                               tcn_network_8ch_2layer_serial2.v:101.110-101.128
Info:                               /opt/homebrew/bin/../share/yosys/ice40/arith_map.v:62.5-70.4
Info:                               /opt/homebrew/bin/../share/yosys/ice40/abc9_model.v:4.9-4.11
Info:      logic  0.13  17.43 Source idx1_SB_LUT4_I2_O_SB_LUT4_I1_I3_SB_CARRY_CO_CI_SB_LUT4_I3_O_SB_LUT4_I2_O_SB_LUT4_I1_O_SB_CARRY_I0_CO_SB_LUT4_I3_O_SB_LUT4_I1_LC.COUT
Info:    routing  0.26  17.69 Net idx1_SB_LUT4_I2_O_SB_LUT4_I1_I3_SB_CARRY_CO_CI_SB_LUT4_I3_O_SB_LUT4_I2_O_SB_LUT4_I1_O_SB_LUT4_I1_O_SB_CARRY_I0_CO_SB_CARRY_CI_CO (4,4) -> (4,4)
Info:                          Sink idx1_SB_LUT4_I2_O_SB_LUT4_I1_I3_SB_CARRY_CO_CI_SB_LUT4_I3_O_SB_LUT4_I2_O_SB_LUT4_I1_O_SB_LUT4_I1_O_SB_CARRY_I0_CO_SB_CARRY_CI_CO_SB_LUT4_I3_LC.I3
Info:                          Defined in:
Info:                               /opt/homebrew/bin/../share/yosys/techmap.v:331.28-331.64
Info:                               /opt/homebrew/bin/../share/yosys/techmap.v:368.4-373.3
Info:                               /opt/homebrew/bin/../share/yosys/techmap.v:400.4-404.3
Info:                               tcn_network_8ch_2layer_serial2.v:101.110-101.128
Info:                               /opt/homebrew/bin/../share/yosys/ice40/arith_map.v:62.5-70.4
Info:                               /opt/homebrew/bin/../share/yosys/ice40/abc9_model.v:4.9-4.11
Info:      logic  0.31  18.00 Source idx1_SB_LUT4_I2_O_SB_LUT4_I1_I3_SB_CARRY_CO_CI_SB_LUT4_I3_O_SB_LUT4_I2_O_SB_LUT4_I1_O_SB_LUT4_I1_O_SB_CARRY_I0_CO_SB_CARRY_CI_CO_SB_LUT4_I3_LC.O
Info:    routing  0.59  18.59 Net idx1_SB_LUT4_I2_O_SB_CARRY_I0_1_CO_SB_LUT4_I3_O_SB_LUT4_I1_I3_SB_CARRY_CO_CI_SB_CARRY_CO_CI_SB_CARRY_CO_CI_SB_CARRY_CO_I0_SB_LUT4_I2_O_SB_LUT4_I1_O[0] (4,4) -> (5,4)
Info:                          Sink idx1_SB_LUT4_I2_O_SB_LUT4_I1_I3_SB_CARRY_CO_CI_SB_LUT4_I3_O_SB_LUT4_I2_O_SB_LUT4_I1_O_SB_LUT4_I1_O_SB_LUT4_I1_O_SB_CARRY_I1_CI_SB_CARRY_CO_CI_SB_CARRY_CO_CI_SB_CARRY_CO_CI_SB_CARRY_CO_CI_SB_LUT4_O_LC.I3
Info:                          Defined in:
Info:                               /opt/homebrew/bin/../share/yosys/ice40/cells_map.v:6.21-6.22
Info:      logic  0.31  18.91 Source idx1_SB_LUT4_I2_O_SB_LUT4_I1_I3_SB_CARRY_CO_CI_SB_LUT4_I3_O_SB_LUT4_I2_O_SB_LUT4_I1_O_SB_LUT4_I1_O_SB_LUT4_I1_O_SB_CARRY_I1_CI_SB_CARRY_CO_CI_SB_CARRY_CO_CI_SB_CARRY_CO_CI_SB_CARRY_CO_CI_SB_LUT4_O_LC.O
Info:    routing  0.59  19.50 Net idx1_SB_LUT4_I2_O_SB_LUT4_I1_I3_SB_CARRY_CO_CI_SB_LUT4_I3_O_SB_LUT4_I2_O_SB_LUT4_I1_O_SB_LUT4_I1_O_SB_LUT4_I1_O_SB_CARRY_I1_CI_SB_CARRY_CO_CI_SB_CARRY_CO_CI_SB_CARRY_CO_CI_SB_CARRY_CO_CI (5,4) -> (4,5)
Info:                          Sink $nextpnr_ICESTORM_LC_6.I1
Info:                          Defined in:
Info:                               /opt/homebrew/bin/../share/yosys/techmap.v:331.28-331.64
Info:                               /opt/homebrew/bin/../share/yosys/techmap.v:368.4-373.3
Info:                               /opt/homebrew/bin/../share/yosys/techmap.v:400.4-404.3
Info:                               tcn_network_8ch_2layer_serial2.v:101.110-101.128
Info:                               /opt/homebrew/bin/../share/yosys/ice40/arith_map.v:62.5-70.4
Info:                               /opt/homebrew/bin/../share/yosys/ice40/abc9_model.v:8.8-8.10
Info:      logic  0.26  19.75 Source $nextpnr_ICESTORM_LC_6.COUT
Info:    routing  0.00  19.75 Net $nextpnr_ICESTORM_LC_6$O (4,5) -> (4,5)
Info:                          Sink idx1_SB_LUT4_I2_O_SB_LUT4_I1_I3_SB_CARRY_CO_CI_SB_LUT4_I3_O_SB_LUT4_I2_O_SB_LUT4_I1_O_SB_LUT4_I1_O_SB_LUT4_I1_O_SB_CARRY_I1_CI_SB_CARRY_CO_CI_SB_CARRY_CO_CI_SB_CARRY_CO_CI_SB_CARRY_CO$CARRY.CIN
Info:      logic  0.13  19.88 Source idx1_SB_LUT4_I2_O_SB_LUT4_I1_I3_SB_CARRY_CO_CI_SB_LUT4_I3_O_SB_LUT4_I2_O_SB_LUT4_I1_O_SB_LUT4_I1_O_SB_LUT4_I1_O_SB_CARRY_I1_CI_SB_CARRY_CO_CI_SB_CARRY_CO_CI_SB_CARRY_CO_CI_SB_CARRY_CO$CARRY.COUT
Info:    routing  0.00  19.88 Net idx1_SB_LUT4_I2_O_SB_LUT4_I1_I3_SB_CARRY_CO_CI_SB_LUT4_I3_O_SB_LUT4_I2_O_SB_LUT4_I1_O_SB_LUT4_I1_O_SB_LUT4_I1_O_SB_CARRY_I1_CI_SB_CARRY_CO_CI_SB_CARRY_CO_CI_SB_CARRY_CO_CI (4,5) -> (4,5)
Info:                          Sink idx1_SB_LUT4_I2_O_SB_LUT4_I1_I3_SB_CARRY_CO_CI_SB_LUT4_I3_O_SB_LUT4_I2_O_SB_LUT4_I1_O_SB_LUT4_I1_O_SB_LUT4_I1_O_SB_CARRY_I1_CI_SB_CARRY_CO_CI_SB_CARRY_CO_CI_SB_CARRY_CO$CARRY.CIN
Info:                          Defined in:
Info:                               /opt/homebrew/bin/../share/yosys/techmap.v:331.28-331.64
Info:                               /opt/homebrew/bin/../share/yosys/techmap.v:368.4-373.3
Info:                               /opt/homebrew/bin/../share/yosys/techmap.v:400.4-404.3
Info:                               tcn_network_8ch_2layer_serial2.v:101.110-101.128
Info:                               /opt/homebrew/bin/../share/yosys/ice40/arith_map.v:62.5-70.4
Info:                               /opt/homebrew/bin/../share/yosys/ice40/abc9_model.v:4.9-4.11
Info:      logic  0.13  20.01 Source idx1_SB_LUT4_I2_O_SB_LUT4_I1_I3_SB_CARRY_CO_CI_SB_LUT4_I3_O_SB_LUT4_I2_O_SB_LUT4_I1_O_SB_LUT4_I1_O_SB_LUT4_I1_O_SB_CARRY_I1_CI_SB_CARRY_CO_CI_SB_CARRY_CO_CI_SB_CARRY_CO$CARRY.COUT
Info:    routing  0.00  20.01 Net idx1_SB_LUT4_I2_O_SB_LUT4_I1_I3_SB_CARRY_CO_CI_SB_LUT4_I3_O_SB_LUT4_I2_O_SB_LUT4_I1_O_SB_LUT4_I1_O_SB_LUT4_I1_O_SB_CARRY_I1_CI_SB_CARRY_CO_CI_SB_CARRY_CO_CI (4,5) -> (4,5)
Info:                          Sink idx1_SB_LUT4_I2_O_SB_LUT4_I1_I3_SB_CARRY_CO_CI_SB_LUT4_I3_O_SB_LUT4_I2_O_SB_LUT4_I1_O_SB_LUT4_I1_O_SB_LUT4_I1_O_SB_CARRY_I1_CI_SB_CARRY_CO_CI_SB_CARRY_CO$CARRY.CIN
Info:                          Defined in:
Info:                               /opt/homebrew/bin/../share/yosys/techmap.v:331.28-331.64
Info:                               /opt/homebrew/bin/../share/yosys/techmap.v:368.4-373.3
Info:                               /opt/homebrew/bin/../share/yosys/techmap.v:400.4-404.3
Info:                               tcn_network_8ch_2layer_serial2.v:101.110-101.128
Info:                               /opt/homebrew/bin/../share/yosys/ice40/arith_map.v:62.5-70.4
Info:                               /opt/homebrew/bin/../share/yosys/ice40/abc9_model.v:4.9-4.11
Info:      logic  0.13  20.13 Source idx1_SB_LUT4_I2_O_SB_LUT4_I1_I3_SB_CARRY_CO_CI_SB_LUT4_I3_O_SB_LUT4_I2_O_SB_LUT4_I1_O_SB_LUT4_I1_O_SB_LUT4_I1_O_SB_CARRY_I1_CI_SB_CARRY_CO_CI_SB_CARRY_CO$CARRY.COUT
Info:    routing  0.00  20.13 Net idx1_SB_LUT4_I2_O_SB_LUT4_I1_I3_SB_CARRY_CO_CI_SB_LUT4_I3_O_SB_LUT4_I2_O_SB_LUT4_I1_O_SB_LUT4_I1_O_SB_LUT4_I1_O_SB_CARRY_I1_CI_SB_CARRY_CO_CI (4,5) -> (4,5)
Info:                          Sink idx1_SB_LUT4_I2_O_SB_LUT4_I1_I3_SB_CARRY_CO_CI_SB_LUT4_I3_O_SB_LUT4_I2_O_SB_LUT4_I1_O_SB_LUT4_I1_O_SB_LUT4_I1_O_SB_CARRY_I1_CI_SB_CARRY_CO$CARRY.CIN
Info:                          Defined in:
Info:                               /opt/homebrew/bin/../share/yosys/techmap.v:331.28-331.64
Info:                               /opt/homebrew/bin/../share/yosys/techmap.v:368.4-373.3
Info:                               /opt/homebrew/bin/../share/yosys/techmap.v:400.4-404.3
Info:                               tcn_network_8ch_2layer_serial2.v:101.110-101.128
Info:                               /opt/homebrew/bin/../share/yosys/ice40/arith_map.v:62.5-70.4
Info:                               /opt/homebrew/bin/../share/yosys/ice40/abc9_model.v:4.9-4.11
Info:      logic  0.13  20.26 Source idx1_SB_LUT4_I2_O_SB_LUT4_I1_I3_SB_CARRY_CO_CI_SB_LUT4_I3_O_SB_LUT4_I2_O_SB_LUT4_I1_O_SB_LUT4_I1_O_SB_LUT4_I1_O_SB_CARRY_I1_CI_SB_CARRY_CO$CARRY.COUT
Info:    routing  0.00  20.26 Net idx1_SB_LUT4_I2_O_SB_LUT4_I1_I3_SB_CARRY_CO_CI_SB_LUT4_I3_O_SB_LUT4_I2_O_SB_LUT4_I1_O_SB_LUT4_I1_O_SB_LUT4_I1_O_SB_CARRY_I1_CI (4,5) -> (4,5)
Info:                          Sink idx1_SB_LUT4_I2_O_SB_LUT4_I1_I3_SB_CARRY_CO_CI_SB_LUT4_I3_O_SB_LUT4_I2_O_SB_LUT4_I1_O_SB_LUT4_I1_O_SB_LUT4_I1_O_SB_CARRY_I1$CARRY.CIN
Info:                          Defined in:
Info:                               /opt/homebrew/bin/../share/yosys/techmap.v:331.28-331.64
Info:                               /opt/homebrew/bin/../share/yosys/techmap.v:368.4-373.3
Info:                               /opt/homebrew/bin/../share/yosys/techmap.v:400.4-404.3
Info:                               tcn_network_8ch_2layer_serial2.v:101.110-101.128
Info:                               /opt/homebrew/bin/../share/yosys/ice40/arith_map.v:62.5-70.4
Info:                               /opt/homebrew/bin/../share/yosys/ice40/abc9_model.v:4.9-4.11
Info:      logic  0.13  20.39 Source idx1_SB_LUT4_I2_O_SB_LUT4_I1_I3_SB_CARRY_CO_CI_SB_LUT4_I3_O_SB_LUT4_I2_O_SB_LUT4_I1_O_SB_LUT4_I1_O_SB_LUT4_I1_O_SB_CARRY_I1$CARRY.COUT
Info:    routing  0.00  20.39 Net idx1_SB_LUT4_I2_O_SB_LUT4_I1_I3_SB_CARRY_CO_CI_SB_LUT4_I3_O_SB_LUT4_I2_O_SB_LUT4_I1_O_SB_LUT4_I1_O_SB_LUT4_I1_O_SB_CARRY_I1_CO (4,5) -> (4,5)
Info:                          Sink idx1_SB_LUT4_I2_O_SB_LUT4_I1_I3_SB_CARRY_CO_CI_SB_LUT4_I3_O_SB_LUT4_I2_O_SB_LUT4_I1_O_SB_LUT4_I1_O_SB_LUT4_I1_O_SB_CARRY_I1_CO_SB_CARRY_CI$CARRY.CIN
Info:                          Defined in:
Info:                               /opt/homebrew/bin/../share/yosys/techmap.v:331.28-331.64
Info:                               /opt/homebrew/bin/../share/yosys/techmap.v:368.4-373.3
Info:                               /opt/homebrew/bin/../share/yosys/techmap.v:400.4-404.3
Info:                               tcn_network_8ch_2layer_serial2.v:101.110-101.128
Info:                               /opt/homebrew/bin/../share/yosys/ice40/arith_map.v:62.5-70.4
Info:                               /opt/homebrew/bin/../share/yosys/ice40/abc9_model.v:4.9-4.11
Info:      logic  0.13  20.51 Source idx1_SB_LUT4_I2_O_SB_LUT4_I1_I3_SB_CARRY_CO_CI_SB_LUT4_I3_O_SB_LUT4_I2_O_SB_LUT4_I1_O_SB_LUT4_I1_O_SB_LUT4_I1_O_SB_CARRY_I1_CO_SB_CARRY_CI$CARRY.COUT
Info:    routing  0.00  20.51 Net idx1_SB_LUT4_I2_O_SB_LUT4_I1_I3_SB_CARRY_CO_CI_SB_LUT4_I3_O_SB_LUT4_I2_O_SB_LUT4_I1_O_SB_LUT4_I1_O_SB_LUT4_I1_O_SB_CARRY_I1_CO_SB_CARRY_CI_CO (4,5) -> (4,5)
Info:                          Sink idx1_SB_LUT4_I2_O_SB_LUT4_I1_I3_SB_CARRY_CO_CI_SB_LUT4_I3_O_SB_LUT4_I2_O_SB_LUT4_I1_O_SB_LUT4_I1_O_SB_LUT4_I1_O_SB_CARRY_I1_CO_SB_CARRY_CI_CO_SB_CARRY_CI$CARRY.CIN
Info:                          Defined in:
Info:                               /opt/homebrew/bin/../share/yosys/techmap.v:331.28-331.64
Info:                               /opt/homebrew/bin/../share/yosys/techmap.v:368.4-373.3
Info:                               /opt/homebrew/bin/../share/yosys/techmap.v:400.4-404.3
Info:                               tcn_network_8ch_2layer_serial2.v:101.110-101.128
Info:                               /opt/homebrew/bin/../share/yosys/ice40/arith_map.v:62.5-70.4
Info:                               /opt/homebrew/bin/../share/yosys/ice40/abc9_model.v:4.9-4.11
Info:      logic  0.13  20.64 Source idx1_SB_LUT4_I2_O_SB_LUT4_I1_I3_SB_CARRY_CO_CI_SB_LUT4_I3_O_SB_LUT4_I2_O_SB_LUT4_I1_O_SB_LUT4_I1_O_SB_LUT4_I1_O_SB_CARRY_I1_CO_SB_CARRY_CI_CO_SB_CARRY_CI$CARRY.COUT
Info:    routing  0.20  20.83 Net idx1_SB_LUT4_I2_O_SB_LUT4_I1_I3_SB_CARRY_CO_CI_SB_LUT4_I3_O_SB_LUT4_I2_O_SB_LUT4_I1_O_SB_LUT4_I1_O_SB_LUT4_I1_O_SB_CARRY_I1_CO_SB_CARRY_CI_CO_SB_CARRY_CI_CO (4,5) -> (4,6)
Info:                          Sink idx1_SB_LUT4_I2_O_SB_LUT4_I1_I3_SB_CARRY_CO_CI_SB_LUT4_I3_O_SB_LUT4_I2_O_SB_LUT4_I1_O_SB_LUT4_I1_O_SB_LUT4_I1_O_SB_CARRY_I1_CO_SB_CARRY_CI_CO_SB_CARRY_CI_CO_SB_CARRY_CI$CARRY.CIN
Info:                          Defined in:
Info:                               /opt/homebrew/bin/../share/yosys/techmap.v:331.28-331.64
Info:                               /opt/homebrew/bin/../share/yosys/techmap.v:368.4-373.3
Info:                               /opt/homebrew/bin/../share/yosys/techmap.v:400.4-404.3
Info:                               tcn_network_8ch_2layer_serial2.v:101.110-101.128
Info:                               /opt/homebrew/bin/../share/yosys/ice40/arith_map.v:62.5-70.4
Info:                               /opt/homebrew/bin/../share/yosys/ice40/abc9_model.v:4.9-4.11
Info:      logic  0.13  20.96 Source idx1_SB_LUT4_I2_O_SB_LUT4_I1_I3_SB_CARRY_CO_CI_SB_LUT4_I3_O_SB_LUT4_I2_O_SB_LUT4_I1_O_SB_LUT4_I1_O_SB_LUT4_I1_O_SB_CARRY_I1_CO_SB_CARRY_CI_CO_SB_CARRY_CI_CO_SB_CARRY_CI$CARRY.COUT
Info:    routing  0.00  20.96 Net idx1_SB_LUT4_I2_O_SB_LUT4_I1_I3_SB_CARRY_CO_CI_SB_LUT4_I3_O_SB_LUT4_I2_O_SB_LUT4_I1_O_SB_LUT4_I1_O_SB_LUT4_I1_O_SB_CARRY_I1_CO_SB_CARRY_CI_CO_SB_CARRY_CI_CO_SB_CARRY_CI_CO (4,6) -> (4,6)
Info:                          Sink idx1_SB_LUT4_I2_O_SB_LUT4_I1_I3_SB_CARRY_CO_CI_SB_LUT4_I3_O_SB_LUT4_I2_O_SB_LUT4_I1_O_SB_LUT4_I1_O_SB_LUT4_I1_O_SB_CARRY_I1_CO_SB_CARRY_CI_CO_SB_CARRY_CI_CO_SB_CARRY_CI_CO_SB_CARRY_CI$CARRY.CIN
Info:                          Defined in:
Info:                               /opt/homebrew/bin/../share/yosys/techmap.v:331.28-331.64
Info:                               /opt/homebrew/bin/../share/yosys/techmap.v:368.4-373.3
Info:                               /opt/homebrew/bin/../share/yosys/techmap.v:400.4-404.3
Info:                               tcn_network_8ch_2layer_serial2.v:101.110-101.128
Info:                               /opt/homebrew/bin/../share/yosys/ice40/arith_map.v:62.5-70.4
Info:                               /opt/homebrew/bin/../share/yosys/ice40/abc9_model.v:4.9-4.11
Info:      logic  0.13  21.08 Source idx1_SB_LUT4_I2_O_SB_LUT4_I1_I3_SB_CARRY_CO_CI_SB_LUT4_I3_O_SB_LUT4_I2_O_SB_LUT4_I1_O_SB_LUT4_I1_O_SB_LUT4_I1_O_SB_CARRY_I1_CO_SB_CARRY_CI_CO_SB_CARRY_CI_CO_SB_CARRY_CI_CO_SB_CARRY_CI$CARRY.COUT
Info:    routing  0.00  21.08 Net idx1_SB_LUT4_I2_O_SB_LUT4_I1_I3_SB_CARRY_CO_CI_SB_LUT4_I3_O_SB_LUT4_I2_O_SB_LUT4_I1_O_SB_LUT4_I1_O_SB_LUT4_I1_O_SB_CARRY_I1_CO_SB_CARRY_CI_CO_SB_CARRY_CI_CO_SB_CARRY_CI_CO_SB_CARRY_CI_CO (4,6) -> (4,6)
Info:                          Sink idx1_SB_LUT4_I2_O_SB_LUT4_I1_I3_SB_CARRY_CO_CI_SB_LUT4_I3_O_SB_LUT4_I2_O_SB_LUT4_I1_O_SB_LUT4_I1_O_SB_LUT4_I1_O_SB_CARRY_I1_CO_SB_CARRY_CI_CO_SB_CARRY_CI_CO_SB_CARRY_CI_CO_SB_CARRY_CI_CO_SB_CARRY_CI$CARRY.CIN
Info:                          Defined in:
Info:                               /opt/homebrew/bin/../share/yosys/techmap.v:331.28-331.64
Info:                               /opt/homebrew/bin/../share/yosys/techmap.v:368.4-373.3
Info:                               /opt/homebrew/bin/../share/yosys/techmap.v:400.4-404.3
Info:                               tcn_network_8ch_2layer_serial2.v:101.110-101.128
Info:                               /opt/homebrew/bin/../share/yosys/ice40/arith_map.v:62.5-70.4
Info:                               /opt/homebrew/bin/../share/yosys/ice40/abc9_model.v:4.9-4.11
Info:      logic  0.13  21.21 Source idx1_SB_LUT4_I2_O_SB_LUT4_I1_I3_SB_CARRY_CO_CI_SB_LUT4_I3_O_SB_LUT4_I2_O_SB_LUT4_I1_O_SB_LUT4_I1_O_SB_LUT4_I1_O_SB_CARRY_I1_CO_SB_CARRY_CI_CO_SB_CARRY_CI_CO_SB_CARRY_CI_CO_SB_CARRY_CI_CO_SB_CARRY_CI$CARRY.COUT
Info:    routing  0.00  21.21 Net idx1_SB_LUT4_I2_O_SB_LUT4_I1_I3_SB_CARRY_CO_CI_SB_LUT4_I3_O_SB_LUT4_I2_O_SB_LUT4_I1_O_SB_LUT4_I1_O_SB_LUT4_I1_O_SB_CARRY_I1_CO_SB_CARRY_CI_CO_SB_CARRY_CI_CO_SB_CARRY_CI_CO_SB_CARRY_CI_CO_SB_CARRY_CI_CO (4,6) -> (4,6)
Info:                          Sink idx1_SB_LUT4_I2_O_SB_LUT4_I1_I3_SB_CARRY_CO_CI_SB_LUT4_I3_O_SB_LUT4_I2_O_SB_LUT4_I1_O_SB_LUT4_I1_O_SB_LUT4_I1_O_SB_CARRY_I1_CO_SB_CARRY_CI_CO_SB_CARRY_CI_CO_SB_CARRY_CI_CO_SB_CARRY_CI_CO_SB_CARRY_CI_CO_SB_CARRY_CI$CARRY.CIN
Info:                          Defined in:
Info:                               /opt/homebrew/bin/../share/yosys/techmap.v:331.28-331.64
Info:                               /opt/homebrew/bin/../share/yosys/techmap.v:368.4-373.3
Info:                               /opt/homebrew/bin/../share/yosys/techmap.v:400.4-404.3
Info:                               tcn_network_8ch_2layer_serial2.v:101.110-101.128
Info:                               /opt/homebrew/bin/../share/yosys/ice40/arith_map.v:62.5-70.4
Info:                               /opt/homebrew/bin/../share/yosys/ice40/abc9_model.v:4.9-4.11
Info:      logic  0.13  21.34 Source idx1_SB_LUT4_I2_O_SB_LUT4_I1_I3_SB_CARRY_CO_CI_SB_LUT4_I3_O_SB_LUT4_I2_O_SB_LUT4_I1_O_SB_LUT4_I1_O_SB_LUT4_I1_O_SB_CARRY_I1_CO_SB_CARRY_CI_CO_SB_CARRY_CI_CO_SB_CARRY_CI_CO_SB_CARRY_CI_CO_SB_CARRY_CI_CO_SB_CARRY_CI$CARRY.COUT
Info:    routing  0.00  21.34 Net idx1_SB_LUT4_I2_O_SB_LUT4_I1_I3_SB_CARRY_CO_CI_SB_LUT4_I3_O_SB_LUT4_I2_O_SB_LUT4_I1_O_SB_LUT4_I1_O_SB_LUT4_I1_O_SB_CARRY_I1_CO_SB_CARRY_CI_CO_SB_CARRY_CI_CO_SB_CARRY_CI_CO_SB_CARRY_CI_CO_SB_CARRY_CI_CO_SB_CARRY_CI_CO (4,6) -> (4,6)
Info:                          Sink idx1_SB_LUT4_I2_O_SB_LUT4_I1_I3_SB_CARRY_CO_CI_SB_LUT4_I3_O_SB_LUT4_I2_O_SB_LUT4_I1_O_SB_LUT4_I1_O_SB_LUT4_I1_O_SB_CARRY_I1_CO_SB_CARRY_CI_CO_SB_CARRY_CI_CO_SB_CARRY_CI_CO_SB_CARRY_CI_CO_SB_CARRY_CI_CO_SB_CARRY_CI_CO_SB_CARRY_CI$CARRY.CIN
Info:                          Defined in:
Info:                               /opt/homebrew/bin/../share/yosys/techmap.v:331.28-331.64
Info:                               /opt/homebrew/bin/../share/yosys/techmap.v:368.4-373.3
Info:                               /opt/homebrew/bin/../share/yosys/techmap.v:400.4-404.3
Info:                               tcn_network_8ch_2layer_serial2.v:101.110-101.128
Info:                               /opt/homebrew/bin/../share/yosys/ice40/arith_map.v:62.5-70.4
Info:                               /opt/homebrew/bin/../share/yosys/ice40/abc9_model.v:4.9-4.11
Info:      logic  0.13  21.46 Source idx1_SB_LUT4_I2_O_SB_LUT4_I1_I3_SB_CARRY_CO_CI_SB_LUT4_I3_O_SB_LUT4_I2_O_SB_LUT4_I1_O_SB_LUT4_I1_O_SB_LUT4_I1_O_SB_CARRY_I1_CO_SB_CARRY_CI_CO_SB_CARRY_CI_CO_SB_CARRY_CI_CO_SB_CARRY_CI_CO_SB_CARRY_CI_CO_SB_CARRY_CI_CO_SB_CARRY_CI$CARRY.COUT
Info:    routing  0.00  21.46 Net idx1_SB_LUT4_I2_O_SB_LUT4_I1_I3_SB_CARRY_CO_CI_SB_LUT4_I3_O_SB_LUT4_I2_O_SB_LUT4_I1_O_SB_LUT4_I1_O_SB_LUT4_I1_O_SB_CARRY_I1_CO_SB_CARRY_CI_CO_SB_CARRY_CI_CO_SB_CARRY_CI_CO_SB_CARRY_CI_CO_SB_CARRY_CI_CO_SB_CARRY_CI_CO_SB_CARRY_CI_CO (4,6) -> (4,6)
Info:                          Sink idx1_SB_LUT4_I2_O_SB_LUT4_I1_I3_SB_CARRY_CO_CI_SB_LUT4_I3_O_SB_LUT4_I2_O_SB_LUT4_I1_O_SB_LUT4_I1_O_SB_LUT4_I1_O_SB_CARRY_I1_CO_SB_CARRY_CI_CO_SB_CARRY_CI_CO_SB_CARRY_CI_CO_SB_CARRY_CI_CO_SB_CARRY_CI_CO_SB_CARRY_CI_CO_SB_CARRY_CI_CO_SB_CARRY_CI$CARRY.CIN
Info:                          Defined in:
Info:                               /opt/homebrew/bin/../share/yosys/techmap.v:331.28-331.64
Info:                               /opt/homebrew/bin/../share/yosys/techmap.v:368.4-373.3
Info:                               /opt/homebrew/bin/../share/yosys/techmap.v:400.4-404.3
Info:                               tcn_network_8ch_2layer_serial2.v:101.110-101.128
Info:                               /opt/homebrew/bin/../share/yosys/ice40/arith_map.v:62.5-70.4
Info:                               /opt/homebrew/bin/../share/yosys/ice40/abc9_model.v:4.9-4.11
Info:      logic  0.13  21.59 Source idx1_SB_LUT4_I2_O_SB_LUT4_I1_I3_SB_CARRY_CO_CI_SB_LUT4_I3_O_SB_LUT4_I2_O_SB_LUT4_I1_O_SB_LUT4_I1_O_SB_LUT4_I1_O_SB_CARRY_I1_CO_SB_CARRY_CI_CO_SB_CARRY_CI_CO_SB_CARRY_CI_CO_SB_CARRY_CI_CO_SB_CARRY_CI_CO_SB_CARRY_CI_CO_SB_CARRY_CI_CO_SB_CARRY_CI$CARRY.COUT
Info:    routing  0.00  21.59 Net idx1_SB_LUT4_I2_O_SB_LUT4_I1_I3_SB_CARRY_CO_CI_SB_LUT4_I3_O_SB_LUT4_I2_O_SB_LUT4_I1_O_SB_LUT4_I1_O_SB_LUT4_I1_O_SB_CARRY_I1_CO_SB_CARRY_CI_CO_SB_CARRY_CI_CO_SB_CARRY_CI_CO_SB_CARRY_CI_CO_SB_CARRY_CI_CO_SB_CARRY_CI_CO_SB_CARRY_CI_CO_SB_CARRY_CI_CO (4,6) -> (4,6)
Info:                          Sink output_channel_SB_DFFESR_Q_D_SB_LUT4_O_I2_SB_LUT4_O_I3_SB_CARRY_CO_CI_SB_LUT4_I3_O_SB_LUT4_I1_I0_SB_LUT4_I0_I3_SB_CARRY_CO_CI_SB_CARRY_CO_CI_SB_CARRY_CO_CI_SB_CARRY_CO_CI_SB_CARRY_CO_CI_SB_CARRY_CO_CI_SB_CARRY_CO_CI_SB_CARRY_CO_CI_SB_CARRY_CO_CI_SB_CARRY_CO_CI_SB_CARRY_CO_CI_SB_CARRY_CO_CI_SB_CARRY_CO_CI_SB_CARRY_CO_CI_SB_CARRY_CO_CI_SB_CARRY_CO_CI_SB_CARRY_CO$CARRY.CIN
Info:                          Defined in:
Info:                               /opt/homebrew/bin/../share/yosys/techmap.v:331.28-331.64
Info:                               /opt/homebrew/bin/../share/yosys/techmap.v:368.4-373.3
Info:                               /opt/homebrew/bin/../share/yosys/techmap.v:400.4-404.3
Info:                               tcn_network_8ch_2layer_serial2.v:101.110-101.128
Info:                               /opt/homebrew/bin/../share/yosys/ice40/arith_map.v:62.5-70.4
Info:                               /opt/homebrew/bin/../share/yosys/ice40/abc9_model.v:4.9-4.11
Info:      logic  0.13  21.72 Source output_channel_SB_DFFESR_Q_D_SB_LUT4_O_I2_SB_LUT4_O_I3_SB_CARRY_CO_CI_SB_LUT4_I3_O_SB_LUT4_I1_I0_SB_LUT4_I0_I3_SB_CARRY_CO_CI_SB_CARRY_CO_CI_SB_CARRY_CO_CI_SB_CARRY_CO_CI_SB_CARRY_CO_CI_SB_CARRY_CO_CI_SB_CARRY_CO_CI_SB_CARRY_CO_CI_SB_CARRY_CO_CI_SB_CARRY_CO_CI_SB_CARRY_CO_CI_SB_CARRY_CO_CI_SB_CARRY_CO_CI_SB_CARRY_CO_CI_SB_CARRY_CO_CI_SB_CARRY_CO_CI_SB_CARRY_CO$CARRY.COUT
Info:    routing  0.00  21.72 Net output_channel_SB_DFFESR_Q_D_SB_LUT4_O_I2_SB_LUT4_O_I3_SB_CARRY_CO_CI_SB_LUT4_I3_O_SB_LUT4_I1_I0_SB_LUT4_I0_I3_SB_CARRY_CO_CI_SB_CARRY_CO_CI_SB_CARRY_CO_CI_SB_CARRY_CO_CI_SB_CARRY_CO_CI_SB_CARRY_CO_CI_SB_CARRY_CO_CI_SB_CARRY_CO_CI_SB_CARRY_CO_CI_SB_CARRY_CO_CI_SB_CARRY_CO_CI_SB_CARRY_CO_CI_SB_CARRY_CO_CI_SB_CARRY_CO_CI_SB_CARRY_CO_CI_SB_CARRY_CO_CI (4,6) -> (4,6)
Info:                          Sink output_channel_SB_DFFESR_Q_D_SB_LUT4_O_I2_SB_LUT4_O_I3_SB_CARRY_CO_CI_SB_LUT4_I3_O_SB_LUT4_I1_I0_SB_LUT4_I0_I3_SB_CARRY_CO_CI_SB_CARRY_CO_CI_SB_CARRY_CO_CI_SB_CARRY_CO_CI_SB_CARRY_CO_CI_SB_CARRY_CO_CI_SB_CARRY_CO_CI_SB_CARRY_CO_CI_SB_CARRY_CO_CI_SB_CARRY_CO_CI_SB_CARRY_CO_CI_SB_CARRY_CO_CI_SB_CARRY_CO_CI_SB_CARRY_CO_CI_SB_CARRY_CO_CI_SB_CARRY_CO$CARRY.CIN
Info:                          Defined in:
Info:                               /opt/homebrew/bin/../share/yosys/techmap.v:331.28-331.64
Info:                               /opt/homebrew/bin/../share/yosys/techmap.v:368.4-373.3
Info:                               /opt/homebrew/bin/../share/yosys/techmap.v:400.4-404.3
Info:                               tcn_network_8ch_2layer_serial2.v:101.110-101.128
Info:                               /opt/homebrew/bin/../share/yosys/ice40/arith_map.v:62.5-70.4
Info:                               /opt/homebrew/bin/../share/yosys/ice40/abc9_model.v:4.9-4.11
Info:      logic  0.13  21.84 Source output_channel_SB_DFFESR_Q_D_SB_LUT4_O_I2_SB_LUT4_O_I3_SB_CARRY_CO_CI_SB_LUT4_I3_O_SB_LUT4_I1_I0_SB_LUT4_I0_I3_SB_CARRY_CO_CI_SB_CARRY_CO_CI_SB_CARRY_CO_CI_SB_CARRY_CO_CI_SB_CARRY_CO_CI_SB_CARRY_CO_CI_SB_CARRY_CO_CI_SB_CARRY_CO_CI_SB_CARRY_CO_CI_SB_CARRY_CO_CI_SB_CARRY_CO_CI_SB_CARRY_CO_CI_SB_CARRY_CO_CI_SB_CARRY_CO_CI_SB_CARRY_CO_CI_SB_CARRY_CO$CARRY.COUT
Info:    routing  0.20  22.04 Net output_channel_SB_DFFESR_Q_D_SB_LUT4_O_I2_SB_LUT4_O_I3_SB_CARRY_CO_CI_SB_LUT4_I3_O_SB_LUT4_I1_I0_SB_LUT4_I0_I3_SB_CARRY_CO_CI_SB_CARRY_CO_CI_SB_CARRY_CO_CI_SB_CARRY_CO_CI_SB_CARRY_CO_CI_SB_CARRY_CO_CI_SB_CARRY_CO_CI_SB_CARRY_CO_CI_SB_CARRY_CO_CI_SB_CARRY_CO_CI_SB_CARRY_CO_CI_SB_CARRY_CO_CI_SB_CARRY_CO_CI_SB_CARRY_CO_CI_SB_CARRY_CO_CI (4,6) -> (4,7)
Info:                          Sink output_channel_SB_DFFESR_Q_D_SB_LUT4_O_I2_SB_LUT4_O_I3_SB_CARRY_CO_CI_SB_LUT4_I3_O_SB_LUT4_I1_I0_SB_LUT4_I0_I3_SB_CARRY_CO_CI_SB_CARRY_CO_CI_SB_CARRY_CO_CI_SB_CARRY_CO_CI_SB_CARRY_CO_CI_SB_CARRY_CO_CI_SB_CARRY_CO_CI_SB_CARRY_CO_CI_SB_CARRY_CO_CI_SB_CARRY_CO_CI_SB_CARRY_CO_CI_SB_CARRY_CO_CI_SB_CARRY_CO_CI_SB_CARRY_CO_CI_SB_CARRY_CO$CARRY.CIN
Info:                          Defined in:
Info:                               /opt/homebrew/bin/../share/yosys/techmap.v:331.28-331.64
Info:                               /opt/homebrew/bin/../share/yosys/techmap.v:368.4-373.3
Info:                               /opt/homebrew/bin/../share/yosys/techmap.v:400.4-404.3
Info:                               tcn_network_8ch_2layer_serial2.v:101.110-101.128
Info:                               /opt/homebrew/bin/../share/yosys/ice40/arith_map.v:62.5-70.4
Info:                               /opt/homebrew/bin/../share/yosys/ice40/abc9_model.v:4.9-4.11
Info:      logic  0.13  22.16 Source output_channel_SB_DFFESR_Q_D_SB_LUT4_O_I2_SB_LUT4_O_I3_SB_CARRY_CO_CI_SB_LUT4_I3_O_SB_LUT4_I1_I0_SB_LUT4_I0_I3_SB_CARRY_CO_CI_SB_CARRY_CO_CI_SB_CARRY_CO_CI_SB_CARRY_CO_CI_SB_CARRY_CO_CI_SB_CARRY_CO_CI_SB_CARRY_CO_CI_SB_CARRY_CO_CI_SB_CARRY_CO_CI_SB_CARRY_CO_CI_SB_CARRY_CO_CI_SB_CARRY_CO_CI_SB_CARRY_CO_CI_SB_CARRY_CO_CI_SB_CARRY_CO$CARRY.COUT
Info:    routing  0.00  22.16 Net output_channel_SB_DFFESR_Q_D_SB_LUT4_O_I2_SB_LUT4_O_I3_SB_CARRY_CO_CI_SB_LUT4_I3_O_SB_LUT4_I1_I0_SB_LUT4_I0_I3_SB_CARRY_CO_CI_SB_CARRY_CO_CI_SB_CARRY_CO_CI_SB_CARRY_CO_CI_SB_CARRY_CO_CI_SB_CARRY_CO_CI_SB_CARRY_CO_CI_SB_CARRY_CO_CI_SB_CARRY_CO_CI_SB_CARRY_CO_CI_SB_CARRY_CO_CI_SB_CARRY_CO_CI_SB_CARRY_CO_CI_SB_CARRY_CO_CI (4,7) -> (4,7)
Info:                          Sink output_channel_SB_DFFESR_Q_D_SB_LUT4_O_I2_SB_LUT4_O_I3_SB_CARRY_CO_CI_SB_LUT4_I3_O_SB_LUT4_I1_I0_SB_LUT4_I0_I3_SB_CARRY_CO_CI_SB_CARRY_CO_CI_SB_CARRY_CO_CI_SB_CARRY_CO_CI_SB_CARRY_CO_CI_SB_CARRY_CO_CI_SB_CARRY_CO_CI_SB_CARRY_CO_CI_SB_CARRY_CO_CI_SB_CARRY_CO_CI_SB_CARRY_CO_CI_SB_CARRY_CO_CI_SB_CARRY_CO_CI_SB_CARRY_CO$CARRY.CIN
Info:                          Defined in:
Info:                               /opt/homebrew/bin/../share/yosys/techmap.v:331.28-331.64
Info:                               /opt/homebrew/bin/../share/yosys/techmap.v:368.4-373.3
Info:                               /opt/homebrew/bin/../share/yosys/techmap.v:400.4-404.3
Info:                               tcn_network_8ch_2layer_serial2.v:101.110-101.128
Info:                               /opt/homebrew/bin/../share/yosys/ice40/arith_map.v:62.5-70.4
Info:                               /opt/homebrew/bin/../share/yosys/ice40/abc9_model.v:4.9-4.11
Info:      logic  0.13  22.29 Source output_channel_SB_DFFESR_Q_D_SB_LUT4_O_I2_SB_LUT4_O_I3_SB_CARRY_CO_CI_SB_LUT4_I3_O_SB_LUT4_I1_I0_SB_LUT4_I0_I3_SB_CARRY_CO_CI_SB_CARRY_CO_CI_SB_CARRY_CO_CI_SB_CARRY_CO_CI_SB_CARRY_CO_CI_SB_CARRY_CO_CI_SB_CARRY_CO_CI_SB_CARRY_CO_CI_SB_CARRY_CO_CI_SB_CARRY_CO_CI_SB_CARRY_CO_CI_SB_CARRY_CO_CI_SB_CARRY_CO_CI_SB_CARRY_CO$CARRY.COUT
Info:    routing  0.00  22.29 Net output_channel_SB_DFFESR_Q_D_SB_LUT4_O_I2_SB_LUT4_O_I3_SB_CARRY_CO_CI_SB_LUT4_I3_O_SB_LUT4_I1_I0_SB_LUT4_I0_I3_SB_CARRY_CO_CI_SB_CARRY_CO_CI_SB_CARRY_CO_CI_SB_CARRY_CO_CI_SB_CARRY_CO_CI_SB_CARRY_CO_CI_SB_CARRY_CO_CI_SB_CARRY_CO_CI_SB_CARRY_CO_CI_SB_CARRY_CO_CI_SB_CARRY_CO_CI_SB_CARRY_CO_CI_SB_CARRY_CO_CI (4,7) -> (4,7)
Info:                          Sink output_channel_SB_DFFESR_Q_D_SB_LUT4_O_I2_SB_LUT4_O_I3_SB_CARRY_CO_CI_SB_LUT4_I3_O_SB_LUT4_I1_I0_SB_LUT4_I0_I3_SB_CARRY_CO_CI_SB_CARRY_CO_CI_SB_CARRY_CO_CI_SB_CARRY_CO_CI_SB_CARRY_CO_CI_SB_CARRY_CO_CI_SB_CARRY_CO_CI_SB_CARRY_CO_CI_SB_CARRY_CO_CI_SB_CARRY_CO_CI_SB_CARRY_CO_CI_SB_CARRY_CO_CI_SB_CARRY_CO$CARRY.CIN
Info:                          Defined in:
Info:                               /opt/homebrew/bin/../share/yosys/techmap.v:331.28-331.64
Info:                               /opt/homebrew/bin/../share/yosys/techmap.v:368.4-373.3
Info:                               /opt/homebrew/bin/../share/yosys/techmap.v:400.4-404.3
Info:                               tcn_network_8ch_2layer_serial2.v:101.110-101.128
Info:                               /opt/homebrew/bin/../share/yosys/ice40/arith_map.v:62.5-70.4
Info:                               /opt/homebrew/bin/../share/yosys/ice40/abc9_model.v:4.9-4.11
Info:      logic  0.13  22.42 Source output_channel_SB_DFFESR_Q_D_SB_LUT4_O_I2_SB_LUT4_O_I3_SB_CARRY_CO_CI_SB_LUT4_I3_O_SB_LUT4_I1_I0_SB_LUT4_I0_I3_SB_CARRY_CO_CI_SB_CARRY_CO_CI_SB_CARRY_CO_CI_SB_CARRY_CO_CI_SB_CARRY_CO_CI_SB_CARRY_CO_CI_SB_CARRY_CO_CI_SB_CARRY_CO_CI_SB_CARRY_CO_CI_SB_CARRY_CO_CI_SB_CARRY_CO_CI_SB_CARRY_CO_CI_SB_CARRY_CO$CARRY.COUT
Info:    routing  0.00  22.42 Net output_channel_SB_DFFESR_Q_D_SB_LUT4_O_I2_SB_LUT4_O_I3_SB_CARRY_CO_CI_SB_LUT4_I3_O_SB_LUT4_I1_I0_SB_LUT4_I0_I3_SB_CARRY_CO_CI_SB_CARRY_CO_CI_SB_CARRY_CO_CI_SB_CARRY_CO_CI_SB_CARRY_CO_CI_SB_CARRY_CO_CI_SB_CARRY_CO_CI_SB_CARRY_CO_CI_SB_CARRY_CO_CI_SB_CARRY_CO_CI_SB_CARRY_CO_CI_SB_CARRY_CO_CI (4,7) -> (4,7)
Info:                          Sink output_channel_SB_DFFESR_Q_D_SB_LUT4_O_I2_SB_LUT4_O_I3_SB_CARRY_CO_CI_SB_LUT4_I3_O_SB_LUT4_I1_I0_SB_LUT4_I0_I3_SB_CARRY_CO_CI_SB_CARRY_CO_CI_SB_CARRY_CO_CI_SB_CARRY_CO_CI_SB_CARRY_CO_CI_SB_CARRY_CO_CI_SB_CARRY_CO_CI_SB_CARRY_CO_CI_SB_CARRY_CO_CI_SB_CARRY_CO_CI_SB_CARRY_CO_CI_SB_CARRY_CO$CARRY.CIN
Info:                          Defined in:
Info:                               /opt/homebrew/bin/../share/yosys/techmap.v:331.28-331.64
Info:                               /opt/homebrew/bin/../share/yosys/techmap.v:368.4-373.3
Info:                               /opt/homebrew/bin/../share/yosys/techmap.v:400.4-404.3
Info:                               tcn_network_8ch_2layer_serial2.v:101.110-101.128
Info:                               /opt/homebrew/bin/../share/yosys/ice40/arith_map.v:62.5-70.4
Info:                               /opt/homebrew/bin/../share/yosys/ice40/abc9_model.v:4.9-4.11
Info:      logic  0.13  22.54 Source output_channel_SB_DFFESR_Q_D_SB_LUT4_O_I2_SB_LUT4_O_I3_SB_CARRY_CO_CI_SB_LUT4_I3_O_SB_LUT4_I1_I0_SB_LUT4_I0_I3_SB_CARRY_CO_CI_SB_CARRY_CO_CI_SB_CARRY_CO_CI_SB_CARRY_CO_CI_SB_CARRY_CO_CI_SB_CARRY_CO_CI_SB_CARRY_CO_CI_SB_CARRY_CO_CI_SB_CARRY_CO_CI_SB_CARRY_CO_CI_SB_CARRY_CO_CI_SB_CARRY_CO$CARRY.COUT
Info:    routing  0.00  22.54 Net output_channel_SB_DFFESR_Q_D_SB_LUT4_O_I2_SB_LUT4_O_I3_SB_CARRY_CO_CI_SB_LUT4_I3_O_SB_LUT4_I1_I0_SB_LUT4_I0_I3_SB_CARRY_CO_CI_SB_CARRY_CO_CI_SB_CARRY_CO_CI_SB_CARRY_CO_CI_SB_CARRY_CO_CI_SB_CARRY_CO_CI_SB_CARRY_CO_CI_SB_CARRY_CO_CI_SB_CARRY_CO_CI_SB_CARRY_CO_CI_SB_CARRY_CO_CI (4,7) -> (4,7)
Info:                          Sink output_channel_SB_DFFESR_Q_D_SB_LUT4_O_I2_SB_LUT4_O_I3_SB_CARRY_CO_CI_SB_LUT4_I3_O_SB_LUT4_I1_I0_SB_LUT4_I0_I3_SB_CARRY_CO_CI_SB_CARRY_CO_CI_SB_CARRY_CO_CI_SB_CARRY_CO_CI_SB_CARRY_CO_CI_SB_CARRY_CO_CI_SB_CARRY_CO_CI_SB_CARRY_CO_CI_SB_CARRY_CO_CI_SB_CARRY_CO_CI_SB_CARRY_CO$CARRY.CIN
Info:                          Defined in:
Info:                               /opt/homebrew/bin/../share/yosys/techmap.v:331.28-331.64
Info:                               /opt/homebrew/bin/../share/yosys/techmap.v:368.4-373.3
Info:                               /opt/homebrew/bin/../share/yosys/techmap.v:400.4-404.3
Info:                               tcn_network_8ch_2layer_serial2.v:101.110-101.128
Info:                               /opt/homebrew/bin/../share/yosys/ice40/arith_map.v:62.5-70.4
Info:                               /opt/homebrew/bin/../share/yosys/ice40/abc9_model.v:4.9-4.11
Info:      logic  0.13  22.67 Source output_channel_SB_DFFESR_Q_D_SB_LUT4_O_I2_SB_LUT4_O_I3_SB_CARRY_CO_CI_SB_LUT4_I3_O_SB_LUT4_I1_I0_SB_LUT4_I0_I3_SB_CARRY_CO_CI_SB_CARRY_CO_CI_SB_CARRY_CO_CI_SB_CARRY_CO_CI_SB_CARRY_CO_CI_SB_CARRY_CO_CI_SB_CARRY_CO_CI_SB_CARRY_CO_CI_SB_CARRY_CO_CI_SB_CARRY_CO_CI_SB_CARRY_CO$CARRY.COUT
Info:    routing  0.00  22.67 Net output_channel_SB_DFFESR_Q_D_SB_LUT4_O_I2_SB_LUT4_O_I3_SB_CARRY_CO_CI_SB_LUT4_I3_O_SB_LUT4_I1_I0_SB_LUT4_I0_I3_SB_CARRY_CO_CI_SB_CARRY_CO_CI_SB_CARRY_CO_CI_SB_CARRY_CO_CI_SB_CARRY_CO_CI_SB_CARRY_CO_CI_SB_CARRY_CO_CI_SB_CARRY_CO_CI_SB_CARRY_CO_CI_SB_CARRY_CO_CI (4,7) -> (4,7)
Info:                          Sink output_channel_SB_DFFESR_Q_D_SB_LUT4_O_I2_SB_LUT4_O_I3_SB_CARRY_CO_CI_SB_LUT4_I3_O_SB_LUT4_I1_I0_SB_LUT4_I0_I3_SB_CARRY_CO_CI_SB_CARRY_CO_CI_SB_CARRY_CO_CI_SB_CARRY_CO_CI_SB_CARRY_CO_CI_SB_CARRY_CO_CI_SB_CARRY_CO_CI_SB_CARRY_CO_CI_SB_CARRY_CO_CI_SB_CARRY_CO$CARRY.CIN
Info:                          Defined in:
Info:                               /opt/homebrew/bin/../share/yosys/techmap.v:331.28-331.64
Info:                               /opt/homebrew/bin/../share/yosys/techmap.v:368.4-373.3
Info:                               /opt/homebrew/bin/../share/yosys/techmap.v:400.4-404.3
Info:                               tcn_network_8ch_2layer_serial2.v:101.110-101.128
Info:                               /opt/homebrew/bin/../share/yosys/ice40/arith_map.v:62.5-70.4
Info:                               /opt/homebrew/bin/../share/yosys/ice40/abc9_model.v:4.9-4.11
Info:      logic  0.13  22.79 Source output_channel_SB_DFFESR_Q_D_SB_LUT4_O_I2_SB_LUT4_O_I3_SB_CARRY_CO_CI_SB_LUT4_I3_O_SB_LUT4_I1_I0_SB_LUT4_I0_I3_SB_CARRY_CO_CI_SB_CARRY_CO_CI_SB_CARRY_CO_CI_SB_CARRY_CO_CI_SB_CARRY_CO_CI_SB_CARRY_CO_CI_SB_CARRY_CO_CI_SB_CARRY_CO_CI_SB_CARRY_CO_CI_SB_CARRY_CO$CARRY.COUT
Info:    routing  0.00  22.79 Net output_channel_SB_DFFESR_Q_D_SB_LUT4_O_I2_SB_LUT4_O_I3_SB_CARRY_CO_CI_SB_LUT4_I3_O_SB_LUT4_I1_I0_SB_LUT4_I0_I3_SB_CARRY_CO_CI_SB_CARRY_CO_CI_SB_CARRY_CO_CI_SB_CARRY_CO_CI_SB_CARRY_CO_CI_SB_CARRY_CO_CI_SB_CARRY_CO_CI_SB_CARRY_CO_CI_SB_CARRY_CO_CI (4,7) -> (4,7)
Info:                          Sink output_channel_SB_DFFESR_Q_D_SB_LUT4_O_I2_SB_LUT4_O_I3_SB_CARRY_CO_CI_SB_LUT4_I3_O_SB_LUT4_I1_I0_SB_LUT4_I0_I3_SB_CARRY_CO_CI_SB_CARRY_CO_CI_SB_CARRY_CO_CI_SB_CARRY_CO_CI_SB_CARRY_CO_CI_SB_CARRY_CO_CI_SB_CARRY_CO_CI_SB_CARRY_CO_CI_SB_CARRY_CO$CARRY.CIN
Info:                          Defined in:
Info:                               /opt/homebrew/bin/../share/yosys/techmap.v:331.28-331.64
Info:                               /opt/homebrew/bin/../share/yosys/techmap.v:368.4-373.3
Info:                               /opt/homebrew/bin/../share/yosys/techmap.v:400.4-404.3
Info:                               tcn_network_8ch_2layer_serial2.v:101.110-101.128
Info:                               /opt/homebrew/bin/../share/yosys/ice40/arith_map.v:62.5-70.4
Info:                               /opt/homebrew/bin/../share/yosys/ice40/abc9_model.v:4.9-4.11
Info:      logic  0.13  22.92 Source output_channel_SB_DFFESR_Q_D_SB_LUT4_O_I2_SB_LUT4_O_I3_SB_CARRY_CO_CI_SB_LUT4_I3_O_SB_LUT4_I1_I0_SB_LUT4_I0_I3_SB_CARRY_CO_CI_SB_CARRY_CO_CI_SB_CARRY_CO_CI_SB_CARRY_CO_CI_SB_CARRY_CO_CI_SB_CARRY_CO_CI_SB_CARRY_CO_CI_SB_CARRY_CO_CI_SB_CARRY_CO$CARRY.COUT
Info:    routing  0.00  22.92 Net output_channel_SB_DFFESR_Q_D_SB_LUT4_O_I2_SB_LUT4_O_I3_SB_CARRY_CO_CI_SB_LUT4_I3_O_SB_LUT4_I1_I0_SB_LUT4_I0_I3_SB_CARRY_CO_CI_SB_CARRY_CO_CI_SB_CARRY_CO_CI_SB_CARRY_CO_CI_SB_CARRY_CO_CI_SB_CARRY_CO_CI_SB_CARRY_CO_CI_SB_CARRY_CO_CI (4,7) -> (4,7)
Info:                          Sink output_channel_SB_DFFESR_Q_D_SB_LUT4_O_I2_SB_LUT4_O_I3_SB_CARRY_CO_CI_SB_LUT4_I3_O_SB_LUT4_I1_I0_SB_LUT4_I0_I3_SB_CARRY_CO_CI_SB_CARRY_CO_CI_SB_CARRY_CO_CI_SB_CARRY_CO_CI_SB_CARRY_CO_CI_SB_CARRY_CO_CI_SB_CARRY_CO_CI_SB_CARRY_CO$CARRY.CIN
Info:                          Defined in:
Info:                               /opt/homebrew/bin/../share/yosys/techmap.v:331.28-331.64
Info:                               /opt/homebrew/bin/../share/yosys/techmap.v:368.4-373.3
Info:                               /opt/homebrew/bin/../share/yosys/techmap.v:400.4-404.3
Info:                               tcn_network_8ch_2layer_serial2.v:101.110-101.128
Info:                               /opt/homebrew/bin/../share/yosys/ice40/arith_map.v:62.5-70.4
Info:                               /opt/homebrew/bin/../share/yosys/ice40/abc9_model.v:4.9-4.11
Info:      logic  0.13  23.05 Source output_channel_SB_DFFESR_Q_D_SB_LUT4_O_I2_SB_LUT4_O_I3_SB_CARRY_CO_CI_SB_LUT4_I3_O_SB_LUT4_I1_I0_SB_LUT4_I0_I3_SB_CARRY_CO_CI_SB_CARRY_CO_CI_SB_CARRY_CO_CI_SB_CARRY_CO_CI_SB_CARRY_CO_CI_SB_CARRY_CO_CI_SB_CARRY_CO_CI_SB_CARRY_CO$CARRY.COUT
Info:    routing  0.20  23.24 Net output_channel_SB_DFFESR_Q_D_SB_LUT4_O_I2_SB_LUT4_O_I3_SB_CARRY_CO_CI_SB_LUT4_I3_O_SB_LUT4_I1_I0_SB_LUT4_I0_I3_SB_CARRY_CO_CI_SB_CARRY_CO_CI_SB_CARRY_CO_CI_SB_CARRY_CO_CI_SB_CARRY_CO_CI_SB_CARRY_CO_CI_SB_CARRY_CO_CI (4,7) -> (4,8)
Info:                          Sink output_channel_SB_DFFESR_Q_D_SB_LUT4_O_I2_SB_LUT4_O_I3_SB_CARRY_CO_CI_SB_LUT4_I3_O_SB_LUT4_I1_I0_SB_LUT4_I0_I3_SB_CARRY_CO_CI_SB_CARRY_CO_CI_SB_CARRY_CO_CI_SB_CARRY_CO_CI_SB_CARRY_CO_CI_SB_CARRY_CO_CI_SB_CARRY_CO$CARRY.CIN
Info:                          Defined in:
Info:                               /opt/homebrew/bin/../share/yosys/techmap.v:331.28-331.64
Info:                               /opt/homebrew/bin/../share/yosys/techmap.v:368.4-373.3
Info:                               /opt/homebrew/bin/../share/yosys/techmap.v:400.4-404.3
Info:                               tcn_network_8ch_2layer_serial2.v:101.110-101.128
Info:                               /opt/homebrew/bin/../share/yosys/ice40/arith_map.v:62.5-70.4
Info:                               /opt/homebrew/bin/../share/yosys/ice40/abc9_model.v:4.9-4.11
Info:      logic  0.13  23.37 Source output_channel_SB_DFFESR_Q_D_SB_LUT4_O_I2_SB_LUT4_O_I3_SB_CARRY_CO_CI_SB_LUT4_I3_O_SB_LUT4_I1_I0_SB_LUT4_I0_I3_SB_CARRY_CO_CI_SB_CARRY_CO_CI_SB_CARRY_CO_CI_SB_CARRY_CO_CI_SB_CARRY_CO_CI_SB_CARRY_CO_CI_SB_CARRY_CO$CARRY.COUT
Info:    routing  0.00  23.37 Net output_channel_SB_DFFESR_Q_D_SB_LUT4_O_I2_SB_LUT4_O_I3_SB_CARRY_CO_CI_SB_LUT4_I3_O_SB_LUT4_I1_I0_SB_LUT4_I0_I3_SB_CARRY_CO_CI_SB_CARRY_CO_CI_SB_CARRY_CO_CI_SB_CARRY_CO_CI_SB_CARRY_CO_CI_SB_CARRY_CO_CI (4,8) -> (4,8)
Info:                          Sink output_channel_SB_DFFESR_Q_D_SB_LUT4_O_I2_SB_LUT4_O_I3_SB_CARRY_CO_CI_SB_LUT4_I3_O_SB_LUT4_I1_I0_SB_LUT4_I0_I3_SB_CARRY_CO_CI_SB_CARRY_CO_CI_SB_CARRY_CO_CI_SB_CARRY_CO_CI_SB_CARRY_CO_CI_SB_CARRY_CO$CARRY.CIN
Info:                          Defined in:
Info:                               /opt/homebrew/bin/../share/yosys/techmap.v:331.28-331.64
Info:                               /opt/homebrew/bin/../share/yosys/techmap.v:368.4-373.3
Info:                               /opt/homebrew/bin/../share/yosys/techmap.v:400.4-404.3
Info:                               tcn_network_8ch_2layer_serial2.v:101.110-101.128
Info:                               /opt/homebrew/bin/../share/yosys/ice40/arith_map.v:62.5-70.4
Info:                               /opt/homebrew/bin/../share/yosys/ice40/abc9_model.v:4.9-4.11
Info:      logic  0.13  23.49 Source output_channel_SB_DFFESR_Q_D_SB_LUT4_O_I2_SB_LUT4_O_I3_SB_CARRY_CO_CI_SB_LUT4_I3_O_SB_LUT4_I1_I0_SB_LUT4_I0_I3_SB_CARRY_CO_CI_SB_CARRY_CO_CI_SB_CARRY_CO_CI_SB_CARRY_CO_CI_SB_CARRY_CO_CI_SB_CARRY_CO$CARRY.COUT
Info:    routing  0.00  23.49 Net output_channel_SB_DFFESR_Q_D_SB_LUT4_O_I2_SB_LUT4_O_I3_SB_CARRY_CO_CI_SB_LUT4_I3_O_SB_LUT4_I1_I0_SB_LUT4_I0_I3_SB_CARRY_CO_CI_SB_CARRY_CO_CI_SB_CARRY_CO_CI_SB_CARRY_CO_CI_SB_CARRY_CO_CI (4,8) -> (4,8)
Info:                          Sink output_channel_SB_DFFESR_Q_D_SB_LUT4_O_I2_SB_LUT4_O_I3_SB_CARRY_CO_CI_SB_LUT4_I3_O_SB_LUT4_I1_I0_SB_LUT4_I0_I3_SB_CARRY_CO_CI_SB_CARRY_CO_CI_SB_CARRY_CO_CI_SB_CARRY_CO_CI_SB_CARRY_CO$CARRY.CIN
Info:                          Defined in:
Info:                               /opt/homebrew/bin/../share/yosys/techmap.v:331.28-331.64
Info:                               /opt/homebrew/bin/../share/yosys/techmap.v:368.4-373.3
Info:                               /opt/homebrew/bin/../share/yosys/techmap.v:400.4-404.3
Info:                               tcn_network_8ch_2layer_serial2.v:101.110-101.128
Info:                               /opt/homebrew/bin/../share/yosys/ice40/arith_map.v:62.5-70.4
Info:                               /opt/homebrew/bin/../share/yosys/ice40/abc9_model.v:4.9-4.11
Info:      logic  0.13  23.62 Source output_channel_SB_DFFESR_Q_D_SB_LUT4_O_I2_SB_LUT4_O_I3_SB_CARRY_CO_CI_SB_LUT4_I3_O_SB_LUT4_I1_I0_SB_LUT4_I0_I3_SB_CARRY_CO_CI_SB_CARRY_CO_CI_SB_CARRY_CO_CI_SB_CARRY_CO_CI_SB_CARRY_CO$CARRY.COUT
Info:    routing  0.00  23.62 Net output_channel_SB_DFFESR_Q_D_SB_LUT4_O_I2_SB_LUT4_O_I3_SB_CARRY_CO_CI_SB_LUT4_I3_O_SB_LUT4_I1_I0_SB_LUT4_I0_I3_SB_CARRY_CO_CI_SB_CARRY_CO_CI_SB_CARRY_CO_CI_SB_CARRY_CO_CI (4,8) -> (4,8)
Info:                          Sink output_channel_SB_DFFESR_Q_D_SB_LUT4_O_I2_SB_LUT4_O_I3_SB_CARRY_CO_CI_SB_LUT4_I3_O_SB_LUT4_I1_I0_SB_LUT4_I0_I3_SB_CARRY_CO_CI_SB_CARRY_CO_CI_SB_CARRY_CO_CI_SB_CARRY_CO$CARRY.CIN
Info:                          Defined in:
Info:                               /opt/homebrew/bin/../share/yosys/techmap.v:331.28-331.64
Info:                               /opt/homebrew/bin/../share/yosys/techmap.v:368.4-373.3
Info:                               /opt/homebrew/bin/../share/yosys/techmap.v:400.4-404.3
Info:                               tcn_network_8ch_2layer_serial2.v:101.110-101.128
Info:                               /opt/homebrew/bin/../share/yosys/ice40/arith_map.v:62.5-70.4
Info:                               /opt/homebrew/bin/../share/yosys/ice40/abc9_model.v:4.9-4.11
Info:      logic  0.13  23.75 Source output_channel_SB_DFFESR_Q_D_SB_LUT4_O_I2_SB_LUT4_O_I3_SB_CARRY_CO_CI_SB_LUT4_I3_O_SB_LUT4_I1_I0_SB_LUT4_I0_I3_SB_CARRY_CO_CI_SB_CARRY_CO_CI_SB_CARRY_CO_CI_SB_CARRY_CO$CARRY.COUT
Info:    routing  0.00  23.75 Net output_channel_SB_DFFESR_Q_D_SB_LUT4_O_I2_SB_LUT4_O_I3_SB_CARRY_CO_CI_SB_LUT4_I3_O_SB_LUT4_I1_I0_SB_LUT4_I0_I3_SB_CARRY_CO_CI_SB_CARRY_CO_CI_SB_CARRY_CO_CI (4,8) -> (4,8)
Info:                          Sink output_channel_SB_DFFESR_Q_D_SB_LUT4_O_I2_SB_LUT4_O_I3_SB_CARRY_CO_CI_SB_LUT4_I3_O_SB_LUT4_I1_I0_SB_LUT4_I0_I3_SB_CARRY_CO_CI_SB_CARRY_CO_CI_SB_CARRY_CO$CARRY.CIN
Info:                          Defined in:
Info:                               /opt/homebrew/bin/../share/yosys/techmap.v:331.28-331.64
Info:                               /opt/homebrew/bin/../share/yosys/techmap.v:368.4-373.3
Info:                               /opt/homebrew/bin/../share/yosys/techmap.v:400.4-404.3
Info:                               tcn_network_8ch_2layer_serial2.v:101.110-101.128
Info:                               /opt/homebrew/bin/../share/yosys/ice40/arith_map.v:62.5-70.4
Info:                               /opt/homebrew/bin/../share/yosys/ice40/abc9_model.v:4.9-4.11
Info:      logic  0.13  23.87 Source output_channel_SB_DFFESR_Q_D_SB_LUT4_O_I2_SB_LUT4_O_I3_SB_CARRY_CO_CI_SB_LUT4_I3_O_SB_LUT4_I1_I0_SB_LUT4_I0_I3_SB_CARRY_CO_CI_SB_CARRY_CO_CI_SB_CARRY_CO$CARRY.COUT
Info:    routing  0.00  23.87 Net output_channel_SB_DFFESR_Q_D_SB_LUT4_O_I2_SB_LUT4_O_I3_SB_CARRY_CO_CI_SB_LUT4_I3_O_SB_LUT4_I1_I0_SB_LUT4_I0_I3_SB_CARRY_CO_CI_SB_CARRY_CO_CI (4,8) -> (4,8)
Info:                          Sink output_channel_SB_DFFESR_Q_D_SB_LUT4_O_I2_SB_LUT4_O_I3_SB_CARRY_CO_CI_SB_LUT4_I3_O_SB_LUT4_I1_I0_SB_LUT4_I0_I3_SB_CARRY_CO_CI_SB_CARRY_CO$CARRY.CIN
Info:                          Defined in:
Info:                               /opt/homebrew/bin/../share/yosys/techmap.v:331.28-331.64
Info:                               /opt/homebrew/bin/../share/yosys/techmap.v:368.4-373.3
Info:                               /opt/homebrew/bin/../share/yosys/techmap.v:400.4-404.3
Info:                               tcn_network_8ch_2layer_serial2.v:101.110-101.128
Info:                               /opt/homebrew/bin/../share/yosys/ice40/arith_map.v:62.5-70.4
Info:                               /opt/homebrew/bin/../share/yosys/ice40/abc9_model.v:4.9-4.11
Info:      logic  0.13  24.00 Source output_channel_SB_DFFESR_Q_D_SB_LUT4_O_I2_SB_LUT4_O_I3_SB_CARRY_CO_CI_SB_LUT4_I3_O_SB_LUT4_I1_I0_SB_LUT4_I0_I3_SB_CARRY_CO_CI_SB_CARRY_CO$CARRY.COUT
Info:    routing  0.00  24.00 Net output_channel_SB_DFFESR_Q_D_SB_LUT4_O_I2_SB_LUT4_O_I3_SB_CARRY_CO_CI_SB_LUT4_I3_O_SB_LUT4_I1_I0_SB_LUT4_I0_I3_SB_CARRY_CO_CI (4,8) -> (4,8)
Info:                          Sink output_channel_SB_DFFESR_Q_D_SB_LUT4_O_I2_SB_LUT4_O_I3_SB_CARRY_CO_CI_SB_LUT4_I3_O_SB_LUT4_I1_I0_SB_LUT4_I0_I3_SB_CARRY_CO$CARRY.CIN
Info:                          Defined in:
Info:                               /opt/homebrew/bin/../share/yosys/techmap.v:331.28-331.64
Info:                               /opt/homebrew/bin/../share/yosys/techmap.v:368.4-373.3
Info:                               /opt/homebrew/bin/../share/yosys/techmap.v:400.4-404.3
Info:                               tcn_network_8ch_2layer_serial2.v:101.110-101.128
Info:                               /opt/homebrew/bin/../share/yosys/ice40/arith_map.v:62.5-70.4
Info:                               /opt/homebrew/bin/../share/yosys/ice40/abc9_model.v:4.9-4.11
Info:      logic  0.13  24.12 Source output_channel_SB_DFFESR_Q_D_SB_LUT4_O_I2_SB_LUT4_O_I3_SB_CARRY_CO_CI_SB_LUT4_I3_O_SB_LUT4_I1_I0_SB_LUT4_I0_I3_SB_CARRY_CO$CARRY.COUT
Info:    routing  0.26  24.38 Net $nextpnr_ICESTORM_LC_7$I3 (4,8) -> (4,8)
Info:                          Sink $nextpnr_ICESTORM_LC_7.I3
Info:      logic  0.31  24.70 Source $nextpnr_ICESTORM_LC_7.O
Info:    routing  1.22  25.92 Net output_channel_SB_DFFESR_Q_D_SB_LUT4_O_I2_SB_LUT4_O_I3_SB_CARRY_CO_CI_SB_LUT4_I3_O_SB_LUT4_I1_I0_SB_LUT4_I0_I1[1] (4,8) -> (7,8)
Info:                          Sink output_channel_SB_DFFESR_Q_D_SB_LUT4_O_I2_SB_LUT4_O_I3_SB_CARRY_CO_CI_SB_LUT4_I3_O_SB_LUT4_I1_I0_SB_LUT4_I0_1_LC.I3
Info:                          Defined in:
Info:                               /opt/homebrew/bin/../share/yosys/techmap.v:331.28-331.64
Info:                               /opt/homebrew/bin/../share/yosys/techmap.v:368.4-373.3
Info:                               /opt/homebrew/bin/../share/yosys/techmap.v:400.4-404.3
Info:                               tcn_network_8ch_2layer_serial2.v:101.110-101.128
Info:                               /opt/homebrew/bin/../share/yosys/ice40/arith_map.v:62.5-70.4
Info:                               /opt/homebrew/bin/../share/yosys/ice40/abc9_model.v:4.9-4.11
Info:      logic  0.31  26.23 Source output_channel_SB_DFFESR_Q_D_SB_LUT4_O_I2_SB_LUT4_O_I3_SB_CARRY_CO_CI_SB_LUT4_I3_O_SB_LUT4_I1_I0_SB_LUT4_I0_1_LC.O
Info:    routing  0.96  27.19 Net output_channel_SB_DFFESR_Q_D_SB_LUT4_O_I2_SB_LUT4_O_I3_SB_CARRY_CO_CI_SB_LUT4_I3_O_SB_LUT4_I1_I0_SB_LUT4_I0_1_O[2] (7,8) -> (7,6)
Info:                          Sink output_channel_SB_DFFESR_Q_D_SB_LUT4_O_I2_SB_LUT4_O_I3_SB_CARRY_CO_CI_SB_LUT4_I3_O_SB_LUT4_I1_I0_SB_LUT4_I0_1_O_SB_LUT4_O_I2_SB_LUT4_I2_O_SB_LUT4_I1_O_SB_LUT4_O_LC.I2
Info:                          Defined in:
Info:                               /opt/homebrew/bin/../share/yosys/ice40/arith_map.v:62.5-70.4
Info:                               /opt/homebrew/bin/../share/yosys/ice40/cells_map.v:6.21-6.22
Info:      logic  0.23  27.42 Source output_channel_SB_DFFESR_Q_D_SB_LUT4_O_I2_SB_LUT4_O_I3_SB_CARRY_CO_CI_SB_LUT4_I3_O_SB_LUT4_I1_I0_SB_LUT4_I0_1_O_SB_LUT4_O_I2_SB_LUT4_I2_O_SB_LUT4_I1_O_SB_LUT4_O_LC.COUT
Info:    routing  0.26  27.68 Net output_channel_SB_DFFESR_Q_D_SB_LUT4_O_I2_SB_LUT4_O_I3_SB_CARRY_CO_CI_SB_LUT4_I3_O_SB_LUT4_I1_I0_SB_LUT4_I0_1_O_SB_LUT4_O_I2_SB_LUT4_I2_O[3] (7,6) -> (7,6)
Info:                          Sink output_channel_SB_DFFESR_Q_D_SB_LUT4_O_I2_SB_LUT4_O_I3_SB_CARRY_CO_CI_SB_LUT4_I3_O_SB_LUT4_I1_I0_SB_LUT4_I0_1_O_SB_LUT4_O_I2_SB_LUT4_I2_O_SB_LUT4_I1_LC.I3
Info:                          Defined in:
Info:                               /opt/homebrew/bin/../share/yosys/ice40/arith_map.v:62.5-70.4
Info:                               /opt/homebrew/bin/../share/yosys/ice40/abc9_model.v:4.9-4.11
Info:      logic  0.31  27.99 Source output_channel_SB_DFFESR_Q_D_SB_LUT4_O_I2_SB_LUT4_O_I3_SB_CARRY_CO_CI_SB_LUT4_I3_O_SB_LUT4_I1_I0_SB_LUT4_I0_1_O_SB_LUT4_O_I2_SB_LUT4_I2_O_SB_LUT4_I1_LC.O
Info:    routing  0.59  28.58 Net output_channel_SB_DFFESR_Q_D_SB_LUT4_O_I2_SB_LUT4_O_I3_SB_CARRY_CO_CI_SB_LUT4_I3_O_SB_LUT4_I0_O_SB_LUT4_I1_O_SB_LUT4_I2_2_O_SB_LUT4_I2_O_SB_LUT4_O_1_I0_SB_LUT4_O_1_I0_SB_LUT4_O_I3[2] (7,6) -> (7,5)
Info:                          Sink output_channel_SB_DFFESR_Q_D_SB_LUT4_O_I2_SB_LUT4_O_I3_SB_CARRY_CO_CI_SB_LUT4_I3_O_SB_LUT4_I1_O_SB_LUT4_O_I1_SB_LUT4_I3_O_SB_LUT4_I0_3_O_SB_LUT4_O_LC.I3
Info:                          Defined in:
Info:                               /opt/homebrew/bin/../share/yosys/ice40/cells_map.v:6.21-6.22
Info:      logic  0.31  28.90 Source output_channel_SB_DFFESR_Q_D_SB_LUT4_O_I2_SB_LUT4_O_I3_SB_CARRY_CO_CI_SB_LUT4_I3_O_SB_LUT4_I1_O_SB_LUT4_O_I1_SB_LUT4_I3_O_SB_LUT4_I0_3_O_SB_LUT4_O_LC.O
Info:    routing  2.33  31.23 Net output_channel_SB_DFFESR_Q_D_SB_LUT4_O_I2_SB_LUT4_O_I3_SB_CARRY_CO_CI_SB_LUT4_I3_O_SB_LUT4_I1_O_SB_LUT4_O_I1_SB_LUT4_I3_O_SB_LUT4_I0_3_O[2] (7,5) -> (15,14)
Info:                          Sink output_channel_SB_DFFESR_Q_D_SB_LUT4_O_I2_SB_LUT4_O_I3_SB_CARRY_CO_CI_SB_LUT4_I3_O_SB_LUT4_I1_O_SB_LUT4_O_I2_SB_LUT4_I2_O_SB_LUT4_I3_O_SB_LUT4_I1_O_SB_LUT4_O_I3_SB_LUT4_I2_I3_SB_LUT4_O_I0_SB_LUT4_O_2_I0_SB_LUT4_O_2_I0_SB_LUT4_O_1_LC.I2
Info:                          Defined in:
Info:                               /opt/homebrew/bin/../share/yosys/ice40/cells_map.v:6.21-6.22
Info:      logic  0.38  31.61 Source output_channel_SB_DFFESR_Q_D_SB_LUT4_O_I2_SB_LUT4_O_I3_SB_CARRY_CO_CI_SB_LUT4_I3_O_SB_LUT4_I1_O_SB_LUT4_O_I2_SB_LUT4_I2_O_SB_LUT4_I3_O_SB_LUT4_I1_O_SB_LUT4_O_I3_SB_LUT4_I2_I3_SB_LUT4_O_I0_SB_LUT4_O_2_I0_SB_LUT4_O_2_I0_SB_LUT4_O_1_LC.O
Info:    routing  0.59  32.19 Net output_channel_SB_DFFESR_Q_D_SB_LUT4_O_I2_SB_LUT4_O_I3_SB_CARRY_CO_CI_SB_LUT4_I3_O_SB_LUT4_I1_O_SB_LUT4_O_I2_SB_LUT4_I2_O_SB_LUT4_I3_O_SB_LUT4_I1_O_SB_LUT4_O_I3_SB_LUT4_I2_I3_SB_LUT4_O_I0_SB_LUT4_O_2_I0_SB_LUT4_O_2_I0[1] (15,14) -> (15,14)
Info:                          Sink output_channel_SB_DFFESR_Q_D_SB_LUT4_O_I2_SB_LUT4_O_I3_SB_CARRY_CO_CI_SB_LUT4_I3_O_SB_LUT4_I1_O_SB_LUT4_O_I2_SB_LUT4_I2_O_SB_LUT4_I3_O_SB_LUT4_I1_O_SB_LUT4_O_I3_SB_LUT4_I2_I3_SB_LUT4_O_I0_SB_LUT4_O_2_I0_SB_LUT4_O_2_LC.I1
Info:                          Defined in:
Info:                               /opt/homebrew/bin/../share/yosys/ice40/cells_map.v:6.21-6.22
Info:      logic  0.40  32.59 Source output_channel_SB_DFFESR_Q_D_SB_LUT4_O_I2_SB_LUT4_O_I3_SB_CARRY_CO_CI_SB_LUT4_I3_O_SB_LUT4_I1_O_SB_LUT4_O_I2_SB_LUT4_I2_O_SB_LUT4_I3_O_SB_LUT4_I1_O_SB_LUT4_O_I3_SB_LUT4_I2_I3_SB_LUT4_O_I0_SB_LUT4_O_2_I0_SB_LUT4_O_2_LC.O
Info:    routing  0.59  33.18 Net output_channel_SB_DFFESR_Q_D_SB_LUT4_O_I2_SB_LUT4_O_I3_SB_CARRY_CO_CI_SB_LUT4_I3_O_SB_LUT4_I1_O_SB_LUT4_O_I2_SB_LUT4_I2_O_SB_LUT4_I3_O_SB_LUT4_I1_O_SB_LUT4_O_I3_SB_LUT4_I2_I3_SB_LUT4_O_I0_SB_LUT4_O_2_I0[2] (15,14) -> (15,14)
Info:                          Sink output_channel_SB_DFFESR_Q_D_SB_LUT4_O_I2_SB_LUT4_O_I3_SB_CARRY_CO_CI_SB_LUT4_I3_O_SB_LUT4_I1_O_SB_LUT4_O_I2_SB_LUT4_I2_O_SB_LUT4_I3_O_SB_LUT4_I1_O_SB_LUT4_O_I3_SB_LUT4_I2_I3_SB_LUT4_O_I0_SB_LUT4_O_2_LC.I2
Info:                          Defined in:
Info:                               /opt/homebrew/bin/../share/yosys/ice40/cells_map.v:6.21-6.22
Info:      logic  0.38  33.56 Source output_channel_SB_DFFESR_Q_D_SB_LUT4_O_I2_SB_LUT4_O_I3_SB_CARRY_CO_CI_SB_LUT4_I3_O_SB_LUT4_I1_O_SB_LUT4_O_I2_SB_LUT4_I2_O_SB_LUT4_I3_O_SB_LUT4_I1_O_SB_LUT4_O_I3_SB_LUT4_I2_I3_SB_LUT4_O_I0_SB_LUT4_O_2_LC.O
Info:    routing  1.27  34.83 Net output_channel_SB_DFFESR_Q_D_SB_LUT4_O_I2_SB_LUT4_O_I3_SB_CARRY_CO_CI_SB_LUT4_I3_O_SB_LUT4_I1_O_SB_LUT4_O_I2_SB_LUT4_I2_O_SB_LUT4_I3_O_SB_LUT4_I1_O_SB_LUT4_O_I3_SB_LUT4_I2_I3_SB_LUT4_O_I0[3] (15,14) -> (12,15)
Info:                          Sink output_channel_SB_DFFESR_Q_D_SB_LUT4_O_I2_SB_LUT4_O_I3_SB_CARRY_CO_CI_SB_LUT4_I3_O_SB_LUT4_I1_O_SB_LUT4_O_I2_SB_LUT4_I2_O_SB_LUT4_I3_O_SB_LUT4_I1_O_SB_LUT4_O_I3_SB_LUT4_I2_I3_SB_LUT4_O_LC.I3
Info:                          Defined in:
Info:                               /opt/homebrew/bin/../share/yosys/ice40/cells_map.v:6.21-6.22
Info:      logic  0.31  35.15 Source output_channel_SB_DFFESR_Q_D_SB_LUT4_O_I2_SB_LUT4_O_I3_SB_CARRY_CO_CI_SB_LUT4_I3_O_SB_LUT4_I1_O_SB_LUT4_O_I2_SB_LUT4_I2_O_SB_LUT4_I3_O_SB_LUT4_I1_O_SB_LUT4_O_I3_SB_LUT4_I2_I3_SB_LUT4_O_LC.O
Info:    routing  1.27  36.42 Net output_channel_SB_DFFESR_Q_D_SB_LUT4_O_I2_SB_LUT4_O_I3_SB_CARRY_CO_CI_SB_LUT4_I3_O_SB_LUT4_I1_O_SB_LUT4_O_I2_SB_LUT4_I2_O_SB_LUT4_I3_O_SB_LUT4_I1_O_SB_LUT4_O_I3[3] (12,15) -> (9,18)
Info:                          Sink output_channel_SB_DFFESR_Q_D_SB_LUT4_O_I2_SB_LUT4_O_I3_SB_CARRY_CO_CI_SB_LUT4_I3_O_SB_LUT4_I1_O_SB_LUT4_O_I2_SB_LUT4_I2_O_SB_LUT4_I3_O_SB_LUT4_I1_O_SB_LUT4_O_I3_SB_LUT4_I2_I3_SB_LUT4_I3_LC.I3
Info:                          Defined in:
Info:                               /opt/homebrew/bin/../share/yosys/ice40/cells_map.v:6.21-6.22
Info:      logic  0.31  36.74 Source output_channel_SB_DFFESR_Q_D_SB_LUT4_O_I2_SB_LUT4_O_I3_SB_CARRY_CO_CI_SB_LUT4_I3_O_SB_LUT4_I1_O_SB_LUT4_O_I2_SB_LUT4_I2_O_SB_LUT4_I3_O_SB_LUT4_I1_O_SB_LUT4_O_I3_SB_LUT4_I2_I3_SB_LUT4_I3_LC.O
Info:    routing  0.96  37.70 Net output_channel_SB_DFFESR_Q_D_SB_LUT4_O_I2_SB_LUT4_O_I3_SB_CARRY_CO_CI_SB_LUT4_I3_O_SB_LUT4_I1_O_SB_LUT4_O_I2_SB_LUT4_I2_O_SB_LUT4_I3_O_SB_LUT4_I1_O_SB_LUT4_O_I3_SB_LUT4_I2_I3_SB_LUT4_I3_O[0] (9,18) -> (9,19)
Info:                          Sink output_channel_SB_DFFESR_Q_D_SB_LUT4_O_I2_SB_LUT4_O_I3_SB_CARRY_CO_CI_SB_LUT4_I3_O_SB_LUT4_I1_O_SB_LUT4_O_I2_SB_LUT4_I2_O_SB_LUT4_I3_O_SB_LUT4_I1_O_SB_LUT4_O_I3_SB_LUT4_I2_O_SB_LUT4_O_1_I2_SB_LUT4_I2_O_SB_LUT4_I0_O_SB_LUT4_O_2_LC.I0
Info:                          Defined in:
Info:                               /opt/homebrew/bin/../share/yosys/ice40/cells_map.v:6.21-6.22
Info:      logic  0.45  38.14 Source output_channel_SB_DFFESR_Q_D_SB_LUT4_O_I2_SB_LUT4_O_I3_SB_CARRY_CO_CI_SB_LUT4_I3_O_SB_LUT4_I1_O_SB_LUT4_O_I2_SB_LUT4_I2_O_SB_LUT4_I3_O_SB_LUT4_I1_O_SB_LUT4_O_I3_SB_LUT4_I2_O_SB_LUT4_O_1_I2_SB_LUT4_I2_O_SB_LUT4_I0_O_SB_LUT4_O_2_LC.O
Info:    routing  0.59  38.73 Net output_channel_SB_DFFESR_Q_D_SB_LUT4_O_I2_SB_LUT4_O_I3_SB_CARRY_CO_CI_SB_LUT4_I3_O_SB_LUT4_I1_O_SB_LUT4_O_I2_SB_LUT4_I2_O_SB_LUT4_I3_O_SB_LUT4_I1_O_SB_LUT4_O_I3_SB_LUT4_I2_O_SB_LUT4_O_1_I2_SB_LUT4_I2_O_SB_LUT4_I0_O[2] (9,19) -> (10,19)
Info:                          Sink output_channel_SB_DFFESR_Q_D_SB_LUT4_O_I2_SB_LUT4_O_I3_SB_CARRY_CO_CI_SB_LUT4_I3_O_SB_LUT4_I1_O_SB_LUT4_O_I2_SB_LUT4_I2_O_SB_LUT4_I3_O_SB_LUT4_I1_O_SB_LUT4_O_I3_SB_LUT4_I2_O_SB_LUT4_O_1_I2_SB_LUT4_I2_O_SB_LUT4_I0_O_SB_LUT4_O_I3_SB_LUT4_I0_LC.I3
Info:                          Defined in:
Info:                               /opt/homebrew/bin/../share/yosys/ice40/cells_map.v:6.21-6.22
Info:      logic  0.31  39.05 Source output_channel_SB_DFFESR_Q_D_SB_LUT4_O_I2_SB_LUT4_O_I3_SB_CARRY_CO_CI_SB_LUT4_I3_O_SB_LUT4_I1_O_SB_LUT4_O_I2_SB_LUT4_I2_O_SB_LUT4_I3_O_SB_LUT4_I1_O_SB_LUT4_O_I3_SB_LUT4_I2_O_SB_LUT4_O_1_I2_SB_LUT4_I2_O_SB_LUT4_I0_O_SB_LUT4_O_I3_SB_LUT4_I0_LC.O
Info:    routing  0.59  39.63 Net output_channel_SB_DFFESR_Q_D_SB_LUT4_O_I2_SB_LUT4_O_I3_SB_CARRY_CO_CI_SB_LUT4_I3_O_SB_LUT4_I1_O_SB_LUT4_O_I2_SB_LUT4_I2_O_SB_LUT4_I3_O_SB_LUT4_I1_O_SB_LUT4_O_I3_SB_LUT4_I2_O_SB_LUT4_O_1_I2_SB_LUT4_I2_O_SB_LUT4_I0_O_SB_LUT4_O_I3_SB_LUT4_I0_O[1] (10,19) -> (10,20)
Info:                          Sink output_channel_SB_DFFESR_Q_D_SB_LUT4_O_I2_SB_LUT4_O_I3_SB_CARRY_CO_CI_SB_LUT4_I3_O_SB_LUT4_I1_O_SB_LUT4_O_I2_SB_LUT4_I2_O_SB_LUT4_I3_O_SB_LUT4_I1_O_SB_LUT4_I0_O_SB_LUT4_I0_O_SB_LUT4_I0_O_SB_LUT4_I1_I3_SB_CARRY_CO_I0_SB_LUT4_O_LC.I2
Info:                          Defined in:
Info:                               /opt/homebrew/bin/../share/yosys/ice40/cells_map.v:6.21-6.22
Info:      logic  0.38  40.01 Source output_channel_SB_DFFESR_Q_D_SB_LUT4_O_I2_SB_LUT4_O_I3_SB_CARRY_CO_CI_SB_LUT4_I3_O_SB_LUT4_I1_O_SB_LUT4_O_I2_SB_LUT4_I2_O_SB_LUT4_I3_O_SB_LUT4_I1_O_SB_LUT4_I0_O_SB_LUT4_I0_O_SB_LUT4_I0_O_SB_LUT4_I1_I3_SB_CARRY_CO_I0_SB_LUT4_O_LC.O
Info:    routing  1.13  41.14 Net output_channel_SB_DFFESR_Q_D_SB_LUT4_O_I2_SB_LUT4_O_I3_SB_CARRY_CO_CI_SB_LUT4_I3_O_SB_LUT4_I1_O_SB_LUT4_O_I2_SB_LUT4_I2_O_SB_LUT4_I3_O_SB_LUT4_I1_O_SB_LUT4_I0_O_SB_LUT4_I0_O_SB_LUT4_I0_O_SB_LUT4_I1_I3_SB_CARRY_CO_I0[1] (10,20) -> (10,16)
Info:                          Sink output_channel_SB_DFFESR_Q_D_SB_LUT4_O_I2_SB_LUT4_O_I3_SB_CARRY_CO_CI_SB_LUT4_I3_O_SB_LUT4_I1_O_SB_LUT4_O_I2_SB_LUT4_I2_O_SB_LUT4_I3_O_SB_LUT4_I1_O_SB_LUT4_I0_O_SB_LUT4_I0_O_SB_LUT4_I0_O_SB_LUT4_I1_I3_SB_CARRY_CO_CI_SB_LUT4_I3_LC.I1
Info:                          Defined in:
Info:                               /opt/homebrew/bin/../share/yosys/ice40/arith_map.v:62.5-70.4
Info:                               /opt/homebrew/bin/../share/yosys/ice40/cells_map.v:6.21-6.22
Info:      logic  0.26  41.40 Source output_channel_SB_DFFESR_Q_D_SB_LUT4_O_I2_SB_LUT4_O_I3_SB_CARRY_CO_CI_SB_LUT4_I3_O_SB_LUT4_I1_O_SB_LUT4_O_I2_SB_LUT4_I2_O_SB_LUT4_I3_O_SB_LUT4_I1_O_SB_LUT4_I0_O_SB_LUT4_I0_O_SB_LUT4_I0_O_SB_LUT4_I1_I3_SB_CARRY_CO_CI_SB_LUT4_I3_LC.COUT
Info:    routing  0.26  41.66 Net output_channel_SB_DFFESR_Q_D_SB_LUT4_O_I2_SB_LUT4_O_I3_SB_CARRY_CO_CI_SB_LUT4_I3_O_SB_LUT4_I1_O_SB_LUT4_O_I2_SB_LUT4_I2_O_SB_LUT4_I3_O_SB_LUT4_I1_O_SB_LUT4_I0_O_SB_LUT4_I0_O_SB_LUT4_I0_O[3] (10,16) -> (10,16)
Info:                          Sink output_channel_SB_DFFESR_Q_D_SB_LUT4_O_I2_SB_LUT4_O_I3_SB_CARRY_CO_CI_SB_LUT4_I3_O_SB_LUT4_I1_O_SB_LUT4_O_I2_SB_LUT4_I2_O_SB_LUT4_I3_O_SB_LUT4_I1_O_SB_LUT4_I0_O_SB_LUT4_I0_O_SB_LUT4_I0_O_SB_LUT4_I1_LC.I3
Info:                          Defined in:
Info:                               /opt/homebrew/bin/../share/yosys/ice40/arith_map.v:62.5-70.4
Info:                               /opt/homebrew/bin/../share/yosys/ice40/abc9_model.v:4.9-4.11
Info:      logic  0.31  41.97 Source output_channel_SB_DFFESR_Q_D_SB_LUT4_O_I2_SB_LUT4_O_I3_SB_CARRY_CO_CI_SB_LUT4_I3_O_SB_LUT4_I1_O_SB_LUT4_O_I2_SB_LUT4_I2_O_SB_LUT4_I3_O_SB_LUT4_I1_O_SB_LUT4_I0_O_SB_LUT4_I0_O_SB_LUT4_I0_O_SB_LUT4_I1_LC.O
Info:    routing  0.59  42.56 Net output_channel_SB_DFFESR_Q_D_SB_LUT4_O_I2_SB_LUT4_O_I3_SB_CARRY_CO_CI_SB_LUT4_I3_O_SB_LUT4_I1_O_SB_LUT4_O_I2_SB_LUT4_I2_O_SB_LUT4_I3_O_SB_LUT4_I1_O_SB_LUT4_I0_O_SB_LUT4_I0_O_SB_LUT4_I0_O_SB_LUT4_I1_O[3] (10,16) -> (10,15)
Info:                          Sink output_channel_SB_DFFESR_Q_D_SB_LUT4_O_I2_SB_LUT4_O_I3_SB_CARRY_CO_CI_SB_LUT4_I3_O_SB_LUT4_I1_O_SB_LUT4_O_I2_SB_LUT4_I2_O_SB_LUT4_I3_O_SB_LUT4_I1_O_SB_LUT4_I0_O_SB_LUT4_I0_O_SB_LUT4_I0_O_SB_LUT4_I1_O_SB_LUT4_I3_1_LC.I3
Info:                          Defined in:
Info:                               /opt/homebrew/bin/../share/yosys/ice40/cells_map.v:6.21-6.22
Info:      logic  0.31  42.88 Source output_channel_SB_DFFESR_Q_D_SB_LUT4_O_I2_SB_LUT4_O_I3_SB_CARRY_CO_CI_SB_LUT4_I3_O_SB_LUT4_I1_O_SB_LUT4_O_I2_SB_LUT4_I2_O_SB_LUT4_I3_O_SB_LUT4_I1_O_SB_LUT4_I0_O_SB_LUT4_I0_O_SB_LUT4_I0_O_SB_LUT4_I1_O_SB_LUT4_I3_1_LC.O
Info:    routing  0.59  43.47 Net output_channel_SB_DFFESR_Q_D_SB_LUT4_O_I2_SB_LUT4_O_I3_SB_CARRY_CO_CI_SB_LUT4_I3_O_SB_LUT4_I1_O_SB_LUT4_O_I2_SB_LUT4_I2_O_SB_LUT4_I3_O_SB_LUT4_I1_O_SB_LUT4_I0_O_SB_LUT4_I0_O_SB_LUT4_I0_O_SB_LUT4_I1_O_SB_LUT4_I2_O[2] (10,15) -> (10,15)
Info:                          Sink output_channel_SB_DFFESR_Q_D_SB_LUT4_O_I2_SB_LUT4_O_I3_SB_CARRY_CO_CI_SB_LUT4_I3_O_SB_LUT4_I1_O_SB_LUT4_O_I2_SB_LUT4_I2_O_SB_LUT4_I3_O_SB_LUT4_I1_O_SB_LUT4_I0_O_SB_LUT4_I0_O_SB_LUT4_I0_O_SB_LUT4_I1_O_SB_LUT4_I2_O_SB_LUT4_I1_LC.I2
Info:                          Defined in:
Info:                               /opt/homebrew/bin/../share/yosys/ice40/cells_map.v:6.21-6.22
Info:      logic  0.38  43.84 Source output_channel_SB_DFFESR_Q_D_SB_LUT4_O_I2_SB_LUT4_O_I3_SB_CARRY_CO_CI_SB_LUT4_I3_O_SB_LUT4_I1_O_SB_LUT4_O_I2_SB_LUT4_I2_O_SB_LUT4_I3_O_SB_LUT4_I1_O_SB_LUT4_I0_O_SB_LUT4_I0_O_SB_LUT4_I0_O_SB_LUT4_I1_O_SB_LUT4_I2_O_SB_LUT4_I1_LC.O
Info:    routing  0.96  44.80 Net output_channel_SB_DFFESR_Q_D_SB_LUT4_O_I2_SB_LUT4_O_I3_SB_CARRY_CO_CI_SB_LUT4_I3_O_SB_LUT4_I1_O_SB_LUT4_O_I2_SB_LUT4_I2_O_SB_LUT4_I3_O_SB_LUT4_I1_O_SB_LUT4_I0_O_SB_LUT4_I0_O_SB_LUT4_I0_O_SB_LUT4_I1_O_SB_LUT4_I2_O_SB_LUT4_I1_O[1] (10,15) -> (11,17)
Info:                          Sink output_channel_SB_DFFESR_Q_D_SB_LUT4_O_I2_SB_LUT4_O_I3_SB_CARRY_CO_CI_SB_LUT4_I3_O_SB_LUT4_I1_O_SB_LUT4_O_I2_SB_LUT4_I2_O_SB_LUT4_I3_O_SB_LUT4_I1_O_SB_LUT4_I0_O_SB_LUT4_I0_O_SB_LUT4_I0_O_SB_LUT4_I1_O_SB_LUT4_I2_O_SB_LUT4_I1_O_SB_LUT4_I1_LC.I1
Info:                          Defined in:
Info:                               /opt/homebrew/bin/../share/yosys/ice40/arith_map.v:62.5-70.4
Info:                               /opt/homebrew/bin/../share/yosys/ice40/cells_map.v:6.21-6.22
Info:      logic  0.40  45.20 Source output_channel_SB_DFFESR_Q_D_SB_LUT4_O_I2_SB_LUT4_O_I3_SB_CARRY_CO_CI_SB_LUT4_I3_O_SB_LUT4_I1_O_SB_LUT4_O_I2_SB_LUT4_I2_O_SB_LUT4_I3_O_SB_LUT4_I1_O_SB_LUT4_I0_O_SB_LUT4_I0_O_SB_LUT4_I0_O_SB_LUT4_I1_O_SB_LUT4_I2_O_SB_LUT4_I1_O_SB_LUT4_I1_LC.O
Info:    routing  1.22  46.42 Net output_channel_SB_DFFESR_Q_D_SB_LUT4_O_I2_SB_LUT4_O_I3_SB_CARRY_CO_CI_SB_LUT4_I3_O_SB_LUT4_I1_O_SB_LUT4_O_I2_SB_LUT4_I2_O_SB_LUT4_I3_O_SB_LUT4_I1_O_SB_LUT4_I0_O_SB_LUT4_I0_O_SB_LUT4_I0_O_SB_LUT4_I1_O_SB_LUT4_I2_O_SB_LUT4_I1_O_SB_LUT4_I1_O[1] (11,17) -> (15,17)
Info:                          Sink sample_out_SB_DFFESR_Q_D_SB_LUT4_O_I3_SB_LUT4_O_LC.I3
Info:                          Defined in:
Info:                               /opt/homebrew/bin/../share/yosys/ice40/cells_map.v:6.21-6.22
Info:      logic  0.31  46.73 Source sample_out_SB_DFFESR_Q_D_SB_LUT4_O_I3_SB_LUT4_O_LC.O
Info:    routing  0.59  47.32 Net sample_out_SB_DFFESR_Q_D_SB_LUT4_O_I3[3] (15,17) -> (16,17)
Info:                          Sink sample_out_SB_DFFESR_Q_32_D_SB_LUT4_O_LC.I3
Info:                          Defined in:
Info:                               /opt/homebrew/bin/../share/yosys/ice40/cells_map.v:6.21-6.22
Info:      setup  0.34  47.66 Source sample_out_SB_DFFESR_Q_32_D_SB_LUT4_O_LC.I3
Info: 20.38 ns logic, 27.28 ns routing

Info: Critical path report for cross-domain path '<async>' -> 'posedge clk$SB_IO_IN_$glb_clk':
Info:       type curr  total name
Info:     source  0.00  0.00 Source rst$sb_io.D_IN_0
Info:    routing  1.60  1.60 Net rst$SB_IO_IN (0,16) -> (1,20)
Info:                          Sink state_SB_DFF_Q_2_D_SB_LUT4_O_I3_SB_LUT4_O_LC.I1
Info:                          Defined in:
Info:                               /opt/homebrew/bin/../share/yosys/ice40/cells_map.v:6.21-6.22
Info:      logic  0.40  2.00 Source state_SB_DFF_Q_2_D_SB_LUT4_O_I3_SB_LUT4_O_LC.O
Info:    routing  1.85  3.85 Net state_SB_DFF_Q_2_D_SB_LUT4_O_I3[1] (1,20) -> (14,20)
Info:                          Sink layer0_value[6]_SB_DFFESR_Q_R_SB_LUT4_O_LC.I3
Info:                          Defined in:
Info:                               /opt/homebrew/bin/../share/yosys/ice40/cells_map.v:6.21-6.22
Info:      logic  0.31  4.16 Source layer0_value[6]_SB_DFFESR_Q_R_SB_LUT4_O_LC.O
Info:    routing  1.59  5.75 Net layer0_value[6]_SB_DFFESR_Q_R[1] (14,20) -> (7,19)
Info:                          Sink layer0_value[6]_SB_DFFESR_Q_E_SB_LUT4_O_LC.I3
Info:                          Defined in:
Info:                               /opt/homebrew/bin/../share/yosys/ice40/cells_map.v:6.21-6.22
Info:      logic  0.31  6.07 Source layer0_value[6]_SB_DFFESR_Q_E_SB_LUT4_O_LC.O
Info:    routing  2.62  8.69 Net layer0_value[6]_SB_DFFESR_Q_E (7,19) -> (16,11)
Info:                          Sink layer0_value[6]_SB_DFFESR_Q_1_DFFLC.CEN
Info:      setup  0.10  8.79 Source layer0_value[6]_SB_DFFESR_Q_1_DFFLC.CEN
Info: 1.13 ns logic, 7.66 ns routing

Info: Critical path report for cross-domain path 'posedge clk$SB_IO_IN_$glb_clk' -> '<async>':
Info:       type curr  total name
Info:   clk-to-q  0.54  0.54 Source sample_out_SB_DFFESR_Q_8_D_SB_LUT4_O_LC.O
Info:    routing  2.86  3.40 Net sample_out[55]$SB_IO_OUT (18,17) -> (27,0)
Info:                          Sink sample_out[55]$sb_io.D_OUT_0
Info:                          Defined in:
Info:                               tcn_network_8ch_2layer_serial2.v:20.51-20.61
Info: 0.54 ns logic, 2.86 ns routing

Info: Max frequency for clock 'clk$SB_IO_IN_$glb_clk': 20.98 MHz (PASS at 20.00 MHz)

Info: Max delay <async>                       -> posedge clk$SB_IO_IN_$glb_clk: 8.79 ns
Info: Max delay posedge clk$SB_IO_IN_$glb_clk -> <async>                      : 3.40 ns

Info: Slack histogram:
Info:  legend: * represents 13 endpoint(s)
Info:          + represents [1,13) endpoint(s)
Info: [  2343,   4653) |****+
Info: [  4653,   6963) |***+
Info: [  6963,   9273) |*+
Info: [  9273,  11583) |+
Info: [ 11583,  13893) | 
Info: [ 13893,  16203) | 
Info: [ 16203,  18513) | 
Info: [ 18513,  20823) | 
Info: [ 20823,  23133) | 
Info: [ 23133,  25443) | 
Info: [ 25443,  27753) | 
Info: [ 27753,  30063) | 
Info: [ 30063,  32373) | 
Info: [ 32373,  34683) |+
Info: [ 34683,  36993) |*******+
Info: [ 36993,  39303) |*********+
Info: [ 39303,  41613) |*+
Info: [ 41613,  43923) |****+
Info: [ 43923,  46233) |********************+
Info: [ 46233,  48543) |************************************************************ 
1 warning, 0 errors

Info: Program finished normally.
