
 /----------------------------------------------------------------------------\
 |  yosys -- Yosys Open SYnthesis Suite                                       |
 |  Copyright (C) 2012 - 2024  Claire Xenia Wolf <claire@yosyshq.com>         |
 |  Distributed under an ISC-like license, type "license" to see terms        |
 \----------------------------------------------------------------------------/
 Yosys 0.42 (git sha1 9b6afcf3f, clang++ 15.0.0 -fPIC -Os)

-- Running command `read_verilog "/Users/adarmaori/Desktop/Final Project/FPGA/conv1d_2mult.v" "engine_reports/conv1d_2mult/conv1d_engine.v" "tcn_layer_basic.v" "tcn_network_basic.v"; synth_ice40 -top tcn_network_basic -json engine_reports/conv1d_2mult/network.json' --

1. Executing Verilog-2005 frontend: /Users/adarmaori/Desktop/Final Project/FPGA/conv1d_2mult.v
Parsing Verilog input from `/Users/adarmaori/Desktop/Final Project/FPGA/conv1d_2mult.v' to AST representation.
Generating RTLIL representation for module `\conv1d_2mult'.
Warning: Replacing memory \tap with list of registers. See /Users/adarmaori/Desktop/Final$20Project/FPGA/conv1d_2mult.v:42
Warning: Replacing memory \history with list of registers. See /Users/adarmaori/Desktop/Final$20Project/FPGA/conv1d_2mult.v:39
Successfully finished Verilog frontend.

2. Executing Verilog-2005 frontend: engine_reports/conv1d_2mult/conv1d_engine.v
Parsing Verilog input from `engine_reports/conv1d_2mult/conv1d_engine.v' to AST representation.
Generating RTLIL representation for module `\conv1d_engine'.
Successfully finished Verilog frontend.

3. Executing Verilog-2005 frontend: tcn_layer_basic.v
Parsing Verilog input from `tcn_layer_basic.v' to AST representation.
Generating RTLIL representation for module `\tcn_layer_basic'.
Successfully finished Verilog frontend.

4. Executing Verilog-2005 frontend: tcn_network_basic.v
Parsing Verilog input from `tcn_network_basic.v' to AST representation.
Generating RTLIL representation for module `\tcn_network_basic'.
Successfully finished Verilog frontend.

5. Executing SYNTH_ICE40 pass.

5.1. Executing Verilog-2005 frontend: /opt/homebrew/bin/../share/yosys/ice40/cells_sim.v
Parsing Verilog input from `/opt/homebrew/bin/../share/yosys/ice40/cells_sim.v' to AST representation.
Generating RTLIL representation for module `\SB_IO'.
Generating RTLIL representation for module `\SB_GB_IO'.
Generating RTLIL representation for module `\SB_GB'.
Generating RTLIL representation for module `\SB_LUT4'.
Generating RTLIL representation for module `\SB_CARRY'.
Generating RTLIL representation for module `\SB_DFF'.
Generating RTLIL representation for module `\SB_DFFE'.
Generating RTLIL representation for module `\SB_DFFSR'.
Generating RTLIL representation for module `\SB_DFFR'.
Generating RTLIL representation for module `\SB_DFFSS'.
Generating RTLIL representation for module `\SB_DFFS'.
Generating RTLIL representation for module `\SB_DFFESR'.
Generating RTLIL representation for module `\SB_DFFER'.
Generating RTLIL representation for module `\SB_DFFESS'.
Generating RTLIL representation for module `\SB_DFFES'.
Generating RTLIL representation for module `\SB_DFFN'.
Generating RTLIL representation for module `\SB_DFFNE'.
Generating RTLIL representation for module `\SB_DFFNSR'.
Generating RTLIL representation for module `\SB_DFFNR'.
Generating RTLIL representation for module `\SB_DFFNSS'.
Generating RTLIL representation for module `\SB_DFFNS'.
Generating RTLIL representation for module `\SB_DFFNESR'.
Generating RTLIL representation for module `\SB_DFFNER'.
Generating RTLIL representation for module `\SB_DFFNESS'.
Generating RTLIL representation for module `\SB_DFFNES'.
Generating RTLIL representation for module `\SB_RAM40_4K'.
Generating RTLIL representation for module `\SB_RAM40_4KNR'.
Generating RTLIL representation for module `\SB_RAM40_4KNW'.
Generating RTLIL representation for module `\SB_RAM40_4KNRNW'.
Generating RTLIL representation for module `\ICESTORM_LC'.
Generating RTLIL representation for module `\SB_PLL40_CORE'.
Generating RTLIL representation for module `\SB_PLL40_PAD'.
Generating RTLIL representation for module `\SB_PLL40_2_PAD'.
Generating RTLIL representation for module `\SB_PLL40_2F_CORE'.
Generating RTLIL representation for module `\SB_PLL40_2F_PAD'.
Generating RTLIL representation for module `\SB_WARMBOOT'.
Generating RTLIL representation for module `\SB_SPRAM256KA'.
Generating RTLIL representation for module `\SB_HFOSC'.
Generating RTLIL representation for module `\SB_LFOSC'.
Generating RTLIL representation for module `\SB_RGBA_DRV'.
Generating RTLIL representation for module `\SB_LED_DRV_CUR'.
Generating RTLIL representation for module `\SB_RGB_DRV'.
Generating RTLIL representation for module `\SB_I2C'.
Generating RTLIL representation for module `\SB_SPI'.
Generating RTLIL representation for module `\SB_LEDDA_IP'.
Generating RTLIL representation for module `\SB_FILTER_50NS'.
Generating RTLIL representation for module `\SB_IO_I3C'.
Generating RTLIL representation for module `\SB_IO_OD'.
Generating RTLIL representation for module `\SB_MAC16'.
Generating RTLIL representation for module `\ICESTORM_RAM'.
Successfully finished Verilog frontend.

5.2. Executing HIERARCHY pass (managing design hierarchy).

5.2.1. Analyzing design hierarchy..
Top module:  \tcn_network_basic
Used module:     \tcn_layer_basic
Used module:         \conv1d_engine
Used module:             \conv1d_2mult
Parameter \SAMPLE_WIDTH = 8
Parameter \WEIGHT_WIDTH = 8
Parameter \ACC_WIDTH = 32
Parameter \DILATION = 1
Parameter \W0 = 8'00000010
Parameter \W1 = 8'11111111
Parameter \W2 = 8'00000011
Parameter \W3 = 8'00000000
Parameter \W4 = 8'00000001
Parameter \BIAS = 0

5.2.2. Executing AST frontend in derive mode using pre-parsed AST for module `\conv1d_2mult'.
Parameter \SAMPLE_WIDTH = 8
Parameter \WEIGHT_WIDTH = 8
Parameter \ACC_WIDTH = 32
Parameter \DILATION = 1
Parameter \W0 = 8'00000010
Parameter \W1 = 8'11111111
Parameter \W2 = 8'00000011
Parameter \W3 = 8'00000000
Parameter \W4 = 8'00000001
Parameter \BIAS = 0
Generating RTLIL representation for module `$paramod$7ad9c66ce0eed50cfb1f5317be780c21f7f955a9\conv1d_2mult'.
Warning: Replacing memory \tap with list of registers. See /Users/adarmaori/Desktop/Final$20Project/FPGA/conv1d_2mult.v:42
Warning: Replacing memory \history with list of registers. See /Users/adarmaori/Desktop/Final$20Project/FPGA/conv1d_2mult.v:39
Parameter \SAMPLE_WIDTH = 8
Parameter \WEIGHT_WIDTH = 8
Parameter \ACC_WIDTH = 32
Parameter \DILATION = 1
Parameter \W0 = 8'00000010
Parameter \W1 = 8'11111111
Parameter \W2 = 8'00000011
Parameter \W3 = 8'00000000
Parameter \W4 = 8'00000001
Parameter \BIAS = 0

5.2.3. Executing AST frontend in derive mode using pre-parsed AST for module `\conv1d_engine'.
Parameter \SAMPLE_WIDTH = 8
Parameter \WEIGHT_WIDTH = 8
Parameter \ACC_WIDTH = 32
Parameter \DILATION = 1
Parameter \W0 = 8'00000010
Parameter \W1 = 8'11111111
Parameter \W2 = 8'00000011
Parameter \W3 = 8'00000000
Parameter \W4 = 8'00000001
Parameter \BIAS = 0
Generating RTLIL representation for module `$paramod$7ad9c66ce0eed50cfb1f5317be780c21f7f955a9\conv1d_engine'.
Parameter \SAMPLE_WIDTH = 8
Parameter \WEIGHT_WIDTH = 8
Parameter \ACC_WIDTH = 32
Parameter \DILATION = 1
Parameter \OUTPUT_SHIFT = 0
Parameter \USE_RELU = 0
Parameter \W0 = 8'00000001
Parameter \W1 = 8'00000000
Parameter \W2 = 8'00000000
Parameter \W3 = 8'00000000
Parameter \W4 = 8'00000000
Parameter \BIAS = 0

5.2.4. Executing AST frontend in derive mode using pre-parsed AST for module `\tcn_layer_basic'.
Parameter \SAMPLE_WIDTH = 8
Parameter \WEIGHT_WIDTH = 8
Parameter \ACC_WIDTH = 32
Parameter \DILATION = 1
Parameter \OUTPUT_SHIFT = 0
Parameter \USE_RELU = 0
Parameter \W0 = 8'00000001
Parameter \W1 = 8'00000000
Parameter \W2 = 8'00000000
Parameter \W3 = 8'00000000
Parameter \W4 = 8'00000000
Parameter \BIAS = 0
Generating RTLIL representation for module `$paramod$7328b9b22ec1a331cb1c0a2531de4854f8687c93\tcn_layer_basic'.
Parameter \SAMPLE_WIDTH = 8
Parameter \WEIGHT_WIDTH = 8
Parameter \ACC_WIDTH = 32
Parameter \DILATION = 2
Parameter \OUTPUT_SHIFT = 0
Parameter \USE_RELU = 1
Parameter \W0 = 8'00000001
Parameter \W1 = 8'00000001
Parameter \W2 = 8'11111111
Parameter \W3 = 8'00000000
Parameter \W4 = 8'00000000
Parameter \BIAS = 0

5.2.5. Executing AST frontend in derive mode using pre-parsed AST for module `\tcn_layer_basic'.
Parameter \SAMPLE_WIDTH = 8
Parameter \WEIGHT_WIDTH = 8
Parameter \ACC_WIDTH = 32
Parameter \DILATION = 2
Parameter \OUTPUT_SHIFT = 0
Parameter \USE_RELU = 1
Parameter \W0 = 8'00000001
Parameter \W1 = 8'00000001
Parameter \W2 = 8'11111111
Parameter \W3 = 8'00000000
Parameter \W4 = 8'00000000
Parameter \BIAS = 0
Generating RTLIL representation for module `$paramod$0a25ff292c42449df010e086963b9335a9b9ee0c\tcn_layer_basic'.
Parameter \SAMPLE_WIDTH = 8
Parameter \WEIGHT_WIDTH = 8
Parameter \ACC_WIDTH = 32
Parameter \DILATION = 1
Parameter \OUTPUT_SHIFT = 0
Parameter \USE_RELU = 1
Parameter \W0 = 8'00000010
Parameter \W1 = 8'11111111
Parameter \W2 = 8'00000001
Parameter \W3 = 8'00000000
Parameter \W4 = 8'00000000
Parameter \BIAS = 0

5.2.6. Executing AST frontend in derive mode using pre-parsed AST for module `\tcn_layer_basic'.
Parameter \SAMPLE_WIDTH = 8
Parameter \WEIGHT_WIDTH = 8
Parameter \ACC_WIDTH = 32
Parameter \DILATION = 1
Parameter \OUTPUT_SHIFT = 0
Parameter \USE_RELU = 1
Parameter \W0 = 8'00000010
Parameter \W1 = 8'11111111
Parameter \W2 = 8'00000001
Parameter \W3 = 8'00000000
Parameter \W4 = 8'00000000
Parameter \BIAS = 0
Generating RTLIL representation for module `$paramod$4b6a9377ba56c1579da7dce30c88f2867c4f0712\tcn_layer_basic'.

5.2.7. Analyzing design hierarchy..
Top module:  \tcn_network_basic
Used module:     $paramod$7328b9b22ec1a331cb1c0a2531de4854f8687c93\tcn_layer_basic
Used module:         \conv1d_engine
Used module:             $paramod$7ad9c66ce0eed50cfb1f5317be780c21f7f955a9\conv1d_2mult
Used module:     $paramod$0a25ff292c42449df010e086963b9335a9b9ee0c\tcn_layer_basic
Used module:     $paramod$4b6a9377ba56c1579da7dce30c88f2867c4f0712\tcn_layer_basic
Parameter \SAMPLE_WIDTH = 8
Parameter \WEIGHT_WIDTH = 8
Parameter \ACC_WIDTH = 32
Parameter \DILATION = 1
Parameter \W0 = 8'00000001
Parameter \W1 = 8'00000000
Parameter \W2 = 8'00000000
Parameter \W3 = 8'00000000
Parameter \W4 = 8'00000000
Parameter \BIAS = 0

5.2.8. Executing AST frontend in derive mode using pre-parsed AST for module `\conv1d_engine'.
Parameter \SAMPLE_WIDTH = 8
Parameter \WEIGHT_WIDTH = 8
Parameter \ACC_WIDTH = 32
Parameter \DILATION = 1
Parameter \W0 = 8'00000001
Parameter \W1 = 8'00000000
Parameter \W2 = 8'00000000
Parameter \W3 = 8'00000000
Parameter \W4 = 8'00000000
Parameter \BIAS = 0
Generating RTLIL representation for module `$paramod$38f0b74e4e05acc92674b4673a0da3acfc0611c7\conv1d_engine'.
Parameter \SAMPLE_WIDTH = 8
Parameter \WEIGHT_WIDTH = 8
Parameter \ACC_WIDTH = 32
Parameter \DILATION = 2
Parameter \W0 = 8'00000001
Parameter \W1 = 8'00000001
Parameter \W2 = 8'11111111
Parameter \W3 = 8'00000000
Parameter \W4 = 8'00000000
Parameter \BIAS = 0

5.2.9. Executing AST frontend in derive mode using pre-parsed AST for module `\conv1d_engine'.
Parameter \SAMPLE_WIDTH = 8
Parameter \WEIGHT_WIDTH = 8
Parameter \ACC_WIDTH = 32
Parameter \DILATION = 2
Parameter \W0 = 8'00000001
Parameter \W1 = 8'00000001
Parameter \W2 = 8'11111111
Parameter \W3 = 8'00000000
Parameter \W4 = 8'00000000
Parameter \BIAS = 0
Generating RTLIL representation for module `$paramod$6dd1054ec6052e617ee0ef5180f0d14eca9e90cf\conv1d_engine'.
Parameter \SAMPLE_WIDTH = 8
Parameter \WEIGHT_WIDTH = 8
Parameter \ACC_WIDTH = 32
Parameter \DILATION = 1
Parameter \W0 = 8'00000010
Parameter \W1 = 8'11111111
Parameter \W2 = 8'00000001
Parameter \W3 = 8'00000000
Parameter \W4 = 8'00000000
Parameter \BIAS = 0

5.2.10. Executing AST frontend in derive mode using pre-parsed AST for module `\conv1d_engine'.
Parameter \SAMPLE_WIDTH = 8
Parameter \WEIGHT_WIDTH = 8
Parameter \ACC_WIDTH = 32
Parameter \DILATION = 1
Parameter \W0 = 8'00000010
Parameter \W1 = 8'11111111
Parameter \W2 = 8'00000001
Parameter \W3 = 8'00000000
Parameter \W4 = 8'00000000
Parameter \BIAS = 0
Generating RTLIL representation for module `$paramod$f0977c995a1c6e6f9951f74d2c789fd605a27fbb\conv1d_engine'.

5.2.11. Analyzing design hierarchy..
Top module:  \tcn_network_basic
Used module:     $paramod$7328b9b22ec1a331cb1c0a2531de4854f8687c93\tcn_layer_basic
Used module:         $paramod$38f0b74e4e05acc92674b4673a0da3acfc0611c7\conv1d_engine
Used module:             \conv1d_2mult
Used module:     $paramod$0a25ff292c42449df010e086963b9335a9b9ee0c\tcn_layer_basic
Used module:         $paramod$6dd1054ec6052e617ee0ef5180f0d14eca9e90cf\conv1d_engine
Used module:     $paramod$4b6a9377ba56c1579da7dce30c88f2867c4f0712\tcn_layer_basic
Used module:         $paramod$f0977c995a1c6e6f9951f74d2c789fd605a27fbb\conv1d_engine
Parameter \SAMPLE_WIDTH = 8
Parameter \WEIGHT_WIDTH = 8
Parameter \ACC_WIDTH = 32
Parameter \DILATION = 1
Parameter \W0 = 8'00000001
Parameter \W1 = 8'00000000
Parameter \W2 = 8'00000000
Parameter \W3 = 8'00000000
Parameter \W4 = 8'00000000
Parameter \BIAS = 0

5.2.12. Executing AST frontend in derive mode using pre-parsed AST for module `\conv1d_2mult'.
Parameter \SAMPLE_WIDTH = 8
Parameter \WEIGHT_WIDTH = 8
Parameter \ACC_WIDTH = 32
Parameter \DILATION = 1
Parameter \W0 = 8'00000001
Parameter \W1 = 8'00000000
Parameter \W2 = 8'00000000
Parameter \W3 = 8'00000000
Parameter \W4 = 8'00000000
Parameter \BIAS = 0
Generating RTLIL representation for module `$paramod$38f0b74e4e05acc92674b4673a0da3acfc0611c7\conv1d_2mult'.
Warning: Replacing memory \tap with list of registers. See /Users/adarmaori/Desktop/Final$20Project/FPGA/conv1d_2mult.v:42
Warning: Replacing memory \history with list of registers. See /Users/adarmaori/Desktop/Final$20Project/FPGA/conv1d_2mult.v:39
Parameter \SAMPLE_WIDTH = 8
Parameter \WEIGHT_WIDTH = 8
Parameter \ACC_WIDTH = 32
Parameter \DILATION = 2
Parameter \W0 = 8'00000001
Parameter \W1 = 8'00000001
Parameter \W2 = 8'11111111
Parameter \W3 = 8'00000000
Parameter \W4 = 8'00000000
Parameter \BIAS = 0

5.2.13. Executing AST frontend in derive mode using pre-parsed AST for module `\conv1d_2mult'.
Parameter \SAMPLE_WIDTH = 8
Parameter \WEIGHT_WIDTH = 8
Parameter \ACC_WIDTH = 32
Parameter \DILATION = 2
Parameter \W0 = 8'00000001
Parameter \W1 = 8'00000001
Parameter \W2 = 8'11111111
Parameter \W3 = 8'00000000
Parameter \W4 = 8'00000000
Parameter \BIAS = 0
Generating RTLIL representation for module `$paramod$6dd1054ec6052e617ee0ef5180f0d14eca9e90cf\conv1d_2mult'.
Warning: Replacing memory \tap with list of registers. See /Users/adarmaori/Desktop/Final$20Project/FPGA/conv1d_2mult.v:42
Warning: Replacing memory \history with list of registers. See /Users/adarmaori/Desktop/Final$20Project/FPGA/conv1d_2mult.v:39
Parameter \SAMPLE_WIDTH = 8
Parameter \WEIGHT_WIDTH = 8
Parameter \ACC_WIDTH = 32
Parameter \DILATION = 1
Parameter \W0 = 8'00000010
Parameter \W1 = 8'11111111
Parameter \W2 = 8'00000001
Parameter \W3 = 8'00000000
Parameter \W4 = 8'00000000
Parameter \BIAS = 0

5.2.14. Executing AST frontend in derive mode using pre-parsed AST for module `\conv1d_2mult'.
Parameter \SAMPLE_WIDTH = 8
Parameter \WEIGHT_WIDTH = 8
Parameter \ACC_WIDTH = 32
Parameter \DILATION = 1
Parameter \W0 = 8'00000010
Parameter \W1 = 8'11111111
Parameter \W2 = 8'00000001
Parameter \W3 = 8'00000000
Parameter \W4 = 8'00000000
Parameter \BIAS = 0
Generating RTLIL representation for module `$paramod$f0977c995a1c6e6f9951f74d2c789fd605a27fbb\conv1d_2mult'.
Warning: Replacing memory \tap with list of registers. See /Users/adarmaori/Desktop/Final$20Project/FPGA/conv1d_2mult.v:42
Warning: Replacing memory \history with list of registers. See /Users/adarmaori/Desktop/Final$20Project/FPGA/conv1d_2mult.v:39

5.2.15. Analyzing design hierarchy..
Top module:  \tcn_network_basic
Used module:     $paramod$7328b9b22ec1a331cb1c0a2531de4854f8687c93\tcn_layer_basic
Used module:         $paramod$38f0b74e4e05acc92674b4673a0da3acfc0611c7\conv1d_engine
Used module:             $paramod$38f0b74e4e05acc92674b4673a0da3acfc0611c7\conv1d_2mult
Used module:     $paramod$0a25ff292c42449df010e086963b9335a9b9ee0c\tcn_layer_basic
Used module:         $paramod$6dd1054ec6052e617ee0ef5180f0d14eca9e90cf\conv1d_engine
Used module:             $paramod$6dd1054ec6052e617ee0ef5180f0d14eca9e90cf\conv1d_2mult
Used module:     $paramod$4b6a9377ba56c1579da7dce30c88f2867c4f0712\tcn_layer_basic
Used module:         $paramod$f0977c995a1c6e6f9951f74d2c789fd605a27fbb\conv1d_engine
Used module:             $paramod$f0977c995a1c6e6f9951f74d2c789fd605a27fbb\conv1d_2mult

5.2.16. Analyzing design hierarchy..
Top module:  \tcn_network_basic
Used module:     $paramod$7328b9b22ec1a331cb1c0a2531de4854f8687c93\tcn_layer_basic
Used module:         $paramod$38f0b74e4e05acc92674b4673a0da3acfc0611c7\conv1d_engine
Used module:             $paramod$38f0b74e4e05acc92674b4673a0da3acfc0611c7\conv1d_2mult
Used module:     $paramod$0a25ff292c42449df010e086963b9335a9b9ee0c\tcn_layer_basic
Used module:         $paramod$6dd1054ec6052e617ee0ef5180f0d14eca9e90cf\conv1d_engine
Used module:             $paramod$6dd1054ec6052e617ee0ef5180f0d14eca9e90cf\conv1d_2mult
Used module:     $paramod$4b6a9377ba56c1579da7dce30c88f2867c4f0712\tcn_layer_basic
Used module:         $paramod$f0977c995a1c6e6f9951f74d2c789fd605a27fbb\conv1d_engine
Used module:             $paramod$f0977c995a1c6e6f9951f74d2c789fd605a27fbb\conv1d_2mult
Removing unused module `$paramod$7ad9c66ce0eed50cfb1f5317be780c21f7f955a9\conv1d_engine'.
Removing unused module `$paramod$7ad9c66ce0eed50cfb1f5317be780c21f7f955a9\conv1d_2mult'.
Removing unused module `\tcn_layer_basic'.
Removing unused module `\conv1d_engine'.
Removing unused module `\conv1d_2mult'.
Removed 5 unused modules.

5.3. Executing PROC pass (convert processes to netlists).

5.3.1. Executing PROC_CLEAN pass (remove empty switches from decision trees).
Cleaned up 0 empty switches.

5.3.2. Executing PROC_RMDEAD pass (remove dead branches from decision trees).
Marked 4 switch rules as full_case in process $proc$tcn_layer_basic.v:78$483 in module $paramod$4b6a9377ba56c1579da7dce30c88f2867c4f0712\tcn_layer_basic.
Marked 4 switch rules as full_case in process $proc$tcn_layer_basic.v:78$461 in module $paramod$0a25ff292c42449df010e086963b9335a9b9ee0c\tcn_layer_basic.
Marked 4 switch rules as full_case in process $proc$tcn_layer_basic.v:78$439 in module $paramod$7328b9b22ec1a331cb1c0a2531de4854f8687c93\tcn_layer_basic.
Marked 3 switch rules as full_case in process $proc$/Users/adarmaori/Desktop/Final$20Project/FPGA/conv1d_2mult.v:36$529 in module $paramod$f0977c995a1c6e6f9951f74d2c789fd605a27fbb\conv1d_2mult.
Marked 3 switch rules as full_case in process $proc$/Users/adarmaori/Desktop/Final$20Project/FPGA/conv1d_2mult.v:36$515 in module $paramod$6dd1054ec6052e617ee0ef5180f0d14eca9e90cf\conv1d_2mult.
Marked 1 switch rules as full_case in process $proc$/opt/homebrew/bin/../share/yosys/ice40/cells_sim.v:1414$280 in module SB_DFFNES.
Marked 1 switch rules as full_case in process $proc$/opt/homebrew/bin/../share/yosys/ice40/cells_sim.v:1353$273 in module SB_DFFNESS.
Marked 1 switch rules as full_case in process $proc$/opt/homebrew/bin/../share/yosys/ice40/cells_sim.v:1273$269 in module SB_DFFNER.
Marked 1 switch rules as full_case in process $proc$/opt/homebrew/bin/../share/yosys/ice40/cells_sim.v:1212$262 in module SB_DFFNESR.
Marked 1 switch rules as full_case in process $proc$/opt/homebrew/bin/../share/yosys/ice40/cells_sim.v:1138$259 in module SB_DFFNS.
Marked 1 switch rules as full_case in process $proc$/opt/homebrew/bin/../share/yosys/ice40/cells_sim.v:1088$256 in module SB_DFFNSS.
Marked 1 switch rules as full_case in process $proc$/opt/homebrew/bin/../share/yosys/ice40/cells_sim.v:1017$253 in module SB_DFFNR.
Marked 1 switch rules as full_case in process $proc$/opt/homebrew/bin/../share/yosys/ice40/cells_sim.v:967$250 in module SB_DFFNSR.
Marked 1 switch rules as full_case in process $proc$/opt/homebrew/bin/../share/yosys/ice40/cells_sim.v:803$242 in module SB_DFFES.
Marked 1 switch rules as full_case in process $proc$/opt/homebrew/bin/../share/yosys/ice40/cells_sim.v:742$235 in module SB_DFFESS.
Marked 1 switch rules as full_case in process $proc$/opt/homebrew/bin/../share/yosys/ice40/cells_sim.v:662$231 in module SB_DFFER.
Marked 1 switch rules as full_case in process $proc$/opt/homebrew/bin/../share/yosys/ice40/cells_sim.v:601$224 in module SB_DFFESR.
Marked 1 switch rules as full_case in process $proc$/opt/homebrew/bin/../share/yosys/ice40/cells_sim.v:527$221 in module SB_DFFS.
Marked 1 switch rules as full_case in process $proc$/opt/homebrew/bin/../share/yosys/ice40/cells_sim.v:477$218 in module SB_DFFSS.
Marked 1 switch rules as full_case in process $proc$/opt/homebrew/bin/../share/yosys/ice40/cells_sim.v:406$215 in module SB_DFFR.
Marked 1 switch rules as full_case in process $proc$/opt/homebrew/bin/../share/yosys/ice40/cells_sim.v:356$212 in module SB_DFFSR.
Marked 3 switch rules as full_case in process $proc$/Users/adarmaori/Desktop/Final$20Project/FPGA/conv1d_2mult.v:36$501 in module $paramod$38f0b74e4e05acc92674b4673a0da3acfc0611c7\conv1d_2mult.
Removed a total of 0 dead cases.

5.3.3. Executing PROC_PRUNE pass (remove redundant assignments in processes).
Removed 14 redundant assignments.
Promoted 37 assignments to connections.

5.3.4. Executing PROC_INIT pass (extract init attributes).
Found init rule in `\SB_DFFNES.$proc$/opt/homebrew/bin/../share/yosys/ice40/cells_sim.v:0$283'.
  Set init value: \Q = 1'0
Found init rule in `\SB_DFFNESS.$proc$/opt/homebrew/bin/../share/yosys/ice40/cells_sim.v:0$279'.
  Set init value: \Q = 1'0
Found init rule in `\SB_DFFNER.$proc$/opt/homebrew/bin/../share/yosys/ice40/cells_sim.v:0$272'.
  Set init value: \Q = 1'0
Found init rule in `\SB_DFFNESR.$proc$/opt/homebrew/bin/../share/yosys/ice40/cells_sim.v:0$268'.
  Set init value: \Q = 1'0
Found init rule in `\SB_DFFNS.$proc$/opt/homebrew/bin/../share/yosys/ice40/cells_sim.v:0$261'.
  Set init value: \Q = 1'0
Found init rule in `\SB_DFFNSS.$proc$/opt/homebrew/bin/../share/yosys/ice40/cells_sim.v:0$258'.
  Set init value: \Q = 1'0
Found init rule in `\SB_DFFNR.$proc$/opt/homebrew/bin/../share/yosys/ice40/cells_sim.v:0$255'.
  Set init value: \Q = 1'0
Found init rule in `\SB_DFFNSR.$proc$/opt/homebrew/bin/../share/yosys/ice40/cells_sim.v:0$252'.
  Set init value: \Q = 1'0
Found init rule in `\SB_DFFNE.$proc$/opt/homebrew/bin/../share/yosys/ice40/cells_sim.v:0$249'.
  Set init value: \Q = 1'0
Found init rule in `\SB_DFFN.$proc$/opt/homebrew/bin/../share/yosys/ice40/cells_sim.v:0$247'.
  Set init value: \Q = 1'0
Found init rule in `\SB_DFFES.$proc$/opt/homebrew/bin/../share/yosys/ice40/cells_sim.v:0$245'.
  Set init value: \Q = 1'0
Found init rule in `\SB_DFFESS.$proc$/opt/homebrew/bin/../share/yosys/ice40/cells_sim.v:0$241'.
  Set init value: \Q = 1'0
Found init rule in `\SB_DFFER.$proc$/opt/homebrew/bin/../share/yosys/ice40/cells_sim.v:0$234'.
  Set init value: \Q = 1'0
Found init rule in `\SB_DFFESR.$proc$/opt/homebrew/bin/../share/yosys/ice40/cells_sim.v:0$230'.
  Set init value: \Q = 1'0
Found init rule in `\SB_DFFS.$proc$/opt/homebrew/bin/../share/yosys/ice40/cells_sim.v:0$223'.
  Set init value: \Q = 1'0
Found init rule in `\SB_DFFSS.$proc$/opt/homebrew/bin/../share/yosys/ice40/cells_sim.v:0$220'.
  Set init value: \Q = 1'0
Found init rule in `\SB_DFFR.$proc$/opt/homebrew/bin/../share/yosys/ice40/cells_sim.v:0$217'.
  Set init value: \Q = 1'0
Found init rule in `\SB_DFFSR.$proc$/opt/homebrew/bin/../share/yosys/ice40/cells_sim.v:0$214'.
  Set init value: \Q = 1'0
Found init rule in `\SB_DFFE.$proc$/opt/homebrew/bin/../share/yosys/ice40/cells_sim.v:0$211'.
  Set init value: \Q = 1'0
Found init rule in `\SB_DFF.$proc$/opt/homebrew/bin/../share/yosys/ice40/cells_sim.v:0$209'.
  Set init value: \Q = 1'0

5.3.5. Executing PROC_ARST pass (detect async resets in processes).
Found async reset \S in `\SB_DFFNES.$proc$/opt/homebrew/bin/../share/yosys/ice40/cells_sim.v:1414$280'.
Found async reset \R in `\SB_DFFNER.$proc$/opt/homebrew/bin/../share/yosys/ice40/cells_sim.v:1273$269'.
Found async reset \S in `\SB_DFFNS.$proc$/opt/homebrew/bin/../share/yosys/ice40/cells_sim.v:1138$259'.
Found async reset \R in `\SB_DFFNR.$proc$/opt/homebrew/bin/../share/yosys/ice40/cells_sim.v:1017$253'.
Found async reset \S in `\SB_DFFES.$proc$/opt/homebrew/bin/../share/yosys/ice40/cells_sim.v:803$242'.
Found async reset \R in `\SB_DFFER.$proc$/opt/homebrew/bin/../share/yosys/ice40/cells_sim.v:662$231'.
Found async reset \S in `\SB_DFFS.$proc$/opt/homebrew/bin/../share/yosys/ice40/cells_sim.v:527$221'.
Found async reset \R in `\SB_DFFR.$proc$/opt/homebrew/bin/../share/yosys/ice40/cells_sim.v:406$215'.

5.3.6. Executing PROC_ROM pass (convert switches to ROMs).
Converted 0 switches.
<suppressed ~42 debug messages>

5.3.7. Executing PROC_MUX pass (convert decision trees to multiplexers).
Creating decoders for process `$paramod$4b6a9377ba56c1579da7dce30c88f2867c4f0712\tcn_layer_basic.$proc$tcn_layer_basic.v:78$483'.
     1/12: $4\saturate_to_sample$func$tcn_layer_basic.v:85$478.$result[7:0]$499
     2/12: $3\saturate_to_sample$func$tcn_layer_basic.v:85$478.$result[7:0]$497
     3/12: $2\saturate_to_sample$func$tcn_layer_basic.v:85$478.$result[7:0]$492
     4/12: $2\saturate_to_sample$func$tcn_layer_basic.v:85$478.min_value[31:0]$495
     5/12: $2\saturate_to_sample$func$tcn_layer_basic.v:85$478.max_value[31:0]$494
     6/12: $2\saturate_to_sample$func$tcn_layer_basic.v:85$478.value[31:0]$493
     7/12: $0\output_valid[0:0]
     8/12: $1\saturate_to_sample$func$tcn_layer_basic.v:85$478.min_value[31:0]$491
     9/12: $1\saturate_to_sample$func$tcn_layer_basic.v:85$478.max_value[31:0]$490
    10/12: $1\saturate_to_sample$func$tcn_layer_basic.v:85$478.value[31:0]$489
    11/12: $1\saturate_to_sample$func$tcn_layer_basic.v:85$478.$result[7:0]$488
    12/12: $0\sample_out[7:0]
Creating decoders for process `$paramod$0a25ff292c42449df010e086963b9335a9b9ee0c\tcn_layer_basic.$proc$tcn_layer_basic.v:78$461'.
     1/12: $4\saturate_to_sample$func$tcn_layer_basic.v:85$456.$result[7:0]$477
     2/12: $3\saturate_to_sample$func$tcn_layer_basic.v:85$456.$result[7:0]$475
     3/12: $2\saturate_to_sample$func$tcn_layer_basic.v:85$456.$result[7:0]$470
     4/12: $2\saturate_to_sample$func$tcn_layer_basic.v:85$456.min_value[31:0]$473
     5/12: $2\saturate_to_sample$func$tcn_layer_basic.v:85$456.max_value[31:0]$472
     6/12: $2\saturate_to_sample$func$tcn_layer_basic.v:85$456.value[31:0]$471
     7/12: $0\output_valid[0:0]
     8/12: $1\saturate_to_sample$func$tcn_layer_basic.v:85$456.min_value[31:0]$469
     9/12: $1\saturate_to_sample$func$tcn_layer_basic.v:85$456.max_value[31:0]$468
    10/12: $1\saturate_to_sample$func$tcn_layer_basic.v:85$456.value[31:0]$467
    11/12: $1\saturate_to_sample$func$tcn_layer_basic.v:85$456.$result[7:0]$466
    12/12: $0\sample_out[7:0]
Creating decoders for process `$paramod$7328b9b22ec1a331cb1c0a2531de4854f8687c93\tcn_layer_basic.$proc$tcn_layer_basic.v:78$439'.
     1/12: $4\saturate_to_sample$func$tcn_layer_basic.v:85$434.$result[7:0]$455
     2/12: $3\saturate_to_sample$func$tcn_layer_basic.v:85$434.$result[7:0]$453
     3/12: $2\saturate_to_sample$func$tcn_layer_basic.v:85$434.$result[7:0]$448
     4/12: $2\saturate_to_sample$func$tcn_layer_basic.v:85$434.min_value[31:0]$451
     5/12: $2\saturate_to_sample$func$tcn_layer_basic.v:85$434.max_value[31:0]$450
     6/12: $2\saturate_to_sample$func$tcn_layer_basic.v:85$434.value[31:0]$449
     7/12: $0\output_valid[0:0]
     8/12: $1\saturate_to_sample$func$tcn_layer_basic.v:85$434.min_value[31:0]$447
     9/12: $1\saturate_to_sample$func$tcn_layer_basic.v:85$434.max_value[31:0]$446
    10/12: $1\saturate_to_sample$func$tcn_layer_basic.v:85$434.value[31:0]$445
    11/12: $1\saturate_to_sample$func$tcn_layer_basic.v:85$434.$result[7:0]$444
    12/12: $0\sample_out[7:0]
Creating decoders for process `$paramod$f0977c995a1c6e6f9951f74d2c789fd605a27fbb\conv1d_2mult.$proc$/Users/adarmaori/Desktop/Final$20Project/FPGA/conv1d_2mult.v:36$529'.
     1/16: $2\i[31:0]
     2/16: $0\output_valid[0:0]
     3/16: $1\i[31:0]
     4/16: $0\tap[4][7:0]
     5/16: $0\tap[3][7:0]
     6/16: $0\tap[2][7:0]
     7/16: $0\tap[1][7:0]
     8/16: $0\tap[0][7:0]
     9/16: $0\history[3][7:0]
    10/16: $0\history[2][7:0]
    11/16: $0\history[1][7:0]
    12/16: $0\history[0][7:0]
    13/16: $0\busy[0:0]
    14/16: $0\stage[1:0]
    15/16: $0\acc[31:0]
    16/16: $0\sample_out[31:0]
Creating decoders for process `$paramod$6dd1054ec6052e617ee0ef5180f0d14eca9e90cf\conv1d_2mult.$proc$/Users/adarmaori/Desktop/Final$20Project/FPGA/conv1d_2mult.v:36$515'.
     1/20: $2\i[31:0]
     2/20: $0\output_valid[0:0]
     3/20: $1\i[31:0]
     4/20: $0\history[7][7:0]
     5/20: $0\history[6][7:0]
     6/20: $0\history[5][7:0]
     7/20: $0\history[4][7:0]
     8/20: $0\tap[4][7:0]
     9/20: $0\tap[3][7:0]
    10/20: $0\tap[2][7:0]
    11/20: $0\tap[1][7:0]
    12/20: $0\tap[0][7:0]
    13/20: $0\history[3][7:0]
    14/20: $0\history[2][7:0]
    15/20: $0\history[1][7:0]
    16/20: $0\history[0][7:0]
    17/20: $0\busy[0:0]
    18/20: $0\stage[1:0]
    19/20: $0\acc[31:0]
    20/20: $0\sample_out[31:0]
Creating decoders for process `\SB_DFFNES.$proc$/opt/homebrew/bin/../share/yosys/ice40/cells_sim.v:0$283'.
Creating decoders for process `\SB_DFFNES.$proc$/opt/homebrew/bin/../share/yosys/ice40/cells_sim.v:1414$280'.
     1/1: $0\Q[0:0]
Creating decoders for process `\SB_DFFNESS.$proc$/opt/homebrew/bin/../share/yosys/ice40/cells_sim.v:0$279'.
Creating decoders for process `\SB_DFFNESS.$proc$/opt/homebrew/bin/../share/yosys/ice40/cells_sim.v:1353$273'.
     1/1: $0\Q[0:0]
Creating decoders for process `\SB_DFFNER.$proc$/opt/homebrew/bin/../share/yosys/ice40/cells_sim.v:0$272'.
Creating decoders for process `\SB_DFFNER.$proc$/opt/homebrew/bin/../share/yosys/ice40/cells_sim.v:1273$269'.
     1/1: $0\Q[0:0]
Creating decoders for process `\SB_DFFNESR.$proc$/opt/homebrew/bin/../share/yosys/ice40/cells_sim.v:0$268'.
Creating decoders for process `\SB_DFFNESR.$proc$/opt/homebrew/bin/../share/yosys/ice40/cells_sim.v:1212$262'.
     1/1: $0\Q[0:0]
Creating decoders for process `\SB_DFFNS.$proc$/opt/homebrew/bin/../share/yosys/ice40/cells_sim.v:0$261'.
Creating decoders for process `\SB_DFFNS.$proc$/opt/homebrew/bin/../share/yosys/ice40/cells_sim.v:1138$259'.
     1/1: $0\Q[0:0]
Creating decoders for process `\SB_DFFNSS.$proc$/opt/homebrew/bin/../share/yosys/ice40/cells_sim.v:0$258'.
Creating decoders for process `\SB_DFFNSS.$proc$/opt/homebrew/bin/../share/yosys/ice40/cells_sim.v:1088$256'.
     1/1: $0\Q[0:0]
Creating decoders for process `\SB_DFFNR.$proc$/opt/homebrew/bin/../share/yosys/ice40/cells_sim.v:0$255'.
Creating decoders for process `\SB_DFFNR.$proc$/opt/homebrew/bin/../share/yosys/ice40/cells_sim.v:1017$253'.
     1/1: $0\Q[0:0]
Creating decoders for process `\SB_DFFNSR.$proc$/opt/homebrew/bin/../share/yosys/ice40/cells_sim.v:0$252'.
Creating decoders for process `\SB_DFFNSR.$proc$/opt/homebrew/bin/../share/yosys/ice40/cells_sim.v:967$250'.
     1/1: $0\Q[0:0]
Creating decoders for process `\SB_DFFNE.$proc$/opt/homebrew/bin/../share/yosys/ice40/cells_sim.v:0$249'.
Creating decoders for process `\SB_DFFNE.$proc$/opt/homebrew/bin/../share/yosys/ice40/cells_sim.v:922$248'.
     1/1: $0\Q[0:0]
Creating decoders for process `\SB_DFFN.$proc$/opt/homebrew/bin/../share/yosys/ice40/cells_sim.v:0$247'.
Creating decoders for process `\SB_DFFN.$proc$/opt/homebrew/bin/../share/yosys/ice40/cells_sim.v:882$246'.
Creating decoders for process `\SB_DFFES.$proc$/opt/homebrew/bin/../share/yosys/ice40/cells_sim.v:0$245'.
Creating decoders for process `\SB_DFFES.$proc$/opt/homebrew/bin/../share/yosys/ice40/cells_sim.v:803$242'.
     1/1: $0\Q[0:0]
Creating decoders for process `\SB_DFFESS.$proc$/opt/homebrew/bin/../share/yosys/ice40/cells_sim.v:0$241'.
Creating decoders for process `\SB_DFFESS.$proc$/opt/homebrew/bin/../share/yosys/ice40/cells_sim.v:742$235'.
     1/1: $0\Q[0:0]
Creating decoders for process `\SB_DFFER.$proc$/opt/homebrew/bin/../share/yosys/ice40/cells_sim.v:0$234'.
Creating decoders for process `\SB_DFFER.$proc$/opt/homebrew/bin/../share/yosys/ice40/cells_sim.v:662$231'.
     1/1: $0\Q[0:0]
Creating decoders for process `\SB_DFFESR.$proc$/opt/homebrew/bin/../share/yosys/ice40/cells_sim.v:0$230'.
Creating decoders for process `\SB_DFFESR.$proc$/opt/homebrew/bin/../share/yosys/ice40/cells_sim.v:601$224'.
     1/1: $0\Q[0:0]
Creating decoders for process `\SB_DFFS.$proc$/opt/homebrew/bin/../share/yosys/ice40/cells_sim.v:0$223'.
Creating decoders for process `\SB_DFFS.$proc$/opt/homebrew/bin/../share/yosys/ice40/cells_sim.v:527$221'.
     1/1: $0\Q[0:0]
Creating decoders for process `\SB_DFFSS.$proc$/opt/homebrew/bin/../share/yosys/ice40/cells_sim.v:0$220'.
Creating decoders for process `\SB_DFFSS.$proc$/opt/homebrew/bin/../share/yosys/ice40/cells_sim.v:477$218'.
     1/1: $0\Q[0:0]
Creating decoders for process `\SB_DFFR.$proc$/opt/homebrew/bin/../share/yosys/ice40/cells_sim.v:0$217'.
Creating decoders for process `\SB_DFFR.$proc$/opt/homebrew/bin/../share/yosys/ice40/cells_sim.v:406$215'.
     1/1: $0\Q[0:0]
Creating decoders for process `\SB_DFFSR.$proc$/opt/homebrew/bin/../share/yosys/ice40/cells_sim.v:0$214'.
Creating decoders for process `\SB_DFFSR.$proc$/opt/homebrew/bin/../share/yosys/ice40/cells_sim.v:356$212'.
     1/1: $0\Q[0:0]
Creating decoders for process `\SB_DFFE.$proc$/opt/homebrew/bin/../share/yosys/ice40/cells_sim.v:0$211'.
Creating decoders for process `\SB_DFFE.$proc$/opt/homebrew/bin/../share/yosys/ice40/cells_sim.v:311$210'.
     1/1: $0\Q[0:0]
Creating decoders for process `\SB_DFF.$proc$/opt/homebrew/bin/../share/yosys/ice40/cells_sim.v:0$209'.
Creating decoders for process `\SB_DFF.$proc$/opt/homebrew/bin/../share/yosys/ice40/cells_sim.v:271$208'.
Creating decoders for process `$paramod$38f0b74e4e05acc92674b4673a0da3acfc0611c7\conv1d_2mult.$proc$/Users/adarmaori/Desktop/Final$20Project/FPGA/conv1d_2mult.v:36$501'.
     1/16: $2\i[31:0]
     2/16: $0\output_valid[0:0]
     3/16: $1\i[31:0]
     4/16: $0\tap[4][7:0]
     5/16: $0\tap[3][7:0]
     6/16: $0\tap[2][7:0]
     7/16: $0\tap[1][7:0]
     8/16: $0\tap[0][7:0]
     9/16: $0\history[3][7:0]
    10/16: $0\history[2][7:0]
    11/16: $0\history[1][7:0]
    12/16: $0\history[0][7:0]
    13/16: $0\busy[0:0]
    14/16: $0\stage[1:0]
    15/16: $0\acc[31:0]
    16/16: $0\sample_out[31:0]

5.3.8. Executing PROC_DLATCH pass (convert process syncs to latches).

5.3.9. Executing PROC_DFF pass (convert process syncs to FFs).
Creating register for signal `$paramod$4b6a9377ba56c1579da7dce30c88f2867c4f0712\tcn_layer_basic.\output_valid' using process `$paramod$4b6a9377ba56c1579da7dce30c88f2867c4f0712\tcn_layer_basic.$proc$tcn_layer_basic.v:78$483'.
  created $dff cell `$procdff$1162' with positive edge clock.
Creating register for signal `$paramod$4b6a9377ba56c1579da7dce30c88f2867c4f0712\tcn_layer_basic.\sample_out' using process `$paramod$4b6a9377ba56c1579da7dce30c88f2867c4f0712\tcn_layer_basic.$proc$tcn_layer_basic.v:78$483'.
  created $dff cell `$procdff$1163' with positive edge clock.
Creating register for signal `$paramod$4b6a9377ba56c1579da7dce30c88f2867c4f0712\tcn_layer_basic.\saturate_to_sample$func$tcn_layer_basic.v:85$478.$result' using process `$paramod$4b6a9377ba56c1579da7dce30c88f2867c4f0712\tcn_layer_basic.$proc$tcn_layer_basic.v:78$483'.
  created $dff cell `$procdff$1164' with positive edge clock.
Creating register for signal `$paramod$4b6a9377ba56c1579da7dce30c88f2867c4f0712\tcn_layer_basic.\saturate_to_sample$func$tcn_layer_basic.v:85$478.value' using process `$paramod$4b6a9377ba56c1579da7dce30c88f2867c4f0712\tcn_layer_basic.$proc$tcn_layer_basic.v:78$483'.
  created $dff cell `$procdff$1165' with positive edge clock.
Creating register for signal `$paramod$4b6a9377ba56c1579da7dce30c88f2867c4f0712\tcn_layer_basic.\saturate_to_sample$func$tcn_layer_basic.v:85$478.max_value' using process `$paramod$4b6a9377ba56c1579da7dce30c88f2867c4f0712\tcn_layer_basic.$proc$tcn_layer_basic.v:78$483'.
  created $dff cell `$procdff$1166' with positive edge clock.
Creating register for signal `$paramod$4b6a9377ba56c1579da7dce30c88f2867c4f0712\tcn_layer_basic.\saturate_to_sample$func$tcn_layer_basic.v:85$478.min_value' using process `$paramod$4b6a9377ba56c1579da7dce30c88f2867c4f0712\tcn_layer_basic.$proc$tcn_layer_basic.v:78$483'.
  created $dff cell `$procdff$1167' with positive edge clock.
Creating register for signal `$paramod$0a25ff292c42449df010e086963b9335a9b9ee0c\tcn_layer_basic.\output_valid' using process `$paramod$0a25ff292c42449df010e086963b9335a9b9ee0c\tcn_layer_basic.$proc$tcn_layer_basic.v:78$461'.
  created $dff cell `$procdff$1168' with positive edge clock.
Creating register for signal `$paramod$0a25ff292c42449df010e086963b9335a9b9ee0c\tcn_layer_basic.\sample_out' using process `$paramod$0a25ff292c42449df010e086963b9335a9b9ee0c\tcn_layer_basic.$proc$tcn_layer_basic.v:78$461'.
  created $dff cell `$procdff$1169' with positive edge clock.
Creating register for signal `$paramod$0a25ff292c42449df010e086963b9335a9b9ee0c\tcn_layer_basic.\saturate_to_sample$func$tcn_layer_basic.v:85$456.$result' using process `$paramod$0a25ff292c42449df010e086963b9335a9b9ee0c\tcn_layer_basic.$proc$tcn_layer_basic.v:78$461'.
  created $dff cell `$procdff$1170' with positive edge clock.
Creating register for signal `$paramod$0a25ff292c42449df010e086963b9335a9b9ee0c\tcn_layer_basic.\saturate_to_sample$func$tcn_layer_basic.v:85$456.value' using process `$paramod$0a25ff292c42449df010e086963b9335a9b9ee0c\tcn_layer_basic.$proc$tcn_layer_basic.v:78$461'.
  created $dff cell `$procdff$1171' with positive edge clock.
Creating register for signal `$paramod$0a25ff292c42449df010e086963b9335a9b9ee0c\tcn_layer_basic.\saturate_to_sample$func$tcn_layer_basic.v:85$456.max_value' using process `$paramod$0a25ff292c42449df010e086963b9335a9b9ee0c\tcn_layer_basic.$proc$tcn_layer_basic.v:78$461'.
  created $dff cell `$procdff$1172' with positive edge clock.
Creating register for signal `$paramod$0a25ff292c42449df010e086963b9335a9b9ee0c\tcn_layer_basic.\saturate_to_sample$func$tcn_layer_basic.v:85$456.min_value' using process `$paramod$0a25ff292c42449df010e086963b9335a9b9ee0c\tcn_layer_basic.$proc$tcn_layer_basic.v:78$461'.
  created $dff cell `$procdff$1173' with positive edge clock.
Creating register for signal `$paramod$7328b9b22ec1a331cb1c0a2531de4854f8687c93\tcn_layer_basic.\output_valid' using process `$paramod$7328b9b22ec1a331cb1c0a2531de4854f8687c93\tcn_layer_basic.$proc$tcn_layer_basic.v:78$439'.
  created $dff cell `$procdff$1174' with positive edge clock.
Creating register for signal `$paramod$7328b9b22ec1a331cb1c0a2531de4854f8687c93\tcn_layer_basic.\sample_out' using process `$paramod$7328b9b22ec1a331cb1c0a2531de4854f8687c93\tcn_layer_basic.$proc$tcn_layer_basic.v:78$439'.
  created $dff cell `$procdff$1175' with positive edge clock.
Creating register for signal `$paramod$7328b9b22ec1a331cb1c0a2531de4854f8687c93\tcn_layer_basic.\saturate_to_sample$func$tcn_layer_basic.v:85$434.$result' using process `$paramod$7328b9b22ec1a331cb1c0a2531de4854f8687c93\tcn_layer_basic.$proc$tcn_layer_basic.v:78$439'.
  created $dff cell `$procdff$1176' with positive edge clock.
Creating register for signal `$paramod$7328b9b22ec1a331cb1c0a2531de4854f8687c93\tcn_layer_basic.\saturate_to_sample$func$tcn_layer_basic.v:85$434.value' using process `$paramod$7328b9b22ec1a331cb1c0a2531de4854f8687c93\tcn_layer_basic.$proc$tcn_layer_basic.v:78$439'.
  created $dff cell `$procdff$1177' with positive edge clock.
Creating register for signal `$paramod$7328b9b22ec1a331cb1c0a2531de4854f8687c93\tcn_layer_basic.\saturate_to_sample$func$tcn_layer_basic.v:85$434.max_value' using process `$paramod$7328b9b22ec1a331cb1c0a2531de4854f8687c93\tcn_layer_basic.$proc$tcn_layer_basic.v:78$439'.
  created $dff cell `$procdff$1178' with positive edge clock.
Creating register for signal `$paramod$7328b9b22ec1a331cb1c0a2531de4854f8687c93\tcn_layer_basic.\saturate_to_sample$func$tcn_layer_basic.v:85$434.min_value' using process `$paramod$7328b9b22ec1a331cb1c0a2531de4854f8687c93\tcn_layer_basic.$proc$tcn_layer_basic.v:78$439'.
  created $dff cell `$procdff$1179' with positive edge clock.
Creating register for signal `$paramod$f0977c995a1c6e6f9951f74d2c789fd605a27fbb\conv1d_2mult.\output_valid' using process `$paramod$f0977c995a1c6e6f9951f74d2c789fd605a27fbb\conv1d_2mult.$proc$/Users/adarmaori/Desktop/Final$20Project/FPGA/conv1d_2mult.v:36$529'.
  created $dff cell `$procdff$1180' with positive edge clock.
Creating register for signal `$paramod$f0977c995a1c6e6f9951f74d2c789fd605a27fbb\conv1d_2mult.\sample_out' using process `$paramod$f0977c995a1c6e6f9951f74d2c789fd605a27fbb\conv1d_2mult.$proc$/Users/adarmaori/Desktop/Final$20Project/FPGA/conv1d_2mult.v:36$529'.
  created $dff cell `$procdff$1181' with positive edge clock.
Creating register for signal `$paramod$f0977c995a1c6e6f9951f74d2c789fd605a27fbb\conv1d_2mult.\acc' using process `$paramod$f0977c995a1c6e6f9951f74d2c789fd605a27fbb\conv1d_2mult.$proc$/Users/adarmaori/Desktop/Final$20Project/FPGA/conv1d_2mult.v:36$529'.
  created $dff cell `$procdff$1182' with positive edge clock.
Creating register for signal `$paramod$f0977c995a1c6e6f9951f74d2c789fd605a27fbb\conv1d_2mult.\stage' using process `$paramod$f0977c995a1c6e6f9951f74d2c789fd605a27fbb\conv1d_2mult.$proc$/Users/adarmaori/Desktop/Final$20Project/FPGA/conv1d_2mult.v:36$529'.
  created $dff cell `$procdff$1183' with positive edge clock.
Creating register for signal `$paramod$f0977c995a1c6e6f9951f74d2c789fd605a27fbb\conv1d_2mult.\busy' using process `$paramod$f0977c995a1c6e6f9951f74d2c789fd605a27fbb\conv1d_2mult.$proc$/Users/adarmaori/Desktop/Final$20Project/FPGA/conv1d_2mult.v:36$529'.
  created $dff cell `$procdff$1184' with positive edge clock.
Creating register for signal `$paramod$f0977c995a1c6e6f9951f74d2c789fd605a27fbb\conv1d_2mult.\i' using process `$paramod$f0977c995a1c6e6f9951f74d2c789fd605a27fbb\conv1d_2mult.$proc$/Users/adarmaori/Desktop/Final$20Project/FPGA/conv1d_2mult.v:36$529'.
  created $dff cell `$procdff$1185' with positive edge clock.
Creating register for signal `$paramod$f0977c995a1c6e6f9951f74d2c789fd605a27fbb\conv1d_2mult.\history[0]' using process `$paramod$f0977c995a1c6e6f9951f74d2c789fd605a27fbb\conv1d_2mult.$proc$/Users/adarmaori/Desktop/Final$20Project/FPGA/conv1d_2mult.v:36$529'.
  created $dff cell `$procdff$1186' with positive edge clock.
Creating register for signal `$paramod$f0977c995a1c6e6f9951f74d2c789fd605a27fbb\conv1d_2mult.\history[1]' using process `$paramod$f0977c995a1c6e6f9951f74d2c789fd605a27fbb\conv1d_2mult.$proc$/Users/adarmaori/Desktop/Final$20Project/FPGA/conv1d_2mult.v:36$529'.
  created $dff cell `$procdff$1187' with positive edge clock.
Creating register for signal `$paramod$f0977c995a1c6e6f9951f74d2c789fd605a27fbb\conv1d_2mult.\history[2]' using process `$paramod$f0977c995a1c6e6f9951f74d2c789fd605a27fbb\conv1d_2mult.$proc$/Users/adarmaori/Desktop/Final$20Project/FPGA/conv1d_2mult.v:36$529'.
  created $dff cell `$procdff$1188' with positive edge clock.
Creating register for signal `$paramod$f0977c995a1c6e6f9951f74d2c789fd605a27fbb\conv1d_2mult.\history[3]' using process `$paramod$f0977c995a1c6e6f9951f74d2c789fd605a27fbb\conv1d_2mult.$proc$/Users/adarmaori/Desktop/Final$20Project/FPGA/conv1d_2mult.v:36$529'.
  created $dff cell `$procdff$1189' with positive edge clock.
Creating register for signal `$paramod$f0977c995a1c6e6f9951f74d2c789fd605a27fbb\conv1d_2mult.\tap[0]' using process `$paramod$f0977c995a1c6e6f9951f74d2c789fd605a27fbb\conv1d_2mult.$proc$/Users/adarmaori/Desktop/Final$20Project/FPGA/conv1d_2mult.v:36$529'.
  created $dff cell `$procdff$1190' with positive edge clock.
Creating register for signal `$paramod$f0977c995a1c6e6f9951f74d2c789fd605a27fbb\conv1d_2mult.\tap[1]' using process `$paramod$f0977c995a1c6e6f9951f74d2c789fd605a27fbb\conv1d_2mult.$proc$/Users/adarmaori/Desktop/Final$20Project/FPGA/conv1d_2mult.v:36$529'.
  created $dff cell `$procdff$1191' with positive edge clock.
Creating register for signal `$paramod$f0977c995a1c6e6f9951f74d2c789fd605a27fbb\conv1d_2mult.\tap[2]' using process `$paramod$f0977c995a1c6e6f9951f74d2c789fd605a27fbb\conv1d_2mult.$proc$/Users/adarmaori/Desktop/Final$20Project/FPGA/conv1d_2mult.v:36$529'.
  created $dff cell `$procdff$1192' with positive edge clock.
Creating register for signal `$paramod$f0977c995a1c6e6f9951f74d2c789fd605a27fbb\conv1d_2mult.\tap[3]' using process `$paramod$f0977c995a1c6e6f9951f74d2c789fd605a27fbb\conv1d_2mult.$proc$/Users/adarmaori/Desktop/Final$20Project/FPGA/conv1d_2mult.v:36$529'.
  created $dff cell `$procdff$1193' with positive edge clock.
Creating register for signal `$paramod$f0977c995a1c6e6f9951f74d2c789fd605a27fbb\conv1d_2mult.\tap[4]' using process `$paramod$f0977c995a1c6e6f9951f74d2c789fd605a27fbb\conv1d_2mult.$proc$/Users/adarmaori/Desktop/Final$20Project/FPGA/conv1d_2mult.v:36$529'.
  created $dff cell `$procdff$1194' with positive edge clock.
Creating register for signal `$paramod$6dd1054ec6052e617ee0ef5180f0d14eca9e90cf\conv1d_2mult.\output_valid' using process `$paramod$6dd1054ec6052e617ee0ef5180f0d14eca9e90cf\conv1d_2mult.$proc$/Users/adarmaori/Desktop/Final$20Project/FPGA/conv1d_2mult.v:36$515'.
  created $dff cell `$procdff$1195' with positive edge clock.
Creating register for signal `$paramod$6dd1054ec6052e617ee0ef5180f0d14eca9e90cf\conv1d_2mult.\sample_out' using process `$paramod$6dd1054ec6052e617ee0ef5180f0d14eca9e90cf\conv1d_2mult.$proc$/Users/adarmaori/Desktop/Final$20Project/FPGA/conv1d_2mult.v:36$515'.
  created $dff cell `$procdff$1196' with positive edge clock.
Creating register for signal `$paramod$6dd1054ec6052e617ee0ef5180f0d14eca9e90cf\conv1d_2mult.\acc' using process `$paramod$6dd1054ec6052e617ee0ef5180f0d14eca9e90cf\conv1d_2mult.$proc$/Users/adarmaori/Desktop/Final$20Project/FPGA/conv1d_2mult.v:36$515'.
  created $dff cell `$procdff$1197' with positive edge clock.
Creating register for signal `$paramod$6dd1054ec6052e617ee0ef5180f0d14eca9e90cf\conv1d_2mult.\stage' using process `$paramod$6dd1054ec6052e617ee0ef5180f0d14eca9e90cf\conv1d_2mult.$proc$/Users/adarmaori/Desktop/Final$20Project/FPGA/conv1d_2mult.v:36$515'.
  created $dff cell `$procdff$1198' with positive edge clock.
Creating register for signal `$paramod$6dd1054ec6052e617ee0ef5180f0d14eca9e90cf\conv1d_2mult.\busy' using process `$paramod$6dd1054ec6052e617ee0ef5180f0d14eca9e90cf\conv1d_2mult.$proc$/Users/adarmaori/Desktop/Final$20Project/FPGA/conv1d_2mult.v:36$515'.
  created $dff cell `$procdff$1199' with positive edge clock.
Creating register for signal `$paramod$6dd1054ec6052e617ee0ef5180f0d14eca9e90cf\conv1d_2mult.\i' using process `$paramod$6dd1054ec6052e617ee0ef5180f0d14eca9e90cf\conv1d_2mult.$proc$/Users/adarmaori/Desktop/Final$20Project/FPGA/conv1d_2mult.v:36$515'.
  created $dff cell `$procdff$1200' with positive edge clock.
Creating register for signal `$paramod$6dd1054ec6052e617ee0ef5180f0d14eca9e90cf\conv1d_2mult.\history[0]' using process `$paramod$6dd1054ec6052e617ee0ef5180f0d14eca9e90cf\conv1d_2mult.$proc$/Users/adarmaori/Desktop/Final$20Project/FPGA/conv1d_2mult.v:36$515'.
  created $dff cell `$procdff$1201' with positive edge clock.
Creating register for signal `$paramod$6dd1054ec6052e617ee0ef5180f0d14eca9e90cf\conv1d_2mult.\history[1]' using process `$paramod$6dd1054ec6052e617ee0ef5180f0d14eca9e90cf\conv1d_2mult.$proc$/Users/adarmaori/Desktop/Final$20Project/FPGA/conv1d_2mult.v:36$515'.
  created $dff cell `$procdff$1202' with positive edge clock.
Creating register for signal `$paramod$6dd1054ec6052e617ee0ef5180f0d14eca9e90cf\conv1d_2mult.\history[2]' using process `$paramod$6dd1054ec6052e617ee0ef5180f0d14eca9e90cf\conv1d_2mult.$proc$/Users/adarmaori/Desktop/Final$20Project/FPGA/conv1d_2mult.v:36$515'.
  created $dff cell `$procdff$1203' with positive edge clock.
Creating register for signal `$paramod$6dd1054ec6052e617ee0ef5180f0d14eca9e90cf\conv1d_2mult.\history[3]' using process `$paramod$6dd1054ec6052e617ee0ef5180f0d14eca9e90cf\conv1d_2mult.$proc$/Users/adarmaori/Desktop/Final$20Project/FPGA/conv1d_2mult.v:36$515'.
  created $dff cell `$procdff$1204' with positive edge clock.
Creating register for signal `$paramod$6dd1054ec6052e617ee0ef5180f0d14eca9e90cf\conv1d_2mult.\tap[0]' using process `$paramod$6dd1054ec6052e617ee0ef5180f0d14eca9e90cf\conv1d_2mult.$proc$/Users/adarmaori/Desktop/Final$20Project/FPGA/conv1d_2mult.v:36$515'.
  created $dff cell `$procdff$1205' with positive edge clock.
Creating register for signal `$paramod$6dd1054ec6052e617ee0ef5180f0d14eca9e90cf\conv1d_2mult.\tap[1]' using process `$paramod$6dd1054ec6052e617ee0ef5180f0d14eca9e90cf\conv1d_2mult.$proc$/Users/adarmaori/Desktop/Final$20Project/FPGA/conv1d_2mult.v:36$515'.
  created $dff cell `$procdff$1206' with positive edge clock.
Creating register for signal `$paramod$6dd1054ec6052e617ee0ef5180f0d14eca9e90cf\conv1d_2mult.\tap[2]' using process `$paramod$6dd1054ec6052e617ee0ef5180f0d14eca9e90cf\conv1d_2mult.$proc$/Users/adarmaori/Desktop/Final$20Project/FPGA/conv1d_2mult.v:36$515'.
  created $dff cell `$procdff$1207' with positive edge clock.
Creating register for signal `$paramod$6dd1054ec6052e617ee0ef5180f0d14eca9e90cf\conv1d_2mult.\tap[3]' using process `$paramod$6dd1054ec6052e617ee0ef5180f0d14eca9e90cf\conv1d_2mult.$proc$/Users/adarmaori/Desktop/Final$20Project/FPGA/conv1d_2mult.v:36$515'.
  created $dff cell `$procdff$1208' with positive edge clock.
Creating register for signal `$paramod$6dd1054ec6052e617ee0ef5180f0d14eca9e90cf\conv1d_2mult.\tap[4]' using process `$paramod$6dd1054ec6052e617ee0ef5180f0d14eca9e90cf\conv1d_2mult.$proc$/Users/adarmaori/Desktop/Final$20Project/FPGA/conv1d_2mult.v:36$515'.
  created $dff cell `$procdff$1209' with positive edge clock.
Creating register for signal `$paramod$6dd1054ec6052e617ee0ef5180f0d14eca9e90cf\conv1d_2mult.\history[4]' using process `$paramod$6dd1054ec6052e617ee0ef5180f0d14eca9e90cf\conv1d_2mult.$proc$/Users/adarmaori/Desktop/Final$20Project/FPGA/conv1d_2mult.v:36$515'.
  created $dff cell `$procdff$1210' with positive edge clock.
Creating register for signal `$paramod$6dd1054ec6052e617ee0ef5180f0d14eca9e90cf\conv1d_2mult.\history[5]' using process `$paramod$6dd1054ec6052e617ee0ef5180f0d14eca9e90cf\conv1d_2mult.$proc$/Users/adarmaori/Desktop/Final$20Project/FPGA/conv1d_2mult.v:36$515'.
  created $dff cell `$procdff$1211' with positive edge clock.
Creating register for signal `$paramod$6dd1054ec6052e617ee0ef5180f0d14eca9e90cf\conv1d_2mult.\history[6]' using process `$paramod$6dd1054ec6052e617ee0ef5180f0d14eca9e90cf\conv1d_2mult.$proc$/Users/adarmaori/Desktop/Final$20Project/FPGA/conv1d_2mult.v:36$515'.
  created $dff cell `$procdff$1212' with positive edge clock.
Creating register for signal `$paramod$6dd1054ec6052e617ee0ef5180f0d14eca9e90cf\conv1d_2mult.\history[7]' using process `$paramod$6dd1054ec6052e617ee0ef5180f0d14eca9e90cf\conv1d_2mult.$proc$/Users/adarmaori/Desktop/Final$20Project/FPGA/conv1d_2mult.v:36$515'.
  created $dff cell `$procdff$1213' with positive edge clock.
Creating register for signal `\SB_DFFNES.\Q' using process `\SB_DFFNES.$proc$/opt/homebrew/bin/../share/yosys/ice40/cells_sim.v:1414$280'.
  created $adff cell `$procdff$1214' with negative edge clock and positive level reset.
Creating register for signal `\SB_DFFNESS.\Q' using process `\SB_DFFNESS.$proc$/opt/homebrew/bin/../share/yosys/ice40/cells_sim.v:1353$273'.
  created $dff cell `$procdff$1215' with negative edge clock.
Creating register for signal `\SB_DFFNER.\Q' using process `\SB_DFFNER.$proc$/opt/homebrew/bin/../share/yosys/ice40/cells_sim.v:1273$269'.
  created $adff cell `$procdff$1216' with negative edge clock and positive level reset.
Creating register for signal `\SB_DFFNESR.\Q' using process `\SB_DFFNESR.$proc$/opt/homebrew/bin/../share/yosys/ice40/cells_sim.v:1212$262'.
  created $dff cell `$procdff$1217' with negative edge clock.
Creating register for signal `\SB_DFFNS.\Q' using process `\SB_DFFNS.$proc$/opt/homebrew/bin/../share/yosys/ice40/cells_sim.v:1138$259'.
  created $adff cell `$procdff$1218' with negative edge clock and positive level reset.
Creating register for signal `\SB_DFFNSS.\Q' using process `\SB_DFFNSS.$proc$/opt/homebrew/bin/../share/yosys/ice40/cells_sim.v:1088$256'.
  created $dff cell `$procdff$1219' with negative edge clock.
Creating register for signal `\SB_DFFNR.\Q' using process `\SB_DFFNR.$proc$/opt/homebrew/bin/../share/yosys/ice40/cells_sim.v:1017$253'.
  created $adff cell `$procdff$1220' with negative edge clock and positive level reset.
Creating register for signal `\SB_DFFNSR.\Q' using process `\SB_DFFNSR.$proc$/opt/homebrew/bin/../share/yosys/ice40/cells_sim.v:967$250'.
  created $dff cell `$procdff$1221' with negative edge clock.
Creating register for signal `\SB_DFFNE.\Q' using process `\SB_DFFNE.$proc$/opt/homebrew/bin/../share/yosys/ice40/cells_sim.v:922$248'.
  created $dff cell `$procdff$1222' with negative edge clock.
Creating register for signal `\SB_DFFN.\Q' using process `\SB_DFFN.$proc$/opt/homebrew/bin/../share/yosys/ice40/cells_sim.v:882$246'.
  created $dff cell `$procdff$1223' with negative edge clock.
Creating register for signal `\SB_DFFES.\Q' using process `\SB_DFFES.$proc$/opt/homebrew/bin/../share/yosys/ice40/cells_sim.v:803$242'.
  created $adff cell `$procdff$1224' with positive edge clock and positive level reset.
Creating register for signal `\SB_DFFESS.\Q' using process `\SB_DFFESS.$proc$/opt/homebrew/bin/../share/yosys/ice40/cells_sim.v:742$235'.
  created $dff cell `$procdff$1225' with positive edge clock.
Creating register for signal `\SB_DFFER.\Q' using process `\SB_DFFER.$proc$/opt/homebrew/bin/../share/yosys/ice40/cells_sim.v:662$231'.
  created $adff cell `$procdff$1226' with positive edge clock and positive level reset.
Creating register for signal `\SB_DFFESR.\Q' using process `\SB_DFFESR.$proc$/opt/homebrew/bin/../share/yosys/ice40/cells_sim.v:601$224'.
  created $dff cell `$procdff$1227' with positive edge clock.
Creating register for signal `\SB_DFFS.\Q' using process `\SB_DFFS.$proc$/opt/homebrew/bin/../share/yosys/ice40/cells_sim.v:527$221'.
  created $adff cell `$procdff$1228' with positive edge clock and positive level reset.
Creating register for signal `\SB_DFFSS.\Q' using process `\SB_DFFSS.$proc$/opt/homebrew/bin/../share/yosys/ice40/cells_sim.v:477$218'.
  created $dff cell `$procdff$1229' with positive edge clock.
Creating register for signal `\SB_DFFR.\Q' using process `\SB_DFFR.$proc$/opt/homebrew/bin/../share/yosys/ice40/cells_sim.v:406$215'.
  created $adff cell `$procdff$1230' with positive edge clock and positive level reset.
Creating register for signal `\SB_DFFSR.\Q' using process `\SB_DFFSR.$proc$/opt/homebrew/bin/../share/yosys/ice40/cells_sim.v:356$212'.
  created $dff cell `$procdff$1231' with positive edge clock.
Creating register for signal `\SB_DFFE.\Q' using process `\SB_DFFE.$proc$/opt/homebrew/bin/../share/yosys/ice40/cells_sim.v:311$210'.
  created $dff cell `$procdff$1232' with positive edge clock.
Creating register for signal `\SB_DFF.\Q' using process `\SB_DFF.$proc$/opt/homebrew/bin/../share/yosys/ice40/cells_sim.v:271$208'.
  created $dff cell `$procdff$1233' with positive edge clock.
Creating register for signal `$paramod$38f0b74e4e05acc92674b4673a0da3acfc0611c7\conv1d_2mult.\output_valid' using process `$paramod$38f0b74e4e05acc92674b4673a0da3acfc0611c7\conv1d_2mult.$proc$/Users/adarmaori/Desktop/Final$20Project/FPGA/conv1d_2mult.v:36$501'.
  created $dff cell `$procdff$1234' with positive edge clock.
Creating register for signal `$paramod$38f0b74e4e05acc92674b4673a0da3acfc0611c7\conv1d_2mult.\sample_out' using process `$paramod$38f0b74e4e05acc92674b4673a0da3acfc0611c7\conv1d_2mult.$proc$/Users/adarmaori/Desktop/Final$20Project/FPGA/conv1d_2mult.v:36$501'.
  created $dff cell `$procdff$1235' with positive edge clock.
Creating register for signal `$paramod$38f0b74e4e05acc92674b4673a0da3acfc0611c7\conv1d_2mult.\acc' using process `$paramod$38f0b74e4e05acc92674b4673a0da3acfc0611c7\conv1d_2mult.$proc$/Users/adarmaori/Desktop/Final$20Project/FPGA/conv1d_2mult.v:36$501'.
  created $dff cell `$procdff$1236' with positive edge clock.
Creating register for signal `$paramod$38f0b74e4e05acc92674b4673a0da3acfc0611c7\conv1d_2mult.\stage' using process `$paramod$38f0b74e4e05acc92674b4673a0da3acfc0611c7\conv1d_2mult.$proc$/Users/adarmaori/Desktop/Final$20Project/FPGA/conv1d_2mult.v:36$501'.
  created $dff cell `$procdff$1237' with positive edge clock.
Creating register for signal `$paramod$38f0b74e4e05acc92674b4673a0da3acfc0611c7\conv1d_2mult.\busy' using process `$paramod$38f0b74e4e05acc92674b4673a0da3acfc0611c7\conv1d_2mult.$proc$/Users/adarmaori/Desktop/Final$20Project/FPGA/conv1d_2mult.v:36$501'.
  created $dff cell `$procdff$1238' with positive edge clock.
Creating register for signal `$paramod$38f0b74e4e05acc92674b4673a0da3acfc0611c7\conv1d_2mult.\i' using process `$paramod$38f0b74e4e05acc92674b4673a0da3acfc0611c7\conv1d_2mult.$proc$/Users/adarmaori/Desktop/Final$20Project/FPGA/conv1d_2mult.v:36$501'.
  created $dff cell `$procdff$1239' with positive edge clock.
Creating register for signal `$paramod$38f0b74e4e05acc92674b4673a0da3acfc0611c7\conv1d_2mult.\history[0]' using process `$paramod$38f0b74e4e05acc92674b4673a0da3acfc0611c7\conv1d_2mult.$proc$/Users/adarmaori/Desktop/Final$20Project/FPGA/conv1d_2mult.v:36$501'.
  created $dff cell `$procdff$1240' with positive edge clock.
Creating register for signal `$paramod$38f0b74e4e05acc92674b4673a0da3acfc0611c7\conv1d_2mult.\history[1]' using process `$paramod$38f0b74e4e05acc92674b4673a0da3acfc0611c7\conv1d_2mult.$proc$/Users/adarmaori/Desktop/Final$20Project/FPGA/conv1d_2mult.v:36$501'.
  created $dff cell `$procdff$1241' with positive edge clock.
Creating register for signal `$paramod$38f0b74e4e05acc92674b4673a0da3acfc0611c7\conv1d_2mult.\history[2]' using process `$paramod$38f0b74e4e05acc92674b4673a0da3acfc0611c7\conv1d_2mult.$proc$/Users/adarmaori/Desktop/Final$20Project/FPGA/conv1d_2mult.v:36$501'.
  created $dff cell `$procdff$1242' with positive edge clock.
Creating register for signal `$paramod$38f0b74e4e05acc92674b4673a0da3acfc0611c7\conv1d_2mult.\history[3]' using process `$paramod$38f0b74e4e05acc92674b4673a0da3acfc0611c7\conv1d_2mult.$proc$/Users/adarmaori/Desktop/Final$20Project/FPGA/conv1d_2mult.v:36$501'.
  created $dff cell `$procdff$1243' with positive edge clock.
Creating register for signal `$paramod$38f0b74e4e05acc92674b4673a0da3acfc0611c7\conv1d_2mult.\tap[0]' using process `$paramod$38f0b74e4e05acc92674b4673a0da3acfc0611c7\conv1d_2mult.$proc$/Users/adarmaori/Desktop/Final$20Project/FPGA/conv1d_2mult.v:36$501'.
  created $dff cell `$procdff$1244' with positive edge clock.
Creating register for signal `$paramod$38f0b74e4e05acc92674b4673a0da3acfc0611c7\conv1d_2mult.\tap[1]' using process `$paramod$38f0b74e4e05acc92674b4673a0da3acfc0611c7\conv1d_2mult.$proc$/Users/adarmaori/Desktop/Final$20Project/FPGA/conv1d_2mult.v:36$501'.
  created $dff cell `$procdff$1245' with positive edge clock.
Creating register for signal `$paramod$38f0b74e4e05acc92674b4673a0da3acfc0611c7\conv1d_2mult.\tap[2]' using process `$paramod$38f0b74e4e05acc92674b4673a0da3acfc0611c7\conv1d_2mult.$proc$/Users/adarmaori/Desktop/Final$20Project/FPGA/conv1d_2mult.v:36$501'.
  created $dff cell `$procdff$1246' with positive edge clock.
Creating register for signal `$paramod$38f0b74e4e05acc92674b4673a0da3acfc0611c7\conv1d_2mult.\tap[3]' using process `$paramod$38f0b74e4e05acc92674b4673a0da3acfc0611c7\conv1d_2mult.$proc$/Users/adarmaori/Desktop/Final$20Project/FPGA/conv1d_2mult.v:36$501'.
  created $dff cell `$procdff$1247' with positive edge clock.
Creating register for signal `$paramod$38f0b74e4e05acc92674b4673a0da3acfc0611c7\conv1d_2mult.\tap[4]' using process `$paramod$38f0b74e4e05acc92674b4673a0da3acfc0611c7\conv1d_2mult.$proc$/Users/adarmaori/Desktop/Final$20Project/FPGA/conv1d_2mult.v:36$501'.
  created $dff cell `$procdff$1248' with positive edge clock.

5.3.10. Executing PROC_MEMWR pass (convert process memory writes to cells).

5.3.11. Executing PROC_CLEAN pass (remove empty switches from decision trees).
Found and cleaned up 4 empty switches in `$paramod$4b6a9377ba56c1579da7dce30c88f2867c4f0712\tcn_layer_basic.$proc$tcn_layer_basic.v:78$483'.
Removing empty process `$paramod$4b6a9377ba56c1579da7dce30c88f2867c4f0712\tcn_layer_basic.$proc$tcn_layer_basic.v:78$483'.
Found and cleaned up 4 empty switches in `$paramod$0a25ff292c42449df010e086963b9335a9b9ee0c\tcn_layer_basic.$proc$tcn_layer_basic.v:78$461'.
Removing empty process `$paramod$0a25ff292c42449df010e086963b9335a9b9ee0c\tcn_layer_basic.$proc$tcn_layer_basic.v:78$461'.
Found and cleaned up 4 empty switches in `$paramod$7328b9b22ec1a331cb1c0a2531de4854f8687c93\tcn_layer_basic.$proc$tcn_layer_basic.v:78$439'.
Removing empty process `$paramod$7328b9b22ec1a331cb1c0a2531de4854f8687c93\tcn_layer_basic.$proc$tcn_layer_basic.v:78$439'.
Found and cleaned up 4 empty switches in `$paramod$f0977c995a1c6e6f9951f74d2c789fd605a27fbb\conv1d_2mult.$proc$/Users/adarmaori/Desktop/Final$20Project/FPGA/conv1d_2mult.v:36$529'.
Removing empty process `$paramod$f0977c995a1c6e6f9951f74d2c789fd605a27fbb\conv1d_2mult.$proc$/Users/adarmaori/Desktop/Final$20Project/FPGA/conv1d_2mult.v:36$529'.
Found and cleaned up 4 empty switches in `$paramod$6dd1054ec6052e617ee0ef5180f0d14eca9e90cf\conv1d_2mult.$proc$/Users/adarmaori/Desktop/Final$20Project/FPGA/conv1d_2mult.v:36$515'.
Removing empty process `$paramod$6dd1054ec6052e617ee0ef5180f0d14eca9e90cf\conv1d_2mult.$proc$/Users/adarmaori/Desktop/Final$20Project/FPGA/conv1d_2mult.v:36$515'.
Removing empty process `SB_DFFNES.$proc$/opt/homebrew/bin/../share/yosys/ice40/cells_sim.v:0$283'.
Found and cleaned up 1 empty switch in `\SB_DFFNES.$proc$/opt/homebrew/bin/../share/yosys/ice40/cells_sim.v:1414$280'.
Removing empty process `SB_DFFNES.$proc$/opt/homebrew/bin/../share/yosys/ice40/cells_sim.v:1414$280'.
Removing empty process `SB_DFFNESS.$proc$/opt/homebrew/bin/../share/yosys/ice40/cells_sim.v:0$279'.
Found and cleaned up 2 empty switches in `\SB_DFFNESS.$proc$/opt/homebrew/bin/../share/yosys/ice40/cells_sim.v:1353$273'.
Removing empty process `SB_DFFNESS.$proc$/opt/homebrew/bin/../share/yosys/ice40/cells_sim.v:1353$273'.
Removing empty process `SB_DFFNER.$proc$/opt/homebrew/bin/../share/yosys/ice40/cells_sim.v:0$272'.
Found and cleaned up 1 empty switch in `\SB_DFFNER.$proc$/opt/homebrew/bin/../share/yosys/ice40/cells_sim.v:1273$269'.
Removing empty process `SB_DFFNER.$proc$/opt/homebrew/bin/../share/yosys/ice40/cells_sim.v:1273$269'.
Removing empty process `SB_DFFNESR.$proc$/opt/homebrew/bin/../share/yosys/ice40/cells_sim.v:0$268'.
Found and cleaned up 2 empty switches in `\SB_DFFNESR.$proc$/opt/homebrew/bin/../share/yosys/ice40/cells_sim.v:1212$262'.
Removing empty process `SB_DFFNESR.$proc$/opt/homebrew/bin/../share/yosys/ice40/cells_sim.v:1212$262'.
Removing empty process `SB_DFFNS.$proc$/opt/homebrew/bin/../share/yosys/ice40/cells_sim.v:0$261'.
Removing empty process `SB_DFFNS.$proc$/opt/homebrew/bin/../share/yosys/ice40/cells_sim.v:1138$259'.
Removing empty process `SB_DFFNSS.$proc$/opt/homebrew/bin/../share/yosys/ice40/cells_sim.v:0$258'.
Found and cleaned up 1 empty switch in `\SB_DFFNSS.$proc$/opt/homebrew/bin/../share/yosys/ice40/cells_sim.v:1088$256'.
Removing empty process `SB_DFFNSS.$proc$/opt/homebrew/bin/../share/yosys/ice40/cells_sim.v:1088$256'.
Removing empty process `SB_DFFNR.$proc$/opt/homebrew/bin/../share/yosys/ice40/cells_sim.v:0$255'.
Removing empty process `SB_DFFNR.$proc$/opt/homebrew/bin/../share/yosys/ice40/cells_sim.v:1017$253'.
Removing empty process `SB_DFFNSR.$proc$/opt/homebrew/bin/../share/yosys/ice40/cells_sim.v:0$252'.
Found and cleaned up 1 empty switch in `\SB_DFFNSR.$proc$/opt/homebrew/bin/../share/yosys/ice40/cells_sim.v:967$250'.
Removing empty process `SB_DFFNSR.$proc$/opt/homebrew/bin/../share/yosys/ice40/cells_sim.v:967$250'.
Removing empty process `SB_DFFNE.$proc$/opt/homebrew/bin/../share/yosys/ice40/cells_sim.v:0$249'.
Found and cleaned up 1 empty switch in `\SB_DFFNE.$proc$/opt/homebrew/bin/../share/yosys/ice40/cells_sim.v:922$248'.
Removing empty process `SB_DFFNE.$proc$/opt/homebrew/bin/../share/yosys/ice40/cells_sim.v:922$248'.
Removing empty process `SB_DFFN.$proc$/opt/homebrew/bin/../share/yosys/ice40/cells_sim.v:0$247'.
Removing empty process `SB_DFFN.$proc$/opt/homebrew/bin/../share/yosys/ice40/cells_sim.v:882$246'.
Removing empty process `SB_DFFES.$proc$/opt/homebrew/bin/../share/yosys/ice40/cells_sim.v:0$245'.
Found and cleaned up 1 empty switch in `\SB_DFFES.$proc$/opt/homebrew/bin/../share/yosys/ice40/cells_sim.v:803$242'.
Removing empty process `SB_DFFES.$proc$/opt/homebrew/bin/../share/yosys/ice40/cells_sim.v:803$242'.
Removing empty process `SB_DFFESS.$proc$/opt/homebrew/bin/../share/yosys/ice40/cells_sim.v:0$241'.
Found and cleaned up 2 empty switches in `\SB_DFFESS.$proc$/opt/homebrew/bin/../share/yosys/ice40/cells_sim.v:742$235'.
Removing empty process `SB_DFFESS.$proc$/opt/homebrew/bin/../share/yosys/ice40/cells_sim.v:742$235'.
Removing empty process `SB_DFFER.$proc$/opt/homebrew/bin/../share/yosys/ice40/cells_sim.v:0$234'.
Found and cleaned up 1 empty switch in `\SB_DFFER.$proc$/opt/homebrew/bin/../share/yosys/ice40/cells_sim.v:662$231'.
Removing empty process `SB_DFFER.$proc$/opt/homebrew/bin/../share/yosys/ice40/cells_sim.v:662$231'.
Removing empty process `SB_DFFESR.$proc$/opt/homebrew/bin/../share/yosys/ice40/cells_sim.v:0$230'.
Found and cleaned up 2 empty switches in `\SB_DFFESR.$proc$/opt/homebrew/bin/../share/yosys/ice40/cells_sim.v:601$224'.
Removing empty process `SB_DFFESR.$proc$/opt/homebrew/bin/../share/yosys/ice40/cells_sim.v:601$224'.
Removing empty process `SB_DFFS.$proc$/opt/homebrew/bin/../share/yosys/ice40/cells_sim.v:0$223'.
Removing empty process `SB_DFFS.$proc$/opt/homebrew/bin/../share/yosys/ice40/cells_sim.v:527$221'.
Removing empty process `SB_DFFSS.$proc$/opt/homebrew/bin/../share/yosys/ice40/cells_sim.v:0$220'.
Found and cleaned up 1 empty switch in `\SB_DFFSS.$proc$/opt/homebrew/bin/../share/yosys/ice40/cells_sim.v:477$218'.
Removing empty process `SB_DFFSS.$proc$/opt/homebrew/bin/../share/yosys/ice40/cells_sim.v:477$218'.
Removing empty process `SB_DFFR.$proc$/opt/homebrew/bin/../share/yosys/ice40/cells_sim.v:0$217'.
Removing empty process `SB_DFFR.$proc$/opt/homebrew/bin/../share/yosys/ice40/cells_sim.v:406$215'.
Removing empty process `SB_DFFSR.$proc$/opt/homebrew/bin/../share/yosys/ice40/cells_sim.v:0$214'.
Found and cleaned up 1 empty switch in `\SB_DFFSR.$proc$/opt/homebrew/bin/../share/yosys/ice40/cells_sim.v:356$212'.
Removing empty process `SB_DFFSR.$proc$/opt/homebrew/bin/../share/yosys/ice40/cells_sim.v:356$212'.
Removing empty process `SB_DFFE.$proc$/opt/homebrew/bin/../share/yosys/ice40/cells_sim.v:0$211'.
Found and cleaned up 1 empty switch in `\SB_DFFE.$proc$/opt/homebrew/bin/../share/yosys/ice40/cells_sim.v:311$210'.
Removing empty process `SB_DFFE.$proc$/opt/homebrew/bin/../share/yosys/ice40/cells_sim.v:311$210'.
Removing empty process `SB_DFF.$proc$/opt/homebrew/bin/../share/yosys/ice40/cells_sim.v:0$209'.
Removing empty process `SB_DFF.$proc$/opt/homebrew/bin/../share/yosys/ice40/cells_sim.v:271$208'.
Found and cleaned up 4 empty switches in `$paramod$38f0b74e4e05acc92674b4673a0da3acfc0611c7\conv1d_2mult.$proc$/Users/adarmaori/Desktop/Final$20Project/FPGA/conv1d_2mult.v:36$501'.
Removing empty process `$paramod$38f0b74e4e05acc92674b4673a0da3acfc0611c7\conv1d_2mult.$proc$/Users/adarmaori/Desktop/Final$20Project/FPGA/conv1d_2mult.v:36$501'.
Cleaned up 42 empty switches.

5.3.12. Executing OPT_EXPR pass (perform const folding).
Optimizing module $paramod$38f0b74e4e05acc92674b4673a0da3acfc0611c7\conv1d_engine.
Optimizing module $paramod$4b6a9377ba56c1579da7dce30c88f2867c4f0712\tcn_layer_basic.
<suppressed ~1 debug messages>
Optimizing module $paramod$0a25ff292c42449df010e086963b9335a9b9ee0c\tcn_layer_basic.
<suppressed ~1 debug messages>
Optimizing module $paramod$7328b9b22ec1a331cb1c0a2531de4854f8687c93\tcn_layer_basic.
<suppressed ~1 debug messages>
Optimizing module $paramod$f0977c995a1c6e6f9951f74d2c789fd605a27fbb\conv1d_2mult.
Optimizing module $paramod$6dd1054ec6052e617ee0ef5180f0d14eca9e90cf\conv1d_2mult.
Optimizing module tcn_network_basic.
Optimizing module $paramod$38f0b74e4e05acc92674b4673a0da3acfc0611c7\conv1d_2mult.
Optimizing module $paramod$f0977c995a1c6e6f9951f74d2c789fd605a27fbb\conv1d_engine.
Optimizing module $paramod$6dd1054ec6052e617ee0ef5180f0d14eca9e90cf\conv1d_engine.

5.4. Executing FLATTEN pass (flatten design).
Deleting now unused module $paramod$38f0b74e4e05acc92674b4673a0da3acfc0611c7\conv1d_engine.
Deleting now unused module $paramod$4b6a9377ba56c1579da7dce30c88f2867c4f0712\tcn_layer_basic.
Deleting now unused module $paramod$0a25ff292c42449df010e086963b9335a9b9ee0c\tcn_layer_basic.
Deleting now unused module $paramod$7328b9b22ec1a331cb1c0a2531de4854f8687c93\tcn_layer_basic.
Deleting now unused module $paramod$f0977c995a1c6e6f9951f74d2c789fd605a27fbb\conv1d_2mult.
Deleting now unused module $paramod$6dd1054ec6052e617ee0ef5180f0d14eca9e90cf\conv1d_2mult.
Deleting now unused module $paramod$38f0b74e4e05acc92674b4673a0da3acfc0611c7\conv1d_2mult.
Deleting now unused module $paramod$f0977c995a1c6e6f9951f74d2c789fd605a27fbb\conv1d_engine.
Deleting now unused module $paramod$6dd1054ec6052e617ee0ef5180f0d14eca9e90cf\conv1d_engine.
<suppressed ~9 debug messages>

5.5. Executing TRIBUF pass.

5.6. Executing DEMINOUT pass (demote inout ports to input or output).

5.7. Executing OPT_EXPR pass (perform const folding).
Optimizing module tcn_network_basic.
<suppressed ~31 debug messages>

5.8. Executing OPT_CLEAN pass (remove unused cells and wires).
Finding unused cells or wires in module \tcn_network_basic..
Removed 131 unused cells and 447 unused wires.
<suppressed ~178 debug messages>

5.9. Executing CHECK pass (checking for obvious problems).
Checking module tcn_network_basic...
Found and reported 0 problems.

5.10. Executing OPT pass (performing simple optimizations).

5.10.1. Executing OPT_EXPR pass (perform const folding).
Optimizing module tcn_network_basic.
<suppressed ~2 debug messages>

5.10.2. Executing OPT_MERGE pass (detect identical cells).
Finding identical cells in module `\tcn_network_basic'.
<suppressed ~39 debug messages>
Removed a total of 13 cells.

5.10.3. Executing OPT_MUXTREE pass (detect dead branches in mux trees).
Running muxtree optimizer on module \tcn_network_basic..
  Creating internal representation of mux trees.
  Evaluating internal representation of mux trees.
      Replacing known input bits on port A of cell $flatten\layer0.\conv.\impl.$procmux$817: \layer0.conv.impl.busy -> 1'0
      Replacing known input bits on port B of cell $flatten\layer0.\conv.\impl.$procmux$815: \layer0.conv.impl.busy -> 1'1
      Replacing known input bits on port A of cell $flatten\layer1.\conv.\impl.$procmux$959: \layer1.conv.impl.busy -> 1'0
      Replacing known input bits on port B of cell $flatten\layer1.\conv.\impl.$procmux$957: \layer1.conv.impl.busy -> 1'1
      Replacing known input bits on port A of cell $flatten\output_layer.\conv.\impl.$procmux$1121: \output_layer.conv.impl.busy -> 1'0
      Replacing known input bits on port B of cell $flatten\output_layer.\conv.\impl.$procmux$1119: \output_layer.conv.impl.busy -> 1'1
  Analyzing evaluation results.
    dead port 1/2 on $mux $flatten\layer1.$procmux$613.
    dead port 2/2 on $mux $flatten\layer1.$procmux$615.
    dead port 1/2 on $mux $flatten\layer1.$procmux$618.
    dead port 2/2 on $mux $flatten\layer1.$procmux$624.
    dead port 1/2 on $mux $flatten\layer1.$procmux$627.
    dead port 1/2 on $mux $flatten\layer0.$procmux$547.
    dead port 2/2 on $mux $flatten\layer0.$procmux$549.
    dead port 1/2 on $mux $flatten\layer0.$procmux$552.
    dead port 1/2 on $mux $flatten\output_layer.$procmux$679.
    dead port 2/2 on $mux $flatten\output_layer.$procmux$681.
    dead port 1/2 on $mux $flatten\output_layer.$procmux$684.
    dead port 2/2 on $mux $flatten\output_layer.$procmux$690.
    dead port 1/2 on $mux $flatten\output_layer.$procmux$693.
    dead port 2/2 on $mux $flatten\layer0.$procmux$558.
    dead port 1/2 on $mux $flatten\layer0.$procmux$561.
Removed 15 multiplexer ports.
<suppressed ~32 debug messages>

5.10.4. Executing OPT_REDUCE pass (consolidate $*mux and $reduce_* inputs).
  Optimizing cells in module \tcn_network_basic.
Performed a total of 0 changes.

5.10.5. Executing OPT_MERGE pass (detect identical cells).
Finding identical cells in module `\tcn_network_basic'.
Removed a total of 0 cells.

5.10.6. Executing OPT_DFF pass (perform DFF optimizations).

5.10.7. Executing OPT_CLEAN pass (remove unused cells and wires).
Finding unused cells or wires in module \tcn_network_basic..
Removed 0 unused cells and 40 unused wires.
<suppressed ~11 debug messages>

5.10.8. Executing OPT_EXPR pass (perform const folding).
Optimizing module tcn_network_basic.

5.10.9. Rerunning OPT passes. (Maybe there is more to do..)

5.10.10. Executing OPT_MUXTREE pass (detect dead branches in mux trees).
Running muxtree optimizer on module \tcn_network_basic..
  Creating internal representation of mux trees.
  Evaluating internal representation of mux trees.
  Analyzing evaluation results.
Removed 0 multiplexer ports.
<suppressed ~32 debug messages>

5.10.11. Executing OPT_REDUCE pass (consolidate $*mux and $reduce_* inputs).
  Optimizing cells in module \tcn_network_basic.
Performed a total of 0 changes.

5.10.12. Executing OPT_MERGE pass (detect identical cells).
Finding identical cells in module `\tcn_network_basic'.
Removed a total of 0 cells.

5.10.13. Executing OPT_DFF pass (perform DFF optimizations).

5.10.14. Executing OPT_CLEAN pass (remove unused cells and wires).
Finding unused cells or wires in module \tcn_network_basic..

5.10.15. Executing OPT_EXPR pass (perform const folding).
Optimizing module tcn_network_basic.

5.10.16. Finished OPT passes. (There is nothing left to do.)

5.11. Executing FSM pass (extract and optimize FSM).

5.11.1. Executing FSM_DETECT pass (finding FSMs in design).
Found FSM state register tcn_network_basic.layer0.conv.impl.stage.
Found FSM state register tcn_network_basic.layer1.conv.impl.stage.
Found FSM state register tcn_network_basic.output_layer.conv.impl.stage.

5.11.2. Executing FSM_EXTRACT pass (extracting FSM from design).
Extracting FSM `\layer0.conv.impl.stage' from module `\tcn_network_basic'.
  found $dff cell for state register: $flatten\layer0.\conv.\impl.$procdff$1183
  root of input selection tree: $flatten\layer0.\conv.\impl.$0\stage[1:0]
  found reset state: 2'00 (guessed from mux tree)
  found ctrl input: \rst
  found ctrl input: $flatten\layer0.\conv.\impl.$logic_and$/Users/adarmaori/Desktop/Final$20Project/FPGA/conv1d_2mult.v:52$531_Y
  found ctrl input: \layer0.conv.impl.busy
  found ctrl input: $flatten\layer0.\conv.\impl.$procmux$748_CMP
  found state code: 2'00
  found state code: 2'10
  found state code: 2'01
  found ctrl output: $flatten\layer0.\conv.\impl.$procmux$748_CMP
  ctrl inputs: { \layer0.conv.impl.busy $flatten\layer0.\conv.\impl.$logic_and$/Users/adarmaori/Desktop/Final$20Project/FPGA/conv1d_2mult.v:52$531_Y \rst }
  ctrl outputs: { $flatten\layer0.\conv.\impl.$0\stage[1:0] $flatten\layer0.\conv.\impl.$procmux$748_CMP }
  transition:       2'00 3'000 ->       2'00 3'000
  transition:       2'00 3'100 ->       2'00 3'000
  transition:       2'00 3'-10 ->       2'01 3'010
  transition:       2'00 3'--1 ->       2'00 3'000
  transition:       2'10 3'000 ->       2'10 3'100
  transition:       2'10 3'100 ->       2'00 3'000
  transition:       2'10 3'-10 ->       2'01 3'010
  transition:       2'10 3'--1 ->       2'00 3'000
  transition:       2'01 3'000 ->       2'01 3'011
  transition:       2'01 3'100 ->       2'10 3'101
  transition:       2'01 3'-10 ->       2'01 3'011
  transition:       2'01 3'--1 ->       2'00 3'001
Extracting FSM `\layer1.conv.impl.stage' from module `\tcn_network_basic'.
  found $dff cell for state register: $flatten\layer1.\conv.\impl.$procdff$1198
  root of input selection tree: $flatten\layer1.\conv.\impl.$0\stage[1:0]
  found reset state: 2'00 (guessed from mux tree)
  found ctrl input: \rst
  found ctrl input: $flatten\layer1.\conv.\impl.$logic_and$/Users/adarmaori/Desktop/Final$20Project/FPGA/conv1d_2mult.v:52$517_Y
  found ctrl input: \layer1.conv.impl.busy
  found ctrl input: $flatten\layer1.\conv.\impl.$procmux$866_CMP
  found state code: 2'00
  found state code: 2'10
  found state code: 2'01
  found ctrl output: $flatten\layer1.\conv.\impl.$procmux$866_CMP
  ctrl inputs: { \layer1.conv.impl.busy $flatten\layer1.\conv.\impl.$logic_and$/Users/adarmaori/Desktop/Final$20Project/FPGA/conv1d_2mult.v:52$517_Y \rst }
  ctrl outputs: { $flatten\layer1.\conv.\impl.$0\stage[1:0] $flatten\layer1.\conv.\impl.$procmux$866_CMP }
  transition:       2'00 3'000 ->       2'00 3'000
  transition:       2'00 3'100 ->       2'00 3'000
  transition:       2'00 3'-10 ->       2'01 3'010
  transition:       2'00 3'--1 ->       2'00 3'000
  transition:       2'10 3'000 ->       2'10 3'100
  transition:       2'10 3'100 ->       2'00 3'000
  transition:       2'10 3'-10 ->       2'01 3'010
  transition:       2'10 3'--1 ->       2'00 3'000
  transition:       2'01 3'000 ->       2'01 3'011
  transition:       2'01 3'100 ->       2'10 3'101
  transition:       2'01 3'-10 ->       2'01 3'011
  transition:       2'01 3'--1 ->       2'00 3'001
Extracting FSM `\output_layer.conv.impl.stage' from module `\tcn_network_basic'.
  found $dff cell for state register: $flatten\output_layer.\conv.\impl.$procdff$1237
  root of input selection tree: $flatten\output_layer.\conv.\impl.$0\stage[1:0]
  found reset state: 2'00 (guessed from mux tree)
  found ctrl input: \rst
  found ctrl input: $flatten\output_layer.\conv.\impl.$logic_and$/Users/adarmaori/Desktop/Final$20Project/FPGA/conv1d_2mult.v:52$503_Y
  found ctrl input: \output_layer.conv.impl.busy
  found ctrl input: $flatten\output_layer.\conv.\impl.$procmux$1052_CMP
  found state code: 2'00
  found state code: 2'10
  found state code: 2'01
  found ctrl output: $flatten\output_layer.\conv.\impl.$procmux$1052_CMP
  ctrl inputs: { \output_layer.conv.impl.busy $flatten\output_layer.\conv.\impl.$logic_and$/Users/adarmaori/Desktop/Final$20Project/FPGA/conv1d_2mult.v:52$503_Y \rst }
  ctrl outputs: { $flatten\output_layer.\conv.\impl.$0\stage[1:0] $flatten\output_layer.\conv.\impl.$procmux$1052_CMP }
  transition:       2'00 3'000 ->       2'00 3'000
  transition:       2'00 3'100 ->       2'00 3'000
  transition:       2'00 3'-10 ->       2'01 3'010
  transition:       2'00 3'--1 ->       2'00 3'000
  transition:       2'10 3'000 ->       2'10 3'100
  transition:       2'10 3'100 ->       2'00 3'000
  transition:       2'10 3'-10 ->       2'01 3'010
  transition:       2'10 3'--1 ->       2'00 3'000
  transition:       2'01 3'000 ->       2'01 3'011
  transition:       2'01 3'100 ->       2'10 3'101
  transition:       2'01 3'-10 ->       2'01 3'011
  transition:       2'01 3'--1 ->       2'00 3'001

5.11.3. Executing FSM_OPT pass (simple optimizations of FSMs).
Optimizing FSM `$fsm$\output_layer.conv.impl.stage$1264' from module `\tcn_network_basic'.
  Merging pattern 3'000 and 3'100 from group (0 0 3'000).
  Merging pattern 3'100 and 3'000 from group (0 0 3'000).
Optimizing FSM `$fsm$\layer1.conv.impl.stage$1261' from module `\tcn_network_basic'.
  Merging pattern 3'000 and 3'100 from group (0 0 3'000).
  Merging pattern 3'100 and 3'000 from group (0 0 3'000).
Optimizing FSM `$fsm$\layer0.conv.impl.stage$1258' from module `\tcn_network_basic'.
  Merging pattern 3'000 and 3'100 from group (0 0 3'000).
  Merging pattern 3'100 and 3'000 from group (0 0 3'000).

5.11.4. Executing OPT_CLEAN pass (remove unused cells and wires).
Finding unused cells or wires in module \tcn_network_basic..
Removed 18 unused cells and 18 unused wires.
<suppressed ~19 debug messages>

5.11.5. Executing FSM_OPT pass (simple optimizations of FSMs).
Optimizing FSM `$fsm$\layer0.conv.impl.stage$1258' from module `\tcn_network_basic'.
  Removing unused output signal $flatten\layer0.\conv.\impl.$0\stage[1:0] [0].
  Removing unused output signal $flatten\layer0.\conv.\impl.$0\stage[1:0] [1].
Optimizing FSM `$fsm$\layer1.conv.impl.stage$1261' from module `\tcn_network_basic'.
  Removing unused output signal $flatten\layer1.\conv.\impl.$0\stage[1:0] [0].
  Removing unused output signal $flatten\layer1.\conv.\impl.$0\stage[1:0] [1].
Optimizing FSM `$fsm$\output_layer.conv.impl.stage$1264' from module `\tcn_network_basic'.
  Removing unused output signal $flatten\output_layer.\conv.\impl.$0\stage[1:0] [0].
  Removing unused output signal $flatten\output_layer.\conv.\impl.$0\stage[1:0] [1].

5.11.6. Executing FSM_RECODE pass (re-assigning FSM state encoding).
Recoding FSM `$fsm$\layer0.conv.impl.stage$1258' from module `\tcn_network_basic' using `auto' encoding:
  mapping auto encoding to `one-hot` for this FSM.
  00 -> --1
  10 -> -1-
  01 -> 1--
Recoding FSM `$fsm$\layer1.conv.impl.stage$1261' from module `\tcn_network_basic' using `auto' encoding:
  mapping auto encoding to `one-hot` for this FSM.
  00 -> --1
  10 -> -1-
  01 -> 1--
Recoding FSM `$fsm$\output_layer.conv.impl.stage$1264' from module `\tcn_network_basic' using `auto' encoding:
  mapping auto encoding to `one-hot` for this FSM.
  00 -> --1
  10 -> -1-
  01 -> 1--

5.11.7. Executing FSM_INFO pass (dumping all available information on FSM cells).

FSM `$fsm$\layer0.conv.impl.stage$1258' from module `tcn_network_basic':
-------------------------------------

  Information on FSM $fsm$\layer0.conv.impl.stage$1258 (\layer0.conv.impl.stage):

  Number of input signals:    3
  Number of output signals:   1
  Number of state bits:       3

  Input signals:
    0: \rst
    1: $flatten\layer0.\conv.\impl.$logic_and$/Users/adarmaori/Desktop/Final$20Project/FPGA/conv1d_2mult.v:52$531_Y
    2: \layer0.conv.impl.busy

  Output signals:
    0: $flatten\layer0.\conv.\impl.$procmux$748_CMP

  State encoding:
    0:      3'--1  <RESET STATE>
    1:      3'-1-
    2:      3'1--

  Transition Table (state_in, ctrl_in, state_out, ctrl_out):
      0:     0 3'-00   ->     0 1'0
      1:     0 3'--1   ->     0 1'0
      2:     0 3'-10   ->     2 1'0
      3:     1 3'100   ->     0 1'0
      4:     1 3'--1   ->     0 1'0
      5:     1 3'000   ->     1 1'0
      6:     1 3'-10   ->     2 1'0
      7:     2 3'--1   ->     0 1'1
      8:     2 3'100   ->     1 1'1
      9:     2 3'000   ->     2 1'1
     10:     2 3'-10   ->     2 1'1

-------------------------------------

FSM `$fsm$\layer1.conv.impl.stage$1261' from module `tcn_network_basic':
-------------------------------------

  Information on FSM $fsm$\layer1.conv.impl.stage$1261 (\layer1.conv.impl.stage):

  Number of input signals:    3
  Number of output signals:   1
  Number of state bits:       3

  Input signals:
    0: \rst
    1: $flatten\layer1.\conv.\impl.$logic_and$/Users/adarmaori/Desktop/Final$20Project/FPGA/conv1d_2mult.v:52$517_Y
    2: \layer1.conv.impl.busy

  Output signals:
    0: $flatten\layer1.\conv.\impl.$procmux$866_CMP

  State encoding:
    0:      3'--1  <RESET STATE>
    1:      3'-1-
    2:      3'1--

  Transition Table (state_in, ctrl_in, state_out, ctrl_out):
      0:     0 3'-00   ->     0 1'0
      1:     0 3'--1   ->     0 1'0
      2:     0 3'-10   ->     2 1'0
      3:     1 3'100   ->     0 1'0
      4:     1 3'--1   ->     0 1'0
      5:     1 3'000   ->     1 1'0
      6:     1 3'-10   ->     2 1'0
      7:     2 3'--1   ->     0 1'1
      8:     2 3'100   ->     1 1'1
      9:     2 3'000   ->     2 1'1
     10:     2 3'-10   ->     2 1'1

-------------------------------------

FSM `$fsm$\output_layer.conv.impl.stage$1264' from module `tcn_network_basic':
-------------------------------------

  Information on FSM $fsm$\output_layer.conv.impl.stage$1264 (\output_layer.conv.impl.stage):

  Number of input signals:    3
  Number of output signals:   1
  Number of state bits:       3

  Input signals:
    0: \rst
    1: $flatten\output_layer.\conv.\impl.$logic_and$/Users/adarmaori/Desktop/Final$20Project/FPGA/conv1d_2mult.v:52$503_Y
    2: \output_layer.conv.impl.busy

  Output signals:
    0: $flatten\output_layer.\conv.\impl.$procmux$1052_CMP

  State encoding:
    0:      3'--1  <RESET STATE>
    1:      3'-1-
    2:      3'1--

  Transition Table (state_in, ctrl_in, state_out, ctrl_out):
      0:     0 3'-00   ->     0 1'0
      1:     0 3'--1   ->     0 1'0
      2:     0 3'-10   ->     2 1'0
      3:     1 3'100   ->     0 1'0
      4:     1 3'--1   ->     0 1'0
      5:     1 3'000   ->     1 1'0
      6:     1 3'-10   ->     2 1'0
      7:     2 3'--1   ->     0 1'1
      8:     2 3'100   ->     1 1'1
      9:     2 3'000   ->     2 1'1
     10:     2 3'-10   ->     2 1'1

-------------------------------------

5.11.8. Executing FSM_MAP pass (mapping FSMs to basic logic).
Mapping FSM `$fsm$\layer0.conv.impl.stage$1258' from module `\tcn_network_basic'.
Mapping FSM `$fsm$\layer1.conv.impl.stage$1261' from module `\tcn_network_basic'.
Mapping FSM `$fsm$\output_layer.conv.impl.stage$1264' from module `\tcn_network_basic'.

5.12. Executing OPT pass (performing simple optimizations).

5.12.1. Executing OPT_EXPR pass (perform const folding).
Optimizing module tcn_network_basic.
<suppressed ~12 debug messages>

5.12.2. Executing OPT_MERGE pass (detect identical cells).
Finding identical cells in module `\tcn_network_basic'.
<suppressed ~18 debug messages>
Removed a total of 6 cells.

5.12.3. Executing OPT_MUXTREE pass (detect dead branches in mux trees).
Running muxtree optimizer on module \tcn_network_basic..
  Creating internal representation of mux trees.
  Evaluating internal representation of mux trees.
  Analyzing evaluation results.
Removed 0 multiplexer ports.
<suppressed ~29 debug messages>

5.12.4. Executing OPT_REDUCE pass (consolidate $*mux and $reduce_* inputs).
  Optimizing cells in module \tcn_network_basic.
Performed a total of 0 changes.

5.12.5. Executing OPT_MERGE pass (detect identical cells).
Finding identical cells in module `\tcn_network_basic'.
Removed a total of 0 cells.

5.12.6. Executing OPT_DFF pass (perform DFF optimizations).
Adding SRST signal on $flatten\output_layer.\conv.\impl.$procdff$1238 ($dff) from module tcn_network_basic (D = $flatten\output_layer.\conv.\impl.$procmux$1124_Y, Q = \output_layer.conv.impl.busy, rval = 1'0).
Adding SRST signal on $flatten\output_layer.\conv.\impl.$procdff$1236 ($dff) from module tcn_network_basic (D = $flatten\output_layer.\conv.\impl.$procmux$1146_Y, Q = \output_layer.conv.impl.acc, rval = 0).
Adding EN signal on $auto$ff.cc:266:slice$1361 ($sdff) from module tcn_network_basic (D = { \layer1.sample_out [7] \layer1.sample_out [7] \layer1.sample_out [7] \layer1.sample_out [7] \layer1.sample_out [7] \layer1.sample_out [7] \layer1.sample_out [7] \layer1.sample_out [7] \layer1.sample_out [7] \layer1.sample_out [7] \layer1.sample_out [7] \layer1.sample_out [7] \layer1.sample_out [7] \layer1.sample_out [7] \layer1.sample_out [7] \layer1.sample_out [7] \layer1.sample_out [7] \layer1.sample_out [7] \layer1.sample_out [7] \layer1.sample_out [7] \layer1.sample_out [7] \layer1.sample_out [7] \layer1.sample_out [7] \layer1.sample_out [7] \layer1.sample_out }, Q = \output_layer.conv.impl.acc).
Adding SRST signal on $flatten\output_layer.\conv.\impl.$procdff$1235 ($dff) from module tcn_network_basic (D = $flatten\output_layer.\conv.\impl.$procmux$1157_Y, Q = \output_layer.conv.impl.sample_out, rval = 0).
Adding EN signal on $auto$ff.cc:266:slice$1363 ($sdff) from module tcn_network_basic (D = \output_layer.conv.impl.acc, Q = \output_layer.conv.impl.sample_out).
Adding SRST signal on $flatten\output_layer.\conv.\impl.$procdff$1234 ($dff) from module tcn_network_basic (D = $flatten\output_layer.\conv.\impl.$procmux$1051_Y, Q = \output_layer.conv.impl.output_valid, rval = 1'0).
Adding SRST signal on $flatten\output_layer.$procdff$1175 ($dff) from module tcn_network_basic (D = $flatten\output_layer.$procmux$735_Y, Q = \output_layer.sample_out, rval = 8'00000000).
Adding EN signal on $auto$ff.cc:266:slice$1376 ($sdff) from module tcn_network_basic (D = $flatten\output_layer.$3\saturate_to_sample$func$tcn_layer_basic.v:85$434.$result[7:0]$453, Q = \output_layer.sample_out).
Adding SRST signal on $flatten\output_layer.$procdff$1174 ($dff) from module tcn_network_basic (D = \output_layer.conv.impl.output_valid, Q = \output_layer.output_valid, rval = 1'0).
Adding SRST signal on $flatten\layer1.\conv.\impl.$procdff$1207 ($dff) from module tcn_network_basic (D = $flatten\layer1.\conv.\impl.$procmux$915_Y, Q = \layer1.conv.impl.tap[2], rval = 8'00000000).
Adding EN signal on $auto$ff.cc:266:slice$1379 ($sdff) from module tcn_network_basic (D = \layer1.conv.impl.history[3], Q = \layer1.conv.impl.tap[2]).
Adding SRST signal on $flatten\layer1.\conv.\impl.$procdff$1204 ($dff) from module tcn_network_basic (D = $flatten\layer1.\conv.\impl.$procmux$933_Y, Q = \layer1.conv.impl.history[3], rval = 8'00000000).
Adding EN signal on $auto$ff.cc:266:slice$1381 ($sdff) from module tcn_network_basic (D = \layer1.conv.impl.history[2], Q = \layer1.conv.impl.history[3]).
Adding SRST signal on $flatten\layer1.\conv.\impl.$procdff$1203 ($dff) from module tcn_network_basic (D = $flatten\layer1.\conv.\impl.$procmux$939_Y, Q = \layer1.conv.impl.history[2], rval = 8'00000000).
Adding EN signal on $auto$ff.cc:266:slice$1383 ($sdff) from module tcn_network_basic (D = \layer1.conv.impl.history[1], Q = \layer1.conv.impl.history[2]).
Adding SRST signal on $flatten\layer1.\conv.\impl.$procdff$1202 ($dff) from module tcn_network_basic (D = $flatten\layer1.\conv.\impl.$procmux$945_Y, Q = \layer1.conv.impl.history[1], rval = 8'00000000).
Adding EN signal on $auto$ff.cc:266:slice$1385 ($sdff) from module tcn_network_basic (D = \layer1.conv.impl.history[0], Q = \layer1.conv.impl.history[1]).
Adding SRST signal on $flatten\layer1.\conv.\impl.$procdff$1201 ($dff) from module tcn_network_basic (D = $flatten\layer1.\conv.\impl.$procmux$951_Y, Q = \layer1.conv.impl.history[0], rval = 8'00000000).
Adding EN signal on $auto$ff.cc:266:slice$1387 ($sdff) from module tcn_network_basic (D = \layer0.sample_out, Q = \layer1.conv.impl.history[0]).
Adding SRST signal on $flatten\layer1.\conv.\impl.$procdff$1199 ($dff) from module tcn_network_basic (D = $flatten\layer1.\conv.\impl.$procmux$962_Y, Q = \layer1.conv.impl.busy, rval = 1'0).
Adding SRST signal on $flatten\layer1.\conv.\impl.$procdff$1197 ($dff) from module tcn_network_basic (D = $flatten\layer1.\conv.\impl.$procmux$984_Y, Q = \layer1.conv.impl.acc, rval = 0).
Adding EN signal on $auto$ff.cc:266:slice$1390 ($sdff) from module tcn_network_basic (D = $flatten\layer1.\conv.\impl.$procmux$984_Y, Q = \layer1.conv.impl.acc).
Adding SRST signal on $flatten\layer1.\conv.\impl.$procdff$1196 ($dff) from module tcn_network_basic (D = $flatten\layer1.\conv.\impl.$procmux$995_Y, Q = \layer1.conv.impl.sample_out, rval = 0).
Adding EN signal on $auto$ff.cc:266:slice$1398 ($sdff) from module tcn_network_basic (D = \layer1.conv.impl.acc, Q = \layer1.conv.impl.sample_out).
Adding SRST signal on $flatten\layer1.\conv.\impl.$procdff$1195 ($dff) from module tcn_network_basic (D = $flatten\layer1.\conv.\impl.$procmux$865_Y, Q = \layer1.conv.impl.output_valid, rval = 1'0).
Adding SRST signal on $flatten\layer1.$procdff$1169 ($dff) from module tcn_network_basic (D = $flatten\layer1.$procmux$669_Y, Q = \layer1.sample_out, rval = 8'00000000).
Adding EN signal on $auto$ff.cc:266:slice$1411 ($sdff) from module tcn_network_basic (D = $flatten\layer1.$3\saturate_to_sample$func$tcn_layer_basic.v:85$456.$result[7:0]$475, Q = \layer1.sample_out).
Adding SRST signal on $flatten\layer1.$procdff$1168 ($dff) from module tcn_network_basic (D = \layer1.conv.impl.output_valid, Q = \layer1.output_valid, rval = 1'0).
Adding SRST signal on $flatten\layer0.\conv.\impl.$procdff$1192 ($dff) from module tcn_network_basic (D = $flatten\layer0.\conv.\impl.$procmux$773_Y, Q = \layer0.conv.impl.tap[2], rval = 8'00000000).
Adding EN signal on $auto$ff.cc:266:slice$1414 ($sdff) from module tcn_network_basic (D = \layer0.conv.impl.history[1], Q = \layer0.conv.impl.tap[2]).
Adding SRST signal on $flatten\layer0.\conv.\impl.$procdff$1187 ($dff) from module tcn_network_basic (D = $flatten\layer0.\conv.\impl.$procmux$803_Y, Q = \layer0.conv.impl.history[1], rval = 8'00000000).
Adding EN signal on $auto$ff.cc:266:slice$1416 ($sdff) from module tcn_network_basic (D = \layer0.conv.impl.history[0], Q = \layer0.conv.impl.history[1]).
Adding SRST signal on $flatten\layer0.\conv.\impl.$procdff$1186 ($dff) from module tcn_network_basic (D = $flatten\layer0.\conv.\impl.$procmux$809_Y, Q = \layer0.conv.impl.history[0], rval = 8'00000000).
Adding EN signal on $auto$ff.cc:266:slice$1418 ($sdff) from module tcn_network_basic (D = \sample_in, Q = \layer0.conv.impl.history[0]).
Adding SRST signal on $flatten\layer0.\conv.\impl.$procdff$1184 ($dff) from module tcn_network_basic (D = $flatten\layer0.\conv.\impl.$procmux$820_Y, Q = \layer0.conv.impl.busy, rval = 1'0).
Adding SRST signal on $flatten\layer0.\conv.\impl.$procdff$1182 ($dff) from module tcn_network_basic (D = $flatten\layer0.\conv.\impl.$procmux$842_Y, Q = \layer0.conv.impl.acc, rval = 0).
Adding EN signal on $auto$ff.cc:266:slice$1421 ($sdff) from module tcn_network_basic (D = $flatten\layer0.\conv.\impl.$procmux$842_Y, Q = \layer0.conv.impl.acc).
Adding SRST signal on $flatten\layer0.\conv.\impl.$procdff$1181 ($dff) from module tcn_network_basic (D = $flatten\layer0.\conv.\impl.$procmux$853_Y, Q = \layer0.conv.impl.sample_out, rval = 0).
Adding EN signal on $auto$ff.cc:266:slice$1429 ($sdff) from module tcn_network_basic (D = \layer0.conv.impl.acc, Q = \layer0.conv.impl.sample_out).
Adding SRST signal on $flatten\layer0.\conv.\impl.$procdff$1180 ($dff) from module tcn_network_basic (D = $flatten\layer0.\conv.\impl.$procmux$747_Y, Q = \layer0.conv.impl.output_valid, rval = 1'0).
Adding SRST signal on $flatten\layer0.$procdff$1163 ($dff) from module tcn_network_basic (D = $flatten\layer0.$procmux$603_Y, Q = \layer0.sample_out, rval = 8'00000000).
Adding EN signal on $auto$ff.cc:266:slice$1442 ($sdff) from module tcn_network_basic (D = $flatten\layer0.$3\saturate_to_sample$func$tcn_layer_basic.v:85$478.$result[7:0]$497, Q = \layer0.sample_out).
Adding SRST signal on $flatten\layer0.$procdff$1162 ($dff) from module tcn_network_basic (D = \layer0.conv.impl.output_valid, Q = \layer0.output_valid, rval = 1'0).

5.12.7. Executing OPT_CLEAN pass (remove unused cells and wires).
Finding unused cells or wires in module \tcn_network_basic..
Removed 53 unused cells and 74 unused wires.
<suppressed ~54 debug messages>

5.12.8. Executing OPT_EXPR pass (perform const folding).
Optimizing module tcn_network_basic.
<suppressed ~2 debug messages>

5.12.9. Rerunning OPT passes. (Maybe there is more to do..)

5.12.10. Executing OPT_MUXTREE pass (detect dead branches in mux trees).
Running muxtree optimizer on module \tcn_network_basic..
  Creating internal representation of mux trees.
  Evaluating internal representation of mux trees.
  Analyzing evaluation results.
Removed 0 multiplexer ports.
<suppressed ~14 debug messages>

5.12.11. Executing OPT_REDUCE pass (consolidate $*mux and $reduce_* inputs).
  Optimizing cells in module \tcn_network_basic.
Performed a total of 0 changes.

5.12.12. Executing OPT_MERGE pass (detect identical cells).
Finding identical cells in module `\tcn_network_basic'.
Removed a total of 0 cells.

5.12.13. Executing OPT_DFF pass (perform DFF optimizations).

5.12.14. Executing OPT_CLEAN pass (remove unused cells and wires).
Finding unused cells or wires in module \tcn_network_basic..

5.12.15. Executing OPT_EXPR pass (perform const folding).
Optimizing module tcn_network_basic.

5.12.16. Finished OPT passes. (There is nothing left to do.)

5.13. Executing WREDUCE pass (reducing word size of cells).
Removed top 24 bits (of 32) from port B of cell tcn_network_basic.$flatten\layer0.\conv.\impl.$add$/Users/adarmaori/Desktop/Final$20Project/FPGA/conv1d_2mult.v:70$537 ($add).
Removed top 23 bits (of 32) from port A of cell tcn_network_basic.$flatten\layer0.\conv.\impl.$add$/Users/adarmaori/Desktop/Final$20Project/FPGA/conv1d_2mult.v:59$535 ($add).
Removed top 24 bits (of 32) from port B of cell tcn_network_basic.$flatten\layer0.$lt$tcn_layer_basic.v:66$498 ($lt).
Removed top 24 bits (of 32) from port B of cell tcn_network_basic.$flatten\layer0.$gt$tcn_layer_basic.v:64$496 ($gt).
Removed top 31 bits (of 32) from port B of cell tcn_network_basic.$flatten\layer0.$lt$tcn_layer_basic.v:76$480 ($lt).
Removed top 24 bits (of 32) from port A of cell tcn_network_basic.$flatten\layer1.\conv.\impl.$add$/Users/adarmaori/Desktop/Final$20Project/FPGA/conv1d_2mult.v:59$521 ($add).
Removed top 24 bits (of 32) from port B of cell tcn_network_basic.$flatten\layer1.\conv.\impl.$add$/Users/adarmaori/Desktop/Final$20Project/FPGA/conv1d_2mult.v:59$521 ($add).
Removed top 23 bits (of 32) from port Y of cell tcn_network_basic.$flatten\layer1.\conv.\impl.$add$/Users/adarmaori/Desktop/Final$20Project/FPGA/conv1d_2mult.v:59$521 ($add).
Removed top 24 bits (of 32) from port B of cell tcn_network_basic.$flatten\layer1.$lt$tcn_layer_basic.v:66$476 ($lt).
Removed top 24 bits (of 32) from port B of cell tcn_network_basic.$flatten\layer1.$gt$tcn_layer_basic.v:64$474 ($gt).
Removed top 31 bits (of 32) from port B of cell tcn_network_basic.$flatten\layer1.$lt$tcn_layer_basic.v:76$458 ($lt).
Removed top 1 bits (of 3) from port B of cell tcn_network_basic.$auto$opt_dff.cc:195:make_patterns_logic$1426 ($ne).
Removed top 24 bits (of 32) from FF cell tcn_network_basic.$auto$ff.cc:266:slice$1362 ($sdffe).
Removed top 24 bits (of 32) from FF cell tcn_network_basic.$auto$ff.cc:266:slice$1364 ($sdffe).
Removed top 24 bits (of 32) from port B of cell tcn_network_basic.$flatten\output_layer.$lt$tcn_layer_basic.v:66$454 ($lt).
Removed top 24 bits (of 32) from port B of cell tcn_network_basic.$flatten\output_layer.$gt$tcn_layer_basic.v:64$452 ($gt).
Removed top 24 bits (of 32) from port A of cell tcn_network_basic.$flatten\output_layer.$lt$tcn_layer_basic.v:76$436 ($lt).
Removed top 31 bits (of 32) from port B of cell tcn_network_basic.$flatten\output_layer.$lt$tcn_layer_basic.v:76$436 ($lt).

5.14. Executing PEEPOPT pass (run peephole optimizers).

5.15. Executing OPT_CLEAN pass (remove unused cells and wires).
Finding unused cells or wires in module \tcn_network_basic..

5.16. Executing SHARE pass (SAT-based resource sharing).

5.17. Executing TECHMAP pass (map to technology primitives).

5.17.1. Executing Verilog-2005 frontend: /opt/homebrew/bin/../share/yosys/cmp2lut.v
Parsing Verilog input from `/opt/homebrew/bin/../share/yosys/cmp2lut.v' to AST representation.
Generating RTLIL representation for module `\_90_lut_cmp_'.
Successfully finished Verilog frontend.

5.17.2. Continuing TECHMAP pass.
No more expansions possible.
<suppressed ~114 debug messages>

5.18. Executing OPT_EXPR pass (perform const folding).
Optimizing module tcn_network_basic.

5.19. Executing OPT_CLEAN pass (remove unused cells and wires).
Finding unused cells or wires in module \tcn_network_basic..

5.20. Executing ALUMACC pass (create $alu and $macc cells).
Extracting $alu and $macc cells in module tcn_network_basic:
  creating $macc model for $flatten\layer0.\conv.\impl.$add$/Users/adarmaori/Desktop/Final$20Project/FPGA/conv1d_2mult.v:59$535 ($add).
  creating $macc model for $flatten\layer0.\conv.\impl.$add$/Users/adarmaori/Desktop/Final$20Project/FPGA/conv1d_2mult.v:70$537 ($add).
  creating $macc model for $flatten\layer0.\conv.\impl.$mul$/Users/adarmaori/Desktop/Final$20Project/FPGA/conv1d_2mult.v:59$534 ($neg).
  creating $macc model for $flatten\layer1.\conv.\impl.$add$/Users/adarmaori/Desktop/Final$20Project/FPGA/conv1d_2mult.v:59$521 ($add).
  creating $macc model for $flatten\layer1.\conv.\impl.$add$/Users/adarmaori/Desktop/Final$20Project/FPGA/conv1d_2mult.v:70$523 ($add).
  creating $macc model for $flatten\layer1.\conv.\impl.$mul$/Users/adarmaori/Desktop/Final$20Project/FPGA/conv1d_2mult.v:70$522 ($neg).
  merging $macc model for $flatten\layer1.\conv.\impl.$mul$/Users/adarmaori/Desktop/Final$20Project/FPGA/conv1d_2mult.v:70$522 into $flatten\layer1.\conv.\impl.$add$/Users/adarmaori/Desktop/Final$20Project/FPGA/conv1d_2mult.v:70$523.
  merging $macc model for $flatten\layer0.\conv.\impl.$mul$/Users/adarmaori/Desktop/Final$20Project/FPGA/conv1d_2mult.v:59$534 into $flatten\layer0.\conv.\impl.$add$/Users/adarmaori/Desktop/Final$20Project/FPGA/conv1d_2mult.v:59$535.
  creating $alu model for $macc $flatten\layer1.\conv.\impl.$add$/Users/adarmaori/Desktop/Final$20Project/FPGA/conv1d_2mult.v:59$521.
  creating $alu model for $macc $flatten\layer1.\conv.\impl.$add$/Users/adarmaori/Desktop/Final$20Project/FPGA/conv1d_2mult.v:70$523.
  creating $alu model for $macc $flatten\layer0.\conv.\impl.$add$/Users/adarmaori/Desktop/Final$20Project/FPGA/conv1d_2mult.v:70$537.
  creating $alu model for $macc $flatten\layer0.\conv.\impl.$add$/Users/adarmaori/Desktop/Final$20Project/FPGA/conv1d_2mult.v:59$535.
  creating $alu model for $flatten\layer0.$gt$tcn_layer_basic.v:64$496 ($gt): new $alu
  creating $alu model for $flatten\layer0.$lt$tcn_layer_basic.v:66$498 ($lt): new $alu
  creating $alu model for $flatten\layer0.$lt$tcn_layer_basic.v:76$480 ($lt): new $alu
  creating $alu model for $flatten\layer1.$gt$tcn_layer_basic.v:64$474 ($gt): new $alu
  creating $alu model for $flatten\layer1.$lt$tcn_layer_basic.v:66$476 ($lt): new $alu
  creating $alu model for $flatten\layer1.$lt$tcn_layer_basic.v:76$458 ($lt): new $alu
  creating $alu model for $flatten\output_layer.$gt$tcn_layer_basic.v:64$452 ($gt): new $alu
  creating $alu model for $flatten\output_layer.$lt$tcn_layer_basic.v:66$454 ($lt): new $alu
  creating $alu model for $flatten\output_layer.$lt$tcn_layer_basic.v:76$436 ($lt): new $alu
  creating $alu cell for $flatten\output_layer.$lt$tcn_layer_basic.v:76$436: $auto$alumacc.cc:485:replace_alu$1455
  creating $alu cell for $flatten\output_layer.$lt$tcn_layer_basic.v:66$454: $auto$alumacc.cc:485:replace_alu$1468
  creating $alu cell for $flatten\output_layer.$gt$tcn_layer_basic.v:64$452: $auto$alumacc.cc:485:replace_alu$1481
  creating $alu cell for $flatten\layer1.$lt$tcn_layer_basic.v:76$458: $auto$alumacc.cc:485:replace_alu$1488
  creating $alu cell for $flatten\layer1.$lt$tcn_layer_basic.v:66$476: $auto$alumacc.cc:485:replace_alu$1501
  creating $alu cell for $flatten\layer1.$gt$tcn_layer_basic.v:64$474: $auto$alumacc.cc:485:replace_alu$1514
  creating $alu cell for $flatten\layer0.$lt$tcn_layer_basic.v:76$480: $auto$alumacc.cc:485:replace_alu$1521
  creating $alu cell for $flatten\layer0.$lt$tcn_layer_basic.v:66$498: $auto$alumacc.cc:485:replace_alu$1534
  creating $alu cell for $flatten\layer0.$gt$tcn_layer_basic.v:64$496: $auto$alumacc.cc:485:replace_alu$1547
  creating $alu cell for $flatten\layer0.\conv.\impl.$add$/Users/adarmaori/Desktop/Final$20Project/FPGA/conv1d_2mult.v:59$535: $auto$alumacc.cc:485:replace_alu$1554
  creating $alu cell for $flatten\layer0.\conv.\impl.$add$/Users/adarmaori/Desktop/Final$20Project/FPGA/conv1d_2mult.v:70$537: $auto$alumacc.cc:485:replace_alu$1557
  creating $alu cell for $flatten\layer1.\conv.\impl.$add$/Users/adarmaori/Desktop/Final$20Project/FPGA/conv1d_2mult.v:70$523: $auto$alumacc.cc:485:replace_alu$1560
  creating $alu cell for $flatten\layer1.\conv.\impl.$add$/Users/adarmaori/Desktop/Final$20Project/FPGA/conv1d_2mult.v:59$521: $auto$alumacc.cc:485:replace_alu$1563
  created 13 $alu and 0 $macc cells.

5.21. Executing OPT pass (performing simple optimizations).

5.21.1. Executing OPT_EXPR pass (perform const folding).
Optimizing module tcn_network_basic.
<suppressed ~3 debug messages>

5.21.2. Executing OPT_MERGE pass (detect identical cells).
Finding identical cells in module `\tcn_network_basic'.
Removed a total of 0 cells.

5.21.3. Executing OPT_MUXTREE pass (detect dead branches in mux trees).
Running muxtree optimizer on module \tcn_network_basic..
  Creating internal representation of mux trees.
  Evaluating internal representation of mux trees.
  Analyzing evaluation results.
Removed 0 multiplexer ports.
<suppressed ~14 debug messages>

5.21.4. Executing OPT_REDUCE pass (consolidate $*mux and $reduce_* inputs).
  Optimizing cells in module \tcn_network_basic.
Performed a total of 0 changes.

5.21.5. Executing OPT_MERGE pass (detect identical cells).
Finding identical cells in module `\tcn_network_basic'.
Removed a total of 0 cells.

5.21.6. Executing OPT_DFF pass (perform DFF optimizations).

5.21.7. Executing OPT_CLEAN pass (remove unused cells and wires).
Finding unused cells or wires in module \tcn_network_basic..
Removed 5 unused cells and 14 unused wires.
<suppressed ~6 debug messages>

5.21.8. Executing OPT_EXPR pass (perform const folding).
Optimizing module tcn_network_basic.

5.21.9. Rerunning OPT passes. (Maybe there is more to do..)

5.21.10. Executing OPT_MUXTREE pass (detect dead branches in mux trees).
Running muxtree optimizer on module \tcn_network_basic..
  Creating internal representation of mux trees.
  Evaluating internal representation of mux trees.
  Analyzing evaluation results.
Removed 0 multiplexer ports.
<suppressed ~14 debug messages>

5.21.11. Executing OPT_REDUCE pass (consolidate $*mux and $reduce_* inputs).
  Optimizing cells in module \tcn_network_basic.
Performed a total of 0 changes.

5.21.12. Executing OPT_MERGE pass (detect identical cells).
Finding identical cells in module `\tcn_network_basic'.
Removed a total of 0 cells.

5.21.13. Executing OPT_DFF pass (perform DFF optimizations).

5.21.14. Executing OPT_CLEAN pass (remove unused cells and wires).
Finding unused cells or wires in module \tcn_network_basic..

5.21.15. Executing OPT_EXPR pass (perform const folding).
Optimizing module tcn_network_basic.

5.21.16. Finished OPT passes. (There is nothing left to do.)

5.22. Executing MEMORY pass.

5.22.1. Executing OPT_MEM pass (optimize memories).
Performed a total of 0 transformations.

5.22.2. Executing OPT_MEM_PRIORITY pass (removing unnecessary memory write priority relations).
Performed a total of 0 transformations.

5.22.3. Executing OPT_MEM_FEEDBACK pass (finding memory read-to-write feedback paths).

5.22.4. Executing MEMORY_BMUX2ROM pass (converting muxes to ROMs).

5.22.5. Executing MEMORY_DFF pass (merging $dff cells to $memrd).

5.22.6. Executing OPT_CLEAN pass (remove unused cells and wires).
Finding unused cells or wires in module \tcn_network_basic..

5.22.7. Executing MEMORY_SHARE pass (consolidating $memrd/$memwr cells).

5.22.8. Executing OPT_MEM_WIDEN pass (optimize memories where all ports are wide).
Performed a total of 0 transformations.

5.22.9. Executing OPT_CLEAN pass (remove unused cells and wires).
Finding unused cells or wires in module \tcn_network_basic..

5.22.10. Executing MEMORY_COLLECT pass (generating $mem cells).

5.23. Executing OPT_CLEAN pass (remove unused cells and wires).
Finding unused cells or wires in module \tcn_network_basic..

5.24. Executing MEMORY_LIBMAP pass (mapping memories to cells).

5.25. Executing TECHMAP pass (map to technology primitives).

5.25.1. Executing Verilog-2005 frontend: /opt/homebrew/bin/../share/yosys/ice40/brams_map.v
Parsing Verilog input from `/opt/homebrew/bin/../share/yosys/ice40/brams_map.v' to AST representation.
Generating RTLIL representation for module `\$__ICE40_RAM4K_'.
Successfully finished Verilog frontend.

5.25.2. Executing Verilog-2005 frontend: /opt/homebrew/bin/../share/yosys/ice40/spram_map.v
Parsing Verilog input from `/opt/homebrew/bin/../share/yosys/ice40/spram_map.v' to AST representation.
Generating RTLIL representation for module `\$__ICE40_SPRAM_'.
Successfully finished Verilog frontend.

5.25.3. Continuing TECHMAP pass.
No more expansions possible.
<suppressed ~4 debug messages>

5.26. Executing ICE40_BRAMINIT pass.

5.27. Executing OPT pass (performing simple optimizations).

5.27.1. Executing OPT_EXPR pass (perform const folding).
Optimizing module tcn_network_basic.
<suppressed ~13 debug messages>

5.27.2. Executing OPT_MERGE pass (detect identical cells).
Finding identical cells in module `\tcn_network_basic'.
Removed a total of 0 cells.

5.27.3. Executing OPT_DFF pass (perform DFF optimizations).

5.27.4. Executing OPT_CLEAN pass (remove unused cells and wires).
Finding unused cells or wires in module \tcn_network_basic..
Removed 21 unused cells and 28 unused wires.
<suppressed ~22 debug messages>

5.27.5. Finished fast OPT passes.

5.28. Executing MEMORY_MAP pass (converting memories to logic and flip-flops).

5.29. Executing OPT pass (performing simple optimizations).

5.29.1. Executing OPT_EXPR pass (perform const folding).
Optimizing module tcn_network_basic.

5.29.2. Executing OPT_MERGE pass (detect identical cells).
Finding identical cells in module `\tcn_network_basic'.
Removed a total of 0 cells.

5.29.3. Executing OPT_MUXTREE pass (detect dead branches in mux trees).
Running muxtree optimizer on module \tcn_network_basic..
  Creating internal representation of mux trees.
  Evaluating internal representation of mux trees.
  Analyzing evaluation results.
Removed 0 multiplexer ports.
<suppressed ~14 debug messages>

5.29.4. Executing OPT_REDUCE pass (consolidate $*mux and $reduce_* inputs).
  Optimizing cells in module \tcn_network_basic.
    Consolidated identical input bits for $mux cell $flatten\output_layer.$ternary$tcn_layer_basic.v:76$438:
      Old ports: A={ \output_layer.conv.impl.sample_out [7] \output_layer.conv.impl.sample_out [7] \output_layer.conv.impl.sample_out [7] \output_layer.conv.impl.sample_out [7] \output_layer.conv.impl.sample_out [7] \output_layer.conv.impl.sample_out [7] \output_layer.conv.impl.sample_out [7] \output_layer.conv.impl.sample_out [7] \output_layer.conv.impl.sample_out [7] \output_layer.conv.impl.sample_out [7] \output_layer.conv.impl.sample_out [7] \output_layer.conv.impl.sample_out [7] \output_layer.conv.impl.sample_out [7] \output_layer.conv.impl.sample_out [7] \output_layer.conv.impl.sample_out [7] \output_layer.conv.impl.sample_out [7] \output_layer.conv.impl.sample_out [7] \output_layer.conv.impl.sample_out [7] \output_layer.conv.impl.sample_out [7] \output_layer.conv.impl.sample_out [7] \output_layer.conv.impl.sample_out [7] \output_layer.conv.impl.sample_out [7] \output_layer.conv.impl.sample_out [7] \output_layer.conv.impl.sample_out [7] \output_layer.conv.impl.sample_out [7:0] }, B=0, Y=\output_layer.relu_out
      New ports: A=\output_layer.conv.impl.sample_out [7:0], B=8'00000000, Y=\output_layer.relu_out [7:0]
      New connections: \output_layer.relu_out [31:8] = { \output_layer.relu_out [7] \output_layer.relu_out [7] \output_layer.relu_out [7] \output_layer.relu_out [7] \output_layer.relu_out [7] \output_layer.relu_out [7] \output_layer.relu_out [7] \output_layer.relu_out [7] \output_layer.relu_out [7] \output_layer.relu_out [7] \output_layer.relu_out [7] \output_layer.relu_out [7] \output_layer.relu_out [7] \output_layer.relu_out [7] \output_layer.relu_out [7] \output_layer.relu_out [7] \output_layer.relu_out [7] \output_layer.relu_out [7] \output_layer.relu_out [7] \output_layer.relu_out [7] \output_layer.relu_out [7] \output_layer.relu_out [7] \output_layer.relu_out [7] \output_layer.relu_out [7] }
  Optimizing cells in module \tcn_network_basic.
Performed a total of 1 changes.

5.29.5. Executing OPT_MERGE pass (detect identical cells).
Finding identical cells in module `\tcn_network_basic'.
Removed a total of 0 cells.

5.29.6. Executing OPT_DFF pass (perform DFF optimizations).

5.29.7. Executing OPT_CLEAN pass (remove unused cells and wires).
Finding unused cells or wires in module \tcn_network_basic..

5.29.8. Executing OPT_EXPR pass (perform const folding).
Optimizing module tcn_network_basic.

5.29.9. Rerunning OPT passes. (Maybe there is more to do..)

5.29.10. Executing OPT_MUXTREE pass (detect dead branches in mux trees).
Running muxtree optimizer on module \tcn_network_basic..
  Creating internal representation of mux trees.
  Evaluating internal representation of mux trees.
  Analyzing evaluation results.
Removed 0 multiplexer ports.
<suppressed ~14 debug messages>

5.29.11. Executing OPT_REDUCE pass (consolidate $*mux and $reduce_* inputs).
  Optimizing cells in module \tcn_network_basic.
Performed a total of 0 changes.

5.29.12. Executing OPT_MERGE pass (detect identical cells).
Finding identical cells in module `\tcn_network_basic'.
Removed a total of 0 cells.

5.29.13. Executing OPT_DFF pass (perform DFF optimizations).

5.29.14. Executing OPT_CLEAN pass (remove unused cells and wires).
Finding unused cells or wires in module \tcn_network_basic..

5.29.15. Executing OPT_EXPR pass (perform const folding).
Optimizing module tcn_network_basic.

5.29.16. Finished OPT passes. (There is nothing left to do.)

5.30. Executing ICE40_WRAPCARRY pass (wrap carries).

5.31. Executing TECHMAP pass (map to technology primitives).

5.31.1. Executing Verilog-2005 frontend: /opt/homebrew/bin/../share/yosys/techmap.v
Parsing Verilog input from `/opt/homebrew/bin/../share/yosys/techmap.v' to AST representation.
Generating RTLIL representation for module `\_90_simplemap_bool_ops'.
Generating RTLIL representation for module `\_90_simplemap_reduce_ops'.
Generating RTLIL representation for module `\_90_simplemap_logic_ops'.
Generating RTLIL representation for module `\_90_simplemap_compare_ops'.
Generating RTLIL representation for module `\_90_simplemap_various'.
Generating RTLIL representation for module `\_90_simplemap_registers'.
Generating RTLIL representation for module `\_90_shift_ops_shr_shl_sshl_sshr'.
Generating RTLIL representation for module `\_90_shift_shiftx'.
Generating RTLIL representation for module `\_90_fa'.
Generating RTLIL representation for module `\_90_lcu_brent_kung'.
Generating RTLIL representation for module `\_90_alu'.
Generating RTLIL representation for module `\_90_macc'.
Generating RTLIL representation for module `\_90_alumacc'.
Generating RTLIL representation for module `\$__div_mod_u'.
Generating RTLIL representation for module `\$__div_mod_trunc'.
Generating RTLIL representation for module `\_90_div'.
Generating RTLIL representation for module `\_90_mod'.
Generating RTLIL representation for module `\$__div_mod_floor'.
Generating RTLIL representation for module `\_90_divfloor'.
Generating RTLIL representation for module `\_90_modfloor'.
Generating RTLIL representation for module `\_90_pow'.
Generating RTLIL representation for module `\_90_pmux'.
Generating RTLIL representation for module `\_90_demux'.
Generating RTLIL representation for module `\_90_lut'.
Successfully finished Verilog frontend.

5.31.2. Executing Verilog-2005 frontend: /opt/homebrew/bin/../share/yosys/ice40/arith_map.v
Parsing Verilog input from `/opt/homebrew/bin/../share/yosys/ice40/arith_map.v' to AST representation.
Generating RTLIL representation for module `\_80_ice40_alu'.
Successfully finished Verilog frontend.

5.31.3. Continuing TECHMAP pass.
Using extmapper simplemap for cells of type $dff.
Using extmapper simplemap for cells of type $and.
Using extmapper simplemap for cells of type $logic_not.
Using extmapper simplemap for cells of type $or.
Using extmapper simplemap for cells of type $reduce_and.
Using extmapper simplemap for cells of type $xor.
Using extmapper simplemap for cells of type $not.
Using extmapper simplemap for cells of type $sdffe.
Using extmapper simplemap for cells of type $sdff.
Using extmapper simplemap for cells of type $mux.
Using extmapper simplemap for cells of type $reduce_or.
Using extmapper simplemap for cells of type $eq.
Using template $paramod$5d0bb5be5579f553e9e7790fdead1e778acc7812\_80_ice40_alu for cells of type $alu.
Using template $paramod$8fdcfe020be5e507ba05385ffd706e02b549d39d\_80_ice40_alu for cells of type $alu.
Using extmapper simplemap for cells of type $logic_and.
Using template $paramod$14958951841968c08e77836e0986cbad689c1afd\_80_ice40_alu for cells of type $alu.
Using template $paramod$23d054eb2609b678837bb20f706e1eb95c17185d\_80_ice40_alu for cells of type $alu.
Using template $paramod$381d5ac9ce4d79feb95fa03ade8f84c5a58bb3c0\_80_ice40_alu for cells of type $alu.
Using template $paramod$7b00947614a4c48e09c066dca449366ddfa907a5\_80_ice40_alu for cells of type $alu.
Using extmapper simplemap for cells of type $ne.
Using extmapper simplemap for cells of type $reduce_bool.
Using template $paramod$0f2aa60fba701d67502e823e64efc6ddc589f33e\_80_ice40_alu for cells of type $alu.
Using extmapper simplemap for cells of type $pos.
No more expansions possible.
<suppressed ~432 debug messages>

5.32. Executing OPT pass (performing simple optimizations).

5.32.1. Executing OPT_EXPR pass (perform const folding).
Optimizing module tcn_network_basic.
<suppressed ~785 debug messages>

5.32.2. Executing OPT_MERGE pass (detect identical cells).
Finding identical cells in module `\tcn_network_basic'.
<suppressed ~624 debug messages>
Removed a total of 208 cells.

5.32.3. Executing OPT_DFF pass (perform DFF optimizations).

5.32.4. Executing OPT_CLEAN pass (remove unused cells and wires).
Finding unused cells or wires in module \tcn_network_basic..
Removed 163 unused cells and 375 unused wires.
<suppressed ~164 debug messages>

5.32.5. Finished fast OPT passes.

5.33. Executing ICE40_OPT pass (performing simple optimizations).

5.33.1. Running ICE40 specific optimizations.
Optimized $__ICE40_CARRY_WRAPPER cell back to logic (without SB_CARRY) tcn_network_basic.$auto$alumacc.cc:485:replace_alu$1455.slice[0].carry: CO=$auto$alumacc.cc:485:replace_alu$1455.BB [0]
Optimized $__ICE40_CARRY_WRAPPER cell back to logic (without SB_CARRY) tcn_network_basic.$auto$alumacc.cc:485:replace_alu$1468.slice[0].carry: CO=$auto$alumacc.cc:485:replace_alu$1455.BB [0]
Optimized $__ICE40_CARRY_WRAPPER cell back to logic (without SB_CARRY) tcn_network_basic.$auto$alumacc.cc:485:replace_alu$1481.slice[0].carry: CO=$auto$alumacc.cc:485:replace_alu$1455.BB [7]
Optimized $__ICE40_CARRY_WRAPPER cell back to logic (without SB_CARRY) tcn_network_basic.$auto$alumacc.cc:485:replace_alu$1488.slice[0].carry: CO=$auto$alumacc.cc:485:replace_alu$1488.BB [0]
Optimized $__ICE40_CARRY_WRAPPER cell back to logic (without SB_CARRY) tcn_network_basic.$auto$alumacc.cc:485:replace_alu$1501.slice[0].carry: CO=$auto$alumacc.cc:485:replace_alu$1501.BB [0]
Optimized $__ICE40_CARRY_WRAPPER cell back to logic (without SB_CARRY) tcn_network_basic.$auto$alumacc.cc:485:replace_alu$1514.slice[0].carry: CO=$auto$alumacc.cc:485:replace_alu$1501.BB [7]
Optimized $__ICE40_CARRY_WRAPPER cell back to logic (without SB_CARRY) tcn_network_basic.$auto$alumacc.cc:485:replace_alu$1521.slice[0].carry: CO=$auto$alumacc.cc:485:replace_alu$1521.BB [0]
Optimized $__ICE40_CARRY_WRAPPER cell back to logic (without SB_CARRY) tcn_network_basic.$auto$alumacc.cc:485:replace_alu$1534.slice[0].carry: CO=$auto$alumacc.cc:485:replace_alu$1534.BB [0]
Optimized $__ICE40_CARRY_WRAPPER cell back to logic (without SB_CARRY) tcn_network_basic.$auto$alumacc.cc:485:replace_alu$1547.slice[0].carry: CO=$auto$alumacc.cc:485:replace_alu$1534.BB [7]
Optimized $__ICE40_CARRY_WRAPPER cell back to logic (without SB_CARRY) tcn_network_basic.$auto$alumacc.cc:485:replace_alu$1554.slice[0].carry: CO=$auto$alumacc.cc:485:replace_alu$1554.BB [0]

5.33.2. Executing OPT_EXPR pass (perform const folding).
Optimizing module tcn_network_basic.
<suppressed ~5 debug messages>

5.33.3. Executing OPT_MERGE pass (detect identical cells).
Finding identical cells in module `\tcn_network_basic'.
<suppressed ~3 debug messages>
Removed a total of 1 cells.

5.33.4. Executing OPT_DFF pass (perform DFF optimizations).

5.33.5. Executing OPT_CLEAN pass (remove unused cells and wires).
Finding unused cells or wires in module \tcn_network_basic..
Removed 8 unused cells and 0 unused wires.
<suppressed ~8 debug messages>

5.33.6. Rerunning OPT passes. (Removed registers in this run.)

5.33.7. Running ICE40 specific optimizations.

5.33.8. Executing OPT_EXPR pass (perform const folding).
Optimizing module tcn_network_basic.

5.33.9. Executing OPT_MERGE pass (detect identical cells).
Finding identical cells in module `\tcn_network_basic'.
Removed a total of 0 cells.

5.33.10. Executing OPT_DFF pass (perform DFF optimizations).

5.33.11. Executing OPT_CLEAN pass (remove unused cells and wires).
Finding unused cells or wires in module \tcn_network_basic..

5.33.12. Finished OPT passes. (There is nothing left to do.)

5.34. Executing DFFLEGALIZE pass (convert FFs to types supported by the target).

5.35. Executing TECHMAP pass (map to technology primitives).

5.35.1. Executing Verilog-2005 frontend: /opt/homebrew/bin/../share/yosys/ice40/ff_map.v
Parsing Verilog input from `/opt/homebrew/bin/../share/yosys/ice40/ff_map.v' to AST representation.
Generating RTLIL representation for module `\$_DFF_N_'.
Generating RTLIL representation for module `\$_DFF_P_'.
Generating RTLIL representation for module `\$_DFFE_NP_'.
Generating RTLIL representation for module `\$_DFFE_PP_'.
Generating RTLIL representation for module `\$_DFF_NP0_'.
Generating RTLIL representation for module `\$_DFF_NP1_'.
Generating RTLIL representation for module `\$_DFF_PP0_'.
Generating RTLIL representation for module `\$_DFF_PP1_'.
Generating RTLIL representation for module `\$_DFFE_NP0P_'.
Generating RTLIL representation for module `\$_DFFE_NP1P_'.
Generating RTLIL representation for module `\$_DFFE_PP0P_'.
Generating RTLIL representation for module `\$_DFFE_PP1P_'.
Generating RTLIL representation for module `\$_SDFF_NP0_'.
Generating RTLIL representation for module `\$_SDFF_NP1_'.
Generating RTLIL representation for module `\$_SDFF_PP0_'.
Generating RTLIL representation for module `\$_SDFF_PP1_'.
Generating RTLIL representation for module `\$_SDFFCE_NP0P_'.
Generating RTLIL representation for module `\$_SDFFCE_NP1P_'.
Generating RTLIL representation for module `\$_SDFFCE_PP0P_'.
Generating RTLIL representation for module `\$_SDFFCE_PP1P_'.
Successfully finished Verilog frontend.

5.35.2. Continuing TECHMAP pass.
Using template \$_SDFFCE_PP0P_ for cells of type $_SDFFCE_PP0P_.
Using template \$_DFF_P_ for cells of type $_DFF_P_.
Using template \$_SDFF_PP0_ for cells of type $_SDFF_PP0_.
No more expansions possible.
<suppressed ~266 debug messages>

5.36. Executing OPT_EXPR pass (perform const folding).
Optimizing module tcn_network_basic.

5.37. Executing SIMPLEMAP pass (map simple cells to gate primitives).
Mapping tcn_network_basic.$auto$alumacc.cc:485:replace_alu$1554.slice[0].carry ($lut).

5.38. Executing ICE40_OPT pass (performing simple optimizations).

5.38.1. Running ICE40 specific optimizations.

5.38.2. Executing OPT_EXPR pass (perform const folding).
Optimizing module tcn_network_basic.
<suppressed ~128 debug messages>

5.38.3. Executing OPT_MERGE pass (detect identical cells).
Finding identical cells in module `\tcn_network_basic'.
<suppressed ~675 debug messages>
Removed a total of 225 cells.

5.38.4. Executing OPT_DFF pass (perform DFF optimizations).

5.38.5. Executing OPT_CLEAN pass (remove unused cells and wires).
Finding unused cells or wires in module \tcn_network_basic..
Removed 0 unused cells and 1677 unused wires.
<suppressed ~1 debug messages>

5.38.6. Rerunning OPT passes. (Removed registers in this run.)

5.38.7. Running ICE40 specific optimizations.

5.38.8. Executing OPT_EXPR pass (perform const folding).
Optimizing module tcn_network_basic.

5.38.9. Executing OPT_MERGE pass (detect identical cells).
Finding identical cells in module `\tcn_network_basic'.
Removed a total of 0 cells.

5.38.10. Executing OPT_DFF pass (perform DFF optimizations).

5.38.11. Executing OPT_CLEAN pass (remove unused cells and wires).
Finding unused cells or wires in module \tcn_network_basic..

5.38.12. Finished OPT passes. (There is nothing left to do.)

5.39. Executing TECHMAP pass (map to technology primitives).

5.39.1. Executing Verilog-2005 frontend: /opt/homebrew/bin/../share/yosys/ice40/latches_map.v
Parsing Verilog input from `/opt/homebrew/bin/../share/yosys/ice40/latches_map.v' to AST representation.
Generating RTLIL representation for module `\$_DLATCH_N_'.
Generating RTLIL representation for module `\$_DLATCH_P_'.
Successfully finished Verilog frontend.

5.39.2. Continuing TECHMAP pass.
No more expansions possible.
<suppressed ~4 debug messages>

5.40. Executing Verilog-2005 frontend: /opt/homebrew/bin/../share/yosys/ice40/abc9_model.v
Parsing Verilog input from `/opt/homebrew/bin/../share/yosys/ice40/abc9_model.v' to AST representation.
Generating RTLIL representation for module `$__ICE40_CARRY_WRAPPER'.
Successfully finished Verilog frontend.

5.41. Executing ABC9 pass.

5.41.1. Executing ABC9_OPS pass (helper functions for ABC9).

5.41.2. Executing ABC9_OPS pass (helper functions for ABC9).

5.41.3. Executing SCC pass (detecting logic loops).
Found 0 SCCs in module tcn_network_basic.
Found 0 SCCs.

5.41.4. Executing ABC9_OPS pass (helper functions for ABC9).

5.41.5. Executing PROC pass (convert processes to netlists).

5.41.5.1. Executing PROC_CLEAN pass (remove empty switches from decision trees).
Cleaned up 0 empty switches.

5.41.5.2. Executing PROC_RMDEAD pass (remove dead branches from decision trees).
Removed a total of 0 dead cases.

5.41.5.3. Executing PROC_PRUNE pass (remove redundant assignments in processes).
Removed 0 redundant assignments.
Promoted 0 assignments to connections.

5.41.5.4. Executing PROC_INIT pass (extract init attributes).

5.41.5.5. Executing PROC_ARST pass (detect async resets in processes).

5.41.5.6. Executing PROC_ROM pass (convert switches to ROMs).
Converted 0 switches.

5.41.5.7. Executing PROC_MUX pass (convert decision trees to multiplexers).

5.41.5.8. Executing PROC_DLATCH pass (convert process syncs to latches).

5.41.5.9. Executing PROC_DFF pass (convert process syncs to FFs).

5.41.5.10. Executing PROC_MEMWR pass (convert process memory writes to cells).

5.41.5.11. Executing PROC_CLEAN pass (remove empty switches from decision trees).
Cleaned up 0 empty switches.

5.41.5.12. Executing OPT_EXPR pass (perform const folding).

5.41.6. Executing TECHMAP pass (map to technology primitives).

5.41.6.1. Executing Verilog-2005 frontend: /opt/homebrew/bin/../share/yosys/techmap.v
Parsing Verilog input from `/opt/homebrew/bin/../share/yosys/techmap.v' to AST representation.
Generating RTLIL representation for module `\_90_simplemap_bool_ops'.
Generating RTLIL representation for module `\_90_simplemap_reduce_ops'.
Generating RTLIL representation for module `\_90_simplemap_logic_ops'.
Generating RTLIL representation for module `\_90_simplemap_compare_ops'.
Generating RTLIL representation for module `\_90_simplemap_various'.
Generating RTLIL representation for module `\_90_simplemap_registers'.
Generating RTLIL representation for module `\_90_shift_ops_shr_shl_sshl_sshr'.
Generating RTLIL representation for module `\_90_shift_shiftx'.
Generating RTLIL representation for module `\_90_fa'.
Generating RTLIL representation for module `\_90_lcu_brent_kung'.
Generating RTLIL representation for module `\_90_alu'.
Generating RTLIL representation for module `\_90_macc'.
Generating RTLIL representation for module `\_90_alumacc'.
Generating RTLIL representation for module `\$__div_mod_u'.
Generating RTLIL representation for module `\$__div_mod_trunc'.
Generating RTLIL representation for module `\_90_div'.
Generating RTLIL representation for module `\_90_mod'.
Generating RTLIL representation for module `\$__div_mod_floor'.
Generating RTLIL representation for module `\_90_divfloor'.
Generating RTLIL representation for module `\_90_modfloor'.
Generating RTLIL representation for module `\_90_pow'.
Generating RTLIL representation for module `\_90_pmux'.
Generating RTLIL representation for module `\_90_demux'.
Generating RTLIL representation for module `\_90_lut'.
Successfully finished Verilog frontend.

5.41.6.2. Continuing TECHMAP pass.
No more expansions possible.
<suppressed ~126 debug messages>

5.41.7. Executing OPT pass (performing simple optimizations).

5.41.7.1. Executing OPT_EXPR pass (perform const folding).

5.41.7.2. Executing OPT_MERGE pass (detect identical cells).
Removed a total of 0 cells.

5.41.7.3. Executing OPT_MUXTREE pass (detect dead branches in mux trees).
Removed 0 multiplexer ports.

5.41.7.4. Executing OPT_REDUCE pass (consolidate $*mux and $reduce_* inputs).
Performed a total of 0 changes.

5.41.7.5. Executing OPT_MERGE pass (detect identical cells).
Removed a total of 0 cells.

5.41.7.6. Executing OPT_DFF pass (perform DFF optimizations).

5.41.7.7. Executing OPT_CLEAN pass (remove unused cells and wires).

5.41.7.8. Executing OPT_EXPR pass (perform const folding).

5.41.7.9. Finished OPT passes. (There is nothing left to do.)

5.41.8. Executing TECHMAP pass (map to technology primitives).

5.41.8.1. Executing Verilog-2005 frontend: /opt/homebrew/bin/../share/yosys/abc9_map.v
Parsing Verilog input from `/opt/homebrew/bin/../share/yosys/abc9_map.v' to AST representation.
Successfully finished Verilog frontend.

5.41.8.2. Continuing TECHMAP pass.
No more expansions possible.
<suppressed ~2 debug messages>

5.41.9. Executing Verilog-2005 frontend: /opt/homebrew/bin/../share/yosys/abc9_model.v
Parsing Verilog input from `/opt/homebrew/bin/../share/yosys/abc9_model.v' to AST representation.
Generating RTLIL representation for module `$__ABC9_DELAY'.
Generating RTLIL representation for module `$__ABC9_SCC_BREAKER'.
Generating RTLIL representation for module `$__DFF_N__$abc9_flop'.
Generating RTLIL representation for module `$__DFF_P__$abc9_flop'.
Successfully finished Verilog frontend.

5.41.10. Executing ABC9_OPS pass (helper functions for ABC9).
<suppressed ~487 debug messages>

5.41.11. Executing ABC9_OPS pass (helper functions for ABC9).

5.41.12. Executing ABC9_OPS pass (helper functions for ABC9).
<suppressed ~2 debug messages>

5.41.13. Executing TECHMAP pass (map to technology primitives).

5.41.13.1. Executing Verilog-2005 frontend: /opt/homebrew/bin/../share/yosys/techmap.v
Parsing Verilog input from `/opt/homebrew/bin/../share/yosys/techmap.v' to AST representation.
Generating RTLIL representation for module `\_90_simplemap_bool_ops'.
Generating RTLIL representation for module `\_90_simplemap_reduce_ops'.
Generating RTLIL representation for module `\_90_simplemap_logic_ops'.
Generating RTLIL representation for module `\_90_simplemap_compare_ops'.
Generating RTLIL representation for module `\_90_simplemap_various'.
Generating RTLIL representation for module `\_90_simplemap_registers'.
Generating RTLIL representation for module `\_90_shift_ops_shr_shl_sshl_sshr'.
Generating RTLIL representation for module `\_90_shift_shiftx'.
Generating RTLIL representation for module `\_90_fa'.
Generating RTLIL representation for module `\_90_lcu_brent_kung'.
Generating RTLIL representation for module `\_90_alu'.
Generating RTLIL representation for module `\_90_macc'.
Generating RTLIL representation for module `\_90_alumacc'.
Generating RTLIL representation for module `\$__div_mod_u'.
Generating RTLIL representation for module `\$__div_mod_trunc'.
Generating RTLIL representation for module `\_90_div'.
Generating RTLIL representation for module `\_90_mod'.
Generating RTLIL representation for module `\$__div_mod_floor'.
Generating RTLIL representation for module `\_90_divfloor'.
Generating RTLIL representation for module `\_90_modfloor'.
Generating RTLIL representation for module `\_90_pow'.
Generating RTLIL representation for module `\_90_pmux'.
Generating RTLIL representation for module `\_90_demux'.
Generating RTLIL representation for module `\_90_lut'.
Successfully finished Verilog frontend.

5.41.13.2. Continuing TECHMAP pass.
Using template $paramod$__ICE40_CARRY_WRAPPER\LUT=16'0110100110010110\I3_IS_CI=1'1 for cells of type $paramod$__ICE40_CARRY_WRAPPER\LUT=16'0110100110010110\I3_IS_CI=1'1.
Using template $paramod\SB_LUT4\LUT_INIT=16'0110100110010110 for cells of type SB_LUT4.
Using template SB_CARRY for cells of type SB_CARRY.
Using extmapper simplemap for cells of type $mux.
Using extmapper simplemap for cells of type $logic_and.
Using extmapper simplemap for cells of type $logic_or.
No more expansions possible.
<suppressed ~147 debug messages>

5.41.14. Executing OPT pass (performing simple optimizations).

5.41.14.1. Executing OPT_EXPR pass (perform const folding).
Optimizing module tcn_network_basic.
<suppressed ~4 debug messages>

5.41.14.2. Executing OPT_MERGE pass (detect identical cells).
Finding identical cells in module `\tcn_network_basic'.
<suppressed ~29 debug messages>
Removed a total of 12 cells.

5.41.14.3. Executing OPT_MUXTREE pass (detect dead branches in mux trees).
Running muxtree optimizer on module \tcn_network_basic..
  Creating internal representation of mux trees.
  No muxes found in this module.
Removed 0 multiplexer ports.

5.41.14.4. Executing OPT_REDUCE pass (consolidate $*mux and $reduce_* inputs).
  Optimizing cells in module \tcn_network_basic.
Performed a total of 0 changes.

5.41.14.5. Executing OPT_MERGE pass (detect identical cells).
Finding identical cells in module `\tcn_network_basic'.
Removed a total of 0 cells.

5.41.14.6. Executing OPT_DFF pass (perform DFF optimizations).

5.41.14.7. Executing OPT_CLEAN pass (remove unused cells and wires).
Finding unused cells or wires in module \tcn_network_basic..
Removed 0 unused cells and 24 unused wires.
<suppressed ~1 debug messages>

5.41.14.8. Executing OPT_EXPR pass (perform const folding).
Optimizing module tcn_network_basic.

5.41.14.9. Rerunning OPT passes. (Maybe there is more to do..)

5.41.14.10. Executing OPT_MUXTREE pass (detect dead branches in mux trees).
Running muxtree optimizer on module \tcn_network_basic..
  Creating internal representation of mux trees.
  No muxes found in this module.
Removed 0 multiplexer ports.

5.41.14.11. Executing OPT_REDUCE pass (consolidate $*mux and $reduce_* inputs).
  Optimizing cells in module \tcn_network_basic.
Performed a total of 0 changes.

5.41.14.12. Executing OPT_MERGE pass (detect identical cells).
Finding identical cells in module `\tcn_network_basic'.
Removed a total of 0 cells.

5.41.14.13. Executing OPT_DFF pass (perform DFF optimizations).

5.41.14.14. Executing OPT_CLEAN pass (remove unused cells and wires).
Finding unused cells or wires in module \tcn_network_basic..

5.41.14.15. Executing OPT_EXPR pass (perform const folding).
Optimizing module tcn_network_basic.

5.41.14.16. Finished OPT passes. (There is nothing left to do.)

5.41.15. Executing AIGMAP pass (map logic to AIG).
Module tcn_network_basic: replaced 7 cells with 43 new cells, skipped 11 cells.
  replaced 2 cell types:
       2 $_OR_
       5 $_MUX_
  not replaced 3 cell types:
       8 $specify2
       1 $_NOT_
       2 $_AND_

5.41.16. Executing AIGMAP pass (map logic to AIG).
Module tcn_network_basic: replaced 145 cells with 838 new cells, skipped 1478 cells.
  replaced 3 cell types:
      59 $_OR_
      16 $_XOR_
      70 $_MUX_
  not replaced 9 cell types:
       9 $scopeinfo
     167 $_NOT_
     235 $_AND_
       3 SB_DFF
       9 SB_DFFSR
     232 SB_DFFESR
     244 $paramod$__ABC9_DELAY\DELAY=32'00000000000000000000000000010101
     241 $paramod$__ABC9_DELAY\DELAY=32'00000000000000000000000011001011
     338 $paramod$__ICE40_CARRY_WRAPPER\LUT=16'0110100110010110\I3_IS_CI=1'1

5.41.16.1. Executing ABC9_OPS pass (helper functions for ABC9).

5.41.16.2. Executing ABC9_OPS pass (helper functions for ABC9).

5.41.16.3. Executing XAIGER backend.
<suppressed ~255 debug messages>
Extracted 552 AND gates and 2786 wires from module `tcn_network_basic' to a netlist network with 255 inputs and 506 outputs.

5.41.16.4. Executing ABC9_EXE pass (technology mapping using ABC9).

5.41.16.5. Executing ABC9.
Running ABC command: "<yosys-exe-dir>/yosys-abc" -s -f <abc-temp-dir>/abc.script 2>&1
ABC: ABC command line: "source <abc-temp-dir>/abc.script".
ABC: 
ABC: + read_lut <abc-temp-dir>/input.lut 
ABC: + read_box <abc-temp-dir>/input.box 
ABC: + &read <abc-temp-dir>/input.xaig 
ABC: + &ps 
ABC: <abc-temp-dir>/input : i/o =    255/    506  and =     518  lev =   16 (0.51)  mem = 0.07 MB  box = 823  bb = 485
ABC: Warning: AIG with boxes has internal fanout in 0 complex flops and 8 carries.
ABC: + &scorr 
ABC: Warning: The network is combinational.
ABC: + &sweep 
ABC: + &dc2 
ABC: + &dch -f 
ABC: + &ps 
ABC: <abc-temp-dir>/input : i/o =    255/    506  and =     328  lev =    3 (0.19)  mem = 0.05 MB  ch =   27  box = 615  bb = 485
ABC: + &if -W 250 -v 
ABC: K = 4. Memory (bytes): Truth =    0. Cut =   52. Obj =  136. Set =  564. CutMin = no
ABC: Node =     328.  Ch =    27.  Total mem =    0.43 MB. Peak cut mem =    0.01 MB.
ABC: P:  Del = 5482.00.  Ar =     162.0.  Edge =      413.  Cut =     1025.  T =     0.00 sec
ABC: P:  Del = 5482.00.  Ar =     146.0.  Edge =      455.  Cut =     1025.  T =     0.00 sec
ABC: P:  Del = 5482.00.  Ar =     146.0.  Edge =      455.  Cut =     1025.  T =     0.00 sec
ABC: F:  Del = 5482.00.  Ar =     146.0.  Edge =      455.  Cut =     1025.  T =     0.00 sec
ABC: A:  Del = 5482.00.  Ar =     146.0.  Edge =      449.  Cut =     1025.  T =     0.00 sec
ABC: A:  Del = 5482.00.  Ar =     146.0.  Edge =      449.  Cut =     1025.  T =     0.00 sec
ABC: Total time =     0.00 sec
ABC: + &write -n <abc-temp-dir>/output.aig 
ABC: + &mfs 
ABC: The network is not changed by "&mfs".
ABC: + &ps -l 
ABC: <abc-temp-dir>/input : i/o =    255/    506  and =     372  lev =    3 (0.19)  mem = 0.05 MB  box = 615  bb = 485
ABC: Mapping (K=4)  :  lut =    146  edge =     449  lev =    2 (0.09)  levB =   34  mem = 0.01 MB
ABC: LUT = 146 : 2=56 38.4 %  3=23 15.8 %  4=67 45.9 %  Ave = 3.08
ABC: + &write -n <abc-temp-dir>/output.aig 
ABC: + time 
ABC: elapse: 0.06 seconds, total: 0.06 seconds

5.41.16.6. Executing AIGER frontend.
<suppressed ~1742 debug messages>
Removed 482 unused cells and 3124 unused wires.

5.41.16.7. Executing ABC9_OPS pass (helper functions for ABC9).
ABC RESULTS:              $lut cells:      166
ABC RESULTS:   $paramod$__ICE40_CARRY_WRAPPER\LUT=16'0110100110010110\I3_IS_CI=1'1 cells:      130
ABC RESULTS:           input signals:       31
ABC RESULTS:          output signals:      499
Removing temp directory.

5.41.17. Executing TECHMAP pass (map to technology primitives).

5.41.17.1. Executing Verilog-2005 frontend: /opt/homebrew/bin/../share/yosys/abc9_unmap.v
Parsing Verilog input from `/opt/homebrew/bin/../share/yosys/abc9_unmap.v' to AST representation.
Generating RTLIL representation for module `\$__DFF_x__$abc9_flop'.
Generating RTLIL representation for module `\$__ABC9_SCC_BREAKER'.
Successfully finished Verilog frontend.

5.41.17.2. Continuing TECHMAP pass.
Using template $paramod$__ICE40_CARRY_WRAPPER\LUT=16'0110100110010110\I3_IS_CI=1'1 for cells of type $paramod$__ICE40_CARRY_WRAPPER\LUT=16'0110100110010110\I3_IS_CI=1'1.
No more expansions possible.
<suppressed ~136 debug messages>

5.42. Executing ICE40_WRAPCARRY pass (wrap carries).

5.43. Executing TECHMAP pass (map to technology primitives).

5.43.1. Executing Verilog-2005 frontend: /opt/homebrew/bin/../share/yosys/ice40/ff_map.v
Parsing Verilog input from `/opt/homebrew/bin/../share/yosys/ice40/ff_map.v' to AST representation.
Generating RTLIL representation for module `\$_DFF_N_'.
Generating RTLIL representation for module `\$_DFF_P_'.
Generating RTLIL representation for module `\$_DFFE_NP_'.
Generating RTLIL representation for module `\$_DFFE_PP_'.
Generating RTLIL representation for module `\$_DFF_NP0_'.
Generating RTLIL representation for module `\$_DFF_NP1_'.
Generating RTLIL representation for module `\$_DFF_PP0_'.
Generating RTLIL representation for module `\$_DFF_PP1_'.
Generating RTLIL representation for module `\$_DFFE_NP0P_'.
Generating RTLIL representation for module `\$_DFFE_NP1P_'.
Generating RTLIL representation for module `\$_DFFE_PP0P_'.
Generating RTLIL representation for module `\$_DFFE_PP1P_'.
Generating RTLIL representation for module `\$_SDFF_NP0_'.
Generating RTLIL representation for module `\$_SDFF_NP1_'.
Generating RTLIL representation for module `\$_SDFF_PP0_'.
Generating RTLIL representation for module `\$_SDFF_PP1_'.
Generating RTLIL representation for module `\$_SDFFCE_NP0P_'.
Generating RTLIL representation for module `\$_SDFFCE_NP1P_'.
Generating RTLIL representation for module `\$_SDFFCE_PP0P_'.
Generating RTLIL representation for module `\$_SDFFCE_PP1P_'.
Successfully finished Verilog frontend.

5.43.2. Continuing TECHMAP pass.
No more expansions possible.
<suppressed ~22 debug messages>
Removed 182 unused cells and 3345 unused wires.

5.44. Executing OPT_LUT pass (optimize LUTs).
Discovering LUTs.
Number of LUTs:      250
  1-LUT               22
  2-LUT               56
  3-LUT              105
  4-LUT               67
  with \SB_CARRY    (#0)   78
  with \SB_CARRY    (#1)   80

Eliminating LUTs.
Number of LUTs:      250
  1-LUT               22
  2-LUT               56
  3-LUT              105
  4-LUT               67
  with \SB_CARRY    (#0)   78
  with \SB_CARRY    (#1)   80

Combining LUTs.
Number of LUTs:      250
  1-LUT               22
  2-LUT               56
  3-LUT              105
  4-LUT               67
  with \SB_CARRY    (#0)   78
  with \SB_CARRY    (#1)   80

Eliminated 0 LUTs.
Combined 0 LUTs.
<suppressed ~3532 debug messages>

5.45. Executing TECHMAP pass (map to technology primitives).

5.45.1. Executing Verilog-2005 frontend: /opt/homebrew/bin/../share/yosys/ice40/cells_map.v
Parsing Verilog input from `/opt/homebrew/bin/../share/yosys/ice40/cells_map.v' to AST representation.
Generating RTLIL representation for module `\$lut'.
Successfully finished Verilog frontend.

5.45.2. Continuing TECHMAP pass.
Using template $paramod\$lut\WIDTH=32'00000000000000000000000000000010\LUT=4'1011 for cells of type $lut.
Using template $paramod$fd904e9e35cfd343a9df248824bd3f1408724879\$lut for cells of type $lut.
Using template $paramod\$lut\WIDTH=32'00000000000000000000000000000011\LUT=8'11110100 for cells of type $lut.
Using template $paramod\$lut\WIDTH=32'00000000000000000000000000000001\LUT=2'01 for cells of type $lut.
Using template $paramod$99d83c3a805aa9e9a8582ae82a1636e49ca1dc3c\$lut for cells of type $lut.
Using template $paramod\$lut\WIDTH=32'00000000000000000000000000000011\LUT=8'11001010 for cells of type $lut.
Using template $paramod$29fb0dcbea7e19908c494ce4a8a756b15e2a78b6\$lut for cells of type $lut.
Using template $paramod$03da3dcc7c75ea9c9148a6fc634f76a9d0cbefef\$lut for cells of type $lut.
Using template $paramod\$lut\WIDTH=32'00000000000000000000000000000011\LUT=8'10111010 for cells of type $lut.
Using template $paramod\$lut\WIDTH=32'00000000000000000000000000000010\LUT=4'1110 for cells of type $lut.
Using template $paramod\$lut\WIDTH=32'00000000000000000000000000000011\LUT=8'11001110 for cells of type $lut.
Using template $paramod\$lut\WIDTH=32'00000000000000000000000000000010\LUT=4'1101 for cells of type $lut.
Using template $paramod\$lut\WIDTH=32'00000000000000000000000000000011\LUT=8'10101110 for cells of type $lut.
No more expansions possible.
<suppressed ~422 debug messages>
Removed 0 unused cells and 518 unused wires.

5.46. Executing AUTONAME pass.
Renamed 4776 objects in module tcn_network_basic (65 iterations).
<suppressed ~973 debug messages>

5.47. Executing HIERARCHY pass (managing design hierarchy).

5.47.1. Analyzing design hierarchy..
Top module:  \tcn_network_basic

5.47.2. Analyzing design hierarchy..
Top module:  \tcn_network_basic
Removed 0 unused modules.

5.48. Printing statistics.

=== tcn_network_basic ===

   Number of wires:                452
   Number of wire bits:           1367
   Number of public wires:         452
   Number of public wire bits:    1367
   Number of ports:                  7
   Number of port bits:             21
   Number of memories:               0
   Number of memory bits:            0
   Number of processes:              0
   Number of cells:                627
     $scopeinfo                      9
     SB_CARRY                      124
     SB_DFF                          3
     SB_DFFESR                     232
     SB_DFFSR                        9
     SB_LUT4                       250

5.49. Executing CHECK pass (checking for obvious problems).
Checking module tcn_network_basic...
Found and reported 0 problems.

5.50. Executing JSON backend.

Warnings: 2 unique messages, 10 total
End of script. Logfile hash: f5dea11c2f, CPU: user 1.02s system 0.03s
Yosys 0.42 (git sha1 9b6afcf3f, clang++ 15.0.0 -fPIC -Os)
Time spent: 36% 24x read_verilog (0 sec), 13% 28x opt_expr (0 sec), ...
