
 /----------------------------------------------------------------------------\
 |  yosys -- Yosys Open SYnthesis Suite                                       |
 |  Copyright (C) 2012 - 2024  Claire Xenia Wolf <claire@yosyshq.com>         |
 |  Distributed under an ISC-like license, type "license" to see terms        |
 \----------------------------------------------------------------------------/
 Yosys 0.42 (git sha1 9b6afcf3f, clang++ 15.0.0 -fPIC -Os)

-- Running command `read_verilog tcn_8ch_layer_parallel.v tcn_network_8ch_2layer.v; synth_ice40 -top tcn_network_8ch_2layer -json channel_reports/8ch_2layer_k5/network_8bit.json' --

1. Executing Verilog-2005 frontend: tcn_8ch_layer_parallel.v
Parsing Verilog input from `tcn_8ch_layer_parallel.v' to AST representation.
Generating RTLIL representation for module `\tcn_8ch_layer_parallel'.
Warning: Replacing memory \history with list of registers. See tcn_8ch_layer_parallel.v:74
Warning: Replacing memory \conv_sum with list of registers. See tcn_8ch_layer_parallel.v:57, tcn_8ch_layer_parallel.v:55
Successfully finished Verilog frontend.

2. Executing Verilog-2005 frontend: tcn_network_8ch_2layer.v
Parsing Verilog input from `tcn_network_8ch_2layer.v' to AST representation.
Generating RTLIL representation for module `\tcn_network_8ch_2layer'.
Successfully finished Verilog frontend.

3. Executing SYNTH_ICE40 pass.

3.1. Executing Verilog-2005 frontend: /opt/homebrew/bin/../share/yosys/ice40/cells_sim.v
Parsing Verilog input from `/opt/homebrew/bin/../share/yosys/ice40/cells_sim.v' to AST representation.
Generating RTLIL representation for module `\SB_IO'.
Generating RTLIL representation for module `\SB_GB_IO'.
Generating RTLIL representation for module `\SB_GB'.
Generating RTLIL representation for module `\SB_LUT4'.
Generating RTLIL representation for module `\SB_CARRY'.
Generating RTLIL representation for module `\SB_DFF'.
Generating RTLIL representation for module `\SB_DFFE'.
Generating RTLIL representation for module `\SB_DFFSR'.
Generating RTLIL representation for module `\SB_DFFR'.
Generating RTLIL representation for module `\SB_DFFSS'.
Generating RTLIL representation for module `\SB_DFFS'.
Generating RTLIL representation for module `\SB_DFFESR'.
Generating RTLIL representation for module `\SB_DFFER'.
Generating RTLIL representation for module `\SB_DFFESS'.
Generating RTLIL representation for module `\SB_DFFES'.
Generating RTLIL representation for module `\SB_DFFN'.
Generating RTLIL representation for module `\SB_DFFNE'.
Generating RTLIL representation for module `\SB_DFFNSR'.
Generating RTLIL representation for module `\SB_DFFNR'.
Generating RTLIL representation for module `\SB_DFFNSS'.
Generating RTLIL representation for module `\SB_DFFNS'.
Generating RTLIL representation for module `\SB_DFFNESR'.
Generating RTLIL representation for module `\SB_DFFNER'.
Generating RTLIL representation for module `\SB_DFFNESS'.
Generating RTLIL representation for module `\SB_DFFNES'.
Generating RTLIL representation for module `\SB_RAM40_4K'.
Generating RTLIL representation for module `\SB_RAM40_4KNR'.
Generating RTLIL representation for module `\SB_RAM40_4KNW'.
Generating RTLIL representation for module `\SB_RAM40_4KNRNW'.
Generating RTLIL representation for module `\ICESTORM_LC'.
Generating RTLIL representation for module `\SB_PLL40_CORE'.
Generating RTLIL representation for module `\SB_PLL40_PAD'.
Generating RTLIL representation for module `\SB_PLL40_2_PAD'.
Generating RTLIL representation for module `\SB_PLL40_2F_CORE'.
Generating RTLIL representation for module `\SB_PLL40_2F_PAD'.
Generating RTLIL representation for module `\SB_WARMBOOT'.
Generating RTLIL representation for module `\SB_SPRAM256KA'.
Generating RTLIL representation for module `\SB_HFOSC'.
Generating RTLIL representation for module `\SB_LFOSC'.
Generating RTLIL representation for module `\SB_RGBA_DRV'.
Generating RTLIL representation for module `\SB_LED_DRV_CUR'.
Generating RTLIL representation for module `\SB_RGB_DRV'.
Generating RTLIL representation for module `\SB_I2C'.
Generating RTLIL representation for module `\SB_SPI'.
Generating RTLIL representation for module `\SB_LEDDA_IP'.
Generating RTLIL representation for module `\SB_FILTER_50NS'.
Generating RTLIL representation for module `\SB_IO_I3C'.
Generating RTLIL representation for module `\SB_IO_OD'.
Generating RTLIL representation for module `\SB_MAC16'.
Generating RTLIL representation for module `\ICESTORM_RAM'.
Successfully finished Verilog frontend.

3.2. Executing HIERARCHY pass (managing design hierarchy).

3.2.1. Analyzing design hierarchy..
Top module:  \tcn_network_8ch_2layer
Used module:     \tcn_8ch_layer_parallel
Parameter \CHANNELS = 8
Parameter \SAMPLE_WIDTH = 8
Parameter \WEIGHT_WIDTH = 8
Parameter \ACC_WIDTH = 8
Parameter \KERNEL_TAPS = 5
Parameter \DILATION = 1
Parameter \USE_RELU = 0

3.2.2. Executing AST frontend in derive mode using pre-parsed AST for module `\tcn_8ch_layer_parallel'.
Parameter \CHANNELS = 8
Parameter \SAMPLE_WIDTH = 8
Parameter \WEIGHT_WIDTH = 8
Parameter \ACC_WIDTH = 8
Parameter \KERNEL_TAPS = 5
Parameter \DILATION = 1
Parameter \USE_RELU = 0
Generating RTLIL representation for module `$paramod$76b8f7493ed3b86b470f7622c1320d4460647980\tcn_8ch_layer_parallel'.
Warning: Replacing memory \history with list of registers. See tcn_8ch_layer_parallel.v:74
Warning: Replacing memory \conv_sum with list of registers. See tcn_8ch_layer_parallel.v:57, tcn_8ch_layer_parallel.v:55
Parameter \CHANNELS = 8
Parameter \SAMPLE_WIDTH = 8
Parameter \WEIGHT_WIDTH = 8
Parameter \ACC_WIDTH = 8
Parameter \KERNEL_TAPS = 5
Parameter \DILATION = 1
Parameter \USE_RELU = 1

3.2.3. Executing AST frontend in derive mode using pre-parsed AST for module `\tcn_8ch_layer_parallel'.
Parameter \CHANNELS = 8
Parameter \SAMPLE_WIDTH = 8
Parameter \WEIGHT_WIDTH = 8
Parameter \ACC_WIDTH = 8
Parameter \KERNEL_TAPS = 5
Parameter \DILATION = 1
Parameter \USE_RELU = 1
Generating RTLIL representation for module `$paramod$a5519477f34245ed968d1dd15786863c888b99c9\tcn_8ch_layer_parallel'.
Warning: Replacing memory \history with list of registers. See tcn_8ch_layer_parallel.v:74
Warning: Replacing memory \conv_sum with list of registers. See tcn_8ch_layer_parallel.v:57, tcn_8ch_layer_parallel.v:55

3.2.4. Analyzing design hierarchy..
Top module:  \tcn_network_8ch_2layer
Used module:     $paramod$76b8f7493ed3b86b470f7622c1320d4460647980\tcn_8ch_layer_parallel
Used module:     $paramod$a5519477f34245ed968d1dd15786863c888b99c9\tcn_8ch_layer_parallel

3.2.5. Analyzing design hierarchy..
Top module:  \tcn_network_8ch_2layer
Used module:     $paramod$76b8f7493ed3b86b470f7622c1320d4460647980\tcn_8ch_layer_parallel
Used module:     $paramod$a5519477f34245ed968d1dd15786863c888b99c9\tcn_8ch_layer_parallel
Removing unused module `\tcn_8ch_layer_parallel'.
Removed 1 unused modules.

3.3. Executing PROC pass (convert processes to netlists).

3.3.1. Executing PROC_CLEAN pass (remove empty switches from decision trees).
Cleaned up 0 empty switches.

3.3.2. Executing PROC_RMDEAD pass (remove dead branches from decision trees).
Marked 10 switch rules as full_case in process $proc$tcn_8ch_layer_parallel.v:68$2330 in module $paramod$76b8f7493ed3b86b470f7622c1320d4460647980\tcn_8ch_layer_parallel.
Marked 1 switch rules as full_case in process $proc$/opt/homebrew/bin/../share/yosys/ice40/cells_sim.v:1414$1229 in module SB_DFFNES.
Marked 1 switch rules as full_case in process $proc$/opt/homebrew/bin/../share/yosys/ice40/cells_sim.v:1353$1222 in module SB_DFFNESS.
Marked 1 switch rules as full_case in process $proc$/opt/homebrew/bin/../share/yosys/ice40/cells_sim.v:1273$1218 in module SB_DFFNER.
Marked 1 switch rules as full_case in process $proc$/opt/homebrew/bin/../share/yosys/ice40/cells_sim.v:1212$1211 in module SB_DFFNESR.
Marked 1 switch rules as full_case in process $proc$/opt/homebrew/bin/../share/yosys/ice40/cells_sim.v:1138$1208 in module SB_DFFNS.
Marked 1 switch rules as full_case in process $proc$/opt/homebrew/bin/../share/yosys/ice40/cells_sim.v:1088$1205 in module SB_DFFNSS.
Marked 1 switch rules as full_case in process $proc$/opt/homebrew/bin/../share/yosys/ice40/cells_sim.v:1017$1202 in module SB_DFFNR.
Marked 1 switch rules as full_case in process $proc$/opt/homebrew/bin/../share/yosys/ice40/cells_sim.v:967$1199 in module SB_DFFNSR.
Marked 1 switch rules as full_case in process $proc$/opt/homebrew/bin/../share/yosys/ice40/cells_sim.v:803$1191 in module SB_DFFES.
Marked 1 switch rules as full_case in process $proc$/opt/homebrew/bin/../share/yosys/ice40/cells_sim.v:742$1184 in module SB_DFFESS.
Marked 1 switch rules as full_case in process $proc$/opt/homebrew/bin/../share/yosys/ice40/cells_sim.v:662$1180 in module SB_DFFER.
Marked 1 switch rules as full_case in process $proc$/opt/homebrew/bin/../share/yosys/ice40/cells_sim.v:601$1173 in module SB_DFFESR.
Marked 1 switch rules as full_case in process $proc$/opt/homebrew/bin/../share/yosys/ice40/cells_sim.v:527$1170 in module SB_DFFS.
Marked 1 switch rules as full_case in process $proc$/opt/homebrew/bin/../share/yosys/ice40/cells_sim.v:477$1167 in module SB_DFFSS.
Marked 1 switch rules as full_case in process $proc$/opt/homebrew/bin/../share/yosys/ice40/cells_sim.v:406$1164 in module SB_DFFR.
Marked 1 switch rules as full_case in process $proc$/opt/homebrew/bin/../share/yosys/ice40/cells_sim.v:356$1161 in module SB_DFFSR.
Marked 10 switch rules as full_case in process $proc$tcn_8ch_layer_parallel.v:68$3310 in module $paramod$a5519477f34245ed968d1dd15786863c888b99c9\tcn_8ch_layer_parallel.
Removed a total of 0 dead cases.

3.3.3. Executing PROC_PRUNE pass (remove redundant assignments in processes).
Removed 10 redundant assignments.
Promoted 50 assignments to connections.

3.3.4. Executing PROC_INIT pass (extract init attributes).
Found init rule in `\SB_DFFNES.$proc$/opt/homebrew/bin/../share/yosys/ice40/cells_sim.v:0$1232'.
  Set init value: \Q = 1'0
Found init rule in `\SB_DFFNESS.$proc$/opt/homebrew/bin/../share/yosys/ice40/cells_sim.v:0$1228'.
  Set init value: \Q = 1'0
Found init rule in `\SB_DFFNER.$proc$/opt/homebrew/bin/../share/yosys/ice40/cells_sim.v:0$1221'.
  Set init value: \Q = 1'0
Found init rule in `\SB_DFFNESR.$proc$/opt/homebrew/bin/../share/yosys/ice40/cells_sim.v:0$1217'.
  Set init value: \Q = 1'0
Found init rule in `\SB_DFFNS.$proc$/opt/homebrew/bin/../share/yosys/ice40/cells_sim.v:0$1210'.
  Set init value: \Q = 1'0
Found init rule in `\SB_DFFNSS.$proc$/opt/homebrew/bin/../share/yosys/ice40/cells_sim.v:0$1207'.
  Set init value: \Q = 1'0
Found init rule in `\SB_DFFNR.$proc$/opt/homebrew/bin/../share/yosys/ice40/cells_sim.v:0$1204'.
  Set init value: \Q = 1'0
Found init rule in `\SB_DFFNSR.$proc$/opt/homebrew/bin/../share/yosys/ice40/cells_sim.v:0$1201'.
  Set init value: \Q = 1'0
Found init rule in `\SB_DFFNE.$proc$/opt/homebrew/bin/../share/yosys/ice40/cells_sim.v:0$1198'.
  Set init value: \Q = 1'0
Found init rule in `\SB_DFFN.$proc$/opt/homebrew/bin/../share/yosys/ice40/cells_sim.v:0$1196'.
  Set init value: \Q = 1'0
Found init rule in `\SB_DFFES.$proc$/opt/homebrew/bin/../share/yosys/ice40/cells_sim.v:0$1194'.
  Set init value: \Q = 1'0
Found init rule in `\SB_DFFESS.$proc$/opt/homebrew/bin/../share/yosys/ice40/cells_sim.v:0$1190'.
  Set init value: \Q = 1'0
Found init rule in `\SB_DFFER.$proc$/opt/homebrew/bin/../share/yosys/ice40/cells_sim.v:0$1183'.
  Set init value: \Q = 1'0
Found init rule in `\SB_DFFESR.$proc$/opt/homebrew/bin/../share/yosys/ice40/cells_sim.v:0$1179'.
  Set init value: \Q = 1'0
Found init rule in `\SB_DFFS.$proc$/opt/homebrew/bin/../share/yosys/ice40/cells_sim.v:0$1172'.
  Set init value: \Q = 1'0
Found init rule in `\SB_DFFSS.$proc$/opt/homebrew/bin/../share/yosys/ice40/cells_sim.v:0$1169'.
  Set init value: \Q = 1'0
Found init rule in `\SB_DFFR.$proc$/opt/homebrew/bin/../share/yosys/ice40/cells_sim.v:0$1166'.
  Set init value: \Q = 1'0
Found init rule in `\SB_DFFSR.$proc$/opt/homebrew/bin/../share/yosys/ice40/cells_sim.v:0$1163'.
  Set init value: \Q = 1'0
Found init rule in `\SB_DFFE.$proc$/opt/homebrew/bin/../share/yosys/ice40/cells_sim.v:0$1160'.
  Set init value: \Q = 1'0
Found init rule in `\SB_DFF.$proc$/opt/homebrew/bin/../share/yosys/ice40/cells_sim.v:0$1158'.
  Set init value: \Q = 1'0

3.3.5. Executing PROC_ARST pass (detect async resets in processes).
Found async reset \S in `\SB_DFFNES.$proc$/opt/homebrew/bin/../share/yosys/ice40/cells_sim.v:1414$1229'.
Found async reset \R in `\SB_DFFNER.$proc$/opt/homebrew/bin/../share/yosys/ice40/cells_sim.v:1273$1218'.
Found async reset \S in `\SB_DFFNS.$proc$/opt/homebrew/bin/../share/yosys/ice40/cells_sim.v:1138$1208'.
Found async reset \R in `\SB_DFFNR.$proc$/opt/homebrew/bin/../share/yosys/ice40/cells_sim.v:1017$1202'.
Found async reset \S in `\SB_DFFES.$proc$/opt/homebrew/bin/../share/yosys/ice40/cells_sim.v:803$1191'.
Found async reset \R in `\SB_DFFER.$proc$/opt/homebrew/bin/../share/yosys/ice40/cells_sim.v:662$1180'.
Found async reset \S in `\SB_DFFS.$proc$/opt/homebrew/bin/../share/yosys/ice40/cells_sim.v:527$1170'.
Found async reset \R in `\SB_DFFR.$proc$/opt/homebrew/bin/../share/yosys/ice40/cells_sim.v:406$1164'.

3.3.6. Executing PROC_ROM pass (convert switches to ROMs).
Converted 0 switches.
<suppressed ~38 debug messages>

3.3.7. Executing PROC_MUX pass (convert decision trees to multiplexers).
Creating decoders for process `$paramod$76b8f7493ed3b86b470f7622c1320d4460647980\tcn_8ch_layer_parallel.$proc$tcn_8ch_layer_parallel.v:68$2330'.
     1/47: $0\sample_out[63:0] [63:56]
     2/47: $0\sample_out[63:0] [55:48]
     3/47: $0\sample_out[63:0] [47:40]
     4/47: $0\sample_out[63:0] [39:32]
     5/47: $0\sample_out[63:0] [31:24]
     6/47: $0\sample_out[63:0] [23:16]
     7/47: $0\sample_out[63:0] [15:8]
     8/47: $0\sample_out[63:0] [7:0]
     9/47: $2\h[31:0]
    10/47: $3\o[31:0]
    11/47: $2\c[31:0]
    12/47: $1\h[31:0]
    13/47: $0\output_valid[0:0]
    14/47: $2\o[31:0]
    15/47: $0\history[31][7:0]
    16/47: $0\history[30][7:0]
    17/47: $0\history[29][7:0]
    18/47: $0\history[28][7:0]
    19/47: $0\history[27][7:0]
    20/47: $0\history[26][7:0]
    21/47: $0\history[25][7:0]
    22/47: $0\history[24][7:0]
    23/47: $0\history[23][7:0]
    24/47: $0\history[22][7:0]
    25/47: $0\history[21][7:0]
    26/47: $0\history[20][7:0]
    27/47: $0\history[19][7:0]
    28/47: $0\history[18][7:0]
    29/47: $0\history[17][7:0]
    30/47: $0\history[16][7:0]
    31/47: $0\history[15][7:0]
    32/47: $0\history[14][7:0]
    33/47: $0\history[13][7:0]
    34/47: $0\history[12][7:0]
    35/47: $0\history[11][7:0]
    36/47: $0\history[10][7:0]
    37/47: $0\history[9][7:0]
    38/47: $0\history[8][7:0]
    39/47: $0\history[7][7:0]
    40/47: $0\history[6][7:0]
    41/47: $0\history[5][7:0]
    42/47: $0\history[4][7:0]
    43/47: $0\history[3][7:0]
    44/47: $0\history[2][7:0]
    45/47: $0\history[1][7:0]
    46/47: $0\history[0][7:0]
    47/47: $3\c[31:0]
Creating decoders for process `$paramod$76b8f7493ed3b86b470f7622c1320d4460647980\tcn_8ch_layer_parallel.$proc$tcn_8ch_layer_parallel.v:53$1689'.
Creating decoders for process `\SB_DFFNES.$proc$/opt/homebrew/bin/../share/yosys/ice40/cells_sim.v:0$1232'.
Creating decoders for process `\SB_DFFNES.$proc$/opt/homebrew/bin/../share/yosys/ice40/cells_sim.v:1414$1229'.
     1/1: $0\Q[0:0]
Creating decoders for process `\SB_DFFNESS.$proc$/opt/homebrew/bin/../share/yosys/ice40/cells_sim.v:0$1228'.
Creating decoders for process `\SB_DFFNESS.$proc$/opt/homebrew/bin/../share/yosys/ice40/cells_sim.v:1353$1222'.
     1/1: $0\Q[0:0]
Creating decoders for process `\SB_DFFNER.$proc$/opt/homebrew/bin/../share/yosys/ice40/cells_sim.v:0$1221'.
Creating decoders for process `\SB_DFFNER.$proc$/opt/homebrew/bin/../share/yosys/ice40/cells_sim.v:1273$1218'.
     1/1: $0\Q[0:0]
Creating decoders for process `\SB_DFFNESR.$proc$/opt/homebrew/bin/../share/yosys/ice40/cells_sim.v:0$1217'.
Creating decoders for process `\SB_DFFNESR.$proc$/opt/homebrew/bin/../share/yosys/ice40/cells_sim.v:1212$1211'.
     1/1: $0\Q[0:0]
Creating decoders for process `\SB_DFFNS.$proc$/opt/homebrew/bin/../share/yosys/ice40/cells_sim.v:0$1210'.
Creating decoders for process `\SB_DFFNS.$proc$/opt/homebrew/bin/../share/yosys/ice40/cells_sim.v:1138$1208'.
     1/1: $0\Q[0:0]
Creating decoders for process `\SB_DFFNSS.$proc$/opt/homebrew/bin/../share/yosys/ice40/cells_sim.v:0$1207'.
Creating decoders for process `\SB_DFFNSS.$proc$/opt/homebrew/bin/../share/yosys/ice40/cells_sim.v:1088$1205'.
     1/1: $0\Q[0:0]
Creating decoders for process `\SB_DFFNR.$proc$/opt/homebrew/bin/../share/yosys/ice40/cells_sim.v:0$1204'.
Creating decoders for process `\SB_DFFNR.$proc$/opt/homebrew/bin/../share/yosys/ice40/cells_sim.v:1017$1202'.
     1/1: $0\Q[0:0]
Creating decoders for process `\SB_DFFNSR.$proc$/opt/homebrew/bin/../share/yosys/ice40/cells_sim.v:0$1201'.
Creating decoders for process `\SB_DFFNSR.$proc$/opt/homebrew/bin/../share/yosys/ice40/cells_sim.v:967$1199'.
     1/1: $0\Q[0:0]
Creating decoders for process `\SB_DFFNE.$proc$/opt/homebrew/bin/../share/yosys/ice40/cells_sim.v:0$1198'.
Creating decoders for process `\SB_DFFNE.$proc$/opt/homebrew/bin/../share/yosys/ice40/cells_sim.v:922$1197'.
     1/1: $0\Q[0:0]
Creating decoders for process `\SB_DFFN.$proc$/opt/homebrew/bin/../share/yosys/ice40/cells_sim.v:0$1196'.
Creating decoders for process `\SB_DFFN.$proc$/opt/homebrew/bin/../share/yosys/ice40/cells_sim.v:882$1195'.
Creating decoders for process `\SB_DFFES.$proc$/opt/homebrew/bin/../share/yosys/ice40/cells_sim.v:0$1194'.
Creating decoders for process `\SB_DFFES.$proc$/opt/homebrew/bin/../share/yosys/ice40/cells_sim.v:803$1191'.
     1/1: $0\Q[0:0]
Creating decoders for process `\SB_DFFESS.$proc$/opt/homebrew/bin/../share/yosys/ice40/cells_sim.v:0$1190'.
Creating decoders for process `\SB_DFFESS.$proc$/opt/homebrew/bin/../share/yosys/ice40/cells_sim.v:742$1184'.
     1/1: $0\Q[0:0]
Creating decoders for process `\SB_DFFER.$proc$/opt/homebrew/bin/../share/yosys/ice40/cells_sim.v:0$1183'.
Creating decoders for process `\SB_DFFER.$proc$/opt/homebrew/bin/../share/yosys/ice40/cells_sim.v:662$1180'.
     1/1: $0\Q[0:0]
Creating decoders for process `\SB_DFFESR.$proc$/opt/homebrew/bin/../share/yosys/ice40/cells_sim.v:0$1179'.
Creating decoders for process `\SB_DFFESR.$proc$/opt/homebrew/bin/../share/yosys/ice40/cells_sim.v:601$1173'.
     1/1: $0\Q[0:0]
Creating decoders for process `\SB_DFFS.$proc$/opt/homebrew/bin/../share/yosys/ice40/cells_sim.v:0$1172'.
Creating decoders for process `\SB_DFFS.$proc$/opt/homebrew/bin/../share/yosys/ice40/cells_sim.v:527$1170'.
     1/1: $0\Q[0:0]
Creating decoders for process `\SB_DFFSS.$proc$/opt/homebrew/bin/../share/yosys/ice40/cells_sim.v:0$1169'.
Creating decoders for process `\SB_DFFSS.$proc$/opt/homebrew/bin/../share/yosys/ice40/cells_sim.v:477$1167'.
     1/1: $0\Q[0:0]
Creating decoders for process `\SB_DFFR.$proc$/opt/homebrew/bin/../share/yosys/ice40/cells_sim.v:0$1166'.
Creating decoders for process `\SB_DFFR.$proc$/opt/homebrew/bin/../share/yosys/ice40/cells_sim.v:406$1164'.
     1/1: $0\Q[0:0]
Creating decoders for process `\SB_DFFSR.$proc$/opt/homebrew/bin/../share/yosys/ice40/cells_sim.v:0$1163'.
Creating decoders for process `\SB_DFFSR.$proc$/opt/homebrew/bin/../share/yosys/ice40/cells_sim.v:356$1161'.
     1/1: $0\Q[0:0]
Creating decoders for process `\SB_DFFE.$proc$/opt/homebrew/bin/../share/yosys/ice40/cells_sim.v:0$1160'.
Creating decoders for process `\SB_DFFE.$proc$/opt/homebrew/bin/../share/yosys/ice40/cells_sim.v:311$1159'.
     1/1: $0\Q[0:0]
Creating decoders for process `\SB_DFF.$proc$/opt/homebrew/bin/../share/yosys/ice40/cells_sim.v:0$1158'.
Creating decoders for process `\SB_DFF.$proc$/opt/homebrew/bin/../share/yosys/ice40/cells_sim.v:271$1157'.
Creating decoders for process `$paramod$a5519477f34245ed968d1dd15786863c888b99c9\tcn_8ch_layer_parallel.$proc$tcn_8ch_layer_parallel.v:68$3310'.
     1/47: $0\sample_out[63:0] [63:56]
     2/47: $0\sample_out[63:0] [55:48]
     3/47: $0\sample_out[63:0] [47:40]
     4/47: $0\sample_out[63:0] [39:32]
     5/47: $0\sample_out[63:0] [31:24]
     6/47: $0\sample_out[63:0] [23:16]
     7/47: $0\sample_out[63:0] [15:8]
     8/47: $0\sample_out[63:0] [7:0]
     9/47: $2\h[31:0]
    10/47: $3\o[31:0]
    11/47: $2\c[31:0]
    12/47: $1\h[31:0]
    13/47: $0\output_valid[0:0]
    14/47: $2\o[31:0]
    15/47: $0\history[31][7:0]
    16/47: $0\history[30][7:0]
    17/47: $0\history[29][7:0]
    18/47: $0\history[28][7:0]
    19/47: $0\history[27][7:0]
    20/47: $0\history[26][7:0]
    21/47: $0\history[25][7:0]
    22/47: $0\history[24][7:0]
    23/47: $0\history[23][7:0]
    24/47: $0\history[22][7:0]
    25/47: $0\history[21][7:0]
    26/47: $0\history[20][7:0]
    27/47: $0\history[19][7:0]
    28/47: $0\history[18][7:0]
    29/47: $0\history[17][7:0]
    30/47: $0\history[16][7:0]
    31/47: $0\history[15][7:0]
    32/47: $0\history[14][7:0]
    33/47: $0\history[13][7:0]
    34/47: $0\history[12][7:0]
    35/47: $0\history[11][7:0]
    36/47: $0\history[10][7:0]
    37/47: $0\history[9][7:0]
    38/47: $0\history[8][7:0]
    39/47: $0\history[7][7:0]
    40/47: $0\history[6][7:0]
    41/47: $0\history[5][7:0]
    42/47: $0\history[4][7:0]
    43/47: $0\history[3][7:0]
    44/47: $0\history[2][7:0]
    45/47: $0\history[1][7:0]
    46/47: $0\history[0][7:0]
    47/47: $3\c[31:0]
Creating decoders for process `$paramod$a5519477f34245ed968d1dd15786863c888b99c9\tcn_8ch_layer_parallel.$proc$tcn_8ch_layer_parallel.v:53$2669'.

3.3.8. Executing PROC_DLATCH pass (convert process syncs to latches).
No latch inferred for signal `$paramod$76b8f7493ed3b86b470f7622c1320d4460647980\tcn_8ch_layer_parallel.\o' from process `$paramod$76b8f7493ed3b86b470f7622c1320d4460647980\tcn_8ch_layer_parallel.$proc$tcn_8ch_layer_parallel.v:53$1689'.
No latch inferred for signal `$paramod$76b8f7493ed3b86b470f7622c1320d4460647980\tcn_8ch_layer_parallel.\c' from process `$paramod$76b8f7493ed3b86b470f7622c1320d4460647980\tcn_8ch_layer_parallel.$proc$tcn_8ch_layer_parallel.v:53$1689'.
No latch inferred for signal `$paramod$76b8f7493ed3b86b470f7622c1320d4460647980\tcn_8ch_layer_parallel.\t' from process `$paramod$76b8f7493ed3b86b470f7622c1320d4460647980\tcn_8ch_layer_parallel.$proc$tcn_8ch_layer_parallel.v:53$1689'.
No latch inferred for signal `$paramod$76b8f7493ed3b86b470f7622c1320d4460647980\tcn_8ch_layer_parallel.\conv_sum[0]' from process `$paramod$76b8f7493ed3b86b470f7622c1320d4460647980\tcn_8ch_layer_parallel.$proc$tcn_8ch_layer_parallel.v:53$1689'.
No latch inferred for signal `$paramod$76b8f7493ed3b86b470f7622c1320d4460647980\tcn_8ch_layer_parallel.\conv_sum[1]' from process `$paramod$76b8f7493ed3b86b470f7622c1320d4460647980\tcn_8ch_layer_parallel.$proc$tcn_8ch_layer_parallel.v:53$1689'.
No latch inferred for signal `$paramod$76b8f7493ed3b86b470f7622c1320d4460647980\tcn_8ch_layer_parallel.\conv_sum[2]' from process `$paramod$76b8f7493ed3b86b470f7622c1320d4460647980\tcn_8ch_layer_parallel.$proc$tcn_8ch_layer_parallel.v:53$1689'.
No latch inferred for signal `$paramod$76b8f7493ed3b86b470f7622c1320d4460647980\tcn_8ch_layer_parallel.\conv_sum[3]' from process `$paramod$76b8f7493ed3b86b470f7622c1320d4460647980\tcn_8ch_layer_parallel.$proc$tcn_8ch_layer_parallel.v:53$1689'.
No latch inferred for signal `$paramod$76b8f7493ed3b86b470f7622c1320d4460647980\tcn_8ch_layer_parallel.\conv_sum[4]' from process `$paramod$76b8f7493ed3b86b470f7622c1320d4460647980\tcn_8ch_layer_parallel.$proc$tcn_8ch_layer_parallel.v:53$1689'.
No latch inferred for signal `$paramod$76b8f7493ed3b86b470f7622c1320d4460647980\tcn_8ch_layer_parallel.\conv_sum[5]' from process `$paramod$76b8f7493ed3b86b470f7622c1320d4460647980\tcn_8ch_layer_parallel.$proc$tcn_8ch_layer_parallel.v:53$1689'.
No latch inferred for signal `$paramod$76b8f7493ed3b86b470f7622c1320d4460647980\tcn_8ch_layer_parallel.\conv_sum[6]' from process `$paramod$76b8f7493ed3b86b470f7622c1320d4460647980\tcn_8ch_layer_parallel.$proc$tcn_8ch_layer_parallel.v:53$1689'.
No latch inferred for signal `$paramod$76b8f7493ed3b86b470f7622c1320d4460647980\tcn_8ch_layer_parallel.\conv_sum[7]' from process `$paramod$76b8f7493ed3b86b470f7622c1320d4460647980\tcn_8ch_layer_parallel.$proc$tcn_8ch_layer_parallel.v:53$1689'.
No latch inferred for signal `$paramod$a5519477f34245ed968d1dd15786863c888b99c9\tcn_8ch_layer_parallel.\o' from process `$paramod$a5519477f34245ed968d1dd15786863c888b99c9\tcn_8ch_layer_parallel.$proc$tcn_8ch_layer_parallel.v:53$2669'.
No latch inferred for signal `$paramod$a5519477f34245ed968d1dd15786863c888b99c9\tcn_8ch_layer_parallel.\c' from process `$paramod$a5519477f34245ed968d1dd15786863c888b99c9\tcn_8ch_layer_parallel.$proc$tcn_8ch_layer_parallel.v:53$2669'.
No latch inferred for signal `$paramod$a5519477f34245ed968d1dd15786863c888b99c9\tcn_8ch_layer_parallel.\t' from process `$paramod$a5519477f34245ed968d1dd15786863c888b99c9\tcn_8ch_layer_parallel.$proc$tcn_8ch_layer_parallel.v:53$2669'.
No latch inferred for signal `$paramod$a5519477f34245ed968d1dd15786863c888b99c9\tcn_8ch_layer_parallel.\conv_sum[0]' from process `$paramod$a5519477f34245ed968d1dd15786863c888b99c9\tcn_8ch_layer_parallel.$proc$tcn_8ch_layer_parallel.v:53$2669'.
No latch inferred for signal `$paramod$a5519477f34245ed968d1dd15786863c888b99c9\tcn_8ch_layer_parallel.\conv_sum[1]' from process `$paramod$a5519477f34245ed968d1dd15786863c888b99c9\tcn_8ch_layer_parallel.$proc$tcn_8ch_layer_parallel.v:53$2669'.
No latch inferred for signal `$paramod$a5519477f34245ed968d1dd15786863c888b99c9\tcn_8ch_layer_parallel.\conv_sum[2]' from process `$paramod$a5519477f34245ed968d1dd15786863c888b99c9\tcn_8ch_layer_parallel.$proc$tcn_8ch_layer_parallel.v:53$2669'.
No latch inferred for signal `$paramod$a5519477f34245ed968d1dd15786863c888b99c9\tcn_8ch_layer_parallel.\conv_sum[3]' from process `$paramod$a5519477f34245ed968d1dd15786863c888b99c9\tcn_8ch_layer_parallel.$proc$tcn_8ch_layer_parallel.v:53$2669'.
No latch inferred for signal `$paramod$a5519477f34245ed968d1dd15786863c888b99c9\tcn_8ch_layer_parallel.\conv_sum[4]' from process `$paramod$a5519477f34245ed968d1dd15786863c888b99c9\tcn_8ch_layer_parallel.$proc$tcn_8ch_layer_parallel.v:53$2669'.
No latch inferred for signal `$paramod$a5519477f34245ed968d1dd15786863c888b99c9\tcn_8ch_layer_parallel.\conv_sum[5]' from process `$paramod$a5519477f34245ed968d1dd15786863c888b99c9\tcn_8ch_layer_parallel.$proc$tcn_8ch_layer_parallel.v:53$2669'.
No latch inferred for signal `$paramod$a5519477f34245ed968d1dd15786863c888b99c9\tcn_8ch_layer_parallel.\conv_sum[6]' from process `$paramod$a5519477f34245ed968d1dd15786863c888b99c9\tcn_8ch_layer_parallel.$proc$tcn_8ch_layer_parallel.v:53$2669'.
No latch inferred for signal `$paramod$a5519477f34245ed968d1dd15786863c888b99c9\tcn_8ch_layer_parallel.\conv_sum[7]' from process `$paramod$a5519477f34245ed968d1dd15786863c888b99c9\tcn_8ch_layer_parallel.$proc$tcn_8ch_layer_parallel.v:53$2669'.

3.3.9. Executing PROC_DFF pass (convert process syncs to FFs).
Creating register for signal `$paramod$76b8f7493ed3b86b470f7622c1320d4460647980\tcn_8ch_layer_parallel.\output_valid' using process `$paramod$76b8f7493ed3b86b470f7622c1320d4460647980\tcn_8ch_layer_parallel.$proc$tcn_8ch_layer_parallel.v:68$2330'.
  created $dff cell `$procdff$3961' with positive edge clock.
Creating register for signal `$paramod$76b8f7493ed3b86b470f7622c1320d4460647980\tcn_8ch_layer_parallel.\sample_out' using process `$paramod$76b8f7493ed3b86b470f7622c1320d4460647980\tcn_8ch_layer_parallel.$proc$tcn_8ch_layer_parallel.v:68$2330'.
  created $dff cell `$procdff$3962' with positive edge clock.
Creating register for signal `$paramod$76b8f7493ed3b86b470f7622c1320d4460647980\tcn_8ch_layer_parallel.\o' using process `$paramod$76b8f7493ed3b86b470f7622c1320d4460647980\tcn_8ch_layer_parallel.$proc$tcn_8ch_layer_parallel.v:68$2330'.
  created $dff cell `$procdff$3963' with positive edge clock.
Creating register for signal `$paramod$76b8f7493ed3b86b470f7622c1320d4460647980\tcn_8ch_layer_parallel.\c' using process `$paramod$76b8f7493ed3b86b470f7622c1320d4460647980\tcn_8ch_layer_parallel.$proc$tcn_8ch_layer_parallel.v:68$2330'.
  created $dff cell `$procdff$3964' with positive edge clock.
Creating register for signal `$paramod$76b8f7493ed3b86b470f7622c1320d4460647980\tcn_8ch_layer_parallel.\h' using process `$paramod$76b8f7493ed3b86b470f7622c1320d4460647980\tcn_8ch_layer_parallel.$proc$tcn_8ch_layer_parallel.v:68$2330'.
  created $dff cell `$procdff$3965' with positive edge clock.
Creating register for signal `$paramod$76b8f7493ed3b86b470f7622c1320d4460647980\tcn_8ch_layer_parallel.\history[0]' using process `$paramod$76b8f7493ed3b86b470f7622c1320d4460647980\tcn_8ch_layer_parallel.$proc$tcn_8ch_layer_parallel.v:68$2330'.
  created $dff cell `$procdff$3966' with positive edge clock.
Creating register for signal `$paramod$76b8f7493ed3b86b470f7622c1320d4460647980\tcn_8ch_layer_parallel.\history[1]' using process `$paramod$76b8f7493ed3b86b470f7622c1320d4460647980\tcn_8ch_layer_parallel.$proc$tcn_8ch_layer_parallel.v:68$2330'.
  created $dff cell `$procdff$3967' with positive edge clock.
Creating register for signal `$paramod$76b8f7493ed3b86b470f7622c1320d4460647980\tcn_8ch_layer_parallel.\history[2]' using process `$paramod$76b8f7493ed3b86b470f7622c1320d4460647980\tcn_8ch_layer_parallel.$proc$tcn_8ch_layer_parallel.v:68$2330'.
  created $dff cell `$procdff$3968' with positive edge clock.
Creating register for signal `$paramod$76b8f7493ed3b86b470f7622c1320d4460647980\tcn_8ch_layer_parallel.\history[3]' using process `$paramod$76b8f7493ed3b86b470f7622c1320d4460647980\tcn_8ch_layer_parallel.$proc$tcn_8ch_layer_parallel.v:68$2330'.
  created $dff cell `$procdff$3969' with positive edge clock.
Creating register for signal `$paramod$76b8f7493ed3b86b470f7622c1320d4460647980\tcn_8ch_layer_parallel.\history[4]' using process `$paramod$76b8f7493ed3b86b470f7622c1320d4460647980\tcn_8ch_layer_parallel.$proc$tcn_8ch_layer_parallel.v:68$2330'.
  created $dff cell `$procdff$3970' with positive edge clock.
Creating register for signal `$paramod$76b8f7493ed3b86b470f7622c1320d4460647980\tcn_8ch_layer_parallel.\history[5]' using process `$paramod$76b8f7493ed3b86b470f7622c1320d4460647980\tcn_8ch_layer_parallel.$proc$tcn_8ch_layer_parallel.v:68$2330'.
  created $dff cell `$procdff$3971' with positive edge clock.
Creating register for signal `$paramod$76b8f7493ed3b86b470f7622c1320d4460647980\tcn_8ch_layer_parallel.\history[6]' using process `$paramod$76b8f7493ed3b86b470f7622c1320d4460647980\tcn_8ch_layer_parallel.$proc$tcn_8ch_layer_parallel.v:68$2330'.
  created $dff cell `$procdff$3972' with positive edge clock.
Creating register for signal `$paramod$76b8f7493ed3b86b470f7622c1320d4460647980\tcn_8ch_layer_parallel.\history[7]' using process `$paramod$76b8f7493ed3b86b470f7622c1320d4460647980\tcn_8ch_layer_parallel.$proc$tcn_8ch_layer_parallel.v:68$2330'.
  created $dff cell `$procdff$3973' with positive edge clock.
Creating register for signal `$paramod$76b8f7493ed3b86b470f7622c1320d4460647980\tcn_8ch_layer_parallel.\history[8]' using process `$paramod$76b8f7493ed3b86b470f7622c1320d4460647980\tcn_8ch_layer_parallel.$proc$tcn_8ch_layer_parallel.v:68$2330'.
  created $dff cell `$procdff$3974' with positive edge clock.
Creating register for signal `$paramod$76b8f7493ed3b86b470f7622c1320d4460647980\tcn_8ch_layer_parallel.\history[9]' using process `$paramod$76b8f7493ed3b86b470f7622c1320d4460647980\tcn_8ch_layer_parallel.$proc$tcn_8ch_layer_parallel.v:68$2330'.
  created $dff cell `$procdff$3975' with positive edge clock.
Creating register for signal `$paramod$76b8f7493ed3b86b470f7622c1320d4460647980\tcn_8ch_layer_parallel.\history[10]' using process `$paramod$76b8f7493ed3b86b470f7622c1320d4460647980\tcn_8ch_layer_parallel.$proc$tcn_8ch_layer_parallel.v:68$2330'.
  created $dff cell `$procdff$3976' with positive edge clock.
Creating register for signal `$paramod$76b8f7493ed3b86b470f7622c1320d4460647980\tcn_8ch_layer_parallel.\history[11]' using process `$paramod$76b8f7493ed3b86b470f7622c1320d4460647980\tcn_8ch_layer_parallel.$proc$tcn_8ch_layer_parallel.v:68$2330'.
  created $dff cell `$procdff$3977' with positive edge clock.
Creating register for signal `$paramod$76b8f7493ed3b86b470f7622c1320d4460647980\tcn_8ch_layer_parallel.\history[12]' using process `$paramod$76b8f7493ed3b86b470f7622c1320d4460647980\tcn_8ch_layer_parallel.$proc$tcn_8ch_layer_parallel.v:68$2330'.
  created $dff cell `$procdff$3978' with positive edge clock.
Creating register for signal `$paramod$76b8f7493ed3b86b470f7622c1320d4460647980\tcn_8ch_layer_parallel.\history[13]' using process `$paramod$76b8f7493ed3b86b470f7622c1320d4460647980\tcn_8ch_layer_parallel.$proc$tcn_8ch_layer_parallel.v:68$2330'.
  created $dff cell `$procdff$3979' with positive edge clock.
Creating register for signal `$paramod$76b8f7493ed3b86b470f7622c1320d4460647980\tcn_8ch_layer_parallel.\history[14]' using process `$paramod$76b8f7493ed3b86b470f7622c1320d4460647980\tcn_8ch_layer_parallel.$proc$tcn_8ch_layer_parallel.v:68$2330'.
  created $dff cell `$procdff$3980' with positive edge clock.
Creating register for signal `$paramod$76b8f7493ed3b86b470f7622c1320d4460647980\tcn_8ch_layer_parallel.\history[15]' using process `$paramod$76b8f7493ed3b86b470f7622c1320d4460647980\tcn_8ch_layer_parallel.$proc$tcn_8ch_layer_parallel.v:68$2330'.
  created $dff cell `$procdff$3981' with positive edge clock.
Creating register for signal `$paramod$76b8f7493ed3b86b470f7622c1320d4460647980\tcn_8ch_layer_parallel.\history[16]' using process `$paramod$76b8f7493ed3b86b470f7622c1320d4460647980\tcn_8ch_layer_parallel.$proc$tcn_8ch_layer_parallel.v:68$2330'.
  created $dff cell `$procdff$3982' with positive edge clock.
Creating register for signal `$paramod$76b8f7493ed3b86b470f7622c1320d4460647980\tcn_8ch_layer_parallel.\history[17]' using process `$paramod$76b8f7493ed3b86b470f7622c1320d4460647980\tcn_8ch_layer_parallel.$proc$tcn_8ch_layer_parallel.v:68$2330'.
  created $dff cell `$procdff$3983' with positive edge clock.
Creating register for signal `$paramod$76b8f7493ed3b86b470f7622c1320d4460647980\tcn_8ch_layer_parallel.\history[18]' using process `$paramod$76b8f7493ed3b86b470f7622c1320d4460647980\tcn_8ch_layer_parallel.$proc$tcn_8ch_layer_parallel.v:68$2330'.
  created $dff cell `$procdff$3984' with positive edge clock.
Creating register for signal `$paramod$76b8f7493ed3b86b470f7622c1320d4460647980\tcn_8ch_layer_parallel.\history[19]' using process `$paramod$76b8f7493ed3b86b470f7622c1320d4460647980\tcn_8ch_layer_parallel.$proc$tcn_8ch_layer_parallel.v:68$2330'.
  created $dff cell `$procdff$3985' with positive edge clock.
Creating register for signal `$paramod$76b8f7493ed3b86b470f7622c1320d4460647980\tcn_8ch_layer_parallel.\history[20]' using process `$paramod$76b8f7493ed3b86b470f7622c1320d4460647980\tcn_8ch_layer_parallel.$proc$tcn_8ch_layer_parallel.v:68$2330'.
  created $dff cell `$procdff$3986' with positive edge clock.
Creating register for signal `$paramod$76b8f7493ed3b86b470f7622c1320d4460647980\tcn_8ch_layer_parallel.\history[21]' using process `$paramod$76b8f7493ed3b86b470f7622c1320d4460647980\tcn_8ch_layer_parallel.$proc$tcn_8ch_layer_parallel.v:68$2330'.
  created $dff cell `$procdff$3987' with positive edge clock.
Creating register for signal `$paramod$76b8f7493ed3b86b470f7622c1320d4460647980\tcn_8ch_layer_parallel.\history[22]' using process `$paramod$76b8f7493ed3b86b470f7622c1320d4460647980\tcn_8ch_layer_parallel.$proc$tcn_8ch_layer_parallel.v:68$2330'.
  created $dff cell `$procdff$3988' with positive edge clock.
Creating register for signal `$paramod$76b8f7493ed3b86b470f7622c1320d4460647980\tcn_8ch_layer_parallel.\history[23]' using process `$paramod$76b8f7493ed3b86b470f7622c1320d4460647980\tcn_8ch_layer_parallel.$proc$tcn_8ch_layer_parallel.v:68$2330'.
  created $dff cell `$procdff$3989' with positive edge clock.
Creating register for signal `$paramod$76b8f7493ed3b86b470f7622c1320d4460647980\tcn_8ch_layer_parallel.\history[24]' using process `$paramod$76b8f7493ed3b86b470f7622c1320d4460647980\tcn_8ch_layer_parallel.$proc$tcn_8ch_layer_parallel.v:68$2330'.
  created $dff cell `$procdff$3990' with positive edge clock.
Creating register for signal `$paramod$76b8f7493ed3b86b470f7622c1320d4460647980\tcn_8ch_layer_parallel.\history[25]' using process `$paramod$76b8f7493ed3b86b470f7622c1320d4460647980\tcn_8ch_layer_parallel.$proc$tcn_8ch_layer_parallel.v:68$2330'.
  created $dff cell `$procdff$3991' with positive edge clock.
Creating register for signal `$paramod$76b8f7493ed3b86b470f7622c1320d4460647980\tcn_8ch_layer_parallel.\history[26]' using process `$paramod$76b8f7493ed3b86b470f7622c1320d4460647980\tcn_8ch_layer_parallel.$proc$tcn_8ch_layer_parallel.v:68$2330'.
  created $dff cell `$procdff$3992' with positive edge clock.
Creating register for signal `$paramod$76b8f7493ed3b86b470f7622c1320d4460647980\tcn_8ch_layer_parallel.\history[27]' using process `$paramod$76b8f7493ed3b86b470f7622c1320d4460647980\tcn_8ch_layer_parallel.$proc$tcn_8ch_layer_parallel.v:68$2330'.
  created $dff cell `$procdff$3993' with positive edge clock.
Creating register for signal `$paramod$76b8f7493ed3b86b470f7622c1320d4460647980\tcn_8ch_layer_parallel.\history[28]' using process `$paramod$76b8f7493ed3b86b470f7622c1320d4460647980\tcn_8ch_layer_parallel.$proc$tcn_8ch_layer_parallel.v:68$2330'.
  created $dff cell `$procdff$3994' with positive edge clock.
Creating register for signal `$paramod$76b8f7493ed3b86b470f7622c1320d4460647980\tcn_8ch_layer_parallel.\history[29]' using process `$paramod$76b8f7493ed3b86b470f7622c1320d4460647980\tcn_8ch_layer_parallel.$proc$tcn_8ch_layer_parallel.v:68$2330'.
  created $dff cell `$procdff$3995' with positive edge clock.
Creating register for signal `$paramod$76b8f7493ed3b86b470f7622c1320d4460647980\tcn_8ch_layer_parallel.\history[30]' using process `$paramod$76b8f7493ed3b86b470f7622c1320d4460647980\tcn_8ch_layer_parallel.$proc$tcn_8ch_layer_parallel.v:68$2330'.
  created $dff cell `$procdff$3996' with positive edge clock.
Creating register for signal `$paramod$76b8f7493ed3b86b470f7622c1320d4460647980\tcn_8ch_layer_parallel.\history[31]' using process `$paramod$76b8f7493ed3b86b470f7622c1320d4460647980\tcn_8ch_layer_parallel.$proc$tcn_8ch_layer_parallel.v:68$2330'.
  created $dff cell `$procdff$3997' with positive edge clock.
Creating register for signal `\SB_DFFNES.\Q' using process `\SB_DFFNES.$proc$/opt/homebrew/bin/../share/yosys/ice40/cells_sim.v:1414$1229'.
  created $adff cell `$procdff$3998' with negative edge clock and positive level reset.
Creating register for signal `\SB_DFFNESS.\Q' using process `\SB_DFFNESS.$proc$/opt/homebrew/bin/../share/yosys/ice40/cells_sim.v:1353$1222'.
  created $dff cell `$procdff$3999' with negative edge clock.
Creating register for signal `\SB_DFFNER.\Q' using process `\SB_DFFNER.$proc$/opt/homebrew/bin/../share/yosys/ice40/cells_sim.v:1273$1218'.
  created $adff cell `$procdff$4000' with negative edge clock and positive level reset.
Creating register for signal `\SB_DFFNESR.\Q' using process `\SB_DFFNESR.$proc$/opt/homebrew/bin/../share/yosys/ice40/cells_sim.v:1212$1211'.
  created $dff cell `$procdff$4001' with negative edge clock.
Creating register for signal `\SB_DFFNS.\Q' using process `\SB_DFFNS.$proc$/opt/homebrew/bin/../share/yosys/ice40/cells_sim.v:1138$1208'.
  created $adff cell `$procdff$4002' with negative edge clock and positive level reset.
Creating register for signal `\SB_DFFNSS.\Q' using process `\SB_DFFNSS.$proc$/opt/homebrew/bin/../share/yosys/ice40/cells_sim.v:1088$1205'.
  created $dff cell `$procdff$4003' with negative edge clock.
Creating register for signal `\SB_DFFNR.\Q' using process `\SB_DFFNR.$proc$/opt/homebrew/bin/../share/yosys/ice40/cells_sim.v:1017$1202'.
  created $adff cell `$procdff$4004' with negative edge clock and positive level reset.
Creating register for signal `\SB_DFFNSR.\Q' using process `\SB_DFFNSR.$proc$/opt/homebrew/bin/../share/yosys/ice40/cells_sim.v:967$1199'.
  created $dff cell `$procdff$4005' with negative edge clock.
Creating register for signal `\SB_DFFNE.\Q' using process `\SB_DFFNE.$proc$/opt/homebrew/bin/../share/yosys/ice40/cells_sim.v:922$1197'.
  created $dff cell `$procdff$4006' with negative edge clock.
Creating register for signal `\SB_DFFN.\Q' using process `\SB_DFFN.$proc$/opt/homebrew/bin/../share/yosys/ice40/cells_sim.v:882$1195'.
  created $dff cell `$procdff$4007' with negative edge clock.
Creating register for signal `\SB_DFFES.\Q' using process `\SB_DFFES.$proc$/opt/homebrew/bin/../share/yosys/ice40/cells_sim.v:803$1191'.
  created $adff cell `$procdff$4008' with positive edge clock and positive level reset.
Creating register for signal `\SB_DFFESS.\Q' using process `\SB_DFFESS.$proc$/opt/homebrew/bin/../share/yosys/ice40/cells_sim.v:742$1184'.
  created $dff cell `$procdff$4009' with positive edge clock.
Creating register for signal `\SB_DFFER.\Q' using process `\SB_DFFER.$proc$/opt/homebrew/bin/../share/yosys/ice40/cells_sim.v:662$1180'.
  created $adff cell `$procdff$4010' with positive edge clock and positive level reset.
Creating register for signal `\SB_DFFESR.\Q' using process `\SB_DFFESR.$proc$/opt/homebrew/bin/../share/yosys/ice40/cells_sim.v:601$1173'.
  created $dff cell `$procdff$4011' with positive edge clock.
Creating register for signal `\SB_DFFS.\Q' using process `\SB_DFFS.$proc$/opt/homebrew/bin/../share/yosys/ice40/cells_sim.v:527$1170'.
  created $adff cell `$procdff$4012' with positive edge clock and positive level reset.
Creating register for signal `\SB_DFFSS.\Q' using process `\SB_DFFSS.$proc$/opt/homebrew/bin/../share/yosys/ice40/cells_sim.v:477$1167'.
  created $dff cell `$procdff$4013' with positive edge clock.
Creating register for signal `\SB_DFFR.\Q' using process `\SB_DFFR.$proc$/opt/homebrew/bin/../share/yosys/ice40/cells_sim.v:406$1164'.
  created $adff cell `$procdff$4014' with positive edge clock and positive level reset.
Creating register for signal `\SB_DFFSR.\Q' using process `\SB_DFFSR.$proc$/opt/homebrew/bin/../share/yosys/ice40/cells_sim.v:356$1161'.
  created $dff cell `$procdff$4015' with positive edge clock.
Creating register for signal `\SB_DFFE.\Q' using process `\SB_DFFE.$proc$/opt/homebrew/bin/../share/yosys/ice40/cells_sim.v:311$1159'.
  created $dff cell `$procdff$4016' with positive edge clock.
Creating register for signal `\SB_DFF.\Q' using process `\SB_DFF.$proc$/opt/homebrew/bin/../share/yosys/ice40/cells_sim.v:271$1157'.
  created $dff cell `$procdff$4017' with positive edge clock.
Creating register for signal `$paramod$a5519477f34245ed968d1dd15786863c888b99c9\tcn_8ch_layer_parallel.\output_valid' using process `$paramod$a5519477f34245ed968d1dd15786863c888b99c9\tcn_8ch_layer_parallel.$proc$tcn_8ch_layer_parallel.v:68$3310'.
  created $dff cell `$procdff$4018' with positive edge clock.
Creating register for signal `$paramod$a5519477f34245ed968d1dd15786863c888b99c9\tcn_8ch_layer_parallel.\sample_out' using process `$paramod$a5519477f34245ed968d1dd15786863c888b99c9\tcn_8ch_layer_parallel.$proc$tcn_8ch_layer_parallel.v:68$3310'.
  created $dff cell `$procdff$4019' with positive edge clock.
Creating register for signal `$paramod$a5519477f34245ed968d1dd15786863c888b99c9\tcn_8ch_layer_parallel.\o' using process `$paramod$a5519477f34245ed968d1dd15786863c888b99c9\tcn_8ch_layer_parallel.$proc$tcn_8ch_layer_parallel.v:68$3310'.
  created $dff cell `$procdff$4020' with positive edge clock.
Creating register for signal `$paramod$a5519477f34245ed968d1dd15786863c888b99c9\tcn_8ch_layer_parallel.\c' using process `$paramod$a5519477f34245ed968d1dd15786863c888b99c9\tcn_8ch_layer_parallel.$proc$tcn_8ch_layer_parallel.v:68$3310'.
  created $dff cell `$procdff$4021' with positive edge clock.
Creating register for signal `$paramod$a5519477f34245ed968d1dd15786863c888b99c9\tcn_8ch_layer_parallel.\h' using process `$paramod$a5519477f34245ed968d1dd15786863c888b99c9\tcn_8ch_layer_parallel.$proc$tcn_8ch_layer_parallel.v:68$3310'.
  created $dff cell `$procdff$4022' with positive edge clock.
Creating register for signal `$paramod$a5519477f34245ed968d1dd15786863c888b99c9\tcn_8ch_layer_parallel.\history[0]' using process `$paramod$a5519477f34245ed968d1dd15786863c888b99c9\tcn_8ch_layer_parallel.$proc$tcn_8ch_layer_parallel.v:68$3310'.
  created $dff cell `$procdff$4023' with positive edge clock.
Creating register for signal `$paramod$a5519477f34245ed968d1dd15786863c888b99c9\tcn_8ch_layer_parallel.\history[1]' using process `$paramod$a5519477f34245ed968d1dd15786863c888b99c9\tcn_8ch_layer_parallel.$proc$tcn_8ch_layer_parallel.v:68$3310'.
  created $dff cell `$procdff$4024' with positive edge clock.
Creating register for signal `$paramod$a5519477f34245ed968d1dd15786863c888b99c9\tcn_8ch_layer_parallel.\history[2]' using process `$paramod$a5519477f34245ed968d1dd15786863c888b99c9\tcn_8ch_layer_parallel.$proc$tcn_8ch_layer_parallel.v:68$3310'.
  created $dff cell `$procdff$4025' with positive edge clock.
Creating register for signal `$paramod$a5519477f34245ed968d1dd15786863c888b99c9\tcn_8ch_layer_parallel.\history[3]' using process `$paramod$a5519477f34245ed968d1dd15786863c888b99c9\tcn_8ch_layer_parallel.$proc$tcn_8ch_layer_parallel.v:68$3310'.
  created $dff cell `$procdff$4026' with positive edge clock.
Creating register for signal `$paramod$a5519477f34245ed968d1dd15786863c888b99c9\tcn_8ch_layer_parallel.\history[4]' using process `$paramod$a5519477f34245ed968d1dd15786863c888b99c9\tcn_8ch_layer_parallel.$proc$tcn_8ch_layer_parallel.v:68$3310'.
  created $dff cell `$procdff$4027' with positive edge clock.
Creating register for signal `$paramod$a5519477f34245ed968d1dd15786863c888b99c9\tcn_8ch_layer_parallel.\history[5]' using process `$paramod$a5519477f34245ed968d1dd15786863c888b99c9\tcn_8ch_layer_parallel.$proc$tcn_8ch_layer_parallel.v:68$3310'.
  created $dff cell `$procdff$4028' with positive edge clock.
Creating register for signal `$paramod$a5519477f34245ed968d1dd15786863c888b99c9\tcn_8ch_layer_parallel.\history[6]' using process `$paramod$a5519477f34245ed968d1dd15786863c888b99c9\tcn_8ch_layer_parallel.$proc$tcn_8ch_layer_parallel.v:68$3310'.
  created $dff cell `$procdff$4029' with positive edge clock.
Creating register for signal `$paramod$a5519477f34245ed968d1dd15786863c888b99c9\tcn_8ch_layer_parallel.\history[7]' using process `$paramod$a5519477f34245ed968d1dd15786863c888b99c9\tcn_8ch_layer_parallel.$proc$tcn_8ch_layer_parallel.v:68$3310'.
  created $dff cell `$procdff$4030' with positive edge clock.
Creating register for signal `$paramod$a5519477f34245ed968d1dd15786863c888b99c9\tcn_8ch_layer_parallel.\history[8]' using process `$paramod$a5519477f34245ed968d1dd15786863c888b99c9\tcn_8ch_layer_parallel.$proc$tcn_8ch_layer_parallel.v:68$3310'.
  created $dff cell `$procdff$4031' with positive edge clock.
Creating register for signal `$paramod$a5519477f34245ed968d1dd15786863c888b99c9\tcn_8ch_layer_parallel.\history[9]' using process `$paramod$a5519477f34245ed968d1dd15786863c888b99c9\tcn_8ch_layer_parallel.$proc$tcn_8ch_layer_parallel.v:68$3310'.
  created $dff cell `$procdff$4032' with positive edge clock.
Creating register for signal `$paramod$a5519477f34245ed968d1dd15786863c888b99c9\tcn_8ch_layer_parallel.\history[10]' using process `$paramod$a5519477f34245ed968d1dd15786863c888b99c9\tcn_8ch_layer_parallel.$proc$tcn_8ch_layer_parallel.v:68$3310'.
  created $dff cell `$procdff$4033' with positive edge clock.
Creating register for signal `$paramod$a5519477f34245ed968d1dd15786863c888b99c9\tcn_8ch_layer_parallel.\history[11]' using process `$paramod$a5519477f34245ed968d1dd15786863c888b99c9\tcn_8ch_layer_parallel.$proc$tcn_8ch_layer_parallel.v:68$3310'.
  created $dff cell `$procdff$4034' with positive edge clock.
Creating register for signal `$paramod$a5519477f34245ed968d1dd15786863c888b99c9\tcn_8ch_layer_parallel.\history[12]' using process `$paramod$a5519477f34245ed968d1dd15786863c888b99c9\tcn_8ch_layer_parallel.$proc$tcn_8ch_layer_parallel.v:68$3310'.
  created $dff cell `$procdff$4035' with positive edge clock.
Creating register for signal `$paramod$a5519477f34245ed968d1dd15786863c888b99c9\tcn_8ch_layer_parallel.\history[13]' using process `$paramod$a5519477f34245ed968d1dd15786863c888b99c9\tcn_8ch_layer_parallel.$proc$tcn_8ch_layer_parallel.v:68$3310'.
  created $dff cell `$procdff$4036' with positive edge clock.
Creating register for signal `$paramod$a5519477f34245ed968d1dd15786863c888b99c9\tcn_8ch_layer_parallel.\history[14]' using process `$paramod$a5519477f34245ed968d1dd15786863c888b99c9\tcn_8ch_layer_parallel.$proc$tcn_8ch_layer_parallel.v:68$3310'.
  created $dff cell `$procdff$4037' with positive edge clock.
Creating register for signal `$paramod$a5519477f34245ed968d1dd15786863c888b99c9\tcn_8ch_layer_parallel.\history[15]' using process `$paramod$a5519477f34245ed968d1dd15786863c888b99c9\tcn_8ch_layer_parallel.$proc$tcn_8ch_layer_parallel.v:68$3310'.
  created $dff cell `$procdff$4038' with positive edge clock.
Creating register for signal `$paramod$a5519477f34245ed968d1dd15786863c888b99c9\tcn_8ch_layer_parallel.\history[16]' using process `$paramod$a5519477f34245ed968d1dd15786863c888b99c9\tcn_8ch_layer_parallel.$proc$tcn_8ch_layer_parallel.v:68$3310'.
  created $dff cell `$procdff$4039' with positive edge clock.
Creating register for signal `$paramod$a5519477f34245ed968d1dd15786863c888b99c9\tcn_8ch_layer_parallel.\history[17]' using process `$paramod$a5519477f34245ed968d1dd15786863c888b99c9\tcn_8ch_layer_parallel.$proc$tcn_8ch_layer_parallel.v:68$3310'.
  created $dff cell `$procdff$4040' with positive edge clock.
Creating register for signal `$paramod$a5519477f34245ed968d1dd15786863c888b99c9\tcn_8ch_layer_parallel.\history[18]' using process `$paramod$a5519477f34245ed968d1dd15786863c888b99c9\tcn_8ch_layer_parallel.$proc$tcn_8ch_layer_parallel.v:68$3310'.
  created $dff cell `$procdff$4041' with positive edge clock.
Creating register for signal `$paramod$a5519477f34245ed968d1dd15786863c888b99c9\tcn_8ch_layer_parallel.\history[19]' using process `$paramod$a5519477f34245ed968d1dd15786863c888b99c9\tcn_8ch_layer_parallel.$proc$tcn_8ch_layer_parallel.v:68$3310'.
  created $dff cell `$procdff$4042' with positive edge clock.
Creating register for signal `$paramod$a5519477f34245ed968d1dd15786863c888b99c9\tcn_8ch_layer_parallel.\history[20]' using process `$paramod$a5519477f34245ed968d1dd15786863c888b99c9\tcn_8ch_layer_parallel.$proc$tcn_8ch_layer_parallel.v:68$3310'.
  created $dff cell `$procdff$4043' with positive edge clock.
Creating register for signal `$paramod$a5519477f34245ed968d1dd15786863c888b99c9\tcn_8ch_layer_parallel.\history[21]' using process `$paramod$a5519477f34245ed968d1dd15786863c888b99c9\tcn_8ch_layer_parallel.$proc$tcn_8ch_layer_parallel.v:68$3310'.
  created $dff cell `$procdff$4044' with positive edge clock.
Creating register for signal `$paramod$a5519477f34245ed968d1dd15786863c888b99c9\tcn_8ch_layer_parallel.\history[22]' using process `$paramod$a5519477f34245ed968d1dd15786863c888b99c9\tcn_8ch_layer_parallel.$proc$tcn_8ch_layer_parallel.v:68$3310'.
  created $dff cell `$procdff$4045' with positive edge clock.
Creating register for signal `$paramod$a5519477f34245ed968d1dd15786863c888b99c9\tcn_8ch_layer_parallel.\history[23]' using process `$paramod$a5519477f34245ed968d1dd15786863c888b99c9\tcn_8ch_layer_parallel.$proc$tcn_8ch_layer_parallel.v:68$3310'.
  created $dff cell `$procdff$4046' with positive edge clock.
Creating register for signal `$paramod$a5519477f34245ed968d1dd15786863c888b99c9\tcn_8ch_layer_parallel.\history[24]' using process `$paramod$a5519477f34245ed968d1dd15786863c888b99c9\tcn_8ch_layer_parallel.$proc$tcn_8ch_layer_parallel.v:68$3310'.
  created $dff cell `$procdff$4047' with positive edge clock.
Creating register for signal `$paramod$a5519477f34245ed968d1dd15786863c888b99c9\tcn_8ch_layer_parallel.\history[25]' using process `$paramod$a5519477f34245ed968d1dd15786863c888b99c9\tcn_8ch_layer_parallel.$proc$tcn_8ch_layer_parallel.v:68$3310'.
  created $dff cell `$procdff$4048' with positive edge clock.
Creating register for signal `$paramod$a5519477f34245ed968d1dd15786863c888b99c9\tcn_8ch_layer_parallel.\history[26]' using process `$paramod$a5519477f34245ed968d1dd15786863c888b99c9\tcn_8ch_layer_parallel.$proc$tcn_8ch_layer_parallel.v:68$3310'.
  created $dff cell `$procdff$4049' with positive edge clock.
Creating register for signal `$paramod$a5519477f34245ed968d1dd15786863c888b99c9\tcn_8ch_layer_parallel.\history[27]' using process `$paramod$a5519477f34245ed968d1dd15786863c888b99c9\tcn_8ch_layer_parallel.$proc$tcn_8ch_layer_parallel.v:68$3310'.
  created $dff cell `$procdff$4050' with positive edge clock.
Creating register for signal `$paramod$a5519477f34245ed968d1dd15786863c888b99c9\tcn_8ch_layer_parallel.\history[28]' using process `$paramod$a5519477f34245ed968d1dd15786863c888b99c9\tcn_8ch_layer_parallel.$proc$tcn_8ch_layer_parallel.v:68$3310'.
  created $dff cell `$procdff$4051' with positive edge clock.
Creating register for signal `$paramod$a5519477f34245ed968d1dd15786863c888b99c9\tcn_8ch_layer_parallel.\history[29]' using process `$paramod$a5519477f34245ed968d1dd15786863c888b99c9\tcn_8ch_layer_parallel.$proc$tcn_8ch_layer_parallel.v:68$3310'.
  created $dff cell `$procdff$4052' with positive edge clock.
Creating register for signal `$paramod$a5519477f34245ed968d1dd15786863c888b99c9\tcn_8ch_layer_parallel.\history[30]' using process `$paramod$a5519477f34245ed968d1dd15786863c888b99c9\tcn_8ch_layer_parallel.$proc$tcn_8ch_layer_parallel.v:68$3310'.
  created $dff cell `$procdff$4053' with positive edge clock.
Creating register for signal `$paramod$a5519477f34245ed968d1dd15786863c888b99c9\tcn_8ch_layer_parallel.\history[31]' using process `$paramod$a5519477f34245ed968d1dd15786863c888b99c9\tcn_8ch_layer_parallel.$proc$tcn_8ch_layer_parallel.v:68$3310'.
  created $dff cell `$procdff$4054' with positive edge clock.

3.3.10. Executing PROC_MEMWR pass (convert process memory writes to cells).

3.3.11. Executing PROC_CLEAN pass (remove empty switches from decision trees).
Found and cleaned up 10 empty switches in `$paramod$76b8f7493ed3b86b470f7622c1320d4460647980\tcn_8ch_layer_parallel.$proc$tcn_8ch_layer_parallel.v:68$2330'.
Removing empty process `$paramod$76b8f7493ed3b86b470f7622c1320d4460647980\tcn_8ch_layer_parallel.$proc$tcn_8ch_layer_parallel.v:68$2330'.
Removing empty process `$paramod$76b8f7493ed3b86b470f7622c1320d4460647980\tcn_8ch_layer_parallel.$proc$tcn_8ch_layer_parallel.v:53$1689'.
Removing empty process `SB_DFFNES.$proc$/opt/homebrew/bin/../share/yosys/ice40/cells_sim.v:0$1232'.
Found and cleaned up 1 empty switch in `\SB_DFFNES.$proc$/opt/homebrew/bin/../share/yosys/ice40/cells_sim.v:1414$1229'.
Removing empty process `SB_DFFNES.$proc$/opt/homebrew/bin/../share/yosys/ice40/cells_sim.v:1414$1229'.
Removing empty process `SB_DFFNESS.$proc$/opt/homebrew/bin/../share/yosys/ice40/cells_sim.v:0$1228'.
Found and cleaned up 2 empty switches in `\SB_DFFNESS.$proc$/opt/homebrew/bin/../share/yosys/ice40/cells_sim.v:1353$1222'.
Removing empty process `SB_DFFNESS.$proc$/opt/homebrew/bin/../share/yosys/ice40/cells_sim.v:1353$1222'.
Removing empty process `SB_DFFNER.$proc$/opt/homebrew/bin/../share/yosys/ice40/cells_sim.v:0$1221'.
Found and cleaned up 1 empty switch in `\SB_DFFNER.$proc$/opt/homebrew/bin/../share/yosys/ice40/cells_sim.v:1273$1218'.
Removing empty process `SB_DFFNER.$proc$/opt/homebrew/bin/../share/yosys/ice40/cells_sim.v:1273$1218'.
Removing empty process `SB_DFFNESR.$proc$/opt/homebrew/bin/../share/yosys/ice40/cells_sim.v:0$1217'.
Found and cleaned up 2 empty switches in `\SB_DFFNESR.$proc$/opt/homebrew/bin/../share/yosys/ice40/cells_sim.v:1212$1211'.
Removing empty process `SB_DFFNESR.$proc$/opt/homebrew/bin/../share/yosys/ice40/cells_sim.v:1212$1211'.
Removing empty process `SB_DFFNS.$proc$/opt/homebrew/bin/../share/yosys/ice40/cells_sim.v:0$1210'.
Removing empty process `SB_DFFNS.$proc$/opt/homebrew/bin/../share/yosys/ice40/cells_sim.v:1138$1208'.
Removing empty process `SB_DFFNSS.$proc$/opt/homebrew/bin/../share/yosys/ice40/cells_sim.v:0$1207'.
Found and cleaned up 1 empty switch in `\SB_DFFNSS.$proc$/opt/homebrew/bin/../share/yosys/ice40/cells_sim.v:1088$1205'.
Removing empty process `SB_DFFNSS.$proc$/opt/homebrew/bin/../share/yosys/ice40/cells_sim.v:1088$1205'.
Removing empty process `SB_DFFNR.$proc$/opt/homebrew/bin/../share/yosys/ice40/cells_sim.v:0$1204'.
Removing empty process `SB_DFFNR.$proc$/opt/homebrew/bin/../share/yosys/ice40/cells_sim.v:1017$1202'.
Removing empty process `SB_DFFNSR.$proc$/opt/homebrew/bin/../share/yosys/ice40/cells_sim.v:0$1201'.
Found and cleaned up 1 empty switch in `\SB_DFFNSR.$proc$/opt/homebrew/bin/../share/yosys/ice40/cells_sim.v:967$1199'.
Removing empty process `SB_DFFNSR.$proc$/opt/homebrew/bin/../share/yosys/ice40/cells_sim.v:967$1199'.
Removing empty process `SB_DFFNE.$proc$/opt/homebrew/bin/../share/yosys/ice40/cells_sim.v:0$1198'.
Found and cleaned up 1 empty switch in `\SB_DFFNE.$proc$/opt/homebrew/bin/../share/yosys/ice40/cells_sim.v:922$1197'.
Removing empty process `SB_DFFNE.$proc$/opt/homebrew/bin/../share/yosys/ice40/cells_sim.v:922$1197'.
Removing empty process `SB_DFFN.$proc$/opt/homebrew/bin/../share/yosys/ice40/cells_sim.v:0$1196'.
Removing empty process `SB_DFFN.$proc$/opt/homebrew/bin/../share/yosys/ice40/cells_sim.v:882$1195'.
Removing empty process `SB_DFFES.$proc$/opt/homebrew/bin/../share/yosys/ice40/cells_sim.v:0$1194'.
Found and cleaned up 1 empty switch in `\SB_DFFES.$proc$/opt/homebrew/bin/../share/yosys/ice40/cells_sim.v:803$1191'.
Removing empty process `SB_DFFES.$proc$/opt/homebrew/bin/../share/yosys/ice40/cells_sim.v:803$1191'.
Removing empty process `SB_DFFESS.$proc$/opt/homebrew/bin/../share/yosys/ice40/cells_sim.v:0$1190'.
Found and cleaned up 2 empty switches in `\SB_DFFESS.$proc$/opt/homebrew/bin/../share/yosys/ice40/cells_sim.v:742$1184'.
Removing empty process `SB_DFFESS.$proc$/opt/homebrew/bin/../share/yosys/ice40/cells_sim.v:742$1184'.
Removing empty process `SB_DFFER.$proc$/opt/homebrew/bin/../share/yosys/ice40/cells_sim.v:0$1183'.
Found and cleaned up 1 empty switch in `\SB_DFFER.$proc$/opt/homebrew/bin/../share/yosys/ice40/cells_sim.v:662$1180'.
Removing empty process `SB_DFFER.$proc$/opt/homebrew/bin/../share/yosys/ice40/cells_sim.v:662$1180'.
Removing empty process `SB_DFFESR.$proc$/opt/homebrew/bin/../share/yosys/ice40/cells_sim.v:0$1179'.
Found and cleaned up 2 empty switches in `\SB_DFFESR.$proc$/opt/homebrew/bin/../share/yosys/ice40/cells_sim.v:601$1173'.
Removing empty process `SB_DFFESR.$proc$/opt/homebrew/bin/../share/yosys/ice40/cells_sim.v:601$1173'.
Removing empty process `SB_DFFS.$proc$/opt/homebrew/bin/../share/yosys/ice40/cells_sim.v:0$1172'.
Removing empty process `SB_DFFS.$proc$/opt/homebrew/bin/../share/yosys/ice40/cells_sim.v:527$1170'.
Removing empty process `SB_DFFSS.$proc$/opt/homebrew/bin/../share/yosys/ice40/cells_sim.v:0$1169'.
Found and cleaned up 1 empty switch in `\SB_DFFSS.$proc$/opt/homebrew/bin/../share/yosys/ice40/cells_sim.v:477$1167'.
Removing empty process `SB_DFFSS.$proc$/opt/homebrew/bin/../share/yosys/ice40/cells_sim.v:477$1167'.
Removing empty process `SB_DFFR.$proc$/opt/homebrew/bin/../share/yosys/ice40/cells_sim.v:0$1166'.
Removing empty process `SB_DFFR.$proc$/opt/homebrew/bin/../share/yosys/ice40/cells_sim.v:406$1164'.
Removing empty process `SB_DFFSR.$proc$/opt/homebrew/bin/../share/yosys/ice40/cells_sim.v:0$1163'.
Found and cleaned up 1 empty switch in `\SB_DFFSR.$proc$/opt/homebrew/bin/../share/yosys/ice40/cells_sim.v:356$1161'.
Removing empty process `SB_DFFSR.$proc$/opt/homebrew/bin/../share/yosys/ice40/cells_sim.v:356$1161'.
Removing empty process `SB_DFFE.$proc$/opt/homebrew/bin/../share/yosys/ice40/cells_sim.v:0$1160'.
Found and cleaned up 1 empty switch in `\SB_DFFE.$proc$/opt/homebrew/bin/../share/yosys/ice40/cells_sim.v:311$1159'.
Removing empty process `SB_DFFE.$proc$/opt/homebrew/bin/../share/yosys/ice40/cells_sim.v:311$1159'.
Removing empty process `SB_DFF.$proc$/opt/homebrew/bin/../share/yosys/ice40/cells_sim.v:0$1158'.
Removing empty process `SB_DFF.$proc$/opt/homebrew/bin/../share/yosys/ice40/cells_sim.v:271$1157'.
Found and cleaned up 10 empty switches in `$paramod$a5519477f34245ed968d1dd15786863c888b99c9\tcn_8ch_layer_parallel.$proc$tcn_8ch_layer_parallel.v:68$3310'.
Removing empty process `$paramod$a5519477f34245ed968d1dd15786863c888b99c9\tcn_8ch_layer_parallel.$proc$tcn_8ch_layer_parallel.v:68$3310'.
Removing empty process `$paramod$a5519477f34245ed968d1dd15786863c888b99c9\tcn_8ch_layer_parallel.$proc$tcn_8ch_layer_parallel.v:53$2669'.
Cleaned up 38 empty switches.

3.3.12. Executing OPT_EXPR pass (perform const folding).
Optimizing module $paramod$76b8f7493ed3b86b470f7622c1320d4460647980\tcn_8ch_layer_parallel.
<suppressed ~4 debug messages>
Optimizing module tcn_network_8ch_2layer.
Optimizing module $paramod$a5519477f34245ed968d1dd15786863c888b99c9\tcn_8ch_layer_parallel.
<suppressed ~4 debug messages>

3.4. Executing FLATTEN pass (flatten design).
Deleting now unused module $paramod$76b8f7493ed3b86b470f7622c1320d4460647980\tcn_8ch_layer_parallel.
Deleting now unused module $paramod$a5519477f34245ed968d1dd15786863c888b99c9\tcn_8ch_layer_parallel.
<suppressed ~2 debug messages>

3.5. Executing TRIBUF pass.

3.6. Executing DEMINOUT pass (demote inout ports to input or output).

3.7. Executing OPT_EXPR pass (perform const folding).
Optimizing module tcn_network_8ch_2layer.
<suppressed ~1056 debug messages>

3.8. Executing OPT_CLEAN pass (remove unused cells and wires).
Finding unused cells or wires in module \tcn_network_8ch_2layer..
Removed 20 unused cells and 854 unused wires.
<suppressed ~117 debug messages>

3.9. Executing CHECK pass (checking for obvious problems).
Checking module tcn_network_8ch_2layer...
Found and reported 0 problems.

3.10. Executing OPT pass (performing simple optimizations).

3.10.1. Executing OPT_EXPR pass (perform const folding).
Optimizing module tcn_network_8ch_2layer.

3.10.2. Executing OPT_MERGE pass (detect identical cells).
Finding identical cells in module `\tcn_network_8ch_2layer'.
Removed a total of 0 cells.

3.10.3. Executing OPT_MUXTREE pass (detect dead branches in mux trees).
Running muxtree optimizer on module \tcn_network_8ch_2layer..
  Creating internal representation of mux trees.
  Evaluating internal representation of mux trees.
  Analyzing evaluation results.
Removed 0 multiplexer ports.
<suppressed ~82 debug messages>

3.10.4. Executing OPT_REDUCE pass (consolidate $*mux and $reduce_* inputs).
  Optimizing cells in module \tcn_network_8ch_2layer.
Performed a total of 0 changes.

3.10.5. Executing OPT_MERGE pass (detect identical cells).
Finding identical cells in module `\tcn_network_8ch_2layer'.
Removed a total of 0 cells.

3.10.6. Executing OPT_DFF pass (perform DFF optimizations).

3.10.7. Executing OPT_CLEAN pass (remove unused cells and wires).
Finding unused cells or wires in module \tcn_network_8ch_2layer..

3.10.8. Executing OPT_EXPR pass (perform const folding).
Optimizing module tcn_network_8ch_2layer.

3.10.9. Finished OPT passes. (There is nothing left to do.)

3.11. Executing FSM pass (extract and optimize FSM).

3.11.1. Executing FSM_DETECT pass (finding FSMs in design).

3.11.2. Executing FSM_EXTRACT pass (extracting FSM from design).

3.11.3. Executing FSM_OPT pass (simple optimizations of FSMs).

3.11.4. Executing OPT_CLEAN pass (remove unused cells and wires).
Finding unused cells or wires in module \tcn_network_8ch_2layer..

3.11.5. Executing FSM_OPT pass (simple optimizations of FSMs).

3.11.6. Executing FSM_RECODE pass (re-assigning FSM state encoding).

3.11.7. Executing FSM_INFO pass (dumping all available information on FSM cells).

3.11.8. Executing FSM_MAP pass (mapping FSMs to basic logic).

3.12. Executing OPT pass (performing simple optimizations).

3.12.1. Executing OPT_EXPR pass (perform const folding).
Optimizing module tcn_network_8ch_2layer.

3.12.2. Executing OPT_MERGE pass (detect identical cells).
Finding identical cells in module `\tcn_network_8ch_2layer'.
Removed a total of 0 cells.

3.12.3. Executing OPT_MUXTREE pass (detect dead branches in mux trees).
Running muxtree optimizer on module \tcn_network_8ch_2layer..
  Creating internal representation of mux trees.
  Evaluating internal representation of mux trees.
  Analyzing evaluation results.
Removed 0 multiplexer ports.
<suppressed ~82 debug messages>

3.12.4. Executing OPT_REDUCE pass (consolidate $*mux and $reduce_* inputs).
  Optimizing cells in module \tcn_network_8ch_2layer.
Performed a total of 0 changes.

3.12.5. Executing OPT_MERGE pass (detect identical cells).
Finding identical cells in module `\tcn_network_8ch_2layer'.
Removed a total of 0 cells.

3.12.6. Executing OPT_DFF pass (perform DFF optimizations).
Adding SRST signal on $flatten\layer1.$procdff$3997 ($dff) from module tcn_network_8ch_2layer (D = $flatten\layer1.$procmux$3426_Y, Q = \layer1.history[31], rval = 8'00000000).
Adding EN signal on $auto$ff.cc:266:slice$4057 ($sdff) from module tcn_network_8ch_2layer (D = \layer1.history[30], Q = \layer1.history[31]).
Adding SRST signal on $flatten\layer1.$procdff$3996 ($dff) from module tcn_network_8ch_2layer (D = $flatten\layer1.$procmux$3432_Y, Q = \layer1.history[30], rval = 8'00000000).
Adding EN signal on $auto$ff.cc:266:slice$4059 ($sdff) from module tcn_network_8ch_2layer (D = \layer1.history[29], Q = \layer1.history[30]).
Adding SRST signal on $flatten\layer1.$procdff$3995 ($dff) from module tcn_network_8ch_2layer (D = $flatten\layer1.$procmux$3438_Y, Q = \layer1.history[29], rval = 8'00000000).
Adding EN signal on $auto$ff.cc:266:slice$4061 ($sdff) from module tcn_network_8ch_2layer (D = \layer1.history[28], Q = \layer1.history[29]).
Adding SRST signal on $flatten\layer1.$procdff$3994 ($dff) from module tcn_network_8ch_2layer (D = $flatten\layer1.$procmux$3444_Y, Q = \layer1.history[28], rval = 8'00000000).
Adding EN signal on $auto$ff.cc:266:slice$4063 ($sdff) from module tcn_network_8ch_2layer (D = \layer0.sample_out [63:56], Q = \layer1.history[28]).
Adding SRST signal on $flatten\layer1.$procdff$3993 ($dff) from module tcn_network_8ch_2layer (D = $flatten\layer1.$procmux$3450_Y, Q = \layer1.history[27], rval = 8'00000000).
Adding EN signal on $auto$ff.cc:266:slice$4065 ($sdff) from module tcn_network_8ch_2layer (D = \layer1.history[26], Q = \layer1.history[27]).
Adding SRST signal on $flatten\layer1.$procdff$3992 ($dff) from module tcn_network_8ch_2layer (D = $flatten\layer1.$procmux$3456_Y, Q = \layer1.history[26], rval = 8'00000000).
Adding EN signal on $auto$ff.cc:266:slice$4067 ($sdff) from module tcn_network_8ch_2layer (D = \layer1.history[25], Q = \layer1.history[26]).
Adding SRST signal on $flatten\layer1.$procdff$3991 ($dff) from module tcn_network_8ch_2layer (D = $flatten\layer1.$procmux$3462_Y, Q = \layer1.history[25], rval = 8'00000000).
Adding EN signal on $auto$ff.cc:266:slice$4069 ($sdff) from module tcn_network_8ch_2layer (D = \layer1.history[24], Q = \layer1.history[25]).
Adding SRST signal on $flatten\layer1.$procdff$3990 ($dff) from module tcn_network_8ch_2layer (D = $flatten\layer1.$procmux$3468_Y, Q = \layer1.history[24], rval = 8'00000000).
Adding EN signal on $auto$ff.cc:266:slice$4071 ($sdff) from module tcn_network_8ch_2layer (D = \layer0.sample_out [55:48], Q = \layer1.history[24]).
Adding SRST signal on $flatten\layer1.$procdff$3989 ($dff) from module tcn_network_8ch_2layer (D = $flatten\layer1.$procmux$3474_Y, Q = \layer1.history[23], rval = 8'00000000).
Adding EN signal on $auto$ff.cc:266:slice$4073 ($sdff) from module tcn_network_8ch_2layer (D = \layer1.history[22], Q = \layer1.history[23]).
Adding SRST signal on $flatten\layer1.$procdff$3988 ($dff) from module tcn_network_8ch_2layer (D = $flatten\layer1.$procmux$3480_Y, Q = \layer1.history[22], rval = 8'00000000).
Adding EN signal on $auto$ff.cc:266:slice$4075 ($sdff) from module tcn_network_8ch_2layer (D = \layer1.history[21], Q = \layer1.history[22]).
Adding SRST signal on $flatten\layer1.$procdff$3987 ($dff) from module tcn_network_8ch_2layer (D = $flatten\layer1.$procmux$3486_Y, Q = \layer1.history[21], rval = 8'00000000).
Adding EN signal on $auto$ff.cc:266:slice$4077 ($sdff) from module tcn_network_8ch_2layer (D = \layer1.history[20], Q = \layer1.history[21]).
Adding SRST signal on $flatten\layer1.$procdff$3986 ($dff) from module tcn_network_8ch_2layer (D = $flatten\layer1.$procmux$3492_Y, Q = \layer1.history[20], rval = 8'00000000).
Adding EN signal on $auto$ff.cc:266:slice$4079 ($sdff) from module tcn_network_8ch_2layer (D = \layer0.sample_out [47:40], Q = \layer1.history[20]).
Adding SRST signal on $flatten\layer1.$procdff$3985 ($dff) from module tcn_network_8ch_2layer (D = $flatten\layer1.$procmux$3498_Y, Q = \layer1.history[19], rval = 8'00000000).
Adding EN signal on $auto$ff.cc:266:slice$4081 ($sdff) from module tcn_network_8ch_2layer (D = \layer1.history[18], Q = \layer1.history[19]).
Adding SRST signal on $flatten\layer1.$procdff$3984 ($dff) from module tcn_network_8ch_2layer (D = $flatten\layer1.$procmux$3504_Y, Q = \layer1.history[18], rval = 8'00000000).
Adding EN signal on $auto$ff.cc:266:slice$4083 ($sdff) from module tcn_network_8ch_2layer (D = \layer1.history[17], Q = \layer1.history[18]).
Adding SRST signal on $flatten\layer1.$procdff$3983 ($dff) from module tcn_network_8ch_2layer (D = $flatten\layer1.$procmux$3510_Y, Q = \layer1.history[17], rval = 8'00000000).
Adding EN signal on $auto$ff.cc:266:slice$4085 ($sdff) from module tcn_network_8ch_2layer (D = \layer1.history[16], Q = \layer1.history[17]).
Adding SRST signal on $flatten\layer1.$procdff$3982 ($dff) from module tcn_network_8ch_2layer (D = $flatten\layer1.$procmux$3516_Y, Q = \layer1.history[16], rval = 8'00000000).
Adding EN signal on $auto$ff.cc:266:slice$4087 ($sdff) from module tcn_network_8ch_2layer (D = \layer0.sample_out [39:32], Q = \layer1.history[16]).
Adding SRST signal on $flatten\layer1.$procdff$3981 ($dff) from module tcn_network_8ch_2layer (D = $flatten\layer1.$procmux$3522_Y, Q = \layer1.history[15], rval = 8'00000000).
Adding EN signal on $auto$ff.cc:266:slice$4089 ($sdff) from module tcn_network_8ch_2layer (D = \layer1.history[14], Q = \layer1.history[15]).
Adding SRST signal on $flatten\layer1.$procdff$3980 ($dff) from module tcn_network_8ch_2layer (D = $flatten\layer1.$procmux$3528_Y, Q = \layer1.history[14], rval = 8'00000000).
Adding EN signal on $auto$ff.cc:266:slice$4091 ($sdff) from module tcn_network_8ch_2layer (D = \layer1.history[13], Q = \layer1.history[14]).
Adding SRST signal on $flatten\layer1.$procdff$3979 ($dff) from module tcn_network_8ch_2layer (D = $flatten\layer1.$procmux$3534_Y, Q = \layer1.history[13], rval = 8'00000000).
Adding EN signal on $auto$ff.cc:266:slice$4093 ($sdff) from module tcn_network_8ch_2layer (D = \layer1.history[12], Q = \layer1.history[13]).
Adding SRST signal on $flatten\layer1.$procdff$3978 ($dff) from module tcn_network_8ch_2layer (D = $flatten\layer1.$procmux$3540_Y, Q = \layer1.history[12], rval = 8'00000000).
Adding EN signal on $auto$ff.cc:266:slice$4095 ($sdff) from module tcn_network_8ch_2layer (D = \layer0.sample_out [31:24], Q = \layer1.history[12]).
Adding SRST signal on $flatten\layer1.$procdff$3977 ($dff) from module tcn_network_8ch_2layer (D = $flatten\layer1.$procmux$3546_Y, Q = \layer1.history[11], rval = 8'00000000).
Adding EN signal on $auto$ff.cc:266:slice$4097 ($sdff) from module tcn_network_8ch_2layer (D = \layer1.history[10], Q = \layer1.history[11]).
Adding SRST signal on $flatten\layer1.$procdff$3976 ($dff) from module tcn_network_8ch_2layer (D = $flatten\layer1.$procmux$3552_Y, Q = \layer1.history[10], rval = 8'00000000).
Adding EN signal on $auto$ff.cc:266:slice$4099 ($sdff) from module tcn_network_8ch_2layer (D = \layer1.history[9], Q = \layer1.history[10]).
Adding SRST signal on $flatten\layer1.$procdff$3975 ($dff) from module tcn_network_8ch_2layer (D = $flatten\layer1.$procmux$3558_Y, Q = \layer1.history[9], rval = 8'00000000).
Adding EN signal on $auto$ff.cc:266:slice$4101 ($sdff) from module tcn_network_8ch_2layer (D = \layer1.history[8], Q = \layer1.history[9]).
Adding SRST signal on $flatten\layer1.$procdff$3974 ($dff) from module tcn_network_8ch_2layer (D = $flatten\layer1.$procmux$3564_Y, Q = \layer1.history[8], rval = 8'00000000).
Adding EN signal on $auto$ff.cc:266:slice$4103 ($sdff) from module tcn_network_8ch_2layer (D = \layer0.sample_out [23:16], Q = \layer1.history[8]).
Adding SRST signal on $flatten\layer1.$procdff$3973 ($dff) from module tcn_network_8ch_2layer (D = $flatten\layer1.$procmux$3570_Y, Q = \layer1.history[7], rval = 8'00000000).
Adding EN signal on $auto$ff.cc:266:slice$4105 ($sdff) from module tcn_network_8ch_2layer (D = \layer1.history[6], Q = \layer1.history[7]).
Adding SRST signal on $flatten\layer1.$procdff$3972 ($dff) from module tcn_network_8ch_2layer (D = $flatten\layer1.$procmux$3576_Y, Q = \layer1.history[6], rval = 8'00000000).
Adding EN signal on $auto$ff.cc:266:slice$4107 ($sdff) from module tcn_network_8ch_2layer (D = \layer1.history[5], Q = \layer1.history[6]).
Adding SRST signal on $flatten\layer1.$procdff$3971 ($dff) from module tcn_network_8ch_2layer (D = $flatten\layer1.$procmux$3582_Y, Q = \layer1.history[5], rval = 8'00000000).
Adding EN signal on $auto$ff.cc:266:slice$4109 ($sdff) from module tcn_network_8ch_2layer (D = \layer1.history[4], Q = \layer1.history[5]).
Adding SRST signal on $flatten\layer1.$procdff$3970 ($dff) from module tcn_network_8ch_2layer (D = $flatten\layer1.$procmux$3588_Y, Q = \layer1.history[4], rval = 8'00000000).
Adding EN signal on $auto$ff.cc:266:slice$4111 ($sdff) from module tcn_network_8ch_2layer (D = \layer0.sample_out [15:8], Q = \layer1.history[4]).
Adding SRST signal on $flatten\layer1.$procdff$3969 ($dff) from module tcn_network_8ch_2layer (D = $flatten\layer1.$procmux$3594_Y, Q = \layer1.history[3], rval = 8'00000000).
Adding EN signal on $auto$ff.cc:266:slice$4113 ($sdff) from module tcn_network_8ch_2layer (D = \layer1.history[2], Q = \layer1.history[3]).
Adding SRST signal on $flatten\layer1.$procdff$3968 ($dff) from module tcn_network_8ch_2layer (D = $flatten\layer1.$procmux$3600_Y, Q = \layer1.history[2], rval = 8'00000000).
Adding EN signal on $auto$ff.cc:266:slice$4115 ($sdff) from module tcn_network_8ch_2layer (D = \layer1.history[1], Q = \layer1.history[2]).
Adding SRST signal on $flatten\layer1.$procdff$3967 ($dff) from module tcn_network_8ch_2layer (D = $flatten\layer1.$procmux$3606_Y, Q = \layer1.history[1], rval = 8'00000000).
Adding EN signal on $auto$ff.cc:266:slice$4117 ($sdff) from module tcn_network_8ch_2layer (D = \layer1.history[0], Q = \layer1.history[1]).
Adding SRST signal on $flatten\layer1.$procdff$3966 ($dff) from module tcn_network_8ch_2layer (D = $flatten\layer1.$procmux$3612_Y, Q = \layer1.history[0], rval = 8'00000000).
Adding EN signal on $auto$ff.cc:266:slice$4119 ($sdff) from module tcn_network_8ch_2layer (D = \layer0.sample_out [7:0], Q = \layer1.history[0]).
Adding SRST signal on $flatten\layer1.$procdff$3962 ($dff) from module tcn_network_8ch_2layer (D = { $flatten\layer1.$procmux$3333_Y $flatten\layer1.$procmux$3342_Y $flatten\layer1.$procmux$3351_Y $flatten\layer1.$procmux$3360_Y $flatten\layer1.$procmux$3369_Y $flatten\layer1.$procmux$3378_Y $flatten\layer1.$procmux$3387_Y $flatten\layer1.$procmux$3396_Y }, Q = \layer1.sample_out, rval = 64'0000000000000000000000000000000000000000000000000000000000000000).
Adding EN signal on $auto$ff.cc:266:slice$4121 ($sdff) from module tcn_network_8ch_2layer (D = { $flatten\layer1.$procmux$3331_Y $flatten\layer1.$procmux$3340_Y $flatten\layer1.$procmux$3349_Y $flatten\layer1.$procmux$3358_Y $flatten\layer1.$procmux$3367_Y $flatten\layer1.$procmux$3376_Y $flatten\layer1.$procmux$3385_Y $flatten\layer1.$procmux$3394_Y }, Q = \layer1.sample_out).
Adding SRST signal on $flatten\layer1.$procdff$3961 ($dff) from module tcn_network_8ch_2layer (D = \layer0.output_valid, Q = \layer1.output_valid, rval = 1'0).
Adding SRST signal on $flatten\layer0.$procdff$4054 ($dff) from module tcn_network_8ch_2layer (D = $flatten\layer0.$procmux$3764_Y, Q = \layer0.history[31], rval = 8'00000000).
Adding EN signal on $auto$ff.cc:266:slice$4124 ($sdff) from module tcn_network_8ch_2layer (D = \layer0.history[30], Q = \layer0.history[31]).
Adding SRST signal on $flatten\layer0.$procdff$4053 ($dff) from module tcn_network_8ch_2layer (D = $flatten\layer0.$procmux$3770_Y, Q = \layer0.history[30], rval = 8'00000000).
Adding EN signal on $auto$ff.cc:266:slice$4126 ($sdff) from module tcn_network_8ch_2layer (D = \layer0.history[29], Q = \layer0.history[30]).
Adding SRST signal on $flatten\layer0.$procdff$4052 ($dff) from module tcn_network_8ch_2layer (D = $flatten\layer0.$procmux$3776_Y, Q = \layer0.history[29], rval = 8'00000000).
Adding EN signal on $auto$ff.cc:266:slice$4128 ($sdff) from module tcn_network_8ch_2layer (D = \layer0.history[28], Q = \layer0.history[29]).
Adding SRST signal on $flatten\layer0.$procdff$4051 ($dff) from module tcn_network_8ch_2layer (D = $flatten\layer0.$procmux$3782_Y, Q = \layer0.history[28], rval = 8'00000000).
Adding EN signal on $auto$ff.cc:266:slice$4130 ($sdff) from module tcn_network_8ch_2layer (D = \sample_in [63:56], Q = \layer0.history[28]).
Adding SRST signal on $flatten\layer0.$procdff$4050 ($dff) from module tcn_network_8ch_2layer (D = $flatten\layer0.$procmux$3788_Y, Q = \layer0.history[27], rval = 8'00000000).
Adding EN signal on $auto$ff.cc:266:slice$4132 ($sdff) from module tcn_network_8ch_2layer (D = \layer0.history[26], Q = \layer0.history[27]).
Adding SRST signal on $flatten\layer0.$procdff$4049 ($dff) from module tcn_network_8ch_2layer (D = $flatten\layer0.$procmux$3794_Y, Q = \layer0.history[26], rval = 8'00000000).
Adding EN signal on $auto$ff.cc:266:slice$4134 ($sdff) from module tcn_network_8ch_2layer (D = \layer0.history[25], Q = \layer0.history[26]).
Adding SRST signal on $flatten\layer0.$procdff$4048 ($dff) from module tcn_network_8ch_2layer (D = $flatten\layer0.$procmux$3800_Y, Q = \layer0.history[25], rval = 8'00000000).
Adding EN signal on $auto$ff.cc:266:slice$4136 ($sdff) from module tcn_network_8ch_2layer (D = \layer0.history[24], Q = \layer0.history[25]).
Adding SRST signal on $flatten\layer0.$procdff$4047 ($dff) from module tcn_network_8ch_2layer (D = $flatten\layer0.$procmux$3806_Y, Q = \layer0.history[24], rval = 8'00000000).
Adding EN signal on $auto$ff.cc:266:slice$4138 ($sdff) from module tcn_network_8ch_2layer (D = \sample_in [55:48], Q = \layer0.history[24]).
Adding SRST signal on $flatten\layer0.$procdff$4046 ($dff) from module tcn_network_8ch_2layer (D = $flatten\layer0.$procmux$3812_Y, Q = \layer0.history[23], rval = 8'00000000).
Adding EN signal on $auto$ff.cc:266:slice$4140 ($sdff) from module tcn_network_8ch_2layer (D = \layer0.history[22], Q = \layer0.history[23]).
Adding SRST signal on $flatten\layer0.$procdff$4045 ($dff) from module tcn_network_8ch_2layer (D = $flatten\layer0.$procmux$3818_Y, Q = \layer0.history[22], rval = 8'00000000).
Adding EN signal on $auto$ff.cc:266:slice$4142 ($sdff) from module tcn_network_8ch_2layer (D = \layer0.history[21], Q = \layer0.history[22]).
Adding SRST signal on $flatten\layer0.$procdff$4044 ($dff) from module tcn_network_8ch_2layer (D = $flatten\layer0.$procmux$3824_Y, Q = \layer0.history[21], rval = 8'00000000).
Adding EN signal on $auto$ff.cc:266:slice$4144 ($sdff) from module tcn_network_8ch_2layer (D = \layer0.history[20], Q = \layer0.history[21]).
Adding SRST signal on $flatten\layer0.$procdff$4043 ($dff) from module tcn_network_8ch_2layer (D = $flatten\layer0.$procmux$3830_Y, Q = \layer0.history[20], rval = 8'00000000).
Adding EN signal on $auto$ff.cc:266:slice$4146 ($sdff) from module tcn_network_8ch_2layer (D = \sample_in [47:40], Q = \layer0.history[20]).
Adding SRST signal on $flatten\layer0.$procdff$4042 ($dff) from module tcn_network_8ch_2layer (D = $flatten\layer0.$procmux$3836_Y, Q = \layer0.history[19], rval = 8'00000000).
Adding EN signal on $auto$ff.cc:266:slice$4148 ($sdff) from module tcn_network_8ch_2layer (D = \layer0.history[18], Q = \layer0.history[19]).
Adding SRST signal on $flatten\layer0.$procdff$4041 ($dff) from module tcn_network_8ch_2layer (D = $flatten\layer0.$procmux$3842_Y, Q = \layer0.history[18], rval = 8'00000000).
Adding EN signal on $auto$ff.cc:266:slice$4150 ($sdff) from module tcn_network_8ch_2layer (D = \layer0.history[17], Q = \layer0.history[18]).
Adding SRST signal on $flatten\layer0.$procdff$4040 ($dff) from module tcn_network_8ch_2layer (D = $flatten\layer0.$procmux$3848_Y, Q = \layer0.history[17], rval = 8'00000000).
Adding EN signal on $auto$ff.cc:266:slice$4152 ($sdff) from module tcn_network_8ch_2layer (D = \layer0.history[16], Q = \layer0.history[17]).
Adding SRST signal on $flatten\layer0.$procdff$4039 ($dff) from module tcn_network_8ch_2layer (D = $flatten\layer0.$procmux$3854_Y, Q = \layer0.history[16], rval = 8'00000000).
Adding EN signal on $auto$ff.cc:266:slice$4154 ($sdff) from module tcn_network_8ch_2layer (D = \sample_in [39:32], Q = \layer0.history[16]).
Adding SRST signal on $flatten\layer0.$procdff$4038 ($dff) from module tcn_network_8ch_2layer (D = $flatten\layer0.$procmux$3860_Y, Q = \layer0.history[15], rval = 8'00000000).
Adding EN signal on $auto$ff.cc:266:slice$4156 ($sdff) from module tcn_network_8ch_2layer (D = \layer0.history[14], Q = \layer0.history[15]).
Adding SRST signal on $flatten\layer0.$procdff$4037 ($dff) from module tcn_network_8ch_2layer (D = $flatten\layer0.$procmux$3866_Y, Q = \layer0.history[14], rval = 8'00000000).
Adding EN signal on $auto$ff.cc:266:slice$4158 ($sdff) from module tcn_network_8ch_2layer (D = \layer0.history[13], Q = \layer0.history[14]).
Adding SRST signal on $flatten\layer0.$procdff$4036 ($dff) from module tcn_network_8ch_2layer (D = $flatten\layer0.$procmux$3872_Y, Q = \layer0.history[13], rval = 8'00000000).
Adding EN signal on $auto$ff.cc:266:slice$4160 ($sdff) from module tcn_network_8ch_2layer (D = \layer0.history[12], Q = \layer0.history[13]).
Adding SRST signal on $flatten\layer0.$procdff$4035 ($dff) from module tcn_network_8ch_2layer (D = $flatten\layer0.$procmux$3878_Y, Q = \layer0.history[12], rval = 8'00000000).
Adding EN signal on $auto$ff.cc:266:slice$4162 ($sdff) from module tcn_network_8ch_2layer (D = \sample_in [31:24], Q = \layer0.history[12]).
Adding SRST signal on $flatten\layer0.$procdff$4034 ($dff) from module tcn_network_8ch_2layer (D = $flatten\layer0.$procmux$3884_Y, Q = \layer0.history[11], rval = 8'00000000).
Adding EN signal on $auto$ff.cc:266:slice$4164 ($sdff) from module tcn_network_8ch_2layer (D = \layer0.history[10], Q = \layer0.history[11]).
Adding SRST signal on $flatten\layer0.$procdff$4033 ($dff) from module tcn_network_8ch_2layer (D = $flatten\layer0.$procmux$3890_Y, Q = \layer0.history[10], rval = 8'00000000).
Adding EN signal on $auto$ff.cc:266:slice$4166 ($sdff) from module tcn_network_8ch_2layer (D = \layer0.history[9], Q = \layer0.history[10]).
Adding SRST signal on $flatten\layer0.$procdff$4032 ($dff) from module tcn_network_8ch_2layer (D = $flatten\layer0.$procmux$3896_Y, Q = \layer0.history[9], rval = 8'00000000).
Adding EN signal on $auto$ff.cc:266:slice$4168 ($sdff) from module tcn_network_8ch_2layer (D = \layer0.history[8], Q = \layer0.history[9]).
Adding SRST signal on $flatten\layer0.$procdff$4031 ($dff) from module tcn_network_8ch_2layer (D = $flatten\layer0.$procmux$3902_Y, Q = \layer0.history[8], rval = 8'00000000).
Adding EN signal on $auto$ff.cc:266:slice$4170 ($sdff) from module tcn_network_8ch_2layer (D = \sample_in [23:16], Q = \layer0.history[8]).
Adding SRST signal on $flatten\layer0.$procdff$4030 ($dff) from module tcn_network_8ch_2layer (D = $flatten\layer0.$procmux$3908_Y, Q = \layer0.history[7], rval = 8'00000000).
Adding EN signal on $auto$ff.cc:266:slice$4172 ($sdff) from module tcn_network_8ch_2layer (D = \layer0.history[6], Q = \layer0.history[7]).
Adding SRST signal on $flatten\layer0.$procdff$4029 ($dff) from module tcn_network_8ch_2layer (D = $flatten\layer0.$procmux$3914_Y, Q = \layer0.history[6], rval = 8'00000000).
Adding EN signal on $auto$ff.cc:266:slice$4174 ($sdff) from module tcn_network_8ch_2layer (D = \layer0.history[5], Q = \layer0.history[6]).
Adding SRST signal on $flatten\layer0.$procdff$4028 ($dff) from module tcn_network_8ch_2layer (D = $flatten\layer0.$procmux$3920_Y, Q = \layer0.history[5], rval = 8'00000000).
Adding EN signal on $auto$ff.cc:266:slice$4176 ($sdff) from module tcn_network_8ch_2layer (D = \layer0.history[4], Q = \layer0.history[5]).
Adding SRST signal on $flatten\layer0.$procdff$4027 ($dff) from module tcn_network_8ch_2layer (D = $flatten\layer0.$procmux$3926_Y, Q = \layer0.history[4], rval = 8'00000000).
Adding EN signal on $auto$ff.cc:266:slice$4178 ($sdff) from module tcn_network_8ch_2layer (D = \sample_in [15:8], Q = \layer0.history[4]).
Adding SRST signal on $flatten\layer0.$procdff$4026 ($dff) from module tcn_network_8ch_2layer (D = $flatten\layer0.$procmux$3932_Y, Q = \layer0.history[3], rval = 8'00000000).
Adding EN signal on $auto$ff.cc:266:slice$4180 ($sdff) from module tcn_network_8ch_2layer (D = \layer0.history[2], Q = \layer0.history[3]).
Adding SRST signal on $flatten\layer0.$procdff$4025 ($dff) from module tcn_network_8ch_2layer (D = $flatten\layer0.$procmux$3938_Y, Q = \layer0.history[2], rval = 8'00000000).
Adding EN signal on $auto$ff.cc:266:slice$4182 ($sdff) from module tcn_network_8ch_2layer (D = \layer0.history[1], Q = \layer0.history[2]).
Adding SRST signal on $flatten\layer0.$procdff$4024 ($dff) from module tcn_network_8ch_2layer (D = $flatten\layer0.$procmux$3944_Y, Q = \layer0.history[1], rval = 8'00000000).
Adding EN signal on $auto$ff.cc:266:slice$4184 ($sdff) from module tcn_network_8ch_2layer (D = \layer0.history[0], Q = \layer0.history[1]).
Adding SRST signal on $flatten\layer0.$procdff$4023 ($dff) from module tcn_network_8ch_2layer (D = $flatten\layer0.$procmux$3950_Y, Q = \layer0.history[0], rval = 8'00000000).
Adding EN signal on $auto$ff.cc:266:slice$4186 ($sdff) from module tcn_network_8ch_2layer (D = \sample_in [7:0], Q = \layer0.history[0]).
Adding SRST signal on $flatten\layer0.$procdff$4019 ($dff) from module tcn_network_8ch_2layer (D = { $flatten\layer0.$procmux$3671_Y $flatten\layer0.$procmux$3680_Y $flatten\layer0.$procmux$3689_Y $flatten\layer0.$procmux$3698_Y $flatten\layer0.$procmux$3707_Y $flatten\layer0.$procmux$3716_Y $flatten\layer0.$procmux$3725_Y $flatten\layer0.$procmux$3734_Y }, Q = \layer0.sample_out, rval = 64'0000000000000000000000000000000000000000000000000000000000000000).
Adding EN signal on $auto$ff.cc:266:slice$4188 ($sdff) from module tcn_network_8ch_2layer (D = { $flatten\layer0.$procmux$3669_Y $flatten\layer0.$procmux$3678_Y $flatten\layer0.$procmux$3687_Y $flatten\layer0.$procmux$3696_Y $flatten\layer0.$procmux$3705_Y $flatten\layer0.$procmux$3714_Y $flatten\layer0.$procmux$3723_Y $flatten\layer0.$procmux$3732_Y }, Q = \layer0.sample_out).
Adding SRST signal on $flatten\layer0.$procdff$4018 ($dff) from module tcn_network_8ch_2layer (D = \sample_valid, Q = \layer0.output_valid, rval = 1'0).

3.12.7. Executing OPT_CLEAN pass (remove unused cells and wires).
Finding unused cells or wires in module \tcn_network_8ch_2layer..
Removed 162 unused cells and 148 unused wires.
<suppressed ~163 debug messages>

3.12.8. Executing OPT_EXPR pass (perform const folding).
Optimizing module tcn_network_8ch_2layer.

3.12.9. Rerunning OPT passes. (Maybe there is more to do..)

3.12.10. Executing OPT_MUXTREE pass (detect dead branches in mux trees).
Running muxtree optimizer on module \tcn_network_8ch_2layer..
  Creating internal representation of mux trees.
  Evaluating internal representation of mux trees.
  Analyzing evaluation results.
Removed 0 multiplexer ports.
<suppressed ~16 debug messages>

3.12.11. Executing OPT_REDUCE pass (consolidate $*mux and $reduce_* inputs).
  Optimizing cells in module \tcn_network_8ch_2layer.
Performed a total of 0 changes.

3.12.12. Executing OPT_MERGE pass (detect identical cells).
Finding identical cells in module `\tcn_network_8ch_2layer'.
Removed a total of 0 cells.

3.12.13. Executing OPT_DFF pass (perform DFF optimizations).

3.12.14. Executing OPT_CLEAN pass (remove unused cells and wires).
Finding unused cells or wires in module \tcn_network_8ch_2layer..

3.12.15. Executing OPT_EXPR pass (perform const folding).
Optimizing module tcn_network_8ch_2layer.

3.12.16. Finished OPT passes. (There is nothing left to do.)

3.13. Executing WREDUCE pass (reducing word size of cells).
Removed top 31 bits (of 32) from port B of cell tcn_network_8ch_2layer.$flatten\layer0.$lt$tcn_8ch_layer_parallel.v:79$3327 ($lt).
Removed top 31 bits (of 32) from port B of cell tcn_network_8ch_2layer.$flatten\layer0.$lt$tcn_8ch_layer_parallel.v:79$3325 ($lt).
Removed top 31 bits (of 32) from port B of cell tcn_network_8ch_2layer.$flatten\layer0.$lt$tcn_8ch_layer_parallel.v:79$3323 ($lt).
Removed top 31 bits (of 32) from port B of cell tcn_network_8ch_2layer.$flatten\layer0.$lt$tcn_8ch_layer_parallel.v:79$3321 ($lt).
Removed top 31 bits (of 32) from port B of cell tcn_network_8ch_2layer.$flatten\layer0.$lt$tcn_8ch_layer_parallel.v:79$3319 ($lt).
Removed top 31 bits (of 32) from port B of cell tcn_network_8ch_2layer.$flatten\layer0.$lt$tcn_8ch_layer_parallel.v:79$3317 ($lt).
Removed top 31 bits (of 32) from port B of cell tcn_network_8ch_2layer.$flatten\layer0.$lt$tcn_8ch_layer_parallel.v:79$3315 ($lt).
Removed top 31 bits (of 32) from port B of cell tcn_network_8ch_2layer.$flatten\layer0.$lt$tcn_8ch_layer_parallel.v:79$3313 ($lt).
Removed top 1 bits (of 8) from port A of cell tcn_network_8ch_2layer.$flatten\layer0.$mul$tcn_8ch_layer_parallel.v:62$3302 ($neg).
Removed top 1 bits (of 8) from port A of cell tcn_network_8ch_2layer.$flatten\layer0.$mul$tcn_8ch_layer_parallel.v:62$3298 ($neg).
Removed top 5 bits (of 8) from port B of cell tcn_network_8ch_2layer.$flatten\layer0.$mul$tcn_8ch_layer_parallel.v:62$3292 ($mul).
Removed top 5 bits (of 8) from port B of cell tcn_network_8ch_2layer.$flatten\layer0.$mul$tcn_8ch_layer_parallel.v:62$3288 ($mul).
Removed top 1 bits (of 8) from port A of cell tcn_network_8ch_2layer.$flatten\layer0.$mul$tcn_8ch_layer_parallel.v:62$3274 ($neg).
Removed top 5 bits (of 8) from port B of cell tcn_network_8ch_2layer.$flatten\layer0.$mul$tcn_8ch_layer_parallel.v:62$3264 ($mul).
Removed top 1 bits (of 8) from port A of cell tcn_network_8ch_2layer.$flatten\layer0.$mul$tcn_8ch_layer_parallel.v:58$3250 ($neg).
Removed top 1 bits (of 8) from port A of cell tcn_network_8ch_2layer.$flatten\layer0.$mul$tcn_8ch_layer_parallel.v:62$3246 ($neg).
Removed top 5 bits (of 8) from port B of cell tcn_network_8ch_2layer.$flatten\layer0.$mul$tcn_8ch_layer_parallel.v:58$3240 ($mul).
Removed top 5 bits (of 8) from port B of cell tcn_network_8ch_2layer.$flatten\layer0.$mul$tcn_8ch_layer_parallel.v:62$3236 ($mul).
Removed top 1 bits (of 8) from port A of cell tcn_network_8ch_2layer.$flatten\layer0.$mul$tcn_8ch_layer_parallel.v:62$3224 ($neg).
Removed top 5 bits (of 8) from port B of cell tcn_network_8ch_2layer.$flatten\layer0.$mul$tcn_8ch_layer_parallel.v:62$3214 ($mul).
Removed top 1 bits (of 8) from port A of cell tcn_network_8ch_2layer.$flatten\layer0.$mul$tcn_8ch_layer_parallel.v:58$3200 ($neg).
Removed top 1 bits (of 8) from port A of cell tcn_network_8ch_2layer.$flatten\layer0.$mul$tcn_8ch_layer_parallel.v:62$3196 ($neg).
Removed top 5 bits (of 8) from port B of cell tcn_network_8ch_2layer.$flatten\layer0.$mul$tcn_8ch_layer_parallel.v:58$3190 ($mul).
Removed top 5 bits (of 8) from port B of cell tcn_network_8ch_2layer.$flatten\layer0.$mul$tcn_8ch_layer_parallel.v:62$3186 ($mul).
Removed top 1 bits (of 8) from port A of cell tcn_network_8ch_2layer.$flatten\layer0.$mul$tcn_8ch_layer_parallel.v:62$3172 ($neg).
Removed top 1 bits (of 8) from port A of cell tcn_network_8ch_2layer.$flatten\layer0.$mul$tcn_8ch_layer_parallel.v:62$3168 ($neg).
Removed top 5 bits (of 8) from port B of cell tcn_network_8ch_2layer.$flatten\layer0.$mul$tcn_8ch_layer_parallel.v:62$3162 ($mul).
Removed top 5 bits (of 8) from port B of cell tcn_network_8ch_2layer.$flatten\layer0.$mul$tcn_8ch_layer_parallel.v:62$3158 ($mul).
Removed top 1 bits (of 8) from port A of cell tcn_network_8ch_2layer.$flatten\layer0.$mul$tcn_8ch_layer_parallel.v:62$3146 ($neg).
Removed top 5 bits (of 8) from port B of cell tcn_network_8ch_2layer.$flatten\layer0.$mul$tcn_8ch_layer_parallel.v:58$3140 ($mul).
Removed top 5 bits (of 8) from port B of cell tcn_network_8ch_2layer.$flatten\layer0.$mul$tcn_8ch_layer_parallel.v:62$3136 ($mul).
Removed top 1 bits (of 8) from port A of cell tcn_network_8ch_2layer.$flatten\layer0.$mul$tcn_8ch_layer_parallel.v:62$3122 ($neg).
Removed top 1 bits (of 8) from port A of cell tcn_network_8ch_2layer.$flatten\layer0.$mul$tcn_8ch_layer_parallel.v:62$3118 ($neg).
Removed top 5 bits (of 8) from port B of cell tcn_network_8ch_2layer.$flatten\layer0.$mul$tcn_8ch_layer_parallel.v:62$3112 ($mul).
Removed top 5 bits (of 8) from port B of cell tcn_network_8ch_2layer.$flatten\layer0.$mul$tcn_8ch_layer_parallel.v:62$3108 ($mul).
Removed top 1 bits (of 8) from port A of cell tcn_network_8ch_2layer.$flatten\layer0.$mul$tcn_8ch_layer_parallel.v:62$3094 ($neg).
Removed top 5 bits (of 8) from port B of cell tcn_network_8ch_2layer.$flatten\layer0.$mul$tcn_8ch_layer_parallel.v:62$3084 ($mul).
Removed top 1 bits (of 8) from port A of cell tcn_network_8ch_2layer.$flatten\layer0.$mul$tcn_8ch_layer_parallel.v:58$3070 ($neg).
Removed top 1 bits (of 8) from port A of cell tcn_network_8ch_2layer.$flatten\layer0.$mul$tcn_8ch_layer_parallel.v:62$3068 ($neg).
Removed top 5 bits (of 8) from port B of cell tcn_network_8ch_2layer.$flatten\layer0.$mul$tcn_8ch_layer_parallel.v:62$3062 ($mul).
Removed top 5 bits (of 8) from port B of cell tcn_network_8ch_2layer.$flatten\layer0.$mul$tcn_8ch_layer_parallel.v:62$3058 ($mul).
Removed top 1 bits (of 8) from port A of cell tcn_network_8ch_2layer.$flatten\layer0.$mul$tcn_8ch_layer_parallel.v:62$3044 ($neg).
Removed top 5 bits (of 8) from port B of cell tcn_network_8ch_2layer.$flatten\layer0.$mul$tcn_8ch_layer_parallel.v:62$3034 ($mul).
Removed top 1 bits (of 8) from port A of cell tcn_network_8ch_2layer.$flatten\layer0.$mul$tcn_8ch_layer_parallel.v:58$3020 ($neg).
Removed top 1 bits (of 8) from port A of cell tcn_network_8ch_2layer.$flatten\layer0.$mul$tcn_8ch_layer_parallel.v:62$3016 ($neg).
Removed top 5 bits (of 8) from port B of cell tcn_network_8ch_2layer.$flatten\layer0.$mul$tcn_8ch_layer_parallel.v:58$3010 ($mul).
Removed top 5 bits (of 8) from port B of cell tcn_network_8ch_2layer.$flatten\layer0.$mul$tcn_8ch_layer_parallel.v:62$3006 ($mul).
Removed top 1 bits (of 8) from port A of cell tcn_network_8ch_2layer.$flatten\layer0.$mul$tcn_8ch_layer_parallel.v:62$2992 ($neg).
Removed top 5 bits (of 8) from port B of cell tcn_network_8ch_2layer.$flatten\layer0.$mul$tcn_8ch_layer_parallel.v:62$2984 ($mul).
Removed top 1 bits (of 8) from port A of cell tcn_network_8ch_2layer.$flatten\layer0.$mul$tcn_8ch_layer_parallel.v:58$2970 ($neg).
Removed top 1 bits (of 8) from port A of cell tcn_network_8ch_2layer.$flatten\layer0.$mul$tcn_8ch_layer_parallel.v:62$2966 ($neg).
Removed top 5 bits (of 8) from port B of cell tcn_network_8ch_2layer.$flatten\layer0.$mul$tcn_8ch_layer_parallel.v:58$2960 ($mul).
Removed top 5 bits (of 8) from port B of cell tcn_network_8ch_2layer.$flatten\layer0.$mul$tcn_8ch_layer_parallel.v:62$2956 ($mul).
Removed top 1 bits (of 8) from port A of cell tcn_network_8ch_2layer.$flatten\layer0.$mul$tcn_8ch_layer_parallel.v:62$2942 ($neg).
Removed top 1 bits (of 8) from port A of cell tcn_network_8ch_2layer.$flatten\layer0.$mul$tcn_8ch_layer_parallel.v:62$2938 ($neg).
Removed top 5 bits (of 8) from port B of cell tcn_network_8ch_2layer.$flatten\layer0.$mul$tcn_8ch_layer_parallel.v:62$2932 ($mul).
Removed top 5 bits (of 8) from port B of cell tcn_network_8ch_2layer.$flatten\layer0.$mul$tcn_8ch_layer_parallel.v:62$2928 ($mul).
Removed top 1 bits (of 8) from port A of cell tcn_network_8ch_2layer.$flatten\layer0.$mul$tcn_8ch_layer_parallel.v:62$2914 ($neg).
Removed top 5 bits (of 8) from port B of cell tcn_network_8ch_2layer.$flatten\layer0.$mul$tcn_8ch_layer_parallel.v:62$2906 ($mul).
Removed top 1 bits (of 8) from port A of cell tcn_network_8ch_2layer.$flatten\layer0.$mul$tcn_8ch_layer_parallel.v:62$2892 ($neg).
Removed top 1 bits (of 8) from port A of cell tcn_network_8ch_2layer.$flatten\layer0.$mul$tcn_8ch_layer_parallel.v:62$2888 ($neg).
Removed top 5 bits (of 8) from port B of cell tcn_network_8ch_2layer.$flatten\layer0.$mul$tcn_8ch_layer_parallel.v:62$2882 ($mul).
Removed top 5 bits (of 8) from port B of cell tcn_network_8ch_2layer.$flatten\layer0.$mul$tcn_8ch_layer_parallel.v:62$2878 ($mul).
Removed top 1 bits (of 8) from port A of cell tcn_network_8ch_2layer.$flatten\layer0.$mul$tcn_8ch_layer_parallel.v:62$2864 ($neg).
Removed top 5 bits (of 8) from port B of cell tcn_network_8ch_2layer.$flatten\layer0.$mul$tcn_8ch_layer_parallel.v:62$2854 ($mul).
Removed top 1 bits (of 8) from port A of cell tcn_network_8ch_2layer.$flatten\layer0.$mul$tcn_8ch_layer_parallel.v:58$2840 ($neg).
Removed top 1 bits (of 8) from port A of cell tcn_network_8ch_2layer.$flatten\layer0.$mul$tcn_8ch_layer_parallel.v:62$2836 ($neg).
Removed top 5 bits (of 8) from port B of cell tcn_network_8ch_2layer.$flatten\layer0.$mul$tcn_8ch_layer_parallel.v:58$2830 ($mul).
Removed top 5 bits (of 8) from port B of cell tcn_network_8ch_2layer.$flatten\layer0.$mul$tcn_8ch_layer_parallel.v:62$2828 ($mul).
Removed top 1 bits (of 8) from port A of cell tcn_network_8ch_2layer.$flatten\layer0.$mul$tcn_8ch_layer_parallel.v:62$2814 ($neg).
Removed top 5 bits (of 8) from port B of cell tcn_network_8ch_2layer.$flatten\layer0.$mul$tcn_8ch_layer_parallel.v:62$2804 ($mul).
Removed top 1 bits (of 8) from port A of cell tcn_network_8ch_2layer.$flatten\layer0.$mul$tcn_8ch_layer_parallel.v:58$2790 ($neg).
Removed top 1 bits (of 8) from port A of cell tcn_network_8ch_2layer.$flatten\layer0.$mul$tcn_8ch_layer_parallel.v:62$2786 ($neg).
Removed top 5 bits (of 8) from port B of cell tcn_network_8ch_2layer.$flatten\layer0.$mul$tcn_8ch_layer_parallel.v:58$2780 ($mul).
Removed top 5 bits (of 8) from port B of cell tcn_network_8ch_2layer.$flatten\layer0.$mul$tcn_8ch_layer_parallel.v:62$2776 ($mul).
Removed top 1 bits (of 8) from port A of cell tcn_network_8ch_2layer.$flatten\layer0.$mul$tcn_8ch_layer_parallel.v:62$2762 ($neg).
Removed top 1 bits (of 8) from port A of cell tcn_network_8ch_2layer.$flatten\layer0.$mul$tcn_8ch_layer_parallel.v:62$2758 ($neg).
Removed top 5 bits (of 8) from port B of cell tcn_network_8ch_2layer.$flatten\layer0.$mul$tcn_8ch_layer_parallel.v:62$2752 ($mul).
Removed top 1 bits (of 8) from port A of cell tcn_network_8ch_2layer.$flatten\layer0.$mul$tcn_8ch_layer_parallel.v:58$2740 ($neg).
Removed top 1 bits (of 8) from port A of cell tcn_network_8ch_2layer.$flatten\layer0.$mul$tcn_8ch_layer_parallel.v:62$2736 ($neg).
Removed top 5 bits (of 8) from port B of cell tcn_network_8ch_2layer.$flatten\layer0.$mul$tcn_8ch_layer_parallel.v:58$2730 ($mul).
Removed top 5 bits (of 8) from port B of cell tcn_network_8ch_2layer.$flatten\layer0.$mul$tcn_8ch_layer_parallel.v:62$2726 ($mul).
Removed top 1 bits (of 8) from port A of cell tcn_network_8ch_2layer.$flatten\layer0.$mul$tcn_8ch_layer_parallel.v:62$2712 ($neg).
Removed top 1 bits (of 8) from port A of cell tcn_network_8ch_2layer.$flatten\layer0.$mul$tcn_8ch_layer_parallel.v:62$2708 ($neg).
Removed top 5 bits (of 8) from port B of cell tcn_network_8ch_2layer.$flatten\layer0.$mul$tcn_8ch_layer_parallel.v:62$2702 ($mul).
Removed top 5 bits (of 8) from port B of cell tcn_network_8ch_2layer.$flatten\layer0.$mul$tcn_8ch_layer_parallel.v:62$2698 ($mul).
Removed top 1 bits (of 8) from port A of cell tcn_network_8ch_2layer.$flatten\layer0.$mul$tcn_8ch_layer_parallel.v:62$2684 ($neg).
Removed top 5 bits (of 8) from port B of cell tcn_network_8ch_2layer.$flatten\layer0.$mul$tcn_8ch_layer_parallel.v:62$2674 ($mul).
Removed top 31 bits (of 32) from port B of cell tcn_network_8ch_2layer.$flatten\layer1.$lt$tcn_8ch_layer_parallel.v:79$2347 ($lt).
Removed top 31 bits (of 32) from port B of cell tcn_network_8ch_2layer.$flatten\layer1.$lt$tcn_8ch_layer_parallel.v:79$2345 ($lt).
Removed top 31 bits (of 32) from port B of cell tcn_network_8ch_2layer.$flatten\layer1.$lt$tcn_8ch_layer_parallel.v:79$2343 ($lt).
Removed top 31 bits (of 32) from port B of cell tcn_network_8ch_2layer.$flatten\layer1.$lt$tcn_8ch_layer_parallel.v:79$2341 ($lt).
Removed top 31 bits (of 32) from port B of cell tcn_network_8ch_2layer.$flatten\layer1.$lt$tcn_8ch_layer_parallel.v:79$2339 ($lt).
Removed top 31 bits (of 32) from port B of cell tcn_network_8ch_2layer.$flatten\layer1.$lt$tcn_8ch_layer_parallel.v:79$2337 ($lt).
Removed top 31 bits (of 32) from port B of cell tcn_network_8ch_2layer.$flatten\layer1.$lt$tcn_8ch_layer_parallel.v:79$2335 ($lt).
Removed top 31 bits (of 32) from port B of cell tcn_network_8ch_2layer.$flatten\layer1.$lt$tcn_8ch_layer_parallel.v:79$2333 ($lt).
Removed top 1 bits (of 8) from port A of cell tcn_network_8ch_2layer.$flatten\layer1.$mul$tcn_8ch_layer_parallel.v:62$2322 ($neg).
Removed top 1 bits (of 8) from port A of cell tcn_network_8ch_2layer.$flatten\layer1.$mul$tcn_8ch_layer_parallel.v:62$2318 ($neg).
Removed top 5 bits (of 8) from port B of cell tcn_network_8ch_2layer.$flatten\layer1.$mul$tcn_8ch_layer_parallel.v:62$2312 ($mul).
Removed top 5 bits (of 8) from port B of cell tcn_network_8ch_2layer.$flatten\layer1.$mul$tcn_8ch_layer_parallel.v:62$2308 ($mul).
Removed top 1 bits (of 8) from port A of cell tcn_network_8ch_2layer.$flatten\layer1.$mul$tcn_8ch_layer_parallel.v:62$2294 ($neg).
Removed top 5 bits (of 8) from port B of cell tcn_network_8ch_2layer.$flatten\layer1.$mul$tcn_8ch_layer_parallel.v:62$2284 ($mul).
Removed top 1 bits (of 8) from port A of cell tcn_network_8ch_2layer.$flatten\layer1.$mul$tcn_8ch_layer_parallel.v:58$2270 ($neg).
Removed top 1 bits (of 8) from port A of cell tcn_network_8ch_2layer.$flatten\layer1.$mul$tcn_8ch_layer_parallel.v:62$2266 ($neg).
Removed top 5 bits (of 8) from port B of cell tcn_network_8ch_2layer.$flatten\layer1.$mul$tcn_8ch_layer_parallel.v:58$2260 ($mul).
Removed top 5 bits (of 8) from port B of cell tcn_network_8ch_2layer.$flatten\layer1.$mul$tcn_8ch_layer_parallel.v:62$2256 ($mul).
Removed top 1 bits (of 8) from port A of cell tcn_network_8ch_2layer.$flatten\layer1.$mul$tcn_8ch_layer_parallel.v:62$2244 ($neg).
Removed top 5 bits (of 8) from port B of cell tcn_network_8ch_2layer.$flatten\layer1.$mul$tcn_8ch_layer_parallel.v:62$2234 ($mul).
Removed top 1 bits (of 8) from port A of cell tcn_network_8ch_2layer.$flatten\layer1.$mul$tcn_8ch_layer_parallel.v:58$2220 ($neg).
Removed top 1 bits (of 8) from port A of cell tcn_network_8ch_2layer.$flatten\layer1.$mul$tcn_8ch_layer_parallel.v:62$2216 ($neg).
Removed top 5 bits (of 8) from port B of cell tcn_network_8ch_2layer.$flatten\layer1.$mul$tcn_8ch_layer_parallel.v:58$2210 ($mul).
Removed top 5 bits (of 8) from port B of cell tcn_network_8ch_2layer.$flatten\layer1.$mul$tcn_8ch_layer_parallel.v:62$2206 ($mul).
Removed top 1 bits (of 8) from port A of cell tcn_network_8ch_2layer.$flatten\layer1.$mul$tcn_8ch_layer_parallel.v:62$2192 ($neg).
Removed top 1 bits (of 8) from port A of cell tcn_network_8ch_2layer.$flatten\layer1.$mul$tcn_8ch_layer_parallel.v:62$2188 ($neg).
Removed top 5 bits (of 8) from port B of cell tcn_network_8ch_2layer.$flatten\layer1.$mul$tcn_8ch_layer_parallel.v:62$2182 ($mul).
Removed top 5 bits (of 8) from port B of cell tcn_network_8ch_2layer.$flatten\layer1.$mul$tcn_8ch_layer_parallel.v:62$2178 ($mul).
Removed top 1 bits (of 8) from port A of cell tcn_network_8ch_2layer.$flatten\layer1.$mul$tcn_8ch_layer_parallel.v:62$2166 ($neg).
Removed top 5 bits (of 8) from port B of cell tcn_network_8ch_2layer.$flatten\layer1.$mul$tcn_8ch_layer_parallel.v:58$2160 ($mul).
Removed top 5 bits (of 8) from port B of cell tcn_network_8ch_2layer.$flatten\layer1.$mul$tcn_8ch_layer_parallel.v:62$2156 ($mul).
Removed top 1 bits (of 8) from port A of cell tcn_network_8ch_2layer.$flatten\layer1.$mul$tcn_8ch_layer_parallel.v:62$2142 ($neg).
Removed top 1 bits (of 8) from port A of cell tcn_network_8ch_2layer.$flatten\layer1.$mul$tcn_8ch_layer_parallel.v:62$2138 ($neg).
Removed top 5 bits (of 8) from port B of cell tcn_network_8ch_2layer.$flatten\layer1.$mul$tcn_8ch_layer_parallel.v:62$2132 ($mul).
Removed top 5 bits (of 8) from port B of cell tcn_network_8ch_2layer.$flatten\layer1.$mul$tcn_8ch_layer_parallel.v:62$2128 ($mul).
Removed top 1 bits (of 8) from port A of cell tcn_network_8ch_2layer.$flatten\layer1.$mul$tcn_8ch_layer_parallel.v:62$2114 ($neg).
Removed top 5 bits (of 8) from port B of cell tcn_network_8ch_2layer.$flatten\layer1.$mul$tcn_8ch_layer_parallel.v:62$2104 ($mul).
Removed top 1 bits (of 8) from port A of cell tcn_network_8ch_2layer.$flatten\layer1.$mul$tcn_8ch_layer_parallel.v:58$2090 ($neg).
Removed top 1 bits (of 8) from port A of cell tcn_network_8ch_2layer.$flatten\layer1.$mul$tcn_8ch_layer_parallel.v:62$2088 ($neg).
Removed top 5 bits (of 8) from port B of cell tcn_network_8ch_2layer.$flatten\layer1.$mul$tcn_8ch_layer_parallel.v:62$2082 ($mul).
Removed top 5 bits (of 8) from port B of cell tcn_network_8ch_2layer.$flatten\layer1.$mul$tcn_8ch_layer_parallel.v:62$2078 ($mul).
Removed top 1 bits (of 8) from port A of cell tcn_network_8ch_2layer.$flatten\layer1.$mul$tcn_8ch_layer_parallel.v:62$2064 ($neg).
Removed top 5 bits (of 8) from port B of cell tcn_network_8ch_2layer.$flatten\layer1.$mul$tcn_8ch_layer_parallel.v:62$2054 ($mul).
Removed top 1 bits (of 8) from port A of cell tcn_network_8ch_2layer.$flatten\layer1.$mul$tcn_8ch_layer_parallel.v:58$2040 ($neg).
Removed top 1 bits (of 8) from port A of cell tcn_network_8ch_2layer.$flatten\layer1.$mul$tcn_8ch_layer_parallel.v:62$2036 ($neg).
Removed top 5 bits (of 8) from port B of cell tcn_network_8ch_2layer.$flatten\layer1.$mul$tcn_8ch_layer_parallel.v:58$2030 ($mul).
Removed top 5 bits (of 8) from port B of cell tcn_network_8ch_2layer.$flatten\layer1.$mul$tcn_8ch_layer_parallel.v:62$2026 ($mul).
Removed top 1 bits (of 8) from port A of cell tcn_network_8ch_2layer.$flatten\layer1.$mul$tcn_8ch_layer_parallel.v:62$2012 ($neg).
Removed top 5 bits (of 8) from port B of cell tcn_network_8ch_2layer.$flatten\layer1.$mul$tcn_8ch_layer_parallel.v:62$2004 ($mul).
Removed top 1 bits (of 8) from port A of cell tcn_network_8ch_2layer.$flatten\layer1.$mul$tcn_8ch_layer_parallel.v:58$1990 ($neg).
Removed top 1 bits (of 8) from port A of cell tcn_network_8ch_2layer.$flatten\layer1.$mul$tcn_8ch_layer_parallel.v:62$1986 ($neg).
Removed top 5 bits (of 8) from port B of cell tcn_network_8ch_2layer.$flatten\layer1.$mul$tcn_8ch_layer_parallel.v:58$1980 ($mul).
Removed top 5 bits (of 8) from port B of cell tcn_network_8ch_2layer.$flatten\layer1.$mul$tcn_8ch_layer_parallel.v:62$1976 ($mul).
Removed top 1 bits (of 8) from port A of cell tcn_network_8ch_2layer.$flatten\layer1.$mul$tcn_8ch_layer_parallel.v:62$1962 ($neg).
Removed top 1 bits (of 8) from port A of cell tcn_network_8ch_2layer.$flatten\layer1.$mul$tcn_8ch_layer_parallel.v:62$1958 ($neg).
Removed top 5 bits (of 8) from port B of cell tcn_network_8ch_2layer.$flatten\layer1.$mul$tcn_8ch_layer_parallel.v:62$1952 ($mul).
Removed top 5 bits (of 8) from port B of cell tcn_network_8ch_2layer.$flatten\layer1.$mul$tcn_8ch_layer_parallel.v:62$1948 ($mul).
Removed top 1 bits (of 8) from port A of cell tcn_network_8ch_2layer.$flatten\layer1.$mul$tcn_8ch_layer_parallel.v:62$1934 ($neg).
Removed top 5 bits (of 8) from port B of cell tcn_network_8ch_2layer.$flatten\layer1.$mul$tcn_8ch_layer_parallel.v:62$1926 ($mul).
Removed top 1 bits (of 8) from port A of cell tcn_network_8ch_2layer.$flatten\layer1.$mul$tcn_8ch_layer_parallel.v:62$1912 ($neg).
Removed top 1 bits (of 8) from port A of cell tcn_network_8ch_2layer.$flatten\layer1.$mul$tcn_8ch_layer_parallel.v:62$1908 ($neg).
Removed top 5 bits (of 8) from port B of cell tcn_network_8ch_2layer.$flatten\layer1.$mul$tcn_8ch_layer_parallel.v:62$1902 ($mul).
Removed top 5 bits (of 8) from port B of cell tcn_network_8ch_2layer.$flatten\layer1.$mul$tcn_8ch_layer_parallel.v:62$1898 ($mul).
Removed top 1 bits (of 8) from port A of cell tcn_network_8ch_2layer.$flatten\layer1.$mul$tcn_8ch_layer_parallel.v:62$1884 ($neg).
Removed top 5 bits (of 8) from port B of cell tcn_network_8ch_2layer.$flatten\layer1.$mul$tcn_8ch_layer_parallel.v:62$1874 ($mul).
Removed top 1 bits (of 8) from port A of cell tcn_network_8ch_2layer.$flatten\layer1.$mul$tcn_8ch_layer_parallel.v:58$1860 ($neg).
Removed top 1 bits (of 8) from port A of cell tcn_network_8ch_2layer.$flatten\layer1.$mul$tcn_8ch_layer_parallel.v:62$1856 ($neg).
Removed top 5 bits (of 8) from port B of cell tcn_network_8ch_2layer.$flatten\layer1.$mul$tcn_8ch_layer_parallel.v:58$1850 ($mul).
Removed top 5 bits (of 8) from port B of cell tcn_network_8ch_2layer.$flatten\layer1.$mul$tcn_8ch_layer_parallel.v:62$1848 ($mul).
Removed top 1 bits (of 8) from port A of cell tcn_network_8ch_2layer.$flatten\layer1.$mul$tcn_8ch_layer_parallel.v:62$1834 ($neg).
Removed top 5 bits (of 8) from port B of cell tcn_network_8ch_2layer.$flatten\layer1.$mul$tcn_8ch_layer_parallel.v:62$1824 ($mul).
Removed top 1 bits (of 8) from port A of cell tcn_network_8ch_2layer.$flatten\layer1.$mul$tcn_8ch_layer_parallel.v:58$1810 ($neg).
Removed top 1 bits (of 8) from port A of cell tcn_network_8ch_2layer.$flatten\layer1.$mul$tcn_8ch_layer_parallel.v:62$1806 ($neg).
Removed top 5 bits (of 8) from port B of cell tcn_network_8ch_2layer.$flatten\layer1.$mul$tcn_8ch_layer_parallel.v:58$1800 ($mul).
Removed top 5 bits (of 8) from port B of cell tcn_network_8ch_2layer.$flatten\layer1.$mul$tcn_8ch_layer_parallel.v:62$1796 ($mul).
Removed top 1 bits (of 8) from port A of cell tcn_network_8ch_2layer.$flatten\layer1.$mul$tcn_8ch_layer_parallel.v:62$1782 ($neg).
Removed top 1 bits (of 8) from port A of cell tcn_network_8ch_2layer.$flatten\layer1.$mul$tcn_8ch_layer_parallel.v:62$1778 ($neg).
Removed top 5 bits (of 8) from port B of cell tcn_network_8ch_2layer.$flatten\layer1.$mul$tcn_8ch_layer_parallel.v:62$1772 ($mul).
Removed top 1 bits (of 8) from port A of cell tcn_network_8ch_2layer.$flatten\layer1.$mul$tcn_8ch_layer_parallel.v:58$1760 ($neg).
Removed top 1 bits (of 8) from port A of cell tcn_network_8ch_2layer.$flatten\layer1.$mul$tcn_8ch_layer_parallel.v:62$1756 ($neg).
Removed top 5 bits (of 8) from port B of cell tcn_network_8ch_2layer.$flatten\layer1.$mul$tcn_8ch_layer_parallel.v:58$1750 ($mul).
Removed top 5 bits (of 8) from port B of cell tcn_network_8ch_2layer.$flatten\layer1.$mul$tcn_8ch_layer_parallel.v:62$1746 ($mul).
Removed top 1 bits (of 8) from port A of cell tcn_network_8ch_2layer.$flatten\layer1.$mul$tcn_8ch_layer_parallel.v:62$1732 ($neg).
Removed top 1 bits (of 8) from port A of cell tcn_network_8ch_2layer.$flatten\layer1.$mul$tcn_8ch_layer_parallel.v:62$1728 ($neg).
Removed top 5 bits (of 8) from port B of cell tcn_network_8ch_2layer.$flatten\layer1.$mul$tcn_8ch_layer_parallel.v:62$1722 ($mul).
Removed top 5 bits (of 8) from port B of cell tcn_network_8ch_2layer.$flatten\layer1.$mul$tcn_8ch_layer_parallel.v:62$1718 ($mul).
Removed top 1 bits (of 8) from port A of cell tcn_network_8ch_2layer.$flatten\layer1.$mul$tcn_8ch_layer_parallel.v:62$1704 ($neg).
Removed top 5 bits (of 8) from port B of cell tcn_network_8ch_2layer.$flatten\layer1.$mul$tcn_8ch_layer_parallel.v:62$1694 ($mul).

3.14. Executing PEEPOPT pass (run peephole optimizers).

3.15. Executing OPT_CLEAN pass (remove unused cells and wires).
Finding unused cells or wires in module \tcn_network_8ch_2layer..

3.16. Executing SHARE pass (SAT-based resource sharing).

3.17. Executing TECHMAP pass (map to technology primitives).

3.17.1. Executing Verilog-2005 frontend: /opt/homebrew/bin/../share/yosys/cmp2lut.v
Parsing Verilog input from `/opt/homebrew/bin/../share/yosys/cmp2lut.v' to AST representation.
Generating RTLIL representation for module `\_90_lut_cmp_'.
Successfully finished Verilog frontend.

3.17.2. Continuing TECHMAP pass.
No more expansions possible.
<suppressed ~36 debug messages>

3.18. Executing OPT_EXPR pass (perform const folding).
Optimizing module tcn_network_8ch_2layer.

3.19. Executing OPT_CLEAN pass (remove unused cells and wires).
Finding unused cells or wires in module \tcn_network_8ch_2layer..

3.20. Executing ALUMACC pass (create $alu and $macc cells).
Extracting $alu and $macc cells in module tcn_network_8ch_2layer:
  creating $macc model for $flatten\layer0.$add$tcn_8ch_layer_parallel.v:57$2691 ($add).
  creating $macc model for $flatten\layer0.$add$tcn_8ch_layer_parallel.v:57$2701 ($add).
  creating $macc model for $flatten\layer0.$add$tcn_8ch_layer_parallel.v:57$2711 ($add).
  creating $macc model for $flatten\layer0.$add$tcn_8ch_layer_parallel.v:57$2721 ($add).
  creating $macc model for $flatten\layer0.$add$tcn_8ch_layer_parallel.v:57$2731 ($add).
  creating $macc model for $flatten\layer0.$add$tcn_8ch_layer_parallel.v:57$2741 ($add).
  creating $macc model for $flatten\layer0.$add$tcn_8ch_layer_parallel.v:57$2761 ($add).
  creating $macc model for $flatten\layer0.$add$tcn_8ch_layer_parallel.v:57$2771 ($add).
  creating $macc model for $flatten\layer0.$add$tcn_8ch_layer_parallel.v:57$2781 ($add).
  creating $macc model for $flatten\layer0.$add$tcn_8ch_layer_parallel.v:57$2791 ($add).
  creating $macc model for $flatten\layer0.$add$tcn_8ch_layer_parallel.v:57$2801 ($add).
  creating $macc model for $flatten\layer0.$add$tcn_8ch_layer_parallel.v:57$2821 ($add).
  creating $macc model for $flatten\layer0.$add$tcn_8ch_layer_parallel.v:57$2841 ($add).
  creating $macc model for $flatten\layer0.$add$tcn_8ch_layer_parallel.v:57$2851 ($add).
  creating $macc model for $flatten\layer0.$add$tcn_8ch_layer_parallel.v:57$2871 ($add).
  creating $macc model for $flatten\layer0.$add$tcn_8ch_layer_parallel.v:57$2881 ($add).
  creating $macc model for $flatten\layer0.$add$tcn_8ch_layer_parallel.v:57$2891 ($add).
  creating $macc model for $flatten\layer0.$add$tcn_8ch_layer_parallel.v:57$2901 ($add).
  creating $macc model for $flatten\layer0.$add$tcn_8ch_layer_parallel.v:57$2921 ($add).
  creating $macc model for $flatten\layer0.$add$tcn_8ch_layer_parallel.v:57$2931 ($add).
  creating $macc model for $flatten\layer0.$add$tcn_8ch_layer_parallel.v:57$2941 ($add).
  creating $macc model for $flatten\layer0.$add$tcn_8ch_layer_parallel.v:57$2951 ($add).
  creating $macc model for $flatten\layer0.$add$tcn_8ch_layer_parallel.v:57$2961 ($add).
  creating $macc model for $flatten\layer0.$add$tcn_8ch_layer_parallel.v:57$2971 ($add).
  creating $macc model for $flatten\layer0.$add$tcn_8ch_layer_parallel.v:57$2981 ($add).
  creating $macc model for $flatten\layer0.$add$tcn_8ch_layer_parallel.v:57$3001 ($add).
  creating $macc model for $flatten\layer0.$add$tcn_8ch_layer_parallel.v:57$3011 ($add).
  creating $macc model for $flatten\layer0.$add$tcn_8ch_layer_parallel.v:57$3021 ($add).
  creating $macc model for $flatten\layer0.$add$tcn_8ch_layer_parallel.v:57$3031 ($add).
  creating $macc model for $flatten\layer0.$add$tcn_8ch_layer_parallel.v:57$3051 ($add).
  creating $macc model for $flatten\layer0.$add$tcn_8ch_layer_parallel.v:57$3061 ($add).
  creating $macc model for $flatten\layer0.$add$tcn_8ch_layer_parallel.v:57$3081 ($add).
  creating $macc model for $flatten\layer0.$add$tcn_8ch_layer_parallel.v:57$3101 ($add).
  creating $macc model for $flatten\layer0.$add$tcn_8ch_layer_parallel.v:57$3111 ($add).
  creating $macc model for $flatten\layer0.$add$tcn_8ch_layer_parallel.v:57$3121 ($add).
  creating $macc model for $flatten\layer0.$add$tcn_8ch_layer_parallel.v:57$3131 ($add).
  creating $macc model for $flatten\layer0.$add$tcn_8ch_layer_parallel.v:57$3141 ($add).
  creating $macc model for $flatten\layer0.$add$tcn_8ch_layer_parallel.v:57$3161 ($add).
  creating $macc model for $flatten\layer0.$add$tcn_8ch_layer_parallel.v:57$3171 ($add).
  creating $macc model for $flatten\layer0.$add$tcn_8ch_layer_parallel.v:57$3181 ($add).
  creating $macc model for $flatten\layer0.$add$tcn_8ch_layer_parallel.v:57$3191 ($add).
  creating $macc model for $flatten\layer0.$add$tcn_8ch_layer_parallel.v:57$3201 ($add).
  creating $macc model for $flatten\layer0.$add$tcn_8ch_layer_parallel.v:57$3211 ($add).
  creating $macc model for $flatten\layer0.$add$tcn_8ch_layer_parallel.v:57$3241 ($add).
  creating $macc model for $flatten\layer0.$add$tcn_8ch_layer_parallel.v:57$3251 ($add).
  creating $macc model for $flatten\layer0.$add$tcn_8ch_layer_parallel.v:57$3261 ($add).
  creating $macc model for $flatten\layer0.$add$tcn_8ch_layer_parallel.v:57$3281 ($add).
  creating $macc model for $flatten\layer0.$add$tcn_8ch_layer_parallel.v:57$3291 ($add).
  creating $macc model for $flatten\layer0.$add$tcn_8ch_layer_parallel.v:57$3301 ($add).
  creating $macc model for $flatten\layer0.$add$tcn_8ch_layer_parallel.v:61$2673 ($add).
  creating $macc model for $flatten\layer0.$add$tcn_8ch_layer_parallel.v:61$2675 ($add).
  creating $macc model for $flatten\layer0.$add$tcn_8ch_layer_parallel.v:61$2679 ($add).
  creating $macc model for $flatten\layer0.$add$tcn_8ch_layer_parallel.v:61$2683 ($add).
  creating $macc model for $flatten\layer0.$add$tcn_8ch_layer_parallel.v:61$2685 ($add).
  creating $macc model for $flatten\layer0.$add$tcn_8ch_layer_parallel.v:61$2687 ($add).
  creating $macc model for $flatten\layer0.$add$tcn_8ch_layer_parallel.v:61$2689 ($add).
  creating $macc model for $flatten\layer0.$add$tcn_8ch_layer_parallel.v:61$2693 ($add).
  creating $macc model for $flatten\layer0.$add$tcn_8ch_layer_parallel.v:61$2695 ($add).
  creating $macc model for $flatten\layer0.$add$tcn_8ch_layer_parallel.v:61$2697 ($add).
  creating $macc model for $flatten\layer0.$add$tcn_8ch_layer_parallel.v:61$2699 ($add).
  creating $macc model for $flatten\layer0.$add$tcn_8ch_layer_parallel.v:61$2703 ($add).
  creating $macc model for $flatten\layer0.$add$tcn_8ch_layer_parallel.v:61$2707 ($add).
  creating $macc model for $flatten\layer0.$add$tcn_8ch_layer_parallel.v:61$2709 ($add).
  creating $macc model for $flatten\layer0.$add$tcn_8ch_layer_parallel.v:61$2713 ($add).
  creating $macc model for $flatten\layer0.$add$tcn_8ch_layer_parallel.v:61$2715 ($add).
  creating $macc model for $flatten\layer0.$add$tcn_8ch_layer_parallel.v:61$2717 ($add).
  creating $macc model for $flatten\layer0.$add$tcn_8ch_layer_parallel.v:61$2719 ($add).
  creating $macc model for $flatten\layer0.$add$tcn_8ch_layer_parallel.v:61$2723 ($add).
  creating $macc model for $flatten\layer0.$add$tcn_8ch_layer_parallel.v:61$2725 ($add).
  creating $macc model for $flatten\layer0.$add$tcn_8ch_layer_parallel.v:61$2727 ($add).
  creating $macc model for $flatten\layer0.$add$tcn_8ch_layer_parallel.v:61$2735 ($add).
  creating $macc model for $flatten\layer0.$add$tcn_8ch_layer_parallel.v:61$2737 ($add).
  creating $macc model for $flatten\layer0.$add$tcn_8ch_layer_parallel.v:61$2739 ($add).
  creating $macc model for $flatten\layer0.$add$tcn_8ch_layer_parallel.v:61$2743 ($add).
  creating $macc model for $flatten\layer0.$add$tcn_8ch_layer_parallel.v:61$2745 ($add).
  creating $macc model for $flatten\layer0.$add$tcn_8ch_layer_parallel.v:61$2747 ($add).
  creating $macc model for $flatten\layer0.$add$tcn_8ch_layer_parallel.v:61$2749 ($add).
  creating $macc model for $flatten\layer0.$add$tcn_8ch_layer_parallel.v:61$2753 ($add).
  creating $macc model for $flatten\layer0.$add$tcn_8ch_layer_parallel.v:61$2757 ($add).
  creating $macc model for $flatten\layer0.$add$tcn_8ch_layer_parallel.v:61$2759 ($add).
  creating $macc model for $flatten\layer0.$add$tcn_8ch_layer_parallel.v:61$2763 ($add).
  creating $macc model for $flatten\layer0.$add$tcn_8ch_layer_parallel.v:61$2765 ($add).
  creating $macc model for $flatten\layer0.$add$tcn_8ch_layer_parallel.v:61$2767 ($add).
  creating $macc model for $flatten\layer0.$add$tcn_8ch_layer_parallel.v:61$2769 ($add).
  creating $macc model for $flatten\layer0.$add$tcn_8ch_layer_parallel.v:61$2773 ($add).
  creating $macc model for $flatten\layer0.$add$tcn_8ch_layer_parallel.v:61$2775 ($add).
  creating $macc model for $flatten\layer0.$add$tcn_8ch_layer_parallel.v:61$2777 ($add).
  creating $macc model for $flatten\layer0.$add$tcn_8ch_layer_parallel.v:61$2785 ($add).
  creating $macc model for $flatten\layer0.$add$tcn_8ch_layer_parallel.v:61$2787 ($add).
  creating $macc model for $flatten\layer0.$add$tcn_8ch_layer_parallel.v:61$2789 ($add).
  creating $macc model for $flatten\layer0.$add$tcn_8ch_layer_parallel.v:61$2793 ($add).
  creating $macc model for $flatten\layer0.$add$tcn_8ch_layer_parallel.v:61$2795 ($add).
  creating $macc model for $flatten\layer0.$add$tcn_8ch_layer_parallel.v:61$2797 ($add).
  creating $macc model for $flatten\layer0.$add$tcn_8ch_layer_parallel.v:61$2799 ($add).
  creating $macc model for $flatten\layer0.$add$tcn_8ch_layer_parallel.v:61$2803 ($add).
  creating $macc model for $flatten\layer0.$add$tcn_8ch_layer_parallel.v:61$2805 ($add).
  creating $macc model for $flatten\layer0.$add$tcn_8ch_layer_parallel.v:61$2809 ($add).
  creating $macc model for $flatten\layer0.$add$tcn_8ch_layer_parallel.v:61$2813 ($add).
  creating $macc model for $flatten\layer0.$add$tcn_8ch_layer_parallel.v:61$2815 ($add).
  creating $macc model for $flatten\layer0.$add$tcn_8ch_layer_parallel.v:61$2817 ($add).
  creating $macc model for $flatten\layer0.$add$tcn_8ch_layer_parallel.v:61$2819 ($add).
  creating $macc model for $flatten\layer0.$add$tcn_8ch_layer_parallel.v:61$2823 ($add).
  creating $macc model for $flatten\layer0.$add$tcn_8ch_layer_parallel.v:61$2825 ($add).
  creating $macc model for $flatten\layer0.$add$tcn_8ch_layer_parallel.v:61$2827 ($add).
  creating $macc model for $flatten\layer0.$add$tcn_8ch_layer_parallel.v:61$2829 ($add).
  creating $macc model for $flatten\layer0.$add$tcn_8ch_layer_parallel.v:61$2835 ($add).
  creating $macc model for $flatten\layer0.$add$tcn_8ch_layer_parallel.v:61$2837 ($add).
  creating $macc model for $flatten\layer0.$add$tcn_8ch_layer_parallel.v:61$2839 ($add).
  creating $macc model for $flatten\layer0.$add$tcn_8ch_layer_parallel.v:61$2843 ($add).
  creating $macc model for $flatten\layer0.$add$tcn_8ch_layer_parallel.v:61$2845 ($add).
  creating $macc model for $flatten\layer0.$add$tcn_8ch_layer_parallel.v:61$2847 ($add).
  creating $macc model for $flatten\layer0.$add$tcn_8ch_layer_parallel.v:61$2849 ($add).
  creating $macc model for $flatten\layer0.$add$tcn_8ch_layer_parallel.v:61$2853 ($add).
  creating $macc model for $flatten\layer0.$add$tcn_8ch_layer_parallel.v:61$2855 ($add).
  creating $macc model for $flatten\layer0.$add$tcn_8ch_layer_parallel.v:61$2859 ($add).
  creating $macc model for $flatten\layer0.$add$tcn_8ch_layer_parallel.v:61$2863 ($add).
  creating $macc model for $flatten\layer0.$add$tcn_8ch_layer_parallel.v:61$2865 ($add).
  creating $macc model for $flatten\layer0.$add$tcn_8ch_layer_parallel.v:61$2867 ($add).
  creating $macc model for $flatten\layer0.$add$tcn_8ch_layer_parallel.v:61$2869 ($add).
  creating $macc model for $flatten\layer0.$add$tcn_8ch_layer_parallel.v:61$2873 ($add).
  creating $macc model for $flatten\layer0.$add$tcn_8ch_layer_parallel.v:61$2875 ($add).
  creating $macc model for $flatten\layer0.$add$tcn_8ch_layer_parallel.v:61$2877 ($add).
  creating $macc model for $flatten\layer0.$add$tcn_8ch_layer_parallel.v:61$2879 ($add).
  creating $macc model for $flatten\layer0.$add$tcn_8ch_layer_parallel.v:61$2883 ($add).
  creating $macc model for $flatten\layer0.$add$tcn_8ch_layer_parallel.v:61$2887 ($add).
  creating $macc model for $flatten\layer0.$add$tcn_8ch_layer_parallel.v:61$2889 ($add).
  creating $macc model for $flatten\layer0.$add$tcn_8ch_layer_parallel.v:61$2893 ($add).
  creating $macc model for $flatten\layer0.$add$tcn_8ch_layer_parallel.v:61$2895 ($add).
  creating $macc model for $flatten\layer0.$add$tcn_8ch_layer_parallel.v:61$2897 ($add).
  creating $macc model for $flatten\layer0.$add$tcn_8ch_layer_parallel.v:61$2899 ($add).
  creating $macc model for $flatten\layer0.$add$tcn_8ch_layer_parallel.v:61$2903 ($add).
  creating $macc model for $flatten\layer0.$add$tcn_8ch_layer_parallel.v:61$2905 ($add).
  creating $macc model for $flatten\layer0.$add$tcn_8ch_layer_parallel.v:61$2907 ($add).
  creating $macc model for $flatten\layer0.$add$tcn_8ch_layer_parallel.v:61$2915 ($add).
  creating $macc model for $flatten\layer0.$add$tcn_8ch_layer_parallel.v:61$2917 ($add).
  creating $macc model for $flatten\layer0.$add$tcn_8ch_layer_parallel.v:61$2919 ($add).
  creating $macc model for $flatten\layer0.$add$tcn_8ch_layer_parallel.v:61$2923 ($add).
  creating $macc model for $flatten\layer0.$add$tcn_8ch_layer_parallel.v:61$2925 ($add).
  creating $macc model for $flatten\layer0.$add$tcn_8ch_layer_parallel.v:61$2927 ($add).
  creating $macc model for $flatten\layer0.$add$tcn_8ch_layer_parallel.v:61$2929 ($add).
  creating $macc model for $flatten\layer0.$add$tcn_8ch_layer_parallel.v:61$2933 ($add).
  creating $macc model for $flatten\layer0.$add$tcn_8ch_layer_parallel.v:61$2937 ($add).
  creating $macc model for $flatten\layer0.$add$tcn_8ch_layer_parallel.v:61$2939 ($add).
  creating $macc model for $flatten\layer0.$add$tcn_8ch_layer_parallel.v:61$2943 ($add).
  creating $macc model for $flatten\layer0.$add$tcn_8ch_layer_parallel.v:61$2945 ($add).
  creating $macc model for $flatten\layer0.$add$tcn_8ch_layer_parallel.v:61$2947 ($add).
  creating $macc model for $flatten\layer0.$add$tcn_8ch_layer_parallel.v:61$2949 ($add).
  creating $macc model for $flatten\layer0.$add$tcn_8ch_layer_parallel.v:61$2953 ($add).
  creating $macc model for $flatten\layer0.$add$tcn_8ch_layer_parallel.v:61$2955 ($add).
  creating $macc model for $flatten\layer0.$add$tcn_8ch_layer_parallel.v:61$2957 ($add).
  creating $macc model for $flatten\layer0.$add$tcn_8ch_layer_parallel.v:61$2965 ($add).
  creating $macc model for $flatten\layer0.$add$tcn_8ch_layer_parallel.v:61$2967 ($add).
  creating $macc model for $flatten\layer0.$add$tcn_8ch_layer_parallel.v:61$2969 ($add).
  creating $macc model for $flatten\layer0.$add$tcn_8ch_layer_parallel.v:61$2973 ($add).
  creating $macc model for $flatten\layer0.$add$tcn_8ch_layer_parallel.v:61$2975 ($add).
  creating $macc model for $flatten\layer0.$add$tcn_8ch_layer_parallel.v:61$2977 ($add).
  creating $macc model for $flatten\layer0.$add$tcn_8ch_layer_parallel.v:61$2979 ($add).
  creating $macc model for $flatten\layer0.$add$tcn_8ch_layer_parallel.v:61$2983 ($add).
  creating $macc model for $flatten\layer0.$add$tcn_8ch_layer_parallel.v:61$2985 ($add).
  creating $macc model for $flatten\layer0.$add$tcn_8ch_layer_parallel.v:61$2989 ($add).
  creating $macc model for $flatten\layer0.$add$tcn_8ch_layer_parallel.v:61$2993 ($add).
  creating $macc model for $flatten\layer0.$add$tcn_8ch_layer_parallel.v:61$2995 ($add).
  creating $macc model for $flatten\layer0.$add$tcn_8ch_layer_parallel.v:61$2997 ($add).
  creating $macc model for $flatten\layer0.$add$tcn_8ch_layer_parallel.v:61$2999 ($add).
  creating $macc model for $flatten\layer0.$add$tcn_8ch_layer_parallel.v:61$3003 ($add).
  creating $macc model for $flatten\layer0.$add$tcn_8ch_layer_parallel.v:61$3005 ($add).
  creating $macc model for $flatten\layer0.$add$tcn_8ch_layer_parallel.v:61$3007 ($add).
  creating $macc model for $flatten\layer0.$add$tcn_8ch_layer_parallel.v:61$3015 ($add).
  creating $macc model for $flatten\layer0.$add$tcn_8ch_layer_parallel.v:61$3017 ($add).
  creating $macc model for $flatten\layer0.$add$tcn_8ch_layer_parallel.v:61$3019 ($add).
  creating $macc model for $flatten\layer0.$add$tcn_8ch_layer_parallel.v:61$3023 ($add).
  creating $macc model for $flatten\layer0.$add$tcn_8ch_layer_parallel.v:61$3025 ($add).
  creating $macc model for $flatten\layer0.$add$tcn_8ch_layer_parallel.v:61$3027 ($add).
  creating $macc model for $flatten\layer0.$add$tcn_8ch_layer_parallel.v:61$3029 ($add).
  creating $macc model for $flatten\layer0.$add$tcn_8ch_layer_parallel.v:61$3033 ($add).
  creating $macc model for $flatten\layer0.$add$tcn_8ch_layer_parallel.v:61$3035 ($add).
  creating $macc model for $flatten\layer0.$add$tcn_8ch_layer_parallel.v:61$3039 ($add).
  creating $macc model for $flatten\layer0.$add$tcn_8ch_layer_parallel.v:61$3043 ($add).
  creating $macc model for $flatten\layer0.$add$tcn_8ch_layer_parallel.v:61$3045 ($add).
  creating $macc model for $flatten\layer0.$add$tcn_8ch_layer_parallel.v:61$3047 ($add).
  creating $macc model for $flatten\layer0.$add$tcn_8ch_layer_parallel.v:61$3049 ($add).
  creating $macc model for $flatten\layer0.$add$tcn_8ch_layer_parallel.v:61$3053 ($add).
  creating $macc model for $flatten\layer0.$add$tcn_8ch_layer_parallel.v:61$3055 ($add).
  creating $macc model for $flatten\layer0.$add$tcn_8ch_layer_parallel.v:61$3057 ($add).
  creating $macc model for $flatten\layer0.$add$tcn_8ch_layer_parallel.v:61$3059 ($add).
  creating $macc model for $flatten\layer0.$add$tcn_8ch_layer_parallel.v:61$3063 ($add).
  creating $macc model for $flatten\layer0.$add$tcn_8ch_layer_parallel.v:61$3067 ($add).
  creating $macc model for $flatten\layer0.$add$tcn_8ch_layer_parallel.v:61$3069 ($add).
  creating $macc model for $flatten\layer0.$add$tcn_8ch_layer_parallel.v:61$3073 ($add).
  creating $macc model for $flatten\layer0.$add$tcn_8ch_layer_parallel.v:61$3075 ($add).
  creating $macc model for $flatten\layer0.$add$tcn_8ch_layer_parallel.v:61$3077 ($add).
  creating $macc model for $flatten\layer0.$add$tcn_8ch_layer_parallel.v:61$3079 ($add).
  creating $macc model for $flatten\layer0.$add$tcn_8ch_layer_parallel.v:61$3083 ($add).
  creating $macc model for $flatten\layer0.$add$tcn_8ch_layer_parallel.v:61$3085 ($add).
  creating $macc model for $flatten\layer0.$add$tcn_8ch_layer_parallel.v:61$3089 ($add).
  creating $macc model for $flatten\layer0.$add$tcn_8ch_layer_parallel.v:61$3093 ($add).
  creating $macc model for $flatten\layer0.$add$tcn_8ch_layer_parallel.v:61$3095 ($add).
  creating $macc model for $flatten\layer0.$add$tcn_8ch_layer_parallel.v:61$3097 ($add).
  creating $macc model for $flatten\layer0.$add$tcn_8ch_layer_parallel.v:61$3099 ($add).
  creating $macc model for $flatten\layer0.$add$tcn_8ch_layer_parallel.v:61$3103 ($add).
  creating $macc model for $flatten\layer0.$add$tcn_8ch_layer_parallel.v:61$3105 ($add).
  creating $macc model for $flatten\layer0.$add$tcn_8ch_layer_parallel.v:61$3107 ($add).
  creating $macc model for $flatten\layer0.$add$tcn_8ch_layer_parallel.v:61$3109 ($add).
  creating $macc model for $flatten\layer0.$add$tcn_8ch_layer_parallel.v:61$3113 ($add).
  creating $macc model for $flatten\layer0.$add$tcn_8ch_layer_parallel.v:61$3117 ($add).
  creating $macc model for $flatten\layer0.$add$tcn_8ch_layer_parallel.v:61$3119 ($add).
  creating $macc model for $flatten\layer0.$add$tcn_8ch_layer_parallel.v:61$3123 ($add).
  creating $macc model for $flatten\layer0.$add$tcn_8ch_layer_parallel.v:61$3125 ($add).
  creating $macc model for $flatten\layer0.$add$tcn_8ch_layer_parallel.v:61$3127 ($add).
  creating $macc model for $flatten\layer0.$add$tcn_8ch_layer_parallel.v:61$3129 ($add).
  creating $macc model for $flatten\layer0.$add$tcn_8ch_layer_parallel.v:61$3133 ($add).
  creating $macc model for $flatten\layer0.$add$tcn_8ch_layer_parallel.v:61$3135 ($add).
  creating $macc model for $flatten\layer0.$add$tcn_8ch_layer_parallel.v:61$3137 ($add).
  creating $macc model for $flatten\layer0.$add$tcn_8ch_layer_parallel.v:61$3145 ($add).
  creating $macc model for $flatten\layer0.$add$tcn_8ch_layer_parallel.v:61$3147 ($add).
  creating $macc model for $flatten\layer0.$add$tcn_8ch_layer_parallel.v:61$3149 ($add).
  creating $macc model for $flatten\layer0.$add$tcn_8ch_layer_parallel.v:61$3153 ($add).
  creating $macc model for $flatten\layer0.$add$tcn_8ch_layer_parallel.v:61$3155 ($add).
  creating $macc model for $flatten\layer0.$add$tcn_8ch_layer_parallel.v:61$3157 ($add).
  creating $macc model for $flatten\layer0.$add$tcn_8ch_layer_parallel.v:61$3159 ($add).
  creating $macc model for $flatten\layer0.$add$tcn_8ch_layer_parallel.v:61$3163 ($add).
  creating $macc model for $flatten\layer0.$add$tcn_8ch_layer_parallel.v:61$3167 ($add).
  creating $macc model for $flatten\layer0.$add$tcn_8ch_layer_parallel.v:61$3169 ($add).
  creating $macc model for $flatten\layer0.$add$tcn_8ch_layer_parallel.v:61$3173 ($add).
  creating $macc model for $flatten\layer0.$add$tcn_8ch_layer_parallel.v:61$3175 ($add).
  creating $macc model for $flatten\layer0.$add$tcn_8ch_layer_parallel.v:61$3177 ($add).
  creating $macc model for $flatten\layer0.$add$tcn_8ch_layer_parallel.v:61$3179 ($add).
  creating $macc model for $flatten\layer0.$add$tcn_8ch_layer_parallel.v:61$3183 ($add).
  creating $macc model for $flatten\layer0.$add$tcn_8ch_layer_parallel.v:61$3185 ($add).
  creating $macc model for $flatten\layer0.$add$tcn_8ch_layer_parallel.v:61$3187 ($add).
  creating $macc model for $flatten\layer0.$add$tcn_8ch_layer_parallel.v:61$3195 ($add).
  creating $macc model for $flatten\layer0.$add$tcn_8ch_layer_parallel.v:61$3197 ($add).
  creating $macc model for $flatten\layer0.$add$tcn_8ch_layer_parallel.v:61$3199 ($add).
  creating $macc model for $flatten\layer0.$add$tcn_8ch_layer_parallel.v:61$3203 ($add).
  creating $macc model for $flatten\layer0.$add$tcn_8ch_layer_parallel.v:61$3205 ($add).
  creating $macc model for $flatten\layer0.$add$tcn_8ch_layer_parallel.v:61$3207 ($add).
  creating $macc model for $flatten\layer0.$add$tcn_8ch_layer_parallel.v:61$3209 ($add).
  creating $macc model for $flatten\layer0.$add$tcn_8ch_layer_parallel.v:61$3213 ($add).
  creating $macc model for $flatten\layer0.$add$tcn_8ch_layer_parallel.v:61$3215 ($add).
  creating $macc model for $flatten\layer0.$add$tcn_8ch_layer_parallel.v:61$3219 ($add).
  creating $macc model for $flatten\layer0.$add$tcn_8ch_layer_parallel.v:61$3223 ($add).
  creating $macc model for $flatten\layer0.$add$tcn_8ch_layer_parallel.v:61$3225 ($add).
  creating $macc model for $flatten\layer0.$add$tcn_8ch_layer_parallel.v:61$3227 ($add).
  creating $macc model for $flatten\layer0.$add$tcn_8ch_layer_parallel.v:61$3229 ($add).
  creating $macc model for $flatten\layer0.$add$tcn_8ch_layer_parallel.v:61$3233 ($add).
  creating $macc model for $flatten\layer0.$add$tcn_8ch_layer_parallel.v:61$3235 ($add).
  creating $macc model for $flatten\layer0.$add$tcn_8ch_layer_parallel.v:61$3237 ($add).
  creating $macc model for $flatten\layer0.$add$tcn_8ch_layer_parallel.v:61$3245 ($add).
  creating $macc model for $flatten\layer0.$add$tcn_8ch_layer_parallel.v:61$3247 ($add).
  creating $macc model for $flatten\layer0.$add$tcn_8ch_layer_parallel.v:61$3249 ($add).
  creating $macc model for $flatten\layer0.$add$tcn_8ch_layer_parallel.v:61$3253 ($add).
  creating $macc model for $flatten\layer0.$add$tcn_8ch_layer_parallel.v:61$3255 ($add).
  creating $macc model for $flatten\layer0.$add$tcn_8ch_layer_parallel.v:61$3257 ($add).
  creating $macc model for $flatten\layer0.$add$tcn_8ch_layer_parallel.v:61$3259 ($add).
  creating $macc model for $flatten\layer0.$add$tcn_8ch_layer_parallel.v:61$3263 ($add).
  creating $macc model for $flatten\layer0.$add$tcn_8ch_layer_parallel.v:61$3265 ($add).
  creating $macc model for $flatten\layer0.$add$tcn_8ch_layer_parallel.v:61$3269 ($add).
  creating $macc model for $flatten\layer0.$add$tcn_8ch_layer_parallel.v:61$3273 ($add).
  creating $macc model for $flatten\layer0.$add$tcn_8ch_layer_parallel.v:61$3275 ($add).
  creating $macc model for $flatten\layer0.$add$tcn_8ch_layer_parallel.v:61$3277 ($add).
  creating $macc model for $flatten\layer0.$add$tcn_8ch_layer_parallel.v:61$3279 ($add).
  creating $macc model for $flatten\layer0.$add$tcn_8ch_layer_parallel.v:61$3283 ($add).
  creating $macc model for $flatten\layer0.$add$tcn_8ch_layer_parallel.v:61$3285 ($add).
  creating $macc model for $flatten\layer0.$add$tcn_8ch_layer_parallel.v:61$3287 ($add).
  creating $macc model for $flatten\layer0.$add$tcn_8ch_layer_parallel.v:61$3289 ($add).
  creating $macc model for $flatten\layer0.$add$tcn_8ch_layer_parallel.v:61$3293 ($add).
  creating $macc model for $flatten\layer0.$add$tcn_8ch_layer_parallel.v:61$3297 ($add).
  creating $macc model for $flatten\layer0.$add$tcn_8ch_layer_parallel.v:61$3299 ($add).
  creating $macc model for $flatten\layer0.$add$tcn_8ch_layer_parallel.v:61$3303 ($add).
  creating $macc model for $flatten\layer0.$add$tcn_8ch_layer_parallel.v:61$3305 ($add).
  creating $macc model for $flatten\layer0.$add$tcn_8ch_layer_parallel.v:61$3307 ($add).
  creating $macc model for $flatten\layer0.$add$tcn_8ch_layer_parallel.v:61$3309 ($add).
  creating $macc model for $flatten\layer0.$mul$tcn_8ch_layer_parallel.v:58$2700 ($neg).
  creating $macc model for $flatten\layer0.$mul$tcn_8ch_layer_parallel.v:58$2730 ($mul).
  creating $macc model for $flatten\layer0.$mul$tcn_8ch_layer_parallel.v:58$2740 ($neg).
  creating $macc model for $flatten\layer0.$mul$tcn_8ch_layer_parallel.v:58$2750 ($neg).
  creating $macc model for $flatten\layer0.$mul$tcn_8ch_layer_parallel.v:58$2780 ($mul).
  creating $macc model for $flatten\layer0.$mul$tcn_8ch_layer_parallel.v:58$2790 ($neg).
  creating $macc model for $flatten\layer0.$mul$tcn_8ch_layer_parallel.v:58$2830 ($mul).
  creating $macc model for $flatten\layer0.$mul$tcn_8ch_layer_parallel.v:58$2840 ($neg).
  creating $macc model for $flatten\layer0.$mul$tcn_8ch_layer_parallel.v:58$2880 ($neg).
  creating $macc model for $flatten\layer0.$mul$tcn_8ch_layer_parallel.v:58$2930 ($neg).
  creating $macc model for $flatten\layer0.$mul$tcn_8ch_layer_parallel.v:58$2960 ($mul).
  creating $macc model for $flatten\layer0.$mul$tcn_8ch_layer_parallel.v:58$2970 ($neg).
  creating $macc model for $flatten\layer0.$mul$tcn_8ch_layer_parallel.v:58$3010 ($mul).
  creating $macc model for $flatten\layer0.$mul$tcn_8ch_layer_parallel.v:58$3020 ($neg).
  creating $macc model for $flatten\layer0.$mul$tcn_8ch_layer_parallel.v:58$3060 ($neg).
  creating $macc model for $flatten\layer0.$mul$tcn_8ch_layer_parallel.v:58$3070 ($neg).
  creating $macc model for $flatten\layer0.$mul$tcn_8ch_layer_parallel.v:58$3110 ($neg).
  creating $macc model for $flatten\layer0.$mul$tcn_8ch_layer_parallel.v:58$3140 ($mul).
  creating $macc model for $flatten\layer0.$mul$tcn_8ch_layer_parallel.v:58$3160 ($neg).
  creating $macc model for $flatten\layer0.$mul$tcn_8ch_layer_parallel.v:58$3190 ($mul).
  creating $macc model for $flatten\layer0.$mul$tcn_8ch_layer_parallel.v:58$3200 ($neg).
  creating $macc model for $flatten\layer0.$mul$tcn_8ch_layer_parallel.v:58$3240 ($mul).
  creating $macc model for $flatten\layer0.$mul$tcn_8ch_layer_parallel.v:58$3250 ($neg).
  creating $macc model for $flatten\layer0.$mul$tcn_8ch_layer_parallel.v:58$3290 ($neg).
  creating $macc model for $flatten\layer0.$mul$tcn_8ch_layer_parallel.v:62$2672 ($neg).
  creating $macc model for $flatten\layer0.$mul$tcn_8ch_layer_parallel.v:62$2674 ($mul).
  creating $macc model for $flatten\layer0.$mul$tcn_8ch_layer_parallel.v:62$2684 ($neg).
  creating $macc model for $flatten\layer0.$mul$tcn_8ch_layer_parallel.v:62$2696 ($neg).
  creating $macc model for $flatten\layer0.$mul$tcn_8ch_layer_parallel.v:62$2698 ($mul).
  creating $macc model for $flatten\layer0.$mul$tcn_8ch_layer_parallel.v:62$2702 ($mul).
  creating $macc model for $flatten\layer0.$mul$tcn_8ch_layer_parallel.v:62$2708 ($neg).
  creating $macc model for $flatten\layer0.$mul$tcn_8ch_layer_parallel.v:62$2712 ($neg).
  creating $macc model for $flatten\layer0.$mul$tcn_8ch_layer_parallel.v:62$2724 ($neg).
  creating $macc model for $flatten\layer0.$mul$tcn_8ch_layer_parallel.v:62$2726 ($mul).
  creating $macc model for $flatten\layer0.$mul$tcn_8ch_layer_parallel.v:62$2736 ($neg).
  creating $macc model for $flatten\layer0.$mul$tcn_8ch_layer_parallel.v:62$2748 ($neg).
  creating $macc model for $flatten\layer0.$mul$tcn_8ch_layer_parallel.v:62$2752 ($mul).
  creating $macc model for $flatten\layer0.$mul$tcn_8ch_layer_parallel.v:62$2758 ($neg).
  creating $macc model for $flatten\layer0.$mul$tcn_8ch_layer_parallel.v:62$2762 ($neg).
  creating $macc model for $flatten\layer0.$mul$tcn_8ch_layer_parallel.v:62$2774 ($neg).
  creating $macc model for $flatten\layer0.$mul$tcn_8ch_layer_parallel.v:62$2776 ($mul).
  creating $macc model for $flatten\layer0.$mul$tcn_8ch_layer_parallel.v:62$2786 ($neg).
  creating $macc model for $flatten\layer0.$mul$tcn_8ch_layer_parallel.v:62$2798 ($neg).
  creating $macc model for $flatten\layer0.$mul$tcn_8ch_layer_parallel.v:62$2802 ($neg).
  creating $macc model for $flatten\layer0.$mul$tcn_8ch_layer_parallel.v:62$2804 ($mul).
  creating $macc model for $flatten\layer0.$mul$tcn_8ch_layer_parallel.v:62$2814 ($neg).
  creating $macc model for $flatten\layer0.$mul$tcn_8ch_layer_parallel.v:62$2826 ($neg).
  creating $macc model for $flatten\layer0.$mul$tcn_8ch_layer_parallel.v:62$2828 ($mul).
  creating $macc model for $flatten\layer0.$mul$tcn_8ch_layer_parallel.v:62$2836 ($neg).
  creating $macc model for $flatten\layer0.$mul$tcn_8ch_layer_parallel.v:62$2848 ($neg).
  creating $macc model for $flatten\layer0.$mul$tcn_8ch_layer_parallel.v:62$2852 ($neg).
  creating $macc model for $flatten\layer0.$mul$tcn_8ch_layer_parallel.v:62$2854 ($mul).
  creating $macc model for $flatten\layer0.$mul$tcn_8ch_layer_parallel.v:62$2864 ($neg).
  creating $macc model for $flatten\layer0.$mul$tcn_8ch_layer_parallel.v:62$2876 ($neg).
  creating $macc model for $flatten\layer0.$mul$tcn_8ch_layer_parallel.v:62$2878 ($mul).
  creating $macc model for $flatten\layer0.$mul$tcn_8ch_layer_parallel.v:62$2882 ($mul).
  creating $macc model for $flatten\layer0.$mul$tcn_8ch_layer_parallel.v:62$2888 ($neg).
  creating $macc model for $flatten\layer0.$mul$tcn_8ch_layer_parallel.v:62$2892 ($neg).
  creating $macc model for $flatten\layer0.$mul$tcn_8ch_layer_parallel.v:62$2904 ($neg).
  creating $macc model for $flatten\layer0.$mul$tcn_8ch_layer_parallel.v:62$2906 ($mul).
  creating $macc model for $flatten\layer0.$mul$tcn_8ch_layer_parallel.v:62$2914 ($neg).
  creating $macc model for $flatten\layer0.$mul$tcn_8ch_layer_parallel.v:62$2926 ($neg).
  creating $macc model for $flatten\layer0.$mul$tcn_8ch_layer_parallel.v:62$2928 ($mul).
  creating $macc model for $flatten\layer0.$mul$tcn_8ch_layer_parallel.v:62$2932 ($mul).
  creating $macc model for $flatten\layer0.$mul$tcn_8ch_layer_parallel.v:62$2938 ($neg).
  creating $macc model for $flatten\layer0.$mul$tcn_8ch_layer_parallel.v:62$2942 ($neg).
  creating $macc model for $flatten\layer0.$mul$tcn_8ch_layer_parallel.v:62$2954 ($neg).
  creating $macc model for $flatten\layer0.$mul$tcn_8ch_layer_parallel.v:62$2956 ($mul).
  creating $macc model for $flatten\layer0.$mul$tcn_8ch_layer_parallel.v:62$2966 ($neg).
  creating $macc model for $flatten\layer0.$mul$tcn_8ch_layer_parallel.v:62$2978 ($neg).
  creating $macc model for $flatten\layer0.$mul$tcn_8ch_layer_parallel.v:62$2982 ($neg).
  creating $macc model for $flatten\layer0.$mul$tcn_8ch_layer_parallel.v:62$2984 ($mul).
  creating $macc model for $flatten\layer0.$mul$tcn_8ch_layer_parallel.v:62$2992 ($neg).
  creating $macc model for $flatten\layer0.$mul$tcn_8ch_layer_parallel.v:62$3004 ($neg).
  creating $macc model for $flatten\layer0.$mul$tcn_8ch_layer_parallel.v:62$3006 ($mul).
  creating $macc model for $flatten\layer0.$mul$tcn_8ch_layer_parallel.v:62$3016 ($neg).
  creating $macc model for $flatten\layer0.$mul$tcn_8ch_layer_parallel.v:62$3028 ($neg).
  creating $macc model for $flatten\layer0.$mul$tcn_8ch_layer_parallel.v:62$3032 ($neg).
  creating $macc model for $flatten\layer0.$mul$tcn_8ch_layer_parallel.v:62$3034 ($mul).
  creating $macc model for $flatten\layer0.$mul$tcn_8ch_layer_parallel.v:62$3044 ($neg).
  creating $macc model for $flatten\layer0.$mul$tcn_8ch_layer_parallel.v:62$3056 ($neg).
  creating $macc model for $flatten\layer0.$mul$tcn_8ch_layer_parallel.v:62$3058 ($mul).
  creating $macc model for $flatten\layer0.$mul$tcn_8ch_layer_parallel.v:62$3062 ($mul).
  creating $macc model for $flatten\layer0.$mul$tcn_8ch_layer_parallel.v:62$3068 ($neg).
  creating $macc model for $flatten\layer0.$mul$tcn_8ch_layer_parallel.v:62$3078 ($neg).
  creating $macc model for $flatten\layer0.$mul$tcn_8ch_layer_parallel.v:62$3082 ($neg).
  creating $macc model for $flatten\layer0.$mul$tcn_8ch_layer_parallel.v:62$3084 ($mul).
  creating $macc model for $flatten\layer0.$mul$tcn_8ch_layer_parallel.v:62$3094 ($neg).
  creating $macc model for $flatten\layer0.$mul$tcn_8ch_layer_parallel.v:62$3106 ($neg).
  creating $macc model for $flatten\layer0.$mul$tcn_8ch_layer_parallel.v:62$3108 ($mul).
  creating $macc model for $flatten\layer0.$mul$tcn_8ch_layer_parallel.v:62$3112 ($mul).
  creating $macc model for $flatten\layer0.$mul$tcn_8ch_layer_parallel.v:62$3118 ($neg).
  creating $macc model for $flatten\layer0.$mul$tcn_8ch_layer_parallel.v:62$3122 ($neg).
  creating $macc model for $flatten\layer0.$mul$tcn_8ch_layer_parallel.v:62$3134 ($neg).
  creating $macc model for $flatten\layer0.$mul$tcn_8ch_layer_parallel.v:62$3136 ($mul).
  creating $macc model for $flatten\layer0.$mul$tcn_8ch_layer_parallel.v:62$3146 ($neg).
  creating $macc model for $flatten\layer0.$mul$tcn_8ch_layer_parallel.v:62$3156 ($neg).
  creating $macc model for $flatten\layer0.$mul$tcn_8ch_layer_parallel.v:62$3158 ($mul).
  creating $macc model for $flatten\layer0.$mul$tcn_8ch_layer_parallel.v:62$3162 ($mul).
  creating $macc model for $flatten\layer0.$mul$tcn_8ch_layer_parallel.v:62$3168 ($neg).
  creating $macc model for $flatten\layer0.$mul$tcn_8ch_layer_parallel.v:62$3172 ($neg).
  creating $macc model for $flatten\layer0.$mul$tcn_8ch_layer_parallel.v:62$3184 ($neg).
  creating $macc model for $flatten\layer0.$mul$tcn_8ch_layer_parallel.v:62$3186 ($mul).
  creating $macc model for $flatten\layer0.$mul$tcn_8ch_layer_parallel.v:62$3196 ($neg).
  creating $macc model for $flatten\layer0.$mul$tcn_8ch_layer_parallel.v:62$3208 ($neg).
  creating $macc model for $flatten\layer0.$mul$tcn_8ch_layer_parallel.v:62$3212 ($neg).
  creating $macc model for $flatten\layer0.$mul$tcn_8ch_layer_parallel.v:62$3214 ($mul).
  creating $macc model for $flatten\layer0.$mul$tcn_8ch_layer_parallel.v:62$3224 ($neg).
  creating $macc model for $flatten\layer0.$mul$tcn_8ch_layer_parallel.v:62$3234 ($neg).
  creating $macc model for $flatten\layer0.$mul$tcn_8ch_layer_parallel.v:62$3236 ($mul).
  creating $macc model for $flatten\layer0.$mul$tcn_8ch_layer_parallel.v:62$3246 ($neg).
  creating $macc model for $flatten\layer0.$mul$tcn_8ch_layer_parallel.v:62$3258 ($neg).
  creating $macc model for $flatten\layer0.$mul$tcn_8ch_layer_parallel.v:62$3262 ($neg).
  creating $macc model for $flatten\layer0.$mul$tcn_8ch_layer_parallel.v:62$3264 ($mul).
  creating $macc model for $flatten\layer0.$mul$tcn_8ch_layer_parallel.v:62$3274 ($neg).
  creating $macc model for $flatten\layer0.$mul$tcn_8ch_layer_parallel.v:62$3286 ($neg).
  creating $macc model for $flatten\layer0.$mul$tcn_8ch_layer_parallel.v:62$3288 ($mul).
  creating $macc model for $flatten\layer0.$mul$tcn_8ch_layer_parallel.v:62$3292 ($mul).
  creating $macc model for $flatten\layer0.$mul$tcn_8ch_layer_parallel.v:62$3298 ($neg).
  creating $macc model for $flatten\layer0.$mul$tcn_8ch_layer_parallel.v:62$3302 ($neg).
  creating $macc model for $flatten\layer1.$add$tcn_8ch_layer_parallel.v:57$1711 ($add).
  creating $macc model for $flatten\layer1.$add$tcn_8ch_layer_parallel.v:57$1721 ($add).
  creating $macc model for $flatten\layer1.$add$tcn_8ch_layer_parallel.v:57$1731 ($add).
  creating $macc model for $flatten\layer1.$add$tcn_8ch_layer_parallel.v:57$1741 ($add).
  creating $macc model for $flatten\layer1.$add$tcn_8ch_layer_parallel.v:57$1751 ($add).
  creating $macc model for $flatten\layer1.$add$tcn_8ch_layer_parallel.v:57$1761 ($add).
  creating $macc model for $flatten\layer1.$add$tcn_8ch_layer_parallel.v:57$1781 ($add).
  creating $macc model for $flatten\layer1.$add$tcn_8ch_layer_parallel.v:57$1791 ($add).
  creating $macc model for $flatten\layer1.$add$tcn_8ch_layer_parallel.v:57$1801 ($add).
  creating $macc model for $flatten\layer1.$add$tcn_8ch_layer_parallel.v:57$1811 ($add).
  creating $macc model for $flatten\layer1.$add$tcn_8ch_layer_parallel.v:57$1821 ($add).
  creating $macc model for $flatten\layer1.$add$tcn_8ch_layer_parallel.v:57$1841 ($add).
  creating $macc model for $flatten\layer1.$add$tcn_8ch_layer_parallel.v:57$1861 ($add).
  creating $macc model for $flatten\layer1.$add$tcn_8ch_layer_parallel.v:57$1871 ($add).
  creating $macc model for $flatten\layer1.$add$tcn_8ch_layer_parallel.v:57$1891 ($add).
  creating $macc model for $flatten\layer1.$add$tcn_8ch_layer_parallel.v:57$1901 ($add).
  creating $macc model for $flatten\layer1.$add$tcn_8ch_layer_parallel.v:57$1911 ($add).
  creating $macc model for $flatten\layer1.$add$tcn_8ch_layer_parallel.v:57$1921 ($add).
  creating $macc model for $flatten\layer1.$add$tcn_8ch_layer_parallel.v:57$1941 ($add).
  creating $macc model for $flatten\layer1.$add$tcn_8ch_layer_parallel.v:57$1951 ($add).
  creating $macc model for $flatten\layer1.$add$tcn_8ch_layer_parallel.v:57$1961 ($add).
  creating $macc model for $flatten\layer1.$add$tcn_8ch_layer_parallel.v:57$1971 ($add).
  creating $macc model for $flatten\layer1.$add$tcn_8ch_layer_parallel.v:57$1981 ($add).
  creating $macc model for $flatten\layer1.$add$tcn_8ch_layer_parallel.v:57$1991 ($add).
  creating $macc model for $flatten\layer1.$add$tcn_8ch_layer_parallel.v:57$2001 ($add).
  creating $macc model for $flatten\layer1.$add$tcn_8ch_layer_parallel.v:57$2021 ($add).
  creating $macc model for $flatten\layer1.$add$tcn_8ch_layer_parallel.v:57$2031 ($add).
  creating $macc model for $flatten\layer1.$add$tcn_8ch_layer_parallel.v:57$2041 ($add).
  creating $macc model for $flatten\layer1.$add$tcn_8ch_layer_parallel.v:57$2051 ($add).
  creating $macc model for $flatten\layer1.$add$tcn_8ch_layer_parallel.v:57$2071 ($add).
  creating $macc model for $flatten\layer1.$add$tcn_8ch_layer_parallel.v:57$2081 ($add).
  creating $macc model for $flatten\layer1.$add$tcn_8ch_layer_parallel.v:57$2101 ($add).
  creating $macc model for $flatten\layer1.$add$tcn_8ch_layer_parallel.v:57$2121 ($add).
  creating $macc model for $flatten\layer1.$add$tcn_8ch_layer_parallel.v:57$2131 ($add).
  creating $macc model for $flatten\layer1.$add$tcn_8ch_layer_parallel.v:57$2141 ($add).
  creating $macc model for $flatten\layer1.$add$tcn_8ch_layer_parallel.v:57$2151 ($add).
  creating $macc model for $flatten\layer1.$add$tcn_8ch_layer_parallel.v:57$2161 ($add).
  creating $macc model for $flatten\layer1.$add$tcn_8ch_layer_parallel.v:57$2181 ($add).
  creating $macc model for $flatten\layer1.$add$tcn_8ch_layer_parallel.v:57$2191 ($add).
  creating $macc model for $flatten\layer1.$add$tcn_8ch_layer_parallel.v:57$2201 ($add).
  creating $macc model for $flatten\layer1.$add$tcn_8ch_layer_parallel.v:57$2211 ($add).
  creating $macc model for $flatten\layer1.$add$tcn_8ch_layer_parallel.v:57$2221 ($add).
  creating $macc model for $flatten\layer1.$add$tcn_8ch_layer_parallel.v:57$2231 ($add).
  creating $macc model for $flatten\layer1.$add$tcn_8ch_layer_parallel.v:57$2261 ($add).
  creating $macc model for $flatten\layer1.$add$tcn_8ch_layer_parallel.v:57$2271 ($add).
  creating $macc model for $flatten\layer1.$add$tcn_8ch_layer_parallel.v:57$2281 ($add).
  creating $macc model for $flatten\layer1.$add$tcn_8ch_layer_parallel.v:57$2301 ($add).
  creating $macc model for $flatten\layer1.$add$tcn_8ch_layer_parallel.v:57$2311 ($add).
  creating $macc model for $flatten\layer1.$add$tcn_8ch_layer_parallel.v:57$2321 ($add).
  creating $macc model for $flatten\layer1.$add$tcn_8ch_layer_parallel.v:61$1693 ($add).
  creating $macc model for $flatten\layer1.$add$tcn_8ch_layer_parallel.v:61$1695 ($add).
  creating $macc model for $flatten\layer1.$add$tcn_8ch_layer_parallel.v:61$1699 ($add).
  creating $macc model for $flatten\layer1.$add$tcn_8ch_layer_parallel.v:61$1703 ($add).
  creating $macc model for $flatten\layer1.$add$tcn_8ch_layer_parallel.v:61$1705 ($add).
  creating $macc model for $flatten\layer1.$add$tcn_8ch_layer_parallel.v:61$1707 ($add).
  creating $macc model for $flatten\layer1.$add$tcn_8ch_layer_parallel.v:61$1709 ($add).
  creating $macc model for $flatten\layer1.$add$tcn_8ch_layer_parallel.v:61$1713 ($add).
  creating $macc model for $flatten\layer1.$add$tcn_8ch_layer_parallel.v:61$1715 ($add).
  creating $macc model for $flatten\layer1.$add$tcn_8ch_layer_parallel.v:61$1717 ($add).
  creating $macc model for $flatten\layer1.$add$tcn_8ch_layer_parallel.v:61$1719 ($add).
  creating $macc model for $flatten\layer1.$add$tcn_8ch_layer_parallel.v:61$1723 ($add).
  creating $macc model for $flatten\layer1.$add$tcn_8ch_layer_parallel.v:61$1727 ($add).
  creating $macc model for $flatten\layer1.$add$tcn_8ch_layer_parallel.v:61$1729 ($add).
  creating $macc model for $flatten\layer1.$add$tcn_8ch_layer_parallel.v:61$1733 ($add).
  creating $macc model for $flatten\layer1.$add$tcn_8ch_layer_parallel.v:61$1735 ($add).
  creating $macc model for $flatten\layer1.$add$tcn_8ch_layer_parallel.v:61$1737 ($add).
  creating $macc model for $flatten\layer1.$add$tcn_8ch_layer_parallel.v:61$1739 ($add).
  creating $macc model for $flatten\layer1.$add$tcn_8ch_layer_parallel.v:61$1743 ($add).
  creating $macc model for $flatten\layer1.$add$tcn_8ch_layer_parallel.v:61$1745 ($add).
  creating $macc model for $flatten\layer1.$add$tcn_8ch_layer_parallel.v:61$1747 ($add).
  creating $macc model for $flatten\layer1.$add$tcn_8ch_layer_parallel.v:61$1755 ($add).
  creating $macc model for $flatten\layer1.$add$tcn_8ch_layer_parallel.v:61$1757 ($add).
  creating $macc model for $flatten\layer1.$add$tcn_8ch_layer_parallel.v:61$1759 ($add).
  creating $macc model for $flatten\layer1.$add$tcn_8ch_layer_parallel.v:61$1763 ($add).
  creating $macc model for $flatten\layer1.$add$tcn_8ch_layer_parallel.v:61$1765 ($add).
  creating $macc model for $flatten\layer1.$add$tcn_8ch_layer_parallel.v:61$1767 ($add).
  creating $macc model for $flatten\layer1.$add$tcn_8ch_layer_parallel.v:61$1769 ($add).
  creating $macc model for $flatten\layer1.$add$tcn_8ch_layer_parallel.v:61$1773 ($add).
  creating $macc model for $flatten\layer1.$add$tcn_8ch_layer_parallel.v:61$1777 ($add).
  creating $macc model for $flatten\layer1.$add$tcn_8ch_layer_parallel.v:61$1779 ($add).
  creating $macc model for $flatten\layer1.$add$tcn_8ch_layer_parallel.v:61$1783 ($add).
  creating $macc model for $flatten\layer1.$add$tcn_8ch_layer_parallel.v:61$1785 ($add).
  creating $macc model for $flatten\layer1.$add$tcn_8ch_layer_parallel.v:61$1787 ($add).
  creating $macc model for $flatten\layer1.$add$tcn_8ch_layer_parallel.v:61$1789 ($add).
  creating $macc model for $flatten\layer1.$add$tcn_8ch_layer_parallel.v:61$1793 ($add).
  creating $macc model for $flatten\layer1.$add$tcn_8ch_layer_parallel.v:61$1795 ($add).
  creating $macc model for $flatten\layer1.$add$tcn_8ch_layer_parallel.v:61$1797 ($add).
  creating $macc model for $flatten\layer1.$add$tcn_8ch_layer_parallel.v:61$1805 ($add).
  creating $macc model for $flatten\layer1.$add$tcn_8ch_layer_parallel.v:61$1807 ($add).
  creating $macc model for $flatten\layer1.$add$tcn_8ch_layer_parallel.v:61$1809 ($add).
  creating $macc model for $flatten\layer1.$add$tcn_8ch_layer_parallel.v:61$1813 ($add).
  creating $macc model for $flatten\layer1.$add$tcn_8ch_layer_parallel.v:61$1815 ($add).
  creating $macc model for $flatten\layer1.$add$tcn_8ch_layer_parallel.v:61$1817 ($add).
  creating $macc model for $flatten\layer1.$add$tcn_8ch_layer_parallel.v:61$1819 ($add).
  creating $macc model for $flatten\layer1.$add$tcn_8ch_layer_parallel.v:61$1823 ($add).
  creating $macc model for $flatten\layer1.$add$tcn_8ch_layer_parallel.v:61$1825 ($add).
  creating $macc model for $flatten\layer1.$add$tcn_8ch_layer_parallel.v:61$1829 ($add).
  creating $macc model for $flatten\layer1.$add$tcn_8ch_layer_parallel.v:61$1833 ($add).
  creating $macc model for $flatten\layer1.$add$tcn_8ch_layer_parallel.v:61$1835 ($add).
  creating $macc model for $flatten\layer1.$add$tcn_8ch_layer_parallel.v:61$1837 ($add).
  creating $macc model for $flatten\layer1.$add$tcn_8ch_layer_parallel.v:61$1839 ($add).
  creating $macc model for $flatten\layer1.$add$tcn_8ch_layer_parallel.v:61$1843 ($add).
  creating $macc model for $flatten\layer1.$add$tcn_8ch_layer_parallel.v:61$1845 ($add).
  creating $macc model for $flatten\layer1.$add$tcn_8ch_layer_parallel.v:61$1847 ($add).
  creating $macc model for $flatten\layer1.$add$tcn_8ch_layer_parallel.v:61$1849 ($add).
  creating $macc model for $flatten\layer1.$add$tcn_8ch_layer_parallel.v:61$1855 ($add).
  creating $macc model for $flatten\layer1.$add$tcn_8ch_layer_parallel.v:61$1857 ($add).
  creating $macc model for $flatten\layer1.$add$tcn_8ch_layer_parallel.v:61$1859 ($add).
  creating $macc model for $flatten\layer1.$add$tcn_8ch_layer_parallel.v:61$1863 ($add).
  creating $macc model for $flatten\layer1.$add$tcn_8ch_layer_parallel.v:61$1865 ($add).
  creating $macc model for $flatten\layer1.$add$tcn_8ch_layer_parallel.v:61$1867 ($add).
  creating $macc model for $flatten\layer1.$add$tcn_8ch_layer_parallel.v:61$1869 ($add).
  creating $macc model for $flatten\layer1.$add$tcn_8ch_layer_parallel.v:61$1873 ($add).
  creating $macc model for $flatten\layer1.$add$tcn_8ch_layer_parallel.v:61$1875 ($add).
  creating $macc model for $flatten\layer1.$add$tcn_8ch_layer_parallel.v:61$1879 ($add).
  creating $macc model for $flatten\layer1.$add$tcn_8ch_layer_parallel.v:61$1883 ($add).
  creating $macc model for $flatten\layer1.$add$tcn_8ch_layer_parallel.v:61$1885 ($add).
  creating $macc model for $flatten\layer1.$add$tcn_8ch_layer_parallel.v:61$1887 ($add).
  creating $macc model for $flatten\layer1.$add$tcn_8ch_layer_parallel.v:61$1889 ($add).
  creating $macc model for $flatten\layer1.$add$tcn_8ch_layer_parallel.v:61$1893 ($add).
  creating $macc model for $flatten\layer1.$add$tcn_8ch_layer_parallel.v:61$1895 ($add).
  creating $macc model for $flatten\layer1.$add$tcn_8ch_layer_parallel.v:61$1897 ($add).
  creating $macc model for $flatten\layer1.$add$tcn_8ch_layer_parallel.v:61$1899 ($add).
  creating $macc model for $flatten\layer1.$add$tcn_8ch_layer_parallel.v:61$1903 ($add).
  creating $macc model for $flatten\layer1.$add$tcn_8ch_layer_parallel.v:61$1907 ($add).
  creating $macc model for $flatten\layer1.$add$tcn_8ch_layer_parallel.v:61$1909 ($add).
  creating $macc model for $flatten\layer1.$add$tcn_8ch_layer_parallel.v:61$1913 ($add).
  creating $macc model for $flatten\layer1.$add$tcn_8ch_layer_parallel.v:61$1915 ($add).
  creating $macc model for $flatten\layer1.$add$tcn_8ch_layer_parallel.v:61$1917 ($add).
  creating $macc model for $flatten\layer1.$add$tcn_8ch_layer_parallel.v:61$1919 ($add).
  creating $macc model for $flatten\layer1.$add$tcn_8ch_layer_parallel.v:61$1923 ($add).
  creating $macc model for $flatten\layer1.$add$tcn_8ch_layer_parallel.v:61$1925 ($add).
  creating $macc model for $flatten\layer1.$add$tcn_8ch_layer_parallel.v:61$1927 ($add).
  creating $macc model for $flatten\layer1.$add$tcn_8ch_layer_parallel.v:61$1935 ($add).
  creating $macc model for $flatten\layer1.$add$tcn_8ch_layer_parallel.v:61$1937 ($add).
  creating $macc model for $flatten\layer1.$add$tcn_8ch_layer_parallel.v:61$1939 ($add).
  creating $macc model for $flatten\layer1.$add$tcn_8ch_layer_parallel.v:61$1943 ($add).
  creating $macc model for $flatten\layer1.$add$tcn_8ch_layer_parallel.v:61$1945 ($add).
  creating $macc model for $flatten\layer1.$add$tcn_8ch_layer_parallel.v:61$1947 ($add).
  creating $macc model for $flatten\layer1.$add$tcn_8ch_layer_parallel.v:61$1949 ($add).
  creating $macc model for $flatten\layer1.$add$tcn_8ch_layer_parallel.v:61$1953 ($add).
  creating $macc model for $flatten\layer1.$add$tcn_8ch_layer_parallel.v:61$1957 ($add).
  creating $macc model for $flatten\layer1.$add$tcn_8ch_layer_parallel.v:61$1959 ($add).
  creating $macc model for $flatten\layer1.$add$tcn_8ch_layer_parallel.v:61$1963 ($add).
  creating $macc model for $flatten\layer1.$add$tcn_8ch_layer_parallel.v:61$1965 ($add).
  creating $macc model for $flatten\layer1.$add$tcn_8ch_layer_parallel.v:61$1967 ($add).
  creating $macc model for $flatten\layer1.$add$tcn_8ch_layer_parallel.v:61$1969 ($add).
  creating $macc model for $flatten\layer1.$add$tcn_8ch_layer_parallel.v:61$1973 ($add).
  creating $macc model for $flatten\layer1.$add$tcn_8ch_layer_parallel.v:61$1975 ($add).
  creating $macc model for $flatten\layer1.$add$tcn_8ch_layer_parallel.v:61$1977 ($add).
  creating $macc model for $flatten\layer1.$add$tcn_8ch_layer_parallel.v:61$1985 ($add).
  creating $macc model for $flatten\layer1.$add$tcn_8ch_layer_parallel.v:61$1987 ($add).
  creating $macc model for $flatten\layer1.$add$tcn_8ch_layer_parallel.v:61$1989 ($add).
  creating $macc model for $flatten\layer1.$add$tcn_8ch_layer_parallel.v:61$1993 ($add).
  creating $macc model for $flatten\layer1.$add$tcn_8ch_layer_parallel.v:61$1995 ($add).
  creating $macc model for $flatten\layer1.$add$tcn_8ch_layer_parallel.v:61$1997 ($add).
  creating $macc model for $flatten\layer1.$add$tcn_8ch_layer_parallel.v:61$1999 ($add).
  creating $macc model for $flatten\layer1.$add$tcn_8ch_layer_parallel.v:61$2003 ($add).
  creating $macc model for $flatten\layer1.$add$tcn_8ch_layer_parallel.v:61$2005 ($add).
  creating $macc model for $flatten\layer1.$add$tcn_8ch_layer_parallel.v:61$2009 ($add).
  creating $macc model for $flatten\layer1.$add$tcn_8ch_layer_parallel.v:61$2013 ($add).
  creating $macc model for $flatten\layer1.$add$tcn_8ch_layer_parallel.v:61$2015 ($add).
  creating $macc model for $flatten\layer1.$add$tcn_8ch_layer_parallel.v:61$2017 ($add).
  creating $macc model for $flatten\layer1.$add$tcn_8ch_layer_parallel.v:61$2019 ($add).
  creating $macc model for $flatten\layer1.$add$tcn_8ch_layer_parallel.v:61$2023 ($add).
  creating $macc model for $flatten\layer1.$add$tcn_8ch_layer_parallel.v:61$2025 ($add).
  creating $macc model for $flatten\layer1.$add$tcn_8ch_layer_parallel.v:61$2027 ($add).
  creating $macc model for $flatten\layer1.$add$tcn_8ch_layer_parallel.v:61$2035 ($add).
  creating $macc model for $flatten\layer1.$add$tcn_8ch_layer_parallel.v:61$2037 ($add).
  creating $macc model for $flatten\layer1.$add$tcn_8ch_layer_parallel.v:61$2039 ($add).
  creating $macc model for $flatten\layer1.$add$tcn_8ch_layer_parallel.v:61$2043 ($add).
  creating $macc model for $flatten\layer1.$add$tcn_8ch_layer_parallel.v:61$2045 ($add).
  creating $macc model for $flatten\layer1.$add$tcn_8ch_layer_parallel.v:61$2047 ($add).
  creating $macc model for $flatten\layer1.$add$tcn_8ch_layer_parallel.v:61$2049 ($add).
  creating $macc model for $flatten\layer1.$add$tcn_8ch_layer_parallel.v:61$2053 ($add).
  creating $macc model for $flatten\layer1.$add$tcn_8ch_layer_parallel.v:61$2055 ($add).
  creating $macc model for $flatten\layer1.$add$tcn_8ch_layer_parallel.v:61$2059 ($add).
  creating $macc model for $flatten\layer1.$add$tcn_8ch_layer_parallel.v:61$2063 ($add).
  creating $macc model for $flatten\layer1.$add$tcn_8ch_layer_parallel.v:61$2065 ($add).
  creating $macc model for $flatten\layer1.$add$tcn_8ch_layer_parallel.v:61$2067 ($add).
  creating $macc model for $flatten\layer1.$add$tcn_8ch_layer_parallel.v:61$2069 ($add).
  creating $macc model for $flatten\layer1.$add$tcn_8ch_layer_parallel.v:61$2073 ($add).
  creating $macc model for $flatten\layer1.$add$tcn_8ch_layer_parallel.v:61$2075 ($add).
  creating $macc model for $flatten\layer1.$add$tcn_8ch_layer_parallel.v:61$2077 ($add).
  creating $macc model for $flatten\layer1.$add$tcn_8ch_layer_parallel.v:61$2079 ($add).
  creating $macc model for $flatten\layer1.$add$tcn_8ch_layer_parallel.v:61$2083 ($add).
  creating $macc model for $flatten\layer1.$add$tcn_8ch_layer_parallel.v:61$2087 ($add).
  creating $macc model for $flatten\layer1.$add$tcn_8ch_layer_parallel.v:61$2089 ($add).
  creating $macc model for $flatten\layer1.$add$tcn_8ch_layer_parallel.v:61$2093 ($add).
  creating $macc model for $flatten\layer1.$add$tcn_8ch_layer_parallel.v:61$2095 ($add).
  creating $macc model for $flatten\layer1.$add$tcn_8ch_layer_parallel.v:61$2097 ($add).
  creating $macc model for $flatten\layer1.$add$tcn_8ch_layer_parallel.v:61$2099 ($add).
  creating $macc model for $flatten\layer1.$add$tcn_8ch_layer_parallel.v:61$2103 ($add).
  creating $macc model for $flatten\layer1.$add$tcn_8ch_layer_parallel.v:61$2105 ($add).
  creating $macc model for $flatten\layer1.$add$tcn_8ch_layer_parallel.v:61$2109 ($add).
  creating $macc model for $flatten\layer1.$add$tcn_8ch_layer_parallel.v:61$2113 ($add).
  creating $macc model for $flatten\layer1.$add$tcn_8ch_layer_parallel.v:61$2115 ($add).
  creating $macc model for $flatten\layer1.$add$tcn_8ch_layer_parallel.v:61$2117 ($add).
  creating $macc model for $flatten\layer1.$add$tcn_8ch_layer_parallel.v:61$2119 ($add).
  creating $macc model for $flatten\layer1.$add$tcn_8ch_layer_parallel.v:61$2123 ($add).
  creating $macc model for $flatten\layer1.$add$tcn_8ch_layer_parallel.v:61$2125 ($add).
  creating $macc model for $flatten\layer1.$add$tcn_8ch_layer_parallel.v:61$2127 ($add).
  creating $macc model for $flatten\layer1.$add$tcn_8ch_layer_parallel.v:61$2129 ($add).
  creating $macc model for $flatten\layer1.$add$tcn_8ch_layer_parallel.v:61$2133 ($add).
  creating $macc model for $flatten\layer1.$add$tcn_8ch_layer_parallel.v:61$2137 ($add).
  creating $macc model for $flatten\layer1.$add$tcn_8ch_layer_parallel.v:61$2139 ($add).
  creating $macc model for $flatten\layer1.$add$tcn_8ch_layer_parallel.v:61$2143 ($add).
  creating $macc model for $flatten\layer1.$add$tcn_8ch_layer_parallel.v:61$2145 ($add).
  creating $macc model for $flatten\layer1.$add$tcn_8ch_layer_parallel.v:61$2147 ($add).
  creating $macc model for $flatten\layer1.$add$tcn_8ch_layer_parallel.v:61$2149 ($add).
  creating $macc model for $flatten\layer1.$add$tcn_8ch_layer_parallel.v:61$2153 ($add).
  creating $macc model for $flatten\layer1.$add$tcn_8ch_layer_parallel.v:61$2155 ($add).
  creating $macc model for $flatten\layer1.$add$tcn_8ch_layer_parallel.v:61$2157 ($add).
  creating $macc model for $flatten\layer1.$add$tcn_8ch_layer_parallel.v:61$2165 ($add).
  creating $macc model for $flatten\layer1.$add$tcn_8ch_layer_parallel.v:61$2167 ($add).
  creating $macc model for $flatten\layer1.$add$tcn_8ch_layer_parallel.v:61$2169 ($add).
  creating $macc model for $flatten\layer1.$add$tcn_8ch_layer_parallel.v:61$2173 ($add).
  creating $macc model for $flatten\layer1.$add$tcn_8ch_layer_parallel.v:61$2175 ($add).
  creating $macc model for $flatten\layer1.$add$tcn_8ch_layer_parallel.v:61$2177 ($add).
  creating $macc model for $flatten\layer1.$add$tcn_8ch_layer_parallel.v:61$2179 ($add).
  creating $macc model for $flatten\layer1.$add$tcn_8ch_layer_parallel.v:61$2183 ($add).
  creating $macc model for $flatten\layer1.$add$tcn_8ch_layer_parallel.v:61$2187 ($add).
  creating $macc model for $flatten\layer1.$add$tcn_8ch_layer_parallel.v:61$2189 ($add).
  creating $macc model for $flatten\layer1.$add$tcn_8ch_layer_parallel.v:61$2193 ($add).
  creating $macc model for $flatten\layer1.$add$tcn_8ch_layer_parallel.v:61$2195 ($add).
  creating $macc model for $flatten\layer1.$add$tcn_8ch_layer_parallel.v:61$2197 ($add).
  creating $macc model for $flatten\layer1.$add$tcn_8ch_layer_parallel.v:61$2199 ($add).
  creating $macc model for $flatten\layer1.$add$tcn_8ch_layer_parallel.v:61$2203 ($add).
  creating $macc model for $flatten\layer1.$add$tcn_8ch_layer_parallel.v:61$2205 ($add).
  creating $macc model for $flatten\layer1.$add$tcn_8ch_layer_parallel.v:61$2207 ($add).
  creating $macc model for $flatten\layer1.$add$tcn_8ch_layer_parallel.v:61$2215 ($add).
  creating $macc model for $flatten\layer1.$add$tcn_8ch_layer_parallel.v:61$2217 ($add).
  creating $macc model for $flatten\layer1.$add$tcn_8ch_layer_parallel.v:61$2219 ($add).
  creating $macc model for $flatten\layer1.$add$tcn_8ch_layer_parallel.v:61$2223 ($add).
  creating $macc model for $flatten\layer1.$add$tcn_8ch_layer_parallel.v:61$2225 ($add).
  creating $macc model for $flatten\layer1.$add$tcn_8ch_layer_parallel.v:61$2227 ($add).
  creating $macc model for $flatten\layer1.$add$tcn_8ch_layer_parallel.v:61$2229 ($add).
  creating $macc model for $flatten\layer1.$add$tcn_8ch_layer_parallel.v:61$2233 ($add).
  creating $macc model for $flatten\layer1.$add$tcn_8ch_layer_parallel.v:61$2235 ($add).
  creating $macc model for $flatten\layer1.$add$tcn_8ch_layer_parallel.v:61$2239 ($add).
  creating $macc model for $flatten\layer1.$add$tcn_8ch_layer_parallel.v:61$2243 ($add).
  creating $macc model for $flatten\layer1.$add$tcn_8ch_layer_parallel.v:61$2245 ($add).
  creating $macc model for $flatten\layer1.$add$tcn_8ch_layer_parallel.v:61$2247 ($add).
  creating $macc model for $flatten\layer1.$add$tcn_8ch_layer_parallel.v:61$2249 ($add).
  creating $macc model for $flatten\layer1.$add$tcn_8ch_layer_parallel.v:61$2253 ($add).
  creating $macc model for $flatten\layer1.$add$tcn_8ch_layer_parallel.v:61$2255 ($add).
  creating $macc model for $flatten\layer1.$add$tcn_8ch_layer_parallel.v:61$2257 ($add).
  creating $macc model for $flatten\layer1.$add$tcn_8ch_layer_parallel.v:61$2265 ($add).
  creating $macc model for $flatten\layer1.$add$tcn_8ch_layer_parallel.v:61$2267 ($add).
  creating $macc model for $flatten\layer1.$add$tcn_8ch_layer_parallel.v:61$2269 ($add).
  creating $macc model for $flatten\layer1.$add$tcn_8ch_layer_parallel.v:61$2273 ($add).
  creating $macc model for $flatten\layer1.$add$tcn_8ch_layer_parallel.v:61$2275 ($add).
  creating $macc model for $flatten\layer1.$add$tcn_8ch_layer_parallel.v:61$2277 ($add).
  creating $macc model for $flatten\layer1.$add$tcn_8ch_layer_parallel.v:61$2279 ($add).
  creating $macc model for $flatten\layer1.$add$tcn_8ch_layer_parallel.v:61$2283 ($add).
  creating $macc model for $flatten\layer1.$add$tcn_8ch_layer_parallel.v:61$2285 ($add).
  creating $macc model for $flatten\layer1.$add$tcn_8ch_layer_parallel.v:61$2289 ($add).
  creating $macc model for $flatten\layer1.$add$tcn_8ch_layer_parallel.v:61$2293 ($add).
  creating $macc model for $flatten\layer1.$add$tcn_8ch_layer_parallel.v:61$2295 ($add).
  creating $macc model for $flatten\layer1.$add$tcn_8ch_layer_parallel.v:61$2297 ($add).
  creating $macc model for $flatten\layer1.$add$tcn_8ch_layer_parallel.v:61$2299 ($add).
  creating $macc model for $flatten\layer1.$add$tcn_8ch_layer_parallel.v:61$2303 ($add).
  creating $macc model for $flatten\layer1.$add$tcn_8ch_layer_parallel.v:61$2305 ($add).
  creating $macc model for $flatten\layer1.$add$tcn_8ch_layer_parallel.v:61$2307 ($add).
  creating $macc model for $flatten\layer1.$add$tcn_8ch_layer_parallel.v:61$2309 ($add).
  creating $macc model for $flatten\layer1.$add$tcn_8ch_layer_parallel.v:61$2313 ($add).
  creating $macc model for $flatten\layer1.$add$tcn_8ch_layer_parallel.v:61$2317 ($add).
  creating $macc model for $flatten\layer1.$add$tcn_8ch_layer_parallel.v:61$2319 ($add).
  creating $macc model for $flatten\layer1.$add$tcn_8ch_layer_parallel.v:61$2323 ($add).
  creating $macc model for $flatten\layer1.$add$tcn_8ch_layer_parallel.v:61$2325 ($add).
  creating $macc model for $flatten\layer1.$add$tcn_8ch_layer_parallel.v:61$2327 ($add).
  creating $macc model for $flatten\layer1.$add$tcn_8ch_layer_parallel.v:61$2329 ($add).
  creating $macc model for $flatten\layer1.$mul$tcn_8ch_layer_parallel.v:58$1720 ($neg).
  creating $macc model for $flatten\layer1.$mul$tcn_8ch_layer_parallel.v:58$1750 ($mul).
  creating $macc model for $flatten\layer1.$mul$tcn_8ch_layer_parallel.v:58$1760 ($neg).
  creating $macc model for $flatten\layer1.$mul$tcn_8ch_layer_parallel.v:58$1770 ($neg).
  creating $macc model for $flatten\layer1.$mul$tcn_8ch_layer_parallel.v:58$1800 ($mul).
  creating $macc model for $flatten\layer1.$mul$tcn_8ch_layer_parallel.v:58$1810 ($neg).
  creating $macc model for $flatten\layer1.$mul$tcn_8ch_layer_parallel.v:58$1850 ($mul).
  creating $macc model for $flatten\layer1.$mul$tcn_8ch_layer_parallel.v:58$1860 ($neg).
  creating $macc model for $flatten\layer1.$mul$tcn_8ch_layer_parallel.v:58$1900 ($neg).
  creating $macc model for $flatten\layer1.$mul$tcn_8ch_layer_parallel.v:58$1950 ($neg).
  creating $macc model for $flatten\layer1.$mul$tcn_8ch_layer_parallel.v:58$1980 ($mul).
  creating $macc model for $flatten\layer1.$mul$tcn_8ch_layer_parallel.v:58$1990 ($neg).
  creating $macc model for $flatten\layer1.$mul$tcn_8ch_layer_parallel.v:58$2030 ($mul).
  creating $macc model for $flatten\layer1.$mul$tcn_8ch_layer_parallel.v:58$2040 ($neg).
  creating $macc model for $flatten\layer1.$mul$tcn_8ch_layer_parallel.v:58$2080 ($neg).
  creating $macc model for $flatten\layer1.$mul$tcn_8ch_layer_parallel.v:58$2090 ($neg).
  creating $macc model for $flatten\layer1.$mul$tcn_8ch_layer_parallel.v:58$2130 ($neg).
  creating $macc model for $flatten\layer1.$mul$tcn_8ch_layer_parallel.v:58$2160 ($mul).
  creating $macc model for $flatten\layer1.$mul$tcn_8ch_layer_parallel.v:58$2180 ($neg).
  creating $macc model for $flatten\layer1.$mul$tcn_8ch_layer_parallel.v:58$2210 ($mul).
  creating $macc model for $flatten\layer1.$mul$tcn_8ch_layer_parallel.v:58$2220 ($neg).
  creating $macc model for $flatten\layer1.$mul$tcn_8ch_layer_parallel.v:58$2260 ($mul).
  creating $macc model for $flatten\layer1.$mul$tcn_8ch_layer_parallel.v:58$2270 ($neg).
  creating $macc model for $flatten\layer1.$mul$tcn_8ch_layer_parallel.v:58$2310 ($neg).
  creating $macc model for $flatten\layer1.$mul$tcn_8ch_layer_parallel.v:62$1692 ($neg).
  creating $macc model for $flatten\layer1.$mul$tcn_8ch_layer_parallel.v:62$1694 ($mul).
  creating $macc model for $flatten\layer1.$mul$tcn_8ch_layer_parallel.v:62$1704 ($neg).
  creating $macc model for $flatten\layer1.$mul$tcn_8ch_layer_parallel.v:62$1716 ($neg).
  creating $macc model for $flatten\layer1.$mul$tcn_8ch_layer_parallel.v:62$1718 ($mul).
  creating $macc model for $flatten\layer1.$mul$tcn_8ch_layer_parallel.v:62$1722 ($mul).
  creating $macc model for $flatten\layer1.$mul$tcn_8ch_layer_parallel.v:62$1728 ($neg).
  creating $macc model for $flatten\layer1.$mul$tcn_8ch_layer_parallel.v:62$1732 ($neg).
  creating $macc model for $flatten\layer1.$mul$tcn_8ch_layer_parallel.v:62$1744 ($neg).
  creating $macc model for $flatten\layer1.$mul$tcn_8ch_layer_parallel.v:62$1746 ($mul).
  creating $macc model for $flatten\layer1.$mul$tcn_8ch_layer_parallel.v:62$1756 ($neg).
  creating $macc model for $flatten\layer1.$mul$tcn_8ch_layer_parallel.v:62$1768 ($neg).
  creating $macc model for $flatten\layer1.$mul$tcn_8ch_layer_parallel.v:62$1772 ($mul).
  creating $macc model for $flatten\layer1.$mul$tcn_8ch_layer_parallel.v:62$1778 ($neg).
  creating $macc model for $flatten\layer1.$mul$tcn_8ch_layer_parallel.v:62$1782 ($neg).
  creating $macc model for $flatten\layer1.$mul$tcn_8ch_layer_parallel.v:62$1794 ($neg).
  creating $macc model for $flatten\layer1.$mul$tcn_8ch_layer_parallel.v:62$1796 ($mul).
  creating $macc model for $flatten\layer1.$mul$tcn_8ch_layer_parallel.v:62$1806 ($neg).
  creating $macc model for $flatten\layer1.$mul$tcn_8ch_layer_parallel.v:62$1818 ($neg).
  creating $macc model for $flatten\layer1.$mul$tcn_8ch_layer_parallel.v:62$1822 ($neg).
  creating $macc model for $flatten\layer1.$mul$tcn_8ch_layer_parallel.v:62$1824 ($mul).
  creating $macc model for $flatten\layer1.$mul$tcn_8ch_layer_parallel.v:62$1834 ($neg).
  creating $macc model for $flatten\layer1.$mul$tcn_8ch_layer_parallel.v:62$1846 ($neg).
  creating $macc model for $flatten\layer1.$mul$tcn_8ch_layer_parallel.v:62$1848 ($mul).
  creating $macc model for $flatten\layer1.$mul$tcn_8ch_layer_parallel.v:62$1856 ($neg).
  creating $macc model for $flatten\layer1.$mul$tcn_8ch_layer_parallel.v:62$1868 ($neg).
  creating $macc model for $flatten\layer1.$mul$tcn_8ch_layer_parallel.v:62$1872 ($neg).
  creating $macc model for $flatten\layer1.$mul$tcn_8ch_layer_parallel.v:62$1874 ($mul).
  creating $macc model for $flatten\layer1.$mul$tcn_8ch_layer_parallel.v:62$1884 ($neg).
  creating $macc model for $flatten\layer1.$mul$tcn_8ch_layer_parallel.v:62$1896 ($neg).
  creating $macc model for $flatten\layer1.$mul$tcn_8ch_layer_parallel.v:62$1898 ($mul).
  creating $macc model for $flatten\layer1.$mul$tcn_8ch_layer_parallel.v:62$1902 ($mul).
  creating $macc model for $flatten\layer1.$mul$tcn_8ch_layer_parallel.v:62$1908 ($neg).
  creating $macc model for $flatten\layer1.$mul$tcn_8ch_layer_parallel.v:62$1912 ($neg).
  creating $macc model for $flatten\layer1.$mul$tcn_8ch_layer_parallel.v:62$1924 ($neg).
  creating $macc model for $flatten\layer1.$mul$tcn_8ch_layer_parallel.v:62$1926 ($mul).
  creating $macc model for $flatten\layer1.$mul$tcn_8ch_layer_parallel.v:62$1934 ($neg).
  creating $macc model for $flatten\layer1.$mul$tcn_8ch_layer_parallel.v:62$1946 ($neg).
  creating $macc model for $flatten\layer1.$mul$tcn_8ch_layer_parallel.v:62$1948 ($mul).
  creating $macc model for $flatten\layer1.$mul$tcn_8ch_layer_parallel.v:62$1952 ($mul).
  creating $macc model for $flatten\layer1.$mul$tcn_8ch_layer_parallel.v:62$1958 ($neg).
  creating $macc model for $flatten\layer1.$mul$tcn_8ch_layer_parallel.v:62$1962 ($neg).
  creating $macc model for $flatten\layer1.$mul$tcn_8ch_layer_parallel.v:62$1974 ($neg).
  creating $macc model for $flatten\layer1.$mul$tcn_8ch_layer_parallel.v:62$1976 ($mul).
  creating $macc model for $flatten\layer1.$mul$tcn_8ch_layer_parallel.v:62$1986 ($neg).
  creating $macc model for $flatten\layer1.$mul$tcn_8ch_layer_parallel.v:62$1998 ($neg).
  creating $macc model for $flatten\layer1.$mul$tcn_8ch_layer_parallel.v:62$2002 ($neg).
  creating $macc model for $flatten\layer1.$mul$tcn_8ch_layer_parallel.v:62$2004 ($mul).
  creating $macc model for $flatten\layer1.$mul$tcn_8ch_layer_parallel.v:62$2012 ($neg).
  creating $macc model for $flatten\layer1.$mul$tcn_8ch_layer_parallel.v:62$2024 ($neg).
  creating $macc model for $flatten\layer1.$mul$tcn_8ch_layer_parallel.v:62$2026 ($mul).
  creating $macc model for $flatten\layer1.$mul$tcn_8ch_layer_parallel.v:62$2036 ($neg).
  creating $macc model for $flatten\layer1.$mul$tcn_8ch_layer_parallel.v:62$2048 ($neg).
  creating $macc model for $flatten\layer1.$mul$tcn_8ch_layer_parallel.v:62$2052 ($neg).
  creating $macc model for $flatten\layer1.$mul$tcn_8ch_layer_parallel.v:62$2054 ($mul).
  creating $macc model for $flatten\layer1.$mul$tcn_8ch_layer_parallel.v:62$2064 ($neg).
  creating $macc model for $flatten\layer1.$mul$tcn_8ch_layer_parallel.v:62$2076 ($neg).
  creating $macc model for $flatten\layer1.$mul$tcn_8ch_layer_parallel.v:62$2078 ($mul).
  creating $macc model for $flatten\layer1.$mul$tcn_8ch_layer_parallel.v:62$2082 ($mul).
  creating $macc model for $flatten\layer1.$mul$tcn_8ch_layer_parallel.v:62$2088 ($neg).
  creating $macc model for $flatten\layer1.$mul$tcn_8ch_layer_parallel.v:62$2098 ($neg).
  creating $macc model for $flatten\layer1.$mul$tcn_8ch_layer_parallel.v:62$2102 ($neg).
  creating $macc model for $flatten\layer1.$mul$tcn_8ch_layer_parallel.v:62$2104 ($mul).
  creating $macc model for $flatten\layer1.$mul$tcn_8ch_layer_parallel.v:62$2114 ($neg).
  creating $macc model for $flatten\layer1.$mul$tcn_8ch_layer_parallel.v:62$2126 ($neg).
  creating $macc model for $flatten\layer1.$mul$tcn_8ch_layer_parallel.v:62$2128 ($mul).
  creating $macc model for $flatten\layer1.$mul$tcn_8ch_layer_parallel.v:62$2132 ($mul).
  creating $macc model for $flatten\layer1.$mul$tcn_8ch_layer_parallel.v:62$2138 ($neg).
  creating $macc model for $flatten\layer1.$mul$tcn_8ch_layer_parallel.v:62$2142 ($neg).
  creating $macc model for $flatten\layer1.$mul$tcn_8ch_layer_parallel.v:62$2154 ($neg).
  creating $macc model for $flatten\layer1.$mul$tcn_8ch_layer_parallel.v:62$2156 ($mul).
  creating $macc model for $flatten\layer1.$mul$tcn_8ch_layer_parallel.v:62$2166 ($neg).
  creating $macc model for $flatten\layer1.$mul$tcn_8ch_layer_parallel.v:62$2176 ($neg).
  creating $macc model for $flatten\layer1.$mul$tcn_8ch_layer_parallel.v:62$2178 ($mul).
  creating $macc model for $flatten\layer1.$mul$tcn_8ch_layer_parallel.v:62$2182 ($mul).
  creating $macc model for $flatten\layer1.$mul$tcn_8ch_layer_parallel.v:62$2188 ($neg).
  creating $macc model for $flatten\layer1.$mul$tcn_8ch_layer_parallel.v:62$2192 ($neg).
  creating $macc model for $flatten\layer1.$mul$tcn_8ch_layer_parallel.v:62$2204 ($neg).
  creating $macc model for $flatten\layer1.$mul$tcn_8ch_layer_parallel.v:62$2206 ($mul).
  creating $macc model for $flatten\layer1.$mul$tcn_8ch_layer_parallel.v:62$2216 ($neg).
  creating $macc model for $flatten\layer1.$mul$tcn_8ch_layer_parallel.v:62$2228 ($neg).
  creating $macc model for $flatten\layer1.$mul$tcn_8ch_layer_parallel.v:62$2232 ($neg).
  creating $macc model for $flatten\layer1.$mul$tcn_8ch_layer_parallel.v:62$2234 ($mul).
  creating $macc model for $flatten\layer1.$mul$tcn_8ch_layer_parallel.v:62$2244 ($neg).
  creating $macc model for $flatten\layer1.$mul$tcn_8ch_layer_parallel.v:62$2254 ($neg).
  creating $macc model for $flatten\layer1.$mul$tcn_8ch_layer_parallel.v:62$2256 ($mul).
  creating $macc model for $flatten\layer1.$mul$tcn_8ch_layer_parallel.v:62$2266 ($neg).
  creating $macc model for $flatten\layer1.$mul$tcn_8ch_layer_parallel.v:62$2278 ($neg).
  creating $macc model for $flatten\layer1.$mul$tcn_8ch_layer_parallel.v:62$2282 ($neg).
  creating $macc model for $flatten\layer1.$mul$tcn_8ch_layer_parallel.v:62$2284 ($mul).
  creating $macc model for $flatten\layer1.$mul$tcn_8ch_layer_parallel.v:62$2294 ($neg).
  creating $macc model for $flatten\layer1.$mul$tcn_8ch_layer_parallel.v:62$2306 ($neg).
  creating $macc model for $flatten\layer1.$mul$tcn_8ch_layer_parallel.v:62$2308 ($mul).
  creating $macc model for $flatten\layer1.$mul$tcn_8ch_layer_parallel.v:62$2312 ($mul).
  creating $macc model for $flatten\layer1.$mul$tcn_8ch_layer_parallel.v:62$2318 ($neg).
  creating $macc model for $flatten\layer1.$mul$tcn_8ch_layer_parallel.v:62$2322 ($neg).
  merging $macc model for $flatten\layer1.$add$tcn_8ch_layer_parallel.v:61$2327 into $flatten\layer1.$add$tcn_8ch_layer_parallel.v:61$2329.
  merging $macc model for $flatten\layer1.$add$tcn_8ch_layer_parallel.v:61$2325 into $flatten\layer1.$add$tcn_8ch_layer_parallel.v:61$2329.
  merging $macc model for $flatten\layer1.$add$tcn_8ch_layer_parallel.v:61$2323 into $flatten\layer1.$add$tcn_8ch_layer_parallel.v:61$2329.
  merging $macc model for $flatten\layer1.$add$tcn_8ch_layer_parallel.v:57$2321 into $flatten\layer1.$add$tcn_8ch_layer_parallel.v:61$2329.
  merging $macc model for $flatten\layer1.$add$tcn_8ch_layer_parallel.v:61$2319 into $flatten\layer1.$add$tcn_8ch_layer_parallel.v:61$2329.
  merging $macc model for $flatten\layer1.$add$tcn_8ch_layer_parallel.v:61$2317 into $flatten\layer1.$add$tcn_8ch_layer_parallel.v:61$2329.
  merging $macc model for $flatten\layer1.$add$tcn_8ch_layer_parallel.v:61$2313 into $flatten\layer1.$add$tcn_8ch_layer_parallel.v:61$2329.
  merging $macc model for $flatten\layer1.$add$tcn_8ch_layer_parallel.v:57$2311 into $flatten\layer1.$add$tcn_8ch_layer_parallel.v:61$2329.
  merging $macc model for $flatten\layer1.$add$tcn_8ch_layer_parallel.v:61$2309 into $flatten\layer1.$add$tcn_8ch_layer_parallel.v:61$2329.
  merging $macc model for $flatten\layer1.$add$tcn_8ch_layer_parallel.v:61$2307 into $flatten\layer1.$add$tcn_8ch_layer_parallel.v:61$2329.
  merging $macc model for $flatten\layer1.$add$tcn_8ch_layer_parallel.v:61$2305 into $flatten\layer1.$add$tcn_8ch_layer_parallel.v:61$2329.
  merging $macc model for $flatten\layer1.$add$tcn_8ch_layer_parallel.v:61$2303 into $flatten\layer1.$add$tcn_8ch_layer_parallel.v:61$2329.
  merging $macc model for $flatten\layer1.$add$tcn_8ch_layer_parallel.v:57$2301 into $flatten\layer1.$add$tcn_8ch_layer_parallel.v:61$2329.
  merging $macc model for $flatten\layer1.$add$tcn_8ch_layer_parallel.v:61$2299 into $flatten\layer1.$add$tcn_8ch_layer_parallel.v:61$2329.
  merging $macc model for $flatten\layer1.$add$tcn_8ch_layer_parallel.v:61$2297 into $flatten\layer1.$add$tcn_8ch_layer_parallel.v:61$2329.
  merging $macc model for $flatten\layer1.$add$tcn_8ch_layer_parallel.v:61$2295 into $flatten\layer1.$add$tcn_8ch_layer_parallel.v:61$2329.
  merging $macc model for $flatten\layer1.$add$tcn_8ch_layer_parallel.v:61$2293 into $flatten\layer1.$add$tcn_8ch_layer_parallel.v:61$2329.
  merging $macc model for $flatten\layer1.$add$tcn_8ch_layer_parallel.v:61$2289 into $flatten\layer1.$add$tcn_8ch_layer_parallel.v:61$2329.
  merging $macc model for $flatten\layer1.$add$tcn_8ch_layer_parallel.v:61$2285 into $flatten\layer1.$add$tcn_8ch_layer_parallel.v:61$2329.
  merging $macc model for $flatten\layer1.$add$tcn_8ch_layer_parallel.v:61$2283 into $flatten\layer1.$add$tcn_8ch_layer_parallel.v:61$2329.
  merging $macc model for $flatten\layer1.$add$tcn_8ch_layer_parallel.v:57$2281 into $flatten\layer1.$add$tcn_8ch_layer_parallel.v:61$2329.
  merging $macc model for $flatten\layer1.$add$tcn_8ch_layer_parallel.v:61$2279 into $flatten\layer1.$add$tcn_8ch_layer_parallel.v:61$2329.
  merging $macc model for $flatten\layer1.$add$tcn_8ch_layer_parallel.v:61$2277 into $flatten\layer1.$add$tcn_8ch_layer_parallel.v:61$2329.
  merging $macc model for $flatten\layer1.$add$tcn_8ch_layer_parallel.v:61$2275 into $flatten\layer1.$add$tcn_8ch_layer_parallel.v:61$2329.
  merging $macc model for $flatten\layer1.$add$tcn_8ch_layer_parallel.v:61$2273 into $flatten\layer1.$add$tcn_8ch_layer_parallel.v:61$2329.
  merging $macc model for $flatten\layer1.$add$tcn_8ch_layer_parallel.v:57$2271 into $flatten\layer1.$add$tcn_8ch_layer_parallel.v:61$2329.
  merging $macc model for $flatten\layer1.$add$tcn_8ch_layer_parallel.v:61$2269 into $flatten\layer1.$add$tcn_8ch_layer_parallel.v:61$2329.
  merging $macc model for $flatten\layer1.$add$tcn_8ch_layer_parallel.v:61$2267 into $flatten\layer1.$add$tcn_8ch_layer_parallel.v:61$2329.
  merging $macc model for $flatten\layer1.$add$tcn_8ch_layer_parallel.v:61$2265 into $flatten\layer1.$add$tcn_8ch_layer_parallel.v:61$2329.
  merging $macc model for $flatten\layer1.$add$tcn_8ch_layer_parallel.v:57$2261 into $flatten\layer1.$add$tcn_8ch_layer_parallel.v:61$2329.
  merging $macc model for $flatten\layer1.$add$tcn_8ch_layer_parallel.v:61$2257 into $flatten\layer1.$add$tcn_8ch_layer_parallel.v:61$2329.
  merging $macc model for $flatten\layer1.$add$tcn_8ch_layer_parallel.v:61$2255 into $flatten\layer1.$add$tcn_8ch_layer_parallel.v:61$2329.
  merging $macc model for $flatten\layer1.$add$tcn_8ch_layer_parallel.v:61$2253 into $flatten\layer1.$add$tcn_8ch_layer_parallel.v:61$2329.
  merging $macc model for $flatten\layer1.$mul$tcn_8ch_layer_parallel.v:62$2312 into $flatten\layer1.$add$tcn_8ch_layer_parallel.v:61$2329.
  merging $macc model for $flatten\layer1.$mul$tcn_8ch_layer_parallel.v:58$2310 into $flatten\layer1.$add$tcn_8ch_layer_parallel.v:61$2329.
  merging $macc model for $flatten\layer1.$mul$tcn_8ch_layer_parallel.v:62$2308 into $flatten\layer1.$add$tcn_8ch_layer_parallel.v:61$2329.
  merging $macc model for $flatten\layer1.$mul$tcn_8ch_layer_parallel.v:62$2306 into $flatten\layer1.$add$tcn_8ch_layer_parallel.v:61$2329.
  merging $macc model for $flatten\layer1.$mul$tcn_8ch_layer_parallel.v:62$2284 into $flatten\layer1.$add$tcn_8ch_layer_parallel.v:61$2329.
  merging $macc model for $flatten\layer1.$mul$tcn_8ch_layer_parallel.v:62$2282 into $flatten\layer1.$add$tcn_8ch_layer_parallel.v:61$2329.
  merging $macc model for $flatten\layer1.$mul$tcn_8ch_layer_parallel.v:62$2278 into $flatten\layer1.$add$tcn_8ch_layer_parallel.v:61$2329.
  merging $macc model for $flatten\layer1.$mul$tcn_8ch_layer_parallel.v:58$2260 into $flatten\layer1.$add$tcn_8ch_layer_parallel.v:61$2329.
  merging $macc model for $flatten\layer1.$mul$tcn_8ch_layer_parallel.v:62$2256 into $flatten\layer1.$add$tcn_8ch_layer_parallel.v:61$2329.
  merging $macc model for $flatten\layer1.$mul$tcn_8ch_layer_parallel.v:62$2254 into $flatten\layer1.$add$tcn_8ch_layer_parallel.v:61$2329.
  merging $macc model for $flatten\layer1.$add$tcn_8ch_layer_parallel.v:61$2247 into $flatten\layer1.$add$tcn_8ch_layer_parallel.v:61$2249.
  merging $macc model for $flatten\layer1.$add$tcn_8ch_layer_parallel.v:61$2245 into $flatten\layer1.$add$tcn_8ch_layer_parallel.v:61$2249.
  merging $macc model for $flatten\layer1.$add$tcn_8ch_layer_parallel.v:61$2243 into $flatten\layer1.$add$tcn_8ch_layer_parallel.v:61$2249.
  merging $macc model for $flatten\layer1.$add$tcn_8ch_layer_parallel.v:61$2239 into $flatten\layer1.$add$tcn_8ch_layer_parallel.v:61$2249.
  merging $macc model for $flatten\layer1.$add$tcn_8ch_layer_parallel.v:61$2235 into $flatten\layer1.$add$tcn_8ch_layer_parallel.v:61$2249.
  merging $macc model for $flatten\layer1.$add$tcn_8ch_layer_parallel.v:61$2233 into $flatten\layer1.$add$tcn_8ch_layer_parallel.v:61$2249.
  merging $macc model for $flatten\layer1.$add$tcn_8ch_layer_parallel.v:57$2231 into $flatten\layer1.$add$tcn_8ch_layer_parallel.v:61$2249.
  merging $macc model for $flatten\layer1.$add$tcn_8ch_layer_parallel.v:61$2229 into $flatten\layer1.$add$tcn_8ch_layer_parallel.v:61$2249.
  merging $macc model for $flatten\layer1.$add$tcn_8ch_layer_parallel.v:61$2227 into $flatten\layer1.$add$tcn_8ch_layer_parallel.v:61$2249.
  merging $macc model for $flatten\layer1.$add$tcn_8ch_layer_parallel.v:61$2225 into $flatten\layer1.$add$tcn_8ch_layer_parallel.v:61$2249.
  merging $macc model for $flatten\layer1.$add$tcn_8ch_layer_parallel.v:61$2223 into $flatten\layer1.$add$tcn_8ch_layer_parallel.v:61$2249.
  merging $macc model for $flatten\layer1.$add$tcn_8ch_layer_parallel.v:57$2221 into $flatten\layer1.$add$tcn_8ch_layer_parallel.v:61$2249.
  merging $macc model for $flatten\layer1.$add$tcn_8ch_layer_parallel.v:61$2219 into $flatten\layer1.$add$tcn_8ch_layer_parallel.v:61$2249.
  merging $macc model for $flatten\layer1.$add$tcn_8ch_layer_parallel.v:61$2217 into $flatten\layer1.$add$tcn_8ch_layer_parallel.v:61$2249.
  merging $macc model for $flatten\layer1.$add$tcn_8ch_layer_parallel.v:61$2215 into $flatten\layer1.$add$tcn_8ch_layer_parallel.v:61$2249.
  merging $macc model for $flatten\layer1.$add$tcn_8ch_layer_parallel.v:57$2211 into $flatten\layer1.$add$tcn_8ch_layer_parallel.v:61$2249.
  merging $macc model for $flatten\layer1.$add$tcn_8ch_layer_parallel.v:61$2207 into $flatten\layer1.$add$tcn_8ch_layer_parallel.v:61$2249.
  merging $macc model for $flatten\layer1.$add$tcn_8ch_layer_parallel.v:61$2205 into $flatten\layer1.$add$tcn_8ch_layer_parallel.v:61$2249.
  merging $macc model for $flatten\layer1.$add$tcn_8ch_layer_parallel.v:61$2203 into $flatten\layer1.$add$tcn_8ch_layer_parallel.v:61$2249.
  merging $macc model for $flatten\layer1.$add$tcn_8ch_layer_parallel.v:57$2201 into $flatten\layer1.$add$tcn_8ch_layer_parallel.v:61$2249.
  merging $macc model for $flatten\layer1.$add$tcn_8ch_layer_parallel.v:61$2199 into $flatten\layer1.$add$tcn_8ch_layer_parallel.v:61$2249.
  merging $macc model for $flatten\layer1.$add$tcn_8ch_layer_parallel.v:61$2197 into $flatten\layer1.$add$tcn_8ch_layer_parallel.v:61$2249.
  merging $macc model for $flatten\layer1.$add$tcn_8ch_layer_parallel.v:61$2195 into $flatten\layer1.$add$tcn_8ch_layer_parallel.v:61$2249.
  merging $macc model for $flatten\layer1.$add$tcn_8ch_layer_parallel.v:61$2193 into $flatten\layer1.$add$tcn_8ch_layer_parallel.v:61$2249.
  merging $macc model for $flatten\layer1.$add$tcn_8ch_layer_parallel.v:57$2191 into $flatten\layer1.$add$tcn_8ch_layer_parallel.v:61$2249.
  merging $macc model for $flatten\layer1.$add$tcn_8ch_layer_parallel.v:61$2189 into $flatten\layer1.$add$tcn_8ch_layer_parallel.v:61$2249.
  merging $macc model for $flatten\layer1.$add$tcn_8ch_layer_parallel.v:61$2187 into $flatten\layer1.$add$tcn_8ch_layer_parallel.v:61$2249.
  merging $macc model for $flatten\layer1.$add$tcn_8ch_layer_parallel.v:61$2183 into $flatten\layer1.$add$tcn_8ch_layer_parallel.v:61$2249.
  merging $macc model for $flatten\layer1.$add$tcn_8ch_layer_parallel.v:57$2181 into $flatten\layer1.$add$tcn_8ch_layer_parallel.v:61$2249.
  merging $macc model for $flatten\layer1.$add$tcn_8ch_layer_parallel.v:61$2179 into $flatten\layer1.$add$tcn_8ch_layer_parallel.v:61$2249.
  merging $macc model for $flatten\layer1.$add$tcn_8ch_layer_parallel.v:61$2177 into $flatten\layer1.$add$tcn_8ch_layer_parallel.v:61$2249.
  merging $macc model for $flatten\layer1.$add$tcn_8ch_layer_parallel.v:61$2175 into $flatten\layer1.$add$tcn_8ch_layer_parallel.v:61$2249.
  merging $macc model for $flatten\layer1.$add$tcn_8ch_layer_parallel.v:61$2173 into $flatten\layer1.$add$tcn_8ch_layer_parallel.v:61$2249.
  merging $macc model for $flatten\layer1.$mul$tcn_8ch_layer_parallel.v:62$2234 into $flatten\layer1.$add$tcn_8ch_layer_parallel.v:61$2249.
  merging $macc model for $flatten\layer1.$mul$tcn_8ch_layer_parallel.v:62$2232 into $flatten\layer1.$add$tcn_8ch_layer_parallel.v:61$2249.
  merging $macc model for $flatten\layer1.$mul$tcn_8ch_layer_parallel.v:62$2228 into $flatten\layer1.$add$tcn_8ch_layer_parallel.v:61$2249.
  merging $macc model for $flatten\layer1.$mul$tcn_8ch_layer_parallel.v:58$2210 into $flatten\layer1.$add$tcn_8ch_layer_parallel.v:61$2249.
  merging $macc model for $flatten\layer1.$mul$tcn_8ch_layer_parallel.v:62$2206 into $flatten\layer1.$add$tcn_8ch_layer_parallel.v:61$2249.
  merging $macc model for $flatten\layer1.$mul$tcn_8ch_layer_parallel.v:62$2204 into $flatten\layer1.$add$tcn_8ch_layer_parallel.v:61$2249.
  merging $macc model for $flatten\layer1.$mul$tcn_8ch_layer_parallel.v:62$2182 into $flatten\layer1.$add$tcn_8ch_layer_parallel.v:61$2249.
  merging $macc model for $flatten\layer1.$mul$tcn_8ch_layer_parallel.v:58$2180 into $flatten\layer1.$add$tcn_8ch_layer_parallel.v:61$2249.
  merging $macc model for $flatten\layer1.$mul$tcn_8ch_layer_parallel.v:62$2178 into $flatten\layer1.$add$tcn_8ch_layer_parallel.v:61$2249.
  merging $macc model for $flatten\layer1.$mul$tcn_8ch_layer_parallel.v:62$2176 into $flatten\layer1.$add$tcn_8ch_layer_parallel.v:61$2249.
  merging $macc model for $flatten\layer1.$add$tcn_8ch_layer_parallel.v:61$2167 into $flatten\layer1.$add$tcn_8ch_layer_parallel.v:61$2169.
  merging $macc model for $flatten\layer1.$add$tcn_8ch_layer_parallel.v:61$2165 into $flatten\layer1.$add$tcn_8ch_layer_parallel.v:61$2169.
  merging $macc model for $flatten\layer1.$add$tcn_8ch_layer_parallel.v:57$2161 into $flatten\layer1.$add$tcn_8ch_layer_parallel.v:61$2169.
  merging $macc model for $flatten\layer1.$add$tcn_8ch_layer_parallel.v:61$2157 into $flatten\layer1.$add$tcn_8ch_layer_parallel.v:61$2169.
  merging $macc model for $flatten\layer1.$add$tcn_8ch_layer_parallel.v:61$2155 into $flatten\layer1.$add$tcn_8ch_layer_parallel.v:61$2169.
  merging $macc model for $flatten\layer1.$add$tcn_8ch_layer_parallel.v:61$2153 into $flatten\layer1.$add$tcn_8ch_layer_parallel.v:61$2169.
  merging $macc model for $flatten\layer1.$add$tcn_8ch_layer_parallel.v:57$2151 into $flatten\layer1.$add$tcn_8ch_layer_parallel.v:61$2169.
  merging $macc model for $flatten\layer1.$add$tcn_8ch_layer_parallel.v:61$2149 into $flatten\layer1.$add$tcn_8ch_layer_parallel.v:61$2169.
  merging $macc model for $flatten\layer1.$add$tcn_8ch_layer_parallel.v:61$2147 into $flatten\layer1.$add$tcn_8ch_layer_parallel.v:61$2169.
  merging $macc model for $flatten\layer1.$add$tcn_8ch_layer_parallel.v:61$2145 into $flatten\layer1.$add$tcn_8ch_layer_parallel.v:61$2169.
  merging $macc model for $flatten\layer1.$add$tcn_8ch_layer_parallel.v:61$2143 into $flatten\layer1.$add$tcn_8ch_layer_parallel.v:61$2169.
  merging $macc model for $flatten\layer1.$add$tcn_8ch_layer_parallel.v:57$2141 into $flatten\layer1.$add$tcn_8ch_layer_parallel.v:61$2169.
  merging $macc model for $flatten\layer1.$add$tcn_8ch_layer_parallel.v:61$2139 into $flatten\layer1.$add$tcn_8ch_layer_parallel.v:61$2169.
  merging $macc model for $flatten\layer1.$add$tcn_8ch_layer_parallel.v:61$2137 into $flatten\layer1.$add$tcn_8ch_layer_parallel.v:61$2169.
  merging $macc model for $flatten\layer1.$add$tcn_8ch_layer_parallel.v:61$2133 into $flatten\layer1.$add$tcn_8ch_layer_parallel.v:61$2169.
  merging $macc model for $flatten\layer1.$add$tcn_8ch_layer_parallel.v:57$2131 into $flatten\layer1.$add$tcn_8ch_layer_parallel.v:61$2169.
  merging $macc model for $flatten\layer1.$add$tcn_8ch_layer_parallel.v:61$2129 into $flatten\layer1.$add$tcn_8ch_layer_parallel.v:61$2169.
  merging $macc model for $flatten\layer1.$add$tcn_8ch_layer_parallel.v:61$2127 into $flatten\layer1.$add$tcn_8ch_layer_parallel.v:61$2169.
  merging $macc model for $flatten\layer1.$add$tcn_8ch_layer_parallel.v:61$2125 into $flatten\layer1.$add$tcn_8ch_layer_parallel.v:61$2169.
  merging $macc model for $flatten\layer1.$add$tcn_8ch_layer_parallel.v:61$2123 into $flatten\layer1.$add$tcn_8ch_layer_parallel.v:61$2169.
  merging $macc model for $flatten\layer1.$add$tcn_8ch_layer_parallel.v:57$2121 into $flatten\layer1.$add$tcn_8ch_layer_parallel.v:61$2169.
  merging $macc model for $flatten\layer1.$add$tcn_8ch_layer_parallel.v:61$2119 into $flatten\layer1.$add$tcn_8ch_layer_parallel.v:61$2169.
  merging $macc model for $flatten\layer1.$add$tcn_8ch_layer_parallel.v:61$2117 into $flatten\layer1.$add$tcn_8ch_layer_parallel.v:61$2169.
  merging $macc model for $flatten\layer1.$add$tcn_8ch_layer_parallel.v:61$2115 into $flatten\layer1.$add$tcn_8ch_layer_parallel.v:61$2169.
  merging $macc model for $flatten\layer1.$add$tcn_8ch_layer_parallel.v:61$2113 into $flatten\layer1.$add$tcn_8ch_layer_parallel.v:61$2169.
  merging $macc model for $flatten\layer1.$add$tcn_8ch_layer_parallel.v:61$2109 into $flatten\layer1.$add$tcn_8ch_layer_parallel.v:61$2169.
  merging $macc model for $flatten\layer1.$add$tcn_8ch_layer_parallel.v:61$2105 into $flatten\layer1.$add$tcn_8ch_layer_parallel.v:61$2169.
  merging $macc model for $flatten\layer1.$add$tcn_8ch_layer_parallel.v:61$2103 into $flatten\layer1.$add$tcn_8ch_layer_parallel.v:61$2169.
  merging $macc model for $flatten\layer1.$add$tcn_8ch_layer_parallel.v:57$2101 into $flatten\layer1.$add$tcn_8ch_layer_parallel.v:61$2169.
  merging $macc model for $flatten\layer1.$add$tcn_8ch_layer_parallel.v:61$2099 into $flatten\layer1.$add$tcn_8ch_layer_parallel.v:61$2169.
  merging $macc model for $flatten\layer1.$add$tcn_8ch_layer_parallel.v:61$2097 into $flatten\layer1.$add$tcn_8ch_layer_parallel.v:61$2169.
  merging $macc model for $flatten\layer1.$add$tcn_8ch_layer_parallel.v:61$2095 into $flatten\layer1.$add$tcn_8ch_layer_parallel.v:61$2169.
  merging $macc model for $flatten\layer1.$add$tcn_8ch_layer_parallel.v:61$2093 into $flatten\layer1.$add$tcn_8ch_layer_parallel.v:61$2169.
  merging $macc model for $flatten\layer1.$mul$tcn_8ch_layer_parallel.v:58$2160 into $flatten\layer1.$add$tcn_8ch_layer_parallel.v:61$2169.
  merging $macc model for $flatten\layer1.$mul$tcn_8ch_layer_parallel.v:62$2156 into $flatten\layer1.$add$tcn_8ch_layer_parallel.v:61$2169.
  merging $macc model for $flatten\layer1.$mul$tcn_8ch_layer_parallel.v:62$2154 into $flatten\layer1.$add$tcn_8ch_layer_parallel.v:61$2169.
  merging $macc model for $flatten\layer1.$mul$tcn_8ch_layer_parallel.v:62$2132 into $flatten\layer1.$add$tcn_8ch_layer_parallel.v:61$2169.
  merging $macc model for $flatten\layer1.$mul$tcn_8ch_layer_parallel.v:58$2130 into $flatten\layer1.$add$tcn_8ch_layer_parallel.v:61$2169.
  merging $macc model for $flatten\layer1.$mul$tcn_8ch_layer_parallel.v:62$2128 into $flatten\layer1.$add$tcn_8ch_layer_parallel.v:61$2169.
  merging $macc model for $flatten\layer1.$mul$tcn_8ch_layer_parallel.v:62$2126 into $flatten\layer1.$add$tcn_8ch_layer_parallel.v:61$2169.
  merging $macc model for $flatten\layer1.$mul$tcn_8ch_layer_parallel.v:62$2104 into $flatten\layer1.$add$tcn_8ch_layer_parallel.v:61$2169.
  merging $macc model for $flatten\layer1.$mul$tcn_8ch_layer_parallel.v:62$2102 into $flatten\layer1.$add$tcn_8ch_layer_parallel.v:61$2169.
  merging $macc model for $flatten\layer1.$mul$tcn_8ch_layer_parallel.v:62$2098 into $flatten\layer1.$add$tcn_8ch_layer_parallel.v:61$2169.
  merging $macc model for $flatten\layer1.$add$tcn_8ch_layer_parallel.v:61$2087 into $flatten\layer1.$add$tcn_8ch_layer_parallel.v:61$2089.
  merging $macc model for $flatten\layer1.$add$tcn_8ch_layer_parallel.v:61$2083 into $flatten\layer1.$add$tcn_8ch_layer_parallel.v:61$2089.
  merging $macc model for $flatten\layer1.$add$tcn_8ch_layer_parallel.v:57$2081 into $flatten\layer1.$add$tcn_8ch_layer_parallel.v:61$2089.
  merging $macc model for $flatten\layer1.$add$tcn_8ch_layer_parallel.v:61$2079 into $flatten\layer1.$add$tcn_8ch_layer_parallel.v:61$2089.
  merging $macc model for $flatten\layer1.$add$tcn_8ch_layer_parallel.v:61$2077 into $flatten\layer1.$add$tcn_8ch_layer_parallel.v:61$2089.
  merging $macc model for $flatten\layer1.$add$tcn_8ch_layer_parallel.v:61$2075 into $flatten\layer1.$add$tcn_8ch_layer_parallel.v:61$2089.
  merging $macc model for $flatten\layer1.$add$tcn_8ch_layer_parallel.v:61$2073 into $flatten\layer1.$add$tcn_8ch_layer_parallel.v:61$2089.
  merging $macc model for $flatten\layer1.$add$tcn_8ch_layer_parallel.v:57$2071 into $flatten\layer1.$add$tcn_8ch_layer_parallel.v:61$2089.
  merging $macc model for $flatten\layer1.$add$tcn_8ch_layer_parallel.v:61$2069 into $flatten\layer1.$add$tcn_8ch_layer_parallel.v:61$2089.
  merging $macc model for $flatten\layer1.$add$tcn_8ch_layer_parallel.v:61$2067 into $flatten\layer1.$add$tcn_8ch_layer_parallel.v:61$2089.
  merging $macc model for $flatten\layer1.$add$tcn_8ch_layer_parallel.v:61$2065 into $flatten\layer1.$add$tcn_8ch_layer_parallel.v:61$2089.
  merging $macc model for $flatten\layer1.$add$tcn_8ch_layer_parallel.v:61$2063 into $flatten\layer1.$add$tcn_8ch_layer_parallel.v:61$2089.
  merging $macc model for $flatten\layer1.$add$tcn_8ch_layer_parallel.v:61$2059 into $flatten\layer1.$add$tcn_8ch_layer_parallel.v:61$2089.
  merging $macc model for $flatten\layer1.$add$tcn_8ch_layer_parallel.v:61$2055 into $flatten\layer1.$add$tcn_8ch_layer_parallel.v:61$2089.
  merging $macc model for $flatten\layer1.$add$tcn_8ch_layer_parallel.v:61$2053 into $flatten\layer1.$add$tcn_8ch_layer_parallel.v:61$2089.
  merging $macc model for $flatten\layer1.$add$tcn_8ch_layer_parallel.v:57$2051 into $flatten\layer1.$add$tcn_8ch_layer_parallel.v:61$2089.
  merging $macc model for $flatten\layer1.$add$tcn_8ch_layer_parallel.v:61$2049 into $flatten\layer1.$add$tcn_8ch_layer_parallel.v:61$2089.
  merging $macc model for $flatten\layer1.$add$tcn_8ch_layer_parallel.v:61$2047 into $flatten\layer1.$add$tcn_8ch_layer_parallel.v:61$2089.
  merging $macc model for $flatten\layer1.$add$tcn_8ch_layer_parallel.v:61$2045 into $flatten\layer1.$add$tcn_8ch_layer_parallel.v:61$2089.
  merging $macc model for $flatten\layer1.$add$tcn_8ch_layer_parallel.v:61$2043 into $flatten\layer1.$add$tcn_8ch_layer_parallel.v:61$2089.
  merging $macc model for $flatten\layer1.$add$tcn_8ch_layer_parallel.v:57$2041 into $flatten\layer1.$add$tcn_8ch_layer_parallel.v:61$2089.
  merging $macc model for $flatten\layer1.$add$tcn_8ch_layer_parallel.v:61$2039 into $flatten\layer1.$add$tcn_8ch_layer_parallel.v:61$2089.
  merging $macc model for $flatten\layer1.$add$tcn_8ch_layer_parallel.v:61$2037 into $flatten\layer1.$add$tcn_8ch_layer_parallel.v:61$2089.
  merging $macc model for $flatten\layer1.$add$tcn_8ch_layer_parallel.v:61$2035 into $flatten\layer1.$add$tcn_8ch_layer_parallel.v:61$2089.
  merging $macc model for $flatten\layer1.$add$tcn_8ch_layer_parallel.v:57$2031 into $flatten\layer1.$add$tcn_8ch_layer_parallel.v:61$2089.
  merging $macc model for $flatten\layer1.$add$tcn_8ch_layer_parallel.v:61$2027 into $flatten\layer1.$add$tcn_8ch_layer_parallel.v:61$2089.
  merging $macc model for $flatten\layer1.$add$tcn_8ch_layer_parallel.v:61$2025 into $flatten\layer1.$add$tcn_8ch_layer_parallel.v:61$2089.
  merging $macc model for $flatten\layer1.$add$tcn_8ch_layer_parallel.v:61$2023 into $flatten\layer1.$add$tcn_8ch_layer_parallel.v:61$2089.
  merging $macc model for $flatten\layer1.$add$tcn_8ch_layer_parallel.v:57$2021 into $flatten\layer1.$add$tcn_8ch_layer_parallel.v:61$2089.
  merging $macc model for $flatten\layer1.$add$tcn_8ch_layer_parallel.v:61$2019 into $flatten\layer1.$add$tcn_8ch_layer_parallel.v:61$2089.
  merging $macc model for $flatten\layer1.$add$tcn_8ch_layer_parallel.v:61$2017 into $flatten\layer1.$add$tcn_8ch_layer_parallel.v:61$2089.
  merging $macc model for $flatten\layer1.$add$tcn_8ch_layer_parallel.v:61$2015 into $flatten\layer1.$add$tcn_8ch_layer_parallel.v:61$2089.
  merging $macc model for $flatten\layer1.$add$tcn_8ch_layer_parallel.v:61$2013 into $flatten\layer1.$add$tcn_8ch_layer_parallel.v:61$2089.
  merging $macc model for $flatten\layer1.$mul$tcn_8ch_layer_parallel.v:62$2082 into $flatten\layer1.$add$tcn_8ch_layer_parallel.v:61$2089.
  merging $macc model for $flatten\layer1.$mul$tcn_8ch_layer_parallel.v:58$2080 into $flatten\layer1.$add$tcn_8ch_layer_parallel.v:61$2089.
  merging $macc model for $flatten\layer1.$mul$tcn_8ch_layer_parallel.v:62$2078 into $flatten\layer1.$add$tcn_8ch_layer_parallel.v:61$2089.
  merging $macc model for $flatten\layer1.$mul$tcn_8ch_layer_parallel.v:62$2076 into $flatten\layer1.$add$tcn_8ch_layer_parallel.v:61$2089.
  merging $macc model for $flatten\layer1.$mul$tcn_8ch_layer_parallel.v:62$2054 into $flatten\layer1.$add$tcn_8ch_layer_parallel.v:61$2089.
  merging $macc model for $flatten\layer1.$mul$tcn_8ch_layer_parallel.v:62$2052 into $flatten\layer1.$add$tcn_8ch_layer_parallel.v:61$2089.
  merging $macc model for $flatten\layer1.$mul$tcn_8ch_layer_parallel.v:62$2048 into $flatten\layer1.$add$tcn_8ch_layer_parallel.v:61$2089.
  merging $macc model for $flatten\layer1.$mul$tcn_8ch_layer_parallel.v:58$2030 into $flatten\layer1.$add$tcn_8ch_layer_parallel.v:61$2089.
  merging $macc model for $flatten\layer1.$mul$tcn_8ch_layer_parallel.v:62$2026 into $flatten\layer1.$add$tcn_8ch_layer_parallel.v:61$2089.
  merging $macc model for $flatten\layer1.$mul$tcn_8ch_layer_parallel.v:62$2024 into $flatten\layer1.$add$tcn_8ch_layer_parallel.v:61$2089.
  merging $macc model for $flatten\layer1.$add$tcn_8ch_layer_parallel.v:61$2005 into $flatten\layer1.$add$tcn_8ch_layer_parallel.v:61$2009.
  merging $macc model for $flatten\layer1.$add$tcn_8ch_layer_parallel.v:61$2003 into $flatten\layer1.$add$tcn_8ch_layer_parallel.v:61$2009.
  merging $macc model for $flatten\layer1.$add$tcn_8ch_layer_parallel.v:57$2001 into $flatten\layer1.$add$tcn_8ch_layer_parallel.v:61$2009.
  merging $macc model for $flatten\layer1.$add$tcn_8ch_layer_parallel.v:61$1999 into $flatten\layer1.$add$tcn_8ch_layer_parallel.v:61$2009.
  merging $macc model for $flatten\layer1.$add$tcn_8ch_layer_parallel.v:61$1997 into $flatten\layer1.$add$tcn_8ch_layer_parallel.v:61$2009.
  merging $macc model for $flatten\layer1.$add$tcn_8ch_layer_parallel.v:61$1995 into $flatten\layer1.$add$tcn_8ch_layer_parallel.v:61$2009.
  merging $macc model for $flatten\layer1.$add$tcn_8ch_layer_parallel.v:61$1993 into $flatten\layer1.$add$tcn_8ch_layer_parallel.v:61$2009.
  merging $macc model for $flatten\layer1.$add$tcn_8ch_layer_parallel.v:57$1991 into $flatten\layer1.$add$tcn_8ch_layer_parallel.v:61$2009.
  merging $macc model for $flatten\layer1.$add$tcn_8ch_layer_parallel.v:61$1989 into $flatten\layer1.$add$tcn_8ch_layer_parallel.v:61$2009.
  merging $macc model for $flatten\layer1.$add$tcn_8ch_layer_parallel.v:61$1987 into $flatten\layer1.$add$tcn_8ch_layer_parallel.v:61$2009.
  merging $macc model for $flatten\layer1.$add$tcn_8ch_layer_parallel.v:61$1985 into $flatten\layer1.$add$tcn_8ch_layer_parallel.v:61$2009.
  merging $macc model for $flatten\layer1.$add$tcn_8ch_layer_parallel.v:57$1981 into $flatten\layer1.$add$tcn_8ch_layer_parallel.v:61$2009.
  merging $macc model for $flatten\layer1.$add$tcn_8ch_layer_parallel.v:61$1977 into $flatten\layer1.$add$tcn_8ch_layer_parallel.v:61$2009.
  merging $macc model for $flatten\layer1.$add$tcn_8ch_layer_parallel.v:61$1975 into $flatten\layer1.$add$tcn_8ch_layer_parallel.v:61$2009.
  merging $macc model for $flatten\layer1.$add$tcn_8ch_layer_parallel.v:61$1973 into $flatten\layer1.$add$tcn_8ch_layer_parallel.v:61$2009.
  merging $macc model for $flatten\layer1.$add$tcn_8ch_layer_parallel.v:57$1971 into $flatten\layer1.$add$tcn_8ch_layer_parallel.v:61$2009.
  merging $macc model for $flatten\layer1.$add$tcn_8ch_layer_parallel.v:61$1969 into $flatten\layer1.$add$tcn_8ch_layer_parallel.v:61$2009.
  merging $macc model for $flatten\layer1.$add$tcn_8ch_layer_parallel.v:61$1967 into $flatten\layer1.$add$tcn_8ch_layer_parallel.v:61$2009.
  merging $macc model for $flatten\layer1.$add$tcn_8ch_layer_parallel.v:61$1965 into $flatten\layer1.$add$tcn_8ch_layer_parallel.v:61$2009.
  merging $macc model for $flatten\layer1.$add$tcn_8ch_layer_parallel.v:61$1963 into $flatten\layer1.$add$tcn_8ch_layer_parallel.v:61$2009.
  merging $macc model for $flatten\layer1.$add$tcn_8ch_layer_parallel.v:57$1961 into $flatten\layer1.$add$tcn_8ch_layer_parallel.v:61$2009.
  merging $macc model for $flatten\layer1.$add$tcn_8ch_layer_parallel.v:61$1959 into $flatten\layer1.$add$tcn_8ch_layer_parallel.v:61$2009.
  merging $macc model for $flatten\layer1.$add$tcn_8ch_layer_parallel.v:61$1957 into $flatten\layer1.$add$tcn_8ch_layer_parallel.v:61$2009.
  merging $macc model for $flatten\layer1.$add$tcn_8ch_layer_parallel.v:61$1953 into $flatten\layer1.$add$tcn_8ch_layer_parallel.v:61$2009.
  merging $macc model for $flatten\layer1.$add$tcn_8ch_layer_parallel.v:57$1951 into $flatten\layer1.$add$tcn_8ch_layer_parallel.v:61$2009.
  merging $macc model for $flatten\layer1.$add$tcn_8ch_layer_parallel.v:61$1949 into $flatten\layer1.$add$tcn_8ch_layer_parallel.v:61$2009.
  merging $macc model for $flatten\layer1.$add$tcn_8ch_layer_parallel.v:61$1947 into $flatten\layer1.$add$tcn_8ch_layer_parallel.v:61$2009.
  merging $macc model for $flatten\layer1.$add$tcn_8ch_layer_parallel.v:61$1945 into $flatten\layer1.$add$tcn_8ch_layer_parallel.v:61$2009.
  merging $macc model for $flatten\layer1.$add$tcn_8ch_layer_parallel.v:61$1943 into $flatten\layer1.$add$tcn_8ch_layer_parallel.v:61$2009.
  merging $macc model for $flatten\layer1.$add$tcn_8ch_layer_parallel.v:57$1941 into $flatten\layer1.$add$tcn_8ch_layer_parallel.v:61$2009.
  merging $macc model for $flatten\layer1.$add$tcn_8ch_layer_parallel.v:61$1939 into $flatten\layer1.$add$tcn_8ch_layer_parallel.v:61$2009.
  merging $macc model for $flatten\layer1.$add$tcn_8ch_layer_parallel.v:61$1937 into $flatten\layer1.$add$tcn_8ch_layer_parallel.v:61$2009.
  merging $macc model for $flatten\layer1.$add$tcn_8ch_layer_parallel.v:61$1935 into $flatten\layer1.$add$tcn_8ch_layer_parallel.v:61$2009.
  merging $macc model for $flatten\layer1.$mul$tcn_8ch_layer_parallel.v:62$2004 into $flatten\layer1.$add$tcn_8ch_layer_parallel.v:61$2009.
  merging $macc model for $flatten\layer1.$mul$tcn_8ch_layer_parallel.v:62$2002 into $flatten\layer1.$add$tcn_8ch_layer_parallel.v:61$2009.
  merging $macc model for $flatten\layer1.$mul$tcn_8ch_layer_parallel.v:62$1998 into $flatten\layer1.$add$tcn_8ch_layer_parallel.v:61$2009.
  merging $macc model for $flatten\layer1.$mul$tcn_8ch_layer_parallel.v:58$1980 into $flatten\layer1.$add$tcn_8ch_layer_parallel.v:61$2009.
  merging $macc model for $flatten\layer1.$mul$tcn_8ch_layer_parallel.v:62$1976 into $flatten\layer1.$add$tcn_8ch_layer_parallel.v:61$2009.
  merging $macc model for $flatten\layer1.$mul$tcn_8ch_layer_parallel.v:62$1974 into $flatten\layer1.$add$tcn_8ch_layer_parallel.v:61$2009.
  merging $macc model for $flatten\layer1.$mul$tcn_8ch_layer_parallel.v:62$1952 into $flatten\layer1.$add$tcn_8ch_layer_parallel.v:61$2009.
  merging $macc model for $flatten\layer1.$mul$tcn_8ch_layer_parallel.v:58$1950 into $flatten\layer1.$add$tcn_8ch_layer_parallel.v:61$2009.
  merging $macc model for $flatten\layer1.$mul$tcn_8ch_layer_parallel.v:62$1948 into $flatten\layer1.$add$tcn_8ch_layer_parallel.v:61$2009.
  merging $macc model for $flatten\layer1.$mul$tcn_8ch_layer_parallel.v:62$1946 into $flatten\layer1.$add$tcn_8ch_layer_parallel.v:61$2009.
  merging $macc model for $flatten\layer1.$add$tcn_8ch_layer_parallel.v:61$1925 into $flatten\layer1.$add$tcn_8ch_layer_parallel.v:61$1927.
  merging $macc model for $flatten\layer1.$add$tcn_8ch_layer_parallel.v:61$1923 into $flatten\layer1.$add$tcn_8ch_layer_parallel.v:61$1927.
  merging $macc model for $flatten\layer1.$add$tcn_8ch_layer_parallel.v:57$1921 into $flatten\layer1.$add$tcn_8ch_layer_parallel.v:61$1927.
  merging $macc model for $flatten\layer1.$add$tcn_8ch_layer_parallel.v:61$1919 into $flatten\layer1.$add$tcn_8ch_layer_parallel.v:61$1927.
  merging $macc model for $flatten\layer1.$add$tcn_8ch_layer_parallel.v:61$1917 into $flatten\layer1.$add$tcn_8ch_layer_parallel.v:61$1927.
  merging $macc model for $flatten\layer1.$add$tcn_8ch_layer_parallel.v:61$1915 into $flatten\layer1.$add$tcn_8ch_layer_parallel.v:61$1927.
  merging $macc model for $flatten\layer1.$add$tcn_8ch_layer_parallel.v:61$1913 into $flatten\layer1.$add$tcn_8ch_layer_parallel.v:61$1927.
  merging $macc model for $flatten\layer1.$add$tcn_8ch_layer_parallel.v:57$1911 into $flatten\layer1.$add$tcn_8ch_layer_parallel.v:61$1927.
  merging $macc model for $flatten\layer1.$add$tcn_8ch_layer_parallel.v:61$1909 into $flatten\layer1.$add$tcn_8ch_layer_parallel.v:61$1927.
  merging $macc model for $flatten\layer1.$add$tcn_8ch_layer_parallel.v:61$1907 into $flatten\layer1.$add$tcn_8ch_layer_parallel.v:61$1927.
  merging $macc model for $flatten\layer1.$add$tcn_8ch_layer_parallel.v:61$1903 into $flatten\layer1.$add$tcn_8ch_layer_parallel.v:61$1927.
  merging $macc model for $flatten\layer1.$add$tcn_8ch_layer_parallel.v:57$1901 into $flatten\layer1.$add$tcn_8ch_layer_parallel.v:61$1927.
  merging $macc model for $flatten\layer1.$add$tcn_8ch_layer_parallel.v:61$1899 into $flatten\layer1.$add$tcn_8ch_layer_parallel.v:61$1927.
  merging $macc model for $flatten\layer1.$add$tcn_8ch_layer_parallel.v:61$1897 into $flatten\layer1.$add$tcn_8ch_layer_parallel.v:61$1927.
  merging $macc model for $flatten\layer1.$add$tcn_8ch_layer_parallel.v:61$1895 into $flatten\layer1.$add$tcn_8ch_layer_parallel.v:61$1927.
  merging $macc model for $flatten\layer1.$add$tcn_8ch_layer_parallel.v:61$1893 into $flatten\layer1.$add$tcn_8ch_layer_parallel.v:61$1927.
  merging $macc model for $flatten\layer1.$add$tcn_8ch_layer_parallel.v:57$1891 into $flatten\layer1.$add$tcn_8ch_layer_parallel.v:61$1927.
  merging $macc model for $flatten\layer1.$add$tcn_8ch_layer_parallel.v:61$1889 into $flatten\layer1.$add$tcn_8ch_layer_parallel.v:61$1927.
  merging $macc model for $flatten\layer1.$add$tcn_8ch_layer_parallel.v:61$1887 into $flatten\layer1.$add$tcn_8ch_layer_parallel.v:61$1927.
  merging $macc model for $flatten\layer1.$add$tcn_8ch_layer_parallel.v:61$1885 into $flatten\layer1.$add$tcn_8ch_layer_parallel.v:61$1927.
  merging $macc model for $flatten\layer1.$add$tcn_8ch_layer_parallel.v:61$1883 into $flatten\layer1.$add$tcn_8ch_layer_parallel.v:61$1927.
  merging $macc model for $flatten\layer1.$add$tcn_8ch_layer_parallel.v:61$1879 into $flatten\layer1.$add$tcn_8ch_layer_parallel.v:61$1927.
  merging $macc model for $flatten\layer1.$add$tcn_8ch_layer_parallel.v:61$1875 into $flatten\layer1.$add$tcn_8ch_layer_parallel.v:61$1927.
  merging $macc model for $flatten\layer1.$add$tcn_8ch_layer_parallel.v:61$1873 into $flatten\layer1.$add$tcn_8ch_layer_parallel.v:61$1927.
  merging $macc model for $flatten\layer1.$add$tcn_8ch_layer_parallel.v:57$1871 into $flatten\layer1.$add$tcn_8ch_layer_parallel.v:61$1927.
  merging $macc model for $flatten\layer1.$add$tcn_8ch_layer_parallel.v:61$1869 into $flatten\layer1.$add$tcn_8ch_layer_parallel.v:61$1927.
  merging $macc model for $flatten\layer1.$add$tcn_8ch_layer_parallel.v:61$1867 into $flatten\layer1.$add$tcn_8ch_layer_parallel.v:61$1927.
  merging $macc model for $flatten\layer1.$add$tcn_8ch_layer_parallel.v:61$1865 into $flatten\layer1.$add$tcn_8ch_layer_parallel.v:61$1927.
  merging $macc model for $flatten\layer1.$add$tcn_8ch_layer_parallel.v:61$1863 into $flatten\layer1.$add$tcn_8ch_layer_parallel.v:61$1927.
  merging $macc model for $flatten\layer1.$add$tcn_8ch_layer_parallel.v:57$1861 into $flatten\layer1.$add$tcn_8ch_layer_parallel.v:61$1927.
  merging $macc model for $flatten\layer1.$add$tcn_8ch_layer_parallel.v:61$1859 into $flatten\layer1.$add$tcn_8ch_layer_parallel.v:61$1927.
  merging $macc model for $flatten\layer1.$add$tcn_8ch_layer_parallel.v:61$1857 into $flatten\layer1.$add$tcn_8ch_layer_parallel.v:61$1927.
  merging $macc model for $flatten\layer1.$add$tcn_8ch_layer_parallel.v:61$1855 into $flatten\layer1.$add$tcn_8ch_layer_parallel.v:61$1927.
  merging $macc model for $flatten\layer1.$mul$tcn_8ch_layer_parallel.v:58$1850 into $flatten\layer1.$add$tcn_8ch_layer_parallel.v:61$1927.
  merging $macc model for $flatten\layer1.$mul$tcn_8ch_layer_parallel.v:62$1926 into $flatten\layer1.$add$tcn_8ch_layer_parallel.v:61$1927.
  merging $macc model for $flatten\layer1.$mul$tcn_8ch_layer_parallel.v:62$1924 into $flatten\layer1.$add$tcn_8ch_layer_parallel.v:61$1927.
  merging $macc model for $flatten\layer1.$mul$tcn_8ch_layer_parallel.v:62$1902 into $flatten\layer1.$add$tcn_8ch_layer_parallel.v:61$1927.
  merging $macc model for $flatten\layer1.$mul$tcn_8ch_layer_parallel.v:58$1900 into $flatten\layer1.$add$tcn_8ch_layer_parallel.v:61$1927.
  merging $macc model for $flatten\layer1.$mul$tcn_8ch_layer_parallel.v:62$1898 into $flatten\layer1.$add$tcn_8ch_layer_parallel.v:61$1927.
  merging $macc model for $flatten\layer1.$mul$tcn_8ch_layer_parallel.v:62$1896 into $flatten\layer1.$add$tcn_8ch_layer_parallel.v:61$1927.
  merging $macc model for $flatten\layer1.$mul$tcn_8ch_layer_parallel.v:62$1874 into $flatten\layer1.$add$tcn_8ch_layer_parallel.v:61$1927.
  merging $macc model for $flatten\layer1.$mul$tcn_8ch_layer_parallel.v:62$1872 into $flatten\layer1.$add$tcn_8ch_layer_parallel.v:61$1927.
  merging $macc model for $flatten\layer1.$mul$tcn_8ch_layer_parallel.v:62$1868 into $flatten\layer1.$add$tcn_8ch_layer_parallel.v:61$1927.
  merging $macc model for $flatten\layer1.$add$tcn_8ch_layer_parallel.v:61$1847 into $flatten\layer1.$add$tcn_8ch_layer_parallel.v:61$1849.
  merging $macc model for $flatten\layer1.$add$tcn_8ch_layer_parallel.v:61$1845 into $flatten\layer1.$add$tcn_8ch_layer_parallel.v:61$1849.
  merging $macc model for $flatten\layer1.$add$tcn_8ch_layer_parallel.v:61$1843 into $flatten\layer1.$add$tcn_8ch_layer_parallel.v:61$1849.
  merging $macc model for $flatten\layer1.$add$tcn_8ch_layer_parallel.v:57$1841 into $flatten\layer1.$add$tcn_8ch_layer_parallel.v:61$1849.
  merging $macc model for $flatten\layer1.$add$tcn_8ch_layer_parallel.v:61$1839 into $flatten\layer1.$add$tcn_8ch_layer_parallel.v:61$1849.
  merging $macc model for $flatten\layer1.$add$tcn_8ch_layer_parallel.v:61$1837 into $flatten\layer1.$add$tcn_8ch_layer_parallel.v:61$1849.
  merging $macc model for $flatten\layer1.$add$tcn_8ch_layer_parallel.v:61$1835 into $flatten\layer1.$add$tcn_8ch_layer_parallel.v:61$1849.
  merging $macc model for $flatten\layer1.$add$tcn_8ch_layer_parallel.v:61$1833 into $flatten\layer1.$add$tcn_8ch_layer_parallel.v:61$1849.
  merging $macc model for $flatten\layer1.$add$tcn_8ch_layer_parallel.v:61$1829 into $flatten\layer1.$add$tcn_8ch_layer_parallel.v:61$1849.
  merging $macc model for $flatten\layer1.$add$tcn_8ch_layer_parallel.v:61$1825 into $flatten\layer1.$add$tcn_8ch_layer_parallel.v:61$1849.
  merging $macc model for $flatten\layer1.$add$tcn_8ch_layer_parallel.v:61$1823 into $flatten\layer1.$add$tcn_8ch_layer_parallel.v:61$1849.
  merging $macc model for $flatten\layer1.$add$tcn_8ch_layer_parallel.v:57$1821 into $flatten\layer1.$add$tcn_8ch_layer_parallel.v:61$1849.
  merging $macc model for $flatten\layer1.$add$tcn_8ch_layer_parallel.v:61$1819 into $flatten\layer1.$add$tcn_8ch_layer_parallel.v:61$1849.
  merging $macc model for $flatten\layer1.$add$tcn_8ch_layer_parallel.v:61$1817 into $flatten\layer1.$add$tcn_8ch_layer_parallel.v:61$1849.
  merging $macc model for $flatten\layer1.$add$tcn_8ch_layer_parallel.v:61$1815 into $flatten\layer1.$add$tcn_8ch_layer_parallel.v:61$1849.
  merging $macc model for $flatten\layer1.$add$tcn_8ch_layer_parallel.v:61$1813 into $flatten\layer1.$add$tcn_8ch_layer_parallel.v:61$1849.
  merging $macc model for $flatten\layer1.$add$tcn_8ch_layer_parallel.v:57$1811 into $flatten\layer1.$add$tcn_8ch_layer_parallel.v:61$1849.
  merging $macc model for $flatten\layer1.$add$tcn_8ch_layer_parallel.v:61$1809 into $flatten\layer1.$add$tcn_8ch_layer_parallel.v:61$1849.
  merging $macc model for $flatten\layer1.$add$tcn_8ch_layer_parallel.v:61$1807 into $flatten\layer1.$add$tcn_8ch_layer_parallel.v:61$1849.
  merging $macc model for $flatten\layer1.$add$tcn_8ch_layer_parallel.v:61$1805 into $flatten\layer1.$add$tcn_8ch_layer_parallel.v:61$1849.
  merging $macc model for $flatten\layer1.$add$tcn_8ch_layer_parallel.v:57$1801 into $flatten\layer1.$add$tcn_8ch_layer_parallel.v:61$1849.
  merging $macc model for $flatten\layer1.$add$tcn_8ch_layer_parallel.v:61$1797 into $flatten\layer1.$add$tcn_8ch_layer_parallel.v:61$1849.
  merging $macc model for $flatten\layer1.$add$tcn_8ch_layer_parallel.v:61$1795 into $flatten\layer1.$add$tcn_8ch_layer_parallel.v:61$1849.
  merging $macc model for $flatten\layer1.$add$tcn_8ch_layer_parallel.v:61$1793 into $flatten\layer1.$add$tcn_8ch_layer_parallel.v:61$1849.
  merging $macc model for $flatten\layer1.$add$tcn_8ch_layer_parallel.v:57$1791 into $flatten\layer1.$add$tcn_8ch_layer_parallel.v:61$1849.
  merging $macc model for $flatten\layer1.$add$tcn_8ch_layer_parallel.v:61$1789 into $flatten\layer1.$add$tcn_8ch_layer_parallel.v:61$1849.
  merging $macc model for $flatten\layer1.$add$tcn_8ch_layer_parallel.v:61$1787 into $flatten\layer1.$add$tcn_8ch_layer_parallel.v:61$1849.
  merging $macc model for $flatten\layer1.$add$tcn_8ch_layer_parallel.v:61$1785 into $flatten\layer1.$add$tcn_8ch_layer_parallel.v:61$1849.
  merging $macc model for $flatten\layer1.$add$tcn_8ch_layer_parallel.v:61$1783 into $flatten\layer1.$add$tcn_8ch_layer_parallel.v:61$1849.
  merging $macc model for $flatten\layer1.$add$tcn_8ch_layer_parallel.v:57$1781 into $flatten\layer1.$add$tcn_8ch_layer_parallel.v:61$1849.
  merging $macc model for $flatten\layer1.$add$tcn_8ch_layer_parallel.v:61$1779 into $flatten\layer1.$add$tcn_8ch_layer_parallel.v:61$1849.
  merging $macc model for $flatten\layer1.$add$tcn_8ch_layer_parallel.v:61$1777 into $flatten\layer1.$add$tcn_8ch_layer_parallel.v:61$1849.
  merging $macc model for $flatten\layer1.$add$tcn_8ch_layer_parallel.v:61$1773 into $flatten\layer1.$add$tcn_8ch_layer_parallel.v:61$1849.
  merging $macc model for $flatten\layer1.$mul$tcn_8ch_layer_parallel.v:58$1770 into $flatten\layer1.$add$tcn_8ch_layer_parallel.v:61$1849.
  merging $macc model for $flatten\layer1.$mul$tcn_8ch_layer_parallel.v:62$1848 into $flatten\layer1.$add$tcn_8ch_layer_parallel.v:61$1849.
  merging $macc model for $flatten\layer1.$mul$tcn_8ch_layer_parallel.v:62$1846 into $flatten\layer1.$add$tcn_8ch_layer_parallel.v:61$1849.
  merging $macc model for $flatten\layer1.$mul$tcn_8ch_layer_parallel.v:62$1824 into $flatten\layer1.$add$tcn_8ch_layer_parallel.v:61$1849.
  merging $macc model for $flatten\layer1.$mul$tcn_8ch_layer_parallel.v:62$1822 into $flatten\layer1.$add$tcn_8ch_layer_parallel.v:61$1849.
  merging $macc model for $flatten\layer1.$mul$tcn_8ch_layer_parallel.v:62$1818 into $flatten\layer1.$add$tcn_8ch_layer_parallel.v:61$1849.
  merging $macc model for $flatten\layer1.$mul$tcn_8ch_layer_parallel.v:58$1800 into $flatten\layer1.$add$tcn_8ch_layer_parallel.v:61$1849.
  merging $macc model for $flatten\layer1.$mul$tcn_8ch_layer_parallel.v:62$1796 into $flatten\layer1.$add$tcn_8ch_layer_parallel.v:61$1849.
  merging $macc model for $flatten\layer1.$mul$tcn_8ch_layer_parallel.v:62$1794 into $flatten\layer1.$add$tcn_8ch_layer_parallel.v:61$1849.
  merging $macc model for $flatten\layer1.$mul$tcn_8ch_layer_parallel.v:62$1772 into $flatten\layer1.$add$tcn_8ch_layer_parallel.v:61$1849.
  merging $macc model for $flatten\layer1.$add$tcn_8ch_layer_parallel.v:61$1767 into $flatten\layer1.$add$tcn_8ch_layer_parallel.v:61$1769.
  merging $macc model for $flatten\layer1.$add$tcn_8ch_layer_parallel.v:61$1765 into $flatten\layer1.$add$tcn_8ch_layer_parallel.v:61$1769.
  merging $macc model for $flatten\layer1.$add$tcn_8ch_layer_parallel.v:61$1763 into $flatten\layer1.$add$tcn_8ch_layer_parallel.v:61$1769.
  merging $macc model for $flatten\layer1.$add$tcn_8ch_layer_parallel.v:57$1761 into $flatten\layer1.$add$tcn_8ch_layer_parallel.v:61$1769.
  merging $macc model for $flatten\layer1.$add$tcn_8ch_layer_parallel.v:61$1759 into $flatten\layer1.$add$tcn_8ch_layer_parallel.v:61$1769.
  merging $macc model for $flatten\layer1.$add$tcn_8ch_layer_parallel.v:61$1757 into $flatten\layer1.$add$tcn_8ch_layer_parallel.v:61$1769.
  merging $macc model for $flatten\layer1.$add$tcn_8ch_layer_parallel.v:61$1755 into $flatten\layer1.$add$tcn_8ch_layer_parallel.v:61$1769.
  merging $macc model for $flatten\layer1.$add$tcn_8ch_layer_parallel.v:57$1751 into $flatten\layer1.$add$tcn_8ch_layer_parallel.v:61$1769.
  merging $macc model for $flatten\layer1.$add$tcn_8ch_layer_parallel.v:61$1747 into $flatten\layer1.$add$tcn_8ch_layer_parallel.v:61$1769.
  merging $macc model for $flatten\layer1.$add$tcn_8ch_layer_parallel.v:61$1745 into $flatten\layer1.$add$tcn_8ch_layer_parallel.v:61$1769.
  merging $macc model for $flatten\layer1.$add$tcn_8ch_layer_parallel.v:61$1743 into $flatten\layer1.$add$tcn_8ch_layer_parallel.v:61$1769.
  merging $macc model for $flatten\layer1.$add$tcn_8ch_layer_parallel.v:57$1741 into $flatten\layer1.$add$tcn_8ch_layer_parallel.v:61$1769.
  merging $macc model for $flatten\layer1.$add$tcn_8ch_layer_parallel.v:61$1739 into $flatten\layer1.$add$tcn_8ch_layer_parallel.v:61$1769.
  merging $macc model for $flatten\layer1.$add$tcn_8ch_layer_parallel.v:61$1737 into $flatten\layer1.$add$tcn_8ch_layer_parallel.v:61$1769.
  merging $macc model for $flatten\layer1.$add$tcn_8ch_layer_parallel.v:61$1735 into $flatten\layer1.$add$tcn_8ch_layer_parallel.v:61$1769.
  merging $macc model for $flatten\layer1.$add$tcn_8ch_layer_parallel.v:61$1733 into $flatten\layer1.$add$tcn_8ch_layer_parallel.v:61$1769.
  merging $macc model for $flatten\layer1.$add$tcn_8ch_layer_parallel.v:57$1731 into $flatten\layer1.$add$tcn_8ch_layer_parallel.v:61$1769.
  merging $macc model for $flatten\layer1.$add$tcn_8ch_layer_parallel.v:61$1729 into $flatten\layer1.$add$tcn_8ch_layer_parallel.v:61$1769.
  merging $macc model for $flatten\layer1.$add$tcn_8ch_layer_parallel.v:61$1727 into $flatten\layer1.$add$tcn_8ch_layer_parallel.v:61$1769.
  merging $macc model for $flatten\layer1.$add$tcn_8ch_layer_parallel.v:61$1723 into $flatten\layer1.$add$tcn_8ch_layer_parallel.v:61$1769.
  merging $macc model for $flatten\layer1.$add$tcn_8ch_layer_parallel.v:57$1721 into $flatten\layer1.$add$tcn_8ch_layer_parallel.v:61$1769.
  merging $macc model for $flatten\layer1.$add$tcn_8ch_layer_parallel.v:61$1719 into $flatten\layer1.$add$tcn_8ch_layer_parallel.v:61$1769.
  merging $macc model for $flatten\layer1.$add$tcn_8ch_layer_parallel.v:61$1717 into $flatten\layer1.$add$tcn_8ch_layer_parallel.v:61$1769.
  merging $macc model for $flatten\layer1.$add$tcn_8ch_layer_parallel.v:61$1715 into $flatten\layer1.$add$tcn_8ch_layer_parallel.v:61$1769.
  merging $macc model for $flatten\layer1.$add$tcn_8ch_layer_parallel.v:61$1713 into $flatten\layer1.$add$tcn_8ch_layer_parallel.v:61$1769.
  merging $macc model for $flatten\layer1.$add$tcn_8ch_layer_parallel.v:57$1711 into $flatten\layer1.$add$tcn_8ch_layer_parallel.v:61$1769.
  merging $macc model for $flatten\layer1.$add$tcn_8ch_layer_parallel.v:61$1709 into $flatten\layer1.$add$tcn_8ch_layer_parallel.v:61$1769.
  merging $macc model for $flatten\layer1.$add$tcn_8ch_layer_parallel.v:61$1707 into $flatten\layer1.$add$tcn_8ch_layer_parallel.v:61$1769.
  merging $macc model for $flatten\layer1.$add$tcn_8ch_layer_parallel.v:61$1705 into $flatten\layer1.$add$tcn_8ch_layer_parallel.v:61$1769.
  merging $macc model for $flatten\layer1.$add$tcn_8ch_layer_parallel.v:61$1703 into $flatten\layer1.$add$tcn_8ch_layer_parallel.v:61$1769.
  merging $macc model for $flatten\layer1.$add$tcn_8ch_layer_parallel.v:61$1699 into $flatten\layer1.$add$tcn_8ch_layer_parallel.v:61$1769.
  merging $macc model for $flatten\layer1.$add$tcn_8ch_layer_parallel.v:61$1695 into $flatten\layer1.$add$tcn_8ch_layer_parallel.v:61$1769.
  merging $macc model for $flatten\layer1.$add$tcn_8ch_layer_parallel.v:61$1693 into $flatten\layer1.$add$tcn_8ch_layer_parallel.v:61$1769.
  merging $macc model for $flatten\layer1.$mul$tcn_8ch_layer_parallel.v:62$1768 into $flatten\layer1.$add$tcn_8ch_layer_parallel.v:61$1769.
  merging $macc model for $flatten\layer1.$mul$tcn_8ch_layer_parallel.v:58$1750 into $flatten\layer1.$add$tcn_8ch_layer_parallel.v:61$1769.
  merging $macc model for $flatten\layer1.$mul$tcn_8ch_layer_parallel.v:62$1746 into $flatten\layer1.$add$tcn_8ch_layer_parallel.v:61$1769.
  merging $macc model for $flatten\layer1.$mul$tcn_8ch_layer_parallel.v:62$1744 into $flatten\layer1.$add$tcn_8ch_layer_parallel.v:61$1769.
  merging $macc model for $flatten\layer1.$mul$tcn_8ch_layer_parallel.v:62$1722 into $flatten\layer1.$add$tcn_8ch_layer_parallel.v:61$1769.
  merging $macc model for $flatten\layer1.$mul$tcn_8ch_layer_parallel.v:58$1720 into $flatten\layer1.$add$tcn_8ch_layer_parallel.v:61$1769.
  merging $macc model for $flatten\layer1.$mul$tcn_8ch_layer_parallel.v:62$1718 into $flatten\layer1.$add$tcn_8ch_layer_parallel.v:61$1769.
  merging $macc model for $flatten\layer1.$mul$tcn_8ch_layer_parallel.v:62$1716 into $flatten\layer1.$add$tcn_8ch_layer_parallel.v:61$1769.
  merging $macc model for $flatten\layer1.$mul$tcn_8ch_layer_parallel.v:62$1694 into $flatten\layer1.$add$tcn_8ch_layer_parallel.v:61$1769.
  merging $macc model for $flatten\layer1.$mul$tcn_8ch_layer_parallel.v:62$1692 into $flatten\layer1.$add$tcn_8ch_layer_parallel.v:61$1769.
  merging $macc model for $flatten\layer0.$add$tcn_8ch_layer_parallel.v:61$3307 into $flatten\layer0.$add$tcn_8ch_layer_parallel.v:61$3309.
  merging $macc model for $flatten\layer0.$add$tcn_8ch_layer_parallel.v:61$3305 into $flatten\layer0.$add$tcn_8ch_layer_parallel.v:61$3309.
  merging $macc model for $flatten\layer0.$add$tcn_8ch_layer_parallel.v:61$3303 into $flatten\layer0.$add$tcn_8ch_layer_parallel.v:61$3309.
  merging $macc model for $flatten\layer0.$add$tcn_8ch_layer_parallel.v:57$3301 into $flatten\layer0.$add$tcn_8ch_layer_parallel.v:61$3309.
  merging $macc model for $flatten\layer0.$add$tcn_8ch_layer_parallel.v:61$3299 into $flatten\layer0.$add$tcn_8ch_layer_parallel.v:61$3309.
  merging $macc model for $flatten\layer0.$add$tcn_8ch_layer_parallel.v:61$3297 into $flatten\layer0.$add$tcn_8ch_layer_parallel.v:61$3309.
  merging $macc model for $flatten\layer0.$add$tcn_8ch_layer_parallel.v:61$3293 into $flatten\layer0.$add$tcn_8ch_layer_parallel.v:61$3309.
  merging $macc model for $flatten\layer0.$add$tcn_8ch_layer_parallel.v:57$3291 into $flatten\layer0.$add$tcn_8ch_layer_parallel.v:61$3309.
  merging $macc model for $flatten\layer0.$add$tcn_8ch_layer_parallel.v:61$3289 into $flatten\layer0.$add$tcn_8ch_layer_parallel.v:61$3309.
  merging $macc model for $flatten\layer0.$add$tcn_8ch_layer_parallel.v:61$3287 into $flatten\layer0.$add$tcn_8ch_layer_parallel.v:61$3309.
  merging $macc model for $flatten\layer0.$add$tcn_8ch_layer_parallel.v:61$3285 into $flatten\layer0.$add$tcn_8ch_layer_parallel.v:61$3309.
  merging $macc model for $flatten\layer0.$add$tcn_8ch_layer_parallel.v:61$3283 into $flatten\layer0.$add$tcn_8ch_layer_parallel.v:61$3309.
  merging $macc model for $flatten\layer0.$add$tcn_8ch_layer_parallel.v:57$3281 into $flatten\layer0.$add$tcn_8ch_layer_parallel.v:61$3309.
  merging $macc model for $flatten\layer0.$add$tcn_8ch_layer_parallel.v:61$3279 into $flatten\layer0.$add$tcn_8ch_layer_parallel.v:61$3309.
  merging $macc model for $flatten\layer0.$add$tcn_8ch_layer_parallel.v:61$3277 into $flatten\layer0.$add$tcn_8ch_layer_parallel.v:61$3309.
  merging $macc model for $flatten\layer0.$add$tcn_8ch_layer_parallel.v:61$3275 into $flatten\layer0.$add$tcn_8ch_layer_parallel.v:61$3309.
  merging $macc model for $flatten\layer0.$add$tcn_8ch_layer_parallel.v:61$3273 into $flatten\layer0.$add$tcn_8ch_layer_parallel.v:61$3309.
  merging $macc model for $flatten\layer0.$add$tcn_8ch_layer_parallel.v:61$3269 into $flatten\layer0.$add$tcn_8ch_layer_parallel.v:61$3309.
  merging $macc model for $flatten\layer0.$add$tcn_8ch_layer_parallel.v:61$3265 into $flatten\layer0.$add$tcn_8ch_layer_parallel.v:61$3309.
  merging $macc model for $flatten\layer0.$add$tcn_8ch_layer_parallel.v:61$3263 into $flatten\layer0.$add$tcn_8ch_layer_parallel.v:61$3309.
  merging $macc model for $flatten\layer0.$add$tcn_8ch_layer_parallel.v:57$3261 into $flatten\layer0.$add$tcn_8ch_layer_parallel.v:61$3309.
  merging $macc model for $flatten\layer0.$add$tcn_8ch_layer_parallel.v:61$3259 into $flatten\layer0.$add$tcn_8ch_layer_parallel.v:61$3309.
  merging $macc model for $flatten\layer0.$add$tcn_8ch_layer_parallel.v:61$3257 into $flatten\layer0.$add$tcn_8ch_layer_parallel.v:61$3309.
  merging $macc model for $flatten\layer0.$add$tcn_8ch_layer_parallel.v:61$3255 into $flatten\layer0.$add$tcn_8ch_layer_parallel.v:61$3309.
  merging $macc model for $flatten\layer0.$add$tcn_8ch_layer_parallel.v:61$3253 into $flatten\layer0.$add$tcn_8ch_layer_parallel.v:61$3309.
  merging $macc model for $flatten\layer0.$add$tcn_8ch_layer_parallel.v:57$3251 into $flatten\layer0.$add$tcn_8ch_layer_parallel.v:61$3309.
  merging $macc model for $flatten\layer0.$add$tcn_8ch_layer_parallel.v:61$3249 into $flatten\layer0.$add$tcn_8ch_layer_parallel.v:61$3309.
  merging $macc model for $flatten\layer0.$add$tcn_8ch_layer_parallel.v:61$3247 into $flatten\layer0.$add$tcn_8ch_layer_parallel.v:61$3309.
  merging $macc model for $flatten\layer0.$add$tcn_8ch_layer_parallel.v:61$3245 into $flatten\layer0.$add$tcn_8ch_layer_parallel.v:61$3309.
  merging $macc model for $flatten\layer0.$add$tcn_8ch_layer_parallel.v:57$3241 into $flatten\layer0.$add$tcn_8ch_layer_parallel.v:61$3309.
  merging $macc model for $flatten\layer0.$add$tcn_8ch_layer_parallel.v:61$3237 into $flatten\layer0.$add$tcn_8ch_layer_parallel.v:61$3309.
  merging $macc model for $flatten\layer0.$add$tcn_8ch_layer_parallel.v:61$3235 into $flatten\layer0.$add$tcn_8ch_layer_parallel.v:61$3309.
  merging $macc model for $flatten\layer0.$add$tcn_8ch_layer_parallel.v:61$3233 into $flatten\layer0.$add$tcn_8ch_layer_parallel.v:61$3309.
  merging $macc model for $flatten\layer0.$mul$tcn_8ch_layer_parallel.v:62$3292 into $flatten\layer0.$add$tcn_8ch_layer_parallel.v:61$3309.
  merging $macc model for $flatten\layer0.$mul$tcn_8ch_layer_parallel.v:58$3290 into $flatten\layer0.$add$tcn_8ch_layer_parallel.v:61$3309.
  merging $macc model for $flatten\layer0.$mul$tcn_8ch_layer_parallel.v:62$3288 into $flatten\layer0.$add$tcn_8ch_layer_parallel.v:61$3309.
  merging $macc model for $flatten\layer0.$mul$tcn_8ch_layer_parallel.v:62$3286 into $flatten\layer0.$add$tcn_8ch_layer_parallel.v:61$3309.
  merging $macc model for $flatten\layer0.$mul$tcn_8ch_layer_parallel.v:62$3264 into $flatten\layer0.$add$tcn_8ch_layer_parallel.v:61$3309.
  merging $macc model for $flatten\layer0.$mul$tcn_8ch_layer_parallel.v:62$3262 into $flatten\layer0.$add$tcn_8ch_layer_parallel.v:61$3309.
  merging $macc model for $flatten\layer0.$mul$tcn_8ch_layer_parallel.v:62$3258 into $flatten\layer0.$add$tcn_8ch_layer_parallel.v:61$3309.
  merging $macc model for $flatten\layer0.$mul$tcn_8ch_layer_parallel.v:58$3240 into $flatten\layer0.$add$tcn_8ch_layer_parallel.v:61$3309.
  merging $macc model for $flatten\layer0.$mul$tcn_8ch_layer_parallel.v:62$3236 into $flatten\layer0.$add$tcn_8ch_layer_parallel.v:61$3309.
  merging $macc model for $flatten\layer0.$mul$tcn_8ch_layer_parallel.v:62$3234 into $flatten\layer0.$add$tcn_8ch_layer_parallel.v:61$3309.
  merging $macc model for $flatten\layer0.$add$tcn_8ch_layer_parallel.v:61$3227 into $flatten\layer0.$add$tcn_8ch_layer_parallel.v:61$3229.
  merging $macc model for $flatten\layer0.$add$tcn_8ch_layer_parallel.v:61$3225 into $flatten\layer0.$add$tcn_8ch_layer_parallel.v:61$3229.
  merging $macc model for $flatten\layer0.$add$tcn_8ch_layer_parallel.v:61$3223 into $flatten\layer0.$add$tcn_8ch_layer_parallel.v:61$3229.
  merging $macc model for $flatten\layer0.$add$tcn_8ch_layer_parallel.v:61$3219 into $flatten\layer0.$add$tcn_8ch_layer_parallel.v:61$3229.
  merging $macc model for $flatten\layer0.$add$tcn_8ch_layer_parallel.v:61$3215 into $flatten\layer0.$add$tcn_8ch_layer_parallel.v:61$3229.
  merging $macc model for $flatten\layer0.$add$tcn_8ch_layer_parallel.v:61$3213 into $flatten\layer0.$add$tcn_8ch_layer_parallel.v:61$3229.
  merging $macc model for $flatten\layer0.$add$tcn_8ch_layer_parallel.v:57$3211 into $flatten\layer0.$add$tcn_8ch_layer_parallel.v:61$3229.
  merging $macc model for $flatten\layer0.$add$tcn_8ch_layer_parallel.v:61$3209 into $flatten\layer0.$add$tcn_8ch_layer_parallel.v:61$3229.
  merging $macc model for $flatten\layer0.$add$tcn_8ch_layer_parallel.v:61$3207 into $flatten\layer0.$add$tcn_8ch_layer_parallel.v:61$3229.
  merging $macc model for $flatten\layer0.$add$tcn_8ch_layer_parallel.v:61$3205 into $flatten\layer0.$add$tcn_8ch_layer_parallel.v:61$3229.
  merging $macc model for $flatten\layer0.$add$tcn_8ch_layer_parallel.v:61$3203 into $flatten\layer0.$add$tcn_8ch_layer_parallel.v:61$3229.
  merging $macc model for $flatten\layer0.$add$tcn_8ch_layer_parallel.v:57$3201 into $flatten\layer0.$add$tcn_8ch_layer_parallel.v:61$3229.
  merging $macc model for $flatten\layer0.$add$tcn_8ch_layer_parallel.v:61$3199 into $flatten\layer0.$add$tcn_8ch_layer_parallel.v:61$3229.
  merging $macc model for $flatten\layer0.$add$tcn_8ch_layer_parallel.v:61$3197 into $flatten\layer0.$add$tcn_8ch_layer_parallel.v:61$3229.
  merging $macc model for $flatten\layer0.$add$tcn_8ch_layer_parallel.v:61$3195 into $flatten\layer0.$add$tcn_8ch_layer_parallel.v:61$3229.
  merging $macc model for $flatten\layer0.$add$tcn_8ch_layer_parallel.v:57$3191 into $flatten\layer0.$add$tcn_8ch_layer_parallel.v:61$3229.
  merging $macc model for $flatten\layer0.$add$tcn_8ch_layer_parallel.v:61$3187 into $flatten\layer0.$add$tcn_8ch_layer_parallel.v:61$3229.
  merging $macc model for $flatten\layer0.$add$tcn_8ch_layer_parallel.v:61$3185 into $flatten\layer0.$add$tcn_8ch_layer_parallel.v:61$3229.
  merging $macc model for $flatten\layer0.$add$tcn_8ch_layer_parallel.v:61$3183 into $flatten\layer0.$add$tcn_8ch_layer_parallel.v:61$3229.
  merging $macc model for $flatten\layer0.$add$tcn_8ch_layer_parallel.v:57$3181 into $flatten\layer0.$add$tcn_8ch_layer_parallel.v:61$3229.
  merging $macc model for $flatten\layer0.$add$tcn_8ch_layer_parallel.v:61$3179 into $flatten\layer0.$add$tcn_8ch_layer_parallel.v:61$3229.
  merging $macc model for $flatten\layer0.$add$tcn_8ch_layer_parallel.v:61$3177 into $flatten\layer0.$add$tcn_8ch_layer_parallel.v:61$3229.
  merging $macc model for $flatten\layer0.$add$tcn_8ch_layer_parallel.v:61$3175 into $flatten\layer0.$add$tcn_8ch_layer_parallel.v:61$3229.
  merging $macc model for $flatten\layer0.$add$tcn_8ch_layer_parallel.v:61$3173 into $flatten\layer0.$add$tcn_8ch_layer_parallel.v:61$3229.
  merging $macc model for $flatten\layer0.$add$tcn_8ch_layer_parallel.v:57$3171 into $flatten\layer0.$add$tcn_8ch_layer_parallel.v:61$3229.
  merging $macc model for $flatten\layer0.$add$tcn_8ch_layer_parallel.v:61$3169 into $flatten\layer0.$add$tcn_8ch_layer_parallel.v:61$3229.
  merging $macc model for $flatten\layer0.$add$tcn_8ch_layer_parallel.v:61$3167 into $flatten\layer0.$add$tcn_8ch_layer_parallel.v:61$3229.
  merging $macc model for $flatten\layer0.$add$tcn_8ch_layer_parallel.v:61$3163 into $flatten\layer0.$add$tcn_8ch_layer_parallel.v:61$3229.
  merging $macc model for $flatten\layer0.$add$tcn_8ch_layer_parallel.v:57$3161 into $flatten\layer0.$add$tcn_8ch_layer_parallel.v:61$3229.
  merging $macc model for $flatten\layer0.$add$tcn_8ch_layer_parallel.v:61$3159 into $flatten\layer0.$add$tcn_8ch_layer_parallel.v:61$3229.
  merging $macc model for $flatten\layer0.$add$tcn_8ch_layer_parallel.v:61$3157 into $flatten\layer0.$add$tcn_8ch_layer_parallel.v:61$3229.
  merging $macc model for $flatten\layer0.$add$tcn_8ch_layer_parallel.v:61$3155 into $flatten\layer0.$add$tcn_8ch_layer_parallel.v:61$3229.
  merging $macc model for $flatten\layer0.$add$tcn_8ch_layer_parallel.v:61$3153 into $flatten\layer0.$add$tcn_8ch_layer_parallel.v:61$3229.
  merging $macc model for $flatten\layer0.$mul$tcn_8ch_layer_parallel.v:62$3214 into $flatten\layer0.$add$tcn_8ch_layer_parallel.v:61$3229.
  merging $macc model for $flatten\layer0.$mul$tcn_8ch_layer_parallel.v:62$3212 into $flatten\layer0.$add$tcn_8ch_layer_parallel.v:61$3229.
  merging $macc model for $flatten\layer0.$mul$tcn_8ch_layer_parallel.v:62$3208 into $flatten\layer0.$add$tcn_8ch_layer_parallel.v:61$3229.
  merging $macc model for $flatten\layer0.$mul$tcn_8ch_layer_parallel.v:58$3190 into $flatten\layer0.$add$tcn_8ch_layer_parallel.v:61$3229.
  merging $macc model for $flatten\layer0.$mul$tcn_8ch_layer_parallel.v:62$3186 into $flatten\layer0.$add$tcn_8ch_layer_parallel.v:61$3229.
  merging $macc model for $flatten\layer0.$mul$tcn_8ch_layer_parallel.v:62$3184 into $flatten\layer0.$add$tcn_8ch_layer_parallel.v:61$3229.
  merging $macc model for $flatten\layer0.$mul$tcn_8ch_layer_parallel.v:62$3162 into $flatten\layer0.$add$tcn_8ch_layer_parallel.v:61$3229.
  merging $macc model for $flatten\layer0.$mul$tcn_8ch_layer_parallel.v:58$3160 into $flatten\layer0.$add$tcn_8ch_layer_parallel.v:61$3229.
  merging $macc model for $flatten\layer0.$mul$tcn_8ch_layer_parallel.v:62$3158 into $flatten\layer0.$add$tcn_8ch_layer_parallel.v:61$3229.
  merging $macc model for $flatten\layer0.$mul$tcn_8ch_layer_parallel.v:62$3156 into $flatten\layer0.$add$tcn_8ch_layer_parallel.v:61$3229.
  merging $macc model for $flatten\layer0.$add$tcn_8ch_layer_parallel.v:61$3147 into $flatten\layer0.$add$tcn_8ch_layer_parallel.v:61$3149.
  merging $macc model for $flatten\layer0.$add$tcn_8ch_layer_parallel.v:61$3145 into $flatten\layer0.$add$tcn_8ch_layer_parallel.v:61$3149.
  merging $macc model for $flatten\layer0.$add$tcn_8ch_layer_parallel.v:57$3141 into $flatten\layer0.$add$tcn_8ch_layer_parallel.v:61$3149.
  merging $macc model for $flatten\layer0.$add$tcn_8ch_layer_parallel.v:61$3137 into $flatten\layer0.$add$tcn_8ch_layer_parallel.v:61$3149.
  merging $macc model for $flatten\layer0.$add$tcn_8ch_layer_parallel.v:61$3135 into $flatten\layer0.$add$tcn_8ch_layer_parallel.v:61$3149.
  merging $macc model for $flatten\layer0.$add$tcn_8ch_layer_parallel.v:61$3133 into $flatten\layer0.$add$tcn_8ch_layer_parallel.v:61$3149.
  merging $macc model for $flatten\layer0.$add$tcn_8ch_layer_parallel.v:57$3131 into $flatten\layer0.$add$tcn_8ch_layer_parallel.v:61$3149.
  merging $macc model for $flatten\layer0.$add$tcn_8ch_layer_parallel.v:61$3129 into $flatten\layer0.$add$tcn_8ch_layer_parallel.v:61$3149.
  merging $macc model for $flatten\layer0.$add$tcn_8ch_layer_parallel.v:61$3127 into $flatten\layer0.$add$tcn_8ch_layer_parallel.v:61$3149.
  merging $macc model for $flatten\layer0.$add$tcn_8ch_layer_parallel.v:61$3125 into $flatten\layer0.$add$tcn_8ch_layer_parallel.v:61$3149.
  merging $macc model for $flatten\layer0.$add$tcn_8ch_layer_parallel.v:61$3123 into $flatten\layer0.$add$tcn_8ch_layer_parallel.v:61$3149.
  merging $macc model for $flatten\layer0.$add$tcn_8ch_layer_parallel.v:57$3121 into $flatten\layer0.$add$tcn_8ch_layer_parallel.v:61$3149.
  merging $macc model for $flatten\layer0.$add$tcn_8ch_layer_parallel.v:61$3119 into $flatten\layer0.$add$tcn_8ch_layer_parallel.v:61$3149.
  merging $macc model for $flatten\layer0.$add$tcn_8ch_layer_parallel.v:61$3117 into $flatten\layer0.$add$tcn_8ch_layer_parallel.v:61$3149.
  merging $macc model for $flatten\layer0.$add$tcn_8ch_layer_parallel.v:61$3113 into $flatten\layer0.$add$tcn_8ch_layer_parallel.v:61$3149.
  merging $macc model for $flatten\layer0.$add$tcn_8ch_layer_parallel.v:57$3111 into $flatten\layer0.$add$tcn_8ch_layer_parallel.v:61$3149.
  merging $macc model for $flatten\layer0.$add$tcn_8ch_layer_parallel.v:61$3109 into $flatten\layer0.$add$tcn_8ch_layer_parallel.v:61$3149.
  merging $macc model for $flatten\layer0.$add$tcn_8ch_layer_parallel.v:61$3107 into $flatten\layer0.$add$tcn_8ch_layer_parallel.v:61$3149.
  merging $macc model for $flatten\layer0.$add$tcn_8ch_layer_parallel.v:61$3105 into $flatten\layer0.$add$tcn_8ch_layer_parallel.v:61$3149.
  merging $macc model for $flatten\layer0.$add$tcn_8ch_layer_parallel.v:61$3103 into $flatten\layer0.$add$tcn_8ch_layer_parallel.v:61$3149.
  merging $macc model for $flatten\layer0.$add$tcn_8ch_layer_parallel.v:57$3101 into $flatten\layer0.$add$tcn_8ch_layer_parallel.v:61$3149.
  merging $macc model for $flatten\layer0.$add$tcn_8ch_layer_parallel.v:61$3099 into $flatten\layer0.$add$tcn_8ch_layer_parallel.v:61$3149.
  merging $macc model for $flatten\layer0.$add$tcn_8ch_layer_parallel.v:61$3097 into $flatten\layer0.$add$tcn_8ch_layer_parallel.v:61$3149.
  merging $macc model for $flatten\layer0.$add$tcn_8ch_layer_parallel.v:61$3095 into $flatten\layer0.$add$tcn_8ch_layer_parallel.v:61$3149.
  merging $macc model for $flatten\layer0.$add$tcn_8ch_layer_parallel.v:61$3093 into $flatten\layer0.$add$tcn_8ch_layer_parallel.v:61$3149.
  merging $macc model for $flatten\layer0.$add$tcn_8ch_layer_parallel.v:61$3089 into $flatten\layer0.$add$tcn_8ch_layer_parallel.v:61$3149.
  merging $macc model for $flatten\layer0.$add$tcn_8ch_layer_parallel.v:61$3085 into $flatten\layer0.$add$tcn_8ch_layer_parallel.v:61$3149.
  merging $macc model for $flatten\layer0.$add$tcn_8ch_layer_parallel.v:61$3083 into $flatten\layer0.$add$tcn_8ch_layer_parallel.v:61$3149.
  merging $macc model for $flatten\layer0.$add$tcn_8ch_layer_parallel.v:57$3081 into $flatten\layer0.$add$tcn_8ch_layer_parallel.v:61$3149.
  merging $macc model for $flatten\layer0.$add$tcn_8ch_layer_parallel.v:61$3079 into $flatten\layer0.$add$tcn_8ch_layer_parallel.v:61$3149.
  merging $macc model for $flatten\layer0.$add$tcn_8ch_layer_parallel.v:61$3077 into $flatten\layer0.$add$tcn_8ch_layer_parallel.v:61$3149.
  merging $macc model for $flatten\layer0.$add$tcn_8ch_layer_parallel.v:61$3075 into $flatten\layer0.$add$tcn_8ch_layer_parallel.v:61$3149.
  merging $macc model for $flatten\layer0.$add$tcn_8ch_layer_parallel.v:61$3073 into $flatten\layer0.$add$tcn_8ch_layer_parallel.v:61$3149.
  merging $macc model for $flatten\layer0.$mul$tcn_8ch_layer_parallel.v:58$3140 into $flatten\layer0.$add$tcn_8ch_layer_parallel.v:61$3149.
  merging $macc model for $flatten\layer0.$mul$tcn_8ch_layer_parallel.v:62$3136 into $flatten\layer0.$add$tcn_8ch_layer_parallel.v:61$3149.
  merging $macc model for $flatten\layer0.$mul$tcn_8ch_layer_parallel.v:62$3134 into $flatten\layer0.$add$tcn_8ch_layer_parallel.v:61$3149.
  merging $macc model for $flatten\layer0.$mul$tcn_8ch_layer_parallel.v:62$3112 into $flatten\layer0.$add$tcn_8ch_layer_parallel.v:61$3149.
  merging $macc model for $flatten\layer0.$mul$tcn_8ch_layer_parallel.v:58$3110 into $flatten\layer0.$add$tcn_8ch_layer_parallel.v:61$3149.
  merging $macc model for $flatten\layer0.$mul$tcn_8ch_layer_parallel.v:62$3108 into $flatten\layer0.$add$tcn_8ch_layer_parallel.v:61$3149.
  merging $macc model for $flatten\layer0.$mul$tcn_8ch_layer_parallel.v:62$3106 into $flatten\layer0.$add$tcn_8ch_layer_parallel.v:61$3149.
  merging $macc model for $flatten\layer0.$mul$tcn_8ch_layer_parallel.v:62$3084 into $flatten\layer0.$add$tcn_8ch_layer_parallel.v:61$3149.
  merging $macc model for $flatten\layer0.$mul$tcn_8ch_layer_parallel.v:62$3082 into $flatten\layer0.$add$tcn_8ch_layer_parallel.v:61$3149.
  merging $macc model for $flatten\layer0.$mul$tcn_8ch_layer_parallel.v:62$3078 into $flatten\layer0.$add$tcn_8ch_layer_parallel.v:61$3149.
  merging $macc model for $flatten\layer0.$add$tcn_8ch_layer_parallel.v:61$3067 into $flatten\layer0.$add$tcn_8ch_layer_parallel.v:61$3069.
  merging $macc model for $flatten\layer0.$add$tcn_8ch_layer_parallel.v:61$3063 into $flatten\layer0.$add$tcn_8ch_layer_parallel.v:61$3069.
  merging $macc model for $flatten\layer0.$add$tcn_8ch_layer_parallel.v:57$3061 into $flatten\layer0.$add$tcn_8ch_layer_parallel.v:61$3069.
  merging $macc model for $flatten\layer0.$add$tcn_8ch_layer_parallel.v:61$3059 into $flatten\layer0.$add$tcn_8ch_layer_parallel.v:61$3069.
  merging $macc model for $flatten\layer0.$add$tcn_8ch_layer_parallel.v:61$3057 into $flatten\layer0.$add$tcn_8ch_layer_parallel.v:61$3069.
  merging $macc model for $flatten\layer0.$add$tcn_8ch_layer_parallel.v:61$3055 into $flatten\layer0.$add$tcn_8ch_layer_parallel.v:61$3069.
  merging $macc model for $flatten\layer0.$add$tcn_8ch_layer_parallel.v:61$3053 into $flatten\layer0.$add$tcn_8ch_layer_parallel.v:61$3069.
  merging $macc model for $flatten\layer0.$add$tcn_8ch_layer_parallel.v:57$3051 into $flatten\layer0.$add$tcn_8ch_layer_parallel.v:61$3069.
  merging $macc model for $flatten\layer0.$add$tcn_8ch_layer_parallel.v:61$3049 into $flatten\layer0.$add$tcn_8ch_layer_parallel.v:61$3069.
  merging $macc model for $flatten\layer0.$add$tcn_8ch_layer_parallel.v:61$3047 into $flatten\layer0.$add$tcn_8ch_layer_parallel.v:61$3069.
  merging $macc model for $flatten\layer0.$add$tcn_8ch_layer_parallel.v:61$3045 into $flatten\layer0.$add$tcn_8ch_layer_parallel.v:61$3069.
  merging $macc model for $flatten\layer0.$add$tcn_8ch_layer_parallel.v:61$3043 into $flatten\layer0.$add$tcn_8ch_layer_parallel.v:61$3069.
  merging $macc model for $flatten\layer0.$add$tcn_8ch_layer_parallel.v:61$3039 into $flatten\layer0.$add$tcn_8ch_layer_parallel.v:61$3069.
  merging $macc model for $flatten\layer0.$add$tcn_8ch_layer_parallel.v:61$3035 into $flatten\layer0.$add$tcn_8ch_layer_parallel.v:61$3069.
  merging $macc model for $flatten\layer0.$add$tcn_8ch_layer_parallel.v:61$3033 into $flatten\layer0.$add$tcn_8ch_layer_parallel.v:61$3069.
  merging $macc model for $flatten\layer0.$add$tcn_8ch_layer_parallel.v:57$3031 into $flatten\layer0.$add$tcn_8ch_layer_parallel.v:61$3069.
  merging $macc model for $flatten\layer0.$add$tcn_8ch_layer_parallel.v:61$3029 into $flatten\layer0.$add$tcn_8ch_layer_parallel.v:61$3069.
  merging $macc model for $flatten\layer0.$add$tcn_8ch_layer_parallel.v:61$3027 into $flatten\layer0.$add$tcn_8ch_layer_parallel.v:61$3069.
  merging $macc model for $flatten\layer0.$add$tcn_8ch_layer_parallel.v:61$3025 into $flatten\layer0.$add$tcn_8ch_layer_parallel.v:61$3069.
  merging $macc model for $flatten\layer0.$add$tcn_8ch_layer_parallel.v:61$3023 into $flatten\layer0.$add$tcn_8ch_layer_parallel.v:61$3069.
  merging $macc model for $flatten\layer0.$add$tcn_8ch_layer_parallel.v:57$3021 into $flatten\layer0.$add$tcn_8ch_layer_parallel.v:61$3069.
  merging $macc model for $flatten\layer0.$add$tcn_8ch_layer_parallel.v:61$3019 into $flatten\layer0.$add$tcn_8ch_layer_parallel.v:61$3069.
  merging $macc model for $flatten\layer0.$add$tcn_8ch_layer_parallel.v:61$3017 into $flatten\layer0.$add$tcn_8ch_layer_parallel.v:61$3069.
  merging $macc model for $flatten\layer0.$add$tcn_8ch_layer_parallel.v:61$3015 into $flatten\layer0.$add$tcn_8ch_layer_parallel.v:61$3069.
  merging $macc model for $flatten\layer0.$add$tcn_8ch_layer_parallel.v:57$3011 into $flatten\layer0.$add$tcn_8ch_layer_parallel.v:61$3069.
  merging $macc model for $flatten\layer0.$add$tcn_8ch_layer_parallel.v:61$3007 into $flatten\layer0.$add$tcn_8ch_layer_parallel.v:61$3069.
  merging $macc model for $flatten\layer0.$add$tcn_8ch_layer_parallel.v:61$3005 into $flatten\layer0.$add$tcn_8ch_layer_parallel.v:61$3069.
  merging $macc model for $flatten\layer0.$add$tcn_8ch_layer_parallel.v:61$3003 into $flatten\layer0.$add$tcn_8ch_layer_parallel.v:61$3069.
  merging $macc model for $flatten\layer0.$add$tcn_8ch_layer_parallel.v:57$3001 into $flatten\layer0.$add$tcn_8ch_layer_parallel.v:61$3069.
  merging $macc model for $flatten\layer0.$add$tcn_8ch_layer_parallel.v:61$2999 into $flatten\layer0.$add$tcn_8ch_layer_parallel.v:61$3069.
  merging $macc model for $flatten\layer0.$add$tcn_8ch_layer_parallel.v:61$2997 into $flatten\layer0.$add$tcn_8ch_layer_parallel.v:61$3069.
  merging $macc model for $flatten\layer0.$add$tcn_8ch_layer_parallel.v:61$2995 into $flatten\layer0.$add$tcn_8ch_layer_parallel.v:61$3069.
  merging $macc model for $flatten\layer0.$add$tcn_8ch_layer_parallel.v:61$2993 into $flatten\layer0.$add$tcn_8ch_layer_parallel.v:61$3069.
  merging $macc model for $flatten\layer0.$mul$tcn_8ch_layer_parallel.v:62$3062 into $flatten\layer0.$add$tcn_8ch_layer_parallel.v:61$3069.
  merging $macc model for $flatten\layer0.$mul$tcn_8ch_layer_parallel.v:58$3060 into $flatten\layer0.$add$tcn_8ch_layer_parallel.v:61$3069.
  merging $macc model for $flatten\layer0.$mul$tcn_8ch_layer_parallel.v:62$3058 into $flatten\layer0.$add$tcn_8ch_layer_parallel.v:61$3069.
  merging $macc model for $flatten\layer0.$mul$tcn_8ch_layer_parallel.v:62$3056 into $flatten\layer0.$add$tcn_8ch_layer_parallel.v:61$3069.
  merging $macc model for $flatten\layer0.$mul$tcn_8ch_layer_parallel.v:62$3034 into $flatten\layer0.$add$tcn_8ch_layer_parallel.v:61$3069.
  merging $macc model for $flatten\layer0.$mul$tcn_8ch_layer_parallel.v:62$3032 into $flatten\layer0.$add$tcn_8ch_layer_parallel.v:61$3069.
  merging $macc model for $flatten\layer0.$mul$tcn_8ch_layer_parallel.v:62$3028 into $flatten\layer0.$add$tcn_8ch_layer_parallel.v:61$3069.
  merging $macc model for $flatten\layer0.$mul$tcn_8ch_layer_parallel.v:58$3010 into $flatten\layer0.$add$tcn_8ch_layer_parallel.v:61$3069.
  merging $macc model for $flatten\layer0.$mul$tcn_8ch_layer_parallel.v:62$3006 into $flatten\layer0.$add$tcn_8ch_layer_parallel.v:61$3069.
  merging $macc model for $flatten\layer0.$mul$tcn_8ch_layer_parallel.v:62$3004 into $flatten\layer0.$add$tcn_8ch_layer_parallel.v:61$3069.
  merging $macc model for $flatten\layer0.$add$tcn_8ch_layer_parallel.v:61$2985 into $flatten\layer0.$add$tcn_8ch_layer_parallel.v:61$2989.
  merging $macc model for $flatten\layer0.$add$tcn_8ch_layer_parallel.v:61$2983 into $flatten\layer0.$add$tcn_8ch_layer_parallel.v:61$2989.
  merging $macc model for $flatten\layer0.$add$tcn_8ch_layer_parallel.v:57$2981 into $flatten\layer0.$add$tcn_8ch_layer_parallel.v:61$2989.
  merging $macc model for $flatten\layer0.$add$tcn_8ch_layer_parallel.v:61$2979 into $flatten\layer0.$add$tcn_8ch_layer_parallel.v:61$2989.
  merging $macc model for $flatten\layer0.$add$tcn_8ch_layer_parallel.v:61$2977 into $flatten\layer0.$add$tcn_8ch_layer_parallel.v:61$2989.
  merging $macc model for $flatten\layer0.$add$tcn_8ch_layer_parallel.v:61$2975 into $flatten\layer0.$add$tcn_8ch_layer_parallel.v:61$2989.
  merging $macc model for $flatten\layer0.$add$tcn_8ch_layer_parallel.v:61$2973 into $flatten\layer0.$add$tcn_8ch_layer_parallel.v:61$2989.
  merging $macc model for $flatten\layer0.$add$tcn_8ch_layer_parallel.v:57$2971 into $flatten\layer0.$add$tcn_8ch_layer_parallel.v:61$2989.
  merging $macc model for $flatten\layer0.$add$tcn_8ch_layer_parallel.v:61$2969 into $flatten\layer0.$add$tcn_8ch_layer_parallel.v:61$2989.
  merging $macc model for $flatten\layer0.$add$tcn_8ch_layer_parallel.v:61$2967 into $flatten\layer0.$add$tcn_8ch_layer_parallel.v:61$2989.
  merging $macc model for $flatten\layer0.$add$tcn_8ch_layer_parallel.v:61$2965 into $flatten\layer0.$add$tcn_8ch_layer_parallel.v:61$2989.
  merging $macc model for $flatten\layer0.$add$tcn_8ch_layer_parallel.v:57$2961 into $flatten\layer0.$add$tcn_8ch_layer_parallel.v:61$2989.
  merging $macc model for $flatten\layer0.$add$tcn_8ch_layer_parallel.v:61$2957 into $flatten\layer0.$add$tcn_8ch_layer_parallel.v:61$2989.
  merging $macc model for $flatten\layer0.$add$tcn_8ch_layer_parallel.v:61$2955 into $flatten\layer0.$add$tcn_8ch_layer_parallel.v:61$2989.
  merging $macc model for $flatten\layer0.$add$tcn_8ch_layer_parallel.v:61$2953 into $flatten\layer0.$add$tcn_8ch_layer_parallel.v:61$2989.
  merging $macc model for $flatten\layer0.$add$tcn_8ch_layer_parallel.v:57$2951 into $flatten\layer0.$add$tcn_8ch_layer_parallel.v:61$2989.
  merging $macc model for $flatten\layer0.$add$tcn_8ch_layer_parallel.v:61$2949 into $flatten\layer0.$add$tcn_8ch_layer_parallel.v:61$2989.
  merging $macc model for $flatten\layer0.$add$tcn_8ch_layer_parallel.v:61$2947 into $flatten\layer0.$add$tcn_8ch_layer_parallel.v:61$2989.
  merging $macc model for $flatten\layer0.$add$tcn_8ch_layer_parallel.v:61$2945 into $flatten\layer0.$add$tcn_8ch_layer_parallel.v:61$2989.
  merging $macc model for $flatten\layer0.$add$tcn_8ch_layer_parallel.v:61$2943 into $flatten\layer0.$add$tcn_8ch_layer_parallel.v:61$2989.
  merging $macc model for $flatten\layer0.$add$tcn_8ch_layer_parallel.v:57$2941 into $flatten\layer0.$add$tcn_8ch_layer_parallel.v:61$2989.
  merging $macc model for $flatten\layer0.$add$tcn_8ch_layer_parallel.v:61$2939 into $flatten\layer0.$add$tcn_8ch_layer_parallel.v:61$2989.
  merging $macc model for $flatten\layer0.$add$tcn_8ch_layer_parallel.v:61$2937 into $flatten\layer0.$add$tcn_8ch_layer_parallel.v:61$2989.
  merging $macc model for $flatten\layer0.$add$tcn_8ch_layer_parallel.v:61$2933 into $flatten\layer0.$add$tcn_8ch_layer_parallel.v:61$2989.
  merging $macc model for $flatten\layer0.$add$tcn_8ch_layer_parallel.v:57$2931 into $flatten\layer0.$add$tcn_8ch_layer_parallel.v:61$2989.
  merging $macc model for $flatten\layer0.$add$tcn_8ch_layer_parallel.v:61$2929 into $flatten\layer0.$add$tcn_8ch_layer_parallel.v:61$2989.
  merging $macc model for $flatten\layer0.$add$tcn_8ch_layer_parallel.v:61$2927 into $flatten\layer0.$add$tcn_8ch_layer_parallel.v:61$2989.
  merging $macc model for $flatten\layer0.$add$tcn_8ch_layer_parallel.v:61$2925 into $flatten\layer0.$add$tcn_8ch_layer_parallel.v:61$2989.
  merging $macc model for $flatten\layer0.$add$tcn_8ch_layer_parallel.v:61$2923 into $flatten\layer0.$add$tcn_8ch_layer_parallel.v:61$2989.
  merging $macc model for $flatten\layer0.$add$tcn_8ch_layer_parallel.v:57$2921 into $flatten\layer0.$add$tcn_8ch_layer_parallel.v:61$2989.
  merging $macc model for $flatten\layer0.$add$tcn_8ch_layer_parallel.v:61$2919 into $flatten\layer0.$add$tcn_8ch_layer_parallel.v:61$2989.
  merging $macc model for $flatten\layer0.$add$tcn_8ch_layer_parallel.v:61$2917 into $flatten\layer0.$add$tcn_8ch_layer_parallel.v:61$2989.
  merging $macc model for $flatten\layer0.$add$tcn_8ch_layer_parallel.v:61$2915 into $flatten\layer0.$add$tcn_8ch_layer_parallel.v:61$2989.
  merging $macc model for $flatten\layer0.$mul$tcn_8ch_layer_parallel.v:62$2984 into $flatten\layer0.$add$tcn_8ch_layer_parallel.v:61$2989.
  merging $macc model for $flatten\layer0.$mul$tcn_8ch_layer_parallel.v:62$2982 into $flatten\layer0.$add$tcn_8ch_layer_parallel.v:61$2989.
  merging $macc model for $flatten\layer0.$mul$tcn_8ch_layer_parallel.v:62$2978 into $flatten\layer0.$add$tcn_8ch_layer_parallel.v:61$2989.
  merging $macc model for $flatten\layer0.$mul$tcn_8ch_layer_parallel.v:58$2960 into $flatten\layer0.$add$tcn_8ch_layer_parallel.v:61$2989.
  merging $macc model for $flatten\layer0.$mul$tcn_8ch_layer_parallel.v:62$2956 into $flatten\layer0.$add$tcn_8ch_layer_parallel.v:61$2989.
  merging $macc model for $flatten\layer0.$mul$tcn_8ch_layer_parallel.v:62$2954 into $flatten\layer0.$add$tcn_8ch_layer_parallel.v:61$2989.
  merging $macc model for $flatten\layer0.$mul$tcn_8ch_layer_parallel.v:62$2932 into $flatten\layer0.$add$tcn_8ch_layer_parallel.v:61$2989.
  merging $macc model for $flatten\layer0.$mul$tcn_8ch_layer_parallel.v:58$2930 into $flatten\layer0.$add$tcn_8ch_layer_parallel.v:61$2989.
  merging $macc model for $flatten\layer0.$mul$tcn_8ch_layer_parallel.v:62$2928 into $flatten\layer0.$add$tcn_8ch_layer_parallel.v:61$2989.
  merging $macc model for $flatten\layer0.$mul$tcn_8ch_layer_parallel.v:62$2926 into $flatten\layer0.$add$tcn_8ch_layer_parallel.v:61$2989.
  merging $macc model for $flatten\layer0.$add$tcn_8ch_layer_parallel.v:61$2905 into $flatten\layer0.$add$tcn_8ch_layer_parallel.v:61$2907.
  merging $macc model for $flatten\layer0.$add$tcn_8ch_layer_parallel.v:61$2903 into $flatten\layer0.$add$tcn_8ch_layer_parallel.v:61$2907.
  merging $macc model for $flatten\layer0.$add$tcn_8ch_layer_parallel.v:57$2901 into $flatten\layer0.$add$tcn_8ch_layer_parallel.v:61$2907.
  merging $macc model for $flatten\layer0.$add$tcn_8ch_layer_parallel.v:61$2899 into $flatten\layer0.$add$tcn_8ch_layer_parallel.v:61$2907.
  merging $macc model for $flatten\layer0.$add$tcn_8ch_layer_parallel.v:61$2897 into $flatten\layer0.$add$tcn_8ch_layer_parallel.v:61$2907.
  merging $macc model for $flatten\layer0.$add$tcn_8ch_layer_parallel.v:61$2895 into $flatten\layer0.$add$tcn_8ch_layer_parallel.v:61$2907.
  merging $macc model for $flatten\layer0.$add$tcn_8ch_layer_parallel.v:61$2893 into $flatten\layer0.$add$tcn_8ch_layer_parallel.v:61$2907.
  merging $macc model for $flatten\layer0.$add$tcn_8ch_layer_parallel.v:57$2891 into $flatten\layer0.$add$tcn_8ch_layer_parallel.v:61$2907.
  merging $macc model for $flatten\layer0.$add$tcn_8ch_layer_parallel.v:61$2889 into $flatten\layer0.$add$tcn_8ch_layer_parallel.v:61$2907.
  merging $macc model for $flatten\layer0.$add$tcn_8ch_layer_parallel.v:61$2887 into $flatten\layer0.$add$tcn_8ch_layer_parallel.v:61$2907.
  merging $macc model for $flatten\layer0.$add$tcn_8ch_layer_parallel.v:61$2883 into $flatten\layer0.$add$tcn_8ch_layer_parallel.v:61$2907.
  merging $macc model for $flatten\layer0.$add$tcn_8ch_layer_parallel.v:57$2881 into $flatten\layer0.$add$tcn_8ch_layer_parallel.v:61$2907.
  merging $macc model for $flatten\layer0.$add$tcn_8ch_layer_parallel.v:61$2879 into $flatten\layer0.$add$tcn_8ch_layer_parallel.v:61$2907.
  merging $macc model for $flatten\layer0.$add$tcn_8ch_layer_parallel.v:61$2877 into $flatten\layer0.$add$tcn_8ch_layer_parallel.v:61$2907.
  merging $macc model for $flatten\layer0.$add$tcn_8ch_layer_parallel.v:61$2875 into $flatten\layer0.$add$tcn_8ch_layer_parallel.v:61$2907.
  merging $macc model for $flatten\layer0.$add$tcn_8ch_layer_parallel.v:61$2873 into $flatten\layer0.$add$tcn_8ch_layer_parallel.v:61$2907.
  merging $macc model for $flatten\layer0.$add$tcn_8ch_layer_parallel.v:57$2871 into $flatten\layer0.$add$tcn_8ch_layer_parallel.v:61$2907.
  merging $macc model for $flatten\layer0.$add$tcn_8ch_layer_parallel.v:61$2869 into $flatten\layer0.$add$tcn_8ch_layer_parallel.v:61$2907.
  merging $macc model for $flatten\layer0.$add$tcn_8ch_layer_parallel.v:61$2867 into $flatten\layer0.$add$tcn_8ch_layer_parallel.v:61$2907.
  merging $macc model for $flatten\layer0.$add$tcn_8ch_layer_parallel.v:61$2865 into $flatten\layer0.$add$tcn_8ch_layer_parallel.v:61$2907.
  merging $macc model for $flatten\layer0.$add$tcn_8ch_layer_parallel.v:61$2863 into $flatten\layer0.$add$tcn_8ch_layer_parallel.v:61$2907.
  merging $macc model for $flatten\layer0.$add$tcn_8ch_layer_parallel.v:61$2859 into $flatten\layer0.$add$tcn_8ch_layer_parallel.v:61$2907.
  merging $macc model for $flatten\layer0.$add$tcn_8ch_layer_parallel.v:61$2855 into $flatten\layer0.$add$tcn_8ch_layer_parallel.v:61$2907.
  merging $macc model for $flatten\layer0.$add$tcn_8ch_layer_parallel.v:61$2853 into $flatten\layer0.$add$tcn_8ch_layer_parallel.v:61$2907.
  merging $macc model for $flatten\layer0.$add$tcn_8ch_layer_parallel.v:57$2851 into $flatten\layer0.$add$tcn_8ch_layer_parallel.v:61$2907.
  merging $macc model for $flatten\layer0.$add$tcn_8ch_layer_parallel.v:61$2849 into $flatten\layer0.$add$tcn_8ch_layer_parallel.v:61$2907.
  merging $macc model for $flatten\layer0.$add$tcn_8ch_layer_parallel.v:61$2847 into $flatten\layer0.$add$tcn_8ch_layer_parallel.v:61$2907.
  merging $macc model for $flatten\layer0.$add$tcn_8ch_layer_parallel.v:61$2845 into $flatten\layer0.$add$tcn_8ch_layer_parallel.v:61$2907.
  merging $macc model for $flatten\layer0.$add$tcn_8ch_layer_parallel.v:61$2843 into $flatten\layer0.$add$tcn_8ch_layer_parallel.v:61$2907.
  merging $macc model for $flatten\layer0.$add$tcn_8ch_layer_parallel.v:57$2841 into $flatten\layer0.$add$tcn_8ch_layer_parallel.v:61$2907.
  merging $macc model for $flatten\layer0.$add$tcn_8ch_layer_parallel.v:61$2839 into $flatten\layer0.$add$tcn_8ch_layer_parallel.v:61$2907.
  merging $macc model for $flatten\layer0.$add$tcn_8ch_layer_parallel.v:61$2837 into $flatten\layer0.$add$tcn_8ch_layer_parallel.v:61$2907.
  merging $macc model for $flatten\layer0.$add$tcn_8ch_layer_parallel.v:61$2835 into $flatten\layer0.$add$tcn_8ch_layer_parallel.v:61$2907.
  merging $macc model for $flatten\layer0.$mul$tcn_8ch_layer_parallel.v:58$2830 into $flatten\layer0.$add$tcn_8ch_layer_parallel.v:61$2907.
  merging $macc model for $flatten\layer0.$mul$tcn_8ch_layer_parallel.v:62$2906 into $flatten\layer0.$add$tcn_8ch_layer_parallel.v:61$2907.
  merging $macc model for $flatten\layer0.$mul$tcn_8ch_layer_parallel.v:62$2904 into $flatten\layer0.$add$tcn_8ch_layer_parallel.v:61$2907.
  merging $macc model for $flatten\layer0.$mul$tcn_8ch_layer_parallel.v:62$2882 into $flatten\layer0.$add$tcn_8ch_layer_parallel.v:61$2907.
  merging $macc model for $flatten\layer0.$mul$tcn_8ch_layer_parallel.v:58$2880 into $flatten\layer0.$add$tcn_8ch_layer_parallel.v:61$2907.
  merging $macc model for $flatten\layer0.$mul$tcn_8ch_layer_parallel.v:62$2878 into $flatten\layer0.$add$tcn_8ch_layer_parallel.v:61$2907.
  merging $macc model for $flatten\layer0.$mul$tcn_8ch_layer_parallel.v:62$2876 into $flatten\layer0.$add$tcn_8ch_layer_parallel.v:61$2907.
  merging $macc model for $flatten\layer0.$mul$tcn_8ch_layer_parallel.v:62$2854 into $flatten\layer0.$add$tcn_8ch_layer_parallel.v:61$2907.
  merging $macc model for $flatten\layer0.$mul$tcn_8ch_layer_parallel.v:62$2852 into $flatten\layer0.$add$tcn_8ch_layer_parallel.v:61$2907.
  merging $macc model for $flatten\layer0.$mul$tcn_8ch_layer_parallel.v:62$2848 into $flatten\layer0.$add$tcn_8ch_layer_parallel.v:61$2907.
  merging $macc model for $flatten\layer0.$add$tcn_8ch_layer_parallel.v:61$2827 into $flatten\layer0.$add$tcn_8ch_layer_parallel.v:61$2829.
  merging $macc model for $flatten\layer0.$add$tcn_8ch_layer_parallel.v:61$2825 into $flatten\layer0.$add$tcn_8ch_layer_parallel.v:61$2829.
  merging $macc model for $flatten\layer0.$add$tcn_8ch_layer_parallel.v:61$2823 into $flatten\layer0.$add$tcn_8ch_layer_parallel.v:61$2829.
  merging $macc model for $flatten\layer0.$add$tcn_8ch_layer_parallel.v:57$2821 into $flatten\layer0.$add$tcn_8ch_layer_parallel.v:61$2829.
  merging $macc model for $flatten\layer0.$add$tcn_8ch_layer_parallel.v:61$2819 into $flatten\layer0.$add$tcn_8ch_layer_parallel.v:61$2829.
  merging $macc model for $flatten\layer0.$add$tcn_8ch_layer_parallel.v:61$2817 into $flatten\layer0.$add$tcn_8ch_layer_parallel.v:61$2829.
  merging $macc model for $flatten\layer0.$add$tcn_8ch_layer_parallel.v:61$2815 into $flatten\layer0.$add$tcn_8ch_layer_parallel.v:61$2829.
  merging $macc model for $flatten\layer0.$add$tcn_8ch_layer_parallel.v:61$2813 into $flatten\layer0.$add$tcn_8ch_layer_parallel.v:61$2829.
  merging $macc model for $flatten\layer0.$add$tcn_8ch_layer_parallel.v:61$2809 into $flatten\layer0.$add$tcn_8ch_layer_parallel.v:61$2829.
  merging $macc model for $flatten\layer0.$add$tcn_8ch_layer_parallel.v:61$2805 into $flatten\layer0.$add$tcn_8ch_layer_parallel.v:61$2829.
  merging $macc model for $flatten\layer0.$add$tcn_8ch_layer_parallel.v:61$2803 into $flatten\layer0.$add$tcn_8ch_layer_parallel.v:61$2829.
  merging $macc model for $flatten\layer0.$add$tcn_8ch_layer_parallel.v:57$2801 into $flatten\layer0.$add$tcn_8ch_layer_parallel.v:61$2829.
  merging $macc model for $flatten\layer0.$add$tcn_8ch_layer_parallel.v:61$2799 into $flatten\layer0.$add$tcn_8ch_layer_parallel.v:61$2829.
  merging $macc model for $flatten\layer0.$add$tcn_8ch_layer_parallel.v:61$2797 into $flatten\layer0.$add$tcn_8ch_layer_parallel.v:61$2829.
  merging $macc model for $flatten\layer0.$add$tcn_8ch_layer_parallel.v:61$2795 into $flatten\layer0.$add$tcn_8ch_layer_parallel.v:61$2829.
  merging $macc model for $flatten\layer0.$add$tcn_8ch_layer_parallel.v:61$2793 into $flatten\layer0.$add$tcn_8ch_layer_parallel.v:61$2829.
  merging $macc model for $flatten\layer0.$add$tcn_8ch_layer_parallel.v:57$2791 into $flatten\layer0.$add$tcn_8ch_layer_parallel.v:61$2829.
  merging $macc model for $flatten\layer0.$add$tcn_8ch_layer_parallel.v:61$2789 into $flatten\layer0.$add$tcn_8ch_layer_parallel.v:61$2829.
  merging $macc model for $flatten\layer0.$add$tcn_8ch_layer_parallel.v:61$2787 into $flatten\layer0.$add$tcn_8ch_layer_parallel.v:61$2829.
  merging $macc model for $flatten\layer0.$add$tcn_8ch_layer_parallel.v:61$2785 into $flatten\layer0.$add$tcn_8ch_layer_parallel.v:61$2829.
  merging $macc model for $flatten\layer0.$add$tcn_8ch_layer_parallel.v:57$2781 into $flatten\layer0.$add$tcn_8ch_layer_parallel.v:61$2829.
  merging $macc model for $flatten\layer0.$add$tcn_8ch_layer_parallel.v:61$2777 into $flatten\layer0.$add$tcn_8ch_layer_parallel.v:61$2829.
  merging $macc model for $flatten\layer0.$add$tcn_8ch_layer_parallel.v:61$2775 into $flatten\layer0.$add$tcn_8ch_layer_parallel.v:61$2829.
  merging $macc model for $flatten\layer0.$add$tcn_8ch_layer_parallel.v:61$2773 into $flatten\layer0.$add$tcn_8ch_layer_parallel.v:61$2829.
  merging $macc model for $flatten\layer0.$add$tcn_8ch_layer_parallel.v:57$2771 into $flatten\layer0.$add$tcn_8ch_layer_parallel.v:61$2829.
  merging $macc model for $flatten\layer0.$add$tcn_8ch_layer_parallel.v:61$2769 into $flatten\layer0.$add$tcn_8ch_layer_parallel.v:61$2829.
  merging $macc model for $flatten\layer0.$add$tcn_8ch_layer_parallel.v:61$2767 into $flatten\layer0.$add$tcn_8ch_layer_parallel.v:61$2829.
  merging $macc model for $flatten\layer0.$add$tcn_8ch_layer_parallel.v:61$2765 into $flatten\layer0.$add$tcn_8ch_layer_parallel.v:61$2829.
  merging $macc model for $flatten\layer0.$add$tcn_8ch_layer_parallel.v:61$2763 into $flatten\layer0.$add$tcn_8ch_layer_parallel.v:61$2829.
  merging $macc model for $flatten\layer0.$add$tcn_8ch_layer_parallel.v:57$2761 into $flatten\layer0.$add$tcn_8ch_layer_parallel.v:61$2829.
  merging $macc model for $flatten\layer0.$add$tcn_8ch_layer_parallel.v:61$2759 into $flatten\layer0.$add$tcn_8ch_layer_parallel.v:61$2829.
  merging $macc model for $flatten\layer0.$add$tcn_8ch_layer_parallel.v:61$2757 into $flatten\layer0.$add$tcn_8ch_layer_parallel.v:61$2829.
  merging $macc model for $flatten\layer0.$add$tcn_8ch_layer_parallel.v:61$2753 into $flatten\layer0.$add$tcn_8ch_layer_parallel.v:61$2829.
  merging $macc model for $flatten\layer0.$mul$tcn_8ch_layer_parallel.v:58$2750 into $flatten\layer0.$add$tcn_8ch_layer_parallel.v:61$2829.
  merging $macc model for $flatten\layer0.$mul$tcn_8ch_layer_parallel.v:62$2828 into $flatten\layer0.$add$tcn_8ch_layer_parallel.v:61$2829.
  merging $macc model for $flatten\layer0.$mul$tcn_8ch_layer_parallel.v:62$2826 into $flatten\layer0.$add$tcn_8ch_layer_parallel.v:61$2829.
  merging $macc model for $flatten\layer0.$mul$tcn_8ch_layer_parallel.v:62$2804 into $flatten\layer0.$add$tcn_8ch_layer_parallel.v:61$2829.
  merging $macc model for $flatten\layer0.$mul$tcn_8ch_layer_parallel.v:62$2802 into $flatten\layer0.$add$tcn_8ch_layer_parallel.v:61$2829.
  merging $macc model for $flatten\layer0.$mul$tcn_8ch_layer_parallel.v:62$2798 into $flatten\layer0.$add$tcn_8ch_layer_parallel.v:61$2829.
  merging $macc model for $flatten\layer0.$mul$tcn_8ch_layer_parallel.v:58$2780 into $flatten\layer0.$add$tcn_8ch_layer_parallel.v:61$2829.
  merging $macc model for $flatten\layer0.$mul$tcn_8ch_layer_parallel.v:62$2776 into $flatten\layer0.$add$tcn_8ch_layer_parallel.v:61$2829.
  merging $macc model for $flatten\layer0.$mul$tcn_8ch_layer_parallel.v:62$2774 into $flatten\layer0.$add$tcn_8ch_layer_parallel.v:61$2829.
  merging $macc model for $flatten\layer0.$mul$tcn_8ch_layer_parallel.v:62$2752 into $flatten\layer0.$add$tcn_8ch_layer_parallel.v:61$2829.
  merging $macc model for $flatten\layer0.$add$tcn_8ch_layer_parallel.v:61$2747 into $flatten\layer0.$add$tcn_8ch_layer_parallel.v:61$2749.
  merging $macc model for $flatten\layer0.$add$tcn_8ch_layer_parallel.v:61$2745 into $flatten\layer0.$add$tcn_8ch_layer_parallel.v:61$2749.
  merging $macc model for $flatten\layer0.$add$tcn_8ch_layer_parallel.v:61$2743 into $flatten\layer0.$add$tcn_8ch_layer_parallel.v:61$2749.
  merging $macc model for $flatten\layer0.$add$tcn_8ch_layer_parallel.v:57$2741 into $flatten\layer0.$add$tcn_8ch_layer_parallel.v:61$2749.
  merging $macc model for $flatten\layer0.$add$tcn_8ch_layer_parallel.v:61$2739 into $flatten\layer0.$add$tcn_8ch_layer_parallel.v:61$2749.
  merging $macc model for $flatten\layer0.$add$tcn_8ch_layer_parallel.v:61$2737 into $flatten\layer0.$add$tcn_8ch_layer_parallel.v:61$2749.
  merging $macc model for $flatten\layer0.$add$tcn_8ch_layer_parallel.v:61$2735 into $flatten\layer0.$add$tcn_8ch_layer_parallel.v:61$2749.
  merging $macc model for $flatten\layer0.$add$tcn_8ch_layer_parallel.v:57$2731 into $flatten\layer0.$add$tcn_8ch_layer_parallel.v:61$2749.
  merging $macc model for $flatten\layer0.$add$tcn_8ch_layer_parallel.v:61$2727 into $flatten\layer0.$add$tcn_8ch_layer_parallel.v:61$2749.
  merging $macc model for $flatten\layer0.$add$tcn_8ch_layer_parallel.v:61$2725 into $flatten\layer0.$add$tcn_8ch_layer_parallel.v:61$2749.
  merging $macc model for $flatten\layer0.$add$tcn_8ch_layer_parallel.v:61$2723 into $flatten\layer0.$add$tcn_8ch_layer_parallel.v:61$2749.
  merging $macc model for $flatten\layer0.$add$tcn_8ch_layer_parallel.v:57$2721 into $flatten\layer0.$add$tcn_8ch_layer_parallel.v:61$2749.
  merging $macc model for $flatten\layer0.$add$tcn_8ch_layer_parallel.v:61$2719 into $flatten\layer0.$add$tcn_8ch_layer_parallel.v:61$2749.
  merging $macc model for $flatten\layer0.$add$tcn_8ch_layer_parallel.v:61$2717 into $flatten\layer0.$add$tcn_8ch_layer_parallel.v:61$2749.
  merging $macc model for $flatten\layer0.$add$tcn_8ch_layer_parallel.v:61$2715 into $flatten\layer0.$add$tcn_8ch_layer_parallel.v:61$2749.
  merging $macc model for $flatten\layer0.$add$tcn_8ch_layer_parallel.v:61$2713 into $flatten\layer0.$add$tcn_8ch_layer_parallel.v:61$2749.
  merging $macc model for $flatten\layer0.$add$tcn_8ch_layer_parallel.v:57$2711 into $flatten\layer0.$add$tcn_8ch_layer_parallel.v:61$2749.
  merging $macc model for $flatten\layer0.$add$tcn_8ch_layer_parallel.v:61$2709 into $flatten\layer0.$add$tcn_8ch_layer_parallel.v:61$2749.
  merging $macc model for $flatten\layer0.$add$tcn_8ch_layer_parallel.v:61$2707 into $flatten\layer0.$add$tcn_8ch_layer_parallel.v:61$2749.
  merging $macc model for $flatten\layer0.$add$tcn_8ch_layer_parallel.v:61$2703 into $flatten\layer0.$add$tcn_8ch_layer_parallel.v:61$2749.
  merging $macc model for $flatten\layer0.$add$tcn_8ch_layer_parallel.v:57$2701 into $flatten\layer0.$add$tcn_8ch_layer_parallel.v:61$2749.
  merging $macc model for $flatten\layer0.$add$tcn_8ch_layer_parallel.v:61$2699 into $flatten\layer0.$add$tcn_8ch_layer_parallel.v:61$2749.
  merging $macc model for $flatten\layer0.$add$tcn_8ch_layer_parallel.v:61$2697 into $flatten\layer0.$add$tcn_8ch_layer_parallel.v:61$2749.
  merging $macc model for $flatten\layer0.$add$tcn_8ch_layer_parallel.v:61$2695 into $flatten\layer0.$add$tcn_8ch_layer_parallel.v:61$2749.
  merging $macc model for $flatten\layer0.$add$tcn_8ch_layer_parallel.v:61$2693 into $flatten\layer0.$add$tcn_8ch_layer_parallel.v:61$2749.
  merging $macc model for $flatten\layer0.$add$tcn_8ch_layer_parallel.v:57$2691 into $flatten\layer0.$add$tcn_8ch_layer_parallel.v:61$2749.
  merging $macc model for $flatten\layer0.$add$tcn_8ch_layer_parallel.v:61$2689 into $flatten\layer0.$add$tcn_8ch_layer_parallel.v:61$2749.
  merging $macc model for $flatten\layer0.$add$tcn_8ch_layer_parallel.v:61$2687 into $flatten\layer0.$add$tcn_8ch_layer_parallel.v:61$2749.
  merging $macc model for $flatten\layer0.$add$tcn_8ch_layer_parallel.v:61$2685 into $flatten\layer0.$add$tcn_8ch_layer_parallel.v:61$2749.
  merging $macc model for $flatten\layer0.$add$tcn_8ch_layer_parallel.v:61$2683 into $flatten\layer0.$add$tcn_8ch_layer_parallel.v:61$2749.
  merging $macc model for $flatten\layer0.$add$tcn_8ch_layer_parallel.v:61$2679 into $flatten\layer0.$add$tcn_8ch_layer_parallel.v:61$2749.
  merging $macc model for $flatten\layer0.$add$tcn_8ch_layer_parallel.v:61$2675 into $flatten\layer0.$add$tcn_8ch_layer_parallel.v:61$2749.
  merging $macc model for $flatten\layer0.$add$tcn_8ch_layer_parallel.v:61$2673 into $flatten\layer0.$add$tcn_8ch_layer_parallel.v:61$2749.
  merging $macc model for $flatten\layer0.$mul$tcn_8ch_layer_parallel.v:62$2748 into $flatten\layer0.$add$tcn_8ch_layer_parallel.v:61$2749.
  merging $macc model for $flatten\layer0.$mul$tcn_8ch_layer_parallel.v:58$2730 into $flatten\layer0.$add$tcn_8ch_layer_parallel.v:61$2749.
  merging $macc model for $flatten\layer0.$mul$tcn_8ch_layer_parallel.v:62$2726 into $flatten\layer0.$add$tcn_8ch_layer_parallel.v:61$2749.
  merging $macc model for $flatten\layer0.$mul$tcn_8ch_layer_parallel.v:62$2724 into $flatten\layer0.$add$tcn_8ch_layer_parallel.v:61$2749.
  merging $macc model for $flatten\layer0.$mul$tcn_8ch_layer_parallel.v:62$2702 into $flatten\layer0.$add$tcn_8ch_layer_parallel.v:61$2749.
  merging $macc model for $flatten\layer0.$mul$tcn_8ch_layer_parallel.v:58$2700 into $flatten\layer0.$add$tcn_8ch_layer_parallel.v:61$2749.
  merging $macc model for $flatten\layer0.$mul$tcn_8ch_layer_parallel.v:62$2698 into $flatten\layer0.$add$tcn_8ch_layer_parallel.v:61$2749.
  merging $macc model for $flatten\layer0.$mul$tcn_8ch_layer_parallel.v:62$2696 into $flatten\layer0.$add$tcn_8ch_layer_parallel.v:61$2749.
  merging $macc model for $flatten\layer0.$mul$tcn_8ch_layer_parallel.v:62$2674 into $flatten\layer0.$add$tcn_8ch_layer_parallel.v:61$2749.
  merging $macc model for $flatten\layer0.$mul$tcn_8ch_layer_parallel.v:62$2672 into $flatten\layer0.$add$tcn_8ch_layer_parallel.v:61$2749.
  creating $alu model for $macc $flatten\layer0.$mul$tcn_8ch_layer_parallel.v:62$3302.
  creating $alu model for $macc $flatten\layer0.$mul$tcn_8ch_layer_parallel.v:62$3298.
  creating $alu model for $macc $flatten\layer0.$mul$tcn_8ch_layer_parallel.v:62$3168.
  creating $alu model for $macc $flatten\layer0.$mul$tcn_8ch_layer_parallel.v:62$3224.
  creating $alu model for $macc $flatten\layer1.$mul$tcn_8ch_layer_parallel.v:62$1856.
  creating $alu model for $macc $flatten\layer0.$mul$tcn_8ch_layer_parallel.v:62$3094.
  creating $alu model for $macc $flatten\layer0.$mul$tcn_8ch_layer_parallel.v:62$3044.
  creating $alu model for $macc $flatten\layer1.$mul$tcn_8ch_layer_parallel.v:62$1884.
  creating $alu model for $macc $flatten\layer0.$mul$tcn_8ch_layer_parallel.v:62$3016.
  creating $alu model for $macc $flatten\layer1.$mul$tcn_8ch_layer_parallel.v:62$1908.
  creating $alu model for $macc $flatten\layer1.$mul$tcn_8ch_layer_parallel.v:62$1912.
  creating $alu model for $macc $flatten\layer0.$mul$tcn_8ch_layer_parallel.v:58$2790.
  creating $alu model for $macc $flatten\layer1.$mul$tcn_8ch_layer_parallel.v:62$1934.
  creating $alu model for $macc $flatten\layer0.$mul$tcn_8ch_layer_parallel.v:62$2762.
  creating $alu model for $macc $flatten\layer0.$mul$tcn_8ch_layer_parallel.v:62$2758.
  creating $alu model for $macc $flatten\layer1.$mul$tcn_8ch_layer_parallel.v:62$1958.
  creating $alu model for $macc $flatten\layer1.$mul$tcn_8ch_layer_parallel.v:62$1962.
  creating $alu model for $macc $flatten\layer0.$mul$tcn_8ch_layer_parallel.v:62$2736.
  creating $alu model for $macc $flatten\layer0.$mul$tcn_8ch_layer_parallel.v:62$3196.
  creating $alu model for $macc $flatten\layer1.$mul$tcn_8ch_layer_parallel.v:62$2064.
  creating $alu model for $macc $flatten\layer0.$mul$tcn_8ch_layer_parallel.v:62$2992.
  creating $alu model for $macc $flatten\layer1.$mul$tcn_8ch_layer_parallel.v:62$2088.
  creating $alu model for $macc $flatten\layer0.$mul$tcn_8ch_layer_parallel.v:62$2914.
  creating $alu model for $macc $flatten\layer1.$mul$tcn_8ch_layer_parallel.v:62$1704.
  creating $alu model for $macc $flatten\layer1.$mul$tcn_8ch_layer_parallel.v:62$2114.
  creating $alu model for $macc $flatten\layer0.$mul$tcn_8ch_layer_parallel.v:62$2888.
  creating $alu model for $macc $flatten\layer0.$mul$tcn_8ch_layer_parallel.v:62$2864.
  creating $alu model for $macc $flatten\layer1.$mul$tcn_8ch_layer_parallel.v:62$2138.
  creating $alu model for $macc $flatten\layer1.$mul$tcn_8ch_layer_parallel.v:62$2142.
  creating $alu model for $macc $flatten\layer0.$mul$tcn_8ch_layer_parallel.v:62$2814.
  creating $alu model for $macc $flatten\layer1.$mul$tcn_8ch_layer_parallel.v:62$2166.
  creating $alu model for $macc $flatten\layer1.$mul$tcn_8ch_layer_parallel.v:62$1756.
  creating $alu model for $macc $flatten\layer1.$mul$tcn_8ch_layer_parallel.v:62$2188.
  creating $alu model for $macc $flatten\layer1.$mul$tcn_8ch_layer_parallel.v:62$2192.
  creating $alu model for $macc $flatten\layer0.$mul$tcn_8ch_layer_parallel.v:62$2966.
  creating $alu model for $macc $flatten\layer1.$mul$tcn_8ch_layer_parallel.v:62$2216.
  creating $alu model for $macc $flatten\layer0.$mul$tcn_8ch_layer_parallel.v:58$3250.
  creating $alu model for $macc $flatten\layer1.$mul$tcn_8ch_layer_parallel.v:62$2294.
  creating $alu model for $macc $flatten\layer0.$mul$tcn_8ch_layer_parallel.v:58$3070.
  creating $alu model for $macc $flatten\layer1.$mul$tcn_8ch_layer_parallel.v:62$2244.
  creating $alu model for $macc $flatten\layer1.$mul$tcn_8ch_layer_parallel.v:62$1806.
  creating $alu model for $macc $flatten\layer0.$mul$tcn_8ch_layer_parallel.v:62$3172.
  creating $alu model for $macc $flatten\layer0.$mul$tcn_8ch_layer_parallel.v:62$2712.
  creating $alu model for $macc $flatten\layer0.$mul$tcn_8ch_layer_parallel.v:62$3146.
  creating $alu model for $macc $flatten\layer0.$mul$tcn_8ch_layer_parallel.v:62$2836.
  creating $alu model for $macc $flatten\layer0.$mul$tcn_8ch_layer_parallel.v:62$3274.
  creating $alu model for $macc $flatten\layer0.$mul$tcn_8ch_layer_parallel.v:62$3068.
  creating $alu model for $macc $flatten\layer1.$mul$tcn_8ch_layer_parallel.v:58$1990.
  creating $alu model for $macc $flatten\layer0.$mul$tcn_8ch_layer_parallel.v:62$2942.
  creating $alu model for $macc $flatten\layer1.$mul$tcn_8ch_layer_parallel.v:62$2322.
  creating $alu model for $macc $flatten\layer0.$mul$tcn_8ch_layer_parallel.v:62$2708.
  creating $alu model for $macc $flatten\layer0.$mul$tcn_8ch_layer_parallel.v:58$3020.
  creating $alu model for $macc $flatten\layer1.$mul$tcn_8ch_layer_parallel.v:58$1810.
  creating $alu model for $macc $flatten\layer0.$mul$tcn_8ch_layer_parallel.v:62$2786.
  creating $alu model for $macc $flatten\layer0.$mul$tcn_8ch_layer_parallel.v:62$3122.
  creating $alu model for $macc $flatten\layer0.$mul$tcn_8ch_layer_parallel.v:58$2840.
  creating $alu model for $macc $flatten\layer1.$mul$tcn_8ch_layer_parallel.v:62$2036.
  creating $alu model for $macc $flatten\layer1.$mul$tcn_8ch_layer_parallel.v:58$2040.
  creating $alu model for $macc $flatten\layer0.$mul$tcn_8ch_layer_parallel.v:58$2740.
  creating $alu model for $macc $flatten\layer0.$mul$tcn_8ch_layer_parallel.v:62$3246.
  creating $alu model for $macc $flatten\layer0.$mul$tcn_8ch_layer_parallel.v:58$3200.
  creating $alu model for $macc $flatten\layer0.$mul$tcn_8ch_layer_parallel.v:62$3118.
  creating $alu model for $macc $flatten\layer0.$mul$tcn_8ch_layer_parallel.v:58$2970.
  creating $alu model for $macc $flatten\layer1.$mul$tcn_8ch_layer_parallel.v:62$1782.
  creating $alu model for $macc $flatten\layer1.$mul$tcn_8ch_layer_parallel.v:62$1986.
  creating $alu model for $macc $flatten\layer1.$mul$tcn_8ch_layer_parallel.v:62$2318.
  creating $alu model for $macc $flatten\layer1.$mul$tcn_8ch_layer_parallel.v:62$1728.
  creating $alu model for $macc $flatten\layer1.$mul$tcn_8ch_layer_parallel.v:58$1760.
  creating $alu model for $macc $flatten\layer1.$mul$tcn_8ch_layer_parallel.v:58$1860.
  creating $alu model for $macc $flatten\layer1.$mul$tcn_8ch_layer_parallel.v:58$2090.
  creating $alu model for $macc $flatten\layer1.$mul$tcn_8ch_layer_parallel.v:58$2220.
  creating $alu model for $macc $flatten\layer1.$mul$tcn_8ch_layer_parallel.v:62$1778.
  creating $alu model for $macc $flatten\layer1.$mul$tcn_8ch_layer_parallel.v:62$1834.
  creating $alu model for $macc $flatten\layer1.$mul$tcn_8ch_layer_parallel.v:62$2266.
  creating $alu model for $macc $flatten\layer1.$mul$tcn_8ch_layer_parallel.v:62$2012.
  creating $alu model for $macc $flatten\layer1.$mul$tcn_8ch_layer_parallel.v:58$2270.
  creating $alu model for $macc $flatten\layer0.$mul$tcn_8ch_layer_parallel.v:62$2892.
  creating $alu model for $macc $flatten\layer1.$mul$tcn_8ch_layer_parallel.v:62$1732.
  creating $alu model for $macc $flatten\layer0.$mul$tcn_8ch_layer_parallel.v:62$2938.
  creating $alu model for $macc $flatten\layer0.$mul$tcn_8ch_layer_parallel.v:62$2684.
  creating $macc cell for $flatten\layer1.$add$tcn_8ch_layer_parallel.v:61$2089: $auto$alumacc.cc:365:replace_macc$4192
  creating $macc cell for $flatten\layer1.$add$tcn_8ch_layer_parallel.v:61$2329: $auto$alumacc.cc:365:replace_macc$4193
  creating $macc cell for $flatten\layer1.$add$tcn_8ch_layer_parallel.v:61$2009: $auto$alumacc.cc:365:replace_macc$4194
  creating $macc cell for $flatten\layer1.$add$tcn_8ch_layer_parallel.v:61$1769: $auto$alumacc.cc:365:replace_macc$4195
  creating $macc cell for $flatten\layer0.$add$tcn_8ch_layer_parallel.v:61$3069: $auto$alumacc.cc:365:replace_macc$4196
  creating $macc cell for $flatten\layer0.$add$tcn_8ch_layer_parallel.v:61$2749: $auto$alumacc.cc:365:replace_macc$4197
  creating $macc cell for $flatten\layer1.$add$tcn_8ch_layer_parallel.v:61$1849: $auto$alumacc.cc:365:replace_macc$4198
  creating $macc cell for $flatten\layer1.$add$tcn_8ch_layer_parallel.v:61$2169: $auto$alumacc.cc:365:replace_macc$4199
  creating $macc cell for $flatten\layer0.$add$tcn_8ch_layer_parallel.v:61$2907: $auto$alumacc.cc:365:replace_macc$4200
  creating $macc cell for $flatten\layer0.$add$tcn_8ch_layer_parallel.v:61$2989: $auto$alumacc.cc:365:replace_macc$4201
  creating $macc cell for $flatten\layer0.$add$tcn_8ch_layer_parallel.v:61$3149: $auto$alumacc.cc:365:replace_macc$4202
  creating $macc cell for $flatten\layer0.$add$tcn_8ch_layer_parallel.v:61$3309: $auto$alumacc.cc:365:replace_macc$4203
  creating $macc cell for $flatten\layer1.$add$tcn_8ch_layer_parallel.v:61$1927: $auto$alumacc.cc:365:replace_macc$4204
  creating $macc cell for $flatten\layer1.$add$tcn_8ch_layer_parallel.v:61$2249: $auto$alumacc.cc:365:replace_macc$4205
  creating $macc cell for $flatten\layer0.$add$tcn_8ch_layer_parallel.v:61$3229: $auto$alumacc.cc:365:replace_macc$4206
  creating $macc cell for $flatten\layer0.$add$tcn_8ch_layer_parallel.v:61$2829: $auto$alumacc.cc:365:replace_macc$4207
  creating $alu model for $flatten\layer0.$lt$tcn_8ch_layer_parallel.v:79$3313 ($lt): new $alu
  creating $alu model for $flatten\layer0.$lt$tcn_8ch_layer_parallel.v:79$3315 ($lt): new $alu
  creating $alu model for $flatten\layer0.$lt$tcn_8ch_layer_parallel.v:79$3317 ($lt): new $alu
  creating $alu model for $flatten\layer0.$lt$tcn_8ch_layer_parallel.v:79$3319 ($lt): new $alu
  creating $alu model for $flatten\layer0.$lt$tcn_8ch_layer_parallel.v:79$3321 ($lt): new $alu
  creating $alu model for $flatten\layer0.$lt$tcn_8ch_layer_parallel.v:79$3323 ($lt): new $alu
  creating $alu model for $flatten\layer0.$lt$tcn_8ch_layer_parallel.v:79$3325 ($lt): new $alu
  creating $alu model for $flatten\layer0.$lt$tcn_8ch_layer_parallel.v:79$3327 ($lt): new $alu
  creating $alu model for $flatten\layer1.$lt$tcn_8ch_layer_parallel.v:79$2333 ($lt): new $alu
  creating $alu model for $flatten\layer1.$lt$tcn_8ch_layer_parallel.v:79$2335 ($lt): new $alu
  creating $alu model for $flatten\layer1.$lt$tcn_8ch_layer_parallel.v:79$2337 ($lt): new $alu
  creating $alu model for $flatten\layer1.$lt$tcn_8ch_layer_parallel.v:79$2339 ($lt): new $alu
  creating $alu model for $flatten\layer1.$lt$tcn_8ch_layer_parallel.v:79$2341 ($lt): new $alu
  creating $alu model for $flatten\layer1.$lt$tcn_8ch_layer_parallel.v:79$2343 ($lt): new $alu
  creating $alu model for $flatten\layer1.$lt$tcn_8ch_layer_parallel.v:79$2345 ($lt): new $alu
  creating $alu model for $flatten\layer1.$lt$tcn_8ch_layer_parallel.v:79$2347 ($lt): new $alu
  creating $alu cell for $flatten\layer1.$lt$tcn_8ch_layer_parallel.v:79$2347: $auto$alumacc.cc:485:replace_alu$4224
  creating $alu cell for $flatten\layer1.$lt$tcn_8ch_layer_parallel.v:79$2345: $auto$alumacc.cc:485:replace_alu$4237
  creating $alu cell for $flatten\layer1.$lt$tcn_8ch_layer_parallel.v:79$2343: $auto$alumacc.cc:485:replace_alu$4250
  creating $alu cell for $flatten\layer1.$lt$tcn_8ch_layer_parallel.v:79$2341: $auto$alumacc.cc:485:replace_alu$4263
  creating $alu cell for $flatten\layer1.$lt$tcn_8ch_layer_parallel.v:79$2339: $auto$alumacc.cc:485:replace_alu$4276
  creating $alu cell for $flatten\layer1.$lt$tcn_8ch_layer_parallel.v:79$2337: $auto$alumacc.cc:485:replace_alu$4289
  creating $alu cell for $flatten\layer1.$lt$tcn_8ch_layer_parallel.v:79$2335: $auto$alumacc.cc:485:replace_alu$4302
  creating $alu cell for $flatten\layer1.$lt$tcn_8ch_layer_parallel.v:79$2333: $auto$alumacc.cc:485:replace_alu$4315
  creating $alu cell for $flatten\layer0.$lt$tcn_8ch_layer_parallel.v:79$3327: $auto$alumacc.cc:485:replace_alu$4328
  creating $alu cell for $flatten\layer0.$lt$tcn_8ch_layer_parallel.v:79$3325: $auto$alumacc.cc:485:replace_alu$4341
  creating $alu cell for $flatten\layer0.$lt$tcn_8ch_layer_parallel.v:79$3323: $auto$alumacc.cc:485:replace_alu$4354
  creating $alu cell for $flatten\layer0.$lt$tcn_8ch_layer_parallel.v:79$3321: $auto$alumacc.cc:485:replace_alu$4367
  creating $alu cell for $flatten\layer0.$lt$tcn_8ch_layer_parallel.v:79$3319: $auto$alumacc.cc:485:replace_alu$4380
  creating $alu cell for $flatten\layer0.$lt$tcn_8ch_layer_parallel.v:79$3317: $auto$alumacc.cc:485:replace_alu$4393
  creating $alu cell for $flatten\layer0.$lt$tcn_8ch_layer_parallel.v:79$3315: $auto$alumacc.cc:485:replace_alu$4406
  creating $alu cell for $flatten\layer0.$lt$tcn_8ch_layer_parallel.v:79$3313: $auto$alumacc.cc:485:replace_alu$4419
  creating $alu cell for $flatten\layer0.$mul$tcn_8ch_layer_parallel.v:62$2684: $auto$alumacc.cc:485:replace_alu$4432
  creating $alu cell for $flatten\layer0.$mul$tcn_8ch_layer_parallel.v:62$2938: $auto$alumacc.cc:485:replace_alu$4435
  creating $alu cell for $flatten\layer1.$mul$tcn_8ch_layer_parallel.v:62$1732: $auto$alumacc.cc:485:replace_alu$4438
  creating $alu cell for $flatten\layer0.$mul$tcn_8ch_layer_parallel.v:62$2892: $auto$alumacc.cc:485:replace_alu$4441
  creating $alu cell for $flatten\layer1.$mul$tcn_8ch_layer_parallel.v:58$2270: $auto$alumacc.cc:485:replace_alu$4444
  creating $alu cell for $flatten\layer1.$mul$tcn_8ch_layer_parallel.v:62$2012: $auto$alumacc.cc:485:replace_alu$4447
  creating $alu cell for $flatten\layer1.$mul$tcn_8ch_layer_parallel.v:62$2266: $auto$alumacc.cc:485:replace_alu$4450
  creating $alu cell for $flatten\layer1.$mul$tcn_8ch_layer_parallel.v:62$1834: $auto$alumacc.cc:485:replace_alu$4453
  creating $alu cell for $flatten\layer1.$mul$tcn_8ch_layer_parallel.v:62$1778: $auto$alumacc.cc:485:replace_alu$4456
  creating $alu cell for $flatten\layer1.$mul$tcn_8ch_layer_parallel.v:58$2220: $auto$alumacc.cc:485:replace_alu$4459
  creating $alu cell for $flatten\layer1.$mul$tcn_8ch_layer_parallel.v:58$2090: $auto$alumacc.cc:485:replace_alu$4462
  creating $alu cell for $flatten\layer1.$mul$tcn_8ch_layer_parallel.v:58$1860: $auto$alumacc.cc:485:replace_alu$4465
  creating $alu cell for $flatten\layer1.$mul$tcn_8ch_layer_parallel.v:58$1760: $auto$alumacc.cc:485:replace_alu$4468
  creating $alu cell for $flatten\layer1.$mul$tcn_8ch_layer_parallel.v:62$1728: $auto$alumacc.cc:485:replace_alu$4471
  creating $alu cell for $flatten\layer1.$mul$tcn_8ch_layer_parallel.v:62$2318: $auto$alumacc.cc:485:replace_alu$4474
  creating $alu cell for $flatten\layer1.$mul$tcn_8ch_layer_parallel.v:62$1986: $auto$alumacc.cc:485:replace_alu$4477
  creating $alu cell for $flatten\layer1.$mul$tcn_8ch_layer_parallel.v:62$1782: $auto$alumacc.cc:485:replace_alu$4480
  creating $alu cell for $flatten\layer0.$mul$tcn_8ch_layer_parallel.v:58$2970: $auto$alumacc.cc:485:replace_alu$4483
  creating $alu cell for $flatten\layer0.$mul$tcn_8ch_layer_parallel.v:62$3118: $auto$alumacc.cc:485:replace_alu$4486
  creating $alu cell for $flatten\layer0.$mul$tcn_8ch_layer_parallel.v:58$3200: $auto$alumacc.cc:485:replace_alu$4489
  creating $alu cell for $flatten\layer0.$mul$tcn_8ch_layer_parallel.v:62$3246: $auto$alumacc.cc:485:replace_alu$4492
  creating $alu cell for $flatten\layer0.$mul$tcn_8ch_layer_parallel.v:58$2740: $auto$alumacc.cc:485:replace_alu$4495
  creating $alu cell for $flatten\layer1.$mul$tcn_8ch_layer_parallel.v:58$2040: $auto$alumacc.cc:485:replace_alu$4498
  creating $alu cell for $flatten\layer1.$mul$tcn_8ch_layer_parallel.v:62$2036: $auto$alumacc.cc:485:replace_alu$4501
  creating $alu cell for $flatten\layer0.$mul$tcn_8ch_layer_parallel.v:58$2840: $auto$alumacc.cc:485:replace_alu$4504
  creating $alu cell for $flatten\layer0.$mul$tcn_8ch_layer_parallel.v:62$3122: $auto$alumacc.cc:485:replace_alu$4507
  creating $alu cell for $flatten\layer0.$mul$tcn_8ch_layer_parallel.v:62$2786: $auto$alumacc.cc:485:replace_alu$4510
  creating $alu cell for $flatten\layer1.$mul$tcn_8ch_layer_parallel.v:58$1810: $auto$alumacc.cc:485:replace_alu$4513
  creating $alu cell for $flatten\layer0.$mul$tcn_8ch_layer_parallel.v:58$3020: $auto$alumacc.cc:485:replace_alu$4516
  creating $alu cell for $flatten\layer0.$mul$tcn_8ch_layer_parallel.v:62$2708: $auto$alumacc.cc:485:replace_alu$4519
  creating $alu cell for $flatten\layer1.$mul$tcn_8ch_layer_parallel.v:62$2322: $auto$alumacc.cc:485:replace_alu$4522
  creating $alu cell for $flatten\layer0.$mul$tcn_8ch_layer_parallel.v:62$2942: $auto$alumacc.cc:485:replace_alu$4525
  creating $alu cell for $flatten\layer1.$mul$tcn_8ch_layer_parallel.v:58$1990: $auto$alumacc.cc:485:replace_alu$4528
  creating $alu cell for $flatten\layer0.$mul$tcn_8ch_layer_parallel.v:62$3068: $auto$alumacc.cc:485:replace_alu$4531
  creating $alu cell for $flatten\layer0.$mul$tcn_8ch_layer_parallel.v:62$3274: $auto$alumacc.cc:485:replace_alu$4534
  creating $alu cell for $flatten\layer0.$mul$tcn_8ch_layer_parallel.v:62$2836: $auto$alumacc.cc:485:replace_alu$4537
  creating $alu cell for $flatten\layer0.$mul$tcn_8ch_layer_parallel.v:62$3146: $auto$alumacc.cc:485:replace_alu$4540
  creating $alu cell for $flatten\layer0.$mul$tcn_8ch_layer_parallel.v:62$2712: $auto$alumacc.cc:485:replace_alu$4543
  creating $alu cell for $flatten\layer0.$mul$tcn_8ch_layer_parallel.v:62$3172: $auto$alumacc.cc:485:replace_alu$4546
  creating $alu cell for $flatten\layer1.$mul$tcn_8ch_layer_parallel.v:62$1806: $auto$alumacc.cc:485:replace_alu$4549
  creating $alu cell for $flatten\layer1.$mul$tcn_8ch_layer_parallel.v:62$2244: $auto$alumacc.cc:485:replace_alu$4552
  creating $alu cell for $flatten\layer0.$mul$tcn_8ch_layer_parallel.v:58$3070: $auto$alumacc.cc:485:replace_alu$4555
  creating $alu cell for $flatten\layer1.$mul$tcn_8ch_layer_parallel.v:62$2294: $auto$alumacc.cc:485:replace_alu$4558
  creating $alu cell for $flatten\layer0.$mul$tcn_8ch_layer_parallel.v:58$3250: $auto$alumacc.cc:485:replace_alu$4561
  creating $alu cell for $flatten\layer1.$mul$tcn_8ch_layer_parallel.v:62$2216: $auto$alumacc.cc:485:replace_alu$4564
  creating $alu cell for $flatten\layer0.$mul$tcn_8ch_layer_parallel.v:62$2966: $auto$alumacc.cc:485:replace_alu$4567
  creating $alu cell for $flatten\layer1.$mul$tcn_8ch_layer_parallel.v:62$2192: $auto$alumacc.cc:485:replace_alu$4570
  creating $alu cell for $flatten\layer1.$mul$tcn_8ch_layer_parallel.v:62$2188: $auto$alumacc.cc:485:replace_alu$4573
  creating $alu cell for $flatten\layer1.$mul$tcn_8ch_layer_parallel.v:62$1756: $auto$alumacc.cc:485:replace_alu$4576
  creating $alu cell for $flatten\layer1.$mul$tcn_8ch_layer_parallel.v:62$2166: $auto$alumacc.cc:485:replace_alu$4579
  creating $alu cell for $flatten\layer0.$mul$tcn_8ch_layer_parallel.v:62$2814: $auto$alumacc.cc:485:replace_alu$4582
  creating $alu cell for $flatten\layer1.$mul$tcn_8ch_layer_parallel.v:62$2142: $auto$alumacc.cc:485:replace_alu$4585
  creating $alu cell for $flatten\layer1.$mul$tcn_8ch_layer_parallel.v:62$2138: $auto$alumacc.cc:485:replace_alu$4588
  creating $alu cell for $flatten\layer0.$mul$tcn_8ch_layer_parallel.v:62$2864: $auto$alumacc.cc:485:replace_alu$4591
  creating $alu cell for $flatten\layer0.$mul$tcn_8ch_layer_parallel.v:62$2888: $auto$alumacc.cc:485:replace_alu$4594
  creating $alu cell for $flatten\layer1.$mul$tcn_8ch_layer_parallel.v:62$2114: $auto$alumacc.cc:485:replace_alu$4597
  creating $alu cell for $flatten\layer1.$mul$tcn_8ch_layer_parallel.v:62$1704: $auto$alumacc.cc:485:replace_alu$4600
  creating $alu cell for $flatten\layer0.$mul$tcn_8ch_layer_parallel.v:62$2914: $auto$alumacc.cc:485:replace_alu$4603
  creating $alu cell for $flatten\layer1.$mul$tcn_8ch_layer_parallel.v:62$2088: $auto$alumacc.cc:485:replace_alu$4606
  creating $alu cell for $flatten\layer0.$mul$tcn_8ch_layer_parallel.v:62$2992: $auto$alumacc.cc:485:replace_alu$4609
  creating $alu cell for $flatten\layer1.$mul$tcn_8ch_layer_parallel.v:62$2064: $auto$alumacc.cc:485:replace_alu$4612
  creating $alu cell for $flatten\layer0.$mul$tcn_8ch_layer_parallel.v:62$3196: $auto$alumacc.cc:485:replace_alu$4615
  creating $alu cell for $flatten\layer0.$mul$tcn_8ch_layer_parallel.v:62$2736: $auto$alumacc.cc:485:replace_alu$4618
  creating $alu cell for $flatten\layer1.$mul$tcn_8ch_layer_parallel.v:62$1962: $auto$alumacc.cc:485:replace_alu$4621
  creating $alu cell for $flatten\layer1.$mul$tcn_8ch_layer_parallel.v:62$1958: $auto$alumacc.cc:485:replace_alu$4624
  creating $alu cell for $flatten\layer0.$mul$tcn_8ch_layer_parallel.v:62$2758: $auto$alumacc.cc:485:replace_alu$4627
  creating $alu cell for $flatten\layer0.$mul$tcn_8ch_layer_parallel.v:62$2762: $auto$alumacc.cc:485:replace_alu$4630
  creating $alu cell for $flatten\layer1.$mul$tcn_8ch_layer_parallel.v:62$1934: $auto$alumacc.cc:485:replace_alu$4633
  creating $alu cell for $flatten\layer0.$mul$tcn_8ch_layer_parallel.v:58$2790: $auto$alumacc.cc:485:replace_alu$4636
  creating $alu cell for $flatten\layer1.$mul$tcn_8ch_layer_parallel.v:62$1912: $auto$alumacc.cc:485:replace_alu$4639
  creating $alu cell for $flatten\layer1.$mul$tcn_8ch_layer_parallel.v:62$1908: $auto$alumacc.cc:485:replace_alu$4642
  creating $alu cell for $flatten\layer0.$mul$tcn_8ch_layer_parallel.v:62$3016: $auto$alumacc.cc:485:replace_alu$4645
  creating $alu cell for $flatten\layer1.$mul$tcn_8ch_layer_parallel.v:62$1884: $auto$alumacc.cc:485:replace_alu$4648
  creating $alu cell for $flatten\layer0.$mul$tcn_8ch_layer_parallel.v:62$3044: $auto$alumacc.cc:485:replace_alu$4651
  creating $alu cell for $flatten\layer0.$mul$tcn_8ch_layer_parallel.v:62$3094: $auto$alumacc.cc:485:replace_alu$4654
  creating $alu cell for $flatten\layer1.$mul$tcn_8ch_layer_parallel.v:62$1856: $auto$alumacc.cc:485:replace_alu$4657
  creating $alu cell for $flatten\layer0.$mul$tcn_8ch_layer_parallel.v:62$3224: $auto$alumacc.cc:485:replace_alu$4660
  creating $alu cell for $flatten\layer0.$mul$tcn_8ch_layer_parallel.v:62$3168: $auto$alumacc.cc:485:replace_alu$4663
  creating $alu cell for $flatten\layer0.$mul$tcn_8ch_layer_parallel.v:62$3298: $auto$alumacc.cc:485:replace_alu$4666
  creating $alu cell for $flatten\layer0.$mul$tcn_8ch_layer_parallel.v:62$3302: $auto$alumacc.cc:485:replace_alu$4669
  created 96 $alu and 16 $macc cells.

3.21. Executing OPT pass (performing simple optimizations).

3.21.1. Executing OPT_EXPR pass (perform const folding).
Optimizing module tcn_network_8ch_2layer.

3.21.2. Executing OPT_MERGE pass (detect identical cells).
Finding identical cells in module `\tcn_network_8ch_2layer'.
Removed a total of 0 cells.

3.21.3. Executing OPT_MUXTREE pass (detect dead branches in mux trees).
Running muxtree optimizer on module \tcn_network_8ch_2layer..
  Creating internal representation of mux trees.
  Evaluating internal representation of mux trees.
  Analyzing evaluation results.
Removed 0 multiplexer ports.
<suppressed ~16 debug messages>

3.21.4. Executing OPT_REDUCE pass (consolidate $*mux and $reduce_* inputs).
  Optimizing cells in module \tcn_network_8ch_2layer.
Performed a total of 0 changes.

3.21.5. Executing OPT_MERGE pass (detect identical cells).
Finding identical cells in module `\tcn_network_8ch_2layer'.
Removed a total of 0 cells.

3.21.6. Executing OPT_DFF pass (perform DFF optimizations).

3.21.7. Executing OPT_CLEAN pass (remove unused cells and wires).
Finding unused cells or wires in module \tcn_network_8ch_2layer..
Removed 688 unused cells and 704 unused wires.
<suppressed ~689 debug messages>

3.21.8. Executing OPT_EXPR pass (perform const folding).
Optimizing module tcn_network_8ch_2layer.

3.21.9. Rerunning OPT passes. (Maybe there is more to do..)

3.21.10. Executing OPT_MUXTREE pass (detect dead branches in mux trees).
Running muxtree optimizer on module \tcn_network_8ch_2layer..
  Creating internal representation of mux trees.
  Evaluating internal representation of mux trees.
  Analyzing evaluation results.
Removed 0 multiplexer ports.
<suppressed ~16 debug messages>

3.21.11. Executing OPT_REDUCE pass (consolidate $*mux and $reduce_* inputs).
  Optimizing cells in module \tcn_network_8ch_2layer.
Performed a total of 0 changes.

3.21.12. Executing OPT_MERGE pass (detect identical cells).
Finding identical cells in module `\tcn_network_8ch_2layer'.
Removed a total of 0 cells.

3.21.13. Executing OPT_DFF pass (perform DFF optimizations).

3.21.14. Executing OPT_CLEAN pass (remove unused cells and wires).
Finding unused cells or wires in module \tcn_network_8ch_2layer..

3.21.15. Executing OPT_EXPR pass (perform const folding).
Optimizing module tcn_network_8ch_2layer.

3.21.16. Finished OPT passes. (There is nothing left to do.)

3.22. Executing MEMORY pass.

3.22.1. Executing OPT_MEM pass (optimize memories).
Performed a total of 0 transformations.

3.22.2. Executing OPT_MEM_PRIORITY pass (removing unnecessary memory write priority relations).
Performed a total of 0 transformations.

3.22.3. Executing OPT_MEM_FEEDBACK pass (finding memory read-to-write feedback paths).

3.22.4. Executing MEMORY_BMUX2ROM pass (converting muxes to ROMs).

3.22.5. Executing MEMORY_DFF pass (merging $dff cells to $memrd).

3.22.6. Executing OPT_CLEAN pass (remove unused cells and wires).
Finding unused cells or wires in module \tcn_network_8ch_2layer..

3.22.7. Executing MEMORY_SHARE pass (consolidating $memrd/$memwr cells).

3.22.8. Executing OPT_MEM_WIDEN pass (optimize memories where all ports are wide).
Performed a total of 0 transformations.

3.22.9. Executing OPT_CLEAN pass (remove unused cells and wires).
Finding unused cells or wires in module \tcn_network_8ch_2layer..

3.22.10. Executing MEMORY_COLLECT pass (generating $mem cells).

3.23. Executing OPT_CLEAN pass (remove unused cells and wires).
Finding unused cells or wires in module \tcn_network_8ch_2layer..

3.24. Executing MEMORY_LIBMAP pass (mapping memories to cells).

3.25. Executing TECHMAP pass (map to technology primitives).

3.25.1. Executing Verilog-2005 frontend: /opt/homebrew/bin/../share/yosys/ice40/brams_map.v
Parsing Verilog input from `/opt/homebrew/bin/../share/yosys/ice40/brams_map.v' to AST representation.
Generating RTLIL representation for module `\$__ICE40_RAM4K_'.
Successfully finished Verilog frontend.

3.25.2. Executing Verilog-2005 frontend: /opt/homebrew/bin/../share/yosys/ice40/spram_map.v
Parsing Verilog input from `/opt/homebrew/bin/../share/yosys/ice40/spram_map.v' to AST representation.
Generating RTLIL representation for module `\$__ICE40_SPRAM_'.
Successfully finished Verilog frontend.

3.25.3. Continuing TECHMAP pass.
No more expansions possible.
<suppressed ~4 debug messages>

3.26. Executing ICE40_BRAMINIT pass.

3.27. Executing OPT pass (performing simple optimizations).

3.27.1. Executing OPT_EXPR pass (perform const folding).
Optimizing module tcn_network_8ch_2layer.
<suppressed ~16 debug messages>

3.27.2. Executing OPT_MERGE pass (detect identical cells).
Finding identical cells in module `\tcn_network_8ch_2layer'.
Removed a total of 0 cells.

3.27.3. Executing OPT_DFF pass (perform DFF optimizations).

3.27.4. Executing OPT_CLEAN pass (remove unused cells and wires).
Finding unused cells or wires in module \tcn_network_8ch_2layer..

3.27.5. Finished fast OPT passes.

3.28. Executing MEMORY_MAP pass (converting memories to logic and flip-flops).

3.29. Executing OPT pass (performing simple optimizations).

3.29.1. Executing OPT_EXPR pass (perform const folding).
Optimizing module tcn_network_8ch_2layer.

3.29.2. Executing OPT_MERGE pass (detect identical cells).
Finding identical cells in module `\tcn_network_8ch_2layer'.
Removed a total of 0 cells.

3.29.3. Executing OPT_MUXTREE pass (detect dead branches in mux trees).
Running muxtree optimizer on module \tcn_network_8ch_2layer..
  Creating internal representation of mux trees.
  Evaluating internal representation of mux trees.
  Analyzing evaluation results.
Removed 0 multiplexer ports.
<suppressed ~16 debug messages>

3.29.4. Executing OPT_REDUCE pass (consolidate $*mux and $reduce_* inputs).
  Optimizing cells in module \tcn_network_8ch_2layer.
Performed a total of 0 changes.

3.29.5. Executing OPT_MERGE pass (detect identical cells).
Finding identical cells in module `\tcn_network_8ch_2layer'.
Removed a total of 0 cells.

3.29.6. Executing OPT_DFF pass (perform DFF optimizations).

3.29.7. Executing OPT_CLEAN pass (remove unused cells and wires).
Finding unused cells or wires in module \tcn_network_8ch_2layer..

3.29.8. Executing OPT_EXPR pass (perform const folding).
Optimizing module tcn_network_8ch_2layer.

3.29.9. Finished OPT passes. (There is nothing left to do.)

3.30. Executing ICE40_WRAPCARRY pass (wrap carries).

3.31. Executing TECHMAP pass (map to technology primitives).

3.31.1. Executing Verilog-2005 frontend: /opt/homebrew/bin/../share/yosys/techmap.v
Parsing Verilog input from `/opt/homebrew/bin/../share/yosys/techmap.v' to AST representation.
Generating RTLIL representation for module `\_90_simplemap_bool_ops'.
Generating RTLIL representation for module `\_90_simplemap_reduce_ops'.
Generating RTLIL representation for module `\_90_simplemap_logic_ops'.
Generating RTLIL representation for module `\_90_simplemap_compare_ops'.
Generating RTLIL representation for module `\_90_simplemap_various'.
Generating RTLIL representation for module `\_90_simplemap_registers'.
Generating RTLIL representation for module `\_90_shift_ops_shr_shl_sshl_sshr'.
Generating RTLIL representation for module `\_90_shift_shiftx'.
Generating RTLIL representation for module `\_90_fa'.
Generating RTLIL representation for module `\_90_lcu_brent_kung'.
Generating RTLIL representation for module `\_90_alu'.
Generating RTLIL representation for module `\_90_macc'.
Generating RTLIL representation for module `\_90_alumacc'.
Generating RTLIL representation for module `\$__div_mod_u'.
Generating RTLIL representation for module `\$__div_mod_trunc'.
Generating RTLIL representation for module `\_90_div'.
Generating RTLIL representation for module `\_90_mod'.
Generating RTLIL representation for module `\$__div_mod_floor'.
Generating RTLIL representation for module `\_90_divfloor'.
Generating RTLIL representation for module `\_90_modfloor'.
Generating RTLIL representation for module `\_90_pow'.
Generating RTLIL representation for module `\_90_pmux'.
Generating RTLIL representation for module `\_90_demux'.
Generating RTLIL representation for module `\_90_lut'.
Successfully finished Verilog frontend.

3.31.2. Executing Verilog-2005 frontend: /opt/homebrew/bin/../share/yosys/ice40/arith_map.v
Parsing Verilog input from `/opt/homebrew/bin/../share/yosys/ice40/arith_map.v' to AST representation.
Generating RTLIL representation for module `\_80_ice40_alu'.
Successfully finished Verilog frontend.

3.31.3. Continuing TECHMAP pass.
Using extmapper simplemap for cells of type $or.
Using extmapper simplemap for cells of type $reduce_and.
Using extmapper simplemap for cells of type $xor.
Using extmapper simplemap for cells of type $not.
Using template $paramod$0f2aa60fba701d67502e823e64efc6ddc589f33e\_80_ice40_alu for cells of type $alu.
Using extmapper maccmap for cells of type $macc.
  add \layer0.sample_out [7:0] (8 bits, signed)
  add { $flatten\layer1.$mul$tcn_8ch_layer_parallel.v:62$2088_Y [7:1] 1'0 } (8 bits, signed)
  add \layer1.history[30] (8 bits, signed)
  add \layer1.history[28] * 3'011 (8x3 bits, signed)
  sub \layer0.sample_out [63:56] (8 bits, signed)
  add \layer1.history[27] * 3'011 (8x3 bits, signed)
  sub \layer1.history[26] (8 bits, signed)
  add { \layer1.history[25] [6:0] 1'0 } (8 bits, signed)
  add { \layer1.history[24] [6:0] 1'0 } (8 bits, signed)
  add \layer0.sample_out [55:48] (8 bits, signed)
  add { \layer1.history[23] [6:0] 1'0 } (8 bits, signed)
  add \layer1.history[22] (8 bits, signed)
  add { $flatten\layer1.$mul$tcn_8ch_layer_parallel.v:62$2064_Y [7:1] 1'0 } (8 bits, signed)
  add \layer1.history[20] (8 bits, signed)
  add \layer1.history[19] (8 bits, signed)
  add \layer1.history[17] * 3'011 (8x3 bits, signed)
  sub \layer1.history[16] (8 bits, signed)
  add { \layer0.sample_out [38:32] 1'0 } (8 bits, signed)
  sub \layer1.history[15] (8 bits, signed)
  add { \layer1.history[14] [6:0] 1'0 } (8 bits, signed)
  add { \layer1.history[13] [6:0] 1'0 } (8 bits, signed)
  add \layer1.history[12] (8 bits, signed)
  add { $flatten\layer1.$mul$tcn_8ch_layer_parallel.v:58$2040_Y [7:1] 1'0 } (8 bits, signed)
  add \layer1.history[11] (8 bits, signed)
  add { $flatten\layer1.$mul$tcn_8ch_layer_parallel.v:62$2036_Y [7:1] 1'0 } (8 bits, signed)
  add \layer1.history[9] (8 bits, signed)
  add \layer0.sample_out [23:16] * 3'011 (8x3 bits, signed)
  add \layer1.history[6] * 3'011 (8x3 bits, signed)
  sub \layer1.history[5] (8 bits, signed)
  add { \layer1.history[4] [6:0] 1'0 } (8 bits, signed)
  add { \layer0.sample_out [14:8] 1'0 } (8 bits, signed)
  add { \layer1.history[3] [6:0] 1'0 } (8 bits, signed)
  add { \layer1.history[2] [6:0] 1'0 } (8 bits, signed)
  add \layer1.history[1] (8 bits, signed)
  add { $flatten\layer1.$mul$tcn_8ch_layer_parallel.v:62$2012_Y [7:1] 1'0 } (8 bits, signed)
  packed 4 (1) bits / 1 words into adder tree
Using extmapper simplemap for cells of type $sdffe.
Using extmapper simplemap for cells of type $mux.
Using extmapper simplemap for cells of type $logic_and.
Using template $paramod$38e8498ccdc425801fe5312e427e3cf0d9089c58\_80_ice40_alu for cells of type $alu.
  add \layer0.sample_out [7:0] * 3'011 (8x3 bits, signed)
  add \layer1.history[30] * 3'011 (8x3 bits, signed)
  sub \layer1.history[29] (8 bits, signed)
  add { \layer1.history[28] [6:0] 1'0 } (8 bits, signed)
  add { \layer0.sample_out [62:56] 1'0 } (8 bits, signed)
  add { \layer1.history[27] [6:0] 1'0 } (8 bits, signed)
  add { \layer1.history[26] [6:0] 1'0 } (8 bits, signed)
  add \layer1.history[25] (8 bits, signed)
  add { $flatten\layer1.$mul$tcn_8ch_layer_parallel.v:62$1912_Y [7:1] 1'0 } (8 bits, signed)
  add \layer0.sample_out [55:48] (8 bits, signed)
  add { $flatten\layer1.$mul$tcn_8ch_layer_parallel.v:62$1908_Y [7:1] 1'0 } (8 bits, signed)
  add \layer1.history[22] (8 bits, signed)
  add \layer1.history[20] * 3'011 (8x3 bits, signed)
  sub \layer0.sample_out [47:40] (8 bits, signed)
  add \layer1.history[19] * 3'011 (8x3 bits, signed)
  sub \layer1.history[18] (8 bits, signed)
  add { \layer1.history[17] [6:0] 1'0 } (8 bits, signed)
  add { \layer1.history[16] [6:0] 1'0 } (8 bits, signed)
  add \layer0.sample_out [39:32] (8 bits, signed)
  add { \layer1.history[15] [6:0] 1'0 } (8 bits, signed)
  add \layer1.history[14] (8 bits, signed)
  add { $flatten\layer1.$mul$tcn_8ch_layer_parallel.v:62$1884_Y [7:1] 1'0 } (8 bits, signed)
  add \layer1.history[12] (8 bits, signed)
  add \layer1.history[11] (8 bits, signed)
  add \layer1.history[9] * 3'011 (8x3 bits, signed)
  sub \layer1.history[8] (8 bits, signed)
  add { \layer0.sample_out [22:16] 1'0 } (8 bits, signed)
  sub \layer1.history[7] (8 bits, signed)
  add { \layer1.history[6] [6:0] 1'0 } (8 bits, signed)
  add { \layer1.history[5] [6:0] 1'0 } (8 bits, signed)
  add \layer1.history[4] (8 bits, signed)
  add { $flatten\layer1.$mul$tcn_8ch_layer_parallel.v:58$1860_Y [7:1] 1'0 } (8 bits, signed)
  add \layer1.history[3] (8 bits, signed)
  add { $flatten\layer1.$mul$tcn_8ch_layer_parallel.v:62$1856_Y [7:1] 1'0 } (8 bits, signed)
  add \layer1.history[1] (8 bits, signed)
  packed 4 (1) bits / 1 words into adder tree
  sub \sample_in [7:0] (8 bits, signed)
  add \layer0.history[31] * 3'011 (8x3 bits, signed)
  sub \layer0.history[30] (8 bits, signed)
  add { \layer0.history[29] [6:0] 1'0 } (8 bits, signed)
  add { \layer0.history[28] [6:0] 1'0 } (8 bits, signed)
  add \sample_in [63:56] (8 bits, signed)
  add { \layer0.history[27] [6:0] 1'0 } (8 bits, signed)
  add \layer0.history[26] (8 bits, signed)
  add { $flatten\layer0.$mul$tcn_8ch_layer_parallel.v:62$2814_Y [7:1] 1'0 } (8 bits, signed)
  add \layer0.history[24] (8 bits, signed)
  add \layer0.history[23] (8 bits, signed)
  add \layer0.history[21] * 3'011 (8x3 bits, signed)
  sub \layer0.history[20] (8 bits, signed)
  add { \sample_in [46:40] 1'0 } (8 bits, signed)
  sub \layer0.history[19] (8 bits, signed)
  add { \layer0.history[18] [6:0] 1'0 } (8 bits, signed)
  add { \layer0.history[17] [6:0] 1'0 } (8 bits, signed)
  add \layer0.history[16] (8 bits, signed)
  add { $flatten\layer0.$mul$tcn_8ch_layer_parallel.v:58$2790_Y [7:1] 1'0 } (8 bits, signed)
  add \layer0.history[15] (8 bits, signed)
  add { $flatten\layer0.$mul$tcn_8ch_layer_parallel.v:62$2786_Y [7:1] 1'0 } (8 bits, signed)
  add \layer0.history[13] (8 bits, signed)
  add \sample_in [31:24] * 3'011 (8x3 bits, signed)
  add \layer0.history[10] * 3'011 (8x3 bits, signed)
  sub \layer0.history[9] (8 bits, signed)
  add { \layer0.history[8] [6:0] 1'0 } (8 bits, signed)
  add { \sample_in [22:16] 1'0 } (8 bits, signed)
  add { \layer0.history[7] [6:0] 1'0 } (8 bits, signed)
  add { \layer0.history[6] [6:0] 1'0 } (8 bits, signed)
  add \layer0.history[5] (8 bits, signed)
  add { $flatten\layer0.$mul$tcn_8ch_layer_parallel.v:62$2762_Y [7:1] 1'0 } (8 bits, signed)
  add \sample_in [15:8] (8 bits, signed)
  add { $flatten\layer0.$mul$tcn_8ch_layer_parallel.v:62$2758_Y [7:1] 1'0 } (8 bits, signed)
  add \layer0.history[2] (8 bits, signed)
  add \layer0.history[0] * 3'011 (8x3 bits, signed)
  packed 4 (1) bits / 1 words into adder tree
  add { \sample_in [6:0] 1'0 } (8 bits, signed)
  add { \layer0.history[31] [6:0] 1'0 } (8 bits, signed)
  add { \layer0.history[30] [6:0] 1'0 } (8 bits, signed)
  add \layer0.history[29] (8 bits, signed)
  add { $flatten\layer0.$mul$tcn_8ch_layer_parallel.v:62$3302_Y [7:1] 1'0 } (8 bits, signed)
  add \sample_in [63:56] (8 bits, signed)
  add { $flatten\layer0.$mul$tcn_8ch_layer_parallel.v:62$3298_Y [7:1] 1'0 } (8 bits, signed)
  add \layer0.history[26] (8 bits, signed)
  add \layer0.history[24] * 3'011 (8x3 bits, signed)
  sub \sample_in [55:48] (8 bits, signed)
  add \layer0.history[23] * 3'011 (8x3 bits, signed)
  sub \layer0.history[22] (8 bits, signed)
  add { \layer0.history[21] [6:0] 1'0 } (8 bits, signed)
  add { \layer0.history[20] [6:0] 1'0 } (8 bits, signed)
  add \sample_in [47:40] (8 bits, signed)
  add { \layer0.history[19] [6:0] 1'0 } (8 bits, signed)
  add \layer0.history[18] (8 bits, signed)
  add { $flatten\layer0.$mul$tcn_8ch_layer_parallel.v:62$3274_Y [7:1] 1'0 } (8 bits, signed)
  add \layer0.history[16] (8 bits, signed)
  add \layer0.history[15] (8 bits, signed)
  add \layer0.history[13] * 3'011 (8x3 bits, signed)
  sub \layer0.history[12] (8 bits, signed)
  add { \sample_in [30:24] 1'0 } (8 bits, signed)
  sub \layer0.history[11] (8 bits, signed)
  add { \layer0.history[10] [6:0] 1'0 } (8 bits, signed)
  add { \layer0.history[9] [6:0] 1'0 } (8 bits, signed)
  add \layer0.history[8] (8 bits, signed)
  add { $flatten\layer0.$mul$tcn_8ch_layer_parallel.v:58$3250_Y [7:1] 1'0 } (8 bits, signed)
  add \layer0.history[7] (8 bits, signed)
  add { $flatten\layer0.$mul$tcn_8ch_layer_parallel.v:62$3246_Y [7:1] 1'0 } (8 bits, signed)
  add \layer0.history[5] (8 bits, signed)
  add \sample_in [15:8] * 3'011 (8x3 bits, signed)
  add \layer0.history[2] * 3'011 (8x3 bits, signed)
  sub \layer0.history[1] (8 bits, signed)
  add { \layer0.history[0] [6:0] 1'0 } (8 bits, signed)
  packed 4 (1) bits / 1 words into adder tree
  add { \sample_in [6:0] 1'0 } (8 bits, signed)
  sub \layer0.history[31] (8 bits, signed)
  add { \layer0.history[30] [6:0] 1'0 } (8 bits, signed)
  add { \layer0.history[29] [6:0] 1'0 } (8 bits, signed)
  add \layer0.history[28] (8 bits, signed)
  add { $flatten\layer0.$mul$tcn_8ch_layer_parallel.v:58$2740_Y [7:1] 1'0 } (8 bits, signed)
  add \layer0.history[27] (8 bits, signed)
  add { $flatten\layer0.$mul$tcn_8ch_layer_parallel.v:62$2736_Y [7:1] 1'0 } (8 bits, signed)
  add \layer0.history[25] (8 bits, signed)
  add \sample_in [55:48] * 3'011 (8x3 bits, signed)
  add \layer0.history[22] * 3'011 (8x3 bits, signed)
  sub \layer0.history[21] (8 bits, signed)
  add { \layer0.history[20] [6:0] 1'0 } (8 bits, signed)
  add { \sample_in [46:40] 1'0 } (8 bits, signed)
  add { \layer0.history[19] [6:0] 1'0 } (8 bits, signed)
  add { \layer0.history[18] [6:0] 1'0 } (8 bits, signed)
  add \layer0.history[17] (8 bits, signed)
  add { $flatten\layer0.$mul$tcn_8ch_layer_parallel.v:62$2712_Y [7:1] 1'0 } (8 bits, signed)
  add \sample_in [39:32] (8 bits, signed)
  add { $flatten\layer0.$mul$tcn_8ch_layer_parallel.v:62$2708_Y [7:1] 1'0 } (8 bits, signed)
  add \layer0.history[14] (8 bits, signed)
  add \layer0.history[12] * 3'011 (8x3 bits, signed)
  sub \sample_in [31:24] (8 bits, signed)
  add \layer0.history[11] * 3'011 (8x3 bits, signed)
  sub \layer0.history[10] (8 bits, signed)
  add { \layer0.history[9] [6:0] 1'0 } (8 bits, signed)
  add { \layer0.history[8] [6:0] 1'0 } (8 bits, signed)
  add \sample_in [23:16] (8 bits, signed)
  add { \layer0.history[7] [6:0] 1'0 } (8 bits, signed)
  add \layer0.history[6] (8 bits, signed)
  add { $flatten\layer0.$mul$tcn_8ch_layer_parallel.v:62$2684_Y [7:1] 1'0 } (8 bits, signed)
  add \layer0.history[4] (8 bits, signed)
  add \layer0.history[3] (8 bits, signed)
  add \layer0.history[1] * 3'011 (8x3 bits, signed)
  sub \layer0.history[0] (8 bits, signed)
  packed 4 (1) bits / 1 words into adder tree
  add { $flatten\layer0.$add$tcn_8ch_layer_parallel.v:57$3071_Y [7:1] 1'0 } (8 bits, signed)
  add \layer0.history[31] (8 bits, signed)
  add { $flatten\layer0.$mul$tcn_8ch_layer_parallel.v:62$3146_Y [7:1] 1'0 } (8 bits, signed)
  add \layer0.history[29] (8 bits, signed)
  add \sample_in [63:56] * 3'011 (8x3 bits, signed)
  add \layer0.history[26] * 3'011 (8x3 bits, signed)
  sub \layer0.history[25] (8 bits, signed)
  add { \layer0.history[24] [6:0] 1'0 } (8 bits, signed)
  add { \sample_in [54:48] 1'0 } (8 bits, signed)
  add { \layer0.history[23] [6:0] 1'0 } (8 bits, signed)
  add { \layer0.history[22] [6:0] 1'0 } (8 bits, signed)
  add \layer0.history[21] (8 bits, signed)
  add { $flatten\layer0.$mul$tcn_8ch_layer_parallel.v:62$3122_Y [7:1] 1'0 } (8 bits, signed)
  add \sample_in [47:40] (8 bits, signed)
  add { $flatten\layer0.$mul$tcn_8ch_layer_parallel.v:62$3118_Y [7:1] 1'0 } (8 bits, signed)
  add \layer0.history[18] (8 bits, signed)
  add \layer0.history[16] * 3'011 (8x3 bits, signed)
  sub \sample_in [39:32] (8 bits, signed)
  add \layer0.history[15] * 3'011 (8x3 bits, signed)
  sub \layer0.history[14] (8 bits, signed)
  add { \layer0.history[13] [6:0] 1'0 } (8 bits, signed)
  add { \layer0.history[12] [6:0] 1'0 } (8 bits, signed)
  add \sample_in [31:24] (8 bits, signed)
  add { \layer0.history[11] [6:0] 1'0 } (8 bits, signed)
  add \layer0.history[10] (8 bits, signed)
  add { $flatten\layer0.$mul$tcn_8ch_layer_parallel.v:62$3094_Y [7:1] 1'0 } (8 bits, signed)
  add \layer0.history[8] (8 bits, signed)
  add \layer0.history[7] (8 bits, signed)
  add \layer0.history[5] * 3'011 (8x3 bits, signed)
  sub \layer0.history[4] (8 bits, signed)
  add { \sample_in [14:8] 1'0 } (8 bits, signed)
  sub \layer0.history[3] (8 bits, signed)
  add { \layer0.history[2] [6:0] 1'0 } (8 bits, signed)
  add { \layer0.history[1] [6:0] 1'0 } (8 bits, signed)
  add \layer0.history[0] (8 bits, signed)
  packed 4 (1) bits / 1 words into adder tree
  add \layer0.history[0] (8 bits, signed)
  add \layer0.history[31] (8 bits, signed)
  add \layer0.history[29] * 3'011 (8x3 bits, signed)
  sub \layer0.history[28] (8 bits, signed)
  add { \sample_in [62:56] 1'0 } (8 bits, signed)
  sub \layer0.history[27] (8 bits, signed)
  add { \layer0.history[26] [6:0] 1'0 } (8 bits, signed)
  add { \layer0.history[25] [6:0] 1'0 } (8 bits, signed)
  add \layer0.history[24] (8 bits, signed)
  add { $flatten\layer0.$mul$tcn_8ch_layer_parallel.v:58$2970_Y [7:1] 1'0 } (8 bits, signed)
  add \layer0.history[23] (8 bits, signed)
  add { $flatten\layer0.$mul$tcn_8ch_layer_parallel.v:62$2966_Y [7:1] 1'0 } (8 bits, signed)
  add \layer0.history[21] (8 bits, signed)
  add \sample_in [47:40] * 3'011 (8x3 bits, signed)
  add \layer0.history[18] * 3'011 (8x3 bits, signed)
  sub \layer0.history[17] (8 bits, signed)
  add { \layer0.history[16] [6:0] 1'0 } (8 bits, signed)
  add { \sample_in [38:32] 1'0 } (8 bits, signed)
  add { \layer0.history[15] [6:0] 1'0 } (8 bits, signed)
  add { \layer0.history[14] [6:0] 1'0 } (8 bits, signed)
  add \layer0.history[13] (8 bits, signed)
  add { $flatten\layer0.$mul$tcn_8ch_layer_parallel.v:62$2942_Y [7:1] 1'0 } (8 bits, signed)
  add \sample_in [31:24] (8 bits, signed)
  add { $flatten\layer0.$mul$tcn_8ch_layer_parallel.v:62$2938_Y [7:1] 1'0 } (8 bits, signed)
  add \layer0.history[10] (8 bits, signed)
  add \layer0.history[8] * 3'011 (8x3 bits, signed)
  sub \sample_in [23:16] (8 bits, signed)
  add \layer0.history[7] * 3'011 (8x3 bits, signed)
  sub \layer0.history[6] (8 bits, signed)
  add { \layer0.history[5] [6:0] 1'0 } (8 bits, signed)
  add { \layer0.history[4] [6:0] 1'0 } (8 bits, signed)
  add \sample_in [15:8] (8 bits, signed)
  add { \layer0.history[3] [6:0] 1'0 } (8 bits, signed)
  add \layer0.history[2] (8 bits, signed)
  add { $flatten\layer0.$mul$tcn_8ch_layer_parallel.v:62$2914_Y [7:1] 1'0 } (8 bits, signed)
  packed 4 (1) bits / 1 words into adder tree
  sub \layer0.sample_out [7:0] (8 bits, signed)
  add \layer1.history[31] * 3'011 (8x3 bits, signed)
  sub \layer1.history[30] (8 bits, signed)
  add { \layer1.history[29] [6:0] 1'0 } (8 bits, signed)
  add { \layer1.history[28] [6:0] 1'0 } (8 bits, signed)
  add \layer0.sample_out [63:56] (8 bits, signed)
  add { \layer1.history[27] [6:0] 1'0 } (8 bits, signed)
  add \layer1.history[26] (8 bits, signed)
  add { $flatten\layer1.$mul$tcn_8ch_layer_parallel.v:62$1834_Y [7:1] 1'0 } (8 bits, signed)
  add \layer1.history[24] (8 bits, signed)
  add \layer1.history[23] (8 bits, signed)
  add \layer1.history[21] * 3'011 (8x3 bits, signed)
  sub \layer1.history[20] (8 bits, signed)
  add { \layer0.sample_out [46:40] 1'0 } (8 bits, signed)
  sub \layer1.history[19] (8 bits, signed)
  add { \layer1.history[18] [6:0] 1'0 } (8 bits, signed)
  add { \layer1.history[17] [6:0] 1'0 } (8 bits, signed)
  add \layer1.history[16] (8 bits, signed)
  add { $flatten\layer1.$mul$tcn_8ch_layer_parallel.v:58$1810_Y [7:1] 1'0 } (8 bits, signed)
  add \layer1.history[15] (8 bits, signed)
  add { $flatten\layer1.$mul$tcn_8ch_layer_parallel.v:62$1806_Y [7:1] 1'0 } (8 bits, signed)
  add \layer1.history[13] (8 bits, signed)
  add \layer0.sample_out [31:24] * 3'011 (8x3 bits, signed)
  add \layer1.history[10] * 3'011 (8x3 bits, signed)
  sub \layer1.history[9] (8 bits, signed)
  add { \layer1.history[8] [6:0] 1'0 } (8 bits, signed)
  add { \layer0.sample_out [22:16] 1'0 } (8 bits, signed)
  add { \layer1.history[7] [6:0] 1'0 } (8 bits, signed)
  add { \layer1.history[6] [6:0] 1'0 } (8 bits, signed)
  add \layer1.history[5] (8 bits, signed)
  add { $flatten\layer1.$mul$tcn_8ch_layer_parallel.v:62$1782_Y [7:1] 1'0 } (8 bits, signed)
  add \layer0.sample_out [15:8] (8 bits, signed)
  add { $flatten\layer1.$mul$tcn_8ch_layer_parallel.v:62$1778_Y [7:1] 1'0 } (8 bits, signed)
  add \layer1.history[2] (8 bits, signed)
  add \layer1.history[0] * 3'011 (8x3 bits, signed)
  packed 4 (1) bits / 1 words into adder tree
Using extmapper simplemap for cells of type $sdff.
  add \layer1.history[0] (8 bits, signed)
  add \layer1.history[31] (8 bits, signed)
  add \layer1.history[29] * 3'011 (8x3 bits, signed)
  sub \layer1.history[28] (8 bits, signed)
  add { \layer0.sample_out [62:56] 1'0 } (8 bits, signed)
  sub \layer1.history[27] (8 bits, signed)
  add { \layer1.history[26] [6:0] 1'0 } (8 bits, signed)
  add { \layer1.history[25] [6:0] 1'0 } (8 bits, signed)
  add \layer1.history[24] (8 bits, signed)
  add { $flatten\layer1.$mul$tcn_8ch_layer_parallel.v:58$1990_Y [7:1] 1'0 } (8 bits, signed)
  add \layer1.history[23] (8 bits, signed)
  add { $flatten\layer1.$mul$tcn_8ch_layer_parallel.v:62$1986_Y [7:1] 1'0 } (8 bits, signed)
  add \layer1.history[21] (8 bits, signed)
  add \layer0.sample_out [47:40] * 3'011 (8x3 bits, signed)
  add \layer1.history[18] * 3'011 (8x3 bits, signed)
  sub \layer1.history[17] (8 bits, signed)
  add { \layer1.history[16] [6:0] 1'0 } (8 bits, signed)
  add { \layer0.sample_out [38:32] 1'0 } (8 bits, signed)
  add { \layer1.history[15] [6:0] 1'0 } (8 bits, signed)
  add { \layer1.history[14] [6:0] 1'0 } (8 bits, signed)
  add \layer1.history[13] (8 bits, signed)
  add { $flatten\layer1.$mul$tcn_8ch_layer_parallel.v:62$1962_Y [7:1] 1'0 } (8 bits, signed)
  add \layer0.sample_out [31:24] (8 bits, signed)
  add { $flatten\layer1.$mul$tcn_8ch_layer_parallel.v:62$1958_Y [7:1] 1'0 } (8 bits, signed)
  add \layer1.history[10] (8 bits, signed)
  add \layer1.history[8] * 3'011 (8x3 bits, signed)
  sub \layer0.sample_out [23:16] (8 bits, signed)
  add \layer1.history[7] * 3'011 (8x3 bits, signed)
  sub \layer1.history[6] (8 bits, signed)
  add { \layer1.history[5] [6:0] 1'0 } (8 bits, signed)
  add { \layer1.history[4] [6:0] 1'0 } (8 bits, signed)
  add \layer0.sample_out [15:8] (8 bits, signed)
  add { \layer1.history[3] [6:0] 1'0 } (8 bits, signed)
  add \layer1.history[2] (8 bits, signed)
  add { $flatten\layer1.$mul$tcn_8ch_layer_parallel.v:62$1934_Y [7:1] 1'0 } (8 bits, signed)
  packed 4 (1) bits / 1 words into adder tree
  add \sample_in [7:0] (8 bits, signed)
  add { \layer0.history[31] [6:0] 1'0 } (8 bits, signed)
  add \layer0.history[30] (8 bits, signed)
  add { $flatten\layer0.$mul$tcn_8ch_layer_parallel.v:62$3224_Y [7:1] 1'0 } (8 bits, signed)
  add \layer0.history[28] (8 bits, signed)
  add \layer0.history[27] (8 bits, signed)
  add \layer0.history[25] * 3'011 (8x3 bits, signed)
  sub \layer0.history[24] (8 bits, signed)
  add { \sample_in [54:48] 1'0 } (8 bits, signed)
  sub \layer0.history[23] (8 bits, signed)
  add { \layer0.history[22] [6:0] 1'0 } (8 bits, signed)
  add { \layer0.history[21] [6:0] 1'0 } (8 bits, signed)
  add \layer0.history[20] (8 bits, signed)
  add { $flatten\layer0.$mul$tcn_8ch_layer_parallel.v:58$3200_Y [7:1] 1'0 } (8 bits, signed)
  add \layer0.history[19] (8 bits, signed)
  add { $flatten\layer0.$mul$tcn_8ch_layer_parallel.v:62$3196_Y [7:1] 1'0 } (8 bits, signed)
  add \layer0.history[17] (8 bits, signed)
  add \sample_in [39:32] * 3'011 (8x3 bits, signed)
  add \layer0.history[14] * 3'011 (8x3 bits, signed)
  sub \layer0.history[13] (8 bits, signed)
  add { \layer0.history[12] [6:0] 1'0 } (8 bits, signed)
  add { \sample_in [30:24] 1'0 } (8 bits, signed)
  add { \layer0.history[11] [6:0] 1'0 } (8 bits, signed)
  add { \layer0.history[10] [6:0] 1'0 } (8 bits, signed)
  add \layer0.history[9] (8 bits, signed)
  add { $flatten\layer0.$mul$tcn_8ch_layer_parallel.v:62$3172_Y [7:1] 1'0 } (8 bits, signed)
  add \sample_in [23:16] (8 bits, signed)
  add { $flatten\layer0.$mul$tcn_8ch_layer_parallel.v:62$3168_Y [7:1] 1'0 } (8 bits, signed)
  add \layer0.history[6] (8 bits, signed)
  add \layer0.history[4] * 3'011 (8x3 bits, signed)
  sub \sample_in [15:8] (8 bits, signed)
  add \layer0.history[3] * 3'011 (8x3 bits, signed)
  sub \layer0.history[2] (8 bits, signed)
  add { \layer0.history[1] [6:0] 1'0 } (8 bits, signed)
  add { \layer0.history[0] [6:0] 1'0 } (8 bits, signed)
  packed 4 (1) bits / 1 words into adder tree
  add \sample_in [7:0] * 3'011 (8x3 bits, signed)
  add \layer0.history[30] * 3'011 (8x3 bits, signed)
  sub \layer0.history[29] (8 bits, signed)
  add { \layer0.history[28] [6:0] 1'0 } (8 bits, signed)
  add { \sample_in [62:56] 1'0 } (8 bits, signed)
  add { \layer0.history[27] [6:0] 1'0 } (8 bits, signed)
  add { \layer0.history[26] [6:0] 1'0 } (8 bits, signed)
  add \layer0.history[25] (8 bits, signed)
  add { $flatten\layer0.$mul$tcn_8ch_layer_parallel.v:62$2892_Y [7:1] 1'0 } (8 bits, signed)
  add \sample_in [55:48] (8 bits, signed)
  add { $flatten\layer0.$mul$tcn_8ch_layer_parallel.v:62$2888_Y [7:1] 1'0 } (8 bits, signed)
  add \layer0.history[22] (8 bits, signed)
  add \layer0.history[20] * 3'011 (8x3 bits, signed)
  sub \sample_in [47:40] (8 bits, signed)
  add \layer0.history[19] * 3'011 (8x3 bits, signed)
  sub \layer0.history[18] (8 bits, signed)
  add { \layer0.history[17] [6:0] 1'0 } (8 bits, signed)
  add { \layer0.history[16] [6:0] 1'0 } (8 bits, signed)
  add \sample_in [39:32] (8 bits, signed)
  add { \layer0.history[15] [6:0] 1'0 } (8 bits, signed)
  add \layer0.history[14] (8 bits, signed)
  add { $flatten\layer0.$mul$tcn_8ch_layer_parallel.v:62$2864_Y [7:1] 1'0 } (8 bits, signed)
  add \layer0.history[12] (8 bits, signed)
  add \layer0.history[11] (8 bits, signed)
  add \layer0.history[9] * 3'011 (8x3 bits, signed)
  sub \layer0.history[8] (8 bits, signed)
  add { \sample_in [22:16] 1'0 } (8 bits, signed)
  sub \layer0.history[7] (8 bits, signed)
  add { \layer0.history[6] [6:0] 1'0 } (8 bits, signed)
  add { \layer0.history[5] [6:0] 1'0 } (8 bits, signed)
  add \layer0.history[4] (8 bits, signed)
  add { $flatten\layer0.$mul$tcn_8ch_layer_parallel.v:58$2840_Y [7:1] 1'0 } (8 bits, signed)
  add \layer0.history[3] (8 bits, signed)
  add { $flatten\layer0.$mul$tcn_8ch_layer_parallel.v:62$2836_Y [7:1] 1'0 } (8 bits, signed)
  add \layer0.history[1] (8 bits, signed)
  packed 4 (1) bits / 1 words into adder tree
  add { \layer0.sample_out [6:0] 1'0 } (8 bits, signed)
  add { \layer1.history[31] [6:0] 1'0 } (8 bits, signed)
  add { \layer1.history[30] [6:0] 1'0 } (8 bits, signed)
  add \layer1.history[29] (8 bits, signed)
  add { $flatten\layer1.$mul$tcn_8ch_layer_parallel.v:62$2322_Y [7:1] 1'0 } (8 bits, signed)
  add \layer0.sample_out [63:56] (8 bits, signed)
  add { $flatten\layer1.$mul$tcn_8ch_layer_parallel.v:62$2318_Y [7:1] 1'0 } (8 bits, signed)
  add \layer1.history[26] (8 bits, signed)
  add \layer1.history[24] * 3'011 (8x3 bits, signed)
  sub \layer0.sample_out [55:48] (8 bits, signed)
  add \layer1.history[23] * 3'011 (8x3 bits, signed)
  sub \layer1.history[22] (8 bits, signed)
  add { \layer1.history[21] [6:0] 1'0 } (8 bits, signed)
  add { \layer1.history[20] [6:0] 1'0 } (8 bits, signed)
  add \layer0.sample_out [47:40] (8 bits, signed)
  add { \layer1.history[19] [6:0] 1'0 } (8 bits, signed)
  add \layer1.history[18] (8 bits, signed)
  add { $flatten\layer1.$mul$tcn_8ch_layer_parallel.v:62$2294_Y [7:1] 1'0 } (8 bits, signed)
  add \layer1.history[16] (8 bits, signed)
  add \layer1.history[15] (8 bits, signed)
  add \layer1.history[13] * 3'011 (8x3 bits, signed)
  sub \layer1.history[12] (8 bits, signed)
  add { \layer0.sample_out [30:24] 1'0 } (8 bits, signed)
  sub \layer1.history[11] (8 bits, signed)
  add { \layer1.history[10] [6:0] 1'0 } (8 bits, signed)
  add { \layer1.history[9] [6:0] 1'0 } (8 bits, signed)
  add \layer1.history[8] (8 bits, signed)
  add { $flatten\layer1.$mul$tcn_8ch_layer_parallel.v:58$2270_Y [7:1] 1'0 } (8 bits, signed)
  add \layer1.history[7] (8 bits, signed)
  add { $flatten\layer1.$mul$tcn_8ch_layer_parallel.v:62$2266_Y [7:1] 1'0 } (8 bits, signed)
  add \layer1.history[5] (8 bits, signed)
  add \layer0.sample_out [15:8] * 3'011 (8x3 bits, signed)
  add \layer1.history[2] * 3'011 (8x3 bits, signed)
  sub \layer1.history[1] (8 bits, signed)
  add { \layer1.history[0] [6:0] 1'0 } (8 bits, signed)
  packed 4 (1) bits / 1 words into adder tree
  add { \layer0.sample_out [6:0] 1'0 } (8 bits, signed)
  sub \layer1.history[31] (8 bits, signed)
  add { \layer1.history[30] [6:0] 1'0 } (8 bits, signed)
  add { \layer1.history[29] [6:0] 1'0 } (8 bits, signed)
  add \layer1.history[28] (8 bits, signed)
  add { $flatten\layer1.$mul$tcn_8ch_layer_parallel.v:58$1760_Y [7:1] 1'0 } (8 bits, signed)
  add \layer1.history[27] (8 bits, signed)
  add { $flatten\layer1.$mul$tcn_8ch_layer_parallel.v:62$1756_Y [7:1] 1'0 } (8 bits, signed)
  add \layer1.history[25] (8 bits, signed)
  add \layer0.sample_out [55:48] * 3'011 (8x3 bits, signed)
  add \layer1.history[22] * 3'011 (8x3 bits, signed)
  sub \layer1.history[21] (8 bits, signed)
  add { \layer1.history[20] [6:0] 1'0 } (8 bits, signed)
  add { \layer0.sample_out [46:40] 1'0 } (8 bits, signed)
  add { \layer1.history[19] [6:0] 1'0 } (8 bits, signed)
  add { \layer1.history[18] [6:0] 1'0 } (8 bits, signed)
  add \layer1.history[17] (8 bits, signed)
  add { $flatten\layer1.$mul$tcn_8ch_layer_parallel.v:62$1732_Y [7:1] 1'0 } (8 bits, signed)
  add \layer0.sample_out [39:32] (8 bits, signed)
  add { $flatten\layer1.$mul$tcn_8ch_layer_parallel.v:62$1728_Y [7:1] 1'0 } (8 bits, signed)
  add \layer1.history[14] (8 bits, signed)
  add \layer1.history[12] * 3'011 (8x3 bits, signed)
  sub \layer0.sample_out [31:24] (8 bits, signed)
  add \layer1.history[11] * 3'011 (8x3 bits, signed)
  sub \layer1.history[10] (8 bits, signed)
  add { \layer1.history[9] [6:0] 1'0 } (8 bits, signed)
  add { \layer1.history[8] [6:0] 1'0 } (8 bits, signed)
  add \layer0.sample_out [23:16] (8 bits, signed)
  add { \layer1.history[7] [6:0] 1'0 } (8 bits, signed)
  add \layer1.history[6] (8 bits, signed)
  add { $flatten\layer1.$mul$tcn_8ch_layer_parallel.v:62$1704_Y [7:1] 1'0 } (8 bits, signed)
  add \layer1.history[4] (8 bits, signed)
  add \layer1.history[3] (8 bits, signed)
  add \layer1.history[1] * 3'011 (8x3 bits, signed)
  sub \layer1.history[0] (8 bits, signed)
  packed 4 (1) bits / 1 words into adder tree
  add \layer0.sample_out [7:0] (8 bits, signed)
  add { \layer1.history[31] [6:0] 1'0 } (8 bits, signed)
  add \layer1.history[30] (8 bits, signed)
  add { $flatten\layer1.$mul$tcn_8ch_layer_parallel.v:62$2244_Y [7:1] 1'0 } (8 bits, signed)
  add \layer1.history[28] (8 bits, signed)
  add \layer1.history[27] (8 bits, signed)
  add \layer1.history[25] * 3'011 (8x3 bits, signed)
  sub \layer1.history[24] (8 bits, signed)
  add { \layer0.sample_out [54:48] 1'0 } (8 bits, signed)
  sub \layer1.history[23] (8 bits, signed)
  add { \layer1.history[22] [6:0] 1'0 } (8 bits, signed)
  add { \layer1.history[21] [6:0] 1'0 } (8 bits, signed)
  add \layer1.history[20] (8 bits, signed)
  add { $flatten\layer1.$mul$tcn_8ch_layer_parallel.v:58$2220_Y [7:1] 1'0 } (8 bits, signed)
  add \layer1.history[19] (8 bits, signed)
  add { $flatten\layer1.$mul$tcn_8ch_layer_parallel.v:62$2216_Y [7:1] 1'0 } (8 bits, signed)
  add \layer1.history[17] (8 bits, signed)
  add \layer0.sample_out [39:32] * 3'011 (8x3 bits, signed)
  add \layer1.history[14] * 3'011 (8x3 bits, signed)
  sub \layer1.history[13] (8 bits, signed)
  add { \layer1.history[12] [6:0] 1'0 } (8 bits, signed)
  add { \layer0.sample_out [30:24] 1'0 } (8 bits, signed)
  add { \layer1.history[11] [6:0] 1'0 } (8 bits, signed)
  add { \layer1.history[10] [6:0] 1'0 } (8 bits, signed)
  add \layer1.history[9] (8 bits, signed)
  add { $flatten\layer1.$mul$tcn_8ch_layer_parallel.v:62$2192_Y [7:1] 1'0 } (8 bits, signed)
  add \layer0.sample_out [23:16] (8 bits, signed)
  add { $flatten\layer1.$mul$tcn_8ch_layer_parallel.v:62$2188_Y [7:1] 1'0 } (8 bits, signed)
  add \layer1.history[6] (8 bits, signed)
  add \layer1.history[4] * 3'011 (8x3 bits, signed)
  sub \layer0.sample_out [15:8] (8 bits, signed)
  add \layer1.history[3] * 3'011 (8x3 bits, signed)
  sub \layer1.history[2] (8 bits, signed)
  add { \layer1.history[1] [6:0] 1'0 } (8 bits, signed)
  add { \layer1.history[0] [6:0] 1'0 } (8 bits, signed)
  packed 4 (1) bits / 1 words into adder tree
  add { $flatten\layer1.$add$tcn_8ch_layer_parallel.v:57$2091_Y [7:1] 1'0 } (8 bits, signed)
  add \layer1.history[31] (8 bits, signed)
  add { $flatten\layer1.$mul$tcn_8ch_layer_parallel.v:62$2166_Y [7:1] 1'0 } (8 bits, signed)
  add \layer1.history[29] (8 bits, signed)
  add \layer0.sample_out [63:56] * 3'011 (8x3 bits, signed)
  add \layer1.history[26] * 3'011 (8x3 bits, signed)
  sub \layer1.history[25] (8 bits, signed)
  add { \layer1.history[24] [6:0] 1'0 } (8 bits, signed)
  add { \layer0.sample_out [54:48] 1'0 } (8 bits, signed)
  add { \layer1.history[23] [6:0] 1'0 } (8 bits, signed)
  add { \layer1.history[22] [6:0] 1'0 } (8 bits, signed)
  add \layer1.history[21] (8 bits, signed)
  add { $flatten\layer1.$mul$tcn_8ch_layer_parallel.v:62$2142_Y [7:1] 1'0 } (8 bits, signed)
  add \layer0.sample_out [47:40] (8 bits, signed)
  add { $flatten\layer1.$mul$tcn_8ch_layer_parallel.v:62$2138_Y [7:1] 1'0 } (8 bits, signed)
  add \layer1.history[18] (8 bits, signed)
  add \layer1.history[16] * 3'011 (8x3 bits, signed)
  sub \layer0.sample_out [39:32] (8 bits, signed)
  add \layer1.history[15] * 3'011 (8x3 bits, signed)
  sub \layer1.history[14] (8 bits, signed)
  add { \layer1.history[13] [6:0] 1'0 } (8 bits, signed)
  add { \layer1.history[12] [6:0] 1'0 } (8 bits, signed)
  add \layer0.sample_out [31:24] (8 bits, signed)
  add { \layer1.history[11] [6:0] 1'0 } (8 bits, signed)
  add \layer1.history[10] (8 bits, signed)
  add { $flatten\layer1.$mul$tcn_8ch_layer_parallel.v:62$2114_Y [7:1] 1'0 } (8 bits, signed)
  add \layer1.history[8] (8 bits, signed)
  add \layer1.history[7] (8 bits, signed)
  add \layer1.history[5] * 3'011 (8x3 bits, signed)
  sub \layer1.history[4] (8 bits, signed)
  add { \layer0.sample_out [14:8] 1'0 } (8 bits, signed)
  sub \layer1.history[3] (8 bits, signed)
  add { \layer1.history[2] [6:0] 1'0 } (8 bits, signed)
  add { \layer1.history[1] [6:0] 1'0 } (8 bits, signed)
  add \layer1.history[0] (8 bits, signed)
  packed 4 (1) bits / 1 words into adder tree
  add \sample_in [7:0] (8 bits, signed)
  add { $flatten\layer0.$mul$tcn_8ch_layer_parallel.v:62$3068_Y [7:1] 1'0 } (8 bits, signed)
  add \layer0.history[30] (8 bits, signed)
  add \layer0.history[28] * 3'011 (8x3 bits, signed)
  sub \sample_in [63:56] (8 bits, signed)
  add \layer0.history[27] * 3'011 (8x3 bits, signed)
  sub \layer0.history[26] (8 bits, signed)
  add { \layer0.history[25] [6:0] 1'0 } (8 bits, signed)
  add { \layer0.history[24] [6:0] 1'0 } (8 bits, signed)
  add \sample_in [55:48] (8 bits, signed)
  add { \layer0.history[23] [6:0] 1'0 } (8 bits, signed)
  add \layer0.history[22] (8 bits, signed)
  add { $flatten\layer0.$mul$tcn_8ch_layer_parallel.v:62$3044_Y [7:1] 1'0 } (8 bits, signed)
  add \layer0.history[20] (8 bits, signed)
  add \layer0.history[19] (8 bits, signed)
  add \layer0.history[17] * 3'011 (8x3 bits, signed)
  sub \layer0.history[16] (8 bits, signed)
  add { \sample_in [38:32] 1'0 } (8 bits, signed)
  sub \layer0.history[15] (8 bits, signed)
  add { \layer0.history[14] [6:0] 1'0 } (8 bits, signed)
  add { \layer0.history[13] [6:0] 1'0 } (8 bits, signed)
  add \layer0.history[12] (8 bits, signed)
  add { $flatten\layer0.$mul$tcn_8ch_layer_parallel.v:58$3020_Y [7:1] 1'0 } (8 bits, signed)
  add \layer0.history[11] (8 bits, signed)
  add { $flatten\layer0.$mul$tcn_8ch_layer_parallel.v:62$3016_Y [7:1] 1'0 } (8 bits, signed)
  add \layer0.history[9] (8 bits, signed)
  add \sample_in [23:16] * 3'011 (8x3 bits, signed)
  add \layer0.history[6] * 3'011 (8x3 bits, signed)
  sub \layer0.history[5] (8 bits, signed)
  add { \layer0.history[4] [6:0] 1'0 } (8 bits, signed)
  add { \sample_in [14:8] 1'0 } (8 bits, signed)
  add { \layer0.history[3] [6:0] 1'0 } (8 bits, signed)
  add { \layer0.history[2] [6:0] 1'0 } (8 bits, signed)
  add \layer0.history[1] (8 bits, signed)
  add { $flatten\layer0.$mul$tcn_8ch_layer_parallel.v:62$2992_Y [7:1] 1'0 } (8 bits, signed)
  packed 4 (1) bits / 1 words into adder tree
Using template $paramod\_90_fa\WIDTH=32'00000000000000000000000000000111 for cells of type $fa.
Using template $paramod\_90_fa\WIDTH=32'00000000000000000000000000001000 for cells of type $fa.
Using extmapper simplemap for cells of type $pos.
Using extmapper simplemap for cells of type $and.
Using template $paramod$a1bc51c02ce12ac21eb18988e83292af48ed7d72\_80_ice40_alu for cells of type $alu.
No more expansions possible.
<suppressed ~5548 debug messages>

3.32. Executing OPT pass (performing simple optimizations).

3.32.1. Executing OPT_EXPR pass (perform const folding).
Optimizing module tcn_network_8ch_2layer.
<suppressed ~8515 debug messages>

3.32.2. Executing OPT_MERGE pass (detect identical cells).
Finding identical cells in module `\tcn_network_8ch_2layer'.
<suppressed ~3360 debug messages>
Removed a total of 1120 cells.

3.32.3. Executing OPT_DFF pass (perform DFF optimizations).

3.32.4. Executing OPT_CLEAN pass (remove unused cells and wires).
Finding unused cells or wires in module \tcn_network_8ch_2layer..
Removed 2251 unused cells and 9321 unused wires.
<suppressed ~2252 debug messages>

3.32.5. Finished fast OPT passes.

3.33. Executing ICE40_OPT pass (performing simple optimizations).

3.33.1. Running ICE40 specific optimizations.
Optimized $__ICE40_CARRY_WRAPPER cell back to logic (without SB_CARRY) tcn_network_8ch_2layer.$auto$alumacc.cc:485:replace_alu$4328.slice[0].carry: CO=$auto$alumacc.cc:485:replace_alu$4328.BB [0]
Optimized $__ICE40_CARRY_WRAPPER cell back to logic (without SB_CARRY) tcn_network_8ch_2layer.$auto$alumacc.cc:485:replace_alu$4341.slice[0].carry: CO=$auto$alumacc.cc:485:replace_alu$4341.BB [0]
Optimized $__ICE40_CARRY_WRAPPER cell back to logic (without SB_CARRY) tcn_network_8ch_2layer.$auto$alumacc.cc:485:replace_alu$4354.slice[0].carry: CO=$auto$alumacc.cc:485:replace_alu$4354.BB [0]
Optimized $__ICE40_CARRY_WRAPPER cell back to logic (without SB_CARRY) tcn_network_8ch_2layer.$auto$alumacc.cc:485:replace_alu$4367.slice[0].carry: CO=$auto$alumacc.cc:485:replace_alu$4367.BB [0]
Optimized $__ICE40_CARRY_WRAPPER cell back to logic (without SB_CARRY) tcn_network_8ch_2layer.$auto$alumacc.cc:485:replace_alu$4380.slice[0].carry: CO=$auto$alumacc.cc:485:replace_alu$4380.BB [0]
Optimized $__ICE40_CARRY_WRAPPER cell back to logic (without SB_CARRY) tcn_network_8ch_2layer.$auto$alumacc.cc:485:replace_alu$4393.slice[0].carry: CO=$auto$alumacc.cc:485:replace_alu$4393.BB [0]
Optimized $__ICE40_CARRY_WRAPPER cell back to logic (without SB_CARRY) tcn_network_8ch_2layer.$auto$alumacc.cc:485:replace_alu$4406.slice[0].carry: CO=$auto$alumacc.cc:485:replace_alu$4406.BB [0]
Optimized $__ICE40_CARRY_WRAPPER cell back to logic (without SB_CARRY) tcn_network_8ch_2layer.$auto$alumacc.cc:485:replace_alu$4419.slice[0].carry: CO=$auto$alumacc.cc:485:replace_alu$4419.BB [0]
Optimized $__ICE40_CARRY_WRAPPER cell back to logic (without SB_CARRY) tcn_network_8ch_2layer.$auto$alumacc.cc:485:replace_alu$4432.slice[0].carry: CO=$auto$alumacc.cc:485:replace_alu$4432.BB [0]
Optimized $__ICE40_CARRY_WRAPPER cell back to logic (without SB_CARRY) tcn_network_8ch_2layer.$auto$alumacc.cc:485:replace_alu$4435.slice[0].carry: CO=$auto$alumacc.cc:485:replace_alu$4435.BB [0]
Optimized $__ICE40_CARRY_WRAPPER cell back to logic (without SB_CARRY) tcn_network_8ch_2layer.$auto$alumacc.cc:485:replace_alu$4438.slice[0].carry: CO=$auto$alumacc.cc:485:replace_alu$4438.BB [0]
Optimized $__ICE40_CARRY_WRAPPER cell back to logic (without SB_CARRY) tcn_network_8ch_2layer.$auto$alumacc.cc:485:replace_alu$4441.slice[0].carry: CO=$auto$alumacc.cc:485:replace_alu$4441.BB [0]
Optimized $__ICE40_CARRY_WRAPPER cell back to logic (without SB_CARRY) tcn_network_8ch_2layer.$auto$alumacc.cc:485:replace_alu$4444.slice[0].carry: CO=$auto$alumacc.cc:485:replace_alu$4444.BB [0]
Optimized $__ICE40_CARRY_WRAPPER cell back to logic (without SB_CARRY) tcn_network_8ch_2layer.$auto$alumacc.cc:485:replace_alu$4447.slice[0].carry: CO=$auto$alumacc.cc:485:replace_alu$4447.BB [0]
Optimized $__ICE40_CARRY_WRAPPER cell back to logic (without SB_CARRY) tcn_network_8ch_2layer.$auto$alumacc.cc:485:replace_alu$4450.slice[0].carry: CO=$auto$alumacc.cc:485:replace_alu$4450.BB [0]
Optimized $__ICE40_CARRY_WRAPPER cell back to logic (without SB_CARRY) tcn_network_8ch_2layer.$auto$alumacc.cc:485:replace_alu$4453.slice[0].carry: CO=$auto$alumacc.cc:485:replace_alu$4453.BB [0]
Optimized $__ICE40_CARRY_WRAPPER cell back to logic (without SB_CARRY) tcn_network_8ch_2layer.$auto$alumacc.cc:485:replace_alu$4456.slice[0].carry: CO=$auto$alumacc.cc:485:replace_alu$4456.BB [0]
Optimized $__ICE40_CARRY_WRAPPER cell back to logic (without SB_CARRY) tcn_network_8ch_2layer.$auto$alumacc.cc:485:replace_alu$4459.slice[0].carry: CO=$auto$alumacc.cc:485:replace_alu$4459.BB [0]
Optimized $__ICE40_CARRY_WRAPPER cell back to logic (without SB_CARRY) tcn_network_8ch_2layer.$auto$alumacc.cc:485:replace_alu$4462.slice[0].carry: CO=$auto$alumacc.cc:485:replace_alu$4462.BB [0]
Optimized $__ICE40_CARRY_WRAPPER cell back to logic (without SB_CARRY) tcn_network_8ch_2layer.$auto$alumacc.cc:485:replace_alu$4465.slice[0].carry: CO=$auto$alumacc.cc:485:replace_alu$4465.BB [0]
Optimized $__ICE40_CARRY_WRAPPER cell back to logic (without SB_CARRY) tcn_network_8ch_2layer.$auto$alumacc.cc:485:replace_alu$4468.slice[0].carry: CO=$auto$alumacc.cc:485:replace_alu$4468.BB [0]
Optimized $__ICE40_CARRY_WRAPPER cell back to logic (without SB_CARRY) tcn_network_8ch_2layer.$auto$alumacc.cc:485:replace_alu$4471.slice[0].carry: CO=$auto$alumacc.cc:485:replace_alu$4471.BB [0]
Optimized $__ICE40_CARRY_WRAPPER cell back to logic (without SB_CARRY) tcn_network_8ch_2layer.$auto$alumacc.cc:485:replace_alu$4474.slice[0].carry: CO=$auto$alumacc.cc:485:replace_alu$4474.BB [0]
Optimized $__ICE40_CARRY_WRAPPER cell back to logic (without SB_CARRY) tcn_network_8ch_2layer.$auto$alumacc.cc:485:replace_alu$4477.slice[0].carry: CO=$auto$alumacc.cc:485:replace_alu$4477.BB [0]
Optimized $__ICE40_CARRY_WRAPPER cell back to logic (without SB_CARRY) tcn_network_8ch_2layer.$auto$alumacc.cc:485:replace_alu$4480.slice[0].carry: CO=$auto$alumacc.cc:485:replace_alu$4480.BB [0]
Optimized $__ICE40_CARRY_WRAPPER cell back to logic (without SB_CARRY) tcn_network_8ch_2layer.$auto$alumacc.cc:485:replace_alu$4483.slice[0].carry: CO=$auto$alumacc.cc:485:replace_alu$4483.BB [0]
Optimized $__ICE40_CARRY_WRAPPER cell back to logic (without SB_CARRY) tcn_network_8ch_2layer.$auto$alumacc.cc:485:replace_alu$4486.slice[0].carry: CO=$auto$alumacc.cc:485:replace_alu$4486.BB [0]
Optimized $__ICE40_CARRY_WRAPPER cell back to logic (without SB_CARRY) tcn_network_8ch_2layer.$auto$alumacc.cc:485:replace_alu$4489.slice[0].carry: CO=$auto$alumacc.cc:485:replace_alu$4489.BB [0]
Optimized $__ICE40_CARRY_WRAPPER cell back to logic (without SB_CARRY) tcn_network_8ch_2layer.$auto$alumacc.cc:485:replace_alu$4492.slice[0].carry: CO=$auto$alumacc.cc:485:replace_alu$4492.BB [0]
Optimized $__ICE40_CARRY_WRAPPER cell back to logic (without SB_CARRY) tcn_network_8ch_2layer.$auto$alumacc.cc:485:replace_alu$4495.slice[0].carry: CO=$auto$alumacc.cc:485:replace_alu$4495.BB [0]
Optimized $__ICE40_CARRY_WRAPPER cell back to logic (without SB_CARRY) tcn_network_8ch_2layer.$auto$alumacc.cc:485:replace_alu$4498.slice[0].carry: CO=$auto$alumacc.cc:485:replace_alu$4498.BB [0]
Optimized $__ICE40_CARRY_WRAPPER cell back to logic (without SB_CARRY) tcn_network_8ch_2layer.$auto$alumacc.cc:485:replace_alu$4501.slice[0].carry: CO=$auto$alumacc.cc:485:replace_alu$4501.BB [0]
Optimized $__ICE40_CARRY_WRAPPER cell back to logic (without SB_CARRY) tcn_network_8ch_2layer.$auto$alumacc.cc:485:replace_alu$4504.slice[0].carry: CO=$auto$alumacc.cc:485:replace_alu$4504.BB [0]
Optimized $__ICE40_CARRY_WRAPPER cell back to logic (without SB_CARRY) tcn_network_8ch_2layer.$auto$alumacc.cc:485:replace_alu$4507.slice[0].carry: CO=$auto$alumacc.cc:485:replace_alu$4507.BB [0]
Optimized $__ICE40_CARRY_WRAPPER cell back to logic (without SB_CARRY) tcn_network_8ch_2layer.$auto$alumacc.cc:485:replace_alu$4510.slice[0].carry: CO=$auto$alumacc.cc:485:replace_alu$4510.BB [0]
Optimized $__ICE40_CARRY_WRAPPER cell back to logic (without SB_CARRY) tcn_network_8ch_2layer.$auto$alumacc.cc:485:replace_alu$4513.slice[0].carry: CO=$auto$alumacc.cc:485:replace_alu$4513.BB [0]
Optimized $__ICE40_CARRY_WRAPPER cell back to logic (without SB_CARRY) tcn_network_8ch_2layer.$auto$alumacc.cc:485:replace_alu$4516.slice[0].carry: CO=$auto$alumacc.cc:485:replace_alu$4516.BB [0]
Optimized $__ICE40_CARRY_WRAPPER cell back to logic (without SB_CARRY) tcn_network_8ch_2layer.$auto$alumacc.cc:485:replace_alu$4519.slice[0].carry: CO=$auto$alumacc.cc:485:replace_alu$4519.BB [0]
Optimized $__ICE40_CARRY_WRAPPER cell back to logic (without SB_CARRY) tcn_network_8ch_2layer.$auto$alumacc.cc:485:replace_alu$4522.slice[0].carry: CO=$auto$alumacc.cc:485:replace_alu$4522.BB [0]
Optimized $__ICE40_CARRY_WRAPPER cell back to logic (without SB_CARRY) tcn_network_8ch_2layer.$auto$alumacc.cc:485:replace_alu$4525.slice[0].carry: CO=$auto$alumacc.cc:485:replace_alu$4525.BB [0]
Optimized $__ICE40_CARRY_WRAPPER cell back to logic (without SB_CARRY) tcn_network_8ch_2layer.$auto$alumacc.cc:485:replace_alu$4528.slice[0].carry: CO=$auto$alumacc.cc:485:replace_alu$4528.BB [0]
Optimized $__ICE40_CARRY_WRAPPER cell back to logic (without SB_CARRY) tcn_network_8ch_2layer.$auto$alumacc.cc:485:replace_alu$4531.slice[0].carry: CO=$auto$alumacc.cc:485:replace_alu$4531.BB [0]
Optimized $__ICE40_CARRY_WRAPPER cell back to logic (without SB_CARRY) tcn_network_8ch_2layer.$auto$alumacc.cc:485:replace_alu$4534.slice[0].carry: CO=$auto$alumacc.cc:485:replace_alu$4534.BB [0]
Optimized $__ICE40_CARRY_WRAPPER cell back to logic (without SB_CARRY) tcn_network_8ch_2layer.$auto$alumacc.cc:485:replace_alu$4537.slice[0].carry: CO=$auto$alumacc.cc:485:replace_alu$4537.BB [0]
Optimized $__ICE40_CARRY_WRAPPER cell back to logic (without SB_CARRY) tcn_network_8ch_2layer.$auto$alumacc.cc:485:replace_alu$4540.slice[0].carry: CO=$auto$alumacc.cc:485:replace_alu$4540.BB [0]
Optimized $__ICE40_CARRY_WRAPPER cell back to logic (without SB_CARRY) tcn_network_8ch_2layer.$auto$alumacc.cc:485:replace_alu$4543.slice[0].carry: CO=$auto$alumacc.cc:485:replace_alu$4543.BB [0]
Optimized $__ICE40_CARRY_WRAPPER cell back to logic (without SB_CARRY) tcn_network_8ch_2layer.$auto$alumacc.cc:485:replace_alu$4546.slice[0].carry: CO=$auto$alumacc.cc:485:replace_alu$4546.BB [0]
Optimized $__ICE40_CARRY_WRAPPER cell back to logic (without SB_CARRY) tcn_network_8ch_2layer.$auto$alumacc.cc:485:replace_alu$4549.slice[0].carry: CO=$auto$alumacc.cc:485:replace_alu$4549.BB [0]
Optimized $__ICE40_CARRY_WRAPPER cell back to logic (without SB_CARRY) tcn_network_8ch_2layer.$auto$alumacc.cc:485:replace_alu$4552.slice[0].carry: CO=$auto$alumacc.cc:485:replace_alu$4552.BB [0]
Optimized $__ICE40_CARRY_WRAPPER cell back to logic (without SB_CARRY) tcn_network_8ch_2layer.$auto$alumacc.cc:485:replace_alu$4555.slice[0].carry: CO=$auto$alumacc.cc:485:replace_alu$4555.BB [0]
Optimized $__ICE40_CARRY_WRAPPER cell back to logic (without SB_CARRY) tcn_network_8ch_2layer.$auto$alumacc.cc:485:replace_alu$4558.slice[0].carry: CO=$auto$alumacc.cc:485:replace_alu$4558.BB [0]
Optimized $__ICE40_CARRY_WRAPPER cell back to logic (without SB_CARRY) tcn_network_8ch_2layer.$auto$alumacc.cc:485:replace_alu$4561.slice[0].carry: CO=$auto$alumacc.cc:485:replace_alu$4561.BB [0]
Optimized $__ICE40_CARRY_WRAPPER cell back to logic (without SB_CARRY) tcn_network_8ch_2layer.$auto$alumacc.cc:485:replace_alu$4564.slice[0].carry: CO=$auto$alumacc.cc:485:replace_alu$4564.BB [0]
Optimized $__ICE40_CARRY_WRAPPER cell back to logic (without SB_CARRY) tcn_network_8ch_2layer.$auto$alumacc.cc:485:replace_alu$4567.slice[0].carry: CO=$auto$alumacc.cc:485:replace_alu$4567.BB [0]
Optimized $__ICE40_CARRY_WRAPPER cell back to logic (without SB_CARRY) tcn_network_8ch_2layer.$auto$alumacc.cc:485:replace_alu$4570.slice[0].carry: CO=$auto$alumacc.cc:485:replace_alu$4570.BB [0]
Optimized $__ICE40_CARRY_WRAPPER cell back to logic (without SB_CARRY) tcn_network_8ch_2layer.$auto$alumacc.cc:485:replace_alu$4573.slice[0].carry: CO=$auto$alumacc.cc:485:replace_alu$4573.BB [0]
Optimized $__ICE40_CARRY_WRAPPER cell back to logic (without SB_CARRY) tcn_network_8ch_2layer.$auto$alumacc.cc:485:replace_alu$4576.slice[0].carry: CO=$auto$alumacc.cc:485:replace_alu$4576.BB [0]
Optimized $__ICE40_CARRY_WRAPPER cell back to logic (without SB_CARRY) tcn_network_8ch_2layer.$auto$alumacc.cc:485:replace_alu$4579.slice[0].carry: CO=$auto$alumacc.cc:485:replace_alu$4579.BB [0]
Optimized $__ICE40_CARRY_WRAPPER cell back to logic (without SB_CARRY) tcn_network_8ch_2layer.$auto$alumacc.cc:485:replace_alu$4582.slice[0].carry: CO=$auto$alumacc.cc:485:replace_alu$4582.BB [0]
Optimized $__ICE40_CARRY_WRAPPER cell back to logic (without SB_CARRY) tcn_network_8ch_2layer.$auto$alumacc.cc:485:replace_alu$4585.slice[0].carry: CO=$auto$alumacc.cc:485:replace_alu$4585.BB [0]
Optimized $__ICE40_CARRY_WRAPPER cell back to logic (without SB_CARRY) tcn_network_8ch_2layer.$auto$alumacc.cc:485:replace_alu$4588.slice[0].carry: CO=$auto$alumacc.cc:485:replace_alu$4588.BB [0]
Optimized $__ICE40_CARRY_WRAPPER cell back to logic (without SB_CARRY) tcn_network_8ch_2layer.$auto$alumacc.cc:485:replace_alu$4591.slice[0].carry: CO=$auto$alumacc.cc:485:replace_alu$4591.BB [0]
Optimized $__ICE40_CARRY_WRAPPER cell back to logic (without SB_CARRY) tcn_network_8ch_2layer.$auto$alumacc.cc:485:replace_alu$4594.slice[0].carry: CO=$auto$alumacc.cc:485:replace_alu$4594.BB [0]
Optimized $__ICE40_CARRY_WRAPPER cell back to logic (without SB_CARRY) tcn_network_8ch_2layer.$auto$alumacc.cc:485:replace_alu$4597.slice[0].carry: CO=$auto$alumacc.cc:485:replace_alu$4597.BB [0]
Optimized $__ICE40_CARRY_WRAPPER cell back to logic (without SB_CARRY) tcn_network_8ch_2layer.$auto$alumacc.cc:485:replace_alu$4600.slice[0].carry: CO=$auto$alumacc.cc:485:replace_alu$4600.BB [0]
Optimized $__ICE40_CARRY_WRAPPER cell back to logic (without SB_CARRY) tcn_network_8ch_2layer.$auto$alumacc.cc:485:replace_alu$4603.slice[0].carry: CO=$auto$alumacc.cc:485:replace_alu$4603.BB [0]
Optimized $__ICE40_CARRY_WRAPPER cell back to logic (without SB_CARRY) tcn_network_8ch_2layer.$auto$alumacc.cc:485:replace_alu$4606.slice[0].carry: CO=$auto$alumacc.cc:485:replace_alu$4606.BB [0]
Optimized $__ICE40_CARRY_WRAPPER cell back to logic (without SB_CARRY) tcn_network_8ch_2layer.$auto$alumacc.cc:485:replace_alu$4609.slice[0].carry: CO=$auto$alumacc.cc:485:replace_alu$4609.BB [0]
Optimized $__ICE40_CARRY_WRAPPER cell back to logic (without SB_CARRY) tcn_network_8ch_2layer.$auto$alumacc.cc:485:replace_alu$4612.slice[0].carry: CO=$auto$alumacc.cc:485:replace_alu$4612.BB [0]
Optimized $__ICE40_CARRY_WRAPPER cell back to logic (without SB_CARRY) tcn_network_8ch_2layer.$auto$alumacc.cc:485:replace_alu$4615.slice[0].carry: CO=$auto$alumacc.cc:485:replace_alu$4615.BB [0]
Optimized $__ICE40_CARRY_WRAPPER cell back to logic (without SB_CARRY) tcn_network_8ch_2layer.$auto$alumacc.cc:485:replace_alu$4618.slice[0].carry: CO=$auto$alumacc.cc:485:replace_alu$4618.BB [0]
Optimized $__ICE40_CARRY_WRAPPER cell back to logic (without SB_CARRY) tcn_network_8ch_2layer.$auto$alumacc.cc:485:replace_alu$4621.slice[0].carry: CO=$auto$alumacc.cc:485:replace_alu$4621.BB [0]
Optimized $__ICE40_CARRY_WRAPPER cell back to logic (without SB_CARRY) tcn_network_8ch_2layer.$auto$alumacc.cc:485:replace_alu$4624.slice[0].carry: CO=$auto$alumacc.cc:485:replace_alu$4624.BB [0]
Optimized $__ICE40_CARRY_WRAPPER cell back to logic (without SB_CARRY) tcn_network_8ch_2layer.$auto$alumacc.cc:485:replace_alu$4627.slice[0].carry: CO=$auto$alumacc.cc:485:replace_alu$4627.BB [0]
Optimized $__ICE40_CARRY_WRAPPER cell back to logic (without SB_CARRY) tcn_network_8ch_2layer.$auto$alumacc.cc:485:replace_alu$4630.slice[0].carry: CO=$auto$alumacc.cc:485:replace_alu$4630.BB [0]
Optimized $__ICE40_CARRY_WRAPPER cell back to logic (without SB_CARRY) tcn_network_8ch_2layer.$auto$alumacc.cc:485:replace_alu$4633.slice[0].carry: CO=$auto$alumacc.cc:485:replace_alu$4633.BB [0]
Optimized $__ICE40_CARRY_WRAPPER cell back to logic (without SB_CARRY) tcn_network_8ch_2layer.$auto$alumacc.cc:485:replace_alu$4636.slice[0].carry: CO=$auto$alumacc.cc:485:replace_alu$4636.BB [0]
Optimized $__ICE40_CARRY_WRAPPER cell back to logic (without SB_CARRY) tcn_network_8ch_2layer.$auto$alumacc.cc:485:replace_alu$4639.slice[0].carry: CO=$auto$alumacc.cc:485:replace_alu$4639.BB [0]
Optimized $__ICE40_CARRY_WRAPPER cell back to logic (without SB_CARRY) tcn_network_8ch_2layer.$auto$alumacc.cc:485:replace_alu$4642.slice[0].carry: CO=$auto$alumacc.cc:485:replace_alu$4642.BB [0]
Optimized $__ICE40_CARRY_WRAPPER cell back to logic (without SB_CARRY) tcn_network_8ch_2layer.$auto$alumacc.cc:485:replace_alu$4645.slice[0].carry: CO=$auto$alumacc.cc:485:replace_alu$4645.BB [0]
Optimized $__ICE40_CARRY_WRAPPER cell back to logic (without SB_CARRY) tcn_network_8ch_2layer.$auto$alumacc.cc:485:replace_alu$4648.slice[0].carry: CO=$auto$alumacc.cc:485:replace_alu$4648.BB [0]
Optimized $__ICE40_CARRY_WRAPPER cell back to logic (without SB_CARRY) tcn_network_8ch_2layer.$auto$alumacc.cc:485:replace_alu$4651.slice[0].carry: CO=$auto$alumacc.cc:485:replace_alu$4651.BB [0]
Optimized $__ICE40_CARRY_WRAPPER cell back to logic (without SB_CARRY) tcn_network_8ch_2layer.$auto$alumacc.cc:485:replace_alu$4654.slice[0].carry: CO=$auto$alumacc.cc:485:replace_alu$4654.BB [0]
Optimized $__ICE40_CARRY_WRAPPER cell back to logic (without SB_CARRY) tcn_network_8ch_2layer.$auto$alumacc.cc:485:replace_alu$4657.slice[0].carry: CO=$auto$alumacc.cc:485:replace_alu$4657.BB [0]
Optimized $__ICE40_CARRY_WRAPPER cell back to logic (without SB_CARRY) tcn_network_8ch_2layer.$auto$alumacc.cc:485:replace_alu$4660.slice[0].carry: CO=$auto$alumacc.cc:485:replace_alu$4660.BB [0]
Optimized $__ICE40_CARRY_WRAPPER cell back to logic (without SB_CARRY) tcn_network_8ch_2layer.$auto$alumacc.cc:485:replace_alu$4663.slice[0].carry: CO=$auto$alumacc.cc:485:replace_alu$4663.BB [0]
Optimized $__ICE40_CARRY_WRAPPER cell back to logic (without SB_CARRY) tcn_network_8ch_2layer.$auto$alumacc.cc:485:replace_alu$4666.slice[0].carry: CO=$auto$alumacc.cc:485:replace_alu$4666.BB [0]
Optimized $__ICE40_CARRY_WRAPPER cell back to logic (without SB_CARRY) tcn_network_8ch_2layer.$auto$alumacc.cc:485:replace_alu$4669.slice[0].carry: CO=$auto$alumacc.cc:485:replace_alu$4669.BB [0]
Optimized $__ICE40_CARRY_WRAPPER cell back to logic (without SB_CARRY) tcn_network_8ch_2layer.$auto$maccmap.cc:240:synth$5008.slice[0].carry: CO=1'0
Optimized $__ICE40_CARRY_WRAPPER cell back to logic (without SB_CARRY) tcn_network_8ch_2layer.$auto$maccmap.cc:240:synth$5602.slice[0].carry: CO=1'0
Optimized $__ICE40_CARRY_WRAPPER cell back to logic (without SB_CARRY) tcn_network_8ch_2layer.$auto$maccmap.cc:240:synth$5785.slice[0].carry: CO=1'0
Optimized $__ICE40_CARRY_WRAPPER cell back to logic (without SB_CARRY) tcn_network_8ch_2layer.$auto$maccmap.cc:240:synth$5968.slice[0].carry: CO=1'0
Optimized $__ICE40_CARRY_WRAPPER cell back to logic (without SB_CARRY) tcn_network_8ch_2layer.$auto$maccmap.cc:240:synth$6151.slice[0].carry: CO=1'0
Optimized $__ICE40_CARRY_WRAPPER cell back to logic (without SB_CARRY) tcn_network_8ch_2layer.$auto$maccmap.cc:240:synth$6334.slice[0].carry: CO=1'0
Optimized $__ICE40_CARRY_WRAPPER cell back to logic (without SB_CARRY) tcn_network_8ch_2layer.$auto$maccmap.cc:240:synth$6517.slice[0].carry: CO=1'0
Optimized $__ICE40_CARRY_WRAPPER cell back to logic (without SB_CARRY) tcn_network_8ch_2layer.$auto$maccmap.cc:240:synth$6700.slice[0].carry: CO=1'0
Optimized $__ICE40_CARRY_WRAPPER cell back to logic (without SB_CARRY) tcn_network_8ch_2layer.$auto$maccmap.cc:240:synth$7431.slice[0].carry: CO=1'0
Optimized $__ICE40_CARRY_WRAPPER cell back to logic (without SB_CARRY) tcn_network_8ch_2layer.$auto$maccmap.cc:240:synth$7614.slice[0].carry: CO=1'0
Optimized $__ICE40_CARRY_WRAPPER cell back to logic (without SB_CARRY) tcn_network_8ch_2layer.$auto$maccmap.cc:240:synth$7797.slice[0].carry: CO=1'0
Optimized $__ICE40_CARRY_WRAPPER cell back to logic (without SB_CARRY) tcn_network_8ch_2layer.$auto$maccmap.cc:240:synth$7980.slice[0].carry: CO=1'0
Optimized $__ICE40_CARRY_WRAPPER cell back to logic (without SB_CARRY) tcn_network_8ch_2layer.$auto$maccmap.cc:240:synth$8163.slice[0].carry: CO=1'0
Optimized $__ICE40_CARRY_WRAPPER cell back to logic (without SB_CARRY) tcn_network_8ch_2layer.$auto$maccmap.cc:240:synth$8346.slice[0].carry: CO=1'0
Optimized $__ICE40_CARRY_WRAPPER cell back to logic (without SB_CARRY) tcn_network_8ch_2layer.$auto$maccmap.cc:240:synth$8529.slice[0].carry: CO=1'0
Optimized $__ICE40_CARRY_WRAPPER cell back to logic (without SB_CARRY) tcn_network_8ch_2layer.$auto$maccmap.cc:240:synth$8712.slice[0].carry: CO=1'0

3.33.2. Executing OPT_EXPR pass (perform const folding).
Optimizing module tcn_network_8ch_2layer.

3.33.3. Executing OPT_MERGE pass (detect identical cells).
Finding identical cells in module `\tcn_network_8ch_2layer'.
Removed a total of 0 cells.

3.33.4. Executing OPT_DFF pass (perform DFF optimizations).

3.33.5. Executing OPT_CLEAN pass (remove unused cells and wires).
Finding unused cells or wires in module \tcn_network_8ch_2layer..
Removed 8 unused cells and 0 unused wires.
<suppressed ~8 debug messages>

3.33.6. Rerunning OPT passes. (Removed registers in this run.)

3.33.7. Running ICE40 specific optimizations.
Optimized $__ICE40_CARRY_WRAPPER cell back to logic (without SB_CARRY) tcn_network_8ch_2layer.$auto$maccmap.cc:240:synth$5008.slice[1].carry: CO=1'0
Optimized $__ICE40_CARRY_WRAPPER cell back to logic (without SB_CARRY) tcn_network_8ch_2layer.$auto$maccmap.cc:240:synth$5602.slice[1].carry: CO=1'0
Optimized $__ICE40_CARRY_WRAPPER cell back to logic (without SB_CARRY) tcn_network_8ch_2layer.$auto$maccmap.cc:240:synth$5785.slice[1].carry: CO=1'0
Optimized $__ICE40_CARRY_WRAPPER cell back to logic (without SB_CARRY) tcn_network_8ch_2layer.$auto$maccmap.cc:240:synth$5968.slice[1].carry: CO=1'0
Optimized $__ICE40_CARRY_WRAPPER cell back to logic (without SB_CARRY) tcn_network_8ch_2layer.$auto$maccmap.cc:240:synth$6151.slice[1].carry: CO=1'0
Optimized $__ICE40_CARRY_WRAPPER cell back to logic (without SB_CARRY) tcn_network_8ch_2layer.$auto$maccmap.cc:240:synth$6334.slice[1].carry: CO=1'0
Optimized $__ICE40_CARRY_WRAPPER cell back to logic (without SB_CARRY) tcn_network_8ch_2layer.$auto$maccmap.cc:240:synth$6517.slice[1].carry: CO=1'0
Optimized $__ICE40_CARRY_WRAPPER cell back to logic (without SB_CARRY) tcn_network_8ch_2layer.$auto$maccmap.cc:240:synth$6700.slice[1].carry: CO=1'0
Optimized $__ICE40_CARRY_WRAPPER cell back to logic (without SB_CARRY) tcn_network_8ch_2layer.$auto$maccmap.cc:240:synth$7431.slice[1].carry: CO=1'0
Optimized $__ICE40_CARRY_WRAPPER cell back to logic (without SB_CARRY) tcn_network_8ch_2layer.$auto$maccmap.cc:240:synth$7614.slice[1].carry: CO=1'0
Optimized $__ICE40_CARRY_WRAPPER cell back to logic (without SB_CARRY) tcn_network_8ch_2layer.$auto$maccmap.cc:240:synth$7797.slice[1].carry: CO=1'0
Optimized $__ICE40_CARRY_WRAPPER cell back to logic (without SB_CARRY) tcn_network_8ch_2layer.$auto$maccmap.cc:240:synth$7980.slice[1].carry: CO=1'0
Optimized $__ICE40_CARRY_WRAPPER cell back to logic (without SB_CARRY) tcn_network_8ch_2layer.$auto$maccmap.cc:240:synth$8163.slice[1].carry: CO=1'0
Optimized $__ICE40_CARRY_WRAPPER cell back to logic (without SB_CARRY) tcn_network_8ch_2layer.$auto$maccmap.cc:240:synth$8346.slice[1].carry: CO=1'0
Optimized $__ICE40_CARRY_WRAPPER cell back to logic (without SB_CARRY) tcn_network_8ch_2layer.$auto$maccmap.cc:240:synth$8529.slice[1].carry: CO=1'0
Optimized $__ICE40_CARRY_WRAPPER cell back to logic (without SB_CARRY) tcn_network_8ch_2layer.$auto$maccmap.cc:240:synth$8712.slice[1].carry: CO=1'0

3.33.8. Executing OPT_EXPR pass (perform const folding).
Optimizing module tcn_network_8ch_2layer.

3.33.9. Executing OPT_MERGE pass (detect identical cells).
Finding identical cells in module `\tcn_network_8ch_2layer'.
Removed a total of 0 cells.

3.33.10. Executing OPT_DFF pass (perform DFF optimizations).

3.33.11. Executing OPT_CLEAN pass (remove unused cells and wires).
Finding unused cells or wires in module \tcn_network_8ch_2layer..

3.33.12. Rerunning OPT passes. (Removed registers in this run.)

3.33.13. Running ICE40 specific optimizations.
Optimized $__ICE40_CARRY_WRAPPER cell back to logic (without SB_CARRY) tcn_network_8ch_2layer.$auto$maccmap.cc:240:synth$5008.slice[2].carry: CO=1'0
Optimized $__ICE40_CARRY_WRAPPER cell back to logic (without SB_CARRY) tcn_network_8ch_2layer.$auto$maccmap.cc:240:synth$5602.slice[2].carry: CO=1'0
Optimized $__ICE40_CARRY_WRAPPER cell back to logic (without SB_CARRY) tcn_network_8ch_2layer.$auto$maccmap.cc:240:synth$5785.slice[2].carry: CO=1'0
Optimized $__ICE40_CARRY_WRAPPER cell back to logic (without SB_CARRY) tcn_network_8ch_2layer.$auto$maccmap.cc:240:synth$5968.slice[2].carry: CO=1'0
Optimized $__ICE40_CARRY_WRAPPER cell back to logic (without SB_CARRY) tcn_network_8ch_2layer.$auto$maccmap.cc:240:synth$6151.slice[2].carry: CO=1'0
Optimized $__ICE40_CARRY_WRAPPER cell back to logic (without SB_CARRY) tcn_network_8ch_2layer.$auto$maccmap.cc:240:synth$6334.slice[2].carry: CO=1'0
Optimized $__ICE40_CARRY_WRAPPER cell back to logic (without SB_CARRY) tcn_network_8ch_2layer.$auto$maccmap.cc:240:synth$6517.slice[2].carry: CO=1'0
Optimized $__ICE40_CARRY_WRAPPER cell back to logic (without SB_CARRY) tcn_network_8ch_2layer.$auto$maccmap.cc:240:synth$6700.slice[2].carry: CO=1'0
Optimized $__ICE40_CARRY_WRAPPER cell back to logic (without SB_CARRY) tcn_network_8ch_2layer.$auto$maccmap.cc:240:synth$7431.slice[2].carry: CO=1'0
Optimized $__ICE40_CARRY_WRAPPER cell back to logic (without SB_CARRY) tcn_network_8ch_2layer.$auto$maccmap.cc:240:synth$7614.slice[2].carry: CO=1'0
Optimized $__ICE40_CARRY_WRAPPER cell back to logic (without SB_CARRY) tcn_network_8ch_2layer.$auto$maccmap.cc:240:synth$7797.slice[2].carry: CO=1'0
Optimized $__ICE40_CARRY_WRAPPER cell back to logic (without SB_CARRY) tcn_network_8ch_2layer.$auto$maccmap.cc:240:synth$7980.slice[2].carry: CO=1'0
Optimized $__ICE40_CARRY_WRAPPER cell back to logic (without SB_CARRY) tcn_network_8ch_2layer.$auto$maccmap.cc:240:synth$8163.slice[2].carry: CO=1'0
Optimized $__ICE40_CARRY_WRAPPER cell back to logic (without SB_CARRY) tcn_network_8ch_2layer.$auto$maccmap.cc:240:synth$8346.slice[2].carry: CO=1'0
Optimized $__ICE40_CARRY_WRAPPER cell back to logic (without SB_CARRY) tcn_network_8ch_2layer.$auto$maccmap.cc:240:synth$8529.slice[2].carry: CO=1'0
Optimized $__ICE40_CARRY_WRAPPER cell back to logic (without SB_CARRY) tcn_network_8ch_2layer.$auto$maccmap.cc:240:synth$8712.slice[2].carry: CO=1'0

3.33.14. Executing OPT_EXPR pass (perform const folding).
Optimizing module tcn_network_8ch_2layer.

3.33.15. Executing OPT_MERGE pass (detect identical cells).
Finding identical cells in module `\tcn_network_8ch_2layer'.
Removed a total of 0 cells.

3.33.16. Executing OPT_DFF pass (perform DFF optimizations).

3.33.17. Executing OPT_CLEAN pass (remove unused cells and wires).
Finding unused cells or wires in module \tcn_network_8ch_2layer..

3.33.18. Rerunning OPT passes. (Removed registers in this run.)

3.33.19. Running ICE40 specific optimizations.
Optimized $__ICE40_CARRY_WRAPPER cell back to logic (without SB_CARRY) tcn_network_8ch_2layer.$auto$maccmap.cc:240:synth$5008.slice[3].carry: CO=1'0
Optimized $__ICE40_CARRY_WRAPPER cell back to logic (without SB_CARRY) tcn_network_8ch_2layer.$auto$maccmap.cc:240:synth$5602.slice[3].carry: CO=1'0
Optimized $__ICE40_CARRY_WRAPPER cell back to logic (without SB_CARRY) tcn_network_8ch_2layer.$auto$maccmap.cc:240:synth$5785.slice[3].carry: CO=1'0
Optimized $__ICE40_CARRY_WRAPPER cell back to logic (without SB_CARRY) tcn_network_8ch_2layer.$auto$maccmap.cc:240:synth$5968.slice[3].carry: CO=1'0
Optimized $__ICE40_CARRY_WRAPPER cell back to logic (without SB_CARRY) tcn_network_8ch_2layer.$auto$maccmap.cc:240:synth$6151.slice[3].carry: CO=1'0
Optimized $__ICE40_CARRY_WRAPPER cell back to logic (without SB_CARRY) tcn_network_8ch_2layer.$auto$maccmap.cc:240:synth$6334.slice[3].carry: CO=1'0
Optimized $__ICE40_CARRY_WRAPPER cell back to logic (without SB_CARRY) tcn_network_8ch_2layer.$auto$maccmap.cc:240:synth$6517.slice[3].carry: CO=1'0
Optimized $__ICE40_CARRY_WRAPPER cell back to logic (without SB_CARRY) tcn_network_8ch_2layer.$auto$maccmap.cc:240:synth$6700.slice[3].carry: CO=1'0
Optimized $__ICE40_CARRY_WRAPPER cell back to logic (without SB_CARRY) tcn_network_8ch_2layer.$auto$maccmap.cc:240:synth$7431.slice[3].carry: CO=1'0
Optimized $__ICE40_CARRY_WRAPPER cell back to logic (without SB_CARRY) tcn_network_8ch_2layer.$auto$maccmap.cc:240:synth$7614.slice[3].carry: CO=1'0
Optimized $__ICE40_CARRY_WRAPPER cell back to logic (without SB_CARRY) tcn_network_8ch_2layer.$auto$maccmap.cc:240:synth$7797.slice[3].carry: CO=1'0
Optimized $__ICE40_CARRY_WRAPPER cell back to logic (without SB_CARRY) tcn_network_8ch_2layer.$auto$maccmap.cc:240:synth$7980.slice[3].carry: CO=1'0
Optimized $__ICE40_CARRY_WRAPPER cell back to logic (without SB_CARRY) tcn_network_8ch_2layer.$auto$maccmap.cc:240:synth$8163.slice[3].carry: CO=1'0
Optimized $__ICE40_CARRY_WRAPPER cell back to logic (without SB_CARRY) tcn_network_8ch_2layer.$auto$maccmap.cc:240:synth$8346.slice[3].carry: CO=1'0
Optimized $__ICE40_CARRY_WRAPPER cell back to logic (without SB_CARRY) tcn_network_8ch_2layer.$auto$maccmap.cc:240:synth$8529.slice[3].carry: CO=1'0
Optimized $__ICE40_CARRY_WRAPPER cell back to logic (without SB_CARRY) tcn_network_8ch_2layer.$auto$maccmap.cc:240:synth$8712.slice[3].carry: CO=1'0

3.33.20. Executing OPT_EXPR pass (perform const folding).
Optimizing module tcn_network_8ch_2layer.

3.33.21. Executing OPT_MERGE pass (detect identical cells).
Finding identical cells in module `\tcn_network_8ch_2layer'.
Removed a total of 0 cells.

3.33.22. Executing OPT_DFF pass (perform DFF optimizations).

3.33.23. Executing OPT_CLEAN pass (remove unused cells and wires).
Finding unused cells or wires in module \tcn_network_8ch_2layer..

3.33.24. Rerunning OPT passes. (Removed registers in this run.)

3.33.25. Running ICE40 specific optimizations.

3.33.26. Executing OPT_EXPR pass (perform const folding).
Optimizing module tcn_network_8ch_2layer.

3.33.27. Executing OPT_MERGE pass (detect identical cells).
Finding identical cells in module `\tcn_network_8ch_2layer'.
Removed a total of 0 cells.

3.33.28. Executing OPT_DFF pass (perform DFF optimizations).

3.33.29. Executing OPT_CLEAN pass (remove unused cells and wires).
Finding unused cells or wires in module \tcn_network_8ch_2layer..

3.33.30. Finished OPT passes. (There is nothing left to do.)

3.34. Executing DFFLEGALIZE pass (convert FFs to types supported by the target).

3.35. Executing TECHMAP pass (map to technology primitives).

3.35.1. Executing Verilog-2005 frontend: /opt/homebrew/bin/../share/yosys/ice40/ff_map.v
Parsing Verilog input from `/opt/homebrew/bin/../share/yosys/ice40/ff_map.v' to AST representation.
Generating RTLIL representation for module `\$_DFF_N_'.
Generating RTLIL representation for module `\$_DFF_P_'.
Generating RTLIL representation for module `\$_DFFE_NP_'.
Generating RTLIL representation for module `\$_DFFE_PP_'.
Generating RTLIL representation for module `\$_DFF_NP0_'.
Generating RTLIL representation for module `\$_DFF_NP1_'.
Generating RTLIL representation for module `\$_DFF_PP0_'.
Generating RTLIL representation for module `\$_DFF_PP1_'.
Generating RTLIL representation for module `\$_DFFE_NP0P_'.
Generating RTLIL representation for module `\$_DFFE_NP1P_'.
Generating RTLIL representation for module `\$_DFFE_PP0P_'.
Generating RTLIL representation for module `\$_DFFE_PP1P_'.
Generating RTLIL representation for module `\$_SDFF_NP0_'.
Generating RTLIL representation for module `\$_SDFF_NP1_'.
Generating RTLIL representation for module `\$_SDFF_PP0_'.
Generating RTLIL representation for module `\$_SDFF_PP1_'.
Generating RTLIL representation for module `\$_SDFFCE_NP0P_'.
Generating RTLIL representation for module `\$_SDFFCE_NP1P_'.
Generating RTLIL representation for module `\$_SDFFCE_PP0P_'.
Generating RTLIL representation for module `\$_SDFFCE_PP1P_'.
Successfully finished Verilog frontend.

3.35.2. Continuing TECHMAP pass.
Using template \$_SDFFCE_PP0P_ for cells of type $_SDFFCE_PP0P_.
Using template \$_SDFF_PP0_ for cells of type $_SDFF_PP0_.
No more expansions possible.
<suppressed ~664 debug messages>

3.36. Executing OPT_EXPR pass (perform const folding).
Optimizing module tcn_network_8ch_2layer.

3.37. Executing SIMPLEMAP pass (map simple cells to gate primitives).
Mapping tcn_network_8ch_2layer.$auto$alumacc.cc:485:replace_alu$4432.slice[0].carry ($lut).
Mapping tcn_network_8ch_2layer.$auto$alumacc.cc:485:replace_alu$4435.slice[0].carry ($lut).
Mapping tcn_network_8ch_2layer.$auto$alumacc.cc:485:replace_alu$4438.slice[0].carry ($lut).
Mapping tcn_network_8ch_2layer.$auto$alumacc.cc:485:replace_alu$4441.slice[0].carry ($lut).
Mapping tcn_network_8ch_2layer.$auto$alumacc.cc:485:replace_alu$4444.slice[0].carry ($lut).
Mapping tcn_network_8ch_2layer.$auto$alumacc.cc:485:replace_alu$4447.slice[0].carry ($lut).
Mapping tcn_network_8ch_2layer.$auto$alumacc.cc:485:replace_alu$4450.slice[0].carry ($lut).
Mapping tcn_network_8ch_2layer.$auto$alumacc.cc:485:replace_alu$4453.slice[0].carry ($lut).
Mapping tcn_network_8ch_2layer.$auto$alumacc.cc:485:replace_alu$4456.slice[0].carry ($lut).
Mapping tcn_network_8ch_2layer.$auto$alumacc.cc:485:replace_alu$4459.slice[0].carry ($lut).
Mapping tcn_network_8ch_2layer.$auto$alumacc.cc:485:replace_alu$4462.slice[0].carry ($lut).
Mapping tcn_network_8ch_2layer.$auto$alumacc.cc:485:replace_alu$4465.slice[0].carry ($lut).
Mapping tcn_network_8ch_2layer.$auto$alumacc.cc:485:replace_alu$4468.slice[0].carry ($lut).
Mapping tcn_network_8ch_2layer.$auto$alumacc.cc:485:replace_alu$4471.slice[0].carry ($lut).
Mapping tcn_network_8ch_2layer.$auto$alumacc.cc:485:replace_alu$4474.slice[0].carry ($lut).
Mapping tcn_network_8ch_2layer.$auto$alumacc.cc:485:replace_alu$4477.slice[0].carry ($lut).
Mapping tcn_network_8ch_2layer.$auto$alumacc.cc:485:replace_alu$4480.slice[0].carry ($lut).
Mapping tcn_network_8ch_2layer.$auto$alumacc.cc:485:replace_alu$4483.slice[0].carry ($lut).
Mapping tcn_network_8ch_2layer.$auto$alumacc.cc:485:replace_alu$4486.slice[0].carry ($lut).
Mapping tcn_network_8ch_2layer.$auto$alumacc.cc:485:replace_alu$4489.slice[0].carry ($lut).
Mapping tcn_network_8ch_2layer.$auto$alumacc.cc:485:replace_alu$4492.slice[0].carry ($lut).
Mapping tcn_network_8ch_2layer.$auto$alumacc.cc:485:replace_alu$4495.slice[0].carry ($lut).
Mapping tcn_network_8ch_2layer.$auto$alumacc.cc:485:replace_alu$4498.slice[0].carry ($lut).
Mapping tcn_network_8ch_2layer.$auto$alumacc.cc:485:replace_alu$4501.slice[0].carry ($lut).
Mapping tcn_network_8ch_2layer.$auto$alumacc.cc:485:replace_alu$4504.slice[0].carry ($lut).
Mapping tcn_network_8ch_2layer.$auto$alumacc.cc:485:replace_alu$4507.slice[0].carry ($lut).
Mapping tcn_network_8ch_2layer.$auto$alumacc.cc:485:replace_alu$4510.slice[0].carry ($lut).
Mapping tcn_network_8ch_2layer.$auto$alumacc.cc:485:replace_alu$4513.slice[0].carry ($lut).
Mapping tcn_network_8ch_2layer.$auto$alumacc.cc:485:replace_alu$4516.slice[0].carry ($lut).
Mapping tcn_network_8ch_2layer.$auto$alumacc.cc:485:replace_alu$4519.slice[0].carry ($lut).
Mapping tcn_network_8ch_2layer.$auto$alumacc.cc:485:replace_alu$4522.slice[0].carry ($lut).
Mapping tcn_network_8ch_2layer.$auto$alumacc.cc:485:replace_alu$4525.slice[0].carry ($lut).
Mapping tcn_network_8ch_2layer.$auto$alumacc.cc:485:replace_alu$4528.slice[0].carry ($lut).
Mapping tcn_network_8ch_2layer.$auto$alumacc.cc:485:replace_alu$4531.slice[0].carry ($lut).
Mapping tcn_network_8ch_2layer.$auto$alumacc.cc:485:replace_alu$4534.slice[0].carry ($lut).
Mapping tcn_network_8ch_2layer.$auto$alumacc.cc:485:replace_alu$4537.slice[0].carry ($lut).
Mapping tcn_network_8ch_2layer.$auto$alumacc.cc:485:replace_alu$4540.slice[0].carry ($lut).
Mapping tcn_network_8ch_2layer.$auto$alumacc.cc:485:replace_alu$4543.slice[0].carry ($lut).
Mapping tcn_network_8ch_2layer.$auto$alumacc.cc:485:replace_alu$4546.slice[0].carry ($lut).
Mapping tcn_network_8ch_2layer.$auto$alumacc.cc:485:replace_alu$4549.slice[0].carry ($lut).
Mapping tcn_network_8ch_2layer.$auto$alumacc.cc:485:replace_alu$4552.slice[0].carry ($lut).
Mapping tcn_network_8ch_2layer.$auto$alumacc.cc:485:replace_alu$4555.slice[0].carry ($lut).
Mapping tcn_network_8ch_2layer.$auto$alumacc.cc:485:replace_alu$4558.slice[0].carry ($lut).
Mapping tcn_network_8ch_2layer.$auto$alumacc.cc:485:replace_alu$4561.slice[0].carry ($lut).
Mapping tcn_network_8ch_2layer.$auto$alumacc.cc:485:replace_alu$4564.slice[0].carry ($lut).
Mapping tcn_network_8ch_2layer.$auto$alumacc.cc:485:replace_alu$4567.slice[0].carry ($lut).
Mapping tcn_network_8ch_2layer.$auto$alumacc.cc:485:replace_alu$4570.slice[0].carry ($lut).
Mapping tcn_network_8ch_2layer.$auto$alumacc.cc:485:replace_alu$4573.slice[0].carry ($lut).
Mapping tcn_network_8ch_2layer.$auto$alumacc.cc:485:replace_alu$4576.slice[0].carry ($lut).
Mapping tcn_network_8ch_2layer.$auto$alumacc.cc:485:replace_alu$4579.slice[0].carry ($lut).
Mapping tcn_network_8ch_2layer.$auto$alumacc.cc:485:replace_alu$4582.slice[0].carry ($lut).
Mapping tcn_network_8ch_2layer.$auto$alumacc.cc:485:replace_alu$4585.slice[0].carry ($lut).
Mapping tcn_network_8ch_2layer.$auto$alumacc.cc:485:replace_alu$4588.slice[0].carry ($lut).
Mapping tcn_network_8ch_2layer.$auto$alumacc.cc:485:replace_alu$4591.slice[0].carry ($lut).
Mapping tcn_network_8ch_2layer.$auto$alumacc.cc:485:replace_alu$4594.slice[0].carry ($lut).
Mapping tcn_network_8ch_2layer.$auto$alumacc.cc:485:replace_alu$4597.slice[0].carry ($lut).
Mapping tcn_network_8ch_2layer.$auto$alumacc.cc:485:replace_alu$4600.slice[0].carry ($lut).
Mapping tcn_network_8ch_2layer.$auto$alumacc.cc:485:replace_alu$4603.slice[0].carry ($lut).
Mapping tcn_network_8ch_2layer.$auto$alumacc.cc:485:replace_alu$4606.slice[0].carry ($lut).
Mapping tcn_network_8ch_2layer.$auto$alumacc.cc:485:replace_alu$4609.slice[0].carry ($lut).
Mapping tcn_network_8ch_2layer.$auto$alumacc.cc:485:replace_alu$4612.slice[0].carry ($lut).
Mapping tcn_network_8ch_2layer.$auto$alumacc.cc:485:replace_alu$4615.slice[0].carry ($lut).
Mapping tcn_network_8ch_2layer.$auto$alumacc.cc:485:replace_alu$4618.slice[0].carry ($lut).
Mapping tcn_network_8ch_2layer.$auto$alumacc.cc:485:replace_alu$4621.slice[0].carry ($lut).
Mapping tcn_network_8ch_2layer.$auto$alumacc.cc:485:replace_alu$4624.slice[0].carry ($lut).
Mapping tcn_network_8ch_2layer.$auto$alumacc.cc:485:replace_alu$4627.slice[0].carry ($lut).
Mapping tcn_network_8ch_2layer.$auto$alumacc.cc:485:replace_alu$4630.slice[0].carry ($lut).
Mapping tcn_network_8ch_2layer.$auto$alumacc.cc:485:replace_alu$4633.slice[0].carry ($lut).
Mapping tcn_network_8ch_2layer.$auto$alumacc.cc:485:replace_alu$4636.slice[0].carry ($lut).
Mapping tcn_network_8ch_2layer.$auto$alumacc.cc:485:replace_alu$4639.slice[0].carry ($lut).
Mapping tcn_network_8ch_2layer.$auto$alumacc.cc:485:replace_alu$4642.slice[0].carry ($lut).
Mapping tcn_network_8ch_2layer.$auto$alumacc.cc:485:replace_alu$4645.slice[0].carry ($lut).
Mapping tcn_network_8ch_2layer.$auto$alumacc.cc:485:replace_alu$4648.slice[0].carry ($lut).
Mapping tcn_network_8ch_2layer.$auto$alumacc.cc:485:replace_alu$4651.slice[0].carry ($lut).
Mapping tcn_network_8ch_2layer.$auto$alumacc.cc:485:replace_alu$4654.slice[0].carry ($lut).
Mapping tcn_network_8ch_2layer.$auto$alumacc.cc:485:replace_alu$4657.slice[0].carry ($lut).
Mapping tcn_network_8ch_2layer.$auto$alumacc.cc:485:replace_alu$4660.slice[0].carry ($lut).
Mapping tcn_network_8ch_2layer.$auto$alumacc.cc:485:replace_alu$4663.slice[0].carry ($lut).
Mapping tcn_network_8ch_2layer.$auto$alumacc.cc:485:replace_alu$4666.slice[0].carry ($lut).
Mapping tcn_network_8ch_2layer.$auto$alumacc.cc:485:replace_alu$4669.slice[0].carry ($lut).
Mapping tcn_network_8ch_2layer.$auto$maccmap.cc:240:synth$5008.slice[0].carry ($lut).
Mapping tcn_network_8ch_2layer.$auto$maccmap.cc:240:synth$5008.slice[1].carry ($lut).
Mapping tcn_network_8ch_2layer.$auto$maccmap.cc:240:synth$5008.slice[2].carry ($lut).
Mapping tcn_network_8ch_2layer.$auto$maccmap.cc:240:synth$5008.slice[3].carry ($lut).
Mapping tcn_network_8ch_2layer.$auto$maccmap.cc:240:synth$5602.slice[0].carry ($lut).
Mapping tcn_network_8ch_2layer.$auto$maccmap.cc:240:synth$5602.slice[1].carry ($lut).
Mapping tcn_network_8ch_2layer.$auto$maccmap.cc:240:synth$5602.slice[2].carry ($lut).
Mapping tcn_network_8ch_2layer.$auto$maccmap.cc:240:synth$5602.slice[3].carry ($lut).
Mapping tcn_network_8ch_2layer.$auto$maccmap.cc:240:synth$5785.slice[0].carry ($lut).
Mapping tcn_network_8ch_2layer.$auto$maccmap.cc:240:synth$5785.slice[1].carry ($lut).
Mapping tcn_network_8ch_2layer.$auto$maccmap.cc:240:synth$5785.slice[2].carry ($lut).
Mapping tcn_network_8ch_2layer.$auto$maccmap.cc:240:synth$5785.slice[3].carry ($lut).
Mapping tcn_network_8ch_2layer.$auto$maccmap.cc:240:synth$5968.slice[0].carry ($lut).
Mapping tcn_network_8ch_2layer.$auto$maccmap.cc:240:synth$5968.slice[1].carry ($lut).
Mapping tcn_network_8ch_2layer.$auto$maccmap.cc:240:synth$5968.slice[2].carry ($lut).
Mapping tcn_network_8ch_2layer.$auto$maccmap.cc:240:synth$5968.slice[3].carry ($lut).
Mapping tcn_network_8ch_2layer.$auto$maccmap.cc:240:synth$6151.slice[0].carry ($lut).
Mapping tcn_network_8ch_2layer.$auto$maccmap.cc:240:synth$6151.slice[1].carry ($lut).
Mapping tcn_network_8ch_2layer.$auto$maccmap.cc:240:synth$6151.slice[2].carry ($lut).
Mapping tcn_network_8ch_2layer.$auto$maccmap.cc:240:synth$6151.slice[3].carry ($lut).
Mapping tcn_network_8ch_2layer.$auto$maccmap.cc:240:synth$6334.slice[0].carry ($lut).
Mapping tcn_network_8ch_2layer.$auto$maccmap.cc:240:synth$6334.slice[1].carry ($lut).
Mapping tcn_network_8ch_2layer.$auto$maccmap.cc:240:synth$6334.slice[2].carry ($lut).
Mapping tcn_network_8ch_2layer.$auto$maccmap.cc:240:synth$6334.slice[3].carry ($lut).
Mapping tcn_network_8ch_2layer.$auto$maccmap.cc:240:synth$6517.slice[0].carry ($lut).
Mapping tcn_network_8ch_2layer.$auto$maccmap.cc:240:synth$6517.slice[1].carry ($lut).
Mapping tcn_network_8ch_2layer.$auto$maccmap.cc:240:synth$6517.slice[2].carry ($lut).
Mapping tcn_network_8ch_2layer.$auto$maccmap.cc:240:synth$6517.slice[3].carry ($lut).
Mapping tcn_network_8ch_2layer.$auto$maccmap.cc:240:synth$6700.slice[0].carry ($lut).
Mapping tcn_network_8ch_2layer.$auto$maccmap.cc:240:synth$6700.slice[1].carry ($lut).
Mapping tcn_network_8ch_2layer.$auto$maccmap.cc:240:synth$6700.slice[2].carry ($lut).
Mapping tcn_network_8ch_2layer.$auto$maccmap.cc:240:synth$6700.slice[3].carry ($lut).
Mapping tcn_network_8ch_2layer.$auto$maccmap.cc:240:synth$7431.slice[0].carry ($lut).
Mapping tcn_network_8ch_2layer.$auto$maccmap.cc:240:synth$7431.slice[1].carry ($lut).
Mapping tcn_network_8ch_2layer.$auto$maccmap.cc:240:synth$7431.slice[2].carry ($lut).
Mapping tcn_network_8ch_2layer.$auto$maccmap.cc:240:synth$7431.slice[3].carry ($lut).
Mapping tcn_network_8ch_2layer.$auto$maccmap.cc:240:synth$7614.slice[0].carry ($lut).
Mapping tcn_network_8ch_2layer.$auto$maccmap.cc:240:synth$7614.slice[1].carry ($lut).
Mapping tcn_network_8ch_2layer.$auto$maccmap.cc:240:synth$7614.slice[2].carry ($lut).
Mapping tcn_network_8ch_2layer.$auto$maccmap.cc:240:synth$7614.slice[3].carry ($lut).
Mapping tcn_network_8ch_2layer.$auto$maccmap.cc:240:synth$7797.slice[0].carry ($lut).
Mapping tcn_network_8ch_2layer.$auto$maccmap.cc:240:synth$7797.slice[1].carry ($lut).
Mapping tcn_network_8ch_2layer.$auto$maccmap.cc:240:synth$7797.slice[2].carry ($lut).
Mapping tcn_network_8ch_2layer.$auto$maccmap.cc:240:synth$7797.slice[3].carry ($lut).
Mapping tcn_network_8ch_2layer.$auto$maccmap.cc:240:synth$7980.slice[0].carry ($lut).
Mapping tcn_network_8ch_2layer.$auto$maccmap.cc:240:synth$7980.slice[1].carry ($lut).
Mapping tcn_network_8ch_2layer.$auto$maccmap.cc:240:synth$7980.slice[2].carry ($lut).
Mapping tcn_network_8ch_2layer.$auto$maccmap.cc:240:synth$7980.slice[3].carry ($lut).
Mapping tcn_network_8ch_2layer.$auto$maccmap.cc:240:synth$8163.slice[0].carry ($lut).
Mapping tcn_network_8ch_2layer.$auto$maccmap.cc:240:synth$8163.slice[1].carry ($lut).
Mapping tcn_network_8ch_2layer.$auto$maccmap.cc:240:synth$8163.slice[2].carry ($lut).
Mapping tcn_network_8ch_2layer.$auto$maccmap.cc:240:synth$8163.slice[3].carry ($lut).
Mapping tcn_network_8ch_2layer.$auto$maccmap.cc:240:synth$8346.slice[0].carry ($lut).
Mapping tcn_network_8ch_2layer.$auto$maccmap.cc:240:synth$8346.slice[1].carry ($lut).
Mapping tcn_network_8ch_2layer.$auto$maccmap.cc:240:synth$8346.slice[2].carry ($lut).
Mapping tcn_network_8ch_2layer.$auto$maccmap.cc:240:synth$8346.slice[3].carry ($lut).
Mapping tcn_network_8ch_2layer.$auto$maccmap.cc:240:synth$8529.slice[0].carry ($lut).
Mapping tcn_network_8ch_2layer.$auto$maccmap.cc:240:synth$8529.slice[1].carry ($lut).
Mapping tcn_network_8ch_2layer.$auto$maccmap.cc:240:synth$8529.slice[2].carry ($lut).
Mapping tcn_network_8ch_2layer.$auto$maccmap.cc:240:synth$8529.slice[3].carry ($lut).
Mapping tcn_network_8ch_2layer.$auto$maccmap.cc:240:synth$8712.slice[0].carry ($lut).
Mapping tcn_network_8ch_2layer.$auto$maccmap.cc:240:synth$8712.slice[1].carry ($lut).
Mapping tcn_network_8ch_2layer.$auto$maccmap.cc:240:synth$8712.slice[2].carry ($lut).
Mapping tcn_network_8ch_2layer.$auto$maccmap.cc:240:synth$8712.slice[3].carry ($lut).

3.38. Executing ICE40_OPT pass (performing simple optimizations).

3.38.1. Running ICE40 specific optimizations.

3.38.2. Executing OPT_EXPR pass (perform const folding).
Optimizing module tcn_network_8ch_2layer.
<suppressed ~2176 debug messages>

3.38.3. Executing OPT_MERGE pass (detect identical cells).
Finding identical cells in module `\tcn_network_8ch_2layer'.
<suppressed ~2454 debug messages>
Removed a total of 818 cells.

3.38.4. Executing OPT_DFF pass (perform DFF optimizations).

3.38.5. Executing OPT_CLEAN pass (remove unused cells and wires).
Finding unused cells or wires in module \tcn_network_8ch_2layer..
Removed 32 unused cells and 5064 unused wires.
<suppressed ~33 debug messages>

3.38.6. Rerunning OPT passes. (Removed registers in this run.)

3.38.7. Running ICE40 specific optimizations.

3.38.8. Executing OPT_EXPR pass (perform const folding).
Optimizing module tcn_network_8ch_2layer.

3.38.9. Executing OPT_MERGE pass (detect identical cells).
Finding identical cells in module `\tcn_network_8ch_2layer'.
Removed a total of 0 cells.

3.38.10. Executing OPT_DFF pass (perform DFF optimizations).

3.38.11. Executing OPT_CLEAN pass (remove unused cells and wires).
Finding unused cells or wires in module \tcn_network_8ch_2layer..

3.38.12. Finished OPT passes. (There is nothing left to do.)

3.39. Executing TECHMAP pass (map to technology primitives).

3.39.1. Executing Verilog-2005 frontend: /opt/homebrew/bin/../share/yosys/ice40/latches_map.v
Parsing Verilog input from `/opt/homebrew/bin/../share/yosys/ice40/latches_map.v' to AST representation.
Generating RTLIL representation for module `\$_DLATCH_N_'.
Generating RTLIL representation for module `\$_DLATCH_P_'.
Successfully finished Verilog frontend.

3.39.2. Continuing TECHMAP pass.
No more expansions possible.
<suppressed ~4 debug messages>

3.40. Executing Verilog-2005 frontend: /opt/homebrew/bin/../share/yosys/ice40/abc9_model.v
Parsing Verilog input from `/opt/homebrew/bin/../share/yosys/ice40/abc9_model.v' to AST representation.
Generating RTLIL representation for module `$__ICE40_CARRY_WRAPPER'.
Successfully finished Verilog frontend.

3.41. Executing ABC9 pass.

3.41.1. Executing ABC9_OPS pass (helper functions for ABC9).

3.41.2. Executing ABC9_OPS pass (helper functions for ABC9).

3.41.3. Executing SCC pass (detecting logic loops).
Found 0 SCCs in module tcn_network_8ch_2layer.
Found 0 SCCs.

3.41.4. Executing ABC9_OPS pass (helper functions for ABC9).

3.41.5. Executing PROC pass (convert processes to netlists).

3.41.5.1. Executing PROC_CLEAN pass (remove empty switches from decision trees).
Cleaned up 0 empty switches.

3.41.5.2. Executing PROC_RMDEAD pass (remove dead branches from decision trees).
Removed a total of 0 dead cases.

3.41.5.3. Executing PROC_PRUNE pass (remove redundant assignments in processes).
Removed 0 redundant assignments.
Promoted 0 assignments to connections.

3.41.5.4. Executing PROC_INIT pass (extract init attributes).

3.41.5.5. Executing PROC_ARST pass (detect async resets in processes).

3.41.5.6. Executing PROC_ROM pass (convert switches to ROMs).
Converted 0 switches.

3.41.5.7. Executing PROC_MUX pass (convert decision trees to multiplexers).

3.41.5.8. Executing PROC_DLATCH pass (convert process syncs to latches).

3.41.5.9. Executing PROC_DFF pass (convert process syncs to FFs).

3.41.5.10. Executing PROC_MEMWR pass (convert process memory writes to cells).

3.41.5.11. Executing PROC_CLEAN pass (remove empty switches from decision trees).
Cleaned up 0 empty switches.

3.41.5.12. Executing OPT_EXPR pass (perform const folding).

3.41.6. Executing TECHMAP pass (map to technology primitives).

3.41.6.1. Executing Verilog-2005 frontend: /opt/homebrew/bin/../share/yosys/techmap.v
Parsing Verilog input from `/opt/homebrew/bin/../share/yosys/techmap.v' to AST representation.
Generating RTLIL representation for module `\_90_simplemap_bool_ops'.
Generating RTLIL representation for module `\_90_simplemap_reduce_ops'.
Generating RTLIL representation for module `\_90_simplemap_logic_ops'.
Generating RTLIL representation for module `\_90_simplemap_compare_ops'.
Generating RTLIL representation for module `\_90_simplemap_various'.
Generating RTLIL representation for module `\_90_simplemap_registers'.
Generating RTLIL representation for module `\_90_shift_ops_shr_shl_sshl_sshr'.
Generating RTLIL representation for module `\_90_shift_shiftx'.
Generating RTLIL representation for module `\_90_fa'.
Generating RTLIL representation for module `\_90_lcu_brent_kung'.
Generating RTLIL representation for module `\_90_alu'.
Generating RTLIL representation for module `\_90_macc'.
Generating RTLIL representation for module `\_90_alumacc'.
Generating RTLIL representation for module `\$__div_mod_u'.
Generating RTLIL representation for module `\$__div_mod_trunc'.
Generating RTLIL representation for module `\_90_div'.
Generating RTLIL representation for module `\_90_mod'.
Generating RTLIL representation for module `\$__div_mod_floor'.
Generating RTLIL representation for module `\_90_divfloor'.
Generating RTLIL representation for module `\_90_modfloor'.
Generating RTLIL representation for module `\_90_pow'.
Generating RTLIL representation for module `\_90_pmux'.
Generating RTLIL representation for module `\_90_demux'.
Generating RTLIL representation for module `\_90_lut'.
Successfully finished Verilog frontend.

3.41.6.2. Continuing TECHMAP pass.
No more expansions possible.
<suppressed ~126 debug messages>

3.41.7. Executing OPT pass (performing simple optimizations).

3.41.7.1. Executing OPT_EXPR pass (perform const folding).

3.41.7.2. Executing OPT_MERGE pass (detect identical cells).
Removed a total of 0 cells.

3.41.7.3. Executing OPT_MUXTREE pass (detect dead branches in mux trees).
Removed 0 multiplexer ports.

3.41.7.4. Executing OPT_REDUCE pass (consolidate $*mux and $reduce_* inputs).
Performed a total of 0 changes.

3.41.7.5. Executing OPT_MERGE pass (detect identical cells).
Removed a total of 0 cells.

3.41.7.6. Executing OPT_DFF pass (perform DFF optimizations).

3.41.7.7. Executing OPT_CLEAN pass (remove unused cells and wires).

3.41.7.8. Executing OPT_EXPR pass (perform const folding).

3.41.7.9. Finished OPT passes. (There is nothing left to do.)

3.41.8. Executing TECHMAP pass (map to technology primitives).

3.41.8.1. Executing Verilog-2005 frontend: /opt/homebrew/bin/../share/yosys/abc9_map.v
Parsing Verilog input from `/opt/homebrew/bin/../share/yosys/abc9_map.v' to AST representation.
Successfully finished Verilog frontend.

3.41.8.2. Continuing TECHMAP pass.
No more expansions possible.
<suppressed ~2 debug messages>

3.41.9. Executing Verilog-2005 frontend: /opt/homebrew/bin/../share/yosys/abc9_model.v
Parsing Verilog input from `/opt/homebrew/bin/../share/yosys/abc9_model.v' to AST representation.
Generating RTLIL representation for module `$__ABC9_DELAY'.
Generating RTLIL representation for module `$__ABC9_SCC_BREAKER'.
Generating RTLIL representation for module `$__DFF_N__$abc9_flop'.
Generating RTLIL representation for module `$__DFF_P__$abc9_flop'.
Successfully finished Verilog frontend.

3.41.10. Executing ABC9_OPS pass (helper functions for ABC9).
<suppressed ~1286 debug messages>

3.41.11. Executing ABC9_OPS pass (helper functions for ABC9).

3.41.12. Executing ABC9_OPS pass (helper functions for ABC9).
<suppressed ~2 debug messages>

3.41.13. Executing TECHMAP pass (map to technology primitives).

3.41.13.1. Executing Verilog-2005 frontend: /opt/homebrew/bin/../share/yosys/techmap.v
Parsing Verilog input from `/opt/homebrew/bin/../share/yosys/techmap.v' to AST representation.
Generating RTLIL representation for module `\_90_simplemap_bool_ops'.
Generating RTLIL representation for module `\_90_simplemap_reduce_ops'.
Generating RTLIL representation for module `\_90_simplemap_logic_ops'.
Generating RTLIL representation for module `\_90_simplemap_compare_ops'.
Generating RTLIL representation for module `\_90_simplemap_various'.
Generating RTLIL representation for module `\_90_simplemap_registers'.
Generating RTLIL representation for module `\_90_shift_ops_shr_shl_sshl_sshr'.
Generating RTLIL representation for module `\_90_shift_shiftx'.
Generating RTLIL representation for module `\_90_fa'.
Generating RTLIL representation for module `\_90_lcu_brent_kung'.
Generating RTLIL representation for module `\_90_alu'.
Generating RTLIL representation for module `\_90_macc'.
Generating RTLIL representation for module `\_90_alumacc'.
Generating RTLIL representation for module `\$__div_mod_u'.
Generating RTLIL representation for module `\$__div_mod_trunc'.
Generating RTLIL representation for module `\_90_div'.
Generating RTLIL representation for module `\_90_mod'.
Generating RTLIL representation for module `\$__div_mod_floor'.
Generating RTLIL representation for module `\_90_divfloor'.
Generating RTLIL representation for module `\_90_modfloor'.
Generating RTLIL representation for module `\_90_pow'.
Generating RTLIL representation for module `\_90_pmux'.
Generating RTLIL representation for module `\_90_demux'.
Generating RTLIL representation for module `\_90_lut'.
Successfully finished Verilog frontend.

3.41.13.2. Continuing TECHMAP pass.
Using template $paramod$__ICE40_CARRY_WRAPPER\LUT=16'0110100110010110\I3_IS_CI=1'1 for cells of type $paramod$__ICE40_CARRY_WRAPPER\LUT=16'0110100110010110\I3_IS_CI=1'1.
Using template $paramod\SB_LUT4\LUT_INIT=16'0110100110010110 for cells of type SB_LUT4.
Using template SB_CARRY for cells of type SB_CARRY.
Using extmapper simplemap for cells of type $mux.
Using extmapper simplemap for cells of type $logic_and.
Using extmapper simplemap for cells of type $logic_or.
No more expansions possible.
<suppressed ~147 debug messages>

3.41.14. Executing OPT pass (performing simple optimizations).

3.41.14.1. Executing OPT_EXPR pass (perform const folding).
Optimizing module tcn_network_8ch_2layer.
<suppressed ~4 debug messages>

3.41.14.2. Executing OPT_MERGE pass (detect identical cells).
Finding identical cells in module `\tcn_network_8ch_2layer'.
<suppressed ~29 debug messages>
Removed a total of 12 cells.

3.41.14.3. Executing OPT_MUXTREE pass (detect dead branches in mux trees).
Running muxtree optimizer on module \tcn_network_8ch_2layer..
  Creating internal representation of mux trees.
  No muxes found in this module.
Removed 0 multiplexer ports.

3.41.14.4. Executing OPT_REDUCE pass (consolidate $*mux and $reduce_* inputs).
  Optimizing cells in module \tcn_network_8ch_2layer.
Performed a total of 0 changes.

3.41.14.5. Executing OPT_MERGE pass (detect identical cells).
Finding identical cells in module `\tcn_network_8ch_2layer'.
Removed a total of 0 cells.

3.41.14.6. Executing OPT_DFF pass (perform DFF optimizations).

3.41.14.7. Executing OPT_CLEAN pass (remove unused cells and wires).
Finding unused cells or wires in module \tcn_network_8ch_2layer..
Removed 0 unused cells and 24 unused wires.
<suppressed ~1 debug messages>

3.41.14.8. Executing OPT_EXPR pass (perform const folding).
Optimizing module tcn_network_8ch_2layer.

3.41.14.9. Rerunning OPT passes. (Maybe there is more to do..)

3.41.14.10. Executing OPT_MUXTREE pass (detect dead branches in mux trees).
Running muxtree optimizer on module \tcn_network_8ch_2layer..
  Creating internal representation of mux trees.
  No muxes found in this module.
Removed 0 multiplexer ports.

3.41.14.11. Executing OPT_REDUCE pass (consolidate $*mux and $reduce_* inputs).
  Optimizing cells in module \tcn_network_8ch_2layer.
Performed a total of 0 changes.

3.41.14.12. Executing OPT_MERGE pass (detect identical cells).
Finding identical cells in module `\tcn_network_8ch_2layer'.
Removed a total of 0 cells.

3.41.14.13. Executing OPT_DFF pass (perform DFF optimizations).

3.41.14.14. Executing OPT_CLEAN pass (remove unused cells and wires).
Finding unused cells or wires in module \tcn_network_8ch_2layer..

3.41.14.15. Executing OPT_EXPR pass (perform const folding).
Optimizing module tcn_network_8ch_2layer.

3.41.14.16. Finished OPT passes. (There is nothing left to do.)

3.41.15. Executing AIGMAP pass (map logic to AIG).
Module tcn_network_8ch_2layer: replaced 7 cells with 43 new cells, skipped 11 cells.
  replaced 2 cell types:
       2 $_OR_
       5 $_MUX_
  not replaced 3 cell types:
       8 $specify2
       1 $_NOT_
       2 $_AND_

3.41.16. Executing AIGMAP pass (map logic to AIG).
Module tcn_network_8ch_2layer: replaced 12304 cells with 75919 new cells, skipped 10946 cells.
  replaced 2 cell types:
    3403 $_OR_
    8901 $_XOR_
  not replaced 8 cell types:
       2 $scopeinfo
     704 $_NOT_
    7714 $_AND_
     642 $paramod$__ABC9_DELAY\DELAY=32'00000000000000000000000011001011
       2 SB_DFFSR
     640 SB_DFFESR
     642 $paramod$__ABC9_DELAY\DELAY=32'00000000000000000000000000010101
     600 $paramod$__ICE40_CARRY_WRAPPER\LUT=16'0110100110010110\I3_IS_CI=1'1

3.41.16.1. Executing ABC9_OPS pass (helper functions for ABC9).

3.41.16.2. Executing ABC9_OPS pass (helper functions for ABC9).

3.41.16.3. Executing XAIGER backend.
<suppressed ~653 debug messages>
Extracted 37820 AND gates and 87728 wires from module `tcn_network_8ch_2layer' to a netlist network with 709 inputs and 1352 outputs.

3.41.16.4. Executing ABC9_EXE pass (technology mapping using ABC9).

3.41.16.5. Executing ABC9.
Running ABC command: "<yosys-exe-dir>/yosys-abc" -s -f <abc-temp-dir>/abc.script 2>&1
ABC: ABC command line: "source <abc-temp-dir>/abc.script".
ABC: 
ABC: + read_lut <abc-temp-dir>/input.lut 
ABC: + read_box <abc-temp-dir>/input.box 
ABC: + &read <abc-temp-dir>/input.xaig 
ABC: + &ps 
ABC: <abc-temp-dir>/input : i/o =    709/   1352  and =   30067  lev =   41 (1.58)  mem = 0.48 MB  box = 1884  bb = 1284
ABC: Warning: AIG with boxes has internal fanout in 0 complex flops and 8 carries.
ABC: + &scorr 
ABC: Warning: The network is combinational.
ABC: + &sweep 
ABC: + &dc2 
ABC: + &dch -f 
ABC: + &ps 
ABC: <abc-temp-dir>/input : i/o =    709/   1352  and =   35021  lev =   42 (1.19)  mem = 0.53 MB  ch = 1181  box = 1828  bb = 1284
ABC: + &if -W 250 -v 
ABC: K = 4. Memory (bytes): Truth =    0. Cut =   52. Obj =  136. Set =  564. CutMin = no
ABC: Node =   35021.  Ch =  1020.  Total mem =    6.30 MB. Peak cut mem =    0.11 MB.
ABC: P:  Del = 7315.00.  Ar =    9269.0.  Edge =    31852.  Cut =   350561.  T =     0.04 sec
ABC: P:  Del = 7315.00.  Ar =    9211.0.  Edge =    31953.  Cut =   343708.  T =     0.04 sec
ABC: P:  Del = 7315.00.  Ar =    9669.0.  Edge =    31924.  Cut =   359852.  T =     0.04 sec
ABC: F:  Del = 7315.00.  Ar =    8725.0.  Edge =    29287.  Cut =   277722.  T =     0.03 sec
ABC: A:  Del = 7315.00.  Ar =    8348.0.  Edge =    27331.  Cut =   289179.  T =     0.04 sec
ABC: A:  Del = 7315.00.  Ar =    8304.0.  Edge =    27206.  Cut =   292345.  T =     0.04 sec
ABC: Total time =     0.22 sec
ABC: + &write -n <abc-temp-dir>/output.aig 
ABC: + &mfs 
ABC: + &ps -l 
ABC: <abc-temp-dir>/input : i/o =    709/   1352  and =   60424  lev =   39 (1.15)  mem = 0.82 MB  box = 1828  bb = 1284
ABC: Mapping (K=4)  :  lut =   7985  edge =   26176  lev =   11 (0.34)  Boxes are not in a topological order. Switching to level computation without boxes.
ABC: levB =   39  mem = 0.42 MB
ABC: LUT = 7985 : 2=954 11.9 %  3=3856 48.3 %  4=3175 39.8 %  Ave = 3.28
ABC: + &write -n <abc-temp-dir>/output.aig 
ABC: + time 
ABC: elapse: 12.76 seconds, total: 12.76 seconds

3.41.16.6. Executing AIGER frontend.
<suppressed ~4190 debug messages>
Removed 112258 unused cells and 120696 unused wires.

3.41.16.7. Executing ABC9_OPS pass (helper functions for ABC9).
ABC RESULTS:              $lut cells:     8545
ABC RESULTS:   $paramod$__ICE40_CARRY_WRAPPER\LUT=16'0110100110010110\I3_IS_CI=1'1 cells:      544
ABC RESULTS:           input signals:       70
ABC RESULTS:          output signals:     1289
Removing temp directory.

3.41.17. Executing TECHMAP pass (map to technology primitives).

3.41.17.1. Executing Verilog-2005 frontend: /opt/homebrew/bin/../share/yosys/abc9_unmap.v
Parsing Verilog input from `/opt/homebrew/bin/../share/yosys/abc9_unmap.v' to AST representation.
Generating RTLIL representation for module `\$__DFF_x__$abc9_flop'.
Generating RTLIL representation for module `\$__ABC9_SCC_BREAKER'.
Successfully finished Verilog frontend.

3.41.17.2. Continuing TECHMAP pass.
Using template $paramod$__ICE40_CARRY_WRAPPER\LUT=16'0110100110010110\I3_IS_CI=1'1 for cells of type $paramod$__ICE40_CARRY_WRAPPER\LUT=16'0110100110010110\I3_IS_CI=1'1.
No more expansions possible.
<suppressed ~550 debug messages>

3.42. Executing ICE40_WRAPCARRY pass (wrap carries).

3.43. Executing TECHMAP pass (map to technology primitives).

3.43.1. Executing Verilog-2005 frontend: /opt/homebrew/bin/../share/yosys/ice40/ff_map.v
Parsing Verilog input from `/opt/homebrew/bin/../share/yosys/ice40/ff_map.v' to AST representation.
Generating RTLIL representation for module `\$_DFF_N_'.
Generating RTLIL representation for module `\$_DFF_P_'.
Generating RTLIL representation for module `\$_DFFE_NP_'.
Generating RTLIL representation for module `\$_DFFE_PP_'.
Generating RTLIL representation for module `\$_DFF_NP0_'.
Generating RTLIL representation for module `\$_DFF_NP1_'.
Generating RTLIL representation for module `\$_DFF_PP0_'.
Generating RTLIL representation for module `\$_DFF_PP1_'.
Generating RTLIL representation for module `\$_DFFE_NP0P_'.
Generating RTLIL representation for module `\$_DFFE_NP1P_'.
Generating RTLIL representation for module `\$_DFFE_PP0P_'.
Generating RTLIL representation for module `\$_DFFE_PP1P_'.
Generating RTLIL representation for module `\$_SDFF_NP0_'.
Generating RTLIL representation for module `\$_SDFF_NP1_'.
Generating RTLIL representation for module `\$_SDFF_PP0_'.
Generating RTLIL representation for module `\$_SDFF_PP1_'.
Generating RTLIL representation for module `\$_SDFFCE_NP0P_'.
Generating RTLIL representation for module `\$_SDFFCE_NP1P_'.
Generating RTLIL representation for module `\$_SDFFCE_PP0P_'.
Generating RTLIL representation for module `\$_SDFFCE_PP1P_'.
Successfully finished Verilog frontend.

3.43.2. Continuing TECHMAP pass.
No more expansions possible.
<suppressed ~22 debug messages>
Removed 207 unused cells and 87019 unused wires.

3.44. Executing OPT_LUT pass (optimize LUTs).
Discovering LUTs.
Number of LUTs:     9068
  1-LUT              560
  2-LUT             1034
  3-LUT             4299
  4-LUT             3175
  with \SB_CARRY    (#0)  427
  with \SB_CARRY    (#1)  448

Eliminating LUTs.
Number of LUTs:     9068
  1-LUT              560
  2-LUT             1034
  3-LUT             4299
  4-LUT             3175
  with \SB_CARRY    (#0)  427
  with \SB_CARRY    (#1)  448

Combining LUTs.
Number of LUTs:     8946
  1-LUT              480
  2-LUT              983
  3-LUT             4275
  4-LUT             3208
  with \SB_CARRY    (#0)  427
  with \SB_CARRY    (#1)  448

Eliminated 0 LUTs.
Combined 122 LUTs.
<suppressed ~29935 debug messages>

3.45. Executing TECHMAP pass (map to technology primitives).

3.45.1. Executing Verilog-2005 frontend: /opt/homebrew/bin/../share/yosys/ice40/cells_map.v
Parsing Verilog input from `/opt/homebrew/bin/../share/yosys/ice40/cells_map.v' to AST representation.
Generating RTLIL representation for module `\$lut'.
Successfully finished Verilog frontend.

3.45.2. Continuing TECHMAP pass.
Using template $paramod\$lut\WIDTH=32'00000000000000000000000000000011\LUT=8'11101000 for cells of type $lut.
Using template $paramod\$lut\WIDTH=32'00000000000000000000000000000010\LUT=4'1000 for cells of type $lut.
Using template $paramod$bb71bff1269f21262324e9e77ea2b51236b5cf06\$lut for cells of type $lut.
Using template $paramod\$lut\WIDTH=32'00000000000000000000000000000010\LUT=4'1001 for cells of type $lut.
Using template $paramod\$lut\WIDTH=32'00000000000000000000000000000011\LUT=8'01101001 for cells of type $lut.
Using template $paramod$4282def8dbd6df3d1248ad282c629bee684502c2\$lut for cells of type $lut.
Using template $paramod$704cad882e2bedddf5c55ef18de55c67afe1e0ec\$lut for cells of type $lut.
Using template $paramod\$lut\WIDTH=32'00000000000000000000000000000010\LUT=4'0110 for cells of type $lut.
Using template $paramod$12cf840dcfda317ed4aaeef1854f713a535efc4e\$lut for cells of type $lut.
Using template $paramod$fd904e9e35cfd343a9df248824bd3f1408724879\$lut for cells of type $lut.
Using template $paramod\$lut\WIDTH=32'00000000000000000000000000000011\LUT=8'00001001 for cells of type $lut.
Using template $paramod\$lut\WIDTH=32'00000000000000000000000000000011\LUT=8'10010110 for cells of type $lut.
Using template $paramod$640f0b255c4baeb1d5ed3ee07d5b4acf52609838\$lut for cells of type $lut.
Using template $paramod\$lut\WIDTH=32'00000000000000000000000000000011\LUT=8'00000110 for cells of type $lut.
Using template $paramod$b30bebc72dd0e5d803f249e61f4e944f7b20c163\$lut for cells of type $lut.
Using template $paramod$bd3bf709159bdc54ad609699f0a1d973b3608b4c\$lut for cells of type $lut.
Using template $paramod\$lut\WIDTH=32'00000000000000000000000000000011\LUT=8'01110001 for cells of type $lut.
Using template $paramod\$lut\WIDTH=32'00000000000000000000000000000001\LUT=2'01 for cells of type $lut.
Using template $paramod$2bdfdda73873e8931790d872b72220895e67fee5\$lut for cells of type $lut.
Using template $paramod$d6b00b06719051e8e0d21d321c25f50651e7dd46\$lut for cells of type $lut.
Using template $paramod$c6705c2d9a5ca1e5236b47844e83005fc173deff\$lut for cells of type $lut.
Using template $paramod$1f3b67373a23476b64a6ed61bde9dbe9df1086de\$lut for cells of type $lut.
Using template $paramod$348e2e3c2386524c4c07656cb22e89d0405fecdc\$lut for cells of type $lut.
Using template $paramod\$lut\WIDTH=32'00000000000000000000000000000010\LUT=4'0001 for cells of type $lut.
Using template $paramod$a70c36ce9c272ff5b653554a904c7bf311d2f478\$lut for cells of type $lut.
Using template $paramod$f5598bdf7d99fbb010b9ad37cfc115d5aefe2f8c\$lut for cells of type $lut.
Using template $paramod$1863aeb740e7fb1767b114ad39b422c808f8f804\$lut for cells of type $lut.
Using template $paramod$9e2340e4b668cbe4ab2a0b5e706072b39d8ecfb8\$lut for cells of type $lut.
Using template $paramod$56a14a34e8c023e6a181fb68af5f07c85fccc959\$lut for cells of type $lut.
Using template $paramod$5893519f27aa5c9e465459770f53e6983c07509d\$lut for cells of type $lut.
Using template $paramod\$lut\WIDTH=32'00000000000000000000000000000010\LUT=4'0100 for cells of type $lut.
Using template $paramod$3a0b4cdedfd1d4a50b6128c5b34eaf4295ec8865\$lut for cells of type $lut.
Using template $paramod$3fbf9e179448527cc5870685155541058c0f9f7a\$lut for cells of type $lut.
Using template $paramod\$lut\WIDTH=32'00000000000000000000000000000011\LUT=8'01001101 for cells of type $lut.
Using template $paramod\$lut\WIDTH=32'00000000000000000000000000000011\LUT=8'11010100 for cells of type $lut.
Using template $paramod$2199ee47fe5c02857125b23d33a41df04b8fe521\$lut for cells of type $lut.
Using template $paramod$a215a4db886b7351477a86b98a6c07ab00a6e36d\$lut for cells of type $lut.
Using template $paramod\$lut\WIDTH=32'00000000000000000000000000000011\LUT=8'00101011 for cells of type $lut.
Using template $paramod$05e1a45a09369190ff0f0c7b9b8dfa3a31ac93c1\$lut for cells of type $lut.
Using template $paramod\$lut\WIDTH=32'00000000000000000000000000000011\LUT=8'10001110 for cells of type $lut.
Using template $paramod$01c2ba0d5fa454e49f20c5667ef7cfab937f9ed6\$lut for cells of type $lut.
Using template $paramod\$lut\WIDTH=32'00000000000000000000000000000010\LUT=4'0010 for cells of type $lut.
Using template $paramod$51adb1afea57a9560b9534400e9af12cb2df0ba0\$lut for cells of type $lut.
Using template $paramod$10a6d42c84663fca6c1622800fdec61acbd34667\$lut for cells of type $lut.
Using template $paramod$014b659db5d002405936b374e32d204782099707\$lut for cells of type $lut.
Using template $paramod\$lut\WIDTH=32'00000000000000000000000000000011\LUT=8'10110010 for cells of type $lut.
Using template $paramod$61af77eed7f358aa49c13132fc0b60ac3ba6c211\$lut for cells of type $lut.
Using template $paramod$c3e1dc7b9e539f115f21c9fa61c94c4df05b91c1\$lut for cells of type $lut.
Using template $paramod$239a649c3c5dcff42e28a38401931acf401ef810\$lut for cells of type $lut.
Using template $paramod\$lut\WIDTH=32'00000000000000000000000000000011\LUT=8'01110010 for cells of type $lut.
Using template $paramod\$lut\WIDTH=32'00000000000000000000000000000011\LUT=8'00000100 for cells of type $lut.
Using template $paramod$bbb10333e84a7e80f65e1494ebbfbf3f28568fcd\$lut for cells of type $lut.
Using template $paramod\$lut\WIDTH=32'00000000000000000000000000000011\LUT=8'00001101 for cells of type $lut.
Using template $paramod$21c768806f7199838dd479d617f3af4fa4e9b15f\$lut for cells of type $lut.
Using template $paramod$7c03b26c73478ecb1b7fb0017db3d8ee4c9a9376\$lut for cells of type $lut.
Using template $paramod$5829f5d2a4c5757263ee6385c6142d3c7cf9e5be\$lut for cells of type $lut.
Using template $paramod$4a7aa3912ceee3b0f19a96cd6b9dc271a63d3568\$lut for cells of type $lut.
Using template $paramod$e7345e3733f11e8f010bd1c0e100cc8d878c7598\$lut for cells of type $lut.
Using template $paramod$099540ad9a68db11e56d3c49bc1da426505b7d0d\$lut for cells of type $lut.
Using template $paramod$6c15da6150ce36eeff7fb8c09f7ef22f5448d679\$lut for cells of type $lut.
Using template $paramod$8466aae7f3132f822e70bbd8738850d820750479\$lut for cells of type $lut.
Using template $paramod$4e309f6669eadcfa589d4ae302672e3a030a20a5\$lut for cells of type $lut.
Using template $paramod$24b67fade1852074c0ac6a4c585dd4228e286f08\$lut for cells of type $lut.
Using template $paramod$635b7f34fc1bd02d56f7d946c2b4390eed09757c\$lut for cells of type $lut.
Using template $paramod$be09ef40b7e2abb5be838fe3b53285fe64ad329e\$lut for cells of type $lut.
Using template $paramod$1b6589a5b00bbad8e5635e71249e07e10bfc1308\$lut for cells of type $lut.
Using template $paramod\$lut\WIDTH=32'00000000000000000000000000000011\LUT=8'00100111 for cells of type $lut.
Using template $paramod$60c57a531d15ac3dc4cc2d9845c81479cc8e53ec\$lut for cells of type $lut.
Using template $paramod$45bc8a035811672fb24512b03898abf475979d07\$lut for cells of type $lut.
Using template $paramod$3fd12db03aeee29b04c450792ea328ef1bb1f18d\$lut for cells of type $lut.
Using template $paramod\$lut\WIDTH=32'00000000000000000000000000000011\LUT=8'10110001 for cells of type $lut.
Using template $paramod$9a9667a1df0ca7c7bfd1e1e669e4ec6b25f2b2cf\$lut for cells of type $lut.
Using template $paramod$bb005f3cb5b4e99e20925efe77dfd1c1bf4c9faf\$lut for cells of type $lut.
Using template $paramod$e87c652d68339e0a13e8ac3dd39fd0a21e0079b7\$lut for cells of type $lut.
Using template $paramod$0abe4e2ff3255c188b048bf35af20e8558580054\$lut for cells of type $lut.
Using template $paramod$718208d0d7c444e4924e09c40d40e7ac2bd4dfe6\$lut for cells of type $lut.
Using template $paramod\$lut\WIDTH=32'00000000000000000000000000000011\LUT=8'00010111 for cells of type $lut.
Using template $paramod$34381cfcbc83cddaa163bf4909fba3e7f04244d9\$lut for cells of type $lut.
Using template $paramod$286d6b18e782cb14d345c8422500571fedf77570\$lut for cells of type $lut.
Using template $paramod$7c418fbd5d01676c615e2904ea5646d50988ba6a\$lut for cells of type $lut.
Using template $paramod\$lut\WIDTH=32'00000000000000000000000000000011\LUT=8'00101000 for cells of type $lut.
Using template $paramod$dae52fb1e9bc95ca8dd1aef83db5b4f880d0fd98\$lut for cells of type $lut.
Using template $paramod$ee55d4d1d1d7325f58dbdbfce0ec75c463d4291c\$lut for cells of type $lut.
Using template $paramod$5766b753e513aa2393ffc25ef94ebc79dc098484\$lut for cells of type $lut.
Using template $paramod$37275f9005096a8b3beded7be16e5d19f7397fa0\$lut for cells of type $lut.
Using template $paramod\$lut\WIDTH=32'00000000000000000000000000000011\LUT=8'11010010 for cells of type $lut.
Using template $paramod$634be8dac7673ae6f91e2a8a3a2c0e8609542e36\$lut for cells of type $lut.
Using template $paramod$595b4955041ceff09e28d600fe79275c24ba9878\$lut for cells of type $lut.
Using template $paramod$69f20e0703606f2ffd2ee27cd26f815bd5eeb6e9\$lut for cells of type $lut.
Using template $paramod$6f625205336ac6ce7b8747324becdbce1049bc9c\$lut for cells of type $lut.
Using template $paramod$a20d493743c6e762e93052351143ea302aa9a813\$lut for cells of type $lut.
Using template $paramod$5b13d2ee598c87cdbe912286a35c6fd102e2087c\$lut for cells of type $lut.
Using template $paramod$7f91b6aba53c47e1460722c8a4023f8d724a9eb1\$lut for cells of type $lut.
Using template $paramod$89ce1067ddd7d1b862c35a14cf05e043d151c807\$lut for cells of type $lut.
Using template $paramod$f43bf15400946f565ec15cd72d115c6878b68aca\$lut for cells of type $lut.
Using template $paramod$33af9a654d0d8767ce4253c1bfd82206f064cd49\$lut for cells of type $lut.
Using template $paramod$98d40e23bb57d56e14345fb0942003de3e361f25\$lut for cells of type $lut.
Using template $paramod$cfe3ceab1ea50bd0165884965062a78fff9c9759\$lut for cells of type $lut.
Using template $paramod$81a1c70a44627b4583ef634127f9138f86659a4c\$lut for cells of type $lut.
Using template $paramod$af2b970363478c934f632261f05f42c59b0d7a99\$lut for cells of type $lut.
Using template $paramod$2f3577571d5c3142f074016ee0edb7ccc9033855\$lut for cells of type $lut.
Using template $paramod$88b20fc653908aab5d0e1a4e4d07b8412b532a9b\$lut for cells of type $lut.
Using template $paramod$d70afe532c66c381db66176e68a0fd16e8677a90\$lut for cells of type $lut.
Using template $paramod$041aa1dcdd60d3c4ff6eb6326c9e544a0334c607\$lut for cells of type $lut.
Using template $paramod$2c637120c6d9fc5c5bf88b8f5959bb09ad31cbae\$lut for cells of type $lut.
Using template $paramod$765dca61dbfa835dacf2a260c8a4c5a36939a046\$lut for cells of type $lut.
Using template $paramod$d031735ef467b809e04d4a04c12d2fd475f13ab7\$lut for cells of type $lut.
Using template $paramod$e26f489f0c6ea16427c95a6851486bb0c72ee2ed\$lut for cells of type $lut.
Using template $paramod$0de052767abdccc3aefc818722bdc3c7850d25d6\$lut for cells of type $lut.
Using template $paramod$ba7c22fadfbf9ee7abcb895a21403114111dd201\$lut for cells of type $lut.
Using template $paramod$f74a427f17d5fdc4a25c7ace6be52156478c7437\$lut for cells of type $lut.
Using template $paramod$2e242b3870fd1c78b14e7f95ffa17bf0b3a3339c\$lut for cells of type $lut.
Using template $paramod$746e079691931a7a75eca548b520591dac2af82b\$lut for cells of type $lut.
Using template $paramod\$lut\WIDTH=32'00000000000000000000000000000011\LUT=8'11100100 for cells of type $lut.
Using template $paramod$e96de5e9fcce737e52eacf39c70c8f533dc27d63\$lut for cells of type $lut.
Using template $paramod$ed4b624f477a67dbd878e676981471b9a7808c29\$lut for cells of type $lut.
Using template $paramod\$lut\WIDTH=32'00000000000000000000000000000011\LUT=8'01011001 for cells of type $lut.
Using template $paramod$486b4e4fafe5c8ae15b29a59fd82c3fcf63cb2b0\$lut for cells of type $lut.
Using template $paramod\$lut\WIDTH=32'00000000000000000000000000000011\LUT=8'11011000 for cells of type $lut.
Using template $paramod$009f8dc3b14720d49f69ab01d285ea36fbf90b55\$lut for cells of type $lut.
Using template $paramod\$lut\WIDTH=32'00000000000000000000000000000011\LUT=8'01101100 for cells of type $lut.
Using template $paramod\$lut\WIDTH=32'00000000000000000000000000000011\LUT=8'01001000 for cells of type $lut.
Using template $paramod$1961dd7d96994fd5c9b68bbea79858ef686523ca\$lut for cells of type $lut.
Using template $paramod$b2077130d89736f5191d0d24f7f6ffd3bddb0a2d\$lut for cells of type $lut.
Using template $paramod$ef14303192218c8dd28cb97c03357085cb7c4d4d\$lut for cells of type $lut.
Using template $paramod\$lut\WIDTH=32'00000000000000000000000000000011\LUT=8'00100000 for cells of type $lut.
Using template $paramod\$lut\WIDTH=32'00000000000000000000000000000011\LUT=8'10110100 for cells of type $lut.
Using template $paramod$ff7561cfb7d3ae7112e6974b98c96c3d891737ce\$lut for cells of type $lut.
Using template $paramod$6fc0b364a85f75b5363607d9b994e513ec2437bb\$lut for cells of type $lut.
Using template $paramod\$lut\WIDTH=32'00000000000000000000000000000011\LUT=8'00011110 for cells of type $lut.
Using template $paramod$bd7578d8ce3e2437ea907b1d5f654d907114be68\$lut for cells of type $lut.
Using template $paramod\$lut\WIDTH=32'00000000000000000000000000000011\LUT=8'01100011 for cells of type $lut.
Using template $paramod\$lut\WIDTH=32'00000000000000000000000000000011\LUT=8'00010100 for cells of type $lut.
Using template $paramod$74db7ebdc203ab2b8e34f5d81b5d1b49c6ee3ec6\$lut for cells of type $lut.
Using template $paramod\$lut\WIDTH=32'00000000000000000000000000000011\LUT=8'01001110 for cells of type $lut.
Using template $paramod$a1a2877a6803267a5ea4355589ca492869b94a2e\$lut for cells of type $lut.
Using template $paramod$2f2b9b736b3ea0a0b958cef6434418c8f6a25d02\$lut for cells of type $lut.
Using template $paramod$cd32cfde602a94b80aa21c2c24adfaee74ee23f3\$lut for cells of type $lut.
Using template $paramod$df9855fa7e798ac48f8ba40c6b704dfcd2d4bfb3\$lut for cells of type $lut.
Using template $paramod$033b10bccacf92b808634d8cf260cef1a432a306\$lut for cells of type $lut.
Using template $paramod$1bf896d3df72cf1993f96b3035ad813f0b4180a2\$lut for cells of type $lut.
Using template $paramod$90bf02bfbc9ec8907e9d716c05e921b93d4705fd\$lut for cells of type $lut.
Using template $paramod$a0df0dc5f1ef530b2aa68f7edcde3f6400cd8b5c\$lut for cells of type $lut.
Using template $paramod$d76487b0cc9632960004c57209ab969f1d4e619c\$lut for cells of type $lut.
Using template $paramod$3f3d19799fe0d8c5eadeb5069383f24156e85897\$lut for cells of type $lut.
Using template $paramod$868427562418b5dc988caeac6a54689ec9c9025e\$lut for cells of type $lut.
Using template $paramod$a3ae0924cde80889c6e05ae61ecf799facf8ded5\$lut for cells of type $lut.
Using template $paramod\$lut\WIDTH=32'00000000000000000000000000000011\LUT=8'10010000 for cells of type $lut.
Using template $paramod$0fb3437f3229691986674bbb93ca3e579291b720\$lut for cells of type $lut.
Using template $paramod\$lut\WIDTH=32'00000000000000000000000000000011\LUT=8'01000000 for cells of type $lut.
Using template $paramod$9749a72623ffeb0da03674bad641afecefb354e8\$lut for cells of type $lut.
Using template $paramod$e1394f544e14de163334238067bf8a804ae8a567\$lut for cells of type $lut.
Using template $paramod\$lut\WIDTH=32'00000000000000000000000000000011\LUT=8'10000100 for cells of type $lut.
Using template $paramod$70aaf70eb32e221098b6eb52bf2b64b3c0b4a0fb\$lut for cells of type $lut.
Using template $paramod$8512f4fb47fa9596f76cdbe5b407a5b54df368e7\$lut for cells of type $lut.
Using template $paramod$a5d3da563b51fac23a710ae7cb3e8ce69cd22c5e\$lut for cells of type $lut.
Using template $paramod$f70269f202d4dce0365aebaed07094a4216142a8\$lut for cells of type $lut.
Using template $paramod$39d7e7c6daa59a57143eb22b865518945ebf4c5f\$lut for cells of type $lut.
Using template $paramod$61c387311e0b7b1481f282cf3d339bc22e86cf60\$lut for cells of type $lut.
Using template $paramod$9798dc7b835de63a1443e7bcdee66539bde35d8f\$lut for cells of type $lut.
Using template $paramod$0e3b92163337f2e219624ed5cc4f8fbb4537d621\$lut for cells of type $lut.
Using template $paramod$1f37b534052cd586ccc2dc3aae590af2dbe15e96\$lut for cells of type $lut.
Using template $paramod\$lut\WIDTH=32'00000000000000000000000000000011\LUT=8'10001101 for cells of type $lut.
Using template $paramod$073c3875e93751e42cdad019a60ceda4e49331da\$lut for cells of type $lut.
Using template $paramod$c92106469089edeb8ad4d6daf5067879a8f6ba9f\$lut for cells of type $lut.
Using template $paramod$dd04db71dd446d0caaf01be10c27ff36f1a03004\$lut for cells of type $lut.
Using template $paramod$d2722998f666e8e5f5d38593fc5482ba23bb83be\$lut for cells of type $lut.
Using template $paramod$d89b437f6e04585fb6ec63e66c2a620393b6245e\$lut for cells of type $lut.
Using template $paramod$83dbb01e5f200dd2359b4ac7183ac80b0f267ba1\$lut for cells of type $lut.
Using template $paramod$50b99034fbf984a51c265442496081454147f31e\$lut for cells of type $lut.
Using template $paramod$78e1751931755f088c8bc676bcbc3bb642c26bfc\$lut for cells of type $lut.
Using template $paramod$c65acfd61ae70b5ce04c0aafaf2a256ff80af4df\$lut for cells of type $lut.
Using template $paramod$5249da6f2b2541b723a755a0c67053858fe544a6\$lut for cells of type $lut.
Using template $paramod$fddb87a19dd9200b6161309e26c00c73ebbba317\$lut for cells of type $lut.
Using template $paramod\$lut\WIDTH=32'00000000000000000000000000000011\LUT=8'01111000 for cells of type $lut.
Using template $paramod$5b70de4dbb323ec22c925aa2fcc3326145cab098\$lut for cells of type $lut.
Using template $paramod\$lut\WIDTH=32'00000000000000000000000000000011\LUT=8'00011011 for cells of type $lut.
Using template $paramod$b0141a4c59a5a6f707e9bde5277d6b169d632950\$lut for cells of type $lut.
Using template $paramod\$lut\WIDTH=32'00000000000000000000000000000011\LUT=8'10010011 for cells of type $lut.
Using template $paramod\$lut\WIDTH=32'00000000000000000000000000000011\LUT=8'10000111 for cells of type $lut.
Using template $paramod\$lut\WIDTH=32'00000000000000000000000000000011\LUT=8'10101001 for cells of type $lut.
Using template $paramod$c260febcc3631d84ad43e284a49b958845bdf03c\$lut for cells of type $lut.
Using template $paramod$2ed94d1dfad155e72d4a62c9181d5bf3f66bed65\$lut for cells of type $lut.
Using template $paramod$5ddde992c8bae5d379e77b9a4f3b5144d1540e49\$lut for cells of type $lut.
Using template $paramod$0ba7af985ab6722cb3547ad68305a7e9455a49a5\$lut for cells of type $lut.
Using template $paramod$acf49cb7bd2805dee4b4ebb218aa5924b1be7704\$lut for cells of type $lut.
Using template $paramod$deb4f121bbf3d55ed9a98f692fd112e0918f51b5\$lut for cells of type $lut.
Using template $paramod$a81cf453a316218febe7a33c0cf3157f69dfa7dc\$lut for cells of type $lut.
Using template $paramod$a7defd4f918862a5b442f9ecbddab049665c36c4\$lut for cells of type $lut.
Using template $paramod$dcba541ad53a9873d71bfba6c13dc2a8e2a60a79\$lut for cells of type $lut.
Using template $paramod$df2642f05f5a74776850200bc94ea206bfacf03d\$lut for cells of type $lut.
Using template $paramod$b26fbfdb68e98cf016d61a8611b449e9f4a30f3c\$lut for cells of type $lut.
Using template $paramod$f55f4b90ec8e3e648d5c29eab1fa5ddd64b3f973\$lut for cells of type $lut.
Using template $paramod\$lut\WIDTH=32'00000000000000000000000000000011\LUT=8'00001110 for cells of type $lut.
Using template $paramod$fe70bb3280659663b8fa2b45f42fda9ccf4ccfaa\$lut for cells of type $lut.
Using template $paramod$79a952cea0227fd86b17a87f4f4d48e0e568c1c2\$lut for cells of type $lut.
Using template $paramod$8d7a8d6e3356de09670738ba85f2c6b874f6b06d\$lut for cells of type $lut.
Using template $paramod$3f6fe0730f7978b946a57d55a78e206b053e637b\$lut for cells of type $lut.
Using template $paramod$6ab1af087b7cdbbe9fe0b2c8de0775ec05f2311f\$lut for cells of type $lut.
Using template $paramod$dd3fb0b6061f2daaaedd5e300347a303c89566f9\$lut for cells of type $lut.
Using template $paramod$16778fc00f099d4d665099258776cdf9bd192938\$lut for cells of type $lut.
Using template $paramod$5c24efb1ef00c2fbe6898cb18002d4748c418328\$lut for cells of type $lut.
Using template $paramod$9b4fd0c3e39828c42e56c930fda284722c07f732\$lut for cells of type $lut.
Using template $paramod$111f8c0bfad19fd2eab2ccc44f00d5beb136fc1a\$lut for cells of type $lut.
Using template $paramod$7f0c33ebaba0ede46854143fc6bff56677faafba\$lut for cells of type $lut.
Using template $paramod$93785b9c731eec5233cca020cc98b38141190c08\$lut for cells of type $lut.
Using template $paramod$8bd03312e7b3da9ecda50773c2fe458c3a267775\$lut for cells of type $lut.
Using template $paramod$056d5a9438b208d5710860d404f760cee6ed2e40\$lut for cells of type $lut.
Using template $paramod\$lut\WIDTH=32'00000000000000000000000000000011\LUT=8'00010010 for cells of type $lut.
Using template $paramod$719d0dace9d118de2fd3c5c8744df93c19c0e362\$lut for cells of type $lut.
Using template $paramod$5ddfd1ea4f5227b248c326983159684afd6d7d86\$lut for cells of type $lut.
Using template $paramod$df196ed0a1da5c4a58c5e08a1dac304fd3fccaab\$lut for cells of type $lut.
Using template $paramod$b7685cb0c8a6753256bc84bc31d36a443c15fab7\$lut for cells of type $lut.
Using template $paramod$f29e032f258073bb3745250ba87f3492c18ae173\$lut for cells of type $lut.
Using template $paramod$8dea978432b975a06d487b3763d4d556f8d362b4\$lut for cells of type $lut.
Using template $paramod$5aade32a42eeea80d52be580c6f168f2efa73bd2\$lut for cells of type $lut.
Using template $paramod$8c218f07f4fcb7aa89542ff3d7405186c308b9d1\$lut for cells of type $lut.
Using template $paramod\$lut\WIDTH=32'00000000000000000000000000000011\LUT=8'11100001 for cells of type $lut.
Using template $paramod\$lut\WIDTH=32'00000000000000000000000000000011\LUT=8'01000001 for cells of type $lut.
Using template $paramod$1e47b2c82141d6a54f09852fad33b92b9763040f\$lut for cells of type $lut.
Using template $paramod$2955ab75367a3dc9d6f50d3655eebcd4f615031f\$lut for cells of type $lut.
Using template $paramod$d2404bc923c62604c2b19250ff00384ca4b03183\$lut for cells of type $lut.
Using template $paramod$99c73f0256308ee21a76b0721019688be13ef8fd\$lut for cells of type $lut.
Using template $paramod\$lut\WIDTH=32'00000000000000000000000000000011\LUT=8'10011100 for cells of type $lut.
Using template $paramod\$lut\WIDTH=32'00000000000000000000000000000011\LUT=8'01111110 for cells of type $lut.
Using template $paramod$729aa850e969bb9bb1c205734876853e142656d4\$lut for cells of type $lut.
Using template $paramod\$lut\WIDTH=32'00000000000000000000000000000011\LUT=8'01100101 for cells of type $lut.
Using template $paramod$e3fc9b30b58fba9f0d7b53dcaa617e2b28b350ae\$lut for cells of type $lut.
Using template $paramod$f857bdfd499f2d260fec7676092360e160d92149\$lut for cells of type $lut.
Using template $paramod$2e2222461fa8d6f04456b90983e68514b0e7e272\$lut for cells of type $lut.
Using template $paramod$edc5a73130589b9210f4bdf92e14bdcacac8945d\$lut for cells of type $lut.
Using template $paramod$f4281cc75e71c5647c0767b4f2e4b2b5e0b782ca\$lut for cells of type $lut.
Using template $paramod$f4ae1b1baef5c12e8f4145811caebb30472d171f\$lut for cells of type $lut.
Using template $paramod$2af7fd5c408581c2b6e80048f54948ce05a232f8\$lut for cells of type $lut.
Using template $paramod$de52a65f985bb8c1904b1b12752998fc37477714\$lut for cells of type $lut.
Using template $paramod$0717b53ed64c85172e2a6cfa8637b86116dd3ba3\$lut for cells of type $lut.
Using template $paramod$1c90c77c2db36188eacc8d86dc7c5b73360a4089\$lut for cells of type $lut.
Using template $paramod$2b4c3576dc50d5618ece8d9fba867e9d3b724efa\$lut for cells of type $lut.
Using template $paramod$2b29ccbd5fb8b9c557f92ddec1023c75686f32ae\$lut for cells of type $lut.
Using template $paramod$c1da3356041b5961ce90da692c5d081fa50dcc57\$lut for cells of type $lut.
Using template $paramod$573269cdf5f92479a3d66b4e920186d363a31a37\$lut for cells of type $lut.
Using template $paramod$e9672f86bbad9c136ff22a65ada9572f325c5028\$lut for cells of type $lut.
Using template $paramod$5f1d3a143c9c87ab46abfde5f2b7762cf4000f70\$lut for cells of type $lut.
Using template $paramod$cd8975dc11fa0a0f43767c66f462c08cafafa82c\$lut for cells of type $lut.
Using template $paramod$b74813021f8a6c7b2d60a3775130f8205ab14de4\$lut for cells of type $lut.
Using template $paramod$71923fbcd4bfda101a495ad186409e3771ed0105\$lut for cells of type $lut.
Using template $paramod$28ba90bb95963b63750b27cda749dbcd75757c3a\$lut for cells of type $lut.
Using template $paramod$6da36b00000992020b7b7eba5fbe42bbd326035f\$lut for cells of type $lut.
Using template $paramod$610895a8fdbf27a4d2da55f6513bb969354802ea\$lut for cells of type $lut.
Using template $paramod$9c9c977d4ef412c658600f27af104e72c77928d0\$lut for cells of type $lut.
Using template $paramod$480632dc6f7c037df6062cf8bf88300b5262c395\$lut for cells of type $lut.
Using template $paramod$af15795a06c603a08d9895ab4b39ec00e070ccf8\$lut for cells of type $lut.
Using template $paramod\$lut\WIDTH=32'00000000000000000000000000000011\LUT=8'00100001 for cells of type $lut.
Using template $paramod$aecbe53e04ee7a5bc6baf9b04cde1d8d2c06e8e3\$lut for cells of type $lut.
Using template $paramod$4cf5305612d86489c1a6171729557670bf08582e\$lut for cells of type $lut.
Using template $paramod$e5cb8e913f4daae476fde2b364998f21967f1f08\$lut for cells of type $lut.
Using template $paramod\$lut\WIDTH=32'00000000000000000000000000000011\LUT=8'00101101 for cells of type $lut.
Using template $paramod$11b454f227ea9c1834e9ed1d94d70fdfdb427fc1\$lut for cells of type $lut.
Using template $paramod\$lut\WIDTH=32'00000000000000000000000000000011\LUT=8'10100110 for cells of type $lut.
Using template $paramod$2f9c8858e893852d8229d2305d19618ba731c7bf\$lut for cells of type $lut.
Using template $paramod$f1029f646005abda698426a043a7c8fe4e2bd078\$lut for cells of type $lut.
Using template $paramod\$lut\WIDTH=32'00000000000000000000000000000011\LUT=8'11010001 for cells of type $lut.
Using template $paramod$e876a0bb5cc43721691604ba530fe3c2dc6d67d4\$lut for cells of type $lut.
Using template $paramod$7793af14a1d1a9df09b7264353e3dfaa774cd044\$lut for cells of type $lut.
Using template $paramod\$lut\WIDTH=32'00000000000000000000000000000011\LUT=8'00011101 for cells of type $lut.
Using template $paramod$8cbde5df415e1b1f73010b234ade0488e5afeb0b\$lut for cells of type $lut.
Using template $paramod$1c8e91c5a3793b97ad1c41f2ec7b04d1ec72941a\$lut for cells of type $lut.
Using template $paramod$80c97b6d61721c8bcc57f4b961b280c279eb3c6f\$lut for cells of type $lut.
Using template $paramod$a8c32efd72d2e5a4f2d5ec49f139b77544f5b0df\$lut for cells of type $lut.
Using template $paramod$19e5b38cca183d8b6b3a15d20dc995c09cd71893\$lut for cells of type $lut.
Using template $paramod$f9431042fe742d33916d0668e130f738b9ca39e0\$lut for cells of type $lut.
Using template $paramod$708ff7e971fdbc9b041ef4977b41c8d828262923\$lut for cells of type $lut.
Using template $paramod$c9baf19a346f9036c5c5e1d377838949e9012aa7\$lut for cells of type $lut.
Using template $paramod$ea50dbdecb23313ea51f5a64c26c1a3ae6c6e7c2\$lut for cells of type $lut.
Using template $paramod$c67ff654dfa9062d61db52bd013fb1271e5b9a9b\$lut for cells of type $lut.
Using template $paramod$851af557e065840865b91eaecf2ad85c674f7599\$lut for cells of type $lut.
Using template $paramod$519b6e2dbfd66920b2d4aeae7cc975bcfc27990a\$lut for cells of type $lut.
Using template $paramod$2d07c1a6c53c7b878509360922c4fa5ebedc3011\$lut for cells of type $lut.
Using template $paramod$54b31a4ca2fcdd8a84ca32ff455a989423627fef\$lut for cells of type $lut.
Using template $paramod$30bcd090eabb7a564676ce64e641713f587466fd\$lut for cells of type $lut.
Using template $paramod$4ac73e90cabe3fd5423b3897754e1be51d1645fa\$lut for cells of type $lut.
Using template $paramod$4bfd45f02ed7fecec5d39674ef87475cddf8f14d\$lut for cells of type $lut.
Using template $paramod$b1d51c0d972e3b43236c1c6aa73dc58843eb43e3\$lut for cells of type $lut.
Using template $paramod\$lut\WIDTH=32'00000000000000000000000000000011\LUT=8'10010101 for cells of type $lut.
Using template $paramod$589a3f982da79fa8946e49d2903c90d62ebf1752\$lut for cells of type $lut.
Using template $paramod$ecf2a17c061c17763d12592309f482d512af5e13\$lut for cells of type $lut.
Using template $paramod$0006fbab969a9a6463dee2e9110a2ed0cb93ee61\$lut for cells of type $lut.
Using template $paramod$eb690488b013f4269df7b5d57c20e7737b498556\$lut for cells of type $lut.
Using template $paramod$ca1d48527df516f209cb40a6149324209c84bc69\$lut for cells of type $lut.
Using template $paramod\$lut\WIDTH=32'00000000000000000000000000000011\LUT=8'01001011 for cells of type $lut.
Using template $paramod$9646b961b0518e8e4beac7c031ea5ef625414cf7\$lut for cells of type $lut.
Using template $paramod$4d8a844a37fbe6bf13014ac6337aea71afbf5423\$lut for cells of type $lut.
Using template $paramod$75da9f62dae9967ce1dcf83ea5e04b2efacedd7e\$lut for cells of type $lut.
Using template $paramod$926ac55185a9de8a4c1953873edc4431dd68554a\$lut for cells of type $lut.
Using template $paramod$0e15dab6ece831aa7249faa5eff137bdb850e909\$lut for cells of type $lut.
Using template $paramod$1488a13aba25dcf9a672d9215771668081fa926e\$lut for cells of type $lut.
Using template $paramod$4cb260cd163a68d1be744c145b4f5418f9fb5eb8\$lut for cells of type $lut.
Using template $paramod$fbed19fb84ee7c8a884778d28a96daea96245184\$lut for cells of type $lut.
Using template $paramod$a208bb9ba921434a8423a390340d4fec57c85b6d\$lut for cells of type $lut.
Using template $paramod$32f5ea57a02a66d26d4a2e3cd7f26ba05fa8bd58\$lut for cells of type $lut.
Using template $paramod$bfe22c8b84d59da01a0d5f64a43ce85bbe441179\$lut for cells of type $lut.
Using template $paramod$94d5fc7f7d3f71ae26b9c1532bd8787f0c4d523d\$lut for cells of type $lut.
Using template $paramod$ca209542bd629054585e025c08ec38b9cb8d9afd\$lut for cells of type $lut.
Using template $paramod$5183b4454493323aca6310872659274580528fcf\$lut for cells of type $lut.
Using template $paramod\$lut\WIDTH=32'00000000000000000000000000000011\LUT=8'00111010 for cells of type $lut.
Using template $paramod\$lut\WIDTH=32'00000000000000000000000000000011\LUT=8'11100111 for cells of type $lut.
Using template $paramod$979c14d8d4c23e2c6576f7cb9e6f640bbc3eeaf6\$lut for cells of type $lut.
Using template $paramod$7e81a8ad8f27fccecc6e805c0ccf27dd70f2d2c2\$lut for cells of type $lut.
Using template $paramod$e8b1383c6901b56df73ac402d78a5e0a42461be0\$lut for cells of type $lut.
Using template $paramod\$lut\WIDTH=32'00000000000000000000000000000011\LUT=8'01110100 for cells of type $lut.
Using template $paramod$c1ecd13b5e2feb77a725850b71cc8207f7841c40\$lut for cells of type $lut.
Using template $paramod$d3ef1e4c51780d0a5425e32110ea022c31c1404f\$lut for cells of type $lut.
Using template $paramod$59cbafa4d23a5052ba15eb113e52d55476cf45ac\$lut for cells of type $lut.
Using template $paramod$39b2d0e45a3b80cdf94fb6280acb11801ec75440\$lut for cells of type $lut.
Using template $paramod$25e5b05852d4a433b361e182ded50ce7e3e40ed0\$lut for cells of type $lut.
Using template $paramod$15fde79be682b525c5842bf29c7e57f4328035ed\$lut for cells of type $lut.
Using template $paramod\$lut\WIDTH=32'00000000000000000000000000000011\LUT=8'01100000 for cells of type $lut.
Using template $paramod$e56d99447d8a3ece8eda45209ed4b9fdcdbf8d26\$lut for cells of type $lut.
Using template $paramod$8bb166fd629c8a07817031e8169d2a1d4ad22103\$lut for cells of type $lut.
Using template $paramod$4f12c68fe152bf82a50c813cc37cc632b89530ed\$lut for cells of type $lut.
Using template $paramod$a067ca065a0e8fdac308d6893e69914865d54ec4\$lut for cells of type $lut.
Using template $paramod\$lut\WIDTH=32'00000000000000000000000000000011\LUT=8'10001011 for cells of type $lut.
Using template $paramod$ee1273a447e63e4e9d26796e983b505bb2da74dd\$lut for cells of type $lut.
Using template $paramod$f6470d2922644dfddf4d3b6031decef3dbd73dd6\$lut for cells of type $lut.
Using template $paramod$35672d2b9fa51186a5b8f71a431de86d23cc3dde\$lut for cells of type $lut.
Using template $paramod\$lut\WIDTH=32'00000000000000000000000000000011\LUT=8'10100011 for cells of type $lut.
Using template $paramod$88e7d7e2025d8ea17ed81362ddfc960bdb390881\$lut for cells of type $lut.
Using template $paramod$6035268c8e128d0cd52fe1220f467fa985fea195\$lut for cells of type $lut.
Using template $paramod$e22058cfd669d2b622373b99b6b90f5a2f07eac8\$lut for cells of type $lut.
Using template $paramod\$lut\WIDTH=32'00000000000000000000000000000011\LUT=8'00000010 for cells of type $lut.
Using template $paramod$8d7e631403a80aa650e318c82a10887417c8ada0\$lut for cells of type $lut.
Using template $paramod$df2c5671757930949ccad092458a7f705f78ea6a\$lut for cells of type $lut.
Using template $paramod$4c3441b69c955b9dc81501dc0432ef048c815b84\$lut for cells of type $lut.
Using template $paramod$e5f3577946f60d63352a885a0122ac782d653d41\$lut for cells of type $lut.
Using template $paramod$2f7deae5fb594b0c70bb82efd4d3682a7baaa352\$lut for cells of type $lut.
Using template $paramod$18c0af0ab239136c12d03cf9ac659374dfbe1fe6\$lut for cells of type $lut.
Using template $paramod$c5ebd6545da14c5c783b25d2f23014db05583e3c\$lut for cells of type $lut.
Using template $paramod$bdb40c0ae556f7ad752dbfe2273cf4f2265f7b32\$lut for cells of type $lut.
Using template $paramod$fde5000c4ec2ff76bd9e13a402f841293fc2d9d7\$lut for cells of type $lut.
Using template $paramod$0d6e3afd4225413c0e953b9459bc1aeb0629f6aa\$lut for cells of type $lut.
Using template $paramod$d0473d416c9467aceff95972e569c4d7cb6d1f86\$lut for cells of type $lut.
Using template $paramod$c54b97696ffbd17d4dc47f346c98ce53cfde6797\$lut for cells of type $lut.
Using template $paramod$74896d5916b54059928d3e3a06a0d62a2b582a8d\$lut for cells of type $lut.
Using template $paramod\$lut\WIDTH=32'00000000000000000000000000000010\LUT=4'1110 for cells of type $lut.
No more expansions possible.
<suppressed ~13421 debug messages>
Removed 0 unused cells and 22847 unused wires.

3.46. Executing AUTONAME pass.
Renamed 875250 objects in module tcn_network_8ch_2layer (321 iterations).
<suppressed ~14597 debug messages>

3.47. Executing HIERARCHY pass (managing design hierarchy).

3.47.1. Analyzing design hierarchy..
Top module:  \tcn_network_8ch_2layer

3.47.2. Analyzing design hierarchy..
Top module:  \tcn_network_8ch_2layer
Removed 0 unused modules.

3.48. Printing statistics.

=== tcn_network_8ch_2layer ===

   Number of wires:               4655
   Number of wire bits:          15373
   Number of public wires:        4655
   Number of public wire bits:   15373
   Number of ports:                  7
   Number of port bits:            133
   Number of memories:               0
   Number of memory bits:            0
   Number of processes:              0
   Number of cells:              10038
     $scopeinfo                      2
     SB_CARRY                      448
     SB_DFFESR                     640
     SB_DFFSR                        2
     SB_LUT4                      8946

3.49. Executing CHECK pass (checking for obvious problems).
Checking module tcn_network_8ch_2layer...
Found and reported 0 problems.

3.50. Executing JSON backend.

Warnings: 2 unique messages, 6 total
End of script. Logfile hash: 14a57dcb14, CPU: user 7.35s system 0.28s
Yosys 0.42 (git sha1 9b6afcf3f, clang++ 15.0.0 -fPIC -Os)
Time spent: 62% 1x abc9_exe (12 sec), 9% 29x opt_expr (1 sec), ...
