
 /----------------------------------------------------------------------------\
 |  yosys -- Yosys Open SYnthesis Suite                                       |
 |  Copyright (C) 2012 - 2024  Claire Xenia Wolf <claire@yosyshq.com>         |
 |  Distributed under an ISC-like license, type "license" to see terms        |
 \----------------------------------------------------------------------------/
 Yosys 0.42 (git sha1 9b6afcf3f, clang++ 15.0.0 -fPIC -Os)

-- Running command `read_verilog tcn_8ch_layer_parallel.v tcn_network_8ch_2layer.v; synth_ice40 -top tcn_network_8ch_2layer -json channel_reports/8ch_2layer_k5/network.json' --

1. Executing Verilog-2005 frontend: tcn_8ch_layer_parallel.v
Parsing Verilog input from `tcn_8ch_layer_parallel.v' to AST representation.
Generating RTLIL representation for module `\tcn_8ch_layer_parallel'.
Warning: Replacing memory \history with list of registers. See tcn_8ch_layer_parallel.v:74
Warning: Replacing memory \conv_sum with list of registers. See tcn_8ch_layer_parallel.v:57, tcn_8ch_layer_parallel.v:55
Successfully finished Verilog frontend.

2. Executing Verilog-2005 frontend: tcn_network_8ch_2layer.v
Parsing Verilog input from `tcn_network_8ch_2layer.v' to AST representation.
Generating RTLIL representation for module `\tcn_network_8ch_2layer'.
Successfully finished Verilog frontend.

3. Executing SYNTH_ICE40 pass.

3.1. Executing Verilog-2005 frontend: /opt/homebrew/bin/../share/yosys/ice40/cells_sim.v
Parsing Verilog input from `/opt/homebrew/bin/../share/yosys/ice40/cells_sim.v' to AST representation.
Generating RTLIL representation for module `\SB_IO'.
Generating RTLIL representation for module `\SB_GB_IO'.
Generating RTLIL representation for module `\SB_GB'.
Generating RTLIL representation for module `\SB_LUT4'.
Generating RTLIL representation for module `\SB_CARRY'.
Generating RTLIL representation for module `\SB_DFF'.
Generating RTLIL representation for module `\SB_DFFE'.
Generating RTLIL representation for module `\SB_DFFSR'.
Generating RTLIL representation for module `\SB_DFFR'.
Generating RTLIL representation for module `\SB_DFFSS'.
Generating RTLIL representation for module `\SB_DFFS'.
Generating RTLIL representation for module `\SB_DFFESR'.
Generating RTLIL representation for module `\SB_DFFER'.
Generating RTLIL representation for module `\SB_DFFESS'.
Generating RTLIL representation for module `\SB_DFFES'.
Generating RTLIL representation for module `\SB_DFFN'.
Generating RTLIL representation for module `\SB_DFFNE'.
Generating RTLIL representation for module `\SB_DFFNSR'.
Generating RTLIL representation for module `\SB_DFFNR'.
Generating RTLIL representation for module `\SB_DFFNSS'.
Generating RTLIL representation for module `\SB_DFFNS'.
Generating RTLIL representation for module `\SB_DFFNESR'.
Generating RTLIL representation for module `\SB_DFFNER'.
Generating RTLIL representation for module `\SB_DFFNESS'.
Generating RTLIL representation for module `\SB_DFFNES'.
Generating RTLIL representation for module `\SB_RAM40_4K'.
Generating RTLIL representation for module `\SB_RAM40_4KNR'.
Generating RTLIL representation for module `\SB_RAM40_4KNW'.
Generating RTLIL representation for module `\SB_RAM40_4KNRNW'.
Generating RTLIL representation for module `\ICESTORM_LC'.
Generating RTLIL representation for module `\SB_PLL40_CORE'.
Generating RTLIL representation for module `\SB_PLL40_PAD'.
Generating RTLIL representation for module `\SB_PLL40_2_PAD'.
Generating RTLIL representation for module `\SB_PLL40_2F_CORE'.
Generating RTLIL representation for module `\SB_PLL40_2F_PAD'.
Generating RTLIL representation for module `\SB_WARMBOOT'.
Generating RTLIL representation for module `\SB_SPRAM256KA'.
Generating RTLIL representation for module `\SB_HFOSC'.
Generating RTLIL representation for module `\SB_LFOSC'.
Generating RTLIL representation for module `\SB_RGBA_DRV'.
Generating RTLIL representation for module `\SB_LED_DRV_CUR'.
Generating RTLIL representation for module `\SB_RGB_DRV'.
Generating RTLIL representation for module `\SB_I2C'.
Generating RTLIL representation for module `\SB_SPI'.
Generating RTLIL representation for module `\SB_LEDDA_IP'.
Generating RTLIL representation for module `\SB_FILTER_50NS'.
Generating RTLIL representation for module `\SB_IO_I3C'.
Generating RTLIL representation for module `\SB_IO_OD'.
Generating RTLIL representation for module `\SB_MAC16'.
Generating RTLIL representation for module `\ICESTORM_RAM'.
Successfully finished Verilog frontend.

3.2. Executing HIERARCHY pass (managing design hierarchy).

3.2.1. Analyzing design hierarchy..
Top module:  \tcn_network_8ch_2layer
Used module:     \tcn_8ch_layer_parallel
Parameter \CHANNELS = 8
Parameter \SAMPLE_WIDTH = 8
Parameter \WEIGHT_WIDTH = 8
Parameter \ACC_WIDTH = 16
Parameter \KERNEL_TAPS = 5
Parameter \DILATION = 1
Parameter \USE_RELU = 0

3.2.2. Executing AST frontend in derive mode using pre-parsed AST for module `\tcn_8ch_layer_parallel'.
Parameter \CHANNELS = 8
Parameter \SAMPLE_WIDTH = 8
Parameter \WEIGHT_WIDTH = 8
Parameter \ACC_WIDTH = 16
Parameter \KERNEL_TAPS = 5
Parameter \DILATION = 1
Parameter \USE_RELU = 0
Generating RTLIL representation for module `$paramod$70c2b892b6b3d9dba6ddee4dd8f229ae544f14df\tcn_8ch_layer_parallel'.
Warning: Replacing memory \history with list of registers. See tcn_8ch_layer_parallel.v:74
Warning: Replacing memory \conv_sum with list of registers. See tcn_8ch_layer_parallel.v:57, tcn_8ch_layer_parallel.v:55
Parameter \CHANNELS = 8
Parameter \SAMPLE_WIDTH = 8
Parameter \WEIGHT_WIDTH = 8
Parameter \ACC_WIDTH = 16
Parameter \KERNEL_TAPS = 5
Parameter \DILATION = 1
Parameter \USE_RELU = 1

3.2.3. Executing AST frontend in derive mode using pre-parsed AST for module `\tcn_8ch_layer_parallel'.
Parameter \CHANNELS = 8
Parameter \SAMPLE_WIDTH = 8
Parameter \WEIGHT_WIDTH = 8
Parameter \ACC_WIDTH = 16
Parameter \KERNEL_TAPS = 5
Parameter \DILATION = 1
Parameter \USE_RELU = 1
Generating RTLIL representation for module `$paramod$5d5f252939ada581f47b72eaea5795c444d8ace1\tcn_8ch_layer_parallel'.
Warning: Replacing memory \history with list of registers. See tcn_8ch_layer_parallel.v:74
Warning: Replacing memory \conv_sum with list of registers. See tcn_8ch_layer_parallel.v:57, tcn_8ch_layer_parallel.v:55

3.2.4. Analyzing design hierarchy..
Top module:  \tcn_network_8ch_2layer
Used module:     $paramod$70c2b892b6b3d9dba6ddee4dd8f229ae544f14df\tcn_8ch_layer_parallel
Used module:     $paramod$5d5f252939ada581f47b72eaea5795c444d8ace1\tcn_8ch_layer_parallel

3.2.5. Analyzing design hierarchy..
Top module:  \tcn_network_8ch_2layer
Used module:     $paramod$70c2b892b6b3d9dba6ddee4dd8f229ae544f14df\tcn_8ch_layer_parallel
Used module:     $paramod$5d5f252939ada581f47b72eaea5795c444d8ace1\tcn_8ch_layer_parallel
Removing unused module `\tcn_8ch_layer_parallel'.
Removed 1 unused modules.

3.3. Executing PROC pass (convert processes to netlists).

3.3.1. Executing PROC_CLEAN pass (remove empty switches from decision trees).
Cleaned up 0 empty switches.

3.3.2. Executing PROC_RMDEAD pass (remove dead branches from decision trees).
Marked 10 switch rules as full_case in process $proc$tcn_8ch_layer_parallel.v:68$2330 in module $paramod$70c2b892b6b3d9dba6ddee4dd8f229ae544f14df\tcn_8ch_layer_parallel.
Marked 1 switch rules as full_case in process $proc$/opt/homebrew/bin/../share/yosys/ice40/cells_sim.v:1414$1229 in module SB_DFFNES.
Marked 1 switch rules as full_case in process $proc$/opt/homebrew/bin/../share/yosys/ice40/cells_sim.v:1353$1222 in module SB_DFFNESS.
Marked 1 switch rules as full_case in process $proc$/opt/homebrew/bin/../share/yosys/ice40/cells_sim.v:1273$1218 in module SB_DFFNER.
Marked 1 switch rules as full_case in process $proc$/opt/homebrew/bin/../share/yosys/ice40/cells_sim.v:1212$1211 in module SB_DFFNESR.
Marked 1 switch rules as full_case in process $proc$/opt/homebrew/bin/../share/yosys/ice40/cells_sim.v:1138$1208 in module SB_DFFNS.
Marked 1 switch rules as full_case in process $proc$/opt/homebrew/bin/../share/yosys/ice40/cells_sim.v:1088$1205 in module SB_DFFNSS.
Marked 1 switch rules as full_case in process $proc$/opt/homebrew/bin/../share/yosys/ice40/cells_sim.v:1017$1202 in module SB_DFFNR.
Marked 1 switch rules as full_case in process $proc$/opt/homebrew/bin/../share/yosys/ice40/cells_sim.v:967$1199 in module SB_DFFNSR.
Marked 1 switch rules as full_case in process $proc$/opt/homebrew/bin/../share/yosys/ice40/cells_sim.v:803$1191 in module SB_DFFES.
Marked 1 switch rules as full_case in process $proc$/opt/homebrew/bin/../share/yosys/ice40/cells_sim.v:742$1184 in module SB_DFFESS.
Marked 1 switch rules as full_case in process $proc$/opt/homebrew/bin/../share/yosys/ice40/cells_sim.v:662$1180 in module SB_DFFER.
Marked 1 switch rules as full_case in process $proc$/opt/homebrew/bin/../share/yosys/ice40/cells_sim.v:601$1173 in module SB_DFFESR.
Marked 1 switch rules as full_case in process $proc$/opt/homebrew/bin/../share/yosys/ice40/cells_sim.v:527$1170 in module SB_DFFS.
Marked 1 switch rules as full_case in process $proc$/opt/homebrew/bin/../share/yosys/ice40/cells_sim.v:477$1167 in module SB_DFFSS.
Marked 1 switch rules as full_case in process $proc$/opt/homebrew/bin/../share/yosys/ice40/cells_sim.v:406$1164 in module SB_DFFR.
Marked 1 switch rules as full_case in process $proc$/opt/homebrew/bin/../share/yosys/ice40/cells_sim.v:356$1161 in module SB_DFFSR.
Marked 10 switch rules as full_case in process $proc$tcn_8ch_layer_parallel.v:68$3310 in module $paramod$5d5f252939ada581f47b72eaea5795c444d8ace1\tcn_8ch_layer_parallel.
Removed a total of 0 dead cases.

3.3.3. Executing PROC_PRUNE pass (remove redundant assignments in processes).
Removed 10 redundant assignments.
Promoted 50 assignments to connections.

3.3.4. Executing PROC_INIT pass (extract init attributes).
Found init rule in `\SB_DFFNES.$proc$/opt/homebrew/bin/../share/yosys/ice40/cells_sim.v:0$1232'.
  Set init value: \Q = 1'0
Found init rule in `\SB_DFFNESS.$proc$/opt/homebrew/bin/../share/yosys/ice40/cells_sim.v:0$1228'.
  Set init value: \Q = 1'0
Found init rule in `\SB_DFFNER.$proc$/opt/homebrew/bin/../share/yosys/ice40/cells_sim.v:0$1221'.
  Set init value: \Q = 1'0
Found init rule in `\SB_DFFNESR.$proc$/opt/homebrew/bin/../share/yosys/ice40/cells_sim.v:0$1217'.
  Set init value: \Q = 1'0
Found init rule in `\SB_DFFNS.$proc$/opt/homebrew/bin/../share/yosys/ice40/cells_sim.v:0$1210'.
  Set init value: \Q = 1'0
Found init rule in `\SB_DFFNSS.$proc$/opt/homebrew/bin/../share/yosys/ice40/cells_sim.v:0$1207'.
  Set init value: \Q = 1'0
Found init rule in `\SB_DFFNR.$proc$/opt/homebrew/bin/../share/yosys/ice40/cells_sim.v:0$1204'.
  Set init value: \Q = 1'0
Found init rule in `\SB_DFFNSR.$proc$/opt/homebrew/bin/../share/yosys/ice40/cells_sim.v:0$1201'.
  Set init value: \Q = 1'0
Found init rule in `\SB_DFFNE.$proc$/opt/homebrew/bin/../share/yosys/ice40/cells_sim.v:0$1198'.
  Set init value: \Q = 1'0
Found init rule in `\SB_DFFN.$proc$/opt/homebrew/bin/../share/yosys/ice40/cells_sim.v:0$1196'.
  Set init value: \Q = 1'0
Found init rule in `\SB_DFFES.$proc$/opt/homebrew/bin/../share/yosys/ice40/cells_sim.v:0$1194'.
  Set init value: \Q = 1'0
Found init rule in `\SB_DFFESS.$proc$/opt/homebrew/bin/../share/yosys/ice40/cells_sim.v:0$1190'.
  Set init value: \Q = 1'0
Found init rule in `\SB_DFFER.$proc$/opt/homebrew/bin/../share/yosys/ice40/cells_sim.v:0$1183'.
  Set init value: \Q = 1'0
Found init rule in `\SB_DFFESR.$proc$/opt/homebrew/bin/../share/yosys/ice40/cells_sim.v:0$1179'.
  Set init value: \Q = 1'0
Found init rule in `\SB_DFFS.$proc$/opt/homebrew/bin/../share/yosys/ice40/cells_sim.v:0$1172'.
  Set init value: \Q = 1'0
Found init rule in `\SB_DFFSS.$proc$/opt/homebrew/bin/../share/yosys/ice40/cells_sim.v:0$1169'.
  Set init value: \Q = 1'0
Found init rule in `\SB_DFFR.$proc$/opt/homebrew/bin/../share/yosys/ice40/cells_sim.v:0$1166'.
  Set init value: \Q = 1'0
Found init rule in `\SB_DFFSR.$proc$/opt/homebrew/bin/../share/yosys/ice40/cells_sim.v:0$1163'.
  Set init value: \Q = 1'0
Found init rule in `\SB_DFFE.$proc$/opt/homebrew/bin/../share/yosys/ice40/cells_sim.v:0$1160'.
  Set init value: \Q = 1'0
Found init rule in `\SB_DFF.$proc$/opt/homebrew/bin/../share/yosys/ice40/cells_sim.v:0$1158'.
  Set init value: \Q = 1'0

3.3.5. Executing PROC_ARST pass (detect async resets in processes).
Found async reset \S in `\SB_DFFNES.$proc$/opt/homebrew/bin/../share/yosys/ice40/cells_sim.v:1414$1229'.
Found async reset \R in `\SB_DFFNER.$proc$/opt/homebrew/bin/../share/yosys/ice40/cells_sim.v:1273$1218'.
Found async reset \S in `\SB_DFFNS.$proc$/opt/homebrew/bin/../share/yosys/ice40/cells_sim.v:1138$1208'.
Found async reset \R in `\SB_DFFNR.$proc$/opt/homebrew/bin/../share/yosys/ice40/cells_sim.v:1017$1202'.
Found async reset \S in `\SB_DFFES.$proc$/opt/homebrew/bin/../share/yosys/ice40/cells_sim.v:803$1191'.
Found async reset \R in `\SB_DFFER.$proc$/opt/homebrew/bin/../share/yosys/ice40/cells_sim.v:662$1180'.
Found async reset \S in `\SB_DFFS.$proc$/opt/homebrew/bin/../share/yosys/ice40/cells_sim.v:527$1170'.
Found async reset \R in `\SB_DFFR.$proc$/opt/homebrew/bin/../share/yosys/ice40/cells_sim.v:406$1164'.

3.3.6. Executing PROC_ROM pass (convert switches to ROMs).
Converted 0 switches.
<suppressed ~38 debug messages>

3.3.7. Executing PROC_MUX pass (convert decision trees to multiplexers).
Creating decoders for process `$paramod$70c2b892b6b3d9dba6ddee4dd8f229ae544f14df\tcn_8ch_layer_parallel.$proc$tcn_8ch_layer_parallel.v:68$2330'.
     1/47: $0\sample_out[63:0] [63:56]
     2/47: $0\sample_out[63:0] [55:48]
     3/47: $0\sample_out[63:0] [47:40]
     4/47: $0\sample_out[63:0] [39:32]
     5/47: $0\sample_out[63:0] [31:24]
     6/47: $0\sample_out[63:0] [23:16]
     7/47: $0\sample_out[63:0] [15:8]
     8/47: $0\sample_out[63:0] [7:0]
     9/47: $2\h[31:0]
    10/47: $3\o[31:0]
    11/47: $2\c[31:0]
    12/47: $1\h[31:0]
    13/47: $0\output_valid[0:0]
    14/47: $2\o[31:0]
    15/47: $0\history[31][7:0]
    16/47: $0\history[30][7:0]
    17/47: $0\history[29][7:0]
    18/47: $0\history[28][7:0]
    19/47: $0\history[27][7:0]
    20/47: $0\history[26][7:0]
    21/47: $0\history[25][7:0]
    22/47: $0\history[24][7:0]
    23/47: $0\history[23][7:0]
    24/47: $0\history[22][7:0]
    25/47: $0\history[21][7:0]
    26/47: $0\history[20][7:0]
    27/47: $0\history[19][7:0]
    28/47: $0\history[18][7:0]
    29/47: $0\history[17][7:0]
    30/47: $0\history[16][7:0]
    31/47: $0\history[15][7:0]
    32/47: $0\history[14][7:0]
    33/47: $0\history[13][7:0]
    34/47: $0\history[12][7:0]
    35/47: $0\history[11][7:0]
    36/47: $0\history[10][7:0]
    37/47: $0\history[9][7:0]
    38/47: $0\history[8][7:0]
    39/47: $0\history[7][7:0]
    40/47: $0\history[6][7:0]
    41/47: $0\history[5][7:0]
    42/47: $0\history[4][7:0]
    43/47: $0\history[3][7:0]
    44/47: $0\history[2][7:0]
    45/47: $0\history[1][7:0]
    46/47: $0\history[0][7:0]
    47/47: $3\c[31:0]
Creating decoders for process `$paramod$70c2b892b6b3d9dba6ddee4dd8f229ae544f14df\tcn_8ch_layer_parallel.$proc$tcn_8ch_layer_parallel.v:53$1689'.
Creating decoders for process `\SB_DFFNES.$proc$/opt/homebrew/bin/../share/yosys/ice40/cells_sim.v:0$1232'.
Creating decoders for process `\SB_DFFNES.$proc$/opt/homebrew/bin/../share/yosys/ice40/cells_sim.v:1414$1229'.
     1/1: $0\Q[0:0]
Creating decoders for process `\SB_DFFNESS.$proc$/opt/homebrew/bin/../share/yosys/ice40/cells_sim.v:0$1228'.
Creating decoders for process `\SB_DFFNESS.$proc$/opt/homebrew/bin/../share/yosys/ice40/cells_sim.v:1353$1222'.
     1/1: $0\Q[0:0]
Creating decoders for process `\SB_DFFNER.$proc$/opt/homebrew/bin/../share/yosys/ice40/cells_sim.v:0$1221'.
Creating decoders for process `\SB_DFFNER.$proc$/opt/homebrew/bin/../share/yosys/ice40/cells_sim.v:1273$1218'.
     1/1: $0\Q[0:0]
Creating decoders for process `\SB_DFFNESR.$proc$/opt/homebrew/bin/../share/yosys/ice40/cells_sim.v:0$1217'.
Creating decoders for process `\SB_DFFNESR.$proc$/opt/homebrew/bin/../share/yosys/ice40/cells_sim.v:1212$1211'.
     1/1: $0\Q[0:0]
Creating decoders for process `\SB_DFFNS.$proc$/opt/homebrew/bin/../share/yosys/ice40/cells_sim.v:0$1210'.
Creating decoders for process `\SB_DFFNS.$proc$/opt/homebrew/bin/../share/yosys/ice40/cells_sim.v:1138$1208'.
     1/1: $0\Q[0:0]
Creating decoders for process `\SB_DFFNSS.$proc$/opt/homebrew/bin/../share/yosys/ice40/cells_sim.v:0$1207'.
Creating decoders for process `\SB_DFFNSS.$proc$/opt/homebrew/bin/../share/yosys/ice40/cells_sim.v:1088$1205'.
     1/1: $0\Q[0:0]
Creating decoders for process `\SB_DFFNR.$proc$/opt/homebrew/bin/../share/yosys/ice40/cells_sim.v:0$1204'.
Creating decoders for process `\SB_DFFNR.$proc$/opt/homebrew/bin/../share/yosys/ice40/cells_sim.v:1017$1202'.
     1/1: $0\Q[0:0]
Creating decoders for process `\SB_DFFNSR.$proc$/opt/homebrew/bin/../share/yosys/ice40/cells_sim.v:0$1201'.
Creating decoders for process `\SB_DFFNSR.$proc$/opt/homebrew/bin/../share/yosys/ice40/cells_sim.v:967$1199'.
     1/1: $0\Q[0:0]
Creating decoders for process `\SB_DFFNE.$proc$/opt/homebrew/bin/../share/yosys/ice40/cells_sim.v:0$1198'.
Creating decoders for process `\SB_DFFNE.$proc$/opt/homebrew/bin/../share/yosys/ice40/cells_sim.v:922$1197'.
     1/1: $0\Q[0:0]
Creating decoders for process `\SB_DFFN.$proc$/opt/homebrew/bin/../share/yosys/ice40/cells_sim.v:0$1196'.
Creating decoders for process `\SB_DFFN.$proc$/opt/homebrew/bin/../share/yosys/ice40/cells_sim.v:882$1195'.
Creating decoders for process `\SB_DFFES.$proc$/opt/homebrew/bin/../share/yosys/ice40/cells_sim.v:0$1194'.
Creating decoders for process `\SB_DFFES.$proc$/opt/homebrew/bin/../share/yosys/ice40/cells_sim.v:803$1191'.
     1/1: $0\Q[0:0]
Creating decoders for process `\SB_DFFESS.$proc$/opt/homebrew/bin/../share/yosys/ice40/cells_sim.v:0$1190'.
Creating decoders for process `\SB_DFFESS.$proc$/opt/homebrew/bin/../share/yosys/ice40/cells_sim.v:742$1184'.
     1/1: $0\Q[0:0]
Creating decoders for process `\SB_DFFER.$proc$/opt/homebrew/bin/../share/yosys/ice40/cells_sim.v:0$1183'.
Creating decoders for process `\SB_DFFER.$proc$/opt/homebrew/bin/../share/yosys/ice40/cells_sim.v:662$1180'.
     1/1: $0\Q[0:0]
Creating decoders for process `\SB_DFFESR.$proc$/opt/homebrew/bin/../share/yosys/ice40/cells_sim.v:0$1179'.
Creating decoders for process `\SB_DFFESR.$proc$/opt/homebrew/bin/../share/yosys/ice40/cells_sim.v:601$1173'.
     1/1: $0\Q[0:0]
Creating decoders for process `\SB_DFFS.$proc$/opt/homebrew/bin/../share/yosys/ice40/cells_sim.v:0$1172'.
Creating decoders for process `\SB_DFFS.$proc$/opt/homebrew/bin/../share/yosys/ice40/cells_sim.v:527$1170'.
     1/1: $0\Q[0:0]
Creating decoders for process `\SB_DFFSS.$proc$/opt/homebrew/bin/../share/yosys/ice40/cells_sim.v:0$1169'.
Creating decoders for process `\SB_DFFSS.$proc$/opt/homebrew/bin/../share/yosys/ice40/cells_sim.v:477$1167'.
     1/1: $0\Q[0:0]
Creating decoders for process `\SB_DFFR.$proc$/opt/homebrew/bin/../share/yosys/ice40/cells_sim.v:0$1166'.
Creating decoders for process `\SB_DFFR.$proc$/opt/homebrew/bin/../share/yosys/ice40/cells_sim.v:406$1164'.
     1/1: $0\Q[0:0]
Creating decoders for process `\SB_DFFSR.$proc$/opt/homebrew/bin/../share/yosys/ice40/cells_sim.v:0$1163'.
Creating decoders for process `\SB_DFFSR.$proc$/opt/homebrew/bin/../share/yosys/ice40/cells_sim.v:356$1161'.
     1/1: $0\Q[0:0]
Creating decoders for process `\SB_DFFE.$proc$/opt/homebrew/bin/../share/yosys/ice40/cells_sim.v:0$1160'.
Creating decoders for process `\SB_DFFE.$proc$/opt/homebrew/bin/../share/yosys/ice40/cells_sim.v:311$1159'.
     1/1: $0\Q[0:0]
Creating decoders for process `\SB_DFF.$proc$/opt/homebrew/bin/../share/yosys/ice40/cells_sim.v:0$1158'.
Creating decoders for process `\SB_DFF.$proc$/opt/homebrew/bin/../share/yosys/ice40/cells_sim.v:271$1157'.
Creating decoders for process `$paramod$5d5f252939ada581f47b72eaea5795c444d8ace1\tcn_8ch_layer_parallel.$proc$tcn_8ch_layer_parallel.v:68$3310'.
     1/47: $0\sample_out[63:0] [63:56]
     2/47: $0\sample_out[63:0] [55:48]
     3/47: $0\sample_out[63:0] [47:40]
     4/47: $0\sample_out[63:0] [39:32]
     5/47: $0\sample_out[63:0] [31:24]
     6/47: $0\sample_out[63:0] [23:16]
     7/47: $0\sample_out[63:0] [15:8]
     8/47: $0\sample_out[63:0] [7:0]
     9/47: $2\h[31:0]
    10/47: $3\o[31:0]
    11/47: $2\c[31:0]
    12/47: $1\h[31:0]
    13/47: $0\output_valid[0:0]
    14/47: $2\o[31:0]
    15/47: $0\history[31][7:0]
    16/47: $0\history[30][7:0]
    17/47: $0\history[29][7:0]
    18/47: $0\history[28][7:0]
    19/47: $0\history[27][7:0]
    20/47: $0\history[26][7:0]
    21/47: $0\history[25][7:0]
    22/47: $0\history[24][7:0]
    23/47: $0\history[23][7:0]
    24/47: $0\history[22][7:0]
    25/47: $0\history[21][7:0]
    26/47: $0\history[20][7:0]
    27/47: $0\history[19][7:0]
    28/47: $0\history[18][7:0]
    29/47: $0\history[17][7:0]
    30/47: $0\history[16][7:0]
    31/47: $0\history[15][7:0]
    32/47: $0\history[14][7:0]
    33/47: $0\history[13][7:0]
    34/47: $0\history[12][7:0]
    35/47: $0\history[11][7:0]
    36/47: $0\history[10][7:0]
    37/47: $0\history[9][7:0]
    38/47: $0\history[8][7:0]
    39/47: $0\history[7][7:0]
    40/47: $0\history[6][7:0]
    41/47: $0\history[5][7:0]
    42/47: $0\history[4][7:0]
    43/47: $0\history[3][7:0]
    44/47: $0\history[2][7:0]
    45/47: $0\history[1][7:0]
    46/47: $0\history[0][7:0]
    47/47: $3\c[31:0]
Creating decoders for process `$paramod$5d5f252939ada581f47b72eaea5795c444d8ace1\tcn_8ch_layer_parallel.$proc$tcn_8ch_layer_parallel.v:53$2669'.

3.3.8. Executing PROC_DLATCH pass (convert process syncs to latches).
No latch inferred for signal `$paramod$70c2b892b6b3d9dba6ddee4dd8f229ae544f14df\tcn_8ch_layer_parallel.\o' from process `$paramod$70c2b892b6b3d9dba6ddee4dd8f229ae544f14df\tcn_8ch_layer_parallel.$proc$tcn_8ch_layer_parallel.v:53$1689'.
No latch inferred for signal `$paramod$70c2b892b6b3d9dba6ddee4dd8f229ae544f14df\tcn_8ch_layer_parallel.\c' from process `$paramod$70c2b892b6b3d9dba6ddee4dd8f229ae544f14df\tcn_8ch_layer_parallel.$proc$tcn_8ch_layer_parallel.v:53$1689'.
No latch inferred for signal `$paramod$70c2b892b6b3d9dba6ddee4dd8f229ae544f14df\tcn_8ch_layer_parallel.\t' from process `$paramod$70c2b892b6b3d9dba6ddee4dd8f229ae544f14df\tcn_8ch_layer_parallel.$proc$tcn_8ch_layer_parallel.v:53$1689'.
No latch inferred for signal `$paramod$70c2b892b6b3d9dba6ddee4dd8f229ae544f14df\tcn_8ch_layer_parallel.\conv_sum[0]' from process `$paramod$70c2b892b6b3d9dba6ddee4dd8f229ae544f14df\tcn_8ch_layer_parallel.$proc$tcn_8ch_layer_parallel.v:53$1689'.
No latch inferred for signal `$paramod$70c2b892b6b3d9dba6ddee4dd8f229ae544f14df\tcn_8ch_layer_parallel.\conv_sum[1]' from process `$paramod$70c2b892b6b3d9dba6ddee4dd8f229ae544f14df\tcn_8ch_layer_parallel.$proc$tcn_8ch_layer_parallel.v:53$1689'.
No latch inferred for signal `$paramod$70c2b892b6b3d9dba6ddee4dd8f229ae544f14df\tcn_8ch_layer_parallel.\conv_sum[2]' from process `$paramod$70c2b892b6b3d9dba6ddee4dd8f229ae544f14df\tcn_8ch_layer_parallel.$proc$tcn_8ch_layer_parallel.v:53$1689'.
No latch inferred for signal `$paramod$70c2b892b6b3d9dba6ddee4dd8f229ae544f14df\tcn_8ch_layer_parallel.\conv_sum[3]' from process `$paramod$70c2b892b6b3d9dba6ddee4dd8f229ae544f14df\tcn_8ch_layer_parallel.$proc$tcn_8ch_layer_parallel.v:53$1689'.
No latch inferred for signal `$paramod$70c2b892b6b3d9dba6ddee4dd8f229ae544f14df\tcn_8ch_layer_parallel.\conv_sum[4]' from process `$paramod$70c2b892b6b3d9dba6ddee4dd8f229ae544f14df\tcn_8ch_layer_parallel.$proc$tcn_8ch_layer_parallel.v:53$1689'.
No latch inferred for signal `$paramod$70c2b892b6b3d9dba6ddee4dd8f229ae544f14df\tcn_8ch_layer_parallel.\conv_sum[5]' from process `$paramod$70c2b892b6b3d9dba6ddee4dd8f229ae544f14df\tcn_8ch_layer_parallel.$proc$tcn_8ch_layer_parallel.v:53$1689'.
No latch inferred for signal `$paramod$70c2b892b6b3d9dba6ddee4dd8f229ae544f14df\tcn_8ch_layer_parallel.\conv_sum[6]' from process `$paramod$70c2b892b6b3d9dba6ddee4dd8f229ae544f14df\tcn_8ch_layer_parallel.$proc$tcn_8ch_layer_parallel.v:53$1689'.
No latch inferred for signal `$paramod$70c2b892b6b3d9dba6ddee4dd8f229ae544f14df\tcn_8ch_layer_parallel.\conv_sum[7]' from process `$paramod$70c2b892b6b3d9dba6ddee4dd8f229ae544f14df\tcn_8ch_layer_parallel.$proc$tcn_8ch_layer_parallel.v:53$1689'.
No latch inferred for signal `$paramod$5d5f252939ada581f47b72eaea5795c444d8ace1\tcn_8ch_layer_parallel.\o' from process `$paramod$5d5f252939ada581f47b72eaea5795c444d8ace1\tcn_8ch_layer_parallel.$proc$tcn_8ch_layer_parallel.v:53$2669'.
No latch inferred for signal `$paramod$5d5f252939ada581f47b72eaea5795c444d8ace1\tcn_8ch_layer_parallel.\c' from process `$paramod$5d5f252939ada581f47b72eaea5795c444d8ace1\tcn_8ch_layer_parallel.$proc$tcn_8ch_layer_parallel.v:53$2669'.
No latch inferred for signal `$paramod$5d5f252939ada581f47b72eaea5795c444d8ace1\tcn_8ch_layer_parallel.\t' from process `$paramod$5d5f252939ada581f47b72eaea5795c444d8ace1\tcn_8ch_layer_parallel.$proc$tcn_8ch_layer_parallel.v:53$2669'.
No latch inferred for signal `$paramod$5d5f252939ada581f47b72eaea5795c444d8ace1\tcn_8ch_layer_parallel.\conv_sum[0]' from process `$paramod$5d5f252939ada581f47b72eaea5795c444d8ace1\tcn_8ch_layer_parallel.$proc$tcn_8ch_layer_parallel.v:53$2669'.
No latch inferred for signal `$paramod$5d5f252939ada581f47b72eaea5795c444d8ace1\tcn_8ch_layer_parallel.\conv_sum[1]' from process `$paramod$5d5f252939ada581f47b72eaea5795c444d8ace1\tcn_8ch_layer_parallel.$proc$tcn_8ch_layer_parallel.v:53$2669'.
No latch inferred for signal `$paramod$5d5f252939ada581f47b72eaea5795c444d8ace1\tcn_8ch_layer_parallel.\conv_sum[2]' from process `$paramod$5d5f252939ada581f47b72eaea5795c444d8ace1\tcn_8ch_layer_parallel.$proc$tcn_8ch_layer_parallel.v:53$2669'.
No latch inferred for signal `$paramod$5d5f252939ada581f47b72eaea5795c444d8ace1\tcn_8ch_layer_parallel.\conv_sum[3]' from process `$paramod$5d5f252939ada581f47b72eaea5795c444d8ace1\tcn_8ch_layer_parallel.$proc$tcn_8ch_layer_parallel.v:53$2669'.
No latch inferred for signal `$paramod$5d5f252939ada581f47b72eaea5795c444d8ace1\tcn_8ch_layer_parallel.\conv_sum[4]' from process `$paramod$5d5f252939ada581f47b72eaea5795c444d8ace1\tcn_8ch_layer_parallel.$proc$tcn_8ch_layer_parallel.v:53$2669'.
No latch inferred for signal `$paramod$5d5f252939ada581f47b72eaea5795c444d8ace1\tcn_8ch_layer_parallel.\conv_sum[5]' from process `$paramod$5d5f252939ada581f47b72eaea5795c444d8ace1\tcn_8ch_layer_parallel.$proc$tcn_8ch_layer_parallel.v:53$2669'.
No latch inferred for signal `$paramod$5d5f252939ada581f47b72eaea5795c444d8ace1\tcn_8ch_layer_parallel.\conv_sum[6]' from process `$paramod$5d5f252939ada581f47b72eaea5795c444d8ace1\tcn_8ch_layer_parallel.$proc$tcn_8ch_layer_parallel.v:53$2669'.
No latch inferred for signal `$paramod$5d5f252939ada581f47b72eaea5795c444d8ace1\tcn_8ch_layer_parallel.\conv_sum[7]' from process `$paramod$5d5f252939ada581f47b72eaea5795c444d8ace1\tcn_8ch_layer_parallel.$proc$tcn_8ch_layer_parallel.v:53$2669'.

3.3.9. Executing PROC_DFF pass (convert process syncs to FFs).
Creating register for signal `$paramod$70c2b892b6b3d9dba6ddee4dd8f229ae544f14df\tcn_8ch_layer_parallel.\output_valid' using process `$paramod$70c2b892b6b3d9dba6ddee4dd8f229ae544f14df\tcn_8ch_layer_parallel.$proc$tcn_8ch_layer_parallel.v:68$2330'.
  created $dff cell `$procdff$3961' with positive edge clock.
Creating register for signal `$paramod$70c2b892b6b3d9dba6ddee4dd8f229ae544f14df\tcn_8ch_layer_parallel.\sample_out' using process `$paramod$70c2b892b6b3d9dba6ddee4dd8f229ae544f14df\tcn_8ch_layer_parallel.$proc$tcn_8ch_layer_parallel.v:68$2330'.
  created $dff cell `$procdff$3962' with positive edge clock.
Creating register for signal `$paramod$70c2b892b6b3d9dba6ddee4dd8f229ae544f14df\tcn_8ch_layer_parallel.\o' using process `$paramod$70c2b892b6b3d9dba6ddee4dd8f229ae544f14df\tcn_8ch_layer_parallel.$proc$tcn_8ch_layer_parallel.v:68$2330'.
  created $dff cell `$procdff$3963' with positive edge clock.
Creating register for signal `$paramod$70c2b892b6b3d9dba6ddee4dd8f229ae544f14df\tcn_8ch_layer_parallel.\c' using process `$paramod$70c2b892b6b3d9dba6ddee4dd8f229ae544f14df\tcn_8ch_layer_parallel.$proc$tcn_8ch_layer_parallel.v:68$2330'.
  created $dff cell `$procdff$3964' with positive edge clock.
Creating register for signal `$paramod$70c2b892b6b3d9dba6ddee4dd8f229ae544f14df\tcn_8ch_layer_parallel.\h' using process `$paramod$70c2b892b6b3d9dba6ddee4dd8f229ae544f14df\tcn_8ch_layer_parallel.$proc$tcn_8ch_layer_parallel.v:68$2330'.
  created $dff cell `$procdff$3965' with positive edge clock.
Creating register for signal `$paramod$70c2b892b6b3d9dba6ddee4dd8f229ae544f14df\tcn_8ch_layer_parallel.\history[0]' using process `$paramod$70c2b892b6b3d9dba6ddee4dd8f229ae544f14df\tcn_8ch_layer_parallel.$proc$tcn_8ch_layer_parallel.v:68$2330'.
  created $dff cell `$procdff$3966' with positive edge clock.
Creating register for signal `$paramod$70c2b892b6b3d9dba6ddee4dd8f229ae544f14df\tcn_8ch_layer_parallel.\history[1]' using process `$paramod$70c2b892b6b3d9dba6ddee4dd8f229ae544f14df\tcn_8ch_layer_parallel.$proc$tcn_8ch_layer_parallel.v:68$2330'.
  created $dff cell `$procdff$3967' with positive edge clock.
Creating register for signal `$paramod$70c2b892b6b3d9dba6ddee4dd8f229ae544f14df\tcn_8ch_layer_parallel.\history[2]' using process `$paramod$70c2b892b6b3d9dba6ddee4dd8f229ae544f14df\tcn_8ch_layer_parallel.$proc$tcn_8ch_layer_parallel.v:68$2330'.
  created $dff cell `$procdff$3968' with positive edge clock.
Creating register for signal `$paramod$70c2b892b6b3d9dba6ddee4dd8f229ae544f14df\tcn_8ch_layer_parallel.\history[3]' using process `$paramod$70c2b892b6b3d9dba6ddee4dd8f229ae544f14df\tcn_8ch_layer_parallel.$proc$tcn_8ch_layer_parallel.v:68$2330'.
  created $dff cell `$procdff$3969' with positive edge clock.
Creating register for signal `$paramod$70c2b892b6b3d9dba6ddee4dd8f229ae544f14df\tcn_8ch_layer_parallel.\history[4]' using process `$paramod$70c2b892b6b3d9dba6ddee4dd8f229ae544f14df\tcn_8ch_layer_parallel.$proc$tcn_8ch_layer_parallel.v:68$2330'.
  created $dff cell `$procdff$3970' with positive edge clock.
Creating register for signal `$paramod$70c2b892b6b3d9dba6ddee4dd8f229ae544f14df\tcn_8ch_layer_parallel.\history[5]' using process `$paramod$70c2b892b6b3d9dba6ddee4dd8f229ae544f14df\tcn_8ch_layer_parallel.$proc$tcn_8ch_layer_parallel.v:68$2330'.
  created $dff cell `$procdff$3971' with positive edge clock.
Creating register for signal `$paramod$70c2b892b6b3d9dba6ddee4dd8f229ae544f14df\tcn_8ch_layer_parallel.\history[6]' using process `$paramod$70c2b892b6b3d9dba6ddee4dd8f229ae544f14df\tcn_8ch_layer_parallel.$proc$tcn_8ch_layer_parallel.v:68$2330'.
  created $dff cell `$procdff$3972' with positive edge clock.
Creating register for signal `$paramod$70c2b892b6b3d9dba6ddee4dd8f229ae544f14df\tcn_8ch_layer_parallel.\history[7]' using process `$paramod$70c2b892b6b3d9dba6ddee4dd8f229ae544f14df\tcn_8ch_layer_parallel.$proc$tcn_8ch_layer_parallel.v:68$2330'.
  created $dff cell `$procdff$3973' with positive edge clock.
Creating register for signal `$paramod$70c2b892b6b3d9dba6ddee4dd8f229ae544f14df\tcn_8ch_layer_parallel.\history[8]' using process `$paramod$70c2b892b6b3d9dba6ddee4dd8f229ae544f14df\tcn_8ch_layer_parallel.$proc$tcn_8ch_layer_parallel.v:68$2330'.
  created $dff cell `$procdff$3974' with positive edge clock.
Creating register for signal `$paramod$70c2b892b6b3d9dba6ddee4dd8f229ae544f14df\tcn_8ch_layer_parallel.\history[9]' using process `$paramod$70c2b892b6b3d9dba6ddee4dd8f229ae544f14df\tcn_8ch_layer_parallel.$proc$tcn_8ch_layer_parallel.v:68$2330'.
  created $dff cell `$procdff$3975' with positive edge clock.
Creating register for signal `$paramod$70c2b892b6b3d9dba6ddee4dd8f229ae544f14df\tcn_8ch_layer_parallel.\history[10]' using process `$paramod$70c2b892b6b3d9dba6ddee4dd8f229ae544f14df\tcn_8ch_layer_parallel.$proc$tcn_8ch_layer_parallel.v:68$2330'.
  created $dff cell `$procdff$3976' with positive edge clock.
Creating register for signal `$paramod$70c2b892b6b3d9dba6ddee4dd8f229ae544f14df\tcn_8ch_layer_parallel.\history[11]' using process `$paramod$70c2b892b6b3d9dba6ddee4dd8f229ae544f14df\tcn_8ch_layer_parallel.$proc$tcn_8ch_layer_parallel.v:68$2330'.
  created $dff cell `$procdff$3977' with positive edge clock.
Creating register for signal `$paramod$70c2b892b6b3d9dba6ddee4dd8f229ae544f14df\tcn_8ch_layer_parallel.\history[12]' using process `$paramod$70c2b892b6b3d9dba6ddee4dd8f229ae544f14df\tcn_8ch_layer_parallel.$proc$tcn_8ch_layer_parallel.v:68$2330'.
  created $dff cell `$procdff$3978' with positive edge clock.
Creating register for signal `$paramod$70c2b892b6b3d9dba6ddee4dd8f229ae544f14df\tcn_8ch_layer_parallel.\history[13]' using process `$paramod$70c2b892b6b3d9dba6ddee4dd8f229ae544f14df\tcn_8ch_layer_parallel.$proc$tcn_8ch_layer_parallel.v:68$2330'.
  created $dff cell `$procdff$3979' with positive edge clock.
Creating register for signal `$paramod$70c2b892b6b3d9dba6ddee4dd8f229ae544f14df\tcn_8ch_layer_parallel.\history[14]' using process `$paramod$70c2b892b6b3d9dba6ddee4dd8f229ae544f14df\tcn_8ch_layer_parallel.$proc$tcn_8ch_layer_parallel.v:68$2330'.
  created $dff cell `$procdff$3980' with positive edge clock.
Creating register for signal `$paramod$70c2b892b6b3d9dba6ddee4dd8f229ae544f14df\tcn_8ch_layer_parallel.\history[15]' using process `$paramod$70c2b892b6b3d9dba6ddee4dd8f229ae544f14df\tcn_8ch_layer_parallel.$proc$tcn_8ch_layer_parallel.v:68$2330'.
  created $dff cell `$procdff$3981' with positive edge clock.
Creating register for signal `$paramod$70c2b892b6b3d9dba6ddee4dd8f229ae544f14df\tcn_8ch_layer_parallel.\history[16]' using process `$paramod$70c2b892b6b3d9dba6ddee4dd8f229ae544f14df\tcn_8ch_layer_parallel.$proc$tcn_8ch_layer_parallel.v:68$2330'.
  created $dff cell `$procdff$3982' with positive edge clock.
Creating register for signal `$paramod$70c2b892b6b3d9dba6ddee4dd8f229ae544f14df\tcn_8ch_layer_parallel.\history[17]' using process `$paramod$70c2b892b6b3d9dba6ddee4dd8f229ae544f14df\tcn_8ch_layer_parallel.$proc$tcn_8ch_layer_parallel.v:68$2330'.
  created $dff cell `$procdff$3983' with positive edge clock.
Creating register for signal `$paramod$70c2b892b6b3d9dba6ddee4dd8f229ae544f14df\tcn_8ch_layer_parallel.\history[18]' using process `$paramod$70c2b892b6b3d9dba6ddee4dd8f229ae544f14df\tcn_8ch_layer_parallel.$proc$tcn_8ch_layer_parallel.v:68$2330'.
  created $dff cell `$procdff$3984' with positive edge clock.
Creating register for signal `$paramod$70c2b892b6b3d9dba6ddee4dd8f229ae544f14df\tcn_8ch_layer_parallel.\history[19]' using process `$paramod$70c2b892b6b3d9dba6ddee4dd8f229ae544f14df\tcn_8ch_layer_parallel.$proc$tcn_8ch_layer_parallel.v:68$2330'.
  created $dff cell `$procdff$3985' with positive edge clock.
Creating register for signal `$paramod$70c2b892b6b3d9dba6ddee4dd8f229ae544f14df\tcn_8ch_layer_parallel.\history[20]' using process `$paramod$70c2b892b6b3d9dba6ddee4dd8f229ae544f14df\tcn_8ch_layer_parallel.$proc$tcn_8ch_layer_parallel.v:68$2330'.
  created $dff cell `$procdff$3986' with positive edge clock.
Creating register for signal `$paramod$70c2b892b6b3d9dba6ddee4dd8f229ae544f14df\tcn_8ch_layer_parallel.\history[21]' using process `$paramod$70c2b892b6b3d9dba6ddee4dd8f229ae544f14df\tcn_8ch_layer_parallel.$proc$tcn_8ch_layer_parallel.v:68$2330'.
  created $dff cell `$procdff$3987' with positive edge clock.
Creating register for signal `$paramod$70c2b892b6b3d9dba6ddee4dd8f229ae544f14df\tcn_8ch_layer_parallel.\history[22]' using process `$paramod$70c2b892b6b3d9dba6ddee4dd8f229ae544f14df\tcn_8ch_layer_parallel.$proc$tcn_8ch_layer_parallel.v:68$2330'.
  created $dff cell `$procdff$3988' with positive edge clock.
Creating register for signal `$paramod$70c2b892b6b3d9dba6ddee4dd8f229ae544f14df\tcn_8ch_layer_parallel.\history[23]' using process `$paramod$70c2b892b6b3d9dba6ddee4dd8f229ae544f14df\tcn_8ch_layer_parallel.$proc$tcn_8ch_layer_parallel.v:68$2330'.
  created $dff cell `$procdff$3989' with positive edge clock.
Creating register for signal `$paramod$70c2b892b6b3d9dba6ddee4dd8f229ae544f14df\tcn_8ch_layer_parallel.\history[24]' using process `$paramod$70c2b892b6b3d9dba6ddee4dd8f229ae544f14df\tcn_8ch_layer_parallel.$proc$tcn_8ch_layer_parallel.v:68$2330'.
  created $dff cell `$procdff$3990' with positive edge clock.
Creating register for signal `$paramod$70c2b892b6b3d9dba6ddee4dd8f229ae544f14df\tcn_8ch_layer_parallel.\history[25]' using process `$paramod$70c2b892b6b3d9dba6ddee4dd8f229ae544f14df\tcn_8ch_layer_parallel.$proc$tcn_8ch_layer_parallel.v:68$2330'.
  created $dff cell `$procdff$3991' with positive edge clock.
Creating register for signal `$paramod$70c2b892b6b3d9dba6ddee4dd8f229ae544f14df\tcn_8ch_layer_parallel.\history[26]' using process `$paramod$70c2b892b6b3d9dba6ddee4dd8f229ae544f14df\tcn_8ch_layer_parallel.$proc$tcn_8ch_layer_parallel.v:68$2330'.
  created $dff cell `$procdff$3992' with positive edge clock.
Creating register for signal `$paramod$70c2b892b6b3d9dba6ddee4dd8f229ae544f14df\tcn_8ch_layer_parallel.\history[27]' using process `$paramod$70c2b892b6b3d9dba6ddee4dd8f229ae544f14df\tcn_8ch_layer_parallel.$proc$tcn_8ch_layer_parallel.v:68$2330'.
  created $dff cell `$procdff$3993' with positive edge clock.
Creating register for signal `$paramod$70c2b892b6b3d9dba6ddee4dd8f229ae544f14df\tcn_8ch_layer_parallel.\history[28]' using process `$paramod$70c2b892b6b3d9dba6ddee4dd8f229ae544f14df\tcn_8ch_layer_parallel.$proc$tcn_8ch_layer_parallel.v:68$2330'.
  created $dff cell `$procdff$3994' with positive edge clock.
Creating register for signal `$paramod$70c2b892b6b3d9dba6ddee4dd8f229ae544f14df\tcn_8ch_layer_parallel.\history[29]' using process `$paramod$70c2b892b6b3d9dba6ddee4dd8f229ae544f14df\tcn_8ch_layer_parallel.$proc$tcn_8ch_layer_parallel.v:68$2330'.
  created $dff cell `$procdff$3995' with positive edge clock.
Creating register for signal `$paramod$70c2b892b6b3d9dba6ddee4dd8f229ae544f14df\tcn_8ch_layer_parallel.\history[30]' using process `$paramod$70c2b892b6b3d9dba6ddee4dd8f229ae544f14df\tcn_8ch_layer_parallel.$proc$tcn_8ch_layer_parallel.v:68$2330'.
  created $dff cell `$procdff$3996' with positive edge clock.
Creating register for signal `$paramod$70c2b892b6b3d9dba6ddee4dd8f229ae544f14df\tcn_8ch_layer_parallel.\history[31]' using process `$paramod$70c2b892b6b3d9dba6ddee4dd8f229ae544f14df\tcn_8ch_layer_parallel.$proc$tcn_8ch_layer_parallel.v:68$2330'.
  created $dff cell `$procdff$3997' with positive edge clock.
Creating register for signal `\SB_DFFNES.\Q' using process `\SB_DFFNES.$proc$/opt/homebrew/bin/../share/yosys/ice40/cells_sim.v:1414$1229'.
  created $adff cell `$procdff$3998' with negative edge clock and positive level reset.
Creating register for signal `\SB_DFFNESS.\Q' using process `\SB_DFFNESS.$proc$/opt/homebrew/bin/../share/yosys/ice40/cells_sim.v:1353$1222'.
  created $dff cell `$procdff$3999' with negative edge clock.
Creating register for signal `\SB_DFFNER.\Q' using process `\SB_DFFNER.$proc$/opt/homebrew/bin/../share/yosys/ice40/cells_sim.v:1273$1218'.
  created $adff cell `$procdff$4000' with negative edge clock and positive level reset.
Creating register for signal `\SB_DFFNESR.\Q' using process `\SB_DFFNESR.$proc$/opt/homebrew/bin/../share/yosys/ice40/cells_sim.v:1212$1211'.
  created $dff cell `$procdff$4001' with negative edge clock.
Creating register for signal `\SB_DFFNS.\Q' using process `\SB_DFFNS.$proc$/opt/homebrew/bin/../share/yosys/ice40/cells_sim.v:1138$1208'.
  created $adff cell `$procdff$4002' with negative edge clock and positive level reset.
Creating register for signal `\SB_DFFNSS.\Q' using process `\SB_DFFNSS.$proc$/opt/homebrew/bin/../share/yosys/ice40/cells_sim.v:1088$1205'.
  created $dff cell `$procdff$4003' with negative edge clock.
Creating register for signal `\SB_DFFNR.\Q' using process `\SB_DFFNR.$proc$/opt/homebrew/bin/../share/yosys/ice40/cells_sim.v:1017$1202'.
  created $adff cell `$procdff$4004' with negative edge clock and positive level reset.
Creating register for signal `\SB_DFFNSR.\Q' using process `\SB_DFFNSR.$proc$/opt/homebrew/bin/../share/yosys/ice40/cells_sim.v:967$1199'.
  created $dff cell `$procdff$4005' with negative edge clock.
Creating register for signal `\SB_DFFNE.\Q' using process `\SB_DFFNE.$proc$/opt/homebrew/bin/../share/yosys/ice40/cells_sim.v:922$1197'.
  created $dff cell `$procdff$4006' with negative edge clock.
Creating register for signal `\SB_DFFN.\Q' using process `\SB_DFFN.$proc$/opt/homebrew/bin/../share/yosys/ice40/cells_sim.v:882$1195'.
  created $dff cell `$procdff$4007' with negative edge clock.
Creating register for signal `\SB_DFFES.\Q' using process `\SB_DFFES.$proc$/opt/homebrew/bin/../share/yosys/ice40/cells_sim.v:803$1191'.
  created $adff cell `$procdff$4008' with positive edge clock and positive level reset.
Creating register for signal `\SB_DFFESS.\Q' using process `\SB_DFFESS.$proc$/opt/homebrew/bin/../share/yosys/ice40/cells_sim.v:742$1184'.
  created $dff cell `$procdff$4009' with positive edge clock.
Creating register for signal `\SB_DFFER.\Q' using process `\SB_DFFER.$proc$/opt/homebrew/bin/../share/yosys/ice40/cells_sim.v:662$1180'.
  created $adff cell `$procdff$4010' with positive edge clock and positive level reset.
Creating register for signal `\SB_DFFESR.\Q' using process `\SB_DFFESR.$proc$/opt/homebrew/bin/../share/yosys/ice40/cells_sim.v:601$1173'.
  created $dff cell `$procdff$4011' with positive edge clock.
Creating register for signal `\SB_DFFS.\Q' using process `\SB_DFFS.$proc$/opt/homebrew/bin/../share/yosys/ice40/cells_sim.v:527$1170'.
  created $adff cell `$procdff$4012' with positive edge clock and positive level reset.
Creating register for signal `\SB_DFFSS.\Q' using process `\SB_DFFSS.$proc$/opt/homebrew/bin/../share/yosys/ice40/cells_sim.v:477$1167'.
  created $dff cell `$procdff$4013' with positive edge clock.
Creating register for signal `\SB_DFFR.\Q' using process `\SB_DFFR.$proc$/opt/homebrew/bin/../share/yosys/ice40/cells_sim.v:406$1164'.
  created $adff cell `$procdff$4014' with positive edge clock and positive level reset.
Creating register for signal `\SB_DFFSR.\Q' using process `\SB_DFFSR.$proc$/opt/homebrew/bin/../share/yosys/ice40/cells_sim.v:356$1161'.
  created $dff cell `$procdff$4015' with positive edge clock.
Creating register for signal `\SB_DFFE.\Q' using process `\SB_DFFE.$proc$/opt/homebrew/bin/../share/yosys/ice40/cells_sim.v:311$1159'.
  created $dff cell `$procdff$4016' with positive edge clock.
Creating register for signal `\SB_DFF.\Q' using process `\SB_DFF.$proc$/opt/homebrew/bin/../share/yosys/ice40/cells_sim.v:271$1157'.
  created $dff cell `$procdff$4017' with positive edge clock.
Creating register for signal `$paramod$5d5f252939ada581f47b72eaea5795c444d8ace1\tcn_8ch_layer_parallel.\output_valid' using process `$paramod$5d5f252939ada581f47b72eaea5795c444d8ace1\tcn_8ch_layer_parallel.$proc$tcn_8ch_layer_parallel.v:68$3310'.
  created $dff cell `$procdff$4018' with positive edge clock.
Creating register for signal `$paramod$5d5f252939ada581f47b72eaea5795c444d8ace1\tcn_8ch_layer_parallel.\sample_out' using process `$paramod$5d5f252939ada581f47b72eaea5795c444d8ace1\tcn_8ch_layer_parallel.$proc$tcn_8ch_layer_parallel.v:68$3310'.
  created $dff cell `$procdff$4019' with positive edge clock.
Creating register for signal `$paramod$5d5f252939ada581f47b72eaea5795c444d8ace1\tcn_8ch_layer_parallel.\o' using process `$paramod$5d5f252939ada581f47b72eaea5795c444d8ace1\tcn_8ch_layer_parallel.$proc$tcn_8ch_layer_parallel.v:68$3310'.
  created $dff cell `$procdff$4020' with positive edge clock.
Creating register for signal `$paramod$5d5f252939ada581f47b72eaea5795c444d8ace1\tcn_8ch_layer_parallel.\c' using process `$paramod$5d5f252939ada581f47b72eaea5795c444d8ace1\tcn_8ch_layer_parallel.$proc$tcn_8ch_layer_parallel.v:68$3310'.
  created $dff cell `$procdff$4021' with positive edge clock.
Creating register for signal `$paramod$5d5f252939ada581f47b72eaea5795c444d8ace1\tcn_8ch_layer_parallel.\h' using process `$paramod$5d5f252939ada581f47b72eaea5795c444d8ace1\tcn_8ch_layer_parallel.$proc$tcn_8ch_layer_parallel.v:68$3310'.
  created $dff cell `$procdff$4022' with positive edge clock.
Creating register for signal `$paramod$5d5f252939ada581f47b72eaea5795c444d8ace1\tcn_8ch_layer_parallel.\history[0]' using process `$paramod$5d5f252939ada581f47b72eaea5795c444d8ace1\tcn_8ch_layer_parallel.$proc$tcn_8ch_layer_parallel.v:68$3310'.
  created $dff cell `$procdff$4023' with positive edge clock.
Creating register for signal `$paramod$5d5f252939ada581f47b72eaea5795c444d8ace1\tcn_8ch_layer_parallel.\history[1]' using process `$paramod$5d5f252939ada581f47b72eaea5795c444d8ace1\tcn_8ch_layer_parallel.$proc$tcn_8ch_layer_parallel.v:68$3310'.
  created $dff cell `$procdff$4024' with positive edge clock.
Creating register for signal `$paramod$5d5f252939ada581f47b72eaea5795c444d8ace1\tcn_8ch_layer_parallel.\history[2]' using process `$paramod$5d5f252939ada581f47b72eaea5795c444d8ace1\tcn_8ch_layer_parallel.$proc$tcn_8ch_layer_parallel.v:68$3310'.
  created $dff cell `$procdff$4025' with positive edge clock.
Creating register for signal `$paramod$5d5f252939ada581f47b72eaea5795c444d8ace1\tcn_8ch_layer_parallel.\history[3]' using process `$paramod$5d5f252939ada581f47b72eaea5795c444d8ace1\tcn_8ch_layer_parallel.$proc$tcn_8ch_layer_parallel.v:68$3310'.
  created $dff cell `$procdff$4026' with positive edge clock.
Creating register for signal `$paramod$5d5f252939ada581f47b72eaea5795c444d8ace1\tcn_8ch_layer_parallel.\history[4]' using process `$paramod$5d5f252939ada581f47b72eaea5795c444d8ace1\tcn_8ch_layer_parallel.$proc$tcn_8ch_layer_parallel.v:68$3310'.
  created $dff cell `$procdff$4027' with positive edge clock.
Creating register for signal `$paramod$5d5f252939ada581f47b72eaea5795c444d8ace1\tcn_8ch_layer_parallel.\history[5]' using process `$paramod$5d5f252939ada581f47b72eaea5795c444d8ace1\tcn_8ch_layer_parallel.$proc$tcn_8ch_layer_parallel.v:68$3310'.
  created $dff cell `$procdff$4028' with positive edge clock.
Creating register for signal `$paramod$5d5f252939ada581f47b72eaea5795c444d8ace1\tcn_8ch_layer_parallel.\history[6]' using process `$paramod$5d5f252939ada581f47b72eaea5795c444d8ace1\tcn_8ch_layer_parallel.$proc$tcn_8ch_layer_parallel.v:68$3310'.
  created $dff cell `$procdff$4029' with positive edge clock.
Creating register for signal `$paramod$5d5f252939ada581f47b72eaea5795c444d8ace1\tcn_8ch_layer_parallel.\history[7]' using process `$paramod$5d5f252939ada581f47b72eaea5795c444d8ace1\tcn_8ch_layer_parallel.$proc$tcn_8ch_layer_parallel.v:68$3310'.
  created $dff cell `$procdff$4030' with positive edge clock.
Creating register for signal `$paramod$5d5f252939ada581f47b72eaea5795c444d8ace1\tcn_8ch_layer_parallel.\history[8]' using process `$paramod$5d5f252939ada581f47b72eaea5795c444d8ace1\tcn_8ch_layer_parallel.$proc$tcn_8ch_layer_parallel.v:68$3310'.
  created $dff cell `$procdff$4031' with positive edge clock.
Creating register for signal `$paramod$5d5f252939ada581f47b72eaea5795c444d8ace1\tcn_8ch_layer_parallel.\history[9]' using process `$paramod$5d5f252939ada581f47b72eaea5795c444d8ace1\tcn_8ch_layer_parallel.$proc$tcn_8ch_layer_parallel.v:68$3310'.
  created $dff cell `$procdff$4032' with positive edge clock.
Creating register for signal `$paramod$5d5f252939ada581f47b72eaea5795c444d8ace1\tcn_8ch_layer_parallel.\history[10]' using process `$paramod$5d5f252939ada581f47b72eaea5795c444d8ace1\tcn_8ch_layer_parallel.$proc$tcn_8ch_layer_parallel.v:68$3310'.
  created $dff cell `$procdff$4033' with positive edge clock.
Creating register for signal `$paramod$5d5f252939ada581f47b72eaea5795c444d8ace1\tcn_8ch_layer_parallel.\history[11]' using process `$paramod$5d5f252939ada581f47b72eaea5795c444d8ace1\tcn_8ch_layer_parallel.$proc$tcn_8ch_layer_parallel.v:68$3310'.
  created $dff cell `$procdff$4034' with positive edge clock.
Creating register for signal `$paramod$5d5f252939ada581f47b72eaea5795c444d8ace1\tcn_8ch_layer_parallel.\history[12]' using process `$paramod$5d5f252939ada581f47b72eaea5795c444d8ace1\tcn_8ch_layer_parallel.$proc$tcn_8ch_layer_parallel.v:68$3310'.
  created $dff cell `$procdff$4035' with positive edge clock.
Creating register for signal `$paramod$5d5f252939ada581f47b72eaea5795c444d8ace1\tcn_8ch_layer_parallel.\history[13]' using process `$paramod$5d5f252939ada581f47b72eaea5795c444d8ace1\tcn_8ch_layer_parallel.$proc$tcn_8ch_layer_parallel.v:68$3310'.
  created $dff cell `$procdff$4036' with positive edge clock.
Creating register for signal `$paramod$5d5f252939ada581f47b72eaea5795c444d8ace1\tcn_8ch_layer_parallel.\history[14]' using process `$paramod$5d5f252939ada581f47b72eaea5795c444d8ace1\tcn_8ch_layer_parallel.$proc$tcn_8ch_layer_parallel.v:68$3310'.
  created $dff cell `$procdff$4037' with positive edge clock.
Creating register for signal `$paramod$5d5f252939ada581f47b72eaea5795c444d8ace1\tcn_8ch_layer_parallel.\history[15]' using process `$paramod$5d5f252939ada581f47b72eaea5795c444d8ace1\tcn_8ch_layer_parallel.$proc$tcn_8ch_layer_parallel.v:68$3310'.
  created $dff cell `$procdff$4038' with positive edge clock.
Creating register for signal `$paramod$5d5f252939ada581f47b72eaea5795c444d8ace1\tcn_8ch_layer_parallel.\history[16]' using process `$paramod$5d5f252939ada581f47b72eaea5795c444d8ace1\tcn_8ch_layer_parallel.$proc$tcn_8ch_layer_parallel.v:68$3310'.
  created $dff cell `$procdff$4039' with positive edge clock.
Creating register for signal `$paramod$5d5f252939ada581f47b72eaea5795c444d8ace1\tcn_8ch_layer_parallel.\history[17]' using process `$paramod$5d5f252939ada581f47b72eaea5795c444d8ace1\tcn_8ch_layer_parallel.$proc$tcn_8ch_layer_parallel.v:68$3310'.
  created $dff cell `$procdff$4040' with positive edge clock.
Creating register for signal `$paramod$5d5f252939ada581f47b72eaea5795c444d8ace1\tcn_8ch_layer_parallel.\history[18]' using process `$paramod$5d5f252939ada581f47b72eaea5795c444d8ace1\tcn_8ch_layer_parallel.$proc$tcn_8ch_layer_parallel.v:68$3310'.
  created $dff cell `$procdff$4041' with positive edge clock.
Creating register for signal `$paramod$5d5f252939ada581f47b72eaea5795c444d8ace1\tcn_8ch_layer_parallel.\history[19]' using process `$paramod$5d5f252939ada581f47b72eaea5795c444d8ace1\tcn_8ch_layer_parallel.$proc$tcn_8ch_layer_parallel.v:68$3310'.
  created $dff cell `$procdff$4042' with positive edge clock.
Creating register for signal `$paramod$5d5f252939ada581f47b72eaea5795c444d8ace1\tcn_8ch_layer_parallel.\history[20]' using process `$paramod$5d5f252939ada581f47b72eaea5795c444d8ace1\tcn_8ch_layer_parallel.$proc$tcn_8ch_layer_parallel.v:68$3310'.
  created $dff cell `$procdff$4043' with positive edge clock.
Creating register for signal `$paramod$5d5f252939ada581f47b72eaea5795c444d8ace1\tcn_8ch_layer_parallel.\history[21]' using process `$paramod$5d5f252939ada581f47b72eaea5795c444d8ace1\tcn_8ch_layer_parallel.$proc$tcn_8ch_layer_parallel.v:68$3310'.
  created $dff cell `$procdff$4044' with positive edge clock.
Creating register for signal `$paramod$5d5f252939ada581f47b72eaea5795c444d8ace1\tcn_8ch_layer_parallel.\history[22]' using process `$paramod$5d5f252939ada581f47b72eaea5795c444d8ace1\tcn_8ch_layer_parallel.$proc$tcn_8ch_layer_parallel.v:68$3310'.
  created $dff cell `$procdff$4045' with positive edge clock.
Creating register for signal `$paramod$5d5f252939ada581f47b72eaea5795c444d8ace1\tcn_8ch_layer_parallel.\history[23]' using process `$paramod$5d5f252939ada581f47b72eaea5795c444d8ace1\tcn_8ch_layer_parallel.$proc$tcn_8ch_layer_parallel.v:68$3310'.
  created $dff cell `$procdff$4046' with positive edge clock.
Creating register for signal `$paramod$5d5f252939ada581f47b72eaea5795c444d8ace1\tcn_8ch_layer_parallel.\history[24]' using process `$paramod$5d5f252939ada581f47b72eaea5795c444d8ace1\tcn_8ch_layer_parallel.$proc$tcn_8ch_layer_parallel.v:68$3310'.
  created $dff cell `$procdff$4047' with positive edge clock.
Creating register for signal `$paramod$5d5f252939ada581f47b72eaea5795c444d8ace1\tcn_8ch_layer_parallel.\history[25]' using process `$paramod$5d5f252939ada581f47b72eaea5795c444d8ace1\tcn_8ch_layer_parallel.$proc$tcn_8ch_layer_parallel.v:68$3310'.
  created $dff cell `$procdff$4048' with positive edge clock.
Creating register for signal `$paramod$5d5f252939ada581f47b72eaea5795c444d8ace1\tcn_8ch_layer_parallel.\history[26]' using process `$paramod$5d5f252939ada581f47b72eaea5795c444d8ace1\tcn_8ch_layer_parallel.$proc$tcn_8ch_layer_parallel.v:68$3310'.
  created $dff cell `$procdff$4049' with positive edge clock.
Creating register for signal `$paramod$5d5f252939ada581f47b72eaea5795c444d8ace1\tcn_8ch_layer_parallel.\history[27]' using process `$paramod$5d5f252939ada581f47b72eaea5795c444d8ace1\tcn_8ch_layer_parallel.$proc$tcn_8ch_layer_parallel.v:68$3310'.
  created $dff cell `$procdff$4050' with positive edge clock.
Creating register for signal `$paramod$5d5f252939ada581f47b72eaea5795c444d8ace1\tcn_8ch_layer_parallel.\history[28]' using process `$paramod$5d5f252939ada581f47b72eaea5795c444d8ace1\tcn_8ch_layer_parallel.$proc$tcn_8ch_layer_parallel.v:68$3310'.
  created $dff cell `$procdff$4051' with positive edge clock.
Creating register for signal `$paramod$5d5f252939ada581f47b72eaea5795c444d8ace1\tcn_8ch_layer_parallel.\history[29]' using process `$paramod$5d5f252939ada581f47b72eaea5795c444d8ace1\tcn_8ch_layer_parallel.$proc$tcn_8ch_layer_parallel.v:68$3310'.
  created $dff cell `$procdff$4052' with positive edge clock.
Creating register for signal `$paramod$5d5f252939ada581f47b72eaea5795c444d8ace1\tcn_8ch_layer_parallel.\history[30]' using process `$paramod$5d5f252939ada581f47b72eaea5795c444d8ace1\tcn_8ch_layer_parallel.$proc$tcn_8ch_layer_parallel.v:68$3310'.
  created $dff cell `$procdff$4053' with positive edge clock.
Creating register for signal `$paramod$5d5f252939ada581f47b72eaea5795c444d8ace1\tcn_8ch_layer_parallel.\history[31]' using process `$paramod$5d5f252939ada581f47b72eaea5795c444d8ace1\tcn_8ch_layer_parallel.$proc$tcn_8ch_layer_parallel.v:68$3310'.
  created $dff cell `$procdff$4054' with positive edge clock.

3.3.10. Executing PROC_MEMWR pass (convert process memory writes to cells).

3.3.11. Executing PROC_CLEAN pass (remove empty switches from decision trees).
Found and cleaned up 10 empty switches in `$paramod$70c2b892b6b3d9dba6ddee4dd8f229ae544f14df\tcn_8ch_layer_parallel.$proc$tcn_8ch_layer_parallel.v:68$2330'.
Removing empty process `$paramod$70c2b892b6b3d9dba6ddee4dd8f229ae544f14df\tcn_8ch_layer_parallel.$proc$tcn_8ch_layer_parallel.v:68$2330'.
Removing empty process `$paramod$70c2b892b6b3d9dba6ddee4dd8f229ae544f14df\tcn_8ch_layer_parallel.$proc$tcn_8ch_layer_parallel.v:53$1689'.
Removing empty process `SB_DFFNES.$proc$/opt/homebrew/bin/../share/yosys/ice40/cells_sim.v:0$1232'.
Found and cleaned up 1 empty switch in `\SB_DFFNES.$proc$/opt/homebrew/bin/../share/yosys/ice40/cells_sim.v:1414$1229'.
Removing empty process `SB_DFFNES.$proc$/opt/homebrew/bin/../share/yosys/ice40/cells_sim.v:1414$1229'.
Removing empty process `SB_DFFNESS.$proc$/opt/homebrew/bin/../share/yosys/ice40/cells_sim.v:0$1228'.
Found and cleaned up 2 empty switches in `\SB_DFFNESS.$proc$/opt/homebrew/bin/../share/yosys/ice40/cells_sim.v:1353$1222'.
Removing empty process `SB_DFFNESS.$proc$/opt/homebrew/bin/../share/yosys/ice40/cells_sim.v:1353$1222'.
Removing empty process `SB_DFFNER.$proc$/opt/homebrew/bin/../share/yosys/ice40/cells_sim.v:0$1221'.
Found and cleaned up 1 empty switch in `\SB_DFFNER.$proc$/opt/homebrew/bin/../share/yosys/ice40/cells_sim.v:1273$1218'.
Removing empty process `SB_DFFNER.$proc$/opt/homebrew/bin/../share/yosys/ice40/cells_sim.v:1273$1218'.
Removing empty process `SB_DFFNESR.$proc$/opt/homebrew/bin/../share/yosys/ice40/cells_sim.v:0$1217'.
Found and cleaned up 2 empty switches in `\SB_DFFNESR.$proc$/opt/homebrew/bin/../share/yosys/ice40/cells_sim.v:1212$1211'.
Removing empty process `SB_DFFNESR.$proc$/opt/homebrew/bin/../share/yosys/ice40/cells_sim.v:1212$1211'.
Removing empty process `SB_DFFNS.$proc$/opt/homebrew/bin/../share/yosys/ice40/cells_sim.v:0$1210'.
Removing empty process `SB_DFFNS.$proc$/opt/homebrew/bin/../share/yosys/ice40/cells_sim.v:1138$1208'.
Removing empty process `SB_DFFNSS.$proc$/opt/homebrew/bin/../share/yosys/ice40/cells_sim.v:0$1207'.
Found and cleaned up 1 empty switch in `\SB_DFFNSS.$proc$/opt/homebrew/bin/../share/yosys/ice40/cells_sim.v:1088$1205'.
Removing empty process `SB_DFFNSS.$proc$/opt/homebrew/bin/../share/yosys/ice40/cells_sim.v:1088$1205'.
Removing empty process `SB_DFFNR.$proc$/opt/homebrew/bin/../share/yosys/ice40/cells_sim.v:0$1204'.
Removing empty process `SB_DFFNR.$proc$/opt/homebrew/bin/../share/yosys/ice40/cells_sim.v:1017$1202'.
Removing empty process `SB_DFFNSR.$proc$/opt/homebrew/bin/../share/yosys/ice40/cells_sim.v:0$1201'.
Found and cleaned up 1 empty switch in `\SB_DFFNSR.$proc$/opt/homebrew/bin/../share/yosys/ice40/cells_sim.v:967$1199'.
Removing empty process `SB_DFFNSR.$proc$/opt/homebrew/bin/../share/yosys/ice40/cells_sim.v:967$1199'.
Removing empty process `SB_DFFNE.$proc$/opt/homebrew/bin/../share/yosys/ice40/cells_sim.v:0$1198'.
Found and cleaned up 1 empty switch in `\SB_DFFNE.$proc$/opt/homebrew/bin/../share/yosys/ice40/cells_sim.v:922$1197'.
Removing empty process `SB_DFFNE.$proc$/opt/homebrew/bin/../share/yosys/ice40/cells_sim.v:922$1197'.
Removing empty process `SB_DFFN.$proc$/opt/homebrew/bin/../share/yosys/ice40/cells_sim.v:0$1196'.
Removing empty process `SB_DFFN.$proc$/opt/homebrew/bin/../share/yosys/ice40/cells_sim.v:882$1195'.
Removing empty process `SB_DFFES.$proc$/opt/homebrew/bin/../share/yosys/ice40/cells_sim.v:0$1194'.
Found and cleaned up 1 empty switch in `\SB_DFFES.$proc$/opt/homebrew/bin/../share/yosys/ice40/cells_sim.v:803$1191'.
Removing empty process `SB_DFFES.$proc$/opt/homebrew/bin/../share/yosys/ice40/cells_sim.v:803$1191'.
Removing empty process `SB_DFFESS.$proc$/opt/homebrew/bin/../share/yosys/ice40/cells_sim.v:0$1190'.
Found and cleaned up 2 empty switches in `\SB_DFFESS.$proc$/opt/homebrew/bin/../share/yosys/ice40/cells_sim.v:742$1184'.
Removing empty process `SB_DFFESS.$proc$/opt/homebrew/bin/../share/yosys/ice40/cells_sim.v:742$1184'.
Removing empty process `SB_DFFER.$proc$/opt/homebrew/bin/../share/yosys/ice40/cells_sim.v:0$1183'.
Found and cleaned up 1 empty switch in `\SB_DFFER.$proc$/opt/homebrew/bin/../share/yosys/ice40/cells_sim.v:662$1180'.
Removing empty process `SB_DFFER.$proc$/opt/homebrew/bin/../share/yosys/ice40/cells_sim.v:662$1180'.
Removing empty process `SB_DFFESR.$proc$/opt/homebrew/bin/../share/yosys/ice40/cells_sim.v:0$1179'.
Found and cleaned up 2 empty switches in `\SB_DFFESR.$proc$/opt/homebrew/bin/../share/yosys/ice40/cells_sim.v:601$1173'.
Removing empty process `SB_DFFESR.$proc$/opt/homebrew/bin/../share/yosys/ice40/cells_sim.v:601$1173'.
Removing empty process `SB_DFFS.$proc$/opt/homebrew/bin/../share/yosys/ice40/cells_sim.v:0$1172'.
Removing empty process `SB_DFFS.$proc$/opt/homebrew/bin/../share/yosys/ice40/cells_sim.v:527$1170'.
Removing empty process `SB_DFFSS.$proc$/opt/homebrew/bin/../share/yosys/ice40/cells_sim.v:0$1169'.
Found and cleaned up 1 empty switch in `\SB_DFFSS.$proc$/opt/homebrew/bin/../share/yosys/ice40/cells_sim.v:477$1167'.
Removing empty process `SB_DFFSS.$proc$/opt/homebrew/bin/../share/yosys/ice40/cells_sim.v:477$1167'.
Removing empty process `SB_DFFR.$proc$/opt/homebrew/bin/../share/yosys/ice40/cells_sim.v:0$1166'.
Removing empty process `SB_DFFR.$proc$/opt/homebrew/bin/../share/yosys/ice40/cells_sim.v:406$1164'.
Removing empty process `SB_DFFSR.$proc$/opt/homebrew/bin/../share/yosys/ice40/cells_sim.v:0$1163'.
Found and cleaned up 1 empty switch in `\SB_DFFSR.$proc$/opt/homebrew/bin/../share/yosys/ice40/cells_sim.v:356$1161'.
Removing empty process `SB_DFFSR.$proc$/opt/homebrew/bin/../share/yosys/ice40/cells_sim.v:356$1161'.
Removing empty process `SB_DFFE.$proc$/opt/homebrew/bin/../share/yosys/ice40/cells_sim.v:0$1160'.
Found and cleaned up 1 empty switch in `\SB_DFFE.$proc$/opt/homebrew/bin/../share/yosys/ice40/cells_sim.v:311$1159'.
Removing empty process `SB_DFFE.$proc$/opt/homebrew/bin/../share/yosys/ice40/cells_sim.v:311$1159'.
Removing empty process `SB_DFF.$proc$/opt/homebrew/bin/../share/yosys/ice40/cells_sim.v:0$1158'.
Removing empty process `SB_DFF.$proc$/opt/homebrew/bin/../share/yosys/ice40/cells_sim.v:271$1157'.
Found and cleaned up 10 empty switches in `$paramod$5d5f252939ada581f47b72eaea5795c444d8ace1\tcn_8ch_layer_parallel.$proc$tcn_8ch_layer_parallel.v:68$3310'.
Removing empty process `$paramod$5d5f252939ada581f47b72eaea5795c444d8ace1\tcn_8ch_layer_parallel.$proc$tcn_8ch_layer_parallel.v:68$3310'.
Removing empty process `$paramod$5d5f252939ada581f47b72eaea5795c444d8ace1\tcn_8ch_layer_parallel.$proc$tcn_8ch_layer_parallel.v:53$2669'.
Cleaned up 38 empty switches.

3.3.12. Executing OPT_EXPR pass (perform const folding).
Optimizing module $paramod$70c2b892b6b3d9dba6ddee4dd8f229ae544f14df\tcn_8ch_layer_parallel.
<suppressed ~4 debug messages>
Optimizing module tcn_network_8ch_2layer.
Optimizing module $paramod$5d5f252939ada581f47b72eaea5795c444d8ace1\tcn_8ch_layer_parallel.
<suppressed ~4 debug messages>

3.4. Executing FLATTEN pass (flatten design).
Deleting now unused module $paramod$70c2b892b6b3d9dba6ddee4dd8f229ae544f14df\tcn_8ch_layer_parallel.
Deleting now unused module $paramod$5d5f252939ada581f47b72eaea5795c444d8ace1\tcn_8ch_layer_parallel.
<suppressed ~2 debug messages>

3.5. Executing TRIBUF pass.

3.6. Executing DEMINOUT pass (demote inout ports to input or output).

3.7. Executing OPT_EXPR pass (perform const folding).
Optimizing module tcn_network_8ch_2layer.
<suppressed ~1056 debug messages>

3.8. Executing OPT_CLEAN pass (remove unused cells and wires).
Finding unused cells or wires in module \tcn_network_8ch_2layer..
Removed 20 unused cells and 854 unused wires.
<suppressed ~117 debug messages>

3.9. Executing CHECK pass (checking for obvious problems).
Checking module tcn_network_8ch_2layer...
Found and reported 0 problems.

3.10. Executing OPT pass (performing simple optimizations).

3.10.1. Executing OPT_EXPR pass (perform const folding).
Optimizing module tcn_network_8ch_2layer.

3.10.2. Executing OPT_MERGE pass (detect identical cells).
Finding identical cells in module `\tcn_network_8ch_2layer'.
Removed a total of 0 cells.

3.10.3. Executing OPT_MUXTREE pass (detect dead branches in mux trees).
Running muxtree optimizer on module \tcn_network_8ch_2layer..
  Creating internal representation of mux trees.
  Evaluating internal representation of mux trees.
  Analyzing evaluation results.
Removed 0 multiplexer ports.
<suppressed ~82 debug messages>

3.10.4. Executing OPT_REDUCE pass (consolidate $*mux and $reduce_* inputs).
  Optimizing cells in module \tcn_network_8ch_2layer.
Performed a total of 0 changes.

3.10.5. Executing OPT_MERGE pass (detect identical cells).
Finding identical cells in module `\tcn_network_8ch_2layer'.
Removed a total of 0 cells.

3.10.6. Executing OPT_DFF pass (perform DFF optimizations).

3.10.7. Executing OPT_CLEAN pass (remove unused cells and wires).
Finding unused cells or wires in module \tcn_network_8ch_2layer..

3.10.8. Executing OPT_EXPR pass (perform const folding).
Optimizing module tcn_network_8ch_2layer.

3.10.9. Finished OPT passes. (There is nothing left to do.)

3.11. Executing FSM pass (extract and optimize FSM).

3.11.1. Executing FSM_DETECT pass (finding FSMs in design).

3.11.2. Executing FSM_EXTRACT pass (extracting FSM from design).

3.11.3. Executing FSM_OPT pass (simple optimizations of FSMs).

3.11.4. Executing OPT_CLEAN pass (remove unused cells and wires).
Finding unused cells or wires in module \tcn_network_8ch_2layer..

3.11.5. Executing FSM_OPT pass (simple optimizations of FSMs).

3.11.6. Executing FSM_RECODE pass (re-assigning FSM state encoding).

3.11.7. Executing FSM_INFO pass (dumping all available information on FSM cells).

3.11.8. Executing FSM_MAP pass (mapping FSMs to basic logic).

3.12. Executing OPT pass (performing simple optimizations).

3.12.1. Executing OPT_EXPR pass (perform const folding).
Optimizing module tcn_network_8ch_2layer.

3.12.2. Executing OPT_MERGE pass (detect identical cells).
Finding identical cells in module `\tcn_network_8ch_2layer'.
Removed a total of 0 cells.

3.12.3. Executing OPT_MUXTREE pass (detect dead branches in mux trees).
Running muxtree optimizer on module \tcn_network_8ch_2layer..
  Creating internal representation of mux trees.
  Evaluating internal representation of mux trees.
  Analyzing evaluation results.
Removed 0 multiplexer ports.
<suppressed ~82 debug messages>

3.12.4. Executing OPT_REDUCE pass (consolidate $*mux and $reduce_* inputs).
  Optimizing cells in module \tcn_network_8ch_2layer.
Performed a total of 0 changes.

3.12.5. Executing OPT_MERGE pass (detect identical cells).
Finding identical cells in module `\tcn_network_8ch_2layer'.
Removed a total of 0 cells.

3.12.6. Executing OPT_DFF pass (perform DFF optimizations).
Adding SRST signal on $flatten\layer1.$procdff$3997 ($dff) from module tcn_network_8ch_2layer (D = $flatten\layer1.$procmux$3426_Y, Q = \layer1.history[31], rval = 8'00000000).
Adding EN signal on $auto$ff.cc:266:slice$4057 ($sdff) from module tcn_network_8ch_2layer (D = \layer1.history[30], Q = \layer1.history[31]).
Adding SRST signal on $flatten\layer1.$procdff$3996 ($dff) from module tcn_network_8ch_2layer (D = $flatten\layer1.$procmux$3432_Y, Q = \layer1.history[30], rval = 8'00000000).
Adding EN signal on $auto$ff.cc:266:slice$4059 ($sdff) from module tcn_network_8ch_2layer (D = \layer1.history[29], Q = \layer1.history[30]).
Adding SRST signal on $flatten\layer1.$procdff$3995 ($dff) from module tcn_network_8ch_2layer (D = $flatten\layer1.$procmux$3438_Y, Q = \layer1.history[29], rval = 8'00000000).
Adding EN signal on $auto$ff.cc:266:slice$4061 ($sdff) from module tcn_network_8ch_2layer (D = \layer1.history[28], Q = \layer1.history[29]).
Adding SRST signal on $flatten\layer1.$procdff$3994 ($dff) from module tcn_network_8ch_2layer (D = $flatten\layer1.$procmux$3444_Y, Q = \layer1.history[28], rval = 8'00000000).
Adding EN signal on $auto$ff.cc:266:slice$4063 ($sdff) from module tcn_network_8ch_2layer (D = \layer0.sample_out [63:56], Q = \layer1.history[28]).
Adding SRST signal on $flatten\layer1.$procdff$3993 ($dff) from module tcn_network_8ch_2layer (D = $flatten\layer1.$procmux$3450_Y, Q = \layer1.history[27], rval = 8'00000000).
Adding EN signal on $auto$ff.cc:266:slice$4065 ($sdff) from module tcn_network_8ch_2layer (D = \layer1.history[26], Q = \layer1.history[27]).
Adding SRST signal on $flatten\layer1.$procdff$3992 ($dff) from module tcn_network_8ch_2layer (D = $flatten\layer1.$procmux$3456_Y, Q = \layer1.history[26], rval = 8'00000000).
Adding EN signal on $auto$ff.cc:266:slice$4067 ($sdff) from module tcn_network_8ch_2layer (D = \layer1.history[25], Q = \layer1.history[26]).
Adding SRST signal on $flatten\layer1.$procdff$3991 ($dff) from module tcn_network_8ch_2layer (D = $flatten\layer1.$procmux$3462_Y, Q = \layer1.history[25], rval = 8'00000000).
Adding EN signal on $auto$ff.cc:266:slice$4069 ($sdff) from module tcn_network_8ch_2layer (D = \layer1.history[24], Q = \layer1.history[25]).
Adding SRST signal on $flatten\layer1.$procdff$3990 ($dff) from module tcn_network_8ch_2layer (D = $flatten\layer1.$procmux$3468_Y, Q = \layer1.history[24], rval = 8'00000000).
Adding EN signal on $auto$ff.cc:266:slice$4071 ($sdff) from module tcn_network_8ch_2layer (D = \layer0.sample_out [55:48], Q = \layer1.history[24]).
Adding SRST signal on $flatten\layer1.$procdff$3989 ($dff) from module tcn_network_8ch_2layer (D = $flatten\layer1.$procmux$3474_Y, Q = \layer1.history[23], rval = 8'00000000).
Adding EN signal on $auto$ff.cc:266:slice$4073 ($sdff) from module tcn_network_8ch_2layer (D = \layer1.history[22], Q = \layer1.history[23]).
Adding SRST signal on $flatten\layer1.$procdff$3988 ($dff) from module tcn_network_8ch_2layer (D = $flatten\layer1.$procmux$3480_Y, Q = \layer1.history[22], rval = 8'00000000).
Adding EN signal on $auto$ff.cc:266:slice$4075 ($sdff) from module tcn_network_8ch_2layer (D = \layer1.history[21], Q = \layer1.history[22]).
Adding SRST signal on $flatten\layer1.$procdff$3987 ($dff) from module tcn_network_8ch_2layer (D = $flatten\layer1.$procmux$3486_Y, Q = \layer1.history[21], rval = 8'00000000).
Adding EN signal on $auto$ff.cc:266:slice$4077 ($sdff) from module tcn_network_8ch_2layer (D = \layer1.history[20], Q = \layer1.history[21]).
Adding SRST signal on $flatten\layer1.$procdff$3986 ($dff) from module tcn_network_8ch_2layer (D = $flatten\layer1.$procmux$3492_Y, Q = \layer1.history[20], rval = 8'00000000).
Adding EN signal on $auto$ff.cc:266:slice$4079 ($sdff) from module tcn_network_8ch_2layer (D = \layer0.sample_out [47:40], Q = \layer1.history[20]).
Adding SRST signal on $flatten\layer1.$procdff$3985 ($dff) from module tcn_network_8ch_2layer (D = $flatten\layer1.$procmux$3498_Y, Q = \layer1.history[19], rval = 8'00000000).
Adding EN signal on $auto$ff.cc:266:slice$4081 ($sdff) from module tcn_network_8ch_2layer (D = \layer1.history[18], Q = \layer1.history[19]).
Adding SRST signal on $flatten\layer1.$procdff$3984 ($dff) from module tcn_network_8ch_2layer (D = $flatten\layer1.$procmux$3504_Y, Q = \layer1.history[18], rval = 8'00000000).
Adding EN signal on $auto$ff.cc:266:slice$4083 ($sdff) from module tcn_network_8ch_2layer (D = \layer1.history[17], Q = \layer1.history[18]).
Adding SRST signal on $flatten\layer1.$procdff$3983 ($dff) from module tcn_network_8ch_2layer (D = $flatten\layer1.$procmux$3510_Y, Q = \layer1.history[17], rval = 8'00000000).
Adding EN signal on $auto$ff.cc:266:slice$4085 ($sdff) from module tcn_network_8ch_2layer (D = \layer1.history[16], Q = \layer1.history[17]).
Adding SRST signal on $flatten\layer1.$procdff$3982 ($dff) from module tcn_network_8ch_2layer (D = $flatten\layer1.$procmux$3516_Y, Q = \layer1.history[16], rval = 8'00000000).
Adding EN signal on $auto$ff.cc:266:slice$4087 ($sdff) from module tcn_network_8ch_2layer (D = \layer0.sample_out [39:32], Q = \layer1.history[16]).
Adding SRST signal on $flatten\layer1.$procdff$3981 ($dff) from module tcn_network_8ch_2layer (D = $flatten\layer1.$procmux$3522_Y, Q = \layer1.history[15], rval = 8'00000000).
Adding EN signal on $auto$ff.cc:266:slice$4089 ($sdff) from module tcn_network_8ch_2layer (D = \layer1.history[14], Q = \layer1.history[15]).
Adding SRST signal on $flatten\layer1.$procdff$3980 ($dff) from module tcn_network_8ch_2layer (D = $flatten\layer1.$procmux$3528_Y, Q = \layer1.history[14], rval = 8'00000000).
Adding EN signal on $auto$ff.cc:266:slice$4091 ($sdff) from module tcn_network_8ch_2layer (D = \layer1.history[13], Q = \layer1.history[14]).
Adding SRST signal on $flatten\layer1.$procdff$3979 ($dff) from module tcn_network_8ch_2layer (D = $flatten\layer1.$procmux$3534_Y, Q = \layer1.history[13], rval = 8'00000000).
Adding EN signal on $auto$ff.cc:266:slice$4093 ($sdff) from module tcn_network_8ch_2layer (D = \layer1.history[12], Q = \layer1.history[13]).
Adding SRST signal on $flatten\layer1.$procdff$3978 ($dff) from module tcn_network_8ch_2layer (D = $flatten\layer1.$procmux$3540_Y, Q = \layer1.history[12], rval = 8'00000000).
Adding EN signal on $auto$ff.cc:266:slice$4095 ($sdff) from module tcn_network_8ch_2layer (D = \layer0.sample_out [31:24], Q = \layer1.history[12]).
Adding SRST signal on $flatten\layer1.$procdff$3977 ($dff) from module tcn_network_8ch_2layer (D = $flatten\layer1.$procmux$3546_Y, Q = \layer1.history[11], rval = 8'00000000).
Adding EN signal on $auto$ff.cc:266:slice$4097 ($sdff) from module tcn_network_8ch_2layer (D = \layer1.history[10], Q = \layer1.history[11]).
Adding SRST signal on $flatten\layer1.$procdff$3976 ($dff) from module tcn_network_8ch_2layer (D = $flatten\layer1.$procmux$3552_Y, Q = \layer1.history[10], rval = 8'00000000).
Adding EN signal on $auto$ff.cc:266:slice$4099 ($sdff) from module tcn_network_8ch_2layer (D = \layer1.history[9], Q = \layer1.history[10]).
Adding SRST signal on $flatten\layer1.$procdff$3975 ($dff) from module tcn_network_8ch_2layer (D = $flatten\layer1.$procmux$3558_Y, Q = \layer1.history[9], rval = 8'00000000).
Adding EN signal on $auto$ff.cc:266:slice$4101 ($sdff) from module tcn_network_8ch_2layer (D = \layer1.history[8], Q = \layer1.history[9]).
Adding SRST signal on $flatten\layer1.$procdff$3974 ($dff) from module tcn_network_8ch_2layer (D = $flatten\layer1.$procmux$3564_Y, Q = \layer1.history[8], rval = 8'00000000).
Adding EN signal on $auto$ff.cc:266:slice$4103 ($sdff) from module tcn_network_8ch_2layer (D = \layer0.sample_out [23:16], Q = \layer1.history[8]).
Adding SRST signal on $flatten\layer1.$procdff$3973 ($dff) from module tcn_network_8ch_2layer (D = $flatten\layer1.$procmux$3570_Y, Q = \layer1.history[7], rval = 8'00000000).
Adding EN signal on $auto$ff.cc:266:slice$4105 ($sdff) from module tcn_network_8ch_2layer (D = \layer1.history[6], Q = \layer1.history[7]).
Adding SRST signal on $flatten\layer1.$procdff$3972 ($dff) from module tcn_network_8ch_2layer (D = $flatten\layer1.$procmux$3576_Y, Q = \layer1.history[6], rval = 8'00000000).
Adding EN signal on $auto$ff.cc:266:slice$4107 ($sdff) from module tcn_network_8ch_2layer (D = \layer1.history[5], Q = \layer1.history[6]).
Adding SRST signal on $flatten\layer1.$procdff$3971 ($dff) from module tcn_network_8ch_2layer (D = $flatten\layer1.$procmux$3582_Y, Q = \layer1.history[5], rval = 8'00000000).
Adding EN signal on $auto$ff.cc:266:slice$4109 ($sdff) from module tcn_network_8ch_2layer (D = \layer1.history[4], Q = \layer1.history[5]).
Adding SRST signal on $flatten\layer1.$procdff$3970 ($dff) from module tcn_network_8ch_2layer (D = $flatten\layer1.$procmux$3588_Y, Q = \layer1.history[4], rval = 8'00000000).
Adding EN signal on $auto$ff.cc:266:slice$4111 ($sdff) from module tcn_network_8ch_2layer (D = \layer0.sample_out [15:8], Q = \layer1.history[4]).
Adding SRST signal on $flatten\layer1.$procdff$3969 ($dff) from module tcn_network_8ch_2layer (D = $flatten\layer1.$procmux$3594_Y, Q = \layer1.history[3], rval = 8'00000000).
Adding EN signal on $auto$ff.cc:266:slice$4113 ($sdff) from module tcn_network_8ch_2layer (D = \layer1.history[2], Q = \layer1.history[3]).
Adding SRST signal on $flatten\layer1.$procdff$3968 ($dff) from module tcn_network_8ch_2layer (D = $flatten\layer1.$procmux$3600_Y, Q = \layer1.history[2], rval = 8'00000000).
Adding EN signal on $auto$ff.cc:266:slice$4115 ($sdff) from module tcn_network_8ch_2layer (D = \layer1.history[1], Q = \layer1.history[2]).
Adding SRST signal on $flatten\layer1.$procdff$3967 ($dff) from module tcn_network_8ch_2layer (D = $flatten\layer1.$procmux$3606_Y, Q = \layer1.history[1], rval = 8'00000000).
Adding EN signal on $auto$ff.cc:266:slice$4117 ($sdff) from module tcn_network_8ch_2layer (D = \layer1.history[0], Q = \layer1.history[1]).
Adding SRST signal on $flatten\layer1.$procdff$3966 ($dff) from module tcn_network_8ch_2layer (D = $flatten\layer1.$procmux$3612_Y, Q = \layer1.history[0], rval = 8'00000000).
Adding EN signal on $auto$ff.cc:266:slice$4119 ($sdff) from module tcn_network_8ch_2layer (D = \layer0.sample_out [7:0], Q = \layer1.history[0]).
Adding SRST signal on $flatten\layer1.$procdff$3962 ($dff) from module tcn_network_8ch_2layer (D = { $flatten\layer1.$procmux$3333_Y $flatten\layer1.$procmux$3342_Y $flatten\layer1.$procmux$3351_Y $flatten\layer1.$procmux$3360_Y $flatten\layer1.$procmux$3369_Y $flatten\layer1.$procmux$3378_Y $flatten\layer1.$procmux$3387_Y $flatten\layer1.$procmux$3396_Y }, Q = \layer1.sample_out, rval = 64'0000000000000000000000000000000000000000000000000000000000000000).
Adding EN signal on $auto$ff.cc:266:slice$4121 ($sdff) from module tcn_network_8ch_2layer (D = { $flatten\layer1.$procmux$3331_Y $flatten\layer1.$procmux$3340_Y $flatten\layer1.$procmux$3349_Y $flatten\layer1.$procmux$3358_Y $flatten\layer1.$procmux$3367_Y $flatten\layer1.$procmux$3376_Y $flatten\layer1.$procmux$3385_Y $flatten\layer1.$procmux$3394_Y }, Q = \layer1.sample_out).
Adding SRST signal on $flatten\layer1.$procdff$3961 ($dff) from module tcn_network_8ch_2layer (D = \layer0.output_valid, Q = \layer1.output_valid, rval = 1'0).
Adding SRST signal on $flatten\layer0.$procdff$4054 ($dff) from module tcn_network_8ch_2layer (D = $flatten\layer0.$procmux$3764_Y, Q = \layer0.history[31], rval = 8'00000000).
Adding EN signal on $auto$ff.cc:266:slice$4124 ($sdff) from module tcn_network_8ch_2layer (D = \layer0.history[30], Q = \layer0.history[31]).
Adding SRST signal on $flatten\layer0.$procdff$4053 ($dff) from module tcn_network_8ch_2layer (D = $flatten\layer0.$procmux$3770_Y, Q = \layer0.history[30], rval = 8'00000000).
Adding EN signal on $auto$ff.cc:266:slice$4126 ($sdff) from module tcn_network_8ch_2layer (D = \layer0.history[29], Q = \layer0.history[30]).
Adding SRST signal on $flatten\layer0.$procdff$4052 ($dff) from module tcn_network_8ch_2layer (D = $flatten\layer0.$procmux$3776_Y, Q = \layer0.history[29], rval = 8'00000000).
Adding EN signal on $auto$ff.cc:266:slice$4128 ($sdff) from module tcn_network_8ch_2layer (D = \layer0.history[28], Q = \layer0.history[29]).
Adding SRST signal on $flatten\layer0.$procdff$4051 ($dff) from module tcn_network_8ch_2layer (D = $flatten\layer0.$procmux$3782_Y, Q = \layer0.history[28], rval = 8'00000000).
Adding EN signal on $auto$ff.cc:266:slice$4130 ($sdff) from module tcn_network_8ch_2layer (D = \sample_in [63:56], Q = \layer0.history[28]).
Adding SRST signal on $flatten\layer0.$procdff$4050 ($dff) from module tcn_network_8ch_2layer (D = $flatten\layer0.$procmux$3788_Y, Q = \layer0.history[27], rval = 8'00000000).
Adding EN signal on $auto$ff.cc:266:slice$4132 ($sdff) from module tcn_network_8ch_2layer (D = \layer0.history[26], Q = \layer0.history[27]).
Adding SRST signal on $flatten\layer0.$procdff$4049 ($dff) from module tcn_network_8ch_2layer (D = $flatten\layer0.$procmux$3794_Y, Q = \layer0.history[26], rval = 8'00000000).
Adding EN signal on $auto$ff.cc:266:slice$4134 ($sdff) from module tcn_network_8ch_2layer (D = \layer0.history[25], Q = \layer0.history[26]).
Adding SRST signal on $flatten\layer0.$procdff$4048 ($dff) from module tcn_network_8ch_2layer (D = $flatten\layer0.$procmux$3800_Y, Q = \layer0.history[25], rval = 8'00000000).
Adding EN signal on $auto$ff.cc:266:slice$4136 ($sdff) from module tcn_network_8ch_2layer (D = \layer0.history[24], Q = \layer0.history[25]).
Adding SRST signal on $flatten\layer0.$procdff$4047 ($dff) from module tcn_network_8ch_2layer (D = $flatten\layer0.$procmux$3806_Y, Q = \layer0.history[24], rval = 8'00000000).
Adding EN signal on $auto$ff.cc:266:slice$4138 ($sdff) from module tcn_network_8ch_2layer (D = \sample_in [55:48], Q = \layer0.history[24]).
Adding SRST signal on $flatten\layer0.$procdff$4046 ($dff) from module tcn_network_8ch_2layer (D = $flatten\layer0.$procmux$3812_Y, Q = \layer0.history[23], rval = 8'00000000).
Adding EN signal on $auto$ff.cc:266:slice$4140 ($sdff) from module tcn_network_8ch_2layer (D = \layer0.history[22], Q = \layer0.history[23]).
Adding SRST signal on $flatten\layer0.$procdff$4045 ($dff) from module tcn_network_8ch_2layer (D = $flatten\layer0.$procmux$3818_Y, Q = \layer0.history[22], rval = 8'00000000).
Adding EN signal on $auto$ff.cc:266:slice$4142 ($sdff) from module tcn_network_8ch_2layer (D = \layer0.history[21], Q = \layer0.history[22]).
Adding SRST signal on $flatten\layer0.$procdff$4044 ($dff) from module tcn_network_8ch_2layer (D = $flatten\layer0.$procmux$3824_Y, Q = \layer0.history[21], rval = 8'00000000).
Adding EN signal on $auto$ff.cc:266:slice$4144 ($sdff) from module tcn_network_8ch_2layer (D = \layer0.history[20], Q = \layer0.history[21]).
Adding SRST signal on $flatten\layer0.$procdff$4043 ($dff) from module tcn_network_8ch_2layer (D = $flatten\layer0.$procmux$3830_Y, Q = \layer0.history[20], rval = 8'00000000).
Adding EN signal on $auto$ff.cc:266:slice$4146 ($sdff) from module tcn_network_8ch_2layer (D = \sample_in [47:40], Q = \layer0.history[20]).
Adding SRST signal on $flatten\layer0.$procdff$4042 ($dff) from module tcn_network_8ch_2layer (D = $flatten\layer0.$procmux$3836_Y, Q = \layer0.history[19], rval = 8'00000000).
Adding EN signal on $auto$ff.cc:266:slice$4148 ($sdff) from module tcn_network_8ch_2layer (D = \layer0.history[18], Q = \layer0.history[19]).
Adding SRST signal on $flatten\layer0.$procdff$4041 ($dff) from module tcn_network_8ch_2layer (D = $flatten\layer0.$procmux$3842_Y, Q = \layer0.history[18], rval = 8'00000000).
Adding EN signal on $auto$ff.cc:266:slice$4150 ($sdff) from module tcn_network_8ch_2layer (D = \layer0.history[17], Q = \layer0.history[18]).
Adding SRST signal on $flatten\layer0.$procdff$4040 ($dff) from module tcn_network_8ch_2layer (D = $flatten\layer0.$procmux$3848_Y, Q = \layer0.history[17], rval = 8'00000000).
Adding EN signal on $auto$ff.cc:266:slice$4152 ($sdff) from module tcn_network_8ch_2layer (D = \layer0.history[16], Q = \layer0.history[17]).
Adding SRST signal on $flatten\layer0.$procdff$4039 ($dff) from module tcn_network_8ch_2layer (D = $flatten\layer0.$procmux$3854_Y, Q = \layer0.history[16], rval = 8'00000000).
Adding EN signal on $auto$ff.cc:266:slice$4154 ($sdff) from module tcn_network_8ch_2layer (D = \sample_in [39:32], Q = \layer0.history[16]).
Adding SRST signal on $flatten\layer0.$procdff$4038 ($dff) from module tcn_network_8ch_2layer (D = $flatten\layer0.$procmux$3860_Y, Q = \layer0.history[15], rval = 8'00000000).
Adding EN signal on $auto$ff.cc:266:slice$4156 ($sdff) from module tcn_network_8ch_2layer (D = \layer0.history[14], Q = \layer0.history[15]).
Adding SRST signal on $flatten\layer0.$procdff$4037 ($dff) from module tcn_network_8ch_2layer (D = $flatten\layer0.$procmux$3866_Y, Q = \layer0.history[14], rval = 8'00000000).
Adding EN signal on $auto$ff.cc:266:slice$4158 ($sdff) from module tcn_network_8ch_2layer (D = \layer0.history[13], Q = \layer0.history[14]).
Adding SRST signal on $flatten\layer0.$procdff$4036 ($dff) from module tcn_network_8ch_2layer (D = $flatten\layer0.$procmux$3872_Y, Q = \layer0.history[13], rval = 8'00000000).
Adding EN signal on $auto$ff.cc:266:slice$4160 ($sdff) from module tcn_network_8ch_2layer (D = \layer0.history[12], Q = \layer0.history[13]).
Adding SRST signal on $flatten\layer0.$procdff$4035 ($dff) from module tcn_network_8ch_2layer (D = $flatten\layer0.$procmux$3878_Y, Q = \layer0.history[12], rval = 8'00000000).
Adding EN signal on $auto$ff.cc:266:slice$4162 ($sdff) from module tcn_network_8ch_2layer (D = \sample_in [31:24], Q = \layer0.history[12]).
Adding SRST signal on $flatten\layer0.$procdff$4034 ($dff) from module tcn_network_8ch_2layer (D = $flatten\layer0.$procmux$3884_Y, Q = \layer0.history[11], rval = 8'00000000).
Adding EN signal on $auto$ff.cc:266:slice$4164 ($sdff) from module tcn_network_8ch_2layer (D = \layer0.history[10], Q = \layer0.history[11]).
Adding SRST signal on $flatten\layer0.$procdff$4033 ($dff) from module tcn_network_8ch_2layer (D = $flatten\layer0.$procmux$3890_Y, Q = \layer0.history[10], rval = 8'00000000).
Adding EN signal on $auto$ff.cc:266:slice$4166 ($sdff) from module tcn_network_8ch_2layer (D = \layer0.history[9], Q = \layer0.history[10]).
Adding SRST signal on $flatten\layer0.$procdff$4032 ($dff) from module tcn_network_8ch_2layer (D = $flatten\layer0.$procmux$3896_Y, Q = \layer0.history[9], rval = 8'00000000).
Adding EN signal on $auto$ff.cc:266:slice$4168 ($sdff) from module tcn_network_8ch_2layer (D = \layer0.history[8], Q = \layer0.history[9]).
Adding SRST signal on $flatten\layer0.$procdff$4031 ($dff) from module tcn_network_8ch_2layer (D = $flatten\layer0.$procmux$3902_Y, Q = \layer0.history[8], rval = 8'00000000).
Adding EN signal on $auto$ff.cc:266:slice$4170 ($sdff) from module tcn_network_8ch_2layer (D = \sample_in [23:16], Q = \layer0.history[8]).
Adding SRST signal on $flatten\layer0.$procdff$4030 ($dff) from module tcn_network_8ch_2layer (D = $flatten\layer0.$procmux$3908_Y, Q = \layer0.history[7], rval = 8'00000000).
Adding EN signal on $auto$ff.cc:266:slice$4172 ($sdff) from module tcn_network_8ch_2layer (D = \layer0.history[6], Q = \layer0.history[7]).
Adding SRST signal on $flatten\layer0.$procdff$4029 ($dff) from module tcn_network_8ch_2layer (D = $flatten\layer0.$procmux$3914_Y, Q = \layer0.history[6], rval = 8'00000000).
Adding EN signal on $auto$ff.cc:266:slice$4174 ($sdff) from module tcn_network_8ch_2layer (D = \layer0.history[5], Q = \layer0.history[6]).
Adding SRST signal on $flatten\layer0.$procdff$4028 ($dff) from module tcn_network_8ch_2layer (D = $flatten\layer0.$procmux$3920_Y, Q = \layer0.history[5], rval = 8'00000000).
Adding EN signal on $auto$ff.cc:266:slice$4176 ($sdff) from module tcn_network_8ch_2layer (D = \layer0.history[4], Q = \layer0.history[5]).
Adding SRST signal on $flatten\layer0.$procdff$4027 ($dff) from module tcn_network_8ch_2layer (D = $flatten\layer0.$procmux$3926_Y, Q = \layer0.history[4], rval = 8'00000000).
Adding EN signal on $auto$ff.cc:266:slice$4178 ($sdff) from module tcn_network_8ch_2layer (D = \sample_in [15:8], Q = \layer0.history[4]).
Adding SRST signal on $flatten\layer0.$procdff$4026 ($dff) from module tcn_network_8ch_2layer (D = $flatten\layer0.$procmux$3932_Y, Q = \layer0.history[3], rval = 8'00000000).
Adding EN signal on $auto$ff.cc:266:slice$4180 ($sdff) from module tcn_network_8ch_2layer (D = \layer0.history[2], Q = \layer0.history[3]).
Adding SRST signal on $flatten\layer0.$procdff$4025 ($dff) from module tcn_network_8ch_2layer (D = $flatten\layer0.$procmux$3938_Y, Q = \layer0.history[2], rval = 8'00000000).
Adding EN signal on $auto$ff.cc:266:slice$4182 ($sdff) from module tcn_network_8ch_2layer (D = \layer0.history[1], Q = \layer0.history[2]).
Adding SRST signal on $flatten\layer0.$procdff$4024 ($dff) from module tcn_network_8ch_2layer (D = $flatten\layer0.$procmux$3944_Y, Q = \layer0.history[1], rval = 8'00000000).
Adding EN signal on $auto$ff.cc:266:slice$4184 ($sdff) from module tcn_network_8ch_2layer (D = \layer0.history[0], Q = \layer0.history[1]).
Adding SRST signal on $flatten\layer0.$procdff$4023 ($dff) from module tcn_network_8ch_2layer (D = $flatten\layer0.$procmux$3950_Y, Q = \layer0.history[0], rval = 8'00000000).
Adding EN signal on $auto$ff.cc:266:slice$4186 ($sdff) from module tcn_network_8ch_2layer (D = \sample_in [7:0], Q = \layer0.history[0]).
Adding SRST signal on $flatten\layer0.$procdff$4019 ($dff) from module tcn_network_8ch_2layer (D = { $flatten\layer0.$procmux$3671_Y $flatten\layer0.$procmux$3680_Y $flatten\layer0.$procmux$3689_Y $flatten\layer0.$procmux$3698_Y $flatten\layer0.$procmux$3707_Y $flatten\layer0.$procmux$3716_Y $flatten\layer0.$procmux$3725_Y $flatten\layer0.$procmux$3734_Y }, Q = \layer0.sample_out, rval = 64'0000000000000000000000000000000000000000000000000000000000000000).
Adding EN signal on $auto$ff.cc:266:slice$4188 ($sdff) from module tcn_network_8ch_2layer (D = { $flatten\layer0.$procmux$3669_Y $flatten\layer0.$procmux$3678_Y $flatten\layer0.$procmux$3687_Y $flatten\layer0.$procmux$3696_Y $flatten\layer0.$procmux$3705_Y $flatten\layer0.$procmux$3714_Y $flatten\layer0.$procmux$3723_Y $flatten\layer0.$procmux$3732_Y }, Q = \layer0.sample_out).
Adding SRST signal on $flatten\layer0.$procdff$4018 ($dff) from module tcn_network_8ch_2layer (D = \sample_valid, Q = \layer0.output_valid, rval = 1'0).

3.12.7. Executing OPT_CLEAN pass (remove unused cells and wires).
Finding unused cells or wires in module \tcn_network_8ch_2layer..
Removed 162 unused cells and 148 unused wires.
<suppressed ~163 debug messages>

3.12.8. Executing OPT_EXPR pass (perform const folding).
Optimizing module tcn_network_8ch_2layer.

3.12.9. Rerunning OPT passes. (Maybe there is more to do..)

3.12.10. Executing OPT_MUXTREE pass (detect dead branches in mux trees).
Running muxtree optimizer on module \tcn_network_8ch_2layer..
  Creating internal representation of mux trees.
  Evaluating internal representation of mux trees.
  Analyzing evaluation results.
Removed 0 multiplexer ports.
<suppressed ~16 debug messages>

3.12.11. Executing OPT_REDUCE pass (consolidate $*mux and $reduce_* inputs).
  Optimizing cells in module \tcn_network_8ch_2layer.
Performed a total of 0 changes.

3.12.12. Executing OPT_MERGE pass (detect identical cells).
Finding identical cells in module `\tcn_network_8ch_2layer'.
Removed a total of 0 cells.

3.12.13. Executing OPT_DFF pass (perform DFF optimizations).

3.12.14. Executing OPT_CLEAN pass (remove unused cells and wires).
Finding unused cells or wires in module \tcn_network_8ch_2layer..

3.12.15. Executing OPT_EXPR pass (perform const folding).
Optimizing module tcn_network_8ch_2layer.

3.12.16. Finished OPT passes. (There is nothing left to do.)

3.13. Executing WREDUCE pass (reducing word size of cells).
Removed top 31 bits (of 32) from port B of cell tcn_network_8ch_2layer.$flatten\layer0.$lt$tcn_8ch_layer_parallel.v:79$3327 ($lt).
Removed top 31 bits (of 32) from port B of cell tcn_network_8ch_2layer.$flatten\layer0.$lt$tcn_8ch_layer_parallel.v:79$3325 ($lt).
Removed top 31 bits (of 32) from port B of cell tcn_network_8ch_2layer.$flatten\layer0.$lt$tcn_8ch_layer_parallel.v:79$3323 ($lt).
Removed top 31 bits (of 32) from port B of cell tcn_network_8ch_2layer.$flatten\layer0.$lt$tcn_8ch_layer_parallel.v:79$3321 ($lt).
Removed top 31 bits (of 32) from port B of cell tcn_network_8ch_2layer.$flatten\layer0.$lt$tcn_8ch_layer_parallel.v:79$3319 ($lt).
Removed top 31 bits (of 32) from port B of cell tcn_network_8ch_2layer.$flatten\layer0.$lt$tcn_8ch_layer_parallel.v:79$3317 ($lt).
Removed top 31 bits (of 32) from port B of cell tcn_network_8ch_2layer.$flatten\layer0.$lt$tcn_8ch_layer_parallel.v:79$3315 ($lt).
Removed top 31 bits (of 32) from port B of cell tcn_network_8ch_2layer.$flatten\layer0.$lt$tcn_8ch_layer_parallel.v:79$3313 ($lt).
Removed top 7 bits (of 16) from port B of cell tcn_network_8ch_2layer.$flatten\layer0.$add$tcn_8ch_layer_parallel.v:61$3309 ($add).
Removed top 7 bits (of 16) from port B of cell tcn_network_8ch_2layer.$flatten\layer0.$add$tcn_8ch_layer_parallel.v:61$3307 ($add).
Removed top 8 bits (of 16) from port B of cell tcn_network_8ch_2layer.$flatten\layer0.$add$tcn_8ch_layer_parallel.v:61$3305 ($add).
Removed top 8 bits (of 16) from port B of cell tcn_network_8ch_2layer.$flatten\layer0.$add$tcn_8ch_layer_parallel.v:57$3301 ($add).
Removed top 8 bits (of 16) from port B of cell tcn_network_8ch_2layer.$flatten\layer0.$add$tcn_8ch_layer_parallel.v:61$3297 ($add).
Removed top 5 bits (of 8) from port B of cell tcn_network_8ch_2layer.$flatten\layer0.$mul$tcn_8ch_layer_parallel.v:62$3292 ($mul).
Removed top 5 bits (of 16) from port Y of cell tcn_network_8ch_2layer.$flatten\layer0.$mul$tcn_8ch_layer_parallel.v:62$3292 ($mul).
Removed top 8 bits (of 16) from port A of cell tcn_network_8ch_2layer.$flatten\layer0.$mul$tcn_8ch_layer_parallel.v:58$3290 ($neg).
Removed top 5 bits (of 8) from port B of cell tcn_network_8ch_2layer.$flatten\layer0.$mul$tcn_8ch_layer_parallel.v:62$3288 ($mul).
Removed top 5 bits (of 16) from port Y of cell tcn_network_8ch_2layer.$flatten\layer0.$mul$tcn_8ch_layer_parallel.v:62$3288 ($mul).
Removed top 7 bits (of 16) from port B of cell tcn_network_8ch_2layer.$flatten\layer0.$add$tcn_8ch_layer_parallel.v:61$3285 ($add).
Removed top 7 bits (of 16) from port B of cell tcn_network_8ch_2layer.$flatten\layer0.$add$tcn_8ch_layer_parallel.v:61$3283 ($add).
Removed top 8 bits (of 16) from port B of cell tcn_network_8ch_2layer.$flatten\layer0.$add$tcn_8ch_layer_parallel.v:57$3281 ($add).
Removed top 7 bits (of 16) from port B of cell tcn_network_8ch_2layer.$flatten\layer0.$add$tcn_8ch_layer_parallel.v:61$3279 ($add).
Removed top 8 bits (of 16) from port B of cell tcn_network_8ch_2layer.$flatten\layer0.$add$tcn_8ch_layer_parallel.v:61$3277 ($add).
Removed top 8 bits (of 16) from port B of cell tcn_network_8ch_2layer.$flatten\layer0.$add$tcn_8ch_layer_parallel.v:61$3273 ($add).
Removed top 8 bits (of 16) from port B of cell tcn_network_8ch_2layer.$flatten\layer0.$add$tcn_8ch_layer_parallel.v:61$3269 ($add).
Removed top 5 bits (of 8) from port B of cell tcn_network_8ch_2layer.$flatten\layer0.$mul$tcn_8ch_layer_parallel.v:62$3264 ($mul).
Removed top 5 bits (of 16) from port Y of cell tcn_network_8ch_2layer.$flatten\layer0.$mul$tcn_8ch_layer_parallel.v:62$3264 ($mul).
Removed top 7 bits (of 16) from port B of cell tcn_network_8ch_2layer.$flatten\layer0.$add$tcn_8ch_layer_parallel.v:57$3261 ($add).
Removed top 7 bits (of 16) from port B of cell tcn_network_8ch_2layer.$flatten\layer0.$add$tcn_8ch_layer_parallel.v:61$3257 ($add).
Removed top 7 bits (of 16) from port B of cell tcn_network_8ch_2layer.$flatten\layer0.$add$tcn_8ch_layer_parallel.v:61$3255 ($add).
Removed top 8 bits (of 16) from port B of cell tcn_network_8ch_2layer.$flatten\layer0.$add$tcn_8ch_layer_parallel.v:61$3253 ($add).
Removed top 8 bits (of 16) from port A of cell tcn_network_8ch_2layer.$flatten\layer0.$mul$tcn_8ch_layer_parallel.v:58$3250 ($neg).
Removed top 8 bits (of 16) from port B of cell tcn_network_8ch_2layer.$flatten\layer0.$add$tcn_8ch_layer_parallel.v:61$3249 ($add).
Removed top 8 bits (of 16) from port B of cell tcn_network_8ch_2layer.$flatten\layer0.$add$tcn_8ch_layer_parallel.v:61$3245 ($add).
Removed top 8 bits (of 16) from port A of cell tcn_network_8ch_2layer.$flatten\layer0.$mul$tcn_8ch_layer_parallel.v:58$3240 ($mul).
Removed top 5 bits (of 8) from port B of cell tcn_network_8ch_2layer.$flatten\layer0.$mul$tcn_8ch_layer_parallel.v:58$3240 ($mul).
Removed top 5 bits (of 16) from port Y of cell tcn_network_8ch_2layer.$flatten\layer0.$mul$tcn_8ch_layer_parallel.v:58$3240 ($mul).
Removed top 5 bits (of 8) from port B of cell tcn_network_8ch_2layer.$flatten\layer0.$mul$tcn_8ch_layer_parallel.v:62$3236 ($mul).
Removed top 5 bits (of 16) from port Y of cell tcn_network_8ch_2layer.$flatten\layer0.$mul$tcn_8ch_layer_parallel.v:62$3236 ($mul).
Removed top 7 bits (of 16) from port A of cell tcn_network_8ch_2layer.$flatten\layer0.$add$tcn_8ch_layer_parallel.v:61$3233 ($add).
Removed top 7 bits (of 16) from port B of cell tcn_network_8ch_2layer.$flatten\layer0.$add$tcn_8ch_layer_parallel.v:61$3233 ($add).
Removed top 6 bits (of 16) from port Y of cell tcn_network_8ch_2layer.$flatten\layer0.$add$tcn_8ch_layer_parallel.v:61$3233 ($add).
Removed top 7 bits (of 16) from port B of cell tcn_network_8ch_2layer.$flatten\layer0.$add$tcn_8ch_layer_parallel.v:61$3229 ($add).
Removed top 8 bits (of 16) from port B of cell tcn_network_8ch_2layer.$flatten\layer0.$add$tcn_8ch_layer_parallel.v:61$3227 ($add).
Removed top 8 bits (of 16) from port B of cell tcn_network_8ch_2layer.$flatten\layer0.$add$tcn_8ch_layer_parallel.v:61$3223 ($add).
Removed top 8 bits (of 16) from port B of cell tcn_network_8ch_2layer.$flatten\layer0.$add$tcn_8ch_layer_parallel.v:61$3219 ($add).
Removed top 5 bits (of 8) from port B of cell tcn_network_8ch_2layer.$flatten\layer0.$mul$tcn_8ch_layer_parallel.v:62$3214 ($mul).
Removed top 5 bits (of 16) from port Y of cell tcn_network_8ch_2layer.$flatten\layer0.$mul$tcn_8ch_layer_parallel.v:62$3214 ($mul).
Removed top 7 bits (of 16) from port B of cell tcn_network_8ch_2layer.$flatten\layer0.$add$tcn_8ch_layer_parallel.v:57$3211 ($add).
Removed top 7 bits (of 16) from port B of cell tcn_network_8ch_2layer.$flatten\layer0.$add$tcn_8ch_layer_parallel.v:61$3207 ($add).
Removed top 7 bits (of 16) from port B of cell tcn_network_8ch_2layer.$flatten\layer0.$add$tcn_8ch_layer_parallel.v:61$3205 ($add).
Removed top 8 bits (of 16) from port B of cell tcn_network_8ch_2layer.$flatten\layer0.$add$tcn_8ch_layer_parallel.v:61$3203 ($add).
Removed top 8 bits (of 16) from port A of cell tcn_network_8ch_2layer.$flatten\layer0.$mul$tcn_8ch_layer_parallel.v:58$3200 ($neg).
Removed top 8 bits (of 16) from port B of cell tcn_network_8ch_2layer.$flatten\layer0.$add$tcn_8ch_layer_parallel.v:61$3199 ($add).
Removed top 8 bits (of 16) from port B of cell tcn_network_8ch_2layer.$flatten\layer0.$add$tcn_8ch_layer_parallel.v:61$3195 ($add).
Removed top 8 bits (of 16) from port A of cell tcn_network_8ch_2layer.$flatten\layer0.$mul$tcn_8ch_layer_parallel.v:58$3190 ($mul).
Removed top 5 bits (of 8) from port B of cell tcn_network_8ch_2layer.$flatten\layer0.$mul$tcn_8ch_layer_parallel.v:58$3190 ($mul).
Removed top 5 bits (of 16) from port Y of cell tcn_network_8ch_2layer.$flatten\layer0.$mul$tcn_8ch_layer_parallel.v:58$3190 ($mul).
Removed top 5 bits (of 8) from port B of cell tcn_network_8ch_2layer.$flatten\layer0.$mul$tcn_8ch_layer_parallel.v:62$3186 ($mul).
Removed top 5 bits (of 16) from port Y of cell tcn_network_8ch_2layer.$flatten\layer0.$mul$tcn_8ch_layer_parallel.v:62$3186 ($mul).
Removed top 7 bits (of 16) from port B of cell tcn_network_8ch_2layer.$flatten\layer0.$add$tcn_8ch_layer_parallel.v:61$3183 ($add).
Removed top 7 bits (of 16) from port B of cell tcn_network_8ch_2layer.$flatten\layer0.$add$tcn_8ch_layer_parallel.v:57$3181 ($add).
Removed top 7 bits (of 16) from port B of cell tcn_network_8ch_2layer.$flatten\layer0.$add$tcn_8ch_layer_parallel.v:61$3179 ($add).
Removed top 7 bits (of 16) from port B of cell tcn_network_8ch_2layer.$flatten\layer0.$add$tcn_8ch_layer_parallel.v:61$3177 ($add).
Removed top 8 bits (of 16) from port B of cell tcn_network_8ch_2layer.$flatten\layer0.$add$tcn_8ch_layer_parallel.v:61$3175 ($add).
Removed top 8 bits (of 16) from port B of cell tcn_network_8ch_2layer.$flatten\layer0.$add$tcn_8ch_layer_parallel.v:57$3171 ($add).
Removed top 8 bits (of 16) from port B of cell tcn_network_8ch_2layer.$flatten\layer0.$add$tcn_8ch_layer_parallel.v:61$3167 ($add).
Removed top 5 bits (of 8) from port B of cell tcn_network_8ch_2layer.$flatten\layer0.$mul$tcn_8ch_layer_parallel.v:62$3162 ($mul).
Removed top 5 bits (of 16) from port Y of cell tcn_network_8ch_2layer.$flatten\layer0.$mul$tcn_8ch_layer_parallel.v:62$3162 ($mul).
Removed top 8 bits (of 16) from port A of cell tcn_network_8ch_2layer.$flatten\layer0.$mul$tcn_8ch_layer_parallel.v:58$3160 ($neg).
Removed top 5 bits (of 8) from port B of cell tcn_network_8ch_2layer.$flatten\layer0.$mul$tcn_8ch_layer_parallel.v:62$3158 ($mul).
Removed top 5 bits (of 16) from port Y of cell tcn_network_8ch_2layer.$flatten\layer0.$mul$tcn_8ch_layer_parallel.v:62$3158 ($mul).
Removed top 7 bits (of 16) from port B of cell tcn_network_8ch_2layer.$flatten\layer0.$add$tcn_8ch_layer_parallel.v:61$3155 ($add).
Removed top 8 bits (of 16) from port A of cell tcn_network_8ch_2layer.$flatten\layer0.$add$tcn_8ch_layer_parallel.v:61$3153 ($add).
Removed top 7 bits (of 16) from port B of cell tcn_network_8ch_2layer.$flatten\layer0.$add$tcn_8ch_layer_parallel.v:61$3153 ($add).
Removed top 6 bits (of 16) from port Y of cell tcn_network_8ch_2layer.$flatten\layer0.$add$tcn_8ch_layer_parallel.v:61$3153 ($add).
Removed top 8 bits (of 16) from port B of cell tcn_network_8ch_2layer.$flatten\layer0.$add$tcn_8ch_layer_parallel.v:61$3149 ($add).
Removed top 8 bits (of 16) from port B of cell tcn_network_8ch_2layer.$flatten\layer0.$add$tcn_8ch_layer_parallel.v:61$3145 ($add).
Removed top 8 bits (of 16) from port A of cell tcn_network_8ch_2layer.$flatten\layer0.$mul$tcn_8ch_layer_parallel.v:58$3140 ($mul).
Removed top 5 bits (of 8) from port B of cell tcn_network_8ch_2layer.$flatten\layer0.$mul$tcn_8ch_layer_parallel.v:58$3140 ($mul).
Removed top 5 bits (of 16) from port Y of cell tcn_network_8ch_2layer.$flatten\layer0.$mul$tcn_8ch_layer_parallel.v:58$3140 ($mul).
Removed top 5 bits (of 8) from port B of cell tcn_network_8ch_2layer.$flatten\layer0.$mul$tcn_8ch_layer_parallel.v:62$3136 ($mul).
Removed top 5 bits (of 16) from port Y of cell tcn_network_8ch_2layer.$flatten\layer0.$mul$tcn_8ch_layer_parallel.v:62$3136 ($mul).
Removed top 7 bits (of 16) from port B of cell tcn_network_8ch_2layer.$flatten\layer0.$add$tcn_8ch_layer_parallel.v:61$3133 ($add).
Removed top 7 bits (of 16) from port B of cell tcn_network_8ch_2layer.$flatten\layer0.$add$tcn_8ch_layer_parallel.v:57$3131 ($add).
Removed top 7 bits (of 16) from port B of cell tcn_network_8ch_2layer.$flatten\layer0.$add$tcn_8ch_layer_parallel.v:61$3129 ($add).
Removed top 7 bits (of 16) from port B of cell tcn_network_8ch_2layer.$flatten\layer0.$add$tcn_8ch_layer_parallel.v:61$3127 ($add).
Removed top 8 bits (of 16) from port B of cell tcn_network_8ch_2layer.$flatten\layer0.$add$tcn_8ch_layer_parallel.v:61$3125 ($add).
Removed top 8 bits (of 16) from port B of cell tcn_network_8ch_2layer.$flatten\layer0.$add$tcn_8ch_layer_parallel.v:57$3121 ($add).
Removed top 8 bits (of 16) from port B of cell tcn_network_8ch_2layer.$flatten\layer0.$add$tcn_8ch_layer_parallel.v:61$3117 ($add).
Removed top 5 bits (of 8) from port B of cell tcn_network_8ch_2layer.$flatten\layer0.$mul$tcn_8ch_layer_parallel.v:62$3112 ($mul).
Removed top 5 bits (of 16) from port Y of cell tcn_network_8ch_2layer.$flatten\layer0.$mul$tcn_8ch_layer_parallel.v:62$3112 ($mul).
Removed top 8 bits (of 16) from port A of cell tcn_network_8ch_2layer.$flatten\layer0.$mul$tcn_8ch_layer_parallel.v:58$3110 ($neg).
Removed top 5 bits (of 8) from port B of cell tcn_network_8ch_2layer.$flatten\layer0.$mul$tcn_8ch_layer_parallel.v:62$3108 ($mul).
Removed top 5 bits (of 16) from port Y of cell tcn_network_8ch_2layer.$flatten\layer0.$mul$tcn_8ch_layer_parallel.v:62$3108 ($mul).
Removed top 7 bits (of 16) from port B of cell tcn_network_8ch_2layer.$flatten\layer0.$add$tcn_8ch_layer_parallel.v:61$3105 ($add).
Removed top 7 bits (of 16) from port B of cell tcn_network_8ch_2layer.$flatten\layer0.$add$tcn_8ch_layer_parallel.v:61$3103 ($add).
Removed top 8 bits (of 16) from port B of cell tcn_network_8ch_2layer.$flatten\layer0.$add$tcn_8ch_layer_parallel.v:57$3101 ($add).
Removed top 7 bits (of 16) from port B of cell tcn_network_8ch_2layer.$flatten\layer0.$add$tcn_8ch_layer_parallel.v:61$3099 ($add).
Removed top 8 bits (of 16) from port B of cell tcn_network_8ch_2layer.$flatten\layer0.$add$tcn_8ch_layer_parallel.v:61$3097 ($add).
Removed top 8 bits (of 16) from port B of cell tcn_network_8ch_2layer.$flatten\layer0.$add$tcn_8ch_layer_parallel.v:61$3093 ($add).
Removed top 8 bits (of 16) from port B of cell tcn_network_8ch_2layer.$flatten\layer0.$add$tcn_8ch_layer_parallel.v:61$3089 ($add).
Removed top 5 bits (of 8) from port B of cell tcn_network_8ch_2layer.$flatten\layer0.$mul$tcn_8ch_layer_parallel.v:62$3084 ($mul).
Removed top 5 bits (of 16) from port Y of cell tcn_network_8ch_2layer.$flatten\layer0.$mul$tcn_8ch_layer_parallel.v:62$3084 ($mul).
Removed top 7 bits (of 16) from port B of cell tcn_network_8ch_2layer.$flatten\layer0.$add$tcn_8ch_layer_parallel.v:57$3081 ($add).
Removed top 7 bits (of 16) from port B of cell tcn_network_8ch_2layer.$flatten\layer0.$add$tcn_8ch_layer_parallel.v:61$3077 ($add).
Removed top 7 bits (of 16) from port B of cell tcn_network_8ch_2layer.$flatten\layer0.$add$tcn_8ch_layer_parallel.v:61$3075 ($add).
Removed top 8 bits (of 16) from port B of cell tcn_network_8ch_2layer.$flatten\layer0.$add$tcn_8ch_layer_parallel.v:61$3073 ($add).
Removed top 8 bits (of 16) from port A of cell tcn_network_8ch_2layer.$flatten\layer0.$mul$tcn_8ch_layer_parallel.v:58$3070 ($neg).
Removed top 8 bits (of 16) from port B of cell tcn_network_8ch_2layer.$flatten\layer0.$add$tcn_8ch_layer_parallel.v:61$3067 ($add).
Removed top 5 bits (of 8) from port B of cell tcn_network_8ch_2layer.$flatten\layer0.$mul$tcn_8ch_layer_parallel.v:62$3062 ($mul).
Removed top 5 bits (of 16) from port Y of cell tcn_network_8ch_2layer.$flatten\layer0.$mul$tcn_8ch_layer_parallel.v:62$3062 ($mul).
Removed top 8 bits (of 16) from port A of cell tcn_network_8ch_2layer.$flatten\layer0.$mul$tcn_8ch_layer_parallel.v:58$3060 ($neg).
Removed top 5 bits (of 8) from port B of cell tcn_network_8ch_2layer.$flatten\layer0.$mul$tcn_8ch_layer_parallel.v:62$3058 ($mul).
Removed top 5 bits (of 16) from port Y of cell tcn_network_8ch_2layer.$flatten\layer0.$mul$tcn_8ch_layer_parallel.v:62$3058 ($mul).
Removed top 7 bits (of 16) from port B of cell tcn_network_8ch_2layer.$flatten\layer0.$add$tcn_8ch_layer_parallel.v:61$3055 ($add).
Removed top 7 bits (of 16) from port B of cell tcn_network_8ch_2layer.$flatten\layer0.$add$tcn_8ch_layer_parallel.v:61$3053 ($add).
Removed top 8 bits (of 16) from port B of cell tcn_network_8ch_2layer.$flatten\layer0.$add$tcn_8ch_layer_parallel.v:57$3051 ($add).
Removed top 7 bits (of 16) from port B of cell tcn_network_8ch_2layer.$flatten\layer0.$add$tcn_8ch_layer_parallel.v:61$3049 ($add).
Removed top 8 bits (of 16) from port B of cell tcn_network_8ch_2layer.$flatten\layer0.$add$tcn_8ch_layer_parallel.v:61$3047 ($add).
Removed top 8 bits (of 16) from port B of cell tcn_network_8ch_2layer.$flatten\layer0.$add$tcn_8ch_layer_parallel.v:61$3043 ($add).
Removed top 8 bits (of 16) from port B of cell tcn_network_8ch_2layer.$flatten\layer0.$add$tcn_8ch_layer_parallel.v:61$3039 ($add).
Removed top 5 bits (of 8) from port B of cell tcn_network_8ch_2layer.$flatten\layer0.$mul$tcn_8ch_layer_parallel.v:62$3034 ($mul).
Removed top 5 bits (of 16) from port Y of cell tcn_network_8ch_2layer.$flatten\layer0.$mul$tcn_8ch_layer_parallel.v:62$3034 ($mul).
Removed top 7 bits (of 16) from port B of cell tcn_network_8ch_2layer.$flatten\layer0.$add$tcn_8ch_layer_parallel.v:57$3031 ($add).
Removed top 7 bits (of 16) from port B of cell tcn_network_8ch_2layer.$flatten\layer0.$add$tcn_8ch_layer_parallel.v:61$3027 ($add).
Removed top 7 bits (of 16) from port B of cell tcn_network_8ch_2layer.$flatten\layer0.$add$tcn_8ch_layer_parallel.v:61$3025 ($add).
Removed top 8 bits (of 16) from port B of cell tcn_network_8ch_2layer.$flatten\layer0.$add$tcn_8ch_layer_parallel.v:61$3023 ($add).
Removed top 8 bits (of 16) from port A of cell tcn_network_8ch_2layer.$flatten\layer0.$mul$tcn_8ch_layer_parallel.v:58$3020 ($neg).
Removed top 8 bits (of 16) from port B of cell tcn_network_8ch_2layer.$flatten\layer0.$add$tcn_8ch_layer_parallel.v:61$3019 ($add).
Removed top 8 bits (of 16) from port B of cell tcn_network_8ch_2layer.$flatten\layer0.$add$tcn_8ch_layer_parallel.v:61$3015 ($add).
Removed top 8 bits (of 16) from port A of cell tcn_network_8ch_2layer.$flatten\layer0.$mul$tcn_8ch_layer_parallel.v:58$3010 ($mul).
Removed top 5 bits (of 8) from port B of cell tcn_network_8ch_2layer.$flatten\layer0.$mul$tcn_8ch_layer_parallel.v:58$3010 ($mul).
Removed top 5 bits (of 16) from port Y of cell tcn_network_8ch_2layer.$flatten\layer0.$mul$tcn_8ch_layer_parallel.v:58$3010 ($mul).
Removed top 5 bits (of 8) from port B of cell tcn_network_8ch_2layer.$flatten\layer0.$mul$tcn_8ch_layer_parallel.v:62$3006 ($mul).
Removed top 5 bits (of 16) from port Y of cell tcn_network_8ch_2layer.$flatten\layer0.$mul$tcn_8ch_layer_parallel.v:62$3006 ($mul).
Removed top 7 bits (of 16) from port B of cell tcn_network_8ch_2layer.$flatten\layer0.$add$tcn_8ch_layer_parallel.v:61$3003 ($add).
Removed top 7 bits (of 16) from port B of cell tcn_network_8ch_2layer.$flatten\layer0.$add$tcn_8ch_layer_parallel.v:57$3001 ($add).
Removed top 7 bits (of 16) from port B of cell tcn_network_8ch_2layer.$flatten\layer0.$add$tcn_8ch_layer_parallel.v:61$2999 ($add).
Removed top 7 bits (of 16) from port B of cell tcn_network_8ch_2layer.$flatten\layer0.$add$tcn_8ch_layer_parallel.v:61$2997 ($add).
Removed top 8 bits (of 16) from port B of cell tcn_network_8ch_2layer.$flatten\layer0.$add$tcn_8ch_layer_parallel.v:61$2995 ($add).
Removed top 8 bits (of 16) from port A of cell tcn_network_8ch_2layer.$flatten\layer0.$add$tcn_8ch_layer_parallel.v:61$2993 ($add).
Removed top 8 bits (of 16) from port B of cell tcn_network_8ch_2layer.$flatten\layer0.$add$tcn_8ch_layer_parallel.v:61$2989 ($add).
Removed top 5 bits (of 8) from port B of cell tcn_network_8ch_2layer.$flatten\layer0.$mul$tcn_8ch_layer_parallel.v:62$2984 ($mul).
Removed top 5 bits (of 16) from port Y of cell tcn_network_8ch_2layer.$flatten\layer0.$mul$tcn_8ch_layer_parallel.v:62$2984 ($mul).
Removed top 7 bits (of 16) from port B of cell tcn_network_8ch_2layer.$flatten\layer0.$add$tcn_8ch_layer_parallel.v:57$2981 ($add).
Removed top 7 bits (of 16) from port B of cell tcn_network_8ch_2layer.$flatten\layer0.$add$tcn_8ch_layer_parallel.v:61$2977 ($add).
Removed top 7 bits (of 16) from port B of cell tcn_network_8ch_2layer.$flatten\layer0.$add$tcn_8ch_layer_parallel.v:61$2975 ($add).
Removed top 8 bits (of 16) from port B of cell tcn_network_8ch_2layer.$flatten\layer0.$add$tcn_8ch_layer_parallel.v:61$2973 ($add).
Removed top 8 bits (of 16) from port A of cell tcn_network_8ch_2layer.$flatten\layer0.$mul$tcn_8ch_layer_parallel.v:58$2970 ($neg).
Removed top 8 bits (of 16) from port B of cell tcn_network_8ch_2layer.$flatten\layer0.$add$tcn_8ch_layer_parallel.v:61$2969 ($add).
Removed top 8 bits (of 16) from port B of cell tcn_network_8ch_2layer.$flatten\layer0.$add$tcn_8ch_layer_parallel.v:61$2965 ($add).
Removed top 8 bits (of 16) from port A of cell tcn_network_8ch_2layer.$flatten\layer0.$mul$tcn_8ch_layer_parallel.v:58$2960 ($mul).
Removed top 5 bits (of 8) from port B of cell tcn_network_8ch_2layer.$flatten\layer0.$mul$tcn_8ch_layer_parallel.v:58$2960 ($mul).
Removed top 5 bits (of 16) from port Y of cell tcn_network_8ch_2layer.$flatten\layer0.$mul$tcn_8ch_layer_parallel.v:58$2960 ($mul).
Removed top 5 bits (of 8) from port B of cell tcn_network_8ch_2layer.$flatten\layer0.$mul$tcn_8ch_layer_parallel.v:62$2956 ($mul).
Removed top 5 bits (of 16) from port Y of cell tcn_network_8ch_2layer.$flatten\layer0.$mul$tcn_8ch_layer_parallel.v:62$2956 ($mul).
Removed top 7 bits (of 16) from port B of cell tcn_network_8ch_2layer.$flatten\layer0.$add$tcn_8ch_layer_parallel.v:61$2953 ($add).
Removed top 7 bits (of 16) from port B of cell tcn_network_8ch_2layer.$flatten\layer0.$add$tcn_8ch_layer_parallel.v:57$2951 ($add).
Removed top 7 bits (of 16) from port B of cell tcn_network_8ch_2layer.$flatten\layer0.$add$tcn_8ch_layer_parallel.v:61$2949 ($add).
Removed top 7 bits (of 16) from port B of cell tcn_network_8ch_2layer.$flatten\layer0.$add$tcn_8ch_layer_parallel.v:61$2947 ($add).
Removed top 8 bits (of 16) from port B of cell tcn_network_8ch_2layer.$flatten\layer0.$add$tcn_8ch_layer_parallel.v:61$2945 ($add).
Removed top 8 bits (of 16) from port B of cell tcn_network_8ch_2layer.$flatten\layer0.$add$tcn_8ch_layer_parallel.v:57$2941 ($add).
Removed top 8 bits (of 16) from port B of cell tcn_network_8ch_2layer.$flatten\layer0.$add$tcn_8ch_layer_parallel.v:61$2937 ($add).
Removed top 5 bits (of 8) from port B of cell tcn_network_8ch_2layer.$flatten\layer0.$mul$tcn_8ch_layer_parallel.v:62$2932 ($mul).
Removed top 5 bits (of 16) from port Y of cell tcn_network_8ch_2layer.$flatten\layer0.$mul$tcn_8ch_layer_parallel.v:62$2932 ($mul).
Removed top 8 bits (of 16) from port A of cell tcn_network_8ch_2layer.$flatten\layer0.$mul$tcn_8ch_layer_parallel.v:58$2930 ($neg).
Removed top 5 bits (of 8) from port B of cell tcn_network_8ch_2layer.$flatten\layer0.$mul$tcn_8ch_layer_parallel.v:62$2928 ($mul).
Removed top 5 bits (of 16) from port Y of cell tcn_network_8ch_2layer.$flatten\layer0.$mul$tcn_8ch_layer_parallel.v:62$2928 ($mul).
Removed top 7 bits (of 16) from port B of cell tcn_network_8ch_2layer.$flatten\layer0.$add$tcn_8ch_layer_parallel.v:61$2925 ($add).
Removed top 7 bits (of 16) from port B of cell tcn_network_8ch_2layer.$flatten\layer0.$add$tcn_8ch_layer_parallel.v:61$2923 ($add).
Removed top 8 bits (of 16) from port B of cell tcn_network_8ch_2layer.$flatten\layer0.$add$tcn_8ch_layer_parallel.v:57$2921 ($add).
Removed top 7 bits (of 16) from port B of cell tcn_network_8ch_2layer.$flatten\layer0.$add$tcn_8ch_layer_parallel.v:61$2919 ($add).
Removed top 8 bits (of 16) from port B of cell tcn_network_8ch_2layer.$flatten\layer0.$add$tcn_8ch_layer_parallel.v:61$2917 ($add).
Removed top 8 bits (of 16) from port A of cell tcn_network_8ch_2layer.$flatten\layer0.$add$tcn_8ch_layer_parallel.v:61$2915 ($add).
Removed top 5 bits (of 8) from port B of cell tcn_network_8ch_2layer.$flatten\layer0.$mul$tcn_8ch_layer_parallel.v:62$2906 ($mul).
Removed top 5 bits (of 16) from port Y of cell tcn_network_8ch_2layer.$flatten\layer0.$mul$tcn_8ch_layer_parallel.v:62$2906 ($mul).
Removed top 7 bits (of 16) from port B of cell tcn_network_8ch_2layer.$flatten\layer0.$add$tcn_8ch_layer_parallel.v:61$2903 ($add).
Removed top 7 bits (of 16) from port B of cell tcn_network_8ch_2layer.$flatten\layer0.$add$tcn_8ch_layer_parallel.v:57$2901 ($add).
Removed top 7 bits (of 16) from port B of cell tcn_network_8ch_2layer.$flatten\layer0.$add$tcn_8ch_layer_parallel.v:61$2899 ($add).
Removed top 7 bits (of 16) from port B of cell tcn_network_8ch_2layer.$flatten\layer0.$add$tcn_8ch_layer_parallel.v:61$2897 ($add).
Removed top 8 bits (of 16) from port B of cell tcn_network_8ch_2layer.$flatten\layer0.$add$tcn_8ch_layer_parallel.v:61$2895 ($add).
Removed top 8 bits (of 16) from port B of cell tcn_network_8ch_2layer.$flatten\layer0.$add$tcn_8ch_layer_parallel.v:57$2891 ($add).
Removed top 8 bits (of 16) from port B of cell tcn_network_8ch_2layer.$flatten\layer0.$add$tcn_8ch_layer_parallel.v:61$2887 ($add).
Removed top 5 bits (of 8) from port B of cell tcn_network_8ch_2layer.$flatten\layer0.$mul$tcn_8ch_layer_parallel.v:62$2882 ($mul).
Removed top 5 bits (of 16) from port Y of cell tcn_network_8ch_2layer.$flatten\layer0.$mul$tcn_8ch_layer_parallel.v:62$2882 ($mul).
Removed top 8 bits (of 16) from port A of cell tcn_network_8ch_2layer.$flatten\layer0.$mul$tcn_8ch_layer_parallel.v:58$2880 ($neg).
Removed top 5 bits (of 8) from port B of cell tcn_network_8ch_2layer.$flatten\layer0.$mul$tcn_8ch_layer_parallel.v:62$2878 ($mul).
Removed top 5 bits (of 16) from port Y of cell tcn_network_8ch_2layer.$flatten\layer0.$mul$tcn_8ch_layer_parallel.v:62$2878 ($mul).
Removed top 7 bits (of 16) from port B of cell tcn_network_8ch_2layer.$flatten\layer0.$add$tcn_8ch_layer_parallel.v:61$2875 ($add).
Removed top 7 bits (of 16) from port B of cell tcn_network_8ch_2layer.$flatten\layer0.$add$tcn_8ch_layer_parallel.v:61$2873 ($add).
Removed top 8 bits (of 16) from port B of cell tcn_network_8ch_2layer.$flatten\layer0.$add$tcn_8ch_layer_parallel.v:57$2871 ($add).
Removed top 7 bits (of 16) from port B of cell tcn_network_8ch_2layer.$flatten\layer0.$add$tcn_8ch_layer_parallel.v:61$2869 ($add).
Removed top 8 bits (of 16) from port B of cell tcn_network_8ch_2layer.$flatten\layer0.$add$tcn_8ch_layer_parallel.v:61$2867 ($add).
Removed top 8 bits (of 16) from port B of cell tcn_network_8ch_2layer.$flatten\layer0.$add$tcn_8ch_layer_parallel.v:61$2863 ($add).
Removed top 8 bits (of 16) from port B of cell tcn_network_8ch_2layer.$flatten\layer0.$add$tcn_8ch_layer_parallel.v:61$2859 ($add).
Removed top 5 bits (of 8) from port B of cell tcn_network_8ch_2layer.$flatten\layer0.$mul$tcn_8ch_layer_parallel.v:62$2854 ($mul).
Removed top 5 bits (of 16) from port Y of cell tcn_network_8ch_2layer.$flatten\layer0.$mul$tcn_8ch_layer_parallel.v:62$2854 ($mul).
Removed top 7 bits (of 16) from port B of cell tcn_network_8ch_2layer.$flatten\layer0.$add$tcn_8ch_layer_parallel.v:57$2851 ($add).
Removed top 7 bits (of 16) from port B of cell tcn_network_8ch_2layer.$flatten\layer0.$add$tcn_8ch_layer_parallel.v:61$2847 ($add).
Removed top 7 bits (of 16) from port B of cell tcn_network_8ch_2layer.$flatten\layer0.$add$tcn_8ch_layer_parallel.v:61$2845 ($add).
Removed top 8 bits (of 16) from port B of cell tcn_network_8ch_2layer.$flatten\layer0.$add$tcn_8ch_layer_parallel.v:61$2843 ($add).
Removed top 8 bits (of 16) from port A of cell tcn_network_8ch_2layer.$flatten\layer0.$mul$tcn_8ch_layer_parallel.v:58$2840 ($neg).
Removed top 8 bits (of 16) from port B of cell tcn_network_8ch_2layer.$flatten\layer0.$add$tcn_8ch_layer_parallel.v:61$2839 ($add).
Removed top 8 bits (of 16) from port B of cell tcn_network_8ch_2layer.$flatten\layer0.$add$tcn_8ch_layer_parallel.v:61$2835 ($add).
Removed top 8 bits (of 16) from port A of cell tcn_network_8ch_2layer.$flatten\layer0.$mul$tcn_8ch_layer_parallel.v:58$2830 ($mul).
Removed top 5 bits (of 8) from port B of cell tcn_network_8ch_2layer.$flatten\layer0.$mul$tcn_8ch_layer_parallel.v:58$2830 ($mul).
Removed top 5 bits (of 16) from port Y of cell tcn_network_8ch_2layer.$flatten\layer0.$mul$tcn_8ch_layer_parallel.v:58$2830 ($mul).
Removed top 5 bits (of 8) from port B of cell tcn_network_8ch_2layer.$flatten\layer0.$mul$tcn_8ch_layer_parallel.v:62$2828 ($mul).
Removed top 5 bits (of 16) from port Y of cell tcn_network_8ch_2layer.$flatten\layer0.$mul$tcn_8ch_layer_parallel.v:62$2828 ($mul).
Removed top 7 bits (of 16) from port B of cell tcn_network_8ch_2layer.$flatten\layer0.$add$tcn_8ch_layer_parallel.v:61$2825 ($add).
Removed top 7 bits (of 16) from port B of cell tcn_network_8ch_2layer.$flatten\layer0.$add$tcn_8ch_layer_parallel.v:61$2823 ($add).
Removed top 8 bits (of 16) from port B of cell tcn_network_8ch_2layer.$flatten\layer0.$add$tcn_8ch_layer_parallel.v:57$2821 ($add).
Removed top 7 bits (of 16) from port B of cell tcn_network_8ch_2layer.$flatten\layer0.$add$tcn_8ch_layer_parallel.v:61$2819 ($add).
Removed top 8 bits (of 16) from port B of cell tcn_network_8ch_2layer.$flatten\layer0.$add$tcn_8ch_layer_parallel.v:61$2817 ($add).
Removed top 8 bits (of 16) from port B of cell tcn_network_8ch_2layer.$flatten\layer0.$add$tcn_8ch_layer_parallel.v:61$2813 ($add).
Removed top 8 bits (of 16) from port B of cell tcn_network_8ch_2layer.$flatten\layer0.$add$tcn_8ch_layer_parallel.v:61$2809 ($add).
Removed top 5 bits (of 8) from port B of cell tcn_network_8ch_2layer.$flatten\layer0.$mul$tcn_8ch_layer_parallel.v:62$2804 ($mul).
Removed top 5 bits (of 16) from port Y of cell tcn_network_8ch_2layer.$flatten\layer0.$mul$tcn_8ch_layer_parallel.v:62$2804 ($mul).
Removed top 7 bits (of 16) from port B of cell tcn_network_8ch_2layer.$flatten\layer0.$add$tcn_8ch_layer_parallel.v:57$2801 ($add).
Removed top 7 bits (of 16) from port B of cell tcn_network_8ch_2layer.$flatten\layer0.$add$tcn_8ch_layer_parallel.v:61$2797 ($add).
Removed top 7 bits (of 16) from port B of cell tcn_network_8ch_2layer.$flatten\layer0.$add$tcn_8ch_layer_parallel.v:61$2795 ($add).
Removed top 8 bits (of 16) from port B of cell tcn_network_8ch_2layer.$flatten\layer0.$add$tcn_8ch_layer_parallel.v:61$2793 ($add).
Removed top 8 bits (of 16) from port A of cell tcn_network_8ch_2layer.$flatten\layer0.$mul$tcn_8ch_layer_parallel.v:58$2790 ($neg).
Removed top 8 bits (of 16) from port B of cell tcn_network_8ch_2layer.$flatten\layer0.$add$tcn_8ch_layer_parallel.v:61$2789 ($add).
Removed top 8 bits (of 16) from port B of cell tcn_network_8ch_2layer.$flatten\layer0.$add$tcn_8ch_layer_parallel.v:61$2785 ($add).
Removed top 8 bits (of 16) from port A of cell tcn_network_8ch_2layer.$flatten\layer0.$mul$tcn_8ch_layer_parallel.v:58$2780 ($mul).
Removed top 5 bits (of 8) from port B of cell tcn_network_8ch_2layer.$flatten\layer0.$mul$tcn_8ch_layer_parallel.v:58$2780 ($mul).
Removed top 5 bits (of 16) from port Y of cell tcn_network_8ch_2layer.$flatten\layer0.$mul$tcn_8ch_layer_parallel.v:58$2780 ($mul).
Removed top 5 bits (of 8) from port B of cell tcn_network_8ch_2layer.$flatten\layer0.$mul$tcn_8ch_layer_parallel.v:62$2776 ($mul).
Removed top 5 bits (of 16) from port Y of cell tcn_network_8ch_2layer.$flatten\layer0.$mul$tcn_8ch_layer_parallel.v:62$2776 ($mul).
Removed top 7 bits (of 16) from port B of cell tcn_network_8ch_2layer.$flatten\layer0.$add$tcn_8ch_layer_parallel.v:61$2773 ($add).
Removed top 7 bits (of 16) from port B of cell tcn_network_8ch_2layer.$flatten\layer0.$add$tcn_8ch_layer_parallel.v:57$2771 ($add).
Removed top 7 bits (of 16) from port B of cell tcn_network_8ch_2layer.$flatten\layer0.$add$tcn_8ch_layer_parallel.v:61$2769 ($add).
Removed top 7 bits (of 16) from port B of cell tcn_network_8ch_2layer.$flatten\layer0.$add$tcn_8ch_layer_parallel.v:61$2767 ($add).
Removed top 8 bits (of 16) from port B of cell tcn_network_8ch_2layer.$flatten\layer0.$add$tcn_8ch_layer_parallel.v:61$2765 ($add).
Removed top 8 bits (of 16) from port B of cell tcn_network_8ch_2layer.$flatten\layer0.$add$tcn_8ch_layer_parallel.v:57$2761 ($add).
Removed top 8 bits (of 16) from port B of cell tcn_network_8ch_2layer.$flatten\layer0.$add$tcn_8ch_layer_parallel.v:61$2757 ($add).
Removed top 5 bits (of 8) from port B of cell tcn_network_8ch_2layer.$flatten\layer0.$mul$tcn_8ch_layer_parallel.v:62$2752 ($mul).
Removed top 5 bits (of 16) from port Y of cell tcn_network_8ch_2layer.$flatten\layer0.$mul$tcn_8ch_layer_parallel.v:62$2752 ($mul).
Removed top 8 bits (of 16) from port A of cell tcn_network_8ch_2layer.$flatten\layer0.$mul$tcn_8ch_layer_parallel.v:58$2750 ($neg).
Removed top 7 bits (of 16) from port B of cell tcn_network_8ch_2layer.$flatten\layer0.$add$tcn_8ch_layer_parallel.v:61$2747 ($add).
Removed top 7 bits (of 16) from port B of cell tcn_network_8ch_2layer.$flatten\layer0.$add$tcn_8ch_layer_parallel.v:61$2745 ($add).
Removed top 8 bits (of 16) from port B of cell tcn_network_8ch_2layer.$flatten\layer0.$add$tcn_8ch_layer_parallel.v:61$2743 ($add).
Removed top 8 bits (of 16) from port A of cell tcn_network_8ch_2layer.$flatten\layer0.$mul$tcn_8ch_layer_parallel.v:58$2740 ($neg).
Removed top 8 bits (of 16) from port B of cell tcn_network_8ch_2layer.$flatten\layer0.$add$tcn_8ch_layer_parallel.v:61$2739 ($add).
Removed top 8 bits (of 16) from port B of cell tcn_network_8ch_2layer.$flatten\layer0.$add$tcn_8ch_layer_parallel.v:61$2735 ($add).
Removed top 8 bits (of 16) from port A of cell tcn_network_8ch_2layer.$flatten\layer0.$mul$tcn_8ch_layer_parallel.v:58$2730 ($mul).
Removed top 5 bits (of 8) from port B of cell tcn_network_8ch_2layer.$flatten\layer0.$mul$tcn_8ch_layer_parallel.v:58$2730 ($mul).
Removed top 5 bits (of 16) from port Y of cell tcn_network_8ch_2layer.$flatten\layer0.$mul$tcn_8ch_layer_parallel.v:58$2730 ($mul).
Removed top 5 bits (of 8) from port B of cell tcn_network_8ch_2layer.$flatten\layer0.$mul$tcn_8ch_layer_parallel.v:62$2726 ($mul).
Removed top 5 bits (of 16) from port Y of cell tcn_network_8ch_2layer.$flatten\layer0.$mul$tcn_8ch_layer_parallel.v:62$2726 ($mul).
Removed top 7 bits (of 16) from port B of cell tcn_network_8ch_2layer.$flatten\layer0.$add$tcn_8ch_layer_parallel.v:61$2723 ($add).
Removed top 7 bits (of 16) from port B of cell tcn_network_8ch_2layer.$flatten\layer0.$add$tcn_8ch_layer_parallel.v:57$2721 ($add).
Removed top 7 bits (of 16) from port B of cell tcn_network_8ch_2layer.$flatten\layer0.$add$tcn_8ch_layer_parallel.v:61$2719 ($add).
Removed top 7 bits (of 16) from port B of cell tcn_network_8ch_2layer.$flatten\layer0.$add$tcn_8ch_layer_parallel.v:61$2717 ($add).
Removed top 8 bits (of 16) from port B of cell tcn_network_8ch_2layer.$flatten\layer0.$add$tcn_8ch_layer_parallel.v:61$2715 ($add).
Removed top 8 bits (of 16) from port B of cell tcn_network_8ch_2layer.$flatten\layer0.$add$tcn_8ch_layer_parallel.v:57$2711 ($add).
Removed top 8 bits (of 16) from port B of cell tcn_network_8ch_2layer.$flatten\layer0.$add$tcn_8ch_layer_parallel.v:61$2707 ($add).
Removed top 5 bits (of 8) from port B of cell tcn_network_8ch_2layer.$flatten\layer0.$mul$tcn_8ch_layer_parallel.v:62$2702 ($mul).
Removed top 5 bits (of 16) from port Y of cell tcn_network_8ch_2layer.$flatten\layer0.$mul$tcn_8ch_layer_parallel.v:62$2702 ($mul).
Removed top 8 bits (of 16) from port A of cell tcn_network_8ch_2layer.$flatten\layer0.$mul$tcn_8ch_layer_parallel.v:58$2700 ($neg).
Removed top 5 bits (of 8) from port B of cell tcn_network_8ch_2layer.$flatten\layer0.$mul$tcn_8ch_layer_parallel.v:62$2698 ($mul).
Removed top 5 bits (of 16) from port Y of cell tcn_network_8ch_2layer.$flatten\layer0.$mul$tcn_8ch_layer_parallel.v:62$2698 ($mul).
Removed top 7 bits (of 16) from port B of cell tcn_network_8ch_2layer.$flatten\layer0.$add$tcn_8ch_layer_parallel.v:61$2695 ($add).
Removed top 7 bits (of 16) from port B of cell tcn_network_8ch_2layer.$flatten\layer0.$add$tcn_8ch_layer_parallel.v:61$2693 ($add).
Removed top 8 bits (of 16) from port B of cell tcn_network_8ch_2layer.$flatten\layer0.$add$tcn_8ch_layer_parallel.v:57$2691 ($add).
Removed top 7 bits (of 16) from port B of cell tcn_network_8ch_2layer.$flatten\layer0.$add$tcn_8ch_layer_parallel.v:61$2689 ($add).
Removed top 8 bits (of 16) from port B of cell tcn_network_8ch_2layer.$flatten\layer0.$add$tcn_8ch_layer_parallel.v:61$2687 ($add).
Removed top 8 bits (of 16) from port B of cell tcn_network_8ch_2layer.$flatten\layer0.$add$tcn_8ch_layer_parallel.v:61$2683 ($add).
Removed top 8 bits (of 16) from port B of cell tcn_network_8ch_2layer.$flatten\layer0.$add$tcn_8ch_layer_parallel.v:61$2679 ($add).
Removed top 5 bits (of 8) from port B of cell tcn_network_8ch_2layer.$flatten\layer0.$mul$tcn_8ch_layer_parallel.v:62$2674 ($mul).
Removed top 5 bits (of 16) from port Y of cell tcn_network_8ch_2layer.$flatten\layer0.$mul$tcn_8ch_layer_parallel.v:62$2674 ($mul).
Removed top 7 bits (of 16) from port A of cell tcn_network_8ch_2layer.$flatten\layer0.$add$tcn_8ch_layer_parallel.v:61$2673 ($add).
Removed top 31 bits (of 32) from port B of cell tcn_network_8ch_2layer.$flatten\layer1.$lt$tcn_8ch_layer_parallel.v:79$2347 ($lt).
Removed top 31 bits (of 32) from port B of cell tcn_network_8ch_2layer.$flatten\layer1.$lt$tcn_8ch_layer_parallel.v:79$2345 ($lt).
Removed top 31 bits (of 32) from port B of cell tcn_network_8ch_2layer.$flatten\layer1.$lt$tcn_8ch_layer_parallel.v:79$2343 ($lt).
Removed top 31 bits (of 32) from port B of cell tcn_network_8ch_2layer.$flatten\layer1.$lt$tcn_8ch_layer_parallel.v:79$2341 ($lt).
Removed top 31 bits (of 32) from port B of cell tcn_network_8ch_2layer.$flatten\layer1.$lt$tcn_8ch_layer_parallel.v:79$2339 ($lt).
Removed top 31 bits (of 32) from port B of cell tcn_network_8ch_2layer.$flatten\layer1.$lt$tcn_8ch_layer_parallel.v:79$2337 ($lt).
Removed top 31 bits (of 32) from port B of cell tcn_network_8ch_2layer.$flatten\layer1.$lt$tcn_8ch_layer_parallel.v:79$2335 ($lt).
Removed top 31 bits (of 32) from port B of cell tcn_network_8ch_2layer.$flatten\layer1.$lt$tcn_8ch_layer_parallel.v:79$2333 ($lt).
Removed top 7 bits (of 16) from port B of cell tcn_network_8ch_2layer.$flatten\layer1.$add$tcn_8ch_layer_parallel.v:61$2329 ($add).
Removed top 7 bits (of 16) from port B of cell tcn_network_8ch_2layer.$flatten\layer1.$add$tcn_8ch_layer_parallel.v:61$2327 ($add).
Removed top 8 bits (of 16) from port B of cell tcn_network_8ch_2layer.$flatten\layer1.$add$tcn_8ch_layer_parallel.v:61$2325 ($add).
Removed top 8 bits (of 16) from port B of cell tcn_network_8ch_2layer.$flatten\layer1.$add$tcn_8ch_layer_parallel.v:57$2321 ($add).
Removed top 8 bits (of 16) from port B of cell tcn_network_8ch_2layer.$flatten\layer1.$add$tcn_8ch_layer_parallel.v:61$2317 ($add).
Removed top 5 bits (of 8) from port B of cell tcn_network_8ch_2layer.$flatten\layer1.$mul$tcn_8ch_layer_parallel.v:62$2312 ($mul).
Removed top 5 bits (of 16) from port Y of cell tcn_network_8ch_2layer.$flatten\layer1.$mul$tcn_8ch_layer_parallel.v:62$2312 ($mul).
Removed top 8 bits (of 16) from port A of cell tcn_network_8ch_2layer.$flatten\layer1.$mul$tcn_8ch_layer_parallel.v:58$2310 ($neg).
Removed top 5 bits (of 8) from port B of cell tcn_network_8ch_2layer.$flatten\layer1.$mul$tcn_8ch_layer_parallel.v:62$2308 ($mul).
Removed top 5 bits (of 16) from port Y of cell tcn_network_8ch_2layer.$flatten\layer1.$mul$tcn_8ch_layer_parallel.v:62$2308 ($mul).
Removed top 7 bits (of 16) from port B of cell tcn_network_8ch_2layer.$flatten\layer1.$add$tcn_8ch_layer_parallel.v:61$2305 ($add).
Removed top 7 bits (of 16) from port B of cell tcn_network_8ch_2layer.$flatten\layer1.$add$tcn_8ch_layer_parallel.v:61$2303 ($add).
Removed top 8 bits (of 16) from port B of cell tcn_network_8ch_2layer.$flatten\layer1.$add$tcn_8ch_layer_parallel.v:57$2301 ($add).
Removed top 7 bits (of 16) from port B of cell tcn_network_8ch_2layer.$flatten\layer1.$add$tcn_8ch_layer_parallel.v:61$2299 ($add).
Removed top 8 bits (of 16) from port B of cell tcn_network_8ch_2layer.$flatten\layer1.$add$tcn_8ch_layer_parallel.v:61$2297 ($add).
Removed top 8 bits (of 16) from port B of cell tcn_network_8ch_2layer.$flatten\layer1.$add$tcn_8ch_layer_parallel.v:61$2293 ($add).
Removed top 8 bits (of 16) from port B of cell tcn_network_8ch_2layer.$flatten\layer1.$add$tcn_8ch_layer_parallel.v:61$2289 ($add).
Removed top 5 bits (of 8) from port B of cell tcn_network_8ch_2layer.$flatten\layer1.$mul$tcn_8ch_layer_parallel.v:62$2284 ($mul).
Removed top 5 bits (of 16) from port Y of cell tcn_network_8ch_2layer.$flatten\layer1.$mul$tcn_8ch_layer_parallel.v:62$2284 ($mul).
Removed top 7 bits (of 16) from port B of cell tcn_network_8ch_2layer.$flatten\layer1.$add$tcn_8ch_layer_parallel.v:57$2281 ($add).
Removed top 7 bits (of 16) from port B of cell tcn_network_8ch_2layer.$flatten\layer1.$add$tcn_8ch_layer_parallel.v:61$2277 ($add).
Removed top 7 bits (of 16) from port B of cell tcn_network_8ch_2layer.$flatten\layer1.$add$tcn_8ch_layer_parallel.v:61$2275 ($add).
Removed top 8 bits (of 16) from port B of cell tcn_network_8ch_2layer.$flatten\layer1.$add$tcn_8ch_layer_parallel.v:61$2273 ($add).
Removed top 8 bits (of 16) from port A of cell tcn_network_8ch_2layer.$flatten\layer1.$mul$tcn_8ch_layer_parallel.v:58$2270 ($neg).
Removed top 8 bits (of 16) from port B of cell tcn_network_8ch_2layer.$flatten\layer1.$add$tcn_8ch_layer_parallel.v:61$2269 ($add).
Removed top 8 bits (of 16) from port B of cell tcn_network_8ch_2layer.$flatten\layer1.$add$tcn_8ch_layer_parallel.v:61$2265 ($add).
Removed top 8 bits (of 16) from port A of cell tcn_network_8ch_2layer.$flatten\layer1.$mul$tcn_8ch_layer_parallel.v:58$2260 ($mul).
Removed top 5 bits (of 8) from port B of cell tcn_network_8ch_2layer.$flatten\layer1.$mul$tcn_8ch_layer_parallel.v:58$2260 ($mul).
Removed top 5 bits (of 16) from port Y of cell tcn_network_8ch_2layer.$flatten\layer1.$mul$tcn_8ch_layer_parallel.v:58$2260 ($mul).
Removed top 5 bits (of 8) from port B of cell tcn_network_8ch_2layer.$flatten\layer1.$mul$tcn_8ch_layer_parallel.v:62$2256 ($mul).
Removed top 5 bits (of 16) from port Y of cell tcn_network_8ch_2layer.$flatten\layer1.$mul$tcn_8ch_layer_parallel.v:62$2256 ($mul).
Removed top 7 bits (of 16) from port A of cell tcn_network_8ch_2layer.$flatten\layer1.$add$tcn_8ch_layer_parallel.v:61$2253 ($add).
Removed top 7 bits (of 16) from port B of cell tcn_network_8ch_2layer.$flatten\layer1.$add$tcn_8ch_layer_parallel.v:61$2253 ($add).
Removed top 6 bits (of 16) from port Y of cell tcn_network_8ch_2layer.$flatten\layer1.$add$tcn_8ch_layer_parallel.v:61$2253 ($add).
Removed top 7 bits (of 16) from port B of cell tcn_network_8ch_2layer.$flatten\layer1.$add$tcn_8ch_layer_parallel.v:61$2249 ($add).
Removed top 8 bits (of 16) from port B of cell tcn_network_8ch_2layer.$flatten\layer1.$add$tcn_8ch_layer_parallel.v:61$2247 ($add).
Removed top 8 bits (of 16) from port B of cell tcn_network_8ch_2layer.$flatten\layer1.$add$tcn_8ch_layer_parallel.v:61$2243 ($add).
Removed top 8 bits (of 16) from port B of cell tcn_network_8ch_2layer.$flatten\layer1.$add$tcn_8ch_layer_parallel.v:61$2239 ($add).
Removed top 5 bits (of 8) from port B of cell tcn_network_8ch_2layer.$flatten\layer1.$mul$tcn_8ch_layer_parallel.v:62$2234 ($mul).
Removed top 5 bits (of 16) from port Y of cell tcn_network_8ch_2layer.$flatten\layer1.$mul$tcn_8ch_layer_parallel.v:62$2234 ($mul).
Removed top 7 bits (of 16) from port B of cell tcn_network_8ch_2layer.$flatten\layer1.$add$tcn_8ch_layer_parallel.v:57$2231 ($add).
Removed top 7 bits (of 16) from port B of cell tcn_network_8ch_2layer.$flatten\layer1.$add$tcn_8ch_layer_parallel.v:61$2227 ($add).
Removed top 7 bits (of 16) from port B of cell tcn_network_8ch_2layer.$flatten\layer1.$add$tcn_8ch_layer_parallel.v:61$2225 ($add).
Removed top 8 bits (of 16) from port B of cell tcn_network_8ch_2layer.$flatten\layer1.$add$tcn_8ch_layer_parallel.v:61$2223 ($add).
Removed top 8 bits (of 16) from port A of cell tcn_network_8ch_2layer.$flatten\layer1.$mul$tcn_8ch_layer_parallel.v:58$2220 ($neg).
Removed top 8 bits (of 16) from port B of cell tcn_network_8ch_2layer.$flatten\layer1.$add$tcn_8ch_layer_parallel.v:61$2219 ($add).
Removed top 8 bits (of 16) from port B of cell tcn_network_8ch_2layer.$flatten\layer1.$add$tcn_8ch_layer_parallel.v:61$2215 ($add).
Removed top 8 bits (of 16) from port A of cell tcn_network_8ch_2layer.$flatten\layer1.$mul$tcn_8ch_layer_parallel.v:58$2210 ($mul).
Removed top 5 bits (of 8) from port B of cell tcn_network_8ch_2layer.$flatten\layer1.$mul$tcn_8ch_layer_parallel.v:58$2210 ($mul).
Removed top 5 bits (of 16) from port Y of cell tcn_network_8ch_2layer.$flatten\layer1.$mul$tcn_8ch_layer_parallel.v:58$2210 ($mul).
Removed top 5 bits (of 8) from port B of cell tcn_network_8ch_2layer.$flatten\layer1.$mul$tcn_8ch_layer_parallel.v:62$2206 ($mul).
Removed top 5 bits (of 16) from port Y of cell tcn_network_8ch_2layer.$flatten\layer1.$mul$tcn_8ch_layer_parallel.v:62$2206 ($mul).
Removed top 7 bits (of 16) from port B of cell tcn_network_8ch_2layer.$flatten\layer1.$add$tcn_8ch_layer_parallel.v:61$2203 ($add).
Removed top 7 bits (of 16) from port B of cell tcn_network_8ch_2layer.$flatten\layer1.$add$tcn_8ch_layer_parallel.v:57$2201 ($add).
Removed top 7 bits (of 16) from port B of cell tcn_network_8ch_2layer.$flatten\layer1.$add$tcn_8ch_layer_parallel.v:61$2199 ($add).
Removed top 7 bits (of 16) from port B of cell tcn_network_8ch_2layer.$flatten\layer1.$add$tcn_8ch_layer_parallel.v:61$2197 ($add).
Removed top 8 bits (of 16) from port B of cell tcn_network_8ch_2layer.$flatten\layer1.$add$tcn_8ch_layer_parallel.v:61$2195 ($add).
Removed top 8 bits (of 16) from port B of cell tcn_network_8ch_2layer.$flatten\layer1.$add$tcn_8ch_layer_parallel.v:57$2191 ($add).
Removed top 8 bits (of 16) from port B of cell tcn_network_8ch_2layer.$flatten\layer1.$add$tcn_8ch_layer_parallel.v:61$2187 ($add).
Removed top 5 bits (of 8) from port B of cell tcn_network_8ch_2layer.$flatten\layer1.$mul$tcn_8ch_layer_parallel.v:62$2182 ($mul).
Removed top 5 bits (of 16) from port Y of cell tcn_network_8ch_2layer.$flatten\layer1.$mul$tcn_8ch_layer_parallel.v:62$2182 ($mul).
Removed top 8 bits (of 16) from port A of cell tcn_network_8ch_2layer.$flatten\layer1.$mul$tcn_8ch_layer_parallel.v:58$2180 ($neg).
Removed top 5 bits (of 8) from port B of cell tcn_network_8ch_2layer.$flatten\layer1.$mul$tcn_8ch_layer_parallel.v:62$2178 ($mul).
Removed top 5 bits (of 16) from port Y of cell tcn_network_8ch_2layer.$flatten\layer1.$mul$tcn_8ch_layer_parallel.v:62$2178 ($mul).
Removed top 7 bits (of 16) from port B of cell tcn_network_8ch_2layer.$flatten\layer1.$add$tcn_8ch_layer_parallel.v:61$2175 ($add).
Removed top 8 bits (of 16) from port A of cell tcn_network_8ch_2layer.$flatten\layer1.$add$tcn_8ch_layer_parallel.v:61$2173 ($add).
Removed top 7 bits (of 16) from port B of cell tcn_network_8ch_2layer.$flatten\layer1.$add$tcn_8ch_layer_parallel.v:61$2173 ($add).
Removed top 6 bits (of 16) from port Y of cell tcn_network_8ch_2layer.$flatten\layer1.$add$tcn_8ch_layer_parallel.v:61$2173 ($add).
Removed top 8 bits (of 16) from port B of cell tcn_network_8ch_2layer.$flatten\layer1.$add$tcn_8ch_layer_parallel.v:61$2169 ($add).
Removed top 8 bits (of 16) from port B of cell tcn_network_8ch_2layer.$flatten\layer1.$add$tcn_8ch_layer_parallel.v:61$2165 ($add).
Removed top 8 bits (of 16) from port A of cell tcn_network_8ch_2layer.$flatten\layer1.$mul$tcn_8ch_layer_parallel.v:58$2160 ($mul).
Removed top 5 bits (of 8) from port B of cell tcn_network_8ch_2layer.$flatten\layer1.$mul$tcn_8ch_layer_parallel.v:58$2160 ($mul).
Removed top 5 bits (of 16) from port Y of cell tcn_network_8ch_2layer.$flatten\layer1.$mul$tcn_8ch_layer_parallel.v:58$2160 ($mul).
Removed top 5 bits (of 8) from port B of cell tcn_network_8ch_2layer.$flatten\layer1.$mul$tcn_8ch_layer_parallel.v:62$2156 ($mul).
Removed top 5 bits (of 16) from port Y of cell tcn_network_8ch_2layer.$flatten\layer1.$mul$tcn_8ch_layer_parallel.v:62$2156 ($mul).
Removed top 7 bits (of 16) from port B of cell tcn_network_8ch_2layer.$flatten\layer1.$add$tcn_8ch_layer_parallel.v:61$2153 ($add).
Removed top 7 bits (of 16) from port B of cell tcn_network_8ch_2layer.$flatten\layer1.$add$tcn_8ch_layer_parallel.v:57$2151 ($add).
Removed top 7 bits (of 16) from port B of cell tcn_network_8ch_2layer.$flatten\layer1.$add$tcn_8ch_layer_parallel.v:61$2149 ($add).
Removed top 7 bits (of 16) from port B of cell tcn_network_8ch_2layer.$flatten\layer1.$add$tcn_8ch_layer_parallel.v:61$2147 ($add).
Removed top 8 bits (of 16) from port B of cell tcn_network_8ch_2layer.$flatten\layer1.$add$tcn_8ch_layer_parallel.v:61$2145 ($add).
Removed top 8 bits (of 16) from port B of cell tcn_network_8ch_2layer.$flatten\layer1.$add$tcn_8ch_layer_parallel.v:57$2141 ($add).
Removed top 8 bits (of 16) from port B of cell tcn_network_8ch_2layer.$flatten\layer1.$add$tcn_8ch_layer_parallel.v:61$2137 ($add).
Removed top 5 bits (of 8) from port B of cell tcn_network_8ch_2layer.$flatten\layer1.$mul$tcn_8ch_layer_parallel.v:62$2132 ($mul).
Removed top 5 bits (of 16) from port Y of cell tcn_network_8ch_2layer.$flatten\layer1.$mul$tcn_8ch_layer_parallel.v:62$2132 ($mul).
Removed top 8 bits (of 16) from port A of cell tcn_network_8ch_2layer.$flatten\layer1.$mul$tcn_8ch_layer_parallel.v:58$2130 ($neg).
Removed top 5 bits (of 8) from port B of cell tcn_network_8ch_2layer.$flatten\layer1.$mul$tcn_8ch_layer_parallel.v:62$2128 ($mul).
Removed top 5 bits (of 16) from port Y of cell tcn_network_8ch_2layer.$flatten\layer1.$mul$tcn_8ch_layer_parallel.v:62$2128 ($mul).
Removed top 7 bits (of 16) from port B of cell tcn_network_8ch_2layer.$flatten\layer1.$add$tcn_8ch_layer_parallel.v:61$2125 ($add).
Removed top 7 bits (of 16) from port B of cell tcn_network_8ch_2layer.$flatten\layer1.$add$tcn_8ch_layer_parallel.v:61$2123 ($add).
Removed top 8 bits (of 16) from port B of cell tcn_network_8ch_2layer.$flatten\layer1.$add$tcn_8ch_layer_parallel.v:57$2121 ($add).
Removed top 7 bits (of 16) from port B of cell tcn_network_8ch_2layer.$flatten\layer1.$add$tcn_8ch_layer_parallel.v:61$2119 ($add).
Removed top 8 bits (of 16) from port B of cell tcn_network_8ch_2layer.$flatten\layer1.$add$tcn_8ch_layer_parallel.v:61$2117 ($add).
Removed top 8 bits (of 16) from port B of cell tcn_network_8ch_2layer.$flatten\layer1.$add$tcn_8ch_layer_parallel.v:61$2113 ($add).
Removed top 8 bits (of 16) from port B of cell tcn_network_8ch_2layer.$flatten\layer1.$add$tcn_8ch_layer_parallel.v:61$2109 ($add).
Removed top 5 bits (of 8) from port B of cell tcn_network_8ch_2layer.$flatten\layer1.$mul$tcn_8ch_layer_parallel.v:62$2104 ($mul).
Removed top 5 bits (of 16) from port Y of cell tcn_network_8ch_2layer.$flatten\layer1.$mul$tcn_8ch_layer_parallel.v:62$2104 ($mul).
Removed top 7 bits (of 16) from port B of cell tcn_network_8ch_2layer.$flatten\layer1.$add$tcn_8ch_layer_parallel.v:57$2101 ($add).
Removed top 7 bits (of 16) from port B of cell tcn_network_8ch_2layer.$flatten\layer1.$add$tcn_8ch_layer_parallel.v:61$2097 ($add).
Removed top 7 bits (of 16) from port B of cell tcn_network_8ch_2layer.$flatten\layer1.$add$tcn_8ch_layer_parallel.v:61$2095 ($add).
Removed top 8 bits (of 16) from port B of cell tcn_network_8ch_2layer.$flatten\layer1.$add$tcn_8ch_layer_parallel.v:61$2093 ($add).
Removed top 8 bits (of 16) from port A of cell tcn_network_8ch_2layer.$flatten\layer1.$mul$tcn_8ch_layer_parallel.v:58$2090 ($neg).
Removed top 8 bits (of 16) from port B of cell tcn_network_8ch_2layer.$flatten\layer1.$add$tcn_8ch_layer_parallel.v:61$2087 ($add).
Removed top 5 bits (of 8) from port B of cell tcn_network_8ch_2layer.$flatten\layer1.$mul$tcn_8ch_layer_parallel.v:62$2082 ($mul).
Removed top 5 bits (of 16) from port Y of cell tcn_network_8ch_2layer.$flatten\layer1.$mul$tcn_8ch_layer_parallel.v:62$2082 ($mul).
Removed top 8 bits (of 16) from port A of cell tcn_network_8ch_2layer.$flatten\layer1.$mul$tcn_8ch_layer_parallel.v:58$2080 ($neg).
Removed top 5 bits (of 8) from port B of cell tcn_network_8ch_2layer.$flatten\layer1.$mul$tcn_8ch_layer_parallel.v:62$2078 ($mul).
Removed top 5 bits (of 16) from port Y of cell tcn_network_8ch_2layer.$flatten\layer1.$mul$tcn_8ch_layer_parallel.v:62$2078 ($mul).
Removed top 7 bits (of 16) from port B of cell tcn_network_8ch_2layer.$flatten\layer1.$add$tcn_8ch_layer_parallel.v:61$2075 ($add).
Removed top 7 bits (of 16) from port B of cell tcn_network_8ch_2layer.$flatten\layer1.$add$tcn_8ch_layer_parallel.v:61$2073 ($add).
Removed top 8 bits (of 16) from port B of cell tcn_network_8ch_2layer.$flatten\layer1.$add$tcn_8ch_layer_parallel.v:57$2071 ($add).
Removed top 7 bits (of 16) from port B of cell tcn_network_8ch_2layer.$flatten\layer1.$add$tcn_8ch_layer_parallel.v:61$2069 ($add).
Removed top 8 bits (of 16) from port B of cell tcn_network_8ch_2layer.$flatten\layer1.$add$tcn_8ch_layer_parallel.v:61$2067 ($add).
Removed top 8 bits (of 16) from port B of cell tcn_network_8ch_2layer.$flatten\layer1.$add$tcn_8ch_layer_parallel.v:61$2063 ($add).
Removed top 8 bits (of 16) from port B of cell tcn_network_8ch_2layer.$flatten\layer1.$add$tcn_8ch_layer_parallel.v:61$2059 ($add).
Removed top 5 bits (of 8) from port B of cell tcn_network_8ch_2layer.$flatten\layer1.$mul$tcn_8ch_layer_parallel.v:62$2054 ($mul).
Removed top 5 bits (of 16) from port Y of cell tcn_network_8ch_2layer.$flatten\layer1.$mul$tcn_8ch_layer_parallel.v:62$2054 ($mul).
Removed top 7 bits (of 16) from port B of cell tcn_network_8ch_2layer.$flatten\layer1.$add$tcn_8ch_layer_parallel.v:57$2051 ($add).
Removed top 7 bits (of 16) from port B of cell tcn_network_8ch_2layer.$flatten\layer1.$add$tcn_8ch_layer_parallel.v:61$2047 ($add).
Removed top 7 bits (of 16) from port B of cell tcn_network_8ch_2layer.$flatten\layer1.$add$tcn_8ch_layer_parallel.v:61$2045 ($add).
Removed top 8 bits (of 16) from port B of cell tcn_network_8ch_2layer.$flatten\layer1.$add$tcn_8ch_layer_parallel.v:61$2043 ($add).
Removed top 8 bits (of 16) from port A of cell tcn_network_8ch_2layer.$flatten\layer1.$mul$tcn_8ch_layer_parallel.v:58$2040 ($neg).
Removed top 8 bits (of 16) from port B of cell tcn_network_8ch_2layer.$flatten\layer1.$add$tcn_8ch_layer_parallel.v:61$2039 ($add).
Removed top 8 bits (of 16) from port B of cell tcn_network_8ch_2layer.$flatten\layer1.$add$tcn_8ch_layer_parallel.v:61$2035 ($add).
Removed top 8 bits (of 16) from port A of cell tcn_network_8ch_2layer.$flatten\layer1.$mul$tcn_8ch_layer_parallel.v:58$2030 ($mul).
Removed top 5 bits (of 8) from port B of cell tcn_network_8ch_2layer.$flatten\layer1.$mul$tcn_8ch_layer_parallel.v:58$2030 ($mul).
Removed top 5 bits (of 16) from port Y of cell tcn_network_8ch_2layer.$flatten\layer1.$mul$tcn_8ch_layer_parallel.v:58$2030 ($mul).
Removed top 5 bits (of 8) from port B of cell tcn_network_8ch_2layer.$flatten\layer1.$mul$tcn_8ch_layer_parallel.v:62$2026 ($mul).
Removed top 5 bits (of 16) from port Y of cell tcn_network_8ch_2layer.$flatten\layer1.$mul$tcn_8ch_layer_parallel.v:62$2026 ($mul).
Removed top 7 bits (of 16) from port B of cell tcn_network_8ch_2layer.$flatten\layer1.$add$tcn_8ch_layer_parallel.v:61$2023 ($add).
Removed top 7 bits (of 16) from port B of cell tcn_network_8ch_2layer.$flatten\layer1.$add$tcn_8ch_layer_parallel.v:57$2021 ($add).
Removed top 7 bits (of 16) from port B of cell tcn_network_8ch_2layer.$flatten\layer1.$add$tcn_8ch_layer_parallel.v:61$2019 ($add).
Removed top 7 bits (of 16) from port B of cell tcn_network_8ch_2layer.$flatten\layer1.$add$tcn_8ch_layer_parallel.v:61$2017 ($add).
Removed top 8 bits (of 16) from port B of cell tcn_network_8ch_2layer.$flatten\layer1.$add$tcn_8ch_layer_parallel.v:61$2015 ($add).
Removed top 8 bits (of 16) from port A of cell tcn_network_8ch_2layer.$flatten\layer1.$add$tcn_8ch_layer_parallel.v:61$2013 ($add).
Removed top 8 bits (of 16) from port B of cell tcn_network_8ch_2layer.$flatten\layer1.$add$tcn_8ch_layer_parallel.v:61$2009 ($add).
Removed top 5 bits (of 8) from port B of cell tcn_network_8ch_2layer.$flatten\layer1.$mul$tcn_8ch_layer_parallel.v:62$2004 ($mul).
Removed top 5 bits (of 16) from port Y of cell tcn_network_8ch_2layer.$flatten\layer1.$mul$tcn_8ch_layer_parallel.v:62$2004 ($mul).
Removed top 7 bits (of 16) from port B of cell tcn_network_8ch_2layer.$flatten\layer1.$add$tcn_8ch_layer_parallel.v:57$2001 ($add).
Removed top 7 bits (of 16) from port B of cell tcn_network_8ch_2layer.$flatten\layer1.$add$tcn_8ch_layer_parallel.v:61$1997 ($add).
Removed top 7 bits (of 16) from port B of cell tcn_network_8ch_2layer.$flatten\layer1.$add$tcn_8ch_layer_parallel.v:61$1995 ($add).
Removed top 8 bits (of 16) from port B of cell tcn_network_8ch_2layer.$flatten\layer1.$add$tcn_8ch_layer_parallel.v:61$1993 ($add).
Removed top 8 bits (of 16) from port A of cell tcn_network_8ch_2layer.$flatten\layer1.$mul$tcn_8ch_layer_parallel.v:58$1990 ($neg).
Removed top 8 bits (of 16) from port B of cell tcn_network_8ch_2layer.$flatten\layer1.$add$tcn_8ch_layer_parallel.v:61$1989 ($add).
Removed top 8 bits (of 16) from port B of cell tcn_network_8ch_2layer.$flatten\layer1.$add$tcn_8ch_layer_parallel.v:61$1985 ($add).
Removed top 8 bits (of 16) from port A of cell tcn_network_8ch_2layer.$flatten\layer1.$mul$tcn_8ch_layer_parallel.v:58$1980 ($mul).
Removed top 5 bits (of 8) from port B of cell tcn_network_8ch_2layer.$flatten\layer1.$mul$tcn_8ch_layer_parallel.v:58$1980 ($mul).
Removed top 5 bits (of 16) from port Y of cell tcn_network_8ch_2layer.$flatten\layer1.$mul$tcn_8ch_layer_parallel.v:58$1980 ($mul).
Removed top 5 bits (of 8) from port B of cell tcn_network_8ch_2layer.$flatten\layer1.$mul$tcn_8ch_layer_parallel.v:62$1976 ($mul).
Removed top 5 bits (of 16) from port Y of cell tcn_network_8ch_2layer.$flatten\layer1.$mul$tcn_8ch_layer_parallel.v:62$1976 ($mul).
Removed top 7 bits (of 16) from port B of cell tcn_network_8ch_2layer.$flatten\layer1.$add$tcn_8ch_layer_parallel.v:61$1973 ($add).
Removed top 7 bits (of 16) from port B of cell tcn_network_8ch_2layer.$flatten\layer1.$add$tcn_8ch_layer_parallel.v:57$1971 ($add).
Removed top 7 bits (of 16) from port B of cell tcn_network_8ch_2layer.$flatten\layer1.$add$tcn_8ch_layer_parallel.v:61$1969 ($add).
Removed top 7 bits (of 16) from port B of cell tcn_network_8ch_2layer.$flatten\layer1.$add$tcn_8ch_layer_parallel.v:61$1967 ($add).
Removed top 8 bits (of 16) from port B of cell tcn_network_8ch_2layer.$flatten\layer1.$add$tcn_8ch_layer_parallel.v:61$1965 ($add).
Removed top 8 bits (of 16) from port B of cell tcn_network_8ch_2layer.$flatten\layer1.$add$tcn_8ch_layer_parallel.v:57$1961 ($add).
Removed top 8 bits (of 16) from port B of cell tcn_network_8ch_2layer.$flatten\layer1.$add$tcn_8ch_layer_parallel.v:61$1957 ($add).
Removed top 5 bits (of 8) from port B of cell tcn_network_8ch_2layer.$flatten\layer1.$mul$tcn_8ch_layer_parallel.v:62$1952 ($mul).
Removed top 5 bits (of 16) from port Y of cell tcn_network_8ch_2layer.$flatten\layer1.$mul$tcn_8ch_layer_parallel.v:62$1952 ($mul).
Removed top 8 bits (of 16) from port A of cell tcn_network_8ch_2layer.$flatten\layer1.$mul$tcn_8ch_layer_parallel.v:58$1950 ($neg).
Removed top 5 bits (of 8) from port B of cell tcn_network_8ch_2layer.$flatten\layer1.$mul$tcn_8ch_layer_parallel.v:62$1948 ($mul).
Removed top 5 bits (of 16) from port Y of cell tcn_network_8ch_2layer.$flatten\layer1.$mul$tcn_8ch_layer_parallel.v:62$1948 ($mul).
Removed top 7 bits (of 16) from port B of cell tcn_network_8ch_2layer.$flatten\layer1.$add$tcn_8ch_layer_parallel.v:61$1945 ($add).
Removed top 7 bits (of 16) from port B of cell tcn_network_8ch_2layer.$flatten\layer1.$add$tcn_8ch_layer_parallel.v:61$1943 ($add).
Removed top 8 bits (of 16) from port B of cell tcn_network_8ch_2layer.$flatten\layer1.$add$tcn_8ch_layer_parallel.v:57$1941 ($add).
Removed top 7 bits (of 16) from port B of cell tcn_network_8ch_2layer.$flatten\layer1.$add$tcn_8ch_layer_parallel.v:61$1939 ($add).
Removed top 8 bits (of 16) from port B of cell tcn_network_8ch_2layer.$flatten\layer1.$add$tcn_8ch_layer_parallel.v:61$1937 ($add).
Removed top 8 bits (of 16) from port A of cell tcn_network_8ch_2layer.$flatten\layer1.$add$tcn_8ch_layer_parallel.v:61$1935 ($add).
Removed top 5 bits (of 8) from port B of cell tcn_network_8ch_2layer.$flatten\layer1.$mul$tcn_8ch_layer_parallel.v:62$1926 ($mul).
Removed top 5 bits (of 16) from port Y of cell tcn_network_8ch_2layer.$flatten\layer1.$mul$tcn_8ch_layer_parallel.v:62$1926 ($mul).
Removed top 7 bits (of 16) from port B of cell tcn_network_8ch_2layer.$flatten\layer1.$add$tcn_8ch_layer_parallel.v:61$1923 ($add).
Removed top 7 bits (of 16) from port B of cell tcn_network_8ch_2layer.$flatten\layer1.$add$tcn_8ch_layer_parallel.v:57$1921 ($add).
Removed top 7 bits (of 16) from port B of cell tcn_network_8ch_2layer.$flatten\layer1.$add$tcn_8ch_layer_parallel.v:61$1919 ($add).
Removed top 7 bits (of 16) from port B of cell tcn_network_8ch_2layer.$flatten\layer1.$add$tcn_8ch_layer_parallel.v:61$1917 ($add).
Removed top 8 bits (of 16) from port B of cell tcn_network_8ch_2layer.$flatten\layer1.$add$tcn_8ch_layer_parallel.v:61$1915 ($add).
Removed top 8 bits (of 16) from port B of cell tcn_network_8ch_2layer.$flatten\layer1.$add$tcn_8ch_layer_parallel.v:57$1911 ($add).
Removed top 8 bits (of 16) from port B of cell tcn_network_8ch_2layer.$flatten\layer1.$add$tcn_8ch_layer_parallel.v:61$1907 ($add).
Removed top 5 bits (of 8) from port B of cell tcn_network_8ch_2layer.$flatten\layer1.$mul$tcn_8ch_layer_parallel.v:62$1902 ($mul).
Removed top 5 bits (of 16) from port Y of cell tcn_network_8ch_2layer.$flatten\layer1.$mul$tcn_8ch_layer_parallel.v:62$1902 ($mul).
Removed top 8 bits (of 16) from port A of cell tcn_network_8ch_2layer.$flatten\layer1.$mul$tcn_8ch_layer_parallel.v:58$1900 ($neg).
Removed top 5 bits (of 8) from port B of cell tcn_network_8ch_2layer.$flatten\layer1.$mul$tcn_8ch_layer_parallel.v:62$1898 ($mul).
Removed top 5 bits (of 16) from port Y of cell tcn_network_8ch_2layer.$flatten\layer1.$mul$tcn_8ch_layer_parallel.v:62$1898 ($mul).
Removed top 7 bits (of 16) from port B of cell tcn_network_8ch_2layer.$flatten\layer1.$add$tcn_8ch_layer_parallel.v:61$1895 ($add).
Removed top 7 bits (of 16) from port B of cell tcn_network_8ch_2layer.$flatten\layer1.$add$tcn_8ch_layer_parallel.v:61$1893 ($add).
Removed top 8 bits (of 16) from port B of cell tcn_network_8ch_2layer.$flatten\layer1.$add$tcn_8ch_layer_parallel.v:57$1891 ($add).
Removed top 7 bits (of 16) from port B of cell tcn_network_8ch_2layer.$flatten\layer1.$add$tcn_8ch_layer_parallel.v:61$1889 ($add).
Removed top 8 bits (of 16) from port B of cell tcn_network_8ch_2layer.$flatten\layer1.$add$tcn_8ch_layer_parallel.v:61$1887 ($add).
Removed top 8 bits (of 16) from port B of cell tcn_network_8ch_2layer.$flatten\layer1.$add$tcn_8ch_layer_parallel.v:61$1883 ($add).
Removed top 8 bits (of 16) from port B of cell tcn_network_8ch_2layer.$flatten\layer1.$add$tcn_8ch_layer_parallel.v:61$1879 ($add).
Removed top 5 bits (of 8) from port B of cell tcn_network_8ch_2layer.$flatten\layer1.$mul$tcn_8ch_layer_parallel.v:62$1874 ($mul).
Removed top 5 bits (of 16) from port Y of cell tcn_network_8ch_2layer.$flatten\layer1.$mul$tcn_8ch_layer_parallel.v:62$1874 ($mul).
Removed top 7 bits (of 16) from port B of cell tcn_network_8ch_2layer.$flatten\layer1.$add$tcn_8ch_layer_parallel.v:57$1871 ($add).
Removed top 7 bits (of 16) from port B of cell tcn_network_8ch_2layer.$flatten\layer1.$add$tcn_8ch_layer_parallel.v:61$1867 ($add).
Removed top 7 bits (of 16) from port B of cell tcn_network_8ch_2layer.$flatten\layer1.$add$tcn_8ch_layer_parallel.v:61$1865 ($add).
Removed top 8 bits (of 16) from port B of cell tcn_network_8ch_2layer.$flatten\layer1.$add$tcn_8ch_layer_parallel.v:61$1863 ($add).
Removed top 8 bits (of 16) from port A of cell tcn_network_8ch_2layer.$flatten\layer1.$mul$tcn_8ch_layer_parallel.v:58$1860 ($neg).
Removed top 8 bits (of 16) from port B of cell tcn_network_8ch_2layer.$flatten\layer1.$add$tcn_8ch_layer_parallel.v:61$1859 ($add).
Removed top 8 bits (of 16) from port B of cell tcn_network_8ch_2layer.$flatten\layer1.$add$tcn_8ch_layer_parallel.v:61$1855 ($add).
Removed top 8 bits (of 16) from port A of cell tcn_network_8ch_2layer.$flatten\layer1.$mul$tcn_8ch_layer_parallel.v:58$1850 ($mul).
Removed top 5 bits (of 8) from port B of cell tcn_network_8ch_2layer.$flatten\layer1.$mul$tcn_8ch_layer_parallel.v:58$1850 ($mul).
Removed top 5 bits (of 16) from port Y of cell tcn_network_8ch_2layer.$flatten\layer1.$mul$tcn_8ch_layer_parallel.v:58$1850 ($mul).
Removed top 5 bits (of 8) from port B of cell tcn_network_8ch_2layer.$flatten\layer1.$mul$tcn_8ch_layer_parallel.v:62$1848 ($mul).
Removed top 5 bits (of 16) from port Y of cell tcn_network_8ch_2layer.$flatten\layer1.$mul$tcn_8ch_layer_parallel.v:62$1848 ($mul).
Removed top 7 bits (of 16) from port B of cell tcn_network_8ch_2layer.$flatten\layer1.$add$tcn_8ch_layer_parallel.v:61$1845 ($add).
Removed top 7 bits (of 16) from port B of cell tcn_network_8ch_2layer.$flatten\layer1.$add$tcn_8ch_layer_parallel.v:61$1843 ($add).
Removed top 8 bits (of 16) from port B of cell tcn_network_8ch_2layer.$flatten\layer1.$add$tcn_8ch_layer_parallel.v:57$1841 ($add).
Removed top 7 bits (of 16) from port B of cell tcn_network_8ch_2layer.$flatten\layer1.$add$tcn_8ch_layer_parallel.v:61$1839 ($add).
Removed top 8 bits (of 16) from port B of cell tcn_network_8ch_2layer.$flatten\layer1.$add$tcn_8ch_layer_parallel.v:61$1837 ($add).
Removed top 8 bits (of 16) from port B of cell tcn_network_8ch_2layer.$flatten\layer1.$add$tcn_8ch_layer_parallel.v:61$1833 ($add).
Removed top 8 bits (of 16) from port B of cell tcn_network_8ch_2layer.$flatten\layer1.$add$tcn_8ch_layer_parallel.v:61$1829 ($add).
Removed top 5 bits (of 8) from port B of cell tcn_network_8ch_2layer.$flatten\layer1.$mul$tcn_8ch_layer_parallel.v:62$1824 ($mul).
Removed top 5 bits (of 16) from port Y of cell tcn_network_8ch_2layer.$flatten\layer1.$mul$tcn_8ch_layer_parallel.v:62$1824 ($mul).
Removed top 7 bits (of 16) from port B of cell tcn_network_8ch_2layer.$flatten\layer1.$add$tcn_8ch_layer_parallel.v:57$1821 ($add).
Removed top 7 bits (of 16) from port B of cell tcn_network_8ch_2layer.$flatten\layer1.$add$tcn_8ch_layer_parallel.v:61$1817 ($add).
Removed top 7 bits (of 16) from port B of cell tcn_network_8ch_2layer.$flatten\layer1.$add$tcn_8ch_layer_parallel.v:61$1815 ($add).
Removed top 8 bits (of 16) from port B of cell tcn_network_8ch_2layer.$flatten\layer1.$add$tcn_8ch_layer_parallel.v:61$1813 ($add).
Removed top 8 bits (of 16) from port A of cell tcn_network_8ch_2layer.$flatten\layer1.$mul$tcn_8ch_layer_parallel.v:58$1810 ($neg).
Removed top 8 bits (of 16) from port B of cell tcn_network_8ch_2layer.$flatten\layer1.$add$tcn_8ch_layer_parallel.v:61$1809 ($add).
Removed top 8 bits (of 16) from port B of cell tcn_network_8ch_2layer.$flatten\layer1.$add$tcn_8ch_layer_parallel.v:61$1805 ($add).
Removed top 8 bits (of 16) from port A of cell tcn_network_8ch_2layer.$flatten\layer1.$mul$tcn_8ch_layer_parallel.v:58$1800 ($mul).
Removed top 5 bits (of 8) from port B of cell tcn_network_8ch_2layer.$flatten\layer1.$mul$tcn_8ch_layer_parallel.v:58$1800 ($mul).
Removed top 5 bits (of 16) from port Y of cell tcn_network_8ch_2layer.$flatten\layer1.$mul$tcn_8ch_layer_parallel.v:58$1800 ($mul).
Removed top 5 bits (of 8) from port B of cell tcn_network_8ch_2layer.$flatten\layer1.$mul$tcn_8ch_layer_parallel.v:62$1796 ($mul).
Removed top 5 bits (of 16) from port Y of cell tcn_network_8ch_2layer.$flatten\layer1.$mul$tcn_8ch_layer_parallel.v:62$1796 ($mul).
Removed top 7 bits (of 16) from port B of cell tcn_network_8ch_2layer.$flatten\layer1.$add$tcn_8ch_layer_parallel.v:61$1793 ($add).
Removed top 7 bits (of 16) from port B of cell tcn_network_8ch_2layer.$flatten\layer1.$add$tcn_8ch_layer_parallel.v:57$1791 ($add).
Removed top 7 bits (of 16) from port B of cell tcn_network_8ch_2layer.$flatten\layer1.$add$tcn_8ch_layer_parallel.v:61$1789 ($add).
Removed top 7 bits (of 16) from port B of cell tcn_network_8ch_2layer.$flatten\layer1.$add$tcn_8ch_layer_parallel.v:61$1787 ($add).
Removed top 8 bits (of 16) from port B of cell tcn_network_8ch_2layer.$flatten\layer1.$add$tcn_8ch_layer_parallel.v:61$1785 ($add).
Removed top 8 bits (of 16) from port B of cell tcn_network_8ch_2layer.$flatten\layer1.$add$tcn_8ch_layer_parallel.v:57$1781 ($add).
Removed top 8 bits (of 16) from port B of cell tcn_network_8ch_2layer.$flatten\layer1.$add$tcn_8ch_layer_parallel.v:61$1777 ($add).
Removed top 5 bits (of 8) from port B of cell tcn_network_8ch_2layer.$flatten\layer1.$mul$tcn_8ch_layer_parallel.v:62$1772 ($mul).
Removed top 5 bits (of 16) from port Y of cell tcn_network_8ch_2layer.$flatten\layer1.$mul$tcn_8ch_layer_parallel.v:62$1772 ($mul).
Removed top 8 bits (of 16) from port A of cell tcn_network_8ch_2layer.$flatten\layer1.$mul$tcn_8ch_layer_parallel.v:58$1770 ($neg).
Removed top 7 bits (of 16) from port B of cell tcn_network_8ch_2layer.$flatten\layer1.$add$tcn_8ch_layer_parallel.v:61$1767 ($add).
Removed top 7 bits (of 16) from port B of cell tcn_network_8ch_2layer.$flatten\layer1.$add$tcn_8ch_layer_parallel.v:61$1765 ($add).
Removed top 8 bits (of 16) from port B of cell tcn_network_8ch_2layer.$flatten\layer1.$add$tcn_8ch_layer_parallel.v:61$1763 ($add).
Removed top 8 bits (of 16) from port A of cell tcn_network_8ch_2layer.$flatten\layer1.$mul$tcn_8ch_layer_parallel.v:58$1760 ($neg).
Removed top 8 bits (of 16) from port B of cell tcn_network_8ch_2layer.$flatten\layer1.$add$tcn_8ch_layer_parallel.v:61$1759 ($add).
Removed top 8 bits (of 16) from port B of cell tcn_network_8ch_2layer.$flatten\layer1.$add$tcn_8ch_layer_parallel.v:61$1755 ($add).
Removed top 8 bits (of 16) from port A of cell tcn_network_8ch_2layer.$flatten\layer1.$mul$tcn_8ch_layer_parallel.v:58$1750 ($mul).
Removed top 5 bits (of 8) from port B of cell tcn_network_8ch_2layer.$flatten\layer1.$mul$tcn_8ch_layer_parallel.v:58$1750 ($mul).
Removed top 5 bits (of 16) from port Y of cell tcn_network_8ch_2layer.$flatten\layer1.$mul$tcn_8ch_layer_parallel.v:58$1750 ($mul).
Removed top 5 bits (of 8) from port B of cell tcn_network_8ch_2layer.$flatten\layer1.$mul$tcn_8ch_layer_parallel.v:62$1746 ($mul).
Removed top 5 bits (of 16) from port Y of cell tcn_network_8ch_2layer.$flatten\layer1.$mul$tcn_8ch_layer_parallel.v:62$1746 ($mul).
Removed top 7 bits (of 16) from port B of cell tcn_network_8ch_2layer.$flatten\layer1.$add$tcn_8ch_layer_parallel.v:61$1743 ($add).
Removed top 7 bits (of 16) from port B of cell tcn_network_8ch_2layer.$flatten\layer1.$add$tcn_8ch_layer_parallel.v:57$1741 ($add).
Removed top 7 bits (of 16) from port B of cell tcn_network_8ch_2layer.$flatten\layer1.$add$tcn_8ch_layer_parallel.v:61$1739 ($add).
Removed top 7 bits (of 16) from port B of cell tcn_network_8ch_2layer.$flatten\layer1.$add$tcn_8ch_layer_parallel.v:61$1737 ($add).
Removed top 8 bits (of 16) from port B of cell tcn_network_8ch_2layer.$flatten\layer1.$add$tcn_8ch_layer_parallel.v:61$1735 ($add).
Removed top 8 bits (of 16) from port B of cell tcn_network_8ch_2layer.$flatten\layer1.$add$tcn_8ch_layer_parallel.v:57$1731 ($add).
Removed top 8 bits (of 16) from port B of cell tcn_network_8ch_2layer.$flatten\layer1.$add$tcn_8ch_layer_parallel.v:61$1727 ($add).
Removed top 5 bits (of 8) from port B of cell tcn_network_8ch_2layer.$flatten\layer1.$mul$tcn_8ch_layer_parallel.v:62$1722 ($mul).
Removed top 5 bits (of 16) from port Y of cell tcn_network_8ch_2layer.$flatten\layer1.$mul$tcn_8ch_layer_parallel.v:62$1722 ($mul).
Removed top 8 bits (of 16) from port A of cell tcn_network_8ch_2layer.$flatten\layer1.$mul$tcn_8ch_layer_parallel.v:58$1720 ($neg).
Removed top 5 bits (of 8) from port B of cell tcn_network_8ch_2layer.$flatten\layer1.$mul$tcn_8ch_layer_parallel.v:62$1718 ($mul).
Removed top 5 bits (of 16) from port Y of cell tcn_network_8ch_2layer.$flatten\layer1.$mul$tcn_8ch_layer_parallel.v:62$1718 ($mul).
Removed top 7 bits (of 16) from port B of cell tcn_network_8ch_2layer.$flatten\layer1.$add$tcn_8ch_layer_parallel.v:61$1715 ($add).
Removed top 7 bits (of 16) from port B of cell tcn_network_8ch_2layer.$flatten\layer1.$add$tcn_8ch_layer_parallel.v:61$1713 ($add).
Removed top 8 bits (of 16) from port B of cell tcn_network_8ch_2layer.$flatten\layer1.$add$tcn_8ch_layer_parallel.v:57$1711 ($add).
Removed top 7 bits (of 16) from port B of cell tcn_network_8ch_2layer.$flatten\layer1.$add$tcn_8ch_layer_parallel.v:61$1709 ($add).
Removed top 8 bits (of 16) from port B of cell tcn_network_8ch_2layer.$flatten\layer1.$add$tcn_8ch_layer_parallel.v:61$1707 ($add).
Removed top 8 bits (of 16) from port B of cell tcn_network_8ch_2layer.$flatten\layer1.$add$tcn_8ch_layer_parallel.v:61$1703 ($add).
Removed top 8 bits (of 16) from port B of cell tcn_network_8ch_2layer.$flatten\layer1.$add$tcn_8ch_layer_parallel.v:61$1699 ($add).
Removed top 5 bits (of 8) from port B of cell tcn_network_8ch_2layer.$flatten\layer1.$mul$tcn_8ch_layer_parallel.v:62$1694 ($mul).
Removed top 5 bits (of 16) from port Y of cell tcn_network_8ch_2layer.$flatten\layer1.$mul$tcn_8ch_layer_parallel.v:62$1694 ($mul).
Removed top 7 bits (of 16) from port A of cell tcn_network_8ch_2layer.$flatten\layer1.$add$tcn_8ch_layer_parallel.v:61$1693 ($add).
Removed top 6 bits (of 16) from port A of cell tcn_network_8ch_2layer.$flatten\layer0.$add$tcn_8ch_layer_parallel.v:61$3155 ($add).
Removed top 5 bits (of 16) from port Y of cell tcn_network_8ch_2layer.$flatten\layer0.$add$tcn_8ch_layer_parallel.v:61$3155 ($add).
Removed top 5 bits (of 16) from port A of cell tcn_network_8ch_2layer.$flatten\layer0.$add$tcn_8ch_layer_parallel.v:61$2835 ($add).
Removed top 4 bits (of 16) from port Y of cell tcn_network_8ch_2layer.$flatten\layer0.$add$tcn_8ch_layer_parallel.v:61$2835 ($add).
Removed top 6 bits (of 16) from port A of cell tcn_network_8ch_2layer.$flatten\layer1.$add$tcn_8ch_layer_parallel.v:61$2175 ($add).
Removed top 5 bits (of 16) from port Y of cell tcn_network_8ch_2layer.$flatten\layer1.$add$tcn_8ch_layer_parallel.v:61$2175 ($add).
Removed top 5 bits (of 16) from port A of cell tcn_network_8ch_2layer.$flatten\layer1.$add$tcn_8ch_layer_parallel.v:61$1855 ($add).
Removed top 4 bits (of 16) from port Y of cell tcn_network_8ch_2layer.$flatten\layer1.$add$tcn_8ch_layer_parallel.v:61$1855 ($add).

3.14. Executing PEEPOPT pass (run peephole optimizers).

3.15. Executing OPT_CLEAN pass (remove unused cells and wires).
Finding unused cells or wires in module \tcn_network_8ch_2layer..

3.16. Executing SHARE pass (SAT-based resource sharing).

3.17. Executing TECHMAP pass (map to technology primitives).

3.17.1. Executing Verilog-2005 frontend: /opt/homebrew/bin/../share/yosys/cmp2lut.v
Parsing Verilog input from `/opt/homebrew/bin/../share/yosys/cmp2lut.v' to AST representation.
Generating RTLIL representation for module `\_90_lut_cmp_'.
Successfully finished Verilog frontend.

3.17.2. Continuing TECHMAP pass.
No more expansions possible.
<suppressed ~36 debug messages>

3.18. Executing OPT_EXPR pass (perform const folding).
Optimizing module tcn_network_8ch_2layer.

3.19. Executing OPT_CLEAN pass (remove unused cells and wires).
Finding unused cells or wires in module \tcn_network_8ch_2layer..

3.20. Executing ALUMACC pass (create $alu and $macc cells).
Extracting $alu and $macc cells in module tcn_network_8ch_2layer:
  creating $macc model for $flatten\layer0.$add$tcn_8ch_layer_parallel.v:57$2691 ($add).
  creating $macc model for $flatten\layer0.$add$tcn_8ch_layer_parallel.v:57$2701 ($add).
  creating $macc model for $flatten\layer0.$add$tcn_8ch_layer_parallel.v:57$2711 ($add).
  creating $macc model for $flatten\layer0.$add$tcn_8ch_layer_parallel.v:57$2721 ($add).
  creating $macc model for $flatten\layer0.$add$tcn_8ch_layer_parallel.v:57$2731 ($add).
  creating $macc model for $flatten\layer0.$add$tcn_8ch_layer_parallel.v:57$2741 ($add).
  creating $macc model for $flatten\layer0.$add$tcn_8ch_layer_parallel.v:57$2761 ($add).
  creating $macc model for $flatten\layer0.$add$tcn_8ch_layer_parallel.v:57$2771 ($add).
  creating $macc model for $flatten\layer0.$add$tcn_8ch_layer_parallel.v:57$2781 ($add).
  creating $macc model for $flatten\layer0.$add$tcn_8ch_layer_parallel.v:57$2791 ($add).
  creating $macc model for $flatten\layer0.$add$tcn_8ch_layer_parallel.v:57$2801 ($add).
  creating $macc model for $flatten\layer0.$add$tcn_8ch_layer_parallel.v:57$2821 ($add).
  creating $macc model for $flatten\layer0.$add$tcn_8ch_layer_parallel.v:57$2841 ($add).
  creating $macc model for $flatten\layer0.$add$tcn_8ch_layer_parallel.v:57$2851 ($add).
  creating $macc model for $flatten\layer0.$add$tcn_8ch_layer_parallel.v:57$2871 ($add).
  creating $macc model for $flatten\layer0.$add$tcn_8ch_layer_parallel.v:57$2881 ($add).
  creating $macc model for $flatten\layer0.$add$tcn_8ch_layer_parallel.v:57$2891 ($add).
  creating $macc model for $flatten\layer0.$add$tcn_8ch_layer_parallel.v:57$2901 ($add).
  creating $macc model for $flatten\layer0.$add$tcn_8ch_layer_parallel.v:57$2921 ($add).
  creating $macc model for $flatten\layer0.$add$tcn_8ch_layer_parallel.v:57$2931 ($add).
  creating $macc model for $flatten\layer0.$add$tcn_8ch_layer_parallel.v:57$2941 ($add).
  creating $macc model for $flatten\layer0.$add$tcn_8ch_layer_parallel.v:57$2951 ($add).
  creating $macc model for $flatten\layer0.$add$tcn_8ch_layer_parallel.v:57$2961 ($add).
  creating $macc model for $flatten\layer0.$add$tcn_8ch_layer_parallel.v:57$2971 ($add).
  creating $macc model for $flatten\layer0.$add$tcn_8ch_layer_parallel.v:57$2981 ($add).
  creating $macc model for $flatten\layer0.$add$tcn_8ch_layer_parallel.v:57$3001 ($add).
  creating $macc model for $flatten\layer0.$add$tcn_8ch_layer_parallel.v:57$3011 ($add).
  creating $macc model for $flatten\layer0.$add$tcn_8ch_layer_parallel.v:57$3021 ($add).
  creating $macc model for $flatten\layer0.$add$tcn_8ch_layer_parallel.v:57$3031 ($add).
  creating $macc model for $flatten\layer0.$add$tcn_8ch_layer_parallel.v:57$3051 ($add).
  creating $macc model for $flatten\layer0.$add$tcn_8ch_layer_parallel.v:57$3061 ($add).
  creating $macc model for $flatten\layer0.$add$tcn_8ch_layer_parallel.v:57$3081 ($add).
  creating $macc model for $flatten\layer0.$add$tcn_8ch_layer_parallel.v:57$3101 ($add).
  creating $macc model for $flatten\layer0.$add$tcn_8ch_layer_parallel.v:57$3111 ($add).
  creating $macc model for $flatten\layer0.$add$tcn_8ch_layer_parallel.v:57$3121 ($add).
  creating $macc model for $flatten\layer0.$add$tcn_8ch_layer_parallel.v:57$3131 ($add).
  creating $macc model for $flatten\layer0.$add$tcn_8ch_layer_parallel.v:57$3141 ($add).
  creating $macc model for $flatten\layer0.$add$tcn_8ch_layer_parallel.v:57$3161 ($add).
  creating $macc model for $flatten\layer0.$add$tcn_8ch_layer_parallel.v:57$3171 ($add).
  creating $macc model for $flatten\layer0.$add$tcn_8ch_layer_parallel.v:57$3181 ($add).
  creating $macc model for $flatten\layer0.$add$tcn_8ch_layer_parallel.v:57$3191 ($add).
  creating $macc model for $flatten\layer0.$add$tcn_8ch_layer_parallel.v:57$3201 ($add).
  creating $macc model for $flatten\layer0.$add$tcn_8ch_layer_parallel.v:57$3211 ($add).
  creating $macc model for $flatten\layer0.$add$tcn_8ch_layer_parallel.v:57$3241 ($add).
  creating $macc model for $flatten\layer0.$add$tcn_8ch_layer_parallel.v:57$3251 ($add).
  creating $macc model for $flatten\layer0.$add$tcn_8ch_layer_parallel.v:57$3261 ($add).
  creating $macc model for $flatten\layer0.$add$tcn_8ch_layer_parallel.v:57$3281 ($add).
  creating $macc model for $flatten\layer0.$add$tcn_8ch_layer_parallel.v:57$3291 ($add).
  creating $macc model for $flatten\layer0.$add$tcn_8ch_layer_parallel.v:57$3301 ($add).
  creating $macc model for $flatten\layer0.$add$tcn_8ch_layer_parallel.v:61$2673 ($add).
  creating $macc model for $flatten\layer0.$add$tcn_8ch_layer_parallel.v:61$2675 ($add).
  creating $macc model for $flatten\layer0.$add$tcn_8ch_layer_parallel.v:61$2679 ($add).
  creating $macc model for $flatten\layer0.$add$tcn_8ch_layer_parallel.v:61$2683 ($add).
  creating $macc model for $flatten\layer0.$add$tcn_8ch_layer_parallel.v:61$2685 ($add).
  creating $macc model for $flatten\layer0.$add$tcn_8ch_layer_parallel.v:61$2687 ($add).
  creating $macc model for $flatten\layer0.$add$tcn_8ch_layer_parallel.v:61$2689 ($add).
  creating $macc model for $flatten\layer0.$add$tcn_8ch_layer_parallel.v:61$2693 ($add).
  creating $macc model for $flatten\layer0.$add$tcn_8ch_layer_parallel.v:61$2695 ($add).
  creating $macc model for $flatten\layer0.$add$tcn_8ch_layer_parallel.v:61$2697 ($add).
  creating $macc model for $flatten\layer0.$add$tcn_8ch_layer_parallel.v:61$2699 ($add).
  creating $macc model for $flatten\layer0.$add$tcn_8ch_layer_parallel.v:61$2703 ($add).
  creating $macc model for $flatten\layer0.$add$tcn_8ch_layer_parallel.v:61$2707 ($add).
  creating $macc model for $flatten\layer0.$add$tcn_8ch_layer_parallel.v:61$2709 ($add).
  creating $macc model for $flatten\layer0.$add$tcn_8ch_layer_parallel.v:61$2713 ($add).
  creating $macc model for $flatten\layer0.$add$tcn_8ch_layer_parallel.v:61$2715 ($add).
  creating $macc model for $flatten\layer0.$add$tcn_8ch_layer_parallel.v:61$2717 ($add).
  creating $macc model for $flatten\layer0.$add$tcn_8ch_layer_parallel.v:61$2719 ($add).
  creating $macc model for $flatten\layer0.$add$tcn_8ch_layer_parallel.v:61$2723 ($add).
  creating $macc model for $flatten\layer0.$add$tcn_8ch_layer_parallel.v:61$2725 ($add).
  creating $macc model for $flatten\layer0.$add$tcn_8ch_layer_parallel.v:61$2727 ($add).
  creating $macc model for $flatten\layer0.$add$tcn_8ch_layer_parallel.v:61$2735 ($add).
  creating $macc model for $flatten\layer0.$add$tcn_8ch_layer_parallel.v:61$2737 ($add).
  creating $macc model for $flatten\layer0.$add$tcn_8ch_layer_parallel.v:61$2739 ($add).
  creating $macc model for $flatten\layer0.$add$tcn_8ch_layer_parallel.v:61$2743 ($add).
  creating $macc model for $flatten\layer0.$add$tcn_8ch_layer_parallel.v:61$2745 ($add).
  creating $macc model for $flatten\layer0.$add$tcn_8ch_layer_parallel.v:61$2747 ($add).
  creating $macc model for $flatten\layer0.$add$tcn_8ch_layer_parallel.v:61$2749 ($add).
  creating $macc model for $flatten\layer0.$add$tcn_8ch_layer_parallel.v:61$2753 ($add).
  creating $macc model for $flatten\layer0.$add$tcn_8ch_layer_parallel.v:61$2757 ($add).
  creating $macc model for $flatten\layer0.$add$tcn_8ch_layer_parallel.v:61$2759 ($add).
  creating $macc model for $flatten\layer0.$add$tcn_8ch_layer_parallel.v:61$2763 ($add).
  creating $macc model for $flatten\layer0.$add$tcn_8ch_layer_parallel.v:61$2765 ($add).
  creating $macc model for $flatten\layer0.$add$tcn_8ch_layer_parallel.v:61$2767 ($add).
  creating $macc model for $flatten\layer0.$add$tcn_8ch_layer_parallel.v:61$2769 ($add).
  creating $macc model for $flatten\layer0.$add$tcn_8ch_layer_parallel.v:61$2773 ($add).
  creating $macc model for $flatten\layer0.$add$tcn_8ch_layer_parallel.v:61$2775 ($add).
  creating $macc model for $flatten\layer0.$add$tcn_8ch_layer_parallel.v:61$2777 ($add).
  creating $macc model for $flatten\layer0.$add$tcn_8ch_layer_parallel.v:61$2785 ($add).
  creating $macc model for $flatten\layer0.$add$tcn_8ch_layer_parallel.v:61$2787 ($add).
  creating $macc model for $flatten\layer0.$add$tcn_8ch_layer_parallel.v:61$2789 ($add).
  creating $macc model for $flatten\layer0.$add$tcn_8ch_layer_parallel.v:61$2793 ($add).
  creating $macc model for $flatten\layer0.$add$tcn_8ch_layer_parallel.v:61$2795 ($add).
  creating $macc model for $flatten\layer0.$add$tcn_8ch_layer_parallel.v:61$2797 ($add).
  creating $macc model for $flatten\layer0.$add$tcn_8ch_layer_parallel.v:61$2799 ($add).
  creating $macc model for $flatten\layer0.$add$tcn_8ch_layer_parallel.v:61$2803 ($add).
  creating $macc model for $flatten\layer0.$add$tcn_8ch_layer_parallel.v:61$2805 ($add).
  creating $macc model for $flatten\layer0.$add$tcn_8ch_layer_parallel.v:61$2809 ($add).
  creating $macc model for $flatten\layer0.$add$tcn_8ch_layer_parallel.v:61$2813 ($add).
  creating $macc model for $flatten\layer0.$add$tcn_8ch_layer_parallel.v:61$2815 ($add).
  creating $macc model for $flatten\layer0.$add$tcn_8ch_layer_parallel.v:61$2817 ($add).
  creating $macc model for $flatten\layer0.$add$tcn_8ch_layer_parallel.v:61$2819 ($add).
  creating $macc model for $flatten\layer0.$add$tcn_8ch_layer_parallel.v:61$2823 ($add).
  creating $macc model for $flatten\layer0.$add$tcn_8ch_layer_parallel.v:61$2825 ($add).
  creating $macc model for $flatten\layer0.$add$tcn_8ch_layer_parallel.v:61$2827 ($add).
  creating $macc model for $flatten\layer0.$add$tcn_8ch_layer_parallel.v:61$2829 ($add).
  creating $macc model for $flatten\layer0.$add$tcn_8ch_layer_parallel.v:61$2835 ($add).
  creating $macc model for $flatten\layer0.$add$tcn_8ch_layer_parallel.v:61$2837 ($add).
  creating $macc model for $flatten\layer0.$add$tcn_8ch_layer_parallel.v:61$2839 ($add).
  creating $macc model for $flatten\layer0.$add$tcn_8ch_layer_parallel.v:61$2843 ($add).
  creating $macc model for $flatten\layer0.$add$tcn_8ch_layer_parallel.v:61$2845 ($add).
  creating $macc model for $flatten\layer0.$add$tcn_8ch_layer_parallel.v:61$2847 ($add).
  creating $macc model for $flatten\layer0.$add$tcn_8ch_layer_parallel.v:61$2849 ($add).
  creating $macc model for $flatten\layer0.$add$tcn_8ch_layer_parallel.v:61$2853 ($add).
  creating $macc model for $flatten\layer0.$add$tcn_8ch_layer_parallel.v:61$2855 ($add).
  creating $macc model for $flatten\layer0.$add$tcn_8ch_layer_parallel.v:61$2859 ($add).
  creating $macc model for $flatten\layer0.$add$tcn_8ch_layer_parallel.v:61$2863 ($add).
  creating $macc model for $flatten\layer0.$add$tcn_8ch_layer_parallel.v:61$2865 ($add).
  creating $macc model for $flatten\layer0.$add$tcn_8ch_layer_parallel.v:61$2867 ($add).
  creating $macc model for $flatten\layer0.$add$tcn_8ch_layer_parallel.v:61$2869 ($add).
  creating $macc model for $flatten\layer0.$add$tcn_8ch_layer_parallel.v:61$2873 ($add).
  creating $macc model for $flatten\layer0.$add$tcn_8ch_layer_parallel.v:61$2875 ($add).
  creating $macc model for $flatten\layer0.$add$tcn_8ch_layer_parallel.v:61$2877 ($add).
  creating $macc model for $flatten\layer0.$add$tcn_8ch_layer_parallel.v:61$2879 ($add).
  creating $macc model for $flatten\layer0.$add$tcn_8ch_layer_parallel.v:61$2883 ($add).
  creating $macc model for $flatten\layer0.$add$tcn_8ch_layer_parallel.v:61$2887 ($add).
  creating $macc model for $flatten\layer0.$add$tcn_8ch_layer_parallel.v:61$2889 ($add).
  creating $macc model for $flatten\layer0.$add$tcn_8ch_layer_parallel.v:61$2893 ($add).
  creating $macc model for $flatten\layer0.$add$tcn_8ch_layer_parallel.v:61$2895 ($add).
  creating $macc model for $flatten\layer0.$add$tcn_8ch_layer_parallel.v:61$2897 ($add).
  creating $macc model for $flatten\layer0.$add$tcn_8ch_layer_parallel.v:61$2899 ($add).
  creating $macc model for $flatten\layer0.$add$tcn_8ch_layer_parallel.v:61$2903 ($add).
  creating $macc model for $flatten\layer0.$add$tcn_8ch_layer_parallel.v:61$2905 ($add).
  creating $macc model for $flatten\layer0.$add$tcn_8ch_layer_parallel.v:61$2907 ($add).
  creating $macc model for $flatten\layer0.$add$tcn_8ch_layer_parallel.v:61$2915 ($add).
  creating $macc model for $flatten\layer0.$add$tcn_8ch_layer_parallel.v:61$2917 ($add).
  creating $macc model for $flatten\layer0.$add$tcn_8ch_layer_parallel.v:61$2919 ($add).
  creating $macc model for $flatten\layer0.$add$tcn_8ch_layer_parallel.v:61$2923 ($add).
  creating $macc model for $flatten\layer0.$add$tcn_8ch_layer_parallel.v:61$2925 ($add).
  creating $macc model for $flatten\layer0.$add$tcn_8ch_layer_parallel.v:61$2927 ($add).
  creating $macc model for $flatten\layer0.$add$tcn_8ch_layer_parallel.v:61$2929 ($add).
  creating $macc model for $flatten\layer0.$add$tcn_8ch_layer_parallel.v:61$2933 ($add).
  creating $macc model for $flatten\layer0.$add$tcn_8ch_layer_parallel.v:61$2937 ($add).
  creating $macc model for $flatten\layer0.$add$tcn_8ch_layer_parallel.v:61$2939 ($add).
  creating $macc model for $flatten\layer0.$add$tcn_8ch_layer_parallel.v:61$2943 ($add).
  creating $macc model for $flatten\layer0.$add$tcn_8ch_layer_parallel.v:61$2945 ($add).
  creating $macc model for $flatten\layer0.$add$tcn_8ch_layer_parallel.v:61$2947 ($add).
  creating $macc model for $flatten\layer0.$add$tcn_8ch_layer_parallel.v:61$2949 ($add).
  creating $macc model for $flatten\layer0.$add$tcn_8ch_layer_parallel.v:61$2953 ($add).
  creating $macc model for $flatten\layer0.$add$tcn_8ch_layer_parallel.v:61$2955 ($add).
  creating $macc model for $flatten\layer0.$add$tcn_8ch_layer_parallel.v:61$2957 ($add).
  creating $macc model for $flatten\layer0.$add$tcn_8ch_layer_parallel.v:61$2965 ($add).
  creating $macc model for $flatten\layer0.$add$tcn_8ch_layer_parallel.v:61$2967 ($add).
  creating $macc model for $flatten\layer0.$add$tcn_8ch_layer_parallel.v:61$2969 ($add).
  creating $macc model for $flatten\layer0.$add$tcn_8ch_layer_parallel.v:61$2973 ($add).
  creating $macc model for $flatten\layer0.$add$tcn_8ch_layer_parallel.v:61$2975 ($add).
  creating $macc model for $flatten\layer0.$add$tcn_8ch_layer_parallel.v:61$2977 ($add).
  creating $macc model for $flatten\layer0.$add$tcn_8ch_layer_parallel.v:61$2979 ($add).
  creating $macc model for $flatten\layer0.$add$tcn_8ch_layer_parallel.v:61$2983 ($add).
  creating $macc model for $flatten\layer0.$add$tcn_8ch_layer_parallel.v:61$2985 ($add).
  creating $macc model for $flatten\layer0.$add$tcn_8ch_layer_parallel.v:61$2989 ($add).
  creating $macc model for $flatten\layer0.$add$tcn_8ch_layer_parallel.v:61$2993 ($add).
  creating $macc model for $flatten\layer0.$add$tcn_8ch_layer_parallel.v:61$2995 ($add).
  creating $macc model for $flatten\layer0.$add$tcn_8ch_layer_parallel.v:61$2997 ($add).
  creating $macc model for $flatten\layer0.$add$tcn_8ch_layer_parallel.v:61$2999 ($add).
  creating $macc model for $flatten\layer0.$add$tcn_8ch_layer_parallel.v:61$3003 ($add).
  creating $macc model for $flatten\layer0.$add$tcn_8ch_layer_parallel.v:61$3005 ($add).
  creating $macc model for $flatten\layer0.$add$tcn_8ch_layer_parallel.v:61$3007 ($add).
  creating $macc model for $flatten\layer0.$add$tcn_8ch_layer_parallel.v:61$3015 ($add).
  creating $macc model for $flatten\layer0.$add$tcn_8ch_layer_parallel.v:61$3017 ($add).
  creating $macc model for $flatten\layer0.$add$tcn_8ch_layer_parallel.v:61$3019 ($add).
  creating $macc model for $flatten\layer0.$add$tcn_8ch_layer_parallel.v:61$3023 ($add).
  creating $macc model for $flatten\layer0.$add$tcn_8ch_layer_parallel.v:61$3025 ($add).
  creating $macc model for $flatten\layer0.$add$tcn_8ch_layer_parallel.v:61$3027 ($add).
  creating $macc model for $flatten\layer0.$add$tcn_8ch_layer_parallel.v:61$3029 ($add).
  creating $macc model for $flatten\layer0.$add$tcn_8ch_layer_parallel.v:61$3033 ($add).
  creating $macc model for $flatten\layer0.$add$tcn_8ch_layer_parallel.v:61$3035 ($add).
  creating $macc model for $flatten\layer0.$add$tcn_8ch_layer_parallel.v:61$3039 ($add).
  creating $macc model for $flatten\layer0.$add$tcn_8ch_layer_parallel.v:61$3043 ($add).
  creating $macc model for $flatten\layer0.$add$tcn_8ch_layer_parallel.v:61$3045 ($add).
  creating $macc model for $flatten\layer0.$add$tcn_8ch_layer_parallel.v:61$3047 ($add).
  creating $macc model for $flatten\layer0.$add$tcn_8ch_layer_parallel.v:61$3049 ($add).
  creating $macc model for $flatten\layer0.$add$tcn_8ch_layer_parallel.v:61$3053 ($add).
  creating $macc model for $flatten\layer0.$add$tcn_8ch_layer_parallel.v:61$3055 ($add).
  creating $macc model for $flatten\layer0.$add$tcn_8ch_layer_parallel.v:61$3057 ($add).
  creating $macc model for $flatten\layer0.$add$tcn_8ch_layer_parallel.v:61$3059 ($add).
  creating $macc model for $flatten\layer0.$add$tcn_8ch_layer_parallel.v:61$3063 ($add).
  creating $macc model for $flatten\layer0.$add$tcn_8ch_layer_parallel.v:61$3067 ($add).
  creating $macc model for $flatten\layer0.$add$tcn_8ch_layer_parallel.v:61$3069 ($add).
  creating $macc model for $flatten\layer0.$add$tcn_8ch_layer_parallel.v:61$3073 ($add).
  creating $macc model for $flatten\layer0.$add$tcn_8ch_layer_parallel.v:61$3075 ($add).
  creating $macc model for $flatten\layer0.$add$tcn_8ch_layer_parallel.v:61$3077 ($add).
  creating $macc model for $flatten\layer0.$add$tcn_8ch_layer_parallel.v:61$3079 ($add).
  creating $macc model for $flatten\layer0.$add$tcn_8ch_layer_parallel.v:61$3083 ($add).
  creating $macc model for $flatten\layer0.$add$tcn_8ch_layer_parallel.v:61$3085 ($add).
  creating $macc model for $flatten\layer0.$add$tcn_8ch_layer_parallel.v:61$3089 ($add).
  creating $macc model for $flatten\layer0.$add$tcn_8ch_layer_parallel.v:61$3093 ($add).
  creating $macc model for $flatten\layer0.$add$tcn_8ch_layer_parallel.v:61$3095 ($add).
  creating $macc model for $flatten\layer0.$add$tcn_8ch_layer_parallel.v:61$3097 ($add).
  creating $macc model for $flatten\layer0.$add$tcn_8ch_layer_parallel.v:61$3099 ($add).
  creating $macc model for $flatten\layer0.$add$tcn_8ch_layer_parallel.v:61$3103 ($add).
  creating $macc model for $flatten\layer0.$add$tcn_8ch_layer_parallel.v:61$3105 ($add).
  creating $macc model for $flatten\layer0.$add$tcn_8ch_layer_parallel.v:61$3107 ($add).
  creating $macc model for $flatten\layer0.$add$tcn_8ch_layer_parallel.v:61$3109 ($add).
  creating $macc model for $flatten\layer0.$add$tcn_8ch_layer_parallel.v:61$3113 ($add).
  creating $macc model for $flatten\layer0.$add$tcn_8ch_layer_parallel.v:61$3117 ($add).
  creating $macc model for $flatten\layer0.$add$tcn_8ch_layer_parallel.v:61$3119 ($add).
  creating $macc model for $flatten\layer0.$add$tcn_8ch_layer_parallel.v:61$3123 ($add).
  creating $macc model for $flatten\layer0.$add$tcn_8ch_layer_parallel.v:61$3125 ($add).
  creating $macc model for $flatten\layer0.$add$tcn_8ch_layer_parallel.v:61$3127 ($add).
  creating $macc model for $flatten\layer0.$add$tcn_8ch_layer_parallel.v:61$3129 ($add).
  creating $macc model for $flatten\layer0.$add$tcn_8ch_layer_parallel.v:61$3133 ($add).
  creating $macc model for $flatten\layer0.$add$tcn_8ch_layer_parallel.v:61$3135 ($add).
  creating $macc model for $flatten\layer0.$add$tcn_8ch_layer_parallel.v:61$3137 ($add).
  creating $macc model for $flatten\layer0.$add$tcn_8ch_layer_parallel.v:61$3145 ($add).
  creating $macc model for $flatten\layer0.$add$tcn_8ch_layer_parallel.v:61$3147 ($add).
  creating $macc model for $flatten\layer0.$add$tcn_8ch_layer_parallel.v:61$3149 ($add).
  creating $macc model for $flatten\layer0.$add$tcn_8ch_layer_parallel.v:61$3153 ($add).
  creating $macc model for $flatten\layer0.$add$tcn_8ch_layer_parallel.v:61$3155 ($add).
  creating $macc model for $flatten\layer0.$add$tcn_8ch_layer_parallel.v:61$3157 ($add).
  creating $macc model for $flatten\layer0.$add$tcn_8ch_layer_parallel.v:61$3159 ($add).
  creating $macc model for $flatten\layer0.$add$tcn_8ch_layer_parallel.v:61$3163 ($add).
  creating $macc model for $flatten\layer0.$add$tcn_8ch_layer_parallel.v:61$3167 ($add).
  creating $macc model for $flatten\layer0.$add$tcn_8ch_layer_parallel.v:61$3169 ($add).
  creating $macc model for $flatten\layer0.$add$tcn_8ch_layer_parallel.v:61$3173 ($add).
  creating $macc model for $flatten\layer0.$add$tcn_8ch_layer_parallel.v:61$3175 ($add).
  creating $macc model for $flatten\layer0.$add$tcn_8ch_layer_parallel.v:61$3177 ($add).
  creating $macc model for $flatten\layer0.$add$tcn_8ch_layer_parallel.v:61$3179 ($add).
  creating $macc model for $flatten\layer0.$add$tcn_8ch_layer_parallel.v:61$3183 ($add).
  creating $macc model for $flatten\layer0.$add$tcn_8ch_layer_parallel.v:61$3185 ($add).
  creating $macc model for $flatten\layer0.$add$tcn_8ch_layer_parallel.v:61$3187 ($add).
  creating $macc model for $flatten\layer0.$add$tcn_8ch_layer_parallel.v:61$3195 ($add).
  creating $macc model for $flatten\layer0.$add$tcn_8ch_layer_parallel.v:61$3197 ($add).
  creating $macc model for $flatten\layer0.$add$tcn_8ch_layer_parallel.v:61$3199 ($add).
  creating $macc model for $flatten\layer0.$add$tcn_8ch_layer_parallel.v:61$3203 ($add).
  creating $macc model for $flatten\layer0.$add$tcn_8ch_layer_parallel.v:61$3205 ($add).
  creating $macc model for $flatten\layer0.$add$tcn_8ch_layer_parallel.v:61$3207 ($add).
  creating $macc model for $flatten\layer0.$add$tcn_8ch_layer_parallel.v:61$3209 ($add).
  creating $macc model for $flatten\layer0.$add$tcn_8ch_layer_parallel.v:61$3213 ($add).
  creating $macc model for $flatten\layer0.$add$tcn_8ch_layer_parallel.v:61$3215 ($add).
  creating $macc model for $flatten\layer0.$add$tcn_8ch_layer_parallel.v:61$3219 ($add).
  creating $macc model for $flatten\layer0.$add$tcn_8ch_layer_parallel.v:61$3223 ($add).
  creating $macc model for $flatten\layer0.$add$tcn_8ch_layer_parallel.v:61$3225 ($add).
  creating $macc model for $flatten\layer0.$add$tcn_8ch_layer_parallel.v:61$3227 ($add).
  creating $macc model for $flatten\layer0.$add$tcn_8ch_layer_parallel.v:61$3229 ($add).
  creating $macc model for $flatten\layer0.$add$tcn_8ch_layer_parallel.v:61$3233 ($add).
  creating $macc model for $flatten\layer0.$add$tcn_8ch_layer_parallel.v:61$3235 ($add).
  creating $macc model for $flatten\layer0.$add$tcn_8ch_layer_parallel.v:61$3237 ($add).
  creating $macc model for $flatten\layer0.$add$tcn_8ch_layer_parallel.v:61$3245 ($add).
  creating $macc model for $flatten\layer0.$add$tcn_8ch_layer_parallel.v:61$3247 ($add).
  creating $macc model for $flatten\layer0.$add$tcn_8ch_layer_parallel.v:61$3249 ($add).
  creating $macc model for $flatten\layer0.$add$tcn_8ch_layer_parallel.v:61$3253 ($add).
  creating $macc model for $flatten\layer0.$add$tcn_8ch_layer_parallel.v:61$3255 ($add).
  creating $macc model for $flatten\layer0.$add$tcn_8ch_layer_parallel.v:61$3257 ($add).
  creating $macc model for $flatten\layer0.$add$tcn_8ch_layer_parallel.v:61$3259 ($add).
  creating $macc model for $flatten\layer0.$add$tcn_8ch_layer_parallel.v:61$3263 ($add).
  creating $macc model for $flatten\layer0.$add$tcn_8ch_layer_parallel.v:61$3265 ($add).
  creating $macc model for $flatten\layer0.$add$tcn_8ch_layer_parallel.v:61$3269 ($add).
  creating $macc model for $flatten\layer0.$add$tcn_8ch_layer_parallel.v:61$3273 ($add).
  creating $macc model for $flatten\layer0.$add$tcn_8ch_layer_parallel.v:61$3275 ($add).
  creating $macc model for $flatten\layer0.$add$tcn_8ch_layer_parallel.v:61$3277 ($add).
  creating $macc model for $flatten\layer0.$add$tcn_8ch_layer_parallel.v:61$3279 ($add).
  creating $macc model for $flatten\layer0.$add$tcn_8ch_layer_parallel.v:61$3283 ($add).
  creating $macc model for $flatten\layer0.$add$tcn_8ch_layer_parallel.v:61$3285 ($add).
  creating $macc model for $flatten\layer0.$add$tcn_8ch_layer_parallel.v:61$3287 ($add).
  creating $macc model for $flatten\layer0.$add$tcn_8ch_layer_parallel.v:61$3289 ($add).
  creating $macc model for $flatten\layer0.$add$tcn_8ch_layer_parallel.v:61$3293 ($add).
  creating $macc model for $flatten\layer0.$add$tcn_8ch_layer_parallel.v:61$3297 ($add).
  creating $macc model for $flatten\layer0.$add$tcn_8ch_layer_parallel.v:61$3299 ($add).
  creating $macc model for $flatten\layer0.$add$tcn_8ch_layer_parallel.v:61$3303 ($add).
  creating $macc model for $flatten\layer0.$add$tcn_8ch_layer_parallel.v:61$3305 ($add).
  creating $macc model for $flatten\layer0.$add$tcn_8ch_layer_parallel.v:61$3307 ($add).
  creating $macc model for $flatten\layer0.$add$tcn_8ch_layer_parallel.v:61$3309 ($add).
  creating $macc model for $flatten\layer0.$mul$tcn_8ch_layer_parallel.v:58$2700 ($neg).
  creating $macc model for $flatten\layer0.$mul$tcn_8ch_layer_parallel.v:58$2730 ($mul).
  creating $macc model for $flatten\layer0.$mul$tcn_8ch_layer_parallel.v:58$2740 ($neg).
  creating $macc model for $flatten\layer0.$mul$tcn_8ch_layer_parallel.v:58$2750 ($neg).
  creating $macc model for $flatten\layer0.$mul$tcn_8ch_layer_parallel.v:58$2780 ($mul).
  creating $macc model for $flatten\layer0.$mul$tcn_8ch_layer_parallel.v:58$2790 ($neg).
  creating $macc model for $flatten\layer0.$mul$tcn_8ch_layer_parallel.v:58$2830 ($mul).
  creating $macc model for $flatten\layer0.$mul$tcn_8ch_layer_parallel.v:58$2840 ($neg).
  creating $macc model for $flatten\layer0.$mul$tcn_8ch_layer_parallel.v:58$2880 ($neg).
  creating $macc model for $flatten\layer0.$mul$tcn_8ch_layer_parallel.v:58$2930 ($neg).
  creating $macc model for $flatten\layer0.$mul$tcn_8ch_layer_parallel.v:58$2960 ($mul).
  creating $macc model for $flatten\layer0.$mul$tcn_8ch_layer_parallel.v:58$2970 ($neg).
  creating $macc model for $flatten\layer0.$mul$tcn_8ch_layer_parallel.v:58$3010 ($mul).
  creating $macc model for $flatten\layer0.$mul$tcn_8ch_layer_parallel.v:58$3020 ($neg).
  creating $macc model for $flatten\layer0.$mul$tcn_8ch_layer_parallel.v:58$3060 ($neg).
  creating $macc model for $flatten\layer0.$mul$tcn_8ch_layer_parallel.v:58$3070 ($neg).
  creating $macc model for $flatten\layer0.$mul$tcn_8ch_layer_parallel.v:58$3110 ($neg).
  creating $macc model for $flatten\layer0.$mul$tcn_8ch_layer_parallel.v:58$3140 ($mul).
  creating $macc model for $flatten\layer0.$mul$tcn_8ch_layer_parallel.v:58$3160 ($neg).
  creating $macc model for $flatten\layer0.$mul$tcn_8ch_layer_parallel.v:58$3190 ($mul).
  creating $macc model for $flatten\layer0.$mul$tcn_8ch_layer_parallel.v:58$3200 ($neg).
  creating $macc model for $flatten\layer0.$mul$tcn_8ch_layer_parallel.v:58$3240 ($mul).
  creating $macc model for $flatten\layer0.$mul$tcn_8ch_layer_parallel.v:58$3250 ($neg).
  creating $macc model for $flatten\layer0.$mul$tcn_8ch_layer_parallel.v:58$3290 ($neg).
  creating $macc model for $flatten\layer0.$mul$tcn_8ch_layer_parallel.v:62$2672 ($neg).
  creating $macc model for $flatten\layer0.$mul$tcn_8ch_layer_parallel.v:62$2674 ($mul).
  creating $macc model for $flatten\layer0.$mul$tcn_8ch_layer_parallel.v:62$2684 ($neg).
  creating $macc model for $flatten\layer0.$mul$tcn_8ch_layer_parallel.v:62$2696 ($neg).
  creating $macc model for $flatten\layer0.$mul$tcn_8ch_layer_parallel.v:62$2698 ($mul).
  creating $macc model for $flatten\layer0.$mul$tcn_8ch_layer_parallel.v:62$2702 ($mul).
  creating $macc model for $flatten\layer0.$mul$tcn_8ch_layer_parallel.v:62$2708 ($neg).
  creating $macc model for $flatten\layer0.$mul$tcn_8ch_layer_parallel.v:62$2712 ($neg).
  creating $macc model for $flatten\layer0.$mul$tcn_8ch_layer_parallel.v:62$2724 ($neg).
  creating $macc model for $flatten\layer0.$mul$tcn_8ch_layer_parallel.v:62$2726 ($mul).
  creating $macc model for $flatten\layer0.$mul$tcn_8ch_layer_parallel.v:62$2736 ($neg).
  creating $macc model for $flatten\layer0.$mul$tcn_8ch_layer_parallel.v:62$2748 ($neg).
  creating $macc model for $flatten\layer0.$mul$tcn_8ch_layer_parallel.v:62$2752 ($mul).
  creating $macc model for $flatten\layer0.$mul$tcn_8ch_layer_parallel.v:62$2758 ($neg).
  creating $macc model for $flatten\layer0.$mul$tcn_8ch_layer_parallel.v:62$2762 ($neg).
  creating $macc model for $flatten\layer0.$mul$tcn_8ch_layer_parallel.v:62$2774 ($neg).
  creating $macc model for $flatten\layer0.$mul$tcn_8ch_layer_parallel.v:62$2776 ($mul).
  creating $macc model for $flatten\layer0.$mul$tcn_8ch_layer_parallel.v:62$2786 ($neg).
  creating $macc model for $flatten\layer0.$mul$tcn_8ch_layer_parallel.v:62$2798 ($neg).
  creating $macc model for $flatten\layer0.$mul$tcn_8ch_layer_parallel.v:62$2802 ($neg).
  creating $macc model for $flatten\layer0.$mul$tcn_8ch_layer_parallel.v:62$2804 ($mul).
  creating $macc model for $flatten\layer0.$mul$tcn_8ch_layer_parallel.v:62$2814 ($neg).
  creating $macc model for $flatten\layer0.$mul$tcn_8ch_layer_parallel.v:62$2826 ($neg).
  creating $macc model for $flatten\layer0.$mul$tcn_8ch_layer_parallel.v:62$2828 ($mul).
  creating $macc model for $flatten\layer0.$mul$tcn_8ch_layer_parallel.v:62$2836 ($neg).
  creating $macc model for $flatten\layer0.$mul$tcn_8ch_layer_parallel.v:62$2848 ($neg).
  creating $macc model for $flatten\layer0.$mul$tcn_8ch_layer_parallel.v:62$2852 ($neg).
  creating $macc model for $flatten\layer0.$mul$tcn_8ch_layer_parallel.v:62$2854 ($mul).
  creating $macc model for $flatten\layer0.$mul$tcn_8ch_layer_parallel.v:62$2864 ($neg).
  creating $macc model for $flatten\layer0.$mul$tcn_8ch_layer_parallel.v:62$2876 ($neg).
  creating $macc model for $flatten\layer0.$mul$tcn_8ch_layer_parallel.v:62$2878 ($mul).
  creating $macc model for $flatten\layer0.$mul$tcn_8ch_layer_parallel.v:62$2882 ($mul).
  creating $macc model for $flatten\layer0.$mul$tcn_8ch_layer_parallel.v:62$2888 ($neg).
  creating $macc model for $flatten\layer0.$mul$tcn_8ch_layer_parallel.v:62$2892 ($neg).
  creating $macc model for $flatten\layer0.$mul$tcn_8ch_layer_parallel.v:62$2904 ($neg).
  creating $macc model for $flatten\layer0.$mul$tcn_8ch_layer_parallel.v:62$2906 ($mul).
  creating $macc model for $flatten\layer0.$mul$tcn_8ch_layer_parallel.v:62$2914 ($neg).
  creating $macc model for $flatten\layer0.$mul$tcn_8ch_layer_parallel.v:62$2926 ($neg).
  creating $macc model for $flatten\layer0.$mul$tcn_8ch_layer_parallel.v:62$2928 ($mul).
  creating $macc model for $flatten\layer0.$mul$tcn_8ch_layer_parallel.v:62$2932 ($mul).
  creating $macc model for $flatten\layer0.$mul$tcn_8ch_layer_parallel.v:62$2938 ($neg).
  creating $macc model for $flatten\layer0.$mul$tcn_8ch_layer_parallel.v:62$2942 ($neg).
  creating $macc model for $flatten\layer0.$mul$tcn_8ch_layer_parallel.v:62$2954 ($neg).
  creating $macc model for $flatten\layer0.$mul$tcn_8ch_layer_parallel.v:62$2956 ($mul).
  creating $macc model for $flatten\layer0.$mul$tcn_8ch_layer_parallel.v:62$2966 ($neg).
  creating $macc model for $flatten\layer0.$mul$tcn_8ch_layer_parallel.v:62$2978 ($neg).
  creating $macc model for $flatten\layer0.$mul$tcn_8ch_layer_parallel.v:62$2982 ($neg).
  creating $macc model for $flatten\layer0.$mul$tcn_8ch_layer_parallel.v:62$2984 ($mul).
  creating $macc model for $flatten\layer0.$mul$tcn_8ch_layer_parallel.v:62$2992 ($neg).
  creating $macc model for $flatten\layer0.$mul$tcn_8ch_layer_parallel.v:62$3004 ($neg).
  creating $macc model for $flatten\layer0.$mul$tcn_8ch_layer_parallel.v:62$3006 ($mul).
  creating $macc model for $flatten\layer0.$mul$tcn_8ch_layer_parallel.v:62$3016 ($neg).
  creating $macc model for $flatten\layer0.$mul$tcn_8ch_layer_parallel.v:62$3028 ($neg).
  creating $macc model for $flatten\layer0.$mul$tcn_8ch_layer_parallel.v:62$3032 ($neg).
  creating $macc model for $flatten\layer0.$mul$tcn_8ch_layer_parallel.v:62$3034 ($mul).
  creating $macc model for $flatten\layer0.$mul$tcn_8ch_layer_parallel.v:62$3044 ($neg).
  creating $macc model for $flatten\layer0.$mul$tcn_8ch_layer_parallel.v:62$3056 ($neg).
  creating $macc model for $flatten\layer0.$mul$tcn_8ch_layer_parallel.v:62$3058 ($mul).
  creating $macc model for $flatten\layer0.$mul$tcn_8ch_layer_parallel.v:62$3062 ($mul).
  creating $macc model for $flatten\layer0.$mul$tcn_8ch_layer_parallel.v:62$3068 ($neg).
  creating $macc model for $flatten\layer0.$mul$tcn_8ch_layer_parallel.v:62$3078 ($neg).
  creating $macc model for $flatten\layer0.$mul$tcn_8ch_layer_parallel.v:62$3082 ($neg).
  creating $macc model for $flatten\layer0.$mul$tcn_8ch_layer_parallel.v:62$3084 ($mul).
  creating $macc model for $flatten\layer0.$mul$tcn_8ch_layer_parallel.v:62$3094 ($neg).
  creating $macc model for $flatten\layer0.$mul$tcn_8ch_layer_parallel.v:62$3106 ($neg).
  creating $macc model for $flatten\layer0.$mul$tcn_8ch_layer_parallel.v:62$3108 ($mul).
  creating $macc model for $flatten\layer0.$mul$tcn_8ch_layer_parallel.v:62$3112 ($mul).
  creating $macc model for $flatten\layer0.$mul$tcn_8ch_layer_parallel.v:62$3118 ($neg).
  creating $macc model for $flatten\layer0.$mul$tcn_8ch_layer_parallel.v:62$3122 ($neg).
  creating $macc model for $flatten\layer0.$mul$tcn_8ch_layer_parallel.v:62$3134 ($neg).
  creating $macc model for $flatten\layer0.$mul$tcn_8ch_layer_parallel.v:62$3136 ($mul).
  creating $macc model for $flatten\layer0.$mul$tcn_8ch_layer_parallel.v:62$3146 ($neg).
  creating $macc model for $flatten\layer0.$mul$tcn_8ch_layer_parallel.v:62$3156 ($neg).
  creating $macc model for $flatten\layer0.$mul$tcn_8ch_layer_parallel.v:62$3158 ($mul).
  creating $macc model for $flatten\layer0.$mul$tcn_8ch_layer_parallel.v:62$3162 ($mul).
  creating $macc model for $flatten\layer0.$mul$tcn_8ch_layer_parallel.v:62$3168 ($neg).
  creating $macc model for $flatten\layer0.$mul$tcn_8ch_layer_parallel.v:62$3172 ($neg).
  creating $macc model for $flatten\layer0.$mul$tcn_8ch_layer_parallel.v:62$3184 ($neg).
  creating $macc model for $flatten\layer0.$mul$tcn_8ch_layer_parallel.v:62$3186 ($mul).
  creating $macc model for $flatten\layer0.$mul$tcn_8ch_layer_parallel.v:62$3196 ($neg).
  creating $macc model for $flatten\layer0.$mul$tcn_8ch_layer_parallel.v:62$3208 ($neg).
  creating $macc model for $flatten\layer0.$mul$tcn_8ch_layer_parallel.v:62$3212 ($neg).
  creating $macc model for $flatten\layer0.$mul$tcn_8ch_layer_parallel.v:62$3214 ($mul).
  creating $macc model for $flatten\layer0.$mul$tcn_8ch_layer_parallel.v:62$3224 ($neg).
  creating $macc model for $flatten\layer0.$mul$tcn_8ch_layer_parallel.v:62$3234 ($neg).
  creating $macc model for $flatten\layer0.$mul$tcn_8ch_layer_parallel.v:62$3236 ($mul).
  creating $macc model for $flatten\layer0.$mul$tcn_8ch_layer_parallel.v:62$3246 ($neg).
  creating $macc model for $flatten\layer0.$mul$tcn_8ch_layer_parallel.v:62$3258 ($neg).
  creating $macc model for $flatten\layer0.$mul$tcn_8ch_layer_parallel.v:62$3262 ($neg).
  creating $macc model for $flatten\layer0.$mul$tcn_8ch_layer_parallel.v:62$3264 ($mul).
  creating $macc model for $flatten\layer0.$mul$tcn_8ch_layer_parallel.v:62$3274 ($neg).
  creating $macc model for $flatten\layer0.$mul$tcn_8ch_layer_parallel.v:62$3286 ($neg).
  creating $macc model for $flatten\layer0.$mul$tcn_8ch_layer_parallel.v:62$3288 ($mul).
  creating $macc model for $flatten\layer0.$mul$tcn_8ch_layer_parallel.v:62$3292 ($mul).
  creating $macc model for $flatten\layer0.$mul$tcn_8ch_layer_parallel.v:62$3298 ($neg).
  creating $macc model for $flatten\layer0.$mul$tcn_8ch_layer_parallel.v:62$3302 ($neg).
  creating $macc model for $flatten\layer1.$add$tcn_8ch_layer_parallel.v:57$1711 ($add).
  creating $macc model for $flatten\layer1.$add$tcn_8ch_layer_parallel.v:57$1721 ($add).
  creating $macc model for $flatten\layer1.$add$tcn_8ch_layer_parallel.v:57$1731 ($add).
  creating $macc model for $flatten\layer1.$add$tcn_8ch_layer_parallel.v:57$1741 ($add).
  creating $macc model for $flatten\layer1.$add$tcn_8ch_layer_parallel.v:57$1751 ($add).
  creating $macc model for $flatten\layer1.$add$tcn_8ch_layer_parallel.v:57$1761 ($add).
  creating $macc model for $flatten\layer1.$add$tcn_8ch_layer_parallel.v:57$1781 ($add).
  creating $macc model for $flatten\layer1.$add$tcn_8ch_layer_parallel.v:57$1791 ($add).
  creating $macc model for $flatten\layer1.$add$tcn_8ch_layer_parallel.v:57$1801 ($add).
  creating $macc model for $flatten\layer1.$add$tcn_8ch_layer_parallel.v:57$1811 ($add).
  creating $macc model for $flatten\layer1.$add$tcn_8ch_layer_parallel.v:57$1821 ($add).
  creating $macc model for $flatten\layer1.$add$tcn_8ch_layer_parallel.v:57$1841 ($add).
  creating $macc model for $flatten\layer1.$add$tcn_8ch_layer_parallel.v:57$1861 ($add).
  creating $macc model for $flatten\layer1.$add$tcn_8ch_layer_parallel.v:57$1871 ($add).
  creating $macc model for $flatten\layer1.$add$tcn_8ch_layer_parallel.v:57$1891 ($add).
  creating $macc model for $flatten\layer1.$add$tcn_8ch_layer_parallel.v:57$1901 ($add).
  creating $macc model for $flatten\layer1.$add$tcn_8ch_layer_parallel.v:57$1911 ($add).
  creating $macc model for $flatten\layer1.$add$tcn_8ch_layer_parallel.v:57$1921 ($add).
  creating $macc model for $flatten\layer1.$add$tcn_8ch_layer_parallel.v:57$1941 ($add).
  creating $macc model for $flatten\layer1.$add$tcn_8ch_layer_parallel.v:57$1951 ($add).
  creating $macc model for $flatten\layer1.$add$tcn_8ch_layer_parallel.v:57$1961 ($add).
  creating $macc model for $flatten\layer1.$add$tcn_8ch_layer_parallel.v:57$1971 ($add).
  creating $macc model for $flatten\layer1.$add$tcn_8ch_layer_parallel.v:57$1981 ($add).
  creating $macc model for $flatten\layer1.$add$tcn_8ch_layer_parallel.v:57$1991 ($add).
  creating $macc model for $flatten\layer1.$add$tcn_8ch_layer_parallel.v:57$2001 ($add).
  creating $macc model for $flatten\layer1.$add$tcn_8ch_layer_parallel.v:57$2021 ($add).
  creating $macc model for $flatten\layer1.$add$tcn_8ch_layer_parallel.v:57$2031 ($add).
  creating $macc model for $flatten\layer1.$add$tcn_8ch_layer_parallel.v:57$2041 ($add).
  creating $macc model for $flatten\layer1.$add$tcn_8ch_layer_parallel.v:57$2051 ($add).
  creating $macc model for $flatten\layer1.$add$tcn_8ch_layer_parallel.v:57$2071 ($add).
  creating $macc model for $flatten\layer1.$add$tcn_8ch_layer_parallel.v:57$2081 ($add).
  creating $macc model for $flatten\layer1.$add$tcn_8ch_layer_parallel.v:57$2101 ($add).
  creating $macc model for $flatten\layer1.$add$tcn_8ch_layer_parallel.v:57$2121 ($add).
  creating $macc model for $flatten\layer1.$add$tcn_8ch_layer_parallel.v:57$2131 ($add).
  creating $macc model for $flatten\layer1.$add$tcn_8ch_layer_parallel.v:57$2141 ($add).
  creating $macc model for $flatten\layer1.$add$tcn_8ch_layer_parallel.v:57$2151 ($add).
  creating $macc model for $flatten\layer1.$add$tcn_8ch_layer_parallel.v:57$2161 ($add).
  creating $macc model for $flatten\layer1.$add$tcn_8ch_layer_parallel.v:57$2181 ($add).
  creating $macc model for $flatten\layer1.$add$tcn_8ch_layer_parallel.v:57$2191 ($add).
  creating $macc model for $flatten\layer1.$add$tcn_8ch_layer_parallel.v:57$2201 ($add).
  creating $macc model for $flatten\layer1.$add$tcn_8ch_layer_parallel.v:57$2211 ($add).
  creating $macc model for $flatten\layer1.$add$tcn_8ch_layer_parallel.v:57$2221 ($add).
  creating $macc model for $flatten\layer1.$add$tcn_8ch_layer_parallel.v:57$2231 ($add).
  creating $macc model for $flatten\layer1.$add$tcn_8ch_layer_parallel.v:57$2261 ($add).
  creating $macc model for $flatten\layer1.$add$tcn_8ch_layer_parallel.v:57$2271 ($add).
  creating $macc model for $flatten\layer1.$add$tcn_8ch_layer_parallel.v:57$2281 ($add).
  creating $macc model for $flatten\layer1.$add$tcn_8ch_layer_parallel.v:57$2301 ($add).
  creating $macc model for $flatten\layer1.$add$tcn_8ch_layer_parallel.v:57$2311 ($add).
  creating $macc model for $flatten\layer1.$add$tcn_8ch_layer_parallel.v:57$2321 ($add).
  creating $macc model for $flatten\layer1.$add$tcn_8ch_layer_parallel.v:61$1693 ($add).
  creating $macc model for $flatten\layer1.$add$tcn_8ch_layer_parallel.v:61$1695 ($add).
  creating $macc model for $flatten\layer1.$add$tcn_8ch_layer_parallel.v:61$1699 ($add).
  creating $macc model for $flatten\layer1.$add$tcn_8ch_layer_parallel.v:61$1703 ($add).
  creating $macc model for $flatten\layer1.$add$tcn_8ch_layer_parallel.v:61$1705 ($add).
  creating $macc model for $flatten\layer1.$add$tcn_8ch_layer_parallel.v:61$1707 ($add).
  creating $macc model for $flatten\layer1.$add$tcn_8ch_layer_parallel.v:61$1709 ($add).
  creating $macc model for $flatten\layer1.$add$tcn_8ch_layer_parallel.v:61$1713 ($add).
  creating $macc model for $flatten\layer1.$add$tcn_8ch_layer_parallel.v:61$1715 ($add).
  creating $macc model for $flatten\layer1.$add$tcn_8ch_layer_parallel.v:61$1717 ($add).
  creating $macc model for $flatten\layer1.$add$tcn_8ch_layer_parallel.v:61$1719 ($add).
  creating $macc model for $flatten\layer1.$add$tcn_8ch_layer_parallel.v:61$1723 ($add).
  creating $macc model for $flatten\layer1.$add$tcn_8ch_layer_parallel.v:61$1727 ($add).
  creating $macc model for $flatten\layer1.$add$tcn_8ch_layer_parallel.v:61$1729 ($add).
  creating $macc model for $flatten\layer1.$add$tcn_8ch_layer_parallel.v:61$1733 ($add).
  creating $macc model for $flatten\layer1.$add$tcn_8ch_layer_parallel.v:61$1735 ($add).
  creating $macc model for $flatten\layer1.$add$tcn_8ch_layer_parallel.v:61$1737 ($add).
  creating $macc model for $flatten\layer1.$add$tcn_8ch_layer_parallel.v:61$1739 ($add).
  creating $macc model for $flatten\layer1.$add$tcn_8ch_layer_parallel.v:61$1743 ($add).
  creating $macc model for $flatten\layer1.$add$tcn_8ch_layer_parallel.v:61$1745 ($add).
  creating $macc model for $flatten\layer1.$add$tcn_8ch_layer_parallel.v:61$1747 ($add).
  creating $macc model for $flatten\layer1.$add$tcn_8ch_layer_parallel.v:61$1755 ($add).
  creating $macc model for $flatten\layer1.$add$tcn_8ch_layer_parallel.v:61$1757 ($add).
  creating $macc model for $flatten\layer1.$add$tcn_8ch_layer_parallel.v:61$1759 ($add).
  creating $macc model for $flatten\layer1.$add$tcn_8ch_layer_parallel.v:61$1763 ($add).
  creating $macc model for $flatten\layer1.$add$tcn_8ch_layer_parallel.v:61$1765 ($add).
  creating $macc model for $flatten\layer1.$add$tcn_8ch_layer_parallel.v:61$1767 ($add).
  creating $macc model for $flatten\layer1.$add$tcn_8ch_layer_parallel.v:61$1769 ($add).
  creating $macc model for $flatten\layer1.$add$tcn_8ch_layer_parallel.v:61$1773 ($add).
  creating $macc model for $flatten\layer1.$add$tcn_8ch_layer_parallel.v:61$1777 ($add).
  creating $macc model for $flatten\layer1.$add$tcn_8ch_layer_parallel.v:61$1779 ($add).
  creating $macc model for $flatten\layer1.$add$tcn_8ch_layer_parallel.v:61$1783 ($add).
  creating $macc model for $flatten\layer1.$add$tcn_8ch_layer_parallel.v:61$1785 ($add).
  creating $macc model for $flatten\layer1.$add$tcn_8ch_layer_parallel.v:61$1787 ($add).
  creating $macc model for $flatten\layer1.$add$tcn_8ch_layer_parallel.v:61$1789 ($add).
  creating $macc model for $flatten\layer1.$add$tcn_8ch_layer_parallel.v:61$1793 ($add).
  creating $macc model for $flatten\layer1.$add$tcn_8ch_layer_parallel.v:61$1795 ($add).
  creating $macc model for $flatten\layer1.$add$tcn_8ch_layer_parallel.v:61$1797 ($add).
  creating $macc model for $flatten\layer1.$add$tcn_8ch_layer_parallel.v:61$1805 ($add).
  creating $macc model for $flatten\layer1.$add$tcn_8ch_layer_parallel.v:61$1807 ($add).
  creating $macc model for $flatten\layer1.$add$tcn_8ch_layer_parallel.v:61$1809 ($add).
  creating $macc model for $flatten\layer1.$add$tcn_8ch_layer_parallel.v:61$1813 ($add).
  creating $macc model for $flatten\layer1.$add$tcn_8ch_layer_parallel.v:61$1815 ($add).
  creating $macc model for $flatten\layer1.$add$tcn_8ch_layer_parallel.v:61$1817 ($add).
  creating $macc model for $flatten\layer1.$add$tcn_8ch_layer_parallel.v:61$1819 ($add).
  creating $macc model for $flatten\layer1.$add$tcn_8ch_layer_parallel.v:61$1823 ($add).
  creating $macc model for $flatten\layer1.$add$tcn_8ch_layer_parallel.v:61$1825 ($add).
  creating $macc model for $flatten\layer1.$add$tcn_8ch_layer_parallel.v:61$1829 ($add).
  creating $macc model for $flatten\layer1.$add$tcn_8ch_layer_parallel.v:61$1833 ($add).
  creating $macc model for $flatten\layer1.$add$tcn_8ch_layer_parallel.v:61$1835 ($add).
  creating $macc model for $flatten\layer1.$add$tcn_8ch_layer_parallel.v:61$1837 ($add).
  creating $macc model for $flatten\layer1.$add$tcn_8ch_layer_parallel.v:61$1839 ($add).
  creating $macc model for $flatten\layer1.$add$tcn_8ch_layer_parallel.v:61$1843 ($add).
  creating $macc model for $flatten\layer1.$add$tcn_8ch_layer_parallel.v:61$1845 ($add).
  creating $macc model for $flatten\layer1.$add$tcn_8ch_layer_parallel.v:61$1847 ($add).
  creating $macc model for $flatten\layer1.$add$tcn_8ch_layer_parallel.v:61$1849 ($add).
  creating $macc model for $flatten\layer1.$add$tcn_8ch_layer_parallel.v:61$1855 ($add).
  creating $macc model for $flatten\layer1.$add$tcn_8ch_layer_parallel.v:61$1857 ($add).
  creating $macc model for $flatten\layer1.$add$tcn_8ch_layer_parallel.v:61$1859 ($add).
  creating $macc model for $flatten\layer1.$add$tcn_8ch_layer_parallel.v:61$1863 ($add).
  creating $macc model for $flatten\layer1.$add$tcn_8ch_layer_parallel.v:61$1865 ($add).
  creating $macc model for $flatten\layer1.$add$tcn_8ch_layer_parallel.v:61$1867 ($add).
  creating $macc model for $flatten\layer1.$add$tcn_8ch_layer_parallel.v:61$1869 ($add).
  creating $macc model for $flatten\layer1.$add$tcn_8ch_layer_parallel.v:61$1873 ($add).
  creating $macc model for $flatten\layer1.$add$tcn_8ch_layer_parallel.v:61$1875 ($add).
  creating $macc model for $flatten\layer1.$add$tcn_8ch_layer_parallel.v:61$1879 ($add).
  creating $macc model for $flatten\layer1.$add$tcn_8ch_layer_parallel.v:61$1883 ($add).
  creating $macc model for $flatten\layer1.$add$tcn_8ch_layer_parallel.v:61$1885 ($add).
  creating $macc model for $flatten\layer1.$add$tcn_8ch_layer_parallel.v:61$1887 ($add).
  creating $macc model for $flatten\layer1.$add$tcn_8ch_layer_parallel.v:61$1889 ($add).
  creating $macc model for $flatten\layer1.$add$tcn_8ch_layer_parallel.v:61$1893 ($add).
  creating $macc model for $flatten\layer1.$add$tcn_8ch_layer_parallel.v:61$1895 ($add).
  creating $macc model for $flatten\layer1.$add$tcn_8ch_layer_parallel.v:61$1897 ($add).
  creating $macc model for $flatten\layer1.$add$tcn_8ch_layer_parallel.v:61$1899 ($add).
  creating $macc model for $flatten\layer1.$add$tcn_8ch_layer_parallel.v:61$1903 ($add).
  creating $macc model for $flatten\layer1.$add$tcn_8ch_layer_parallel.v:61$1907 ($add).
  creating $macc model for $flatten\layer1.$add$tcn_8ch_layer_parallel.v:61$1909 ($add).
  creating $macc model for $flatten\layer1.$add$tcn_8ch_layer_parallel.v:61$1913 ($add).
  creating $macc model for $flatten\layer1.$add$tcn_8ch_layer_parallel.v:61$1915 ($add).
  creating $macc model for $flatten\layer1.$add$tcn_8ch_layer_parallel.v:61$1917 ($add).
  creating $macc model for $flatten\layer1.$add$tcn_8ch_layer_parallel.v:61$1919 ($add).
  creating $macc model for $flatten\layer1.$add$tcn_8ch_layer_parallel.v:61$1923 ($add).
  creating $macc model for $flatten\layer1.$add$tcn_8ch_layer_parallel.v:61$1925 ($add).
  creating $macc model for $flatten\layer1.$add$tcn_8ch_layer_parallel.v:61$1927 ($add).
  creating $macc model for $flatten\layer1.$add$tcn_8ch_layer_parallel.v:61$1935 ($add).
  creating $macc model for $flatten\layer1.$add$tcn_8ch_layer_parallel.v:61$1937 ($add).
  creating $macc model for $flatten\layer1.$add$tcn_8ch_layer_parallel.v:61$1939 ($add).
  creating $macc model for $flatten\layer1.$add$tcn_8ch_layer_parallel.v:61$1943 ($add).
  creating $macc model for $flatten\layer1.$add$tcn_8ch_layer_parallel.v:61$1945 ($add).
  creating $macc model for $flatten\layer1.$add$tcn_8ch_layer_parallel.v:61$1947 ($add).
  creating $macc model for $flatten\layer1.$add$tcn_8ch_layer_parallel.v:61$1949 ($add).
  creating $macc model for $flatten\layer1.$add$tcn_8ch_layer_parallel.v:61$1953 ($add).
  creating $macc model for $flatten\layer1.$add$tcn_8ch_layer_parallel.v:61$1957 ($add).
  creating $macc model for $flatten\layer1.$add$tcn_8ch_layer_parallel.v:61$1959 ($add).
  creating $macc model for $flatten\layer1.$add$tcn_8ch_layer_parallel.v:61$1963 ($add).
  creating $macc model for $flatten\layer1.$add$tcn_8ch_layer_parallel.v:61$1965 ($add).
  creating $macc model for $flatten\layer1.$add$tcn_8ch_layer_parallel.v:61$1967 ($add).
  creating $macc model for $flatten\layer1.$add$tcn_8ch_layer_parallel.v:61$1969 ($add).
  creating $macc model for $flatten\layer1.$add$tcn_8ch_layer_parallel.v:61$1973 ($add).
  creating $macc model for $flatten\layer1.$add$tcn_8ch_layer_parallel.v:61$1975 ($add).
  creating $macc model for $flatten\layer1.$add$tcn_8ch_layer_parallel.v:61$1977 ($add).
  creating $macc model for $flatten\layer1.$add$tcn_8ch_layer_parallel.v:61$1985 ($add).
  creating $macc model for $flatten\layer1.$add$tcn_8ch_layer_parallel.v:61$1987 ($add).
  creating $macc model for $flatten\layer1.$add$tcn_8ch_layer_parallel.v:61$1989 ($add).
  creating $macc model for $flatten\layer1.$add$tcn_8ch_layer_parallel.v:61$1993 ($add).
  creating $macc model for $flatten\layer1.$add$tcn_8ch_layer_parallel.v:61$1995 ($add).
  creating $macc model for $flatten\layer1.$add$tcn_8ch_layer_parallel.v:61$1997 ($add).
  creating $macc model for $flatten\layer1.$add$tcn_8ch_layer_parallel.v:61$1999 ($add).
  creating $macc model for $flatten\layer1.$add$tcn_8ch_layer_parallel.v:61$2003 ($add).
  creating $macc model for $flatten\layer1.$add$tcn_8ch_layer_parallel.v:61$2005 ($add).
  creating $macc model for $flatten\layer1.$add$tcn_8ch_layer_parallel.v:61$2009 ($add).
  creating $macc model for $flatten\layer1.$add$tcn_8ch_layer_parallel.v:61$2013 ($add).
  creating $macc model for $flatten\layer1.$add$tcn_8ch_layer_parallel.v:61$2015 ($add).
  creating $macc model for $flatten\layer1.$add$tcn_8ch_layer_parallel.v:61$2017 ($add).
  creating $macc model for $flatten\layer1.$add$tcn_8ch_layer_parallel.v:61$2019 ($add).
  creating $macc model for $flatten\layer1.$add$tcn_8ch_layer_parallel.v:61$2023 ($add).
  creating $macc model for $flatten\layer1.$add$tcn_8ch_layer_parallel.v:61$2025 ($add).
  creating $macc model for $flatten\layer1.$add$tcn_8ch_layer_parallel.v:61$2027 ($add).
  creating $macc model for $flatten\layer1.$add$tcn_8ch_layer_parallel.v:61$2035 ($add).
  creating $macc model for $flatten\layer1.$add$tcn_8ch_layer_parallel.v:61$2037 ($add).
  creating $macc model for $flatten\layer1.$add$tcn_8ch_layer_parallel.v:61$2039 ($add).
  creating $macc model for $flatten\layer1.$add$tcn_8ch_layer_parallel.v:61$2043 ($add).
  creating $macc model for $flatten\layer1.$add$tcn_8ch_layer_parallel.v:61$2045 ($add).
  creating $macc model for $flatten\layer1.$add$tcn_8ch_layer_parallel.v:61$2047 ($add).
  creating $macc model for $flatten\layer1.$add$tcn_8ch_layer_parallel.v:61$2049 ($add).
  creating $macc model for $flatten\layer1.$add$tcn_8ch_layer_parallel.v:61$2053 ($add).
  creating $macc model for $flatten\layer1.$add$tcn_8ch_layer_parallel.v:61$2055 ($add).
  creating $macc model for $flatten\layer1.$add$tcn_8ch_layer_parallel.v:61$2059 ($add).
  creating $macc model for $flatten\layer1.$add$tcn_8ch_layer_parallel.v:61$2063 ($add).
  creating $macc model for $flatten\layer1.$add$tcn_8ch_layer_parallel.v:61$2065 ($add).
  creating $macc model for $flatten\layer1.$add$tcn_8ch_layer_parallel.v:61$2067 ($add).
  creating $macc model for $flatten\layer1.$add$tcn_8ch_layer_parallel.v:61$2069 ($add).
  creating $macc model for $flatten\layer1.$add$tcn_8ch_layer_parallel.v:61$2073 ($add).
  creating $macc model for $flatten\layer1.$add$tcn_8ch_layer_parallel.v:61$2075 ($add).
  creating $macc model for $flatten\layer1.$add$tcn_8ch_layer_parallel.v:61$2077 ($add).
  creating $macc model for $flatten\layer1.$add$tcn_8ch_layer_parallel.v:61$2079 ($add).
  creating $macc model for $flatten\layer1.$add$tcn_8ch_layer_parallel.v:61$2083 ($add).
  creating $macc model for $flatten\layer1.$add$tcn_8ch_layer_parallel.v:61$2087 ($add).
  creating $macc model for $flatten\layer1.$add$tcn_8ch_layer_parallel.v:61$2089 ($add).
  creating $macc model for $flatten\layer1.$add$tcn_8ch_layer_parallel.v:61$2093 ($add).
  creating $macc model for $flatten\layer1.$add$tcn_8ch_layer_parallel.v:61$2095 ($add).
  creating $macc model for $flatten\layer1.$add$tcn_8ch_layer_parallel.v:61$2097 ($add).
  creating $macc model for $flatten\layer1.$add$tcn_8ch_layer_parallel.v:61$2099 ($add).
  creating $macc model for $flatten\layer1.$add$tcn_8ch_layer_parallel.v:61$2103 ($add).
  creating $macc model for $flatten\layer1.$add$tcn_8ch_layer_parallel.v:61$2105 ($add).
  creating $macc model for $flatten\layer1.$add$tcn_8ch_layer_parallel.v:61$2109 ($add).
  creating $macc model for $flatten\layer1.$add$tcn_8ch_layer_parallel.v:61$2113 ($add).
  creating $macc model for $flatten\layer1.$add$tcn_8ch_layer_parallel.v:61$2115 ($add).
  creating $macc model for $flatten\layer1.$add$tcn_8ch_layer_parallel.v:61$2117 ($add).
  creating $macc model for $flatten\layer1.$add$tcn_8ch_layer_parallel.v:61$2119 ($add).
  creating $macc model for $flatten\layer1.$add$tcn_8ch_layer_parallel.v:61$2123 ($add).
  creating $macc model for $flatten\layer1.$add$tcn_8ch_layer_parallel.v:61$2125 ($add).
  creating $macc model for $flatten\layer1.$add$tcn_8ch_layer_parallel.v:61$2127 ($add).
  creating $macc model for $flatten\layer1.$add$tcn_8ch_layer_parallel.v:61$2129 ($add).
  creating $macc model for $flatten\layer1.$add$tcn_8ch_layer_parallel.v:61$2133 ($add).
  creating $macc model for $flatten\layer1.$add$tcn_8ch_layer_parallel.v:61$2137 ($add).
  creating $macc model for $flatten\layer1.$add$tcn_8ch_layer_parallel.v:61$2139 ($add).
  creating $macc model for $flatten\layer1.$add$tcn_8ch_layer_parallel.v:61$2143 ($add).
  creating $macc model for $flatten\layer1.$add$tcn_8ch_layer_parallel.v:61$2145 ($add).
  creating $macc model for $flatten\layer1.$add$tcn_8ch_layer_parallel.v:61$2147 ($add).
  creating $macc model for $flatten\layer1.$add$tcn_8ch_layer_parallel.v:61$2149 ($add).
  creating $macc model for $flatten\layer1.$add$tcn_8ch_layer_parallel.v:61$2153 ($add).
  creating $macc model for $flatten\layer1.$add$tcn_8ch_layer_parallel.v:61$2155 ($add).
  creating $macc model for $flatten\layer1.$add$tcn_8ch_layer_parallel.v:61$2157 ($add).
  creating $macc model for $flatten\layer1.$add$tcn_8ch_layer_parallel.v:61$2165 ($add).
  creating $macc model for $flatten\layer1.$add$tcn_8ch_layer_parallel.v:61$2167 ($add).
  creating $macc model for $flatten\layer1.$add$tcn_8ch_layer_parallel.v:61$2169 ($add).
  creating $macc model for $flatten\layer1.$add$tcn_8ch_layer_parallel.v:61$2173 ($add).
  creating $macc model for $flatten\layer1.$add$tcn_8ch_layer_parallel.v:61$2175 ($add).
  creating $macc model for $flatten\layer1.$add$tcn_8ch_layer_parallel.v:61$2177 ($add).
  creating $macc model for $flatten\layer1.$add$tcn_8ch_layer_parallel.v:61$2179 ($add).
  creating $macc model for $flatten\layer1.$add$tcn_8ch_layer_parallel.v:61$2183 ($add).
  creating $macc model for $flatten\layer1.$add$tcn_8ch_layer_parallel.v:61$2187 ($add).
  creating $macc model for $flatten\layer1.$add$tcn_8ch_layer_parallel.v:61$2189 ($add).
  creating $macc model for $flatten\layer1.$add$tcn_8ch_layer_parallel.v:61$2193 ($add).
  creating $macc model for $flatten\layer1.$add$tcn_8ch_layer_parallel.v:61$2195 ($add).
  creating $macc model for $flatten\layer1.$add$tcn_8ch_layer_parallel.v:61$2197 ($add).
  creating $macc model for $flatten\layer1.$add$tcn_8ch_layer_parallel.v:61$2199 ($add).
  creating $macc model for $flatten\layer1.$add$tcn_8ch_layer_parallel.v:61$2203 ($add).
  creating $macc model for $flatten\layer1.$add$tcn_8ch_layer_parallel.v:61$2205 ($add).
  creating $macc model for $flatten\layer1.$add$tcn_8ch_layer_parallel.v:61$2207 ($add).
  creating $macc model for $flatten\layer1.$add$tcn_8ch_layer_parallel.v:61$2215 ($add).
  creating $macc model for $flatten\layer1.$add$tcn_8ch_layer_parallel.v:61$2217 ($add).
  creating $macc model for $flatten\layer1.$add$tcn_8ch_layer_parallel.v:61$2219 ($add).
  creating $macc model for $flatten\layer1.$add$tcn_8ch_layer_parallel.v:61$2223 ($add).
  creating $macc model for $flatten\layer1.$add$tcn_8ch_layer_parallel.v:61$2225 ($add).
  creating $macc model for $flatten\layer1.$add$tcn_8ch_layer_parallel.v:61$2227 ($add).
  creating $macc model for $flatten\layer1.$add$tcn_8ch_layer_parallel.v:61$2229 ($add).
  creating $macc model for $flatten\layer1.$add$tcn_8ch_layer_parallel.v:61$2233 ($add).
  creating $macc model for $flatten\layer1.$add$tcn_8ch_layer_parallel.v:61$2235 ($add).
  creating $macc model for $flatten\layer1.$add$tcn_8ch_layer_parallel.v:61$2239 ($add).
  creating $macc model for $flatten\layer1.$add$tcn_8ch_layer_parallel.v:61$2243 ($add).
  creating $macc model for $flatten\layer1.$add$tcn_8ch_layer_parallel.v:61$2245 ($add).
  creating $macc model for $flatten\layer1.$add$tcn_8ch_layer_parallel.v:61$2247 ($add).
  creating $macc model for $flatten\layer1.$add$tcn_8ch_layer_parallel.v:61$2249 ($add).
  creating $macc model for $flatten\layer1.$add$tcn_8ch_layer_parallel.v:61$2253 ($add).
  creating $macc model for $flatten\layer1.$add$tcn_8ch_layer_parallel.v:61$2255 ($add).
  creating $macc model for $flatten\layer1.$add$tcn_8ch_layer_parallel.v:61$2257 ($add).
  creating $macc model for $flatten\layer1.$add$tcn_8ch_layer_parallel.v:61$2265 ($add).
  creating $macc model for $flatten\layer1.$add$tcn_8ch_layer_parallel.v:61$2267 ($add).
  creating $macc model for $flatten\layer1.$add$tcn_8ch_layer_parallel.v:61$2269 ($add).
  creating $macc model for $flatten\layer1.$add$tcn_8ch_layer_parallel.v:61$2273 ($add).
  creating $macc model for $flatten\layer1.$add$tcn_8ch_layer_parallel.v:61$2275 ($add).
  creating $macc model for $flatten\layer1.$add$tcn_8ch_layer_parallel.v:61$2277 ($add).
  creating $macc model for $flatten\layer1.$add$tcn_8ch_layer_parallel.v:61$2279 ($add).
  creating $macc model for $flatten\layer1.$add$tcn_8ch_layer_parallel.v:61$2283 ($add).
  creating $macc model for $flatten\layer1.$add$tcn_8ch_layer_parallel.v:61$2285 ($add).
  creating $macc model for $flatten\layer1.$add$tcn_8ch_layer_parallel.v:61$2289 ($add).
  creating $macc model for $flatten\layer1.$add$tcn_8ch_layer_parallel.v:61$2293 ($add).
  creating $macc model for $flatten\layer1.$add$tcn_8ch_layer_parallel.v:61$2295 ($add).
  creating $macc model for $flatten\layer1.$add$tcn_8ch_layer_parallel.v:61$2297 ($add).
  creating $macc model for $flatten\layer1.$add$tcn_8ch_layer_parallel.v:61$2299 ($add).
  creating $macc model for $flatten\layer1.$add$tcn_8ch_layer_parallel.v:61$2303 ($add).
  creating $macc model for $flatten\layer1.$add$tcn_8ch_layer_parallel.v:61$2305 ($add).
  creating $macc model for $flatten\layer1.$add$tcn_8ch_layer_parallel.v:61$2307 ($add).
  creating $macc model for $flatten\layer1.$add$tcn_8ch_layer_parallel.v:61$2309 ($add).
  creating $macc model for $flatten\layer1.$add$tcn_8ch_layer_parallel.v:61$2313 ($add).
  creating $macc model for $flatten\layer1.$add$tcn_8ch_layer_parallel.v:61$2317 ($add).
  creating $macc model for $flatten\layer1.$add$tcn_8ch_layer_parallel.v:61$2319 ($add).
  creating $macc model for $flatten\layer1.$add$tcn_8ch_layer_parallel.v:61$2323 ($add).
  creating $macc model for $flatten\layer1.$add$tcn_8ch_layer_parallel.v:61$2325 ($add).
  creating $macc model for $flatten\layer1.$add$tcn_8ch_layer_parallel.v:61$2327 ($add).
  creating $macc model for $flatten\layer1.$add$tcn_8ch_layer_parallel.v:61$2329 ($add).
  creating $macc model for $flatten\layer1.$mul$tcn_8ch_layer_parallel.v:58$1720 ($neg).
  creating $macc model for $flatten\layer1.$mul$tcn_8ch_layer_parallel.v:58$1750 ($mul).
  creating $macc model for $flatten\layer1.$mul$tcn_8ch_layer_parallel.v:58$1760 ($neg).
  creating $macc model for $flatten\layer1.$mul$tcn_8ch_layer_parallel.v:58$1770 ($neg).
  creating $macc model for $flatten\layer1.$mul$tcn_8ch_layer_parallel.v:58$1800 ($mul).
  creating $macc model for $flatten\layer1.$mul$tcn_8ch_layer_parallel.v:58$1810 ($neg).
  creating $macc model for $flatten\layer1.$mul$tcn_8ch_layer_parallel.v:58$1850 ($mul).
  creating $macc model for $flatten\layer1.$mul$tcn_8ch_layer_parallel.v:58$1860 ($neg).
  creating $macc model for $flatten\layer1.$mul$tcn_8ch_layer_parallel.v:58$1900 ($neg).
  creating $macc model for $flatten\layer1.$mul$tcn_8ch_layer_parallel.v:58$1950 ($neg).
  creating $macc model for $flatten\layer1.$mul$tcn_8ch_layer_parallel.v:58$1980 ($mul).
  creating $macc model for $flatten\layer1.$mul$tcn_8ch_layer_parallel.v:58$1990 ($neg).
  creating $macc model for $flatten\layer1.$mul$tcn_8ch_layer_parallel.v:58$2030 ($mul).
  creating $macc model for $flatten\layer1.$mul$tcn_8ch_layer_parallel.v:58$2040 ($neg).
  creating $macc model for $flatten\layer1.$mul$tcn_8ch_layer_parallel.v:58$2080 ($neg).
  creating $macc model for $flatten\layer1.$mul$tcn_8ch_layer_parallel.v:58$2090 ($neg).
  creating $macc model for $flatten\layer1.$mul$tcn_8ch_layer_parallel.v:58$2130 ($neg).
  creating $macc model for $flatten\layer1.$mul$tcn_8ch_layer_parallel.v:58$2160 ($mul).
  creating $macc model for $flatten\layer1.$mul$tcn_8ch_layer_parallel.v:58$2180 ($neg).
  creating $macc model for $flatten\layer1.$mul$tcn_8ch_layer_parallel.v:58$2210 ($mul).
  creating $macc model for $flatten\layer1.$mul$tcn_8ch_layer_parallel.v:58$2220 ($neg).
  creating $macc model for $flatten\layer1.$mul$tcn_8ch_layer_parallel.v:58$2260 ($mul).
  creating $macc model for $flatten\layer1.$mul$tcn_8ch_layer_parallel.v:58$2270 ($neg).
  creating $macc model for $flatten\layer1.$mul$tcn_8ch_layer_parallel.v:58$2310 ($neg).
  creating $macc model for $flatten\layer1.$mul$tcn_8ch_layer_parallel.v:62$1692 ($neg).
  creating $macc model for $flatten\layer1.$mul$tcn_8ch_layer_parallel.v:62$1694 ($mul).
  creating $macc model for $flatten\layer1.$mul$tcn_8ch_layer_parallel.v:62$1704 ($neg).
  creating $macc model for $flatten\layer1.$mul$tcn_8ch_layer_parallel.v:62$1716 ($neg).
  creating $macc model for $flatten\layer1.$mul$tcn_8ch_layer_parallel.v:62$1718 ($mul).
  creating $macc model for $flatten\layer1.$mul$tcn_8ch_layer_parallel.v:62$1722 ($mul).
  creating $macc model for $flatten\layer1.$mul$tcn_8ch_layer_parallel.v:62$1728 ($neg).
  creating $macc model for $flatten\layer1.$mul$tcn_8ch_layer_parallel.v:62$1732 ($neg).
  creating $macc model for $flatten\layer1.$mul$tcn_8ch_layer_parallel.v:62$1744 ($neg).
  creating $macc model for $flatten\layer1.$mul$tcn_8ch_layer_parallel.v:62$1746 ($mul).
  creating $macc model for $flatten\layer1.$mul$tcn_8ch_layer_parallel.v:62$1756 ($neg).
  creating $macc model for $flatten\layer1.$mul$tcn_8ch_layer_parallel.v:62$1768 ($neg).
  creating $macc model for $flatten\layer1.$mul$tcn_8ch_layer_parallel.v:62$1772 ($mul).
  creating $macc model for $flatten\layer1.$mul$tcn_8ch_layer_parallel.v:62$1778 ($neg).
  creating $macc model for $flatten\layer1.$mul$tcn_8ch_layer_parallel.v:62$1782 ($neg).
  creating $macc model for $flatten\layer1.$mul$tcn_8ch_layer_parallel.v:62$1794 ($neg).
  creating $macc model for $flatten\layer1.$mul$tcn_8ch_layer_parallel.v:62$1796 ($mul).
  creating $macc model for $flatten\layer1.$mul$tcn_8ch_layer_parallel.v:62$1806 ($neg).
  creating $macc model for $flatten\layer1.$mul$tcn_8ch_layer_parallel.v:62$1818 ($neg).
  creating $macc model for $flatten\layer1.$mul$tcn_8ch_layer_parallel.v:62$1822 ($neg).
  creating $macc model for $flatten\layer1.$mul$tcn_8ch_layer_parallel.v:62$1824 ($mul).
  creating $macc model for $flatten\layer1.$mul$tcn_8ch_layer_parallel.v:62$1834 ($neg).
  creating $macc model for $flatten\layer1.$mul$tcn_8ch_layer_parallel.v:62$1846 ($neg).
  creating $macc model for $flatten\layer1.$mul$tcn_8ch_layer_parallel.v:62$1848 ($mul).
  creating $macc model for $flatten\layer1.$mul$tcn_8ch_layer_parallel.v:62$1856 ($neg).
  creating $macc model for $flatten\layer1.$mul$tcn_8ch_layer_parallel.v:62$1868 ($neg).
  creating $macc model for $flatten\layer1.$mul$tcn_8ch_layer_parallel.v:62$1872 ($neg).
  creating $macc model for $flatten\layer1.$mul$tcn_8ch_layer_parallel.v:62$1874 ($mul).
  creating $macc model for $flatten\layer1.$mul$tcn_8ch_layer_parallel.v:62$1884 ($neg).
  creating $macc model for $flatten\layer1.$mul$tcn_8ch_layer_parallel.v:62$1896 ($neg).
  creating $macc model for $flatten\layer1.$mul$tcn_8ch_layer_parallel.v:62$1898 ($mul).
  creating $macc model for $flatten\layer1.$mul$tcn_8ch_layer_parallel.v:62$1902 ($mul).
  creating $macc model for $flatten\layer1.$mul$tcn_8ch_layer_parallel.v:62$1908 ($neg).
  creating $macc model for $flatten\layer1.$mul$tcn_8ch_layer_parallel.v:62$1912 ($neg).
  creating $macc model for $flatten\layer1.$mul$tcn_8ch_layer_parallel.v:62$1924 ($neg).
  creating $macc model for $flatten\layer1.$mul$tcn_8ch_layer_parallel.v:62$1926 ($mul).
  creating $macc model for $flatten\layer1.$mul$tcn_8ch_layer_parallel.v:62$1934 ($neg).
  creating $macc model for $flatten\layer1.$mul$tcn_8ch_layer_parallel.v:62$1946 ($neg).
  creating $macc model for $flatten\layer1.$mul$tcn_8ch_layer_parallel.v:62$1948 ($mul).
  creating $macc model for $flatten\layer1.$mul$tcn_8ch_layer_parallel.v:62$1952 ($mul).
  creating $macc model for $flatten\layer1.$mul$tcn_8ch_layer_parallel.v:62$1958 ($neg).
  creating $macc model for $flatten\layer1.$mul$tcn_8ch_layer_parallel.v:62$1962 ($neg).
  creating $macc model for $flatten\layer1.$mul$tcn_8ch_layer_parallel.v:62$1974 ($neg).
  creating $macc model for $flatten\layer1.$mul$tcn_8ch_layer_parallel.v:62$1976 ($mul).
  creating $macc model for $flatten\layer1.$mul$tcn_8ch_layer_parallel.v:62$1986 ($neg).
  creating $macc model for $flatten\layer1.$mul$tcn_8ch_layer_parallel.v:62$1998 ($neg).
  creating $macc model for $flatten\layer1.$mul$tcn_8ch_layer_parallel.v:62$2002 ($neg).
  creating $macc model for $flatten\layer1.$mul$tcn_8ch_layer_parallel.v:62$2004 ($mul).
  creating $macc model for $flatten\layer1.$mul$tcn_8ch_layer_parallel.v:62$2012 ($neg).
  creating $macc model for $flatten\layer1.$mul$tcn_8ch_layer_parallel.v:62$2024 ($neg).
  creating $macc model for $flatten\layer1.$mul$tcn_8ch_layer_parallel.v:62$2026 ($mul).
  creating $macc model for $flatten\layer1.$mul$tcn_8ch_layer_parallel.v:62$2036 ($neg).
  creating $macc model for $flatten\layer1.$mul$tcn_8ch_layer_parallel.v:62$2048 ($neg).
  creating $macc model for $flatten\layer1.$mul$tcn_8ch_layer_parallel.v:62$2052 ($neg).
  creating $macc model for $flatten\layer1.$mul$tcn_8ch_layer_parallel.v:62$2054 ($mul).
  creating $macc model for $flatten\layer1.$mul$tcn_8ch_layer_parallel.v:62$2064 ($neg).
  creating $macc model for $flatten\layer1.$mul$tcn_8ch_layer_parallel.v:62$2076 ($neg).
  creating $macc model for $flatten\layer1.$mul$tcn_8ch_layer_parallel.v:62$2078 ($mul).
  creating $macc model for $flatten\layer1.$mul$tcn_8ch_layer_parallel.v:62$2082 ($mul).
  creating $macc model for $flatten\layer1.$mul$tcn_8ch_layer_parallel.v:62$2088 ($neg).
  creating $macc model for $flatten\layer1.$mul$tcn_8ch_layer_parallel.v:62$2098 ($neg).
  creating $macc model for $flatten\layer1.$mul$tcn_8ch_layer_parallel.v:62$2102 ($neg).
  creating $macc model for $flatten\layer1.$mul$tcn_8ch_layer_parallel.v:62$2104 ($mul).
  creating $macc model for $flatten\layer1.$mul$tcn_8ch_layer_parallel.v:62$2114 ($neg).
  creating $macc model for $flatten\layer1.$mul$tcn_8ch_layer_parallel.v:62$2126 ($neg).
  creating $macc model for $flatten\layer1.$mul$tcn_8ch_layer_parallel.v:62$2128 ($mul).
  creating $macc model for $flatten\layer1.$mul$tcn_8ch_layer_parallel.v:62$2132 ($mul).
  creating $macc model for $flatten\layer1.$mul$tcn_8ch_layer_parallel.v:62$2138 ($neg).
  creating $macc model for $flatten\layer1.$mul$tcn_8ch_layer_parallel.v:62$2142 ($neg).
  creating $macc model for $flatten\layer1.$mul$tcn_8ch_layer_parallel.v:62$2154 ($neg).
  creating $macc model for $flatten\layer1.$mul$tcn_8ch_layer_parallel.v:62$2156 ($mul).
  creating $macc model for $flatten\layer1.$mul$tcn_8ch_layer_parallel.v:62$2166 ($neg).
  creating $macc model for $flatten\layer1.$mul$tcn_8ch_layer_parallel.v:62$2176 ($neg).
  creating $macc model for $flatten\layer1.$mul$tcn_8ch_layer_parallel.v:62$2178 ($mul).
  creating $macc model for $flatten\layer1.$mul$tcn_8ch_layer_parallel.v:62$2182 ($mul).
  creating $macc model for $flatten\layer1.$mul$tcn_8ch_layer_parallel.v:62$2188 ($neg).
  creating $macc model for $flatten\layer1.$mul$tcn_8ch_layer_parallel.v:62$2192 ($neg).
  creating $macc model for $flatten\layer1.$mul$tcn_8ch_layer_parallel.v:62$2204 ($neg).
  creating $macc model for $flatten\layer1.$mul$tcn_8ch_layer_parallel.v:62$2206 ($mul).
  creating $macc model for $flatten\layer1.$mul$tcn_8ch_layer_parallel.v:62$2216 ($neg).
  creating $macc model for $flatten\layer1.$mul$tcn_8ch_layer_parallel.v:62$2228 ($neg).
  creating $macc model for $flatten\layer1.$mul$tcn_8ch_layer_parallel.v:62$2232 ($neg).
  creating $macc model for $flatten\layer1.$mul$tcn_8ch_layer_parallel.v:62$2234 ($mul).
  creating $macc model for $flatten\layer1.$mul$tcn_8ch_layer_parallel.v:62$2244 ($neg).
  creating $macc model for $flatten\layer1.$mul$tcn_8ch_layer_parallel.v:62$2254 ($neg).
  creating $macc model for $flatten\layer1.$mul$tcn_8ch_layer_parallel.v:62$2256 ($mul).
  creating $macc model for $flatten\layer1.$mul$tcn_8ch_layer_parallel.v:62$2266 ($neg).
  creating $macc model for $flatten\layer1.$mul$tcn_8ch_layer_parallel.v:62$2278 ($neg).
  creating $macc model for $flatten\layer1.$mul$tcn_8ch_layer_parallel.v:62$2282 ($neg).
  creating $macc model for $flatten\layer1.$mul$tcn_8ch_layer_parallel.v:62$2284 ($mul).
  creating $macc model for $flatten\layer1.$mul$tcn_8ch_layer_parallel.v:62$2294 ($neg).
  creating $macc model for $flatten\layer1.$mul$tcn_8ch_layer_parallel.v:62$2306 ($neg).
  creating $macc model for $flatten\layer1.$mul$tcn_8ch_layer_parallel.v:62$2308 ($mul).
  creating $macc model for $flatten\layer1.$mul$tcn_8ch_layer_parallel.v:62$2312 ($mul).
  creating $macc model for $flatten\layer1.$mul$tcn_8ch_layer_parallel.v:62$2318 ($neg).
  creating $macc model for $flatten\layer1.$mul$tcn_8ch_layer_parallel.v:62$2322 ($neg).
  merging $macc model for $flatten\layer1.$add$tcn_8ch_layer_parallel.v:61$2327 into $flatten\layer1.$add$tcn_8ch_layer_parallel.v:61$2329.
  merging $macc model for $flatten\layer1.$add$tcn_8ch_layer_parallel.v:61$2325 into $flatten\layer1.$add$tcn_8ch_layer_parallel.v:61$2329.
  merging $macc model for $flatten\layer1.$add$tcn_8ch_layer_parallel.v:61$2323 into $flatten\layer1.$add$tcn_8ch_layer_parallel.v:61$2329.
  merging $macc model for $flatten\layer1.$add$tcn_8ch_layer_parallel.v:57$2321 into $flatten\layer1.$add$tcn_8ch_layer_parallel.v:61$2329.
  merging $macc model for $flatten\layer1.$add$tcn_8ch_layer_parallel.v:61$2319 into $flatten\layer1.$add$tcn_8ch_layer_parallel.v:61$2329.
  merging $macc model for $flatten\layer1.$add$tcn_8ch_layer_parallel.v:61$2317 into $flatten\layer1.$add$tcn_8ch_layer_parallel.v:61$2329.
  merging $macc model for $flatten\layer1.$add$tcn_8ch_layer_parallel.v:61$2313 into $flatten\layer1.$add$tcn_8ch_layer_parallel.v:61$2329.
  merging $macc model for $flatten\layer1.$add$tcn_8ch_layer_parallel.v:57$2311 into $flatten\layer1.$add$tcn_8ch_layer_parallel.v:61$2329.
  merging $macc model for $flatten\layer1.$add$tcn_8ch_layer_parallel.v:61$2309 into $flatten\layer1.$add$tcn_8ch_layer_parallel.v:61$2329.
  merging $macc model for $flatten\layer1.$add$tcn_8ch_layer_parallel.v:61$2307 into $flatten\layer1.$add$tcn_8ch_layer_parallel.v:61$2329.
  merging $macc model for $flatten\layer1.$add$tcn_8ch_layer_parallel.v:61$2305 into $flatten\layer1.$add$tcn_8ch_layer_parallel.v:61$2329.
  merging $macc model for $flatten\layer1.$add$tcn_8ch_layer_parallel.v:61$2303 into $flatten\layer1.$add$tcn_8ch_layer_parallel.v:61$2329.
  merging $macc model for $flatten\layer1.$add$tcn_8ch_layer_parallel.v:57$2301 into $flatten\layer1.$add$tcn_8ch_layer_parallel.v:61$2329.
  merging $macc model for $flatten\layer1.$add$tcn_8ch_layer_parallel.v:61$2299 into $flatten\layer1.$add$tcn_8ch_layer_parallel.v:61$2329.
  merging $macc model for $flatten\layer1.$add$tcn_8ch_layer_parallel.v:61$2297 into $flatten\layer1.$add$tcn_8ch_layer_parallel.v:61$2329.
  merging $macc model for $flatten\layer1.$add$tcn_8ch_layer_parallel.v:61$2295 into $flatten\layer1.$add$tcn_8ch_layer_parallel.v:61$2329.
  merging $macc model for $flatten\layer1.$add$tcn_8ch_layer_parallel.v:61$2293 into $flatten\layer1.$add$tcn_8ch_layer_parallel.v:61$2329.
  merging $macc model for $flatten\layer1.$add$tcn_8ch_layer_parallel.v:61$2289 into $flatten\layer1.$add$tcn_8ch_layer_parallel.v:61$2329.
  merging $macc model for $flatten\layer1.$add$tcn_8ch_layer_parallel.v:61$2285 into $flatten\layer1.$add$tcn_8ch_layer_parallel.v:61$2329.
  merging $macc model for $flatten\layer1.$add$tcn_8ch_layer_parallel.v:61$2283 into $flatten\layer1.$add$tcn_8ch_layer_parallel.v:61$2329.
  merging $macc model for $flatten\layer1.$add$tcn_8ch_layer_parallel.v:57$2281 into $flatten\layer1.$add$tcn_8ch_layer_parallel.v:61$2329.
  merging $macc model for $flatten\layer1.$add$tcn_8ch_layer_parallel.v:61$2279 into $flatten\layer1.$add$tcn_8ch_layer_parallel.v:61$2329.
  merging $macc model for $flatten\layer1.$add$tcn_8ch_layer_parallel.v:61$2277 into $flatten\layer1.$add$tcn_8ch_layer_parallel.v:61$2329.
  merging $macc model for $flatten\layer1.$add$tcn_8ch_layer_parallel.v:61$2275 into $flatten\layer1.$add$tcn_8ch_layer_parallel.v:61$2329.
  merging $macc model for $flatten\layer1.$add$tcn_8ch_layer_parallel.v:61$2273 into $flatten\layer1.$add$tcn_8ch_layer_parallel.v:61$2329.
  merging $macc model for $flatten\layer1.$add$tcn_8ch_layer_parallel.v:57$2271 into $flatten\layer1.$add$tcn_8ch_layer_parallel.v:61$2329.
  merging $macc model for $flatten\layer1.$add$tcn_8ch_layer_parallel.v:61$2269 into $flatten\layer1.$add$tcn_8ch_layer_parallel.v:61$2329.
  merging $macc model for $flatten\layer1.$add$tcn_8ch_layer_parallel.v:61$2267 into $flatten\layer1.$add$tcn_8ch_layer_parallel.v:61$2329.
  merging $macc model for $flatten\layer1.$add$tcn_8ch_layer_parallel.v:61$2265 into $flatten\layer1.$add$tcn_8ch_layer_parallel.v:61$2329.
  merging $macc model for $flatten\layer1.$add$tcn_8ch_layer_parallel.v:57$2261 into $flatten\layer1.$add$tcn_8ch_layer_parallel.v:61$2329.
  merging $macc model for $flatten\layer1.$add$tcn_8ch_layer_parallel.v:61$2257 into $flatten\layer1.$add$tcn_8ch_layer_parallel.v:61$2329.
  merging $macc model for $flatten\layer1.$add$tcn_8ch_layer_parallel.v:61$2255 into $flatten\layer1.$add$tcn_8ch_layer_parallel.v:61$2329.
  merging $macc model for $flatten\layer1.$mul$tcn_8ch_layer_parallel.v:58$2310 into $flatten\layer1.$add$tcn_8ch_layer_parallel.v:61$2329.
  merging $macc model for $flatten\layer1.$mul$tcn_8ch_layer_parallel.v:62$2306 into $flatten\layer1.$add$tcn_8ch_layer_parallel.v:61$2329.
  merging $macc model for $flatten\layer1.$mul$tcn_8ch_layer_parallel.v:62$2282 into $flatten\layer1.$add$tcn_8ch_layer_parallel.v:61$2329.
  merging $macc model for $flatten\layer1.$mul$tcn_8ch_layer_parallel.v:62$2278 into $flatten\layer1.$add$tcn_8ch_layer_parallel.v:61$2329.
  merging $macc model for $flatten\layer1.$mul$tcn_8ch_layer_parallel.v:62$2254 into $flatten\layer1.$add$tcn_8ch_layer_parallel.v:61$2329.
  merging $macc model for $flatten\layer1.$add$tcn_8ch_layer_parallel.v:61$2247 into $flatten\layer1.$add$tcn_8ch_layer_parallel.v:61$2249.
  merging $macc model for $flatten\layer1.$add$tcn_8ch_layer_parallel.v:61$2245 into $flatten\layer1.$add$tcn_8ch_layer_parallel.v:61$2249.
  merging $macc model for $flatten\layer1.$add$tcn_8ch_layer_parallel.v:61$2243 into $flatten\layer1.$add$tcn_8ch_layer_parallel.v:61$2249.
  merging $macc model for $flatten\layer1.$add$tcn_8ch_layer_parallel.v:61$2239 into $flatten\layer1.$add$tcn_8ch_layer_parallel.v:61$2249.
  merging $macc model for $flatten\layer1.$add$tcn_8ch_layer_parallel.v:61$2235 into $flatten\layer1.$add$tcn_8ch_layer_parallel.v:61$2249.
  merging $macc model for $flatten\layer1.$add$tcn_8ch_layer_parallel.v:61$2233 into $flatten\layer1.$add$tcn_8ch_layer_parallel.v:61$2249.
  merging $macc model for $flatten\layer1.$add$tcn_8ch_layer_parallel.v:57$2231 into $flatten\layer1.$add$tcn_8ch_layer_parallel.v:61$2249.
  merging $macc model for $flatten\layer1.$add$tcn_8ch_layer_parallel.v:61$2229 into $flatten\layer1.$add$tcn_8ch_layer_parallel.v:61$2249.
  merging $macc model for $flatten\layer1.$add$tcn_8ch_layer_parallel.v:61$2227 into $flatten\layer1.$add$tcn_8ch_layer_parallel.v:61$2249.
  merging $macc model for $flatten\layer1.$add$tcn_8ch_layer_parallel.v:61$2225 into $flatten\layer1.$add$tcn_8ch_layer_parallel.v:61$2249.
  merging $macc model for $flatten\layer1.$add$tcn_8ch_layer_parallel.v:61$2223 into $flatten\layer1.$add$tcn_8ch_layer_parallel.v:61$2249.
  merging $macc model for $flatten\layer1.$add$tcn_8ch_layer_parallel.v:57$2221 into $flatten\layer1.$add$tcn_8ch_layer_parallel.v:61$2249.
  merging $macc model for $flatten\layer1.$add$tcn_8ch_layer_parallel.v:61$2219 into $flatten\layer1.$add$tcn_8ch_layer_parallel.v:61$2249.
  merging $macc model for $flatten\layer1.$add$tcn_8ch_layer_parallel.v:61$2217 into $flatten\layer1.$add$tcn_8ch_layer_parallel.v:61$2249.
  merging $macc model for $flatten\layer1.$add$tcn_8ch_layer_parallel.v:61$2215 into $flatten\layer1.$add$tcn_8ch_layer_parallel.v:61$2249.
  merging $macc model for $flatten\layer1.$add$tcn_8ch_layer_parallel.v:57$2211 into $flatten\layer1.$add$tcn_8ch_layer_parallel.v:61$2249.
  merging $macc model for $flatten\layer1.$add$tcn_8ch_layer_parallel.v:61$2207 into $flatten\layer1.$add$tcn_8ch_layer_parallel.v:61$2249.
  merging $macc model for $flatten\layer1.$add$tcn_8ch_layer_parallel.v:61$2205 into $flatten\layer1.$add$tcn_8ch_layer_parallel.v:61$2249.
  merging $macc model for $flatten\layer1.$add$tcn_8ch_layer_parallel.v:61$2203 into $flatten\layer1.$add$tcn_8ch_layer_parallel.v:61$2249.
  merging $macc model for $flatten\layer1.$add$tcn_8ch_layer_parallel.v:57$2201 into $flatten\layer1.$add$tcn_8ch_layer_parallel.v:61$2249.
  merging $macc model for $flatten\layer1.$add$tcn_8ch_layer_parallel.v:61$2199 into $flatten\layer1.$add$tcn_8ch_layer_parallel.v:61$2249.
  merging $macc model for $flatten\layer1.$add$tcn_8ch_layer_parallel.v:61$2197 into $flatten\layer1.$add$tcn_8ch_layer_parallel.v:61$2249.
  merging $macc model for $flatten\layer1.$add$tcn_8ch_layer_parallel.v:61$2195 into $flatten\layer1.$add$tcn_8ch_layer_parallel.v:61$2249.
  merging $macc model for $flatten\layer1.$add$tcn_8ch_layer_parallel.v:61$2193 into $flatten\layer1.$add$tcn_8ch_layer_parallel.v:61$2249.
  merging $macc model for $flatten\layer1.$add$tcn_8ch_layer_parallel.v:57$2191 into $flatten\layer1.$add$tcn_8ch_layer_parallel.v:61$2249.
  merging $macc model for $flatten\layer1.$add$tcn_8ch_layer_parallel.v:61$2189 into $flatten\layer1.$add$tcn_8ch_layer_parallel.v:61$2249.
  merging $macc model for $flatten\layer1.$add$tcn_8ch_layer_parallel.v:61$2187 into $flatten\layer1.$add$tcn_8ch_layer_parallel.v:61$2249.
  merging $macc model for $flatten\layer1.$add$tcn_8ch_layer_parallel.v:61$2183 into $flatten\layer1.$add$tcn_8ch_layer_parallel.v:61$2249.
  merging $macc model for $flatten\layer1.$add$tcn_8ch_layer_parallel.v:57$2181 into $flatten\layer1.$add$tcn_8ch_layer_parallel.v:61$2249.
  merging $macc model for $flatten\layer1.$add$tcn_8ch_layer_parallel.v:61$2179 into $flatten\layer1.$add$tcn_8ch_layer_parallel.v:61$2249.
  merging $macc model for $flatten\layer1.$add$tcn_8ch_layer_parallel.v:61$2177 into $flatten\layer1.$add$tcn_8ch_layer_parallel.v:61$2249.
  merging $macc model for $flatten\layer1.$mul$tcn_8ch_layer_parallel.v:62$2232 into $flatten\layer1.$add$tcn_8ch_layer_parallel.v:61$2249.
  merging $macc model for $flatten\layer1.$mul$tcn_8ch_layer_parallel.v:62$2228 into $flatten\layer1.$add$tcn_8ch_layer_parallel.v:61$2249.
  merging $macc model for $flatten\layer1.$mul$tcn_8ch_layer_parallel.v:62$2204 into $flatten\layer1.$add$tcn_8ch_layer_parallel.v:61$2249.
  merging $macc model for $flatten\layer1.$mul$tcn_8ch_layer_parallel.v:58$2180 into $flatten\layer1.$add$tcn_8ch_layer_parallel.v:61$2249.
  merging $macc model for $flatten\layer1.$mul$tcn_8ch_layer_parallel.v:62$2176 into $flatten\layer1.$add$tcn_8ch_layer_parallel.v:61$2249.
  merging $macc model for $flatten\layer1.$add$tcn_8ch_layer_parallel.v:61$2173 into $flatten\layer1.$add$tcn_8ch_layer_parallel.v:61$2175.
  merging $macc model for $flatten\layer1.$add$tcn_8ch_layer_parallel.v:61$2167 into $flatten\layer1.$add$tcn_8ch_layer_parallel.v:61$2169.
  merging $macc model for $flatten\layer1.$add$tcn_8ch_layer_parallel.v:61$2165 into $flatten\layer1.$add$tcn_8ch_layer_parallel.v:61$2169.
  merging $macc model for $flatten\layer1.$add$tcn_8ch_layer_parallel.v:57$2161 into $flatten\layer1.$add$tcn_8ch_layer_parallel.v:61$2169.
  merging $macc model for $flatten\layer1.$add$tcn_8ch_layer_parallel.v:61$2157 into $flatten\layer1.$add$tcn_8ch_layer_parallel.v:61$2169.
  merging $macc model for $flatten\layer1.$add$tcn_8ch_layer_parallel.v:61$2155 into $flatten\layer1.$add$tcn_8ch_layer_parallel.v:61$2169.
  merging $macc model for $flatten\layer1.$add$tcn_8ch_layer_parallel.v:61$2153 into $flatten\layer1.$add$tcn_8ch_layer_parallel.v:61$2169.
  merging $macc model for $flatten\layer1.$add$tcn_8ch_layer_parallel.v:57$2151 into $flatten\layer1.$add$tcn_8ch_layer_parallel.v:61$2169.
  merging $macc model for $flatten\layer1.$add$tcn_8ch_layer_parallel.v:61$2149 into $flatten\layer1.$add$tcn_8ch_layer_parallel.v:61$2169.
  merging $macc model for $flatten\layer1.$add$tcn_8ch_layer_parallel.v:61$2147 into $flatten\layer1.$add$tcn_8ch_layer_parallel.v:61$2169.
  merging $macc model for $flatten\layer1.$add$tcn_8ch_layer_parallel.v:61$2145 into $flatten\layer1.$add$tcn_8ch_layer_parallel.v:61$2169.
  merging $macc model for $flatten\layer1.$add$tcn_8ch_layer_parallel.v:61$2143 into $flatten\layer1.$add$tcn_8ch_layer_parallel.v:61$2169.
  merging $macc model for $flatten\layer1.$add$tcn_8ch_layer_parallel.v:57$2141 into $flatten\layer1.$add$tcn_8ch_layer_parallel.v:61$2169.
  merging $macc model for $flatten\layer1.$add$tcn_8ch_layer_parallel.v:61$2139 into $flatten\layer1.$add$tcn_8ch_layer_parallel.v:61$2169.
  merging $macc model for $flatten\layer1.$add$tcn_8ch_layer_parallel.v:61$2137 into $flatten\layer1.$add$tcn_8ch_layer_parallel.v:61$2169.
  merging $macc model for $flatten\layer1.$add$tcn_8ch_layer_parallel.v:61$2133 into $flatten\layer1.$add$tcn_8ch_layer_parallel.v:61$2169.
  merging $macc model for $flatten\layer1.$add$tcn_8ch_layer_parallel.v:57$2131 into $flatten\layer1.$add$tcn_8ch_layer_parallel.v:61$2169.
  merging $macc model for $flatten\layer1.$add$tcn_8ch_layer_parallel.v:61$2129 into $flatten\layer1.$add$tcn_8ch_layer_parallel.v:61$2169.
  merging $macc model for $flatten\layer1.$add$tcn_8ch_layer_parallel.v:61$2127 into $flatten\layer1.$add$tcn_8ch_layer_parallel.v:61$2169.
  merging $macc model for $flatten\layer1.$add$tcn_8ch_layer_parallel.v:61$2125 into $flatten\layer1.$add$tcn_8ch_layer_parallel.v:61$2169.
  merging $macc model for $flatten\layer1.$add$tcn_8ch_layer_parallel.v:61$2123 into $flatten\layer1.$add$tcn_8ch_layer_parallel.v:61$2169.
  merging $macc model for $flatten\layer1.$add$tcn_8ch_layer_parallel.v:57$2121 into $flatten\layer1.$add$tcn_8ch_layer_parallel.v:61$2169.
  merging $macc model for $flatten\layer1.$add$tcn_8ch_layer_parallel.v:61$2119 into $flatten\layer1.$add$tcn_8ch_layer_parallel.v:61$2169.
  merging $macc model for $flatten\layer1.$add$tcn_8ch_layer_parallel.v:61$2117 into $flatten\layer1.$add$tcn_8ch_layer_parallel.v:61$2169.
  merging $macc model for $flatten\layer1.$add$tcn_8ch_layer_parallel.v:61$2115 into $flatten\layer1.$add$tcn_8ch_layer_parallel.v:61$2169.
  merging $macc model for $flatten\layer1.$add$tcn_8ch_layer_parallel.v:61$2113 into $flatten\layer1.$add$tcn_8ch_layer_parallel.v:61$2169.
  merging $macc model for $flatten\layer1.$add$tcn_8ch_layer_parallel.v:61$2109 into $flatten\layer1.$add$tcn_8ch_layer_parallel.v:61$2169.
  merging $macc model for $flatten\layer1.$add$tcn_8ch_layer_parallel.v:61$2105 into $flatten\layer1.$add$tcn_8ch_layer_parallel.v:61$2169.
  merging $macc model for $flatten\layer1.$add$tcn_8ch_layer_parallel.v:61$2103 into $flatten\layer1.$add$tcn_8ch_layer_parallel.v:61$2169.
  merging $macc model for $flatten\layer1.$add$tcn_8ch_layer_parallel.v:57$2101 into $flatten\layer1.$add$tcn_8ch_layer_parallel.v:61$2169.
  merging $macc model for $flatten\layer1.$add$tcn_8ch_layer_parallel.v:61$2099 into $flatten\layer1.$add$tcn_8ch_layer_parallel.v:61$2169.
  merging $macc model for $flatten\layer1.$add$tcn_8ch_layer_parallel.v:61$2097 into $flatten\layer1.$add$tcn_8ch_layer_parallel.v:61$2169.
  merging $macc model for $flatten\layer1.$add$tcn_8ch_layer_parallel.v:61$2095 into $flatten\layer1.$add$tcn_8ch_layer_parallel.v:61$2169.
  merging $macc model for $flatten\layer1.$add$tcn_8ch_layer_parallel.v:61$2093 into $flatten\layer1.$add$tcn_8ch_layer_parallel.v:61$2169.
  merging $macc model for $flatten\layer1.$mul$tcn_8ch_layer_parallel.v:62$2154 into $flatten\layer1.$add$tcn_8ch_layer_parallel.v:61$2169.
  merging $macc model for $flatten\layer1.$mul$tcn_8ch_layer_parallel.v:58$2130 into $flatten\layer1.$add$tcn_8ch_layer_parallel.v:61$2169.
  merging $macc model for $flatten\layer1.$mul$tcn_8ch_layer_parallel.v:62$2126 into $flatten\layer1.$add$tcn_8ch_layer_parallel.v:61$2169.
  merging $macc model for $flatten\layer1.$mul$tcn_8ch_layer_parallel.v:62$2102 into $flatten\layer1.$add$tcn_8ch_layer_parallel.v:61$2169.
  merging $macc model for $flatten\layer1.$mul$tcn_8ch_layer_parallel.v:62$2098 into $flatten\layer1.$add$tcn_8ch_layer_parallel.v:61$2169.
  merging $macc model for $flatten\layer1.$add$tcn_8ch_layer_parallel.v:61$2087 into $flatten\layer1.$add$tcn_8ch_layer_parallel.v:61$2089.
  merging $macc model for $flatten\layer1.$add$tcn_8ch_layer_parallel.v:61$2083 into $flatten\layer1.$add$tcn_8ch_layer_parallel.v:61$2089.
  merging $macc model for $flatten\layer1.$add$tcn_8ch_layer_parallel.v:57$2081 into $flatten\layer1.$add$tcn_8ch_layer_parallel.v:61$2089.
  merging $macc model for $flatten\layer1.$add$tcn_8ch_layer_parallel.v:61$2079 into $flatten\layer1.$add$tcn_8ch_layer_parallel.v:61$2089.
  merging $macc model for $flatten\layer1.$add$tcn_8ch_layer_parallel.v:61$2077 into $flatten\layer1.$add$tcn_8ch_layer_parallel.v:61$2089.
  merging $macc model for $flatten\layer1.$add$tcn_8ch_layer_parallel.v:61$2075 into $flatten\layer1.$add$tcn_8ch_layer_parallel.v:61$2089.
  merging $macc model for $flatten\layer1.$add$tcn_8ch_layer_parallel.v:61$2073 into $flatten\layer1.$add$tcn_8ch_layer_parallel.v:61$2089.
  merging $macc model for $flatten\layer1.$add$tcn_8ch_layer_parallel.v:57$2071 into $flatten\layer1.$add$tcn_8ch_layer_parallel.v:61$2089.
  merging $macc model for $flatten\layer1.$add$tcn_8ch_layer_parallel.v:61$2069 into $flatten\layer1.$add$tcn_8ch_layer_parallel.v:61$2089.
  merging $macc model for $flatten\layer1.$add$tcn_8ch_layer_parallel.v:61$2067 into $flatten\layer1.$add$tcn_8ch_layer_parallel.v:61$2089.
  merging $macc model for $flatten\layer1.$add$tcn_8ch_layer_parallel.v:61$2065 into $flatten\layer1.$add$tcn_8ch_layer_parallel.v:61$2089.
  merging $macc model for $flatten\layer1.$add$tcn_8ch_layer_parallel.v:61$2063 into $flatten\layer1.$add$tcn_8ch_layer_parallel.v:61$2089.
  merging $macc model for $flatten\layer1.$add$tcn_8ch_layer_parallel.v:61$2059 into $flatten\layer1.$add$tcn_8ch_layer_parallel.v:61$2089.
  merging $macc model for $flatten\layer1.$add$tcn_8ch_layer_parallel.v:61$2055 into $flatten\layer1.$add$tcn_8ch_layer_parallel.v:61$2089.
  merging $macc model for $flatten\layer1.$add$tcn_8ch_layer_parallel.v:61$2053 into $flatten\layer1.$add$tcn_8ch_layer_parallel.v:61$2089.
  merging $macc model for $flatten\layer1.$add$tcn_8ch_layer_parallel.v:57$2051 into $flatten\layer1.$add$tcn_8ch_layer_parallel.v:61$2089.
  merging $macc model for $flatten\layer1.$add$tcn_8ch_layer_parallel.v:61$2049 into $flatten\layer1.$add$tcn_8ch_layer_parallel.v:61$2089.
  merging $macc model for $flatten\layer1.$add$tcn_8ch_layer_parallel.v:61$2047 into $flatten\layer1.$add$tcn_8ch_layer_parallel.v:61$2089.
  merging $macc model for $flatten\layer1.$add$tcn_8ch_layer_parallel.v:61$2045 into $flatten\layer1.$add$tcn_8ch_layer_parallel.v:61$2089.
  merging $macc model for $flatten\layer1.$add$tcn_8ch_layer_parallel.v:61$2043 into $flatten\layer1.$add$tcn_8ch_layer_parallel.v:61$2089.
  merging $macc model for $flatten\layer1.$add$tcn_8ch_layer_parallel.v:57$2041 into $flatten\layer1.$add$tcn_8ch_layer_parallel.v:61$2089.
  merging $macc model for $flatten\layer1.$add$tcn_8ch_layer_parallel.v:61$2039 into $flatten\layer1.$add$tcn_8ch_layer_parallel.v:61$2089.
  merging $macc model for $flatten\layer1.$add$tcn_8ch_layer_parallel.v:61$2037 into $flatten\layer1.$add$tcn_8ch_layer_parallel.v:61$2089.
  merging $macc model for $flatten\layer1.$add$tcn_8ch_layer_parallel.v:61$2035 into $flatten\layer1.$add$tcn_8ch_layer_parallel.v:61$2089.
  merging $macc model for $flatten\layer1.$add$tcn_8ch_layer_parallel.v:57$2031 into $flatten\layer1.$add$tcn_8ch_layer_parallel.v:61$2089.
  merging $macc model for $flatten\layer1.$add$tcn_8ch_layer_parallel.v:61$2027 into $flatten\layer1.$add$tcn_8ch_layer_parallel.v:61$2089.
  merging $macc model for $flatten\layer1.$add$tcn_8ch_layer_parallel.v:61$2025 into $flatten\layer1.$add$tcn_8ch_layer_parallel.v:61$2089.
  merging $macc model for $flatten\layer1.$add$tcn_8ch_layer_parallel.v:61$2023 into $flatten\layer1.$add$tcn_8ch_layer_parallel.v:61$2089.
  merging $macc model for $flatten\layer1.$add$tcn_8ch_layer_parallel.v:57$2021 into $flatten\layer1.$add$tcn_8ch_layer_parallel.v:61$2089.
  merging $macc model for $flatten\layer1.$add$tcn_8ch_layer_parallel.v:61$2019 into $flatten\layer1.$add$tcn_8ch_layer_parallel.v:61$2089.
  merging $macc model for $flatten\layer1.$add$tcn_8ch_layer_parallel.v:61$2017 into $flatten\layer1.$add$tcn_8ch_layer_parallel.v:61$2089.
  merging $macc model for $flatten\layer1.$add$tcn_8ch_layer_parallel.v:61$2015 into $flatten\layer1.$add$tcn_8ch_layer_parallel.v:61$2089.
  merging $macc model for $flatten\layer1.$add$tcn_8ch_layer_parallel.v:61$2013 into $flatten\layer1.$add$tcn_8ch_layer_parallel.v:61$2089.
  merging $macc model for $flatten\layer1.$mul$tcn_8ch_layer_parallel.v:58$2080 into $flatten\layer1.$add$tcn_8ch_layer_parallel.v:61$2089.
  merging $macc model for $flatten\layer1.$mul$tcn_8ch_layer_parallel.v:62$2076 into $flatten\layer1.$add$tcn_8ch_layer_parallel.v:61$2089.
  merging $macc model for $flatten\layer1.$mul$tcn_8ch_layer_parallel.v:62$2052 into $flatten\layer1.$add$tcn_8ch_layer_parallel.v:61$2089.
  merging $macc model for $flatten\layer1.$mul$tcn_8ch_layer_parallel.v:62$2048 into $flatten\layer1.$add$tcn_8ch_layer_parallel.v:61$2089.
  merging $macc model for $flatten\layer1.$mul$tcn_8ch_layer_parallel.v:62$2024 into $flatten\layer1.$add$tcn_8ch_layer_parallel.v:61$2089.
  merging $macc model for $flatten\layer1.$add$tcn_8ch_layer_parallel.v:61$2005 into $flatten\layer1.$add$tcn_8ch_layer_parallel.v:61$2009.
  merging $macc model for $flatten\layer1.$add$tcn_8ch_layer_parallel.v:61$2003 into $flatten\layer1.$add$tcn_8ch_layer_parallel.v:61$2009.
  merging $macc model for $flatten\layer1.$add$tcn_8ch_layer_parallel.v:57$2001 into $flatten\layer1.$add$tcn_8ch_layer_parallel.v:61$2009.
  merging $macc model for $flatten\layer1.$add$tcn_8ch_layer_parallel.v:61$1999 into $flatten\layer1.$add$tcn_8ch_layer_parallel.v:61$2009.
  merging $macc model for $flatten\layer1.$add$tcn_8ch_layer_parallel.v:61$1997 into $flatten\layer1.$add$tcn_8ch_layer_parallel.v:61$2009.
  merging $macc model for $flatten\layer1.$add$tcn_8ch_layer_parallel.v:61$1995 into $flatten\layer1.$add$tcn_8ch_layer_parallel.v:61$2009.
  merging $macc model for $flatten\layer1.$add$tcn_8ch_layer_parallel.v:61$1993 into $flatten\layer1.$add$tcn_8ch_layer_parallel.v:61$2009.
  merging $macc model for $flatten\layer1.$add$tcn_8ch_layer_parallel.v:57$1991 into $flatten\layer1.$add$tcn_8ch_layer_parallel.v:61$2009.
  merging $macc model for $flatten\layer1.$add$tcn_8ch_layer_parallel.v:61$1989 into $flatten\layer1.$add$tcn_8ch_layer_parallel.v:61$2009.
  merging $macc model for $flatten\layer1.$add$tcn_8ch_layer_parallel.v:61$1987 into $flatten\layer1.$add$tcn_8ch_layer_parallel.v:61$2009.
  merging $macc model for $flatten\layer1.$add$tcn_8ch_layer_parallel.v:61$1985 into $flatten\layer1.$add$tcn_8ch_layer_parallel.v:61$2009.
  merging $macc model for $flatten\layer1.$add$tcn_8ch_layer_parallel.v:57$1981 into $flatten\layer1.$add$tcn_8ch_layer_parallel.v:61$2009.
  merging $macc model for $flatten\layer1.$add$tcn_8ch_layer_parallel.v:61$1977 into $flatten\layer1.$add$tcn_8ch_layer_parallel.v:61$2009.
  merging $macc model for $flatten\layer1.$add$tcn_8ch_layer_parallel.v:61$1975 into $flatten\layer1.$add$tcn_8ch_layer_parallel.v:61$2009.
  merging $macc model for $flatten\layer1.$add$tcn_8ch_layer_parallel.v:61$1973 into $flatten\layer1.$add$tcn_8ch_layer_parallel.v:61$2009.
  merging $macc model for $flatten\layer1.$add$tcn_8ch_layer_parallel.v:57$1971 into $flatten\layer1.$add$tcn_8ch_layer_parallel.v:61$2009.
  merging $macc model for $flatten\layer1.$add$tcn_8ch_layer_parallel.v:61$1969 into $flatten\layer1.$add$tcn_8ch_layer_parallel.v:61$2009.
  merging $macc model for $flatten\layer1.$add$tcn_8ch_layer_parallel.v:61$1967 into $flatten\layer1.$add$tcn_8ch_layer_parallel.v:61$2009.
  merging $macc model for $flatten\layer1.$add$tcn_8ch_layer_parallel.v:61$1965 into $flatten\layer1.$add$tcn_8ch_layer_parallel.v:61$2009.
  merging $macc model for $flatten\layer1.$add$tcn_8ch_layer_parallel.v:61$1963 into $flatten\layer1.$add$tcn_8ch_layer_parallel.v:61$2009.
  merging $macc model for $flatten\layer1.$add$tcn_8ch_layer_parallel.v:57$1961 into $flatten\layer1.$add$tcn_8ch_layer_parallel.v:61$2009.
  merging $macc model for $flatten\layer1.$add$tcn_8ch_layer_parallel.v:61$1959 into $flatten\layer1.$add$tcn_8ch_layer_parallel.v:61$2009.
  merging $macc model for $flatten\layer1.$add$tcn_8ch_layer_parallel.v:61$1957 into $flatten\layer1.$add$tcn_8ch_layer_parallel.v:61$2009.
  merging $macc model for $flatten\layer1.$add$tcn_8ch_layer_parallel.v:61$1953 into $flatten\layer1.$add$tcn_8ch_layer_parallel.v:61$2009.
  merging $macc model for $flatten\layer1.$add$tcn_8ch_layer_parallel.v:57$1951 into $flatten\layer1.$add$tcn_8ch_layer_parallel.v:61$2009.
  merging $macc model for $flatten\layer1.$add$tcn_8ch_layer_parallel.v:61$1949 into $flatten\layer1.$add$tcn_8ch_layer_parallel.v:61$2009.
  merging $macc model for $flatten\layer1.$add$tcn_8ch_layer_parallel.v:61$1947 into $flatten\layer1.$add$tcn_8ch_layer_parallel.v:61$2009.
  merging $macc model for $flatten\layer1.$add$tcn_8ch_layer_parallel.v:61$1945 into $flatten\layer1.$add$tcn_8ch_layer_parallel.v:61$2009.
  merging $macc model for $flatten\layer1.$add$tcn_8ch_layer_parallel.v:61$1943 into $flatten\layer1.$add$tcn_8ch_layer_parallel.v:61$2009.
  merging $macc model for $flatten\layer1.$add$tcn_8ch_layer_parallel.v:57$1941 into $flatten\layer1.$add$tcn_8ch_layer_parallel.v:61$2009.
  merging $macc model for $flatten\layer1.$add$tcn_8ch_layer_parallel.v:61$1939 into $flatten\layer1.$add$tcn_8ch_layer_parallel.v:61$2009.
  merging $macc model for $flatten\layer1.$add$tcn_8ch_layer_parallel.v:61$1937 into $flatten\layer1.$add$tcn_8ch_layer_parallel.v:61$2009.
  merging $macc model for $flatten\layer1.$add$tcn_8ch_layer_parallel.v:61$1935 into $flatten\layer1.$add$tcn_8ch_layer_parallel.v:61$2009.
  merging $macc model for $flatten\layer1.$mul$tcn_8ch_layer_parallel.v:62$2002 into $flatten\layer1.$add$tcn_8ch_layer_parallel.v:61$2009.
  merging $macc model for $flatten\layer1.$mul$tcn_8ch_layer_parallel.v:62$1998 into $flatten\layer1.$add$tcn_8ch_layer_parallel.v:61$2009.
  merging $macc model for $flatten\layer1.$mul$tcn_8ch_layer_parallel.v:62$1974 into $flatten\layer1.$add$tcn_8ch_layer_parallel.v:61$2009.
  merging $macc model for $flatten\layer1.$mul$tcn_8ch_layer_parallel.v:58$1950 into $flatten\layer1.$add$tcn_8ch_layer_parallel.v:61$2009.
  merging $macc model for $flatten\layer1.$mul$tcn_8ch_layer_parallel.v:62$1946 into $flatten\layer1.$add$tcn_8ch_layer_parallel.v:61$2009.
  merging $macc model for $flatten\layer1.$add$tcn_8ch_layer_parallel.v:61$1925 into $flatten\layer1.$add$tcn_8ch_layer_parallel.v:61$1927.
  merging $macc model for $flatten\layer1.$add$tcn_8ch_layer_parallel.v:61$1923 into $flatten\layer1.$add$tcn_8ch_layer_parallel.v:61$1927.
  merging $macc model for $flatten\layer1.$add$tcn_8ch_layer_parallel.v:57$1921 into $flatten\layer1.$add$tcn_8ch_layer_parallel.v:61$1927.
  merging $macc model for $flatten\layer1.$add$tcn_8ch_layer_parallel.v:61$1919 into $flatten\layer1.$add$tcn_8ch_layer_parallel.v:61$1927.
  merging $macc model for $flatten\layer1.$add$tcn_8ch_layer_parallel.v:61$1917 into $flatten\layer1.$add$tcn_8ch_layer_parallel.v:61$1927.
  merging $macc model for $flatten\layer1.$add$tcn_8ch_layer_parallel.v:61$1915 into $flatten\layer1.$add$tcn_8ch_layer_parallel.v:61$1927.
  merging $macc model for $flatten\layer1.$add$tcn_8ch_layer_parallel.v:61$1913 into $flatten\layer1.$add$tcn_8ch_layer_parallel.v:61$1927.
  merging $macc model for $flatten\layer1.$add$tcn_8ch_layer_parallel.v:57$1911 into $flatten\layer1.$add$tcn_8ch_layer_parallel.v:61$1927.
  merging $macc model for $flatten\layer1.$add$tcn_8ch_layer_parallel.v:61$1909 into $flatten\layer1.$add$tcn_8ch_layer_parallel.v:61$1927.
  merging $macc model for $flatten\layer1.$add$tcn_8ch_layer_parallel.v:61$1907 into $flatten\layer1.$add$tcn_8ch_layer_parallel.v:61$1927.
  merging $macc model for $flatten\layer1.$add$tcn_8ch_layer_parallel.v:61$1903 into $flatten\layer1.$add$tcn_8ch_layer_parallel.v:61$1927.
  merging $macc model for $flatten\layer1.$add$tcn_8ch_layer_parallel.v:57$1901 into $flatten\layer1.$add$tcn_8ch_layer_parallel.v:61$1927.
  merging $macc model for $flatten\layer1.$add$tcn_8ch_layer_parallel.v:61$1899 into $flatten\layer1.$add$tcn_8ch_layer_parallel.v:61$1927.
  merging $macc model for $flatten\layer1.$add$tcn_8ch_layer_parallel.v:61$1897 into $flatten\layer1.$add$tcn_8ch_layer_parallel.v:61$1927.
  merging $macc model for $flatten\layer1.$add$tcn_8ch_layer_parallel.v:61$1895 into $flatten\layer1.$add$tcn_8ch_layer_parallel.v:61$1927.
  merging $macc model for $flatten\layer1.$add$tcn_8ch_layer_parallel.v:61$1893 into $flatten\layer1.$add$tcn_8ch_layer_parallel.v:61$1927.
  merging $macc model for $flatten\layer1.$add$tcn_8ch_layer_parallel.v:57$1891 into $flatten\layer1.$add$tcn_8ch_layer_parallel.v:61$1927.
  merging $macc model for $flatten\layer1.$add$tcn_8ch_layer_parallel.v:61$1889 into $flatten\layer1.$add$tcn_8ch_layer_parallel.v:61$1927.
  merging $macc model for $flatten\layer1.$add$tcn_8ch_layer_parallel.v:61$1887 into $flatten\layer1.$add$tcn_8ch_layer_parallel.v:61$1927.
  merging $macc model for $flatten\layer1.$add$tcn_8ch_layer_parallel.v:61$1885 into $flatten\layer1.$add$tcn_8ch_layer_parallel.v:61$1927.
  merging $macc model for $flatten\layer1.$add$tcn_8ch_layer_parallel.v:61$1883 into $flatten\layer1.$add$tcn_8ch_layer_parallel.v:61$1927.
  merging $macc model for $flatten\layer1.$add$tcn_8ch_layer_parallel.v:61$1879 into $flatten\layer1.$add$tcn_8ch_layer_parallel.v:61$1927.
  merging $macc model for $flatten\layer1.$add$tcn_8ch_layer_parallel.v:61$1875 into $flatten\layer1.$add$tcn_8ch_layer_parallel.v:61$1927.
  merging $macc model for $flatten\layer1.$add$tcn_8ch_layer_parallel.v:61$1873 into $flatten\layer1.$add$tcn_8ch_layer_parallel.v:61$1927.
  merging $macc model for $flatten\layer1.$add$tcn_8ch_layer_parallel.v:57$1871 into $flatten\layer1.$add$tcn_8ch_layer_parallel.v:61$1927.
  merging $macc model for $flatten\layer1.$add$tcn_8ch_layer_parallel.v:61$1869 into $flatten\layer1.$add$tcn_8ch_layer_parallel.v:61$1927.
  merging $macc model for $flatten\layer1.$add$tcn_8ch_layer_parallel.v:61$1867 into $flatten\layer1.$add$tcn_8ch_layer_parallel.v:61$1927.
  merging $macc model for $flatten\layer1.$add$tcn_8ch_layer_parallel.v:61$1865 into $flatten\layer1.$add$tcn_8ch_layer_parallel.v:61$1927.
  merging $macc model for $flatten\layer1.$add$tcn_8ch_layer_parallel.v:61$1863 into $flatten\layer1.$add$tcn_8ch_layer_parallel.v:61$1927.
  merging $macc model for $flatten\layer1.$add$tcn_8ch_layer_parallel.v:57$1861 into $flatten\layer1.$add$tcn_8ch_layer_parallel.v:61$1927.
  merging $macc model for $flatten\layer1.$add$tcn_8ch_layer_parallel.v:61$1859 into $flatten\layer1.$add$tcn_8ch_layer_parallel.v:61$1927.
  merging $macc model for $flatten\layer1.$add$tcn_8ch_layer_parallel.v:61$1857 into $flatten\layer1.$add$tcn_8ch_layer_parallel.v:61$1927.
  merging $macc model for $flatten\layer1.$mul$tcn_8ch_layer_parallel.v:62$1924 into $flatten\layer1.$add$tcn_8ch_layer_parallel.v:61$1927.
  merging $macc model for $flatten\layer1.$mul$tcn_8ch_layer_parallel.v:58$1900 into $flatten\layer1.$add$tcn_8ch_layer_parallel.v:61$1927.
  merging $macc model for $flatten\layer1.$mul$tcn_8ch_layer_parallel.v:62$1896 into $flatten\layer1.$add$tcn_8ch_layer_parallel.v:61$1927.
  merging $macc model for $flatten\layer1.$mul$tcn_8ch_layer_parallel.v:62$1872 into $flatten\layer1.$add$tcn_8ch_layer_parallel.v:61$1927.
  merging $macc model for $flatten\layer1.$mul$tcn_8ch_layer_parallel.v:62$1868 into $flatten\layer1.$add$tcn_8ch_layer_parallel.v:61$1927.
  merging $macc model for $flatten\layer1.$mul$tcn_8ch_layer_parallel.v:58$1850 into $flatten\layer1.$add$tcn_8ch_layer_parallel.v:61$1855.
  merging $macc model for $flatten\layer1.$add$tcn_8ch_layer_parallel.v:61$1847 into $flatten\layer1.$add$tcn_8ch_layer_parallel.v:61$1849.
  merging $macc model for $flatten\layer1.$add$tcn_8ch_layer_parallel.v:61$1845 into $flatten\layer1.$add$tcn_8ch_layer_parallel.v:61$1849.
  merging $macc model for $flatten\layer1.$add$tcn_8ch_layer_parallel.v:61$1843 into $flatten\layer1.$add$tcn_8ch_layer_parallel.v:61$1849.
  merging $macc model for $flatten\layer1.$add$tcn_8ch_layer_parallel.v:57$1841 into $flatten\layer1.$add$tcn_8ch_layer_parallel.v:61$1849.
  merging $macc model for $flatten\layer1.$add$tcn_8ch_layer_parallel.v:61$1839 into $flatten\layer1.$add$tcn_8ch_layer_parallel.v:61$1849.
  merging $macc model for $flatten\layer1.$add$tcn_8ch_layer_parallel.v:61$1837 into $flatten\layer1.$add$tcn_8ch_layer_parallel.v:61$1849.
  merging $macc model for $flatten\layer1.$add$tcn_8ch_layer_parallel.v:61$1835 into $flatten\layer1.$add$tcn_8ch_layer_parallel.v:61$1849.
  merging $macc model for $flatten\layer1.$add$tcn_8ch_layer_parallel.v:61$1833 into $flatten\layer1.$add$tcn_8ch_layer_parallel.v:61$1849.
  merging $macc model for $flatten\layer1.$add$tcn_8ch_layer_parallel.v:61$1829 into $flatten\layer1.$add$tcn_8ch_layer_parallel.v:61$1849.
  merging $macc model for $flatten\layer1.$add$tcn_8ch_layer_parallel.v:61$1825 into $flatten\layer1.$add$tcn_8ch_layer_parallel.v:61$1849.
  merging $macc model for $flatten\layer1.$add$tcn_8ch_layer_parallel.v:61$1823 into $flatten\layer1.$add$tcn_8ch_layer_parallel.v:61$1849.
  merging $macc model for $flatten\layer1.$add$tcn_8ch_layer_parallel.v:57$1821 into $flatten\layer1.$add$tcn_8ch_layer_parallel.v:61$1849.
  merging $macc model for $flatten\layer1.$add$tcn_8ch_layer_parallel.v:61$1819 into $flatten\layer1.$add$tcn_8ch_layer_parallel.v:61$1849.
  merging $macc model for $flatten\layer1.$add$tcn_8ch_layer_parallel.v:61$1817 into $flatten\layer1.$add$tcn_8ch_layer_parallel.v:61$1849.
  merging $macc model for $flatten\layer1.$add$tcn_8ch_layer_parallel.v:61$1815 into $flatten\layer1.$add$tcn_8ch_layer_parallel.v:61$1849.
  merging $macc model for $flatten\layer1.$add$tcn_8ch_layer_parallel.v:61$1813 into $flatten\layer1.$add$tcn_8ch_layer_parallel.v:61$1849.
  merging $macc model for $flatten\layer1.$add$tcn_8ch_layer_parallel.v:57$1811 into $flatten\layer1.$add$tcn_8ch_layer_parallel.v:61$1849.
  merging $macc model for $flatten\layer1.$add$tcn_8ch_layer_parallel.v:61$1809 into $flatten\layer1.$add$tcn_8ch_layer_parallel.v:61$1849.
  merging $macc model for $flatten\layer1.$add$tcn_8ch_layer_parallel.v:61$1807 into $flatten\layer1.$add$tcn_8ch_layer_parallel.v:61$1849.
  merging $macc model for $flatten\layer1.$add$tcn_8ch_layer_parallel.v:61$1805 into $flatten\layer1.$add$tcn_8ch_layer_parallel.v:61$1849.
  merging $macc model for $flatten\layer1.$add$tcn_8ch_layer_parallel.v:57$1801 into $flatten\layer1.$add$tcn_8ch_layer_parallel.v:61$1849.
  merging $macc model for $flatten\layer1.$add$tcn_8ch_layer_parallel.v:61$1797 into $flatten\layer1.$add$tcn_8ch_layer_parallel.v:61$1849.
  merging $macc model for $flatten\layer1.$add$tcn_8ch_layer_parallel.v:61$1795 into $flatten\layer1.$add$tcn_8ch_layer_parallel.v:61$1849.
  merging $macc model for $flatten\layer1.$add$tcn_8ch_layer_parallel.v:61$1793 into $flatten\layer1.$add$tcn_8ch_layer_parallel.v:61$1849.
  merging $macc model for $flatten\layer1.$add$tcn_8ch_layer_parallel.v:57$1791 into $flatten\layer1.$add$tcn_8ch_layer_parallel.v:61$1849.
  merging $macc model for $flatten\layer1.$add$tcn_8ch_layer_parallel.v:61$1789 into $flatten\layer1.$add$tcn_8ch_layer_parallel.v:61$1849.
  merging $macc model for $flatten\layer1.$add$tcn_8ch_layer_parallel.v:61$1787 into $flatten\layer1.$add$tcn_8ch_layer_parallel.v:61$1849.
  merging $macc model for $flatten\layer1.$add$tcn_8ch_layer_parallel.v:61$1785 into $flatten\layer1.$add$tcn_8ch_layer_parallel.v:61$1849.
  merging $macc model for $flatten\layer1.$add$tcn_8ch_layer_parallel.v:61$1783 into $flatten\layer1.$add$tcn_8ch_layer_parallel.v:61$1849.
  merging $macc model for $flatten\layer1.$add$tcn_8ch_layer_parallel.v:57$1781 into $flatten\layer1.$add$tcn_8ch_layer_parallel.v:61$1849.
  merging $macc model for $flatten\layer1.$add$tcn_8ch_layer_parallel.v:61$1779 into $flatten\layer1.$add$tcn_8ch_layer_parallel.v:61$1849.
  merging $macc model for $flatten\layer1.$add$tcn_8ch_layer_parallel.v:61$1777 into $flatten\layer1.$add$tcn_8ch_layer_parallel.v:61$1849.
  merging $macc model for $flatten\layer1.$add$tcn_8ch_layer_parallel.v:61$1773 into $flatten\layer1.$add$tcn_8ch_layer_parallel.v:61$1849.
  merging $macc model for $flatten\layer1.$mul$tcn_8ch_layer_parallel.v:58$1770 into $flatten\layer1.$add$tcn_8ch_layer_parallel.v:61$1849.
  merging $macc model for $flatten\layer1.$mul$tcn_8ch_layer_parallel.v:62$1846 into $flatten\layer1.$add$tcn_8ch_layer_parallel.v:61$1849.
  merging $macc model for $flatten\layer1.$mul$tcn_8ch_layer_parallel.v:62$1822 into $flatten\layer1.$add$tcn_8ch_layer_parallel.v:61$1849.
  merging $macc model for $flatten\layer1.$mul$tcn_8ch_layer_parallel.v:62$1818 into $flatten\layer1.$add$tcn_8ch_layer_parallel.v:61$1849.
  merging $macc model for $flatten\layer1.$mul$tcn_8ch_layer_parallel.v:62$1794 into $flatten\layer1.$add$tcn_8ch_layer_parallel.v:61$1849.
  merging $macc model for $flatten\layer1.$add$tcn_8ch_layer_parallel.v:61$1767 into $flatten\layer1.$add$tcn_8ch_layer_parallel.v:61$1769.
  merging $macc model for $flatten\layer1.$add$tcn_8ch_layer_parallel.v:61$1765 into $flatten\layer1.$add$tcn_8ch_layer_parallel.v:61$1769.
  merging $macc model for $flatten\layer1.$add$tcn_8ch_layer_parallel.v:61$1763 into $flatten\layer1.$add$tcn_8ch_layer_parallel.v:61$1769.
  merging $macc model for $flatten\layer1.$add$tcn_8ch_layer_parallel.v:57$1761 into $flatten\layer1.$add$tcn_8ch_layer_parallel.v:61$1769.
  merging $macc model for $flatten\layer1.$add$tcn_8ch_layer_parallel.v:61$1759 into $flatten\layer1.$add$tcn_8ch_layer_parallel.v:61$1769.
  merging $macc model for $flatten\layer1.$add$tcn_8ch_layer_parallel.v:61$1757 into $flatten\layer1.$add$tcn_8ch_layer_parallel.v:61$1769.
  merging $macc model for $flatten\layer1.$add$tcn_8ch_layer_parallel.v:61$1755 into $flatten\layer1.$add$tcn_8ch_layer_parallel.v:61$1769.
  merging $macc model for $flatten\layer1.$add$tcn_8ch_layer_parallel.v:57$1751 into $flatten\layer1.$add$tcn_8ch_layer_parallel.v:61$1769.
  merging $macc model for $flatten\layer1.$add$tcn_8ch_layer_parallel.v:61$1747 into $flatten\layer1.$add$tcn_8ch_layer_parallel.v:61$1769.
  merging $macc model for $flatten\layer1.$add$tcn_8ch_layer_parallel.v:61$1745 into $flatten\layer1.$add$tcn_8ch_layer_parallel.v:61$1769.
  merging $macc model for $flatten\layer1.$add$tcn_8ch_layer_parallel.v:61$1743 into $flatten\layer1.$add$tcn_8ch_layer_parallel.v:61$1769.
  merging $macc model for $flatten\layer1.$add$tcn_8ch_layer_parallel.v:57$1741 into $flatten\layer1.$add$tcn_8ch_layer_parallel.v:61$1769.
  merging $macc model for $flatten\layer1.$add$tcn_8ch_layer_parallel.v:61$1739 into $flatten\layer1.$add$tcn_8ch_layer_parallel.v:61$1769.
  merging $macc model for $flatten\layer1.$add$tcn_8ch_layer_parallel.v:61$1737 into $flatten\layer1.$add$tcn_8ch_layer_parallel.v:61$1769.
  merging $macc model for $flatten\layer1.$add$tcn_8ch_layer_parallel.v:61$1735 into $flatten\layer1.$add$tcn_8ch_layer_parallel.v:61$1769.
  merging $macc model for $flatten\layer1.$add$tcn_8ch_layer_parallel.v:61$1733 into $flatten\layer1.$add$tcn_8ch_layer_parallel.v:61$1769.
  merging $macc model for $flatten\layer1.$add$tcn_8ch_layer_parallel.v:57$1731 into $flatten\layer1.$add$tcn_8ch_layer_parallel.v:61$1769.
  merging $macc model for $flatten\layer1.$add$tcn_8ch_layer_parallel.v:61$1729 into $flatten\layer1.$add$tcn_8ch_layer_parallel.v:61$1769.
  merging $macc model for $flatten\layer1.$add$tcn_8ch_layer_parallel.v:61$1727 into $flatten\layer1.$add$tcn_8ch_layer_parallel.v:61$1769.
  merging $macc model for $flatten\layer1.$add$tcn_8ch_layer_parallel.v:61$1723 into $flatten\layer1.$add$tcn_8ch_layer_parallel.v:61$1769.
  merging $macc model for $flatten\layer1.$add$tcn_8ch_layer_parallel.v:57$1721 into $flatten\layer1.$add$tcn_8ch_layer_parallel.v:61$1769.
  merging $macc model for $flatten\layer1.$add$tcn_8ch_layer_parallel.v:61$1719 into $flatten\layer1.$add$tcn_8ch_layer_parallel.v:61$1769.
  merging $macc model for $flatten\layer1.$add$tcn_8ch_layer_parallel.v:61$1717 into $flatten\layer1.$add$tcn_8ch_layer_parallel.v:61$1769.
  merging $macc model for $flatten\layer1.$add$tcn_8ch_layer_parallel.v:61$1715 into $flatten\layer1.$add$tcn_8ch_layer_parallel.v:61$1769.
  merging $macc model for $flatten\layer1.$add$tcn_8ch_layer_parallel.v:61$1713 into $flatten\layer1.$add$tcn_8ch_layer_parallel.v:61$1769.
  merging $macc model for $flatten\layer1.$add$tcn_8ch_layer_parallel.v:57$1711 into $flatten\layer1.$add$tcn_8ch_layer_parallel.v:61$1769.
  merging $macc model for $flatten\layer1.$add$tcn_8ch_layer_parallel.v:61$1709 into $flatten\layer1.$add$tcn_8ch_layer_parallel.v:61$1769.
  merging $macc model for $flatten\layer1.$add$tcn_8ch_layer_parallel.v:61$1707 into $flatten\layer1.$add$tcn_8ch_layer_parallel.v:61$1769.
  merging $macc model for $flatten\layer1.$add$tcn_8ch_layer_parallel.v:61$1705 into $flatten\layer1.$add$tcn_8ch_layer_parallel.v:61$1769.
  merging $macc model for $flatten\layer1.$add$tcn_8ch_layer_parallel.v:61$1703 into $flatten\layer1.$add$tcn_8ch_layer_parallel.v:61$1769.
  merging $macc model for $flatten\layer1.$add$tcn_8ch_layer_parallel.v:61$1699 into $flatten\layer1.$add$tcn_8ch_layer_parallel.v:61$1769.
  merging $macc model for $flatten\layer1.$add$tcn_8ch_layer_parallel.v:61$1695 into $flatten\layer1.$add$tcn_8ch_layer_parallel.v:61$1769.
  merging $macc model for $flatten\layer1.$add$tcn_8ch_layer_parallel.v:61$1693 into $flatten\layer1.$add$tcn_8ch_layer_parallel.v:61$1769.
  merging $macc model for $flatten\layer1.$mul$tcn_8ch_layer_parallel.v:62$1768 into $flatten\layer1.$add$tcn_8ch_layer_parallel.v:61$1769.
  merging $macc model for $flatten\layer1.$mul$tcn_8ch_layer_parallel.v:62$1744 into $flatten\layer1.$add$tcn_8ch_layer_parallel.v:61$1769.
  merging $macc model for $flatten\layer1.$mul$tcn_8ch_layer_parallel.v:58$1720 into $flatten\layer1.$add$tcn_8ch_layer_parallel.v:61$1769.
  merging $macc model for $flatten\layer1.$mul$tcn_8ch_layer_parallel.v:62$1716 into $flatten\layer1.$add$tcn_8ch_layer_parallel.v:61$1769.
  merging $macc model for $flatten\layer1.$mul$tcn_8ch_layer_parallel.v:62$1692 into $flatten\layer1.$add$tcn_8ch_layer_parallel.v:61$1769.
  merging $macc model for $flatten\layer0.$add$tcn_8ch_layer_parallel.v:61$3307 into $flatten\layer0.$add$tcn_8ch_layer_parallel.v:61$3309.
  merging $macc model for $flatten\layer0.$add$tcn_8ch_layer_parallel.v:61$3305 into $flatten\layer0.$add$tcn_8ch_layer_parallel.v:61$3309.
  merging $macc model for $flatten\layer0.$add$tcn_8ch_layer_parallel.v:61$3303 into $flatten\layer0.$add$tcn_8ch_layer_parallel.v:61$3309.
  merging $macc model for $flatten\layer0.$add$tcn_8ch_layer_parallel.v:57$3301 into $flatten\layer0.$add$tcn_8ch_layer_parallel.v:61$3309.
  merging $macc model for $flatten\layer0.$add$tcn_8ch_layer_parallel.v:61$3299 into $flatten\layer0.$add$tcn_8ch_layer_parallel.v:61$3309.
  merging $macc model for $flatten\layer0.$add$tcn_8ch_layer_parallel.v:61$3297 into $flatten\layer0.$add$tcn_8ch_layer_parallel.v:61$3309.
  merging $macc model for $flatten\layer0.$add$tcn_8ch_layer_parallel.v:61$3293 into $flatten\layer0.$add$tcn_8ch_layer_parallel.v:61$3309.
  merging $macc model for $flatten\layer0.$add$tcn_8ch_layer_parallel.v:57$3291 into $flatten\layer0.$add$tcn_8ch_layer_parallel.v:61$3309.
  merging $macc model for $flatten\layer0.$add$tcn_8ch_layer_parallel.v:61$3289 into $flatten\layer0.$add$tcn_8ch_layer_parallel.v:61$3309.
  merging $macc model for $flatten\layer0.$add$tcn_8ch_layer_parallel.v:61$3287 into $flatten\layer0.$add$tcn_8ch_layer_parallel.v:61$3309.
  merging $macc model for $flatten\layer0.$add$tcn_8ch_layer_parallel.v:61$3285 into $flatten\layer0.$add$tcn_8ch_layer_parallel.v:61$3309.
  merging $macc model for $flatten\layer0.$add$tcn_8ch_layer_parallel.v:61$3283 into $flatten\layer0.$add$tcn_8ch_layer_parallel.v:61$3309.
  merging $macc model for $flatten\layer0.$add$tcn_8ch_layer_parallel.v:57$3281 into $flatten\layer0.$add$tcn_8ch_layer_parallel.v:61$3309.
  merging $macc model for $flatten\layer0.$add$tcn_8ch_layer_parallel.v:61$3279 into $flatten\layer0.$add$tcn_8ch_layer_parallel.v:61$3309.
  merging $macc model for $flatten\layer0.$add$tcn_8ch_layer_parallel.v:61$3277 into $flatten\layer0.$add$tcn_8ch_layer_parallel.v:61$3309.
  merging $macc model for $flatten\layer0.$add$tcn_8ch_layer_parallel.v:61$3275 into $flatten\layer0.$add$tcn_8ch_layer_parallel.v:61$3309.
  merging $macc model for $flatten\layer0.$add$tcn_8ch_layer_parallel.v:61$3273 into $flatten\layer0.$add$tcn_8ch_layer_parallel.v:61$3309.
  merging $macc model for $flatten\layer0.$add$tcn_8ch_layer_parallel.v:61$3269 into $flatten\layer0.$add$tcn_8ch_layer_parallel.v:61$3309.
  merging $macc model for $flatten\layer0.$add$tcn_8ch_layer_parallel.v:61$3265 into $flatten\layer0.$add$tcn_8ch_layer_parallel.v:61$3309.
  merging $macc model for $flatten\layer0.$add$tcn_8ch_layer_parallel.v:61$3263 into $flatten\layer0.$add$tcn_8ch_layer_parallel.v:61$3309.
  merging $macc model for $flatten\layer0.$add$tcn_8ch_layer_parallel.v:57$3261 into $flatten\layer0.$add$tcn_8ch_layer_parallel.v:61$3309.
  merging $macc model for $flatten\layer0.$add$tcn_8ch_layer_parallel.v:61$3259 into $flatten\layer0.$add$tcn_8ch_layer_parallel.v:61$3309.
  merging $macc model for $flatten\layer0.$add$tcn_8ch_layer_parallel.v:61$3257 into $flatten\layer0.$add$tcn_8ch_layer_parallel.v:61$3309.
  merging $macc model for $flatten\layer0.$add$tcn_8ch_layer_parallel.v:61$3255 into $flatten\layer0.$add$tcn_8ch_layer_parallel.v:61$3309.
  merging $macc model for $flatten\layer0.$add$tcn_8ch_layer_parallel.v:61$3253 into $flatten\layer0.$add$tcn_8ch_layer_parallel.v:61$3309.
  merging $macc model for $flatten\layer0.$add$tcn_8ch_layer_parallel.v:57$3251 into $flatten\layer0.$add$tcn_8ch_layer_parallel.v:61$3309.
  merging $macc model for $flatten\layer0.$add$tcn_8ch_layer_parallel.v:61$3249 into $flatten\layer0.$add$tcn_8ch_layer_parallel.v:61$3309.
  merging $macc model for $flatten\layer0.$add$tcn_8ch_layer_parallel.v:61$3247 into $flatten\layer0.$add$tcn_8ch_layer_parallel.v:61$3309.
  merging $macc model for $flatten\layer0.$add$tcn_8ch_layer_parallel.v:61$3245 into $flatten\layer0.$add$tcn_8ch_layer_parallel.v:61$3309.
  merging $macc model for $flatten\layer0.$add$tcn_8ch_layer_parallel.v:57$3241 into $flatten\layer0.$add$tcn_8ch_layer_parallel.v:61$3309.
  merging $macc model for $flatten\layer0.$add$tcn_8ch_layer_parallel.v:61$3237 into $flatten\layer0.$add$tcn_8ch_layer_parallel.v:61$3309.
  merging $macc model for $flatten\layer0.$add$tcn_8ch_layer_parallel.v:61$3235 into $flatten\layer0.$add$tcn_8ch_layer_parallel.v:61$3309.
  merging $macc model for $flatten\layer0.$mul$tcn_8ch_layer_parallel.v:58$3290 into $flatten\layer0.$add$tcn_8ch_layer_parallel.v:61$3309.
  merging $macc model for $flatten\layer0.$mul$tcn_8ch_layer_parallel.v:62$3286 into $flatten\layer0.$add$tcn_8ch_layer_parallel.v:61$3309.
  merging $macc model for $flatten\layer0.$mul$tcn_8ch_layer_parallel.v:62$3262 into $flatten\layer0.$add$tcn_8ch_layer_parallel.v:61$3309.
  merging $macc model for $flatten\layer0.$mul$tcn_8ch_layer_parallel.v:62$3258 into $flatten\layer0.$add$tcn_8ch_layer_parallel.v:61$3309.
  merging $macc model for $flatten\layer0.$mul$tcn_8ch_layer_parallel.v:62$3234 into $flatten\layer0.$add$tcn_8ch_layer_parallel.v:61$3309.
  merging $macc model for $flatten\layer0.$add$tcn_8ch_layer_parallel.v:61$3227 into $flatten\layer0.$add$tcn_8ch_layer_parallel.v:61$3229.
  merging $macc model for $flatten\layer0.$add$tcn_8ch_layer_parallel.v:61$3225 into $flatten\layer0.$add$tcn_8ch_layer_parallel.v:61$3229.
  merging $macc model for $flatten\layer0.$add$tcn_8ch_layer_parallel.v:61$3223 into $flatten\layer0.$add$tcn_8ch_layer_parallel.v:61$3229.
  merging $macc model for $flatten\layer0.$add$tcn_8ch_layer_parallel.v:61$3219 into $flatten\layer0.$add$tcn_8ch_layer_parallel.v:61$3229.
  merging $macc model for $flatten\layer0.$add$tcn_8ch_layer_parallel.v:61$3215 into $flatten\layer0.$add$tcn_8ch_layer_parallel.v:61$3229.
  merging $macc model for $flatten\layer0.$add$tcn_8ch_layer_parallel.v:61$3213 into $flatten\layer0.$add$tcn_8ch_layer_parallel.v:61$3229.
  merging $macc model for $flatten\layer0.$add$tcn_8ch_layer_parallel.v:57$3211 into $flatten\layer0.$add$tcn_8ch_layer_parallel.v:61$3229.
  merging $macc model for $flatten\layer0.$add$tcn_8ch_layer_parallel.v:61$3209 into $flatten\layer0.$add$tcn_8ch_layer_parallel.v:61$3229.
  merging $macc model for $flatten\layer0.$add$tcn_8ch_layer_parallel.v:61$3207 into $flatten\layer0.$add$tcn_8ch_layer_parallel.v:61$3229.
  merging $macc model for $flatten\layer0.$add$tcn_8ch_layer_parallel.v:61$3205 into $flatten\layer0.$add$tcn_8ch_layer_parallel.v:61$3229.
  merging $macc model for $flatten\layer0.$add$tcn_8ch_layer_parallel.v:61$3203 into $flatten\layer0.$add$tcn_8ch_layer_parallel.v:61$3229.
  merging $macc model for $flatten\layer0.$add$tcn_8ch_layer_parallel.v:57$3201 into $flatten\layer0.$add$tcn_8ch_layer_parallel.v:61$3229.
  merging $macc model for $flatten\layer0.$add$tcn_8ch_layer_parallel.v:61$3199 into $flatten\layer0.$add$tcn_8ch_layer_parallel.v:61$3229.
  merging $macc model for $flatten\layer0.$add$tcn_8ch_layer_parallel.v:61$3197 into $flatten\layer0.$add$tcn_8ch_layer_parallel.v:61$3229.
  merging $macc model for $flatten\layer0.$add$tcn_8ch_layer_parallel.v:61$3195 into $flatten\layer0.$add$tcn_8ch_layer_parallel.v:61$3229.
  merging $macc model for $flatten\layer0.$add$tcn_8ch_layer_parallel.v:57$3191 into $flatten\layer0.$add$tcn_8ch_layer_parallel.v:61$3229.
  merging $macc model for $flatten\layer0.$add$tcn_8ch_layer_parallel.v:61$3187 into $flatten\layer0.$add$tcn_8ch_layer_parallel.v:61$3229.
  merging $macc model for $flatten\layer0.$add$tcn_8ch_layer_parallel.v:61$3185 into $flatten\layer0.$add$tcn_8ch_layer_parallel.v:61$3229.
  merging $macc model for $flatten\layer0.$add$tcn_8ch_layer_parallel.v:61$3183 into $flatten\layer0.$add$tcn_8ch_layer_parallel.v:61$3229.
  merging $macc model for $flatten\layer0.$add$tcn_8ch_layer_parallel.v:57$3181 into $flatten\layer0.$add$tcn_8ch_layer_parallel.v:61$3229.
  merging $macc model for $flatten\layer0.$add$tcn_8ch_layer_parallel.v:61$3179 into $flatten\layer0.$add$tcn_8ch_layer_parallel.v:61$3229.
  merging $macc model for $flatten\layer0.$add$tcn_8ch_layer_parallel.v:61$3177 into $flatten\layer0.$add$tcn_8ch_layer_parallel.v:61$3229.
  merging $macc model for $flatten\layer0.$add$tcn_8ch_layer_parallel.v:61$3175 into $flatten\layer0.$add$tcn_8ch_layer_parallel.v:61$3229.
  merging $macc model for $flatten\layer0.$add$tcn_8ch_layer_parallel.v:61$3173 into $flatten\layer0.$add$tcn_8ch_layer_parallel.v:61$3229.
  merging $macc model for $flatten\layer0.$add$tcn_8ch_layer_parallel.v:57$3171 into $flatten\layer0.$add$tcn_8ch_layer_parallel.v:61$3229.
  merging $macc model for $flatten\layer0.$add$tcn_8ch_layer_parallel.v:61$3169 into $flatten\layer0.$add$tcn_8ch_layer_parallel.v:61$3229.
  merging $macc model for $flatten\layer0.$add$tcn_8ch_layer_parallel.v:61$3167 into $flatten\layer0.$add$tcn_8ch_layer_parallel.v:61$3229.
  merging $macc model for $flatten\layer0.$add$tcn_8ch_layer_parallel.v:61$3163 into $flatten\layer0.$add$tcn_8ch_layer_parallel.v:61$3229.
  merging $macc model for $flatten\layer0.$add$tcn_8ch_layer_parallel.v:57$3161 into $flatten\layer0.$add$tcn_8ch_layer_parallel.v:61$3229.
  merging $macc model for $flatten\layer0.$add$tcn_8ch_layer_parallel.v:61$3159 into $flatten\layer0.$add$tcn_8ch_layer_parallel.v:61$3229.
  merging $macc model for $flatten\layer0.$add$tcn_8ch_layer_parallel.v:61$3157 into $flatten\layer0.$add$tcn_8ch_layer_parallel.v:61$3229.
  merging $macc model for $flatten\layer0.$mul$tcn_8ch_layer_parallel.v:62$3212 into $flatten\layer0.$add$tcn_8ch_layer_parallel.v:61$3229.
  merging $macc model for $flatten\layer0.$mul$tcn_8ch_layer_parallel.v:62$3208 into $flatten\layer0.$add$tcn_8ch_layer_parallel.v:61$3229.
  merging $macc model for $flatten\layer0.$mul$tcn_8ch_layer_parallel.v:62$3184 into $flatten\layer0.$add$tcn_8ch_layer_parallel.v:61$3229.
  merging $macc model for $flatten\layer0.$mul$tcn_8ch_layer_parallel.v:58$3160 into $flatten\layer0.$add$tcn_8ch_layer_parallel.v:61$3229.
  merging $macc model for $flatten\layer0.$mul$tcn_8ch_layer_parallel.v:62$3156 into $flatten\layer0.$add$tcn_8ch_layer_parallel.v:61$3229.
  merging $macc model for $flatten\layer0.$add$tcn_8ch_layer_parallel.v:61$3153 into $flatten\layer0.$add$tcn_8ch_layer_parallel.v:61$3155.
  merging $macc model for $flatten\layer0.$add$tcn_8ch_layer_parallel.v:61$3147 into $flatten\layer0.$add$tcn_8ch_layer_parallel.v:61$3149.
  merging $macc model for $flatten\layer0.$add$tcn_8ch_layer_parallel.v:61$3145 into $flatten\layer0.$add$tcn_8ch_layer_parallel.v:61$3149.
  merging $macc model for $flatten\layer0.$add$tcn_8ch_layer_parallel.v:57$3141 into $flatten\layer0.$add$tcn_8ch_layer_parallel.v:61$3149.
  merging $macc model for $flatten\layer0.$add$tcn_8ch_layer_parallel.v:61$3137 into $flatten\layer0.$add$tcn_8ch_layer_parallel.v:61$3149.
  merging $macc model for $flatten\layer0.$add$tcn_8ch_layer_parallel.v:61$3135 into $flatten\layer0.$add$tcn_8ch_layer_parallel.v:61$3149.
  merging $macc model for $flatten\layer0.$add$tcn_8ch_layer_parallel.v:61$3133 into $flatten\layer0.$add$tcn_8ch_layer_parallel.v:61$3149.
  merging $macc model for $flatten\layer0.$add$tcn_8ch_layer_parallel.v:57$3131 into $flatten\layer0.$add$tcn_8ch_layer_parallel.v:61$3149.
  merging $macc model for $flatten\layer0.$add$tcn_8ch_layer_parallel.v:61$3129 into $flatten\layer0.$add$tcn_8ch_layer_parallel.v:61$3149.
  merging $macc model for $flatten\layer0.$add$tcn_8ch_layer_parallel.v:61$3127 into $flatten\layer0.$add$tcn_8ch_layer_parallel.v:61$3149.
  merging $macc model for $flatten\layer0.$add$tcn_8ch_layer_parallel.v:61$3125 into $flatten\layer0.$add$tcn_8ch_layer_parallel.v:61$3149.
  merging $macc model for $flatten\layer0.$add$tcn_8ch_layer_parallel.v:61$3123 into $flatten\layer0.$add$tcn_8ch_layer_parallel.v:61$3149.
  merging $macc model for $flatten\layer0.$add$tcn_8ch_layer_parallel.v:57$3121 into $flatten\layer0.$add$tcn_8ch_layer_parallel.v:61$3149.
  merging $macc model for $flatten\layer0.$add$tcn_8ch_layer_parallel.v:61$3119 into $flatten\layer0.$add$tcn_8ch_layer_parallel.v:61$3149.
  merging $macc model for $flatten\layer0.$add$tcn_8ch_layer_parallel.v:61$3117 into $flatten\layer0.$add$tcn_8ch_layer_parallel.v:61$3149.
  merging $macc model for $flatten\layer0.$add$tcn_8ch_layer_parallel.v:61$3113 into $flatten\layer0.$add$tcn_8ch_layer_parallel.v:61$3149.
  merging $macc model for $flatten\layer0.$add$tcn_8ch_layer_parallel.v:57$3111 into $flatten\layer0.$add$tcn_8ch_layer_parallel.v:61$3149.
  merging $macc model for $flatten\layer0.$add$tcn_8ch_layer_parallel.v:61$3109 into $flatten\layer0.$add$tcn_8ch_layer_parallel.v:61$3149.
  merging $macc model for $flatten\layer0.$add$tcn_8ch_layer_parallel.v:61$3107 into $flatten\layer0.$add$tcn_8ch_layer_parallel.v:61$3149.
  merging $macc model for $flatten\layer0.$add$tcn_8ch_layer_parallel.v:61$3105 into $flatten\layer0.$add$tcn_8ch_layer_parallel.v:61$3149.
  merging $macc model for $flatten\layer0.$add$tcn_8ch_layer_parallel.v:61$3103 into $flatten\layer0.$add$tcn_8ch_layer_parallel.v:61$3149.
  merging $macc model for $flatten\layer0.$add$tcn_8ch_layer_parallel.v:57$3101 into $flatten\layer0.$add$tcn_8ch_layer_parallel.v:61$3149.
  merging $macc model for $flatten\layer0.$add$tcn_8ch_layer_parallel.v:61$3099 into $flatten\layer0.$add$tcn_8ch_layer_parallel.v:61$3149.
  merging $macc model for $flatten\layer0.$add$tcn_8ch_layer_parallel.v:61$3097 into $flatten\layer0.$add$tcn_8ch_layer_parallel.v:61$3149.
  merging $macc model for $flatten\layer0.$add$tcn_8ch_layer_parallel.v:61$3095 into $flatten\layer0.$add$tcn_8ch_layer_parallel.v:61$3149.
  merging $macc model for $flatten\layer0.$add$tcn_8ch_layer_parallel.v:61$3093 into $flatten\layer0.$add$tcn_8ch_layer_parallel.v:61$3149.
  merging $macc model for $flatten\layer0.$add$tcn_8ch_layer_parallel.v:61$3089 into $flatten\layer0.$add$tcn_8ch_layer_parallel.v:61$3149.
  merging $macc model for $flatten\layer0.$add$tcn_8ch_layer_parallel.v:61$3085 into $flatten\layer0.$add$tcn_8ch_layer_parallel.v:61$3149.
  merging $macc model for $flatten\layer0.$add$tcn_8ch_layer_parallel.v:61$3083 into $flatten\layer0.$add$tcn_8ch_layer_parallel.v:61$3149.
  merging $macc model for $flatten\layer0.$add$tcn_8ch_layer_parallel.v:57$3081 into $flatten\layer0.$add$tcn_8ch_layer_parallel.v:61$3149.
  merging $macc model for $flatten\layer0.$add$tcn_8ch_layer_parallel.v:61$3079 into $flatten\layer0.$add$tcn_8ch_layer_parallel.v:61$3149.
  merging $macc model for $flatten\layer0.$add$tcn_8ch_layer_parallel.v:61$3077 into $flatten\layer0.$add$tcn_8ch_layer_parallel.v:61$3149.
  merging $macc model for $flatten\layer0.$add$tcn_8ch_layer_parallel.v:61$3075 into $flatten\layer0.$add$tcn_8ch_layer_parallel.v:61$3149.
  merging $macc model for $flatten\layer0.$add$tcn_8ch_layer_parallel.v:61$3073 into $flatten\layer0.$add$tcn_8ch_layer_parallel.v:61$3149.
  merging $macc model for $flatten\layer0.$mul$tcn_8ch_layer_parallel.v:62$3134 into $flatten\layer0.$add$tcn_8ch_layer_parallel.v:61$3149.
  merging $macc model for $flatten\layer0.$mul$tcn_8ch_layer_parallel.v:58$3110 into $flatten\layer0.$add$tcn_8ch_layer_parallel.v:61$3149.
  merging $macc model for $flatten\layer0.$mul$tcn_8ch_layer_parallel.v:62$3106 into $flatten\layer0.$add$tcn_8ch_layer_parallel.v:61$3149.
  merging $macc model for $flatten\layer0.$mul$tcn_8ch_layer_parallel.v:62$3082 into $flatten\layer0.$add$tcn_8ch_layer_parallel.v:61$3149.
  merging $macc model for $flatten\layer0.$mul$tcn_8ch_layer_parallel.v:62$3078 into $flatten\layer0.$add$tcn_8ch_layer_parallel.v:61$3149.
  merging $macc model for $flatten\layer0.$add$tcn_8ch_layer_parallel.v:61$3067 into $flatten\layer0.$add$tcn_8ch_layer_parallel.v:61$3069.
  merging $macc model for $flatten\layer0.$add$tcn_8ch_layer_parallel.v:61$3063 into $flatten\layer0.$add$tcn_8ch_layer_parallel.v:61$3069.
  merging $macc model for $flatten\layer0.$add$tcn_8ch_layer_parallel.v:57$3061 into $flatten\layer0.$add$tcn_8ch_layer_parallel.v:61$3069.
  merging $macc model for $flatten\layer0.$add$tcn_8ch_layer_parallel.v:61$3059 into $flatten\layer0.$add$tcn_8ch_layer_parallel.v:61$3069.
  merging $macc model for $flatten\layer0.$add$tcn_8ch_layer_parallel.v:61$3057 into $flatten\layer0.$add$tcn_8ch_layer_parallel.v:61$3069.
  merging $macc model for $flatten\layer0.$add$tcn_8ch_layer_parallel.v:61$3055 into $flatten\layer0.$add$tcn_8ch_layer_parallel.v:61$3069.
  merging $macc model for $flatten\layer0.$add$tcn_8ch_layer_parallel.v:61$3053 into $flatten\layer0.$add$tcn_8ch_layer_parallel.v:61$3069.
  merging $macc model for $flatten\layer0.$add$tcn_8ch_layer_parallel.v:57$3051 into $flatten\layer0.$add$tcn_8ch_layer_parallel.v:61$3069.
  merging $macc model for $flatten\layer0.$add$tcn_8ch_layer_parallel.v:61$3049 into $flatten\layer0.$add$tcn_8ch_layer_parallel.v:61$3069.
  merging $macc model for $flatten\layer0.$add$tcn_8ch_layer_parallel.v:61$3047 into $flatten\layer0.$add$tcn_8ch_layer_parallel.v:61$3069.
  merging $macc model for $flatten\layer0.$add$tcn_8ch_layer_parallel.v:61$3045 into $flatten\layer0.$add$tcn_8ch_layer_parallel.v:61$3069.
  merging $macc model for $flatten\layer0.$add$tcn_8ch_layer_parallel.v:61$3043 into $flatten\layer0.$add$tcn_8ch_layer_parallel.v:61$3069.
  merging $macc model for $flatten\layer0.$add$tcn_8ch_layer_parallel.v:61$3039 into $flatten\layer0.$add$tcn_8ch_layer_parallel.v:61$3069.
  merging $macc model for $flatten\layer0.$add$tcn_8ch_layer_parallel.v:61$3035 into $flatten\layer0.$add$tcn_8ch_layer_parallel.v:61$3069.
  merging $macc model for $flatten\layer0.$add$tcn_8ch_layer_parallel.v:61$3033 into $flatten\layer0.$add$tcn_8ch_layer_parallel.v:61$3069.
  merging $macc model for $flatten\layer0.$add$tcn_8ch_layer_parallel.v:57$3031 into $flatten\layer0.$add$tcn_8ch_layer_parallel.v:61$3069.
  merging $macc model for $flatten\layer0.$add$tcn_8ch_layer_parallel.v:61$3029 into $flatten\layer0.$add$tcn_8ch_layer_parallel.v:61$3069.
  merging $macc model for $flatten\layer0.$add$tcn_8ch_layer_parallel.v:61$3027 into $flatten\layer0.$add$tcn_8ch_layer_parallel.v:61$3069.
  merging $macc model for $flatten\layer0.$add$tcn_8ch_layer_parallel.v:61$3025 into $flatten\layer0.$add$tcn_8ch_layer_parallel.v:61$3069.
  merging $macc model for $flatten\layer0.$add$tcn_8ch_layer_parallel.v:61$3023 into $flatten\layer0.$add$tcn_8ch_layer_parallel.v:61$3069.
  merging $macc model for $flatten\layer0.$add$tcn_8ch_layer_parallel.v:57$3021 into $flatten\layer0.$add$tcn_8ch_layer_parallel.v:61$3069.
  merging $macc model for $flatten\layer0.$add$tcn_8ch_layer_parallel.v:61$3019 into $flatten\layer0.$add$tcn_8ch_layer_parallel.v:61$3069.
  merging $macc model for $flatten\layer0.$add$tcn_8ch_layer_parallel.v:61$3017 into $flatten\layer0.$add$tcn_8ch_layer_parallel.v:61$3069.
  merging $macc model for $flatten\layer0.$add$tcn_8ch_layer_parallel.v:61$3015 into $flatten\layer0.$add$tcn_8ch_layer_parallel.v:61$3069.
  merging $macc model for $flatten\layer0.$add$tcn_8ch_layer_parallel.v:57$3011 into $flatten\layer0.$add$tcn_8ch_layer_parallel.v:61$3069.
  merging $macc model for $flatten\layer0.$add$tcn_8ch_layer_parallel.v:61$3007 into $flatten\layer0.$add$tcn_8ch_layer_parallel.v:61$3069.
  merging $macc model for $flatten\layer0.$add$tcn_8ch_layer_parallel.v:61$3005 into $flatten\layer0.$add$tcn_8ch_layer_parallel.v:61$3069.
  merging $macc model for $flatten\layer0.$add$tcn_8ch_layer_parallel.v:61$3003 into $flatten\layer0.$add$tcn_8ch_layer_parallel.v:61$3069.
  merging $macc model for $flatten\layer0.$add$tcn_8ch_layer_parallel.v:57$3001 into $flatten\layer0.$add$tcn_8ch_layer_parallel.v:61$3069.
  merging $macc model for $flatten\layer0.$add$tcn_8ch_layer_parallel.v:61$2999 into $flatten\layer0.$add$tcn_8ch_layer_parallel.v:61$3069.
  merging $macc model for $flatten\layer0.$add$tcn_8ch_layer_parallel.v:61$2997 into $flatten\layer0.$add$tcn_8ch_layer_parallel.v:61$3069.
  merging $macc model for $flatten\layer0.$add$tcn_8ch_layer_parallel.v:61$2995 into $flatten\layer0.$add$tcn_8ch_layer_parallel.v:61$3069.
  merging $macc model for $flatten\layer0.$add$tcn_8ch_layer_parallel.v:61$2993 into $flatten\layer0.$add$tcn_8ch_layer_parallel.v:61$3069.
  merging $macc model for $flatten\layer0.$mul$tcn_8ch_layer_parallel.v:58$3060 into $flatten\layer0.$add$tcn_8ch_layer_parallel.v:61$3069.
  merging $macc model for $flatten\layer0.$mul$tcn_8ch_layer_parallel.v:62$3056 into $flatten\layer0.$add$tcn_8ch_layer_parallel.v:61$3069.
  merging $macc model for $flatten\layer0.$mul$tcn_8ch_layer_parallel.v:62$3032 into $flatten\layer0.$add$tcn_8ch_layer_parallel.v:61$3069.
  merging $macc model for $flatten\layer0.$mul$tcn_8ch_layer_parallel.v:62$3028 into $flatten\layer0.$add$tcn_8ch_layer_parallel.v:61$3069.
  merging $macc model for $flatten\layer0.$mul$tcn_8ch_layer_parallel.v:62$3004 into $flatten\layer0.$add$tcn_8ch_layer_parallel.v:61$3069.
  merging $macc model for $flatten\layer0.$add$tcn_8ch_layer_parallel.v:61$2985 into $flatten\layer0.$add$tcn_8ch_layer_parallel.v:61$2989.
  merging $macc model for $flatten\layer0.$add$tcn_8ch_layer_parallel.v:61$2983 into $flatten\layer0.$add$tcn_8ch_layer_parallel.v:61$2989.
  merging $macc model for $flatten\layer0.$add$tcn_8ch_layer_parallel.v:57$2981 into $flatten\layer0.$add$tcn_8ch_layer_parallel.v:61$2989.
  merging $macc model for $flatten\layer0.$add$tcn_8ch_layer_parallel.v:61$2979 into $flatten\layer0.$add$tcn_8ch_layer_parallel.v:61$2989.
  merging $macc model for $flatten\layer0.$add$tcn_8ch_layer_parallel.v:61$2977 into $flatten\layer0.$add$tcn_8ch_layer_parallel.v:61$2989.
  merging $macc model for $flatten\layer0.$add$tcn_8ch_layer_parallel.v:61$2975 into $flatten\layer0.$add$tcn_8ch_layer_parallel.v:61$2989.
  merging $macc model for $flatten\layer0.$add$tcn_8ch_layer_parallel.v:61$2973 into $flatten\layer0.$add$tcn_8ch_layer_parallel.v:61$2989.
  merging $macc model for $flatten\layer0.$add$tcn_8ch_layer_parallel.v:57$2971 into $flatten\layer0.$add$tcn_8ch_layer_parallel.v:61$2989.
  merging $macc model for $flatten\layer0.$add$tcn_8ch_layer_parallel.v:61$2969 into $flatten\layer0.$add$tcn_8ch_layer_parallel.v:61$2989.
  merging $macc model for $flatten\layer0.$add$tcn_8ch_layer_parallel.v:61$2967 into $flatten\layer0.$add$tcn_8ch_layer_parallel.v:61$2989.
  merging $macc model for $flatten\layer0.$add$tcn_8ch_layer_parallel.v:61$2965 into $flatten\layer0.$add$tcn_8ch_layer_parallel.v:61$2989.
  merging $macc model for $flatten\layer0.$add$tcn_8ch_layer_parallel.v:57$2961 into $flatten\layer0.$add$tcn_8ch_layer_parallel.v:61$2989.
  merging $macc model for $flatten\layer0.$add$tcn_8ch_layer_parallel.v:61$2957 into $flatten\layer0.$add$tcn_8ch_layer_parallel.v:61$2989.
  merging $macc model for $flatten\layer0.$add$tcn_8ch_layer_parallel.v:61$2955 into $flatten\layer0.$add$tcn_8ch_layer_parallel.v:61$2989.
  merging $macc model for $flatten\layer0.$add$tcn_8ch_layer_parallel.v:61$2953 into $flatten\layer0.$add$tcn_8ch_layer_parallel.v:61$2989.
  merging $macc model for $flatten\layer0.$add$tcn_8ch_layer_parallel.v:57$2951 into $flatten\layer0.$add$tcn_8ch_layer_parallel.v:61$2989.
  merging $macc model for $flatten\layer0.$add$tcn_8ch_layer_parallel.v:61$2949 into $flatten\layer0.$add$tcn_8ch_layer_parallel.v:61$2989.
  merging $macc model for $flatten\layer0.$add$tcn_8ch_layer_parallel.v:61$2947 into $flatten\layer0.$add$tcn_8ch_layer_parallel.v:61$2989.
  merging $macc model for $flatten\layer0.$add$tcn_8ch_layer_parallel.v:61$2945 into $flatten\layer0.$add$tcn_8ch_layer_parallel.v:61$2989.
  merging $macc model for $flatten\layer0.$add$tcn_8ch_layer_parallel.v:61$2943 into $flatten\layer0.$add$tcn_8ch_layer_parallel.v:61$2989.
  merging $macc model for $flatten\layer0.$add$tcn_8ch_layer_parallel.v:57$2941 into $flatten\layer0.$add$tcn_8ch_layer_parallel.v:61$2989.
  merging $macc model for $flatten\layer0.$add$tcn_8ch_layer_parallel.v:61$2939 into $flatten\layer0.$add$tcn_8ch_layer_parallel.v:61$2989.
  merging $macc model for $flatten\layer0.$add$tcn_8ch_layer_parallel.v:61$2937 into $flatten\layer0.$add$tcn_8ch_layer_parallel.v:61$2989.
  merging $macc model for $flatten\layer0.$add$tcn_8ch_layer_parallel.v:61$2933 into $flatten\layer0.$add$tcn_8ch_layer_parallel.v:61$2989.
  merging $macc model for $flatten\layer0.$add$tcn_8ch_layer_parallel.v:57$2931 into $flatten\layer0.$add$tcn_8ch_layer_parallel.v:61$2989.
  merging $macc model for $flatten\layer0.$add$tcn_8ch_layer_parallel.v:61$2929 into $flatten\layer0.$add$tcn_8ch_layer_parallel.v:61$2989.
  merging $macc model for $flatten\layer0.$add$tcn_8ch_layer_parallel.v:61$2927 into $flatten\layer0.$add$tcn_8ch_layer_parallel.v:61$2989.
  merging $macc model for $flatten\layer0.$add$tcn_8ch_layer_parallel.v:61$2925 into $flatten\layer0.$add$tcn_8ch_layer_parallel.v:61$2989.
  merging $macc model for $flatten\layer0.$add$tcn_8ch_layer_parallel.v:61$2923 into $flatten\layer0.$add$tcn_8ch_layer_parallel.v:61$2989.
  merging $macc model for $flatten\layer0.$add$tcn_8ch_layer_parallel.v:57$2921 into $flatten\layer0.$add$tcn_8ch_layer_parallel.v:61$2989.
  merging $macc model for $flatten\layer0.$add$tcn_8ch_layer_parallel.v:61$2919 into $flatten\layer0.$add$tcn_8ch_layer_parallel.v:61$2989.
  merging $macc model for $flatten\layer0.$add$tcn_8ch_layer_parallel.v:61$2917 into $flatten\layer0.$add$tcn_8ch_layer_parallel.v:61$2989.
  merging $macc model for $flatten\layer0.$add$tcn_8ch_layer_parallel.v:61$2915 into $flatten\layer0.$add$tcn_8ch_layer_parallel.v:61$2989.
  merging $macc model for $flatten\layer0.$mul$tcn_8ch_layer_parallel.v:62$2982 into $flatten\layer0.$add$tcn_8ch_layer_parallel.v:61$2989.
  merging $macc model for $flatten\layer0.$mul$tcn_8ch_layer_parallel.v:62$2978 into $flatten\layer0.$add$tcn_8ch_layer_parallel.v:61$2989.
  merging $macc model for $flatten\layer0.$mul$tcn_8ch_layer_parallel.v:62$2954 into $flatten\layer0.$add$tcn_8ch_layer_parallel.v:61$2989.
  merging $macc model for $flatten\layer0.$mul$tcn_8ch_layer_parallel.v:58$2930 into $flatten\layer0.$add$tcn_8ch_layer_parallel.v:61$2989.
  merging $macc model for $flatten\layer0.$mul$tcn_8ch_layer_parallel.v:62$2926 into $flatten\layer0.$add$tcn_8ch_layer_parallel.v:61$2989.
  merging $macc model for $flatten\layer0.$add$tcn_8ch_layer_parallel.v:61$2905 into $flatten\layer0.$add$tcn_8ch_layer_parallel.v:61$2907.
  merging $macc model for $flatten\layer0.$add$tcn_8ch_layer_parallel.v:61$2903 into $flatten\layer0.$add$tcn_8ch_layer_parallel.v:61$2907.
  merging $macc model for $flatten\layer0.$add$tcn_8ch_layer_parallel.v:57$2901 into $flatten\layer0.$add$tcn_8ch_layer_parallel.v:61$2907.
  merging $macc model for $flatten\layer0.$add$tcn_8ch_layer_parallel.v:61$2899 into $flatten\layer0.$add$tcn_8ch_layer_parallel.v:61$2907.
  merging $macc model for $flatten\layer0.$add$tcn_8ch_layer_parallel.v:61$2897 into $flatten\layer0.$add$tcn_8ch_layer_parallel.v:61$2907.
  merging $macc model for $flatten\layer0.$add$tcn_8ch_layer_parallel.v:61$2895 into $flatten\layer0.$add$tcn_8ch_layer_parallel.v:61$2907.
  merging $macc model for $flatten\layer0.$add$tcn_8ch_layer_parallel.v:61$2893 into $flatten\layer0.$add$tcn_8ch_layer_parallel.v:61$2907.
  merging $macc model for $flatten\layer0.$add$tcn_8ch_layer_parallel.v:57$2891 into $flatten\layer0.$add$tcn_8ch_layer_parallel.v:61$2907.
  merging $macc model for $flatten\layer0.$add$tcn_8ch_layer_parallel.v:61$2889 into $flatten\layer0.$add$tcn_8ch_layer_parallel.v:61$2907.
  merging $macc model for $flatten\layer0.$add$tcn_8ch_layer_parallel.v:61$2887 into $flatten\layer0.$add$tcn_8ch_layer_parallel.v:61$2907.
  merging $macc model for $flatten\layer0.$add$tcn_8ch_layer_parallel.v:61$2883 into $flatten\layer0.$add$tcn_8ch_layer_parallel.v:61$2907.
  merging $macc model for $flatten\layer0.$add$tcn_8ch_layer_parallel.v:57$2881 into $flatten\layer0.$add$tcn_8ch_layer_parallel.v:61$2907.
  merging $macc model for $flatten\layer0.$add$tcn_8ch_layer_parallel.v:61$2879 into $flatten\layer0.$add$tcn_8ch_layer_parallel.v:61$2907.
  merging $macc model for $flatten\layer0.$add$tcn_8ch_layer_parallel.v:61$2877 into $flatten\layer0.$add$tcn_8ch_layer_parallel.v:61$2907.
  merging $macc model for $flatten\layer0.$add$tcn_8ch_layer_parallel.v:61$2875 into $flatten\layer0.$add$tcn_8ch_layer_parallel.v:61$2907.
  merging $macc model for $flatten\layer0.$add$tcn_8ch_layer_parallel.v:61$2873 into $flatten\layer0.$add$tcn_8ch_layer_parallel.v:61$2907.
  merging $macc model for $flatten\layer0.$add$tcn_8ch_layer_parallel.v:57$2871 into $flatten\layer0.$add$tcn_8ch_layer_parallel.v:61$2907.
  merging $macc model for $flatten\layer0.$add$tcn_8ch_layer_parallel.v:61$2869 into $flatten\layer0.$add$tcn_8ch_layer_parallel.v:61$2907.
  merging $macc model for $flatten\layer0.$add$tcn_8ch_layer_parallel.v:61$2867 into $flatten\layer0.$add$tcn_8ch_layer_parallel.v:61$2907.
  merging $macc model for $flatten\layer0.$add$tcn_8ch_layer_parallel.v:61$2865 into $flatten\layer0.$add$tcn_8ch_layer_parallel.v:61$2907.
  merging $macc model for $flatten\layer0.$add$tcn_8ch_layer_parallel.v:61$2863 into $flatten\layer0.$add$tcn_8ch_layer_parallel.v:61$2907.
  merging $macc model for $flatten\layer0.$add$tcn_8ch_layer_parallel.v:61$2859 into $flatten\layer0.$add$tcn_8ch_layer_parallel.v:61$2907.
  merging $macc model for $flatten\layer0.$add$tcn_8ch_layer_parallel.v:61$2855 into $flatten\layer0.$add$tcn_8ch_layer_parallel.v:61$2907.
  merging $macc model for $flatten\layer0.$add$tcn_8ch_layer_parallel.v:61$2853 into $flatten\layer0.$add$tcn_8ch_layer_parallel.v:61$2907.
  merging $macc model for $flatten\layer0.$add$tcn_8ch_layer_parallel.v:57$2851 into $flatten\layer0.$add$tcn_8ch_layer_parallel.v:61$2907.
  merging $macc model for $flatten\layer0.$add$tcn_8ch_layer_parallel.v:61$2849 into $flatten\layer0.$add$tcn_8ch_layer_parallel.v:61$2907.
  merging $macc model for $flatten\layer0.$add$tcn_8ch_layer_parallel.v:61$2847 into $flatten\layer0.$add$tcn_8ch_layer_parallel.v:61$2907.
  merging $macc model for $flatten\layer0.$add$tcn_8ch_layer_parallel.v:61$2845 into $flatten\layer0.$add$tcn_8ch_layer_parallel.v:61$2907.
  merging $macc model for $flatten\layer0.$add$tcn_8ch_layer_parallel.v:61$2843 into $flatten\layer0.$add$tcn_8ch_layer_parallel.v:61$2907.
  merging $macc model for $flatten\layer0.$add$tcn_8ch_layer_parallel.v:57$2841 into $flatten\layer0.$add$tcn_8ch_layer_parallel.v:61$2907.
  merging $macc model for $flatten\layer0.$add$tcn_8ch_layer_parallel.v:61$2839 into $flatten\layer0.$add$tcn_8ch_layer_parallel.v:61$2907.
  merging $macc model for $flatten\layer0.$add$tcn_8ch_layer_parallel.v:61$2837 into $flatten\layer0.$add$tcn_8ch_layer_parallel.v:61$2907.
  merging $macc model for $flatten\layer0.$mul$tcn_8ch_layer_parallel.v:62$2904 into $flatten\layer0.$add$tcn_8ch_layer_parallel.v:61$2907.
  merging $macc model for $flatten\layer0.$mul$tcn_8ch_layer_parallel.v:58$2880 into $flatten\layer0.$add$tcn_8ch_layer_parallel.v:61$2907.
  merging $macc model for $flatten\layer0.$mul$tcn_8ch_layer_parallel.v:62$2876 into $flatten\layer0.$add$tcn_8ch_layer_parallel.v:61$2907.
  merging $macc model for $flatten\layer0.$mul$tcn_8ch_layer_parallel.v:62$2852 into $flatten\layer0.$add$tcn_8ch_layer_parallel.v:61$2907.
  merging $macc model for $flatten\layer0.$mul$tcn_8ch_layer_parallel.v:62$2848 into $flatten\layer0.$add$tcn_8ch_layer_parallel.v:61$2907.
  merging $macc model for $flatten\layer0.$mul$tcn_8ch_layer_parallel.v:58$2830 into $flatten\layer0.$add$tcn_8ch_layer_parallel.v:61$2835.
  merging $macc model for $flatten\layer0.$add$tcn_8ch_layer_parallel.v:61$2827 into $flatten\layer0.$add$tcn_8ch_layer_parallel.v:61$2829.
  merging $macc model for $flatten\layer0.$add$tcn_8ch_layer_parallel.v:61$2825 into $flatten\layer0.$add$tcn_8ch_layer_parallel.v:61$2829.
  merging $macc model for $flatten\layer0.$add$tcn_8ch_layer_parallel.v:61$2823 into $flatten\layer0.$add$tcn_8ch_layer_parallel.v:61$2829.
  merging $macc model for $flatten\layer0.$add$tcn_8ch_layer_parallel.v:57$2821 into $flatten\layer0.$add$tcn_8ch_layer_parallel.v:61$2829.
  merging $macc model for $flatten\layer0.$add$tcn_8ch_layer_parallel.v:61$2819 into $flatten\layer0.$add$tcn_8ch_layer_parallel.v:61$2829.
  merging $macc model for $flatten\layer0.$add$tcn_8ch_layer_parallel.v:61$2817 into $flatten\layer0.$add$tcn_8ch_layer_parallel.v:61$2829.
  merging $macc model for $flatten\layer0.$add$tcn_8ch_layer_parallel.v:61$2815 into $flatten\layer0.$add$tcn_8ch_layer_parallel.v:61$2829.
  merging $macc model for $flatten\layer0.$add$tcn_8ch_layer_parallel.v:61$2813 into $flatten\layer0.$add$tcn_8ch_layer_parallel.v:61$2829.
  merging $macc model for $flatten\layer0.$add$tcn_8ch_layer_parallel.v:61$2809 into $flatten\layer0.$add$tcn_8ch_layer_parallel.v:61$2829.
  merging $macc model for $flatten\layer0.$add$tcn_8ch_layer_parallel.v:61$2805 into $flatten\layer0.$add$tcn_8ch_layer_parallel.v:61$2829.
  merging $macc model for $flatten\layer0.$add$tcn_8ch_layer_parallel.v:61$2803 into $flatten\layer0.$add$tcn_8ch_layer_parallel.v:61$2829.
  merging $macc model for $flatten\layer0.$add$tcn_8ch_layer_parallel.v:57$2801 into $flatten\layer0.$add$tcn_8ch_layer_parallel.v:61$2829.
  merging $macc model for $flatten\layer0.$add$tcn_8ch_layer_parallel.v:61$2799 into $flatten\layer0.$add$tcn_8ch_layer_parallel.v:61$2829.
  merging $macc model for $flatten\layer0.$add$tcn_8ch_layer_parallel.v:61$2797 into $flatten\layer0.$add$tcn_8ch_layer_parallel.v:61$2829.
  merging $macc model for $flatten\layer0.$add$tcn_8ch_layer_parallel.v:61$2795 into $flatten\layer0.$add$tcn_8ch_layer_parallel.v:61$2829.
  merging $macc model for $flatten\layer0.$add$tcn_8ch_layer_parallel.v:61$2793 into $flatten\layer0.$add$tcn_8ch_layer_parallel.v:61$2829.
  merging $macc model for $flatten\layer0.$add$tcn_8ch_layer_parallel.v:57$2791 into $flatten\layer0.$add$tcn_8ch_layer_parallel.v:61$2829.
  merging $macc model for $flatten\layer0.$add$tcn_8ch_layer_parallel.v:61$2789 into $flatten\layer0.$add$tcn_8ch_layer_parallel.v:61$2829.
  merging $macc model for $flatten\layer0.$add$tcn_8ch_layer_parallel.v:61$2787 into $flatten\layer0.$add$tcn_8ch_layer_parallel.v:61$2829.
  merging $macc model for $flatten\layer0.$add$tcn_8ch_layer_parallel.v:61$2785 into $flatten\layer0.$add$tcn_8ch_layer_parallel.v:61$2829.
  merging $macc model for $flatten\layer0.$add$tcn_8ch_layer_parallel.v:57$2781 into $flatten\layer0.$add$tcn_8ch_layer_parallel.v:61$2829.
  merging $macc model for $flatten\layer0.$add$tcn_8ch_layer_parallel.v:61$2777 into $flatten\layer0.$add$tcn_8ch_layer_parallel.v:61$2829.
  merging $macc model for $flatten\layer0.$add$tcn_8ch_layer_parallel.v:61$2775 into $flatten\layer0.$add$tcn_8ch_layer_parallel.v:61$2829.
  merging $macc model for $flatten\layer0.$add$tcn_8ch_layer_parallel.v:61$2773 into $flatten\layer0.$add$tcn_8ch_layer_parallel.v:61$2829.
  merging $macc model for $flatten\layer0.$add$tcn_8ch_layer_parallel.v:57$2771 into $flatten\layer0.$add$tcn_8ch_layer_parallel.v:61$2829.
  merging $macc model for $flatten\layer0.$add$tcn_8ch_layer_parallel.v:61$2769 into $flatten\layer0.$add$tcn_8ch_layer_parallel.v:61$2829.
  merging $macc model for $flatten\layer0.$add$tcn_8ch_layer_parallel.v:61$2767 into $flatten\layer0.$add$tcn_8ch_layer_parallel.v:61$2829.
  merging $macc model for $flatten\layer0.$add$tcn_8ch_layer_parallel.v:61$2765 into $flatten\layer0.$add$tcn_8ch_layer_parallel.v:61$2829.
  merging $macc model for $flatten\layer0.$add$tcn_8ch_layer_parallel.v:61$2763 into $flatten\layer0.$add$tcn_8ch_layer_parallel.v:61$2829.
  merging $macc model for $flatten\layer0.$add$tcn_8ch_layer_parallel.v:57$2761 into $flatten\layer0.$add$tcn_8ch_layer_parallel.v:61$2829.
  merging $macc model for $flatten\layer0.$add$tcn_8ch_layer_parallel.v:61$2759 into $flatten\layer0.$add$tcn_8ch_layer_parallel.v:61$2829.
  merging $macc model for $flatten\layer0.$add$tcn_8ch_layer_parallel.v:61$2757 into $flatten\layer0.$add$tcn_8ch_layer_parallel.v:61$2829.
  merging $macc model for $flatten\layer0.$add$tcn_8ch_layer_parallel.v:61$2753 into $flatten\layer0.$add$tcn_8ch_layer_parallel.v:61$2829.
  merging $macc model for $flatten\layer0.$mul$tcn_8ch_layer_parallel.v:58$2750 into $flatten\layer0.$add$tcn_8ch_layer_parallel.v:61$2829.
  merging $macc model for $flatten\layer0.$mul$tcn_8ch_layer_parallel.v:62$2826 into $flatten\layer0.$add$tcn_8ch_layer_parallel.v:61$2829.
  merging $macc model for $flatten\layer0.$mul$tcn_8ch_layer_parallel.v:62$2802 into $flatten\layer0.$add$tcn_8ch_layer_parallel.v:61$2829.
  merging $macc model for $flatten\layer0.$mul$tcn_8ch_layer_parallel.v:62$2798 into $flatten\layer0.$add$tcn_8ch_layer_parallel.v:61$2829.
  merging $macc model for $flatten\layer0.$mul$tcn_8ch_layer_parallel.v:62$2774 into $flatten\layer0.$add$tcn_8ch_layer_parallel.v:61$2829.
  merging $macc model for $flatten\layer0.$add$tcn_8ch_layer_parallel.v:61$2747 into $flatten\layer0.$add$tcn_8ch_layer_parallel.v:61$2749.
  merging $macc model for $flatten\layer0.$add$tcn_8ch_layer_parallel.v:61$2745 into $flatten\layer0.$add$tcn_8ch_layer_parallel.v:61$2749.
  merging $macc model for $flatten\layer0.$add$tcn_8ch_layer_parallel.v:61$2743 into $flatten\layer0.$add$tcn_8ch_layer_parallel.v:61$2749.
  merging $macc model for $flatten\layer0.$add$tcn_8ch_layer_parallel.v:57$2741 into $flatten\layer0.$add$tcn_8ch_layer_parallel.v:61$2749.
  merging $macc model for $flatten\layer0.$add$tcn_8ch_layer_parallel.v:61$2739 into $flatten\layer0.$add$tcn_8ch_layer_parallel.v:61$2749.
  merging $macc model for $flatten\layer0.$add$tcn_8ch_layer_parallel.v:61$2737 into $flatten\layer0.$add$tcn_8ch_layer_parallel.v:61$2749.
  merging $macc model for $flatten\layer0.$add$tcn_8ch_layer_parallel.v:61$2735 into $flatten\layer0.$add$tcn_8ch_layer_parallel.v:61$2749.
  merging $macc model for $flatten\layer0.$add$tcn_8ch_layer_parallel.v:57$2731 into $flatten\layer0.$add$tcn_8ch_layer_parallel.v:61$2749.
  merging $macc model for $flatten\layer0.$add$tcn_8ch_layer_parallel.v:61$2727 into $flatten\layer0.$add$tcn_8ch_layer_parallel.v:61$2749.
  merging $macc model for $flatten\layer0.$add$tcn_8ch_layer_parallel.v:61$2725 into $flatten\layer0.$add$tcn_8ch_layer_parallel.v:61$2749.
  merging $macc model for $flatten\layer0.$add$tcn_8ch_layer_parallel.v:61$2723 into $flatten\layer0.$add$tcn_8ch_layer_parallel.v:61$2749.
  merging $macc model for $flatten\layer0.$add$tcn_8ch_layer_parallel.v:57$2721 into $flatten\layer0.$add$tcn_8ch_layer_parallel.v:61$2749.
  merging $macc model for $flatten\layer0.$add$tcn_8ch_layer_parallel.v:61$2719 into $flatten\layer0.$add$tcn_8ch_layer_parallel.v:61$2749.
  merging $macc model for $flatten\layer0.$add$tcn_8ch_layer_parallel.v:61$2717 into $flatten\layer0.$add$tcn_8ch_layer_parallel.v:61$2749.
  merging $macc model for $flatten\layer0.$add$tcn_8ch_layer_parallel.v:61$2715 into $flatten\layer0.$add$tcn_8ch_layer_parallel.v:61$2749.
  merging $macc model for $flatten\layer0.$add$tcn_8ch_layer_parallel.v:61$2713 into $flatten\layer0.$add$tcn_8ch_layer_parallel.v:61$2749.
  merging $macc model for $flatten\layer0.$add$tcn_8ch_layer_parallel.v:57$2711 into $flatten\layer0.$add$tcn_8ch_layer_parallel.v:61$2749.
  merging $macc model for $flatten\layer0.$add$tcn_8ch_layer_parallel.v:61$2709 into $flatten\layer0.$add$tcn_8ch_layer_parallel.v:61$2749.
  merging $macc model for $flatten\layer0.$add$tcn_8ch_layer_parallel.v:61$2707 into $flatten\layer0.$add$tcn_8ch_layer_parallel.v:61$2749.
  merging $macc model for $flatten\layer0.$add$tcn_8ch_layer_parallel.v:61$2703 into $flatten\layer0.$add$tcn_8ch_layer_parallel.v:61$2749.
  merging $macc model for $flatten\layer0.$add$tcn_8ch_layer_parallel.v:57$2701 into $flatten\layer0.$add$tcn_8ch_layer_parallel.v:61$2749.
  merging $macc model for $flatten\layer0.$add$tcn_8ch_layer_parallel.v:61$2699 into $flatten\layer0.$add$tcn_8ch_layer_parallel.v:61$2749.
  merging $macc model for $flatten\layer0.$add$tcn_8ch_layer_parallel.v:61$2697 into $flatten\layer0.$add$tcn_8ch_layer_parallel.v:61$2749.
  merging $macc model for $flatten\layer0.$add$tcn_8ch_layer_parallel.v:61$2695 into $flatten\layer0.$add$tcn_8ch_layer_parallel.v:61$2749.
  merging $macc model for $flatten\layer0.$add$tcn_8ch_layer_parallel.v:61$2693 into $flatten\layer0.$add$tcn_8ch_layer_parallel.v:61$2749.
  merging $macc model for $flatten\layer0.$add$tcn_8ch_layer_parallel.v:57$2691 into $flatten\layer0.$add$tcn_8ch_layer_parallel.v:61$2749.
  merging $macc model for $flatten\layer0.$add$tcn_8ch_layer_parallel.v:61$2689 into $flatten\layer0.$add$tcn_8ch_layer_parallel.v:61$2749.
  merging $macc model for $flatten\layer0.$add$tcn_8ch_layer_parallel.v:61$2687 into $flatten\layer0.$add$tcn_8ch_layer_parallel.v:61$2749.
  merging $macc model for $flatten\layer0.$add$tcn_8ch_layer_parallel.v:61$2685 into $flatten\layer0.$add$tcn_8ch_layer_parallel.v:61$2749.
  merging $macc model for $flatten\layer0.$add$tcn_8ch_layer_parallel.v:61$2683 into $flatten\layer0.$add$tcn_8ch_layer_parallel.v:61$2749.
  merging $macc model for $flatten\layer0.$add$tcn_8ch_layer_parallel.v:61$2679 into $flatten\layer0.$add$tcn_8ch_layer_parallel.v:61$2749.
  merging $macc model for $flatten\layer0.$add$tcn_8ch_layer_parallel.v:61$2675 into $flatten\layer0.$add$tcn_8ch_layer_parallel.v:61$2749.
  merging $macc model for $flatten\layer0.$add$tcn_8ch_layer_parallel.v:61$2673 into $flatten\layer0.$add$tcn_8ch_layer_parallel.v:61$2749.
  merging $macc model for $flatten\layer0.$mul$tcn_8ch_layer_parallel.v:62$2748 into $flatten\layer0.$add$tcn_8ch_layer_parallel.v:61$2749.
  merging $macc model for $flatten\layer0.$mul$tcn_8ch_layer_parallel.v:62$2724 into $flatten\layer0.$add$tcn_8ch_layer_parallel.v:61$2749.
  merging $macc model for $flatten\layer0.$mul$tcn_8ch_layer_parallel.v:58$2700 into $flatten\layer0.$add$tcn_8ch_layer_parallel.v:61$2749.
  merging $macc model for $flatten\layer0.$mul$tcn_8ch_layer_parallel.v:62$2696 into $flatten\layer0.$add$tcn_8ch_layer_parallel.v:61$2749.
  merging $macc model for $flatten\layer0.$mul$tcn_8ch_layer_parallel.v:62$2672 into $flatten\layer0.$add$tcn_8ch_layer_parallel.v:61$2749.
  creating $alu model for $macc $flatten\layer0.$add$tcn_8ch_layer_parallel.v:61$3233.
  creating $alu model for $macc $flatten\layer1.$add$tcn_8ch_layer_parallel.v:61$2253.
  creating $macc cell for $flatten\layer1.$mul$tcn_8ch_layer_parallel.v:62$2308: $auto$alumacc.cc:365:replace_macc$4192
  creating $macc cell for $flatten\layer0.$mul$tcn_8ch_layer_parallel.v:62$2938: $auto$alumacc.cc:365:replace_macc$4193
  creating $macc cell for $flatten\layer1.$add$tcn_8ch_layer_parallel.v:61$2169: $auto$alumacc.cc:365:replace_macc$4194
  creating $macc cell for $flatten\layer1.$add$tcn_8ch_layer_parallel.v:61$1769: $auto$alumacc.cc:365:replace_macc$4195
  creating $macc cell for $flatten\layer0.$mul$tcn_8ch_layer_parallel.v:62$3264: $auto$alumacc.cc:365:replace_macc$4196
  creating $macc cell for $flatten\layer0.$mul$tcn_8ch_layer_parallel.v:62$3246: $auto$alumacc.cc:365:replace_macc$4197
  creating $macc cell for $flatten\layer0.$mul$tcn_8ch_layer_parallel.v:62$3172: $auto$alumacc.cc:365:replace_macc$4198
  creating $macc cell for $flatten\layer0.$add$tcn_8ch_layer_parallel.v:61$3229: $auto$alumacc.cc:365:replace_macc$4199
  creating $macc cell for $flatten\layer0.$mul$tcn_8ch_layer_parallel.v:62$3168: $auto$alumacc.cc:365:replace_macc$4200
  creating $macc cell for $flatten\layer0.$mul$tcn_8ch_layer_parallel.v:62$3158: $auto$alumacc.cc:365:replace_macc$4201
  creating $macc cell for $flatten\layer1.$mul$tcn_8ch_layer_parallel.v:62$1806: $auto$alumacc.cc:365:replace_macc$4202
  creating $macc cell for $flatten\layer0.$mul$tcn_8ch_layer_parallel.v:58$2730: $auto$alumacc.cc:365:replace_macc$4203
  creating $macc cell for $flatten\layer0.$mul$tcn_8ch_layer_parallel.v:62$3084: $auto$alumacc.cc:365:replace_macc$4204
  creating $macc cell for $flatten\layer1.$mul$tcn_8ch_layer_parallel.v:62$2312: $auto$alumacc.cc:365:replace_macc$4205
  creating $macc cell for $flatten\layer1.$mul$tcn_8ch_layer_parallel.v:58$1750: $auto$alumacc.cc:365:replace_macc$4206
  creating $macc cell for $flatten\layer0.$add$tcn_8ch_layer_parallel.v:61$3069: $auto$alumacc.cc:365:replace_macc$4207
  creating $macc cell for $flatten\layer0.$mul$tcn_8ch_layer_parallel.v:62$3016: $auto$alumacc.cc:365:replace_macc$4208
  creating $macc cell for $flatten\layer0.$mul$tcn_8ch_layer_parallel.v:62$2992: $auto$alumacc.cc:365:replace_macc$4209
  creating $macc cell for $flatten\layer0.$add$tcn_8ch_layer_parallel.v:61$2989: $auto$alumacc.cc:365:replace_macc$4210
  creating $macc cell for $flatten\layer1.$mul$tcn_8ch_layer_parallel.v:58$1810: $auto$alumacc.cc:365:replace_macc$4211
  creating $macc cell for $flatten\layer0.$mul$tcn_8ch_layer_parallel.v:62$2906: $auto$alumacc.cc:365:replace_macc$4212
  creating $macc cell for $flatten\layer1.$add$tcn_8ch_layer_parallel.v:61$2249: $auto$alumacc.cc:365:replace_macc$4213
  creating $macc cell for $flatten\layer1.$add$tcn_8ch_layer_parallel.v:61$1855: $auto$alumacc.cc:365:replace_macc$4214
  creating $macc cell for $flatten\layer0.$mul$tcn_8ch_layer_parallel.v:62$2878: $auto$alumacc.cc:365:replace_macc$4215
  creating $macc cell for $flatten\layer0.$mul$tcn_8ch_layer_parallel.v:62$2786: $auto$alumacc.cc:365:replace_macc$4216
  creating $macc cell for $flatten\layer0.$mul$tcn_8ch_layer_parallel.v:62$2752: $auto$alumacc.cc:365:replace_macc$4217
  creating $macc cell for $flatten\layer0.$mul$tcn_8ch_layer_parallel.v:62$2736: $auto$alumacc.cc:365:replace_macc$4218
  creating $macc cell for $flatten\layer0.$mul$tcn_8ch_layer_parallel.v:62$2712: $auto$alumacc.cc:365:replace_macc$4219
  creating $macc cell for $flatten\layer0.$mul$tcn_8ch_layer_parallel.v:62$2698: $auto$alumacc.cc:365:replace_macc$4220
  creating $macc cell for $flatten\layer0.$mul$tcn_8ch_layer_parallel.v:62$2684: $auto$alumacc.cc:365:replace_macc$4221
  creating $macc cell for $flatten\layer1.$mul$tcn_8ch_layer_parallel.v:62$2322: $auto$alumacc.cc:365:replace_macc$4222
  creating $macc cell for $flatten\layer0.$mul$tcn_8ch_layer_parallel.v:58$3200: $auto$alumacc.cc:365:replace_macc$4223
  creating $macc cell for $flatten\layer1.$add$tcn_8ch_layer_parallel.v:61$2089: $auto$alumacc.cc:365:replace_macc$4224
  creating $macc cell for $flatten\layer0.$mul$tcn_8ch_layer_parallel.v:62$2984: $auto$alumacc.cc:365:replace_macc$4225
  creating $macc cell for $flatten\layer0.$mul$tcn_8ch_layer_parallel.v:58$3020: $auto$alumacc.cc:365:replace_macc$4226
  creating $macc cell for $flatten\layer0.$mul$tcn_8ch_layer_parallel.v:62$3068: $auto$alumacc.cc:365:replace_macc$4227
  creating $macc cell for $flatten\layer0.$mul$tcn_8ch_layer_parallel.v:58$2840: $auto$alumacc.cc:365:replace_macc$4228
  creating $macc cell for $flatten\layer0.$mul$tcn_8ch_layer_parallel.v:62$3236: $auto$alumacc.cc:365:replace_macc$4229
  creating $macc cell for $flatten\layer1.$mul$tcn_8ch_layer_parallel.v:62$2318: $auto$alumacc.cc:365:replace_macc$4230
  creating $macc cell for $flatten\layer0.$mul$tcn_8ch_layer_parallel.v:62$2776: $auto$alumacc.cc:365:replace_macc$4231
  creating $macc cell for $flatten\layer0.$mul$tcn_8ch_layer_parallel.v:62$2942: $auto$alumacc.cc:365:replace_macc$4232
  creating $macc cell for $flatten\layer0.$mul$tcn_8ch_layer_parallel.v:62$3062: $auto$alumacc.cc:365:replace_macc$4233
  creating $macc cell for $flatten\layer1.$add$tcn_8ch_layer_parallel.v:61$1849: $auto$alumacc.cc:365:replace_macc$4234
  creating $macc cell for $flatten\layer1.$add$tcn_8ch_layer_parallel.v:61$2329: $auto$alumacc.cc:365:replace_macc$4235
  creating $macc cell for $flatten\layer1.$mul$tcn_8ch_layer_parallel.v:62$2054: $auto$alumacc.cc:365:replace_macc$4236
  creating $macc cell for $flatten\layer0.$add$tcn_8ch_layer_parallel.v:61$2907: $auto$alumacc.cc:365:replace_macc$4237
  creating $macc cell for $flatten\layer0.$mul$tcn_8ch_layer_parallel.v:58$2970: $auto$alumacc.cc:365:replace_macc$4238
  creating $macc cell for $flatten\layer1.$mul$tcn_8ch_layer_parallel.v:58$1860: $auto$alumacc.cc:365:replace_macc$4239
  creating $macc cell for $flatten\layer0.$mul$tcn_8ch_layer_parallel.v:62$3136: $auto$alumacc.cc:365:replace_macc$4240
  creating $macc cell for $flatten\layer1.$mul$tcn_8ch_layer_parallel.v:58$1980: $auto$alumacc.cc:365:replace_macc$4241
  creating $macc cell for $flatten\layer1.$mul$tcn_8ch_layer_parallel.v:58$1990: $auto$alumacc.cc:365:replace_macc$4242
  creating $macc cell for $flatten\layer1.$mul$tcn_8ch_layer_parallel.v:58$2030: $auto$alumacc.cc:365:replace_macc$4243
  creating $macc cell for $flatten\layer1.$mul$tcn_8ch_layer_parallel.v:62$1796: $auto$alumacc.cc:365:replace_macc$4244
  creating $macc cell for $flatten\layer1.$mul$tcn_8ch_layer_parallel.v:58$2090: $auto$alumacc.cc:365:replace_macc$4245
  creating $macc cell for $flatten\layer0.$mul$tcn_8ch_layer_parallel.v:62$2882: $auto$alumacc.cc:365:replace_macc$4246
  creating $macc cell for $flatten\layer0.$mul$tcn_8ch_layer_parallel.v:62$3298: $auto$alumacc.cc:365:replace_macc$4247
  creating $macc cell for $flatten\layer1.$mul$tcn_8ch_layer_parallel.v:58$2210: $auto$alumacc.cc:365:replace_macc$4248
  creating $macc cell for $flatten\layer1.$mul$tcn_8ch_layer_parallel.v:58$2220: $auto$alumacc.cc:365:replace_macc$4249
  creating $macc cell for $flatten\layer1.$mul$tcn_8ch_layer_parallel.v:58$2260: $auto$alumacc.cc:365:replace_macc$4250
  creating $macc cell for $flatten\layer1.$mul$tcn_8ch_layer_parallel.v:62$2064: $auto$alumacc.cc:365:replace_macc$4251
  creating $macc cell for $flatten\layer0.$mul$tcn_8ch_layer_parallel.v:58$2960: $auto$alumacc.cc:365:replace_macc$4252
  creating $macc cell for $flatten\layer1.$mul$tcn_8ch_layer_parallel.v:62$1694: $auto$alumacc.cc:365:replace_macc$4253
  creating $macc cell for $flatten\layer1.$mul$tcn_8ch_layer_parallel.v:62$1704: $auto$alumacc.cc:365:replace_macc$4254
  creating $macc cell for $flatten\layer0.$mul$tcn_8ch_layer_parallel.v:58$2740: $auto$alumacc.cc:365:replace_macc$4255
  creating $macc cell for $flatten\layer1.$mul$tcn_8ch_layer_parallel.v:62$1718: $auto$alumacc.cc:365:replace_macc$4256
  creating $macc cell for $flatten\layer1.$mul$tcn_8ch_layer_parallel.v:62$1722: $auto$alumacc.cc:365:replace_macc$4257
  creating $macc cell for $flatten\layer1.$mul$tcn_8ch_layer_parallel.v:62$1732: $auto$alumacc.cc:365:replace_macc$4258
  creating $macc cell for $flatten\layer1.$mul$tcn_8ch_layer_parallel.v:62$1782: $auto$alumacc.cc:365:replace_macc$4259
  creating $macc cell for $flatten\layer1.$mul$tcn_8ch_layer_parallel.v:62$1746: $auto$alumacc.cc:365:replace_macc$4260
  creating $macc cell for $flatten\layer1.$mul$tcn_8ch_layer_parallel.v:62$1756: $auto$alumacc.cc:365:replace_macc$4261
  creating $macc cell for $flatten\layer1.$mul$tcn_8ch_layer_parallel.v:62$1772: $auto$alumacc.cc:365:replace_macc$4262
  creating $macc cell for $flatten\layer1.$mul$tcn_8ch_layer_parallel.v:62$1778: $auto$alumacc.cc:365:replace_macc$4263
  creating $macc cell for $flatten\layer0.$add$tcn_8ch_layer_parallel.v:61$2835: $auto$alumacc.cc:365:replace_macc$4264
  creating $macc cell for $flatten\layer0.$add$tcn_8ch_layer_parallel.v:61$2829: $auto$alumacc.cc:365:replace_macc$4265
  creating $macc cell for $flatten\layer1.$mul$tcn_8ch_layer_parallel.v:62$1824: $auto$alumacc.cc:365:replace_macc$4266
  creating $macc cell for $flatten\layer1.$mul$tcn_8ch_layer_parallel.v:62$1834: $auto$alumacc.cc:365:replace_macc$4267
  creating $macc cell for $flatten\layer0.$mul$tcn_8ch_layer_parallel.v:62$3034: $auto$alumacc.cc:365:replace_macc$4268
  creating $macc cell for $flatten\layer1.$mul$tcn_8ch_layer_parallel.v:62$1856: $auto$alumacc.cc:365:replace_macc$4269
  creating $macc cell for $flatten\layer0.$mul$tcn_8ch_layer_parallel.v:62$2674: $auto$alumacc.cc:365:replace_macc$4270
  creating $macc cell for $flatten\layer0.$mul$tcn_8ch_layer_parallel.v:62$3162: $auto$alumacc.cc:365:replace_macc$4271
  creating $macc cell for $flatten\layer1.$mul$tcn_8ch_layer_parallel.v:62$1874: $auto$alumacc.cc:365:replace_macc$4272
  creating $macc cell for $flatten\layer1.$mul$tcn_8ch_layer_parallel.v:62$1884: $auto$alumacc.cc:365:replace_macc$4273
  creating $macc cell for $flatten\layer0.$mul$tcn_8ch_layer_parallel.v:62$2836: $auto$alumacc.cc:365:replace_macc$4274
  creating $macc cell for $flatten\layer1.$mul$tcn_8ch_layer_parallel.v:62$1898: $auto$alumacc.cc:365:replace_macc$4275
  creating $macc cell for $flatten\layer1.$mul$tcn_8ch_layer_parallel.v:62$1908: $auto$alumacc.cc:365:replace_macc$4276
  creating $macc cell for $flatten\layer1.$mul$tcn_8ch_layer_parallel.v:62$1912: $auto$alumacc.cc:365:replace_macc$4277
  creating $macc cell for $flatten\layer1.$mul$tcn_8ch_layer_parallel.v:58$1760: $auto$alumacc.cc:365:replace_macc$4278
  creating $macc cell for $flatten\layer1.$mul$tcn_8ch_layer_parallel.v:62$1926: $auto$alumacc.cc:365:replace_macc$4279
  creating $macc cell for $flatten\layer0.$mul$tcn_8ch_layer_parallel.v:62$3146: $auto$alumacc.cc:365:replace_macc$4280
  creating $macc cell for $flatten\layer1.$mul$tcn_8ch_layer_parallel.v:62$1948: $auto$alumacc.cc:365:replace_macc$4281
  creating $macc cell for $flatten\layer1.$mul$tcn_8ch_layer_parallel.v:62$1952: $auto$alumacc.cc:365:replace_macc$4282
  creating $macc cell for $flatten\layer1.$mul$tcn_8ch_layer_parallel.v:62$1962: $auto$alumacc.cc:365:replace_macc$4283
  creating $macc cell for $flatten\layer0.$mul$tcn_8ch_layer_parallel.v:58$2780: $auto$alumacc.cc:365:replace_macc$4284
  creating $macc cell for $flatten\layer1.$mul$tcn_8ch_layer_parallel.v:62$1976: $auto$alumacc.cc:365:replace_macc$4285
  creating $macc cell for $flatten\layer0.$mul$tcn_8ch_layer_parallel.v:62$3122: $auto$alumacc.cc:365:replace_macc$4286
  creating $macc cell for $flatten\layer0.$mul$tcn_8ch_layer_parallel.v:62$3118: $auto$alumacc.cc:365:replace_macc$4287
  creating $macc cell for $flatten\layer1.$mul$tcn_8ch_layer_parallel.v:62$2004: $auto$alumacc.cc:365:replace_macc$4288
  creating $macc cell for $flatten\layer1.$mul$tcn_8ch_layer_parallel.v:62$2012: $auto$alumacc.cc:365:replace_macc$4289
  creating $macc cell for $flatten\layer1.$mul$tcn_8ch_layer_parallel.v:62$2026: $auto$alumacc.cc:365:replace_macc$4290
  creating $macc cell for $flatten\layer1.$mul$tcn_8ch_layer_parallel.v:62$2036: $auto$alumacc.cc:365:replace_macc$4291
  creating $macc cell for $flatten\layer0.$mul$tcn_8ch_layer_parallel.v:62$2888: $auto$alumacc.cc:365:replace_macc$4292
  creating $macc cell for $flatten\layer0.$add$tcn_8ch_layer_parallel.v:61$2749: $auto$alumacc.cc:365:replace_macc$4293
  creating $macc cell for $flatten\layer1.$mul$tcn_8ch_layer_parallel.v:62$2082: $auto$alumacc.cc:365:replace_macc$4294
  creating $macc cell for $flatten\layer1.$mul$tcn_8ch_layer_parallel.v:62$2088: $auto$alumacc.cc:365:replace_macc$4295
  creating $macc cell for $flatten\layer0.$mul$tcn_8ch_layer_parallel.v:58$3190: $auto$alumacc.cc:365:replace_macc$4296
  creating $macc cell for $flatten\layer1.$mul$tcn_8ch_layer_parallel.v:62$2104: $auto$alumacc.cc:365:replace_macc$4297
  creating $macc cell for $flatten\layer1.$mul$tcn_8ch_layer_parallel.v:62$2114: $auto$alumacc.cc:365:replace_macc$4298
  creating $macc cell for $flatten\layer0.$mul$tcn_8ch_layer_parallel.v:58$3140: $auto$alumacc.cc:365:replace_macc$4299
  creating $macc cell for $flatten\layer1.$mul$tcn_8ch_layer_parallel.v:62$2132: $auto$alumacc.cc:365:replace_macc$4300
  creating $macc cell for $flatten\layer1.$mul$tcn_8ch_layer_parallel.v:62$2138: $auto$alumacc.cc:365:replace_macc$4301
  creating $macc cell for $flatten\layer1.$mul$tcn_8ch_layer_parallel.v:62$2142: $auto$alumacc.cc:365:replace_macc$4302
  creating $macc cell for $flatten\layer1.$mul$tcn_8ch_layer_parallel.v:62$2156: $auto$alumacc.cc:365:replace_macc$4303
  creating $macc cell for $flatten\layer1.$mul$tcn_8ch_layer_parallel.v:62$2166: $auto$alumacc.cc:365:replace_macc$4304
  creating $macc cell for $flatten\layer0.$mul$tcn_8ch_layer_parallel.v:62$3302: $auto$alumacc.cc:365:replace_macc$4305
  creating $macc cell for $flatten\layer1.$mul$tcn_8ch_layer_parallel.v:62$2178: $auto$alumacc.cc:365:replace_macc$4306
  creating $macc cell for $flatten\layer1.$mul$tcn_8ch_layer_parallel.v:62$2188: $auto$alumacc.cc:365:replace_macc$4307
  creating $macc cell for $flatten\layer1.$mul$tcn_8ch_layer_parallel.v:62$2192: $auto$alumacc.cc:365:replace_macc$4308
  creating $macc cell for $flatten\layer0.$mul$tcn_8ch_layer_parallel.v:62$3292: $auto$alumacc.cc:365:replace_macc$4309
  creating $macc cell for $flatten\layer1.$mul$tcn_8ch_layer_parallel.v:62$2216: $auto$alumacc.cc:365:replace_macc$4310
  creating $macc cell for $flatten\layer0.$mul$tcn_8ch_layer_parallel.v:62$3214: $auto$alumacc.cc:365:replace_macc$4311
  creating $macc cell for $flatten\layer0.$mul$tcn_8ch_layer_parallel.v:62$3274: $auto$alumacc.cc:365:replace_macc$4312
  creating $macc cell for $flatten\layer1.$mul$tcn_8ch_layer_parallel.v:62$2234: $auto$alumacc.cc:365:replace_macc$4313
  creating $macc cell for $flatten\layer0.$mul$tcn_8ch_layer_parallel.v:62$3108: $auto$alumacc.cc:365:replace_macc$4314
  creating $macc cell for $flatten\layer1.$mul$tcn_8ch_layer_parallel.v:62$2256: $auto$alumacc.cc:365:replace_macc$4315
  creating $macc cell for $flatten\layer1.$mul$tcn_8ch_layer_parallel.v:62$2266: $auto$alumacc.cc:365:replace_macc$4316
  creating $macc cell for $flatten\layer0.$add$tcn_8ch_layer_parallel.v:61$3149: $auto$alumacc.cc:365:replace_macc$4317
  creating $macc cell for $flatten\layer0.$mul$tcn_8ch_layer_parallel.v:62$2828: $auto$alumacc.cc:365:replace_macc$4318
  creating $macc cell for $flatten\layer1.$mul$tcn_8ch_layer_parallel.v:62$2284: $auto$alumacc.cc:365:replace_macc$4319
  creating $macc cell for $flatten\layer1.$mul$tcn_8ch_layer_parallel.v:62$2294: $auto$alumacc.cc:365:replace_macc$4320
  creating $macc cell for $flatten\layer0.$mul$tcn_8ch_layer_parallel.v:62$2804: $auto$alumacc.cc:365:replace_macc$4321
  creating $macc cell for $flatten\layer0.$mul$tcn_8ch_layer_parallel.v:62$2932: $auto$alumacc.cc:365:replace_macc$4322
  creating $macc cell for $flatten\layer0.$mul$tcn_8ch_layer_parallel.v:62$3224: $auto$alumacc.cc:365:replace_macc$4323
  creating $macc cell for $flatten\layer0.$mul$tcn_8ch_layer_parallel.v:62$2966: $auto$alumacc.cc:365:replace_macc$4324
  creating $macc cell for $flatten\layer0.$mul$tcn_8ch_layer_parallel.v:62$3288: $auto$alumacc.cc:365:replace_macc$4325
  creating $macc cell for $flatten\layer1.$add$tcn_8ch_layer_parallel.v:61$2009: $auto$alumacc.cc:365:replace_macc$4326
  creating $macc cell for $flatten\layer0.$mul$tcn_8ch_layer_parallel.v:62$3112: $auto$alumacc.cc:365:replace_macc$4327
  creating $macc cell for $flatten\layer0.$add$tcn_8ch_layer_parallel.v:61$3309: $auto$alumacc.cc:365:replace_macc$4328
  creating $macc cell for $flatten\layer0.$mul$tcn_8ch_layer_parallel.v:62$3044: $auto$alumacc.cc:365:replace_macc$4329
  creating $macc cell for $flatten\layer0.$mul$tcn_8ch_layer_parallel.v:62$3006: $auto$alumacc.cc:365:replace_macc$4330
  creating $macc cell for $flatten\layer0.$mul$tcn_8ch_layer_parallel.v:62$2956: $auto$alumacc.cc:365:replace_macc$4331
  creating $macc cell for $flatten\layer0.$mul$tcn_8ch_layer_parallel.v:62$2928: $auto$alumacc.cc:365:replace_macc$4332
  creating $macc cell for $flatten\layer0.$mul$tcn_8ch_layer_parallel.v:62$2814: $auto$alumacc.cc:365:replace_macc$4333
  creating $macc cell for $flatten\layer1.$mul$tcn_8ch_layer_parallel.v:62$2078: $auto$alumacc.cc:365:replace_macc$4334
  creating $macc cell for $flatten\layer0.$mul$tcn_8ch_layer_parallel.v:62$2726: $auto$alumacc.cc:365:replace_macc$4335
  creating $macc cell for $flatten\layer0.$mul$tcn_8ch_layer_parallel.v:62$2702: $auto$alumacc.cc:365:replace_macc$4336
  creating $macc cell for $flatten\layer0.$mul$tcn_8ch_layer_parallel.v:62$3186: $auto$alumacc.cc:365:replace_macc$4337
  creating $macc cell for $flatten\layer1.$mul$tcn_8ch_layer_parallel.v:58$1800: $auto$alumacc.cc:365:replace_macc$4338
  creating $macc cell for $flatten\layer0.$mul$tcn_8ch_layer_parallel.v:62$2914: $auto$alumacc.cc:365:replace_macc$4339
  creating $macc cell for $flatten\layer0.$mul$tcn_8ch_layer_parallel.v:62$3196: $auto$alumacc.cc:365:replace_macc$4340
  creating $macc cell for $flatten\layer1.$add$tcn_8ch_layer_parallel.v:61$2175: $auto$alumacc.cc:365:replace_macc$4341
  creating $macc cell for $flatten\layer0.$mul$tcn_8ch_layer_parallel.v:62$2864: $auto$alumacc.cc:365:replace_macc$4342
  creating $macc cell for $flatten\layer1.$add$tcn_8ch_layer_parallel.v:61$1927: $auto$alumacc.cc:365:replace_macc$4343
  creating $macc cell for $flatten\layer0.$mul$tcn_8ch_layer_parallel.v:62$3058: $auto$alumacc.cc:365:replace_macc$4344
  creating $macc cell for $flatten\layer0.$add$tcn_8ch_layer_parallel.v:61$3155: $auto$alumacc.cc:365:replace_macc$4345
  creating $macc cell for $flatten\layer0.$mul$tcn_8ch_layer_parallel.v:62$2758: $auto$alumacc.cc:365:replace_macc$4346
  creating $macc cell for $flatten\layer0.$mul$tcn_8ch_layer_parallel.v:62$2708: $auto$alumacc.cc:365:replace_macc$4347
  creating $macc cell for $flatten\layer0.$mul$tcn_8ch_layer_parallel.v:58$3240: $auto$alumacc.cc:365:replace_macc$4348
  creating $macc cell for $flatten\layer0.$mul$tcn_8ch_layer_parallel.v:58$3010: $auto$alumacc.cc:365:replace_macc$4349
  creating $macc cell for $flatten\layer0.$mul$tcn_8ch_layer_parallel.v:58$2790: $auto$alumacc.cc:365:replace_macc$4350
  creating $macc cell for $flatten\layer0.$mul$tcn_8ch_layer_parallel.v:62$3094: $auto$alumacc.cc:365:replace_macc$4351
  creating $macc cell for $flatten\layer0.$mul$tcn_8ch_layer_parallel.v:58$3250: $auto$alumacc.cc:365:replace_macc$4352
  creating $macc cell for $flatten\layer1.$mul$tcn_8ch_layer_parallel.v:58$2040: $auto$alumacc.cc:365:replace_macc$4353
  creating $macc cell for $flatten\layer1.$mul$tcn_8ch_layer_parallel.v:58$2160: $auto$alumacc.cc:365:replace_macc$4354
  creating $macc cell for $flatten\layer1.$mul$tcn_8ch_layer_parallel.v:58$2270: $auto$alumacc.cc:365:replace_macc$4355
  creating $macc cell for $flatten\layer1.$mul$tcn_8ch_layer_parallel.v:62$1728: $auto$alumacc.cc:365:replace_macc$4356
  creating $macc cell for $flatten\layer0.$mul$tcn_8ch_layer_parallel.v:62$2762: $auto$alumacc.cc:365:replace_macc$4357
  creating $macc cell for $flatten\layer1.$mul$tcn_8ch_layer_parallel.v:62$1848: $auto$alumacc.cc:365:replace_macc$4358
  creating $macc cell for $flatten\layer1.$mul$tcn_8ch_layer_parallel.v:62$1902: $auto$alumacc.cc:365:replace_macc$4359
  creating $macc cell for $flatten\layer1.$mul$tcn_8ch_layer_parallel.v:62$1934: $auto$alumacc.cc:365:replace_macc$4360
  creating $macc cell for $flatten\layer1.$mul$tcn_8ch_layer_parallel.v:62$1958: $auto$alumacc.cc:365:replace_macc$4361
  creating $macc cell for $flatten\layer1.$mul$tcn_8ch_layer_parallel.v:62$1986: $auto$alumacc.cc:365:replace_macc$4362
  creating $macc cell for $flatten\layer0.$mul$tcn_8ch_layer_parallel.v:62$2892: $auto$alumacc.cc:365:replace_macc$4363
  creating $macc cell for $flatten\layer0.$mul$tcn_8ch_layer_parallel.v:62$2854: $auto$alumacc.cc:365:replace_macc$4364
  creating $macc cell for $flatten\layer1.$mul$tcn_8ch_layer_parallel.v:62$2128: $auto$alumacc.cc:365:replace_macc$4365
  creating $macc cell for $flatten\layer0.$mul$tcn_8ch_layer_parallel.v:58$3070: $auto$alumacc.cc:365:replace_macc$4366
  creating $macc cell for $flatten\layer1.$mul$tcn_8ch_layer_parallel.v:62$2182: $auto$alumacc.cc:365:replace_macc$4367
  creating $macc cell for $flatten\layer1.$mul$tcn_8ch_layer_parallel.v:62$2206: $auto$alumacc.cc:365:replace_macc$4368
  creating $macc cell for $flatten\layer1.$mul$tcn_8ch_layer_parallel.v:62$2244: $auto$alumacc.cc:365:replace_macc$4369
  creating $alu model for $flatten\layer0.$lt$tcn_8ch_layer_parallel.v:79$3313 ($lt): new $alu
  creating $alu model for $flatten\layer0.$lt$tcn_8ch_layer_parallel.v:79$3315 ($lt): new $alu
  creating $alu model for $flatten\layer0.$lt$tcn_8ch_layer_parallel.v:79$3317 ($lt): new $alu
  creating $alu model for $flatten\layer0.$lt$tcn_8ch_layer_parallel.v:79$3319 ($lt): new $alu
  creating $alu model for $flatten\layer0.$lt$tcn_8ch_layer_parallel.v:79$3321 ($lt): new $alu
  creating $alu model for $flatten\layer0.$lt$tcn_8ch_layer_parallel.v:79$3323 ($lt): new $alu
  creating $alu model for $flatten\layer0.$lt$tcn_8ch_layer_parallel.v:79$3325 ($lt): new $alu
  creating $alu model for $flatten\layer0.$lt$tcn_8ch_layer_parallel.v:79$3327 ($lt): new $alu
  creating $alu model for $flatten\layer1.$lt$tcn_8ch_layer_parallel.v:79$2333 ($lt): new $alu
  creating $alu model for $flatten\layer1.$lt$tcn_8ch_layer_parallel.v:79$2335 ($lt): new $alu
  creating $alu model for $flatten\layer1.$lt$tcn_8ch_layer_parallel.v:79$2337 ($lt): new $alu
  creating $alu model for $flatten\layer1.$lt$tcn_8ch_layer_parallel.v:79$2339 ($lt): new $alu
  creating $alu model for $flatten\layer1.$lt$tcn_8ch_layer_parallel.v:79$2341 ($lt): new $alu
  creating $alu model for $flatten\layer1.$lt$tcn_8ch_layer_parallel.v:79$2343 ($lt): new $alu
  creating $alu model for $flatten\layer1.$lt$tcn_8ch_layer_parallel.v:79$2345 ($lt): new $alu
  creating $alu model for $flatten\layer1.$lt$tcn_8ch_layer_parallel.v:79$2347 ($lt): new $alu
  creating $alu cell for $flatten\layer1.$lt$tcn_8ch_layer_parallel.v:79$2347: $auto$alumacc.cc:485:replace_alu$4386
  creating $alu cell for $flatten\layer1.$lt$tcn_8ch_layer_parallel.v:79$2345: $auto$alumacc.cc:485:replace_alu$4399
  creating $alu cell for $flatten\layer1.$lt$tcn_8ch_layer_parallel.v:79$2343: $auto$alumacc.cc:485:replace_alu$4412
  creating $alu cell for $flatten\layer1.$lt$tcn_8ch_layer_parallel.v:79$2341: $auto$alumacc.cc:485:replace_alu$4425
  creating $alu cell for $flatten\layer1.$lt$tcn_8ch_layer_parallel.v:79$2339: $auto$alumacc.cc:485:replace_alu$4438
  creating $alu cell for $flatten\layer1.$lt$tcn_8ch_layer_parallel.v:79$2337: $auto$alumacc.cc:485:replace_alu$4451
  creating $alu cell for $flatten\layer1.$lt$tcn_8ch_layer_parallel.v:79$2335: $auto$alumacc.cc:485:replace_alu$4464
  creating $alu cell for $flatten\layer1.$lt$tcn_8ch_layer_parallel.v:79$2333: $auto$alumacc.cc:485:replace_alu$4477
  creating $alu cell for $flatten\layer0.$lt$tcn_8ch_layer_parallel.v:79$3327: $auto$alumacc.cc:485:replace_alu$4490
  creating $alu cell for $flatten\layer0.$lt$tcn_8ch_layer_parallel.v:79$3325: $auto$alumacc.cc:485:replace_alu$4503
  creating $alu cell for $flatten\layer0.$lt$tcn_8ch_layer_parallel.v:79$3323: $auto$alumacc.cc:485:replace_alu$4516
  creating $alu cell for $flatten\layer0.$lt$tcn_8ch_layer_parallel.v:79$3321: $auto$alumacc.cc:485:replace_alu$4529
  creating $alu cell for $flatten\layer0.$lt$tcn_8ch_layer_parallel.v:79$3319: $auto$alumacc.cc:485:replace_alu$4542
  creating $alu cell for $flatten\layer0.$lt$tcn_8ch_layer_parallel.v:79$3317: $auto$alumacc.cc:485:replace_alu$4555
  creating $alu cell for $flatten\layer0.$lt$tcn_8ch_layer_parallel.v:79$3315: $auto$alumacc.cc:485:replace_alu$4568
  creating $alu cell for $flatten\layer0.$lt$tcn_8ch_layer_parallel.v:79$3313: $auto$alumacc.cc:485:replace_alu$4581
  creating $alu cell for $flatten\layer1.$add$tcn_8ch_layer_parallel.v:61$2253: $auto$alumacc.cc:485:replace_alu$4594
  creating $alu cell for $flatten\layer0.$add$tcn_8ch_layer_parallel.v:61$3233: $auto$alumacc.cc:485:replace_alu$4597
  created 18 $alu and 178 $macc cells.

3.21. Executing OPT pass (performing simple optimizations).

3.21.1. Executing OPT_EXPR pass (perform const folding).
Optimizing module tcn_network_8ch_2layer.

3.21.2. Executing OPT_MERGE pass (detect identical cells).
Finding identical cells in module `\tcn_network_8ch_2layer'.
Removed a total of 0 cells.

3.21.3. Executing OPT_MUXTREE pass (detect dead branches in mux trees).
Running muxtree optimizer on module \tcn_network_8ch_2layer..
  Creating internal representation of mux trees.
  Evaluating internal representation of mux trees.
  Analyzing evaluation results.
Removed 0 multiplexer ports.
<suppressed ~16 debug messages>

3.21.4. Executing OPT_REDUCE pass (consolidate $*mux and $reduce_* inputs).
  Optimizing cells in module \tcn_network_8ch_2layer.
Performed a total of 0 changes.

3.21.5. Executing OPT_MERGE pass (detect identical cells).
Finding identical cells in module `\tcn_network_8ch_2layer'.
Removed a total of 0 cells.

3.21.6. Executing OPT_DFF pass (perform DFF optimizations).

3.21.7. Executing OPT_CLEAN pass (remove unused cells and wires).
Finding unused cells or wires in module \tcn_network_8ch_2layer..
Removed 604 unused cells and 620 unused wires.
<suppressed ~605 debug messages>

3.21.8. Executing OPT_EXPR pass (perform const folding).
Optimizing module tcn_network_8ch_2layer.

3.21.9. Rerunning OPT passes. (Maybe there is more to do..)

3.21.10. Executing OPT_MUXTREE pass (detect dead branches in mux trees).
Running muxtree optimizer on module \tcn_network_8ch_2layer..
  Creating internal representation of mux trees.
  Evaluating internal representation of mux trees.
  Analyzing evaluation results.
Removed 0 multiplexer ports.
<suppressed ~16 debug messages>

3.21.11. Executing OPT_REDUCE pass (consolidate $*mux and $reduce_* inputs).
  Optimizing cells in module \tcn_network_8ch_2layer.
Performed a total of 0 changes.

3.21.12. Executing OPT_MERGE pass (detect identical cells).
Finding identical cells in module `\tcn_network_8ch_2layer'.
Removed a total of 0 cells.

3.21.13. Executing OPT_DFF pass (perform DFF optimizations).

3.21.14. Executing OPT_CLEAN pass (remove unused cells and wires).
Finding unused cells or wires in module \tcn_network_8ch_2layer..

3.21.15. Executing OPT_EXPR pass (perform const folding).
Optimizing module tcn_network_8ch_2layer.

3.21.16. Finished OPT passes. (There is nothing left to do.)

3.22. Executing MEMORY pass.

3.22.1. Executing OPT_MEM pass (optimize memories).
Performed a total of 0 transformations.

3.22.2. Executing OPT_MEM_PRIORITY pass (removing unnecessary memory write priority relations).
Performed a total of 0 transformations.

3.22.3. Executing OPT_MEM_FEEDBACK pass (finding memory read-to-write feedback paths).

3.22.4. Executing MEMORY_BMUX2ROM pass (converting muxes to ROMs).

3.22.5. Executing MEMORY_DFF pass (merging $dff cells to $memrd).

3.22.6. Executing OPT_CLEAN pass (remove unused cells and wires).
Finding unused cells or wires in module \tcn_network_8ch_2layer..

3.22.7. Executing MEMORY_SHARE pass (consolidating $memrd/$memwr cells).

3.22.8. Executing OPT_MEM_WIDEN pass (optimize memories where all ports are wide).
Performed a total of 0 transformations.

3.22.9. Executing OPT_CLEAN pass (remove unused cells and wires).
Finding unused cells or wires in module \tcn_network_8ch_2layer..

3.22.10. Executing MEMORY_COLLECT pass (generating $mem cells).

3.23. Executing OPT_CLEAN pass (remove unused cells and wires).
Finding unused cells or wires in module \tcn_network_8ch_2layer..

3.24. Executing MEMORY_LIBMAP pass (mapping memories to cells).

3.25. Executing TECHMAP pass (map to technology primitives).

3.25.1. Executing Verilog-2005 frontend: /opt/homebrew/bin/../share/yosys/ice40/brams_map.v
Parsing Verilog input from `/opt/homebrew/bin/../share/yosys/ice40/brams_map.v' to AST representation.
Generating RTLIL representation for module `\$__ICE40_RAM4K_'.
Successfully finished Verilog frontend.

3.25.2. Executing Verilog-2005 frontend: /opt/homebrew/bin/../share/yosys/ice40/spram_map.v
Parsing Verilog input from `/opt/homebrew/bin/../share/yosys/ice40/spram_map.v' to AST representation.
Generating RTLIL representation for module `\$__ICE40_SPRAM_'.
Successfully finished Verilog frontend.

3.25.3. Continuing TECHMAP pass.
No more expansions possible.
<suppressed ~4 debug messages>

3.26. Executing ICE40_BRAMINIT pass.

3.27. Executing OPT pass (performing simple optimizations).

3.27.1. Executing OPT_EXPR pass (perform const folding).
Optimizing module tcn_network_8ch_2layer.
<suppressed ~18 debug messages>

3.27.2. Executing OPT_MERGE pass (detect identical cells).
Finding identical cells in module `\tcn_network_8ch_2layer'.
Removed a total of 0 cells.

3.27.3. Executing OPT_DFF pass (perform DFF optimizations).

3.27.4. Executing OPT_CLEAN pass (remove unused cells and wires).
Finding unused cells or wires in module \tcn_network_8ch_2layer..

3.27.5. Finished fast OPT passes.

3.28. Executing MEMORY_MAP pass (converting memories to logic and flip-flops).

3.29. Executing OPT pass (performing simple optimizations).

3.29.1. Executing OPT_EXPR pass (perform const folding).
Optimizing module tcn_network_8ch_2layer.

3.29.2. Executing OPT_MERGE pass (detect identical cells).
Finding identical cells in module `\tcn_network_8ch_2layer'.
Removed a total of 0 cells.

3.29.3. Executing OPT_MUXTREE pass (detect dead branches in mux trees).
Running muxtree optimizer on module \tcn_network_8ch_2layer..
  Creating internal representation of mux trees.
  Evaluating internal representation of mux trees.
  Analyzing evaluation results.
Removed 0 multiplexer ports.
<suppressed ~16 debug messages>

3.29.4. Executing OPT_REDUCE pass (consolidate $*mux and $reduce_* inputs).
  Optimizing cells in module \tcn_network_8ch_2layer.
Performed a total of 0 changes.

3.29.5. Executing OPT_MERGE pass (detect identical cells).
Finding identical cells in module `\tcn_network_8ch_2layer'.
Removed a total of 0 cells.

3.29.6. Executing OPT_DFF pass (perform DFF optimizations).

3.29.7. Executing OPT_CLEAN pass (remove unused cells and wires).
Finding unused cells or wires in module \tcn_network_8ch_2layer..

3.29.8. Executing OPT_EXPR pass (perform const folding).
Optimizing module tcn_network_8ch_2layer.

3.29.9. Finished OPT passes. (There is nothing left to do.)

3.30. Executing ICE40_WRAPCARRY pass (wrap carries).

3.31. Executing TECHMAP pass (map to technology primitives).

3.31.1. Executing Verilog-2005 frontend: /opt/homebrew/bin/../share/yosys/techmap.v
Parsing Verilog input from `/opt/homebrew/bin/../share/yosys/techmap.v' to AST representation.
Generating RTLIL representation for module `\_90_simplemap_bool_ops'.
Generating RTLIL representation for module `\_90_simplemap_reduce_ops'.
Generating RTLIL representation for module `\_90_simplemap_logic_ops'.
Generating RTLIL representation for module `\_90_simplemap_compare_ops'.
Generating RTLIL representation for module `\_90_simplemap_various'.
Generating RTLIL representation for module `\_90_simplemap_registers'.
Generating RTLIL representation for module `\_90_shift_ops_shr_shl_sshl_sshr'.
Generating RTLIL representation for module `\_90_shift_shiftx'.
Generating RTLIL representation for module `\_90_fa'.
Generating RTLIL representation for module `\_90_lcu_brent_kung'.
Generating RTLIL representation for module `\_90_alu'.
Generating RTLIL representation for module `\_90_macc'.
Generating RTLIL representation for module `\_90_alumacc'.
Generating RTLIL representation for module `\$__div_mod_u'.
Generating RTLIL representation for module `\$__div_mod_trunc'.
Generating RTLIL representation for module `\_90_div'.
Generating RTLIL representation for module `\_90_mod'.
Generating RTLIL representation for module `\$__div_mod_floor'.
Generating RTLIL representation for module `\_90_divfloor'.
Generating RTLIL representation for module `\_90_modfloor'.
Generating RTLIL representation for module `\_90_pow'.
Generating RTLIL representation for module `\_90_pmux'.
Generating RTLIL representation for module `\_90_demux'.
Generating RTLIL representation for module `\_90_lut'.
Successfully finished Verilog frontend.

3.31.2. Executing Verilog-2005 frontend: /opt/homebrew/bin/../share/yosys/ice40/arith_map.v
Parsing Verilog input from `/opt/homebrew/bin/../share/yosys/ice40/arith_map.v' to AST representation.
Generating RTLIL representation for module `\_80_ice40_alu'.
Successfully finished Verilog frontend.

3.31.3. Continuing TECHMAP pass.
Using extmapper simplemap for cells of type $or.
Using extmapper simplemap for cells of type $reduce_and.
Using extmapper simplemap for cells of type $xor.
Using extmapper simplemap for cells of type $not.
Using template $paramod$f05836d85e1860e75a2ae13f8f5d94b1462396f8\_80_ice40_alu for cells of type $alu.
Using extmapper maccmap for cells of type $macc.
  add \layer1.history[23] * 3'011 (8x3 bits, signed)
Using extmapper simplemap for cells of type $sdffe.
Using extmapper simplemap for cells of type $mux.
Using extmapper simplemap for cells of type $logic_and.
Using template $paramod$381d5ac9ce4d79feb95fa03ade8f84c5a58bb3c0\_80_ice40_alu for cells of type $alu.
  sub \layer0.history[21] (8 bits, signed)
  add \layer1.history[3] * 3'011 (8x3 bits, signed)
  add \layer0.sample_out [39:32] * 3'011 (8x3 bits, signed)
  sub \layer1.history[18] (8 bits, signed)
  add \layer1.history[0] (8 bits, signed)
  add \layer1.history[31] (8 bits, signed)
  add { $flatten\layer1.$mul$tcn_8ch_layer_parallel.v:62$2004_Y [15] $flatten\layer1.$mul$tcn_8ch_layer_parallel.v:62$2004_Y [9:0] } (11 bits, signed)
  sub \layer1.history[28] (8 bits, signed)
  add { \layer0.sample_out [63:56] 1'0 } (9 bits, signed)
  sub \layer1.history[27] (8 bits, signed)
  add { \layer1.history[26] 1'0 } (9 bits, signed)
  add { \layer1.history[25] 1'0 } (9 bits, signed)
  add \layer1.history[24] (8 bits, signed)
  add { $flatten\layer1.$mul$tcn_8ch_layer_parallel.v:58$1990_Y [15:1] 1'0 } (16 bits, signed)
  add \layer1.history[23] (8 bits, signed)
  add { $flatten\layer1.$mul$tcn_8ch_layer_parallel.v:62$1986_Y [15:1] 1'0 } (16 bits, signed)
  add \layer1.history[21] (8 bits, signed)
  add { $flatten\layer1.$mul$tcn_8ch_layer_parallel.v:58$1980_Y [15] $flatten\layer1.$mul$tcn_8ch_layer_parallel.v:58$1980_Y [9:0] } (11 bits, signed)
  add { $flatten\layer1.$mul$tcn_8ch_layer_parallel.v:62$1976_Y [15] $flatten\layer1.$mul$tcn_8ch_layer_parallel.v:62$1976_Y [9:0] } (11 bits, signed)
  sub \layer1.history[17] (8 bits, signed)
  add { \layer1.history[16] 1'0 } (9 bits, signed)
  add { \layer0.sample_out [39:32] 1'0 } (9 bits, signed)
  add { \layer1.history[15] 1'0 } (9 bits, signed)
  add { \layer1.history[14] 1'0 } (9 bits, signed)
  add \layer1.history[13] (8 bits, signed)
  add { $flatten\layer1.$mul$tcn_8ch_layer_parallel.v:62$1962_Y [15:1] 1'0 } (16 bits, signed)
  add \layer0.sample_out [31:24] (8 bits, signed)
  add { $flatten\layer1.$mul$tcn_8ch_layer_parallel.v:62$1958_Y [15:1] 1'0 } (16 bits, signed)
  add \layer1.history[10] (8 bits, signed)
  add { $flatten\layer1.$mul$tcn_8ch_layer_parallel.v:62$1952_Y [15] $flatten\layer1.$mul$tcn_8ch_layer_parallel.v:62$1952_Y [9:0] } (11 bits, signed)
  sub \layer0.sample_out [23:16] (8 bits, signed)
  add { $flatten\layer1.$mul$tcn_8ch_layer_parallel.v:62$1948_Y [15] $flatten\layer1.$mul$tcn_8ch_layer_parallel.v:62$1948_Y [9:0] } (11 bits, signed)
  sub \layer1.history[6] (8 bits, signed)
  add { \layer1.history[5] 1'0 } (9 bits, signed)
  add { \layer1.history[4] 1'0 } (9 bits, signed)
  add \layer0.sample_out [15:8] (8 bits, signed)
  add { \layer1.history[3] 1'0 } (9 bits, signed)
  add \layer1.history[2] (8 bits, signed)
  add { $flatten\layer1.$mul$tcn_8ch_layer_parallel.v:62$1934_Y [15:1] 1'0 } (16 bits, signed)
  packed 4 (1) bits / 1 words into adder tree
  add \layer1.history[25] * 3'011 (8x3 bits, signed)
  sub \layer0.history[6] (8 bits, signed)
  sub \layer0.sample_out [31:24] (8 bits, signed)
  sub \layer0.history[8] (8 bits, signed)
  add \sample_in [23:16] * 3'011 (8x3 bits, signed)
  sub \layer1.history[27] (8 bits, signed)
  sub \layer0.history[7] (8 bits, signed)
  sub \layer0.history[22] (8 bits, signed)
  sub \layer0.history[17] (8 bits, signed)
  add \layer0.sample_out [7:0] (8 bits, signed)
  add { $flatten\layer1.$mul$tcn_8ch_layer_parallel.v:62$2088_Y [15:1] 1'0 } (16 bits, signed)
  add \layer1.history[30] (8 bits, signed)
  add { $flatten\layer1.$mul$tcn_8ch_layer_parallel.v:62$2082_Y [15] $flatten\layer1.$mul$tcn_8ch_layer_parallel.v:62$2082_Y [9:0] } (11 bits, signed)
  sub \layer0.sample_out [63:56] (8 bits, signed)
  add { $flatten\layer1.$mul$tcn_8ch_layer_parallel.v:62$2078_Y [15] $flatten\layer1.$mul$tcn_8ch_layer_parallel.v:62$2078_Y [9:0] } (11 bits, signed)
  sub \layer1.history[26] (8 bits, signed)
  add { \layer1.history[25] 1'0 } (9 bits, signed)
  add { \layer1.history[24] 1'0 } (9 bits, signed)
  add \layer0.sample_out [55:48] (8 bits, signed)
  add { \layer1.history[23] 1'0 } (9 bits, signed)
  add \layer1.history[22] (8 bits, signed)
  add { $flatten\layer1.$mul$tcn_8ch_layer_parallel.v:62$2064_Y [15:1] 1'0 } (16 bits, signed)
  add \layer1.history[20] (8 bits, signed)
  add \layer1.history[19] (8 bits, signed)
  add { $flatten\layer1.$mul$tcn_8ch_layer_parallel.v:62$2054_Y [15] $flatten\layer1.$mul$tcn_8ch_layer_parallel.v:62$2054_Y [9:0] } (11 bits, signed)
  sub \layer1.history[16] (8 bits, signed)
  add { \layer0.sample_out [39:32] 1'0 } (9 bits, signed)
  sub \layer1.history[15] (8 bits, signed)
  add { \layer1.history[14] 1'0 } (9 bits, signed)
  add { \layer1.history[13] 1'0 } (9 bits, signed)
  add \layer1.history[12] (8 bits, signed)
  add { $flatten\layer1.$mul$tcn_8ch_layer_parallel.v:58$2040_Y [15:1] 1'0 } (16 bits, signed)
  add \layer1.history[11] (8 bits, signed)
  add { $flatten\layer1.$mul$tcn_8ch_layer_parallel.v:62$2036_Y [15:1] 1'0 } (16 bits, signed)
  add \layer1.history[9] (8 bits, signed)
  add { $flatten\layer1.$mul$tcn_8ch_layer_parallel.v:58$2030_Y [15] $flatten\layer1.$mul$tcn_8ch_layer_parallel.v:58$2030_Y [9:0] } (11 bits, signed)
  add { $flatten\layer1.$mul$tcn_8ch_layer_parallel.v:62$2026_Y [15] $flatten\layer1.$mul$tcn_8ch_layer_parallel.v:62$2026_Y [9:0] } (11 bits, signed)
  sub \layer1.history[5] (8 bits, signed)
  add { \layer1.history[4] 1'0 } (9 bits, signed)
  add { \layer0.sample_out [15:8] 1'0 } (9 bits, signed)
  add { \layer1.history[3] 1'0 } (9 bits, signed)
  add { \layer1.history[2] 1'0 } (9 bits, signed)
  add \layer1.history[1] (8 bits, signed)
  add { $flatten\layer1.$mul$tcn_8ch_layer_parallel.v:62$2012_Y [15:1] 1'0 } (16 bits, signed)
  packed 4 (1) bits / 1 words into adder tree
  add \layer0.sample_out [7:0] (8 bits, signed)
  add { \layer1.history[1] 1'0 } (9 bits, signed)
  add { \layer1.history[0] 1'0 } (9 bits, signed)
  add \layer1.history[5] * 3'011 (8x3 bits, signed)
  add \layer0.sample_out [31:24] * 3'011 (8x3 bits, signed)
  add { $flatten\layer0.$add$tcn_8ch_layer_parallel.v:61$3155_Y [15] $flatten\layer0.$add$tcn_8ch_layer_parallel.v:61$3155_Y [9:0] } (11 bits, signed)
  add { \layer0.history[31] 1'0 } (9 bits, signed)
  add \layer0.history[30] (8 bits, signed)
  add { $flatten\layer0.$mul$tcn_8ch_layer_parallel.v:62$3224_Y [15:1] 1'0 } (16 bits, signed)
  add \layer0.history[28] (8 bits, signed)
  add \layer0.history[27] (8 bits, signed)
  add { $flatten\layer0.$mul$tcn_8ch_layer_parallel.v:62$3214_Y [15] $flatten\layer0.$mul$tcn_8ch_layer_parallel.v:62$3214_Y [9:0] } (11 bits, signed)
  sub \layer0.history[24] (8 bits, signed)
  add { \sample_in [55:48] 1'0 } (9 bits, signed)
  sub \layer0.history[23] (8 bits, signed)
  add { \layer0.history[22] 1'0 } (9 bits, signed)
  add { \layer0.history[21] 1'0 } (9 bits, signed)
  add \layer0.history[20] (8 bits, signed)
  add { $flatten\layer0.$mul$tcn_8ch_layer_parallel.v:58$3200_Y [15:1] 1'0 } (16 bits, signed)
  add \layer0.history[19] (8 bits, signed)
  add { $flatten\layer0.$mul$tcn_8ch_layer_parallel.v:62$3196_Y [15:1] 1'0 } (16 bits, signed)
  add \layer0.history[17] (8 bits, signed)
  add { $flatten\layer0.$mul$tcn_8ch_layer_parallel.v:58$3190_Y [15] $flatten\layer0.$mul$tcn_8ch_layer_parallel.v:58$3190_Y [9:0] } (11 bits, signed)
  add { $flatten\layer0.$mul$tcn_8ch_layer_parallel.v:62$3186_Y [15] $flatten\layer0.$mul$tcn_8ch_layer_parallel.v:62$3186_Y [9:0] } (11 bits, signed)
  sub \layer0.history[13] (8 bits, signed)
  add { \layer0.history[12] 1'0 } (9 bits, signed)
  add { \sample_in [31:24] 1'0 } (9 bits, signed)
  add { \layer0.history[11] 1'0 } (9 bits, signed)
  add { \layer0.history[10] 1'0 } (9 bits, signed)
  add \layer0.history[9] (8 bits, signed)
  add { $flatten\layer0.$mul$tcn_8ch_layer_parallel.v:62$3172_Y [15:1] 1'0 } (16 bits, signed)
  add \sample_in [23:16] (8 bits, signed)
  add { $flatten\layer0.$mul$tcn_8ch_layer_parallel.v:62$3168_Y [15:1] 1'0 } (16 bits, signed)
  add \layer0.history[6] (8 bits, signed)
  add { $flatten\layer0.$mul$tcn_8ch_layer_parallel.v:62$3162_Y [15] $flatten\layer0.$mul$tcn_8ch_layer_parallel.v:62$3162_Y [9:0] } (11 bits, signed)
  sub \sample_in [15:8] (8 bits, signed)
  add { $flatten\layer0.$mul$tcn_8ch_layer_parallel.v:62$3158_Y [15] $flatten\layer0.$mul$tcn_8ch_layer_parallel.v:62$3158_Y [9:0] } (11 bits, signed)
  sub \layer0.history[2] (8 bits, signed)
  packed 4 (1) bits / 1 words into adder tree
  add \layer0.history[3] * 3'011 (8x3 bits, signed)
  add \layer1.history[9] * 3'011 (8x3 bits, signed)
  sub \layer1.history[14] (8 bits, signed)
  sub \layer0.history[3] (8 bits, signed)
  add \layer0.history[31] * 3'011 (8x3 bits, signed)
  add \layer1.history[7] * 3'011 (8x3 bits, signed)
  add \layer1.history[16] * 3'011 (8x3 bits, signed)
  add \layer0.sample_out [47:40] * 3'011 (8x3 bits, signed)
  sub \layer0.history[19] (8 bits, signed)
  add \layer1.history[29] * 3'011 (8x3 bits, signed)
  add { $flatten\layer0.$add$tcn_8ch_layer_parallel.v:61$3233_Y [15] $flatten\layer0.$add$tcn_8ch_layer_parallel.v:61$3233_Y [8:1] 1'0 } (10 bits, signed)
  add { \layer0.history[31] 1'0 } (9 bits, signed)
  add { \layer0.history[30] 1'0 } (9 bits, signed)
  add \layer0.history[29] (8 bits, signed)
  add { $flatten\layer0.$mul$tcn_8ch_layer_parallel.v:62$3302_Y [15:1] 1'0 } (16 bits, signed)
  add \sample_in [63:56] (8 bits, signed)
  add { $flatten\layer0.$mul$tcn_8ch_layer_parallel.v:62$3298_Y [15:1] 1'0 } (16 bits, signed)
  add \layer0.history[26] (8 bits, signed)
  add { $flatten\layer0.$mul$tcn_8ch_layer_parallel.v:62$3292_Y [15] $flatten\layer0.$mul$tcn_8ch_layer_parallel.v:62$3292_Y [9:0] } (11 bits, signed)
  sub \sample_in [55:48] (8 bits, signed)
  add { $flatten\layer0.$mul$tcn_8ch_layer_parallel.v:62$3288_Y [15] $flatten\layer0.$mul$tcn_8ch_layer_parallel.v:62$3288_Y [9:0] } (11 bits, signed)
  sub \layer0.history[22] (8 bits, signed)
  add { \layer0.history[21] 1'0 } (9 bits, signed)
  add { \layer0.history[20] 1'0 } (9 bits, signed)
  add \sample_in [47:40] (8 bits, signed)
  add { \layer0.history[19] 1'0 } (9 bits, signed)
  add \layer0.history[18] (8 bits, signed)
  add { $flatten\layer0.$mul$tcn_8ch_layer_parallel.v:62$3274_Y [15:1] 1'0 } (16 bits, signed)
  add \layer0.history[16] (8 bits, signed)
  add \layer0.history[15] (8 bits, signed)
  add { $flatten\layer0.$mul$tcn_8ch_layer_parallel.v:62$3264_Y [15] $flatten\layer0.$mul$tcn_8ch_layer_parallel.v:62$3264_Y [9:0] } (11 bits, signed)
  sub \layer0.history[12] (8 bits, signed)
  add { \sample_in [31:24] 1'0 } (9 bits, signed)
  sub \layer0.history[11] (8 bits, signed)
  add { \layer0.history[10] 1'0 } (9 bits, signed)
  add { \layer0.history[9] 1'0 } (9 bits, signed)
  add \layer0.history[8] (8 bits, signed)
  add { $flatten\layer0.$mul$tcn_8ch_layer_parallel.v:58$3250_Y [15:1] 1'0 } (16 bits, signed)
  add \layer0.history[7] (8 bits, signed)
  add { $flatten\layer0.$mul$tcn_8ch_layer_parallel.v:62$3246_Y [15:1] 1'0 } (16 bits, signed)
  add \layer0.history[5] (8 bits, signed)
  add { $flatten\layer0.$mul$tcn_8ch_layer_parallel.v:58$3240_Y [15] $flatten\layer0.$mul$tcn_8ch_layer_parallel.v:58$3240_Y [9:0] } (11 bits, signed)
  add { $flatten\layer0.$mul$tcn_8ch_layer_parallel.v:62$3236_Y [15] $flatten\layer0.$mul$tcn_8ch_layer_parallel.v:62$3236_Y [9:0] } (11 bits, signed)
  sub \layer0.history[1] (8 bits, signed)
  packed 4 (1) bits / 1 words into adder tree
  add \layer1.history[2] * 3'011 (8x3 bits, signed)
  sub \sample_in [23:16] (8 bits, signed)
  add \layer1.history[24] * 3'011 (8x3 bits, signed)
  add \layer1.history[4] * 3'011 (8x3 bits, signed)
  sub \layer0.history[10] (8 bits, signed)
  sub \sample_in [15:8] (8 bits, signed)
  sub \layer0.sample_out [7:0] (8 bits, signed)
  add { $flatten\layer1.$mul$tcn_8ch_layer_parallel.v:62$1848_Y [15] $flatten\layer1.$mul$tcn_8ch_layer_parallel.v:62$1848_Y [9:0] } (11 bits, signed)
  sub \layer1.history[30] (8 bits, signed)
  add { \layer1.history[29] 1'0 } (9 bits, signed)
  add { \layer1.history[28] 1'0 } (9 bits, signed)
  add \layer0.sample_out [63:56] (8 bits, signed)
  add { \layer1.history[27] 1'0 } (9 bits, signed)
  add \layer1.history[26] (8 bits, signed)
  add { $flatten\layer1.$mul$tcn_8ch_layer_parallel.v:62$1834_Y [15:1] 1'0 } (16 bits, signed)
  add \layer1.history[24] (8 bits, signed)
  add \layer1.history[23] (8 bits, signed)
  add { $flatten\layer1.$mul$tcn_8ch_layer_parallel.v:62$1824_Y [15] $flatten\layer1.$mul$tcn_8ch_layer_parallel.v:62$1824_Y [9:0] } (11 bits, signed)
  sub \layer1.history[20] (8 bits, signed)
  add { \layer0.sample_out [47:40] 1'0 } (9 bits, signed)
  sub \layer1.history[19] (8 bits, signed)
  add { \layer1.history[18] 1'0 } (9 bits, signed)
  add { \layer1.history[17] 1'0 } (9 bits, signed)
  add \layer1.history[16] (8 bits, signed)
  add { $flatten\layer1.$mul$tcn_8ch_layer_parallel.v:58$1810_Y [15:1] 1'0 } (16 bits, signed)
  add \layer1.history[15] (8 bits, signed)
  add { $flatten\layer1.$mul$tcn_8ch_layer_parallel.v:62$1806_Y [15:1] 1'0 } (16 bits, signed)
  add \layer1.history[13] (8 bits, signed)
  add { $flatten\layer1.$mul$tcn_8ch_layer_parallel.v:58$1800_Y [15] $flatten\layer1.$mul$tcn_8ch_layer_parallel.v:58$1800_Y [9:0] } (11 bits, signed)
  add { $flatten\layer1.$mul$tcn_8ch_layer_parallel.v:62$1796_Y [15] $flatten\layer1.$mul$tcn_8ch_layer_parallel.v:62$1796_Y [9:0] } (11 bits, signed)
  sub \layer1.history[9] (8 bits, signed)
  add { \layer1.history[8] 1'0 } (9 bits, signed)
  add { \layer0.sample_out [23:16] 1'0 } (9 bits, signed)
  add { \layer1.history[7] 1'0 } (9 bits, signed)
  add { \layer1.history[6] 1'0 } (9 bits, signed)
  add \layer1.history[5] (8 bits, signed)
  add { $flatten\layer1.$mul$tcn_8ch_layer_parallel.v:62$1782_Y [15:1] 1'0 } (16 bits, signed)
  add \layer0.sample_out [15:8] (8 bits, signed)
  add { $flatten\layer1.$mul$tcn_8ch_layer_parallel.v:62$1778_Y [15:1] 1'0 } (16 bits, signed)
  add \layer1.history[2] (8 bits, signed)
  add { $flatten\layer1.$mul$tcn_8ch_layer_parallel.v:62$1772_Y [15] $flatten\layer1.$mul$tcn_8ch_layer_parallel.v:62$1772_Y [9:0] } (11 bits, signed)
  packed 4 (1) bits / 1 words into adder tree
  add \sample_in [7:0] (8 bits, signed)
  add { \layer0.history[1] 1'0 } (9 bits, signed)
  add { \layer0.history[0] 1'0 } (9 bits, signed)
  add \layer0.history[6] * 3'011 (8x3 bits, signed)
  sub \layer1.history[2] (8 bits, signed)
  sub \layer0.history[31] (8 bits, signed)
  sub \layer0.history[0] (8 bits, signed)
  sub \sample_in [39:32] (8 bits, signed)
  add \layer0.history[18] * 3'011 (8x3 bits, signed)
  add \layer0.history[0] (8 bits, signed)
  add \layer0.history[31] (8 bits, signed)
  add { $flatten\layer0.$mul$tcn_8ch_layer_parallel.v:62$2984_Y [15] $flatten\layer0.$mul$tcn_8ch_layer_parallel.v:62$2984_Y [9:0] } (11 bits, signed)
  sub \layer0.history[28] (8 bits, signed)
  add { \sample_in [63:56] 1'0 } (9 bits, signed)
  sub \layer0.history[27] (8 bits, signed)
  add { \layer0.history[26] 1'0 } (9 bits, signed)
  add { \layer0.history[25] 1'0 } (9 bits, signed)
  add \layer0.history[24] (8 bits, signed)
  add { $flatten\layer0.$mul$tcn_8ch_layer_parallel.v:58$2970_Y [15:1] 1'0 } (16 bits, signed)
  add \layer0.history[23] (8 bits, signed)
  add { $flatten\layer0.$mul$tcn_8ch_layer_parallel.v:62$2966_Y [15:1] 1'0 } (16 bits, signed)
  add \layer0.history[21] (8 bits, signed)
  add { $flatten\layer0.$mul$tcn_8ch_layer_parallel.v:58$2960_Y [15] $flatten\layer0.$mul$tcn_8ch_layer_parallel.v:58$2960_Y [9:0] } (11 bits, signed)
  add { $flatten\layer0.$mul$tcn_8ch_layer_parallel.v:62$2956_Y [15] $flatten\layer0.$mul$tcn_8ch_layer_parallel.v:62$2956_Y [9:0] } (11 bits, signed)
  sub \layer0.history[17] (8 bits, signed)
  add { \layer0.history[16] 1'0 } (9 bits, signed)
  add { \sample_in [39:32] 1'0 } (9 bits, signed)
  add { \layer0.history[15] 1'0 } (9 bits, signed)
  add { \layer0.history[14] 1'0 } (9 bits, signed)
  add \layer0.history[13] (8 bits, signed)
  add { $flatten\layer0.$mul$tcn_8ch_layer_parallel.v:62$2942_Y [15:1] 1'0 } (16 bits, signed)
  add \sample_in [31:24] (8 bits, signed)
  add { $flatten\layer0.$mul$tcn_8ch_layer_parallel.v:62$2938_Y [15:1] 1'0 } (16 bits, signed)
  add \layer0.history[10] (8 bits, signed)
  add { $flatten\layer0.$mul$tcn_8ch_layer_parallel.v:62$2932_Y [15] $flatten\layer0.$mul$tcn_8ch_layer_parallel.v:62$2932_Y [9:0] } (11 bits, signed)
  sub \sample_in [23:16] (8 bits, signed)
  add { $flatten\layer0.$mul$tcn_8ch_layer_parallel.v:62$2928_Y [15] $flatten\layer0.$mul$tcn_8ch_layer_parallel.v:62$2928_Y [9:0] } (11 bits, signed)
  sub \layer0.history[6] (8 bits, signed)
  add { \layer0.history[5] 1'0 } (9 bits, signed)
  add { \layer0.history[4] 1'0 } (9 bits, signed)
  add \sample_in [15:8] (8 bits, signed)
  add { \layer0.history[3] 1'0 } (9 bits, signed)
  add \layer0.history[2] (8 bits, signed)
  add { $flatten\layer0.$mul$tcn_8ch_layer_parallel.v:62$2914_Y [15:1] 1'0 } (16 bits, signed)
  packed 4 (1) bits / 1 words into adder tree
  sub \layer0.sample_out [39:32] (8 bits, signed)
  sub \sample_in [31:24] (8 bits, signed)
  sub \layer0.sample_out [15:8] (8 bits, signed)
  add \layer0.history[23] * 3'011 (8x3 bits, signed)
  add \layer1.history[1] * 3'011 (8x3 bits, signed)
  add \layer0.history[7] * 3'011 (8x3 bits, signed)
  add \layer0.history[28] * 3'011 (8x3 bits, signed)
  add { $flatten\layer1.$add$tcn_8ch_layer_parallel.v:57$2091_Y [15:1] 1'0 } (16 bits, signed)
  add \layer1.history[31] (8 bits, signed)
  add { $flatten\layer1.$mul$tcn_8ch_layer_parallel.v:62$2166_Y [15:1] 1'0 } (16 bits, signed)
  add \layer1.history[29] (8 bits, signed)
  add { $flatten\layer1.$mul$tcn_8ch_layer_parallel.v:58$2160_Y [15] $flatten\layer1.$mul$tcn_8ch_layer_parallel.v:58$2160_Y [9:0] } (11 bits, signed)
  add { $flatten\layer1.$mul$tcn_8ch_layer_parallel.v:62$2156_Y [15] $flatten\layer1.$mul$tcn_8ch_layer_parallel.v:62$2156_Y [9:0] } (11 bits, signed)
  sub \layer1.history[25] (8 bits, signed)
  add { \layer1.history[24] 1'0 } (9 bits, signed)
  add { \layer0.sample_out [55:48] 1'0 } (9 bits, signed)
  add { \layer1.history[23] 1'0 } (9 bits, signed)
  add { \layer1.history[22] 1'0 } (9 bits, signed)
  add \layer1.history[21] (8 bits, signed)
  add { $flatten\layer1.$mul$tcn_8ch_layer_parallel.v:62$2142_Y [15:1] 1'0 } (16 bits, signed)
  add \layer0.sample_out [47:40] (8 bits, signed)
  add { $flatten\layer1.$mul$tcn_8ch_layer_parallel.v:62$2138_Y [15:1] 1'0 } (16 bits, signed)
  add \layer1.history[18] (8 bits, signed)
  add { $flatten\layer1.$mul$tcn_8ch_layer_parallel.v:62$2132_Y [15] $flatten\layer1.$mul$tcn_8ch_layer_parallel.v:62$2132_Y [9:0] } (11 bits, signed)
  sub \layer0.sample_out [39:32] (8 bits, signed)
  add { $flatten\layer1.$mul$tcn_8ch_layer_parallel.v:62$2128_Y [15] $flatten\layer1.$mul$tcn_8ch_layer_parallel.v:62$2128_Y [9:0] } (11 bits, signed)
  sub \layer1.history[14] (8 bits, signed)
  add { \layer1.history[13] 1'0 } (9 bits, signed)
  add { \layer1.history[12] 1'0 } (9 bits, signed)
  add \layer0.sample_out [31:24] (8 bits, signed)
  add { \layer1.history[11] 1'0 } (9 bits, signed)
  add \layer1.history[10] (8 bits, signed)
  add { $flatten\layer1.$mul$tcn_8ch_layer_parallel.v:62$2114_Y [15:1] 1'0 } (16 bits, signed)
  add \layer1.history[8] (8 bits, signed)
  add \layer1.history[7] (8 bits, signed)
  add { $flatten\layer1.$mul$tcn_8ch_layer_parallel.v:62$2104_Y [15] $flatten\layer1.$mul$tcn_8ch_layer_parallel.v:62$2104_Y [9:0] } (11 bits, signed)
  sub \layer1.history[4] (8 bits, signed)
  add { \layer0.sample_out [15:8] 1'0 } (9 bits, signed)
  sub \layer1.history[3] (8 bits, signed)
  add { \layer1.history[2] 1'0 } (9 bits, signed)
  add { \layer1.history[1] 1'0 } (9 bits, signed)
  add \layer1.history[0] (8 bits, signed)
  packed 4 (1) bits / 1 words into adder tree
  sub \layer0.history[29] (8 bits, signed)
  sub \layer0.history[25] (8 bits, signed)
  sub \layer0.history[18] (8 bits, signed)
  sub \sample_in [55:48] (8 bits, signed)
  add { $flatten\layer1.$add$tcn_8ch_layer_parallel.v:61$2175_Y [15] $flatten\layer1.$add$tcn_8ch_layer_parallel.v:61$2175_Y [9:0] } (11 bits, signed)
  add { \layer1.history[31] 1'0 } (9 bits, signed)
  add \layer1.history[30] (8 bits, signed)
  add { $flatten\layer1.$mul$tcn_8ch_layer_parallel.v:62$2244_Y [15:1] 1'0 } (16 bits, signed)
  add \layer1.history[28] (8 bits, signed)
  add \layer1.history[27] (8 bits, signed)
  add { $flatten\layer1.$mul$tcn_8ch_layer_parallel.v:62$2234_Y [15] $flatten\layer1.$mul$tcn_8ch_layer_parallel.v:62$2234_Y [9:0] } (11 bits, signed)
  sub \layer1.history[24] (8 bits, signed)
  add { \layer0.sample_out [55:48] 1'0 } (9 bits, signed)
  sub \layer1.history[23] (8 bits, signed)
  add { \layer1.history[22] 1'0 } (9 bits, signed)
  add { \layer1.history[21] 1'0 } (9 bits, signed)
  add \layer1.history[20] (8 bits, signed)
  add { $flatten\layer1.$mul$tcn_8ch_layer_parallel.v:58$2220_Y [15:1] 1'0 } (16 bits, signed)
  add \layer1.history[19] (8 bits, signed)
  add { $flatten\layer1.$mul$tcn_8ch_layer_parallel.v:62$2216_Y [15:1] 1'0 } (16 bits, signed)
  add \layer1.history[17] (8 bits, signed)
  add { $flatten\layer1.$mul$tcn_8ch_layer_parallel.v:58$2210_Y [15] $flatten\layer1.$mul$tcn_8ch_layer_parallel.v:58$2210_Y [9:0] } (11 bits, signed)
  add { $flatten\layer1.$mul$tcn_8ch_layer_parallel.v:62$2206_Y [15] $flatten\layer1.$mul$tcn_8ch_layer_parallel.v:62$2206_Y [9:0] } (11 bits, signed)
  sub \layer1.history[13] (8 bits, signed)
  add { \layer1.history[12] 1'0 } (9 bits, signed)
  add { \layer0.sample_out [31:24] 1'0 } (9 bits, signed)
  add { \layer1.history[11] 1'0 } (9 bits, signed)
  add { \layer1.history[10] 1'0 } (9 bits, signed)
  add \layer1.history[9] (8 bits, signed)
  add { $flatten\layer1.$mul$tcn_8ch_layer_parallel.v:62$2192_Y [15:1] 1'0 } (16 bits, signed)
  add \layer0.sample_out [23:16] (8 bits, signed)
  add { $flatten\layer1.$mul$tcn_8ch_layer_parallel.v:62$2188_Y [15:1] 1'0 } (16 bits, signed)
  add \layer1.history[6] (8 bits, signed)
  add { $flatten\layer1.$mul$tcn_8ch_layer_parallel.v:62$2182_Y [15] $flatten\layer1.$mul$tcn_8ch_layer_parallel.v:62$2182_Y [9:0] } (11 bits, signed)
  sub \layer0.sample_out [15:8] (8 bits, signed)
  add { $flatten\layer1.$mul$tcn_8ch_layer_parallel.v:62$2178_Y [15] $flatten\layer1.$mul$tcn_8ch_layer_parallel.v:62$2178_Y [9:0] } (11 bits, signed)
  sub \layer1.history[2] (8 bits, signed)
  packed 4 (1) bits / 1 words into adder tree
  add \layer0.history[9] * 3'011 (8x3 bits, signed)
  add { \sample_in [7:0] 1'0 } (9 bits, signed)
  sub \layer0.history[31] (8 bits, signed)
  add { \layer0.history[30] 1'0 } (9 bits, signed)
  add { \layer0.history[29] 1'0 } (9 bits, signed)
  add \layer0.history[28] (8 bits, signed)
  add { $flatten\layer0.$mul$tcn_8ch_layer_parallel.v:58$2740_Y [15:1] 1'0 } (16 bits, signed)
  add \layer0.history[27] (8 bits, signed)
  add { $flatten\layer0.$mul$tcn_8ch_layer_parallel.v:62$2736_Y [15:1] 1'0 } (16 bits, signed)
  add \layer0.history[25] (8 bits, signed)
  add { $flatten\layer0.$mul$tcn_8ch_layer_parallel.v:58$2730_Y [15] $flatten\layer0.$mul$tcn_8ch_layer_parallel.v:58$2730_Y [9:0] } (11 bits, signed)
  add { $flatten\layer0.$mul$tcn_8ch_layer_parallel.v:62$2726_Y [15] $flatten\layer0.$mul$tcn_8ch_layer_parallel.v:62$2726_Y [9:0] } (11 bits, signed)
  sub \layer0.history[21] (8 bits, signed)
  add { \layer0.history[20] 1'0 } (9 bits, signed)
  add { \sample_in [47:40] 1'0 } (9 bits, signed)
  add { \layer0.history[19] 1'0 } (9 bits, signed)
  add { \layer0.history[18] 1'0 } (9 bits, signed)
  add \layer0.history[17] (8 bits, signed)
  add { $flatten\layer0.$mul$tcn_8ch_layer_parallel.v:62$2712_Y [15:1] 1'0 } (16 bits, signed)
  add \sample_in [39:32] (8 bits, signed)
  add { $flatten\layer0.$mul$tcn_8ch_layer_parallel.v:62$2708_Y [15:1] 1'0 } (16 bits, signed)
  add \layer0.history[14] (8 bits, signed)
  add { $flatten\layer0.$mul$tcn_8ch_layer_parallel.v:62$2702_Y [15] $flatten\layer0.$mul$tcn_8ch_layer_parallel.v:62$2702_Y [9:0] } (11 bits, signed)
  sub \sample_in [31:24] (8 bits, signed)
  add { $flatten\layer0.$mul$tcn_8ch_layer_parallel.v:62$2698_Y [15] $flatten\layer0.$mul$tcn_8ch_layer_parallel.v:62$2698_Y [9:0] } (11 bits, signed)
  sub \layer0.history[10] (8 bits, signed)
  add { \layer0.history[9] 1'0 } (9 bits, signed)
  add { \layer0.history[8] 1'0 } (9 bits, signed)
  add \sample_in [23:16] (8 bits, signed)
  add { \layer0.history[7] 1'0 } (9 bits, signed)
  add \layer0.history[6] (8 bits, signed)
  add { $flatten\layer0.$mul$tcn_8ch_layer_parallel.v:62$2684_Y [15:1] 1'0 } (16 bits, signed)
  add \layer0.history[4] (8 bits, signed)
  add \layer0.history[3] (8 bits, signed)
  add { $flatten\layer0.$mul$tcn_8ch_layer_parallel.v:62$2674_Y [15] $flatten\layer0.$mul$tcn_8ch_layer_parallel.v:62$2674_Y [9:0] } (11 bits, signed)
  sub \layer0.history[0] (8 bits, signed)
  packed 4 (1) bits / 1 words into adder tree
  sub \layer0.history[27] (8 bits, signed)
  sub \layer0.history[14] (8 bits, signed)
  add { $flatten\layer1.$add$tcn_8ch_layer_parallel.v:61$1855_Y [15] $flatten\layer1.$add$tcn_8ch_layer_parallel.v:61$1855_Y [10:0] } (12 bits, signed)
  add { $flatten\layer1.$mul$tcn_8ch_layer_parallel.v:62$1926_Y [15] $flatten\layer1.$mul$tcn_8ch_layer_parallel.v:62$1926_Y [9:0] } (11 bits, signed)
  sub \layer1.history[29] (8 bits, signed)
  add { \layer1.history[28] 1'0 } (9 bits, signed)
  add { \layer0.sample_out [63:56] 1'0 } (9 bits, signed)
  add { \layer1.history[27] 1'0 } (9 bits, signed)
  add { \layer1.history[26] 1'0 } (9 bits, signed)
  add \layer1.history[25] (8 bits, signed)
  add { $flatten\layer1.$mul$tcn_8ch_layer_parallel.v:62$1912_Y [15:1] 1'0 } (16 bits, signed)
  add \layer0.sample_out [55:48] (8 bits, signed)
  add { $flatten\layer1.$mul$tcn_8ch_layer_parallel.v:62$1908_Y [15:1] 1'0 } (16 bits, signed)
  add \layer1.history[22] (8 bits, signed)
  add { $flatten\layer1.$mul$tcn_8ch_layer_parallel.v:62$1902_Y [15] $flatten\layer1.$mul$tcn_8ch_layer_parallel.v:62$1902_Y [9:0] } (11 bits, signed)
  sub \layer0.sample_out [47:40] (8 bits, signed)
  add { $flatten\layer1.$mul$tcn_8ch_layer_parallel.v:62$1898_Y [15] $flatten\layer1.$mul$tcn_8ch_layer_parallel.v:62$1898_Y [9:0] } (11 bits, signed)
  sub \layer1.history[18] (8 bits, signed)
  add { \layer1.history[17] 1'0 } (9 bits, signed)
  add { \layer1.history[16] 1'0 } (9 bits, signed)
  add \layer0.sample_out [39:32] (8 bits, signed)
  add { \layer1.history[15] 1'0 } (9 bits, signed)
  add \layer1.history[14] (8 bits, signed)
  add { $flatten\layer1.$mul$tcn_8ch_layer_parallel.v:62$1884_Y [15:1] 1'0 } (16 bits, signed)
  add \layer1.history[12] (8 bits, signed)
  add \layer1.history[11] (8 bits, signed)
  add { $flatten\layer1.$mul$tcn_8ch_layer_parallel.v:62$1874_Y [15] $flatten\layer1.$mul$tcn_8ch_layer_parallel.v:62$1874_Y [9:0] } (11 bits, signed)
  sub \layer1.history[8] (8 bits, signed)
  add { \layer0.sample_out [23:16] 1'0 } (9 bits, signed)
  sub \layer1.history[7] (8 bits, signed)
  add { \layer1.history[6] 1'0 } (9 bits, signed)
  add { \layer1.history[5] 1'0 } (9 bits, signed)
  add \layer1.history[4] (8 bits, signed)
  add { $flatten\layer1.$mul$tcn_8ch_layer_parallel.v:58$1860_Y [15:1] 1'0 } (16 bits, signed)
  add \layer1.history[3] (8 bits, signed)
  add { $flatten\layer1.$mul$tcn_8ch_layer_parallel.v:62$1856_Y [15:1] 1'0 } (16 bits, signed)
  packed 4 (1) bits / 1 words into adder tree
  add \layer1.history[15] * 3'011 (8x3 bits, signed)
  add \layer0.history[2] * 3'011 (8x3 bits, signed)
  add \layer1.history[19] * 3'011 (8x3 bits, signed)
  sub \sample_in [7:0] (8 bits, signed)
  add { $flatten\layer0.$mul$tcn_8ch_layer_parallel.v:62$2828_Y [15] $flatten\layer0.$mul$tcn_8ch_layer_parallel.v:62$2828_Y [9:0] } (11 bits, signed)
  sub \layer0.history[30] (8 bits, signed)
  add { \layer0.history[29] 1'0 } (9 bits, signed)
  add { \layer0.history[28] 1'0 } (9 bits, signed)
  add \sample_in [63:56] (8 bits, signed)
  add { \layer0.history[27] 1'0 } (9 bits, signed)
  add \layer0.history[26] (8 bits, signed)
  add { $flatten\layer0.$mul$tcn_8ch_layer_parallel.v:62$2814_Y [15:1] 1'0 } (16 bits, signed)
  add \layer0.history[24] (8 bits, signed)
  add \layer0.history[23] (8 bits, signed)
  add { $flatten\layer0.$mul$tcn_8ch_layer_parallel.v:62$2804_Y [15] $flatten\layer0.$mul$tcn_8ch_layer_parallel.v:62$2804_Y [9:0] } (11 bits, signed)
  sub \layer0.history[20] (8 bits, signed)
  add { \sample_in [47:40] 1'0 } (9 bits, signed)
  sub \layer0.history[19] (8 bits, signed)
  add { \layer0.history[18] 1'0 } (9 bits, signed)
  add { \layer0.history[17] 1'0 } (9 bits, signed)
  add \layer0.history[16] (8 bits, signed)
  add { $flatten\layer0.$mul$tcn_8ch_layer_parallel.v:58$2790_Y [15:1] 1'0 } (16 bits, signed)
  add \layer0.history[15] (8 bits, signed)
  add { $flatten\layer0.$mul$tcn_8ch_layer_parallel.v:62$2786_Y [15:1] 1'0 } (16 bits, signed)
  add \layer0.history[13] (8 bits, signed)
  add { $flatten\layer0.$mul$tcn_8ch_layer_parallel.v:58$2780_Y [15] $flatten\layer0.$mul$tcn_8ch_layer_parallel.v:58$2780_Y [9:0] } (11 bits, signed)
  add { $flatten\layer0.$mul$tcn_8ch_layer_parallel.v:62$2776_Y [15] $flatten\layer0.$mul$tcn_8ch_layer_parallel.v:62$2776_Y [9:0] } (11 bits, signed)
  sub \layer0.history[9] (8 bits, signed)
  add { \layer0.history[8] 1'0 } (9 bits, signed)
  add { \sample_in [23:16] 1'0 } (9 bits, signed)
  add { \layer0.history[7] 1'0 } (9 bits, signed)
  add { \layer0.history[6] 1'0 } (9 bits, signed)
  add \layer0.history[5] (8 bits, signed)
  add { $flatten\layer0.$mul$tcn_8ch_layer_parallel.v:62$2762_Y [15:1] 1'0 } (16 bits, signed)
  add \sample_in [15:8] (8 bits, signed)
  add { $flatten\layer0.$mul$tcn_8ch_layer_parallel.v:62$2758_Y [15:1] 1'0 } (16 bits, signed)
  add \layer0.history[2] (8 bits, signed)
  add { $flatten\layer0.$mul$tcn_8ch_layer_parallel.v:62$2752_Y [15] $flatten\layer0.$mul$tcn_8ch_layer_parallel.v:62$2752_Y [9:0] } (11 bits, signed)
  packed 4 (1) bits / 1 words into adder tree
  add \layer1.history[21] * 3'011 (8x3 bits, signed)
  add \layer1.history[13] * 3'011 (8x3 bits, signed)
  add \layer1.history[27] * 3'011 (8x3 bits, signed)
  add \layer0.history[8] * 3'011 (8x3 bits, signed)
  sub \layer0.history[9] (8 bits, signed)
  add \layer0.history[0] * 3'011 (8x3 bits, signed)
  add \layer1.history[18] * 3'011 (8x3 bits, signed)
  sub \layer0.history[12] (8 bits, signed)
  add \layer1.history[31] * 3'011 (8x3 bits, signed)
  sub \layer0.history[15] (8 bits, signed)
  sub \layer0.history[26] (8 bits, signed)
  add \layer1.history[28] * 3'011 (8x3 bits, signed)
  add \layer1.history[11] * 3'011 (8x3 bits, signed)
  sub \layer0.history[16] (8 bits, signed)
  add \layer0.history[5] * 3'011 (8x3 bits, signed)
  add \layer0.history[12] * 3'011 (8x3 bits, signed)
  add \layer0.history[11] * 3'011 (8x3 bits, signed)
  add \sample_in [15:8] * 3'011 (8x3 bits, signed)
  add \layer0.history[14] * 3'011 (8x3 bits, signed)
  sub \layer0.history[5] (8 bits, signed)
  sub \layer1.history[28] (8 bits, signed)
  add \layer0.history[4] * 3'011 (8x3 bits, signed)
Using extmapper simplemap for cells of type $sdff.
  add \layer1.history[17] * 3'011 (8x3 bits, signed)
  sub \sample_in [47:40] (8 bits, signed)
  add \layer0.history[10] * 3'011 (8x3 bits, signed)
  add \layer0.sample_out [55:48] * 3'011 (8x3 bits, signed)
  sub \layer0.history[11] (8 bits, signed)
  add \layer0.history[21] * 3'011 (8x3 bits, signed)
  sub \layer1.history[17] (8 bits, signed)
  sub \layer1.history[15] (8 bits, signed)
  add { $flatten\layer0.$add$tcn_8ch_layer_parallel.v:57$3071_Y [15:1] 1'0 } (16 bits, signed)
  add \layer0.history[31] (8 bits, signed)
  add { $flatten\layer0.$mul$tcn_8ch_layer_parallel.v:62$3146_Y [15:1] 1'0 } (16 bits, signed)
  add \layer0.history[29] (8 bits, signed)
  add { $flatten\layer0.$mul$tcn_8ch_layer_parallel.v:58$3140_Y [15] $flatten\layer0.$mul$tcn_8ch_layer_parallel.v:58$3140_Y [9:0] } (11 bits, signed)
  add { $flatten\layer0.$mul$tcn_8ch_layer_parallel.v:62$3136_Y [15] $flatten\layer0.$mul$tcn_8ch_layer_parallel.v:62$3136_Y [9:0] } (11 bits, signed)
  sub \layer0.history[25] (8 bits, signed)
  add { \layer0.history[24] 1'0 } (9 bits, signed)
  add { \sample_in [55:48] 1'0 } (9 bits, signed)
  add { \layer0.history[23] 1'0 } (9 bits, signed)
  add { \layer0.history[22] 1'0 } (9 bits, signed)
  add \layer0.history[21] (8 bits, signed)
  add { $flatten\layer0.$mul$tcn_8ch_layer_parallel.v:62$3122_Y [15:1] 1'0 } (16 bits, signed)
  add \sample_in [47:40] (8 bits, signed)
  add { $flatten\layer0.$mul$tcn_8ch_layer_parallel.v:62$3118_Y [15:1] 1'0 } (16 bits, signed)
  add \layer0.history[18] (8 bits, signed)
  add { $flatten\layer0.$mul$tcn_8ch_layer_parallel.v:62$3112_Y [15] $flatten\layer0.$mul$tcn_8ch_layer_parallel.v:62$3112_Y [9:0] } (11 bits, signed)
  sub \sample_in [39:32] (8 bits, signed)
  add { $flatten\layer0.$mul$tcn_8ch_layer_parallel.v:62$3108_Y [15] $flatten\layer0.$mul$tcn_8ch_layer_parallel.v:62$3108_Y [9:0] } (11 bits, signed)
  sub \layer0.history[14] (8 bits, signed)
  add { \layer0.history[13] 1'0 } (9 bits, signed)
  add { \layer0.history[12] 1'0 } (9 bits, signed)
  add \sample_in [31:24] (8 bits, signed)
  add { \layer0.history[11] 1'0 } (9 bits, signed)
  add \layer0.history[10] (8 bits, signed)
  add { $flatten\layer0.$mul$tcn_8ch_layer_parallel.v:62$3094_Y [15:1] 1'0 } (16 bits, signed)
  add \layer0.history[8] (8 bits, signed)
  add \layer0.history[7] (8 bits, signed)
  add { $flatten\layer0.$mul$tcn_8ch_layer_parallel.v:62$3084_Y [15] $flatten\layer0.$mul$tcn_8ch_layer_parallel.v:62$3084_Y [9:0] } (11 bits, signed)
  sub \layer0.history[4] (8 bits, signed)
  add { \sample_in [15:8] 1'0 } (9 bits, signed)
  sub \layer0.history[3] (8 bits, signed)
  add { \layer0.history[2] 1'0 } (9 bits, signed)
  add { \layer0.history[1] 1'0 } (9 bits, signed)
  add \layer0.history[0] (8 bits, signed)
  packed 4 (1) bits / 1 words into adder tree
  sub \layer1.history[21] (8 bits, signed)
  sub \layer1.history[6] (8 bits, signed)
  add \layer0.sample_out [7:0] * 3'011 (8x3 bits, signed)
  add \layer1.history[1] (8 bits, signed)
  add \layer0.history[15] * 3'011 (8x3 bits, signed)
  add \layer0.sample_out [15:8] * 3'011 (8x3 bits, signed)
  add \layer0.history[25] * 3'011 (8x3 bits, signed)
  sub \layer0.sample_out [47:40] (8 bits, signed)
  sub \layer1.history[29] (8 bits, signed)
  add \layer0.history[24] * 3'011 (8x3 bits, signed)
  sub \layer1.history[8] (8 bits, signed)
  add \layer1.history[14] * 3'011 (8x3 bits, signed)
  sub \layer1.history[7] (8 bits, signed)
  sub \layer0.history[13] (8 bits, signed)
  add { \layer0.sample_out [7:0] 1'0 } (9 bits, signed)
  sub \layer1.history[31] (8 bits, signed)
  add { \layer1.history[30] 1'0 } (9 bits, signed)
  add { \layer1.history[29] 1'0 } (9 bits, signed)
  add \layer1.history[28] (8 bits, signed)
  add { $flatten\layer1.$mul$tcn_8ch_layer_parallel.v:58$1760_Y [15:1] 1'0 } (16 bits, signed)
  add \layer1.history[27] (8 bits, signed)
  add { $flatten\layer1.$mul$tcn_8ch_layer_parallel.v:62$1756_Y [15:1] 1'0 } (16 bits, signed)
  add \layer1.history[25] (8 bits, signed)
  add { $flatten\layer1.$mul$tcn_8ch_layer_parallel.v:58$1750_Y [15] $flatten\layer1.$mul$tcn_8ch_layer_parallel.v:58$1750_Y [9:0] } (11 bits, signed)
  add { $flatten\layer1.$mul$tcn_8ch_layer_parallel.v:62$1746_Y [15] $flatten\layer1.$mul$tcn_8ch_layer_parallel.v:62$1746_Y [9:0] } (11 bits, signed)
  sub \layer1.history[21] (8 bits, signed)
  add { \layer1.history[20] 1'0 } (9 bits, signed)
  add { \layer0.sample_out [47:40] 1'0 } (9 bits, signed)
  add { \layer1.history[19] 1'0 } (9 bits, signed)
  add { \layer1.history[18] 1'0 } (9 bits, signed)
  add \layer1.history[17] (8 bits, signed)
  add { $flatten\layer1.$mul$tcn_8ch_layer_parallel.v:62$1732_Y [15:1] 1'0 } (16 bits, signed)
  add \layer0.sample_out [39:32] (8 bits, signed)
  add { $flatten\layer1.$mul$tcn_8ch_layer_parallel.v:62$1728_Y [15:1] 1'0 } (16 bits, signed)
  add \layer1.history[14] (8 bits, signed)
  add { $flatten\layer1.$mul$tcn_8ch_layer_parallel.v:62$1722_Y [15] $flatten\layer1.$mul$tcn_8ch_layer_parallel.v:62$1722_Y [9:0] } (11 bits, signed)
  sub \layer0.sample_out [31:24] (8 bits, signed)
  add { $flatten\layer1.$mul$tcn_8ch_layer_parallel.v:62$1718_Y [15] $flatten\layer1.$mul$tcn_8ch_layer_parallel.v:62$1718_Y [9:0] } (11 bits, signed)
  sub \layer1.history[10] (8 bits, signed)
  add { \layer1.history[9] 1'0 } (9 bits, signed)
  add { \layer1.history[8] 1'0 } (9 bits, signed)
  add \layer0.sample_out [23:16] (8 bits, signed)
  add { \layer1.history[7] 1'0 } (9 bits, signed)
  add \layer1.history[6] (8 bits, signed)
  add { $flatten\layer1.$mul$tcn_8ch_layer_parallel.v:62$1704_Y [15:1] 1'0 } (16 bits, signed)
  add \layer1.history[4] (8 bits, signed)
  add \layer1.history[3] (8 bits, signed)
  add { $flatten\layer1.$mul$tcn_8ch_layer_parallel.v:62$1694_Y [15] $flatten\layer1.$mul$tcn_8ch_layer_parallel.v:62$1694_Y [9:0] } (11 bits, signed)
  sub \layer1.history[0] (8 bits, signed)
  packed 4 (1) bits / 1 words into adder tree
  sub \layer0.history[28] (8 bits, signed)
  sub \layer0.sample_out [23:16] (8 bits, signed)
  sub \layer1.history[30] (8 bits, signed)
  add \layer1.history[26] * 3'011 (8x3 bits, signed)
  sub \layer1.history[20] (8 bits, signed)
  sub \layer1.history[19] (8 bits, signed)
  sub \sample_in [7:0] (8 bits, signed)
  add \sample_in [63:56] * 3'011 (8x3 bits, signed)
  sub \layer1.history[9] (8 bits, signed)
  add \layer0.history[20] * 3'011 (8x3 bits, signed)
  add \layer0.history[29] * 3'011 (8x3 bits, signed)
  add \sample_in [39:32] * 3'011 (8x3 bits, signed)
  sub \layer1.history[31] (8 bits, signed)
  add \layer0.history[22] * 3'011 (8x3 bits, signed)
  add \sample_in [47:40] * 3'011 (8x3 bits, signed)
  add { $flatten\layer0.$add$tcn_8ch_layer_parallel.v:61$2835_Y [15] $flatten\layer0.$add$tcn_8ch_layer_parallel.v:61$2835_Y [10:0] } (12 bits, signed)
  add { $flatten\layer0.$mul$tcn_8ch_layer_parallel.v:62$2906_Y [15] $flatten\layer0.$mul$tcn_8ch_layer_parallel.v:62$2906_Y [9:0] } (11 bits, signed)
  sub \layer0.history[29] (8 bits, signed)
  add { \layer0.history[28] 1'0 } (9 bits, signed)
  add { \sample_in [63:56] 1'0 } (9 bits, signed)
  add { \layer0.history[27] 1'0 } (9 bits, signed)
  add { \layer0.history[26] 1'0 } (9 bits, signed)
  add \layer0.history[25] (8 bits, signed)
  add { $flatten\layer0.$mul$tcn_8ch_layer_parallel.v:62$2892_Y [15:1] 1'0 } (16 bits, signed)
  add \sample_in [55:48] (8 bits, signed)
  add { $flatten\layer0.$mul$tcn_8ch_layer_parallel.v:62$2888_Y [15:1] 1'0 } (16 bits, signed)
  add \layer0.history[22] (8 bits, signed)
  add { $flatten\layer0.$mul$tcn_8ch_layer_parallel.v:62$2882_Y [15] $flatten\layer0.$mul$tcn_8ch_layer_parallel.v:62$2882_Y [9:0] } (11 bits, signed)
  sub \sample_in [47:40] (8 bits, signed)
  add { $flatten\layer0.$mul$tcn_8ch_layer_parallel.v:62$2878_Y [15] $flatten\layer0.$mul$tcn_8ch_layer_parallel.v:62$2878_Y [9:0] } (11 bits, signed)
  sub \layer0.history[18] (8 bits, signed)
  add { \layer0.history[17] 1'0 } (9 bits, signed)
  add { \layer0.history[16] 1'0 } (9 bits, signed)
  add \sample_in [39:32] (8 bits, signed)
  add { \layer0.history[15] 1'0 } (9 bits, signed)
  add \layer0.history[14] (8 bits, signed)
  add { $flatten\layer0.$mul$tcn_8ch_layer_parallel.v:62$2864_Y [15:1] 1'0 } (16 bits, signed)
  add \layer0.history[12] (8 bits, signed)
  add \layer0.history[11] (8 bits, signed)
  add { $flatten\layer0.$mul$tcn_8ch_layer_parallel.v:62$2854_Y [15] $flatten\layer0.$mul$tcn_8ch_layer_parallel.v:62$2854_Y [9:0] } (11 bits, signed)
  sub \layer0.history[8] (8 bits, signed)
  add { \sample_in [23:16] 1'0 } (9 bits, signed)
  sub \layer0.history[7] (8 bits, signed)
  add { \layer0.history[6] 1'0 } (9 bits, signed)
  add { \layer0.history[5] 1'0 } (9 bits, signed)
  add \layer0.history[4] (8 bits, signed)
  add { $flatten\layer0.$mul$tcn_8ch_layer_parallel.v:58$2840_Y [15:1] 1'0 } (16 bits, signed)
  add \layer0.history[3] (8 bits, signed)
  add { $flatten\layer0.$mul$tcn_8ch_layer_parallel.v:62$2836_Y [15:1] 1'0 } (16 bits, signed)
  packed 4 (1) bits / 1 words into adder tree
  add \layer0.sample_out [63:56] * 3'011 (8x3 bits, signed)
  sub \layer0.history[23] (8 bits, signed)
  add \layer1.history[10] * 3'011 (8x3 bits, signed)
  sub \layer1.history[10] (8 bits, signed)
  add \layer1.history[6] * 3'011 (8x3 bits, signed)
  add \layer0.history[16] * 3'011 (8x3 bits, signed)
  sub \layer1.history[0] (8 bits, signed)
  add \layer0.sample_out [23:16] * 3'011 (8x3 bits, signed)
  sub \layer0.history[24] (8 bits, signed)
  sub \layer0.sample_out [55:48] (8 bits, signed)
  sub \layer0.history[20] (8 bits, signed)
  add \sample_in [31:24] * 3'011 (8x3 bits, signed)
  sub \layer1.history[22] (8 bits, signed)
  sub \layer1.history[12] (8 bits, signed)
  add \layer1.history[8] * 3'011 (8x3 bits, signed)
  sub \layer1.history[11] (8 bits, signed)
  add \layer0.history[27] * 3'011 (8x3 bits, signed)
  sub \layer0.history[30] (8 bits, signed)
  sub \layer0.sample_out [63:56] (8 bits, signed)
  sub \layer1.history[24] (8 bits, signed)
  sub \layer1.history[1] (8 bits, signed)
  sub \layer1.history[23] (8 bits, signed)
  sub \layer0.history[2] (8 bits, signed)
  sub \layer1.history[13] (8 bits, signed)
  add \layer0.history[26] * 3'011 (8x3 bits, signed)
  add \layer0.history[1] * 3'011 (8x3 bits, signed)
  add \layer0.history[19] * 3'011 (8x3 bits, signed)
  add { $flatten\layer1.$add$tcn_8ch_layer_parallel.v:61$2253_Y [15] $flatten\layer1.$add$tcn_8ch_layer_parallel.v:61$2253_Y [8:1] 1'0 } (10 bits, signed)
  add { \layer1.history[31] 1'0 } (9 bits, signed)
  add { \layer1.history[30] 1'0 } (9 bits, signed)
  add \layer1.history[29] (8 bits, signed)
  add { $flatten\layer1.$mul$tcn_8ch_layer_parallel.v:62$2322_Y [15:1] 1'0 } (16 bits, signed)
  add \layer0.sample_out [63:56] (8 bits, signed)
  add { $flatten\layer1.$mul$tcn_8ch_layer_parallel.v:62$2318_Y [15:1] 1'0 } (16 bits, signed)
  add \layer1.history[26] (8 bits, signed)
  add { $flatten\layer1.$mul$tcn_8ch_layer_parallel.v:62$2312_Y [15] $flatten\layer1.$mul$tcn_8ch_layer_parallel.v:62$2312_Y [9:0] } (11 bits, signed)
  sub \layer0.sample_out [55:48] (8 bits, signed)
  add { $flatten\layer1.$mul$tcn_8ch_layer_parallel.v:62$2308_Y [15] $flatten\layer1.$mul$tcn_8ch_layer_parallel.v:62$2308_Y [9:0] } (11 bits, signed)
  sub \layer1.history[22] (8 bits, signed)
  add { \layer1.history[21] 1'0 } (9 bits, signed)
  add { \layer1.history[20] 1'0 } (9 bits, signed)
  add \layer0.sample_out [47:40] (8 bits, signed)
  add { \layer1.history[19] 1'0 } (9 bits, signed)
  add \layer1.history[18] (8 bits, signed)
  add { $flatten\layer1.$mul$tcn_8ch_layer_parallel.v:62$2294_Y [15:1] 1'0 } (16 bits, signed)
  add \layer1.history[16] (8 bits, signed)
  add \layer1.history[15] (8 bits, signed)
  add { $flatten\layer1.$mul$tcn_8ch_layer_parallel.v:62$2284_Y [15] $flatten\layer1.$mul$tcn_8ch_layer_parallel.v:62$2284_Y [9:0] } (11 bits, signed)
  sub \layer1.history[12] (8 bits, signed)
  add { \layer0.sample_out [31:24] 1'0 } (9 bits, signed)
  sub \layer1.history[11] (8 bits, signed)
  add { \layer1.history[10] 1'0 } (9 bits, signed)
  add { \layer1.history[9] 1'0 } (9 bits, signed)
  add \layer1.history[8] (8 bits, signed)
  add { $flatten\layer1.$mul$tcn_8ch_layer_parallel.v:58$2270_Y [15:1] 1'0 } (16 bits, signed)
  add \layer1.history[7] (8 bits, signed)
  add { $flatten\layer1.$mul$tcn_8ch_layer_parallel.v:62$2266_Y [15:1] 1'0 } (16 bits, signed)
  add \layer1.history[5] (8 bits, signed)
  add { $flatten\layer1.$mul$tcn_8ch_layer_parallel.v:58$2260_Y [15] $flatten\layer1.$mul$tcn_8ch_layer_parallel.v:58$2260_Y [9:0] } (11 bits, signed)
  add { $flatten\layer1.$mul$tcn_8ch_layer_parallel.v:62$2256_Y [15] $flatten\layer1.$mul$tcn_8ch_layer_parallel.v:62$2256_Y [9:0] } (11 bits, signed)
  sub \layer1.history[1] (8 bits, signed)
  packed 4 (1) bits / 1 words into adder tree
  add \layer1.history[20] * 3'011 (8x3 bits, signed)
  add \layer0.history[17] * 3'011 (8x3 bits, signed)
  sub \layer1.history[25] (8 bits, signed)
  add \layer0.history[30] * 3'011 (8x3 bits, signed)
  add \sample_in [55:48] * 3'011 (8x3 bits, signed)
  sub \layer0.history[1] (8 bits, signed)
  sub \layer0.sample_out [7:0] (8 bits, signed)
  add \layer1.history[22] * 3'011 (8x3 bits, signed)
  add \sample_in [7:0] * 3'011 (8x3 bits, signed)
  add \layer0.history[1] (8 bits, signed)
  sub \layer1.history[3] (8 bits, signed)
  add \layer0.history[13] * 3'011 (8x3 bits, signed)
  add \layer1.history[30] * 3'011 (8x3 bits, signed)
  add \layer1.history[0] * 3'011 (8x3 bits, signed)
  add \sample_in [7:0] (8 bits, signed)
  add { $flatten\layer0.$mul$tcn_8ch_layer_parallel.v:62$3068_Y [15:1] 1'0 } (16 bits, signed)
  add \layer0.history[30] (8 bits, signed)
  add { $flatten\layer0.$mul$tcn_8ch_layer_parallel.v:62$3062_Y [15] $flatten\layer0.$mul$tcn_8ch_layer_parallel.v:62$3062_Y [9:0] } (11 bits, signed)
  sub \sample_in [63:56] (8 bits, signed)
  add { $flatten\layer0.$mul$tcn_8ch_layer_parallel.v:62$3058_Y [15] $flatten\layer0.$mul$tcn_8ch_layer_parallel.v:62$3058_Y [9:0] } (11 bits, signed)
  sub \layer0.history[26] (8 bits, signed)
  add { \layer0.history[25] 1'0 } (9 bits, signed)
  add { \layer0.history[24] 1'0 } (9 bits, signed)
  add \sample_in [55:48] (8 bits, signed)
  add { \layer0.history[23] 1'0 } (9 bits, signed)
  add \layer0.history[22] (8 bits, signed)
  add { $flatten\layer0.$mul$tcn_8ch_layer_parallel.v:62$3044_Y [15:1] 1'0 } (16 bits, signed)
  add \layer0.history[20] (8 bits, signed)
  add \layer0.history[19] (8 bits, signed)
  add { $flatten\layer0.$mul$tcn_8ch_layer_parallel.v:62$3034_Y [15] $flatten\layer0.$mul$tcn_8ch_layer_parallel.v:62$3034_Y [9:0] } (11 bits, signed)
  sub \layer0.history[16] (8 bits, signed)
  add { \sample_in [39:32] 1'0 } (9 bits, signed)
  sub \layer0.history[15] (8 bits, signed)
  add { \layer0.history[14] 1'0 } (9 bits, signed)
  add { \layer0.history[13] 1'0 } (9 bits, signed)
  add \layer0.history[12] (8 bits, signed)
  add { $flatten\layer0.$mul$tcn_8ch_layer_parallel.v:58$3020_Y [15:1] 1'0 } (16 bits, signed)
  add \layer0.history[11] (8 bits, signed)
  add { $flatten\layer0.$mul$tcn_8ch_layer_parallel.v:62$3016_Y [15:1] 1'0 } (16 bits, signed)
  add \layer0.history[9] (8 bits, signed)
  add { $flatten\layer0.$mul$tcn_8ch_layer_parallel.v:58$3010_Y [15] $flatten\layer0.$mul$tcn_8ch_layer_parallel.v:58$3010_Y [9:0] } (11 bits, signed)
  add { $flatten\layer0.$mul$tcn_8ch_layer_parallel.v:62$3006_Y [15] $flatten\layer0.$mul$tcn_8ch_layer_parallel.v:62$3006_Y [9:0] } (11 bits, signed)
  sub \layer0.history[5] (8 bits, signed)
  add { \layer0.history[4] 1'0 } (9 bits, signed)
  add { \sample_in [15:8] 1'0 } (9 bits, signed)
  add { \layer0.history[3] 1'0 } (9 bits, signed)
  add { \layer0.history[2] 1'0 } (9 bits, signed)
  add \layer0.history[1] (8 bits, signed)
  add { $flatten\layer0.$mul$tcn_8ch_layer_parallel.v:62$2992_Y [15:1] 1'0 } (16 bits, signed)
  packed 4 (1) bits / 1 words into adder tree
  sub \layer1.history[26] (8 bits, signed)
  sub \layer1.history[4] (8 bits, signed)
  sub \layer0.history[4] (8 bits, signed)
  sub \layer1.history[16] (8 bits, signed)
  add \layer1.history[12] * 3'011 (8x3 bits, signed)
  sub \sample_in [63:56] (8 bits, signed)
  sub \layer1.history[5] (8 bits, signed)
Using template $paramod\_90_fa\WIDTH=32'00000000000000000000000000001111 for cells of type $fa.
Using template $paramod\_90_fa\WIDTH=32'00000000000000000000000000001011 for cells of type $fa.
Using template $paramod$ec32b97001540459632a2df9accd677d3703ea0f\_80_ice40_alu for cells of type $alu.
Using template $paramod$67e8f4b8dba01cd3d8fc718acd02276257d102de\_80_ice40_alu for cells of type $alu.
Using template $paramod\_90_fa\WIDTH=32'00000000000000000000000000010000 for cells of type $fa.
Using template $paramod\_90_fa\WIDTH=32'00000000000000000000000000001110 for cells of type $fa.
Using template $paramod$6df0329addda9228fcc2546de2aaf14ad26c98e1\_80_ice40_alu for cells of type $alu.
Using extmapper simplemap for cells of type $and.
Using template $paramod\_90_fa\WIDTH=32'00000000000000000000000000001100 for cells of type $fa.
Using template $paramod$ee3d784672cdb1cb32d9a801a3af776716f16b74\_80_ice40_alu for cells of type $alu.
Using extmapper simplemap for cells of type $pos.
No more expansions possible.
<suppressed ~5880 debug messages>

3.32. Executing OPT pass (performing simple optimizations).

3.32.1. Executing OPT_EXPR pass (perform const folding).
Optimizing module tcn_network_8ch_2layer.
<suppressed ~13933 debug messages>

3.32.2. Executing OPT_MERGE pass (detect identical cells).
Finding identical cells in module `\tcn_network_8ch_2layer'.
<suppressed ~32415 debug messages>
Removed a total of 10805 cells.

3.32.3. Executing OPT_DFF pass (perform DFF optimizations).

3.32.4. Executing OPT_CLEAN pass (remove unused cells and wires).
Finding unused cells or wires in module \tcn_network_8ch_2layer..
Removed 2713 unused cells and 10187 unused wires.
<suppressed ~2714 debug messages>

3.32.5. Finished fast OPT passes.

3.33. Executing ICE40_OPT pass (performing simple optimizations).

3.33.1. Running ICE40 specific optimizations.
Optimized $__ICE40_CARRY_WRAPPER cell back to logic (without SB_CARRY) tcn_network_8ch_2layer.$auto$alumacc.cc:485:replace_alu$4490.slice[0].carry: CO=$auto$alumacc.cc:485:replace_alu$4490.BB [0]
Optimized $__ICE40_CARRY_WRAPPER cell back to logic (without SB_CARRY) tcn_network_8ch_2layer.$auto$alumacc.cc:485:replace_alu$4503.slice[0].carry: CO=$auto$alumacc.cc:485:replace_alu$4503.BB [0]
Optimized $__ICE40_CARRY_WRAPPER cell back to logic (without SB_CARRY) tcn_network_8ch_2layer.$auto$alumacc.cc:485:replace_alu$4516.slice[0].carry: CO=$auto$alumacc.cc:485:replace_alu$4516.BB [0]
Optimized $__ICE40_CARRY_WRAPPER cell back to logic (without SB_CARRY) tcn_network_8ch_2layer.$auto$alumacc.cc:485:replace_alu$4529.slice[0].carry: CO=$auto$alumacc.cc:485:replace_alu$4529.BB [0]
Optimized $__ICE40_CARRY_WRAPPER cell back to logic (without SB_CARRY) tcn_network_8ch_2layer.$auto$alumacc.cc:485:replace_alu$4542.slice[0].carry: CO=$auto$alumacc.cc:485:replace_alu$4542.BB [0]
Optimized $__ICE40_CARRY_WRAPPER cell back to logic (without SB_CARRY) tcn_network_8ch_2layer.$auto$alumacc.cc:485:replace_alu$4555.slice[0].carry: CO=$auto$alumacc.cc:485:replace_alu$4555.BB [0]
Optimized $__ICE40_CARRY_WRAPPER cell back to logic (without SB_CARRY) tcn_network_8ch_2layer.$auto$alumacc.cc:485:replace_alu$4568.slice[0].carry: CO=$auto$alumacc.cc:485:replace_alu$4568.BB [0]
Optimized $__ICE40_CARRY_WRAPPER cell back to logic (without SB_CARRY) tcn_network_8ch_2layer.$auto$alumacc.cc:485:replace_alu$4581.slice[0].carry: CO=$auto$alumacc.cc:485:replace_alu$4581.BB [0]
Optimized $__ICE40_CARRY_WRAPPER cell back to logic (without SB_CARRY) tcn_network_8ch_2layer.$auto$maccmap.cc:240:synth$4804.slice[0].carry: CO=1'0
Optimized $__ICE40_CARRY_WRAPPER cell back to logic (without SB_CARRY) tcn_network_8ch_2layer.$auto$maccmap.cc:240:synth$5230.slice[0].carry: CO=$auto$maccmap.cc:114:fulladd$6662.B [0]
Optimized $__ICE40_CARRY_WRAPPER cell back to logic (without SB_CARRY) tcn_network_8ch_2layer.$auto$maccmap.cc:240:synth$5245.slice[0].carry: CO=1'0
Optimized $__ICE40_CARRY_WRAPPER cell back to logic (without SB_CARRY) tcn_network_8ch_2layer.$auto$maccmap.cc:240:synth$5260.slice[0].carry: CO=1'0
Optimized $__ICE40_CARRY_WRAPPER cell back to logic (without SB_CARRY) tcn_network_8ch_2layer.$auto$maccmap.cc:240:synth$5266.slice[0].carry: CO=$auto$maccmap.cc:114:fulladd$6772.C [0]
Optimized $__ICE40_CARRY_WRAPPER cell back to logic (without SB_CARRY) tcn_network_8ch_2layer.$auto$maccmap.cc:240:synth$5379.slice[0].carry: CO=1'0
Optimized $__ICE40_CARRY_WRAPPER cell back to logic (without SB_CARRY) tcn_network_8ch_2layer.$auto$maccmap.cc:240:synth$5394.slice[0].carry: CO=1'0
Optimized $__ICE40_CARRY_WRAPPER cell back to logic (without SB_CARRY) tcn_network_8ch_2layer.$auto$maccmap.cc:240:synth$5400.slice[0].carry: CO=$auto$maccmap.cc:114:fulladd$6197.A [0]
Optimized $__ICE40_CARRY_WRAPPER cell back to logic (without SB_CARRY) tcn_network_8ch_2layer.$auto$maccmap.cc:240:synth$5406.slice[0].carry: CO=$auto$maccmap.cc:114:fulladd$8286.A [0]
Optimized $__ICE40_CARRY_WRAPPER cell back to logic (without SB_CARRY) tcn_network_8ch_2layer.$auto$maccmap.cc:240:synth$5412.slice[0].carry: CO=$auto$maccmap.cc:114:fulladd$8555.A [0]
Optimized $__ICE40_CARRY_WRAPPER cell back to logic (without SB_CARRY) tcn_network_8ch_2layer.$auto$maccmap.cc:240:synth$5427.slice[0].carry: CO=1'0
Optimized $__ICE40_CARRY_WRAPPER cell back to logic (without SB_CARRY) tcn_network_8ch_2layer.$auto$maccmap.cc:240:synth$5433.slice[0].carry: CO=$auto$maccmap.cc:114:fulladd$5288.A [0]
Optimized $__ICE40_CARRY_WRAPPER cell back to logic (without SB_CARRY) tcn_network_8ch_2layer.$auto$maccmap.cc:240:synth$5439.slice[0].carry: CO=$auto$maccmap.cc:114:fulladd$8555.B [0]
Optimized $__ICE40_CARRY_WRAPPER cell back to logic (without SB_CARRY) tcn_network_8ch_2layer.$auto$maccmap.cc:240:synth$5445.slice[0].carry: CO=$auto$maccmap.cc:114:fulladd$5865.B [0]
Optimized $__ICE40_CARRY_WRAPPER cell back to logic (without SB_CARRY) tcn_network_8ch_2layer.$auto$maccmap.cc:240:synth$5451.slice[0].carry: CO=$auto$maccmap.cc:114:fulladd$6197.C [0]
Optimized $__ICE40_CARRY_WRAPPER cell back to logic (without SB_CARRY) tcn_network_8ch_2layer.$auto$maccmap.cc:240:synth$5564.slice[0].carry: CO=1'0
Optimized $__ICE40_CARRY_WRAPPER cell back to logic (without SB_CARRY) tcn_network_8ch_2layer.$auto$maccmap.cc:240:synth$5571.slice[0].carry: CO=1'0
Optimized $__ICE40_CARRY_WRAPPER cell back to logic (without SB_CARRY) tcn_network_8ch_2layer.$auto$maccmap.cc:240:synth$5586.slice[0].carry: CO=1'0
Optimized $__ICE40_CARRY_WRAPPER cell back to logic (without SB_CARRY) tcn_network_8ch_2layer.$auto$maccmap.cc:240:synth$5601.slice[0].carry: CO=1'0
Optimized $__ICE40_CARRY_WRAPPER cell back to logic (without SB_CARRY) tcn_network_8ch_2layer.$auto$maccmap.cc:240:synth$5708.slice[0].carry: CO=1'0
Optimized $__ICE40_CARRY_WRAPPER cell back to logic (without SB_CARRY) tcn_network_8ch_2layer.$auto$maccmap.cc:240:synth$5723.slice[0].carry: CO=1'0
Optimized $__ICE40_CARRY_WRAPPER cell back to logic (without SB_CARRY) tcn_network_8ch_2layer.$auto$maccmap.cc:240:synth$5738.slice[0].carry: CO=1'0
Optimized $__ICE40_CARRY_WRAPPER cell back to logic (without SB_CARRY) tcn_network_8ch_2layer.$auto$maccmap.cc:240:synth$5744.slice[0].carry: CO=$auto$maccmap.cc:114:fulladd$6388.A [0]
Optimized $__ICE40_CARRY_WRAPPER cell back to logic (without SB_CARRY) tcn_network_8ch_2layer.$auto$maccmap.cc:240:synth$5750.slice[0].carry: CO=$auto$maccmap.cc:114:fulladd$8047.A [0]
Optimized $__ICE40_CARRY_WRAPPER cell back to logic (without SB_CARRY) tcn_network_8ch_2layer.$auto$maccmap.cc:240:synth$5765.slice[0].carry: CO=1'0
Optimized $__ICE40_CARRY_WRAPPER cell back to logic (without SB_CARRY) tcn_network_8ch_2layer.$auto$maccmap.cc:240:synth$5780.slice[0].carry: CO=1'0
Optimized $__ICE40_CARRY_WRAPPER cell back to logic (without SB_CARRY) tcn_network_8ch_2layer.$auto$maccmap.cc:240:synth$5795.slice[0].carry: CO=1'0
Optimized $__ICE40_CARRY_WRAPPER cell back to logic (without SB_CARRY) tcn_network_8ch_2layer.$auto$maccmap.cc:240:synth$5810.slice[0].carry: CO=1'0
Optimized $__ICE40_CARRY_WRAPPER cell back to logic (without SB_CARRY) tcn_network_8ch_2layer.$auto$maccmap.cc:240:synth$5816.slice[0].carry: CO=$auto$maccmap.cc:114:fulladd$6942.B [0]
Optimized $__ICE40_CARRY_WRAPPER cell back to logic (without SB_CARRY) tcn_network_8ch_2layer.$auto$maccmap.cc:240:synth$5831.slice[0].carry: CO=1'0
Optimized $__ICE40_CARRY_WRAPPER cell back to logic (without SB_CARRY) tcn_network_8ch_2layer.$auto$maccmap.cc:240:synth$5941.slice[0].carry: CO=1'0
Optimized $__ICE40_CARRY_WRAPPER cell back to logic (without SB_CARRY) tcn_network_8ch_2layer.$auto$maccmap.cc:240:synth$5956.slice[0].carry: CO=1'0
Optimized $__ICE40_CARRY_WRAPPER cell back to logic (without SB_CARRY) tcn_network_8ch_2layer.$auto$maccmap.cc:240:synth$5962.slice[0].carry: CO=$auto$maccmap.cc:114:fulladd$5617.t1 [0]
Optimized $__ICE40_CARRY_WRAPPER cell back to logic (without SB_CARRY) tcn_network_8ch_2layer.$auto$maccmap.cc:240:synth$5977.slice[0].carry: CO=1'0
Optimized $__ICE40_CARRY_WRAPPER cell back to logic (without SB_CARRY) tcn_network_8ch_2layer.$auto$maccmap.cc:240:synth$5992.slice[0].carry: CO=1'0
Optimized $__ICE40_CARRY_WRAPPER cell back to logic (without SB_CARRY) tcn_network_8ch_2layer.$auto$maccmap.cc:240:synth$5998.slice[0].carry: CO=$auto$maccmap.cc:114:fulladd$6659.C [0]
Optimized $__ICE40_CARRY_WRAPPER cell back to logic (without SB_CARRY) tcn_network_8ch_2layer.$auto$maccmap.cc:240:synth$6004.slice[0].carry: CO=$auto$maccmap.cc:114:fulladd$5632.C [0]
Optimized $__ICE40_CARRY_WRAPPER cell back to logic (without SB_CARRY) tcn_network_8ch_2layer.$auto$maccmap.cc:240:synth$6117.slice[0].carry: CO=1'0
Optimized $__ICE40_CARRY_WRAPPER cell back to logic (without SB_CARRY) tcn_network_8ch_2layer.$auto$maccmap.cc:240:synth$6124.slice[0].carry: CO=1'0
Optimized $__ICE40_CARRY_WRAPPER cell back to logic (without SB_CARRY) tcn_network_8ch_2layer.$auto$maccmap.cc:240:synth$6139.slice[0].carry: CO=1'0
Optimized $__ICE40_CARRY_WRAPPER cell back to logic (without SB_CARRY) tcn_network_8ch_2layer.$auto$maccmap.cc:240:synth$6145.slice[0].carry: CO=$auto$maccmap.cc:114:fulladd$6540.C [0]
Optimized $__ICE40_CARRY_WRAPPER cell back to logic (without SB_CARRY) tcn_network_8ch_2layer.$auto$maccmap.cc:240:synth$6151.slice[0].carry: CO=$auto$maccmap.cc:114:fulladd$6662.C [0]
Optimized $__ICE40_CARRY_WRAPPER cell back to logic (without SB_CARRY) tcn_network_8ch_2layer.$auto$maccmap.cc:240:synth$6157.slice[0].carry: CO=$auto$maccmap.cc:114:fulladd$6659.B [0]
Optimized $__ICE40_CARRY_WRAPPER cell back to logic (without SB_CARRY) tcn_network_8ch_2layer.$auto$maccmap.cc:240:synth$6163.slice[0].carry: CO=$auto$maccmap.cc:114:fulladd$8044.A [0]
Optimized $__ICE40_CARRY_WRAPPER cell back to logic (without SB_CARRY) tcn_network_8ch_2layer.$auto$maccmap.cc:240:synth$6178.slice[0].carry: CO=1'0
Optimized $__ICE40_CARRY_WRAPPER cell back to logic (without SB_CARRY) tcn_network_8ch_2layer.$auto$maccmap.cc:240:synth$6291.slice[0].carry: CO=1'0
Optimized $__ICE40_CARRY_WRAPPER cell back to logic (without SB_CARRY) tcn_network_8ch_2layer.$auto$maccmap.cc:240:synth$6297.slice[0].carry: CO=$auto$maccmap.cc:114:fulladd$6388.B [0]
Optimized $__ICE40_CARRY_WRAPPER cell back to logic (without SB_CARRY) tcn_network_8ch_2layer.$auto$maccmap.cc:240:synth$6303.slice[0].carry: CO=$auto$maccmap.cc:114:fulladd$6662.A [0]
Optimized $__ICE40_CARRY_WRAPPER cell back to logic (without SB_CARRY) tcn_network_8ch_2layer.$auto$maccmap.cc:240:synth$6309.slice[0].carry: CO=$auto$maccmap.cc:114:fulladd$5282.t1 [0]
Optimized $__ICE40_CARRY_WRAPPER cell back to logic (without SB_CARRY) tcn_network_8ch_2layer.$auto$maccmap.cc:240:synth$6324.slice[0].carry: CO=1'0
Optimized $__ICE40_CARRY_WRAPPER cell back to logic (without SB_CARRY) tcn_network_8ch_2layer.$auto$maccmap.cc:240:synth$6339.slice[0].carry: CO=1'0
Optimized $__ICE40_CARRY_WRAPPER cell back to logic (without SB_CARRY) tcn_network_8ch_2layer.$auto$maccmap.cc:240:synth$6354.slice[0].carry: CO=1'0
Optimized $__ICE40_CARRY_WRAPPER cell back to logic (without SB_CARRY) tcn_network_8ch_2layer.$auto$maccmap.cc:240:synth$6369.slice[0].carry: CO=1'0
Optimized $__ICE40_CARRY_WRAPPER cell back to logic (without SB_CARRY) tcn_network_8ch_2layer.$auto$maccmap.cc:240:synth$6482.slice[0].carry: CO=1'0
Optimized $__ICE40_CARRY_WRAPPER cell back to logic (without SB_CARRY) tcn_network_8ch_2layer.$auto$maccmap.cc:240:synth$6488.slice[0].carry: CO=$auto$maccmap.cc:114:fulladd$8552.A [0]
Optimized $__ICE40_CARRY_WRAPPER cell back to logic (without SB_CARRY) tcn_network_8ch_2layer.$auto$maccmap.cc:240:synth$6494.slice[0].carry: CO=$auto$maccmap.cc:114:fulladd$8041.C [0]
Optimized $__ICE40_CARRY_WRAPPER cell back to logic (without SB_CARRY) tcn_network_8ch_2layer.$auto$maccmap.cc:240:synth$6500.slice[0].carry: CO=$auto$maccmap.cc:114:fulladd$8552.C [0]
Optimized $__ICE40_CARRY_WRAPPER cell back to logic (without SB_CARRY) tcn_network_8ch_2layer.$auto$maccmap.cc:240:synth$6506.slice[0].carry: CO=$auto$maccmap.cc:114:fulladd$5865.C [0]
Optimized $__ICE40_CARRY_WRAPPER cell back to logic (without SB_CARRY) tcn_network_8ch_2layer.$auto$maccmap.cc:240:synth$6613.slice[0].carry: CO=1'0
Optimized $__ICE40_CARRY_WRAPPER cell back to logic (without SB_CARRY) tcn_network_8ch_2layer.$auto$maccmap.cc:240:synth$6628.slice[0].carry: CO=1'0
Optimized $__ICE40_CARRY_WRAPPER cell back to logic (without SB_CARRY) tcn_network_8ch_2layer.$auto$maccmap.cc:240:synth$6741.slice[0].carry: CO=1'0
Optimized $__ICE40_CARRY_WRAPPER cell back to logic (without SB_CARRY) tcn_network_8ch_2layer.$auto$maccmap.cc:240:synth$6747.slice[0].carry: CO=$auto$maccmap.cc:114:fulladd$6200.A [0]
Optimized $__ICE40_CARRY_WRAPPER cell back to logic (without SB_CARRY) tcn_network_8ch_2layer.$auto$maccmap.cc:240:synth$6753.slice[0].carry: CO=$auto$maccmap.cc:114:fulladd$8044.B [0]
Optimized $__ICE40_CARRY_WRAPPER cell back to logic (without SB_CARRY) tcn_network_8ch_2layer.$auto$maccmap.cc:240:synth$6863.slice[0].carry: CO=1'0
Optimized $__ICE40_CARRY_WRAPPER cell back to logic (without SB_CARRY) tcn_network_8ch_2layer.$auto$maccmap.cc:240:synth$6878.slice[0].carry: CO=1'0
Optimized $__ICE40_CARRY_WRAPPER cell back to logic (without SB_CARRY) tcn_network_8ch_2layer.$auto$maccmap.cc:240:synth$6893.slice[0].carry: CO=1'0
Optimized $__ICE40_CARRY_WRAPPER cell back to logic (without SB_CARRY) tcn_network_8ch_2layer.$auto$maccmap.cc:240:synth$6908.slice[0].carry: CO=1'0
Optimized $__ICE40_CARRY_WRAPPER cell back to logic (without SB_CARRY) tcn_network_8ch_2layer.$auto$maccmap.cc:240:synth$7021.slice[0].carry: CO=1'0
Optimized $__ICE40_CARRY_WRAPPER cell back to logic (without SB_CARRY) tcn_network_8ch_2layer.$auto$maccmap.cc:240:synth$7036.slice[0].carry: CO=1'0
Optimized $__ICE40_CARRY_WRAPPER cell back to logic (without SB_CARRY) tcn_network_8ch_2layer.$auto$maccmap.cc:240:synth$7051.slice[0].carry: CO=1'0
Optimized $__ICE40_CARRY_WRAPPER cell back to logic (without SB_CARRY) tcn_network_8ch_2layer.$auto$maccmap.cc:240:synth$7066.slice[0].carry: CO=1'0
Optimized $__ICE40_CARRY_WRAPPER cell back to logic (without SB_CARRY) tcn_network_8ch_2layer.$auto$maccmap.cc:240:synth$7081.slice[0].carry: CO=1'0
Optimized $__ICE40_CARRY_WRAPPER cell back to logic (without SB_CARRY) tcn_network_8ch_2layer.$auto$maccmap.cc:240:synth$7087.slice[0].carry: CO=$auto$maccmap.cc:114:fulladd$6942.A [0]
Optimized $__ICE40_CARRY_WRAPPER cell back to logic (without SB_CARRY) tcn_network_8ch_2layer.$auto$maccmap.cc:240:synth$7102.slice[0].carry: CO=1'0
Optimized $__ICE40_CARRY_WRAPPER cell back to logic (without SB_CARRY) tcn_network_8ch_2layer.$auto$maccmap.cc:240:synth$7117.slice[0].carry: CO=1'0
Optimized $__ICE40_CARRY_WRAPPER cell back to logic (without SB_CARRY) tcn_network_8ch_2layer.$auto$maccmap.cc:240:synth$7123.slice[0].carry: CO=$auto$maccmap.cc:114:fulladd$5865.A [0]
Optimized $__ICE40_CARRY_WRAPPER cell back to logic (without SB_CARRY) tcn_network_8ch_2layer.$auto$maccmap.cc:240:synth$7138.slice[0].carry: CO=1'0
Optimized $__ICE40_CARRY_WRAPPER cell back to logic (without SB_CARRY) tcn_network_8ch_2layer.$auto$maccmap.cc:240:synth$7144.slice[0].carry: CO=$auto$maccmap.cc:114:fulladd$9201.C [0]
Optimized $__ICE40_CARRY_WRAPPER cell back to logic (without SB_CARRY) tcn_network_8ch_2layer.$auto$maccmap.cc:240:synth$7150.slice[0].carry: CO=$auto$maccmap.cc:114:fulladd$9201.A [0]
Optimized $__ICE40_CARRY_WRAPPER cell back to logic (without SB_CARRY) tcn_network_8ch_2layer.$auto$maccmap.cc:240:synth$7165.slice[0].carry: CO=1'0
Optimized $__ICE40_CARRY_WRAPPER cell back to logic (without SB_CARRY) tcn_network_8ch_2layer.$auto$maccmap.cc:240:synth$7180.slice[0].carry: CO=1'0
Optimized $__ICE40_CARRY_WRAPPER cell back to logic (without SB_CARRY) tcn_network_8ch_2layer.$auto$maccmap.cc:240:synth$7186.slice[0].carry: CO=$auto$maccmap.cc:114:fulladd$9201.B [0]
Optimized $__ICE40_CARRY_WRAPPER cell back to logic (without SB_CARRY) tcn_network_8ch_2layer.$auto$maccmap.cc:240:synth$7201.slice[0].carry: CO=1'0
Optimized $__ICE40_CARRY_WRAPPER cell back to logic (without SB_CARRY) tcn_network_8ch_2layer.$auto$maccmap.cc:240:synth$7216.slice[0].carry: CO=1'0
Optimized $__ICE40_CARRY_WRAPPER cell back to logic (without SB_CARRY) tcn_network_8ch_2layer.$auto$maccmap.cc:240:synth$7231.slice[0].carry: CO=1'0
Optimized $__ICE40_CARRY_WRAPPER cell back to logic (without SB_CARRY) tcn_network_8ch_2layer.$auto$maccmap.cc:240:synth$7246.slice[0].carry: CO=1'0
Optimized $__ICE40_CARRY_WRAPPER cell back to logic (without SB_CARRY) tcn_network_8ch_2layer.$auto$maccmap.cc:240:synth$7261.slice[0].carry: CO=1'0
Optimized $__ICE40_CARRY_WRAPPER cell back to logic (without SB_CARRY) tcn_network_8ch_2layer.$auto$maccmap.cc:240:synth$7267.slice[0].carry: CO=$auto$maccmap.cc:114:fulladd$9204.A [0]
Optimized $__ICE40_CARRY_WRAPPER cell back to logic (without SB_CARRY) tcn_network_8ch_2layer.$auto$maccmap.cc:240:synth$7273.slice[0].carry: CO=$auto$maccmap.cc:114:fulladd$5288.B [0]
Optimized $__ICE40_CARRY_WRAPPER cell back to logic (without SB_CARRY) tcn_network_8ch_2layer.$auto$maccmap.cc:240:synth$7288.slice[0].carry: CO=1'0
Optimized $__ICE40_CARRY_WRAPPER cell back to logic (without SB_CARRY) tcn_network_8ch_2layer.$auto$maccmap.cc:240:synth$7950.slice[0].carry: CO=1'0
Optimized $__ICE40_CARRY_WRAPPER cell back to logic (without SB_CARRY) tcn_network_8ch_2layer.$auto$maccmap.cc:240:synth$7956.slice[0].carry: CO=$auto$maccmap.cc:114:fulladd$5847.t1 [0]
Optimized $__ICE40_CARRY_WRAPPER cell back to logic (without SB_CARRY) tcn_network_8ch_2layer.$auto$maccmap.cc:240:synth$7971.slice[0].carry: CO=1'0
Optimized $__ICE40_CARRY_WRAPPER cell back to logic (without SB_CARRY) tcn_network_8ch_2layer.$auto$maccmap.cc:240:synth$7986.slice[0].carry: CO=1'0
Optimized $__ICE40_CARRY_WRAPPER cell back to logic (without SB_CARRY) tcn_network_8ch_2layer.$auto$maccmap.cc:240:synth$7992.slice[0].carry: CO=$auto$maccmap.cc:114:fulladd$5862.C [0]
Optimized $__ICE40_CARRY_WRAPPER cell back to logic (without SB_CARRY) tcn_network_8ch_2layer.$auto$maccmap.cc:240:synth$8007.slice[0].carry: CO=1'0
Optimized $__ICE40_CARRY_WRAPPER cell back to logic (without SB_CARRY) tcn_network_8ch_2layer.$auto$maccmap.cc:240:synth$8013.slice[0].carry: CO=$auto$maccmap.cc:114:fulladd$5285.C [0]
Optimized $__ICE40_CARRY_WRAPPER cell back to logic (without SB_CARRY) tcn_network_8ch_2layer.$auto$maccmap.cc:240:synth$8019.slice[0].carry: CO=$auto$maccmap.cc:114:fulladd$5482.C [0]
Optimized $__ICE40_CARRY_WRAPPER cell back to logic (without SB_CARRY) tcn_network_8ch_2layer.$auto$maccmap.cc:240:synth$8132.slice[0].carry: CO=1'0
Optimized $__ICE40_CARRY_WRAPPER cell back to logic (without SB_CARRY) tcn_network_8ch_2layer.$auto$maccmap.cc:240:synth$8138.slice[0].carry: CO=$auto$maccmap.cc:114:fulladd$8283.C [0]
Optimized $__ICE40_CARRY_WRAPPER cell back to logic (without SB_CARRY) tcn_network_8ch_2layer.$auto$maccmap.cc:240:synth$8144.slice[0].carry: CO=$auto$maccmap.cc:114:fulladd$5285.A [0]
Optimized $__ICE40_CARRY_WRAPPER cell back to logic (without SB_CARRY) tcn_network_8ch_2layer.$auto$maccmap.cc:240:synth$8162.slice[0].carry: CO=1'0
Optimized $__ICE40_CARRY_WRAPPER cell back to logic (without SB_CARRY) tcn_network_8ch_2layer.$auto$maccmap.cc:240:synth$8177.slice[0].carry: CO=1'0
Optimized $__ICE40_CARRY_WRAPPER cell back to logic (without SB_CARRY) tcn_network_8ch_2layer.$auto$maccmap.cc:240:synth$8192.slice[0].carry: CO=1'0
Optimized $__ICE40_CARRY_WRAPPER cell back to logic (without SB_CARRY) tcn_network_8ch_2layer.$auto$maccmap.cc:240:synth$8207.slice[0].carry: CO=1'0
Optimized $__ICE40_CARRY_WRAPPER cell back to logic (without SB_CARRY) tcn_network_8ch_2layer.$auto$maccmap.cc:240:synth$8213.slice[0].carry: CO=$auto$maccmap.cc:114:fulladd$6775.A [0]
Optimized $__ICE40_CARRY_WRAPPER cell back to logic (without SB_CARRY) tcn_network_8ch_2layer.$auto$maccmap.cc:240:synth$8219.slice[0].carry: CO=$auto$maccmap.cc:114:fulladd$6775.B [0]
Optimized $__ICE40_CARRY_WRAPPER cell back to logic (without SB_CARRY) tcn_network_8ch_2layer.$auto$maccmap.cc:240:synth$8234.slice[0].carry: CO=1'0
Optimized $__ICE40_CARRY_WRAPPER cell back to logic (without SB_CARRY) tcn_network_8ch_2layer.$auto$maccmap.cc:240:synth$8240.slice[0].carry: CO=$auto$maccmap.cc:114:fulladd$6772.B [0]
Optimized $__ICE40_CARRY_WRAPPER cell back to logic (without SB_CARRY) tcn_network_8ch_2layer.$auto$maccmap.cc:240:synth$8255.slice[0].carry: CO=1'0
Optimized $__ICE40_CARRY_WRAPPER cell back to logic (without SB_CARRY) tcn_network_8ch_2layer.$auto$maccmap.cc:240:synth$8261.slice[0].carry: CO=$auto$maccmap.cc:114:fulladd$6772.A [0]
Optimized $__ICE40_CARRY_WRAPPER cell back to logic (without SB_CARRY) tcn_network_8ch_2layer.$auto$maccmap.cc:240:synth$8267.slice[0].carry: CO=$auto$maccmap.cc:114:fulladd$5635.A [0]
Optimized $__ICE40_CARRY_WRAPPER cell back to logic (without SB_CARRY) tcn_network_8ch_2layer.$auto$maccmap.cc:240:synth$8380.slice[0].carry: CO=1'0
Optimized $__ICE40_CARRY_WRAPPER cell back to logic (without SB_CARRY) tcn_network_8ch_2layer.$auto$maccmap.cc:240:synth$8386.slice[0].carry: CO=$auto$maccmap.cc:114:fulladd$6200.B [0]
Optimized $__ICE40_CARRY_WRAPPER cell back to logic (without SB_CARRY) tcn_network_8ch_2layer.$auto$maccmap.cc:240:synth$8392.slice[0].carry: CO=$auto$maccmap.cc:114:fulladd$5285.B [0]
Optimized $__ICE40_CARRY_WRAPPER cell back to logic (without SB_CARRY) tcn_network_8ch_2layer.$auto$maccmap.cc:240:synth$8398.slice[0].carry: CO=$auto$maccmap.cc:114:fulladd$6023.B [0]
Optimized $__ICE40_CARRY_WRAPPER cell back to logic (without SB_CARRY) tcn_network_8ch_2layer.$auto$maccmap.cc:240:synth$8413.slice[0].carry: CO=1'0
Optimized $__ICE40_CARRY_WRAPPER cell back to logic (without SB_CARRY) tcn_network_8ch_2layer.$auto$maccmap.cc:240:synth$8419.slice[0].carry: CO=$auto$maccmap.cc:114:fulladd$6023.A [0]
Optimized $__ICE40_CARRY_WRAPPER cell back to logic (without SB_CARRY) tcn_network_8ch_2layer.$auto$maccmap.cc:240:synth$8425.slice[0].carry: CO=$auto$maccmap.cc:114:fulladd$6020.C [0]
Optimized $__ICE40_CARRY_WRAPPER cell back to logic (without SB_CARRY) tcn_network_8ch_2layer.$auto$maccmap.cc:240:synth$8431.slice[0].carry: CO=$auto$maccmap.cc:114:fulladd$6939.C [0]
Optimized $__ICE40_CARRY_WRAPPER cell back to logic (without SB_CARRY) tcn_network_8ch_2layer.$auto$maccmap.cc:240:synth$8446.slice[0].carry: CO=1'0
Optimized $__ICE40_CARRY_WRAPPER cell back to logic (without SB_CARRY) tcn_network_8ch_2layer.$auto$maccmap.cc:240:synth$8452.slice[0].carry: CO=$auto$maccmap.cc:114:fulladd$6020.B [0]
Optimized $__ICE40_CARRY_WRAPPER cell back to logic (without SB_CARRY) tcn_network_8ch_2layer.$auto$maccmap.cc:240:synth$8467.slice[0].carry: CO=1'0
Optimized $__ICE40_CARRY_WRAPPER cell back to logic (without SB_CARRY) tcn_network_8ch_2layer.$auto$maccmap.cc:240:synth$8482.slice[0].carry: CO=1'0
Optimized $__ICE40_CARRY_WRAPPER cell back to logic (without SB_CARRY) tcn_network_8ch_2layer.$auto$maccmap.cc:240:synth$8497.slice[0].carry: CO=1'0
Optimized $__ICE40_CARRY_WRAPPER cell back to logic (without SB_CARRY) tcn_network_8ch_2layer.$auto$maccmap.cc:240:synth$8503.slice[0].carry: CO=$auto$maccmap.cc:114:fulladd$8283.B [0]
Optimized $__ICE40_CARRY_WRAPPER cell back to logic (without SB_CARRY) tcn_network_8ch_2layer.$auto$maccmap.cc:240:synth$8518.slice[0].carry: CO=1'0
Optimized $__ICE40_CARRY_WRAPPER cell back to logic (without SB_CARRY) tcn_network_8ch_2layer.$auto$maccmap.cc:240:synth$8533.slice[0].carry: CO=1'0
Optimized $__ICE40_CARRY_WRAPPER cell back to logic (without SB_CARRY) tcn_network_8ch_2layer.$auto$maccmap.cc:240:synth$8643.slice[0].carry: CO=1'0
Optimized $__ICE40_CARRY_WRAPPER cell back to logic (without SB_CARRY) tcn_network_8ch_2layer.$auto$maccmap.cc:240:synth$8658.slice[0].carry: CO=1'0
Optimized $__ICE40_CARRY_WRAPPER cell back to logic (without SB_CARRY) tcn_network_8ch_2layer.$auto$maccmap.cc:240:synth$8664.slice[0].carry: CO=$auto$maccmap.cc:114:fulladd$5635.B [0]
Optimized $__ICE40_CARRY_WRAPPER cell back to logic (without SB_CARRY) tcn_network_8ch_2layer.$auto$maccmap.cc:240:synth$8679.slice[0].carry: CO=1'0
Optimized $__ICE40_CARRY_WRAPPER cell back to logic (without SB_CARRY) tcn_network_8ch_2layer.$auto$maccmap.cc:240:synth$8685.slice[0].carry: CO=$auto$maccmap.cc:114:fulladd$8286.B [0]
Optimized $__ICE40_CARRY_WRAPPER cell back to logic (without SB_CARRY) tcn_network_8ch_2layer.$auto$maccmap.cc:240:synth$8700.slice[0].carry: CO=1'0
Optimized $__ICE40_CARRY_WRAPPER cell back to logic (without SB_CARRY) tcn_network_8ch_2layer.$auto$maccmap.cc:240:synth$8715.slice[0].carry: CO=1'0
Optimized $__ICE40_CARRY_WRAPPER cell back to logic (without SB_CARRY) tcn_network_8ch_2layer.$auto$maccmap.cc:240:synth$8721.slice[0].carry: CO=$auto$maccmap.cc:114:fulladd$8286.C [0]
Optimized $__ICE40_CARRY_WRAPPER cell back to logic (without SB_CARRY) tcn_network_8ch_2layer.$auto$maccmap.cc:240:synth$8736.slice[0].carry: CO=1'0
Optimized $__ICE40_CARRY_WRAPPER cell back to logic (without SB_CARRY) tcn_network_8ch_2layer.$auto$maccmap.cc:240:synth$8742.slice[0].carry: CO=$auto$maccmap.cc:114:fulladd$5635.C [0]
Optimized $__ICE40_CARRY_WRAPPER cell back to logic (without SB_CARRY) tcn_network_8ch_2layer.$auto$maccmap.cc:240:synth$8748.slice[0].carry: CO=$auto$maccmap.cc:114:fulladd$8920.B [0]
Optimized $__ICE40_CARRY_WRAPPER cell back to logic (without SB_CARRY) tcn_network_8ch_2layer.$auto$maccmap.cc:240:synth$8754.slice[0].carry: CO=$auto$maccmap.cc:114:fulladd$6942.C [0]
Optimized $__ICE40_CARRY_WRAPPER cell back to logic (without SB_CARRY) tcn_network_8ch_2layer.$auto$maccmap.cc:240:synth$8769.slice[0].carry: CO=1'0
Optimized $__ICE40_CARRY_WRAPPER cell back to logic (without SB_CARRY) tcn_network_8ch_2layer.$auto$maccmap.cc:240:synth$8775.slice[0].carry: CO=$auto$maccmap.cc:114:fulladd$8920.C [0]
Optimized $__ICE40_CARRY_WRAPPER cell back to logic (without SB_CARRY) tcn_network_8ch_2layer.$auto$maccmap.cc:240:synth$8781.slice[0].carry: CO=$auto$maccmap.cc:114:fulladd$8923.A [0]
Optimized $__ICE40_CARRY_WRAPPER cell back to logic (without SB_CARRY) tcn_network_8ch_2layer.$auto$maccmap.cc:240:synth$8796.slice[0].carry: CO=1'0
Optimized $__ICE40_CARRY_WRAPPER cell back to logic (without SB_CARRY) tcn_network_8ch_2layer.$auto$maccmap.cc:240:synth$8802.slice[0].carry: CO=$auto$maccmap.cc:114:fulladd$8923.B [0]
Optimized $__ICE40_CARRY_WRAPPER cell back to logic (without SB_CARRY) tcn_network_8ch_2layer.$auto$maccmap.cc:240:synth$8817.slice[0].carry: CO=1'0
Optimized $__ICE40_CARRY_WRAPPER cell back to logic (without SB_CARRY) tcn_network_8ch_2layer.$auto$maccmap.cc:240:synth$8823.slice[0].carry: CO=$auto$maccmap.cc:114:fulladd$6939.B [0]
Optimized $__ICE40_CARRY_WRAPPER cell back to logic (without SB_CARRY) tcn_network_8ch_2layer.$auto$maccmap.cc:240:synth$8829.slice[0].carry: CO=$auto$maccmap.cc:114:fulladd$5485.C [0]
Optimized $__ICE40_CARRY_WRAPPER cell back to logic (without SB_CARRY) tcn_network_8ch_2layer.$auto$maccmap.cc:240:synth$8835.slice[0].carry: CO=$auto$maccmap.cc:114:fulladd$6522.C [0]
Optimized $__ICE40_CARRY_WRAPPER cell back to logic (without SB_CARRY) tcn_network_8ch_2layer.$auto$maccmap.cc:240:synth$8841.slice[0].carry: CO=$auto$maccmap.cc:114:fulladd$8923.C [0]
Optimized $__ICE40_CARRY_WRAPPER cell back to logic (without SB_CARRY) tcn_network_8ch_2layer.$auto$maccmap.cc:240:synth$8847.slice[0].carry: CO=$auto$maccmap.cc:114:fulladd$6540.B [0]
Optimized $__ICE40_CARRY_WRAPPER cell back to logic (without SB_CARRY) tcn_network_8ch_2layer.$auto$maccmap.cc:240:synth$8853.slice[0].carry: CO=$auto$maccmap.cc:114:fulladd$5632.B [0]
Optimized $__ICE40_CARRY_WRAPPER cell back to logic (without SB_CARRY) tcn_network_8ch_2layer.$auto$maccmap.cc:240:synth$8859.slice[0].carry: CO=$auto$maccmap.cc:114:fulladd$6525.A [0]
Optimized $__ICE40_CARRY_WRAPPER cell back to logic (without SB_CARRY) tcn_network_8ch_2layer.$auto$maccmap.cc:240:synth$8874.slice[0].carry: CO=1'0
Optimized $__ICE40_CARRY_WRAPPER cell back to logic (without SB_CARRY) tcn_network_8ch_2layer.$auto$maccmap.cc:240:synth$8889.slice[0].carry: CO=1'0
Optimized $__ICE40_CARRY_WRAPPER cell back to logic (without SB_CARRY) tcn_network_8ch_2layer.$auto$maccmap.cc:240:synth$8904.slice[0].carry: CO=1'0
Optimized $__ICE40_CARRY_WRAPPER cell back to logic (without SB_CARRY) tcn_network_8ch_2layer.$auto$maccmap.cc:240:synth$9014.slice[0].carry: CO=1'0
Optimized $__ICE40_CARRY_WRAPPER cell back to logic (without SB_CARRY) tcn_network_8ch_2layer.$auto$maccmap.cc:240:synth$9029.slice[0].carry: CO=1'0
Optimized $__ICE40_CARRY_WRAPPER cell back to logic (without SB_CARRY) tcn_network_8ch_2layer.$auto$maccmap.cc:240:synth$9044.slice[0].carry: CO=1'0
Optimized $__ICE40_CARRY_WRAPPER cell back to logic (without SB_CARRY) tcn_network_8ch_2layer.$auto$maccmap.cc:240:synth$9050.slice[0].carry: CO=$auto$maccmap.cc:114:fulladd$6388.C [0]
Optimized $__ICE40_CARRY_WRAPPER cell back to logic (without SB_CARRY) tcn_network_8ch_2layer.$auto$maccmap.cc:240:synth$9065.slice[0].carry: CO=1'0
Optimized $__ICE40_CARRY_WRAPPER cell back to logic (without SB_CARRY) tcn_network_8ch_2layer.$auto$maccmap.cc:240:synth$9080.slice[0].carry: CO=1'0
Optimized $__ICE40_CARRY_WRAPPER cell back to logic (without SB_CARRY) tcn_network_8ch_2layer.$auto$maccmap.cc:240:synth$9086.slice[0].carry: CO=$auto$maccmap.cc:114:fulladd$5862.B [0]
Optimized $__ICE40_CARRY_WRAPPER cell back to logic (without SB_CARRY) tcn_network_8ch_2layer.$auto$maccmap.cc:240:synth$9092.slice[0].carry: CO=$auto$maccmap.cc:114:fulladd$5467.t1 [0]
Optimized $__ICE40_CARRY_WRAPPER cell back to logic (without SB_CARRY) tcn_network_8ch_2layer.$auto$maccmap.cc:240:synth$9107.slice[0].carry: CO=1'0
Optimized $__ICE40_CARRY_WRAPPER cell back to logic (without SB_CARRY) tcn_network_8ch_2layer.$auto$maccmap.cc:240:synth$9125.slice[0].carry: CO=1'0
Optimized $__ICE40_CARRY_WRAPPER cell back to logic (without SB_CARRY) tcn_network_8ch_2layer.$auto$maccmap.cc:240:synth$9131.slice[0].carry: CO=$auto$maccmap.cc:114:fulladd$6385.B [0]
Optimized $__ICE40_CARRY_WRAPPER cell back to logic (without SB_CARRY) tcn_network_8ch_2layer.$auto$maccmap.cc:240:synth$9146.slice[0].carry: CO=1'0
Optimized $__ICE40_CARRY_WRAPPER cell back to logic (without SB_CARRY) tcn_network_8ch_2layer.$auto$maccmap.cc:240:synth$9161.slice[0].carry: CO=1'0
Optimized $__ICE40_CARRY_WRAPPER cell back to logic (without SB_CARRY) tcn_network_8ch_2layer.$auto$maccmap.cc:240:synth$9176.slice[0].carry: CO=1'0
Optimized $__ICE40_CARRY_WRAPPER cell back to logic (without SB_CARRY) tcn_network_8ch_2layer.$auto$maccmap.cc:240:synth$9289.slice[0].carry: CO=1'0
Optimized $__ICE40_CARRY_WRAPPER cell back to logic (without SB_CARRY) tcn_network_8ch_2layer.$auto$maccmap.cc:240:synth$9295.slice[0].carry: CO=$auto$maccmap.cc:114:fulladd$5485.B [0]
Optimized $__ICE40_CARRY_WRAPPER cell back to logic (without SB_CARRY) tcn_network_8ch_2layer.$auto$maccmap.cc:240:synth$9301.slice[0].carry: CO=$auto$maccmap.cc:114:fulladd$6385.C [0]
Optimized $__ICE40_CARRY_WRAPPER cell back to logic (without SB_CARRY) tcn_network_8ch_2layer.$auto$maccmap.cc:240:synth$9307.slice[0].carry: CO=$auto$maccmap.cc:114:fulladd$8044.C [0]
Optimized $__ICE40_CARRY_WRAPPER cell back to logic (without SB_CARRY) tcn_network_8ch_2layer.$auto$maccmap.cc:240:synth$9313.slice[0].carry: CO=$auto$maccmap.cc:114:fulladd$5485.A [0]
Optimized $__ICE40_CARRY_WRAPPER cell back to logic (without SB_CARRY) tcn_network_8ch_2layer.$auto$maccmap.cc:240:synth$9328.slice[0].carry: CO=1'0
Optimized $__ICE40_CARRY_WRAPPER cell back to logic (without SB_CARRY) tcn_network_8ch_2layer.$auto$maccmap.cc:240:synth$9334.slice[0].carry: CO=$auto$maccmap.cc:114:fulladd$9198.C [0]
Optimized $__ICE40_CARRY_WRAPPER cell back to logic (without SB_CARRY) tcn_network_8ch_2layer.$auto$maccmap.cc:240:synth$9340.slice[0].carry: CO=$auto$maccmap.cc:114:fulladd$5482.B [0]

3.33.2. Executing OPT_EXPR pass (perform const folding).
Optimizing module tcn_network_8ch_2layer.

3.33.3. Executing OPT_MERGE pass (detect identical cells).
Finding identical cells in module `\tcn_network_8ch_2layer'.
Removed a total of 0 cells.

3.33.4. Executing OPT_DFF pass (perform DFF optimizations).

3.33.5. Executing OPT_CLEAN pass (remove unused cells and wires).
Finding unused cells or wires in module \tcn_network_8ch_2layer..
Removed 8 unused cells and 0 unused wires.
<suppressed ~8 debug messages>

3.33.6. Rerunning OPT passes. (Removed registers in this run.)

3.33.7. Running ICE40 specific optimizations.
Optimized $__ICE40_CARRY_WRAPPER cell back to logic (without SB_CARRY) tcn_network_8ch_2layer.$auto$maccmap.cc:240:synth$4804.slice[1].carry: CO=1'0
Optimized $__ICE40_CARRY_WRAPPER cell back to logic (without SB_CARRY) tcn_network_8ch_2layer.$auto$maccmap.cc:240:synth$5245.slice[1].carry: CO=1'0
Optimized $__ICE40_CARRY_WRAPPER cell back to logic (without SB_CARRY) tcn_network_8ch_2layer.$auto$maccmap.cc:240:synth$5260.slice[1].carry: CO=1'0
Optimized $__ICE40_CARRY_WRAPPER cell back to logic (without SB_CARRY) tcn_network_8ch_2layer.$auto$maccmap.cc:240:synth$5379.slice[1].carry: CO=1'0
Optimized $__ICE40_CARRY_WRAPPER cell back to logic (without SB_CARRY) tcn_network_8ch_2layer.$auto$maccmap.cc:240:synth$5394.slice[1].carry: CO=1'0
Optimized $__ICE40_CARRY_WRAPPER cell back to logic (without SB_CARRY) tcn_network_8ch_2layer.$auto$maccmap.cc:240:synth$5427.slice[1].carry: CO=1'0
Optimized $__ICE40_CARRY_WRAPPER cell back to logic (without SB_CARRY) tcn_network_8ch_2layer.$auto$maccmap.cc:240:synth$5564.slice[1].carry: CO=1'0
Optimized $__ICE40_CARRY_WRAPPER cell back to logic (without SB_CARRY) tcn_network_8ch_2layer.$auto$maccmap.cc:240:synth$5571.slice[1].carry: CO=1'0
Optimized $__ICE40_CARRY_WRAPPER cell back to logic (without SB_CARRY) tcn_network_8ch_2layer.$auto$maccmap.cc:240:synth$5586.slice[1].carry: CO=1'0
Optimized $__ICE40_CARRY_WRAPPER cell back to logic (without SB_CARRY) tcn_network_8ch_2layer.$auto$maccmap.cc:240:synth$5601.slice[1].carry: CO=1'0
Optimized $__ICE40_CARRY_WRAPPER cell back to logic (without SB_CARRY) tcn_network_8ch_2layer.$auto$maccmap.cc:240:synth$5708.slice[1].carry: CO=1'0
Optimized $__ICE40_CARRY_WRAPPER cell back to logic (without SB_CARRY) tcn_network_8ch_2layer.$auto$maccmap.cc:240:synth$5723.slice[1].carry: CO=1'0
Optimized $__ICE40_CARRY_WRAPPER cell back to logic (without SB_CARRY) tcn_network_8ch_2layer.$auto$maccmap.cc:240:synth$5738.slice[1].carry: CO=1'0
Optimized $__ICE40_CARRY_WRAPPER cell back to logic (without SB_CARRY) tcn_network_8ch_2layer.$auto$maccmap.cc:240:synth$5765.slice[1].carry: CO=1'0
Optimized $__ICE40_CARRY_WRAPPER cell back to logic (without SB_CARRY) tcn_network_8ch_2layer.$auto$maccmap.cc:240:synth$5780.slice[1].carry: CO=1'0
Optimized $__ICE40_CARRY_WRAPPER cell back to logic (without SB_CARRY) tcn_network_8ch_2layer.$auto$maccmap.cc:240:synth$5795.slice[1].carry: CO=1'0
Optimized $__ICE40_CARRY_WRAPPER cell back to logic (without SB_CARRY) tcn_network_8ch_2layer.$auto$maccmap.cc:240:synth$5810.slice[1].carry: CO=1'0
Optimized $__ICE40_CARRY_WRAPPER cell back to logic (without SB_CARRY) tcn_network_8ch_2layer.$auto$maccmap.cc:240:synth$5831.slice[1].carry: CO=1'0
Optimized $__ICE40_CARRY_WRAPPER cell back to logic (without SB_CARRY) tcn_network_8ch_2layer.$auto$maccmap.cc:240:synth$5941.slice[1].carry: CO=1'0
Optimized $__ICE40_CARRY_WRAPPER cell back to logic (without SB_CARRY) tcn_network_8ch_2layer.$auto$maccmap.cc:240:synth$5956.slice[1].carry: CO=1'0
Optimized $__ICE40_CARRY_WRAPPER cell back to logic (without SB_CARRY) tcn_network_8ch_2layer.$auto$maccmap.cc:240:synth$5977.slice[1].carry: CO=1'0
Optimized $__ICE40_CARRY_WRAPPER cell back to logic (without SB_CARRY) tcn_network_8ch_2layer.$auto$maccmap.cc:240:synth$5992.slice[1].carry: CO=1'0
Optimized $__ICE40_CARRY_WRAPPER cell back to logic (without SB_CARRY) tcn_network_8ch_2layer.$auto$maccmap.cc:240:synth$6117.slice[1].carry: CO=1'0
Optimized $__ICE40_CARRY_WRAPPER cell back to logic (without SB_CARRY) tcn_network_8ch_2layer.$auto$maccmap.cc:240:synth$6124.slice[1].carry: CO=1'0
Optimized $__ICE40_CARRY_WRAPPER cell back to logic (without SB_CARRY) tcn_network_8ch_2layer.$auto$maccmap.cc:240:synth$6139.slice[1].carry: CO=1'0
Optimized $__ICE40_CARRY_WRAPPER cell back to logic (without SB_CARRY) tcn_network_8ch_2layer.$auto$maccmap.cc:240:synth$6178.slice[1].carry: CO=1'0
Optimized $__ICE40_CARRY_WRAPPER cell back to logic (without SB_CARRY) tcn_network_8ch_2layer.$auto$maccmap.cc:240:synth$6291.slice[1].carry: CO=1'0
Optimized $__ICE40_CARRY_WRAPPER cell back to logic (without SB_CARRY) tcn_network_8ch_2layer.$auto$maccmap.cc:240:synth$6324.slice[1].carry: CO=1'0
Optimized $__ICE40_CARRY_WRAPPER cell back to logic (without SB_CARRY) tcn_network_8ch_2layer.$auto$maccmap.cc:240:synth$6339.slice[1].carry: CO=1'0
Optimized $__ICE40_CARRY_WRAPPER cell back to logic (without SB_CARRY) tcn_network_8ch_2layer.$auto$maccmap.cc:240:synth$6354.slice[1].carry: CO=1'0
Optimized $__ICE40_CARRY_WRAPPER cell back to logic (without SB_CARRY) tcn_network_8ch_2layer.$auto$maccmap.cc:240:synth$6369.slice[1].carry: CO=1'0
Optimized $__ICE40_CARRY_WRAPPER cell back to logic (without SB_CARRY) tcn_network_8ch_2layer.$auto$maccmap.cc:240:synth$6482.slice[1].carry: CO=1'0
Optimized $__ICE40_CARRY_WRAPPER cell back to logic (without SB_CARRY) tcn_network_8ch_2layer.$auto$maccmap.cc:240:synth$6613.slice[1].carry: CO=1'0
Optimized $__ICE40_CARRY_WRAPPER cell back to logic (without SB_CARRY) tcn_network_8ch_2layer.$auto$maccmap.cc:240:synth$6628.slice[1].carry: CO=1'0
Optimized $__ICE40_CARRY_WRAPPER cell back to logic (without SB_CARRY) tcn_network_8ch_2layer.$auto$maccmap.cc:240:synth$6741.slice[1].carry: CO=1'0
Optimized $__ICE40_CARRY_WRAPPER cell back to logic (without SB_CARRY) tcn_network_8ch_2layer.$auto$maccmap.cc:240:synth$6863.slice[1].carry: CO=1'0
Optimized $__ICE40_CARRY_WRAPPER cell back to logic (without SB_CARRY) tcn_network_8ch_2layer.$auto$maccmap.cc:240:synth$6878.slice[1].carry: CO=1'0
Optimized $__ICE40_CARRY_WRAPPER cell back to logic (without SB_CARRY) tcn_network_8ch_2layer.$auto$maccmap.cc:240:synth$6893.slice[1].carry: CO=1'0
Optimized $__ICE40_CARRY_WRAPPER cell back to logic (without SB_CARRY) tcn_network_8ch_2layer.$auto$maccmap.cc:240:synth$6908.slice[1].carry: CO=1'0
Optimized $__ICE40_CARRY_WRAPPER cell back to logic (without SB_CARRY) tcn_network_8ch_2layer.$auto$maccmap.cc:240:synth$7021.slice[1].carry: CO=1'0
Optimized $__ICE40_CARRY_WRAPPER cell back to logic (without SB_CARRY) tcn_network_8ch_2layer.$auto$maccmap.cc:240:synth$7036.slice[1].carry: CO=1'0
Optimized $__ICE40_CARRY_WRAPPER cell back to logic (without SB_CARRY) tcn_network_8ch_2layer.$auto$maccmap.cc:240:synth$7051.slice[1].carry: CO=1'0
Optimized $__ICE40_CARRY_WRAPPER cell back to logic (without SB_CARRY) tcn_network_8ch_2layer.$auto$maccmap.cc:240:synth$7066.slice[1].carry: CO=1'0
Optimized $__ICE40_CARRY_WRAPPER cell back to logic (without SB_CARRY) tcn_network_8ch_2layer.$auto$maccmap.cc:240:synth$7081.slice[1].carry: CO=1'0
Optimized $__ICE40_CARRY_WRAPPER cell back to logic (without SB_CARRY) tcn_network_8ch_2layer.$auto$maccmap.cc:240:synth$7102.slice[1].carry: CO=1'0
Optimized $__ICE40_CARRY_WRAPPER cell back to logic (without SB_CARRY) tcn_network_8ch_2layer.$auto$maccmap.cc:240:synth$7117.slice[1].carry: CO=1'0
Optimized $__ICE40_CARRY_WRAPPER cell back to logic (without SB_CARRY) tcn_network_8ch_2layer.$auto$maccmap.cc:240:synth$7138.slice[1].carry: CO=1'0
Optimized $__ICE40_CARRY_WRAPPER cell back to logic (without SB_CARRY) tcn_network_8ch_2layer.$auto$maccmap.cc:240:synth$7165.slice[1].carry: CO=1'0
Optimized $__ICE40_CARRY_WRAPPER cell back to logic (without SB_CARRY) tcn_network_8ch_2layer.$auto$maccmap.cc:240:synth$7180.slice[1].carry: CO=1'0
Optimized $__ICE40_CARRY_WRAPPER cell back to logic (without SB_CARRY) tcn_network_8ch_2layer.$auto$maccmap.cc:240:synth$7201.slice[1].carry: CO=1'0
Optimized $__ICE40_CARRY_WRAPPER cell back to logic (without SB_CARRY) tcn_network_8ch_2layer.$auto$maccmap.cc:240:synth$7216.slice[1].carry: CO=1'0
Optimized $__ICE40_CARRY_WRAPPER cell back to logic (without SB_CARRY) tcn_network_8ch_2layer.$auto$maccmap.cc:240:synth$7231.slice[1].carry: CO=1'0
Optimized $__ICE40_CARRY_WRAPPER cell back to logic (without SB_CARRY) tcn_network_8ch_2layer.$auto$maccmap.cc:240:synth$7246.slice[1].carry: CO=1'0
Optimized $__ICE40_CARRY_WRAPPER cell back to logic (without SB_CARRY) tcn_network_8ch_2layer.$auto$maccmap.cc:240:synth$7261.slice[1].carry: CO=1'0
Optimized $__ICE40_CARRY_WRAPPER cell back to logic (without SB_CARRY) tcn_network_8ch_2layer.$auto$maccmap.cc:240:synth$7288.slice[1].carry: CO=1'0
Optimized $__ICE40_CARRY_WRAPPER cell back to logic (without SB_CARRY) tcn_network_8ch_2layer.$auto$maccmap.cc:240:synth$7950.slice[1].carry: CO=1'0
Optimized $__ICE40_CARRY_WRAPPER cell back to logic (without SB_CARRY) tcn_network_8ch_2layer.$auto$maccmap.cc:240:synth$7971.slice[1].carry: CO=1'0
Optimized $__ICE40_CARRY_WRAPPER cell back to logic (without SB_CARRY) tcn_network_8ch_2layer.$auto$maccmap.cc:240:synth$7986.slice[1].carry: CO=1'0
Optimized $__ICE40_CARRY_WRAPPER cell back to logic (without SB_CARRY) tcn_network_8ch_2layer.$auto$maccmap.cc:240:synth$8007.slice[1].carry: CO=1'0
Optimized $__ICE40_CARRY_WRAPPER cell back to logic (without SB_CARRY) tcn_network_8ch_2layer.$auto$maccmap.cc:240:synth$8132.slice[1].carry: CO=1'0
Optimized $__ICE40_CARRY_WRAPPER cell back to logic (without SB_CARRY) tcn_network_8ch_2layer.$auto$maccmap.cc:240:synth$8162.slice[1].carry: CO=1'0
Optimized $__ICE40_CARRY_WRAPPER cell back to logic (without SB_CARRY) tcn_network_8ch_2layer.$auto$maccmap.cc:240:synth$8177.slice[1].carry: CO=1'0
Optimized $__ICE40_CARRY_WRAPPER cell back to logic (without SB_CARRY) tcn_network_8ch_2layer.$auto$maccmap.cc:240:synth$8192.slice[1].carry: CO=1'0
Optimized $__ICE40_CARRY_WRAPPER cell back to logic (without SB_CARRY) tcn_network_8ch_2layer.$auto$maccmap.cc:240:synth$8207.slice[1].carry: CO=1'0
Optimized $__ICE40_CARRY_WRAPPER cell back to logic (without SB_CARRY) tcn_network_8ch_2layer.$auto$maccmap.cc:240:synth$8234.slice[1].carry: CO=1'0
Optimized $__ICE40_CARRY_WRAPPER cell back to logic (without SB_CARRY) tcn_network_8ch_2layer.$auto$maccmap.cc:240:synth$8255.slice[1].carry: CO=1'0
Optimized $__ICE40_CARRY_WRAPPER cell back to logic (without SB_CARRY) tcn_network_8ch_2layer.$auto$maccmap.cc:240:synth$8380.slice[1].carry: CO=1'0
Optimized $__ICE40_CARRY_WRAPPER cell back to logic (without SB_CARRY) tcn_network_8ch_2layer.$auto$maccmap.cc:240:synth$8413.slice[1].carry: CO=1'0
Optimized $__ICE40_CARRY_WRAPPER cell back to logic (without SB_CARRY) tcn_network_8ch_2layer.$auto$maccmap.cc:240:synth$8446.slice[1].carry: CO=1'0
Optimized $__ICE40_CARRY_WRAPPER cell back to logic (without SB_CARRY) tcn_network_8ch_2layer.$auto$maccmap.cc:240:synth$8467.slice[1].carry: CO=1'0
Optimized $__ICE40_CARRY_WRAPPER cell back to logic (without SB_CARRY) tcn_network_8ch_2layer.$auto$maccmap.cc:240:synth$8482.slice[1].carry: CO=1'0
Optimized $__ICE40_CARRY_WRAPPER cell back to logic (without SB_CARRY) tcn_network_8ch_2layer.$auto$maccmap.cc:240:synth$8497.slice[1].carry: CO=1'0
Optimized $__ICE40_CARRY_WRAPPER cell back to logic (without SB_CARRY) tcn_network_8ch_2layer.$auto$maccmap.cc:240:synth$8518.slice[1].carry: CO=1'0
Optimized $__ICE40_CARRY_WRAPPER cell back to logic (without SB_CARRY) tcn_network_8ch_2layer.$auto$maccmap.cc:240:synth$8533.slice[1].carry: CO=1'0
Optimized $__ICE40_CARRY_WRAPPER cell back to logic (without SB_CARRY) tcn_network_8ch_2layer.$auto$maccmap.cc:240:synth$8643.slice[1].carry: CO=1'0
Optimized $__ICE40_CARRY_WRAPPER cell back to logic (without SB_CARRY) tcn_network_8ch_2layer.$auto$maccmap.cc:240:synth$8658.slice[1].carry: CO=1'0
Optimized $__ICE40_CARRY_WRAPPER cell back to logic (without SB_CARRY) tcn_network_8ch_2layer.$auto$maccmap.cc:240:synth$8679.slice[1].carry: CO=1'0
Optimized $__ICE40_CARRY_WRAPPER cell back to logic (without SB_CARRY) tcn_network_8ch_2layer.$auto$maccmap.cc:240:synth$8700.slice[1].carry: CO=1'0
Optimized $__ICE40_CARRY_WRAPPER cell back to logic (without SB_CARRY) tcn_network_8ch_2layer.$auto$maccmap.cc:240:synth$8715.slice[1].carry: CO=1'0
Optimized $__ICE40_CARRY_WRAPPER cell back to logic (without SB_CARRY) tcn_network_8ch_2layer.$auto$maccmap.cc:240:synth$8736.slice[1].carry: CO=1'0
Optimized $__ICE40_CARRY_WRAPPER cell back to logic (without SB_CARRY) tcn_network_8ch_2layer.$auto$maccmap.cc:240:synth$8769.slice[1].carry: CO=1'0
Optimized $__ICE40_CARRY_WRAPPER cell back to logic (without SB_CARRY) tcn_network_8ch_2layer.$auto$maccmap.cc:240:synth$8796.slice[1].carry: CO=1'0
Optimized $__ICE40_CARRY_WRAPPER cell back to logic (without SB_CARRY) tcn_network_8ch_2layer.$auto$maccmap.cc:240:synth$8817.slice[1].carry: CO=1'0
Optimized $__ICE40_CARRY_WRAPPER cell back to logic (without SB_CARRY) tcn_network_8ch_2layer.$auto$maccmap.cc:240:synth$8874.slice[1].carry: CO=1'0
Optimized $__ICE40_CARRY_WRAPPER cell back to logic (without SB_CARRY) tcn_network_8ch_2layer.$auto$maccmap.cc:240:synth$8889.slice[1].carry: CO=1'0
Optimized $__ICE40_CARRY_WRAPPER cell back to logic (without SB_CARRY) tcn_network_8ch_2layer.$auto$maccmap.cc:240:synth$8904.slice[1].carry: CO=1'0
Optimized $__ICE40_CARRY_WRAPPER cell back to logic (without SB_CARRY) tcn_network_8ch_2layer.$auto$maccmap.cc:240:synth$9014.slice[1].carry: CO=1'0
Optimized $__ICE40_CARRY_WRAPPER cell back to logic (without SB_CARRY) tcn_network_8ch_2layer.$auto$maccmap.cc:240:synth$9029.slice[1].carry: CO=1'0
Optimized $__ICE40_CARRY_WRAPPER cell back to logic (without SB_CARRY) tcn_network_8ch_2layer.$auto$maccmap.cc:240:synth$9044.slice[1].carry: CO=1'0
Optimized $__ICE40_CARRY_WRAPPER cell back to logic (without SB_CARRY) tcn_network_8ch_2layer.$auto$maccmap.cc:240:synth$9065.slice[1].carry: CO=1'0
Optimized $__ICE40_CARRY_WRAPPER cell back to logic (without SB_CARRY) tcn_network_8ch_2layer.$auto$maccmap.cc:240:synth$9080.slice[1].carry: CO=1'0
Optimized $__ICE40_CARRY_WRAPPER cell back to logic (without SB_CARRY) tcn_network_8ch_2layer.$auto$maccmap.cc:240:synth$9107.slice[1].carry: CO=1'0
Optimized $__ICE40_CARRY_WRAPPER cell back to logic (without SB_CARRY) tcn_network_8ch_2layer.$auto$maccmap.cc:240:synth$9146.slice[1].carry: CO=1'0
Optimized $__ICE40_CARRY_WRAPPER cell back to logic (without SB_CARRY) tcn_network_8ch_2layer.$auto$maccmap.cc:240:synth$9161.slice[1].carry: CO=1'0
Optimized $__ICE40_CARRY_WRAPPER cell back to logic (without SB_CARRY) tcn_network_8ch_2layer.$auto$maccmap.cc:240:synth$9176.slice[1].carry: CO=1'0
Optimized $__ICE40_CARRY_WRAPPER cell back to logic (without SB_CARRY) tcn_network_8ch_2layer.$auto$maccmap.cc:240:synth$9289.slice[1].carry: CO=1'0
Optimized $__ICE40_CARRY_WRAPPER cell back to logic (without SB_CARRY) tcn_network_8ch_2layer.$auto$maccmap.cc:240:synth$9328.slice[1].carry: CO=1'0

3.33.8. Executing OPT_EXPR pass (perform const folding).
Optimizing module tcn_network_8ch_2layer.

3.33.9. Executing OPT_MERGE pass (detect identical cells).
Finding identical cells in module `\tcn_network_8ch_2layer'.
Removed a total of 0 cells.

3.33.10. Executing OPT_DFF pass (perform DFF optimizations).

3.33.11. Executing OPT_CLEAN pass (remove unused cells and wires).
Finding unused cells or wires in module \tcn_network_8ch_2layer..

3.33.12. Rerunning OPT passes. (Removed registers in this run.)

3.33.13. Running ICE40 specific optimizations.
Optimized $__ICE40_CARRY_WRAPPER cell back to logic (without SB_CARRY) tcn_network_8ch_2layer.$auto$maccmap.cc:240:synth$5379.slice[2].carry: CO=1'0
Optimized $__ICE40_CARRY_WRAPPER cell back to logic (without SB_CARRY) tcn_network_8ch_2layer.$auto$maccmap.cc:240:synth$5564.slice[2].carry: CO=1'0
Optimized $__ICE40_CARRY_WRAPPER cell back to logic (without SB_CARRY) tcn_network_8ch_2layer.$auto$maccmap.cc:240:synth$5708.slice[2].carry: CO=1'0
Optimized $__ICE40_CARRY_WRAPPER cell back to logic (without SB_CARRY) tcn_network_8ch_2layer.$auto$maccmap.cc:240:synth$5941.slice[2].carry: CO=1'0
Optimized $__ICE40_CARRY_WRAPPER cell back to logic (without SB_CARRY) tcn_network_8ch_2layer.$auto$maccmap.cc:240:synth$6117.slice[2].carry: CO=1'0
Optimized $__ICE40_CARRY_WRAPPER cell back to logic (without SB_CARRY) tcn_network_8ch_2layer.$auto$maccmap.cc:240:synth$6291.slice[2].carry: CO=1'0
Optimized $__ICE40_CARRY_WRAPPER cell back to logic (without SB_CARRY) tcn_network_8ch_2layer.$auto$maccmap.cc:240:synth$6482.slice[2].carry: CO=1'0
Optimized $__ICE40_CARRY_WRAPPER cell back to logic (without SB_CARRY) tcn_network_8ch_2layer.$auto$maccmap.cc:240:synth$6613.slice[2].carry: CO=1'0
Optimized $__ICE40_CARRY_WRAPPER cell back to logic (without SB_CARRY) tcn_network_8ch_2layer.$auto$maccmap.cc:240:synth$6741.slice[2].carry: CO=1'0
Optimized $__ICE40_CARRY_WRAPPER cell back to logic (without SB_CARRY) tcn_network_8ch_2layer.$auto$maccmap.cc:240:synth$6863.slice[2].carry: CO=1'0
Optimized $__ICE40_CARRY_WRAPPER cell back to logic (without SB_CARRY) tcn_network_8ch_2layer.$auto$maccmap.cc:240:synth$7021.slice[2].carry: CO=1'0
Optimized $__ICE40_CARRY_WRAPPER cell back to logic (without SB_CARRY) tcn_network_8ch_2layer.$auto$maccmap.cc:240:synth$8132.slice[2].carry: CO=1'0
Optimized $__ICE40_CARRY_WRAPPER cell back to logic (without SB_CARRY) tcn_network_8ch_2layer.$auto$maccmap.cc:240:synth$8380.slice[2].carry: CO=1'0
Optimized $__ICE40_CARRY_WRAPPER cell back to logic (without SB_CARRY) tcn_network_8ch_2layer.$auto$maccmap.cc:240:synth$8643.slice[2].carry: CO=1'0
Optimized $__ICE40_CARRY_WRAPPER cell back to logic (without SB_CARRY) tcn_network_8ch_2layer.$auto$maccmap.cc:240:synth$9014.slice[2].carry: CO=1'0
Optimized $__ICE40_CARRY_WRAPPER cell back to logic (without SB_CARRY) tcn_network_8ch_2layer.$auto$maccmap.cc:240:synth$9289.slice[2].carry: CO=1'0

3.33.14. Executing OPT_EXPR pass (perform const folding).
Optimizing module tcn_network_8ch_2layer.

3.33.15. Executing OPT_MERGE pass (detect identical cells).
Finding identical cells in module `\tcn_network_8ch_2layer'.
Removed a total of 0 cells.

3.33.16. Executing OPT_DFF pass (perform DFF optimizations).

3.33.17. Executing OPT_CLEAN pass (remove unused cells and wires).
Finding unused cells or wires in module \tcn_network_8ch_2layer..

3.33.18. Rerunning OPT passes. (Removed registers in this run.)

3.33.19. Running ICE40 specific optimizations.
Optimized $__ICE40_CARRY_WRAPPER cell back to logic (without SB_CARRY) tcn_network_8ch_2layer.$auto$maccmap.cc:240:synth$5379.slice[3].carry: CO=1'0
Optimized $__ICE40_CARRY_WRAPPER cell back to logic (without SB_CARRY) tcn_network_8ch_2layer.$auto$maccmap.cc:240:synth$5564.slice[3].carry: CO=1'0
Optimized $__ICE40_CARRY_WRAPPER cell back to logic (without SB_CARRY) tcn_network_8ch_2layer.$auto$maccmap.cc:240:synth$5708.slice[3].carry: CO=1'0
Optimized $__ICE40_CARRY_WRAPPER cell back to logic (without SB_CARRY) tcn_network_8ch_2layer.$auto$maccmap.cc:240:synth$6117.slice[3].carry: CO=1'0
Optimized $__ICE40_CARRY_WRAPPER cell back to logic (without SB_CARRY) tcn_network_8ch_2layer.$auto$maccmap.cc:240:synth$6291.slice[3].carry: CO=1'0
Optimized $__ICE40_CARRY_WRAPPER cell back to logic (without SB_CARRY) tcn_network_8ch_2layer.$auto$maccmap.cc:240:synth$6482.slice[3].carry: CO=1'0
Optimized $__ICE40_CARRY_WRAPPER cell back to logic (without SB_CARRY) tcn_network_8ch_2layer.$auto$maccmap.cc:240:synth$6613.slice[3].carry: CO=1'0
Optimized $__ICE40_CARRY_WRAPPER cell back to logic (without SB_CARRY) tcn_network_8ch_2layer.$auto$maccmap.cc:240:synth$6741.slice[3].carry: CO=1'0
Optimized $__ICE40_CARRY_WRAPPER cell back to logic (without SB_CARRY) tcn_network_8ch_2layer.$auto$maccmap.cc:240:synth$7021.slice[3].carry: CO=1'0
Optimized $__ICE40_CARRY_WRAPPER cell back to logic (without SB_CARRY) tcn_network_8ch_2layer.$auto$maccmap.cc:240:synth$8132.slice[3].carry: CO=1'0
Optimized $__ICE40_CARRY_WRAPPER cell back to logic (without SB_CARRY) tcn_network_8ch_2layer.$auto$maccmap.cc:240:synth$8380.slice[3].carry: CO=1'0
Optimized $__ICE40_CARRY_WRAPPER cell back to logic (without SB_CARRY) tcn_network_8ch_2layer.$auto$maccmap.cc:240:synth$9289.slice[3].carry: CO=1'0

3.33.20. Executing OPT_EXPR pass (perform const folding).
Optimizing module tcn_network_8ch_2layer.

3.33.21. Executing OPT_MERGE pass (detect identical cells).
Finding identical cells in module `\tcn_network_8ch_2layer'.
Removed a total of 0 cells.

3.33.22. Executing OPT_DFF pass (perform DFF optimizations).

3.33.23. Executing OPT_CLEAN pass (remove unused cells and wires).
Finding unused cells or wires in module \tcn_network_8ch_2layer..

3.33.24. Rerunning OPT passes. (Removed registers in this run.)

3.33.25. Running ICE40 specific optimizations.

3.33.26. Executing OPT_EXPR pass (perform const folding).
Optimizing module tcn_network_8ch_2layer.

3.33.27. Executing OPT_MERGE pass (detect identical cells).
Finding identical cells in module `\tcn_network_8ch_2layer'.
Removed a total of 0 cells.

3.33.28. Executing OPT_DFF pass (perform DFF optimizations).

3.33.29. Executing OPT_CLEAN pass (remove unused cells and wires).
Finding unused cells or wires in module \tcn_network_8ch_2layer..

3.33.30. Finished OPT passes. (There is nothing left to do.)

3.34. Executing DFFLEGALIZE pass (convert FFs to types supported by the target).

3.35. Executing TECHMAP pass (map to technology primitives).

3.35.1. Executing Verilog-2005 frontend: /opt/homebrew/bin/../share/yosys/ice40/ff_map.v
Parsing Verilog input from `/opt/homebrew/bin/../share/yosys/ice40/ff_map.v' to AST representation.
Generating RTLIL representation for module `\$_DFF_N_'.
Generating RTLIL representation for module `\$_DFF_P_'.
Generating RTLIL representation for module `\$_DFFE_NP_'.
Generating RTLIL representation for module `\$_DFFE_PP_'.
Generating RTLIL representation for module `\$_DFF_NP0_'.
Generating RTLIL representation for module `\$_DFF_NP1_'.
Generating RTLIL representation for module `\$_DFF_PP0_'.
Generating RTLIL representation for module `\$_DFF_PP1_'.
Generating RTLIL representation for module `\$_DFFE_NP0P_'.
Generating RTLIL representation for module `\$_DFFE_NP1P_'.
Generating RTLIL representation for module `\$_DFFE_PP0P_'.
Generating RTLIL representation for module `\$_DFFE_PP1P_'.
Generating RTLIL representation for module `\$_SDFF_NP0_'.
Generating RTLIL representation for module `\$_SDFF_NP1_'.
Generating RTLIL representation for module `\$_SDFF_PP0_'.
Generating RTLIL representation for module `\$_SDFF_PP1_'.
Generating RTLIL representation for module `\$_SDFFCE_NP0P_'.
Generating RTLIL representation for module `\$_SDFFCE_NP1P_'.
Generating RTLIL representation for module `\$_SDFFCE_PP0P_'.
Generating RTLIL representation for module `\$_SDFFCE_PP1P_'.
Successfully finished Verilog frontend.

3.35.2. Continuing TECHMAP pass.
Using template \$_SDFFCE_PP0P_ for cells of type $_SDFFCE_PP0P_.
Using template \$_SDFF_PP0_ for cells of type $_SDFF_PP0_.
No more expansions possible.
<suppressed ~664 debug messages>

3.36. Executing OPT_EXPR pass (perform const folding).
Optimizing module tcn_network_8ch_2layer.

3.37. Executing SIMPLEMAP pass (map simple cells to gate primitives).
Mapping tcn_network_8ch_2layer.$auto$maccmap.cc:240:synth$4804.slice[0].carry ($lut).
Mapping tcn_network_8ch_2layer.$auto$maccmap.cc:240:synth$4804.slice[1].carry ($lut).
Mapping tcn_network_8ch_2layer.$auto$maccmap.cc:240:synth$5230.slice[0].carry ($lut).
Mapping tcn_network_8ch_2layer.$auto$maccmap.cc:240:synth$5245.slice[0].carry ($lut).
Mapping tcn_network_8ch_2layer.$auto$maccmap.cc:240:synth$5245.slice[1].carry ($lut).
Mapping tcn_network_8ch_2layer.$auto$maccmap.cc:240:synth$5260.slice[0].carry ($lut).
Mapping tcn_network_8ch_2layer.$auto$maccmap.cc:240:synth$5260.slice[1].carry ($lut).
Mapping tcn_network_8ch_2layer.$auto$maccmap.cc:240:synth$5266.slice[0].carry ($lut).
Mapping tcn_network_8ch_2layer.$auto$maccmap.cc:240:synth$5379.slice[0].carry ($lut).
Mapping tcn_network_8ch_2layer.$auto$maccmap.cc:240:synth$5379.slice[1].carry ($lut).
Mapping tcn_network_8ch_2layer.$auto$maccmap.cc:240:synth$5379.slice[2].carry ($lut).
Mapping tcn_network_8ch_2layer.$auto$maccmap.cc:240:synth$5379.slice[3].carry ($lut).
Mapping tcn_network_8ch_2layer.$auto$maccmap.cc:240:synth$5394.slice[0].carry ($lut).
Mapping tcn_network_8ch_2layer.$auto$maccmap.cc:240:synth$5394.slice[1].carry ($lut).
Mapping tcn_network_8ch_2layer.$auto$maccmap.cc:240:synth$5400.slice[0].carry ($lut).
Mapping tcn_network_8ch_2layer.$auto$maccmap.cc:240:synth$5406.slice[0].carry ($lut).
Mapping tcn_network_8ch_2layer.$auto$maccmap.cc:240:synth$5412.slice[0].carry ($lut).
Mapping tcn_network_8ch_2layer.$auto$maccmap.cc:240:synth$5427.slice[0].carry ($lut).
Mapping tcn_network_8ch_2layer.$auto$maccmap.cc:240:synth$5427.slice[1].carry ($lut).
Mapping tcn_network_8ch_2layer.$auto$maccmap.cc:240:synth$5433.slice[0].carry ($lut).
Mapping tcn_network_8ch_2layer.$auto$maccmap.cc:240:synth$5439.slice[0].carry ($lut).
Mapping tcn_network_8ch_2layer.$auto$maccmap.cc:240:synth$5445.slice[0].carry ($lut).
Mapping tcn_network_8ch_2layer.$auto$maccmap.cc:240:synth$5451.slice[0].carry ($lut).
Mapping tcn_network_8ch_2layer.$auto$maccmap.cc:240:synth$5564.slice[0].carry ($lut).
Mapping tcn_network_8ch_2layer.$auto$maccmap.cc:240:synth$5564.slice[1].carry ($lut).
Mapping tcn_network_8ch_2layer.$auto$maccmap.cc:240:synth$5564.slice[2].carry ($lut).
Mapping tcn_network_8ch_2layer.$auto$maccmap.cc:240:synth$5564.slice[3].carry ($lut).
Mapping tcn_network_8ch_2layer.$auto$maccmap.cc:240:synth$5571.slice[0].carry ($lut).
Mapping tcn_network_8ch_2layer.$auto$maccmap.cc:240:synth$5571.slice[1].carry ($lut).
Mapping tcn_network_8ch_2layer.$auto$maccmap.cc:240:synth$5586.slice[0].carry ($lut).
Mapping tcn_network_8ch_2layer.$auto$maccmap.cc:240:synth$5586.slice[1].carry ($lut).
Mapping tcn_network_8ch_2layer.$auto$maccmap.cc:240:synth$5601.slice[0].carry ($lut).
Mapping tcn_network_8ch_2layer.$auto$maccmap.cc:240:synth$5601.slice[1].carry ($lut).
Mapping tcn_network_8ch_2layer.$auto$maccmap.cc:240:synth$5708.slice[0].carry ($lut).
Mapping tcn_network_8ch_2layer.$auto$maccmap.cc:240:synth$5708.slice[1].carry ($lut).
Mapping tcn_network_8ch_2layer.$auto$maccmap.cc:240:synth$5708.slice[2].carry ($lut).
Mapping tcn_network_8ch_2layer.$auto$maccmap.cc:240:synth$5708.slice[3].carry ($lut).
Mapping tcn_network_8ch_2layer.$auto$maccmap.cc:240:synth$5723.slice[0].carry ($lut).
Mapping tcn_network_8ch_2layer.$auto$maccmap.cc:240:synth$5723.slice[1].carry ($lut).
Mapping tcn_network_8ch_2layer.$auto$maccmap.cc:240:synth$5738.slice[0].carry ($lut).
Mapping tcn_network_8ch_2layer.$auto$maccmap.cc:240:synth$5738.slice[1].carry ($lut).
Mapping tcn_network_8ch_2layer.$auto$maccmap.cc:240:synth$5744.slice[0].carry ($lut).
Mapping tcn_network_8ch_2layer.$auto$maccmap.cc:240:synth$5750.slice[0].carry ($lut).
Mapping tcn_network_8ch_2layer.$auto$maccmap.cc:240:synth$5765.slice[0].carry ($lut).
Mapping tcn_network_8ch_2layer.$auto$maccmap.cc:240:synth$5765.slice[1].carry ($lut).
Mapping tcn_network_8ch_2layer.$auto$maccmap.cc:240:synth$5780.slice[0].carry ($lut).
Mapping tcn_network_8ch_2layer.$auto$maccmap.cc:240:synth$5780.slice[1].carry ($lut).
Mapping tcn_network_8ch_2layer.$auto$maccmap.cc:240:synth$5795.slice[0].carry ($lut).
Mapping tcn_network_8ch_2layer.$auto$maccmap.cc:240:synth$5795.slice[1].carry ($lut).
Mapping tcn_network_8ch_2layer.$auto$maccmap.cc:240:synth$5810.slice[0].carry ($lut).
Mapping tcn_network_8ch_2layer.$auto$maccmap.cc:240:synth$5810.slice[1].carry ($lut).
Mapping tcn_network_8ch_2layer.$auto$maccmap.cc:240:synth$5816.slice[0].carry ($lut).
Mapping tcn_network_8ch_2layer.$auto$maccmap.cc:240:synth$5831.slice[0].carry ($lut).
Mapping tcn_network_8ch_2layer.$auto$maccmap.cc:240:synth$5831.slice[1].carry ($lut).
Mapping tcn_network_8ch_2layer.$auto$maccmap.cc:240:synth$5941.slice[0].carry ($lut).
Mapping tcn_network_8ch_2layer.$auto$maccmap.cc:240:synth$5941.slice[1].carry ($lut).
Mapping tcn_network_8ch_2layer.$auto$maccmap.cc:240:synth$5941.slice[2].carry ($lut).
Mapping tcn_network_8ch_2layer.$auto$maccmap.cc:240:synth$5956.slice[0].carry ($lut).
Mapping tcn_network_8ch_2layer.$auto$maccmap.cc:240:synth$5956.slice[1].carry ($lut).
Mapping tcn_network_8ch_2layer.$auto$maccmap.cc:240:synth$5962.slice[0].carry ($lut).
Mapping tcn_network_8ch_2layer.$auto$maccmap.cc:240:synth$5977.slice[0].carry ($lut).
Mapping tcn_network_8ch_2layer.$auto$maccmap.cc:240:synth$5977.slice[1].carry ($lut).
Mapping tcn_network_8ch_2layer.$auto$maccmap.cc:240:synth$5992.slice[0].carry ($lut).
Mapping tcn_network_8ch_2layer.$auto$maccmap.cc:240:synth$5992.slice[1].carry ($lut).
Mapping tcn_network_8ch_2layer.$auto$maccmap.cc:240:synth$5998.slice[0].carry ($lut).
Mapping tcn_network_8ch_2layer.$auto$maccmap.cc:240:synth$6004.slice[0].carry ($lut).
Mapping tcn_network_8ch_2layer.$auto$maccmap.cc:240:synth$6117.slice[0].carry ($lut).
Mapping tcn_network_8ch_2layer.$auto$maccmap.cc:240:synth$6117.slice[1].carry ($lut).
Mapping tcn_network_8ch_2layer.$auto$maccmap.cc:240:synth$6117.slice[2].carry ($lut).
Mapping tcn_network_8ch_2layer.$auto$maccmap.cc:240:synth$6117.slice[3].carry ($lut).
Mapping tcn_network_8ch_2layer.$auto$maccmap.cc:240:synth$6124.slice[0].carry ($lut).
Mapping tcn_network_8ch_2layer.$auto$maccmap.cc:240:synth$6124.slice[1].carry ($lut).
Mapping tcn_network_8ch_2layer.$auto$maccmap.cc:240:synth$6139.slice[0].carry ($lut).
Mapping tcn_network_8ch_2layer.$auto$maccmap.cc:240:synth$6139.slice[1].carry ($lut).
Mapping tcn_network_8ch_2layer.$auto$maccmap.cc:240:synth$6145.slice[0].carry ($lut).
Mapping tcn_network_8ch_2layer.$auto$maccmap.cc:240:synth$6151.slice[0].carry ($lut).
Mapping tcn_network_8ch_2layer.$auto$maccmap.cc:240:synth$6157.slice[0].carry ($lut).
Mapping tcn_network_8ch_2layer.$auto$maccmap.cc:240:synth$6163.slice[0].carry ($lut).
Mapping tcn_network_8ch_2layer.$auto$maccmap.cc:240:synth$6178.slice[0].carry ($lut).
Mapping tcn_network_8ch_2layer.$auto$maccmap.cc:240:synth$6178.slice[1].carry ($lut).
Mapping tcn_network_8ch_2layer.$auto$maccmap.cc:240:synth$6291.slice[0].carry ($lut).
Mapping tcn_network_8ch_2layer.$auto$maccmap.cc:240:synth$6291.slice[1].carry ($lut).
Mapping tcn_network_8ch_2layer.$auto$maccmap.cc:240:synth$6291.slice[2].carry ($lut).
Mapping tcn_network_8ch_2layer.$auto$maccmap.cc:240:synth$6291.slice[3].carry ($lut).
Mapping tcn_network_8ch_2layer.$auto$maccmap.cc:240:synth$6297.slice[0].carry ($lut).
Mapping tcn_network_8ch_2layer.$auto$maccmap.cc:240:synth$6303.slice[0].carry ($lut).
Mapping tcn_network_8ch_2layer.$auto$maccmap.cc:240:synth$6309.slice[0].carry ($lut).
Mapping tcn_network_8ch_2layer.$auto$maccmap.cc:240:synth$6324.slice[0].carry ($lut).
Mapping tcn_network_8ch_2layer.$auto$maccmap.cc:240:synth$6324.slice[1].carry ($lut).
Mapping tcn_network_8ch_2layer.$auto$maccmap.cc:240:synth$6339.slice[0].carry ($lut).
Mapping tcn_network_8ch_2layer.$auto$maccmap.cc:240:synth$6339.slice[1].carry ($lut).
Mapping tcn_network_8ch_2layer.$auto$maccmap.cc:240:synth$6354.slice[0].carry ($lut).
Mapping tcn_network_8ch_2layer.$auto$maccmap.cc:240:synth$6354.slice[1].carry ($lut).
Mapping tcn_network_8ch_2layer.$auto$maccmap.cc:240:synth$6369.slice[0].carry ($lut).
Mapping tcn_network_8ch_2layer.$auto$maccmap.cc:240:synth$6369.slice[1].carry ($lut).
Mapping tcn_network_8ch_2layer.$auto$maccmap.cc:240:synth$6482.slice[0].carry ($lut).
Mapping tcn_network_8ch_2layer.$auto$maccmap.cc:240:synth$6482.slice[1].carry ($lut).
Mapping tcn_network_8ch_2layer.$auto$maccmap.cc:240:synth$6482.slice[2].carry ($lut).
Mapping tcn_network_8ch_2layer.$auto$maccmap.cc:240:synth$6482.slice[3].carry ($lut).
Mapping tcn_network_8ch_2layer.$auto$maccmap.cc:240:synth$6488.slice[0].carry ($lut).
Mapping tcn_network_8ch_2layer.$auto$maccmap.cc:240:synth$6494.slice[0].carry ($lut).
Mapping tcn_network_8ch_2layer.$auto$maccmap.cc:240:synth$6500.slice[0].carry ($lut).
Mapping tcn_network_8ch_2layer.$auto$maccmap.cc:240:synth$6506.slice[0].carry ($lut).
Mapping tcn_network_8ch_2layer.$auto$maccmap.cc:240:synth$6613.slice[0].carry ($lut).
Mapping tcn_network_8ch_2layer.$auto$maccmap.cc:240:synth$6613.slice[1].carry ($lut).
Mapping tcn_network_8ch_2layer.$auto$maccmap.cc:240:synth$6613.slice[2].carry ($lut).
Mapping tcn_network_8ch_2layer.$auto$maccmap.cc:240:synth$6613.slice[3].carry ($lut).
Mapping tcn_network_8ch_2layer.$auto$maccmap.cc:240:synth$6628.slice[0].carry ($lut).
Mapping tcn_network_8ch_2layer.$auto$maccmap.cc:240:synth$6628.slice[1].carry ($lut).
Mapping tcn_network_8ch_2layer.$auto$maccmap.cc:240:synth$6741.slice[0].carry ($lut).
Mapping tcn_network_8ch_2layer.$auto$maccmap.cc:240:synth$6741.slice[1].carry ($lut).
Mapping tcn_network_8ch_2layer.$auto$maccmap.cc:240:synth$6741.slice[2].carry ($lut).
Mapping tcn_network_8ch_2layer.$auto$maccmap.cc:240:synth$6741.slice[3].carry ($lut).
Mapping tcn_network_8ch_2layer.$auto$maccmap.cc:240:synth$6747.slice[0].carry ($lut).
Mapping tcn_network_8ch_2layer.$auto$maccmap.cc:240:synth$6753.slice[0].carry ($lut).
Mapping tcn_network_8ch_2layer.$auto$maccmap.cc:240:synth$6863.slice[0].carry ($lut).
Mapping tcn_network_8ch_2layer.$auto$maccmap.cc:240:synth$6863.slice[1].carry ($lut).
Mapping tcn_network_8ch_2layer.$auto$maccmap.cc:240:synth$6863.slice[2].carry ($lut).
Mapping tcn_network_8ch_2layer.$auto$maccmap.cc:240:synth$6878.slice[0].carry ($lut).
Mapping tcn_network_8ch_2layer.$auto$maccmap.cc:240:synth$6878.slice[1].carry ($lut).
Mapping tcn_network_8ch_2layer.$auto$maccmap.cc:240:synth$6893.slice[0].carry ($lut).
Mapping tcn_network_8ch_2layer.$auto$maccmap.cc:240:synth$6893.slice[1].carry ($lut).
Mapping tcn_network_8ch_2layer.$auto$maccmap.cc:240:synth$6908.slice[0].carry ($lut).
Mapping tcn_network_8ch_2layer.$auto$maccmap.cc:240:synth$6908.slice[1].carry ($lut).
Mapping tcn_network_8ch_2layer.$auto$maccmap.cc:240:synth$7021.slice[0].carry ($lut).
Mapping tcn_network_8ch_2layer.$auto$maccmap.cc:240:synth$7021.slice[1].carry ($lut).
Mapping tcn_network_8ch_2layer.$auto$maccmap.cc:240:synth$7021.slice[2].carry ($lut).
Mapping tcn_network_8ch_2layer.$auto$maccmap.cc:240:synth$7021.slice[3].carry ($lut).
Mapping tcn_network_8ch_2layer.$auto$maccmap.cc:240:synth$7036.slice[0].carry ($lut).
Mapping tcn_network_8ch_2layer.$auto$maccmap.cc:240:synth$7036.slice[1].carry ($lut).
Mapping tcn_network_8ch_2layer.$auto$maccmap.cc:240:synth$7051.slice[0].carry ($lut).
Mapping tcn_network_8ch_2layer.$auto$maccmap.cc:240:synth$7051.slice[1].carry ($lut).
Mapping tcn_network_8ch_2layer.$auto$maccmap.cc:240:synth$7066.slice[0].carry ($lut).
Mapping tcn_network_8ch_2layer.$auto$maccmap.cc:240:synth$7066.slice[1].carry ($lut).
Mapping tcn_network_8ch_2layer.$auto$maccmap.cc:240:synth$7081.slice[0].carry ($lut).
Mapping tcn_network_8ch_2layer.$auto$maccmap.cc:240:synth$7081.slice[1].carry ($lut).
Mapping tcn_network_8ch_2layer.$auto$maccmap.cc:240:synth$7087.slice[0].carry ($lut).
Mapping tcn_network_8ch_2layer.$auto$maccmap.cc:240:synth$7102.slice[0].carry ($lut).
Mapping tcn_network_8ch_2layer.$auto$maccmap.cc:240:synth$7102.slice[1].carry ($lut).
Mapping tcn_network_8ch_2layer.$auto$maccmap.cc:240:synth$7117.slice[0].carry ($lut).
Mapping tcn_network_8ch_2layer.$auto$maccmap.cc:240:synth$7117.slice[1].carry ($lut).
Mapping tcn_network_8ch_2layer.$auto$maccmap.cc:240:synth$7123.slice[0].carry ($lut).
Mapping tcn_network_8ch_2layer.$auto$maccmap.cc:240:synth$7138.slice[0].carry ($lut).
Mapping tcn_network_8ch_2layer.$auto$maccmap.cc:240:synth$7138.slice[1].carry ($lut).
Mapping tcn_network_8ch_2layer.$auto$maccmap.cc:240:synth$7144.slice[0].carry ($lut).
Mapping tcn_network_8ch_2layer.$auto$maccmap.cc:240:synth$7150.slice[0].carry ($lut).
Mapping tcn_network_8ch_2layer.$auto$maccmap.cc:240:synth$7165.slice[0].carry ($lut).
Mapping tcn_network_8ch_2layer.$auto$maccmap.cc:240:synth$7165.slice[1].carry ($lut).
Mapping tcn_network_8ch_2layer.$auto$maccmap.cc:240:synth$7180.slice[0].carry ($lut).
Mapping tcn_network_8ch_2layer.$auto$maccmap.cc:240:synth$7180.slice[1].carry ($lut).
Mapping tcn_network_8ch_2layer.$auto$maccmap.cc:240:synth$7186.slice[0].carry ($lut).
Mapping tcn_network_8ch_2layer.$auto$maccmap.cc:240:synth$7201.slice[0].carry ($lut).
Mapping tcn_network_8ch_2layer.$auto$maccmap.cc:240:synth$7201.slice[1].carry ($lut).
Mapping tcn_network_8ch_2layer.$auto$maccmap.cc:240:synth$7216.slice[0].carry ($lut).
Mapping tcn_network_8ch_2layer.$auto$maccmap.cc:240:synth$7216.slice[1].carry ($lut).
Mapping tcn_network_8ch_2layer.$auto$maccmap.cc:240:synth$7231.slice[0].carry ($lut).
Mapping tcn_network_8ch_2layer.$auto$maccmap.cc:240:synth$7231.slice[1].carry ($lut).
Mapping tcn_network_8ch_2layer.$auto$maccmap.cc:240:synth$7246.slice[0].carry ($lut).
Mapping tcn_network_8ch_2layer.$auto$maccmap.cc:240:synth$7246.slice[1].carry ($lut).
Mapping tcn_network_8ch_2layer.$auto$maccmap.cc:240:synth$7261.slice[0].carry ($lut).
Mapping tcn_network_8ch_2layer.$auto$maccmap.cc:240:synth$7261.slice[1].carry ($lut).
Mapping tcn_network_8ch_2layer.$auto$maccmap.cc:240:synth$7267.slice[0].carry ($lut).
Mapping tcn_network_8ch_2layer.$auto$maccmap.cc:240:synth$7273.slice[0].carry ($lut).
Mapping tcn_network_8ch_2layer.$auto$maccmap.cc:240:synth$7288.slice[0].carry ($lut).
Mapping tcn_network_8ch_2layer.$auto$maccmap.cc:240:synth$7288.slice[1].carry ($lut).
Mapping tcn_network_8ch_2layer.$auto$maccmap.cc:240:synth$7950.slice[0].carry ($lut).
Mapping tcn_network_8ch_2layer.$auto$maccmap.cc:240:synth$7950.slice[1].carry ($lut).
Mapping tcn_network_8ch_2layer.$auto$maccmap.cc:240:synth$7956.slice[0].carry ($lut).
Mapping tcn_network_8ch_2layer.$auto$maccmap.cc:240:synth$7971.slice[0].carry ($lut).
Mapping tcn_network_8ch_2layer.$auto$maccmap.cc:240:synth$7971.slice[1].carry ($lut).
Mapping tcn_network_8ch_2layer.$auto$maccmap.cc:240:synth$7986.slice[0].carry ($lut).
Mapping tcn_network_8ch_2layer.$auto$maccmap.cc:240:synth$7986.slice[1].carry ($lut).
Mapping tcn_network_8ch_2layer.$auto$maccmap.cc:240:synth$7992.slice[0].carry ($lut).
Mapping tcn_network_8ch_2layer.$auto$maccmap.cc:240:synth$8007.slice[0].carry ($lut).
Mapping tcn_network_8ch_2layer.$auto$maccmap.cc:240:synth$8007.slice[1].carry ($lut).
Mapping tcn_network_8ch_2layer.$auto$maccmap.cc:240:synth$8013.slice[0].carry ($lut).
Mapping tcn_network_8ch_2layer.$auto$maccmap.cc:240:synth$8019.slice[0].carry ($lut).
Mapping tcn_network_8ch_2layer.$auto$maccmap.cc:240:synth$8132.slice[0].carry ($lut).
Mapping tcn_network_8ch_2layer.$auto$maccmap.cc:240:synth$8132.slice[1].carry ($lut).
Mapping tcn_network_8ch_2layer.$auto$maccmap.cc:240:synth$8132.slice[2].carry ($lut).
Mapping tcn_network_8ch_2layer.$auto$maccmap.cc:240:synth$8132.slice[3].carry ($lut).
Mapping tcn_network_8ch_2layer.$auto$maccmap.cc:240:synth$8138.slice[0].carry ($lut).
Mapping tcn_network_8ch_2layer.$auto$maccmap.cc:240:synth$8144.slice[0].carry ($lut).
Mapping tcn_network_8ch_2layer.$auto$maccmap.cc:240:synth$8162.slice[0].carry ($lut).
Mapping tcn_network_8ch_2layer.$auto$maccmap.cc:240:synth$8162.slice[1].carry ($lut).
Mapping tcn_network_8ch_2layer.$auto$maccmap.cc:240:synth$8177.slice[0].carry ($lut).
Mapping tcn_network_8ch_2layer.$auto$maccmap.cc:240:synth$8177.slice[1].carry ($lut).
Mapping tcn_network_8ch_2layer.$auto$maccmap.cc:240:synth$8192.slice[0].carry ($lut).
Mapping tcn_network_8ch_2layer.$auto$maccmap.cc:240:synth$8192.slice[1].carry ($lut).
Mapping tcn_network_8ch_2layer.$auto$maccmap.cc:240:synth$8207.slice[0].carry ($lut).
Mapping tcn_network_8ch_2layer.$auto$maccmap.cc:240:synth$8207.slice[1].carry ($lut).
Mapping tcn_network_8ch_2layer.$auto$maccmap.cc:240:synth$8213.slice[0].carry ($lut).
Mapping tcn_network_8ch_2layer.$auto$maccmap.cc:240:synth$8219.slice[0].carry ($lut).
Mapping tcn_network_8ch_2layer.$auto$maccmap.cc:240:synth$8234.slice[0].carry ($lut).
Mapping tcn_network_8ch_2layer.$auto$maccmap.cc:240:synth$8234.slice[1].carry ($lut).
Mapping tcn_network_8ch_2layer.$auto$maccmap.cc:240:synth$8240.slice[0].carry ($lut).
Mapping tcn_network_8ch_2layer.$auto$maccmap.cc:240:synth$8255.slice[0].carry ($lut).
Mapping tcn_network_8ch_2layer.$auto$maccmap.cc:240:synth$8255.slice[1].carry ($lut).
Mapping tcn_network_8ch_2layer.$auto$maccmap.cc:240:synth$8261.slice[0].carry ($lut).
Mapping tcn_network_8ch_2layer.$auto$maccmap.cc:240:synth$8267.slice[0].carry ($lut).
Mapping tcn_network_8ch_2layer.$auto$maccmap.cc:240:synth$8380.slice[0].carry ($lut).
Mapping tcn_network_8ch_2layer.$auto$maccmap.cc:240:synth$8380.slice[1].carry ($lut).
Mapping tcn_network_8ch_2layer.$auto$maccmap.cc:240:synth$8380.slice[2].carry ($lut).
Mapping tcn_network_8ch_2layer.$auto$maccmap.cc:240:synth$8380.slice[3].carry ($lut).
Mapping tcn_network_8ch_2layer.$auto$maccmap.cc:240:synth$8386.slice[0].carry ($lut).
Mapping tcn_network_8ch_2layer.$auto$maccmap.cc:240:synth$8392.slice[0].carry ($lut).
Mapping tcn_network_8ch_2layer.$auto$maccmap.cc:240:synth$8398.slice[0].carry ($lut).
Mapping tcn_network_8ch_2layer.$auto$maccmap.cc:240:synth$8413.slice[0].carry ($lut).
Mapping tcn_network_8ch_2layer.$auto$maccmap.cc:240:synth$8413.slice[1].carry ($lut).
Mapping tcn_network_8ch_2layer.$auto$maccmap.cc:240:synth$8419.slice[0].carry ($lut).
Mapping tcn_network_8ch_2layer.$auto$maccmap.cc:240:synth$8425.slice[0].carry ($lut).
Mapping tcn_network_8ch_2layer.$auto$maccmap.cc:240:synth$8431.slice[0].carry ($lut).
Mapping tcn_network_8ch_2layer.$auto$maccmap.cc:240:synth$8446.slice[0].carry ($lut).
Mapping tcn_network_8ch_2layer.$auto$maccmap.cc:240:synth$8446.slice[1].carry ($lut).
Mapping tcn_network_8ch_2layer.$auto$maccmap.cc:240:synth$8452.slice[0].carry ($lut).
Mapping tcn_network_8ch_2layer.$auto$maccmap.cc:240:synth$8467.slice[0].carry ($lut).
Mapping tcn_network_8ch_2layer.$auto$maccmap.cc:240:synth$8467.slice[1].carry ($lut).
Mapping tcn_network_8ch_2layer.$auto$maccmap.cc:240:synth$8482.slice[0].carry ($lut).
Mapping tcn_network_8ch_2layer.$auto$maccmap.cc:240:synth$8482.slice[1].carry ($lut).
Mapping tcn_network_8ch_2layer.$auto$maccmap.cc:240:synth$8497.slice[0].carry ($lut).
Mapping tcn_network_8ch_2layer.$auto$maccmap.cc:240:synth$8497.slice[1].carry ($lut).
Mapping tcn_network_8ch_2layer.$auto$maccmap.cc:240:synth$8503.slice[0].carry ($lut).
Mapping tcn_network_8ch_2layer.$auto$maccmap.cc:240:synth$8518.slice[0].carry ($lut).
Mapping tcn_network_8ch_2layer.$auto$maccmap.cc:240:synth$8518.slice[1].carry ($lut).
Mapping tcn_network_8ch_2layer.$auto$maccmap.cc:240:synth$8533.slice[0].carry ($lut).
Mapping tcn_network_8ch_2layer.$auto$maccmap.cc:240:synth$8533.slice[1].carry ($lut).
Mapping tcn_network_8ch_2layer.$auto$maccmap.cc:240:synth$8643.slice[0].carry ($lut).
Mapping tcn_network_8ch_2layer.$auto$maccmap.cc:240:synth$8643.slice[1].carry ($lut).
Mapping tcn_network_8ch_2layer.$auto$maccmap.cc:240:synth$8643.slice[2].carry ($lut).
Mapping tcn_network_8ch_2layer.$auto$maccmap.cc:240:synth$8658.slice[0].carry ($lut).
Mapping tcn_network_8ch_2layer.$auto$maccmap.cc:240:synth$8658.slice[1].carry ($lut).
Mapping tcn_network_8ch_2layer.$auto$maccmap.cc:240:synth$8664.slice[0].carry ($lut).
Mapping tcn_network_8ch_2layer.$auto$maccmap.cc:240:synth$8679.slice[0].carry ($lut).
Mapping tcn_network_8ch_2layer.$auto$maccmap.cc:240:synth$8679.slice[1].carry ($lut).
Mapping tcn_network_8ch_2layer.$auto$maccmap.cc:240:synth$8685.slice[0].carry ($lut).
Mapping tcn_network_8ch_2layer.$auto$maccmap.cc:240:synth$8700.slice[0].carry ($lut).
Mapping tcn_network_8ch_2layer.$auto$maccmap.cc:240:synth$8700.slice[1].carry ($lut).
Mapping tcn_network_8ch_2layer.$auto$maccmap.cc:240:synth$8715.slice[0].carry ($lut).
Mapping tcn_network_8ch_2layer.$auto$maccmap.cc:240:synth$8715.slice[1].carry ($lut).
Mapping tcn_network_8ch_2layer.$auto$maccmap.cc:240:synth$8721.slice[0].carry ($lut).
Mapping tcn_network_8ch_2layer.$auto$maccmap.cc:240:synth$8736.slice[0].carry ($lut).
Mapping tcn_network_8ch_2layer.$auto$maccmap.cc:240:synth$8736.slice[1].carry ($lut).
Mapping tcn_network_8ch_2layer.$auto$maccmap.cc:240:synth$8742.slice[0].carry ($lut).
Mapping tcn_network_8ch_2layer.$auto$maccmap.cc:240:synth$8748.slice[0].carry ($lut).
Mapping tcn_network_8ch_2layer.$auto$maccmap.cc:240:synth$8754.slice[0].carry ($lut).
Mapping tcn_network_8ch_2layer.$auto$maccmap.cc:240:synth$8769.slice[0].carry ($lut).
Mapping tcn_network_8ch_2layer.$auto$maccmap.cc:240:synth$8769.slice[1].carry ($lut).
Mapping tcn_network_8ch_2layer.$auto$maccmap.cc:240:synth$8775.slice[0].carry ($lut).
Mapping tcn_network_8ch_2layer.$auto$maccmap.cc:240:synth$8781.slice[0].carry ($lut).
Mapping tcn_network_8ch_2layer.$auto$maccmap.cc:240:synth$8796.slice[0].carry ($lut).
Mapping tcn_network_8ch_2layer.$auto$maccmap.cc:240:synth$8796.slice[1].carry ($lut).
Mapping tcn_network_8ch_2layer.$auto$maccmap.cc:240:synth$8802.slice[0].carry ($lut).
Mapping tcn_network_8ch_2layer.$auto$maccmap.cc:240:synth$8817.slice[0].carry ($lut).
Mapping tcn_network_8ch_2layer.$auto$maccmap.cc:240:synth$8817.slice[1].carry ($lut).
Mapping tcn_network_8ch_2layer.$auto$maccmap.cc:240:synth$8823.slice[0].carry ($lut).
Mapping tcn_network_8ch_2layer.$auto$maccmap.cc:240:synth$8829.slice[0].carry ($lut).
Mapping tcn_network_8ch_2layer.$auto$maccmap.cc:240:synth$8835.slice[0].carry ($lut).
Mapping tcn_network_8ch_2layer.$auto$maccmap.cc:240:synth$8841.slice[0].carry ($lut).
Mapping tcn_network_8ch_2layer.$auto$maccmap.cc:240:synth$8847.slice[0].carry ($lut).
Mapping tcn_network_8ch_2layer.$auto$maccmap.cc:240:synth$8853.slice[0].carry ($lut).
Mapping tcn_network_8ch_2layer.$auto$maccmap.cc:240:synth$8859.slice[0].carry ($lut).
Mapping tcn_network_8ch_2layer.$auto$maccmap.cc:240:synth$8874.slice[0].carry ($lut).
Mapping tcn_network_8ch_2layer.$auto$maccmap.cc:240:synth$8874.slice[1].carry ($lut).
Mapping tcn_network_8ch_2layer.$auto$maccmap.cc:240:synth$8889.slice[0].carry ($lut).
Mapping tcn_network_8ch_2layer.$auto$maccmap.cc:240:synth$8889.slice[1].carry ($lut).
Mapping tcn_network_8ch_2layer.$auto$maccmap.cc:240:synth$8904.slice[0].carry ($lut).
Mapping tcn_network_8ch_2layer.$auto$maccmap.cc:240:synth$8904.slice[1].carry ($lut).
Mapping tcn_network_8ch_2layer.$auto$maccmap.cc:240:synth$9014.slice[0].carry ($lut).
Mapping tcn_network_8ch_2layer.$auto$maccmap.cc:240:synth$9014.slice[1].carry ($lut).
Mapping tcn_network_8ch_2layer.$auto$maccmap.cc:240:synth$9014.slice[2].carry ($lut).
Mapping tcn_network_8ch_2layer.$auto$maccmap.cc:240:synth$9029.slice[0].carry ($lut).
Mapping tcn_network_8ch_2layer.$auto$maccmap.cc:240:synth$9029.slice[1].carry ($lut).
Mapping tcn_network_8ch_2layer.$auto$maccmap.cc:240:synth$9044.slice[0].carry ($lut).
Mapping tcn_network_8ch_2layer.$auto$maccmap.cc:240:synth$9044.slice[1].carry ($lut).
Mapping tcn_network_8ch_2layer.$auto$maccmap.cc:240:synth$9050.slice[0].carry ($lut).
Mapping tcn_network_8ch_2layer.$auto$maccmap.cc:240:synth$9065.slice[0].carry ($lut).
Mapping tcn_network_8ch_2layer.$auto$maccmap.cc:240:synth$9065.slice[1].carry ($lut).
Mapping tcn_network_8ch_2layer.$auto$maccmap.cc:240:synth$9080.slice[0].carry ($lut).
Mapping tcn_network_8ch_2layer.$auto$maccmap.cc:240:synth$9080.slice[1].carry ($lut).
Mapping tcn_network_8ch_2layer.$auto$maccmap.cc:240:synth$9086.slice[0].carry ($lut).
Mapping tcn_network_8ch_2layer.$auto$maccmap.cc:240:synth$9092.slice[0].carry ($lut).
Mapping tcn_network_8ch_2layer.$auto$maccmap.cc:240:synth$9107.slice[0].carry ($lut).
Mapping tcn_network_8ch_2layer.$auto$maccmap.cc:240:synth$9107.slice[1].carry ($lut).
Mapping tcn_network_8ch_2layer.$auto$maccmap.cc:240:synth$9125.slice[0].carry ($lut).
Mapping tcn_network_8ch_2layer.$auto$maccmap.cc:240:synth$9131.slice[0].carry ($lut).
Mapping tcn_network_8ch_2layer.$auto$maccmap.cc:240:synth$9146.slice[0].carry ($lut).
Mapping tcn_network_8ch_2layer.$auto$maccmap.cc:240:synth$9146.slice[1].carry ($lut).
Mapping tcn_network_8ch_2layer.$auto$maccmap.cc:240:synth$9161.slice[0].carry ($lut).
Mapping tcn_network_8ch_2layer.$auto$maccmap.cc:240:synth$9161.slice[1].carry ($lut).
Mapping tcn_network_8ch_2layer.$auto$maccmap.cc:240:synth$9176.slice[0].carry ($lut).
Mapping tcn_network_8ch_2layer.$auto$maccmap.cc:240:synth$9176.slice[1].carry ($lut).
Mapping tcn_network_8ch_2layer.$auto$maccmap.cc:240:synth$9289.slice[0].carry ($lut).
Mapping tcn_network_8ch_2layer.$auto$maccmap.cc:240:synth$9289.slice[1].carry ($lut).
Mapping tcn_network_8ch_2layer.$auto$maccmap.cc:240:synth$9289.slice[2].carry ($lut).
Mapping tcn_network_8ch_2layer.$auto$maccmap.cc:240:synth$9289.slice[3].carry ($lut).
Mapping tcn_network_8ch_2layer.$auto$maccmap.cc:240:synth$9295.slice[0].carry ($lut).
Mapping tcn_network_8ch_2layer.$auto$maccmap.cc:240:synth$9301.slice[0].carry ($lut).
Mapping tcn_network_8ch_2layer.$auto$maccmap.cc:240:synth$9307.slice[0].carry ($lut).
Mapping tcn_network_8ch_2layer.$auto$maccmap.cc:240:synth$9313.slice[0].carry ($lut).
Mapping tcn_network_8ch_2layer.$auto$maccmap.cc:240:synth$9328.slice[0].carry ($lut).
Mapping tcn_network_8ch_2layer.$auto$maccmap.cc:240:synth$9328.slice[1].carry ($lut).
Mapping tcn_network_8ch_2layer.$auto$maccmap.cc:240:synth$9334.slice[0].carry ($lut).
Mapping tcn_network_8ch_2layer.$auto$maccmap.cc:240:synth$9340.slice[0].carry ($lut).

3.38. Executing ICE40_OPT pass (performing simple optimizations).

3.38.1. Running ICE40 specific optimizations.

3.38.2. Executing OPT_EXPR pass (perform const folding).
Optimizing module tcn_network_8ch_2layer.
<suppressed ~4243 debug messages>

3.38.3. Executing OPT_MERGE pass (detect identical cells).
Finding identical cells in module `\tcn_network_8ch_2layer'.
<suppressed ~3219 debug messages>
Removed a total of 1073 cells.

3.38.4. Executing OPT_DFF pass (perform DFF optimizations).

3.38.5. Executing OPT_CLEAN pass (remove unused cells and wires).
Finding unused cells or wires in module \tcn_network_8ch_2layer..
Removed 113 unused cells and 5709 unused wires.
<suppressed ~114 debug messages>

3.38.6. Rerunning OPT passes. (Removed registers in this run.)

3.38.7. Running ICE40 specific optimizations.

3.38.8. Executing OPT_EXPR pass (perform const folding).
Optimizing module tcn_network_8ch_2layer.

3.38.9. Executing OPT_MERGE pass (detect identical cells).
Finding identical cells in module `\tcn_network_8ch_2layer'.
Removed a total of 0 cells.

3.38.10. Executing OPT_DFF pass (perform DFF optimizations).

3.38.11. Executing OPT_CLEAN pass (remove unused cells and wires).
Finding unused cells or wires in module \tcn_network_8ch_2layer..

3.38.12. Finished OPT passes. (There is nothing left to do.)

3.39. Executing TECHMAP pass (map to technology primitives).

3.39.1. Executing Verilog-2005 frontend: /opt/homebrew/bin/../share/yosys/ice40/latches_map.v
Parsing Verilog input from `/opt/homebrew/bin/../share/yosys/ice40/latches_map.v' to AST representation.
Generating RTLIL representation for module `\$_DLATCH_N_'.
Generating RTLIL representation for module `\$_DLATCH_P_'.
Successfully finished Verilog frontend.

3.39.2. Continuing TECHMAP pass.
No more expansions possible.
<suppressed ~4 debug messages>

3.40. Executing Verilog-2005 frontend: /opt/homebrew/bin/../share/yosys/ice40/abc9_model.v
Parsing Verilog input from `/opt/homebrew/bin/../share/yosys/ice40/abc9_model.v' to AST representation.
Generating RTLIL representation for module `$__ICE40_CARRY_WRAPPER'.
Successfully finished Verilog frontend.

3.41. Executing ABC9 pass.

3.41.1. Executing ABC9_OPS pass (helper functions for ABC9).

3.41.2. Executing ABC9_OPS pass (helper functions for ABC9).

3.41.3. Executing SCC pass (detecting logic loops).
Found 0 SCCs in module tcn_network_8ch_2layer.
Found 0 SCCs.

3.41.4. Executing ABC9_OPS pass (helper functions for ABC9).

3.41.5. Executing PROC pass (convert processes to netlists).

3.41.5.1. Executing PROC_CLEAN pass (remove empty switches from decision trees).
Cleaned up 0 empty switches.

3.41.5.2. Executing PROC_RMDEAD pass (remove dead branches from decision trees).
Removed a total of 0 dead cases.

3.41.5.3. Executing PROC_PRUNE pass (remove redundant assignments in processes).
Removed 0 redundant assignments.
Promoted 0 assignments to connections.

3.41.5.4. Executing PROC_INIT pass (extract init attributes).

3.41.5.5. Executing PROC_ARST pass (detect async resets in processes).

3.41.5.6. Executing PROC_ROM pass (convert switches to ROMs).
Converted 0 switches.

3.41.5.7. Executing PROC_MUX pass (convert decision trees to multiplexers).

3.41.5.8. Executing PROC_DLATCH pass (convert process syncs to latches).

3.41.5.9. Executing PROC_DFF pass (convert process syncs to FFs).

3.41.5.10. Executing PROC_MEMWR pass (convert process memory writes to cells).

3.41.5.11. Executing PROC_CLEAN pass (remove empty switches from decision trees).
Cleaned up 0 empty switches.

3.41.5.12. Executing OPT_EXPR pass (perform const folding).

3.41.6. Executing TECHMAP pass (map to technology primitives).

3.41.6.1. Executing Verilog-2005 frontend: /opt/homebrew/bin/../share/yosys/techmap.v
Parsing Verilog input from `/opt/homebrew/bin/../share/yosys/techmap.v' to AST representation.
Generating RTLIL representation for module `\_90_simplemap_bool_ops'.
Generating RTLIL representation for module `\_90_simplemap_reduce_ops'.
Generating RTLIL representation for module `\_90_simplemap_logic_ops'.
Generating RTLIL representation for module `\_90_simplemap_compare_ops'.
Generating RTLIL representation for module `\_90_simplemap_various'.
Generating RTLIL representation for module `\_90_simplemap_registers'.
Generating RTLIL representation for module `\_90_shift_ops_shr_shl_sshl_sshr'.
Generating RTLIL representation for module `\_90_shift_shiftx'.
Generating RTLIL representation for module `\_90_fa'.
Generating RTLIL representation for module `\_90_lcu_brent_kung'.
Generating RTLIL representation for module `\_90_alu'.
Generating RTLIL representation for module `\_90_macc'.
Generating RTLIL representation for module `\_90_alumacc'.
Generating RTLIL representation for module `\$__div_mod_u'.
Generating RTLIL representation for module `\$__div_mod_trunc'.
Generating RTLIL representation for module `\_90_div'.
Generating RTLIL representation for module `\_90_mod'.
Generating RTLIL representation for module `\$__div_mod_floor'.
Generating RTLIL representation for module `\_90_divfloor'.
Generating RTLIL representation for module `\_90_modfloor'.
Generating RTLIL representation for module `\_90_pow'.
Generating RTLIL representation for module `\_90_pmux'.
Generating RTLIL representation for module `\_90_demux'.
Generating RTLIL representation for module `\_90_lut'.
Successfully finished Verilog frontend.

3.41.6.2. Continuing TECHMAP pass.
No more expansions possible.
<suppressed ~126 debug messages>

3.41.7. Executing OPT pass (performing simple optimizations).

3.41.7.1. Executing OPT_EXPR pass (perform const folding).

3.41.7.2. Executing OPT_MERGE pass (detect identical cells).
Removed a total of 0 cells.

3.41.7.3. Executing OPT_MUXTREE pass (detect dead branches in mux trees).
Removed 0 multiplexer ports.

3.41.7.4. Executing OPT_REDUCE pass (consolidate $*mux and $reduce_* inputs).
Performed a total of 0 changes.

3.41.7.5. Executing OPT_MERGE pass (detect identical cells).
Removed a total of 0 cells.

3.41.7.6. Executing OPT_DFF pass (perform DFF optimizations).

3.41.7.7. Executing OPT_CLEAN pass (remove unused cells and wires).

3.41.7.8. Executing OPT_EXPR pass (perform const folding).

3.41.7.9. Finished OPT passes. (There is nothing left to do.)

3.41.8. Executing TECHMAP pass (map to technology primitives).

3.41.8.1. Executing Verilog-2005 frontend: /opt/homebrew/bin/../share/yosys/abc9_map.v
Parsing Verilog input from `/opt/homebrew/bin/../share/yosys/abc9_map.v' to AST representation.
Successfully finished Verilog frontend.

3.41.8.2. Continuing TECHMAP pass.
No more expansions possible.
<suppressed ~2 debug messages>

3.41.9. Executing Verilog-2005 frontend: /opt/homebrew/bin/../share/yosys/abc9_model.v
Parsing Verilog input from `/opt/homebrew/bin/../share/yosys/abc9_model.v' to AST representation.
Generating RTLIL representation for module `$__ABC9_DELAY'.
Generating RTLIL representation for module `$__ABC9_SCC_BREAKER'.
Generating RTLIL representation for module `$__DFF_N__$abc9_flop'.
Generating RTLIL representation for module `$__DFF_P__$abc9_flop'.
Successfully finished Verilog frontend.

3.41.10. Executing ABC9_OPS pass (helper functions for ABC9).
<suppressed ~1286 debug messages>

3.41.11. Executing ABC9_OPS pass (helper functions for ABC9).

3.41.12. Executing ABC9_OPS pass (helper functions for ABC9).
<suppressed ~2 debug messages>

3.41.13. Executing TECHMAP pass (map to technology primitives).

3.41.13.1. Executing Verilog-2005 frontend: /opt/homebrew/bin/../share/yosys/techmap.v
Parsing Verilog input from `/opt/homebrew/bin/../share/yosys/techmap.v' to AST representation.
Generating RTLIL representation for module `\_90_simplemap_bool_ops'.
Generating RTLIL representation for module `\_90_simplemap_reduce_ops'.
Generating RTLIL representation for module `\_90_simplemap_logic_ops'.
Generating RTLIL representation for module `\_90_simplemap_compare_ops'.
Generating RTLIL representation for module `\_90_simplemap_various'.
Generating RTLIL representation for module `\_90_simplemap_registers'.
Generating RTLIL representation for module `\_90_shift_ops_shr_shl_sshl_sshr'.
Generating RTLIL representation for module `\_90_shift_shiftx'.
Generating RTLIL representation for module `\_90_fa'.
Generating RTLIL representation for module `\_90_lcu_brent_kung'.
Generating RTLIL representation for module `\_90_alu'.
Generating RTLIL representation for module `\_90_macc'.
Generating RTLIL representation for module `\_90_alumacc'.
Generating RTLIL representation for module `\$__div_mod_u'.
Generating RTLIL representation for module `\$__div_mod_trunc'.
Generating RTLIL representation for module `\_90_div'.
Generating RTLIL representation for module `\_90_mod'.
Generating RTLIL representation for module `\$__div_mod_floor'.
Generating RTLIL representation for module `\_90_divfloor'.
Generating RTLIL representation for module `\_90_modfloor'.
Generating RTLIL representation for module `\_90_pow'.
Generating RTLIL representation for module `\_90_pmux'.
Generating RTLIL representation for module `\_90_demux'.
Generating RTLIL representation for module `\_90_lut'.
Successfully finished Verilog frontend.

3.41.13.2. Continuing TECHMAP pass.
Using template $paramod$__ICE40_CARRY_WRAPPER\LUT=16'0110100110010110\I3_IS_CI=1'1 for cells of type $paramod$__ICE40_CARRY_WRAPPER\LUT=16'0110100110010110\I3_IS_CI=1'1.
Using template $paramod\SB_LUT4\LUT_INIT=16'0110100110010110 for cells of type SB_LUT4.
Using template SB_CARRY for cells of type SB_CARRY.
Using extmapper simplemap for cells of type $logic_or.
Using extmapper simplemap for cells of type $mux.
Using extmapper simplemap for cells of type $logic_and.
No more expansions possible.
<suppressed ~147 debug messages>

3.41.14. Executing OPT pass (performing simple optimizations).

3.41.14.1. Executing OPT_EXPR pass (perform const folding).
Optimizing module tcn_network_8ch_2layer.
<suppressed ~4 debug messages>

3.41.14.2. Executing OPT_MERGE pass (detect identical cells).
Finding identical cells in module `\tcn_network_8ch_2layer'.
<suppressed ~29 debug messages>
Removed a total of 12 cells.

3.41.14.3. Executing OPT_MUXTREE pass (detect dead branches in mux trees).
Running muxtree optimizer on module \tcn_network_8ch_2layer..
  Creating internal representation of mux trees.
  No muxes found in this module.
Removed 0 multiplexer ports.

3.41.14.4. Executing OPT_REDUCE pass (consolidate $*mux and $reduce_* inputs).
  Optimizing cells in module \tcn_network_8ch_2layer.
Performed a total of 0 changes.

3.41.14.5. Executing OPT_MERGE pass (detect identical cells).
Finding identical cells in module `\tcn_network_8ch_2layer'.
Removed a total of 0 cells.

3.41.14.6. Executing OPT_DFF pass (perform DFF optimizations).

3.41.14.7. Executing OPT_CLEAN pass (remove unused cells and wires).
Finding unused cells or wires in module \tcn_network_8ch_2layer..
Removed 0 unused cells and 24 unused wires.
<suppressed ~1 debug messages>

3.41.14.8. Executing OPT_EXPR pass (perform const folding).
Optimizing module tcn_network_8ch_2layer.

3.41.14.9. Rerunning OPT passes. (Maybe there is more to do..)

3.41.14.10. Executing OPT_MUXTREE pass (detect dead branches in mux trees).
Running muxtree optimizer on module \tcn_network_8ch_2layer..
  Creating internal representation of mux trees.
  No muxes found in this module.
Removed 0 multiplexer ports.

3.41.14.11. Executing OPT_REDUCE pass (consolidate $*mux and $reduce_* inputs).
  Optimizing cells in module \tcn_network_8ch_2layer.
Performed a total of 0 changes.

3.41.14.12. Executing OPT_MERGE pass (detect identical cells).
Finding identical cells in module `\tcn_network_8ch_2layer'.
Removed a total of 0 cells.

3.41.14.13. Executing OPT_DFF pass (perform DFF optimizations).

3.41.14.14. Executing OPT_CLEAN pass (remove unused cells and wires).
Finding unused cells or wires in module \tcn_network_8ch_2layer..

3.41.14.15. Executing OPT_EXPR pass (perform const folding).
Optimizing module tcn_network_8ch_2layer.

3.41.14.16. Finished OPT passes. (There is nothing left to do.)

3.41.15. Executing AIGMAP pass (map logic to AIG).
Module tcn_network_8ch_2layer: replaced 7 cells with 43 new cells, skipped 11 cells.
  replaced 2 cell types:
       2 $_OR_
       5 $_MUX_
  not replaced 3 cell types:
       8 $specify2
       1 $_NOT_
       2 $_AND_

3.41.16. Executing AIGMAP pass (map logic to AIG).
Module tcn_network_8ch_2layer: replaced 18923 cells with 114602 new cells, skipped 17501 cells.
  replaced 2 cell types:
    5953 $_OR_
   12970 $_XOR_
  not replaced 8 cell types:
       2 $scopeinfo
     768 $_NOT_
   12610 $_AND_
       2 SB_DFFSR
     640 SB_DFFESR
     642 $paramod$__ABC9_DELAY\DELAY=32'00000000000000000000000011001011
    2195 $paramod$__ICE40_CARRY_WRAPPER\LUT=16'0110100110010110\I3_IS_CI=1'1
     642 $paramod$__ABC9_DELAY\DELAY=32'00000000000000000000000000010101

3.41.16.1. Executing ABC9_OPS pass (helper functions for ABC9).

3.41.16.2. Executing ABC9_OPS pass (helper functions for ABC9).

3.41.16.3. Executing XAIGER backend.
<suppressed ~653 debug messages>
Extracted 57473 AND gates and 135338 wires from module `tcn_network_8ch_2layer' to a netlist network with 709 inputs and 1352 outputs.

3.41.16.4. Executing ABC9_EXE pass (technology mapping using ABC9).

3.41.16.5. Executing ABC9.
Running ABC command: "<yosys-exe-dir>/yosys-abc" -s -f <abc-temp-dir>/abc.script 2>&1
ABC: ABC command line: "source <abc-temp-dir>/abc.script".
ABC: 
ABC: + read_lut <abc-temp-dir>/input.lut 
ABC: + read_box <abc-temp-dir>/input.box 
ABC: + &read <abc-temp-dir>/input.xaig 
ABC: + &ps 
ABC: <abc-temp-dir>/input : i/o =    709/   1352  and =   44984  lev =   40 (1.34)  mem = 0.82 MB  box = 3479  bb = 1284
ABC: Warning: AIG with boxes has internal fanout in 0 complex flops and 8 carries.
ABC: + &scorr 
ABC: Warning: The network is combinational.
ABC: + &sweep 
ABC: + &dc2 
ABC: + &dch -f 
ABC: + &ps 
ABC: <abc-temp-dir>/input : i/o =    709/   1352  and =   35097  lev =   47 (1.45)  mem = 0.62 MB  ch =  660  box = 2649  bb = 1284
ABC: Warning: AIG with boxes has internal fanout in 0 complex flops and 8 carries.
ABC: + &if -W 250 -v 
ABC: K = 4. Memory (bytes): Truth =    0. Cut =   52. Obj =  136. Set =  564. CutMin = no
ABC: Node =   35097.  Ch =   607.  Total mem =    7.14 MB. Peak cut mem =    0.09 MB.
ABC: P:  Del = 9555.00.  Ar =   10915.0.  Edge =    36034.  Cut =   338180.  T =     0.03 sec
ABC: P:  Del = 9555.00.  Ar =   10837.0.  Edge =    36251.  Cut =   332180.  T =     0.04 sec
ABC: P:  Del = 9555.00.  Ar =   11839.0.  Edge =    36387.  Cut =   341546.  T =     0.04 sec
ABC: F:  Del = 9555.00.  Ar =   10645.0.  Edge =    33882.  Cut =   285923.  T =     0.04 sec
ABC: A:  Del = 9555.00.  Ar =    9937.0.  Edge =    30943.  Cut =   302988.  T =     0.04 sec
ABC: A:  Del = 9555.00.  Ar =    9921.0.  Edge =    30901.  Cut =   306638.  T =     0.04 sec
ABC: Total time =     0.23 sec
ABC: + &write -n <abc-temp-dir>/output.aig 
ABC: + &mfs 
ABC: + &ps -l 
ABC: <abc-temp-dir>/input : i/o =    709/   1352  and =   63627  lev =   41 (1.29)  mem = 0.93 MB  box = 2529  bb = 1284
ABC: Mapping (K=4)  :  lut =   9412  edge =   29040  lev =   12 (0.47)  Boxes are not in a topological order. Switching to level computation without boxes.
ABC: levB =   41  mem = 0.48 MB
ABC: LUT = 9412 : 2=1821 19.3 %  3=4966 52.8 %  4=2625 27.9 %  Ave = 3.09
ABC: + &write -n <abc-temp-dir>/output.aig 
ABC: + time 
ABC: elapse: 22.53 seconds, total: 22.53 seconds

3.41.16.6. Executing AIGER frontend.
<suppressed ~5084 debug messages>
Removed 117134 unused cells and 130479 unused wires.

3.41.16.7. Executing ABC9_OPS pass (helper functions for ABC9).
ABC RESULTS:              $lut cells:    10012
ABC RESULTS:   $paramod$__ICE40_CARRY_WRAPPER\LUT=16'0110100110010110\I3_IS_CI=1'1 cells:     1245
ABC RESULTS:           input signals:       70
ABC RESULTS:          output signals:     1289
Removing temp directory.

3.41.17. Executing TECHMAP pass (map to technology primitives).

3.41.17.1. Executing Verilog-2005 frontend: /opt/homebrew/bin/../share/yosys/abc9_unmap.v
Parsing Verilog input from `/opt/homebrew/bin/../share/yosys/abc9_unmap.v' to AST representation.
Generating RTLIL representation for module `\$__DFF_x__$abc9_flop'.
Generating RTLIL representation for module `\$__ABC9_SCC_BREAKER'.
Successfully finished Verilog frontend.

3.41.17.2. Continuing TECHMAP pass.
Using template $paramod$__ICE40_CARRY_WRAPPER\LUT=16'0110100110010110\I3_IS_CI=1'1 for cells of type $paramod$__ICE40_CARRY_WRAPPER\LUT=16'0110100110010110\I3_IS_CI=1'1.
No more expansions possible.
<suppressed ~1251 debug messages>

3.42. Executing ICE40_WRAPCARRY pass (wrap carries).

3.43. Executing TECHMAP pass (map to technology primitives).

3.43.1. Executing Verilog-2005 frontend: /opt/homebrew/bin/../share/yosys/ice40/ff_map.v
Parsing Verilog input from `/opt/homebrew/bin/../share/yosys/ice40/ff_map.v' to AST representation.
Generating RTLIL representation for module `\$_DFF_N_'.
Generating RTLIL representation for module `\$_DFF_P_'.
Generating RTLIL representation for module `\$_DFFE_NP_'.
Generating RTLIL representation for module `\$_DFFE_PP_'.
Generating RTLIL representation for module `\$_DFF_NP0_'.
Generating RTLIL representation for module `\$_DFF_NP1_'.
Generating RTLIL representation for module `\$_DFF_PP0_'.
Generating RTLIL representation for module `\$_DFF_PP1_'.
Generating RTLIL representation for module `\$_DFFE_NP0P_'.
Generating RTLIL representation for module `\$_DFFE_NP1P_'.
Generating RTLIL representation for module `\$_DFFE_PP0P_'.
Generating RTLIL representation for module `\$_DFFE_PP1P_'.
Generating RTLIL representation for module `\$_SDFF_NP0_'.
Generating RTLIL representation for module `\$_SDFF_NP1_'.
Generating RTLIL representation for module `\$_SDFF_PP0_'.
Generating RTLIL representation for module `\$_SDFF_PP1_'.
Generating RTLIL representation for module `\$_SDFFCE_NP0P_'.
Generating RTLIL representation for module `\$_SDFFCE_NP1P_'.
Generating RTLIL representation for module `\$_SDFFCE_PP0P_'.
Generating RTLIL representation for module `\$_SDFFCE_PP1P_'.
Successfully finished Verilog frontend.

3.43.2. Continuing TECHMAP pass.
No more expansions possible.
<suppressed ~22 debug messages>
Removed 942 unused cells and 131141 unused wires.

3.44. Executing OPT_LUT pass (optimize LUTs).
Discovering LUTs.
Number of LUTs:    11152
  1-LUT              600
  2-LUT             1941
  3-LUT             5986
  4-LUT             2625
  with \SB_CARRY    (#0)  959
  with \SB_CARRY    (#1) 1009

Eliminating LUTs.
Number of LUTs:    11152
  1-LUT              600
  2-LUT             1941
  3-LUT             5986
  4-LUT             2625
  with \SB_CARRY    (#0)  959
  with \SB_CARRY    (#1) 1009

Combining LUTs.
Number of LUTs:    10951
  1-LUT              560
  2-LUT             1742
  3-LUT             5942
  4-LUT             2707
  with \SB_CARRY    (#0)  959
  with \SB_CARRY    (#1) 1009

Eliminated 0 LUTs.
Combined 201 LUTs.
<suppressed ~32695 debug messages>

3.45. Executing TECHMAP pass (map to technology primitives).

3.45.1. Executing Verilog-2005 frontend: /opt/homebrew/bin/../share/yosys/ice40/cells_map.v
Parsing Verilog input from `/opt/homebrew/bin/../share/yosys/ice40/cells_map.v' to AST representation.
Generating RTLIL representation for module `\$lut'.
Successfully finished Verilog frontend.

3.45.2. Continuing TECHMAP pass.
Using template $paramod$88b20fc653908aab5d0e1a4e4d07b8412b532a9b\$lut for cells of type $lut.
Using template $paramod\$lut\WIDTH=32'00000000000000000000000000000001\LUT=2'01 for cells of type $lut.
Using template $paramod$fd904e9e35cfd343a9df248824bd3f1408724879\$lut for cells of type $lut.
Using template $paramod\$lut\WIDTH=32'00000000000000000000000000000010\LUT=4'1000 for cells of type $lut.
Using template $paramod\$lut\WIDTH=32'00000000000000000000000000000010\LUT=4'0110 for cells of type $lut.
Using template $paramod\$lut\WIDTH=32'00000000000000000000000000000010\LUT=4'1001 for cells of type $lut.
Using template $paramod\$lut\WIDTH=32'00000000000000000000000000000011\LUT=8'11101000 for cells of type $lut.
Using template $paramod$01c608da0c772a10858492e8ba4f65bc04f42266\$lut for cells of type $lut.
Using template $paramod\$lut\WIDTH=32'00000000000000000000000000000011\LUT=8'10000000 for cells of type $lut.
Using template $paramod\$lut\WIDTH=32'00000000000000000000000000000011\LUT=8'01101001 for cells of type $lut.
Using template $paramod$510a7340b4f60ca9990f7505cadf24dcdeae0f32\$lut for cells of type $lut.
Using template $paramod\$lut\WIDTH=32'00000000000000000000000000000011\LUT=8'01111110 for cells of type $lut.
Using template $paramod$efedf822df2724ce4695f661546acb40156044dd\$lut for cells of type $lut.
Using template $paramod$4282def8dbd6df3d1248ad282c629bee684502c2\$lut for cells of type $lut.
Using template $paramod\$lut\WIDTH=32'00000000000000000000000000000011\LUT=8'10001110 for cells of type $lut.
Using template $paramod$b8251bd6a6009b7f8717eeee6d4ce1ee764681fb\$lut for cells of type $lut.
Using template $paramod$88e7d7e2025d8ea17ed81362ddfc960bdb390881\$lut for cells of type $lut.
Using template $paramod$e3fc9b30b58fba9f0d7b53dcaa617e2b28b350ae\$lut for cells of type $lut.
Using template $paramod$d50c45f171f91e8a1ab05cfc9389403110a01e5a\$lut for cells of type $lut.
Using template $paramod$e87c652d68339e0a13e8ac3dd39fd0a21e0079b7\$lut for cells of type $lut.
Using template $paramod\$lut\WIDTH=32'00000000000000000000000000000011\LUT=8'10010110 for cells of type $lut.
Using template $paramod$bca5b6567f6770a6112e209ac4ad433e3ef55e27\$lut for cells of type $lut.
Using template $paramod\$lut\WIDTH=32'00000000000000000000000000000011\LUT=8'00010111 for cells of type $lut.
Using template $paramod$0d4690069fe2dfddf2f34a209eb228623f986a1e\$lut for cells of type $lut.
Using template $paramod$bfe22c8b84d59da01a0d5f64a43ce85bbe441179\$lut for cells of type $lut.
Using template $paramod$5eb28a5d456895f3b6e5b376ebc78fa90fd15665\$lut for cells of type $lut.
Using template $paramod$48acdc8c0e264c39a907da098bd42b150f4169b5\$lut for cells of type $lut.
Using template $paramod\$lut\WIDTH=32'00000000000000000000000000000011\LUT=8'10110010 for cells of type $lut.
Using template $paramod$d6ca727e39f31d51d29072e0f33aa09c65e37336\$lut for cells of type $lut.
Using template $paramod\$lut\WIDTH=32'00000000000000000000000000000010\LUT=4'0100 for cells of type $lut.
Using template $paramod\$lut\WIDTH=32'00000000000000000000000000000010\LUT=4'0010 for cells of type $lut.
Using template $paramod$53a931967d4390280138fe919abce921b83af282\$lut for cells of type $lut.
Using template $paramod\$lut\WIDTH=32'00000000000000000000000000000011\LUT=8'10101101 for cells of type $lut.
Using template $paramod\$lut\WIDTH=32'00000000000000000000000000000011\LUT=8'11100101 for cells of type $lut.
Using template $paramod$69a0131df4eeb76df3ebab997a575a3385373d9a\$lut for cells of type $lut.
Using template $paramod$df87fd3b2c136e34dccc3981cc0ec6a66340c6f2\$lut for cells of type $lut.
Using template $paramod$3fbf9e179448527cc5870685155541058c0f9f7a\$lut for cells of type $lut.
Using template $paramod\$lut\WIDTH=32'00000000000000000000000000000011\LUT=8'11000101 for cells of type $lut.
Using template $paramod$66d4f3e43d684d9d940cdd529c0bd81ce1d178d0\$lut for cells of type $lut.
Using template $paramod$5f1d3a143c9c87ab46abfde5f2b7762cf4000f70\$lut for cells of type $lut.
Using template $paramod$981e9b70dcf2be1e16d990e6a9acee8c7a633f38\$lut for cells of type $lut.
Using template $paramod$c95721b5f9c1b3e0da5a1efaf3099951f42ce4c7\$lut for cells of type $lut.
Using template $paramod$eb8c1ca189275cd27ca244b11460df4cb327c3fb\$lut for cells of type $lut.
Using template $paramod$765dca61dbfa835dacf2a260c8a4c5a36939a046\$lut for cells of type $lut.
Using template $paramod$595b4955041ceff09e28d600fe79275c24ba9878\$lut for cells of type $lut.
Using template $paramod\$lut\WIDTH=32'00000000000000000000000000000011\LUT=8'00100111 for cells of type $lut.
Using template $paramod\$lut\WIDTH=32'00000000000000000000000000000011\LUT=8'01110010 for cells of type $lut.
Using template $paramod$51adb1afea57a9560b9534400e9af12cb2df0ba0\$lut for cells of type $lut.
Using template $paramod$6f625205336ac6ce7b8747324becdbce1049bc9c\$lut for cells of type $lut.
Using template $paramod$348e2e3c2386524c4c07656cb22e89d0405fecdc\$lut for cells of type $lut.
Using template $paramod$da2f95476331ffa2143f8212db8aff730de806a0\$lut for cells of type $lut.
Using template $paramod$7f0c33ebaba0ede46854143fc6bff56677faafba\$lut for cells of type $lut.
Using template $paramod$111f8c0bfad19fd2eab2ccc44f00d5beb136fc1a\$lut for cells of type $lut.
Using template $paramod$bb71bff1269f21262324e9e77ea2b51236b5cf06\$lut for cells of type $lut.
Using template $paramod\$lut\WIDTH=32'00000000000000000000000000000011\LUT=8'01001101 for cells of type $lut.
Using template $paramod\$lut\WIDTH=32'00000000000000000000000000000011\LUT=8'00101011 for cells of type $lut.
Using template $paramod\$lut\WIDTH=32'00000000000000000000000000000011\LUT=8'01110001 for cells of type $lut.
Using template $paramod\$lut\WIDTH=32'00000000000000000000000000000011\LUT=8'10001101 for cells of type $lut.
Using template $paramod$ee55d4d1d1d7325f58dbdbfce0ec75c463d4291c\$lut for cells of type $lut.
Using template $paramod$0717b53ed64c85172e2a6cfa8637b86116dd3ba3\$lut for cells of type $lut.
Using template $paramod\$lut\WIDTH=32'00000000000000000000000000000011\LUT=8'01001110 for cells of type $lut.
Using template $paramod$d76487b0cc9632960004c57209ab969f1d4e619c\$lut for cells of type $lut.
Using template $paramod$af2b970363478c934f632261f05f42c59b0d7a99\$lut for cells of type $lut.
Using template $paramod\$lut\WIDTH=32'00000000000000000000000000000010\LUT=4'0001 for cells of type $lut.
Using template $paramod$b2077130d89736f5191d0d24f7f6ffd3bddb0a2d\$lut for cells of type $lut.
Using template $paramod$5ddfd1ea4f5227b248c326983159684afd6d7d86\$lut for cells of type $lut.
Using template $paramod\$lut\WIDTH=32'00000000000000000000000000000011\LUT=8'11011000 for cells of type $lut.
Using template $paramod$519b6e2dbfd66920b2d4aeae7cc975bcfc27990a\$lut for cells of type $lut.
Using template $paramod$239a649c3c5dcff42e28a38401931acf401ef810\$lut for cells of type $lut.
Using template $paramod$ef14303192218c8dd28cb97c03357085cb7c4d4d\$lut for cells of type $lut.
Using template $paramod$61af77eed7f358aa49c13132fc0b60ac3ba6c211\$lut for cells of type $lut.
Using template $paramod$4adb41216162ad4c68ce9ea5c48385c753262ac3\$lut for cells of type $lut.
Using template $paramod$bd7578d8ce3e2437ea907b1d5f654d907114be68\$lut for cells of type $lut.
Using template $paramod$60c57a531d15ac3dc4cc2d9845c81479cc8e53ec\$lut for cells of type $lut.
Using template $paramod$74db7ebdc203ab2b8e34f5d81b5d1b49c6ee3ec6\$lut for cells of type $lut.
Using template $paramod$37275f9005096a8b3beded7be16e5d19f7397fa0\$lut for cells of type $lut.
Using template $paramod$1c90c77c2db36188eacc8d86dc7c5b73360a4089\$lut for cells of type $lut.
Using template $paramod\$lut\WIDTH=32'00000000000000000000000000000011\LUT=8'01011100 for cells of type $lut.
Using template $paramod$45bc8a035811672fb24512b03898abf475979d07\$lut for cells of type $lut.
Using template $paramod$3fd12db03aeee29b04c450792ea328ef1bb1f18d\$lut for cells of type $lut.
Using template $paramod$83dbb01e5f200dd2359b4ac7183ac80b0f267ba1\$lut for cells of type $lut.
Using template $paramod$98d40e23bb57d56e14345fb0942003de3e361f25\$lut for cells of type $lut.
Using template $paramod$9a9667a1df0ca7c7bfd1e1e669e4ec6b25f2b2cf\$lut for cells of type $lut.
Using template $paramod$718208d0d7c444e4924e09c40d40e7ac2bd4dfe6\$lut for cells of type $lut.
Using template $paramod$4e309f6669eadcfa589d4ae302672e3a030a20a5\$lut for cells of type $lut.
Using template $paramod$5766b753e513aa2393ffc25ef94ebc79dc098484\$lut for cells of type $lut.
Using template $paramod$2e242b3870fd1c78b14e7f95ffa17bf0b3a3339c\$lut for cells of type $lut.
Using template $paramod$1f3b67373a23476b64a6ed61bde9dbe9df1086de\$lut for cells of type $lut.
Using template $paramod$5829f5d2a4c5757263ee6385c6142d3c7cf9e5be\$lut for cells of type $lut.
Using template $paramod\$lut\WIDTH=32'00000000000000000000000000000011\LUT=8'00010010 for cells of type $lut.
Using template $paramod$704cad882e2bedddf5c55ef18de55c67afe1e0ec\$lut for cells of type $lut.
Using template $paramod$8c218f07f4fcb7aa89542ff3d7405186c308b9d1\$lut for cells of type $lut.
Using template $paramod$a70c36ce9c272ff5b653554a904c7bf311d2f478\$lut for cells of type $lut.
Using template $paramod$10a6d42c84663fca6c1622800fdec61acbd34667\$lut for cells of type $lut.
Using template $paramod$573269cdf5f92479a3d66b4e920186d363a31a37\$lut for cells of type $lut.
Using template $paramod$3f6fe0730f7978b946a57d55a78e206b053e637b\$lut for cells of type $lut.
Using template $paramod$d0fe7556ef6223c467da0bfe5c6e9cca5c3fc0e5\$lut for cells of type $lut.
Using template $paramod\$lut\WIDTH=32'00000000000000000000000000000011\LUT=8'00000001 for cells of type $lut.
Using template $paramod$14b80525af927eeb5ee7aec94197b71787e3a226\$lut for cells of type $lut.
Using template $paramod$a1a2877a6803267a5ea4355589ca492869b94a2e\$lut for cells of type $lut.
Using template $paramod$a85ebd6dbce260a424aa930b9de7e23340032580\$lut for cells of type $lut.
Using template $paramod$545506bd116676813f41816e238f31427fbb4a59\$lut for cells of type $lut.
Using template $paramod$8c8f9849b706a41c3d0c3a7dba859bcfc04ec2a4\$lut for cells of type $lut.
Using template $paramod\$lut\WIDTH=32'00000000000000000000000000000011\LUT=8'00000010 for cells of type $lut.
Using template $paramod$b7084eb5c1eed784a549f3d0034b408474cdb57e\$lut for cells of type $lut.
Using template $paramod$90b499009889daab8f9b82c9a03bab65326c30e0\$lut for cells of type $lut.
Using template $paramod\$lut\WIDTH=32'00000000000000000000000000000011\LUT=8'10110001 for cells of type $lut.
Using template $paramod$5ddde992c8bae5d379e77b9a4f3b5144d1540e49\$lut for cells of type $lut.
Using template $paramod$2c637120c6d9fc5c5bf88b8f5959bb09ad31cbae\$lut for cells of type $lut.
Using template $paramod$4c88393ad9ed238970747e958ba25ce0c61336e7\$lut for cells of type $lut.
Using template $paramod$f4ae1b1baef5c12e8f4145811caebb30472d171f\$lut for cells of type $lut.
Using template $paramod$75f85a78031080227edcb6919edb04f83a1965df\$lut for cells of type $lut.
Using template $paramod$ed4b624f477a67dbd878e676981471b9a7808c29\$lut for cells of type $lut.
Using template $paramod$1863aeb740e7fb1767b114ad39b422c808f8f804\$lut for cells of type $lut.
Using template $paramod$8466aae7f3132f822e70bbd8738850d820750479\$lut for cells of type $lut.
Using template $paramod\$lut\WIDTH=32'00000000000000000000000000000011\LUT=8'00001001 for cells of type $lut.
Using template $paramod$e876a0bb5cc43721691604ba530fe3c2dc6d67d4\$lut for cells of type $lut.
Using template $paramod$e3cb46169a670fed3cc26ed7eae42c258f417688\$lut for cells of type $lut.
Using template $paramod$d6b00b06719051e8e0d21d321c25f50651e7dd46\$lut for cells of type $lut.
Using template $paramod$78e1751931755f088c8bc676bcbc3bb642c26bfc\$lut for cells of type $lut.
Using template $paramod$c01d1f1a2c22a23f58c65a92a9c94eaeebcde834\$lut for cells of type $lut.
Using template $paramod$5c24efb1ef00c2fbe6898cb18002d4748c418328\$lut for cells of type $lut.
Using template $paramod$c3e1dc7b9e539f115f21c9fa61c94c4df05b91c1\$lut for cells of type $lut.
Using template $paramod$69f20e0703606f2ffd2ee27cd26f815bd5eeb6e9\$lut for cells of type $lut.
Using template $paramod$5b13d2ee598c87cdbe912286a35c6fd102e2087c\$lut for cells of type $lut.
Using template $paramod$041aa1dcdd60d3c4ff6eb6326c9e544a0334c607\$lut for cells of type $lut.
Using template $paramod$94d5fc7f7d3f71ae26b9c1532bd8787f0c4d523d\$lut for cells of type $lut.
Using template $paramod$1b53a9695a0f80de7517b50863b438fd2b7f56da\$lut for cells of type $lut.
Using template $paramod$7877d527492ad3720a88b18daf63b0fa7c86e698\$lut for cells of type $lut.
Using template $paramod$2510afe66ec126ebc07fa7555a4626b2e1c20bbc\$lut for cells of type $lut.
Using template $paramod$c11c416c6f0f04261a8c2eab35675e4e25d673ef\$lut for cells of type $lut.
Using template $paramod\$lut\WIDTH=32'00000000000000000000000000000011\LUT=8'10000010 for cells of type $lut.
Using template $paramod\$lut\WIDTH=32'00000000000000000000000000000011\LUT=8'00001101 for cells of type $lut.
Using template $paramod$c4cce4bfd697b838d0c4767d2ae0bddeb328616a\$lut for cells of type $lut.
Using template $paramod$0d709b8c133785f04f3bc7f0657ef7e79d5ab1ce\$lut for cells of type $lut.
Using template $paramod$9d32b60321ffbbc78f2c64a7d9dbbcb7fe6bc7ca\$lut for cells of type $lut.
Using template $paramod$272652f6c6fbe9a75eff76e45cc7e2788835518b\$lut for cells of type $lut.
Using template $paramod$1d249a681c3bd2ce105b9b74f280ffee082c3e51\$lut for cells of type $lut.
Using template $paramod\$lut\WIDTH=32'00000000000000000000000000000011\LUT=8'10100011 for cells of type $lut.
Using template $paramod$e5f3577946f60d63352a885a0122ac782d653d41\$lut for cells of type $lut.
Using template $paramod$ff018f8118c9d0c954d62f1fec3ad144d393db1f\$lut for cells of type $lut.
Using template $paramod$7c418fbd5d01676c615e2904ea5646d50988ba6a\$lut for cells of type $lut.
Using template $paramod\$lut\WIDTH=32'00000000000000000000000000000011\LUT=8'01111000 for cells of type $lut.
Using template $paramod$97ffa561eda7a6ed1388948efb8184ff8a2a1324\$lut for cells of type $lut.
Using template $paramod$2ed94d1dfad155e72d4a62c9181d5bf3f66bed65\$lut for cells of type $lut.
Using template $paramod\$lut\WIDTH=32'00000000000000000000000000000011\LUT=8'11100000 for cells of type $lut.
Using template $paramod$bf06169ef550db86000bc1cd8f12ae4424083453\$lut for cells of type $lut.
Using template $paramod$6f8c8cdc4b3e951baba96b2acd13eabbb5e850fe\$lut for cells of type $lut.
Using template $paramod$e5cb8e913f4daae476fde2b364998f21967f1f08\$lut for cells of type $lut.
Using template $paramod\$lut\WIDTH=32'00000000000000000000000000000011\LUT=8'00011110 for cells of type $lut.
Using template $paramod$89ce1067ddd7d1b862c35a14cf05e043d151c807\$lut for cells of type $lut.
Using template $paramod$b30bebc72dd0e5d803f249e61f4e944f7b20c163\$lut for cells of type $lut.
Using template $paramod$868427562418b5dc988caeac6a54689ec9c9025e\$lut for cells of type $lut.
Using template $paramod$df9855fa7e798ac48f8ba40c6b704dfcd2d4bfb3\$lut for cells of type $lut.
Using template $paramod$ca209542bd629054585e025c08ec38b9cb8d9afd\$lut for cells of type $lut.
Using template $paramod$bd3bf709159bdc54ad609699f0a1d973b3608b4c\$lut for cells of type $lut.
Using template $paramod$857512ea84a5fe5464efcd374b77666399ea78e1\$lut for cells of type $lut.
Using template $paramod\$lut\WIDTH=32'00000000000000000000000000000011\LUT=8'10111101 for cells of type $lut.
Using template $paramod$fa52ca6b43a8a2ed601f91ea887a8b0e31f6b1a4\$lut for cells of type $lut.
Using template $paramod$480632dc6f7c037df6062cf8bf88300b5262c395\$lut for cells of type $lut.
Using template $paramod\$lut\WIDTH=32'00000000000000000000000000000011\LUT=8'00111010 for cells of type $lut.
Using template $paramod\$lut\WIDTH=32'00000000000000000000000000000011\LUT=8'11011011 for cells of type $lut.
Using template $paramod\$lut\WIDTH=32'00000000000000000000000000000011\LUT=8'00100000 for cells of type $lut.
Using template $paramod$3e5ce1b2bbd5dd5086a50562a04d97f7e5d3d73e\$lut for cells of type $lut.
Using template $paramod$ca86591040dbe64aa35183ac945eedfef3cb8ba6\$lut for cells of type $lut.
Using template $paramod\$lut\WIDTH=32'00000000000000000000000000000011\LUT=8'01101011 for cells of type $lut.
Using template $paramod\$lut\WIDTH=32'00000000000000000000000000000011\LUT=8'11010100 for cells of type $lut.
Using template $paramod\$lut\WIDTH=32'00000000000000000000000000000011\LUT=8'00011011 for cells of type $lut.
Using template $paramod$6ab1af087b7cdbbe9fe0b2c8de0775ec05f2311f\$lut for cells of type $lut.
Using template $paramod$84703685dd660e8070a03d91f140d249b7ff21b0\$lut for cells of type $lut.
Using template $paramod$487fcf47adc3ad08bbaaca1bd93e16de85c4d320\$lut for cells of type $lut.
Using template $paramod$fbe2feb6d933d4c56e0faee97e394f4ceacd9c65\$lut for cells of type $lut.
Using template $paramod$6a34cd5b50e324824168b4186d0b04ba5e83b039\$lut for cells of type $lut.
Using template $paramod$a067ca065a0e8fdac308d6893e69914865d54ec4\$lut for cells of type $lut.
Using template $paramod\$lut\WIDTH=32'00000000000000000000000000000011\LUT=8'11100100 for cells of type $lut.
Using template $paramod$014b659db5d002405936b374e32d204782099707\$lut for cells of type $lut.
Using template $paramod\$lut\WIDTH=32'00000000000000000000000000000011\LUT=8'00011101 for cells of type $lut.
Using template $paramod$4163b45a083a6eb56c1c8997ba12559e277e1408\$lut for cells of type $lut.
Using template $paramod$6e238df02989b317f10820a22773676e71120644\$lut for cells of type $lut.
Using template $paramod$bf53f1fd8c0c59f30803a2bee6113ae7cbc85e0c\$lut for cells of type $lut.
Using template $paramod\$lut\WIDTH=32'00000000000000000000000000000011\LUT=8'00000100 for cells of type $lut.
Using template $paramod$a587c1fcf59d0d189a71852ec78cfa754743eaf1\$lut for cells of type $lut.
Using template $paramod\$lut\WIDTH=32'00000000000000000000000000000011\LUT=8'10101001 for cells of type $lut.
Using template $paramod$24b67fade1852074c0ac6a4c585dd4228e286f08\$lut for cells of type $lut.
Using template $paramod$90bf02bfbc9ec8907e9d716c05e921b93d4705fd\$lut for cells of type $lut.
Using template $paramod\$lut\WIDTH=32'00000000000000000000000000000011\LUT=8'01010110 for cells of type $lut.
Using template $paramod$11f47a89f09b4ec40804e1037c78a1ab86a7860f\$lut for cells of type $lut.
Using template $paramod$5740df651bf8a31549e87c57e874438f4231ceba\$lut for cells of type $lut.
Using template $paramod$746e079691931a7a75eca548b520591dac2af82b\$lut for cells of type $lut.
Using template $paramod$e1394f544e14de163334238067bf8a804ae8a567\$lut for cells of type $lut.
Using template $paramod$ecf2a17c061c17763d12592309f482d512af5e13\$lut for cells of type $lut.
Using template $paramod$f5598bdf7d99fbb010b9ad37cfc115d5aefe2f8c\$lut for cells of type $lut.
Using template $paramod$01c90452d4d04d178ef3ca3be8d1ce3312f0b4d8\$lut for cells of type $lut.
Using template $paramod$30032d2675f54576b7e96cb375157ce4a4d45634\$lut for cells of type $lut.
Using template $paramod$084922b40d1a933b2b6e59d69b8b649bfa1bca01\$lut for cells of type $lut.
Using template $paramod$033b10bccacf92b808634d8cf260cef1a432a306\$lut for cells of type $lut.
Using template $paramod$408a02644e8d331299a8fe898306bcda6330c9a0\$lut for cells of type $lut.
Using template $paramod\$lut\WIDTH=32'00000000000000000000000000000011\LUT=8'00000110 for cells of type $lut.
Using template $paramod$3761ea369995bad12b802065ff9d35a1c62ea8ef\$lut for cells of type $lut.
Using template $paramod\$lut\WIDTH=32'00000000000000000000000000000011\LUT=8'01101101 for cells of type $lut.
Using template $paramod$9341e4171caaa01d182da9fd1117938ba9d6c7f9\$lut for cells of type $lut.
Using template $paramod$7d22f729a27487c877ab902d73258f039781ff1b\$lut for cells of type $lut.
Using template $paramod$db875e90304a3ee365a645ddecdb72c5d5968a82\$lut for cells of type $lut.
Using template $paramod$47a8214374025465e226fa66bee690ff33268a25\$lut for cells of type $lut.
Using template $paramod$cfe3ceab1ea50bd0165884965062a78fff9c9759\$lut for cells of type $lut.
Using template $paramod$a6bf65ed998c362ed14a3156d003d80555eebada\$lut for cells of type $lut.
Using template $paramod\$lut\WIDTH=32'00000000000000000000000000000011\LUT=8'00110110 for cells of type $lut.
Using template $paramod$099540ad9a68db11e56d3c49bc1da426505b7d0d\$lut for cells of type $lut.
Using template $paramod$c1ecd13b5e2feb77a725850b71cc8207f7841c40\$lut for cells of type $lut.
Using template $paramod$3f3d19799fe0d8c5eadeb5069383f24156e85897\$lut for cells of type $lut.
Using template $paramod\$lut\WIDTH=32'00000000000000000000000000000011\LUT=8'00101000 for cells of type $lut.
Using template $paramod\$lut\WIDTH=32'00000000000000000000000000000011\LUT=8'11010010 for cells of type $lut.
Using template $paramod$01c2ba0d5fa454e49f20c5667ef7cfab937f9ed6\$lut for cells of type $lut.
Using template $paramod$de52a65f985bb8c1904b1b12752998fc37477714\$lut for cells of type $lut.
Using template $paramod$8d7a8d6e3356de09670738ba85f2c6b874f6b06d\$lut for cells of type $lut.
Using template $paramod$f4281cc75e71c5647c0767b4f2e4b2b5e0b782ca\$lut for cells of type $lut.
Using template $paramod$610895a8fdbf27a4d2da55f6513bb969354802ea\$lut for cells of type $lut.
Using template $paramod$956157c0497c969d2ee7549e519f18a7bb88f829\$lut for cells of type $lut.
Using template $paramod$be7809dcf5becaceca8bd4cf2dfe545e2fa9c477\$lut for cells of type $lut.
Using template $paramod$2f3577571d5c3142f074016ee0edb7ccc9033855\$lut for cells of type $lut.
Using template $paramod$7f91b6aba53c47e1460722c8a4023f8d724a9eb1\$lut for cells of type $lut.
Using template $paramod$0dd26dc33db10671dd5dbd19fcd0df2680097d6e\$lut for cells of type $lut.
Using template $paramod$8fbefeb634a4a275ce7207ab33dd7f7b52a837d6\$lut for cells of type $lut.
Using template $paramod$4a7aa3912ceee3b0f19a96cd6b9dc271a63d3568\$lut for cells of type $lut.
Using template $paramod$2bdfdda73873e8931790d872b72220895e67fee5\$lut for cells of type $lut.
Using template $paramod$a8c32efd72d2e5a4f2d5ec49f139b77544f5b0df\$lut for cells of type $lut.
Using template $paramod$c65acfd61ae70b5ce04c0aafaf2a256ff80af4df\$lut for cells of type $lut.
Using template $paramod$2e2222461fa8d6f04456b90983e68514b0e7e272\$lut for cells of type $lut.
Using template $paramod\$lut\WIDTH=32'00000000000000000000000000000011\LUT=8'11010001 for cells of type $lut.
Using template $paramod$3f0549729b9cf7d6fa6533d688d092bceca9764e\$lut for cells of type $lut.
Using template $paramod$4dd5b1d4cb7bc440ba68b0fa6aa973feec2db8d7\$lut for cells of type $lut.
Using template $paramod$0fb3437f3229691986674bbb93ca3e579291b720\$lut for cells of type $lut.
Using template $paramod$a0df0dc5f1ef530b2aa68f7edcde3f6400cd8b5c\$lut for cells of type $lut.
Using template $paramod$af15795a06c603a08d9895ab4b39ec00e070ccf8\$lut for cells of type $lut.
Using template $paramod$79d6f3e6eb08d18dd4ba3d4f15460522ccd0803e\$lut for cells of type $lut.
Using template $paramod\$lut\WIDTH=32'00000000000000000000000000000011\LUT=8'10001011 for cells of type $lut.
Using template $paramod$0de052767abdccc3aefc818722bdc3c7850d25d6\$lut for cells of type $lut.
Using template $paramod$f1029f646005abda698426a043a7c8fe4e2bd078\$lut for cells of type $lut.
Using template $paramod$e56d99447d8a3ece8eda45209ed4b9fdcdbf8d26\$lut for cells of type $lut.
Using template $paramod$238ce1c123ccd5620a61157a2c5350ee6fc4d4ff\$lut for cells of type $lut.
Using template $paramod\$lut\WIDTH=32'00000000000000000000000000000011\LUT=8'11100001 for cells of type $lut.
Using template $paramod$1a64f21ea15b05b7fc930804a66f6689ebbd6394\$lut for cells of type $lut.
Using template $paramod$a5516fc31d1e552de2435200bb732b4d4ad63a9c\$lut for cells of type $lut.
Using template $paramod$e6885375a37295d84d5ace80fd24ba64b7aaf24e\$lut for cells of type $lut.
Using template $paramod$589a3f982da79fa8946e49d2903c90d62ebf1752\$lut for cells of type $lut.
Using template $paramod\$lut\WIDTH=32'00000000000000000000000000000011\LUT=8'01010011 for cells of type $lut.
Using template $paramod\$lut\WIDTH=32'00000000000000000000000000000010\LUT=4'1110 for cells of type $lut.
No more expansions possible.
<suppressed ~14165 debug messages>
Removed 0 unused cells and 28070 unused wires.

3.46. Executing AUTONAME pass.
Renamed 1719316 objects in module tcn_network_8ch_2layer (490 iterations).
<suppressed ~18707 debug messages>

3.47. Executing HIERARCHY pass (managing design hierarchy).

3.47.1. Analyzing design hierarchy..
Top module:  \tcn_network_8ch_2layer

3.47.2. Analyzing design hierarchy..
Top module:  \tcn_network_8ch_2layer
Removed 0 unused modules.

3.48. Printing statistics.

=== tcn_network_8ch_2layer ===

   Number of wires:               6143
   Number of wire bits:          18580
   Number of public wires:        6143
   Number of public wire bits:   18580
   Number of ports:                  7
   Number of port bits:            133
   Number of memories:               0
   Number of memory bits:            0
   Number of processes:              0
   Number of cells:              12660
     $scopeinfo                      2
     SB_CARRY                     1065
     SB_DFFESR                     640
     SB_DFFSR                        2
     SB_LUT4                     10951

3.49. Executing CHECK pass (checking for obvious problems).
Checking module tcn_network_8ch_2layer...
Found and reported 0 problems.

3.50. Executing JSON backend.

Warnings: 2 unique messages, 6 total
End of script. Logfile hash: 174c4a4ae8, CPU: user 11.55s system 0.52s
Yosys 0.42 (git sha1 9b6afcf3f, clang++ 15.0.0 -fPIC -Os)
Time spent: 64% 1x abc9_exe (22 sec), 8% 29x opt_expr (3 sec), ...
