
 /----------------------------------------------------------------------------\
 |  yosys -- Yosys Open SYnthesis Suite                                       |
 |  Copyright (C) 2012 - 2024  Claire Xenia Wolf <claire@yosyshq.com>         |
 |  Distributed under an ISC-like license, type "license" to see terms        |
 \----------------------------------------------------------------------------/
 Yosys 0.42 (git sha1 9b6afcf3f, clang++ 15.0.0 -fPIC -Os)

-- Running command `read_verilog "/Users/adarmaori/Desktop/Final Project/FPGA/conv1d_large_4mult.v" "quant_reports_k32_4mult/conv1d_large_4mult_k32_s8_w4_a24/conv1d_large_engine.v" "conv1d_large_benchmark_top.v"; chparam -set SAMPLE_WIDTH 8 conv1d_large_benchmark_top; chparam -set WEIGHT_WIDTH 4 conv1d_large_benchmark_top; chparam -set ACC_WIDTH 24 conv1d_large_benchmark_top; chparam -set KERNEL_TAPS 32 conv1d_large_benchmark_top; synth_ice40 -top conv1d_large_benchmark_top -json quant_reports_k32_4mult/conv1d_large_4mult_k32_s8_w4_a24/conv.json' --

1. Executing Verilog-2005 frontend: /Users/adarmaori/Desktop/Final Project/FPGA/conv1d_large_4mult.v
Parsing Verilog input from `/Users/adarmaori/Desktop/Final Project/FPGA/conv1d_large_4mult.v' to AST representation.
Generating RTLIL representation for module `\conv1d_large_4mult'.
Warning: Replacing memory \tap with list of registers. See /Users/adarmaori/Desktop/Final$20Project/FPGA/conv1d_large_4mult.v:55
Warning: Replacing memory \history with list of registers. See /Users/adarmaori/Desktop/Final$20Project/FPGA/conv1d_large_4mult.v:52
Successfully finished Verilog frontend.

2. Executing Verilog-2005 frontend: quant_reports_k32_4mult/conv1d_large_4mult_k32_s8_w4_a24/conv1d_large_engine.v
Parsing Verilog input from `quant_reports_k32_4mult/conv1d_large_4mult_k32_s8_w4_a24/conv1d_large_engine.v' to AST representation.
Generating RTLIL representation for module `\conv1d_large_engine'.
Successfully finished Verilog frontend.

3. Executing Verilog-2005 frontend: conv1d_large_benchmark_top.v
Parsing Verilog input from `conv1d_large_benchmark_top.v' to AST representation.
Generating RTLIL representation for module `\conv1d_large_benchmark_top'.
Successfully finished Verilog frontend.
Parameter \SAMPLE_WIDTH = 8

4. Executing AST frontend in derive mode using pre-parsed AST for module `\conv1d_large_benchmark_top'.
Parameter \SAMPLE_WIDTH = 8
Generating RTLIL representation for module `$paramod\conv1d_large_benchmark_top\SAMPLE_WIDTH=32'00000000000000000000000000001000'.
Parameter \WEIGHT_WIDTH = 4

5. Executing AST frontend in derive mode using pre-parsed AST for module `\conv1d_large_benchmark_top'.
Parameter \WEIGHT_WIDTH = 4
Generating RTLIL representation for module `$paramod\conv1d_large_benchmark_top\WEIGHT_WIDTH=32'00000000000000000000000000000100'.
Parameter \ACC_WIDTH = 24

6. Executing AST frontend in derive mode using pre-parsed AST for module `\conv1d_large_benchmark_top'.
Parameter \ACC_WIDTH = 24
Generating RTLIL representation for module `$paramod\conv1d_large_benchmark_top\ACC_WIDTH=32'00000000000000000000000000011000'.
Parameter \KERNEL_TAPS = 32

7. Executing AST frontend in derive mode using pre-parsed AST for module `\conv1d_large_benchmark_top'.
Parameter \KERNEL_TAPS = 32
Generating RTLIL representation for module `$paramod\conv1d_large_benchmark_top\KERNEL_TAPS=32'00000000000000000000000000100000'.

8. Executing SYNTH_ICE40 pass.

8.1. Executing Verilog-2005 frontend: /opt/homebrew/bin/../share/yosys/ice40/cells_sim.v
Parsing Verilog input from `/opt/homebrew/bin/../share/yosys/ice40/cells_sim.v' to AST representation.
Generating RTLIL representation for module `\SB_IO'.
Generating RTLIL representation for module `\SB_GB_IO'.
Generating RTLIL representation for module `\SB_GB'.
Generating RTLIL representation for module `\SB_LUT4'.
Generating RTLIL representation for module `\SB_CARRY'.
Generating RTLIL representation for module `\SB_DFF'.
Generating RTLIL representation for module `\SB_DFFE'.
Generating RTLIL representation for module `\SB_DFFSR'.
Generating RTLIL representation for module `\SB_DFFR'.
Generating RTLIL representation for module `\SB_DFFSS'.
Generating RTLIL representation for module `\SB_DFFS'.
Generating RTLIL representation for module `\SB_DFFESR'.
Generating RTLIL representation for module `\SB_DFFER'.
Generating RTLIL representation for module `\SB_DFFESS'.
Generating RTLIL representation for module `\SB_DFFES'.
Generating RTLIL representation for module `\SB_DFFN'.
Generating RTLIL representation for module `\SB_DFFNE'.
Generating RTLIL representation for module `\SB_DFFNSR'.
Generating RTLIL representation for module `\SB_DFFNR'.
Generating RTLIL representation for module `\SB_DFFNSS'.
Generating RTLIL representation for module `\SB_DFFNS'.
Generating RTLIL representation for module `\SB_DFFNESR'.
Generating RTLIL representation for module `\SB_DFFNER'.
Generating RTLIL representation for module `\SB_DFFNESS'.
Generating RTLIL representation for module `\SB_DFFNES'.
Generating RTLIL representation for module `\SB_RAM40_4K'.
Generating RTLIL representation for module `\SB_RAM40_4KNR'.
Generating RTLIL representation for module `\SB_RAM40_4KNW'.
Generating RTLIL representation for module `\SB_RAM40_4KNRNW'.
Generating RTLIL representation for module `\ICESTORM_LC'.
Generating RTLIL representation for module `\SB_PLL40_CORE'.
Generating RTLIL representation for module `\SB_PLL40_PAD'.
Generating RTLIL representation for module `\SB_PLL40_2_PAD'.
Generating RTLIL representation for module `\SB_PLL40_2F_CORE'.
Generating RTLIL representation for module `\SB_PLL40_2F_PAD'.
Generating RTLIL representation for module `\SB_WARMBOOT'.
Generating RTLIL representation for module `\SB_SPRAM256KA'.
Generating RTLIL representation for module `\SB_HFOSC'.
Generating RTLIL representation for module `\SB_LFOSC'.
Generating RTLIL representation for module `\SB_RGBA_DRV'.
Generating RTLIL representation for module `\SB_LED_DRV_CUR'.
Generating RTLIL representation for module `\SB_RGB_DRV'.
Generating RTLIL representation for module `\SB_I2C'.
Generating RTLIL representation for module `\SB_SPI'.
Generating RTLIL representation for module `\SB_LEDDA_IP'.
Generating RTLIL representation for module `\SB_FILTER_50NS'.
Generating RTLIL representation for module `\SB_IO_I3C'.
Generating RTLIL representation for module `\SB_IO_OD'.
Generating RTLIL representation for module `\SB_MAC16'.
Generating RTLIL representation for module `\ICESTORM_RAM'.
Successfully finished Verilog frontend.

8.2. Executing HIERARCHY pass (managing design hierarchy).

8.2.1. Analyzing design hierarchy..
Top module:  \conv1d_large_benchmark_top
Used module:     \conv1d_large_engine
Used module:         \conv1d_large_4mult
Parameter \SAMPLE_WIDTH = 8
Parameter \WEIGHT_WIDTH = 8
Parameter \ACC_WIDTH = 32
Parameter \DILATION = 1
Parameter \KERNEL_TAPS = 32
Parameter \BIAS = 0

8.2.2. Executing AST frontend in derive mode using pre-parsed AST for module `\conv1d_large_4mult'.
Parameter \SAMPLE_WIDTH = 8
Parameter \WEIGHT_WIDTH = 8
Parameter \ACC_WIDTH = 32
Parameter \DILATION = 1
Parameter \KERNEL_TAPS = 32
Parameter \BIAS = 0
Generating RTLIL representation for module `$paramod$9a5d4607c6d410764a6e490cc9d604d51a78e84a\conv1d_large_4mult'.
Warning: Replacing memory \tap with list of registers. See /Users/adarmaori/Desktop/Final$20Project/FPGA/conv1d_large_4mult.v:55
Warning: Replacing memory \history with list of registers. See /Users/adarmaori/Desktop/Final$20Project/FPGA/conv1d_large_4mult.v:52
Parameter \SAMPLE_WIDTH = 8
Parameter \WEIGHT_WIDTH = 4
Parameter \ACC_WIDTH = 24
Parameter \DILATION = 1
Parameter \KERNEL_TAPS = 32
Parameter \BIAS = 24'000000000000000000000000

8.2.3. Executing AST frontend in derive mode using pre-parsed AST for module `\conv1d_large_engine'.
Parameter \SAMPLE_WIDTH = 8
Parameter \WEIGHT_WIDTH = 4
Parameter \ACC_WIDTH = 24
Parameter \DILATION = 1
Parameter \KERNEL_TAPS = 32
Parameter \BIAS = 24'000000000000000000000000
Generating RTLIL representation for module `$paramod$7f477315f35ad44021ae5d9d7dad4f197c1f8b8a\conv1d_large_engine'.

8.2.4. Analyzing design hierarchy..
Top module:  \conv1d_large_benchmark_top
Used module:     $paramod$7f477315f35ad44021ae5d9d7dad4f197c1f8b8a\conv1d_large_engine
Used module:         \conv1d_large_4mult
Parameter \SAMPLE_WIDTH = 8
Parameter \WEIGHT_WIDTH = 4
Parameter \ACC_WIDTH = 24
Parameter \DILATION = 1
Parameter \KERNEL_TAPS = 32
Parameter \BIAS = 24'000000000000000000000000

8.2.5. Executing AST frontend in derive mode using pre-parsed AST for module `\conv1d_large_4mult'.
Parameter \SAMPLE_WIDTH = 8
Parameter \WEIGHT_WIDTH = 4
Parameter \ACC_WIDTH = 24
Parameter \DILATION = 1
Parameter \KERNEL_TAPS = 32
Parameter \BIAS = 24'000000000000000000000000
Generating RTLIL representation for module `$paramod$c89cb14d58f3306e1f79ef0e7bfeb69d00c509b8\conv1d_large_4mult'.
Warning: Replacing memory \tap with list of registers. See /Users/adarmaori/Desktop/Final$20Project/FPGA/conv1d_large_4mult.v:55
Warning: Replacing memory \history with list of registers. See /Users/adarmaori/Desktop/Final$20Project/FPGA/conv1d_large_4mult.v:52

8.2.6. Analyzing design hierarchy..
Top module:  \conv1d_large_benchmark_top
Used module:     $paramod$7f477315f35ad44021ae5d9d7dad4f197c1f8b8a\conv1d_large_engine
Used module:         $paramod$c89cb14d58f3306e1f79ef0e7bfeb69d00c509b8\conv1d_large_4mult

8.2.7. Analyzing design hierarchy..
Top module:  \conv1d_large_benchmark_top
Used module:     $paramod$7f477315f35ad44021ae5d9d7dad4f197c1f8b8a\conv1d_large_engine
Used module:         $paramod$c89cb14d58f3306e1f79ef0e7bfeb69d00c509b8\conv1d_large_4mult
Removing unused module `$paramod$9a5d4607c6d410764a6e490cc9d604d51a78e84a\conv1d_large_4mult'.
Removing unused module `\conv1d_large_engine'.
Removing unused module `\conv1d_large_4mult'.
Removed 3 unused modules.

8.3. Executing PROC pass (convert processes to netlists).

8.3.1. Executing PROC_CLEAN pass (remove empty switches from decision trees).
Cleaned up 0 empty switches.

8.3.2. Executing PROC_RMDEAD pass (remove dead branches from decision trees).
Marked 1 switch rules as full_case in process $proc$/opt/homebrew/bin/../share/yosys/ice40/cells_sim.v:1414$379 in module SB_DFFNES.
Marked 1 switch rules as full_case in process $proc$/opt/homebrew/bin/../share/yosys/ice40/cells_sim.v:1353$372 in module SB_DFFNESS.
Marked 1 switch rules as full_case in process $proc$/opt/homebrew/bin/../share/yosys/ice40/cells_sim.v:1273$368 in module SB_DFFNER.
Marked 1 switch rules as full_case in process $proc$/opt/homebrew/bin/../share/yosys/ice40/cells_sim.v:1212$361 in module SB_DFFNESR.
Marked 1 switch rules as full_case in process $proc$/opt/homebrew/bin/../share/yosys/ice40/cells_sim.v:1138$358 in module SB_DFFNS.
Marked 1 switch rules as full_case in process $proc$/opt/homebrew/bin/../share/yosys/ice40/cells_sim.v:1088$355 in module SB_DFFNSS.
Marked 1 switch rules as full_case in process $proc$/opt/homebrew/bin/../share/yosys/ice40/cells_sim.v:1017$352 in module SB_DFFNR.
Marked 1 switch rules as full_case in process $proc$/opt/homebrew/bin/../share/yosys/ice40/cells_sim.v:967$349 in module SB_DFFNSR.
Marked 1 switch rules as full_case in process $proc$/opt/homebrew/bin/../share/yosys/ice40/cells_sim.v:803$341 in module SB_DFFES.
Marked 1 switch rules as full_case in process $proc$/opt/homebrew/bin/../share/yosys/ice40/cells_sim.v:742$334 in module SB_DFFESS.
Marked 1 switch rules as full_case in process $proc$/opt/homebrew/bin/../share/yosys/ice40/cells_sim.v:662$330 in module SB_DFFER.
Marked 1 switch rules as full_case in process $proc$/opt/homebrew/bin/../share/yosys/ice40/cells_sim.v:601$323 in module SB_DFFESR.
Marked 1 switch rules as full_case in process $proc$/opt/homebrew/bin/../share/yosys/ice40/cells_sim.v:527$320 in module SB_DFFS.
Marked 1 switch rules as full_case in process $proc$/opt/homebrew/bin/../share/yosys/ice40/cells_sim.v:477$317 in module SB_DFFSS.
Marked 1 switch rules as full_case in process $proc$/opt/homebrew/bin/../share/yosys/ice40/cells_sim.v:406$314 in module SB_DFFR.
Marked 1 switch rules as full_case in process $proc$/opt/homebrew/bin/../share/yosys/ice40/cells_sim.v:356$311 in module SB_DFFSR.
Removed 4 dead cases from process $proc$/Users/adarmaori/Desktop/Final$20Project/FPGA/conv1d_large_4mult.v:49$661 in module $paramod$c89cb14d58f3306e1f79ef0e7bfeb69d00c509b8\conv1d_large_4mult.
Marked 16 switch rules as full_case in process $proc$/Users/adarmaori/Desktop/Final$20Project/FPGA/conv1d_large_4mult.v:49$661 in module $paramod$c89cb14d58f3306e1f79ef0e7bfeb69d00c509b8\conv1d_large_4mult.
Removed a total of 4 dead cases.

8.3.3. Executing PROC_PRUNE pass (remove redundant assignments in processes).
Removed 9 redundant assignments.
Promoted 40 assignments to connections.

8.3.4. Executing PROC_INIT pass (extract init attributes).
Found init rule in `\SB_DFFNES.$proc$/opt/homebrew/bin/../share/yosys/ice40/cells_sim.v:0$382'.
  Set init value: \Q = 1'0
Found init rule in `\SB_DFFNESS.$proc$/opt/homebrew/bin/../share/yosys/ice40/cells_sim.v:0$378'.
  Set init value: \Q = 1'0
Found init rule in `\SB_DFFNER.$proc$/opt/homebrew/bin/../share/yosys/ice40/cells_sim.v:0$371'.
  Set init value: \Q = 1'0
Found init rule in `\SB_DFFNESR.$proc$/opt/homebrew/bin/../share/yosys/ice40/cells_sim.v:0$367'.
  Set init value: \Q = 1'0
Found init rule in `\SB_DFFNS.$proc$/opt/homebrew/bin/../share/yosys/ice40/cells_sim.v:0$360'.
  Set init value: \Q = 1'0
Found init rule in `\SB_DFFNSS.$proc$/opt/homebrew/bin/../share/yosys/ice40/cells_sim.v:0$357'.
  Set init value: \Q = 1'0
Found init rule in `\SB_DFFNR.$proc$/opt/homebrew/bin/../share/yosys/ice40/cells_sim.v:0$354'.
  Set init value: \Q = 1'0
Found init rule in `\SB_DFFNSR.$proc$/opt/homebrew/bin/../share/yosys/ice40/cells_sim.v:0$351'.
  Set init value: \Q = 1'0
Found init rule in `\SB_DFFNE.$proc$/opt/homebrew/bin/../share/yosys/ice40/cells_sim.v:0$348'.
  Set init value: \Q = 1'0
Found init rule in `\SB_DFFN.$proc$/opt/homebrew/bin/../share/yosys/ice40/cells_sim.v:0$346'.
  Set init value: \Q = 1'0
Found init rule in `\SB_DFFES.$proc$/opt/homebrew/bin/../share/yosys/ice40/cells_sim.v:0$344'.
  Set init value: \Q = 1'0
Found init rule in `\SB_DFFESS.$proc$/opt/homebrew/bin/../share/yosys/ice40/cells_sim.v:0$340'.
  Set init value: \Q = 1'0
Found init rule in `\SB_DFFER.$proc$/opt/homebrew/bin/../share/yosys/ice40/cells_sim.v:0$333'.
  Set init value: \Q = 1'0
Found init rule in `\SB_DFFESR.$proc$/opt/homebrew/bin/../share/yosys/ice40/cells_sim.v:0$329'.
  Set init value: \Q = 1'0
Found init rule in `\SB_DFFS.$proc$/opt/homebrew/bin/../share/yosys/ice40/cells_sim.v:0$322'.
  Set init value: \Q = 1'0
Found init rule in `\SB_DFFSS.$proc$/opt/homebrew/bin/../share/yosys/ice40/cells_sim.v:0$319'.
  Set init value: \Q = 1'0
Found init rule in `\SB_DFFR.$proc$/opt/homebrew/bin/../share/yosys/ice40/cells_sim.v:0$316'.
  Set init value: \Q = 1'0
Found init rule in `\SB_DFFSR.$proc$/opt/homebrew/bin/../share/yosys/ice40/cells_sim.v:0$313'.
  Set init value: \Q = 1'0
Found init rule in `\SB_DFFE.$proc$/opt/homebrew/bin/../share/yosys/ice40/cells_sim.v:0$310'.
  Set init value: \Q = 1'0
Found init rule in `\SB_DFF.$proc$/opt/homebrew/bin/../share/yosys/ice40/cells_sim.v:0$308'.
  Set init value: \Q = 1'0

8.3.5. Executing PROC_ARST pass (detect async resets in processes).
Found async reset \S in `\SB_DFFNES.$proc$/opt/homebrew/bin/../share/yosys/ice40/cells_sim.v:1414$379'.
Found async reset \R in `\SB_DFFNER.$proc$/opt/homebrew/bin/../share/yosys/ice40/cells_sim.v:1273$368'.
Found async reset \S in `\SB_DFFNS.$proc$/opt/homebrew/bin/../share/yosys/ice40/cells_sim.v:1138$358'.
Found async reset \R in `\SB_DFFNR.$proc$/opt/homebrew/bin/../share/yosys/ice40/cells_sim.v:1017$352'.
Found async reset \S in `\SB_DFFES.$proc$/opt/homebrew/bin/../share/yosys/ice40/cells_sim.v:803$341'.
Found async reset \R in `\SB_DFFER.$proc$/opt/homebrew/bin/../share/yosys/ice40/cells_sim.v:662$330'.
Found async reset \S in `\SB_DFFS.$proc$/opt/homebrew/bin/../share/yosys/ice40/cells_sim.v:527$320'.
Found async reset \R in `\SB_DFFR.$proc$/opt/homebrew/bin/../share/yosys/ice40/cells_sim.v:406$314'.

8.3.6. Executing PROC_ROM pass (convert switches to ROMs).
Converted 0 switches.
<suppressed ~34 debug messages>

8.3.7. Executing PROC_MUX pass (convert decision trees to multiplexers).
Creating decoders for process `\SB_DFFNES.$proc$/opt/homebrew/bin/../share/yosys/ice40/cells_sim.v:0$382'.
Creating decoders for process `\SB_DFFNES.$proc$/opt/homebrew/bin/../share/yosys/ice40/cells_sim.v:1414$379'.
     1/1: $0\Q[0:0]
Creating decoders for process `\SB_DFFNESS.$proc$/opt/homebrew/bin/../share/yosys/ice40/cells_sim.v:0$378'.
Creating decoders for process `\SB_DFFNESS.$proc$/opt/homebrew/bin/../share/yosys/ice40/cells_sim.v:1353$372'.
     1/1: $0\Q[0:0]
Creating decoders for process `\SB_DFFNER.$proc$/opt/homebrew/bin/../share/yosys/ice40/cells_sim.v:0$371'.
Creating decoders for process `\SB_DFFNER.$proc$/opt/homebrew/bin/../share/yosys/ice40/cells_sim.v:1273$368'.
     1/1: $0\Q[0:0]
Creating decoders for process `\SB_DFFNESR.$proc$/opt/homebrew/bin/../share/yosys/ice40/cells_sim.v:0$367'.
Creating decoders for process `\SB_DFFNESR.$proc$/opt/homebrew/bin/../share/yosys/ice40/cells_sim.v:1212$361'.
     1/1: $0\Q[0:0]
Creating decoders for process `\SB_DFFNS.$proc$/opt/homebrew/bin/../share/yosys/ice40/cells_sim.v:0$360'.
Creating decoders for process `\SB_DFFNS.$proc$/opt/homebrew/bin/../share/yosys/ice40/cells_sim.v:1138$358'.
     1/1: $0\Q[0:0]
Creating decoders for process `\SB_DFFNSS.$proc$/opt/homebrew/bin/../share/yosys/ice40/cells_sim.v:0$357'.
Creating decoders for process `\SB_DFFNSS.$proc$/opt/homebrew/bin/../share/yosys/ice40/cells_sim.v:1088$355'.
     1/1: $0\Q[0:0]
Creating decoders for process `\SB_DFFNR.$proc$/opt/homebrew/bin/../share/yosys/ice40/cells_sim.v:0$354'.
Creating decoders for process `\SB_DFFNR.$proc$/opt/homebrew/bin/../share/yosys/ice40/cells_sim.v:1017$352'.
     1/1: $0\Q[0:0]
Creating decoders for process `\SB_DFFNSR.$proc$/opt/homebrew/bin/../share/yosys/ice40/cells_sim.v:0$351'.
Creating decoders for process `\SB_DFFNSR.$proc$/opt/homebrew/bin/../share/yosys/ice40/cells_sim.v:967$349'.
     1/1: $0\Q[0:0]
Creating decoders for process `\SB_DFFNE.$proc$/opt/homebrew/bin/../share/yosys/ice40/cells_sim.v:0$348'.
Creating decoders for process `\SB_DFFNE.$proc$/opt/homebrew/bin/../share/yosys/ice40/cells_sim.v:922$347'.
     1/1: $0\Q[0:0]
Creating decoders for process `\SB_DFFN.$proc$/opt/homebrew/bin/../share/yosys/ice40/cells_sim.v:0$346'.
Creating decoders for process `\SB_DFFN.$proc$/opt/homebrew/bin/../share/yosys/ice40/cells_sim.v:882$345'.
Creating decoders for process `\SB_DFFES.$proc$/opt/homebrew/bin/../share/yosys/ice40/cells_sim.v:0$344'.
Creating decoders for process `\SB_DFFES.$proc$/opt/homebrew/bin/../share/yosys/ice40/cells_sim.v:803$341'.
     1/1: $0\Q[0:0]
Creating decoders for process `\SB_DFFESS.$proc$/opt/homebrew/bin/../share/yosys/ice40/cells_sim.v:0$340'.
Creating decoders for process `\SB_DFFESS.$proc$/opt/homebrew/bin/../share/yosys/ice40/cells_sim.v:742$334'.
     1/1: $0\Q[0:0]
Creating decoders for process `\SB_DFFER.$proc$/opt/homebrew/bin/../share/yosys/ice40/cells_sim.v:0$333'.
Creating decoders for process `\SB_DFFER.$proc$/opt/homebrew/bin/../share/yosys/ice40/cells_sim.v:662$330'.
     1/1: $0\Q[0:0]
Creating decoders for process `\SB_DFFESR.$proc$/opt/homebrew/bin/../share/yosys/ice40/cells_sim.v:0$329'.
Creating decoders for process `\SB_DFFESR.$proc$/opt/homebrew/bin/../share/yosys/ice40/cells_sim.v:601$323'.
     1/1: $0\Q[0:0]
Creating decoders for process `\SB_DFFS.$proc$/opt/homebrew/bin/../share/yosys/ice40/cells_sim.v:0$322'.
Creating decoders for process `\SB_DFFS.$proc$/opt/homebrew/bin/../share/yosys/ice40/cells_sim.v:527$320'.
     1/1: $0\Q[0:0]
Creating decoders for process `\SB_DFFSS.$proc$/opt/homebrew/bin/../share/yosys/ice40/cells_sim.v:0$319'.
Creating decoders for process `\SB_DFFSS.$proc$/opt/homebrew/bin/../share/yosys/ice40/cells_sim.v:477$317'.
     1/1: $0\Q[0:0]
Creating decoders for process `\SB_DFFR.$proc$/opt/homebrew/bin/../share/yosys/ice40/cells_sim.v:0$316'.
Creating decoders for process `\SB_DFFR.$proc$/opt/homebrew/bin/../share/yosys/ice40/cells_sim.v:406$314'.
     1/1: $0\Q[0:0]
Creating decoders for process `\SB_DFFSR.$proc$/opt/homebrew/bin/../share/yosys/ice40/cells_sim.v:0$313'.
Creating decoders for process `\SB_DFFSR.$proc$/opt/homebrew/bin/../share/yosys/ice40/cells_sim.v:356$311'.
     1/1: $0\Q[0:0]
Creating decoders for process `\SB_DFFE.$proc$/opt/homebrew/bin/../share/yosys/ice40/cells_sim.v:0$310'.
Creating decoders for process `\SB_DFFE.$proc$/opt/homebrew/bin/../share/yosys/ice40/cells_sim.v:311$309'.
     1/1: $0\Q[0:0]
Creating decoders for process `\SB_DFF.$proc$/opt/homebrew/bin/../share/yosys/ice40/cells_sim.v:0$308'.
Creating decoders for process `\SB_DFF.$proc$/opt/homebrew/bin/../share/yosys/ice40/cells_sim.v:271$307'.
Creating decoders for process `$paramod$c89cb14d58f3306e1f79ef0e7bfeb69d00c509b8\conv1d_large_4mult.$proc$/Users/adarmaori/Desktop/Final$20Project/FPGA/conv1d_large_4mult.v:49$661'.
     1/150: $5$mem2reg_rd$\tap$/Users/adarmaori/Desktop/Final$20Project/FPGA/conv1d_large_4mult.v:84$659_DATA[7:0]$777
     2/150: $5\tap_weight$func$/Users/adarmaori/Desktop/Final$20Project/FPGA/conv1d_large_4mult.v:84$655.$result[3:0]$775
     3/150: $7\group_sum[23:0]
     4/150: $4$mem2reg_rd$\tap$/Users/adarmaori/Desktop/Final$20Project/FPGA/conv1d_large_4mult.v:84$659_DATA[7:0]$772
     5/150: $4$mem2reg_rd$\tap$/Users/adarmaori/Desktop/Final$20Project/FPGA/conv1d_large_4mult.v:84$659_ADDR[4:0]$771
     6/150: $4\tap_weight$func$/Users/adarmaori/Desktop/Final$20Project/FPGA/conv1d_large_4mult.v:84$655.$result[3:0]$769
     7/150: $4\tap_weight$func$/Users/adarmaori/Desktop/Final$20Project/FPGA/conv1d_large_4mult.v:84$655.weight_index[31:0]$770
     8/150: $5$mem2reg_rd$\tap$/Users/adarmaori/Desktop/Final$20Project/FPGA/conv1d_large_4mult.v:84$658_DATA[7:0]$764
     9/150: $5\tap_weight$func$/Users/adarmaori/Desktop/Final$20Project/FPGA/conv1d_large_4mult.v:84$654.$result[3:0]$762
    10/150: $6\group_sum[23:0]
    11/150: $4$mem2reg_rd$\tap$/Users/adarmaori/Desktop/Final$20Project/FPGA/conv1d_large_4mult.v:84$658_DATA[7:0]$759
    12/150: $4$mem2reg_rd$\tap$/Users/adarmaori/Desktop/Final$20Project/FPGA/conv1d_large_4mult.v:84$658_ADDR[4:0]$758
    13/150: $4\tap_weight$func$/Users/adarmaori/Desktop/Final$20Project/FPGA/conv1d_large_4mult.v:84$654.$result[3:0]$756
    14/150: $4\tap_weight$func$/Users/adarmaori/Desktop/Final$20Project/FPGA/conv1d_large_4mult.v:84$654.weight_index[31:0]$757
    15/150: $5$mem2reg_rd$\tap$/Users/adarmaori/Desktop/Final$20Project/FPGA/conv1d_large_4mult.v:84$657_DATA[7:0]$751
    16/150: $5\tap_weight$func$/Users/adarmaori/Desktop/Final$20Project/FPGA/conv1d_large_4mult.v:84$653.$result[3:0]$749
    17/150: $5\group_sum[23:0]
    18/150: $4$mem2reg_rd$\tap$/Users/adarmaori/Desktop/Final$20Project/FPGA/conv1d_large_4mult.v:84$657_DATA[7:0]$746
    19/150: $4$mem2reg_rd$\tap$/Users/adarmaori/Desktop/Final$20Project/FPGA/conv1d_large_4mult.v:84$657_ADDR[4:0]$745
    20/150: $4\tap_weight$func$/Users/adarmaori/Desktop/Final$20Project/FPGA/conv1d_large_4mult.v:84$653.$result[3:0]$743
    21/150: $4\tap_weight$func$/Users/adarmaori/Desktop/Final$20Project/FPGA/conv1d_large_4mult.v:84$653.weight_index[31:0]$744
    22/150: $5$mem2reg_rd$\tap$/Users/adarmaori/Desktop/Final$20Project/FPGA/conv1d_large_4mult.v:84$656_DATA[7:0]$738
    23/150: $5\tap_weight$func$/Users/adarmaori/Desktop/Final$20Project/FPGA/conv1d_large_4mult.v:84$652.$result[3:0]$736
    24/150: $4\group_sum[23:0]
    25/150: $4$mem2reg_rd$\tap$/Users/adarmaori/Desktop/Final$20Project/FPGA/conv1d_large_4mult.v:84$656_DATA[7:0]$733
    26/150: $4$mem2reg_rd$\tap$/Users/adarmaori/Desktop/Final$20Project/FPGA/conv1d_large_4mult.v:84$656_ADDR[4:0]$732
    27/150: $4\tap_weight$func$/Users/adarmaori/Desktop/Final$20Project/FPGA/conv1d_large_4mult.v:84$652.$result[3:0]$730
    28/150: $4\tap_weight$func$/Users/adarmaori/Desktop/Final$20Project/FPGA/conv1d_large_4mult.v:84$652.weight_index[31:0]$731
    29/150: $3\i[31:0]
    30/150: $3$mem2reg_rd$\tap$/Users/adarmaori/Desktop/Final$20Project/FPGA/conv1d_large_4mult.v:84$659_DATA[7:0]$727
    31/150: $3$mem2reg_rd$\tap$/Users/adarmaori/Desktop/Final$20Project/FPGA/conv1d_large_4mult.v:84$659_ADDR[4:0]$726
    32/150: $3\tap_weight$func$/Users/adarmaori/Desktop/Final$20Project/FPGA/conv1d_large_4mult.v:84$655.weight_index[31:0]$719
    33/150: $3\tap_weight$func$/Users/adarmaori/Desktop/Final$20Project/FPGA/conv1d_large_4mult.v:84$655.$result[3:0]$718
    34/150: $3\group_sum[23:0]
    35/150: $3$mem2reg_rd$\tap$/Users/adarmaori/Desktop/Final$20Project/FPGA/conv1d_large_4mult.v:84$658_DATA[7:0]$725
    36/150: $3$mem2reg_rd$\tap$/Users/adarmaori/Desktop/Final$20Project/FPGA/conv1d_large_4mult.v:84$658_ADDR[4:0]$724
    37/150: $3\tap_weight$func$/Users/adarmaori/Desktop/Final$20Project/FPGA/conv1d_large_4mult.v:84$654.weight_index[31:0]$717
    38/150: $3\tap_weight$func$/Users/adarmaori/Desktop/Final$20Project/FPGA/conv1d_large_4mult.v:84$654.$result[3:0]$716
    39/150: $3$mem2reg_rd$\tap$/Users/adarmaori/Desktop/Final$20Project/FPGA/conv1d_large_4mult.v:84$657_DATA[7:0]$723
    40/150: $3$mem2reg_rd$\tap$/Users/adarmaori/Desktop/Final$20Project/FPGA/conv1d_large_4mult.v:84$657_ADDR[4:0]$722
    41/150: $3\tap_weight$func$/Users/adarmaori/Desktop/Final$20Project/FPGA/conv1d_large_4mult.v:84$653.weight_index[31:0]$715
    42/150: $3\tap_weight$func$/Users/adarmaori/Desktop/Final$20Project/FPGA/conv1d_large_4mult.v:84$653.$result[3:0]$714
    43/150: $3$mem2reg_rd$\tap$/Users/adarmaori/Desktop/Final$20Project/FPGA/conv1d_large_4mult.v:84$656_DATA[7:0]$721
    44/150: $3$mem2reg_rd$\tap$/Users/adarmaori/Desktop/Final$20Project/FPGA/conv1d_large_4mult.v:84$656_ADDR[4:0]$720
    45/150: $3\tap_weight$func$/Users/adarmaori/Desktop/Final$20Project/FPGA/conv1d_large_4mult.v:84$652.weight_index[31:0]$713
    46/150: $3\tap_weight$func$/Users/adarmaori/Desktop/Final$20Project/FPGA/conv1d_large_4mult.v:84$652.$result[3:0]$712
    47/150: $2\i[31:0]
    48/150: $2$mem2reg_rd$\tap$/Users/adarmaori/Desktop/Final$20Project/FPGA/conv1d_large_4mult.v:84$659_DATA[7:0]$711
    49/150: $2$mem2reg_rd$\tap$/Users/adarmaori/Desktop/Final$20Project/FPGA/conv1d_large_4mult.v:84$659_ADDR[4:0]$710
    50/150: $2$mem2reg_rd$\tap$/Users/adarmaori/Desktop/Final$20Project/FPGA/conv1d_large_4mult.v:84$658_DATA[7:0]$709
    51/150: $2$mem2reg_rd$\tap$/Users/adarmaori/Desktop/Final$20Project/FPGA/conv1d_large_4mult.v:84$658_ADDR[4:0]$708
    52/150: $2$mem2reg_rd$\tap$/Users/adarmaori/Desktop/Final$20Project/FPGA/conv1d_large_4mult.v:84$657_DATA[7:0]$707
    53/150: $2$mem2reg_rd$\tap$/Users/adarmaori/Desktop/Final$20Project/FPGA/conv1d_large_4mult.v:84$657_ADDR[4:0]$706
    54/150: $2$mem2reg_rd$\tap$/Users/adarmaori/Desktop/Final$20Project/FPGA/conv1d_large_4mult.v:84$656_DATA[7:0]$705
    55/150: $2$mem2reg_rd$\tap$/Users/adarmaori/Desktop/Final$20Project/FPGA/conv1d_large_4mult.v:84$656_ADDR[4:0]$704
    56/150: $2\tap_weight$func$/Users/adarmaori/Desktop/Final$20Project/FPGA/conv1d_large_4mult.v:84$655.weight_index[31:0]$703
    57/150: $2\tap_weight$func$/Users/adarmaori/Desktop/Final$20Project/FPGA/conv1d_large_4mult.v:84$655.$result[3:0]$702
    58/150: $2\tap_weight$func$/Users/adarmaori/Desktop/Final$20Project/FPGA/conv1d_large_4mult.v:84$654.weight_index[31:0]$701
    59/150: $2\tap_weight$func$/Users/adarmaori/Desktop/Final$20Project/FPGA/conv1d_large_4mult.v:84$654.$result[3:0]$700
    60/150: $2\tap_weight$func$/Users/adarmaori/Desktop/Final$20Project/FPGA/conv1d_large_4mult.v:84$653.weight_index[31:0]$699
    61/150: $2\tap_weight$func$/Users/adarmaori/Desktop/Final$20Project/FPGA/conv1d_large_4mult.v:84$653.$result[3:0]$698
    62/150: $2\tap_weight$func$/Users/adarmaori/Desktop/Final$20Project/FPGA/conv1d_large_4mult.v:84$652.weight_index[31:0]$697
    63/150: $2\tap_weight$func$/Users/adarmaori/Desktop/Final$20Project/FPGA/conv1d_large_4mult.v:84$652.$result[3:0]$696
    64/150: $2\group_sum[23:0]
    65/150: $0\output_valid[0:0]
    66/150: $1\group_sum[23:0]
    67/150: $1\i[31:0]
    68/150: $1$mem2reg_rd$\tap$/Users/adarmaori/Desktop/Final$20Project/FPGA/conv1d_large_4mult.v:84$659_DATA[7:0]$693
    69/150: $1$mem2reg_rd$\tap$/Users/adarmaori/Desktop/Final$20Project/FPGA/conv1d_large_4mult.v:84$659_ADDR[4:0]$692
    70/150: $1$mem2reg_rd$\tap$/Users/adarmaori/Desktop/Final$20Project/FPGA/conv1d_large_4mult.v:84$658_DATA[7:0]$691
    71/150: $1$mem2reg_rd$\tap$/Users/adarmaori/Desktop/Final$20Project/FPGA/conv1d_large_4mult.v:84$658_ADDR[4:0]$690
    72/150: $1$mem2reg_rd$\tap$/Users/adarmaori/Desktop/Final$20Project/FPGA/conv1d_large_4mult.v:84$657_DATA[7:0]$689
    73/150: $1$mem2reg_rd$\tap$/Users/adarmaori/Desktop/Final$20Project/FPGA/conv1d_large_4mult.v:84$657_ADDR[4:0]$688
    74/150: $1$mem2reg_rd$\tap$/Users/adarmaori/Desktop/Final$20Project/FPGA/conv1d_large_4mult.v:84$656_DATA[7:0]$687
    75/150: $1$mem2reg_rd$\tap$/Users/adarmaori/Desktop/Final$20Project/FPGA/conv1d_large_4mult.v:84$656_ADDR[4:0]$686
    76/150: $1\tap_weight$func$/Users/adarmaori/Desktop/Final$20Project/FPGA/conv1d_large_4mult.v:84$655.weight_index[31:0]$685
    77/150: $1\tap_weight$func$/Users/adarmaori/Desktop/Final$20Project/FPGA/conv1d_large_4mult.v:84$655.$result[3:0]$684
    78/150: $1\tap_weight$func$/Users/adarmaori/Desktop/Final$20Project/FPGA/conv1d_large_4mult.v:84$654.weight_index[31:0]$683
    79/150: $1\tap_weight$func$/Users/adarmaori/Desktop/Final$20Project/FPGA/conv1d_large_4mult.v:84$654.$result[3:0]$682
    80/150: $1\tap_weight$func$/Users/adarmaori/Desktop/Final$20Project/FPGA/conv1d_large_4mult.v:84$653.weight_index[31:0]$681
    81/150: $1\tap_weight$func$/Users/adarmaori/Desktop/Final$20Project/FPGA/conv1d_large_4mult.v:84$653.$result[3:0]$680
    82/150: $1\tap_weight$func$/Users/adarmaori/Desktop/Final$20Project/FPGA/conv1d_large_4mult.v:84$652.weight_index[31:0]$679
    83/150: $1\tap_weight$func$/Users/adarmaori/Desktop/Final$20Project/FPGA/conv1d_large_4mult.v:84$652.$result[3:0]$678
    84/150: $0\tap[31][7:0]
    85/150: $0\tap[30][7:0]
    86/150: $0\tap[29][7:0]
    87/150: $0\tap[28][7:0]
    88/150: $0\tap[27][7:0]
    89/150: $0\tap[26][7:0]
    90/150: $0\tap[25][7:0]
    91/150: $0\tap[24][7:0]
    92/150: $0\tap[23][7:0]
    93/150: $0\tap[22][7:0]
    94/150: $0\tap[21][7:0]
    95/150: $0\tap[20][7:0]
    96/150: $0\tap[19][7:0]
    97/150: $0\tap[18][7:0]
    98/150: $0\tap[17][7:0]
    99/150: $0\tap[16][7:0]
   100/150: $0\tap[15][7:0]
   101/150: $0\tap[14][7:0]
   102/150: $0\tap[13][7:0]
   103/150: $0\tap[12][7:0]
   104/150: $0\tap[11][7:0]
   105/150: $0\tap[10][7:0]
   106/150: $0\tap[9][7:0]
   107/150: $0\tap[8][7:0]
   108/150: $0\tap[7][7:0]
   109/150: $0\tap[6][7:0]
   110/150: $0\tap[5][7:0]
   111/150: $0\tap[4][7:0]
   112/150: $0\tap[3][7:0]
   113/150: $0\tap[2][7:0]
   114/150: $0\tap[1][7:0]
   115/150: $0\tap[0][7:0]
   116/150: $0\history[30][7:0]
   117/150: $0\history[29][7:0]
   118/150: $0\history[28][7:0]
   119/150: $0\history[27][7:0]
   120/150: $0\history[26][7:0]
   121/150: $0\history[25][7:0]
   122/150: $0\history[24][7:0]
   123/150: $0\history[23][7:0]
   124/150: $0\history[22][7:0]
   125/150: $0\history[21][7:0]
   126/150: $0\history[20][7:0]
   127/150: $0\history[19][7:0]
   128/150: $0\history[18][7:0]
   129/150: $0\history[17][7:0]
   130/150: $0\history[16][7:0]
   131/150: $0\history[15][7:0]
   132/150: $0\history[14][7:0]
   133/150: $0\history[13][7:0]
   134/150: $0\history[12][7:0]
   135/150: $0\history[11][7:0]
   136/150: $0\history[10][7:0]
   137/150: $0\history[9][7:0]
   138/150: $0\history[8][7:0]
   139/150: $0\history[7][7:0]
   140/150: $0\history[6][7:0]
   141/150: $0\history[5][7:0]
   142/150: $0\history[4][7:0]
   143/150: $0\history[3][7:0]
   144/150: $0\history[2][7:0]
   145/150: $0\history[1][7:0]
   146/150: $0\history[0][7:0]
   147/150: $0\busy[0:0]
   148/150: $0\tap_index[15:0]
   149/150: $0\acc[23:0]
   150/150: $0\sample_out[23:0]

8.3.8. Executing PROC_DLATCH pass (convert process syncs to latches).

8.3.9. Executing PROC_DFF pass (convert process syncs to FFs).
Creating register for signal `\SB_DFFNES.\Q' using process `\SB_DFFNES.$proc$/opt/homebrew/bin/../share/yosys/ice40/cells_sim.v:1414$379'.
  created $adff cell `$procdff$2091' with negative edge clock and positive level reset.
Creating register for signal `\SB_DFFNESS.\Q' using process `\SB_DFFNESS.$proc$/opt/homebrew/bin/../share/yosys/ice40/cells_sim.v:1353$372'.
  created $dff cell `$procdff$2092' with negative edge clock.
Creating register for signal `\SB_DFFNER.\Q' using process `\SB_DFFNER.$proc$/opt/homebrew/bin/../share/yosys/ice40/cells_sim.v:1273$368'.
  created $adff cell `$procdff$2093' with negative edge clock and positive level reset.
Creating register for signal `\SB_DFFNESR.\Q' using process `\SB_DFFNESR.$proc$/opt/homebrew/bin/../share/yosys/ice40/cells_sim.v:1212$361'.
  created $dff cell `$procdff$2094' with negative edge clock.
Creating register for signal `\SB_DFFNS.\Q' using process `\SB_DFFNS.$proc$/opt/homebrew/bin/../share/yosys/ice40/cells_sim.v:1138$358'.
  created $adff cell `$procdff$2095' with negative edge clock and positive level reset.
Creating register for signal `\SB_DFFNSS.\Q' using process `\SB_DFFNSS.$proc$/opt/homebrew/bin/../share/yosys/ice40/cells_sim.v:1088$355'.
  created $dff cell `$procdff$2096' with negative edge clock.
Creating register for signal `\SB_DFFNR.\Q' using process `\SB_DFFNR.$proc$/opt/homebrew/bin/../share/yosys/ice40/cells_sim.v:1017$352'.
  created $adff cell `$procdff$2097' with negative edge clock and positive level reset.
Creating register for signal `\SB_DFFNSR.\Q' using process `\SB_DFFNSR.$proc$/opt/homebrew/bin/../share/yosys/ice40/cells_sim.v:967$349'.
  created $dff cell `$procdff$2098' with negative edge clock.
Creating register for signal `\SB_DFFNE.\Q' using process `\SB_DFFNE.$proc$/opt/homebrew/bin/../share/yosys/ice40/cells_sim.v:922$347'.
  created $dff cell `$procdff$2099' with negative edge clock.
Creating register for signal `\SB_DFFN.\Q' using process `\SB_DFFN.$proc$/opt/homebrew/bin/../share/yosys/ice40/cells_sim.v:882$345'.
  created $dff cell `$procdff$2100' with negative edge clock.
Creating register for signal `\SB_DFFES.\Q' using process `\SB_DFFES.$proc$/opt/homebrew/bin/../share/yosys/ice40/cells_sim.v:803$341'.
  created $adff cell `$procdff$2101' with positive edge clock and positive level reset.
Creating register for signal `\SB_DFFESS.\Q' using process `\SB_DFFESS.$proc$/opt/homebrew/bin/../share/yosys/ice40/cells_sim.v:742$334'.
  created $dff cell `$procdff$2102' with positive edge clock.
Creating register for signal `\SB_DFFER.\Q' using process `\SB_DFFER.$proc$/opt/homebrew/bin/../share/yosys/ice40/cells_sim.v:662$330'.
  created $adff cell `$procdff$2103' with positive edge clock and positive level reset.
Creating register for signal `\SB_DFFESR.\Q' using process `\SB_DFFESR.$proc$/opt/homebrew/bin/../share/yosys/ice40/cells_sim.v:601$323'.
  created $dff cell `$procdff$2104' with positive edge clock.
Creating register for signal `\SB_DFFS.\Q' using process `\SB_DFFS.$proc$/opt/homebrew/bin/../share/yosys/ice40/cells_sim.v:527$320'.
  created $adff cell `$procdff$2105' with positive edge clock and positive level reset.
Creating register for signal `\SB_DFFSS.\Q' using process `\SB_DFFSS.$proc$/opt/homebrew/bin/../share/yosys/ice40/cells_sim.v:477$317'.
  created $dff cell `$procdff$2106' with positive edge clock.
Creating register for signal `\SB_DFFR.\Q' using process `\SB_DFFR.$proc$/opt/homebrew/bin/../share/yosys/ice40/cells_sim.v:406$314'.
  created $adff cell `$procdff$2107' with positive edge clock and positive level reset.
Creating register for signal `\SB_DFFSR.\Q' using process `\SB_DFFSR.$proc$/opt/homebrew/bin/../share/yosys/ice40/cells_sim.v:356$311'.
  created $dff cell `$procdff$2108' with positive edge clock.
Creating register for signal `\SB_DFFE.\Q' using process `\SB_DFFE.$proc$/opt/homebrew/bin/../share/yosys/ice40/cells_sim.v:311$309'.
  created $dff cell `$procdff$2109' with positive edge clock.
Creating register for signal `\SB_DFF.\Q' using process `\SB_DFF.$proc$/opt/homebrew/bin/../share/yosys/ice40/cells_sim.v:271$307'.
  created $dff cell `$procdff$2110' with positive edge clock.
Creating register for signal `$paramod$c89cb14d58f3306e1f79ef0e7bfeb69d00c509b8\conv1d_large_4mult.\output_valid' using process `$paramod$c89cb14d58f3306e1f79ef0e7bfeb69d00c509b8\conv1d_large_4mult.$proc$/Users/adarmaori/Desktop/Final$20Project/FPGA/conv1d_large_4mult.v:49$661'.
  created $dff cell `$procdff$2111' with positive edge clock.
Creating register for signal `$paramod$c89cb14d58f3306e1f79ef0e7bfeb69d00c509b8\conv1d_large_4mult.\sample_out' using process `$paramod$c89cb14d58f3306e1f79ef0e7bfeb69d00c509b8\conv1d_large_4mult.$proc$/Users/adarmaori/Desktop/Final$20Project/FPGA/conv1d_large_4mult.v:49$661'.
  created $dff cell `$procdff$2112' with positive edge clock.
Creating register for signal `$paramod$c89cb14d58f3306e1f79ef0e7bfeb69d00c509b8\conv1d_large_4mult.\acc' using process `$paramod$c89cb14d58f3306e1f79ef0e7bfeb69d00c509b8\conv1d_large_4mult.$proc$/Users/adarmaori/Desktop/Final$20Project/FPGA/conv1d_large_4mult.v:49$661'.
  created $dff cell `$procdff$2113' with positive edge clock.
Creating register for signal `$paramod$c89cb14d58f3306e1f79ef0e7bfeb69d00c509b8\conv1d_large_4mult.\group_sum' using process `$paramod$c89cb14d58f3306e1f79ef0e7bfeb69d00c509b8\conv1d_large_4mult.$proc$/Users/adarmaori/Desktop/Final$20Project/FPGA/conv1d_large_4mult.v:49$661'.
  created $dff cell `$procdff$2114' with positive edge clock.
Creating register for signal `$paramod$c89cb14d58f3306e1f79ef0e7bfeb69d00c509b8\conv1d_large_4mult.\tap_index' using process `$paramod$c89cb14d58f3306e1f79ef0e7bfeb69d00c509b8\conv1d_large_4mult.$proc$/Users/adarmaori/Desktop/Final$20Project/FPGA/conv1d_large_4mult.v:49$661'.
  created $dff cell `$procdff$2115' with positive edge clock.
Creating register for signal `$paramod$c89cb14d58f3306e1f79ef0e7bfeb69d00c509b8\conv1d_large_4mult.\busy' using process `$paramod$c89cb14d58f3306e1f79ef0e7bfeb69d00c509b8\conv1d_large_4mult.$proc$/Users/adarmaori/Desktop/Final$20Project/FPGA/conv1d_large_4mult.v:49$661'.
  created $dff cell `$procdff$2116' with positive edge clock.
Creating register for signal `$paramod$c89cb14d58f3306e1f79ef0e7bfeb69d00c509b8\conv1d_large_4mult.\i' using process `$paramod$c89cb14d58f3306e1f79ef0e7bfeb69d00c509b8\conv1d_large_4mult.$proc$/Users/adarmaori/Desktop/Final$20Project/FPGA/conv1d_large_4mult.v:49$661'.
  created $dff cell `$procdff$2117' with positive edge clock.
Creating register for signal `$paramod$c89cb14d58f3306e1f79ef0e7bfeb69d00c509b8\conv1d_large_4mult.\history[0]' using process `$paramod$c89cb14d58f3306e1f79ef0e7bfeb69d00c509b8\conv1d_large_4mult.$proc$/Users/adarmaori/Desktop/Final$20Project/FPGA/conv1d_large_4mult.v:49$661'.
  created $dff cell `$procdff$2118' with positive edge clock.
Creating register for signal `$paramod$c89cb14d58f3306e1f79ef0e7bfeb69d00c509b8\conv1d_large_4mult.\history[1]' using process `$paramod$c89cb14d58f3306e1f79ef0e7bfeb69d00c509b8\conv1d_large_4mult.$proc$/Users/adarmaori/Desktop/Final$20Project/FPGA/conv1d_large_4mult.v:49$661'.
  created $dff cell `$procdff$2119' with positive edge clock.
Creating register for signal `$paramod$c89cb14d58f3306e1f79ef0e7bfeb69d00c509b8\conv1d_large_4mult.\history[2]' using process `$paramod$c89cb14d58f3306e1f79ef0e7bfeb69d00c509b8\conv1d_large_4mult.$proc$/Users/adarmaori/Desktop/Final$20Project/FPGA/conv1d_large_4mult.v:49$661'.
  created $dff cell `$procdff$2120' with positive edge clock.
Creating register for signal `$paramod$c89cb14d58f3306e1f79ef0e7bfeb69d00c509b8\conv1d_large_4mult.\history[3]' using process `$paramod$c89cb14d58f3306e1f79ef0e7bfeb69d00c509b8\conv1d_large_4mult.$proc$/Users/adarmaori/Desktop/Final$20Project/FPGA/conv1d_large_4mult.v:49$661'.
  created $dff cell `$procdff$2121' with positive edge clock.
Creating register for signal `$paramod$c89cb14d58f3306e1f79ef0e7bfeb69d00c509b8\conv1d_large_4mult.\history[4]' using process `$paramod$c89cb14d58f3306e1f79ef0e7bfeb69d00c509b8\conv1d_large_4mult.$proc$/Users/adarmaori/Desktop/Final$20Project/FPGA/conv1d_large_4mult.v:49$661'.
  created $dff cell `$procdff$2122' with positive edge clock.
Creating register for signal `$paramod$c89cb14d58f3306e1f79ef0e7bfeb69d00c509b8\conv1d_large_4mult.\history[5]' using process `$paramod$c89cb14d58f3306e1f79ef0e7bfeb69d00c509b8\conv1d_large_4mult.$proc$/Users/adarmaori/Desktop/Final$20Project/FPGA/conv1d_large_4mult.v:49$661'.
  created $dff cell `$procdff$2123' with positive edge clock.
Creating register for signal `$paramod$c89cb14d58f3306e1f79ef0e7bfeb69d00c509b8\conv1d_large_4mult.\history[6]' using process `$paramod$c89cb14d58f3306e1f79ef0e7bfeb69d00c509b8\conv1d_large_4mult.$proc$/Users/adarmaori/Desktop/Final$20Project/FPGA/conv1d_large_4mult.v:49$661'.
  created $dff cell `$procdff$2124' with positive edge clock.
Creating register for signal `$paramod$c89cb14d58f3306e1f79ef0e7bfeb69d00c509b8\conv1d_large_4mult.\history[7]' using process `$paramod$c89cb14d58f3306e1f79ef0e7bfeb69d00c509b8\conv1d_large_4mult.$proc$/Users/adarmaori/Desktop/Final$20Project/FPGA/conv1d_large_4mult.v:49$661'.
  created $dff cell `$procdff$2125' with positive edge clock.
Creating register for signal `$paramod$c89cb14d58f3306e1f79ef0e7bfeb69d00c509b8\conv1d_large_4mult.\history[8]' using process `$paramod$c89cb14d58f3306e1f79ef0e7bfeb69d00c509b8\conv1d_large_4mult.$proc$/Users/adarmaori/Desktop/Final$20Project/FPGA/conv1d_large_4mult.v:49$661'.
  created $dff cell `$procdff$2126' with positive edge clock.
Creating register for signal `$paramod$c89cb14d58f3306e1f79ef0e7bfeb69d00c509b8\conv1d_large_4mult.\history[9]' using process `$paramod$c89cb14d58f3306e1f79ef0e7bfeb69d00c509b8\conv1d_large_4mult.$proc$/Users/adarmaori/Desktop/Final$20Project/FPGA/conv1d_large_4mult.v:49$661'.
  created $dff cell `$procdff$2127' with positive edge clock.
Creating register for signal `$paramod$c89cb14d58f3306e1f79ef0e7bfeb69d00c509b8\conv1d_large_4mult.\history[10]' using process `$paramod$c89cb14d58f3306e1f79ef0e7bfeb69d00c509b8\conv1d_large_4mult.$proc$/Users/adarmaori/Desktop/Final$20Project/FPGA/conv1d_large_4mult.v:49$661'.
  created $dff cell `$procdff$2128' with positive edge clock.
Creating register for signal `$paramod$c89cb14d58f3306e1f79ef0e7bfeb69d00c509b8\conv1d_large_4mult.\history[11]' using process `$paramod$c89cb14d58f3306e1f79ef0e7bfeb69d00c509b8\conv1d_large_4mult.$proc$/Users/adarmaori/Desktop/Final$20Project/FPGA/conv1d_large_4mult.v:49$661'.
  created $dff cell `$procdff$2129' with positive edge clock.
Creating register for signal `$paramod$c89cb14d58f3306e1f79ef0e7bfeb69d00c509b8\conv1d_large_4mult.\history[12]' using process `$paramod$c89cb14d58f3306e1f79ef0e7bfeb69d00c509b8\conv1d_large_4mult.$proc$/Users/adarmaori/Desktop/Final$20Project/FPGA/conv1d_large_4mult.v:49$661'.
  created $dff cell `$procdff$2130' with positive edge clock.
Creating register for signal `$paramod$c89cb14d58f3306e1f79ef0e7bfeb69d00c509b8\conv1d_large_4mult.\history[13]' using process `$paramod$c89cb14d58f3306e1f79ef0e7bfeb69d00c509b8\conv1d_large_4mult.$proc$/Users/adarmaori/Desktop/Final$20Project/FPGA/conv1d_large_4mult.v:49$661'.
  created $dff cell `$procdff$2131' with positive edge clock.
Creating register for signal `$paramod$c89cb14d58f3306e1f79ef0e7bfeb69d00c509b8\conv1d_large_4mult.\history[14]' using process `$paramod$c89cb14d58f3306e1f79ef0e7bfeb69d00c509b8\conv1d_large_4mult.$proc$/Users/adarmaori/Desktop/Final$20Project/FPGA/conv1d_large_4mult.v:49$661'.
  created $dff cell `$procdff$2132' with positive edge clock.
Creating register for signal `$paramod$c89cb14d58f3306e1f79ef0e7bfeb69d00c509b8\conv1d_large_4mult.\history[15]' using process `$paramod$c89cb14d58f3306e1f79ef0e7bfeb69d00c509b8\conv1d_large_4mult.$proc$/Users/adarmaori/Desktop/Final$20Project/FPGA/conv1d_large_4mult.v:49$661'.
  created $dff cell `$procdff$2133' with positive edge clock.
Creating register for signal `$paramod$c89cb14d58f3306e1f79ef0e7bfeb69d00c509b8\conv1d_large_4mult.\history[16]' using process `$paramod$c89cb14d58f3306e1f79ef0e7bfeb69d00c509b8\conv1d_large_4mult.$proc$/Users/adarmaori/Desktop/Final$20Project/FPGA/conv1d_large_4mult.v:49$661'.
  created $dff cell `$procdff$2134' with positive edge clock.
Creating register for signal `$paramod$c89cb14d58f3306e1f79ef0e7bfeb69d00c509b8\conv1d_large_4mult.\history[17]' using process `$paramod$c89cb14d58f3306e1f79ef0e7bfeb69d00c509b8\conv1d_large_4mult.$proc$/Users/adarmaori/Desktop/Final$20Project/FPGA/conv1d_large_4mult.v:49$661'.
  created $dff cell `$procdff$2135' with positive edge clock.
Creating register for signal `$paramod$c89cb14d58f3306e1f79ef0e7bfeb69d00c509b8\conv1d_large_4mult.\history[18]' using process `$paramod$c89cb14d58f3306e1f79ef0e7bfeb69d00c509b8\conv1d_large_4mult.$proc$/Users/adarmaori/Desktop/Final$20Project/FPGA/conv1d_large_4mult.v:49$661'.
  created $dff cell `$procdff$2136' with positive edge clock.
Creating register for signal `$paramod$c89cb14d58f3306e1f79ef0e7bfeb69d00c509b8\conv1d_large_4mult.\history[19]' using process `$paramod$c89cb14d58f3306e1f79ef0e7bfeb69d00c509b8\conv1d_large_4mult.$proc$/Users/adarmaori/Desktop/Final$20Project/FPGA/conv1d_large_4mult.v:49$661'.
  created $dff cell `$procdff$2137' with positive edge clock.
Creating register for signal `$paramod$c89cb14d58f3306e1f79ef0e7bfeb69d00c509b8\conv1d_large_4mult.\history[20]' using process `$paramod$c89cb14d58f3306e1f79ef0e7bfeb69d00c509b8\conv1d_large_4mult.$proc$/Users/adarmaori/Desktop/Final$20Project/FPGA/conv1d_large_4mult.v:49$661'.
  created $dff cell `$procdff$2138' with positive edge clock.
Creating register for signal `$paramod$c89cb14d58f3306e1f79ef0e7bfeb69d00c509b8\conv1d_large_4mult.\history[21]' using process `$paramod$c89cb14d58f3306e1f79ef0e7bfeb69d00c509b8\conv1d_large_4mult.$proc$/Users/adarmaori/Desktop/Final$20Project/FPGA/conv1d_large_4mult.v:49$661'.
  created $dff cell `$procdff$2139' with positive edge clock.
Creating register for signal `$paramod$c89cb14d58f3306e1f79ef0e7bfeb69d00c509b8\conv1d_large_4mult.\history[22]' using process `$paramod$c89cb14d58f3306e1f79ef0e7bfeb69d00c509b8\conv1d_large_4mult.$proc$/Users/adarmaori/Desktop/Final$20Project/FPGA/conv1d_large_4mult.v:49$661'.
  created $dff cell `$procdff$2140' with positive edge clock.
Creating register for signal `$paramod$c89cb14d58f3306e1f79ef0e7bfeb69d00c509b8\conv1d_large_4mult.\history[23]' using process `$paramod$c89cb14d58f3306e1f79ef0e7bfeb69d00c509b8\conv1d_large_4mult.$proc$/Users/adarmaori/Desktop/Final$20Project/FPGA/conv1d_large_4mult.v:49$661'.
  created $dff cell `$procdff$2141' with positive edge clock.
Creating register for signal `$paramod$c89cb14d58f3306e1f79ef0e7bfeb69d00c509b8\conv1d_large_4mult.\history[24]' using process `$paramod$c89cb14d58f3306e1f79ef0e7bfeb69d00c509b8\conv1d_large_4mult.$proc$/Users/adarmaori/Desktop/Final$20Project/FPGA/conv1d_large_4mult.v:49$661'.
  created $dff cell `$procdff$2142' with positive edge clock.
Creating register for signal `$paramod$c89cb14d58f3306e1f79ef0e7bfeb69d00c509b8\conv1d_large_4mult.\history[25]' using process `$paramod$c89cb14d58f3306e1f79ef0e7bfeb69d00c509b8\conv1d_large_4mult.$proc$/Users/adarmaori/Desktop/Final$20Project/FPGA/conv1d_large_4mult.v:49$661'.
  created $dff cell `$procdff$2143' with positive edge clock.
Creating register for signal `$paramod$c89cb14d58f3306e1f79ef0e7bfeb69d00c509b8\conv1d_large_4mult.\history[26]' using process `$paramod$c89cb14d58f3306e1f79ef0e7bfeb69d00c509b8\conv1d_large_4mult.$proc$/Users/adarmaori/Desktop/Final$20Project/FPGA/conv1d_large_4mult.v:49$661'.
  created $dff cell `$procdff$2144' with positive edge clock.
Creating register for signal `$paramod$c89cb14d58f3306e1f79ef0e7bfeb69d00c509b8\conv1d_large_4mult.\history[27]' using process `$paramod$c89cb14d58f3306e1f79ef0e7bfeb69d00c509b8\conv1d_large_4mult.$proc$/Users/adarmaori/Desktop/Final$20Project/FPGA/conv1d_large_4mult.v:49$661'.
  created $dff cell `$procdff$2145' with positive edge clock.
Creating register for signal `$paramod$c89cb14d58f3306e1f79ef0e7bfeb69d00c509b8\conv1d_large_4mult.\history[28]' using process `$paramod$c89cb14d58f3306e1f79ef0e7bfeb69d00c509b8\conv1d_large_4mult.$proc$/Users/adarmaori/Desktop/Final$20Project/FPGA/conv1d_large_4mult.v:49$661'.
  created $dff cell `$procdff$2146' with positive edge clock.
Creating register for signal `$paramod$c89cb14d58f3306e1f79ef0e7bfeb69d00c509b8\conv1d_large_4mult.\history[29]' using process `$paramod$c89cb14d58f3306e1f79ef0e7bfeb69d00c509b8\conv1d_large_4mult.$proc$/Users/adarmaori/Desktop/Final$20Project/FPGA/conv1d_large_4mult.v:49$661'.
  created $dff cell `$procdff$2147' with positive edge clock.
Creating register for signal `$paramod$c89cb14d58f3306e1f79ef0e7bfeb69d00c509b8\conv1d_large_4mult.\history[30]' using process `$paramod$c89cb14d58f3306e1f79ef0e7bfeb69d00c509b8\conv1d_large_4mult.$proc$/Users/adarmaori/Desktop/Final$20Project/FPGA/conv1d_large_4mult.v:49$661'.
  created $dff cell `$procdff$2148' with positive edge clock.
Creating register for signal `$paramod$c89cb14d58f3306e1f79ef0e7bfeb69d00c509b8\conv1d_large_4mult.\tap[0]' using process `$paramod$c89cb14d58f3306e1f79ef0e7bfeb69d00c509b8\conv1d_large_4mult.$proc$/Users/adarmaori/Desktop/Final$20Project/FPGA/conv1d_large_4mult.v:49$661'.
  created $dff cell `$procdff$2149' with positive edge clock.
Creating register for signal `$paramod$c89cb14d58f3306e1f79ef0e7bfeb69d00c509b8\conv1d_large_4mult.\tap[1]' using process `$paramod$c89cb14d58f3306e1f79ef0e7bfeb69d00c509b8\conv1d_large_4mult.$proc$/Users/adarmaori/Desktop/Final$20Project/FPGA/conv1d_large_4mult.v:49$661'.
  created $dff cell `$procdff$2150' with positive edge clock.
Creating register for signal `$paramod$c89cb14d58f3306e1f79ef0e7bfeb69d00c509b8\conv1d_large_4mult.\tap[2]' using process `$paramod$c89cb14d58f3306e1f79ef0e7bfeb69d00c509b8\conv1d_large_4mult.$proc$/Users/adarmaori/Desktop/Final$20Project/FPGA/conv1d_large_4mult.v:49$661'.
  created $dff cell `$procdff$2151' with positive edge clock.
Creating register for signal `$paramod$c89cb14d58f3306e1f79ef0e7bfeb69d00c509b8\conv1d_large_4mult.\tap[3]' using process `$paramod$c89cb14d58f3306e1f79ef0e7bfeb69d00c509b8\conv1d_large_4mult.$proc$/Users/adarmaori/Desktop/Final$20Project/FPGA/conv1d_large_4mult.v:49$661'.
  created $dff cell `$procdff$2152' with positive edge clock.
Creating register for signal `$paramod$c89cb14d58f3306e1f79ef0e7bfeb69d00c509b8\conv1d_large_4mult.\tap[4]' using process `$paramod$c89cb14d58f3306e1f79ef0e7bfeb69d00c509b8\conv1d_large_4mult.$proc$/Users/adarmaori/Desktop/Final$20Project/FPGA/conv1d_large_4mult.v:49$661'.
  created $dff cell `$procdff$2153' with positive edge clock.
Creating register for signal `$paramod$c89cb14d58f3306e1f79ef0e7bfeb69d00c509b8\conv1d_large_4mult.\tap[5]' using process `$paramod$c89cb14d58f3306e1f79ef0e7bfeb69d00c509b8\conv1d_large_4mult.$proc$/Users/adarmaori/Desktop/Final$20Project/FPGA/conv1d_large_4mult.v:49$661'.
  created $dff cell `$procdff$2154' with positive edge clock.
Creating register for signal `$paramod$c89cb14d58f3306e1f79ef0e7bfeb69d00c509b8\conv1d_large_4mult.\tap[6]' using process `$paramod$c89cb14d58f3306e1f79ef0e7bfeb69d00c509b8\conv1d_large_4mult.$proc$/Users/adarmaori/Desktop/Final$20Project/FPGA/conv1d_large_4mult.v:49$661'.
  created $dff cell `$procdff$2155' with positive edge clock.
Creating register for signal `$paramod$c89cb14d58f3306e1f79ef0e7bfeb69d00c509b8\conv1d_large_4mult.\tap[7]' using process `$paramod$c89cb14d58f3306e1f79ef0e7bfeb69d00c509b8\conv1d_large_4mult.$proc$/Users/adarmaori/Desktop/Final$20Project/FPGA/conv1d_large_4mult.v:49$661'.
  created $dff cell `$procdff$2156' with positive edge clock.
Creating register for signal `$paramod$c89cb14d58f3306e1f79ef0e7bfeb69d00c509b8\conv1d_large_4mult.\tap[8]' using process `$paramod$c89cb14d58f3306e1f79ef0e7bfeb69d00c509b8\conv1d_large_4mult.$proc$/Users/adarmaori/Desktop/Final$20Project/FPGA/conv1d_large_4mult.v:49$661'.
  created $dff cell `$procdff$2157' with positive edge clock.
Creating register for signal `$paramod$c89cb14d58f3306e1f79ef0e7bfeb69d00c509b8\conv1d_large_4mult.\tap[9]' using process `$paramod$c89cb14d58f3306e1f79ef0e7bfeb69d00c509b8\conv1d_large_4mult.$proc$/Users/adarmaori/Desktop/Final$20Project/FPGA/conv1d_large_4mult.v:49$661'.
  created $dff cell `$procdff$2158' with positive edge clock.
Creating register for signal `$paramod$c89cb14d58f3306e1f79ef0e7bfeb69d00c509b8\conv1d_large_4mult.\tap[10]' using process `$paramod$c89cb14d58f3306e1f79ef0e7bfeb69d00c509b8\conv1d_large_4mult.$proc$/Users/adarmaori/Desktop/Final$20Project/FPGA/conv1d_large_4mult.v:49$661'.
  created $dff cell `$procdff$2159' with positive edge clock.
Creating register for signal `$paramod$c89cb14d58f3306e1f79ef0e7bfeb69d00c509b8\conv1d_large_4mult.\tap[11]' using process `$paramod$c89cb14d58f3306e1f79ef0e7bfeb69d00c509b8\conv1d_large_4mult.$proc$/Users/adarmaori/Desktop/Final$20Project/FPGA/conv1d_large_4mult.v:49$661'.
  created $dff cell `$procdff$2160' with positive edge clock.
Creating register for signal `$paramod$c89cb14d58f3306e1f79ef0e7bfeb69d00c509b8\conv1d_large_4mult.\tap[12]' using process `$paramod$c89cb14d58f3306e1f79ef0e7bfeb69d00c509b8\conv1d_large_4mult.$proc$/Users/adarmaori/Desktop/Final$20Project/FPGA/conv1d_large_4mult.v:49$661'.
  created $dff cell `$procdff$2161' with positive edge clock.
Creating register for signal `$paramod$c89cb14d58f3306e1f79ef0e7bfeb69d00c509b8\conv1d_large_4mult.\tap[13]' using process `$paramod$c89cb14d58f3306e1f79ef0e7bfeb69d00c509b8\conv1d_large_4mult.$proc$/Users/adarmaori/Desktop/Final$20Project/FPGA/conv1d_large_4mult.v:49$661'.
  created $dff cell `$procdff$2162' with positive edge clock.
Creating register for signal `$paramod$c89cb14d58f3306e1f79ef0e7bfeb69d00c509b8\conv1d_large_4mult.\tap[14]' using process `$paramod$c89cb14d58f3306e1f79ef0e7bfeb69d00c509b8\conv1d_large_4mult.$proc$/Users/adarmaori/Desktop/Final$20Project/FPGA/conv1d_large_4mult.v:49$661'.
  created $dff cell `$procdff$2163' with positive edge clock.
Creating register for signal `$paramod$c89cb14d58f3306e1f79ef0e7bfeb69d00c509b8\conv1d_large_4mult.\tap[15]' using process `$paramod$c89cb14d58f3306e1f79ef0e7bfeb69d00c509b8\conv1d_large_4mult.$proc$/Users/adarmaori/Desktop/Final$20Project/FPGA/conv1d_large_4mult.v:49$661'.
  created $dff cell `$procdff$2164' with positive edge clock.
Creating register for signal `$paramod$c89cb14d58f3306e1f79ef0e7bfeb69d00c509b8\conv1d_large_4mult.\tap[16]' using process `$paramod$c89cb14d58f3306e1f79ef0e7bfeb69d00c509b8\conv1d_large_4mult.$proc$/Users/adarmaori/Desktop/Final$20Project/FPGA/conv1d_large_4mult.v:49$661'.
  created $dff cell `$procdff$2165' with positive edge clock.
Creating register for signal `$paramod$c89cb14d58f3306e1f79ef0e7bfeb69d00c509b8\conv1d_large_4mult.\tap[17]' using process `$paramod$c89cb14d58f3306e1f79ef0e7bfeb69d00c509b8\conv1d_large_4mult.$proc$/Users/adarmaori/Desktop/Final$20Project/FPGA/conv1d_large_4mult.v:49$661'.
  created $dff cell `$procdff$2166' with positive edge clock.
Creating register for signal `$paramod$c89cb14d58f3306e1f79ef0e7bfeb69d00c509b8\conv1d_large_4mult.\tap[18]' using process `$paramod$c89cb14d58f3306e1f79ef0e7bfeb69d00c509b8\conv1d_large_4mult.$proc$/Users/adarmaori/Desktop/Final$20Project/FPGA/conv1d_large_4mult.v:49$661'.
  created $dff cell `$procdff$2167' with positive edge clock.
Creating register for signal `$paramod$c89cb14d58f3306e1f79ef0e7bfeb69d00c509b8\conv1d_large_4mult.\tap[19]' using process `$paramod$c89cb14d58f3306e1f79ef0e7bfeb69d00c509b8\conv1d_large_4mult.$proc$/Users/adarmaori/Desktop/Final$20Project/FPGA/conv1d_large_4mult.v:49$661'.
  created $dff cell `$procdff$2168' with positive edge clock.
Creating register for signal `$paramod$c89cb14d58f3306e1f79ef0e7bfeb69d00c509b8\conv1d_large_4mult.\tap[20]' using process `$paramod$c89cb14d58f3306e1f79ef0e7bfeb69d00c509b8\conv1d_large_4mult.$proc$/Users/adarmaori/Desktop/Final$20Project/FPGA/conv1d_large_4mult.v:49$661'.
  created $dff cell `$procdff$2169' with positive edge clock.
Creating register for signal `$paramod$c89cb14d58f3306e1f79ef0e7bfeb69d00c509b8\conv1d_large_4mult.\tap[21]' using process `$paramod$c89cb14d58f3306e1f79ef0e7bfeb69d00c509b8\conv1d_large_4mult.$proc$/Users/adarmaori/Desktop/Final$20Project/FPGA/conv1d_large_4mult.v:49$661'.
  created $dff cell `$procdff$2170' with positive edge clock.
Creating register for signal `$paramod$c89cb14d58f3306e1f79ef0e7bfeb69d00c509b8\conv1d_large_4mult.\tap[22]' using process `$paramod$c89cb14d58f3306e1f79ef0e7bfeb69d00c509b8\conv1d_large_4mult.$proc$/Users/adarmaori/Desktop/Final$20Project/FPGA/conv1d_large_4mult.v:49$661'.
  created $dff cell `$procdff$2171' with positive edge clock.
Creating register for signal `$paramod$c89cb14d58f3306e1f79ef0e7bfeb69d00c509b8\conv1d_large_4mult.\tap[23]' using process `$paramod$c89cb14d58f3306e1f79ef0e7bfeb69d00c509b8\conv1d_large_4mult.$proc$/Users/adarmaori/Desktop/Final$20Project/FPGA/conv1d_large_4mult.v:49$661'.
  created $dff cell `$procdff$2172' with positive edge clock.
Creating register for signal `$paramod$c89cb14d58f3306e1f79ef0e7bfeb69d00c509b8\conv1d_large_4mult.\tap[24]' using process `$paramod$c89cb14d58f3306e1f79ef0e7bfeb69d00c509b8\conv1d_large_4mult.$proc$/Users/adarmaori/Desktop/Final$20Project/FPGA/conv1d_large_4mult.v:49$661'.
  created $dff cell `$procdff$2173' with positive edge clock.
Creating register for signal `$paramod$c89cb14d58f3306e1f79ef0e7bfeb69d00c509b8\conv1d_large_4mult.\tap[25]' using process `$paramod$c89cb14d58f3306e1f79ef0e7bfeb69d00c509b8\conv1d_large_4mult.$proc$/Users/adarmaori/Desktop/Final$20Project/FPGA/conv1d_large_4mult.v:49$661'.
  created $dff cell `$procdff$2174' with positive edge clock.
Creating register for signal `$paramod$c89cb14d58f3306e1f79ef0e7bfeb69d00c509b8\conv1d_large_4mult.\tap[26]' using process `$paramod$c89cb14d58f3306e1f79ef0e7bfeb69d00c509b8\conv1d_large_4mult.$proc$/Users/adarmaori/Desktop/Final$20Project/FPGA/conv1d_large_4mult.v:49$661'.
  created $dff cell `$procdff$2175' with positive edge clock.
Creating register for signal `$paramod$c89cb14d58f3306e1f79ef0e7bfeb69d00c509b8\conv1d_large_4mult.\tap[27]' using process `$paramod$c89cb14d58f3306e1f79ef0e7bfeb69d00c509b8\conv1d_large_4mult.$proc$/Users/adarmaori/Desktop/Final$20Project/FPGA/conv1d_large_4mult.v:49$661'.
  created $dff cell `$procdff$2176' with positive edge clock.
Creating register for signal `$paramod$c89cb14d58f3306e1f79ef0e7bfeb69d00c509b8\conv1d_large_4mult.\tap[28]' using process `$paramod$c89cb14d58f3306e1f79ef0e7bfeb69d00c509b8\conv1d_large_4mult.$proc$/Users/adarmaori/Desktop/Final$20Project/FPGA/conv1d_large_4mult.v:49$661'.
  created $dff cell `$procdff$2177' with positive edge clock.
Creating register for signal `$paramod$c89cb14d58f3306e1f79ef0e7bfeb69d00c509b8\conv1d_large_4mult.\tap[29]' using process `$paramod$c89cb14d58f3306e1f79ef0e7bfeb69d00c509b8\conv1d_large_4mult.$proc$/Users/adarmaori/Desktop/Final$20Project/FPGA/conv1d_large_4mult.v:49$661'.
  created $dff cell `$procdff$2178' with positive edge clock.
Creating register for signal `$paramod$c89cb14d58f3306e1f79ef0e7bfeb69d00c509b8\conv1d_large_4mult.\tap[30]' using process `$paramod$c89cb14d58f3306e1f79ef0e7bfeb69d00c509b8\conv1d_large_4mult.$proc$/Users/adarmaori/Desktop/Final$20Project/FPGA/conv1d_large_4mult.v:49$661'.
  created $dff cell `$procdff$2179' with positive edge clock.
Creating register for signal `$paramod$c89cb14d58f3306e1f79ef0e7bfeb69d00c509b8\conv1d_large_4mult.\tap[31]' using process `$paramod$c89cb14d58f3306e1f79ef0e7bfeb69d00c509b8\conv1d_large_4mult.$proc$/Users/adarmaori/Desktop/Final$20Project/FPGA/conv1d_large_4mult.v:49$661'.
  created $dff cell `$procdff$2180' with positive edge clock.
Creating register for signal `$paramod$c89cb14d58f3306e1f79ef0e7bfeb69d00c509b8\conv1d_large_4mult.\tap_weight$func$/Users/adarmaori/Desktop/Final$20Project/FPGA/conv1d_large_4mult.v:84$652.$result' using process `$paramod$c89cb14d58f3306e1f79ef0e7bfeb69d00c509b8\conv1d_large_4mult.$proc$/Users/adarmaori/Desktop/Final$20Project/FPGA/conv1d_large_4mult.v:49$661'.
  created $dff cell `$procdff$2181' with positive edge clock.
Creating register for signal `$paramod$c89cb14d58f3306e1f79ef0e7bfeb69d00c509b8\conv1d_large_4mult.\tap_weight$func$/Users/adarmaori/Desktop/Final$20Project/FPGA/conv1d_large_4mult.v:84$652.weight_index' using process `$paramod$c89cb14d58f3306e1f79ef0e7bfeb69d00c509b8\conv1d_large_4mult.$proc$/Users/adarmaori/Desktop/Final$20Project/FPGA/conv1d_large_4mult.v:49$661'.
  created $dff cell `$procdff$2182' with positive edge clock.
Creating register for signal `$paramod$c89cb14d58f3306e1f79ef0e7bfeb69d00c509b8\conv1d_large_4mult.\tap_weight$func$/Users/adarmaori/Desktop/Final$20Project/FPGA/conv1d_large_4mult.v:84$653.$result' using process `$paramod$c89cb14d58f3306e1f79ef0e7bfeb69d00c509b8\conv1d_large_4mult.$proc$/Users/adarmaori/Desktop/Final$20Project/FPGA/conv1d_large_4mult.v:49$661'.
  created $dff cell `$procdff$2183' with positive edge clock.
Creating register for signal `$paramod$c89cb14d58f3306e1f79ef0e7bfeb69d00c509b8\conv1d_large_4mult.\tap_weight$func$/Users/adarmaori/Desktop/Final$20Project/FPGA/conv1d_large_4mult.v:84$653.weight_index' using process `$paramod$c89cb14d58f3306e1f79ef0e7bfeb69d00c509b8\conv1d_large_4mult.$proc$/Users/adarmaori/Desktop/Final$20Project/FPGA/conv1d_large_4mult.v:49$661'.
  created $dff cell `$procdff$2184' with positive edge clock.
Creating register for signal `$paramod$c89cb14d58f3306e1f79ef0e7bfeb69d00c509b8\conv1d_large_4mult.\tap_weight$func$/Users/adarmaori/Desktop/Final$20Project/FPGA/conv1d_large_4mult.v:84$654.$result' using process `$paramod$c89cb14d58f3306e1f79ef0e7bfeb69d00c509b8\conv1d_large_4mult.$proc$/Users/adarmaori/Desktop/Final$20Project/FPGA/conv1d_large_4mult.v:49$661'.
  created $dff cell `$procdff$2185' with positive edge clock.
Creating register for signal `$paramod$c89cb14d58f3306e1f79ef0e7bfeb69d00c509b8\conv1d_large_4mult.\tap_weight$func$/Users/adarmaori/Desktop/Final$20Project/FPGA/conv1d_large_4mult.v:84$654.weight_index' using process `$paramod$c89cb14d58f3306e1f79ef0e7bfeb69d00c509b8\conv1d_large_4mult.$proc$/Users/adarmaori/Desktop/Final$20Project/FPGA/conv1d_large_4mult.v:49$661'.
  created $dff cell `$procdff$2186' with positive edge clock.
Creating register for signal `$paramod$c89cb14d58f3306e1f79ef0e7bfeb69d00c509b8\conv1d_large_4mult.\tap_weight$func$/Users/adarmaori/Desktop/Final$20Project/FPGA/conv1d_large_4mult.v:84$655.$result' using process `$paramod$c89cb14d58f3306e1f79ef0e7bfeb69d00c509b8\conv1d_large_4mult.$proc$/Users/adarmaori/Desktop/Final$20Project/FPGA/conv1d_large_4mult.v:49$661'.
  created $dff cell `$procdff$2187' with positive edge clock.
Creating register for signal `$paramod$c89cb14d58f3306e1f79ef0e7bfeb69d00c509b8\conv1d_large_4mult.\tap_weight$func$/Users/adarmaori/Desktop/Final$20Project/FPGA/conv1d_large_4mult.v:84$655.weight_index' using process `$paramod$c89cb14d58f3306e1f79ef0e7bfeb69d00c509b8\conv1d_large_4mult.$proc$/Users/adarmaori/Desktop/Final$20Project/FPGA/conv1d_large_4mult.v:49$661'.
  created $dff cell `$procdff$2188' with positive edge clock.
Creating register for signal `$paramod$c89cb14d58f3306e1f79ef0e7bfeb69d00c509b8\conv1d_large_4mult.$mem2reg_rd$\tap$/Users/adarmaori/Desktop/Final$20Project/FPGA/conv1d_large_4mult.v:84$656_ADDR' using process `$paramod$c89cb14d58f3306e1f79ef0e7bfeb69d00c509b8\conv1d_large_4mult.$proc$/Users/adarmaori/Desktop/Final$20Project/FPGA/conv1d_large_4mult.v:49$661'.
  created $dff cell `$procdff$2189' with positive edge clock.
Creating register for signal `$paramod$c89cb14d58f3306e1f79ef0e7bfeb69d00c509b8\conv1d_large_4mult.$mem2reg_rd$\tap$/Users/adarmaori/Desktop/Final$20Project/FPGA/conv1d_large_4mult.v:84$656_DATA' using process `$paramod$c89cb14d58f3306e1f79ef0e7bfeb69d00c509b8\conv1d_large_4mult.$proc$/Users/adarmaori/Desktop/Final$20Project/FPGA/conv1d_large_4mult.v:49$661'.
  created $dff cell `$procdff$2190' with positive edge clock.
Creating register for signal `$paramod$c89cb14d58f3306e1f79ef0e7bfeb69d00c509b8\conv1d_large_4mult.$mem2reg_rd$\tap$/Users/adarmaori/Desktop/Final$20Project/FPGA/conv1d_large_4mult.v:84$657_ADDR' using process `$paramod$c89cb14d58f3306e1f79ef0e7bfeb69d00c509b8\conv1d_large_4mult.$proc$/Users/adarmaori/Desktop/Final$20Project/FPGA/conv1d_large_4mult.v:49$661'.
  created $dff cell `$procdff$2191' with positive edge clock.
Creating register for signal `$paramod$c89cb14d58f3306e1f79ef0e7bfeb69d00c509b8\conv1d_large_4mult.$mem2reg_rd$\tap$/Users/adarmaori/Desktop/Final$20Project/FPGA/conv1d_large_4mult.v:84$657_DATA' using process `$paramod$c89cb14d58f3306e1f79ef0e7bfeb69d00c509b8\conv1d_large_4mult.$proc$/Users/adarmaori/Desktop/Final$20Project/FPGA/conv1d_large_4mult.v:49$661'.
  created $dff cell `$procdff$2192' with positive edge clock.
Creating register for signal `$paramod$c89cb14d58f3306e1f79ef0e7bfeb69d00c509b8\conv1d_large_4mult.$mem2reg_rd$\tap$/Users/adarmaori/Desktop/Final$20Project/FPGA/conv1d_large_4mult.v:84$658_ADDR' using process `$paramod$c89cb14d58f3306e1f79ef0e7bfeb69d00c509b8\conv1d_large_4mult.$proc$/Users/adarmaori/Desktop/Final$20Project/FPGA/conv1d_large_4mult.v:49$661'.
  created $dff cell `$procdff$2193' with positive edge clock.
Creating register for signal `$paramod$c89cb14d58f3306e1f79ef0e7bfeb69d00c509b8\conv1d_large_4mult.$mem2reg_rd$\tap$/Users/adarmaori/Desktop/Final$20Project/FPGA/conv1d_large_4mult.v:84$658_DATA' using process `$paramod$c89cb14d58f3306e1f79ef0e7bfeb69d00c509b8\conv1d_large_4mult.$proc$/Users/adarmaori/Desktop/Final$20Project/FPGA/conv1d_large_4mult.v:49$661'.
  created $dff cell `$procdff$2194' with positive edge clock.
Creating register for signal `$paramod$c89cb14d58f3306e1f79ef0e7bfeb69d00c509b8\conv1d_large_4mult.$mem2reg_rd$\tap$/Users/adarmaori/Desktop/Final$20Project/FPGA/conv1d_large_4mult.v:84$659_ADDR' using process `$paramod$c89cb14d58f3306e1f79ef0e7bfeb69d00c509b8\conv1d_large_4mult.$proc$/Users/adarmaori/Desktop/Final$20Project/FPGA/conv1d_large_4mult.v:49$661'.
  created $dff cell `$procdff$2195' with positive edge clock.
Creating register for signal `$paramod$c89cb14d58f3306e1f79ef0e7bfeb69d00c509b8\conv1d_large_4mult.$mem2reg_rd$\tap$/Users/adarmaori/Desktop/Final$20Project/FPGA/conv1d_large_4mult.v:84$659_DATA' using process `$paramod$c89cb14d58f3306e1f79ef0e7bfeb69d00c509b8\conv1d_large_4mult.$proc$/Users/adarmaori/Desktop/Final$20Project/FPGA/conv1d_large_4mult.v:49$661'.
  created $dff cell `$procdff$2196' with positive edge clock.

8.3.10. Executing PROC_MEMWR pass (convert process memory writes to cells).

8.3.11. Executing PROC_CLEAN pass (remove empty switches from decision trees).
Removing empty process `SB_DFFNES.$proc$/opt/homebrew/bin/../share/yosys/ice40/cells_sim.v:0$382'.
Found and cleaned up 1 empty switch in `\SB_DFFNES.$proc$/opt/homebrew/bin/../share/yosys/ice40/cells_sim.v:1414$379'.
Removing empty process `SB_DFFNES.$proc$/opt/homebrew/bin/../share/yosys/ice40/cells_sim.v:1414$379'.
Removing empty process `SB_DFFNESS.$proc$/opt/homebrew/bin/../share/yosys/ice40/cells_sim.v:0$378'.
Found and cleaned up 2 empty switches in `\SB_DFFNESS.$proc$/opt/homebrew/bin/../share/yosys/ice40/cells_sim.v:1353$372'.
Removing empty process `SB_DFFNESS.$proc$/opt/homebrew/bin/../share/yosys/ice40/cells_sim.v:1353$372'.
Removing empty process `SB_DFFNER.$proc$/opt/homebrew/bin/../share/yosys/ice40/cells_sim.v:0$371'.
Found and cleaned up 1 empty switch in `\SB_DFFNER.$proc$/opt/homebrew/bin/../share/yosys/ice40/cells_sim.v:1273$368'.
Removing empty process `SB_DFFNER.$proc$/opt/homebrew/bin/../share/yosys/ice40/cells_sim.v:1273$368'.
Removing empty process `SB_DFFNESR.$proc$/opt/homebrew/bin/../share/yosys/ice40/cells_sim.v:0$367'.
Found and cleaned up 2 empty switches in `\SB_DFFNESR.$proc$/opt/homebrew/bin/../share/yosys/ice40/cells_sim.v:1212$361'.
Removing empty process `SB_DFFNESR.$proc$/opt/homebrew/bin/../share/yosys/ice40/cells_sim.v:1212$361'.
Removing empty process `SB_DFFNS.$proc$/opt/homebrew/bin/../share/yosys/ice40/cells_sim.v:0$360'.
Removing empty process `SB_DFFNS.$proc$/opt/homebrew/bin/../share/yosys/ice40/cells_sim.v:1138$358'.
Removing empty process `SB_DFFNSS.$proc$/opt/homebrew/bin/../share/yosys/ice40/cells_sim.v:0$357'.
Found and cleaned up 1 empty switch in `\SB_DFFNSS.$proc$/opt/homebrew/bin/../share/yosys/ice40/cells_sim.v:1088$355'.
Removing empty process `SB_DFFNSS.$proc$/opt/homebrew/bin/../share/yosys/ice40/cells_sim.v:1088$355'.
Removing empty process `SB_DFFNR.$proc$/opt/homebrew/bin/../share/yosys/ice40/cells_sim.v:0$354'.
Removing empty process `SB_DFFNR.$proc$/opt/homebrew/bin/../share/yosys/ice40/cells_sim.v:1017$352'.
Removing empty process `SB_DFFNSR.$proc$/opt/homebrew/bin/../share/yosys/ice40/cells_sim.v:0$351'.
Found and cleaned up 1 empty switch in `\SB_DFFNSR.$proc$/opt/homebrew/bin/../share/yosys/ice40/cells_sim.v:967$349'.
Removing empty process `SB_DFFNSR.$proc$/opt/homebrew/bin/../share/yosys/ice40/cells_sim.v:967$349'.
Removing empty process `SB_DFFNE.$proc$/opt/homebrew/bin/../share/yosys/ice40/cells_sim.v:0$348'.
Found and cleaned up 1 empty switch in `\SB_DFFNE.$proc$/opt/homebrew/bin/../share/yosys/ice40/cells_sim.v:922$347'.
Removing empty process `SB_DFFNE.$proc$/opt/homebrew/bin/../share/yosys/ice40/cells_sim.v:922$347'.
Removing empty process `SB_DFFN.$proc$/opt/homebrew/bin/../share/yosys/ice40/cells_sim.v:0$346'.
Removing empty process `SB_DFFN.$proc$/opt/homebrew/bin/../share/yosys/ice40/cells_sim.v:882$345'.
Removing empty process `SB_DFFES.$proc$/opt/homebrew/bin/../share/yosys/ice40/cells_sim.v:0$344'.
Found and cleaned up 1 empty switch in `\SB_DFFES.$proc$/opt/homebrew/bin/../share/yosys/ice40/cells_sim.v:803$341'.
Removing empty process `SB_DFFES.$proc$/opt/homebrew/bin/../share/yosys/ice40/cells_sim.v:803$341'.
Removing empty process `SB_DFFESS.$proc$/opt/homebrew/bin/../share/yosys/ice40/cells_sim.v:0$340'.
Found and cleaned up 2 empty switches in `\SB_DFFESS.$proc$/opt/homebrew/bin/../share/yosys/ice40/cells_sim.v:742$334'.
Removing empty process `SB_DFFESS.$proc$/opt/homebrew/bin/../share/yosys/ice40/cells_sim.v:742$334'.
Removing empty process `SB_DFFER.$proc$/opt/homebrew/bin/../share/yosys/ice40/cells_sim.v:0$333'.
Found and cleaned up 1 empty switch in `\SB_DFFER.$proc$/opt/homebrew/bin/../share/yosys/ice40/cells_sim.v:662$330'.
Removing empty process `SB_DFFER.$proc$/opt/homebrew/bin/../share/yosys/ice40/cells_sim.v:662$330'.
Removing empty process `SB_DFFESR.$proc$/opt/homebrew/bin/../share/yosys/ice40/cells_sim.v:0$329'.
Found and cleaned up 2 empty switches in `\SB_DFFESR.$proc$/opt/homebrew/bin/../share/yosys/ice40/cells_sim.v:601$323'.
Removing empty process `SB_DFFESR.$proc$/opt/homebrew/bin/../share/yosys/ice40/cells_sim.v:601$323'.
Removing empty process `SB_DFFS.$proc$/opt/homebrew/bin/../share/yosys/ice40/cells_sim.v:0$322'.
Removing empty process `SB_DFFS.$proc$/opt/homebrew/bin/../share/yosys/ice40/cells_sim.v:527$320'.
Removing empty process `SB_DFFSS.$proc$/opt/homebrew/bin/../share/yosys/ice40/cells_sim.v:0$319'.
Found and cleaned up 1 empty switch in `\SB_DFFSS.$proc$/opt/homebrew/bin/../share/yosys/ice40/cells_sim.v:477$317'.
Removing empty process `SB_DFFSS.$proc$/opt/homebrew/bin/../share/yosys/ice40/cells_sim.v:477$317'.
Removing empty process `SB_DFFR.$proc$/opt/homebrew/bin/../share/yosys/ice40/cells_sim.v:0$316'.
Removing empty process `SB_DFFR.$proc$/opt/homebrew/bin/../share/yosys/ice40/cells_sim.v:406$314'.
Removing empty process `SB_DFFSR.$proc$/opt/homebrew/bin/../share/yosys/ice40/cells_sim.v:0$313'.
Found and cleaned up 1 empty switch in `\SB_DFFSR.$proc$/opt/homebrew/bin/../share/yosys/ice40/cells_sim.v:356$311'.
Removing empty process `SB_DFFSR.$proc$/opt/homebrew/bin/../share/yosys/ice40/cells_sim.v:356$311'.
Removing empty process `SB_DFFE.$proc$/opt/homebrew/bin/../share/yosys/ice40/cells_sim.v:0$310'.
Found and cleaned up 1 empty switch in `\SB_DFFE.$proc$/opt/homebrew/bin/../share/yosys/ice40/cells_sim.v:311$309'.
Removing empty process `SB_DFFE.$proc$/opt/homebrew/bin/../share/yosys/ice40/cells_sim.v:311$309'.
Removing empty process `SB_DFF.$proc$/opt/homebrew/bin/../share/yosys/ice40/cells_sim.v:0$308'.
Removing empty process `SB_DFF.$proc$/opt/homebrew/bin/../share/yosys/ice40/cells_sim.v:271$307'.
Found and cleaned up 16 empty switches in `$paramod$c89cb14d58f3306e1f79ef0e7bfeb69d00c509b8\conv1d_large_4mult.$proc$/Users/adarmaori/Desktop/Final$20Project/FPGA/conv1d_large_4mult.v:49$661'.
Removing empty process `$paramod$c89cb14d58f3306e1f79ef0e7bfeb69d00c509b8\conv1d_large_4mult.$proc$/Users/adarmaori/Desktop/Final$20Project/FPGA/conv1d_large_4mult.v:49$661'.
Cleaned up 34 empty switches.

8.3.12. Executing OPT_EXPR pass (perform const folding).
Optimizing module conv1d_large_benchmark_top.
Optimizing module $paramod$7f477315f35ad44021ae5d9d7dad4f197c1f8b8a\conv1d_large_engine.
Optimizing module $paramod$c89cb14d58f3306e1f79ef0e7bfeb69d00c509b8\conv1d_large_4mult.
<suppressed ~4 debug messages>

8.4. Executing FLATTEN pass (flatten design).
Deleting now unused module $paramod$7f477315f35ad44021ae5d9d7dad4f197c1f8b8a\conv1d_large_engine.
Deleting now unused module $paramod$c89cb14d58f3306e1f79ef0e7bfeb69d00c509b8\conv1d_large_4mult.
<suppressed ~2 debug messages>

8.5. Executing TRIBUF pass.

8.6. Executing DEMINOUT pass (demote inout ports to input or output).

8.7. Executing OPT_EXPR pass (perform const folding).
Optimizing module conv1d_large_benchmark_top.
<suppressed ~8 debug messages>

8.8. Executing OPT_CLEAN pass (remove unused cells and wires).
Finding unused cells or wires in module \conv1d_large_benchmark_top..
Removed 190 unused cells and 733 unused wires.
<suppressed ~205 debug messages>

8.9. Executing CHECK pass (checking for obvious problems).
Checking module conv1d_large_benchmark_top...
Found and reported 0 problems.

8.10. Executing OPT pass (performing simple optimizations).

8.10.1. Executing OPT_EXPR pass (perform const folding).
Optimizing module conv1d_large_benchmark_top.
<suppressed ~1 debug messages>

8.10.2. Executing OPT_MERGE pass (detect identical cells).
Finding identical cells in module `\conv1d_large_benchmark_top'.
<suppressed ~24 debug messages>
Removed a total of 8 cells.

8.10.3. Executing OPT_MUXTREE pass (detect dead branches in mux trees).
Running muxtree optimizer on module \conv1d_large_benchmark_top..
  Creating internal representation of mux trees.
  Evaluating internal representation of mux trees.
      Replacing known input bits on port A of cell $flatten\conv.\impl.$procmux$2047: \conv.impl.busy -> 1'0
      Replacing known input bits on port A of cell $flatten\conv.\impl.$procmux$2045: \conv.impl.busy -> 1'1
  Analyzing evaluation results.
Removed 0 multiplexer ports.
<suppressed ~80 debug messages>

8.10.4. Executing OPT_REDUCE pass (consolidate $*mux and $reduce_* inputs).
  Optimizing cells in module \conv1d_large_benchmark_top.
    New ctrl vector for $pmux cell $flatten\conv.\impl.$procmux$1002: { $flatten\conv.\impl.$procmux$1008_CMP $flatten\conv.\impl.$procmux$1007_CMP $flatten\conv.\impl.$procmux$1006_CMP $flatten\conv.\impl.$procmux$1004_CMP $auto$opt_reduce.cc:134:opt_pmux$2220 }
    New ctrl vector for $pmux cell $flatten\conv.\impl.$procmux$1127: { $flatten\conv.\impl.$procmux$1133_CMP $flatten\conv.\impl.$procmux$1132_CMP $flatten\conv.\impl.$procmux$1131_CMP $flatten\conv.\impl.$procmux$1129_CMP $auto$opt_reduce.cc:134:opt_pmux$2222 }
    New ctrl vector for $pmux cell $flatten\conv.\impl.$procmux$1252: { $flatten\conv.\impl.$procmux$1258_CMP $flatten\conv.\impl.$procmux$1257_CMP $flatten\conv.\impl.$procmux$1256_CMP $flatten\conv.\impl.$procmux$1254_CMP $auto$opt_reduce.cc:134:opt_pmux$2224 }
    New ctrl vector for $pmux cell $flatten\conv.\impl.$procmux$877: { $flatten\conv.\impl.$procmux$883_CMP $flatten\conv.\impl.$procmux$882_CMP $flatten\conv.\impl.$procmux$881_CMP $flatten\conv.\impl.$procmux$879_CMP $auto$opt_reduce.cc:134:opt_pmux$2226 }
  Optimizing cells in module \conv1d_large_benchmark_top.
Performed a total of 4 changes.

8.10.5. Executing OPT_MERGE pass (detect identical cells).
Finding identical cells in module `\conv1d_large_benchmark_top'.
Removed a total of 0 cells.

8.10.6. Executing OPT_DFF pass (perform DFF optimizations).

8.10.7. Executing OPT_CLEAN pass (remove unused cells and wires).
Finding unused cells or wires in module \conv1d_large_benchmark_top..
Removed 1 unused cells and 10 unused wires.
<suppressed ~2 debug messages>

8.10.8. Executing OPT_EXPR pass (perform const folding).
Optimizing module conv1d_large_benchmark_top.

8.10.9. Rerunning OPT passes. (Maybe there is more to do..)

8.10.10. Executing OPT_MUXTREE pass (detect dead branches in mux trees).
Running muxtree optimizer on module \conv1d_large_benchmark_top..
  Creating internal representation of mux trees.
  Evaluating internal representation of mux trees.
  Analyzing evaluation results.
Removed 0 multiplexer ports.
<suppressed ~80 debug messages>

8.10.11. Executing OPT_REDUCE pass (consolidate $*mux and $reduce_* inputs).
  Optimizing cells in module \conv1d_large_benchmark_top.
Performed a total of 0 changes.

8.10.12. Executing OPT_MERGE pass (detect identical cells).
Finding identical cells in module `\conv1d_large_benchmark_top'.
Removed a total of 0 cells.

8.10.13. Executing OPT_DFF pass (perform DFF optimizations).

8.10.14. Executing OPT_CLEAN pass (remove unused cells and wires).
Finding unused cells or wires in module \conv1d_large_benchmark_top..

8.10.15. Executing OPT_EXPR pass (perform const folding).
Optimizing module conv1d_large_benchmark_top.

8.10.16. Finished OPT passes. (There is nothing left to do.)

8.11. Executing FSM pass (extract and optimize FSM).

8.11.1. Executing FSM_DETECT pass (finding FSMs in design).

8.11.2. Executing FSM_EXTRACT pass (extracting FSM from design).

8.11.3. Executing FSM_OPT pass (simple optimizations of FSMs).

8.11.4. Executing OPT_CLEAN pass (remove unused cells and wires).
Finding unused cells or wires in module \conv1d_large_benchmark_top..

8.11.5. Executing FSM_OPT pass (simple optimizations of FSMs).

8.11.6. Executing FSM_RECODE pass (re-assigning FSM state encoding).

8.11.7. Executing FSM_INFO pass (dumping all available information on FSM cells).

8.11.8. Executing FSM_MAP pass (mapping FSMs to basic logic).

8.12. Executing OPT pass (performing simple optimizations).

8.12.1. Executing OPT_EXPR pass (perform const folding).
Optimizing module conv1d_large_benchmark_top.

8.12.2. Executing OPT_MERGE pass (detect identical cells).
Finding identical cells in module `\conv1d_large_benchmark_top'.
Removed a total of 0 cells.

8.12.3. Executing OPT_MUXTREE pass (detect dead branches in mux trees).
Running muxtree optimizer on module \conv1d_large_benchmark_top..
  Creating internal representation of mux trees.
  Evaluating internal representation of mux trees.
  Analyzing evaluation results.
Removed 0 multiplexer ports.
<suppressed ~80 debug messages>

8.12.4. Executing OPT_REDUCE pass (consolidate $*mux and $reduce_* inputs).
  Optimizing cells in module \conv1d_large_benchmark_top.
Performed a total of 0 changes.

8.12.5. Executing OPT_MERGE pass (detect identical cells).
Finding identical cells in module `\conv1d_large_benchmark_top'.
Removed a total of 0 cells.

8.12.6. Executing OPT_DFF pass (perform DFF optimizations).
Adding SRST signal on $flatten\conv.\impl.$procdff$2180 ($dff) from module conv1d_large_benchmark_top (D = $flatten\conv.\impl.$procmux$1666_Y, Q = \conv.impl.tap[31], rval = 8'00000000).
Adding EN signal on $auto$ff.cc:266:slice$2227 ($sdff) from module conv1d_large_benchmark_top (D = \conv.impl.history[30], Q = \conv.impl.tap[31]).
Adding SRST signal on $flatten\conv.\impl.$procdff$2179 ($dff) from module conv1d_large_benchmark_top (D = $flatten\conv.\impl.$procmux$1672_Y, Q = \conv.impl.tap[30], rval = 8'00000000).
Adding EN signal on $auto$ff.cc:266:slice$2229 ($sdff) from module conv1d_large_benchmark_top (D = \conv.impl.history[29], Q = \conv.impl.tap[30]).
Adding SRST signal on $flatten\conv.\impl.$procdff$2178 ($dff) from module conv1d_large_benchmark_top (D = $flatten\conv.\impl.$procmux$1678_Y, Q = \conv.impl.tap[29], rval = 8'00000000).
Adding EN signal on $auto$ff.cc:266:slice$2231 ($sdff) from module conv1d_large_benchmark_top (D = \conv.impl.history[28], Q = \conv.impl.tap[29]).
Adding SRST signal on $flatten\conv.\impl.$procdff$2177 ($dff) from module conv1d_large_benchmark_top (D = $flatten\conv.\impl.$procmux$1684_Y, Q = \conv.impl.tap[28], rval = 8'00000000).
Adding EN signal on $auto$ff.cc:266:slice$2233 ($sdff) from module conv1d_large_benchmark_top (D = \conv.impl.history[27], Q = \conv.impl.tap[28]).
Adding SRST signal on $flatten\conv.\impl.$procdff$2176 ($dff) from module conv1d_large_benchmark_top (D = $flatten\conv.\impl.$procmux$1690_Y, Q = \conv.impl.tap[27], rval = 8'00000000).
Adding EN signal on $auto$ff.cc:266:slice$2235 ($sdff) from module conv1d_large_benchmark_top (D = \conv.impl.history[26], Q = \conv.impl.tap[27]).
Adding SRST signal on $flatten\conv.\impl.$procdff$2175 ($dff) from module conv1d_large_benchmark_top (D = $flatten\conv.\impl.$procmux$1696_Y, Q = \conv.impl.tap[26], rval = 8'00000000).
Adding EN signal on $auto$ff.cc:266:slice$2237 ($sdff) from module conv1d_large_benchmark_top (D = \conv.impl.history[25], Q = \conv.impl.tap[26]).
Adding SRST signal on $flatten\conv.\impl.$procdff$2174 ($dff) from module conv1d_large_benchmark_top (D = $flatten\conv.\impl.$procmux$1702_Y, Q = \conv.impl.tap[25], rval = 8'00000000).
Adding EN signal on $auto$ff.cc:266:slice$2239 ($sdff) from module conv1d_large_benchmark_top (D = \conv.impl.history[24], Q = \conv.impl.tap[25]).
Adding SRST signal on $flatten\conv.\impl.$procdff$2173 ($dff) from module conv1d_large_benchmark_top (D = $flatten\conv.\impl.$procmux$1708_Y, Q = \conv.impl.tap[24], rval = 8'00000000).
Adding EN signal on $auto$ff.cc:266:slice$2241 ($sdff) from module conv1d_large_benchmark_top (D = \conv.impl.history[23], Q = \conv.impl.tap[24]).
Adding SRST signal on $flatten\conv.\impl.$procdff$2172 ($dff) from module conv1d_large_benchmark_top (D = $flatten\conv.\impl.$procmux$1714_Y, Q = \conv.impl.tap[23], rval = 8'00000000).
Adding EN signal on $auto$ff.cc:266:slice$2243 ($sdff) from module conv1d_large_benchmark_top (D = \conv.impl.history[22], Q = \conv.impl.tap[23]).
Adding SRST signal on $flatten\conv.\impl.$procdff$2171 ($dff) from module conv1d_large_benchmark_top (D = $flatten\conv.\impl.$procmux$1720_Y, Q = \conv.impl.tap[22], rval = 8'00000000).
Adding EN signal on $auto$ff.cc:266:slice$2245 ($sdff) from module conv1d_large_benchmark_top (D = \conv.impl.history[21], Q = \conv.impl.tap[22]).
Adding SRST signal on $flatten\conv.\impl.$procdff$2170 ($dff) from module conv1d_large_benchmark_top (D = $flatten\conv.\impl.$procmux$1726_Y, Q = \conv.impl.tap[21], rval = 8'00000000).
Adding EN signal on $auto$ff.cc:266:slice$2247 ($sdff) from module conv1d_large_benchmark_top (D = \conv.impl.history[20], Q = \conv.impl.tap[21]).
Adding SRST signal on $flatten\conv.\impl.$procdff$2169 ($dff) from module conv1d_large_benchmark_top (D = $flatten\conv.\impl.$procmux$1732_Y, Q = \conv.impl.tap[20], rval = 8'00000000).
Adding EN signal on $auto$ff.cc:266:slice$2249 ($sdff) from module conv1d_large_benchmark_top (D = \conv.impl.history[19], Q = \conv.impl.tap[20]).
Adding SRST signal on $flatten\conv.\impl.$procdff$2168 ($dff) from module conv1d_large_benchmark_top (D = $flatten\conv.\impl.$procmux$1738_Y, Q = \conv.impl.tap[19], rval = 8'00000000).
Adding EN signal on $auto$ff.cc:266:slice$2251 ($sdff) from module conv1d_large_benchmark_top (D = \conv.impl.history[18], Q = \conv.impl.tap[19]).
Adding SRST signal on $flatten\conv.\impl.$procdff$2167 ($dff) from module conv1d_large_benchmark_top (D = $flatten\conv.\impl.$procmux$1744_Y, Q = \conv.impl.tap[18], rval = 8'00000000).
Adding EN signal on $auto$ff.cc:266:slice$2253 ($sdff) from module conv1d_large_benchmark_top (D = \conv.impl.history[17], Q = \conv.impl.tap[18]).
Adding SRST signal on $flatten\conv.\impl.$procdff$2166 ($dff) from module conv1d_large_benchmark_top (D = $flatten\conv.\impl.$procmux$1750_Y, Q = \conv.impl.tap[17], rval = 8'00000000).
Adding EN signal on $auto$ff.cc:266:slice$2255 ($sdff) from module conv1d_large_benchmark_top (D = \conv.impl.history[16], Q = \conv.impl.tap[17]).
Adding SRST signal on $flatten\conv.\impl.$procdff$2165 ($dff) from module conv1d_large_benchmark_top (D = $flatten\conv.\impl.$procmux$1756_Y, Q = \conv.impl.tap[16], rval = 8'00000000).
Adding EN signal on $auto$ff.cc:266:slice$2257 ($sdff) from module conv1d_large_benchmark_top (D = \conv.impl.history[15], Q = \conv.impl.tap[16]).
Adding SRST signal on $flatten\conv.\impl.$procdff$2164 ($dff) from module conv1d_large_benchmark_top (D = $flatten\conv.\impl.$procmux$1762_Y, Q = \conv.impl.tap[15], rval = 8'00000000).
Adding EN signal on $auto$ff.cc:266:slice$2259 ($sdff) from module conv1d_large_benchmark_top (D = \conv.impl.history[14], Q = \conv.impl.tap[15]).
Adding SRST signal on $flatten\conv.\impl.$procdff$2163 ($dff) from module conv1d_large_benchmark_top (D = $flatten\conv.\impl.$procmux$1768_Y, Q = \conv.impl.tap[14], rval = 8'00000000).
Adding EN signal on $auto$ff.cc:266:slice$2261 ($sdff) from module conv1d_large_benchmark_top (D = \conv.impl.history[13], Q = \conv.impl.tap[14]).
Adding SRST signal on $flatten\conv.\impl.$procdff$2162 ($dff) from module conv1d_large_benchmark_top (D = $flatten\conv.\impl.$procmux$1774_Y, Q = \conv.impl.tap[13], rval = 8'00000000).
Adding EN signal on $auto$ff.cc:266:slice$2263 ($sdff) from module conv1d_large_benchmark_top (D = \conv.impl.history[12], Q = \conv.impl.tap[13]).
Adding SRST signal on $flatten\conv.\impl.$procdff$2161 ($dff) from module conv1d_large_benchmark_top (D = $flatten\conv.\impl.$procmux$1780_Y, Q = \conv.impl.tap[12], rval = 8'00000000).
Adding EN signal on $auto$ff.cc:266:slice$2265 ($sdff) from module conv1d_large_benchmark_top (D = \conv.impl.history[11], Q = \conv.impl.tap[12]).
Adding SRST signal on $flatten\conv.\impl.$procdff$2160 ($dff) from module conv1d_large_benchmark_top (D = $flatten\conv.\impl.$procmux$1786_Y, Q = \conv.impl.tap[11], rval = 8'00000000).
Adding EN signal on $auto$ff.cc:266:slice$2267 ($sdff) from module conv1d_large_benchmark_top (D = \conv.impl.history[10], Q = \conv.impl.tap[11]).
Adding SRST signal on $flatten\conv.\impl.$procdff$2159 ($dff) from module conv1d_large_benchmark_top (D = $flatten\conv.\impl.$procmux$1792_Y, Q = \conv.impl.tap[10], rval = 8'00000000).
Adding EN signal on $auto$ff.cc:266:slice$2269 ($sdff) from module conv1d_large_benchmark_top (D = \conv.impl.history[9], Q = \conv.impl.tap[10]).
Adding SRST signal on $flatten\conv.\impl.$procdff$2158 ($dff) from module conv1d_large_benchmark_top (D = $flatten\conv.\impl.$procmux$1798_Y, Q = \conv.impl.tap[9], rval = 8'00000000).
Adding EN signal on $auto$ff.cc:266:slice$2271 ($sdff) from module conv1d_large_benchmark_top (D = \conv.impl.history[8], Q = \conv.impl.tap[9]).
Adding SRST signal on $flatten\conv.\impl.$procdff$2157 ($dff) from module conv1d_large_benchmark_top (D = $flatten\conv.\impl.$procmux$1804_Y, Q = \conv.impl.tap[8], rval = 8'00000000).
Adding EN signal on $auto$ff.cc:266:slice$2273 ($sdff) from module conv1d_large_benchmark_top (D = \conv.impl.history[7], Q = \conv.impl.tap[8]).
Adding SRST signal on $flatten\conv.\impl.$procdff$2156 ($dff) from module conv1d_large_benchmark_top (D = $flatten\conv.\impl.$procmux$1810_Y, Q = \conv.impl.tap[7], rval = 8'00000000).
Adding EN signal on $auto$ff.cc:266:slice$2275 ($sdff) from module conv1d_large_benchmark_top (D = \conv.impl.history[6], Q = \conv.impl.tap[7]).
Adding SRST signal on $flatten\conv.\impl.$procdff$2155 ($dff) from module conv1d_large_benchmark_top (D = $flatten\conv.\impl.$procmux$1816_Y, Q = \conv.impl.tap[6], rval = 8'00000000).
Adding EN signal on $auto$ff.cc:266:slice$2277 ($sdff) from module conv1d_large_benchmark_top (D = \conv.impl.history[5], Q = \conv.impl.tap[6]).
Adding SRST signal on $flatten\conv.\impl.$procdff$2154 ($dff) from module conv1d_large_benchmark_top (D = $flatten\conv.\impl.$procmux$1822_Y, Q = \conv.impl.tap[5], rval = 8'00000000).
Adding EN signal on $auto$ff.cc:266:slice$2279 ($sdff) from module conv1d_large_benchmark_top (D = \conv.impl.history[4], Q = \conv.impl.tap[5]).
Adding SRST signal on $flatten\conv.\impl.$procdff$2153 ($dff) from module conv1d_large_benchmark_top (D = $flatten\conv.\impl.$procmux$1828_Y, Q = \conv.impl.tap[4], rval = 8'00000000).
Adding EN signal on $auto$ff.cc:266:slice$2281 ($sdff) from module conv1d_large_benchmark_top (D = \conv.impl.history[3], Q = \conv.impl.tap[4]).
Adding SRST signal on $flatten\conv.\impl.$procdff$2152 ($dff) from module conv1d_large_benchmark_top (D = $flatten\conv.\impl.$procmux$1834_Y, Q = \conv.impl.tap[3], rval = 8'00000000).
Adding EN signal on $auto$ff.cc:266:slice$2283 ($sdff) from module conv1d_large_benchmark_top (D = \conv.impl.history[2], Q = \conv.impl.tap[3]).
Adding SRST signal on $flatten\conv.\impl.$procdff$2151 ($dff) from module conv1d_large_benchmark_top (D = $flatten\conv.\impl.$procmux$1840_Y, Q = \conv.impl.tap[2], rval = 8'00000000).
Adding EN signal on $auto$ff.cc:266:slice$2285 ($sdff) from module conv1d_large_benchmark_top (D = \conv.impl.history[1], Q = \conv.impl.tap[2]).
Adding SRST signal on $flatten\conv.\impl.$procdff$2150 ($dff) from module conv1d_large_benchmark_top (D = $flatten\conv.\impl.$procmux$1846_Y, Q = \conv.impl.tap[1], rval = 8'00000000).
Adding EN signal on $auto$ff.cc:266:slice$2287 ($sdff) from module conv1d_large_benchmark_top (D = \conv.impl.history[0], Q = \conv.impl.tap[1]).
Adding SRST signal on $flatten\conv.\impl.$procdff$2149 ($dff) from module conv1d_large_benchmark_top (D = $flatten\conv.\impl.$procmux$1852_Y, Q = \conv.impl.tap[0], rval = 8'00000000).
Adding EN signal on $auto$ff.cc:266:slice$2289 ($sdff) from module conv1d_large_benchmark_top (D = \sample_in, Q = \conv.impl.tap[0]).
Adding SRST signal on $flatten\conv.\impl.$procdff$2148 ($dff) from module conv1d_large_benchmark_top (D = $flatten\conv.\impl.$procmux$1858_Y, Q = \conv.impl.history[30], rval = 8'00000000).
Adding EN signal on $auto$ff.cc:266:slice$2291 ($sdff) from module conv1d_large_benchmark_top (D = \conv.impl.history[29], Q = \conv.impl.history[30]).
Adding SRST signal on $flatten\conv.\impl.$procdff$2147 ($dff) from module conv1d_large_benchmark_top (D = $flatten\conv.\impl.$procmux$1864_Y, Q = \conv.impl.history[29], rval = 8'00000000).
Adding EN signal on $auto$ff.cc:266:slice$2293 ($sdff) from module conv1d_large_benchmark_top (D = \conv.impl.history[28], Q = \conv.impl.history[29]).
Adding SRST signal on $flatten\conv.\impl.$procdff$2146 ($dff) from module conv1d_large_benchmark_top (D = $flatten\conv.\impl.$procmux$1870_Y, Q = \conv.impl.history[28], rval = 8'00000000).
Adding EN signal on $auto$ff.cc:266:slice$2295 ($sdff) from module conv1d_large_benchmark_top (D = \conv.impl.history[27], Q = \conv.impl.history[28]).
Adding SRST signal on $flatten\conv.\impl.$procdff$2145 ($dff) from module conv1d_large_benchmark_top (D = $flatten\conv.\impl.$procmux$1876_Y, Q = \conv.impl.history[27], rval = 8'00000000).
Adding EN signal on $auto$ff.cc:266:slice$2297 ($sdff) from module conv1d_large_benchmark_top (D = \conv.impl.history[26], Q = \conv.impl.history[27]).
Adding SRST signal on $flatten\conv.\impl.$procdff$2144 ($dff) from module conv1d_large_benchmark_top (D = $flatten\conv.\impl.$procmux$1882_Y, Q = \conv.impl.history[26], rval = 8'00000000).
Adding EN signal on $auto$ff.cc:266:slice$2299 ($sdff) from module conv1d_large_benchmark_top (D = \conv.impl.history[25], Q = \conv.impl.history[26]).
Adding SRST signal on $flatten\conv.\impl.$procdff$2143 ($dff) from module conv1d_large_benchmark_top (D = $flatten\conv.\impl.$procmux$1888_Y, Q = \conv.impl.history[25], rval = 8'00000000).
Adding EN signal on $auto$ff.cc:266:slice$2301 ($sdff) from module conv1d_large_benchmark_top (D = \conv.impl.history[24], Q = \conv.impl.history[25]).
Adding SRST signal on $flatten\conv.\impl.$procdff$2142 ($dff) from module conv1d_large_benchmark_top (D = $flatten\conv.\impl.$procmux$1894_Y, Q = \conv.impl.history[24], rval = 8'00000000).
Adding EN signal on $auto$ff.cc:266:slice$2303 ($sdff) from module conv1d_large_benchmark_top (D = \conv.impl.history[23], Q = \conv.impl.history[24]).
Adding SRST signal on $flatten\conv.\impl.$procdff$2141 ($dff) from module conv1d_large_benchmark_top (D = $flatten\conv.\impl.$procmux$1900_Y, Q = \conv.impl.history[23], rval = 8'00000000).
Adding EN signal on $auto$ff.cc:266:slice$2305 ($sdff) from module conv1d_large_benchmark_top (D = \conv.impl.history[22], Q = \conv.impl.history[23]).
Adding SRST signal on $flatten\conv.\impl.$procdff$2140 ($dff) from module conv1d_large_benchmark_top (D = $flatten\conv.\impl.$procmux$1906_Y, Q = \conv.impl.history[22], rval = 8'00000000).
Adding EN signal on $auto$ff.cc:266:slice$2307 ($sdff) from module conv1d_large_benchmark_top (D = \conv.impl.history[21], Q = \conv.impl.history[22]).
Adding SRST signal on $flatten\conv.\impl.$procdff$2139 ($dff) from module conv1d_large_benchmark_top (D = $flatten\conv.\impl.$procmux$1912_Y, Q = \conv.impl.history[21], rval = 8'00000000).
Adding EN signal on $auto$ff.cc:266:slice$2309 ($sdff) from module conv1d_large_benchmark_top (D = \conv.impl.history[20], Q = \conv.impl.history[21]).
Adding SRST signal on $flatten\conv.\impl.$procdff$2138 ($dff) from module conv1d_large_benchmark_top (D = $flatten\conv.\impl.$procmux$1918_Y, Q = \conv.impl.history[20], rval = 8'00000000).
Adding EN signal on $auto$ff.cc:266:slice$2311 ($sdff) from module conv1d_large_benchmark_top (D = \conv.impl.history[19], Q = \conv.impl.history[20]).
Adding SRST signal on $flatten\conv.\impl.$procdff$2137 ($dff) from module conv1d_large_benchmark_top (D = $flatten\conv.\impl.$procmux$1924_Y, Q = \conv.impl.history[19], rval = 8'00000000).
Adding EN signal on $auto$ff.cc:266:slice$2313 ($sdff) from module conv1d_large_benchmark_top (D = \conv.impl.history[18], Q = \conv.impl.history[19]).
Adding SRST signal on $flatten\conv.\impl.$procdff$2136 ($dff) from module conv1d_large_benchmark_top (D = $flatten\conv.\impl.$procmux$1930_Y, Q = \conv.impl.history[18], rval = 8'00000000).
Adding EN signal on $auto$ff.cc:266:slice$2315 ($sdff) from module conv1d_large_benchmark_top (D = \conv.impl.history[17], Q = \conv.impl.history[18]).
Adding SRST signal on $flatten\conv.\impl.$procdff$2135 ($dff) from module conv1d_large_benchmark_top (D = $flatten\conv.\impl.$procmux$1936_Y, Q = \conv.impl.history[17], rval = 8'00000000).
Adding EN signal on $auto$ff.cc:266:slice$2317 ($sdff) from module conv1d_large_benchmark_top (D = \conv.impl.history[16], Q = \conv.impl.history[17]).
Adding SRST signal on $flatten\conv.\impl.$procdff$2134 ($dff) from module conv1d_large_benchmark_top (D = $flatten\conv.\impl.$procmux$1942_Y, Q = \conv.impl.history[16], rval = 8'00000000).
Adding EN signal on $auto$ff.cc:266:slice$2319 ($sdff) from module conv1d_large_benchmark_top (D = \conv.impl.history[15], Q = \conv.impl.history[16]).
Adding SRST signal on $flatten\conv.\impl.$procdff$2133 ($dff) from module conv1d_large_benchmark_top (D = $flatten\conv.\impl.$procmux$1948_Y, Q = \conv.impl.history[15], rval = 8'00000000).
Adding EN signal on $auto$ff.cc:266:slice$2321 ($sdff) from module conv1d_large_benchmark_top (D = \conv.impl.history[14], Q = \conv.impl.history[15]).
Adding SRST signal on $flatten\conv.\impl.$procdff$2132 ($dff) from module conv1d_large_benchmark_top (D = $flatten\conv.\impl.$procmux$1954_Y, Q = \conv.impl.history[14], rval = 8'00000000).
Adding EN signal on $auto$ff.cc:266:slice$2323 ($sdff) from module conv1d_large_benchmark_top (D = \conv.impl.history[13], Q = \conv.impl.history[14]).
Adding SRST signal on $flatten\conv.\impl.$procdff$2131 ($dff) from module conv1d_large_benchmark_top (D = $flatten\conv.\impl.$procmux$1960_Y, Q = \conv.impl.history[13], rval = 8'00000000).
Adding EN signal on $auto$ff.cc:266:slice$2325 ($sdff) from module conv1d_large_benchmark_top (D = \conv.impl.history[12], Q = \conv.impl.history[13]).
Adding SRST signal on $flatten\conv.\impl.$procdff$2130 ($dff) from module conv1d_large_benchmark_top (D = $flatten\conv.\impl.$procmux$1966_Y, Q = \conv.impl.history[12], rval = 8'00000000).
Adding EN signal on $auto$ff.cc:266:slice$2327 ($sdff) from module conv1d_large_benchmark_top (D = \conv.impl.history[11], Q = \conv.impl.history[12]).
Adding SRST signal on $flatten\conv.\impl.$procdff$2129 ($dff) from module conv1d_large_benchmark_top (D = $flatten\conv.\impl.$procmux$1972_Y, Q = \conv.impl.history[11], rval = 8'00000000).
Adding EN signal on $auto$ff.cc:266:slice$2329 ($sdff) from module conv1d_large_benchmark_top (D = \conv.impl.history[10], Q = \conv.impl.history[11]).
Adding SRST signal on $flatten\conv.\impl.$procdff$2128 ($dff) from module conv1d_large_benchmark_top (D = $flatten\conv.\impl.$procmux$1978_Y, Q = \conv.impl.history[10], rval = 8'00000000).
Adding EN signal on $auto$ff.cc:266:slice$2331 ($sdff) from module conv1d_large_benchmark_top (D = \conv.impl.history[9], Q = \conv.impl.history[10]).
Adding SRST signal on $flatten\conv.\impl.$procdff$2127 ($dff) from module conv1d_large_benchmark_top (D = $flatten\conv.\impl.$procmux$1984_Y, Q = \conv.impl.history[9], rval = 8'00000000).
Adding EN signal on $auto$ff.cc:266:slice$2333 ($sdff) from module conv1d_large_benchmark_top (D = \conv.impl.history[8], Q = \conv.impl.history[9]).
Adding SRST signal on $flatten\conv.\impl.$procdff$2126 ($dff) from module conv1d_large_benchmark_top (D = $flatten\conv.\impl.$procmux$1990_Y, Q = \conv.impl.history[8], rval = 8'00000000).
Adding EN signal on $auto$ff.cc:266:slice$2335 ($sdff) from module conv1d_large_benchmark_top (D = \conv.impl.history[7], Q = \conv.impl.history[8]).
Adding SRST signal on $flatten\conv.\impl.$procdff$2125 ($dff) from module conv1d_large_benchmark_top (D = $flatten\conv.\impl.$procmux$1996_Y, Q = \conv.impl.history[7], rval = 8'00000000).
Adding EN signal on $auto$ff.cc:266:slice$2337 ($sdff) from module conv1d_large_benchmark_top (D = \conv.impl.history[6], Q = \conv.impl.history[7]).
Adding SRST signal on $flatten\conv.\impl.$procdff$2124 ($dff) from module conv1d_large_benchmark_top (D = $flatten\conv.\impl.$procmux$2002_Y, Q = \conv.impl.history[6], rval = 8'00000000).
Adding EN signal on $auto$ff.cc:266:slice$2339 ($sdff) from module conv1d_large_benchmark_top (D = \conv.impl.history[5], Q = \conv.impl.history[6]).
Adding SRST signal on $flatten\conv.\impl.$procdff$2123 ($dff) from module conv1d_large_benchmark_top (D = $flatten\conv.\impl.$procmux$2008_Y, Q = \conv.impl.history[5], rval = 8'00000000).
Adding EN signal on $auto$ff.cc:266:slice$2341 ($sdff) from module conv1d_large_benchmark_top (D = \conv.impl.history[4], Q = \conv.impl.history[5]).
Adding SRST signal on $flatten\conv.\impl.$procdff$2122 ($dff) from module conv1d_large_benchmark_top (D = $flatten\conv.\impl.$procmux$2014_Y, Q = \conv.impl.history[4], rval = 8'00000000).
Adding EN signal on $auto$ff.cc:266:slice$2343 ($sdff) from module conv1d_large_benchmark_top (D = \conv.impl.history[3], Q = \conv.impl.history[4]).
Adding SRST signal on $flatten\conv.\impl.$procdff$2121 ($dff) from module conv1d_large_benchmark_top (D = $flatten\conv.\impl.$procmux$2020_Y, Q = \conv.impl.history[3], rval = 8'00000000).
Adding EN signal on $auto$ff.cc:266:slice$2345 ($sdff) from module conv1d_large_benchmark_top (D = \conv.impl.history[2], Q = \conv.impl.history[3]).
Adding SRST signal on $flatten\conv.\impl.$procdff$2120 ($dff) from module conv1d_large_benchmark_top (D = $flatten\conv.\impl.$procmux$2026_Y, Q = \conv.impl.history[2], rval = 8'00000000).
Adding EN signal on $auto$ff.cc:266:slice$2347 ($sdff) from module conv1d_large_benchmark_top (D = \conv.impl.history[1], Q = \conv.impl.history[2]).
Adding SRST signal on $flatten\conv.\impl.$procdff$2119 ($dff) from module conv1d_large_benchmark_top (D = $flatten\conv.\impl.$procmux$2032_Y, Q = \conv.impl.history[1], rval = 8'00000000).
Adding EN signal on $auto$ff.cc:266:slice$2349 ($sdff) from module conv1d_large_benchmark_top (D = \conv.impl.history[0], Q = \conv.impl.history[1]).
Adding SRST signal on $flatten\conv.\impl.$procdff$2118 ($dff) from module conv1d_large_benchmark_top (D = $flatten\conv.\impl.$procmux$2038_Y, Q = \conv.impl.history[0], rval = 8'00000000).
Adding EN signal on $auto$ff.cc:266:slice$2351 ($sdff) from module conv1d_large_benchmark_top (D = \sample_in, Q = \conv.impl.history[0]).
Adding SRST signal on $flatten\conv.\impl.$procdff$2116 ($dff) from module conv1d_large_benchmark_top (D = $flatten\conv.\impl.$procmux$2050_Y, Q = \conv.impl.busy, rval = 1'0).
Adding SRST signal on $flatten\conv.\impl.$procdff$2115 ($dff) from module conv1d_large_benchmark_top (D = $flatten\conv.\impl.$procmux$2059_Y, Q = \conv.impl.tap_index, rval = 16'0000000000000000).
Adding EN signal on $auto$ff.cc:266:slice$2354 ($sdff) from module conv1d_large_benchmark_top (D = $flatten\conv.\impl.$procmux$2057_Y, Q = \conv.impl.tap_index).
Adding SRST signal on $flatten\conv.\impl.$procdff$2113 ($dff) from module conv1d_large_benchmark_top (D = $flatten\conv.\impl.$procmux$2071_Y, Q = \conv.impl.acc, rval = 24'000000000000000000000000).
Adding EN signal on $auto$ff.cc:266:slice$2358 ($sdff) from module conv1d_large_benchmark_top (D = $flatten\conv.\impl.$add$/Users/adarmaori/Desktop/Final$20Project/FPGA/conv1d_large_4mult.v:89$782_Y, Q = \conv.impl.acc).
Adding SRST signal on $flatten\conv.\impl.$procdff$2112 ($dff) from module conv1d_large_benchmark_top (D = $flatten\conv.\impl.$procmux$2086_Y, Q = \conv.impl.sample_out, rval = 24'000000000000000000000000).
Adding EN signal on $auto$ff.cc:266:slice$2366 ($sdff) from module conv1d_large_benchmark_top (D = $flatten\conv.\impl.$add$/Users/adarmaori/Desktop/Final$20Project/FPGA/conv1d_large_4mult.v:89$782_Y, Q = \conv.impl.sample_out).
Adding SRST signal on $flatten\conv.\impl.$procdff$2111 ($dff) from module conv1d_large_benchmark_top (D = $flatten\conv.\impl.$procmux$1601_Y, Q = \conv.impl.output_valid, rval = 1'0).

8.12.7. Executing OPT_CLEAN pass (remove unused cells and wires).
Finding unused cells or wires in module \conv1d_large_benchmark_top..
Removed 141 unused cells and 141 unused wires.
<suppressed ~142 debug messages>

8.12.8. Executing OPT_EXPR pass (perform const folding).
Optimizing module conv1d_large_benchmark_top.

8.12.9. Rerunning OPT passes. (Maybe there is more to do..)

8.12.10. Executing OPT_MUXTREE pass (detect dead branches in mux trees).
Running muxtree optimizer on module \conv1d_large_benchmark_top..
  Creating internal representation of mux trees.
  Evaluating internal representation of mux trees.
  Analyzing evaluation results.
Removed 0 multiplexer ports.
<suppressed ~15 debug messages>

8.12.11. Executing OPT_REDUCE pass (consolidate $*mux and $reduce_* inputs).
  Optimizing cells in module \conv1d_large_benchmark_top.
Performed a total of 0 changes.

8.12.12. Executing OPT_MERGE pass (detect identical cells).
Finding identical cells in module `\conv1d_large_benchmark_top'.
<suppressed ~96 debug messages>
Removed a total of 32 cells.

8.12.13. Executing OPT_DFF pass (perform DFF optimizations).

8.12.14. Executing OPT_CLEAN pass (remove unused cells and wires).
Finding unused cells or wires in module \conv1d_large_benchmark_top..
Removed 0 unused cells and 1 unused wires.
<suppressed ~1 debug messages>

8.12.15. Executing OPT_EXPR pass (perform const folding).
Optimizing module conv1d_large_benchmark_top.

8.12.16. Rerunning OPT passes. (Maybe there is more to do..)

8.12.17. Executing OPT_MUXTREE pass (detect dead branches in mux trees).
Running muxtree optimizer on module \conv1d_large_benchmark_top..
  Creating internal representation of mux trees.
  Evaluating internal representation of mux trees.
  Analyzing evaluation results.
Removed 0 multiplexer ports.
<suppressed ~15 debug messages>

8.12.18. Executing OPT_REDUCE pass (consolidate $*mux and $reduce_* inputs).
  Optimizing cells in module \conv1d_large_benchmark_top.
Performed a total of 0 changes.

8.12.19. Executing OPT_MERGE pass (detect identical cells).
Finding identical cells in module `\conv1d_large_benchmark_top'.
Removed a total of 0 cells.

8.12.20. Executing OPT_DFF pass (perform DFF optimizations).

8.12.21. Executing OPT_CLEAN pass (remove unused cells and wires).
Finding unused cells or wires in module \conv1d_large_benchmark_top..

8.12.22. Executing OPT_EXPR pass (perform const folding).
Optimizing module conv1d_large_benchmark_top.

8.12.23. Finished OPT passes. (There is nothing left to do.)

8.13. Executing WREDUCE pass (reducing word size of cells).
Removed top 16 bits (of 32) from port A of cell conv1d_large_benchmark_top.$flatten\conv.\impl.$lt$/Users/adarmaori/Desktop/Final$20Project/FPGA/conv1d_large_4mult.v:83$729 ($lt).
Removed top 26 bits (of 32) from port B of cell conv1d_large_benchmark_top.$flatten\conv.\impl.$lt$/Users/adarmaori/Desktop/Final$20Project/FPGA/conv1d_large_4mult.v:83$729 ($lt).
Removed top 12 bits (of 24) from port Y of cell conv1d_large_benchmark_top.$flatten\conv.\impl.$mul$/Users/adarmaori/Desktop/Final$20Project/FPGA/conv1d_large_4mult.v:84$739 ($mul).
Removed top 31 bits (of 32) from port B of cell conv1d_large_benchmark_top.$flatten\conv.\impl.$add$/Users/adarmaori/Desktop/Final$20Project/FPGA/conv1d_large_4mult.v:83$741 ($add).
Removed top 15 bits (of 32) from port Y of cell conv1d_large_benchmark_top.$flatten\conv.\impl.$add$/Users/adarmaori/Desktop/Final$20Project/FPGA/conv1d_large_4mult.v:83$741 ($add).
Removed top 15 bits (of 32) from port A of cell conv1d_large_benchmark_top.$flatten\conv.\impl.$lt$/Users/adarmaori/Desktop/Final$20Project/FPGA/conv1d_large_4mult.v:83$742 ($lt).
Removed top 26 bits (of 32) from port B of cell conv1d_large_benchmark_top.$flatten\conv.\impl.$lt$/Users/adarmaori/Desktop/Final$20Project/FPGA/conv1d_large_4mult.v:83$742 ($lt).
Removed top 12 bits (of 24) from port Y of cell conv1d_large_benchmark_top.$flatten\conv.\impl.$mul$/Users/adarmaori/Desktop/Final$20Project/FPGA/conv1d_large_4mult.v:84$752 ($mul).
Removed top 12 bits (of 24) from port B of cell conv1d_large_benchmark_top.$flatten\conv.\impl.$add$/Users/adarmaori/Desktop/Final$20Project/FPGA/conv1d_large_4mult.v:84$753 ($add).
Removed top 30 bits (of 32) from port B of cell conv1d_large_benchmark_top.$flatten\conv.\impl.$add$/Users/adarmaori/Desktop/Final$20Project/FPGA/conv1d_large_4mult.v:83$754 ($add).
Removed top 15 bits (of 32) from port Y of cell conv1d_large_benchmark_top.$flatten\conv.\impl.$add$/Users/adarmaori/Desktop/Final$20Project/FPGA/conv1d_large_4mult.v:83$754 ($add).
Removed top 15 bits (of 32) from port A of cell conv1d_large_benchmark_top.$flatten\conv.\impl.$lt$/Users/adarmaori/Desktop/Final$20Project/FPGA/conv1d_large_4mult.v:83$755 ($lt).
Removed top 26 bits (of 32) from port B of cell conv1d_large_benchmark_top.$flatten\conv.\impl.$lt$/Users/adarmaori/Desktop/Final$20Project/FPGA/conv1d_large_4mult.v:83$755 ($lt).
Removed top 12 bits (of 24) from port Y of cell conv1d_large_benchmark_top.$flatten\conv.\impl.$mul$/Users/adarmaori/Desktop/Final$20Project/FPGA/conv1d_large_4mult.v:84$765 ($mul).
Removed top 12 bits (of 24) from port B of cell conv1d_large_benchmark_top.$flatten\conv.\impl.$add$/Users/adarmaori/Desktop/Final$20Project/FPGA/conv1d_large_4mult.v:84$766 ($add).
Removed top 30 bits (of 32) from port B of cell conv1d_large_benchmark_top.$flatten\conv.\impl.$add$/Users/adarmaori/Desktop/Final$20Project/FPGA/conv1d_large_4mult.v:83$767 ($add).
Removed top 15 bits (of 32) from port Y of cell conv1d_large_benchmark_top.$flatten\conv.\impl.$add$/Users/adarmaori/Desktop/Final$20Project/FPGA/conv1d_large_4mult.v:83$767 ($add).
Removed top 15 bits (of 32) from port A of cell conv1d_large_benchmark_top.$flatten\conv.\impl.$lt$/Users/adarmaori/Desktop/Final$20Project/FPGA/conv1d_large_4mult.v:83$768 ($lt).
Removed top 26 bits (of 32) from port B of cell conv1d_large_benchmark_top.$flatten\conv.\impl.$lt$/Users/adarmaori/Desktop/Final$20Project/FPGA/conv1d_large_4mult.v:83$768 ($lt).
Removed top 12 bits (of 24) from port Y of cell conv1d_large_benchmark_top.$flatten\conv.\impl.$mul$/Users/adarmaori/Desktop/Final$20Project/FPGA/conv1d_large_4mult.v:84$778 ($mul).
Removed top 12 bits (of 24) from port B of cell conv1d_large_benchmark_top.$flatten\conv.\impl.$add$/Users/adarmaori/Desktop/Final$20Project/FPGA/conv1d_large_4mult.v:84$779 ($add).
Removed top 29 bits (of 32) from port B of cell conv1d_large_benchmark_top.$flatten\conv.\impl.$add$/Users/adarmaori/Desktop/Final$20Project/FPGA/conv1d_large_4mult.v:88$780 ($add).
Removed top 15 bits (of 32) from port Y of cell conv1d_large_benchmark_top.$flatten\conv.\impl.$add$/Users/adarmaori/Desktop/Final$20Project/FPGA/conv1d_large_4mult.v:88$780 ($add).
Removed top 15 bits (of 32) from port A of cell conv1d_large_benchmark_top.$flatten\conv.\impl.$ge$/Users/adarmaori/Desktop/Final$20Project/FPGA/conv1d_large_4mult.v:88$781 ($ge).
Removed top 26 bits (of 32) from port B of cell conv1d_large_benchmark_top.$flatten\conv.\impl.$ge$/Users/adarmaori/Desktop/Final$20Project/FPGA/conv1d_large_4mult.v:88$781 ($ge).
Removed top 13 bits (of 16) from port B of cell conv1d_large_benchmark_top.$flatten\conv.\impl.$add$/Users/adarmaori/Desktop/Final$20Project/FPGA/conv1d_large_4mult.v:95$784 ($add).
Removed top 1 bits (of 5) from port B of cell conv1d_large_benchmark_top.$flatten\conv.\impl.$procmux$848_CMP0 ($eq).
Removed top 1 bits (of 5) from port B of cell conv1d_large_benchmark_top.$flatten\conv.\impl.$procmux$849_CMP0 ($eq).
Removed top 1 bits (of 5) from port B of cell conv1d_large_benchmark_top.$flatten\conv.\impl.$procmux$850_CMP0 ($eq).
Removed top 1 bits (of 5) from port B of cell conv1d_large_benchmark_top.$flatten\conv.\impl.$procmux$851_CMP0 ($eq).
Removed top 1 bits (of 5) from port B of cell conv1d_large_benchmark_top.$flatten\conv.\impl.$procmux$852_CMP0 ($eq).
Removed top 1 bits (of 5) from port B of cell conv1d_large_benchmark_top.$flatten\conv.\impl.$procmux$853_CMP0 ($eq).
Removed top 1 bits (of 5) from port B of cell conv1d_large_benchmark_top.$flatten\conv.\impl.$procmux$854_CMP0 ($eq).
Removed top 1 bits (of 5) from port B of cell conv1d_large_benchmark_top.$flatten\conv.\impl.$procmux$855_CMP0 ($eq).
Removed top 2 bits (of 5) from port B of cell conv1d_large_benchmark_top.$flatten\conv.\impl.$procmux$856_CMP0 ($eq).
Removed top 2 bits (of 5) from port B of cell conv1d_large_benchmark_top.$flatten\conv.\impl.$procmux$857_CMP0 ($eq).
Removed top 2 bits (of 5) from port B of cell conv1d_large_benchmark_top.$flatten\conv.\impl.$procmux$858_CMP0 ($eq).
Removed top 2 bits (of 5) from port B of cell conv1d_large_benchmark_top.$flatten\conv.\impl.$procmux$859_CMP0 ($eq).
Removed top 3 bits (of 5) from port B of cell conv1d_large_benchmark_top.$flatten\conv.\impl.$procmux$860_CMP0 ($eq).
Removed top 3 bits (of 5) from port B of cell conv1d_large_benchmark_top.$flatten\conv.\impl.$procmux$861_CMP0 ($eq).
Removed top 4 bits (of 5) from port B of cell conv1d_large_benchmark_top.$flatten\conv.\impl.$procmux$862_CMP0 ($eq).
Removed top 29 bits (of 32) from port B of cell conv1d_large_benchmark_top.$flatten\conv.\impl.$procmux$878_CMP0 ($eq).
Removed top 29 bits (of 32) from port B of cell conv1d_large_benchmark_top.$flatten\conv.\impl.$procmux$879_CMP0 ($eq).
Removed top 29 bits (of 32) from port B of cell conv1d_large_benchmark_top.$flatten\conv.\impl.$procmux$880_CMP0 ($eq).
Removed top 30 bits (of 32) from port B of cell conv1d_large_benchmark_top.$flatten\conv.\impl.$procmux$881_CMP0 ($eq).
Removed top 30 bits (of 32) from port B of cell conv1d_large_benchmark_top.$flatten\conv.\impl.$procmux$882_CMP0 ($eq).
Removed top 31 bits (of 32) from port B of cell conv1d_large_benchmark_top.$flatten\conv.\impl.$procmux$883_CMP0 ($eq).
Removed top 1 bits (of 5) from port B of cell conv1d_large_benchmark_top.$flatten\conv.\impl.$procmux$973_CMP0 ($eq).
Removed top 1 bits (of 5) from port B of cell conv1d_large_benchmark_top.$flatten\conv.\impl.$procmux$974_CMP0 ($eq).
Removed top 1 bits (of 5) from port B of cell conv1d_large_benchmark_top.$flatten\conv.\impl.$procmux$975_CMP0 ($eq).
Removed top 1 bits (of 5) from port B of cell conv1d_large_benchmark_top.$flatten\conv.\impl.$procmux$976_CMP0 ($eq).
Removed top 1 bits (of 5) from port B of cell conv1d_large_benchmark_top.$flatten\conv.\impl.$procmux$977_CMP0 ($eq).
Removed top 1 bits (of 5) from port B of cell conv1d_large_benchmark_top.$flatten\conv.\impl.$procmux$978_CMP0 ($eq).
Removed top 1 bits (of 5) from port B of cell conv1d_large_benchmark_top.$flatten\conv.\impl.$procmux$979_CMP0 ($eq).
Removed top 1 bits (of 5) from port B of cell conv1d_large_benchmark_top.$flatten\conv.\impl.$procmux$980_CMP0 ($eq).
Removed top 2 bits (of 5) from port B of cell conv1d_large_benchmark_top.$flatten\conv.\impl.$procmux$981_CMP0 ($eq).
Removed top 2 bits (of 5) from port B of cell conv1d_large_benchmark_top.$flatten\conv.\impl.$procmux$982_CMP0 ($eq).
Removed top 2 bits (of 5) from port B of cell conv1d_large_benchmark_top.$flatten\conv.\impl.$procmux$983_CMP0 ($eq).
Removed top 2 bits (of 5) from port B of cell conv1d_large_benchmark_top.$flatten\conv.\impl.$procmux$984_CMP0 ($eq).
Removed top 3 bits (of 5) from port B of cell conv1d_large_benchmark_top.$flatten\conv.\impl.$procmux$985_CMP0 ($eq).
Removed top 3 bits (of 5) from port B of cell conv1d_large_benchmark_top.$flatten\conv.\impl.$procmux$986_CMP0 ($eq).
Removed top 4 bits (of 5) from port B of cell conv1d_large_benchmark_top.$flatten\conv.\impl.$procmux$987_CMP0 ($eq).
Removed top 29 bits (of 32) from port B of cell conv1d_large_benchmark_top.$flatten\conv.\impl.$procmux$1003_CMP0 ($eq).
Removed top 29 bits (of 32) from port B of cell conv1d_large_benchmark_top.$flatten\conv.\impl.$procmux$1004_CMP0 ($eq).
Removed top 29 bits (of 32) from port B of cell conv1d_large_benchmark_top.$flatten\conv.\impl.$procmux$1005_CMP0 ($eq).
Removed top 30 bits (of 32) from port B of cell conv1d_large_benchmark_top.$flatten\conv.\impl.$procmux$1006_CMP0 ($eq).
Removed top 30 bits (of 32) from port B of cell conv1d_large_benchmark_top.$flatten\conv.\impl.$procmux$1007_CMP0 ($eq).
Removed top 31 bits (of 32) from port B of cell conv1d_large_benchmark_top.$flatten\conv.\impl.$procmux$1008_CMP0 ($eq).
Removed top 1 bits (of 5) from port B of cell conv1d_large_benchmark_top.$flatten\conv.\impl.$procmux$1098_CMP0 ($eq).
Removed top 1 bits (of 5) from port B of cell conv1d_large_benchmark_top.$flatten\conv.\impl.$procmux$1099_CMP0 ($eq).
Removed top 1 bits (of 5) from port B of cell conv1d_large_benchmark_top.$flatten\conv.\impl.$procmux$1100_CMP0 ($eq).
Removed top 1 bits (of 5) from port B of cell conv1d_large_benchmark_top.$flatten\conv.\impl.$procmux$1101_CMP0 ($eq).
Removed top 1 bits (of 5) from port B of cell conv1d_large_benchmark_top.$flatten\conv.\impl.$procmux$1102_CMP0 ($eq).
Removed top 1 bits (of 5) from port B of cell conv1d_large_benchmark_top.$flatten\conv.\impl.$procmux$1103_CMP0 ($eq).
Removed top 1 bits (of 5) from port B of cell conv1d_large_benchmark_top.$flatten\conv.\impl.$procmux$1104_CMP0 ($eq).
Removed top 1 bits (of 5) from port B of cell conv1d_large_benchmark_top.$flatten\conv.\impl.$procmux$1105_CMP0 ($eq).
Removed top 2 bits (of 5) from port B of cell conv1d_large_benchmark_top.$flatten\conv.\impl.$procmux$1106_CMP0 ($eq).
Removed top 2 bits (of 5) from port B of cell conv1d_large_benchmark_top.$flatten\conv.\impl.$procmux$1107_CMP0 ($eq).
Removed top 2 bits (of 5) from port B of cell conv1d_large_benchmark_top.$flatten\conv.\impl.$procmux$1108_CMP0 ($eq).
Removed top 2 bits (of 5) from port B of cell conv1d_large_benchmark_top.$flatten\conv.\impl.$procmux$1109_CMP0 ($eq).
Removed top 3 bits (of 5) from port B of cell conv1d_large_benchmark_top.$flatten\conv.\impl.$procmux$1110_CMP0 ($eq).
Removed top 3 bits (of 5) from port B of cell conv1d_large_benchmark_top.$flatten\conv.\impl.$procmux$1111_CMP0 ($eq).
Removed top 4 bits (of 5) from port B of cell conv1d_large_benchmark_top.$flatten\conv.\impl.$procmux$1112_CMP0 ($eq).
Removed top 29 bits (of 32) from port B of cell conv1d_large_benchmark_top.$flatten\conv.\impl.$procmux$1128_CMP0 ($eq).
Removed top 29 bits (of 32) from port B of cell conv1d_large_benchmark_top.$flatten\conv.\impl.$procmux$1129_CMP0 ($eq).
Removed top 29 bits (of 32) from port B of cell conv1d_large_benchmark_top.$flatten\conv.\impl.$procmux$1130_CMP0 ($eq).
Removed top 30 bits (of 32) from port B of cell conv1d_large_benchmark_top.$flatten\conv.\impl.$procmux$1131_CMP0 ($eq).
Removed top 30 bits (of 32) from port B of cell conv1d_large_benchmark_top.$flatten\conv.\impl.$procmux$1132_CMP0 ($eq).
Removed top 31 bits (of 32) from port B of cell conv1d_large_benchmark_top.$flatten\conv.\impl.$procmux$1133_CMP0 ($eq).
Removed top 1 bits (of 5) from port B of cell conv1d_large_benchmark_top.$flatten\conv.\impl.$procmux$1223_CMP0 ($eq).
Removed top 1 bits (of 5) from port B of cell conv1d_large_benchmark_top.$flatten\conv.\impl.$procmux$1224_CMP0 ($eq).
Removed top 1 bits (of 5) from port B of cell conv1d_large_benchmark_top.$flatten\conv.\impl.$procmux$1225_CMP0 ($eq).
Removed top 1 bits (of 5) from port B of cell conv1d_large_benchmark_top.$flatten\conv.\impl.$procmux$1226_CMP0 ($eq).
Removed top 1 bits (of 5) from port B of cell conv1d_large_benchmark_top.$flatten\conv.\impl.$procmux$1227_CMP0 ($eq).
Removed top 1 bits (of 5) from port B of cell conv1d_large_benchmark_top.$flatten\conv.\impl.$procmux$1228_CMP0 ($eq).
Removed top 1 bits (of 5) from port B of cell conv1d_large_benchmark_top.$flatten\conv.\impl.$procmux$1229_CMP0 ($eq).
Removed top 1 bits (of 5) from port B of cell conv1d_large_benchmark_top.$flatten\conv.\impl.$procmux$1230_CMP0 ($eq).
Removed top 2 bits (of 5) from port B of cell conv1d_large_benchmark_top.$flatten\conv.\impl.$procmux$1231_CMP0 ($eq).
Removed top 2 bits (of 5) from port B of cell conv1d_large_benchmark_top.$flatten\conv.\impl.$procmux$1232_CMP0 ($eq).
Removed top 2 bits (of 5) from port B of cell conv1d_large_benchmark_top.$flatten\conv.\impl.$procmux$1233_CMP0 ($eq).
Removed top 2 bits (of 5) from port B of cell conv1d_large_benchmark_top.$flatten\conv.\impl.$procmux$1234_CMP0 ($eq).
Removed top 3 bits (of 5) from port B of cell conv1d_large_benchmark_top.$flatten\conv.\impl.$procmux$1235_CMP0 ($eq).
Removed top 3 bits (of 5) from port B of cell conv1d_large_benchmark_top.$flatten\conv.\impl.$procmux$1236_CMP0 ($eq).
Removed top 4 bits (of 5) from port B of cell conv1d_large_benchmark_top.$flatten\conv.\impl.$procmux$1237_CMP0 ($eq).
Removed top 1 bits (of 3) from port B of cell conv1d_large_benchmark_top.$flatten\conv.\impl.$procmux$1256_CMP0 ($eq).
Removed top 1 bits (of 3) from port B of cell conv1d_large_benchmark_top.$flatten\conv.\impl.$procmux$1257_CMP0 ($eq).
Removed top 2 bits (of 3) from port B of cell conv1d_large_benchmark_top.$flatten\conv.\impl.$procmux$1258_CMP0 ($eq).
Removed top 15 bits (of 32) from wire conv1d_large_benchmark_top.$flatten\conv.\impl.$add$/Users/adarmaori/Desktop/Final$20Project/FPGA/conv1d_large_4mult.v:83$741_Y.
Removed top 15 bits (of 32) from wire conv1d_large_benchmark_top.$flatten\conv.\impl.$add$/Users/adarmaori/Desktop/Final$20Project/FPGA/conv1d_large_4mult.v:83$754_Y.
Removed top 15 bits (of 32) from wire conv1d_large_benchmark_top.$flatten\conv.\impl.$add$/Users/adarmaori/Desktop/Final$20Project/FPGA/conv1d_large_4mult.v:83$767_Y.
Removed top 15 bits (of 32) from wire conv1d_large_benchmark_top.$flatten\conv.\impl.$add$/Users/adarmaori/Desktop/Final$20Project/FPGA/conv1d_large_4mult.v:88$780_Y.

8.14. Executing PEEPOPT pass (run peephole optimizers).

8.15. Executing OPT_CLEAN pass (remove unused cells and wires).
Finding unused cells or wires in module \conv1d_large_benchmark_top..
Removed 0 unused cells and 4 unused wires.
<suppressed ~1 debug messages>

8.16. Executing SHARE pass (SAT-based resource sharing).
Found 4 cells in module conv1d_large_benchmark_top that may be considered for resource sharing.
  Analyzing resource sharing options for $flatten\conv.\impl.$mul$/Users/adarmaori/Desktop/Final$20Project/FPGA/conv1d_large_4mult.v:84$778 ($mul):
    Found 1 activation_patterns using ctrl signal { $flatten\conv.\impl.$lt$/Users/adarmaori/Desktop/Final$20Project/FPGA/conv1d_large_4mult.v:83$768_Y $flatten\conv.\impl.$logic_and$/Users/adarmaori/Desktop/Final$20Project/FPGA/conv1d_large_4mult.v:66$695_Y \conv.impl.busy \rst }.
    Found 3 candidates: $flatten\conv.\impl.$mul$/Users/adarmaori/Desktop/Final$20Project/FPGA/conv1d_large_4mult.v:84$765 $flatten\conv.\impl.$mul$/Users/adarmaori/Desktop/Final$20Project/FPGA/conv1d_large_4mult.v:84$752 $flatten\conv.\impl.$mul$/Users/adarmaori/Desktop/Final$20Project/FPGA/conv1d_large_4mult.v:84$739
    Analyzing resource sharing with $flatten\conv.\impl.$mul$/Users/adarmaori/Desktop/Final$20Project/FPGA/conv1d_large_4mult.v:84$765 ($mul):
      Found 1 activation_patterns using ctrl signal { $flatten\conv.\impl.$lt$/Users/adarmaori/Desktop/Final$20Project/FPGA/conv1d_large_4mult.v:83$755_Y $flatten\conv.\impl.$logic_and$/Users/adarmaori/Desktop/Final$20Project/FPGA/conv1d_large_4mult.v:66$695_Y \conv.impl.busy \rst }.
      Activation pattern for cell $flatten\conv.\impl.$mul$/Users/adarmaori/Desktop/Final$20Project/FPGA/conv1d_large_4mult.v:84$778: { $flatten\conv.\impl.$lt$/Users/adarmaori/Desktop/Final$20Project/FPGA/conv1d_large_4mult.v:83$768_Y $flatten\conv.\impl.$logic_and$/Users/adarmaori/Desktop/Final$20Project/FPGA/conv1d_large_4mult.v:66$695_Y \conv.impl.busy \rst } = 4'1010
      Activation pattern for cell $flatten\conv.\impl.$mul$/Users/adarmaori/Desktop/Final$20Project/FPGA/conv1d_large_4mult.v:84$765: { $flatten\conv.\impl.$lt$/Users/adarmaori/Desktop/Final$20Project/FPGA/conv1d_large_4mult.v:83$755_Y $flatten\conv.\impl.$logic_and$/Users/adarmaori/Desktop/Final$20Project/FPGA/conv1d_large_4mult.v:66$695_Y \conv.impl.busy \rst } = 4'1010
      Size of SAT problem: 0 cells, 429 variables, 1158 clauses
      According to the SAT solver this pair of cells can not be shared.
      Model from SAT solver: { $flatten\conv.\impl.$lt$/Users/adarmaori/Desktop/Final$20Project/FPGA/conv1d_large_4mult.v:83$768_Y $flatten\conv.\impl.$lt$/Users/adarmaori/Desktop/Final$20Project/FPGA/conv1d_large_4mult.v:83$755_Y $flatten\conv.\impl.$logic_and$/Users/adarmaori/Desktop/Final$20Project/FPGA/conv1d_large_4mult.v:66$695_Y \conv.impl.busy \rst } = 5'11010
    Analyzing resource sharing with $flatten\conv.\impl.$mul$/Users/adarmaori/Desktop/Final$20Project/FPGA/conv1d_large_4mult.v:84$752 ($mul):
      Found 1 activation_patterns using ctrl signal { $flatten\conv.\impl.$lt$/Users/adarmaori/Desktop/Final$20Project/FPGA/conv1d_large_4mult.v:83$742_Y $flatten\conv.\impl.$logic_and$/Users/adarmaori/Desktop/Final$20Project/FPGA/conv1d_large_4mult.v:66$695_Y \conv.impl.busy \rst }.
      Activation pattern for cell $flatten\conv.\impl.$mul$/Users/adarmaori/Desktop/Final$20Project/FPGA/conv1d_large_4mult.v:84$778: { $flatten\conv.\impl.$lt$/Users/adarmaori/Desktop/Final$20Project/FPGA/conv1d_large_4mult.v:83$768_Y $flatten\conv.\impl.$logic_and$/Users/adarmaori/Desktop/Final$20Project/FPGA/conv1d_large_4mult.v:66$695_Y \conv.impl.busy \rst } = 4'1010
      Activation pattern for cell $flatten\conv.\impl.$mul$/Users/adarmaori/Desktop/Final$20Project/FPGA/conv1d_large_4mult.v:84$752: { $flatten\conv.\impl.$lt$/Users/adarmaori/Desktop/Final$20Project/FPGA/conv1d_large_4mult.v:83$742_Y $flatten\conv.\impl.$logic_and$/Users/adarmaori/Desktop/Final$20Project/FPGA/conv1d_large_4mult.v:66$695_Y \conv.impl.busy \rst } = 4'1010
      Size of SAT problem: 0 cells, 428 variables, 1155 clauses
      According to the SAT solver this pair of cells can not be shared.
      Model from SAT solver: { $flatten\conv.\impl.$lt$/Users/adarmaori/Desktop/Final$20Project/FPGA/conv1d_large_4mult.v:83$768_Y $flatten\conv.\impl.$lt$/Users/adarmaori/Desktop/Final$20Project/FPGA/conv1d_large_4mult.v:83$742_Y $flatten\conv.\impl.$logic_and$/Users/adarmaori/Desktop/Final$20Project/FPGA/conv1d_large_4mult.v:66$695_Y \conv.impl.busy \rst } = 5'11010
    Analyzing resource sharing with $flatten\conv.\impl.$mul$/Users/adarmaori/Desktop/Final$20Project/FPGA/conv1d_large_4mult.v:84$739 ($mul):
      Found 1 activation_patterns using ctrl signal { $flatten\conv.\impl.$lt$/Users/adarmaori/Desktop/Final$20Project/FPGA/conv1d_large_4mult.v:83$729_Y $flatten\conv.\impl.$logic_and$/Users/adarmaori/Desktop/Final$20Project/FPGA/conv1d_large_4mult.v:66$695_Y \conv.impl.busy \rst }.
      Activation pattern for cell $flatten\conv.\impl.$mul$/Users/adarmaori/Desktop/Final$20Project/FPGA/conv1d_large_4mult.v:84$778: { $flatten\conv.\impl.$lt$/Users/adarmaori/Desktop/Final$20Project/FPGA/conv1d_large_4mult.v:83$768_Y $flatten\conv.\impl.$logic_and$/Users/adarmaori/Desktop/Final$20Project/FPGA/conv1d_large_4mult.v:66$695_Y \conv.impl.busy \rst } = 4'1010
      Activation pattern for cell $flatten\conv.\impl.$mul$/Users/adarmaori/Desktop/Final$20Project/FPGA/conv1d_large_4mult.v:84$739: { $flatten\conv.\impl.$lt$/Users/adarmaori/Desktop/Final$20Project/FPGA/conv1d_large_4mult.v:83$729_Y $flatten\conv.\impl.$logic_and$/Users/adarmaori/Desktop/Final$20Project/FPGA/conv1d_large_4mult.v:66$695_Y \conv.impl.busy \rst } = 4'1010
      Size of SAT problem: 0 cells, 282 variables, 751 clauses
      According to the SAT solver this pair of cells can not be shared.
      Model from SAT solver: { $flatten\conv.\impl.$lt$/Users/adarmaori/Desktop/Final$20Project/FPGA/conv1d_large_4mult.v:83$768_Y $flatten\conv.\impl.$lt$/Users/adarmaori/Desktop/Final$20Project/FPGA/conv1d_large_4mult.v:83$729_Y $flatten\conv.\impl.$logic_and$/Users/adarmaori/Desktop/Final$20Project/FPGA/conv1d_large_4mult.v:66$695_Y \conv.impl.busy \rst } = 5'11010
  Analyzing resource sharing options for $flatten\conv.\impl.$mul$/Users/adarmaori/Desktop/Final$20Project/FPGA/conv1d_large_4mult.v:84$765 ($mul):
    Found 1 activation_patterns using ctrl signal { $flatten\conv.\impl.$lt$/Users/adarmaori/Desktop/Final$20Project/FPGA/conv1d_large_4mult.v:83$755_Y $flatten\conv.\impl.$logic_and$/Users/adarmaori/Desktop/Final$20Project/FPGA/conv1d_large_4mult.v:66$695_Y \conv.impl.busy \rst }.
    Found 2 candidates: $flatten\conv.\impl.$mul$/Users/adarmaori/Desktop/Final$20Project/FPGA/conv1d_large_4mult.v:84$752 $flatten\conv.\impl.$mul$/Users/adarmaori/Desktop/Final$20Project/FPGA/conv1d_large_4mult.v:84$739
    Analyzing resource sharing with $flatten\conv.\impl.$mul$/Users/adarmaori/Desktop/Final$20Project/FPGA/conv1d_large_4mult.v:84$752 ($mul):
      Found 1 activation_patterns using ctrl signal { $flatten\conv.\impl.$lt$/Users/adarmaori/Desktop/Final$20Project/FPGA/conv1d_large_4mult.v:83$742_Y $flatten\conv.\impl.$logic_and$/Users/adarmaori/Desktop/Final$20Project/FPGA/conv1d_large_4mult.v:66$695_Y \conv.impl.busy \rst }.
      Activation pattern for cell $flatten\conv.\impl.$mul$/Users/adarmaori/Desktop/Final$20Project/FPGA/conv1d_large_4mult.v:84$765: { $flatten\conv.\impl.$lt$/Users/adarmaori/Desktop/Final$20Project/FPGA/conv1d_large_4mult.v:83$755_Y $flatten\conv.\impl.$logic_and$/Users/adarmaori/Desktop/Final$20Project/FPGA/conv1d_large_4mult.v:66$695_Y \conv.impl.busy \rst } = 4'1010
      Activation pattern for cell $flatten\conv.\impl.$mul$/Users/adarmaori/Desktop/Final$20Project/FPGA/conv1d_large_4mult.v:84$752: { $flatten\conv.\impl.$lt$/Users/adarmaori/Desktop/Final$20Project/FPGA/conv1d_large_4mult.v:83$742_Y $flatten\conv.\impl.$logic_and$/Users/adarmaori/Desktop/Final$20Project/FPGA/conv1d_large_4mult.v:66$695_Y \conv.impl.busy \rst } = 4'1010
      Size of SAT problem: 0 cells, 430 variables, 1161 clauses
      According to the SAT solver this pair of cells can not be shared.
      Model from SAT solver: { $flatten\conv.\impl.$lt$/Users/adarmaori/Desktop/Final$20Project/FPGA/conv1d_large_4mult.v:83$755_Y $flatten\conv.\impl.$lt$/Users/adarmaori/Desktop/Final$20Project/FPGA/conv1d_large_4mult.v:83$742_Y $flatten\conv.\impl.$logic_and$/Users/adarmaori/Desktop/Final$20Project/FPGA/conv1d_large_4mult.v:66$695_Y \conv.impl.busy \rst } = 5'11010
    Analyzing resource sharing with $flatten\conv.\impl.$mul$/Users/adarmaori/Desktop/Final$20Project/FPGA/conv1d_large_4mult.v:84$739 ($mul):
      Found 1 activation_patterns using ctrl signal { $flatten\conv.\impl.$lt$/Users/adarmaori/Desktop/Final$20Project/FPGA/conv1d_large_4mult.v:83$729_Y $flatten\conv.\impl.$logic_and$/Users/adarmaori/Desktop/Final$20Project/FPGA/conv1d_large_4mult.v:66$695_Y \conv.impl.busy \rst }.
      Activation pattern for cell $flatten\conv.\impl.$mul$/Users/adarmaori/Desktop/Final$20Project/FPGA/conv1d_large_4mult.v:84$765: { $flatten\conv.\impl.$lt$/Users/adarmaori/Desktop/Final$20Project/FPGA/conv1d_large_4mult.v:83$755_Y $flatten\conv.\impl.$logic_and$/Users/adarmaori/Desktop/Final$20Project/FPGA/conv1d_large_4mult.v:66$695_Y \conv.impl.busy \rst } = 4'1010
      Activation pattern for cell $flatten\conv.\impl.$mul$/Users/adarmaori/Desktop/Final$20Project/FPGA/conv1d_large_4mult.v:84$739: { $flatten\conv.\impl.$lt$/Users/adarmaori/Desktop/Final$20Project/FPGA/conv1d_large_4mult.v:83$729_Y $flatten\conv.\impl.$logic_and$/Users/adarmaori/Desktop/Final$20Project/FPGA/conv1d_large_4mult.v:66$695_Y \conv.impl.busy \rst } = 4'1010
      Size of SAT problem: 0 cells, 281 variables, 748 clauses
      According to the SAT solver this pair of cells can not be shared.
      Model from SAT solver: { $flatten\conv.\impl.$lt$/Users/adarmaori/Desktop/Final$20Project/FPGA/conv1d_large_4mult.v:83$755_Y $flatten\conv.\impl.$lt$/Users/adarmaori/Desktop/Final$20Project/FPGA/conv1d_large_4mult.v:83$729_Y $flatten\conv.\impl.$logic_and$/Users/adarmaori/Desktop/Final$20Project/FPGA/conv1d_large_4mult.v:66$695_Y \conv.impl.busy \rst } = 5'11010
  Analyzing resource sharing options for $flatten\conv.\impl.$mul$/Users/adarmaori/Desktop/Final$20Project/FPGA/conv1d_large_4mult.v:84$752 ($mul):
    Found 1 activation_patterns using ctrl signal { $flatten\conv.\impl.$lt$/Users/adarmaori/Desktop/Final$20Project/FPGA/conv1d_large_4mult.v:83$742_Y $flatten\conv.\impl.$logic_and$/Users/adarmaori/Desktop/Final$20Project/FPGA/conv1d_large_4mult.v:66$695_Y \conv.impl.busy \rst }.
    Found 1 candidates: $flatten\conv.\impl.$mul$/Users/adarmaori/Desktop/Final$20Project/FPGA/conv1d_large_4mult.v:84$739
    Analyzing resource sharing with $flatten\conv.\impl.$mul$/Users/adarmaori/Desktop/Final$20Project/FPGA/conv1d_large_4mult.v:84$739 ($mul):
      Found 1 activation_patterns using ctrl signal { $flatten\conv.\impl.$lt$/Users/adarmaori/Desktop/Final$20Project/FPGA/conv1d_large_4mult.v:83$729_Y $flatten\conv.\impl.$logic_and$/Users/adarmaori/Desktop/Final$20Project/FPGA/conv1d_large_4mult.v:66$695_Y \conv.impl.busy \rst }.
      Activation pattern for cell $flatten\conv.\impl.$mul$/Users/adarmaori/Desktop/Final$20Project/FPGA/conv1d_large_4mult.v:84$752: { $flatten\conv.\impl.$lt$/Users/adarmaori/Desktop/Final$20Project/FPGA/conv1d_large_4mult.v:83$742_Y $flatten\conv.\impl.$logic_and$/Users/adarmaori/Desktop/Final$20Project/FPGA/conv1d_large_4mult.v:66$695_Y \conv.impl.busy \rst } = 4'1010
      Activation pattern for cell $flatten\conv.\impl.$mul$/Users/adarmaori/Desktop/Final$20Project/FPGA/conv1d_large_4mult.v:84$739: { $flatten\conv.\impl.$lt$/Users/adarmaori/Desktop/Final$20Project/FPGA/conv1d_large_4mult.v:83$729_Y $flatten\conv.\impl.$logic_and$/Users/adarmaori/Desktop/Final$20Project/FPGA/conv1d_large_4mult.v:66$695_Y \conv.impl.busy \rst } = 4'1010
      Size of SAT problem: 0 cells, 283 variables, 754 clauses
      According to the SAT solver this pair of cells can not be shared.
      Model from SAT solver: { $flatten\conv.\impl.$lt$/Users/adarmaori/Desktop/Final$20Project/FPGA/conv1d_large_4mult.v:83$742_Y $flatten\conv.\impl.$lt$/Users/adarmaori/Desktop/Final$20Project/FPGA/conv1d_large_4mult.v:83$729_Y $flatten\conv.\impl.$logic_and$/Users/adarmaori/Desktop/Final$20Project/FPGA/conv1d_large_4mult.v:66$695_Y \conv.impl.busy \rst } = 5'11010
  Analyzing resource sharing options for $flatten\conv.\impl.$mul$/Users/adarmaori/Desktop/Final$20Project/FPGA/conv1d_large_4mult.v:84$739 ($mul):
    Found 1 activation_patterns using ctrl signal { $flatten\conv.\impl.$lt$/Users/adarmaori/Desktop/Final$20Project/FPGA/conv1d_large_4mult.v:83$729_Y $flatten\conv.\impl.$logic_and$/Users/adarmaori/Desktop/Final$20Project/FPGA/conv1d_large_4mult.v:66$695_Y \conv.impl.busy \rst }.
    No candidates found.

8.17. Executing TECHMAP pass (map to technology primitives).

8.17.1. Executing Verilog-2005 frontend: /opt/homebrew/bin/../share/yosys/cmp2lut.v
Parsing Verilog input from `/opt/homebrew/bin/../share/yosys/cmp2lut.v' to AST representation.
Generating RTLIL representation for module `\_90_lut_cmp_'.
Successfully finished Verilog frontend.

8.17.2. Continuing TECHMAP pass.
No more expansions possible.
<suppressed ~88 debug messages>

8.18. Executing OPT_EXPR pass (perform const folding).
Optimizing module conv1d_large_benchmark_top.
<suppressed ~3 debug messages>

8.19. Executing OPT_CLEAN pass (remove unused cells and wires).
Finding unused cells or wires in module \conv1d_large_benchmark_top..
Removed 3 unused cells and 6 unused wires.
<suppressed ~4 debug messages>

8.20. Executing ALUMACC pass (create $alu and $macc cells).
Extracting $alu and $macc cells in module conv1d_large_benchmark_top:
  creating $macc model for $flatten\conv.\impl.$add$/Users/adarmaori/Desktop/Final$20Project/FPGA/conv1d_large_4mult.v:83$741 ($add).
  creating $macc model for $flatten\conv.\impl.$add$/Users/adarmaori/Desktop/Final$20Project/FPGA/conv1d_large_4mult.v:83$754 ($add).
  creating $macc model for $flatten\conv.\impl.$add$/Users/adarmaori/Desktop/Final$20Project/FPGA/conv1d_large_4mult.v:83$767 ($add).
  creating $macc model for $flatten\conv.\impl.$add$/Users/adarmaori/Desktop/Final$20Project/FPGA/conv1d_large_4mult.v:84$753 ($add).
  creating $macc model for $flatten\conv.\impl.$add$/Users/adarmaori/Desktop/Final$20Project/FPGA/conv1d_large_4mult.v:84$766 ($add).
  creating $macc model for $flatten\conv.\impl.$add$/Users/adarmaori/Desktop/Final$20Project/FPGA/conv1d_large_4mult.v:84$779 ($add).
  creating $macc model for $flatten\conv.\impl.$add$/Users/adarmaori/Desktop/Final$20Project/FPGA/conv1d_large_4mult.v:88$780 ($add).
  creating $macc model for $flatten\conv.\impl.$add$/Users/adarmaori/Desktop/Final$20Project/FPGA/conv1d_large_4mult.v:89$782 ($add).
  creating $macc model for $flatten\conv.\impl.$add$/Users/adarmaori/Desktop/Final$20Project/FPGA/conv1d_large_4mult.v:95$784 ($add).
  creating $macc model for $flatten\conv.\impl.$mul$/Users/adarmaori/Desktop/Final$20Project/FPGA/conv1d_large_4mult.v:84$739 ($mul).
  creating $macc model for $flatten\conv.\impl.$mul$/Users/adarmaori/Desktop/Final$20Project/FPGA/conv1d_large_4mult.v:84$752 ($mul).
  creating $macc model for $flatten\conv.\impl.$mul$/Users/adarmaori/Desktop/Final$20Project/FPGA/conv1d_large_4mult.v:84$765 ($mul).
  creating $macc model for $flatten\conv.\impl.$mul$/Users/adarmaori/Desktop/Final$20Project/FPGA/conv1d_large_4mult.v:84$778 ($mul).
  merging $macc model for $flatten\conv.\impl.$mul$/Users/adarmaori/Desktop/Final$20Project/FPGA/conv1d_large_4mult.v:84$778 into $flatten\conv.\impl.$add$/Users/adarmaori/Desktop/Final$20Project/FPGA/conv1d_large_4mult.v:84$779.
  merging $macc model for $flatten\conv.\impl.$mul$/Users/adarmaori/Desktop/Final$20Project/FPGA/conv1d_large_4mult.v:84$765 into $flatten\conv.\impl.$add$/Users/adarmaori/Desktop/Final$20Project/FPGA/conv1d_large_4mult.v:84$766.
  merging $macc model for $flatten\conv.\impl.$mul$/Users/adarmaori/Desktop/Final$20Project/FPGA/conv1d_large_4mult.v:84$752 into $flatten\conv.\impl.$add$/Users/adarmaori/Desktop/Final$20Project/FPGA/conv1d_large_4mult.v:84$753.
  creating $alu model for $macc $flatten\conv.\impl.$add$/Users/adarmaori/Desktop/Final$20Project/FPGA/conv1d_large_4mult.v:95$784.
  creating $alu model for $macc $flatten\conv.\impl.$add$/Users/adarmaori/Desktop/Final$20Project/FPGA/conv1d_large_4mult.v:89$782.
  creating $alu model for $macc $flatten\conv.\impl.$add$/Users/adarmaori/Desktop/Final$20Project/FPGA/conv1d_large_4mult.v:88$780.
  creating $alu model for $macc $flatten\conv.\impl.$add$/Users/adarmaori/Desktop/Final$20Project/FPGA/conv1d_large_4mult.v:83$767.
  creating $alu model for $macc $flatten\conv.\impl.$add$/Users/adarmaori/Desktop/Final$20Project/FPGA/conv1d_large_4mult.v:83$754.
  creating $alu model for $macc $flatten\conv.\impl.$add$/Users/adarmaori/Desktop/Final$20Project/FPGA/conv1d_large_4mult.v:83$741.
  creating $macc cell for $flatten\conv.\impl.$add$/Users/adarmaori/Desktop/Final$20Project/FPGA/conv1d_large_4mult.v:84$753: $auto$alumacc.cc:365:replace_macc$2382
  creating $macc cell for $flatten\conv.\impl.$add$/Users/adarmaori/Desktop/Final$20Project/FPGA/conv1d_large_4mult.v:84$779: $auto$alumacc.cc:365:replace_macc$2383
  creating $macc cell for $flatten\conv.\impl.$add$/Users/adarmaori/Desktop/Final$20Project/FPGA/conv1d_large_4mult.v:84$766: $auto$alumacc.cc:365:replace_macc$2384
  creating $macc cell for $flatten\conv.\impl.$mul$/Users/adarmaori/Desktop/Final$20Project/FPGA/conv1d_large_4mult.v:84$739: $auto$alumacc.cc:365:replace_macc$2385
  creating $alu model for $flatten\conv.\impl.$ge$/Users/adarmaori/Desktop/Final$20Project/FPGA/conv1d_large_4mult.v:88$781 ($ge): new $alu
  creating $alu model for $flatten\conv.\impl.$lt$/Users/adarmaori/Desktop/Final$20Project/FPGA/conv1d_large_4mult.v:83$729 ($lt): new $alu
  creating $alu model for $flatten\conv.\impl.$lt$/Users/adarmaori/Desktop/Final$20Project/FPGA/conv1d_large_4mult.v:83$742 ($lt): new $alu
  creating $alu model for $flatten\conv.\impl.$lt$/Users/adarmaori/Desktop/Final$20Project/FPGA/conv1d_large_4mult.v:83$755 ($lt): new $alu
  creating $alu model for $flatten\conv.\impl.$lt$/Users/adarmaori/Desktop/Final$20Project/FPGA/conv1d_large_4mult.v:83$768 ($lt): new $alu
  creating $alu cell for $flatten\conv.\impl.$lt$/Users/adarmaori/Desktop/Final$20Project/FPGA/conv1d_large_4mult.v:83$768: $auto$alumacc.cc:485:replace_alu$2391
  creating $alu cell for $flatten\conv.\impl.$lt$/Users/adarmaori/Desktop/Final$20Project/FPGA/conv1d_large_4mult.v:83$755: $auto$alumacc.cc:485:replace_alu$2402
  creating $alu cell for $flatten\conv.\impl.$lt$/Users/adarmaori/Desktop/Final$20Project/FPGA/conv1d_large_4mult.v:83$742: $auto$alumacc.cc:485:replace_alu$2413
  creating $alu cell for $flatten\conv.\impl.$lt$/Users/adarmaori/Desktop/Final$20Project/FPGA/conv1d_large_4mult.v:83$729: $auto$alumacc.cc:485:replace_alu$2424
  creating $alu cell for $flatten\conv.\impl.$ge$/Users/adarmaori/Desktop/Final$20Project/FPGA/conv1d_large_4mult.v:88$781: $auto$alumacc.cc:485:replace_alu$2435
  creating $alu cell for $flatten\conv.\impl.$add$/Users/adarmaori/Desktop/Final$20Project/FPGA/conv1d_large_4mult.v:83$741: $auto$alumacc.cc:485:replace_alu$2444
  creating $alu cell for $flatten\conv.\impl.$add$/Users/adarmaori/Desktop/Final$20Project/FPGA/conv1d_large_4mult.v:83$754: $auto$alumacc.cc:485:replace_alu$2447
  creating $alu cell for $flatten\conv.\impl.$add$/Users/adarmaori/Desktop/Final$20Project/FPGA/conv1d_large_4mult.v:83$767: $auto$alumacc.cc:485:replace_alu$2450
  creating $alu cell for $flatten\conv.\impl.$add$/Users/adarmaori/Desktop/Final$20Project/FPGA/conv1d_large_4mult.v:89$782: $auto$alumacc.cc:485:replace_alu$2453
  creating $alu cell for $flatten\conv.\impl.$add$/Users/adarmaori/Desktop/Final$20Project/FPGA/conv1d_large_4mult.v:88$780: $auto$alumacc.cc:485:replace_alu$2456
  creating $alu cell for $flatten\conv.\impl.$add$/Users/adarmaori/Desktop/Final$20Project/FPGA/conv1d_large_4mult.v:95$784: $auto$alumacc.cc:485:replace_alu$2459
  created 11 $alu and 4 $macc cells.

8.21. Executing OPT pass (performing simple optimizations).

8.21.1. Executing OPT_EXPR pass (perform const folding).
Optimizing module conv1d_large_benchmark_top.
<suppressed ~12 debug messages>

8.21.2. Executing OPT_MERGE pass (detect identical cells).
Finding identical cells in module `\conv1d_large_benchmark_top'.
Removed a total of 0 cells.

8.21.3. Executing OPT_MUXTREE pass (detect dead branches in mux trees).
Running muxtree optimizer on module \conv1d_large_benchmark_top..
  Creating internal representation of mux trees.
  Evaluating internal representation of mux trees.
  Analyzing evaluation results.
Removed 0 multiplexer ports.
<suppressed ~15 debug messages>

8.21.4. Executing OPT_REDUCE pass (consolidate $*mux and $reduce_* inputs).
  Optimizing cells in module \conv1d_large_benchmark_top.
Performed a total of 0 changes.

8.21.5. Executing OPT_MERGE pass (detect identical cells).
Finding identical cells in module `\conv1d_large_benchmark_top'.
Removed a total of 0 cells.

8.21.6. Executing OPT_DFF pass (perform DFF optimizations).

8.21.7. Executing OPT_CLEAN pass (remove unused cells and wires).
Finding unused cells or wires in module \conv1d_large_benchmark_top..
Removed 7 unused cells and 12 unused wires.
<suppressed ~8 debug messages>

8.21.8. Executing OPT_EXPR pass (perform const folding).
Optimizing module conv1d_large_benchmark_top.

8.21.9. Rerunning OPT passes. (Maybe there is more to do..)

8.21.10. Executing OPT_MUXTREE pass (detect dead branches in mux trees).
Running muxtree optimizer on module \conv1d_large_benchmark_top..
  Creating internal representation of mux trees.
  Evaluating internal representation of mux trees.
  Analyzing evaluation results.
Removed 0 multiplexer ports.
<suppressed ~15 debug messages>

8.21.11. Executing OPT_REDUCE pass (consolidate $*mux and $reduce_* inputs).
  Optimizing cells in module \conv1d_large_benchmark_top.
Performed a total of 0 changes.

8.21.12. Executing OPT_MERGE pass (detect identical cells).
Finding identical cells in module `\conv1d_large_benchmark_top'.
Removed a total of 0 cells.

8.21.13. Executing OPT_DFF pass (perform DFF optimizations).

8.21.14. Executing OPT_CLEAN pass (remove unused cells and wires).
Finding unused cells or wires in module \conv1d_large_benchmark_top..

8.21.15. Executing OPT_EXPR pass (perform const folding).
Optimizing module conv1d_large_benchmark_top.

8.21.16. Finished OPT passes. (There is nothing left to do.)

8.22. Executing MEMORY pass.

8.22.1. Executing OPT_MEM pass (optimize memories).
Performed a total of 0 transformations.

8.22.2. Executing OPT_MEM_PRIORITY pass (removing unnecessary memory write priority relations).
Performed a total of 0 transformations.

8.22.3. Executing OPT_MEM_FEEDBACK pass (finding memory read-to-write feedback paths).

8.22.4. Executing MEMORY_BMUX2ROM pass (converting muxes to ROMs).

8.22.5. Executing MEMORY_DFF pass (merging $dff cells to $memrd).

8.22.6. Executing OPT_CLEAN pass (remove unused cells and wires).
Finding unused cells or wires in module \conv1d_large_benchmark_top..

8.22.7. Executing MEMORY_SHARE pass (consolidating $memrd/$memwr cells).

8.22.8. Executing OPT_MEM_WIDEN pass (optimize memories where all ports are wide).
Performed a total of 0 transformations.

8.22.9. Executing OPT_CLEAN pass (remove unused cells and wires).
Finding unused cells or wires in module \conv1d_large_benchmark_top..

8.22.10. Executing MEMORY_COLLECT pass (generating $mem cells).

8.23. Executing OPT_CLEAN pass (remove unused cells and wires).
Finding unused cells or wires in module \conv1d_large_benchmark_top..

8.24. Executing MEMORY_LIBMAP pass (mapping memories to cells).

8.25. Executing TECHMAP pass (map to technology primitives).

8.25.1. Executing Verilog-2005 frontend: /opt/homebrew/bin/../share/yosys/ice40/brams_map.v
Parsing Verilog input from `/opt/homebrew/bin/../share/yosys/ice40/brams_map.v' to AST representation.
Generating RTLIL representation for module `\$__ICE40_RAM4K_'.
Successfully finished Verilog frontend.

8.25.2. Executing Verilog-2005 frontend: /opt/homebrew/bin/../share/yosys/ice40/spram_map.v
Parsing Verilog input from `/opt/homebrew/bin/../share/yosys/ice40/spram_map.v' to AST representation.
Generating RTLIL representation for module `\$__ICE40_SPRAM_'.
Successfully finished Verilog frontend.

8.25.3. Continuing TECHMAP pass.
No more expansions possible.
<suppressed ~4 debug messages>

8.26. Executing ICE40_BRAMINIT pass.

8.27. Executing OPT pass (performing simple optimizations).

8.27.1. Executing OPT_EXPR pass (perform const folding).
Optimizing module conv1d_large_benchmark_top.
<suppressed ~52 debug messages>

8.27.2. Executing OPT_MERGE pass (detect identical cells).
Finding identical cells in module `\conv1d_large_benchmark_top'.
Removed a total of 0 cells.

8.27.3. Executing OPT_DFF pass (perform DFF optimizations).
Adding EN signal on $auto$ff.cc:266:slice$2357 ($sdffe) from module conv1d_large_benchmark_top (D = $flatten\conv.\impl.$procmux$2057_Y [1:0], Q = \conv.impl.tap_index [1:0]).

8.27.4. Executing OPT_CLEAN pass (remove unused cells and wires).
Finding unused cells or wires in module \conv1d_large_benchmark_top..
Removed 4 unused cells and 49 unused wires.
<suppressed ~5 debug messages>

8.27.5. Rerunning OPT passes. (Removed registers in this run.)

8.27.6. Executing OPT_EXPR pass (perform const folding).
Optimizing module conv1d_large_benchmark_top.
<suppressed ~1 debug messages>

8.27.7. Executing OPT_MERGE pass (detect identical cells).
Finding identical cells in module `\conv1d_large_benchmark_top'.
Removed a total of 0 cells.

8.27.8. Executing OPT_DFF pass (perform DFF optimizations).

8.27.9. Executing OPT_CLEAN pass (remove unused cells and wires).
Finding unused cells or wires in module \conv1d_large_benchmark_top..
Removed 0 unused cells and 1 unused wires.
<suppressed ~1 debug messages>

8.27.10. Finished fast OPT passes.

8.28. Executing MEMORY_MAP pass (converting memories to logic and flip-flops).

8.29. Executing OPT pass (performing simple optimizations).

8.29.1. Executing OPT_EXPR pass (perform const folding).
Optimizing module conv1d_large_benchmark_top.

8.29.2. Executing OPT_MERGE pass (detect identical cells).
Finding identical cells in module `\conv1d_large_benchmark_top'.
Removed a total of 0 cells.

8.29.3. Executing OPT_MUXTREE pass (detect dead branches in mux trees).
Running muxtree optimizer on module \conv1d_large_benchmark_top..
  Creating internal representation of mux trees.
  Evaluating internal representation of mux trees.
  Analyzing evaluation results.
Removed 0 multiplexer ports.
<suppressed ~14 debug messages>

8.29.4. Executing OPT_REDUCE pass (consolidate $*mux and $reduce_* inputs).
  Optimizing cells in module \conv1d_large_benchmark_top.
    Consolidated identical input bits for $pmux cell $flatten\conv.\impl.$procmux$1002:
      Old ports: A=4'0010, B=20'11110011000011100001, Y=$flatten\conv.\impl.$5\tap_weight$func$/Users/adarmaori/Desktop/Final$20Project/FPGA/conv1d_large_4mult.v:84$654.$result[3:0]$762
      New ports: A=3'010, B=15'111011000110001, Y=$flatten\conv.\impl.$5\tap_weight$func$/Users/adarmaori/Desktop/Final$20Project/FPGA/conv1d_large_4mult.v:84$654.$result[3:0]$762 [2:0]
      New connections: $flatten\conv.\impl.$5\tap_weight$func$/Users/adarmaori/Desktop/Final$20Project/FPGA/conv1d_large_4mult.v:84$654.$result[3:0]$762 [3] = $flatten\conv.\impl.$5\tap_weight$func$/Users/adarmaori/Desktop/Final$20Project/FPGA/conv1d_large_4mult.v:84$654.$result[3:0]$762 [2]
    Consolidated identical input bits for $pmux cell $flatten\conv.\impl.$procmux$1127:
      Old ports: A=4'0010, B=20'11110011000011100001, Y=$flatten\conv.\impl.$5\tap_weight$func$/Users/adarmaori/Desktop/Final$20Project/FPGA/conv1d_large_4mult.v:84$653.$result[3:0]$749
      New ports: A=3'010, B=15'111011000110001, Y=$flatten\conv.\impl.$5\tap_weight$func$/Users/adarmaori/Desktop/Final$20Project/FPGA/conv1d_large_4mult.v:84$653.$result[3:0]$749 [2:0]
      New connections: $flatten\conv.\impl.$5\tap_weight$func$/Users/adarmaori/Desktop/Final$20Project/FPGA/conv1d_large_4mult.v:84$653.$result[3:0]$749 [3] = $flatten\conv.\impl.$5\tap_weight$func$/Users/adarmaori/Desktop/Final$20Project/FPGA/conv1d_large_4mult.v:84$653.$result[3:0]$749 [2]
    Consolidated identical input bits for $pmux cell $flatten\conv.\impl.$procmux$1252:
      Old ports: A=4'0010, B=20'11110011000011100001, Y=$flatten\conv.\impl.$5\tap_weight$func$/Users/adarmaori/Desktop/Final$20Project/FPGA/conv1d_large_4mult.v:84$652.$result[3:0]$736
      New ports: A=3'010, B=15'111011000110001, Y=$flatten\conv.\impl.$5\tap_weight$func$/Users/adarmaori/Desktop/Final$20Project/FPGA/conv1d_large_4mult.v:84$652.$result[3:0]$736 [2:0]
      New connections: $flatten\conv.\impl.$5\tap_weight$func$/Users/adarmaori/Desktop/Final$20Project/FPGA/conv1d_large_4mult.v:84$652.$result[3:0]$736 [3] = $flatten\conv.\impl.$5\tap_weight$func$/Users/adarmaori/Desktop/Final$20Project/FPGA/conv1d_large_4mult.v:84$652.$result[3:0]$736 [2]
    Consolidated identical input bits for $mux cell $flatten\conv.\impl.$procmux$1271:
      Old ports: A={ $flatten\conv.\impl.$add$/Users/adarmaori/Desktop/Final$20Project/FPGA/conv1d_large_4mult.v:84$740_Y [23] $flatten\conv.\impl.$add$/Users/adarmaori/Desktop/Final$20Project/FPGA/conv1d_large_4mult.v:84$740_Y [23] $flatten\conv.\impl.$add$/Users/adarmaori/Desktop/Final$20Project/FPGA/conv1d_large_4mult.v:84$740_Y [23] $flatten\conv.\impl.$add$/Users/adarmaori/Desktop/Final$20Project/FPGA/conv1d_large_4mult.v:84$740_Y [23] $flatten\conv.\impl.$add$/Users/adarmaori/Desktop/Final$20Project/FPGA/conv1d_large_4mult.v:84$740_Y [23] $flatten\conv.\impl.$add$/Users/adarmaori/Desktop/Final$20Project/FPGA/conv1d_large_4mult.v:84$740_Y [23] $flatten\conv.\impl.$add$/Users/adarmaori/Desktop/Final$20Project/FPGA/conv1d_large_4mult.v:84$740_Y [23] $flatten\conv.\impl.$add$/Users/adarmaori/Desktop/Final$20Project/FPGA/conv1d_large_4mult.v:84$740_Y [23] $flatten\conv.\impl.$add$/Users/adarmaori/Desktop/Final$20Project/FPGA/conv1d_large_4mult.v:84$740_Y [23] $flatten\conv.\impl.$add$/Users/adarmaori/Desktop/Final$20Project/FPGA/conv1d_large_4mult.v:84$740_Y [23] $flatten\conv.\impl.$add$/Users/adarmaori/Desktop/Final$20Project/FPGA/conv1d_large_4mult.v:84$740_Y [23] $flatten\conv.\impl.$add$/Users/adarmaori/Desktop/Final$20Project/FPGA/conv1d_large_4mult.v:84$740_Y [23] $flatten\conv.\impl.$add$/Users/adarmaori/Desktop/Final$20Project/FPGA/conv1d_large_4mult.v:84$740_Y [23] $flatten\conv.\impl.$add$/Users/adarmaori/Desktop/Final$20Project/FPGA/conv1d_large_4mult.v:84$740_Y [10:0] }, B=24'000000000000000000000000, Y=$flatten\conv.\impl.$4\group_sum[23:0]
      New ports: A={ $flatten\conv.\impl.$add$/Users/adarmaori/Desktop/Final$20Project/FPGA/conv1d_large_4mult.v:84$740_Y [23] $flatten\conv.\impl.$add$/Users/adarmaori/Desktop/Final$20Project/FPGA/conv1d_large_4mult.v:84$740_Y [10:0] }, B=12'000000000000, Y=$flatten\conv.\impl.$4\group_sum[23:0] [11:0]
      New connections: $flatten\conv.\impl.$4\group_sum[23:0] [23:12] = { $flatten\conv.\impl.$4\group_sum[23:0] [11] $flatten\conv.\impl.$4\group_sum[23:0] [11] $flatten\conv.\impl.$4\group_sum[23:0] [11] $flatten\conv.\impl.$4\group_sum[23:0] [11] $flatten\conv.\impl.$4\group_sum[23:0] [11] $flatten\conv.\impl.$4\group_sum[23:0] [11] $flatten\conv.\impl.$4\group_sum[23:0] [11] $flatten\conv.\impl.$4\group_sum[23:0] [11] $flatten\conv.\impl.$4\group_sum[23:0] [11] $flatten\conv.\impl.$4\group_sum[23:0] [11] $flatten\conv.\impl.$4\group_sum[23:0] [11] $flatten\conv.\impl.$4\group_sum[23:0] [11] }
    Consolidated identical input bits for $mux cell $flatten\conv.\impl.$procmux$2057:
      Old ports: A={ $flatten\conv.\impl.$add$/Users/adarmaori/Desktop/Final$20Project/FPGA/conv1d_large_4mult.v:95$784_Y [15:2] 2'x }, B=16'0000000000000000, Y=$flatten\conv.\impl.$procmux$2057_Y
      New ports: A={ $flatten\conv.\impl.$add$/Users/adarmaori/Desktop/Final$20Project/FPGA/conv1d_large_4mult.v:95$784_Y [15:2] 1'x }, B=15'000000000000000, Y={ $flatten\conv.\impl.$procmux$2057_Y [15:2] $flatten\conv.\impl.$procmux$2057_Y [0] }
      New connections: $flatten\conv.\impl.$procmux$2057_Y [1] = $flatten\conv.\impl.$procmux$2057_Y [0]
    Consolidated identical input bits for $pmux cell $flatten\conv.\impl.$procmux$877:
      Old ports: A=4'0010, B=20'11110011000011100001, Y=$flatten\conv.\impl.$5\tap_weight$func$/Users/adarmaori/Desktop/Final$20Project/FPGA/conv1d_large_4mult.v:84$655.$result[3:0]$775
      New ports: A=3'010, B=15'111011000110001, Y=$flatten\conv.\impl.$5\tap_weight$func$/Users/adarmaori/Desktop/Final$20Project/FPGA/conv1d_large_4mult.v:84$655.$result[3:0]$775 [2:0]
      New connections: $flatten\conv.\impl.$5\tap_weight$func$/Users/adarmaori/Desktop/Final$20Project/FPGA/conv1d_large_4mult.v:84$655.$result[3:0]$775 [3] = $flatten\conv.\impl.$5\tap_weight$func$/Users/adarmaori/Desktop/Final$20Project/FPGA/conv1d_large_4mult.v:84$655.$result[3:0]$775 [2]
  Optimizing cells in module \conv1d_large_benchmark_top.
Performed a total of 6 changes.

8.29.5. Executing OPT_MERGE pass (detect identical cells).
Finding identical cells in module `\conv1d_large_benchmark_top'.
Removed a total of 0 cells.

8.29.6. Executing OPT_DFF pass (perform DFF optimizations).

8.29.7. Executing OPT_CLEAN pass (remove unused cells and wires).
Finding unused cells or wires in module \conv1d_large_benchmark_top..

8.29.8. Executing OPT_EXPR pass (perform const folding).
Optimizing module conv1d_large_benchmark_top.

8.29.9. Rerunning OPT passes. (Maybe there is more to do..)

8.29.10. Executing OPT_MUXTREE pass (detect dead branches in mux trees).
Running muxtree optimizer on module \conv1d_large_benchmark_top..
  Creating internal representation of mux trees.
  Evaluating internal representation of mux trees.
  Analyzing evaluation results.
Removed 0 multiplexer ports.
<suppressed ~14 debug messages>

8.29.11. Executing OPT_REDUCE pass (consolidate $*mux and $reduce_* inputs).
  Optimizing cells in module \conv1d_large_benchmark_top.
Performed a total of 0 changes.

8.29.12. Executing OPT_MERGE pass (detect identical cells).
Finding identical cells in module `\conv1d_large_benchmark_top'.
Removed a total of 0 cells.

8.29.13. Executing OPT_DFF pass (perform DFF optimizations).

8.29.14. Executing OPT_CLEAN pass (remove unused cells and wires).
Finding unused cells or wires in module \conv1d_large_benchmark_top..

8.29.15. Executing OPT_EXPR pass (perform const folding).
Optimizing module conv1d_large_benchmark_top.

8.29.16. Finished OPT passes. (There is nothing left to do.)

8.30. Executing ICE40_WRAPCARRY pass (wrap carries).

8.31. Executing TECHMAP pass (map to technology primitives).

8.31.1. Executing Verilog-2005 frontend: /opt/homebrew/bin/../share/yosys/techmap.v
Parsing Verilog input from `/opt/homebrew/bin/../share/yosys/techmap.v' to AST representation.
Generating RTLIL representation for module `\_90_simplemap_bool_ops'.
Generating RTLIL representation for module `\_90_simplemap_reduce_ops'.
Generating RTLIL representation for module `\_90_simplemap_logic_ops'.
Generating RTLIL representation for module `\_90_simplemap_compare_ops'.
Generating RTLIL representation for module `\_90_simplemap_various'.
Generating RTLIL representation for module `\_90_simplemap_registers'.
Generating RTLIL representation for module `\_90_shift_ops_shr_shl_sshl_sshr'.
Generating RTLIL representation for module `\_90_shift_shiftx'.
Generating RTLIL representation for module `\_90_fa'.
Generating RTLIL representation for module `\_90_lcu_brent_kung'.
Generating RTLIL representation for module `\_90_alu'.
Generating RTLIL representation for module `\_90_macc'.
Generating RTLIL representation for module `\_90_alumacc'.
Generating RTLIL representation for module `\$__div_mod_u'.
Generating RTLIL representation for module `\$__div_mod_trunc'.
Generating RTLIL representation for module `\_90_div'.
Generating RTLIL representation for module `\_90_mod'.
Generating RTLIL representation for module `\$__div_mod_floor'.
Generating RTLIL representation for module `\_90_divfloor'.
Generating RTLIL representation for module `\_90_modfloor'.
Generating RTLIL representation for module `\_90_pow'.
Generating RTLIL representation for module `\_90_pmux'.
Generating RTLIL representation for module `\_90_demux'.
Generating RTLIL representation for module `\_90_lut'.
Successfully finished Verilog frontend.

8.31.2. Executing Verilog-2005 frontend: /opt/homebrew/bin/../share/yosys/ice40/arith_map.v
Parsing Verilog input from `/opt/homebrew/bin/../share/yosys/ice40/arith_map.v' to AST representation.
Generating RTLIL representation for module `\_80_ice40_alu'.
Successfully finished Verilog frontend.

8.31.3. Continuing TECHMAP pass.
Using extmapper simplemap for cells of type $sdff.
Using extmapper maccmap for cells of type $macc.
  add { $flatten\conv.\impl.$4\group_sum[23:0] [23] $flatten\conv.\impl.$4\group_sum[23:0] [23] $flatten\conv.\impl.$4\group_sum[23:0] [23] $flatten\conv.\impl.$4\group_sum[23:0] [23] $flatten\conv.\impl.$4\group_sum[23:0] [23] $flatten\conv.\impl.$4\group_sum[23:0] [23] $flatten\conv.\impl.$4\group_sum[23:0] [23] $flatten\conv.\impl.$4\group_sum[23:0] [23] $flatten\conv.\impl.$4\group_sum[23:0] [23] $flatten\conv.\impl.$4\group_sum[23:0] [23] $flatten\conv.\impl.$4\group_sum[23:0] [23] $flatten\conv.\impl.$4\group_sum[23:0] [23] $flatten\conv.\impl.$4\group_sum[23:0] [23] $flatten\conv.\impl.$4\group_sum[23:0] [10:0] } (24 bits, signed)
  add $flatten\conv.\impl.$5$mem2reg_rd$\tap$/Users/adarmaori/Desktop/Final$20Project/FPGA/conv1d_large_4mult.v:84$657_DATA[7:0]$751 * { $flatten\conv.\impl.$5\tap_weight$func$/Users/adarmaori/Desktop/Final$20Project/FPGA/conv1d_large_4mult.v:84$653.$result[3:0]$749 [3] $flatten\conv.\impl.$5\tap_weight$func$/Users/adarmaori/Desktop/Final$20Project/FPGA/conv1d_large_4mult.v:84$653.$result[3:0]$749 [3] $flatten\conv.\impl.$5\tap_weight$func$/Users/adarmaori/Desktop/Final$20Project/FPGA/conv1d_large_4mult.v:84$653.$result[3:0]$749 [1:0] } (8x4 bits, signed)
Using template $paramod$98d5b101fc40d541c293178ad5465fa81dcb4a40\_80_ice40_alu for cells of type $alu.
Using template $paramod$6909d61d78ee2d4698244dc3ef4dd45862ec0ee0\_80_ice40_alu for cells of type $alu.
Using extmapper simplemap for cells of type $reduce_and.
Using extmapper simplemap for cells of type $not.
Using extmapper simplemap for cells of type $reduce_or.
Using extmapper simplemap for cells of type $or.
Using extmapper simplemap for cells of type $logic_and.
Using template $paramod$bc5b76409c189dae1304578314e9d1ddd73fedb5\_80_ice40_alu for cells of type $alu.
Using template $paramod$6177de982a145c5b9397c76cce0d57e0a983739a\_80_ice40_alu for cells of type $alu.
Using template $paramod$e3082a227a414c744409c60c11d08bfbd82701c7\_80_ice40_alu for cells of type $alu.
  add $flatten\conv.\impl.$6\group_sum[23:0] (24 bits, signed)
  add $flatten\conv.\impl.$5$mem2reg_rd$\tap$/Users/adarmaori/Desktop/Final$20Project/FPGA/conv1d_large_4mult.v:84$659_DATA[7:0]$777 * { $flatten\conv.\impl.$5\tap_weight$func$/Users/adarmaori/Desktop/Final$20Project/FPGA/conv1d_large_4mult.v:84$655.$result[3:0]$775 [3] $flatten\conv.\impl.$5\tap_weight$func$/Users/adarmaori/Desktop/Final$20Project/FPGA/conv1d_large_4mult.v:84$655.$result[3:0]$775 [3] $flatten\conv.\impl.$5\tap_weight$func$/Users/adarmaori/Desktop/Final$20Project/FPGA/conv1d_large_4mult.v:84$655.$result[3:0]$775 [1:0] } (8x4 bits, signed)
Using template $paramod$f30f8fc2e30bd83d28cb1ad43b9d9ec083109075\_80_ice40_alu for cells of type $alu.
  add $flatten\conv.\impl.$5$mem2reg_rd$\tap$/Users/adarmaori/Desktop/Final$20Project/FPGA/conv1d_large_4mult.v:84$656_DATA[7:0]$738 * { $flatten\conv.\impl.$5\tap_weight$func$/Users/adarmaori/Desktop/Final$20Project/FPGA/conv1d_large_4mult.v:84$652.$result[3:0]$736 [3] $flatten\conv.\impl.$5\tap_weight$func$/Users/adarmaori/Desktop/Final$20Project/FPGA/conv1d_large_4mult.v:84$652.$result[3:0]$736 [3] $flatten\conv.\impl.$5\tap_weight$func$/Users/adarmaori/Desktop/Final$20Project/FPGA/conv1d_large_4mult.v:84$652.$result[3:0]$736 [1:0] } (8x4 bits, signed)
Using template $paramod$59c4d9a723a469db99eee461ca4fdd9fae171b7b\_80_ice40_alu for cells of type $alu.
  add $flatten\conv.\impl.$5\group_sum[23:0] (24 bits, signed)
  add $flatten\conv.\impl.$5$mem2reg_rd$\tap$/Users/adarmaori/Desktop/Final$20Project/FPGA/conv1d_large_4mult.v:84$658_DATA[7:0]$764 * { $flatten\conv.\impl.$5\tap_weight$func$/Users/adarmaori/Desktop/Final$20Project/FPGA/conv1d_large_4mult.v:84$654.$result[3:0]$762 [3] $flatten\conv.\impl.$5\tap_weight$func$/Users/adarmaori/Desktop/Final$20Project/FPGA/conv1d_large_4mult.v:84$654.$result[3:0]$762 [3] $flatten\conv.\impl.$5\tap_weight$func$/Users/adarmaori/Desktop/Final$20Project/FPGA/conv1d_large_4mult.v:84$654.$result[3:0]$762 [1:0] } (8x4 bits, signed)
Using template $paramod$713617589782cfade849bb573b5c36106c4b708f\_80_ice40_alu for cells of type $alu.
Using extmapper simplemap for cells of type $eq.
Using template $paramod$6ba54b61bec527cafa150e8a07b7a00b3ebca06c\_90_pmux for cells of type $pmux.
Using template $paramod$56f7ce6d87f8add68ca646dc02d7695a3189f8e5\_90_pmux for cells of type $pmux.
Using extmapper simplemap for cells of type $mux.
Using extmapper simplemap for cells of type $sdffe.
Using extmapper simplemap for cells of type $logic_not.
Using extmapper simplemap for cells of type $and.
Using extmapper simplemap for cells of type $pos.
Using extmapper simplemap for cells of type $xor.
Using template $paramod\_90_fa\WIDTH=32'00000000000000000000000000011000 for cells of type $fa.
Using template $paramod$e82d3fc1811c5751348a3964470632b35a435fc7\_80_ice40_alu for cells of type $alu.
Using template $paramod\_90_fa\WIDTH=32'00000000000000000000000000001100 for cells of type $fa.
Using template $paramod$ee3d784672cdb1cb32d9a801a3af776716f16b74\_80_ice40_alu for cells of type $alu.
No more expansions possible.
<suppressed ~950 debug messages>

8.32. Executing OPT pass (performing simple optimizations).

8.32.1. Executing OPT_EXPR pass (perform const folding).
Optimizing module conv1d_large_benchmark_top.
<suppressed ~1632 debug messages>

8.32.2. Executing OPT_MERGE pass (detect identical cells).
Finding identical cells in module `\conv1d_large_benchmark_top'.
<suppressed ~3810 debug messages>
Removed a total of 1270 cells.

8.32.3. Executing OPT_DFF pass (perform DFF optimizations).

8.32.4. Executing OPT_CLEAN pass (remove unused cells and wires).
Finding unused cells or wires in module \conv1d_large_benchmark_top..
Removed 200 unused cells and 1739 unused wires.
<suppressed ~201 debug messages>

8.32.5. Finished fast OPT passes.

8.33. Executing ICE40_OPT pass (performing simple optimizations).

8.33.1. Running ICE40 specific optimizations.
Optimized $__ICE40_CARRY_WRAPPER cell back to logic (without SB_CARRY) conv1d_large_benchmark_top.$auto$alumacc.cc:485:replace_alu$2391.slice[0].carry: CO=$auto$alumacc.cc:485:replace_alu$2391.BB [0]
Optimized $__ICE40_CARRY_WRAPPER cell back to logic (without SB_CARRY) conv1d_large_benchmark_top.$auto$alumacc.cc:485:replace_alu$2402.slice[0].carry: CO=$auto$alumacc.cc:485:replace_alu$2402.BB [0]
Optimized $__ICE40_CARRY_WRAPPER cell back to logic (without SB_CARRY) conv1d_large_benchmark_top.$auto$alumacc.cc:485:replace_alu$2413.slice[0].carry: CO=$auto$alumacc.cc:485:replace_alu$2413.BB [0]
Optimized $__ICE40_CARRY_WRAPPER cell back to logic (without SB_CARRY) conv1d_large_benchmark_top.$auto$alumacc.cc:485:replace_alu$2424.slice[0].carry: CO=$auto$alumacc.cc:485:replace_alu$2402.BB [0]
Optimized $__ICE40_CARRY_WRAPPER cell back to logic (without SB_CARRY) conv1d_large_benchmark_top.$auto$alumacc.cc:485:replace_alu$2435.slice[0].carry: CO=$auto$alumacc.cc:485:replace_alu$2402.BB [0]
Optimized $__ICE40_CARRY_WRAPPER cell back to logic (without SB_CARRY) conv1d_large_benchmark_top.$auto$alumacc.cc:485:replace_alu$2444.slice[0].carry: CO=\conv.impl.tap_index [0]
Optimized $__ICE40_CARRY_WRAPPER cell back to logic (without SB_CARRY) conv1d_large_benchmark_top.$auto$alumacc.cc:485:replace_alu$2444.slice[16].carry: CO=1'0
Optimized $__ICE40_CARRY_WRAPPER cell back to logic (without SB_CARRY) conv1d_large_benchmark_top.$auto$alumacc.cc:485:replace_alu$2447.slice[0].carry: CO=\conv.impl.tap_index [0]
Optimized $__ICE40_CARRY_WRAPPER cell back to logic (without SB_CARRY) conv1d_large_benchmark_top.$auto$alumacc.cc:485:replace_alu$2447.slice[15].carry: CO=1'0
Optimized $__ICE40_CARRY_WRAPPER cell back to logic (without SB_CARRY) conv1d_large_benchmark_top.$auto$alumacc.cc:485:replace_alu$2450.slice[0].carry: CO=\conv.impl.tap_index [0]
Optimized $__ICE40_CARRY_WRAPPER cell back to logic (without SB_CARRY) conv1d_large_benchmark_top.$auto$alumacc.cc:485:replace_alu$2450.slice[16].carry: CO=1'0
Optimized $__ICE40_CARRY_WRAPPER cell back to logic (without SB_CARRY) conv1d_large_benchmark_top.$auto$alumacc.cc:485:replace_alu$2456.slice[0].carry: CO=\conv.impl.tap_index [2]
Optimized $__ICE40_CARRY_WRAPPER cell back to logic (without SB_CARRY) conv1d_large_benchmark_top.$auto$alumacc.cc:485:replace_alu$2456.slice[14].carry: CO=1'0
Optimized $__ICE40_CARRY_WRAPPER cell back to logic (without SB_CARRY) conv1d_large_benchmark_top.$auto$alumacc.cc:485:replace_alu$2459.slice[0].carry: CO=\conv.impl.tap_index [2]
Optimized $__ICE40_CARRY_WRAPPER cell back to logic (without SB_CARRY) conv1d_large_benchmark_top.$auto$maccmap.cc:240:synth$2591.slice[0].carry: CO=1'0
Optimized $__ICE40_CARRY_WRAPPER cell back to logic (without SB_CARRY) conv1d_large_benchmark_top.$auto$maccmap.cc:240:synth$2720.slice[0].carry: CO=1'0
Optimized $__ICE40_CARRY_WRAPPER cell back to logic (without SB_CARRY) conv1d_large_benchmark_top.$auto$maccmap.cc:240:synth$2748.slice[0].carry: CO=1'0
Optimized $__ICE40_CARRY_WRAPPER cell back to logic (without SB_CARRY) conv1d_large_benchmark_top.$auto$maccmap.cc:240:synth$2779.slice[0].carry: CO=1'0

8.33.2. Executing OPT_EXPR pass (perform const folding).
Optimizing module conv1d_large_benchmark_top.
<suppressed ~397 debug messages>

8.33.3. Executing OPT_MERGE pass (detect identical cells).
Finding identical cells in module `\conv1d_large_benchmark_top'.
<suppressed ~48 debug messages>
Removed a total of 16 cells.

8.33.4. Executing OPT_DFF pass (perform DFF optimizations).
Setting constant 0-bit at position 0 on $auto$ff.cc:266:slice$5481 ($_SDFFE_PP0P_) from module conv1d_large_benchmark_top.

8.33.5. Executing OPT_CLEAN pass (remove unused cells and wires).
Finding unused cells or wires in module \conv1d_large_benchmark_top..
Removed 11 unused cells and 46 unused wires.
<suppressed ~12 debug messages>

8.33.6. Rerunning OPT passes. (Removed registers in this run.)

8.33.7. Running ICE40 specific optimizations.
Optimized $__ICE40_CARRY_WRAPPER cell back to logic (without SB_CARRY) conv1d_large_benchmark_top.$auto$alumacc.cc:485:replace_alu$2444.slice[1].carry: CO=1'0
Optimized $__ICE40_CARRY_WRAPPER cell back to logic (without SB_CARRY) conv1d_large_benchmark_top.$auto$alumacc.cc:485:replace_alu$2447.slice[1].carry: CO=1'0
Optimized $__ICE40_CARRY_WRAPPER cell back to logic (without SB_CARRY) conv1d_large_benchmark_top.$auto$alumacc.cc:485:replace_alu$2450.slice[1].carry: CO=1'0
Optimized $__ICE40_CARRY_WRAPPER cell back to logic (without SB_CARRY) conv1d_large_benchmark_top.$auto$maccmap.cc:240:synth$2591.slice[1].carry: CO=1'0
Optimized $__ICE40_CARRY_WRAPPER cell back to logic (without SB_CARRY) conv1d_large_benchmark_top.$auto$maccmap.cc:240:synth$2720.slice[1].carry: CO=1'0
Optimized $__ICE40_CARRY_WRAPPER cell back to logic (without SB_CARRY) conv1d_large_benchmark_top.$auto$maccmap.cc:240:synth$2748.slice[1].carry: CO=1'0
Optimized $__ICE40_CARRY_WRAPPER cell back to logic (without SB_CARRY) conv1d_large_benchmark_top.$auto$maccmap.cc:240:synth$2779.slice[1].carry: CO=1'0

8.33.8. Executing OPT_EXPR pass (perform const folding).
Optimizing module conv1d_large_benchmark_top.
<suppressed ~683 debug messages>

8.33.9. Executing OPT_MERGE pass (detect identical cells).
Finding identical cells in module `\conv1d_large_benchmark_top'.
<suppressed ~90 debug messages>
Removed a total of 30 cells.

8.33.10. Executing OPT_DFF pass (perform DFF optimizations).

8.33.11. Executing OPT_CLEAN pass (remove unused cells and wires).
Finding unused cells or wires in module \conv1d_large_benchmark_top..
Removed 8 unused cells and 106 unused wires.
<suppressed ~9 debug messages>

8.33.12. Rerunning OPT passes. (Removed registers in this run.)

8.33.13. Running ICE40 specific optimizations.
Optimized $__ICE40_CARRY_WRAPPER cell back to logic (without SB_CARRY) conv1d_large_benchmark_top.$auto$alumacc.cc:485:replace_alu$2402.slice[1].carry: CO=$auto$alumacc.cc:485:replace_alu$2391.BB [1]
Optimized $__ICE40_CARRY_WRAPPER cell back to logic (without SB_CARRY) conv1d_large_benchmark_top.$auto$alumacc.cc:485:replace_alu$2424.slice[1].carry: CO=1'1
Optimized $__ICE40_CARRY_WRAPPER cell back to logic (without SB_CARRY) conv1d_large_benchmark_top.$auto$alumacc.cc:485:replace_alu$2435.slice[1].carry: CO=1'1
Optimized $__ICE40_CARRY_WRAPPER cell back to logic (without SB_CARRY) conv1d_large_benchmark_top.$auto$alumacc.cc:485:replace_alu$2444.slice[2].carry: CO=1'0
Optimized $__ICE40_CARRY_WRAPPER cell back to logic (without SB_CARRY) conv1d_large_benchmark_top.$auto$alumacc.cc:485:replace_alu$2447.slice[2].carry: CO=1'0
Optimized $__ICE40_CARRY_WRAPPER cell back to logic (without SB_CARRY) conv1d_large_benchmark_top.$auto$alumacc.cc:485:replace_alu$2450.slice[2].carry: CO=1'0
Optimized $__ICE40_CARRY_WRAPPER cell back to logic (without SB_CARRY) conv1d_large_benchmark_top.$auto$maccmap.cc:240:synth$2591.slice[2].carry: CO=1'0
Optimized $__ICE40_CARRY_WRAPPER cell back to logic (without SB_CARRY) conv1d_large_benchmark_top.$auto$maccmap.cc:240:synth$2748.slice[2].carry: CO=1'0

8.33.14. Executing OPT_EXPR pass (perform const folding).
Optimizing module conv1d_large_benchmark_top.
<suppressed ~493 debug messages>

8.33.15. Executing OPT_MERGE pass (detect identical cells).
Finding identical cells in module `\conv1d_large_benchmark_top'.
<suppressed ~27 debug messages>
Removed a total of 9 cells.

8.33.16. Executing OPT_DFF pass (perform DFF optimizations).

8.33.17. Executing OPT_CLEAN pass (remove unused cells and wires).
Finding unused cells or wires in module \conv1d_large_benchmark_top..
Removed 10 unused cells and 48 unused wires.
<suppressed ~11 debug messages>

8.33.18. Rerunning OPT passes. (Removed registers in this run.)

8.33.19. Running ICE40 specific optimizations.
Optimized $__ICE40_CARRY_WRAPPER cell back to logic (without SB_CARRY) conv1d_large_benchmark_top.$auto$alumacc.cc:485:replace_alu$2424.slice[2].carry: CO=$auto$alumacc.cc:485:replace_alu$2424.BB [2]
Optimized $__ICE40_CARRY_WRAPPER cell back to logic (without SB_CARRY) conv1d_large_benchmark_top.$auto$alumacc.cc:485:replace_alu$2435.slice[2].carry: CO=$auto$alumacc.cc:485:replace_alu$2435.BB [2]
Optimized $__ICE40_CARRY_WRAPPER cell back to logic (without SB_CARRY) conv1d_large_benchmark_top.$auto$alumacc.cc:485:replace_alu$2444.slice[3].carry: CO=1'0
Optimized $__ICE40_CARRY_WRAPPER cell back to logic (without SB_CARRY) conv1d_large_benchmark_top.$auto$alumacc.cc:485:replace_alu$2447.slice[3].carry: CO=1'0
Optimized $__ICE40_CARRY_WRAPPER cell back to logic (without SB_CARRY) conv1d_large_benchmark_top.$auto$alumacc.cc:485:replace_alu$2450.slice[3].carry: CO=1'0

8.33.20. Executing OPT_EXPR pass (perform const folding).
Optimizing module conv1d_large_benchmark_top.

8.33.21. Executing OPT_MERGE pass (detect identical cells).
Finding identical cells in module `\conv1d_large_benchmark_top'.
<suppressed ~69 debug messages>
Removed a total of 23 cells.

8.33.22. Executing OPT_DFF pass (perform DFF optimizations).

8.33.23. Executing OPT_CLEAN pass (remove unused cells and wires).
Finding unused cells or wires in module \conv1d_large_benchmark_top..
Removed 2 unused cells and 15 unused wires.
<suppressed ~3 debug messages>

8.33.24. Rerunning OPT passes. (Removed registers in this run.)

8.33.25. Running ICE40 specific optimizations.
Optimized $__ICE40_CARRY_WRAPPER cell back to logic (without SB_CARRY) conv1d_large_benchmark_top.$auto$alumacc.cc:485:replace_alu$2444.slice[4].carry: CO=1'0
Optimized $__ICE40_CARRY_WRAPPER cell back to logic (without SB_CARRY) conv1d_large_benchmark_top.$auto$alumacc.cc:485:replace_alu$2447.slice[4].carry: CO=1'0
Optimized $__ICE40_CARRY_WRAPPER cell back to logic (without SB_CARRY) conv1d_large_benchmark_top.$auto$alumacc.cc:485:replace_alu$2450.slice[4].carry: CO=1'0

8.33.26. Executing OPT_EXPR pass (perform const folding).
Optimizing module conv1d_large_benchmark_top.

8.33.27. Executing OPT_MERGE pass (detect identical cells).
Finding identical cells in module `\conv1d_large_benchmark_top'.
<suppressed ~312 debug messages>
Removed a total of 104 cells.

8.33.28. Executing OPT_DFF pass (perform DFF optimizations).

8.33.29. Executing OPT_CLEAN pass (remove unused cells and wires).
Finding unused cells or wires in module \conv1d_large_benchmark_top..
Removed 0 unused cells and 20 unused wires.
<suppressed ~1 debug messages>

8.33.30. Rerunning OPT passes. (Removed registers in this run.)

8.33.31. Running ICE40 specific optimizations.
Optimized $__ICE40_CARRY_WRAPPER cell back to logic (without SB_CARRY) conv1d_large_benchmark_top.$auto$alumacc.cc:485:replace_alu$2444.slice[5].carry: CO=1'0
Optimized $__ICE40_CARRY_WRAPPER cell back to logic (without SB_CARRY) conv1d_large_benchmark_top.$auto$alumacc.cc:485:replace_alu$2447.slice[5].carry: CO=1'0
Optimized $__ICE40_CARRY_WRAPPER cell back to logic (without SB_CARRY) conv1d_large_benchmark_top.$auto$alumacc.cc:485:replace_alu$2450.slice[5].carry: CO=1'0

8.33.32. Executing OPT_EXPR pass (perform const folding).
Optimizing module conv1d_large_benchmark_top.

8.33.33. Executing OPT_MERGE pass (detect identical cells).
Finding identical cells in module `\conv1d_large_benchmark_top'.
<suppressed ~18 debug messages>
Removed a total of 6 cells.

8.33.34. Executing OPT_DFF pass (perform DFF optimizations).

8.33.35. Executing OPT_CLEAN pass (remove unused cells and wires).
Finding unused cells or wires in module \conv1d_large_benchmark_top..

8.33.36. Rerunning OPT passes. (Removed registers in this run.)

8.33.37. Running ICE40 specific optimizations.
Optimized $__ICE40_CARRY_WRAPPER cell back to logic (without SB_CARRY) conv1d_large_benchmark_top.$auto$alumacc.cc:485:replace_alu$2444.slice[6].carry: CO=1'0
Optimized $__ICE40_CARRY_WRAPPER cell back to logic (without SB_CARRY) conv1d_large_benchmark_top.$auto$alumacc.cc:485:replace_alu$2447.slice[6].carry: CO=1'0
Optimized $__ICE40_CARRY_WRAPPER cell back to logic (without SB_CARRY) conv1d_large_benchmark_top.$auto$alumacc.cc:485:replace_alu$2450.slice[6].carry: CO=1'0

8.33.38. Executing OPT_EXPR pass (perform const folding).
Optimizing module conv1d_large_benchmark_top.

8.33.39. Executing OPT_MERGE pass (detect identical cells).
Finding identical cells in module `\conv1d_large_benchmark_top'.
<suppressed ~12 debug messages>
Removed a total of 4 cells.

8.33.40. Executing OPT_DFF pass (perform DFF optimizations).

8.33.41. Executing OPT_CLEAN pass (remove unused cells and wires).
Finding unused cells or wires in module \conv1d_large_benchmark_top..

8.33.42. Rerunning OPT passes. (Removed registers in this run.)

8.33.43. Running ICE40 specific optimizations.
Optimized $__ICE40_CARRY_WRAPPER cell back to logic (without SB_CARRY) conv1d_large_benchmark_top.$auto$alumacc.cc:485:replace_alu$2444.slice[7].carry: CO=1'0
Optimized $__ICE40_CARRY_WRAPPER cell back to logic (without SB_CARRY) conv1d_large_benchmark_top.$auto$alumacc.cc:485:replace_alu$2447.slice[7].carry: CO=1'0
Optimized $__ICE40_CARRY_WRAPPER cell back to logic (without SB_CARRY) conv1d_large_benchmark_top.$auto$alumacc.cc:485:replace_alu$2450.slice[7].carry: CO=1'0

8.33.44. Executing OPT_EXPR pass (perform const folding).
Optimizing module conv1d_large_benchmark_top.

8.33.45. Executing OPT_MERGE pass (detect identical cells).
Finding identical cells in module `\conv1d_large_benchmark_top'.
<suppressed ~27 debug messages>
Removed a total of 9 cells.

8.33.46. Executing OPT_DFF pass (perform DFF optimizations).

8.33.47. Executing OPT_CLEAN pass (remove unused cells and wires).
Finding unused cells or wires in module \conv1d_large_benchmark_top..

8.33.48. Rerunning OPT passes. (Removed registers in this run.)

8.33.49. Running ICE40 specific optimizations.
Optimized $__ICE40_CARRY_WRAPPER cell back to logic (without SB_CARRY) conv1d_large_benchmark_top.$auto$alumacc.cc:485:replace_alu$2444.slice[8].carry: CO=1'0
Optimized $__ICE40_CARRY_WRAPPER cell back to logic (without SB_CARRY) conv1d_large_benchmark_top.$auto$alumacc.cc:485:replace_alu$2447.slice[8].carry: CO=1'0
Optimized $__ICE40_CARRY_WRAPPER cell back to logic (without SB_CARRY) conv1d_large_benchmark_top.$auto$alumacc.cc:485:replace_alu$2450.slice[8].carry: CO=1'0

8.33.50. Executing OPT_EXPR pass (perform const folding).
Optimizing module conv1d_large_benchmark_top.

8.33.51. Executing OPT_MERGE pass (detect identical cells).
Finding identical cells in module `\conv1d_large_benchmark_top'.
<suppressed ~12 debug messages>
Removed a total of 4 cells.

8.33.52. Executing OPT_DFF pass (perform DFF optimizations).

8.33.53. Executing OPT_CLEAN pass (remove unused cells and wires).
Finding unused cells or wires in module \conv1d_large_benchmark_top..

8.33.54. Rerunning OPT passes. (Removed registers in this run.)

8.33.55. Running ICE40 specific optimizations.
Optimized $__ICE40_CARRY_WRAPPER cell back to logic (without SB_CARRY) conv1d_large_benchmark_top.$auto$alumacc.cc:485:replace_alu$2444.slice[9].carry: CO=1'0
Optimized $__ICE40_CARRY_WRAPPER cell back to logic (without SB_CARRY) conv1d_large_benchmark_top.$auto$alumacc.cc:485:replace_alu$2447.slice[9].carry: CO=1'0
Optimized $__ICE40_CARRY_WRAPPER cell back to logic (without SB_CARRY) conv1d_large_benchmark_top.$auto$alumacc.cc:485:replace_alu$2450.slice[9].carry: CO=1'0

8.33.56. Executing OPT_EXPR pass (perform const folding).
Optimizing module conv1d_large_benchmark_top.

8.33.57. Executing OPT_MERGE pass (detect identical cells).
Finding identical cells in module `\conv1d_large_benchmark_top'.
<suppressed ~18 debug messages>
Removed a total of 6 cells.

8.33.58. Executing OPT_DFF pass (perform DFF optimizations).

8.33.59. Executing OPT_CLEAN pass (remove unused cells and wires).
Finding unused cells or wires in module \conv1d_large_benchmark_top..

8.33.60. Rerunning OPT passes. (Removed registers in this run.)

8.33.61. Running ICE40 specific optimizations.
Optimized $__ICE40_CARRY_WRAPPER cell back to logic (without SB_CARRY) conv1d_large_benchmark_top.$auto$alumacc.cc:485:replace_alu$2444.slice[10].carry: CO=1'0
Optimized $__ICE40_CARRY_WRAPPER cell back to logic (without SB_CARRY) conv1d_large_benchmark_top.$auto$alumacc.cc:485:replace_alu$2447.slice[10].carry: CO=1'0
Optimized $__ICE40_CARRY_WRAPPER cell back to logic (without SB_CARRY) conv1d_large_benchmark_top.$auto$alumacc.cc:485:replace_alu$2450.slice[10].carry: CO=1'0

8.33.62. Executing OPT_EXPR pass (perform const folding).
Optimizing module conv1d_large_benchmark_top.

8.33.63. Executing OPT_MERGE pass (detect identical cells).
Finding identical cells in module `\conv1d_large_benchmark_top'.
<suppressed ~12 debug messages>
Removed a total of 4 cells.

8.33.64. Executing OPT_DFF pass (perform DFF optimizations).

8.33.65. Executing OPT_CLEAN pass (remove unused cells and wires).
Finding unused cells or wires in module \conv1d_large_benchmark_top..

8.33.66. Rerunning OPT passes. (Removed registers in this run.)

8.33.67. Running ICE40 specific optimizations.
Optimized $__ICE40_CARRY_WRAPPER cell back to logic (without SB_CARRY) conv1d_large_benchmark_top.$auto$alumacc.cc:485:replace_alu$2444.slice[11].carry: CO=1'0
Optimized $__ICE40_CARRY_WRAPPER cell back to logic (without SB_CARRY) conv1d_large_benchmark_top.$auto$alumacc.cc:485:replace_alu$2447.slice[11].carry: CO=1'0
Optimized $__ICE40_CARRY_WRAPPER cell back to logic (without SB_CARRY) conv1d_large_benchmark_top.$auto$alumacc.cc:485:replace_alu$2450.slice[11].carry: CO=1'0

8.33.68. Executing OPT_EXPR pass (perform const folding).
Optimizing module conv1d_large_benchmark_top.

8.33.69. Executing OPT_MERGE pass (detect identical cells).
Finding identical cells in module `\conv1d_large_benchmark_top'.
<suppressed ~24 debug messages>
Removed a total of 8 cells.

8.33.70. Executing OPT_DFF pass (perform DFF optimizations).

8.33.71. Executing OPT_CLEAN pass (remove unused cells and wires).
Finding unused cells or wires in module \conv1d_large_benchmark_top..

8.33.72. Rerunning OPT passes. (Removed registers in this run.)

8.33.73. Running ICE40 specific optimizations.
Optimized $__ICE40_CARRY_WRAPPER cell back to logic (without SB_CARRY) conv1d_large_benchmark_top.$auto$alumacc.cc:485:replace_alu$2444.slice[12].carry: CO=1'0
Optimized $__ICE40_CARRY_WRAPPER cell back to logic (without SB_CARRY) conv1d_large_benchmark_top.$auto$alumacc.cc:485:replace_alu$2447.slice[12].carry: CO=1'0
Optimized $__ICE40_CARRY_WRAPPER cell back to logic (without SB_CARRY) conv1d_large_benchmark_top.$auto$alumacc.cc:485:replace_alu$2450.slice[12].carry: CO=1'0

8.33.74. Executing OPT_EXPR pass (perform const folding).
Optimizing module conv1d_large_benchmark_top.

8.33.75. Executing OPT_MERGE pass (detect identical cells).
Finding identical cells in module `\conv1d_large_benchmark_top'.
<suppressed ~12 debug messages>
Removed a total of 4 cells.

8.33.76. Executing OPT_DFF pass (perform DFF optimizations).

8.33.77. Executing OPT_CLEAN pass (remove unused cells and wires).
Finding unused cells or wires in module \conv1d_large_benchmark_top..

8.33.78. Rerunning OPT passes. (Removed registers in this run.)

8.33.79. Running ICE40 specific optimizations.
Optimized $__ICE40_CARRY_WRAPPER cell back to logic (without SB_CARRY) conv1d_large_benchmark_top.$auto$alumacc.cc:485:replace_alu$2444.slice[13].carry: CO=1'0
Optimized $__ICE40_CARRY_WRAPPER cell back to logic (without SB_CARRY) conv1d_large_benchmark_top.$auto$alumacc.cc:485:replace_alu$2447.slice[13].carry: CO=1'0
Optimized $__ICE40_CARRY_WRAPPER cell back to logic (without SB_CARRY) conv1d_large_benchmark_top.$auto$alumacc.cc:485:replace_alu$2450.slice[13].carry: CO=1'0

8.33.80. Executing OPT_EXPR pass (perform const folding).
Optimizing module conv1d_large_benchmark_top.

8.33.81. Executing OPT_MERGE pass (detect identical cells).
Finding identical cells in module `\conv1d_large_benchmark_top'.
<suppressed ~18 debug messages>
Removed a total of 6 cells.

8.33.82. Executing OPT_DFF pass (perform DFF optimizations).

8.33.83. Executing OPT_CLEAN pass (remove unused cells and wires).
Finding unused cells or wires in module \conv1d_large_benchmark_top..

8.33.84. Rerunning OPT passes. (Removed registers in this run.)

8.33.85. Running ICE40 specific optimizations.
Optimized $__ICE40_CARRY_WRAPPER cell back to logic (without SB_CARRY) conv1d_large_benchmark_top.$auto$alumacc.cc:485:replace_alu$2444.slice[14].carry: CO=1'0
Optimized $__ICE40_CARRY_WRAPPER cell back to logic (without SB_CARRY) conv1d_large_benchmark_top.$auto$alumacc.cc:485:replace_alu$2447.slice[14].carry: CO=1'0
Optimized $__ICE40_CARRY_WRAPPER cell back to logic (without SB_CARRY) conv1d_large_benchmark_top.$auto$alumacc.cc:485:replace_alu$2450.slice[14].carry: CO=1'0

8.33.86. Executing OPT_EXPR pass (perform const folding).
Optimizing module conv1d_large_benchmark_top.

8.33.87. Executing OPT_MERGE pass (detect identical cells).
Finding identical cells in module `\conv1d_large_benchmark_top'.
<suppressed ~18 debug messages>
Removed a total of 6 cells.

8.33.88. Executing OPT_DFF pass (perform DFF optimizations).

8.33.89. Executing OPT_CLEAN pass (remove unused cells and wires).
Finding unused cells or wires in module \conv1d_large_benchmark_top..
Removed 0 unused cells and 1 unused wires.
<suppressed ~1 debug messages>

8.33.90. Rerunning OPT passes. (Removed registers in this run.)

8.33.91. Running ICE40 specific optimizations.
Optimized $__ICE40_CARRY_WRAPPER cell back to logic (without SB_CARRY) conv1d_large_benchmark_top.$auto$alumacc.cc:485:replace_alu$2444.slice[15].carry: CO=1'0
Optimized $__ICE40_CARRY_WRAPPER cell back to logic (without SB_CARRY) conv1d_large_benchmark_top.$auto$alumacc.cc:485:replace_alu$2450.slice[15].carry: CO=1'0

8.33.92. Executing OPT_EXPR pass (perform const folding).
Optimizing module conv1d_large_benchmark_top.

8.33.93. Executing OPT_MERGE pass (detect identical cells).
Finding identical cells in module `\conv1d_large_benchmark_top'.
<suppressed ~48 debug messages>
Removed a total of 16 cells.

8.33.94. Executing OPT_DFF pass (perform DFF optimizations).

8.33.95. Executing OPT_CLEAN pass (remove unused cells and wires).
Finding unused cells or wires in module \conv1d_large_benchmark_top..
Removed 0 unused cells and 11 unused wires.
<suppressed ~1 debug messages>

8.33.96. Rerunning OPT passes. (Removed registers in this run.)

8.33.97. Running ICE40 specific optimizations.

8.33.98. Executing OPT_EXPR pass (perform const folding).
Optimizing module conv1d_large_benchmark_top.

8.33.99. Executing OPT_MERGE pass (detect identical cells).
Finding identical cells in module `\conv1d_large_benchmark_top'.
Removed a total of 0 cells.

8.33.100. Executing OPT_DFF pass (perform DFF optimizations).

8.33.101. Executing OPT_CLEAN pass (remove unused cells and wires).
Finding unused cells or wires in module \conv1d_large_benchmark_top..

8.33.102. Finished OPT passes. (There is nothing left to do.)

8.34. Executing DFFLEGALIZE pass (convert FFs to types supported by the target).

8.35. Executing TECHMAP pass (map to technology primitives).

8.35.1. Executing Verilog-2005 frontend: /opt/homebrew/bin/../share/yosys/ice40/ff_map.v
Parsing Verilog input from `/opt/homebrew/bin/../share/yosys/ice40/ff_map.v' to AST representation.
Generating RTLIL representation for module `\$_DFF_N_'.
Generating RTLIL representation for module `\$_DFF_P_'.
Generating RTLIL representation for module `\$_DFFE_NP_'.
Generating RTLIL representation for module `\$_DFFE_PP_'.
Generating RTLIL representation for module `\$_DFF_NP0_'.
Generating RTLIL representation for module `\$_DFF_NP1_'.
Generating RTLIL representation for module `\$_DFF_PP0_'.
Generating RTLIL representation for module `\$_DFF_PP1_'.
Generating RTLIL representation for module `\$_DFFE_NP0P_'.
Generating RTLIL representation for module `\$_DFFE_NP1P_'.
Generating RTLIL representation for module `\$_DFFE_PP0P_'.
Generating RTLIL representation for module `\$_DFFE_PP1P_'.
Generating RTLIL representation for module `\$_SDFF_NP0_'.
Generating RTLIL representation for module `\$_SDFF_NP1_'.
Generating RTLIL representation for module `\$_SDFF_PP0_'.
Generating RTLIL representation for module `\$_SDFF_PP1_'.
Generating RTLIL representation for module `\$_SDFFCE_NP0P_'.
Generating RTLIL representation for module `\$_SDFFCE_NP1P_'.
Generating RTLIL representation for module `\$_SDFFCE_PP0P_'.
Generating RTLIL representation for module `\$_SDFFCE_PP1P_'.
Successfully finished Verilog frontend.

8.35.2. Continuing TECHMAP pass.
Using template \$_SDFFCE_PP0P_ for cells of type $_SDFFCE_PP0P_.
Using template \$_SDFF_PP0_ for cells of type $_SDFF_PP0_.
No more expansions possible.
<suppressed ~342 debug messages>

8.36. Executing OPT_EXPR pass (perform const folding).
Optimizing module conv1d_large_benchmark_top.

8.37. Executing SIMPLEMAP pass (map simple cells to gate primitives).
Mapping conv1d_large_benchmark_top.$auto$alumacc.cc:485:replace_alu$2444.slice[10].carry ($lut).
Mapping conv1d_large_benchmark_top.$auto$alumacc.cc:485:replace_alu$2444.slice[11].carry ($lut).
Mapping conv1d_large_benchmark_top.$auto$alumacc.cc:485:replace_alu$2444.slice[12].carry ($lut).
Mapping conv1d_large_benchmark_top.$auto$alumacc.cc:485:replace_alu$2444.slice[13].carry ($lut).
Mapping conv1d_large_benchmark_top.$auto$alumacc.cc:485:replace_alu$2444.slice[14].carry ($lut).
Mapping conv1d_large_benchmark_top.$auto$alumacc.cc:485:replace_alu$2444.slice[15].carry ($lut).
Mapping conv1d_large_benchmark_top.$auto$alumacc.cc:485:replace_alu$2444.slice[16].carry ($lut).
Mapping conv1d_large_benchmark_top.$auto$alumacc.cc:485:replace_alu$2444.slice[2].carry ($lut).
Mapping conv1d_large_benchmark_top.$auto$alumacc.cc:485:replace_alu$2444.slice[3].carry ($lut).
Mapping conv1d_large_benchmark_top.$auto$alumacc.cc:485:replace_alu$2444.slice[4].carry ($lut).
Mapping conv1d_large_benchmark_top.$auto$alumacc.cc:485:replace_alu$2444.slice[5].carry ($lut).
Mapping conv1d_large_benchmark_top.$auto$alumacc.cc:485:replace_alu$2444.slice[6].carry ($lut).
Mapping conv1d_large_benchmark_top.$auto$alumacc.cc:485:replace_alu$2444.slice[7].carry ($lut).
Mapping conv1d_large_benchmark_top.$auto$alumacc.cc:485:replace_alu$2444.slice[8].carry ($lut).
Mapping conv1d_large_benchmark_top.$auto$alumacc.cc:485:replace_alu$2444.slice[9].carry ($lut).
Mapping conv1d_large_benchmark_top.$auto$alumacc.cc:485:replace_alu$2450.slice[1].carry ($lut).
Mapping conv1d_large_benchmark_top.$auto$alumacc.cc:485:replace_alu$2456.slice[14].carry ($lut).
Mapping conv1d_large_benchmark_top.$auto$alumacc.cc:485:replace_alu$2459.slice[0].carry ($lut).
Mapping conv1d_large_benchmark_top.$auto$maccmap.cc:240:synth$2591.slice[0].carry ($lut).
Mapping conv1d_large_benchmark_top.$auto$maccmap.cc:240:synth$2591.slice[1].carry ($lut).
Mapping conv1d_large_benchmark_top.$auto$maccmap.cc:240:synth$2591.slice[2].carry ($lut).
Mapping conv1d_large_benchmark_top.$auto$maccmap.cc:240:synth$2720.slice[0].carry ($lut).
Mapping conv1d_large_benchmark_top.$auto$maccmap.cc:240:synth$2720.slice[1].carry ($lut).
Mapping conv1d_large_benchmark_top.$auto$maccmap.cc:240:synth$2748.slice[0].carry ($lut).
Mapping conv1d_large_benchmark_top.$auto$maccmap.cc:240:synth$2748.slice[1].carry ($lut).
Mapping conv1d_large_benchmark_top.$auto$maccmap.cc:240:synth$2748.slice[2].carry ($lut).
Mapping conv1d_large_benchmark_top.$auto$maccmap.cc:240:synth$2779.slice[0].carry ($lut).
Mapping conv1d_large_benchmark_top.$auto$maccmap.cc:240:synth$2779.slice[1].carry ($lut).

8.38. Executing ICE40_OPT pass (performing simple optimizations).

8.38.1. Running ICE40 specific optimizations.

8.38.2. Executing OPT_EXPR pass (perform const folding).
Optimizing module conv1d_large_benchmark_top.
<suppressed ~1304 debug messages>

8.38.3. Executing OPT_MERGE pass (detect identical cells).
Finding identical cells in module `\conv1d_large_benchmark_top'.
<suppressed ~1239 debug messages>
Removed a total of 413 cells.

8.38.4. Executing OPT_DFF pass (perform DFF optimizations).

8.38.5. Executing OPT_CLEAN pass (remove unused cells and wires).
Finding unused cells or wires in module \conv1d_large_benchmark_top..
Removed 13 unused cells and 2519 unused wires.
<suppressed ~14 debug messages>

8.38.6. Rerunning OPT passes. (Removed registers in this run.)

8.38.7. Running ICE40 specific optimizations.
Optimized $__ICE40_CARRY_WRAPPER cell back to logic (without SB_CARRY) conv1d_large_benchmark_top.$auto$alumacc.cc:485:replace_alu$2391.slice[16].carry: CO=$auto$alumacc.cc:485:replace_alu$2391.C [16]
Optimized $__ICE40_CARRY_WRAPPER cell back to logic (without SB_CARRY) conv1d_large_benchmark_top.$auto$alumacc.cc:485:replace_alu$2391.slice[1].carry: CO=1'0
Optimized $__ICE40_CARRY_WRAPPER cell back to logic (without SB_CARRY) conv1d_large_benchmark_top.$auto$alumacc.cc:485:replace_alu$2402.slice[16].carry: CO=$auto$alumacc.cc:485:replace_alu$2402.C [16]
Optimized $__ICE40_CARRY_WRAPPER cell back to logic (without SB_CARRY) conv1d_large_benchmark_top.$auto$alumacc.cc:485:replace_alu$2402.slice[2].carry: CO=1'0
Optimized $__ICE40_CARRY_WRAPPER cell back to logic (without SB_CARRY) conv1d_large_benchmark_top.$auto$alumacc.cc:485:replace_alu$2413.slice[16].carry: CO=$auto$alumacc.cc:485:replace_alu$2413.C [16]
Optimized $__ICE40_CARRY_WRAPPER cell back to logic (without SB_CARRY) conv1d_large_benchmark_top.$auto$alumacc.cc:485:replace_alu$2413.slice[1].carry: CO=1'0
Optimized $__ICE40_CARRY_WRAPPER cell back to logic (without SB_CARRY) conv1d_large_benchmark_top.$auto$maccmap.cc:240:synth$2720.slice[2].carry: CO=1'0

8.38.8. Executing OPT_EXPR pass (perform const folding).
Optimizing module conv1d_large_benchmark_top.

8.38.9. Executing OPT_MERGE pass (detect identical cells).
Finding identical cells in module `\conv1d_large_benchmark_top'.
Removed a total of 0 cells.

8.38.10. Executing OPT_DFF pass (perform DFF optimizations).

8.38.11. Executing OPT_CLEAN pass (remove unused cells and wires).
Finding unused cells or wires in module \conv1d_large_benchmark_top..
Removed 6 unused cells and 3 unused wires.
<suppressed ~7 debug messages>

8.38.12. Rerunning OPT passes. (Removed registers in this run.)

8.38.13. Running ICE40 specific optimizations.
Optimized $__ICE40_CARRY_WRAPPER cell back to logic (without SB_CARRY) conv1d_large_benchmark_top.$auto$alumacc.cc:485:replace_alu$2391.slice[2].carry: CO=1'0
Optimized $__ICE40_CARRY_WRAPPER cell back to logic (without SB_CARRY) conv1d_large_benchmark_top.$auto$alumacc.cc:485:replace_alu$2402.slice[3].carry: CO=1'0
Optimized $__ICE40_CARRY_WRAPPER cell back to logic (without SB_CARRY) conv1d_large_benchmark_top.$auto$alumacc.cc:485:replace_alu$2413.slice[2].carry: CO=1'0

8.38.14. Executing OPT_EXPR pass (perform const folding).
Optimizing module conv1d_large_benchmark_top.

8.38.15. Executing OPT_MERGE pass (detect identical cells).
Finding identical cells in module `\conv1d_large_benchmark_top'.
<suppressed ~3 debug messages>
Removed a total of 1 cells.

8.38.16. Executing OPT_DFF pass (perform DFF optimizations).

8.38.17. Executing OPT_CLEAN pass (remove unused cells and wires).
Finding unused cells or wires in module \conv1d_large_benchmark_top..
Removed 2 unused cells and 0 unused wires.
<suppressed ~2 debug messages>

8.38.18. Rerunning OPT passes. (Removed registers in this run.)

8.38.19. Running ICE40 specific optimizations.
Optimized $__ICE40_CARRY_WRAPPER cell back to logic (without SB_CARRY) conv1d_large_benchmark_top.$auto$alumacc.cc:485:replace_alu$2391.slice[3].carry: CO=1'0
Optimized $__ICE40_CARRY_WRAPPER cell back to logic (without SB_CARRY) conv1d_large_benchmark_top.$auto$alumacc.cc:485:replace_alu$2402.slice[4].carry: CO=1'0
Optimized $__ICE40_CARRY_WRAPPER cell back to logic (without SB_CARRY) conv1d_large_benchmark_top.$auto$alumacc.cc:485:replace_alu$2413.slice[3].carry: CO=1'0

8.38.20. Executing OPT_EXPR pass (perform const folding).
Optimizing module conv1d_large_benchmark_top.

8.38.21. Executing OPT_MERGE pass (detect identical cells).
Finding identical cells in module `\conv1d_large_benchmark_top'.
<suppressed ~3 debug messages>
Removed a total of 1 cells.

8.38.22. Executing OPT_DFF pass (perform DFF optimizations).

8.38.23. Executing OPT_CLEAN pass (remove unused cells and wires).
Finding unused cells or wires in module \conv1d_large_benchmark_top..
Removed 2 unused cells and 0 unused wires.
<suppressed ~2 debug messages>

8.38.24. Rerunning OPT passes. (Removed registers in this run.)

8.38.25. Running ICE40 specific optimizations.
Optimized $__ICE40_CARRY_WRAPPER cell back to logic (without SB_CARRY) conv1d_large_benchmark_top.$auto$alumacc.cc:485:replace_alu$2391.slice[4].carry: CO=1'0
Optimized $__ICE40_CARRY_WRAPPER cell back to logic (without SB_CARRY) conv1d_large_benchmark_top.$auto$alumacc.cc:485:replace_alu$2402.slice[5].carry: CO=$auto$alumacc.cc:485:replace_alu$2391.BB [5]
Optimized $__ICE40_CARRY_WRAPPER cell back to logic (without SB_CARRY) conv1d_large_benchmark_top.$auto$alumacc.cc:485:replace_alu$2413.slice[4].carry: CO=1'0

8.38.26. Executing OPT_EXPR pass (perform const folding).
Optimizing module conv1d_large_benchmark_top.

8.38.27. Executing OPT_MERGE pass (detect identical cells).
Finding identical cells in module `\conv1d_large_benchmark_top'.
<suppressed ~3 debug messages>
Removed a total of 1 cells.

8.38.28. Executing OPT_DFF pass (perform DFF optimizations).

8.38.29. Executing OPT_CLEAN pass (remove unused cells and wires).
Finding unused cells or wires in module \conv1d_large_benchmark_top..
Removed 2 unused cells and 0 unused wires.
<suppressed ~2 debug messages>

8.38.30. Rerunning OPT passes. (Removed registers in this run.)

8.38.31. Running ICE40 specific optimizations.
Optimized $__ICE40_CARRY_WRAPPER cell back to logic (without SB_CARRY) conv1d_large_benchmark_top.$auto$alumacc.cc:485:replace_alu$2391.slice[5].carry: CO=$auto$alumacc.cc:485:replace_alu$2391.BB [5]
Optimized $__ICE40_CARRY_WRAPPER cell back to logic (without SB_CARRY) conv1d_large_benchmark_top.$auto$alumacc.cc:485:replace_alu$2413.slice[5].carry: CO=$auto$alumacc.cc:485:replace_alu$2391.BB [5]

8.38.32. Executing OPT_EXPR pass (perform const folding).
Optimizing module conv1d_large_benchmark_top.

8.38.33. Executing OPT_MERGE pass (detect identical cells).
Finding identical cells in module `\conv1d_large_benchmark_top'.
<suppressed ~3 debug messages>
Removed a total of 1 cells.

8.38.34. Executing OPT_DFF pass (perform DFF optimizations).

8.38.35. Executing OPT_CLEAN pass (remove unused cells and wires).
Finding unused cells or wires in module \conv1d_large_benchmark_top..
Removed 1 unused cells and 0 unused wires.
<suppressed ~1 debug messages>

8.38.36. Rerunning OPT passes. (Removed registers in this run.)

8.38.37. Running ICE40 specific optimizations.

8.38.38. Executing OPT_EXPR pass (perform const folding).
Optimizing module conv1d_large_benchmark_top.

8.38.39. Executing OPT_MERGE pass (detect identical cells).
Finding identical cells in module `\conv1d_large_benchmark_top'.
Removed a total of 0 cells.

8.38.40. Executing OPT_DFF pass (perform DFF optimizations).

8.38.41. Executing OPT_CLEAN pass (remove unused cells and wires).
Finding unused cells or wires in module \conv1d_large_benchmark_top..

8.38.42. Finished OPT passes. (There is nothing left to do.)

8.39. Executing TECHMAP pass (map to technology primitives).

8.39.1. Executing Verilog-2005 frontend: /opt/homebrew/bin/../share/yosys/ice40/latches_map.v
Parsing Verilog input from `/opt/homebrew/bin/../share/yosys/ice40/latches_map.v' to AST representation.
Generating RTLIL representation for module `\$_DLATCH_N_'.
Generating RTLIL representation for module `\$_DLATCH_P_'.
Successfully finished Verilog frontend.

8.39.2. Continuing TECHMAP pass.
No more expansions possible.
<suppressed ~4 debug messages>

8.40. Executing Verilog-2005 frontend: /opt/homebrew/bin/../share/yosys/ice40/abc9_model.v
Parsing Verilog input from `/opt/homebrew/bin/../share/yosys/ice40/abc9_model.v' to AST representation.
Generating RTLIL representation for module `$__ICE40_CARRY_WRAPPER'.
Successfully finished Verilog frontend.

8.41. Executing ABC9 pass.

8.41.1. Executing ABC9_OPS pass (helper functions for ABC9).

8.41.2. Executing ABC9_OPS pass (helper functions for ABC9).

8.41.3. Executing SCC pass (detecting logic loops).
Found 0 SCCs in module conv1d_large_benchmark_top.
Found 0 SCCs.

8.41.4. Executing ABC9_OPS pass (helper functions for ABC9).

8.41.5. Executing PROC pass (convert processes to netlists).

8.41.5.1. Executing PROC_CLEAN pass (remove empty switches from decision trees).
Cleaned up 0 empty switches.

8.41.5.2. Executing PROC_RMDEAD pass (remove dead branches from decision trees).
Removed a total of 0 dead cases.

8.41.5.3. Executing PROC_PRUNE pass (remove redundant assignments in processes).
Removed 0 redundant assignments.
Promoted 0 assignments to connections.

8.41.5.4. Executing PROC_INIT pass (extract init attributes).

8.41.5.5. Executing PROC_ARST pass (detect async resets in processes).

8.41.5.6. Executing PROC_ROM pass (convert switches to ROMs).
Converted 0 switches.

8.41.5.7. Executing PROC_MUX pass (convert decision trees to multiplexers).

8.41.5.8. Executing PROC_DLATCH pass (convert process syncs to latches).

8.41.5.9. Executing PROC_DFF pass (convert process syncs to FFs).

8.41.5.10. Executing PROC_MEMWR pass (convert process memory writes to cells).

8.41.5.11. Executing PROC_CLEAN pass (remove empty switches from decision trees).
Cleaned up 0 empty switches.

8.41.5.12. Executing OPT_EXPR pass (perform const folding).

8.41.6. Executing TECHMAP pass (map to technology primitives).

8.41.6.1. Executing Verilog-2005 frontend: /opt/homebrew/bin/../share/yosys/techmap.v
Parsing Verilog input from `/opt/homebrew/bin/../share/yosys/techmap.v' to AST representation.
Generating RTLIL representation for module `\_90_simplemap_bool_ops'.
Generating RTLIL representation for module `\_90_simplemap_reduce_ops'.
Generating RTLIL representation for module `\_90_simplemap_logic_ops'.
Generating RTLIL representation for module `\_90_simplemap_compare_ops'.
Generating RTLIL representation for module `\_90_simplemap_various'.
Generating RTLIL representation for module `\_90_simplemap_registers'.
Generating RTLIL representation for module `\_90_shift_ops_shr_shl_sshl_sshr'.
Generating RTLIL representation for module `\_90_shift_shiftx'.
Generating RTLIL representation for module `\_90_fa'.
Generating RTLIL representation for module `\_90_lcu_brent_kung'.
Generating RTLIL representation for module `\_90_alu'.
Generating RTLIL representation for module `\_90_macc'.
Generating RTLIL representation for module `\_90_alumacc'.
Generating RTLIL representation for module `\$__div_mod_u'.
Generating RTLIL representation for module `\$__div_mod_trunc'.
Generating RTLIL representation for module `\_90_div'.
Generating RTLIL representation for module `\_90_mod'.
Generating RTLIL representation for module `\$__div_mod_floor'.
Generating RTLIL representation for module `\_90_divfloor'.
Generating RTLIL representation for module `\_90_modfloor'.
Generating RTLIL representation for module `\_90_pow'.
Generating RTLIL representation for module `\_90_pmux'.
Generating RTLIL representation for module `\_90_demux'.
Generating RTLIL representation for module `\_90_lut'.
Successfully finished Verilog frontend.

8.41.6.2. Continuing TECHMAP pass.
No more expansions possible.
<suppressed ~126 debug messages>

8.41.7. Executing OPT pass (performing simple optimizations).

8.41.7.1. Executing OPT_EXPR pass (perform const folding).

8.41.7.2. Executing OPT_MERGE pass (detect identical cells).
Removed a total of 0 cells.

8.41.7.3. Executing OPT_MUXTREE pass (detect dead branches in mux trees).
Removed 0 multiplexer ports.

8.41.7.4. Executing OPT_REDUCE pass (consolidate $*mux and $reduce_* inputs).
Performed a total of 0 changes.

8.41.7.5. Executing OPT_MERGE pass (detect identical cells).
Removed a total of 0 cells.

8.41.7.6. Executing OPT_DFF pass (perform DFF optimizations).

8.41.7.7. Executing OPT_CLEAN pass (remove unused cells and wires).

8.41.7.8. Executing OPT_EXPR pass (perform const folding).

8.41.7.9. Finished OPT passes. (There is nothing left to do.)

8.41.8. Executing TECHMAP pass (map to technology primitives).

8.41.8.1. Executing Verilog-2005 frontend: /opt/homebrew/bin/../share/yosys/abc9_map.v
Parsing Verilog input from `/opt/homebrew/bin/../share/yosys/abc9_map.v' to AST representation.
Successfully finished Verilog frontend.

8.41.8.2. Continuing TECHMAP pass.
No more expansions possible.
<suppressed ~2 debug messages>

8.41.9. Executing Verilog-2005 frontend: /opt/homebrew/bin/../share/yosys/abc9_model.v
Parsing Verilog input from `/opt/homebrew/bin/../share/yosys/abc9_model.v' to AST representation.
Generating RTLIL representation for module `$__ABC9_DELAY'.
Generating RTLIL representation for module `$__ABC9_SCC_BREAKER'.
Generating RTLIL representation for module `$__DFF_N__$abc9_flop'.
Generating RTLIL representation for module `$__DFF_P__$abc9_flop'.
Successfully finished Verilog frontend.

8.41.10. Executing ABC9_OPS pass (helper functions for ABC9).
<suppressed ~642 debug messages>

8.41.11. Executing ABC9_OPS pass (helper functions for ABC9).

8.41.12. Executing ABC9_OPS pass (helper functions for ABC9).
<suppressed ~2 debug messages>

8.41.13. Executing TECHMAP pass (map to technology primitives).

8.41.13.1. Executing Verilog-2005 frontend: /opt/homebrew/bin/../share/yosys/techmap.v
Parsing Verilog input from `/opt/homebrew/bin/../share/yosys/techmap.v' to AST representation.
Generating RTLIL representation for module `\_90_simplemap_bool_ops'.
Generating RTLIL representation for module `\_90_simplemap_reduce_ops'.
Generating RTLIL representation for module `\_90_simplemap_logic_ops'.
Generating RTLIL representation for module `\_90_simplemap_compare_ops'.
Generating RTLIL representation for module `\_90_simplemap_various'.
Generating RTLIL representation for module `\_90_simplemap_registers'.
Generating RTLIL representation for module `\_90_shift_ops_shr_shl_sshl_sshr'.
Generating RTLIL representation for module `\_90_shift_shiftx'.
Generating RTLIL representation for module `\_90_fa'.
Generating RTLIL representation for module `\_90_lcu_brent_kung'.
Generating RTLIL representation for module `\_90_alu'.
Generating RTLIL representation for module `\_90_macc'.
Generating RTLIL representation for module `\_90_alumacc'.
Generating RTLIL representation for module `\$__div_mod_u'.
Generating RTLIL representation for module `\$__div_mod_trunc'.
Generating RTLIL representation for module `\_90_div'.
Generating RTLIL representation for module `\_90_mod'.
Generating RTLIL representation for module `\$__div_mod_floor'.
Generating RTLIL representation for module `\_90_divfloor'.
Generating RTLIL representation for module `\_90_modfloor'.
Generating RTLIL representation for module `\_90_pow'.
Generating RTLIL representation for module `\_90_pmux'.
Generating RTLIL representation for module `\_90_demux'.
Generating RTLIL representation for module `\_90_lut'.
Successfully finished Verilog frontend.

8.41.13.2. Continuing TECHMAP pass.
Using template $paramod$__ICE40_CARRY_WRAPPER\LUT=16'0110100110010110\I3_IS_CI=1'1 for cells of type $paramod$__ICE40_CARRY_WRAPPER\LUT=16'0110100110010110\I3_IS_CI=1'1.
Using template SB_CARRY for cells of type SB_CARRY.
Using template $paramod\SB_LUT4\LUT_INIT=16'0110100110010110 for cells of type SB_LUT4.
Using extmapper simplemap for cells of type $mux.
Using extmapper simplemap for cells of type $logic_or.
Using extmapper simplemap for cells of type $logic_and.
No more expansions possible.
<suppressed ~147 debug messages>

8.41.14. Executing OPT pass (performing simple optimizations).

8.41.14.1. Executing OPT_EXPR pass (perform const folding).
Optimizing module conv1d_large_benchmark_top.
<suppressed ~4 debug messages>

8.41.14.2. Executing OPT_MERGE pass (detect identical cells).
Finding identical cells in module `\conv1d_large_benchmark_top'.
<suppressed ~29 debug messages>
Removed a total of 12 cells.

8.41.14.3. Executing OPT_MUXTREE pass (detect dead branches in mux trees).
Running muxtree optimizer on module \conv1d_large_benchmark_top..
  Creating internal representation of mux trees.
  No muxes found in this module.
Removed 0 multiplexer ports.

8.41.14.4. Executing OPT_REDUCE pass (consolidate $*mux and $reduce_* inputs).
  Optimizing cells in module \conv1d_large_benchmark_top.
Performed a total of 0 changes.

8.41.14.5. Executing OPT_MERGE pass (detect identical cells).
Finding identical cells in module `\conv1d_large_benchmark_top'.
Removed a total of 0 cells.

8.41.14.6. Executing OPT_DFF pass (perform DFF optimizations).

8.41.14.7. Executing OPT_CLEAN pass (remove unused cells and wires).
Finding unused cells or wires in module \conv1d_large_benchmark_top..
Removed 0 unused cells and 24 unused wires.
<suppressed ~1 debug messages>

8.41.14.8. Executing OPT_EXPR pass (perform const folding).
Optimizing module conv1d_large_benchmark_top.

8.41.14.9. Rerunning OPT passes. (Maybe there is more to do..)

8.41.14.10. Executing OPT_MUXTREE pass (detect dead branches in mux trees).
Running muxtree optimizer on module \conv1d_large_benchmark_top..
  Creating internal representation of mux trees.
  No muxes found in this module.
Removed 0 multiplexer ports.

8.41.14.11. Executing OPT_REDUCE pass (consolidate $*mux and $reduce_* inputs).
  Optimizing cells in module \conv1d_large_benchmark_top.
Performed a total of 0 changes.

8.41.14.12. Executing OPT_MERGE pass (detect identical cells).
Finding identical cells in module `\conv1d_large_benchmark_top'.
Removed a total of 0 cells.

8.41.14.13. Executing OPT_DFF pass (perform DFF optimizations).

8.41.14.14. Executing OPT_CLEAN pass (remove unused cells and wires).
Finding unused cells or wires in module \conv1d_large_benchmark_top..

8.41.14.15. Executing OPT_EXPR pass (perform const folding).
Optimizing module conv1d_large_benchmark_top.

8.41.14.16. Finished OPT passes. (There is nothing left to do.)

8.41.15. Executing AIGMAP pass (map logic to AIG).
Module conv1d_large_benchmark_top: replaced 7 cells with 43 new cells, skipped 11 cells.
  replaced 2 cell types:
       2 $_OR_
       5 $_MUX_
  not replaced 3 cell types:
       8 $specify2
       1 $_NOT_
       2 $_AND_

8.41.16. Executing AIGMAP pass (map logic to AIG).
Module conv1d_large_benchmark_top: replaced 636 cells with 3561 new cells, skipped 1716 cells.
  replaced 3 cell types:
     297 $_OR_
     210 $_XOR_
     129 $_MUX_
  not replaced 9 cell types:
       1 $lut
       2 $scopeinfo
      50 $_NOT_
     523 $_AND_
       2 SB_DFFSR
     318 SB_DFFESR
     320 $paramod$__ABC9_DELAY\DELAY=32'00000000000000000000000000010101
     180 $paramod$__ICE40_CARRY_WRAPPER\LUT=16'0110100110010110\I3_IS_CI=1'1
     320 $paramod$__ABC9_DELAY\DELAY=32'00000000000000000000000011001011

8.41.16.1. Executing ABC9_OPS pass (helper functions for ABC9).

8.41.16.2. Executing ABC9_OPS pass (helper functions for ABC9).

8.41.16.3. Executing XAIGER backend.
<suppressed ~331 debug messages>
Extracted 1837 AND gates and 5604 wires from module `conv1d_large_benchmark_top' to a netlist network with 332 inputs and 671 outputs.

8.41.16.4. Executing ABC9_EXE pass (technology mapping using ABC9).

8.41.16.5. Executing ABC9.
Running ABC command: "<yosys-exe-dir>/yosys-abc" -s -f <abc-temp-dir>/abc.script 2>&1
ABC: ABC command line: "source <abc-temp-dir>/abc.script".
ABC: 
ABC: + read_lut <abc-temp-dir>/input.lut 
ABC: + read_box <abc-temp-dir>/input.box 
ABC: + &read <abc-temp-dir>/input.xaig 
ABC: + &ps 
ABC: <abc-temp-dir>/input : i/o =    332/    671  and =    1540  lev =   32 (1.37)  mem = 0.07 MB  box = 820  bb = 640
ABC: + &scorr 
ABC: Warning: The network is combinational.
ABC: + &sweep 
ABC: + &dc2 
ABC: + &dch -f 
ABC: + &ps 
ABC: <abc-temp-dir>/input : i/o =    332/    671  and =    1473  lev =   26 (0.59)  mem = 0.06 MB  ch =  113  box = 715  bb = 640
ABC: + &if -W 250 -v 
ABC: K = 4. Memory (bytes): Truth =    0. Cut =   52. Obj =  136. Set =  564. CutMin = no
ABC: Node =    1473.  Ch =    75.  Total mem =    0.62 MB. Peak cut mem =    0.03 MB.
ABC: P:  Del = 11985.00.  Ar =     574.0.  Edge =     2151.  Cut =    10223.  T =     0.00 sec
ABC: P:  Del = 11985.00.  Ar =     546.0.  Edge =     2085.  Cut =     9816.  T =     0.00 sec
ABC: P:  Del = 11985.00.  Ar =     518.0.  Edge =     1806.  Cut =    10242.  T =     0.00 sec
ABC: F:  Del = 11985.00.  Ar =     438.0.  Edge =     1556.  Cut =     7375.  T =     0.00 sec
ABC: A:  Del = 11985.00.  Ar =     418.0.  Edge =     1384.  Cut =     7650.  T =     0.00 sec
ABC: A:  Del = 11985.00.  Ar =     417.0.  Edge =     1375.  Cut =     7641.  T =     0.00 sec
ABC: Total time =     0.01 sec
ABC: + &write -n <abc-temp-dir>/output.aig 
ABC: + &mfs 
ABC: + &ps -l 
ABC: <abc-temp-dir>/input : i/o =    332/    671  and =    1211  lev =   28 (0.54)  mem = 0.06 MB  box = 715  bb = 640
ABC: Mapping (K=4)  :  lut =    380  edge =    1203  lev =   10 (0.26)  Boxes are not in a topological order. Switching to level computation without boxes.
ABC: levB =   28  mem = 0.02 MB
ABC: LUT = 380 : 2=111 29.2 %  3=95 25.0 %  4=174 45.8 %  Ave = 3.17
ABC: + &write -n <abc-temp-dir>/output.aig 
ABC: + time 
ABC: elapse: 1.01 seconds, total: 1.01 seconds

8.41.16.6. Executing AIGER frontend.
<suppressed ~2123 debug messages>
Removed 1683 unused cells and 4494 unused wires.

8.41.16.7. Executing ABC9_OPS pass (helper functions for ABC9).
ABC RESULTS:              $lut cells:      395
ABC RESULTS:   $paramod$__ICE40_CARRY_WRAPPER\LUT=16'0110100110010110\I3_IS_CI=1'1 cells:       75
ABC RESULTS:           input signals:       40
ABC RESULTS:          output signals:      648
Removing temp directory.

8.41.17. Executing TECHMAP pass (map to technology primitives).

8.41.17.1. Executing Verilog-2005 frontend: /opt/homebrew/bin/../share/yosys/abc9_unmap.v
Parsing Verilog input from `/opt/homebrew/bin/../share/yosys/abc9_unmap.v' to AST representation.
Generating RTLIL representation for module `\$__DFF_x__$abc9_flop'.
Generating RTLIL representation for module `\$__ABC9_SCC_BREAKER'.
Successfully finished Verilog frontend.

8.41.17.2. Continuing TECHMAP pass.
Using template $paramod$__ICE40_CARRY_WRAPPER\LUT=16'0110100110010110\I3_IS_CI=1'1 for cells of type $paramod$__ICE40_CARRY_WRAPPER\LUT=16'0110100110010110\I3_IS_CI=1'1.
No more expansions possible.
<suppressed ~81 debug messages>

8.42. Executing ICE40_WRAPCARRY pass (wrap carries).

8.43. Executing TECHMAP pass (map to technology primitives).

8.43.1. Executing Verilog-2005 frontend: /opt/homebrew/bin/../share/yosys/ice40/ff_map.v
Parsing Verilog input from `/opt/homebrew/bin/../share/yosys/ice40/ff_map.v' to AST representation.
Generating RTLIL representation for module `\$_DFF_N_'.
Generating RTLIL representation for module `\$_DFF_P_'.
Generating RTLIL representation for module `\$_DFFE_NP_'.
Generating RTLIL representation for module `\$_DFFE_PP_'.
Generating RTLIL representation for module `\$_DFF_NP0_'.
Generating RTLIL representation for module `\$_DFF_NP1_'.
Generating RTLIL representation for module `\$_DFF_PP0_'.
Generating RTLIL representation for module `\$_DFF_PP1_'.
Generating RTLIL representation for module `\$_DFFE_NP0P_'.
Generating RTLIL representation for module `\$_DFFE_NP1P_'.
Generating RTLIL representation for module `\$_DFFE_PP0P_'.
Generating RTLIL representation for module `\$_DFFE_PP1P_'.
Generating RTLIL representation for module `\$_SDFF_NP0_'.
Generating RTLIL representation for module `\$_SDFF_NP1_'.
Generating RTLIL representation for module `\$_SDFF_PP0_'.
Generating RTLIL representation for module `\$_SDFF_PP1_'.
Generating RTLIL representation for module `\$_SDFFCE_NP0P_'.
Generating RTLIL representation for module `\$_SDFFCE_NP1P_'.
Generating RTLIL representation for module `\$_SDFFCE_PP0P_'.
Generating RTLIL representation for module `\$_SDFFCE_PP1P_'.
Successfully finished Verilog frontend.

8.43.2. Continuing TECHMAP pass.
No more expansions possible.
<suppressed ~22 debug messages>
Removed 51 unused cells and 5997 unused wires.

8.44. Executing OPT_LUT pass (optimize LUTs).
Discovering LUTs.
Number of LUTs:      456
  1-LUT               16
  2-LUT              111
  3-LUT              155
  4-LUT              174
  with \SB_CARRY    (#0)   56
  with \SB_CARRY    (#1)   56

Eliminating LUTs.
Number of LUTs:      455
  1-LUT               15
  2-LUT              111
  3-LUT              155
  4-LUT              174
  with \SB_CARRY    (#0)   56
  with \SB_CARRY    (#1)   56

Combining LUTs.
Number of LUTs:      435
  1-LUT                4
  2-LUT              102
  3-LUT              146
  4-LUT              183
  with \SB_CARRY    (#0)   56
  with \SB_CARRY    (#1)   56

Eliminated 1 LUTs.
Combined 20 LUTs.
<suppressed ~2918 debug messages>

8.45. Executing TECHMAP pass (map to technology primitives).

8.45.1. Executing Verilog-2005 frontend: /opt/homebrew/bin/../share/yosys/ice40/cells_map.v
Parsing Verilog input from `/opt/homebrew/bin/../share/yosys/ice40/cells_map.v' to AST representation.
Generating RTLIL representation for module `\$lut'.
Successfully finished Verilog frontend.

8.45.2. Continuing TECHMAP pass.
Using template $paramod$fd904e9e35cfd343a9df248824bd3f1408724879\$lut for cells of type $lut.
Using template $paramod\$lut\WIDTH=32'00000000000000000000000000000011\LUT=8'00000100 for cells of type $lut.
Using template $paramod\$lut\WIDTH=32'00000000000000000000000000000011\LUT=8'00000001 for cells of type $lut.
Using template $paramod$873c285bdccf0ac2b60d2304ea5cd14bf211d2a6\$lut for cells of type $lut.
Using template $paramod\$lut\WIDTH=32'00000000000000000000000000000011\LUT=8'00001000 for cells of type $lut.
Using template $paramod\$lut\WIDTH=32'00000000000000000000000000000011\LUT=8'00000010 for cells of type $lut.
Using template $paramod\$lut\WIDTH=32'00000000000000000000000000000011\LUT=8'00100000 for cells of type $lut.
Using template $paramod$f8f63b209b7230e81958663ff24fef1613156af7\$lut for cells of type $lut.
Using template $paramod\$lut\WIDTH=32'00000000000000000000000000000011\LUT=8'00010000 for cells of type $lut.
Using template $paramod$bba54c1ef87367812b4c15f4aed5ac70773df775\$lut for cells of type $lut.
Using template $paramod\$lut\WIDTH=32'00000000000000000000000000000011\LUT=8'00010101 for cells of type $lut.
Using template $paramod\$lut\WIDTH=32'00000000000000000000000000000010\LUT=4'1000 for cells of type $lut.
Using template $paramod$8e44661def013b6bf9fe6f8b049ef2c838d749f9\$lut for cells of type $lut.
Using template $paramod$d6ca727e39f31d51d29072e0f33aa09c65e37336\$lut for cells of type $lut.
Using template $paramod$e51a8a571bee774247b38f52d6e85fd62ae52cea\$lut for cells of type $lut.
Using template $paramod$658b9ed803f0d3d335616d3858b53e0a2522f1e8\$lut for cells of type $lut.
Using template $paramod$30305e55a780880b9c824fe3509a4d981acb0f2b\$lut for cells of type $lut.
Using template $paramod$11ec7271d8e6e5aeaace08c13e4c601f10e31038\$lut for cells of type $lut.
Using template $paramod$f9813472aa48e533b3838c6f2316dc2e78c66111\$lut for cells of type $lut.
Using template $paramod$219b71aec9a19e7a27754ed85a7d6cdad9e5ec96\$lut for cells of type $lut.
Using template $paramod\$lut\WIDTH=32'00000000000000000000000000000011\LUT=8'10000000 for cells of type $lut.
Using template $paramod$a87dc513545318b0c2339b76d09e80f82c82c539\$lut for cells of type $lut.
Using template $paramod$272652f6c6fbe9a75eff76e45cc7e2788835518b\$lut for cells of type $lut.
Using template $paramod$c28a8b7ce0535d090c4cfb52e9c74affd52b110c\$lut for cells of type $lut.
Using template $paramod$364c9ffbffac467d60dfec81bba4e18476c15602\$lut for cells of type $lut.
Using template $paramod$47a8214374025465e226fa66bee690ff33268a25\$lut for cells of type $lut.
Using template $paramod\$lut\WIDTH=32'00000000000000000000000000000010\LUT=4'0001 for cells of type $lut.
Using template $paramod$f921ab2c451d17e196d1dcad0b6d434881387fe3\$lut for cells of type $lut.
Using template $paramod\$lut\WIDTH=32'00000000000000000000000000000011\LUT=8'01110000 for cells of type $lut.
Using template $paramod$179512a187da069f3b79ef6612a41e494e7d54b6\$lut for cells of type $lut.
Using template $paramod\$lut\WIDTH=32'00000000000000000000000000000011\LUT=8'01000000 for cells of type $lut.
Using template $paramod\$lut\WIDTH=32'00000000000000000000000000000010\LUT=4'0110 for cells of type $lut.
Using template $paramod$37275f9005096a8b3beded7be16e5d19f7397fa0\$lut for cells of type $lut.
Using template $paramod$6d6beead1425af15cf78b27fd9b11b41b5d4bce8\$lut for cells of type $lut.
Using template $paramod\$lut\WIDTH=32'00000000000000000000000000000011\LUT=8'11011000 for cells of type $lut.
Using template $paramod\$lut\WIDTH=32'00000000000000000000000000000011\LUT=8'00111001 for cells of type $lut.
Using template $paramod$099540ad9a68db11e56d3c49bc1da426505b7d0d\$lut for cells of type $lut.
Using template $paramod$4282def8dbd6df3d1248ad282c629bee684502c2\$lut for cells of type $lut.
Using template $paramod$a250ee41ca4d950579588fc5786acaf8527c5e36\$lut for cells of type $lut.
Using template $paramod$4a7aa3912ceee3b0f19a96cd6b9dc271a63d3568\$lut for cells of type $lut.
Using template $paramod$ddd306177b06ebfc38e3b3b6e76dfd2f85a87218\$lut for cells of type $lut.
Using template $paramod\$lut\WIDTH=32'00000000000000000000000000000011\LUT=8'11100100 for cells of type $lut.
Using template $paramod\$lut\WIDTH=32'00000000000000000000000000000011\LUT=8'00101101 for cells of type $lut.
Using template $paramod$c6705c2d9a5ca1e5236b47844e83005fc173deff\$lut for cells of type $lut.
Using template $paramod\$lut\WIDTH=32'00000000000000000000000000000011\LUT=8'11001001 for cells of type $lut.
Using template $paramod\$lut\WIDTH=32'00000000000000000000000000000010\LUT=4'0100 for cells of type $lut.
Using template $paramod$ba06efd2823836ebfb8900228f4fd7d2d0542dde\$lut for cells of type $lut.
Using template $paramod$f4281cc75e71c5647c0767b4f2e4b2b5e0b782ca\$lut for cells of type $lut.
Using template $paramod$46b297b8d09c107ed57a42cc2acdf4821b11c625\$lut for cells of type $lut.
Using template $paramod$baa9d2fb2d21010939721b85aa9f11effe0b53c4\$lut for cells of type $lut.
Using template $paramod\$lut\WIDTH=32'00000000000000000000000000000010\LUT=4'1001 for cells of type $lut.
Using template $paramod$1f3b67373a23476b64a6ed61bde9dbe9df1086de\$lut for cells of type $lut.
Using template $paramod\$lut\WIDTH=32'00000000000000000000000000000011\LUT=8'01101100 for cells of type $lut.
Using template $paramod\$lut\WIDTH=32'00000000000000000000000000000011\LUT=8'00001110 for cells of type $lut.
Using template $paramod\$lut\WIDTH=32'00000000000000000000000000000010\LUT=4'0010 for cells of type $lut.
Using template $paramod\$lut\WIDTH=32'00000000000000000000000000000011\LUT=8'11010100 for cells of type $lut.
Using template $paramod$069bb99fc8f293eec7931733dfd3002c879eb85e\$lut for cells of type $lut.
Using template $paramod\$lut\WIDTH=32'00000000000000000000000000000011\LUT=8'11100001 for cells of type $lut.
Using template $paramod\$lut\WIDTH=32'00000000000000000000000000000011\LUT=8'01110001 for cells of type $lut.
Using template $paramod\$lut\WIDTH=32'00000000000000000000000000000011\LUT=8'01101001 for cells of type $lut.
Using template $paramod$bce5471a950b26ba789bb78858490276d6fc0bd4\$lut for cells of type $lut.
Using template $paramod\$lut\WIDTH=32'00000000000000000000000000000011\LUT=8'00110010 for cells of type $lut.
Using template $paramod$101238f3d8d49ab12a9b49a2f01cd503b26e9c61\$lut for cells of type $lut.
Using template $paramod$94700c7d8e06818bd868b889bab1e46f3e6f5c7a\$lut for cells of type $lut.
Using template $paramod$12fb017f90e7463fe74789d2ec23494cce2be24a\$lut for cells of type $lut.
Using template $paramod\$lut\WIDTH=32'00000000000000000000000000000011\LUT=8'00100111 for cells of type $lut.
Using template $paramod\$lut\WIDTH=32'00000000000000000000000000000011\LUT=8'10110010 for cells of type $lut.
Using template $paramod\$lut\WIDTH=32'00000000000000000000000000000011\LUT=8'10010000 for cells of type $lut.
Using template $paramod$24b67fade1852074c0ac6a4c585dd4228e286f08\$lut for cells of type $lut.
Using template $paramod$f43e44363fd627ec549a231346a3799a501df391\$lut for cells of type $lut.
Using template $paramod$0717b53ed64c85172e2a6cfa8637b86116dd3ba3\$lut for cells of type $lut.
Using template $paramod\$lut\WIDTH=32'00000000000000000000000000000011\LUT=8'00010011 for cells of type $lut.
Using template $paramod$0de052767abdccc3aefc818722bdc3c7850d25d6\$lut for cells of type $lut.
Using template $paramod\$lut\WIDTH=32'00000000000000000000000000000011\LUT=8'11100011 for cells of type $lut.
Using template $paramod$5502a85110dbca29ac631107f0b0635e7fade476\$lut for cells of type $lut.
Using template $paramod$9850450c7f2ce6ec6d61697515f47872a7c4eee5\$lut for cells of type $lut.
Using template $paramod$ff10621ff350133ce54c2c9c3516ef034e8cfe58\$lut for cells of type $lut.
Using template $paramod$165be24785e4097ccfb74473951770165dd92dfc\$lut for cells of type $lut.
Using template $paramod$75d5c453cca75cc7a7ca320c4fb7be0932b6aaa7\$lut for cells of type $lut.
Using template $paramod\$lut\WIDTH=32'00000000000000000000000000000011\LUT=8'00000111 for cells of type $lut.
Using template $paramod$70aaf70eb32e221098b6eb52bf2b64b3c0b4a0fb\$lut for cells of type $lut.
Using template $paramod\$lut\WIDTH=32'00000000000000000000000000000011\LUT=8'10000010 for cells of type $lut.
Using template $paramod$d0473d416c9467aceff95972e569c4d7cb6d1f86\$lut for cells of type $lut.
Using template $paramod\$lut\WIDTH=32'00000000000000000000000000000011\LUT=8'00101000 for cells of type $lut.
Using template $paramod$c932cb819d5ae2efe49a66858ab2e320baefeeb4\$lut for cells of type $lut.
Using template $paramod\$lut\WIDTH=32'00000000000000000000000000000011\LUT=8'10010110 for cells of type $lut.
Using template $paramod\$lut\WIDTH=32'00000000000000000000000000000011\LUT=8'01000001 for cells of type $lut.
Using template $paramod$d6b00b06719051e8e0d21d321c25f50651e7dd46\$lut for cells of type $lut.
Using template $paramod$be58bee3028587b8431e1cc24255a5d8b7777e61\$lut for cells of type $lut.
Using template $paramod$1644affdabe7f65febd25ca1c4d1e050be54e54f\$lut for cells of type $lut.
Using template $paramod\$lut\WIDTH=32'00000000000000000000000000000011\LUT=8'01100000 for cells of type $lut.
Using template $paramod$2e48109de5f7f59aba314a57c42c7f686faa334a\$lut for cells of type $lut.
Using template $paramod$8dea978432b975a06d487b3763d4d556f8d362b4\$lut for cells of type $lut.
Using template $paramod\$lut\WIDTH=32'00000000000000000000000000000011\LUT=8'10001110 for cells of type $lut.
Using template $paramod\$lut\WIDTH=32'00000000000000000000000000000011\LUT=8'11000010 for cells of type $lut.
Using template $paramod\$lut\WIDTH=32'00000000000000000000000000000001\LUT=2'01 for cells of type $lut.
Using template $paramod\$lut\WIDTH=32'00000000000000000000000000000011\LUT=8'10000100 for cells of type $lut.
Using template $paramod\$lut\WIDTH=32'00000000000000000000000000000010\LUT=4'1011 for cells of type $lut.
Using template $paramod\$lut\WIDTH=32'00000000000000000000000000000011\LUT=8'11111110 for cells of type $lut.
Using template $paramod\$lut\WIDTH=32'00000000000000000000000000000011\LUT=8'11101010 for cells of type $lut.
Using template $paramod\$lut\WIDTH=32'00000000000000000000000000000011\LUT=8'00101110 for cells of type $lut.
Using template $paramod\$lut\WIDTH=32'00000000000000000000000000000010\LUT=4'1110 for cells of type $lut.
Using template $paramod\$lut\WIDTH=32'00000000000000000000000000000011\LUT=8'11001110 for cells of type $lut.
Using template $paramod\$lut\WIDTH=32'00000000000000000000000000000010\LUT=4'1101 for cells of type $lut.
No more expansions possible.
<suppressed ~1790 debug messages>
Removed 0 unused cells and 1082 unused wires.

8.46. Executing AUTONAME pass.
Renamed 18227 objects in module conv1d_large_benchmark_top (101 iterations).
<suppressed ~1140 debug messages>

8.47. Executing HIERARCHY pass (managing design hierarchy).

8.47.1. Analyzing design hierarchy..
Top module:  \conv1d_large_benchmark_top

8.47.2. Analyzing design hierarchy..
Top module:  \conv1d_large_benchmark_top
Removed 0 unused modules.

8.48. Printing statistics.

=== conv1d_large_benchmark_top ===

   Number of wires:                401
   Number of wire bits:           1459
   Number of public wires:         401
   Number of public wire bits:    1459
   Number of ports:                  7
   Number of port bits:             37
   Number of memories:               0
   Number of memory bits:            0
   Number of processes:              0
   Number of cells:                828
     $scopeinfo                      2
     SB_CARRY                       71
     SB_DFFESR                     318
     SB_DFFSR                        2
     SB_LUT4                       435

8.49. Executing CHECK pass (checking for obvious problems).
Checking module conv1d_large_benchmark_top...
Found and reported 0 problems.

8.50. Executing JSON backend.

Warnings: 2 unique messages, 6 total
End of script. Logfile hash: e02383e414, CPU: user 2.84s system 0.05s
Yosys 0.42 (git sha1 9b6afcf3f, clang++ 15.0.0 -fPIC -Os)
Time spent: 26% 1x abc9_exe (1 sec), 21% 50x opt_expr (0 sec), ...
