
 /----------------------------------------------------------------------------\
 |  yosys -- Yosys Open SYnthesis Suite                                       |
 |  Copyright (C) 2012 - 2024  Claire Xenia Wolf <claire@yosyshq.com>         |
 |  Distributed under an ISC-like license, type "license" to see terms        |
 \----------------------------------------------------------------------------/
 Yosys 0.42 (git sha1 9b6afcf3f, clang++ 15.0.0 -fPIC -Os)

-- Running command `read_verilog "/Users/adarmaori/Desktop/Final Project/FPGA/conv1d_large_4mult.v" "large_conv_reports_k48/conv1d_large_4mult_k48/conv1d_large_engine.v" "conv1d_large_benchmark_top.v"; chparam -set KERNEL_TAPS 48 conv1d_large_benchmark_top; synth_ice40 -top conv1d_large_benchmark_top -json large_conv_reports_k48/conv1d_large_4mult_k48/conv.json' --

1. Executing Verilog-2005 frontend: /Users/adarmaori/Desktop/Final Project/FPGA/conv1d_large_4mult.v
Parsing Verilog input from `/Users/adarmaori/Desktop/Final Project/FPGA/conv1d_large_4mult.v' to AST representation.
Generating RTLIL representation for module `\conv1d_large_4mult'.
Warning: Replacing memory \tap with list of registers. See /Users/adarmaori/Desktop/Final$20Project/FPGA/conv1d_large_4mult.v:55
Warning: Replacing memory \history with list of registers. See /Users/adarmaori/Desktop/Final$20Project/FPGA/conv1d_large_4mult.v:52
Successfully finished Verilog frontend.

2. Executing Verilog-2005 frontend: large_conv_reports_k48/conv1d_large_4mult_k48/conv1d_large_engine.v
Parsing Verilog input from `large_conv_reports_k48/conv1d_large_4mult_k48/conv1d_large_engine.v' to AST representation.
Generating RTLIL representation for module `\conv1d_large_engine'.
Successfully finished Verilog frontend.

3. Executing Verilog-2005 frontend: conv1d_large_benchmark_top.v
Parsing Verilog input from `conv1d_large_benchmark_top.v' to AST representation.
Generating RTLIL representation for module `\conv1d_large_benchmark_top'.
Successfully finished Verilog frontend.
Parameter \KERNEL_TAPS = 48

4. Executing AST frontend in derive mode using pre-parsed AST for module `\conv1d_large_benchmark_top'.
Parameter \KERNEL_TAPS = 48
Generating RTLIL representation for module `$paramod\conv1d_large_benchmark_top\KERNEL_TAPS=32'00000000000000000000000000110000'.

5. Executing SYNTH_ICE40 pass.

5.1. Executing Verilog-2005 frontend: /opt/homebrew/bin/../share/yosys/ice40/cells_sim.v
Parsing Verilog input from `/opt/homebrew/bin/../share/yosys/ice40/cells_sim.v' to AST representation.
Generating RTLIL representation for module `\SB_IO'.
Generating RTLIL representation for module `\SB_GB_IO'.
Generating RTLIL representation for module `\SB_GB'.
Generating RTLIL representation for module `\SB_LUT4'.
Generating RTLIL representation for module `\SB_CARRY'.
Generating RTLIL representation for module `\SB_DFF'.
Generating RTLIL representation for module `\SB_DFFE'.
Generating RTLIL representation for module `\SB_DFFSR'.
Generating RTLIL representation for module `\SB_DFFR'.
Generating RTLIL representation for module `\SB_DFFSS'.
Generating RTLIL representation for module `\SB_DFFS'.
Generating RTLIL representation for module `\SB_DFFESR'.
Generating RTLIL representation for module `\SB_DFFER'.
Generating RTLIL representation for module `\SB_DFFESS'.
Generating RTLIL representation for module `\SB_DFFES'.
Generating RTLIL representation for module `\SB_DFFN'.
Generating RTLIL representation for module `\SB_DFFNE'.
Generating RTLIL representation for module `\SB_DFFNSR'.
Generating RTLIL representation for module `\SB_DFFNR'.
Generating RTLIL representation for module `\SB_DFFNSS'.
Generating RTLIL representation for module `\SB_DFFNS'.
Generating RTLIL representation for module `\SB_DFFNESR'.
Generating RTLIL representation for module `\SB_DFFNER'.
Generating RTLIL representation for module `\SB_DFFNESS'.
Generating RTLIL representation for module `\SB_DFFNES'.
Generating RTLIL representation for module `\SB_RAM40_4K'.
Generating RTLIL representation for module `\SB_RAM40_4KNR'.
Generating RTLIL representation for module `\SB_RAM40_4KNW'.
Generating RTLIL representation for module `\SB_RAM40_4KNRNW'.
Generating RTLIL representation for module `\ICESTORM_LC'.
Generating RTLIL representation for module `\SB_PLL40_CORE'.
Generating RTLIL representation for module `\SB_PLL40_PAD'.
Generating RTLIL representation for module `\SB_PLL40_2_PAD'.
Generating RTLIL representation for module `\SB_PLL40_2F_CORE'.
Generating RTLIL representation for module `\SB_PLL40_2F_PAD'.
Generating RTLIL representation for module `\SB_WARMBOOT'.
Generating RTLIL representation for module `\SB_SPRAM256KA'.
Generating RTLIL representation for module `\SB_HFOSC'.
Generating RTLIL representation for module `\SB_LFOSC'.
Generating RTLIL representation for module `\SB_RGBA_DRV'.
Generating RTLIL representation for module `\SB_LED_DRV_CUR'.
Generating RTLIL representation for module `\SB_RGB_DRV'.
Generating RTLIL representation for module `\SB_I2C'.
Generating RTLIL representation for module `\SB_SPI'.
Generating RTLIL representation for module `\SB_LEDDA_IP'.
Generating RTLIL representation for module `\SB_FILTER_50NS'.
Generating RTLIL representation for module `\SB_IO_I3C'.
Generating RTLIL representation for module `\SB_IO_OD'.
Generating RTLIL representation for module `\SB_MAC16'.
Generating RTLIL representation for module `\ICESTORM_RAM'.
Successfully finished Verilog frontend.

5.2. Executing HIERARCHY pass (managing design hierarchy).

5.2.1. Analyzing design hierarchy..
Top module:  \conv1d_large_benchmark_top
Used module:     \conv1d_large_engine
Used module:         \conv1d_large_4mult
Parameter \SAMPLE_WIDTH = 8
Parameter \WEIGHT_WIDTH = 8
Parameter \ACC_WIDTH = 32
Parameter \DILATION = 1
Parameter \KERNEL_TAPS = 32
Parameter \BIAS = 0

5.2.2. Executing AST frontend in derive mode using pre-parsed AST for module `\conv1d_large_4mult'.
Parameter \SAMPLE_WIDTH = 8
Parameter \WEIGHT_WIDTH = 8
Parameter \ACC_WIDTH = 32
Parameter \DILATION = 1
Parameter \KERNEL_TAPS = 32
Parameter \BIAS = 0
Generating RTLIL representation for module `$paramod$9a5d4607c6d410764a6e490cc9d604d51a78e84a\conv1d_large_4mult'.
Warning: Replacing memory \tap with list of registers. See /Users/adarmaori/Desktop/Final$20Project/FPGA/conv1d_large_4mult.v:55
Warning: Replacing memory \history with list of registers. See /Users/adarmaori/Desktop/Final$20Project/FPGA/conv1d_large_4mult.v:52
Parameter \SAMPLE_WIDTH = 8
Parameter \WEIGHT_WIDTH = 8
Parameter \ACC_WIDTH = 32
Parameter \DILATION = 1
Parameter \KERNEL_TAPS = 48
Parameter \BIAS = 0

5.2.3. Executing AST frontend in derive mode using pre-parsed AST for module `\conv1d_large_engine'.
Parameter \SAMPLE_WIDTH = 8
Parameter \WEIGHT_WIDTH = 8
Parameter \ACC_WIDTH = 32
Parameter \DILATION = 1
Parameter \KERNEL_TAPS = 48
Parameter \BIAS = 0
Generating RTLIL representation for module `$paramod$691b52981b4e942476eb5ad909f2594ec838c293\conv1d_large_engine'.

5.2.4. Analyzing design hierarchy..
Top module:  \conv1d_large_benchmark_top
Used module:     $paramod$691b52981b4e942476eb5ad909f2594ec838c293\conv1d_large_engine
Used module:         \conv1d_large_4mult
Parameter \SAMPLE_WIDTH = 8
Parameter \WEIGHT_WIDTH = 8
Parameter \ACC_WIDTH = 32
Parameter \DILATION = 1
Parameter \KERNEL_TAPS = 48
Parameter \BIAS = 0

5.2.5. Executing AST frontend in derive mode using pre-parsed AST for module `\conv1d_large_4mult'.
Parameter \SAMPLE_WIDTH = 8
Parameter \WEIGHT_WIDTH = 8
Parameter \ACC_WIDTH = 32
Parameter \DILATION = 1
Parameter \KERNEL_TAPS = 48
Parameter \BIAS = 0
Generating RTLIL representation for module `$paramod$691b52981b4e942476eb5ad909f2594ec838c293\conv1d_large_4mult'.
Warning: Replacing memory \tap with list of registers. See /Users/adarmaori/Desktop/Final$20Project/FPGA/conv1d_large_4mult.v:55
Warning: Replacing memory \history with list of registers. See /Users/adarmaori/Desktop/Final$20Project/FPGA/conv1d_large_4mult.v:52

5.2.6. Analyzing design hierarchy..
Top module:  \conv1d_large_benchmark_top
Used module:     $paramod$691b52981b4e942476eb5ad909f2594ec838c293\conv1d_large_engine
Used module:         $paramod$691b52981b4e942476eb5ad909f2594ec838c293\conv1d_large_4mult

5.2.7. Analyzing design hierarchy..
Top module:  \conv1d_large_benchmark_top
Used module:     $paramod$691b52981b4e942476eb5ad909f2594ec838c293\conv1d_large_engine
Used module:         $paramod$691b52981b4e942476eb5ad909f2594ec838c293\conv1d_large_4mult
Removing unused module `$paramod$9a5d4607c6d410764a6e490cc9d604d51a78e84a\conv1d_large_4mult'.
Removing unused module `\conv1d_large_engine'.
Removing unused module `\conv1d_large_4mult'.
Removed 3 unused modules.

5.3. Executing PROC pass (convert processes to netlists).

5.3.1. Executing PROC_CLEAN pass (remove empty switches from decision trees).
Cleaned up 0 empty switches.

5.3.2. Executing PROC_RMDEAD pass (remove dead branches from decision trees).
Marked 1 switch rules as full_case in process $proc$/opt/homebrew/bin/../share/yosys/ice40/cells_sim.v:1414$379 in module SB_DFFNES.
Marked 1 switch rules as full_case in process $proc$/opt/homebrew/bin/../share/yosys/ice40/cells_sim.v:1353$372 in module SB_DFFNESS.
Marked 1 switch rules as full_case in process $proc$/opt/homebrew/bin/../share/yosys/ice40/cells_sim.v:1273$368 in module SB_DFFNER.
Marked 1 switch rules as full_case in process $proc$/opt/homebrew/bin/../share/yosys/ice40/cells_sim.v:1212$361 in module SB_DFFNESR.
Marked 1 switch rules as full_case in process $proc$/opt/homebrew/bin/../share/yosys/ice40/cells_sim.v:1138$358 in module SB_DFFNS.
Marked 1 switch rules as full_case in process $proc$/opt/homebrew/bin/../share/yosys/ice40/cells_sim.v:1088$355 in module SB_DFFNSS.
Marked 1 switch rules as full_case in process $proc$/opt/homebrew/bin/../share/yosys/ice40/cells_sim.v:1017$352 in module SB_DFFNR.
Marked 1 switch rules as full_case in process $proc$/opt/homebrew/bin/../share/yosys/ice40/cells_sim.v:967$349 in module SB_DFFNSR.
Marked 1 switch rules as full_case in process $proc$/opt/homebrew/bin/../share/yosys/ice40/cells_sim.v:803$341 in module SB_DFFES.
Marked 1 switch rules as full_case in process $proc$/opt/homebrew/bin/../share/yosys/ice40/cells_sim.v:742$334 in module SB_DFFESS.
Marked 1 switch rules as full_case in process $proc$/opt/homebrew/bin/../share/yosys/ice40/cells_sim.v:662$330 in module SB_DFFER.
Marked 1 switch rules as full_case in process $proc$/opt/homebrew/bin/../share/yosys/ice40/cells_sim.v:601$323 in module SB_DFFESR.
Marked 1 switch rules as full_case in process $proc$/opt/homebrew/bin/../share/yosys/ice40/cells_sim.v:527$320 in module SB_DFFS.
Marked 1 switch rules as full_case in process $proc$/opt/homebrew/bin/../share/yosys/ice40/cells_sim.v:477$317 in module SB_DFFSS.
Marked 1 switch rules as full_case in process $proc$/opt/homebrew/bin/../share/yosys/ice40/cells_sim.v:406$314 in module SB_DFFR.
Marked 1 switch rules as full_case in process $proc$/opt/homebrew/bin/../share/yosys/ice40/cells_sim.v:356$311 in module SB_DFFSR.
Marked 16 switch rules as full_case in process $proc$/Users/adarmaori/Desktop/Final$20Project/FPGA/conv1d_large_4mult.v:49$661 in module $paramod$691b52981b4e942476eb5ad909f2594ec838c293\conv1d_large_4mult.
Removed a total of 0 dead cases.

5.3.3. Executing PROC_PRUNE pass (remove redundant assignments in processes).
Removed 9 redundant assignments.
Promoted 40 assignments to connections.

5.3.4. Executing PROC_INIT pass (extract init attributes).
Found init rule in `\SB_DFFNES.$proc$/opt/homebrew/bin/../share/yosys/ice40/cells_sim.v:0$382'.
  Set init value: \Q = 1'0
Found init rule in `\SB_DFFNESS.$proc$/opt/homebrew/bin/../share/yosys/ice40/cells_sim.v:0$378'.
  Set init value: \Q = 1'0
Found init rule in `\SB_DFFNER.$proc$/opt/homebrew/bin/../share/yosys/ice40/cells_sim.v:0$371'.
  Set init value: \Q = 1'0
Found init rule in `\SB_DFFNESR.$proc$/opt/homebrew/bin/../share/yosys/ice40/cells_sim.v:0$367'.
  Set init value: \Q = 1'0
Found init rule in `\SB_DFFNS.$proc$/opt/homebrew/bin/../share/yosys/ice40/cells_sim.v:0$360'.
  Set init value: \Q = 1'0
Found init rule in `\SB_DFFNSS.$proc$/opt/homebrew/bin/../share/yosys/ice40/cells_sim.v:0$357'.
  Set init value: \Q = 1'0
Found init rule in `\SB_DFFNR.$proc$/opt/homebrew/bin/../share/yosys/ice40/cells_sim.v:0$354'.
  Set init value: \Q = 1'0
Found init rule in `\SB_DFFNSR.$proc$/opt/homebrew/bin/../share/yosys/ice40/cells_sim.v:0$351'.
  Set init value: \Q = 1'0
Found init rule in `\SB_DFFNE.$proc$/opt/homebrew/bin/../share/yosys/ice40/cells_sim.v:0$348'.
  Set init value: \Q = 1'0
Found init rule in `\SB_DFFN.$proc$/opt/homebrew/bin/../share/yosys/ice40/cells_sim.v:0$346'.
  Set init value: \Q = 1'0
Found init rule in `\SB_DFFES.$proc$/opt/homebrew/bin/../share/yosys/ice40/cells_sim.v:0$344'.
  Set init value: \Q = 1'0
Found init rule in `\SB_DFFESS.$proc$/opt/homebrew/bin/../share/yosys/ice40/cells_sim.v:0$340'.
  Set init value: \Q = 1'0
Found init rule in `\SB_DFFER.$proc$/opt/homebrew/bin/../share/yosys/ice40/cells_sim.v:0$333'.
  Set init value: \Q = 1'0
Found init rule in `\SB_DFFESR.$proc$/opt/homebrew/bin/../share/yosys/ice40/cells_sim.v:0$329'.
  Set init value: \Q = 1'0
Found init rule in `\SB_DFFS.$proc$/opt/homebrew/bin/../share/yosys/ice40/cells_sim.v:0$322'.
  Set init value: \Q = 1'0
Found init rule in `\SB_DFFSS.$proc$/opt/homebrew/bin/../share/yosys/ice40/cells_sim.v:0$319'.
  Set init value: \Q = 1'0
Found init rule in `\SB_DFFR.$proc$/opt/homebrew/bin/../share/yosys/ice40/cells_sim.v:0$316'.
  Set init value: \Q = 1'0
Found init rule in `\SB_DFFSR.$proc$/opt/homebrew/bin/../share/yosys/ice40/cells_sim.v:0$313'.
  Set init value: \Q = 1'0
Found init rule in `\SB_DFFE.$proc$/opt/homebrew/bin/../share/yosys/ice40/cells_sim.v:0$310'.
  Set init value: \Q = 1'0
Found init rule in `\SB_DFF.$proc$/opt/homebrew/bin/../share/yosys/ice40/cells_sim.v:0$308'.
  Set init value: \Q = 1'0

5.3.5. Executing PROC_ARST pass (detect async resets in processes).
Found async reset \S in `\SB_DFFNES.$proc$/opt/homebrew/bin/../share/yosys/ice40/cells_sim.v:1414$379'.
Found async reset \R in `\SB_DFFNER.$proc$/opt/homebrew/bin/../share/yosys/ice40/cells_sim.v:1273$368'.
Found async reset \S in `\SB_DFFNS.$proc$/opt/homebrew/bin/../share/yosys/ice40/cells_sim.v:1138$358'.
Found async reset \R in `\SB_DFFNR.$proc$/opt/homebrew/bin/../share/yosys/ice40/cells_sim.v:1017$352'.
Found async reset \S in `\SB_DFFES.$proc$/opt/homebrew/bin/../share/yosys/ice40/cells_sim.v:803$341'.
Found async reset \R in `\SB_DFFER.$proc$/opt/homebrew/bin/../share/yosys/ice40/cells_sim.v:662$330'.
Found async reset \S in `\SB_DFFS.$proc$/opt/homebrew/bin/../share/yosys/ice40/cells_sim.v:527$320'.
Found async reset \R in `\SB_DFFR.$proc$/opt/homebrew/bin/../share/yosys/ice40/cells_sim.v:406$314'.

5.3.6. Executing PROC_ROM pass (convert switches to ROMs).
Converted 0 switches.
<suppressed ~34 debug messages>

5.3.7. Executing PROC_MUX pass (convert decision trees to multiplexers).
Creating decoders for process `\SB_DFFNES.$proc$/opt/homebrew/bin/../share/yosys/ice40/cells_sim.v:0$382'.
Creating decoders for process `\SB_DFFNES.$proc$/opt/homebrew/bin/../share/yosys/ice40/cells_sim.v:1414$379'.
     1/1: $0\Q[0:0]
Creating decoders for process `\SB_DFFNESS.$proc$/opt/homebrew/bin/../share/yosys/ice40/cells_sim.v:0$378'.
Creating decoders for process `\SB_DFFNESS.$proc$/opt/homebrew/bin/../share/yosys/ice40/cells_sim.v:1353$372'.
     1/1: $0\Q[0:0]
Creating decoders for process `\SB_DFFNER.$proc$/opt/homebrew/bin/../share/yosys/ice40/cells_sim.v:0$371'.
Creating decoders for process `\SB_DFFNER.$proc$/opt/homebrew/bin/../share/yosys/ice40/cells_sim.v:1273$368'.
     1/1: $0\Q[0:0]
Creating decoders for process `\SB_DFFNESR.$proc$/opt/homebrew/bin/../share/yosys/ice40/cells_sim.v:0$367'.
Creating decoders for process `\SB_DFFNESR.$proc$/opt/homebrew/bin/../share/yosys/ice40/cells_sim.v:1212$361'.
     1/1: $0\Q[0:0]
Creating decoders for process `\SB_DFFNS.$proc$/opt/homebrew/bin/../share/yosys/ice40/cells_sim.v:0$360'.
Creating decoders for process `\SB_DFFNS.$proc$/opt/homebrew/bin/../share/yosys/ice40/cells_sim.v:1138$358'.
     1/1: $0\Q[0:0]
Creating decoders for process `\SB_DFFNSS.$proc$/opt/homebrew/bin/../share/yosys/ice40/cells_sim.v:0$357'.
Creating decoders for process `\SB_DFFNSS.$proc$/opt/homebrew/bin/../share/yosys/ice40/cells_sim.v:1088$355'.
     1/1: $0\Q[0:0]
Creating decoders for process `\SB_DFFNR.$proc$/opt/homebrew/bin/../share/yosys/ice40/cells_sim.v:0$354'.
Creating decoders for process `\SB_DFFNR.$proc$/opt/homebrew/bin/../share/yosys/ice40/cells_sim.v:1017$352'.
     1/1: $0\Q[0:0]
Creating decoders for process `\SB_DFFNSR.$proc$/opt/homebrew/bin/../share/yosys/ice40/cells_sim.v:0$351'.
Creating decoders for process `\SB_DFFNSR.$proc$/opt/homebrew/bin/../share/yosys/ice40/cells_sim.v:967$349'.
     1/1: $0\Q[0:0]
Creating decoders for process `\SB_DFFNE.$proc$/opt/homebrew/bin/../share/yosys/ice40/cells_sim.v:0$348'.
Creating decoders for process `\SB_DFFNE.$proc$/opt/homebrew/bin/../share/yosys/ice40/cells_sim.v:922$347'.
     1/1: $0\Q[0:0]
Creating decoders for process `\SB_DFFN.$proc$/opt/homebrew/bin/../share/yosys/ice40/cells_sim.v:0$346'.
Creating decoders for process `\SB_DFFN.$proc$/opt/homebrew/bin/../share/yosys/ice40/cells_sim.v:882$345'.
Creating decoders for process `\SB_DFFES.$proc$/opt/homebrew/bin/../share/yosys/ice40/cells_sim.v:0$344'.
Creating decoders for process `\SB_DFFES.$proc$/opt/homebrew/bin/../share/yosys/ice40/cells_sim.v:803$341'.
     1/1: $0\Q[0:0]
Creating decoders for process `\SB_DFFESS.$proc$/opt/homebrew/bin/../share/yosys/ice40/cells_sim.v:0$340'.
Creating decoders for process `\SB_DFFESS.$proc$/opt/homebrew/bin/../share/yosys/ice40/cells_sim.v:742$334'.
     1/1: $0\Q[0:0]
Creating decoders for process `\SB_DFFER.$proc$/opt/homebrew/bin/../share/yosys/ice40/cells_sim.v:0$333'.
Creating decoders for process `\SB_DFFER.$proc$/opt/homebrew/bin/../share/yosys/ice40/cells_sim.v:662$330'.
     1/1: $0\Q[0:0]
Creating decoders for process `\SB_DFFESR.$proc$/opt/homebrew/bin/../share/yosys/ice40/cells_sim.v:0$329'.
Creating decoders for process `\SB_DFFESR.$proc$/opt/homebrew/bin/../share/yosys/ice40/cells_sim.v:601$323'.
     1/1: $0\Q[0:0]
Creating decoders for process `\SB_DFFS.$proc$/opt/homebrew/bin/../share/yosys/ice40/cells_sim.v:0$322'.
Creating decoders for process `\SB_DFFS.$proc$/opt/homebrew/bin/../share/yosys/ice40/cells_sim.v:527$320'.
     1/1: $0\Q[0:0]
Creating decoders for process `\SB_DFFSS.$proc$/opt/homebrew/bin/../share/yosys/ice40/cells_sim.v:0$319'.
Creating decoders for process `\SB_DFFSS.$proc$/opt/homebrew/bin/../share/yosys/ice40/cells_sim.v:477$317'.
     1/1: $0\Q[0:0]
Creating decoders for process `\SB_DFFR.$proc$/opt/homebrew/bin/../share/yosys/ice40/cells_sim.v:0$316'.
Creating decoders for process `\SB_DFFR.$proc$/opt/homebrew/bin/../share/yosys/ice40/cells_sim.v:406$314'.
     1/1: $0\Q[0:0]
Creating decoders for process `\SB_DFFSR.$proc$/opt/homebrew/bin/../share/yosys/ice40/cells_sim.v:0$313'.
Creating decoders for process `\SB_DFFSR.$proc$/opt/homebrew/bin/../share/yosys/ice40/cells_sim.v:356$311'.
     1/1: $0\Q[0:0]
Creating decoders for process `\SB_DFFE.$proc$/opt/homebrew/bin/../share/yosys/ice40/cells_sim.v:0$310'.
Creating decoders for process `\SB_DFFE.$proc$/opt/homebrew/bin/../share/yosys/ice40/cells_sim.v:311$309'.
     1/1: $0\Q[0:0]
Creating decoders for process `\SB_DFF.$proc$/opt/homebrew/bin/../share/yosys/ice40/cells_sim.v:0$308'.
Creating decoders for process `\SB_DFF.$proc$/opt/homebrew/bin/../share/yosys/ice40/cells_sim.v:271$307'.
Creating decoders for process `$paramod$691b52981b4e942476eb5ad909f2594ec838c293\conv1d_large_4mult.$proc$/Users/adarmaori/Desktop/Final$20Project/FPGA/conv1d_large_4mult.v:49$661'.
     1/182: $5$mem2reg_rd$\tap$/Users/adarmaori/Desktop/Final$20Project/FPGA/conv1d_large_4mult.v:84$659_DATA[7:0]$777
     2/182: $5\tap_weight$func$/Users/adarmaori/Desktop/Final$20Project/FPGA/conv1d_large_4mult.v:84$655.$result[7:0]$775
     3/182: $7\group_sum[31:0]
     4/182: $4$mem2reg_rd$\tap$/Users/adarmaori/Desktop/Final$20Project/FPGA/conv1d_large_4mult.v:84$659_DATA[7:0]$772
     5/182: $4$mem2reg_rd$\tap$/Users/adarmaori/Desktop/Final$20Project/FPGA/conv1d_large_4mult.v:84$659_ADDR[5:0]$771
     6/182: $4\tap_weight$func$/Users/adarmaori/Desktop/Final$20Project/FPGA/conv1d_large_4mult.v:84$655.$result[7:0]$769
     7/182: $4\tap_weight$func$/Users/adarmaori/Desktop/Final$20Project/FPGA/conv1d_large_4mult.v:84$655.weight_index[31:0]$770
     8/182: $5$mem2reg_rd$\tap$/Users/adarmaori/Desktop/Final$20Project/FPGA/conv1d_large_4mult.v:84$658_DATA[7:0]$764
     9/182: $5\tap_weight$func$/Users/adarmaori/Desktop/Final$20Project/FPGA/conv1d_large_4mult.v:84$654.$result[7:0]$762
    10/182: $6\group_sum[31:0]
    11/182: $4$mem2reg_rd$\tap$/Users/adarmaori/Desktop/Final$20Project/FPGA/conv1d_large_4mult.v:84$658_DATA[7:0]$759
    12/182: $4$mem2reg_rd$\tap$/Users/adarmaori/Desktop/Final$20Project/FPGA/conv1d_large_4mult.v:84$658_ADDR[5:0]$758
    13/182: $4\tap_weight$func$/Users/adarmaori/Desktop/Final$20Project/FPGA/conv1d_large_4mult.v:84$654.$result[7:0]$756
    14/182: $4\tap_weight$func$/Users/adarmaori/Desktop/Final$20Project/FPGA/conv1d_large_4mult.v:84$654.weight_index[31:0]$757
    15/182: $5$mem2reg_rd$\tap$/Users/adarmaori/Desktop/Final$20Project/FPGA/conv1d_large_4mult.v:84$657_DATA[7:0]$751
    16/182: $5\tap_weight$func$/Users/adarmaori/Desktop/Final$20Project/FPGA/conv1d_large_4mult.v:84$653.$result[7:0]$749
    17/182: $5\group_sum[31:0]
    18/182: $4$mem2reg_rd$\tap$/Users/adarmaori/Desktop/Final$20Project/FPGA/conv1d_large_4mult.v:84$657_DATA[7:0]$746
    19/182: $4$mem2reg_rd$\tap$/Users/adarmaori/Desktop/Final$20Project/FPGA/conv1d_large_4mult.v:84$657_ADDR[5:0]$745
    20/182: $4\tap_weight$func$/Users/adarmaori/Desktop/Final$20Project/FPGA/conv1d_large_4mult.v:84$653.$result[7:0]$743
    21/182: $4\tap_weight$func$/Users/adarmaori/Desktop/Final$20Project/FPGA/conv1d_large_4mult.v:84$653.weight_index[31:0]$744
    22/182: $5$mem2reg_rd$\tap$/Users/adarmaori/Desktop/Final$20Project/FPGA/conv1d_large_4mult.v:84$656_DATA[7:0]$738
    23/182: $5\tap_weight$func$/Users/adarmaori/Desktop/Final$20Project/FPGA/conv1d_large_4mult.v:84$652.$result[7:0]$736
    24/182: $4\group_sum[31:0]
    25/182: $4$mem2reg_rd$\tap$/Users/adarmaori/Desktop/Final$20Project/FPGA/conv1d_large_4mult.v:84$656_DATA[7:0]$733
    26/182: $4$mem2reg_rd$\tap$/Users/adarmaori/Desktop/Final$20Project/FPGA/conv1d_large_4mult.v:84$656_ADDR[5:0]$732
    27/182: $4\tap_weight$func$/Users/adarmaori/Desktop/Final$20Project/FPGA/conv1d_large_4mult.v:84$652.$result[7:0]$730
    28/182: $4\tap_weight$func$/Users/adarmaori/Desktop/Final$20Project/FPGA/conv1d_large_4mult.v:84$652.weight_index[31:0]$731
    29/182: $3\i[31:0]
    30/182: $3$mem2reg_rd$\tap$/Users/adarmaori/Desktop/Final$20Project/FPGA/conv1d_large_4mult.v:84$659_DATA[7:0]$727
    31/182: $3$mem2reg_rd$\tap$/Users/adarmaori/Desktop/Final$20Project/FPGA/conv1d_large_4mult.v:84$659_ADDR[5:0]$726
    32/182: $3\tap_weight$func$/Users/adarmaori/Desktop/Final$20Project/FPGA/conv1d_large_4mult.v:84$655.weight_index[31:0]$719
    33/182: $3\tap_weight$func$/Users/adarmaori/Desktop/Final$20Project/FPGA/conv1d_large_4mult.v:84$655.$result[7:0]$718
    34/182: $3\group_sum[31:0]
    35/182: $3$mem2reg_rd$\tap$/Users/adarmaori/Desktop/Final$20Project/FPGA/conv1d_large_4mult.v:84$658_DATA[7:0]$725
    36/182: $3$mem2reg_rd$\tap$/Users/adarmaori/Desktop/Final$20Project/FPGA/conv1d_large_4mult.v:84$658_ADDR[5:0]$724
    37/182: $3\tap_weight$func$/Users/adarmaori/Desktop/Final$20Project/FPGA/conv1d_large_4mult.v:84$654.weight_index[31:0]$717
    38/182: $3\tap_weight$func$/Users/adarmaori/Desktop/Final$20Project/FPGA/conv1d_large_4mult.v:84$654.$result[7:0]$716
    39/182: $3$mem2reg_rd$\tap$/Users/adarmaori/Desktop/Final$20Project/FPGA/conv1d_large_4mult.v:84$657_DATA[7:0]$723
    40/182: $3$mem2reg_rd$\tap$/Users/adarmaori/Desktop/Final$20Project/FPGA/conv1d_large_4mult.v:84$657_ADDR[5:0]$722
    41/182: $3\tap_weight$func$/Users/adarmaori/Desktop/Final$20Project/FPGA/conv1d_large_4mult.v:84$653.weight_index[31:0]$715
    42/182: $3\tap_weight$func$/Users/adarmaori/Desktop/Final$20Project/FPGA/conv1d_large_4mult.v:84$653.$result[7:0]$714
    43/182: $3$mem2reg_rd$\tap$/Users/adarmaori/Desktop/Final$20Project/FPGA/conv1d_large_4mult.v:84$656_DATA[7:0]$721
    44/182: $3$mem2reg_rd$\tap$/Users/adarmaori/Desktop/Final$20Project/FPGA/conv1d_large_4mult.v:84$656_ADDR[5:0]$720
    45/182: $3\tap_weight$func$/Users/adarmaori/Desktop/Final$20Project/FPGA/conv1d_large_4mult.v:84$652.weight_index[31:0]$713
    46/182: $3\tap_weight$func$/Users/adarmaori/Desktop/Final$20Project/FPGA/conv1d_large_4mult.v:84$652.$result[7:0]$712
    47/182: $2\i[31:0]
    48/182: $2$mem2reg_rd$\tap$/Users/adarmaori/Desktop/Final$20Project/FPGA/conv1d_large_4mult.v:84$659_DATA[7:0]$711
    49/182: $2$mem2reg_rd$\tap$/Users/adarmaori/Desktop/Final$20Project/FPGA/conv1d_large_4mult.v:84$659_ADDR[5:0]$710
    50/182: $2$mem2reg_rd$\tap$/Users/adarmaori/Desktop/Final$20Project/FPGA/conv1d_large_4mult.v:84$658_DATA[7:0]$709
    51/182: $2$mem2reg_rd$\tap$/Users/adarmaori/Desktop/Final$20Project/FPGA/conv1d_large_4mult.v:84$658_ADDR[5:0]$708
    52/182: $2$mem2reg_rd$\tap$/Users/adarmaori/Desktop/Final$20Project/FPGA/conv1d_large_4mult.v:84$657_DATA[7:0]$707
    53/182: $2$mem2reg_rd$\tap$/Users/adarmaori/Desktop/Final$20Project/FPGA/conv1d_large_4mult.v:84$657_ADDR[5:0]$706
    54/182: $2$mem2reg_rd$\tap$/Users/adarmaori/Desktop/Final$20Project/FPGA/conv1d_large_4mult.v:84$656_DATA[7:0]$705
    55/182: $2$mem2reg_rd$\tap$/Users/adarmaori/Desktop/Final$20Project/FPGA/conv1d_large_4mult.v:84$656_ADDR[5:0]$704
    56/182: $2\tap_weight$func$/Users/adarmaori/Desktop/Final$20Project/FPGA/conv1d_large_4mult.v:84$655.weight_index[31:0]$703
    57/182: $2\tap_weight$func$/Users/adarmaori/Desktop/Final$20Project/FPGA/conv1d_large_4mult.v:84$655.$result[7:0]$702
    58/182: $2\tap_weight$func$/Users/adarmaori/Desktop/Final$20Project/FPGA/conv1d_large_4mult.v:84$654.weight_index[31:0]$701
    59/182: $2\tap_weight$func$/Users/adarmaori/Desktop/Final$20Project/FPGA/conv1d_large_4mult.v:84$654.$result[7:0]$700
    60/182: $2\tap_weight$func$/Users/adarmaori/Desktop/Final$20Project/FPGA/conv1d_large_4mult.v:84$653.weight_index[31:0]$699
    61/182: $2\tap_weight$func$/Users/adarmaori/Desktop/Final$20Project/FPGA/conv1d_large_4mult.v:84$653.$result[7:0]$698
    62/182: $2\tap_weight$func$/Users/adarmaori/Desktop/Final$20Project/FPGA/conv1d_large_4mult.v:84$652.weight_index[31:0]$697
    63/182: $2\tap_weight$func$/Users/adarmaori/Desktop/Final$20Project/FPGA/conv1d_large_4mult.v:84$652.$result[7:0]$696
    64/182: $2\group_sum[31:0]
    65/182: $0\output_valid[0:0]
    66/182: $1\group_sum[31:0]
    67/182: $1\i[31:0]
    68/182: $1$mem2reg_rd$\tap$/Users/adarmaori/Desktop/Final$20Project/FPGA/conv1d_large_4mult.v:84$659_DATA[7:0]$693
    69/182: $1$mem2reg_rd$\tap$/Users/adarmaori/Desktop/Final$20Project/FPGA/conv1d_large_4mult.v:84$659_ADDR[5:0]$692
    70/182: $1$mem2reg_rd$\tap$/Users/adarmaori/Desktop/Final$20Project/FPGA/conv1d_large_4mult.v:84$658_DATA[7:0]$691
    71/182: $1$mem2reg_rd$\tap$/Users/adarmaori/Desktop/Final$20Project/FPGA/conv1d_large_4mult.v:84$658_ADDR[5:0]$690
    72/182: $1$mem2reg_rd$\tap$/Users/adarmaori/Desktop/Final$20Project/FPGA/conv1d_large_4mult.v:84$657_DATA[7:0]$689
    73/182: $1$mem2reg_rd$\tap$/Users/adarmaori/Desktop/Final$20Project/FPGA/conv1d_large_4mult.v:84$657_ADDR[5:0]$688
    74/182: $1$mem2reg_rd$\tap$/Users/adarmaori/Desktop/Final$20Project/FPGA/conv1d_large_4mult.v:84$656_DATA[7:0]$687
    75/182: $1$mem2reg_rd$\tap$/Users/adarmaori/Desktop/Final$20Project/FPGA/conv1d_large_4mult.v:84$656_ADDR[5:0]$686
    76/182: $1\tap_weight$func$/Users/adarmaori/Desktop/Final$20Project/FPGA/conv1d_large_4mult.v:84$655.weight_index[31:0]$685
    77/182: $1\tap_weight$func$/Users/adarmaori/Desktop/Final$20Project/FPGA/conv1d_large_4mult.v:84$655.$result[7:0]$684
    78/182: $1\tap_weight$func$/Users/adarmaori/Desktop/Final$20Project/FPGA/conv1d_large_4mult.v:84$654.weight_index[31:0]$683
    79/182: $1\tap_weight$func$/Users/adarmaori/Desktop/Final$20Project/FPGA/conv1d_large_4mult.v:84$654.$result[7:0]$682
    80/182: $1\tap_weight$func$/Users/adarmaori/Desktop/Final$20Project/FPGA/conv1d_large_4mult.v:84$653.weight_index[31:0]$681
    81/182: $1\tap_weight$func$/Users/adarmaori/Desktop/Final$20Project/FPGA/conv1d_large_4mult.v:84$653.$result[7:0]$680
    82/182: $1\tap_weight$func$/Users/adarmaori/Desktop/Final$20Project/FPGA/conv1d_large_4mult.v:84$652.weight_index[31:0]$679
    83/182: $1\tap_weight$func$/Users/adarmaori/Desktop/Final$20Project/FPGA/conv1d_large_4mult.v:84$652.$result[7:0]$678
    84/182: $0\tap[47][7:0]
    85/182: $0\tap[46][7:0]
    86/182: $0\tap[45][7:0]
    87/182: $0\tap[44][7:0]
    88/182: $0\tap[43][7:0]
    89/182: $0\tap[42][7:0]
    90/182: $0\tap[41][7:0]
    91/182: $0\tap[40][7:0]
    92/182: $0\tap[39][7:0]
    93/182: $0\tap[38][7:0]
    94/182: $0\tap[37][7:0]
    95/182: $0\tap[36][7:0]
    96/182: $0\tap[35][7:0]
    97/182: $0\tap[34][7:0]
    98/182: $0\tap[33][7:0]
    99/182: $0\tap[32][7:0]
   100/182: $0\history[46][7:0]
   101/182: $0\history[45][7:0]
   102/182: $0\history[44][7:0]
   103/182: $0\history[43][7:0]
   104/182: $0\history[42][7:0]
   105/182: $0\history[41][7:0]
   106/182: $0\history[40][7:0]
   107/182: $0\history[39][7:0]
   108/182: $0\history[38][7:0]
   109/182: $0\history[37][7:0]
   110/182: $0\history[36][7:0]
   111/182: $0\history[35][7:0]
   112/182: $0\history[34][7:0]
   113/182: $0\history[33][7:0]
   114/182: $0\history[32][7:0]
   115/182: $0\history[31][7:0]
   116/182: $0\tap[31][7:0]
   117/182: $0\tap[30][7:0]
   118/182: $0\tap[29][7:0]
   119/182: $0\tap[28][7:0]
   120/182: $0\tap[27][7:0]
   121/182: $0\tap[26][7:0]
   122/182: $0\tap[25][7:0]
   123/182: $0\tap[24][7:0]
   124/182: $0\tap[23][7:0]
   125/182: $0\tap[22][7:0]
   126/182: $0\tap[21][7:0]
   127/182: $0\tap[20][7:0]
   128/182: $0\tap[19][7:0]
   129/182: $0\tap[18][7:0]
   130/182: $0\tap[17][7:0]
   131/182: $0\tap[16][7:0]
   132/182: $0\tap[15][7:0]
   133/182: $0\tap[14][7:0]
   134/182: $0\tap[13][7:0]
   135/182: $0\tap[12][7:0]
   136/182: $0\tap[11][7:0]
   137/182: $0\tap[10][7:0]
   138/182: $0\tap[9][7:0]
   139/182: $0\tap[8][7:0]
   140/182: $0\tap[7][7:0]
   141/182: $0\tap[6][7:0]
   142/182: $0\tap[5][7:0]
   143/182: $0\tap[4][7:0]
   144/182: $0\tap[3][7:0]
   145/182: $0\tap[2][7:0]
   146/182: $0\tap[1][7:0]
   147/182: $0\tap[0][7:0]
   148/182: $0\history[30][7:0]
   149/182: $0\history[29][7:0]
   150/182: $0\history[28][7:0]
   151/182: $0\history[27][7:0]
   152/182: $0\history[26][7:0]
   153/182: $0\history[25][7:0]
   154/182: $0\history[24][7:0]
   155/182: $0\history[23][7:0]
   156/182: $0\history[22][7:0]
   157/182: $0\history[21][7:0]
   158/182: $0\history[20][7:0]
   159/182: $0\history[19][7:0]
   160/182: $0\history[18][7:0]
   161/182: $0\history[17][7:0]
   162/182: $0\history[16][7:0]
   163/182: $0\history[15][7:0]
   164/182: $0\history[14][7:0]
   165/182: $0\history[13][7:0]
   166/182: $0\history[12][7:0]
   167/182: $0\history[11][7:0]
   168/182: $0\history[10][7:0]
   169/182: $0\history[9][7:0]
   170/182: $0\history[8][7:0]
   171/182: $0\history[7][7:0]
   172/182: $0\history[6][7:0]
   173/182: $0\history[5][7:0]
   174/182: $0\history[4][7:0]
   175/182: $0\history[3][7:0]
   176/182: $0\history[2][7:0]
   177/182: $0\history[1][7:0]
   178/182: $0\history[0][7:0]
   179/182: $0\busy[0:0]
   180/182: $0\tap_index[15:0]
   181/182: $0\acc[31:0]
   182/182: $0\sample_out[31:0]

5.3.8. Executing PROC_DLATCH pass (convert process syncs to latches).

5.3.9. Executing PROC_DFF pass (convert process syncs to FFs).
Creating register for signal `\SB_DFFNES.\Q' using process `\SB_DFFNES.$proc$/opt/homebrew/bin/../share/yosys/ice40/cells_sim.v:1414$379'.
  created $adff cell `$procdff$2351' with negative edge clock and positive level reset.
Creating register for signal `\SB_DFFNESS.\Q' using process `\SB_DFFNESS.$proc$/opt/homebrew/bin/../share/yosys/ice40/cells_sim.v:1353$372'.
  created $dff cell `$procdff$2352' with negative edge clock.
Creating register for signal `\SB_DFFNER.\Q' using process `\SB_DFFNER.$proc$/opt/homebrew/bin/../share/yosys/ice40/cells_sim.v:1273$368'.
  created $adff cell `$procdff$2353' with negative edge clock and positive level reset.
Creating register for signal `\SB_DFFNESR.\Q' using process `\SB_DFFNESR.$proc$/opt/homebrew/bin/../share/yosys/ice40/cells_sim.v:1212$361'.
  created $dff cell `$procdff$2354' with negative edge clock.
Creating register for signal `\SB_DFFNS.\Q' using process `\SB_DFFNS.$proc$/opt/homebrew/bin/../share/yosys/ice40/cells_sim.v:1138$358'.
  created $adff cell `$procdff$2355' with negative edge clock and positive level reset.
Creating register for signal `\SB_DFFNSS.\Q' using process `\SB_DFFNSS.$proc$/opt/homebrew/bin/../share/yosys/ice40/cells_sim.v:1088$355'.
  created $dff cell `$procdff$2356' with negative edge clock.
Creating register for signal `\SB_DFFNR.\Q' using process `\SB_DFFNR.$proc$/opt/homebrew/bin/../share/yosys/ice40/cells_sim.v:1017$352'.
  created $adff cell `$procdff$2357' with negative edge clock and positive level reset.
Creating register for signal `\SB_DFFNSR.\Q' using process `\SB_DFFNSR.$proc$/opt/homebrew/bin/../share/yosys/ice40/cells_sim.v:967$349'.
  created $dff cell `$procdff$2358' with negative edge clock.
Creating register for signal `\SB_DFFNE.\Q' using process `\SB_DFFNE.$proc$/opt/homebrew/bin/../share/yosys/ice40/cells_sim.v:922$347'.
  created $dff cell `$procdff$2359' with negative edge clock.
Creating register for signal `\SB_DFFN.\Q' using process `\SB_DFFN.$proc$/opt/homebrew/bin/../share/yosys/ice40/cells_sim.v:882$345'.
  created $dff cell `$procdff$2360' with negative edge clock.
Creating register for signal `\SB_DFFES.\Q' using process `\SB_DFFES.$proc$/opt/homebrew/bin/../share/yosys/ice40/cells_sim.v:803$341'.
  created $adff cell `$procdff$2361' with positive edge clock and positive level reset.
Creating register for signal `\SB_DFFESS.\Q' using process `\SB_DFFESS.$proc$/opt/homebrew/bin/../share/yosys/ice40/cells_sim.v:742$334'.
  created $dff cell `$procdff$2362' with positive edge clock.
Creating register for signal `\SB_DFFER.\Q' using process `\SB_DFFER.$proc$/opt/homebrew/bin/../share/yosys/ice40/cells_sim.v:662$330'.
  created $adff cell `$procdff$2363' with positive edge clock and positive level reset.
Creating register for signal `\SB_DFFESR.\Q' using process `\SB_DFFESR.$proc$/opt/homebrew/bin/../share/yosys/ice40/cells_sim.v:601$323'.
  created $dff cell `$procdff$2364' with positive edge clock.
Creating register for signal `\SB_DFFS.\Q' using process `\SB_DFFS.$proc$/opt/homebrew/bin/../share/yosys/ice40/cells_sim.v:527$320'.
  created $adff cell `$procdff$2365' with positive edge clock and positive level reset.
Creating register for signal `\SB_DFFSS.\Q' using process `\SB_DFFSS.$proc$/opt/homebrew/bin/../share/yosys/ice40/cells_sim.v:477$317'.
  created $dff cell `$procdff$2366' with positive edge clock.
Creating register for signal `\SB_DFFR.\Q' using process `\SB_DFFR.$proc$/opt/homebrew/bin/../share/yosys/ice40/cells_sim.v:406$314'.
  created $adff cell `$procdff$2367' with positive edge clock and positive level reset.
Creating register for signal `\SB_DFFSR.\Q' using process `\SB_DFFSR.$proc$/opt/homebrew/bin/../share/yosys/ice40/cells_sim.v:356$311'.
  created $dff cell `$procdff$2368' with positive edge clock.
Creating register for signal `\SB_DFFE.\Q' using process `\SB_DFFE.$proc$/opt/homebrew/bin/../share/yosys/ice40/cells_sim.v:311$309'.
  created $dff cell `$procdff$2369' with positive edge clock.
Creating register for signal `\SB_DFF.\Q' using process `\SB_DFF.$proc$/opt/homebrew/bin/../share/yosys/ice40/cells_sim.v:271$307'.
  created $dff cell `$procdff$2370' with positive edge clock.
Creating register for signal `$paramod$691b52981b4e942476eb5ad909f2594ec838c293\conv1d_large_4mult.\output_valid' using process `$paramod$691b52981b4e942476eb5ad909f2594ec838c293\conv1d_large_4mult.$proc$/Users/adarmaori/Desktop/Final$20Project/FPGA/conv1d_large_4mult.v:49$661'.
  created $dff cell `$procdff$2371' with positive edge clock.
Creating register for signal `$paramod$691b52981b4e942476eb5ad909f2594ec838c293\conv1d_large_4mult.\sample_out' using process `$paramod$691b52981b4e942476eb5ad909f2594ec838c293\conv1d_large_4mult.$proc$/Users/adarmaori/Desktop/Final$20Project/FPGA/conv1d_large_4mult.v:49$661'.
  created $dff cell `$procdff$2372' with positive edge clock.
Creating register for signal `$paramod$691b52981b4e942476eb5ad909f2594ec838c293\conv1d_large_4mult.\acc' using process `$paramod$691b52981b4e942476eb5ad909f2594ec838c293\conv1d_large_4mult.$proc$/Users/adarmaori/Desktop/Final$20Project/FPGA/conv1d_large_4mult.v:49$661'.
  created $dff cell `$procdff$2373' with positive edge clock.
Creating register for signal `$paramod$691b52981b4e942476eb5ad909f2594ec838c293\conv1d_large_4mult.\group_sum' using process `$paramod$691b52981b4e942476eb5ad909f2594ec838c293\conv1d_large_4mult.$proc$/Users/adarmaori/Desktop/Final$20Project/FPGA/conv1d_large_4mult.v:49$661'.
  created $dff cell `$procdff$2374' with positive edge clock.
Creating register for signal `$paramod$691b52981b4e942476eb5ad909f2594ec838c293\conv1d_large_4mult.\tap_index' using process `$paramod$691b52981b4e942476eb5ad909f2594ec838c293\conv1d_large_4mult.$proc$/Users/adarmaori/Desktop/Final$20Project/FPGA/conv1d_large_4mult.v:49$661'.
  created $dff cell `$procdff$2375' with positive edge clock.
Creating register for signal `$paramod$691b52981b4e942476eb5ad909f2594ec838c293\conv1d_large_4mult.\busy' using process `$paramod$691b52981b4e942476eb5ad909f2594ec838c293\conv1d_large_4mult.$proc$/Users/adarmaori/Desktop/Final$20Project/FPGA/conv1d_large_4mult.v:49$661'.
  created $dff cell `$procdff$2376' with positive edge clock.
Creating register for signal `$paramod$691b52981b4e942476eb5ad909f2594ec838c293\conv1d_large_4mult.\i' using process `$paramod$691b52981b4e942476eb5ad909f2594ec838c293\conv1d_large_4mult.$proc$/Users/adarmaori/Desktop/Final$20Project/FPGA/conv1d_large_4mult.v:49$661'.
  created $dff cell `$procdff$2377' with positive edge clock.
Creating register for signal `$paramod$691b52981b4e942476eb5ad909f2594ec838c293\conv1d_large_4mult.\history[0]' using process `$paramod$691b52981b4e942476eb5ad909f2594ec838c293\conv1d_large_4mult.$proc$/Users/adarmaori/Desktop/Final$20Project/FPGA/conv1d_large_4mult.v:49$661'.
  created $dff cell `$procdff$2378' with positive edge clock.
Creating register for signal `$paramod$691b52981b4e942476eb5ad909f2594ec838c293\conv1d_large_4mult.\history[1]' using process `$paramod$691b52981b4e942476eb5ad909f2594ec838c293\conv1d_large_4mult.$proc$/Users/adarmaori/Desktop/Final$20Project/FPGA/conv1d_large_4mult.v:49$661'.
  created $dff cell `$procdff$2379' with positive edge clock.
Creating register for signal `$paramod$691b52981b4e942476eb5ad909f2594ec838c293\conv1d_large_4mult.\history[2]' using process `$paramod$691b52981b4e942476eb5ad909f2594ec838c293\conv1d_large_4mult.$proc$/Users/adarmaori/Desktop/Final$20Project/FPGA/conv1d_large_4mult.v:49$661'.
  created $dff cell `$procdff$2380' with positive edge clock.
Creating register for signal `$paramod$691b52981b4e942476eb5ad909f2594ec838c293\conv1d_large_4mult.\history[3]' using process `$paramod$691b52981b4e942476eb5ad909f2594ec838c293\conv1d_large_4mult.$proc$/Users/adarmaori/Desktop/Final$20Project/FPGA/conv1d_large_4mult.v:49$661'.
  created $dff cell `$procdff$2381' with positive edge clock.
Creating register for signal `$paramod$691b52981b4e942476eb5ad909f2594ec838c293\conv1d_large_4mult.\history[4]' using process `$paramod$691b52981b4e942476eb5ad909f2594ec838c293\conv1d_large_4mult.$proc$/Users/adarmaori/Desktop/Final$20Project/FPGA/conv1d_large_4mult.v:49$661'.
  created $dff cell `$procdff$2382' with positive edge clock.
Creating register for signal `$paramod$691b52981b4e942476eb5ad909f2594ec838c293\conv1d_large_4mult.\history[5]' using process `$paramod$691b52981b4e942476eb5ad909f2594ec838c293\conv1d_large_4mult.$proc$/Users/adarmaori/Desktop/Final$20Project/FPGA/conv1d_large_4mult.v:49$661'.
  created $dff cell `$procdff$2383' with positive edge clock.
Creating register for signal `$paramod$691b52981b4e942476eb5ad909f2594ec838c293\conv1d_large_4mult.\history[6]' using process `$paramod$691b52981b4e942476eb5ad909f2594ec838c293\conv1d_large_4mult.$proc$/Users/adarmaori/Desktop/Final$20Project/FPGA/conv1d_large_4mult.v:49$661'.
  created $dff cell `$procdff$2384' with positive edge clock.
Creating register for signal `$paramod$691b52981b4e942476eb5ad909f2594ec838c293\conv1d_large_4mult.\history[7]' using process `$paramod$691b52981b4e942476eb5ad909f2594ec838c293\conv1d_large_4mult.$proc$/Users/adarmaori/Desktop/Final$20Project/FPGA/conv1d_large_4mult.v:49$661'.
  created $dff cell `$procdff$2385' with positive edge clock.
Creating register for signal `$paramod$691b52981b4e942476eb5ad909f2594ec838c293\conv1d_large_4mult.\history[8]' using process `$paramod$691b52981b4e942476eb5ad909f2594ec838c293\conv1d_large_4mult.$proc$/Users/adarmaori/Desktop/Final$20Project/FPGA/conv1d_large_4mult.v:49$661'.
  created $dff cell `$procdff$2386' with positive edge clock.
Creating register for signal `$paramod$691b52981b4e942476eb5ad909f2594ec838c293\conv1d_large_4mult.\history[9]' using process `$paramod$691b52981b4e942476eb5ad909f2594ec838c293\conv1d_large_4mult.$proc$/Users/adarmaori/Desktop/Final$20Project/FPGA/conv1d_large_4mult.v:49$661'.
  created $dff cell `$procdff$2387' with positive edge clock.
Creating register for signal `$paramod$691b52981b4e942476eb5ad909f2594ec838c293\conv1d_large_4mult.\history[10]' using process `$paramod$691b52981b4e942476eb5ad909f2594ec838c293\conv1d_large_4mult.$proc$/Users/adarmaori/Desktop/Final$20Project/FPGA/conv1d_large_4mult.v:49$661'.
  created $dff cell `$procdff$2388' with positive edge clock.
Creating register for signal `$paramod$691b52981b4e942476eb5ad909f2594ec838c293\conv1d_large_4mult.\history[11]' using process `$paramod$691b52981b4e942476eb5ad909f2594ec838c293\conv1d_large_4mult.$proc$/Users/adarmaori/Desktop/Final$20Project/FPGA/conv1d_large_4mult.v:49$661'.
  created $dff cell `$procdff$2389' with positive edge clock.
Creating register for signal `$paramod$691b52981b4e942476eb5ad909f2594ec838c293\conv1d_large_4mult.\history[12]' using process `$paramod$691b52981b4e942476eb5ad909f2594ec838c293\conv1d_large_4mult.$proc$/Users/adarmaori/Desktop/Final$20Project/FPGA/conv1d_large_4mult.v:49$661'.
  created $dff cell `$procdff$2390' with positive edge clock.
Creating register for signal `$paramod$691b52981b4e942476eb5ad909f2594ec838c293\conv1d_large_4mult.\history[13]' using process `$paramod$691b52981b4e942476eb5ad909f2594ec838c293\conv1d_large_4mult.$proc$/Users/adarmaori/Desktop/Final$20Project/FPGA/conv1d_large_4mult.v:49$661'.
  created $dff cell `$procdff$2391' with positive edge clock.
Creating register for signal `$paramod$691b52981b4e942476eb5ad909f2594ec838c293\conv1d_large_4mult.\history[14]' using process `$paramod$691b52981b4e942476eb5ad909f2594ec838c293\conv1d_large_4mult.$proc$/Users/adarmaori/Desktop/Final$20Project/FPGA/conv1d_large_4mult.v:49$661'.
  created $dff cell `$procdff$2392' with positive edge clock.
Creating register for signal `$paramod$691b52981b4e942476eb5ad909f2594ec838c293\conv1d_large_4mult.\history[15]' using process `$paramod$691b52981b4e942476eb5ad909f2594ec838c293\conv1d_large_4mult.$proc$/Users/adarmaori/Desktop/Final$20Project/FPGA/conv1d_large_4mult.v:49$661'.
  created $dff cell `$procdff$2393' with positive edge clock.
Creating register for signal `$paramod$691b52981b4e942476eb5ad909f2594ec838c293\conv1d_large_4mult.\history[16]' using process `$paramod$691b52981b4e942476eb5ad909f2594ec838c293\conv1d_large_4mult.$proc$/Users/adarmaori/Desktop/Final$20Project/FPGA/conv1d_large_4mult.v:49$661'.
  created $dff cell `$procdff$2394' with positive edge clock.
Creating register for signal `$paramod$691b52981b4e942476eb5ad909f2594ec838c293\conv1d_large_4mult.\history[17]' using process `$paramod$691b52981b4e942476eb5ad909f2594ec838c293\conv1d_large_4mult.$proc$/Users/adarmaori/Desktop/Final$20Project/FPGA/conv1d_large_4mult.v:49$661'.
  created $dff cell `$procdff$2395' with positive edge clock.
Creating register for signal `$paramod$691b52981b4e942476eb5ad909f2594ec838c293\conv1d_large_4mult.\history[18]' using process `$paramod$691b52981b4e942476eb5ad909f2594ec838c293\conv1d_large_4mult.$proc$/Users/adarmaori/Desktop/Final$20Project/FPGA/conv1d_large_4mult.v:49$661'.
  created $dff cell `$procdff$2396' with positive edge clock.
Creating register for signal `$paramod$691b52981b4e942476eb5ad909f2594ec838c293\conv1d_large_4mult.\history[19]' using process `$paramod$691b52981b4e942476eb5ad909f2594ec838c293\conv1d_large_4mult.$proc$/Users/adarmaori/Desktop/Final$20Project/FPGA/conv1d_large_4mult.v:49$661'.
  created $dff cell `$procdff$2397' with positive edge clock.
Creating register for signal `$paramod$691b52981b4e942476eb5ad909f2594ec838c293\conv1d_large_4mult.\history[20]' using process `$paramod$691b52981b4e942476eb5ad909f2594ec838c293\conv1d_large_4mult.$proc$/Users/adarmaori/Desktop/Final$20Project/FPGA/conv1d_large_4mult.v:49$661'.
  created $dff cell `$procdff$2398' with positive edge clock.
Creating register for signal `$paramod$691b52981b4e942476eb5ad909f2594ec838c293\conv1d_large_4mult.\history[21]' using process `$paramod$691b52981b4e942476eb5ad909f2594ec838c293\conv1d_large_4mult.$proc$/Users/adarmaori/Desktop/Final$20Project/FPGA/conv1d_large_4mult.v:49$661'.
  created $dff cell `$procdff$2399' with positive edge clock.
Creating register for signal `$paramod$691b52981b4e942476eb5ad909f2594ec838c293\conv1d_large_4mult.\history[22]' using process `$paramod$691b52981b4e942476eb5ad909f2594ec838c293\conv1d_large_4mult.$proc$/Users/adarmaori/Desktop/Final$20Project/FPGA/conv1d_large_4mult.v:49$661'.
  created $dff cell `$procdff$2400' with positive edge clock.
Creating register for signal `$paramod$691b52981b4e942476eb5ad909f2594ec838c293\conv1d_large_4mult.\history[23]' using process `$paramod$691b52981b4e942476eb5ad909f2594ec838c293\conv1d_large_4mult.$proc$/Users/adarmaori/Desktop/Final$20Project/FPGA/conv1d_large_4mult.v:49$661'.
  created $dff cell `$procdff$2401' with positive edge clock.
Creating register for signal `$paramod$691b52981b4e942476eb5ad909f2594ec838c293\conv1d_large_4mult.\history[24]' using process `$paramod$691b52981b4e942476eb5ad909f2594ec838c293\conv1d_large_4mult.$proc$/Users/adarmaori/Desktop/Final$20Project/FPGA/conv1d_large_4mult.v:49$661'.
  created $dff cell `$procdff$2402' with positive edge clock.
Creating register for signal `$paramod$691b52981b4e942476eb5ad909f2594ec838c293\conv1d_large_4mult.\history[25]' using process `$paramod$691b52981b4e942476eb5ad909f2594ec838c293\conv1d_large_4mult.$proc$/Users/adarmaori/Desktop/Final$20Project/FPGA/conv1d_large_4mult.v:49$661'.
  created $dff cell `$procdff$2403' with positive edge clock.
Creating register for signal `$paramod$691b52981b4e942476eb5ad909f2594ec838c293\conv1d_large_4mult.\history[26]' using process `$paramod$691b52981b4e942476eb5ad909f2594ec838c293\conv1d_large_4mult.$proc$/Users/adarmaori/Desktop/Final$20Project/FPGA/conv1d_large_4mult.v:49$661'.
  created $dff cell `$procdff$2404' with positive edge clock.
Creating register for signal `$paramod$691b52981b4e942476eb5ad909f2594ec838c293\conv1d_large_4mult.\history[27]' using process `$paramod$691b52981b4e942476eb5ad909f2594ec838c293\conv1d_large_4mult.$proc$/Users/adarmaori/Desktop/Final$20Project/FPGA/conv1d_large_4mult.v:49$661'.
  created $dff cell `$procdff$2405' with positive edge clock.
Creating register for signal `$paramod$691b52981b4e942476eb5ad909f2594ec838c293\conv1d_large_4mult.\history[28]' using process `$paramod$691b52981b4e942476eb5ad909f2594ec838c293\conv1d_large_4mult.$proc$/Users/adarmaori/Desktop/Final$20Project/FPGA/conv1d_large_4mult.v:49$661'.
  created $dff cell `$procdff$2406' with positive edge clock.
Creating register for signal `$paramod$691b52981b4e942476eb5ad909f2594ec838c293\conv1d_large_4mult.\history[29]' using process `$paramod$691b52981b4e942476eb5ad909f2594ec838c293\conv1d_large_4mult.$proc$/Users/adarmaori/Desktop/Final$20Project/FPGA/conv1d_large_4mult.v:49$661'.
  created $dff cell `$procdff$2407' with positive edge clock.
Creating register for signal `$paramod$691b52981b4e942476eb5ad909f2594ec838c293\conv1d_large_4mult.\history[30]' using process `$paramod$691b52981b4e942476eb5ad909f2594ec838c293\conv1d_large_4mult.$proc$/Users/adarmaori/Desktop/Final$20Project/FPGA/conv1d_large_4mult.v:49$661'.
  created $dff cell `$procdff$2408' with positive edge clock.
Creating register for signal `$paramod$691b52981b4e942476eb5ad909f2594ec838c293\conv1d_large_4mult.\tap[0]' using process `$paramod$691b52981b4e942476eb5ad909f2594ec838c293\conv1d_large_4mult.$proc$/Users/adarmaori/Desktop/Final$20Project/FPGA/conv1d_large_4mult.v:49$661'.
  created $dff cell `$procdff$2409' with positive edge clock.
Creating register for signal `$paramod$691b52981b4e942476eb5ad909f2594ec838c293\conv1d_large_4mult.\tap[1]' using process `$paramod$691b52981b4e942476eb5ad909f2594ec838c293\conv1d_large_4mult.$proc$/Users/adarmaori/Desktop/Final$20Project/FPGA/conv1d_large_4mult.v:49$661'.
  created $dff cell `$procdff$2410' with positive edge clock.
Creating register for signal `$paramod$691b52981b4e942476eb5ad909f2594ec838c293\conv1d_large_4mult.\tap[2]' using process `$paramod$691b52981b4e942476eb5ad909f2594ec838c293\conv1d_large_4mult.$proc$/Users/adarmaori/Desktop/Final$20Project/FPGA/conv1d_large_4mult.v:49$661'.
  created $dff cell `$procdff$2411' with positive edge clock.
Creating register for signal `$paramod$691b52981b4e942476eb5ad909f2594ec838c293\conv1d_large_4mult.\tap[3]' using process `$paramod$691b52981b4e942476eb5ad909f2594ec838c293\conv1d_large_4mult.$proc$/Users/adarmaori/Desktop/Final$20Project/FPGA/conv1d_large_4mult.v:49$661'.
  created $dff cell `$procdff$2412' with positive edge clock.
Creating register for signal `$paramod$691b52981b4e942476eb5ad909f2594ec838c293\conv1d_large_4mult.\tap[4]' using process `$paramod$691b52981b4e942476eb5ad909f2594ec838c293\conv1d_large_4mult.$proc$/Users/adarmaori/Desktop/Final$20Project/FPGA/conv1d_large_4mult.v:49$661'.
  created $dff cell `$procdff$2413' with positive edge clock.
Creating register for signal `$paramod$691b52981b4e942476eb5ad909f2594ec838c293\conv1d_large_4mult.\tap[5]' using process `$paramod$691b52981b4e942476eb5ad909f2594ec838c293\conv1d_large_4mult.$proc$/Users/adarmaori/Desktop/Final$20Project/FPGA/conv1d_large_4mult.v:49$661'.
  created $dff cell `$procdff$2414' with positive edge clock.
Creating register for signal `$paramod$691b52981b4e942476eb5ad909f2594ec838c293\conv1d_large_4mult.\tap[6]' using process `$paramod$691b52981b4e942476eb5ad909f2594ec838c293\conv1d_large_4mult.$proc$/Users/adarmaori/Desktop/Final$20Project/FPGA/conv1d_large_4mult.v:49$661'.
  created $dff cell `$procdff$2415' with positive edge clock.
Creating register for signal `$paramod$691b52981b4e942476eb5ad909f2594ec838c293\conv1d_large_4mult.\tap[7]' using process `$paramod$691b52981b4e942476eb5ad909f2594ec838c293\conv1d_large_4mult.$proc$/Users/adarmaori/Desktop/Final$20Project/FPGA/conv1d_large_4mult.v:49$661'.
  created $dff cell `$procdff$2416' with positive edge clock.
Creating register for signal `$paramod$691b52981b4e942476eb5ad909f2594ec838c293\conv1d_large_4mult.\tap[8]' using process `$paramod$691b52981b4e942476eb5ad909f2594ec838c293\conv1d_large_4mult.$proc$/Users/adarmaori/Desktop/Final$20Project/FPGA/conv1d_large_4mult.v:49$661'.
  created $dff cell `$procdff$2417' with positive edge clock.
Creating register for signal `$paramod$691b52981b4e942476eb5ad909f2594ec838c293\conv1d_large_4mult.\tap[9]' using process `$paramod$691b52981b4e942476eb5ad909f2594ec838c293\conv1d_large_4mult.$proc$/Users/adarmaori/Desktop/Final$20Project/FPGA/conv1d_large_4mult.v:49$661'.
  created $dff cell `$procdff$2418' with positive edge clock.
Creating register for signal `$paramod$691b52981b4e942476eb5ad909f2594ec838c293\conv1d_large_4mult.\tap[10]' using process `$paramod$691b52981b4e942476eb5ad909f2594ec838c293\conv1d_large_4mult.$proc$/Users/adarmaori/Desktop/Final$20Project/FPGA/conv1d_large_4mult.v:49$661'.
  created $dff cell `$procdff$2419' with positive edge clock.
Creating register for signal `$paramod$691b52981b4e942476eb5ad909f2594ec838c293\conv1d_large_4mult.\tap[11]' using process `$paramod$691b52981b4e942476eb5ad909f2594ec838c293\conv1d_large_4mult.$proc$/Users/adarmaori/Desktop/Final$20Project/FPGA/conv1d_large_4mult.v:49$661'.
  created $dff cell `$procdff$2420' with positive edge clock.
Creating register for signal `$paramod$691b52981b4e942476eb5ad909f2594ec838c293\conv1d_large_4mult.\tap[12]' using process `$paramod$691b52981b4e942476eb5ad909f2594ec838c293\conv1d_large_4mult.$proc$/Users/adarmaori/Desktop/Final$20Project/FPGA/conv1d_large_4mult.v:49$661'.
  created $dff cell `$procdff$2421' with positive edge clock.
Creating register for signal `$paramod$691b52981b4e942476eb5ad909f2594ec838c293\conv1d_large_4mult.\tap[13]' using process `$paramod$691b52981b4e942476eb5ad909f2594ec838c293\conv1d_large_4mult.$proc$/Users/adarmaori/Desktop/Final$20Project/FPGA/conv1d_large_4mult.v:49$661'.
  created $dff cell `$procdff$2422' with positive edge clock.
Creating register for signal `$paramod$691b52981b4e942476eb5ad909f2594ec838c293\conv1d_large_4mult.\tap[14]' using process `$paramod$691b52981b4e942476eb5ad909f2594ec838c293\conv1d_large_4mult.$proc$/Users/adarmaori/Desktop/Final$20Project/FPGA/conv1d_large_4mult.v:49$661'.
  created $dff cell `$procdff$2423' with positive edge clock.
Creating register for signal `$paramod$691b52981b4e942476eb5ad909f2594ec838c293\conv1d_large_4mult.\tap[15]' using process `$paramod$691b52981b4e942476eb5ad909f2594ec838c293\conv1d_large_4mult.$proc$/Users/adarmaori/Desktop/Final$20Project/FPGA/conv1d_large_4mult.v:49$661'.
  created $dff cell `$procdff$2424' with positive edge clock.
Creating register for signal `$paramod$691b52981b4e942476eb5ad909f2594ec838c293\conv1d_large_4mult.\tap[16]' using process `$paramod$691b52981b4e942476eb5ad909f2594ec838c293\conv1d_large_4mult.$proc$/Users/adarmaori/Desktop/Final$20Project/FPGA/conv1d_large_4mult.v:49$661'.
  created $dff cell `$procdff$2425' with positive edge clock.
Creating register for signal `$paramod$691b52981b4e942476eb5ad909f2594ec838c293\conv1d_large_4mult.\tap[17]' using process `$paramod$691b52981b4e942476eb5ad909f2594ec838c293\conv1d_large_4mult.$proc$/Users/adarmaori/Desktop/Final$20Project/FPGA/conv1d_large_4mult.v:49$661'.
  created $dff cell `$procdff$2426' with positive edge clock.
Creating register for signal `$paramod$691b52981b4e942476eb5ad909f2594ec838c293\conv1d_large_4mult.\tap[18]' using process `$paramod$691b52981b4e942476eb5ad909f2594ec838c293\conv1d_large_4mult.$proc$/Users/adarmaori/Desktop/Final$20Project/FPGA/conv1d_large_4mult.v:49$661'.
  created $dff cell `$procdff$2427' with positive edge clock.
Creating register for signal `$paramod$691b52981b4e942476eb5ad909f2594ec838c293\conv1d_large_4mult.\tap[19]' using process `$paramod$691b52981b4e942476eb5ad909f2594ec838c293\conv1d_large_4mult.$proc$/Users/adarmaori/Desktop/Final$20Project/FPGA/conv1d_large_4mult.v:49$661'.
  created $dff cell `$procdff$2428' with positive edge clock.
Creating register for signal `$paramod$691b52981b4e942476eb5ad909f2594ec838c293\conv1d_large_4mult.\tap[20]' using process `$paramod$691b52981b4e942476eb5ad909f2594ec838c293\conv1d_large_4mult.$proc$/Users/adarmaori/Desktop/Final$20Project/FPGA/conv1d_large_4mult.v:49$661'.
  created $dff cell `$procdff$2429' with positive edge clock.
Creating register for signal `$paramod$691b52981b4e942476eb5ad909f2594ec838c293\conv1d_large_4mult.\tap[21]' using process `$paramod$691b52981b4e942476eb5ad909f2594ec838c293\conv1d_large_4mult.$proc$/Users/adarmaori/Desktop/Final$20Project/FPGA/conv1d_large_4mult.v:49$661'.
  created $dff cell `$procdff$2430' with positive edge clock.
Creating register for signal `$paramod$691b52981b4e942476eb5ad909f2594ec838c293\conv1d_large_4mult.\tap[22]' using process `$paramod$691b52981b4e942476eb5ad909f2594ec838c293\conv1d_large_4mult.$proc$/Users/adarmaori/Desktop/Final$20Project/FPGA/conv1d_large_4mult.v:49$661'.
  created $dff cell `$procdff$2431' with positive edge clock.
Creating register for signal `$paramod$691b52981b4e942476eb5ad909f2594ec838c293\conv1d_large_4mult.\tap[23]' using process `$paramod$691b52981b4e942476eb5ad909f2594ec838c293\conv1d_large_4mult.$proc$/Users/adarmaori/Desktop/Final$20Project/FPGA/conv1d_large_4mult.v:49$661'.
  created $dff cell `$procdff$2432' with positive edge clock.
Creating register for signal `$paramod$691b52981b4e942476eb5ad909f2594ec838c293\conv1d_large_4mult.\tap[24]' using process `$paramod$691b52981b4e942476eb5ad909f2594ec838c293\conv1d_large_4mult.$proc$/Users/adarmaori/Desktop/Final$20Project/FPGA/conv1d_large_4mult.v:49$661'.
  created $dff cell `$procdff$2433' with positive edge clock.
Creating register for signal `$paramod$691b52981b4e942476eb5ad909f2594ec838c293\conv1d_large_4mult.\tap[25]' using process `$paramod$691b52981b4e942476eb5ad909f2594ec838c293\conv1d_large_4mult.$proc$/Users/adarmaori/Desktop/Final$20Project/FPGA/conv1d_large_4mult.v:49$661'.
  created $dff cell `$procdff$2434' with positive edge clock.
Creating register for signal `$paramod$691b52981b4e942476eb5ad909f2594ec838c293\conv1d_large_4mult.\tap[26]' using process `$paramod$691b52981b4e942476eb5ad909f2594ec838c293\conv1d_large_4mult.$proc$/Users/adarmaori/Desktop/Final$20Project/FPGA/conv1d_large_4mult.v:49$661'.
  created $dff cell `$procdff$2435' with positive edge clock.
Creating register for signal `$paramod$691b52981b4e942476eb5ad909f2594ec838c293\conv1d_large_4mult.\tap[27]' using process `$paramod$691b52981b4e942476eb5ad909f2594ec838c293\conv1d_large_4mult.$proc$/Users/adarmaori/Desktop/Final$20Project/FPGA/conv1d_large_4mult.v:49$661'.
  created $dff cell `$procdff$2436' with positive edge clock.
Creating register for signal `$paramod$691b52981b4e942476eb5ad909f2594ec838c293\conv1d_large_4mult.\tap[28]' using process `$paramod$691b52981b4e942476eb5ad909f2594ec838c293\conv1d_large_4mult.$proc$/Users/adarmaori/Desktop/Final$20Project/FPGA/conv1d_large_4mult.v:49$661'.
  created $dff cell `$procdff$2437' with positive edge clock.
Creating register for signal `$paramod$691b52981b4e942476eb5ad909f2594ec838c293\conv1d_large_4mult.\tap[29]' using process `$paramod$691b52981b4e942476eb5ad909f2594ec838c293\conv1d_large_4mult.$proc$/Users/adarmaori/Desktop/Final$20Project/FPGA/conv1d_large_4mult.v:49$661'.
  created $dff cell `$procdff$2438' with positive edge clock.
Creating register for signal `$paramod$691b52981b4e942476eb5ad909f2594ec838c293\conv1d_large_4mult.\tap[30]' using process `$paramod$691b52981b4e942476eb5ad909f2594ec838c293\conv1d_large_4mult.$proc$/Users/adarmaori/Desktop/Final$20Project/FPGA/conv1d_large_4mult.v:49$661'.
  created $dff cell `$procdff$2439' with positive edge clock.
Creating register for signal `$paramod$691b52981b4e942476eb5ad909f2594ec838c293\conv1d_large_4mult.\tap[31]' using process `$paramod$691b52981b4e942476eb5ad909f2594ec838c293\conv1d_large_4mult.$proc$/Users/adarmaori/Desktop/Final$20Project/FPGA/conv1d_large_4mult.v:49$661'.
  created $dff cell `$procdff$2440' with positive edge clock.
Creating register for signal `$paramod$691b52981b4e942476eb5ad909f2594ec838c293\conv1d_large_4mult.\tap_weight$func$/Users/adarmaori/Desktop/Final$20Project/FPGA/conv1d_large_4mult.v:84$652.$result' using process `$paramod$691b52981b4e942476eb5ad909f2594ec838c293\conv1d_large_4mult.$proc$/Users/adarmaori/Desktop/Final$20Project/FPGA/conv1d_large_4mult.v:49$661'.
  created $dff cell `$procdff$2441' with positive edge clock.
Creating register for signal `$paramod$691b52981b4e942476eb5ad909f2594ec838c293\conv1d_large_4mult.\tap_weight$func$/Users/adarmaori/Desktop/Final$20Project/FPGA/conv1d_large_4mult.v:84$652.weight_index' using process `$paramod$691b52981b4e942476eb5ad909f2594ec838c293\conv1d_large_4mult.$proc$/Users/adarmaori/Desktop/Final$20Project/FPGA/conv1d_large_4mult.v:49$661'.
  created $dff cell `$procdff$2442' with positive edge clock.
Creating register for signal `$paramod$691b52981b4e942476eb5ad909f2594ec838c293\conv1d_large_4mult.\tap_weight$func$/Users/adarmaori/Desktop/Final$20Project/FPGA/conv1d_large_4mult.v:84$653.$result' using process `$paramod$691b52981b4e942476eb5ad909f2594ec838c293\conv1d_large_4mult.$proc$/Users/adarmaori/Desktop/Final$20Project/FPGA/conv1d_large_4mult.v:49$661'.
  created $dff cell `$procdff$2443' with positive edge clock.
Creating register for signal `$paramod$691b52981b4e942476eb5ad909f2594ec838c293\conv1d_large_4mult.\tap_weight$func$/Users/adarmaori/Desktop/Final$20Project/FPGA/conv1d_large_4mult.v:84$653.weight_index' using process `$paramod$691b52981b4e942476eb5ad909f2594ec838c293\conv1d_large_4mult.$proc$/Users/adarmaori/Desktop/Final$20Project/FPGA/conv1d_large_4mult.v:49$661'.
  created $dff cell `$procdff$2444' with positive edge clock.
Creating register for signal `$paramod$691b52981b4e942476eb5ad909f2594ec838c293\conv1d_large_4mult.\tap_weight$func$/Users/adarmaori/Desktop/Final$20Project/FPGA/conv1d_large_4mult.v:84$654.$result' using process `$paramod$691b52981b4e942476eb5ad909f2594ec838c293\conv1d_large_4mult.$proc$/Users/adarmaori/Desktop/Final$20Project/FPGA/conv1d_large_4mult.v:49$661'.
  created $dff cell `$procdff$2445' with positive edge clock.
Creating register for signal `$paramod$691b52981b4e942476eb5ad909f2594ec838c293\conv1d_large_4mult.\tap_weight$func$/Users/adarmaori/Desktop/Final$20Project/FPGA/conv1d_large_4mult.v:84$654.weight_index' using process `$paramod$691b52981b4e942476eb5ad909f2594ec838c293\conv1d_large_4mult.$proc$/Users/adarmaori/Desktop/Final$20Project/FPGA/conv1d_large_4mult.v:49$661'.
  created $dff cell `$procdff$2446' with positive edge clock.
Creating register for signal `$paramod$691b52981b4e942476eb5ad909f2594ec838c293\conv1d_large_4mult.\tap_weight$func$/Users/adarmaori/Desktop/Final$20Project/FPGA/conv1d_large_4mult.v:84$655.$result' using process `$paramod$691b52981b4e942476eb5ad909f2594ec838c293\conv1d_large_4mult.$proc$/Users/adarmaori/Desktop/Final$20Project/FPGA/conv1d_large_4mult.v:49$661'.
  created $dff cell `$procdff$2447' with positive edge clock.
Creating register for signal `$paramod$691b52981b4e942476eb5ad909f2594ec838c293\conv1d_large_4mult.\tap_weight$func$/Users/adarmaori/Desktop/Final$20Project/FPGA/conv1d_large_4mult.v:84$655.weight_index' using process `$paramod$691b52981b4e942476eb5ad909f2594ec838c293\conv1d_large_4mult.$proc$/Users/adarmaori/Desktop/Final$20Project/FPGA/conv1d_large_4mult.v:49$661'.
  created $dff cell `$procdff$2448' with positive edge clock.
Creating register for signal `$paramod$691b52981b4e942476eb5ad909f2594ec838c293\conv1d_large_4mult.\history[31]' using process `$paramod$691b52981b4e942476eb5ad909f2594ec838c293\conv1d_large_4mult.$proc$/Users/adarmaori/Desktop/Final$20Project/FPGA/conv1d_large_4mult.v:49$661'.
  created $dff cell `$procdff$2449' with positive edge clock.
Creating register for signal `$paramod$691b52981b4e942476eb5ad909f2594ec838c293\conv1d_large_4mult.\history[32]' using process `$paramod$691b52981b4e942476eb5ad909f2594ec838c293\conv1d_large_4mult.$proc$/Users/adarmaori/Desktop/Final$20Project/FPGA/conv1d_large_4mult.v:49$661'.
  created $dff cell `$procdff$2450' with positive edge clock.
Creating register for signal `$paramod$691b52981b4e942476eb5ad909f2594ec838c293\conv1d_large_4mult.\history[33]' using process `$paramod$691b52981b4e942476eb5ad909f2594ec838c293\conv1d_large_4mult.$proc$/Users/adarmaori/Desktop/Final$20Project/FPGA/conv1d_large_4mult.v:49$661'.
  created $dff cell `$procdff$2451' with positive edge clock.
Creating register for signal `$paramod$691b52981b4e942476eb5ad909f2594ec838c293\conv1d_large_4mult.\history[34]' using process `$paramod$691b52981b4e942476eb5ad909f2594ec838c293\conv1d_large_4mult.$proc$/Users/adarmaori/Desktop/Final$20Project/FPGA/conv1d_large_4mult.v:49$661'.
  created $dff cell `$procdff$2452' with positive edge clock.
Creating register for signal `$paramod$691b52981b4e942476eb5ad909f2594ec838c293\conv1d_large_4mult.\history[35]' using process `$paramod$691b52981b4e942476eb5ad909f2594ec838c293\conv1d_large_4mult.$proc$/Users/adarmaori/Desktop/Final$20Project/FPGA/conv1d_large_4mult.v:49$661'.
  created $dff cell `$procdff$2453' with positive edge clock.
Creating register for signal `$paramod$691b52981b4e942476eb5ad909f2594ec838c293\conv1d_large_4mult.\history[36]' using process `$paramod$691b52981b4e942476eb5ad909f2594ec838c293\conv1d_large_4mult.$proc$/Users/adarmaori/Desktop/Final$20Project/FPGA/conv1d_large_4mult.v:49$661'.
  created $dff cell `$procdff$2454' with positive edge clock.
Creating register for signal `$paramod$691b52981b4e942476eb5ad909f2594ec838c293\conv1d_large_4mult.\history[37]' using process `$paramod$691b52981b4e942476eb5ad909f2594ec838c293\conv1d_large_4mult.$proc$/Users/adarmaori/Desktop/Final$20Project/FPGA/conv1d_large_4mult.v:49$661'.
  created $dff cell `$procdff$2455' with positive edge clock.
Creating register for signal `$paramod$691b52981b4e942476eb5ad909f2594ec838c293\conv1d_large_4mult.\history[38]' using process `$paramod$691b52981b4e942476eb5ad909f2594ec838c293\conv1d_large_4mult.$proc$/Users/adarmaori/Desktop/Final$20Project/FPGA/conv1d_large_4mult.v:49$661'.
  created $dff cell `$procdff$2456' with positive edge clock.
Creating register for signal `$paramod$691b52981b4e942476eb5ad909f2594ec838c293\conv1d_large_4mult.\history[39]' using process `$paramod$691b52981b4e942476eb5ad909f2594ec838c293\conv1d_large_4mult.$proc$/Users/adarmaori/Desktop/Final$20Project/FPGA/conv1d_large_4mult.v:49$661'.
  created $dff cell `$procdff$2457' with positive edge clock.
Creating register for signal `$paramod$691b52981b4e942476eb5ad909f2594ec838c293\conv1d_large_4mult.\history[40]' using process `$paramod$691b52981b4e942476eb5ad909f2594ec838c293\conv1d_large_4mult.$proc$/Users/adarmaori/Desktop/Final$20Project/FPGA/conv1d_large_4mult.v:49$661'.
  created $dff cell `$procdff$2458' with positive edge clock.
Creating register for signal `$paramod$691b52981b4e942476eb5ad909f2594ec838c293\conv1d_large_4mult.\history[41]' using process `$paramod$691b52981b4e942476eb5ad909f2594ec838c293\conv1d_large_4mult.$proc$/Users/adarmaori/Desktop/Final$20Project/FPGA/conv1d_large_4mult.v:49$661'.
  created $dff cell `$procdff$2459' with positive edge clock.
Creating register for signal `$paramod$691b52981b4e942476eb5ad909f2594ec838c293\conv1d_large_4mult.\history[42]' using process `$paramod$691b52981b4e942476eb5ad909f2594ec838c293\conv1d_large_4mult.$proc$/Users/adarmaori/Desktop/Final$20Project/FPGA/conv1d_large_4mult.v:49$661'.
  created $dff cell `$procdff$2460' with positive edge clock.
Creating register for signal `$paramod$691b52981b4e942476eb5ad909f2594ec838c293\conv1d_large_4mult.\history[43]' using process `$paramod$691b52981b4e942476eb5ad909f2594ec838c293\conv1d_large_4mult.$proc$/Users/adarmaori/Desktop/Final$20Project/FPGA/conv1d_large_4mult.v:49$661'.
  created $dff cell `$procdff$2461' with positive edge clock.
Creating register for signal `$paramod$691b52981b4e942476eb5ad909f2594ec838c293\conv1d_large_4mult.\history[44]' using process `$paramod$691b52981b4e942476eb5ad909f2594ec838c293\conv1d_large_4mult.$proc$/Users/adarmaori/Desktop/Final$20Project/FPGA/conv1d_large_4mult.v:49$661'.
  created $dff cell `$procdff$2462' with positive edge clock.
Creating register for signal `$paramod$691b52981b4e942476eb5ad909f2594ec838c293\conv1d_large_4mult.\history[45]' using process `$paramod$691b52981b4e942476eb5ad909f2594ec838c293\conv1d_large_4mult.$proc$/Users/adarmaori/Desktop/Final$20Project/FPGA/conv1d_large_4mult.v:49$661'.
  created $dff cell `$procdff$2463' with positive edge clock.
Creating register for signal `$paramod$691b52981b4e942476eb5ad909f2594ec838c293\conv1d_large_4mult.\history[46]' using process `$paramod$691b52981b4e942476eb5ad909f2594ec838c293\conv1d_large_4mult.$proc$/Users/adarmaori/Desktop/Final$20Project/FPGA/conv1d_large_4mult.v:49$661'.
  created $dff cell `$procdff$2464' with positive edge clock.
Creating register for signal `$paramod$691b52981b4e942476eb5ad909f2594ec838c293\conv1d_large_4mult.\tap[32]' using process `$paramod$691b52981b4e942476eb5ad909f2594ec838c293\conv1d_large_4mult.$proc$/Users/adarmaori/Desktop/Final$20Project/FPGA/conv1d_large_4mult.v:49$661'.
  created $dff cell `$procdff$2465' with positive edge clock.
Creating register for signal `$paramod$691b52981b4e942476eb5ad909f2594ec838c293\conv1d_large_4mult.\tap[33]' using process `$paramod$691b52981b4e942476eb5ad909f2594ec838c293\conv1d_large_4mult.$proc$/Users/adarmaori/Desktop/Final$20Project/FPGA/conv1d_large_4mult.v:49$661'.
  created $dff cell `$procdff$2466' with positive edge clock.
Creating register for signal `$paramod$691b52981b4e942476eb5ad909f2594ec838c293\conv1d_large_4mult.\tap[34]' using process `$paramod$691b52981b4e942476eb5ad909f2594ec838c293\conv1d_large_4mult.$proc$/Users/adarmaori/Desktop/Final$20Project/FPGA/conv1d_large_4mult.v:49$661'.
  created $dff cell `$procdff$2467' with positive edge clock.
Creating register for signal `$paramod$691b52981b4e942476eb5ad909f2594ec838c293\conv1d_large_4mult.\tap[35]' using process `$paramod$691b52981b4e942476eb5ad909f2594ec838c293\conv1d_large_4mult.$proc$/Users/adarmaori/Desktop/Final$20Project/FPGA/conv1d_large_4mult.v:49$661'.
  created $dff cell `$procdff$2468' with positive edge clock.
Creating register for signal `$paramod$691b52981b4e942476eb5ad909f2594ec838c293\conv1d_large_4mult.\tap[36]' using process `$paramod$691b52981b4e942476eb5ad909f2594ec838c293\conv1d_large_4mult.$proc$/Users/adarmaori/Desktop/Final$20Project/FPGA/conv1d_large_4mult.v:49$661'.
  created $dff cell `$procdff$2469' with positive edge clock.
Creating register for signal `$paramod$691b52981b4e942476eb5ad909f2594ec838c293\conv1d_large_4mult.\tap[37]' using process `$paramod$691b52981b4e942476eb5ad909f2594ec838c293\conv1d_large_4mult.$proc$/Users/adarmaori/Desktop/Final$20Project/FPGA/conv1d_large_4mult.v:49$661'.
  created $dff cell `$procdff$2470' with positive edge clock.
Creating register for signal `$paramod$691b52981b4e942476eb5ad909f2594ec838c293\conv1d_large_4mult.\tap[38]' using process `$paramod$691b52981b4e942476eb5ad909f2594ec838c293\conv1d_large_4mult.$proc$/Users/adarmaori/Desktop/Final$20Project/FPGA/conv1d_large_4mult.v:49$661'.
  created $dff cell `$procdff$2471' with positive edge clock.
Creating register for signal `$paramod$691b52981b4e942476eb5ad909f2594ec838c293\conv1d_large_4mult.\tap[39]' using process `$paramod$691b52981b4e942476eb5ad909f2594ec838c293\conv1d_large_4mult.$proc$/Users/adarmaori/Desktop/Final$20Project/FPGA/conv1d_large_4mult.v:49$661'.
  created $dff cell `$procdff$2472' with positive edge clock.
Creating register for signal `$paramod$691b52981b4e942476eb5ad909f2594ec838c293\conv1d_large_4mult.\tap[40]' using process `$paramod$691b52981b4e942476eb5ad909f2594ec838c293\conv1d_large_4mult.$proc$/Users/adarmaori/Desktop/Final$20Project/FPGA/conv1d_large_4mult.v:49$661'.
  created $dff cell `$procdff$2473' with positive edge clock.
Creating register for signal `$paramod$691b52981b4e942476eb5ad909f2594ec838c293\conv1d_large_4mult.\tap[41]' using process `$paramod$691b52981b4e942476eb5ad909f2594ec838c293\conv1d_large_4mult.$proc$/Users/adarmaori/Desktop/Final$20Project/FPGA/conv1d_large_4mult.v:49$661'.
  created $dff cell `$procdff$2474' with positive edge clock.
Creating register for signal `$paramod$691b52981b4e942476eb5ad909f2594ec838c293\conv1d_large_4mult.\tap[42]' using process `$paramod$691b52981b4e942476eb5ad909f2594ec838c293\conv1d_large_4mult.$proc$/Users/adarmaori/Desktop/Final$20Project/FPGA/conv1d_large_4mult.v:49$661'.
  created $dff cell `$procdff$2475' with positive edge clock.
Creating register for signal `$paramod$691b52981b4e942476eb5ad909f2594ec838c293\conv1d_large_4mult.\tap[43]' using process `$paramod$691b52981b4e942476eb5ad909f2594ec838c293\conv1d_large_4mult.$proc$/Users/adarmaori/Desktop/Final$20Project/FPGA/conv1d_large_4mult.v:49$661'.
  created $dff cell `$procdff$2476' with positive edge clock.
Creating register for signal `$paramod$691b52981b4e942476eb5ad909f2594ec838c293\conv1d_large_4mult.\tap[44]' using process `$paramod$691b52981b4e942476eb5ad909f2594ec838c293\conv1d_large_4mult.$proc$/Users/adarmaori/Desktop/Final$20Project/FPGA/conv1d_large_4mult.v:49$661'.
  created $dff cell `$procdff$2477' with positive edge clock.
Creating register for signal `$paramod$691b52981b4e942476eb5ad909f2594ec838c293\conv1d_large_4mult.\tap[45]' using process `$paramod$691b52981b4e942476eb5ad909f2594ec838c293\conv1d_large_4mult.$proc$/Users/adarmaori/Desktop/Final$20Project/FPGA/conv1d_large_4mult.v:49$661'.
  created $dff cell `$procdff$2478' with positive edge clock.
Creating register for signal `$paramod$691b52981b4e942476eb5ad909f2594ec838c293\conv1d_large_4mult.\tap[46]' using process `$paramod$691b52981b4e942476eb5ad909f2594ec838c293\conv1d_large_4mult.$proc$/Users/adarmaori/Desktop/Final$20Project/FPGA/conv1d_large_4mult.v:49$661'.
  created $dff cell `$procdff$2479' with positive edge clock.
Creating register for signal `$paramod$691b52981b4e942476eb5ad909f2594ec838c293\conv1d_large_4mult.\tap[47]' using process `$paramod$691b52981b4e942476eb5ad909f2594ec838c293\conv1d_large_4mult.$proc$/Users/adarmaori/Desktop/Final$20Project/FPGA/conv1d_large_4mult.v:49$661'.
  created $dff cell `$procdff$2480' with positive edge clock.
Creating register for signal `$paramod$691b52981b4e942476eb5ad909f2594ec838c293\conv1d_large_4mult.$mem2reg_rd$\tap$/Users/adarmaori/Desktop/Final$20Project/FPGA/conv1d_large_4mult.v:84$656_ADDR' using process `$paramod$691b52981b4e942476eb5ad909f2594ec838c293\conv1d_large_4mult.$proc$/Users/adarmaori/Desktop/Final$20Project/FPGA/conv1d_large_4mult.v:49$661'.
  created $dff cell `$procdff$2481' with positive edge clock.
Creating register for signal `$paramod$691b52981b4e942476eb5ad909f2594ec838c293\conv1d_large_4mult.$mem2reg_rd$\tap$/Users/adarmaori/Desktop/Final$20Project/FPGA/conv1d_large_4mult.v:84$656_DATA' using process `$paramod$691b52981b4e942476eb5ad909f2594ec838c293\conv1d_large_4mult.$proc$/Users/adarmaori/Desktop/Final$20Project/FPGA/conv1d_large_4mult.v:49$661'.
  created $dff cell `$procdff$2482' with positive edge clock.
Creating register for signal `$paramod$691b52981b4e942476eb5ad909f2594ec838c293\conv1d_large_4mult.$mem2reg_rd$\tap$/Users/adarmaori/Desktop/Final$20Project/FPGA/conv1d_large_4mult.v:84$657_ADDR' using process `$paramod$691b52981b4e942476eb5ad909f2594ec838c293\conv1d_large_4mult.$proc$/Users/adarmaori/Desktop/Final$20Project/FPGA/conv1d_large_4mult.v:49$661'.
  created $dff cell `$procdff$2483' with positive edge clock.
Creating register for signal `$paramod$691b52981b4e942476eb5ad909f2594ec838c293\conv1d_large_4mult.$mem2reg_rd$\tap$/Users/adarmaori/Desktop/Final$20Project/FPGA/conv1d_large_4mult.v:84$657_DATA' using process `$paramod$691b52981b4e942476eb5ad909f2594ec838c293\conv1d_large_4mult.$proc$/Users/adarmaori/Desktop/Final$20Project/FPGA/conv1d_large_4mult.v:49$661'.
  created $dff cell `$procdff$2484' with positive edge clock.
Creating register for signal `$paramod$691b52981b4e942476eb5ad909f2594ec838c293\conv1d_large_4mult.$mem2reg_rd$\tap$/Users/adarmaori/Desktop/Final$20Project/FPGA/conv1d_large_4mult.v:84$658_ADDR' using process `$paramod$691b52981b4e942476eb5ad909f2594ec838c293\conv1d_large_4mult.$proc$/Users/adarmaori/Desktop/Final$20Project/FPGA/conv1d_large_4mult.v:49$661'.
  created $dff cell `$procdff$2485' with positive edge clock.
Creating register for signal `$paramod$691b52981b4e942476eb5ad909f2594ec838c293\conv1d_large_4mult.$mem2reg_rd$\tap$/Users/adarmaori/Desktop/Final$20Project/FPGA/conv1d_large_4mult.v:84$658_DATA' using process `$paramod$691b52981b4e942476eb5ad909f2594ec838c293\conv1d_large_4mult.$proc$/Users/adarmaori/Desktop/Final$20Project/FPGA/conv1d_large_4mult.v:49$661'.
  created $dff cell `$procdff$2486' with positive edge clock.
Creating register for signal `$paramod$691b52981b4e942476eb5ad909f2594ec838c293\conv1d_large_4mult.$mem2reg_rd$\tap$/Users/adarmaori/Desktop/Final$20Project/FPGA/conv1d_large_4mult.v:84$659_ADDR' using process `$paramod$691b52981b4e942476eb5ad909f2594ec838c293\conv1d_large_4mult.$proc$/Users/adarmaori/Desktop/Final$20Project/FPGA/conv1d_large_4mult.v:49$661'.
  created $dff cell `$procdff$2487' with positive edge clock.
Creating register for signal `$paramod$691b52981b4e942476eb5ad909f2594ec838c293\conv1d_large_4mult.$mem2reg_rd$\tap$/Users/adarmaori/Desktop/Final$20Project/FPGA/conv1d_large_4mult.v:84$659_DATA' using process `$paramod$691b52981b4e942476eb5ad909f2594ec838c293\conv1d_large_4mult.$proc$/Users/adarmaori/Desktop/Final$20Project/FPGA/conv1d_large_4mult.v:49$661'.
  created $dff cell `$procdff$2488' with positive edge clock.

5.3.10. Executing PROC_MEMWR pass (convert process memory writes to cells).

5.3.11. Executing PROC_CLEAN pass (remove empty switches from decision trees).
Removing empty process `SB_DFFNES.$proc$/opt/homebrew/bin/../share/yosys/ice40/cells_sim.v:0$382'.
Found and cleaned up 1 empty switch in `\SB_DFFNES.$proc$/opt/homebrew/bin/../share/yosys/ice40/cells_sim.v:1414$379'.
Removing empty process `SB_DFFNES.$proc$/opt/homebrew/bin/../share/yosys/ice40/cells_sim.v:1414$379'.
Removing empty process `SB_DFFNESS.$proc$/opt/homebrew/bin/../share/yosys/ice40/cells_sim.v:0$378'.
Found and cleaned up 2 empty switches in `\SB_DFFNESS.$proc$/opt/homebrew/bin/../share/yosys/ice40/cells_sim.v:1353$372'.
Removing empty process `SB_DFFNESS.$proc$/opt/homebrew/bin/../share/yosys/ice40/cells_sim.v:1353$372'.
Removing empty process `SB_DFFNER.$proc$/opt/homebrew/bin/../share/yosys/ice40/cells_sim.v:0$371'.
Found and cleaned up 1 empty switch in `\SB_DFFNER.$proc$/opt/homebrew/bin/../share/yosys/ice40/cells_sim.v:1273$368'.
Removing empty process `SB_DFFNER.$proc$/opt/homebrew/bin/../share/yosys/ice40/cells_sim.v:1273$368'.
Removing empty process `SB_DFFNESR.$proc$/opt/homebrew/bin/../share/yosys/ice40/cells_sim.v:0$367'.
Found and cleaned up 2 empty switches in `\SB_DFFNESR.$proc$/opt/homebrew/bin/../share/yosys/ice40/cells_sim.v:1212$361'.
Removing empty process `SB_DFFNESR.$proc$/opt/homebrew/bin/../share/yosys/ice40/cells_sim.v:1212$361'.
Removing empty process `SB_DFFNS.$proc$/opt/homebrew/bin/../share/yosys/ice40/cells_sim.v:0$360'.
Removing empty process `SB_DFFNS.$proc$/opt/homebrew/bin/../share/yosys/ice40/cells_sim.v:1138$358'.
Removing empty process `SB_DFFNSS.$proc$/opt/homebrew/bin/../share/yosys/ice40/cells_sim.v:0$357'.
Found and cleaned up 1 empty switch in `\SB_DFFNSS.$proc$/opt/homebrew/bin/../share/yosys/ice40/cells_sim.v:1088$355'.
Removing empty process `SB_DFFNSS.$proc$/opt/homebrew/bin/../share/yosys/ice40/cells_sim.v:1088$355'.
Removing empty process `SB_DFFNR.$proc$/opt/homebrew/bin/../share/yosys/ice40/cells_sim.v:0$354'.
Removing empty process `SB_DFFNR.$proc$/opt/homebrew/bin/../share/yosys/ice40/cells_sim.v:1017$352'.
Removing empty process `SB_DFFNSR.$proc$/opt/homebrew/bin/../share/yosys/ice40/cells_sim.v:0$351'.
Found and cleaned up 1 empty switch in `\SB_DFFNSR.$proc$/opt/homebrew/bin/../share/yosys/ice40/cells_sim.v:967$349'.
Removing empty process `SB_DFFNSR.$proc$/opt/homebrew/bin/../share/yosys/ice40/cells_sim.v:967$349'.
Removing empty process `SB_DFFNE.$proc$/opt/homebrew/bin/../share/yosys/ice40/cells_sim.v:0$348'.
Found and cleaned up 1 empty switch in `\SB_DFFNE.$proc$/opt/homebrew/bin/../share/yosys/ice40/cells_sim.v:922$347'.
Removing empty process `SB_DFFNE.$proc$/opt/homebrew/bin/../share/yosys/ice40/cells_sim.v:922$347'.
Removing empty process `SB_DFFN.$proc$/opt/homebrew/bin/../share/yosys/ice40/cells_sim.v:0$346'.
Removing empty process `SB_DFFN.$proc$/opt/homebrew/bin/../share/yosys/ice40/cells_sim.v:882$345'.
Removing empty process `SB_DFFES.$proc$/opt/homebrew/bin/../share/yosys/ice40/cells_sim.v:0$344'.
Found and cleaned up 1 empty switch in `\SB_DFFES.$proc$/opt/homebrew/bin/../share/yosys/ice40/cells_sim.v:803$341'.
Removing empty process `SB_DFFES.$proc$/opt/homebrew/bin/../share/yosys/ice40/cells_sim.v:803$341'.
Removing empty process `SB_DFFESS.$proc$/opt/homebrew/bin/../share/yosys/ice40/cells_sim.v:0$340'.
Found and cleaned up 2 empty switches in `\SB_DFFESS.$proc$/opt/homebrew/bin/../share/yosys/ice40/cells_sim.v:742$334'.
Removing empty process `SB_DFFESS.$proc$/opt/homebrew/bin/../share/yosys/ice40/cells_sim.v:742$334'.
Removing empty process `SB_DFFER.$proc$/opt/homebrew/bin/../share/yosys/ice40/cells_sim.v:0$333'.
Found and cleaned up 1 empty switch in `\SB_DFFER.$proc$/opt/homebrew/bin/../share/yosys/ice40/cells_sim.v:662$330'.
Removing empty process `SB_DFFER.$proc$/opt/homebrew/bin/../share/yosys/ice40/cells_sim.v:662$330'.
Removing empty process `SB_DFFESR.$proc$/opt/homebrew/bin/../share/yosys/ice40/cells_sim.v:0$329'.
Found and cleaned up 2 empty switches in `\SB_DFFESR.$proc$/opt/homebrew/bin/../share/yosys/ice40/cells_sim.v:601$323'.
Removing empty process `SB_DFFESR.$proc$/opt/homebrew/bin/../share/yosys/ice40/cells_sim.v:601$323'.
Removing empty process `SB_DFFS.$proc$/opt/homebrew/bin/../share/yosys/ice40/cells_sim.v:0$322'.
Removing empty process `SB_DFFS.$proc$/opt/homebrew/bin/../share/yosys/ice40/cells_sim.v:527$320'.
Removing empty process `SB_DFFSS.$proc$/opt/homebrew/bin/../share/yosys/ice40/cells_sim.v:0$319'.
Found and cleaned up 1 empty switch in `\SB_DFFSS.$proc$/opt/homebrew/bin/../share/yosys/ice40/cells_sim.v:477$317'.
Removing empty process `SB_DFFSS.$proc$/opt/homebrew/bin/../share/yosys/ice40/cells_sim.v:477$317'.
Removing empty process `SB_DFFR.$proc$/opt/homebrew/bin/../share/yosys/ice40/cells_sim.v:0$316'.
Removing empty process `SB_DFFR.$proc$/opt/homebrew/bin/../share/yosys/ice40/cells_sim.v:406$314'.
Removing empty process `SB_DFFSR.$proc$/opt/homebrew/bin/../share/yosys/ice40/cells_sim.v:0$313'.
Found and cleaned up 1 empty switch in `\SB_DFFSR.$proc$/opt/homebrew/bin/../share/yosys/ice40/cells_sim.v:356$311'.
Removing empty process `SB_DFFSR.$proc$/opt/homebrew/bin/../share/yosys/ice40/cells_sim.v:356$311'.
Removing empty process `SB_DFFE.$proc$/opt/homebrew/bin/../share/yosys/ice40/cells_sim.v:0$310'.
Found and cleaned up 1 empty switch in `\SB_DFFE.$proc$/opt/homebrew/bin/../share/yosys/ice40/cells_sim.v:311$309'.
Removing empty process `SB_DFFE.$proc$/opt/homebrew/bin/../share/yosys/ice40/cells_sim.v:311$309'.
Removing empty process `SB_DFF.$proc$/opt/homebrew/bin/../share/yosys/ice40/cells_sim.v:0$308'.
Removing empty process `SB_DFF.$proc$/opt/homebrew/bin/../share/yosys/ice40/cells_sim.v:271$307'.
Found and cleaned up 16 empty switches in `$paramod$691b52981b4e942476eb5ad909f2594ec838c293\conv1d_large_4mult.$proc$/Users/adarmaori/Desktop/Final$20Project/FPGA/conv1d_large_4mult.v:49$661'.
Removing empty process `$paramod$691b52981b4e942476eb5ad909f2594ec838c293\conv1d_large_4mult.$proc$/Users/adarmaori/Desktop/Final$20Project/FPGA/conv1d_large_4mult.v:49$661'.
Cleaned up 34 empty switches.

5.3.12. Executing OPT_EXPR pass (perform const folding).
Optimizing module conv1d_large_benchmark_top.
Optimizing module $paramod$691b52981b4e942476eb5ad909f2594ec838c293\conv1d_large_engine.
Optimizing module $paramod$691b52981b4e942476eb5ad909f2594ec838c293\conv1d_large_4mult.
<suppressed ~4 debug messages>

5.4. Executing FLATTEN pass (flatten design).
Deleting now unused module $paramod$691b52981b4e942476eb5ad909f2594ec838c293\conv1d_large_engine.
Deleting now unused module $paramod$691b52981b4e942476eb5ad909f2594ec838c293\conv1d_large_4mult.
<suppressed ~2 debug messages>

5.5. Executing TRIBUF pass.

5.6. Executing DEMINOUT pass (demote inout ports to input or output).

5.7. Executing OPT_EXPR pass (perform const folding).
Optimizing module conv1d_large_benchmark_top.
<suppressed ~8 debug messages>

5.8. Executing OPT_CLEAN pass (remove unused cells and wires).
Finding unused cells or wires in module \conv1d_large_benchmark_top..
Removed 190 unused cells and 829 unused wires.
<suppressed ~205 debug messages>

5.9. Executing CHECK pass (checking for obvious problems).
Checking module conv1d_large_benchmark_top...
Found and reported 0 problems.

5.10. Executing OPT pass (performing simple optimizations).

5.10.1. Executing OPT_EXPR pass (perform const folding).
Optimizing module conv1d_large_benchmark_top.
<suppressed ~1 debug messages>

5.10.2. Executing OPT_MERGE pass (detect identical cells).
Finding identical cells in module `\conv1d_large_benchmark_top'.
<suppressed ~24 debug messages>
Removed a total of 8 cells.

5.10.3. Executing OPT_MUXTREE pass (detect dead branches in mux trees).
Running muxtree optimizer on module \conv1d_large_benchmark_top..
  Creating internal representation of mux trees.
  Evaluating internal representation of mux trees.
      Replacing known input bits on port A of cell $flatten\conv.\impl.$procmux$2307: \conv.impl.busy -> 1'0
      Replacing known input bits on port A of cell $flatten\conv.\impl.$procmux$2305: \conv.impl.busy -> 1'1
  Analyzing evaluation results.
Removed 0 multiplexer ports.
<suppressed ~112 debug messages>

5.10.4. Executing OPT_REDUCE pass (consolidate $*mux and $reduce_* inputs).
  Optimizing cells in module \conv1d_large_benchmark_top.
    New ctrl vector for $pmux cell $flatten\conv.\impl.$procmux$1036: { $flatten\conv.\impl.$procmux$1042_CMP $flatten\conv.\impl.$procmux$1041_CMP $flatten\conv.\impl.$procmux$1040_CMP $flatten\conv.\impl.$procmux$1038_CMP $auto$opt_reduce.cc:134:opt_pmux$2512 }
    New ctrl vector for $pmux cell $flatten\conv.\impl.$procmux$1178: { $flatten\conv.\impl.$procmux$1184_CMP $flatten\conv.\impl.$procmux$1183_CMP $flatten\conv.\impl.$procmux$1182_CMP $flatten\conv.\impl.$procmux$1180_CMP $auto$opt_reduce.cc:134:opt_pmux$2514 }
    New ctrl vector for $pmux cell $flatten\conv.\impl.$procmux$1320: { $flatten\conv.\impl.$procmux$1326_CMP $flatten\conv.\impl.$procmux$1325_CMP $flatten\conv.\impl.$procmux$1324_CMP $flatten\conv.\impl.$procmux$1322_CMP $auto$opt_reduce.cc:134:opt_pmux$2516 }
    New ctrl vector for $pmux cell $flatten\conv.\impl.$procmux$894: { $flatten\conv.\impl.$procmux$900_CMP $flatten\conv.\impl.$procmux$899_CMP $flatten\conv.\impl.$procmux$898_CMP $flatten\conv.\impl.$procmux$896_CMP $auto$opt_reduce.cc:134:opt_pmux$2518 }
  Optimizing cells in module \conv1d_large_benchmark_top.
Performed a total of 4 changes.

5.10.5. Executing OPT_MERGE pass (detect identical cells).
Finding identical cells in module `\conv1d_large_benchmark_top'.
Removed a total of 0 cells.

5.10.6. Executing OPT_DFF pass (perform DFF optimizations).

5.10.7. Executing OPT_CLEAN pass (remove unused cells and wires).
Finding unused cells or wires in module \conv1d_large_benchmark_top..
Removed 1 unused cells and 10 unused wires.
<suppressed ~2 debug messages>

5.10.8. Executing OPT_EXPR pass (perform const folding).
Optimizing module conv1d_large_benchmark_top.

5.10.9. Rerunning OPT passes. (Maybe there is more to do..)

5.10.10. Executing OPT_MUXTREE pass (detect dead branches in mux trees).
Running muxtree optimizer on module \conv1d_large_benchmark_top..
  Creating internal representation of mux trees.
  Evaluating internal representation of mux trees.
  Analyzing evaluation results.
Removed 0 multiplexer ports.
<suppressed ~112 debug messages>

5.10.11. Executing OPT_REDUCE pass (consolidate $*mux and $reduce_* inputs).
  Optimizing cells in module \conv1d_large_benchmark_top.
Performed a total of 0 changes.

5.10.12. Executing OPT_MERGE pass (detect identical cells).
Finding identical cells in module `\conv1d_large_benchmark_top'.
Removed a total of 0 cells.

5.10.13. Executing OPT_DFF pass (perform DFF optimizations).

5.10.14. Executing OPT_CLEAN pass (remove unused cells and wires).
Finding unused cells or wires in module \conv1d_large_benchmark_top..

5.10.15. Executing OPT_EXPR pass (perform const folding).
Optimizing module conv1d_large_benchmark_top.

5.10.16. Finished OPT passes. (There is nothing left to do.)

5.11. Executing FSM pass (extract and optimize FSM).

5.11.1. Executing FSM_DETECT pass (finding FSMs in design).

5.11.2. Executing FSM_EXTRACT pass (extracting FSM from design).

5.11.3. Executing FSM_OPT pass (simple optimizations of FSMs).

5.11.4. Executing OPT_CLEAN pass (remove unused cells and wires).
Finding unused cells or wires in module \conv1d_large_benchmark_top..

5.11.5. Executing FSM_OPT pass (simple optimizations of FSMs).

5.11.6. Executing FSM_RECODE pass (re-assigning FSM state encoding).

5.11.7. Executing FSM_INFO pass (dumping all available information on FSM cells).

5.11.8. Executing FSM_MAP pass (mapping FSMs to basic logic).

5.12. Executing OPT pass (performing simple optimizations).

5.12.1. Executing OPT_EXPR pass (perform const folding).
Optimizing module conv1d_large_benchmark_top.

5.12.2. Executing OPT_MERGE pass (detect identical cells).
Finding identical cells in module `\conv1d_large_benchmark_top'.
Removed a total of 0 cells.

5.12.3. Executing OPT_MUXTREE pass (detect dead branches in mux trees).
Running muxtree optimizer on module \conv1d_large_benchmark_top..
  Creating internal representation of mux trees.
  Evaluating internal representation of mux trees.
  Analyzing evaluation results.
Removed 0 multiplexer ports.
<suppressed ~112 debug messages>

5.12.4. Executing OPT_REDUCE pass (consolidate $*mux and $reduce_* inputs).
  Optimizing cells in module \conv1d_large_benchmark_top.
Performed a total of 0 changes.

5.12.5. Executing OPT_MERGE pass (detect identical cells).
Finding identical cells in module `\conv1d_large_benchmark_top'.
Removed a total of 0 cells.

5.12.6. Executing OPT_DFF pass (perform DFF optimizations).
Adding SRST signal on $flatten\conv.\impl.$procdff$2480 ($dff) from module conv1d_large_benchmark_top (D = $flatten\conv.\impl.$procmux$1734_Y, Q = \conv.impl.tap[47], rval = 8'00000000).
Adding EN signal on $auto$ff.cc:266:slice$2519 ($sdff) from module conv1d_large_benchmark_top (D = \conv.impl.history[46], Q = \conv.impl.tap[47]).
Adding SRST signal on $flatten\conv.\impl.$procdff$2479 ($dff) from module conv1d_large_benchmark_top (D = $flatten\conv.\impl.$procmux$1740_Y, Q = \conv.impl.tap[46], rval = 8'00000000).
Adding EN signal on $auto$ff.cc:266:slice$2521 ($sdff) from module conv1d_large_benchmark_top (D = \conv.impl.history[45], Q = \conv.impl.tap[46]).
Adding SRST signal on $flatten\conv.\impl.$procdff$2478 ($dff) from module conv1d_large_benchmark_top (D = $flatten\conv.\impl.$procmux$1746_Y, Q = \conv.impl.tap[45], rval = 8'00000000).
Adding EN signal on $auto$ff.cc:266:slice$2523 ($sdff) from module conv1d_large_benchmark_top (D = \conv.impl.history[44], Q = \conv.impl.tap[45]).
Adding SRST signal on $flatten\conv.\impl.$procdff$2477 ($dff) from module conv1d_large_benchmark_top (D = $flatten\conv.\impl.$procmux$1752_Y, Q = \conv.impl.tap[44], rval = 8'00000000).
Adding EN signal on $auto$ff.cc:266:slice$2525 ($sdff) from module conv1d_large_benchmark_top (D = \conv.impl.history[43], Q = \conv.impl.tap[44]).
Adding SRST signal on $flatten\conv.\impl.$procdff$2476 ($dff) from module conv1d_large_benchmark_top (D = $flatten\conv.\impl.$procmux$1758_Y, Q = \conv.impl.tap[43], rval = 8'00000000).
Adding EN signal on $auto$ff.cc:266:slice$2527 ($sdff) from module conv1d_large_benchmark_top (D = \conv.impl.history[42], Q = \conv.impl.tap[43]).
Adding SRST signal on $flatten\conv.\impl.$procdff$2475 ($dff) from module conv1d_large_benchmark_top (D = $flatten\conv.\impl.$procmux$1764_Y, Q = \conv.impl.tap[42], rval = 8'00000000).
Adding EN signal on $auto$ff.cc:266:slice$2529 ($sdff) from module conv1d_large_benchmark_top (D = \conv.impl.history[41], Q = \conv.impl.tap[42]).
Adding SRST signal on $flatten\conv.\impl.$procdff$2474 ($dff) from module conv1d_large_benchmark_top (D = $flatten\conv.\impl.$procmux$1770_Y, Q = \conv.impl.tap[41], rval = 8'00000000).
Adding EN signal on $auto$ff.cc:266:slice$2531 ($sdff) from module conv1d_large_benchmark_top (D = \conv.impl.history[40], Q = \conv.impl.tap[41]).
Adding SRST signal on $flatten\conv.\impl.$procdff$2473 ($dff) from module conv1d_large_benchmark_top (D = $flatten\conv.\impl.$procmux$1776_Y, Q = \conv.impl.tap[40], rval = 8'00000000).
Adding EN signal on $auto$ff.cc:266:slice$2533 ($sdff) from module conv1d_large_benchmark_top (D = \conv.impl.history[39], Q = \conv.impl.tap[40]).
Adding SRST signal on $flatten\conv.\impl.$procdff$2472 ($dff) from module conv1d_large_benchmark_top (D = $flatten\conv.\impl.$procmux$1782_Y, Q = \conv.impl.tap[39], rval = 8'00000000).
Adding EN signal on $auto$ff.cc:266:slice$2535 ($sdff) from module conv1d_large_benchmark_top (D = \conv.impl.history[38], Q = \conv.impl.tap[39]).
Adding SRST signal on $flatten\conv.\impl.$procdff$2471 ($dff) from module conv1d_large_benchmark_top (D = $flatten\conv.\impl.$procmux$1788_Y, Q = \conv.impl.tap[38], rval = 8'00000000).
Adding EN signal on $auto$ff.cc:266:slice$2537 ($sdff) from module conv1d_large_benchmark_top (D = \conv.impl.history[37], Q = \conv.impl.tap[38]).
Adding SRST signal on $flatten\conv.\impl.$procdff$2470 ($dff) from module conv1d_large_benchmark_top (D = $flatten\conv.\impl.$procmux$1794_Y, Q = \conv.impl.tap[37], rval = 8'00000000).
Adding EN signal on $auto$ff.cc:266:slice$2539 ($sdff) from module conv1d_large_benchmark_top (D = \conv.impl.history[36], Q = \conv.impl.tap[37]).
Adding SRST signal on $flatten\conv.\impl.$procdff$2469 ($dff) from module conv1d_large_benchmark_top (D = $flatten\conv.\impl.$procmux$1800_Y, Q = \conv.impl.tap[36], rval = 8'00000000).
Adding EN signal on $auto$ff.cc:266:slice$2541 ($sdff) from module conv1d_large_benchmark_top (D = \conv.impl.history[35], Q = \conv.impl.tap[36]).
Adding SRST signal on $flatten\conv.\impl.$procdff$2468 ($dff) from module conv1d_large_benchmark_top (D = $flatten\conv.\impl.$procmux$1806_Y, Q = \conv.impl.tap[35], rval = 8'00000000).
Adding EN signal on $auto$ff.cc:266:slice$2543 ($sdff) from module conv1d_large_benchmark_top (D = \conv.impl.history[34], Q = \conv.impl.tap[35]).
Adding SRST signal on $flatten\conv.\impl.$procdff$2467 ($dff) from module conv1d_large_benchmark_top (D = $flatten\conv.\impl.$procmux$1812_Y, Q = \conv.impl.tap[34], rval = 8'00000000).
Adding EN signal on $auto$ff.cc:266:slice$2545 ($sdff) from module conv1d_large_benchmark_top (D = \conv.impl.history[33], Q = \conv.impl.tap[34]).
Adding SRST signal on $flatten\conv.\impl.$procdff$2466 ($dff) from module conv1d_large_benchmark_top (D = $flatten\conv.\impl.$procmux$1818_Y, Q = \conv.impl.tap[33], rval = 8'00000000).
Adding EN signal on $auto$ff.cc:266:slice$2547 ($sdff) from module conv1d_large_benchmark_top (D = \conv.impl.history[32], Q = \conv.impl.tap[33]).
Adding SRST signal on $flatten\conv.\impl.$procdff$2465 ($dff) from module conv1d_large_benchmark_top (D = $flatten\conv.\impl.$procmux$1824_Y, Q = \conv.impl.tap[32], rval = 8'00000000).
Adding EN signal on $auto$ff.cc:266:slice$2549 ($sdff) from module conv1d_large_benchmark_top (D = \conv.impl.history[31], Q = \conv.impl.tap[32]).
Adding SRST signal on $flatten\conv.\impl.$procdff$2464 ($dff) from module conv1d_large_benchmark_top (D = $flatten\conv.\impl.$procmux$1830_Y, Q = \conv.impl.history[46], rval = 8'00000000).
Adding EN signal on $auto$ff.cc:266:slice$2551 ($sdff) from module conv1d_large_benchmark_top (D = \conv.impl.history[45], Q = \conv.impl.history[46]).
Adding SRST signal on $flatten\conv.\impl.$procdff$2463 ($dff) from module conv1d_large_benchmark_top (D = $flatten\conv.\impl.$procmux$1836_Y, Q = \conv.impl.history[45], rval = 8'00000000).
Adding EN signal on $auto$ff.cc:266:slice$2553 ($sdff) from module conv1d_large_benchmark_top (D = \conv.impl.history[44], Q = \conv.impl.history[45]).
Adding SRST signal on $flatten\conv.\impl.$procdff$2462 ($dff) from module conv1d_large_benchmark_top (D = $flatten\conv.\impl.$procmux$1842_Y, Q = \conv.impl.history[44], rval = 8'00000000).
Adding EN signal on $auto$ff.cc:266:slice$2555 ($sdff) from module conv1d_large_benchmark_top (D = \conv.impl.history[43], Q = \conv.impl.history[44]).
Adding SRST signal on $flatten\conv.\impl.$procdff$2461 ($dff) from module conv1d_large_benchmark_top (D = $flatten\conv.\impl.$procmux$1848_Y, Q = \conv.impl.history[43], rval = 8'00000000).
Adding EN signal on $auto$ff.cc:266:slice$2557 ($sdff) from module conv1d_large_benchmark_top (D = \conv.impl.history[42], Q = \conv.impl.history[43]).
Adding SRST signal on $flatten\conv.\impl.$procdff$2460 ($dff) from module conv1d_large_benchmark_top (D = $flatten\conv.\impl.$procmux$1854_Y, Q = \conv.impl.history[42], rval = 8'00000000).
Adding EN signal on $auto$ff.cc:266:slice$2559 ($sdff) from module conv1d_large_benchmark_top (D = \conv.impl.history[41], Q = \conv.impl.history[42]).
Adding SRST signal on $flatten\conv.\impl.$procdff$2459 ($dff) from module conv1d_large_benchmark_top (D = $flatten\conv.\impl.$procmux$1860_Y, Q = \conv.impl.history[41], rval = 8'00000000).
Adding EN signal on $auto$ff.cc:266:slice$2561 ($sdff) from module conv1d_large_benchmark_top (D = \conv.impl.history[40], Q = \conv.impl.history[41]).
Adding SRST signal on $flatten\conv.\impl.$procdff$2458 ($dff) from module conv1d_large_benchmark_top (D = $flatten\conv.\impl.$procmux$1866_Y, Q = \conv.impl.history[40], rval = 8'00000000).
Adding EN signal on $auto$ff.cc:266:slice$2563 ($sdff) from module conv1d_large_benchmark_top (D = \conv.impl.history[39], Q = \conv.impl.history[40]).
Adding SRST signal on $flatten\conv.\impl.$procdff$2457 ($dff) from module conv1d_large_benchmark_top (D = $flatten\conv.\impl.$procmux$1872_Y, Q = \conv.impl.history[39], rval = 8'00000000).
Adding EN signal on $auto$ff.cc:266:slice$2565 ($sdff) from module conv1d_large_benchmark_top (D = \conv.impl.history[38], Q = \conv.impl.history[39]).
Adding SRST signal on $flatten\conv.\impl.$procdff$2456 ($dff) from module conv1d_large_benchmark_top (D = $flatten\conv.\impl.$procmux$1878_Y, Q = \conv.impl.history[38], rval = 8'00000000).
Adding EN signal on $auto$ff.cc:266:slice$2567 ($sdff) from module conv1d_large_benchmark_top (D = \conv.impl.history[37], Q = \conv.impl.history[38]).
Adding SRST signal on $flatten\conv.\impl.$procdff$2455 ($dff) from module conv1d_large_benchmark_top (D = $flatten\conv.\impl.$procmux$1884_Y, Q = \conv.impl.history[37], rval = 8'00000000).
Adding EN signal on $auto$ff.cc:266:slice$2569 ($sdff) from module conv1d_large_benchmark_top (D = \conv.impl.history[36], Q = \conv.impl.history[37]).
Adding SRST signal on $flatten\conv.\impl.$procdff$2454 ($dff) from module conv1d_large_benchmark_top (D = $flatten\conv.\impl.$procmux$1890_Y, Q = \conv.impl.history[36], rval = 8'00000000).
Adding EN signal on $auto$ff.cc:266:slice$2571 ($sdff) from module conv1d_large_benchmark_top (D = \conv.impl.history[35], Q = \conv.impl.history[36]).
Adding SRST signal on $flatten\conv.\impl.$procdff$2453 ($dff) from module conv1d_large_benchmark_top (D = $flatten\conv.\impl.$procmux$1896_Y, Q = \conv.impl.history[35], rval = 8'00000000).
Adding EN signal on $auto$ff.cc:266:slice$2573 ($sdff) from module conv1d_large_benchmark_top (D = \conv.impl.history[34], Q = \conv.impl.history[35]).
Adding SRST signal on $flatten\conv.\impl.$procdff$2452 ($dff) from module conv1d_large_benchmark_top (D = $flatten\conv.\impl.$procmux$1902_Y, Q = \conv.impl.history[34], rval = 8'00000000).
Adding EN signal on $auto$ff.cc:266:slice$2575 ($sdff) from module conv1d_large_benchmark_top (D = \conv.impl.history[33], Q = \conv.impl.history[34]).
Adding SRST signal on $flatten\conv.\impl.$procdff$2451 ($dff) from module conv1d_large_benchmark_top (D = $flatten\conv.\impl.$procmux$1908_Y, Q = \conv.impl.history[33], rval = 8'00000000).
Adding EN signal on $auto$ff.cc:266:slice$2577 ($sdff) from module conv1d_large_benchmark_top (D = \conv.impl.history[32], Q = \conv.impl.history[33]).
Adding SRST signal on $flatten\conv.\impl.$procdff$2450 ($dff) from module conv1d_large_benchmark_top (D = $flatten\conv.\impl.$procmux$1914_Y, Q = \conv.impl.history[32], rval = 8'00000000).
Adding EN signal on $auto$ff.cc:266:slice$2579 ($sdff) from module conv1d_large_benchmark_top (D = \conv.impl.history[31], Q = \conv.impl.history[32]).
Adding SRST signal on $flatten\conv.\impl.$procdff$2449 ($dff) from module conv1d_large_benchmark_top (D = $flatten\conv.\impl.$procmux$1920_Y, Q = \conv.impl.history[31], rval = 8'00000000).
Adding EN signal on $auto$ff.cc:266:slice$2581 ($sdff) from module conv1d_large_benchmark_top (D = \conv.impl.history[30], Q = \conv.impl.history[31]).
Adding SRST signal on $flatten\conv.\impl.$procdff$2440 ($dff) from module conv1d_large_benchmark_top (D = $flatten\conv.\impl.$procmux$1926_Y, Q = \conv.impl.tap[31], rval = 8'00000000).
Adding EN signal on $auto$ff.cc:266:slice$2583 ($sdff) from module conv1d_large_benchmark_top (D = \conv.impl.history[30], Q = \conv.impl.tap[31]).
Adding SRST signal on $flatten\conv.\impl.$procdff$2439 ($dff) from module conv1d_large_benchmark_top (D = $flatten\conv.\impl.$procmux$1932_Y, Q = \conv.impl.tap[30], rval = 8'00000000).
Adding EN signal on $auto$ff.cc:266:slice$2585 ($sdff) from module conv1d_large_benchmark_top (D = \conv.impl.history[29], Q = \conv.impl.tap[30]).
Adding SRST signal on $flatten\conv.\impl.$procdff$2438 ($dff) from module conv1d_large_benchmark_top (D = $flatten\conv.\impl.$procmux$1938_Y, Q = \conv.impl.tap[29], rval = 8'00000000).
Adding EN signal on $auto$ff.cc:266:slice$2587 ($sdff) from module conv1d_large_benchmark_top (D = \conv.impl.history[28], Q = \conv.impl.tap[29]).
Adding SRST signal on $flatten\conv.\impl.$procdff$2437 ($dff) from module conv1d_large_benchmark_top (D = $flatten\conv.\impl.$procmux$1944_Y, Q = \conv.impl.tap[28], rval = 8'00000000).
Adding EN signal on $auto$ff.cc:266:slice$2589 ($sdff) from module conv1d_large_benchmark_top (D = \conv.impl.history[27], Q = \conv.impl.tap[28]).
Adding SRST signal on $flatten\conv.\impl.$procdff$2436 ($dff) from module conv1d_large_benchmark_top (D = $flatten\conv.\impl.$procmux$1950_Y, Q = \conv.impl.tap[27], rval = 8'00000000).
Adding EN signal on $auto$ff.cc:266:slice$2591 ($sdff) from module conv1d_large_benchmark_top (D = \conv.impl.history[26], Q = \conv.impl.tap[27]).
Adding SRST signal on $flatten\conv.\impl.$procdff$2435 ($dff) from module conv1d_large_benchmark_top (D = $flatten\conv.\impl.$procmux$1956_Y, Q = \conv.impl.tap[26], rval = 8'00000000).
Adding EN signal on $auto$ff.cc:266:slice$2593 ($sdff) from module conv1d_large_benchmark_top (D = \conv.impl.history[25], Q = \conv.impl.tap[26]).
Adding SRST signal on $flatten\conv.\impl.$procdff$2434 ($dff) from module conv1d_large_benchmark_top (D = $flatten\conv.\impl.$procmux$1962_Y, Q = \conv.impl.tap[25], rval = 8'00000000).
Adding EN signal on $auto$ff.cc:266:slice$2595 ($sdff) from module conv1d_large_benchmark_top (D = \conv.impl.history[24], Q = \conv.impl.tap[25]).
Adding SRST signal on $flatten\conv.\impl.$procdff$2433 ($dff) from module conv1d_large_benchmark_top (D = $flatten\conv.\impl.$procmux$1968_Y, Q = \conv.impl.tap[24], rval = 8'00000000).
Adding EN signal on $auto$ff.cc:266:slice$2597 ($sdff) from module conv1d_large_benchmark_top (D = \conv.impl.history[23], Q = \conv.impl.tap[24]).
Adding SRST signal on $flatten\conv.\impl.$procdff$2432 ($dff) from module conv1d_large_benchmark_top (D = $flatten\conv.\impl.$procmux$1974_Y, Q = \conv.impl.tap[23], rval = 8'00000000).
Adding EN signal on $auto$ff.cc:266:slice$2599 ($sdff) from module conv1d_large_benchmark_top (D = \conv.impl.history[22], Q = \conv.impl.tap[23]).
Adding SRST signal on $flatten\conv.\impl.$procdff$2431 ($dff) from module conv1d_large_benchmark_top (D = $flatten\conv.\impl.$procmux$1980_Y, Q = \conv.impl.tap[22], rval = 8'00000000).
Adding EN signal on $auto$ff.cc:266:slice$2601 ($sdff) from module conv1d_large_benchmark_top (D = \conv.impl.history[21], Q = \conv.impl.tap[22]).
Adding SRST signal on $flatten\conv.\impl.$procdff$2430 ($dff) from module conv1d_large_benchmark_top (D = $flatten\conv.\impl.$procmux$1986_Y, Q = \conv.impl.tap[21], rval = 8'00000000).
Adding EN signal on $auto$ff.cc:266:slice$2603 ($sdff) from module conv1d_large_benchmark_top (D = \conv.impl.history[20], Q = \conv.impl.tap[21]).
Adding SRST signal on $flatten\conv.\impl.$procdff$2429 ($dff) from module conv1d_large_benchmark_top (D = $flatten\conv.\impl.$procmux$1992_Y, Q = \conv.impl.tap[20], rval = 8'00000000).
Adding EN signal on $auto$ff.cc:266:slice$2605 ($sdff) from module conv1d_large_benchmark_top (D = \conv.impl.history[19], Q = \conv.impl.tap[20]).
Adding SRST signal on $flatten\conv.\impl.$procdff$2428 ($dff) from module conv1d_large_benchmark_top (D = $flatten\conv.\impl.$procmux$1998_Y, Q = \conv.impl.tap[19], rval = 8'00000000).
Adding EN signal on $auto$ff.cc:266:slice$2607 ($sdff) from module conv1d_large_benchmark_top (D = \conv.impl.history[18], Q = \conv.impl.tap[19]).
Adding SRST signal on $flatten\conv.\impl.$procdff$2427 ($dff) from module conv1d_large_benchmark_top (D = $flatten\conv.\impl.$procmux$2004_Y, Q = \conv.impl.tap[18], rval = 8'00000000).
Adding EN signal on $auto$ff.cc:266:slice$2609 ($sdff) from module conv1d_large_benchmark_top (D = \conv.impl.history[17], Q = \conv.impl.tap[18]).
Adding SRST signal on $flatten\conv.\impl.$procdff$2426 ($dff) from module conv1d_large_benchmark_top (D = $flatten\conv.\impl.$procmux$2010_Y, Q = \conv.impl.tap[17], rval = 8'00000000).
Adding EN signal on $auto$ff.cc:266:slice$2611 ($sdff) from module conv1d_large_benchmark_top (D = \conv.impl.history[16], Q = \conv.impl.tap[17]).
Adding SRST signal on $flatten\conv.\impl.$procdff$2425 ($dff) from module conv1d_large_benchmark_top (D = $flatten\conv.\impl.$procmux$2016_Y, Q = \conv.impl.tap[16], rval = 8'00000000).
Adding EN signal on $auto$ff.cc:266:slice$2613 ($sdff) from module conv1d_large_benchmark_top (D = \conv.impl.history[15], Q = \conv.impl.tap[16]).
Adding SRST signal on $flatten\conv.\impl.$procdff$2424 ($dff) from module conv1d_large_benchmark_top (D = $flatten\conv.\impl.$procmux$2022_Y, Q = \conv.impl.tap[15], rval = 8'00000000).
Adding EN signal on $auto$ff.cc:266:slice$2615 ($sdff) from module conv1d_large_benchmark_top (D = \conv.impl.history[14], Q = \conv.impl.tap[15]).
Adding SRST signal on $flatten\conv.\impl.$procdff$2423 ($dff) from module conv1d_large_benchmark_top (D = $flatten\conv.\impl.$procmux$2028_Y, Q = \conv.impl.tap[14], rval = 8'00000000).
Adding EN signal on $auto$ff.cc:266:slice$2617 ($sdff) from module conv1d_large_benchmark_top (D = \conv.impl.history[13], Q = \conv.impl.tap[14]).
Adding SRST signal on $flatten\conv.\impl.$procdff$2422 ($dff) from module conv1d_large_benchmark_top (D = $flatten\conv.\impl.$procmux$2034_Y, Q = \conv.impl.tap[13], rval = 8'00000000).
Adding EN signal on $auto$ff.cc:266:slice$2619 ($sdff) from module conv1d_large_benchmark_top (D = \conv.impl.history[12], Q = \conv.impl.tap[13]).
Adding SRST signal on $flatten\conv.\impl.$procdff$2421 ($dff) from module conv1d_large_benchmark_top (D = $flatten\conv.\impl.$procmux$2040_Y, Q = \conv.impl.tap[12], rval = 8'00000000).
Adding EN signal on $auto$ff.cc:266:slice$2621 ($sdff) from module conv1d_large_benchmark_top (D = \conv.impl.history[11], Q = \conv.impl.tap[12]).
Adding SRST signal on $flatten\conv.\impl.$procdff$2420 ($dff) from module conv1d_large_benchmark_top (D = $flatten\conv.\impl.$procmux$2046_Y, Q = \conv.impl.tap[11], rval = 8'00000000).
Adding EN signal on $auto$ff.cc:266:slice$2623 ($sdff) from module conv1d_large_benchmark_top (D = \conv.impl.history[10], Q = \conv.impl.tap[11]).
Adding SRST signal on $flatten\conv.\impl.$procdff$2419 ($dff) from module conv1d_large_benchmark_top (D = $flatten\conv.\impl.$procmux$2052_Y, Q = \conv.impl.tap[10], rval = 8'00000000).
Adding EN signal on $auto$ff.cc:266:slice$2625 ($sdff) from module conv1d_large_benchmark_top (D = \conv.impl.history[9], Q = \conv.impl.tap[10]).
Adding SRST signal on $flatten\conv.\impl.$procdff$2418 ($dff) from module conv1d_large_benchmark_top (D = $flatten\conv.\impl.$procmux$2058_Y, Q = \conv.impl.tap[9], rval = 8'00000000).
Adding EN signal on $auto$ff.cc:266:slice$2627 ($sdff) from module conv1d_large_benchmark_top (D = \conv.impl.history[8], Q = \conv.impl.tap[9]).
Adding SRST signal on $flatten\conv.\impl.$procdff$2417 ($dff) from module conv1d_large_benchmark_top (D = $flatten\conv.\impl.$procmux$2064_Y, Q = \conv.impl.tap[8], rval = 8'00000000).
Adding EN signal on $auto$ff.cc:266:slice$2629 ($sdff) from module conv1d_large_benchmark_top (D = \conv.impl.history[7], Q = \conv.impl.tap[8]).
Adding SRST signal on $flatten\conv.\impl.$procdff$2416 ($dff) from module conv1d_large_benchmark_top (D = $flatten\conv.\impl.$procmux$2070_Y, Q = \conv.impl.tap[7], rval = 8'00000000).
Adding EN signal on $auto$ff.cc:266:slice$2631 ($sdff) from module conv1d_large_benchmark_top (D = \conv.impl.history[6], Q = \conv.impl.tap[7]).
Adding SRST signal on $flatten\conv.\impl.$procdff$2415 ($dff) from module conv1d_large_benchmark_top (D = $flatten\conv.\impl.$procmux$2076_Y, Q = \conv.impl.tap[6], rval = 8'00000000).
Adding EN signal on $auto$ff.cc:266:slice$2633 ($sdff) from module conv1d_large_benchmark_top (D = \conv.impl.history[5], Q = \conv.impl.tap[6]).
Adding SRST signal on $flatten\conv.\impl.$procdff$2414 ($dff) from module conv1d_large_benchmark_top (D = $flatten\conv.\impl.$procmux$2082_Y, Q = \conv.impl.tap[5], rval = 8'00000000).
Adding EN signal on $auto$ff.cc:266:slice$2635 ($sdff) from module conv1d_large_benchmark_top (D = \conv.impl.history[4], Q = \conv.impl.tap[5]).
Adding SRST signal on $flatten\conv.\impl.$procdff$2413 ($dff) from module conv1d_large_benchmark_top (D = $flatten\conv.\impl.$procmux$2088_Y, Q = \conv.impl.tap[4], rval = 8'00000000).
Adding EN signal on $auto$ff.cc:266:slice$2637 ($sdff) from module conv1d_large_benchmark_top (D = \conv.impl.history[3], Q = \conv.impl.tap[4]).
Adding SRST signal on $flatten\conv.\impl.$procdff$2412 ($dff) from module conv1d_large_benchmark_top (D = $flatten\conv.\impl.$procmux$2094_Y, Q = \conv.impl.tap[3], rval = 8'00000000).
Adding EN signal on $auto$ff.cc:266:slice$2639 ($sdff) from module conv1d_large_benchmark_top (D = \conv.impl.history[2], Q = \conv.impl.tap[3]).
Adding SRST signal on $flatten\conv.\impl.$procdff$2411 ($dff) from module conv1d_large_benchmark_top (D = $flatten\conv.\impl.$procmux$2100_Y, Q = \conv.impl.tap[2], rval = 8'00000000).
Adding EN signal on $auto$ff.cc:266:slice$2641 ($sdff) from module conv1d_large_benchmark_top (D = \conv.impl.history[1], Q = \conv.impl.tap[2]).
Adding SRST signal on $flatten\conv.\impl.$procdff$2410 ($dff) from module conv1d_large_benchmark_top (D = $flatten\conv.\impl.$procmux$2106_Y, Q = \conv.impl.tap[1], rval = 8'00000000).
Adding EN signal on $auto$ff.cc:266:slice$2643 ($sdff) from module conv1d_large_benchmark_top (D = \conv.impl.history[0], Q = \conv.impl.tap[1]).
Adding SRST signal on $flatten\conv.\impl.$procdff$2409 ($dff) from module conv1d_large_benchmark_top (D = $flatten\conv.\impl.$procmux$2112_Y, Q = \conv.impl.tap[0], rval = 8'00000000).
Adding EN signal on $auto$ff.cc:266:slice$2645 ($sdff) from module conv1d_large_benchmark_top (D = \sample_in, Q = \conv.impl.tap[0]).
Adding SRST signal on $flatten\conv.\impl.$procdff$2408 ($dff) from module conv1d_large_benchmark_top (D = $flatten\conv.\impl.$procmux$2118_Y, Q = \conv.impl.history[30], rval = 8'00000000).
Adding EN signal on $auto$ff.cc:266:slice$2647 ($sdff) from module conv1d_large_benchmark_top (D = \conv.impl.history[29], Q = \conv.impl.history[30]).
Adding SRST signal on $flatten\conv.\impl.$procdff$2407 ($dff) from module conv1d_large_benchmark_top (D = $flatten\conv.\impl.$procmux$2124_Y, Q = \conv.impl.history[29], rval = 8'00000000).
Adding EN signal on $auto$ff.cc:266:slice$2649 ($sdff) from module conv1d_large_benchmark_top (D = \conv.impl.history[28], Q = \conv.impl.history[29]).
Adding SRST signal on $flatten\conv.\impl.$procdff$2406 ($dff) from module conv1d_large_benchmark_top (D = $flatten\conv.\impl.$procmux$2130_Y, Q = \conv.impl.history[28], rval = 8'00000000).
Adding EN signal on $auto$ff.cc:266:slice$2651 ($sdff) from module conv1d_large_benchmark_top (D = \conv.impl.history[27], Q = \conv.impl.history[28]).
Adding SRST signal on $flatten\conv.\impl.$procdff$2405 ($dff) from module conv1d_large_benchmark_top (D = $flatten\conv.\impl.$procmux$2136_Y, Q = \conv.impl.history[27], rval = 8'00000000).
Adding EN signal on $auto$ff.cc:266:slice$2653 ($sdff) from module conv1d_large_benchmark_top (D = \conv.impl.history[26], Q = \conv.impl.history[27]).
Adding SRST signal on $flatten\conv.\impl.$procdff$2404 ($dff) from module conv1d_large_benchmark_top (D = $flatten\conv.\impl.$procmux$2142_Y, Q = \conv.impl.history[26], rval = 8'00000000).
Adding EN signal on $auto$ff.cc:266:slice$2655 ($sdff) from module conv1d_large_benchmark_top (D = \conv.impl.history[25], Q = \conv.impl.history[26]).
Adding SRST signal on $flatten\conv.\impl.$procdff$2403 ($dff) from module conv1d_large_benchmark_top (D = $flatten\conv.\impl.$procmux$2148_Y, Q = \conv.impl.history[25], rval = 8'00000000).
Adding EN signal on $auto$ff.cc:266:slice$2657 ($sdff) from module conv1d_large_benchmark_top (D = \conv.impl.history[24], Q = \conv.impl.history[25]).
Adding SRST signal on $flatten\conv.\impl.$procdff$2402 ($dff) from module conv1d_large_benchmark_top (D = $flatten\conv.\impl.$procmux$2154_Y, Q = \conv.impl.history[24], rval = 8'00000000).
Adding EN signal on $auto$ff.cc:266:slice$2659 ($sdff) from module conv1d_large_benchmark_top (D = \conv.impl.history[23], Q = \conv.impl.history[24]).
Adding SRST signal on $flatten\conv.\impl.$procdff$2401 ($dff) from module conv1d_large_benchmark_top (D = $flatten\conv.\impl.$procmux$2160_Y, Q = \conv.impl.history[23], rval = 8'00000000).
Adding EN signal on $auto$ff.cc:266:slice$2661 ($sdff) from module conv1d_large_benchmark_top (D = \conv.impl.history[22], Q = \conv.impl.history[23]).
Adding SRST signal on $flatten\conv.\impl.$procdff$2400 ($dff) from module conv1d_large_benchmark_top (D = $flatten\conv.\impl.$procmux$2166_Y, Q = \conv.impl.history[22], rval = 8'00000000).
Adding EN signal on $auto$ff.cc:266:slice$2663 ($sdff) from module conv1d_large_benchmark_top (D = \conv.impl.history[21], Q = \conv.impl.history[22]).
Adding SRST signal on $flatten\conv.\impl.$procdff$2399 ($dff) from module conv1d_large_benchmark_top (D = $flatten\conv.\impl.$procmux$2172_Y, Q = \conv.impl.history[21], rval = 8'00000000).
Adding EN signal on $auto$ff.cc:266:slice$2665 ($sdff) from module conv1d_large_benchmark_top (D = \conv.impl.history[20], Q = \conv.impl.history[21]).
Adding SRST signal on $flatten\conv.\impl.$procdff$2398 ($dff) from module conv1d_large_benchmark_top (D = $flatten\conv.\impl.$procmux$2178_Y, Q = \conv.impl.history[20], rval = 8'00000000).
Adding EN signal on $auto$ff.cc:266:slice$2667 ($sdff) from module conv1d_large_benchmark_top (D = \conv.impl.history[19], Q = \conv.impl.history[20]).
Adding SRST signal on $flatten\conv.\impl.$procdff$2397 ($dff) from module conv1d_large_benchmark_top (D = $flatten\conv.\impl.$procmux$2184_Y, Q = \conv.impl.history[19], rval = 8'00000000).
Adding EN signal on $auto$ff.cc:266:slice$2669 ($sdff) from module conv1d_large_benchmark_top (D = \conv.impl.history[18], Q = \conv.impl.history[19]).
Adding SRST signal on $flatten\conv.\impl.$procdff$2396 ($dff) from module conv1d_large_benchmark_top (D = $flatten\conv.\impl.$procmux$2190_Y, Q = \conv.impl.history[18], rval = 8'00000000).
Adding EN signal on $auto$ff.cc:266:slice$2671 ($sdff) from module conv1d_large_benchmark_top (D = \conv.impl.history[17], Q = \conv.impl.history[18]).
Adding SRST signal on $flatten\conv.\impl.$procdff$2395 ($dff) from module conv1d_large_benchmark_top (D = $flatten\conv.\impl.$procmux$2196_Y, Q = \conv.impl.history[17], rval = 8'00000000).
Adding EN signal on $auto$ff.cc:266:slice$2673 ($sdff) from module conv1d_large_benchmark_top (D = \conv.impl.history[16], Q = \conv.impl.history[17]).
Adding SRST signal on $flatten\conv.\impl.$procdff$2394 ($dff) from module conv1d_large_benchmark_top (D = $flatten\conv.\impl.$procmux$2202_Y, Q = \conv.impl.history[16], rval = 8'00000000).
Adding EN signal on $auto$ff.cc:266:slice$2675 ($sdff) from module conv1d_large_benchmark_top (D = \conv.impl.history[15], Q = \conv.impl.history[16]).
Adding SRST signal on $flatten\conv.\impl.$procdff$2393 ($dff) from module conv1d_large_benchmark_top (D = $flatten\conv.\impl.$procmux$2208_Y, Q = \conv.impl.history[15], rval = 8'00000000).
Adding EN signal on $auto$ff.cc:266:slice$2677 ($sdff) from module conv1d_large_benchmark_top (D = \conv.impl.history[14], Q = \conv.impl.history[15]).
Adding SRST signal on $flatten\conv.\impl.$procdff$2392 ($dff) from module conv1d_large_benchmark_top (D = $flatten\conv.\impl.$procmux$2214_Y, Q = \conv.impl.history[14], rval = 8'00000000).
Adding EN signal on $auto$ff.cc:266:slice$2679 ($sdff) from module conv1d_large_benchmark_top (D = \conv.impl.history[13], Q = \conv.impl.history[14]).
Adding SRST signal on $flatten\conv.\impl.$procdff$2391 ($dff) from module conv1d_large_benchmark_top (D = $flatten\conv.\impl.$procmux$2220_Y, Q = \conv.impl.history[13], rval = 8'00000000).
Adding EN signal on $auto$ff.cc:266:slice$2681 ($sdff) from module conv1d_large_benchmark_top (D = \conv.impl.history[12], Q = \conv.impl.history[13]).
Adding SRST signal on $flatten\conv.\impl.$procdff$2390 ($dff) from module conv1d_large_benchmark_top (D = $flatten\conv.\impl.$procmux$2226_Y, Q = \conv.impl.history[12], rval = 8'00000000).
Adding EN signal on $auto$ff.cc:266:slice$2683 ($sdff) from module conv1d_large_benchmark_top (D = \conv.impl.history[11], Q = \conv.impl.history[12]).
Adding SRST signal on $flatten\conv.\impl.$procdff$2389 ($dff) from module conv1d_large_benchmark_top (D = $flatten\conv.\impl.$procmux$2232_Y, Q = \conv.impl.history[11], rval = 8'00000000).
Adding EN signal on $auto$ff.cc:266:slice$2685 ($sdff) from module conv1d_large_benchmark_top (D = \conv.impl.history[10], Q = \conv.impl.history[11]).
Adding SRST signal on $flatten\conv.\impl.$procdff$2388 ($dff) from module conv1d_large_benchmark_top (D = $flatten\conv.\impl.$procmux$2238_Y, Q = \conv.impl.history[10], rval = 8'00000000).
Adding EN signal on $auto$ff.cc:266:slice$2687 ($sdff) from module conv1d_large_benchmark_top (D = \conv.impl.history[9], Q = \conv.impl.history[10]).
Adding SRST signal on $flatten\conv.\impl.$procdff$2387 ($dff) from module conv1d_large_benchmark_top (D = $flatten\conv.\impl.$procmux$2244_Y, Q = \conv.impl.history[9], rval = 8'00000000).
Adding EN signal on $auto$ff.cc:266:slice$2689 ($sdff) from module conv1d_large_benchmark_top (D = \conv.impl.history[8], Q = \conv.impl.history[9]).
Adding SRST signal on $flatten\conv.\impl.$procdff$2386 ($dff) from module conv1d_large_benchmark_top (D = $flatten\conv.\impl.$procmux$2250_Y, Q = \conv.impl.history[8], rval = 8'00000000).
Adding EN signal on $auto$ff.cc:266:slice$2691 ($sdff) from module conv1d_large_benchmark_top (D = \conv.impl.history[7], Q = \conv.impl.history[8]).
Adding SRST signal on $flatten\conv.\impl.$procdff$2385 ($dff) from module conv1d_large_benchmark_top (D = $flatten\conv.\impl.$procmux$2256_Y, Q = \conv.impl.history[7], rval = 8'00000000).
Adding EN signal on $auto$ff.cc:266:slice$2693 ($sdff) from module conv1d_large_benchmark_top (D = \conv.impl.history[6], Q = \conv.impl.history[7]).
Adding SRST signal on $flatten\conv.\impl.$procdff$2384 ($dff) from module conv1d_large_benchmark_top (D = $flatten\conv.\impl.$procmux$2262_Y, Q = \conv.impl.history[6], rval = 8'00000000).
Adding EN signal on $auto$ff.cc:266:slice$2695 ($sdff) from module conv1d_large_benchmark_top (D = \conv.impl.history[5], Q = \conv.impl.history[6]).
Adding SRST signal on $flatten\conv.\impl.$procdff$2383 ($dff) from module conv1d_large_benchmark_top (D = $flatten\conv.\impl.$procmux$2268_Y, Q = \conv.impl.history[5], rval = 8'00000000).
Adding EN signal on $auto$ff.cc:266:slice$2697 ($sdff) from module conv1d_large_benchmark_top (D = \conv.impl.history[4], Q = \conv.impl.history[5]).
Adding SRST signal on $flatten\conv.\impl.$procdff$2382 ($dff) from module conv1d_large_benchmark_top (D = $flatten\conv.\impl.$procmux$2274_Y, Q = \conv.impl.history[4], rval = 8'00000000).
Adding EN signal on $auto$ff.cc:266:slice$2699 ($sdff) from module conv1d_large_benchmark_top (D = \conv.impl.history[3], Q = \conv.impl.history[4]).
Adding SRST signal on $flatten\conv.\impl.$procdff$2381 ($dff) from module conv1d_large_benchmark_top (D = $flatten\conv.\impl.$procmux$2280_Y, Q = \conv.impl.history[3], rval = 8'00000000).
Adding EN signal on $auto$ff.cc:266:slice$2701 ($sdff) from module conv1d_large_benchmark_top (D = \conv.impl.history[2], Q = \conv.impl.history[3]).
Adding SRST signal on $flatten\conv.\impl.$procdff$2380 ($dff) from module conv1d_large_benchmark_top (D = $flatten\conv.\impl.$procmux$2286_Y, Q = \conv.impl.history[2], rval = 8'00000000).
Adding EN signal on $auto$ff.cc:266:slice$2703 ($sdff) from module conv1d_large_benchmark_top (D = \conv.impl.history[1], Q = \conv.impl.history[2]).
Adding SRST signal on $flatten\conv.\impl.$procdff$2379 ($dff) from module conv1d_large_benchmark_top (D = $flatten\conv.\impl.$procmux$2292_Y, Q = \conv.impl.history[1], rval = 8'00000000).
Adding EN signal on $auto$ff.cc:266:slice$2705 ($sdff) from module conv1d_large_benchmark_top (D = \conv.impl.history[0], Q = \conv.impl.history[1]).
Adding SRST signal on $flatten\conv.\impl.$procdff$2378 ($dff) from module conv1d_large_benchmark_top (D = $flatten\conv.\impl.$procmux$2298_Y, Q = \conv.impl.history[0], rval = 8'00000000).
Adding EN signal on $auto$ff.cc:266:slice$2707 ($sdff) from module conv1d_large_benchmark_top (D = \sample_in, Q = \conv.impl.history[0]).
Adding SRST signal on $flatten\conv.\impl.$procdff$2376 ($dff) from module conv1d_large_benchmark_top (D = $flatten\conv.\impl.$procmux$2310_Y, Q = \conv.impl.busy, rval = 1'0).
Adding SRST signal on $flatten\conv.\impl.$procdff$2375 ($dff) from module conv1d_large_benchmark_top (D = $flatten\conv.\impl.$procmux$2319_Y, Q = \conv.impl.tap_index, rval = 16'0000000000000000).
Adding EN signal on $auto$ff.cc:266:slice$2710 ($sdff) from module conv1d_large_benchmark_top (D = $flatten\conv.\impl.$procmux$2317_Y, Q = \conv.impl.tap_index).
Adding SRST signal on $flatten\conv.\impl.$procdff$2373 ($dff) from module conv1d_large_benchmark_top (D = $flatten\conv.\impl.$procmux$2331_Y, Q = \conv.impl.acc, rval = 0).
Adding EN signal on $auto$ff.cc:266:slice$2714 ($sdff) from module conv1d_large_benchmark_top (D = $flatten\conv.\impl.$add$/Users/adarmaori/Desktop/Final$20Project/FPGA/conv1d_large_4mult.v:89$782_Y, Q = \conv.impl.acc).
Adding SRST signal on $flatten\conv.\impl.$procdff$2372 ($dff) from module conv1d_large_benchmark_top (D = $flatten\conv.\impl.$procmux$2346_Y, Q = \conv.impl.sample_out, rval = 0).
Adding EN signal on $auto$ff.cc:266:slice$2722 ($sdff) from module conv1d_large_benchmark_top (D = $flatten\conv.\impl.$add$/Users/adarmaori/Desktop/Final$20Project/FPGA/conv1d_large_4mult.v:89$782_Y, Q = \conv.impl.sample_out).
Adding SRST signal on $flatten\conv.\impl.$procdff$2371 ($dff) from module conv1d_large_benchmark_top (D = $flatten\conv.\impl.$procmux$1669_Y, Q = \conv.impl.output_valid, rval = 1'0).

5.12.7. Executing OPT_CLEAN pass (remove unused cells and wires).
Finding unused cells or wires in module \conv1d_large_benchmark_top..
Removed 205 unused cells and 205 unused wires.
<suppressed ~206 debug messages>

5.12.8. Executing OPT_EXPR pass (perform const folding).
Optimizing module conv1d_large_benchmark_top.

5.12.9. Rerunning OPT passes. (Maybe there is more to do..)

5.12.10. Executing OPT_MUXTREE pass (detect dead branches in mux trees).
Running muxtree optimizer on module \conv1d_large_benchmark_top..
  Creating internal representation of mux trees.
  Evaluating internal representation of mux trees.
  Analyzing evaluation results.
Removed 0 multiplexer ports.
<suppressed ~15 debug messages>

5.12.11. Executing OPT_REDUCE pass (consolidate $*mux and $reduce_* inputs).
  Optimizing cells in module \conv1d_large_benchmark_top.
Performed a total of 0 changes.

5.12.12. Executing OPT_MERGE pass (detect identical cells).
Finding identical cells in module `\conv1d_large_benchmark_top'.
<suppressed ~144 debug messages>
Removed a total of 48 cells.

5.12.13. Executing OPT_DFF pass (perform DFF optimizations).

5.12.14. Executing OPT_CLEAN pass (remove unused cells and wires).
Finding unused cells or wires in module \conv1d_large_benchmark_top..
Removed 0 unused cells and 1 unused wires.
<suppressed ~1 debug messages>

5.12.15. Executing OPT_EXPR pass (perform const folding).
Optimizing module conv1d_large_benchmark_top.

5.12.16. Rerunning OPT passes. (Maybe there is more to do..)

5.12.17. Executing OPT_MUXTREE pass (detect dead branches in mux trees).
Running muxtree optimizer on module \conv1d_large_benchmark_top..
  Creating internal representation of mux trees.
  Evaluating internal representation of mux trees.
  Analyzing evaluation results.
Removed 0 multiplexer ports.
<suppressed ~15 debug messages>

5.12.18. Executing OPT_REDUCE pass (consolidate $*mux and $reduce_* inputs).
  Optimizing cells in module \conv1d_large_benchmark_top.
Performed a total of 0 changes.

5.12.19. Executing OPT_MERGE pass (detect identical cells).
Finding identical cells in module `\conv1d_large_benchmark_top'.
Removed a total of 0 cells.

5.12.20. Executing OPT_DFF pass (perform DFF optimizations).

5.12.21. Executing OPT_CLEAN pass (remove unused cells and wires).
Finding unused cells or wires in module \conv1d_large_benchmark_top..

5.12.22. Executing OPT_EXPR pass (perform const folding).
Optimizing module conv1d_large_benchmark_top.

5.12.23. Finished OPT passes. (There is nothing left to do.)

5.13. Executing WREDUCE pass (reducing word size of cells).
Removed top 16 bits (of 32) from port A of cell conv1d_large_benchmark_top.$flatten\conv.\impl.$lt$/Users/adarmaori/Desktop/Final$20Project/FPGA/conv1d_large_4mult.v:83$729 ($lt).
Removed top 26 bits (of 32) from port B of cell conv1d_large_benchmark_top.$flatten\conv.\impl.$lt$/Users/adarmaori/Desktop/Final$20Project/FPGA/conv1d_large_4mult.v:83$729 ($lt).
Removed top 16 bits (of 32) from port Y of cell conv1d_large_benchmark_top.$flatten\conv.\impl.$mul$/Users/adarmaori/Desktop/Final$20Project/FPGA/conv1d_large_4mult.v:84$739 ($mul).
Removed top 31 bits (of 32) from port B of cell conv1d_large_benchmark_top.$flatten\conv.\impl.$add$/Users/adarmaori/Desktop/Final$20Project/FPGA/conv1d_large_4mult.v:83$741 ($add).
Removed top 15 bits (of 32) from port Y of cell conv1d_large_benchmark_top.$flatten\conv.\impl.$add$/Users/adarmaori/Desktop/Final$20Project/FPGA/conv1d_large_4mult.v:83$741 ($add).
Removed top 15 bits (of 32) from port A of cell conv1d_large_benchmark_top.$flatten\conv.\impl.$lt$/Users/adarmaori/Desktop/Final$20Project/FPGA/conv1d_large_4mult.v:83$742 ($lt).
Removed top 26 bits (of 32) from port B of cell conv1d_large_benchmark_top.$flatten\conv.\impl.$lt$/Users/adarmaori/Desktop/Final$20Project/FPGA/conv1d_large_4mult.v:83$742 ($lt).
Removed top 16 bits (of 32) from port Y of cell conv1d_large_benchmark_top.$flatten\conv.\impl.$mul$/Users/adarmaori/Desktop/Final$20Project/FPGA/conv1d_large_4mult.v:84$752 ($mul).
Removed top 16 bits (of 32) from port B of cell conv1d_large_benchmark_top.$flatten\conv.\impl.$add$/Users/adarmaori/Desktop/Final$20Project/FPGA/conv1d_large_4mult.v:84$753 ($add).
Removed top 30 bits (of 32) from port B of cell conv1d_large_benchmark_top.$flatten\conv.\impl.$add$/Users/adarmaori/Desktop/Final$20Project/FPGA/conv1d_large_4mult.v:83$754 ($add).
Removed top 15 bits (of 32) from port Y of cell conv1d_large_benchmark_top.$flatten\conv.\impl.$add$/Users/adarmaori/Desktop/Final$20Project/FPGA/conv1d_large_4mult.v:83$754 ($add).
Removed top 15 bits (of 32) from port A of cell conv1d_large_benchmark_top.$flatten\conv.\impl.$lt$/Users/adarmaori/Desktop/Final$20Project/FPGA/conv1d_large_4mult.v:83$755 ($lt).
Removed top 26 bits (of 32) from port B of cell conv1d_large_benchmark_top.$flatten\conv.\impl.$lt$/Users/adarmaori/Desktop/Final$20Project/FPGA/conv1d_large_4mult.v:83$755 ($lt).
Removed top 16 bits (of 32) from port Y of cell conv1d_large_benchmark_top.$flatten\conv.\impl.$mul$/Users/adarmaori/Desktop/Final$20Project/FPGA/conv1d_large_4mult.v:84$765 ($mul).
Removed top 16 bits (of 32) from port B of cell conv1d_large_benchmark_top.$flatten\conv.\impl.$add$/Users/adarmaori/Desktop/Final$20Project/FPGA/conv1d_large_4mult.v:84$766 ($add).
Removed top 30 bits (of 32) from port B of cell conv1d_large_benchmark_top.$flatten\conv.\impl.$add$/Users/adarmaori/Desktop/Final$20Project/FPGA/conv1d_large_4mult.v:83$767 ($add).
Removed top 15 bits (of 32) from port Y of cell conv1d_large_benchmark_top.$flatten\conv.\impl.$add$/Users/adarmaori/Desktop/Final$20Project/FPGA/conv1d_large_4mult.v:83$767 ($add).
Removed top 15 bits (of 32) from port A of cell conv1d_large_benchmark_top.$flatten\conv.\impl.$lt$/Users/adarmaori/Desktop/Final$20Project/FPGA/conv1d_large_4mult.v:83$768 ($lt).
Removed top 26 bits (of 32) from port B of cell conv1d_large_benchmark_top.$flatten\conv.\impl.$lt$/Users/adarmaori/Desktop/Final$20Project/FPGA/conv1d_large_4mult.v:83$768 ($lt).
Removed top 16 bits (of 32) from port Y of cell conv1d_large_benchmark_top.$flatten\conv.\impl.$mul$/Users/adarmaori/Desktop/Final$20Project/FPGA/conv1d_large_4mult.v:84$778 ($mul).
Removed top 16 bits (of 32) from port B of cell conv1d_large_benchmark_top.$flatten\conv.\impl.$add$/Users/adarmaori/Desktop/Final$20Project/FPGA/conv1d_large_4mult.v:84$779 ($add).
Removed top 29 bits (of 32) from port B of cell conv1d_large_benchmark_top.$flatten\conv.\impl.$add$/Users/adarmaori/Desktop/Final$20Project/FPGA/conv1d_large_4mult.v:88$780 ($add).
Removed top 15 bits (of 32) from port Y of cell conv1d_large_benchmark_top.$flatten\conv.\impl.$add$/Users/adarmaori/Desktop/Final$20Project/FPGA/conv1d_large_4mult.v:88$780 ($add).
Removed top 15 bits (of 32) from port A of cell conv1d_large_benchmark_top.$flatten\conv.\impl.$ge$/Users/adarmaori/Desktop/Final$20Project/FPGA/conv1d_large_4mult.v:88$781 ($ge).
Removed top 26 bits (of 32) from port B of cell conv1d_large_benchmark_top.$flatten\conv.\impl.$ge$/Users/adarmaori/Desktop/Final$20Project/FPGA/conv1d_large_4mult.v:88$781 ($ge).
Removed top 13 bits (of 16) from port B of cell conv1d_large_benchmark_top.$flatten\conv.\impl.$add$/Users/adarmaori/Desktop/Final$20Project/FPGA/conv1d_large_4mult.v:95$784 ($add).
Removed top 1 bits (of 6) from port B of cell conv1d_large_benchmark_top.$flatten\conv.\impl.$procmux$849_CMP0 ($eq).
Removed top 1 bits (of 6) from port B of cell conv1d_large_benchmark_top.$flatten\conv.\impl.$procmux$850_CMP0 ($eq).
Removed top 1 bits (of 6) from port B of cell conv1d_large_benchmark_top.$flatten\conv.\impl.$procmux$851_CMP0 ($eq).
Removed top 1 bits (of 6) from port B of cell conv1d_large_benchmark_top.$flatten\conv.\impl.$procmux$852_CMP0 ($eq).
Removed top 1 bits (of 6) from port B of cell conv1d_large_benchmark_top.$flatten\conv.\impl.$procmux$853_CMP0 ($eq).
Removed top 1 bits (of 6) from port B of cell conv1d_large_benchmark_top.$flatten\conv.\impl.$procmux$854_CMP0 ($eq).
Removed top 1 bits (of 6) from port B of cell conv1d_large_benchmark_top.$flatten\conv.\impl.$procmux$855_CMP0 ($eq).
Removed top 1 bits (of 6) from port B of cell conv1d_large_benchmark_top.$flatten\conv.\impl.$procmux$856_CMP0 ($eq).
Removed top 1 bits (of 6) from port B of cell conv1d_large_benchmark_top.$flatten\conv.\impl.$procmux$857_CMP0 ($eq).
Removed top 1 bits (of 6) from port B of cell conv1d_large_benchmark_top.$flatten\conv.\impl.$procmux$858_CMP0 ($eq).
Removed top 1 bits (of 6) from port B of cell conv1d_large_benchmark_top.$flatten\conv.\impl.$procmux$859_CMP0 ($eq).
Removed top 1 bits (of 6) from port B of cell conv1d_large_benchmark_top.$flatten\conv.\impl.$procmux$860_CMP0 ($eq).
Removed top 1 bits (of 6) from port B of cell conv1d_large_benchmark_top.$flatten\conv.\impl.$procmux$861_CMP0 ($eq).
Removed top 1 bits (of 6) from port B of cell conv1d_large_benchmark_top.$flatten\conv.\impl.$procmux$862_CMP0 ($eq).
Removed top 1 bits (of 6) from port B of cell conv1d_large_benchmark_top.$flatten\conv.\impl.$procmux$863_CMP0 ($eq).
Removed top 1 bits (of 6) from port B of cell conv1d_large_benchmark_top.$flatten\conv.\impl.$procmux$864_CMP0 ($eq).
Removed top 2 bits (of 6) from port B of cell conv1d_large_benchmark_top.$flatten\conv.\impl.$procmux$865_CMP0 ($eq).
Removed top 2 bits (of 6) from port B of cell conv1d_large_benchmark_top.$flatten\conv.\impl.$procmux$866_CMP0 ($eq).
Removed top 2 bits (of 6) from port B of cell conv1d_large_benchmark_top.$flatten\conv.\impl.$procmux$867_CMP0 ($eq).
Removed top 2 bits (of 6) from port B of cell conv1d_large_benchmark_top.$flatten\conv.\impl.$procmux$868_CMP0 ($eq).
Removed top 2 bits (of 6) from port B of cell conv1d_large_benchmark_top.$flatten\conv.\impl.$procmux$869_CMP0 ($eq).
Removed top 2 bits (of 6) from port B of cell conv1d_large_benchmark_top.$flatten\conv.\impl.$procmux$870_CMP0 ($eq).
Removed top 2 bits (of 6) from port B of cell conv1d_large_benchmark_top.$flatten\conv.\impl.$procmux$871_CMP0 ($eq).
Removed top 2 bits (of 6) from port B of cell conv1d_large_benchmark_top.$flatten\conv.\impl.$procmux$872_CMP0 ($eq).
Removed top 3 bits (of 6) from port B of cell conv1d_large_benchmark_top.$flatten\conv.\impl.$procmux$873_CMP0 ($eq).
Removed top 3 bits (of 6) from port B of cell conv1d_large_benchmark_top.$flatten\conv.\impl.$procmux$874_CMP0 ($eq).
Removed top 3 bits (of 6) from port B of cell conv1d_large_benchmark_top.$flatten\conv.\impl.$procmux$875_CMP0 ($eq).
Removed top 3 bits (of 6) from port B of cell conv1d_large_benchmark_top.$flatten\conv.\impl.$procmux$876_CMP0 ($eq).
Removed top 4 bits (of 6) from port B of cell conv1d_large_benchmark_top.$flatten\conv.\impl.$procmux$877_CMP0 ($eq).
Removed top 4 bits (of 6) from port B of cell conv1d_large_benchmark_top.$flatten\conv.\impl.$procmux$878_CMP0 ($eq).
Removed top 5 bits (of 6) from port B of cell conv1d_large_benchmark_top.$flatten\conv.\impl.$procmux$879_CMP0 ($eq).
Removed top 29 bits (of 32) from port B of cell conv1d_large_benchmark_top.$flatten\conv.\impl.$procmux$895_CMP0 ($eq).
Removed top 29 bits (of 32) from port B of cell conv1d_large_benchmark_top.$flatten\conv.\impl.$procmux$896_CMP0 ($eq).
Removed top 29 bits (of 32) from port B of cell conv1d_large_benchmark_top.$flatten\conv.\impl.$procmux$897_CMP0 ($eq).
Removed top 30 bits (of 32) from port B of cell conv1d_large_benchmark_top.$flatten\conv.\impl.$procmux$898_CMP0 ($eq).
Removed top 30 bits (of 32) from port B of cell conv1d_large_benchmark_top.$flatten\conv.\impl.$procmux$899_CMP0 ($eq).
Removed top 31 bits (of 32) from port B of cell conv1d_large_benchmark_top.$flatten\conv.\impl.$procmux$900_CMP0 ($eq).
Removed top 1 bits (of 6) from port B of cell conv1d_large_benchmark_top.$flatten\conv.\impl.$procmux$991_CMP0 ($eq).
Removed top 1 bits (of 6) from port B of cell conv1d_large_benchmark_top.$flatten\conv.\impl.$procmux$992_CMP0 ($eq).
Removed top 1 bits (of 6) from port B of cell conv1d_large_benchmark_top.$flatten\conv.\impl.$procmux$993_CMP0 ($eq).
Removed top 1 bits (of 6) from port B of cell conv1d_large_benchmark_top.$flatten\conv.\impl.$procmux$994_CMP0 ($eq).
Removed top 1 bits (of 6) from port B of cell conv1d_large_benchmark_top.$flatten\conv.\impl.$procmux$995_CMP0 ($eq).
Removed top 1 bits (of 6) from port B of cell conv1d_large_benchmark_top.$flatten\conv.\impl.$procmux$996_CMP0 ($eq).
Removed top 1 bits (of 6) from port B of cell conv1d_large_benchmark_top.$flatten\conv.\impl.$procmux$997_CMP0 ($eq).
Removed top 1 bits (of 6) from port B of cell conv1d_large_benchmark_top.$flatten\conv.\impl.$procmux$998_CMP0 ($eq).
Removed top 1 bits (of 6) from port B of cell conv1d_large_benchmark_top.$flatten\conv.\impl.$procmux$999_CMP0 ($eq).
Removed top 1 bits (of 6) from port B of cell conv1d_large_benchmark_top.$flatten\conv.\impl.$procmux$1000_CMP0 ($eq).
Removed top 1 bits (of 6) from port B of cell conv1d_large_benchmark_top.$flatten\conv.\impl.$procmux$1001_CMP0 ($eq).
Removed top 1 bits (of 6) from port B of cell conv1d_large_benchmark_top.$flatten\conv.\impl.$procmux$1002_CMP0 ($eq).
Removed top 1 bits (of 6) from port B of cell conv1d_large_benchmark_top.$flatten\conv.\impl.$procmux$1003_CMP0 ($eq).
Removed top 1 bits (of 6) from port B of cell conv1d_large_benchmark_top.$flatten\conv.\impl.$procmux$1004_CMP0 ($eq).
Removed top 1 bits (of 6) from port B of cell conv1d_large_benchmark_top.$flatten\conv.\impl.$procmux$1005_CMP0 ($eq).
Removed top 1 bits (of 6) from port B of cell conv1d_large_benchmark_top.$flatten\conv.\impl.$procmux$1006_CMP0 ($eq).
Removed top 2 bits (of 6) from port B of cell conv1d_large_benchmark_top.$flatten\conv.\impl.$procmux$1007_CMP0 ($eq).
Removed top 2 bits (of 6) from port B of cell conv1d_large_benchmark_top.$flatten\conv.\impl.$procmux$1008_CMP0 ($eq).
Removed top 2 bits (of 6) from port B of cell conv1d_large_benchmark_top.$flatten\conv.\impl.$procmux$1009_CMP0 ($eq).
Removed top 2 bits (of 6) from port B of cell conv1d_large_benchmark_top.$flatten\conv.\impl.$procmux$1010_CMP0 ($eq).
Removed top 2 bits (of 6) from port B of cell conv1d_large_benchmark_top.$flatten\conv.\impl.$procmux$1011_CMP0 ($eq).
Removed top 2 bits (of 6) from port B of cell conv1d_large_benchmark_top.$flatten\conv.\impl.$procmux$1012_CMP0 ($eq).
Removed top 2 bits (of 6) from port B of cell conv1d_large_benchmark_top.$flatten\conv.\impl.$procmux$1013_CMP0 ($eq).
Removed top 2 bits (of 6) from port B of cell conv1d_large_benchmark_top.$flatten\conv.\impl.$procmux$1014_CMP0 ($eq).
Removed top 3 bits (of 6) from port B of cell conv1d_large_benchmark_top.$flatten\conv.\impl.$procmux$1015_CMP0 ($eq).
Removed top 3 bits (of 6) from port B of cell conv1d_large_benchmark_top.$flatten\conv.\impl.$procmux$1016_CMP0 ($eq).
Removed top 3 bits (of 6) from port B of cell conv1d_large_benchmark_top.$flatten\conv.\impl.$procmux$1017_CMP0 ($eq).
Removed top 3 bits (of 6) from port B of cell conv1d_large_benchmark_top.$flatten\conv.\impl.$procmux$1018_CMP0 ($eq).
Removed top 4 bits (of 6) from port B of cell conv1d_large_benchmark_top.$flatten\conv.\impl.$procmux$1019_CMP0 ($eq).
Removed top 4 bits (of 6) from port B of cell conv1d_large_benchmark_top.$flatten\conv.\impl.$procmux$1020_CMP0 ($eq).
Removed top 5 bits (of 6) from port B of cell conv1d_large_benchmark_top.$flatten\conv.\impl.$procmux$1021_CMP0 ($eq).
Removed top 29 bits (of 32) from port B of cell conv1d_large_benchmark_top.$flatten\conv.\impl.$procmux$1037_CMP0 ($eq).
Removed top 29 bits (of 32) from port B of cell conv1d_large_benchmark_top.$flatten\conv.\impl.$procmux$1038_CMP0 ($eq).
Removed top 29 bits (of 32) from port B of cell conv1d_large_benchmark_top.$flatten\conv.\impl.$procmux$1039_CMP0 ($eq).
Removed top 30 bits (of 32) from port B of cell conv1d_large_benchmark_top.$flatten\conv.\impl.$procmux$1040_CMP0 ($eq).
Removed top 30 bits (of 32) from port B of cell conv1d_large_benchmark_top.$flatten\conv.\impl.$procmux$1041_CMP0 ($eq).
Removed top 31 bits (of 32) from port B of cell conv1d_large_benchmark_top.$flatten\conv.\impl.$procmux$1042_CMP0 ($eq).
Removed top 1 bits (of 6) from port B of cell conv1d_large_benchmark_top.$flatten\conv.\impl.$procmux$1133_CMP0 ($eq).
Removed top 1 bits (of 6) from port B of cell conv1d_large_benchmark_top.$flatten\conv.\impl.$procmux$1134_CMP0 ($eq).
Removed top 1 bits (of 6) from port B of cell conv1d_large_benchmark_top.$flatten\conv.\impl.$procmux$1135_CMP0 ($eq).
Removed top 1 bits (of 6) from port B of cell conv1d_large_benchmark_top.$flatten\conv.\impl.$procmux$1136_CMP0 ($eq).
Removed top 1 bits (of 6) from port B of cell conv1d_large_benchmark_top.$flatten\conv.\impl.$procmux$1137_CMP0 ($eq).
Removed top 1 bits (of 6) from port B of cell conv1d_large_benchmark_top.$flatten\conv.\impl.$procmux$1138_CMP0 ($eq).
Removed top 1 bits (of 6) from port B of cell conv1d_large_benchmark_top.$flatten\conv.\impl.$procmux$1139_CMP0 ($eq).
Removed top 1 bits (of 6) from port B of cell conv1d_large_benchmark_top.$flatten\conv.\impl.$procmux$1140_CMP0 ($eq).
Removed top 1 bits (of 6) from port B of cell conv1d_large_benchmark_top.$flatten\conv.\impl.$procmux$1141_CMP0 ($eq).
Removed top 1 bits (of 6) from port B of cell conv1d_large_benchmark_top.$flatten\conv.\impl.$procmux$1142_CMP0 ($eq).
Removed top 1 bits (of 6) from port B of cell conv1d_large_benchmark_top.$flatten\conv.\impl.$procmux$1143_CMP0 ($eq).
Removed top 1 bits (of 6) from port B of cell conv1d_large_benchmark_top.$flatten\conv.\impl.$procmux$1144_CMP0 ($eq).
Removed top 1 bits (of 6) from port B of cell conv1d_large_benchmark_top.$flatten\conv.\impl.$procmux$1145_CMP0 ($eq).
Removed top 1 bits (of 6) from port B of cell conv1d_large_benchmark_top.$flatten\conv.\impl.$procmux$1146_CMP0 ($eq).
Removed top 1 bits (of 6) from port B of cell conv1d_large_benchmark_top.$flatten\conv.\impl.$procmux$1147_CMP0 ($eq).
Removed top 1 bits (of 6) from port B of cell conv1d_large_benchmark_top.$flatten\conv.\impl.$procmux$1148_CMP0 ($eq).
Removed top 2 bits (of 6) from port B of cell conv1d_large_benchmark_top.$flatten\conv.\impl.$procmux$1149_CMP0 ($eq).
Removed top 2 bits (of 6) from port B of cell conv1d_large_benchmark_top.$flatten\conv.\impl.$procmux$1150_CMP0 ($eq).
Removed top 2 bits (of 6) from port B of cell conv1d_large_benchmark_top.$flatten\conv.\impl.$procmux$1151_CMP0 ($eq).
Removed top 2 bits (of 6) from port B of cell conv1d_large_benchmark_top.$flatten\conv.\impl.$procmux$1152_CMP0 ($eq).
Removed top 2 bits (of 6) from port B of cell conv1d_large_benchmark_top.$flatten\conv.\impl.$procmux$1153_CMP0 ($eq).
Removed top 2 bits (of 6) from port B of cell conv1d_large_benchmark_top.$flatten\conv.\impl.$procmux$1154_CMP0 ($eq).
Removed top 2 bits (of 6) from port B of cell conv1d_large_benchmark_top.$flatten\conv.\impl.$procmux$1155_CMP0 ($eq).
Removed top 2 bits (of 6) from port B of cell conv1d_large_benchmark_top.$flatten\conv.\impl.$procmux$1156_CMP0 ($eq).
Removed top 3 bits (of 6) from port B of cell conv1d_large_benchmark_top.$flatten\conv.\impl.$procmux$1157_CMP0 ($eq).
Removed top 3 bits (of 6) from port B of cell conv1d_large_benchmark_top.$flatten\conv.\impl.$procmux$1158_CMP0 ($eq).
Removed top 3 bits (of 6) from port B of cell conv1d_large_benchmark_top.$flatten\conv.\impl.$procmux$1159_CMP0 ($eq).
Removed top 3 bits (of 6) from port B of cell conv1d_large_benchmark_top.$flatten\conv.\impl.$procmux$1160_CMP0 ($eq).
Removed top 4 bits (of 6) from port B of cell conv1d_large_benchmark_top.$flatten\conv.\impl.$procmux$1161_CMP0 ($eq).
Removed top 4 bits (of 6) from port B of cell conv1d_large_benchmark_top.$flatten\conv.\impl.$procmux$1162_CMP0 ($eq).
Removed top 5 bits (of 6) from port B of cell conv1d_large_benchmark_top.$flatten\conv.\impl.$procmux$1163_CMP0 ($eq).
Removed top 29 bits (of 32) from port B of cell conv1d_large_benchmark_top.$flatten\conv.\impl.$procmux$1179_CMP0 ($eq).
Removed top 29 bits (of 32) from port B of cell conv1d_large_benchmark_top.$flatten\conv.\impl.$procmux$1180_CMP0 ($eq).
Removed top 29 bits (of 32) from port B of cell conv1d_large_benchmark_top.$flatten\conv.\impl.$procmux$1181_CMP0 ($eq).
Removed top 30 bits (of 32) from port B of cell conv1d_large_benchmark_top.$flatten\conv.\impl.$procmux$1182_CMP0 ($eq).
Removed top 30 bits (of 32) from port B of cell conv1d_large_benchmark_top.$flatten\conv.\impl.$procmux$1183_CMP0 ($eq).
Removed top 31 bits (of 32) from port B of cell conv1d_large_benchmark_top.$flatten\conv.\impl.$procmux$1184_CMP0 ($eq).
Removed top 1 bits (of 6) from port B of cell conv1d_large_benchmark_top.$flatten\conv.\impl.$procmux$1275_CMP0 ($eq).
Removed top 1 bits (of 6) from port B of cell conv1d_large_benchmark_top.$flatten\conv.\impl.$procmux$1276_CMP0 ($eq).
Removed top 1 bits (of 6) from port B of cell conv1d_large_benchmark_top.$flatten\conv.\impl.$procmux$1277_CMP0 ($eq).
Removed top 1 bits (of 6) from port B of cell conv1d_large_benchmark_top.$flatten\conv.\impl.$procmux$1278_CMP0 ($eq).
Removed top 1 bits (of 6) from port B of cell conv1d_large_benchmark_top.$flatten\conv.\impl.$procmux$1279_CMP0 ($eq).
Removed top 1 bits (of 6) from port B of cell conv1d_large_benchmark_top.$flatten\conv.\impl.$procmux$1280_CMP0 ($eq).
Removed top 1 bits (of 6) from port B of cell conv1d_large_benchmark_top.$flatten\conv.\impl.$procmux$1281_CMP0 ($eq).
Removed top 1 bits (of 6) from port B of cell conv1d_large_benchmark_top.$flatten\conv.\impl.$procmux$1282_CMP0 ($eq).
Removed top 1 bits (of 6) from port B of cell conv1d_large_benchmark_top.$flatten\conv.\impl.$procmux$1283_CMP0 ($eq).
Removed top 1 bits (of 6) from port B of cell conv1d_large_benchmark_top.$flatten\conv.\impl.$procmux$1284_CMP0 ($eq).
Removed top 1 bits (of 6) from port B of cell conv1d_large_benchmark_top.$flatten\conv.\impl.$procmux$1285_CMP0 ($eq).
Removed top 1 bits (of 6) from port B of cell conv1d_large_benchmark_top.$flatten\conv.\impl.$procmux$1286_CMP0 ($eq).
Removed top 1 bits (of 6) from port B of cell conv1d_large_benchmark_top.$flatten\conv.\impl.$procmux$1287_CMP0 ($eq).
Removed top 1 bits (of 6) from port B of cell conv1d_large_benchmark_top.$flatten\conv.\impl.$procmux$1288_CMP0 ($eq).
Removed top 1 bits (of 6) from port B of cell conv1d_large_benchmark_top.$flatten\conv.\impl.$procmux$1289_CMP0 ($eq).
Removed top 1 bits (of 6) from port B of cell conv1d_large_benchmark_top.$flatten\conv.\impl.$procmux$1290_CMP0 ($eq).
Removed top 2 bits (of 6) from port B of cell conv1d_large_benchmark_top.$flatten\conv.\impl.$procmux$1291_CMP0 ($eq).
Removed top 2 bits (of 6) from port B of cell conv1d_large_benchmark_top.$flatten\conv.\impl.$procmux$1292_CMP0 ($eq).
Removed top 2 bits (of 6) from port B of cell conv1d_large_benchmark_top.$flatten\conv.\impl.$procmux$1293_CMP0 ($eq).
Removed top 2 bits (of 6) from port B of cell conv1d_large_benchmark_top.$flatten\conv.\impl.$procmux$1294_CMP0 ($eq).
Removed top 2 bits (of 6) from port B of cell conv1d_large_benchmark_top.$flatten\conv.\impl.$procmux$1295_CMP0 ($eq).
Removed top 2 bits (of 6) from port B of cell conv1d_large_benchmark_top.$flatten\conv.\impl.$procmux$1296_CMP0 ($eq).
Removed top 2 bits (of 6) from port B of cell conv1d_large_benchmark_top.$flatten\conv.\impl.$procmux$1297_CMP0 ($eq).
Removed top 2 bits (of 6) from port B of cell conv1d_large_benchmark_top.$flatten\conv.\impl.$procmux$1298_CMP0 ($eq).
Removed top 3 bits (of 6) from port B of cell conv1d_large_benchmark_top.$flatten\conv.\impl.$procmux$1299_CMP0 ($eq).
Removed top 3 bits (of 6) from port B of cell conv1d_large_benchmark_top.$flatten\conv.\impl.$procmux$1300_CMP0 ($eq).
Removed top 3 bits (of 6) from port B of cell conv1d_large_benchmark_top.$flatten\conv.\impl.$procmux$1301_CMP0 ($eq).
Removed top 3 bits (of 6) from port B of cell conv1d_large_benchmark_top.$flatten\conv.\impl.$procmux$1302_CMP0 ($eq).
Removed top 4 bits (of 6) from port B of cell conv1d_large_benchmark_top.$flatten\conv.\impl.$procmux$1303_CMP0 ($eq).
Removed top 4 bits (of 6) from port B of cell conv1d_large_benchmark_top.$flatten\conv.\impl.$procmux$1304_CMP0 ($eq).
Removed top 5 bits (of 6) from port B of cell conv1d_large_benchmark_top.$flatten\conv.\impl.$procmux$1305_CMP0 ($eq).
Removed top 1 bits (of 3) from port B of cell conv1d_large_benchmark_top.$flatten\conv.\impl.$procmux$1324_CMP0 ($eq).
Removed top 1 bits (of 3) from port B of cell conv1d_large_benchmark_top.$flatten\conv.\impl.$procmux$1325_CMP0 ($eq).
Removed top 2 bits (of 3) from port B of cell conv1d_large_benchmark_top.$flatten\conv.\impl.$procmux$1326_CMP0 ($eq).
Removed top 15 bits (of 32) from wire conv1d_large_benchmark_top.$flatten\conv.\impl.$add$/Users/adarmaori/Desktop/Final$20Project/FPGA/conv1d_large_4mult.v:83$741_Y.
Removed top 15 bits (of 32) from wire conv1d_large_benchmark_top.$flatten\conv.\impl.$add$/Users/adarmaori/Desktop/Final$20Project/FPGA/conv1d_large_4mult.v:83$754_Y.
Removed top 15 bits (of 32) from wire conv1d_large_benchmark_top.$flatten\conv.\impl.$add$/Users/adarmaori/Desktop/Final$20Project/FPGA/conv1d_large_4mult.v:83$767_Y.
Removed top 15 bits (of 32) from wire conv1d_large_benchmark_top.$flatten\conv.\impl.$add$/Users/adarmaori/Desktop/Final$20Project/FPGA/conv1d_large_4mult.v:88$780_Y.

5.14. Executing PEEPOPT pass (run peephole optimizers).

5.15. Executing OPT_CLEAN pass (remove unused cells and wires).
Finding unused cells or wires in module \conv1d_large_benchmark_top..
Removed 0 unused cells and 4 unused wires.
<suppressed ~1 debug messages>

5.16. Executing SHARE pass (SAT-based resource sharing).
Found 4 cells in module conv1d_large_benchmark_top that may be considered for resource sharing.
  Analyzing resource sharing options for $flatten\conv.\impl.$mul$/Users/adarmaori/Desktop/Final$20Project/FPGA/conv1d_large_4mult.v:84$778 ($mul):
    Found 1 activation_patterns using ctrl signal { $flatten\conv.\impl.$lt$/Users/adarmaori/Desktop/Final$20Project/FPGA/conv1d_large_4mult.v:83$768_Y $flatten\conv.\impl.$logic_and$/Users/adarmaori/Desktop/Final$20Project/FPGA/conv1d_large_4mult.v:66$695_Y \conv.impl.busy \rst }.
    Found 3 candidates: $flatten\conv.\impl.$mul$/Users/adarmaori/Desktop/Final$20Project/FPGA/conv1d_large_4mult.v:84$765 $flatten\conv.\impl.$mul$/Users/adarmaori/Desktop/Final$20Project/FPGA/conv1d_large_4mult.v:84$752 $flatten\conv.\impl.$mul$/Users/adarmaori/Desktop/Final$20Project/FPGA/conv1d_large_4mult.v:84$739
    Analyzing resource sharing with $flatten\conv.\impl.$mul$/Users/adarmaori/Desktop/Final$20Project/FPGA/conv1d_large_4mult.v:84$765 ($mul):
      Found 1 activation_patterns using ctrl signal { $flatten\conv.\impl.$lt$/Users/adarmaori/Desktop/Final$20Project/FPGA/conv1d_large_4mult.v:83$755_Y $flatten\conv.\impl.$logic_and$/Users/adarmaori/Desktop/Final$20Project/FPGA/conv1d_large_4mult.v:66$695_Y \conv.impl.busy \rst }.
      Activation pattern for cell $flatten\conv.\impl.$mul$/Users/adarmaori/Desktop/Final$20Project/FPGA/conv1d_large_4mult.v:84$778: { $flatten\conv.\impl.$lt$/Users/adarmaori/Desktop/Final$20Project/FPGA/conv1d_large_4mult.v:83$768_Y $flatten\conv.\impl.$logic_and$/Users/adarmaori/Desktop/Final$20Project/FPGA/conv1d_large_4mult.v:66$695_Y \conv.impl.busy \rst } = 4'1010
      Activation pattern for cell $flatten\conv.\impl.$mul$/Users/adarmaori/Desktop/Final$20Project/FPGA/conv1d_large_4mult.v:84$765: { $flatten\conv.\impl.$lt$/Users/adarmaori/Desktop/Final$20Project/FPGA/conv1d_large_4mult.v:83$755_Y $flatten\conv.\impl.$logic_and$/Users/adarmaori/Desktop/Final$20Project/FPGA/conv1d_large_4mult.v:66$695_Y \conv.impl.busy \rst } = 4'1010
      Size of SAT problem: 0 cells, 431 variables, 1164 clauses
      According to the SAT solver this pair of cells can not be shared.
      Model from SAT solver: { $flatten\conv.\impl.$lt$/Users/adarmaori/Desktop/Final$20Project/FPGA/conv1d_large_4mult.v:83$768_Y $flatten\conv.\impl.$lt$/Users/adarmaori/Desktop/Final$20Project/FPGA/conv1d_large_4mult.v:83$755_Y $flatten\conv.\impl.$logic_and$/Users/adarmaori/Desktop/Final$20Project/FPGA/conv1d_large_4mult.v:66$695_Y \conv.impl.busy \rst } = 5'11010
    Analyzing resource sharing with $flatten\conv.\impl.$mul$/Users/adarmaori/Desktop/Final$20Project/FPGA/conv1d_large_4mult.v:84$752 ($mul):
      Found 1 activation_patterns using ctrl signal { $flatten\conv.\impl.$lt$/Users/adarmaori/Desktop/Final$20Project/FPGA/conv1d_large_4mult.v:83$742_Y $flatten\conv.\impl.$logic_and$/Users/adarmaori/Desktop/Final$20Project/FPGA/conv1d_large_4mult.v:66$695_Y \conv.impl.busy \rst }.
      Activation pattern for cell $flatten\conv.\impl.$mul$/Users/adarmaori/Desktop/Final$20Project/FPGA/conv1d_large_4mult.v:84$778: { $flatten\conv.\impl.$lt$/Users/adarmaori/Desktop/Final$20Project/FPGA/conv1d_large_4mult.v:83$768_Y $flatten\conv.\impl.$logic_and$/Users/adarmaori/Desktop/Final$20Project/FPGA/conv1d_large_4mult.v:66$695_Y \conv.impl.busy \rst } = 4'1010
      Activation pattern for cell $flatten\conv.\impl.$mul$/Users/adarmaori/Desktop/Final$20Project/FPGA/conv1d_large_4mult.v:84$752: { $flatten\conv.\impl.$lt$/Users/adarmaori/Desktop/Final$20Project/FPGA/conv1d_large_4mult.v:83$742_Y $flatten\conv.\impl.$logic_and$/Users/adarmaori/Desktop/Final$20Project/FPGA/conv1d_large_4mult.v:66$695_Y \conv.impl.busy \rst } = 4'1010
      Size of SAT problem: 0 cells, 430 variables, 1161 clauses
      According to the SAT solver this pair of cells can not be shared.
      Model from SAT solver: { $flatten\conv.\impl.$lt$/Users/adarmaori/Desktop/Final$20Project/FPGA/conv1d_large_4mult.v:83$768_Y $flatten\conv.\impl.$lt$/Users/adarmaori/Desktop/Final$20Project/FPGA/conv1d_large_4mult.v:83$742_Y $flatten\conv.\impl.$logic_and$/Users/adarmaori/Desktop/Final$20Project/FPGA/conv1d_large_4mult.v:66$695_Y \conv.impl.busy \rst } = 5'11010
    Analyzing resource sharing with $flatten\conv.\impl.$mul$/Users/adarmaori/Desktop/Final$20Project/FPGA/conv1d_large_4mult.v:84$739 ($mul):
      Found 1 activation_patterns using ctrl signal { $flatten\conv.\impl.$lt$/Users/adarmaori/Desktop/Final$20Project/FPGA/conv1d_large_4mult.v:83$729_Y $flatten\conv.\impl.$logic_and$/Users/adarmaori/Desktop/Final$20Project/FPGA/conv1d_large_4mult.v:66$695_Y \conv.impl.busy \rst }.
      Activation pattern for cell $flatten\conv.\impl.$mul$/Users/adarmaori/Desktop/Final$20Project/FPGA/conv1d_large_4mult.v:84$778: { $flatten\conv.\impl.$lt$/Users/adarmaori/Desktop/Final$20Project/FPGA/conv1d_large_4mult.v:83$768_Y $flatten\conv.\impl.$logic_and$/Users/adarmaori/Desktop/Final$20Project/FPGA/conv1d_large_4mult.v:66$695_Y \conv.impl.busy \rst } = 4'1010
      Activation pattern for cell $flatten\conv.\impl.$mul$/Users/adarmaori/Desktop/Final$20Project/FPGA/conv1d_large_4mult.v:84$739: { $flatten\conv.\impl.$lt$/Users/adarmaori/Desktop/Final$20Project/FPGA/conv1d_large_4mult.v:83$729_Y $flatten\conv.\impl.$logic_and$/Users/adarmaori/Desktop/Final$20Project/FPGA/conv1d_large_4mult.v:66$695_Y \conv.impl.busy \rst } = 4'1010
      Size of SAT problem: 0 cells, 283 variables, 754 clauses
      According to the SAT solver this pair of cells can not be shared.
      Model from SAT solver: { $flatten\conv.\impl.$lt$/Users/adarmaori/Desktop/Final$20Project/FPGA/conv1d_large_4mult.v:83$768_Y $flatten\conv.\impl.$lt$/Users/adarmaori/Desktop/Final$20Project/FPGA/conv1d_large_4mult.v:83$729_Y $flatten\conv.\impl.$logic_and$/Users/adarmaori/Desktop/Final$20Project/FPGA/conv1d_large_4mult.v:66$695_Y \conv.impl.busy \rst } = 5'11010
  Analyzing resource sharing options for $flatten\conv.\impl.$mul$/Users/adarmaori/Desktop/Final$20Project/FPGA/conv1d_large_4mult.v:84$765 ($mul):
    Found 1 activation_patterns using ctrl signal { $flatten\conv.\impl.$lt$/Users/adarmaori/Desktop/Final$20Project/FPGA/conv1d_large_4mult.v:83$755_Y $flatten\conv.\impl.$logic_and$/Users/adarmaori/Desktop/Final$20Project/FPGA/conv1d_large_4mult.v:66$695_Y \conv.impl.busy \rst }.
    Found 2 candidates: $flatten\conv.\impl.$mul$/Users/adarmaori/Desktop/Final$20Project/FPGA/conv1d_large_4mult.v:84$752 $flatten\conv.\impl.$mul$/Users/adarmaori/Desktop/Final$20Project/FPGA/conv1d_large_4mult.v:84$739
    Analyzing resource sharing with $flatten\conv.\impl.$mul$/Users/adarmaori/Desktop/Final$20Project/FPGA/conv1d_large_4mult.v:84$752 ($mul):
      Found 1 activation_patterns using ctrl signal { $flatten\conv.\impl.$lt$/Users/adarmaori/Desktop/Final$20Project/FPGA/conv1d_large_4mult.v:83$742_Y $flatten\conv.\impl.$logic_and$/Users/adarmaori/Desktop/Final$20Project/FPGA/conv1d_large_4mult.v:66$695_Y \conv.impl.busy \rst }.
      Activation pattern for cell $flatten\conv.\impl.$mul$/Users/adarmaori/Desktop/Final$20Project/FPGA/conv1d_large_4mult.v:84$765: { $flatten\conv.\impl.$lt$/Users/adarmaori/Desktop/Final$20Project/FPGA/conv1d_large_4mult.v:83$755_Y $flatten\conv.\impl.$logic_and$/Users/adarmaori/Desktop/Final$20Project/FPGA/conv1d_large_4mult.v:66$695_Y \conv.impl.busy \rst } = 4'1010
      Activation pattern for cell $flatten\conv.\impl.$mul$/Users/adarmaori/Desktop/Final$20Project/FPGA/conv1d_large_4mult.v:84$752: { $flatten\conv.\impl.$lt$/Users/adarmaori/Desktop/Final$20Project/FPGA/conv1d_large_4mult.v:83$742_Y $flatten\conv.\impl.$logic_and$/Users/adarmaori/Desktop/Final$20Project/FPGA/conv1d_large_4mult.v:66$695_Y \conv.impl.busy \rst } = 4'1010
      Size of SAT problem: 0 cells, 432 variables, 1167 clauses
      According to the SAT solver this pair of cells can not be shared.
      Model from SAT solver: { $flatten\conv.\impl.$lt$/Users/adarmaori/Desktop/Final$20Project/FPGA/conv1d_large_4mult.v:83$755_Y $flatten\conv.\impl.$lt$/Users/adarmaori/Desktop/Final$20Project/FPGA/conv1d_large_4mult.v:83$742_Y $flatten\conv.\impl.$logic_and$/Users/adarmaori/Desktop/Final$20Project/FPGA/conv1d_large_4mult.v:66$695_Y \conv.impl.busy \rst } = 5'11010
    Analyzing resource sharing with $flatten\conv.\impl.$mul$/Users/adarmaori/Desktop/Final$20Project/FPGA/conv1d_large_4mult.v:84$739 ($mul):
      Found 1 activation_patterns using ctrl signal { $flatten\conv.\impl.$lt$/Users/adarmaori/Desktop/Final$20Project/FPGA/conv1d_large_4mult.v:83$729_Y $flatten\conv.\impl.$logic_and$/Users/adarmaori/Desktop/Final$20Project/FPGA/conv1d_large_4mult.v:66$695_Y \conv.impl.busy \rst }.
      Activation pattern for cell $flatten\conv.\impl.$mul$/Users/adarmaori/Desktop/Final$20Project/FPGA/conv1d_large_4mult.v:84$765: { $flatten\conv.\impl.$lt$/Users/adarmaori/Desktop/Final$20Project/FPGA/conv1d_large_4mult.v:83$755_Y $flatten\conv.\impl.$logic_and$/Users/adarmaori/Desktop/Final$20Project/FPGA/conv1d_large_4mult.v:66$695_Y \conv.impl.busy \rst } = 4'1010
      Activation pattern for cell $flatten\conv.\impl.$mul$/Users/adarmaori/Desktop/Final$20Project/FPGA/conv1d_large_4mult.v:84$739: { $flatten\conv.\impl.$lt$/Users/adarmaori/Desktop/Final$20Project/FPGA/conv1d_large_4mult.v:83$729_Y $flatten\conv.\impl.$logic_and$/Users/adarmaori/Desktop/Final$20Project/FPGA/conv1d_large_4mult.v:66$695_Y \conv.impl.busy \rst } = 4'1010
      Size of SAT problem: 0 cells, 282 variables, 751 clauses
      According to the SAT solver this pair of cells can not be shared.
      Model from SAT solver: { $flatten\conv.\impl.$lt$/Users/adarmaori/Desktop/Final$20Project/FPGA/conv1d_large_4mult.v:83$755_Y $flatten\conv.\impl.$lt$/Users/adarmaori/Desktop/Final$20Project/FPGA/conv1d_large_4mult.v:83$729_Y $flatten\conv.\impl.$logic_and$/Users/adarmaori/Desktop/Final$20Project/FPGA/conv1d_large_4mult.v:66$695_Y \conv.impl.busy \rst } = 5'11010
  Analyzing resource sharing options for $flatten\conv.\impl.$mul$/Users/adarmaori/Desktop/Final$20Project/FPGA/conv1d_large_4mult.v:84$752 ($mul):
    Found 1 activation_patterns using ctrl signal { $flatten\conv.\impl.$lt$/Users/adarmaori/Desktop/Final$20Project/FPGA/conv1d_large_4mult.v:83$742_Y $flatten\conv.\impl.$logic_and$/Users/adarmaori/Desktop/Final$20Project/FPGA/conv1d_large_4mult.v:66$695_Y \conv.impl.busy \rst }.
    Found 1 candidates: $flatten\conv.\impl.$mul$/Users/adarmaori/Desktop/Final$20Project/FPGA/conv1d_large_4mult.v:84$739
    Analyzing resource sharing with $flatten\conv.\impl.$mul$/Users/adarmaori/Desktop/Final$20Project/FPGA/conv1d_large_4mult.v:84$739 ($mul):
      Found 1 activation_patterns using ctrl signal { $flatten\conv.\impl.$lt$/Users/adarmaori/Desktop/Final$20Project/FPGA/conv1d_large_4mult.v:83$729_Y $flatten\conv.\impl.$logic_and$/Users/adarmaori/Desktop/Final$20Project/FPGA/conv1d_large_4mult.v:66$695_Y \conv.impl.busy \rst }.
      Activation pattern for cell $flatten\conv.\impl.$mul$/Users/adarmaori/Desktop/Final$20Project/FPGA/conv1d_large_4mult.v:84$752: { $flatten\conv.\impl.$lt$/Users/adarmaori/Desktop/Final$20Project/FPGA/conv1d_large_4mult.v:83$742_Y $flatten\conv.\impl.$logic_and$/Users/adarmaori/Desktop/Final$20Project/FPGA/conv1d_large_4mult.v:66$695_Y \conv.impl.busy \rst } = 4'1010
      Activation pattern for cell $flatten\conv.\impl.$mul$/Users/adarmaori/Desktop/Final$20Project/FPGA/conv1d_large_4mult.v:84$739: { $flatten\conv.\impl.$lt$/Users/adarmaori/Desktop/Final$20Project/FPGA/conv1d_large_4mult.v:83$729_Y $flatten\conv.\impl.$logic_and$/Users/adarmaori/Desktop/Final$20Project/FPGA/conv1d_large_4mult.v:66$695_Y \conv.impl.busy \rst } = 4'1010
      Size of SAT problem: 0 cells, 284 variables, 757 clauses
      According to the SAT solver this pair of cells can not be shared.
      Model from SAT solver: { $flatten\conv.\impl.$lt$/Users/adarmaori/Desktop/Final$20Project/FPGA/conv1d_large_4mult.v:83$742_Y $flatten\conv.\impl.$lt$/Users/adarmaori/Desktop/Final$20Project/FPGA/conv1d_large_4mult.v:83$729_Y $flatten\conv.\impl.$logic_and$/Users/adarmaori/Desktop/Final$20Project/FPGA/conv1d_large_4mult.v:66$695_Y \conv.impl.busy \rst } = 5'11010
  Analyzing resource sharing options for $flatten\conv.\impl.$mul$/Users/adarmaori/Desktop/Final$20Project/FPGA/conv1d_large_4mult.v:84$739 ($mul):
    Found 1 activation_patterns using ctrl signal { $flatten\conv.\impl.$lt$/Users/adarmaori/Desktop/Final$20Project/FPGA/conv1d_large_4mult.v:83$729_Y $flatten\conv.\impl.$logic_and$/Users/adarmaori/Desktop/Final$20Project/FPGA/conv1d_large_4mult.v:66$695_Y \conv.impl.busy \rst }.
    No candidates found.

5.17. Executing TECHMAP pass (map to technology primitives).

5.17.1. Executing Verilog-2005 frontend: /opt/homebrew/bin/../share/yosys/cmp2lut.v
Parsing Verilog input from `/opt/homebrew/bin/../share/yosys/cmp2lut.v' to AST representation.
Generating RTLIL representation for module `\_90_lut_cmp_'.
Successfully finished Verilog frontend.

5.17.2. Continuing TECHMAP pass.
No more expansions possible.
<suppressed ~88 debug messages>

5.18. Executing OPT_EXPR pass (perform const folding).
Optimizing module conv1d_large_benchmark_top.
<suppressed ~3 debug messages>

5.19. Executing OPT_CLEAN pass (remove unused cells and wires).
Finding unused cells or wires in module \conv1d_large_benchmark_top..
Removed 3 unused cells and 6 unused wires.
<suppressed ~4 debug messages>

5.20. Executing ALUMACC pass (create $alu and $macc cells).
Extracting $alu and $macc cells in module conv1d_large_benchmark_top:
  creating $macc model for $flatten\conv.\impl.$add$/Users/adarmaori/Desktop/Final$20Project/FPGA/conv1d_large_4mult.v:83$741 ($add).
  creating $macc model for $flatten\conv.\impl.$add$/Users/adarmaori/Desktop/Final$20Project/FPGA/conv1d_large_4mult.v:83$754 ($add).
  creating $macc model for $flatten\conv.\impl.$add$/Users/adarmaori/Desktop/Final$20Project/FPGA/conv1d_large_4mult.v:83$767 ($add).
  creating $macc model for $flatten\conv.\impl.$add$/Users/adarmaori/Desktop/Final$20Project/FPGA/conv1d_large_4mult.v:84$753 ($add).
  creating $macc model for $flatten\conv.\impl.$add$/Users/adarmaori/Desktop/Final$20Project/FPGA/conv1d_large_4mult.v:84$766 ($add).
  creating $macc model for $flatten\conv.\impl.$add$/Users/adarmaori/Desktop/Final$20Project/FPGA/conv1d_large_4mult.v:84$779 ($add).
  creating $macc model for $flatten\conv.\impl.$add$/Users/adarmaori/Desktop/Final$20Project/FPGA/conv1d_large_4mult.v:88$780 ($add).
  creating $macc model for $flatten\conv.\impl.$add$/Users/adarmaori/Desktop/Final$20Project/FPGA/conv1d_large_4mult.v:89$782 ($add).
  creating $macc model for $flatten\conv.\impl.$add$/Users/adarmaori/Desktop/Final$20Project/FPGA/conv1d_large_4mult.v:95$784 ($add).
  creating $macc model for $flatten\conv.\impl.$mul$/Users/adarmaori/Desktop/Final$20Project/FPGA/conv1d_large_4mult.v:84$739 ($mul).
  creating $macc model for $flatten\conv.\impl.$mul$/Users/adarmaori/Desktop/Final$20Project/FPGA/conv1d_large_4mult.v:84$752 ($mul).
  creating $macc model for $flatten\conv.\impl.$mul$/Users/adarmaori/Desktop/Final$20Project/FPGA/conv1d_large_4mult.v:84$765 ($mul).
  creating $macc model for $flatten\conv.\impl.$mul$/Users/adarmaori/Desktop/Final$20Project/FPGA/conv1d_large_4mult.v:84$778 ($mul).
  merging $macc model for $flatten\conv.\impl.$mul$/Users/adarmaori/Desktop/Final$20Project/FPGA/conv1d_large_4mult.v:84$778 into $flatten\conv.\impl.$add$/Users/adarmaori/Desktop/Final$20Project/FPGA/conv1d_large_4mult.v:84$779.
  merging $macc model for $flatten\conv.\impl.$mul$/Users/adarmaori/Desktop/Final$20Project/FPGA/conv1d_large_4mult.v:84$765 into $flatten\conv.\impl.$add$/Users/adarmaori/Desktop/Final$20Project/FPGA/conv1d_large_4mult.v:84$766.
  merging $macc model for $flatten\conv.\impl.$mul$/Users/adarmaori/Desktop/Final$20Project/FPGA/conv1d_large_4mult.v:84$752 into $flatten\conv.\impl.$add$/Users/adarmaori/Desktop/Final$20Project/FPGA/conv1d_large_4mult.v:84$753.
  creating $alu model for $macc $flatten\conv.\impl.$add$/Users/adarmaori/Desktop/Final$20Project/FPGA/conv1d_large_4mult.v:95$784.
  creating $alu model for $macc $flatten\conv.\impl.$add$/Users/adarmaori/Desktop/Final$20Project/FPGA/conv1d_large_4mult.v:89$782.
  creating $alu model for $macc $flatten\conv.\impl.$add$/Users/adarmaori/Desktop/Final$20Project/FPGA/conv1d_large_4mult.v:88$780.
  creating $alu model for $macc $flatten\conv.\impl.$add$/Users/adarmaori/Desktop/Final$20Project/FPGA/conv1d_large_4mult.v:83$767.
  creating $alu model for $macc $flatten\conv.\impl.$add$/Users/adarmaori/Desktop/Final$20Project/FPGA/conv1d_large_4mult.v:83$754.
  creating $alu model for $macc $flatten\conv.\impl.$add$/Users/adarmaori/Desktop/Final$20Project/FPGA/conv1d_large_4mult.v:83$741.
  creating $macc cell for $flatten\conv.\impl.$add$/Users/adarmaori/Desktop/Final$20Project/FPGA/conv1d_large_4mult.v:84$753: $auto$alumacc.cc:365:replace_macc$2738
  creating $macc cell for $flatten\conv.\impl.$add$/Users/adarmaori/Desktop/Final$20Project/FPGA/conv1d_large_4mult.v:84$779: $auto$alumacc.cc:365:replace_macc$2739
  creating $macc cell for $flatten\conv.\impl.$add$/Users/adarmaori/Desktop/Final$20Project/FPGA/conv1d_large_4mult.v:84$766: $auto$alumacc.cc:365:replace_macc$2740
  creating $macc cell for $flatten\conv.\impl.$mul$/Users/adarmaori/Desktop/Final$20Project/FPGA/conv1d_large_4mult.v:84$739: $auto$alumacc.cc:365:replace_macc$2741
  creating $alu model for $flatten\conv.\impl.$ge$/Users/adarmaori/Desktop/Final$20Project/FPGA/conv1d_large_4mult.v:88$781 ($ge): new $alu
  creating $alu model for $flatten\conv.\impl.$lt$/Users/adarmaori/Desktop/Final$20Project/FPGA/conv1d_large_4mult.v:83$729 ($lt): new $alu
  creating $alu model for $flatten\conv.\impl.$lt$/Users/adarmaori/Desktop/Final$20Project/FPGA/conv1d_large_4mult.v:83$742 ($lt): new $alu
  creating $alu model for $flatten\conv.\impl.$lt$/Users/adarmaori/Desktop/Final$20Project/FPGA/conv1d_large_4mult.v:83$755 ($lt): new $alu
  creating $alu model for $flatten\conv.\impl.$lt$/Users/adarmaori/Desktop/Final$20Project/FPGA/conv1d_large_4mult.v:83$768 ($lt): new $alu
  creating $alu cell for $flatten\conv.\impl.$lt$/Users/adarmaori/Desktop/Final$20Project/FPGA/conv1d_large_4mult.v:83$768: $auto$alumacc.cc:485:replace_alu$2747
  creating $alu cell for $flatten\conv.\impl.$lt$/Users/adarmaori/Desktop/Final$20Project/FPGA/conv1d_large_4mult.v:83$755: $auto$alumacc.cc:485:replace_alu$2758
  creating $alu cell for $flatten\conv.\impl.$lt$/Users/adarmaori/Desktop/Final$20Project/FPGA/conv1d_large_4mult.v:83$742: $auto$alumacc.cc:485:replace_alu$2769
  creating $alu cell for $flatten\conv.\impl.$lt$/Users/adarmaori/Desktop/Final$20Project/FPGA/conv1d_large_4mult.v:83$729: $auto$alumacc.cc:485:replace_alu$2780
  creating $alu cell for $flatten\conv.\impl.$ge$/Users/adarmaori/Desktop/Final$20Project/FPGA/conv1d_large_4mult.v:88$781: $auto$alumacc.cc:485:replace_alu$2791
  creating $alu cell for $flatten\conv.\impl.$add$/Users/adarmaori/Desktop/Final$20Project/FPGA/conv1d_large_4mult.v:83$741: $auto$alumacc.cc:485:replace_alu$2800
  creating $alu cell for $flatten\conv.\impl.$add$/Users/adarmaori/Desktop/Final$20Project/FPGA/conv1d_large_4mult.v:83$754: $auto$alumacc.cc:485:replace_alu$2803
  creating $alu cell for $flatten\conv.\impl.$add$/Users/adarmaori/Desktop/Final$20Project/FPGA/conv1d_large_4mult.v:83$767: $auto$alumacc.cc:485:replace_alu$2806
  creating $alu cell for $flatten\conv.\impl.$add$/Users/adarmaori/Desktop/Final$20Project/FPGA/conv1d_large_4mult.v:89$782: $auto$alumacc.cc:485:replace_alu$2809
  creating $alu cell for $flatten\conv.\impl.$add$/Users/adarmaori/Desktop/Final$20Project/FPGA/conv1d_large_4mult.v:88$780: $auto$alumacc.cc:485:replace_alu$2812
  creating $alu cell for $flatten\conv.\impl.$add$/Users/adarmaori/Desktop/Final$20Project/FPGA/conv1d_large_4mult.v:95$784: $auto$alumacc.cc:485:replace_alu$2815
  created 11 $alu and 4 $macc cells.

5.21. Executing OPT pass (performing simple optimizations).

5.21.1. Executing OPT_EXPR pass (perform const folding).
Optimizing module conv1d_large_benchmark_top.
<suppressed ~12 debug messages>

5.21.2. Executing OPT_MERGE pass (detect identical cells).
Finding identical cells in module `\conv1d_large_benchmark_top'.
Removed a total of 0 cells.

5.21.3. Executing OPT_MUXTREE pass (detect dead branches in mux trees).
Running muxtree optimizer on module \conv1d_large_benchmark_top..
  Creating internal representation of mux trees.
  Evaluating internal representation of mux trees.
  Analyzing evaluation results.
Removed 0 multiplexer ports.
<suppressed ~15 debug messages>

5.21.4. Executing OPT_REDUCE pass (consolidate $*mux and $reduce_* inputs).
  Optimizing cells in module \conv1d_large_benchmark_top.
Performed a total of 0 changes.

5.21.5. Executing OPT_MERGE pass (detect identical cells).
Finding identical cells in module `\conv1d_large_benchmark_top'.
Removed a total of 0 cells.

5.21.6. Executing OPT_DFF pass (perform DFF optimizations).

5.21.7. Executing OPT_CLEAN pass (remove unused cells and wires).
Finding unused cells or wires in module \conv1d_large_benchmark_top..
Removed 7 unused cells and 12 unused wires.
<suppressed ~8 debug messages>

5.21.8. Executing OPT_EXPR pass (perform const folding).
Optimizing module conv1d_large_benchmark_top.

5.21.9. Rerunning OPT passes. (Maybe there is more to do..)

5.21.10. Executing OPT_MUXTREE pass (detect dead branches in mux trees).
Running muxtree optimizer on module \conv1d_large_benchmark_top..
  Creating internal representation of mux trees.
  Evaluating internal representation of mux trees.
  Analyzing evaluation results.
Removed 0 multiplexer ports.
<suppressed ~15 debug messages>

5.21.11. Executing OPT_REDUCE pass (consolidate $*mux and $reduce_* inputs).
  Optimizing cells in module \conv1d_large_benchmark_top.
Performed a total of 0 changes.

5.21.12. Executing OPT_MERGE pass (detect identical cells).
Finding identical cells in module `\conv1d_large_benchmark_top'.
Removed a total of 0 cells.

5.21.13. Executing OPT_DFF pass (perform DFF optimizations).

5.21.14. Executing OPT_CLEAN pass (remove unused cells and wires).
Finding unused cells or wires in module \conv1d_large_benchmark_top..

5.21.15. Executing OPT_EXPR pass (perform const folding).
Optimizing module conv1d_large_benchmark_top.

5.21.16. Finished OPT passes. (There is nothing left to do.)

5.22. Executing MEMORY pass.

5.22.1. Executing OPT_MEM pass (optimize memories).
Performed a total of 0 transformations.

5.22.2. Executing OPT_MEM_PRIORITY pass (removing unnecessary memory write priority relations).
Performed a total of 0 transformations.

5.22.3. Executing OPT_MEM_FEEDBACK pass (finding memory read-to-write feedback paths).

5.22.4. Executing MEMORY_BMUX2ROM pass (converting muxes to ROMs).

5.22.5. Executing MEMORY_DFF pass (merging $dff cells to $memrd).

5.22.6. Executing OPT_CLEAN pass (remove unused cells and wires).
Finding unused cells or wires in module \conv1d_large_benchmark_top..

5.22.7. Executing MEMORY_SHARE pass (consolidating $memrd/$memwr cells).

5.22.8. Executing OPT_MEM_WIDEN pass (optimize memories where all ports are wide).
Performed a total of 0 transformations.

5.22.9. Executing OPT_CLEAN pass (remove unused cells and wires).
Finding unused cells or wires in module \conv1d_large_benchmark_top..

5.22.10. Executing MEMORY_COLLECT pass (generating $mem cells).

5.23. Executing OPT_CLEAN pass (remove unused cells and wires).
Finding unused cells or wires in module \conv1d_large_benchmark_top..

5.24. Executing MEMORY_LIBMAP pass (mapping memories to cells).

5.25. Executing TECHMAP pass (map to technology primitives).

5.25.1. Executing Verilog-2005 frontend: /opt/homebrew/bin/../share/yosys/ice40/brams_map.v
Parsing Verilog input from `/opt/homebrew/bin/../share/yosys/ice40/brams_map.v' to AST representation.
Generating RTLIL representation for module `\$__ICE40_RAM4K_'.
Successfully finished Verilog frontend.

5.25.2. Executing Verilog-2005 frontend: /opt/homebrew/bin/../share/yosys/ice40/spram_map.v
Parsing Verilog input from `/opt/homebrew/bin/../share/yosys/ice40/spram_map.v' to AST representation.
Generating RTLIL representation for module `\$__ICE40_SPRAM_'.
Successfully finished Verilog frontend.

5.25.3. Continuing TECHMAP pass.
No more expansions possible.
<suppressed ~4 debug messages>

5.26. Executing ICE40_BRAMINIT pass.

5.27. Executing OPT pass (performing simple optimizations).

5.27.1. Executing OPT_EXPR pass (perform const folding).
Optimizing module conv1d_large_benchmark_top.
<suppressed ~52 debug messages>

5.27.2. Executing OPT_MERGE pass (detect identical cells).
Finding identical cells in module `\conv1d_large_benchmark_top'.
Removed a total of 0 cells.

5.27.3. Executing OPT_DFF pass (perform DFF optimizations).
Adding EN signal on $auto$ff.cc:266:slice$2713 ($sdffe) from module conv1d_large_benchmark_top (D = $flatten\conv.\impl.$procmux$2317_Y [1:0], Q = \conv.impl.tap_index [1:0]).

5.27.4. Executing OPT_CLEAN pass (remove unused cells and wires).
Finding unused cells or wires in module \conv1d_large_benchmark_top..
Removed 4 unused cells and 49 unused wires.
<suppressed ~5 debug messages>

5.27.5. Rerunning OPT passes. (Removed registers in this run.)

5.27.6. Executing OPT_EXPR pass (perform const folding).
Optimizing module conv1d_large_benchmark_top.
<suppressed ~1 debug messages>

5.27.7. Executing OPT_MERGE pass (detect identical cells).
Finding identical cells in module `\conv1d_large_benchmark_top'.
Removed a total of 0 cells.

5.27.8. Executing OPT_DFF pass (perform DFF optimizations).

5.27.9. Executing OPT_CLEAN pass (remove unused cells and wires).
Finding unused cells or wires in module \conv1d_large_benchmark_top..
Removed 0 unused cells and 1 unused wires.
<suppressed ~1 debug messages>

5.27.10. Finished fast OPT passes.

5.28. Executing MEMORY_MAP pass (converting memories to logic and flip-flops).

5.29. Executing OPT pass (performing simple optimizations).

5.29.1. Executing OPT_EXPR pass (perform const folding).
Optimizing module conv1d_large_benchmark_top.

5.29.2. Executing OPT_MERGE pass (detect identical cells).
Finding identical cells in module `\conv1d_large_benchmark_top'.
Removed a total of 0 cells.

5.29.3. Executing OPT_MUXTREE pass (detect dead branches in mux trees).
Running muxtree optimizer on module \conv1d_large_benchmark_top..
  Creating internal representation of mux trees.
  Evaluating internal representation of mux trees.
  Analyzing evaluation results.
Removed 0 multiplexer ports.
<suppressed ~14 debug messages>

5.29.4. Executing OPT_REDUCE pass (consolidate $*mux and $reduce_* inputs).
  Optimizing cells in module \conv1d_large_benchmark_top.
    Consolidated identical input bits for $pmux cell $flatten\conv.\impl.$procmux$1036:
      Old ports: A=8'00000010, B=40'1111111100000011000000001111111000000001, Y=$flatten\conv.\impl.$5\tap_weight$func$/Users/adarmaori/Desktop/Final$20Project/FPGA/conv1d_large_4mult.v:84$654.$result[7:0]$762
      New ports: A=3'010, B=15'111011000110001, Y=$flatten\conv.\impl.$5\tap_weight$func$/Users/adarmaori/Desktop/Final$20Project/FPGA/conv1d_large_4mult.v:84$654.$result[7:0]$762 [2:0]
      New connections: $flatten\conv.\impl.$5\tap_weight$func$/Users/adarmaori/Desktop/Final$20Project/FPGA/conv1d_large_4mult.v:84$654.$result[7:0]$762 [7:3] = { $flatten\conv.\impl.$5\tap_weight$func$/Users/adarmaori/Desktop/Final$20Project/FPGA/conv1d_large_4mult.v:84$654.$result[7:0]$762 [2] $flatten\conv.\impl.$5\tap_weight$func$/Users/adarmaori/Desktop/Final$20Project/FPGA/conv1d_large_4mult.v:84$654.$result[7:0]$762 [2] $flatten\conv.\impl.$5\tap_weight$func$/Users/adarmaori/Desktop/Final$20Project/FPGA/conv1d_large_4mult.v:84$654.$result[7:0]$762 [2] $flatten\conv.\impl.$5\tap_weight$func$/Users/adarmaori/Desktop/Final$20Project/FPGA/conv1d_large_4mult.v:84$654.$result[7:0]$762 [2] $flatten\conv.\impl.$5\tap_weight$func$/Users/adarmaori/Desktop/Final$20Project/FPGA/conv1d_large_4mult.v:84$654.$result[7:0]$762 [2] }
    Consolidated identical input bits for $pmux cell $flatten\conv.\impl.$procmux$1178:
      Old ports: A=8'00000010, B=40'1111111100000011000000001111111000000001, Y=$flatten\conv.\impl.$5\tap_weight$func$/Users/adarmaori/Desktop/Final$20Project/FPGA/conv1d_large_4mult.v:84$653.$result[7:0]$749
      New ports: A=3'010, B=15'111011000110001, Y=$flatten\conv.\impl.$5\tap_weight$func$/Users/adarmaori/Desktop/Final$20Project/FPGA/conv1d_large_4mult.v:84$653.$result[7:0]$749 [2:0]
      New connections: $flatten\conv.\impl.$5\tap_weight$func$/Users/adarmaori/Desktop/Final$20Project/FPGA/conv1d_large_4mult.v:84$653.$result[7:0]$749 [7:3] = { $flatten\conv.\impl.$5\tap_weight$func$/Users/adarmaori/Desktop/Final$20Project/FPGA/conv1d_large_4mult.v:84$653.$result[7:0]$749 [2] $flatten\conv.\impl.$5\tap_weight$func$/Users/adarmaori/Desktop/Final$20Project/FPGA/conv1d_large_4mult.v:84$653.$result[7:0]$749 [2] $flatten\conv.\impl.$5\tap_weight$func$/Users/adarmaori/Desktop/Final$20Project/FPGA/conv1d_large_4mult.v:84$653.$result[7:0]$749 [2] $flatten\conv.\impl.$5\tap_weight$func$/Users/adarmaori/Desktop/Final$20Project/FPGA/conv1d_large_4mult.v:84$653.$result[7:0]$749 [2] $flatten\conv.\impl.$5\tap_weight$func$/Users/adarmaori/Desktop/Final$20Project/FPGA/conv1d_large_4mult.v:84$653.$result[7:0]$749 [2] }
    Consolidated identical input bits for $pmux cell $flatten\conv.\impl.$procmux$1320:
      Old ports: A=8'00000010, B=40'1111111100000011000000001111111000000001, Y=$flatten\conv.\impl.$5\tap_weight$func$/Users/adarmaori/Desktop/Final$20Project/FPGA/conv1d_large_4mult.v:84$652.$result[7:0]$736
      New ports: A=3'010, B=15'111011000110001, Y=$flatten\conv.\impl.$5\tap_weight$func$/Users/adarmaori/Desktop/Final$20Project/FPGA/conv1d_large_4mult.v:84$652.$result[7:0]$736 [2:0]
      New connections: $flatten\conv.\impl.$5\tap_weight$func$/Users/adarmaori/Desktop/Final$20Project/FPGA/conv1d_large_4mult.v:84$652.$result[7:0]$736 [7:3] = { $flatten\conv.\impl.$5\tap_weight$func$/Users/adarmaori/Desktop/Final$20Project/FPGA/conv1d_large_4mult.v:84$652.$result[7:0]$736 [2] $flatten\conv.\impl.$5\tap_weight$func$/Users/adarmaori/Desktop/Final$20Project/FPGA/conv1d_large_4mult.v:84$652.$result[7:0]$736 [2] $flatten\conv.\impl.$5\tap_weight$func$/Users/adarmaori/Desktop/Final$20Project/FPGA/conv1d_large_4mult.v:84$652.$result[7:0]$736 [2] $flatten\conv.\impl.$5\tap_weight$func$/Users/adarmaori/Desktop/Final$20Project/FPGA/conv1d_large_4mult.v:84$652.$result[7:0]$736 [2] $flatten\conv.\impl.$5\tap_weight$func$/Users/adarmaori/Desktop/Final$20Project/FPGA/conv1d_large_4mult.v:84$652.$result[7:0]$736 [2] }
    Consolidated identical input bits for $mux cell $flatten\conv.\impl.$procmux$1339:
      Old ports: A={ $flatten\conv.\impl.$add$/Users/adarmaori/Desktop/Final$20Project/FPGA/conv1d_large_4mult.v:84$740_Y [31] $flatten\conv.\impl.$add$/Users/adarmaori/Desktop/Final$20Project/FPGA/conv1d_large_4mult.v:84$740_Y [31] $flatten\conv.\impl.$add$/Users/adarmaori/Desktop/Final$20Project/FPGA/conv1d_large_4mult.v:84$740_Y [31] $flatten\conv.\impl.$add$/Users/adarmaori/Desktop/Final$20Project/FPGA/conv1d_large_4mult.v:84$740_Y [31] $flatten\conv.\impl.$add$/Users/adarmaori/Desktop/Final$20Project/FPGA/conv1d_large_4mult.v:84$740_Y [31] $flatten\conv.\impl.$add$/Users/adarmaori/Desktop/Final$20Project/FPGA/conv1d_large_4mult.v:84$740_Y [31] $flatten\conv.\impl.$add$/Users/adarmaori/Desktop/Final$20Project/FPGA/conv1d_large_4mult.v:84$740_Y [31] $flatten\conv.\impl.$add$/Users/adarmaori/Desktop/Final$20Project/FPGA/conv1d_large_4mult.v:84$740_Y [31] $flatten\conv.\impl.$add$/Users/adarmaori/Desktop/Final$20Project/FPGA/conv1d_large_4mult.v:84$740_Y [31] $flatten\conv.\impl.$add$/Users/adarmaori/Desktop/Final$20Project/FPGA/conv1d_large_4mult.v:84$740_Y [31] $flatten\conv.\impl.$add$/Users/adarmaori/Desktop/Final$20Project/FPGA/conv1d_large_4mult.v:84$740_Y [31] $flatten\conv.\impl.$add$/Users/adarmaori/Desktop/Final$20Project/FPGA/conv1d_large_4mult.v:84$740_Y [31] $flatten\conv.\impl.$add$/Users/adarmaori/Desktop/Final$20Project/FPGA/conv1d_large_4mult.v:84$740_Y [31] $flatten\conv.\impl.$add$/Users/adarmaori/Desktop/Final$20Project/FPGA/conv1d_large_4mult.v:84$740_Y [31] $flatten\conv.\impl.$add$/Users/adarmaori/Desktop/Final$20Project/FPGA/conv1d_large_4mult.v:84$740_Y [31] $flatten\conv.\impl.$add$/Users/adarmaori/Desktop/Final$20Project/FPGA/conv1d_large_4mult.v:84$740_Y [31] $flatten\conv.\impl.$add$/Users/adarmaori/Desktop/Final$20Project/FPGA/conv1d_large_4mult.v:84$740_Y [31] $flatten\conv.\impl.$add$/Users/adarmaori/Desktop/Final$20Project/FPGA/conv1d_large_4mult.v:84$740_Y [14:0] }, B=0, Y=$flatten\conv.\impl.$4\group_sum[31:0]
      New ports: A={ $flatten\conv.\impl.$add$/Users/adarmaori/Desktop/Final$20Project/FPGA/conv1d_large_4mult.v:84$740_Y [31] $flatten\conv.\impl.$add$/Users/adarmaori/Desktop/Final$20Project/FPGA/conv1d_large_4mult.v:84$740_Y [14:0] }, B=16'0000000000000000, Y=$flatten\conv.\impl.$4\group_sum[31:0] [15:0]
      New connections: $flatten\conv.\impl.$4\group_sum[31:0] [31:16] = { $flatten\conv.\impl.$4\group_sum[31:0] [15] $flatten\conv.\impl.$4\group_sum[31:0] [15] $flatten\conv.\impl.$4\group_sum[31:0] [15] $flatten\conv.\impl.$4\group_sum[31:0] [15] $flatten\conv.\impl.$4\group_sum[31:0] [15] $flatten\conv.\impl.$4\group_sum[31:0] [15] $flatten\conv.\impl.$4\group_sum[31:0] [15] $flatten\conv.\impl.$4\group_sum[31:0] [15] $flatten\conv.\impl.$4\group_sum[31:0] [15] $flatten\conv.\impl.$4\group_sum[31:0] [15] $flatten\conv.\impl.$4\group_sum[31:0] [15] $flatten\conv.\impl.$4\group_sum[31:0] [15] $flatten\conv.\impl.$4\group_sum[31:0] [15] $flatten\conv.\impl.$4\group_sum[31:0] [15] $flatten\conv.\impl.$4\group_sum[31:0] [15] $flatten\conv.\impl.$4\group_sum[31:0] [15] }
    Consolidated identical input bits for $mux cell $flatten\conv.\impl.$procmux$2317:
      Old ports: A={ $flatten\conv.\impl.$add$/Users/adarmaori/Desktop/Final$20Project/FPGA/conv1d_large_4mult.v:95$784_Y [15:2] 2'x }, B=16'0000000000000000, Y=$flatten\conv.\impl.$procmux$2317_Y
      New ports: A={ $flatten\conv.\impl.$add$/Users/adarmaori/Desktop/Final$20Project/FPGA/conv1d_large_4mult.v:95$784_Y [15:2] 1'x }, B=15'000000000000000, Y={ $flatten\conv.\impl.$procmux$2317_Y [15:2] $flatten\conv.\impl.$procmux$2317_Y [0] }
      New connections: $flatten\conv.\impl.$procmux$2317_Y [1] = $flatten\conv.\impl.$procmux$2317_Y [0]
    Consolidated identical input bits for $pmux cell $flatten\conv.\impl.$procmux$894:
      Old ports: A=8'00000010, B=40'1111111100000011000000001111111000000001, Y=$flatten\conv.\impl.$5\tap_weight$func$/Users/adarmaori/Desktop/Final$20Project/FPGA/conv1d_large_4mult.v:84$655.$result[7:0]$775
      New ports: A=3'010, B=15'111011000110001, Y=$flatten\conv.\impl.$5\tap_weight$func$/Users/adarmaori/Desktop/Final$20Project/FPGA/conv1d_large_4mult.v:84$655.$result[7:0]$775 [2:0]
      New connections: $flatten\conv.\impl.$5\tap_weight$func$/Users/adarmaori/Desktop/Final$20Project/FPGA/conv1d_large_4mult.v:84$655.$result[7:0]$775 [7:3] = { $flatten\conv.\impl.$5\tap_weight$func$/Users/adarmaori/Desktop/Final$20Project/FPGA/conv1d_large_4mult.v:84$655.$result[7:0]$775 [2] $flatten\conv.\impl.$5\tap_weight$func$/Users/adarmaori/Desktop/Final$20Project/FPGA/conv1d_large_4mult.v:84$655.$result[7:0]$775 [2] $flatten\conv.\impl.$5\tap_weight$func$/Users/adarmaori/Desktop/Final$20Project/FPGA/conv1d_large_4mult.v:84$655.$result[7:0]$775 [2] $flatten\conv.\impl.$5\tap_weight$func$/Users/adarmaori/Desktop/Final$20Project/FPGA/conv1d_large_4mult.v:84$655.$result[7:0]$775 [2] $flatten\conv.\impl.$5\tap_weight$func$/Users/adarmaori/Desktop/Final$20Project/FPGA/conv1d_large_4mult.v:84$655.$result[7:0]$775 [2] }
  Optimizing cells in module \conv1d_large_benchmark_top.
Performed a total of 6 changes.

5.29.5. Executing OPT_MERGE pass (detect identical cells).
Finding identical cells in module `\conv1d_large_benchmark_top'.
Removed a total of 0 cells.

5.29.6. Executing OPT_DFF pass (perform DFF optimizations).

5.29.7. Executing OPT_CLEAN pass (remove unused cells and wires).
Finding unused cells or wires in module \conv1d_large_benchmark_top..

5.29.8. Executing OPT_EXPR pass (perform const folding).
Optimizing module conv1d_large_benchmark_top.

5.29.9. Rerunning OPT passes. (Maybe there is more to do..)

5.29.10. Executing OPT_MUXTREE pass (detect dead branches in mux trees).
Running muxtree optimizer on module \conv1d_large_benchmark_top..
  Creating internal representation of mux trees.
  Evaluating internal representation of mux trees.
  Analyzing evaluation results.
Removed 0 multiplexer ports.
<suppressed ~14 debug messages>

5.29.11. Executing OPT_REDUCE pass (consolidate $*mux and $reduce_* inputs).
  Optimizing cells in module \conv1d_large_benchmark_top.
Performed a total of 0 changes.

5.29.12. Executing OPT_MERGE pass (detect identical cells).
Finding identical cells in module `\conv1d_large_benchmark_top'.
Removed a total of 0 cells.

5.29.13. Executing OPT_DFF pass (perform DFF optimizations).

5.29.14. Executing OPT_CLEAN pass (remove unused cells and wires).
Finding unused cells or wires in module \conv1d_large_benchmark_top..

5.29.15. Executing OPT_EXPR pass (perform const folding).
Optimizing module conv1d_large_benchmark_top.

5.29.16. Finished OPT passes. (There is nothing left to do.)

5.30. Executing ICE40_WRAPCARRY pass (wrap carries).

5.31. Executing TECHMAP pass (map to technology primitives).

5.31.1. Executing Verilog-2005 frontend: /opt/homebrew/bin/../share/yosys/techmap.v
Parsing Verilog input from `/opt/homebrew/bin/../share/yosys/techmap.v' to AST representation.
Generating RTLIL representation for module `\_90_simplemap_bool_ops'.
Generating RTLIL representation for module `\_90_simplemap_reduce_ops'.
Generating RTLIL representation for module `\_90_simplemap_logic_ops'.
Generating RTLIL representation for module `\_90_simplemap_compare_ops'.
Generating RTLIL representation for module `\_90_simplemap_various'.
Generating RTLIL representation for module `\_90_simplemap_registers'.
Generating RTLIL representation for module `\_90_shift_ops_shr_shl_sshl_sshr'.
Generating RTLIL representation for module `\_90_shift_shiftx'.
Generating RTLIL representation for module `\_90_fa'.
Generating RTLIL representation for module `\_90_lcu_brent_kung'.
Generating RTLIL representation for module `\_90_alu'.
Generating RTLIL representation for module `\_90_macc'.
Generating RTLIL representation for module `\_90_alumacc'.
Generating RTLIL representation for module `\$__div_mod_u'.
Generating RTLIL representation for module `\$__div_mod_trunc'.
Generating RTLIL representation for module `\_90_div'.
Generating RTLIL representation for module `\_90_mod'.
Generating RTLIL representation for module `\$__div_mod_floor'.
Generating RTLIL representation for module `\_90_divfloor'.
Generating RTLIL representation for module `\_90_modfloor'.
Generating RTLIL representation for module `\_90_pow'.
Generating RTLIL representation for module `\_90_pmux'.
Generating RTLIL representation for module `\_90_demux'.
Generating RTLIL representation for module `\_90_lut'.
Successfully finished Verilog frontend.

5.31.2. Executing Verilog-2005 frontend: /opt/homebrew/bin/../share/yosys/ice40/arith_map.v
Parsing Verilog input from `/opt/homebrew/bin/../share/yosys/ice40/arith_map.v' to AST representation.
Generating RTLIL representation for module `\_80_ice40_alu'.
Successfully finished Verilog frontend.

5.31.3. Continuing TECHMAP pass.
Using extmapper simplemap for cells of type $sdff.
Using extmapper maccmap for cells of type $macc.
  add { $flatten\conv.\impl.$4\group_sum[31:0] [31] $flatten\conv.\impl.$4\group_sum[31:0] [31] $flatten\conv.\impl.$4\group_sum[31:0] [31] $flatten\conv.\impl.$4\group_sum[31:0] [31] $flatten\conv.\impl.$4\group_sum[31:0] [31] $flatten\conv.\impl.$4\group_sum[31:0] [31] $flatten\conv.\impl.$4\group_sum[31:0] [31] $flatten\conv.\impl.$4\group_sum[31:0] [31] $flatten\conv.\impl.$4\group_sum[31:0] [31] $flatten\conv.\impl.$4\group_sum[31:0] [31] $flatten\conv.\impl.$4\group_sum[31:0] [31] $flatten\conv.\impl.$4\group_sum[31:0] [31] $flatten\conv.\impl.$4\group_sum[31:0] [31] $flatten\conv.\impl.$4\group_sum[31:0] [31] $flatten\conv.\impl.$4\group_sum[31:0] [31] $flatten\conv.\impl.$4\group_sum[31:0] [31] $flatten\conv.\impl.$4\group_sum[31:0] [31] $flatten\conv.\impl.$4\group_sum[31:0] [14:0] } (32 bits, signed)
  add $flatten\conv.\impl.$5$mem2reg_rd$\tap$/Users/adarmaori/Desktop/Final$20Project/FPGA/conv1d_large_4mult.v:84$657_DATA[7:0]$751 * { $flatten\conv.\impl.$5\tap_weight$func$/Users/adarmaori/Desktop/Final$20Project/FPGA/conv1d_large_4mult.v:84$653.$result[7:0]$749 [7] $flatten\conv.\impl.$5\tap_weight$func$/Users/adarmaori/Desktop/Final$20Project/FPGA/conv1d_large_4mult.v:84$653.$result[7:0]$749 [7] $flatten\conv.\impl.$5\tap_weight$func$/Users/adarmaori/Desktop/Final$20Project/FPGA/conv1d_large_4mult.v:84$653.$result[7:0]$749 [7] $flatten\conv.\impl.$5\tap_weight$func$/Users/adarmaori/Desktop/Final$20Project/FPGA/conv1d_large_4mult.v:84$653.$result[7:0]$749 [7] $flatten\conv.\impl.$5\tap_weight$func$/Users/adarmaori/Desktop/Final$20Project/FPGA/conv1d_large_4mult.v:84$653.$result[7:0]$749 [7] $flatten\conv.\impl.$5\tap_weight$func$/Users/adarmaori/Desktop/Final$20Project/FPGA/conv1d_large_4mult.v:84$653.$result[7:0]$749 [7] $flatten\conv.\impl.$5\tap_weight$func$/Users/adarmaori/Desktop/Final$20Project/FPGA/conv1d_large_4mult.v:84$653.$result[7:0]$749 [1:0] } (8x8 bits, signed)
Using template $paramod$98d5b101fc40d541c293178ad5465fa81dcb4a40\_80_ice40_alu for cells of type $alu.
Using template $paramod$6909d61d78ee2d4698244dc3ef4dd45862ec0ee0\_80_ice40_alu for cells of type $alu.
Using extmapper simplemap for cells of type $reduce_and.
Using extmapper simplemap for cells of type $not.
Using extmapper simplemap for cells of type $reduce_or.
Using extmapper simplemap for cells of type $or.
Using extmapper simplemap for cells of type $logic_and.
Using template $paramod$bc5b76409c189dae1304578314e9d1ddd73fedb5\_80_ice40_alu for cells of type $alu.
Using template $paramod$6177de982a145c5b9397c76cce0d57e0a983739a\_80_ice40_alu for cells of type $alu.
Using template $paramod$e3082a227a414c744409c60c11d08bfbd82701c7\_80_ice40_alu for cells of type $alu.
  add $flatten\conv.\impl.$6\group_sum[31:0] (32 bits, signed)
  add $flatten\conv.\impl.$5$mem2reg_rd$\tap$/Users/adarmaori/Desktop/Final$20Project/FPGA/conv1d_large_4mult.v:84$659_DATA[7:0]$777 * { $flatten\conv.\impl.$5\tap_weight$func$/Users/adarmaori/Desktop/Final$20Project/FPGA/conv1d_large_4mult.v:84$655.$result[7:0]$775 [7] $flatten\conv.\impl.$5\tap_weight$func$/Users/adarmaori/Desktop/Final$20Project/FPGA/conv1d_large_4mult.v:84$655.$result[7:0]$775 [7] $flatten\conv.\impl.$5\tap_weight$func$/Users/adarmaori/Desktop/Final$20Project/FPGA/conv1d_large_4mult.v:84$655.$result[7:0]$775 [7] $flatten\conv.\impl.$5\tap_weight$func$/Users/adarmaori/Desktop/Final$20Project/FPGA/conv1d_large_4mult.v:84$655.$result[7:0]$775 [7] $flatten\conv.\impl.$5\tap_weight$func$/Users/adarmaori/Desktop/Final$20Project/FPGA/conv1d_large_4mult.v:84$655.$result[7:0]$775 [7] $flatten\conv.\impl.$5\tap_weight$func$/Users/adarmaori/Desktop/Final$20Project/FPGA/conv1d_large_4mult.v:84$655.$result[7:0]$775 [7] $flatten\conv.\impl.$5\tap_weight$func$/Users/adarmaori/Desktop/Final$20Project/FPGA/conv1d_large_4mult.v:84$655.$result[7:0]$775 [1:0] } (8x8 bits, signed)
Using template $paramod$f30f8fc2e30bd83d28cb1ad43b9d9ec083109075\_80_ice40_alu for cells of type $alu.
  add $flatten\conv.\impl.$5$mem2reg_rd$\tap$/Users/adarmaori/Desktop/Final$20Project/FPGA/conv1d_large_4mult.v:84$656_DATA[7:0]$738 * { $flatten\conv.\impl.$5\tap_weight$func$/Users/adarmaori/Desktop/Final$20Project/FPGA/conv1d_large_4mult.v:84$652.$result[7:0]$736 [7] $flatten\conv.\impl.$5\tap_weight$func$/Users/adarmaori/Desktop/Final$20Project/FPGA/conv1d_large_4mult.v:84$652.$result[7:0]$736 [7] $flatten\conv.\impl.$5\tap_weight$func$/Users/adarmaori/Desktop/Final$20Project/FPGA/conv1d_large_4mult.v:84$652.$result[7:0]$736 [7] $flatten\conv.\impl.$5\tap_weight$func$/Users/adarmaori/Desktop/Final$20Project/FPGA/conv1d_large_4mult.v:84$652.$result[7:0]$736 [7] $flatten\conv.\impl.$5\tap_weight$func$/Users/adarmaori/Desktop/Final$20Project/FPGA/conv1d_large_4mult.v:84$652.$result[7:0]$736 [7] $flatten\conv.\impl.$5\tap_weight$func$/Users/adarmaori/Desktop/Final$20Project/FPGA/conv1d_large_4mult.v:84$652.$result[7:0]$736 [7] $flatten\conv.\impl.$5\tap_weight$func$/Users/adarmaori/Desktop/Final$20Project/FPGA/conv1d_large_4mult.v:84$652.$result[7:0]$736 [1:0] } (8x8 bits, signed)
Using template $paramod$2653f68ddb8eab7b1907b4a20767b72a824a7a36\_80_ice40_alu for cells of type $alu.
  add $flatten\conv.\impl.$5\group_sum[31:0] (32 bits, signed)
  add $flatten\conv.\impl.$5$mem2reg_rd$\tap$/Users/adarmaori/Desktop/Final$20Project/FPGA/conv1d_large_4mult.v:84$658_DATA[7:0]$764 * { $flatten\conv.\impl.$5\tap_weight$func$/Users/adarmaori/Desktop/Final$20Project/FPGA/conv1d_large_4mult.v:84$654.$result[7:0]$762 [7] $flatten\conv.\impl.$5\tap_weight$func$/Users/adarmaori/Desktop/Final$20Project/FPGA/conv1d_large_4mult.v:84$654.$result[7:0]$762 [7] $flatten\conv.\impl.$5\tap_weight$func$/Users/adarmaori/Desktop/Final$20Project/FPGA/conv1d_large_4mult.v:84$654.$result[7:0]$762 [7] $flatten\conv.\impl.$5\tap_weight$func$/Users/adarmaori/Desktop/Final$20Project/FPGA/conv1d_large_4mult.v:84$654.$result[7:0]$762 [7] $flatten\conv.\impl.$5\tap_weight$func$/Users/adarmaori/Desktop/Final$20Project/FPGA/conv1d_large_4mult.v:84$654.$result[7:0]$762 [7] $flatten\conv.\impl.$5\tap_weight$func$/Users/adarmaori/Desktop/Final$20Project/FPGA/conv1d_large_4mult.v:84$654.$result[7:0]$762 [7] $flatten\conv.\impl.$5\tap_weight$func$/Users/adarmaori/Desktop/Final$20Project/FPGA/conv1d_large_4mult.v:84$654.$result[7:0]$762 [1:0] } (8x8 bits, signed)
Using template $paramod$713617589782cfade849bb573b5c36106c4b708f\_80_ice40_alu for cells of type $alu.
Using extmapper simplemap for cells of type $eq.
Using template $paramod$159ed32d26cd6fdbd6b4b61c13920e51d5677342\_90_pmux for cells of type $pmux.
Using template $paramod$56f7ce6d87f8add68ca646dc02d7695a3189f8e5\_90_pmux for cells of type $pmux.
Using extmapper simplemap for cells of type $mux.
Using extmapper simplemap for cells of type $sdffe.
Using extmapper simplemap for cells of type $logic_not.
Using extmapper simplemap for cells of type $and.
Using extmapper simplemap for cells of type $pos.
Using extmapper simplemap for cells of type $xor.
Using template $paramod\_90_fa\WIDTH=32'00000000000000000000000000100000 for cells of type $fa.
Using template $paramod$fbc7873bff55778c0b3173955b7e4bce1d9d6834\_80_ice40_alu for cells of type $alu.
Using template $paramod\_90_fa\WIDTH=32'00000000000000000000000000010000 for cells of type $fa.
Using template $paramod$6df0329addda9228fcc2546de2aaf14ad26c98e1\_80_ice40_alu for cells of type $alu.
No more expansions possible.
<suppressed ~1206 debug messages>

5.32. Executing OPT pass (performing simple optimizations).

5.32.1. Executing OPT_EXPR pass (perform const folding).
Optimizing module conv1d_large_benchmark_top.
<suppressed ~2790 debug messages>

5.32.2. Executing OPT_MERGE pass (detect identical cells).
Finding identical cells in module `\conv1d_large_benchmark_top'.
<suppressed ~10029 debug messages>
Removed a total of 3343 cells.

5.32.3. Executing OPT_DFF pass (perform DFF optimizations).

5.32.4. Executing OPT_CLEAN pass (remove unused cells and wires).
Finding unused cells or wires in module \conv1d_large_benchmark_top..
Removed 271 unused cells and 2491 unused wires.
<suppressed ~272 debug messages>

5.32.5. Finished fast OPT passes.

5.33. Executing ICE40_OPT pass (performing simple optimizations).

5.33.1. Running ICE40 specific optimizations.
Optimized $__ICE40_CARRY_WRAPPER cell back to logic (without SB_CARRY) conv1d_large_benchmark_top.$auto$alumacc.cc:485:replace_alu$2747.slice[0].carry: CO=$auto$alumacc.cc:485:replace_alu$2747.BB [0]
Optimized $__ICE40_CARRY_WRAPPER cell back to logic (without SB_CARRY) conv1d_large_benchmark_top.$auto$alumacc.cc:485:replace_alu$2758.slice[0].carry: CO=$auto$alumacc.cc:485:replace_alu$2758.BB [0]
Optimized $__ICE40_CARRY_WRAPPER cell back to logic (without SB_CARRY) conv1d_large_benchmark_top.$auto$alumacc.cc:485:replace_alu$2769.slice[0].carry: CO=$auto$alumacc.cc:485:replace_alu$2769.BB [0]
Optimized $__ICE40_CARRY_WRAPPER cell back to logic (without SB_CARRY) conv1d_large_benchmark_top.$auto$alumacc.cc:485:replace_alu$2780.slice[0].carry: CO=$auto$alumacc.cc:485:replace_alu$2758.BB [0]
Optimized $__ICE40_CARRY_WRAPPER cell back to logic (without SB_CARRY) conv1d_large_benchmark_top.$auto$alumacc.cc:485:replace_alu$2791.slice[0].carry: CO=$auto$alumacc.cc:485:replace_alu$2758.BB [0]
Optimized $__ICE40_CARRY_WRAPPER cell back to logic (without SB_CARRY) conv1d_large_benchmark_top.$auto$alumacc.cc:485:replace_alu$2800.slice[0].carry: CO=\conv.impl.tap_index [0]
Optimized $__ICE40_CARRY_WRAPPER cell back to logic (without SB_CARRY) conv1d_large_benchmark_top.$auto$alumacc.cc:485:replace_alu$2800.slice[16].carry: CO=1'0
Optimized $__ICE40_CARRY_WRAPPER cell back to logic (without SB_CARRY) conv1d_large_benchmark_top.$auto$alumacc.cc:485:replace_alu$2803.slice[0].carry: CO=\conv.impl.tap_index [0]
Optimized $__ICE40_CARRY_WRAPPER cell back to logic (without SB_CARRY) conv1d_large_benchmark_top.$auto$alumacc.cc:485:replace_alu$2803.slice[15].carry: CO=1'0
Optimized $__ICE40_CARRY_WRAPPER cell back to logic (without SB_CARRY) conv1d_large_benchmark_top.$auto$alumacc.cc:485:replace_alu$2806.slice[0].carry: CO=\conv.impl.tap_index [0]
Optimized $__ICE40_CARRY_WRAPPER cell back to logic (without SB_CARRY) conv1d_large_benchmark_top.$auto$alumacc.cc:485:replace_alu$2806.slice[16].carry: CO=1'0
Optimized $__ICE40_CARRY_WRAPPER cell back to logic (without SB_CARRY) conv1d_large_benchmark_top.$auto$alumacc.cc:485:replace_alu$2812.slice[0].carry: CO=\conv.impl.tap_index [2]
Optimized $__ICE40_CARRY_WRAPPER cell back to logic (without SB_CARRY) conv1d_large_benchmark_top.$auto$alumacc.cc:485:replace_alu$2812.slice[14].carry: CO=1'0
Optimized $__ICE40_CARRY_WRAPPER cell back to logic (without SB_CARRY) conv1d_large_benchmark_top.$auto$alumacc.cc:485:replace_alu$2815.slice[0].carry: CO=\conv.impl.tap_index [2]
Optimized $__ICE40_CARRY_WRAPPER cell back to logic (without SB_CARRY) conv1d_large_benchmark_top.$auto$maccmap.cc:240:synth$2967.slice[0].carry: CO=1'0
Optimized $__ICE40_CARRY_WRAPPER cell back to logic (without SB_CARRY) conv1d_large_benchmark_top.$auto$maccmap.cc:240:synth$3092.slice[0].carry: CO=1'0
Optimized $__ICE40_CARRY_WRAPPER cell back to logic (without SB_CARRY) conv1d_large_benchmark_top.$auto$maccmap.cc:240:synth$3140.slice[0].carry: CO=1'0
Optimized $__ICE40_CARRY_WRAPPER cell back to logic (without SB_CARRY) conv1d_large_benchmark_top.$auto$maccmap.cc:240:synth$3191.slice[0].carry: CO=1'0

5.33.2. Executing OPT_EXPR pass (perform const folding).
Optimizing module conv1d_large_benchmark_top.
<suppressed ~737 debug messages>

5.33.3. Executing OPT_MERGE pass (detect identical cells).
Finding identical cells in module `\conv1d_large_benchmark_top'.
<suppressed ~78 debug messages>
Removed a total of 26 cells.

5.33.4. Executing OPT_DFF pass (perform DFF optimizations).
Setting constant 0-bit at position 0 on $auto$ff.cc:266:slice$7465 ($_SDFFE_PP0P_) from module conv1d_large_benchmark_top.

5.33.5. Executing OPT_CLEAN pass (remove unused cells and wires).
Finding unused cells or wires in module \conv1d_large_benchmark_top..
Removed 11 unused cells and 72 unused wires.
<suppressed ~12 debug messages>

5.33.6. Rerunning OPT passes. (Removed registers in this run.)

5.33.7. Running ICE40 specific optimizations.
Optimized $__ICE40_CARRY_WRAPPER cell back to logic (without SB_CARRY) conv1d_large_benchmark_top.$auto$alumacc.cc:485:replace_alu$2800.slice[1].carry: CO=1'0
Optimized $__ICE40_CARRY_WRAPPER cell back to logic (without SB_CARRY) conv1d_large_benchmark_top.$auto$alumacc.cc:485:replace_alu$2803.slice[1].carry: CO=1'0
Optimized $__ICE40_CARRY_WRAPPER cell back to logic (without SB_CARRY) conv1d_large_benchmark_top.$auto$alumacc.cc:485:replace_alu$2806.slice[1].carry: CO=1'0
Optimized $__ICE40_CARRY_WRAPPER cell back to logic (without SB_CARRY) conv1d_large_benchmark_top.$auto$maccmap.cc:240:synth$2967.slice[1].carry: CO=1'0
Optimized $__ICE40_CARRY_WRAPPER cell back to logic (without SB_CARRY) conv1d_large_benchmark_top.$auto$maccmap.cc:240:synth$3092.slice[1].carry: CO=1'0
Optimized $__ICE40_CARRY_WRAPPER cell back to logic (without SB_CARRY) conv1d_large_benchmark_top.$auto$maccmap.cc:240:synth$3140.slice[1].carry: CO=1'0
Optimized $__ICE40_CARRY_WRAPPER cell back to logic (without SB_CARRY) conv1d_large_benchmark_top.$auto$maccmap.cc:240:synth$3191.slice[1].carry: CO=1'0

5.33.8. Executing OPT_EXPR pass (perform const folding).
Optimizing module conv1d_large_benchmark_top.
<suppressed ~1165 debug messages>

5.33.9. Executing OPT_MERGE pass (detect identical cells).
Finding identical cells in module `\conv1d_large_benchmark_top'.
<suppressed ~144 debug messages>
Removed a total of 48 cells.

5.33.10. Executing OPT_DFF pass (perform DFF optimizations).

5.33.11. Executing OPT_CLEAN pass (remove unused cells and wires).
Finding unused cells or wires in module \conv1d_large_benchmark_top..
Removed 8 unused cells and 136 unused wires.
<suppressed ~9 debug messages>

5.33.12. Rerunning OPT passes. (Removed registers in this run.)

5.33.13. Running ICE40 specific optimizations.
Optimized $__ICE40_CARRY_WRAPPER cell back to logic (without SB_CARRY) conv1d_large_benchmark_top.$auto$alumacc.cc:485:replace_alu$2758.slice[1].carry: CO=$auto$alumacc.cc:485:replace_alu$2747.BB [1]
Optimized $__ICE40_CARRY_WRAPPER cell back to logic (without SB_CARRY) conv1d_large_benchmark_top.$auto$alumacc.cc:485:replace_alu$2780.slice[1].carry: CO=1'1
Optimized $__ICE40_CARRY_WRAPPER cell back to logic (without SB_CARRY) conv1d_large_benchmark_top.$auto$alumacc.cc:485:replace_alu$2791.slice[1].carry: CO=1'1
Optimized $__ICE40_CARRY_WRAPPER cell back to logic (without SB_CARRY) conv1d_large_benchmark_top.$auto$alumacc.cc:485:replace_alu$2800.slice[2].carry: CO=1'0
Optimized $__ICE40_CARRY_WRAPPER cell back to logic (without SB_CARRY) conv1d_large_benchmark_top.$auto$alumacc.cc:485:replace_alu$2803.slice[2].carry: CO=1'0
Optimized $__ICE40_CARRY_WRAPPER cell back to logic (without SB_CARRY) conv1d_large_benchmark_top.$auto$alumacc.cc:485:replace_alu$2806.slice[2].carry: CO=1'0
Optimized $__ICE40_CARRY_WRAPPER cell back to logic (without SB_CARRY) conv1d_large_benchmark_top.$auto$maccmap.cc:240:synth$2967.slice[2].carry: CO=1'0
Optimized $__ICE40_CARRY_WRAPPER cell back to logic (without SB_CARRY) conv1d_large_benchmark_top.$auto$maccmap.cc:240:synth$3092.slice[2].carry: CO=1'0
Optimized $__ICE40_CARRY_WRAPPER cell back to logic (without SB_CARRY) conv1d_large_benchmark_top.$auto$maccmap.cc:240:synth$3140.slice[2].carry: CO=1'0
Optimized $__ICE40_CARRY_WRAPPER cell back to logic (without SB_CARRY) conv1d_large_benchmark_top.$auto$maccmap.cc:240:synth$3191.slice[2].carry: CO=1'0

5.33.14. Executing OPT_EXPR pass (perform const folding).
Optimizing module conv1d_large_benchmark_top.
<suppressed ~891 debug messages>

5.33.15. Executing OPT_MERGE pass (detect identical cells).
Finding identical cells in module `\conv1d_large_benchmark_top'.
<suppressed ~57 debug messages>
Removed a total of 19 cells.

5.33.16. Executing OPT_DFF pass (perform DFF optimizations).

5.33.17. Executing OPT_CLEAN pass (remove unused cells and wires).
Finding unused cells or wires in module \conv1d_large_benchmark_top..
Removed 10 unused cells and 66 unused wires.
<suppressed ~11 debug messages>

5.33.18. Rerunning OPT passes. (Removed registers in this run.)

5.33.19. Running ICE40 specific optimizations.
Optimized $__ICE40_CARRY_WRAPPER cell back to logic (without SB_CARRY) conv1d_large_benchmark_top.$auto$alumacc.cc:485:replace_alu$2780.slice[2].carry: CO=$auto$alumacc.cc:485:replace_alu$2780.BB [2]
Optimized $__ICE40_CARRY_WRAPPER cell back to logic (without SB_CARRY) conv1d_large_benchmark_top.$auto$alumacc.cc:485:replace_alu$2791.slice[2].carry: CO=$auto$alumacc.cc:485:replace_alu$2791.BB [2]
Optimized $__ICE40_CARRY_WRAPPER cell back to logic (without SB_CARRY) conv1d_large_benchmark_top.$auto$alumacc.cc:485:replace_alu$2800.slice[3].carry: CO=1'0
Optimized $__ICE40_CARRY_WRAPPER cell back to logic (without SB_CARRY) conv1d_large_benchmark_top.$auto$alumacc.cc:485:replace_alu$2803.slice[3].carry: CO=1'0
Optimized $__ICE40_CARRY_WRAPPER cell back to logic (without SB_CARRY) conv1d_large_benchmark_top.$auto$alumacc.cc:485:replace_alu$2806.slice[3].carry: CO=1'0
Optimized $__ICE40_CARRY_WRAPPER cell back to logic (without SB_CARRY) conv1d_large_benchmark_top.$auto$maccmap.cc:240:synth$2967.slice[3].carry: CO=1'0
Optimized $__ICE40_CARRY_WRAPPER cell back to logic (without SB_CARRY) conv1d_large_benchmark_top.$auto$maccmap.cc:240:synth$3140.slice[3].carry: CO=1'0

5.33.20. Executing OPT_EXPR pass (perform const folding).
Optimizing module conv1d_large_benchmark_top.

5.33.21. Executing OPT_MERGE pass (detect identical cells).
Finding identical cells in module `\conv1d_large_benchmark_top'.
<suppressed ~69 debug messages>
Removed a total of 23 cells.

5.33.22. Executing OPT_DFF pass (perform DFF optimizations).

5.33.23. Executing OPT_CLEAN pass (remove unused cells and wires).
Finding unused cells or wires in module \conv1d_large_benchmark_top..
Removed 2 unused cells and 14 unused wires.
<suppressed ~3 debug messages>

5.33.24. Rerunning OPT passes. (Removed registers in this run.)

5.33.25. Running ICE40 specific optimizations.
Optimized $__ICE40_CARRY_WRAPPER cell back to logic (without SB_CARRY) conv1d_large_benchmark_top.$auto$alumacc.cc:485:replace_alu$2800.slice[4].carry: CO=1'0
Optimized $__ICE40_CARRY_WRAPPER cell back to logic (without SB_CARRY) conv1d_large_benchmark_top.$auto$alumacc.cc:485:replace_alu$2803.slice[4].carry: CO=1'0
Optimized $__ICE40_CARRY_WRAPPER cell back to logic (without SB_CARRY) conv1d_large_benchmark_top.$auto$alumacc.cc:485:replace_alu$2806.slice[4].carry: CO=1'0
Optimized $__ICE40_CARRY_WRAPPER cell back to logic (without SB_CARRY) conv1d_large_benchmark_top.$auto$maccmap.cc:240:synth$2967.slice[4].carry: CO=1'0

5.33.26. Executing OPT_EXPR pass (perform const folding).
Optimizing module conv1d_large_benchmark_top.

5.33.27. Executing OPT_MERGE pass (detect identical cells).
Finding identical cells in module `\conv1d_large_benchmark_top'.
<suppressed ~12 debug messages>
Removed a total of 4 cells.

5.33.28. Executing OPT_DFF pass (perform DFF optimizations).

5.33.29. Executing OPT_CLEAN pass (remove unused cells and wires).
Finding unused cells or wires in module \conv1d_large_benchmark_top..

5.33.30. Rerunning OPT passes. (Removed registers in this run.)

5.33.31. Running ICE40 specific optimizations.
Optimized $__ICE40_CARRY_WRAPPER cell back to logic (without SB_CARRY) conv1d_large_benchmark_top.$auto$alumacc.cc:485:replace_alu$2800.slice[5].carry: CO=1'0
Optimized $__ICE40_CARRY_WRAPPER cell back to logic (without SB_CARRY) conv1d_large_benchmark_top.$auto$alumacc.cc:485:replace_alu$2803.slice[5].carry: CO=1'0
Optimized $__ICE40_CARRY_WRAPPER cell back to logic (without SB_CARRY) conv1d_large_benchmark_top.$auto$alumacc.cc:485:replace_alu$2806.slice[5].carry: CO=1'0

5.33.32. Executing OPT_EXPR pass (perform const folding).
Optimizing module conv1d_large_benchmark_top.

5.33.33. Executing OPT_MERGE pass (detect identical cells).
Finding identical cells in module `\conv1d_large_benchmark_top'.
<suppressed ~504 debug messages>
Removed a total of 168 cells.

5.33.34. Executing OPT_DFF pass (perform DFF optimizations).

5.33.35. Executing OPT_CLEAN pass (remove unused cells and wires).
Finding unused cells or wires in module \conv1d_large_benchmark_top..
Removed 0 unused cells and 34 unused wires.
<suppressed ~1 debug messages>

5.33.36. Rerunning OPT passes. (Removed registers in this run.)

5.33.37. Running ICE40 specific optimizations.
Optimized $__ICE40_CARRY_WRAPPER cell back to logic (without SB_CARRY) conv1d_large_benchmark_top.$auto$alumacc.cc:485:replace_alu$2800.slice[6].carry: CO=1'0
Optimized $__ICE40_CARRY_WRAPPER cell back to logic (without SB_CARRY) conv1d_large_benchmark_top.$auto$alumacc.cc:485:replace_alu$2803.slice[6].carry: CO=1'0
Optimized $__ICE40_CARRY_WRAPPER cell back to logic (without SB_CARRY) conv1d_large_benchmark_top.$auto$alumacc.cc:485:replace_alu$2806.slice[6].carry: CO=1'0

5.33.38. Executing OPT_EXPR pass (perform const folding).
Optimizing module conv1d_large_benchmark_top.

5.33.39. Executing OPT_MERGE pass (detect identical cells).
Finding identical cells in module `\conv1d_large_benchmark_top'.
<suppressed ~12 debug messages>
Removed a total of 4 cells.

5.33.40. Executing OPT_DFF pass (perform DFF optimizations).

5.33.41. Executing OPT_CLEAN pass (remove unused cells and wires).
Finding unused cells or wires in module \conv1d_large_benchmark_top..

5.33.42. Rerunning OPT passes. (Removed registers in this run.)

5.33.43. Running ICE40 specific optimizations.
Optimized $__ICE40_CARRY_WRAPPER cell back to logic (without SB_CARRY) conv1d_large_benchmark_top.$auto$alumacc.cc:485:replace_alu$2800.slice[7].carry: CO=1'0
Optimized $__ICE40_CARRY_WRAPPER cell back to logic (without SB_CARRY) conv1d_large_benchmark_top.$auto$alumacc.cc:485:replace_alu$2803.slice[7].carry: CO=1'0
Optimized $__ICE40_CARRY_WRAPPER cell back to logic (without SB_CARRY) conv1d_large_benchmark_top.$auto$alumacc.cc:485:replace_alu$2806.slice[7].carry: CO=1'0

5.33.44. Executing OPT_EXPR pass (perform const folding).
Optimizing module conv1d_large_benchmark_top.

5.33.45. Executing OPT_MERGE pass (detect identical cells).
Finding identical cells in module `\conv1d_large_benchmark_top'.
<suppressed ~27 debug messages>
Removed a total of 9 cells.

5.33.46. Executing OPT_DFF pass (perform DFF optimizations).

5.33.47. Executing OPT_CLEAN pass (remove unused cells and wires).
Finding unused cells or wires in module \conv1d_large_benchmark_top..

5.33.48. Rerunning OPT passes. (Removed registers in this run.)

5.33.49. Running ICE40 specific optimizations.
Optimized $__ICE40_CARRY_WRAPPER cell back to logic (without SB_CARRY) conv1d_large_benchmark_top.$auto$alumacc.cc:485:replace_alu$2800.slice[8].carry: CO=1'0
Optimized $__ICE40_CARRY_WRAPPER cell back to logic (without SB_CARRY) conv1d_large_benchmark_top.$auto$alumacc.cc:485:replace_alu$2803.slice[8].carry: CO=1'0
Optimized $__ICE40_CARRY_WRAPPER cell back to logic (without SB_CARRY) conv1d_large_benchmark_top.$auto$alumacc.cc:485:replace_alu$2806.slice[8].carry: CO=1'0

5.33.50. Executing OPT_EXPR pass (perform const folding).
Optimizing module conv1d_large_benchmark_top.

5.33.51. Executing OPT_MERGE pass (detect identical cells).
Finding identical cells in module `\conv1d_large_benchmark_top'.
<suppressed ~12 debug messages>
Removed a total of 4 cells.

5.33.52. Executing OPT_DFF pass (perform DFF optimizations).

5.33.53. Executing OPT_CLEAN pass (remove unused cells and wires).
Finding unused cells or wires in module \conv1d_large_benchmark_top..

5.33.54. Rerunning OPT passes. (Removed registers in this run.)

5.33.55. Running ICE40 specific optimizations.
Optimized $__ICE40_CARRY_WRAPPER cell back to logic (without SB_CARRY) conv1d_large_benchmark_top.$auto$alumacc.cc:485:replace_alu$2800.slice[9].carry: CO=1'0
Optimized $__ICE40_CARRY_WRAPPER cell back to logic (without SB_CARRY) conv1d_large_benchmark_top.$auto$alumacc.cc:485:replace_alu$2803.slice[9].carry: CO=1'0
Optimized $__ICE40_CARRY_WRAPPER cell back to logic (without SB_CARRY) conv1d_large_benchmark_top.$auto$alumacc.cc:485:replace_alu$2806.slice[9].carry: CO=1'0

5.33.56. Executing OPT_EXPR pass (perform const folding).
Optimizing module conv1d_large_benchmark_top.

5.33.57. Executing OPT_MERGE pass (detect identical cells).
Finding identical cells in module `\conv1d_large_benchmark_top'.
<suppressed ~18 debug messages>
Removed a total of 6 cells.

5.33.58. Executing OPT_DFF pass (perform DFF optimizations).

5.33.59. Executing OPT_CLEAN pass (remove unused cells and wires).
Finding unused cells or wires in module \conv1d_large_benchmark_top..

5.33.60. Rerunning OPT passes. (Removed registers in this run.)

5.33.61. Running ICE40 specific optimizations.
Optimized $__ICE40_CARRY_WRAPPER cell back to logic (without SB_CARRY) conv1d_large_benchmark_top.$auto$alumacc.cc:485:replace_alu$2800.slice[10].carry: CO=1'0
Optimized $__ICE40_CARRY_WRAPPER cell back to logic (without SB_CARRY) conv1d_large_benchmark_top.$auto$alumacc.cc:485:replace_alu$2803.slice[10].carry: CO=1'0
Optimized $__ICE40_CARRY_WRAPPER cell back to logic (without SB_CARRY) conv1d_large_benchmark_top.$auto$alumacc.cc:485:replace_alu$2806.slice[10].carry: CO=1'0

5.33.62. Executing OPT_EXPR pass (perform const folding).
Optimizing module conv1d_large_benchmark_top.

5.33.63. Executing OPT_MERGE pass (detect identical cells).
Finding identical cells in module `\conv1d_large_benchmark_top'.
<suppressed ~12 debug messages>
Removed a total of 4 cells.

5.33.64. Executing OPT_DFF pass (perform DFF optimizations).

5.33.65. Executing OPT_CLEAN pass (remove unused cells and wires).
Finding unused cells or wires in module \conv1d_large_benchmark_top..

5.33.66. Rerunning OPT passes. (Removed registers in this run.)

5.33.67. Running ICE40 specific optimizations.
Optimized $__ICE40_CARRY_WRAPPER cell back to logic (without SB_CARRY) conv1d_large_benchmark_top.$auto$alumacc.cc:485:replace_alu$2800.slice[11].carry: CO=1'0
Optimized $__ICE40_CARRY_WRAPPER cell back to logic (without SB_CARRY) conv1d_large_benchmark_top.$auto$alumacc.cc:485:replace_alu$2803.slice[11].carry: CO=1'0
Optimized $__ICE40_CARRY_WRAPPER cell back to logic (without SB_CARRY) conv1d_large_benchmark_top.$auto$alumacc.cc:485:replace_alu$2806.slice[11].carry: CO=1'0

5.33.68. Executing OPT_EXPR pass (perform const folding).
Optimizing module conv1d_large_benchmark_top.

5.33.69. Executing OPT_MERGE pass (detect identical cells).
Finding identical cells in module `\conv1d_large_benchmark_top'.
<suppressed ~24 debug messages>
Removed a total of 8 cells.

5.33.70. Executing OPT_DFF pass (perform DFF optimizations).

5.33.71. Executing OPT_CLEAN pass (remove unused cells and wires).
Finding unused cells or wires in module \conv1d_large_benchmark_top..

5.33.72. Rerunning OPT passes. (Removed registers in this run.)

5.33.73. Running ICE40 specific optimizations.
Optimized $__ICE40_CARRY_WRAPPER cell back to logic (without SB_CARRY) conv1d_large_benchmark_top.$auto$alumacc.cc:485:replace_alu$2800.slice[12].carry: CO=1'0
Optimized $__ICE40_CARRY_WRAPPER cell back to logic (without SB_CARRY) conv1d_large_benchmark_top.$auto$alumacc.cc:485:replace_alu$2803.slice[12].carry: CO=1'0
Optimized $__ICE40_CARRY_WRAPPER cell back to logic (without SB_CARRY) conv1d_large_benchmark_top.$auto$alumacc.cc:485:replace_alu$2806.slice[12].carry: CO=1'0

5.33.74. Executing OPT_EXPR pass (perform const folding).
Optimizing module conv1d_large_benchmark_top.

5.33.75. Executing OPT_MERGE pass (detect identical cells).
Finding identical cells in module `\conv1d_large_benchmark_top'.
<suppressed ~12 debug messages>
Removed a total of 4 cells.

5.33.76. Executing OPT_DFF pass (perform DFF optimizations).

5.33.77. Executing OPT_CLEAN pass (remove unused cells and wires).
Finding unused cells or wires in module \conv1d_large_benchmark_top..

5.33.78. Rerunning OPT passes. (Removed registers in this run.)

5.33.79. Running ICE40 specific optimizations.
Optimized $__ICE40_CARRY_WRAPPER cell back to logic (without SB_CARRY) conv1d_large_benchmark_top.$auto$alumacc.cc:485:replace_alu$2800.slice[13].carry: CO=1'0
Optimized $__ICE40_CARRY_WRAPPER cell back to logic (without SB_CARRY) conv1d_large_benchmark_top.$auto$alumacc.cc:485:replace_alu$2803.slice[13].carry: CO=1'0
Optimized $__ICE40_CARRY_WRAPPER cell back to logic (without SB_CARRY) conv1d_large_benchmark_top.$auto$alumacc.cc:485:replace_alu$2806.slice[13].carry: CO=1'0

5.33.80. Executing OPT_EXPR pass (perform const folding).
Optimizing module conv1d_large_benchmark_top.

5.33.81. Executing OPT_MERGE pass (detect identical cells).
Finding identical cells in module `\conv1d_large_benchmark_top'.
<suppressed ~18 debug messages>
Removed a total of 6 cells.

5.33.82. Executing OPT_DFF pass (perform DFF optimizations).

5.33.83. Executing OPT_CLEAN pass (remove unused cells and wires).
Finding unused cells or wires in module \conv1d_large_benchmark_top..

5.33.84. Rerunning OPT passes. (Removed registers in this run.)

5.33.85. Running ICE40 specific optimizations.
Optimized $__ICE40_CARRY_WRAPPER cell back to logic (without SB_CARRY) conv1d_large_benchmark_top.$auto$alumacc.cc:485:replace_alu$2800.slice[14].carry: CO=1'0
Optimized $__ICE40_CARRY_WRAPPER cell back to logic (without SB_CARRY) conv1d_large_benchmark_top.$auto$alumacc.cc:485:replace_alu$2803.slice[14].carry: CO=1'0
Optimized $__ICE40_CARRY_WRAPPER cell back to logic (without SB_CARRY) conv1d_large_benchmark_top.$auto$alumacc.cc:485:replace_alu$2806.slice[14].carry: CO=1'0

5.33.86. Executing OPT_EXPR pass (perform const folding).
Optimizing module conv1d_large_benchmark_top.

5.33.87. Executing OPT_MERGE pass (detect identical cells).
Finding identical cells in module `\conv1d_large_benchmark_top'.
<suppressed ~18 debug messages>
Removed a total of 6 cells.

5.33.88. Executing OPT_DFF pass (perform DFF optimizations).

5.33.89. Executing OPT_CLEAN pass (remove unused cells and wires).
Finding unused cells or wires in module \conv1d_large_benchmark_top..
Removed 0 unused cells and 1 unused wires.
<suppressed ~1 debug messages>

5.33.90. Rerunning OPT passes. (Removed registers in this run.)

5.33.91. Running ICE40 specific optimizations.
Optimized $__ICE40_CARRY_WRAPPER cell back to logic (without SB_CARRY) conv1d_large_benchmark_top.$auto$alumacc.cc:485:replace_alu$2800.slice[15].carry: CO=1'0
Optimized $__ICE40_CARRY_WRAPPER cell back to logic (without SB_CARRY) conv1d_large_benchmark_top.$auto$alumacc.cc:485:replace_alu$2806.slice[15].carry: CO=1'0

5.33.92. Executing OPT_EXPR pass (perform const folding).
Optimizing module conv1d_large_benchmark_top.

5.33.93. Executing OPT_MERGE pass (detect identical cells).
Finding identical cells in module `\conv1d_large_benchmark_top'.
<suppressed ~48 debug messages>
Removed a total of 16 cells.

5.33.94. Executing OPT_DFF pass (perform DFF optimizations).

5.33.95. Executing OPT_CLEAN pass (remove unused cells and wires).
Finding unused cells or wires in module \conv1d_large_benchmark_top..
Removed 0 unused cells and 11 unused wires.
<suppressed ~1 debug messages>

5.33.96. Rerunning OPT passes. (Removed registers in this run.)

5.33.97. Running ICE40 specific optimizations.

5.33.98. Executing OPT_EXPR pass (perform const folding).
Optimizing module conv1d_large_benchmark_top.

5.33.99. Executing OPT_MERGE pass (detect identical cells).
Finding identical cells in module `\conv1d_large_benchmark_top'.
Removed a total of 0 cells.

5.33.100. Executing OPT_DFF pass (perform DFF optimizations).

5.33.101. Executing OPT_CLEAN pass (remove unused cells and wires).
Finding unused cells or wires in module \conv1d_large_benchmark_top..

5.33.102. Finished OPT passes. (There is nothing left to do.)

5.34. Executing DFFLEGALIZE pass (convert FFs to types supported by the target).

5.35. Executing TECHMAP pass (map to technology primitives).

5.35.1. Executing Verilog-2005 frontend: /opt/homebrew/bin/../share/yosys/ice40/ff_map.v
Parsing Verilog input from `/opt/homebrew/bin/../share/yosys/ice40/ff_map.v' to AST representation.
Generating RTLIL representation for module `\$_DFF_N_'.
Generating RTLIL representation for module `\$_DFF_P_'.
Generating RTLIL representation for module `\$_DFFE_NP_'.
Generating RTLIL representation for module `\$_DFFE_PP_'.
Generating RTLIL representation for module `\$_DFF_NP0_'.
Generating RTLIL representation for module `\$_DFF_NP1_'.
Generating RTLIL representation for module `\$_DFF_PP0_'.
Generating RTLIL representation for module `\$_DFF_PP1_'.
Generating RTLIL representation for module `\$_DFFE_NP0P_'.
Generating RTLIL representation for module `\$_DFFE_NP1P_'.
Generating RTLIL representation for module `\$_DFFE_PP0P_'.
Generating RTLIL representation for module `\$_DFFE_PP1P_'.
Generating RTLIL representation for module `\$_SDFF_NP0_'.
Generating RTLIL representation for module `\$_SDFF_NP1_'.
Generating RTLIL representation for module `\$_SDFF_PP0_'.
Generating RTLIL representation for module `\$_SDFF_PP1_'.
Generating RTLIL representation for module `\$_SDFFCE_NP0P_'.
Generating RTLIL representation for module `\$_SDFFCE_NP1P_'.
Generating RTLIL representation for module `\$_SDFFCE_PP0P_'.
Generating RTLIL representation for module `\$_SDFFCE_PP1P_'.
Successfully finished Verilog frontend.

5.35.2. Continuing TECHMAP pass.
Using template \$_SDFFCE_PP0P_ for cells of type $_SDFFCE_PP0P_.
Using template \$_SDFF_PP0_ for cells of type $_SDFF_PP0_.
No more expansions possible.
<suppressed ~486 debug messages>

5.36. Executing OPT_EXPR pass (perform const folding).
Optimizing module conv1d_large_benchmark_top.

5.37. Executing SIMPLEMAP pass (map simple cells to gate primitives).
Mapping conv1d_large_benchmark_top.$auto$alumacc.cc:485:replace_alu$2800.slice[10].carry ($lut).
Mapping conv1d_large_benchmark_top.$auto$alumacc.cc:485:replace_alu$2800.slice[11].carry ($lut).
Mapping conv1d_large_benchmark_top.$auto$alumacc.cc:485:replace_alu$2800.slice[12].carry ($lut).
Mapping conv1d_large_benchmark_top.$auto$alumacc.cc:485:replace_alu$2800.slice[13].carry ($lut).
Mapping conv1d_large_benchmark_top.$auto$alumacc.cc:485:replace_alu$2800.slice[14].carry ($lut).
Mapping conv1d_large_benchmark_top.$auto$alumacc.cc:485:replace_alu$2800.slice[15].carry ($lut).
Mapping conv1d_large_benchmark_top.$auto$alumacc.cc:485:replace_alu$2800.slice[16].carry ($lut).
Mapping conv1d_large_benchmark_top.$auto$alumacc.cc:485:replace_alu$2800.slice[3].carry ($lut).
Mapping conv1d_large_benchmark_top.$auto$alumacc.cc:485:replace_alu$2800.slice[4].carry ($lut).
Mapping conv1d_large_benchmark_top.$auto$alumacc.cc:485:replace_alu$2800.slice[5].carry ($lut).
Mapping conv1d_large_benchmark_top.$auto$alumacc.cc:485:replace_alu$2800.slice[6].carry ($lut).
Mapping conv1d_large_benchmark_top.$auto$alumacc.cc:485:replace_alu$2800.slice[7].carry ($lut).
Mapping conv1d_large_benchmark_top.$auto$alumacc.cc:485:replace_alu$2800.slice[8].carry ($lut).
Mapping conv1d_large_benchmark_top.$auto$alumacc.cc:485:replace_alu$2800.slice[9].carry ($lut).
Mapping conv1d_large_benchmark_top.$auto$alumacc.cc:485:replace_alu$2806.slice[1].carry ($lut).
Mapping conv1d_large_benchmark_top.$auto$alumacc.cc:485:replace_alu$2806.slice[2].carry ($lut).
Mapping conv1d_large_benchmark_top.$auto$alumacc.cc:485:replace_alu$2812.slice[0].carry ($lut).
Mapping conv1d_large_benchmark_top.$auto$alumacc.cc:485:replace_alu$2812.slice[14].carry ($lut).
Mapping conv1d_large_benchmark_top.$auto$maccmap.cc:240:synth$2967.slice[0].carry ($lut).
Mapping conv1d_large_benchmark_top.$auto$maccmap.cc:240:synth$2967.slice[1].carry ($lut).
Mapping conv1d_large_benchmark_top.$auto$maccmap.cc:240:synth$2967.slice[2].carry ($lut).
Mapping conv1d_large_benchmark_top.$auto$maccmap.cc:240:synth$2967.slice[3].carry ($lut).
Mapping conv1d_large_benchmark_top.$auto$maccmap.cc:240:synth$2967.slice[4].carry ($lut).
Mapping conv1d_large_benchmark_top.$auto$maccmap.cc:240:synth$3092.slice[0].carry ($lut).
Mapping conv1d_large_benchmark_top.$auto$maccmap.cc:240:synth$3092.slice[1].carry ($lut).
Mapping conv1d_large_benchmark_top.$auto$maccmap.cc:240:synth$3092.slice[2].carry ($lut).
Mapping conv1d_large_benchmark_top.$auto$maccmap.cc:240:synth$3140.slice[0].carry ($lut).
Mapping conv1d_large_benchmark_top.$auto$maccmap.cc:240:synth$3140.slice[1].carry ($lut).
Mapping conv1d_large_benchmark_top.$auto$maccmap.cc:240:synth$3140.slice[2].carry ($lut).
Mapping conv1d_large_benchmark_top.$auto$maccmap.cc:240:synth$3140.slice[3].carry ($lut).
Mapping conv1d_large_benchmark_top.$auto$maccmap.cc:240:synth$3191.slice[0].carry ($lut).
Mapping conv1d_large_benchmark_top.$auto$maccmap.cc:240:synth$3191.slice[1].carry ($lut).
Mapping conv1d_large_benchmark_top.$auto$maccmap.cc:240:synth$3191.slice[2].carry ($lut).

5.38. Executing ICE40_OPT pass (performing simple optimizations).

5.38.1. Running ICE40 specific optimizations.

5.38.2. Executing OPT_EXPR pass (perform const folding).
Optimizing module conv1d_large_benchmark_top.
<suppressed ~1756 debug messages>

5.38.3. Executing OPT_MERGE pass (detect identical cells).
Finding identical cells in module `\conv1d_large_benchmark_top'.
<suppressed ~1782 debug messages>
Removed a total of 594 cells.

5.38.4. Executing OPT_DFF pass (perform DFF optimizations).

5.38.5. Executing OPT_CLEAN pass (remove unused cells and wires).
Finding unused cells or wires in module \conv1d_large_benchmark_top..
Removed 18 unused cells and 3579 unused wires.
<suppressed ~19 debug messages>

5.38.6. Rerunning OPT passes. (Removed registers in this run.)

5.38.7. Running ICE40 specific optimizations.
Optimized $__ICE40_CARRY_WRAPPER cell back to logic (without SB_CARRY) conv1d_large_benchmark_top.$auto$alumacc.cc:485:replace_alu$2747.slice[16].carry: CO=$auto$alumacc.cc:485:replace_alu$2747.C [16]
Optimized $__ICE40_CARRY_WRAPPER cell back to logic (without SB_CARRY) conv1d_large_benchmark_top.$auto$alumacc.cc:485:replace_alu$2747.slice[1].carry: CO=1'0
Optimized $__ICE40_CARRY_WRAPPER cell back to logic (without SB_CARRY) conv1d_large_benchmark_top.$auto$alumacc.cc:485:replace_alu$2758.slice[16].carry: CO=$auto$alumacc.cc:485:replace_alu$2758.C [16]
Optimized $__ICE40_CARRY_WRAPPER cell back to logic (without SB_CARRY) conv1d_large_benchmark_top.$auto$alumacc.cc:485:replace_alu$2758.slice[2].carry: CO=1'0
Optimized $__ICE40_CARRY_WRAPPER cell back to logic (without SB_CARRY) conv1d_large_benchmark_top.$auto$alumacc.cc:485:replace_alu$2769.slice[16].carry: CO=$auto$alumacc.cc:485:replace_alu$2769.C [16]
Optimized $__ICE40_CARRY_WRAPPER cell back to logic (without SB_CARRY) conv1d_large_benchmark_top.$auto$alumacc.cc:485:replace_alu$2769.slice[1].carry: CO=1'0
Optimized $__ICE40_CARRY_WRAPPER cell back to logic (without SB_CARRY) conv1d_large_benchmark_top.$auto$maccmap.cc:240:synth$3092.slice[3].carry: CO=1'0

5.38.8. Executing OPT_EXPR pass (perform const folding).
Optimizing module conv1d_large_benchmark_top.

5.38.9. Executing OPT_MERGE pass (detect identical cells).
Finding identical cells in module `\conv1d_large_benchmark_top'.
Removed a total of 0 cells.

5.38.10. Executing OPT_DFF pass (perform DFF optimizations).

5.38.11. Executing OPT_CLEAN pass (remove unused cells and wires).
Finding unused cells or wires in module \conv1d_large_benchmark_top..
Removed 6 unused cells and 3 unused wires.
<suppressed ~7 debug messages>

5.38.12. Rerunning OPT passes. (Removed registers in this run.)

5.38.13. Running ICE40 specific optimizations.
Optimized $__ICE40_CARRY_WRAPPER cell back to logic (without SB_CARRY) conv1d_large_benchmark_top.$auto$alumacc.cc:485:replace_alu$2747.slice[2].carry: CO=1'0
Optimized $__ICE40_CARRY_WRAPPER cell back to logic (without SB_CARRY) conv1d_large_benchmark_top.$auto$alumacc.cc:485:replace_alu$2758.slice[3].carry: CO=1'0
Optimized $__ICE40_CARRY_WRAPPER cell back to logic (without SB_CARRY) conv1d_large_benchmark_top.$auto$alumacc.cc:485:replace_alu$2769.slice[2].carry: CO=1'0

5.38.14. Executing OPT_EXPR pass (perform const folding).
Optimizing module conv1d_large_benchmark_top.

5.38.15. Executing OPT_MERGE pass (detect identical cells).
Finding identical cells in module `\conv1d_large_benchmark_top'.
<suppressed ~3 debug messages>
Removed a total of 1 cells.

5.38.16. Executing OPT_DFF pass (perform DFF optimizations).

5.38.17. Executing OPT_CLEAN pass (remove unused cells and wires).
Finding unused cells or wires in module \conv1d_large_benchmark_top..
Removed 2 unused cells and 0 unused wires.
<suppressed ~2 debug messages>

5.38.18. Rerunning OPT passes. (Removed registers in this run.)

5.38.19. Running ICE40 specific optimizations.
Optimized $__ICE40_CARRY_WRAPPER cell back to logic (without SB_CARRY) conv1d_large_benchmark_top.$auto$alumacc.cc:485:replace_alu$2747.slice[3].carry: CO=1'0
Optimized $__ICE40_CARRY_WRAPPER cell back to logic (without SB_CARRY) conv1d_large_benchmark_top.$auto$alumacc.cc:485:replace_alu$2758.slice[4].carry: CO=$auto$alumacc.cc:485:replace_alu$2747.BB [4]
Optimized $__ICE40_CARRY_WRAPPER cell back to logic (without SB_CARRY) conv1d_large_benchmark_top.$auto$alumacc.cc:485:replace_alu$2769.slice[3].carry: CO=1'0

5.38.20. Executing OPT_EXPR pass (perform const folding).
Optimizing module conv1d_large_benchmark_top.

5.38.21. Executing OPT_MERGE pass (detect identical cells).
Finding identical cells in module `\conv1d_large_benchmark_top'.
<suppressed ~3 debug messages>
Removed a total of 1 cells.

5.38.22. Executing OPT_DFF pass (perform DFF optimizations).

5.38.23. Executing OPT_CLEAN pass (remove unused cells and wires).
Finding unused cells or wires in module \conv1d_large_benchmark_top..
Removed 2 unused cells and 0 unused wires.
<suppressed ~2 debug messages>

5.38.24. Rerunning OPT passes. (Removed registers in this run.)

5.38.25. Running ICE40 specific optimizations.
Optimized $__ICE40_CARRY_WRAPPER cell back to logic (without SB_CARRY) conv1d_large_benchmark_top.$auto$alumacc.cc:485:replace_alu$2747.slice[4].carry: CO=$auto$alumacc.cc:485:replace_alu$2747.BB [4]
Optimized $__ICE40_CARRY_WRAPPER cell back to logic (without SB_CARRY) conv1d_large_benchmark_top.$auto$alumacc.cc:485:replace_alu$2769.slice[4].carry: CO=$auto$alumacc.cc:485:replace_alu$2747.BB [4]

5.38.26. Executing OPT_EXPR pass (perform const folding).
Optimizing module conv1d_large_benchmark_top.

5.38.27. Executing OPT_MERGE pass (detect identical cells).
Finding identical cells in module `\conv1d_large_benchmark_top'.
<suppressed ~3 debug messages>
Removed a total of 1 cells.

5.38.28. Executing OPT_DFF pass (perform DFF optimizations).

5.38.29. Executing OPT_CLEAN pass (remove unused cells and wires).
Finding unused cells or wires in module \conv1d_large_benchmark_top..
Removed 1 unused cells and 0 unused wires.
<suppressed ~1 debug messages>

5.38.30. Rerunning OPT passes. (Removed registers in this run.)

5.38.31. Running ICE40 specific optimizations.

5.38.32. Executing OPT_EXPR pass (perform const folding).
Optimizing module conv1d_large_benchmark_top.

5.38.33. Executing OPT_MERGE pass (detect identical cells).
Finding identical cells in module `\conv1d_large_benchmark_top'.
Removed a total of 0 cells.

5.38.34. Executing OPT_DFF pass (perform DFF optimizations).

5.38.35. Executing OPT_CLEAN pass (remove unused cells and wires).
Finding unused cells or wires in module \conv1d_large_benchmark_top..

5.38.36. Finished OPT passes. (There is nothing left to do.)

5.39. Executing TECHMAP pass (map to technology primitives).

5.39.1. Executing Verilog-2005 frontend: /opt/homebrew/bin/../share/yosys/ice40/latches_map.v
Parsing Verilog input from `/opt/homebrew/bin/../share/yosys/ice40/latches_map.v' to AST representation.
Generating RTLIL representation for module `\$_DLATCH_N_'.
Generating RTLIL representation for module `\$_DLATCH_P_'.
Successfully finished Verilog frontend.

5.39.2. Continuing TECHMAP pass.
No more expansions possible.
<suppressed ~4 debug messages>

5.40. Executing Verilog-2005 frontend: /opt/homebrew/bin/../share/yosys/ice40/abc9_model.v
Parsing Verilog input from `/opt/homebrew/bin/../share/yosys/ice40/abc9_model.v' to AST representation.
Generating RTLIL representation for module `$__ICE40_CARRY_WRAPPER'.
Successfully finished Verilog frontend.

5.41. Executing ABC9 pass.

5.41.1. Executing ABC9_OPS pass (helper functions for ABC9).

5.41.2. Executing ABC9_OPS pass (helper functions for ABC9).

5.41.3. Executing SCC pass (detecting logic loops).
Found 0 SCCs in module conv1d_large_benchmark_top.
Found 0 SCCs.

5.41.4. Executing ABC9_OPS pass (helper functions for ABC9).

5.41.5. Executing PROC pass (convert processes to netlists).

5.41.5.1. Executing PROC_CLEAN pass (remove empty switches from decision trees).
Cleaned up 0 empty switches.

5.41.5.2. Executing PROC_RMDEAD pass (remove dead branches from decision trees).
Removed a total of 0 dead cases.

5.41.5.3. Executing PROC_PRUNE pass (remove redundant assignments in processes).
Removed 0 redundant assignments.
Promoted 0 assignments to connections.

5.41.5.4. Executing PROC_INIT pass (extract init attributes).

5.41.5.5. Executing PROC_ARST pass (detect async resets in processes).

5.41.5.6. Executing PROC_ROM pass (convert switches to ROMs).
Converted 0 switches.

5.41.5.7. Executing PROC_MUX pass (convert decision trees to multiplexers).

5.41.5.8. Executing PROC_DLATCH pass (convert process syncs to latches).

5.41.5.9. Executing PROC_DFF pass (convert process syncs to FFs).

5.41.5.10. Executing PROC_MEMWR pass (convert process memory writes to cells).

5.41.5.11. Executing PROC_CLEAN pass (remove empty switches from decision trees).
Cleaned up 0 empty switches.

5.41.5.12. Executing OPT_EXPR pass (perform const folding).

5.41.6. Executing TECHMAP pass (map to technology primitives).

5.41.6.1. Executing Verilog-2005 frontend: /opt/homebrew/bin/../share/yosys/techmap.v
Parsing Verilog input from `/opt/homebrew/bin/../share/yosys/techmap.v' to AST representation.
Generating RTLIL representation for module `\_90_simplemap_bool_ops'.
Generating RTLIL representation for module `\_90_simplemap_reduce_ops'.
Generating RTLIL representation for module `\_90_simplemap_logic_ops'.
Generating RTLIL representation for module `\_90_simplemap_compare_ops'.
Generating RTLIL representation for module `\_90_simplemap_various'.
Generating RTLIL representation for module `\_90_simplemap_registers'.
Generating RTLIL representation for module `\_90_shift_ops_shr_shl_sshl_sshr'.
Generating RTLIL representation for module `\_90_shift_shiftx'.
Generating RTLIL representation for module `\_90_fa'.
Generating RTLIL representation for module `\_90_lcu_brent_kung'.
Generating RTLIL representation for module `\_90_alu'.
Generating RTLIL representation for module `\_90_macc'.
Generating RTLIL representation for module `\_90_alumacc'.
Generating RTLIL representation for module `\$__div_mod_u'.
Generating RTLIL representation for module `\$__div_mod_trunc'.
Generating RTLIL representation for module `\_90_div'.
Generating RTLIL representation for module `\_90_mod'.
Generating RTLIL representation for module `\$__div_mod_floor'.
Generating RTLIL representation for module `\_90_divfloor'.
Generating RTLIL representation for module `\_90_modfloor'.
Generating RTLIL representation for module `\_90_pow'.
Generating RTLIL representation for module `\_90_pmux'.
Generating RTLIL representation for module `\_90_demux'.
Generating RTLIL representation for module `\_90_lut'.
Successfully finished Verilog frontend.

5.41.6.2. Continuing TECHMAP pass.
No more expansions possible.
<suppressed ~126 debug messages>

5.41.7. Executing OPT pass (performing simple optimizations).

5.41.7.1. Executing OPT_EXPR pass (perform const folding).

5.41.7.2. Executing OPT_MERGE pass (detect identical cells).
Removed a total of 0 cells.

5.41.7.3. Executing OPT_MUXTREE pass (detect dead branches in mux trees).
Removed 0 multiplexer ports.

5.41.7.4. Executing OPT_REDUCE pass (consolidate $*mux and $reduce_* inputs).
Performed a total of 0 changes.

5.41.7.5. Executing OPT_MERGE pass (detect identical cells).
Removed a total of 0 cells.

5.41.7.6. Executing OPT_DFF pass (perform DFF optimizations).

5.41.7.7. Executing OPT_CLEAN pass (remove unused cells and wires).

5.41.7.8. Executing OPT_EXPR pass (perform const folding).

5.41.7.9. Finished OPT passes. (There is nothing left to do.)

5.41.8. Executing TECHMAP pass (map to technology primitives).

5.41.8.1. Executing Verilog-2005 frontend: /opt/homebrew/bin/../share/yosys/abc9_map.v
Parsing Verilog input from `/opt/homebrew/bin/../share/yosys/abc9_map.v' to AST representation.
Successfully finished Verilog frontend.

5.41.8.2. Continuing TECHMAP pass.
No more expansions possible.
<suppressed ~2 debug messages>

5.41.9. Executing Verilog-2005 frontend: /opt/homebrew/bin/../share/yosys/abc9_model.v
Parsing Verilog input from `/opt/homebrew/bin/../share/yosys/abc9_model.v' to AST representation.
Generating RTLIL representation for module `$__ABC9_DELAY'.
Generating RTLIL representation for module `$__ABC9_SCC_BREAKER'.
Generating RTLIL representation for module `$__DFF_N__$abc9_flop'.
Generating RTLIL representation for module `$__DFF_P__$abc9_flop'.
Successfully finished Verilog frontend.

5.41.10. Executing ABC9_OPS pass (helper functions for ABC9).
<suppressed ~930 debug messages>

5.41.11. Executing ABC9_OPS pass (helper functions for ABC9).

5.41.12. Executing ABC9_OPS pass (helper functions for ABC9).
<suppressed ~2 debug messages>

5.41.13. Executing TECHMAP pass (map to technology primitives).

5.41.13.1. Executing Verilog-2005 frontend: /opt/homebrew/bin/../share/yosys/techmap.v
Parsing Verilog input from `/opt/homebrew/bin/../share/yosys/techmap.v' to AST representation.
Generating RTLIL representation for module `\_90_simplemap_bool_ops'.
Generating RTLIL representation for module `\_90_simplemap_reduce_ops'.
Generating RTLIL representation for module `\_90_simplemap_logic_ops'.
Generating RTLIL representation for module `\_90_simplemap_compare_ops'.
Generating RTLIL representation for module `\_90_simplemap_various'.
Generating RTLIL representation for module `\_90_simplemap_registers'.
Generating RTLIL representation for module `\_90_shift_ops_shr_shl_sshl_sshr'.
Generating RTLIL representation for module `\_90_shift_shiftx'.
Generating RTLIL representation for module `\_90_fa'.
Generating RTLIL representation for module `\_90_lcu_brent_kung'.
Generating RTLIL representation for module `\_90_alu'.
Generating RTLIL representation for module `\_90_macc'.
Generating RTLIL representation for module `\_90_alumacc'.
Generating RTLIL representation for module `\$__div_mod_u'.
Generating RTLIL representation for module `\$__div_mod_trunc'.
Generating RTLIL representation for module `\_90_div'.
Generating RTLIL representation for module `\_90_mod'.
Generating RTLIL representation for module `\$__div_mod_floor'.
Generating RTLIL representation for module `\_90_divfloor'.
Generating RTLIL representation for module `\_90_modfloor'.
Generating RTLIL representation for module `\_90_pow'.
Generating RTLIL representation for module `\_90_pmux'.
Generating RTLIL representation for module `\_90_demux'.
Generating RTLIL representation for module `\_90_lut'.
Successfully finished Verilog frontend.

5.41.13.2. Continuing TECHMAP pass.
Using template $paramod$__ICE40_CARRY_WRAPPER\LUT=16'0110100110010110\I3_IS_CI=1'1 for cells of type $paramod$__ICE40_CARRY_WRAPPER\LUT=16'0110100110010110\I3_IS_CI=1'1.
Using template $paramod\SB_LUT4\LUT_INIT=16'0110100110010110 for cells of type SB_LUT4.
Using template SB_CARRY for cells of type SB_CARRY.
Using extmapper simplemap for cells of type $mux.
Using extmapper simplemap for cells of type $logic_and.
Using extmapper simplemap for cells of type $logic_or.
No more expansions possible.
<suppressed ~147 debug messages>

5.41.14. Executing OPT pass (performing simple optimizations).

5.41.14.1. Executing OPT_EXPR pass (perform const folding).
Optimizing module conv1d_large_benchmark_top.
<suppressed ~4 debug messages>

5.41.14.2. Executing OPT_MERGE pass (detect identical cells).
Finding identical cells in module `\conv1d_large_benchmark_top'.
<suppressed ~29 debug messages>
Removed a total of 12 cells.

5.41.14.3. Executing OPT_MUXTREE pass (detect dead branches in mux trees).
Running muxtree optimizer on module \conv1d_large_benchmark_top..
  Creating internal representation of mux trees.
  No muxes found in this module.
Removed 0 multiplexer ports.

5.41.14.4. Executing OPT_REDUCE pass (consolidate $*mux and $reduce_* inputs).
  Optimizing cells in module \conv1d_large_benchmark_top.
Performed a total of 0 changes.

5.41.14.5. Executing OPT_MERGE pass (detect identical cells).
Finding identical cells in module `\conv1d_large_benchmark_top'.
Removed a total of 0 cells.

5.41.14.6. Executing OPT_DFF pass (perform DFF optimizations).

5.41.14.7. Executing OPT_CLEAN pass (remove unused cells and wires).
Finding unused cells or wires in module \conv1d_large_benchmark_top..
Removed 0 unused cells and 24 unused wires.
<suppressed ~1 debug messages>

5.41.14.8. Executing OPT_EXPR pass (perform const folding).
Optimizing module conv1d_large_benchmark_top.

5.41.14.9. Rerunning OPT passes. (Maybe there is more to do..)

5.41.14.10. Executing OPT_MUXTREE pass (detect dead branches in mux trees).
Running muxtree optimizer on module \conv1d_large_benchmark_top..
  Creating internal representation of mux trees.
  No muxes found in this module.
Removed 0 multiplexer ports.

5.41.14.11. Executing OPT_REDUCE pass (consolidate $*mux and $reduce_* inputs).
  Optimizing cells in module \conv1d_large_benchmark_top.
Performed a total of 0 changes.

5.41.14.12. Executing OPT_MERGE pass (detect identical cells).
Finding identical cells in module `\conv1d_large_benchmark_top'.
Removed a total of 0 cells.

5.41.14.13. Executing OPT_DFF pass (perform DFF optimizations).

5.41.14.14. Executing OPT_CLEAN pass (remove unused cells and wires).
Finding unused cells or wires in module \conv1d_large_benchmark_top..

5.41.14.15. Executing OPT_EXPR pass (perform const folding).
Optimizing module conv1d_large_benchmark_top.

5.41.14.16. Finished OPT passes. (There is nothing left to do.)

5.41.15. Executing AIGMAP pass (map logic to AIG).
Module conv1d_large_benchmark_top: replaced 7 cells with 43 new cells, skipped 11 cells.
  replaced 2 cell types:
       2 $_OR_
       5 $_MUX_
  not replaced 3 cell types:
       8 $specify2
       1 $_NOT_
       2 $_AND_

5.41.16. Executing AIGMAP pass (map logic to AIG).
Module conv1d_large_benchmark_top: replaced 1066 cells with 6001 new cells, skipped 2524 cells.
  replaced 3 cell types:
     487 $_OR_
     422 $_XOR_
     157 $_MUX_
  not replaced 9 cell types:
       1 $lut
       2 $scopeinfo
      54 $_NOT_
     861 $_AND_
       2 SB_DFFSR
     462 SB_DFFESR
     464 $paramod$__ABC9_DELAY\DELAY=32'00000000000000000000000000010101
     464 $paramod$__ABC9_DELAY\DELAY=32'00000000000000000000000011001011
     214 $paramod$__ICE40_CARRY_WRAPPER\LUT=16'0110100110010110\I3_IS_CI=1'1

5.41.16.1. Executing ABC9_OPS pass (helper functions for ABC9).

5.41.16.2. Executing ABC9_OPS pass (helper functions for ABC9).

5.41.16.3. Executing XAIGER backend.
<suppressed ~475 debug messages>
Extracted 3085 AND gates and 8893 wires from module `conv1d_large_benchmark_top' to a netlist network with 476 inputs and 967 outputs.

5.41.16.4. Executing ABC9_EXE pass (technology mapping using ABC9).

5.41.16.5. Executing ABC9.
Running ABC command: "<yosys-exe-dir>/yosys-abc" -s -f <abc-temp-dir>/abc.script 2>&1
ABC: ABC command line: "source <abc-temp-dir>/abc.script".
ABC: 
ABC: + read_lut <abc-temp-dir>/input.lut 
ABC: + read_box <abc-temp-dir>/input.box 
ABC: + &read <abc-temp-dir>/input.xaig 
ABC: + &ps 
ABC: <abc-temp-dir>/input : i/o =    476/    967  and =    2572  lev =   43 (1.73)  mem = 0.10 MB  box = 1142  bb = 928
ABC: + &scorr 
ABC: Warning: The network is combinational.
ABC: + &sweep 
ABC: + &dc2 
ABC: + &dch -f 
ABC: + &ps 
ABC: <abc-temp-dir>/input : i/o =    476/    967  and =    2244  lev =   36 (0.52)  mem = 0.09 MB  ch =  121  box = 1007  bb = 928
ABC: + &if -W 250 -v 
ABC: K = 4. Memory (bytes): Truth =    0. Cut =   52. Obj =  136. Set =  564. CutMin = no
ABC: Node =    2244.  Ch =    81.  Total mem =    0.88 MB. Peak cut mem =    0.04 MB.
ABC: P:  Del = 14710.00.  Ar =     786.0.  Edge =     2993.  Cut =    16052.  T =     0.00 sec
ABC: P:  Del = 14710.00.  Ar =     740.0.  Edge =     2855.  Cut =    15661.  T =     0.00 sec
ABC: P:  Del = 14710.00.  Ar =     802.0.  Edge =     2385.  Cut =    16518.  T =     0.00 sec
ABC: F:  Del = 14710.00.  Ar =     634.0.  Edge =     2127.  Cut =    12223.  T =     0.00 sec
ABC: A:  Del = 14710.00.  Ar =     585.0.  Edge =     1943.  Cut =    12104.  T =     0.00 sec
ABC: A:  Del = 14710.00.  Ar =     582.0.  Edge =     1940.  Cut =    12106.  T =     0.00 sec
ABC: Total time =     0.02 sec
ABC: + &write -n <abc-temp-dir>/output.aig 
ABC: + &mfs 
ABC: + &ps -l 
ABC: <abc-temp-dir>/input : i/o =    476/    967  and =    1765  lev =   37 (0.49)  mem = 0.08 MB  box = 1007  bb = 928
ABC: Mapping (K=4)  :  lut =    534  edge =    1706  lev =   14 (0.23)  Boxes are not in a topological order. Switching to level computation without boxes.
ABC: levB =   37  mem = 0.03 MB
ABC: LUT = 534 : 2=144 27.0 %  3=142 26.6 %  4=248 46.4 %  Ave = 3.19
ABC: + &write -n <abc-temp-dir>/output.aig 
ABC: + time 
ABC: elapse: 1.22 seconds, total: 1.22 seconds

5.41.16.6. Executing AIGER frontend.
<suppressed ~3033 debug messages>
Removed 2522 unused cells and 6377 unused wires.

5.41.16.7. Executing ABC9_OPS pass (helper functions for ABC9).
ABC RESULTS:              $lut cells:      549
ABC RESULTS:   $paramod$__ICE40_CARRY_WRAPPER\LUT=16'0110100110010110\I3_IS_CI=1'1 cells:       79
ABC RESULTS:           input signals:       56
ABC RESULTS:          output signals:      936
Removing temp directory.

5.41.17. Executing TECHMAP pass (map to technology primitives).

5.41.17.1. Executing Verilog-2005 frontend: /opt/homebrew/bin/../share/yosys/abc9_unmap.v
Parsing Verilog input from `/opt/homebrew/bin/../share/yosys/abc9_unmap.v' to AST representation.
Generating RTLIL representation for module `\$__DFF_x__$abc9_flop'.
Generating RTLIL representation for module `\$__ABC9_SCC_BREAKER'.
Successfully finished Verilog frontend.

5.41.17.2. Continuing TECHMAP pass.
Using template $paramod$__ICE40_CARRY_WRAPPER\LUT=16'0110100110010110\I3_IS_CI=1'1 for cells of type $paramod$__ICE40_CARRY_WRAPPER\LUT=16'0110100110010110\I3_IS_CI=1'1.
No more expansions possible.
<suppressed ~85 debug messages>

5.42. Executing ICE40_WRAPCARRY pass (wrap carries).

5.43. Executing TECHMAP pass (map to technology primitives).

5.43.1. Executing Verilog-2005 frontend: /opt/homebrew/bin/../share/yosys/ice40/ff_map.v
Parsing Verilog input from `/opt/homebrew/bin/../share/yosys/ice40/ff_map.v' to AST representation.
Generating RTLIL representation for module `\$_DFF_N_'.
Generating RTLIL representation for module `\$_DFF_P_'.
Generating RTLIL representation for module `\$_DFFE_NP_'.
Generating RTLIL representation for module `\$_DFFE_PP_'.
Generating RTLIL representation for module `\$_DFF_NP0_'.
Generating RTLIL representation for module `\$_DFF_NP1_'.
Generating RTLIL representation for module `\$_DFF_PP0_'.
Generating RTLIL representation for module `\$_DFF_PP1_'.
Generating RTLIL representation for module `\$_DFFE_NP0P_'.
Generating RTLIL representation for module `\$_DFFE_NP1P_'.
Generating RTLIL representation for module `\$_DFFE_PP0P_'.
Generating RTLIL representation for module `\$_DFFE_PP1P_'.
Generating RTLIL representation for module `\$_SDFF_NP0_'.
Generating RTLIL representation for module `\$_SDFF_NP1_'.
Generating RTLIL representation for module `\$_SDFF_PP0_'.
Generating RTLIL representation for module `\$_SDFF_PP1_'.
Generating RTLIL representation for module `\$_SDFFCE_NP0P_'.
Generating RTLIL representation for module `\$_SDFFCE_NP1P_'.
Generating RTLIL representation for module `\$_SDFFCE_PP0P_'.
Generating RTLIL representation for module `\$_SDFFCE_PP1P_'.
Successfully finished Verilog frontend.

5.43.2. Continuing TECHMAP pass.
No more expansions possible.
<suppressed ~22 debug messages>
Removed 47 unused cells and 9263 unused wires.

5.44. Executing OPT_LUT pass (optimize LUTs).
Discovering LUTs.
Number of LUTs:      614
  1-LUT               16
  2-LUT              144
  3-LUT              206
  4-LUT              248
  with \SB_CARRY    (#0)   60
  with \SB_CARRY    (#1)   62

Eliminating LUTs.
Number of LUTs:      613
  1-LUT               15
  2-LUT              144
  3-LUT              206
  4-LUT              248
  with \SB_CARRY    (#0)   60
  with \SB_CARRY    (#1)   62

Combining LUTs.
Number of LUTs:      593
  1-LUT                5
  2-LUT              134
  3-LUT              197
  4-LUT              257
  with \SB_CARRY    (#0)   60
  with \SB_CARRY    (#1)   62

Eliminated 1 LUTs.
Combined 20 LUTs.
<suppressed ~4327 debug messages>

5.45. Executing TECHMAP pass (map to technology primitives).

5.45.1. Executing Verilog-2005 frontend: /opt/homebrew/bin/../share/yosys/ice40/cells_map.v
Parsing Verilog input from `/opt/homebrew/bin/../share/yosys/ice40/cells_map.v' to AST representation.
Generating RTLIL representation for module `\$lut'.
Successfully finished Verilog frontend.

5.45.2. Continuing TECHMAP pass.
Using template $paramod$fd904e9e35cfd343a9df248824bd3f1408724879\$lut for cells of type $lut.
Using template $paramod$5e9374f44a27c3f8a1c38af244ec43ceb4fb8d4f\$lut for cells of type $lut.
Using template $paramod\$lut\WIDTH=32'00000000000000000000000000000010\LUT=4'1000 for cells of type $lut.
Using template $paramod$8e44661def013b6bf9fe6f8b049ef2c838d749f9\$lut for cells of type $lut.
Using template $paramod$6e238df02989b317f10820a22773676e71120644\$lut for cells of type $lut.
Using template $paramod$873c285bdccf0ac2b60d2304ea5cd14bf211d2a6\$lut for cells of type $lut.
Using template $paramod$101238f3d8d49ab12a9b49a2f01cd503b26e9c61\$lut for cells of type $lut.
Using template $paramod$179512a187da069f3b79ef6612a41e494e7d54b6\$lut for cells of type $lut.
Using template $paramod$f9813472aa48e533b3838c6f2316dc2e78c66111\$lut for cells of type $lut.
Using template $paramod$f8f63b209b7230e81958663ff24fef1613156af7\$lut for cells of type $lut.
Using template $paramod$47a8214374025465e226fa66bee690ff33268a25\$lut for cells of type $lut.
Using template $paramod$c28a8b7ce0535d090c4cfb52e9c74affd52b110c\$lut for cells of type $lut.
Using template $paramod$272652f6c6fbe9a75eff76e45cc7e2788835518b\$lut for cells of type $lut.
Using template $paramod\$lut\WIDTH=32'00000000000000000000000000000011\LUT=8'00000001 for cells of type $lut.
Using template $paramod\$lut\WIDTH=32'00000000000000000000000000000011\LUT=8'00001000 for cells of type $lut.
Using template $paramod$658b9ed803f0d3d335616d3858b53e0a2522f1e8\$lut for cells of type $lut.
Using template $paramod$a5516fc31d1e552de2435200bb732b4d4ad63a9c\$lut for cells of type $lut.
Using template $paramod\$lut\WIDTH=32'00000000000000000000000000000011\LUT=8'10000000 for cells of type $lut.
Using template $paramod\$lut\WIDTH=32'00000000000000000000000000000011\LUT=8'00010011 for cells of type $lut.
Using template $paramod\$lut\WIDTH=32'00000000000000000000000000000011\LUT=8'01110000 for cells of type $lut.
Using template $paramod$20235ca863361fbc253329cfc7eeea38c77404dc\$lut for cells of type $lut.
Using template $paramod\$lut\WIDTH=32'00000000000000000000000000000010\LUT=4'0100 for cells of type $lut.
Using template $paramod\$lut\WIDTH=32'00000000000000000000000000000011\LUT=8'01000000 for cells of type $lut.
Using template $paramod\$lut\WIDTH=32'00000000000000000000000000000011\LUT=8'10001100 for cells of type $lut.
Using template $paramod\$lut\WIDTH=32'00000000000000000000000000000011\LUT=8'00000111 for cells of type $lut.
Using template $paramod\$lut\WIDTH=32'00000000000000000000000000000010\LUT=4'0001 for cells of type $lut.
Using template $paramod$bba54c1ef87367812b4c15f4aed5ac70773df775\$lut for cells of type $lut.
Using template $paramod\$lut\WIDTH=32'00000000000000000000000000000011\LUT=8'00101010 for cells of type $lut.
Using template $paramod$571404c0889eaf57f492cb5e37f8acb5df5852f9\$lut for cells of type $lut.
Using template $paramod\$lut\WIDTH=32'00000000000000000000000000000010\LUT=4'0010 for cells of type $lut.
Using template $paramod$712505941a295086314c22735153725461a87f4a\$lut for cells of type $lut.
Using template $paramod$865395c0228487a64a8e4011cecafc2c64b79f2b\$lut for cells of type $lut.
Using template $paramod$be48d952fcad8a16b8d84daa4c48a3065f343e5e\$lut for cells of type $lut.
Using template $paramod\$lut\WIDTH=32'00000000000000000000000000000010\LUT=4'0110 for cells of type $lut.
Using template $paramod$097592bb16245531f0716c5ddb18d7090f9c7d9d\$lut for cells of type $lut.
Using template $paramod$baa9d2fb2d21010939721b85aa9f11effe0b53c4\$lut for cells of type $lut.
Using template $paramod$0b3dae0cf9ba4ff0f31b6a740f162807f52296cf\$lut for cells of type $lut.
Using template $paramod\$lut\WIDTH=32'00000000000000000000000000000011\LUT=8'10000010 for cells of type $lut.
Using template $paramod\$lut\WIDTH=32'00000000000000000000000000000011\LUT=8'00100000 for cells of type $lut.
Using template $paramod$12d08ff859f0f43e15b88d3816e63d1db73d41e4\$lut for cells of type $lut.
Using template $paramod$6d6beead1425af15cf78b27fd9b11b41b5d4bce8\$lut for cells of type $lut.
Using template $paramod\$lut\WIDTH=32'00000000000000000000000000000011\LUT=8'00010101 for cells of type $lut.
Using template $paramod$332a399730bfc61adea04021a76b1c4e4030f37d\$lut for cells of type $lut.
Using template $paramod$74896d5916b54059928d3e3a06a0d62a2b582a8d\$lut for cells of type $lut.
Using template $paramod$2ed94d1dfad155e72d4a62c9181d5bf3f66bed65\$lut for cells of type $lut.
Using template $paramod\$lut\WIDTH=32'00000000000000000000000000000011\LUT=8'10010110 for cells of type $lut.
Using template $paramod\$lut\WIDTH=32'00000000000000000000000000000010\LUT=4'1001 for cells of type $lut.
Using template $paramod$11ec7271d8e6e5aeaace08c13e4c601f10e31038\$lut for cells of type $lut.
Using template $paramod$4fd3428c4b8b1accf8f8fb4bb88555a2b5fa688d\$lut for cells of type $lut.
Using template $paramod$66caeb00a39d236782a97659e3bd99621b74681b\$lut for cells of type $lut.
Using template $paramod$f437f7e13a397880e0bbab94df407925b9048edd\$lut for cells of type $lut.
Using template $paramod$adc0b354bb960519a616db7423a6274fc380540e\$lut for cells of type $lut.
Using template $paramod$b74813021f8a6c7b2d60a3775130f8205ab14de4\$lut for cells of type $lut.
Using template $paramod$a0df0dc5f1ef530b2aa68f7edcde3f6400cd8b5c\$lut for cells of type $lut.
Using template $paramod\$lut\WIDTH=32'00000000000000000000000000000011\LUT=8'10101000 for cells of type $lut.
Using template $paramod$6b0849254d6c87461fb93e37cc18f089f61eb912\$lut for cells of type $lut.
Using template $paramod\$lut\WIDTH=32'00000000000000000000000000000011\LUT=8'11001001 for cells of type $lut.
Using template $paramod$9dfa6463d3940584bfc0597239af5a2e17831e4c\$lut for cells of type $lut.
Using template $paramod\$lut\WIDTH=32'00000000000000000000000000000011\LUT=8'00010111 for cells of type $lut.
Using template $paramod\$lut\WIDTH=32'00000000000000000000000000000011\LUT=8'01101001 for cells of type $lut.
Using template $paramod$bd7578d8ce3e2437ea907b1d5f654d907114be68\$lut for cells of type $lut.
Using template $paramod$d6b00b06719051e8e0d21d321c25f50651e7dd46\$lut for cells of type $lut.
Using template $paramod$ef14303192218c8dd28cb97c03357085cb7c4d4d\$lut for cells of type $lut.
Using template $paramod\$lut\WIDTH=32'00000000000000000000000000000011\LUT=8'00110010 for cells of type $lut.
Using template $paramod\$lut\WIDTH=32'00000000000000000000000000000011\LUT=8'11101000 for cells of type $lut.
Using template $paramod$45bc8a035811672fb24512b03898abf475979d07\$lut for cells of type $lut.
Using template $paramod$71923fbcd4bfda101a495ad186409e3771ed0105\$lut for cells of type $lut.
Using template $paramod$e211c3929b7c4a5a9666180a7619ec6dc9c22584\$lut for cells of type $lut.
Using template $paramod\$lut\WIDTH=32'00000000000000000000000000000011\LUT=8'01001101 for cells of type $lut.
Using template $paramod\$lut\WIDTH=32'00000000000000000000000000000011\LUT=8'10110100 for cells of type $lut.
Using template $paramod$4282def8dbd6df3d1248ad282c629bee684502c2\$lut for cells of type $lut.
Using template $paramod$d6ca727e39f31d51d29072e0f33aa09c65e37336\$lut for cells of type $lut.
Using template $paramod$a5b5bff89714a1b9064342ab807df6e3348ea5da\$lut for cells of type $lut.
Using template $paramod\$lut\WIDTH=32'00000000000000000000000000000011\LUT=8'10001101 for cells of type $lut.
Using template $paramod\$lut\WIDTH=32'00000000000000000000000000000011\LUT=8'00010100 for cells of type $lut.
Using template $paramod$ed4b624f477a67dbd878e676981471b9a7808c29\$lut for cells of type $lut.
Using template $paramod$8466aae7f3132f822e70bbd8738850d820750479\$lut for cells of type $lut.
Using template $paramod$2f9c8858e893852d8229d2305d19618ba731c7bf\$lut for cells of type $lut.
Using template $paramod$70aaf70eb32e221098b6eb52bf2b64b3c0b4a0fb\$lut for cells of type $lut.
Using template $paramod\$lut\WIDTH=32'00000000000000000000000000000011\LUT=8'00001110 for cells of type $lut.
Using template $paramod$18e4f5dbff62679d69f2360d088b0de7cbc50896\$lut for cells of type $lut.
Using template $paramod$37275f9005096a8b3beded7be16e5d19f7397fa0\$lut for cells of type $lut.
Using template $paramod\$lut\WIDTH=32'00000000000000000000000000000011\LUT=8'00000110 for cells of type $lut.
Using template $paramod\$lut\WIDTH=32'00000000000000000000000000000011\LUT=8'10001110 for cells of type $lut.
Using template $paramod\$lut\WIDTH=32'00000000000000000000000000000011\LUT=8'01110001 for cells of type $lut.
Using template $paramod$480632dc6f7c037df6062cf8bf88300b5262c395\$lut for cells of type $lut.
Using template $paramod$52953750219effadf43093a566baf492fdd6b6c8\$lut for cells of type $lut.
Using template $paramod$069bb99fc8f293eec7931733dfd3002c879eb85e\$lut for cells of type $lut.
Using template $paramod\$lut\WIDTH=32'00000000000000000000000000000011\LUT=8'10111001 for cells of type $lut.
Using template $paramod$c2db175d8428e2fa05b12a95abc070d68dfb855e\$lut for cells of type $lut.
Using template $paramod$4a7aa3912ceee3b0f19a96cd6b9dc271a63d3568\$lut for cells of type $lut.
Using template $paramod$acf49cb7bd2805dee4b4ebb218aa5924b1be7704\$lut for cells of type $lut.
Using template $paramod\$lut\WIDTH=32'00000000000000000000000000000011\LUT=8'01100000 for cells of type $lut.
Using template $paramod$d482f68101579ae388c92a9df57344753d6f7893\$lut for cells of type $lut.
Using template $paramod\$lut\WIDTH=32'00000000000000000000000000000011\LUT=8'00000100 for cells of type $lut.
Using template $paramod$bff35d97b07dddb273c72678bf847e2b78003681\$lut for cells of type $lut.
Using template $paramod\$lut\WIDTH=32'00000000000000000000000000000011\LUT=8'10010011 for cells of type $lut.
Using template $paramod\$lut\WIDTH=32'00000000000000000000000000000011\LUT=8'10010000 for cells of type $lut.
Using template $paramod$4ac73e90cabe3fd5423b3897754e1be51d1645fa\$lut for cells of type $lut.
Using template $paramod$f6470d2922644dfddf4d3b6031decef3dbd73dd6\$lut for cells of type $lut.
Using template $paramod\$lut\WIDTH=32'00000000000000000000000000000011\LUT=8'01101010 for cells of type $lut.
Using template $paramod$8dea978432b975a06d487b3763d4d556f8d362b4\$lut for cells of type $lut.
Using template $paramod\$lut\WIDTH=32'00000000000000000000000000000011\LUT=8'11100100 for cells of type $lut.
Using template $paramod$5e21ce4db33ffbe317c0e7462112118a24409ec8\$lut for cells of type $lut.
Using template $paramod$24b67fade1852074c0ac6a4c585dd4228e286f08\$lut for cells of type $lut.
Using template $paramod\$lut\WIDTH=32'00000000000000000000000000000011\LUT=8'10000100 for cells of type $lut.
Using template $paramod$98d40e23bb57d56e14345fb0942003de3e361f25\$lut for cells of type $lut.
Using template $paramod$d70afe532c66c381db66176e68a0fd16e8677a90\$lut for cells of type $lut.
Using template $paramod$4da6fe9957da309dc16b8f31a6b80b19c05c808d\$lut for cells of type $lut.
Using template $paramod$78e1751931755f088c8bc676bcbc3bb642c26bfc\$lut for cells of type $lut.
Using template $paramod$3c014941563a279228df79e25630751fec86819c\$lut for cells of type $lut.
Using template $paramod\$lut\WIDTH=32'00000000000000000000000000000011\LUT=8'01001000 for cells of type $lut.
Using template $paramod$0de052767abdccc3aefc818722bdc3c7850d25d6\$lut for cells of type $lut.
Using template $paramod$274f307ae3cf37cc9409bbe7da6758e5df02f25c\$lut for cells of type $lut.
Using template $paramod$150b198f7b6a79bb68022b4897e0b9e764b4ab9c\$lut for cells of type $lut.
Using template $paramod$8fd8efe0a495790cc9ddc97266933ea8a8cd7b45\$lut for cells of type $lut.
Using template $paramod$ff10621ff350133ce54c2c9c3516ef034e8cfe58\$lut for cells of type $lut.
Using template $paramod\$lut\WIDTH=32'00000000000000000000000000000010\LUT=4'1110 for cells of type $lut.
Using template $paramod$9ce83c401f07863ef6c07aa36141bf86d010bac8\$lut for cells of type $lut.
Using template $paramod$97f21fc6caedb01e3e413e66042b2fa0473d00e4\$lut for cells of type $lut.
Using template $paramod$1644affdabe7f65febd25ca1c4d1e050be54e54f\$lut for cells of type $lut.
Using template $paramod\$lut\WIDTH=32'00000000000000000000000000000011\LUT=8'11111110 for cells of type $lut.
Using template $paramod\$lut\WIDTH=32'00000000000000000000000000000011\LUT=8'10001111 for cells of type $lut.
Using template $paramod\$lut\WIDTH=32'00000000000000000000000000000011\LUT=8'11101010 for cells of type $lut.
Using template $paramod\$lut\WIDTH=32'00000000000000000000000000000011\LUT=8'00101110 for cells of type $lut.
Using template $paramod\$lut\WIDTH=32'00000000000000000000000000000011\LUT=8'11001110 for cells of type $lut.
Using template $paramod\$lut\WIDTH=32'00000000000000000000000000000011\LUT=8'00101000 for cells of type $lut.
Using template $paramod\$lut\WIDTH=32'00000000000000000000000000000001\LUT=2'01 for cells of type $lut.
Using template $paramod\$lut\WIDTH=32'00000000000000000000000000000010\LUT=4'1101 for cells of type $lut.
No more expansions possible.
<suppressed ~2273 debug messages>
Removed 0 unused cells and 1472 unused wires.

5.46. Executing AUTONAME pass.
Renamed 29217 objects in module conv1d_large_benchmark_top (121 iterations).
<suppressed ~1534 debug messages>

5.47. Executing HIERARCHY pass (managing design hierarchy).

5.47.1. Analyzing design hierarchy..
Top module:  \conv1d_large_benchmark_top

5.47.2. Analyzing design hierarchy..
Top module:  \conv1d_large_benchmark_top
Removed 0 unused modules.

5.48. Printing statistics.

=== conv1d_large_benchmark_top ===

   Number of wires:                521
   Number of wire bits:           2010
   Number of public wires:         521
   Number of public wire bits:    2010
   Number of ports:                  7
   Number of port bits:             45
   Number of memories:               0
   Number of memory bits:            0
   Number of processes:              0
   Number of cells:               1134
     $scopeinfo                      2
     SB_CARRY                       75
     SB_DFFESR                     462
     SB_DFFSR                        2
     SB_LUT4                       593

5.49. Executing CHECK pass (checking for obvious problems).
Checking module conv1d_large_benchmark_top...
Found and reported 0 problems.

5.50. Executing JSON backend.

Warnings: 2 unique messages, 6 total
End of script. Logfile hash: 20eccd74df, CPU: user 3.94s system 0.04s
Yosys 0.42 (git sha1 9b6afcf3f, clang++ 15.0.0 -fPIC -Os)
Time spent: 23% 1x abc9_exe (1 sec), 23% 49x opt_expr (1 sec), ...
