
 /----------------------------------------------------------------------------\
 |  yosys -- Yosys Open SYnthesis Suite                                       |
 |  Copyright (C) 2012 - 2024  Claire Xenia Wolf <claire@yosyshq.com>         |
 |  Distributed under an ISC-like license, type "license" to see terms        |
 \----------------------------------------------------------------------------/
 Yosys 0.42 (git sha1 9b6afcf3f, clang++ 15.0.0 -fPIC -Os)

-- Running command `read_verilog "/Users/adarmaori/Desktop/Final Project/FPGA/conv1d_large_parallel.v" "large_conv_reports_k48/conv1d_large_parallel_k48/conv1d_large_engine.v" "conv1d_large_benchmark_top.v"; chparam -set KERNEL_TAPS 48 conv1d_large_benchmark_top; synth_ice40 -top conv1d_large_benchmark_top -json large_conv_reports_k48/conv1d_large_parallel_k48/conv.json' --

1. Executing Verilog-2005 frontend: /Users/adarmaori/Desktop/Final Project/FPGA/conv1d_large_parallel.v
Parsing Verilog input from `/Users/adarmaori/Desktop/Final Project/FPGA/conv1d_large_parallel.v' to AST representation.
Generating RTLIL representation for module `\conv1d_large_parallel'.
Warning: Replacing memory \history with list of registers. See /Users/adarmaori/Desktop/Final$20Project/FPGA/conv1d_large_parallel.v:55
Successfully finished Verilog frontend.

2. Executing Verilog-2005 frontend: large_conv_reports_k48/conv1d_large_parallel_k48/conv1d_large_engine.v
Parsing Verilog input from `large_conv_reports_k48/conv1d_large_parallel_k48/conv1d_large_engine.v' to AST representation.
Generating RTLIL representation for module `\conv1d_large_engine'.
Successfully finished Verilog frontend.

3. Executing Verilog-2005 frontend: conv1d_large_benchmark_top.v
Parsing Verilog input from `conv1d_large_benchmark_top.v' to AST representation.
Generating RTLIL representation for module `\conv1d_large_benchmark_top'.
Successfully finished Verilog frontend.
Parameter \KERNEL_TAPS = 48

4. Executing AST frontend in derive mode using pre-parsed AST for module `\conv1d_large_benchmark_top'.
Parameter \KERNEL_TAPS = 48
Generating RTLIL representation for module `$paramod\conv1d_large_benchmark_top\KERNEL_TAPS=32'00000000000000000000000000110000'.

5. Executing SYNTH_ICE40 pass.

5.1. Executing Verilog-2005 frontend: /opt/homebrew/bin/../share/yosys/ice40/cells_sim.v
Parsing Verilog input from `/opt/homebrew/bin/../share/yosys/ice40/cells_sim.v' to AST representation.
Generating RTLIL representation for module `\SB_IO'.
Generating RTLIL representation for module `\SB_GB_IO'.
Generating RTLIL representation for module `\SB_GB'.
Generating RTLIL representation for module `\SB_LUT4'.
Generating RTLIL representation for module `\SB_CARRY'.
Generating RTLIL representation for module `\SB_DFF'.
Generating RTLIL representation for module `\SB_DFFE'.
Generating RTLIL representation for module `\SB_DFFSR'.
Generating RTLIL representation for module `\SB_DFFR'.
Generating RTLIL representation for module `\SB_DFFSS'.
Generating RTLIL representation for module `\SB_DFFS'.
Generating RTLIL representation for module `\SB_DFFESR'.
Generating RTLIL representation for module `\SB_DFFER'.
Generating RTLIL representation for module `\SB_DFFESS'.
Generating RTLIL representation for module `\SB_DFFES'.
Generating RTLIL representation for module `\SB_DFFN'.
Generating RTLIL representation for module `\SB_DFFNE'.
Generating RTLIL representation for module `\SB_DFFNSR'.
Generating RTLIL representation for module `\SB_DFFNR'.
Generating RTLIL representation for module `\SB_DFFNSS'.
Generating RTLIL representation for module `\SB_DFFNS'.
Generating RTLIL representation for module `\SB_DFFNESR'.
Generating RTLIL representation for module `\SB_DFFNER'.
Generating RTLIL representation for module `\SB_DFFNESS'.
Generating RTLIL representation for module `\SB_DFFNES'.
Generating RTLIL representation for module `\SB_RAM40_4K'.
Generating RTLIL representation for module `\SB_RAM40_4KNR'.
Generating RTLIL representation for module `\SB_RAM40_4KNW'.
Generating RTLIL representation for module `\SB_RAM40_4KNRNW'.
Generating RTLIL representation for module `\ICESTORM_LC'.
Generating RTLIL representation for module `\SB_PLL40_CORE'.
Generating RTLIL representation for module `\SB_PLL40_PAD'.
Generating RTLIL representation for module `\SB_PLL40_2_PAD'.
Generating RTLIL representation for module `\SB_PLL40_2F_CORE'.
Generating RTLIL representation for module `\SB_PLL40_2F_PAD'.
Generating RTLIL representation for module `\SB_WARMBOOT'.
Generating RTLIL representation for module `\SB_SPRAM256KA'.
Generating RTLIL representation for module `\SB_HFOSC'.
Generating RTLIL representation for module `\SB_LFOSC'.
Generating RTLIL representation for module `\SB_RGBA_DRV'.
Generating RTLIL representation for module `\SB_LED_DRV_CUR'.
Generating RTLIL representation for module `\SB_RGB_DRV'.
Generating RTLIL representation for module `\SB_I2C'.
Generating RTLIL representation for module `\SB_SPI'.
Generating RTLIL representation for module `\SB_LEDDA_IP'.
Generating RTLIL representation for module `\SB_FILTER_50NS'.
Generating RTLIL representation for module `\SB_IO_I3C'.
Generating RTLIL representation for module `\SB_IO_OD'.
Generating RTLIL representation for module `\SB_MAC16'.
Generating RTLIL representation for module `\ICESTORM_RAM'.
Successfully finished Verilog frontend.

5.2. Executing HIERARCHY pass (managing design hierarchy).

5.2.1. Analyzing design hierarchy..
Top module:  \conv1d_large_benchmark_top
Used module:     \conv1d_large_engine
Used module:         \conv1d_large_parallel
Parameter \SAMPLE_WIDTH = 8
Parameter \WEIGHT_WIDTH = 8
Parameter \ACC_WIDTH = 32
Parameter \DILATION = 1
Parameter \KERNEL_TAPS = 32
Parameter \BIAS = 0

5.2.2. Executing AST frontend in derive mode using pre-parsed AST for module `\conv1d_large_parallel'.
Parameter \SAMPLE_WIDTH = 8
Parameter \WEIGHT_WIDTH = 8
Parameter \ACC_WIDTH = 32
Parameter \DILATION = 1
Parameter \KERNEL_TAPS = 32
Parameter \BIAS = 0
Generating RTLIL representation for module `$paramod$9a5d4607c6d410764a6e490cc9d604d51a78e84a\conv1d_large_parallel'.
Warning: Replacing memory \history with list of registers. See /Users/adarmaori/Desktop/Final$20Project/FPGA/conv1d_large_parallel.v:55
Parameter \SAMPLE_WIDTH = 8
Parameter \WEIGHT_WIDTH = 8
Parameter \ACC_WIDTH = 32
Parameter \DILATION = 1
Parameter \KERNEL_TAPS = 48
Parameter \BIAS = 0

5.2.3. Executing AST frontend in derive mode using pre-parsed AST for module `\conv1d_large_engine'.
Parameter \SAMPLE_WIDTH = 8
Parameter \WEIGHT_WIDTH = 8
Parameter \ACC_WIDTH = 32
Parameter \DILATION = 1
Parameter \KERNEL_TAPS = 48
Parameter \BIAS = 0
Generating RTLIL representation for module `$paramod$691b52981b4e942476eb5ad909f2594ec838c293\conv1d_large_engine'.

5.2.4. Analyzing design hierarchy..
Top module:  \conv1d_large_benchmark_top
Used module:     $paramod$691b52981b4e942476eb5ad909f2594ec838c293\conv1d_large_engine
Used module:         \conv1d_large_parallel
Parameter \SAMPLE_WIDTH = 8
Parameter \WEIGHT_WIDTH = 8
Parameter \ACC_WIDTH = 32
Parameter \DILATION = 1
Parameter \KERNEL_TAPS = 48
Parameter \BIAS = 0

5.2.5. Executing AST frontend in derive mode using pre-parsed AST for module `\conv1d_large_parallel'.
Parameter \SAMPLE_WIDTH = 8
Parameter \WEIGHT_WIDTH = 8
Parameter \ACC_WIDTH = 32
Parameter \DILATION = 1
Parameter \KERNEL_TAPS = 48
Parameter \BIAS = 0
Generating RTLIL representation for module `$paramod$691b52981b4e942476eb5ad909f2594ec838c293\conv1d_large_parallel'.
Warning: Replacing memory \history with list of registers. See /Users/adarmaori/Desktop/Final$20Project/FPGA/conv1d_large_parallel.v:55

5.2.6. Analyzing design hierarchy..
Top module:  \conv1d_large_benchmark_top
Used module:     $paramod$691b52981b4e942476eb5ad909f2594ec838c293\conv1d_large_engine
Used module:         $paramod$691b52981b4e942476eb5ad909f2594ec838c293\conv1d_large_parallel

5.2.7. Analyzing design hierarchy..
Top module:  \conv1d_large_benchmark_top
Used module:     $paramod$691b52981b4e942476eb5ad909f2594ec838c293\conv1d_large_engine
Used module:         $paramod$691b52981b4e942476eb5ad909f2594ec838c293\conv1d_large_parallel
Removing unused module `$paramod$9a5d4607c6d410764a6e490cc9d604d51a78e84a\conv1d_large_parallel'.
Removing unused module `\conv1d_large_engine'.
Removing unused module `\conv1d_large_parallel'.
Removed 3 unused modules.

5.3. Executing PROC pass (convert processes to netlists).

5.3.1. Executing PROC_CLEAN pass (remove empty switches from decision trees).
Cleaned up 0 empty switches.

5.3.2. Executing PROC_RMDEAD pass (remove dead branches from decision trees).
Marked 1 switch rules as full_case in process $proc$/opt/homebrew/bin/../share/yosys/ice40/cells_sim.v:1414$344 in module SB_DFFNES.
Marked 1 switch rules as full_case in process $proc$/opt/homebrew/bin/../share/yosys/ice40/cells_sim.v:1353$337 in module SB_DFFNESS.
Marked 1 switch rules as full_case in process $proc$/opt/homebrew/bin/../share/yosys/ice40/cells_sim.v:1273$333 in module SB_DFFNER.
Marked 1 switch rules as full_case in process $proc$/opt/homebrew/bin/../share/yosys/ice40/cells_sim.v:1212$326 in module SB_DFFNESR.
Marked 1 switch rules as full_case in process $proc$/opt/homebrew/bin/../share/yosys/ice40/cells_sim.v:1138$323 in module SB_DFFNS.
Marked 1 switch rules as full_case in process $proc$/opt/homebrew/bin/../share/yosys/ice40/cells_sim.v:1088$320 in module SB_DFFNSS.
Marked 1 switch rules as full_case in process $proc$/opt/homebrew/bin/../share/yosys/ice40/cells_sim.v:1017$317 in module SB_DFFNR.
Marked 1 switch rules as full_case in process $proc$/opt/homebrew/bin/../share/yosys/ice40/cells_sim.v:967$314 in module SB_DFFNSR.
Marked 1 switch rules as full_case in process $proc$/opt/homebrew/bin/../share/yosys/ice40/cells_sim.v:803$306 in module SB_DFFES.
Marked 1 switch rules as full_case in process $proc$/opt/homebrew/bin/../share/yosys/ice40/cells_sim.v:742$299 in module SB_DFFESS.
Marked 1 switch rules as full_case in process $proc$/opt/homebrew/bin/../share/yosys/ice40/cells_sim.v:662$295 in module SB_DFFER.
Marked 1 switch rules as full_case in process $proc$/opt/homebrew/bin/../share/yosys/ice40/cells_sim.v:601$288 in module SB_DFFESR.
Marked 1 switch rules as full_case in process $proc$/opt/homebrew/bin/../share/yosys/ice40/cells_sim.v:527$285 in module SB_DFFS.
Marked 1 switch rules as full_case in process $proc$/opt/homebrew/bin/../share/yosys/ice40/cells_sim.v:477$282 in module SB_DFFSS.
Marked 1 switch rules as full_case in process $proc$/opt/homebrew/bin/../share/yosys/ice40/cells_sim.v:406$279 in module SB_DFFR.
Marked 1 switch rules as full_case in process $proc$/opt/homebrew/bin/../share/yosys/ice40/cells_sim.v:356$276 in module SB_DFFSR.
Marked 2 switch rules as full_case in process $proc$/Users/adarmaori/Desktop/Final$20Project/FPGA/conv1d_large_parallel.v:52$729 in module $paramod$691b52981b4e942476eb5ad909f2594ec838c293\conv1d_large_parallel.
Removed a total of 0 dead cases.

5.3.3. Executing PROC_PRUNE pass (remove redundant assignments in processes).
Removed 9 redundant assignments.
Promoted 25 assignments to connections.

5.3.4. Executing PROC_INIT pass (extract init attributes).
Found init rule in `\SB_DFFNES.$proc$/opt/homebrew/bin/../share/yosys/ice40/cells_sim.v:0$347'.
  Set init value: \Q = 1'0
Found init rule in `\SB_DFFNESS.$proc$/opt/homebrew/bin/../share/yosys/ice40/cells_sim.v:0$343'.
  Set init value: \Q = 1'0
Found init rule in `\SB_DFFNER.$proc$/opt/homebrew/bin/../share/yosys/ice40/cells_sim.v:0$336'.
  Set init value: \Q = 1'0
Found init rule in `\SB_DFFNESR.$proc$/opt/homebrew/bin/../share/yosys/ice40/cells_sim.v:0$332'.
  Set init value: \Q = 1'0
Found init rule in `\SB_DFFNS.$proc$/opt/homebrew/bin/../share/yosys/ice40/cells_sim.v:0$325'.
  Set init value: \Q = 1'0
Found init rule in `\SB_DFFNSS.$proc$/opt/homebrew/bin/../share/yosys/ice40/cells_sim.v:0$322'.
  Set init value: \Q = 1'0
Found init rule in `\SB_DFFNR.$proc$/opt/homebrew/bin/../share/yosys/ice40/cells_sim.v:0$319'.
  Set init value: \Q = 1'0
Found init rule in `\SB_DFFNSR.$proc$/opt/homebrew/bin/../share/yosys/ice40/cells_sim.v:0$316'.
  Set init value: \Q = 1'0
Found init rule in `\SB_DFFNE.$proc$/opt/homebrew/bin/../share/yosys/ice40/cells_sim.v:0$313'.
  Set init value: \Q = 1'0
Found init rule in `\SB_DFFN.$proc$/opt/homebrew/bin/../share/yosys/ice40/cells_sim.v:0$311'.
  Set init value: \Q = 1'0
Found init rule in `\SB_DFFES.$proc$/opt/homebrew/bin/../share/yosys/ice40/cells_sim.v:0$309'.
  Set init value: \Q = 1'0
Found init rule in `\SB_DFFESS.$proc$/opt/homebrew/bin/../share/yosys/ice40/cells_sim.v:0$305'.
  Set init value: \Q = 1'0
Found init rule in `\SB_DFFER.$proc$/opt/homebrew/bin/../share/yosys/ice40/cells_sim.v:0$298'.
  Set init value: \Q = 1'0
Found init rule in `\SB_DFFESR.$proc$/opt/homebrew/bin/../share/yosys/ice40/cells_sim.v:0$294'.
  Set init value: \Q = 1'0
Found init rule in `\SB_DFFS.$proc$/opt/homebrew/bin/../share/yosys/ice40/cells_sim.v:0$287'.
  Set init value: \Q = 1'0
Found init rule in `\SB_DFFSS.$proc$/opt/homebrew/bin/../share/yosys/ice40/cells_sim.v:0$284'.
  Set init value: \Q = 1'0
Found init rule in `\SB_DFFR.$proc$/opt/homebrew/bin/../share/yosys/ice40/cells_sim.v:0$281'.
  Set init value: \Q = 1'0
Found init rule in `\SB_DFFSR.$proc$/opt/homebrew/bin/../share/yosys/ice40/cells_sim.v:0$278'.
  Set init value: \Q = 1'0
Found init rule in `\SB_DFFE.$proc$/opt/homebrew/bin/../share/yosys/ice40/cells_sim.v:0$275'.
  Set init value: \Q = 1'0
Found init rule in `\SB_DFF.$proc$/opt/homebrew/bin/../share/yosys/ice40/cells_sim.v:0$273'.
  Set init value: \Q = 1'0

5.3.5. Executing PROC_ARST pass (detect async resets in processes).
Found async reset \S in `\SB_DFFNES.$proc$/opt/homebrew/bin/../share/yosys/ice40/cells_sim.v:1414$344'.
Found async reset \R in `\SB_DFFNER.$proc$/opt/homebrew/bin/../share/yosys/ice40/cells_sim.v:1273$333'.
Found async reset \S in `\SB_DFFNS.$proc$/opt/homebrew/bin/../share/yosys/ice40/cells_sim.v:1138$323'.
Found async reset \R in `\SB_DFFNR.$proc$/opt/homebrew/bin/../share/yosys/ice40/cells_sim.v:1017$317'.
Found async reset \S in `\SB_DFFES.$proc$/opt/homebrew/bin/../share/yosys/ice40/cells_sim.v:803$306'.
Found async reset \R in `\SB_DFFER.$proc$/opt/homebrew/bin/../share/yosys/ice40/cells_sim.v:662$295'.
Found async reset \S in `\SB_DFFS.$proc$/opt/homebrew/bin/../share/yosys/ice40/cells_sim.v:527$285'.
Found async reset \R in `\SB_DFFR.$proc$/opt/homebrew/bin/../share/yosys/ice40/cells_sim.v:406$279'.

5.3.6. Executing PROC_ROM pass (convert switches to ROMs).
Converted 0 switches.
<suppressed ~20 debug messages>

5.3.7. Executing PROC_MUX pass (convert decision trees to multiplexers).
Creating decoders for process `\SB_DFFNES.$proc$/opt/homebrew/bin/../share/yosys/ice40/cells_sim.v:0$347'.
Creating decoders for process `\SB_DFFNES.$proc$/opt/homebrew/bin/../share/yosys/ice40/cells_sim.v:1414$344'.
     1/1: $0\Q[0:0]
Creating decoders for process `\SB_DFFNESS.$proc$/opt/homebrew/bin/../share/yosys/ice40/cells_sim.v:0$343'.
Creating decoders for process `\SB_DFFNESS.$proc$/opt/homebrew/bin/../share/yosys/ice40/cells_sim.v:1353$337'.
     1/1: $0\Q[0:0]
Creating decoders for process `\SB_DFFNER.$proc$/opt/homebrew/bin/../share/yosys/ice40/cells_sim.v:0$336'.
Creating decoders for process `\SB_DFFNER.$proc$/opt/homebrew/bin/../share/yosys/ice40/cells_sim.v:1273$333'.
     1/1: $0\Q[0:0]
Creating decoders for process `\SB_DFFNESR.$proc$/opt/homebrew/bin/../share/yosys/ice40/cells_sim.v:0$332'.
Creating decoders for process `\SB_DFFNESR.$proc$/opt/homebrew/bin/../share/yosys/ice40/cells_sim.v:1212$326'.
     1/1: $0\Q[0:0]
Creating decoders for process `\SB_DFFNS.$proc$/opt/homebrew/bin/../share/yosys/ice40/cells_sim.v:0$325'.
Creating decoders for process `\SB_DFFNS.$proc$/opt/homebrew/bin/../share/yosys/ice40/cells_sim.v:1138$323'.
     1/1: $0\Q[0:0]
Creating decoders for process `\SB_DFFNSS.$proc$/opt/homebrew/bin/../share/yosys/ice40/cells_sim.v:0$322'.
Creating decoders for process `\SB_DFFNSS.$proc$/opt/homebrew/bin/../share/yosys/ice40/cells_sim.v:1088$320'.
     1/1: $0\Q[0:0]
Creating decoders for process `\SB_DFFNR.$proc$/opt/homebrew/bin/../share/yosys/ice40/cells_sim.v:0$319'.
Creating decoders for process `\SB_DFFNR.$proc$/opt/homebrew/bin/../share/yosys/ice40/cells_sim.v:1017$317'.
     1/1: $0\Q[0:0]
Creating decoders for process `\SB_DFFNSR.$proc$/opt/homebrew/bin/../share/yosys/ice40/cells_sim.v:0$316'.
Creating decoders for process `\SB_DFFNSR.$proc$/opt/homebrew/bin/../share/yosys/ice40/cells_sim.v:967$314'.
     1/1: $0\Q[0:0]
Creating decoders for process `\SB_DFFNE.$proc$/opt/homebrew/bin/../share/yosys/ice40/cells_sim.v:0$313'.
Creating decoders for process `\SB_DFFNE.$proc$/opt/homebrew/bin/../share/yosys/ice40/cells_sim.v:922$312'.
     1/1: $0\Q[0:0]
Creating decoders for process `\SB_DFFN.$proc$/opt/homebrew/bin/../share/yosys/ice40/cells_sim.v:0$311'.
Creating decoders for process `\SB_DFFN.$proc$/opt/homebrew/bin/../share/yosys/ice40/cells_sim.v:882$310'.
Creating decoders for process `\SB_DFFES.$proc$/opt/homebrew/bin/../share/yosys/ice40/cells_sim.v:0$309'.
Creating decoders for process `\SB_DFFES.$proc$/opt/homebrew/bin/../share/yosys/ice40/cells_sim.v:803$306'.
     1/1: $0\Q[0:0]
Creating decoders for process `\SB_DFFESS.$proc$/opt/homebrew/bin/../share/yosys/ice40/cells_sim.v:0$305'.
Creating decoders for process `\SB_DFFESS.$proc$/opt/homebrew/bin/../share/yosys/ice40/cells_sim.v:742$299'.
     1/1: $0\Q[0:0]
Creating decoders for process `\SB_DFFER.$proc$/opt/homebrew/bin/../share/yosys/ice40/cells_sim.v:0$298'.
Creating decoders for process `\SB_DFFER.$proc$/opt/homebrew/bin/../share/yosys/ice40/cells_sim.v:662$295'.
     1/1: $0\Q[0:0]
Creating decoders for process `\SB_DFFESR.$proc$/opt/homebrew/bin/../share/yosys/ice40/cells_sim.v:0$294'.
Creating decoders for process `\SB_DFFESR.$proc$/opt/homebrew/bin/../share/yosys/ice40/cells_sim.v:601$288'.
     1/1: $0\Q[0:0]
Creating decoders for process `\SB_DFFS.$proc$/opt/homebrew/bin/../share/yosys/ice40/cells_sim.v:0$287'.
Creating decoders for process `\SB_DFFS.$proc$/opt/homebrew/bin/../share/yosys/ice40/cells_sim.v:527$285'.
     1/1: $0\Q[0:0]
Creating decoders for process `\SB_DFFSS.$proc$/opt/homebrew/bin/../share/yosys/ice40/cells_sim.v:0$284'.
Creating decoders for process `\SB_DFFSS.$proc$/opt/homebrew/bin/../share/yosys/ice40/cells_sim.v:477$282'.
     1/1: $0\Q[0:0]
Creating decoders for process `\SB_DFFR.$proc$/opt/homebrew/bin/../share/yosys/ice40/cells_sim.v:0$281'.
Creating decoders for process `\SB_DFFR.$proc$/opt/homebrew/bin/../share/yosys/ice40/cells_sim.v:406$279'.
     1/1: $0\Q[0:0]
Creating decoders for process `\SB_DFFSR.$proc$/opt/homebrew/bin/../share/yosys/ice40/cells_sim.v:0$278'.
Creating decoders for process `\SB_DFFSR.$proc$/opt/homebrew/bin/../share/yosys/ice40/cells_sim.v:356$276'.
     1/1: $0\Q[0:0]
Creating decoders for process `\SB_DFFE.$proc$/opt/homebrew/bin/../share/yosys/ice40/cells_sim.v:0$275'.
Creating decoders for process `\SB_DFFE.$proc$/opt/homebrew/bin/../share/yosys/ice40/cells_sim.v:311$274'.
     1/1: $0\Q[0:0]
Creating decoders for process `\SB_DFF.$proc$/opt/homebrew/bin/../share/yosys/ice40/cells_sim.v:0$273'.
Creating decoders for process `\SB_DFF.$proc$/opt/homebrew/bin/../share/yosys/ice40/cells_sim.v:271$272'.
Creating decoders for process `$paramod$691b52981b4e942476eb5ad909f2594ec838c293\conv1d_large_parallel.$proc$/Users/adarmaori/Desktop/Final$20Project/FPGA/conv1d_large_parallel.v:52$729'.
     1/51: $3\i[31:0]
     2/51: $0\output_valid[0:0]
     3/51: $2\i[31:0]
     4/51: $0\history[46][7:0]
     5/51: $0\history[45][7:0]
     6/51: $0\history[44][7:0]
     7/51: $0\history[43][7:0]
     8/51: $0\history[42][7:0]
     9/51: $0\history[41][7:0]
    10/51: $0\history[40][7:0]
    11/51: $0\history[39][7:0]
    12/51: $0\history[38][7:0]
    13/51: $0\history[37][7:0]
    14/51: $0\history[36][7:0]
    15/51: $0\history[35][7:0]
    16/51: $0\history[34][7:0]
    17/51: $0\history[33][7:0]
    18/51: $0\history[32][7:0]
    19/51: $0\history[31][7:0]
    20/51: $0\history[30][7:0]
    21/51: $0\history[29][7:0]
    22/51: $0\history[28][7:0]
    23/51: $0\history[27][7:0]
    24/51: $0\history[26][7:0]
    25/51: $0\history[25][7:0]
    26/51: $0\history[24][7:0]
    27/51: $0\history[23][7:0]
    28/51: $0\history[22][7:0]
    29/51: $0\history[21][7:0]
    30/51: $0\history[20][7:0]
    31/51: $0\history[19][7:0]
    32/51: $0\history[18][7:0]
    33/51: $0\history[17][7:0]
    34/51: $0\history[16][7:0]
    35/51: $0\history[15][7:0]
    36/51: $0\history[14][7:0]
    37/51: $0\history[13][7:0]
    38/51: $0\history[12][7:0]
    39/51: $0\history[11][7:0]
    40/51: $0\history[10][7:0]
    41/51: $0\history[9][7:0]
    42/51: $0\history[8][7:0]
    43/51: $0\history[7][7:0]
    44/51: $0\history[6][7:0]
    45/51: $0\history[5][7:0]
    46/51: $0\history[4][7:0]
    47/51: $0\history[3][7:0]
    48/51: $0\history[2][7:0]
    49/51: $0\history[1][7:0]
    50/51: $0\history[0][7:0]
    51/51: $0\sample_out[31:0]
Creating decoders for process `$paramod$691b52981b4e942476eb5ad909f2594ec838c293\conv1d_large_parallel.$proc$/Users/adarmaori/Desktop/Final$20Project/FPGA/conv1d_large_parallel.v:45$632'.

5.3.8. Executing PROC_DLATCH pass (convert process syncs to latches).
No latch inferred for signal `$paramod$691b52981b4e942476eb5ad909f2594ec838c293\conv1d_large_parallel.\conv_sum' from process `$paramod$691b52981b4e942476eb5ad909f2594ec838c293\conv1d_large_parallel.$proc$/Users/adarmaori/Desktop/Final$20Project/FPGA/conv1d_large_parallel.v:45$632'.
No latch inferred for signal `$paramod$691b52981b4e942476eb5ad909f2594ec838c293\conv1d_large_parallel.\i' from process `$paramod$691b52981b4e942476eb5ad909f2594ec838c293\conv1d_large_parallel.$proc$/Users/adarmaori/Desktop/Final$20Project/FPGA/conv1d_large_parallel.v:45$632'.

5.3.9. Executing PROC_DFF pass (convert process syncs to FFs).
Creating register for signal `\SB_DFFNES.\Q' using process `\SB_DFFNES.$proc$/opt/homebrew/bin/../share/yosys/ice40/cells_sim.v:1414$344'.
  created $adff cell `$procdff$1076' with negative edge clock and positive level reset.
Creating register for signal `\SB_DFFNESS.\Q' using process `\SB_DFFNESS.$proc$/opt/homebrew/bin/../share/yosys/ice40/cells_sim.v:1353$337'.
  created $dff cell `$procdff$1077' with negative edge clock.
Creating register for signal `\SB_DFFNER.\Q' using process `\SB_DFFNER.$proc$/opt/homebrew/bin/../share/yosys/ice40/cells_sim.v:1273$333'.
  created $adff cell `$procdff$1078' with negative edge clock and positive level reset.
Creating register for signal `\SB_DFFNESR.\Q' using process `\SB_DFFNESR.$proc$/opt/homebrew/bin/../share/yosys/ice40/cells_sim.v:1212$326'.
  created $dff cell `$procdff$1079' with negative edge clock.
Creating register for signal `\SB_DFFNS.\Q' using process `\SB_DFFNS.$proc$/opt/homebrew/bin/../share/yosys/ice40/cells_sim.v:1138$323'.
  created $adff cell `$procdff$1080' with negative edge clock and positive level reset.
Creating register for signal `\SB_DFFNSS.\Q' using process `\SB_DFFNSS.$proc$/opt/homebrew/bin/../share/yosys/ice40/cells_sim.v:1088$320'.
  created $dff cell `$procdff$1081' with negative edge clock.
Creating register for signal `\SB_DFFNR.\Q' using process `\SB_DFFNR.$proc$/opt/homebrew/bin/../share/yosys/ice40/cells_sim.v:1017$317'.
  created $adff cell `$procdff$1082' with negative edge clock and positive level reset.
Creating register for signal `\SB_DFFNSR.\Q' using process `\SB_DFFNSR.$proc$/opt/homebrew/bin/../share/yosys/ice40/cells_sim.v:967$314'.
  created $dff cell `$procdff$1083' with negative edge clock.
Creating register for signal `\SB_DFFNE.\Q' using process `\SB_DFFNE.$proc$/opt/homebrew/bin/../share/yosys/ice40/cells_sim.v:922$312'.
  created $dff cell `$procdff$1084' with negative edge clock.
Creating register for signal `\SB_DFFN.\Q' using process `\SB_DFFN.$proc$/opt/homebrew/bin/../share/yosys/ice40/cells_sim.v:882$310'.
  created $dff cell `$procdff$1085' with negative edge clock.
Creating register for signal `\SB_DFFES.\Q' using process `\SB_DFFES.$proc$/opt/homebrew/bin/../share/yosys/ice40/cells_sim.v:803$306'.
  created $adff cell `$procdff$1086' with positive edge clock and positive level reset.
Creating register for signal `\SB_DFFESS.\Q' using process `\SB_DFFESS.$proc$/opt/homebrew/bin/../share/yosys/ice40/cells_sim.v:742$299'.
  created $dff cell `$procdff$1087' with positive edge clock.
Creating register for signal `\SB_DFFER.\Q' using process `\SB_DFFER.$proc$/opt/homebrew/bin/../share/yosys/ice40/cells_sim.v:662$295'.
  created $adff cell `$procdff$1088' with positive edge clock and positive level reset.
Creating register for signal `\SB_DFFESR.\Q' using process `\SB_DFFESR.$proc$/opt/homebrew/bin/../share/yosys/ice40/cells_sim.v:601$288'.
  created $dff cell `$procdff$1089' with positive edge clock.
Creating register for signal `\SB_DFFS.\Q' using process `\SB_DFFS.$proc$/opt/homebrew/bin/../share/yosys/ice40/cells_sim.v:527$285'.
  created $adff cell `$procdff$1090' with positive edge clock and positive level reset.
Creating register for signal `\SB_DFFSS.\Q' using process `\SB_DFFSS.$proc$/opt/homebrew/bin/../share/yosys/ice40/cells_sim.v:477$282'.
  created $dff cell `$procdff$1091' with positive edge clock.
Creating register for signal `\SB_DFFR.\Q' using process `\SB_DFFR.$proc$/opt/homebrew/bin/../share/yosys/ice40/cells_sim.v:406$279'.
  created $adff cell `$procdff$1092' with positive edge clock and positive level reset.
Creating register for signal `\SB_DFFSR.\Q' using process `\SB_DFFSR.$proc$/opt/homebrew/bin/../share/yosys/ice40/cells_sim.v:356$276'.
  created $dff cell `$procdff$1093' with positive edge clock.
Creating register for signal `\SB_DFFE.\Q' using process `\SB_DFFE.$proc$/opt/homebrew/bin/../share/yosys/ice40/cells_sim.v:311$274'.
  created $dff cell `$procdff$1094' with positive edge clock.
Creating register for signal `\SB_DFF.\Q' using process `\SB_DFF.$proc$/opt/homebrew/bin/../share/yosys/ice40/cells_sim.v:271$272'.
  created $dff cell `$procdff$1095' with positive edge clock.
Creating register for signal `$paramod$691b52981b4e942476eb5ad909f2594ec838c293\conv1d_large_parallel.\output_valid' using process `$paramod$691b52981b4e942476eb5ad909f2594ec838c293\conv1d_large_parallel.$proc$/Users/adarmaori/Desktop/Final$20Project/FPGA/conv1d_large_parallel.v:52$729'.
  created $dff cell `$procdff$1096' with positive edge clock.
Creating register for signal `$paramod$691b52981b4e942476eb5ad909f2594ec838c293\conv1d_large_parallel.\sample_out' using process `$paramod$691b52981b4e942476eb5ad909f2594ec838c293\conv1d_large_parallel.$proc$/Users/adarmaori/Desktop/Final$20Project/FPGA/conv1d_large_parallel.v:52$729'.
  created $dff cell `$procdff$1097' with positive edge clock.
Creating register for signal `$paramod$691b52981b4e942476eb5ad909f2594ec838c293\conv1d_large_parallel.\i' using process `$paramod$691b52981b4e942476eb5ad909f2594ec838c293\conv1d_large_parallel.$proc$/Users/adarmaori/Desktop/Final$20Project/FPGA/conv1d_large_parallel.v:52$729'.
  created $dff cell `$procdff$1098' with positive edge clock.
Creating register for signal `$paramod$691b52981b4e942476eb5ad909f2594ec838c293\conv1d_large_parallel.\history[0]' using process `$paramod$691b52981b4e942476eb5ad909f2594ec838c293\conv1d_large_parallel.$proc$/Users/adarmaori/Desktop/Final$20Project/FPGA/conv1d_large_parallel.v:52$729'.
  created $dff cell `$procdff$1099' with positive edge clock.
Creating register for signal `$paramod$691b52981b4e942476eb5ad909f2594ec838c293\conv1d_large_parallel.\history[1]' using process `$paramod$691b52981b4e942476eb5ad909f2594ec838c293\conv1d_large_parallel.$proc$/Users/adarmaori/Desktop/Final$20Project/FPGA/conv1d_large_parallel.v:52$729'.
  created $dff cell `$procdff$1100' with positive edge clock.
Creating register for signal `$paramod$691b52981b4e942476eb5ad909f2594ec838c293\conv1d_large_parallel.\history[2]' using process `$paramod$691b52981b4e942476eb5ad909f2594ec838c293\conv1d_large_parallel.$proc$/Users/adarmaori/Desktop/Final$20Project/FPGA/conv1d_large_parallel.v:52$729'.
  created $dff cell `$procdff$1101' with positive edge clock.
Creating register for signal `$paramod$691b52981b4e942476eb5ad909f2594ec838c293\conv1d_large_parallel.\history[3]' using process `$paramod$691b52981b4e942476eb5ad909f2594ec838c293\conv1d_large_parallel.$proc$/Users/adarmaori/Desktop/Final$20Project/FPGA/conv1d_large_parallel.v:52$729'.
  created $dff cell `$procdff$1102' with positive edge clock.
Creating register for signal `$paramod$691b52981b4e942476eb5ad909f2594ec838c293\conv1d_large_parallel.\history[4]' using process `$paramod$691b52981b4e942476eb5ad909f2594ec838c293\conv1d_large_parallel.$proc$/Users/adarmaori/Desktop/Final$20Project/FPGA/conv1d_large_parallel.v:52$729'.
  created $dff cell `$procdff$1103' with positive edge clock.
Creating register for signal `$paramod$691b52981b4e942476eb5ad909f2594ec838c293\conv1d_large_parallel.\history[5]' using process `$paramod$691b52981b4e942476eb5ad909f2594ec838c293\conv1d_large_parallel.$proc$/Users/adarmaori/Desktop/Final$20Project/FPGA/conv1d_large_parallel.v:52$729'.
  created $dff cell `$procdff$1104' with positive edge clock.
Creating register for signal `$paramod$691b52981b4e942476eb5ad909f2594ec838c293\conv1d_large_parallel.\history[6]' using process `$paramod$691b52981b4e942476eb5ad909f2594ec838c293\conv1d_large_parallel.$proc$/Users/adarmaori/Desktop/Final$20Project/FPGA/conv1d_large_parallel.v:52$729'.
  created $dff cell `$procdff$1105' with positive edge clock.
Creating register for signal `$paramod$691b52981b4e942476eb5ad909f2594ec838c293\conv1d_large_parallel.\history[7]' using process `$paramod$691b52981b4e942476eb5ad909f2594ec838c293\conv1d_large_parallel.$proc$/Users/adarmaori/Desktop/Final$20Project/FPGA/conv1d_large_parallel.v:52$729'.
  created $dff cell `$procdff$1106' with positive edge clock.
Creating register for signal `$paramod$691b52981b4e942476eb5ad909f2594ec838c293\conv1d_large_parallel.\history[8]' using process `$paramod$691b52981b4e942476eb5ad909f2594ec838c293\conv1d_large_parallel.$proc$/Users/adarmaori/Desktop/Final$20Project/FPGA/conv1d_large_parallel.v:52$729'.
  created $dff cell `$procdff$1107' with positive edge clock.
Creating register for signal `$paramod$691b52981b4e942476eb5ad909f2594ec838c293\conv1d_large_parallel.\history[9]' using process `$paramod$691b52981b4e942476eb5ad909f2594ec838c293\conv1d_large_parallel.$proc$/Users/adarmaori/Desktop/Final$20Project/FPGA/conv1d_large_parallel.v:52$729'.
  created $dff cell `$procdff$1108' with positive edge clock.
Creating register for signal `$paramod$691b52981b4e942476eb5ad909f2594ec838c293\conv1d_large_parallel.\history[10]' using process `$paramod$691b52981b4e942476eb5ad909f2594ec838c293\conv1d_large_parallel.$proc$/Users/adarmaori/Desktop/Final$20Project/FPGA/conv1d_large_parallel.v:52$729'.
  created $dff cell `$procdff$1109' with positive edge clock.
Creating register for signal `$paramod$691b52981b4e942476eb5ad909f2594ec838c293\conv1d_large_parallel.\history[11]' using process `$paramod$691b52981b4e942476eb5ad909f2594ec838c293\conv1d_large_parallel.$proc$/Users/adarmaori/Desktop/Final$20Project/FPGA/conv1d_large_parallel.v:52$729'.
  created $dff cell `$procdff$1110' with positive edge clock.
Creating register for signal `$paramod$691b52981b4e942476eb5ad909f2594ec838c293\conv1d_large_parallel.\history[12]' using process `$paramod$691b52981b4e942476eb5ad909f2594ec838c293\conv1d_large_parallel.$proc$/Users/adarmaori/Desktop/Final$20Project/FPGA/conv1d_large_parallel.v:52$729'.
  created $dff cell `$procdff$1111' with positive edge clock.
Creating register for signal `$paramod$691b52981b4e942476eb5ad909f2594ec838c293\conv1d_large_parallel.\history[13]' using process `$paramod$691b52981b4e942476eb5ad909f2594ec838c293\conv1d_large_parallel.$proc$/Users/adarmaori/Desktop/Final$20Project/FPGA/conv1d_large_parallel.v:52$729'.
  created $dff cell `$procdff$1112' with positive edge clock.
Creating register for signal `$paramod$691b52981b4e942476eb5ad909f2594ec838c293\conv1d_large_parallel.\history[14]' using process `$paramod$691b52981b4e942476eb5ad909f2594ec838c293\conv1d_large_parallel.$proc$/Users/adarmaori/Desktop/Final$20Project/FPGA/conv1d_large_parallel.v:52$729'.
  created $dff cell `$procdff$1113' with positive edge clock.
Creating register for signal `$paramod$691b52981b4e942476eb5ad909f2594ec838c293\conv1d_large_parallel.\history[15]' using process `$paramod$691b52981b4e942476eb5ad909f2594ec838c293\conv1d_large_parallel.$proc$/Users/adarmaori/Desktop/Final$20Project/FPGA/conv1d_large_parallel.v:52$729'.
  created $dff cell `$procdff$1114' with positive edge clock.
Creating register for signal `$paramod$691b52981b4e942476eb5ad909f2594ec838c293\conv1d_large_parallel.\history[16]' using process `$paramod$691b52981b4e942476eb5ad909f2594ec838c293\conv1d_large_parallel.$proc$/Users/adarmaori/Desktop/Final$20Project/FPGA/conv1d_large_parallel.v:52$729'.
  created $dff cell `$procdff$1115' with positive edge clock.
Creating register for signal `$paramod$691b52981b4e942476eb5ad909f2594ec838c293\conv1d_large_parallel.\history[17]' using process `$paramod$691b52981b4e942476eb5ad909f2594ec838c293\conv1d_large_parallel.$proc$/Users/adarmaori/Desktop/Final$20Project/FPGA/conv1d_large_parallel.v:52$729'.
  created $dff cell `$procdff$1116' with positive edge clock.
Creating register for signal `$paramod$691b52981b4e942476eb5ad909f2594ec838c293\conv1d_large_parallel.\history[18]' using process `$paramod$691b52981b4e942476eb5ad909f2594ec838c293\conv1d_large_parallel.$proc$/Users/adarmaori/Desktop/Final$20Project/FPGA/conv1d_large_parallel.v:52$729'.
  created $dff cell `$procdff$1117' with positive edge clock.
Creating register for signal `$paramod$691b52981b4e942476eb5ad909f2594ec838c293\conv1d_large_parallel.\history[19]' using process `$paramod$691b52981b4e942476eb5ad909f2594ec838c293\conv1d_large_parallel.$proc$/Users/adarmaori/Desktop/Final$20Project/FPGA/conv1d_large_parallel.v:52$729'.
  created $dff cell `$procdff$1118' with positive edge clock.
Creating register for signal `$paramod$691b52981b4e942476eb5ad909f2594ec838c293\conv1d_large_parallel.\history[20]' using process `$paramod$691b52981b4e942476eb5ad909f2594ec838c293\conv1d_large_parallel.$proc$/Users/adarmaori/Desktop/Final$20Project/FPGA/conv1d_large_parallel.v:52$729'.
  created $dff cell `$procdff$1119' with positive edge clock.
Creating register for signal `$paramod$691b52981b4e942476eb5ad909f2594ec838c293\conv1d_large_parallel.\history[21]' using process `$paramod$691b52981b4e942476eb5ad909f2594ec838c293\conv1d_large_parallel.$proc$/Users/adarmaori/Desktop/Final$20Project/FPGA/conv1d_large_parallel.v:52$729'.
  created $dff cell `$procdff$1120' with positive edge clock.
Creating register for signal `$paramod$691b52981b4e942476eb5ad909f2594ec838c293\conv1d_large_parallel.\history[22]' using process `$paramod$691b52981b4e942476eb5ad909f2594ec838c293\conv1d_large_parallel.$proc$/Users/adarmaori/Desktop/Final$20Project/FPGA/conv1d_large_parallel.v:52$729'.
  created $dff cell `$procdff$1121' with positive edge clock.
Creating register for signal `$paramod$691b52981b4e942476eb5ad909f2594ec838c293\conv1d_large_parallel.\history[23]' using process `$paramod$691b52981b4e942476eb5ad909f2594ec838c293\conv1d_large_parallel.$proc$/Users/adarmaori/Desktop/Final$20Project/FPGA/conv1d_large_parallel.v:52$729'.
  created $dff cell `$procdff$1122' with positive edge clock.
Creating register for signal `$paramod$691b52981b4e942476eb5ad909f2594ec838c293\conv1d_large_parallel.\history[24]' using process `$paramod$691b52981b4e942476eb5ad909f2594ec838c293\conv1d_large_parallel.$proc$/Users/adarmaori/Desktop/Final$20Project/FPGA/conv1d_large_parallel.v:52$729'.
  created $dff cell `$procdff$1123' with positive edge clock.
Creating register for signal `$paramod$691b52981b4e942476eb5ad909f2594ec838c293\conv1d_large_parallel.\history[25]' using process `$paramod$691b52981b4e942476eb5ad909f2594ec838c293\conv1d_large_parallel.$proc$/Users/adarmaori/Desktop/Final$20Project/FPGA/conv1d_large_parallel.v:52$729'.
  created $dff cell `$procdff$1124' with positive edge clock.
Creating register for signal `$paramod$691b52981b4e942476eb5ad909f2594ec838c293\conv1d_large_parallel.\history[26]' using process `$paramod$691b52981b4e942476eb5ad909f2594ec838c293\conv1d_large_parallel.$proc$/Users/adarmaori/Desktop/Final$20Project/FPGA/conv1d_large_parallel.v:52$729'.
  created $dff cell `$procdff$1125' with positive edge clock.
Creating register for signal `$paramod$691b52981b4e942476eb5ad909f2594ec838c293\conv1d_large_parallel.\history[27]' using process `$paramod$691b52981b4e942476eb5ad909f2594ec838c293\conv1d_large_parallel.$proc$/Users/adarmaori/Desktop/Final$20Project/FPGA/conv1d_large_parallel.v:52$729'.
  created $dff cell `$procdff$1126' with positive edge clock.
Creating register for signal `$paramod$691b52981b4e942476eb5ad909f2594ec838c293\conv1d_large_parallel.\history[28]' using process `$paramod$691b52981b4e942476eb5ad909f2594ec838c293\conv1d_large_parallel.$proc$/Users/adarmaori/Desktop/Final$20Project/FPGA/conv1d_large_parallel.v:52$729'.
  created $dff cell `$procdff$1127' with positive edge clock.
Creating register for signal `$paramod$691b52981b4e942476eb5ad909f2594ec838c293\conv1d_large_parallel.\history[29]' using process `$paramod$691b52981b4e942476eb5ad909f2594ec838c293\conv1d_large_parallel.$proc$/Users/adarmaori/Desktop/Final$20Project/FPGA/conv1d_large_parallel.v:52$729'.
  created $dff cell `$procdff$1128' with positive edge clock.
Creating register for signal `$paramod$691b52981b4e942476eb5ad909f2594ec838c293\conv1d_large_parallel.\history[30]' using process `$paramod$691b52981b4e942476eb5ad909f2594ec838c293\conv1d_large_parallel.$proc$/Users/adarmaori/Desktop/Final$20Project/FPGA/conv1d_large_parallel.v:52$729'.
  created $dff cell `$procdff$1129' with positive edge clock.
Creating register for signal `$paramod$691b52981b4e942476eb5ad909f2594ec838c293\conv1d_large_parallel.\history[31]' using process `$paramod$691b52981b4e942476eb5ad909f2594ec838c293\conv1d_large_parallel.$proc$/Users/adarmaori/Desktop/Final$20Project/FPGA/conv1d_large_parallel.v:52$729'.
  created $dff cell `$procdff$1130' with positive edge clock.
Creating register for signal `$paramod$691b52981b4e942476eb5ad909f2594ec838c293\conv1d_large_parallel.\history[32]' using process `$paramod$691b52981b4e942476eb5ad909f2594ec838c293\conv1d_large_parallel.$proc$/Users/adarmaori/Desktop/Final$20Project/FPGA/conv1d_large_parallel.v:52$729'.
  created $dff cell `$procdff$1131' with positive edge clock.
Creating register for signal `$paramod$691b52981b4e942476eb5ad909f2594ec838c293\conv1d_large_parallel.\history[33]' using process `$paramod$691b52981b4e942476eb5ad909f2594ec838c293\conv1d_large_parallel.$proc$/Users/adarmaori/Desktop/Final$20Project/FPGA/conv1d_large_parallel.v:52$729'.
  created $dff cell `$procdff$1132' with positive edge clock.
Creating register for signal `$paramod$691b52981b4e942476eb5ad909f2594ec838c293\conv1d_large_parallel.\history[34]' using process `$paramod$691b52981b4e942476eb5ad909f2594ec838c293\conv1d_large_parallel.$proc$/Users/adarmaori/Desktop/Final$20Project/FPGA/conv1d_large_parallel.v:52$729'.
  created $dff cell `$procdff$1133' with positive edge clock.
Creating register for signal `$paramod$691b52981b4e942476eb5ad909f2594ec838c293\conv1d_large_parallel.\history[35]' using process `$paramod$691b52981b4e942476eb5ad909f2594ec838c293\conv1d_large_parallel.$proc$/Users/adarmaori/Desktop/Final$20Project/FPGA/conv1d_large_parallel.v:52$729'.
  created $dff cell `$procdff$1134' with positive edge clock.
Creating register for signal `$paramod$691b52981b4e942476eb5ad909f2594ec838c293\conv1d_large_parallel.\history[36]' using process `$paramod$691b52981b4e942476eb5ad909f2594ec838c293\conv1d_large_parallel.$proc$/Users/adarmaori/Desktop/Final$20Project/FPGA/conv1d_large_parallel.v:52$729'.
  created $dff cell `$procdff$1135' with positive edge clock.
Creating register for signal `$paramod$691b52981b4e942476eb5ad909f2594ec838c293\conv1d_large_parallel.\history[37]' using process `$paramod$691b52981b4e942476eb5ad909f2594ec838c293\conv1d_large_parallel.$proc$/Users/adarmaori/Desktop/Final$20Project/FPGA/conv1d_large_parallel.v:52$729'.
  created $dff cell `$procdff$1136' with positive edge clock.
Creating register for signal `$paramod$691b52981b4e942476eb5ad909f2594ec838c293\conv1d_large_parallel.\history[38]' using process `$paramod$691b52981b4e942476eb5ad909f2594ec838c293\conv1d_large_parallel.$proc$/Users/adarmaori/Desktop/Final$20Project/FPGA/conv1d_large_parallel.v:52$729'.
  created $dff cell `$procdff$1137' with positive edge clock.
Creating register for signal `$paramod$691b52981b4e942476eb5ad909f2594ec838c293\conv1d_large_parallel.\history[39]' using process `$paramod$691b52981b4e942476eb5ad909f2594ec838c293\conv1d_large_parallel.$proc$/Users/adarmaori/Desktop/Final$20Project/FPGA/conv1d_large_parallel.v:52$729'.
  created $dff cell `$procdff$1138' with positive edge clock.
Creating register for signal `$paramod$691b52981b4e942476eb5ad909f2594ec838c293\conv1d_large_parallel.\history[40]' using process `$paramod$691b52981b4e942476eb5ad909f2594ec838c293\conv1d_large_parallel.$proc$/Users/adarmaori/Desktop/Final$20Project/FPGA/conv1d_large_parallel.v:52$729'.
  created $dff cell `$procdff$1139' with positive edge clock.
Creating register for signal `$paramod$691b52981b4e942476eb5ad909f2594ec838c293\conv1d_large_parallel.\history[41]' using process `$paramod$691b52981b4e942476eb5ad909f2594ec838c293\conv1d_large_parallel.$proc$/Users/adarmaori/Desktop/Final$20Project/FPGA/conv1d_large_parallel.v:52$729'.
  created $dff cell `$procdff$1140' with positive edge clock.
Creating register for signal `$paramod$691b52981b4e942476eb5ad909f2594ec838c293\conv1d_large_parallel.\history[42]' using process `$paramod$691b52981b4e942476eb5ad909f2594ec838c293\conv1d_large_parallel.$proc$/Users/adarmaori/Desktop/Final$20Project/FPGA/conv1d_large_parallel.v:52$729'.
  created $dff cell `$procdff$1141' with positive edge clock.
Creating register for signal `$paramod$691b52981b4e942476eb5ad909f2594ec838c293\conv1d_large_parallel.\history[43]' using process `$paramod$691b52981b4e942476eb5ad909f2594ec838c293\conv1d_large_parallel.$proc$/Users/adarmaori/Desktop/Final$20Project/FPGA/conv1d_large_parallel.v:52$729'.
  created $dff cell `$procdff$1142' with positive edge clock.
Creating register for signal `$paramod$691b52981b4e942476eb5ad909f2594ec838c293\conv1d_large_parallel.\history[44]' using process `$paramod$691b52981b4e942476eb5ad909f2594ec838c293\conv1d_large_parallel.$proc$/Users/adarmaori/Desktop/Final$20Project/FPGA/conv1d_large_parallel.v:52$729'.
  created $dff cell `$procdff$1143' with positive edge clock.
Creating register for signal `$paramod$691b52981b4e942476eb5ad909f2594ec838c293\conv1d_large_parallel.\history[45]' using process `$paramod$691b52981b4e942476eb5ad909f2594ec838c293\conv1d_large_parallel.$proc$/Users/adarmaori/Desktop/Final$20Project/FPGA/conv1d_large_parallel.v:52$729'.
  created $dff cell `$procdff$1144' with positive edge clock.
Creating register for signal `$paramod$691b52981b4e942476eb5ad909f2594ec838c293\conv1d_large_parallel.\history[46]' using process `$paramod$691b52981b4e942476eb5ad909f2594ec838c293\conv1d_large_parallel.$proc$/Users/adarmaori/Desktop/Final$20Project/FPGA/conv1d_large_parallel.v:52$729'.
  created $dff cell `$procdff$1145' with positive edge clock.

5.3.10. Executing PROC_MEMWR pass (convert process memory writes to cells).

5.3.11. Executing PROC_CLEAN pass (remove empty switches from decision trees).
Removing empty process `SB_DFFNES.$proc$/opt/homebrew/bin/../share/yosys/ice40/cells_sim.v:0$347'.
Found and cleaned up 1 empty switch in `\SB_DFFNES.$proc$/opt/homebrew/bin/../share/yosys/ice40/cells_sim.v:1414$344'.
Removing empty process `SB_DFFNES.$proc$/opt/homebrew/bin/../share/yosys/ice40/cells_sim.v:1414$344'.
Removing empty process `SB_DFFNESS.$proc$/opt/homebrew/bin/../share/yosys/ice40/cells_sim.v:0$343'.
Found and cleaned up 2 empty switches in `\SB_DFFNESS.$proc$/opt/homebrew/bin/../share/yosys/ice40/cells_sim.v:1353$337'.
Removing empty process `SB_DFFNESS.$proc$/opt/homebrew/bin/../share/yosys/ice40/cells_sim.v:1353$337'.
Removing empty process `SB_DFFNER.$proc$/opt/homebrew/bin/../share/yosys/ice40/cells_sim.v:0$336'.
Found and cleaned up 1 empty switch in `\SB_DFFNER.$proc$/opt/homebrew/bin/../share/yosys/ice40/cells_sim.v:1273$333'.
Removing empty process `SB_DFFNER.$proc$/opt/homebrew/bin/../share/yosys/ice40/cells_sim.v:1273$333'.
Removing empty process `SB_DFFNESR.$proc$/opt/homebrew/bin/../share/yosys/ice40/cells_sim.v:0$332'.
Found and cleaned up 2 empty switches in `\SB_DFFNESR.$proc$/opt/homebrew/bin/../share/yosys/ice40/cells_sim.v:1212$326'.
Removing empty process `SB_DFFNESR.$proc$/opt/homebrew/bin/../share/yosys/ice40/cells_sim.v:1212$326'.
Removing empty process `SB_DFFNS.$proc$/opt/homebrew/bin/../share/yosys/ice40/cells_sim.v:0$325'.
Removing empty process `SB_DFFNS.$proc$/opt/homebrew/bin/../share/yosys/ice40/cells_sim.v:1138$323'.
Removing empty process `SB_DFFNSS.$proc$/opt/homebrew/bin/../share/yosys/ice40/cells_sim.v:0$322'.
Found and cleaned up 1 empty switch in `\SB_DFFNSS.$proc$/opt/homebrew/bin/../share/yosys/ice40/cells_sim.v:1088$320'.
Removing empty process `SB_DFFNSS.$proc$/opt/homebrew/bin/../share/yosys/ice40/cells_sim.v:1088$320'.
Removing empty process `SB_DFFNR.$proc$/opt/homebrew/bin/../share/yosys/ice40/cells_sim.v:0$319'.
Removing empty process `SB_DFFNR.$proc$/opt/homebrew/bin/../share/yosys/ice40/cells_sim.v:1017$317'.
Removing empty process `SB_DFFNSR.$proc$/opt/homebrew/bin/../share/yosys/ice40/cells_sim.v:0$316'.
Found and cleaned up 1 empty switch in `\SB_DFFNSR.$proc$/opt/homebrew/bin/../share/yosys/ice40/cells_sim.v:967$314'.
Removing empty process `SB_DFFNSR.$proc$/opt/homebrew/bin/../share/yosys/ice40/cells_sim.v:967$314'.
Removing empty process `SB_DFFNE.$proc$/opt/homebrew/bin/../share/yosys/ice40/cells_sim.v:0$313'.
Found and cleaned up 1 empty switch in `\SB_DFFNE.$proc$/opt/homebrew/bin/../share/yosys/ice40/cells_sim.v:922$312'.
Removing empty process `SB_DFFNE.$proc$/opt/homebrew/bin/../share/yosys/ice40/cells_sim.v:922$312'.
Removing empty process `SB_DFFN.$proc$/opt/homebrew/bin/../share/yosys/ice40/cells_sim.v:0$311'.
Removing empty process `SB_DFFN.$proc$/opt/homebrew/bin/../share/yosys/ice40/cells_sim.v:882$310'.
Removing empty process `SB_DFFES.$proc$/opt/homebrew/bin/../share/yosys/ice40/cells_sim.v:0$309'.
Found and cleaned up 1 empty switch in `\SB_DFFES.$proc$/opt/homebrew/bin/../share/yosys/ice40/cells_sim.v:803$306'.
Removing empty process `SB_DFFES.$proc$/opt/homebrew/bin/../share/yosys/ice40/cells_sim.v:803$306'.
Removing empty process `SB_DFFESS.$proc$/opt/homebrew/bin/../share/yosys/ice40/cells_sim.v:0$305'.
Found and cleaned up 2 empty switches in `\SB_DFFESS.$proc$/opt/homebrew/bin/../share/yosys/ice40/cells_sim.v:742$299'.
Removing empty process `SB_DFFESS.$proc$/opt/homebrew/bin/../share/yosys/ice40/cells_sim.v:742$299'.
Removing empty process `SB_DFFER.$proc$/opt/homebrew/bin/../share/yosys/ice40/cells_sim.v:0$298'.
Found and cleaned up 1 empty switch in `\SB_DFFER.$proc$/opt/homebrew/bin/../share/yosys/ice40/cells_sim.v:662$295'.
Removing empty process `SB_DFFER.$proc$/opt/homebrew/bin/../share/yosys/ice40/cells_sim.v:662$295'.
Removing empty process `SB_DFFESR.$proc$/opt/homebrew/bin/../share/yosys/ice40/cells_sim.v:0$294'.
Found and cleaned up 2 empty switches in `\SB_DFFESR.$proc$/opt/homebrew/bin/../share/yosys/ice40/cells_sim.v:601$288'.
Removing empty process `SB_DFFESR.$proc$/opt/homebrew/bin/../share/yosys/ice40/cells_sim.v:601$288'.
Removing empty process `SB_DFFS.$proc$/opt/homebrew/bin/../share/yosys/ice40/cells_sim.v:0$287'.
Removing empty process `SB_DFFS.$proc$/opt/homebrew/bin/../share/yosys/ice40/cells_sim.v:527$285'.
Removing empty process `SB_DFFSS.$proc$/opt/homebrew/bin/../share/yosys/ice40/cells_sim.v:0$284'.
Found and cleaned up 1 empty switch in `\SB_DFFSS.$proc$/opt/homebrew/bin/../share/yosys/ice40/cells_sim.v:477$282'.
Removing empty process `SB_DFFSS.$proc$/opt/homebrew/bin/../share/yosys/ice40/cells_sim.v:477$282'.
Removing empty process `SB_DFFR.$proc$/opt/homebrew/bin/../share/yosys/ice40/cells_sim.v:0$281'.
Removing empty process `SB_DFFR.$proc$/opt/homebrew/bin/../share/yosys/ice40/cells_sim.v:406$279'.
Removing empty process `SB_DFFSR.$proc$/opt/homebrew/bin/../share/yosys/ice40/cells_sim.v:0$278'.
Found and cleaned up 1 empty switch in `\SB_DFFSR.$proc$/opt/homebrew/bin/../share/yosys/ice40/cells_sim.v:356$276'.
Removing empty process `SB_DFFSR.$proc$/opt/homebrew/bin/../share/yosys/ice40/cells_sim.v:356$276'.
Removing empty process `SB_DFFE.$proc$/opt/homebrew/bin/../share/yosys/ice40/cells_sim.v:0$275'.
Found and cleaned up 1 empty switch in `\SB_DFFE.$proc$/opt/homebrew/bin/../share/yosys/ice40/cells_sim.v:311$274'.
Removing empty process `SB_DFFE.$proc$/opt/homebrew/bin/../share/yosys/ice40/cells_sim.v:311$274'.
Removing empty process `SB_DFF.$proc$/opt/homebrew/bin/../share/yosys/ice40/cells_sim.v:0$273'.
Removing empty process `SB_DFF.$proc$/opt/homebrew/bin/../share/yosys/ice40/cells_sim.v:271$272'.
Found and cleaned up 2 empty switches in `$paramod$691b52981b4e942476eb5ad909f2594ec838c293\conv1d_large_parallel.$proc$/Users/adarmaori/Desktop/Final$20Project/FPGA/conv1d_large_parallel.v:52$729'.
Removing empty process `$paramod$691b52981b4e942476eb5ad909f2594ec838c293\conv1d_large_parallel.$proc$/Users/adarmaori/Desktop/Final$20Project/FPGA/conv1d_large_parallel.v:52$729'.
Removing empty process `$paramod$691b52981b4e942476eb5ad909f2594ec838c293\conv1d_large_parallel.$proc$/Users/adarmaori/Desktop/Final$20Project/FPGA/conv1d_large_parallel.v:45$632'.
Cleaned up 20 empty switches.

5.3.12. Executing OPT_EXPR pass (perform const folding).
Optimizing module conv1d_large_benchmark_top.
Optimizing module $paramod$691b52981b4e942476eb5ad909f2594ec838c293\conv1d_large_engine.
Optimizing module $paramod$691b52981b4e942476eb5ad909f2594ec838c293\conv1d_large_parallel.
<suppressed ~2 debug messages>

5.4. Executing FLATTEN pass (flatten design).
Deleting now unused module $paramod$691b52981b4e942476eb5ad909f2594ec838c293\conv1d_large_engine.
Deleting now unused module $paramod$691b52981b4e942476eb5ad909f2594ec838c293\conv1d_large_parallel.
<suppressed ~2 debug messages>

5.5. Executing TRIBUF pass.

5.6. Executing DEMINOUT pass (demote inout ports to input or output).

5.7. Executing OPT_EXPR pass (perform const folding).
Optimizing module conv1d_large_benchmark_top.
<suppressed ~79 debug messages>

5.8. Executing OPT_CLEAN pass (remove unused cells and wires).
Finding unused cells or wires in module \conv1d_large_benchmark_top..
Removed 4 unused cells and 197 unused wires.
<suppressed ~12 debug messages>

5.9. Executing CHECK pass (checking for obvious problems).
Checking module conv1d_large_benchmark_top...
Found and reported 0 problems.

5.10. Executing OPT pass (performing simple optimizations).

5.10.1. Executing OPT_EXPR pass (perform const folding).
Optimizing module conv1d_large_benchmark_top.

5.10.2. Executing OPT_MERGE pass (detect identical cells).
Finding identical cells in module `\conv1d_large_benchmark_top'.
Removed a total of 0 cells.

5.10.3. Executing OPT_MUXTREE pass (detect dead branches in mux trees).
Running muxtree optimizer on module \conv1d_large_benchmark_top..
  Creating internal representation of mux trees.
  Evaluating internal representation of mux trees.
  Analyzing evaluation results.
Removed 0 multiplexer ports.
<suppressed ~49 debug messages>

5.10.4. Executing OPT_REDUCE pass (consolidate $*mux and $reduce_* inputs).
  Optimizing cells in module \conv1d_large_benchmark_top.
Performed a total of 0 changes.

5.10.5. Executing OPT_MERGE pass (detect identical cells).
Finding identical cells in module `\conv1d_large_benchmark_top'.
Removed a total of 0 cells.

5.10.6. Executing OPT_DFF pass (perform DFF optimizations).

5.10.7. Executing OPT_CLEAN pass (remove unused cells and wires).
Finding unused cells or wires in module \conv1d_large_benchmark_top..

5.10.8. Executing OPT_EXPR pass (perform const folding).
Optimizing module conv1d_large_benchmark_top.

5.10.9. Finished OPT passes. (There is nothing left to do.)

5.11. Executing FSM pass (extract and optimize FSM).

5.11.1. Executing FSM_DETECT pass (finding FSMs in design).

5.11.2. Executing FSM_EXTRACT pass (extracting FSM from design).

5.11.3. Executing FSM_OPT pass (simple optimizations of FSMs).

5.11.4. Executing OPT_CLEAN pass (remove unused cells and wires).
Finding unused cells or wires in module \conv1d_large_benchmark_top..

5.11.5. Executing FSM_OPT pass (simple optimizations of FSMs).

5.11.6. Executing FSM_RECODE pass (re-assigning FSM state encoding).

5.11.7. Executing FSM_INFO pass (dumping all available information on FSM cells).

5.11.8. Executing FSM_MAP pass (mapping FSMs to basic logic).

5.12. Executing OPT pass (performing simple optimizations).

5.12.1. Executing OPT_EXPR pass (perform const folding).
Optimizing module conv1d_large_benchmark_top.

5.12.2. Executing OPT_MERGE pass (detect identical cells).
Finding identical cells in module `\conv1d_large_benchmark_top'.
Removed a total of 0 cells.

5.12.3. Executing OPT_MUXTREE pass (detect dead branches in mux trees).
Running muxtree optimizer on module \conv1d_large_benchmark_top..
  Creating internal representation of mux trees.
  Evaluating internal representation of mux trees.
  Analyzing evaluation results.
Removed 0 multiplexer ports.
<suppressed ~49 debug messages>

5.12.4. Executing OPT_REDUCE pass (consolidate $*mux and $reduce_* inputs).
  Optimizing cells in module \conv1d_large_benchmark_top.
Performed a total of 0 changes.

5.12.5. Executing OPT_MERGE pass (detect identical cells).
Finding identical cells in module `\conv1d_large_benchmark_top'.
Removed a total of 0 cells.

5.12.6. Executing OPT_DFF pass (perform DFF optimizations).
Adding SRST signal on $flatten\conv.\impl.$procdff$1145 ($dff) from module conv1d_large_benchmark_top (D = $flatten\conv.\impl.$procmux$789_Y, Q = \conv.impl.history[46], rval = 8'00000000).
Adding EN signal on $auto$ff.cc:266:slice$1148 ($sdff) from module conv1d_large_benchmark_top (D = \conv.impl.history[45], Q = \conv.impl.history[46]).
Adding SRST signal on $flatten\conv.\impl.$procdff$1144 ($dff) from module conv1d_large_benchmark_top (D = $flatten\conv.\impl.$procmux$795_Y, Q = \conv.impl.history[45], rval = 8'00000000).
Adding EN signal on $auto$ff.cc:266:slice$1150 ($sdff) from module conv1d_large_benchmark_top (D = \conv.impl.history[44], Q = \conv.impl.history[45]).
Adding SRST signal on $flatten\conv.\impl.$procdff$1143 ($dff) from module conv1d_large_benchmark_top (D = $flatten\conv.\impl.$procmux$801_Y, Q = \conv.impl.history[44], rval = 8'00000000).
Adding EN signal on $auto$ff.cc:266:slice$1152 ($sdff) from module conv1d_large_benchmark_top (D = \conv.impl.history[43], Q = \conv.impl.history[44]).
Adding SRST signal on $flatten\conv.\impl.$procdff$1142 ($dff) from module conv1d_large_benchmark_top (D = $flatten\conv.\impl.$procmux$807_Y, Q = \conv.impl.history[43], rval = 8'00000000).
Adding EN signal on $auto$ff.cc:266:slice$1154 ($sdff) from module conv1d_large_benchmark_top (D = \conv.impl.history[42], Q = \conv.impl.history[43]).
Adding SRST signal on $flatten\conv.\impl.$procdff$1141 ($dff) from module conv1d_large_benchmark_top (D = $flatten\conv.\impl.$procmux$813_Y, Q = \conv.impl.history[42], rval = 8'00000000).
Adding EN signal on $auto$ff.cc:266:slice$1156 ($sdff) from module conv1d_large_benchmark_top (D = \conv.impl.history[41], Q = \conv.impl.history[42]).
Adding SRST signal on $flatten\conv.\impl.$procdff$1140 ($dff) from module conv1d_large_benchmark_top (D = $flatten\conv.\impl.$procmux$819_Y, Q = \conv.impl.history[41], rval = 8'00000000).
Adding EN signal on $auto$ff.cc:266:slice$1158 ($sdff) from module conv1d_large_benchmark_top (D = \conv.impl.history[40], Q = \conv.impl.history[41]).
Adding SRST signal on $flatten\conv.\impl.$procdff$1139 ($dff) from module conv1d_large_benchmark_top (D = $flatten\conv.\impl.$procmux$825_Y, Q = \conv.impl.history[40], rval = 8'00000000).
Adding EN signal on $auto$ff.cc:266:slice$1160 ($sdff) from module conv1d_large_benchmark_top (D = \conv.impl.history[39], Q = \conv.impl.history[40]).
Adding SRST signal on $flatten\conv.\impl.$procdff$1138 ($dff) from module conv1d_large_benchmark_top (D = $flatten\conv.\impl.$procmux$831_Y, Q = \conv.impl.history[39], rval = 8'00000000).
Adding EN signal on $auto$ff.cc:266:slice$1162 ($sdff) from module conv1d_large_benchmark_top (D = \conv.impl.history[38], Q = \conv.impl.history[39]).
Adding SRST signal on $flatten\conv.\impl.$procdff$1137 ($dff) from module conv1d_large_benchmark_top (D = $flatten\conv.\impl.$procmux$837_Y, Q = \conv.impl.history[38], rval = 8'00000000).
Adding EN signal on $auto$ff.cc:266:slice$1164 ($sdff) from module conv1d_large_benchmark_top (D = \conv.impl.history[37], Q = \conv.impl.history[38]).
Adding SRST signal on $flatten\conv.\impl.$procdff$1136 ($dff) from module conv1d_large_benchmark_top (D = $flatten\conv.\impl.$procmux$843_Y, Q = \conv.impl.history[37], rval = 8'00000000).
Adding EN signal on $auto$ff.cc:266:slice$1166 ($sdff) from module conv1d_large_benchmark_top (D = \conv.impl.history[36], Q = \conv.impl.history[37]).
Adding SRST signal on $flatten\conv.\impl.$procdff$1135 ($dff) from module conv1d_large_benchmark_top (D = $flatten\conv.\impl.$procmux$849_Y, Q = \conv.impl.history[36], rval = 8'00000000).
Adding EN signal on $auto$ff.cc:266:slice$1168 ($sdff) from module conv1d_large_benchmark_top (D = \conv.impl.history[35], Q = \conv.impl.history[36]).
Adding SRST signal on $flatten\conv.\impl.$procdff$1134 ($dff) from module conv1d_large_benchmark_top (D = $flatten\conv.\impl.$procmux$855_Y, Q = \conv.impl.history[35], rval = 8'00000000).
Adding EN signal on $auto$ff.cc:266:slice$1170 ($sdff) from module conv1d_large_benchmark_top (D = \conv.impl.history[34], Q = \conv.impl.history[35]).
Adding SRST signal on $flatten\conv.\impl.$procdff$1133 ($dff) from module conv1d_large_benchmark_top (D = $flatten\conv.\impl.$procmux$861_Y, Q = \conv.impl.history[34], rval = 8'00000000).
Adding EN signal on $auto$ff.cc:266:slice$1172 ($sdff) from module conv1d_large_benchmark_top (D = \conv.impl.history[33], Q = \conv.impl.history[34]).
Adding SRST signal on $flatten\conv.\impl.$procdff$1132 ($dff) from module conv1d_large_benchmark_top (D = $flatten\conv.\impl.$procmux$867_Y, Q = \conv.impl.history[33], rval = 8'00000000).
Adding EN signal on $auto$ff.cc:266:slice$1174 ($sdff) from module conv1d_large_benchmark_top (D = \conv.impl.history[32], Q = \conv.impl.history[33]).
Adding SRST signal on $flatten\conv.\impl.$procdff$1131 ($dff) from module conv1d_large_benchmark_top (D = $flatten\conv.\impl.$procmux$873_Y, Q = \conv.impl.history[32], rval = 8'00000000).
Adding EN signal on $auto$ff.cc:266:slice$1176 ($sdff) from module conv1d_large_benchmark_top (D = \conv.impl.history[31], Q = \conv.impl.history[32]).
Adding SRST signal on $flatten\conv.\impl.$procdff$1130 ($dff) from module conv1d_large_benchmark_top (D = $flatten\conv.\impl.$procmux$879_Y, Q = \conv.impl.history[31], rval = 8'00000000).
Adding EN signal on $auto$ff.cc:266:slice$1178 ($sdff) from module conv1d_large_benchmark_top (D = \conv.impl.history[30], Q = \conv.impl.history[31]).
Adding SRST signal on $flatten\conv.\impl.$procdff$1129 ($dff) from module conv1d_large_benchmark_top (D = $flatten\conv.\impl.$procmux$885_Y, Q = \conv.impl.history[30], rval = 8'00000000).
Adding EN signal on $auto$ff.cc:266:slice$1180 ($sdff) from module conv1d_large_benchmark_top (D = \conv.impl.history[29], Q = \conv.impl.history[30]).
Adding SRST signal on $flatten\conv.\impl.$procdff$1128 ($dff) from module conv1d_large_benchmark_top (D = $flatten\conv.\impl.$procmux$891_Y, Q = \conv.impl.history[29], rval = 8'00000000).
Adding EN signal on $auto$ff.cc:266:slice$1182 ($sdff) from module conv1d_large_benchmark_top (D = \conv.impl.history[28], Q = \conv.impl.history[29]).
Adding SRST signal on $flatten\conv.\impl.$procdff$1127 ($dff) from module conv1d_large_benchmark_top (D = $flatten\conv.\impl.$procmux$897_Y, Q = \conv.impl.history[28], rval = 8'00000000).
Adding EN signal on $auto$ff.cc:266:slice$1184 ($sdff) from module conv1d_large_benchmark_top (D = \conv.impl.history[27], Q = \conv.impl.history[28]).
Adding SRST signal on $flatten\conv.\impl.$procdff$1126 ($dff) from module conv1d_large_benchmark_top (D = $flatten\conv.\impl.$procmux$903_Y, Q = \conv.impl.history[27], rval = 8'00000000).
Adding EN signal on $auto$ff.cc:266:slice$1186 ($sdff) from module conv1d_large_benchmark_top (D = \conv.impl.history[26], Q = \conv.impl.history[27]).
Adding SRST signal on $flatten\conv.\impl.$procdff$1125 ($dff) from module conv1d_large_benchmark_top (D = $flatten\conv.\impl.$procmux$909_Y, Q = \conv.impl.history[26], rval = 8'00000000).
Adding EN signal on $auto$ff.cc:266:slice$1188 ($sdff) from module conv1d_large_benchmark_top (D = \conv.impl.history[25], Q = \conv.impl.history[26]).
Adding SRST signal on $flatten\conv.\impl.$procdff$1124 ($dff) from module conv1d_large_benchmark_top (D = $flatten\conv.\impl.$procmux$915_Y, Q = \conv.impl.history[25], rval = 8'00000000).
Adding EN signal on $auto$ff.cc:266:slice$1190 ($sdff) from module conv1d_large_benchmark_top (D = \conv.impl.history[24], Q = \conv.impl.history[25]).
Adding SRST signal on $flatten\conv.\impl.$procdff$1123 ($dff) from module conv1d_large_benchmark_top (D = $flatten\conv.\impl.$procmux$921_Y, Q = \conv.impl.history[24], rval = 8'00000000).
Adding EN signal on $auto$ff.cc:266:slice$1192 ($sdff) from module conv1d_large_benchmark_top (D = \conv.impl.history[23], Q = \conv.impl.history[24]).
Adding SRST signal on $flatten\conv.\impl.$procdff$1122 ($dff) from module conv1d_large_benchmark_top (D = $flatten\conv.\impl.$procmux$927_Y, Q = \conv.impl.history[23], rval = 8'00000000).
Adding EN signal on $auto$ff.cc:266:slice$1194 ($sdff) from module conv1d_large_benchmark_top (D = \conv.impl.history[22], Q = \conv.impl.history[23]).
Adding SRST signal on $flatten\conv.\impl.$procdff$1121 ($dff) from module conv1d_large_benchmark_top (D = $flatten\conv.\impl.$procmux$933_Y, Q = \conv.impl.history[22], rval = 8'00000000).
Adding EN signal on $auto$ff.cc:266:slice$1196 ($sdff) from module conv1d_large_benchmark_top (D = \conv.impl.history[21], Q = \conv.impl.history[22]).
Adding SRST signal on $flatten\conv.\impl.$procdff$1120 ($dff) from module conv1d_large_benchmark_top (D = $flatten\conv.\impl.$procmux$939_Y, Q = \conv.impl.history[21], rval = 8'00000000).
Adding EN signal on $auto$ff.cc:266:slice$1198 ($sdff) from module conv1d_large_benchmark_top (D = \conv.impl.history[20], Q = \conv.impl.history[21]).
Adding SRST signal on $flatten\conv.\impl.$procdff$1119 ($dff) from module conv1d_large_benchmark_top (D = $flatten\conv.\impl.$procmux$945_Y, Q = \conv.impl.history[20], rval = 8'00000000).
Adding EN signal on $auto$ff.cc:266:slice$1200 ($sdff) from module conv1d_large_benchmark_top (D = \conv.impl.history[19], Q = \conv.impl.history[20]).
Adding SRST signal on $flatten\conv.\impl.$procdff$1118 ($dff) from module conv1d_large_benchmark_top (D = $flatten\conv.\impl.$procmux$951_Y, Q = \conv.impl.history[19], rval = 8'00000000).
Adding EN signal on $auto$ff.cc:266:slice$1202 ($sdff) from module conv1d_large_benchmark_top (D = \conv.impl.history[18], Q = \conv.impl.history[19]).
Adding SRST signal on $flatten\conv.\impl.$procdff$1117 ($dff) from module conv1d_large_benchmark_top (D = $flatten\conv.\impl.$procmux$957_Y, Q = \conv.impl.history[18], rval = 8'00000000).
Adding EN signal on $auto$ff.cc:266:slice$1204 ($sdff) from module conv1d_large_benchmark_top (D = \conv.impl.history[17], Q = \conv.impl.history[18]).
Adding SRST signal on $flatten\conv.\impl.$procdff$1116 ($dff) from module conv1d_large_benchmark_top (D = $flatten\conv.\impl.$procmux$963_Y, Q = \conv.impl.history[17], rval = 8'00000000).
Adding EN signal on $auto$ff.cc:266:slice$1206 ($sdff) from module conv1d_large_benchmark_top (D = \conv.impl.history[16], Q = \conv.impl.history[17]).
Adding SRST signal on $flatten\conv.\impl.$procdff$1115 ($dff) from module conv1d_large_benchmark_top (D = $flatten\conv.\impl.$procmux$969_Y, Q = \conv.impl.history[16], rval = 8'00000000).
Adding EN signal on $auto$ff.cc:266:slice$1208 ($sdff) from module conv1d_large_benchmark_top (D = \conv.impl.history[15], Q = \conv.impl.history[16]).
Adding SRST signal on $flatten\conv.\impl.$procdff$1114 ($dff) from module conv1d_large_benchmark_top (D = $flatten\conv.\impl.$procmux$975_Y, Q = \conv.impl.history[15], rval = 8'00000000).
Adding EN signal on $auto$ff.cc:266:slice$1210 ($sdff) from module conv1d_large_benchmark_top (D = \conv.impl.history[14], Q = \conv.impl.history[15]).
Adding SRST signal on $flatten\conv.\impl.$procdff$1113 ($dff) from module conv1d_large_benchmark_top (D = $flatten\conv.\impl.$procmux$981_Y, Q = \conv.impl.history[14], rval = 8'00000000).
Adding EN signal on $auto$ff.cc:266:slice$1212 ($sdff) from module conv1d_large_benchmark_top (D = \conv.impl.history[13], Q = \conv.impl.history[14]).
Adding SRST signal on $flatten\conv.\impl.$procdff$1112 ($dff) from module conv1d_large_benchmark_top (D = $flatten\conv.\impl.$procmux$987_Y, Q = \conv.impl.history[13], rval = 8'00000000).
Adding EN signal on $auto$ff.cc:266:slice$1214 ($sdff) from module conv1d_large_benchmark_top (D = \conv.impl.history[12], Q = \conv.impl.history[13]).
Adding SRST signal on $flatten\conv.\impl.$procdff$1111 ($dff) from module conv1d_large_benchmark_top (D = $flatten\conv.\impl.$procmux$993_Y, Q = \conv.impl.history[12], rval = 8'00000000).
Adding EN signal on $auto$ff.cc:266:slice$1216 ($sdff) from module conv1d_large_benchmark_top (D = \conv.impl.history[11], Q = \conv.impl.history[12]).
Adding SRST signal on $flatten\conv.\impl.$procdff$1110 ($dff) from module conv1d_large_benchmark_top (D = $flatten\conv.\impl.$procmux$999_Y, Q = \conv.impl.history[11], rval = 8'00000000).
Adding EN signal on $auto$ff.cc:266:slice$1218 ($sdff) from module conv1d_large_benchmark_top (D = \conv.impl.history[10], Q = \conv.impl.history[11]).
Adding SRST signal on $flatten\conv.\impl.$procdff$1109 ($dff) from module conv1d_large_benchmark_top (D = $flatten\conv.\impl.$procmux$1005_Y, Q = \conv.impl.history[10], rval = 8'00000000).
Adding EN signal on $auto$ff.cc:266:slice$1220 ($sdff) from module conv1d_large_benchmark_top (D = \conv.impl.history[9], Q = \conv.impl.history[10]).
Adding SRST signal on $flatten\conv.\impl.$procdff$1108 ($dff) from module conv1d_large_benchmark_top (D = $flatten\conv.\impl.$procmux$1011_Y, Q = \conv.impl.history[9], rval = 8'00000000).
Adding EN signal on $auto$ff.cc:266:slice$1222 ($sdff) from module conv1d_large_benchmark_top (D = \conv.impl.history[8], Q = \conv.impl.history[9]).
Adding SRST signal on $flatten\conv.\impl.$procdff$1107 ($dff) from module conv1d_large_benchmark_top (D = $flatten\conv.\impl.$procmux$1017_Y, Q = \conv.impl.history[8], rval = 8'00000000).
Adding EN signal on $auto$ff.cc:266:slice$1224 ($sdff) from module conv1d_large_benchmark_top (D = \conv.impl.history[7], Q = \conv.impl.history[8]).
Adding SRST signal on $flatten\conv.\impl.$procdff$1106 ($dff) from module conv1d_large_benchmark_top (D = $flatten\conv.\impl.$procmux$1023_Y, Q = \conv.impl.history[7], rval = 8'00000000).
Adding EN signal on $auto$ff.cc:266:slice$1226 ($sdff) from module conv1d_large_benchmark_top (D = \conv.impl.history[6], Q = \conv.impl.history[7]).
Adding SRST signal on $flatten\conv.\impl.$procdff$1105 ($dff) from module conv1d_large_benchmark_top (D = $flatten\conv.\impl.$procmux$1029_Y, Q = \conv.impl.history[6], rval = 8'00000000).
Adding EN signal on $auto$ff.cc:266:slice$1228 ($sdff) from module conv1d_large_benchmark_top (D = \conv.impl.history[5], Q = \conv.impl.history[6]).
Adding SRST signal on $flatten\conv.\impl.$procdff$1104 ($dff) from module conv1d_large_benchmark_top (D = $flatten\conv.\impl.$procmux$1035_Y, Q = \conv.impl.history[5], rval = 8'00000000).
Adding EN signal on $auto$ff.cc:266:slice$1230 ($sdff) from module conv1d_large_benchmark_top (D = \conv.impl.history[4], Q = \conv.impl.history[5]).
Adding SRST signal on $flatten\conv.\impl.$procdff$1103 ($dff) from module conv1d_large_benchmark_top (D = $flatten\conv.\impl.$procmux$1041_Y, Q = \conv.impl.history[4], rval = 8'00000000).
Adding EN signal on $auto$ff.cc:266:slice$1232 ($sdff) from module conv1d_large_benchmark_top (D = \conv.impl.history[3], Q = \conv.impl.history[4]).
Adding SRST signal on $flatten\conv.\impl.$procdff$1102 ($dff) from module conv1d_large_benchmark_top (D = $flatten\conv.\impl.$procmux$1047_Y, Q = \conv.impl.history[3], rval = 8'00000000).
Adding EN signal on $auto$ff.cc:266:slice$1234 ($sdff) from module conv1d_large_benchmark_top (D = \conv.impl.history[2], Q = \conv.impl.history[3]).
Adding SRST signal on $flatten\conv.\impl.$procdff$1101 ($dff) from module conv1d_large_benchmark_top (D = $flatten\conv.\impl.$procmux$1053_Y, Q = \conv.impl.history[2], rval = 8'00000000).
Adding EN signal on $auto$ff.cc:266:slice$1236 ($sdff) from module conv1d_large_benchmark_top (D = \conv.impl.history[1], Q = \conv.impl.history[2]).
Adding SRST signal on $flatten\conv.\impl.$procdff$1100 ($dff) from module conv1d_large_benchmark_top (D = $flatten\conv.\impl.$procmux$1059_Y, Q = \conv.impl.history[1], rval = 8'00000000).
Adding EN signal on $auto$ff.cc:266:slice$1238 ($sdff) from module conv1d_large_benchmark_top (D = \conv.impl.history[0], Q = \conv.impl.history[1]).
Adding SRST signal on $flatten\conv.\impl.$procdff$1099 ($dff) from module conv1d_large_benchmark_top (D = $flatten\conv.\impl.$procmux$1065_Y, Q = \conv.impl.history[0], rval = 8'00000000).
Adding EN signal on $auto$ff.cc:266:slice$1240 ($sdff) from module conv1d_large_benchmark_top (D = \sample_in, Q = \conv.impl.history[0]).
Adding SRST signal on $flatten\conv.\impl.$procdff$1097 ($dff) from module conv1d_large_benchmark_top (D = $flatten\conv.\impl.$procmux$1071_Y, Q = \conv.impl.sample_out, rval = 0).
Adding EN signal on $auto$ff.cc:266:slice$1242 ($sdff) from module conv1d_large_benchmark_top (D = \conv.impl.conv_sum, Q = \conv.impl.sample_out).
Adding SRST signal on $flatten\conv.\impl.$procdff$1096 ($dff) from module conv1d_large_benchmark_top (D = \sample_valid, Q = \conv.impl.output_valid, rval = 1'0).

5.12.7. Executing OPT_CLEAN pass (remove unused cells and wires).
Finding unused cells or wires in module \conv1d_large_benchmark_top..
Removed 97 unused cells and 97 unused wires.
<suppressed ~98 debug messages>

5.12.8. Executing OPT_EXPR pass (perform const folding).
Optimizing module conv1d_large_benchmark_top.

5.12.9. Rerunning OPT passes. (Maybe there is more to do..)

5.12.10. Executing OPT_MUXTREE pass (detect dead branches in mux trees).
Running muxtree optimizer on module \conv1d_large_benchmark_top..
  Creating internal representation of mux trees.
  No muxes found in this module.
Removed 0 multiplexer ports.

5.12.11. Executing OPT_REDUCE pass (consolidate $*mux and $reduce_* inputs).
  Optimizing cells in module \conv1d_large_benchmark_top.
Performed a total of 0 changes.

5.12.12. Executing OPT_MERGE pass (detect identical cells).
Finding identical cells in module `\conv1d_large_benchmark_top'.
Removed a total of 0 cells.

5.12.13. Executing OPT_DFF pass (perform DFF optimizations).

5.12.14. Executing OPT_CLEAN pass (remove unused cells and wires).
Finding unused cells or wires in module \conv1d_large_benchmark_top..

5.12.15. Executing OPT_EXPR pass (perform const folding).
Optimizing module conv1d_large_benchmark_top.

5.12.16. Finished OPT passes. (There is nothing left to do.)

5.13. Executing WREDUCE pass (reducing word size of cells).
Removed top 23 bits (of 32) from port A of cell conv1d_large_benchmark_top.$flatten\conv.\impl.$add$/Users/adarmaori/Desktop/Final$20Project/FPGA/conv1d_large_parallel.v:48$636 ($add).
Removed top 5 bits (of 8) from port B of cell conv1d_large_benchmark_top.$flatten\conv.\impl.$mul$/Users/adarmaori/Desktop/Final$20Project/FPGA/conv1d_large_parallel.v:48$637 ($mul).
Removed top 21 bits (of 32) from port Y of cell conv1d_large_benchmark_top.$flatten\conv.\impl.$mul$/Users/adarmaori/Desktop/Final$20Project/FPGA/conv1d_large_parallel.v:48$637 ($mul).
Removed top 21 bits (of 32) from port B of cell conv1d_large_benchmark_top.$flatten\conv.\impl.$add$/Users/adarmaori/Desktop/Final$20Project/FPGA/conv1d_large_parallel.v:48$638 ($add).
Removed top 24 bits (of 32) from port B of cell conv1d_large_benchmark_top.$flatten\conv.\impl.$add$/Users/adarmaori/Desktop/Final$20Project/FPGA/conv1d_large_parallel.v:48$642 ($add).
Removed top 24 bits (of 32) from port B of cell conv1d_large_benchmark_top.$flatten\conv.\impl.$add$/Users/adarmaori/Desktop/Final$20Project/FPGA/conv1d_large_parallel.v:48$646 ($add).
Removed top 23 bits (of 32) from port B of cell conv1d_large_benchmark_top.$flatten\conv.\impl.$add$/Users/adarmaori/Desktop/Final$20Project/FPGA/conv1d_large_parallel.v:48$648 ($add).
Removed top 23 bits (of 32) from port B of cell conv1d_large_benchmark_top.$flatten\conv.\impl.$add$/Users/adarmaori/Desktop/Final$20Project/FPGA/conv1d_large_parallel.v:48$650 ($add).
Removed top 5 bits (of 8) from port B of cell conv1d_large_benchmark_top.$flatten\conv.\impl.$mul$/Users/adarmaori/Desktop/Final$20Project/FPGA/conv1d_large_parallel.v:48$653 ($mul).
Removed top 21 bits (of 32) from port Y of cell conv1d_large_benchmark_top.$flatten\conv.\impl.$mul$/Users/adarmaori/Desktop/Final$20Project/FPGA/conv1d_large_parallel.v:48$653 ($mul).
Removed top 21 bits (of 32) from port B of cell conv1d_large_benchmark_top.$flatten\conv.\impl.$add$/Users/adarmaori/Desktop/Final$20Project/FPGA/conv1d_large_parallel.v:48$654 ($add).
Removed top 24 bits (of 32) from port B of cell conv1d_large_benchmark_top.$flatten\conv.\impl.$add$/Users/adarmaori/Desktop/Final$20Project/FPGA/conv1d_large_parallel.v:48$658 ($add).
Removed top 24 bits (of 32) from port B of cell conv1d_large_benchmark_top.$flatten\conv.\impl.$add$/Users/adarmaori/Desktop/Final$20Project/FPGA/conv1d_large_parallel.v:48$662 ($add).
Removed top 23 bits (of 32) from port B of cell conv1d_large_benchmark_top.$flatten\conv.\impl.$add$/Users/adarmaori/Desktop/Final$20Project/FPGA/conv1d_large_parallel.v:48$664 ($add).
Removed top 23 bits (of 32) from port B of cell conv1d_large_benchmark_top.$flatten\conv.\impl.$add$/Users/adarmaori/Desktop/Final$20Project/FPGA/conv1d_large_parallel.v:48$666 ($add).
Removed top 5 bits (of 8) from port B of cell conv1d_large_benchmark_top.$flatten\conv.\impl.$mul$/Users/adarmaori/Desktop/Final$20Project/FPGA/conv1d_large_parallel.v:48$669 ($mul).
Removed top 21 bits (of 32) from port Y of cell conv1d_large_benchmark_top.$flatten\conv.\impl.$mul$/Users/adarmaori/Desktop/Final$20Project/FPGA/conv1d_large_parallel.v:48$669 ($mul).
Removed top 21 bits (of 32) from port B of cell conv1d_large_benchmark_top.$flatten\conv.\impl.$add$/Users/adarmaori/Desktop/Final$20Project/FPGA/conv1d_large_parallel.v:48$670 ($add).
Removed top 24 bits (of 32) from port B of cell conv1d_large_benchmark_top.$flatten\conv.\impl.$add$/Users/adarmaori/Desktop/Final$20Project/FPGA/conv1d_large_parallel.v:48$674 ($add).
Removed top 24 bits (of 32) from port B of cell conv1d_large_benchmark_top.$flatten\conv.\impl.$add$/Users/adarmaori/Desktop/Final$20Project/FPGA/conv1d_large_parallel.v:48$678 ($add).
Removed top 23 bits (of 32) from port B of cell conv1d_large_benchmark_top.$flatten\conv.\impl.$add$/Users/adarmaori/Desktop/Final$20Project/FPGA/conv1d_large_parallel.v:48$680 ($add).
Removed top 23 bits (of 32) from port B of cell conv1d_large_benchmark_top.$flatten\conv.\impl.$add$/Users/adarmaori/Desktop/Final$20Project/FPGA/conv1d_large_parallel.v:48$682 ($add).
Removed top 5 bits (of 8) from port B of cell conv1d_large_benchmark_top.$flatten\conv.\impl.$mul$/Users/adarmaori/Desktop/Final$20Project/FPGA/conv1d_large_parallel.v:48$685 ($mul).
Removed top 21 bits (of 32) from port Y of cell conv1d_large_benchmark_top.$flatten\conv.\impl.$mul$/Users/adarmaori/Desktop/Final$20Project/FPGA/conv1d_large_parallel.v:48$685 ($mul).
Removed top 21 bits (of 32) from port B of cell conv1d_large_benchmark_top.$flatten\conv.\impl.$add$/Users/adarmaori/Desktop/Final$20Project/FPGA/conv1d_large_parallel.v:48$686 ($add).
Removed top 24 bits (of 32) from port B of cell conv1d_large_benchmark_top.$flatten\conv.\impl.$add$/Users/adarmaori/Desktop/Final$20Project/FPGA/conv1d_large_parallel.v:48$690 ($add).
Removed top 24 bits (of 32) from port B of cell conv1d_large_benchmark_top.$flatten\conv.\impl.$add$/Users/adarmaori/Desktop/Final$20Project/FPGA/conv1d_large_parallel.v:48$694 ($add).
Removed top 23 bits (of 32) from port B of cell conv1d_large_benchmark_top.$flatten\conv.\impl.$add$/Users/adarmaori/Desktop/Final$20Project/FPGA/conv1d_large_parallel.v:48$696 ($add).
Removed top 23 bits (of 32) from port B of cell conv1d_large_benchmark_top.$flatten\conv.\impl.$add$/Users/adarmaori/Desktop/Final$20Project/FPGA/conv1d_large_parallel.v:48$698 ($add).
Removed top 5 bits (of 8) from port B of cell conv1d_large_benchmark_top.$flatten\conv.\impl.$mul$/Users/adarmaori/Desktop/Final$20Project/FPGA/conv1d_large_parallel.v:48$701 ($mul).
Removed top 21 bits (of 32) from port Y of cell conv1d_large_benchmark_top.$flatten\conv.\impl.$mul$/Users/adarmaori/Desktop/Final$20Project/FPGA/conv1d_large_parallel.v:48$701 ($mul).
Removed top 21 bits (of 32) from port B of cell conv1d_large_benchmark_top.$flatten\conv.\impl.$add$/Users/adarmaori/Desktop/Final$20Project/FPGA/conv1d_large_parallel.v:48$702 ($add).
Removed top 24 bits (of 32) from port B of cell conv1d_large_benchmark_top.$flatten\conv.\impl.$add$/Users/adarmaori/Desktop/Final$20Project/FPGA/conv1d_large_parallel.v:48$706 ($add).
Removed top 24 bits (of 32) from port B of cell conv1d_large_benchmark_top.$flatten\conv.\impl.$add$/Users/adarmaori/Desktop/Final$20Project/FPGA/conv1d_large_parallel.v:48$710 ($add).
Removed top 23 bits (of 32) from port B of cell conv1d_large_benchmark_top.$flatten\conv.\impl.$add$/Users/adarmaori/Desktop/Final$20Project/FPGA/conv1d_large_parallel.v:48$712 ($add).
Removed top 23 bits (of 32) from port B of cell conv1d_large_benchmark_top.$flatten\conv.\impl.$add$/Users/adarmaori/Desktop/Final$20Project/FPGA/conv1d_large_parallel.v:48$714 ($add).
Removed top 5 bits (of 8) from port B of cell conv1d_large_benchmark_top.$flatten\conv.\impl.$mul$/Users/adarmaori/Desktop/Final$20Project/FPGA/conv1d_large_parallel.v:48$717 ($mul).
Removed top 21 bits (of 32) from port Y of cell conv1d_large_benchmark_top.$flatten\conv.\impl.$mul$/Users/adarmaori/Desktop/Final$20Project/FPGA/conv1d_large_parallel.v:48$717 ($mul).
Removed top 21 bits (of 32) from port B of cell conv1d_large_benchmark_top.$flatten\conv.\impl.$add$/Users/adarmaori/Desktop/Final$20Project/FPGA/conv1d_large_parallel.v:48$718 ($add).
Removed top 24 bits (of 32) from port B of cell conv1d_large_benchmark_top.$flatten\conv.\impl.$add$/Users/adarmaori/Desktop/Final$20Project/FPGA/conv1d_large_parallel.v:48$722 ($add).
Removed top 24 bits (of 32) from port B of cell conv1d_large_benchmark_top.$flatten\conv.\impl.$add$/Users/adarmaori/Desktop/Final$20Project/FPGA/conv1d_large_parallel.v:48$726 ($add).
Removed top 23 bits (of 32) from port B of cell conv1d_large_benchmark_top.$flatten\conv.\impl.$add$/Users/adarmaori/Desktop/Final$20Project/FPGA/conv1d_large_parallel.v:48$728 ($add).

5.14. Executing PEEPOPT pass (run peephole optimizers).

5.15. Executing OPT_CLEAN pass (remove unused cells and wires).
Finding unused cells or wires in module \conv1d_large_benchmark_top..

5.16. Executing SHARE pass (SAT-based resource sharing).

5.17. Executing TECHMAP pass (map to technology primitives).

5.17.1. Executing Verilog-2005 frontend: /opt/homebrew/bin/../share/yosys/cmp2lut.v
Parsing Verilog input from `/opt/homebrew/bin/../share/yosys/cmp2lut.v' to AST representation.
Generating RTLIL representation for module `\_90_lut_cmp_'.
Successfully finished Verilog frontend.

5.17.2. Continuing TECHMAP pass.
No more expansions possible.
<suppressed ~6 debug messages>

5.18. Executing OPT_EXPR pass (perform const folding).
Optimizing module conv1d_large_benchmark_top.

5.19. Executing OPT_CLEAN pass (remove unused cells and wires).
Finding unused cells or wires in module \conv1d_large_benchmark_top..

5.20. Executing ALUMACC pass (create $alu and $macc cells).
Extracting $alu and $macc cells in module conv1d_large_benchmark_top:
  creating $macc model for $flatten\conv.\impl.$add$/Users/adarmaori/Desktop/Final$20Project/FPGA/conv1d_large_parallel.v:48$636 ($add).
  creating $macc model for $flatten\conv.\impl.$add$/Users/adarmaori/Desktop/Final$20Project/FPGA/conv1d_large_parallel.v:48$638 ($add).
  creating $macc model for $flatten\conv.\impl.$add$/Users/adarmaori/Desktop/Final$20Project/FPGA/conv1d_large_parallel.v:48$642 ($add).
  creating $macc model for $flatten\conv.\impl.$add$/Users/adarmaori/Desktop/Final$20Project/FPGA/conv1d_large_parallel.v:48$644 ($add).
  creating $macc model for $flatten\conv.\impl.$add$/Users/adarmaori/Desktop/Final$20Project/FPGA/conv1d_large_parallel.v:48$646 ($add).
  creating $macc model for $flatten\conv.\impl.$add$/Users/adarmaori/Desktop/Final$20Project/FPGA/conv1d_large_parallel.v:48$648 ($add).
  creating $macc model for $flatten\conv.\impl.$add$/Users/adarmaori/Desktop/Final$20Project/FPGA/conv1d_large_parallel.v:48$650 ($add).
  creating $macc model for $flatten\conv.\impl.$add$/Users/adarmaori/Desktop/Final$20Project/FPGA/conv1d_large_parallel.v:48$652 ($add).
  creating $macc model for $flatten\conv.\impl.$add$/Users/adarmaori/Desktop/Final$20Project/FPGA/conv1d_large_parallel.v:48$654 ($add).
  creating $macc model for $flatten\conv.\impl.$add$/Users/adarmaori/Desktop/Final$20Project/FPGA/conv1d_large_parallel.v:48$658 ($add).
  creating $macc model for $flatten\conv.\impl.$add$/Users/adarmaori/Desktop/Final$20Project/FPGA/conv1d_large_parallel.v:48$660 ($add).
  creating $macc model for $flatten\conv.\impl.$add$/Users/adarmaori/Desktop/Final$20Project/FPGA/conv1d_large_parallel.v:48$662 ($add).
  creating $macc model for $flatten\conv.\impl.$add$/Users/adarmaori/Desktop/Final$20Project/FPGA/conv1d_large_parallel.v:48$664 ($add).
  creating $macc model for $flatten\conv.\impl.$add$/Users/adarmaori/Desktop/Final$20Project/FPGA/conv1d_large_parallel.v:48$666 ($add).
  creating $macc model for $flatten\conv.\impl.$add$/Users/adarmaori/Desktop/Final$20Project/FPGA/conv1d_large_parallel.v:48$668 ($add).
  creating $macc model for $flatten\conv.\impl.$add$/Users/adarmaori/Desktop/Final$20Project/FPGA/conv1d_large_parallel.v:48$670 ($add).
  creating $macc model for $flatten\conv.\impl.$add$/Users/adarmaori/Desktop/Final$20Project/FPGA/conv1d_large_parallel.v:48$674 ($add).
  creating $macc model for $flatten\conv.\impl.$add$/Users/adarmaori/Desktop/Final$20Project/FPGA/conv1d_large_parallel.v:48$676 ($add).
  creating $macc model for $flatten\conv.\impl.$add$/Users/adarmaori/Desktop/Final$20Project/FPGA/conv1d_large_parallel.v:48$678 ($add).
  creating $macc model for $flatten\conv.\impl.$add$/Users/adarmaori/Desktop/Final$20Project/FPGA/conv1d_large_parallel.v:48$680 ($add).
  creating $macc model for $flatten\conv.\impl.$add$/Users/adarmaori/Desktop/Final$20Project/FPGA/conv1d_large_parallel.v:48$682 ($add).
  creating $macc model for $flatten\conv.\impl.$add$/Users/adarmaori/Desktop/Final$20Project/FPGA/conv1d_large_parallel.v:48$684 ($add).
  creating $macc model for $flatten\conv.\impl.$add$/Users/adarmaori/Desktop/Final$20Project/FPGA/conv1d_large_parallel.v:48$686 ($add).
  creating $macc model for $flatten\conv.\impl.$add$/Users/adarmaori/Desktop/Final$20Project/FPGA/conv1d_large_parallel.v:48$690 ($add).
  creating $macc model for $flatten\conv.\impl.$add$/Users/adarmaori/Desktop/Final$20Project/FPGA/conv1d_large_parallel.v:48$692 ($add).
  creating $macc model for $flatten\conv.\impl.$add$/Users/adarmaori/Desktop/Final$20Project/FPGA/conv1d_large_parallel.v:48$694 ($add).
  creating $macc model for $flatten\conv.\impl.$add$/Users/adarmaori/Desktop/Final$20Project/FPGA/conv1d_large_parallel.v:48$696 ($add).
  creating $macc model for $flatten\conv.\impl.$add$/Users/adarmaori/Desktop/Final$20Project/FPGA/conv1d_large_parallel.v:48$698 ($add).
  creating $macc model for $flatten\conv.\impl.$add$/Users/adarmaori/Desktop/Final$20Project/FPGA/conv1d_large_parallel.v:48$700 ($add).
  creating $macc model for $flatten\conv.\impl.$add$/Users/adarmaori/Desktop/Final$20Project/FPGA/conv1d_large_parallel.v:48$702 ($add).
  creating $macc model for $flatten\conv.\impl.$add$/Users/adarmaori/Desktop/Final$20Project/FPGA/conv1d_large_parallel.v:48$706 ($add).
  creating $macc model for $flatten\conv.\impl.$add$/Users/adarmaori/Desktop/Final$20Project/FPGA/conv1d_large_parallel.v:48$708 ($add).
  creating $macc model for $flatten\conv.\impl.$add$/Users/adarmaori/Desktop/Final$20Project/FPGA/conv1d_large_parallel.v:48$710 ($add).
  creating $macc model for $flatten\conv.\impl.$add$/Users/adarmaori/Desktop/Final$20Project/FPGA/conv1d_large_parallel.v:48$712 ($add).
  creating $macc model for $flatten\conv.\impl.$add$/Users/adarmaori/Desktop/Final$20Project/FPGA/conv1d_large_parallel.v:48$714 ($add).
  creating $macc model for $flatten\conv.\impl.$add$/Users/adarmaori/Desktop/Final$20Project/FPGA/conv1d_large_parallel.v:48$716 ($add).
  creating $macc model for $flatten\conv.\impl.$add$/Users/adarmaori/Desktop/Final$20Project/FPGA/conv1d_large_parallel.v:48$718 ($add).
  creating $macc model for $flatten\conv.\impl.$add$/Users/adarmaori/Desktop/Final$20Project/FPGA/conv1d_large_parallel.v:48$722 ($add).
  creating $macc model for $flatten\conv.\impl.$add$/Users/adarmaori/Desktop/Final$20Project/FPGA/conv1d_large_parallel.v:48$724 ($add).
  creating $macc model for $flatten\conv.\impl.$add$/Users/adarmaori/Desktop/Final$20Project/FPGA/conv1d_large_parallel.v:48$726 ($add).
  creating $macc model for $flatten\conv.\impl.$add$/Users/adarmaori/Desktop/Final$20Project/FPGA/conv1d_large_parallel.v:48$728 ($add).
  creating $macc model for $flatten\conv.\impl.$mul$/Users/adarmaori/Desktop/Final$20Project/FPGA/conv1d_large_parallel.v:48$635 ($neg).
  creating $macc model for $flatten\conv.\impl.$mul$/Users/adarmaori/Desktop/Final$20Project/FPGA/conv1d_large_parallel.v:48$637 ($mul).
  creating $macc model for $flatten\conv.\impl.$mul$/Users/adarmaori/Desktop/Final$20Project/FPGA/conv1d_large_parallel.v:48$643 ($neg).
  creating $macc model for $flatten\conv.\impl.$mul$/Users/adarmaori/Desktop/Final$20Project/FPGA/conv1d_large_parallel.v:48$651 ($neg).
  creating $macc model for $flatten\conv.\impl.$mul$/Users/adarmaori/Desktop/Final$20Project/FPGA/conv1d_large_parallel.v:48$653 ($mul).
  creating $macc model for $flatten\conv.\impl.$mul$/Users/adarmaori/Desktop/Final$20Project/FPGA/conv1d_large_parallel.v:48$659 ($neg).
  creating $macc model for $flatten\conv.\impl.$mul$/Users/adarmaori/Desktop/Final$20Project/FPGA/conv1d_large_parallel.v:48$667 ($neg).
  creating $macc model for $flatten\conv.\impl.$mul$/Users/adarmaori/Desktop/Final$20Project/FPGA/conv1d_large_parallel.v:48$669 ($mul).
  creating $macc model for $flatten\conv.\impl.$mul$/Users/adarmaori/Desktop/Final$20Project/FPGA/conv1d_large_parallel.v:48$675 ($neg).
  creating $macc model for $flatten\conv.\impl.$mul$/Users/adarmaori/Desktop/Final$20Project/FPGA/conv1d_large_parallel.v:48$683 ($neg).
  creating $macc model for $flatten\conv.\impl.$mul$/Users/adarmaori/Desktop/Final$20Project/FPGA/conv1d_large_parallel.v:48$685 ($mul).
  creating $macc model for $flatten\conv.\impl.$mul$/Users/adarmaori/Desktop/Final$20Project/FPGA/conv1d_large_parallel.v:48$691 ($neg).
  creating $macc model for $flatten\conv.\impl.$mul$/Users/adarmaori/Desktop/Final$20Project/FPGA/conv1d_large_parallel.v:48$699 ($neg).
  creating $macc model for $flatten\conv.\impl.$mul$/Users/adarmaori/Desktop/Final$20Project/FPGA/conv1d_large_parallel.v:48$701 ($mul).
  creating $macc model for $flatten\conv.\impl.$mul$/Users/adarmaori/Desktop/Final$20Project/FPGA/conv1d_large_parallel.v:48$707 ($neg).
  creating $macc model for $flatten\conv.\impl.$mul$/Users/adarmaori/Desktop/Final$20Project/FPGA/conv1d_large_parallel.v:48$715 ($neg).
  creating $macc model for $flatten\conv.\impl.$mul$/Users/adarmaori/Desktop/Final$20Project/FPGA/conv1d_large_parallel.v:48$717 ($mul).
  creating $macc model for $flatten\conv.\impl.$mul$/Users/adarmaori/Desktop/Final$20Project/FPGA/conv1d_large_parallel.v:48$723 ($neg).
  merging $macc model for $flatten\conv.\impl.$add$/Users/adarmaori/Desktop/Final$20Project/FPGA/conv1d_large_parallel.v:48$726 into $flatten\conv.\impl.$add$/Users/adarmaori/Desktop/Final$20Project/FPGA/conv1d_large_parallel.v:48$728.
  merging $macc model for $flatten\conv.\impl.$add$/Users/adarmaori/Desktop/Final$20Project/FPGA/conv1d_large_parallel.v:48$724 into $flatten\conv.\impl.$add$/Users/adarmaori/Desktop/Final$20Project/FPGA/conv1d_large_parallel.v:48$728.
  merging $macc model for $flatten\conv.\impl.$add$/Users/adarmaori/Desktop/Final$20Project/FPGA/conv1d_large_parallel.v:48$722 into $flatten\conv.\impl.$add$/Users/adarmaori/Desktop/Final$20Project/FPGA/conv1d_large_parallel.v:48$728.
  merging $macc model for $flatten\conv.\impl.$add$/Users/adarmaori/Desktop/Final$20Project/FPGA/conv1d_large_parallel.v:48$718 into $flatten\conv.\impl.$add$/Users/adarmaori/Desktop/Final$20Project/FPGA/conv1d_large_parallel.v:48$728.
  merging $macc model for $flatten\conv.\impl.$add$/Users/adarmaori/Desktop/Final$20Project/FPGA/conv1d_large_parallel.v:48$716 into $flatten\conv.\impl.$add$/Users/adarmaori/Desktop/Final$20Project/FPGA/conv1d_large_parallel.v:48$728.
  merging $macc model for $flatten\conv.\impl.$add$/Users/adarmaori/Desktop/Final$20Project/FPGA/conv1d_large_parallel.v:48$714 into $flatten\conv.\impl.$add$/Users/adarmaori/Desktop/Final$20Project/FPGA/conv1d_large_parallel.v:48$728.
  merging $macc model for $flatten\conv.\impl.$add$/Users/adarmaori/Desktop/Final$20Project/FPGA/conv1d_large_parallel.v:48$712 into $flatten\conv.\impl.$add$/Users/adarmaori/Desktop/Final$20Project/FPGA/conv1d_large_parallel.v:48$728.
  merging $macc model for $flatten\conv.\impl.$add$/Users/adarmaori/Desktop/Final$20Project/FPGA/conv1d_large_parallel.v:48$710 into $flatten\conv.\impl.$add$/Users/adarmaori/Desktop/Final$20Project/FPGA/conv1d_large_parallel.v:48$728.
  merging $macc model for $flatten\conv.\impl.$add$/Users/adarmaori/Desktop/Final$20Project/FPGA/conv1d_large_parallel.v:48$708 into $flatten\conv.\impl.$add$/Users/adarmaori/Desktop/Final$20Project/FPGA/conv1d_large_parallel.v:48$728.
  merging $macc model for $flatten\conv.\impl.$add$/Users/adarmaori/Desktop/Final$20Project/FPGA/conv1d_large_parallel.v:48$706 into $flatten\conv.\impl.$add$/Users/adarmaori/Desktop/Final$20Project/FPGA/conv1d_large_parallel.v:48$728.
  merging $macc model for $flatten\conv.\impl.$add$/Users/adarmaori/Desktop/Final$20Project/FPGA/conv1d_large_parallel.v:48$702 into $flatten\conv.\impl.$add$/Users/adarmaori/Desktop/Final$20Project/FPGA/conv1d_large_parallel.v:48$728.
  merging $macc model for $flatten\conv.\impl.$add$/Users/adarmaori/Desktop/Final$20Project/FPGA/conv1d_large_parallel.v:48$700 into $flatten\conv.\impl.$add$/Users/adarmaori/Desktop/Final$20Project/FPGA/conv1d_large_parallel.v:48$728.
  merging $macc model for $flatten\conv.\impl.$add$/Users/adarmaori/Desktop/Final$20Project/FPGA/conv1d_large_parallel.v:48$698 into $flatten\conv.\impl.$add$/Users/adarmaori/Desktop/Final$20Project/FPGA/conv1d_large_parallel.v:48$728.
  merging $macc model for $flatten\conv.\impl.$add$/Users/adarmaori/Desktop/Final$20Project/FPGA/conv1d_large_parallel.v:48$696 into $flatten\conv.\impl.$add$/Users/adarmaori/Desktop/Final$20Project/FPGA/conv1d_large_parallel.v:48$728.
  merging $macc model for $flatten\conv.\impl.$add$/Users/adarmaori/Desktop/Final$20Project/FPGA/conv1d_large_parallel.v:48$694 into $flatten\conv.\impl.$add$/Users/adarmaori/Desktop/Final$20Project/FPGA/conv1d_large_parallel.v:48$728.
  merging $macc model for $flatten\conv.\impl.$add$/Users/adarmaori/Desktop/Final$20Project/FPGA/conv1d_large_parallel.v:48$692 into $flatten\conv.\impl.$add$/Users/adarmaori/Desktop/Final$20Project/FPGA/conv1d_large_parallel.v:48$728.
  merging $macc model for $flatten\conv.\impl.$add$/Users/adarmaori/Desktop/Final$20Project/FPGA/conv1d_large_parallel.v:48$690 into $flatten\conv.\impl.$add$/Users/adarmaori/Desktop/Final$20Project/FPGA/conv1d_large_parallel.v:48$728.
  merging $macc model for $flatten\conv.\impl.$add$/Users/adarmaori/Desktop/Final$20Project/FPGA/conv1d_large_parallel.v:48$686 into $flatten\conv.\impl.$add$/Users/adarmaori/Desktop/Final$20Project/FPGA/conv1d_large_parallel.v:48$728.
  merging $macc model for $flatten\conv.\impl.$add$/Users/adarmaori/Desktop/Final$20Project/FPGA/conv1d_large_parallel.v:48$684 into $flatten\conv.\impl.$add$/Users/adarmaori/Desktop/Final$20Project/FPGA/conv1d_large_parallel.v:48$728.
  merging $macc model for $flatten\conv.\impl.$add$/Users/adarmaori/Desktop/Final$20Project/FPGA/conv1d_large_parallel.v:48$682 into $flatten\conv.\impl.$add$/Users/adarmaori/Desktop/Final$20Project/FPGA/conv1d_large_parallel.v:48$728.
  merging $macc model for $flatten\conv.\impl.$add$/Users/adarmaori/Desktop/Final$20Project/FPGA/conv1d_large_parallel.v:48$680 into $flatten\conv.\impl.$add$/Users/adarmaori/Desktop/Final$20Project/FPGA/conv1d_large_parallel.v:48$728.
  merging $macc model for $flatten\conv.\impl.$add$/Users/adarmaori/Desktop/Final$20Project/FPGA/conv1d_large_parallel.v:48$678 into $flatten\conv.\impl.$add$/Users/adarmaori/Desktop/Final$20Project/FPGA/conv1d_large_parallel.v:48$728.
  merging $macc model for $flatten\conv.\impl.$add$/Users/adarmaori/Desktop/Final$20Project/FPGA/conv1d_large_parallel.v:48$676 into $flatten\conv.\impl.$add$/Users/adarmaori/Desktop/Final$20Project/FPGA/conv1d_large_parallel.v:48$728.
  merging $macc model for $flatten\conv.\impl.$add$/Users/adarmaori/Desktop/Final$20Project/FPGA/conv1d_large_parallel.v:48$674 into $flatten\conv.\impl.$add$/Users/adarmaori/Desktop/Final$20Project/FPGA/conv1d_large_parallel.v:48$728.
  merging $macc model for $flatten\conv.\impl.$add$/Users/adarmaori/Desktop/Final$20Project/FPGA/conv1d_large_parallel.v:48$670 into $flatten\conv.\impl.$add$/Users/adarmaori/Desktop/Final$20Project/FPGA/conv1d_large_parallel.v:48$728.
  merging $macc model for $flatten\conv.\impl.$add$/Users/adarmaori/Desktop/Final$20Project/FPGA/conv1d_large_parallel.v:48$668 into $flatten\conv.\impl.$add$/Users/adarmaori/Desktop/Final$20Project/FPGA/conv1d_large_parallel.v:48$728.
  merging $macc model for $flatten\conv.\impl.$add$/Users/adarmaori/Desktop/Final$20Project/FPGA/conv1d_large_parallel.v:48$666 into $flatten\conv.\impl.$add$/Users/adarmaori/Desktop/Final$20Project/FPGA/conv1d_large_parallel.v:48$728.
  merging $macc model for $flatten\conv.\impl.$add$/Users/adarmaori/Desktop/Final$20Project/FPGA/conv1d_large_parallel.v:48$664 into $flatten\conv.\impl.$add$/Users/adarmaori/Desktop/Final$20Project/FPGA/conv1d_large_parallel.v:48$728.
  merging $macc model for $flatten\conv.\impl.$add$/Users/adarmaori/Desktop/Final$20Project/FPGA/conv1d_large_parallel.v:48$662 into $flatten\conv.\impl.$add$/Users/adarmaori/Desktop/Final$20Project/FPGA/conv1d_large_parallel.v:48$728.
  merging $macc model for $flatten\conv.\impl.$add$/Users/adarmaori/Desktop/Final$20Project/FPGA/conv1d_large_parallel.v:48$660 into $flatten\conv.\impl.$add$/Users/adarmaori/Desktop/Final$20Project/FPGA/conv1d_large_parallel.v:48$728.
  merging $macc model for $flatten\conv.\impl.$add$/Users/adarmaori/Desktop/Final$20Project/FPGA/conv1d_large_parallel.v:48$658 into $flatten\conv.\impl.$add$/Users/adarmaori/Desktop/Final$20Project/FPGA/conv1d_large_parallel.v:48$728.
  merging $macc model for $flatten\conv.\impl.$add$/Users/adarmaori/Desktop/Final$20Project/FPGA/conv1d_large_parallel.v:48$654 into $flatten\conv.\impl.$add$/Users/adarmaori/Desktop/Final$20Project/FPGA/conv1d_large_parallel.v:48$728.
  merging $macc model for $flatten\conv.\impl.$add$/Users/adarmaori/Desktop/Final$20Project/FPGA/conv1d_large_parallel.v:48$652 into $flatten\conv.\impl.$add$/Users/adarmaori/Desktop/Final$20Project/FPGA/conv1d_large_parallel.v:48$728.
  merging $macc model for $flatten\conv.\impl.$add$/Users/adarmaori/Desktop/Final$20Project/FPGA/conv1d_large_parallel.v:48$650 into $flatten\conv.\impl.$add$/Users/adarmaori/Desktop/Final$20Project/FPGA/conv1d_large_parallel.v:48$728.
  merging $macc model for $flatten\conv.\impl.$add$/Users/adarmaori/Desktop/Final$20Project/FPGA/conv1d_large_parallel.v:48$648 into $flatten\conv.\impl.$add$/Users/adarmaori/Desktop/Final$20Project/FPGA/conv1d_large_parallel.v:48$728.
  merging $macc model for $flatten\conv.\impl.$add$/Users/adarmaori/Desktop/Final$20Project/FPGA/conv1d_large_parallel.v:48$646 into $flatten\conv.\impl.$add$/Users/adarmaori/Desktop/Final$20Project/FPGA/conv1d_large_parallel.v:48$728.
  merging $macc model for $flatten\conv.\impl.$add$/Users/adarmaori/Desktop/Final$20Project/FPGA/conv1d_large_parallel.v:48$644 into $flatten\conv.\impl.$add$/Users/adarmaori/Desktop/Final$20Project/FPGA/conv1d_large_parallel.v:48$728.
  merging $macc model for $flatten\conv.\impl.$add$/Users/adarmaori/Desktop/Final$20Project/FPGA/conv1d_large_parallel.v:48$642 into $flatten\conv.\impl.$add$/Users/adarmaori/Desktop/Final$20Project/FPGA/conv1d_large_parallel.v:48$728.
  merging $macc model for $flatten\conv.\impl.$add$/Users/adarmaori/Desktop/Final$20Project/FPGA/conv1d_large_parallel.v:48$638 into $flatten\conv.\impl.$add$/Users/adarmaori/Desktop/Final$20Project/FPGA/conv1d_large_parallel.v:48$728.
  merging $macc model for $flatten\conv.\impl.$add$/Users/adarmaori/Desktop/Final$20Project/FPGA/conv1d_large_parallel.v:48$636 into $flatten\conv.\impl.$add$/Users/adarmaori/Desktop/Final$20Project/FPGA/conv1d_large_parallel.v:48$728.
  merging $macc model for $flatten\conv.\impl.$mul$/Users/adarmaori/Desktop/Final$20Project/FPGA/conv1d_large_parallel.v:48$717 into $flatten\conv.\impl.$add$/Users/adarmaori/Desktop/Final$20Project/FPGA/conv1d_large_parallel.v:48$728.
  merging $macc model for $flatten\conv.\impl.$mul$/Users/adarmaori/Desktop/Final$20Project/FPGA/conv1d_large_parallel.v:48$715 into $flatten\conv.\impl.$add$/Users/adarmaori/Desktop/Final$20Project/FPGA/conv1d_large_parallel.v:48$728.
  merging $macc model for $flatten\conv.\impl.$mul$/Users/adarmaori/Desktop/Final$20Project/FPGA/conv1d_large_parallel.v:48$701 into $flatten\conv.\impl.$add$/Users/adarmaori/Desktop/Final$20Project/FPGA/conv1d_large_parallel.v:48$728.
  merging $macc model for $flatten\conv.\impl.$mul$/Users/adarmaori/Desktop/Final$20Project/FPGA/conv1d_large_parallel.v:48$699 into $flatten\conv.\impl.$add$/Users/adarmaori/Desktop/Final$20Project/FPGA/conv1d_large_parallel.v:48$728.
  merging $macc model for $flatten\conv.\impl.$mul$/Users/adarmaori/Desktop/Final$20Project/FPGA/conv1d_large_parallel.v:48$685 into $flatten\conv.\impl.$add$/Users/adarmaori/Desktop/Final$20Project/FPGA/conv1d_large_parallel.v:48$728.
  merging $macc model for $flatten\conv.\impl.$mul$/Users/adarmaori/Desktop/Final$20Project/FPGA/conv1d_large_parallel.v:48$683 into $flatten\conv.\impl.$add$/Users/adarmaori/Desktop/Final$20Project/FPGA/conv1d_large_parallel.v:48$728.
  merging $macc model for $flatten\conv.\impl.$mul$/Users/adarmaori/Desktop/Final$20Project/FPGA/conv1d_large_parallel.v:48$669 into $flatten\conv.\impl.$add$/Users/adarmaori/Desktop/Final$20Project/FPGA/conv1d_large_parallel.v:48$728.
  merging $macc model for $flatten\conv.\impl.$mul$/Users/adarmaori/Desktop/Final$20Project/FPGA/conv1d_large_parallel.v:48$667 into $flatten\conv.\impl.$add$/Users/adarmaori/Desktop/Final$20Project/FPGA/conv1d_large_parallel.v:48$728.
  merging $macc model for $flatten\conv.\impl.$mul$/Users/adarmaori/Desktop/Final$20Project/FPGA/conv1d_large_parallel.v:48$653 into $flatten\conv.\impl.$add$/Users/adarmaori/Desktop/Final$20Project/FPGA/conv1d_large_parallel.v:48$728.
  merging $macc model for $flatten\conv.\impl.$mul$/Users/adarmaori/Desktop/Final$20Project/FPGA/conv1d_large_parallel.v:48$651 into $flatten\conv.\impl.$add$/Users/adarmaori/Desktop/Final$20Project/FPGA/conv1d_large_parallel.v:48$728.
  merging $macc model for $flatten\conv.\impl.$mul$/Users/adarmaori/Desktop/Final$20Project/FPGA/conv1d_large_parallel.v:48$637 into $flatten\conv.\impl.$add$/Users/adarmaori/Desktop/Final$20Project/FPGA/conv1d_large_parallel.v:48$728.
  merging $macc model for $flatten\conv.\impl.$mul$/Users/adarmaori/Desktop/Final$20Project/FPGA/conv1d_large_parallel.v:48$635 into $flatten\conv.\impl.$add$/Users/adarmaori/Desktop/Final$20Project/FPGA/conv1d_large_parallel.v:48$728.
  creating $macc cell for $flatten\conv.\impl.$add$/Users/adarmaori/Desktop/Final$20Project/FPGA/conv1d_large_parallel.v:48$728: $auto$alumacc.cc:365:replace_macc$1246
  creating $macc cell for $flatten\conv.\impl.$mul$/Users/adarmaori/Desktop/Final$20Project/FPGA/conv1d_large_parallel.v:48$723: $auto$alumacc.cc:365:replace_macc$1247
  creating $macc cell for $flatten\conv.\impl.$mul$/Users/adarmaori/Desktop/Final$20Project/FPGA/conv1d_large_parallel.v:48$675: $auto$alumacc.cc:365:replace_macc$1248
  creating $macc cell for $flatten\conv.\impl.$mul$/Users/adarmaori/Desktop/Final$20Project/FPGA/conv1d_large_parallel.v:48$643: $auto$alumacc.cc:365:replace_macc$1249
  creating $macc cell for $flatten\conv.\impl.$mul$/Users/adarmaori/Desktop/Final$20Project/FPGA/conv1d_large_parallel.v:48$691: $auto$alumacc.cc:365:replace_macc$1250
  creating $macc cell for $flatten\conv.\impl.$mul$/Users/adarmaori/Desktop/Final$20Project/FPGA/conv1d_large_parallel.v:48$707: $auto$alumacc.cc:365:replace_macc$1251
  creating $macc cell for $flatten\conv.\impl.$mul$/Users/adarmaori/Desktop/Final$20Project/FPGA/conv1d_large_parallel.v:48$659: $auto$alumacc.cc:365:replace_macc$1252
  created 0 $alu and 7 $macc cells.

5.21. Executing OPT pass (performing simple optimizations).

5.21.1. Executing OPT_EXPR pass (perform const folding).
Optimizing module conv1d_large_benchmark_top.

5.21.2. Executing OPT_MERGE pass (detect identical cells).
Finding identical cells in module `\conv1d_large_benchmark_top'.
Removed a total of 0 cells.

5.21.3. Executing OPT_MUXTREE pass (detect dead branches in mux trees).
Running muxtree optimizer on module \conv1d_large_benchmark_top..
  Creating internal representation of mux trees.
  No muxes found in this module.
Removed 0 multiplexer ports.

5.21.4. Executing OPT_REDUCE pass (consolidate $*mux and $reduce_* inputs).
  Optimizing cells in module \conv1d_large_benchmark_top.
Performed a total of 0 changes.

5.21.5. Executing OPT_MERGE pass (detect identical cells).
Finding identical cells in module `\conv1d_large_benchmark_top'.
Removed a total of 0 cells.

5.21.6. Executing OPT_DFF pass (perform DFF optimizations).

5.21.7. Executing OPT_CLEAN pass (remove unused cells and wires).
Finding unused cells or wires in module \conv1d_large_benchmark_top..
Removed 52 unused cells and 52 unused wires.
<suppressed ~53 debug messages>

5.21.8. Executing OPT_EXPR pass (perform const folding).
Optimizing module conv1d_large_benchmark_top.

5.21.9. Rerunning OPT passes. (Maybe there is more to do..)

5.21.10. Executing OPT_MUXTREE pass (detect dead branches in mux trees).
Running muxtree optimizer on module \conv1d_large_benchmark_top..
  Creating internal representation of mux trees.
  No muxes found in this module.
Removed 0 multiplexer ports.

5.21.11. Executing OPT_REDUCE pass (consolidate $*mux and $reduce_* inputs).
  Optimizing cells in module \conv1d_large_benchmark_top.
Performed a total of 0 changes.

5.21.12. Executing OPT_MERGE pass (detect identical cells).
Finding identical cells in module `\conv1d_large_benchmark_top'.
Removed a total of 0 cells.

5.21.13. Executing OPT_DFF pass (perform DFF optimizations).

5.21.14. Executing OPT_CLEAN pass (remove unused cells and wires).
Finding unused cells or wires in module \conv1d_large_benchmark_top..

5.21.15. Executing OPT_EXPR pass (perform const folding).
Optimizing module conv1d_large_benchmark_top.

5.21.16. Finished OPT passes. (There is nothing left to do.)

5.22. Executing MEMORY pass.

5.22.1. Executing OPT_MEM pass (optimize memories).
Performed a total of 0 transformations.

5.22.2. Executing OPT_MEM_PRIORITY pass (removing unnecessary memory write priority relations).
Performed a total of 0 transformations.

5.22.3. Executing OPT_MEM_FEEDBACK pass (finding memory read-to-write feedback paths).

5.22.4. Executing MEMORY_BMUX2ROM pass (converting muxes to ROMs).

5.22.5. Executing MEMORY_DFF pass (merging $dff cells to $memrd).

5.22.6. Executing OPT_CLEAN pass (remove unused cells and wires).
Finding unused cells or wires in module \conv1d_large_benchmark_top..

5.22.7. Executing MEMORY_SHARE pass (consolidating $memrd/$memwr cells).

5.22.8. Executing OPT_MEM_WIDEN pass (optimize memories where all ports are wide).
Performed a total of 0 transformations.

5.22.9. Executing OPT_CLEAN pass (remove unused cells and wires).
Finding unused cells or wires in module \conv1d_large_benchmark_top..

5.22.10. Executing MEMORY_COLLECT pass (generating $mem cells).

5.23. Executing OPT_CLEAN pass (remove unused cells and wires).
Finding unused cells or wires in module \conv1d_large_benchmark_top..

5.24. Executing MEMORY_LIBMAP pass (mapping memories to cells).

5.25. Executing TECHMAP pass (map to technology primitives).

5.25.1. Executing Verilog-2005 frontend: /opt/homebrew/bin/../share/yosys/ice40/brams_map.v
Parsing Verilog input from `/opt/homebrew/bin/../share/yosys/ice40/brams_map.v' to AST representation.
Generating RTLIL representation for module `\$__ICE40_RAM4K_'.
Successfully finished Verilog frontend.

5.25.2. Executing Verilog-2005 frontend: /opt/homebrew/bin/../share/yosys/ice40/spram_map.v
Parsing Verilog input from `/opt/homebrew/bin/../share/yosys/ice40/spram_map.v' to AST representation.
Generating RTLIL representation for module `\$__ICE40_SPRAM_'.
Successfully finished Verilog frontend.

5.25.3. Continuing TECHMAP pass.
No more expansions possible.
<suppressed ~4 debug messages>

5.26. Executing ICE40_BRAMINIT pass.

5.27. Executing OPT pass (performing simple optimizations).

5.27.1. Executing OPT_EXPR pass (perform const folding).
Optimizing module conv1d_large_benchmark_top.

5.27.2. Executing OPT_MERGE pass (detect identical cells).
Finding identical cells in module `\conv1d_large_benchmark_top'.
Removed a total of 0 cells.

5.27.3. Executing OPT_DFF pass (perform DFF optimizations).

5.27.4. Executing OPT_CLEAN pass (remove unused cells and wires).
Finding unused cells or wires in module \conv1d_large_benchmark_top..

5.27.5. Finished fast OPT passes.

5.28. Executing MEMORY_MAP pass (converting memories to logic and flip-flops).

5.29. Executing OPT pass (performing simple optimizations).

5.29.1. Executing OPT_EXPR pass (perform const folding).
Optimizing module conv1d_large_benchmark_top.

5.29.2. Executing OPT_MERGE pass (detect identical cells).
Finding identical cells in module `\conv1d_large_benchmark_top'.
Removed a total of 0 cells.

5.29.3. Executing OPT_MUXTREE pass (detect dead branches in mux trees).
Running muxtree optimizer on module \conv1d_large_benchmark_top..
  Creating internal representation of mux trees.
  No muxes found in this module.
Removed 0 multiplexer ports.

5.29.4. Executing OPT_REDUCE pass (consolidate $*mux and $reduce_* inputs).
  Optimizing cells in module \conv1d_large_benchmark_top.
Performed a total of 0 changes.

5.29.5. Executing OPT_MERGE pass (detect identical cells).
Finding identical cells in module `\conv1d_large_benchmark_top'.
Removed a total of 0 cells.

5.29.6. Executing OPT_DFF pass (perform DFF optimizations).

5.29.7. Executing OPT_CLEAN pass (remove unused cells and wires).
Finding unused cells or wires in module \conv1d_large_benchmark_top..

5.29.8. Executing OPT_EXPR pass (perform const folding).
Optimizing module conv1d_large_benchmark_top.

5.29.9. Finished OPT passes. (There is nothing left to do.)

5.30. Executing ICE40_WRAPCARRY pass (wrap carries).

5.31. Executing TECHMAP pass (map to technology primitives).

5.31.1. Executing Verilog-2005 frontend: /opt/homebrew/bin/../share/yosys/techmap.v
Parsing Verilog input from `/opt/homebrew/bin/../share/yosys/techmap.v' to AST representation.
Generating RTLIL representation for module `\_90_simplemap_bool_ops'.
Generating RTLIL representation for module `\_90_simplemap_reduce_ops'.
Generating RTLIL representation for module `\_90_simplemap_logic_ops'.
Generating RTLIL representation for module `\_90_simplemap_compare_ops'.
Generating RTLIL representation for module `\_90_simplemap_various'.
Generating RTLIL representation for module `\_90_simplemap_registers'.
Generating RTLIL representation for module `\_90_shift_ops_shr_shl_sshl_sshr'.
Generating RTLIL representation for module `\_90_shift_shiftx'.
Generating RTLIL representation for module `\_90_fa'.
Generating RTLIL representation for module `\_90_lcu_brent_kung'.
Generating RTLIL representation for module `\_90_alu'.
Generating RTLIL representation for module `\_90_macc'.
Generating RTLIL representation for module `\_90_alumacc'.
Generating RTLIL representation for module `\$__div_mod_u'.
Generating RTLIL representation for module `\$__div_mod_trunc'.
Generating RTLIL representation for module `\_90_div'.
Generating RTLIL representation for module `\_90_mod'.
Generating RTLIL representation for module `\$__div_mod_floor'.
Generating RTLIL representation for module `\_90_divfloor'.
Generating RTLIL representation for module `\_90_modfloor'.
Generating RTLIL representation for module `\_90_pow'.
Generating RTLIL representation for module `\_90_pmux'.
Generating RTLIL representation for module `\_90_demux'.
Generating RTLIL representation for module `\_90_lut'.
Successfully finished Verilog frontend.

5.31.2. Executing Verilog-2005 frontend: /opt/homebrew/bin/../share/yosys/ice40/arith_map.v
Parsing Verilog input from `/opt/homebrew/bin/../share/yosys/ice40/arith_map.v' to AST representation.
Generating RTLIL representation for module `\_80_ice40_alu'.
Successfully finished Verilog frontend.

5.31.3. Continuing TECHMAP pass.
Using extmapper maccmap for cells of type $macc.
  add { \sample_in 1'0 } (9 bits, signed)
  add { \conv.impl.history[46] 1'0 } (9 bits, signed)
  add \conv.impl.history[45] (8 bits, signed)
  add { $flatten\conv.\impl.$mul$/Users/adarmaori/Desktop/Final$20Project/FPGA/conv1d_large_parallel.v:48$723_Y [31:1] 1'0 } (32 bits, signed)
  add \conv.impl.history[43] (8 bits, signed)
  add \conv.impl.history[41] * 3'011 (8x3 bits, signed)
  sub \conv.impl.history[40] (8 bits, signed)
  add { \conv.impl.history[39] 1'0 } (9 bits, signed)
  add { \conv.impl.history[38] 1'0 } (9 bits, signed)
  add \conv.impl.history[37] (8 bits, signed)
  add { $flatten\conv.\impl.$mul$/Users/adarmaori/Desktop/Final$20Project/FPGA/conv1d_large_parallel.v:48$707_Y [31:1] 1'0 } (32 bits, signed)
  add \conv.impl.history[35] (8 bits, signed)
  add \conv.impl.history[33] * 3'011 (8x3 bits, signed)
  sub \conv.impl.history[32] (8 bits, signed)
  add { \conv.impl.history[31] 1'0 } (9 bits, signed)
  add { \conv.impl.history[30] 1'0 } (9 bits, signed)
  add \conv.impl.history[29] (8 bits, signed)
  add { $flatten\conv.\impl.$mul$/Users/adarmaori/Desktop/Final$20Project/FPGA/conv1d_large_parallel.v:48$691_Y [31:1] 1'0 } (32 bits, signed)
  add \conv.impl.history[27] (8 bits, signed)
  add \conv.impl.history[25] * 3'011 (8x3 bits, signed)
  sub \conv.impl.history[24] (8 bits, signed)
  add { \conv.impl.history[23] 1'0 } (9 bits, signed)
  add { \conv.impl.history[22] 1'0 } (9 bits, signed)
  add \conv.impl.history[21] (8 bits, signed)
  add { $flatten\conv.\impl.$mul$/Users/adarmaori/Desktop/Final$20Project/FPGA/conv1d_large_parallel.v:48$675_Y [31:1] 1'0 } (32 bits, signed)
  add \conv.impl.history[19] (8 bits, signed)
  add \conv.impl.history[17] * 3'011 (8x3 bits, signed)
  sub \conv.impl.history[16] (8 bits, signed)
  add { \conv.impl.history[15] 1'0 } (9 bits, signed)
  add { \conv.impl.history[14] 1'0 } (9 bits, signed)
  add \conv.impl.history[13] (8 bits, signed)
  add { $flatten\conv.\impl.$mul$/Users/adarmaori/Desktop/Final$20Project/FPGA/conv1d_large_parallel.v:48$659_Y [31:1] 1'0 } (32 bits, signed)
  add \conv.impl.history[11] (8 bits, signed)
  add \conv.impl.history[9] * 3'011 (8x3 bits, signed)
  sub \conv.impl.history[8] (8 bits, signed)
  add { \conv.impl.history[7] 1'0 } (9 bits, signed)
  add { \conv.impl.history[6] 1'0 } (9 bits, signed)
  add \conv.impl.history[5] (8 bits, signed)
  add { $flatten\conv.\impl.$mul$/Users/adarmaori/Desktop/Final$20Project/FPGA/conv1d_large_parallel.v:48$643_Y [31:1] 1'0 } (32 bits, signed)
  add \conv.impl.history[3] (8 bits, signed)
  add \conv.impl.history[1] * 3'011 (8x3 bits, signed)
  sub \conv.impl.history[0] (8 bits, signed)
  packed 6 (2) bits / 1 words into adder tree
Using extmapper simplemap for cells of type $sdff.
  sub \conv.impl.history[28] (8 bits, signed)
  sub \conv.impl.history[4] (8 bits, signed)
  sub \conv.impl.history[36] (8 bits, signed)
  sub \conv.impl.history[12] (8 bits, signed)
  sub \conv.impl.history[20] (8 bits, signed)
  sub \conv.impl.history[44] (8 bits, signed)
Using extmapper simplemap for cells of type $sdffe.
Using template $paramod$ebf89ea36a793f0f77858f212141d47c833068ad\_80_ice40_alu for cells of type $alu.
Using template $paramod\_90_fa\WIDTH=32'00000000000000000000000000011111 for cells of type $fa.
Using template $paramod\_90_fa\WIDTH=32'00000000000000000000000000100000 for cells of type $fa.
Using template $paramod\_90_fa\WIDTH=32'00000000000000000000000000011110 for cells of type $fa.
Using template $paramod$fbc7873bff55778c0b3173955b7e4bce1d9d6834\_80_ice40_alu for cells of type $alu.
Using extmapper simplemap for cells of type $not.
Using extmapper simplemap for cells of type $and.
Using extmapper simplemap for cells of type $or.
Using extmapper simplemap for cells of type $xor.
Using extmapper simplemap for cells of type $mux.
Using extmapper simplemap for cells of type $pos.
No more expansions possible.
<suppressed ~590 debug messages>

5.32. Executing OPT pass (performing simple optimizations).

5.32.1. Executing OPT_EXPR pass (perform const folding).
Optimizing module conv1d_large_benchmark_top.
<suppressed ~2427 debug messages>

5.32.2. Executing OPT_MERGE pass (detect identical cells).
Finding identical cells in module `\conv1d_large_benchmark_top'.
<suppressed ~10686 debug messages>
Removed a total of 3562 cells.

5.32.3. Executing OPT_DFF pass (perform DFF optimizations).

5.32.4. Executing OPT_CLEAN pass (remove unused cells and wires).
Finding unused cells or wires in module \conv1d_large_benchmark_top..
Removed 151 unused cells and 679 unused wires.
<suppressed ~152 debug messages>

5.32.5. Finished fast OPT passes.

5.33. Executing ICE40_OPT pass (performing simple optimizations).

5.33.1. Running ICE40 specific optimizations.
Optimized $__ICE40_CARRY_WRAPPER cell back to logic (without SB_CARRY) conv1d_large_benchmark_top.$auto$maccmap.cc:240:synth$1569.slice[0].carry: CO=1'0
Optimized $__ICE40_CARRY_WRAPPER cell back to logic (without SB_CARRY) conv1d_large_benchmark_top.$auto$maccmap.cc:240:synth$1576.slice[0].carry: CO=$auto$maccmap.cc:240:synth$1576.B [0]
Optimized $__ICE40_CARRY_WRAPPER cell back to logic (without SB_CARRY) conv1d_large_benchmark_top.$auto$maccmap.cc:240:synth$1582.slice[0].carry: CO=$auto$maccmap.cc:240:synth$1582.B [0]
Optimized $__ICE40_CARRY_WRAPPER cell back to logic (without SB_CARRY) conv1d_large_benchmark_top.$auto$maccmap.cc:240:synth$1588.slice[0].carry: CO=$auto$maccmap.cc:240:synth$1588.B [0]
Optimized $__ICE40_CARRY_WRAPPER cell back to logic (without SB_CARRY) conv1d_large_benchmark_top.$auto$maccmap.cc:240:synth$1594.slice[0].carry: CO=$auto$maccmap.cc:240:synth$1594.B [0]
Optimized $__ICE40_CARRY_WRAPPER cell back to logic (without SB_CARRY) conv1d_large_benchmark_top.$auto$maccmap.cc:240:synth$1600.slice[0].carry: CO=$auto$maccmap.cc:240:synth$1600.B [0]
Optimized $__ICE40_CARRY_WRAPPER cell back to logic (without SB_CARRY) conv1d_large_benchmark_top.$auto$maccmap.cc:240:synth$1606.slice[0].carry: CO=$auto$maccmap.cc:240:synth$1606.B [0]

5.33.2. Executing OPT_EXPR pass (perform const folding).
Optimizing module conv1d_large_benchmark_top.

5.33.3. Executing OPT_MERGE pass (detect identical cells).
Finding identical cells in module `\conv1d_large_benchmark_top'.
Removed a total of 0 cells.

5.33.4. Executing OPT_DFF pass (perform DFF optimizations).

5.33.5. Executing OPT_CLEAN pass (remove unused cells and wires).
Finding unused cells or wires in module \conv1d_large_benchmark_top..

5.33.6. Rerunning OPT passes. (Removed registers in this run.)

5.33.7. Running ICE40 specific optimizations.
Optimized $__ICE40_CARRY_WRAPPER cell back to logic (without SB_CARRY) conv1d_large_benchmark_top.$auto$maccmap.cc:240:synth$1569.slice[1].carry: CO=1'0

5.33.8. Executing OPT_EXPR pass (perform const folding).
Optimizing module conv1d_large_benchmark_top.

5.33.9. Executing OPT_MERGE pass (detect identical cells).
Finding identical cells in module `\conv1d_large_benchmark_top'.
Removed a total of 0 cells.

5.33.10. Executing OPT_DFF pass (perform DFF optimizations).

5.33.11. Executing OPT_CLEAN pass (remove unused cells and wires).
Finding unused cells or wires in module \conv1d_large_benchmark_top..

5.33.12. Rerunning OPT passes. (Removed registers in this run.)

5.33.13. Running ICE40 specific optimizations.
Optimized $__ICE40_CARRY_WRAPPER cell back to logic (without SB_CARRY) conv1d_large_benchmark_top.$auto$maccmap.cc:240:synth$1569.slice[2].carry: CO=1'0

5.33.14. Executing OPT_EXPR pass (perform const folding).
Optimizing module conv1d_large_benchmark_top.

5.33.15. Executing OPT_MERGE pass (detect identical cells).
Finding identical cells in module `\conv1d_large_benchmark_top'.
Removed a total of 0 cells.

5.33.16. Executing OPT_DFF pass (perform DFF optimizations).

5.33.17. Executing OPT_CLEAN pass (remove unused cells and wires).
Finding unused cells or wires in module \conv1d_large_benchmark_top..

5.33.18. Rerunning OPT passes. (Removed registers in this run.)

5.33.19. Running ICE40 specific optimizations.
Optimized $__ICE40_CARRY_WRAPPER cell back to logic (without SB_CARRY) conv1d_large_benchmark_top.$auto$maccmap.cc:240:synth$1569.slice[3].carry: CO=1'0

5.33.20. Executing OPT_EXPR pass (perform const folding).
Optimizing module conv1d_large_benchmark_top.

5.33.21. Executing OPT_MERGE pass (detect identical cells).
Finding identical cells in module `\conv1d_large_benchmark_top'.
Removed a total of 0 cells.

5.33.22. Executing OPT_DFF pass (perform DFF optimizations).

5.33.23. Executing OPT_CLEAN pass (remove unused cells and wires).
Finding unused cells or wires in module \conv1d_large_benchmark_top..

5.33.24. Rerunning OPT passes. (Removed registers in this run.)

5.33.25. Running ICE40 specific optimizations.

5.33.26. Executing OPT_EXPR pass (perform const folding).
Optimizing module conv1d_large_benchmark_top.

5.33.27. Executing OPT_MERGE pass (detect identical cells).
Finding identical cells in module `\conv1d_large_benchmark_top'.
Removed a total of 0 cells.

5.33.28. Executing OPT_DFF pass (perform DFF optimizations).

5.33.29. Executing OPT_CLEAN pass (remove unused cells and wires).
Finding unused cells or wires in module \conv1d_large_benchmark_top..

5.33.30. Finished OPT passes. (There is nothing left to do.)

5.34. Executing DFFLEGALIZE pass (convert FFs to types supported by the target).

5.35. Executing TECHMAP pass (map to technology primitives).

5.35.1. Executing Verilog-2005 frontend: /opt/homebrew/bin/../share/yosys/ice40/ff_map.v
Parsing Verilog input from `/opt/homebrew/bin/../share/yosys/ice40/ff_map.v' to AST representation.
Generating RTLIL representation for module `\$_DFF_N_'.
Generating RTLIL representation for module `\$_DFF_P_'.
Generating RTLIL representation for module `\$_DFFE_NP_'.
Generating RTLIL representation for module `\$_DFFE_PP_'.
Generating RTLIL representation for module `\$_DFF_NP0_'.
Generating RTLIL representation for module `\$_DFF_NP1_'.
Generating RTLIL representation for module `\$_DFF_PP0_'.
Generating RTLIL representation for module `\$_DFF_PP1_'.
Generating RTLIL representation for module `\$_DFFE_NP0P_'.
Generating RTLIL representation for module `\$_DFFE_NP1P_'.
Generating RTLIL representation for module `\$_DFFE_PP0P_'.
Generating RTLIL representation for module `\$_DFFE_PP1P_'.
Generating RTLIL representation for module `\$_SDFF_NP0_'.
Generating RTLIL representation for module `\$_SDFF_NP1_'.
Generating RTLIL representation for module `\$_SDFF_PP0_'.
Generating RTLIL representation for module `\$_SDFF_PP1_'.
Generating RTLIL representation for module `\$_SDFFCE_NP0P_'.
Generating RTLIL representation for module `\$_SDFFCE_NP1P_'.
Generating RTLIL representation for module `\$_SDFFCE_PP0P_'.
Generating RTLIL representation for module `\$_SDFFCE_PP1P_'.
Successfully finished Verilog frontend.

5.35.2. Continuing TECHMAP pass.
Using template \$_SDFFCE_PP0P_ for cells of type $_SDFFCE_PP0P_.
Using template \$_SDFF_PP0_ for cells of type $_SDFF_PP0_.
No more expansions possible.
<suppressed ~431 debug messages>

5.36. Executing OPT_EXPR pass (perform const folding).
Optimizing module conv1d_large_benchmark_top.

5.37. Executing SIMPLEMAP pass (map simple cells to gate primitives).
Mapping conv1d_large_benchmark_top.$auto$maccmap.cc:240:synth$1569.slice[0].carry ($lut).
Mapping conv1d_large_benchmark_top.$auto$maccmap.cc:240:synth$1569.slice[1].carry ($lut).
Mapping conv1d_large_benchmark_top.$auto$maccmap.cc:240:synth$1569.slice[2].carry ($lut).
Mapping conv1d_large_benchmark_top.$auto$maccmap.cc:240:synth$1569.slice[3].carry ($lut).
Mapping conv1d_large_benchmark_top.$auto$maccmap.cc:240:synth$1576.slice[0].carry ($lut).
Mapping conv1d_large_benchmark_top.$auto$maccmap.cc:240:synth$1582.slice[0].carry ($lut).
Mapping conv1d_large_benchmark_top.$auto$maccmap.cc:240:synth$1588.slice[0].carry ($lut).
Mapping conv1d_large_benchmark_top.$auto$maccmap.cc:240:synth$1594.slice[0].carry ($lut).
Mapping conv1d_large_benchmark_top.$auto$maccmap.cc:240:synth$1600.slice[0].carry ($lut).
Mapping conv1d_large_benchmark_top.$auto$maccmap.cc:240:synth$1606.slice[0].carry ($lut).

5.38. Executing ICE40_OPT pass (performing simple optimizations).

5.38.1. Running ICE40 specific optimizations.

5.38.2. Executing OPT_EXPR pass (perform const folding).
Optimizing module conv1d_large_benchmark_top.
<suppressed ~148 debug messages>

5.38.3. Executing OPT_MERGE pass (detect identical cells).
Finding identical cells in module `\conv1d_large_benchmark_top'.
<suppressed ~1251 debug messages>
Removed a total of 417 cells.

5.38.4. Executing OPT_DFF pass (perform DFF optimizations).

5.38.5. Executing OPT_CLEAN pass (remove unused cells and wires).
Finding unused cells or wires in module \conv1d_large_benchmark_top..
Removed 4 unused cells and 2900 unused wires.
<suppressed ~5 debug messages>

5.38.6. Rerunning OPT passes. (Removed registers in this run.)

5.38.7. Running ICE40 specific optimizations.

5.38.8. Executing OPT_EXPR pass (perform const folding).
Optimizing module conv1d_large_benchmark_top.

5.38.9. Executing OPT_MERGE pass (detect identical cells).
Finding identical cells in module `\conv1d_large_benchmark_top'.
Removed a total of 0 cells.

5.38.10. Executing OPT_DFF pass (perform DFF optimizations).

5.38.11. Executing OPT_CLEAN pass (remove unused cells and wires).
Finding unused cells or wires in module \conv1d_large_benchmark_top..

5.38.12. Finished OPT passes. (There is nothing left to do.)

5.39. Executing TECHMAP pass (map to technology primitives).

5.39.1. Executing Verilog-2005 frontend: /opt/homebrew/bin/../share/yosys/ice40/latches_map.v
Parsing Verilog input from `/opt/homebrew/bin/../share/yosys/ice40/latches_map.v' to AST representation.
Generating RTLIL representation for module `\$_DLATCH_N_'.
Generating RTLIL representation for module `\$_DLATCH_P_'.
Successfully finished Verilog frontend.

5.39.2. Continuing TECHMAP pass.
No more expansions possible.
<suppressed ~4 debug messages>

5.40. Executing Verilog-2005 frontend: /opt/homebrew/bin/../share/yosys/ice40/abc9_model.v
Parsing Verilog input from `/opt/homebrew/bin/../share/yosys/ice40/abc9_model.v' to AST representation.
Generating RTLIL representation for module `$__ICE40_CARRY_WRAPPER'.
Successfully finished Verilog frontend.

5.41. Executing ABC9 pass.

5.41.1. Executing ABC9_OPS pass (helper functions for ABC9).

5.41.2. Executing ABC9_OPS pass (helper functions for ABC9).

5.41.3. Executing SCC pass (detecting logic loops).
Found 0 SCCs in module conv1d_large_benchmark_top.
Found 0 SCCs.

5.41.4. Executing ABC9_OPS pass (helper functions for ABC9).

5.41.5. Executing PROC pass (convert processes to netlists).

5.41.5.1. Executing PROC_CLEAN pass (remove empty switches from decision trees).
Cleaned up 0 empty switches.

5.41.5.2. Executing PROC_RMDEAD pass (remove dead branches from decision trees).
Removed a total of 0 dead cases.

5.41.5.3. Executing PROC_PRUNE pass (remove redundant assignments in processes).
Removed 0 redundant assignments.
Promoted 0 assignments to connections.

5.41.5.4. Executing PROC_INIT pass (extract init attributes).

5.41.5.5. Executing PROC_ARST pass (detect async resets in processes).

5.41.5.6. Executing PROC_ROM pass (convert switches to ROMs).
Converted 0 switches.

5.41.5.7. Executing PROC_MUX pass (convert decision trees to multiplexers).

5.41.5.8. Executing PROC_DLATCH pass (convert process syncs to latches).

5.41.5.9. Executing PROC_DFF pass (convert process syncs to FFs).

5.41.5.10. Executing PROC_MEMWR pass (convert process memory writes to cells).

5.41.5.11. Executing PROC_CLEAN pass (remove empty switches from decision trees).
Cleaned up 0 empty switches.

5.41.5.12. Executing OPT_EXPR pass (perform const folding).

5.41.6. Executing TECHMAP pass (map to technology primitives).

5.41.6.1. Executing Verilog-2005 frontend: /opt/homebrew/bin/../share/yosys/techmap.v
Parsing Verilog input from `/opt/homebrew/bin/../share/yosys/techmap.v' to AST representation.
Generating RTLIL representation for module `\_90_simplemap_bool_ops'.
Generating RTLIL representation for module `\_90_simplemap_reduce_ops'.
Generating RTLIL representation for module `\_90_simplemap_logic_ops'.
Generating RTLIL representation for module `\_90_simplemap_compare_ops'.
Generating RTLIL representation for module `\_90_simplemap_various'.
Generating RTLIL representation for module `\_90_simplemap_registers'.
Generating RTLIL representation for module `\_90_shift_ops_shr_shl_sshl_sshr'.
Generating RTLIL representation for module `\_90_shift_shiftx'.
Generating RTLIL representation for module `\_90_fa'.
Generating RTLIL representation for module `\_90_lcu_brent_kung'.
Generating RTLIL representation for module `\_90_alu'.
Generating RTLIL representation for module `\_90_macc'.
Generating RTLIL representation for module `\_90_alumacc'.
Generating RTLIL representation for module `\$__div_mod_u'.
Generating RTLIL representation for module `\$__div_mod_trunc'.
Generating RTLIL representation for module `\_90_div'.
Generating RTLIL representation for module `\_90_mod'.
Generating RTLIL representation for module `\$__div_mod_floor'.
Generating RTLIL representation for module `\_90_divfloor'.
Generating RTLIL representation for module `\_90_modfloor'.
Generating RTLIL representation for module `\_90_pow'.
Generating RTLIL representation for module `\_90_pmux'.
Generating RTLIL representation for module `\_90_demux'.
Generating RTLIL representation for module `\_90_lut'.
Successfully finished Verilog frontend.

5.41.6.2. Continuing TECHMAP pass.
No more expansions possible.
<suppressed ~126 debug messages>

5.41.7. Executing OPT pass (performing simple optimizations).

5.41.7.1. Executing OPT_EXPR pass (perform const folding).

5.41.7.2. Executing OPT_MERGE pass (detect identical cells).
Removed a total of 0 cells.

5.41.7.3. Executing OPT_MUXTREE pass (detect dead branches in mux trees).
Removed 0 multiplexer ports.

5.41.7.4. Executing OPT_REDUCE pass (consolidate $*mux and $reduce_* inputs).
Performed a total of 0 changes.

5.41.7.5. Executing OPT_MERGE pass (detect identical cells).
Removed a total of 0 cells.

5.41.7.6. Executing OPT_DFF pass (perform DFF optimizations).

5.41.7.7. Executing OPT_CLEAN pass (remove unused cells and wires).

5.41.7.8. Executing OPT_EXPR pass (perform const folding).

5.41.7.9. Finished OPT passes. (There is nothing left to do.)

5.41.8. Executing TECHMAP pass (map to technology primitives).

5.41.8.1. Executing Verilog-2005 frontend: /opt/homebrew/bin/../share/yosys/abc9_map.v
Parsing Verilog input from `/opt/homebrew/bin/../share/yosys/abc9_map.v' to AST representation.
Successfully finished Verilog frontend.

5.41.8.2. Continuing TECHMAP pass.
No more expansions possible.
<suppressed ~2 debug messages>

5.41.9. Executing Verilog-2005 frontend: /opt/homebrew/bin/../share/yosys/abc9_model.v
Parsing Verilog input from `/opt/homebrew/bin/../share/yosys/abc9_model.v' to AST representation.
Generating RTLIL representation for module `$__ABC9_DELAY'.
Generating RTLIL representation for module `$__ABC9_SCC_BREAKER'.
Generating RTLIL representation for module `$__DFF_N__$abc9_flop'.
Generating RTLIL representation for module `$__DFF_P__$abc9_flop'.
Successfully finished Verilog frontend.

5.41.10. Executing ABC9_OPS pass (helper functions for ABC9).
<suppressed ~820 debug messages>

5.41.11. Executing ABC9_OPS pass (helper functions for ABC9).

5.41.12. Executing ABC9_OPS pass (helper functions for ABC9).
<suppressed ~2 debug messages>

5.41.13. Executing TECHMAP pass (map to technology primitives).

5.41.13.1. Executing Verilog-2005 frontend: /opt/homebrew/bin/../share/yosys/techmap.v
Parsing Verilog input from `/opt/homebrew/bin/../share/yosys/techmap.v' to AST representation.
Generating RTLIL representation for module `\_90_simplemap_bool_ops'.
Generating RTLIL representation for module `\_90_simplemap_reduce_ops'.
Generating RTLIL representation for module `\_90_simplemap_logic_ops'.
Generating RTLIL representation for module `\_90_simplemap_compare_ops'.
Generating RTLIL representation for module `\_90_simplemap_various'.
Generating RTLIL representation for module `\_90_simplemap_registers'.
Generating RTLIL representation for module `\_90_shift_ops_shr_shl_sshl_sshr'.
Generating RTLIL representation for module `\_90_shift_shiftx'.
Generating RTLIL representation for module `\_90_fa'.
Generating RTLIL representation for module `\_90_lcu_brent_kung'.
Generating RTLIL representation for module `\_90_alu'.
Generating RTLIL representation for module `\_90_macc'.
Generating RTLIL representation for module `\_90_alumacc'.
Generating RTLIL representation for module `\$__div_mod_u'.
Generating RTLIL representation for module `\$__div_mod_trunc'.
Generating RTLIL representation for module `\_90_div'.
Generating RTLIL representation for module `\_90_mod'.
Generating RTLIL representation for module `\$__div_mod_floor'.
Generating RTLIL representation for module `\_90_divfloor'.
Generating RTLIL representation for module `\_90_modfloor'.
Generating RTLIL representation for module `\_90_pow'.
Generating RTLIL representation for module `\_90_pmux'.
Generating RTLIL representation for module `\_90_demux'.
Generating RTLIL representation for module `\_90_lut'.
Successfully finished Verilog frontend.

5.41.13.2. Continuing TECHMAP pass.
Using template $paramod$__ICE40_CARRY_WRAPPER\LUT=16'0110100110010110\I3_IS_CI=1'1 for cells of type $paramod$__ICE40_CARRY_WRAPPER\LUT=16'0110100110010110\I3_IS_CI=1'1.
Using template $paramod\SB_LUT4\LUT_INIT=16'0110100110010110 for cells of type SB_LUT4.
Using template SB_CARRY for cells of type SB_CARRY.
Using extmapper simplemap for cells of type $mux.
Using extmapper simplemap for cells of type $logic_or.
Using extmapper simplemap for cells of type $logic_and.
No more expansions possible.
<suppressed ~147 debug messages>

5.41.14. Executing OPT pass (performing simple optimizations).

5.41.14.1. Executing OPT_EXPR pass (perform const folding).
Optimizing module conv1d_large_benchmark_top.
<suppressed ~4 debug messages>

5.41.14.2. Executing OPT_MERGE pass (detect identical cells).
Finding identical cells in module `\conv1d_large_benchmark_top'.
<suppressed ~29 debug messages>
Removed a total of 12 cells.

5.41.14.3. Executing OPT_MUXTREE pass (detect dead branches in mux trees).
Running muxtree optimizer on module \conv1d_large_benchmark_top..
  Creating internal representation of mux trees.
  No muxes found in this module.
Removed 0 multiplexer ports.

5.41.14.4. Executing OPT_REDUCE pass (consolidate $*mux and $reduce_* inputs).
  Optimizing cells in module \conv1d_large_benchmark_top.
Performed a total of 0 changes.

5.41.14.5. Executing OPT_MERGE pass (detect identical cells).
Finding identical cells in module `\conv1d_large_benchmark_top'.
Removed a total of 0 cells.

5.41.14.6. Executing OPT_DFF pass (perform DFF optimizations).

5.41.14.7. Executing OPT_CLEAN pass (remove unused cells and wires).
Finding unused cells or wires in module \conv1d_large_benchmark_top..
Removed 0 unused cells and 24 unused wires.
<suppressed ~1 debug messages>

5.41.14.8. Executing OPT_EXPR pass (perform const folding).
Optimizing module conv1d_large_benchmark_top.

5.41.14.9. Rerunning OPT passes. (Maybe there is more to do..)

5.41.14.10. Executing OPT_MUXTREE pass (detect dead branches in mux trees).
Running muxtree optimizer on module \conv1d_large_benchmark_top..
  Creating internal representation of mux trees.
  No muxes found in this module.
Removed 0 multiplexer ports.

5.41.14.11. Executing OPT_REDUCE pass (consolidate $*mux and $reduce_* inputs).
  Optimizing cells in module \conv1d_large_benchmark_top.
Performed a total of 0 changes.

5.41.14.12. Executing OPT_MERGE pass (detect identical cells).
Finding identical cells in module `\conv1d_large_benchmark_top'.
Removed a total of 0 cells.

5.41.14.13. Executing OPT_DFF pass (perform DFF optimizations).

5.41.14.14. Executing OPT_CLEAN pass (remove unused cells and wires).
Finding unused cells or wires in module \conv1d_large_benchmark_top..

5.41.14.15. Executing OPT_EXPR pass (perform const folding).
Optimizing module conv1d_large_benchmark_top.

5.41.14.16. Finished OPT passes. (There is nothing left to do.)

5.41.15. Executing AIGMAP pass (map logic to AIG).
Module conv1d_large_benchmark_top: replaced 7 cells with 43 new cells, skipped 11 cells.
  replaced 2 cell types:
       2 $_OR_
       5 $_MUX_
  not replaced 3 cell types:
       8 $specify2
       1 $_NOT_
       2 $_AND_

5.41.16. Executing AIGMAP pass (map logic to AIG).
Module conv1d_large_benchmark_top: replaced 2272 cells with 13717 new cells, skipped 3047 cells.
  replaced 2 cell types:
     729 $_OR_
    1543 $_XOR_
  not replaced 8 cell types:
       2 $scopeinfo
      98 $_NOT_
    1512 $_AND_
       1 SB_DFFSR
     408 SB_DFFESR
     208 $paramod$__ICE40_CARRY_WRAPPER\LUT=16'0110100110010110\I3_IS_CI=1'1
     409 $paramod$__ABC9_DELAY\DELAY=32'00000000000000000000000000010101
     409 $paramod$__ABC9_DELAY\DELAY=32'00000000000000000000000011001011

5.41.16.1. Executing ABC9_OPS pass (helper functions for ABC9).

5.41.16.2. Executing ABC9_OPS pass (helper functions for ABC9).

5.41.16.3. Executing XAIGER backend.
<suppressed ~420 debug messages>
Extracted 6870 AND gates and 17040 wires from module `conv1d_large_benchmark_top' to a netlist network with 420 inputs and 853 outputs.

5.41.16.4. Executing ABC9_EXE pass (technology mapping using ABC9).

5.41.16.5. Executing ABC9.
Running ABC command: "<yosys-exe-dir>/yosys-abc" -s -f <abc-temp-dir>/abc.script 2>&1
ABC: ABC command line: "source <abc-temp-dir>/abc.script".
ABC: 
ABC: + read_lut <abc-temp-dir>/input.lut 
ABC: + read_box <abc-temp-dir>/input.box 
ABC: + &read <abc-temp-dir>/input.xaig 
ABC: + &ps 
ABC: <abc-temp-dir>/input : i/o =    420/    853  and =    5358  lev =   36 (0.78)  mem = 0.13 MB  box = 1026  bb = 818
ABC: + &scorr 
ABC: Warning: The network is combinational.
ABC: + &sweep 
ABC: + &dc2 
ABC: + &dch -f 
ABC: + &ps 
ABC: <abc-temp-dir>/input : i/o =    420/    853  and =    3283  lev =   36 (0.93)  mem = 0.09 MB  ch =   14  box = 894  bb = 818
ABC: + &if -W 250 -v 
ABC: K = 4. Memory (bytes): Truth =    0. Cut =   52. Obj =  136. Set =  564. CutMin = no
ABC: Node =    3283.  Ch =    13.  Total mem =    0.97 MB. Peak cut mem =    0.07 MB.
ABC: P:  Del = 9829.00.  Ar =    1111.0.  Edge =     3829.  Cut =    33429.  T =     0.00 sec
ABC: P:  Del = 9829.00.  Ar =    1104.0.  Edge =     3851.  Cut =    32959.  T =     0.01 sec
ABC: P:  Del = 9829.00.  Ar =    1128.0.  Edge =     3776.  Cut =    34099.  T =     0.00 sec
ABC: F:  Del = 9829.00.  Ar =    1024.0.  Edge =     3500.  Cut =    21246.  T =     0.00 sec
ABC: A:  Del = 9829.00.  Ar =    1016.0.  Edge =     3378.  Cut =    21308.  T =     0.00 sec
ABC: A:  Del = 9829.00.  Ar =    1016.0.  Edge =     3376.  Cut =    21561.  T =     0.00 sec
ABC: Total time =     0.02 sec
ABC: + &write -n <abc-temp-dir>/output.aig 
ABC: + &mfs 
ABC: + &ps -l 
ABC: <abc-temp-dir>/input : i/o =    420/    853  and =    6978  lev =   36 (0.83)  mem = 0.13 MB  box = 894  bb = 818
ABC: Mapping (K=4)  :  lut =    947  edge =    3140  lev =   10 (0.25)  Boxes are not in a topological order. Switching to level computation without boxes.
ABC: levB =   36  mem = 0.06 MB
ABC: LUT = 947 : 2=126 13.3 %  3=396 41.8 %  4=425 44.9 %  Ave = 3.32
ABC: + &write -n <abc-temp-dir>/output.aig 
ABC: + time 
ABC: elapse: 8.37 seconds, total: 8.37 seconds

5.41.16.6. Executing AIGER frontend.
<suppressed ~2690 debug messages>
Removed 13171 unused cells and 16613 unused wires.

5.41.16.7. Executing ABC9_OPS pass (helper functions for ABC9).
ABC RESULTS:              $lut cells:      995
ABC RESULTS:   $paramod$__ICE40_CARRY_WRAPPER\LUT=16'0110100110010110\I3_IS_CI=1'1 cells:       76
ABC RESULTS:           input signals:       51
ABC RESULTS:          output signals:      822
Removing temp directory.

5.41.17. Executing TECHMAP pass (map to technology primitives).

5.41.17.1. Executing Verilog-2005 frontend: /opt/homebrew/bin/../share/yosys/abc9_unmap.v
Parsing Verilog input from `/opt/homebrew/bin/../share/yosys/abc9_unmap.v' to AST representation.
Generating RTLIL representation for module `\$__DFF_x__$abc9_flop'.
Generating RTLIL representation for module `\$__ABC9_SCC_BREAKER'.
Successfully finished Verilog frontend.

5.41.17.2. Continuing TECHMAP pass.
Using template $paramod$__ICE40_CARRY_WRAPPER\LUT=16'0110100110010110\I3_IS_CI=1'1 for cells of type $paramod$__ICE40_CARRY_WRAPPER\LUT=16'0110100110010110\I3_IS_CI=1'1.
No more expansions possible.
<suppressed ~82 debug messages>

5.42. Executing ICE40_WRAPCARRY pass (wrap carries).

5.43. Executing TECHMAP pass (map to technology primitives).

5.43.1. Executing Verilog-2005 frontend: /opt/homebrew/bin/../share/yosys/ice40/ff_map.v
Parsing Verilog input from `/opt/homebrew/bin/../share/yosys/ice40/ff_map.v' to AST representation.
Generating RTLIL representation for module `\$_DFF_N_'.
Generating RTLIL representation for module `\$_DFF_P_'.
Generating RTLIL representation for module `\$_DFFE_NP_'.
Generating RTLIL representation for module `\$_DFFE_PP_'.
Generating RTLIL representation for module `\$_DFF_NP0_'.
Generating RTLIL representation for module `\$_DFF_NP1_'.
Generating RTLIL representation for module `\$_DFF_PP0_'.
Generating RTLIL representation for module `\$_DFF_PP1_'.
Generating RTLIL representation for module `\$_DFFE_NP0P_'.
Generating RTLIL representation for module `\$_DFFE_NP1P_'.
Generating RTLIL representation for module `\$_DFFE_PP0P_'.
Generating RTLIL representation for module `\$_DFFE_PP1P_'.
Generating RTLIL representation for module `\$_SDFF_NP0_'.
Generating RTLIL representation for module `\$_SDFF_NP1_'.
Generating RTLIL representation for module `\$_SDFF_PP0_'.
Generating RTLIL representation for module `\$_SDFF_PP1_'.
Generating RTLIL representation for module `\$_SDFFCE_NP0P_'.
Generating RTLIL representation for module `\$_SDFFCE_NP1P_'.
Generating RTLIL representation for module `\$_SDFFCE_PP0P_'.
Generating RTLIL representation for module `\$_SDFFCE_PP1P_'.
Successfully finished Verilog frontend.

5.43.2. Continuing TECHMAP pass.
No more expansions possible.
<suppressed ~22 debug messages>
Removed 25 unused cells and 16667 unused wires.

5.44. Executing OPT_LUT pass (optimize LUTs).
Discovering LUTs.
Number of LUTs:     1071
  1-LUT               48
  2-LUT              132
  3-LUT              466
  4-LUT              425
  with \SB_CARRY    (#0)   69
  with \SB_CARRY    (#1)   69

Eliminating LUTs.
Number of LUTs:     1071
  1-LUT               48
  2-LUT              132
  3-LUT              466
  4-LUT              425
  with \SB_CARRY    (#0)   69
  with \SB_CARRY    (#1)   69

Combining LUTs.
Number of LUTs:     1071
  1-LUT               48
  2-LUT              132
  3-LUT              466
  4-LUT              425
  with \SB_CARRY    (#0)   69
  with \SB_CARRY    (#1)   69

Eliminated 0 LUTs.
Combined 0 LUTs.
<suppressed ~3015 debug messages>

5.45. Executing TECHMAP pass (map to technology primitives).

5.45.1. Executing Verilog-2005 frontend: /opt/homebrew/bin/../share/yosys/ice40/cells_map.v
Parsing Verilog input from `/opt/homebrew/bin/../share/yosys/ice40/cells_map.v' to AST representation.
Generating RTLIL representation for module `\$lut'.
Successfully finished Verilog frontend.

5.45.2. Continuing TECHMAP pass.
Using template $paramod\$lut\WIDTH=32'00000000000000000000000000000001\LUT=2'01 for cells of type $lut.
Using template $paramod$fd904e9e35cfd343a9df248824bd3f1408724879\$lut for cells of type $lut.
Using template $paramod\$lut\WIDTH=32'00000000000000000000000000000011\LUT=8'11010100 for cells of type $lut.
Using template $paramod$7c418fbd5d01676c615e2904ea5646d50988ba6a\$lut for cells of type $lut.
Using template $paramod$34381cfcbc83cddaa163bf4909fba3e7f04244d9\$lut for cells of type $lut.
Using template $paramod\$lut\WIDTH=32'00000000000000000000000000000011\LUT=8'10010110 for cells of type $lut.
Using template $paramod$f70269f202d4dce0365aebaed07094a4216142a8\$lut for cells of type $lut.
Using template $paramod$111f8c0bfad19fd2eab2ccc44f00d5beb136fc1a\$lut for cells of type $lut.
Using template $paramod\$lut\WIDTH=32'00000000000000000000000000000011\LUT=8'10110010 for cells of type $lut.
Using template $paramod$cd32cfde602a94b80aa21c2c24adfaee74ee23f3\$lut for cells of type $lut.
Using template $paramod\$lut\WIDTH=32'00000000000000000000000000000011\LUT=8'10110100 for cells of type $lut.
Using template $paramod$8d7e631403a80aa650e318c82a10887417c8ada0\$lut for cells of type $lut.
Using template $paramod$857512ea84a5fe5464efcd374b77666399ea78e1\$lut for cells of type $lut.
Using template $paramod$b7685cb0c8a6753256bc84bc31d36a443c15fab7\$lut for cells of type $lut.
Using template $paramod\$lut\WIDTH=32'00000000000000000000000000000010\LUT=4'1001 for cells of type $lut.
Using template $paramod$df196ed0a1da5c4a58c5e08a1dac304fd3fccaab\$lut for cells of type $lut.
Using template $paramod\$lut\WIDTH=32'00000000000000000000000000000011\LUT=8'00010111 for cells of type $lut.
Using template $paramod$61c387311e0b7b1481f282cf3d339bc22e86cf60\$lut for cells of type $lut.
Using template $paramod$718208d0d7c444e4924e09c40d40e7ac2bd4dfe6\$lut for cells of type $lut.
Using template $paramod\$lut\WIDTH=32'00000000000000000000000000000011\LUT=8'01101001 for cells of type $lut.
Using template $paramod\$lut\WIDTH=32'00000000000000000000000000000010\LUT=4'0110 for cells of type $lut.
Using template $paramod$9a9667a1df0ca7c7bfd1e1e669e4ec6b25f2b2cf\$lut for cells of type $lut.
Using template $paramod\$lut\WIDTH=32'00000000000000000000000000000011\LUT=8'11101000 for cells of type $lut.
Using template $paramod$4282def8dbd6df3d1248ad282c629bee684502c2\$lut for cells of type $lut.
Using template $paramod\$lut\WIDTH=32'00000000000000000000000000000010\LUT=4'0100 for cells of type $lut.
Using template $paramod$5aade32a42eeea80d52be580c6f168f2efa73bd2\$lut for cells of type $lut.
Using template $paramod$7793af14a1d1a9df09b7264353e3dfaa774cd044\$lut for cells of type $lut.
Using template $paramod\$lut\WIDTH=32'00000000000000000000000000000011\LUT=8'00000110 for cells of type $lut.
Using template $paramod$b26fbfdb68e98cf016d61a8611b449e9f4a30f3c\$lut for cells of type $lut.
Using template $paramod$ee55d4d1d1d7325f58dbdbfce0ec75c463d4291c\$lut for cells of type $lut.
Using template $paramod$c65acfd61ae70b5ce04c0aafaf2a256ff80af4df\$lut for cells of type $lut.
Using template $paramod$ed4b624f477a67dbd878e676981471b9a7808c29\$lut for cells of type $lut.
Using template $paramod$0fb3437f3229691986674bbb93ca3e579291b720\$lut for cells of type $lut.
Using template $paramod\$lut\WIDTH=32'00000000000000000000000000000011\LUT=8'11010010 for cells of type $lut.
Using template $paramod$ef14303192218c8dd28cb97c03357085cb7c4d4d\$lut for cells of type $lut.
Using template $paramod$2955ab75367a3dc9d6f50d3655eebcd4f615031f\$lut for cells of type $lut.
Using template $paramod$bb71bff1269f21262324e9e77ea2b51236b5cf06\$lut for cells of type $lut.
Using template $paramod\$lut\WIDTH=32'00000000000000000000000000000010\LUT=4'1000 for cells of type $lut.
Using template $paramod$e87c652d68339e0a13e8ac3dd39fd0a21e0079b7\$lut for cells of type $lut.
Using template $paramod$2bdfdda73873e8931790d872b72220895e67fee5\$lut for cells of type $lut.
Using template $paramod\$lut\WIDTH=32'00000000000000000000000000000011\LUT=8'10001101 for cells of type $lut.
Using template $paramod\$lut\WIDTH=32'00000000000000000000000000000011\LUT=8'01001101 for cells of type $lut.
Using template $paramod$60c57a531d15ac3dc4cc2d9845c81479cc8e53ec\$lut for cells of type $lut.
Using template $paramod$5b13d2ee598c87cdbe912286a35c6fd102e2087c\$lut for cells of type $lut.
Using template $paramod$37275f9005096a8b3beded7be16e5d19f7397fa0\$lut for cells of type $lut.
Using template $paramod$595b4955041ceff09e28d600fe79275c24ba9878\$lut for cells of type $lut.
Using template $paramod\$lut\WIDTH=32'00000000000000000000000000000011\LUT=8'01001110 for cells of type $lut.
Using template $paramod$69f20e0703606f2ffd2ee27cd26f815bd5eeb6e9\$lut for cells of type $lut.
Using template $paramod$61af77eed7f358aa49c13132fc0b60ac3ba6c211\$lut for cells of type $lut.
Using template $paramod$24b67fade1852074c0ac6a4c585dd4228e286f08\$lut for cells of type $lut.
Using template $paramod\$lut\WIDTH=32'00000000000000000000000000000011\LUT=8'10001110 for cells of type $lut.
Using template $paramod$01c2ba0d5fa454e49f20c5667ef7cfab937f9ed6\$lut for cells of type $lut.
Using template $paramod\$lut\WIDTH=32'00000000000000000000000000000011\LUT=8'00001001 for cells of type $lut.
Using template $paramod\$lut\WIDTH=32'00000000000000000000000000000011\LUT=8'00101011 for cells of type $lut.
Using template $paramod$5f1d3a143c9c87ab46abfde5f2b7762cf4000f70\$lut for cells of type $lut.
Using template $paramod$51adb1afea57a9560b9534400e9af12cb2df0ba0\$lut for cells of type $lut.
Using template $paramod$d70afe532c66c381db66176e68a0fd16e8677a90\$lut for cells of type $lut.
Using template $paramod\$lut\WIDTH=32'00000000000000000000000000000010\LUT=4'0010 for cells of type $lut.
Using template $paramod$4e309f6669eadcfa589d4ae302672e3a030a20a5\$lut for cells of type $lut.
Using template $paramod\$lut\WIDTH=32'00000000000000000000000000000011\LUT=8'10110001 for cells of type $lut.
Using template $paramod$5829f5d2a4c5757263ee6385c6142d3c7cf9e5be\$lut for cells of type $lut.
Using template $paramod$7f0c33ebaba0ede46854143fc6bff56677faafba\$lut for cells of type $lut.
Using template $paramod$b2c7e1eb2b5ed48d21e2b3da2f75f0537bc7b04a\$lut for cells of type $lut.
Using template $paramod\$lut\WIDTH=32'00000000000000000000000000000011\LUT=8'00011110 for cells of type $lut.
Using template $paramod$239a649c3c5dcff42e28a38401931acf401ef810\$lut for cells of type $lut.
Using template $paramod$bd7578d8ce3e2437ea907b1d5f654d907114be68\$lut for cells of type $lut.
Using template $paramod$3fbf9e179448527cc5870685155541058c0f9f7a\$lut for cells of type $lut.
Using template $paramod$480632dc6f7c037df6062cf8bf88300b5262c395\$lut for cells of type $lut.
Using template $paramod\$lut\WIDTH=32'00000000000000000000000000000010\LUT=4'0001 for cells of type $lut.
Using template $paramod$c6705c2d9a5ca1e5236b47844e83005fc173deff\$lut for cells of type $lut.
Using template $paramod$45bc8a035811672fb24512b03898abf475979d07\$lut for cells of type $lut.
Using template $paramod\$lut\WIDTH=32'00000000000000000000000000000011\LUT=8'10000010 for cells of type $lut.
Using template $paramod$44c6e72b8b9fd45a13a1c0d9a081c38b5c08eabf\$lut for cells of type $lut.
Using template $paramod$8512f4fb47fa9596f76cdbe5b407a5b54df368e7\$lut for cells of type $lut.
Using template $paramod\$lut\WIDTH=32'00000000000000000000000000000011\LUT=8'10010000 for cells of type $lut.
Using template $paramod\$lut\WIDTH=32'00000000000000000000000000000011\LUT=8'00010010 for cells of type $lut.
Using template $paramod$10a6d42c84663fca6c1622800fdec61acbd34667\$lut for cells of type $lut.
Using template $paramod$8466aae7f3132f822e70bbd8738850d820750479\$lut for cells of type $lut.
Using template $paramod$bbb10333e84a7e80f65e1494ebbfbf3f28568fcd\$lut for cells of type $lut.
Using template $paramod$acf49cb7bd2805dee4b4ebb218aa5924b1be7704\$lut for cells of type $lut.
Using template $paramod$b30bebc72dd0e5d803f249e61f4e944f7b20c163\$lut for cells of type $lut.
Using template $paramod\$lut\WIDTH=32'00000000000000000000000000000011\LUT=8'11100100 for cells of type $lut.
Using template $paramod$74db7ebdc203ab2b8e34f5d81b5d1b49c6ee3ec6\$lut for cells of type $lut.
Using template $paramod$3fd12db03aeee29b04c450792ea328ef1bb1f18d\$lut for cells of type $lut.
Using template $paramod$e3fc9b30b58fba9f0d7b53dcaa617e2b28b350ae\$lut for cells of type $lut.
Using template $paramod\$lut\WIDTH=32'00000000000000000000000000000011\LUT=8'01001011 for cells of type $lut.
Using template $paramod$fd24ba8adbaf0b75005db1aa455afcfc2d436527\$lut for cells of type $lut.
Using template $paramod$2810ddd0789ca93e4086ed4a7af86ecda961198e\$lut for cells of type $lut.
Using template $paramod$28ba90bb95963b63750b27cda749dbcd75757c3a\$lut for cells of type $lut.
Using template $paramod$98d40e23bb57d56e14345fb0942003de3e361f25\$lut for cells of type $lut.
Using template $paramod$e5cb8e913f4daae476fde2b364998f21967f1f08\$lut for cells of type $lut.
Using template $paramod$2f3577571d5c3142f074016ee0edb7ccc9033855\$lut for cells of type $lut.
Using template $paramod$0dd26dc33db10671dd5dbd19fcd0df2680097d6e\$lut for cells of type $lut.
Using template $paramod$ec51a0843892a6126a7733ec10fa59bd5a35352f\$lut for cells of type $lut.
Using template $paramod$2e242b3870fd1c78b14e7f95ffa17bf0b3a3339c\$lut for cells of type $lut.
Using template $paramod\$lut\WIDTH=32'00000000000000000000000000000011\LUT=8'01000001 for cells of type $lut.
Using template $paramod$f1029f646005abda698426a043a7c8fe4e2bd078\$lut for cells of type $lut.
Using template $paramod$a3ae0924cde80889c6e05ae61ecf799facf8ded5\$lut for cells of type $lut.
Using template $paramod$a70c36ce9c272ff5b653554a904c7bf311d2f478\$lut for cells of type $lut.
Using template $paramod$6d6beead1425af15cf78b27fd9b11b41b5d4bce8\$lut for cells of type $lut.
Using template $paramod\$lut\WIDTH=32'00000000000000000000000000000011\LUT=8'00101110 for cells of type $lut.
Using template $paramod$25003f26a78bb2f583f23824f1e0b8cc16b88761\$lut for cells of type $lut.
Using template $paramod\$lut\WIDTH=32'00000000000000000000000000000011\LUT=8'01111110 for cells of type $lut.
Using template $paramod\$lut\WIDTH=32'00000000000000000000000000000011\LUT=8'00010000 for cells of type $lut.
Using template $paramod\$lut\WIDTH=32'00000000000000000000000000000011\LUT=8'00001011 for cells of type $lut.
Using template $paramod\$lut\WIDTH=32'00000000000000000000000000000011\LUT=8'11100001 for cells of type $lut.
Using template $paramod\$lut\WIDTH=32'00000000000000000000000000000011\LUT=8'00100000 for cells of type $lut.
Using template $paramod$5e96c51e862795fcf5123ad90ed33b3bddf109cb\$lut for cells of type $lut.
Using template $paramod$60e0a526d5120cb853aa823aea6dcb02645a9f39\$lut for cells of type $lut.
Using template $paramod$53a931967d4390280138fe919abce921b83af282\$lut for cells of type $lut.
Using template $paramod$b8251bd6a6009b7f8717eeee6d4ce1ee764681fb\$lut for cells of type $lut.
Using template $paramod$510a7340b4f60ca9990f7505cadf24dcdeae0f32\$lut for cells of type $lut.
Using template $paramod$0d4690069fe2dfddf2f34a209eb228623f986a1e\$lut for cells of type $lut.
Using template $paramod$bfe22c8b84d59da01a0d5f64a43ce85bbe441179\$lut for cells of type $lut.
Using template $paramod$d6ca727e39f31d51d29072e0f33aa09c65e37336\$lut for cells of type $lut.
Using template $paramod$487fcf47adc3ad08bbaaca1bd93e16de85c4d320\$lut for cells of type $lut.
Using template $paramod$545506bd116676813f41816e238f31427fbb4a59\$lut for cells of type $lut.
Using template $paramod$a85ebd6dbce260a424aa930b9de7e23340032580\$lut for cells of type $lut.
Using template $paramod\$lut\WIDTH=32'00000000000000000000000000000011\LUT=8'10101001 for cells of type $lut.
Using template $paramod$e211c3929b7c4a5a9666180a7619ec6dc9c22584\$lut for cells of type $lut.
Using template $paramod$39cd8733c1cb3eddde2c7f68a282400acbcf8fb7\$lut for cells of type $lut.
Using template $paramod\$lut\WIDTH=32'00000000000000000000000000000011\LUT=8'11100111 for cells of type $lut.
Using template $paramod\$lut\WIDTH=32'00000000000000000000000000000011\LUT=8'10101100 for cells of type $lut.
Using template $paramod$cfe3ceab1ea50bd0165884965062a78fff9c9759\$lut for cells of type $lut.
Using template $paramod$f55f4b90ec8e3e648d5c29eab1fa5ddd64b3f973\$lut for cells of type $lut.
Using template $paramod$ddbfe91e78a83b872610cd39ca850c170dfcacd5\$lut for cells of type $lut.
Using template $paramod$89ce1067ddd7d1b862c35a14cf05e043d151c807\$lut for cells of type $lut.
Using template $paramod$b1d51c0d972e3b43236c1c6aa73dc58843eb43e3\$lut for cells of type $lut.
Using template $paramod\$lut\WIDTH=32'00000000000000000000000000000011\LUT=8'00001000 for cells of type $lut.
Using template $paramod$98ada11c277c53a4e93fe7b4d678bb83dfcc515d\$lut for cells of type $lut.
Using template $paramod$c4e2930f78e413be797d30e0655a9e8a09e64f77\$lut for cells of type $lut.
Using template $paramod\$lut\WIDTH=32'00000000000000000000000000000011\LUT=8'11100000 for cells of type $lut.
Using template $paramod$a045a921d2865466a8c851697a6a6f3074a3f75f\$lut for cells of type $lut.
Using template $paramod$2141e9ecb6471bce167b5191a2f3523a74f22087\$lut for cells of type $lut.
Using template $paramod$90bf02bfbc9ec8907e9d716c05e921b93d4705fd\$lut for cells of type $lut.
Using template $paramod$b93d1ea7a612a32c185108f67a153d44ffb9aac2\$lut for cells of type $lut.
Using template $paramod$bbb2ca68d7b5a4c5b6c3e63e8cecbbdbe52ff8db\$lut for cells of type $lut.
Using template $paramod$98089096d11bece74fbb4a3ded018d09258df2a4\$lut for cells of type $lut.
Using template $paramod\$lut\WIDTH=32'00000000000000000000000000000011\LUT=8'00011011 for cells of type $lut.
Using template $paramod$3d2817733dfd041717f295e2cd6fa130680770e1\$lut for cells of type $lut.
Using template $paramod$e40c6567544fbd351b2d76d8534503345e063037\$lut for cells of type $lut.
Using template $paramod$10ec4d246294f6b539d2b84a1d27107c9b1aa838\$lut for cells of type $lut.
Using template $paramod$ff018f8118c9d0c954d62f1fec3ad144d393db1f\$lut for cells of type $lut.
Using template $paramod$69bcd8be871c8af4821a3c1374522c5b81897233\$lut for cells of type $lut.
Using template $paramod\$lut\WIDTH=32'00000000000000000000000000000011\LUT=8'00100111 for cells of type $lut.
Using template $paramod$1c90c77c2db36188eacc8d86dc7c5b73360a4089\$lut for cells of type $lut.
Using template $paramod$14856da29b64ca849b2293c96ae1422544c022c1\$lut for cells of type $lut.
Using template $paramod\$lut\WIDTH=32'00000000000000000000000000000011\LUT=8'11011000 for cells of type $lut.
Using template $paramod$4f2ff369e573efd7ef2034d2c1f6c1a1cc73b2b7\$lut for cells of type $lut.
Using template $paramod$b2077130d89736f5191d0d24f7f6ffd3bddb0a2d\$lut for cells of type $lut.
Using template $paramod$94d5fc7f7d3f71ae26b9c1532bd8787f0c4d523d\$lut for cells of type $lut.
Using template $paramod\$lut\WIDTH=32'00000000000000000000000000000011\LUT=8'01110001 for cells of type $lut.
Using template $paramod$a547ebbcb936a0942e18c1762283837f76f0003a\$lut for cells of type $lut.
Using template $paramod\$lut\WIDTH=32'00000000000000000000000000000011\LUT=8'00000010 for cells of type $lut.
Using template $paramod$90b499009889daab8f9b82c9a03bab65326c30e0\$lut for cells of type $lut.
Using template $paramod$713d91c65b7c1ace3d5e9b3a22f1de5ae8ca3bfe\$lut for cells of type $lut.
Using template $paramod$704cad882e2bedddf5c55ef18de55c67afe1e0ec\$lut for cells of type $lut.
Using template $paramod\$lut\WIDTH=32'00000000000000000000000000000010\LUT=4'1110 for cells of type $lut.
No more expansions possible.
<suppressed ~3128 debug messages>
Removed 0 unused cells and 2727 unused wires.

5.46. Executing AUTONAME pass.
Renamed 55290 objects in module conv1d_large_benchmark_top (180 iterations).
<suppressed ~2104 debug messages>

5.47. Executing HIERARCHY pass (managing design hierarchy).

5.47.1. Analyzing design hierarchy..
Top module:  \conv1d_large_benchmark_top

5.47.2. Analyzing design hierarchy..
Top module:  \conv1d_large_benchmark_top
Removed 0 unused modules.

5.48. Printing statistics.

=== conv1d_large_benchmark_top ===

   Number of wires:                624
   Number of wire bits:           2225
   Number of public wires:         624
   Number of public wire bits:    2225
   Number of ports:                  7
   Number of port bits:             45
   Number of memories:               0
   Number of memory bits:            0
   Number of processes:              0
   Number of cells:               1551
     $scopeinfo                      2
     SB_CARRY                       69
     SB_DFFESR                     408
     SB_DFFSR                        1
     SB_LUT4                      1071

5.49. Executing CHECK pass (checking for obvious problems).
Checking module conv1d_large_benchmark_top...
Found and reported 0 problems.

5.50. Executing JSON backend.

Warnings: 1 unique messages, 3 total
End of script. Logfile hash: 12a565ff83, CPU: user 2.20s system 0.07s
Yosys 0.42 (git sha1 9b6afcf3f, clang++ 15.0.0 -fPIC -Os)
Time spent: 77% 1x abc9_exe (7 sec), 4% 29x opt_expr (0 sec), ...
