block_idx,model_ns,block_ns,frames_processed,overrun,warmup,execution_mode,history_mode,scratch_mode,inference_chunk_frames,effective_chunk_frames
0,210834,214833,16,0,1,fused_streaming,circular,persistent,1,1
1,218625,222417,16,0,1,fused_streaming,circular,persistent,1,1
2,236542,240791,16,0,1,fused_streaming,circular,persistent,1,1
3,240125,244042,16,0,1,fused_streaming,circular,persistent,1,1
4,234875,238750,16,0,1,fused_streaming,circular,persistent,1,1
5,243000,246875,16,0,1,fused_streaming,circular,persistent,1,1
6,241292,245291,16,0,1,fused_streaming,circular,persistent,1,1
7,238166,242083,16,0,1,fused_streaming,circular,persistent,1,1
8,239625,243500,16,0,1,fused_streaming,circular,persistent,1,1
9,231958,235750,16,0,1,fused_streaming,circular,persistent,1,1
10,229417,233292,16,0,1,fused_streaming,circular,persistent,1,1
11,245083,248958,16,0,1,fused_streaming,circular,persistent,1,1
12,241917,245792,16,0,1,fused_streaming,circular,persistent,1,1
13,234917,239000,16,0,1,fused_streaming,circular,persistent,1,1
14,274459,278583,16,0,1,fused_streaming,circular,persistent,1,1
15,248292,252208,16,0,1,fused_streaming,circular,persistent,1,1
16,248083,252166,16,0,1,fused_streaming,circular,persistent,1,1
17,247792,251709,16,0,1,fused_streaming,circular,persistent,1,1
18,242166,246125,16,0,1,fused_streaming,circular,persistent,1,1
19,242041,245958,16,0,1,fused_streaming,circular,persistent,1,1
20,255584,259583,16,0,1,fused_streaming,circular,persistent,1,1
21,258333,262167,16,0,1,fused_streaming,circular,persistent,1,1
22,250875,254708,16,0,1,fused_streaming,circular,persistent,1,1
23,251583,255458,16,0,1,fused_streaming,circular,persistent,1,1
24,259292,267792,16,0,1,fused_streaming,circular,persistent,1,1
25,294709,298750,16,0,1,fused_streaming,circular,persistent,1,1
26,253209,257125,16,0,1,fused_streaming,circular,persistent,1,1
27,241500,245458,16,0,1,fused_streaming,circular,persistent,1,1
28,243334,247208,16,0,1,fused_streaming,circular,persistent,1,1
29,246791,250667,16,0,1,fused_streaming,circular,persistent,1,1
30,248917,252833,16,0,1,fused_streaming,circular,persistent,1,1
31,246416,250250,16,0,1,fused_streaming,circular,persistent,1,1
32,246500,250292,16,0,1,fused_streaming,circular,persistent,1,1
33,248792,252708,16,0,1,fused_streaming,circular,persistent,1,1
34,252416,256333,16,0,1,fused_streaming,circular,persistent,1,1
35,247375,251250,16,0,1,fused_streaming,circular,persistent,1,1
36,236041,239958,16,0,1,fused_streaming,circular,persistent,1,1
37,228834,237000,16,0,1,fused_streaming,circular,persistent,1,1
38,228833,233041,16,0,1,fused_streaming,circular,persistent,1,1
39,221334,229334,16,0,1,fused_streaming,circular,persistent,1,1
40,234458,238667,16,0,1,fused_streaming,circular,persistent,1,1
41,243125,247042,16,0,1,fused_streaming,circular,persistent,1,1
42,249334,253250,16,0,1,fused_streaming,circular,persistent,1,1
43,248750,252583,16,0,1,fused_streaming,circular,persistent,1,1
44,257583,261500,16,0,1,fused_streaming,circular,persistent,1,1
45,255959,259958,16,0,1,fused_streaming,circular,persistent,1,1
46,246292,250209,16,0,1,fused_streaming,circular,persistent,1,1
47,251583,255541,16,0,1,fused_streaming,circular,persistent,1,1
48,256125,264000,16,0,1,fused_streaming,circular,persistent,1,1
49,249583,253459,16,0,1,fused_streaming,circular,persistent,1,1
50,255292,259125,16,0,1,fused_streaming,circular,persistent,1,1
51,256459,260250,16,0,1,fused_streaming,circular,persistent,1,1
52,263542,267375,16,0,1,fused_streaming,circular,persistent,1,1
53,259500,263333,16,0,1,fused_streaming,circular,persistent,1,1
54,259417,263375,16,0,1,fused_streaming,circular,persistent,1,1
55,250334,254209,16,0,1,fused_streaming,circular,persistent,1,1
56,247459,251292,16,0,1,fused_streaming,circular,persistent,1,1
57,227292,231125,16,0,1,fused_streaming,circular,persistent,1,1
58,230167,234083,16,0,1,fused_streaming,circular,persistent,1,1
59,237750,241583,16,0,1,fused_streaming,circular,persistent,1,1
60,243041,246917,16,0,1,fused_streaming,circular,persistent,1,1
61,249541,253458,16,0,1,fused_streaming,circular,persistent,1,1
62,251334,255292,16,0,1,fused_streaming,circular,persistent,1,1
63,242375,246209,16,0,1,fused_streaming,circular,persistent,1,1
64,247875,251959,16,0,1,fused_streaming,circular,persistent,1,1
65,245042,249000,16,0,1,fused_streaming,circular,persistent,1,1
66,248000,251875,16,0,1,fused_streaming,circular,persistent,1,1
67,243125,247000,16,0,1,fused_streaming,circular,persistent,1,1
68,249500,253333,16,0,1,fused_streaming,circular,persistent,1,1
69,241709,245584,16,0,1,fused_streaming,circular,persistent,1,1
70,239750,243542,16,0,1,fused_streaming,circular,persistent,1,1
71,238417,242250,16,0,1,fused_streaming,circular,persistent,1,1
72,245250,249125,16,0,1,fused_streaming,circular,persistent,1,1
73,246500,250500,16,0,1,fused_streaming,circular,persistent,1,1
74,248167,256542,16,0,1,fused_streaming,circular,persistent,1,1
75,258125,262042,16,0,1,fused_streaming,circular,persistent,1,1
76,258500,262375,16,0,1,fused_streaming,circular,persistent,1,1
77,251083,254958,16,0,1,fused_streaming,circular,persistent,1,1
78,254250,258208,16,0,1,fused_streaming,circular,persistent,1,1
79,257583,261375,16,0,1,fused_streaming,circular,persistent,1,1
80,264042,268000,16,0,1,fused_streaming,circular,persistent,1,1
81,261375,265375,16,0,1,fused_streaming,circular,persistent,1,1
82,250666,254667,16,0,1,fused_streaming,circular,persistent,1,1
83,250208,254083,16,0,1,fused_streaming,circular,persistent,1,1
84,243875,247792,16,0,1,fused_streaming,circular,persistent,1,1
85,230750,234625,16,0,1,fused_streaming,circular,persistent,1,1
86,224125,228000,16,0,1,fused_streaming,circular,persistent,1,1
87,226792,230709,16,0,1,fused_streaming,circular,persistent,1,1
88,239125,243041,16,0,1,fused_streaming,circular,persistent,1,1
89,238292,242125,16,0,1,fused_streaming,circular,persistent,1,1
90,248125,252041,16,0,1,fused_streaming,circular,persistent,1,1
91,247042,251000,16,0,1,fused_streaming,circular,persistent,1,1
92,236250,240167,16,0,1,fused_streaming,circular,persistent,1,1
93,239625,243500,16,0,1,fused_streaming,circular,persistent,1,1
94,234708,238625,16,0,1,fused_streaming,circular,persistent,1,1
95,244708,248625,16,0,1,fused_streaming,circular,persistent,1,1
96,245166,249000,16,0,1,fused_streaming,circular,persistent,1,1
97,267708,271667,16,0,1,fused_streaming,circular,persistent,1,1
98,228333,232375,16,0,1,fused_streaming,circular,persistent,1,1
99,243417,247291,16,0,1,fused_streaming,circular,persistent,1,1
100,246541,254666,16,0,0,fused_streaming,circular,persistent,1,1
101,303875,307917,16,0,0,fused_streaming,circular,persistent,1,1
102,253500,257417,16,0,0,fused_streaming,circular,persistent,1,1
103,255542,259416,16,0,0,fused_streaming,circular,persistent,1,1
104,253958,257875,16,0,0,fused_streaming,circular,persistent,1,1
105,252459,256292,16,0,0,fused_streaming,circular,persistent,1,1
106,254250,258083,16,0,0,fused_streaming,circular,persistent,1,1
107,262000,265834,16,0,0,fused_streaming,circular,persistent,1,1
108,258125,262042,16,0,0,fused_streaming,circular,persistent,1,1
109,255375,259416,16,0,0,fused_streaming,circular,persistent,1,1
110,253458,257458,16,0,0,fused_streaming,circular,persistent,1,1
111,242625,246583,16,0,0,fused_streaming,circular,persistent,1,1
112,227500,231333,16,0,0,fused_streaming,circular,persistent,1,1
113,230292,234334,16,0,0,fused_streaming,circular,persistent,1,1
114,269375,273500,16,0,0,fused_streaming,circular,persistent,1,1
115,234250,238125,16,0,0,fused_streaming,circular,persistent,1,1
116,229166,233083,16,0,0,fused_streaming,circular,persistent,1,1
117,243125,247042,16,0,0,fused_streaming,circular,persistent,1,1
118,241667,245542,16,0,0,fused_streaming,circular,persistent,1,1
119,239875,243750,16,0,0,fused_streaming,circular,persistent,1,1
120,234708,238583,16,0,0,fused_streaming,circular,persistent,1,1
121,240709,244584,16,0,0,fused_streaming,circular,persistent,1,1
122,242792,246792,16,0,0,fused_streaming,circular,persistent,1,1
123,239500,243542,16,0,0,fused_streaming,circular,persistent,1,1
124,233875,237709,16,0,0,fused_streaming,circular,persistent,1,1
125,240959,245000,16,0,0,fused_streaming,circular,persistent,1,1
126,246083,249917,16,0,0,fused_streaming,circular,persistent,1,1
127,244542,248708,16,0,0,fused_streaming,circular,persistent,1,1
128,247833,251709,16,0,0,fused_streaming,circular,persistent,1,1
129,245667,249583,16,0,0,fused_streaming,circular,persistent,1,1
130,247000,250792,16,0,0,fused_streaming,circular,persistent,1,1
131,259000,263166,16,0,0,fused_streaming,circular,persistent,1,1
132,253667,257500,16,0,0,fused_streaming,circular,persistent,1,1
133,251750,255625,16,0,0,fused_streaming,circular,persistent,1,1
134,294791,298792,16,0,0,fused_streaming,circular,persistent,1,1
135,257666,261625,16,0,0,fused_streaming,circular,persistent,1,1
136,259500,263417,16,0,0,fused_streaming,circular,persistent,1,1
137,252791,256708,16,0,0,fused_streaming,circular,persistent,1,1
138,254083,257958,16,0,0,fused_streaming,circular,persistent,1,1
139,246625,250459,16,0,0,fused_streaming,circular,persistent,1,1
140,236458,240375,16,0,0,fused_streaming,circular,persistent,1,1
141,224708,228667,16,0,0,fused_streaming,circular,persistent,1,1
142,226959,230834,16,0,0,fused_streaming,circular,persistent,1,1
143,226750,230875,16,0,0,fused_streaming,circular,persistent,1,1
144,230708,234625,16,0,0,fused_streaming,circular,persistent,1,1
145,241208,245041,16,0,0,fused_streaming,circular,persistent,1,1
146,245417,249208,16,0,0,fused_streaming,circular,persistent,1,1
147,242875,246708,16,0,0,fused_streaming,circular,persistent,1,1
148,238666,242625,16,0,0,fused_streaming,circular,persistent,1,1
149,237917,241792,16,0,0,fused_streaming,circular,persistent,1,1
150,232750,236834,16,0,0,fused_streaming,circular,persistent,1,1
151,231458,235625,16,0,0,fused_streaming,circular,persistent,1,1
152,235250,239042,16,0,0,fused_streaming,circular,persistent,1,1
153,243791,247750,16,0,0,fused_streaming,circular,persistent,1,1
154,239500,243333,16,0,0,fused_streaming,circular,persistent,1,1
155,246500,250541,16,0,0,fused_streaming,circular,persistent,1,1
156,247750,251583,16,0,0,fused_streaming,circular,persistent,1,1
157,245667,249541,16,0,0,fused_streaming,circular,persistent,1,1
158,247375,251167,16,0,0,fused_streaming,circular,persistent,1,1
159,261667,265584,16,0,0,fused_streaming,circular,persistent,1,1
160,292166,296208,16,0,0,fused_streaming,circular,persistent,1,1
161,252500,256333,16,0,0,fused_streaming,circular,persistent,1,1
162,261750,265750,16,0,0,fused_streaming,circular,persistent,1,1
163,262792,266667,16,0,0,fused_streaming,circular,persistent,1,1
164,259083,262958,16,0,0,fused_streaming,circular,persistent,1,1
165,255166,259125,16,0,0,fused_streaming,circular,persistent,1,1
166,249208,253125,16,0,0,fused_streaming,circular,persistent,1,1
167,238500,242458,16,0,0,fused_streaming,circular,persistent,1,1
168,228500,232417,16,0,0,fused_streaming,circular,persistent,1,1
169,234667,238625,16,0,0,fused_streaming,circular,persistent,1,1
170,218583,222458,16,0,0,fused_streaming,circular,persistent,1,1
171,229250,233167,16,0,0,fused_streaming,circular,persistent,1,1
172,239667,243875,16,0,0,fused_streaming,circular,persistent,1,1
173,243166,247042,16,0,0,fused_streaming,circular,persistent,1,1
174,250667,254625,16,0,0,fused_streaming,circular,persistent,1,1
175,238083,241959,16,0,0,fused_streaming,circular,persistent,1,1
176,246666,250625,16,0,0,fused_streaming,circular,persistent,1,1
177,245375,249250,16,0,0,fused_streaming,circular,persistent,1,1
178,244084,248000,16,0,0,fused_streaming,circular,persistent,1,1
179,246333,250292,16,0,0,fused_streaming,circular,persistent,1,1
180,265958,270000,16,0,0,fused_streaming,circular,persistent,1,1
181,234125,238000,16,0,0,fused_streaming,circular,persistent,1,1
182,302417,306500,16,0,0,fused_streaming,circular,persistent,1,1
183,250667,254541,16,0,0,fused_streaming,circular,persistent,1,1
184,241500,245417,16,0,0,fused_streaming,circular,persistent,1,1
185,245833,249833,16,0,0,fused_streaming,circular,persistent,1,1
186,259917,263916,16,0,0,fused_streaming,circular,persistent,1,1
187,251750,255625,16,0,0,fused_streaming,circular,persistent,1,1
188,246084,249958,16,0,0,fused_streaming,circular,persistent,1,1
189,252125,256041,16,0,0,fused_streaming,circular,persistent,1,1
190,262542,266459,16,0,0,fused_streaming,circular,persistent,1,1
191,260792,264875,16,0,0,fused_streaming,circular,persistent,1,1
192,252292,256250,16,0,0,fused_streaming,circular,persistent,1,1
193,253250,257167,16,0,0,fused_streaming,circular,persistent,1,1
194,244209,252625,16,0,0,fused_streaming,circular,persistent,1,1
195,229167,237291,16,0,0,fused_streaming,circular,persistent,1,1
196,230208,234167,16,0,0,fused_streaming,circular,persistent,1,1
197,240833,244750,16,0,0,fused_streaming,circular,persistent,1,1
198,235084,238958,16,0,0,fused_streaming,circular,persistent,1,1
199,243416,247292,16,0,0,fused_streaming,circular,persistent,1,1
200,245583,249459,16,0,0,fused_streaming,circular,persistent,1,1
201,251375,255291,16,0,0,fused_streaming,circular,persistent,1,1
202,247500,251375,16,0,0,fused_streaming,circular,persistent,1,1
203,240666,244583,16,0,0,fused_streaming,circular,persistent,1,1
204,238417,242584,16,0,0,fused_streaming,circular,persistent,1,1
205,242542,246416,16,0,0,fused_streaming,circular,persistent,1,1
206,237500,241375,16,0,0,fused_streaming,circular,persistent,1,1
207,236875,240833,16,0,0,fused_streaming,circular,persistent,1,1
208,224500,228750,16,0,0,fused_streaming,circular,persistent,1,1
209,243542,247708,16,0,0,fused_streaming,circular,persistent,1,1
210,249584,253458,16,0,0,fused_streaming,circular,persistent,1,1
211,284333,288625,16,0,0,fused_streaming,circular,persistent,1,1
212,245458,249375,16,0,0,fused_streaming,circular,persistent,1,1
213,257041,260875,16,0,0,fused_streaming,circular,persistent,1,1
214,260500,264417,16,0,0,fused_streaming,circular,persistent,1,1
215,247250,251209,16,0,0,fused_streaming,circular,persistent,1,1
216,246708,250667,16,0,0,fused_streaming,circular,persistent,1,1
217,260833,264750,16,0,0,fused_streaming,circular,persistent,1,1
218,301417,305458,16,0,0,fused_streaming,circular,persistent,1,1
219,253792,257792,16,0,0,fused_streaming,circular,persistent,1,1
220,255750,259708,16,0,0,fused_streaming,circular,persistent,1,1
221,247458,251417,16,0,0,fused_streaming,circular,persistent,1,1
222,239458,243334,16,0,0,fused_streaming,circular,persistent,1,1
223,221459,225666,16,0,0,fused_streaming,circular,persistent,1,1
224,271208,275292,16,0,0,fused_streaming,circular,persistent,1,1
225,243333,247167,16,0,0,fused_streaming,circular,persistent,1,1
226,240833,244708,16,0,0,fused_streaming,circular,persistent,1,1
227,234834,239042,16,0,0,fused_streaming,circular,persistent,1,1
228,242917,246834,16,0,0,fused_streaming,circular,persistent,1,1
229,236834,240750,16,0,0,fused_streaming,circular,persistent,1,1
230,240458,244333,16,0,0,fused_streaming,circular,persistent,1,1
231,241959,245875,16,0,0,fused_streaming,circular,persistent,1,1
232,243667,247625,16,0,0,fused_streaming,circular,persistent,1,1
233,226833,230709,16,0,0,fused_streaming,circular,persistent,1,1
234,232917,236875,16,0,0,fused_streaming,circular,persistent,1,1
235,230834,234708,16,0,0,fused_streaming,circular,persistent,1,1
236,231375,235250,16,0,0,fused_streaming,circular,persistent,1,1
237,244750,248625,16,0,0,fused_streaming,circular,persistent,1,1
238,243917,247875,16,0,0,fused_streaming,circular,persistent,1,1
239,243833,247750,16,0,0,fused_streaming,circular,persistent,1,1
240,248583,252500,16,0,0,fused_streaming,circular,persistent,1,1
241,259750,263667,16,0,0,fused_streaming,circular,persistent,1,1
242,259709,263583,16,0,0,fused_streaming,circular,persistent,1,1
243,244416,248292,16,0,0,fused_streaming,circular,persistent,1,1
244,247666,251584,16,0,0,fused_streaming,circular,persistent,1,1
245,262042,265958,16,0,0,fused_streaming,circular,persistent,1,1
246,259625,263500,16,0,0,fused_streaming,circular,persistent,1,1
247,253167,257084,16,0,0,fused_streaming,circular,persistent,1,1
248,247750,251667,16,0,0,fused_streaming,circular,persistent,1,1
249,247167,251125,16,0,0,fused_streaming,circular,persistent,1,1
250,237208,241083,16,0,0,fused_streaming,circular,persistent,1,1
251,227208,231125,16,0,0,fused_streaming,circular,persistent,1,1
252,228875,232792,16,0,0,fused_streaming,circular,persistent,1,1
253,230500,234417,16,0,0,fused_streaming,circular,persistent,1,1
254,232209,236041,16,0,0,fused_streaming,circular,persistent,1,1
255,242416,246292,16,0,0,fused_streaming,circular,persistent,1,1
256,240666,244583,16,0,0,fused_streaming,circular,persistent,1,1
257,242750,246834,16,0,0,fused_streaming,circular,persistent,1,1
258,235375,239291,16,0,0,fused_streaming,circular,persistent,1,1
259,246792,250625,16,0,0,fused_streaming,circular,persistent,1,1
260,231750,235708,16,0,0,fused_streaming,circular,persistent,1,1
261,228084,231958,16,0,0,fused_streaming,circular,persistent,1,1
262,271875,275916,16,0,0,fused_streaming,circular,persistent,1,1
263,225041,229083,16,0,0,fused_streaming,circular,persistent,1,1
264,233125,237000,16,0,0,fused_streaming,circular,persistent,1,1
265,240833,244750,16,0,0,fused_streaming,circular,persistent,1,1
266,244542,248375,16,0,0,fused_streaming,circular,persistent,1,1
267,252417,256250,16,0,0,fused_streaming,circular,persistent,1,1
268,255000,258917,16,0,0,fused_streaming,circular,persistent,1,1
269,259875,263750,16,0,0,fused_streaming,circular,persistent,1,1
270,257542,261500,16,0,0,fused_streaming,circular,persistent,1,1
271,250334,254208,16,0,0,fused_streaming,circular,persistent,1,1
272,255792,259750,16,0,0,fused_streaming,circular,persistent,1,1
273,263583,267417,16,0,0,fused_streaming,circular,persistent,1,1
274,261208,265083,16,0,0,fused_streaming,circular,persistent,1,1
275,256709,260500,16,0,0,fused_streaming,circular,persistent,1,1
276,255583,259708,16,0,0,fused_streaming,circular,persistent,1,1
277,245250,249125,16,0,0,fused_streaming,circular,persistent,1,1
278,240125,244000,16,0,0,fused_streaming,circular,persistent,1,1
279,226958,230834,16,0,0,fused_streaming,circular,persistent,1,1
280,232459,236292,16,0,0,fused_streaming,circular,persistent,1,1
281,235875,278417,16,0,0,fused_streaming,circular,persistent,1,1
282,233792,237708,16,0,0,fused_streaming,circular,persistent,1,1
283,238500,242417,16,0,0,fused_streaming,circular,persistent,1,1
284,240458,244417,16,0,0,fused_streaming,circular,persistent,1,1
285,241708,245583,16,0,0,fused_streaming,circular,persistent,1,1
286,242458,250250,16,0,0,fused_streaming,circular,persistent,1,1
287,243458,247334,16,0,0,fused_streaming,circular,persistent,1,1
288,241166,245042,16,0,0,fused_streaming,circular,persistent,1,1
289,234709,238541,16,0,0,fused_streaming,circular,persistent,1,1
290,226625,230500,16,0,0,fused_streaming,circular,persistent,1,1
291,233167,237041,16,0,0,fused_streaming,circular,persistent,1,1
292,242334,246167,16,0,0,fused_streaming,circular,persistent,1,1
293,245417,249417,16,0,0,fused_streaming,circular,persistent,1,1
294,249875,254000,16,0,0,fused_streaming,circular,persistent,1,1
295,248167,252042,16,0,0,fused_streaming,circular,persistent,1,1
296,254250,258167,16,0,0,fused_streaming,circular,persistent,1,1
297,259458,263375,16,0,0,fused_streaming,circular,persistent,1,1
298,249333,253209,16,0,0,fused_streaming,circular,persistent,1,1
299,289500,293750,16,0,0,fused_streaming,circular,persistent,1,1
300,260083,264000,16,0,0,fused_streaming,circular,persistent,1,1
301,264209,268125,16,0,0,fused_streaming,circular,persistent,1,1
302,257750,261709,16,0,0,fused_streaming,circular,persistent,1,1
303,256917,260791,16,0,0,fused_streaming,circular,persistent,1,1
304,243791,247667,16,0,0,fused_streaming,circular,persistent,1,1
305,242875,246708,16,0,0,fused_streaming,circular,persistent,1,1
306,233625,237500,16,0,0,fused_streaming,circular,persistent,1,1
307,228416,232333,16,0,0,fused_streaming,circular,persistent,1,1
308,228541,232500,16,0,0,fused_streaming,circular,persistent,1,1
309,243334,247167,16,0,0,fused_streaming,circular,persistent,1,1
310,238334,242250,16,0,0,fused_streaming,circular,persistent,1,1
311,243375,247333,16,0,0,fused_streaming,circular,persistent,1,1
312,239500,243375,16,0,0,fused_streaming,circular,persistent,1,1
313,244667,248833,16,0,0,fused_streaming,circular,persistent,1,1
314,245459,249333,16,0,0,fused_streaming,circular,persistent,1,1
315,238375,242333,16,0,0,fused_streaming,circular,persistent,1,1
316,233667,237500,16,0,0,fused_streaming,circular,persistent,1,1
317,220625,224458,16,0,0,fused_streaming,circular,persistent,1,1
318,227708,231625,16,0,0,fused_streaming,circular,persistent,1,1
319,234166,238042,16,0,0,fused_streaming,circular,persistent,1,1
320,237000,240875,16,0,0,fused_streaming,circular,persistent,1,1
321,248042,251958,16,0,0,fused_streaming,circular,persistent,1,1
322,254750,258667,16,0,0,fused_streaming,circular,persistent,1,1
323,247708,251667,16,0,0,fused_streaming,circular,persistent,1,1
324,257375,261291,16,0,0,fused_streaming,circular,persistent,1,1
325,295834,299916,16,0,0,fused_streaming,circular,persistent,1,1
326,248709,252541,16,0,0,fused_streaming,circular,persistent,1,1
327,248958,252875,16,0,0,fused_streaming,circular,persistent,1,1
328,262667,266584,16,0,0,fused_streaming,circular,persistent,1,1
329,260458,264334,16,0,0,fused_streaming,circular,persistent,1,1
330,257792,261667,16,0,0,fused_streaming,circular,persistent,1,1
331,245708,249625,16,0,0,fused_streaming,circular,persistent,1,1
332,287667,291917,16,0,0,fused_streaming,circular,persistent,1,1
333,233083,237041,16,0,0,fused_streaming,circular,persistent,1,1
334,224333,228251,16,0,0,fused_streaming,circular,persistent,1,1
335,236875,240875,16,0,0,fused_streaming,circular,persistent,1,1
336,239167,243125,16,0,0,fused_streaming,circular,persistent,1,1
337,233166,237167,16,0,0,fused_streaming,circular,persistent,1,1
338,240292,244167,16,0,0,fused_streaming,circular,persistent,1,1
339,238166,242000,16,0,0,fused_streaming,circular,persistent,1,1
340,234959,238917,16,0,0,fused_streaming,circular,persistent,1,1
341,279792,283833,16,0,0,fused_streaming,circular,persistent,1,1
342,243958,247958,16,0,0,fused_streaming,circular,persistent,1,1
343,235250,239208,16,0,0,fused_streaming,circular,persistent,1,1
344,233291,237250,16,0,0,fused_streaming,circular,persistent,1,1
345,226459,230333,16,0,0,fused_streaming,circular,persistent,1,1
346,230084,234000,16,0,0,fused_streaming,circular,persistent,1,1
347,225209,229041,16,0,0,fused_streaming,circular,persistent,1,1
348,234167,238125,16,0,0,fused_streaming,circular,persistent,1,1
349,250750,254625,16,0,0,fused_streaming,circular,persistent,1,1
350,249000,252959,16,0,0,fused_streaming,circular,persistent,1,1
351,253667,257584,16,0,0,fused_streaming,circular,persistent,1,1
352,258583,262500,16,0,0,fused_streaming,circular,persistent,1,1
353,251709,255666,16,0,0,fused_streaming,circular,persistent,1,1
354,241333,249875,16,0,0,fused_streaming,circular,persistent,1,1
355,247583,251500,16,0,0,fused_streaming,circular,persistent,1,1
356,261333,265167,16,0,0,fused_streaming,circular,persistent,1,1
357,262000,265875,16,0,0,fused_streaming,circular,persistent,1,1
358,254667,258625,16,0,0,fused_streaming,circular,persistent,1,1
359,253667,257625,16,0,0,fused_streaming,circular,persistent,1,1
360,244333,248167,16,0,0,fused_streaming,circular,persistent,1,1
361,243417,247417,16,0,0,fused_streaming,circular,persistent,1,1
362,230500,234416,16,0,0,fused_streaming,circular,persistent,1,1
363,229292,233209,16,0,0,fused_streaming,circular,persistent,1,1
364,233709,237666,16,0,0,fused_streaming,circular,persistent,1,1
365,270625,274833,16,0,0,fused_streaming,circular,persistent,1,1
366,242584,246416,16,0,0,fused_streaming,circular,persistent,1,1
367,234125,238041,16,0,0,fused_streaming,circular,persistent,1,1
368,236875,240792,16,0,0,fused_streaming,circular,persistent,1,1
369,245167,249042,16,0,0,fused_streaming,circular,persistent,1,1
370,244458,248416,16,0,0,fused_streaming,circular,persistent,1,1
371,235958,239875,16,0,0,fused_streaming,circular,persistent,1,1
372,226916,230875,16,0,0,fused_streaming,circular,persistent,1,1
373,225292,229167,16,0,0,fused_streaming,circular,persistent,1,1
374,220083,224042,16,0,0,fused_streaming,circular,persistent,1,1
375,232375,236250,16,0,0,fused_streaming,circular,persistent,1,1
376,237500,241541,16,0,0,fused_streaming,circular,persistent,1,1
377,247708,251584,16,0,0,fused_streaming,circular,persistent,1,1
378,243125,247042,16,0,0,fused_streaming,circular,persistent,1,1
379,252250,256167,16,0,0,fused_streaming,circular,persistent,1,1
380,298625,302667,16,0,0,fused_streaming,circular,persistent,1,1
381,247709,251625,16,0,0,fused_streaming,circular,persistent,1,1
382,244584,248458,16,0,0,fused_streaming,circular,persistent,1,1
383,256833,260708,16,0,0,fused_streaming,circular,persistent,1,1
384,258875,262834,16,0,0,fused_streaming,circular,persistent,1,1
385,260458,264333,16,0,0,fused_streaming,circular,persistent,1,1
386,260375,264334,16,0,0,fused_streaming,circular,persistent,1,1
387,253500,257500,16,0,0,fused_streaming,circular,persistent,1,1
388,292583,296667,16,0,0,fused_streaming,circular,persistent,1,1
389,235291,239209,16,0,0,fused_streaming,circular,persistent,1,1
390,235208,239083,16,0,0,fused_streaming,circular,persistent,1,1
391,236084,239958,16,0,0,fused_streaming,circular,persistent,1,1
392,230125,233958,16,0,0,fused_streaming,circular,persistent,1,1
393,240250,244167,16,0,0,fused_streaming,circular,persistent,1,1
394,227291,231292,16,0,0,fused_streaming,circular,persistent,1,1
395,230042,234000,16,0,0,fused_streaming,circular,persistent,1,1
396,241541,245500,16,0,0,fused_streaming,circular,persistent,1,1
397,245000,248916,16,0,0,fused_streaming,circular,persistent,1,1
398,244083,248083,16,0,0,fused_streaming,circular,persistent,1,1
399,234084,238000,16,0,0,fused_streaming,circular,persistent,1,1
400,232083,240625,16,0,0,fused_streaming,circular,persistent,1,1
401,263708,267792,16,0,0,fused_streaming,circular,persistent,1,1
402,223875,227750,16,0,0,fused_streaming,circular,persistent,1,1
403,226292,230250,16,0,0,fused_streaming,circular,persistent,1,1
404,241167,245125,16,0,0,fused_streaming,circular,persistent,1,1
405,253667,257583,16,0,0,fused_streaming,circular,persistent,1,1
406,252375,256334,16,0,0,fused_streaming,circular,persistent,1,1
407,251875,255833,16,0,0,fused_streaming,circular,persistent,1,1
408,258958,262916,16,0,0,fused_streaming,circular,persistent,1,1
409,250375,254292,16,0,0,fused_streaming,circular,persistent,1,1
410,250583,254500,16,0,0,fused_streaming,circular,persistent,1,1
411,251709,255625,16,0,0,fused_streaming,circular,persistent,1,1
412,264583,268458,16,0,0,fused_streaming,circular,persistent,1,1
413,260458,264375,16,0,0,fused_streaming,circular,persistent,1,1
414,294125,298250,16,0,0,fused_streaming,circular,persistent,1,1
415,251000,255000,16,0,0,fused_streaming,circular,persistent,1,1
416,243000,246958,16,0,0,fused_streaming,circular,persistent,1,1
417,240042,243875,16,0,0,fused_streaming,circular,persistent,1,1
418,275209,279291,16,0,0,fused_streaming,circular,persistent,1,1
419,233167,237083,16,0,0,fused_streaming,circular,persistent,1,1
420,230750,234583,16,0,0,fused_streaming,circular,persistent,1,1
421,243542,247500,16,0,0,fused_streaming,circular,persistent,1,1
422,242292,246166,16,0,0,fused_streaming,circular,persistent,1,1
423,243250,247333,16,0,0,fused_streaming,circular,persistent,1,1
424,243458,247333,16,0,0,fused_streaming,circular,persistent,1,1
425,250166,254125,16,0,0,fused_streaming,circular,persistent,1,1
426,237041,241000,16,0,0,fused_streaming,circular,persistent,1,1
427,233375,237292,16,0,0,fused_streaming,circular,persistent,1,1
428,231541,235500,16,0,0,fused_streaming,circular,persistent,1,1
429,255667,264708,16,0,0,fused_streaming,circular,persistent,1,1
430,229250,233209,16,0,0,fused_streaming,circular,persistent,1,1
431,235125,239042,16,0,0,fused_streaming,circular,persistent,1,1
432,242958,246875,16,0,0,fused_streaming,circular,persistent,1,1
433,250584,254541,16,0,0,fused_streaming,circular,persistent,1,1
434,252833,256750,16,0,0,fused_streaming,circular,persistent,1,1
435,255292,259166,16,0,0,fused_streaming,circular,persistent,1,1
436,259042,262917,16,0,0,fused_streaming,circular,persistent,1,1
437,250500,254417,16,0,0,fused_streaming,circular,persistent,1,1
438,243750,247583,16,0,0,fused_streaming,circular,persistent,1,1
439,259250,263041,16,0,0,fused_streaming,circular,persistent,1,1
440,262000,265834,16,0,0,fused_streaming,circular,persistent,1,1
441,253917,257833,16,0,0,fused_streaming,circular,persistent,1,1
442,297375,301625,16,0,0,fused_streaming,circular,persistent,1,1
443,248625,252500,16,0,0,fused_streaming,circular,persistent,1,1
444,283542,287708,16,0,0,fused_streaming,circular,persistent,1,1
445,227167,231000,16,0,0,fused_streaming,circular,persistent,1,1
446,229584,233500,16,0,0,fused_streaming,circular,persistent,1,1
447,233500,237291,16,0,0,fused_streaming,circular,persistent,1,1
448,243500,247375,16,0,0,fused_streaming,circular,persistent,1,1
449,237042,240959,16,0,0,fused_streaming,circular,persistent,1,1
450,230458,234375,16,0,0,fused_streaming,circular,persistent,1,1
451,225750,229750,16,0,0,fused_streaming,circular,persistent,1,1
452,233042,236917,16,0,0,fused_streaming,circular,persistent,1,1
453,287791,291875,16,0,0,fused_streaming,circular,persistent,1,1
454,232917,236875,16,0,0,fused_streaming,circular,persistent,1,1
455,224750,228584,16,0,0,fused_streaming,circular,persistent,1,1
456,230834,234708,16,0,0,fused_streaming,circular,persistent,1,1
457,231042,234917,16,0,0,fused_streaming,circular,persistent,1,1
458,238042,241917,16,0,0,fused_streaming,circular,persistent,1,1
459,233750,237667,16,0,0,fused_streaming,circular,persistent,1,1
460,243750,247667,16,0,0,fused_streaming,circular,persistent,1,1
461,254167,258041,16,0,0,fused_streaming,circular,persistent,1,1
462,248834,252708,16,0,0,fused_streaming,circular,persistent,1,1
463,256125,260083,16,0,0,fused_streaming,circular,persistent,1,1
464,257500,261416,16,0,0,fused_streaming,circular,persistent,1,1
465,250625,254500,16,0,0,fused_streaming,circular,persistent,1,1
466,250875,255000,16,0,0,fused_streaming,circular,persistent,1,1
467,294792,298791,16,0,0,fused_streaming,circular,persistent,1,1
468,261667,265500,16,0,0,fused_streaming,circular,persistent,1,1
469,258208,262125,16,0,0,fused_streaming,circular,persistent,1,1
470,254542,258375,16,0,0,fused_streaming,circular,persistent,1,1
471,243417,247333,16,0,0,fused_streaming,circular,persistent,1,1
472,241334,245333,16,0,0,fused_streaming,circular,persistent,1,1
473,234584,238458,16,0,0,fused_streaming,circular,persistent,1,1
474,224542,228458,16,0,0,fused_streaming,circular,persistent,1,1
475,261167,265542,16,0,0,fused_streaming,circular,persistent,1,1
476,236292,240292,16,0,0,fused_streaming,circular,persistent,1,1
477,228833,232750,16,0,0,fused_streaming,circular,persistent,1,1
478,229708,233584,16,0,0,fused_streaming,circular,persistent,1,1
479,232375,236250,16,0,0,fused_streaming,circular,persistent,1,1
480,241250,245250,16,0,0,fused_streaming,circular,persistent,1,1
481,245458,249375,16,0,0,fused_streaming,circular,persistent,1,1
482,240667,244625,16,0,0,fused_streaming,circular,persistent,1,1
483,226625,230458,16,0,0,fused_streaming,circular,persistent,1,1
484,270042,274166,16,0,0,fused_streaming,circular,persistent,1,1
485,232750,236625,16,0,0,fused_streaming,circular,persistent,1,1
486,220875,224667,16,0,0,fused_streaming,circular,persistent,1,1
487,224208,228167,16,0,0,fused_streaming,circular,persistent,1,1
488,237459,241291,16,0,0,fused_streaming,circular,persistent,1,1
489,243250,247250,16,0,0,fused_streaming,circular,persistent,1,1
490,239416,243333,16,0,0,fused_streaming,circular,persistent,1,1
491,249458,253625,16,0,0,fused_streaming,circular,persistent,1,1
492,256375,260333,16,0,0,fused_streaming,circular,persistent,1,1
493,254458,258333,16,0,0,fused_streaming,circular,persistent,1,1
494,250333,254208,16,0,0,fused_streaming,circular,persistent,1,1
495,251875,255792,16,0,0,fused_streaming,circular,persistent,1,1
496,263334,267291,16,0,0,fused_streaming,circular,persistent,1,1
497,258000,261875,16,0,0,fused_streaming,circular,persistent,1,1
498,254125,258042,16,0,0,fused_streaming,circular,persistent,1,1
499,246708,250667,16,0,0,fused_streaming,circular,persistent,1,1
500,247125,251042,16,0,0,fused_streaming,circular,persistent,1,1
501,228916,232792,16,0,0,fused_streaming,circular,persistent,1,1
502,228167,232042,16,0,0,fused_streaming,circular,persistent,1,1
503,233917,237834,16,0,0,fused_streaming,circular,persistent,1,1
504,288166,292292,16,0,0,fused_streaming,circular,persistent,1,1
505,229584,233584,16,0,0,fused_streaming,circular,persistent,1,1
506,230292,234208,16,0,0,fused_streaming,circular,persistent,1,1
507,231709,235667,16,0,0,fused_streaming,circular,persistent,1,1
508,242750,246750,16,0,0,fused_streaming,circular,persistent,1,1
509,244917,248792,16,0,0,fused_streaming,circular,persistent,1,1
510,234000,237958,16,0,0,fused_streaming,circular,persistent,1,1
511,241917,245834,16,0,0,fused_streaming,circular,persistent,1,1
512,229709,233583,16,0,0,fused_streaming,circular,persistent,1,1
513,224084,228042,16,0,0,fused_streaming,circular,persistent,1,1
514,225500,229459,16,0,0,fused_streaming,circular,persistent,1,1
515,233750,237625,16,0,0,fused_streaming,circular,persistent,1,1
516,239208,243125,16,0,0,fused_streaming,circular,persistent,1,1
517,246750,250625,16,0,0,fused_streaming,circular,persistent,1,1
518,238958,242834,16,0,0,fused_streaming,circular,persistent,1,1
519,238208,242167,16,0,0,fused_streaming,circular,persistent,1,1
520,248000,251958,16,0,0,fused_streaming,circular,persistent,1,1
521,259166,263125,16,0,0,fused_streaming,circular,persistent,1,1
522,248292,252208,16,0,0,fused_streaming,circular,persistent,1,1
523,291375,295541,16,0,0,fused_streaming,circular,persistent,1,1
524,252792,256833,16,0,0,fused_streaming,circular,persistent,1,1
525,259875,263750,16,0,0,fused_streaming,circular,persistent,1,1
526,249334,253292,16,0,0,fused_streaming,circular,persistent,1,1
527,246584,250583,16,0,0,fused_streaming,circular,persistent,1,1
528,249708,253542,16,0,0,fused_streaming,circular,persistent,1,1
529,241541,245458,16,0,0,fused_streaming,circular,persistent,1,1
530,236542,240542,16,0,0,fused_streaming,circular,persistent,1,1
531,221917,225833,16,0,0,fused_streaming,circular,persistent,1,1
532,221708,225583,16,0,0,fused_streaming,circular,persistent,1,1
533,278708,282875,16,0,0,fused_streaming,circular,persistent,1,1
534,230708,234584,16,0,0,fused_streaming,circular,persistent,1,1
535,236834,240834,16,0,0,fused_streaming,circular,persistent,1,1
536,242334,246333,16,0,0,fused_streaming,circular,persistent,1,1
537,246208,250208,16,0,0,fused_streaming,circular,persistent,1,1
538,237792,241833,16,0,0,fused_streaming,circular,persistent,1,1
539,232667,236667,16,0,0,fused_streaming,circular,persistent,1,1
540,226542,230458,16,0,0,fused_streaming,circular,persistent,1,1
541,228333,232209,16,0,0,fused_streaming,circular,persistent,1,1
542,227959,231917,16,0,0,fused_streaming,circular,persistent,1,1
543,221041,224917,16,0,0,fused_streaming,circular,persistent,1,1
544,233500,237458,16,0,0,fused_streaming,circular,persistent,1,1
545,241042,244916,16,0,0,fused_streaming,circular,persistent,1,1
546,236042,239917,16,0,0,fused_streaming,circular,persistent,1,1
547,237750,241792,16,0,0,fused_streaming,circular,persistent,1,1
548,240250,244125,16,0,0,fused_streaming,circular,persistent,1,1
549,254792,258708,16,0,0,fused_streaming,circular,persistent,1,1
550,246916,250833,16,0,0,fused_streaming,circular,persistent,1,1
551,244625,248500,16,0,0,fused_streaming,circular,persistent,1,1
552,250833,254792,16,0,0,fused_streaming,circular,persistent,1,1
553,250958,254958,16,0,0,fused_streaming,circular,persistent,1,1
554,254292,258292,16,0,0,fused_streaming,circular,persistent,1,1
555,292709,296916,16,0,0,fused_streaming,circular,persistent,1,1
556,247958,251958,16,0,0,fused_streaming,circular,persistent,1,1
557,279667,283834,16,0,0,fused_streaming,circular,persistent,1,1
558,243625,247625,16,0,0,fused_streaming,circular,persistent,1,1
559,225709,229583,16,0,0,fused_streaming,circular,persistent,1,1
560,225625,229500,16,0,0,fused_streaming,circular,persistent,1,1
561,226917,230792,16,0,0,fused_streaming,circular,persistent,1,1
562,215083,219083,16,0,0,fused_streaming,circular,persistent,1,1
563,225958,229875,16,0,0,fused_streaming,circular,persistent,1,1
564,235208,239125,16,0,0,fused_streaming,circular,persistent,1,1
565,240333,244208,16,0,0,fused_streaming,circular,persistent,1,1
566,238750,242708,16,0,0,fused_streaming,circular,persistent,1,1
567,242916,246833,16,0,0,fused_streaming,circular,persistent,1,1
568,232541,236417,16,0,0,fused_streaming,circular,persistent,1,1
569,227541,231417,16,0,0,fused_streaming,circular,persistent,1,1
570,225625,229500,16,0,0,fused_streaming,circular,persistent,1,1
571,230667,234542,16,0,0,fused_streaming,circular,persistent,1,1
572,236958,240875,16,0,0,fused_streaming,circular,persistent,1,1
573,233958,237875,16,0,0,fused_streaming,circular,persistent,1,1
574,225750,229667,16,0,0,fused_streaming,circular,persistent,1,1
575,228125,232125,16,0,0,fused_streaming,circular,persistent,1,1
576,227583,231417,16,0,0,fused_streaming,circular,persistent,1,1
577,236542,240417,16,0,0,fused_streaming,circular,persistent,1,1
578,293875,298083,16,0,0,fused_streaming,circular,persistent,1,1
579,245042,248875,16,0,0,fused_streaming,circular,persistent,1,1
580,272625,276833,16,0,0,fused_streaming,circular,persistent,1,1
581,249167,253167,16,0,0,fused_streaming,circular,persistent,1,1
582,253375,257291,16,0,0,fused_streaming,circular,persistent,1,1
583,246625,250542,16,0,0,fused_streaming,circular,persistent,1,1
584,250916,255125,16,0,0,fused_streaming,circular,persistent,1,1
585,243042,246917,16,0,0,fused_streaming,circular,persistent,1,1
586,237125,241000,16,0,0,fused_streaming,circular,persistent,1,1
587,230458,234375,16,0,0,fused_streaming,circular,persistent,1,1
588,219458,223375,16,0,0,fused_streaming,circular,persistent,1,1
589,223042,226917,16,0,0,fused_streaming,circular,persistent,1,1
590,229250,233125,16,0,0,fused_streaming,circular,persistent,1,1
591,226000,230125,16,0,0,fused_streaming,circular,persistent,1,1
592,220291,224208,16,0,0,fused_streaming,circular,persistent,1,1
593,227500,231333,16,0,0,fused_streaming,circular,persistent,1,1
594,229333,233208,16,0,0,fused_streaming,circular,persistent,1,1
595,231500,235375,16,0,0,fused_streaming,circular,persistent,1,1
596,226916,230792,16,0,0,fused_streaming,circular,persistent,1,1
597,226250,230166,16,0,0,fused_streaming,circular,persistent,1,1
598,228833,232667,16,0,0,fused_streaming,circular,persistent,1,1
599,225959,229875,16,0,0,fused_streaming,circular,persistent,1,1
600,221417,225250,16,0,0,fused_streaming,circular,persistent,1,1
601,229125,233042,16,0,0,fused_streaming,circular,persistent,1,1
602,224250,228125,16,0,0,fused_streaming,circular,persistent,1,1
603,235041,238958,16,0,0,fused_streaming,circular,persistent,1,1
604,236750,240750,16,0,0,fused_streaming,circular,persistent,1,1
605,231375,235250,16,0,0,fused_streaming,circular,persistent,1,1
606,231375,235292,16,0,0,fused_streaming,circular,persistent,1,1
607,244042,247875,16,0,0,fused_streaming,circular,persistent,1,1
608,238208,242125,16,0,0,fused_streaming,circular,persistent,1,1
609,226417,230292,16,0,0,fused_streaming,circular,persistent,1,1
610,244541,248458,16,0,0,fused_streaming,circular,persistent,1,1
611,242375,246208,16,0,0,fused_streaming,circular,persistent,1,1
612,243125,247084,16,0,0,fused_streaming,circular,persistent,1,1
613,243375,247167,16,0,0,fused_streaming,circular,persistent,1,1
614,237708,241834,16,0,0,fused_streaming,circular,persistent,1,1
615,237750,241750,16,0,0,fused_streaming,circular,persistent,1,1
616,222459,226375,16,0,0,fused_streaming,circular,persistent,1,1
617,227583,231417,16,0,0,fused_streaming,circular,persistent,1,1
618,224208,227958,16,0,0,fused_streaming,circular,persistent,1,1
619,231917,235875,16,0,0,fused_streaming,circular,persistent,1,1
620,221125,225000,16,0,0,fused_streaming,circular,persistent,1,1
621,229458,233375,16,0,0,fused_streaming,circular,persistent,1,1
622,226125,230042,16,0,0,fused_streaming,circular,persistent,1,1
623,226542,230333,16,0,0,fused_streaming,circular,persistent,1,1
624,229666,233583,16,0,0,fused_streaming,circular,persistent,1,1
625,232208,236125,16,0,0,fused_streaming,circular,persistent,1,1
626,266834,270792,16,0,0,fused_streaming,circular,persistent,1,1
627,226875,230708,16,0,0,fused_streaming,circular,persistent,1,1
628,231750,235583,16,0,0,fused_streaming,circular,persistent,1,1
629,220708,224708,16,0,0,fused_streaming,circular,persistent,1,1
630,220625,224500,16,0,0,fused_streaming,circular,persistent,1,1
631,226250,230125,16,0,0,fused_streaming,circular,persistent,1,1
632,231959,235833,16,0,0,fused_streaming,circular,persistent,1,1
633,227291,231208,16,0,0,fused_streaming,circular,persistent,1,1
634,228542,232458,16,0,0,fused_streaming,circular,persistent,1,1
635,236250,240125,16,0,0,fused_streaming,circular,persistent,1,1
636,241583,245542,16,0,0,fused_streaming,circular,persistent,1,1
637,235583,239417,16,0,0,fused_streaming,circular,persistent,1,1
638,235250,239041,16,0,0,fused_streaming,circular,persistent,1,1
639,240167,244125,16,0,0,fused_streaming,circular,persistent,1,1
640,241583,245458,16,0,0,fused_streaming,circular,persistent,1,1
641,245458,249334,16,0,0,fused_streaming,circular,persistent,1,1
642,233834,237792,16,0,0,fused_streaming,circular,persistent,1,1
643,227167,231000,16,0,0,fused_streaming,circular,persistent,1,1
644,229709,233542,16,0,0,fused_streaming,circular,persistent,1,1
645,223959,227916,16,0,0,fused_streaming,circular,persistent,1,1
646,215458,219333,16,0,0,fused_streaming,circular,persistent,1,1
647,223958,227708,16,0,0,fused_streaming,circular,persistent,1,1
648,230375,234292,16,0,0,fused_streaming,circular,persistent,1,1
649,220917,224833,16,0,0,fused_streaming,circular,persistent,1,1
650,259709,263792,16,0,0,fused_streaming,circular,persistent,1,1
651,218541,222416,16,0,0,fused_streaming,circular,persistent,1,1
652,226958,230792,16,0,0,fused_streaming,circular,persistent,1,1
653,232000,235917,16,0,0,fused_streaming,circular,persistent,1,1
654,223583,227417,16,0,0,fused_streaming,circular,persistent,1,1
655,217292,221166,16,0,0,fused_streaming,circular,persistent,1,1
656,228083,232083,16,0,0,fused_streaming,circular,persistent,1,1
657,220875,224834,16,0,0,fused_streaming,circular,persistent,1,1
658,219916,223833,16,0,0,fused_streaming,circular,persistent,1,1
659,217500,221416,16,0,0,fused_streaming,circular,persistent,1,1
660,228917,232791,16,0,0,fused_streaming,circular,persistent,1,1
661,232625,236666,16,0,0,fused_streaming,circular,persistent,1,1
662,223917,227834,16,0,0,fused_streaming,circular,persistent,1,1
663,213833,217792,16,0,0,fused_streaming,circular,persistent,1,1
664,227167,231042,16,0,0,fused_streaming,circular,persistent,1,1
665,228542,232500,16,0,0,fused_streaming,circular,persistent,1,1
666,230958,236250,16,0,0,fused_streaming,circular,persistent,1,1
667,226334,230208,16,0,0,fused_streaming,circular,persistent,1,1
668,226917,230916,16,0,0,fused_streaming,circular,persistent,1,1
669,232166,236125,16,0,0,fused_streaming,circular,persistent,1,1
670,232167,236083,16,0,0,fused_streaming,circular,persistent,1,1
671,220875,224792,16,0,0,fused_streaming,circular,persistent,1,1
672,223875,227833,16,0,0,fused_streaming,circular,persistent,1,1
673,230375,234250,16,0,0,fused_streaming,circular,persistent,1,1
674,232042,235916,16,0,0,fused_streaming,circular,persistent,1,1
675,222250,226125,16,0,0,fused_streaming,circular,persistent,1,1
676,214958,218875,16,0,0,fused_streaming,circular,persistent,1,1
677,215417,219417,16,0,0,fused_streaming,circular,persistent,1,1
678,217042,220958,16,0,0,fused_streaming,circular,persistent,1,1
679,223792,227667,16,0,0,fused_streaming,circular,persistent,1,1
680,210667,214917,16,0,0,fused_streaming,circular,persistent,1,1
681,229750,233666,16,0,0,fused_streaming,circular,persistent,1,1
682,229375,233333,16,0,0,fused_streaming,circular,persistent,1,1
683,218541,222417,16,0,0,fused_streaming,circular,persistent,1,1
684,213208,217167,16,0,0,fused_streaming,circular,persistent,1,1
685,234250,238292,16,0,0,fused_streaming,circular,persistent,1,1
686,236750,240583,16,0,0,fused_streaming,circular,persistent,1,1
687,218584,222542,16,0,0,fused_streaming,circular,persistent,1,1
688,216833,220792,16,0,0,fused_streaming,circular,persistent,1,1
689,221500,225375,16,0,0,fused_streaming,circular,persistent,1,1
690,263084,267333,16,0,0,fused_streaming,circular,persistent,1,1
691,224917,228875,16,0,0,fused_streaming,circular,persistent,1,1
692,221459,225291,16,0,0,fused_streaming,circular,persistent,1,1
693,229250,233209,16,0,0,fused_streaming,circular,persistent,1,1
694,229875,233750,16,0,0,fused_streaming,circular,persistent,1,1
695,269292,273416,16,0,0,fused_streaming,circular,persistent,1,1
696,219375,227792,16,0,0,fused_streaming,circular,persistent,1,1
697,231334,235208,16,0,0,fused_streaming,circular,persistent,1,1
698,223208,227084,16,0,0,fused_streaming,circular,persistent,1,1
699,220292,224166,16,0,0,fused_streaming,circular,persistent,1,1
700,216292,220166,16,0,0,fused_streaming,circular,persistent,1,1
701,223083,227042,16,0,0,fused_streaming,circular,persistent,1,1
702,214875,218750,16,0,0,fused_streaming,circular,persistent,1,1
703,219708,223833,16,0,0,fused_streaming,circular,persistent,1,1
704,219084,222958,16,0,0,fused_streaming,circular,persistent,1,1
705,217458,221375,16,0,0,fused_streaming,circular,persistent,1,1
706,215584,219458,16,0,0,fused_streaming,circular,persistent,1,1
707,224417,228208,16,0,0,fused_streaming,circular,persistent,1,1
708,230042,233917,16,0,0,fused_streaming,circular,persistent,1,1
709,218500,222459,16,0,0,fused_streaming,circular,persistent,1,1
710,213916,218000,16,0,0,fused_streaming,circular,persistent,1,1
711,209042,217250,16,0,0,fused_streaming,circular,persistent,1,1
712,215167,219000,16,0,0,fused_streaming,circular,persistent,1,1
713,217125,220916,16,0,0,fused_streaming,circular,persistent,1,1
714,220708,224583,16,0,0,fused_streaming,circular,persistent,1,1
715,223541,227458,16,0,0,fused_streaming,circular,persistent,1,1
716,221875,225750,16,0,0,fused_streaming,circular,persistent,1,1
717,213584,217458,16,0,0,fused_streaming,circular,persistent,1,1
718,224666,228542,16,0,0,fused_streaming,circular,persistent,1,1
719,226625,230500,16,0,0,fused_streaming,circular,persistent,1,1
720,221583,225500,16,0,0,fused_streaming,circular,persistent,1,1
721,222875,226750,16,0,0,fused_streaming,circular,persistent,1,1
722,221417,225292,16,0,0,fused_streaming,circular,persistent,1,1
723,229458,233666,16,0,0,fused_streaming,circular,persistent,1,1
724,221375,225291,16,0,0,fused_streaming,circular,persistent,1,1
725,209500,213417,16,0,0,fused_streaming,circular,persistent,1,1
726,220000,223875,16,0,0,fused_streaming,circular,persistent,1,1
727,274166,278292,16,0,0,fused_streaming,circular,persistent,1,1
728,214583,218708,16,0,0,fused_streaming,circular,persistent,1,1
729,223000,226916,16,0,0,fused_streaming,circular,persistent,1,1
730,230042,233958,16,0,0,fused_streaming,circular,persistent,1,1
731,228959,232833,16,0,0,fused_streaming,circular,persistent,1,1
732,242417,246416,16,0,0,fused_streaming,circular,persistent,1,1
733,209458,213292,16,0,0,fused_streaming,circular,persistent,1,1
734,220833,224750,16,0,0,fused_streaming,circular,persistent,1,1
735,208458,212417,16,0,0,fused_streaming,circular,persistent,1,1
736,217125,221041,16,0,0,fused_streaming,circular,persistent,1,1
737,210292,214208,16,0,0,fused_streaming,circular,persistent,1,1
738,220750,224625,16,0,0,fused_streaming,circular,persistent,1,1
739,216708,220959,16,0,0,fused_streaming,circular,persistent,1,1
740,221875,225750,16,0,0,fused_streaming,circular,persistent,1,1
741,225959,229833,16,0,0,fused_streaming,circular,persistent,1,1
742,227791,231708,16,0,0,fused_streaming,circular,persistent,1,1
743,213500,217458,16,0,0,fused_streaming,circular,persistent,1,1
744,200042,204208,16,0,0,fused_streaming,circular,persistent,1,1
745,206916,210917,16,0,0,fused_streaming,circular,persistent,1,1
746,213333,217292,16,0,0,fused_streaming,circular,persistent,1,1
747,205917,209875,16,0,0,fused_streaming,circular,persistent,1,1
748,255167,259333,16,0,0,fused_streaming,circular,persistent,1,1
749,221458,225334,16,0,0,fused_streaming,circular,persistent,1,1
750,225542,229416,16,0,0,fused_streaming,circular,persistent,1,1
751,223916,227875,16,0,0,fused_streaming,circular,persistent,1,1
752,228833,232709,16,0,0,fused_streaming,circular,persistent,1,1
753,226042,229917,16,0,0,fused_streaming,circular,persistent,1,1
754,218000,221958,16,0,0,fused_streaming,circular,persistent,1,1
755,225000,228875,16,0,0,fused_streaming,circular,persistent,1,1
756,213791,217708,16,0,0,fused_streaming,circular,persistent,1,1
757,216875,220917,16,0,0,fused_streaming,circular,persistent,1,1
758,208250,212166,16,0,0,fused_streaming,circular,persistent,1,1
759,218125,222041,16,0,0,fused_streaming,circular,persistent,1,1
760,213416,217291,16,0,0,fused_streaming,circular,persistent,1,1
761,215875,219750,16,0,0,fused_streaming,circular,persistent,1,1
762,211459,215375,16,0,0,fused_streaming,circular,persistent,1,1
763,223125,227000,16,0,0,fused_streaming,circular,persistent,1,1
764,228833,232709,16,0,0,fused_streaming,circular,persistent,1,1
765,220625,224500,16,0,0,fused_streaming,circular,persistent,1,1
766,207417,211375,16,0,0,fused_streaming,circular,persistent,1,1
767,200958,204875,16,0,0,fused_streaming,circular,persistent,1,1
768,218917,223083,16,0,0,fused_streaming,circular,persistent,1,1
769,212500,216625,16,0,0,fused_streaming,circular,persistent,1,1
770,219583,223500,16,0,0,fused_streaming,circular,persistent,1,1
771,213041,217166,16,0,0,fused_streaming,circular,persistent,1,1
772,214125,218000,16,0,0,fused_streaming,circular,persistent,1,1
773,224209,228166,16,0,0,fused_streaming,circular,persistent,1,1
774,227167,231000,16,0,0,fused_streaming,circular,persistent,1,1
775,261667,266125,16,0,0,fused_streaming,circular,persistent,1,1
776,205750,209750,16,0,0,fused_streaming,circular,persistent,1,1
777,216667,220500,16,0,0,fused_streaming,circular,persistent,1,1
778,212625,216500,16,0,0,fused_streaming,circular,persistent,1,1
779,214750,223167,16,0,0,fused_streaming,circular,persistent,1,1
780,213667,217583,16,0,0,fused_streaming,circular,persistent,1,1
781,217750,221667,16,0,0,fused_streaming,circular,persistent,1,1
782,219625,223459,16,0,0,fused_streaming,circular,persistent,1,1
783,213416,217291,16,0,0,fused_streaming,circular,persistent,1,1
784,201875,205833,16,0,0,fused_streaming,circular,persistent,1,1
785,248042,252125,16,0,0,fused_streaming,circular,persistent,1,1
786,218584,222416,16,0,0,fused_streaming,circular,persistent,1,1
787,210042,214167,16,0,0,fused_streaming,circular,persistent,1,1
788,218500,222375,16,0,0,fused_streaming,circular,persistent,1,1
789,212667,216916,16,0,0,fused_streaming,circular,persistent,1,1
790,217250,221083,16,0,0,fused_streaming,circular,persistent,1,1
791,210791,214708,16,0,0,fused_streaming,circular,persistent,1,1
792,213375,217500,16,0,0,fused_streaming,circular,persistent,1,1
793,218666,222500,16,0,0,fused_streaming,circular,persistent,1,1
794,213333,217500,16,0,0,fused_streaming,circular,persistent,1,1
795,217458,221417,16,0,0,fused_streaming,circular,persistent,1,1
796,218167,222000,16,0,0,fused_streaming,circular,persistent,1,1
797,217541,221500,16,0,0,fused_streaming,circular,persistent,1,1
798,223959,227833,16,0,0,fused_streaming,circular,persistent,1,1
799,216375,220291,16,0,0,fused_streaming,circular,persistent,1,1
800,209125,213042,16,0,0,fused_streaming,circular,persistent,1,1
801,219000,222958,16,0,0,fused_streaming,circular,persistent,1,1
802,208375,212292,16,0,0,fused_streaming,circular,persistent,1,1
803,219541,223417,16,0,0,fused_streaming,circular,persistent,1,1
804,219416,223291,16,0,0,fused_streaming,circular,persistent,1,1
805,211709,215541,16,0,0,fused_streaming,circular,persistent,1,1
806,223125,226958,16,0,0,fused_streaming,circular,persistent,1,1
807,212834,216708,16,0,0,fused_streaming,circular,persistent,1,1
808,200000,203917,16,0,0,fused_streaming,circular,persistent,1,1
809,204750,208583,16,0,0,fused_streaming,circular,persistent,1,1
810,219666,223500,16,0,0,fused_streaming,circular,persistent,1,1
811,211792,215708,16,0,0,fused_streaming,circular,persistent,1,1
812,217250,221125,16,0,0,fused_streaming,circular,persistent,1,1
813,204583,208667,16,0,0,fused_streaming,circular,persistent,1,1
814,214875,218709,16,0,0,fused_streaming,circular,persistent,1,1
815,214625,218500,16,0,0,fused_streaming,circular,persistent,1,1
816,212417,216333,16,0,0,fused_streaming,circular,persistent,1,1
817,208917,212833,16,0,0,fused_streaming,circular,persistent,1,1
818,211958,216167,16,0,0,fused_streaming,circular,persistent,1,1
819,205500,209334,16,0,0,fused_streaming,circular,persistent,1,1
820,212541,216417,16,0,0,fused_streaming,circular,persistent,1,1
821,219041,222833,16,0,0,fused_streaming,circular,persistent,1,1
822,213917,217750,16,0,0,fused_streaming,circular,persistent,1,1
823,217416,221292,16,0,0,fused_streaming,circular,persistent,1,1
824,213209,217041,16,0,0,fused_streaming,circular,persistent,1,1
825,217125,221000,16,0,0,fused_streaming,circular,persistent,1,1
826,204334,208208,16,0,0,fused_streaming,circular,persistent,1,1
827,207958,211792,16,0,0,fused_streaming,circular,persistent,1,1
828,199584,203500,16,0,0,fused_streaming,circular,persistent,1,1
829,210041,214000,16,0,0,fused_streaming,circular,persistent,1,1
830,220375,224250,16,0,0,fused_streaming,circular,persistent,1,1
831,222250,226125,16,0,0,fused_streaming,circular,persistent,1,1
832,211958,215875,16,0,0,fused_streaming,circular,persistent,1,1
833,206208,210042,16,0,0,fused_streaming,circular,persistent,1,1
834,209750,213667,16,0,0,fused_streaming,circular,persistent,1,1
835,216458,220333,16,0,0,fused_streaming,circular,persistent,1,1
836,211667,215500,16,0,0,fused_streaming,circular,persistent,1,1
837,259959,263958,16,0,0,fused_streaming,circular,persistent,1,1
838,214042,217917,16,0,0,fused_streaming,circular,persistent,1,1
839,215000,218959,16,0,0,fused_streaming,circular,persistent,1,1
840,263291,267375,16,0,0,fused_streaming,circular,persistent,1,1
841,209209,213208,16,0,0,fused_streaming,circular,persistent,1,1
842,218167,222125,16,0,0,fused_streaming,circular,persistent,1,1
843,210250,214167,16,0,0,fused_streaming,circular,persistent,1,1
844,217708,221667,16,0,0,fused_streaming,circular,persistent,1,1
845,208250,212125,16,0,0,fused_streaming,circular,persistent,1,1
846,204833,208750,16,0,0,fused_streaming,circular,persistent,1,1
847,216416,220458,16,0,0,fused_streaming,circular,persistent,1,1
848,217084,221292,16,0,0,fused_streaming,circular,persistent,1,1
849,215750,219625,16,0,0,fused_streaming,circular,persistent,1,1
850,257459,261416,16,0,0,fused_streaming,circular,persistent,1,1
851,215250,219208,16,0,0,fused_streaming,circular,persistent,1,1
852,211792,215708,16,0,0,fused_streaming,circular,persistent,1,1
853,208500,212375,16,0,0,fused_streaming,circular,persistent,1,1
854,219958,223875,16,0,0,fused_streaming,circular,persistent,1,1
855,212750,216667,16,0,0,fused_streaming,circular,persistent,1,1
856,218000,221917,16,0,0,fused_streaming,circular,persistent,1,1
857,213166,217125,16,0,0,fused_streaming,circular,persistent,1,1
858,218042,221917,16,0,0,fused_streaming,circular,persistent,1,1
859,202750,206917,16,0,0,fused_streaming,circular,persistent,1,1
860,219875,223833,16,0,0,fused_streaming,circular,persistent,1,1
861,206083,209959,16,0,0,fused_streaming,circular,persistent,1,1
862,199833,203750,16,0,0,fused_streaming,circular,persistent,1,1
863,266375,270542,16,0,0,fused_streaming,circular,persistent,1,1
864,217750,221708,16,0,0,fused_streaming,circular,persistent,1,1
865,215875,219708,16,0,0,fused_streaming,circular,persistent,1,1
866,205167,209083,16,0,0,fused_streaming,circular,persistent,1,1
867,208333,212208,16,0,0,fused_streaming,circular,persistent,1,1
868,216667,220500,16,0,0,fused_streaming,circular,persistent,1,1
869,210375,214292,16,0,0,fused_streaming,circular,persistent,1,1
870,213208,217083,16,0,0,fused_streaming,circular,persistent,1,1
871,212917,216875,16,0,0,fused_streaming,circular,persistent,1,1
872,216083,219958,16,0,0,fused_streaming,circular,persistent,1,1
873,212708,216625,16,0,0,fused_streaming,circular,persistent,1,1
874,210042,213958,16,0,0,fused_streaming,circular,persistent,1,1
875,215541,219709,16,0,0,fused_streaming,circular,persistent,1,1
876,216000,220000,16,0,0,fused_streaming,circular,persistent,1,1
877,212167,216083,16,0,0,fused_streaming,circular,persistent,1,1
878,207917,211833,16,0,0,fused_streaming,circular,persistent,1,1
879,199625,203542,16,0,0,fused_streaming,circular,persistent,1,1
880,206208,210167,16,0,0,fused_streaming,circular,persistent,1,1
881,220375,224250,16,0,0,fused_streaming,circular,persistent,1,1
882,220625,224500,16,0,0,fused_streaming,circular,persistent,1,1
883,212083,216000,16,0,0,fused_streaming,circular,persistent,1,1
884,219792,223625,16,0,0,fused_streaming,circular,persistent,1,1
885,217417,221250,16,0,0,fused_streaming,circular,persistent,1,1
886,213125,217083,16,0,0,fused_streaming,circular,persistent,1,1
887,217916,221792,16,0,0,fused_streaming,circular,persistent,1,1
888,218042,221917,16,0,0,fused_streaming,circular,persistent,1,1
889,214125,218000,16,0,0,fused_streaming,circular,persistent,1,1
890,216375,220291,16,0,0,fused_streaming,circular,persistent,1,1
891,212458,216333,16,0,0,fused_streaming,circular,persistent,1,1
892,202333,206292,16,0,0,fused_streaming,circular,persistent,1,1
893,204917,208792,16,0,0,fused_streaming,circular,persistent,1,1
894,205333,209208,16,0,0,fused_streaming,circular,persistent,1,1
895,214584,218666,16,0,0,fused_streaming,circular,persistent,1,1
896,214583,218500,16,0,0,fused_streaming,circular,persistent,1,1
897,211625,215542,16,0,0,fused_streaming,circular,persistent,1,1
898,215750,219750,16,0,0,fused_streaming,circular,persistent,1,1
899,210334,214292,16,0,0,fused_streaming,circular,persistent,1,1
900,204625,208584,16,0,0,fused_streaming,circular,persistent,1,1
901,218625,222542,16,0,0,fused_streaming,circular,persistent,1,1
902,217334,221292,16,0,0,fused_streaming,circular,persistent,1,1
903,220000,223917,16,0,0,fused_streaming,circular,persistent,1,1
904,220083,224083,16,0,0,fused_streaming,circular,persistent,1,1
905,210375,214292,16,0,0,fused_streaming,circular,persistent,1,1
906,216417,220250,16,0,0,fused_streaming,circular,persistent,1,1
907,217416,221333,16,0,0,fused_streaming,circular,persistent,1,1
908,214208,218167,16,0,0,fused_streaming,circular,persistent,1,1
909,216125,219958,16,0,0,fused_streaming,circular,persistent,1,1
910,210375,214209,16,0,0,fused_streaming,circular,persistent,1,1
911,215625,219542,16,0,0,fused_streaming,circular,persistent,1,1
912,213000,216833,16,0,0,fused_streaming,circular,persistent,1,1
913,206500,210375,16,0,0,fused_streaming,circular,persistent,1,1
914,219292,223125,16,0,0,fused_streaming,circular,persistent,1,1
915,212583,216375,16,0,0,fused_streaming,circular,persistent,1,1
916,217625,221584,16,0,0,fused_streaming,circular,persistent,1,1
917,217958,221958,16,0,0,fused_streaming,circular,persistent,1,1
918,218000,221875,16,0,0,fused_streaming,circular,persistent,1,1
919,213458,217375,16,0,0,fused_streaming,circular,persistent,1,1
920,205333,209584,16,0,0,fused_streaming,circular,persistent,1,1
921,219750,223625,16,0,0,fused_streaming,circular,persistent,1,1
922,218333,222250,16,0,0,fused_streaming,circular,persistent,1,1
923,213292,217167,16,0,0,fused_streaming,circular,persistent,1,1
924,218833,222667,16,0,0,fused_streaming,circular,persistent,1,1
925,207250,211167,16,0,0,fused_streaming,circular,persistent,1,1
926,225958,229958,16,0,0,fused_streaming,circular,persistent,1,1
927,222542,226459,16,0,0,fused_streaming,circular,persistent,1,1
928,214292,218167,16,0,0,fused_streaming,circular,persistent,1,1
929,200625,204458,16,0,0,fused_streaming,circular,persistent,1,1
930,213167,217083,16,0,0,fused_streaming,circular,persistent,1,1
931,213875,217833,16,0,0,fused_streaming,circular,persistent,1,1
932,222875,226959,16,0,0,fused_streaming,circular,persistent,1,1
933,220084,224000,16,0,0,fused_streaming,circular,persistent,1,1
934,231167,235083,16,0,0,fused_streaming,circular,persistent,1,1
935,224083,228042,16,0,0,fused_streaming,circular,persistent,1,1
936,219916,223875,16,0,0,fused_streaming,circular,persistent,1,1
937,263583,267625,16,0,0,fused_streaming,circular,persistent,1,1
938,209542,213458,16,0,0,fused_streaming,circular,persistent,1,1
939,216834,220667,16,0,0,fused_streaming,circular,persistent,1,1
940,270667,274666,16,0,0,fused_streaming,circular,persistent,1,1
941,228000,231875,16,0,0,fused_streaming,circular,persistent,1,1
942,234125,238000,16,0,0,fused_streaming,circular,persistent,1,1
943,239875,243709,16,0,0,fused_streaming,circular,persistent,1,1
944,238458,242292,16,0,0,fused_streaming,circular,persistent,1,1
945,241583,245583,16,0,0,fused_streaming,circular,persistent,1,1
946,226250,230125,16,0,0,fused_streaming,circular,persistent,1,1
947,221125,225042,16,0,0,fused_streaming,circular,persistent,1,1
948,225250,229125,16,0,0,fused_streaming,circular,persistent,1,1
949,231541,235417,16,0,0,fused_streaming,circular,persistent,1,1
950,234500,238375,16,0,0,fused_streaming,circular,persistent,1,1
951,226958,230792,16,0,0,fused_streaming,circular,persistent,1,1
952,233125,237000,16,0,0,fused_streaming,circular,persistent,1,1
953,231916,235833,16,0,0,fused_streaming,circular,persistent,1,1
954,227166,231000,16,0,0,fused_streaming,circular,persistent,1,1
955,218375,222250,16,0,0,fused_streaming,circular,persistent,1,1
956,218834,222708,16,0,0,fused_streaming,circular,persistent,1,1
957,266292,270459,16,0,0,fused_streaming,circular,persistent,1,1
958,226958,230792,16,0,0,fused_streaming,circular,persistent,1,1
959,231083,235209,16,0,0,fused_streaming,circular,persistent,1,1
960,230458,234417,16,0,0,fused_streaming,circular,persistent,1,1
961,233958,237833,16,0,0,fused_streaming,circular,persistent,1,1
962,237375,241375,16,0,0,fused_streaming,circular,persistent,1,1
963,238500,242292,16,0,0,fused_streaming,circular,persistent,1,1
964,233334,237333,16,0,0,fused_streaming,circular,persistent,1,1
965,241250,245209,16,0,0,fused_streaming,circular,persistent,1,1
966,228166,232042,16,0,0,fused_streaming,circular,persistent,1,1
967,232334,236208,16,0,0,fused_streaming,circular,persistent,1,1
968,226666,230500,16,0,0,fused_streaming,circular,persistent,1,1
969,241458,245250,16,0,0,fused_streaming,circular,persistent,1,1
970,234458,238334,16,0,0,fused_streaming,circular,persistent,1,1
971,245167,249042,16,0,0,fused_streaming,circular,persistent,1,1
972,242000,245917,16,0,0,fused_streaming,circular,persistent,1,1
973,240416,244333,16,0,0,fused_streaming,circular,persistent,1,1
974,235584,239750,16,0,0,fused_streaming,circular,persistent,1,1
975,233959,237875,16,0,0,fused_streaming,circular,persistent,1,1
976,229584,233459,16,0,0,fused_streaming,circular,persistent,1,1
977,228917,232792,16,0,0,fused_streaming,circular,persistent,1,1
978,229084,232958,16,0,0,fused_streaming,circular,persistent,1,1
979,223875,227750,16,0,0,fused_streaming,circular,persistent,1,1
980,231666,235500,16,0,0,fused_streaming,circular,persistent,1,1
981,228208,232042,16,0,0,fused_streaming,circular,persistent,1,1
982,229209,233125,16,0,0,fused_streaming,circular,persistent,1,1
983,230667,234500,16,0,0,fused_streaming,circular,persistent,1,1
984,234000,237875,16,0,0,fused_streaming,circular,persistent,1,1
985,234458,238292,16,0,0,fused_streaming,circular,persistent,1,1
986,230458,234333,16,0,0,fused_streaming,circular,persistent,1,1
987,226625,230500,16,0,0,fused_streaming,circular,persistent,1,1
988,218625,222500,16,0,0,fused_streaming,circular,persistent,1,1
989,218084,221917,16,0,0,fused_streaming,circular,persistent,1,1
990,220000,223833,16,0,0,fused_streaming,circular,persistent,1,1
991,255292,259834,16,0,0,fused_streaming,circular,persistent,1,1
992,212959,216750,16,0,0,fused_streaming,circular,persistent,1,1
993,222916,226750,16,0,0,fused_streaming,circular,persistent,1,1
994,224417,228375,16,0,0,fused_streaming,circular,persistent,1,1
995,224709,228583,16,0,0,fused_streaming,circular,persistent,1,1
996,222875,226667,16,0,0,fused_streaming,circular,persistent,1,1
997,232875,236791,16,0,0,fused_streaming,circular,persistent,1,1
998,229750,233625,16,0,0,fused_streaming,circular,persistent,1,1
999,227083,230958,16,0,0,fused_streaming,circular,persistent,1,1
1000,232583,236458,16,0,0,fused_streaming,circular,persistent,1,1
1001,233000,236875,16,0,0,fused_streaming,circular,persistent,1,1
1002,225292,229166,16,0,0,fused_streaming,circular,persistent,1,1
1003,218500,222417,16,0,0,fused_streaming,circular,persistent,1,1
1004,213916,217791,16,0,0,fused_streaming,circular,persistent,1,1
1005,226083,229875,16,0,0,fused_streaming,circular,persistent,1,1
1006,228875,232750,16,0,0,fused_streaming,circular,persistent,1,1
1007,225000,228958,16,0,0,fused_streaming,circular,persistent,1,1
1008,233500,237375,16,0,0,fused_streaming,circular,persistent,1,1
1009,282750,286833,16,0,0,fused_streaming,circular,persistent,1,1
1010,233541,237417,16,0,0,fused_streaming,circular,persistent,1,1
1011,234416,238375,16,0,0,fused_streaming,circular,persistent,1,1
1012,235666,239500,16,0,0,fused_streaming,circular,persistent,1,1
1013,231125,235042,16,0,0,fused_streaming,circular,persistent,1,1
1014,231125,235042,16,0,0,fused_streaming,circular,persistent,1,1
1015,231209,235291,16,0,0,fused_streaming,circular,persistent,1,1
1016,270917,275000,16,0,0,fused_streaming,circular,persistent,1,1
1017,214292,218209,16,0,0,fused_streaming,circular,persistent,1,1
1018,220416,224250,16,0,0,fused_streaming,circular,persistent,1,1
1019,227458,231458,16,0,0,fused_streaming,circular,persistent,1,1
1020,215875,223833,16,0,0,fused_streaming,circular,persistent,1,1
1021,224167,228041,16,0,0,fused_streaming,circular,persistent,1,1
1022,222209,226083,16,0,0,fused_streaming,circular,persistent,1,1
1023,225917,229792,16,0,0,fused_streaming,circular,persistent,1,1
1024,223625,227500,16,0,0,fused_streaming,circular,persistent,1,1
1025,219416,223459,16,0,0,fused_streaming,circular,persistent,1,1
1026,226042,229958,16,0,0,fused_streaming,circular,persistent,1,1
1027,222625,226500,16,0,0,fused_streaming,circular,persistent,1,1
1028,223167,227041,16,0,0,fused_streaming,circular,persistent,1,1
1029,220750,224709,16,0,0,fused_streaming,circular,persistent,1,1
1030,227416,231333,16,0,0,fused_streaming,circular,persistent,1,1
1031,219333,223292,16,0,0,fused_streaming,circular,persistent,1,1
1032,218583,222500,16,0,0,fused_streaming,circular,persistent,1,1
1033,228667,232542,16,0,0,fused_streaming,circular,persistent,1,1
1034,227042,230917,16,0,0,fused_streaming,circular,persistent,1,1
1035,233458,237375,16,0,0,fused_streaming,circular,persistent,1,1
1036,231166,235042,16,0,0,fused_streaming,circular,persistent,1,1
1037,261709,265791,16,0,0,fused_streaming,circular,persistent,1,1
1038,220416,224334,16,0,0,fused_streaming,circular,persistent,1,1
1039,224208,228125,16,0,0,fused_streaming,circular,persistent,1,1
1040,222500,226417,16,0,0,fused_streaming,circular,persistent,1,1
1041,223292,227166,16,0,0,fused_streaming,circular,persistent,1,1
1042,217000,220917,16,0,0,fused_streaming,circular,persistent,1,1
1043,214541,218500,16,0,0,fused_streaming,circular,persistent,1,1
1044,217833,221708,16,0,0,fused_streaming,circular,persistent,1,1
1045,212625,216667,16,0,0,fused_streaming,circular,persistent,1,1
1046,201750,205708,16,0,0,fused_streaming,circular,persistent,1,1
1047,199667,203584,16,0,0,fused_streaming,circular,persistent,1,1
1048,203916,207833,16,0,0,fused_streaming,circular,persistent,1,1
1049,208083,211958,16,0,0,fused_streaming,circular,persistent,1,1
1050,216250,220250,16,0,0,fused_streaming,circular,persistent,1,1
1051,213416,221500,16,0,0,fused_streaming,circular,persistent,1,1
1052,215375,219375,16,0,0,fused_streaming,circular,persistent,1,1
1053,219375,223291,16,0,0,fused_streaming,circular,persistent,1,1
1054,223334,227250,16,0,0,fused_streaming,circular,persistent,1,1
1055,230875,234750,16,0,0,fused_streaming,circular,persistent,1,1
1056,231042,234917,16,0,0,fused_streaming,circular,persistent,1,1
1057,232583,236500,16,0,0,fused_streaming,circular,persistent,1,1
1058,227291,231250,16,0,0,fused_streaming,circular,persistent,1,1
1059,232625,236583,16,0,0,fused_streaming,circular,persistent,1,1
1060,232875,236750,16,0,0,fused_streaming,circular,persistent,1,1
1061,226042,234333,16,0,0,fused_streaming,circular,persistent,1,1
1062,229209,233125,16,0,0,fused_streaming,circular,persistent,1,1
1063,227916,231916,16,0,0,fused_streaming,circular,persistent,1,1
1064,215917,219750,16,0,0,fused_streaming,circular,persistent,1,1
1065,216916,220792,16,0,0,fused_streaming,circular,persistent,1,1
1066,220875,224875,16,0,0,fused_streaming,circular,persistent,1,1
1067,205000,208917,16,0,0,fused_streaming,circular,persistent,1,1
1068,204709,208625,16,0,0,fused_streaming,circular,persistent,1,1
1069,221000,224916,16,0,0,fused_streaming,circular,persistent,1,1
1070,211166,215000,16,0,0,fused_streaming,circular,persistent,1,1
1071,218792,222666,16,0,0,fused_streaming,circular,persistent,1,1
1072,210916,214917,16,0,0,fused_streaming,circular,persistent,1,1
1073,215083,218959,16,0,0,fused_streaming,circular,persistent,1,1
1074,214667,218541,16,0,0,fused_streaming,circular,persistent,1,1
1075,220375,224375,16,0,0,fused_streaming,circular,persistent,1,1
1076,212208,216166,16,0,0,fused_streaming,circular,persistent,1,1
1077,216666,220542,16,0,0,fused_streaming,circular,persistent,1,1
1078,206333,210250,16,0,0,fused_streaming,circular,persistent,1,1
1079,223125,226958,16,0,0,fused_streaming,circular,persistent,1,1
1080,215167,219083,16,0,0,fused_streaming,circular,persistent,1,1
1081,215791,219750,16,0,0,fused_streaming,circular,persistent,1,1
1082,220000,223875,16,0,0,fused_streaming,circular,persistent,1,1
1083,217959,221916,16,0,0,fused_streaming,circular,persistent,1,1
1084,216875,220834,16,0,0,fused_streaming,circular,persistent,1,1
1085,217584,221500,16,0,0,fused_streaming,circular,persistent,1,1
1086,219084,223000,16,0,0,fused_streaming,circular,persistent,1,1
1087,218542,222458,16,0,0,fused_streaming,circular,persistent,1,1
1088,217667,221625,16,0,0,fused_streaming,circular,persistent,1,1
1089,213333,217291,16,0,0,fused_streaming,circular,persistent,1,1
1090,218750,222708,16,0,0,fused_streaming,circular,persistent,1,1
1091,213542,217458,16,0,0,fused_streaming,circular,persistent,1,1
1092,214708,218583,16,0,0,fused_streaming,circular,persistent,1,1
1093,218791,222667,16,0,0,fused_streaming,circular,persistent,1,1
1094,213375,221583,16,0,0,fused_streaming,circular,persistent,1,1
1095,213167,217167,16,0,0,fused_streaming,circular,persistent,1,1
1096,219916,223875,16,0,0,fused_streaming,circular,persistent,1,1
1097,214125,218000,16,0,0,fused_streaming,circular,persistent,1,1
1098,219625,223625,16,0,0,fused_streaming,circular,persistent,1,1
1099,205959,209875,16,0,0,fused_streaming,circular,persistent,1,1
1100,228459,232833,16,0,0,fused_streaming,circular,persistent,1,1
1101,199833,203750,16,0,0,fused_streaming,circular,persistent,1,1
1102,200500,204458,16,0,0,fused_streaming,circular,persistent,1,1
1103,205084,208958,16,0,0,fused_streaming,circular,persistent,1,1
1104,213542,217416,16,0,0,fused_streaming,circular,persistent,1,1
1105,245625,249667,16,0,0,fused_streaming,circular,persistent,1,1
1106,205417,209291,16,0,0,fused_streaming,circular,persistent,1,1
1107,204333,208209,16,0,0,fused_streaming,circular,persistent,1,1
1108,200250,204167,16,0,0,fused_streaming,circular,persistent,1,1
1109,204541,208417,16,0,0,fused_streaming,circular,persistent,1,1
1110,200917,204875,16,0,0,fused_streaming,circular,persistent,1,1
1111,213041,216917,16,0,0,fused_streaming,circular,persistent,1,1
1112,218041,221917,16,0,0,fused_streaming,circular,persistent,1,1
1113,220125,224042,16,0,0,fused_streaming,circular,persistent,1,1
1114,214042,218000,16,0,0,fused_streaming,circular,persistent,1,1
1115,218542,222416,16,0,0,fused_streaming,circular,persistent,1,1
1116,219084,223084,16,0,0,fused_streaming,circular,persistent,1,1
1117,210583,214500,16,0,0,fused_streaming,circular,persistent,1,1
1118,200875,204750,16,0,0,fused_streaming,circular,persistent,1,1
1119,204875,208792,16,0,0,fused_streaming,circular,persistent,1,1
1120,206709,210541,16,0,0,fused_streaming,circular,persistent,1,1
1121,217458,221292,16,0,0,fused_streaming,circular,persistent,1,1
1122,215583,219458,16,0,0,fused_streaming,circular,persistent,1,1
1123,211542,215541,16,0,0,fused_streaming,circular,persistent,1,1
1124,215541,219417,16,0,0,fused_streaming,circular,persistent,1,1
1125,210750,214583,16,0,0,fused_streaming,circular,persistent,1,1
1126,210542,214416,16,0,0,fused_streaming,circular,persistent,1,1
1127,216542,220375,16,0,0,fused_streaming,circular,persistent,1,1
1128,210334,214292,16,0,0,fused_streaming,circular,persistent,1,1
1129,215375,219250,16,0,0,fused_streaming,circular,persistent,1,1
1130,216916,220917,16,0,0,fused_streaming,circular,persistent,1,1
1131,209875,213833,16,0,0,fused_streaming,circular,persistent,1,1
1132,214958,218834,16,0,0,fused_streaming,circular,persistent,1,1
1133,217875,221708,16,0,0,fused_streaming,circular,persistent,1,1
1134,210584,214417,16,0,0,fused_streaming,circular,persistent,1,1
1135,215666,219584,16,0,0,fused_streaming,circular,persistent,1,1
1136,211083,214958,16,0,0,fused_streaming,circular,persistent,1,1
1137,216250,220125,16,0,0,fused_streaming,circular,persistent,1,1
1138,211416,215250,16,0,0,fused_streaming,circular,persistent,1,1
1139,253875,257959,16,0,0,fused_streaming,circular,persistent,1,1
1140,200375,204584,16,0,0,fused_streaming,circular,persistent,1,1
1141,204792,208709,16,0,0,fused_streaming,circular,persistent,1,1
1142,205000,208875,16,0,0,fused_streaming,circular,persistent,1,1
1143,240875,245125,16,0,0,fused_streaming,circular,persistent,1,1
1144,219042,222917,16,0,0,fused_streaming,circular,persistent,1,1
1145,213750,217667,16,0,0,fused_streaming,circular,persistent,1,1
1146,218750,222583,16,0,0,fused_streaming,circular,persistent,1,1
1147,219625,223542,16,0,0,fused_streaming,circular,persistent,1,1
1148,213917,217917,16,0,0,fused_streaming,circular,persistent,1,1
1149,218750,222667,16,0,0,fused_streaming,circular,persistent,1,1
1150,218833,222709,16,0,0,fused_streaming,circular,persistent,1,1
1151,213708,217833,16,0,0,fused_streaming,circular,persistent,1,1
1152,218458,222334,16,0,0,fused_streaming,circular,persistent,1,1
1153,219542,223416,16,0,0,fused_streaming,circular,persistent,1,1
1154,211084,215000,16,0,0,fused_streaming,circular,persistent,1,1
1155,205000,208834,16,0,0,fused_streaming,circular,persistent,1,1
1156,202167,249375,16,0,0,fused_streaming,circular,persistent,1,1
1157,204667,208583,16,0,0,fused_streaming,circular,persistent,1,1
1158,204166,208084,16,0,0,fused_streaming,circular,persistent,1,1
1159,200167,204042,16,0,0,fused_streaming,circular,persistent,1,1
1160,204666,208542,16,0,0,fused_streaming,circular,persistent,1,1
1161,205167,209167,16,0,0,fused_streaming,circular,persistent,1,1
1162,200041,203958,16,0,0,fused_streaming,circular,persistent,1,1
1163,205042,208833,16,0,0,fused_streaming,circular,persistent,1,1
1164,251583,255875,16,0,0,fused_streaming,circular,persistent,1,1
1165,217833,221708,16,0,0,fused_streaming,circular,persistent,1,1
1166,218083,221958,16,0,0,fused_streaming,circular,persistent,1,1
1167,216250,220167,16,0,0,fused_streaming,circular,persistent,1,1
1168,211167,215041,16,0,0,fused_streaming,circular,persistent,1,1
1169,215292,219167,16,0,0,fused_streaming,circular,persistent,1,1
1170,207958,211792,16,0,0,fused_streaming,circular,persistent,1,1
1171,205459,209333,16,0,0,fused_streaming,circular,persistent,1,1
1172,200292,204084,16,0,0,fused_streaming,circular,persistent,1,1
1173,204917,208792,16,0,0,fused_streaming,circular,persistent,1,1
1174,204958,208750,16,0,0,fused_streaming,circular,persistent,1,1
1175,200709,204625,16,0,0,fused_streaming,circular,persistent,1,1
1176,205125,208917,16,0,0,fused_streaming,circular,persistent,1,1
1177,200208,204041,16,0,0,fused_streaming,circular,persistent,1,1
1178,199875,203750,16,0,0,fused_streaming,circular,persistent,1,1
1179,208958,212875,16,0,0,fused_streaming,circular,persistent,1,1
1180,218625,222500,16,0,0,fused_streaming,circular,persistent,1,1
1181,219291,223167,16,0,0,fused_streaming,circular,persistent,1,1
1182,257208,261584,16,0,0,fused_streaming,circular,persistent,1,1
1183,204709,208667,16,0,0,fused_streaming,circular,persistent,1,1
1184,199625,207958,16,0,0,fused_streaming,circular,persistent,1,1
1185,200708,204583,16,0,0,fused_streaming,circular,persistent,1,1
1186,247250,251458,16,0,0,fused_streaming,circular,persistent,1,1
1187,200541,204375,16,0,0,fused_streaming,circular,persistent,1,1
1188,199708,203583,16,0,0,fused_streaming,circular,persistent,1,1
1189,205041,208875,16,0,0,fused_streaming,circular,persistent,1,1
1190,200167,204083,16,0,0,fused_streaming,circular,persistent,1,1
1191,200875,204708,16,0,0,fused_streaming,circular,persistent,1,1
1192,204542,208416,16,0,0,fused_streaming,circular,persistent,1,1
1193,200125,203958,16,0,0,fused_streaming,circular,persistent,1,1
1194,200292,204458,16,0,0,fused_streaming,circular,persistent,1,1
1195,205792,209750,16,0,0,fused_streaming,circular,persistent,1,1
1196,200666,204542,16,0,0,fused_streaming,circular,persistent,1,1
1197,199958,203917,16,0,0,fused_streaming,circular,persistent,1,1
1198,204833,208667,16,0,0,fused_streaming,circular,persistent,1,1
1199,205792,209709,16,0,0,fused_streaming,circular,persistent,1,1
1200,200083,204000,16,0,0,fused_streaming,circular,persistent,1,1
1201,205042,208875,16,0,0,fused_streaming,circular,persistent,1,1
1202,200041,203917,16,0,0,fused_streaming,circular,persistent,1,1
1203,200042,204041,16,0,0,fused_streaming,circular,persistent,1,1
1204,205042,208958,16,0,0,fused_streaming,circular,persistent,1,1
1205,205208,209083,16,0,0,fused_streaming,circular,persistent,1,1
1206,199750,203667,16,0,0,fused_streaming,circular,persistent,1,1
1207,206500,210416,16,0,0,fused_streaming,circular,persistent,1,1
1208,205000,208875,16,0,0,fused_streaming,circular,persistent,1,1
1209,200542,204541,16,0,0,fused_streaming,circular,persistent,1,1
1210,202125,206041,16,0,0,fused_streaming,circular,persistent,1,1
1211,249625,253708,16,0,0,fused_streaming,circular,persistent,1,1
1212,205750,209625,16,0,0,fused_streaming,circular,persistent,1,1
1213,200042,203958,16,0,0,fused_streaming,circular,persistent,1,1
1214,215208,219125,16,0,0,fused_streaming,circular,persistent,1,1
1215,212458,216417,16,0,0,fused_streaming,circular,persistent,1,1
1216,207792,211709,16,0,0,fused_streaming,circular,persistent,1,1
1217,200583,204542,16,0,0,fused_streaming,circular,persistent,1,1
1218,205125,209042,16,0,0,fused_streaming,circular,persistent,1,1
1219,206375,210250,16,0,0,fused_streaming,circular,persistent,1,1
1220,206583,210625,16,0,0,fused_streaming,circular,persistent,1,1
1221,200334,204291,16,0,0,fused_streaming,circular,persistent,1,1
1222,204292,208167,16,0,0,fused_streaming,circular,persistent,1,1
1223,206041,210083,16,0,0,fused_streaming,circular,persistent,1,1
1224,209375,213291,16,0,0,fused_streaming,circular,persistent,1,1
1225,213750,217708,16,0,0,fused_streaming,circular,persistent,1,1
1226,214792,218833,16,0,0,fused_streaming,circular,persistent,1,1
1227,215083,219041,16,0,0,fused_streaming,circular,persistent,1,1
1228,215292,219167,16,0,0,fused_streaming,circular,persistent,1,1
1229,249833,253833,16,0,0,fused_streaming,circular,persistent,1,1
1230,216875,220792,16,0,0,fused_streaming,circular,persistent,1,1
1231,207416,211333,16,0,0,fused_streaming,circular,persistent,1,1
1232,205125,208959,16,0,0,fused_streaming,circular,persistent,1,1
1233,201041,204958,16,0,0,fused_streaming,circular,persistent,1,1
1234,205208,209125,16,0,0,fused_streaming,circular,persistent,1,1
1235,205083,208958,16,0,0,fused_streaming,circular,persistent,1,1
1236,200459,204333,16,0,0,fused_streaming,circular,persistent,1,1
1237,206250,210250,16,0,0,fused_streaming,circular,persistent,1,1
1238,204958,208875,16,0,0,fused_streaming,circular,persistent,1,1
1239,199333,203250,16,0,0,fused_streaming,circular,persistent,1,1
1240,204959,208875,16,0,0,fused_streaming,circular,persistent,1,1
1241,250958,255042,16,0,0,fused_streaming,circular,persistent,1,1
1242,216542,220500,16,0,0,fused_streaming,circular,persistent,1,1
1243,213250,221333,16,0,0,fused_streaming,circular,persistent,1,1
1244,272459,276458,16,0,0,fused_streaming,circular,persistent,1,1
1245,218375,222250,16,0,0,fused_streaming,circular,persistent,1,1
1246,218375,222291,16,0,0,fused_streaming,circular,persistent,1,1
1247,215042,219083,16,0,0,fused_streaming,circular,persistent,1,1
1248,218792,222750,16,0,0,fused_streaming,circular,persistent,1,1
1249,218375,222250,16,0,0,fused_streaming,circular,persistent,1,1
1250,251084,255375,16,0,0,fused_streaming,circular,persistent,1,1
1251,205709,209583,16,0,0,fused_streaming,circular,persistent,1,1
1252,199709,203625,16,0,0,fused_streaming,circular,persistent,1,1
1253,205417,209334,16,0,0,fused_streaming,circular,persistent,1,1
1254,205000,209250,16,0,0,fused_streaming,circular,persistent,1,1
1255,199958,203833,16,0,0,fused_streaming,circular,persistent,1,1
1256,205208,209084,16,0,0,fused_streaming,circular,persistent,1,1
1257,205166,209083,16,0,0,fused_streaming,circular,persistent,1,1
1258,200041,204000,16,0,0,fused_streaming,circular,persistent,1,1
1259,215917,219791,16,0,0,fused_streaming,circular,persistent,1,1
1260,215500,219417,16,0,0,fused_streaming,circular,persistent,1,1
1261,211083,215042,16,0,0,fused_streaming,circular,persistent,1,1
1262,218625,222625,16,0,0,fused_streaming,circular,persistent,1,1
1263,205417,209417,16,0,0,fused_streaming,circular,persistent,1,1
1264,204458,208334,16,0,0,fused_streaming,circular,persistent,1,1
1265,240416,244417,16,0,0,fused_streaming,circular,persistent,1,1
1266,200333,204500,16,0,0,fused_streaming,circular,persistent,1,1
1267,205041,208917,16,0,0,fused_streaming,circular,persistent,1,1
1268,210292,214375,16,0,0,fused_streaming,circular,persistent,1,1
1269,205584,209416,16,0,0,fused_streaming,circular,persistent,1,1
1270,205333,209250,16,0,0,fused_streaming,circular,persistent,1,1
1271,204250,208208,16,0,0,fused_streaming,circular,persistent,1,1
1272,201291,205250,16,0,0,fused_streaming,circular,persistent,1,1
1273,204792,209042,16,0,0,fused_streaming,circular,persistent,1,1
1274,204125,208000,16,0,0,fused_streaming,circular,persistent,1,1
1275,199958,203917,16,0,0,fused_streaming,circular,persistent,1,1
1276,200833,204750,16,0,0,fused_streaming,circular,persistent,1,1
1277,204958,208833,16,0,0,fused_streaming,circular,persistent,1,1
1278,199791,203625,16,0,0,fused_streaming,circular,persistent,1,1
1279,200125,204209,16,0,0,fused_streaming,circular,persistent,1,1
1280,206291,210250,16,0,0,fused_streaming,circular,persistent,1,1
1281,205042,208917,16,0,0,fused_streaming,circular,persistent,1,1
1282,199625,203542,16,0,0,fused_streaming,circular,persistent,1,1
1283,205042,208917,16,0,0,fused_streaming,circular,persistent,1,1
1284,205792,209709,16,0,0,fused_streaming,circular,persistent,1,1
1285,200000,203916,16,0,0,fused_streaming,circular,persistent,1,1
1286,204708,208542,16,0,0,fused_streaming,circular,persistent,1,1
1287,204750,208625,16,0,0,fused_streaming,circular,persistent,1,1
1288,200375,204125,16,0,0,fused_streaming,circular,persistent,1,1
1289,205000,208917,16,0,0,fused_streaming,circular,persistent,1,1
1290,199750,203667,16,0,0,fused_streaming,circular,persistent,1,1
1291,205375,209250,16,0,0,fused_streaming,circular,persistent,1,1
1292,249292,253500,16,0,0,fused_streaming,circular,persistent,1,1
1293,199958,203916,16,0,0,fused_streaming,circular,persistent,1,1
1294,204667,208541,16,0,0,fused_streaming,circular,persistent,1,1
1295,199291,203209,16,0,0,fused_streaming,circular,persistent,1,1
1296,204542,208458,16,0,0,fused_streaming,circular,persistent,1,1
1297,205792,209750,16,0,0,fused_streaming,circular,persistent,1,1
1298,199875,203750,16,0,0,fused_streaming,circular,persistent,1,1
1299,205208,209125,16,0,0,fused_streaming,circular,persistent,1,1
1300,199833,203750,16,0,0,fused_streaming,circular,persistent,1,1
1301,200792,204709,16,0,0,fused_streaming,circular,persistent,1,1
1302,205166,209000,16,0,0,fused_streaming,circular,persistent,1,1
1303,205125,209000,16,0,0,fused_streaming,circular,persistent,1,1
1304,199792,203750,16,0,0,fused_streaming,circular,persistent,1,1
1305,206125,210208,16,0,0,fused_streaming,circular,persistent,1,1
1306,205291,209208,16,0,0,fused_streaming,circular,persistent,1,1
1307,199875,203792,16,0,0,fused_streaming,circular,persistent,1,1
1308,204209,208083,16,0,0,fused_streaming,circular,persistent,1,1
1309,206917,210875,16,0,0,fused_streaming,circular,persistent,1,1
1310,206333,210208,16,0,0,fused_streaming,circular,persistent,1,1
1311,200167,204042,16,0,0,fused_streaming,circular,persistent,1,1
1312,204583,208458,16,0,0,fused_streaming,circular,persistent,1,1
1313,207708,211625,16,0,0,fused_streaming,circular,persistent,1,1
1314,200333,204292,16,0,0,fused_streaming,circular,persistent,1,1
1315,204750,208583,16,0,0,fused_streaming,circular,persistent,1,1
1316,204250,208084,16,0,0,fused_streaming,circular,persistent,1,1
1317,247708,251958,16,0,0,fused_streaming,circular,persistent,1,1
1318,204958,208917,16,0,0,fused_streaming,circular,persistent,1,1
1319,200209,204334,16,0,0,fused_streaming,circular,persistent,1,1
1320,200375,204291,16,0,0,fused_streaming,circular,persistent,1,1
1321,205000,208791,16,0,0,fused_streaming,circular,persistent,1,1
1322,206000,209917,16,0,0,fused_streaming,circular,persistent,1,1
1323,199958,203833,16,0,0,fused_streaming,circular,persistent,1,1
1324,205083,208917,16,0,0,fused_streaming,circular,persistent,1,1
1325,204708,208917,16,0,0,fused_streaming,circular,persistent,1,1
1326,201084,205000,16,0,0,fused_streaming,circular,persistent,1,1
1327,204625,208541,16,0,0,fused_streaming,circular,persistent,1,1
1328,204834,208666,16,0,0,fused_streaming,circular,persistent,1,1
1329,199792,203667,16,0,0,fused_streaming,circular,persistent,1,1
1330,205750,209667,16,0,0,fused_streaming,circular,persistent,1,1
1331,200000,203917,16,0,0,fused_streaming,circular,persistent,1,1
1332,205000,208917,16,0,0,fused_streaming,circular,persistent,1,1
1333,199875,208333,16,0,0,fused_streaming,circular,persistent,1,1
1334,201084,205000,16,0,0,fused_streaming,circular,persistent,1,1
1335,205542,209417,16,0,0,fused_streaming,circular,persistent,1,1
1336,199791,203708,16,0,0,fused_streaming,circular,persistent,1,1
1337,204916,208792,16,0,0,fused_streaming,circular,persistent,1,1
1338,200375,204125,16,0,0,fused_streaming,circular,persistent,1,1
1339,200167,204292,16,0,0,fused_streaming,circular,persistent,1,1
1340,204916,208792,16,0,0,fused_streaming,circular,persistent,1,1
1341,199792,203667,16,0,0,fused_streaming,circular,persistent,1,1
1342,205083,208959,16,0,0,fused_streaming,circular,persistent,1,1
1343,206333,210250,16,0,0,fused_streaming,circular,persistent,1,1
1344,199958,203875,16,0,0,fused_streaming,circular,persistent,1,1
1345,205625,209458,16,0,0,fused_streaming,circular,persistent,1,1
1346,200458,204250,16,0,0,fused_streaming,circular,persistent,1,1
1347,200750,204583,16,0,0,fused_streaming,circular,persistent,1,1
1348,205250,209166,16,0,0,fused_streaming,circular,persistent,1,1
1349,199792,203750,16,0,0,fused_streaming,circular,persistent,1,1
1350,200333,204250,16,0,0,fused_streaming,circular,persistent,1,1
1351,206792,210792,16,0,0,fused_streaming,circular,persistent,1,1
1352,204542,208459,16,0,0,fused_streaming,circular,persistent,1,1
1353,200416,204292,16,0,0,fused_streaming,circular,persistent,1,1
1354,204584,208375,16,0,0,fused_streaming,circular,persistent,1,1
1355,252959,257208,16,0,0,fused_streaming,circular,persistent,1,1
1356,201084,205250,16,0,0,fused_streaming,circular,persistent,1,1
1357,205083,208959,16,0,0,fused_streaming,circular,persistent,1,1
1358,205083,208917,16,0,0,fused_streaming,circular,persistent,1,1
1359,200250,204125,16,0,0,fused_streaming,circular,persistent,1,1
1360,205291,209167,16,0,0,fused_streaming,circular,persistent,1,1
1361,204083,207959,16,0,0,fused_streaming,circular,persistent,1,1
1362,200542,204459,16,0,0,fused_streaming,circular,persistent,1,1
1363,204292,208166,16,0,0,fused_streaming,circular,persistent,1,1
1364,204833,208708,16,0,0,fused_streaming,circular,persistent,1,1
1365,205416,209333,16,0,0,fused_streaming,circular,persistent,1,1
1366,199500,203417,16,0,0,fused_streaming,circular,persistent,1,1
1367,204792,208666,16,0,0,fused_streaming,circular,persistent,1,1
1368,205833,209917,16,0,0,fused_streaming,circular,persistent,1,1
1369,200083,203958,16,0,0,fused_streaming,circular,persistent,1,1
1370,204750,208625,16,0,0,fused_streaming,circular,persistent,1,1
1371,204500,208333,16,0,0,fused_streaming,circular,persistent,1,1
1372,201041,204875,16,0,0,fused_streaming,circular,persistent,1,1
1373,204916,208792,16,0,0,fused_streaming,circular,persistent,1,1
1374,201042,204875,16,0,0,fused_streaming,circular,persistent,1,1
1375,200667,209125,16,0,0,fused_streaming,circular,persistent,1,1
1376,205791,209708,16,0,0,fused_streaming,circular,persistent,1,1
1377,200208,204083,16,0,0,fused_streaming,circular,persistent,1,1
1378,205166,209042,16,0,0,fused_streaming,circular,persistent,1,1
1379,200625,204542,16,0,0,fused_streaming,circular,persistent,1,1
1380,257250,261292,16,0,0,fused_streaming,circular,persistent,1,1
1381,205667,209542,16,0,0,fused_streaming,circular,persistent,1,1
1382,199958,203834,16,0,0,fused_streaming,circular,persistent,1,1
1383,204583,208375,16,0,0,fused_streaming,circular,persistent,1,1
1384,200166,204084,16,0,0,fused_streaming,circular,persistent,1,1
1385,200208,204083,16,0,0,fused_streaming,circular,persistent,1,1
1386,205125,208958,16,0,0,fused_streaming,circular,persistent,1,1
1387,200209,204125,16,0,0,fused_streaming,circular,persistent,1,1
1388,204750,208625,16,0,0,fused_streaming,circular,persistent,1,1
1389,205417,209292,16,0,0,fused_streaming,circular,persistent,1,1
1390,200250,204208,16,0,0,fused_streaming,circular,persistent,1,1
1391,204625,208458,16,0,0,fused_streaming,circular,persistent,1,1
1392,200583,204500,16,0,0,fused_streaming,circular,persistent,1,1
1393,200250,204125,16,0,0,fused_streaming,circular,persistent,1,1
1394,205167,209041,16,0,0,fused_streaming,circular,persistent,1,1
1395,200333,204250,16,0,0,fused_streaming,circular,persistent,1,1
1396,205541,209417,16,0,0,fused_streaming,circular,persistent,1,1
1397,247583,251667,16,0,0,fused_streaming,circular,persistent,1,1
1398,200708,204584,16,0,0,fused_streaming,circular,persistent,1,1
1399,204666,208542,16,0,0,fused_streaming,circular,persistent,1,1
1400,204167,208041,16,0,0,fused_streaming,circular,persistent,1,1
1401,199792,203750,16,0,0,fused_streaming,circular,persistent,1,1
1402,205583,209500,16,0,0,fused_streaming,circular,persistent,1,1
1403,204375,208292,16,0,0,fused_streaming,circular,persistent,1,1
1404,200500,204375,16,0,0,fused_streaming,circular,persistent,1,1
1405,199666,203583,16,0,0,fused_streaming,circular,persistent,1,1
1406,206000,209917,16,0,0,fused_streaming,circular,persistent,1,1
1407,205042,208916,16,0,0,fused_streaming,circular,persistent,1,1
1408,200458,204333,16,0,0,fused_streaming,circular,persistent,1,1
1409,199750,203709,16,0,0,fused_streaming,circular,persistent,1,1
1410,205000,209000,16,0,0,fused_streaming,circular,persistent,1,1
1411,204667,208875,16,0,0,fused_streaming,circular,persistent,1,1
1412,199833,203834,16,0,0,fused_streaming,circular,persistent,1,1
1413,205041,208875,16,0,0,fused_streaming,circular,persistent,1,1
1414,204917,208875,16,0,0,fused_streaming,circular,persistent,1,1
1415,200000,203959,16,0,0,fused_streaming,circular,persistent,1,1
1416,204917,208791,16,0,0,fused_streaming,circular,persistent,1,1
1417,204916,208834,16,0,0,fused_streaming,circular,persistent,1,1
1418,201208,205084,16,0,0,fused_streaming,circular,persistent,1,1
1419,204542,208459,16,0,0,fused_streaming,circular,persistent,1,1
1420,205000,208958,16,0,0,fused_streaming,circular,persistent,1,1
1421,200333,204250,16,0,0,fused_streaming,circular,persistent,1,1
1422,206291,210334,16,0,0,fused_streaming,circular,persistent,1,1
1423,204583,208459,16,0,0,fused_streaming,circular,persistent,1,1
1424,199959,203875,16,0,0,fused_streaming,circular,persistent,1,1
1425,205500,209375,16,0,0,fused_streaming,circular,persistent,1,1
1426,250542,254541,16,0,0,fused_streaming,circular,persistent,1,1
1427,201083,205000,16,0,0,fused_streaming,circular,persistent,1,1
1428,205041,208917,16,0,0,fused_streaming,circular,persistent,1,1
1429,200166,204084,16,0,0,fused_streaming,circular,persistent,1,1
1430,205125,209000,16,0,0,fused_streaming,circular,persistent,1,1
1431,205625,209542,16,0,0,fused_streaming,circular,persistent,1,1
1432,201208,205083,16,0,0,fused_streaming,circular,persistent,1,1
1433,205500,209458,16,0,0,fused_streaming,circular,persistent,1,1
1434,205125,209000,16,0,0,fused_streaming,circular,persistent,1,1
1435,201250,205125,16,0,0,fused_streaming,circular,persistent,1,1
1436,204416,208292,16,0,0,fused_streaming,circular,persistent,1,1
1437,204584,208541,16,0,0,fused_streaming,circular,persistent,1,1
1438,200500,204458,16,0,0,fused_streaming,circular,persistent,1,1
1439,206208,210208,16,0,0,fused_streaming,circular,persistent,1,1
1440,205167,209167,16,0,0,fused_streaming,circular,persistent,1,1
1441,200042,204000,16,0,0,fused_streaming,circular,persistent,1,1
1442,205459,209333,16,0,0,fused_streaming,circular,persistent,1,1
1443,206792,210750,16,0,0,fused_streaming,circular,persistent,1,1
1444,201041,205042,16,0,0,fused_streaming,circular,persistent,1,1
1445,204875,208792,16,0,0,fused_streaming,circular,persistent,1,1
1446,204750,208625,16,0,0,fused_streaming,circular,persistent,1,1
1447,242333,246833,16,0,0,fused_streaming,circular,persistent,1,1
1448,204791,208709,16,0,0,fused_streaming,circular,persistent,1,1
1449,204959,208875,16,0,0,fused_streaming,circular,persistent,1,1
1450,200250,204166,16,0,0,fused_streaming,circular,persistent,1,1
1451,205625,209542,16,0,0,fused_streaming,circular,persistent,1,1
1452,204500,208417,16,0,0,fused_streaming,circular,persistent,1,1
1453,199375,203333,16,0,0,fused_streaming,circular,persistent,1,1
1454,205250,209125,16,0,0,fused_streaming,circular,persistent,1,1
1455,205542,209375,16,0,0,fused_streaming,circular,persistent,1,1
1456,201166,205083,16,0,0,fused_streaming,circular,persistent,1,1
1457,205250,209458,16,0,0,fused_streaming,circular,persistent,1,1
1458,205083,209000,16,0,0,fused_streaming,circular,persistent,1,1
1459,199833,203792,16,0,0,fused_streaming,circular,persistent,1,1
1460,200209,204083,16,0,0,fused_streaming,circular,persistent,1,1
1461,204708,208584,16,0,0,fused_streaming,circular,persistent,1,1
1462,200166,204000,16,0,0,fused_streaming,circular,persistent,1,1
1463,200542,204458,16,0,0,fused_streaming,circular,persistent,1,1
1464,206875,210958,16,0,0,fused_streaming,circular,persistent,1,1
1465,200292,204166,16,0,0,fused_streaming,circular,persistent,1,1
1466,243500,247583,16,0,0,fused_streaming,circular,persistent,1,1
1467,204875,208833,16,0,0,fused_streaming,circular,persistent,1,1
1468,204792,208666,16,0,0,fused_streaming,circular,persistent,1,1
1469,199834,203750,16,0,0,fused_streaming,circular,persistent,1,1
1470,256375,260542,16,0,0,fused_streaming,circular,persistent,1,1
1471,206209,210083,16,0,0,fused_streaming,circular,persistent,1,1
1472,200750,204666,16,0,0,fused_streaming,circular,persistent,1,1
1473,199666,203583,16,0,0,fused_streaming,circular,persistent,1,1
1474,205208,209125,16,0,0,fused_streaming,circular,persistent,1,1
1475,205667,209541,16,0,0,fused_streaming,circular,persistent,1,1
1476,199750,203667,16,0,0,fused_streaming,circular,persistent,1,1
1477,205458,209334,16,0,0,fused_streaming,circular,persistent,1,1
1478,204959,208833,16,0,0,fused_streaming,circular,persistent,1,1
1479,200958,204917,16,0,0,fused_streaming,circular,persistent,1,1
1480,199834,203792,16,0,0,fused_streaming,circular,persistent,1,1
1481,205500,209334,16,0,0,fused_streaming,circular,persistent,1,1
1482,200042,203959,16,0,0,fused_streaming,circular,persistent,1,1
1483,201292,205250,16,0,0,fused_streaming,circular,persistent,1,1
1484,204834,208708,16,0,0,fused_streaming,circular,persistent,1,1
1485,200833,204625,16,0,0,fused_streaming,circular,persistent,1,1
1486,200250,204500,16,0,0,fused_streaming,circular,persistent,1,1
1487,206084,210041,16,0,0,fused_streaming,circular,persistent,1,1
1488,199791,203750,16,0,0,fused_streaming,circular,persistent,1,1
1489,204833,208917,16,0,0,fused_streaming,circular,persistent,1,1
1490,205000,208875,16,0,0,fused_streaming,circular,persistent,1,1
1491,201208,205209,16,0,0,fused_streaming,circular,persistent,1,1
1492,204958,209042,16,0,0,fused_streaming,circular,persistent,1,1
1493,204791,208667,16,0,0,fused_streaming,circular,persistent,1,1
1494,200000,203958,16,0,0,fused_streaming,circular,persistent,1,1
1495,250750,255000,16,0,0,fused_streaming,circular,persistent,1,1
1496,204875,208750,16,0,0,fused_streaming,circular,persistent,1,1
1497,199958,203875,16,0,0,fused_streaming,circular,persistent,1,1
1498,204875,208750,16,0,0,fused_streaming,circular,persistent,1,1
1499,200083,204000,16,0,0,fused_streaming,circular,persistent,1,1
1500,205375,209333,16,0,0,fused_streaming,circular,persistent,1,1
1501,205250,209166,16,0,0,fused_streaming,circular,persistent,1,1
1502,200125,204084,16,0,0,fused_streaming,circular,persistent,1,1
1503,205125,209042,16,0,0,fused_streaming,circular,persistent,1,1
1504,205791,209667,16,0,0,fused_streaming,circular,persistent,1,1
1505,199833,203708,16,0,0,fused_streaming,circular,persistent,1,1
1506,205167,209041,16,0,0,fused_streaming,circular,persistent,1,1
1507,200042,203958,16,0,0,fused_streaming,circular,persistent,1,1
1508,200833,204750,16,0,0,fused_streaming,circular,persistent,1,1
1509,204792,208666,16,0,0,fused_streaming,circular,persistent,1,1
1510,199833,203750,16,0,0,fused_streaming,circular,persistent,1,1
1511,205250,209125,16,0,0,fused_streaming,circular,persistent,1,1
1512,250458,254542,16,0,0,fused_streaming,circular,persistent,1,1
1513,200458,204333,16,0,0,fused_streaming,circular,persistent,1,1
1514,204583,208459,16,0,0,fused_streaming,circular,persistent,1,1
1515,200166,203958,16,0,0,fused_streaming,circular,persistent,1,1
1516,200125,204000,16,0,0,fused_streaming,circular,persistent,1,1
1517,205958,209916,16,0,0,fused_streaming,circular,persistent,1,1
1518,205084,208916,16,0,0,fused_streaming,circular,persistent,1,1
1519,200000,203916,16,0,0,fused_streaming,circular,persistent,1,1
1520,205417,209250,16,0,0,fused_streaming,circular,persistent,1,1
1521,206791,210625,16,0,0,fused_streaming,circular,persistent,1,1
1522,199708,203625,16,0,0,fused_streaming,circular,persistent,1,1
1523,205083,208959,16,0,0,fused_streaming,circular,persistent,1,1
1524,205500,209667,16,0,0,fused_streaming,circular,persistent,1,1
1525,201416,205250,16,0,0,fused_streaming,circular,persistent,1,1
1526,205625,209583,16,0,0,fused_streaming,circular,persistent,1,1
1527,205041,208833,16,0,0,fused_streaming,circular,persistent,1,1
1528,199625,203541,16,0,0,fused_streaming,circular,persistent,1,1
1529,206750,210667,16,0,0,fused_streaming,circular,persistent,1,1
1530,204792,208625,16,0,0,fused_streaming,circular,persistent,1,1
1531,200000,203833,16,0,0,fused_streaming,circular,persistent,1,1
1532,199917,203834,16,0,0,fused_streaming,circular,persistent,1,1
1533,206458,210458,16,0,0,fused_streaming,circular,persistent,1,1
1534,199625,203500,16,0,0,fused_streaming,circular,persistent,1,1
1535,200708,204583,16,0,0,fused_streaming,circular,persistent,1,1
1536,205250,209125,16,0,0,fused_streaming,circular,persistent,1,1
1537,249084,253375,16,0,0,fused_streaming,circular,persistent,1,1
1538,200042,203959,16,0,0,fused_streaming,circular,persistent,1,1
1539,205208,209000,16,0,0,fused_streaming,circular,persistent,1,1
1540,200000,203791,16,0,0,fused_streaming,circular,persistent,1,1
1541,252000,256042,16,0,0,fused_streaming,circular,persistent,1,1
1542,205208,209208,16,0,0,fused_streaming,circular,persistent,1,1
1543,205167,209084,16,0,0,fused_streaming,circular,persistent,1,1
1544,199834,203750,16,0,0,fused_streaming,circular,persistent,1,1
1545,204959,208791,16,0,0,fused_streaming,circular,persistent,1,1
1546,205375,209208,16,0,0,fused_streaming,circular,persistent,1,1
1547,199709,203583,16,0,0,fused_streaming,circular,persistent,1,1
1548,204917,208750,16,0,0,fused_streaming,circular,persistent,1,1
1549,205459,209333,16,0,0,fused_streaming,circular,persistent,1,1
1550,200083,204000,16,0,0,fused_streaming,circular,persistent,1,1
1551,205041,208917,16,0,0,fused_streaming,circular,persistent,1,1
1552,204750,208584,16,0,0,fused_streaming,circular,persistent,1,1
1553,199875,203750,16,0,0,fused_streaming,circular,persistent,1,1
1554,205708,209791,16,0,0,fused_streaming,circular,persistent,1,1
1555,203917,207791,16,0,0,fused_streaming,circular,persistent,1,1
1556,199167,203083,16,0,0,fused_streaming,circular,persistent,1,1
1557,204958,208875,16,0,0,fused_streaming,circular,persistent,1,1
1558,200375,204375,16,0,0,fused_streaming,circular,persistent,1,1
1559,200000,203833,16,0,0,fused_streaming,circular,persistent,1,1
1560,204625,208500,16,0,0,fused_streaming,circular,persistent,1,1
1561,200000,203959,16,0,0,fused_streaming,circular,persistent,1,1
1562,243542,247917,16,0,0,fused_streaming,circular,persistent,1,1
1563,205584,209541,16,0,0,fused_streaming,circular,persistent,1,1
1564,200084,204000,16,0,0,fused_streaming,circular,persistent,1,1
1565,200084,203917,16,0,0,fused_streaming,circular,persistent,1,1
1566,204708,208542,16,0,0,fused_streaming,circular,persistent,1,1
1567,205791,209667,16,0,0,fused_streaming,circular,persistent,1,1
1568,199625,203500,16,0,0,fused_streaming,circular,persistent,1,1
1569,205125,209000,16,0,0,fused_streaming,circular,persistent,1,1
1570,200083,208375,16,0,0,fused_streaming,circular,persistent,1,1
1571,200208,204209,16,0,0,fused_streaming,circular,persistent,1,1
1572,205000,208875,16,0,0,fused_streaming,circular,persistent,1,1
1573,205000,208833,16,0,0,fused_streaming,circular,persistent,1,1
1574,199750,203625,16,0,0,fused_streaming,circular,persistent,1,1
1575,205291,209167,16,0,0,fused_streaming,circular,persistent,1,1
1576,204833,208709,16,0,0,fused_streaming,circular,persistent,1,1
1577,199667,203542,16,0,0,fused_streaming,circular,persistent,1,1
1578,204833,208666,16,0,0,fused_streaming,circular,persistent,1,1
1579,205541,209458,16,0,0,fused_streaming,circular,persistent,1,1
1580,200416,204292,16,0,0,fused_streaming,circular,persistent,1,1
1581,205042,208958,16,0,0,fused_streaming,circular,persistent,1,1
1582,204291,208167,16,0,0,fused_streaming,circular,persistent,1,1
1583,201000,204875,16,0,0,fused_streaming,circular,persistent,1,1
1584,204709,208625,16,0,0,fused_streaming,circular,persistent,1,1
1585,204667,208541,16,0,0,fused_streaming,circular,persistent,1,1
1586,199416,203375,16,0,0,fused_streaming,circular,persistent,1,1
1587,248959,253250,16,0,0,fused_streaming,circular,persistent,1,1
1588,205792,209709,16,0,0,fused_streaming,circular,persistent,1,1
1589,200084,204000,16,0,0,fused_streaming,circular,persistent,1,1
1590,204542,208417,16,0,0,fused_streaming,circular,persistent,1,1
1591,200500,208708,16,0,0,fused_streaming,circular,persistent,1,1
1592,200750,204792,16,0,0,fused_streaming,circular,persistent,1,1
1593,205291,209209,16,0,0,fused_streaming,circular,persistent,1,1
1594,205167,209042,16,0,0,fused_streaming,circular,persistent,1,1
1595,200125,204042,16,0,0,fused_streaming,circular,persistent,1,1
1596,205375,209666,16,0,0,fused_streaming,circular,persistent,1,1
1597,205292,209167,16,0,0,fused_streaming,circular,persistent,1,1
1598,199916,203875,16,0,0,fused_streaming,circular,persistent,1,1
1599,205625,209458,16,0,0,fused_streaming,circular,persistent,1,1
1600,206209,210250,16,0,0,fused_streaming,circular,persistent,1,1
1601,199875,203792,16,0,0,fused_streaming,circular,persistent,1,1
1602,204833,208750,16,0,0,fused_streaming,circular,persistent,1,1
1603,204875,208750,16,0,0,fused_streaming,circular,persistent,1,1
1604,200875,204750,16,0,0,fused_streaming,circular,persistent,1,1
1605,204208,208084,16,0,0,fused_streaming,circular,persistent,1,1
1606,204125,208000,16,0,0,fused_streaming,circular,persistent,1,1
1607,200125,204000,16,0,0,fused_streaming,circular,persistent,1,1
1608,200750,204917,16,0,0,fused_streaming,circular,persistent,1,1
1609,205083,208917,16,0,0,fused_streaming,circular,persistent,1,1
1610,200375,204334,16,0,0,fused_streaming,circular,persistent,1,1
1611,206042,210250,16,0,0,fused_streaming,circular,persistent,1,1
1612,251083,255125,16,0,0,fused_streaming,circular,persistent,1,1
1613,200875,204875,16,0,0,fused_streaming,circular,persistent,1,1
1614,199583,203542,16,0,0,fused_streaming,circular,persistent,1,1
1615,204584,208458,16,0,0,fused_streaming,circular,persistent,1,1
1616,199458,203417,16,0,0,fused_streaming,circular,persistent,1,1
1617,201041,204833,16,0,0,fused_streaming,circular,persistent,1,1
1618,205167,209083,16,0,0,fused_streaming,circular,persistent,1,1
1619,199792,203708,16,0,0,fused_streaming,circular,persistent,1,1
1620,204959,208833,16,0,0,fused_streaming,circular,persistent,1,1
1621,206291,210166,16,0,0,fused_streaming,circular,persistent,1,1
1622,199667,203541,16,0,0,fused_streaming,circular,persistent,1,1
1623,205084,209166,16,0,0,fused_streaming,circular,persistent,1,1
1624,204541,208417,16,0,0,fused_streaming,circular,persistent,1,1
1625,201166,205125,16,0,0,fused_streaming,circular,persistent,1,1
1626,204583,208792,16,0,0,fused_streaming,circular,persistent,1,1
1627,204917,208875,16,0,0,fused_streaming,circular,persistent,1,1
1628,199917,203833,16,0,0,fused_streaming,circular,persistent,1,1
1629,207875,211792,16,0,0,fused_streaming,circular,persistent,1,1
1630,205666,209542,16,0,0,fused_streaming,circular,persistent,1,1
1631,199958,203875,16,0,0,fused_streaming,circular,persistent,1,1
1632,200750,205000,16,0,0,fused_streaming,circular,persistent,1,1
1633,207167,211167,16,0,0,fused_streaming,circular,persistent,1,1
1634,201375,205250,16,0,0,fused_streaming,circular,persistent,1,1
1635,204583,208500,16,0,0,fused_streaming,circular,persistent,1,1
1636,204709,208583,16,0,0,fused_streaming,circular,persistent,1,1
1637,239167,243208,16,0,0,fused_streaming,circular,persistent,1,1
1638,206000,209917,16,0,0,fused_streaming,circular,persistent,1,1
1639,204625,208541,16,0,0,fused_streaming,circular,persistent,1,1
1640,199875,203833,16,0,0,fused_streaming,circular,persistent,1,1
1641,205125,209041,16,0,0,fused_streaming,circular,persistent,1,1
1642,205167,209083,16,0,0,fused_streaming,circular,persistent,1,1
1643,199583,203500,16,0,0,fused_streaming,circular,persistent,1,1
1644,204750,208667,16,0,0,fused_streaming,circular,persistent,1,1
1645,200000,208333,16,0,0,fused_streaming,circular,persistent,1,1
1646,201792,205750,16,0,0,fused_streaming,circular,persistent,1,1
1647,205208,209083,16,0,0,fused_streaming,circular,persistent,1,1
1648,205333,209541,16,0,0,fused_streaming,circular,persistent,1,1
1649,199791,203750,16,0,0,fused_streaming,circular,persistent,1,1
1650,206708,210750,16,0,0,fused_streaming,circular,persistent,1,1
1651,204459,208667,16,0,0,fused_streaming,circular,persistent,1,1
1652,199583,203500,16,0,0,fused_streaming,circular,persistent,1,1
1653,204833,208708,16,0,0,fused_streaming,circular,persistent,1,1
1654,206583,210625,16,0,0,fused_streaming,circular,persistent,1,1
1655,200959,204917,16,0,0,fused_streaming,circular,persistent,1,1
1656,205250,209209,16,0,0,fused_streaming,circular,persistent,1,1
1657,205042,208917,16,0,0,fused_streaming,circular,persistent,1,1
1658,244542,248875,16,0,0,fused_streaming,circular,persistent,1,1
1659,203792,207750,16,0,0,fused_streaming,circular,persistent,1,1
1660,205500,209458,16,0,0,fused_streaming,circular,persistent,1,1
1661,200166,204042,16,0,0,fused_streaming,circular,persistent,1,1
1662,200375,204584,16,0,0,fused_streaming,circular,persistent,1,1
1663,205292,209250,16,0,0,fused_streaming,circular,persistent,1,1
1664,205375,209250,16,0,0,fused_streaming,circular,persistent,1,1
1665,199792,203750,16,0,0,fused_streaming,circular,persistent,1,1
1666,200083,203917,16,0,0,fused_streaming,circular,persistent,1,1
1667,204750,208667,16,0,0,fused_streaming,circular,persistent,1,1
1668,200000,203875,16,0,0,fused_streaming,circular,persistent,1,1
1669,200042,203959,16,0,0,fused_streaming,circular,persistent,1,1
1670,205917,209833,16,0,0,fused_streaming,circular,persistent,1,1
1671,204791,208708,16,0,0,fused_streaming,circular,persistent,1,1
1672,200167,204083,16,0,0,fused_streaming,circular,persistent,1,1
1673,205083,209000,16,0,0,fused_streaming,circular,persistent,1,1
1674,206750,210750,16,0,0,fused_streaming,circular,persistent,1,1
1675,200333,204208,16,0,0,fused_streaming,circular,persistent,1,1
1676,200125,204083,16,0,0,fused_streaming,circular,persistent,1,1
1677,204584,208500,16,0,0,fused_streaming,circular,persistent,1,1
1678,202083,206083,16,0,0,fused_streaming,circular,persistent,1,1
1679,204708,208584,16,0,0,fused_streaming,circular,persistent,1,1
1680,204917,208792,16,0,0,fused_streaming,circular,persistent,1,1
1681,199625,203583,16,0,0,fused_streaming,circular,persistent,1,1
1682,245834,249958,16,0,0,fused_streaming,circular,persistent,1,1
1683,206208,210125,16,0,0,fused_streaming,circular,persistent,1,1
1684,200000,203917,16,0,0,fused_streaming,circular,persistent,1,1
1685,204750,208667,16,0,0,fused_streaming,circular,persistent,1,1
1686,199583,203542,16,0,0,fused_streaming,circular,persistent,1,1
1687,200000,203959,16,0,0,fused_streaming,circular,persistent,1,1
1688,204667,208541,16,0,0,fused_streaming,circular,persistent,1,1
1689,199708,203667,16,0,0,fused_streaming,circular,persistent,1,1
1690,204709,208583,16,0,0,fused_streaming,circular,persistent,1,1
1691,205666,209500,16,0,0,fused_streaming,circular,persistent,1,1
1692,200417,204375,16,0,0,fused_streaming,circular,persistent,1,1
1693,205209,209125,16,0,0,fused_streaming,circular,persistent,1,1
1694,204667,208542,16,0,0,fused_streaming,circular,persistent,1,1
1695,200209,204167,16,0,0,fused_streaming,circular,persistent,1,1
1696,205459,209333,16,0,0,fused_streaming,circular,persistent,1,1
1697,200167,204042,16,0,0,fused_streaming,circular,persistent,1,1
1698,200208,204459,16,0,0,fused_streaming,circular,persistent,1,1
1699,253875,258000,16,0,0,fused_streaming,circular,persistent,1,1
1700,200667,204584,16,0,0,fused_streaming,circular,persistent,1,1
1701,204917,208791,16,0,0,fused_streaming,circular,persistent,1,1
1702,205166,209000,16,0,0,fused_streaming,circular,persistent,1,1
1703,200167,204250,16,0,0,fused_streaming,circular,persistent,1,1
1704,205166,209083,16,0,0,fused_streaming,circular,persistent,1,1
1705,204959,208833,16,0,0,fused_streaming,circular,persistent,1,1
1706,200500,204625,16,0,0,fused_streaming,circular,persistent,1,1
1707,205042,208917,16,0,0,fused_streaming,circular,persistent,1,1
1708,205250,209125,16,0,0,fused_streaming,circular,persistent,1,1
1709,199625,203542,16,0,0,fused_streaming,circular,persistent,1,1
1710,204542,208334,16,0,0,fused_streaming,circular,persistent,1,1
1711,199875,203791,16,0,0,fused_streaming,circular,persistent,1,1
1712,201167,205167,16,0,0,fused_streaming,circular,persistent,1,1
1713,205167,209041,16,0,0,fused_streaming,circular,persistent,1,1
1714,200125,204000,16,0,0,fused_streaming,circular,persistent,1,1
1715,200167,208209,16,0,0,fused_streaming,circular,persistent,1,1
1716,207041,211000,16,0,0,fused_streaming,circular,persistent,1,1
1717,205667,209500,16,0,0,fused_streaming,circular,persistent,1,1
1718,199667,203584,16,0,0,fused_streaming,circular,persistent,1,1
1719,205334,209208,16,0,0,fused_streaming,circular,persistent,1,1
1720,206292,210250,16,0,0,fused_streaming,circular,persistent,1,1
1721,200250,204209,16,0,0,fused_streaming,circular,persistent,1,1
1722,205417,209584,16,0,0,fused_streaming,circular,persistent,1,1
1723,204083,207917,16,0,0,fused_streaming,circular,persistent,1,1
1724,242958,247000,16,0,0,fused_streaming,circular,persistent,1,1
1725,200166,204042,16,0,0,fused_streaming,circular,persistent,1,1
1726,204708,208584,16,0,0,fused_streaming,circular,persistent,1,1
1727,200084,204291,16,0,0,fused_streaming,circular,persistent,1,1
1728,205333,209292,16,0,0,fused_streaming,circular,persistent,1,1
1729,205667,209584,16,0,0,fused_streaming,circular,persistent,1,1
1730,204167,208042,16,0,0,fused_streaming,circular,persistent,1,1
1731,200291,204208,16,0,0,fused_streaming,circular,persistent,1,1
1732,204417,208291,16,0,0,fused_streaming,circular,persistent,1,1
1733,205292,209084,16,0,0,fused_streaming,circular,persistent,1,1
1734,200125,204000,16,0,0,fused_streaming,circular,persistent,1,1
1735,204709,208625,16,0,0,fused_streaming,circular,persistent,1,1
1736,200500,204250,16,0,0,fused_streaming,circular,persistent,1,1
1737,201417,205209,16,0,0,fused_streaming,circular,persistent,1,1
1738,204666,208500,16,0,0,fused_streaming,circular,persistent,1,1
1739,199917,208375,16,0,0,fused_streaming,circular,persistent,1,1
1740,200084,204708,16,0,0,fused_streaming,circular,persistent,1,1
1741,206958,211000,16,0,0,fused_streaming,circular,persistent,1,1
1742,204583,208667,16,0,0,fused_streaming,circular,persistent,1,1
1743,200625,204500,16,0,0,fused_streaming,circular,persistent,1,1
1744,205000,208834,16,0,0,fused_streaming,circular,persistent,1,1
1745,207875,211750,16,0,0,fused_streaming,circular,persistent,1,1
1746,199916,203833,16,0,0,fused_streaming,circular,persistent,1,1
1747,204792,208750,16,0,0,fused_streaming,circular,persistent,1,1
1748,204333,208542,16,0,0,fused_streaming,circular,persistent,1,1
1749,245458,249500,16,0,0,fused_streaming,circular,persistent,1,1
1750,205791,209709,16,0,0,fused_streaming,circular,persistent,1,1
1751,204833,208750,16,0,0,fused_streaming,circular,persistent,1,1
1752,199666,203542,16,0,0,fused_streaming,circular,persistent,1,1
1753,251333,255375,16,0,0,fused_streaming,circular,persistent,1,1
1754,204958,208833,16,0,0,fused_streaming,circular,persistent,1,1
1755,199583,203417,16,0,0,fused_streaming,circular,persistent,1,1
1756,200250,204500,16,0,0,fused_streaming,circular,persistent,1,1
1757,204375,208291,16,0,0,fused_streaming,circular,persistent,1,1
1758,206125,210041,16,0,0,fused_streaming,circular,persistent,1,1
1759,200125,204042,16,0,0,fused_streaming,circular,persistent,1,1
1760,204792,208625,16,0,0,fused_streaming,circular,persistent,1,1
1761,199959,203833,16,0,0,fused_streaming,circular,persistent,1,1
1762,200666,204542,16,0,0,fused_streaming,circular,persistent,1,1
1763,204375,208208,16,0,0,fused_streaming,circular,persistent,1,1
1764,205208,209375,16,0,0,fused_streaming,circular,persistent,1,1
1765,199625,203500,16,0,0,fused_streaming,circular,persistent,1,1
1766,206167,210208,16,0,0,fused_streaming,circular,persistent,1,1
1767,204625,208542,16,0,0,fused_streaming,circular,persistent,1,1
1768,200292,204166,16,0,0,fused_streaming,circular,persistent,1,1
1769,216083,219875,16,0,0,fused_streaming,circular,persistent,1,1
1770,213709,217666,16,0,0,fused_streaming,circular,persistent,1,1
1771,205250,209084,16,0,0,fused_streaming,circular,persistent,1,1
1772,200666,204458,16,0,0,fused_streaming,circular,persistent,1,1
1773,200084,204209,16,0,0,fused_streaming,circular,persistent,1,1
1774,206334,210208,16,0,0,fused_streaming,circular,persistent,1,1
1775,199959,203834,16,0,0,fused_streaming,circular,persistent,1,1
1776,199792,203708,16,0,0,fused_streaming,circular,persistent,1,1
1777,210791,214708,16,0,0,fused_streaming,circular,persistent,1,1
1778,200750,204583,16,0,0,fused_streaming,circular,persistent,1,1
1779,200084,204209,16,0,0,fused_streaming,circular,persistent,1,1
1780,204333,208208,16,0,0,fused_streaming,circular,persistent,1,1
1781,200750,204542,16,0,0,fused_streaming,circular,persistent,1,1
1782,200875,204750,16,0,0,fused_streaming,circular,persistent,1,1
1783,204792,208667,16,0,0,fused_streaming,circular,persistent,1,1
1784,204125,208209,16,0,0,fused_streaming,circular,persistent,1,1
1785,199500,203459,16,0,0,fused_streaming,circular,persistent,1,1
1786,205500,209750,16,0,0,fused_streaming,circular,persistent,1,1
1787,204292,208541,16,0,0,fused_streaming,circular,persistent,1,1
1788,199750,203667,16,0,0,fused_streaming,circular,persistent,1,1
1789,204334,208208,16,0,0,fused_streaming,circular,persistent,1,1
1790,205250,209125,16,0,0,fused_streaming,circular,persistent,1,1
1791,211709,215833,16,0,0,fused_streaming,circular,persistent,1,1
1792,213083,216959,16,0,0,fused_streaming,circular,persistent,1,1
1793,207542,211416,16,0,0,fused_streaming,circular,persistent,1,1
1794,208084,212041,16,0,0,fused_streaming,circular,persistent,1,1
1795,216958,220834,16,0,0,fused_streaming,circular,persistent,1,1
1796,219666,223500,16,0,0,fused_streaming,circular,persistent,1,1
1797,213875,217750,16,0,0,fused_streaming,circular,persistent,1,1
1798,200416,204333,16,0,0,fused_streaming,circular,persistent,1,1
1799,209708,213750,16,0,0,fused_streaming,circular,persistent,1,1
1800,256500,260583,16,0,0,fused_streaming,circular,persistent,1,1
1801,206500,210541,16,0,0,fused_streaming,circular,persistent,1,1
1802,204292,208125,16,0,0,fused_streaming,circular,persistent,1,1
1803,217333,221209,16,0,0,fused_streaming,circular,persistent,1,1
1804,207334,211333,16,0,0,fused_streaming,circular,persistent,1,1
1805,210208,214083,16,0,0,fused_streaming,circular,persistent,1,1
1806,212708,216625,16,0,0,fused_streaming,circular,persistent,1,1
1807,253667,257833,16,0,0,fused_streaming,circular,persistent,1,1
1808,206250,210167,16,0,0,fused_streaming,circular,persistent,1,1
1809,212417,216333,16,0,0,fused_streaming,circular,persistent,1,1
1810,214208,218417,16,0,0,fused_streaming,circular,persistent,1,1
1811,219125,223083,16,0,0,fused_streaming,circular,persistent,1,1
1812,220666,224583,16,0,0,fused_streaming,circular,persistent,1,1
1813,218583,222500,16,0,0,fused_streaming,circular,persistent,1,1
1814,212875,217041,16,0,0,fused_streaming,circular,persistent,1,1
1815,205541,209417,16,0,0,fused_streaming,circular,persistent,1,1
1816,204500,208458,16,0,0,fused_streaming,circular,persistent,1,1
1817,203417,207291,16,0,0,fused_streaming,circular,persistent,1,1
1818,214916,218875,16,0,0,fused_streaming,circular,persistent,1,1
1819,206250,210083,16,0,0,fused_streaming,circular,persistent,1,1
1820,211125,215042,16,0,0,fused_streaming,circular,persistent,1,1
1821,210125,213958,16,0,0,fused_streaming,circular,persistent,1,1
1822,207333,211250,16,0,0,fused_streaming,circular,persistent,1,1
1823,203416,207375,16,0,0,fused_streaming,circular,persistent,1,1
1824,215917,219791,16,0,0,fused_streaming,circular,persistent,1,1
1825,211500,215458,16,0,0,fused_streaming,circular,persistent,1,1
1826,205292,209208,16,0,0,fused_streaming,circular,persistent,1,1
1827,205208,209083,16,0,0,fused_streaming,circular,persistent,1,1
1828,246500,250500,16,0,0,fused_streaming,circular,persistent,1,1
1829,214458,218333,16,0,0,fused_streaming,circular,persistent,1,1
1830,224084,228000,16,0,0,fused_streaming,circular,persistent,1,1
1831,262333,266417,16,0,0,fused_streaming,circular,persistent,1,1
1832,210167,214125,16,0,0,fused_streaming,circular,persistent,1,1
1833,209792,213708,16,0,0,fused_streaming,circular,persistent,1,1
1834,204667,208541,16,0,0,fused_streaming,circular,persistent,1,1
1835,202041,205917,16,0,0,fused_streaming,circular,persistent,1,1
1836,215959,219833,16,0,0,fused_streaming,circular,persistent,1,1
1837,214583,218500,16,0,0,fused_streaming,circular,persistent,1,1
1838,255000,259125,16,0,0,fused_streaming,circular,persistent,1,1
1839,207083,211042,16,0,0,fused_streaming,circular,persistent,1,1
1840,210834,214833,16,0,0,fused_streaming,circular,persistent,1,1
1841,216375,220250,16,0,0,fused_streaming,circular,persistent,1,1
1842,206500,210417,16,0,0,fused_streaming,circular,persistent,1,1
1843,206458,210375,16,0,0,fused_streaming,circular,persistent,1,1
1844,219250,223125,16,0,0,fused_streaming,circular,persistent,1,1
1845,221125,225000,16,0,0,fused_streaming,circular,persistent,1,1
1846,215208,219125,16,0,0,fused_streaming,circular,persistent,1,1
1847,210834,214750,16,0,0,fused_streaming,circular,persistent,1,1
1848,215709,219708,16,0,0,fused_streaming,circular,persistent,1,1
1849,209584,213542,16,0,0,fused_streaming,circular,persistent,1,1
1850,212417,216292,16,0,0,fused_streaming,circular,persistent,1,1
1851,217209,221125,16,0,0,fused_streaming,circular,persistent,1,1
1852,208583,212459,16,0,0,fused_streaming,circular,persistent,1,1
1853,201750,205708,16,0,0,fused_streaming,circular,persistent,1,1
1854,212750,216667,16,0,0,fused_streaming,circular,persistent,1,1
1855,213958,218083,16,0,0,fused_streaming,circular,persistent,1,1
1856,254125,258167,16,0,0,fused_streaming,circular,persistent,1,1
1857,213208,217125,16,0,0,fused_streaming,circular,persistent,1,1
1858,217709,221583,16,0,0,fused_streaming,circular,persistent,1,1
1859,259667,263833,16,0,0,fused_streaming,circular,persistent,1,1
1860,209959,213833,16,0,0,fused_streaming,circular,persistent,1,1
1861,199625,203500,16,0,0,fused_streaming,circular,persistent,1,1
1862,202750,206709,16,0,0,fused_streaming,circular,persistent,1,1
1863,221333,225292,16,0,0,fused_streaming,circular,persistent,1,1
1864,218000,221875,16,0,0,fused_streaming,circular,persistent,1,1
1865,211500,215333,16,0,0,fused_streaming,circular,persistent,1,1
1866,247917,252000,16,0,0,fused_streaming,circular,persistent,1,1
1867,211625,215500,16,0,0,fused_streaming,circular,persistent,1,1
1868,211500,215417,16,0,0,fused_streaming,circular,persistent,1,1
1869,217292,221167,16,0,0,fused_streaming,circular,persistent,1,1
1870,213292,217417,16,0,0,fused_streaming,circular,persistent,1,1
1871,202333,206292,16,0,0,fused_streaming,circular,persistent,1,1
1872,205125,209000,16,0,0,fused_streaming,circular,persistent,1,1
1873,251083,255417,16,0,0,fused_streaming,circular,persistent,1,1
1874,220375,224250,16,0,0,fused_streaming,circular,persistent,1,1
1875,222709,226583,16,0,0,fused_streaming,circular,persistent,1,1
1876,220417,224375,16,0,0,fused_streaming,circular,persistent,1,1
1877,211125,215084,16,0,0,fused_streaming,circular,persistent,1,1
1878,220166,224083,16,0,0,fused_streaming,circular,persistent,1,1
1879,248750,253042,16,0,0,fused_streaming,circular,persistent,1,1
1880,216167,220125,16,0,0,fused_streaming,circular,persistent,1,1
1881,228334,232208,16,0,0,fused_streaming,circular,persistent,1,1
1882,228959,232833,16,0,0,fused_streaming,circular,persistent,1,1
1883,214291,218250,16,0,0,fused_streaming,circular,persistent,1,1
1884,219125,223041,16,0,0,fused_streaming,circular,persistent,1,1
1885,216917,220750,16,0,0,fused_streaming,circular,persistent,1,1
1886,219666,223542,16,0,0,fused_streaming,circular,persistent,1,1
1887,224000,227917,16,0,0,fused_streaming,circular,persistent,1,1
1888,226084,229958,16,0,0,fused_streaming,circular,persistent,1,1
1889,240625,244584,16,0,0,fused_streaming,circular,persistent,1,1
1890,234000,237958,16,0,0,fused_streaming,circular,persistent,1,1
1891,236125,240000,16,0,0,fused_streaming,circular,persistent,1,1
1892,225750,229708,16,0,0,fused_streaming,circular,persistent,1,1
1893,231958,235834,16,0,0,fused_streaming,circular,persistent,1,1
1894,231750,235583,16,0,0,fused_streaming,circular,persistent,1,1
1895,225584,229750,16,0,0,fused_streaming,circular,persistent,1,1
1896,230791,234667,16,0,0,fused_streaming,circular,persistent,1,1
1897,263458,267500,16,0,0,fused_streaming,circular,persistent,1,1
1898,216750,220625,16,0,0,fused_streaming,circular,persistent,1,1
1899,224792,228625,16,0,0,fused_streaming,circular,persistent,1,1
1900,233416,237250,16,0,0,fused_streaming,circular,persistent,1,1
1901,228417,232250,16,0,0,fused_streaming,circular,persistent,1,1
1902,271875,275958,16,0,0,fused_streaming,circular,persistent,1,1
1903,232542,236458,16,0,0,fused_streaming,circular,persistent,1,1
1904,219708,223667,16,0,0,fused_streaming,circular,persistent,1,1
1905,219334,223208,16,0,0,fused_streaming,circular,persistent,1,1
1906,225250,229250,16,0,0,fused_streaming,circular,persistent,1,1
1907,262875,266834,16,0,0,fused_streaming,circular,persistent,1,1
1908,259375,263208,16,0,0,fused_streaming,circular,persistent,1,1
1909,252458,256375,16,0,0,fused_streaming,circular,persistent,1,1
1910,237625,241584,16,0,0,fused_streaming,circular,persistent,1,1
1911,233625,237500,16,0,0,fused_streaming,circular,persistent,1,1
1912,246833,250750,16,0,0,fused_streaming,circular,persistent,1,1
1913,253250,257167,16,0,0,fused_streaming,circular,persistent,1,1
1914,262208,266084,16,0,0,fused_streaming,circular,persistent,1,1
1915,261542,265416,16,0,0,fused_streaming,circular,persistent,1,1
1916,289708,293709,16,0,0,fused_streaming,circular,persistent,1,1
1917,249375,253209,16,0,0,fused_streaming,circular,persistent,1,1
1918,259125,263042,16,0,0,fused_streaming,circular,persistent,1,1
1919,256750,260667,16,0,0,fused_streaming,circular,persistent,1,1
1920,265084,268916,16,0,0,fused_streaming,circular,persistent,1,1
1921,259500,263291,16,0,0,fused_streaming,circular,persistent,1,1
1922,252292,256208,16,0,0,fused_streaming,circular,persistent,1,1
1923,253208,257125,16,0,0,fused_streaming,circular,persistent,1,1
1924,248125,252042,16,0,0,fused_streaming,circular,persistent,1,1
1925,253125,257000,16,0,0,fused_streaming,circular,persistent,1,1
1926,255000,258834,16,0,0,fused_streaming,circular,persistent,1,1
1927,264167,268083,16,0,0,fused_streaming,circular,persistent,1,1
1928,253042,257000,16,0,0,fused_streaming,circular,persistent,1,1
1929,252458,256334,16,0,0,fused_streaming,circular,persistent,1,1
1930,281583,285625,16,0,0,fused_streaming,circular,persistent,1,1
1931,244250,248125,16,0,0,fused_streaming,circular,persistent,1,1
1932,251833,256000,16,0,0,fused_streaming,circular,persistent,1,1
1933,252958,256833,16,0,0,fused_streaming,circular,persistent,1,1
1934,260666,264458,16,0,0,fused_streaming,circular,persistent,1,1
1935,260334,264208,16,0,0,fused_streaming,circular,persistent,1,1
1936,260000,263875,16,0,0,fused_streaming,circular,persistent,1,1
1937,257542,261375,16,0,0,fused_streaming,circular,persistent,1,1
1938,243625,247625,16,0,0,fused_streaming,circular,persistent,1,1
1939,250416,254667,16,0,0,fused_streaming,circular,persistent,1,1
1940,246042,250000,16,0,0,fused_streaming,circular,persistent,1,1
1941,255541,259625,16,0,0,fused_streaming,circular,persistent,1,1
1942,251458,255334,16,0,0,fused_streaming,circular,persistent,1,1
1943,250500,254333,16,0,0,fused_streaming,circular,persistent,1,1
1944,256375,260250,16,0,0,fused_streaming,circular,persistent,1,1
1945,257833,261709,16,0,0,fused_streaming,circular,persistent,1,1
1946,251459,255333,16,0,0,fused_streaming,circular,persistent,1,1
1947,251500,255291,16,0,0,fused_streaming,circular,persistent,1,1
1948,255750,259667,16,0,0,fused_streaming,circular,persistent,1,1
1949,249125,253000,16,0,0,fused_streaming,circular,persistent,1,1
1950,254792,258667,16,0,0,fused_streaming,circular,persistent,1,1
1951,252875,256667,16,0,0,fused_streaming,circular,persistent,1,1
1952,234834,238750,16,0,0,fused_streaming,circular,persistent,1,1
1953,250458,254250,16,0,0,fused_streaming,circular,persistent,1,1
1954,257833,262000,16,0,0,fused_streaming,circular,persistent,1,1
1955,256792,260709,16,0,0,fused_streaming,circular,persistent,1,1
1956,242667,246500,16,0,0,fused_streaming,circular,persistent,1,1
1957,248375,252125,16,0,0,fused_streaming,circular,persistent,1,1
1958,239583,243542,16,0,0,fused_streaming,circular,persistent,1,1
1959,241541,245417,16,0,0,fused_streaming,circular,persistent,1,1
1960,246792,250708,16,0,0,fused_streaming,circular,persistent,1,1
1961,239667,243541,16,0,0,fused_streaming,circular,persistent,1,1
1962,250917,254791,16,0,0,fused_streaming,circular,persistent,1,1
1963,260000,263875,16,0,0,fused_streaming,circular,persistent,1,1
1964,259875,263875,16,0,0,fused_streaming,circular,persistent,1,1
1965,254500,258459,16,0,0,fused_streaming,circular,persistent,1,1
1966,249250,253167,16,0,0,fused_streaming,circular,persistent,1,1
1967,247042,251000,16,0,0,fused_streaming,circular,persistent,1,1
1968,241375,245250,16,0,0,fused_streaming,circular,persistent,1,1
1969,247083,251042,16,0,0,fused_streaming,circular,persistent,1,1
1970,247042,250875,16,0,0,fused_streaming,circular,persistent,1,1
1971,253625,257542,16,0,0,fused_streaming,circular,persistent,1,1
1972,251083,255042,16,0,0,fused_streaming,circular,persistent,1,1
1973,259250,263167,16,0,0,fused_streaming,circular,persistent,1,1
1974,252084,256000,16,0,0,fused_streaming,circular,persistent,1,1
1975,245333,249250,16,0,0,fused_streaming,circular,persistent,1,1
1976,245167,249125,16,0,0,fused_streaming,circular,persistent,1,1
1977,245250,249125,16,0,0,fused_streaming,circular,persistent,1,1
1978,252916,256875,16,0,0,fused_streaming,circular,persistent,1,1
1979,248583,252459,16,0,0,fused_streaming,circular,persistent,1,1
1980,237666,241625,16,0,0,fused_streaming,circular,persistent,1,1
1981,248167,252084,16,0,0,fused_streaming,circular,persistent,1,1
1982,255625,259500,16,0,0,fused_streaming,circular,persistent,1,1
1983,292792,297083,16,0,0,fused_streaming,circular,persistent,1,1
1984,245834,249750,16,0,0,fused_streaming,circular,persistent,1,1
1985,295292,299333,16,0,0,fused_streaming,circular,persistent,1,1
1986,239291,243208,16,0,0,fused_streaming,circular,persistent,1,1
1987,278833,282875,16,0,0,fused_streaming,circular,persistent,1,1
1988,248125,252166,16,0,0,fused_streaming,circular,persistent,1,1
1989,294625,298958,16,0,0,fused_streaming,circular,persistent,1,1
1990,251792,255666,16,0,0,fused_streaming,circular,persistent,1,1
1991,257458,261416,16,0,0,fused_streaming,circular,persistent,1,1
1992,257916,261792,16,0,0,fused_streaming,circular,persistent,1,1
1993,250959,254875,16,0,0,fused_streaming,circular,persistent,1,1
1994,243875,247833,16,0,0,fused_streaming,circular,persistent,1,1
1995,244417,248292,16,0,0,fused_streaming,circular,persistent,1,1
1996,239792,243625,16,0,0,fused_streaming,circular,persistent,1,1
1997,245958,249833,16,0,0,fused_streaming,circular,persistent,1,1
1998,246250,250167,16,0,0,fused_streaming,circular,persistent,1,1
1999,250583,254500,16,0,0,fused_streaming,circular,persistent,1,1
2000,295083,299292,16,0,0,fused_streaming,circular,persistent,1,1
2001,259833,263834,16,0,0,fused_streaming,circular,persistent,1,1
2002,253875,257708,16,0,0,fused_streaming,circular,persistent,1,1
2003,251167,255042,16,0,0,fused_streaming,circular,persistent,1,1
2004,244958,248834,16,0,0,fused_streaming,circular,persistent,1,1
2005,242417,246458,16,0,0,fused_streaming,circular,persistent,1,1
2006,251750,255584,16,0,0,fused_streaming,circular,persistent,1,1
2007,246875,250791,16,0,0,fused_streaming,circular,persistent,1,1
2008,238500,242458,16,0,0,fused_streaming,circular,persistent,1,1
2009,254291,258167,16,0,0,fused_streaming,circular,persistent,1,1
2010,258167,262083,16,0,0,fused_streaming,circular,persistent,1,1
2011,295834,299958,16,0,0,fused_streaming,circular,persistent,1,1
2012,242709,246625,16,0,0,fused_streaming,circular,persistent,1,1
2013,250416,254292,16,0,0,fused_streaming,circular,persistent,1,1
2014,234792,238625,16,0,0,fused_streaming,circular,persistent,1,1
2015,241833,245708,16,0,0,fused_streaming,circular,persistent,1,1
2016,247625,251917,16,0,0,fused_streaming,circular,persistent,1,1
2017,248375,252291,16,0,0,fused_streaming,circular,persistent,1,1
2018,250708,254667,16,0,0,fused_streaming,circular,persistent,1,1
2019,250250,254083,16,0,0,fused_streaming,circular,persistent,1,1
2020,258750,262708,16,0,0,fused_streaming,circular,persistent,1,1
2021,251250,255208,16,0,0,fused_streaming,circular,persistent,1,1
2022,242292,246166,16,0,0,fused_streaming,circular,persistent,1,1
2023,243417,247333,16,0,0,fused_streaming,circular,persistent,1,1
2024,248959,252958,16,0,0,fused_streaming,circular,persistent,1,1
2025,287500,291667,16,0,0,fused_streaming,circular,persistent,1,1
2026,242209,246166,16,0,0,fused_streaming,circular,persistent,1,1
2027,253250,257292,16,0,0,fused_streaming,circular,persistent,1,1
2028,252625,256541,16,0,0,fused_streaming,circular,persistent,1,1
2029,259541,263458,16,0,0,fused_streaming,circular,persistent,1,1
2030,252666,256584,16,0,0,fused_streaming,circular,persistent,1,1
2031,255167,259042,16,0,0,fused_streaming,circular,persistent,1,1
2032,246083,250000,16,0,0,fused_streaming,circular,persistent,1,1
2033,238875,242834,16,0,0,fused_streaming,circular,persistent,1,1
2034,249542,253417,16,0,0,fused_streaming,circular,persistent,1,1
2035,246834,250750,16,0,0,fused_streaming,circular,persistent,1,1
2036,242625,246542,16,0,0,fused_streaming,circular,persistent,1,1
2037,256917,260875,16,0,0,fused_streaming,circular,persistent,1,1
2038,296458,300500,16,0,0,fused_streaming,circular,persistent,1,1
2039,249834,253750,16,0,0,fused_streaming,circular,persistent,1,1
2040,244000,247875,16,0,0,fused_streaming,circular,persistent,1,1
2041,247458,251417,16,0,0,fused_streaming,circular,persistent,1,1
2042,242625,246542,16,0,0,fused_streaming,circular,persistent,1,1
2043,238958,242834,16,0,0,fused_streaming,circular,persistent,1,1
2044,250125,254000,16,0,0,fused_streaming,circular,persistent,1,1
2045,249834,253708,16,0,0,fused_streaming,circular,persistent,1,1
2046,256333,260208,16,0,0,fused_streaming,circular,persistent,1,1
2047,255125,259000,16,0,0,fused_streaming,circular,persistent,1,1
2048,252500,256709,16,0,0,fused_streaming,circular,persistent,1,1
2049,255125,259042,16,0,0,fused_streaming,circular,persistent,1,1
2050,240083,244083,16,0,0,fused_streaming,circular,persistent,1,1
2051,245541,249458,16,0,0,fused_streaming,circular,persistent,1,1
2052,243542,247459,16,0,0,fused_streaming,circular,persistent,1,1
2053,285917,290041,16,0,0,fused_streaming,circular,persistent,1,1
2054,245500,249417,16,0,0,fused_streaming,circular,persistent,1,1
2055,255542,259500,16,0,0,fused_streaming,circular,persistent,1,1
2056,250166,254042,16,0,0,fused_streaming,circular,persistent,1,1
2057,256959,260875,16,0,0,fused_streaming,circular,persistent,1,1
2058,247875,251750,16,0,0,fused_streaming,circular,persistent,1,1
2059,244084,248000,16,0,0,fused_streaming,circular,persistent,1,1
2060,250583,254583,16,0,0,fused_streaming,circular,persistent,1,1
2061,243250,247125,16,0,0,fused_streaming,circular,persistent,1,1
2062,249833,253667,16,0,0,fused_streaming,circular,persistent,1,1
2063,245167,249125,16,0,0,fused_streaming,circular,persistent,1,1
2064,284125,288542,16,0,0,fused_streaming,circular,persistent,1,1
2065,254667,258542,16,0,0,fused_streaming,circular,persistent,1,1
2066,258625,262500,16,0,0,fused_streaming,circular,persistent,1,1
2067,247542,251458,16,0,0,fused_streaming,circular,persistent,1,1
2068,247791,251917,16,0,0,fused_streaming,circular,persistent,1,1
2069,246417,250250,16,0,0,fused_streaming,circular,persistent,1,1
2070,242666,246542,16,0,0,fused_streaming,circular,persistent,1,1
2071,241916,245834,16,0,0,fused_streaming,circular,persistent,1,1
2072,245083,249000,16,0,0,fused_streaming,circular,persistent,1,1
2073,245167,249000,16,0,0,fused_streaming,circular,persistent,1,1
2074,253375,257209,16,0,0,fused_streaming,circular,persistent,1,1
2075,249375,253291,16,0,0,fused_streaming,circular,persistent,1,1
2076,256584,260416,16,0,0,fused_streaming,circular,persistent,1,1
2077,254750,258667,16,0,0,fused_streaming,circular,persistent,1,1
2078,233875,237708,16,0,0,fused_streaming,circular,persistent,1,1
2079,248417,252292,16,0,0,fused_streaming,circular,persistent,1,1
2080,248583,252500,16,0,0,fused_streaming,circular,persistent,1,1
2081,241750,245541,16,0,0,fused_streaming,circular,persistent,1,1
2082,243042,247208,16,0,0,fused_streaming,circular,persistent,1,1
2083,245541,249500,16,0,0,fused_streaming,circular,persistent,1,1
2084,250083,253958,16,0,0,fused_streaming,circular,persistent,1,1
2085,257042,261000,16,0,0,fused_streaming,circular,persistent,1,1
2086,246417,250708,16,0,0,fused_streaming,circular,persistent,1,1
2087,249459,253334,16,0,0,fused_streaming,circular,persistent,1,1
2088,244667,248542,16,0,0,fused_streaming,circular,persistent,1,1
2089,237167,241084,16,0,0,fused_streaming,circular,persistent,1,1
2090,248125,251917,16,0,0,fused_streaming,circular,persistent,1,1
2091,244875,248750,16,0,0,fused_streaming,circular,persistent,1,1
2092,254875,258834,16,0,0,fused_streaming,circular,persistent,1,1
2093,252750,256625,16,0,0,fused_streaming,circular,persistent,1,1
2094,253916,257750,16,0,0,fused_streaming,circular,persistent,1,1
2095,245875,249792,16,0,0,fused_streaming,circular,persistent,1,1
2096,253250,257167,16,0,0,fused_streaming,circular,persistent,1,1
2097,250084,253958,16,0,0,fused_streaming,circular,persistent,1,1
2098,241500,245375,16,0,0,fused_streaming,circular,persistent,1,1
2099,243083,246959,16,0,0,fused_streaming,circular,persistent,1,1
2100,242625,246500,16,0,0,fused_streaming,circular,persistent,1,1
2101,246084,249959,16,0,0,fused_streaming,circular,persistent,1,1
2102,255958,259834,16,0,0,fused_streaming,circular,persistent,1,1
2103,255417,259333,16,0,0,fused_streaming,circular,persistent,1,1
2104,253583,257459,16,0,0,fused_streaming,circular,persistent,1,1
2105,293709,297875,16,0,0,fused_streaming,circular,persistent,1,1
2106,241041,244958,16,0,0,fused_streaming,circular,persistent,1,1
2107,279375,283375,16,0,0,fused_streaming,circular,persistent,1,1
2108,248667,252541,16,0,0,fused_streaming,circular,persistent,1,1
2109,248958,252959,16,0,0,fused_streaming,circular,persistent,1,1
2110,237958,241750,16,0,0,fused_streaming,circular,persistent,1,1
2111,249291,253292,16,0,0,fused_streaming,circular,persistent,1,1
2112,250167,254084,16,0,0,fused_streaming,circular,persistent,1,1
2113,256041,259917,16,0,0,fused_streaming,circular,persistent,1,1
2114,252250,256083,16,0,0,fused_streaming,circular,persistent,1,1
2115,247250,251167,16,0,0,fused_streaming,circular,persistent,1,1
2116,241208,245083,16,0,0,fused_streaming,circular,persistent,1,1
2117,237667,241500,16,0,0,fused_streaming,circular,persistent,1,1
2118,245917,249792,16,0,0,fused_streaming,circular,persistent,1,1
2119,248875,252750,16,0,0,fused_streaming,circular,persistent,1,1
2120,254958,258834,16,0,0,fused_streaming,circular,persistent,1,1
2121,251000,254917,16,0,0,fused_streaming,circular,persistent,1,1
2122,299958,304375,16,0,0,fused_streaming,circular,persistent,1,1
2123,251875,255791,16,0,0,fused_streaming,circular,persistent,1,1
2124,253625,257791,16,0,0,fused_streaming,circular,persistent,1,1
2125,249750,253625,16,0,0,fused_streaming,circular,persistent,1,1
2126,249250,253167,16,0,0,fused_streaming,circular,persistent,1,1
2127,246417,250334,16,0,0,fused_streaming,circular,persistent,1,1
2128,245792,249833,16,0,0,fused_streaming,circular,persistent,1,1
2129,249209,253166,16,0,0,fused_streaming,circular,persistent,1,1
2130,256041,259959,16,0,0,fused_streaming,circular,persistent,1,1
2131,257750,261667,16,0,0,fused_streaming,circular,persistent,1,1
2132,249208,253125,16,0,0,fused_streaming,circular,persistent,1,1
2133,294333,298375,16,0,0,fused_streaming,circular,persistent,1,1
2134,239375,243333,16,0,0,fused_streaming,circular,persistent,1,1
2135,290208,294459,16,0,0,fused_streaming,circular,persistent,1,1
2136,250458,254459,16,0,0,fused_streaming,circular,persistent,1,1
2137,249959,253916,16,0,0,fused_streaming,circular,persistent,1,1
2138,242666,247334,16,0,0,fused_streaming,circular,persistent,1,1
2139,245583,249458,16,0,0,fused_streaming,circular,persistent,1,1
2140,255250,259250,16,0,0,fused_streaming,circular,persistent,1,1
2141,254709,258667,16,0,0,fused_streaming,circular,persistent,1,1
2142,253292,257166,16,0,0,fused_streaming,circular,persistent,1,1
2143,248959,252833,16,0,0,fused_streaming,circular,persistent,1,1
2144,236875,240708,16,0,0,fused_streaming,circular,persistent,1,1
2145,244916,248792,16,0,0,fused_streaming,circular,persistent,1,1
2146,252791,256708,16,0,0,fused_streaming,circular,persistent,1,1
2147,249125,253000,16,0,0,fused_streaming,circular,persistent,1,1
2148,305625,309750,16,0,0,fused_streaming,circular,persistent,1,1
2149,253167,257041,16,0,0,fused_streaming,circular,persistent,1,1
2150,256916,260792,16,0,0,fused_streaming,circular,persistent,1,1
2151,252708,256584,16,0,0,fused_streaming,circular,persistent,1,1
2152,250583,254542,16,0,0,fused_streaming,circular,persistent,1,1
2153,251166,255042,16,0,0,fused_streaming,circular,persistent,1,1
2154,249333,253167,16,0,0,fused_streaming,circular,persistent,1,1
2155,249292,253166,16,0,0,fused_streaming,circular,persistent,1,1
2156,253542,257458,16,0,0,fused_streaming,circular,persistent,1,1
2157,288250,292334,16,0,0,fused_streaming,circular,persistent,1,1
2158,254334,258292,16,0,0,fused_streaming,circular,persistent,1,1
2159,259625,263542,16,0,0,fused_streaming,circular,persistent,1,1
2160,255959,259875,16,0,0,fused_streaming,circular,persistent,1,1
2161,252083,255917,16,0,0,fused_streaming,circular,persistent,1,1
2162,240083,244042,16,0,0,fused_streaming,circular,persistent,1,1
2163,241750,245583,16,0,0,fused_streaming,circular,persistent,1,1
2164,245875,249750,16,0,0,fused_streaming,circular,persistent,1,1
2165,246208,250416,16,0,0,fused_streaming,circular,persistent,1,1
2166,251750,255625,16,0,0,fused_streaming,circular,persistent,1,1
2167,252834,256750,16,0,0,fused_streaming,circular,persistent,1,1
2168,257917,262042,16,0,0,fused_streaming,circular,persistent,1,1
2169,250750,254708,16,0,0,fused_streaming,circular,persistent,1,1
2170,251417,255250,16,0,0,fused_streaming,circular,persistent,1,1
2171,243833,247792,16,0,0,fused_streaming,circular,persistent,1,1
2172,237791,242084,16,0,0,fused_streaming,circular,persistent,1,1
2173,240833,244708,16,0,0,fused_streaming,circular,persistent,1,1
2174,248375,252291,16,0,0,fused_streaming,circular,persistent,1,1
2175,249625,253583,16,0,0,fused_streaming,circular,persistent,1,1
2176,253916,257875,16,0,0,fused_streaming,circular,persistent,1,1
2177,252709,256625,16,0,0,fused_streaming,circular,persistent,1,1
2178,256500,260416,16,0,0,fused_streaming,circular,persistent,1,1
2179,248250,252208,16,0,0,fused_streaming,circular,persistent,1,1
2180,291875,296000,16,0,0,fused_streaming,circular,persistent,1,1
2181,251417,255292,16,0,0,fused_streaming,circular,persistent,1,1
2182,240875,244834,16,0,0,fused_streaming,circular,persistent,1,1
2183,248167,252291,16,0,0,fused_streaming,circular,persistent,1,1
2184,250583,254542,16,0,0,fused_streaming,circular,persistent,1,1
2185,250083,253959,16,0,0,fused_streaming,circular,persistent,1,1
2186,250000,253958,16,0,0,fused_streaming,circular,persistent,1,1
2187,258208,262208,16,0,0,fused_streaming,circular,persistent,1,1
2188,256291,260208,16,0,0,fused_streaming,circular,persistent,1,1
2189,246458,250416,16,0,0,fused_streaming,circular,persistent,1,1
2190,244083,247959,16,0,0,fused_streaming,circular,persistent,1,1
2191,284834,288875,16,0,0,fused_streaming,circular,persistent,1,1
2192,243125,247000,16,0,0,fused_streaming,circular,persistent,1,1
2193,283041,287208,16,0,0,fused_streaming,circular,persistent,1,1
2194,252458,256334,16,0,0,fused_streaming,circular,persistent,1,1
2195,254166,258125,16,0,0,fused_streaming,circular,persistent,1,1
2196,252375,256292,16,0,0,fused_streaming,circular,persistent,1,1
2197,256417,260333,16,0,0,fused_streaming,circular,persistent,1,1
2198,252125,256000,16,0,0,fused_streaming,circular,persistent,1,1
2199,247250,251167,16,0,0,fused_streaming,circular,persistent,1,1
2200,243542,247458,16,0,0,fused_streaming,circular,persistent,1,1
2201,249667,253708,16,0,0,fused_streaming,circular,persistent,1,1
2202,251750,255625,16,0,0,fused_streaming,circular,persistent,1,1
2203,249250,253208,16,0,0,fused_streaming,circular,persistent,1,1
2204,252833,256708,16,0,0,fused_streaming,circular,persistent,1,1
2205,254000,257834,16,0,0,fused_streaming,circular,persistent,1,1
2206,258417,262291,16,0,0,fused_streaming,circular,persistent,1,1
2207,251416,255375,16,0,0,fused_streaming,circular,persistent,1,1
2208,249750,253583,16,0,0,fused_streaming,circular,persistent,1,1
2209,251541,255500,16,0,0,fused_streaming,circular,persistent,1,1
2210,250375,254292,16,0,0,fused_streaming,circular,persistent,1,1
2211,241667,245500,16,0,0,fused_streaming,circular,persistent,1,1
2212,239750,243750,16,0,0,fused_streaming,circular,persistent,1,1
2213,244667,248584,16,0,0,fused_streaming,circular,persistent,1,1
2214,249667,253625,16,0,0,fused_streaming,circular,persistent,1,1
2215,258333,262250,16,0,0,fused_streaming,circular,persistent,1,1
2216,253958,257834,16,0,0,fused_streaming,circular,persistent,1,1
2217,246916,250834,16,0,0,fused_streaming,circular,persistent,1,1
2218,243375,247250,16,0,0,fused_streaming,circular,persistent,1,1
2219,248209,252041,16,0,0,fused_streaming,circular,persistent,1,1
2220,237917,241750,16,0,0,fused_streaming,circular,persistent,1,1
2221,279917,283958,16,0,0,fused_streaming,circular,persistent,1,1
2222,249833,253708,16,0,0,fused_streaming,circular,persistent,1,1
2223,249875,254375,16,0,0,fused_streaming,circular,persistent,1,1
2224,256208,260167,16,0,0,fused_streaming,circular,persistent,1,1
2225,256625,260542,16,0,0,fused_streaming,circular,persistent,1,1
2226,251291,255167,16,0,0,fused_streaming,circular,persistent,1,1
2227,247125,251000,16,0,0,fused_streaming,circular,persistent,1,1
2228,237125,240958,16,0,0,fused_streaming,circular,persistent,1,1
2229,245250,249209,16,0,0,fused_streaming,circular,persistent,1,1
2230,298041,302125,16,0,0,fused_streaming,circular,persistent,1,1
2231,242334,246166,16,0,0,fused_streaming,circular,persistent,1,1
2232,253959,257833,16,0,0,fused_streaming,circular,persistent,1,1
2233,257750,261541,16,0,0,fused_streaming,circular,persistent,1,1
2234,259209,263125,16,0,0,fused_streaming,circular,persistent,1,1
2235,252083,255958,16,0,0,fused_streaming,circular,persistent,1,1
2236,249875,253750,16,0,0,fused_streaming,circular,persistent,1,1
2237,252459,256292,16,0,0,fused_streaming,circular,persistent,1,1
2238,248583,252459,16,0,0,fused_streaming,circular,persistent,1,1
2239,284125,288083,16,0,0,fused_streaming,circular,persistent,1,1
2240,242625,246542,16,0,0,fused_streaming,circular,persistent,1,1
2241,252584,256833,16,0,0,fused_streaming,circular,persistent,1,1
2242,252208,256125,16,0,0,fused_streaming,circular,persistent,1,1
2243,258791,262750,16,0,0,fused_streaming,circular,persistent,1,1
2244,252042,255875,16,0,0,fused_streaming,circular,persistent,1,1
2245,247833,252000,16,0,0,fused_streaming,circular,persistent,1,1
2246,236166,240042,16,0,0,fused_streaming,circular,persistent,1,1
2247,241625,245792,16,0,0,fused_streaming,circular,persistent,1,1
2248,246667,250500,16,0,0,fused_streaming,circular,persistent,1,1
2249,252583,256458,16,0,0,fused_streaming,circular,persistent,1,1
2250,247792,251708,16,0,0,fused_streaming,circular,persistent,1,1
2251,254209,258083,16,0,0,fused_streaming,circular,persistent,1,1
2252,254250,258083,16,0,0,fused_streaming,circular,persistent,1,1
2253,251541,255417,16,0,0,fused_streaming,circular,persistent,1,1
2254,282666,286666,16,0,0,fused_streaming,circular,persistent,1,1
2255,243208,247042,16,0,0,fused_streaming,circular,persistent,1,1
2256,279167,283209,16,0,0,fused_streaming,circular,persistent,1,1
2257,248417,252250,16,0,0,fused_streaming,circular,persistent,1,1
2258,247875,251667,16,0,0,fused_streaming,circular,persistent,1,1
2259,244458,248334,16,0,0,fused_streaming,circular,persistent,1,1
2260,252625,256542,16,0,0,fused_streaming,circular,persistent,1,1
2261,253000,256917,16,0,0,fused_streaming,circular,persistent,1,1
2262,258750,262583,16,0,0,fused_streaming,circular,persistent,1,1
2263,253209,257041,16,0,0,fused_streaming,circular,persistent,1,1
2264,249542,253459,16,0,0,fused_streaming,circular,persistent,1,1
2265,249750,253625,16,0,0,fused_streaming,circular,persistent,1,1
2266,245000,248916,16,0,0,fused_streaming,circular,persistent,1,1
2267,246250,250250,16,0,0,fused_streaming,circular,persistent,1,1
2268,248167,252041,16,0,0,fused_streaming,circular,persistent,1,1
2269,291375,295416,16,0,0,fused_streaming,circular,persistent,1,1
2270,250417,254417,16,0,0,fused_streaming,circular,persistent,1,1
2271,260250,264125,16,0,0,fused_streaming,circular,persistent,1,1
2272,247875,251791,16,0,0,fused_streaming,circular,persistent,1,1
2273,247500,251417,16,0,0,fused_streaming,circular,persistent,1,1
2274,241958,245916,16,0,0,fused_streaming,circular,persistent,1,1
2275,249542,253459,16,0,0,fused_streaming,circular,persistent,1,1
2276,248750,252625,16,0,0,fused_streaming,circular,persistent,1,1
2277,249667,253584,16,0,0,fused_streaming,circular,persistent,1,1
2278,244875,248750,16,0,0,fused_streaming,circular,persistent,1,1
2279,246292,250166,16,0,0,fused_streaming,circular,persistent,1,1
2280,254750,258666,16,0,0,fused_streaming,circular,persistent,1,1
2281,255750,259666,16,0,0,fused_streaming,circular,persistent,1,1
2282,252875,256875,16,0,0,fused_streaming,circular,persistent,1,1
2283,246417,250333,16,0,0,fused_streaming,circular,persistent,1,1
2284,252125,256041,16,0,0,fused_streaming,circular,persistent,1,1
2285,246167,250083,16,0,0,fused_streaming,circular,persistent,1,1
2286,252917,256834,16,0,0,fused_streaming,circular,persistent,1,1
2287,240709,244583,16,0,0,fused_streaming,circular,persistent,1,1
2288,251417,255334,16,0,0,fused_streaming,circular,persistent,1,1
2289,252791,256708,16,0,0,fused_streaming,circular,persistent,1,1
2290,255958,259875,16,0,0,fused_streaming,circular,persistent,1,1
2291,253334,257250,16,0,0,fused_streaming,circular,persistent,1,1
2292,248459,252333,16,0,0,fused_streaming,circular,persistent,1,1
2293,293250,297250,16,0,0,fused_streaming,circular,persistent,1,1
2294,238958,243042,16,0,0,fused_streaming,circular,persistent,1,1
2295,285166,289167,16,0,0,fused_streaming,circular,persistent,1,1
2296,247125,251000,16,0,0,fused_streaming,circular,persistent,1,1
2297,253791,257667,16,0,0,fused_streaming,circular,persistent,1,1
2298,250917,254792,16,0,0,fused_streaming,circular,persistent,1,1
2299,257792,261708,16,0,0,fused_streaming,circular,persistent,1,1
2300,248208,252084,16,0,0,fused_streaming,circular,persistent,1,1
2301,238959,242917,16,0,0,fused_streaming,circular,persistent,1,1
2302,245416,249333,16,0,0,fused_streaming,circular,persistent,1,1
2303,248000,251958,16,0,0,fused_streaming,circular,persistent,1,1
2304,238541,242417,16,0,0,fused_streaming,circular,persistent,1,1
2305,249209,253125,16,0,0,fused_streaming,circular,persistent,1,1
2306,241917,245792,16,0,0,fused_streaming,circular,persistent,1,1
2307,246042,250000,16,0,0,fused_streaming,circular,persistent,1,1
2308,248083,252000,16,0,0,fused_streaming,circular,persistent,1,1
2309,253708,257708,16,0,0,fused_streaming,circular,persistent,1,1
2310,292708,296750,16,0,0,fused_streaming,circular,persistent,1,1
2311,241417,245292,16,0,0,fused_streaming,circular,persistent,1,1
2312,245875,249708,16,0,0,fused_streaming,circular,persistent,1,1
2313,243584,247541,16,0,0,fused_streaming,circular,persistent,1,1
2314,249000,253167,16,0,0,fused_streaming,circular,persistent,1,1
2315,236708,240583,16,0,0,fused_streaming,circular,persistent,1,1
2316,251625,255500,16,0,0,fused_streaming,circular,persistent,1,1
2317,256792,260709,16,0,0,fused_streaming,circular,persistent,1,1
2318,253917,257875,16,0,0,fused_streaming,circular,persistent,1,1
2319,251916,255792,16,0,0,fused_streaming,circular,persistent,1,1
2320,248000,251875,16,0,0,fused_streaming,circular,persistent,1,1
2321,252333,256250,16,0,0,fused_streaming,circular,persistent,1,1
2322,243959,247875,16,0,0,fused_streaming,circular,persistent,1,1
2323,245125,249167,16,0,0,fused_streaming,circular,persistent,1,1
2324,246250,250417,16,0,0,fused_streaming,circular,persistent,1,1
2325,289875,294000,16,0,0,fused_streaming,circular,persistent,1,1
2326,255500,259458,16,0,0,fused_streaming,circular,persistent,1,1
2327,256667,260541,16,0,0,fused_streaming,circular,persistent,1,1
2328,243958,247833,16,0,0,fused_streaming,circular,persistent,1,1
2329,243708,247667,16,0,0,fused_streaming,circular,persistent,1,1
2330,248625,252541,16,0,0,fused_streaming,circular,persistent,1,1
2331,249375,253292,16,0,0,fused_streaming,circular,persistent,1,1
2332,241667,245667,16,0,0,fused_streaming,circular,persistent,1,1
2333,246250,250125,16,0,0,fused_streaming,circular,persistent,1,1
2334,245000,248958,16,0,0,fused_streaming,circular,persistent,1,1
2335,243709,247625,16,0,0,fused_streaming,circular,persistent,1,1
2336,247584,251458,16,0,0,fused_streaming,circular,persistent,1,1
2337,293458,297458,16,0,0,fused_streaming,circular,persistent,1,1
2338,248500,252500,16,0,0,fused_streaming,circular,persistent,1,1
2339,269834,273833,16,0,0,fused_streaming,circular,persistent,1,1
2340,243250,247250,16,0,0,fused_streaming,circular,persistent,1,1
2341,247250,251125,16,0,0,fused_streaming,circular,persistent,1,1
2342,244250,248167,16,0,0,fused_streaming,circular,persistent,1,1
2343,244334,248250,16,0,0,fused_streaming,circular,persistent,1,1
2344,249334,253250,16,0,0,fused_streaming,circular,persistent,1,1
2345,256417,260375,16,0,0,fused_streaming,circular,persistent,1,1
2346,253625,257500,16,0,0,fused_streaming,circular,persistent,1,1
2347,245833,249834,16,0,0,fused_streaming,circular,persistent,1,1
2348,248791,252708,16,0,0,fused_streaming,circular,persistent,1,1
2349,249292,253166,16,0,0,fused_streaming,circular,persistent,1,1
2350,236250,240167,16,0,0,fused_streaming,circular,persistent,1,1
2351,246333,250208,16,0,0,fused_streaming,circular,persistent,1,1
2352,247458,251375,16,0,0,fused_streaming,circular,persistent,1,1
2353,249792,253709,16,0,0,fused_streaming,circular,persistent,1,1
2354,256958,260958,16,0,0,fused_streaming,circular,persistent,1,1
2355,249833,253750,16,0,0,fused_streaming,circular,persistent,1,1
2356,245125,249125,16,0,0,fused_streaming,circular,persistent,1,1
2357,243833,247791,16,0,0,fused_streaming,circular,persistent,1,1
2358,238792,242792,16,0,0,fused_streaming,circular,persistent,1,1
2359,247375,251292,16,0,0,fused_streaming,circular,persistent,1,1
2360,249625,253625,16,0,0,fused_streaming,circular,persistent,1,1
2361,239875,243791,16,0,0,fused_streaming,circular,persistent,1,1
2362,244250,248125,16,0,0,fused_streaming,circular,persistent,1,1
2363,240791,244666,16,0,0,fused_streaming,circular,persistent,1,1
2364,249208,253125,16,0,0,fused_streaming,circular,persistent,1,1
2365,252958,256834,16,0,0,fused_streaming,circular,persistent,1,1
2366,248167,252084,16,0,0,fused_streaming,circular,persistent,1,1
2367,236458,240583,16,0,0,fused_streaming,circular,persistent,1,1
2368,247542,251417,16,0,0,fused_streaming,circular,persistent,1,1
2369,237458,241375,16,0,0,fused_streaming,circular,persistent,1,1
2370,248208,252167,16,0,0,fused_streaming,circular,persistent,1,1
2371,247792,251708,16,0,0,fused_streaming,circular,persistent,1,1
2372,250417,254333,16,0,0,fused_streaming,circular,persistent,1,1
2373,253875,257792,16,0,0,fused_streaming,circular,persistent,1,1
2374,254333,258250,16,0,0,fused_streaming,circular,persistent,1,1
2375,292667,297209,16,0,0,fused_streaming,circular,persistent,1,1
2376,246958,250875,16,0,0,fused_streaming,circular,persistent,1,1
2377,283709,288000,16,0,0,fused_streaming,circular,persistent,1,1
2378,241417,245333,16,0,0,fused_streaming,circular,persistent,1,1
2379,291500,295500,16,0,0,fused_streaming,circular,persistent,1,1
2380,245625,249542,16,0,0,fused_streaming,circular,persistent,1,1
2381,252417,256334,16,0,0,fused_streaming,circular,persistent,1,1
2382,254334,258208,16,0,0,fused_streaming,circular,persistent,1,1
2383,250417,254292,16,0,0,fused_streaming,circular,persistent,1,1
2384,241375,245292,16,0,0,fused_streaming,circular,persistent,1,1
2385,245042,248917,16,0,0,fused_streaming,circular,persistent,1,1
2386,241208,249291,16,0,0,fused_streaming,circular,persistent,1,1
2387,246917,250792,16,0,0,fused_streaming,circular,persistent,1,1
2388,249459,253333,16,0,0,fused_streaming,circular,persistent,1,1
2389,240291,244250,16,0,0,fused_streaming,circular,persistent,1,1
2390,245083,248958,16,0,0,fused_streaming,circular,persistent,1,1
2391,244792,248708,16,0,0,fused_streaming,circular,persistent,1,1
2392,245750,249667,16,0,0,fused_streaming,circular,persistent,1,1
2393,250541,254458,16,0,0,fused_streaming,circular,persistent,1,1
2394,244625,248500,16,0,0,fused_streaming,circular,persistent,1,1
2395,247875,251750,16,0,0,fused_streaming,circular,persistent,1,1
2396,244125,248084,16,0,0,fused_streaming,circular,persistent,1,1
2397,242416,246250,16,0,0,fused_streaming,circular,persistent,1,1
2398,247916,251750,16,0,0,fused_streaming,circular,persistent,1,1
2399,252209,256083,16,0,0,fused_streaming,circular,persistent,1,1
2400,292708,296917,16,0,0,fused_streaming,circular,persistent,1,1
2401,253625,257458,16,0,0,fused_streaming,circular,persistent,1,1
2402,256250,260125,16,0,0,fused_streaming,circular,persistent,1,1
2403,244625,253000,16,0,0,fused_streaming,circular,persistent,1,1
2404,241209,245125,16,0,0,fused_streaming,circular,persistent,1,1
2405,248000,251917,16,0,0,fused_streaming,circular,persistent,1,1
2406,239083,242917,16,0,0,fused_streaming,circular,persistent,1,1
2407,246209,250167,16,0,0,fused_streaming,circular,persistent,1,1
2408,245333,249208,16,0,0,fused_streaming,circular,persistent,1,1
2409,252333,256208,16,0,0,fused_streaming,circular,persistent,1,1
2410,253458,257375,16,0,0,fused_streaming,circular,persistent,1,1
2411,292750,296792,16,0,0,fused_streaming,circular,persistent,1,1
2412,243791,247666,16,0,0,fused_streaming,circular,persistent,1,1
2413,283375,287375,16,0,0,fused_streaming,circular,persistent,1,1
2414,238375,242209,16,0,0,fused_streaming,circular,persistent,1,1
2415,248875,290375,16,0,0,fused_streaming,circular,persistent,1,1
2416,248666,252542,16,0,0,fused_streaming,circular,persistent,1,1
2417,237667,241916,16,0,0,fused_streaming,circular,persistent,1,1
2418,248083,251875,16,0,0,fused_streaming,circular,persistent,1,1
2419,247792,251666,16,0,0,fused_streaming,circular,persistent,1,1
2420,246667,250583,16,0,0,fused_streaming,circular,persistent,1,1
2421,255000,258875,16,0,0,fused_streaming,circular,persistent,1,1
2422,250584,254416,16,0,0,fused_streaming,circular,persistent,1,1
2423,248292,252166,16,0,0,fused_streaming,circular,persistent,1,1
2424,240583,244459,16,0,0,fused_streaming,circular,persistent,1,1
2425,245375,249250,16,0,0,fused_streaming,circular,persistent,1,1
2426,250000,253916,16,0,0,fused_streaming,circular,persistent,1,1
2427,251958,255792,16,0,0,fused_streaming,circular,persistent,1,1
2428,250167,254084,16,0,0,fused_streaming,circular,persistent,1,1
2429,250750,254709,16,0,0,fused_streaming,circular,persistent,1,1
2430,297834,302375,16,0,0,fused_streaming,circular,persistent,1,1
2431,249875,253750,16,0,0,fused_streaming,circular,persistent,1,1
2432,250541,254500,16,0,0,fused_streaming,circular,persistent,1,1
2433,238458,242459,16,0,0,fused_streaming,circular,persistent,1,1
2434,288125,292250,16,0,0,fused_streaming,circular,persistent,1,1
2435,238583,246583,16,0,0,fused_streaming,circular,persistent,1,1
2436,283083,287167,16,0,0,fused_streaming,circular,persistent,1,1
2437,245542,249500,16,0,0,fused_streaming,circular,persistent,1,1
2438,253458,257375,16,0,0,fused_streaming,circular,persistent,1,1
2439,252833,256708,16,0,0,fused_streaming,circular,persistent,1,1
2440,252417,256333,16,0,0,fused_streaming,circular,persistent,1,1
2441,237542,241458,16,0,0,fused_streaming,circular,persistent,1,1
2442,243125,247000,16,0,0,fused_streaming,circular,persistent,1,1
2443,241500,245417,16,0,0,fused_streaming,circular,persistent,1,1
2444,247333,251333,16,0,0,fused_streaming,circular,persistent,1,1
2445,235459,239333,16,0,0,fused_streaming,circular,persistent,1,1
2446,244209,248125,16,0,0,fused_streaming,circular,persistent,1,1
2447,247416,251250,16,0,0,fused_streaming,circular,persistent,1,1
2448,245833,249708,16,0,0,fused_streaming,circular,persistent,1,1
2449,254708,258625,16,0,0,fused_streaming,circular,persistent,1,1
2450,250500,254375,16,0,0,fused_streaming,circular,persistent,1,1
2451,239167,243041,16,0,0,fused_streaming,circular,persistent,1,1
2452,245458,249333,16,0,0,fused_streaming,circular,persistent,1,1
2453,241417,245333,16,0,0,fused_streaming,circular,persistent,1,1
2454,249250,253125,16,0,0,fused_streaming,circular,persistent,1,1
2455,251000,254917,16,0,0,fused_streaming,circular,persistent,1,1
2456,247875,251750,16,0,0,fused_streaming,circular,persistent,1,1
2457,250250,254125,16,0,0,fused_streaming,circular,persistent,1,1
2458,247959,251875,16,0,0,fused_streaming,circular,persistent,1,1
2459,296792,300875,16,0,0,fused_streaming,circular,persistent,1,1
2460,240167,244042,16,0,0,fused_streaming,circular,persistent,1,1
2461,280583,284709,16,0,0,fused_streaming,circular,persistent,1,1
2462,245750,249667,16,0,0,fused_streaming,circular,persistent,1,1
2463,244375,248417,16,0,0,fused_streaming,circular,persistent,1,1
2464,239542,243375,16,0,0,fused_streaming,circular,persistent,1,1
2465,284708,288750,16,0,0,fused_streaming,circular,persistent,1,1
2466,241542,245500,16,0,0,fused_streaming,circular,persistent,1,1
2467,294208,298250,16,0,0,fused_streaming,circular,persistent,1,1
2468,249916,253833,16,0,0,fused_streaming,circular,persistent,1,1
2469,246833,250750,16,0,0,fused_streaming,circular,persistent,1,1
2470,238917,242833,16,0,0,fused_streaming,circular,persistent,1,1
2471,246958,251042,16,0,0,fused_streaming,circular,persistent,1,1
2472,239292,243208,16,0,0,fused_streaming,circular,persistent,1,1
2473,239917,284708,16,0,0,fused_streaming,circular,persistent,1,1
2474,244000,247875,16,0,0,fused_streaming,circular,persistent,1,1
2475,286750,291166,16,0,0,fused_streaming,circular,persistent,1,1
2476,247166,251042,16,0,0,fused_streaming,circular,persistent,1,1
2477,248417,252416,16,0,0,fused_streaming,circular,persistent,1,1
2478,242667,246584,16,0,0,fused_streaming,circular,persistent,1,1
2479,240750,244708,16,0,0,fused_streaming,circular,persistent,1,1
2480,242084,246125,16,0,0,fused_streaming,circular,persistent,1,1
2481,274292,278333,16,0,0,fused_streaming,circular,persistent,1,1
2482,234167,238292,16,0,0,fused_streaming,circular,persistent,1,1
2483,290416,294542,16,0,0,fused_streaming,circular,persistent,1,1
2484,234542,238417,16,0,0,fused_streaming,circular,persistent,1,1
2485,245042,248875,16,0,0,fused_streaming,circular,persistent,1,1
2486,240917,244875,16,0,0,fused_streaming,circular,persistent,1,1
2487,237000,240833,16,0,0,fused_streaming,circular,persistent,1,1
2488,229416,233542,16,0,0,fused_streaming,circular,persistent,1,1
2489,229875,233750,16,0,0,fused_streaming,circular,persistent,1,1
2490,244250,248208,16,0,0,fused_streaming,circular,persistent,1,1
2491,230083,234000,16,0,0,fused_streaming,circular,persistent,1,1
2492,226416,230375,16,0,0,fused_streaming,circular,persistent,1,1
2493,238542,242416,16,0,0,fused_streaming,circular,persistent,1,1
2494,244125,248042,16,0,0,fused_streaming,circular,persistent,1,1
2495,240459,244500,16,0,0,fused_streaming,circular,persistent,1,1
2496,235375,239334,16,0,0,fused_streaming,circular,persistent,1,1
2497,236959,240875,16,0,0,fused_streaming,circular,persistent,1,1
2498,238750,242708,16,0,0,fused_streaming,circular,persistent,1,1
2499,235333,239292,16,0,0,fused_streaming,circular,persistent,1,1
2500,236167,240167,16,0,0,fused_streaming,circular,persistent,1,1
2501,228958,232833,16,0,0,fused_streaming,circular,persistent,1,1
2502,240167,244041,16,0,0,fused_streaming,circular,persistent,1,1
2503,238542,242375,16,0,0,fused_streaming,circular,persistent,1,1
2504,239917,243875,16,0,0,fused_streaming,circular,persistent,1,1
2505,231333,235250,16,0,0,fused_streaming,circular,persistent,1,1
2506,240541,244375,16,0,0,fused_streaming,circular,persistent,1,1
2507,225250,229042,16,0,0,fused_streaming,circular,persistent,1,1
2508,226000,229916,16,0,0,fused_streaming,circular,persistent,1,1
2509,232750,236583,16,0,0,fused_streaming,circular,persistent,1,1
2510,230750,234667,16,0,0,fused_streaming,circular,persistent,1,1
2511,269416,273542,16,0,0,fused_streaming,circular,persistent,1,1
2512,222042,225917,16,0,0,fused_streaming,circular,persistent,1,1
2513,227417,231292,16,0,0,fused_streaming,circular,persistent,1,1
2514,229417,233250,16,0,0,fused_streaming,circular,persistent,1,1
2515,230209,234125,16,0,0,fused_streaming,circular,persistent,1,1
2516,273416,277458,16,0,0,fused_streaming,circular,persistent,1,1
2517,227500,231417,16,0,0,fused_streaming,circular,persistent,1,1
2518,223750,227667,16,0,0,fused_streaming,circular,persistent,1,1
2519,228125,232041,16,0,0,fused_streaming,circular,persistent,1,1
2520,225875,229750,16,0,0,fused_streaming,circular,persistent,1,1
2521,226125,230084,16,0,0,fused_streaming,circular,persistent,1,1
2522,228292,232208,16,0,0,fused_streaming,circular,persistent,1,1
2523,229125,233333,16,0,0,fused_streaming,circular,persistent,1,1
2524,235500,239458,16,0,0,fused_streaming,circular,persistent,1,1
2525,229708,233625,16,0,0,fused_streaming,circular,persistent,1,1
2526,266958,271000,16,0,0,fused_streaming,circular,persistent,1,1
2527,228458,232333,16,0,0,fused_streaming,circular,persistent,1,1
2528,225667,229541,16,0,0,fused_streaming,circular,persistent,1,1
2529,223458,227375,16,0,0,fused_streaming,circular,persistent,1,1
2530,227292,231125,16,0,0,fused_streaming,circular,persistent,1,1
2531,270375,274583,16,0,0,fused_streaming,circular,persistent,1,1
2532,232791,236667,16,0,0,fused_streaming,circular,persistent,1,1
2533,226375,230250,16,0,0,fused_streaming,circular,persistent,1,1
2534,224500,228709,16,0,0,fused_streaming,circular,persistent,1,1
2535,233875,237833,16,0,0,fused_streaming,circular,persistent,1,1
2536,261958,266208,16,0,0,fused_streaming,circular,persistent,1,1
2537,213541,217625,16,0,0,fused_streaming,circular,persistent,1,1
2538,219500,223375,16,0,0,fused_streaming,circular,persistent,1,1
2539,251916,261417,16,0,0,fused_streaming,circular,persistent,1,1
2540,216416,220292,16,0,0,fused_streaming,circular,persistent,1,1
2541,207334,211250,16,0,0,fused_streaming,circular,persistent,1,1
2542,219000,222875,16,0,0,fused_streaming,circular,persistent,1,1
2543,219625,223458,16,0,0,fused_streaming,circular,persistent,1,1
2544,215750,219666,16,0,0,fused_streaming,circular,persistent,1,1
2545,203750,207542,16,0,0,fused_streaming,circular,persistent,1,1
2546,201083,204917,16,0,0,fused_streaming,circular,persistent,1,1
2547,219291,223167,16,0,0,fused_streaming,circular,persistent,1,1
2548,214459,218333,16,0,0,fused_streaming,circular,persistent,1,1
2549,231000,234875,16,0,0,fused_streaming,circular,persistent,1,1
2550,223542,227375,16,0,0,fused_streaming,circular,persistent,1,1
2551,265250,269375,16,0,0,fused_streaming,circular,persistent,1,1
2552,221250,225083,16,0,0,fused_streaming,circular,persistent,1,1
2553,223167,227000,16,0,0,fused_streaming,circular,persistent,1,1
2554,230417,234375,16,0,0,fused_streaming,circular,persistent,1,1
2555,223666,227500,16,0,0,fused_streaming,circular,persistent,1,1
2556,208458,212375,16,0,0,fused_streaming,circular,persistent,1,1
2557,201084,204958,16,0,0,fused_streaming,circular,persistent,1,1
2558,208084,211958,16,0,0,fused_streaming,circular,persistent,1,1
2559,215917,219791,16,0,0,fused_streaming,circular,persistent,1,1
2560,210958,214875,16,0,0,fused_streaming,circular,persistent,1,1
2561,221917,225750,16,0,0,fused_streaming,circular,persistent,1,1
2562,219709,223583,16,0,0,fused_streaming,circular,persistent,1,1
2563,212875,216750,16,0,0,fused_streaming,circular,persistent,1,1
2564,213875,217750,16,0,0,fused_streaming,circular,persistent,1,1
2565,214042,217917,16,0,0,fused_streaming,circular,persistent,1,1
2566,211875,215834,16,0,0,fused_streaming,circular,persistent,1,1
2567,214959,218917,16,0,0,fused_streaming,circular,persistent,1,1
2568,212167,216125,16,0,0,fused_streaming,circular,persistent,1,1
2569,218083,221917,16,0,0,fused_streaming,circular,persistent,1,1
2570,219167,223000,16,0,0,fused_streaming,circular,persistent,1,1
2571,212541,216459,16,0,0,fused_streaming,circular,persistent,1,1
2572,217250,221125,16,0,0,fused_streaming,circular,persistent,1,1
2573,209875,213791,16,0,0,fused_streaming,circular,persistent,1,1
2574,219375,223209,16,0,0,fused_streaming,circular,persistent,1,1
2575,227167,231084,16,0,0,fused_streaming,circular,persistent,1,1
2576,231500,235375,16,0,0,fused_streaming,circular,persistent,1,1
2577,228875,232708,16,0,0,fused_streaming,circular,persistent,1,1
2578,271500,275792,16,0,0,fused_streaming,circular,persistent,1,1
2579,225000,228833,16,0,0,fused_streaming,circular,persistent,1,1
2580,223916,227792,16,0,0,fused_streaming,circular,persistent,1,1
2581,228125,231916,16,0,0,fused_streaming,circular,persistent,1,1
2582,228208,232042,16,0,0,fused_streaming,circular,persistent,1,1
2583,270792,274709,16,0,0,fused_streaming,circular,persistent,1,1
2584,221375,225291,16,0,0,fused_streaming,circular,persistent,1,1
2585,214292,218167,16,0,0,fused_streaming,circular,persistent,1,1
2586,221625,225541,16,0,0,fused_streaming,circular,persistent,1,1
2587,226916,230792,16,0,0,fused_streaming,circular,persistent,1,1
2588,222166,226000,16,0,0,fused_streaming,circular,persistent,1,1
2589,219167,223084,16,0,0,fused_streaming,circular,persistent,1,1
2590,227708,231583,16,0,0,fused_streaming,circular,persistent,1,1
2591,268625,272875,16,0,0,fused_streaming,circular,persistent,1,1
2592,229792,233583,16,0,0,fused_streaming,circular,persistent,1,1
2593,230791,234667,16,0,0,fused_streaming,circular,persistent,1,1
2594,231125,235000,16,0,0,fused_streaming,circular,persistent,1,1
2595,229041,232875,16,0,0,fused_streaming,circular,persistent,1,1
2596,266750,270792,16,0,0,fused_streaming,circular,persistent,1,1
2597,232334,236208,16,0,0,fused_streaming,circular,persistent,1,1
2598,230333,234209,16,0,0,fused_streaming,circular,persistent,1,1
2599,225041,228958,16,0,0,fused_streaming,circular,persistent,1,1
2600,211584,215500,16,0,0,fused_streaming,circular,persistent,1,1
2601,200750,204708,16,0,0,fused_streaming,circular,persistent,1,1
2602,205667,209583,16,0,0,fused_streaming,circular,persistent,1,1
2603,218083,222000,16,0,0,fused_streaming,circular,persistent,1,1
2604,226958,231167,16,0,0,fused_streaming,circular,persistent,1,1
2605,231250,235208,16,0,0,fused_streaming,circular,persistent,1,1
2606,229333,233208,16,0,0,fused_streaming,circular,persistent,1,1
2607,266208,270292,16,0,0,fused_streaming,circular,persistent,1,1
2608,226250,230209,16,0,0,fused_streaming,circular,persistent,1,1
2609,233125,237000,16,0,0,fused_streaming,circular,persistent,1,1
2610,232917,236833,16,0,0,fused_streaming,circular,persistent,1,1
2611,227625,231542,16,0,0,fused_streaming,circular,persistent,1,1
2612,233667,237792,16,0,0,fused_streaming,circular,persistent,1,1
2613,230375,234291,16,0,0,fused_streaming,circular,persistent,1,1
2614,228084,231958,16,0,0,fused_streaming,circular,persistent,1,1
2615,231583,235542,16,0,0,fused_streaming,circular,persistent,1,1
2616,227708,231625,16,0,0,fused_streaming,circular,persistent,1,1
2617,232667,236708,16,0,0,fused_streaming,circular,persistent,1,1
2618,218958,222834,16,0,0,fused_streaming,circular,persistent,1,1
2619,213208,217167,16,0,0,fused_streaming,circular,persistent,1,1
2620,214042,217875,16,0,0,fused_streaming,circular,persistent,1,1
2621,216000,219875,16,0,0,fused_streaming,circular,persistent,1,1
2622,206084,209958,16,0,0,fused_streaming,circular,persistent,1,1
2623,216208,220208,16,0,0,fused_streaming,circular,persistent,1,1
2624,214292,218291,16,0,0,fused_streaming,circular,persistent,1,1
2625,219042,222916,16,0,0,fused_streaming,circular,persistent,1,1
2626,219375,223250,16,0,0,fused_streaming,circular,persistent,1,1
2627,213208,217125,16,0,0,fused_streaming,circular,persistent,1,1
2628,217417,221291,16,0,0,fused_streaming,circular,persistent,1,1
2629,256459,260500,16,0,0,fused_streaming,circular,persistent,1,1
2630,222542,226792,16,0,0,fused_streaming,circular,persistent,1,1
2631,218500,222458,16,0,0,fused_streaming,circular,persistent,1,1
2632,217875,221792,16,0,0,fused_streaming,circular,persistent,1,1
2633,216709,220625,16,0,0,fused_streaming,circular,persistent,1,1
2634,217333,225750,16,0,0,fused_streaming,circular,persistent,1,1
2635,220250,224458,16,0,0,fused_streaming,circular,persistent,1,1
2636,219667,223541,16,0,0,fused_streaming,circular,persistent,1,1
2637,225792,229750,16,0,0,fused_streaming,circular,persistent,1,1
2638,227292,231209,16,0,0,fused_streaming,circular,persistent,1,1
2639,225958,229917,16,0,0,fused_streaming,circular,persistent,1,1
2640,218083,221958,16,0,0,fused_streaming,circular,persistent,1,1
2641,218333,222167,16,0,0,fused_streaming,circular,persistent,1,1
2642,218042,221916,16,0,0,fused_streaming,circular,persistent,1,1
2643,213791,222833,16,0,0,fused_streaming,circular,persistent,1,1
2644,216917,220792,16,0,0,fused_streaming,circular,persistent,1,1
2645,218792,222667,16,0,0,fused_streaming,circular,persistent,1,1
2646,252625,256708,16,0,0,fused_streaming,circular,persistent,1,1
2647,205500,209500,16,0,0,fused_streaming,circular,persistent,1,1
2648,200292,204459,16,0,0,fused_streaming,circular,persistent,1,1
2649,199708,203667,16,0,0,fused_streaming,circular,persistent,1,1
2650,218208,222250,16,0,0,fused_streaming,circular,persistent,1,1
2651,215292,219125,16,0,0,fused_streaming,circular,persistent,1,1
2652,210958,214875,16,0,0,fused_streaming,circular,persistent,1,1
2653,215208,219125,16,0,0,fused_streaming,circular,persistent,1,1
2654,211625,215583,16,0,0,fused_streaming,circular,persistent,1,1
2655,215208,219250,16,0,0,fused_streaming,circular,persistent,1,1
2656,213791,217708,16,0,0,fused_streaming,circular,persistent,1,1
2657,214792,218667,16,0,0,fused_streaming,circular,persistent,1,1
2658,214625,218500,16,0,0,fused_streaming,circular,persistent,1,1
2659,209541,213500,16,0,0,fused_streaming,circular,persistent,1,1
2660,215000,219041,16,0,0,fused_streaming,circular,persistent,1,1
2661,210209,214125,16,0,0,fused_streaming,circular,persistent,1,1
2662,215167,219083,16,0,0,fused_streaming,circular,persistent,1,1
2663,215709,219666,16,0,0,fused_streaming,circular,persistent,1,1
2664,217750,221625,16,0,0,fused_streaming,circular,persistent,1,1
2665,210750,214667,16,0,0,fused_streaming,circular,persistent,1,1
2666,216458,220375,16,0,0,fused_streaming,circular,persistent,1,1
2667,217125,221000,16,0,0,fused_streaming,circular,persistent,1,1
2668,216792,220750,16,0,0,fused_streaming,circular,persistent,1,1
2669,212125,216000,16,0,0,fused_streaming,circular,persistent,1,1
2670,215167,219042,16,0,0,fused_streaming,circular,persistent,1,1
2671,215667,219584,16,0,0,fused_streaming,circular,persistent,1,1
2672,217084,221000,16,0,0,fused_streaming,circular,persistent,1,1
2673,211666,215542,16,0,0,fused_streaming,circular,persistent,1,1
2674,202709,206625,16,0,0,fused_streaming,circular,persistent,1,1
2675,204000,207916,16,0,0,fused_streaming,circular,persistent,1,1
2676,205084,209083,16,0,0,fused_streaming,circular,persistent,1,1
2677,205667,209625,16,0,0,fused_streaming,circular,persistent,1,1
2678,199958,203875,16,0,0,fused_streaming,circular,persistent,1,1
2679,205000,208875,16,0,0,fused_streaming,circular,persistent,1,1
2680,205750,209708,16,0,0,fused_streaming,circular,persistent,1,1
2681,200167,204084,16,0,0,fused_streaming,circular,persistent,1,1
2682,204333,208167,16,0,0,fused_streaming,circular,persistent,1,1
2683,213375,217583,16,0,0,fused_streaming,circular,persistent,1,1
2684,219375,223291,16,0,0,fused_streaming,circular,persistent,1,1
2685,213167,217084,16,0,0,fused_streaming,circular,persistent,1,1
2686,218542,222417,16,0,0,fused_streaming,circular,persistent,1,1
2687,218959,222959,16,0,0,fused_streaming,circular,persistent,1,1
2688,214042,217916,16,0,0,fused_streaming,circular,persistent,1,1
2689,218708,222584,16,0,0,fused_streaming,circular,persistent,1,1
2690,214167,218417,16,0,0,fused_streaming,circular,persistent,1,1
2691,218042,221916,16,0,0,fused_streaming,circular,persistent,1,1
2692,213750,217708,16,0,0,fused_streaming,circular,persistent,1,1
2693,219500,223500,16,0,0,fused_streaming,circular,persistent,1,1
2694,218583,222500,16,0,0,fused_streaming,circular,persistent,1,1
2695,211750,215625,16,0,0,fused_streaming,circular,persistent,1,1
2696,221291,225292,16,0,0,fused_streaming,circular,persistent,1,1
2697,211125,215041,16,0,0,fused_streaming,circular,persistent,1,1
2698,220750,224667,16,0,0,fused_streaming,circular,persistent,1,1
2699,208750,212667,16,0,0,fused_streaming,circular,persistent,1,1
2700,200750,204709,16,0,0,fused_streaming,circular,persistent,1,1
2701,204416,208292,16,0,0,fused_streaming,circular,persistent,1,1
2702,204791,208667,16,0,0,fused_streaming,circular,persistent,1,1
2703,200959,205000,16,0,0,fused_streaming,circular,persistent,1,1
2704,199792,203708,16,0,0,fused_streaming,circular,persistent,1,1
2705,205000,208834,16,0,0,fused_streaming,circular,persistent,1,1
2706,200083,203958,16,0,0,fused_streaming,circular,persistent,1,1
2707,245458,249458,16,0,0,fused_streaming,circular,persistent,1,1
2708,204917,208917,16,0,0,fused_streaming,circular,persistent,1,1
2709,204542,208334,16,0,0,fused_streaming,circular,persistent,1,1
2710,201291,205125,16,0,0,fused_streaming,circular,persistent,1,1
2711,244083,248500,16,0,0,fused_streaming,circular,persistent,1,1
2712,205417,209292,16,0,0,fused_streaming,circular,persistent,1,1
2713,204667,208583,16,0,0,fused_streaming,circular,persistent,1,1
2714,236250,240834,16,0,0,fused_streaming,circular,persistent,1,1
2715,204875,208750,16,0,0,fused_streaming,circular,persistent,1,1
2716,205125,209000,16,0,0,fused_streaming,circular,persistent,1,1
2717,200042,203959,16,0,0,fused_streaming,circular,persistent,1,1
2718,204958,208833,16,0,0,fused_streaming,circular,persistent,1,1
2719,199708,203667,16,0,0,fused_streaming,circular,persistent,1,1
2720,201667,205625,16,0,0,fused_streaming,circular,persistent,1,1
2721,205000,208875,16,0,0,fused_streaming,circular,persistent,1,1
2722,200083,203875,16,0,0,fused_streaming,circular,persistent,1,1
2723,205208,209125,16,0,0,fused_streaming,circular,persistent,1,1
2724,205500,209417,16,0,0,fused_streaming,circular,persistent,1,1
2725,199875,203792,16,0,0,fused_streaming,circular,persistent,1,1
2726,204667,208542,16,0,0,fused_streaming,circular,persistent,1,1
2727,199958,203792,16,0,0,fused_streaming,circular,persistent,1,1
2728,247292,251333,16,0,0,fused_streaming,circular,persistent,1,1
2729,204667,208542,16,0,0,fused_streaming,circular,persistent,1,1
2730,199750,203917,16,0,0,fused_streaming,circular,persistent,1,1
2731,204958,208875,16,0,0,fused_streaming,circular,persistent,1,1
2732,199584,203541,16,0,0,fused_streaming,circular,persistent,1,1
2733,200084,204125,16,0,0,fused_streaming,circular,persistent,1,1
2734,205417,209208,16,0,0,fused_streaming,circular,persistent,1,1
2735,199417,203291,16,0,0,fused_streaming,circular,persistent,1,1
2736,204667,208541,16,0,0,fused_streaming,circular,persistent,1,1
2737,205208,209042,16,0,0,fused_streaming,circular,persistent,1,1
2738,200167,204083,16,0,0,fused_streaming,circular,persistent,1,1
2739,204958,208833,16,0,0,fused_streaming,circular,persistent,1,1
2740,199500,203375,16,0,0,fused_streaming,circular,persistent,1,1
2741,206833,210875,16,0,0,fused_streaming,circular,persistent,1,1
2742,205292,209125,16,0,0,fused_streaming,circular,persistent,1,1
2743,200125,203959,16,0,0,fused_streaming,circular,persistent,1,1
2744,205125,209042,16,0,0,fused_streaming,circular,persistent,1,1
2745,209000,212917,16,0,0,fused_streaming,circular,persistent,1,1
2746,200209,204083,16,0,0,fused_streaming,circular,persistent,1,1
2747,199875,203791,16,0,0,fused_streaming,circular,persistent,1,1
2748,204833,208750,16,0,0,fused_streaming,circular,persistent,1,1
2749,254041,258042,16,0,0,fused_streaming,circular,persistent,1,1
2750,200708,204584,16,0,0,fused_streaming,circular,persistent,1,1
2751,204959,208791,16,0,0,fused_streaming,circular,persistent,1,1
2752,204709,208500,16,0,0,fused_streaming,circular,persistent,1,1
2753,200375,204292,16,0,0,fused_streaming,circular,persistent,1,1
2754,205667,209542,16,0,0,fused_streaming,circular,persistent,1,1
2755,204417,208333,16,0,0,fused_streaming,circular,persistent,1,1
2756,199917,203792,16,0,0,fused_streaming,circular,persistent,1,1
2757,204709,208709,16,0,0,fused_streaming,circular,persistent,1,1
2758,205209,209042,16,0,0,fused_streaming,circular,persistent,1,1
2759,200708,204583,16,0,0,fused_streaming,circular,persistent,1,1
2760,200500,204625,16,0,0,fused_streaming,circular,persistent,1,1
2761,205209,209000,16,0,0,fused_streaming,circular,persistent,1,1
2762,205042,208917,16,0,0,fused_streaming,circular,persistent,1,1
2763,200041,203917,16,0,0,fused_streaming,circular,persistent,1,1
2764,204708,208583,16,0,0,fused_streaming,circular,persistent,1,1
2765,200167,204042,16,0,0,fused_streaming,circular,persistent,1,1
2766,201500,205292,16,0,0,fused_streaming,circular,persistent,1,1
2767,204792,208583,16,0,0,fused_streaming,circular,persistent,1,1
2768,199833,203709,16,0,0,fused_streaming,circular,persistent,1,1
2769,204958,208750,16,0,0,fused_streaming,circular,persistent,1,1
2770,206875,210792,16,0,0,fused_streaming,circular,persistent,1,1
2771,200292,204209,16,0,0,fused_streaming,circular,persistent,1,1
2772,204750,208542,16,0,0,fused_streaming,circular,persistent,1,1
2773,199916,203791,16,0,0,fused_streaming,circular,persistent,1,1
2774,246792,250875,16,0,0,fused_streaming,circular,persistent,1,1
2775,205417,209291,16,0,0,fused_streaming,circular,persistent,1,1
2776,199833,203708,16,0,0,fused_streaming,circular,persistent,1,1
2777,204917,208750,16,0,0,fused_streaming,circular,persistent,1,1
2778,200458,204333,16,0,0,fused_streaming,circular,persistent,1,1
2779,200500,204291,16,0,0,fused_streaming,circular,persistent,1,1
2780,205000,208833,16,0,0,fused_streaming,circular,persistent,1,1
2781,200334,204208,16,0,0,fused_streaming,circular,persistent,1,1
2782,204500,208708,16,0,0,fused_streaming,circular,persistent,1,1
2783,205583,209459,16,0,0,fused_streaming,circular,persistent,1,1
2784,200291,204250,16,0,0,fused_streaming,circular,persistent,1,1
2785,204791,208667,16,0,0,fused_streaming,circular,persistent,1,1
2786,204417,208291,16,0,0,fused_streaming,circular,persistent,1,1
2787,201708,205667,16,0,0,fused_streaming,circular,persistent,1,1
2788,204875,208792,16,0,0,fused_streaming,circular,persistent,1,1
2789,205000,208834,16,0,0,fused_streaming,circular,persistent,1,1
2790,199959,203875,16,0,0,fused_streaming,circular,persistent,1,1
2791,249916,254042,16,0,0,fused_streaming,circular,persistent,1,1
2792,200916,209125,16,0,0,fused_streaming,circular,persistent,1,1
2793,199958,203875,16,0,0,fused_streaming,circular,persistent,1,1
2794,205375,209250,16,0,0,fused_streaming,circular,persistent,1,1
2795,253958,258208,16,0,0,fused_streaming,circular,persistent,1,1
2796,201750,205667,16,0,0,fused_streaming,circular,persistent,1,1
2797,200083,204042,16,0,0,fused_streaming,circular,persistent,1,1
2798,204667,208584,16,0,0,fused_streaming,circular,persistent,1,1
2799,200791,204667,16,0,0,fused_streaming,circular,persistent,1,1
2800,200583,204541,16,0,0,fused_streaming,circular,persistent,1,1
2801,204750,208583,16,0,0,fused_streaming,circular,persistent,1,1
2802,201000,204958,16,0,0,fused_streaming,circular,persistent,1,1
2803,205167,209041,16,0,0,fused_streaming,circular,persistent,1,1
2804,206000,209959,16,0,0,fused_streaming,circular,persistent,1,1
2805,200709,204833,16,0,0,fused_streaming,circular,persistent,1,1
2806,199875,203792,16,0,0,fused_streaming,circular,persistent,1,1
2807,205041,209000,16,0,0,fused_streaming,circular,persistent,1,1
2808,205791,209750,16,0,0,fused_streaming,circular,persistent,1,1
2809,199292,203209,16,0,0,fused_streaming,circular,persistent,1,1
2810,204958,208833,16,0,0,fused_streaming,circular,persistent,1,1
2811,204625,208625,16,0,0,fused_streaming,circular,persistent,1,1
2812,200209,204125,16,0,0,fused_streaming,circular,persistent,1,1
2813,205416,209292,16,0,0,fused_streaming,circular,persistent,1,1
2814,204917,208750,16,0,0,fused_streaming,circular,persistent,1,1
2815,200292,204416,16,0,0,fused_streaming,circular,persistent,1,1
2816,201750,205666,16,0,0,fused_streaming,circular,persistent,1,1
2817,204667,208583,16,0,0,fused_streaming,circular,persistent,1,1
2818,199833,203750,16,0,0,fused_streaming,circular,persistent,1,1
2819,204834,208792,16,0,0,fused_streaming,circular,persistent,1,1
2820,253834,257875,16,0,0,fused_streaming,circular,persistent,1,1
2821,204833,208708,16,0,0,fused_streaming,circular,persistent,1,1
2822,200333,204292,16,0,0,fused_streaming,circular,persistent,1,1
2823,205041,208959,16,0,0,fused_streaming,circular,persistent,1,1
2824,200166,204125,16,0,0,fused_streaming,circular,persistent,1,1
2825,200542,204417,16,0,0,fused_streaming,circular,persistent,1,1
2826,204583,208500,16,0,0,fused_streaming,circular,persistent,1,1
2827,205333,209250,16,0,0,fused_streaming,circular,persistent,1,1
2828,199667,203583,16,0,0,fused_streaming,circular,persistent,1,1
2829,205541,209500,16,0,0,fused_streaming,circular,persistent,1,1
2830,205709,209541,16,0,0,fused_streaming,circular,persistent,1,1
2831,200375,204333,16,0,0,fused_streaming,circular,persistent,1,1
2832,204833,208708,16,0,0,fused_streaming,circular,persistent,1,1
2833,206292,210125,16,0,0,fused_streaming,circular,persistent,1,1
2834,199334,203250,16,0,0,fused_streaming,circular,persistent,1,1
2835,204834,208708,16,0,0,fused_streaming,circular,persistent,1,1
2836,204959,208833,16,0,0,fused_streaming,circular,persistent,1,1
2837,205542,209417,16,0,0,fused_streaming,circular,persistent,1,1
2838,200000,203917,16,0,0,fused_streaming,circular,persistent,1,1
2839,204584,208458,16,0,0,fused_streaming,circular,persistent,1,1
2840,204458,208417,16,0,0,fused_streaming,circular,persistent,1,1
2841,200375,204250,16,0,0,fused_streaming,circular,persistent,1,1
2842,200083,204042,16,0,0,fused_streaming,circular,persistent,1,1
2843,205000,208916,16,0,0,fused_streaming,circular,persistent,1,1
2844,199375,203292,16,0,0,fused_streaming,circular,persistent,1,1
2845,201666,205542,16,0,0,fused_streaming,circular,persistent,1,1
2846,204750,208625,16,0,0,fused_streaming,circular,persistent,1,1
2847,200917,204875,16,0,0,fused_streaming,circular,persistent,1,1
2848,199958,203917,16,0,0,fused_streaming,circular,persistent,1,1
2849,250167,254333,16,0,0,fused_streaming,circular,persistent,1,1
2850,201125,209500,16,0,0,fused_streaming,circular,persistent,1,1
2851,200334,204250,16,0,0,fused_streaming,circular,persistent,1,1
2852,205000,208833,16,0,0,fused_streaming,circular,persistent,1,1
2853,250583,254625,16,0,0,fused_streaming,circular,persistent,1,1
2854,201375,205334,16,0,0,fused_streaming,circular,persistent,1,1
2855,205125,209042,16,0,0,fused_streaming,circular,persistent,1,1
2856,205000,208875,16,0,0,fused_streaming,circular,persistent,1,1
2857,199958,203959,16,0,0,fused_streaming,circular,persistent,1,1
2858,206000,209917,16,0,0,fused_streaming,circular,persistent,1,1
2859,205333,209250,16,0,0,fused_streaming,circular,persistent,1,1
2860,204959,208833,16,0,0,fused_streaming,circular,persistent,1,1
2861,200500,204458,16,0,0,fused_streaming,circular,persistent,1,1
2862,200416,204333,16,0,0,fused_streaming,circular,persistent,1,1
2863,205083,208959,16,0,0,fused_streaming,circular,persistent,1,1
2864,205833,209833,16,0,0,fused_streaming,circular,persistent,1,1
2865,200292,204208,16,0,0,fused_streaming,circular,persistent,1,1
2866,205750,209667,16,0,0,fused_streaming,circular,persistent,1,1
2867,204375,208292,16,0,0,fused_streaming,circular,persistent,1,1
2868,200334,204125,16,0,0,fused_streaming,circular,persistent,1,1
2869,199917,204000,16,0,0,fused_streaming,circular,persistent,1,1
2870,204459,208334,16,0,0,fused_streaming,circular,persistent,1,1
2871,199917,208166,16,0,0,fused_streaming,circular,persistent,1,1
2872,200584,204416,16,0,0,fused_streaming,circular,persistent,1,1
2873,204917,208875,16,0,0,fused_streaming,circular,persistent,1,1
2874,205167,209041,16,0,0,fused_streaming,circular,persistent,1,1
2875,200208,204125,16,0,0,fused_streaming,circular,persistent,1,1
2876,200583,204500,16,0,0,fused_streaming,circular,persistent,1,1
2877,204833,208791,16,0,0,fused_streaming,circular,persistent,1,1
2878,200250,204167,16,0,0,fused_streaming,circular,persistent,1,1
2879,205625,209583,16,0,0,fused_streaming,circular,persistent,1,1
2880,255792,259875,16,0,0,fused_streaming,circular,persistent,1,1
2881,200750,204625,16,0,0,fused_streaming,circular,persistent,1,1
2882,204625,208500,16,0,0,fused_streaming,circular,persistent,1,1
2883,204916,208834,16,0,0,fused_streaming,circular,persistent,1,1
2884,199458,203416,16,0,0,fused_streaming,circular,persistent,1,1
2885,206500,210417,16,0,0,fused_streaming,circular,persistent,1,1
2886,204709,208750,16,0,0,fused_streaming,circular,persistent,1,1
2887,200500,204375,16,0,0,fused_streaming,circular,persistent,1,1
2888,204708,208625,16,0,0,fused_streaming,circular,persistent,1,1
2889,201125,205084,16,0,0,fused_streaming,circular,persistent,1,1
2890,200750,204959,16,0,0,fused_streaming,circular,persistent,1,1
2891,205125,209000,16,0,0,fused_streaming,circular,persistent,1,1
2892,200250,204167,16,0,0,fused_streaming,circular,persistent,1,1
2893,206625,210541,16,0,0,fused_streaming,circular,persistent,1,1
2894,205291,209292,16,0,0,fused_streaming,circular,persistent,1,1
2895,199500,203417,16,0,0,fused_streaming,circular,persistent,1,1
2896,204750,208667,16,0,0,fused_streaming,circular,persistent,1,1
2897,248166,252375,16,0,0,fused_streaming,circular,persistent,1,1
2898,200834,204750,16,0,0,fused_streaming,circular,persistent,1,1
2899,204583,208500,16,0,0,fused_streaming,circular,persistent,1,1
2900,199958,203833,16,0,0,fused_streaming,circular,persistent,1,1
2901,205417,209250,16,0,0,fused_streaming,circular,persistent,1,1
2902,205459,209333,16,0,0,fused_streaming,circular,persistent,1,1
2903,199875,203750,16,0,0,fused_streaming,circular,persistent,1,1
2904,205666,209584,16,0,0,fused_streaming,circular,persistent,1,1
2905,205083,208958,16,0,0,fused_streaming,circular,persistent,1,1
2906,201209,205125,16,0,0,fused_streaming,circular,persistent,1,1
2907,204458,208334,16,0,0,fused_streaming,circular,persistent,1,1
2908,200416,204292,16,0,0,fused_streaming,circular,persistent,1,1
2909,204583,208792,16,0,0,fused_streaming,circular,persistent,1,1
2910,206084,210000,16,0,0,fused_streaming,circular,persistent,1,1
2911,200166,203958,16,0,0,fused_streaming,circular,persistent,1,1
2912,200000,203958,16,0,0,fused_streaming,circular,persistent,1,1
2913,204917,208708,16,0,0,fused_streaming,circular,persistent,1,1
2914,208042,211917,16,0,0,fused_streaming,circular,persistent,1,1
2915,205333,209167,16,0,0,fused_streaming,circular,persistent,1,1
2916,204708,208875,16,0,0,fused_streaming,circular,persistent,1,1
2917,199917,203791,16,0,0,fused_streaming,circular,persistent,1,1
2918,205417,209333,16,0,0,fused_streaming,circular,persistent,1,1
2919,204833,208667,16,0,0,fused_streaming,circular,persistent,1,1
2920,200167,204000,16,0,0,fused_streaming,circular,persistent,1,1
2921,205417,209250,16,0,0,fused_streaming,circular,persistent,1,1
2922,205667,209584,16,0,0,fused_streaming,circular,persistent,1,1
2923,199834,203666,16,0,0,fused_streaming,circular,persistent,1,1
2924,199750,203625,16,0,0,fused_streaming,circular,persistent,1,1
2925,204791,208667,16,0,0,fused_streaming,circular,persistent,1,1
2926,206166,210083,16,0,0,fused_streaming,circular,persistent,1,1
2927,200333,204208,16,0,0,fused_streaming,circular,persistent,1,1
2928,205125,209000,16,0,0,fused_streaming,circular,persistent,1,1
2929,204666,208542,16,0,0,fused_streaming,circular,persistent,1,1
2930,200750,204625,16,0,0,fused_streaming,circular,persistent,1,1
2931,205875,209666,16,0,0,fused_streaming,circular,persistent,1,1
2932,204250,208167,16,0,0,fused_streaming,circular,persistent,1,1
2933,200084,203958,16,0,0,fused_streaming,circular,persistent,1,1
2934,206208,210167,16,0,0,fused_streaming,circular,persistent,1,1
2935,205375,209167,16,0,0,fused_streaming,circular,persistent,1,1
2936,199917,203834,16,0,0,fused_streaming,circular,persistent,1,1
2937,204833,208708,16,0,0,fused_streaming,circular,persistent,1,1
2938,251334,255416,16,0,0,fused_streaming,circular,persistent,1,1
2939,200125,203916,16,0,0,fused_streaming,circular,persistent,1,1
2940,200458,204375,16,0,0,fused_streaming,circular,persistent,1,1
2941,205000,208958,16,0,0,fused_streaming,circular,persistent,1,1
2942,250583,254750,16,0,0,fused_streaming,circular,persistent,1,1
2943,199875,203750,16,0,0,fused_streaming,circular,persistent,1,1
2944,204625,208500,16,0,0,fused_streaming,circular,persistent,1,1
2945,204917,209166,16,0,0,fused_streaming,circular,persistent,1,1
2946,200250,204167,16,0,0,fused_streaming,circular,persistent,1,1
2947,206208,210125,16,0,0,fused_streaming,circular,persistent,1,1
2948,204958,208834,16,0,0,fused_streaming,circular,persistent,1,1
2949,199834,203708,16,0,0,fused_streaming,circular,persistent,1,1
2950,204875,208709,16,0,0,fused_streaming,circular,persistent,1,1
2951,205667,209583,16,0,0,fused_streaming,circular,persistent,1,1
2952,200000,203917,16,0,0,fused_streaming,circular,persistent,1,1
2953,204917,208750,16,0,0,fused_streaming,circular,persistent,1,1
2954,205166,209042,16,0,0,fused_streaming,circular,persistent,1,1
2955,201250,205083,16,0,0,fused_streaming,circular,persistent,1,1
2956,205167,209291,16,0,0,fused_streaming,circular,persistent,1,1
2957,205083,209000,16,0,0,fused_streaming,circular,persistent,1,1
2958,200208,204083,16,0,0,fused_streaming,circular,persistent,1,1
2959,200458,204333,16,0,0,fused_streaming,circular,persistent,1,1
2960,204292,208166,16,0,0,fused_streaming,circular,persistent,1,1
2961,199292,203209,16,0,0,fused_streaming,circular,persistent,1,1
2962,204209,208041,16,0,0,fused_streaming,circular,persistent,1,1
2963,207541,212292,16,0,0,fused_streaming,circular,persistent,1,1
2964,200042,203959,16,0,0,fused_streaming,circular,persistent,1,1
2965,206833,210667,16,0,0,fused_streaming,circular,persistent,1,1
2966,219791,223625,16,0,0,fused_streaming,circular,persistent,1,1
2967,214959,218833,16,0,0,fused_streaming,circular,persistent,1,1
2968,215584,219417,16,0,0,fused_streaming,circular,persistent,1,1
2969,213333,217584,16,0,0,fused_streaming,circular,persistent,1,1
2970,222750,226625,16,0,0,fused_streaming,circular,persistent,1,1
2971,216083,219959,16,0,0,fused_streaming,circular,persistent,1,1
2972,215333,219167,16,0,0,fused_streaming,circular,persistent,1,1
2973,216375,220291,16,0,0,fused_streaming,circular,persistent,1,1
2974,216084,219958,16,0,0,fused_streaming,circular,persistent,1,1
2975,220041,223875,16,0,0,fused_streaming,circular,persistent,1,1
2976,215625,219458,16,0,0,fused_streaming,circular,persistent,1,1
2977,210209,214083,16,0,0,fused_streaming,circular,persistent,1,1
2978,213208,217042,16,0,0,fused_streaming,circular,persistent,1,1
2979,212709,216625,16,0,0,fused_streaming,circular,persistent,1,1
2980,218208,222125,16,0,0,fused_streaming,circular,persistent,1,1
2981,217333,221250,16,0,0,fused_streaming,circular,persistent,1,1
2982,201917,205792,16,0,0,fused_streaming,circular,persistent,1,1
2983,216042,220000,16,0,0,fused_streaming,circular,persistent,1,1
2984,218458,222334,16,0,0,fused_streaming,circular,persistent,1,1
2985,207166,211042,16,0,0,fused_streaming,circular,persistent,1,1
2986,207917,211833,16,0,0,fused_streaming,circular,persistent,1,1
2987,200459,204375,16,0,0,fused_streaming,circular,persistent,1,1
2988,205333,209209,16,0,0,fused_streaming,circular,persistent,1,1
2989,206500,210416,16,0,0,fused_streaming,circular,persistent,1,1
2990,214209,218208,16,0,0,fused_streaming,circular,persistent,1,1
2991,216792,220666,16,0,0,fused_streaming,circular,persistent,1,1
2992,207375,211292,16,0,0,fused_streaming,circular,persistent,1,1
2993,209875,213750,16,0,0,fused_streaming,circular,persistent,1,1
2994,213542,217375,16,0,0,fused_streaming,circular,persistent,1,1
2995,215375,219291,16,0,0,fused_streaming,circular,persistent,1,1
2996,213292,217167,16,0,0,fused_streaming,circular,persistent,1,1
2997,205833,209791,16,0,0,fused_streaming,circular,persistent,1,1
2998,205750,209625,16,0,0,fused_streaming,circular,persistent,1,1
2999,199958,203916,16,0,0,fused_streaming,circular,persistent,1,1
3000,204792,208666,16,0,0,fused_streaming,circular,persistent,1,1
3001,206083,210042,16,0,0,fused_streaming,circular,persistent,1,1
3002,200125,203917,16,0,0,fused_streaming,circular,persistent,1,1
3003,199833,203750,16,0,0,fused_streaming,circular,persistent,1,1
3004,204917,208791,16,0,0,fused_streaming,circular,persistent,1,1
3005,230792,234791,16,0,0,fused_streaming,circular,persistent,1,1
3006,199917,203875,16,0,0,fused_streaming,circular,persistent,1,1
3007,205209,209167,16,0,0,fused_streaming,circular,persistent,1,1
3008,204916,208792,16,0,0,fused_streaming,circular,persistent,1,1
3009,201167,205083,16,0,0,fused_streaming,circular,persistent,1,1
3010,204583,208417,16,0,0,fused_streaming,circular,persistent,1,1
3011,204833,208709,16,0,0,fused_streaming,circular,persistent,1,1
3012,199667,203625,16,0,0,fused_streaming,circular,persistent,1,1
3013,250125,254250,16,0,0,fused_streaming,circular,persistent,1,1
3014,209083,213083,16,0,0,fused_streaming,circular,persistent,1,1
3015,212625,216583,16,0,0,fused_streaming,circular,persistent,1,1
3016,216083,219917,16,0,0,fused_streaming,circular,persistent,1,1
3017,203083,207084,16,0,0,fused_streaming,circular,persistent,1,1
3018,216792,220667,16,0,0,fused_streaming,circular,persistent,1,1
3019,210208,214083,16,0,0,fused_streaming,circular,persistent,1,1
3020,213959,217875,16,0,0,fused_streaming,circular,persistent,1,1
3021,200541,204500,16,0,0,fused_streaming,circular,persistent,1,1
3022,205625,209750,16,0,0,fused_streaming,circular,persistent,1,1
3023,208292,212209,16,0,0,fused_streaming,circular,persistent,1,1
3024,216125,220000,16,0,0,fused_streaming,circular,persistent,1,1
3025,214125,218084,16,0,0,fused_streaming,circular,persistent,1,1
3026,204583,208541,16,0,0,fused_streaming,circular,persistent,1,1
3027,201750,205625,16,0,0,fused_streaming,circular,persistent,1,1
3028,220625,224541,16,0,0,fused_streaming,circular,persistent,1,1
3029,213708,217667,16,0,0,fused_streaming,circular,persistent,1,1
3030,217458,221458,16,0,0,fused_streaming,circular,persistent,1,1
3031,205041,209208,16,0,0,fused_streaming,circular,persistent,1,1
3032,200958,204833,16,0,0,fused_streaming,circular,persistent,1,1
3033,200208,204167,16,0,0,fused_streaming,circular,persistent,1,1
3034,208833,212791,16,0,0,fused_streaming,circular,persistent,1,1
3035,216000,219833,16,0,0,fused_streaming,circular,persistent,1,1
3036,210292,214208,16,0,0,fused_streaming,circular,persistent,1,1
3037,263959,268000,16,0,0,fused_streaming,circular,persistent,1,1
3038,210667,214541,16,0,0,fused_streaming,circular,persistent,1,1
3039,215084,218916,16,0,0,fused_streaming,circular,persistent,1,1
3040,216000,219875,16,0,0,fused_streaming,circular,persistent,1,1
3041,215375,219542,16,0,0,fused_streaming,circular,persistent,1,1
3042,217458,221375,16,0,0,fused_streaming,circular,persistent,1,1
3043,219292,223125,16,0,0,fused_streaming,circular,persistent,1,1
3044,211500,215417,16,0,0,fused_streaming,circular,persistent,1,1
3045,205166,209083,16,0,0,fused_streaming,circular,persistent,1,1
3046,205125,209083,16,0,0,fused_streaming,circular,persistent,1,1
3047,257375,261542,16,0,0,fused_streaming,circular,persistent,1,1
3048,205167,209333,16,0,0,fused_streaming,circular,persistent,1,1
3049,200000,203917,16,0,0,fused_streaming,circular,persistent,1,1
3050,216417,220333,16,0,0,fused_streaming,circular,persistent,1,1
3051,219167,223042,16,0,0,fused_streaming,circular,persistent,1,1
3052,216833,220750,16,0,0,fused_streaming,circular,persistent,1,1
3053,209459,213291,16,0,0,fused_streaming,circular,persistent,1,1
3054,207833,211750,16,0,0,fused_streaming,circular,persistent,1,1
3055,262708,266959,16,0,0,fused_streaming,circular,persistent,1,1
3056,218167,222083,16,0,0,fused_streaming,circular,persistent,1,1
3057,203333,211875,16,0,0,fused_streaming,circular,persistent,1,1
3058,220041,223958,16,0,0,fused_streaming,circular,persistent,1,1
3059,218792,222666,16,0,0,fused_streaming,circular,persistent,1,1
3060,213917,217833,16,0,0,fused_streaming,circular,persistent,1,1
3061,218458,222375,16,0,0,fused_streaming,circular,persistent,1,1
3062,207959,211958,16,0,0,fused_streaming,circular,persistent,1,1
3063,206625,210542,16,0,0,fused_streaming,circular,persistent,1,1
3064,199958,208250,16,0,0,fused_streaming,circular,persistent,1,1
3065,200333,204292,16,0,0,fused_streaming,circular,persistent,1,1
3066,206000,209917,16,0,0,fused_streaming,circular,persistent,1,1
3067,204125,208209,16,0,0,fused_streaming,circular,persistent,1,1
3068,200250,204125,16,0,0,fused_streaming,circular,persistent,1,1
3069,209584,213542,16,0,0,fused_streaming,circular,persistent,1,1
3070,216958,220833,16,0,0,fused_streaming,circular,persistent,1,1
3071,211500,215375,16,0,0,fused_streaming,circular,persistent,1,1
3072,213625,217542,16,0,0,fused_streaming,circular,persistent,1,1
3073,200458,204334,16,0,0,fused_streaming,circular,persistent,1,1
3074,206500,210459,16,0,0,fused_streaming,circular,persistent,1,1
3075,217458,221375,16,0,0,fused_streaming,circular,persistent,1,1
3076,251167,255208,16,0,0,fused_streaming,circular,persistent,1,1
3077,200917,204917,16,0,0,fused_streaming,circular,persistent,1,1
3078,204625,208500,16,0,0,fused_streaming,circular,persistent,1,1
3079,200000,203916,16,0,0,fused_streaming,circular,persistent,1,1
3080,252333,256875,16,0,0,fused_streaming,circular,persistent,1,1
3081,205834,209708,16,0,0,fused_streaming,circular,persistent,1,1
3082,200125,204042,16,0,0,fused_streaming,circular,persistent,1,1
3083,204750,208625,16,0,0,fused_streaming,circular,persistent,1,1
3084,199959,203833,16,0,0,fused_streaming,circular,persistent,1,1
3085,200333,204333,16,0,0,fused_streaming,circular,persistent,1,1
3086,204834,208750,16,0,0,fused_streaming,circular,persistent,1,1
3087,199666,203583,16,0,0,fused_streaming,circular,persistent,1,1
3088,200208,204416,16,0,0,fused_streaming,circular,persistent,1,1
3089,205250,209250,16,0,0,fused_streaming,circular,persistent,1,1
3090,200625,204500,16,0,0,fused_streaming,circular,persistent,1,1
3091,205375,209208,16,0,0,fused_streaming,circular,persistent,1,1
3092,205125,209000,16,0,0,fused_streaming,circular,persistent,1,1
3093,201125,205042,16,0,0,fused_streaming,circular,persistent,1,1
3094,204833,208708,16,0,0,fused_streaming,circular,persistent,1,1
3095,199125,203000,16,0,0,fused_streaming,circular,persistent,1,1
3096,199833,203750,16,0,0,fused_streaming,circular,persistent,1,1
3097,249167,253292,16,0,0,fused_streaming,circular,persistent,1,1
3098,200292,204208,16,0,0,fused_streaming,circular,persistent,1,1
3099,205125,209000,16,0,0,fused_streaming,circular,persistent,1,1
3100,204667,208542,16,0,0,fused_streaming,circular,persistent,1,1
3101,200292,204167,16,0,0,fused_streaming,circular,persistent,1,1
3102,206167,210084,16,0,0,fused_streaming,circular,persistent,1,1
3103,205250,209375,16,0,0,fused_streaming,circular,persistent,1,1
3104,200167,204041,16,0,0,fused_streaming,circular,persistent,1,1
3105,205167,209041,16,0,0,fused_streaming,circular,persistent,1,1
3106,205584,209542,16,0,0,fused_streaming,circular,persistent,1,1
3107,200291,204167,16,0,0,fused_streaming,circular,persistent,1,1
3108,205416,209292,16,0,0,fused_streaming,circular,persistent,1,1
3109,205333,209167,16,0,0,fused_streaming,circular,persistent,1,1
3110,201042,204917,16,0,0,fused_streaming,circular,persistent,1,1
3111,205708,209667,16,0,0,fused_streaming,circular,persistent,1,1
3112,205166,209042,16,0,0,fused_streaming,circular,persistent,1,1
3113,199583,203458,16,0,0,fused_streaming,circular,persistent,1,1
3114,207625,211542,16,0,0,fused_streaming,circular,persistent,1,1
3115,205333,209167,16,0,0,fused_streaming,circular,persistent,1,1
3116,199750,203583,16,0,0,fused_streaming,circular,persistent,1,1
3117,199542,203458,16,0,0,fused_streaming,circular,persistent,1,1
3118,207958,211834,16,0,0,fused_streaming,circular,persistent,1,1
3119,200792,204709,16,0,0,fused_streaming,circular,persistent,1,1
3120,199917,204084,16,0,0,fused_streaming,circular,persistent,1,1
3121,204625,208500,16,0,0,fused_streaming,circular,persistent,1,1
3122,246208,250208,16,0,0,fused_streaming,circular,persistent,1,1
3123,200709,204625,16,0,0,fused_streaming,circular,persistent,1,1
3124,205125,208958,16,0,0,fused_streaming,circular,persistent,1,1
3125,199417,203333,16,0,0,fused_streaming,circular,persistent,1,1
3126,204792,208625,16,0,0,fused_streaming,circular,persistent,1,1
3127,205833,209792,16,0,0,fused_streaming,circular,persistent,1,1
3128,204875,208750,16,0,0,fused_streaming,circular,persistent,1,1
3129,200250,204125,16,0,0,fused_streaming,circular,persistent,1,1
3130,204666,208542,16,0,0,fused_streaming,circular,persistent,1,1
3131,205041,209000,16,0,0,fused_streaming,circular,persistent,1,1
3132,200125,204042,16,0,0,fused_streaming,circular,persistent,1,1
3133,205292,209291,16,0,0,fused_streaming,circular,persistent,1,1
3134,204542,208417,16,0,0,fused_streaming,circular,persistent,1,1
3135,200375,204667,16,0,0,fused_streaming,circular,persistent,1,1
3136,204792,208708,16,0,0,fused_streaming,circular,persistent,1,1
3137,204708,208584,16,0,0,fused_streaming,circular,persistent,1,1
3138,200209,204042,16,0,0,fused_streaming,circular,persistent,1,1
3139,206292,210291,16,0,0,fused_streaming,circular,persistent,1,1
3140,204375,208208,16,0,0,fused_streaming,circular,persistent,1,1
3141,200042,204000,16,0,0,fused_streaming,circular,persistent,1,1
3142,204500,208375,16,0,0,fused_streaming,circular,persistent,1,1
3143,206750,210708,16,0,0,fused_streaming,circular,persistent,1,1
3144,200292,204125,16,0,0,fused_streaming,circular,persistent,1,1
3145,200167,204083,16,0,0,fused_streaming,circular,persistent,1,1
3146,204625,208458,16,0,0,fused_streaming,circular,persistent,1,1
3147,255667,259834,16,0,0,fused_streaming,circular,persistent,1,1
3148,200208,204375,16,0,0,fused_streaming,circular,persistent,1,1
3149,204792,208625,16,0,0,fused_streaming,circular,persistent,1,1
3150,200375,204250,16,0,0,fused_streaming,circular,persistent,1,1
3151,244083,248125,16,0,0,fused_streaming,circular,persistent,1,1
3152,205458,209416,16,0,0,fused_streaming,circular,persistent,1,1
3153,204625,208500,16,0,0,fused_streaming,circular,persistent,1,1
3154,200125,204000,16,0,0,fused_streaming,circular,persistent,1,1
3155,205000,208875,16,0,0,fused_streaming,circular,persistent,1,1
3156,204917,208792,16,0,0,fused_streaming,circular,persistent,1,1
3157,199792,203667,16,0,0,fused_streaming,circular,persistent,1,1
3158,205708,209583,16,0,0,fused_streaming,circular,persistent,1,1
3159,204667,208541,16,0,0,fused_streaming,circular,persistent,1,1
3160,200041,203917,16,0,0,fused_streaming,circular,persistent,1,1
3161,204667,208500,16,0,0,fused_streaming,circular,persistent,1,1
3162,204792,208667,16,0,0,fused_streaming,circular,persistent,1,1
3163,199375,203208,16,0,0,fused_streaming,circular,persistent,1,1
3164,200667,204584,16,0,0,fused_streaming,circular,persistent,1,1
3165,204875,208708,16,0,0,fused_streaming,circular,persistent,1,1
3166,200292,204167,16,0,0,fused_streaming,circular,persistent,1,1
3167,205500,209333,16,0,0,fused_streaming,circular,persistent,1,1
3168,207000,211000,16,0,0,fused_streaming,circular,persistent,1,1
3169,200500,204417,16,0,0,fused_streaming,circular,persistent,1,1
3170,205125,209000,16,0,0,fused_streaming,circular,persistent,1,1
3171,204708,208583,16,0,0,fused_streaming,circular,persistent,1,1
3172,265667,269666,16,0,0,fused_streaming,circular,persistent,1,1
3173,199500,203375,16,0,0,fused_streaming,circular,persistent,1,1
3174,204292,208166,16,0,0,fused_streaming,circular,persistent,1,1
3175,199792,203750,16,0,0,fused_streaming,circular,persistent,1,1
3176,265375,269500,16,0,0,fused_streaming,circular,persistent,1,1
3177,205292,209166,16,0,0,fused_streaming,circular,persistent,1,1
3178,199625,203542,16,0,0,fused_streaming,circular,persistent,1,1
3179,204667,208666,16,0,0,fused_streaming,circular,persistent,1,1
3180,205000,208917,16,0,0,fused_streaming,circular,persistent,1,1
3181,200958,204792,16,0,0,fused_streaming,circular,persistent,1,1
3182,200084,204291,16,0,0,fused_streaming,circular,persistent,1,1
3183,204708,208625,16,0,0,fused_streaming,circular,persistent,1,1
3184,199542,203667,16,0,0,fused_streaming,circular,persistent,1,1
3185,201166,205041,16,0,0,fused_streaming,circular,persistent,1,1
3186,205084,209000,16,0,0,fused_streaming,circular,persistent,1,1
3187,199458,203375,16,0,0,fused_streaming,circular,persistent,1,1
3188,205125,209042,16,0,0,fused_streaming,circular,persistent,1,1
3189,206958,211041,16,0,0,fused_streaming,circular,persistent,1,1
3190,200750,204584,16,0,0,fused_streaming,circular,persistent,1,1
3191,200333,204250,16,0,0,fused_streaming,circular,persistent,1,1
3192,204916,208792,16,0,0,fused_streaming,circular,persistent,1,1
3193,205916,209917,16,0,0,fused_streaming,circular,persistent,1,1
3194,200875,204792,16,0,0,fused_streaming,circular,persistent,1,1
3195,204834,208708,16,0,0,fused_streaming,circular,persistent,1,1
3196,204333,208209,16,0,0,fused_streaming,circular,persistent,1,1
3197,201291,205334,16,0,0,fused_streaming,circular,persistent,1,1
3198,205250,209208,16,0,0,fused_streaming,circular,persistent,1,1
3199,205167,209041,16,0,0,fused_streaming,circular,persistent,1,1
3200,199666,203584,16,0,0,fused_streaming,circular,persistent,1,1
3201,248125,252500,16,0,0,fused_streaming,circular,persistent,1,1
3202,205208,209500,16,0,0,fused_streaming,circular,persistent,1,1
3203,200042,203958,16,0,0,fused_streaming,circular,persistent,1,1
3204,204833,208708,16,0,0,fused_streaming,circular,persistent,1,1
3205,199875,203792,16,0,0,fused_streaming,circular,persistent,1,1
3206,200250,204167,16,0,0,fused_streaming,circular,persistent,1,1
3207,204959,208833,16,0,0,fused_streaming,circular,persistent,1,1
3208,204500,208333,16,0,0,fused_streaming,circular,persistent,1,1
3209,200000,203917,16,0,0,fused_streaming,circular,persistent,1,1
3210,206500,210417,16,0,0,fused_streaming,circular,persistent,1,1
3211,204833,208750,16,0,0,fused_streaming,circular,persistent,1,1
3212,199625,203583,16,0,0,fused_streaming,circular,persistent,1,1
3213,205666,209542,16,0,0,fused_streaming,circular,persistent,1,1
3214,206000,209917,16,0,0,fused_streaming,circular,persistent,1,1
3215,200083,203959,16,0,0,fused_streaming,circular,persistent,1,1
3216,199750,203917,16,0,0,fused_streaming,circular,persistent,1,1
3217,205166,209000,16,0,0,fused_streaming,circular,persistent,1,1
3218,201167,205042,16,0,0,fused_streaming,circular,persistent,1,1
3219,200625,204583,16,0,0,fused_streaming,circular,persistent,1,1
3220,205250,209125,16,0,0,fused_streaming,circular,persistent,1,1
3221,200333,204208,16,0,0,fused_streaming,circular,persistent,1,1
3222,200666,204625,16,0,0,fused_streaming,circular,persistent,1,1
3223,204833,208750,16,0,0,fused_streaming,circular,persistent,1,1
3224,201083,205000,16,0,0,fused_streaming,circular,persistent,1,1
3225,200834,204708,16,0,0,fused_streaming,circular,persistent,1,1
3226,261625,266208,16,0,0,fused_streaming,circular,persistent,1,1
3227,205208,209084,16,0,0,fused_streaming,circular,persistent,1,1
3228,199667,203541,16,0,0,fused_streaming,circular,persistent,1,1
3229,200583,204750,16,0,0,fused_streaming,circular,persistent,1,1
3230,247208,251458,16,0,0,fused_streaming,circular,persistent,1,1
3231,199625,203583,16,0,0,fused_streaming,circular,persistent,1,1
3232,205125,209333,16,0,0,fused_streaming,circular,persistent,1,1
3233,205667,209541,16,0,0,fused_streaming,circular,persistent,1,1
3234,200250,204209,16,0,0,fused_streaming,circular,persistent,1,1
3235,200833,204750,16,0,0,fused_streaming,circular,persistent,1,1
3236,204375,208292,16,0,0,fused_streaming,circular,persistent,1,1
3237,200125,204041,16,0,0,fused_streaming,circular,persistent,1,1
3238,204459,208708,16,0,0,fused_streaming,circular,persistent,1,1
3239,205000,208916,16,0,0,fused_streaming,circular,persistent,1,1
3240,199917,203792,16,0,0,fused_streaming,circular,persistent,1,1
3241,200000,204208,16,0,0,fused_streaming,circular,persistent,1,1
3242,204500,208417,16,0,0,fused_streaming,circular,persistent,1,1
3243,201541,205500,16,0,0,fused_streaming,circular,persistent,1,1
3244,208917,212792,16,0,0,fused_streaming,circular,persistent,1,1
3245,205875,209917,16,0,0,fused_streaming,circular,persistent,1,1
3246,205125,209041,16,0,0,fused_streaming,circular,persistent,1,1
3247,206250,210333,16,0,0,fused_streaming,circular,persistent,1,1
3248,200083,204000,16,0,0,fused_streaming,circular,persistent,1,1
3249,205166,209042,16,0,0,fused_streaming,circular,persistent,1,1
3250,205541,209542,16,0,0,fused_streaming,circular,persistent,1,1
3251,199542,203500,16,0,0,fused_streaming,circular,persistent,1,1
3252,204583,208583,16,0,0,fused_streaming,circular,persistent,1,1
3253,204250,208125,16,0,0,fused_streaming,circular,persistent,1,1
3254,200417,204375,16,0,0,fused_streaming,circular,persistent,1,1
3255,199750,203791,16,0,0,fused_streaming,circular,persistent,1,1
3256,205041,208958,16,0,0,fused_streaming,circular,persistent,1,1
3257,200709,204625,16,0,0,fused_streaming,circular,persistent,1,1
3258,248333,252375,16,0,0,fused_streaming,circular,persistent,1,1
3259,206125,210084,16,0,0,fused_streaming,circular,persistent,1,1
3260,204792,209000,16,0,0,fused_streaming,circular,persistent,1,1
3261,200625,204584,16,0,0,fused_streaming,circular,persistent,1,1
3262,249875,253958,16,0,0,fused_streaming,circular,persistent,1,1
3263,205666,209542,16,0,0,fused_streaming,circular,persistent,1,1
3264,199958,203875,16,0,0,fused_streaming,circular,persistent,1,1
3265,204542,208416,16,0,0,fused_streaming,circular,persistent,1,1
3266,200208,204042,16,0,0,fused_streaming,circular,persistent,1,1
3267,201000,205042,16,0,0,fused_streaming,circular,persistent,1,1
3268,204833,208708,16,0,0,fused_streaming,circular,persistent,1,1
3269,199959,203958,16,0,0,fused_streaming,circular,persistent,1,1
3270,204916,208792,16,0,0,fused_streaming,circular,persistent,1,1
3271,206125,210083,16,0,0,fused_streaming,circular,persistent,1,1
3272,199750,203667,16,0,0,fused_streaming,circular,persistent,1,1
3273,204542,208416,16,0,0,fused_streaming,circular,persistent,1,1
3274,200209,204167,16,0,0,fused_streaming,circular,persistent,1,1
3275,206584,210625,16,0,0,fused_streaming,circular,persistent,1,1
3276,204500,208375,16,0,0,fused_streaming,circular,persistent,1,1
3277,199709,203584,16,0,0,fused_streaming,circular,persistent,1,1
3278,204458,208375,16,0,0,fused_streaming,circular,persistent,1,1
3279,251667,256208,16,0,0,fused_streaming,circular,persistent,1,1
3280,200416,204375,16,0,0,fused_streaming,circular,persistent,1,1
3281,204875,208792,16,0,0,fused_streaming,circular,persistent,1,1
3282,205291,209167,16,0,0,fused_streaming,circular,persistent,1,1
3283,200625,204542,16,0,0,fused_streaming,circular,persistent,1,1
3284,205583,209417,16,0,0,fused_streaming,circular,persistent,1,1
3285,204791,208667,16,0,0,fused_streaming,circular,persistent,1,1
3286,200083,204042,16,0,0,fused_streaming,circular,persistent,1,1
3287,204875,209000,16,0,0,fused_streaming,circular,persistent,1,1
3288,206291,210208,16,0,0,fused_streaming,circular,persistent,1,1
3289,199666,203583,16,0,0,fused_streaming,circular,persistent,1,1
3290,200208,204084,16,0,0,fused_streaming,circular,persistent,1,1
3291,204292,208166,16,0,0,fused_streaming,circular,persistent,1,1
3292,205625,209500,16,0,0,fused_streaming,circular,persistent,1,1
3293,199959,203834,16,0,0,fused_streaming,circular,persistent,1,1
3294,205583,209417,16,0,0,fused_streaming,circular,persistent,1,1
3295,204958,208833,16,0,0,fused_streaming,circular,persistent,1,1
3296,201042,204959,16,0,0,fused_streaming,circular,persistent,1,1
3297,205083,208917,16,0,0,fused_streaming,circular,persistent,1,1
3298,205000,208833,16,0,0,fused_streaming,circular,persistent,1,1
3299,199916,203833,16,0,0,fused_streaming,circular,persistent,1,1
3300,201000,205375,16,0,0,fused_streaming,circular,persistent,1,1
3301,204875,208709,16,0,0,fused_streaming,circular,persistent,1,1
3302,199875,203791,16,0,0,fused_streaming,circular,persistent,1,1
3303,204417,208250,16,0,0,fused_streaming,circular,persistent,1,1
3304,251625,255666,16,0,0,fused_streaming,circular,persistent,1,1
3305,200584,204791,16,0,0,fused_streaming,circular,persistent,1,1
3306,205000,208834,16,0,0,fused_streaming,circular,persistent,1,1
3307,204959,208792,16,0,0,fused_streaming,circular,persistent,1,1
3308,199834,203750,16,0,0,fused_streaming,circular,persistent,1,1
3309,206375,210208,16,0,0,fused_streaming,circular,persistent,1,1
3310,200333,204458,16,0,0,fused_streaming,circular,persistent,1,1
3311,205042,208833,16,0,0,fused_streaming,circular,persistent,1,1
3312,204583,208458,16,0,0,fused_streaming,circular,persistent,1,1
3313,200500,204333,16,0,0,fused_streaming,circular,persistent,1,1
3314,204666,208500,16,0,0,fused_streaming,circular,persistent,1,1
3315,200333,204167,16,0,0,fused_streaming,circular,persistent,1,1
3316,204875,208750,16,0,0,fused_streaming,circular,persistent,1,1
3317,207417,211334,16,0,0,fused_streaming,circular,persistent,1,1
3318,200167,204084,16,0,0,fused_streaming,circular,persistent,1,1
3319,205458,209334,16,0,0,fused_streaming,circular,persistent,1,1
3320,200333,204083,16,0,0,fused_streaming,circular,persistent,1,1
3321,247709,251792,16,0,0,fused_streaming,circular,persistent,1,1
3322,204583,208459,16,0,0,fused_streaming,circular,persistent,1,1
3323,199791,203625,16,0,0,fused_streaming,circular,persistent,1,1
3324,205083,208875,16,0,0,fused_streaming,circular,persistent,1,1
3325,205625,209500,16,0,0,fused_streaming,circular,persistent,1,1
3326,200625,204458,16,0,0,fused_streaming,circular,persistent,1,1
3327,205250,209167,16,0,0,fused_streaming,circular,persistent,1,1
3328,204417,208292,16,0,0,fused_streaming,circular,persistent,1,1
3329,199750,203667,16,0,0,fused_streaming,circular,persistent,1,1
3330,201209,205000,16,0,0,fused_streaming,circular,persistent,1,1
3331,205042,208916,16,0,0,fused_streaming,circular,persistent,1,1
3332,199667,203584,16,0,0,fused_streaming,circular,persistent,1,1
3333,200292,204208,16,0,0,fused_streaming,circular,persistent,1,1
3334,206125,210084,16,0,0,fused_streaming,circular,persistent,1,1
3335,204333,208500,16,0,0,fused_streaming,circular,persistent,1,1
3336,200250,204208,16,0,0,fused_streaming,circular,persistent,1,1
3337,204375,208250,16,0,0,fused_streaming,circular,persistent,1,1
3338,205333,209167,16,0,0,fused_streaming,circular,persistent,1,1
3339,199916,203875,16,0,0,fused_streaming,circular,persistent,1,1
3340,205584,209458,16,0,0,fused_streaming,circular,persistent,1,1
3341,204750,208625,16,0,0,fused_streaming,circular,persistent,1,1
3342,200334,204291,16,0,0,fused_streaming,circular,persistent,1,1
3343,204958,208917,16,0,0,fused_streaming,circular,persistent,1,1
3344,205166,209042,16,0,0,fused_streaming,circular,persistent,1,1
3345,200667,204500,16,0,0,fused_streaming,circular,persistent,1,1
3346,201500,205375,16,0,0,fused_streaming,circular,persistent,1,1
3347,204458,208375,16,0,0,fused_streaming,circular,persistent,1,1
3348,205125,209000,16,0,0,fused_streaming,circular,persistent,1,1
3349,200167,204041,16,0,0,fused_streaming,circular,persistent,1,1
3350,248250,252292,16,0,0,fused_streaming,circular,persistent,1,1
3351,201000,204875,16,0,0,fused_streaming,circular,persistent,1,1
3352,204708,208875,16,0,0,fused_streaming,circular,persistent,1,1
3353,204917,208750,16,0,0,fused_streaming,circular,persistent,1,1
3354,199459,203333,16,0,0,fused_streaming,circular,persistent,1,1
3355,206166,210084,16,0,0,fused_streaming,circular,persistent,1,1
3356,204834,208625,16,0,0,fused_streaming,circular,persistent,1,1
3357,199541,203417,16,0,0,fused_streaming,circular,persistent,1,1
3358,204375,208250,16,0,0,fused_streaming,circular,persistent,1,1
3359,200041,203875,16,0,0,fused_streaming,circular,persistent,1,1
3360,205042,208916,16,0,0,fused_streaming,circular,persistent,1,1
3361,205042,208875,16,0,0,fused_streaming,circular,persistent,1,1
3362,200042,203958,16,0,0,fused_streaming,circular,persistent,1,1
3363,200667,204584,16,0,0,fused_streaming,circular,persistent,1,1
3364,205375,209250,16,0,0,fused_streaming,circular,persistent,1,1
3365,200250,204334,16,0,0,fused_streaming,circular,persistent,1,1
3366,200125,204042,16,0,0,fused_streaming,circular,persistent,1,1
3367,207292,211250,16,0,0,fused_streaming,circular,persistent,1,1
3368,205583,209417,16,0,0,fused_streaming,circular,persistent,1,1
3369,199541,203458,16,0,0,fused_streaming,circular,persistent,1,1
3370,205292,209208,16,0,0,fused_streaming,circular,persistent,1,1
3371,241750,245792,16,0,0,fused_streaming,circular,persistent,1,1
3372,200958,204875,16,0,0,fused_streaming,circular,persistent,1,1
3373,204834,208708,16,0,0,fused_streaming,circular,persistent,1,1
3374,200666,204625,16,0,0,fused_streaming,circular,persistent,1,1
3375,205042,208917,16,0,0,fused_streaming,circular,persistent,1,1
3376,205000,209042,16,0,0,fused_streaming,circular,persistent,1,1
3377,200167,204084,16,0,0,fused_streaming,circular,persistent,1,1
3378,205250,209125,16,0,0,fused_streaming,circular,persistent,1,1
3379,200208,204084,16,0,0,fused_streaming,circular,persistent,1,1
3380,200834,204708,16,0,0,fused_streaming,circular,persistent,1,1
3381,205125,209000,16,0,0,fused_streaming,circular,persistent,1,1
3382,200625,204458,16,0,0,fused_streaming,circular,persistent,1,1
3383,204834,208875,16,0,0,fused_streaming,circular,persistent,1,1
3384,206583,210542,16,0,0,fused_streaming,circular,persistent,1,1
3385,199500,203417,16,0,0,fused_streaming,circular,persistent,1,1
3386,204625,208542,16,0,0,fused_streaming,circular,persistent,1,1
3387,204750,208583,16,0,0,fused_streaming,circular,persistent,1,1
3388,201166,205417,16,0,0,fused_streaming,circular,persistent,1,1
3389,200541,204500,16,0,0,fused_streaming,circular,persistent,1,1
3390,204708,208584,16,0,0,fused_streaming,circular,persistent,1,1
3391,200750,204625,16,0,0,fused_streaming,circular,persistent,1,1
3392,243583,247625,16,0,0,fused_streaming,circular,persistent,1,1
3393,205250,209209,16,0,0,fused_streaming,circular,persistent,1,1
3394,204583,208541,16,0,0,fused_streaming,circular,persistent,1,1
3395,200042,204000,16,0,0,fused_streaming,circular,persistent,1,1
3396,205000,208958,16,0,0,fused_streaming,circular,persistent,1,1
3397,206208,210125,16,0,0,fused_streaming,circular,persistent,1,1
3398,199709,203666,16,0,0,fused_streaming,circular,persistent,1,1
3399,205750,209875,16,0,0,fused_streaming,circular,persistent,1,1
3400,205208,209083,16,0,0,fused_streaming,circular,persistent,1,1
3401,200500,204458,16,0,0,fused_streaming,circular,persistent,1,1
3402,204875,209125,16,0,0,fused_streaming,circular,persistent,1,1
3403,205666,209500,16,0,0,fused_streaming,circular,persistent,1,1
3404,200000,203917,16,0,0,fused_streaming,circular,persistent,1,1
3405,206250,210125,16,0,0,fused_streaming,circular,persistent,1,1
3406,205458,209375,16,0,0,fused_streaming,circular,persistent,1,1
3407,200250,204125,16,0,0,fused_streaming,circular,persistent,1,1
3408,199708,203666,16,0,0,fused_streaming,circular,persistent,1,1
3409,205250,209250,16,0,0,fused_streaming,circular,persistent,1,1
3410,200916,209292,16,0,0,fused_streaming,circular,persistent,1,1
3411,199667,203584,16,0,0,fused_streaming,circular,persistent,1,1
3412,206041,209917,16,0,0,fused_streaming,circular,persistent,1,1
3413,206291,210333,16,0,0,fused_streaming,circular,persistent,1,1
3414,200000,204000,16,0,0,fused_streaming,circular,persistent,1,1
3415,204708,208625,16,0,0,fused_streaming,circular,persistent,1,1
3416,204625,208500,16,0,0,fused_streaming,circular,persistent,1,1
3417,201708,205708,16,0,0,fused_streaming,circular,persistent,1,1
3418,205000,208916,16,0,0,fused_streaming,circular,persistent,1,1
3419,205000,208875,16,0,0,fused_streaming,circular,persistent,1,1
3420,199834,203833,16,0,0,fused_streaming,circular,persistent,1,1
3421,260958,265250,16,0,0,fused_streaming,circular,persistent,1,1
3422,205625,209625,16,0,0,fused_streaming,circular,persistent,1,1
3423,199583,203500,16,0,0,fused_streaming,circular,persistent,1,1
3424,200208,204125,16,0,0,fused_streaming,circular,persistent,1,1
3425,204917,208792,16,0,0,fused_streaming,circular,persistent,1,1
3426,204958,208917,16,0,0,fused_streaming,circular,persistent,1,1
3427,200166,204083,16,0,0,fused_streaming,circular,persistent,1,1
3428,204750,208625,16,0,0,fused_streaming,circular,persistent,1,1
3429,204917,208917,16,0,0,fused_streaming,circular,persistent,1,1
3430,201083,204917,16,0,0,fused_streaming,circular,persistent,1,1
3431,204917,208833,16,0,0,fused_streaming,circular,persistent,1,1
3432,204667,208542,16,0,0,fused_streaming,circular,persistent,1,1
3433,199666,203625,16,0,0,fused_streaming,circular,persistent,1,1
3434,201209,205208,16,0,0,fused_streaming,circular,persistent,1,1
3435,205750,209667,16,0,0,fused_streaming,circular,persistent,1,1
3436,200833,204708,16,0,0,fused_streaming,circular,persistent,1,1
3437,200667,204666,16,0,0,fused_streaming,circular,persistent,1,1
3438,206208,210084,16,0,0,fused_streaming,circular,persistent,1,1
3439,208417,212334,16,0,0,fused_streaming,circular,persistent,1,1
3440,267209,271708,16,0,0,fused_streaming,circular,persistent,1,1
3441,205333,209250,16,0,0,fused_streaming,circular,persistent,1,1
3442,200250,204250,16,0,0,fused_streaming,circular,persistent,1,1
3443,205208,209042,16,0,0,fused_streaming,circular,persistent,1,1
3444,200292,204459,16,0,0,fused_streaming,circular,persistent,1,1
3445,200042,203958,16,0,0,fused_streaming,circular,persistent,1,1
3446,204958,208833,16,0,0,fused_streaming,circular,persistent,1,1
3447,205000,209250,16,0,0,fused_streaming,circular,persistent,1,1
3448,199750,203666,16,0,0,fused_streaming,circular,persistent,1,1
3449,205333,209292,16,0,0,fused_streaming,circular,persistent,1,1
3450,199834,203708,16,0,0,fused_streaming,circular,persistent,1,1
3451,205042,208916,16,0,0,fused_streaming,circular,persistent,1,1
3452,204583,208458,16,0,0,fused_streaming,circular,persistent,1,1
3453,200125,204041,16,0,0,fused_streaming,circular,persistent,1,1
3454,205167,209041,16,0,0,fused_streaming,circular,persistent,1,1
3455,206167,210000,16,0,0,fused_streaming,circular,persistent,1,1
3456,199959,203875,16,0,0,fused_streaming,circular,persistent,1,1
3457,206500,210500,16,0,0,fused_streaming,circular,persistent,1,1
3458,205125,209042,16,0,0,fused_streaming,circular,persistent,1,1
3459,199917,203833,16,0,0,fused_streaming,circular,persistent,1,1
3460,204875,208916,16,0,0,fused_streaming,circular,persistent,1,1
3461,249084,253375,16,0,0,fused_streaming,circular,persistent,1,1
3462,201083,205084,16,0,0,fused_streaming,circular,persistent,1,1
3463,205584,209458,16,0,0,fused_streaming,circular,persistent,1,1
3464,200458,204292,16,0,0,fused_streaming,circular,persistent,1,1
3465,204583,208500,16,0,0,fused_streaming,circular,persistent,1,1
3466,206041,209959,16,0,0,fused_streaming,circular,persistent,1,1
3467,205000,208917,16,0,0,fused_streaming,circular,persistent,1,1
3468,200291,204209,16,0,0,fused_streaming,circular,persistent,1,1
3469,205000,208875,16,0,0,fused_streaming,circular,persistent,1,1
3470,200042,203875,16,0,0,fused_streaming,circular,persistent,1,1
3471,199959,203916,16,0,0,fused_streaming,circular,persistent,1,1
3472,204916,208792,16,0,0,fused_streaming,circular,persistent,1,1
3473,199958,203875,16,0,0,fused_streaming,circular,persistent,1,1
3474,206750,210875,16,0,0,fused_streaming,circular,persistent,1,1
3475,204750,208667,16,0,0,fused_streaming,circular,persistent,1,1
3476,199583,203500,16,0,0,fused_streaming,circular,persistent,1,1
3477,205084,209000,16,0,0,fused_streaming,circular,persistent,1,1
3478,206334,210250,16,0,0,fused_streaming,circular,persistent,1,1
3479,200292,204250,16,0,0,fused_streaming,circular,persistent,1,1
3480,204417,208250,16,0,0,fused_streaming,circular,persistent,1,1
3481,204791,208709,16,0,0,fused_streaming,circular,persistent,1,1
3482,244250,249000,16,0,0,fused_streaming,circular,persistent,1,1
3483,205667,209625,16,0,0,fused_streaming,circular,persistent,1,1
3484,200041,203917,16,0,0,fused_streaming,circular,persistent,1,1
3485,204917,208792,16,0,0,fused_streaming,circular,persistent,1,1
3486,204875,209042,16,0,0,fused_streaming,circular,persistent,1,1
3487,200583,204417,16,0,0,fused_streaming,circular,persistent,1,1
3488,205291,209167,16,0,0,fused_streaming,circular,persistent,1,1
3489,205375,209250,16,0,0,fused_streaming,circular,persistent,1,1
3490,199875,203958,16,0,0,fused_streaming,circular,persistent,1,1
3491,206000,210041,16,0,0,fused_streaming,circular,persistent,1,1
3492,205542,209417,16,0,0,fused_streaming,circular,persistent,1,1
3493,199583,203500,16,0,0,fused_streaming,circular,persistent,1,1
3494,204833,208708,16,0,0,fused_streaming,circular,persistent,1,1
3495,206083,209958,16,0,0,fused_streaming,circular,persistent,1,1
3496,200583,204500,16,0,0,fused_streaming,circular,persistent,1,1
3497,205000,208959,16,0,0,fused_streaming,circular,persistent,1,1
3498,204709,208583,16,0,0,fused_streaming,circular,persistent,1,1
3499,201333,205208,16,0,0,fused_streaming,circular,persistent,1,1
3500,205833,209666,16,0,0,fused_streaming,circular,persistent,1,1
3501,204625,208500,16,0,0,fused_streaming,circular,persistent,1,1
3502,200417,204292,16,0,0,fused_streaming,circular,persistent,1,1
3503,253417,257541,16,0,0,fused_streaming,circular,persistent,1,1
3504,205666,209625,16,0,0,fused_streaming,circular,persistent,1,1
3505,199917,203833,16,0,0,fused_streaming,circular,persistent,1,1
3506,204875,208750,16,0,0,fused_streaming,circular,persistent,1,1
3507,247667,251875,16,0,0,fused_streaming,circular,persistent,1,1
3508,200917,204750,16,0,0,fused_streaming,circular,persistent,1,1
3509,199625,203500,16,0,0,fused_streaming,circular,persistent,1,1
3510,204834,208750,16,0,0,fused_streaming,circular,persistent,1,1
3511,200000,203917,16,0,0,fused_streaming,circular,persistent,1,1
3512,200583,204458,16,0,0,fused_streaming,circular,persistent,1,1
3513,205334,209208,16,0,0,fused_streaming,circular,persistent,1,1
3514,200125,204000,16,0,0,fused_streaming,circular,persistent,1,1
3515,200000,203958,16,0,0,fused_streaming,circular,persistent,1,1
3516,206708,210750,16,0,0,fused_streaming,circular,persistent,1,1
3517,204667,208875,16,0,0,fused_streaming,circular,persistent,1,1
3518,200083,204042,16,0,0,fused_streaming,circular,persistent,1,1
3519,204875,208833,16,0,0,fused_streaming,circular,persistent,1,1
3520,204459,208375,16,0,0,fused_streaming,circular,persistent,1,1
3521,200084,203959,16,0,0,fused_streaming,circular,persistent,1,1
3522,205000,208792,16,0,0,fused_streaming,circular,persistent,1,1
3523,205292,209166,16,0,0,fused_streaming,circular,persistent,1,1
3524,201084,204958,16,0,0,fused_streaming,circular,persistent,1,1
3525,205500,209333,16,0,0,fused_streaming,circular,persistent,1,1
3526,204500,208542,16,0,0,fused_streaming,circular,persistent,1,1
3527,199875,203750,16,0,0,fused_streaming,circular,persistent,1,1
3528,207042,210917,16,0,0,fused_streaming,circular,persistent,1,1
3529,205500,209333,16,0,0,fused_streaming,circular,persistent,1,1
3530,200500,204375,16,0,0,fused_streaming,circular,persistent,1,1
3531,204791,208625,16,0,0,fused_streaming,circular,persistent,1,1
3532,252667,256792,16,0,0,fused_streaming,circular,persistent,1,1
3533,200250,204125,16,0,0,fused_streaming,circular,persistent,1,1
3534,204625,208541,16,0,0,fused_streaming,circular,persistent,1,1
3535,199625,203542,16,0,0,fused_streaming,circular,persistent,1,1
3536,205209,209042,16,0,0,fused_streaming,circular,persistent,1,1
3537,206125,210125,16,0,0,fused_streaming,circular,persistent,1,1
3538,200500,204375,16,0,0,fused_streaming,circular,persistent,1,1
3539,200125,204000,16,0,0,fused_streaming,circular,persistent,1,1
3540,205042,208875,16,0,0,fused_streaming,circular,persistent,1,1
3541,199917,203750,16,0,0,fused_streaming,circular,persistent,1,1
3542,200125,204000,16,0,0,fused_streaming,circular,persistent,1,1
3543,205083,208917,16,0,0,fused_streaming,circular,persistent,1,1
3544,200583,204417,16,0,0,fused_streaming,circular,persistent,1,1
3545,201292,205167,16,0,0,fused_streaming,circular,persistent,1,1
3546,205583,209500,16,0,0,fused_streaming,circular,persistent,1,1
3547,200041,203875,16,0,0,fused_streaming,circular,persistent,1,1
3548,200167,204042,16,0,0,fused_streaming,circular,persistent,1,1
3549,206875,210875,16,0,0,fused_streaming,circular,persistent,1,1
3550,205000,208875,16,0,0,fused_streaming,circular,persistent,1,1
3551,200167,204084,16,0,0,fused_streaming,circular,persistent,1,1
3552,205250,209084,16,0,0,fused_streaming,circular,persistent,1,1
3553,250750,254791,16,0,0,fused_streaming,circular,persistent,1,1
3554,200875,205125,16,0,0,fused_streaming,circular,persistent,1,1
3555,204792,208708,16,0,0,fused_streaming,circular,persistent,1,1
3556,205292,209250,16,0,0,fused_streaming,circular,persistent,1,1
3557,252792,257042,16,0,0,fused_streaming,circular,persistent,1,1
3558,206042,209875,16,0,0,fused_streaming,circular,persistent,1,1
3559,204958,208875,16,0,0,fused_streaming,circular,persistent,1,1
3560,200166,204084,16,0,0,fused_streaming,circular,persistent,1,1
3561,205458,209375,16,0,0,fused_streaming,circular,persistent,1,1
3562,204750,208625,16,0,0,fused_streaming,circular,persistent,1,1
3563,200250,204125,16,0,0,fused_streaming,circular,persistent,1,1
3564,204958,208834,16,0,0,fused_streaming,circular,persistent,1,1
3565,204459,208333,16,0,0,fused_streaming,circular,persistent,1,1
3566,201875,206042,16,0,0,fused_streaming,circular,persistent,1,1
3567,204250,208208,16,0,0,fused_streaming,circular,persistent,1,1
3568,204416,208292,16,0,0,fused_streaming,circular,persistent,1,1
3569,200250,204208,16,0,0,fused_streaming,circular,persistent,1,1
3570,200875,210084,16,0,0,fused_streaming,circular,persistent,1,1
3571,204750,208625,16,0,0,fused_streaming,circular,persistent,1,1
3572,200042,203959,16,0,0,fused_streaming,circular,persistent,1,1
3573,205000,208917,16,0,0,fused_streaming,circular,persistent,1,1
3574,206375,210292,16,0,0,fused_streaming,circular,persistent,1,1
3575,200292,204459,16,0,0,fused_streaming,circular,persistent,1,1
3576,199792,203750,16,0,0,fused_streaming,circular,persistent,1,1
3577,205291,209208,16,0,0,fused_streaming,circular,persistent,1,1
3578,206500,210458,16,0,0,fused_streaming,circular,persistent,1,1
3579,200334,204291,16,0,0,fused_streaming,circular,persistent,1,1
3580,204333,208208,16,0,0,fused_streaming,circular,persistent,1,1
3581,200333,208625,16,0,0,fused_streaming,circular,persistent,1,1
3582,254833,258917,16,0,0,fused_streaming,circular,persistent,1,1
3583,205375,209250,16,0,0,fused_streaming,circular,persistent,1,1
3584,204500,208416,16,0,0,fused_streaming,circular,persistent,1,1
3585,199583,203500,16,0,0,fused_streaming,circular,persistent,1,1
3586,205000,208875,16,0,0,fused_streaming,circular,persistent,1,1
3587,205875,209792,16,0,0,fused_streaming,circular,persistent,1,1
3588,199750,203875,16,0,0,fused_streaming,circular,persistent,1,1
3589,205542,209416,16,0,0,fused_streaming,circular,persistent,1,1
3590,205250,209125,16,0,0,fused_streaming,circular,persistent,1,1
3591,200250,204125,16,0,0,fused_streaming,circular,persistent,1,1
3592,204292,208208,16,0,0,fused_streaming,circular,persistent,1,1
3593,204750,208625,16,0,0,fused_streaming,circular,persistent,1,1
3594,199583,203458,16,0,0,fused_streaming,circular,persistent,1,1
3595,205750,209708,16,0,0,fused_streaming,circular,persistent,1,1
3596,204666,208542,16,0,0,fused_streaming,circular,persistent,1,1
3597,199917,203792,16,0,0,fused_streaming,circular,persistent,1,1
3598,199666,203917,16,0,0,fused_streaming,circular,persistent,1,1
3599,205834,209791,16,0,0,fused_streaming,circular,persistent,1,1
3600,199709,203625,16,0,0,fused_streaming,circular,persistent,1,1
3601,199625,203625,16,0,0,fused_streaming,circular,persistent,1,1
3602,204375,208250,16,0,0,fused_streaming,circular,persistent,1,1
3603,206750,210666,16,0,0,fused_streaming,circular,persistent,1,1
3604,200500,204417,16,0,0,fused_streaming,circular,persistent,1,1
3605,205334,209208,16,0,0,fused_streaming,circular,persistent,1,1
3606,205666,209875,16,0,0,fused_streaming,circular,persistent,1,1
3607,268666,272959,16,0,0,fused_streaming,circular,persistent,1,1
3608,200417,204375,16,0,0,fused_streaming,circular,persistent,1,1
3609,204792,208709,16,0,0,fused_streaming,circular,persistent,1,1
3610,199625,203584,16,0,0,fused_streaming,circular,persistent,1,1
3611,247500,251625,16,0,0,fused_streaming,circular,persistent,1,1
3612,205708,209708,16,0,0,fused_streaming,circular,persistent,1,1
3613,200041,204000,16,0,0,fused_streaming,circular,persistent,1,1
3614,205041,208917,16,0,0,fused_streaming,circular,persistent,1,1
3615,204583,208459,16,0,0,fused_streaming,circular,persistent,1,1
3616,200416,204292,16,0,0,fused_streaming,circular,persistent,1,1
3617,205166,209084,16,0,0,fused_streaming,circular,persistent,1,1
3618,205292,209209,16,0,0,fused_streaming,circular,persistent,1,1
3619,200500,204500,16,0,0,fused_streaming,circular,persistent,1,1
3620,201000,205333,16,0,0,fused_streaming,circular,persistent,1,1
3621,205041,209000,16,0,0,fused_streaming,circular,persistent,1,1
3622,199750,203666,16,0,0,fused_streaming,circular,persistent,1,1
3623,205959,209875,16,0,0,fused_streaming,circular,persistent,1,1
3624,205833,209750,16,0,0,fused_streaming,circular,persistent,1,1
3625,200291,204167,16,0,0,fused_streaming,circular,persistent,1,1
3626,204917,209042,16,0,0,fused_streaming,circular,persistent,1,1
3627,204584,208542,16,0,0,fused_streaming,circular,persistent,1,1
3628,200833,204667,16,0,0,fused_streaming,circular,persistent,1,1
3629,204833,208792,16,0,0,fused_streaming,circular,persistent,1,1
3630,204708,208584,16,0,0,fused_streaming,circular,persistent,1,1
3631,200334,204292,16,0,0,fused_streaming,circular,persistent,1,1
3632,255375,259667,16,0,0,fused_streaming,circular,persistent,1,1
3633,205458,209417,16,0,0,fused_streaming,circular,persistent,1,1
3634,199875,203833,16,0,0,fused_streaming,circular,persistent,1,1
3635,204000,207958,16,0,0,fused_streaming,circular,persistent,1,1
3636,200916,204833,16,0,0,fused_streaming,circular,persistent,1,1
3637,200584,204500,16,0,0,fused_streaming,circular,persistent,1,1
3638,200917,205084,16,0,0,fused_streaming,circular,persistent,1,1
3639,204250,208167,16,0,0,fused_streaming,circular,persistent,1,1
3640,200792,204959,16,0,0,fused_streaming,circular,persistent,1,1
3641,199750,203625,16,0,0,fused_streaming,circular,persistent,1,1
3642,204917,208917,16,0,0,fused_streaming,circular,persistent,1,1
3643,204584,208500,16,0,0,fused_streaming,circular,persistent,1,1
3644,199625,203542,16,0,0,fused_streaming,circular,persistent,1,1
3645,204709,208583,16,0,0,fused_streaming,circular,persistent,1,1
3646,205625,209625,16,0,0,fused_streaming,circular,persistent,1,1
3647,204750,208625,16,0,0,fused_streaming,circular,persistent,1,1
3648,199250,203125,16,0,0,fused_streaming,circular,persistent,1,1
3649,204667,208583,16,0,0,fused_streaming,circular,persistent,1,1
3650,205584,209458,16,0,0,fused_streaming,circular,persistent,1,1
3651,200667,204625,16,0,0,fused_streaming,circular,persistent,1,1
3652,205042,209208,16,0,0,fused_streaming,circular,persistent,1,1
3653,205000,208917,16,0,0,fused_streaming,circular,persistent,1,1
3654,209417,213334,16,0,0,fused_streaming,circular,persistent,1,1
3655,199542,203458,16,0,0,fused_streaming,circular,persistent,1,1
3656,204834,208792,16,0,0,fused_streaming,circular,persistent,1,1
3657,204959,208792,16,0,0,fused_streaming,circular,persistent,1,1
3658,201000,204916,16,0,0,fused_streaming,circular,persistent,1,1
3659,205250,209208,16,0,0,fused_streaming,circular,persistent,1,1
3660,204667,208500,16,0,0,fused_streaming,circular,persistent,1,1
3661,200042,203959,16,0,0,fused_streaming,circular,persistent,1,1
3662,245792,250000,16,0,0,fused_streaming,circular,persistent,1,1
3663,200916,204833,16,0,0,fused_streaming,circular,persistent,1,1
3664,201500,205708,16,0,0,fused_streaming,circular,persistent,1,1
3665,212542,216459,16,0,0,fused_streaming,circular,persistent,1,1
3666,245208,249500,16,0,0,fused_streaming,circular,persistent,1,1
3667,205792,209792,16,0,0,fused_streaming,circular,persistent,1,1
3668,207875,211750,16,0,0,fused_streaming,circular,persistent,1,1
3669,214542,218375,16,0,0,fused_streaming,circular,persistent,1,1
3670,203334,207250,16,0,0,fused_streaming,circular,persistent,1,1
3671,205625,209541,16,0,0,fused_streaming,circular,persistent,1,1
3672,219625,223500,16,0,0,fused_streaming,circular,persistent,1,1
3673,256666,260667,16,0,0,fused_streaming,circular,persistent,1,1
3674,212792,216667,16,0,0,fused_streaming,circular,persistent,1,1
3675,214958,218917,16,0,0,fused_streaming,circular,persistent,1,1
3676,202375,206208,16,0,0,fused_streaming,circular,persistent,1,1
3677,216375,220333,16,0,0,fused_streaming,circular,persistent,1,1
3678,221333,225167,16,0,0,fused_streaming,circular,persistent,1,1
3679,222000,225875,16,0,0,fused_streaming,circular,persistent,1,1
3680,220167,224083,16,0,0,fused_streaming,circular,persistent,1,1
3681,211958,215875,16,0,0,fused_streaming,circular,persistent,1,1
3682,218541,222375,16,0,0,fused_streaming,circular,persistent,1,1
3683,225625,229458,16,0,0,fused_streaming,circular,persistent,1,1
3684,232667,236542,16,0,0,fused_streaming,circular,persistent,1,1
3685,223041,227166,16,0,0,fused_streaming,circular,persistent,1,1
3686,234125,238000,16,0,0,fused_streaming,circular,persistent,1,1
3687,220458,224334,16,0,0,fused_streaming,circular,persistent,1,1
3688,220166,224000,16,0,0,fused_streaming,circular,persistent,1,1
3689,215625,219541,16,0,0,fused_streaming,circular,persistent,1,1
3690,225541,229375,16,0,0,fused_streaming,circular,persistent,1,1
3691,224583,228500,16,0,0,fused_streaming,circular,persistent,1,1
3692,221000,224833,16,0,0,fused_streaming,circular,persistent,1,1
3693,230959,234875,16,0,0,fused_streaming,circular,persistent,1,1
3694,225000,228833,16,0,0,fused_streaming,circular,persistent,1,1
3695,230334,234208,16,0,0,fused_streaming,circular,persistent,1,1
3696,226167,230083,16,0,0,fused_streaming,circular,persistent,1,1
3697,227958,231833,16,0,0,fused_streaming,circular,persistent,1,1
3698,225042,228917,16,0,0,fused_streaming,circular,persistent,1,1
3699,227333,231250,16,0,0,fused_streaming,circular,persistent,1,1
3700,227792,231916,16,0,0,fused_streaming,circular,persistent,1,1
3701,227459,231333,16,0,0,fused_streaming,circular,persistent,1,1
3702,222750,226625,16,0,0,fused_streaming,circular,persistent,1,1
3703,229583,233583,16,0,0,fused_streaming,circular,persistent,1,1
3704,227666,231833,16,0,0,fused_streaming,circular,persistent,1,1
3705,231750,235625,16,0,0,fused_streaming,circular,persistent,1,1
3706,220708,224584,16,0,0,fused_streaming,circular,persistent,1,1
3707,219416,223250,16,0,0,fused_streaming,circular,persistent,1,1
3708,255833,259959,16,0,0,fused_streaming,circular,persistent,1,1
3709,213042,221084,16,0,0,fused_streaming,circular,persistent,1,1
3710,224916,228750,16,0,0,fused_streaming,circular,persistent,1,1
3711,228250,232291,16,0,0,fused_streaming,circular,persistent,1,1
3712,223791,227666,16,0,0,fused_streaming,circular,persistent,1,1
3713,232292,236333,16,0,0,fused_streaming,circular,persistent,1,1
3714,229959,233750,16,0,0,fused_streaming,circular,persistent,1,1
3715,229000,232833,16,0,0,fused_streaming,circular,persistent,1,1
3716,226042,230000,16,0,0,fused_streaming,circular,persistent,1,1
3717,226208,230083,16,0,0,fused_streaming,circular,persistent,1,1
3718,273500,277583,16,0,0,fused_streaming,circular,persistent,1,1
3719,229000,232834,16,0,0,fused_streaming,circular,persistent,1,1
3720,247291,251250,16,0,0,fused_streaming,circular,persistent,1,1
3721,259209,263166,16,0,0,fused_streaming,circular,persistent,1,1
3722,257625,261583,16,0,0,fused_streaming,circular,persistent,1,1
3723,260458,264333,16,0,0,fused_streaming,circular,persistent,1,1
3724,248375,252208,16,0,0,fused_streaming,circular,persistent,1,1
3725,243250,247083,16,0,0,fused_streaming,circular,persistent,1,1
3726,234750,238625,16,0,0,fused_streaming,circular,persistent,1,1
3727,240292,244166,16,0,0,fused_streaming,circular,persistent,1,1
3728,238583,242375,16,0,0,fused_streaming,circular,persistent,1,1
3729,243541,247500,16,0,0,fused_streaming,circular,persistent,1,1
3730,251125,255000,16,0,0,fused_streaming,circular,persistent,1,1
3731,257250,261167,16,0,0,fused_streaming,circular,persistent,1,1
3732,262917,266833,16,0,0,fused_streaming,circular,persistent,1,1
3733,296292,300583,16,0,0,fused_streaming,circular,persistent,1,1
3734,248667,252542,16,0,0,fused_streaming,circular,persistent,1,1
3735,244833,248667,16,0,0,fused_streaming,circular,persistent,1,1
3736,240875,244708,16,0,0,fused_streaming,circular,persistent,1,1
3737,239625,243458,16,0,0,fused_streaming,circular,persistent,1,1
3738,235709,239583,16,0,0,fused_streaming,circular,persistent,1,1
3739,279375,283375,16,0,0,fused_streaming,circular,persistent,1,1
3740,237917,241709,16,0,0,fused_streaming,circular,persistent,1,1
3741,291125,295208,16,0,0,fused_streaming,circular,persistent,1,1
3742,258416,262250,16,0,0,fused_streaming,circular,persistent,1,1
3743,261916,265833,16,0,0,fused_streaming,circular,persistent,1,1
3744,256375,260209,16,0,0,fused_streaming,circular,persistent,1,1
3745,258041,261833,16,0,0,fused_streaming,circular,persistent,1,1
3746,247375,251250,16,0,0,fused_streaming,circular,persistent,1,1
3747,241750,245625,16,0,0,fused_streaming,circular,persistent,1,1
3748,243791,247667,16,0,0,fused_streaming,circular,persistent,1,1
3749,241959,246125,16,0,0,fused_streaming,circular,persistent,1,1
3750,243125,247042,16,0,0,fused_streaming,circular,persistent,1,1
3751,246625,250833,16,0,0,fused_streaming,circular,persistent,1,1
3752,247000,251000,16,0,0,fused_streaming,circular,persistent,1,1
3753,246417,250375,16,0,0,fused_streaming,circular,persistent,1,1
3754,258875,262791,16,0,0,fused_streaming,circular,persistent,1,1
3755,263167,267125,16,0,0,fused_streaming,circular,persistent,1,1
3756,255417,259333,16,0,0,fused_streaming,circular,persistent,1,1
3757,248166,252000,16,0,0,fused_streaming,circular,persistent,1,1
3758,243166,247042,16,0,0,fused_streaming,circular,persistent,1,1
3759,236042,239958,16,0,0,fused_streaming,circular,persistent,1,1
3760,245458,249375,16,0,0,fused_streaming,circular,persistent,1,1
3761,239292,243250,16,0,0,fused_streaming,circular,persistent,1,1
3762,231208,235333,16,0,0,fused_streaming,circular,persistent,1,1
3763,234541,238417,16,0,0,fused_streaming,circular,persistent,1,1
3764,244000,247917,16,0,0,fused_streaming,circular,persistent,1,1
3765,246667,250584,16,0,0,fused_streaming,circular,persistent,1,1
3766,261250,265167,16,0,0,fused_streaming,circular,persistent,1,1
3767,300084,304333,16,0,0,fused_streaming,circular,persistent,1,1
3768,253167,261500,16,0,0,fused_streaming,circular,persistent,1,1
3769,246333,250292,16,0,0,fused_streaming,circular,persistent,1,1
3770,239625,243500,16,0,0,fused_streaming,circular,persistent,1,1
3771,245708,249625,16,0,0,fused_streaming,circular,persistent,1,1
3772,244500,248459,16,0,0,fused_streaming,circular,persistent,1,1
3773,244333,248209,16,0,0,fused_streaming,circular,persistent,1,1
3774,234417,238250,16,0,0,fused_streaming,circular,persistent,1,1
3775,251250,255167,16,0,0,fused_streaming,circular,persistent,1,1
3776,239333,243250,16,0,0,fused_streaming,circular,persistent,1,1
3777,258916,262833,16,0,0,fused_streaming,circular,persistent,1,1
3778,254625,258541,16,0,0,fused_streaming,circular,persistent,1,1
3779,261000,264875,16,0,0,fused_streaming,circular,persistent,1,1
3780,249917,253875,16,0,0,fused_streaming,circular,persistent,1,1
3781,243625,247625,16,0,0,fused_streaming,circular,persistent,1,1
3782,238542,242541,16,0,0,fused_streaming,circular,persistent,1,1
3783,243917,247833,16,0,0,fused_streaming,circular,persistent,1,1
3784,244625,248500,16,0,0,fused_streaming,circular,persistent,1,1
3785,243334,247292,16,0,0,fused_streaming,circular,persistent,1,1
3786,244500,248375,16,0,0,fused_streaming,circular,persistent,1,1
3787,240333,244250,16,0,0,fused_streaming,circular,persistent,1,1
3788,295125,299209,16,0,0,fused_streaming,circular,persistent,1,1
3789,257709,261583,16,0,0,fused_streaming,circular,persistent,1,1
3790,261958,265875,16,0,0,fused_streaming,circular,persistent,1,1
3791,254750,258750,16,0,0,fused_streaming,circular,persistent,1,1
3792,255458,259375,16,0,0,fused_streaming,circular,persistent,1,1
3793,244667,248625,16,0,0,fused_streaming,circular,persistent,1,1
3794,241666,245584,16,0,0,fused_streaming,circular,persistent,1,1
3795,239708,243666,16,0,0,fused_streaming,circular,persistent,1,1
3796,245625,249500,16,0,0,fused_streaming,circular,persistent,1,1
3797,249167,253000,16,0,0,fused_streaming,circular,persistent,1,1
3798,238541,242459,16,0,0,fused_streaming,circular,persistent,1,1
3799,247542,251500,16,0,0,fused_streaming,circular,persistent,1,1
3800,254916,258917,16,0,0,fused_streaming,circular,persistent,1,1
3801,259208,263042,16,0,0,fused_streaming,circular,persistent,1,1
3802,262250,266125,16,0,0,fused_streaming,circular,persistent,1,1
3803,252166,256041,16,0,0,fused_streaming,circular,persistent,1,1
3804,256750,260833,16,0,0,fused_streaming,circular,persistent,1,1
3805,241458,245333,16,0,0,fused_streaming,circular,persistent,1,1
3806,236125,239958,16,0,0,fused_streaming,circular,persistent,1,1
3807,245292,249292,16,0,0,fused_streaming,circular,persistent,1,1
3808,244583,248500,16,0,0,fused_streaming,circular,persistent,1,1
3809,249208,253042,16,0,0,fused_streaming,circular,persistent,1,1
3810,243125,247083,16,0,0,fused_streaming,circular,persistent,1,1
3811,248417,252250,16,0,0,fused_streaming,circular,persistent,1,1
3812,252667,256625,16,0,0,fused_streaming,circular,persistent,1,1
3813,254334,258583,16,0,0,fused_streaming,circular,persistent,1,1
3814,302500,306500,16,0,0,fused_streaming,circular,persistent,1,1
3815,249458,253417,16,0,0,fused_streaming,circular,persistent,1,1
3816,252625,256584,16,0,0,fused_streaming,circular,persistent,1,1
3817,227542,231416,16,0,0,fused_streaming,circular,persistent,1,1
3818,246709,250750,16,0,0,fused_streaming,circular,persistent,1,1
3819,246917,250833,16,0,0,fused_streaming,circular,persistent,1,1
3820,245667,249542,16,0,0,fused_streaming,circular,persistent,1,1
3821,243959,248000,16,0,0,fused_streaming,circular,persistent,1,1
3822,249000,252958,16,0,0,fused_streaming,circular,persistent,1,1
3823,242333,246250,16,0,0,fused_streaming,circular,persistent,1,1
3824,252417,256334,16,0,0,fused_streaming,circular,persistent,1,1
3825,257291,261208,16,0,0,fused_streaming,circular,persistent,1,1
3826,258416,262333,16,0,0,fused_streaming,circular,persistent,1,1
3827,294208,298292,16,0,0,fused_streaming,circular,persistent,1,1
3828,244458,248292,16,0,0,fused_streaming,circular,persistent,1,1
3829,276625,280750,16,0,0,fused_streaming,circular,persistent,1,1
3830,249084,252958,16,0,0,fused_streaming,circular,persistent,1,1
3831,253084,257000,16,0,0,fused_streaming,circular,persistent,1,1
3832,246291,250292,16,0,0,fused_streaming,circular,persistent,1,1
3833,253208,257125,16,0,0,fused_streaming,circular,persistent,1,1
3834,250083,253959,16,0,0,fused_streaming,circular,persistent,1,1
3835,236209,240208,16,0,0,fused_streaming,circular,persistent,1,1
3836,249250,253250,16,0,0,fused_streaming,circular,persistent,1,1
3837,262750,266666,16,0,0,fused_streaming,circular,persistent,1,1
3838,251958,255917,16,0,0,fused_streaming,circular,persistent,1,1
3839,255042,258959,16,0,0,fused_streaming,circular,persistent,1,1
3840,286583,290667,16,0,0,fused_streaming,circular,persistent,1,1
3841,240041,244000,16,0,0,fused_streaming,circular,persistent,1,1
3842,287875,291916,16,0,0,fused_streaming,circular,persistent,1,1
3843,249500,253375,16,0,0,fused_streaming,circular,persistent,1,1
3844,254208,258167,16,0,0,fused_streaming,circular,persistent,1,1
3845,251542,255375,16,0,0,fused_streaming,circular,persistent,1,1
3846,244750,248666,16,0,0,fused_streaming,circular,persistent,1,1
3847,241000,244875,16,0,0,fused_streaming,circular,persistent,1,1
3848,258541,262500,16,0,0,fused_streaming,circular,persistent,1,1
3849,330417,334833,16,0,0,fused_streaming,circular,persistent,1,1
3850,254208,258042,16,0,0,fused_streaming,circular,persistent,1,1
3851,251708,255708,16,0,0,fused_streaming,circular,persistent,1,1
3852,240708,244541,16,0,0,fused_streaming,circular,persistent,1,1
3853,245083,249000,16,0,0,fused_streaming,circular,persistent,1,1
3854,249750,253667,16,0,0,fused_streaming,circular,persistent,1,1
3855,250708,254625,16,0,0,fused_streaming,circular,persistent,1,1
3856,252708,256500,16,0,0,fused_streaming,circular,persistent,1,1
3857,244875,248709,16,0,0,fused_streaming,circular,persistent,1,1
3858,243708,247583,16,0,0,fused_streaming,circular,persistent,1,1
3859,246541,250417,16,0,0,fused_streaming,circular,persistent,1,1
3860,256542,260417,16,0,0,fused_streaming,circular,persistent,1,1
3861,261333,265167,16,0,0,fused_streaming,circular,persistent,1,1
3862,249542,253375,16,0,0,fused_streaming,circular,persistent,1,1
3863,246334,250209,16,0,0,fused_streaming,circular,persistent,1,1
3864,242250,246125,16,0,0,fused_streaming,circular,persistent,1,1
3865,251250,255167,16,0,0,fused_streaming,circular,persistent,1,1
3866,245291,249208,16,0,0,fused_streaming,circular,persistent,1,1
3867,250834,254791,16,0,0,fused_streaming,circular,persistent,1,1
3868,248166,252167,16,0,0,fused_streaming,circular,persistent,1,1
3869,227917,231792,16,0,0,fused_streaming,circular,persistent,1,1
3870,238542,242417,16,0,0,fused_streaming,circular,persistent,1,1
3871,247958,251833,16,0,0,fused_streaming,circular,persistent,1,1
3872,262459,266333,16,0,0,fused_streaming,circular,persistent,1,1
3873,258583,262417,16,0,0,fused_streaming,circular,persistent,1,1
3874,248333,252208,16,0,0,fused_streaming,circular,persistent,1,1
3875,249500,253458,16,0,0,fused_streaming,circular,persistent,1,1
3876,243959,247833,16,0,0,fused_streaming,circular,persistent,1,1
3877,250125,254000,16,0,0,fused_streaming,circular,persistent,1,1
3878,250625,254625,16,0,0,fused_streaming,circular,persistent,1,1
3879,291042,295084,16,0,0,fused_streaming,circular,persistent,1,1
3880,240833,244625,16,0,0,fused_streaming,circular,persistent,1,1
3881,237000,287000,16,0,0,fused_streaming,circular,persistent,1,1
3882,234958,243042,16,0,0,fused_streaming,circular,persistent,1,1
3883,301416,305958,16,0,0,fused_streaming,circular,persistent,1,1
3884,260958,264750,16,0,0,fused_streaming,circular,persistent,1,1
3885,253375,257291,16,0,0,fused_streaming,circular,persistent,1,1
3886,252792,256708,16,0,0,fused_streaming,circular,persistent,1,1
3887,250458,254333,16,0,0,fused_streaming,circular,persistent,1,1
3888,244417,248291,16,0,0,fused_streaming,circular,persistent,1,1
3889,249750,253542,16,0,0,fused_streaming,circular,persistent,1,1
3890,251041,254958,16,0,0,fused_streaming,circular,persistent,1,1
3891,248208,252000,16,0,0,fused_streaming,circular,persistent,1,1
3892,239167,243333,16,0,0,fused_streaming,circular,persistent,1,1
3893,234875,238833,16,0,0,fused_streaming,circular,persistent,1,1
3894,241250,245208,16,0,0,fused_streaming,circular,persistent,1,1
3895,258667,262584,16,0,0,fused_streaming,circular,persistent,1,1
3896,298375,302417,16,0,0,fused_streaming,circular,persistent,1,1
3897,255250,259125,16,0,0,fused_streaming,circular,persistent,1,1
3898,245875,249708,16,0,0,fused_streaming,circular,persistent,1,1
3899,245584,249542,16,0,0,fused_streaming,circular,persistent,1,1
3900,247250,251125,16,0,0,fused_streaming,circular,persistent,1,1
3901,244250,248125,16,0,0,fused_streaming,circular,persistent,1,1
3902,244166,248041,16,0,0,fused_streaming,circular,persistent,1,1
3903,240083,243958,16,0,0,fused_streaming,circular,persistent,1,1
3904,238542,242458,16,0,0,fused_streaming,circular,persistent,1,1
3905,241333,245250,16,0,0,fused_streaming,circular,persistent,1,1
3906,247584,251583,16,0,0,fused_streaming,circular,persistent,1,1
3907,254834,258833,16,0,0,fused_streaming,circular,persistent,1,1
3908,260458,264334,16,0,0,fused_streaming,circular,persistent,1,1
3909,250000,253916,16,0,0,fused_streaming,circular,persistent,1,1
3910,244125,248042,16,0,0,fused_streaming,circular,persistent,1,1
3911,245583,249541,16,0,0,fused_streaming,circular,persistent,1,1
3912,248416,252292,16,0,0,fused_streaming,circular,persistent,1,1
3913,290625,294709,16,0,0,fused_streaming,circular,persistent,1,1
3914,239000,242792,16,0,0,fused_streaming,circular,persistent,1,1
3915,286125,290167,16,0,0,fused_streaming,circular,persistent,1,1
3916,234667,238583,16,0,0,fused_streaming,circular,persistent,1,1
3917,241834,245750,16,0,0,fused_streaming,circular,persistent,1,1
3918,250709,254625,16,0,0,fused_streaming,circular,persistent,1,1
3919,262375,266292,16,0,0,fused_streaming,circular,persistent,1,1
3920,254250,258125,16,0,0,fused_streaming,circular,persistent,1,1
3921,254750,258709,16,0,0,fused_streaming,circular,persistent,1,1
3922,245500,249375,16,0,0,fused_streaming,circular,persistent,1,1
3923,245042,248958,16,0,0,fused_streaming,circular,persistent,1,1
3924,249000,252916,16,0,0,fused_streaming,circular,persistent,1,1
3925,248000,251875,16,0,0,fused_streaming,circular,persistent,1,1
3926,235792,239709,16,0,0,fused_streaming,circular,persistent,1,1
3927,240542,244459,16,0,0,fused_streaming,circular,persistent,1,1
3928,239667,243583,16,0,0,fused_streaming,circular,persistent,1,1
3929,241959,245875,16,0,0,fused_streaming,circular,persistent,1,1
3930,254958,258875,16,0,0,fused_streaming,circular,persistent,1,1
3931,257166,261083,16,0,0,fused_streaming,circular,persistent,1,1
3932,256500,260416,16,0,0,fused_streaming,circular,persistent,1,1
3933,251708,255625,16,0,0,fused_streaming,circular,persistent,1,1
3934,248125,251958,16,0,0,fused_streaming,circular,persistent,1,1
3935,246208,250125,16,0,0,fused_streaming,circular,persistent,1,1
3936,244459,248750,16,0,0,fused_streaming,circular,persistent,1,1
3937,243459,247375,16,0,0,fused_streaming,circular,persistent,1,1
3938,239041,243084,16,0,0,fused_streaming,circular,persistent,1,1
3939,236375,240250,16,0,0,fused_streaming,circular,persistent,1,1
3940,247750,251750,16,0,0,fused_streaming,circular,persistent,1,1
3941,235542,239542,16,0,0,fused_streaming,circular,persistent,1,1
3942,259583,263542,16,0,0,fused_streaming,circular,persistent,1,1
3943,255334,259291,16,0,0,fused_streaming,circular,persistent,1,1
3944,256125,260000,16,0,0,fused_streaming,circular,persistent,1,1
3945,248500,252500,16,0,0,fused_streaming,circular,persistent,1,1
3946,241541,245458,16,0,0,fused_streaming,circular,persistent,1,1
3947,248750,252583,16,0,0,fused_streaming,circular,persistent,1,1
3948,246000,249916,16,0,0,fused_streaming,circular,persistent,1,1
3949,234084,238041,16,0,0,fused_streaming,circular,persistent,1,1
3950,240125,244042,16,0,0,fused_streaming,circular,persistent,1,1
3951,244500,248375,16,0,0,fused_streaming,circular,persistent,1,1
3952,235959,239833,16,0,0,fused_streaming,circular,persistent,1,1
3953,251333,255208,16,0,0,fused_streaming,circular,persistent,1,1
3954,252583,256542,16,0,0,fused_streaming,circular,persistent,1,1
3955,296541,300792,16,0,0,fused_streaming,circular,persistent,1,1
3956,248792,252667,16,0,0,fused_streaming,circular,persistent,1,1
3957,246792,250708,16,0,0,fused_streaming,circular,persistent,1,1
3958,245791,249667,16,0,0,fused_streaming,circular,persistent,1,1
3959,249375,253291,16,0,0,fused_streaming,circular,persistent,1,1
3960,239250,243167,16,0,0,fused_streaming,circular,persistent,1,1
3961,247750,251708,16,0,0,fused_streaming,circular,persistent,1,1
3962,250833,315792,16,0,0,fused_streaming,circular,persistent,1,1
3963,232209,236166,16,0,0,fused_streaming,circular,persistent,1,1
3964,249167,253042,16,0,0,fused_streaming,circular,persistent,1,1
3965,250541,254417,16,0,0,fused_streaming,circular,persistent,1,1
3966,261958,265833,16,0,0,fused_streaming,circular,persistent,1,1
3967,254500,258625,16,0,0,fused_streaming,circular,persistent,1,1
3968,252417,256334,16,0,0,fused_streaming,circular,persistent,1,1
3969,249000,252958,16,0,0,fused_streaming,circular,persistent,1,1
3970,248042,251958,16,0,0,fused_streaming,circular,persistent,1,1
3971,242417,246541,16,0,0,fused_streaming,circular,persistent,1,1
3972,243542,247500,16,0,0,fused_streaming,circular,persistent,1,1
3973,239125,243000,16,0,0,fused_streaming,circular,persistent,1,1
3974,247084,250958,16,0,0,fused_streaming,circular,persistent,1,1
3975,239625,243459,16,0,0,fused_streaming,circular,persistent,1,1
3976,243917,247791,16,0,0,fused_streaming,circular,persistent,1,1
3977,292125,296417,16,0,0,fused_streaming,circular,persistent,1,1
3978,260625,264500,16,0,0,fused_streaming,circular,persistent,1,1
3979,260625,264583,16,0,0,fused_streaming,circular,persistent,1,1
3980,243375,247292,16,0,0,fused_streaming,circular,persistent,1,1
3981,243708,247625,16,0,0,fused_streaming,circular,persistent,1,1
3982,245750,249625,16,0,0,fused_streaming,circular,persistent,1,1
3983,234542,238750,16,0,0,fused_streaming,circular,persistent,1,1
3984,235541,239417,16,0,0,fused_streaming,circular,persistent,1,1
3985,245541,249417,16,0,0,fused_streaming,circular,persistent,1,1
3986,235459,239291,16,0,0,fused_streaming,circular,persistent,1,1
3987,249500,253417,16,0,0,fused_streaming,circular,persistent,1,1
3988,237250,241167,16,0,0,fused_streaming,circular,persistent,1,1
3989,255458,259375,16,0,0,fused_streaming,circular,persistent,1,1
3990,260292,264167,16,0,0,fused_streaming,circular,persistent,1,1
3991,257541,261584,16,0,0,fused_streaming,circular,persistent,1,1
3992,289208,293292,16,0,0,fused_streaming,circular,persistent,1,1
3993,242208,246125,16,0,0,fused_streaming,circular,persistent,1,1
3994,284375,288416,16,0,0,fused_streaming,circular,persistent,1,1
3995,238333,242334,16,0,0,fused_streaming,circular,persistent,1,1
3996,285334,289542,16,0,0,fused_streaming,circular,persistent,1,1
3997,237375,241291,16,0,0,fused_streaming,circular,persistent,1,1
3998,291250,295959,16,0,0,fused_streaming,circular,persistent,1,1
3999,240459,248583,16,0,0,fused_streaming,circular,persistent,1,1
4000,285500,289542,16,0,0,fused_streaming,circular,persistent,1,1
4001,251959,255875,16,0,0,fused_streaming,circular,persistent,1,1
4002,259584,263458,16,0,0,fused_streaming,circular,persistent,1,1
4003,248792,252666,16,0,0,fused_streaming,circular,persistent,1,1
4004,248625,252500,16,0,0,fused_streaming,circular,persistent,1,1
4005,247667,251541,16,0,0,fused_streaming,circular,persistent,1,1
4006,237833,241709,16,0,0,fused_streaming,circular,persistent,1,1
4007,237875,241834,16,0,0,fused_streaming,circular,persistent,1,1
4008,244291,248167,16,0,0,fused_streaming,circular,persistent,1,1
4009,247250,251125,16,0,0,fused_streaming,circular,persistent,1,1
4010,243750,247708,16,0,0,fused_streaming,circular,persistent,1,1
4011,233375,237250,16,0,0,fused_streaming,circular,persistent,1,1
4012,245750,249667,16,0,0,fused_streaming,circular,persistent,1,1
4013,258500,262500,16,0,0,fused_streaming,circular,persistent,1,1
4014,254416,258333,16,0,0,fused_streaming,circular,persistent,1,1
4015,297250,301500,16,0,0,fused_streaming,circular,persistent,1,1
4016,243542,247459,16,0,0,fused_streaming,circular,persistent,1,1
4017,283208,287167,16,0,0,fused_streaming,circular,persistent,1,1
4018,239708,243584,16,0,0,fused_streaming,circular,persistent,1,1
4019,292458,296458,16,0,0,fused_streaming,circular,persistent,1,1
4020,237125,240959,16,0,0,fused_streaming,circular,persistent,1,1
4021,286084,290041,16,0,0,fused_streaming,circular,persistent,1,1
4022,241209,245083,16,0,0,fused_streaming,circular,persistent,1,1
4023,286750,290875,16,0,0,fused_streaming,circular,persistent,1,1
4024,251791,255583,16,0,0,fused_streaming,circular,persistent,1,1
4025,254041,257958,16,0,0,fused_streaming,circular,persistent,1,1
4026,255125,259000,16,0,0,fused_streaming,circular,persistent,1,1
4027,251708,255500,16,0,0,fused_streaming,circular,persistent,1,1
4028,293750,297917,16,0,0,fused_streaming,circular,persistent,1,1
4029,233541,237417,16,0,0,fused_streaming,circular,persistent,1,1
4030,284375,288500,16,0,0,fused_streaming,circular,persistent,1,1
4031,245542,249542,16,0,0,fused_streaming,circular,persistent,1,1
4032,283916,288041,16,0,0,fused_streaming,circular,persistent,1,1
4033,244417,248250,16,0,0,fused_streaming,circular,persistent,1,1
4034,279125,283292,16,0,0,fused_streaming,circular,persistent,1,1
4035,242959,247000,16,0,0,fused_streaming,circular,persistent,1,1
4036,300417,304417,16,0,0,fused_streaming,circular,persistent,1,1
4037,260084,263958,16,0,0,fused_streaming,circular,persistent,1,1
4038,259250,263125,16,0,0,fused_streaming,circular,persistent,1,1
4039,246125,250042,16,0,0,fused_streaming,circular,persistent,1,1
4040,242250,246125,16,0,0,fused_streaming,circular,persistent,1,1
4041,241750,245625,16,0,0,fused_streaming,circular,persistent,1,1
4042,239791,243750,16,0,0,fused_streaming,circular,persistent,1,1
4043,244459,248333,16,0,0,fused_streaming,circular,persistent,1,1
4044,241125,245208,16,0,0,fused_streaming,circular,persistent,1,1
4045,239625,243458,16,0,0,fused_streaming,circular,persistent,1,1
4046,239708,243500,16,0,0,fused_streaming,circular,persistent,1,1
4047,248375,252209,16,0,0,fused_streaming,circular,persistent,1,1
4048,253083,256875,16,0,0,fused_streaming,circular,persistent,1,1
4049,258750,262583,16,0,0,fused_streaming,circular,persistent,1,1
4050,256375,260250,16,0,0,fused_streaming,circular,persistent,1,1
4051,284292,288500,16,0,0,fused_streaming,circular,persistent,1,1
4052,243708,247625,16,0,0,fused_streaming,circular,persistent,1,1
4053,289250,293458,16,0,0,fused_streaming,circular,persistent,1,1
4054,242625,246459,16,0,0,fused_streaming,circular,persistent,1,1
4055,285084,289083,16,0,0,fused_streaming,circular,persistent,1,1
4056,232417,236167,16,0,0,fused_streaming,circular,persistent,1,1
4057,242875,246750,16,0,0,fused_streaming,circular,persistent,1,1
4058,238000,241916,16,0,0,fused_streaming,circular,persistent,1,1
4059,287625,291792,16,0,0,fused_streaming,circular,persistent,1,1
4060,249125,257208,16,0,0,fused_streaming,circular,persistent,1,1
4061,258584,262500,16,0,0,fused_streaming,circular,persistent,1,1
4062,254042,257875,16,0,0,fused_streaming,circular,persistent,1,1
4063,249416,253417,16,0,0,fused_streaming,circular,persistent,1,1
4064,245166,249125,16,0,0,fused_streaming,circular,persistent,1,1
4065,241916,246000,16,0,0,fused_streaming,circular,persistent,1,1
4066,246042,250000,16,0,0,fused_streaming,circular,persistent,1,1
4067,241750,245666,16,0,0,fused_streaming,circular,persistent,1,1
4068,235084,239041,16,0,0,fused_streaming,circular,persistent,1,1
4069,234417,238333,16,0,0,fused_streaming,circular,persistent,1,1
4070,246417,250291,16,0,0,fused_streaming,circular,persistent,1,1
4071,249916,253875,16,0,0,fused_streaming,circular,persistent,1,1
4072,258375,262292,16,0,0,fused_streaming,circular,persistent,1,1
4073,259250,263166,16,0,0,fused_streaming,circular,persistent,1,1
4074,251791,255667,16,0,0,fused_streaming,circular,persistent,1,1
4075,247041,250958,16,0,0,fused_streaming,circular,persistent,1,1
4076,240542,244375,16,0,0,fused_streaming,circular,persistent,1,1
4077,236291,240250,16,0,0,fused_streaming,circular,persistent,1,1
4078,243834,247666,16,0,0,fused_streaming,circular,persistent,1,1
4079,238333,242292,16,0,0,fused_streaming,circular,persistent,1,1
4080,238708,242625,16,0,0,fused_streaming,circular,persistent,1,1
4081,242250,246125,16,0,0,fused_streaming,circular,persistent,1,1
4082,249459,253375,16,0,0,fused_streaming,circular,persistent,1,1
4083,250375,254375,16,0,0,fused_streaming,circular,persistent,1,1
4084,297583,301708,16,0,0,fused_streaming,circular,persistent,1,1
4085,259084,263000,16,0,0,fused_streaming,circular,persistent,1,1
4086,253583,257458,16,0,0,fused_streaming,circular,persistent,1,1
4087,246500,250333,16,0,0,fused_streaming,circular,persistent,1,1
4088,239167,243084,16,0,0,fused_streaming,circular,persistent,1,1
4089,246167,250125,16,0,0,fused_streaming,circular,persistent,1,1
4090,242959,247000,16,0,0,fused_streaming,circular,persistent,1,1
4091,235459,239375,16,0,0,fused_streaming,circular,persistent,1,1
4092,241000,244875,16,0,0,fused_streaming,circular,persistent,1,1
4093,245583,249458,16,0,0,fused_streaming,circular,persistent,1,1
4094,245333,249334,16,0,0,fused_streaming,circular,persistent,1,1
4095,250084,254041,16,0,0,fused_streaming,circular,persistent,1,1
4096,259917,263833,16,0,0,fused_streaming,circular,persistent,1,1
4097,259666,263583,16,0,0,fused_streaming,circular,persistent,1,1
4098,249083,253000,16,0,0,fused_streaming,circular,persistent,1,1
4099,245750,249792,16,0,0,fused_streaming,circular,persistent,1,1
4100,239834,243708,16,0,0,fused_streaming,circular,persistent,1,1
4101,246417,250334,16,0,0,fused_streaming,circular,persistent,1,1
4102,241750,245625,16,0,0,fused_streaming,circular,persistent,1,1
4103,235959,239875,16,0,0,fused_streaming,circular,persistent,1,1
4104,237292,241209,16,0,0,fused_streaming,circular,persistent,1,1
4105,245584,249375,16,0,0,fused_streaming,circular,persistent,1,1
4106,239625,243583,16,0,0,fused_streaming,circular,persistent,1,1
4107,248833,252709,16,0,0,fused_streaming,circular,persistent,1,1
4108,260083,263958,16,0,0,fused_streaming,circular,persistent,1,1
4109,295792,299833,16,0,0,fused_streaming,circular,persistent,1,1
4110,242541,246417,16,0,0,fused_streaming,circular,persistent,1,1
4111,245042,249125,16,0,0,fused_streaming,circular,persistent,1,1
4112,229417,233334,16,0,0,fused_streaming,circular,persistent,1,1
4113,241833,245750,16,0,0,fused_streaming,circular,persistent,1,1
4114,237584,241500,16,0,0,fused_streaming,circular,persistent,1,1
4115,236875,240833,16,0,0,fused_streaming,circular,persistent,1,1
4116,230750,234666,16,0,0,fused_streaming,circular,persistent,1,1
4117,242959,246833,16,0,0,fused_streaming,circular,persistent,1,1
4118,252958,256875,16,0,0,fused_streaming,circular,persistent,1,1
4119,252208,256083,16,0,0,fused_streaming,circular,persistent,1,1
4120,251917,256250,16,0,0,fused_streaming,circular,persistent,1,1
4121,252500,256375,16,0,0,fused_streaming,circular,persistent,1,1
4122,288667,292792,16,0,0,fused_streaming,circular,persistent,1,1
4123,223625,227541,16,0,0,fused_streaming,circular,persistent,1,1
4124,234666,242833,16,0,0,fused_streaming,circular,persistent,1,1
4125,241667,245542,16,0,0,fused_streaming,circular,persistent,1,1
4126,237667,241542,16,0,0,fused_streaming,circular,persistent,1,1
4127,236334,240291,16,0,0,fused_streaming,circular,persistent,1,1
4128,244500,248417,16,0,0,fused_streaming,circular,persistent,1,1
4129,246416,250292,16,0,0,fused_streaming,circular,persistent,1,1
4130,247458,251417,16,0,0,fused_streaming,circular,persistent,1,1
4131,252583,256500,16,0,0,fused_streaming,circular,persistent,1,1
4132,251958,255875,16,0,0,fused_streaming,circular,persistent,1,1
4133,238209,242083,16,0,0,fused_streaming,circular,persistent,1,1
4134,228666,232583,16,0,0,fused_streaming,circular,persistent,1,1
4135,230083,234000,16,0,0,fused_streaming,circular,persistent,1,1
4136,235167,239084,16,0,0,fused_streaming,circular,persistent,1,1
4137,239916,243792,16,0,0,fused_streaming,circular,persistent,1,1
4138,243709,247625,16,0,0,fused_streaming,circular,persistent,1,1
4139,246875,250792,16,0,0,fused_streaming,circular,persistent,1,1
4140,244459,248291,16,0,0,fused_streaming,circular,persistent,1,1
4141,249500,253375,16,0,0,fused_streaming,circular,persistent,1,1
4142,251042,254959,16,0,0,fused_streaming,circular,persistent,1,1
4143,255500,259500,16,0,0,fused_streaming,circular,persistent,1,1
4144,244625,248458,16,0,0,fused_streaming,circular,persistent,1,1
4145,235666,239542,16,0,0,fused_streaming,circular,persistent,1,1
4146,235250,239209,16,0,0,fused_streaming,circular,persistent,1,1
4147,239917,243916,16,0,0,fused_streaming,circular,persistent,1,1
4148,239333,243250,16,0,0,fused_streaming,circular,persistent,1,1
4149,238958,242875,16,0,0,fused_streaming,circular,persistent,1,1
4150,243458,247375,16,0,0,fused_streaming,circular,persistent,1,1
4151,242416,246416,16,0,0,fused_streaming,circular,persistent,1,1
4152,247958,251958,16,0,0,fused_streaming,circular,persistent,1,1
4153,251000,255000,16,0,0,fused_streaming,circular,persistent,1,1
4154,255875,259708,16,0,0,fused_streaming,circular,persistent,1,1
4155,246916,250791,16,0,0,fused_streaming,circular,persistent,1,1
4156,237000,240875,16,0,0,fused_streaming,circular,persistent,1,1
4157,237792,241667,16,0,0,fused_streaming,circular,persistent,1,1
4158,240333,244209,16,0,0,fused_streaming,circular,persistent,1,1
4159,240125,244000,16,0,0,fused_streaming,circular,persistent,1,1
4160,239666,243500,16,0,0,fused_streaming,circular,persistent,1,1
4161,239292,243209,16,0,0,fused_streaming,circular,persistent,1,1
4162,241125,245000,16,0,0,fused_streaming,circular,persistent,1,1
4163,243000,246834,16,0,0,fused_streaming,circular,persistent,1,1
4164,244500,248375,16,0,0,fused_streaming,circular,persistent,1,1
4165,256083,260000,16,0,0,fused_streaming,circular,persistent,1,1
4166,242709,246791,16,0,0,fused_streaming,circular,persistent,1,1
4167,236084,240041,16,0,0,fused_streaming,circular,persistent,1,1
4168,225833,229792,16,0,0,fused_streaming,circular,persistent,1,1
4169,242833,246709,16,0,0,fused_streaming,circular,persistent,1,1
4170,238625,242500,16,0,0,fused_streaming,circular,persistent,1,1
4171,282500,286833,16,0,0,fused_streaming,circular,persistent,1,1
4172,238250,242083,16,0,0,fused_streaming,circular,persistent,1,1
4173,276958,281083,16,0,0,fused_streaming,circular,persistent,1,1
4174,245208,249083,16,0,0,fused_streaming,circular,persistent,1,1
4175,284542,288625,16,0,0,fused_streaming,circular,persistent,1,1
4176,250958,255250,16,0,0,fused_streaming,circular,persistent,1,1
4177,244792,248709,16,0,0,fused_streaming,circular,persistent,1,1
4178,231125,235000,16,0,0,fused_streaming,circular,persistent,1,1
4179,268250,272708,16,0,0,fused_streaming,circular,persistent,1,1
4180,236125,240000,16,0,0,fused_streaming,circular,persistent,1,1
4181,233792,237625,16,0,0,fused_streaming,circular,persistent,1,1
4182,242542,246417,16,0,0,fused_streaming,circular,persistent,1,1
4183,240167,244084,16,0,0,fused_streaming,circular,persistent,1,1
4184,235500,239417,16,0,0,fused_streaming,circular,persistent,1,1
4185,243417,247291,16,0,0,fused_streaming,circular,persistent,1,1
4186,242250,246125,16,0,0,fused_streaming,circular,persistent,1,1
4187,247875,251792,16,0,0,fused_streaming,circular,persistent,1,1
4188,243625,247541,16,0,0,fused_streaming,circular,persistent,1,1
4189,230542,234458,16,0,0,fused_streaming,circular,persistent,1,1
4190,231292,235209,16,0,0,fused_streaming,circular,persistent,1,1
4191,232500,236416,16,0,0,fused_streaming,circular,persistent,1,1
4192,235750,239584,16,0,0,fused_streaming,circular,persistent,1,1
4193,244209,248125,16,0,0,fused_streaming,circular,persistent,1,1
4194,237041,241042,16,0,0,fused_streaming,circular,persistent,1,1
4195,235334,239458,16,0,0,fused_streaming,circular,persistent,1,1
4196,242375,246250,16,0,0,fused_streaming,circular,persistent,1,1
4197,241959,245833,16,0,0,fused_streaming,circular,persistent,1,1
4198,248250,252041,16,0,0,fused_streaming,circular,persistent,1,1
4199,247208,251083,16,0,0,fused_streaming,circular,persistent,1,1
4200,241167,245250,16,0,0,fused_streaming,circular,persistent,1,1
4201,236125,239958,16,0,0,fused_streaming,circular,persistent,1,1
4202,235625,239458,16,0,0,fused_streaming,circular,persistent,1,1
4203,242792,246667,16,0,0,fused_streaming,circular,persistent,1,1
4204,237625,241417,16,0,0,fused_streaming,circular,persistent,1,1
4205,234459,238250,16,0,0,fused_streaming,circular,persistent,1,1
4206,242042,246041,16,0,0,fused_streaming,circular,persistent,1,1
4207,240958,244917,16,0,0,fused_streaming,circular,persistent,1,1
4208,250708,254667,16,0,0,fused_streaming,circular,persistent,1,1
4209,252958,256834,16,0,0,fused_streaming,circular,persistent,1,1
4210,248166,252041,16,0,0,fused_streaming,circular,persistent,1,1
4211,232666,236500,16,0,0,fused_streaming,circular,persistent,1,1
4212,237083,241000,16,0,0,fused_streaming,circular,persistent,1,1
4213,237459,241500,16,0,0,fused_streaming,circular,persistent,1,1
4214,243792,247750,16,0,0,fused_streaming,circular,persistent,1,1
4215,238166,241958,16,0,0,fused_streaming,circular,persistent,1,1
4216,237250,241125,16,0,0,fused_streaming,circular,persistent,1,1
4217,238750,242542,16,0,0,fused_streaming,circular,persistent,1,1
4218,240959,244792,16,0,0,fused_streaming,circular,persistent,1,1
4219,248833,252750,16,0,0,fused_streaming,circular,persistent,1,1
4220,293458,297500,16,0,0,fused_streaming,circular,persistent,1,1
4221,254291,258167,16,0,0,fused_streaming,circular,persistent,1,1
4222,232500,236792,16,0,0,fused_streaming,circular,persistent,1,1
4223,231500,235666,16,0,0,fused_streaming,circular,persistent,1,1
4224,236042,239958,16,0,0,fused_streaming,circular,persistent,1,1
4225,243042,246916,16,0,0,fused_streaming,circular,persistent,1,1
4226,236750,240667,16,0,0,fused_streaming,circular,persistent,1,1
4227,239167,243041,16,0,0,fused_streaming,circular,persistent,1,1
4228,237541,245625,16,0,0,fused_streaming,circular,persistent,1,1
4229,232500,236625,16,0,0,fused_streaming,circular,persistent,1,1
4230,248917,252833,16,0,0,fused_streaming,circular,persistent,1,1
4231,253167,257041,16,0,0,fused_streaming,circular,persistent,1,1
4232,251167,255125,16,0,0,fused_streaming,circular,persistent,1,1
4233,242542,246416,16,0,0,fused_streaming,circular,persistent,1,1
4234,235541,239500,16,0,0,fused_streaming,circular,persistent,1,1
4235,233791,237709,16,0,0,fused_streaming,circular,persistent,1,1
4236,237292,245625,16,0,0,fused_streaming,circular,persistent,1,1
4237,260500,264500,16,0,0,fused_streaming,circular,persistent,1,1
4238,238833,242709,16,0,0,fused_streaming,circular,persistent,1,1
4239,241500,245375,16,0,0,fused_streaming,circular,persistent,1,1
4240,233167,237125,16,0,0,fused_streaming,circular,persistent,1,1
4241,245500,249417,16,0,0,fused_streaming,circular,persistent,1,1
4242,252417,256416,16,0,0,fused_streaming,circular,persistent,1,1
4243,255875,259750,16,0,0,fused_streaming,circular,persistent,1,1
4244,241750,245750,16,0,0,fused_streaming,circular,persistent,1,1
4245,239083,243000,16,0,0,fused_streaming,circular,persistent,1,1
4246,240417,244291,16,0,0,fused_streaming,circular,persistent,1,1
4247,238709,242541,16,0,0,fused_streaming,circular,persistent,1,1
4248,239417,243375,16,0,0,fused_streaming,circular,persistent,1,1
4249,242166,246083,16,0,0,fused_streaming,circular,persistent,1,1
4250,240541,244417,16,0,0,fused_streaming,circular,persistent,1,1
4251,232125,236042,16,0,0,fused_streaming,circular,persistent,1,1
4252,243667,247625,16,0,0,fused_streaming,circular,persistent,1,1
4253,252875,256792,16,0,0,fused_streaming,circular,persistent,1,1
4254,257083,260958,16,0,0,fused_streaming,circular,persistent,1,1
4255,244167,248042,16,0,0,fused_streaming,circular,persistent,1,1
4256,237417,241291,16,0,0,fused_streaming,circular,persistent,1,1
4257,237250,241208,16,0,0,fused_streaming,circular,persistent,1,1
4258,241834,245708,16,0,0,fused_streaming,circular,persistent,1,1
4259,235958,239917,16,0,0,fused_streaming,circular,persistent,1,1
4260,235416,239292,16,0,0,fused_streaming,circular,persistent,1,1
4261,245250,249208,16,0,0,fused_streaming,circular,persistent,1,1
4262,232291,236250,16,0,0,fused_streaming,circular,persistent,1,1
4263,280416,284583,16,0,0,fused_streaming,circular,persistent,1,1
4264,250500,254375,16,0,0,fused_streaming,circular,persistent,1,1
4265,256417,260458,16,0,0,fused_streaming,circular,persistent,1,1
4266,246333,250208,16,0,0,fused_streaming,circular,persistent,1,1
4267,237791,241750,16,0,0,fused_streaming,circular,persistent,1,1
4268,238083,241959,16,0,0,fused_streaming,circular,persistent,1,1
4269,280583,284667,16,0,0,fused_streaming,circular,persistent,1,1
4270,241416,245292,16,0,0,fused_streaming,circular,persistent,1,1
4271,237333,241292,16,0,0,fused_streaming,circular,persistent,1,1
4272,240917,244791,16,0,0,fused_streaming,circular,persistent,1,1
4273,231583,235500,16,0,0,fused_streaming,circular,persistent,1,1
4274,237875,241875,16,0,0,fused_streaming,circular,persistent,1,1
4275,251042,254917,16,0,0,fused_streaming,circular,persistent,1,1
4276,255334,259250,16,0,0,fused_streaming,circular,persistent,1,1
4277,248000,251917,16,0,0,fused_streaming,circular,persistent,1,1
4278,232834,236708,16,0,0,fused_streaming,circular,persistent,1,1
4279,236875,240750,16,0,0,fused_streaming,circular,persistent,1,1
4280,241542,245500,16,0,0,fused_streaming,circular,persistent,1,1
4281,234625,238542,16,0,0,fused_streaming,circular,persistent,1,1
4282,247958,251792,16,0,0,fused_streaming,circular,persistent,1,1
4283,244000,248250,16,0,0,fused_streaming,circular,persistent,1,1
4284,235958,239833,16,0,0,fused_streaming,circular,persistent,1,1
4285,236708,240542,16,0,0,fused_streaming,circular,persistent,1,1
4286,249000,252917,16,0,0,fused_streaming,circular,persistent,1,1
4287,250708,254875,16,0,0,fused_streaming,circular,persistent,1,1
4288,244708,248625,16,0,0,fused_streaming,circular,persistent,1,1
4289,238750,242709,16,0,0,fused_streaming,circular,persistent,1,1
4290,235000,238916,16,0,0,fused_streaming,circular,persistent,1,1
4291,242541,246417,16,0,0,fused_streaming,circular,persistent,1,1
4292,235833,240125,16,0,0,fused_streaming,circular,persistent,1,1
4293,229458,233417,16,0,0,fused_streaming,circular,persistent,1,1
4294,233875,237792,16,0,0,fused_streaming,circular,persistent,1,1
4295,273416,277458,16,0,0,fused_streaming,circular,persistent,1,1
4296,239916,243917,16,0,0,fused_streaming,circular,persistent,1,1
4297,289167,293250,16,0,0,fused_streaming,circular,persistent,1,1
4298,254667,258583,16,0,0,fused_streaming,circular,persistent,1,1
4299,251084,254916,16,0,0,fused_streaming,circular,persistent,1,1
4300,239375,243250,16,0,0,fused_streaming,circular,persistent,1,1
4301,285500,289542,16,0,0,fused_streaming,circular,persistent,1,1
4302,234042,238000,16,0,0,fused_streaming,circular,persistent,1,1
4303,261209,265208,16,0,0,fused_streaming,circular,persistent,1,1
4304,227292,231209,16,0,0,fused_streaming,circular,persistent,1,1
4305,235083,239000,16,0,0,fused_streaming,circular,persistent,1,1
4306,236083,240000,16,0,0,fused_streaming,circular,persistent,1,1
4307,232666,236583,16,0,0,fused_streaming,circular,persistent,1,1
4308,249500,253417,16,0,0,fused_streaming,circular,persistent,1,1
4309,254541,258500,16,0,0,fused_streaming,circular,persistent,1,1
4310,247583,251500,16,0,0,fused_streaming,circular,persistent,1,1
4311,232417,236584,16,0,0,fused_streaming,circular,persistent,1,1
4312,240583,244459,16,0,0,fused_streaming,circular,persistent,1,1
4313,236375,240666,16,0,0,fused_streaming,circular,persistent,1,1
4314,241500,245375,16,0,0,fused_streaming,circular,persistent,1,1
4315,232000,235875,16,0,0,fused_streaming,circular,persistent,1,1
4316,238291,242250,16,0,0,fused_streaming,circular,persistent,1,1
4317,239750,243625,16,0,0,fused_streaming,circular,persistent,1,1
4318,235958,239917,16,0,0,fused_streaming,circular,persistent,1,1
4319,240542,244791,16,0,0,fused_streaming,circular,persistent,1,1
4320,248209,252041,16,0,0,fused_streaming,circular,persistent,1,1
4321,246000,249916,16,0,0,fused_streaming,circular,persistent,1,1
4322,240250,244250,16,0,0,fused_streaming,circular,persistent,1,1
4323,239791,243667,16,0,0,fused_streaming,circular,persistent,1,1
4324,283667,287709,16,0,0,fused_streaming,circular,persistent,1,1
4325,241208,245250,16,0,0,fused_streaming,circular,persistent,1,1
4326,234167,238000,16,0,0,fused_streaming,circular,persistent,1,1
4327,234417,238292,16,0,0,fused_streaming,circular,persistent,1,1
4328,239375,243250,16,0,0,fused_streaming,circular,persistent,1,1
4329,236875,240792,16,0,0,fused_streaming,circular,persistent,1,1
4330,243375,247208,16,0,0,fused_streaming,circular,persistent,1,1
4331,251584,255500,16,0,0,fused_streaming,circular,persistent,1,1
4332,252417,256250,16,0,0,fused_streaming,circular,persistent,1,1
4333,245208,249041,16,0,0,fused_streaming,circular,persistent,1,1
4334,238417,242375,16,0,0,fused_streaming,circular,persistent,1,1
4335,236083,239916,16,0,0,fused_streaming,circular,persistent,1,1
4336,239583,243500,16,0,0,fused_streaming,circular,persistent,1,1
4337,233209,237041,16,0,0,fused_streaming,circular,persistent,1,1
4338,228959,232709,16,0,0,fused_streaming,circular,persistent,1,1
4339,281750,285833,16,0,0,fused_streaming,circular,persistent,1,1
4340,232375,236166,16,0,0,fused_streaming,circular,persistent,1,1
4341,291708,295875,16,0,0,fused_streaming,circular,persistent,1,1
4342,252375,256250,16,0,0,fused_streaming,circular,persistent,1,1
4343,248958,253041,16,0,0,fused_streaming,circular,persistent,1,1
4344,244084,247917,16,0,0,fused_streaming,circular,persistent,1,1
4345,234584,238416,16,0,0,fused_streaming,circular,persistent,1,1
4346,232125,236000,16,0,0,fused_streaming,circular,persistent,1,1
4347,239209,243125,16,0,0,fused_streaming,circular,persistent,1,1
4348,235500,239333,16,0,0,fused_streaming,circular,persistent,1,1
4349,232750,236584,16,0,0,fused_streaming,circular,persistent,1,1
4350,239917,243834,16,0,0,fused_streaming,circular,persistent,1,1
4351,238500,242458,16,0,0,fused_streaming,circular,persistent,1,1
4352,238875,242792,16,0,0,fused_streaming,circular,persistent,1,1
4353,251000,254875,16,0,0,fused_streaming,circular,persistent,1,1
4354,248917,252833,16,0,0,fused_streaming,circular,persistent,1,1
4355,242708,246667,16,0,0,fused_streaming,circular,persistent,1,1
4356,232791,236709,16,0,0,fused_streaming,circular,persistent,1,1
4357,231250,235416,16,0,0,fused_streaming,circular,persistent,1,1
4358,239542,243458,16,0,0,fused_streaming,circular,persistent,1,1
4359,236084,239958,16,0,0,fused_streaming,circular,persistent,1,1
4360,225958,229834,16,0,0,fused_streaming,circular,persistent,1,1
4361,232625,236500,16,0,0,fused_streaming,circular,persistent,1,1
4362,242000,246042,16,0,0,fused_streaming,circular,persistent,1,1
4363,242750,246625,16,0,0,fused_streaming,circular,persistent,1,1
4364,292000,296042,16,0,0,fused_streaming,circular,persistent,1,1
4365,247750,251708,16,0,0,fused_streaming,circular,persistent,1,1
4366,249667,253708,16,0,0,fused_streaming,circular,persistent,1,1
4367,229125,233000,16,0,0,fused_streaming,circular,persistent,1,1
4368,232792,236708,16,0,0,fused_streaming,circular,persistent,1,1
4369,236750,240584,16,0,0,fused_streaming,circular,persistent,1,1
4370,238709,242583,16,0,0,fused_streaming,circular,persistent,1,1
4371,220583,224459,16,0,0,fused_streaming,circular,persistent,1,1
4372,233750,237625,16,0,0,fused_streaming,circular,persistent,1,1
4373,232458,236375,16,0,0,fused_streaming,circular,persistent,1,1
4374,233375,237583,16,0,0,fused_streaming,circular,persistent,1,1
4375,247375,251250,16,0,0,fused_streaming,circular,persistent,1,1
4376,248000,251875,16,0,0,fused_streaming,circular,persistent,1,1
4377,245791,249667,16,0,0,fused_streaming,circular,persistent,1,1
4378,232417,236291,16,0,0,fused_streaming,circular,persistent,1,1
4379,228000,231875,16,0,0,fused_streaming,circular,persistent,1,1
4380,233750,237584,16,0,0,fused_streaming,circular,persistent,1,1
4381,278334,282375,16,0,0,fused_streaming,circular,persistent,1,1
4382,227792,231667,16,0,0,fused_streaming,circular,persistent,1,1
4383,231875,235750,16,0,0,fused_streaming,circular,persistent,1,1
4384,239125,243000,16,0,0,fused_streaming,circular,persistent,1,1
4385,240375,244208,16,0,0,fused_streaming,circular,persistent,1,1
4386,252375,256292,16,0,0,fused_streaming,circular,persistent,1,1
4387,252042,255958,16,0,0,fused_streaming,circular,persistent,1,1
4388,250500,254459,16,0,0,fused_streaming,circular,persistent,1,1
4389,238750,242625,16,0,0,fused_streaming,circular,persistent,1,1
4390,234292,238167,16,0,0,fused_streaming,circular,persistent,1,1
4391,233041,236917,16,0,0,fused_streaming,circular,persistent,1,1
4392,234792,238750,16,0,0,fused_streaming,circular,persistent,1,1
4393,228000,231833,16,0,0,fused_streaming,circular,persistent,1,1
4394,240125,244000,16,0,0,fused_streaming,circular,persistent,1,1
4395,240458,244334,16,0,0,fused_streaming,circular,persistent,1,1
4396,241708,245791,16,0,0,fused_streaming,circular,persistent,1,1
4397,249583,253459,16,0,0,fused_streaming,circular,persistent,1,1
4398,253000,256917,16,0,0,fused_streaming,circular,persistent,1,1
4399,251833,255666,16,0,0,fused_streaming,circular,persistent,1,1
4400,236084,239958,16,0,0,fused_streaming,circular,persistent,1,1
4401,230000,233917,16,0,0,fused_streaming,circular,persistent,1,1
4402,266625,270708,16,0,0,fused_streaming,circular,persistent,1,1
4403,230958,234792,16,0,0,fused_streaming,circular,persistent,1,1
4404,230541,234500,16,0,0,fused_streaming,circular,persistent,1,1
4405,229333,237583,16,0,0,fused_streaming,circular,persistent,1,1
4406,236250,240167,16,0,0,fused_streaming,circular,persistent,1,1
4407,240208,244083,16,0,0,fused_streaming,circular,persistent,1,1
4408,246750,250584,16,0,0,fused_streaming,circular,persistent,1,1
4409,248000,251875,16,0,0,fused_streaming,circular,persistent,1,1
4410,247542,251500,16,0,0,fused_streaming,circular,persistent,1,1
4411,243042,247167,16,0,0,fused_streaming,circular,persistent,1,1
4412,233958,237792,16,0,0,fused_streaming,circular,persistent,1,1
4413,224708,228584,16,0,0,fused_streaming,circular,persistent,1,1
4414,236042,239875,16,0,0,fused_streaming,circular,persistent,1,1
4415,239833,243750,16,0,0,fused_streaming,circular,persistent,1,1
4416,235000,238875,16,0,0,fused_streaming,circular,persistent,1,1
4417,280375,284459,16,0,0,fused_streaming,circular,persistent,1,1
4418,235042,238875,16,0,0,fused_streaming,circular,persistent,1,1
4419,281875,286042,16,0,0,fused_streaming,circular,persistent,1,1
4420,250042,253917,16,0,0,fused_streaming,circular,persistent,1,1
4421,253458,257417,16,0,0,fused_streaming,circular,persistent,1,1
4422,244834,248666,16,0,0,fused_streaming,circular,persistent,1,1
4423,276709,280750,16,0,0,fused_streaming,circular,persistent,1,1
4424,227000,230875,16,0,0,fused_streaming,circular,persistent,1,1
4425,236208,240125,16,0,0,fused_streaming,circular,persistent,1,1
4426,238583,242458,16,0,0,fused_streaming,circular,persistent,1,1
4427,234125,238000,16,0,0,fused_streaming,circular,persistent,1,1
4428,236625,240583,16,0,0,fused_streaming,circular,persistent,1,1
4429,235084,238958,16,0,0,fused_streaming,circular,persistent,1,1
4430,241917,245834,16,0,0,fused_streaming,circular,persistent,1,1
4431,246625,250500,16,0,0,fused_streaming,circular,persistent,1,1
4432,253583,257500,16,0,0,fused_streaming,circular,persistent,1,1
4433,240209,244125,16,0,0,fused_streaming,circular,persistent,1,1
4434,232541,236458,16,0,0,fused_streaming,circular,persistent,1,1
4435,224208,228167,16,0,0,fused_streaming,circular,persistent,1,1
4436,231458,235416,16,0,0,fused_streaming,circular,persistent,1,1
4437,232750,236709,16,0,0,fused_streaming,circular,persistent,1,1
4438,229583,233542,16,0,0,fused_streaming,circular,persistent,1,1
4439,233708,237542,16,0,0,fused_streaming,circular,persistent,1,1
4440,233834,237750,16,0,0,fused_streaming,circular,persistent,1,1
4441,240583,244500,16,0,0,fused_streaming,circular,persistent,1,1
4442,253625,257500,16,0,0,fused_streaming,circular,persistent,1,1
4443,254458,258375,16,0,0,fused_streaming,circular,persistent,1,1
4444,292166,296375,16,0,0,fused_streaming,circular,persistent,1,1
4445,232583,236416,16,0,0,fused_streaming,circular,persistent,1,1
4446,222292,226084,16,0,0,fused_streaming,circular,persistent,1,1
4447,227750,231667,16,0,0,fused_streaming,circular,persistent,1,1
4448,235916,239917,16,0,0,fused_streaming,circular,persistent,1,1
4449,226375,230375,16,0,0,fused_streaming,circular,persistent,1,1
4450,233042,237000,16,0,0,fused_streaming,circular,persistent,1,1
4451,239500,243459,16,0,0,fused_streaming,circular,persistent,1,1
4452,242625,246542,16,0,0,fused_streaming,circular,persistent,1,1
4453,252458,256375,16,0,0,fused_streaming,circular,persistent,1,1
4454,251834,255750,16,0,0,fused_streaming,circular,persistent,1,1
4455,248459,252375,16,0,0,fused_streaming,circular,persistent,1,1
4456,234583,238458,16,0,0,fused_streaming,circular,persistent,1,1
4457,222000,225833,16,0,0,fused_streaming,circular,persistent,1,1
4458,230584,234583,16,0,0,fused_streaming,circular,persistent,1,1
4459,238459,242500,16,0,0,fused_streaming,circular,persistent,1,1
4460,278333,282625,16,0,0,fused_streaming,circular,persistent,1,1
4461,237542,241542,16,0,0,fused_streaming,circular,persistent,1,1
4462,240250,244166,16,0,0,fused_streaming,circular,persistent,1,1
4463,236458,241000,16,0,0,fused_streaming,circular,persistent,1,1
4464,252042,255958,16,0,0,fused_streaming,circular,persistent,1,1
4465,251916,255792,16,0,0,fused_streaming,circular,persistent,1,1
4466,287208,291459,16,0,0,fused_streaming,circular,persistent,1,1
4467,241917,245875,16,0,0,fused_streaming,circular,persistent,1,1
4468,219875,223792,16,0,0,fused_streaming,circular,persistent,1,1
4469,229333,233250,16,0,0,fused_streaming,circular,persistent,1,1
4470,238333,242584,16,0,0,fused_streaming,circular,persistent,1,1
4471,235875,239750,16,0,0,fused_streaming,circular,persistent,1,1
4472,235750,239708,16,0,0,fused_streaming,circular,persistent,1,1
4473,277416,281583,16,0,0,fused_streaming,circular,persistent,1,1
4474,240250,244167,16,0,0,fused_streaming,circular,persistent,1,1
4475,289292,293416,16,0,0,fused_streaming,circular,persistent,1,1
4476,251417,255291,16,0,0,fused_streaming,circular,persistent,1,1
4477,250667,254583,16,0,0,fused_streaming,circular,persistent,1,1
4478,237084,241000,16,0,0,fused_streaming,circular,persistent,1,1
4479,266959,271042,16,0,0,fused_streaming,circular,persistent,1,1
4480,227417,231250,16,0,0,fused_streaming,circular,persistent,1,1
4481,238208,242083,16,0,0,fused_streaming,circular,persistent,1,1
4482,234125,238042,16,0,0,fused_streaming,circular,persistent,1,1
4483,227209,231083,16,0,0,fused_streaming,circular,persistent,1,1
4484,236083,239833,16,0,0,fused_streaming,circular,persistent,1,1
4485,242542,246375,16,0,0,fused_streaming,circular,persistent,1,1
4486,242375,246250,16,0,0,fused_streaming,circular,persistent,1,1
4487,245292,249208,16,0,0,fused_streaming,circular,persistent,1,1
4488,245916,249875,16,0,0,fused_streaming,circular,persistent,1,1
4489,241625,245500,16,0,0,fused_streaming,circular,persistent,1,1
4490,227834,231750,16,0,0,fused_streaming,circular,persistent,1,1
4491,215792,219625,16,0,0,fused_streaming,circular,persistent,1,1
4492,236958,240792,16,0,0,fused_streaming,circular,persistent,1,1
4493,235084,238958,16,0,0,fused_streaming,circular,persistent,1,1
4494,232459,236375,16,0,0,fused_streaming,circular,persistent,1,1
4495,240416,244291,16,0,0,fused_streaming,circular,persistent,1,1
4496,240625,244500,16,0,0,fused_streaming,circular,persistent,1,1
4497,237417,241291,16,0,0,fused_streaming,circular,persistent,1,1
4498,250833,254667,16,0,0,fused_streaming,circular,persistent,1,1
4499,247792,251708,16,0,0,fused_streaming,circular,persistent,1,1
4500,243417,247292,16,0,0,fused_streaming,circular,persistent,1,1
4501,236250,240208,16,0,0,fused_streaming,circular,persistent,1,1
4502,221000,224834,16,0,0,fused_streaming,circular,persistent,1,1
4503,280708,284708,16,0,0,fused_streaming,circular,persistent,1,1
4504,235542,239542,16,0,0,fused_streaming,circular,persistent,1,1
4505,228208,232125,16,0,0,fused_streaming,circular,persistent,1,1
4506,233625,237458,16,0,0,fused_streaming,circular,persistent,1,1
4507,233041,236875,16,0,0,fused_streaming,circular,persistent,1,1
4508,242500,246333,16,0,0,fused_streaming,circular,persistent,1,1
4509,251375,255375,16,0,0,fused_streaming,circular,persistent,1,1
4510,250875,254750,16,0,0,fused_streaming,circular,persistent,1,1
4511,240375,244209,16,0,0,fused_streaming,circular,persistent,1,1
4512,237709,241583,16,0,0,fused_streaming,circular,persistent,1,1
4513,219167,223083,16,0,0,fused_streaming,circular,persistent,1,1
4514,231875,235708,16,0,0,fused_streaming,circular,persistent,1,1
4515,231083,235000,16,0,0,fused_streaming,circular,persistent,1,1
4516,272500,276625,16,0,0,fused_streaming,circular,persistent,1,1
4517,235375,239333,16,0,0,fused_streaming,circular,persistent,1,1
4518,235167,239041,16,0,0,fused_streaming,circular,persistent,1,1
4519,240500,244333,16,0,0,fused_streaming,circular,persistent,1,1
4520,251750,255625,16,0,0,fused_streaming,circular,persistent,1,1
4521,251042,254958,16,0,0,fused_streaming,circular,persistent,1,1
4522,249208,253167,16,0,0,fused_streaming,circular,persistent,1,1
4523,241125,245000,16,0,0,fused_streaming,circular,persistent,1,1
4524,220041,223917,16,0,0,fused_streaming,circular,persistent,1,1
4525,234625,238542,16,0,0,fused_streaming,circular,persistent,1,1
4526,237125,241042,16,0,0,fused_streaming,circular,persistent,1,1
4527,235291,239292,16,0,0,fused_streaming,circular,persistent,1,1
4528,240042,243875,16,0,0,fused_streaming,circular,persistent,1,1
4529,239958,243834,16,0,0,fused_streaming,circular,persistent,1,1
4530,239333,243125,16,0,0,fused_streaming,circular,persistent,1,1
4531,252375,256250,16,0,0,fused_streaming,circular,persistent,1,1
4532,250875,254750,16,0,0,fused_streaming,circular,persistent,1,1
4533,249709,253583,16,0,0,fused_streaming,circular,persistent,1,1
4534,238583,246917,16,0,0,fused_streaming,circular,persistent,1,1
4535,226500,230334,16,0,0,fused_streaming,circular,persistent,1,1
4536,225000,228792,16,0,0,fused_streaming,circular,persistent,1,1
4537,232375,236292,16,0,0,fused_streaming,circular,persistent,1,1
4538,229167,233041,16,0,0,fused_streaming,circular,persistent,1,1
4539,236833,240708,16,0,0,fused_streaming,circular,persistent,1,1
4540,237375,241250,16,0,0,fused_streaming,circular,persistent,1,1
4541,230750,234625,16,0,0,fused_streaming,circular,persistent,1,1
4542,246458,250334,16,0,0,fused_streaming,circular,persistent,1,1
4543,246375,250458,16,0,0,fused_streaming,circular,persistent,1,1
4544,245750,249709,16,0,0,fused_streaming,circular,persistent,1,1
4545,243250,247125,16,0,0,fused_streaming,circular,persistent,1,1
4546,225084,229041,16,0,0,fused_streaming,circular,persistent,1,1
4547,230083,233875,16,0,0,fused_streaming,circular,persistent,1,1
4548,238000,241875,16,0,0,fused_streaming,circular,persistent,1,1
4549,235417,239292,16,0,0,fused_streaming,circular,persistent,1,1
4550,237417,241375,16,0,0,fused_streaming,circular,persistent,1,1
4551,241417,245334,16,0,0,fused_streaming,circular,persistent,1,1
4552,280875,284958,16,0,0,fused_streaming,circular,persistent,1,1
4553,247792,251667,16,0,0,fused_streaming,circular,persistent,1,1
4554,252417,256375,16,0,0,fused_streaming,circular,persistent,1,1
4555,250208,254125,16,0,0,fused_streaming,circular,persistent,1,1
4556,244125,248041,16,0,0,fused_streaming,circular,persistent,1,1
4557,228958,232792,16,0,0,fused_streaming,circular,persistent,1,1
4558,226833,230750,16,0,0,fused_streaming,circular,persistent,1,1
4559,238375,242292,16,0,0,fused_streaming,circular,persistent,1,1
4560,233500,237458,16,0,0,fused_streaming,circular,persistent,1,1
4561,229333,233209,16,0,0,fused_streaming,circular,persistent,1,1
4562,241792,245750,16,0,0,fused_streaming,circular,persistent,1,1
4563,240167,244042,16,0,0,fused_streaming,circular,persistent,1,1
4564,239834,243666,16,0,0,fused_streaming,circular,persistent,1,1
4565,246958,250958,16,0,0,fused_streaming,circular,persistent,1,1
4566,245583,249500,16,0,0,fused_streaming,circular,persistent,1,1
4567,247583,251583,16,0,0,fused_streaming,circular,persistent,1,1
4568,233250,237125,16,0,0,fused_streaming,circular,persistent,1,1
4569,232333,236542,16,0,0,fused_streaming,circular,persistent,1,1
4570,237833,241792,16,0,0,fused_streaming,circular,persistent,1,1
4571,234917,239209,16,0,0,fused_streaming,circular,persistent,1,1
4572,232750,236708,16,0,0,fused_streaming,circular,persistent,1,1
4573,283584,287750,16,0,0,fused_streaming,circular,persistent,1,1
4574,236666,240500,16,0,0,fused_streaming,circular,persistent,1,1
4575,282334,286500,16,0,0,fused_streaming,circular,persistent,1,1
4576,241250,245125,16,0,0,fused_streaming,circular,persistent,1,1
4577,280542,284584,16,0,0,fused_streaming,circular,persistent,1,1
4578,243958,247958,16,0,0,fused_streaming,circular,persistent,1,1
4579,240375,244292,16,0,0,fused_streaming,circular,persistent,1,1
4580,231833,235667,16,0,0,fused_streaming,circular,persistent,1,1
4581,226708,230625,16,0,0,fused_streaming,circular,persistent,1,1
4582,234292,238250,16,0,0,fused_streaming,circular,persistent,1,1
4583,233500,237292,16,0,0,fused_streaming,circular,persistent,1,1
4584,236958,240959,16,0,0,fused_streaming,circular,persistent,1,1
4585,230083,234000,16,0,0,fused_streaming,circular,persistent,1,1
4586,237125,241000,16,0,0,fused_streaming,circular,persistent,1,1
4587,230625,234542,16,0,0,fused_streaming,circular,persistent,1,1
4588,224958,233417,16,0,0,fused_streaming,circular,persistent,1,1
4589,237625,241542,16,0,0,fused_streaming,circular,persistent,1,1
4590,236584,240500,16,0,0,fused_streaming,circular,persistent,1,1
4591,227916,231917,16,0,0,fused_streaming,circular,persistent,1,1
4592,217542,221792,16,0,0,fused_streaming,circular,persistent,1,1
4593,271459,275500,16,0,0,fused_streaming,circular,persistent,1,1
4594,225958,229875,16,0,0,fused_streaming,circular,persistent,1,1
4595,223291,227167,16,0,0,fused_streaming,circular,persistent,1,1
4596,227416,231417,16,0,0,fused_streaming,circular,persistent,1,1
4597,222625,226542,16,0,0,fused_streaming,circular,persistent,1,1
4598,212875,216750,16,0,0,fused_streaming,circular,persistent,1,1
4599,225583,229459,16,0,0,fused_streaming,circular,persistent,1,1
4600,233792,237708,16,0,0,fused_streaming,circular,persistent,1,1
4601,230083,234084,16,0,0,fused_streaming,circular,persistent,1,1
4602,218208,222084,16,0,0,fused_streaming,circular,persistent,1,1
4603,214875,218834,16,0,0,fused_streaming,circular,persistent,1,1
4604,217584,221500,16,0,0,fused_streaming,circular,persistent,1,1
4605,219000,222958,16,0,0,fused_streaming,circular,persistent,1,1
4606,221625,225500,16,0,0,fused_streaming,circular,persistent,1,1
4607,207000,210958,16,0,0,fused_streaming,circular,persistent,1,1
4608,220208,224042,16,0,0,fused_streaming,circular,persistent,1,1
4609,226208,230083,16,0,0,fused_streaming,circular,persistent,1,1
4610,223709,227875,16,0,0,fused_streaming,circular,persistent,1,1
4611,216584,220500,16,0,0,fused_streaming,circular,persistent,1,1
4612,218417,222500,16,0,0,fused_streaming,circular,persistent,1,1
4613,223334,227250,16,0,0,fused_streaming,circular,persistent,1,1
4614,214958,219084,16,0,0,fused_streaming,circular,persistent,1,1
4615,222250,226125,16,0,0,fused_streaming,circular,persistent,1,1
4616,210250,214084,16,0,0,fused_streaming,circular,persistent,1,1
4617,220750,224750,16,0,0,fused_streaming,circular,persistent,1,1
4618,212125,220500,16,0,0,fused_streaming,circular,persistent,1,1
4619,219208,223042,16,0,0,fused_streaming,circular,persistent,1,1
4620,208334,212542,16,0,0,fused_streaming,circular,persistent,1,1
4621,216458,220375,16,0,0,fused_streaming,circular,persistent,1,1
4622,211417,215334,16,0,0,fused_streaming,circular,persistent,1,1
4623,216083,220000,16,0,0,fused_streaming,circular,persistent,1,1
4624,212208,216125,16,0,0,fused_streaming,circular,persistent,1,1
4625,216500,220334,16,0,0,fused_streaming,circular,persistent,1,1
4626,220458,224500,16,0,0,fused_streaming,circular,persistent,1,1
4627,212625,216500,16,0,0,fused_streaming,circular,persistent,1,1
4628,221209,225125,16,0,0,fused_streaming,circular,persistent,1,1
4629,217542,221500,16,0,0,fused_streaming,circular,persistent,1,1
4630,213042,216917,16,0,0,fused_streaming,circular,persistent,1,1
4631,217917,221833,16,0,0,fused_streaming,circular,persistent,1,1
4632,208833,212791,16,0,0,fused_streaming,circular,persistent,1,1
4633,217500,221333,16,0,0,fused_streaming,circular,persistent,1,1
4634,223458,227333,16,0,0,fused_streaming,circular,persistent,1,1
4635,227583,231542,16,0,0,fused_streaming,circular,persistent,1,1
4636,221500,225459,16,0,0,fused_streaming,circular,persistent,1,1
4637,209833,213792,16,0,0,fused_streaming,circular,persistent,1,1
4638,221042,224916,16,0,0,fused_streaming,circular,persistent,1,1
4639,224958,228875,16,0,0,fused_streaming,circular,persistent,1,1
4640,222042,225916,16,0,0,fused_streaming,circular,persistent,1,1
4641,223667,227625,16,0,0,fused_streaming,circular,persistent,1,1
4642,218791,222750,16,0,0,fused_streaming,circular,persistent,1,1
4643,217750,221584,16,0,0,fused_streaming,circular,persistent,1,1
4644,216250,220125,16,0,0,fused_streaming,circular,persistent,1,1
4645,214750,218625,16,0,0,fused_streaming,circular,persistent,1,1
4646,218916,222833,16,0,0,fused_streaming,circular,persistent,1,1
4647,225209,229209,16,0,0,fused_streaming,circular,persistent,1,1
4648,222750,226709,16,0,0,fused_streaming,circular,persistent,1,1
4649,221625,225750,16,0,0,fused_streaming,circular,persistent,1,1
4650,227000,230875,16,0,0,fused_streaming,circular,persistent,1,1
4651,225625,229500,16,0,0,fused_streaming,circular,persistent,1,1
4652,222459,230834,16,0,0,fused_streaming,circular,persistent,1,1
4653,225458,229333,16,0,0,fused_streaming,circular,persistent,1,1
4654,265500,269666,16,0,0,fused_streaming,circular,persistent,1,1
4655,222625,226541,16,0,0,fused_streaming,circular,persistent,1,1
4656,222458,226333,16,0,0,fused_streaming,circular,persistent,1,1
4657,220584,224542,16,0,0,fused_streaming,circular,persistent,1,1
4658,212125,216041,16,0,0,fused_streaming,circular,persistent,1,1
4659,226250,230167,16,0,0,fused_streaming,circular,persistent,1,1
4660,228167,232042,16,0,0,fused_streaming,circular,persistent,1,1
4661,221125,225083,16,0,0,fused_streaming,circular,persistent,1,1
4662,229459,233333,16,0,0,fused_streaming,circular,persistent,1,1
4663,221000,224875,16,0,0,fused_streaming,circular,persistent,1,1
4664,219959,223833,16,0,0,fused_streaming,circular,persistent,1,1
4665,214333,218292,16,0,0,fused_streaming,circular,persistent,1,1
4666,219541,223417,16,0,0,fused_streaming,circular,persistent,1,1
4667,219250,223166,16,0,0,fused_streaming,circular,persistent,1,1
4668,224250,228167,16,0,0,fused_streaming,circular,persistent,1,1
4669,242042,245875,16,0,0,fused_streaming,circular,persistent,1,1
4670,251166,255167,16,0,0,fused_streaming,circular,persistent,1,1
4671,245334,253333,16,0,0,fused_streaming,circular,persistent,1,1
4672,246084,249916,16,0,0,fused_streaming,circular,persistent,1,1
4673,245708,253791,16,0,0,fused_streaming,circular,persistent,1,1
4674,245041,248917,16,0,0,fused_streaming,circular,persistent,1,1
4675,239667,243542,16,0,0,fused_streaming,circular,persistent,1,1
4676,231958,236000,16,0,0,fused_streaming,circular,persistent,1,1
4677,225125,229000,16,0,0,fused_streaming,circular,persistent,1,1
4678,225000,228875,16,0,0,fused_streaming,circular,persistent,1,1
4679,221209,225333,16,0,0,fused_streaming,circular,persistent,1,1
4680,224375,228209,16,0,0,fused_streaming,circular,persistent,1,1
4681,247125,251000,16,0,0,fused_streaming,circular,persistent,1,1
4682,247583,251459,16,0,0,fused_streaming,circular,persistent,1,1
4683,252458,256375,16,0,0,fused_streaming,circular,persistent,1,1
4684,258458,262292,16,0,0,fused_streaming,circular,persistent,1,1
4685,251209,255125,16,0,0,fused_streaming,circular,persistent,1,1
4686,285875,289959,16,0,0,fused_streaming,circular,persistent,1,1
4687,246916,250875,16,0,0,fused_streaming,circular,persistent,1,1
4688,282042,286250,16,0,0,fused_streaming,circular,persistent,1,1
4689,233417,237667,16,0,0,fused_streaming,circular,persistent,1,1
4690,232208,236125,16,0,0,fused_streaming,circular,persistent,1,1
4691,235083,238917,16,0,0,fused_streaming,circular,persistent,1,1
4692,230500,234417,16,0,0,fused_streaming,circular,persistent,1,1
4693,229875,233750,16,0,0,fused_streaming,circular,persistent,1,1
4694,226959,230750,16,0,0,fused_streaming,circular,persistent,1,1
4695,246167,250083,16,0,0,fused_streaming,circular,persistent,1,1
4696,251292,255250,16,0,0,fused_streaming,circular,persistent,1,1
4697,251041,255000,16,0,0,fused_streaming,circular,persistent,1,1
4698,256334,260125,16,0,0,fused_streaming,circular,persistent,1,1
4699,251458,255333,16,0,0,fused_streaming,circular,persistent,1,1
4700,247334,251208,16,0,0,fused_streaming,circular,persistent,1,1
4701,247333,251208,16,0,0,fused_streaming,circular,persistent,1,1
4702,239208,243084,16,0,0,fused_streaming,circular,persistent,1,1
4703,238542,242500,16,0,0,fused_streaming,circular,persistent,1,1
4704,227333,231167,16,0,0,fused_streaming,circular,persistent,1,1
4705,230834,234792,16,0,0,fused_streaming,circular,persistent,1,1
4706,223416,227291,16,0,0,fused_streaming,circular,persistent,1,1
4707,214875,218750,16,0,0,fused_streaming,circular,persistent,1,1
4708,232833,236709,16,0,0,fused_streaming,circular,persistent,1,1
4709,239875,243667,16,0,0,fused_streaming,circular,persistent,1,1
4710,245625,249500,16,0,0,fused_streaming,circular,persistent,1,1
4711,246667,250834,16,0,0,fused_streaming,circular,persistent,1,1
4712,257000,260875,16,0,0,fused_streaming,circular,persistent,1,1
4713,251334,255375,16,0,0,fused_streaming,circular,persistent,1,1
4714,245041,249042,16,0,0,fused_streaming,circular,persistent,1,1
4715,265959,270041,16,0,0,fused_streaming,circular,persistent,1,1
4716,233917,238041,16,0,0,fused_streaming,circular,persistent,1,1
4717,270000,274416,16,0,0,fused_streaming,circular,persistent,1,1
4718,229750,233625,16,0,0,fused_streaming,circular,persistent,1,1
4719,233958,237792,16,0,0,fused_streaming,circular,persistent,1,1
4720,222458,226459,16,0,0,fused_streaming,circular,persistent,1,1
4721,223292,227166,16,0,0,fused_streaming,circular,persistent,1,1
4722,239667,243666,16,0,0,fused_streaming,circular,persistent,1,1
4723,241167,245084,16,0,0,fused_streaming,circular,persistent,1,1
4724,252625,256541,16,0,0,fused_streaming,circular,persistent,1,1
4725,251667,255583,16,0,0,fused_streaming,circular,persistent,1,1
4726,251708,255667,16,0,0,fused_streaming,circular,persistent,1,1
4727,249459,253417,16,0,0,fused_streaming,circular,persistent,1,1
4728,240833,244834,16,0,0,fused_streaming,circular,persistent,1,1
4729,244583,248458,16,0,0,fused_streaming,circular,persistent,1,1
4730,239875,243750,16,0,0,fused_streaming,circular,persistent,1,1
4731,231750,235667,16,0,0,fused_streaming,circular,persistent,1,1
4732,236208,240417,16,0,0,fused_streaming,circular,persistent,1,1
4733,238000,241875,16,0,0,fused_streaming,circular,persistent,1,1
4734,265750,269833,16,0,0,fused_streaming,circular,persistent,1,1
4735,223959,227917,16,0,0,fused_streaming,circular,persistent,1,1
4736,241625,245625,16,0,0,fused_streaming,circular,persistent,1,1
4737,244791,248625,16,0,0,fused_streaming,circular,persistent,1,1
4738,250834,254666,16,0,0,fused_streaming,circular,persistent,1,1
4739,252333,256292,16,0,0,fused_streaming,circular,persistent,1,1
4740,294333,298542,16,0,0,fused_streaming,circular,persistent,1,1
4741,248875,252791,16,0,0,fused_streaming,circular,persistent,1,1
4742,280208,289375,16,0,0,fused_streaming,circular,persistent,1,1
4743,243000,246875,16,0,0,fused_streaming,circular,persistent,1,1
4744,278833,282875,16,0,0,fused_streaming,circular,persistent,1,1
4745,229541,233542,16,0,0,fused_streaming,circular,persistent,1,1
4746,232458,236417,16,0,0,fused_streaming,circular,persistent,1,1
4747,231750,235667,16,0,0,fused_streaming,circular,persistent,1,1
4748,219875,223708,16,0,0,fused_streaming,circular,persistent,1,1
4749,228417,232292,16,0,0,fused_streaming,circular,persistent,1,1
4750,238416,242334,16,0,0,fused_streaming,circular,persistent,1,1
4751,244500,248459,16,0,0,fused_streaming,circular,persistent,1,1
4752,248958,252875,16,0,0,fused_streaming,circular,persistent,1,1
4753,252042,256083,16,0,0,fused_streaming,circular,persistent,1,1
4754,250708,254625,16,0,0,fused_streaming,circular,persistent,1,1
4755,241667,245542,16,0,0,fused_streaming,circular,persistent,1,1
4756,244708,248625,16,0,0,fused_streaming,circular,persistent,1,1
4757,239416,243208,16,0,0,fused_streaming,circular,persistent,1,1
4758,244208,248042,16,0,0,fused_streaming,circular,persistent,1,1
4759,235000,238916,16,0,0,fused_streaming,circular,persistent,1,1
4760,237125,241000,16,0,0,fused_streaming,circular,persistent,1,1
4761,232250,236167,16,0,0,fused_streaming,circular,persistent,1,1
4762,227125,231041,16,0,0,fused_streaming,circular,persistent,1,1
4763,224916,228792,16,0,0,fused_streaming,circular,persistent,1,1
4764,233375,237333,16,0,0,fused_streaming,circular,persistent,1,1
4765,249625,253500,16,0,0,fused_streaming,circular,persistent,1,1
4766,247333,251250,16,0,0,fused_streaming,circular,persistent,1,1
4767,252416,256292,16,0,0,fused_streaming,circular,persistent,1,1
4768,249542,253416,16,0,0,fused_streaming,circular,persistent,1,1
4769,290459,294500,16,0,0,fused_streaming,circular,persistent,1,1
4770,244667,248541,16,0,0,fused_streaming,circular,persistent,1,1
4771,280000,284125,16,0,0,fused_streaming,circular,persistent,1,1
4772,244167,248083,16,0,0,fused_streaming,circular,persistent,1,1
4773,236792,240709,16,0,0,fused_streaming,circular,persistent,1,1
4774,237958,241792,16,0,0,fused_streaming,circular,persistent,1,1
4775,227750,231667,16,0,0,fused_streaming,circular,persistent,1,1
4776,229500,233375,16,0,0,fused_streaming,circular,persistent,1,1
4777,236375,240250,16,0,0,fused_streaming,circular,persistent,1,1
4778,235500,239542,16,0,0,fused_streaming,circular,persistent,1,1
4779,249625,253583,16,0,0,fused_streaming,circular,persistent,1,1
4780,244042,247959,16,0,0,fused_streaming,circular,persistent,1,1
4781,252834,256791,16,0,0,fused_streaming,circular,persistent,1,1
4782,256000,259875,16,0,0,fused_streaming,circular,persistent,1,1
4783,244208,248208,16,0,0,fused_streaming,circular,persistent,1,1
4784,238666,242583,16,0,0,fused_streaming,circular,persistent,1,1
4785,243125,247042,16,0,0,fused_streaming,circular,persistent,1,1
4786,239042,242958,16,0,0,fused_streaming,circular,persistent,1,1
4787,236875,240792,16,0,0,fused_streaming,circular,persistent,1,1
4788,229166,233083,16,0,0,fused_streaming,circular,persistent,1,1
4789,230917,234791,16,0,0,fused_streaming,circular,persistent,1,1
4790,217583,221584,16,0,0,fused_streaming,circular,persistent,1,1
4791,236333,240209,16,0,0,fused_streaming,circular,persistent,1,1
4792,233417,237333,16,0,0,fused_streaming,circular,persistent,1,1
4793,245667,249500,16,0,0,fused_streaming,circular,persistent,1,1
4794,243541,247417,16,0,0,fused_streaming,circular,persistent,1,1
4795,249417,253292,16,0,0,fused_streaming,circular,persistent,1,1
4796,255333,259250,16,0,0,fused_streaming,circular,persistent,1,1
4797,242042,246042,16,0,0,fused_streaming,circular,persistent,1,1
4798,241458,245459,16,0,0,fused_streaming,circular,persistent,1,1
4799,241500,245375,16,0,0,fused_streaming,circular,persistent,1,1
4800,244500,248417,16,0,0,fused_streaming,circular,persistent,1,1
4801,237292,241125,16,0,0,fused_streaming,circular,persistent,1,1
4802,232583,236542,16,0,0,fused_streaming,circular,persistent,1,1
4803,231333,235209,16,0,0,fused_streaming,circular,persistent,1,1
4804,225584,229667,16,0,0,fused_streaming,circular,persistent,1,1
4805,234583,238459,16,0,0,fused_streaming,circular,persistent,1,1
4806,277459,281875,16,0,0,fused_streaming,circular,persistent,1,1
4807,244917,248750,16,0,0,fused_streaming,circular,persistent,1,1
4808,281000,285000,16,0,0,fused_streaming,circular,persistent,1,1
4809,240667,244542,16,0,0,fused_streaming,circular,persistent,1,1
4810,256083,260041,16,0,0,fused_streaming,circular,persistent,1,1
4811,243375,247417,16,0,0,fused_streaming,circular,persistent,1,1
4812,247208,251167,16,0,0,fused_streaming,circular,persistent,1,1
4813,243500,247583,16,0,0,fused_streaming,circular,persistent,1,1
4814,245583,249459,16,0,0,fused_streaming,circular,persistent,1,1
4815,235875,239709,16,0,0,fused_streaming,circular,persistent,1,1
4816,233084,236958,16,0,0,fused_streaming,circular,persistent,1,1
4817,228667,232584,16,0,0,fused_streaming,circular,persistent,1,1
4818,222375,226542,16,0,0,fused_streaming,circular,persistent,1,1
4819,228625,232541,16,0,0,fused_streaming,circular,persistent,1,1
4820,235375,239250,16,0,0,fused_streaming,circular,persistent,1,1
4821,250583,254458,16,0,0,fused_streaming,circular,persistent,1,1
4822,235625,239583,16,0,0,fused_streaming,circular,persistent,1,1
4823,250625,254584,16,0,0,fused_streaming,circular,persistent,1,1
4824,248959,252875,16,0,0,fused_streaming,circular,persistent,1,1
4825,244958,248917,16,0,0,fused_streaming,circular,persistent,1,1
4826,238209,242125,16,0,0,fused_streaming,circular,persistent,1,1
4827,244000,247916,16,0,0,fused_streaming,circular,persistent,1,1
4828,243667,247541,16,0,0,fused_streaming,circular,persistent,1,1
4829,231667,235625,16,0,0,fused_streaming,circular,persistent,1,1
4830,232458,236333,16,0,0,fused_streaming,circular,persistent,1,1
4831,233541,237833,16,0,0,fused_streaming,circular,persistent,1,1
4832,229834,233667,16,0,0,fused_streaming,circular,persistent,1,1
4833,230041,233875,16,0,0,fused_streaming,circular,persistent,1,1
4834,242334,246250,16,0,0,fused_streaming,circular,persistent,1,1
4835,242667,246500,16,0,0,fused_streaming,circular,persistent,1,1
4836,228375,232250,16,0,0,fused_streaming,circular,persistent,1,1
4837,250250,254125,16,0,0,fused_streaming,circular,persistent,1,1
4838,249208,253125,16,0,0,fused_streaming,circular,persistent,1,1
4839,242833,246708,16,0,0,fused_streaming,circular,persistent,1,1
4840,239041,242875,16,0,0,fused_streaming,circular,persistent,1,1
4841,243583,247416,16,0,0,fused_streaming,circular,persistent,1,1
4842,243875,247792,16,0,0,fused_streaming,circular,persistent,1,1
4843,228625,232500,16,0,0,fused_streaming,circular,persistent,1,1
4844,233167,237083,16,0,0,fused_streaming,circular,persistent,1,1
4845,227584,231458,16,0,0,fused_streaming,circular,persistent,1,1
4846,231250,235083,16,0,0,fused_streaming,circular,persistent,1,1
4847,228667,232542,16,0,0,fused_streaming,circular,persistent,1,1
4848,282958,287042,16,0,0,fused_streaming,circular,persistent,1,1
4849,241541,245458,16,0,0,fused_streaming,circular,persistent,1,1
4850,274083,278500,16,0,0,fused_streaming,circular,persistent,1,1
4851,249917,253750,16,0,0,fused_streaming,circular,persistent,1,1
4852,253875,257709,16,0,0,fused_streaming,circular,persistent,1,1
4853,242416,246333,16,0,0,fused_streaming,circular,persistent,1,1
4854,244916,248875,16,0,0,fused_streaming,circular,persistent,1,1
4855,243333,247166,16,0,0,fused_streaming,circular,persistent,1,1
4856,245125,249125,16,0,0,fused_streaming,circular,persistent,1,1
4857,232292,236167,16,0,0,fused_streaming,circular,persistent,1,1
4858,237167,241042,16,0,0,fused_streaming,circular,persistent,1,1
4859,232500,236333,16,0,0,fused_streaming,circular,persistent,1,1
4860,227458,231292,16,0,0,fused_streaming,circular,persistent,1,1
4861,234000,237875,16,0,0,fused_streaming,circular,persistent,1,1
4862,241459,245291,16,0,0,fused_streaming,circular,persistent,1,1
4863,245334,249167,16,0,0,fused_streaming,circular,persistent,1,1
4864,233291,237083,16,0,0,fused_streaming,circular,persistent,1,1
4865,251541,255417,16,0,0,fused_streaming,circular,persistent,1,1
4866,252583,256459,16,0,0,fused_streaming,circular,persistent,1,1
4867,242541,246416,16,0,0,fused_streaming,circular,persistent,1,1
4868,243667,247542,16,0,0,fused_streaming,circular,persistent,1,1
4869,244417,248292,16,0,0,fused_streaming,circular,persistent,1,1
4870,241959,245791,16,0,0,fused_streaming,circular,persistent,1,1
4871,234875,238708,16,0,0,fused_streaming,circular,persistent,1,1
4872,234833,238750,16,0,0,fused_streaming,circular,persistent,1,1
4873,266750,270917,16,0,0,fused_streaming,circular,persistent,1,1
4874,230708,234667,16,0,0,fused_streaming,circular,persistent,1,1
4875,232291,236208,16,0,0,fused_streaming,circular,persistent,1,1
4876,248041,251958,16,0,0,fused_streaming,circular,persistent,1,1
4877,237500,241458,16,0,0,fused_streaming,circular,persistent,1,1
4878,230125,234083,16,0,0,fused_streaming,circular,persistent,1,1
4879,250666,254542,16,0,0,fused_streaming,circular,persistent,1,1
4880,251375,255209,16,0,0,fused_streaming,circular,persistent,1,1
4881,243208,247125,16,0,0,fused_streaming,circular,persistent,1,1
4882,238667,242541,16,0,0,fused_streaming,circular,persistent,1,1
4883,243125,247000,16,0,0,fused_streaming,circular,persistent,1,1
4884,242334,246208,16,0,0,fused_streaming,circular,persistent,1,1
4885,235584,239416,16,0,0,fused_streaming,circular,persistent,1,1
4886,234917,238834,16,0,0,fused_streaming,circular,persistent,1,1
4887,233708,237625,16,0,0,fused_streaming,circular,persistent,1,1
4888,238708,242667,16,0,0,fused_streaming,circular,persistent,1,1
4889,232542,236417,16,0,0,fused_streaming,circular,persistent,1,1
4890,241292,245291,16,0,0,fused_streaming,circular,persistent,1,1
4891,243125,247042,16,0,0,fused_streaming,circular,persistent,1,1
4892,237500,241416,16,0,0,fused_streaming,circular,persistent,1,1
4893,249667,253666,16,0,0,fused_streaming,circular,persistent,1,1
4894,251750,255708,16,0,0,fused_streaming,circular,persistent,1,1
4895,265791,269917,16,0,0,fused_streaming,circular,persistent,1,1
4896,244584,248500,16,0,0,fused_streaming,circular,persistent,1,1
4897,242833,246750,16,0,0,fused_streaming,circular,persistent,1,1
4898,237417,241375,16,0,0,fused_streaming,circular,persistent,1,1
4899,231708,235542,16,0,0,fused_streaming,circular,persistent,1,1
4900,268333,272458,16,0,0,fused_streaming,circular,persistent,1,1
4901,228333,232208,16,0,0,fused_streaming,circular,persistent,1,1
4902,236792,240667,16,0,0,fused_streaming,circular,persistent,1,1
4903,234167,238041,16,0,0,fused_streaming,circular,persistent,1,1
4904,245125,249125,16,0,0,fused_streaming,circular,persistent,1,1
4905,244167,248083,16,0,0,fused_streaming,circular,persistent,1,1
4906,232459,236417,16,0,0,fused_streaming,circular,persistent,1,1
4907,250958,254875,16,0,0,fused_streaming,circular,persistent,1,1
4908,250042,253917,16,0,0,fused_streaming,circular,persistent,1,1
4909,243292,247209,16,0,0,fused_streaming,circular,persistent,1,1
4910,244000,248042,16,0,0,fused_streaming,circular,persistent,1,1
4911,243208,247250,16,0,0,fused_streaming,circular,persistent,1,1
4912,240792,244666,16,0,0,fused_streaming,circular,persistent,1,1
4913,236625,240542,16,0,0,fused_streaming,circular,persistent,1,1
4914,235875,239833,16,0,0,fused_streaming,circular,persistent,1,1
4915,236042,240000,16,0,0,fused_streaming,circular,persistent,1,1
4916,234209,238083,16,0,0,fused_streaming,circular,persistent,1,1
4917,238375,242250,16,0,0,fused_streaming,circular,persistent,1,1
4918,242959,246875,16,0,0,fused_streaming,circular,persistent,1,1
4919,243833,247750,16,0,0,fused_streaming,circular,persistent,1,1
4920,235917,239833,16,0,0,fused_streaming,circular,persistent,1,1
4921,247666,252542,16,0,0,fused_streaming,circular,persistent,1,1
4922,244375,248292,16,0,0,fused_streaming,circular,persistent,1,1
4923,243750,247625,16,0,0,fused_streaming,circular,persistent,1,1
4924,238083,242042,16,0,0,fused_streaming,circular,persistent,1,1
4925,245166,249209,16,0,0,fused_streaming,circular,persistent,1,1
4926,239542,243416,16,0,0,fused_streaming,circular,persistent,1,1
4927,234417,238375,16,0,0,fused_streaming,circular,persistent,1,1
4928,236250,240167,16,0,0,fused_streaming,circular,persistent,1,1
4929,236625,240625,16,0,0,fused_streaming,circular,persistent,1,1
4930,222833,226708,16,0,0,fused_streaming,circular,persistent,1,1
4931,233041,237000,16,0,0,fused_streaming,circular,persistent,1,1
4932,243625,247542,16,0,0,fused_streaming,circular,persistent,1,1
4933,237375,241292,16,0,0,fused_streaming,circular,persistent,1,1
4934,234167,238167,16,0,0,fused_streaming,circular,persistent,1,1
4935,251209,255125,16,0,0,fused_streaming,circular,persistent,1,1
4936,250417,254417,16,0,0,fused_streaming,circular,persistent,1,1
4937,236000,239959,16,0,0,fused_streaming,circular,persistent,1,1
4938,243542,247416,16,0,0,fused_streaming,circular,persistent,1,1
4939,239625,243500,16,0,0,fused_streaming,circular,persistent,1,1
4940,240125,244042,16,0,0,fused_streaming,circular,persistent,1,1
4941,228125,232000,16,0,0,fused_streaming,circular,persistent,1,1
4942,232292,236166,16,0,0,fused_streaming,circular,persistent,1,1
4943,234208,238084,16,0,0,fused_streaming,circular,persistent,1,1
4944,226959,231084,16,0,0,fused_streaming,circular,persistent,1,1
4945,235167,239125,16,0,0,fused_streaming,circular,persistent,1,1
4946,241292,245208,16,0,0,fused_streaming,circular,persistent,1,1
4947,236667,240625,16,0,0,fused_streaming,circular,persistent,1,1
4948,230875,234875,16,0,0,fused_streaming,circular,persistent,1,1
4949,251541,255458,16,0,0,fused_streaming,circular,persistent,1,1
4950,245458,249334,16,0,0,fused_streaming,circular,persistent,1,1
4951,240666,244542,16,0,0,fused_streaming,circular,persistent,1,1
4952,241917,245916,16,0,0,fused_streaming,circular,persistent,1,1
4953,238208,242042,16,0,0,fused_streaming,circular,persistent,1,1
4954,239958,243833,16,0,0,fused_streaming,circular,persistent,1,1
4955,233792,237708,16,0,0,fused_streaming,circular,persistent,1,1
4956,236875,240708,16,0,0,fused_streaming,circular,persistent,1,1
4957,231083,234958,16,0,0,fused_streaming,circular,persistent,1,1
4958,227416,231292,16,0,0,fused_streaming,circular,persistent,1,1
4959,238292,242166,16,0,0,fused_streaming,circular,persistent,1,1
4960,240959,244875,16,0,0,fused_streaming,circular,persistent,1,1
4961,236042,240000,16,0,0,fused_streaming,circular,persistent,1,1
4962,236708,240583,16,0,0,fused_streaming,circular,persistent,1,1
4963,251250,255166,16,0,0,fused_streaming,circular,persistent,1,1
4964,248542,252416,16,0,0,fused_streaming,circular,persistent,1,1
4965,241458,245375,16,0,0,fused_streaming,circular,persistent,1,1
4966,236709,240583,16,0,0,fused_streaming,circular,persistent,1,1
4967,244833,248833,16,0,0,fused_streaming,circular,persistent,1,1
4968,239084,243084,16,0,0,fused_streaming,circular,persistent,1,1
4969,236083,240000,16,0,0,fused_streaming,circular,persistent,1,1
4970,236750,240625,16,0,0,fused_streaming,circular,persistent,1,1
4971,235417,239292,16,0,0,fused_streaming,circular,persistent,1,1
4972,227750,231667,16,0,0,fused_streaming,circular,persistent,1,1
4973,236125,240000,16,0,0,fused_streaming,circular,persistent,1,1
4974,241208,245166,16,0,0,fused_streaming,circular,persistent,1,1
4975,235208,239083,16,0,0,fused_streaming,circular,persistent,1,1
4976,237709,242000,16,0,0,fused_streaming,circular,persistent,1,1
4977,245250,249167,16,0,0,fused_streaming,circular,persistent,1,1
4978,243416,247667,16,0,0,fused_streaming,circular,persistent,1,1
4979,233666,237458,16,0,0,fused_streaming,circular,persistent,1,1
4980,242250,246334,16,0,0,fused_streaming,circular,persistent,1,1
4981,239875,243833,16,0,0,fused_streaming,circular,persistent,1,1
4982,238083,241917,16,0,0,fused_streaming,circular,persistent,1,1
4983,237375,241375,16,0,0,fused_streaming,circular,persistent,1,1
4984,236500,240375,16,0,0,fused_streaming,circular,persistent,1,1
4985,226125,230041,16,0,0,fused_streaming,circular,persistent,1,1
4986,267917,272041,16,0,0,fused_streaming,circular,persistent,1,1
4987,237750,241709,16,0,0,fused_streaming,circular,persistent,1,1
4988,242000,245875,16,0,0,fused_streaming,circular,persistent,1,1
4989,237833,241709,16,0,0,fused_streaming,circular,persistent,1,1
4990,238125,242041,16,0,0,fused_streaming,circular,persistent,1,1
4991,252958,256875,16,0,0,fused_streaming,circular,persistent,1,1
4992,249167,252959,16,0,0,fused_streaming,circular,persistent,1,1
4993,235125,239000,16,0,0,fused_streaming,circular,persistent,1,1
4994,236541,240333,16,0,0,fused_streaming,circular,persistent,1,1
4995,245416,249416,16,0,0,fused_streaming,circular,persistent,1,1
4996,239541,243458,16,0,0,fused_streaming,circular,persistent,1,1
4997,233875,237875,16,0,0,fused_streaming,circular,persistent,1,1
4998,230750,234625,16,0,0,fused_streaming,circular,persistent,1,1
4999,230834,234750,16,0,0,fused_streaming,circular,persistent,1,1
5000,225333,229125,16,0,0,fused_streaming,circular,persistent,1,1
5001,269834,273958,16,0,0,fused_streaming,circular,persistent,1,1
5002,242958,246833,16,0,0,fused_streaming,circular,persistent,1,1
5003,235208,239125,16,0,0,fused_streaming,circular,persistent,1,1
5004,241209,245083,16,0,0,fused_streaming,circular,persistent,1,1
5005,252167,256084,16,0,0,fused_streaming,circular,persistent,1,1
5006,247542,251416,16,0,0,fused_streaming,circular,persistent,1,1
5007,239334,243167,16,0,0,fused_streaming,circular,persistent,1,1
5008,237000,240833,16,0,0,fused_streaming,circular,persistent,1,1
5009,245834,249750,16,0,0,fused_streaming,circular,persistent,1,1
5010,236542,240417,16,0,0,fused_streaming,circular,persistent,1,1
5011,232459,236334,16,0,0,fused_streaming,circular,persistent,1,1
5012,237000,240958,16,0,0,fused_streaming,circular,persistent,1,1
5013,229292,233083,16,0,0,fused_streaming,circular,persistent,1,1
5014,233667,237542,16,0,0,fused_streaming,circular,persistent,1,1
5015,234542,238458,16,0,0,fused_streaming,circular,persistent,1,1
5016,244500,248417,16,0,0,fused_streaming,circular,persistent,1,1
5017,233333,237250,16,0,0,fused_streaming,circular,persistent,1,1
5018,279709,283750,16,0,0,fused_streaming,circular,persistent,1,1
5019,251167,255042,16,0,0,fused_streaming,circular,persistent,1,1
5020,250917,254958,16,0,0,fused_streaming,circular,persistent,1,1
5021,239083,243041,16,0,0,fused_streaming,circular,persistent,1,1
5022,237125,241125,16,0,0,fused_streaming,circular,persistent,1,1
5023,245375,249250,16,0,0,fused_streaming,circular,persistent,1,1
5024,276459,280791,16,0,0,fused_streaming,circular,persistent,1,1
5025,232709,236500,16,0,0,fused_streaming,circular,persistent,1,1
5026,230792,234666,16,0,0,fused_streaming,circular,persistent,1,1
5027,228583,232500,16,0,0,fused_streaming,circular,persistent,1,1
5028,228083,236167,16,0,0,fused_streaming,circular,persistent,1,1
5029,231541,235458,16,0,0,fused_streaming,circular,persistent,1,1
5030,242625,246500,16,0,0,fused_streaming,circular,persistent,1,1
5031,234083,238042,16,0,0,fused_streaming,circular,persistent,1,1
5032,241166,245042,16,0,0,fused_streaming,circular,persistent,1,1
5033,251833,255792,16,0,0,fused_streaming,circular,persistent,1,1
5034,243417,247291,16,0,0,fused_streaming,circular,persistent,1,1
5035,241250,245167,16,0,0,fused_streaming,circular,persistent,1,1
5036,240583,244458,16,0,0,fused_streaming,circular,persistent,1,1
5037,244958,248959,16,0,0,fused_streaming,circular,persistent,1,1
5038,240833,244666,16,0,0,fused_streaming,circular,persistent,1,1
5039,235292,239208,16,0,0,fused_streaming,circular,persistent,1,1
5040,228125,232042,16,0,0,fused_streaming,circular,persistent,1,1
5041,228791,232625,16,0,0,fused_streaming,circular,persistent,1,1
5042,229333,233292,16,0,0,fused_streaming,circular,persistent,1,1
5043,230791,234708,16,0,0,fused_streaming,circular,persistent,1,1
5044,247250,251167,16,0,0,fused_streaming,circular,persistent,1,1
5045,233375,237208,16,0,0,fused_streaming,circular,persistent,1,1
5046,240083,244125,16,0,0,fused_streaming,circular,persistent,1,1
5047,250708,254625,16,0,0,fused_streaming,circular,persistent,1,1
5048,248625,252500,16,0,0,fused_streaming,circular,persistent,1,1
5049,240833,244750,16,0,0,fused_streaming,circular,persistent,1,1
5050,240833,244834,16,0,0,fused_streaming,circular,persistent,1,1
5051,244459,248375,16,0,0,fused_streaming,circular,persistent,1,1
5052,242584,246500,16,0,0,fused_streaming,circular,persistent,1,1
5053,237167,241083,16,0,0,fused_streaming,circular,persistent,1,1
5054,231750,241000,16,0,0,fused_streaming,circular,persistent,1,1
5055,230042,234000,16,0,0,fused_streaming,circular,persistent,1,1
5056,225875,229708,16,0,0,fused_streaming,circular,persistent,1,1
5057,230500,234458,16,0,0,fused_streaming,circular,persistent,1,1
5058,243792,247792,16,0,0,fused_streaming,circular,persistent,1,1
5059,227750,231917,16,0,0,fused_streaming,circular,persistent,1,1
5060,233875,237709,16,0,0,fused_streaming,circular,persistent,1,1
5061,248167,253083,16,0,0,fused_streaming,circular,persistent,1,1
5062,244542,248500,16,0,0,fused_streaming,circular,persistent,1,1
5063,245292,249125,16,0,0,fused_streaming,circular,persistent,1,1
5064,248500,252417,16,0,0,fused_streaming,circular,persistent,1,1
5065,237792,241792,16,0,0,fused_streaming,circular,persistent,1,1
5066,233709,237666,16,0,0,fused_streaming,circular,persistent,1,1
5067,245208,249125,16,0,0,fused_streaming,circular,persistent,1,1
5068,226125,230042,16,0,0,fused_streaming,circular,persistent,1,1
5069,214333,218292,16,0,0,fused_streaming,circular,persistent,1,1
5070,218125,222041,16,0,0,fused_streaming,circular,persistent,1,1
5071,230500,234375,16,0,0,fused_streaming,circular,persistent,1,1
5072,230292,234167,16,0,0,fused_streaming,circular,persistent,1,1
5073,228333,232209,16,0,0,fused_streaming,circular,persistent,1,1
5074,235125,239167,16,0,0,fused_streaming,circular,persistent,1,1
5075,247000,250958,16,0,0,fused_streaming,circular,persistent,1,1
5076,243500,247375,16,0,0,fused_streaming,circular,persistent,1,1
5077,250833,254708,16,0,0,fused_streaming,circular,persistent,1,1
5078,242250,246208,16,0,0,fused_streaming,circular,persistent,1,1
5079,240666,244583,16,0,0,fused_streaming,circular,persistent,1,1
5080,245833,249750,16,0,0,fused_streaming,circular,persistent,1,1
5081,239875,243750,16,0,0,fused_streaming,circular,persistent,1,1
5082,236958,240958,16,0,0,fused_streaming,circular,persistent,1,1
5083,240875,244791,16,0,0,fused_streaming,circular,persistent,1,1
5084,233334,237208,16,0,0,fused_streaming,circular,persistent,1,1
5085,234500,238375,16,0,0,fused_streaming,circular,persistent,1,1
5086,238541,242500,16,0,0,fused_streaming,circular,persistent,1,1
5087,237958,241875,16,0,0,fused_streaming,circular,persistent,1,1
5088,235167,239000,16,0,0,fused_streaming,circular,persistent,1,1
5089,223917,227792,16,0,0,fused_streaming,circular,persistent,1,1
5090,225083,228959,16,0,0,fused_streaming,circular,persistent,1,1
5091,225250,229083,16,0,0,fused_streaming,circular,persistent,1,1
5092,221542,225542,16,0,0,fused_streaming,circular,persistent,1,1
5093,222917,226750,16,0,0,fused_streaming,circular,persistent,1,1
5094,267500,271625,16,0,0,fused_streaming,circular,persistent,1,1
5095,225750,229625,16,0,0,fused_streaming,circular,persistent,1,1
5096,212500,216417,16,0,0,fused_streaming,circular,persistent,1,1
5097,218000,221958,16,0,0,fused_streaming,circular,persistent,1,1
5098,228458,232417,16,0,0,fused_streaming,circular,persistent,1,1
5099,209042,212958,16,0,0,fused_streaming,circular,persistent,1,1
5100,222708,226708,16,0,0,fused_streaming,circular,persistent,1,1
5101,219292,223250,16,0,0,fused_streaming,circular,persistent,1,1
5102,214916,218833,16,0,0,fused_streaming,circular,persistent,1,1
5103,215958,219959,16,0,0,fused_streaming,circular,persistent,1,1
5104,220625,224500,16,0,0,fused_streaming,circular,persistent,1,1
5105,214166,218042,16,0,0,fused_streaming,circular,persistent,1,1
5106,216875,220917,16,0,0,fused_streaming,circular,persistent,1,1
5107,211917,215875,16,0,0,fused_streaming,circular,persistent,1,1
5108,220042,223917,16,0,0,fused_streaming,circular,persistent,1,1
5109,238084,242250,16,0,0,fused_streaming,circular,persistent,1,1
5110,221917,225875,16,0,0,fused_streaming,circular,persistent,1,1
5111,222583,226500,16,0,0,fused_streaming,circular,persistent,1,1
5112,220250,224083,16,0,0,fused_streaming,circular,persistent,1,1
5113,212792,216750,16,0,0,fused_streaming,circular,persistent,1,1
5114,214583,218583,16,0,0,fused_streaming,circular,persistent,1,1
5115,211958,215875,16,0,0,fused_streaming,circular,persistent,1,1
5116,218125,222000,16,0,0,fused_streaming,circular,persistent,1,1
5117,211958,215875,16,0,0,fused_streaming,circular,persistent,1,1
5118,215084,218958,16,0,0,fused_streaming,circular,persistent,1,1
5119,220958,224875,16,0,0,fused_streaming,circular,persistent,1,1
5120,222042,225875,16,0,0,fused_streaming,circular,persistent,1,1
5121,211625,215500,16,0,0,fused_streaming,circular,persistent,1,1
5122,215833,219750,16,0,0,fused_streaming,circular,persistent,1,1
5123,213750,217583,16,0,0,fused_streaming,circular,persistent,1,1
5124,202542,206458,16,0,0,fused_streaming,circular,persistent,1,1
5125,217375,221708,16,0,0,fused_streaming,circular,persistent,1,1
5126,218750,222625,16,0,0,fused_streaming,circular,persistent,1,1
5127,218583,222458,16,0,0,fused_streaming,circular,persistent,1,1
5128,213459,217375,16,0,0,fused_streaming,circular,persistent,1,1
5129,228917,232875,16,0,0,fused_streaming,circular,persistent,1,1
5130,221125,225000,16,0,0,fused_streaming,circular,persistent,1,1
5131,217500,221458,16,0,0,fused_streaming,circular,persistent,1,1
5132,218709,222584,16,0,0,fused_streaming,circular,persistent,1,1
5133,217625,221458,16,0,0,fused_streaming,circular,persistent,1,1
5134,214958,218875,16,0,0,fused_streaming,circular,persistent,1,1
5135,221958,225834,16,0,0,fused_streaming,circular,persistent,1,1
5136,223583,227500,16,0,0,fused_streaming,circular,persistent,1,1
5137,219000,223417,16,0,0,fused_streaming,circular,persistent,1,1
5138,225500,229458,16,0,0,fused_streaming,circular,persistent,1,1
5139,214000,217916,16,0,0,fused_streaming,circular,persistent,1,1
5140,220041,223917,16,0,0,fused_streaming,circular,persistent,1,1
5141,224709,228708,16,0,0,fused_streaming,circular,persistent,1,1
5142,217875,221791,16,0,0,fused_streaming,circular,persistent,1,1
5143,212417,216625,16,0,0,fused_streaming,circular,persistent,1,1
5144,228708,232584,16,0,0,fused_streaming,circular,persistent,1,1
5145,225708,229583,16,0,0,fused_streaming,circular,persistent,1,1
5146,225584,229500,16,0,0,fused_streaming,circular,persistent,1,1
5147,229334,233167,16,0,0,fused_streaming,circular,persistent,1,1
5148,221833,225750,16,0,0,fused_streaming,circular,persistent,1,1
5149,226667,230667,16,0,0,fused_streaming,circular,persistent,1,1
5150,221959,225791,16,0,0,fused_streaming,circular,persistent,1,1
5151,220750,224667,16,0,0,fused_streaming,circular,persistent,1,1
5152,225042,228959,16,0,0,fused_streaming,circular,persistent,1,1
5153,224125,227958,16,0,0,fused_streaming,circular,persistent,1,1
5154,262459,266500,16,0,0,fused_streaming,circular,persistent,1,1
5155,222167,230333,16,0,0,fused_streaming,circular,persistent,1,1
5156,230375,234250,16,0,0,fused_streaming,circular,persistent,1,1
5157,227500,231417,16,0,0,fused_streaming,circular,persistent,1,1
5158,224625,228458,16,0,0,fused_streaming,circular,persistent,1,1
5159,270625,274792,16,0,0,fused_streaming,circular,persistent,1,1
5160,220625,224458,16,0,0,fused_streaming,circular,persistent,1,1
5161,214208,218125,16,0,0,fused_streaming,circular,persistent,1,1
5162,226500,230417,16,0,0,fused_streaming,circular,persistent,1,1
5163,214917,218792,16,0,0,fused_streaming,circular,persistent,1,1
5164,230459,234291,16,0,0,fused_streaming,circular,persistent,1,1
5165,244625,248542,16,0,0,fused_streaming,circular,persistent,1,1
5166,252833,256708,16,0,0,fused_streaming,circular,persistent,1,1
5167,251541,255500,16,0,0,fused_streaming,circular,persistent,1,1
5168,257459,261375,16,0,0,fused_streaming,circular,persistent,1,1
5169,247500,251333,16,0,0,fused_streaming,circular,persistent,1,1
5170,242084,246083,16,0,0,fused_streaming,circular,persistent,1,1
5171,234459,238375,16,0,0,fused_streaming,circular,persistent,1,1
5172,235917,239750,16,0,0,fused_streaming,circular,persistent,1,1
5173,227917,231791,16,0,0,fused_streaming,circular,persistent,1,1
5174,230667,234500,16,0,0,fused_streaming,circular,persistent,1,1
5175,248833,252667,16,0,0,fused_streaming,circular,persistent,1,1
5176,256875,260750,16,0,0,fused_streaming,circular,persistent,1,1
5177,256959,260833,16,0,0,fused_streaming,circular,persistent,1,1
5178,254125,258000,16,0,0,fused_streaming,circular,persistent,1,1
5179,252666,256542,16,0,0,fused_streaming,circular,persistent,1,1
5180,249500,253416,16,0,0,fused_streaming,circular,persistent,1,1
5181,242500,246375,16,0,0,fused_streaming,circular,persistent,1,1
5182,237041,241083,16,0,0,fused_streaming,circular,persistent,1,1
5183,237125,241083,16,0,0,fused_streaming,circular,persistent,1,1
5184,271167,275292,16,0,0,fused_streaming,circular,persistent,1,1
5185,241625,245625,16,0,0,fused_streaming,circular,persistent,1,1
5186,238583,242417,16,0,0,fused_streaming,circular,persistent,1,1
5187,253750,257750,16,0,0,fused_streaming,circular,persistent,1,1
5188,256042,259958,16,0,0,fused_streaming,circular,persistent,1,1
5189,253875,257792,16,0,0,fused_streaming,circular,persistent,1,1
5190,256417,260333,16,0,0,fused_streaming,circular,persistent,1,1
5191,252542,256417,16,0,0,fused_streaming,circular,persistent,1,1
5192,249583,253459,16,0,0,fused_streaming,circular,persistent,1,1
5193,242792,246750,16,0,0,fused_streaming,circular,persistent,1,1
5194,234583,238417,16,0,0,fused_streaming,circular,persistent,1,1
5195,235166,239000,16,0,0,fused_streaming,circular,persistent,1,1
5196,230041,234167,16,0,0,fused_streaming,circular,persistent,1,1
5197,242125,245958,16,0,0,fused_streaming,circular,persistent,1,1
5198,241417,245292,16,0,0,fused_streaming,circular,persistent,1,1
5199,248542,252458,16,0,0,fused_streaming,circular,persistent,1,1
5200,248958,252833,16,0,0,fused_streaming,circular,persistent,1,1
5201,259625,263500,16,0,0,fused_streaming,circular,persistent,1,1
5202,252875,256750,16,0,0,fused_streaming,circular,persistent,1,1
5203,253916,257750,16,0,0,fused_streaming,circular,persistent,1,1
5204,245083,248958,16,0,0,fused_streaming,circular,persistent,1,1
5205,235875,239750,16,0,0,fused_streaming,circular,persistent,1,1
5206,236167,240125,16,0,0,fused_streaming,circular,persistent,1,1
5207,232750,236584,16,0,0,fused_streaming,circular,persistent,1,1
5208,233917,237834,16,0,0,fused_streaming,circular,persistent,1,1
5209,235584,239458,16,0,0,fused_streaming,circular,persistent,1,1
5210,247458,251333,16,0,0,fused_streaming,circular,persistent,1,1
5211,256083,259917,16,0,0,fused_streaming,circular,persistent,1,1
5212,246833,250667,16,0,0,fused_streaming,circular,persistent,1,1
5213,295291,299542,16,0,0,fused_streaming,circular,persistent,1,1
5214,250666,254500,16,0,0,fused_streaming,circular,persistent,1,1
5215,254750,258667,16,0,0,fused_streaming,circular,persistent,1,1
5216,232250,236042,16,0,0,fused_streaming,circular,persistent,1,1
5217,274000,278375,16,0,0,fused_streaming,circular,persistent,1,1
5218,236916,240792,16,0,0,fused_streaming,circular,persistent,1,1
5219,233917,237792,16,0,0,fused_streaming,circular,persistent,1,1
5220,238583,242459,16,0,0,fused_streaming,circular,persistent,1,1
5221,240875,244708,16,0,0,fused_streaming,circular,persistent,1,1
5222,251084,254958,16,0,0,fused_streaming,circular,persistent,1,1
5223,251500,255416,16,0,0,fused_streaming,circular,persistent,1,1
5224,254292,258208,16,0,0,fused_streaming,circular,persistent,1,1
5225,252375,256375,16,0,0,fused_streaming,circular,persistent,1,1
5226,245458,249417,16,0,0,fused_streaming,circular,persistent,1,1
5227,248541,252625,16,0,0,fused_streaming,circular,persistent,1,1
5228,241000,245000,16,0,0,fused_streaming,circular,persistent,1,1
5229,238583,242542,16,0,0,fused_streaming,circular,persistent,1,1
5230,240750,244625,16,0,0,fused_streaming,circular,persistent,1,1
5231,236542,240417,16,0,0,fused_streaming,circular,persistent,1,1
5232,248167,252042,16,0,0,fused_streaming,circular,persistent,1,1
5233,244250,248208,16,0,0,fused_streaming,circular,persistent,1,1
5234,254667,258542,16,0,0,fused_streaming,circular,persistent,1,1
5235,250791,254708,16,0,0,fused_streaming,circular,persistent,1,1
5236,252334,256292,16,0,0,fused_streaming,circular,persistent,1,1
5237,248875,252834,16,0,0,fused_streaming,circular,persistent,1,1
5238,247792,251625,16,0,0,fused_streaming,circular,persistent,1,1
5239,244334,248375,16,0,0,fused_streaming,circular,persistent,1,1
5240,243792,247708,16,0,0,fused_streaming,circular,persistent,1,1
5241,237250,241125,16,0,0,fused_streaming,circular,persistent,1,1
5242,240291,244167,16,0,0,fused_streaming,circular,persistent,1,1
5243,245333,249208,16,0,0,fused_streaming,circular,persistent,1,1
5244,244792,248625,16,0,0,fused_streaming,circular,persistent,1,1
5245,251167,255083,16,0,0,fused_streaming,circular,persistent,1,1
5246,254000,257875,16,0,0,fused_streaming,circular,persistent,1,1
5247,246833,250708,16,0,0,fused_streaming,circular,persistent,1,1
5248,263042,311917,16,0,0,fused_streaming,circular,persistent,1,1
5249,248958,252875,16,0,0,fused_streaming,circular,persistent,1,1
5250,254041,258000,16,0,0,fused_streaming,circular,persistent,1,1
5251,243709,247625,16,0,0,fused_streaming,circular,persistent,1,1
5252,241292,245167,16,0,0,fused_streaming,circular,persistent,1,1
5253,232959,236833,16,0,0,fused_streaming,circular,persistent,1,1
5254,242334,246250,16,0,0,fused_streaming,circular,persistent,1,1
5255,244958,248833,16,0,0,fused_streaming,circular,persistent,1,1
5256,242000,245917,16,0,0,fused_streaming,circular,persistent,1,1
5257,246042,249917,16,0,0,fused_streaming,circular,persistent,1,1
5258,255750,259625,16,0,0,fused_streaming,circular,persistent,1,1
5259,255459,259333,16,0,0,fused_streaming,circular,persistent,1,1
5260,253875,257792,16,0,0,fused_streaming,circular,persistent,1,1
5261,244958,249167,16,0,0,fused_streaming,circular,persistent,1,1
5262,252792,256750,16,0,0,fused_streaming,circular,persistent,1,1
5263,241042,244875,16,0,0,fused_streaming,circular,persistent,1,1
5264,239041,242917,16,0,0,fused_streaming,circular,persistent,1,1
5265,233917,237833,16,0,0,fused_streaming,circular,persistent,1,1
5266,245042,248959,16,0,0,fused_streaming,circular,persistent,1,1
5267,236541,240458,16,0,0,fused_streaming,circular,persistent,1,1
5268,250000,253917,16,0,0,fused_streaming,circular,persistent,1,1
5269,252291,256250,16,0,0,fused_streaming,circular,persistent,1,1
5270,248166,252000,16,0,0,fused_streaming,circular,persistent,1,1
5271,258833,262834,16,0,0,fused_streaming,circular,persistent,1,1
5272,254250,258167,16,0,0,fused_streaming,circular,persistent,1,1
5273,248250,252208,16,0,0,fused_streaming,circular,persistent,1,1
5274,242375,246625,16,0,0,fused_streaming,circular,persistent,1,1
5275,244583,248542,16,0,0,fused_streaming,circular,persistent,1,1
5276,239000,242917,16,0,0,fused_streaming,circular,persistent,1,1
5277,245417,249334,16,0,0,fused_streaming,circular,persistent,1,1
5278,241500,245625,16,0,0,fused_streaming,circular,persistent,1,1
5279,244500,248459,16,0,0,fused_streaming,circular,persistent,1,1
5280,251291,255167,16,0,0,fused_streaming,circular,persistent,1,1
5281,252500,256458,16,0,0,fused_streaming,circular,persistent,1,1
5282,254000,257958,16,0,0,fused_streaming,circular,persistent,1,1
5283,253208,257125,16,0,0,fused_streaming,circular,persistent,1,1
5284,245375,249334,16,0,0,fused_streaming,circular,persistent,1,1
5285,247750,251625,16,0,0,fused_streaming,circular,persistent,1,1
5286,241708,245583,16,0,0,fused_streaming,circular,persistent,1,1
5287,299000,303084,16,0,0,fused_streaming,circular,persistent,1,1
5288,246000,249958,16,0,0,fused_streaming,circular,persistent,1,1
5289,289708,293958,16,0,0,fused_streaming,circular,persistent,1,1
5290,240125,244125,16,0,0,fused_streaming,circular,persistent,1,1
5291,284625,289041,16,0,0,fused_streaming,circular,persistent,1,1
5292,248000,251875,16,0,0,fused_streaming,circular,persistent,1,1
5293,254084,258125,16,0,0,fused_streaming,circular,persistent,1,1
5294,250292,254208,16,0,0,fused_streaming,circular,persistent,1,1
5295,258917,262875,16,0,0,fused_streaming,circular,persistent,1,1
5296,250458,254333,16,0,0,fused_streaming,circular,persistent,1,1
5297,252000,255958,16,0,0,fused_streaming,circular,persistent,1,1
5298,239125,242958,16,0,0,fused_streaming,circular,persistent,1,1
5299,245709,249583,16,0,0,fused_streaming,circular,persistent,1,1
5300,237584,241416,16,0,0,fused_streaming,circular,persistent,1,1
5301,238417,242375,16,0,0,fused_streaming,circular,persistent,1,1
5302,244250,248083,16,0,0,fused_streaming,circular,persistent,1,1
5303,249042,252917,16,0,0,fused_streaming,circular,persistent,1,1
5304,251583,255459,16,0,0,fused_streaming,circular,persistent,1,1
5305,253292,257209,16,0,0,fused_streaming,circular,persistent,1,1
5306,255916,259792,16,0,0,fused_streaming,circular,persistent,1,1
5307,258792,262667,16,0,0,fused_streaming,circular,persistent,1,1
5308,252417,256333,16,0,0,fused_streaming,circular,persistent,1,1
5309,249834,253708,16,0,0,fused_streaming,circular,persistent,1,1
5310,238042,241958,16,0,0,fused_streaming,circular,persistent,1,1
5311,247584,251416,16,0,0,fused_streaming,circular,persistent,1,1
5312,235000,238792,16,0,0,fused_streaming,circular,persistent,1,1
5313,242417,246333,16,0,0,fused_streaming,circular,persistent,1,1
5314,244250,248166,16,0,0,fused_streaming,circular,persistent,1,1
5315,248666,252542,16,0,0,fused_streaming,circular,persistent,1,1
5316,251125,255000,16,0,0,fused_streaming,circular,persistent,1,1
5317,252667,256541,16,0,0,fused_streaming,circular,persistent,1,1
5318,252625,256833,16,0,0,fused_streaming,circular,persistent,1,1
5319,260084,264000,16,0,0,fused_streaming,circular,persistent,1,1
5320,248417,252333,16,0,0,fused_streaming,circular,persistent,1,1
5321,249500,253333,16,0,0,fused_streaming,circular,persistent,1,1
5322,240375,244250,16,0,0,fused_streaming,circular,persistent,1,1
5323,244166,248042,16,0,0,fused_streaming,circular,persistent,1,1
5324,238208,242084,16,0,0,fused_streaming,circular,persistent,1,1
5325,241625,245458,16,0,0,fused_streaming,circular,persistent,1,1
5326,242750,246667,16,0,0,fused_streaming,circular,persistent,1,1
5327,247292,251125,16,0,0,fused_streaming,circular,persistent,1,1
5328,243042,246958,16,0,0,fused_streaming,circular,persistent,1,1
5329,300667,304750,16,0,0,fused_streaming,circular,persistent,1,1
5330,258208,262084,16,0,0,fused_streaming,circular,persistent,1,1
5331,250208,254208,16,0,0,fused_streaming,circular,persistent,1,1
5332,245083,249000,16,0,0,fused_streaming,circular,persistent,1,1
5333,248917,252917,16,0,0,fused_streaming,circular,persistent,1,1
5334,246791,250625,16,0,0,fused_streaming,circular,persistent,1,1
5335,236417,240334,16,0,0,fused_streaming,circular,persistent,1,1
5336,234833,238625,16,0,0,fused_streaming,circular,persistent,1,1
5337,239792,243625,16,0,0,fused_streaming,circular,persistent,1,1
5338,244125,248084,16,0,0,fused_streaming,circular,persistent,1,1
5339,244250,248125,16,0,0,fused_streaming,circular,persistent,1,1
5340,249334,253250,16,0,0,fused_streaming,circular,persistent,1,1
5341,251167,255083,16,0,0,fused_streaming,circular,persistent,1,1
5342,258000,261875,16,0,0,fused_streaming,circular,persistent,1,1
5343,251708,255625,16,0,0,fused_streaming,circular,persistent,1,1
5344,289375,293541,16,0,0,fused_streaming,circular,persistent,1,1
5345,249000,252875,16,0,0,fused_streaming,circular,persistent,1,1
5346,286458,290542,16,0,0,fused_streaming,circular,persistent,1,1
5347,240709,244541,16,0,0,fused_streaming,circular,persistent,1,1
5348,239375,243250,16,0,0,fused_streaming,circular,persistent,1,1
5349,235625,239584,16,0,0,fused_streaming,circular,persistent,1,1
5350,249625,253541,16,0,0,fused_streaming,circular,persistent,1,1
5351,248666,252500,16,0,0,fused_streaming,circular,persistent,1,1
5352,252083,256042,16,0,0,fused_streaming,circular,persistent,1,1
5353,250708,254625,16,0,0,fused_streaming,circular,persistent,1,1
5354,257042,260917,16,0,0,fused_streaming,circular,persistent,1,1
5355,250000,253875,16,0,0,fused_streaming,circular,persistent,1,1
5356,249000,252750,16,0,0,fused_streaming,circular,persistent,1,1
5357,248208,252000,16,0,0,fused_streaming,circular,persistent,1,1
5358,241375,245292,16,0,0,fused_streaming,circular,persistent,1,1
5359,240500,244333,16,0,0,fused_streaming,circular,persistent,1,1
5360,234708,238584,16,0,0,fused_streaming,circular,persistent,1,1
5361,241250,245208,16,0,0,fused_streaming,circular,persistent,1,1
5362,246125,249958,16,0,0,fused_streaming,circular,persistent,1,1
5363,242875,246791,16,0,0,fused_streaming,circular,persistent,1,1
5364,246458,250375,16,0,0,fused_streaming,circular,persistent,1,1
5365,254166,258042,16,0,0,fused_streaming,circular,persistent,1,1
5366,256708,260542,16,0,0,fused_streaming,circular,persistent,1,1
5367,291667,295792,16,0,0,fused_streaming,circular,persistent,1,1
5368,246084,249916,16,0,0,fused_streaming,circular,persistent,1,1
5369,286709,290750,16,0,0,fused_streaming,circular,persistent,1,1
5370,239250,243208,16,0,0,fused_streaming,circular,persistent,1,1
5371,237083,240958,16,0,0,fused_streaming,circular,persistent,1,1
5372,240500,244375,16,0,0,fused_streaming,circular,persistent,1,1
5373,248334,252291,16,0,0,fused_streaming,circular,persistent,1,1
5374,244875,248708,16,0,0,fused_streaming,circular,persistent,1,1
5375,290875,294917,16,0,0,fused_streaming,circular,persistent,1,1
5376,249583,253500,16,0,0,fused_streaming,circular,persistent,1,1
5377,253250,257209,16,0,0,fused_streaming,circular,persistent,1,1
5378,258000,261875,16,0,0,fused_streaming,circular,persistent,1,1
5379,248250,252125,16,0,0,fused_streaming,circular,persistent,1,1
5380,249000,252875,16,0,0,fused_streaming,circular,persistent,1,1
5381,239709,243666,16,0,0,fused_streaming,circular,persistent,1,1
5382,239500,243416,16,0,0,fused_streaming,circular,persistent,1,1
5383,239791,243667,16,0,0,fused_streaming,circular,persistent,1,1
5384,237708,241667,16,0,0,fused_streaming,circular,persistent,1,1
5385,247500,251416,16,0,0,fused_streaming,circular,persistent,1,1
5386,248750,252625,16,0,0,fused_streaming,circular,persistent,1,1
5387,250500,254417,16,0,0,fused_streaming,circular,persistent,1,1
5388,254458,258375,16,0,0,fused_streaming,circular,persistent,1,1
5389,256542,260375,16,0,0,fused_streaming,circular,persistent,1,1
5390,294791,298958,16,0,0,fused_streaming,circular,persistent,1,1
5391,250291,254208,16,0,0,fused_streaming,circular,persistent,1,1
5392,248792,252709,16,0,0,fused_streaming,circular,persistent,1,1
5393,237750,241625,16,0,0,fused_streaming,circular,persistent,1,1
5394,274667,278750,16,0,0,fused_streaming,circular,persistent,1,1
5395,237708,241584,16,0,0,fused_streaming,circular,persistent,1,1
5396,287125,291250,16,0,0,fused_streaming,circular,persistent,1,1
5397,249917,253792,16,0,0,fused_streaming,circular,persistent,1,1
5398,249334,253292,16,0,0,fused_streaming,circular,persistent,1,1
5399,246916,250875,16,0,0,fused_streaming,circular,persistent,1,1
5400,256208,260125,16,0,0,fused_streaming,circular,persistent,1,1
5401,256541,260500,16,0,0,fused_streaming,circular,persistent,1,1
5402,246458,250458,16,0,0,fused_streaming,circular,persistent,1,1
5403,247500,251417,16,0,0,fused_streaming,circular,persistent,1,1
5404,242792,246708,16,0,0,fused_streaming,circular,persistent,1,1
5405,239584,243500,16,0,0,fused_streaming,circular,persistent,1,1
5406,237417,241291,16,0,0,fused_streaming,circular,persistent,1,1
5407,241375,245375,16,0,0,fused_streaming,circular,persistent,1,1
5408,245583,249500,16,0,0,fused_streaming,circular,persistent,1,1
5409,249833,253750,16,0,0,fused_streaming,circular,persistent,1,1
5410,238458,242459,16,0,0,fused_streaming,circular,persistent,1,1
5411,252959,256833,16,0,0,fused_streaming,circular,persistent,1,1
5412,255542,259459,16,0,0,fused_streaming,circular,persistent,1,1
5413,256166,260042,16,0,0,fused_streaming,circular,persistent,1,1
5414,249417,253333,16,0,0,fused_streaming,circular,persistent,1,1
5415,286417,290583,16,0,0,fused_streaming,circular,persistent,1,1
5416,237333,241292,16,0,0,fused_streaming,circular,persistent,1,1
5417,234708,238542,16,0,0,fused_streaming,circular,persistent,1,1
5418,239208,243167,16,0,0,fused_streaming,circular,persistent,1,1
5419,241542,245459,16,0,0,fused_streaming,circular,persistent,1,1
5420,248583,252458,16,0,0,fused_streaming,circular,persistent,1,1
5421,248041,251958,16,0,0,fused_streaming,circular,persistent,1,1
5422,239167,243166,16,0,0,fused_streaming,circular,persistent,1,1
5423,286958,291167,16,0,0,fused_streaming,circular,persistent,1,1
5424,248292,252416,16,0,0,fused_streaming,circular,persistent,1,1
5425,256125,260167,16,0,0,fused_streaming,circular,persistent,1,1
5426,246667,250584,16,0,0,fused_streaming,circular,persistent,1,1
5427,241208,245209,16,0,0,fused_streaming,circular,persistent,1,1
5428,242792,246625,16,0,0,fused_streaming,circular,persistent,1,1
5429,242417,246584,16,0,0,fused_streaming,circular,persistent,1,1
5430,232875,236792,16,0,0,fused_streaming,circular,persistent,1,1
5431,242209,246166,16,0,0,fused_streaming,circular,persistent,1,1
5432,246042,250291,16,0,0,fused_streaming,circular,persistent,1,1
5433,255000,259000,16,0,0,fused_streaming,circular,persistent,1,1
5434,247459,251458,16,0,0,fused_streaming,circular,persistent,1,1
5435,251834,255791,16,0,0,fused_streaming,circular,persistent,1,1
5436,253958,257875,16,0,0,fused_streaming,circular,persistent,1,1
5437,250750,254708,16,0,0,fused_streaming,circular,persistent,1,1
5438,244834,248708,16,0,0,fused_streaming,circular,persistent,1,1
5439,243750,247750,16,0,0,fused_streaming,circular,persistent,1,1
5440,236916,240833,16,0,0,fused_streaming,circular,persistent,1,1
5441,241875,245792,16,0,0,fused_streaming,circular,persistent,1,1
5442,242542,246459,16,0,0,fused_streaming,circular,persistent,1,1
5443,238250,242167,16,0,0,fused_streaming,circular,persistent,1,1
5444,271292,275375,16,0,0,fused_streaming,circular,persistent,1,1
5445,244542,248417,16,0,0,fused_streaming,circular,persistent,1,1
5446,237750,241708,16,0,0,fused_streaming,circular,persistent,1,1
5447,248417,252375,16,0,0,fused_streaming,circular,persistent,1,1
5448,256333,260292,16,0,0,fused_streaming,circular,persistent,1,1
5449,254708,258625,16,0,0,fused_streaming,circular,persistent,1,1
5450,249375,253250,16,0,0,fused_streaming,circular,persistent,1,1
5451,275041,279167,16,0,0,fused_streaming,circular,persistent,1,1
5452,242167,246042,16,0,0,fused_streaming,circular,persistent,1,1
5453,242916,246792,16,0,0,fused_streaming,circular,persistent,1,1
5454,237667,241500,16,0,0,fused_streaming,circular,persistent,1,1
5455,245583,249459,16,0,0,fused_streaming,circular,persistent,1,1
5456,248417,252334,16,0,0,fused_streaming,circular,persistent,1,1
5457,234834,238750,16,0,0,fused_streaming,circular,persistent,1,1
5458,240458,244459,16,0,0,fused_streaming,circular,persistent,1,1
5459,248583,252542,16,0,0,fused_streaming,circular,persistent,1,1
5460,256208,260084,16,0,0,fused_streaming,circular,persistent,1,1
5461,253042,257125,16,0,0,fused_streaming,circular,persistent,1,1
5462,246333,250375,16,0,0,fused_streaming,circular,persistent,1,1
5463,242916,246833,16,0,0,fused_streaming,circular,persistent,1,1
5464,237833,241792,16,0,0,fused_streaming,circular,persistent,1,1
5465,241708,245708,16,0,0,fused_streaming,circular,persistent,1,1
5466,243459,247333,16,0,0,fused_streaming,circular,persistent,1,1
5467,250083,254000,16,0,0,fused_streaming,circular,persistent,1,1
5468,242041,245875,16,0,0,fused_streaming,circular,persistent,1,1
5469,218125,222000,16,0,0,fused_streaming,circular,persistent,1,1
5470,251083,255000,16,0,0,fused_streaming,circular,persistent,1,1
5471,289708,293917,16,0,0,fused_streaming,circular,persistent,1,1
5472,256625,260500,16,0,0,fused_streaming,circular,persistent,1,1
5473,250125,254042,16,0,0,fused_streaming,circular,persistent,1,1
5474,244959,248875,16,0,0,fused_streaming,circular,persistent,1,1
5475,241584,245542,16,0,0,fused_streaming,circular,persistent,1,1
5476,237959,241791,16,0,0,fused_streaming,circular,persistent,1,1
5477,239750,243583,16,0,0,fused_streaming,circular,persistent,1,1
5478,243875,247708,16,0,0,fused_streaming,circular,persistent,1,1
5479,246833,250667,16,0,0,fused_streaming,circular,persistent,1,1
5480,228958,232792,16,0,0,fused_streaming,circular,persistent,1,1
5481,228417,232250,16,0,0,fused_streaming,circular,persistent,1,1
5482,248500,252417,16,0,0,fused_streaming,circular,persistent,1,1
5483,256417,260541,16,0,0,fused_streaming,circular,persistent,1,1
5484,256708,260625,16,0,0,fused_streaming,circular,persistent,1,1
5485,247417,251375,16,0,0,fused_streaming,circular,persistent,1,1
5486,242792,246584,16,0,0,fused_streaming,circular,persistent,1,1
5487,243500,247416,16,0,0,fused_streaming,circular,persistent,1,1
5488,236500,240334,16,0,0,fused_streaming,circular,persistent,1,1
5489,240834,244625,16,0,0,fused_streaming,circular,persistent,1,1
5490,244750,248666,16,0,0,fused_streaming,circular,persistent,1,1
5491,244042,247916,16,0,0,fused_streaming,circular,persistent,1,1
5492,229209,237417,16,0,0,fused_streaming,circular,persistent,1,1
5493,244708,248709,16,0,0,fused_streaming,circular,persistent,1,1
5494,253792,257750,16,0,0,fused_streaming,circular,persistent,1,1
5495,254167,258000,16,0,0,fused_streaming,circular,persistent,1,1
5496,292625,296708,16,0,0,fused_streaming,circular,persistent,1,1
5497,245000,248833,16,0,0,fused_streaming,circular,persistent,1,1
5498,285542,289541,16,0,0,fused_streaming,circular,persistent,1,1
5499,241291,245209,16,0,0,fused_streaming,circular,persistent,1,1
5500,277875,282041,16,0,0,fused_streaming,circular,persistent,1,1
5501,244834,248666,16,0,0,fused_streaming,circular,persistent,1,1
5502,282792,287000,16,0,0,fused_streaming,circular,persistent,1,1
5503,245667,249584,16,0,0,fused_streaming,circular,persistent,1,1
5504,274750,278833,16,0,0,fused_streaming,circular,persistent,1,1
5505,245417,249292,16,0,0,fused_streaming,circular,persistent,1,1
5506,291208,295250,16,0,0,fused_streaming,circular,persistent,1,1
5507,252959,256791,16,0,0,fused_streaming,circular,persistent,1,1
5508,256625,260959,16,0,0,fused_streaming,circular,persistent,1,1
5509,246500,250334,16,0,0,fused_streaming,circular,persistent,1,1
5510,239209,243042,16,0,0,fused_streaming,circular,persistent,1,1
5511,241458,245334,16,0,0,fused_streaming,circular,persistent,1,1
5512,240000,244083,16,0,0,fused_streaming,circular,persistent,1,1
5513,245250,249166,16,0,0,fused_streaming,circular,persistent,1,1
5514,250458,254375,16,0,0,fused_streaming,circular,persistent,1,1
5515,242667,246667,16,0,0,fused_streaming,circular,persistent,1,1
5516,245000,248917,16,0,0,fused_streaming,circular,persistent,1,1
5517,241209,245042,16,0,0,fused_streaming,circular,persistent,1,1
5518,253833,257709,16,0,0,fused_streaming,circular,persistent,1,1
5519,254125,257917,16,0,0,fused_streaming,circular,persistent,1,1
5520,247708,251625,16,0,0,fused_streaming,circular,persistent,1,1
5521,242334,246250,16,0,0,fused_streaming,circular,persistent,1,1
5522,238209,242125,16,0,0,fused_streaming,circular,persistent,1,1
5523,244458,248334,16,0,0,fused_streaming,circular,persistent,1,1
5524,242583,246458,16,0,0,fused_streaming,circular,persistent,1,1
5525,243084,247000,16,0,0,fused_streaming,circular,persistent,1,1
5526,247208,251084,16,0,0,fused_streaming,circular,persistent,1,1
5527,237250,241084,16,0,0,fused_streaming,circular,persistent,1,1
5528,240500,244417,16,0,0,fused_streaming,circular,persistent,1,1
5529,243625,247625,16,0,0,fused_streaming,circular,persistent,1,1
5530,249459,253375,16,0,0,fused_streaming,circular,persistent,1,1
5531,255750,259584,16,0,0,fused_streaming,circular,persistent,1,1
5532,251041,255000,16,0,0,fused_streaming,circular,persistent,1,1
5533,243167,247041,16,0,0,fused_streaming,circular,persistent,1,1
5534,244875,248750,16,0,0,fused_streaming,circular,persistent,1,1
5535,243084,246958,16,0,0,fused_streaming,circular,persistent,1,1
5536,236959,240833,16,0,0,fused_streaming,circular,persistent,1,1
5537,243292,247208,16,0,0,fused_streaming,circular,persistent,1,1
5538,237625,241542,16,0,0,fused_streaming,circular,persistent,1,1
5539,231958,235791,16,0,0,fused_streaming,circular,persistent,1,1
5540,240959,244833,16,0,0,fused_streaming,circular,persistent,1,1
5541,242209,246041,16,0,0,fused_streaming,circular,persistent,1,1
5542,244708,248541,16,0,0,fused_streaming,circular,persistent,1,1
5543,243500,247375,16,0,0,fused_streaming,circular,persistent,1,1
5544,241292,245250,16,0,0,fused_streaming,circular,persistent,1,1
5545,232292,236208,16,0,0,fused_streaming,circular,persistent,1,1
5546,236250,240084,16,0,0,fused_streaming,circular,persistent,1,1
5547,239917,243792,16,0,0,fused_streaming,circular,persistent,1,1
5548,232375,236292,16,0,0,fused_streaming,circular,persistent,1,1
5549,231209,235125,16,0,0,fused_streaming,circular,persistent,1,1
5550,270917,275042,16,0,0,fused_streaming,circular,persistent,1,1
5551,237292,241250,16,0,0,fused_streaming,circular,persistent,1,1
5552,235958,239792,16,0,0,fused_streaming,circular,persistent,1,1
5553,237208,241084,16,0,0,fused_streaming,circular,persistent,1,1
5554,238666,242625,16,0,0,fused_streaming,circular,persistent,1,1
5555,231208,235084,16,0,0,fused_streaming,circular,persistent,1,1
5556,231458,235333,16,0,0,fused_streaming,circular,persistent,1,1
5557,230167,234083,16,0,0,fused_streaming,circular,persistent,1,1
5558,230583,234417,16,0,0,fused_streaming,circular,persistent,1,1
5559,270792,275125,16,0,0,fused_streaming,circular,persistent,1,1
5560,226791,230708,16,0,0,fused_streaming,circular,persistent,1,1
5561,231125,235000,16,0,0,fused_streaming,circular,persistent,1,1
5562,236000,239916,16,0,0,fused_streaming,circular,persistent,1,1
5563,226666,230500,16,0,0,fused_streaming,circular,persistent,1,1
5564,226833,230750,16,0,0,fused_streaming,circular,persistent,1,1
5565,227917,236041,16,0,0,fused_streaming,circular,persistent,1,1
5566,230458,234375,16,0,0,fused_streaming,circular,persistent,1,1
5567,223417,227375,16,0,0,fused_streaming,circular,persistent,1,1
5568,231375,235292,16,0,0,fused_streaming,circular,persistent,1,1
5569,224667,228583,16,0,0,fused_streaming,circular,persistent,1,1
5570,228375,232292,16,0,0,fused_streaming,circular,persistent,1,1
5571,231833,235750,16,0,0,fused_streaming,circular,persistent,1,1
5572,233250,237125,16,0,0,fused_streaming,circular,persistent,1,1
5573,236083,239958,16,0,0,fused_streaming,circular,persistent,1,1
5574,226250,230167,16,0,0,fused_streaming,circular,persistent,1,1
5575,231208,235125,16,0,0,fused_streaming,circular,persistent,1,1
5576,236125,240041,16,0,0,fused_streaming,circular,persistent,1,1
5577,228250,232125,16,0,0,fused_streaming,circular,persistent,1,1
5578,228584,232500,16,0,0,fused_streaming,circular,persistent,1,1
5579,223666,227584,16,0,0,fused_streaming,circular,persistent,1,1
5580,225958,229875,16,0,0,fused_streaming,circular,persistent,1,1
5581,253709,257792,16,0,0,fused_streaming,circular,persistent,1,1
5582,205250,209209,16,0,0,fused_streaming,circular,persistent,1,1
5583,222375,226250,16,0,0,fused_streaming,circular,persistent,1,1
5584,261958,266292,16,0,0,fused_streaming,circular,persistent,1,1
5585,216541,220417,16,0,0,fused_streaming,circular,persistent,1,1
5586,228458,232375,16,0,0,fused_streaming,circular,persistent,1,1
5587,222333,226250,16,0,0,fused_streaming,circular,persistent,1,1
5588,215667,219541,16,0,0,fused_streaming,circular,persistent,1,1
5589,220500,224333,16,0,0,fused_streaming,circular,persistent,1,1
5590,216791,220792,16,0,0,fused_streaming,circular,persistent,1,1
5591,218541,222417,16,0,0,fused_streaming,circular,persistent,1,1
5592,225458,229292,16,0,0,fused_streaming,circular,persistent,1,1
5593,231042,234958,16,0,0,fused_streaming,circular,persistent,1,1
5594,223459,227375,16,0,0,fused_streaming,circular,persistent,1,1
5595,224417,228459,16,0,0,fused_streaming,circular,persistent,1,1
5596,222917,227083,16,0,0,fused_streaming,circular,persistent,1,1
5597,233333,237250,16,0,0,fused_streaming,circular,persistent,1,1
5598,223000,226875,16,0,0,fused_streaming,circular,persistent,1,1
5599,226333,230291,16,0,0,fused_streaming,circular,persistent,1,1
5600,225166,229084,16,0,0,fused_streaming,circular,persistent,1,1
5601,217792,221667,16,0,0,fused_streaming,circular,persistent,1,1
5602,228916,232833,16,0,0,fused_streaming,circular,persistent,1,1
5603,225625,229708,16,0,0,fused_streaming,circular,persistent,1,1
5604,232833,236750,16,0,0,fused_streaming,circular,persistent,1,1
5605,235292,239167,16,0,0,fused_streaming,circular,persistent,1,1
5606,251500,255417,16,0,0,fused_streaming,circular,persistent,1,1
5607,246625,250584,16,0,0,fused_streaming,circular,persistent,1,1
5608,246042,250000,16,0,0,fused_streaming,circular,persistent,1,1
5609,242542,246417,16,0,0,fused_streaming,circular,persistent,1,1
5610,234875,238791,16,0,0,fused_streaming,circular,persistent,1,1
5611,230292,234208,16,0,0,fused_streaming,circular,persistent,1,1
5612,226333,230208,16,0,0,fused_streaming,circular,persistent,1,1
5613,227417,231291,16,0,0,fused_streaming,circular,persistent,1,1
5614,276792,280833,16,0,0,fused_streaming,circular,persistent,1,1
5615,223708,227625,16,0,0,fused_streaming,circular,persistent,1,1
5616,230667,234583,16,0,0,fused_streaming,circular,persistent,1,1
5617,231958,235917,16,0,0,fused_streaming,circular,persistent,1,1
5618,245375,249250,16,0,0,fused_streaming,circular,persistent,1,1
5619,242125,246042,16,0,0,fused_streaming,circular,persistent,1,1
5620,248500,252416,16,0,0,fused_streaming,circular,persistent,1,1
5621,251917,255833,16,0,0,fused_streaming,circular,persistent,1,1
5622,240750,244625,16,0,0,fused_streaming,circular,persistent,1,1
5623,240834,244750,16,0,0,fused_streaming,circular,persistent,1,1
5624,236500,240375,16,0,0,fused_streaming,circular,persistent,1,1
5625,234958,238791,16,0,0,fused_streaming,circular,persistent,1,1
5626,233333,237208,16,0,0,fused_streaming,circular,persistent,1,1
5627,241542,245500,16,0,0,fused_streaming,circular,persistent,1,1
5628,240000,243916,16,0,0,fused_streaming,circular,persistent,1,1
5629,236583,240500,16,0,0,fused_streaming,circular,persistent,1,1
5630,238375,242375,16,0,0,fused_streaming,circular,persistent,1,1
5631,241875,245792,16,0,0,fused_streaming,circular,persistent,1,1
5632,240500,244417,16,0,0,fused_streaming,circular,persistent,1,1
5633,246208,250125,16,0,0,fused_streaming,circular,persistent,1,1
5634,252458,256292,16,0,0,fused_streaming,circular,persistent,1,1
5635,251875,255791,16,0,0,fused_streaming,circular,persistent,1,1
5636,236709,240625,16,0,0,fused_streaming,circular,persistent,1,1
5637,245000,249042,16,0,0,fused_streaming,circular,persistent,1,1
5638,239625,243459,16,0,0,fused_streaming,circular,persistent,1,1
5639,240125,245458,16,0,0,fused_streaming,circular,persistent,1,1
5640,232667,236584,16,0,0,fused_streaming,circular,persistent,1,1
5641,229250,233083,16,0,0,fused_streaming,circular,persistent,1,1
5642,229916,233791,16,0,0,fused_streaming,circular,persistent,1,1
5643,226833,230667,16,0,0,fused_streaming,circular,persistent,1,1
5644,225333,229209,16,0,0,fused_streaming,circular,persistent,1,1
5645,237292,241250,16,0,0,fused_streaming,circular,persistent,1,1
5646,245917,249875,16,0,0,fused_streaming,circular,persistent,1,1
5647,245125,248958,16,0,0,fused_streaming,circular,persistent,1,1
5648,252375,256292,16,0,0,fused_streaming,circular,persistent,1,1
5649,250250,254125,16,0,0,fused_streaming,circular,persistent,1,1
5650,238666,242667,16,0,0,fused_streaming,circular,persistent,1,1
5651,243583,247458,16,0,0,fused_streaming,circular,persistent,1,1
5652,239792,243791,16,0,0,fused_streaming,circular,persistent,1,1
5653,228083,231958,16,0,0,fused_streaming,circular,persistent,1,1
5654,230000,233917,16,0,0,fused_streaming,circular,persistent,1,1
5655,237458,241416,16,0,0,fused_streaming,circular,persistent,1,1
5656,234166,238000,16,0,0,fused_streaming,circular,persistent,1,1
5657,223625,227750,16,0,0,fused_streaming,circular,persistent,1,1
5658,233250,237125,16,0,0,fused_streaming,circular,persistent,1,1
5659,236208,240125,16,0,0,fused_streaming,circular,persistent,1,1
5660,241375,245666,16,0,0,fused_streaming,circular,persistent,1,1
5661,248042,252083,16,0,0,fused_streaming,circular,persistent,1,1
5662,250750,254666,16,0,0,fused_streaming,circular,persistent,1,1
5663,249667,253541,16,0,0,fused_streaming,circular,persistent,1,1
5664,235292,239375,16,0,0,fused_streaming,circular,persistent,1,1
5665,237750,241708,16,0,0,fused_streaming,circular,persistent,1,1
5666,230583,234500,16,0,0,fused_streaming,circular,persistent,1,1
5667,232125,235958,16,0,0,fused_streaming,circular,persistent,1,1
5668,235000,238916,16,0,0,fused_streaming,circular,persistent,1,1
5669,236709,240583,16,0,0,fused_streaming,circular,persistent,1,1
5670,235375,239375,16,0,0,fused_streaming,circular,persistent,1,1
5671,227875,231750,16,0,0,fused_streaming,circular,persistent,1,1
5672,233875,237750,16,0,0,fused_streaming,circular,persistent,1,1
5673,230541,234708,16,0,0,fused_streaming,circular,persistent,1,1
5674,248125,252083,16,0,0,fused_streaming,circular,persistent,1,1
5675,247833,251750,16,0,0,fused_streaming,circular,persistent,1,1
5676,249375,253250,16,0,0,fused_streaming,circular,persistent,1,1
5677,243292,247125,16,0,0,fused_streaming,circular,persistent,1,1
5678,232208,236125,16,0,0,fused_streaming,circular,persistent,1,1
5679,240584,244458,16,0,0,fused_streaming,circular,persistent,1,1
5680,237667,241667,16,0,0,fused_streaming,circular,persistent,1,1
5681,227166,231042,16,0,0,fused_streaming,circular,persistent,1,1
5682,232667,236541,16,0,0,fused_streaming,circular,persistent,1,1
5683,239958,243834,16,0,0,fused_streaming,circular,persistent,1,1
5684,235291,239125,16,0,0,fused_streaming,circular,persistent,1,1
5685,228792,232625,16,0,0,fused_streaming,circular,persistent,1,1
5686,230125,233958,16,0,0,fused_streaming,circular,persistent,1,1
5687,233458,237334,16,0,0,fused_streaming,circular,persistent,1,1
5688,242542,246375,16,0,0,fused_streaming,circular,persistent,1,1
5689,245333,249250,16,0,0,fused_streaming,circular,persistent,1,1
5690,250125,254042,16,0,0,fused_streaming,circular,persistent,1,1
5691,247917,251791,16,0,0,fused_streaming,circular,persistent,1,1
5692,237875,241709,16,0,0,fused_streaming,circular,persistent,1,1
5693,242583,246542,16,0,0,fused_streaming,circular,persistent,1,1
5694,237750,241666,16,0,0,fused_streaming,circular,persistent,1,1
5695,280541,284667,16,0,0,fused_streaming,circular,persistent,1,1
5696,238791,242667,16,0,0,fused_streaming,circular,persistent,1,1
5697,234834,238666,16,0,0,fused_streaming,circular,persistent,1,1
5698,227500,236000,16,0,0,fused_streaming,circular,persistent,1,1
5699,227708,231625,16,0,0,fused_streaming,circular,persistent,1,1
5700,229500,233416,16,0,0,fused_streaming,circular,persistent,1,1
5701,235125,239000,16,0,0,fused_streaming,circular,persistent,1,1
5702,243000,246958,16,0,0,fused_streaming,circular,persistent,1,1
5703,241750,245708,16,0,0,fused_streaming,circular,persistent,1,1
5704,251375,255292,16,0,0,fused_streaming,circular,persistent,1,1
5705,241084,245041,16,0,0,fused_streaming,circular,persistent,1,1
5706,231500,235417,16,0,0,fused_streaming,circular,persistent,1,1
5707,240708,244708,16,0,0,fused_streaming,circular,persistent,1,1
5708,240000,243916,16,0,0,fused_streaming,circular,persistent,1,1
5709,225792,229708,16,0,0,fused_streaming,circular,persistent,1,1
5710,233917,237875,16,0,0,fused_streaming,circular,persistent,1,1
5711,237000,240833,16,0,0,fused_streaming,circular,persistent,1,1
5712,234542,238417,16,0,0,fused_streaming,circular,persistent,1,1
5713,238500,242500,16,0,0,fused_streaming,circular,persistent,1,1
5714,228750,232625,16,0,0,fused_streaming,circular,persistent,1,1
5715,242375,246250,16,0,0,fused_streaming,circular,persistent,1,1
5716,241917,245875,16,0,0,fused_streaming,circular,persistent,1,1
5717,241541,245500,16,0,0,fused_streaming,circular,persistent,1,1
5718,252625,256583,16,0,0,fused_streaming,circular,persistent,1,1
5719,239541,247792,16,0,0,fused_streaming,circular,persistent,1,1
5720,229416,233250,16,0,0,fused_streaming,circular,persistent,1,1
5721,241458,245417,16,0,0,fused_streaming,circular,persistent,1,1
5722,235791,239750,16,0,0,fused_streaming,circular,persistent,1,1
5723,226500,230458,16,0,0,fused_streaming,circular,persistent,1,1
5724,234750,238625,16,0,0,fused_streaming,circular,persistent,1,1
5725,232833,240959,16,0,0,fused_streaming,circular,persistent,1,1
5726,232750,236708,16,0,0,fused_streaming,circular,persistent,1,1
5727,233792,237709,16,0,0,fused_streaming,circular,persistent,1,1
5728,222083,225959,16,0,0,fused_streaming,circular,persistent,1,1
5729,246958,250833,16,0,0,fused_streaming,circular,persistent,1,1
5730,236916,240875,16,0,0,fused_streaming,circular,persistent,1,1
5731,241458,245416,16,0,0,fused_streaming,circular,persistent,1,1
5732,254166,258042,16,0,0,fused_streaming,circular,persistent,1,1
5733,237667,241625,16,0,0,fused_streaming,circular,persistent,1,1
5734,232834,236833,16,0,0,fused_streaming,circular,persistent,1,1
5735,234792,243125,16,0,0,fused_streaming,circular,persistent,1,1
5736,274709,278709,16,0,0,fused_streaming,circular,persistent,1,1
5737,227792,231666,16,0,0,fused_streaming,circular,persistent,1,1
5738,227709,231583,16,0,0,fused_streaming,circular,persistent,1,1
5739,231208,235125,16,0,0,fused_streaming,circular,persistent,1,1
5740,232541,236417,16,0,0,fused_streaming,circular,persistent,1,1
5741,230583,234583,16,0,0,fused_streaming,circular,persistent,1,1
5742,222792,226666,16,0,0,fused_streaming,circular,persistent,1,1
5743,247958,252000,16,0,0,fused_streaming,circular,persistent,1,1
5744,235500,239375,16,0,0,fused_streaming,circular,persistent,1,1
5745,278000,282084,16,0,0,fused_streaming,circular,persistent,1,1
5746,250458,254417,16,0,0,fused_streaming,circular,persistent,1,1
5747,289334,293666,16,0,0,fused_streaming,circular,persistent,1,1
5748,238750,242625,16,0,0,fused_streaming,circular,persistent,1,1
5749,238125,241958,16,0,0,fused_streaming,circular,persistent,1,1
5750,235625,239500,16,0,0,fused_streaming,circular,persistent,1,1
5751,224417,228375,16,0,0,fused_streaming,circular,persistent,1,1
5752,231417,235375,16,0,0,fused_streaming,circular,persistent,1,1
5753,239083,242958,16,0,0,fused_streaming,circular,persistent,1,1
5754,236417,240417,16,0,0,fused_streaming,circular,persistent,1,1
5755,227167,231083,16,0,0,fused_streaming,circular,persistent,1,1
5756,229166,233083,16,0,0,fused_streaming,circular,persistent,1,1
5757,247375,251333,16,0,0,fused_streaming,circular,persistent,1,1
5758,234917,238834,16,0,0,fused_streaming,circular,persistent,1,1
5759,238084,242291,16,0,0,fused_streaming,circular,persistent,1,1
5760,251583,255500,16,0,0,fused_streaming,circular,persistent,1,1
5761,240875,244750,16,0,0,fused_streaming,circular,persistent,1,1
5762,245917,249875,16,0,0,fused_streaming,circular,persistent,1,1
5763,236541,240417,16,0,0,fused_streaming,circular,persistent,1,1
5764,230042,233917,16,0,0,fused_streaming,circular,persistent,1,1
5765,226250,230208,16,0,0,fused_streaming,circular,persistent,1,1
5766,226250,230458,16,0,0,fused_streaming,circular,persistent,1,1
5767,232333,236250,16,0,0,fused_streaming,circular,persistent,1,1
5768,235792,239667,16,0,0,fused_streaming,circular,persistent,1,1
5769,232042,236042,16,0,0,fused_streaming,circular,persistent,1,1
5770,238125,241959,16,0,0,fused_streaming,circular,persistent,1,1
5771,240041,243959,16,0,0,fused_streaming,circular,persistent,1,1
5772,226250,230167,16,0,0,fused_streaming,circular,persistent,1,1
5773,242625,246459,16,0,0,fused_streaming,circular,persistent,1,1
5774,251292,255167,16,0,0,fused_streaming,circular,persistent,1,1
5775,238500,242375,16,0,0,fused_streaming,circular,persistent,1,1
5776,234958,238916,16,0,0,fused_streaming,circular,persistent,1,1
5777,234084,237875,16,0,0,fused_streaming,circular,persistent,1,1
5778,233750,237625,16,0,0,fused_streaming,circular,persistent,1,1
5779,228042,231959,16,0,0,fused_streaming,circular,persistent,1,1
5780,228542,232375,16,0,0,fused_streaming,circular,persistent,1,1
5781,239208,243125,16,0,0,fused_streaming,circular,persistent,1,1
5782,227916,231792,16,0,0,fused_streaming,circular,persistent,1,1
5783,233000,236917,16,0,0,fused_streaming,circular,persistent,1,1
5784,239500,243375,16,0,0,fused_streaming,circular,persistent,1,1
5785,246709,250583,16,0,0,fused_streaming,circular,persistent,1,1
5786,232708,236583,16,0,0,fused_streaming,circular,persistent,1,1
5787,247000,251084,16,0,0,fused_streaming,circular,persistent,1,1
5788,251167,255041,16,0,0,fused_streaming,circular,persistent,1,1
5789,240166,244167,16,0,0,fused_streaming,circular,persistent,1,1
5790,233750,237750,16,0,0,fused_streaming,circular,persistent,1,1
5791,272542,276584,16,0,0,fused_streaming,circular,persistent,1,1
5792,232625,236500,16,0,0,fused_streaming,circular,persistent,1,1
5793,229250,233167,16,0,0,fused_streaming,circular,persistent,1,1
5794,233583,237458,16,0,0,fused_streaming,circular,persistent,1,1
5795,237500,241334,16,0,0,fused_streaming,circular,persistent,1,1
5796,230333,234250,16,0,0,fused_streaming,circular,persistent,1,1
5797,232208,236125,16,0,0,fused_streaming,circular,persistent,1,1
5798,237375,241208,16,0,0,fused_streaming,circular,persistent,1,1
5799,244417,248291,16,0,0,fused_streaming,circular,persistent,1,1
5800,269334,273417,16,0,0,fused_streaming,circular,persistent,1,1
5801,241917,245834,16,0,0,fused_streaming,circular,persistent,1,1
5802,293041,297125,16,0,0,fused_streaming,circular,persistent,1,1
5803,240041,243917,16,0,0,fused_streaming,circular,persistent,1,1
5804,237000,240833,16,0,0,fused_streaming,circular,persistent,1,1
5805,237875,241750,16,0,0,fused_streaming,circular,persistent,1,1
5806,235583,239458,16,0,0,fused_streaming,circular,persistent,1,1
5807,224500,228417,16,0,0,fused_streaming,circular,persistent,1,1
5808,233000,236834,16,0,0,fused_streaming,circular,persistent,1,1
5809,241292,245250,16,0,0,fused_streaming,circular,persistent,1,1
5810,233083,236917,16,0,0,fused_streaming,circular,persistent,1,1
5811,229750,233583,16,0,0,fused_streaming,circular,persistent,1,1
5812,242417,246292,16,0,0,fused_streaming,circular,persistent,1,1
5813,239500,243333,16,0,0,fused_streaming,circular,persistent,1,1
5814,223792,227625,16,0,0,fused_streaming,circular,persistent,1,1
5815,244291,248167,16,0,0,fused_streaming,circular,persistent,1,1
5816,251791,255708,16,0,0,fused_streaming,circular,persistent,1,1
5817,242500,246333,16,0,0,fused_streaming,circular,persistent,1,1
5818,235875,239708,16,0,0,fused_streaming,circular,persistent,1,1
5819,236708,240541,16,0,0,fused_streaming,circular,persistent,1,1
5820,231375,235542,16,0,0,fused_streaming,circular,persistent,1,1
5821,229375,233208,16,0,0,fused_streaming,circular,persistent,1,1
5822,229417,233417,16,0,0,fused_streaming,circular,persistent,1,1
5823,240375,244208,16,0,0,fused_streaming,circular,persistent,1,1
5824,267125,271333,16,0,0,fused_streaming,circular,persistent,1,1
5825,231334,235250,16,0,0,fused_streaming,circular,persistent,1,1
5826,241500,245333,16,0,0,fused_streaming,circular,persistent,1,1
5827,240167,244125,16,0,0,fused_streaming,circular,persistent,1,1
5828,230666,234500,16,0,0,fused_streaming,circular,persistent,1,1
5829,243834,247791,16,0,0,fused_streaming,circular,persistent,1,1
5830,245000,248917,16,0,0,fused_streaming,circular,persistent,1,1
5831,241709,245625,16,0,0,fused_streaming,circular,persistent,1,1
5832,235500,239417,16,0,0,fused_streaming,circular,persistent,1,1
5833,238625,242542,16,0,0,fused_streaming,circular,persistent,1,1
5834,234875,238750,16,0,0,fused_streaming,circular,persistent,1,1
5835,226375,230291,16,0,0,fused_streaming,circular,persistent,1,1
5836,231834,235750,16,0,0,fused_streaming,circular,persistent,1,1
5837,241208,245250,16,0,0,fused_streaming,circular,persistent,1,1
5838,229583,233417,16,0,0,fused_streaming,circular,persistent,1,1
5839,231333,235208,16,0,0,fused_streaming,circular,persistent,1,1
5840,235500,239291,16,0,0,fused_streaming,circular,persistent,1,1
5841,244417,248292,16,0,0,fused_streaming,circular,persistent,1,1
5842,230791,234708,16,0,0,fused_streaming,circular,persistent,1,1
5843,244125,248000,16,0,0,fused_streaming,circular,persistent,1,1
5844,249541,253417,16,0,0,fused_streaming,circular,persistent,1,1
5845,236500,240417,16,0,0,fused_streaming,circular,persistent,1,1
5846,231750,235583,16,0,0,fused_streaming,circular,persistent,1,1
5847,229708,233667,16,0,0,fused_streaming,circular,persistent,1,1
5848,231541,235458,16,0,0,fused_streaming,circular,persistent,1,1
5849,231375,235250,16,0,0,fused_streaming,circular,persistent,1,1
5850,239166,243084,16,0,0,fused_streaming,circular,persistent,1,1
5851,240042,243916,16,0,0,fused_streaming,circular,persistent,1,1
5852,234500,238375,16,0,0,fused_streaming,circular,persistent,1,1
5853,233917,237792,16,0,0,fused_streaming,circular,persistent,1,1
5854,232709,236542,16,0,0,fused_streaming,circular,persistent,1,1
5855,243292,247209,16,0,0,fused_streaming,circular,persistent,1,1
5856,231834,235750,16,0,0,fused_streaming,circular,persistent,1,1
5857,241042,244959,16,0,0,fused_streaming,circular,persistent,1,1
5858,245625,249500,16,0,0,fused_streaming,circular,persistent,1,1
5859,241333,245167,16,0,0,fused_streaming,circular,persistent,1,1
5860,235250,239084,16,0,0,fused_streaming,circular,persistent,1,1
5861,235375,239250,16,0,0,fused_streaming,circular,persistent,1,1
5862,234250,238125,16,0,0,fused_streaming,circular,persistent,1,1
5863,231083,235083,16,0,0,fused_streaming,circular,persistent,1,1
5864,238542,242417,16,0,0,fused_streaming,circular,persistent,1,1
5865,239458,243375,16,0,0,fused_streaming,circular,persistent,1,1
5866,234500,238458,16,0,0,fused_streaming,circular,persistent,1,1
5867,283833,288458,16,0,0,fused_streaming,circular,persistent,1,1
5868,235541,239417,16,0,0,fused_streaming,circular,persistent,1,1
5869,238625,242500,16,0,0,fused_streaming,circular,persistent,1,1
5870,234000,237917,16,0,0,fused_streaming,circular,persistent,1,1
5871,248500,252417,16,0,0,fused_streaming,circular,persistent,1,1
5872,249917,253750,16,0,0,fused_streaming,circular,persistent,1,1
5873,235583,239500,16,0,0,fused_streaming,circular,persistent,1,1
5874,230625,234542,16,0,0,fused_streaming,circular,persistent,1,1
5875,234125,238042,16,0,0,fused_streaming,circular,persistent,1,1
5876,235875,239750,16,0,0,fused_streaming,circular,persistent,1,1
5877,231334,235250,16,0,0,fused_streaming,circular,persistent,1,1
5878,241291,245292,16,0,0,fused_streaming,circular,persistent,1,1
5879,237291,241417,16,0,0,fused_streaming,circular,persistent,1,1
5880,278625,282709,16,0,0,fused_streaming,circular,persistent,1,1
5881,239375,243417,16,0,0,fused_streaming,circular,persistent,1,1
5882,235792,239792,16,0,0,fused_streaming,circular,persistent,1,1
5883,238292,242125,16,0,0,fused_streaming,circular,persistent,1,1
5884,227833,231750,16,0,0,fused_streaming,circular,persistent,1,1
5885,247208,251084,16,0,0,fused_streaming,circular,persistent,1,1
5886,250708,254666,16,0,0,fused_streaming,circular,persistent,1,1
5887,237041,240917,16,0,0,fused_streaming,circular,persistent,1,1
5888,233291,237125,16,0,0,fused_streaming,circular,persistent,1,1
5889,234250,238083,16,0,0,fused_streaming,circular,persistent,1,1
5890,235916,239792,16,0,0,fused_streaming,circular,persistent,1,1
5891,225958,229958,16,0,0,fused_streaming,circular,persistent,1,1
5892,234958,238917,16,0,0,fused_streaming,circular,persistent,1,1
5893,273458,277667,16,0,0,fused_streaming,circular,persistent,1,1
5894,231583,235500,16,0,0,fused_streaming,circular,persistent,1,1
5895,232833,236625,16,0,0,fused_streaming,circular,persistent,1,1
5896,235417,239375,16,0,0,fused_streaming,circular,persistent,1,1
5897,241042,244917,16,0,0,fused_streaming,circular,persistent,1,1
5898,236875,240750,16,0,0,fused_streaming,circular,persistent,1,1
5899,246000,249959,16,0,0,fused_streaming,circular,persistent,1,1
5900,250291,254250,16,0,0,fused_streaming,circular,persistent,1,1
5901,237541,241375,16,0,0,fused_streaming,circular,persistent,1,1
5902,233791,237667,16,0,0,fused_streaming,circular,persistent,1,1
5903,234000,237875,16,0,0,fused_streaming,circular,persistent,1,1
5904,235459,239417,16,0,0,fused_streaming,circular,persistent,1,1
5905,226459,230291,16,0,0,fused_streaming,circular,persistent,1,1
5906,233625,237500,16,0,0,fused_streaming,circular,persistent,1,1
5907,234709,238583,16,0,0,fused_streaming,circular,persistent,1,1
5908,277792,281875,16,0,0,fused_streaming,circular,persistent,1,1
5909,227375,231292,16,0,0,fused_streaming,circular,persistent,1,1
5910,230667,234625,16,0,0,fused_streaming,circular,persistent,1,1
5911,234125,238125,16,0,0,fused_streaming,circular,persistent,1,1
5912,228417,232292,16,0,0,fused_streaming,circular,persistent,1,1
5913,248834,252750,16,0,0,fused_streaming,circular,persistent,1,1
5914,250458,254333,16,0,0,fused_streaming,circular,persistent,1,1
5915,237917,241875,16,0,0,fused_streaming,circular,persistent,1,1
5916,235125,239042,16,0,0,fused_streaming,circular,persistent,1,1
5917,236667,240583,16,0,0,fused_streaming,circular,persistent,1,1
5918,234167,238083,16,0,0,fused_streaming,circular,persistent,1,1
5919,233750,237709,16,0,0,fused_streaming,circular,persistent,1,1
5920,237541,241375,16,0,0,fused_streaming,circular,persistent,1,1
5921,230792,234625,16,0,0,fused_streaming,circular,persistent,1,1
5922,236709,240583,16,0,0,fused_streaming,circular,persistent,1,1
5923,224541,228458,16,0,0,fused_streaming,circular,persistent,1,1
5924,241333,245292,16,0,0,fused_streaming,circular,persistent,1,1
5925,238250,242250,16,0,0,fused_streaming,circular,persistent,1,1
5926,229083,233000,16,0,0,fused_streaming,circular,persistent,1,1
5927,365000,370500,16,1,0,fused_streaming,circular,persistent,1,1
5928,251583,255458,16,0,0,fused_streaming,circular,persistent,1,1
5929,242167,246375,16,0,0,fused_streaming,circular,persistent,1,1
5930,233750,237708,16,0,0,fused_streaming,circular,persistent,1,1
5931,276625,280875,16,0,0,fused_streaming,circular,persistent,1,1
5932,233625,237458,16,0,0,fused_streaming,circular,persistent,1,1
5933,227458,231375,16,0,0,fused_streaming,circular,persistent,1,1
5934,232083,236042,16,0,0,fused_streaming,circular,persistent,1,1
5935,233875,238167,16,0,0,fused_streaming,circular,persistent,1,1
5936,228541,232417,16,0,0,fused_streaming,circular,persistent,1,1
5937,225584,229542,16,0,0,fused_streaming,circular,persistent,1,1
5938,239666,243667,16,0,0,fused_streaming,circular,persistent,1,1
5939,233625,237500,16,0,0,fused_streaming,circular,persistent,1,1
5940,224833,228708,16,0,0,fused_streaming,circular,persistent,1,1
5941,239041,242917,16,0,0,fused_streaming,circular,persistent,1,1
5942,250000,253875,16,0,0,fused_streaming,circular,persistent,1,1
5943,238458,242375,16,0,0,fused_streaming,circular,persistent,1,1
5944,222625,226584,16,0,0,fused_streaming,circular,persistent,1,1
5945,226667,230584,16,0,0,fused_streaming,circular,persistent,1,1
5946,232958,236875,16,0,0,fused_streaming,circular,persistent,1,1
5947,232083,236000,16,0,0,fused_streaming,circular,persistent,1,1
5948,235167,239083,16,0,0,fused_streaming,circular,persistent,1,1
5949,225041,228917,16,0,0,fused_streaming,circular,persistent,1,1
5950,225292,229292,16,0,0,fused_streaming,circular,persistent,1,1
5951,225125,229166,16,0,0,fused_streaming,circular,persistent,1,1
5952,225041,228875,16,0,0,fused_streaming,circular,persistent,1,1
5953,224042,227959,16,0,0,fused_streaming,circular,persistent,1,1
5954,215125,219083,16,0,0,fused_streaming,circular,persistent,1,1
5955,226208,230083,16,0,0,fused_streaming,circular,persistent,1,1
5956,231458,235333,16,0,0,fused_streaming,circular,persistent,1,1
5957,230541,234375,16,0,0,fused_streaming,circular,persistent,1,1
5958,233917,237875,16,0,0,fused_streaming,circular,persistent,1,1
5959,233167,237084,16,0,0,fused_streaming,circular,persistent,1,1
5960,211083,215084,16,0,0,fused_streaming,circular,persistent,1,1
5961,229667,233542,16,0,0,fused_streaming,circular,persistent,1,1
5962,228292,232167,16,0,0,fused_streaming,circular,persistent,1,1
5963,222833,226750,16,0,0,fused_streaming,circular,persistent,1,1
5964,219042,222917,16,0,0,fused_streaming,circular,persistent,1,1
5965,220459,224333,16,0,0,fused_streaming,circular,persistent,1,1
5966,217542,221500,16,0,0,fused_streaming,circular,persistent,1,1
5967,225667,229542,16,0,0,fused_streaming,circular,persistent,1,1
5968,224958,228833,16,0,0,fused_streaming,circular,persistent,1,1
5969,211250,215083,16,0,0,fused_streaming,circular,persistent,1,1
5970,217333,221291,16,0,0,fused_streaming,circular,persistent,1,1
5971,214334,218417,16,0,0,fused_streaming,circular,persistent,1,1
5972,217209,221334,16,0,0,fused_streaming,circular,persistent,1,1
5973,213833,217750,16,0,0,fused_streaming,circular,persistent,1,1
5974,213750,217625,16,0,0,fused_streaming,circular,persistent,1,1
5975,219166,223125,16,0,0,fused_streaming,circular,persistent,1,1
5976,209625,213542,16,0,0,fused_streaming,circular,persistent,1,1
5977,204416,208291,16,0,0,fused_streaming,circular,persistent,1,1
5978,216291,220250,16,0,0,fused_streaming,circular,persistent,1,1
5979,215750,219583,16,0,0,fused_streaming,circular,persistent,1,1
5980,211459,215333,16,0,0,fused_streaming,circular,persistent,1,1
5981,219167,223125,16,0,0,fused_streaming,circular,persistent,1,1
5982,209083,213000,16,0,0,fused_streaming,circular,persistent,1,1
5983,209333,213208,16,0,0,fused_streaming,circular,persistent,1,1
5984,249584,253583,16,0,0,fused_streaming,circular,persistent,1,1
5985,219083,222917,16,0,0,fused_streaming,circular,persistent,1,1
5986,210500,214416,16,0,0,fused_streaming,circular,persistent,1,1
5987,218000,221875,16,0,0,fused_streaming,circular,persistent,1,1
5988,210833,214791,16,0,0,fused_streaming,circular,persistent,1,1
5989,216084,220000,16,0,0,fused_streaming,circular,persistent,1,1
5990,212375,216292,16,0,0,fused_streaming,circular,persistent,1,1
5991,219334,223250,16,0,0,fused_streaming,circular,persistent,1,1
5992,213291,217208,16,0,0,fused_streaming,circular,persistent,1,1
5993,215125,219000,16,0,0,fused_streaming,circular,persistent,1,1
5994,221750,225667,16,0,0,fused_streaming,circular,persistent,1,1
5995,216291,220167,16,0,0,fused_streaming,circular,persistent,1,1
5996,222459,226291,16,0,0,fused_streaming,circular,persistent,1,1
5997,225958,229917,16,0,0,fused_streaming,circular,persistent,1,1
5998,218292,222500,16,0,0,fused_streaming,circular,persistent,1,1
5999,215250,219209,16,0,0,fused_streaming,circular,persistent,1,1
6000,213416,217375,16,0,0,fused_streaming,circular,persistent,1,1
6001,212375,216292,16,0,0,fused_streaming,circular,persistent,1,1
6002,218917,222792,16,0,0,fused_streaming,circular,persistent,1,1
6003,210000,213875,16,0,0,fused_streaming,circular,persistent,1,1
6004,218417,222292,16,0,0,fused_streaming,circular,persistent,1,1
6005,206291,210167,16,0,0,fused_streaming,circular,persistent,1,1
6006,200667,204584,16,0,0,fused_streaming,circular,persistent,1,1
6007,205916,209833,16,0,0,fused_streaming,circular,persistent,1,1
6008,211875,215750,16,0,0,fused_streaming,circular,persistent,1,1
6009,201542,205459,16,0,0,fused_streaming,circular,persistent,1,1
6010,205458,209542,16,0,0,fused_streaming,circular,persistent,1,1
6011,221042,224875,16,0,0,fused_streaming,circular,persistent,1,1
6012,222291,226167,16,0,0,fused_streaming,circular,persistent,1,1
6013,259042,263084,16,0,0,fused_streaming,circular,persistent,1,1
6014,200708,204667,16,0,0,fused_streaming,circular,persistent,1,1
6015,218625,222542,16,0,0,fused_streaming,circular,persistent,1,1
6016,217000,221292,16,0,0,fused_streaming,circular,persistent,1,1
6017,214416,218250,16,0,0,fused_streaming,circular,persistent,1,1
6018,218417,222333,16,0,0,fused_streaming,circular,persistent,1,1
6019,213792,217625,16,0,0,fused_streaming,circular,persistent,1,1
6020,218083,222000,16,0,0,fused_streaming,circular,persistent,1,1
6021,216167,220042,16,0,0,fused_streaming,circular,persistent,1,1
6022,210750,214625,16,0,0,fused_streaming,circular,persistent,1,1
6023,211375,215208,16,0,0,fused_streaming,circular,persistent,1,1
6024,215750,219625,16,0,0,fused_streaming,circular,persistent,1,1
6025,218792,222666,16,0,0,fused_streaming,circular,persistent,1,1
6026,211792,215666,16,0,0,fused_streaming,circular,persistent,1,1
6027,205917,209792,16,0,0,fused_streaming,circular,persistent,1,1
6028,214583,222625,16,0,0,fused_streaming,circular,persistent,1,1
6029,218083,222000,16,0,0,fused_streaming,circular,persistent,1,1
6030,209125,212958,16,0,0,fused_streaming,circular,persistent,1,1
6031,216500,220459,16,0,0,fused_streaming,circular,persistent,1,1
6032,258084,262375,16,0,0,fused_streaming,circular,persistent,1,1
6033,220542,224417,16,0,0,fused_streaming,circular,persistent,1,1
6034,218334,222583,16,0,0,fused_streaming,circular,persistent,1,1
6035,252291,256291,16,0,0,fused_streaming,circular,persistent,1,1
6036,213500,221500,16,0,0,fused_streaming,circular,persistent,1,1
6037,245333,249167,16,0,0,fused_streaming,circular,persistent,1,1
6038,252250,256083,16,0,0,fused_streaming,circular,persistent,1,1
6039,251250,255167,16,0,0,fused_streaming,circular,persistent,1,1
6040,247333,251208,16,0,0,fused_streaming,circular,persistent,1,1
6041,245125,249042,16,0,0,fused_streaming,circular,persistent,1,1
6042,236666,240667,16,0,0,fused_streaming,circular,persistent,1,1
6043,234000,237875,16,0,0,fused_streaming,circular,persistent,1,1
6044,224917,228792,16,0,0,fused_streaming,circular,persistent,1,1
6045,219459,223333,16,0,0,fused_streaming,circular,persistent,1,1
6046,227750,231625,16,0,0,fused_streaming,circular,persistent,1,1
6047,252500,256625,16,0,0,fused_streaming,circular,persistent,1,1
6048,225958,229875,16,0,0,fused_streaming,circular,persistent,1,1
6049,226292,230250,16,0,0,fused_streaming,circular,persistent,1,1
6050,233458,237333,16,0,0,fused_streaming,circular,persistent,1,1
6051,248083,252167,16,0,0,fused_streaming,circular,persistent,1,1
6052,250625,254541,16,0,0,fused_streaming,circular,persistent,1,1
6053,252917,256834,16,0,0,fused_streaming,circular,persistent,1,1
6054,253583,257459,16,0,0,fused_streaming,circular,persistent,1,1
6055,240667,244625,16,0,0,fused_streaming,circular,persistent,1,1
6056,243416,251750,16,0,0,fused_streaming,circular,persistent,1,1
6057,242709,246667,16,0,0,fused_streaming,circular,persistent,1,1
6058,243417,247542,16,0,0,fused_streaming,circular,persistent,1,1
6059,236041,240000,16,0,0,fused_streaming,circular,persistent,1,1
6060,241459,245375,16,0,0,fused_streaming,circular,persistent,1,1
6061,241708,245625,16,0,0,fused_streaming,circular,persistent,1,1
6062,235500,239458,16,0,0,fused_streaming,circular,persistent,1,1
6063,234417,238291,16,0,0,fused_streaming,circular,persistent,1,1
6064,235791,239750,16,0,0,fused_streaming,circular,persistent,1,1
6065,233250,237250,16,0,0,fused_streaming,circular,persistent,1,1
6066,244750,248666,16,0,0,fused_streaming,circular,persistent,1,1
6067,251542,255584,16,0,0,fused_streaming,circular,persistent,1,1
6068,252083,256042,16,0,0,fused_streaming,circular,persistent,1,1
6069,256125,260041,16,0,0,fused_streaming,circular,persistent,1,1
6070,251084,255042,16,0,0,fused_streaming,circular,persistent,1,1
6071,237916,241792,16,0,0,fused_streaming,circular,persistent,1,1
6072,245000,248916,16,0,0,fused_streaming,circular,persistent,1,1
6073,234292,238208,16,0,0,fused_streaming,circular,persistent,1,1
6074,242833,246834,16,0,0,fused_streaming,circular,persistent,1,1
6075,234417,238250,16,0,0,fused_streaming,circular,persistent,1,1
6076,227083,230958,16,0,0,fused_streaming,circular,persistent,1,1
6077,261708,265792,16,0,0,fused_streaming,circular,persistent,1,1
6078,227917,231792,16,0,0,fused_streaming,circular,persistent,1,1
6079,222459,226417,16,0,0,fused_streaming,circular,persistent,1,1
6080,224250,228292,16,0,0,fused_streaming,circular,persistent,1,1
6081,236000,239959,16,0,0,fused_streaming,circular,persistent,1,1
6082,282708,286791,16,0,0,fused_streaming,circular,persistent,1,1
6083,246750,250708,16,0,0,fused_streaming,circular,persistent,1,1
6084,247458,251333,16,0,0,fused_streaming,circular,persistent,1,1
6085,255750,259750,16,0,0,fused_streaming,circular,persistent,1,1
6086,249250,253208,16,0,0,fused_streaming,circular,persistent,1,1
6087,241125,245000,16,0,0,fused_streaming,circular,persistent,1,1
6088,236916,240792,16,0,0,fused_streaming,circular,persistent,1,1
6089,235250,239083,16,0,0,fused_streaming,circular,persistent,1,1
6090,242125,246125,16,0,0,fused_streaming,circular,persistent,1,1
6091,233375,237208,16,0,0,fused_streaming,circular,persistent,1,1
6092,291958,296000,16,0,0,fused_streaming,circular,persistent,1,1
6093,214916,218875,16,0,0,fused_streaming,circular,persistent,1,1
6094,228500,232375,16,0,0,fused_streaming,circular,persistent,1,1
6095,225416,229583,16,0,0,fused_streaming,circular,persistent,1,1
6096,233958,237875,16,0,0,fused_streaming,circular,persistent,1,1
6097,237459,241291,16,0,0,fused_streaming,circular,persistent,1,1
6098,247000,250875,16,0,0,fused_streaming,circular,persistent,1,1
6099,248833,252875,16,0,0,fused_streaming,circular,persistent,1,1
6100,415375,419500,16,1,0,fused_streaming,circular,persistent,1,1
6101,256000,259792,16,0,0,fused_streaming,circular,persistent,1,1
6102,243375,247334,16,0,0,fused_streaming,circular,persistent,1,1
6103,246375,250334,16,0,0,fused_streaming,circular,persistent,1,1
6104,240666,244542,16,0,0,fused_streaming,circular,persistent,1,1
6105,241833,245750,16,0,0,fused_streaming,circular,persistent,1,1
6106,235416,239250,16,0,0,fused_streaming,circular,persistent,1,1
6107,231750,235708,16,0,0,fused_streaming,circular,persistent,1,1
6108,231667,235709,16,0,0,fused_streaming,circular,persistent,1,1
6109,220791,224750,16,0,0,fused_streaming,circular,persistent,1,1
6110,234208,238084,16,0,0,fused_streaming,circular,persistent,1,1
6111,229000,232875,16,0,0,fused_streaming,circular,persistent,1,1
6112,238708,242584,16,0,0,fused_streaming,circular,persistent,1,1
6113,242833,246750,16,0,0,fused_streaming,circular,persistent,1,1
6114,248084,252000,16,0,0,fused_streaming,circular,persistent,1,1
6115,249334,253375,16,0,0,fused_streaming,circular,persistent,1,1
6116,252292,256250,16,0,0,fused_streaming,circular,persistent,1,1
6117,249209,253167,16,0,0,fused_streaming,circular,persistent,1,1
6118,240875,244834,16,0,0,fused_streaming,circular,persistent,1,1
6119,238208,242125,16,0,0,fused_streaming,circular,persistent,1,1
6120,234750,238584,16,0,0,fused_streaming,circular,persistent,1,1
6121,242041,246000,16,0,0,fused_streaming,circular,persistent,1,1
6122,238042,242042,16,0,0,fused_streaming,circular,persistent,1,1
6123,234750,238666,16,0,0,fused_streaming,circular,persistent,1,1
6124,223000,226916,16,0,0,fused_streaming,circular,persistent,1,1
6125,220375,224250,16,0,0,fused_streaming,circular,persistent,1,1
6126,223167,231458,16,0,0,fused_streaming,circular,persistent,1,1
6127,229584,233541,16,0,0,fused_streaming,circular,persistent,1,1
6128,234292,238208,16,0,0,fused_streaming,circular,persistent,1,1
6129,246125,250041,16,0,0,fused_streaming,circular,persistent,1,1
6130,239125,247167,16,0,0,fused_streaming,circular,persistent,1,1
6131,246250,250250,16,0,0,fused_streaming,circular,persistent,1,1
6132,255042,258917,16,0,0,fused_streaming,circular,persistent,1,1
6133,235834,239750,16,0,0,fused_streaming,circular,persistent,1,1
6134,242750,246584,16,0,0,fused_streaming,circular,persistent,1,1
6135,240625,244458,16,0,0,fused_streaming,circular,persistent,1,1
6136,239125,243042,16,0,0,fused_streaming,circular,persistent,1,1
6137,234667,238584,16,0,0,fused_streaming,circular,persistent,1,1
6138,230792,234667,16,0,0,fused_streaming,circular,persistent,1,1
6139,230333,234208,16,0,0,fused_streaming,circular,persistent,1,1
6140,222917,226875,16,0,0,fused_streaming,circular,persistent,1,1
6141,226458,230291,16,0,0,fused_streaming,circular,persistent,1,1
6142,230167,234084,16,0,0,fused_streaming,circular,persistent,1,1
6143,239792,243625,16,0,0,fused_streaming,circular,persistent,1,1
6144,235833,239708,16,0,0,fused_streaming,circular,persistent,1,1
6145,248083,252000,16,0,0,fused_streaming,circular,persistent,1,1
6146,240792,244708,16,0,0,fused_streaming,circular,persistent,1,1
6147,247750,251625,16,0,0,fused_streaming,circular,persistent,1,1
6148,246708,250625,16,0,0,fused_streaming,circular,persistent,1,1
6149,239666,243666,16,0,0,fused_streaming,circular,persistent,1,1
6150,240084,244000,16,0,0,fused_streaming,circular,persistent,1,1
6151,238417,242292,16,0,0,fused_streaming,circular,persistent,1,1
6152,240334,244167,16,0,0,fused_streaming,circular,persistent,1,1
6153,236667,240625,16,0,0,fused_streaming,circular,persistent,1,1
6154,233792,237709,16,0,0,fused_streaming,circular,persistent,1,1
6155,212375,216208,16,0,0,fused_streaming,circular,persistent,1,1
6156,219750,223625,16,0,0,fused_streaming,circular,persistent,1,1
6157,231666,235542,16,0,0,fused_streaming,circular,persistent,1,1
6158,235958,239917,16,0,0,fused_streaming,circular,persistent,1,1
6159,231666,235542,16,0,0,fused_streaming,circular,persistent,1,1
6160,239541,243458,16,0,0,fused_streaming,circular,persistent,1,1
6161,241958,245750,16,0,0,fused_streaming,circular,persistent,1,1
6162,239708,243542,16,0,0,fused_streaming,circular,persistent,1,1
6163,249916,253708,16,0,0,fused_streaming,circular,persistent,1,1
6164,241000,244959,16,0,0,fused_streaming,circular,persistent,1,1
6165,242125,246000,16,0,0,fused_streaming,circular,persistent,1,1
6166,242709,246583,16,0,0,fused_streaming,circular,persistent,1,1
6167,239750,243708,16,0,0,fused_streaming,circular,persistent,1,1
6168,240042,243833,16,0,0,fused_streaming,circular,persistent,1,1
6169,233208,237083,16,0,0,fused_streaming,circular,persistent,1,1
6170,227250,231209,16,0,0,fused_streaming,circular,persistent,1,1
6171,211334,215250,16,0,0,fused_streaming,circular,persistent,1,1
6172,220250,224208,16,0,0,fused_streaming,circular,persistent,1,1
6173,234958,238833,16,0,0,fused_streaming,circular,persistent,1,1
6174,229500,233375,16,0,0,fused_streaming,circular,persistent,1,1
6175,227583,231459,16,0,0,fused_streaming,circular,persistent,1,1
6176,248583,252458,16,0,0,fused_streaming,circular,persistent,1,1
6177,279167,283209,16,0,0,fused_streaming,circular,persistent,1,1
6178,247166,251083,16,0,0,fused_streaming,circular,persistent,1,1
6179,256208,260083,16,0,0,fused_streaming,circular,persistent,1,1
6180,238083,242000,16,0,0,fused_streaming,circular,persistent,1,1
6181,244750,248625,16,0,0,fused_streaming,circular,persistent,1,1
6182,235958,239875,16,0,0,fused_streaming,circular,persistent,1,1
6183,244417,248334,16,0,0,fused_streaming,circular,persistent,1,1
6184,235500,239375,16,0,0,fused_streaming,circular,persistent,1,1
6185,227583,231750,16,0,0,fused_streaming,circular,persistent,1,1
6186,223917,227834,16,0,0,fused_streaming,circular,persistent,1,1
6187,223708,227542,16,0,0,fused_streaming,circular,persistent,1,1
6188,227750,231708,16,0,0,fused_streaming,circular,persistent,1,1
6189,234500,238417,16,0,0,fused_streaming,circular,persistent,1,1
6190,267000,270958,16,0,0,fused_streaming,circular,persistent,1,1
6191,237250,241125,16,0,0,fused_streaming,circular,persistent,1,1
6192,240833,244666,16,0,0,fused_streaming,circular,persistent,1,1
6193,230583,234458,16,0,0,fused_streaming,circular,persistent,1,1
6194,249834,253666,16,0,0,fused_streaming,circular,persistent,1,1
6195,249833,253667,16,0,0,fused_streaming,circular,persistent,1,1
6196,242917,246709,16,0,0,fused_streaming,circular,persistent,1,1
6197,239916,243875,16,0,0,fused_streaming,circular,persistent,1,1
6198,233750,237541,16,0,0,fused_streaming,circular,persistent,1,1
6199,239542,243333,16,0,0,fused_streaming,circular,persistent,1,1
6200,235417,239250,16,0,0,fused_streaming,circular,persistent,1,1
6201,226291,230167,16,0,0,fused_streaming,circular,persistent,1,1
6202,217917,221750,16,0,0,fused_streaming,circular,persistent,1,1
6203,215208,219250,16,0,0,fused_streaming,circular,persistent,1,1
6204,236125,239958,16,0,0,fused_streaming,circular,persistent,1,1
6205,232959,236833,16,0,0,fused_streaming,circular,persistent,1,1
6206,227791,231750,16,0,0,fused_streaming,circular,persistent,1,1
6207,247625,251583,16,0,0,fused_streaming,circular,persistent,1,1
6208,241417,245708,16,0,0,fused_streaming,circular,persistent,1,1
6209,241167,245084,16,0,0,fused_streaming,circular,persistent,1,1
6210,254583,258500,16,0,0,fused_streaming,circular,persistent,1,1
6211,246292,250250,16,0,0,fused_streaming,circular,persistent,1,1
6212,240625,244584,16,0,0,fused_streaming,circular,persistent,1,1
6213,239916,243792,16,0,0,fused_streaming,circular,persistent,1,1
6214,240666,244708,16,0,0,fused_streaming,circular,persistent,1,1
6215,235542,239416,16,0,0,fused_streaming,circular,persistent,1,1
6216,232791,236667,16,0,0,fused_streaming,circular,persistent,1,1
6217,226250,230167,16,0,0,fused_streaming,circular,persistent,1,1
6218,219042,222916,16,0,0,fused_streaming,circular,persistent,1,1
6219,234417,238334,16,0,0,fused_streaming,circular,persistent,1,1
6220,227625,231500,16,0,0,fused_streaming,circular,persistent,1,1
6221,227375,231333,16,0,0,fused_streaming,circular,persistent,1,1
6222,233750,237709,16,0,0,fused_streaming,circular,persistent,1,1
6223,248917,252875,16,0,0,fused_streaming,circular,persistent,1,1
6224,236792,240666,16,0,0,fused_streaming,circular,persistent,1,1
6225,244125,248083,16,0,0,fused_streaming,circular,persistent,1,1
6226,253833,257833,16,0,0,fused_streaming,circular,persistent,1,1
6227,241375,245250,16,0,0,fused_streaming,circular,persistent,1,1
6228,241625,245541,16,0,0,fused_streaming,circular,persistent,1,1
6229,241625,245666,16,0,0,fused_streaming,circular,persistent,1,1
6230,234042,238000,16,0,0,fused_streaming,circular,persistent,1,1
6231,233208,237209,16,0,0,fused_streaming,circular,persistent,1,1
6232,232208,236042,16,0,0,fused_streaming,circular,persistent,1,1
6233,228500,232375,16,0,0,fused_streaming,circular,persistent,1,1
6234,218208,222167,16,0,0,fused_streaming,circular,persistent,1,1
6235,234083,237959,16,0,0,fused_streaming,circular,persistent,1,1
6236,233833,237875,16,0,0,fused_streaming,circular,persistent,1,1
6237,227833,231625,16,0,0,fused_streaming,circular,persistent,1,1
6238,283750,288041,16,0,0,fused_streaming,circular,persistent,1,1
6239,245291,249250,16,0,0,fused_streaming,circular,persistent,1,1
6240,227375,231250,16,0,0,fused_streaming,circular,persistent,1,1
6241,249375,253250,16,0,0,fused_streaming,circular,persistent,1,1
6242,310459,314708,16,0,0,fused_streaming,circular,persistent,1,1
6243,242291,246167,16,0,0,fused_streaming,circular,persistent,1,1
6244,277667,281875,16,0,0,fused_streaming,circular,persistent,1,1
6245,233667,237584,16,0,0,fused_streaming,circular,persistent,1,1
6246,238166,242000,16,0,0,fused_streaming,circular,persistent,1,1
6247,227709,231583,16,0,0,fused_streaming,circular,persistent,1,1
6248,232000,235875,16,0,0,fused_streaming,circular,persistent,1,1
6249,216125,220000,16,0,0,fused_streaming,circular,persistent,1,1
6250,230750,234667,16,0,0,fused_streaming,circular,persistent,1,1
6251,232458,236333,16,0,0,fused_streaming,circular,persistent,1,1
6252,225500,229375,16,0,0,fused_streaming,circular,persistent,1,1
6253,233541,237708,16,0,0,fused_streaming,circular,persistent,1,1
6254,246375,250291,16,0,0,fused_streaming,circular,persistent,1,1
6255,236500,244459,16,0,0,fused_streaming,circular,persistent,1,1
6256,237667,241583,16,0,0,fused_streaming,circular,persistent,1,1
6257,247000,250875,16,0,0,fused_streaming,circular,persistent,1,1
6258,243417,247333,16,0,0,fused_streaming,circular,persistent,1,1
6259,240333,244208,16,0,0,fused_streaming,circular,persistent,1,1
6260,244042,247958,16,0,0,fused_streaming,circular,persistent,1,1
6261,239667,243625,16,0,0,fused_streaming,circular,persistent,1,1
6262,238083,241958,16,0,0,fused_streaming,circular,persistent,1,1
6263,233958,237792,16,0,0,fused_streaming,circular,persistent,1,1
6264,232208,236125,16,0,0,fused_streaming,circular,persistent,1,1
6265,227791,231667,16,0,0,fused_streaming,circular,persistent,1,1
6266,234708,238834,16,0,0,fused_streaming,circular,persistent,1,1
6267,226583,230417,16,0,0,fused_streaming,circular,persistent,1,1
6268,228000,231875,16,0,0,fused_streaming,circular,persistent,1,1
6269,240250,244125,16,0,0,fused_streaming,circular,persistent,1,1
6270,241042,244875,16,0,0,fused_streaming,circular,persistent,1,1
6271,230584,234708,16,0,0,fused_streaming,circular,persistent,1,1
6272,247084,250958,16,0,0,fused_streaming,circular,persistent,1,1
6273,252834,256708,16,0,0,fused_streaming,circular,persistent,1,1
6274,244000,247958,16,0,0,fused_streaming,circular,persistent,1,1
6275,242958,246833,16,0,0,fused_streaming,circular,persistent,1,1
6276,241291,245209,16,0,0,fused_streaming,circular,persistent,1,1
6277,237917,241833,16,0,0,fused_streaming,circular,persistent,1,1
6278,228959,237125,16,0,0,fused_streaming,circular,persistent,1,1
6279,231500,235334,16,0,0,fused_streaming,circular,persistent,1,1
6280,221208,225083,16,0,0,fused_streaming,circular,persistent,1,1
6281,229334,233583,16,0,0,fused_streaming,circular,persistent,1,1
6282,229583,233500,16,0,0,fused_streaming,circular,persistent,1,1
6283,231750,235625,16,0,0,fused_streaming,circular,persistent,1,1
6284,237958,241917,16,0,0,fused_streaming,circular,persistent,1,1
6285,239584,243583,16,0,0,fused_streaming,circular,persistent,1,1
6286,244666,248583,16,0,0,fused_streaming,circular,persistent,1,1
6287,273334,277334,16,0,0,fused_streaming,circular,persistent,1,1
6288,247709,251583,16,0,0,fused_streaming,circular,persistent,1,1
6289,252958,256916,16,0,0,fused_streaming,circular,persistent,1,1
6290,241709,245583,16,0,0,fused_streaming,circular,persistent,1,1
6291,244292,248208,16,0,0,fused_streaming,circular,persistent,1,1
6292,241792,245708,16,0,0,fused_streaming,circular,persistent,1,1
6293,276750,280958,16,0,0,fused_streaming,circular,persistent,1,1
6294,230583,234458,16,0,0,fused_streaming,circular,persistent,1,1
6295,231541,235459,16,0,0,fused_streaming,circular,persistent,1,1
6296,225084,228958,16,0,0,fused_streaming,circular,persistent,1,1
6297,224958,228792,16,0,0,fused_streaming,circular,persistent,1,1
6298,234250,238292,16,0,0,fused_streaming,circular,persistent,1,1
6299,233042,236959,16,0,0,fused_streaming,circular,persistent,1,1
6300,238041,241875,16,0,0,fused_streaming,circular,persistent,1,1
6301,239083,242959,16,0,0,fused_streaming,circular,persistent,1,1
6302,236083,244250,16,0,0,fused_streaming,circular,persistent,1,1
6303,235167,239083,16,0,0,fused_streaming,circular,persistent,1,1
6304,245375,249625,16,0,0,fused_streaming,circular,persistent,1,1
6305,244250,248166,16,0,0,fused_streaming,circular,persistent,1,1
6306,240750,244709,16,0,0,fused_streaming,circular,persistent,1,1
6307,241958,245792,16,0,0,fused_streaming,circular,persistent,1,1
6308,237042,240958,16,0,0,fused_streaming,circular,persistent,1,1
6309,231875,235750,16,0,0,fused_streaming,circular,persistent,1,1
6310,231166,235042,16,0,0,fused_streaming,circular,persistent,1,1
6311,231333,235167,16,0,0,fused_streaming,circular,persistent,1,1
6312,225041,229083,16,0,0,fused_streaming,circular,persistent,1,1
6313,236000,240083,16,0,0,fused_streaming,circular,persistent,1,1
6314,228375,232208,16,0,0,fused_streaming,circular,persistent,1,1
6315,282250,286458,16,0,0,fused_streaming,circular,persistent,1,1
6316,237416,241250,16,0,0,fused_streaming,circular,persistent,1,1
6317,242333,246208,16,0,0,fused_streaming,circular,persistent,1,1
6318,236833,240709,16,0,0,fused_streaming,circular,persistent,1,1
6319,239166,243000,16,0,0,fused_streaming,circular,persistent,1,1
6320,247542,251375,16,0,0,fused_streaming,circular,persistent,1,1
6321,245125,249000,16,0,0,fused_streaming,circular,persistent,1,1
6322,241833,245833,16,0,0,fused_streaming,circular,persistent,1,1
6323,242666,246458,16,0,0,fused_streaming,circular,persistent,1,1
6324,235167,239042,16,0,0,fused_streaming,circular,persistent,1,1
6325,229500,233416,16,0,0,fused_streaming,circular,persistent,1,1
6326,234583,238458,16,0,0,fused_streaming,circular,persistent,1,1
6327,222250,226083,16,0,0,fused_streaming,circular,persistent,1,1
6328,229833,233750,16,0,0,fused_streaming,circular,persistent,1,1
6329,221667,225500,16,0,0,fused_streaming,circular,persistent,1,1
6330,225542,229333,16,0,0,fused_streaming,circular,persistent,1,1
6331,239750,243625,16,0,0,fused_streaming,circular,persistent,1,1
6332,234833,238750,16,0,0,fused_streaming,circular,persistent,1,1
6333,239917,243791,16,0,0,fused_streaming,circular,persistent,1,1
6334,234208,238000,16,0,0,fused_streaming,circular,persistent,1,1
6335,246542,250500,16,0,0,fused_streaming,circular,persistent,1,1
6336,253208,257083,16,0,0,fused_streaming,circular,persistent,1,1
6337,243875,247792,16,0,0,fused_streaming,circular,persistent,1,1
6338,241000,244791,16,0,0,fused_streaming,circular,persistent,1,1
6339,239084,242916,16,0,0,fused_streaming,circular,persistent,1,1
6340,240458,244375,16,0,0,fused_streaming,circular,persistent,1,1
6341,238708,242750,16,0,0,fused_streaming,circular,persistent,1,1
6342,227833,231625,16,0,0,fused_streaming,circular,persistent,1,1
6343,234500,238333,16,0,0,fused_streaming,circular,persistent,1,1
6344,217667,221459,16,0,0,fused_streaming,circular,persistent,1,1
6345,219666,223583,16,0,0,fused_streaming,circular,persistent,1,1
6346,236333,240208,16,0,0,fused_streaming,circular,persistent,1,1
6347,235333,239209,16,0,0,fused_streaming,circular,persistent,1,1
6348,238375,242250,16,0,0,fused_streaming,circular,persistent,1,1
6349,240958,244834,16,0,0,fused_streaming,circular,persistent,1,1
6350,277416,281542,16,0,0,fused_streaming,circular,persistent,1,1
6351,248375,252208,16,0,0,fused_streaming,circular,persistent,1,1
6352,252666,256584,16,0,0,fused_streaming,circular,persistent,1,1
6353,237916,241792,16,0,0,fused_streaming,circular,persistent,1,1
6354,243125,247417,16,0,0,fused_streaming,circular,persistent,1,1
6355,241042,244916,16,0,0,fused_streaming,circular,persistent,1,1
6356,236875,289500,16,0,0,fused_streaming,circular,persistent,1,1
6357,233417,237209,16,0,0,fused_streaming,circular,persistent,1,1
6358,232833,236750,16,0,0,fused_streaming,circular,persistent,1,1
6359,224292,228166,16,0,0,fused_streaming,circular,persistent,1,1
6360,215792,219709,16,0,0,fused_streaming,circular,persistent,1,1
6361,275875,279917,16,0,0,fused_streaming,circular,persistent,1,1
6362,236084,240000,16,0,0,fused_streaming,circular,persistent,1,1
6363,228250,232083,16,0,0,fused_streaming,circular,persistent,1,1
6364,240541,244417,16,0,0,fused_streaming,circular,persistent,1,1
6365,239500,243334,16,0,0,fused_streaming,circular,persistent,1,1
6366,242416,246250,16,0,0,fused_streaming,circular,persistent,1,1
6367,251792,255666,16,0,0,fused_streaming,circular,persistent,1,1
6368,248000,251833,16,0,0,fused_streaming,circular,persistent,1,1
6369,240250,244125,16,0,0,fused_streaming,circular,persistent,1,1
6370,242958,246791,16,0,0,fused_streaming,circular,persistent,1,1
6371,239000,243000,16,0,0,fused_streaming,circular,persistent,1,1
6372,240959,244916,16,0,0,fused_streaming,circular,persistent,1,1
6373,232625,236500,16,0,0,fused_streaming,circular,persistent,1,1
6374,234042,237958,16,0,0,fused_streaming,circular,persistent,1,1
6375,225541,229417,16,0,0,fused_streaming,circular,persistent,1,1
6376,221083,224958,16,0,0,fused_streaming,circular,persistent,1,1
6377,225291,229167,16,0,0,fused_streaming,circular,persistent,1,1
6378,230291,234583,16,0,0,fused_streaming,circular,persistent,1,1
6379,234834,238833,16,0,0,fused_streaming,circular,persistent,1,1
6380,235167,239083,16,0,0,fused_streaming,circular,persistent,1,1
6381,234000,237834,16,0,0,fused_streaming,circular,persistent,1,1
6382,242583,246500,16,0,0,fused_streaming,circular,persistent,1,1
6383,253708,257584,16,0,0,fused_streaming,circular,persistent,1,1
6384,244458,248458,16,0,0,fused_streaming,circular,persistent,1,1
6385,241833,245667,16,0,0,fused_streaming,circular,persistent,1,1
6386,235708,239667,16,0,0,fused_streaming,circular,persistent,1,1
6387,235458,239334,16,0,0,fused_streaming,circular,persistent,1,1
6388,231041,234958,16,0,0,fused_streaming,circular,persistent,1,1
6389,229125,233042,16,0,0,fused_streaming,circular,persistent,1,1
6390,232084,235916,16,0,0,fused_streaming,circular,persistent,1,1
6391,221292,225167,16,0,0,fused_streaming,circular,persistent,1,1
6392,221542,225416,16,0,0,fused_streaming,circular,persistent,1,1
6393,235458,239334,16,0,0,fused_streaming,circular,persistent,1,1
6394,271208,275292,16,0,0,fused_streaming,circular,persistent,1,1
6395,237375,241334,16,0,0,fused_streaming,circular,persistent,1,1
6396,242708,246542,16,0,0,fused_streaming,circular,persistent,1,1
6397,233084,237000,16,0,0,fused_streaming,circular,persistent,1,1
6398,247583,251500,16,0,0,fused_streaming,circular,persistent,1,1
6399,253167,257125,16,0,0,fused_streaming,circular,persistent,1,1
6400,237042,240916,16,0,0,fused_streaming,circular,persistent,1,1
6401,240209,244083,16,0,0,fused_streaming,circular,persistent,1,1
6402,239042,242916,16,0,0,fused_streaming,circular,persistent,1,1
6403,235125,239000,16,0,0,fused_streaming,circular,persistent,1,1
6404,229500,233416,16,0,0,fused_streaming,circular,persistent,1,1
6405,235500,239459,16,0,0,fused_streaming,circular,persistent,1,1
6406,218167,222083,16,0,0,fused_streaming,circular,persistent,1,1
6407,261750,266042,16,0,0,fused_streaming,circular,persistent,1,1
6408,231875,235666,16,0,0,fused_streaming,circular,persistent,1,1
6409,236667,240917,16,0,0,fused_streaming,circular,persistent,1,1
6410,233833,237708,16,0,0,fused_streaming,circular,persistent,1,1
6411,239166,243125,16,0,0,fused_streaming,circular,persistent,1,1
6412,236750,240584,16,0,0,fused_streaming,circular,persistent,1,1
6413,239166,243292,16,0,0,fused_streaming,circular,persistent,1,1
6414,249917,253834,16,0,0,fused_streaming,circular,persistent,1,1
6415,249375,253500,16,0,0,fused_streaming,circular,persistent,1,1
6416,240667,244708,16,0,0,fused_streaming,circular,persistent,1,1
6417,235916,240208,16,0,0,fused_streaming,circular,persistent,1,1
6418,241958,246334,16,0,0,fused_streaming,circular,persistent,1,1
6419,236958,240833,16,0,0,fused_streaming,circular,persistent,1,1
6420,234625,238584,16,0,0,fused_streaming,circular,persistent,1,1
6421,223333,227292,16,0,0,fused_streaming,circular,persistent,1,1
6422,203500,207417,16,0,0,fused_streaming,circular,persistent,1,1
6423,221834,225750,16,0,0,fused_streaming,circular,persistent,1,1
6424,231125,234958,16,0,0,fused_streaming,circular,persistent,1,1
6425,285875,290166,16,0,0,fused_streaming,circular,persistent,1,1
6426,234125,238083,16,0,0,fused_streaming,circular,persistent,1,1
6427,238959,242833,16,0,0,fused_streaming,circular,persistent,1,1
6428,236166,240167,16,0,0,fused_streaming,circular,persistent,1,1
6429,241542,245375,16,0,0,fused_streaming,circular,persistent,1,1
6430,251542,255459,16,0,0,fused_streaming,circular,persistent,1,1
6431,250500,254500,16,0,0,fused_streaming,circular,persistent,1,1
6432,238708,242625,16,0,0,fused_streaming,circular,persistent,1,1
6433,236042,240000,16,0,0,fused_streaming,circular,persistent,1,1
6434,244167,248083,16,0,0,fused_streaming,circular,persistent,1,1
6435,232542,236500,16,0,0,fused_streaming,circular,persistent,1,1
6436,225333,229292,16,0,0,fused_streaming,circular,persistent,1,1
6437,225334,229208,16,0,0,fused_streaming,circular,persistent,1,1
6438,218834,222791,16,0,0,fused_streaming,circular,persistent,1,1
6439,219250,223125,16,0,0,fused_streaming,circular,persistent,1,1
6440,226042,229958,16,0,0,fused_streaming,circular,persistent,1,1
6441,231084,235000,16,0,0,fused_streaming,circular,persistent,1,1
6442,222833,226667,16,0,0,fused_streaming,circular,persistent,1,1
6443,226625,230542,16,0,0,fused_streaming,circular,persistent,1,1
6444,234333,238250,16,0,0,fused_streaming,circular,persistent,1,1
6445,235958,239833,16,0,0,fused_streaming,circular,persistent,1,1
6446,227584,231416,16,0,0,fused_streaming,circular,persistent,1,1
6447,267833,272000,16,0,0,fused_streaming,circular,persistent,1,1
6448,219750,223625,16,0,0,fused_streaming,circular,persistent,1,1
6449,233208,237083,16,0,0,fused_streaming,circular,persistent,1,1
6450,238125,242041,16,0,0,fused_streaming,circular,persistent,1,1
6451,238958,242875,16,0,0,fused_streaming,circular,persistent,1,1
6452,219291,223292,16,0,0,fused_streaming,circular,persistent,1,1
6453,212333,216167,16,0,0,fused_streaming,circular,persistent,1,1
6454,216125,220000,16,0,0,fused_streaming,circular,persistent,1,1
6455,252833,256833,16,0,0,fused_streaming,circular,persistent,1,1
6456,229416,233250,16,0,0,fused_streaming,circular,persistent,1,1
6457,226458,230375,16,0,0,fused_streaming,circular,persistent,1,1
6458,230125,234000,16,0,0,fused_streaming,circular,persistent,1,1
6459,229292,233167,16,0,0,fused_streaming,circular,persistent,1,1
6460,220000,223875,16,0,0,fused_streaming,circular,persistent,1,1
6461,230209,234166,16,0,0,fused_streaming,circular,persistent,1,1
6462,231166,235042,16,0,0,fused_streaming,circular,persistent,1,1
6463,228625,232667,16,0,0,fused_streaming,circular,persistent,1,1
6464,238875,242709,16,0,0,fused_streaming,circular,persistent,1,1
6465,238625,242584,16,0,0,fused_streaming,circular,persistent,1,1
6466,222375,226208,16,0,0,fused_streaming,circular,persistent,1,1
6467,230750,234625,16,0,0,fused_streaming,circular,persistent,1,1
6468,227500,231458,16,0,0,fused_streaming,circular,persistent,1,1
6469,228000,231875,16,0,0,fused_streaming,circular,persistent,1,1
6470,266292,270292,16,0,0,fused_streaming,circular,persistent,1,1
6471,218709,222625,16,0,0,fused_streaming,circular,persistent,1,1
6472,211334,215250,16,0,0,fused_streaming,circular,persistent,1,1
6473,219875,223750,16,0,0,fused_streaming,circular,persistent,1,1
6474,232625,236500,16,0,0,fused_streaming,circular,persistent,1,1
6475,240250,244084,16,0,0,fused_streaming,circular,persistent,1,1
6476,235291,239167,16,0,0,fused_streaming,circular,persistent,1,1
6477,218708,222875,16,0,0,fused_streaming,circular,persistent,1,1
6478,222250,226167,16,0,0,fused_streaming,circular,persistent,1,1
6479,230417,234333,16,0,0,fused_streaming,circular,persistent,1,1
6480,223500,227333,16,0,0,fused_streaming,circular,persistent,1,1
6481,230917,234709,16,0,0,fused_streaming,circular,persistent,1,1
6482,231542,235417,16,0,0,fused_streaming,circular,persistent,1,1
6483,229916,233791,16,0,0,fused_streaming,circular,persistent,1,1
6484,216334,220208,16,0,0,fused_streaming,circular,persistent,1,1
6485,224958,228833,16,0,0,fused_streaming,circular,persistent,1,1
6486,229417,233375,16,0,0,fused_streaming,circular,persistent,1,1
6487,218208,226125,16,0,0,fused_streaming,circular,persistent,1,1
6488,269500,273792,16,0,0,fused_streaming,circular,persistent,1,1
6489,222125,226000,16,0,0,fused_streaming,circular,persistent,1,1
6490,234459,238250,16,0,0,fused_streaming,circular,persistent,1,1
6491,231542,235458,16,0,0,fused_streaming,circular,persistent,1,1
6492,214041,217958,16,0,0,fused_streaming,circular,persistent,1,1
6493,219500,223334,16,0,0,fused_streaming,circular,persistent,1,1
6494,217041,221000,16,0,0,fused_streaming,circular,persistent,1,1
6495,223250,227417,16,0,0,fused_streaming,circular,persistent,1,1
6496,230750,234666,16,0,0,fused_streaming,circular,persistent,1,1
6497,244042,248000,16,0,0,fused_streaming,circular,persistent,1,1
6498,253917,257875,16,0,0,fused_streaming,circular,persistent,1,1
6499,239959,243833,16,0,0,fused_streaming,circular,persistent,1,1
6500,250375,254334,16,0,0,fused_streaming,circular,persistent,1,1
6501,247583,251417,16,0,0,fused_streaming,circular,persistent,1,1
6502,241750,245667,16,0,0,fused_streaming,circular,persistent,1,1
6503,232083,235917,16,0,0,fused_streaming,circular,persistent,1,1
6504,278125,282291,16,0,0,fused_streaming,circular,persistent,1,1
6505,218083,222042,16,0,0,fused_streaming,circular,persistent,1,1
6506,214041,217917,16,0,0,fused_streaming,circular,persistent,1,1
6507,229375,233250,16,0,0,fused_streaming,circular,persistent,1,1
6508,228875,237000,16,0,0,fused_streaming,circular,persistent,1,1
6509,219958,223833,16,0,0,fused_streaming,circular,persistent,1,1
6510,228083,231917,16,0,0,fused_streaming,circular,persistent,1,1
6511,225375,229250,16,0,0,fused_streaming,circular,persistent,1,1
6512,266333,270375,16,0,0,fused_streaming,circular,persistent,1,1
6513,238208,242042,16,0,0,fused_streaming,circular,persistent,1,1
6514,284917,289084,16,0,0,fused_streaming,circular,persistent,1,1
6515,243875,247834,16,0,0,fused_streaming,circular,persistent,1,1
6516,288666,292667,16,0,0,fused_streaming,circular,persistent,1,1
6517,251833,255709,16,0,0,fused_streaming,circular,persistent,1,1
6518,251334,255208,16,0,0,fused_streaming,circular,persistent,1,1
6519,241791,245791,16,0,0,fused_streaming,circular,persistent,1,1
6520,246834,250791,16,0,0,fused_streaming,circular,persistent,1,1
6521,240292,244125,16,0,0,fused_streaming,circular,persistent,1,1
6522,241750,245625,16,0,0,fused_streaming,circular,persistent,1,1
6523,237625,241583,16,0,0,fused_streaming,circular,persistent,1,1
6524,242000,245958,16,0,0,fused_streaming,circular,persistent,1,1
6525,239958,243792,16,0,0,fused_streaming,circular,persistent,1,1
6526,270541,274542,16,0,0,fused_streaming,circular,persistent,1,1
6527,227000,231084,16,0,0,fused_streaming,circular,persistent,1,1
6528,227458,231334,16,0,0,fused_streaming,circular,persistent,1,1
6529,228916,232833,16,0,0,fused_streaming,circular,persistent,1,1
6530,223541,227375,16,0,0,fused_streaming,circular,persistent,1,1
6531,231709,235541,16,0,0,fused_streaming,circular,persistent,1,1
6532,243916,247791,16,0,0,fused_streaming,circular,persistent,1,1
6533,282333,286500,16,0,0,fused_streaming,circular,persistent,1,1
6534,246792,250667,16,0,0,fused_streaming,circular,persistent,1,1
6535,254666,258500,16,0,0,fused_streaming,circular,persistent,1,1
6536,249209,253167,16,0,0,fused_streaming,circular,persistent,1,1
6537,247333,251208,16,0,0,fused_streaming,circular,persistent,1,1
6538,236542,240459,16,0,0,fused_streaming,circular,persistent,1,1
6539,246500,250667,16,0,0,fused_streaming,circular,persistent,1,1
6540,244208,248125,16,0,0,fused_streaming,circular,persistent,1,1
6541,242834,246750,16,0,0,fused_streaming,circular,persistent,1,1
6542,236750,240625,16,0,0,fused_streaming,circular,persistent,1,1
6543,239291,243208,16,0,0,fused_streaming,circular,persistent,1,1
6544,228000,231833,16,0,0,fused_streaming,circular,persistent,1,1
6545,215250,219125,16,0,0,fused_streaming,circular,persistent,1,1
6546,222084,226041,16,0,0,fused_streaming,circular,persistent,1,1
6547,220833,224792,16,0,0,fused_streaming,circular,persistent,1,1
6548,268167,272416,16,0,0,fused_streaming,circular,persistent,1,1
6549,227625,231500,16,0,0,fused_streaming,circular,persistent,1,1
6550,233417,237333,16,0,0,fused_streaming,circular,persistent,1,1
6551,241542,245459,16,0,0,fused_streaming,circular,persistent,1,1
6552,240875,248959,16,0,0,fused_streaming,circular,persistent,1,1
6553,243875,247750,16,0,0,fused_streaming,circular,persistent,1,1
6554,246792,250667,16,0,0,fused_streaming,circular,persistent,1,1
6555,246750,250667,16,0,0,fused_streaming,circular,persistent,1,1
6556,242958,246833,16,0,0,fused_streaming,circular,persistent,1,1
6557,245958,249958,16,0,0,fused_streaming,circular,persistent,1,1
6558,243000,246917,16,0,0,fused_streaming,circular,persistent,1,1
6559,241750,245708,16,0,0,fused_streaming,circular,persistent,1,1
6560,238042,241917,16,0,0,fused_streaming,circular,persistent,1,1
6561,240292,244209,16,0,0,fused_streaming,circular,persistent,1,1
6562,235375,239375,16,0,0,fused_streaming,circular,persistent,1,1
6563,222917,226958,16,0,0,fused_streaming,circular,persistent,1,1
6564,217584,221458,16,0,0,fused_streaming,circular,persistent,1,1
6565,214334,218250,16,0,0,fused_streaming,circular,persistent,1,1
6566,224833,228708,16,0,0,fused_streaming,circular,persistent,1,1
6567,223750,227667,16,0,0,fused_streaming,circular,persistent,1,1
6568,231750,235709,16,0,0,fused_streaming,circular,persistent,1,1
6569,235458,239583,16,0,0,fused_streaming,circular,persistent,1,1
6570,248875,252917,16,0,0,fused_streaming,circular,persistent,1,1
6571,237208,241125,16,0,0,fused_streaming,circular,persistent,1,1
6572,250416,254417,16,0,0,fused_streaming,circular,persistent,1,1
6573,248084,252083,16,0,0,fused_streaming,circular,persistent,1,1
6574,246125,250125,16,0,0,fused_streaming,circular,persistent,1,1
6575,240333,244167,16,0,0,fused_streaming,circular,persistent,1,1
6576,247916,252000,16,0,0,fused_streaming,circular,persistent,1,1
6577,238625,242583,16,0,0,fused_streaming,circular,persistent,1,1
6578,239917,243791,16,0,0,fused_streaming,circular,persistent,1,1
6579,239834,243750,16,0,0,fused_streaming,circular,persistent,1,1
6580,282458,286542,16,0,0,fused_streaming,circular,persistent,1,1
6581,226000,229917,16,0,0,fused_streaming,circular,persistent,1,1
6582,215500,219375,16,0,0,fused_streaming,circular,persistent,1,1
6583,217084,220916,16,0,0,fused_streaming,circular,persistent,1,1
6584,221917,225750,16,0,0,fused_streaming,circular,persistent,1,1
6585,215791,219625,16,0,0,fused_streaming,circular,persistent,1,1
6586,225750,229625,16,0,0,fused_streaming,circular,persistent,1,1
6587,231334,235458,16,0,0,fused_streaming,circular,persistent,1,1
6588,244333,248250,16,0,0,fused_streaming,circular,persistent,1,1
6589,243083,247042,16,0,0,fused_streaming,circular,persistent,1,1
6590,246667,250625,16,0,0,fused_streaming,circular,persistent,1,1
6591,243291,247458,16,0,0,fused_streaming,circular,persistent,1,1
6592,249791,257917,16,0,0,fused_streaming,circular,persistent,1,1
6593,238583,242542,16,0,0,fused_streaming,circular,persistent,1,1
6594,242459,246459,16,0,0,fused_streaming,circular,persistent,1,1
6595,248167,252083,16,0,0,fused_streaming,circular,persistent,1,1
6596,236250,240250,16,0,0,fused_streaming,circular,persistent,1,1
6597,243959,247833,16,0,0,fused_streaming,circular,persistent,1,1
6598,240166,244167,16,0,0,fused_streaming,circular,persistent,1,1
6599,384833,389209,16,1,0,fused_streaming,circular,persistent,1,1
6600,225958,229875,16,0,0,fused_streaming,circular,persistent,1,1
6601,225667,229875,16,0,0,fused_streaming,circular,persistent,1,1
6602,226917,230791,16,0,0,fused_streaming,circular,persistent,1,1
6603,218958,222834,16,0,0,fused_streaming,circular,persistent,1,1
6604,214375,255709,16,0,0,fused_streaming,circular,persistent,1,1
6605,215000,218834,16,0,0,fused_streaming,circular,persistent,1,1
6606,238625,242541,16,0,0,fused_streaming,circular,persistent,1,1
6607,245959,249917,16,0,0,fused_streaming,circular,persistent,1,1
6608,240667,244584,16,0,0,fused_streaming,circular,persistent,1,1
6609,248042,252000,16,0,0,fused_streaming,circular,persistent,1,1
6610,253000,257041,16,0,0,fused_streaming,circular,persistent,1,1
6611,249875,253792,16,0,0,fused_streaming,circular,persistent,1,1
6612,235292,239625,16,0,0,fused_streaming,circular,persistent,1,1
6613,246041,249959,16,0,0,fused_streaming,circular,persistent,1,1
6614,240958,244792,16,0,0,fused_streaming,circular,persistent,1,1
6615,244875,248833,16,0,0,fused_streaming,circular,persistent,1,1
6616,238500,242375,16,0,0,fused_streaming,circular,persistent,1,1
6617,241375,245292,16,0,0,fused_streaming,circular,persistent,1,1
6618,240750,244625,16,0,0,fused_streaming,circular,persistent,1,1
6619,220042,224166,16,0,0,fused_streaming,circular,persistent,1,1
6620,216000,219959,16,0,0,fused_streaming,circular,persistent,1,1
6621,209375,213292,16,0,0,fused_streaming,circular,persistent,1,1
6622,213916,217750,16,0,0,fused_streaming,circular,persistent,1,1
6623,217208,221083,16,0,0,fused_streaming,circular,persistent,1,1
6624,230042,233959,16,0,0,fused_streaming,circular,persistent,1,1
6625,244209,248125,16,0,0,fused_streaming,circular,persistent,1,1
6626,238959,242917,16,0,0,fused_streaming,circular,persistent,1,1
6627,234750,238791,16,0,0,fused_streaming,circular,persistent,1,1
6628,246625,250542,16,0,0,fused_streaming,circular,persistent,1,1
6629,254458,258375,16,0,0,fused_streaming,circular,persistent,1,1
6630,238166,242042,16,0,0,fused_streaming,circular,persistent,1,1
6631,240625,244541,16,0,0,fused_streaming,circular,persistent,1,1
6632,244750,248833,16,0,0,fused_streaming,circular,persistent,1,1
6633,244542,248459,16,0,0,fused_streaming,circular,persistent,1,1
6634,237000,240917,16,0,0,fused_streaming,circular,persistent,1,1
6635,232625,236459,16,0,0,fused_streaming,circular,persistent,1,1
6636,239583,243542,16,0,0,fused_streaming,circular,persistent,1,1
6637,227375,231250,16,0,0,fused_streaming,circular,persistent,1,1
6638,205917,209792,16,0,0,fused_streaming,circular,persistent,1,1
6639,209584,213708,16,0,0,fused_streaming,circular,persistent,1,1
6640,258583,262750,16,0,0,fused_streaming,circular,persistent,1,1
6641,214084,222167,16,0,0,fused_streaming,circular,persistent,1,1
6642,230542,234333,16,0,0,fused_streaming,circular,persistent,1,1
6643,241750,245667,16,0,0,fused_streaming,circular,persistent,1,1
6644,239375,243167,16,0,0,fused_streaming,circular,persistent,1,1
6645,228417,232375,16,0,0,fused_streaming,circular,persistent,1,1
6646,235667,239875,16,0,0,fused_streaming,circular,persistent,1,1
6647,248833,252666,16,0,0,fused_streaming,circular,persistent,1,1
6648,248708,252667,16,0,0,fused_streaming,circular,persistent,1,1
6649,241250,245125,16,0,0,fused_streaming,circular,persistent,1,1
6650,241459,245375,16,0,0,fused_streaming,circular,persistent,1,1
6651,249584,253458,16,0,0,fused_streaming,circular,persistent,1,1
6652,238375,242209,16,0,0,fused_streaming,circular,persistent,1,1
6653,242708,246584,16,0,0,fused_streaming,circular,persistent,1,1
6654,238209,242042,16,0,0,fused_streaming,circular,persistent,1,1
6655,242792,246625,16,0,0,fused_streaming,circular,persistent,1,1
6656,226916,230792,16,0,0,fused_streaming,circular,persistent,1,1
6657,214625,218500,16,0,0,fused_streaming,circular,persistent,1,1
6658,215834,219708,16,0,0,fused_streaming,circular,persistent,1,1
6659,221833,225708,16,0,0,fused_streaming,circular,persistent,1,1
6660,223709,227625,16,0,0,fused_streaming,circular,persistent,1,1
6661,228750,232625,16,0,0,fused_streaming,circular,persistent,1,1
6662,240959,244792,16,0,0,fused_streaming,circular,persistent,1,1
6663,234292,238167,16,0,0,fused_streaming,circular,persistent,1,1
6664,228542,232375,16,0,0,fused_streaming,circular,persistent,1,1
6665,248083,252125,16,0,0,fused_streaming,circular,persistent,1,1
6666,252083,255959,16,0,0,fused_streaming,circular,persistent,1,1
6667,247417,251334,16,0,0,fused_streaming,circular,persistent,1,1
6668,239750,243584,16,0,0,fused_streaming,circular,persistent,1,1
6669,240250,244208,16,0,0,fused_streaming,circular,persistent,1,1
6670,245042,248917,16,0,0,fused_streaming,circular,persistent,1,1
6671,238000,242000,16,0,0,fused_streaming,circular,persistent,1,1
6672,242125,246000,16,0,0,fused_streaming,circular,persistent,1,1
6673,237166,241333,16,0,0,fused_streaming,circular,persistent,1,1
6674,232875,236708,16,0,0,fused_streaming,circular,persistent,1,1
6675,218125,222000,16,0,0,fused_streaming,circular,persistent,1,1
6676,217209,221083,16,0,0,fused_streaming,circular,persistent,1,1
6677,224000,227834,16,0,0,fused_streaming,circular,persistent,1,1
6678,220042,223917,16,0,0,fused_streaming,circular,persistent,1,1
6679,223834,227750,16,0,0,fused_streaming,circular,persistent,1,1
6680,237542,241375,16,0,0,fused_streaming,circular,persistent,1,1
6681,237500,241583,16,0,0,fused_streaming,circular,persistent,1,1
6682,227708,231584,16,0,0,fused_streaming,circular,persistent,1,1
6683,237584,241625,16,0,0,fused_streaming,circular,persistent,1,1
6684,251625,255583,16,0,0,fused_streaming,circular,persistent,1,1
6685,253000,256917,16,0,0,fused_streaming,circular,persistent,1,1
6686,241708,245708,16,0,0,fused_streaming,circular,persistent,1,1
6687,235000,238959,16,0,0,fused_streaming,circular,persistent,1,1
6688,246875,250750,16,0,0,fused_streaming,circular,persistent,1,1
6689,244292,248166,16,0,0,fused_streaming,circular,persistent,1,1
6690,243292,247125,16,0,0,fused_streaming,circular,persistent,1,1
6691,233167,237041,16,0,0,fused_streaming,circular,persistent,1,1
6692,243625,247500,16,0,0,fused_streaming,circular,persistent,1,1
6693,225750,268584,16,0,0,fused_streaming,circular,persistent,1,1
6694,217166,221084,16,0,0,fused_streaming,circular,persistent,1,1
6695,216667,220458,16,0,0,fused_streaming,circular,persistent,1,1
6696,222375,226208,16,0,0,fused_streaming,circular,persistent,1,1
6697,226000,229834,16,0,0,fused_streaming,circular,persistent,1,1
6698,226459,230333,16,0,0,fused_streaming,circular,persistent,1,1
6699,241917,245834,16,0,0,fused_streaming,circular,persistent,1,1
6700,238000,241875,16,0,0,fused_streaming,circular,persistent,1,1
6701,226250,230167,16,0,0,fused_streaming,circular,persistent,1,1
6702,237875,241792,16,0,0,fused_streaming,circular,persistent,1,1
6703,246417,250375,16,0,0,fused_streaming,circular,persistent,1,1
6704,247917,251875,16,0,0,fused_streaming,circular,persistent,1,1
6705,240875,244709,16,0,0,fused_streaming,circular,persistent,1,1
6706,239917,243792,16,0,0,fused_streaming,circular,persistent,1,1
6707,248041,251917,16,0,0,fused_streaming,circular,persistent,1,1
6708,242000,245917,16,0,0,fused_streaming,circular,persistent,1,1
6709,237333,241250,16,0,0,fused_streaming,circular,persistent,1,1
6710,241000,244875,16,0,0,fused_streaming,circular,persistent,1,1
6711,239917,243833,16,0,0,fused_streaming,circular,persistent,1,1
6712,221875,225792,16,0,0,fused_streaming,circular,persistent,1,1
6713,223542,227416,16,0,0,fused_streaming,circular,persistent,1,1
6714,222042,226000,16,0,0,fused_streaming,circular,persistent,1,1
6715,219417,223333,16,0,0,fused_streaming,circular,persistent,1,1
6716,228334,232208,16,0,0,fused_streaming,circular,persistent,1,1
6717,230792,234667,16,0,0,fused_streaming,circular,persistent,1,1
6718,241833,245750,16,0,0,fused_streaming,circular,persistent,1,1
6719,233458,237375,16,0,0,fused_streaming,circular,persistent,1,1
6720,226250,230125,16,0,0,fused_streaming,circular,persistent,1,1
6721,249208,253125,16,0,0,fused_streaming,circular,persistent,1,1
6722,251125,255000,16,0,0,fused_streaming,circular,persistent,1,1
6723,244958,248834,16,0,0,fused_streaming,circular,persistent,1,1
6724,240167,244042,16,0,0,fused_streaming,circular,persistent,1,1
6725,238875,242750,16,0,0,fused_streaming,circular,persistent,1,1
6726,244167,248084,16,0,0,fused_streaming,circular,persistent,1,1
6727,241084,244958,16,0,0,fused_streaming,circular,persistent,1,1
6728,237834,241833,16,0,0,fused_streaming,circular,persistent,1,1
6729,244250,248166,16,0,0,fused_streaming,circular,persistent,1,1
6730,233417,237333,16,0,0,fused_streaming,circular,persistent,1,1
6731,272917,277000,16,0,0,fused_streaming,circular,persistent,1,1
6732,230167,234083,16,0,0,fused_streaming,circular,persistent,1,1
6733,220042,223958,16,0,0,fused_streaming,circular,persistent,1,1
6734,224833,228875,16,0,0,fused_streaming,circular,persistent,1,1
6735,221500,225333,16,0,0,fused_streaming,circular,persistent,1,1
6736,230208,234042,16,0,0,fused_streaming,circular,persistent,1,1
6737,242208,246167,16,0,0,fused_streaming,circular,persistent,1,1
6738,223625,227500,16,0,0,fused_streaming,circular,persistent,1,1
6739,234334,238250,16,0,0,fused_streaming,circular,persistent,1,1
6740,243458,247417,16,0,0,fused_streaming,circular,persistent,1,1
6741,249042,252916,16,0,0,fused_streaming,circular,persistent,1,1
6742,241541,245833,16,0,0,fused_streaming,circular,persistent,1,1
6743,234000,237916,16,0,0,fused_streaming,circular,persistent,1,1
6744,245834,249750,16,0,0,fused_streaming,circular,persistent,1,1
6745,236500,240375,16,0,0,fused_streaming,circular,persistent,1,1
6746,244125,248041,16,0,0,fused_streaming,circular,persistent,1,1
6747,237917,241875,16,0,0,fused_streaming,circular,persistent,1,1
6748,233958,237834,16,0,0,fused_streaming,circular,persistent,1,1
6749,231500,235459,16,0,0,fused_streaming,circular,persistent,1,1
6750,231084,235000,16,0,0,fused_streaming,circular,persistent,1,1
6751,226958,230834,16,0,0,fused_streaming,circular,persistent,1,1
6752,220083,224000,16,0,0,fused_streaming,circular,persistent,1,1
6753,223500,227458,16,0,0,fused_streaming,circular,persistent,1,1
6754,222292,226250,16,0,0,fused_streaming,circular,persistent,1,1
6755,236500,240458,16,0,0,fused_streaming,circular,persistent,1,1
6756,228583,232417,16,0,0,fused_streaming,circular,persistent,1,1
6757,225083,229250,16,0,0,fused_streaming,circular,persistent,1,1
6758,240542,244542,16,0,0,fused_streaming,circular,persistent,1,1
6759,245667,249916,16,0,0,fused_streaming,circular,persistent,1,1
6760,247625,251792,16,0,0,fused_streaming,circular,persistent,1,1
6761,243584,247417,16,0,0,fused_streaming,circular,persistent,1,1
6762,238750,242667,16,0,0,fused_streaming,circular,persistent,1,1
6763,245625,249625,16,0,0,fused_streaming,circular,persistent,1,1
6764,241500,245459,16,0,0,fused_streaming,circular,persistent,1,1
6765,240208,244083,16,0,0,fused_streaming,circular,persistent,1,1
6766,252875,256916,16,0,0,fused_streaming,circular,persistent,1,1
6767,231250,235125,16,0,0,fused_streaming,circular,persistent,1,1
6768,272666,276834,16,0,0,fused_streaming,circular,persistent,1,1
6769,231250,235125,16,0,0,fused_streaming,circular,persistent,1,1
6770,222417,226333,16,0,0,fused_streaming,circular,persistent,1,1
6771,223916,227750,16,0,0,fused_streaming,circular,persistent,1,1
6772,219417,223375,16,0,0,fused_streaming,circular,persistent,1,1
6773,231000,234917,16,0,0,fused_streaming,circular,persistent,1,1
6774,234459,238416,16,0,0,fused_streaming,circular,persistent,1,1
6775,227250,231125,16,0,0,fused_streaming,circular,persistent,1,1
6776,225958,230042,16,0,0,fused_streaming,circular,persistent,1,1
6777,242083,245917,16,0,0,fused_streaming,circular,persistent,1,1
6778,250709,254625,16,0,0,fused_streaming,circular,persistent,1,1
6779,250250,254083,16,0,0,fused_streaming,circular,persistent,1,1
6780,239542,243500,16,0,0,fused_streaming,circular,persistent,1,1
6781,243333,247417,16,0,0,fused_streaming,circular,persistent,1,1
6782,238167,242041,16,0,0,fused_streaming,circular,persistent,1,1
6783,245625,249583,16,0,0,fused_streaming,circular,persistent,1,1
6784,243583,247459,16,0,0,fused_streaming,circular,persistent,1,1
6785,242292,246208,16,0,0,fused_streaming,circular,persistent,1,1
6786,239792,243792,16,0,0,fused_streaming,circular,persistent,1,1
6787,231375,235250,16,0,0,fused_streaming,circular,persistent,1,1
6788,206500,210459,16,0,0,fused_streaming,circular,persistent,1,1
6789,208667,212583,16,0,0,fused_streaming,circular,persistent,1,1
6790,217042,220917,16,0,0,fused_streaming,circular,persistent,1,1
6791,219833,223750,16,0,0,fused_streaming,circular,persistent,1,1
6792,229167,233042,16,0,0,fused_streaming,circular,persistent,1,1
6793,224875,228875,16,0,0,fused_streaming,circular,persistent,1,1
6794,220375,224250,16,0,0,fused_streaming,circular,persistent,1,1
6795,220875,224792,16,0,0,fused_streaming,circular,persistent,1,1
6796,237750,241625,16,0,0,fused_streaming,circular,persistent,1,1
6797,248084,252042,16,0,0,fused_streaming,circular,persistent,1,1
6798,246250,250125,16,0,0,fused_streaming,circular,persistent,1,1
6799,233209,237125,16,0,0,fused_streaming,circular,persistent,1,1
6800,248625,252541,16,0,0,fused_streaming,circular,persistent,1,1
6801,248417,252375,16,0,0,fused_streaming,circular,persistent,1,1
6802,242958,246833,16,0,0,fused_streaming,circular,persistent,1,1
6803,230792,234666,16,0,0,fused_streaming,circular,persistent,1,1
6804,237500,241375,16,0,0,fused_streaming,circular,persistent,1,1
6805,235292,239125,16,0,0,fused_streaming,circular,persistent,1,1
6806,236250,240292,16,0,0,fused_streaming,circular,persistent,1,1
6807,223375,227208,16,0,0,fused_streaming,circular,persistent,1,1
6808,228500,232417,16,0,0,fused_streaming,circular,persistent,1,1
6809,222667,226541,16,0,0,fused_streaming,circular,persistent,1,1
6810,259125,263167,16,0,0,fused_streaming,circular,persistent,1,1
6811,229042,232958,16,0,0,fused_streaming,circular,persistent,1,1
6812,228250,232167,16,0,0,fused_streaming,circular,persistent,1,1
6813,222542,226458,16,0,0,fused_streaming,circular,persistent,1,1
6814,235333,239459,16,0,0,fused_streaming,circular,persistent,1,1
6815,246875,250917,16,0,0,fused_streaming,circular,persistent,1,1
6816,250417,254292,16,0,0,fused_streaming,circular,persistent,1,1
6817,243333,247417,16,0,0,fused_streaming,circular,persistent,1,1
6818,254584,258458,16,0,0,fused_streaming,circular,persistent,1,1
6819,240416,244333,16,0,0,fused_streaming,circular,persistent,1,1
6820,242750,246625,16,0,0,fused_streaming,circular,persistent,1,1
6821,239208,243209,16,0,0,fused_streaming,circular,persistent,1,1
6822,234500,238417,16,0,0,fused_streaming,circular,persistent,1,1
6823,245000,248958,16,0,0,fused_streaming,circular,persistent,1,1
6824,223959,227791,16,0,0,fused_streaming,circular,persistent,1,1
6825,275584,279750,16,0,0,fused_streaming,circular,persistent,1,1
6826,224083,228208,16,0,0,fused_streaming,circular,persistent,1,1
6827,229000,232875,16,0,0,fused_streaming,circular,persistent,1,1
6828,223042,227000,16,0,0,fused_streaming,circular,persistent,1,1
6829,229667,233500,16,0,0,fused_streaming,circular,persistent,1,1
6830,211125,215041,16,0,0,fused_streaming,circular,persistent,1,1
6831,223208,227083,16,0,0,fused_streaming,circular,persistent,1,1
6832,231417,235250,16,0,0,fused_streaming,circular,persistent,1,1
6833,238750,242708,16,0,0,fused_streaming,circular,persistent,1,1
6834,237000,240875,16,0,0,fused_streaming,circular,persistent,1,1
6835,235166,239334,16,0,0,fused_streaming,circular,persistent,1,1
6836,232291,236208,16,0,0,fused_streaming,circular,persistent,1,1
6837,230125,234000,16,0,0,fused_streaming,circular,persistent,1,1
6838,217792,221667,16,0,0,fused_streaming,circular,persistent,1,1
6839,227125,230958,16,0,0,fused_streaming,circular,persistent,1,1
6840,233417,237291,16,0,0,fused_streaming,circular,persistent,1,1
6841,231292,235167,16,0,0,fused_streaming,circular,persistent,1,1
6842,220250,224083,16,0,0,fused_streaming,circular,persistent,1,1
6843,220334,224208,16,0,0,fused_streaming,circular,persistent,1,1
6844,213375,217208,16,0,0,fused_streaming,circular,persistent,1,1
6845,216458,220375,16,0,0,fused_streaming,circular,persistent,1,1
6846,226625,230458,16,0,0,fused_streaming,circular,persistent,1,1
6847,220625,224500,16,0,0,fused_streaming,circular,persistent,1,1
6848,219083,222916,16,0,0,fused_streaming,circular,persistent,1,1
6849,217125,221084,16,0,0,fused_streaming,circular,persistent,1,1
6850,217334,221166,16,0,0,fused_streaming,circular,persistent,1,1
6851,277042,281125,16,0,0,fused_streaming,circular,persistent,1,1
6852,226083,229916,16,0,0,fused_streaming,circular,persistent,1,1
6853,219166,223083,16,0,0,fused_streaming,circular,persistent,1,1
6854,228041,231917,16,0,0,fused_streaming,circular,persistent,1,1
6855,219917,223791,16,0,0,fused_streaming,circular,persistent,1,1
6856,201000,204833,16,0,0,fused_streaming,circular,persistent,1,1
6857,217791,221833,16,0,0,fused_streaming,circular,persistent,1,1
6858,213167,217084,16,0,0,fused_streaming,circular,persistent,1,1
6859,217167,221041,16,0,0,fused_streaming,circular,persistent,1,1
6860,211792,215958,16,0,0,fused_streaming,circular,persistent,1,1
6861,214584,218417,16,0,0,fused_streaming,circular,persistent,1,1
6862,212916,216792,16,0,0,fused_streaming,circular,persistent,1,1
6863,255458,259500,16,0,0,fused_streaming,circular,persistent,1,1
6864,214750,218667,16,0,0,fused_streaming,circular,persistent,1,1
6865,212709,216583,16,0,0,fused_streaming,circular,persistent,1,1
6866,259625,263666,16,0,0,fused_streaming,circular,persistent,1,1
6867,201625,205541,16,0,0,fused_streaming,circular,persistent,1,1
6868,218167,222083,16,0,0,fused_streaming,circular,persistent,1,1
6869,213708,217500,16,0,0,fused_streaming,circular,persistent,1,1
6870,219500,223417,16,0,0,fused_streaming,circular,persistent,1,1
6871,217625,221708,16,0,0,fused_streaming,circular,persistent,1,1
6872,211959,215833,16,0,0,fused_streaming,circular,persistent,1,1
6873,204792,208584,16,0,0,fused_streaming,circular,persistent,1,1
6874,199875,204042,16,0,0,fused_streaming,circular,persistent,1,1
6875,209208,213000,16,0,0,fused_streaming,circular,persistent,1,1
6876,258875,263125,16,0,0,fused_streaming,circular,persistent,1,1
6877,212084,215958,16,0,0,fused_streaming,circular,persistent,1,1
6878,200583,204417,16,0,0,fused_streaming,circular,persistent,1,1
6879,205875,209833,16,0,0,fused_streaming,circular,persistent,1,1
6880,219500,223500,16,0,0,fused_streaming,circular,persistent,1,1
6881,211500,215500,16,0,0,fused_streaming,circular,persistent,1,1
6882,201833,205750,16,0,0,fused_streaming,circular,persistent,1,1
6883,205209,209125,16,0,0,fused_streaming,circular,persistent,1,1
6884,211375,215250,16,0,0,fused_streaming,circular,persistent,1,1
6885,215708,219666,16,0,0,fused_streaming,circular,persistent,1,1
6886,220750,224709,16,0,0,fused_streaming,circular,persistent,1,1
6887,213083,216917,16,0,0,fused_streaming,circular,persistent,1,1
6888,212042,215958,16,0,0,fused_streaming,circular,persistent,1,1
6889,216625,220583,16,0,0,fused_streaming,circular,persistent,1,1
6890,218125,222167,16,0,0,fused_streaming,circular,persistent,1,1
6891,218875,222791,16,0,0,fused_streaming,circular,persistent,1,1
6892,212667,216584,16,0,0,fused_streaming,circular,persistent,1,1
6893,218417,222417,16,0,0,fused_streaming,circular,persistent,1,1
6894,206125,210042,16,0,0,fused_streaming,circular,persistent,1,1
6895,204625,208833,16,0,0,fused_streaming,circular,persistent,1,1
6896,210750,214667,16,0,0,fused_streaming,circular,persistent,1,1
6897,211208,215083,16,0,0,fused_streaming,circular,persistent,1,1
6898,212583,216500,16,0,0,fused_streaming,circular,persistent,1,1
6899,215583,219583,16,0,0,fused_streaming,circular,persistent,1,1
6900,210708,214667,16,0,0,fused_streaming,circular,persistent,1,1
6901,214916,218792,16,0,0,fused_streaming,circular,persistent,1,1
6902,215167,219042,16,0,0,fused_streaming,circular,persistent,1,1
6903,216875,220875,16,0,0,fused_streaming,circular,persistent,1,1
6904,217875,221708,16,0,0,fused_streaming,circular,persistent,1,1
6905,210209,214125,16,0,0,fused_streaming,circular,persistent,1,1
6906,219083,223000,16,0,0,fused_streaming,circular,persistent,1,1
6907,218708,222625,16,0,0,fused_streaming,circular,persistent,1,1
6908,213750,217625,16,0,0,fused_streaming,circular,persistent,1,1
6909,262375,266375,16,0,0,fused_streaming,circular,persistent,1,1
6910,221958,225833,16,0,0,fused_streaming,circular,persistent,1,1
6911,212000,216250,16,0,0,fused_streaming,circular,persistent,1,1
6912,216500,220458,16,0,0,fused_streaming,circular,persistent,1,1
6913,249250,253167,16,0,0,fused_streaming,circular,persistent,1,1
6914,252791,256833,16,0,0,fused_streaming,circular,persistent,1,1
6915,247000,250917,16,0,0,fused_streaming,circular,persistent,1,1
6916,254125,258167,16,0,0,fused_streaming,circular,persistent,1,1
6917,251000,254916,16,0,0,fused_streaming,circular,persistent,1,1
6918,247584,251458,16,0,0,fused_streaming,circular,persistent,1,1
6919,242459,246375,16,0,0,fused_streaming,circular,persistent,1,1
6920,232166,236042,16,0,0,fused_streaming,circular,persistent,1,1
6921,220792,224666,16,0,0,fused_streaming,circular,persistent,1,1
6922,224709,228583,16,0,0,fused_streaming,circular,persistent,1,1
6923,223500,227417,16,0,0,fused_streaming,circular,persistent,1,1
6924,230208,234083,16,0,0,fused_streaming,circular,persistent,1,1
6925,235875,239792,16,0,0,fused_streaming,circular,persistent,1,1
6926,231000,234833,16,0,0,fused_streaming,circular,persistent,1,1
6927,269000,273209,16,0,0,fused_streaming,circular,persistent,1,1
6928,231917,235791,16,0,0,fused_streaming,circular,persistent,1,1
6929,239500,243416,16,0,0,fused_streaming,circular,persistent,1,1
6930,246167,250041,16,0,0,fused_streaming,circular,persistent,1,1
6931,243917,247875,16,0,0,fused_streaming,circular,persistent,1,1
6932,246583,250417,16,0,0,fused_streaming,circular,persistent,1,1
6933,295375,299417,16,0,0,fused_streaming,circular,persistent,1,1
6934,251458,255375,16,0,0,fused_streaming,circular,persistent,1,1
6935,250458,254459,16,0,0,fused_streaming,circular,persistent,1,1
6936,251416,255334,16,0,0,fused_streaming,circular,persistent,1,1
6937,255083,259000,16,0,0,fused_streaming,circular,persistent,1,1
6938,250459,254416,16,0,0,fused_streaming,circular,persistent,1,1
6939,255667,259625,16,0,0,fused_streaming,circular,persistent,1,1
6940,242833,246959,16,0,0,fused_streaming,circular,persistent,1,1
6941,239792,243667,16,0,0,fused_streaming,circular,persistent,1,1
6942,236791,241042,16,0,0,fused_streaming,circular,persistent,1,1
6943,232375,236208,16,0,0,fused_streaming,circular,persistent,1,1
6944,231958,235959,16,0,0,fused_streaming,circular,persistent,1,1
6945,225584,229416,16,0,0,fused_streaming,circular,persistent,1,1
6946,231791,235667,16,0,0,fused_streaming,circular,persistent,1,1
6947,223958,228000,16,0,0,fused_streaming,circular,persistent,1,1
6948,224000,227833,16,0,0,fused_streaming,circular,persistent,1,1
6949,232334,236416,16,0,0,fused_streaming,circular,persistent,1,1
6950,246042,249959,16,0,0,fused_streaming,circular,persistent,1,1
6951,253000,256917,16,0,0,fused_streaming,circular,persistent,1,1
6952,251334,255208,16,0,0,fused_streaming,circular,persistent,1,1
6953,248791,252667,16,0,0,fused_streaming,circular,persistent,1,1
6954,248875,252750,16,0,0,fused_streaming,circular,persistent,1,1
6955,240917,244834,16,0,0,fused_streaming,circular,persistent,1,1
6956,247209,251167,16,0,0,fused_streaming,circular,persistent,1,1
6957,250542,254458,16,0,0,fused_streaming,circular,persistent,1,1
6958,248959,252833,16,0,0,fused_streaming,circular,persistent,1,1
6959,242083,245959,16,0,0,fused_streaming,circular,persistent,1,1
6960,233791,237750,16,0,0,fused_streaming,circular,persistent,1,1
6961,241166,245084,16,0,0,fused_streaming,circular,persistent,1,1
6962,228667,232542,16,0,0,fused_streaming,circular,persistent,1,1
6963,212333,216334,16,0,0,fused_streaming,circular,persistent,1,1
6964,228750,232625,16,0,0,fused_streaming,circular,persistent,1,1
6965,228333,232209,16,0,0,fused_streaming,circular,persistent,1,1
6966,231917,235792,16,0,0,fused_streaming,circular,persistent,1,1
6967,224583,228459,16,0,0,fused_streaming,circular,persistent,1,1
6968,265625,269834,16,0,0,fused_streaming,circular,persistent,1,1
6969,232667,236958,16,0,0,fused_streaming,circular,persistent,1,1
6970,286792,291250,16,0,0,fused_streaming,circular,persistent,1,1
6971,249500,253333,16,0,0,fused_streaming,circular,persistent,1,1
6972,253500,257750,16,0,0,fused_streaming,circular,persistent,1,1
6973,249667,258208,16,0,0,fused_streaming,circular,persistent,1,1
6974,245916,249833,16,0,0,fused_streaming,circular,persistent,1,1
6975,245875,249833,16,0,0,fused_streaming,circular,persistent,1,1
6976,252875,256833,16,0,0,fused_streaming,circular,persistent,1,1
6977,248125,252083,16,0,0,fused_streaming,circular,persistent,1,1
6978,246208,250084,16,0,0,fused_streaming,circular,persistent,1,1
6979,243458,247375,16,0,0,fused_streaming,circular,persistent,1,1
6980,242041,245917,16,0,0,fused_streaming,circular,persistent,1,1
6981,235959,239875,16,0,0,fused_streaming,circular,persistent,1,1
6982,230833,234834,16,0,0,fused_streaming,circular,persistent,1,1
6983,231041,234875,16,0,0,fused_streaming,circular,persistent,1,1
6984,224625,228583,16,0,0,fused_streaming,circular,persistent,1,1
6985,233000,236875,16,0,0,fused_streaming,circular,persistent,1,1
6986,216417,220291,16,0,0,fused_streaming,circular,persistent,1,1
6987,227666,231542,16,0,0,fused_streaming,circular,persistent,1,1
6988,233625,237583,16,0,0,fused_streaming,circular,persistent,1,1
6989,242917,246917,16,0,0,fused_streaming,circular,persistent,1,1
6990,249750,253667,16,0,0,fused_streaming,circular,persistent,1,1
6991,250375,254208,16,0,0,fused_streaming,circular,persistent,1,1
6992,246584,250417,16,0,0,fused_streaming,circular,persistent,1,1
6993,256042,259875,16,0,0,fused_streaming,circular,persistent,1,1
6994,240667,244584,16,0,0,fused_streaming,circular,persistent,1,1
6995,248000,251875,16,0,0,fused_streaming,circular,persistent,1,1
6996,249041,252958,16,0,0,fused_streaming,circular,persistent,1,1
6997,246083,250000,16,0,0,fused_streaming,circular,persistent,1,1
6998,245292,249125,16,0,0,fused_streaming,circular,persistent,1,1
6999,236792,240625,16,0,0,fused_streaming,circular,persistent,1,1
7000,243333,247125,16,0,0,fused_streaming,circular,persistent,1,1
7001,238375,242167,16,0,0,fused_streaming,circular,persistent,1,1
7002,221041,224875,16,0,0,fused_streaming,circular,persistent,1,1
7003,228375,232209,16,0,0,fused_streaming,circular,persistent,1,1
7004,225625,229459,16,0,0,fused_streaming,circular,persistent,1,1
7005,226792,230625,16,0,0,fused_streaming,circular,persistent,1,1
7006,228333,232167,16,0,0,fused_streaming,circular,persistent,1,1
7007,225958,229792,16,0,0,fused_streaming,circular,persistent,1,1
7008,233458,237375,16,0,0,fused_streaming,circular,persistent,1,1
7009,245875,249750,16,0,0,fused_streaming,circular,persistent,1,1
7010,247916,251875,16,0,0,fused_streaming,circular,persistent,1,1
7011,251292,255167,16,0,0,fused_streaming,circular,persistent,1,1
7012,252042,255958,16,0,0,fused_streaming,circular,persistent,1,1
7013,252125,256000,16,0,0,fused_streaming,circular,persistent,1,1
7014,239292,243208,16,0,0,fused_streaming,circular,persistent,1,1
7015,248750,252625,16,0,0,fused_streaming,circular,persistent,1,1
7016,250250,254166,16,0,0,fused_streaming,circular,persistent,1,1
7017,246500,250375,16,0,0,fused_streaming,circular,persistent,1,1
7018,243708,247667,16,0,0,fused_streaming,circular,persistent,1,1
7019,238000,241917,16,0,0,fused_streaming,circular,persistent,1,1
7020,244459,248292,16,0,0,fused_streaming,circular,persistent,1,1
7021,233250,237125,16,0,0,fused_streaming,circular,persistent,1,1
7022,230458,234375,16,0,0,fused_streaming,circular,persistent,1,1
7023,225000,228875,16,0,0,fused_streaming,circular,persistent,1,1
7024,231209,235125,16,0,0,fused_streaming,circular,persistent,1,1
7025,226416,230250,16,0,0,fused_streaming,circular,persistent,1,1
7026,228000,231833,16,0,0,fused_streaming,circular,persistent,1,1
7027,223000,226958,16,0,0,fused_streaming,circular,persistent,1,1
7028,242125,245917,16,0,0,fused_streaming,circular,persistent,1,1
7029,247875,251750,16,0,0,fused_streaming,circular,persistent,1,1
7030,238000,241834,16,0,0,fused_streaming,circular,persistent,1,1
7031,242500,246458,16,0,0,fused_streaming,circular,persistent,1,1
7032,250833,254709,16,0,0,fused_streaming,circular,persistent,1,1
7033,243500,247459,16,0,0,fused_streaming,circular,persistent,1,1
7034,242125,245959,16,0,0,fused_streaming,circular,persistent,1,1
7035,251458,255459,16,0,0,fused_streaming,circular,persistent,1,1
7036,251542,255416,16,0,0,fused_streaming,circular,persistent,1,1
7037,245833,249666,16,0,0,fused_streaming,circular,persistent,1,1
7038,240500,244333,16,0,0,fused_streaming,circular,persistent,1,1
7039,237875,242000,16,0,0,fused_streaming,circular,persistent,1,1
7040,234833,243250,16,0,0,fused_streaming,circular,persistent,1,1
7041,225583,229458,16,0,0,fused_streaming,circular,persistent,1,1
7042,218417,222292,16,0,0,fused_streaming,circular,persistent,1,1
7043,220292,224083,16,0,0,fused_streaming,circular,persistent,1,1
7044,233125,237000,16,0,0,fused_streaming,circular,persistent,1,1
7045,224083,228041,16,0,0,fused_streaming,circular,persistent,1,1
7046,226083,229958,16,0,0,fused_streaming,circular,persistent,1,1
7047,229750,233667,16,0,0,fused_streaming,circular,persistent,1,1
7048,247958,252000,16,0,0,fused_streaming,circular,persistent,1,1
7049,240583,244541,16,0,0,fused_streaming,circular,persistent,1,1
7050,248583,288375,16,0,0,fused_streaming,circular,persistent,1,1
7051,245500,249417,16,0,0,fused_streaming,circular,persistent,1,1
7052,256417,260250,16,0,0,fused_streaming,circular,persistent,1,1
7053,242833,246875,16,0,0,fused_streaming,circular,persistent,1,1
7054,243542,247417,16,0,0,fused_streaming,circular,persistent,1,1
7055,250500,254500,16,0,0,fused_streaming,circular,persistent,1,1
7056,250084,254083,16,0,0,fused_streaming,circular,persistent,1,1
7057,245167,249250,16,0,0,fused_streaming,circular,persistent,1,1
7058,242709,246666,16,0,0,fused_streaming,circular,persistent,1,1
7059,242875,246792,16,0,0,fused_streaming,circular,persistent,1,1
7060,238833,242917,16,0,0,fused_streaming,circular,persistent,1,1
7061,229417,233292,16,0,0,fused_streaming,circular,persistent,1,1
7062,223125,227000,16,0,0,fused_streaming,circular,persistent,1,1
7063,227708,231708,16,0,0,fused_streaming,circular,persistent,1,1
7064,219958,223917,16,0,0,fused_streaming,circular,persistent,1,1
7065,220833,224792,16,0,0,fused_streaming,circular,persistent,1,1
7066,221667,225666,16,0,0,fused_streaming,circular,persistent,1,1
7067,236167,240083,16,0,0,fused_streaming,circular,persistent,1,1
7068,244750,248584,16,0,0,fused_streaming,circular,persistent,1,1
7069,237750,241667,16,0,0,fused_streaming,circular,persistent,1,1
7070,243708,247625,16,0,0,fused_streaming,circular,persistent,1,1
7071,252375,256292,16,0,0,fused_streaming,circular,persistent,1,1
7072,252667,256584,16,0,0,fused_streaming,circular,persistent,1,1
7073,236333,240292,16,0,0,fused_streaming,circular,persistent,1,1
7074,244041,247917,16,0,0,fused_streaming,circular,persistent,1,1
7075,294166,298375,16,0,0,fused_streaming,circular,persistent,1,1
7076,247958,251875,16,0,0,fused_streaming,circular,persistent,1,1
7077,281416,285584,16,0,0,fused_streaming,circular,persistent,1,1
7078,240750,244958,16,0,0,fused_streaming,circular,persistent,1,1
7079,287625,292042,16,0,0,fused_streaming,circular,persistent,1,1
7080,234625,238500,16,0,0,fused_streaming,circular,persistent,1,1
7081,219750,223667,16,0,0,fused_streaming,circular,persistent,1,1
7082,221083,225333,16,0,0,fused_streaming,circular,persistent,1,1
7083,231792,235667,16,0,0,fused_streaming,circular,persistent,1,1
7084,263334,267500,16,0,0,fused_streaming,circular,persistent,1,1
7085,227667,231584,16,0,0,fused_streaming,circular,persistent,1,1
7086,231875,235750,16,0,0,fused_streaming,circular,persistent,1,1
7087,237583,241542,16,0,0,fused_streaming,circular,persistent,1,1
7088,236875,240791,16,0,0,fused_streaming,circular,persistent,1,1
7089,241333,245250,16,0,0,fused_streaming,circular,persistent,1,1
7090,247542,251416,16,0,0,fused_streaming,circular,persistent,1,1
7091,253083,256958,16,0,0,fused_streaming,circular,persistent,1,1
7092,241541,245417,16,0,0,fused_streaming,circular,persistent,1,1
7093,243459,247333,16,0,0,fused_streaming,circular,persistent,1,1
7094,248042,251958,16,0,0,fused_streaming,circular,persistent,1,1
7095,250542,254417,16,0,0,fused_streaming,circular,persistent,1,1
7096,242333,246250,16,0,0,fused_streaming,circular,persistent,1,1
7097,241041,244958,16,0,0,fused_streaming,circular,persistent,1,1
7098,241500,245375,16,0,0,fused_streaming,circular,persistent,1,1
7099,238208,242125,16,0,0,fused_streaming,circular,persistent,1,1
7100,230917,234792,16,0,0,fused_streaming,circular,persistent,1,1
7101,226291,230125,16,0,0,fused_streaming,circular,persistent,1,1
7102,223250,227167,16,0,0,fused_streaming,circular,persistent,1,1
7103,228667,232708,16,0,0,fused_streaming,circular,persistent,1,1
7104,224542,228500,16,0,0,fused_streaming,circular,persistent,1,1
7105,226708,230583,16,0,0,fused_streaming,circular,persistent,1,1
7106,237583,241500,16,0,0,fused_streaming,circular,persistent,1,1
7107,239416,243334,16,0,0,fused_streaming,circular,persistent,1,1
7108,232875,236750,16,0,0,fused_streaming,circular,persistent,1,1
7109,276875,280958,16,0,0,fused_streaming,circular,persistent,1,1
7110,246875,250791,16,0,0,fused_streaming,circular,persistent,1,1
7111,255500,259500,16,0,0,fused_streaming,circular,persistent,1,1
7112,244375,248250,16,0,0,fused_streaming,circular,persistent,1,1
7113,240375,244250,16,0,0,fused_streaming,circular,persistent,1,1
7114,250542,254542,16,0,0,fused_streaming,circular,persistent,1,1
7115,251917,255834,16,0,0,fused_streaming,circular,persistent,1,1
7116,240083,243917,16,0,0,fused_streaming,circular,persistent,1,1
7117,241916,245917,16,0,0,fused_streaming,circular,persistent,1,1
7118,239417,243250,16,0,0,fused_streaming,circular,persistent,1,1
7119,230667,234625,16,0,0,fused_streaming,circular,persistent,1,1
7120,230209,234125,16,0,0,fused_streaming,circular,persistent,1,1
7121,220375,224250,16,0,0,fused_streaming,circular,persistent,1,1
7122,226958,230917,16,0,0,fused_streaming,circular,persistent,1,1
7123,230250,234167,16,0,0,fused_streaming,circular,persistent,1,1
7124,224042,228041,16,0,0,fused_streaming,circular,persistent,1,1
7125,233125,237000,16,0,0,fused_streaming,circular,persistent,1,1
7126,278333,282625,16,0,0,fused_streaming,circular,persistent,1,1
7127,237333,241291,16,0,0,fused_streaming,circular,persistent,1,1
7128,234958,238834,16,0,0,fused_streaming,circular,persistent,1,1
7129,242583,246541,16,0,0,fused_streaming,circular,persistent,1,1
7130,246375,250334,16,0,0,fused_streaming,circular,persistent,1,1
7131,253500,257417,16,0,0,fused_streaming,circular,persistent,1,1
7132,241333,245167,16,0,0,fused_streaming,circular,persistent,1,1
7133,245791,249709,16,0,0,fused_streaming,circular,persistent,1,1
7134,299459,303500,16,0,0,fused_streaming,circular,persistent,1,1
7135,245500,249334,16,0,0,fused_streaming,circular,persistent,1,1
7136,240750,244792,16,0,0,fused_streaming,circular,persistent,1,1
7137,241958,246000,16,0,0,fused_streaming,circular,persistent,1,1
7138,245250,249208,16,0,0,fused_streaming,circular,persistent,1,1
7139,231250,235125,16,0,0,fused_streaming,circular,persistent,1,1
7140,220500,224375,16,0,0,fused_streaming,circular,persistent,1,1
7141,222750,226625,16,0,0,fused_streaming,circular,persistent,1,1
7142,229041,233292,16,0,0,fused_streaming,circular,persistent,1,1
7143,274542,278667,16,0,0,fused_streaming,circular,persistent,1,1
7144,224833,228667,16,0,0,fused_streaming,circular,persistent,1,1
7145,237084,241000,16,0,0,fused_streaming,circular,persistent,1,1
7146,241500,245500,16,0,0,fused_streaming,circular,persistent,1,1
7147,233500,237375,16,0,0,fused_streaming,circular,persistent,1,1
7148,237084,240916,16,0,0,fused_streaming,circular,persistent,1,1
7149,248292,252209,16,0,0,fused_streaming,circular,persistent,1,1
7150,253958,257834,16,0,0,fused_streaming,circular,persistent,1,1
7151,249709,253583,16,0,0,fused_streaming,circular,persistent,1,1
7152,238875,242750,16,0,0,fused_streaming,circular,persistent,1,1
7153,245000,249000,16,0,0,fused_streaming,circular,persistent,1,1
7154,246209,254792,16,0,0,fused_streaming,circular,persistent,1,1
7155,287500,291916,16,0,0,fused_streaming,circular,persistent,1,1
7156,241792,245625,16,0,0,fused_streaming,circular,persistent,1,1
7157,279750,283958,16,0,0,fused_streaming,circular,persistent,1,1
7158,235042,238917,16,0,0,fused_streaming,circular,persistent,1,1
7159,236333,240167,16,0,0,fused_streaming,circular,persistent,1,1
7160,231167,235083,16,0,0,fused_streaming,circular,persistent,1,1
7161,228625,232500,16,0,0,fused_streaming,circular,persistent,1,1
7162,219041,222917,16,0,0,fused_streaming,circular,persistent,1,1
7163,221208,225042,16,0,0,fused_streaming,circular,persistent,1,1
7164,231833,235750,16,0,0,fused_streaming,circular,persistent,1,1
7165,230250,234166,16,0,0,fused_streaming,circular,persistent,1,1
7166,244875,248833,16,0,0,fused_streaming,circular,persistent,1,1
7167,239292,243166,16,0,0,fused_streaming,circular,persistent,1,1
7168,235917,239750,16,0,0,fused_streaming,circular,persistent,1,1
7169,251333,255250,16,0,0,fused_streaming,circular,persistent,1,1
7170,253500,257375,16,0,0,fused_streaming,circular,persistent,1,1
7171,246167,249958,16,0,0,fused_streaming,circular,persistent,1,1
7172,241625,245458,16,0,0,fused_streaming,circular,persistent,1,1
7173,246667,250500,16,0,0,fused_streaming,circular,persistent,1,1
7174,244709,248666,16,0,0,fused_streaming,circular,persistent,1,1
7175,247375,251167,16,0,0,fused_streaming,circular,persistent,1,1
7176,233916,238083,16,0,0,fused_streaming,circular,persistent,1,1
7177,245541,249458,16,0,0,fused_streaming,circular,persistent,1,1
7178,235375,239208,16,0,0,fused_streaming,circular,persistent,1,1
7179,231917,235791,16,0,0,fused_streaming,circular,persistent,1,1
7180,228958,232792,16,0,0,fused_streaming,circular,persistent,1,1
7181,234667,238583,16,0,0,fused_streaming,circular,persistent,1,1
7182,226584,230375,16,0,0,fused_streaming,circular,persistent,1,1
7183,220709,224625,16,0,0,fused_streaming,circular,persistent,1,1
7184,230583,234459,16,0,0,fused_streaming,circular,persistent,1,1
7185,231500,235417,16,0,0,fused_streaming,circular,persistent,1,1
7186,242000,245875,16,0,0,fused_streaming,circular,persistent,1,1
7187,224625,228542,16,0,0,fused_streaming,circular,persistent,1,1
7188,282625,286708,16,0,0,fused_streaming,circular,persistent,1,1
7189,246500,250375,16,0,0,fused_streaming,circular,persistent,1,1
7190,253541,257417,16,0,0,fused_streaming,circular,persistent,1,1
7191,238625,242500,16,0,0,fused_streaming,circular,persistent,1,1
7192,242625,246583,16,0,0,fused_streaming,circular,persistent,1,1
7193,251500,255417,16,0,0,fused_streaming,circular,persistent,1,1
7194,250916,254708,16,0,0,fused_streaming,circular,persistent,1,1
7195,239084,243000,16,0,0,fused_streaming,circular,persistent,1,1
7196,241791,245708,16,0,0,fused_streaming,circular,persistent,1,1
7197,245792,249666,16,0,0,fused_streaming,circular,persistent,1,1
7198,234458,238292,16,0,0,fused_streaming,circular,persistent,1,1
7199,231791,235583,16,0,0,fused_streaming,circular,persistent,1,1
7200,270458,274500,16,0,0,fused_streaming,circular,persistent,1,1
7201,220708,224625,16,0,0,fused_streaming,circular,persistent,1,1
7202,222000,225833,16,0,0,fused_streaming,circular,persistent,1,1
7203,229958,233958,16,0,0,fused_streaming,circular,persistent,1,1
7204,224583,228459,16,0,0,fused_streaming,circular,persistent,1,1
7205,275167,279250,16,0,0,fused_streaming,circular,persistent,1,1
7206,237125,240917,16,0,0,fused_streaming,circular,persistent,1,1
7207,221125,225042,16,0,0,fused_streaming,circular,persistent,1,1
7208,246958,250875,16,0,0,fused_streaming,circular,persistent,1,1
7209,254083,258042,16,0,0,fused_streaming,circular,persistent,1,1
7210,254667,258542,16,0,0,fused_streaming,circular,persistent,1,1
7211,243917,247833,16,0,0,fused_streaming,circular,persistent,1,1
7212,241291,245167,16,0,0,fused_streaming,circular,persistent,1,1
7213,289834,294000,16,0,0,fused_streaming,circular,persistent,1,1
7214,248583,252500,16,0,0,fused_streaming,circular,persistent,1,1
7215,280750,284792,16,0,0,fused_streaming,circular,persistent,1,1
7216,243833,247708,16,0,0,fused_streaming,circular,persistent,1,1
7217,239708,243584,16,0,0,fused_streaming,circular,persistent,1,1
7218,235375,239250,16,0,0,fused_streaming,circular,persistent,1,1
7219,231292,235208,16,0,0,fused_streaming,circular,persistent,1,1
7220,227458,231417,16,0,0,fused_streaming,circular,persistent,1,1
7221,230250,234167,16,0,0,fused_streaming,circular,persistent,1,1
7222,224041,227917,16,0,0,fused_streaming,circular,persistent,1,1
7223,225542,229459,16,0,0,fused_streaming,circular,persistent,1,1
7224,220208,224167,16,0,0,fused_streaming,circular,persistent,1,1
7225,239375,243333,16,0,0,fused_streaming,circular,persistent,1,1
7226,231334,235250,16,0,0,fused_streaming,circular,persistent,1,1
7227,266541,270667,16,0,0,fused_streaming,circular,persistent,1,1
7228,248750,252625,16,0,0,fused_streaming,circular,persistent,1,1
7229,254917,258875,16,0,0,fused_streaming,circular,persistent,1,1
7230,249167,253083,16,0,0,fused_streaming,circular,persistent,1,1
7231,243291,247208,16,0,0,fused_streaming,circular,persistent,1,1
7232,246833,250708,16,0,0,fused_streaming,circular,persistent,1,1
7233,252583,256500,16,0,0,fused_streaming,circular,persistent,1,1
7234,246958,250916,16,0,0,fused_streaming,circular,persistent,1,1
7235,241500,245500,16,0,0,fused_streaming,circular,persistent,1,1
7236,246625,250583,16,0,0,fused_streaming,circular,persistent,1,1
7237,243958,247875,16,0,0,fused_streaming,circular,persistent,1,1
7238,234334,238250,16,0,0,fused_streaming,circular,persistent,1,1
7239,233708,237667,16,0,0,fused_streaming,circular,persistent,1,1
7240,226583,230417,16,0,0,fused_streaming,circular,persistent,1,1
7241,230417,234250,16,0,0,fused_streaming,circular,persistent,1,1
7242,221292,225250,16,0,0,fused_streaming,circular,persistent,1,1
7243,230000,233875,16,0,0,fused_streaming,circular,persistent,1,1
7244,229125,233084,16,0,0,fused_streaming,circular,persistent,1,1
7245,233500,237375,16,0,0,fused_streaming,circular,persistent,1,1
7246,225084,228958,16,0,0,fused_streaming,circular,persistent,1,1
7247,236625,240542,16,0,0,fused_streaming,circular,persistent,1,1
7248,249375,253333,16,0,0,fused_streaming,circular,persistent,1,1
7249,254459,258375,16,0,0,fused_streaming,circular,persistent,1,1
7250,238750,242625,16,0,0,fused_streaming,circular,persistent,1,1
7251,238583,242792,16,0,0,fused_streaming,circular,persistent,1,1
7252,243000,246958,16,0,0,fused_streaming,circular,persistent,1,1
7253,245583,249500,16,0,0,fused_streaming,circular,persistent,1,1
7254,244417,248291,16,0,0,fused_streaming,circular,persistent,1,1
7255,237750,241667,16,0,0,fused_streaming,circular,persistent,1,1
7256,245000,248917,16,0,0,fused_streaming,circular,persistent,1,1
7257,235958,239917,16,0,0,fused_streaming,circular,persistent,1,1
7258,234209,238333,16,0,0,fused_streaming,circular,persistent,1,1
7259,226416,230292,16,0,0,fused_streaming,circular,persistent,1,1
7260,224167,228083,16,0,0,fused_streaming,circular,persistent,1,1
7261,271917,276041,16,0,0,fused_streaming,circular,persistent,1,1
7262,222041,226000,16,0,0,fused_streaming,circular,persistent,1,1
7263,221084,224958,16,0,0,fused_streaming,circular,persistent,1,1
7264,235917,240125,16,0,0,fused_streaming,circular,persistent,1,1
7265,229166,233125,16,0,0,fused_streaming,circular,persistent,1,1
7266,221083,225000,16,0,0,fused_streaming,circular,persistent,1,1
7267,242041,246042,16,0,0,fused_streaming,circular,persistent,1,1
7268,250125,254167,16,0,0,fused_streaming,circular,persistent,1,1
7269,256292,260250,16,0,0,fused_streaming,circular,persistent,1,1
7270,242875,246791,16,0,0,fused_streaming,circular,persistent,1,1
7271,240125,244000,16,0,0,fused_streaming,circular,persistent,1,1
7272,250250,254167,16,0,0,fused_streaming,circular,persistent,1,1
7273,289625,293667,16,0,0,fused_streaming,circular,persistent,1,1
7274,237375,241208,16,0,0,fused_streaming,circular,persistent,1,1
7275,286125,290250,16,0,0,fused_streaming,circular,persistent,1,1
7276,243917,247917,16,0,0,fused_streaming,circular,persistent,1,1
7277,275291,279417,16,0,0,fused_streaming,circular,persistent,1,1
7278,226916,230792,16,0,0,fused_streaming,circular,persistent,1,1
7279,229000,232875,16,0,0,fused_streaming,circular,persistent,1,1
7280,223291,227250,16,0,0,fused_streaming,circular,persistent,1,1
7281,215875,219750,16,0,0,fused_streaming,circular,persistent,1,1
7282,225750,229625,16,0,0,fused_streaming,circular,persistent,1,1
7283,230875,234834,16,0,0,fused_streaming,circular,persistent,1,1
7284,235750,239666,16,0,0,fused_streaming,circular,persistent,1,1
7285,222458,226333,16,0,0,fused_streaming,circular,persistent,1,1
7286,232208,236083,16,0,0,fused_streaming,circular,persistent,1,1
7287,240500,244459,16,0,0,fused_streaming,circular,persistent,1,1
7288,246667,250666,16,0,0,fused_streaming,circular,persistent,1,1
7289,247292,251125,16,0,0,fused_streaming,circular,persistent,1,1
7290,241750,245708,16,0,0,fused_streaming,circular,persistent,1,1
7291,243167,247166,16,0,0,fused_streaming,circular,persistent,1,1
7292,250500,254375,16,0,0,fused_streaming,circular,persistent,1,1
7293,246500,250417,16,0,0,fused_streaming,circular,persistent,1,1
7294,239625,243584,16,0,0,fused_streaming,circular,persistent,1,1
7295,248041,252000,16,0,0,fused_streaming,circular,persistent,1,1
7296,236375,240292,16,0,0,fused_streaming,circular,persistent,1,1
7297,232167,236000,16,0,0,fused_streaming,circular,persistent,1,1
7298,211959,216041,16,0,0,fused_streaming,circular,persistent,1,1
7299,216625,220500,16,0,0,fused_streaming,circular,persistent,1,1
7300,226666,230584,16,0,0,fused_streaming,circular,persistent,1,1
7301,221042,225000,16,0,0,fused_streaming,circular,persistent,1,1
7302,212834,216708,16,0,0,fused_streaming,circular,persistent,1,1
7303,234375,238250,16,0,0,fused_streaming,circular,persistent,1,1
7304,230625,234500,16,0,0,fused_streaming,circular,persistent,1,1
7305,223542,227459,16,0,0,fused_streaming,circular,persistent,1,1
7306,228292,232167,16,0,0,fused_streaming,circular,persistent,1,1
7307,284958,289125,16,0,0,fused_streaming,circular,persistent,1,1
7308,252375,256208,16,0,0,fused_streaming,circular,persistent,1,1
7309,253375,257250,16,0,0,fused_streaming,circular,persistent,1,1
7310,239917,243792,16,0,0,fused_streaming,circular,persistent,1,1
7311,247333,251209,16,0,0,fused_streaming,circular,persistent,1,1
7312,251666,255542,16,0,0,fused_streaming,circular,persistent,1,1
7313,244291,248125,16,0,0,fused_streaming,circular,persistent,1,1
7314,245042,248875,16,0,0,fused_streaming,circular,persistent,1,1
7315,245375,249291,16,0,0,fused_streaming,circular,persistent,1,1
7316,238333,242125,16,0,0,fused_streaming,circular,persistent,1,1
7317,235375,239250,16,0,0,fused_streaming,circular,persistent,1,1
7318,219250,223125,16,0,0,fused_streaming,circular,persistent,1,1
7319,224583,228417,16,0,0,fused_streaming,circular,persistent,1,1
7320,224167,228042,16,0,0,fused_streaming,circular,persistent,1,1
7321,223125,227042,16,0,0,fused_streaming,circular,persistent,1,1
7322,229041,232917,16,0,0,fused_streaming,circular,persistent,1,1
7323,227417,231792,16,0,0,fused_streaming,circular,persistent,1,1
7324,216583,220500,16,0,0,fused_streaming,circular,persistent,1,1
7325,233375,237375,16,0,0,fused_streaming,circular,persistent,1,1
7326,233083,237042,16,0,0,fused_streaming,circular,persistent,1,1
7327,232750,236625,16,0,0,fused_streaming,circular,persistent,1,1
7328,243542,247500,16,0,0,fused_streaming,circular,persistent,1,1
7329,248334,252166,16,0,0,fused_streaming,circular,persistent,1,1
7330,250459,254292,16,0,0,fused_streaming,circular,persistent,1,1
7331,236083,240000,16,0,0,fused_streaming,circular,persistent,1,1
7332,244875,249083,16,0,0,fused_streaming,circular,persistent,1,1
7333,289625,294042,16,0,0,fused_streaming,circular,persistent,1,1
7334,245166,248958,16,0,0,fused_streaming,circular,persistent,1,1
7335,276917,281041,16,0,0,fused_streaming,circular,persistent,1,1
7336,235458,239333,16,0,0,fused_streaming,circular,persistent,1,1
7337,232083,235958,16,0,0,fused_streaming,circular,persistent,1,1
7338,224375,228541,16,0,0,fused_streaming,circular,persistent,1,1
7339,213625,217542,16,0,0,fused_streaming,circular,persistent,1,1
7340,257750,261834,16,0,0,fused_streaming,circular,persistent,1,1
7341,222125,226041,16,0,0,fused_streaming,circular,persistent,1,1
7342,227625,231500,16,0,0,fused_streaming,circular,persistent,1,1
7343,220625,224500,16,0,0,fused_streaming,circular,persistent,1,1
7344,205375,209250,16,0,0,fused_streaming,circular,persistent,1,1
7345,218250,222125,16,0,0,fused_streaming,circular,persistent,1,1
7346,232333,236250,16,0,0,fused_streaming,circular,persistent,1,1
7347,237417,241292,16,0,0,fused_streaming,circular,persistent,1,1
7348,243167,247000,16,0,0,fused_streaming,circular,persistent,1,1
7349,252458,256292,16,0,0,fused_streaming,circular,persistent,1,1
7350,246000,249834,16,0,0,fused_streaming,circular,persistent,1,1
7351,245791,249875,16,0,0,fused_streaming,circular,persistent,1,1
7352,243917,247709,16,0,0,fused_streaming,circular,persistent,1,1
7353,232542,236667,16,0,0,fused_streaming,circular,persistent,1,1
7354,240334,244250,16,0,0,fused_streaming,circular,persistent,1,1
7355,239833,244000,16,0,0,fused_streaming,circular,persistent,1,1
7356,242125,246042,16,0,0,fused_streaming,circular,persistent,1,1
7357,229250,233166,16,0,0,fused_streaming,circular,persistent,1,1
7358,235042,238958,16,0,0,fused_streaming,circular,persistent,1,1
7359,233750,237916,16,0,0,fused_streaming,circular,persistent,1,1
7360,228500,232333,16,0,0,fused_streaming,circular,persistent,1,1
7361,225750,229709,16,0,0,fused_streaming,circular,persistent,1,1
7362,217709,221583,16,0,0,fused_streaming,circular,persistent,1,1
7363,216250,220084,16,0,0,fused_streaming,circular,persistent,1,1
7364,220833,224667,16,0,0,fused_streaming,circular,persistent,1,1
7365,230625,234541,16,0,0,fused_streaming,circular,persistent,1,1
7366,228458,232458,16,0,0,fused_streaming,circular,persistent,1,1
7367,230625,234417,16,0,0,fused_streaming,circular,persistent,1,1
7368,223000,226875,16,0,0,fused_streaming,circular,persistent,1,1
7369,218125,221917,16,0,0,fused_streaming,circular,persistent,1,1
7370,222333,226250,16,0,0,fused_streaming,circular,persistent,1,1
7371,235542,239833,16,0,0,fused_streaming,circular,persistent,1,1
7372,218708,222917,16,0,0,fused_streaming,circular,persistent,1,1
7373,218166,222000,16,0,0,fused_streaming,circular,persistent,1,1
7374,218125,221958,16,0,0,fused_streaming,circular,persistent,1,1
7375,224583,228459,16,0,0,fused_streaming,circular,persistent,1,1
7376,225459,229291,16,0,0,fused_streaming,circular,persistent,1,1
7377,216834,220708,16,0,0,fused_streaming,circular,persistent,1,1
7378,219125,223000,16,0,0,fused_streaming,circular,persistent,1,1
7379,226083,230208,16,0,0,fused_streaming,circular,persistent,1,1
7380,229791,233667,16,0,0,fused_streaming,circular,persistent,1,1
7381,220250,224166,16,0,0,fused_streaming,circular,persistent,1,1
7382,221125,225000,16,0,0,fused_streaming,circular,persistent,1,1
7383,229500,233458,16,0,0,fused_streaming,circular,persistent,1,1
7384,230625,234500,16,0,0,fused_streaming,circular,persistent,1,1
7385,223083,226958,16,0,0,fused_streaming,circular,persistent,1,1
7386,214917,218875,16,0,0,fused_streaming,circular,persistent,1,1
7387,218708,222584,16,0,0,fused_streaming,circular,persistent,1,1
7388,220500,224417,16,0,0,fused_streaming,circular,persistent,1,1
7389,226583,230541,16,0,0,fused_streaming,circular,persistent,1,1
7390,230167,234084,16,0,0,fused_streaming,circular,persistent,1,1
7391,222917,226792,16,0,0,fused_streaming,circular,persistent,1,1
7392,227667,231500,16,0,0,fused_streaming,circular,persistent,1,1
7393,231125,235000,16,0,0,fused_streaming,circular,persistent,1,1
7394,221375,225250,16,0,0,fused_streaming,circular,persistent,1,1
7395,225959,229875,16,0,0,fused_streaming,circular,persistent,1,1
7396,229375,233334,16,0,0,fused_streaming,circular,persistent,1,1
7397,218625,222541,16,0,0,fused_streaming,circular,persistent,1,1
7398,265167,269250,16,0,0,fused_streaming,circular,persistent,1,1
7399,217500,221417,16,0,0,fused_streaming,circular,persistent,1,1
7400,219958,223916,16,0,0,fused_streaming,circular,persistent,1,1
7401,228625,232542,16,0,0,fused_streaming,circular,persistent,1,1
7402,212125,216042,16,0,0,fused_streaming,circular,persistent,1,1
7403,227333,231250,16,0,0,fused_streaming,circular,persistent,1,1
7404,230542,234500,16,0,0,fused_streaming,circular,persistent,1,1
7405,221375,225291,16,0,0,fused_streaming,circular,persistent,1,1
7406,256500,260667,16,0,0,fused_streaming,circular,persistent,1,1
7407,227875,231792,16,0,0,fused_streaming,circular,persistent,1,1
7408,226459,230375,16,0,0,fused_streaming,circular,persistent,1,1
7409,227958,231833,16,0,0,fused_streaming,circular,persistent,1,1
7410,214917,218875,16,0,0,fused_streaming,circular,persistent,1,1
7411,223583,227417,16,0,0,fused_streaming,circular,persistent,1,1
7412,229375,233333,16,0,0,fused_streaming,circular,persistent,1,1
7413,233708,237625,16,0,0,fused_streaming,circular,persistent,1,1
7414,226875,230792,16,0,0,fused_streaming,circular,persistent,1,1
7415,223375,227334,16,0,0,fused_streaming,circular,persistent,1,1
7416,231459,235292,16,0,0,fused_streaming,circular,persistent,1,1
7417,225042,229000,16,0,0,fused_streaming,circular,persistent,1,1
7418,222375,226542,16,0,0,fused_streaming,circular,persistent,1,1
7419,228250,232375,16,0,0,fused_streaming,circular,persistent,1,1
7420,227667,231584,16,0,0,fused_streaming,circular,persistent,1,1
7421,230084,234042,16,0,0,fused_streaming,circular,persistent,1,1
7422,230500,234375,16,0,0,fused_streaming,circular,persistent,1,1
7423,244250,248208,16,0,0,fused_streaming,circular,persistent,1,1
7424,257083,261000,16,0,0,fused_streaming,circular,persistent,1,1
7425,287792,292000,16,0,0,fused_streaming,circular,persistent,1,1
7426,253125,256958,16,0,0,fused_streaming,circular,persistent,1,1
7427,247042,251500,16,0,0,fused_streaming,circular,persistent,1,1
7428,246500,250792,16,0,0,fused_streaming,circular,persistent,1,1
7429,243667,247541,16,0,0,fused_streaming,circular,persistent,1,1
7430,241083,245042,16,0,0,fused_streaming,circular,persistent,1,1
7431,268750,272791,16,0,0,fused_streaming,circular,persistent,1,1
7432,222292,226209,16,0,0,fused_streaming,circular,persistent,1,1
7433,227500,231416,16,0,0,fused_streaming,circular,persistent,1,1
7434,223875,227792,16,0,0,fused_streaming,circular,persistent,1,1
7435,233959,237834,16,0,0,fused_streaming,circular,persistent,1,1
7436,276958,281042,16,0,0,fused_streaming,circular,persistent,1,1
7437,234083,238042,16,0,0,fused_streaming,circular,persistent,1,1
7438,326167,330500,16,0,0,fused_streaming,circular,persistent,1,1
7439,228917,232750,16,0,0,fused_streaming,circular,persistent,1,1
7440,224416,228292,16,0,0,fused_streaming,circular,persistent,1,1
7441,247250,251084,16,0,0,fused_streaming,circular,persistent,1,1
7442,249583,253458,16,0,0,fused_streaming,circular,persistent,1,1
7443,243541,247500,16,0,0,fused_streaming,circular,persistent,1,1
7444,247584,251500,16,0,0,fused_streaming,circular,persistent,1,1
7445,254708,258709,16,0,0,fused_streaming,circular,persistent,1,1
7446,251625,255542,16,0,0,fused_streaming,circular,persistent,1,1
7447,289708,293875,16,0,0,fused_streaming,circular,persistent,1,1
7448,252500,256417,16,0,0,fused_streaming,circular,persistent,1,1
7449,247041,251208,16,0,0,fused_streaming,circular,persistent,1,1
7450,246458,250375,16,0,0,fused_streaming,circular,persistent,1,1
7451,245583,249625,16,0,0,fused_streaming,circular,persistent,1,1
7452,238500,242708,16,0,0,fused_streaming,circular,persistent,1,1
7453,243875,247833,16,0,0,fused_streaming,circular,persistent,1,1
7454,236584,240458,16,0,0,fused_streaming,circular,persistent,1,1
7455,261917,266167,16,0,0,fused_streaming,circular,persistent,1,1
7456,230750,234625,16,0,0,fused_streaming,circular,persistent,1,1
7457,233916,237833,16,0,0,fused_streaming,circular,persistent,1,1
7458,228625,232625,16,0,0,fused_streaming,circular,persistent,1,1
7459,231209,235083,16,0,0,fused_streaming,circular,persistent,1,1
7460,231000,234959,16,0,0,fused_streaming,circular,persistent,1,1
7461,233500,237417,16,0,0,fused_streaming,circular,persistent,1,1
7462,284209,288541,16,0,0,fused_streaming,circular,persistent,1,1
7463,243958,248000,16,0,0,fused_streaming,circular,persistent,1,1
7464,288958,293084,16,0,0,fused_streaming,circular,persistent,1,1
7465,250208,254125,16,0,0,fused_streaming,circular,persistent,1,1
7466,256000,259958,16,0,0,fused_streaming,circular,persistent,1,1
7467,250250,254083,16,0,0,fused_streaming,circular,persistent,1,1
7468,242125,246125,16,0,0,fused_streaming,circular,persistent,1,1
7469,247875,251917,16,0,0,fused_streaming,circular,persistent,1,1
7470,243041,247042,16,0,0,fused_streaming,circular,persistent,1,1
7471,244834,253000,16,0,0,fused_streaming,circular,persistent,1,1
7472,243750,247625,16,0,0,fused_streaming,circular,persistent,1,1
7473,238875,242709,16,0,0,fused_streaming,circular,persistent,1,1
7474,243834,247833,16,0,0,fused_streaming,circular,persistent,1,1
7475,234417,238333,16,0,0,fused_streaming,circular,persistent,1,1
7476,227375,231250,16,0,0,fused_streaming,circular,persistent,1,1
7477,226291,230167,16,0,0,fused_streaming,circular,persistent,1,1
7478,224750,228583,16,0,0,fused_streaming,circular,persistent,1,1
7479,221500,225333,16,0,0,fused_streaming,circular,persistent,1,1
7480,229583,233417,16,0,0,fused_streaming,circular,persistent,1,1
7481,231167,235125,16,0,0,fused_streaming,circular,persistent,1,1
7482,234125,238042,16,0,0,fused_streaming,circular,persistent,1,1
7483,244625,248500,16,0,0,fused_streaming,circular,persistent,1,1
7484,248542,252416,16,0,0,fused_streaming,circular,persistent,1,1
7485,250000,253958,16,0,0,fused_streaming,circular,persistent,1,1
7486,255625,259458,16,0,0,fused_streaming,circular,persistent,1,1
7487,252459,256375,16,0,0,fused_streaming,circular,persistent,1,1
7488,246667,250500,16,0,0,fused_streaming,circular,persistent,1,1
7489,250500,254375,16,0,0,fused_streaming,circular,persistent,1,1
7490,251875,255750,16,0,0,fused_streaming,circular,persistent,1,1
7491,250125,254000,16,0,0,fused_streaming,circular,persistent,1,1
7492,239125,243042,16,0,0,fused_streaming,circular,persistent,1,1
7493,240916,244792,16,0,0,fused_streaming,circular,persistent,1,1
7494,238208,242042,16,0,0,fused_streaming,circular,persistent,1,1
7495,236333,240250,16,0,0,fused_streaming,circular,persistent,1,1
7496,225167,229084,16,0,0,fused_streaming,circular,persistent,1,1
7497,227666,231583,16,0,0,fused_streaming,circular,persistent,1,1
7498,228709,232542,16,0,0,fused_streaming,circular,persistent,1,1
7499,210375,214208,16,0,0,fused_streaming,circular,persistent,1,1
7500,219500,223375,16,0,0,fused_streaming,circular,persistent,1,1
7501,222083,225875,16,0,0,fused_streaming,circular,persistent,1,1
7502,228000,231875,16,0,0,fused_streaming,circular,persistent,1,1
7503,239833,243709,16,0,0,fused_streaming,circular,persistent,1,1
7504,242666,246583,16,0,0,fused_streaming,circular,persistent,1,1
7505,246875,250750,16,0,0,fused_streaming,circular,persistent,1,1
7506,253250,257125,16,0,0,fused_streaming,circular,persistent,1,1
7507,253000,256792,16,0,0,fused_streaming,circular,persistent,1,1
7508,297959,302166,16,0,0,fused_streaming,circular,persistent,1,1
7509,247250,251083,16,0,0,fused_streaming,circular,persistent,1,1
7510,249458,258542,16,0,0,fused_streaming,circular,persistent,1,1
7511,247167,251125,16,0,0,fused_streaming,circular,persistent,1,1
7512,249417,253542,16,0,0,fused_streaming,circular,persistent,1,1
7513,244084,247958,16,0,0,fused_streaming,circular,persistent,1,1
7514,241625,245500,16,0,0,fused_streaming,circular,persistent,1,1
7515,236125,239958,16,0,0,fused_streaming,circular,persistent,1,1
7516,276875,280833,16,0,0,fused_streaming,circular,persistent,1,1
7517,220041,224292,16,0,0,fused_streaming,circular,persistent,1,1
7518,223542,227375,16,0,0,fused_streaming,circular,persistent,1,1
7519,233084,236916,16,0,0,fused_streaming,circular,persistent,1,1
7520,221709,225583,16,0,0,fused_streaming,circular,persistent,1,1
7521,266083,270083,16,0,0,fused_streaming,circular,persistent,1,1
7522,227333,231208,16,0,0,fused_streaming,circular,persistent,1,1
7523,232125,236000,16,0,0,fused_streaming,circular,persistent,1,1
7524,240250,244042,16,0,0,fused_streaming,circular,persistent,1,1
7525,250000,253833,16,0,0,fused_streaming,circular,persistent,1,1
7526,246792,250709,16,0,0,fused_streaming,circular,persistent,1,1
7527,244417,248209,16,0,0,fused_streaming,circular,persistent,1,1
7528,256042,259917,16,0,0,fused_streaming,circular,persistent,1,1
7529,248375,252292,16,0,0,fused_streaming,circular,persistent,1,1
7530,238750,242500,16,0,0,fused_streaming,circular,persistent,1,1
7531,292875,296958,16,0,0,fused_streaming,circular,persistent,1,1
7532,245833,249667,16,0,0,fused_streaming,circular,persistent,1,1
7533,241416,245333,16,0,0,fused_streaming,circular,persistent,1,1
7534,244625,248417,16,0,0,fused_streaming,circular,persistent,1,1
7535,240750,244625,16,0,0,fused_streaming,circular,persistent,1,1
7536,239500,243416,16,0,0,fused_streaming,circular,persistent,1,1
7537,280833,284958,16,0,0,fused_streaming,circular,persistent,1,1
7538,223375,227250,16,0,0,fused_streaming,circular,persistent,1,1
7539,228375,232250,16,0,0,fused_streaming,circular,persistent,1,1
7540,218416,222417,16,0,0,fused_streaming,circular,persistent,1,1
7541,225958,229792,16,0,0,fused_streaming,circular,persistent,1,1
7542,220333,224209,16,0,0,fused_streaming,circular,persistent,1,1
7543,227625,231541,16,0,0,fused_streaming,circular,persistent,1,1
7544,236416,240292,16,0,0,fused_streaming,circular,persistent,1,1
7545,243709,247666,16,0,0,fused_streaming,circular,persistent,1,1
7546,239792,243667,16,0,0,fused_streaming,circular,persistent,1,1
7547,241875,245750,16,0,0,fused_streaming,circular,persistent,1,1
7548,247417,251250,16,0,0,fused_streaming,circular,persistent,1,1
7549,257667,261583,16,0,0,fused_streaming,circular,persistent,1,1
7550,236542,240417,16,0,0,fused_streaming,circular,persistent,1,1
7551,245709,249583,16,0,0,fused_streaming,circular,persistent,1,1
7552,247375,251334,16,0,0,fused_streaming,circular,persistent,1,1
7553,244167,248125,16,0,0,fused_streaming,circular,persistent,1,1
7554,245375,249291,16,0,0,fused_streaming,circular,persistent,1,1
7555,236042,240250,16,0,0,fused_streaming,circular,persistent,1,1
7556,244542,248417,16,0,0,fused_streaming,circular,persistent,1,1
7557,232667,236541,16,0,0,fused_streaming,circular,persistent,1,1
7558,223791,227708,16,0,0,fused_streaming,circular,persistent,1,1
7559,225583,229500,16,0,0,fused_streaming,circular,persistent,1,1
7560,231042,235000,16,0,0,fused_streaming,circular,persistent,1,1
7561,225500,229291,16,0,0,fused_streaming,circular,persistent,1,1
7562,229000,232958,16,0,0,fused_streaming,circular,persistent,1,1
7563,223250,227167,16,0,0,fused_streaming,circular,persistent,1,1
7564,232791,236708,16,0,0,fused_streaming,circular,persistent,1,1
7565,240709,244542,16,0,0,fused_streaming,circular,persistent,1,1
7566,248750,252666,16,0,0,fused_streaming,circular,persistent,1,1
7567,239542,243542,16,0,0,fused_streaming,circular,persistent,1,1
7568,248750,252708,16,0,0,fused_streaming,circular,persistent,1,1
7569,256209,260125,16,0,0,fused_streaming,circular,persistent,1,1
7570,251083,255083,16,0,0,fused_streaming,circular,persistent,1,1
7571,244208,248083,16,0,0,fused_streaming,circular,persistent,1,1
7572,254333,258208,16,0,0,fused_streaming,circular,persistent,1,1
7573,253333,257208,16,0,0,fused_streaming,circular,persistent,1,1
7574,249208,253084,16,0,0,fused_streaming,circular,persistent,1,1
7575,245416,249333,16,0,0,fused_streaming,circular,persistent,1,1
7576,239625,243542,16,0,0,fused_streaming,circular,persistent,1,1
7577,243000,246959,16,0,0,fused_streaming,circular,persistent,1,1
7578,240708,244625,16,0,0,fused_streaming,circular,persistent,1,1
7579,223542,227375,16,0,0,fused_streaming,circular,persistent,1,1
7580,229458,233416,16,0,0,fused_streaming,circular,persistent,1,1
7581,223000,226875,16,0,0,fused_streaming,circular,persistent,1,1
7582,218417,222375,16,0,0,fused_streaming,circular,persistent,1,1
7583,230375,234333,16,0,0,fused_streaming,circular,persistent,1,1
7584,225500,229333,16,0,0,fused_streaming,circular,persistent,1,1
7585,233375,237459,16,0,0,fused_streaming,circular,persistent,1,1
7586,245625,249541,16,0,0,fused_streaming,circular,persistent,1,1
7587,240583,244583,16,0,0,fused_streaming,circular,persistent,1,1
7588,241375,245250,16,0,0,fused_streaming,circular,persistent,1,1
7589,250166,254042,16,0,0,fused_streaming,circular,persistent,1,1
7590,251417,255334,16,0,0,fused_streaming,circular,persistent,1,1
7591,246000,249833,16,0,0,fused_streaming,circular,persistent,1,1
7592,238708,242542,16,0,0,fused_streaming,circular,persistent,1,1
7593,244500,248417,16,0,0,fused_streaming,circular,persistent,1,1
7594,248333,252209,16,0,0,fused_streaming,circular,persistent,1,1
7595,247125,251041,16,0,0,fused_streaming,circular,persistent,1,1
7596,239291,243167,16,0,0,fused_streaming,circular,persistent,1,1
7597,244625,248542,16,0,0,fused_streaming,circular,persistent,1,1
7598,241292,245166,16,0,0,fused_streaming,circular,persistent,1,1
7599,231542,235459,16,0,0,fused_streaming,circular,persistent,1,1
7600,221042,225209,16,0,0,fused_streaming,circular,persistent,1,1
7601,33643917,33649459,16,1,0,fused_streaming,circular,persistent,1,1
7602,227625,231458,16,0,0,fused_streaming,circular,persistent,1,1
7603,218583,222542,16,0,0,fused_streaming,circular,persistent,1,1
7604,223375,227333,16,0,0,fused_streaming,circular,persistent,1,1
7605,229625,233500,16,0,0,fused_streaming,circular,persistent,1,1
7606,239291,243208,16,0,0,fused_streaming,circular,persistent,1,1
7607,247625,251542,16,0,0,fused_streaming,circular,persistent,1,1
7608,236291,240167,16,0,0,fused_streaming,circular,persistent,1,1
7609,239584,243458,16,0,0,fused_streaming,circular,persistent,1,1
7610,251250,255167,16,0,0,fused_streaming,circular,persistent,1,1
7611,288625,292667,16,0,0,fused_streaming,circular,persistent,1,1
7612,243875,247792,16,0,0,fused_streaming,circular,persistent,1,1
7613,294375,298709,16,0,0,fused_streaming,circular,persistent,1,1
7614,252916,256833,16,0,0,fused_streaming,circular,persistent,1,1
7615,251375,255417,16,0,0,fused_streaming,circular,persistent,1,1
7616,246375,250292,16,0,0,fused_streaming,circular,persistent,1,1
7617,241500,245667,16,0,0,fused_streaming,circular,persistent,1,1
7618,243000,247083,16,0,0,fused_streaming,circular,persistent,1,1
7619,241042,244959,16,0,0,fused_streaming,circular,persistent,1,1
7620,224500,228375,16,0,0,fused_streaming,circular,persistent,1,1
7621,226916,230792,16,0,0,fused_streaming,circular,persistent,1,1
7622,228584,232625,16,0,0,fused_streaming,circular,persistent,1,1
7623,233333,237208,16,0,0,fused_streaming,circular,persistent,1,1
7624,234042,238000,16,0,0,fused_streaming,circular,persistent,1,1
7625,237375,241291,16,0,0,fused_streaming,circular,persistent,1,1
7626,238041,242084,16,0,0,fused_streaming,circular,persistent,1,1
7627,243084,246958,16,0,0,fused_streaming,circular,persistent,1,1
7628,230209,234083,16,0,0,fused_streaming,circular,persistent,1,1
7629,228584,232416,16,0,0,fused_streaming,circular,persistent,1,1
7630,246750,250583,16,0,0,fused_streaming,circular,persistent,1,1
7631,252375,256334,16,0,0,fused_streaming,circular,persistent,1,1
7632,295834,300166,16,0,0,fused_streaming,circular,persistent,1,1
7633,244792,248667,16,0,0,fused_streaming,circular,persistent,1,1
7634,280708,285125,16,0,0,fused_streaming,circular,persistent,1,1
7635,248375,252292,16,0,0,fused_streaming,circular,persistent,1,1
7636,246000,249917,16,0,0,fused_streaming,circular,persistent,1,1
7637,244042,247875,16,0,0,fused_streaming,circular,persistent,1,1
7638,245458,249375,16,0,0,fused_streaming,circular,persistent,1,1
7639,244166,248084,16,0,0,fused_streaming,circular,persistent,1,1
7640,233667,237708,16,0,0,fused_streaming,circular,persistent,1,1
7641,233167,237000,16,0,0,fused_streaming,circular,persistent,1,1
7642,218458,222375,16,0,0,fused_streaming,circular,persistent,1,1
7643,227541,231500,16,0,0,fused_streaming,circular,persistent,1,1
7644,221584,225458,16,0,0,fused_streaming,circular,persistent,1,1
7645,230875,234750,16,0,0,fused_streaming,circular,persistent,1,1
7646,230125,233958,16,0,0,fused_streaming,circular,persistent,1,1
7647,234542,238625,16,0,0,fused_streaming,circular,persistent,1,1
7648,243458,247458,16,0,0,fused_streaming,circular,persistent,1,1
7649,233167,236959,16,0,0,fused_streaming,circular,persistent,1,1
7650,238500,242416,16,0,0,fused_streaming,circular,persistent,1,1
7651,244208,248042,16,0,0,fused_streaming,circular,persistent,1,1
7652,255916,259792,16,0,0,fused_streaming,circular,persistent,1,1
7653,250208,254209,16,0,0,fused_streaming,circular,persistent,1,1
7654,237791,241708,16,0,0,fused_streaming,circular,persistent,1,1
7655,249500,253417,16,0,0,fused_streaming,circular,persistent,1,1
7656,250250,254292,16,0,0,fused_streaming,circular,persistent,1,1
7657,291666,295792,16,0,0,fused_streaming,circular,persistent,1,1
7658,234625,238416,16,0,0,fused_streaming,circular,persistent,1,1
7659,244292,248125,16,0,0,fused_streaming,circular,persistent,1,1
7660,235708,239916,16,0,0,fused_streaming,circular,persistent,1,1
7661,230459,234333,16,0,0,fused_streaming,circular,persistent,1,1
7662,223042,226958,16,0,0,fused_streaming,circular,persistent,1,1
7663,234917,238875,16,0,0,fused_streaming,circular,persistent,1,1
7664,232750,236750,16,0,0,fused_streaming,circular,persistent,1,1
7665,222334,226584,16,0,0,fused_streaming,circular,persistent,1,1
7666,232667,236500,16,0,0,fused_streaming,circular,persistent,1,1
7667,230833,234708,16,0,0,fused_streaming,circular,persistent,1,1
7668,239542,243459,16,0,0,fused_streaming,circular,persistent,1,1
7669,243167,247041,16,0,0,fused_streaming,circular,persistent,1,1
7670,234334,238167,16,0,0,fused_streaming,circular,persistent,1,1
7671,236125,239958,16,0,0,fused_streaming,circular,persistent,1,1
7672,250042,253917,16,0,0,fused_streaming,circular,persistent,1,1
7673,256584,260417,16,0,0,fused_streaming,circular,persistent,1,1
7674,245334,249208,16,0,0,fused_streaming,circular,persistent,1,1
7675,239792,243708,16,0,0,fused_streaming,circular,persistent,1,1
7676,249708,253625,16,0,0,fused_streaming,circular,persistent,1,1
7677,244917,248833,16,0,0,fused_streaming,circular,persistent,1,1
7678,246625,250458,16,0,0,fused_streaming,circular,persistent,1,1
7679,245625,249542,16,0,0,fused_streaming,circular,persistent,1,1
7680,240167,244041,16,0,0,fused_streaming,circular,persistent,1,1
7681,239917,243708,16,0,0,fused_streaming,circular,persistent,1,1
7682,226875,230667,16,0,0,fused_streaming,circular,persistent,1,1
7683,224958,228917,16,0,0,fused_streaming,circular,persistent,1,1
7684,229625,233458,16,0,0,fused_streaming,circular,persistent,1,1
7685,231666,235542,16,0,0,fused_streaming,circular,persistent,1,1
7686,229667,233500,16,0,0,fused_streaming,circular,persistent,1,1
7687,230000,233791,16,0,0,fused_streaming,circular,persistent,1,1
7688,233875,237750,16,0,0,fused_streaming,circular,persistent,1,1
7689,236750,240625,16,0,0,fused_streaming,circular,persistent,1,1
7690,237375,241250,16,0,0,fused_streaming,circular,persistent,1,1
7691,226208,230042,16,0,0,fused_streaming,circular,persistent,1,1
7692,245000,248875,16,0,0,fused_streaming,circular,persistent,1,1
7693,250375,254250,16,0,0,fused_streaming,circular,persistent,1,1
7694,255917,259792,16,0,0,fused_streaming,circular,persistent,1,1
7695,235083,238875,16,0,0,fused_streaming,circular,persistent,1,1
7696,243833,247708,16,0,0,fused_streaming,circular,persistent,1,1
7697,251208,255084,16,0,0,fused_streaming,circular,persistent,1,1
7698,250417,254292,16,0,0,fused_streaming,circular,persistent,1,1
7699,238125,241875,16,0,0,fused_streaming,circular,persistent,1,1
7700,246166,250083,16,0,0,fused_streaming,circular,persistent,1,1
7701,239708,243625,16,0,0,fused_streaming,circular,persistent,1,1
7702,242041,245958,16,0,0,fused_streaming,circular,persistent,1,1
7703,225750,229625,16,0,0,fused_streaming,circular,persistent,1,1
7704,229458,233458,16,0,0,fused_streaming,circular,persistent,1,1
7705,222708,226542,16,0,0,fused_streaming,circular,persistent,1,1
7706,230208,234041,16,0,0,fused_streaming,circular,persistent,1,1
7707,224083,228042,16,0,0,fused_streaming,circular,persistent,1,1
7708,223459,231833,16,0,0,fused_streaming,circular,persistent,1,1
7709,228958,233250,16,0,0,fused_streaming,circular,persistent,1,1
7710,241833,245750,16,0,0,fused_streaming,circular,persistent,1,1
7711,274250,278667,16,0,0,fused_streaming,circular,persistent,1,1
7712,228458,232333,16,0,0,fused_streaming,circular,persistent,1,1
7713,242417,246333,16,0,0,fused_streaming,circular,persistent,1,1
7714,252291,256208,16,0,0,fused_streaming,circular,persistent,1,1
7715,250541,254459,16,0,0,fused_streaming,circular,persistent,1,1
7716,235458,239750,16,0,0,fused_streaming,circular,persistent,1,1
7717,283542,287708,16,0,0,fused_streaming,circular,persistent,1,1
7718,248500,252500,16,0,0,fused_streaming,circular,persistent,1,1
7719,294500,298666,16,0,0,fused_streaming,circular,persistent,1,1
7720,242084,245958,16,0,0,fused_streaming,circular,persistent,1,1
7721,285459,289541,16,0,0,fused_streaming,circular,persistent,1,1
7722,240875,244791,16,0,0,fused_streaming,circular,persistent,1,1
7723,232208,236083,16,0,0,fused_streaming,circular,persistent,1,1
7724,219000,222916,16,0,0,fused_streaming,circular,persistent,1,1
7725,223292,227209,16,0,0,fused_streaming,circular,persistent,1,1
7726,231417,235333,16,0,0,fused_streaming,circular,persistent,1,1
7727,224625,228625,16,0,0,fused_streaming,circular,persistent,1,1
7728,232917,236750,16,0,0,fused_streaming,circular,persistent,1,1
7729,234167,238083,16,0,0,fused_streaming,circular,persistent,1,1
7730,222375,226375,16,0,0,fused_streaming,circular,persistent,1,1
7731,237292,241208,16,0,0,fused_streaming,circular,persistent,1,1
7732,220208,224083,16,0,0,fused_streaming,circular,persistent,1,1
7733,276000,280250,16,0,0,fused_streaming,circular,persistent,1,1
7734,247000,250917,16,0,0,fused_streaming,circular,persistent,1,1
7735,254167,258083,16,0,0,fused_streaming,circular,persistent,1,1
7736,247958,251834,16,0,0,fused_streaming,circular,persistent,1,1
7737,239833,243792,16,0,0,fused_streaming,circular,persistent,1,1
7738,246541,250458,16,0,0,fused_streaming,circular,persistent,1,1
7739,247083,251250,16,0,0,fused_streaming,circular,persistent,1,1
7740,243958,247917,16,0,0,fused_streaming,circular,persistent,1,1
7741,248125,252292,16,0,0,fused_streaming,circular,persistent,1,1
7742,246125,250083,16,0,0,fused_streaming,circular,persistent,1,1
7743,240250,244334,16,0,0,fused_streaming,circular,persistent,1,1
7744,229541,233417,16,0,0,fused_streaming,circular,persistent,1,1
7745,227500,231375,16,0,0,fused_streaming,circular,persistent,1,1
7746,223500,227375,16,0,0,fused_streaming,circular,persistent,1,1
7747,229333,233250,16,0,0,fused_streaming,circular,persistent,1,1
7748,221625,225625,16,0,0,fused_streaming,circular,persistent,1,1
7749,226333,230250,16,0,0,fused_streaming,circular,persistent,1,1
7750,229333,233291,16,0,0,fused_streaming,circular,persistent,1,1
7751,222208,226083,16,0,0,fused_streaming,circular,persistent,1,1
7752,234084,238000,16,0,0,fused_streaming,circular,persistent,1,1
7753,229209,233083,16,0,0,fused_streaming,circular,persistent,1,1
7754,240250,244167,16,0,0,fused_streaming,circular,persistent,1,1
7755,250708,254584,16,0,0,fused_streaming,circular,persistent,1,1
7756,255167,259041,16,0,0,fused_streaming,circular,persistent,1,1
7757,247625,251542,16,0,0,fused_streaming,circular,persistent,1,1
7758,239583,243500,16,0,0,fused_streaming,circular,persistent,1,1
7759,244500,248417,16,0,0,fused_streaming,circular,persistent,1,1
7760,246667,250541,16,0,0,fused_streaming,circular,persistent,1,1
7761,240875,244709,16,0,0,fused_streaming,circular,persistent,1,1
7762,243667,247625,16,0,0,fused_streaming,circular,persistent,1,1
7763,239125,243000,16,0,0,fused_streaming,circular,persistent,1,1
7764,240292,244208,16,0,0,fused_streaming,circular,persistent,1,1
7765,224291,228166,16,0,0,fused_streaming,circular,persistent,1,1
7766,231875,235875,16,0,0,fused_streaming,circular,persistent,1,1
7767,227333,231208,16,0,0,fused_streaming,circular,persistent,1,1
7768,227125,231042,16,0,0,fused_streaming,circular,persistent,1,1
7769,221375,225250,16,0,0,fused_streaming,circular,persistent,1,1
7770,222458,226375,16,0,0,fused_streaming,circular,persistent,1,1
7771,216250,220292,16,0,0,fused_streaming,circular,persistent,1,1
7772,237834,241708,16,0,0,fused_streaming,circular,persistent,1,1
7773,232875,236750,16,0,0,fused_streaming,circular,persistent,1,1
7774,216584,220458,16,0,0,fused_streaming,circular,persistent,1,1
7775,231209,235083,16,0,0,fused_streaming,circular,persistent,1,1
7776,251542,255417,16,0,0,fused_streaming,circular,persistent,1,1
7777,252709,256583,16,0,0,fused_streaming,circular,persistent,1,1
7778,246542,250417,16,0,0,fused_streaming,circular,persistent,1,1
7779,239667,243583,16,0,0,fused_streaming,circular,persistent,1,1
7780,245834,249833,16,0,0,fused_streaming,circular,persistent,1,1
7781,250417,254250,16,0,0,fused_streaming,circular,persistent,1,1
7782,246625,250500,16,0,0,fused_streaming,circular,persistent,1,1
7783,240250,244125,16,0,0,fused_streaming,circular,persistent,1,1
7784,245208,249125,16,0,0,fused_streaming,circular,persistent,1,1
7785,234209,238125,16,0,0,fused_streaming,circular,persistent,1,1
7786,225750,229625,16,0,0,fused_streaming,circular,persistent,1,1
7787,227708,231583,16,0,0,fused_streaming,circular,persistent,1,1
7788,267375,271458,16,0,0,fused_streaming,circular,persistent,1,1
7789,228292,232167,16,0,0,fused_streaming,circular,persistent,1,1
7790,229708,233625,16,0,0,fused_streaming,circular,persistent,1,1
7791,233250,237083,16,0,0,fused_streaming,circular,persistent,1,1
7792,223292,227166,16,0,0,fused_streaming,circular,persistent,1,1
7793,264042,268208,16,0,0,fused_streaming,circular,persistent,1,1
7794,220458,224417,16,0,0,fused_streaming,circular,persistent,1,1
7795,230666,234542,16,0,0,fused_streaming,circular,persistent,1,1
7796,239791,243959,16,0,0,fused_streaming,circular,persistent,1,1
7797,251292,255167,16,0,0,fused_streaming,circular,persistent,1,1
7798,250042,253917,16,0,0,fused_streaming,circular,persistent,1,1
7799,245750,249666,16,0,0,fused_streaming,circular,persistent,1,1
7800,242750,246708,16,0,0,fused_streaming,circular,persistent,1,1
7801,244792,248666,16,0,0,fused_streaming,circular,persistent,1,1
7802,245500,249458,16,0,0,fused_streaming,circular,persistent,1,1
7803,244917,248750,16,0,0,fused_streaming,circular,persistent,1,1
7804,247792,251667,16,0,0,fused_streaming,circular,persistent,1,1
7805,281250,285292,16,0,0,fused_streaming,circular,persistent,1,1
7806,239958,243875,16,0,0,fused_streaming,circular,persistent,1,1
7807,223792,227834,16,0,0,fused_streaming,circular,persistent,1,1
7808,215042,218916,16,0,0,fused_streaming,circular,persistent,1,1
7809,216792,220750,16,0,0,fused_streaming,circular,persistent,1,1
7810,214291,218250,16,0,0,fused_streaming,circular,persistent,1,1
7811,216292,220167,16,0,0,fused_streaming,circular,persistent,1,1
7812,215167,218959,16,0,0,fused_streaming,circular,persistent,1,1
7813,225292,229417,16,0,0,fused_streaming,circular,persistent,1,1
7814,235292,239292,16,0,0,fused_streaming,circular,persistent,1,1
7815,225291,229166,16,0,0,fused_streaming,circular,persistent,1,1
7816,221083,225000,16,0,0,fused_streaming,circular,persistent,1,1
7817,236208,240084,16,0,0,fused_streaming,circular,persistent,1,1
7818,248542,252666,16,0,0,fused_streaming,circular,persistent,1,1
7819,248292,252209,16,0,0,fused_streaming,circular,persistent,1,1
7820,244291,248125,16,0,0,fused_streaming,circular,persistent,1,1
7821,237334,241250,16,0,0,fused_streaming,circular,persistent,1,1
7822,245834,254000,16,0,0,fused_streaming,circular,persistent,1,1
7823,245542,249375,16,0,0,fused_streaming,circular,persistent,1,1
7824,238958,242875,16,0,0,fused_streaming,circular,persistent,1,1
7825,244167,248042,16,0,0,fused_streaming,circular,persistent,1,1
7826,240375,244291,16,0,0,fused_streaming,circular,persistent,1,1
7827,221500,225417,16,0,0,fused_streaming,circular,persistent,1,1
7828,217459,221333,16,0,0,fused_streaming,circular,persistent,1,1
7829,229208,233083,16,0,0,fused_streaming,circular,persistent,1,1
7830,227792,231708,16,0,0,fused_streaming,circular,persistent,1,1
7831,271000,275000,16,0,0,fused_streaming,circular,persistent,1,1
7832,225208,229042,16,0,0,fused_streaming,circular,persistent,1,1
7833,217375,221250,16,0,0,fused_streaming,circular,persistent,1,1
7834,227042,230958,16,0,0,fused_streaming,circular,persistent,1,1
7835,227291,231167,16,0,0,fused_streaming,circular,persistent,1,1
7836,222875,226750,16,0,0,fused_streaming,circular,persistent,1,1
7837,224375,228209,16,0,0,fused_streaming,circular,persistent,1,1
7838,245625,249459,16,0,0,fused_streaming,circular,persistent,1,1
7839,253750,257792,16,0,0,fused_streaming,circular,persistent,1,1
7840,249584,253458,16,0,0,fused_streaming,circular,persistent,1,1
7841,237417,241375,16,0,0,fused_streaming,circular,persistent,1,1
7842,248375,252250,16,0,0,fused_streaming,circular,persistent,1,1
7843,251666,255583,16,0,0,fused_streaming,circular,persistent,1,1
7844,249459,253375,16,0,0,fused_streaming,circular,persistent,1,1
7845,247834,251708,16,0,0,fused_streaming,circular,persistent,1,1
7846,240584,244500,16,0,0,fused_streaming,circular,persistent,1,1
7847,242334,246208,16,0,0,fused_streaming,circular,persistent,1,1
7848,232958,236834,16,0,0,fused_streaming,circular,persistent,1,1
7849,214834,222833,16,0,0,fused_streaming,circular,persistent,1,1
7850,219250,227541,16,0,0,fused_streaming,circular,persistent,1,1
7851,216667,220584,16,0,0,fused_streaming,circular,persistent,1,1
7852,224042,227875,16,0,0,fused_streaming,circular,persistent,1,1
7853,226667,230625,16,0,0,fused_streaming,circular,persistent,1,1
7854,230500,234459,16,0,0,fused_streaming,circular,persistent,1,1
7855,223917,227791,16,0,0,fused_streaming,circular,persistent,1,1
7856,220958,228958,16,0,0,fused_streaming,circular,persistent,1,1
7857,229083,233042,16,0,0,fused_streaming,circular,persistent,1,1
7858,229417,233250,16,0,0,fused_streaming,circular,persistent,1,1
7859,248208,252125,16,0,0,fused_streaming,circular,persistent,1,1
7860,255041,258959,16,0,0,fused_streaming,circular,persistent,1,1
7861,246958,250875,16,0,0,fused_streaming,circular,persistent,1,1
7862,239416,243375,16,0,0,fused_streaming,circular,persistent,1,1
7863,246834,250750,16,0,0,fused_streaming,circular,persistent,1,1
7864,251541,255417,16,0,0,fused_streaming,circular,persistent,1,1
7865,240084,244291,16,0,0,fused_streaming,circular,persistent,1,1
7866,242291,246125,16,0,0,fused_streaming,circular,persistent,1,1
7867,247334,251375,16,0,0,fused_streaming,circular,persistent,1,1
7868,236250,240000,16,0,0,fused_streaming,circular,persistent,1,1
7869,229708,233542,16,0,0,fused_streaming,circular,persistent,1,1
7870,216834,220709,16,0,0,fused_streaming,circular,persistent,1,1
7871,214834,218750,16,0,0,fused_streaming,circular,persistent,1,1
7872,207125,211042,16,0,0,fused_streaming,circular,persistent,1,1
7873,213459,217375,16,0,0,fused_streaming,circular,persistent,1,1
7874,211417,215292,16,0,0,fused_streaming,circular,persistent,1,1
7875,216750,220625,16,0,0,fused_streaming,circular,persistent,1,1
7876,227417,231250,16,0,0,fused_streaming,circular,persistent,1,1
7877,225541,229458,16,0,0,fused_streaming,circular,persistent,1,1
7878,230125,234041,16,0,0,fused_streaming,circular,persistent,1,1
7879,236458,240375,16,0,0,fused_streaming,circular,persistent,1,1
7880,242834,251541,16,0,0,fused_streaming,circular,persistent,1,1
7881,255292,259167,16,0,0,fused_streaming,circular,persistent,1,1
7882,241250,245166,16,0,0,fused_streaming,circular,persistent,1,1
7883,240250,244167,16,0,0,fused_streaming,circular,persistent,1,1
7884,242583,246500,16,0,0,fused_streaming,circular,persistent,1,1
7885,244542,248541,16,0,0,fused_streaming,circular,persistent,1,1
7886,246083,250167,16,0,0,fused_streaming,circular,persistent,1,1
7887,238708,242667,16,0,0,fused_streaming,circular,persistent,1,1
7888,245042,248834,16,0,0,fused_streaming,circular,persistent,1,1
7889,236584,240458,16,0,0,fused_streaming,circular,persistent,1,1
7890,219416,223292,16,0,0,fused_streaming,circular,persistent,1,1
7891,222833,226750,16,0,0,fused_streaming,circular,persistent,1,1
7892,230166,234083,16,0,0,fused_streaming,circular,persistent,1,1
7893,223417,227292,16,0,0,fused_streaming,circular,persistent,1,1
7894,230000,233958,16,0,0,fused_streaming,circular,persistent,1,1
7895,228458,232417,16,0,0,fused_streaming,circular,persistent,1,1
7896,217375,225459,16,0,0,fused_streaming,circular,persistent,1,1
7897,228583,232459,16,0,0,fused_streaming,circular,persistent,1,1
7898,223250,227125,16,0,0,fused_streaming,circular,persistent,1,1
7899,227708,231584,16,0,0,fused_streaming,circular,persistent,1,1
7900,273250,277292,16,0,0,fused_streaming,circular,persistent,1,1
7901,243084,247000,16,0,0,fused_streaming,circular,persistent,1,1
7902,292625,296625,16,0,0,fused_streaming,circular,persistent,1,1
7903,240292,244292,16,0,0,fused_streaming,circular,persistent,1,1
7904,243250,247250,16,0,0,fused_streaming,circular,persistent,1,1
7905,244958,248834,16,0,0,fused_streaming,circular,persistent,1,1
7906,245416,249292,16,0,0,fused_streaming,circular,persistent,1,1
7907,244292,248250,16,0,0,fused_streaming,circular,persistent,1,1
7908,247000,250917,16,0,0,fused_streaming,circular,persistent,1,1
7909,245209,249208,16,0,0,fused_streaming,circular,persistent,1,1
7910,240792,244750,16,0,0,fused_streaming,circular,persistent,1,1
7911,222500,226417,16,0,0,fused_streaming,circular,persistent,1,1
7912,218291,222167,16,0,0,fused_streaming,circular,persistent,1,1
7913,219834,223750,16,0,0,fused_streaming,circular,persistent,1,1
7914,214083,218125,16,0,0,fused_streaming,circular,persistent,1,1
7915,214208,222500,16,0,0,fused_streaming,circular,persistent,1,1
7916,224875,228833,16,0,0,fused_streaming,circular,persistent,1,1
7917,217750,221625,16,0,0,fused_streaming,circular,persistent,1,1
7918,266959,271000,16,0,0,fused_streaming,circular,persistent,1,1
7919,224709,228583,16,0,0,fused_streaming,circular,persistent,1,1
7920,233375,237250,16,0,0,fused_streaming,circular,persistent,1,1
7921,239791,243792,16,0,0,fused_streaming,circular,persistent,1,1
7922,249875,253750,16,0,0,fused_streaming,circular,persistent,1,1
7923,255291,259125,16,0,0,fused_streaming,circular,persistent,1,1
7924,244083,248000,16,0,0,fused_streaming,circular,persistent,1,1
7925,240042,244000,16,0,0,fused_streaming,circular,persistent,1,1
7926,242708,246542,16,0,0,fused_streaming,circular,persistent,1,1
7927,245375,249416,16,0,0,fused_streaming,circular,persistent,1,1
7928,242667,246541,16,0,0,fused_streaming,circular,persistent,1,1
7929,239584,243416,16,0,0,fused_streaming,circular,persistent,1,1
7930,244792,248667,16,0,0,fused_streaming,circular,persistent,1,1
7931,232208,236125,16,0,0,fused_streaming,circular,persistent,1,1
7932,216125,220167,16,0,0,fused_streaming,circular,persistent,1,1
7933,225292,229208,16,0,0,fused_streaming,circular,persistent,1,1
7934,219000,223125,16,0,0,fused_streaming,circular,persistent,1,1
7935,220125,224042,16,0,0,fused_streaming,circular,persistent,1,1
7936,218125,222000,16,0,0,fused_streaming,circular,persistent,1,1
7937,216250,220208,16,0,0,fused_streaming,circular,persistent,1,1
7938,227334,231250,16,0,0,fused_streaming,circular,persistent,1,1
7939,227125,231042,16,0,0,fused_streaming,circular,persistent,1,1
7940,232959,236875,16,0,0,fused_streaming,circular,persistent,1,1
7941,230250,234125,16,0,0,fused_streaming,circular,persistent,1,1
7942,275708,280000,16,0,0,fused_streaming,circular,persistent,1,1
7943,244250,248166,16,0,0,fused_streaming,circular,persistent,1,1
7944,248000,258125,16,0,0,fused_streaming,circular,persistent,1,1
7945,243875,247750,16,0,0,fused_streaming,circular,persistent,1,1
7946,241709,245625,16,0,0,fused_streaming,circular,persistent,1,1
7947,244666,248583,16,0,0,fused_streaming,circular,persistent,1,1
7948,245708,249625,16,0,0,fused_streaming,circular,persistent,1,1
7949,242875,246791,16,0,0,fused_streaming,circular,persistent,1,1
7950,239875,243792,16,0,0,fused_streaming,circular,persistent,1,1
7951,243583,247500,16,0,0,fused_streaming,circular,persistent,1,1
7952,236375,240333,16,0,0,fused_streaming,circular,persistent,1,1
7953,224084,227958,16,0,0,fused_streaming,circular,persistent,1,1
7954,225083,228959,16,0,0,fused_streaming,circular,persistent,1,1
7955,220041,223917,16,0,0,fused_streaming,circular,persistent,1,1
7956,217750,221708,16,0,0,fused_streaming,circular,persistent,1,1
7957,228708,232625,16,0,0,fused_streaming,circular,persistent,1,1
7958,224458,228375,16,0,0,fused_streaming,circular,persistent,1,1
7959,220500,224375,16,0,0,fused_streaming,circular,persistent,1,1
7960,222667,226541,16,0,0,fused_streaming,circular,persistent,1,1
7961,225459,229500,16,0,0,fused_streaming,circular,persistent,1,1
7962,227834,231708,16,0,0,fused_streaming,circular,persistent,1,1
7963,241291,245209,16,0,0,fused_streaming,circular,persistent,1,1
7964,251333,255167,16,0,0,fused_streaming,circular,persistent,1,1
7965,253667,257583,16,0,0,fused_streaming,circular,persistent,1,1
7966,241125,245000,16,0,0,fused_streaming,circular,persistent,1,1
7967,236250,240208,16,0,0,fused_streaming,circular,persistent,1,1
7968,245750,250083,16,0,0,fused_streaming,circular,persistent,1,1
7969,249541,253500,16,0,0,fused_streaming,circular,persistent,1,1
7970,247000,250875,16,0,0,fused_streaming,circular,persistent,1,1
7971,240083,244000,16,0,0,fused_streaming,circular,persistent,1,1
7972,243166,247000,16,0,0,fused_streaming,circular,persistent,1,1
7973,236083,240042,16,0,0,fused_streaming,circular,persistent,1,1
7974,220500,224375,16,0,0,fused_streaming,circular,persistent,1,1
7975,211667,215542,16,0,0,fused_streaming,circular,persistent,1,1
7976,216416,220625,16,0,0,fused_streaming,circular,persistent,1,1
7977,218000,221875,16,0,0,fused_streaming,circular,persistent,1,1
7978,224625,228542,16,0,0,fused_streaming,circular,persistent,1,1
7979,211375,215292,16,0,0,fused_streaming,circular,persistent,1,1
7980,216417,220250,16,0,0,fused_streaming,circular,persistent,1,1
7981,222667,226583,16,0,0,fused_streaming,circular,persistent,1,1
7982,229541,233500,16,0,0,fused_streaming,circular,persistent,1,1
7983,229750,233542,16,0,0,fused_streaming,circular,persistent,1,1
7984,237375,241250,16,0,0,fused_streaming,circular,persistent,1,1
7985,248333,252292,16,0,0,fused_streaming,circular,persistent,1,1
7986,252667,256541,16,0,0,fused_streaming,circular,persistent,1,1
7987,239375,243375,16,0,0,fused_streaming,circular,persistent,1,1
7988,236083,239959,16,0,0,fused_streaming,circular,persistent,1,1
7989,293667,297750,16,0,0,fused_streaming,circular,persistent,1,1
7990,245791,249667,16,0,0,fused_streaming,circular,persistent,1,1
7991,284917,288959,16,0,0,fused_streaming,circular,persistent,1,1
7992,244791,248875,16,0,0,fused_streaming,circular,persistent,1,1
7993,234334,238500,16,0,0,fused_streaming,circular,persistent,1,1
7994,229000,232833,16,0,0,fused_streaming,circular,persistent,1,1
7995,218625,222459,16,0,0,fused_streaming,circular,persistent,1,1
7996,222125,226125,16,0,0,fused_streaming,circular,persistent,1,1
7997,221750,226000,16,0,0,fused_streaming,circular,persistent,1,1
7998,217917,221833,16,0,0,fused_streaming,circular,persistent,1,1
7999,224750,228541,16,0,0,fused_streaming,circular,persistent,1,1
8000,212417,216292,16,0,0,fused_streaming,circular,persistent,1,1
8001,221666,225542,16,0,0,fused_streaming,circular,persistent,1,1
8002,227458,231334,16,0,0,fused_streaming,circular,persistent,1,1
8003,221875,225667,16,0,0,fused_streaming,circular,persistent,1,1
8004,269709,273958,16,0,0,fused_streaming,circular,persistent,1,1
8005,243833,247708,16,0,0,fused_streaming,circular,persistent,1,1
8006,289333,293416,16,0,0,fused_streaming,circular,persistent,1,1
8007,250792,254625,16,0,0,fused_streaming,circular,persistent,1,1
8008,285083,289166,16,0,0,fused_streaming,circular,persistent,1,1
8009,241417,245250,16,0,0,fused_streaming,circular,persistent,1,1
8010,250583,254542,16,0,0,fused_streaming,circular,persistent,1,1
8011,247875,251791,16,0,0,fused_streaming,circular,persistent,1,1
8012,245166,249167,16,0,0,fused_streaming,circular,persistent,1,1
8013,244000,247959,16,0,0,fused_streaming,circular,persistent,1,1
8014,244000,247959,16,0,0,fused_streaming,circular,persistent,1,1
8015,232250,236167,16,0,0,fused_streaming,circular,persistent,1,1
8016,221083,224958,16,0,0,fused_streaming,circular,persistent,1,1
8017,222500,226417,16,0,0,fused_streaming,circular,persistent,1,1
8018,214250,218083,16,0,0,fused_streaming,circular,persistent,1,1
8019,227875,231792,16,0,0,fused_streaming,circular,persistent,1,1
8020,227458,231417,16,0,0,fused_streaming,circular,persistent,1,1
8021,223333,227208,16,0,0,fused_streaming,circular,persistent,1,1
8022,218000,221833,16,0,0,fused_streaming,circular,persistent,1,1
8023,219583,223459,16,0,0,fused_streaming,circular,persistent,1,1
8024,232125,236000,16,0,0,fused_streaming,circular,persistent,1,1
8025,225083,228958,16,0,0,fused_streaming,circular,persistent,1,1
8026,246083,250000,16,0,0,fused_streaming,circular,persistent,1,1
8027,255625,259625,16,0,0,fused_streaming,circular,persistent,1,1
8028,247916,251792,16,0,0,fused_streaming,circular,persistent,1,1
8029,240208,244209,16,0,0,fused_streaming,circular,persistent,1,1
8030,243958,247875,16,0,0,fused_streaming,circular,persistent,1,1
8031,250375,254167,16,0,0,fused_streaming,circular,persistent,1,1
8032,245042,248916,16,0,0,fused_streaming,circular,persistent,1,1
8033,243292,247209,16,0,0,fused_streaming,circular,persistent,1,1
8034,244083,247917,16,0,0,fused_streaming,circular,persistent,1,1
8035,246375,250250,16,0,0,fused_streaming,circular,persistent,1,1
8036,224084,228167,16,0,0,fused_streaming,circular,persistent,1,1
8037,217792,221666,16,0,0,fused_streaming,circular,persistent,1,1
8038,229209,233041,16,0,0,fused_streaming,circular,persistent,1,1
8039,210833,214625,16,0,0,fused_streaming,circular,persistent,1,1
8040,218209,222167,16,0,0,fused_streaming,circular,persistent,1,1
8041,213000,216958,16,0,0,fused_streaming,circular,persistent,1,1
8042,218625,222541,16,0,0,fused_streaming,circular,persistent,1,1
8043,214792,218750,16,0,0,fused_streaming,circular,persistent,1,1
8044,219291,223250,16,0,0,fused_streaming,circular,persistent,1,1
8045,221834,225708,16,0,0,fused_streaming,circular,persistent,1,1
8046,233166,237208,16,0,0,fused_streaming,circular,persistent,1,1
8047,246042,250042,16,0,0,fused_streaming,circular,persistent,1,1
8048,254125,258167,16,0,0,fused_streaming,circular,persistent,1,1
8049,246291,250375,16,0,0,fused_streaming,circular,persistent,1,1
8050,240750,244667,16,0,0,fused_streaming,circular,persistent,1,1
8051,237000,240958,16,0,0,fused_streaming,circular,persistent,1,1
8052,250667,254542,16,0,0,fused_streaming,circular,persistent,1,1
8053,242792,246708,16,0,0,fused_streaming,circular,persistent,1,1
8054,239417,243375,16,0,0,fused_streaming,circular,persistent,1,1
8055,244375,248250,16,0,0,fused_streaming,circular,persistent,1,1
8056,235959,239917,16,0,0,fused_streaming,circular,persistent,1,1
8057,226917,230833,16,0,0,fused_streaming,circular,persistent,1,1
8058,214250,218125,16,0,0,fused_streaming,circular,persistent,1,1
8059,228417,232292,16,0,0,fused_streaming,circular,persistent,1,1
8060,210667,214542,16,0,0,fused_streaming,circular,persistent,1,1
8061,223625,227584,16,0,0,fused_streaming,circular,persistent,1,1
8062,218000,221917,16,0,0,fused_streaming,circular,persistent,1,1
8063,222542,226375,16,0,0,fused_streaming,circular,persistent,1,1
8064,223875,227834,16,0,0,fused_streaming,circular,persistent,1,1
8065,229583,233458,16,0,0,fused_streaming,circular,persistent,1,1
8066,262000,266125,16,0,0,fused_streaming,circular,persistent,1,1
8067,232125,236083,16,0,0,fused_streaming,circular,persistent,1,1
8068,245708,249542,16,0,0,fused_streaming,circular,persistent,1,1
8069,254000,257958,16,0,0,fused_streaming,circular,persistent,1,1
8070,287250,291291,16,0,0,fused_streaming,circular,persistent,1,1
8071,239959,243875,16,0,0,fused_streaming,circular,persistent,1,1
8072,287250,291292,16,0,0,fused_streaming,circular,persistent,1,1
8073,250625,254583,16,0,0,fused_streaming,circular,persistent,1,1
8074,240042,243916,16,0,0,fused_streaming,circular,persistent,1,1
8075,241625,245500,16,0,0,fused_streaming,circular,persistent,1,1
8076,241333,245333,16,0,0,fused_streaming,circular,persistent,1,1
8077,239416,243334,16,0,0,fused_streaming,circular,persistent,1,1
8078,223208,227083,16,0,0,fused_streaming,circular,persistent,1,1
8079,214125,218083,16,0,0,fused_streaming,circular,persistent,1,1
8080,219291,223250,16,0,0,fused_streaming,circular,persistent,1,1
8081,213375,217208,16,0,0,fused_streaming,circular,persistent,1,1
8082,227417,231291,16,0,0,fused_streaming,circular,persistent,1,1
8083,226791,230667,16,0,0,fused_streaming,circular,persistent,1,1
8084,223709,227708,16,0,0,fused_streaming,circular,persistent,1,1
8085,221917,225791,16,0,0,fused_streaming,circular,persistent,1,1
8086,231750,235666,16,0,0,fused_streaming,circular,persistent,1,1
8087,234042,237917,16,0,0,fused_streaming,circular,persistent,1,1
8088,235833,239792,16,0,0,fused_streaming,circular,persistent,1,1
8089,247000,251000,16,0,0,fused_streaming,circular,persistent,1,1
8090,252625,256542,16,0,0,fused_streaming,circular,persistent,1,1
8091,245209,249125,16,0,0,fused_streaming,circular,persistent,1,1
8092,240292,244166,16,0,0,fused_streaming,circular,persistent,1,1
8093,246125,250291,16,0,0,fused_streaming,circular,persistent,1,1
8094,249625,253500,16,0,0,fused_streaming,circular,persistent,1,1
8095,238334,242292,16,0,0,fused_streaming,circular,persistent,1,1
8096,241917,245792,16,0,0,fused_streaming,circular,persistent,1,1
8097,241417,245333,16,0,0,fused_streaming,circular,persistent,1,1
8098,230583,234417,16,0,0,fused_streaming,circular,persistent,1,1
8099,227375,231250,16,0,0,fused_streaming,circular,persistent,1,1
8100,226125,230000,16,0,0,fused_streaming,circular,persistent,1,1
8101,219917,223750,16,0,0,fused_streaming,circular,persistent,1,1
8102,222000,225875,16,0,0,fused_streaming,circular,persistent,1,1
8103,219708,223708,16,0,0,fused_streaming,circular,persistent,1,1
8104,224584,228750,16,0,0,fused_streaming,circular,persistent,1,1
8105,225125,229042,16,0,0,fused_streaming,circular,persistent,1,1
8106,222833,226708,16,0,0,fused_streaming,circular,persistent,1,1
8107,234208,238083,16,0,0,fused_streaming,circular,persistent,1,1
8108,224625,228541,16,0,0,fused_streaming,circular,persistent,1,1
8109,239458,243458,16,0,0,fused_streaming,circular,persistent,1,1
8110,243959,247917,16,0,0,fused_streaming,circular,persistent,1,1
8111,247667,251542,16,0,0,fused_streaming,circular,persistent,1,1
8112,241458,245458,16,0,0,fused_streaming,circular,persistent,1,1
8113,233709,237583,16,0,0,fused_streaming,circular,persistent,1,1
8114,242750,246708,16,0,0,fused_streaming,circular,persistent,1,1
8115,244625,248583,16,0,0,fused_streaming,circular,persistent,1,1
8116,241125,244959,16,0,0,fused_streaming,circular,persistent,1,1
8117,244541,248458,16,0,0,fused_streaming,circular,persistent,1,1
8118,246167,250167,16,0,0,fused_streaming,circular,persistent,1,1
8119,229250,233083,16,0,0,fused_streaming,circular,persistent,1,1
8120,265375,269375,16,0,0,fused_streaming,circular,persistent,1,1
8121,226875,230792,16,0,0,fused_streaming,circular,persistent,1,1
8122,225959,229833,16,0,0,fused_streaming,circular,persistent,1,1
8123,219708,223625,16,0,0,fused_streaming,circular,persistent,1,1
8124,212417,220792,16,0,0,fused_streaming,circular,persistent,1,1
8125,225709,229625,16,0,0,fused_streaming,circular,persistent,1,1
8126,223625,227542,16,0,0,fused_streaming,circular,persistent,1,1
8127,226333,230208,16,0,0,fused_streaming,circular,persistent,1,1
8128,229333,233167,16,0,0,fused_streaming,circular,persistent,1,1
8129,229125,233042,16,0,0,fused_streaming,circular,persistent,1,1
8130,239458,243417,16,0,0,fused_streaming,circular,persistent,1,1
8131,243834,247750,16,0,0,fused_streaming,circular,persistent,1,1
8132,247958,251917,16,0,0,fused_streaming,circular,persistent,1,1
8133,242416,246292,16,0,0,fused_streaming,circular,persistent,1,1
8134,239208,243084,16,0,0,fused_streaming,circular,persistent,1,1
8135,249709,253583,16,0,0,fused_streaming,circular,persistent,1,1
8136,239333,243250,16,0,0,fused_streaming,circular,persistent,1,1
8137,245750,249708,16,0,0,fused_streaming,circular,persistent,1,1
8138,238125,241959,16,0,0,fused_streaming,circular,persistent,1,1
8139,243333,247250,16,0,0,fused_streaming,circular,persistent,1,1
8140,234125,238042,16,0,0,fused_streaming,circular,persistent,1,1
8141,221875,225875,16,0,0,fused_streaming,circular,persistent,1,1
8142,226792,230750,16,0,0,fused_streaming,circular,persistent,1,1
8143,226583,230709,16,0,0,fused_streaming,circular,persistent,1,1
8144,217917,226375,16,0,0,fused_streaming,circular,persistent,1,1
8145,219916,228333,16,0,0,fused_streaming,circular,persistent,1,1
8146,247959,251792,16,0,0,fused_streaming,circular,persistent,1,1
8147,230459,234333,16,0,0,fused_streaming,circular,persistent,1,1
8148,231042,234875,16,0,0,fused_streaming,circular,persistent,1,1
8149,234042,237875,16,0,0,fused_streaming,circular,persistent,1,1
8150,226666,230500,16,0,0,fused_streaming,circular,persistent,1,1
8151,240500,244417,16,0,0,fused_streaming,circular,persistent,1,1
8152,243833,247750,16,0,0,fused_streaming,circular,persistent,1,1
8153,246750,250666,16,0,0,fused_streaming,circular,persistent,1,1
8154,240667,244583,16,0,0,fused_streaming,circular,persistent,1,1
8155,237792,241750,16,0,0,fused_streaming,circular,persistent,1,1
8156,251250,255125,16,0,0,fused_streaming,circular,persistent,1,1
8157,247209,251083,16,0,0,fused_streaming,circular,persistent,1,1
8158,238667,242541,16,0,0,fused_streaming,circular,persistent,1,1
8159,245083,248959,16,0,0,fused_streaming,circular,persistent,1,1
8160,237458,241334,16,0,0,fused_streaming,circular,persistent,1,1
8161,231375,235292,16,0,0,fused_streaming,circular,persistent,1,1
8162,228667,232500,16,0,0,fused_streaming,circular,persistent,1,1
8163,222792,226792,16,0,0,fused_streaming,circular,persistent,1,1
8164,215250,219208,16,0,0,fused_streaming,circular,persistent,1,1
8165,220209,224042,16,0,0,fused_streaming,circular,persistent,1,1
8166,221209,225125,16,0,0,fused_streaming,circular,persistent,1,1
8167,222000,225958,16,0,0,fused_streaming,circular,persistent,1,1
8168,230417,234250,16,0,0,fused_streaming,circular,persistent,1,1
8169,224917,228792,16,0,0,fused_streaming,circular,persistent,1,1
8170,232708,236625,16,0,0,fused_streaming,circular,persistent,1,1
8171,229833,234042,16,0,0,fused_streaming,circular,persistent,1,1
8172,241541,245417,16,0,0,fused_streaming,circular,persistent,1,1
8173,251125,255125,16,0,0,fused_streaming,circular,persistent,1,1
8174,251500,255458,16,0,0,fused_streaming,circular,persistent,1,1
8175,240458,244292,16,0,0,fused_streaming,circular,persistent,1,1
8176,237750,241666,16,0,0,fused_streaming,circular,persistent,1,1
8177,248834,252875,16,0,0,fused_streaming,circular,persistent,1,1
8178,237209,241083,16,0,0,fused_streaming,circular,persistent,1,1
8179,241083,245000,16,0,0,fused_streaming,circular,persistent,1,1
8180,239750,243666,16,0,0,fused_streaming,circular,persistent,1,1
8181,233917,237833,16,0,0,fused_streaming,circular,persistent,1,1
8182,228792,232583,16,0,0,fused_streaming,circular,persistent,1,1
8183,223834,228000,16,0,0,fused_streaming,circular,persistent,1,1
8184,229708,233583,16,0,0,fused_streaming,circular,persistent,1,1
8185,211667,215500,16,0,0,fused_streaming,circular,persistent,1,1
8186,258041,262041,16,0,0,fused_streaming,circular,persistent,1,1
8187,223250,227083,16,0,0,fused_streaming,circular,persistent,1,1
8188,223375,227250,16,0,0,fused_streaming,circular,persistent,1,1
8189,218500,222375,16,0,0,fused_streaming,circular,persistent,1,1
8190,225375,229500,16,0,0,fused_streaming,circular,persistent,1,1
8191,227667,231541,16,0,0,fused_streaming,circular,persistent,1,1
8192,236875,240750,16,0,0,fused_streaming,circular,persistent,1,1
8193,239542,243500,16,0,0,fused_streaming,circular,persistent,1,1
8194,246875,250792,16,0,0,fused_streaming,circular,persistent,1,1
8195,245542,253792,16,0,0,fused_streaming,circular,persistent,1,1
8196,238583,242542,16,0,0,fused_streaming,circular,persistent,1,1
8197,243750,247584,16,0,0,fused_streaming,circular,persistent,1,1
8198,250666,254583,16,0,0,fused_streaming,circular,persistent,1,1
8199,235750,239667,16,0,0,fused_streaming,circular,persistent,1,1
8200,243125,246958,16,0,0,fused_streaming,circular,persistent,1,1
8201,240291,244208,16,0,0,fused_streaming,circular,persistent,1,1
8202,237875,241791,16,0,0,fused_streaming,circular,persistent,1,1
8203,230959,234792,16,0,0,fused_streaming,circular,persistent,1,1
8204,231208,235209,16,0,0,fused_streaming,circular,persistent,1,1
8205,225125,229042,16,0,0,fused_streaming,circular,persistent,1,1
8206,259750,263916,16,0,0,fused_streaming,circular,persistent,1,1
8207,213917,217833,16,0,0,fused_streaming,circular,persistent,1,1
8208,221000,224917,16,0,0,fused_streaming,circular,persistent,1,1
8209,221542,225458,16,0,0,fused_streaming,circular,persistent,1,1
8210,231166,235042,16,0,0,fused_streaming,circular,persistent,1,1
8211,233750,237625,16,0,0,fused_streaming,circular,persistent,1,1
8212,221458,225375,16,0,0,fused_streaming,circular,persistent,1,1
8213,227792,231708,16,0,0,fused_streaming,circular,persistent,1,1
8214,244125,248000,16,0,0,fused_streaming,circular,persistent,1,1
8215,251875,255875,16,0,0,fused_streaming,circular,persistent,1,1
8216,247833,251750,16,0,0,fused_streaming,circular,persistent,1,1
8217,241708,245625,16,0,0,fused_streaming,circular,persistent,1,1
8218,243167,247084,16,0,0,fused_streaming,circular,persistent,1,1
8219,243250,247125,16,0,0,fused_streaming,circular,persistent,1,1
8220,247166,251042,16,0,0,fused_streaming,circular,persistent,1,1
8221,243583,247583,16,0,0,fused_streaming,circular,persistent,1,1
8222,242917,247000,16,0,0,fused_streaming,circular,persistent,1,1
8223,244584,248500,16,0,0,fused_streaming,circular,persistent,1,1
8224,227667,231666,16,0,0,fused_streaming,circular,persistent,1,1
8225,216709,220542,16,0,0,fused_streaming,circular,persistent,1,1
8226,205291,209208,16,0,0,fused_streaming,circular,persistent,1,1
8227,221000,224916,16,0,0,fused_streaming,circular,persistent,1,1
8228,215291,219167,16,0,0,fused_streaming,circular,persistent,1,1
8229,226459,230375,16,0,0,fused_streaming,circular,persistent,1,1
8230,227166,231042,16,0,0,fused_streaming,circular,persistent,1,1
8231,231375,235250,16,0,0,fused_streaming,circular,persistent,1,1
8232,222667,226541,16,0,0,fused_streaming,circular,persistent,1,1
8233,234792,238708,16,0,0,fused_streaming,circular,persistent,1,1
8234,275916,284667,16,0,0,fused_streaming,circular,persistent,1,1
8235,243750,247667,16,0,0,fused_streaming,circular,persistent,1,1
8236,293250,297292,16,0,0,fused_streaming,circular,persistent,1,1
8237,247083,251000,16,0,0,fused_streaming,circular,persistent,1,1
8238,252875,256875,16,0,0,fused_streaming,circular,persistent,1,1
8239,258167,262083,16,0,0,fused_streaming,circular,persistent,1,1
8240,261000,264958,16,0,0,fused_streaming,circular,persistent,1,1
8241,259625,263542,16,0,0,fused_streaming,circular,persistent,1,1
8242,253667,257625,16,0,0,fused_streaming,circular,persistent,1,1
8243,253709,257667,16,0,0,fused_streaming,circular,persistent,1,1
8244,242625,246667,16,0,0,fused_streaming,circular,persistent,1,1
8245,274167,278291,16,0,0,fused_streaming,circular,persistent,1,1
8246,232667,236542,16,0,0,fused_streaming,circular,persistent,1,1
8247,242417,246334,16,0,0,fused_streaming,circular,persistent,1,1
8248,248209,252042,16,0,0,fused_streaming,circular,persistent,1,1
8249,291166,295250,16,0,0,fused_streaming,circular,persistent,1,1
8250,261625,265541,16,0,0,fused_streaming,circular,persistent,1,1
8251,259833,263709,16,0,0,fused_streaming,circular,persistent,1,1
8252,252625,256500,16,0,0,fused_streaming,circular,persistent,1,1
8253,248208,252125,16,0,0,fused_streaming,circular,persistent,1,1
8254,238166,242125,16,0,0,fused_streaming,circular,persistent,1,1
8255,245542,249500,16,0,0,fused_streaming,circular,persistent,1,1
8256,246084,250041,16,0,0,fused_streaming,circular,persistent,1,1
8257,251500,255416,16,0,0,fused_streaming,circular,persistent,1,1
8258,239584,243541,16,0,0,fused_streaming,circular,persistent,1,1
8259,245500,249333,16,0,0,fused_streaming,circular,persistent,1,1
8260,292584,296708,16,0,0,fused_streaming,circular,persistent,1,1
8261,262083,265958,16,0,0,fused_streaming,circular,persistent,1,1
8262,262542,266416,16,0,0,fused_streaming,circular,persistent,1,1
8263,258000,261917,16,0,0,fused_streaming,circular,persistent,1,1
8264,258209,262125,16,0,0,fused_streaming,circular,persistent,1,1
8265,245875,249834,16,0,0,fused_streaming,circular,persistent,1,1
8266,241875,245750,16,0,0,fused_streaming,circular,persistent,1,1
8267,243125,247083,16,0,0,fused_streaming,circular,persistent,1,1
8268,245833,249750,16,0,0,fused_streaming,circular,persistent,1,1
8269,237542,241500,16,0,0,fused_streaming,circular,persistent,1,1
8270,240417,244375,16,0,0,fused_streaming,circular,persistent,1,1
8271,244500,248750,16,0,0,fused_streaming,circular,persistent,1,1
8272,256833,260750,16,0,0,fused_streaming,circular,persistent,1,1
8273,257750,261667,16,0,0,fused_streaming,circular,persistent,1,1
8274,256500,260375,16,0,0,fused_streaming,circular,persistent,1,1
8275,295792,299792,16,0,0,fused_streaming,circular,persistent,1,1
8276,251333,255250,16,0,0,fused_streaming,circular,persistent,1,1
8277,246833,250750,16,0,0,fused_streaming,circular,persistent,1,1
8278,250791,254750,16,0,0,fused_streaming,circular,persistent,1,1
8279,250000,253917,16,0,0,fused_streaming,circular,persistent,1,1
8280,266542,270667,16,0,0,fused_streaming,circular,persistent,1,1
8281,250833,254709,16,0,0,fused_streaming,circular,persistent,1,1
8282,254125,258042,16,0,0,fused_streaming,circular,persistent,1,1
8283,250667,254584,16,0,0,fused_streaming,circular,persistent,1,1
8284,259416,263333,16,0,0,fused_streaming,circular,persistent,1,1
8285,256083,260000,16,0,0,fused_streaming,circular,persistent,1,1
8286,259750,263708,16,0,0,fused_streaming,circular,persistent,1,1
8287,250959,254833,16,0,0,fused_streaming,circular,persistent,1,1
8288,247250,251250,16,0,0,fused_streaming,circular,persistent,1,1
8289,238833,242708,16,0,0,fused_streaming,circular,persistent,1,1
8290,240667,244583,16,0,0,fused_streaming,circular,persistent,1,1
8291,236875,240834,16,0,0,fused_streaming,circular,persistent,1,1
8292,228375,269417,16,0,0,fused_streaming,circular,persistent,1,1
8293,246125,250000,16,0,0,fused_streaming,circular,persistent,1,1
8294,251167,255125,16,0,0,fused_streaming,circular,persistent,1,1
8295,252500,256417,16,0,0,fused_streaming,circular,persistent,1,1
8296,256750,260834,16,0,0,fused_streaming,circular,persistent,1,1
8297,261250,265167,16,0,0,fused_streaming,circular,persistent,1,1
8298,245625,249542,16,0,0,fused_streaming,circular,persistent,1,1
8299,243416,247334,16,0,0,fused_streaming,circular,persistent,1,1
8300,245542,249458,16,0,0,fused_streaming,circular,persistent,1,1
8301,243209,247083,16,0,0,fused_streaming,circular,persistent,1,1
8302,251291,255167,16,0,0,fused_streaming,circular,persistent,1,1
8303,248208,252084,16,0,0,fused_streaming,circular,persistent,1,1
8304,250875,254750,16,0,0,fused_streaming,circular,persistent,1,1
8305,255041,259084,16,0,0,fused_streaming,circular,persistent,1,1
8306,247834,251750,16,0,0,fused_streaming,circular,persistent,1,1
8307,255833,259709,16,0,0,fused_streaming,circular,persistent,1,1
8308,257416,261292,16,0,0,fused_streaming,circular,persistent,1,1
8309,259042,262958,16,0,0,fused_streaming,circular,persistent,1,1
8310,248917,252750,16,0,0,fused_streaming,circular,persistent,1,1
8311,249125,253041,16,0,0,fused_streaming,circular,persistent,1,1
8312,232333,236541,16,0,0,fused_streaming,circular,persistent,1,1
8313,234667,238584,16,0,0,fused_streaming,circular,persistent,1,1
8314,232083,236000,16,0,0,fused_streaming,circular,persistent,1,1
8315,231792,235625,16,0,0,fused_streaming,circular,persistent,1,1
8316,247541,251375,16,0,0,fused_streaming,circular,persistent,1,1
8317,250667,254542,16,0,0,fused_streaming,circular,persistent,1,1
8318,248292,252166,16,0,0,fused_streaming,circular,persistent,1,1
8319,253292,257250,16,0,0,fused_streaming,circular,persistent,1,1
8320,255417,259375,16,0,0,fused_streaming,circular,persistent,1,1
8321,258417,262250,16,0,0,fused_streaming,circular,persistent,1,1
8322,248833,252667,16,0,0,fused_streaming,circular,persistent,1,1
8323,247583,251500,16,0,0,fused_streaming,circular,persistent,1,1
8324,244250,248166,16,0,0,fused_streaming,circular,persistent,1,1
8325,248583,252416,16,0,0,fused_streaming,circular,persistent,1,1
8326,239042,242916,16,0,0,fused_streaming,circular,persistent,1,1
8327,248791,252583,16,0,0,fused_streaming,circular,persistent,1,1
8328,251041,254916,16,0,0,fused_streaming,circular,persistent,1,1
8329,250500,254334,16,0,0,fused_streaming,circular,persistent,1,1
8330,252708,256584,16,0,0,fused_streaming,circular,persistent,1,1
8331,254250,258417,16,0,0,fused_streaming,circular,persistent,1,1
8332,258125,262000,16,0,0,fused_streaming,circular,persistent,1,1
8333,246167,250042,16,0,0,fused_streaming,circular,persistent,1,1
8334,247625,251542,16,0,0,fused_streaming,circular,persistent,1,1
8335,244584,248417,16,0,0,fused_streaming,circular,persistent,1,1
8336,236333,240167,16,0,0,fused_streaming,circular,persistent,1,1
8337,274542,278541,16,0,0,fused_streaming,circular,persistent,1,1
8338,241416,245292,16,0,0,fused_streaming,circular,persistent,1,1
8339,289208,293250,16,0,0,fused_streaming,circular,persistent,1,1
8340,254084,257958,16,0,0,fused_streaming,circular,persistent,1,1
8341,250792,254667,16,0,0,fused_streaming,circular,persistent,1,1
8342,246125,255000,16,0,0,fused_streaming,circular,persistent,1,1
8343,257417,265834,16,0,0,fused_streaming,circular,persistent,1,1
8344,257709,261583,16,0,0,fused_streaming,circular,persistent,1,1
8345,251417,255417,16,0,0,fused_streaming,circular,persistent,1,1
8346,291708,296125,16,0,0,fused_streaming,circular,persistent,1,1
8347,247250,251166,16,0,0,fused_streaming,circular,persistent,1,1
8348,250000,253958,16,0,0,fused_streaming,circular,persistent,1,1
8349,246292,250166,16,0,0,fused_streaming,circular,persistent,1,1
8350,248167,252000,16,0,0,fused_streaming,circular,persistent,1,1
8351,245583,249375,16,0,0,fused_streaming,circular,persistent,1,1
8352,251083,255000,16,0,0,fused_streaming,circular,persistent,1,1
8353,246709,250583,16,0,0,fused_streaming,circular,persistent,1,1
8354,254000,257875,16,0,0,fused_streaming,circular,persistent,1,1
8355,258292,262584,16,0,0,fused_streaming,circular,persistent,1,1
8356,256167,260125,16,0,0,fused_streaming,circular,persistent,1,1
8357,289458,293500,16,0,0,fused_streaming,circular,persistent,1,1
8358,240375,244250,16,0,0,fused_streaming,circular,persistent,1,1
8359,283166,287250,16,0,0,fused_streaming,circular,persistent,1,1
8360,240625,244583,16,0,0,fused_streaming,circular,persistent,1,1
8361,247625,251500,16,0,0,fused_streaming,circular,persistent,1,1
8362,248584,252833,16,0,0,fused_streaming,circular,persistent,1,1
8363,246125,250000,16,0,0,fused_streaming,circular,persistent,1,1
8364,244750,248625,16,0,0,fused_streaming,circular,persistent,1,1
8365,248917,252792,16,0,0,fused_streaming,circular,persistent,1,1
8366,262292,266125,16,0,0,fused_streaming,circular,persistent,1,1
8367,261292,265250,16,0,0,fused_streaming,circular,persistent,1,1
8368,292083,296209,16,0,0,fused_streaming,circular,persistent,1,1
8369,254708,258584,16,0,0,fused_streaming,circular,persistent,1,1
8370,248625,252583,16,0,0,fused_streaming,circular,persistent,1,1
8371,246458,250417,16,0,0,fused_streaming,circular,persistent,1,1
8372,241334,245250,16,0,0,fused_streaming,circular,persistent,1,1
8373,249041,252958,16,0,0,fused_streaming,circular,persistent,1,1
8374,250666,254583,16,0,0,fused_streaming,circular,persistent,1,1
8375,250166,254042,16,0,0,fused_streaming,circular,persistent,1,1
8376,247583,251542,16,0,0,fused_streaming,circular,persistent,1,1
8377,240500,244500,16,0,0,fused_streaming,circular,persistent,1,1
8378,261250,265125,16,0,0,fused_streaming,circular,persistent,1,1
8379,259792,263708,16,0,0,fused_streaming,circular,persistent,1,1
8380,252375,256333,16,0,0,fused_streaming,circular,persistent,1,1
8381,252042,256083,16,0,0,fused_streaming,circular,persistent,1,1
8382,249833,253750,16,0,0,fused_streaming,circular,persistent,1,1
8383,250250,254167,16,0,0,fused_streaming,circular,persistent,1,1
8384,249459,253333,16,0,0,fused_streaming,circular,persistent,1,1
8385,253375,257292,16,0,0,fused_streaming,circular,persistent,1,1
8386,255583,259458,16,0,0,fused_streaming,circular,persistent,1,1
8387,248125,252083,16,0,0,fused_streaming,circular,persistent,1,1
8388,242791,246834,16,0,0,fused_streaming,circular,persistent,1,1
8389,254917,258792,16,0,0,fused_streaming,circular,persistent,1,1
8390,258500,262334,16,0,0,fused_streaming,circular,persistent,1,1
8391,256916,260833,16,0,0,fused_streaming,circular,persistent,1,1
8392,250833,254833,16,0,0,fused_streaming,circular,persistent,1,1
8393,248209,252125,16,0,0,fused_streaming,circular,persistent,1,1
8394,241125,245083,16,0,0,fused_streaming,circular,persistent,1,1
8395,245750,249583,16,0,0,fused_streaming,circular,persistent,1,1
8396,250250,254208,16,0,0,fused_streaming,circular,persistent,1,1
8397,248500,252416,16,0,0,fused_streaming,circular,persistent,1,1
8398,243958,247917,16,0,0,fused_streaming,circular,persistent,1,1
8399,246000,249917,16,0,0,fused_streaming,circular,persistent,1,1
8400,240667,244583,16,0,0,fused_streaming,circular,persistent,1,1
8401,259250,263167,16,0,0,fused_streaming,circular,persistent,1,1
8402,261292,265291,16,0,0,fused_streaming,circular,persistent,1,1
8403,253500,257375,16,0,0,fused_streaming,circular,persistent,1,1
8404,245375,249250,16,0,0,fused_streaming,circular,persistent,1,1
8405,237958,241875,16,0,0,fused_streaming,circular,persistent,1,1
8406,247416,251334,16,0,0,fused_streaming,circular,persistent,1,1
8407,255084,259000,16,0,0,fused_streaming,circular,persistent,1,1
8408,255167,259083,16,0,0,fused_streaming,circular,persistent,1,1
8409,250583,254500,16,0,0,fused_streaming,circular,persistent,1,1
8410,251625,255542,16,0,0,fused_streaming,circular,persistent,1,1
8411,249209,253083,16,0,0,fused_streaming,circular,persistent,1,1
8412,244583,248500,16,0,0,fused_streaming,circular,persistent,1,1
8413,256208,260167,16,0,0,fused_streaming,circular,persistent,1,1
8414,299208,303250,16,0,0,fused_streaming,circular,persistent,1,1
8415,250917,254792,16,0,0,fused_streaming,circular,persistent,1,1
8416,249291,253334,16,0,0,fused_streaming,circular,persistent,1,1
8417,245000,248958,16,0,0,fused_streaming,circular,persistent,1,1
8418,243208,247125,16,0,0,fused_streaming,circular,persistent,1,1
8419,251792,255625,16,0,0,fused_streaming,circular,persistent,1,1
8420,246958,250917,16,0,0,fused_streaming,circular,persistent,1,1
8421,243583,247500,16,0,0,fused_streaming,circular,persistent,1,1
8422,241875,245875,16,0,0,fused_streaming,circular,persistent,1,1
8423,246166,250084,16,0,0,fused_streaming,circular,persistent,1,1
8424,255916,259834,16,0,0,fused_streaming,circular,persistent,1,1
8425,257958,261833,16,0,0,fused_streaming,circular,persistent,1,1
8426,268458,272417,16,0,0,fused_streaming,circular,persistent,1,1
8427,253833,257792,16,0,0,fused_streaming,circular,persistent,1,1
8428,289250,293500,16,0,0,fused_streaming,circular,persistent,1,1
8429,244584,248541,16,0,0,fused_streaming,circular,persistent,1,1
8430,254583,258500,16,0,0,fused_streaming,circular,persistent,1,1
8431,252167,256125,16,0,0,fused_streaming,circular,persistent,1,1
8432,246958,250833,16,0,0,fused_streaming,circular,persistent,1,1
8433,243000,246916,16,0,0,fused_streaming,circular,persistent,1,1
8434,243375,247375,16,0,0,fused_streaming,circular,persistent,1,1
8435,238250,242417,16,0,0,fused_streaming,circular,persistent,1,1
8436,258500,262417,16,0,0,fused_streaming,circular,persistent,1,1
8437,256125,260042,16,0,0,fused_streaming,circular,persistent,1,1
8438,254417,258291,16,0,0,fused_streaming,circular,persistent,1,1
8439,288500,292791,16,0,0,fused_streaming,circular,persistent,1,1
8440,246875,250709,16,0,0,fused_streaming,circular,persistent,1,1
8441,285708,289833,16,0,0,fused_streaming,circular,persistent,1,1
8442,246167,250083,16,0,0,fused_streaming,circular,persistent,1,1
8443,250542,254416,16,0,0,fused_streaming,circular,persistent,1,1
8444,242792,246709,16,0,0,fused_streaming,circular,persistent,1,1
8445,243542,247417,16,0,0,fused_streaming,circular,persistent,1,1
8446,250334,254208,16,0,0,fused_streaming,circular,persistent,1,1
8447,245875,249750,16,0,0,fused_streaming,circular,persistent,1,1
8448,261584,265541,16,0,0,fused_streaming,circular,persistent,1,1
8449,254250,258208,16,0,0,fused_streaming,circular,persistent,1,1
8450,253584,257583,16,0,0,fused_streaming,circular,persistent,1,1
8451,252417,256292,16,0,0,fused_streaming,circular,persistent,1,1
8452,254709,258792,16,0,0,fused_streaming,circular,persistent,1,1
8453,254542,258458,16,0,0,fused_streaming,circular,persistent,1,1
8454,250208,254250,16,0,0,fused_streaming,circular,persistent,1,1
8455,246042,249958,16,0,0,fused_streaming,circular,persistent,1,1
8456,240208,244167,16,0,0,fused_streaming,circular,persistent,1,1
8457,241333,245250,16,0,0,fused_streaming,circular,persistent,1,1
8458,240125,244125,16,0,0,fused_streaming,circular,persistent,1,1
8459,250917,254792,16,0,0,fused_streaming,circular,persistent,1,1
8460,260042,264000,16,0,0,fused_streaming,circular,persistent,1,1
8461,258125,262042,16,0,0,fused_streaming,circular,persistent,1,1
8462,250459,254333,16,0,0,fused_streaming,circular,persistent,1,1
8463,244083,247875,16,0,0,fused_streaming,circular,persistent,1,1
8464,252250,256084,16,0,0,fused_streaming,circular,persistent,1,1
8465,245333,249208,16,0,0,fused_streaming,circular,persistent,1,1
8466,245750,249709,16,0,0,fused_streaming,circular,persistent,1,1
8467,248500,252333,16,0,0,fused_streaming,circular,persistent,1,1
8468,243791,247667,16,0,0,fused_streaming,circular,persistent,1,1
8469,277583,281625,16,0,0,fused_streaming,circular,persistent,1,1
8470,245708,249708,16,0,0,fused_streaming,circular,persistent,1,1
8471,256875,260750,16,0,0,fused_streaming,circular,persistent,1,1
8472,261417,265250,16,0,0,fused_streaming,circular,persistent,1,1
8473,257292,261209,16,0,0,fused_streaming,circular,persistent,1,1
8474,243584,247416,16,0,0,fused_streaming,circular,persistent,1,1
8475,252916,256792,16,0,0,fused_streaming,circular,persistent,1,1
8476,250917,254792,16,0,0,fused_streaming,circular,persistent,1,1
8477,242208,250667,16,0,0,fused_streaming,circular,persistent,1,1
8478,242167,246083,16,0,0,fused_streaming,circular,persistent,1,1
8479,235625,239459,16,0,0,fused_streaming,circular,persistent,1,1
8480,232416,236333,16,0,0,fused_streaming,circular,persistent,1,1
8481,242167,246042,16,0,0,fused_streaming,circular,persistent,1,1
8482,245625,249500,16,0,0,fused_streaming,circular,persistent,1,1
8483,255208,259083,16,0,0,fused_streaming,circular,persistent,1,1
8484,299875,303958,16,0,0,fused_streaming,circular,persistent,1,1
8485,253500,257416,16,0,0,fused_streaming,circular,persistent,1,1
8486,248875,252709,16,0,0,fused_streaming,circular,persistent,1,1
8487,252042,256000,16,0,0,fused_streaming,circular,persistent,1,1
8488,251334,255250,16,0,0,fused_streaming,circular,persistent,1,1
8489,239542,243500,16,0,0,fused_streaming,circular,persistent,1,1
8490,246000,249917,16,0,0,fused_streaming,circular,persistent,1,1
8491,243208,247042,16,0,0,fused_streaming,circular,persistent,1,1
8492,248292,252166,16,0,0,fused_streaming,circular,persistent,1,1
8493,246667,250584,16,0,0,fused_streaming,circular,persistent,1,1
8494,250875,254666,16,0,0,fused_streaming,circular,persistent,1,1
8495,259625,263417,16,0,0,fused_streaming,circular,persistent,1,1
8496,258084,261959,16,0,0,fused_streaming,circular,persistent,1,1
8497,298334,302458,16,0,0,fused_streaming,circular,persistent,1,1
8498,246458,250333,16,0,0,fused_streaming,circular,persistent,1,1
8499,248083,252042,16,0,0,fused_streaming,circular,persistent,1,1
8500,246041,249875,16,0,0,fused_streaming,circular,persistent,1,1
8501,236709,240583,16,0,0,fused_streaming,circular,persistent,1,1
8502,229583,233417,16,0,0,fused_streaming,circular,persistent,1,1
8503,270667,274792,16,0,0,fused_streaming,circular,persistent,1,1
8504,234125,237958,16,0,0,fused_streaming,circular,persistent,1,1
8505,238333,242250,16,0,0,fused_streaming,circular,persistent,1,1
8506,251875,255792,16,0,0,fused_streaming,circular,persistent,1,1
8507,299584,303625,16,0,0,fused_streaming,circular,persistent,1,1
8508,255500,259417,16,0,0,fused_streaming,circular,persistent,1,1
8509,258625,262500,16,0,0,fused_streaming,circular,persistent,1,1
8510,251250,255125,16,0,0,fused_streaming,circular,persistent,1,1
8511,251417,255375,16,0,0,fused_streaming,circular,persistent,1,1
8512,251333,255125,16,0,0,fused_streaming,circular,persistent,1,1
8513,249250,253083,16,0,0,fused_streaming,circular,persistent,1,1
8514,235625,239542,16,0,0,fused_streaming,circular,persistent,1,1
8515,245833,249708,16,0,0,fused_streaming,circular,persistent,1,1
8516,244292,248209,16,0,0,fused_streaming,circular,persistent,1,1
8517,242291,246167,16,0,0,fused_streaming,circular,persistent,1,1
8518,249334,253208,16,0,0,fused_streaming,circular,persistent,1,1
8519,258666,262542,16,0,0,fused_streaming,circular,persistent,1,1
8520,259459,263292,16,0,0,fused_streaming,circular,persistent,1,1
8521,244375,248166,16,0,0,fused_streaming,circular,persistent,1,1
8522,245458,249333,16,0,0,fused_streaming,circular,persistent,1,1
8523,237417,241292,16,0,0,fused_streaming,circular,persistent,1,1
8524,240542,244500,16,0,0,fused_streaming,circular,persistent,1,1
8525,237625,241542,16,0,0,fused_streaming,circular,persistent,1,1
8526,236583,240625,16,0,0,fused_streaming,circular,persistent,1,1
8527,241250,245167,16,0,0,fused_streaming,circular,persistent,1,1
8528,247250,251292,16,0,0,fused_streaming,circular,persistent,1,1
8529,252708,256625,16,0,0,fused_streaming,circular,persistent,1,1
8530,245750,249666,16,0,0,fused_streaming,circular,persistent,1,1
8531,256792,260666,16,0,0,fused_streaming,circular,persistent,1,1
8532,251125,255333,16,0,0,fused_streaming,circular,persistent,1,1
8533,253250,257167,16,0,0,fused_streaming,circular,persistent,1,1
8534,251459,255375,16,0,0,fused_streaming,circular,persistent,1,1
8535,247916,251792,16,0,0,fused_streaming,circular,persistent,1,1
8536,247750,251667,16,0,0,fused_streaming,circular,persistent,1,1
8537,243792,247709,16,0,0,fused_streaming,circular,persistent,1,1
8538,241208,245209,16,0,0,fused_streaming,circular,persistent,1,1
8539,241334,245208,16,0,0,fused_streaming,circular,persistent,1,1
8540,244750,248750,16,0,0,fused_streaming,circular,persistent,1,1
8541,245375,249250,16,0,0,fused_streaming,circular,persistent,1,1
8542,251416,255291,16,0,0,fused_streaming,circular,persistent,1,1
8543,258375,262417,16,0,0,fused_streaming,circular,persistent,1,1
8544,250917,254875,16,0,0,fused_streaming,circular,persistent,1,1
8545,243625,247542,16,0,0,fused_streaming,circular,persistent,1,1
8546,234416,238334,16,0,0,fused_streaming,circular,persistent,1,1
8547,238500,242458,16,0,0,fused_streaming,circular,persistent,1,1
8548,245833,249875,16,0,0,fused_streaming,circular,persistent,1,1
8549,241917,245791,16,0,0,fused_streaming,circular,persistent,1,1
8550,244250,248250,16,0,0,fused_streaming,circular,persistent,1,1
8551,244292,248250,16,0,0,fused_streaming,circular,persistent,1,1
8552,246292,250250,16,0,0,fused_streaming,circular,persistent,1,1
8553,252458,256333,16,0,0,fused_streaming,circular,persistent,1,1
8554,254542,258500,16,0,0,fused_streaming,circular,persistent,1,1
8555,256417,260333,16,0,0,fused_streaming,circular,persistent,1,1
8556,251833,294667,16,0,0,fused_streaming,circular,persistent,1,1
8557,252791,256667,16,0,0,fused_streaming,circular,persistent,1,1
8558,246333,250333,16,0,0,fused_streaming,circular,persistent,1,1
8559,245708,249666,16,0,0,fused_streaming,circular,persistent,1,1
8560,244792,248791,16,0,0,fused_streaming,circular,persistent,1,1
8561,235292,239250,16,0,0,fused_streaming,circular,persistent,1,1
8562,236291,240334,16,0,0,fused_streaming,circular,persistent,1,1
8563,233959,237916,16,0,0,fused_streaming,circular,persistent,1,1
8564,244459,248375,16,0,0,fused_streaming,circular,persistent,1,1
8565,253167,257083,16,0,0,fused_streaming,circular,persistent,1,1
8566,292500,296583,16,0,0,fused_streaming,circular,persistent,1,1
8567,249500,253417,16,0,0,fused_streaming,circular,persistent,1,1
8568,253583,257500,16,0,0,fused_streaming,circular,persistent,1,1
8569,249250,253250,16,0,0,fused_streaming,circular,persistent,1,1
8570,240084,244000,16,0,0,fused_streaming,circular,persistent,1,1
8571,247667,251625,16,0,0,fused_streaming,circular,persistent,1,1
8572,249666,253667,16,0,0,fused_streaming,circular,persistent,1,1
8573,243125,247125,16,0,0,fused_streaming,circular,persistent,1,1
8574,238000,241917,16,0,0,fused_streaming,circular,persistent,1,1
8575,248583,252584,16,0,0,fused_streaming,circular,persistent,1,1
8576,251417,255292,16,0,0,fused_streaming,circular,persistent,1,1
8577,258708,262625,16,0,0,fused_streaming,circular,persistent,1,1
8578,256000,259917,16,0,0,fused_streaming,circular,persistent,1,1
8579,289750,293875,16,0,0,fused_streaming,circular,persistent,1,1
8580,244542,248500,16,0,0,fused_streaming,circular,persistent,1,1
8581,252166,269250,16,0,0,fused_streaming,circular,persistent,1,1
8582,315042,319917,16,0,0,fused_streaming,circular,persistent,1,1
8583,237667,241584,16,0,0,fused_streaming,circular,persistent,1,1
8584,278584,282875,16,0,0,fused_streaming,circular,persistent,1,1
8585,231042,234916,16,0,0,fused_streaming,circular,persistent,1,1
8586,237334,241250,16,0,0,fused_streaming,circular,persistent,1,1
8587,243958,247959,16,0,0,fused_streaming,circular,persistent,1,1
8588,240958,244875,16,0,0,fused_streaming,circular,persistent,1,1
8589,255125,259042,16,0,0,fused_streaming,circular,persistent,1,1
8590,261084,265000,16,0,0,fused_streaming,circular,persistent,1,1
8591,255041,258916,16,0,0,fused_streaming,circular,persistent,1,1
8592,248500,252417,16,0,0,fused_streaming,circular,persistent,1,1
8593,247417,251292,16,0,0,fused_streaming,circular,persistent,1,1
8594,236542,240541,16,0,0,fused_streaming,circular,persistent,1,1
8595,247250,251209,16,0,0,fused_streaming,circular,persistent,1,1
8596,243958,247833,16,0,0,fused_streaming,circular,persistent,1,1
8597,241000,244917,16,0,0,fused_streaming,circular,persistent,1,1
8598,244291,248458,16,0,0,fused_streaming,circular,persistent,1,1
8599,248042,252000,16,0,0,fused_streaming,circular,persistent,1,1
8600,252000,255875,16,0,0,fused_streaming,circular,persistent,1,1
8601,296667,300708,16,0,0,fused_streaming,circular,persistent,1,1
8602,256792,260750,16,0,0,fused_streaming,circular,persistent,1,1
8603,252625,256541,16,0,0,fused_streaming,circular,persistent,1,1
8604,245458,249334,16,0,0,fused_streaming,circular,persistent,1,1
8605,240958,244958,16,0,0,fused_streaming,circular,persistent,1,1
8606,237875,241708,16,0,0,fused_streaming,circular,persistent,1,1
8607,235625,239625,16,0,0,fused_streaming,circular,persistent,1,1
8608,226834,230708,16,0,0,fused_streaming,circular,persistent,1,1
8609,227708,231542,16,0,0,fused_streaming,circular,persistent,1,1
8610,237459,241375,16,0,0,fused_streaming,circular,persistent,1,1
8611,246250,250166,16,0,0,fused_streaming,circular,persistent,1,1
8612,250208,254125,16,0,0,fused_streaming,circular,persistent,1,1
8613,254042,258000,16,0,0,fused_streaming,circular,persistent,1,1
8614,254791,258750,16,0,0,fused_streaming,circular,persistent,1,1
8615,245958,249917,16,0,0,fused_streaming,circular,persistent,1,1
8616,244959,248916,16,0,0,fused_streaming,circular,persistent,1,1
8617,250625,254500,16,0,0,fused_streaming,circular,persistent,1,1
8618,245833,249708,16,0,0,fused_streaming,circular,persistent,1,1
8619,240250,244125,16,0,0,fused_streaming,circular,persistent,1,1
8620,245375,249250,16,0,0,fused_streaming,circular,persistent,1,1
8621,239666,243541,16,0,0,fused_streaming,circular,persistent,1,1
8622,246208,250083,16,0,0,fused_streaming,circular,persistent,1,1
8623,240584,244541,16,0,0,fused_streaming,circular,persistent,1,1
8624,249375,253333,16,0,0,fused_streaming,circular,persistent,1,1
8625,254583,258416,16,0,0,fused_streaming,circular,persistent,1,1
8626,257625,261458,16,0,0,fused_streaming,circular,persistent,1,1
8627,247125,251083,16,0,0,fused_streaming,circular,persistent,1,1
8628,235958,239875,16,0,0,fused_streaming,circular,persistent,1,1
8629,231583,235458,16,0,0,fused_streaming,circular,persistent,1,1
8630,234083,237959,16,0,0,fused_streaming,circular,persistent,1,1
8631,233667,237584,16,0,0,fused_streaming,circular,persistent,1,1
8632,238084,242041,16,0,0,fused_streaming,circular,persistent,1,1
8633,243000,246917,16,0,0,fused_streaming,circular,persistent,1,1
8634,252250,256125,16,0,0,fused_streaming,circular,persistent,1,1
8635,244042,247917,16,0,0,fused_streaming,circular,persistent,1,1
8636,253292,257167,16,0,0,fused_streaming,circular,persistent,1,1
8637,252792,256667,16,0,0,fused_streaming,circular,persistent,1,1
8638,253083,256959,16,0,0,fused_streaming,circular,persistent,1,1
8639,251208,255166,16,0,0,fused_streaming,circular,persistent,1,1
8640,246417,250375,16,0,0,fused_streaming,circular,persistent,1,1
8641,241042,244834,16,0,0,fused_streaming,circular,persistent,1,1
8642,248167,252041,16,0,0,fused_streaming,circular,persistent,1,1
8643,238834,242667,16,0,0,fused_streaming,circular,persistent,1,1
8644,240250,244125,16,0,0,fused_streaming,circular,persistent,1,1
8645,245458,249292,16,0,0,fused_streaming,circular,persistent,1,1
8646,237666,241542,16,0,0,fused_streaming,circular,persistent,1,1
8647,248583,252458,16,0,0,fused_streaming,circular,persistent,1,1
8648,255791,259667,16,0,0,fused_streaming,circular,persistent,1,1
8649,255542,259417,16,0,0,fused_streaming,circular,persistent,1,1
8650,253667,257541,16,0,0,fused_streaming,circular,persistent,1,1
8651,239208,243084,16,0,0,fused_streaming,circular,persistent,1,1
8652,276292,280292,16,0,0,fused_streaming,circular,persistent,1,1
8653,244875,248708,16,0,0,fused_streaming,circular,persistent,1,1
8654,289666,293708,16,0,0,fused_streaming,circular,persistent,1,1
8655,250834,254833,16,0,0,fused_streaming,circular,persistent,1,1
8656,250834,254750,16,0,0,fused_streaming,circular,persistent,1,1
8657,234750,238625,16,0,0,fused_streaming,circular,persistent,1,1
8658,246666,250625,16,0,0,fused_streaming,circular,persistent,1,1
8659,253625,257500,16,0,0,fused_streaming,circular,persistent,1,1
8660,256875,260792,16,0,0,fused_streaming,circular,persistent,1,1
8661,256750,260667,16,0,0,fused_streaming,circular,persistent,1,1
8662,250166,254041,16,0,0,fused_streaming,circular,persistent,1,1
8663,245708,249709,16,0,0,fused_streaming,circular,persistent,1,1
8664,240625,244542,16,0,0,fused_streaming,circular,persistent,1,1
8665,244625,248542,16,0,0,fused_streaming,circular,persistent,1,1
8666,236792,240708,16,0,0,fused_streaming,circular,persistent,1,1
8667,241750,245666,16,0,0,fused_streaming,circular,persistent,1,1
8668,244500,248375,16,0,0,fused_streaming,circular,persistent,1,1
8669,238250,242125,16,0,0,fused_streaming,circular,persistent,1,1
8670,238584,242458,16,0,0,fused_streaming,circular,persistent,1,1
8671,253167,257000,16,0,0,fused_streaming,circular,persistent,1,1
8672,249875,253791,16,0,0,fused_streaming,circular,persistent,1,1
8673,256375,260333,16,0,0,fused_streaming,circular,persistent,1,1
8674,247958,251833,16,0,0,fused_streaming,circular,persistent,1,1
8675,239833,243834,16,0,0,fused_streaming,circular,persistent,1,1
8676,249959,253875,16,0,0,fused_streaming,circular,persistent,1,1
8677,240708,244667,16,0,0,fused_streaming,circular,persistent,1,1
8678,240583,244417,16,0,0,fused_streaming,circular,persistent,1,1
8679,240000,243917,16,0,0,fused_streaming,circular,persistent,1,1
8680,245584,249541,16,0,0,fused_streaming,circular,persistent,1,1
8681,247458,251250,16,0,0,fused_streaming,circular,persistent,1,1
8682,247166,251042,16,0,0,fused_streaming,circular,persistent,1,1
8683,254500,258375,16,0,0,fused_streaming,circular,persistent,1,1
8684,253625,257541,16,0,0,fused_streaming,circular,persistent,1,1
8685,255458,259333,16,0,0,fused_streaming,circular,persistent,1,1
8686,240708,244625,16,0,0,fused_streaming,circular,persistent,1,1
8687,244750,248708,16,0,0,fused_streaming,circular,persistent,1,1
8688,233709,238000,16,0,0,fused_streaming,circular,persistent,1,1
8689,245375,249250,16,0,0,fused_streaming,circular,persistent,1,1
8690,244875,248875,16,0,0,fused_streaming,circular,persistent,1,1
8691,243125,247083,16,0,0,fused_streaming,circular,persistent,1,1
8692,236708,240667,16,0,0,fused_streaming,circular,persistent,1,1
8693,242042,246125,16,0,0,fused_streaming,circular,persistent,1,1
8694,238375,242334,16,0,0,fused_streaming,circular,persistent,1,1
8695,257666,261667,16,0,0,fused_streaming,circular,persistent,1,1
8696,255666,259542,16,0,0,fused_streaming,circular,persistent,1,1
8697,250042,253958,16,0,0,fused_streaming,circular,persistent,1,1
8698,245500,249375,16,0,0,fused_streaming,circular,persistent,1,1
8699,237791,241667,16,0,0,fused_streaming,circular,persistent,1,1
8700,245042,248917,16,0,0,fused_streaming,circular,persistent,1,1
8701,244083,247917,16,0,0,fused_streaming,circular,persistent,1,1
8702,246833,250709,16,0,0,fused_streaming,circular,persistent,1,1
8703,246084,250000,16,0,0,fused_streaming,circular,persistent,1,1
8704,249125,253000,16,0,0,fused_streaming,circular,persistent,1,1
8705,238875,242833,16,0,0,fused_streaming,circular,persistent,1,1
8706,248416,252375,16,0,0,fused_streaming,circular,persistent,1,1
8707,254792,258792,16,0,0,fused_streaming,circular,persistent,1,1
8708,257333,261375,16,0,0,fused_streaming,circular,persistent,1,1
8709,246250,250125,16,0,0,fused_streaming,circular,persistent,1,1
8710,237083,241166,16,0,0,fused_streaming,circular,persistent,1,1
8711,238500,242500,16,0,0,fused_streaming,circular,persistent,1,1
8712,276625,280708,16,0,0,fused_streaming,circular,persistent,1,1
8713,244250,248083,16,0,0,fused_streaming,circular,persistent,1,1
8714,237625,241542,16,0,0,fused_streaming,circular,persistent,1,1
8715,235958,239959,16,0,0,fused_streaming,circular,persistent,1,1
8716,241292,245333,16,0,0,fused_streaming,circular,persistent,1,1
8717,225709,229625,16,0,0,fused_streaming,circular,persistent,1,1
8718,232667,236625,16,0,0,fused_streaming,circular,persistent,1,1
8719,247833,251708,16,0,0,fused_streaming,circular,persistent,1,1
8720,249458,253375,16,0,0,fused_streaming,circular,persistent,1,1
8721,243083,247042,16,0,0,fused_streaming,circular,persistent,1,1
8722,245958,249917,16,0,0,fused_streaming,circular,persistent,1,1
8723,243500,247375,16,0,0,fused_streaming,circular,persistent,1,1
8724,287958,292250,16,0,0,fused_streaming,circular,persistent,1,1
8725,239833,243792,16,0,0,fused_streaming,circular,persistent,1,1
8726,239209,243083,16,0,0,fused_streaming,circular,persistent,1,1
8727,240375,244291,16,0,0,fused_streaming,circular,persistent,1,1
8728,231000,234916,16,0,0,fused_streaming,circular,persistent,1,1
8729,243125,247125,16,0,0,fused_streaming,circular,persistent,1,1
8730,255042,258959,16,0,0,fused_streaming,circular,persistent,1,1
8731,253291,257208,16,0,0,fused_streaming,circular,persistent,1,1
8732,249916,253875,16,0,0,fused_streaming,circular,persistent,1,1
8733,242167,246041,16,0,0,fused_streaming,circular,persistent,1,1
8734,240750,244667,16,0,0,fused_streaming,circular,persistent,1,1
8735,231166,235000,16,0,0,fused_streaming,circular,persistent,1,1
8736,282834,287125,16,0,0,fused_streaming,circular,persistent,1,1
8737,234042,237875,16,0,0,fused_streaming,circular,persistent,1,1
8738,230375,234333,16,0,0,fused_streaming,circular,persistent,1,1
8739,246416,250417,16,0,0,fused_streaming,circular,persistent,1,1
8740,284667,289250,16,0,0,fused_streaming,circular,persistent,1,1
8741,247583,251500,16,0,0,fused_streaming,circular,persistent,1,1
8742,256833,260833,16,0,0,fused_streaming,circular,persistent,1,1
8743,248667,252583,16,0,0,fused_streaming,circular,persistent,1,1
8744,243250,247125,16,0,0,fused_streaming,circular,persistent,1,1
8745,245375,249250,16,0,0,fused_streaming,circular,persistent,1,1
8746,243000,246916,16,0,0,fused_streaming,circular,persistent,1,1
8747,243583,247584,16,0,0,fused_streaming,circular,persistent,1,1
8748,240291,244250,16,0,0,fused_streaming,circular,persistent,1,1
8749,234625,238459,16,0,0,fused_streaming,circular,persistent,1,1
8750,242958,246834,16,0,0,fused_streaming,circular,persistent,1,1
8751,236167,240041,16,0,0,fused_streaming,circular,persistent,1,1
8752,240250,244167,16,0,0,fused_streaming,circular,persistent,1,1
8753,249875,253833,16,0,0,fused_streaming,circular,persistent,1,1
8754,254542,258500,16,0,0,fused_streaming,circular,persistent,1,1
8755,256917,260750,16,0,0,fused_streaming,circular,persistent,1,1
8756,244125,247959,16,0,0,fused_streaming,circular,persistent,1,1
8757,237792,241708,16,0,0,fused_streaming,circular,persistent,1,1
8758,242458,246417,16,0,0,fused_streaming,circular,persistent,1,1
8759,243792,247666,16,0,0,fused_streaming,circular,persistent,1,1
8760,245625,249500,16,0,0,fused_streaming,circular,persistent,1,1
8761,246459,250333,16,0,0,fused_streaming,circular,persistent,1,1
8762,235750,239625,16,0,0,fused_streaming,circular,persistent,1,1
8763,243166,247042,16,0,0,fused_streaming,circular,persistent,1,1
8764,249541,253500,16,0,0,fused_streaming,circular,persistent,1,1
8765,295584,299708,16,0,0,fused_streaming,circular,persistent,1,1
8766,253125,257000,16,0,0,fused_streaming,circular,persistent,1,1
8767,247375,251667,16,0,0,fused_streaming,circular,persistent,1,1
8768,240417,244291,16,0,0,fused_streaming,circular,persistent,1,1
8769,246000,249917,16,0,0,fused_streaming,circular,persistent,1,1
8770,245209,249083,16,0,0,fused_streaming,circular,persistent,1,1
8771,243125,247042,16,0,0,fused_streaming,circular,persistent,1,1
8772,228375,232292,16,0,0,fused_streaming,circular,persistent,1,1
8773,228791,232667,16,0,0,fused_streaming,circular,persistent,1,1
8774,234458,238458,16,0,0,fused_streaming,circular,persistent,1,1
8775,232459,236291,16,0,0,fused_streaming,circular,persistent,1,1
8776,241125,245000,16,0,0,fused_streaming,circular,persistent,1,1
8777,244250,248167,16,0,0,fused_streaming,circular,persistent,1,1
8778,253584,257458,16,0,0,fused_streaming,circular,persistent,1,1
8779,244666,248583,16,0,0,fused_streaming,circular,persistent,1,1
8780,242041,245917,16,0,0,fused_streaming,circular,persistent,1,1
8781,242625,250625,16,0,0,fused_streaming,circular,persistent,1,1
8782,239917,243833,16,0,0,fused_streaming,circular,persistent,1,1
8783,231208,235083,16,0,0,fused_streaming,circular,persistent,1,1
8784,231333,235208,16,0,0,fused_streaming,circular,persistent,1,1
8785,247875,251750,16,0,0,fused_streaming,circular,persistent,1,1
8786,245959,249833,16,0,0,fused_streaming,circular,persistent,1,1
8787,246750,250625,16,0,0,fused_streaming,circular,persistent,1,1
8788,251250,255125,16,0,0,fused_streaming,circular,persistent,1,1
8789,255208,259084,16,0,0,fused_streaming,circular,persistent,1,1
8790,254292,258166,16,0,0,fused_streaming,circular,persistent,1,1
8791,246292,250208,16,0,0,fused_streaming,circular,persistent,1,1
8792,236208,240083,16,0,0,fused_streaming,circular,persistent,1,1
8793,243167,247042,16,0,0,fused_streaming,circular,persistent,1,1
8794,237000,240917,16,0,0,fused_streaming,circular,persistent,1,1
8795,228667,232792,16,0,0,fused_streaming,circular,persistent,1,1
8796,230625,234500,16,0,0,fused_streaming,circular,persistent,1,1
8797,232083,235917,16,0,0,fused_streaming,circular,persistent,1,1
8798,233958,237792,16,0,0,fused_streaming,circular,persistent,1,1
8799,242750,246709,16,0,0,fused_streaming,circular,persistent,1,1
8800,256041,259917,16,0,0,fused_streaming,circular,persistent,1,1
8801,255834,259791,16,0,0,fused_streaming,circular,persistent,1,1
8802,250375,254250,16,0,0,fused_streaming,circular,persistent,1,1
8803,244333,248125,16,0,0,fused_streaming,circular,persistent,1,1
8804,235167,239375,16,0,0,fused_streaming,circular,persistent,1,1
8805,246292,250167,16,0,0,fused_streaming,circular,persistent,1,1
8806,249416,253208,16,0,0,fused_streaming,circular,persistent,1,1
8807,245917,249833,16,0,0,fused_streaming,circular,persistent,1,1
8808,246708,250584,16,0,0,fused_streaming,circular,persistent,1,1
8809,248208,252083,16,0,0,fused_streaming,circular,persistent,1,1
8810,239875,243834,16,0,0,fused_streaming,circular,persistent,1,1
8811,246833,250750,16,0,0,fused_streaming,circular,persistent,1,1
8812,252666,256542,16,0,0,fused_streaming,circular,persistent,1,1
8813,248167,252041,16,0,0,fused_streaming,circular,persistent,1,1
8814,284417,288417,16,0,0,fused_streaming,circular,persistent,1,1
8815,241584,245416,16,0,0,fused_streaming,circular,persistent,1,1
8816,241417,245250,16,0,0,fused_streaming,circular,persistent,1,1
8817,239375,243708,16,0,0,fused_streaming,circular,persistent,1,1
8818,240125,243917,16,0,0,fused_streaming,circular,persistent,1,1
8819,236459,240291,16,0,0,fused_streaming,circular,persistent,1,1
8820,238792,242583,16,0,0,fused_streaming,circular,persistent,1,1
8821,243250,247083,16,0,0,fused_streaming,circular,persistent,1,1
8822,239375,243250,16,0,0,fused_streaming,circular,persistent,1,1
8823,242917,246750,16,0,0,fused_streaming,circular,persistent,1,1
8824,246042,250042,16,0,0,fused_streaming,circular,persistent,1,1
8825,254500,258458,16,0,0,fused_streaming,circular,persistent,1,1
8826,247375,251333,16,0,0,fused_streaming,circular,persistent,1,1
8827,239958,243833,16,0,0,fused_streaming,circular,persistent,1,1
8828,244375,248209,16,0,0,fused_streaming,circular,persistent,1,1
8829,249792,253666,16,0,0,fused_streaming,circular,persistent,1,1
8830,239708,243625,16,0,0,fused_streaming,circular,persistent,1,1
8831,243875,247709,16,0,0,fused_streaming,circular,persistent,1,1
8832,238042,242292,16,0,0,fused_streaming,circular,persistent,1,1
8833,241000,244875,16,0,0,fused_streaming,circular,persistent,1,1
8834,241083,244958,16,0,0,fused_streaming,circular,persistent,1,1
8835,250334,254167,16,0,0,fused_streaming,circular,persistent,1,1
8836,254333,258208,16,0,0,fused_streaming,circular,persistent,1,1
8837,250583,254500,16,0,0,fused_streaming,circular,persistent,1,1
8838,245208,249333,16,0,0,fused_streaming,circular,persistent,1,1
8839,236375,240208,16,0,0,fused_streaming,circular,persistent,1,1
8840,238500,242334,16,0,0,fused_streaming,circular,persistent,1,1
8841,238208,246708,16,0,0,fused_streaming,circular,persistent,1,1
8842,238916,242750,16,0,0,fused_streaming,circular,persistent,1,1
8843,237750,241666,16,0,0,fused_streaming,circular,persistent,1,1
8844,243500,247459,16,0,0,fused_streaming,circular,persistent,1,1
8845,249458,253333,16,0,0,fused_streaming,circular,persistent,1,1
8846,243916,247875,16,0,0,fused_streaming,circular,persistent,1,1
8847,254042,257958,16,0,0,fused_streaming,circular,persistent,1,1
8848,292708,296750,16,0,0,fused_streaming,circular,persistent,1,1
8849,249625,253542,16,0,0,fused_streaming,circular,persistent,1,1
8850,245958,249875,16,0,0,fused_streaming,circular,persistent,1,1
8851,239208,243167,16,0,0,fused_streaming,circular,persistent,1,1
8852,246792,250750,16,0,0,fused_streaming,circular,persistent,1,1
8853,238542,242458,16,0,0,fused_streaming,circular,persistent,1,1
8854,232958,282917,16,0,0,fused_streaming,circular,persistent,1,1
8855,238875,242791,16,0,0,fused_streaming,circular,persistent,1,1
8856,284292,288417,16,0,0,fused_streaming,circular,persistent,1,1
8857,239417,243416,16,0,0,fused_streaming,circular,persistent,1,1
8858,293750,298000,16,0,0,fused_streaming,circular,persistent,1,1
8859,249792,253709,16,0,0,fused_streaming,circular,persistent,1,1
8860,255792,259709,16,0,0,fused_streaming,circular,persistent,1,1
8861,248250,252125,16,0,0,fused_streaming,circular,persistent,1,1
8862,239708,243625,16,0,0,fused_streaming,circular,persistent,1,1
8863,241875,245750,16,0,0,fused_streaming,circular,persistent,1,1
8864,241000,245042,16,0,0,fused_streaming,circular,persistent,1,1
8865,249666,253500,16,0,0,fused_streaming,circular,persistent,1,1
8866,246375,250250,16,0,0,fused_streaming,circular,persistent,1,1
8867,241792,245667,16,0,0,fused_streaming,circular,persistent,1,1
8868,245167,249125,16,0,0,fused_streaming,circular,persistent,1,1
8869,244125,248125,16,0,0,fused_streaming,circular,persistent,1,1
8870,247584,251500,16,0,0,fused_streaming,circular,persistent,1,1
8871,250000,253875,16,0,0,fused_streaming,circular,persistent,1,1
8872,253041,257042,16,0,0,fused_streaming,circular,persistent,1,1
8873,239208,243125,16,0,0,fused_streaming,circular,persistent,1,1
8874,243750,247583,16,0,0,fused_streaming,circular,persistent,1,1
8875,237584,241458,16,0,0,fused_streaming,circular,persistent,1,1
8876,245291,249167,16,0,0,fused_streaming,circular,persistent,1,1
8877,231166,235042,16,0,0,fused_streaming,circular,persistent,1,1
8878,230125,233958,16,0,0,fused_streaming,circular,persistent,1,1
8879,240125,244125,16,0,0,fused_streaming,circular,persistent,1,1
8880,240209,244250,16,0,0,fused_streaming,circular,persistent,1,1
8881,234875,238791,16,0,0,fused_streaming,circular,persistent,1,1
8882,240917,244750,16,0,0,fused_streaming,circular,persistent,1,1
8883,246250,250209,16,0,0,fused_streaming,circular,persistent,1,1
8884,248375,252208,16,0,0,fused_streaming,circular,persistent,1,1
8885,242542,246500,16,0,0,fused_streaming,circular,persistent,1,1
8886,246084,250250,16,0,0,fused_streaming,circular,persistent,1,1
8887,246667,250500,16,0,0,fused_streaming,circular,persistent,1,1
8888,233292,237291,16,0,0,fused_streaming,circular,persistent,1,1
8889,236666,240583,16,0,0,fused_streaming,circular,persistent,1,1
8890,241459,245375,16,0,0,fused_streaming,circular,persistent,1,1
8891,249458,253500,16,0,0,fused_streaming,circular,persistent,1,1
8892,239334,243250,16,0,0,fused_streaming,circular,persistent,1,1
8893,248084,251917,16,0,0,fused_streaming,circular,persistent,1,1
8894,252959,256916,16,0,0,fused_streaming,circular,persistent,1,1
8895,253417,257333,16,0,0,fused_streaming,circular,persistent,1,1
8896,250959,254833,16,0,0,fused_streaming,circular,persistent,1,1
8897,239292,243209,16,0,0,fused_streaming,circular,persistent,1,1
8898,239083,243000,16,0,0,fused_streaming,circular,persistent,1,1
8899,243625,247500,16,0,0,fused_streaming,circular,persistent,1,1
8900,234083,238041,16,0,0,fused_streaming,circular,persistent,1,1
8901,237375,241834,16,0,0,fused_streaming,circular,persistent,1,1
8902,229375,233250,16,0,0,fused_streaming,circular,persistent,1,1
8903,242042,246125,16,0,0,fused_streaming,circular,persistent,1,1
8904,236416,240292,16,0,0,fused_streaming,circular,persistent,1,1
8905,251083,255000,16,0,0,fused_streaming,circular,persistent,1,1
8906,253417,257333,16,0,0,fused_streaming,circular,persistent,1,1
8907,251208,255083,16,0,0,fused_streaming,circular,persistent,1,1
8908,254875,258917,16,0,0,fused_streaming,circular,persistent,1,1
8909,239166,243083,16,0,0,fused_streaming,circular,persistent,1,1
8910,241417,245416,16,0,0,fused_streaming,circular,persistent,1,1
8911,243500,247417,16,0,0,fused_streaming,circular,persistent,1,1
8912,242042,245916,16,0,0,fused_streaming,circular,persistent,1,1
8913,235167,239125,16,0,0,fused_streaming,circular,persistent,1,1
8914,246708,250583,16,0,0,fused_streaming,circular,persistent,1,1
8915,236625,240458,16,0,0,fused_streaming,circular,persistent,1,1
8916,242000,245917,16,0,0,fused_streaming,circular,persistent,1,1
8917,255166,259167,16,0,0,fused_streaming,circular,persistent,1,1
8918,253542,257416,16,0,0,fused_streaming,circular,persistent,1,1
8919,254125,258000,16,0,0,fused_streaming,circular,persistent,1,1
8920,247000,250917,16,0,0,fused_streaming,circular,persistent,1,1
8921,235208,239125,16,0,0,fused_streaming,circular,persistent,1,1
8922,237000,240875,16,0,0,fused_streaming,circular,persistent,1,1
8923,231625,235542,16,0,0,fused_streaming,circular,persistent,1,1
8924,224667,228542,16,0,0,fused_streaming,circular,persistent,1,1
8925,239709,243750,16,0,0,fused_streaming,circular,persistent,1,1
8926,241750,245667,16,0,0,fused_streaming,circular,persistent,1,1
8927,242417,246334,16,0,0,fused_streaming,circular,persistent,1,1
8928,242208,246167,16,0,0,fused_streaming,circular,persistent,1,1
8929,242833,246833,16,0,0,fused_streaming,circular,persistent,1,1
8930,250291,254292,16,0,0,fused_streaming,circular,persistent,1,1
8931,251708,255667,16,0,0,fused_streaming,circular,persistent,1,1
8932,244375,248375,16,0,0,fused_streaming,circular,persistent,1,1
8933,247500,251417,16,0,0,fused_streaming,circular,persistent,1,1
8934,247750,251708,16,0,0,fused_streaming,circular,persistent,1,1
8935,242000,245875,16,0,0,fused_streaming,circular,persistent,1,1
8936,239542,243416,16,0,0,fused_streaming,circular,persistent,1,1
8937,244709,248583,16,0,0,fused_streaming,circular,persistent,1,1
8938,241625,245500,16,0,0,fused_streaming,circular,persistent,1,1
8939,236875,240792,16,0,0,fused_streaming,circular,persistent,1,1
8940,248916,252833,16,0,0,fused_streaming,circular,persistent,1,1
8941,255125,258958,16,0,0,fused_streaming,circular,persistent,1,1
8942,253625,257458,16,0,0,fused_streaming,circular,persistent,1,1
8943,248875,252791,16,0,0,fused_streaming,circular,persistent,1,1
8944,229666,233500,16,0,0,fused_streaming,circular,persistent,1,1
8945,232584,236750,16,0,0,fused_streaming,circular,persistent,1,1
8946,244500,248500,16,0,0,fused_streaming,circular,persistent,1,1
8947,242250,246167,16,0,0,fused_streaming,circular,persistent,1,1
8948,239250,243125,16,0,0,fused_streaming,circular,persistent,1,1
8949,247084,251000,16,0,0,fused_streaming,circular,persistent,1,1
8950,244375,248208,16,0,0,fused_streaming,circular,persistent,1,1
8951,240500,244375,16,0,0,fused_streaming,circular,persistent,1,1
8952,251375,255292,16,0,0,fused_streaming,circular,persistent,1,1
8953,256917,260916,16,0,0,fused_streaming,circular,persistent,1,1
8954,250583,254459,16,0,0,fused_streaming,circular,persistent,1,1
8955,246000,249875,16,0,0,fused_streaming,circular,persistent,1,1
8956,238542,242417,16,0,0,fused_streaming,circular,persistent,1,1
8957,242417,246250,16,0,0,fused_streaming,circular,persistent,1,1
8958,245209,249125,16,0,0,fused_streaming,circular,persistent,1,1
8959,230125,234291,16,0,0,fused_streaming,circular,persistent,1,1
8960,235459,239291,16,0,0,fused_streaming,circular,persistent,1,1
8961,245208,249125,16,0,0,fused_streaming,circular,persistent,1,1
8962,232542,236416,16,0,0,fused_streaming,circular,persistent,1,1
8963,234458,238333,16,0,0,fused_streaming,circular,persistent,1,1
8964,246125,249959,16,0,0,fused_streaming,circular,persistent,1,1
8965,252917,256792,16,0,0,fused_streaming,circular,persistent,1,1
8966,252583,256458,16,0,0,fused_streaming,circular,persistent,1,1
8967,246333,250167,16,0,0,fused_streaming,circular,persistent,1,1
8968,238875,242750,16,0,0,fused_streaming,circular,persistent,1,1
8969,234417,238250,16,0,0,fused_streaming,circular,persistent,1,1
8970,244084,248000,16,0,0,fused_streaming,circular,persistent,1,1
8971,247875,251833,16,0,0,fused_streaming,circular,persistent,1,1
8972,237750,241541,16,0,0,fused_streaming,circular,persistent,1,1
8973,243334,247208,16,0,0,fused_streaming,circular,persistent,1,1
8974,235708,239583,16,0,0,fused_streaming,circular,persistent,1,1
8975,248208,252166,16,0,0,fused_streaming,circular,persistent,1,1
8976,256667,260500,16,0,0,fused_streaming,circular,persistent,1,1
8977,247916,251875,16,0,0,fused_streaming,circular,persistent,1,1
8978,250709,254541,16,0,0,fused_streaming,circular,persistent,1,1
8979,236417,240291,16,0,0,fused_streaming,circular,persistent,1,1
8980,233834,237667,16,0,0,fused_streaming,circular,persistent,1,1
8981,245084,248958,16,0,0,fused_streaming,circular,persistent,1,1
8982,233542,237416,16,0,0,fused_streaming,circular,persistent,1,1
8983,231416,235375,16,0,0,fused_streaming,circular,persistent,1,1
8984,234958,238917,16,0,0,fused_streaming,circular,persistent,1,1
8985,232625,236458,16,0,0,fused_streaming,circular,persistent,1,1
8986,229417,233292,16,0,0,fused_streaming,circular,persistent,1,1
8987,279333,283417,16,0,0,fused_streaming,circular,persistent,1,1
8988,251583,255417,16,0,0,fused_streaming,circular,persistent,1,1
8989,247500,251333,16,0,0,fused_streaming,circular,persistent,1,1
8990,248458,252375,16,0,0,fused_streaming,circular,persistent,1,1
8991,252917,256792,16,0,0,fused_streaming,circular,persistent,1,1
8992,241416,245333,16,0,0,fused_streaming,circular,persistent,1,1
8993,228708,232667,16,0,0,fused_streaming,circular,persistent,1,1
8994,241625,245541,16,0,0,fused_streaming,circular,persistent,1,1
8995,241792,245667,16,0,0,fused_streaming,circular,persistent,1,1
8996,247125,251000,16,0,0,fused_streaming,circular,persistent,1,1
8997,243083,247000,16,0,0,fused_streaming,circular,persistent,1,1
8998,243666,247500,16,0,0,fused_streaming,circular,persistent,1,1
8999,251542,255416,16,0,0,fused_streaming,circular,persistent,1,1
9000,245958,254083,16,0,0,fused_streaming,circular,persistent,1,1
9001,247000,250834,16,0,0,fused_streaming,circular,persistent,1,1
9002,241375,245250,16,0,0,fused_streaming,circular,persistent,1,1
9003,230667,234625,16,0,0,fused_streaming,circular,persistent,1,1
9004,236625,240541,16,0,0,fused_streaming,circular,persistent,1,1
9005,236417,240250,16,0,0,fused_streaming,circular,persistent,1,1
9006,229083,232917,16,0,0,fused_streaming,circular,persistent,1,1
9007,279000,283167,16,0,0,fused_streaming,circular,persistent,1,1
9008,237750,241667,16,0,0,fused_streaming,circular,persistent,1,1
9009,232834,236750,16,0,0,fused_streaming,circular,persistent,1,1
9010,243542,247416,16,0,0,fused_streaming,circular,persistent,1,1
9011,240708,244666,16,0,0,fused_streaming,circular,persistent,1,1
9012,246791,250708,16,0,0,fused_streaming,circular,persistent,1,1
9013,260375,264500,16,0,0,fused_streaming,circular,persistent,1,1
9014,246042,249875,16,0,0,fused_streaming,circular,persistent,1,1
9015,241500,245458,16,0,0,fused_streaming,circular,persistent,1,1
9016,246417,250333,16,0,0,fused_streaming,circular,persistent,1,1
9017,243292,247250,16,0,0,fused_streaming,circular,persistent,1,1
9018,241750,245708,16,0,0,fused_streaming,circular,persistent,1,1
9019,245708,249750,16,0,0,fused_streaming,circular,persistent,1,1
9020,245916,249833,16,0,0,fused_streaming,circular,persistent,1,1
9021,243250,247250,16,0,0,fused_streaming,circular,persistent,1,1
9022,243750,247667,16,0,0,fused_streaming,circular,persistent,1,1
9023,255000,259000,16,0,0,fused_streaming,circular,persistent,1,1
9024,249667,253542,16,0,0,fused_streaming,circular,persistent,1,1
9025,252333,256209,16,0,0,fused_streaming,circular,persistent,1,1
9026,241125,245041,16,0,0,fused_streaming,circular,persistent,1,1
9027,234041,237958,16,0,0,fused_streaming,circular,persistent,1,1
9028,231292,235208,16,0,0,fused_streaming,circular,persistent,1,1
9029,229291,233208,16,0,0,fused_streaming,circular,persistent,1,1
9030,235209,239125,16,0,0,fused_streaming,circular,persistent,1,1
9031,268417,272500,16,0,0,fused_streaming,circular,persistent,1,1
9032,238833,242709,16,0,0,fused_streaming,circular,persistent,1,1
9033,249333,253291,16,0,0,fused_streaming,circular,persistent,1,1
9034,244333,248375,16,0,0,fused_streaming,circular,persistent,1,1
9035,243500,247375,16,0,0,fused_streaming,circular,persistent,1,1
9036,249500,253333,16,0,0,fused_streaming,circular,persistent,1,1
9037,241459,245375,16,0,0,fused_streaming,circular,persistent,1,1
9038,242583,246500,16,0,0,fused_streaming,circular,persistent,1,1
9039,239875,243791,16,0,0,fused_streaming,circular,persistent,1,1
9040,245791,249708,16,0,0,fused_streaming,circular,persistent,1,1
9041,245250,249250,16,0,0,fused_streaming,circular,persistent,1,1
9042,240000,243875,16,0,0,fused_streaming,circular,persistent,1,1
9043,238708,242625,16,0,0,fused_streaming,circular,persistent,1,1
9044,243208,247084,16,0,0,fused_streaming,circular,persistent,1,1
9045,238375,242375,16,0,0,fused_streaming,circular,persistent,1,1
9046,245875,249834,16,0,0,fused_streaming,circular,persistent,1,1
9047,251083,254959,16,0,0,fused_streaming,circular,persistent,1,1
9048,251125,255042,16,0,0,fused_streaming,circular,persistent,1,1
9049,280458,284750,16,0,0,fused_streaming,circular,persistent,1,1
9050,239875,243750,16,0,0,fused_streaming,circular,persistent,1,1
9051,242292,246208,16,0,0,fused_streaming,circular,persistent,1,1
9052,240084,243916,16,0,0,fused_streaming,circular,persistent,1,1
9053,241500,245375,16,0,0,fused_streaming,circular,persistent,1,1
9054,248875,252875,16,0,0,fused_streaming,circular,persistent,1,1
9055,243125,247000,16,0,0,fused_streaming,circular,persistent,1,1
9056,237041,240917,16,0,0,fused_streaming,circular,persistent,1,1
9057,236375,240292,16,0,0,fused_streaming,circular,persistent,1,1
9058,248000,251958,16,0,0,fused_streaming,circular,persistent,1,1
9059,248000,251875,16,0,0,fused_streaming,circular,persistent,1,1
9060,251291,255167,16,0,0,fused_streaming,circular,persistent,1,1
9061,242792,246792,16,0,0,fused_streaming,circular,persistent,1,1
9062,240458,244333,16,0,0,fused_streaming,circular,persistent,1,1
9063,244042,247958,16,0,0,fused_streaming,circular,persistent,1,1
9064,233292,237208,16,0,0,fused_streaming,circular,persistent,1,1
9065,241167,245083,16,0,0,fused_streaming,circular,persistent,1,1
9066,238542,242458,16,0,0,fused_streaming,circular,persistent,1,1
9067,234542,238500,16,0,0,fused_streaming,circular,persistent,1,1
9068,234167,238084,16,0,0,fused_streaming,circular,persistent,1,1
9069,233791,237625,16,0,0,fused_streaming,circular,persistent,1,1
9070,244916,248792,16,0,0,fused_streaming,circular,persistent,1,1
9071,241833,245708,16,0,0,fused_streaming,circular,persistent,1,1
9072,244417,248334,16,0,0,fused_streaming,circular,persistent,1,1
9073,238792,242667,16,0,0,fused_streaming,circular,persistent,1,1
9074,239375,243292,16,0,0,fused_streaming,circular,persistent,1,1
9075,251000,255000,16,0,0,fused_streaming,circular,persistent,1,1
9076,238042,241875,16,0,0,fused_streaming,circular,persistent,1,1
9077,236334,240208,16,0,0,fused_streaming,circular,persistent,1,1
9078,241750,245583,16,0,0,fused_streaming,circular,persistent,1,1
9079,240459,244417,16,0,0,fused_streaming,circular,persistent,1,1
9080,242459,246375,16,0,0,fused_streaming,circular,persistent,1,1
9081,241208,245208,16,0,0,fused_streaming,circular,persistent,1,1
9082,245750,249708,16,0,0,fused_streaming,circular,persistent,1,1
9083,246667,250583,16,0,0,fused_streaming,circular,persistent,1,1
9084,248291,252208,16,0,0,fused_streaming,circular,persistent,1,1
9085,231625,235583,16,0,0,fused_streaming,circular,persistent,1,1
9086,237708,241584,16,0,0,fused_streaming,circular,persistent,1,1
9087,242167,246125,16,0,0,fused_streaming,circular,persistent,1,1
9088,236042,239958,16,0,0,fused_streaming,circular,persistent,1,1
9089,276959,281167,16,0,0,fused_streaming,circular,persistent,1,1
9090,232833,236792,16,0,0,fused_streaming,circular,persistent,1,1
9091,234625,238541,16,0,0,fused_streaming,circular,persistent,1,1
9092,234709,238916,16,0,0,fused_streaming,circular,persistent,1,1
9093,244166,248000,16,0,0,fused_streaming,circular,persistent,1,1
9094,251833,255792,16,0,0,fused_streaming,circular,persistent,1,1
9095,253000,256875,16,0,0,fused_streaming,circular,persistent,1,1
9096,255709,259708,16,0,0,fused_streaming,circular,persistent,1,1
9097,291208,295250,16,0,0,fused_streaming,circular,persistent,1,1
9098,236333,240208,16,0,0,fused_streaming,circular,persistent,1,1
9099,278250,282292,16,0,0,fused_streaming,circular,persistent,1,1
9100,245000,248875,16,0,0,fused_streaming,circular,persistent,1,1
9101,236833,240792,16,0,0,fused_streaming,circular,persistent,1,1
9102,245750,249583,16,0,0,fused_streaming,circular,persistent,1,1
9103,236666,240583,16,0,0,fused_streaming,circular,persistent,1,1
9104,239833,243792,16,0,0,fused_streaming,circular,persistent,1,1
9105,245417,249292,16,0,0,fused_streaming,circular,persistent,1,1
9106,248834,252666,16,0,0,fused_streaming,circular,persistent,1,1
9107,289708,293833,16,0,0,fused_streaming,circular,persistent,1,1
9108,241875,245792,16,0,0,fused_streaming,circular,persistent,1,1
9109,237750,241625,16,0,0,fused_streaming,circular,persistent,1,1
9110,241458,245334,16,0,0,fused_streaming,circular,persistent,1,1
9111,234875,238792,16,0,0,fused_streaming,circular,persistent,1,1
9112,234708,238500,16,0,0,fused_streaming,circular,persistent,1,1
9113,232208,236042,16,0,0,fused_streaming,circular,persistent,1,1
9114,244583,248500,16,0,0,fused_streaming,circular,persistent,1,1
9115,239000,242875,16,0,0,fused_streaming,circular,persistent,1,1
9116,236209,240125,16,0,0,fused_streaming,circular,persistent,1,1
9117,240750,244625,16,0,0,fused_streaming,circular,persistent,1,1
9118,250417,254250,16,0,0,fused_streaming,circular,persistent,1,1
9119,253125,257000,16,0,0,fused_streaming,circular,persistent,1,1
9120,239333,243375,16,0,0,fused_streaming,circular,persistent,1,1
9121,232750,236667,16,0,0,fused_streaming,circular,persistent,1,1
9122,244291,248208,16,0,0,fused_streaming,circular,persistent,1,1
9123,240666,244500,16,0,0,fused_streaming,circular,persistent,1,1
9124,240667,244584,16,0,0,fused_streaming,circular,persistent,1,1
9125,242834,246750,16,0,0,fused_streaming,circular,persistent,1,1
9126,244750,248625,16,0,0,fused_streaming,circular,persistent,1,1
9127,240292,244083,16,0,0,fused_streaming,circular,persistent,1,1
9128,241833,245792,16,0,0,fused_streaming,circular,persistent,1,1
9129,247833,251667,16,0,0,fused_streaming,circular,persistent,1,1
9130,250542,254459,16,0,0,fused_streaming,circular,persistent,1,1
9131,249417,253250,16,0,0,fused_streaming,circular,persistent,1,1
9132,241875,245833,16,0,0,fused_streaming,circular,persistent,1,1
9133,229458,233375,16,0,0,fused_streaming,circular,persistent,1,1
9134,273041,277208,16,0,0,fused_streaming,circular,persistent,1,1
9135,243084,247000,16,0,0,fused_streaming,circular,persistent,1,1
9136,280042,284166,16,0,0,fused_streaming,circular,persistent,1,1
9137,235833,239750,16,0,0,fused_streaming,circular,persistent,1,1
9138,294125,298416,16,0,0,fused_streaming,circular,persistent,1,1
9139,242375,246250,16,0,0,fused_streaming,circular,persistent,1,1
9140,240250,244125,16,0,0,fused_streaming,circular,persistent,1,1
9141,249000,252917,16,0,0,fused_streaming,circular,persistent,1,1
9142,289875,293917,16,0,0,fused_streaming,circular,persistent,1,1
9143,245625,249458,16,0,0,fused_streaming,circular,persistent,1,1
9144,231625,235500,16,0,0,fused_streaming,circular,persistent,1,1
9145,237500,241375,16,0,0,fused_streaming,circular,persistent,1,1
9146,235167,239000,16,0,0,fused_streaming,circular,persistent,1,1
9147,241916,245750,16,0,0,fused_streaming,circular,persistent,1,1
9148,237167,241042,16,0,0,fused_streaming,circular,persistent,1,1
9149,240625,244500,16,0,0,fused_streaming,circular,persistent,1,1
9150,229791,233583,16,0,0,fused_streaming,circular,persistent,1,1
9151,233542,237583,16,0,0,fused_streaming,circular,persistent,1,1
9152,245542,249417,16,0,0,fused_streaming,circular,persistent,1,1
9153,248333,252125,16,0,0,fused_streaming,circular,persistent,1,1
9154,252541,256416,16,0,0,fused_streaming,circular,persistent,1,1
9155,239041,242916,16,0,0,fused_streaming,circular,persistent,1,1
9156,232459,236625,16,0,0,fused_streaming,circular,persistent,1,1
9157,243000,246875,16,0,0,fused_streaming,circular,persistent,1,1
9158,241959,245875,16,0,0,fused_streaming,circular,persistent,1,1
9159,250916,254833,16,0,0,fused_streaming,circular,persistent,1,1
9160,237459,241375,16,0,0,fused_streaming,circular,persistent,1,1
9161,231542,235750,16,0,0,fused_streaming,circular,persistent,1,1
9162,234834,238708,16,0,0,fused_streaming,circular,persistent,1,1
9163,241334,245167,16,0,0,fused_streaming,circular,persistent,1,1
9164,250875,254875,16,0,0,fused_streaming,circular,persistent,1,1
9165,251458,255500,16,0,0,fused_streaming,circular,persistent,1,1
9166,244291,248209,16,0,0,fused_streaming,circular,persistent,1,1
9167,240083,244000,16,0,0,fused_streaming,circular,persistent,1,1
9168,233208,237042,16,0,0,fused_streaming,circular,persistent,1,1
9169,242042,246000,16,0,0,fused_streaming,circular,persistent,1,1
9170,239458,243416,16,0,0,fused_streaming,circular,persistent,1,1
9171,230209,234208,16,0,0,fused_streaming,circular,persistent,1,1
9172,233833,237750,16,0,0,fused_streaming,circular,persistent,1,1
9173,279875,284000,16,0,0,fused_streaming,circular,persistent,1,1
9174,228292,232209,16,0,0,fused_streaming,circular,persistent,1,1
9175,234083,237917,16,0,0,fused_streaming,circular,persistent,1,1
9176,248084,251958,16,0,0,fused_streaming,circular,persistent,1,1
9177,247792,251708,16,0,0,fused_streaming,circular,persistent,1,1
9178,249708,253584,16,0,0,fused_streaming,circular,persistent,1,1
9179,289875,293875,16,0,0,fused_streaming,circular,persistent,1,1
9180,248542,252417,16,0,0,fused_streaming,circular,persistent,1,1
9181,245417,249375,16,0,0,fused_streaming,circular,persistent,1,1
9182,233833,237708,16,0,0,fused_streaming,circular,persistent,1,1
9183,277625,281667,16,0,0,fused_streaming,circular,persistent,1,1
9184,245209,249083,16,0,0,fused_streaming,circular,persistent,1,1
9185,280583,284833,16,0,0,fused_streaming,circular,persistent,1,1
9186,234083,238041,16,0,0,fused_streaming,circular,persistent,1,1
9187,298208,302667,16,0,0,fused_streaming,circular,persistent,1,1
9188,247583,251584,16,0,0,fused_streaming,circular,persistent,1,1
9189,246959,250958,16,0,0,fused_streaming,circular,persistent,1,1
9190,243750,247583,16,0,0,fused_streaming,circular,persistent,1,1
9191,235834,239750,16,0,0,fused_streaming,circular,persistent,1,1
9192,237333,241250,16,0,0,fused_streaming,circular,persistent,1,1
9193,237500,241417,16,0,0,fused_streaming,circular,persistent,1,1
9194,235709,239583,16,0,0,fused_streaming,circular,persistent,1,1
9195,226125,229959,16,0,0,fused_streaming,circular,persistent,1,1
9196,236500,240375,16,0,0,fused_streaming,circular,persistent,1,1
9197,234833,238750,16,0,0,fused_streaming,circular,persistent,1,1
9198,241083,245292,16,0,0,fused_streaming,circular,persistent,1,1
9199,247916,251833,16,0,0,fused_streaming,circular,persistent,1,1
9200,251000,254833,16,0,0,fused_streaming,circular,persistent,1,1
9201,255292,259209,16,0,0,fused_streaming,circular,persistent,1,1
9202,252292,256166,16,0,0,fused_streaming,circular,persistent,1,1
9203,238084,241958,16,0,0,fused_streaming,circular,persistent,1,1
9204,242917,246875,16,0,0,fused_streaming,circular,persistent,1,1
9205,238791,242666,16,0,0,fused_streaming,circular,persistent,1,1
9206,242625,246542,16,0,0,fused_streaming,circular,persistent,1,1
9207,242500,246416,16,0,0,fused_streaming,circular,persistent,1,1
9208,247125,251084,16,0,0,fused_streaming,circular,persistent,1,1
9209,236750,240625,16,0,0,fused_streaming,circular,persistent,1,1
9210,241542,245458,16,0,0,fused_streaming,circular,persistent,1,1
9211,248917,252792,16,0,0,fused_streaming,circular,persistent,1,1
9212,251208,255083,16,0,0,fused_streaming,circular,persistent,1,1
9213,248625,252458,16,0,0,fused_streaming,circular,persistent,1,1
9214,241667,245500,16,0,0,fused_streaming,circular,persistent,1,1
9215,232375,236584,16,0,0,fused_streaming,circular,persistent,1,1
9216,232167,236125,16,0,0,fused_streaming,circular,persistent,1,1
9217,228917,232750,16,0,0,fused_streaming,circular,persistent,1,1
9218,270667,274750,16,0,0,fused_streaming,circular,persistent,1,1
9219,243875,247750,16,0,0,fused_streaming,circular,persistent,1,1
9220,276958,281000,16,0,0,fused_streaming,circular,persistent,1,1
9221,243708,247583,16,0,0,fused_streaming,circular,persistent,1,1
9222,247750,251625,16,0,0,fused_streaming,circular,persistent,1,1
9223,237833,241875,16,0,0,fused_streaming,circular,persistent,1,1
9224,33673791,33680834,16,1,0,fused_streaming,circular,persistent,1,1
9225,249417,253333,16,0,0,fused_streaming,circular,persistent,1,1
9226,239250,243166,16,0,0,fused_streaming,circular,persistent,1,1
9227,241542,245458,16,0,0,fused_streaming,circular,persistent,1,1
9228,240500,244417,16,0,0,fused_streaming,circular,persistent,1,1
9229,239750,243750,16,0,0,fused_streaming,circular,persistent,1,1
9230,241875,245750,16,0,0,fused_streaming,circular,persistent,1,1
9231,239000,242917,16,0,0,fused_streaming,circular,persistent,1,1
9232,240292,244292,16,0,0,fused_streaming,circular,persistent,1,1
9233,274916,279083,16,0,0,fused_streaming,circular,persistent,1,1
9234,239792,243709,16,0,0,fused_streaming,circular,persistent,1,1
9235,249375,253292,16,0,0,fused_streaming,circular,persistent,1,1
9236,250917,254791,16,0,0,fused_streaming,circular,persistent,1,1
9237,248625,252667,16,0,0,fused_streaming,circular,persistent,1,1
9238,243584,247458,16,0,0,fused_streaming,circular,persistent,1,1
9239,274375,283000,16,0,0,fused_streaming,circular,persistent,1,1
9240,244667,248583,16,0,0,fused_streaming,circular,persistent,1,1
9241,279625,283875,16,0,0,fused_streaming,circular,persistent,1,1
9242,239584,243500,16,0,0,fused_streaming,circular,persistent,1,1
9243,285500,289625,16,0,0,fused_streaming,circular,persistent,1,1
9244,234541,238375,16,0,0,fused_streaming,circular,persistent,1,1
9245,230708,234625,16,0,0,fused_streaming,circular,persistent,1,1
9246,248084,251958,16,0,0,fused_streaming,circular,persistent,1,1
9247,250458,254417,16,0,0,fused_streaming,circular,persistent,1,1
9248,250333,254209,16,0,0,fused_streaming,circular,persistent,1,1
9249,280167,284292,16,0,0,fused_streaming,circular,persistent,1,1
9250,239834,243958,16,0,0,fused_streaming,circular,persistent,1,1
9251,237458,241333,16,0,0,fused_streaming,circular,persistent,1,1
9252,239042,242917,16,0,0,fused_streaming,circular,persistent,1,1
9253,237542,241500,16,0,0,fused_streaming,circular,persistent,1,1
9254,239334,243250,16,0,0,fused_streaming,circular,persistent,1,1
9255,239500,243416,16,0,0,fused_streaming,circular,persistent,1,1
9256,229208,233083,16,0,0,fused_streaming,circular,persistent,1,1
9257,230041,233958,16,0,0,fused_streaming,circular,persistent,1,1
9258,244417,248333,16,0,0,fused_streaming,circular,persistent,1,1
9259,243667,247542,16,0,0,fused_streaming,circular,persistent,1,1
9260,244000,247833,16,0,0,fused_streaming,circular,persistent,1,1
9261,233625,237459,16,0,0,fused_streaming,circular,persistent,1,1
9262,233833,237709,16,0,0,fused_streaming,circular,persistent,1,1
9263,245208,249083,16,0,0,fused_streaming,circular,persistent,1,1
9264,247584,251458,16,0,0,fused_streaming,circular,persistent,1,1
9265,239750,243584,16,0,0,fused_streaming,circular,persistent,1,1
9266,238334,242208,16,0,0,fused_streaming,circular,persistent,1,1
9267,243167,247125,16,0,0,fused_streaming,circular,persistent,1,1
9268,273500,277584,16,0,0,fused_streaming,circular,persistent,1,1
9269,240500,244458,16,0,0,fused_streaming,circular,persistent,1,1
9270,295791,299792,16,0,0,fused_streaming,circular,persistent,1,1
9271,245125,248958,16,0,0,fused_streaming,circular,persistent,1,1
9272,247542,251500,16,0,0,fused_streaming,circular,persistent,1,1
9273,243250,247125,16,0,0,fused_streaming,circular,persistent,1,1
9274,281667,285750,16,0,0,fused_streaming,circular,persistent,1,1
9275,238042,241916,16,0,0,fused_streaming,circular,persistent,1,1
9276,238042,241875,16,0,0,fused_streaming,circular,persistent,1,1
9277,236084,239916,16,0,0,fused_streaming,circular,persistent,1,1
9278,241542,245417,16,0,0,fused_streaming,circular,persistent,1,1
9279,222250,226166,16,0,0,fused_streaming,circular,persistent,1,1
9280,223084,227000,16,0,0,fused_streaming,circular,persistent,1,1
9281,243500,247417,16,0,0,fused_streaming,circular,persistent,1,1
9282,248875,252750,16,0,0,fused_streaming,circular,persistent,1,1
9283,251041,254875,16,0,0,fused_streaming,circular,persistent,1,1
9284,254959,258792,16,0,0,fused_streaming,circular,persistent,1,1
9285,251541,255416,16,0,0,fused_streaming,circular,persistent,1,1
9286,239625,243500,16,0,0,fused_streaming,circular,persistent,1,1
9287,237041,241042,16,0,0,fused_streaming,circular,persistent,1,1
9288,236958,240792,16,0,0,fused_streaming,circular,persistent,1,1
9289,240041,243917,16,0,0,fused_streaming,circular,persistent,1,1
9290,245000,248917,16,0,0,fused_streaming,circular,persistent,1,1
9291,234375,238209,16,0,0,fused_streaming,circular,persistent,1,1
9292,239625,243459,16,0,0,fused_streaming,circular,persistent,1,1
9293,242125,246000,16,0,0,fused_streaming,circular,persistent,1,1
9294,245000,248917,16,0,0,fused_streaming,circular,persistent,1,1
9295,249000,253041,16,0,0,fused_streaming,circular,persistent,1,1
9296,246417,250291,16,0,0,fused_streaming,circular,persistent,1,1
9297,236459,240375,16,0,0,fused_streaming,circular,persistent,1,1
9298,231917,235750,16,0,0,fused_streaming,circular,persistent,1,1
9299,274417,278417,16,0,0,fused_streaming,circular,persistent,1,1
9300,225125,228958,16,0,0,fused_streaming,circular,persistent,1,1
9301,228333,232209,16,0,0,fused_streaming,circular,persistent,1,1
9302,240417,244291,16,0,0,fused_streaming,circular,persistent,1,1
9303,239208,243167,16,0,0,fused_streaming,circular,persistent,1,1
9304,230166,234333,16,0,0,fused_streaming,circular,persistent,1,1
9305,232334,236250,16,0,0,fused_streaming,circular,persistent,1,1
9306,251292,255125,16,0,0,fused_streaming,circular,persistent,1,1
9307,251542,255375,16,0,0,fused_streaming,circular,persistent,1,1
9308,245750,249625,16,0,0,fused_streaming,circular,persistent,1,1
9309,234792,238625,16,0,0,fused_streaming,circular,persistent,1,1
9310,238291,242166,16,0,0,fused_streaming,circular,persistent,1,1
9311,239250,243167,16,0,0,fused_streaming,circular,persistent,1,1
9312,240833,244834,16,0,0,fused_streaming,circular,persistent,1,1
9313,241084,245000,16,0,0,fused_streaming,circular,persistent,1,1
9314,242208,246084,16,0,0,fused_streaming,circular,persistent,1,1
9315,236083,239917,16,0,0,fused_streaming,circular,persistent,1,1
9316,241875,245708,16,0,0,fused_streaming,circular,persistent,1,1
9317,250333,254125,16,0,0,fused_streaming,circular,persistent,1,1
9318,249959,253875,16,0,0,fused_streaming,circular,persistent,1,1
9319,247500,251625,16,0,0,fused_streaming,circular,persistent,1,1
9320,242834,247083,16,0,0,fused_streaming,circular,persistent,1,1
9321,232333,236125,16,0,0,fused_streaming,circular,persistent,1,1
9322,266292,270459,16,0,0,fused_streaming,circular,persistent,1,1
9323,235083,239250,16,0,0,fused_streaming,circular,persistent,1,1
9324,241667,245500,16,0,0,fused_streaming,circular,persistent,1,1
9325,240167,243959,16,0,0,fused_streaming,circular,persistent,1,1
9326,239208,243000,16,0,0,fused_streaming,circular,persistent,1,1
9327,246125,249958,16,0,0,fused_streaming,circular,persistent,1,1
9328,236417,240250,16,0,0,fused_streaming,circular,persistent,1,1
9329,246958,250833,16,0,0,fused_streaming,circular,persistent,1,1
9330,247375,251292,16,0,0,fused_streaming,circular,persistent,1,1
9331,239875,243709,16,0,0,fused_streaming,circular,persistent,1,1
9332,237250,241166,16,0,0,fused_streaming,circular,persistent,1,1
9333,236000,239916,16,0,0,fused_streaming,circular,persistent,1,1
9334,242166,246083,16,0,0,fused_streaming,circular,persistent,1,1
9335,237500,241375,16,0,0,fused_streaming,circular,persistent,1,1
9336,240166,244083,16,0,0,fused_streaming,circular,persistent,1,1
9337,240209,244125,16,0,0,fused_streaming,circular,persistent,1,1
9338,228875,232833,16,0,0,fused_streaming,circular,persistent,1,1
9339,231750,235625,16,0,0,fused_streaming,circular,persistent,1,1
9340,248292,252166,16,0,0,fused_streaming,circular,persistent,1,1
9341,250708,254583,16,0,0,fused_streaming,circular,persistent,1,1
9342,250167,254083,16,0,0,fused_streaming,circular,persistent,1,1
9343,246000,249917,16,0,0,fused_streaming,circular,persistent,1,1
9344,228459,232333,16,0,0,fused_streaming,circular,persistent,1,1
9345,240833,244709,16,0,0,fused_streaming,circular,persistent,1,1
9346,237792,241667,16,0,0,fused_streaming,circular,persistent,1,1
9347,248542,252500,16,0,0,fused_streaming,circular,persistent,1,1
9348,242250,246167,16,0,0,fused_streaming,circular,persistent,1,1
9349,237167,241167,16,0,0,fused_streaming,circular,persistent,1,1
9350,231584,235500,16,0,0,fused_streaming,circular,persistent,1,1
9351,241666,245625,16,0,0,fused_streaming,circular,persistent,1,1
9352,252833,256625,16,0,0,fused_streaming,circular,persistent,1,1
9353,247625,251542,16,0,0,fused_streaming,circular,persistent,1,1
9354,239458,243375,16,0,0,fused_streaming,circular,persistent,1,1
9355,262625,266625,16,0,0,fused_streaming,circular,persistent,1,1
9356,225250,229125,16,0,0,fused_streaming,circular,persistent,1,1
9357,228792,232708,16,0,0,fused_streaming,circular,persistent,1,1
9358,245083,248917,16,0,0,fused_streaming,circular,persistent,1,1
9359,236541,240417,16,0,0,fused_streaming,circular,persistent,1,1
9360,236959,240791,16,0,0,fused_streaming,circular,persistent,1,1
9361,237750,241667,16,0,0,fused_streaming,circular,persistent,1,1
9362,232583,236500,16,0,0,fused_streaming,circular,persistent,1,1
9363,240875,244750,16,0,0,fused_streaming,circular,persistent,1,1
9364,248917,252875,16,0,0,fused_streaming,circular,persistent,1,1
9365,239584,243583,16,0,0,fused_streaming,circular,persistent,1,1
9366,245000,248958,16,0,0,fused_streaming,circular,persistent,1,1
9367,236792,240709,16,0,0,fused_streaming,circular,persistent,1,1
9368,250625,254500,16,0,0,fused_streaming,circular,persistent,1,1
9369,244167,248125,16,0,0,fused_streaming,circular,persistent,1,1
9370,238209,242083,16,0,0,fused_streaming,circular,persistent,1,1
9371,225958,229833,16,0,0,fused_streaming,circular,persistent,1,1
9372,245125,249208,16,0,0,fused_streaming,circular,persistent,1,1
9373,241000,244875,16,0,0,fused_streaming,circular,persistent,1,1
9374,281916,286000,16,0,0,fused_streaming,circular,persistent,1,1
9375,245833,249792,16,0,0,fused_streaming,circular,persistent,1,1
9376,244833,248792,16,0,0,fused_streaming,circular,persistent,1,1
9377,244625,248583,16,0,0,fused_streaming,circular,persistent,1,1
9378,240125,244083,16,0,0,fused_streaming,circular,persistent,1,1
9379,228750,232667,16,0,0,fused_streaming,circular,persistent,1,1
9380,232083,235958,16,0,0,fused_streaming,circular,persistent,1,1
9381,236750,240709,16,0,0,fused_streaming,circular,persistent,1,1
9382,228958,232834,16,0,0,fused_streaming,circular,persistent,1,1
9383,229833,234041,16,0,0,fused_streaming,circular,persistent,1,1
9384,229875,233791,16,0,0,fused_streaming,circular,persistent,1,1
9385,223542,227417,16,0,0,fused_streaming,circular,persistent,1,1
9386,237291,241583,16,0,0,fused_streaming,circular,persistent,1,1
9387,264042,268167,16,0,0,fused_streaming,circular,persistent,1,1
9388,253084,257292,16,0,0,fused_streaming,circular,persistent,1,1
9389,255166,259083,16,0,0,fused_streaming,circular,persistent,1,1
9390,249292,253166,16,0,0,fused_streaming,circular,persistent,1,1
9391,237667,241500,16,0,0,fused_streaming,circular,persistent,1,1
9392,226208,230083,16,0,0,fused_streaming,circular,persistent,1,1
9393,241250,245208,16,0,0,fused_streaming,circular,persistent,1,1
9394,239625,243542,16,0,0,fused_streaming,circular,persistent,1,1
9395,239042,242875,16,0,0,fused_streaming,circular,persistent,1,1
9396,244750,248667,16,0,0,fused_streaming,circular,persistent,1,1
9397,240792,244625,16,0,0,fused_streaming,circular,persistent,1,1
9398,245542,249500,16,0,0,fused_streaming,circular,persistent,1,1
9399,250292,254209,16,0,0,fused_streaming,circular,persistent,1,1
9400,236666,240584,16,0,0,fused_streaming,circular,persistent,1,1
9401,248292,252208,16,0,0,fused_streaming,circular,persistent,1,1
9402,236917,241000,16,0,0,fused_streaming,circular,persistent,1,1
9403,230125,234000,16,0,0,fused_streaming,circular,persistent,1,1
9404,227750,231667,16,0,0,fused_streaming,circular,persistent,1,1
9405,219375,223334,16,0,0,fused_streaming,circular,persistent,1,1
9406,232542,236417,16,0,0,fused_streaming,circular,persistent,1,1
9407,237417,241458,16,0,0,fused_streaming,circular,persistent,1,1
9408,244625,248542,16,0,0,fused_streaming,circular,persistent,1,1
9409,237334,241375,16,0,0,fused_streaming,circular,persistent,1,1
9410,239542,243458,16,0,0,fused_streaming,circular,persistent,1,1
9411,248500,252500,16,0,0,fused_streaming,circular,persistent,1,1
9412,244416,248417,16,0,0,fused_streaming,circular,persistent,1,1
9413,245417,249292,16,0,0,fused_streaming,circular,persistent,1,1
9414,231917,235791,16,0,0,fused_streaming,circular,persistent,1,1
9415,227167,231166,16,0,0,fused_streaming,circular,persistent,1,1
9416,242041,246000,16,0,0,fused_streaming,circular,persistent,1,1
9417,239917,243833,16,0,0,fused_streaming,circular,persistent,1,1
9418,238583,242500,16,0,0,fused_streaming,circular,persistent,1,1
9419,234083,238000,16,0,0,fused_streaming,circular,persistent,1,1
9420,233542,237500,16,0,0,fused_streaming,circular,persistent,1,1
9421,232667,236541,16,0,0,fused_streaming,circular,persistent,1,1
9422,255667,259542,16,0,0,fused_streaming,circular,persistent,1,1
9423,244500,248417,16,0,0,fused_streaming,circular,persistent,1,1
9424,242042,246084,16,0,0,fused_streaming,circular,persistent,1,1
9425,243875,247833,16,0,0,fused_streaming,circular,persistent,1,1
9426,234000,237875,16,0,0,fused_streaming,circular,persistent,1,1
9427,227875,231791,16,0,0,fused_streaming,circular,persistent,1,1
9428,239959,243917,16,0,0,fused_streaming,circular,persistent,1,1
9429,238333,242125,16,0,0,fused_streaming,circular,persistent,1,1
9430,240083,243959,16,0,0,fused_streaming,circular,persistent,1,1
9431,243250,247125,16,0,0,fused_streaming,circular,persistent,1,1
9432,245417,249291,16,0,0,fused_streaming,circular,persistent,1,1
9433,241166,245042,16,0,0,fused_streaming,circular,persistent,1,1
9434,249208,253083,16,0,0,fused_streaming,circular,persistent,1,1
9435,239084,242958,16,0,0,fused_streaming,circular,persistent,1,1
9436,242834,246792,16,0,0,fused_streaming,circular,persistent,1,1
9437,261542,265541,16,0,0,fused_streaming,circular,persistent,1,1
9438,227833,231792,16,0,0,fused_streaming,circular,persistent,1,1
9439,234000,237875,16,0,0,fused_streaming,circular,persistent,1,1
9440,232792,236708,16,0,0,fused_streaming,circular,persistent,1,1
9441,231667,235792,16,0,0,fused_streaming,circular,persistent,1,1
9442,243500,247375,16,0,0,fused_streaming,circular,persistent,1,1
9443,234875,238750,16,0,0,fused_streaming,circular,persistent,1,1
9444,233958,238042,16,0,0,fused_streaming,circular,persistent,1,1
9445,243417,247750,16,0,0,fused_streaming,circular,persistent,1,1
9446,248709,252583,16,0,0,fused_streaming,circular,persistent,1,1
9447,246083,249917,16,0,0,fused_streaming,circular,persistent,1,1
9448,242834,246584,16,0,0,fused_streaming,circular,persistent,1,1
9449,237000,240833,16,0,0,fused_streaming,circular,persistent,1,1
9450,230542,234334,16,0,0,fused_streaming,circular,persistent,1,1
9451,232666,236500,16,0,0,fused_streaming,circular,persistent,1,1
9452,246458,250292,16,0,0,fused_streaming,circular,persistent,1,1
9453,239209,243125,16,0,0,fused_streaming,circular,persistent,1,1
9454,230375,234250,16,0,0,fused_streaming,circular,persistent,1,1
9455,232917,236833,16,0,0,fused_streaming,circular,persistent,1,1
9456,236292,240209,16,0,0,fused_streaming,circular,persistent,1,1
9457,248167,252000,16,0,0,fused_streaming,circular,persistent,1,1
9458,243667,247500,16,0,0,fused_streaming,circular,persistent,1,1
9459,235084,239500,16,0,0,fused_streaming,circular,persistent,1,1
9460,242000,246000,16,0,0,fused_streaming,circular,persistent,1,1
9461,267375,271375,16,0,0,fused_streaming,circular,persistent,1,1
9462,228375,232208,16,0,0,fused_streaming,circular,persistent,1,1
9463,240792,244708,16,0,0,fused_streaming,circular,persistent,1,1
9464,236958,240875,16,0,0,fused_streaming,circular,persistent,1,1
9465,235708,239583,16,0,0,fused_streaming,circular,persistent,1,1
9466,239416,243375,16,0,0,fused_streaming,circular,persistent,1,1
9467,226916,235333,16,0,0,fused_streaming,circular,persistent,1,1
9468,238708,242625,16,0,0,fused_streaming,circular,persistent,1,1
9469,247250,251250,16,0,0,fused_streaming,circular,persistent,1,1
9470,235917,239833,16,0,0,fused_streaming,circular,persistent,1,1
9471,244792,248667,16,0,0,fused_streaming,circular,persistent,1,1
9472,249833,253709,16,0,0,fused_streaming,circular,persistent,1,1
9473,250292,254166,16,0,0,fused_streaming,circular,persistent,1,1
9474,240083,243875,16,0,0,fused_streaming,circular,persistent,1,1
9475,227375,231250,16,0,0,fused_streaming,circular,persistent,1,1
9476,277917,282166,16,0,0,fused_streaming,circular,persistent,1,1
9477,235750,239667,16,0,0,fused_streaming,circular,persistent,1,1
9478,241459,245416,16,0,0,fused_streaming,circular,persistent,1,1
9479,240083,244041,16,0,0,fused_streaming,circular,persistent,1,1
9480,250250,254083,16,0,0,fused_streaming,circular,persistent,1,1
9481,249167,253000,16,0,0,fused_streaming,circular,persistent,1,1
9482,278291,282708,16,0,0,fused_streaming,circular,persistent,1,1
9483,246292,250125,16,0,0,fused_streaming,circular,persistent,1,1
9484,235375,239208,16,0,0,fused_streaming,circular,persistent,1,1
9485,221667,225500,16,0,0,fused_streaming,circular,persistent,1,1
9486,227042,230916,16,0,0,fused_streaming,circular,persistent,1,1
9487,232916,236791,16,0,0,fused_streaming,circular,persistent,1,1
9488,231959,235791,16,0,0,fused_streaming,circular,persistent,1,1
9489,274334,278625,16,0,0,fused_streaming,circular,persistent,1,1
9490,227583,231792,16,0,0,fused_streaming,circular,persistent,1,1
9491,240625,244500,16,0,0,fused_streaming,circular,persistent,1,1
9492,251000,255000,16,0,0,fused_streaming,circular,persistent,1,1
9493,295750,299875,16,0,0,fused_streaming,circular,persistent,1,1
9494,250833,254708,16,0,0,fused_streaming,circular,persistent,1,1
9495,255000,258917,16,0,0,fused_streaming,circular,persistent,1,1
9496,236791,241042,16,0,0,fused_streaming,circular,persistent,1,1
9497,282375,286459,16,0,0,fused_streaming,circular,persistent,1,1
9498,235334,239291,16,0,0,fused_streaming,circular,persistent,1,1
9499,231875,240250,16,0,0,fused_streaming,circular,persistent,1,1
9500,233167,237041,16,0,0,fused_streaming,circular,persistent,1,1
9501,242208,246125,16,0,0,fused_streaming,circular,persistent,1,1
9502,237959,241916,16,0,0,fused_streaming,circular,persistent,1,1
9503,243083,247084,16,0,0,fused_streaming,circular,persistent,1,1
9504,245583,249417,16,0,0,fused_streaming,circular,persistent,1,1
9505,240625,244500,16,0,0,fused_streaming,circular,persistent,1,1
9506,240083,243959,16,0,0,fused_streaming,circular,persistent,1,1
9507,241542,245458,16,0,0,fused_streaming,circular,persistent,1,1
9508,222875,226708,16,0,0,fused_streaming,circular,persistent,1,1
9509,217834,221750,16,0,0,fused_streaming,circular,persistent,1,1
9510,261625,265750,16,0,0,fused_streaming,circular,persistent,1,1
9511,233542,237417,16,0,0,fused_streaming,circular,persistent,1,1
9512,239917,243791,16,0,0,fused_streaming,circular,persistent,1,1
9513,243834,247791,16,0,0,fused_streaming,circular,persistent,1,1
9514,238667,242541,16,0,0,fused_streaming,circular,persistent,1,1
9515,240459,244291,16,0,0,fused_streaming,circular,persistent,1,1
9516,237959,241958,16,0,0,fused_streaming,circular,persistent,1,1
9517,239750,243750,16,0,0,fused_streaming,circular,persistent,1,1
9518,243375,247250,16,0,0,fused_streaming,circular,persistent,1,1
9519,239042,243000,16,0,0,fused_streaming,circular,persistent,1,1
9520,225375,229250,16,0,0,fused_streaming,circular,persistent,1,1
9521,235250,239166,16,0,0,fused_streaming,circular,persistent,1,1
9522,241209,245209,16,0,0,fused_streaming,circular,persistent,1,1
9523,234084,237916,16,0,0,fused_streaming,circular,persistent,1,1
9524,238292,242250,16,0,0,fused_streaming,circular,persistent,1,1
9525,278625,283000,16,0,0,fused_streaming,circular,persistent,1,1
9526,237792,241792,16,0,0,fused_streaming,circular,persistent,1,1
9527,285125,289167,16,0,0,fused_streaming,circular,persistent,1,1
9528,245166,249042,16,0,0,fused_streaming,circular,persistent,1,1
9529,280250,284292,16,0,0,fused_streaming,circular,persistent,1,1
9530,248417,252291,16,0,0,fused_streaming,circular,persistent,1,1
9531,278458,283000,16,0,0,fused_streaming,circular,persistent,1,1
9532,232583,236459,16,0,0,fused_streaming,circular,persistent,1,1
9533,240208,244083,16,0,0,fused_streaming,circular,persistent,1,1
9534,238292,242208,16,0,0,fused_streaming,circular,persistent,1,1
9535,230000,234166,16,0,0,fused_streaming,circular,persistent,1,1
9536,246125,250000,16,0,0,fused_streaming,circular,persistent,1,1
9537,244042,248125,16,0,0,fused_streaming,circular,persistent,1,1
9538,235000,238917,16,0,0,fused_streaming,circular,persistent,1,1
9539,246542,250459,16,0,0,fused_streaming,circular,persistent,1,1
9540,243875,247791,16,0,0,fused_streaming,circular,persistent,1,1
9541,243166,247042,16,0,0,fused_streaming,circular,persistent,1,1
9542,237541,241458,16,0,0,fused_streaming,circular,persistent,1,1
9543,228833,232750,16,0,0,fused_streaming,circular,persistent,1,1
9544,233541,237500,16,0,0,fused_streaming,circular,persistent,1,1
9545,237500,241416,16,0,0,fused_streaming,circular,persistent,1,1
9546,277541,281584,16,0,0,fused_streaming,circular,persistent,1,1
9547,239666,243583,16,0,0,fused_streaming,circular,persistent,1,1
9548,237125,241042,16,0,0,fused_streaming,circular,persistent,1,1
9549,234000,242208,16,0,0,fused_streaming,circular,persistent,1,1
9550,235916,239750,16,0,0,fused_streaming,circular,persistent,1,1
9551,247000,250917,16,0,0,fused_streaming,circular,persistent,1,1
9552,242167,246041,16,0,0,fused_streaming,circular,persistent,1,1
9553,241250,245166,16,0,0,fused_streaming,circular,persistent,1,1
9554,240916,244792,16,0,0,fused_streaming,circular,persistent,1,1
9555,218666,222542,16,0,0,fused_streaming,circular,persistent,1,1
9556,236125,240042,16,0,0,fused_streaming,circular,persistent,1,1
9557,244458,248417,16,0,0,fused_streaming,circular,persistent,1,1
9558,244208,248125,16,0,0,fused_streaming,circular,persistent,1,1
9559,225542,229416,16,0,0,fused_streaming,circular,persistent,1,1
9560,228291,232209,16,0,0,fused_streaming,circular,persistent,1,1
9561,240584,244542,16,0,0,fused_streaming,circular,persistent,1,1
9562,245917,249833,16,0,0,fused_streaming,circular,persistent,1,1
9563,248084,251916,16,0,0,fused_streaming,circular,persistent,1,1
9564,242000,246000,16,0,0,fused_streaming,circular,persistent,1,1
9565,242834,246791,16,0,0,fused_streaming,circular,persistent,1,1
9566,230041,233875,16,0,0,fused_streaming,circular,persistent,1,1
9567,224625,228541,16,0,0,fused_streaming,circular,persistent,1,1
9568,228959,232791,16,0,0,fused_streaming,circular,persistent,1,1
9569,229833,233667,16,0,0,fused_streaming,circular,persistent,1,1
9570,233583,237542,16,0,0,fused_streaming,circular,persistent,1,1
9571,276250,280542,16,0,0,fused_streaming,circular,persistent,1,1
9572,234084,238000,16,0,0,fused_streaming,circular,persistent,1,1
9573,228792,232584,16,0,0,fused_streaming,circular,persistent,1,1
9574,246250,250208,16,0,0,fused_streaming,circular,persistent,1,1
9575,247750,251708,16,0,0,fused_streaming,circular,persistent,1,1
9576,243000,246875,16,0,0,fused_streaming,circular,persistent,1,1
9577,249542,253458,16,0,0,fused_streaming,circular,persistent,1,1
9578,252500,256375,16,0,0,fused_streaming,circular,persistent,1,1
9579,246167,250084,16,0,0,fused_streaming,circular,persistent,1,1
9580,234583,238458,16,0,0,fused_streaming,circular,persistent,1,1
9581,223000,226917,16,0,0,fused_streaming,circular,persistent,1,1
9582,239125,243000,16,0,0,fused_streaming,circular,persistent,1,1
9583,239292,243209,16,0,0,fused_streaming,circular,persistent,1,1
9584,243709,247750,16,0,0,fused_streaming,circular,persistent,1,1
9585,238834,247542,16,0,0,fused_streaming,circular,persistent,1,1
9586,246041,250042,16,0,0,fused_streaming,circular,persistent,1,1
9587,243792,247625,16,0,0,fused_streaming,circular,persistent,1,1
9588,237958,241875,16,0,0,fused_streaming,circular,persistent,1,1
9589,237083,241000,16,0,0,fused_streaming,circular,persistent,1,1
9590,228458,232459,16,0,0,fused_streaming,circular,persistent,1,1
9591,220833,225000,16,0,0,fused_streaming,circular,persistent,1,1
9592,231833,235750,16,0,0,fused_streaming,circular,persistent,1,1
9593,227459,231375,16,0,0,fused_streaming,circular,persistent,1,1
9594,224250,228208,16,0,0,fused_streaming,circular,persistent,1,1
9595,231917,235833,16,0,0,fused_streaming,circular,persistent,1,1
9596,242625,246500,16,0,0,fused_streaming,circular,persistent,1,1
9597,244625,248667,16,0,0,fused_streaming,circular,persistent,1,1
9598,243792,247625,16,0,0,fused_streaming,circular,persistent,1,1
9599,242417,246583,16,0,0,fused_streaming,circular,persistent,1,1
9600,253458,257291,16,0,0,fused_streaming,circular,persistent,1,1
9601,243750,247708,16,0,0,fused_streaming,circular,persistent,1,1
9602,235084,238958,16,0,0,fused_streaming,circular,persistent,1,1
9603,234083,238042,16,0,0,fused_streaming,circular,persistent,1,1
9604,231958,235792,16,0,0,fused_streaming,circular,persistent,1,1
9605,229416,233292,16,0,0,fused_streaming,circular,persistent,1,1
9606,243666,247583,16,0,0,fused_streaming,circular,persistent,1,1
9607,235833,240167,16,0,0,fused_streaming,circular,persistent,1,1
9608,237584,241334,16,0,0,fused_streaming,circular,persistent,1,1
9609,247292,251250,16,0,0,fused_streaming,circular,persistent,1,1
9610,247291,251167,16,0,0,fused_streaming,circular,persistent,1,1
9611,241375,245250,16,0,0,fused_streaming,circular,persistent,1,1
9612,246834,250750,16,0,0,fused_streaming,circular,persistent,1,1
9613,276625,280625,16,0,0,fused_streaming,circular,persistent,1,1
9614,229375,233250,16,0,0,fused_streaming,circular,persistent,1,1
9615,222542,226375,16,0,0,fused_streaming,circular,persistent,1,1
9616,226083,229959,16,0,0,fused_streaming,circular,persistent,1,1
9617,235708,239583,16,0,0,fused_streaming,circular,persistent,1,1
9618,245083,248959,16,0,0,fused_streaming,circular,persistent,1,1
9619,238208,242125,16,0,0,fused_streaming,circular,persistent,1,1
9620,247333,251334,16,0,0,fused_streaming,circular,persistent,1,1
9621,228958,232834,16,0,0,fused_streaming,circular,persistent,1,1
9622,225750,229583,16,0,0,fused_streaming,circular,persistent,1,1
9623,240667,244500,16,0,0,fused_streaming,circular,persistent,1,1
9624,242875,246833,16,0,0,fused_streaming,circular,persistent,1,1
9625,232917,236750,16,0,0,fused_streaming,circular,persistent,1,1
9626,223708,227667,16,0,0,fused_streaming,circular,persistent,1,1
9627,235500,239333,16,0,0,fused_streaming,circular,persistent,1,1
9628,231708,235625,16,0,0,fused_streaming,circular,persistent,1,1
9629,275000,279125,16,0,0,fused_streaming,circular,persistent,1,1
9630,234834,238750,16,0,0,fused_streaming,circular,persistent,1,1
9631,280625,284834,16,0,0,fused_streaming,circular,persistent,1,1
9632,240791,244625,16,0,0,fused_streaming,circular,persistent,1,1
9633,285958,290084,16,0,0,fused_streaming,circular,persistent,1,1
9634,238042,241917,16,0,0,fused_streaming,circular,persistent,1,1
9635,243917,247792,16,0,0,fused_streaming,circular,persistent,1,1
9636,239416,243250,16,0,0,fused_streaming,circular,persistent,1,1
9637,229125,233000,16,0,0,fused_streaming,circular,persistent,1,1
9638,229250,233125,16,0,0,fused_streaming,circular,persistent,1,1
9639,243958,247791,16,0,0,fused_streaming,circular,persistent,1,1
9640,236875,240750,16,0,0,fused_streaming,circular,persistent,1,1
9641,241000,244875,16,0,0,fused_streaming,circular,persistent,1,1
9642,243458,247333,16,0,0,fused_streaming,circular,persistent,1,1
9643,237167,241041,16,0,0,fused_streaming,circular,persistent,1,1
9644,240000,243875,16,0,0,fused_streaming,circular,persistent,1,1
9645,247500,251375,16,0,0,fused_streaming,circular,persistent,1,1
9646,243208,247125,16,0,0,fused_streaming,circular,persistent,1,1
9647,237125,241250,16,0,0,fused_streaming,circular,persistent,1,1
9648,230084,233958,16,0,0,fused_streaming,circular,persistent,1,1
9649,217542,221416,16,0,0,fused_streaming,circular,persistent,1,1
9650,233291,237125,16,0,0,fused_streaming,circular,persistent,1,1
9651,238958,242750,16,0,0,fused_streaming,circular,persistent,1,1
9652,238792,242625,16,0,0,fused_streaming,circular,persistent,1,1
9653,236000,239917,16,0,0,fused_streaming,circular,persistent,1,1
9654,241125,245041,16,0,0,fused_streaming,circular,persistent,1,1
9655,240709,244583,16,0,0,fused_streaming,circular,persistent,1,1
9656,237250,241167,16,0,0,fused_streaming,circular,persistent,1,1
9657,244458,248417,16,0,0,fused_streaming,circular,persistent,1,1
9658,234875,238833,16,0,0,fused_streaming,circular,persistent,1,1
9659,242083,246000,16,0,0,fused_streaming,circular,persistent,1,1
9660,234208,238084,16,0,0,fused_streaming,circular,persistent,1,1
9661,239583,243584,16,0,0,fused_streaming,circular,persistent,1,1
9662,238500,242458,16,0,0,fused_streaming,circular,persistent,1,1
9663,247584,251500,16,0,0,fused_streaming,circular,persistent,1,1
9664,234125,238000,16,0,0,fused_streaming,circular,persistent,1,1
9665,226166,230167,16,0,0,fused_streaming,circular,persistent,1,1
9666,241917,245917,16,0,0,fused_streaming,circular,persistent,1,1
9667,240417,244292,16,0,0,fused_streaming,circular,persistent,1,1
9668,248042,252042,16,0,0,fused_streaming,circular,persistent,1,1
9669,244250,248125,16,0,0,fused_streaming,circular,persistent,1,1
9670,235708,239625,16,0,0,fused_streaming,circular,persistent,1,1
9671,240833,244750,16,0,0,fused_streaming,circular,persistent,1,1
9672,232375,236250,16,0,0,fused_streaming,circular,persistent,1,1
9673,228292,232167,16,0,0,fused_streaming,circular,persistent,1,1
9674,230917,234792,16,0,0,fused_streaming,circular,persistent,1,1
9675,228916,232750,16,0,0,fused_streaming,circular,persistent,1,1
9676,234250,238541,16,0,0,fused_streaming,circular,persistent,1,1
9677,231583,235792,16,0,0,fused_streaming,circular,persistent,1,1
9678,230875,234833,16,0,0,fused_streaming,circular,persistent,1,1
9679,234542,238459,16,0,0,fused_streaming,circular,persistent,1,1
9680,246375,250292,16,0,0,fused_streaming,circular,persistent,1,1
9681,245333,249208,16,0,0,fused_streaming,circular,persistent,1,1
9682,248459,252333,16,0,0,fused_streaming,circular,persistent,1,1
9683,252208,256084,16,0,0,fused_streaming,circular,persistent,1,1
9684,287833,292084,16,0,0,fused_streaming,circular,persistent,1,1
9685,232417,236333,16,0,0,fused_streaming,circular,persistent,1,1
9686,230375,234333,16,0,0,fused_streaming,circular,persistent,1,1
9687,234875,238750,16,0,0,fused_streaming,circular,persistent,1,1
9688,239417,243291,16,0,0,fused_streaming,circular,persistent,1,1
9689,239416,243375,16,0,0,fused_streaming,circular,persistent,1,1
9690,241542,245458,16,0,0,fused_streaming,circular,persistent,1,1
9691,244167,248084,16,0,0,fused_streaming,circular,persistent,1,1
9692,247709,251667,16,0,0,fused_streaming,circular,persistent,1,1
9693,236750,240625,16,0,0,fused_streaming,circular,persistent,1,1
9694,244583,248500,16,0,0,fused_streaming,circular,persistent,1,1
9695,237792,241750,16,0,0,fused_streaming,circular,persistent,1,1
9696,222292,226083,16,0,0,fused_streaming,circular,persistent,1,1
9697,229084,233000,16,0,0,fused_streaming,circular,persistent,1,1
9698,229291,233167,16,0,0,fused_streaming,circular,persistent,1,1
9699,226583,230458,16,0,0,fused_streaming,circular,persistent,1,1
9700,235416,239292,16,0,0,fused_streaming,circular,persistent,1,1
9701,239167,243125,16,0,0,fused_streaming,circular,persistent,1,1
9702,235417,239541,16,0,0,fused_streaming,circular,persistent,1,1
9703,237584,241583,16,0,0,fused_streaming,circular,persistent,1,1
9704,241125,244958,16,0,0,fused_streaming,circular,persistent,1,1
9705,251208,255125,16,0,0,fused_streaming,circular,persistent,1,1
9706,248292,252167,16,0,0,fused_streaming,circular,persistent,1,1
9707,236959,240875,16,0,0,fused_streaming,circular,persistent,1,1
9708,222208,226042,16,0,0,fused_streaming,circular,persistent,1,1
9709,232875,236750,16,0,0,fused_streaming,circular,persistent,1,1
9710,270792,274958,16,0,0,fused_streaming,circular,persistent,1,1
9711,242583,246458,16,0,0,fused_streaming,circular,persistent,1,1
9712,235542,239542,16,0,0,fused_streaming,circular,persistent,1,1
9713,242291,246167,16,0,0,fused_streaming,circular,persistent,1,1
9714,241083,245000,16,0,0,fused_streaming,circular,persistent,1,1
9715,248291,252292,16,0,0,fused_streaming,circular,persistent,1,1
9716,245958,249833,16,0,0,fused_streaming,circular,persistent,1,1
9717,236417,240375,16,0,0,fused_streaming,circular,persistent,1,1
9718,242083,245958,16,0,0,fused_streaming,circular,persistent,1,1
9719,237833,241875,16,0,0,fused_streaming,circular,persistent,1,1
9720,219042,223041,16,0,0,fused_streaming,circular,persistent,1,1
9721,227875,231750,16,0,0,fused_streaming,circular,persistent,1,1
9722,239334,243292,16,0,0,fused_streaming,circular,persistent,1,1
9723,238750,243000,16,0,0,fused_streaming,circular,persistent,1,1
9724,234083,238083,16,0,0,fused_streaming,circular,persistent,1,1
9725,245291,249250,16,0,0,fused_streaming,circular,persistent,1,1
9726,240166,244375,16,0,0,fused_streaming,circular,persistent,1,1
9727,235458,239291,16,0,0,fused_streaming,circular,persistent,1,1
9728,235583,239541,16,0,0,fused_streaming,circular,persistent,1,1
9729,235500,239833,16,0,0,fused_streaming,circular,persistent,1,1
9730,234666,238667,16,0,0,fused_streaming,circular,persistent,1,1
9731,229916,233875,16,0,0,fused_streaming,circular,persistent,1,1
9732,232708,236584,16,0,0,fused_streaming,circular,persistent,1,1
9733,230541,234417,16,0,0,fused_streaming,circular,persistent,1,1
9734,238333,242250,16,0,0,fused_streaming,circular,persistent,1,1
9735,240416,244333,16,0,0,fused_streaming,circular,persistent,1,1
9736,242833,246750,16,0,0,fused_streaming,circular,persistent,1,1
9737,233542,237500,16,0,0,fused_streaming,circular,persistent,1,1
9738,237000,240792,16,0,0,fused_streaming,circular,persistent,1,1
9739,243459,247666,16,0,0,fused_streaming,circular,persistent,1,1
9740,234417,238292,16,0,0,fused_streaming,circular,persistent,1,1
9741,248083,252083,16,0,0,fused_streaming,circular,persistent,1,1
9742,234542,238458,16,0,0,fused_streaming,circular,persistent,1,1
9743,234541,238500,16,0,0,fused_streaming,circular,persistent,1,1
9744,236291,240250,16,0,0,fused_streaming,circular,persistent,1,1
9745,270916,275375,16,0,0,fused_streaming,circular,persistent,1,1
9746,241500,245375,16,0,0,fused_streaming,circular,persistent,1,1
9747,243500,247458,16,0,0,fused_streaming,circular,persistent,1,1
9748,233375,237292,16,0,0,fused_streaming,circular,persistent,1,1
9749,234583,238500,16,0,0,fused_streaming,circular,persistent,1,1
9750,239500,243459,16,0,0,fused_streaming,circular,persistent,1,1
9751,245125,249000,16,0,0,fused_streaming,circular,persistent,1,1
9752,237208,241083,16,0,0,fused_streaming,circular,persistent,1,1
9753,240958,244750,16,0,0,fused_streaming,circular,persistent,1,1
9754,233125,237042,16,0,0,fused_streaming,circular,persistent,1,1
9755,223042,227000,16,0,0,fused_streaming,circular,persistent,1,1
9756,276250,280334,16,0,0,fused_streaming,circular,persistent,1,1
9757,235833,239833,16,0,0,fused_streaming,circular,persistent,1,1
9758,239166,243042,16,0,0,fused_streaming,circular,persistent,1,1
9759,242750,246625,16,0,0,fused_streaming,circular,persistent,1,1
9760,229917,233875,16,0,0,fused_streaming,circular,persistent,1,1
9761,228250,232125,16,0,0,fused_streaming,circular,persistent,1,1
9762,239833,247750,16,0,0,fused_streaming,circular,persistent,1,1
9763,240375,244333,16,0,0,fused_streaming,circular,persistent,1,1
9764,225709,229625,16,0,0,fused_streaming,circular,persistent,1,1
9765,231041,234958,16,0,0,fused_streaming,circular,persistent,1,1
9766,235125,239083,16,0,0,fused_streaming,circular,persistent,1,1
9767,249625,253500,16,0,0,fused_streaming,circular,persistent,1,1
9768,245000,248833,16,0,0,fused_streaming,circular,persistent,1,1
9769,237458,241459,16,0,0,fused_streaming,circular,persistent,1,1
9770,228917,232708,16,0,0,fused_streaming,circular,persistent,1,1
9771,242250,246125,16,0,0,fused_streaming,circular,persistent,1,1
9772,238500,242375,16,0,0,fused_streaming,circular,persistent,1,1
9773,242083,245875,16,0,0,fused_streaming,circular,persistent,1,1
9774,249208,253042,16,0,0,fused_streaming,circular,persistent,1,1
9775,237333,241250,16,0,0,fused_streaming,circular,persistent,1,1
9776,242625,246500,16,0,0,fused_streaming,circular,persistent,1,1
9777,233750,237625,16,0,0,fused_streaming,circular,persistent,1,1
9778,226792,230834,16,0,0,fused_streaming,circular,persistent,1,1
9779,224375,228250,16,0,0,fused_streaming,circular,persistent,1,1
9780,229292,233125,16,0,0,fused_streaming,circular,persistent,1,1
9781,233084,237000,16,0,0,fused_streaming,circular,persistent,1,1
9782,234125,237958,16,0,0,fused_streaming,circular,persistent,1,1
9783,231666,235542,16,0,0,fused_streaming,circular,persistent,1,1
9784,235875,239708,16,0,0,fused_streaming,circular,persistent,1,1
9785,242375,246291,16,0,0,fused_streaming,circular,persistent,1,1
9786,247833,251709,16,0,0,fused_streaming,circular,persistent,1,1
9787,246750,250583,16,0,0,fused_streaming,circular,persistent,1,1
9788,253000,256875,16,0,0,fused_streaming,circular,persistent,1,1
9789,251333,255209,16,0,0,fused_streaming,circular,persistent,1,1
9790,238542,242375,16,0,0,fused_streaming,circular,persistent,1,1
9791,233167,237084,16,0,0,fused_streaming,circular,persistent,1,1
9792,224291,228083,16,0,0,fused_streaming,circular,persistent,1,1
9793,240250,244209,16,0,0,fused_streaming,circular,persistent,1,1
9794,242708,246583,16,0,0,fused_streaming,circular,persistent,1,1
9795,237000,240917,16,0,0,fused_streaming,circular,persistent,1,1
9796,235417,239250,16,0,0,fused_streaming,circular,persistent,1,1
9797,243375,247541,16,0,0,fused_streaming,circular,persistent,1,1
9798,246625,250459,16,0,0,fused_streaming,circular,persistent,1,1
9799,238708,242625,16,0,0,fused_streaming,circular,persistent,1,1
9800,237166,241083,16,0,0,fused_streaming,circular,persistent,1,1
9801,232500,236334,16,0,0,fused_streaming,circular,persistent,1,1
9802,228167,232042,16,0,0,fused_streaming,circular,persistent,1,1
9803,225708,229583,16,0,0,fused_streaming,circular,persistent,1,1
9804,226333,234250,16,0,0,fused_streaming,circular,persistent,1,1
9805,231667,235500,16,0,0,fused_streaming,circular,persistent,1,1
9806,244333,248250,16,0,0,fused_streaming,circular,persistent,1,1
9807,235167,239041,16,0,0,fused_streaming,circular,persistent,1,1
9808,216708,220583,16,0,0,fused_streaming,circular,persistent,1,1
9809,232875,236750,16,0,0,fused_streaming,circular,persistent,1,1
9810,242792,246625,16,0,0,fused_streaming,circular,persistent,1,1
9811,248792,252666,16,0,0,fused_streaming,circular,persistent,1,1
9812,235166,239042,16,0,0,fused_streaming,circular,persistent,1,1
9813,231333,235208,16,0,0,fused_streaming,circular,persistent,1,1
9814,226000,229875,16,0,0,fused_streaming,circular,persistent,1,1
9815,229667,233458,16,0,0,fused_streaming,circular,persistent,1,1
9816,234625,238500,16,0,0,fused_streaming,circular,persistent,1,1
9817,239333,243333,16,0,0,fused_streaming,circular,persistent,1,1
9818,242416,246250,16,0,0,fused_streaming,circular,persistent,1,1
9819,237875,241750,16,0,0,fused_streaming,circular,persistent,1,1
9820,237083,240958,16,0,0,fused_streaming,circular,persistent,1,1
9821,248416,252375,16,0,0,fused_streaming,circular,persistent,1,1
9822,236042,239917,16,0,0,fused_streaming,circular,persistent,1,1
9823,286209,290291,16,0,0,fused_streaming,circular,persistent,1,1
9824,242792,246709,16,0,0,fused_streaming,circular,persistent,1,1
9825,274583,278708,16,0,0,fused_streaming,circular,persistent,1,1
9826,231208,235125,16,0,0,fused_streaming,circular,persistent,1,1
9827,238416,242208,16,0,0,fused_streaming,circular,persistent,1,1
9828,240000,243958,16,0,0,fused_streaming,circular,persistent,1,1
9829,229625,233542,16,0,0,fused_streaming,circular,persistent,1,1
9830,238833,242708,16,0,0,fused_streaming,circular,persistent,1,1
9831,244750,248625,16,0,0,fused_streaming,circular,persistent,1,1
9832,236917,240833,16,0,0,fused_streaming,circular,persistent,1,1
9833,238000,242000,16,0,0,fused_streaming,circular,persistent,1,1
9834,233208,237125,16,0,0,fused_streaming,circular,persistent,1,1
9835,243583,247458,16,0,0,fused_streaming,circular,persistent,1,1
9836,237500,241417,16,0,0,fused_streaming,circular,persistent,1,1
9837,219250,223542,16,0,0,fused_streaming,circular,persistent,1,1
9838,233250,237166,16,0,0,fused_streaming,circular,persistent,1,1
9839,236917,240875,16,0,0,fused_streaming,circular,persistent,1,1
9840,238041,241958,16,0,0,fused_streaming,circular,persistent,1,1
9841,242500,246500,16,0,0,fused_streaming,circular,persistent,1,1
9842,233750,237625,16,0,0,fused_streaming,circular,persistent,1,1
9843,238917,242792,16,0,0,fused_streaming,circular,persistent,1,1
9844,247416,251459,16,0,0,fused_streaming,circular,persistent,1,1
9845,239500,243500,16,0,0,fused_streaming,circular,persistent,1,1
9846,243666,247583,16,0,0,fused_streaming,circular,persistent,1,1
9847,241708,245708,16,0,0,fused_streaming,circular,persistent,1,1
9848,230250,234417,16,0,0,fused_streaming,circular,persistent,1,1
9849,277416,281458,16,0,0,fused_streaming,circular,persistent,1,1
9850,231041,234959,16,0,0,fused_streaming,circular,persistent,1,1
9851,241042,245042,16,0,0,fused_streaming,circular,persistent,1,1
9852,239917,243875,16,0,0,fused_streaming,circular,persistent,1,1
9853,230041,233959,16,0,0,fused_streaming,circular,persistent,1,1
9854,223334,227292,16,0,0,fused_streaming,circular,persistent,1,1
9855,238000,241917,16,0,0,fused_streaming,circular,persistent,1,1
9856,248334,252209,16,0,0,fused_streaming,circular,persistent,1,1
9857,242250,246167,16,0,0,fused_streaming,circular,persistent,1,1
9858,234958,238917,16,0,0,fused_streaming,circular,persistent,1,1
9859,233750,237625,16,0,0,fused_streaming,circular,persistent,1,1
9860,270375,274417,16,0,0,fused_streaming,circular,persistent,1,1
9861,227334,231208,16,0,0,fused_streaming,circular,persistent,1,1
9862,229292,233125,16,0,0,fused_streaming,circular,persistent,1,1
9863,229500,233416,16,0,0,fused_streaming,circular,persistent,1,1
9864,233166,237083,16,0,0,fused_streaming,circular,persistent,1,1
9865,243541,247459,16,0,0,fused_streaming,circular,persistent,1,1
9866,225666,229584,16,0,0,fused_streaming,circular,persistent,1,1
9867,233125,237042,16,0,0,fused_streaming,circular,persistent,1,1
9868,246083,250042,16,0,0,fused_streaming,circular,persistent,1,1
9869,235750,239583,16,0,0,fused_streaming,circular,persistent,1,1
9870,234750,238666,16,0,0,fused_streaming,circular,persistent,1,1
9871,246375,250375,16,0,0,fused_streaming,circular,persistent,1,1
9872,243000,246959,16,0,0,fused_streaming,circular,persistent,1,1
9873,246125,250000,16,0,0,fused_streaming,circular,persistent,1,1
9874,233625,237500,16,0,0,fused_streaming,circular,persistent,1,1
9875,220958,225167,16,0,0,fused_streaming,circular,persistent,1,1
9876,231291,235250,16,0,0,fused_streaming,circular,persistent,1,1
9877,233416,237292,16,0,0,fused_streaming,circular,persistent,1,1
9878,239458,243375,16,0,0,fused_streaming,circular,persistent,1,1
9879,245584,249458,16,0,0,fused_streaming,circular,persistent,1,1
9880,247041,251125,16,0,0,fused_streaming,circular,persistent,1,1
9881,240625,244500,16,0,0,fused_streaming,circular,persistent,1,1
9882,235417,239292,16,0,0,fused_streaming,circular,persistent,1,1
9883,231125,239334,16,0,0,fused_streaming,circular,persistent,1,1
9884,230792,234666,16,0,0,fused_streaming,circular,persistent,1,1
9885,233500,237541,16,0,0,fused_streaming,circular,persistent,1,1
9886,236459,240416,16,0,0,fused_streaming,circular,persistent,1,1
9887,228250,232125,16,0,0,fused_streaming,circular,persistent,1,1
9888,231708,235542,16,0,0,fused_streaming,circular,persistent,1,1
9889,237041,240958,16,0,0,fused_streaming,circular,persistent,1,1
9890,238042,242000,16,0,0,fused_streaming,circular,persistent,1,1
9891,245417,249375,16,0,0,fused_streaming,circular,persistent,1,1
9892,246834,250708,16,0,0,fused_streaming,circular,persistent,1,1
9893,249625,253584,16,0,0,fused_streaming,circular,persistent,1,1
9894,253375,257250,16,0,0,fused_streaming,circular,persistent,1,1
9895,245417,249291,16,0,0,fused_streaming,circular,persistent,1,1
9896,236209,240125,16,0,0,fused_streaming,circular,persistent,1,1
9897,224167,228125,16,0,0,fused_streaming,circular,persistent,1,1
9898,232625,236500,16,0,0,fused_streaming,circular,persistent,1,1
9899,282041,286250,16,0,0,fused_streaming,circular,persistent,1,1
9900,245500,249458,16,0,0,fused_streaming,circular,persistent,1,1
9901,237333,241333,16,0,0,fused_streaming,circular,persistent,1,1
9902,239291,243167,16,0,0,fused_streaming,circular,persistent,1,1
9903,243000,246958,16,0,0,fused_streaming,circular,persistent,1,1
9904,241000,244875,16,0,0,fused_streaming,circular,persistent,1,1
9905,237459,241375,16,0,0,fused_streaming,circular,persistent,1,1
9906,240584,244500,16,0,0,fused_streaming,circular,persistent,1,1
9907,226041,229958,16,0,0,fused_streaming,circular,persistent,1,1
9908,228666,232542,16,0,0,fused_streaming,circular,persistent,1,1
9909,226625,230500,16,0,0,fused_streaming,circular,persistent,1,1
9910,235000,238875,16,0,0,fused_streaming,circular,persistent,1,1
9911,242083,245959,16,0,0,fused_streaming,circular,persistent,1,1
9912,243833,247958,16,0,0,fused_streaming,circular,persistent,1,1
9913,224792,228709,16,0,0,fused_streaming,circular,persistent,1,1
9914,231208,235125,16,0,0,fused_streaming,circular,persistent,1,1
9915,227500,231416,16,0,0,fused_streaming,circular,persistent,1,1
9916,238000,241834,16,0,0,fused_streaming,circular,persistent,1,1
9917,245708,249625,16,0,0,fused_streaming,circular,persistent,1,1
9918,238917,242792,16,0,0,fused_streaming,circular,persistent,1,1
9919,235209,239042,16,0,0,fused_streaming,circular,persistent,1,1
9920,229083,232875,16,0,0,fused_streaming,circular,persistent,1,1
9921,238333,242292,16,0,0,fused_streaming,circular,persistent,1,1
9922,237125,241000,16,0,0,fused_streaming,circular,persistent,1,1
9923,233208,237083,16,0,0,fused_streaming,circular,persistent,1,1
9924,236709,240625,16,0,0,fused_streaming,circular,persistent,1,1
9925,231541,235416,16,0,0,fused_streaming,circular,persistent,1,1
9926,243917,247791,16,0,0,fused_streaming,circular,persistent,1,1
9927,241208,245084,16,0,0,fused_streaming,circular,persistent,1,1
9928,237833,241708,16,0,0,fused_streaming,circular,persistent,1,1
9929,240208,244083,16,0,0,fused_streaming,circular,persistent,1,1
9930,238792,242750,16,0,0,fused_streaming,circular,persistent,1,1
9931,232333,236250,16,0,0,fused_streaming,circular,persistent,1,1
9932,231875,235791,16,0,0,fused_streaming,circular,persistent,1,1
9933,244709,248500,16,0,0,fused_streaming,circular,persistent,1,1
9934,226709,230792,16,0,0,fused_streaming,circular,persistent,1,1
9935,233334,237166,16,0,0,fused_streaming,circular,persistent,1,1
9936,248000,252167,16,0,0,fused_streaming,circular,persistent,1,1
9937,233333,237167,16,0,0,fused_streaming,circular,persistent,1,1
9938,279750,283792,16,0,0,fused_streaming,circular,persistent,1,1
9939,242916,246750,16,0,0,fused_streaming,circular,persistent,1,1
9940,234208,238083,16,0,0,fused_streaming,circular,persistent,1,1
9941,237000,240834,16,0,0,fused_streaming,circular,persistent,1,1
9942,235042,238875,16,0,0,fused_streaming,circular,persistent,1,1
9943,228333,232208,16,0,0,fused_streaming,circular,persistent,1,1
9944,236708,240542,16,0,0,fused_streaming,circular,persistent,1,1
9945,237500,241333,16,0,0,fused_streaming,circular,persistent,1,1
9946,232834,236916,16,0,0,fused_streaming,circular,persistent,1,1
9947,240666,244667,16,0,0,fused_streaming,circular,persistent,1,1
9948,226750,230583,16,0,0,fused_streaming,circular,persistent,1,1
9949,232292,236125,16,0,0,fused_streaming,circular,persistent,1,1
9950,240042,243875,16,0,0,fused_streaming,circular,persistent,1,1
9951,227334,231125,16,0,0,fused_streaming,circular,persistent,1,1
9952,230459,234375,16,0,0,fused_streaming,circular,persistent,1,1
9953,236875,240750,16,0,0,fused_streaming,circular,persistent,1,1
9954,237000,240916,16,0,0,fused_streaming,circular,persistent,1,1
9955,234625,238458,16,0,0,fused_streaming,circular,persistent,1,1
9956,265583,269708,16,0,0,fused_streaming,circular,persistent,1,1
9957,235833,239792,16,0,0,fused_streaming,circular,persistent,1,1
9958,221250,225166,16,0,0,fused_streaming,circular,persistent,1,1
9959,227459,231416,16,0,0,fused_streaming,circular,persistent,1,1
9960,232875,236750,16,0,0,fused_streaming,circular,persistent,1,1
9961,233958,237917,16,0,0,fused_streaming,circular,persistent,1,1
9962,229916,233750,16,0,0,fused_streaming,circular,persistent,1,1
9963,224500,228375,16,0,0,fused_streaming,circular,persistent,1,1
9964,225709,229625,16,0,0,fused_streaming,circular,persistent,1,1
9965,227583,231417,16,0,0,fused_streaming,circular,persistent,1,1
9966,228333,232292,16,0,0,fused_streaming,circular,persistent,1,1
9967,223750,227666,16,0,0,fused_streaming,circular,persistent,1,1
9968,226083,229917,16,0,0,fused_streaming,circular,persistent,1,1
9969,225958,229917,16,0,0,fused_streaming,circular,persistent,1,1
9970,231250,235083,16,0,0,fused_streaming,circular,persistent,1,1
9971,227250,231167,16,0,0,fused_streaming,circular,persistent,1,1
9972,233750,237625,16,0,0,fused_streaming,circular,persistent,1,1
9973,272208,276417,16,0,0,fused_streaming,circular,persistent,1,1
9974,228541,232417,16,0,0,fused_streaming,circular,persistent,1,1
9975,223084,226959,16,0,0,fused_streaming,circular,persistent,1,1
9976,231084,235000,16,0,0,fused_streaming,circular,persistent,1,1
9977,230667,234542,16,0,0,fused_streaming,circular,persistent,1,1
9978,271084,275083,16,0,0,fused_streaming,circular,persistent,1,1
9979,231916,235750,16,0,0,fused_streaming,circular,persistent,1,1
9980,219250,223041,16,0,0,fused_streaming,circular,persistent,1,1
9981,217875,221791,16,0,0,fused_streaming,circular,persistent,1,1
9982,232041,235917,16,0,0,fused_streaming,circular,persistent,1,1
9983,224667,228917,16,0,0,fused_streaming,circular,persistent,1,1
9984,226209,230125,16,0,0,fused_streaming,circular,persistent,1,1
9985,227708,231541,16,0,0,fused_streaming,circular,persistent,1,1
9986,220500,224375,16,0,0,fused_streaming,circular,persistent,1,1
9987,219042,222958,16,0,0,fused_streaming,circular,persistent,1,1
9988,218708,222542,16,0,0,fused_streaming,circular,persistent,1,1
9989,220459,224291,16,0,0,fused_streaming,circular,persistent,1,1
9990,215583,219458,16,0,0,fused_streaming,circular,persistent,1,1
9991,213375,217250,16,0,0,fused_streaming,circular,persistent,1,1
9992,214500,218416,16,0,0,fused_streaming,circular,persistent,1,1
9993,219416,223333,16,0,0,fused_streaming,circular,persistent,1,1
9994,217500,221458,16,0,0,fused_streaming,circular,persistent,1,1
9995,210166,218875,16,0,0,fused_streaming,circular,persistent,1,1
9996,218125,222083,16,0,0,fused_streaming,circular,persistent,1,1
9997,212917,216791,16,0,0,fused_streaming,circular,persistent,1,1
9998,219417,223291,16,0,0,fused_streaming,circular,persistent,1,1
9999,202542,206417,16,0,0,fused_streaming,circular,persistent,1,1
10000,222083,226000,16,0,0,fused_streaming,circular,persistent,1,1
10001,223416,227708,16,0,0,fused_streaming,circular,persistent,1,1
10002,217167,221041,16,0,0,fused_streaming,circular,persistent,1,1
10003,218625,222458,16,0,0,fused_streaming,circular,persistent,1,1
10004,223166,227042,16,0,0,fused_streaming,circular,persistent,1,1
10005,218875,222792,16,0,0,fused_streaming,circular,persistent,1,1
10006,219125,223084,16,0,0,fused_streaming,circular,persistent,1,1
10007,220000,223834,16,0,0,fused_streaming,circular,persistent,1,1
10008,216583,220500,16,0,0,fused_streaming,circular,persistent,1,1
10009,218542,222500,16,0,0,fused_streaming,circular,persistent,1,1
10010,219000,222958,16,0,0,fused_streaming,circular,persistent,1,1
10011,213166,217125,16,0,0,fused_streaming,circular,persistent,1,1
10012,212625,216542,16,0,0,fused_streaming,circular,persistent,1,1
10013,214666,218542,16,0,0,fused_streaming,circular,persistent,1,1
10014,202834,206750,16,0,0,fused_streaming,circular,persistent,1,1
10015,223125,227042,16,0,0,fused_streaming,circular,persistent,1,1
10016,231459,235334,16,0,0,fused_streaming,circular,persistent,1,1
10017,215125,219083,16,0,0,fused_streaming,circular,persistent,1,1
10018,214208,218042,16,0,0,fused_streaming,circular,persistent,1,1
10019,221042,224916,16,0,0,fused_streaming,circular,persistent,1,1
10020,221667,225583,16,0,0,fused_streaming,circular,persistent,1,1
10021,215042,218917,16,0,0,fused_streaming,circular,persistent,1,1
10022,207000,210916,16,0,0,fused_streaming,circular,persistent,1,1
10023,205042,208917,16,0,0,fused_streaming,circular,persistent,1,1
10024,212875,216791,16,0,0,fused_streaming,circular,persistent,1,1
10025,260625,264708,16,0,0,fused_streaming,circular,persistent,1,1
10026,212958,216916,16,0,0,fused_streaming,circular,persistent,1,1
10027,208667,212708,16,0,0,fused_streaming,circular,persistent,1,1
10028,215291,219208,16,0,0,fused_streaming,circular,persistent,1,1
10029,216208,220125,16,0,0,fused_streaming,circular,persistent,1,1
10030,218125,222042,16,0,0,fused_streaming,circular,persistent,1,1
10031,209625,213625,16,0,0,fused_streaming,circular,persistent,1,1
10032,225459,229416,16,0,0,fused_streaming,circular,persistent,1,1
10033,214417,218333,16,0,0,fused_streaming,circular,persistent,1,1
10034,219916,223792,16,0,0,fused_streaming,circular,persistent,1,1
10035,223000,226958,16,0,0,fused_streaming,circular,persistent,1,1
10036,228208,232125,16,0,0,fused_streaming,circular,persistent,1,1
10037,262250,266375,16,0,0,fused_streaming,circular,persistent,1,1
10038,217792,221709,16,0,0,fused_streaming,circular,persistent,1,1
10039,216375,224792,16,0,0,fused_streaming,circular,persistent,1,1
10040,220958,224875,16,0,0,fused_streaming,circular,persistent,1,1
10041,223459,227333,16,0,0,fused_streaming,circular,persistent,1,1
10042,210709,214667,16,0,0,fused_streaming,circular,persistent,1,1
10043,221959,225875,16,0,0,fused_streaming,circular,persistent,1,1
10044,206708,210625,16,0,0,fused_streaming,circular,persistent,1,1
10045,214542,218417,16,0,0,fused_streaming,circular,persistent,1,1
10046,265709,269791,16,0,0,fused_streaming,circular,persistent,1,1
10047,207917,211833,16,0,0,fused_streaming,circular,persistent,1,1
10048,214917,218833,16,0,0,fused_streaming,circular,persistent,1,1
10049,221416,225250,16,0,0,fused_streaming,circular,persistent,1,1
10050,223125,227042,16,0,0,fused_streaming,circular,persistent,1,1
10051,228709,232625,16,0,0,fused_streaming,circular,persistent,1,1
10052,219625,223583,16,0,0,fused_streaming,circular,persistent,1,1
10053,213917,217791,16,0,0,fused_streaming,circular,persistent,1,1
10054,221250,225167,16,0,0,fused_streaming,circular,persistent,1,1
10055,228625,232541,16,0,0,fused_streaming,circular,persistent,1,1
10056,225834,229875,16,0,0,fused_streaming,circular,persistent,1,1
10057,229875,233750,16,0,0,fused_streaming,circular,persistent,1,1
10058,231500,235417,16,0,0,fused_streaming,circular,persistent,1,1
10059,228542,232458,16,0,0,fused_streaming,circular,persistent,1,1
10060,251667,255500,16,0,0,fused_streaming,circular,persistent,1,1
10061,257833,261709,16,0,0,fused_streaming,circular,persistent,1,1
10062,260000,263917,16,0,0,fused_streaming,circular,persistent,1,1
10063,256416,260292,16,0,0,fused_streaming,circular,persistent,1,1
10064,283709,287875,16,0,0,fused_streaming,circular,persistent,1,1
10065,242667,246541,16,0,0,fused_streaming,circular,persistent,1,1
10066,236292,240209,16,0,0,fused_streaming,circular,persistent,1,1
10067,215750,219625,16,0,0,fused_streaming,circular,persistent,1,1
10068,230583,234458,16,0,0,fused_streaming,circular,persistent,1,1
10069,238084,242083,16,0,0,fused_streaming,circular,persistent,1,1
10070,252291,256208,16,0,0,fused_streaming,circular,persistent,1,1
10071,255708,259542,16,0,0,fused_streaming,circular,persistent,1,1
10072,264292,268417,16,0,0,fused_streaming,circular,persistent,1,1
10073,256875,260791,16,0,0,fused_streaming,circular,persistent,1,1
10074,254333,258292,16,0,0,fused_streaming,circular,persistent,1,1
10075,249625,253500,16,0,0,fused_streaming,circular,persistent,1,1
10076,239500,243458,16,0,0,fused_streaming,circular,persistent,1,1
10077,233542,237458,16,0,0,fused_streaming,circular,persistent,1,1
10078,234084,237958,16,0,0,fused_streaming,circular,persistent,1,1
10079,237041,240875,16,0,0,fused_streaming,circular,persistent,1,1
10080,232083,236041,16,0,0,fused_streaming,circular,persistent,1,1
10081,251083,254959,16,0,0,fused_streaming,circular,persistent,1,1
10082,259000,262917,16,0,0,fused_streaming,circular,persistent,1,1
10083,258584,262459,16,0,0,fused_streaming,circular,persistent,1,1
10084,262500,266334,16,0,0,fused_streaming,circular,persistent,1,1
10085,255667,259583,16,0,0,fused_streaming,circular,persistent,1,1
10086,253750,257584,16,0,0,fused_streaming,circular,persistent,1,1
10087,245417,249375,16,0,0,fused_streaming,circular,persistent,1,1
10088,239125,242959,16,0,0,fused_streaming,circular,persistent,1,1
10089,284375,288458,16,0,0,fused_streaming,circular,persistent,1,1
10090,237292,241209,16,0,0,fused_streaming,circular,persistent,1,1
10091,234750,238542,16,0,0,fused_streaming,circular,persistent,1,1
10092,243542,247500,16,0,0,fused_streaming,circular,persistent,1,1
10093,296917,300959,16,0,0,fused_streaming,circular,persistent,1,1
10094,258250,262083,16,0,0,fused_streaming,circular,persistent,1,1
10095,263375,267292,16,0,0,fused_streaming,circular,persistent,1,1
10096,257833,261833,16,0,0,fused_streaming,circular,persistent,1,1
10097,253000,256875,16,0,0,fused_streaming,circular,persistent,1,1
10098,253708,257583,16,0,0,fused_streaming,circular,persistent,1,1
10099,235333,239542,16,0,0,fused_streaming,circular,persistent,1,1
10100,240958,244834,16,0,0,fused_streaming,circular,persistent,1,1
10101,233291,241500,16,0,0,fused_streaming,circular,persistent,1,1
10102,232458,236375,16,0,0,fused_streaming,circular,persistent,1,1
10103,241958,245875,16,0,0,fused_streaming,circular,persistent,1,1
10104,247667,251500,16,0,0,fused_streaming,circular,persistent,1,1
10105,255583,259458,16,0,0,fused_streaming,circular,persistent,1,1
10106,261416,265333,16,0,0,fused_streaming,circular,persistent,1,1
10107,257084,261000,16,0,0,fused_streaming,circular,persistent,1,1
10108,253667,257459,16,0,0,fused_streaming,circular,persistent,1,1
10109,243667,247500,16,0,0,fused_streaming,circular,persistent,1,1
10110,244708,248666,16,0,0,fused_streaming,circular,persistent,1,1
10111,237875,241834,16,0,0,fused_streaming,circular,persistent,1,1
10112,236750,240709,16,0,0,fused_streaming,circular,persistent,1,1
10113,234291,238125,16,0,0,fused_streaming,circular,persistent,1,1
10114,239583,243458,16,0,0,fused_streaming,circular,persistent,1,1
10115,245083,248958,16,0,0,fused_streaming,circular,persistent,1,1
10116,249500,253375,16,0,0,fused_streaming,circular,persistent,1,1
10117,256375,260208,16,0,0,fused_streaming,circular,persistent,1,1
10118,258417,266791,16,0,0,fused_streaming,circular,persistent,1,1
10119,298834,302916,16,0,0,fused_streaming,circular,persistent,1,1
10120,248209,252083,16,0,0,fused_streaming,circular,persistent,1,1
10121,249541,253458,16,0,0,fused_streaming,circular,persistent,1,1
10122,243291,247167,16,0,0,fused_streaming,circular,persistent,1,1
10123,240667,244666,16,0,0,fused_streaming,circular,persistent,1,1
10124,236916,240792,16,0,0,fused_streaming,circular,persistent,1,1
10125,280167,284250,16,0,0,fused_streaming,circular,persistent,1,1
10126,246167,250042,16,0,0,fused_streaming,circular,persistent,1,1
10127,253959,257916,16,0,0,fused_streaming,circular,persistent,1,1
10128,252167,256042,16,0,0,fused_streaming,circular,persistent,1,1
10129,250834,254791,16,0,0,fused_streaming,circular,persistent,1,1
10130,263042,266875,16,0,0,fused_streaming,circular,persistent,1,1
10131,259750,263625,16,0,0,fused_streaming,circular,persistent,1,1
10132,241167,245000,16,0,0,fused_streaming,circular,persistent,1,1
10133,245625,249458,16,0,0,fused_streaming,circular,persistent,1,1
10134,235750,239542,16,0,0,fused_streaming,circular,persistent,1,1
10135,238583,242375,16,0,0,fused_streaming,circular,persistent,1,1
10136,240833,244709,16,0,0,fused_streaming,circular,persistent,1,1
10137,240959,244875,16,0,0,fused_streaming,circular,persistent,1,1
10138,248958,252833,16,0,0,fused_streaming,circular,persistent,1,1
10139,247708,251625,16,0,0,fused_streaming,circular,persistent,1,1
10140,247458,251333,16,0,0,fused_streaming,circular,persistent,1,1
10141,256041,259917,16,0,0,fused_streaming,circular,persistent,1,1
10142,264041,267833,16,0,0,fused_streaming,circular,persistent,1,1
10143,255875,259709,16,0,0,fused_streaming,circular,persistent,1,1
10144,248917,252959,16,0,0,fused_streaming,circular,persistent,1,1
10145,244916,248792,16,0,0,fused_streaming,circular,persistent,1,1
10146,232958,236875,16,0,0,fused_streaming,circular,persistent,1,1
10147,233542,237416,16,0,0,fused_streaming,circular,persistent,1,1
10148,232833,236708,16,0,0,fused_streaming,circular,persistent,1,1
10149,242250,246125,16,0,0,fused_streaming,circular,persistent,1,1
10150,242916,246792,16,0,0,fused_streaming,circular,persistent,1,1
10151,245833,249708,16,0,0,fused_streaming,circular,persistent,1,1
10152,233125,236959,16,0,0,fused_streaming,circular,persistent,1,1
10153,253667,257583,16,0,0,fused_streaming,circular,persistent,1,1
10154,257083,261000,16,0,0,fused_streaming,circular,persistent,1,1
10155,255333,259209,16,0,0,fused_streaming,circular,persistent,1,1
10156,252375,256250,16,0,0,fused_streaming,circular,persistent,1,1
10157,238667,242625,16,0,0,fused_streaming,circular,persistent,1,1
10158,242625,246542,16,0,0,fused_streaming,circular,persistent,1,1
10159,236916,240875,16,0,0,fused_streaming,circular,persistent,1,1
10160,242458,246416,16,0,0,fused_streaming,circular,persistent,1,1
10161,243458,247542,16,0,0,fused_streaming,circular,persistent,1,1
10162,245166,249042,16,0,0,fused_streaming,circular,persistent,1,1
10163,239750,243708,16,0,0,fused_streaming,circular,persistent,1,1
10164,246917,250875,16,0,0,fused_streaming,circular,persistent,1,1
10165,261416,265417,16,0,0,fused_streaming,circular,persistent,1,1
10166,261750,265708,16,0,0,fused_streaming,circular,persistent,1,1
10167,255000,258917,16,0,0,fused_streaming,circular,persistent,1,1
10168,245500,249375,16,0,0,fused_streaming,circular,persistent,1,1
10169,240458,244459,16,0,0,fused_streaming,circular,persistent,1,1
10170,235375,239209,16,0,0,fused_streaming,circular,persistent,1,1
10171,233208,237209,16,0,0,fused_streaming,circular,persistent,1,1
10172,241708,245625,16,0,0,fused_streaming,circular,persistent,1,1
10173,246166,250083,16,0,0,fused_streaming,circular,persistent,1,1
10174,239917,243834,16,0,0,fused_streaming,circular,persistent,1,1
10175,248459,252416,16,0,0,fused_streaming,circular,persistent,1,1
10176,258084,261958,16,0,0,fused_streaming,circular,persistent,1,1
10177,260750,264708,16,0,0,fused_streaming,circular,persistent,1,1
10178,256333,260208,16,0,0,fused_streaming,circular,persistent,1,1
10179,246833,250792,16,0,0,fused_streaming,circular,persistent,1,1
10180,284125,288291,16,0,0,fused_streaming,circular,persistent,1,1
10181,243833,247792,16,0,0,fused_streaming,circular,persistent,1,1
10182,273583,278500,16,0,0,fused_streaming,circular,persistent,1,1
10183,243083,246958,16,0,0,fused_streaming,circular,persistent,1,1
10184,238292,242250,16,0,0,fused_streaming,circular,persistent,1,1
10185,245417,249292,16,0,0,fused_streaming,circular,persistent,1,1
10186,289250,293333,16,0,0,fused_streaming,circular,persistent,1,1
10187,252459,256375,16,0,0,fused_streaming,circular,persistent,1,1
10188,262709,266625,16,0,0,fused_streaming,circular,persistent,1,1
10189,253000,256916,16,0,0,fused_streaming,circular,persistent,1,1
10190,247875,251792,16,0,0,fused_streaming,circular,persistent,1,1
10191,241709,245708,16,0,0,fused_streaming,circular,persistent,1,1
10192,242125,246333,16,0,0,fused_streaming,circular,persistent,1,1
10193,240917,245125,16,0,0,fused_streaming,circular,persistent,1,1
10194,240416,244333,16,0,0,fused_streaming,circular,persistent,1,1
10195,245750,249666,16,0,0,fused_streaming,circular,persistent,1,1
10196,241083,245000,16,0,0,fused_streaming,circular,persistent,1,1
10197,246875,250750,16,0,0,fused_streaming,circular,persistent,1,1
10198,247666,251750,16,0,0,fused_streaming,circular,persistent,1,1
10199,259541,263416,16,0,0,fused_streaming,circular,persistent,1,1
10200,252333,256333,16,0,0,fused_streaming,circular,persistent,1,1
10201,245208,249208,16,0,0,fused_streaming,circular,persistent,1,1
10202,237375,241292,16,0,0,fused_streaming,circular,persistent,1,1
10203,286666,290708,16,0,0,fused_streaming,circular,persistent,1,1
10204,239709,243584,16,0,0,fused_streaming,circular,persistent,1,1
10205,247583,251667,16,0,0,fused_streaming,circular,persistent,1,1
10206,246000,249875,16,0,0,fused_streaming,circular,persistent,1,1
10207,242375,246291,16,0,0,fused_streaming,circular,persistent,1,1
10208,245750,249625,16,0,0,fused_streaming,circular,persistent,1,1
10209,250333,254208,16,0,0,fused_streaming,circular,persistent,1,1
10210,256708,260708,16,0,0,fused_streaming,circular,persistent,1,1
10211,254500,258333,16,0,0,fused_streaming,circular,persistent,1,1
10212,249459,253375,16,0,0,fused_streaming,circular,persistent,1,1
10213,245625,249458,16,0,0,fused_streaming,circular,persistent,1,1
10214,246500,250333,16,0,0,fused_streaming,circular,persistent,1,1
10215,241834,245709,16,0,0,fused_streaming,circular,persistent,1,1
10216,244625,248583,16,0,0,fused_streaming,circular,persistent,1,1
10217,245375,249417,16,0,0,fused_streaming,circular,persistent,1,1
10218,242334,246250,16,0,0,fused_streaming,circular,persistent,1,1
10219,245583,249500,16,0,0,fused_streaming,circular,persistent,1,1
10220,256458,260375,16,0,0,fused_streaming,circular,persistent,1,1
10221,257708,261667,16,0,0,fused_streaming,circular,persistent,1,1
10222,253709,257708,16,0,0,fused_streaming,circular,persistent,1,1
10223,248166,252083,16,0,0,fused_streaming,circular,persistent,1,1
10224,240791,244709,16,0,0,fused_streaming,circular,persistent,1,1
10225,245292,249209,16,0,0,fused_streaming,circular,persistent,1,1
10226,241666,245542,16,0,0,fused_streaming,circular,persistent,1,1
10227,240958,244792,16,0,0,fused_streaming,circular,persistent,1,1
10228,245584,249542,16,0,0,fused_streaming,circular,persistent,1,1
10229,247542,251500,16,0,0,fused_streaming,circular,persistent,1,1
10230,242584,246833,16,0,0,fused_streaming,circular,persistent,1,1
10231,255417,259416,16,0,0,fused_streaming,circular,persistent,1,1
10232,256084,260000,16,0,0,fused_streaming,circular,persistent,1,1
10233,254500,258417,16,0,0,fused_streaming,circular,persistent,1,1
10234,243166,247125,16,0,0,fused_streaming,circular,persistent,1,1
10235,233208,241458,16,0,0,fused_streaming,circular,persistent,1,1
10236,242542,246416,16,0,0,fused_streaming,circular,persistent,1,1
10237,242750,246584,16,0,0,fused_streaming,circular,persistent,1,1
10238,247334,251334,16,0,0,fused_streaming,circular,persistent,1,1
10239,246834,250750,16,0,0,fused_streaming,circular,persistent,1,1
10240,237500,241416,16,0,0,fused_streaming,circular,persistent,1,1
10241,246042,250000,16,0,0,fused_streaming,circular,persistent,1,1
10242,293333,297375,16,0,0,fused_streaming,circular,persistent,1,1
10243,255500,259417,16,0,0,fused_streaming,circular,persistent,1,1
10244,256208,260084,16,0,0,fused_streaming,circular,persistent,1,1
10245,243084,246958,16,0,0,fused_streaming,circular,persistent,1,1
10246,233708,237584,16,0,0,fused_streaming,circular,persistent,1,1
10247,242083,245958,16,0,0,fused_streaming,circular,persistent,1,1
10248,243375,247166,16,0,0,fused_streaming,circular,persistent,1,1
10249,247500,251333,16,0,0,fused_streaming,circular,persistent,1,1
10250,248000,251875,16,0,0,fused_streaming,circular,persistent,1,1
10251,236500,240375,16,0,0,fused_streaming,circular,persistent,1,1
10252,248375,252333,16,0,0,fused_streaming,circular,persistent,1,1
10253,248542,252375,16,0,0,fused_streaming,circular,persistent,1,1
10254,255500,259458,16,0,0,fused_streaming,circular,persistent,1,1
10255,260500,264375,16,0,0,fused_streaming,circular,persistent,1,1
10256,242500,246333,16,0,0,fused_streaming,circular,persistent,1,1
10257,245250,249125,16,0,0,fused_streaming,circular,persistent,1,1
10258,244334,248333,16,0,0,fused_streaming,circular,persistent,1,1
10259,243041,246917,16,0,0,fused_streaming,circular,persistent,1,1
10260,237917,241791,16,0,0,fused_streaming,circular,persistent,1,1
10261,246000,249834,16,0,0,fused_streaming,circular,persistent,1,1
10262,234166,238083,16,0,0,fused_streaming,circular,persistent,1,1
10263,248916,252833,16,0,0,fused_streaming,circular,persistent,1,1
10264,246459,250333,16,0,0,fused_streaming,circular,persistent,1,1
10265,295958,300042,16,0,0,fused_streaming,circular,persistent,1,1
10266,253500,261625,16,0,0,fused_streaming,circular,persistent,1,1
10267,250416,254375,16,0,0,fused_streaming,circular,persistent,1,1
10268,244833,248667,16,0,0,fused_streaming,circular,persistent,1,1
10269,245500,249500,16,0,0,fused_streaming,circular,persistent,1,1
10270,245375,249208,16,0,0,fused_streaming,circular,persistent,1,1
10271,240500,244500,16,0,0,fused_streaming,circular,persistent,1,1
10272,241042,244833,16,0,0,fused_streaming,circular,persistent,1,1
10273,241625,245500,16,0,0,fused_streaming,circular,persistent,1,1
10274,247542,251417,16,0,0,fused_streaming,circular,persistent,1,1
10275,252167,256083,16,0,0,fused_streaming,circular,persistent,1,1
10276,251625,255500,16,0,0,fused_streaming,circular,persistent,1,1
10277,256000,259875,16,0,0,fused_streaming,circular,persistent,1,1
10278,248708,252542,16,0,0,fused_streaming,circular,persistent,1,1
10279,240042,243958,16,0,0,fused_streaming,circular,persistent,1,1
10280,246042,249875,16,0,0,fused_streaming,circular,persistent,1,1
10281,245667,249625,16,0,0,fused_streaming,circular,persistent,1,1
10282,236333,240208,16,0,0,fused_streaming,circular,persistent,1,1
10283,241166,245000,16,0,0,fused_streaming,circular,persistent,1,1
10284,247625,251458,16,0,0,fused_streaming,circular,persistent,1,1
10285,249375,253250,16,0,0,fused_streaming,circular,persistent,1,1
10286,297541,301708,16,0,0,fused_streaming,circular,persistent,1,1
10287,252041,255917,16,0,0,fused_streaming,circular,persistent,1,1
10288,245250,249167,16,0,0,fused_streaming,circular,persistent,1,1
10289,245000,248916,16,0,0,fused_streaming,circular,persistent,1,1
10290,248041,252083,16,0,0,fused_streaming,circular,persistent,1,1
10291,246291,250125,16,0,0,fused_streaming,circular,persistent,1,1
10292,240833,244709,16,0,0,fused_streaming,circular,persistent,1,1
10293,243708,247667,16,0,0,fused_streaming,circular,persistent,1,1
10294,242417,246250,16,0,0,fused_streaming,circular,persistent,1,1
10295,244417,248334,16,0,0,fused_streaming,circular,persistent,1,1
10296,253250,257125,16,0,0,fused_streaming,circular,persistent,1,1
10297,255000,258875,16,0,0,fused_streaming,circular,persistent,1,1
10298,249833,254000,16,0,0,fused_streaming,circular,persistent,1,1
10299,243458,247333,16,0,0,fused_streaming,circular,persistent,1,1
10300,244333,248292,16,0,0,fused_streaming,circular,persistent,1,1
10301,239750,243541,16,0,0,fused_streaming,circular,persistent,1,1
10302,230959,234916,16,0,0,fused_streaming,circular,persistent,1,1
10303,234708,238875,16,0,0,fused_streaming,circular,persistent,1,1
10304,248583,252375,16,0,0,fused_streaming,circular,persistent,1,1
10305,239250,243042,16,0,0,fused_streaming,circular,persistent,1,1
10306,245875,249750,16,0,0,fused_streaming,circular,persistent,1,1
10307,254708,258542,16,0,0,fused_streaming,circular,persistent,1,1
10308,258500,262334,16,0,0,fused_streaming,circular,persistent,1,1
10309,293750,297833,16,0,0,fused_streaming,circular,persistent,1,1
10310,246792,250667,16,0,0,fused_streaming,circular,persistent,1,1
10311,241958,245792,16,0,0,fused_streaming,circular,persistent,1,1
10312,245167,249000,16,0,0,fused_streaming,circular,persistent,1,1
10313,277875,282208,16,0,0,fused_streaming,circular,persistent,1,1
10314,245584,249458,16,0,0,fused_streaming,circular,persistent,1,1
10315,247333,251333,16,0,0,fused_streaming,circular,persistent,1,1
10316,243250,247209,16,0,0,fused_streaming,circular,persistent,1,1
10317,248084,252041,16,0,0,fused_streaming,circular,persistent,1,1
10318,256542,260500,16,0,0,fused_streaming,circular,persistent,1,1
10319,256666,260584,16,0,0,fused_streaming,circular,persistent,1,1
10320,249000,252875,16,0,0,fused_streaming,circular,persistent,1,1
10321,236125,240000,16,0,0,fused_streaming,circular,persistent,1,1
10322,243291,247208,16,0,0,fused_streaming,circular,persistent,1,1
10323,240208,244084,16,0,0,fused_streaming,circular,persistent,1,1
10324,239792,243708,16,0,0,fused_streaming,circular,persistent,1,1
10325,241416,245333,16,0,0,fused_streaming,circular,persistent,1,1
10326,243208,247167,16,0,0,fused_streaming,circular,persistent,1,1
10327,249750,253667,16,0,0,fused_streaming,circular,persistent,1,1
10328,249667,253583,16,0,0,fused_streaming,circular,persistent,1,1
10329,258084,261917,16,0,0,fused_streaming,circular,persistent,1,1
10330,294750,298792,16,0,0,fused_streaming,circular,persistent,1,1
10331,246375,250333,16,0,0,fused_streaming,circular,persistent,1,1
10332,284083,288125,16,0,0,fused_streaming,circular,persistent,1,1
10333,239959,243875,16,0,0,fused_streaming,circular,persistent,1,1
10334,239125,243000,16,0,0,fused_streaming,circular,persistent,1,1
10335,244459,248375,16,0,0,fused_streaming,circular,persistent,1,1
10336,240083,244125,16,0,0,fused_streaming,circular,persistent,1,1
10337,244375,248292,16,0,0,fused_streaming,circular,persistent,1,1
10338,237375,241333,16,0,0,fused_streaming,circular,persistent,1,1
10339,256083,259917,16,0,0,fused_streaming,circular,persistent,1,1
10340,257750,261792,16,0,0,fused_streaming,circular,persistent,1,1
10341,251375,255208,16,0,0,fused_streaming,circular,persistent,1,1
10342,236333,240208,16,0,0,fused_streaming,circular,persistent,1,1
10343,244208,248125,16,0,0,fused_streaming,circular,persistent,1,1
10344,236959,240916,16,0,0,fused_streaming,circular,persistent,1,1
10345,243709,247583,16,0,0,fused_streaming,circular,persistent,1,1
10346,235125,244375,16,0,0,fused_streaming,circular,persistent,1,1
10347,246666,250542,16,0,0,fused_streaming,circular,persistent,1,1
10348,241000,244958,16,0,0,fused_streaming,circular,persistent,1,1
10349,248583,252417,16,0,0,fused_streaming,circular,persistent,1,1
10350,260417,264375,16,0,0,fused_streaming,circular,persistent,1,1
10351,253375,257292,16,0,0,fused_streaming,circular,persistent,1,1
10352,241375,245333,16,0,0,fused_streaming,circular,persistent,1,1
10353,245292,249208,16,0,0,fused_streaming,circular,persistent,1,1
10354,239083,243000,16,0,0,fused_streaming,circular,persistent,1,1
10355,243167,247041,16,0,0,fused_streaming,circular,persistent,1,1
10356,236416,240334,16,0,0,fused_streaming,circular,persistent,1,1
10357,236708,240542,16,0,0,fused_streaming,circular,persistent,1,1
10358,245750,249666,16,0,0,fused_streaming,circular,persistent,1,1
10359,244292,248209,16,0,0,fused_streaming,circular,persistent,1,1
10360,258459,262416,16,0,0,fused_streaming,circular,persistent,1,1
10361,257666,261583,16,0,0,fused_streaming,circular,persistent,1,1
10362,245000,248833,16,0,0,fused_streaming,circular,persistent,1,1
10363,241166,293000,16,0,0,fused_streaming,circular,persistent,1,1
10364,244333,248417,16,0,0,fused_streaming,circular,persistent,1,1
10365,237916,241750,16,0,0,fused_streaming,circular,persistent,1,1
10366,235542,239500,16,0,0,fused_streaming,circular,persistent,1,1
10367,245875,249833,16,0,0,fused_streaming,circular,persistent,1,1
10368,243583,247500,16,0,0,fused_streaming,circular,persistent,1,1
10369,239791,243667,16,0,0,fused_streaming,circular,persistent,1,1
10370,252208,256166,16,0,0,fused_streaming,circular,persistent,1,1
10371,254459,258458,16,0,0,fused_streaming,circular,persistent,1,1
10372,252917,256791,16,0,0,fused_streaming,circular,persistent,1,1
10373,246458,250334,16,0,0,fused_streaming,circular,persistent,1,1
10374,247292,251167,16,0,0,fused_streaming,circular,persistent,1,1
10375,265666,269750,16,0,0,fused_streaming,circular,persistent,1,1
10376,232958,237208,16,0,0,fused_streaming,circular,persistent,1,1
10377,245417,249334,16,0,0,fused_streaming,circular,persistent,1,1
10378,234083,238000,16,0,0,fused_streaming,circular,persistent,1,1
10379,245416,249292,16,0,0,fused_streaming,circular,persistent,1,1
10380,249875,253792,16,0,0,fused_streaming,circular,persistent,1,1
10381,254875,258792,16,0,0,fused_streaming,circular,persistent,1,1
10382,257250,261125,16,0,0,fused_streaming,circular,persistent,1,1
10383,242541,246500,16,0,0,fused_streaming,circular,persistent,1,1
10384,245208,249083,16,0,0,fused_streaming,circular,persistent,1,1
10385,237834,241750,16,0,0,fused_streaming,circular,persistent,1,1
10386,241917,245834,16,0,0,fused_streaming,circular,persistent,1,1
10387,246167,250084,16,0,0,fused_streaming,circular,persistent,1,1
10388,241375,245292,16,0,0,fused_streaming,circular,persistent,1,1
10389,248584,252500,16,0,0,fused_streaming,circular,persistent,1,1
10390,247417,251292,16,0,0,fused_streaming,circular,persistent,1,1
10391,255375,259292,16,0,0,fused_streaming,circular,persistent,1,1
10392,256000,259917,16,0,0,fused_streaming,circular,persistent,1,1
10393,250584,254542,16,0,0,fused_streaming,circular,persistent,1,1
10394,235750,239750,16,0,0,fused_streaming,circular,persistent,1,1
10395,267125,271167,16,0,0,fused_streaming,circular,persistent,1,1
10396,239875,243750,16,0,0,fused_streaming,circular,persistent,1,1
10397,239041,242875,16,0,0,fused_streaming,circular,persistent,1,1
10398,244625,248500,16,0,0,fused_streaming,circular,persistent,1,1
10399,249459,253417,16,0,0,fused_streaming,circular,persistent,1,1
10400,249041,252958,16,0,0,fused_streaming,circular,persistent,1,1
10401,255875,259833,16,0,0,fused_streaming,circular,persistent,1,1
10402,253417,257375,16,0,0,fused_streaming,circular,persistent,1,1
10403,248125,252125,16,0,0,fused_streaming,circular,persistent,1,1
10404,234833,243000,16,0,0,fused_streaming,circular,persistent,1,1
10405,242291,246167,16,0,0,fused_streaming,circular,persistent,1,1
10406,243958,247791,16,0,0,fused_streaming,circular,persistent,1,1
10407,242917,246833,16,0,0,fused_streaming,circular,persistent,1,1
10408,246708,250584,16,0,0,fused_streaming,circular,persistent,1,1
10409,248875,252750,16,0,0,fused_streaming,circular,persistent,1,1
10410,248334,252208,16,0,0,fused_streaming,circular,persistent,1,1
10411,252792,256667,16,0,0,fused_streaming,circular,persistent,1,1
10412,251583,255500,16,0,0,fused_streaming,circular,persistent,1,1
10413,237750,241666,16,0,0,fused_streaming,circular,persistent,1,1
10414,234417,238250,16,0,0,fused_streaming,circular,persistent,1,1
10415,240125,244000,16,0,0,fused_streaming,circular,persistent,1,1
10416,244417,248250,16,0,0,fused_streaming,circular,persistent,1,1
10417,341708,346000,16,0,0,fused_streaming,circular,persistent,1,1
10418,247459,251333,16,0,0,fused_streaming,circular,persistent,1,1
10419,248209,252125,16,0,0,fused_streaming,circular,persistent,1,1
10420,251125,255042,16,0,0,fused_streaming,circular,persistent,1,1
10421,256791,260625,16,0,0,fused_streaming,circular,persistent,1,1
10422,288500,292666,16,0,0,fused_streaming,circular,persistent,1,1
10423,245083,248958,16,0,0,fused_streaming,circular,persistent,1,1
10424,276834,285042,16,0,0,fused_streaming,circular,persistent,1,1
10425,235625,239417,16,0,0,fused_streaming,circular,persistent,1,1
10426,244833,248709,16,0,0,fused_streaming,circular,persistent,1,1
10427,237375,241208,16,0,0,fused_streaming,circular,persistent,1,1
10428,302041,306250,16,0,0,fused_streaming,circular,persistent,1,1
10429,245083,248917,16,0,0,fused_streaming,circular,persistent,1,1
10430,253000,257042,16,0,0,fused_streaming,circular,persistent,1,1
10431,252375,256292,16,0,0,fused_streaming,circular,persistent,1,1
10432,251708,255625,16,0,0,fused_streaming,circular,persistent,1,1
10433,239458,243333,16,0,0,fused_streaming,circular,persistent,1,1
10434,242792,246708,16,0,0,fused_streaming,circular,persistent,1,1
10435,238875,242792,16,0,0,fused_streaming,circular,persistent,1,1
10436,244083,247958,16,0,0,fused_streaming,circular,persistent,1,1
10437,240667,244833,16,0,0,fused_streaming,circular,persistent,1,1
10438,246250,250041,16,0,0,fused_streaming,circular,persistent,1,1
10439,243417,247375,16,0,0,fused_streaming,circular,persistent,1,1
10440,247625,251500,16,0,0,fused_streaming,circular,persistent,1,1
10441,257417,261334,16,0,0,fused_streaming,circular,persistent,1,1
10442,251291,255125,16,0,0,fused_streaming,circular,persistent,1,1
10443,244375,248250,16,0,0,fused_streaming,circular,persistent,1,1
10444,241458,245375,16,0,0,fused_streaming,circular,persistent,1,1
10445,244333,248209,16,0,0,fused_streaming,circular,persistent,1,1
10446,237583,241417,16,0,0,fused_streaming,circular,persistent,1,1
10447,246625,250500,16,0,0,fused_streaming,circular,persistent,1,1
10448,246250,250167,16,0,0,fused_streaming,circular,persistent,1,1
10449,238875,242833,16,0,0,fused_streaming,circular,persistent,1,1
10450,250625,254500,16,0,0,fused_streaming,circular,persistent,1,1
10451,299208,303292,16,0,0,fused_streaming,circular,persistent,1,1
10452,242500,246417,16,0,0,fused_streaming,circular,persistent,1,1
10453,245416,249375,16,0,0,fused_streaming,circular,persistent,1,1
10454,246042,249917,16,0,0,fused_streaming,circular,persistent,1,1
10455,238792,242791,16,0,0,fused_streaming,circular,persistent,1,1
10456,243583,247500,16,0,0,fused_streaming,circular,persistent,1,1
10457,242250,246125,16,0,0,fused_streaming,circular,persistent,1,1
10458,240791,244667,16,0,0,fused_streaming,circular,persistent,1,1
10459,277542,281541,16,0,0,fused_streaming,circular,persistent,1,1
10460,254166,258042,16,0,0,fused_streaming,circular,persistent,1,1
10461,259000,262875,16,0,0,fused_streaming,circular,persistent,1,1
10462,243792,247667,16,0,0,fused_streaming,circular,persistent,1,1
10463,245167,249167,16,0,0,fused_streaming,circular,persistent,1,1
10464,244834,248750,16,0,0,fused_streaming,circular,persistent,1,1
10465,242083,246042,16,0,0,fused_streaming,circular,persistent,1,1
10466,246583,250500,16,0,0,fused_streaming,circular,persistent,1,1
10467,243375,247208,16,0,0,fused_streaming,circular,persistent,1,1
10468,238084,242166,16,0,0,fused_streaming,circular,persistent,1,1
10469,241250,245167,16,0,0,fused_streaming,circular,persistent,1,1
10470,252167,256083,16,0,0,fused_streaming,circular,persistent,1,1
10471,259292,263292,16,0,0,fused_streaming,circular,persistent,1,1
10472,245125,249000,16,0,0,fused_streaming,circular,persistent,1,1
10473,247666,251542,16,0,0,fused_streaming,circular,persistent,1,1
10474,237541,241375,16,0,0,fused_streaming,circular,persistent,1,1
10475,237459,241375,16,0,0,fused_streaming,circular,persistent,1,1
10476,246583,250500,16,0,0,fused_streaming,circular,persistent,1,1
10477,246417,250417,16,0,0,fused_streaming,circular,persistent,1,1
10478,235084,239000,16,0,0,fused_streaming,circular,persistent,1,1
10479,238625,242584,16,0,0,fused_streaming,circular,persistent,1,1
10480,248791,252750,16,0,0,fused_streaming,circular,persistent,1,1
10481,257875,261750,16,0,0,fused_streaming,circular,persistent,1,1
10482,249875,253750,16,0,0,fused_streaming,circular,persistent,1,1
10483,246375,250291,16,0,0,fused_streaming,circular,persistent,1,1
10484,293792,297833,16,0,0,fused_streaming,circular,persistent,1,1
10485,239709,243583,16,0,0,fused_streaming,circular,persistent,1,1
10486,290333,294417,16,0,0,fused_streaming,circular,persistent,1,1
10487,241750,245667,16,0,0,fused_streaming,circular,persistent,1,1
10488,233625,237500,16,0,0,fused_streaming,circular,persistent,1,1
10489,240542,244458,16,0,0,fused_streaming,circular,persistent,1,1
10490,242667,246667,16,0,0,fused_streaming,circular,persistent,1,1
10491,249708,253542,16,0,0,fused_streaming,circular,persistent,1,1
10492,283666,287792,16,0,0,fused_streaming,circular,persistent,1,1
10493,244875,248750,16,0,0,fused_streaming,circular,persistent,1,1
10494,278750,282833,16,0,0,fused_streaming,circular,persistent,1,1
10495,244000,247959,16,0,0,fused_streaming,circular,persistent,1,1
10496,248916,253083,16,0,0,fused_streaming,circular,persistent,1,1
10497,239084,242958,16,0,0,fused_streaming,circular,persistent,1,1
10498,275000,279292,16,0,0,fused_streaming,circular,persistent,1,1
10499,239792,243625,16,0,0,fused_streaming,circular,persistent,1,1
10500,286250,290334,16,0,0,fused_streaming,circular,persistent,1,1
10501,257833,261750,16,0,0,fused_streaming,circular,persistent,1,1
10502,255042,258958,16,0,0,fused_streaming,circular,persistent,1,1
10503,235916,239833,16,0,0,fused_streaming,circular,persistent,1,1
10504,244292,248459,16,0,0,fused_streaming,circular,persistent,1,1
10505,239250,243208,16,0,0,fused_streaming,circular,persistent,1,1
10506,239417,243292,16,0,0,fused_streaming,circular,persistent,1,1
10507,225000,228917,16,0,0,fused_streaming,circular,persistent,1,1
10508,233167,237125,16,0,0,fused_streaming,circular,persistent,1,1
10509,244083,247917,16,0,0,fused_streaming,circular,persistent,1,1
10510,252458,256333,16,0,0,fused_streaming,circular,persistent,1,1
10511,250333,254584,16,0,0,fused_streaming,circular,persistent,1,1
10512,248375,252292,16,0,0,fused_streaming,circular,persistent,1,1
10513,245334,249292,16,0,0,fused_streaming,circular,persistent,1,1
10514,246042,250000,16,0,0,fused_streaming,circular,persistent,1,1
10515,247834,251708,16,0,0,fused_streaming,circular,persistent,1,1
10516,241375,245208,16,0,0,fused_streaming,circular,persistent,1,1
10517,240292,244250,16,0,0,fused_streaming,circular,persistent,1,1
10518,241375,245542,16,0,0,fused_streaming,circular,persistent,1,1
10519,237125,241041,16,0,0,fused_streaming,circular,persistent,1,1
10520,245625,249500,16,0,0,fused_streaming,circular,persistent,1,1
10521,253833,257750,16,0,0,fused_streaming,circular,persistent,1,1
10522,250458,254334,16,0,0,fused_streaming,circular,persistent,1,1
10523,246333,250209,16,0,0,fused_streaming,circular,persistent,1,1
10524,246750,250667,16,0,0,fused_streaming,circular,persistent,1,1
10525,240292,244250,16,0,0,fused_streaming,circular,persistent,1,1
10526,230959,234875,16,0,0,fused_streaming,circular,persistent,1,1
10527,237000,240875,16,0,0,fused_streaming,circular,persistent,1,1
10528,240167,244125,16,0,0,fused_streaming,circular,persistent,1,1
10529,236333,240250,16,0,0,fused_streaming,circular,persistent,1,1
10530,264542,269167,16,0,0,fused_streaming,circular,persistent,1,1
10531,311000,315417,16,0,0,fused_streaming,circular,persistent,1,1
10532,253125,257000,16,0,0,fused_streaming,circular,persistent,1,1
10533,248583,252500,16,0,0,fused_streaming,circular,persistent,1,1
10534,247666,251583,16,0,0,fused_streaming,circular,persistent,1,1
10535,245791,249791,16,0,0,fused_streaming,circular,persistent,1,1
10536,239833,243709,16,0,0,fused_streaming,circular,persistent,1,1
10537,236667,240542,16,0,0,fused_streaming,circular,persistent,1,1
10538,239166,243083,16,0,0,fused_streaming,circular,persistent,1,1
10539,245041,249000,16,0,0,fused_streaming,circular,persistent,1,1
10540,237500,241291,16,0,0,fused_streaming,circular,persistent,1,1
10541,245375,249292,16,0,0,fused_streaming,circular,persistent,1,1
10542,246042,249916,16,0,0,fused_streaming,circular,persistent,1,1
10543,253375,257333,16,0,0,fused_streaming,circular,persistent,1,1
10544,242125,246416,16,0,0,fused_streaming,circular,persistent,1,1
10545,240000,244000,16,0,0,fused_streaming,circular,persistent,1,1
10546,242666,246625,16,0,0,fused_streaming,circular,persistent,1,1
10547,237791,241750,16,0,0,fused_streaming,circular,persistent,1,1
10548,233875,237791,16,0,0,fused_streaming,circular,persistent,1,1
10549,237958,242000,16,0,0,fused_streaming,circular,persistent,1,1
10550,233458,237375,16,0,0,fused_streaming,circular,persistent,1,1
10551,281833,285958,16,0,0,fused_streaming,circular,persistent,1,1
10552,247750,251708,16,0,0,fused_streaming,circular,persistent,1,1
10553,253625,257708,16,0,0,fused_streaming,circular,persistent,1,1
10554,248000,251833,16,0,0,fused_streaming,circular,persistent,1,1
10555,242459,246375,16,0,0,fused_streaming,circular,persistent,1,1
10556,243334,247292,16,0,0,fused_streaming,circular,persistent,1,1
10557,238667,242583,16,0,0,fused_streaming,circular,persistent,1,1
10558,231875,235667,16,0,0,fused_streaming,circular,persistent,1,1
10559,233459,237417,16,0,0,fused_streaming,circular,persistent,1,1
10560,235708,239625,16,0,0,fused_streaming,circular,persistent,1,1
10561,239625,243625,16,0,0,fused_streaming,circular,persistent,1,1
10562,248209,252125,16,0,0,fused_streaming,circular,persistent,1,1
10563,243250,247167,16,0,0,fused_streaming,circular,persistent,1,1
10564,254875,258792,16,0,0,fused_streaming,circular,persistent,1,1
10565,241875,245750,16,0,0,fused_streaming,circular,persistent,1,1
10566,242916,246875,16,0,0,fused_streaming,circular,persistent,1,1
10567,241625,245458,16,0,0,fused_streaming,circular,persistent,1,1
10568,235209,239125,16,0,0,fused_streaming,circular,persistent,1,1
10569,225791,233917,16,0,0,fused_streaming,circular,persistent,1,1
10570,231625,235791,16,0,0,fused_streaming,circular,persistent,1,1
10571,232875,236792,16,0,0,fused_streaming,circular,persistent,1,1
10572,245333,249208,16,0,0,fused_streaming,circular,persistent,1,1
10573,237584,241458,16,0,0,fused_streaming,circular,persistent,1,1
10574,253750,257625,16,0,0,fused_streaming,circular,persistent,1,1
10575,240041,244000,16,0,0,fused_streaming,circular,persistent,1,1
10576,243042,246875,16,0,0,fused_streaming,circular,persistent,1,1
10577,238709,242541,16,0,0,fused_streaming,circular,persistent,1,1
10578,236792,240750,16,0,0,fused_streaming,circular,persistent,1,1
10579,229292,233167,16,0,0,fused_streaming,circular,persistent,1,1
10580,235333,239291,16,0,0,fused_streaming,circular,persistent,1,1
10581,236958,240792,16,0,0,fused_streaming,circular,persistent,1,1
10582,236250,240125,16,0,0,fused_streaming,circular,persistent,1,1
10583,239958,243792,16,0,0,fused_streaming,circular,persistent,1,1
10584,242875,246708,16,0,0,fused_streaming,circular,persistent,1,1
10585,251791,255625,16,0,0,fused_streaming,circular,persistent,1,1
10586,244458,248500,16,0,0,fused_streaming,circular,persistent,1,1
10587,237541,241458,16,0,0,fused_streaming,circular,persistent,1,1
10588,244708,248625,16,0,0,fused_streaming,circular,persistent,1,1
10589,240000,243833,16,0,0,fused_streaming,circular,persistent,1,1
10590,276292,280500,16,0,0,fused_streaming,circular,persistent,1,1
10591,241000,244833,16,0,0,fused_streaming,circular,persistent,1,1
10592,239167,243042,16,0,0,fused_streaming,circular,persistent,1,1
10593,244584,248500,16,0,0,fused_streaming,circular,persistent,1,1
10594,239709,243583,16,0,0,fused_streaming,circular,persistent,1,1
10595,253750,257625,16,0,0,fused_streaming,circular,persistent,1,1
10596,285666,289917,16,0,0,fused_streaming,circular,persistent,1,1
10597,258250,262375,16,0,0,fused_streaming,circular,persistent,1,1
10598,241250,245084,16,0,0,fused_streaming,circular,persistent,1,1
10599,241208,245125,16,0,0,fused_streaming,circular,persistent,1,1
10600,231000,234875,16,0,0,fused_streaming,circular,persistent,1,1
10601,236583,240500,16,0,0,fused_streaming,circular,persistent,1,1
10602,239750,243584,16,0,0,fused_streaming,circular,persistent,1,1
10603,239167,243084,16,0,0,fused_streaming,circular,persistent,1,1
10604,231667,235542,16,0,0,fused_streaming,circular,persistent,1,1
10605,250875,254834,16,0,0,fused_streaming,circular,persistent,1,1
10606,250958,254834,16,0,0,fused_streaming,circular,persistent,1,1
10607,237041,240916,16,0,0,fused_streaming,circular,persistent,1,1
10608,241750,245667,16,0,0,fused_streaming,circular,persistent,1,1
10609,242584,246417,16,0,0,fused_streaming,circular,persistent,1,1
10610,234000,237875,16,0,0,fused_streaming,circular,persistent,1,1
10611,238750,242750,16,0,0,fused_streaming,circular,persistent,1,1
10612,240750,244584,16,0,0,fused_streaming,circular,persistent,1,1
10613,243958,247792,16,0,0,fused_streaming,circular,persistent,1,1
10614,238167,242042,16,0,0,fused_streaming,circular,persistent,1,1
10615,248333,252333,16,0,0,fused_streaming,circular,persistent,1,1
10616,253334,257250,16,0,0,fused_streaming,circular,persistent,1,1
10617,240000,243791,16,0,0,fused_streaming,circular,persistent,1,1
10618,241666,245500,16,0,0,fused_streaming,circular,persistent,1,1
10619,272875,276958,16,0,0,fused_streaming,circular,persistent,1,1
10620,220209,224042,16,0,0,fused_streaming,circular,persistent,1,1
10621,231667,235542,16,0,0,fused_streaming,circular,persistent,1,1
10622,239625,243500,16,0,0,fused_streaming,circular,persistent,1,1
10623,239333,243375,16,0,0,fused_streaming,circular,persistent,1,1
10624,244083,247958,16,0,0,fused_streaming,circular,persistent,1,1
10625,238667,242500,16,0,0,fused_streaming,circular,persistent,1,1
10626,247625,251458,16,0,0,fused_streaming,circular,persistent,1,1
10627,244250,248083,16,0,0,fused_streaming,circular,persistent,1,1
10628,243208,247083,16,0,0,fused_streaming,circular,persistent,1,1
10629,238083,241916,16,0,0,fused_streaming,circular,persistent,1,1
10630,240833,244792,16,0,0,fused_streaming,circular,persistent,1,1
10631,237208,241084,16,0,0,fused_streaming,circular,persistent,1,1
10632,232292,236209,16,0,0,fused_streaming,circular,persistent,1,1
10633,241042,244916,16,0,0,fused_streaming,circular,persistent,1,1
10634,234958,238875,16,0,0,fused_streaming,circular,persistent,1,1
10635,240250,244167,16,0,0,fused_streaming,circular,persistent,1,1
10636,244208,248083,16,0,0,fused_streaming,circular,persistent,1,1
10637,253667,257833,16,0,0,fused_streaming,circular,persistent,1,1
10638,240917,244916,16,0,0,fused_streaming,circular,persistent,1,1
10639,231375,235292,16,0,0,fused_streaming,circular,persistent,1,1
10640,288750,292875,16,0,0,fused_streaming,circular,persistent,1,1
10641,241875,245791,16,0,0,fused_streaming,circular,persistent,1,1
10642,235208,239084,16,0,0,fused_streaming,circular,persistent,1,1
10643,236125,240000,16,0,0,fused_streaming,circular,persistent,1,1
10644,232917,236834,16,0,0,fused_streaming,circular,persistent,1,1
10645,239000,243125,16,0,0,fused_streaming,circular,persistent,1,1
10646,246750,250625,16,0,0,fused_streaming,circular,persistent,1,1
10647,250959,254833,16,0,0,fused_streaming,circular,persistent,1,1
10648,247875,251834,16,0,0,fused_streaming,circular,persistent,1,1
10649,234875,238834,16,0,0,fused_streaming,circular,persistent,1,1
10650,233708,237625,16,0,0,fused_streaming,circular,persistent,1,1
10651,242709,246625,16,0,0,fused_streaming,circular,persistent,1,1
10652,234584,238458,16,0,0,fused_streaming,circular,persistent,1,1
10653,238125,242042,16,0,0,fused_streaming,circular,persistent,1,1
10654,238334,242250,16,0,0,fused_streaming,circular,persistent,1,1
10655,236750,240708,16,0,0,fused_streaming,circular,persistent,1,1
10656,231959,235875,16,0,0,fused_streaming,circular,persistent,1,1
10657,241959,245875,16,0,0,fused_streaming,circular,persistent,1,1
10658,252625,256666,16,0,0,fused_streaming,circular,persistent,1,1
10659,240750,244583,16,0,0,fused_streaming,circular,persistent,1,1
10660,230917,234750,16,0,0,fused_streaming,circular,persistent,1,1
10661,243750,247667,16,0,0,fused_streaming,circular,persistent,1,1
10662,236167,240083,16,0,0,fused_streaming,circular,persistent,1,1
10663,234500,238417,16,0,0,fused_streaming,circular,persistent,1,1
10664,240000,243917,16,0,0,fused_streaming,circular,persistent,1,1
10665,288500,292792,16,0,0,fused_streaming,circular,persistent,1,1
10666,239250,243167,16,0,0,fused_streaming,circular,persistent,1,1
10667,276292,280375,16,0,0,fused_streaming,circular,persistent,1,1
10668,242542,246375,16,0,0,fused_streaming,circular,persistent,1,1
10669,296542,300875,16,0,0,fused_streaming,circular,persistent,1,1
10670,245125,249084,16,0,0,fused_streaming,circular,persistent,1,1
10671,279583,283917,16,0,0,fused_streaming,circular,persistent,1,1
10672,237542,241458,16,0,0,fused_streaming,circular,persistent,1,1
10673,231750,235709,16,0,0,fused_streaming,circular,persistent,1,1
10674,234292,238208,16,0,0,fused_streaming,circular,persistent,1,1
10675,224125,228084,16,0,0,fused_streaming,circular,persistent,1,1
10676,233417,237375,16,0,0,fused_streaming,circular,persistent,1,1
10677,236291,240250,16,0,0,fused_streaming,circular,persistent,1,1
10678,224291,228458,16,0,0,fused_streaming,circular,persistent,1,1
10679,233625,237542,16,0,0,fused_streaming,circular,persistent,1,1
10680,285334,289625,16,0,0,fused_streaming,circular,persistent,1,1
10681,245334,249292,16,0,0,fused_streaming,circular,persistent,1,1
10682,285459,289750,16,0,0,fused_streaming,circular,persistent,1,1
10683,241750,245625,16,0,0,fused_streaming,circular,persistent,1,1
10684,226167,230125,16,0,0,fused_streaming,circular,persistent,1,1
10685,230083,234000,16,0,0,fused_streaming,circular,persistent,1,1
10686,226666,230583,16,0,0,fused_streaming,circular,persistent,1,1
10687,236500,240375,16,0,0,fused_streaming,circular,persistent,1,1
10688,235584,239541,16,0,0,fused_streaming,circular,persistent,1,1
10689,267792,272125,16,0,0,fused_streaming,circular,persistent,1,1
10690,236792,240708,16,0,0,fused_streaming,circular,persistent,1,1
10691,292125,296208,16,0,0,fused_streaming,circular,persistent,1,1
10692,241208,245125,16,0,0,fused_streaming,circular,persistent,1,1
10693,33638166,33644208,16,1,0,fused_streaming,circular,persistent,1,1
10694,227500,231459,16,0,0,fused_streaming,circular,persistent,1,1
10695,214584,218458,16,0,0,fused_streaming,circular,persistent,1,1
10696,226208,230125,16,0,0,fused_streaming,circular,persistent,1,1
10697,235000,239000,16,0,0,fused_streaming,circular,persistent,1,1
10698,236292,240167,16,0,0,fused_streaming,circular,persistent,1,1
10699,278666,282833,16,0,0,fused_streaming,circular,persistent,1,1
10700,224042,227916,16,0,0,fused_streaming,circular,persistent,1,1
10701,234750,238625,16,0,0,fused_streaming,circular,persistent,1,1
10702,250875,254750,16,0,0,fused_streaming,circular,persistent,1,1
10703,245750,249667,16,0,0,fused_streaming,circular,persistent,1,1
10704,237167,241084,16,0,0,fused_streaming,circular,persistent,1,1
10705,237666,241583,16,0,0,fused_streaming,circular,persistent,1,1
10706,230958,234875,16,0,0,fused_streaming,circular,persistent,1,1
10707,227209,231083,16,0,0,fused_streaming,circular,persistent,1,1
10708,224542,228500,16,0,0,fused_streaming,circular,persistent,1,1
10709,232167,236125,16,0,0,fused_streaming,circular,persistent,1,1
10710,279458,283500,16,0,0,fused_streaming,circular,persistent,1,1
10711,217084,221042,16,0,0,fused_streaming,circular,persistent,1,1
10712,220292,224125,16,0,0,fused_streaming,circular,persistent,1,1
10713,248667,256875,16,0,0,fused_streaming,circular,persistent,1,1
10714,248708,252542,16,0,0,fused_streaming,circular,persistent,1,1
10715,235292,239125,16,0,0,fused_streaming,circular,persistent,1,1
10716,243959,247875,16,0,0,fused_streaming,circular,persistent,1,1
10717,239875,243750,16,0,0,fused_streaming,circular,persistent,1,1
10718,234500,238417,16,0,0,fused_streaming,circular,persistent,1,1
10719,221084,225042,16,0,0,fused_streaming,circular,persistent,1,1
10720,231416,235375,16,0,0,fused_streaming,circular,persistent,1,1
10721,235084,238916,16,0,0,fused_streaming,circular,persistent,1,1
10722,225750,229625,16,0,0,fused_streaming,circular,persistent,1,1
10723,228500,232375,16,0,0,fused_streaming,circular,persistent,1,1
10724,248000,251917,16,0,0,fused_streaming,circular,persistent,1,1
10725,246083,250000,16,0,0,fused_streaming,circular,persistent,1,1
10726,237042,240958,16,0,0,fused_streaming,circular,persistent,1,1
10727,238375,242333,16,0,0,fused_streaming,circular,persistent,1,1
10728,237792,241708,16,0,0,fused_streaming,circular,persistent,1,1
10729,227042,230958,16,0,0,fused_streaming,circular,persistent,1,1
10730,231083,235000,16,0,0,fused_streaming,circular,persistent,1,1
10731,237209,241083,16,0,0,fused_streaming,circular,persistent,1,1
10732,231208,235125,16,0,0,fused_streaming,circular,persistent,1,1
10733,230000,233875,16,0,0,fused_streaming,circular,persistent,1,1
10734,233333,237167,16,0,0,fused_streaming,circular,persistent,1,1
10735,251500,255416,16,0,0,fused_streaming,circular,persistent,1,1
10736,241083,245041,16,0,0,fused_streaming,circular,persistent,1,1
10737,239833,243708,16,0,0,fused_streaming,circular,persistent,1,1
10738,243500,247375,16,0,0,fused_streaming,circular,persistent,1,1
10739,237583,241542,16,0,0,fused_streaming,circular,persistent,1,1
10740,228458,232375,16,0,0,fused_streaming,circular,persistent,1,1
10741,226250,230125,16,0,0,fused_streaming,circular,persistent,1,1
10742,238167,242000,16,0,0,fused_streaming,circular,persistent,1,1
10743,235041,238917,16,0,0,fused_streaming,circular,persistent,1,1
10744,237500,241417,16,0,0,fused_streaming,circular,persistent,1,1
10745,231167,235084,16,0,0,fused_streaming,circular,persistent,1,1
10746,239250,243125,16,0,0,fused_streaming,circular,persistent,1,1
10747,247125,251000,16,0,0,fused_streaming,circular,persistent,1,1
10748,240667,244541,16,0,0,fused_streaming,circular,persistent,1,1
10749,244000,247875,16,0,0,fused_streaming,circular,persistent,1,1
10750,234666,238583,16,0,0,fused_streaming,circular,persistent,1,1
10751,226375,230167,16,0,0,fused_streaming,circular,persistent,1,1
10752,221208,225125,16,0,0,fused_streaming,circular,persistent,1,1
10753,231750,235584,16,0,0,fused_streaming,circular,persistent,1,1
10754,235334,239208,16,0,0,fused_streaming,circular,persistent,1,1
10755,231583,235500,16,0,0,fused_streaming,circular,persistent,1,1
10756,236208,240084,16,0,0,fused_streaming,circular,persistent,1,1
10757,229459,233333,16,0,0,fused_streaming,circular,persistent,1,1
10758,239375,243291,16,0,0,fused_streaming,circular,persistent,1,1
10759,246458,250375,16,0,0,fused_streaming,circular,persistent,1,1
10760,243000,246875,16,0,0,fused_streaming,circular,persistent,1,1
10761,236958,240917,16,0,0,fused_streaming,circular,persistent,1,1
10762,232875,236792,16,0,0,fused_streaming,circular,persistent,1,1
10763,228792,232959,16,0,0,fused_streaming,circular,persistent,1,1
10764,231791,235667,16,0,0,fused_streaming,circular,persistent,1,1
10765,232167,236041,16,0,0,fused_streaming,circular,persistent,1,1
10766,226500,230333,16,0,0,fused_streaming,circular,persistent,1,1
10767,233209,237125,16,0,0,fused_streaming,circular,persistent,1,1
10768,230542,234542,16,0,0,fused_streaming,circular,persistent,1,1
10769,236916,240791,16,0,0,fused_streaming,circular,persistent,1,1
10770,246792,250666,16,0,0,fused_streaming,circular,persistent,1,1
10771,249000,252875,16,0,0,fused_streaming,circular,persistent,1,1
10772,241292,245167,16,0,0,fused_streaming,circular,persistent,1,1
10773,240708,244542,16,0,0,fused_streaming,circular,persistent,1,1
10774,236625,240500,16,0,0,fused_streaming,circular,persistent,1,1
10775,229750,233750,16,0,0,fused_streaming,circular,persistent,1,1
10776,270083,274209,16,0,0,fused_streaming,circular,persistent,1,1
10777,234916,238792,16,0,0,fused_streaming,circular,persistent,1,1
10778,221708,229834,16,0,0,fused_streaming,circular,persistent,1,1
10779,235250,239166,16,0,0,fused_streaming,circular,persistent,1,1
10780,225875,229750,16,0,0,fused_streaming,circular,persistent,1,1
10781,229500,233416,16,0,0,fused_streaming,circular,persistent,1,1
10782,248958,252833,16,0,0,fused_streaming,circular,persistent,1,1
10783,245875,249750,16,0,0,fused_streaming,circular,persistent,1,1
10784,238625,242417,16,0,0,fused_streaming,circular,persistent,1,1
10785,241875,245833,16,0,0,fused_streaming,circular,persistent,1,1
10786,236541,240417,16,0,0,fused_streaming,circular,persistent,1,1
10787,222250,226125,16,0,0,fused_streaming,circular,persistent,1,1
10788,231042,234959,16,0,0,fused_streaming,circular,persistent,1,1
10789,229000,232875,16,0,0,fused_streaming,circular,persistent,1,1
10790,234250,238083,16,0,0,fused_streaming,circular,persistent,1,1
10791,228625,232584,16,0,0,fused_streaming,circular,persistent,1,1
10792,264958,269000,16,0,0,fused_streaming,circular,persistent,1,1
10793,244208,248042,16,0,0,fused_streaming,circular,persistent,1,1
10794,289916,294000,16,0,0,fused_streaming,circular,persistent,1,1
10795,245166,249125,16,0,0,fused_streaming,circular,persistent,1,1
10796,288417,292709,16,0,0,fused_streaming,circular,persistent,1,1
10797,238708,242625,16,0,0,fused_streaming,circular,persistent,1,1
10798,233375,237209,16,0,0,fused_streaming,circular,persistent,1,1
10799,232083,236000,16,0,0,fused_streaming,circular,persistent,1,1
10800,230833,234792,16,0,0,fused_streaming,circular,persistent,1,1
10801,228000,231958,16,0,0,fused_streaming,circular,persistent,1,1
10802,239416,243292,16,0,0,fused_streaming,circular,persistent,1,1
10803,224166,228084,16,0,0,fused_streaming,circular,persistent,1,1
10804,230458,234334,16,0,0,fused_streaming,circular,persistent,1,1
10805,241750,245750,16,0,0,fused_streaming,circular,persistent,1,1
10806,246667,250542,16,0,0,fused_streaming,circular,persistent,1,1
10807,287042,291208,16,0,0,fused_streaming,circular,persistent,1,1
10808,235250,239167,16,0,0,fused_streaming,circular,persistent,1,1
10809,238125,242000,16,0,0,fused_streaming,circular,persistent,1,1
10810,232084,236334,16,0,0,fused_streaming,circular,persistent,1,1
10811,226834,230708,16,0,0,fused_streaming,circular,persistent,1,1
10812,230500,234416,16,0,0,fused_streaming,circular,persistent,1,1
10813,240042,244041,16,0,0,fused_streaming,circular,persistent,1,1
10814,235333,239292,16,0,0,fused_streaming,circular,persistent,1,1
10815,218042,222166,16,0,0,fused_streaming,circular,persistent,1,1
10816,233375,237292,16,0,0,fused_streaming,circular,persistent,1,1
10817,239958,243917,16,0,0,fused_streaming,circular,persistent,1,1
10818,247458,251375,16,0,0,fused_streaming,circular,persistent,1,1
10819,243416,247292,16,0,0,fused_streaming,circular,persistent,1,1
10820,239125,243042,16,0,0,fused_streaming,circular,persistent,1,1
10821,236083,239958,16,0,0,fused_streaming,circular,persistent,1,1
10822,231333,239334,16,0,0,fused_streaming,circular,persistent,1,1
10823,231667,235500,16,0,0,fused_streaming,circular,persistent,1,1
10824,236042,239916,16,0,0,fused_streaming,circular,persistent,1,1
10825,233750,237625,16,0,0,fused_streaming,circular,persistent,1,1
10826,224000,227834,16,0,0,fused_streaming,circular,persistent,1,1
10827,227000,230917,16,0,0,fused_streaming,circular,persistent,1,1
10828,228625,232542,16,0,0,fused_streaming,circular,persistent,1,1
10829,234916,238792,16,0,0,fused_streaming,circular,persistent,1,1
10830,244875,248834,16,0,0,fused_streaming,circular,persistent,1,1
10831,246042,250000,16,0,0,fused_streaming,circular,persistent,1,1
10832,231333,235459,16,0,0,fused_streaming,circular,persistent,1,1
10833,236000,239834,16,0,0,fused_streaming,circular,persistent,1,1
10834,230000,233958,16,0,0,fused_streaming,circular,persistent,1,1
10835,227917,231750,16,0,0,fused_streaming,circular,persistent,1,1
10836,226917,230833,16,0,0,fused_streaming,circular,persistent,1,1
10837,227584,231500,16,0,0,fused_streaming,circular,persistent,1,1
10838,229667,233542,16,0,0,fused_streaming,circular,persistent,1,1
10839,227875,231791,16,0,0,fused_streaming,circular,persistent,1,1
10840,229583,233375,16,0,0,fused_streaming,circular,persistent,1,1
10841,271125,275333,16,0,0,fused_streaming,circular,persistent,1,1
10842,237000,240958,16,0,0,fused_streaming,circular,persistent,1,1
10843,296542,300750,16,0,0,fused_streaming,circular,persistent,1,1
10844,242875,246750,16,0,0,fused_streaming,circular,persistent,1,1
10845,235583,239459,16,0,0,fused_streaming,circular,persistent,1,1
10846,234916,238834,16,0,0,fused_streaming,circular,persistent,1,1
10847,229041,232917,16,0,0,fused_streaming,circular,persistent,1,1
10848,227791,231709,16,0,0,fused_streaming,circular,persistent,1,1
10849,229791,233708,16,0,0,fused_streaming,circular,persistent,1,1
10850,229375,233291,16,0,0,fused_streaming,circular,persistent,1,1
10851,230125,234042,16,0,0,fused_streaming,circular,persistent,1,1
10852,227250,231208,16,0,0,fused_streaming,circular,persistent,1,1
10853,231375,235250,16,0,0,fused_streaming,circular,persistent,1,1
10854,233875,237750,16,0,0,fused_streaming,circular,persistent,1,1
10855,238208,242083,16,0,0,fused_streaming,circular,persistent,1,1
10856,247417,251334,16,0,0,fused_streaming,circular,persistent,1,1
10857,230083,233959,16,0,0,fused_streaming,circular,persistent,1,1
10858,232542,236458,16,0,0,fused_streaming,circular,persistent,1,1
10859,232750,236625,16,0,0,fused_streaming,circular,persistent,1,1
10860,239208,243125,16,0,0,fused_streaming,circular,persistent,1,1
10861,220542,229167,16,0,0,fused_streaming,circular,persistent,1,1
10862,228334,232291,16,0,0,fused_streaming,circular,persistent,1,1
10863,218625,222500,16,0,0,fused_streaming,circular,persistent,1,1
10864,234958,238917,16,0,0,fused_streaming,circular,persistent,1,1
10865,230791,234667,16,0,0,fused_streaming,circular,persistent,1,1
10866,266459,270583,16,0,0,fused_streaming,circular,persistent,1,1
10867,237250,241125,16,0,0,fused_streaming,circular,persistent,1,1
10868,247375,251250,16,0,0,fused_streaming,circular,persistent,1,1
10869,239125,243084,16,0,0,fused_streaming,circular,persistent,1,1
10870,238000,241916,16,0,0,fused_streaming,circular,persistent,1,1
10871,238417,242291,16,0,0,fused_streaming,circular,persistent,1,1
10872,235583,239417,16,0,0,fused_streaming,circular,persistent,1,1
10873,231292,235209,16,0,0,fused_streaming,circular,persistent,1,1
10874,226167,230083,16,0,0,fused_streaming,circular,persistent,1,1
10875,266875,271042,16,0,0,fused_streaming,circular,persistent,1,1
10876,233416,237625,16,0,0,fused_streaming,circular,persistent,1,1
10877,229042,233000,16,0,0,fused_streaming,circular,persistent,1,1
10878,233458,237459,16,0,0,fused_streaming,circular,persistent,1,1
10879,224250,228500,16,0,0,fused_streaming,circular,persistent,1,1
10880,247792,251875,16,0,0,fused_streaming,circular,persistent,1,1
10881,245625,249584,16,0,0,fused_streaming,circular,persistent,1,1
10882,236292,240250,16,0,0,fused_streaming,circular,persistent,1,1
10883,227916,231875,16,0,0,fused_streaming,circular,persistent,1,1
10884,269083,273167,16,0,0,fused_streaming,circular,persistent,1,1
10885,221667,225541,16,0,0,fused_streaming,circular,persistent,1,1
10886,225458,229375,16,0,0,fused_streaming,circular,persistent,1,1
10887,221042,225000,16,0,0,fused_streaming,circular,persistent,1,1
10888,228208,232083,16,0,0,fused_streaming,circular,persistent,1,1
10889,225708,229625,16,0,0,fused_streaming,circular,persistent,1,1
10890,230250,234208,16,0,0,fused_streaming,circular,persistent,1,1
10891,224916,228750,16,0,0,fused_streaming,circular,persistent,1,1
10892,234583,238542,16,0,0,fused_streaming,circular,persistent,1,1
10893,248625,252500,16,0,0,fused_streaming,circular,persistent,1,1
10894,234125,238041,16,0,0,fused_streaming,circular,persistent,1,1
10895,231459,235333,16,0,0,fused_streaming,circular,persistent,1,1
10896,272875,276917,16,0,0,fused_streaming,circular,persistent,1,1
10897,232791,236667,16,0,0,fused_streaming,circular,persistent,1,1
10898,221958,225833,16,0,0,fused_streaming,circular,persistent,1,1
10899,230916,234792,16,0,0,fused_streaming,circular,persistent,1,1
10900,234292,238542,16,0,0,fused_streaming,circular,persistent,1,1
10901,237500,241417,16,0,0,fused_streaming,circular,persistent,1,1
10902,224167,228041,16,0,0,fused_streaming,circular,persistent,1,1
10903,232041,235875,16,0,0,fused_streaming,circular,persistent,1,1
10904,226791,230625,16,0,0,fused_streaming,circular,persistent,1,1
10905,240625,244500,16,0,0,fused_streaming,circular,persistent,1,1
10906,241834,245750,16,0,0,fused_streaming,circular,persistent,1,1
10907,233792,237584,16,0,0,fused_streaming,circular,persistent,1,1
10908,241416,245333,16,0,0,fused_streaming,circular,persistent,1,1
10909,234750,238625,16,0,0,fused_streaming,circular,persistent,1,1
10910,230125,233917,16,0,0,fused_streaming,circular,persistent,1,1
10911,229708,233500,16,0,0,fused_streaming,circular,persistent,1,1
10912,271167,275459,16,0,0,fused_streaming,circular,persistent,1,1
10913,229041,232833,16,0,0,fused_streaming,circular,persistent,1,1
10914,226708,230584,16,0,0,fused_streaming,circular,persistent,1,1
10915,225500,229375,16,0,0,fused_streaming,circular,persistent,1,1
10916,224625,228417,16,0,0,fused_streaming,circular,persistent,1,1
10917,218125,221958,16,0,0,fused_streaming,circular,persistent,1,1
10918,239750,243667,16,0,0,fused_streaming,circular,persistent,1,1
10919,245791,249667,16,0,0,fused_streaming,circular,persistent,1,1
10920,234417,238334,16,0,0,fused_streaming,circular,persistent,1,1
10921,235125,238958,16,0,0,fused_streaming,circular,persistent,1,1
10922,226458,230417,16,0,0,fused_streaming,circular,persistent,1,1
10923,218541,222333,16,0,0,fused_streaming,circular,persistent,1,1
10924,216750,220583,16,0,0,fused_streaming,circular,persistent,1,1
10925,221750,225583,16,0,0,fused_streaming,circular,persistent,1,1
10926,218041,221917,16,0,0,fused_streaming,circular,persistent,1,1
10927,221959,225792,16,0,0,fused_streaming,circular,persistent,1,1
10928,215834,219750,16,0,0,fused_streaming,circular,persistent,1,1
10929,219125,222959,16,0,0,fused_streaming,circular,persistent,1,1
10930,212625,216500,16,0,0,fused_streaming,circular,persistent,1,1
10931,235292,239208,16,0,0,fused_streaming,circular,persistent,1,1
10932,237541,241375,16,0,0,fused_streaming,circular,persistent,1,1
10933,231625,235583,16,0,0,fused_streaming,circular,persistent,1,1
10934,234083,237959,16,0,0,fused_streaming,circular,persistent,1,1
10935,228125,231916,16,0,0,fused_streaming,circular,persistent,1,1
10936,224250,228167,16,0,0,fused_streaming,circular,persistent,1,1
10937,225250,229166,16,0,0,fused_streaming,circular,persistent,1,1
10938,226083,229959,16,0,0,fused_streaming,circular,persistent,1,1
10939,218334,222209,16,0,0,fused_streaming,circular,persistent,1,1
10940,219833,223708,16,0,0,fused_streaming,circular,persistent,1,1
10941,209250,213166,16,0,0,fused_streaming,circular,persistent,1,1
10942,217334,221125,16,0,0,fused_streaming,circular,persistent,1,1
10943,219541,223625,16,0,0,fused_streaming,circular,persistent,1,1
10944,230042,233958,16,0,0,fused_streaming,circular,persistent,1,1
10945,234041,237875,16,0,0,fused_streaming,circular,persistent,1,1
10946,230917,234875,16,0,0,fused_streaming,circular,persistent,1,1
10947,215083,218958,16,0,0,fused_streaming,circular,persistent,1,1
10948,232125,236042,16,0,0,fused_streaming,circular,persistent,1,1
10949,228958,232833,16,0,0,fused_streaming,circular,persistent,1,1
10950,230583,234458,16,0,0,fused_streaming,circular,persistent,1,1
10951,226792,230958,16,0,0,fused_streaming,circular,persistent,1,1
10952,229750,233583,16,0,0,fused_streaming,circular,persistent,1,1
10953,223917,227875,16,0,0,fused_streaming,circular,persistent,1,1
10954,222917,226791,16,0,0,fused_streaming,circular,persistent,1,1
10955,225084,228917,16,0,0,fused_streaming,circular,persistent,1,1
10956,222750,226625,16,0,0,fused_streaming,circular,persistent,1,1
10957,220333,224208,16,0,0,fused_streaming,circular,persistent,1,1
10958,225958,229833,16,0,0,fused_streaming,circular,persistent,1,1
10959,230375,234333,16,0,0,fused_streaming,circular,persistent,1,1
10960,215042,218959,16,0,0,fused_streaming,circular,persistent,1,1
10961,267625,271625,16,0,0,fused_streaming,circular,persistent,1,1
10962,210625,214583,16,0,0,fused_streaming,circular,persistent,1,1
10963,218292,222125,16,0,0,fused_streaming,circular,persistent,1,1
10964,258708,262750,16,0,0,fused_streaming,circular,persistent,1,1
10965,218375,222250,16,0,0,fused_streaming,circular,persistent,1,1
10966,216125,220000,16,0,0,fused_streaming,circular,persistent,1,1
10967,258292,262375,16,0,0,fused_streaming,circular,persistent,1,1
10968,221042,224916,16,0,0,fused_streaming,circular,persistent,1,1
10969,248166,252042,16,0,0,fused_streaming,circular,persistent,1,1
10970,252583,256500,16,0,0,fused_streaming,circular,persistent,1,1
10971,245375,249375,16,0,0,fused_streaming,circular,persistent,1,1
10972,253709,257583,16,0,0,fused_streaming,circular,persistent,1,1
10973,253792,257709,16,0,0,fused_streaming,circular,persistent,1,1
10974,252708,256542,16,0,0,fused_streaming,circular,persistent,1,1
10975,240917,244916,16,0,0,fused_streaming,circular,persistent,1,1
10976,240084,244000,16,0,0,fused_streaming,circular,persistent,1,1
10977,267167,271250,16,0,0,fused_streaming,circular,persistent,1,1
10978,218833,222708,16,0,0,fused_streaming,circular,persistent,1,1
10979,225667,229541,16,0,0,fused_streaming,circular,persistent,1,1
10980,224416,228375,16,0,0,fused_streaming,circular,persistent,1,1
10981,224250,228125,16,0,0,fused_streaming,circular,persistent,1,1
10982,234333,238250,16,0,0,fused_streaming,circular,persistent,1,1
10983,234333,238292,16,0,0,fused_streaming,circular,persistent,1,1
10984,226625,230500,16,0,0,fused_streaming,circular,persistent,1,1
10985,230541,234541,16,0,0,fused_streaming,circular,persistent,1,1
10986,237542,241417,16,0,0,fused_streaming,circular,persistent,1,1
10987,241542,245500,16,0,0,fused_streaming,circular,persistent,1,1
10988,236750,240625,16,0,0,fused_streaming,circular,persistent,1,1
10989,292459,296750,16,0,0,fused_streaming,circular,persistent,1,1
10990,251083,259459,16,0,0,fused_streaming,circular,persistent,1,1
10991,249625,253625,16,0,0,fused_streaming,circular,persistent,1,1
10992,244250,248208,16,0,0,fused_streaming,circular,persistent,1,1
10993,255958,259834,16,0,0,fused_streaming,circular,persistent,1,1
10994,256500,260417,16,0,0,fused_streaming,circular,persistent,1,1
10995,248250,252208,16,0,0,fused_streaming,circular,persistent,1,1
10996,248000,251917,16,0,0,fused_streaming,circular,persistent,1,1
10997,256459,260375,16,0,0,fused_streaming,circular,persistent,1,1
10998,252333,256375,16,0,0,fused_streaming,circular,persistent,1,1
10999,246500,250375,16,0,0,fused_streaming,circular,persistent,1,1
11000,243584,247458,16,0,0,fused_streaming,circular,persistent,1,1
11001,215833,219750,16,0,0,fused_streaming,circular,persistent,1,1
11002,222541,226417,16,0,0,fused_streaming,circular,persistent,1,1
11003,211500,215375,16,0,0,fused_streaming,circular,persistent,1,1
11004,218958,222875,16,0,0,fused_streaming,circular,persistent,1,1
11005,222709,226625,16,0,0,fused_streaming,circular,persistent,1,1
11006,229375,233250,16,0,0,fused_streaming,circular,persistent,1,1
11007,229166,233125,16,0,0,fused_streaming,circular,persistent,1,1
11008,269750,274041,16,0,0,fused_streaming,circular,persistent,1,1
11009,227834,232125,16,0,0,fused_streaming,circular,persistent,1,1
11010,233166,237042,16,0,0,fused_streaming,circular,persistent,1,1
11011,237958,241834,16,0,0,fused_streaming,circular,persistent,1,1
11012,240834,244833,16,0,0,fused_streaming,circular,persistent,1,1
11013,245625,249584,16,0,0,fused_streaming,circular,persistent,1,1
11014,249875,253792,16,0,0,fused_streaming,circular,persistent,1,1
11015,242750,246667,16,0,0,fused_streaming,circular,persistent,1,1
11016,297584,301667,16,0,0,fused_streaming,circular,persistent,1,1
11017,257917,261833,16,0,0,fused_streaming,circular,persistent,1,1
11018,246834,250750,16,0,0,fused_streaming,circular,persistent,1,1
11019,249292,253167,16,0,0,fused_streaming,circular,persistent,1,1
11020,251583,259958,16,0,0,fused_streaming,circular,persistent,1,1
11021,252917,256833,16,0,0,fused_streaming,circular,persistent,1,1
11022,242292,246209,16,0,0,fused_streaming,circular,persistent,1,1
11023,241666,245542,16,0,0,fused_streaming,circular,persistent,1,1
11024,238584,242542,16,0,0,fused_streaming,circular,persistent,1,1
11025,234125,238000,16,0,0,fused_streaming,circular,persistent,1,1
11026,236917,240875,16,0,0,fused_streaming,circular,persistent,1,1
11027,228166,232000,16,0,0,fused_streaming,circular,persistent,1,1
11028,33645000,33650542,16,1,0,fused_streaming,circular,persistent,1,1
11029,231084,234958,16,0,0,fused_streaming,circular,persistent,1,1
11030,234750,238625,16,0,0,fused_streaming,circular,persistent,1,1
11031,233375,237292,16,0,0,fused_streaming,circular,persistent,1,1
11032,234083,238000,16,0,0,fused_streaming,circular,persistent,1,1
11033,228459,232333,16,0,0,fused_streaming,circular,persistent,1,1
11034,230916,234792,16,0,0,fused_streaming,circular,persistent,1,1
11035,247625,251500,16,0,0,fused_streaming,circular,persistent,1,1
11036,246333,250291,16,0,0,fused_streaming,circular,persistent,1,1
11037,254833,258792,16,0,0,fused_streaming,circular,persistent,1,1
11038,249875,253750,16,0,0,fused_streaming,circular,persistent,1,1
11039,252125,256000,16,0,0,fused_streaming,circular,persistent,1,1
11040,252000,255959,16,0,0,fused_streaming,circular,persistent,1,1
11041,254875,258750,16,0,0,fused_streaming,circular,persistent,1,1
11042,246917,250792,16,0,0,fused_streaming,circular,persistent,1,1
11043,244833,248792,16,0,0,fused_streaming,circular,persistent,1,1
11044,253000,256958,16,0,0,fused_streaming,circular,persistent,1,1
11045,251833,255791,16,0,0,fused_streaming,circular,persistent,1,1
11046,246250,250084,16,0,0,fused_streaming,circular,persistent,1,1
11047,243250,247208,16,0,0,fused_streaming,circular,persistent,1,1
11048,241791,245667,16,0,0,fused_streaming,circular,persistent,1,1
11049,242083,245959,16,0,0,fused_streaming,circular,persistent,1,1
11050,233375,237250,16,0,0,fused_streaming,circular,persistent,1,1
11051,229292,233209,16,0,0,fused_streaming,circular,persistent,1,1
11052,220208,224042,16,0,0,fused_streaming,circular,persistent,1,1
11053,222000,225958,16,0,0,fused_streaming,circular,persistent,1,1
11054,233500,237459,16,0,0,fused_streaming,circular,persistent,1,1
11055,230791,234667,16,0,0,fused_streaming,circular,persistent,1,1
11056,232083,235959,16,0,0,fused_streaming,circular,persistent,1,1
11057,243750,247666,16,0,0,fused_streaming,circular,persistent,1,1
11058,247583,251458,16,0,0,fused_streaming,circular,persistent,1,1
11059,243208,247083,16,0,0,fused_streaming,circular,persistent,1,1
11060,242334,246167,16,0,0,fused_streaming,circular,persistent,1,1
11061,245834,249750,16,0,0,fused_streaming,circular,persistent,1,1
11062,247209,251125,16,0,0,fused_streaming,circular,persistent,1,1
11063,248417,256458,16,0,0,fused_streaming,circular,persistent,1,1
11064,257417,261334,16,0,0,fused_streaming,circular,persistent,1,1
11065,241917,245834,16,0,0,fused_streaming,circular,persistent,1,1
11066,248875,252917,16,0,0,fused_streaming,circular,persistent,1,1
11067,250542,254459,16,0,0,fused_streaming,circular,persistent,1,1
11068,254792,258750,16,0,0,fused_streaming,circular,persistent,1,1
11069,244041,247875,16,0,0,fused_streaming,circular,persistent,1,1
11070,248041,252000,16,0,0,fused_streaming,circular,persistent,1,1
11071,236917,240875,16,0,0,fused_streaming,circular,persistent,1,1
11072,223542,227375,16,0,0,fused_streaming,circular,persistent,1,1
11073,218584,222500,16,0,0,fused_streaming,circular,persistent,1,1
11074,221209,225041,16,0,0,fused_streaming,circular,persistent,1,1
11075,224750,228709,16,0,0,fused_streaming,circular,persistent,1,1
11076,227875,231750,16,0,0,fused_streaming,circular,persistent,1,1
11077,233708,237667,16,0,0,fused_streaming,circular,persistent,1,1
11078,228000,231833,16,0,0,fused_streaming,circular,persistent,1,1
11079,228416,232333,16,0,0,fused_streaming,circular,persistent,1,1
11080,244291,248167,16,0,0,fused_streaming,circular,persistent,1,1
11081,238083,241958,16,0,0,fused_streaming,circular,persistent,1,1
11082,243334,247458,16,0,0,fused_streaming,circular,persistent,1,1
11083,244542,248334,16,0,0,fused_streaming,circular,persistent,1,1
11084,250084,253959,16,0,0,fused_streaming,circular,persistent,1,1
11085,245292,249167,16,0,0,fused_streaming,circular,persistent,1,1
11086,243542,247458,16,0,0,fused_streaming,circular,persistent,1,1
11087,304292,308416,16,0,0,fused_streaming,circular,persistent,1,1
11088,243083,247000,16,0,0,fused_streaming,circular,persistent,1,1
11089,242084,246333,16,0,0,fused_streaming,circular,persistent,1,1
11090,249375,253292,16,0,0,fused_streaming,circular,persistent,1,1
11091,256708,260542,16,0,0,fused_streaming,circular,persistent,1,1
11092,249833,253708,16,0,0,fused_streaming,circular,persistent,1,1
11093,248916,252833,16,0,0,fused_streaming,circular,persistent,1,1
11094,243125,247083,16,0,0,fused_streaming,circular,persistent,1,1
11095,234083,238042,16,0,0,fused_streaming,circular,persistent,1,1
11096,225583,233833,16,0,0,fused_streaming,circular,persistent,1,1
11097,226750,230958,16,0,0,fused_streaming,circular,persistent,1,1
11098,229209,233083,16,0,0,fused_streaming,circular,persistent,1,1
11099,228167,232000,16,0,0,fused_streaming,circular,persistent,1,1
11100,233292,237167,16,0,0,fused_streaming,circular,persistent,1,1
11101,232875,236708,16,0,0,fused_streaming,circular,persistent,1,1
11102,234292,238250,16,0,0,fused_streaming,circular,persistent,1,1
11103,242000,245875,16,0,0,fused_streaming,circular,persistent,1,1
11104,240958,244875,16,0,0,fused_streaming,circular,persistent,1,1
11105,240042,243917,16,0,0,fused_streaming,circular,persistent,1,1
11106,244250,248209,16,0,0,fused_streaming,circular,persistent,1,1
11107,252958,256750,16,0,0,fused_streaming,circular,persistent,1,1
11108,251708,255708,16,0,0,fused_streaming,circular,persistent,1,1
11109,245834,249708,16,0,0,fused_streaming,circular,persistent,1,1
11110,252375,256250,16,0,0,fused_streaming,circular,persistent,1,1
11111,251209,255458,16,0,0,fused_streaming,circular,persistent,1,1
11112,246125,250000,16,0,0,fused_streaming,circular,persistent,1,1
11113,246542,250417,16,0,0,fused_streaming,circular,persistent,1,1
11114,251334,255250,16,0,0,fused_streaming,circular,persistent,1,1
11115,242417,246292,16,0,0,fused_streaming,circular,persistent,1,1
11116,242708,246542,16,0,0,fused_streaming,circular,persistent,1,1
11117,239334,243166,16,0,0,fused_streaming,circular,persistent,1,1
11118,243209,247125,16,0,0,fused_streaming,circular,persistent,1,1
11119,238500,242333,16,0,0,fused_streaming,circular,persistent,1,1
11120,237125,241042,16,0,0,fused_streaming,circular,persistent,1,1
11121,229000,232834,16,0,0,fused_streaming,circular,persistent,1,1
11122,226625,230458,16,0,0,fused_streaming,circular,persistent,1,1
11123,220041,223917,16,0,0,fused_streaming,circular,persistent,1,1
11124,231458,235333,16,0,0,fused_streaming,circular,persistent,1,1
11125,234333,238334,16,0,0,fused_streaming,circular,persistent,1,1
11126,235917,239791,16,0,0,fused_streaming,circular,persistent,1,1
11127,242958,246792,16,0,0,fused_streaming,circular,persistent,1,1
11128,238291,242208,16,0,0,fused_streaming,circular,persistent,1,1
11129,244875,248792,16,0,0,fused_streaming,circular,persistent,1,1
11130,247958,251792,16,0,0,fused_streaming,circular,persistent,1,1
11131,249625,253583,16,0,0,fused_streaming,circular,persistent,1,1
11132,241667,245584,16,0,0,fused_streaming,circular,persistent,1,1
11133,244542,248458,16,0,0,fused_streaming,circular,persistent,1,1
11134,257584,261542,16,0,0,fused_streaming,circular,persistent,1,1
11135,248667,252541,16,0,0,fused_streaming,circular,persistent,1,1
11136,239625,243583,16,0,0,fused_streaming,circular,persistent,1,1
11137,248542,252500,16,0,0,fused_streaming,circular,persistent,1,1
11138,254584,258500,16,0,0,fused_streaming,circular,persistent,1,1
11139,250167,254041,16,0,0,fused_streaming,circular,persistent,1,1
11140,241583,245500,16,0,0,fused_streaming,circular,persistent,1,1
11141,246541,250458,16,0,0,fused_streaming,circular,persistent,1,1
11142,233417,237292,16,0,0,fused_streaming,circular,persistent,1,1
11143,232125,236000,16,0,0,fused_streaming,circular,persistent,1,1
11144,226000,229875,16,0,0,fused_streaming,circular,persistent,1,1
11145,229625,233542,16,0,0,fused_streaming,circular,persistent,1,1
11146,229167,233167,16,0,0,fused_streaming,circular,persistent,1,1
11147,228875,233042,16,0,0,fused_streaming,circular,persistent,1,1
11148,236125,240042,16,0,0,fused_streaming,circular,persistent,1,1
11149,236291,240250,16,0,0,fused_streaming,circular,persistent,1,1
11150,241917,246000,16,0,0,fused_streaming,circular,persistent,1,1
11151,238167,242042,16,0,0,fused_streaming,circular,persistent,1,1
11152,236667,240750,16,0,0,fused_streaming,circular,persistent,1,1
11153,237916,241750,16,0,0,fused_streaming,circular,persistent,1,1
11154,247000,250917,16,0,0,fused_streaming,circular,persistent,1,1
11155,249875,253792,16,0,0,fused_streaming,circular,persistent,1,1
11156,246166,250083,16,0,0,fused_streaming,circular,persistent,1,1
11157,255916,259792,16,0,0,fused_streaming,circular,persistent,1,1
11158,254208,258084,16,0,0,fused_streaming,circular,persistent,1,1
11159,242875,246875,16,0,0,fused_streaming,circular,persistent,1,1
11160,244875,248791,16,0,0,fused_streaming,circular,persistent,1,1
11161,255083,259042,16,0,0,fused_streaming,circular,persistent,1,1
11162,250209,254083,16,0,0,fused_streaming,circular,persistent,1,1
11163,247084,250958,16,0,0,fused_streaming,circular,persistent,1,1
11164,284458,288542,16,0,0,fused_streaming,circular,persistent,1,1
11165,234792,238791,16,0,0,fused_streaming,circular,persistent,1,1
11166,240542,244459,16,0,0,fused_streaming,circular,persistent,1,1
11167,236166,240125,16,0,0,fused_streaming,circular,persistent,1,1
11168,226375,230250,16,0,0,fused_streaming,circular,persistent,1,1
11169,229833,233750,16,0,0,fused_streaming,circular,persistent,1,1
11170,241000,245042,16,0,0,fused_streaming,circular,persistent,1,1
11171,236250,240167,16,0,0,fused_streaming,circular,persistent,1,1
11172,242750,246584,16,0,0,fused_streaming,circular,persistent,1,1
11173,238500,242625,16,0,0,fused_streaming,circular,persistent,1,1
11174,233791,237709,16,0,0,fused_streaming,circular,persistent,1,1
11175,272333,276333,16,0,0,fused_streaming,circular,persistent,1,1
11176,239417,243291,16,0,0,fused_streaming,circular,persistent,1,1
11177,296750,300916,16,0,0,fused_streaming,circular,persistent,1,1
11178,252250,256167,16,0,0,fused_streaming,circular,persistent,1,1
11179,246750,250708,16,0,0,fused_streaming,circular,persistent,1,1
11180,251334,255334,16,0,0,fused_streaming,circular,persistent,1,1
11181,259625,263584,16,0,0,fused_streaming,circular,persistent,1,1
11182,248375,252375,16,0,0,fused_streaming,circular,persistent,1,1
11183,245500,249542,16,0,0,fused_streaming,circular,persistent,1,1
11184,255458,259417,16,0,0,fused_streaming,circular,persistent,1,1
11185,249125,253000,16,0,0,fused_streaming,circular,persistent,1,1
11186,240667,244542,16,0,0,fused_streaming,circular,persistent,1,1
11187,243208,247209,16,0,0,fused_streaming,circular,persistent,1,1
11188,238000,241875,16,0,0,fused_streaming,circular,persistent,1,1
11189,239000,242834,16,0,0,fused_streaming,circular,persistent,1,1
11190,235125,239083,16,0,0,fused_streaming,circular,persistent,1,1
11191,227292,231208,16,0,0,fused_streaming,circular,persistent,1,1
11192,227834,231875,16,0,0,fused_streaming,circular,persistent,1,1
11193,223833,227792,16,0,0,fused_streaming,circular,persistent,1,1
11194,234250,238167,16,0,0,fused_streaming,circular,persistent,1,1
11195,236333,240250,16,0,0,fused_streaming,circular,persistent,1,1
11196,237375,241250,16,0,0,fused_streaming,circular,persistent,1,1
11197,229542,233500,16,0,0,fused_streaming,circular,persistent,1,1
11198,231709,235625,16,0,0,fused_streaming,circular,persistent,1,1
11199,239208,243083,16,0,0,fused_streaming,circular,persistent,1,1
11200,244042,247875,16,0,0,fused_streaming,circular,persistent,1,1
11201,240417,244250,16,0,0,fused_streaming,circular,persistent,1,1
11202,243959,247917,16,0,0,fused_streaming,circular,persistent,1,1
11203,244291,248458,16,0,0,fused_streaming,circular,persistent,1,1
11204,250208,254417,16,0,0,fused_streaming,circular,persistent,1,1
11205,253958,257916,16,0,0,fused_streaming,circular,persistent,1,1
11206,237791,245917,16,0,0,fused_streaming,circular,persistent,1,1
11207,248334,252167,16,0,0,fused_streaming,circular,persistent,1,1
11208,291167,295292,16,0,0,fused_streaming,circular,persistent,1,1
11209,249542,253459,16,0,0,fused_streaming,circular,persistent,1,1
11210,276250,280250,16,0,0,fused_streaming,circular,persistent,1,1
11211,244959,248833,16,0,0,fused_streaming,circular,persistent,1,1
11212,282041,286083,16,0,0,fused_streaming,circular,persistent,1,1
11213,230333,234208,16,0,0,fused_streaming,circular,persistent,1,1
11214,226125,230083,16,0,0,fused_streaming,circular,persistent,1,1
11215,223625,227458,16,0,0,fused_streaming,circular,persistent,1,1
11216,230750,234667,16,0,0,fused_streaming,circular,persistent,1,1
11217,238709,242625,16,0,0,fused_streaming,circular,persistent,1,1
11218,235167,239041,16,0,0,fused_streaming,circular,persistent,1,1
11219,236292,240208,16,0,0,fused_streaming,circular,persistent,1,1
11220,236250,240167,16,0,0,fused_streaming,circular,persistent,1,1
11221,231208,235083,16,0,0,fused_streaming,circular,persistent,1,1
11222,236292,240459,16,0,0,fused_streaming,circular,persistent,1,1
11223,234958,238833,16,0,0,fused_streaming,circular,persistent,1,1
11224,239834,243750,16,0,0,fused_streaming,circular,persistent,1,1
11225,242000,245875,16,0,0,fused_streaming,circular,persistent,1,1
11226,245709,249625,16,0,0,fused_streaming,circular,persistent,1,1
11227,253708,257583,16,0,0,fused_streaming,circular,persistent,1,1
11228,253208,257417,16,0,0,fused_streaming,circular,persistent,1,1
11229,244417,248625,16,0,0,fused_streaming,circular,persistent,1,1
11230,245666,249583,16,0,0,fused_streaming,circular,persistent,1,1
11231,254583,258417,16,0,0,fused_streaming,circular,persistent,1,1
11232,252208,256083,16,0,0,fused_streaming,circular,persistent,1,1
11233,286000,290125,16,0,0,fused_streaming,circular,persistent,1,1
11234,247250,251083,16,0,0,fused_streaming,circular,persistent,1,1
11235,288333,292375,16,0,0,fused_streaming,circular,persistent,1,1
11236,230792,234709,16,0,0,fused_streaming,circular,persistent,1,1
11237,236500,240334,16,0,0,fused_streaming,circular,persistent,1,1
11238,231125,235042,16,0,0,fused_streaming,circular,persistent,1,1
11239,235208,239083,16,0,0,fused_streaming,circular,persistent,1,1
11240,234792,238709,16,0,0,fused_streaming,circular,persistent,1,1
11241,238500,242375,16,0,0,fused_streaming,circular,persistent,1,1
11242,239875,243750,16,0,0,fused_streaming,circular,persistent,1,1
11243,234500,238375,16,0,0,fused_streaming,circular,persistent,1,1
11244,228334,232208,16,0,0,fused_streaming,circular,persistent,1,1
11245,229709,233583,16,0,0,fused_streaming,circular,persistent,1,1
11246,239333,243250,16,0,0,fused_streaming,circular,persistent,1,1
11247,239542,243375,16,0,0,fused_streaming,circular,persistent,1,1
11248,245542,249417,16,0,0,fused_streaming,circular,persistent,1,1
11249,239250,243083,16,0,0,fused_streaming,circular,persistent,1,1
11250,249916,253750,16,0,0,fused_streaming,circular,persistent,1,1
11251,250167,254083,16,0,0,fused_streaming,circular,persistent,1,1
11252,256834,260875,16,0,0,fused_streaming,circular,persistent,1,1
11253,238792,242666,16,0,0,fused_streaming,circular,persistent,1,1
11254,245500,249375,16,0,0,fused_streaming,circular,persistent,1,1
11255,250167,254083,16,0,0,fused_streaming,circular,persistent,1,1
11256,243959,247833,16,0,0,fused_streaming,circular,persistent,1,1
11257,241417,245291,16,0,0,fused_streaming,circular,persistent,1,1
11258,244250,248292,16,0,0,fused_streaming,circular,persistent,1,1
11259,236292,240208,16,0,0,fused_streaming,circular,persistent,1,1
11260,241000,244875,16,0,0,fused_streaming,circular,persistent,1,1
11261,236750,240667,16,0,0,fused_streaming,circular,persistent,1,1
11262,239041,243000,16,0,0,fused_streaming,circular,persistent,1,1
11263,237542,241417,16,0,0,fused_streaming,circular,persistent,1,1
11264,235166,239000,16,0,0,fused_streaming,circular,persistent,1,1
11265,235166,239042,16,0,0,fused_streaming,circular,persistent,1,1
11266,227541,231375,16,0,0,fused_streaming,circular,persistent,1,1
11267,234291,238292,16,0,0,fused_streaming,circular,persistent,1,1
11268,234334,238209,16,0,0,fused_streaming,circular,persistent,1,1
11269,237333,241250,16,0,0,fused_streaming,circular,persistent,1,1
11270,236833,240667,16,0,0,fused_streaming,circular,persistent,1,1
11271,238875,242833,16,0,0,fused_streaming,circular,persistent,1,1
11272,243792,247667,16,0,0,fused_streaming,circular,persistent,1,1
11273,252291,256166,16,0,0,fused_streaming,circular,persistent,1,1
11274,251875,255708,16,0,0,fused_streaming,circular,persistent,1,1
11275,256917,260750,16,0,0,fused_streaming,circular,persistent,1,1
11276,243250,247250,16,0,0,fused_streaming,circular,persistent,1,1
11277,247042,250958,16,0,0,fused_streaming,circular,persistent,1,1
11278,254917,258708,16,0,0,fused_streaming,circular,persistent,1,1
11279,252000,255875,16,0,0,fused_streaming,circular,persistent,1,1
11280,249750,253583,16,0,0,fused_streaming,circular,persistent,1,1
11281,241750,245750,16,0,0,fused_streaming,circular,persistent,1,1
11282,243000,246792,16,0,0,fused_streaming,circular,persistent,1,1
11283,235708,239625,16,0,0,fused_streaming,circular,persistent,1,1
11284,224458,228584,16,0,0,fused_streaming,circular,persistent,1,1
11285,229333,233167,16,0,0,fused_streaming,circular,persistent,1,1
11286,230958,234916,16,0,0,fused_streaming,circular,persistent,1,1
11287,231250,235292,16,0,0,fused_streaming,circular,persistent,1,1
11288,227208,231000,16,0,0,fused_streaming,circular,persistent,1,1
11289,225334,229208,16,0,0,fused_streaming,circular,persistent,1,1
11290,225584,229459,16,0,0,fused_streaming,circular,persistent,1,1
11291,225625,229541,16,0,0,fused_streaming,circular,persistent,1,1
11292,236041,240125,16,0,0,fused_streaming,circular,persistent,1,1
11293,239416,243333,16,0,0,fused_streaming,circular,persistent,1,1
11294,274959,279041,16,0,0,fused_streaming,circular,persistent,1,1
11295,242125,246042,16,0,0,fused_streaming,circular,persistent,1,1
11296,297875,302375,16,0,0,fused_streaming,circular,persistent,1,1
11297,246167,250459,16,0,0,fused_streaming,circular,persistent,1,1
11298,255083,259334,16,0,0,fused_streaming,circular,persistent,1,1
11299,254000,257875,16,0,0,fused_streaming,circular,persistent,1,1
11300,240667,244500,16,0,0,fused_streaming,circular,persistent,1,1
11301,248333,252250,16,0,0,fused_streaming,circular,persistent,1,1
11302,249208,253042,16,0,0,fused_streaming,circular,persistent,1,1
11303,248333,252208,16,0,0,fused_streaming,circular,persistent,1,1
11304,245708,249708,16,0,0,fused_streaming,circular,persistent,1,1
11305,238708,242542,16,0,0,fused_streaming,circular,persistent,1,1
11306,242459,246333,16,0,0,fused_streaming,circular,persistent,1,1
11307,236292,240541,16,0,0,fused_streaming,circular,persistent,1,1
11308,233333,237292,16,0,0,fused_streaming,circular,persistent,1,1
11309,230750,234666,16,0,0,fused_streaming,circular,persistent,1,1
11310,232667,236667,16,0,0,fused_streaming,circular,persistent,1,1
11311,232958,236916,16,0,0,fused_streaming,circular,persistent,1,1
11312,224875,228708,16,0,0,fused_streaming,circular,persistent,1,1
11313,230541,234375,16,0,0,fused_streaming,circular,persistent,1,1
11314,234209,238125,16,0,0,fused_streaming,circular,persistent,1,1
11315,223625,227584,16,0,0,fused_streaming,circular,persistent,1,1
11316,235458,239375,16,0,0,fused_streaming,circular,persistent,1,1
11317,238875,242875,16,0,0,fused_streaming,circular,persistent,1,1
11318,236334,240291,16,0,0,fused_streaming,circular,persistent,1,1
11319,246375,250375,16,0,0,fused_streaming,circular,persistent,1,1
11320,249208,253125,16,0,0,fused_streaming,circular,persistent,1,1
11321,253750,257625,16,0,0,fused_streaming,circular,persistent,1,1
11322,253542,257375,16,0,0,fused_streaming,circular,persistent,1,1
11323,249334,253375,16,0,0,fused_streaming,circular,persistent,1,1
11324,243917,247791,16,0,0,fused_streaming,circular,persistent,1,1
11325,250542,254416,16,0,0,fused_streaming,circular,persistent,1,1
11326,245250,249291,16,0,0,fused_streaming,circular,persistent,1,1
11327,241250,245459,16,0,0,fused_streaming,circular,persistent,1,1
11328,245333,249167,16,0,0,fused_streaming,circular,persistent,1,1
11329,237625,241584,16,0,0,fused_streaming,circular,persistent,1,1
11330,240500,244417,16,0,0,fused_streaming,circular,persistent,1,1
11331,241000,244833,16,0,0,fused_streaming,circular,persistent,1,1
11332,237958,241875,16,0,0,fused_streaming,circular,persistent,1,1
11333,232375,236292,16,0,0,fused_streaming,circular,persistent,1,1
11334,227708,231666,16,0,0,fused_streaming,circular,persistent,1,1
11335,265709,270041,16,0,0,fused_streaming,circular,persistent,1,1
11336,224000,227917,16,0,0,fused_streaming,circular,persistent,1,1
11337,229125,233042,16,0,0,fused_streaming,circular,persistent,1,1
11338,227875,231834,16,0,0,fused_streaming,circular,persistent,1,1
11339,232792,236708,16,0,0,fused_streaming,circular,persistent,1,1
11340,244750,248667,16,0,0,fused_streaming,circular,persistent,1,1
11341,233625,237541,16,0,0,fused_streaming,circular,persistent,1,1
11342,240209,244250,16,0,0,fused_streaming,circular,persistent,1,1
11343,250459,254291,16,0,0,fused_streaming,circular,persistent,1,1
11344,249583,253500,16,0,0,fused_streaming,circular,persistent,1,1
11345,253125,257000,16,0,0,fused_streaming,circular,persistent,1,1
11346,254459,258375,16,0,0,fused_streaming,circular,persistent,1,1
11347,238667,242500,16,0,0,fused_streaming,circular,persistent,1,1
11348,247875,251792,16,0,0,fused_streaming,circular,persistent,1,1
11349,252666,256583,16,0,0,fused_streaming,circular,persistent,1,1
11350,246000,249875,16,0,0,fused_streaming,circular,persistent,1,1
11351,243667,247625,16,0,0,fused_streaming,circular,persistent,1,1
11352,238833,242750,16,0,0,fused_streaming,circular,persistent,1,1
11353,233167,237042,16,0,0,fused_streaming,circular,persistent,1,1
11354,229833,233750,16,0,0,fused_streaming,circular,persistent,1,1
11355,229250,233250,16,0,0,fused_streaming,circular,persistent,1,1
11356,223541,227375,16,0,0,fused_streaming,circular,persistent,1,1
11357,224875,228709,16,0,0,fused_streaming,circular,persistent,1,1
11358,231291,235250,16,0,0,fused_streaming,circular,persistent,1,1
11359,232125,236042,16,0,0,fused_streaming,circular,persistent,1,1
11360,223084,226958,16,0,0,fused_streaming,circular,persistent,1,1
11361,230417,234333,16,0,0,fused_streaming,circular,persistent,1,1
11362,224083,227958,16,0,0,fused_streaming,circular,persistent,1,1
11363,232417,236333,16,0,0,fused_streaming,circular,persistent,1,1
11364,235750,239625,16,0,0,fused_streaming,circular,persistent,1,1
11365,262084,266041,16,0,0,fused_streaming,circular,persistent,1,1
11366,248000,251875,16,0,0,fused_streaming,circular,persistent,1,1
11367,250958,254875,16,0,0,fused_streaming,circular,persistent,1,1
11368,250250,254125,16,0,0,fused_streaming,circular,persistent,1,1
11369,258208,262042,16,0,0,fused_streaming,circular,persistent,1,1
11370,287250,291542,16,0,0,fused_streaming,circular,persistent,1,1
11371,244042,247875,16,0,0,fused_streaming,circular,persistent,1,1
11372,254916,258959,16,0,0,fused_streaming,circular,persistent,1,1
11373,252834,256750,16,0,0,fused_streaming,circular,persistent,1,1
11374,250375,254333,16,0,0,fused_streaming,circular,persistent,1,1
11375,242584,246417,16,0,0,fused_streaming,circular,persistent,1,1
11376,239917,243916,16,0,0,fused_streaming,circular,persistent,1,1
11377,232958,236833,16,0,0,fused_streaming,circular,persistent,1,1
11378,224917,228875,16,0,0,fused_streaming,circular,persistent,1,1
11379,233584,237500,16,0,0,fused_streaming,circular,persistent,1,1
11380,222708,226542,16,0,0,fused_streaming,circular,persistent,1,1
11381,230000,233875,16,0,0,fused_streaming,circular,persistent,1,1
11382,222458,226375,16,0,0,fused_streaming,circular,persistent,1,1
11383,225833,234042,16,0,0,fused_streaming,circular,persistent,1,1
11384,234667,238667,16,0,0,fused_streaming,circular,persistent,1,1
11385,232500,236375,16,0,0,fused_streaming,circular,persistent,1,1
11386,222583,226459,16,0,0,fused_streaming,circular,persistent,1,1
11387,236958,240833,16,0,0,fused_streaming,circular,persistent,1,1
11388,238042,241958,16,0,0,fused_streaming,circular,persistent,1,1
11389,242916,246875,16,0,0,fused_streaming,circular,persistent,1,1
11390,246750,250666,16,0,0,fused_streaming,circular,persistent,1,1
11391,244792,249000,16,0,0,fused_streaming,circular,persistent,1,1
11392,254541,258458,16,0,0,fused_streaming,circular,persistent,1,1
11393,255209,259125,16,0,0,fused_streaming,circular,persistent,1,1
11394,238125,242042,16,0,0,fused_streaming,circular,persistent,1,1
11395,245250,249125,16,0,0,fused_streaming,circular,persistent,1,1
11396,251042,255250,16,0,0,fused_streaming,circular,persistent,1,1
11397,239791,243625,16,0,0,fused_streaming,circular,persistent,1,1
11398,243334,247208,16,0,0,fused_streaming,circular,persistent,1,1
11399,238875,242667,16,0,0,fused_streaming,circular,persistent,1,1
11400,242167,246042,16,0,0,fused_streaming,circular,persistent,1,1
11401,238167,241917,16,0,0,fused_streaming,circular,persistent,1,1
11402,236958,241000,16,0,0,fused_streaming,circular,persistent,1,1
11403,228709,232500,16,0,0,fused_streaming,circular,persistent,1,1
11404,230625,234583,16,0,0,fused_streaming,circular,persistent,1,1
11405,217709,221708,16,0,0,fused_streaming,circular,persistent,1,1
11406,218542,222458,16,0,0,fused_streaming,circular,persistent,1,1
11407,228792,232709,16,0,0,fused_streaming,circular,persistent,1,1
11408,226125,229958,16,0,0,fused_streaming,circular,persistent,1,1
11409,279458,283584,16,0,0,fused_streaming,circular,persistent,1,1
11410,238042,241875,16,0,0,fused_streaming,circular,persistent,1,1
11411,236459,240333,16,0,0,fused_streaming,circular,persistent,1,1
11412,233583,237542,16,0,0,fused_streaming,circular,persistent,1,1
11413,241750,245583,16,0,0,fused_streaming,circular,persistent,1,1
11414,249084,253041,16,0,0,fused_streaming,circular,persistent,1,1
11415,250292,254250,16,0,0,fused_streaming,circular,persistent,1,1
11416,256792,260625,16,0,0,fused_streaming,circular,persistent,1,1
11417,288417,292666,16,0,0,fused_streaming,circular,persistent,1,1
11418,243083,246959,16,0,0,fused_streaming,circular,persistent,1,1
11419,279875,283834,16,0,0,fused_streaming,circular,persistent,1,1
11420,244834,248708,16,0,0,fused_streaming,circular,persistent,1,1
11421,244625,248542,16,0,0,fused_streaming,circular,persistent,1,1
11422,245000,248875,16,0,0,fused_streaming,circular,persistent,1,1
11423,236375,240292,16,0,0,fused_streaming,circular,persistent,1,1
11424,235250,239500,16,0,0,fused_streaming,circular,persistent,1,1
11425,235875,239875,16,0,0,fused_streaming,circular,persistent,1,1
11426,221833,225708,16,0,0,fused_streaming,circular,persistent,1,1
11427,220042,223917,16,0,0,fused_streaming,circular,persistent,1,1
11428,203292,207125,16,0,0,fused_streaming,circular,persistent,1,1
11429,209291,213167,16,0,0,fused_streaming,circular,persistent,1,1
11430,217542,221459,16,0,0,fused_streaming,circular,persistent,1,1
11431,231583,235500,16,0,0,fused_streaming,circular,persistent,1,1
11432,223083,227042,16,0,0,fused_streaming,circular,persistent,1,1
11433,280542,284750,16,0,0,fused_streaming,circular,persistent,1,1
11434,235959,240125,16,0,0,fused_streaming,circular,persistent,1,1
11435,229875,233709,16,0,0,fused_streaming,circular,persistent,1,1
11436,241500,245375,16,0,0,fused_streaming,circular,persistent,1,1
11437,244542,248375,16,0,0,fused_streaming,circular,persistent,1,1
11438,245291,249083,16,0,0,fused_streaming,circular,persistent,1,1
11439,255667,259584,16,0,0,fused_streaming,circular,persistent,1,1
11440,254750,258583,16,0,0,fused_streaming,circular,persistent,1,1
11441,247125,251125,16,0,0,fused_streaming,circular,persistent,1,1
11442,240708,244584,16,0,0,fused_streaming,circular,persistent,1,1
11443,248291,252208,16,0,0,fused_streaming,circular,persistent,1,1
11444,246166,250041,16,0,0,fused_streaming,circular,persistent,1,1
11445,247375,251250,16,0,0,fused_streaming,circular,persistent,1,1
11446,242875,246834,16,0,0,fused_streaming,circular,persistent,1,1
11447,243667,247583,16,0,0,fused_streaming,circular,persistent,1,1
11448,234709,238542,16,0,0,fused_streaming,circular,persistent,1,1
11449,237792,241708,16,0,0,fused_streaming,circular,persistent,1,1
11450,221625,225459,16,0,0,fused_streaming,circular,persistent,1,1
11451,221458,225375,16,0,0,fused_streaming,circular,persistent,1,1
11452,226959,230833,16,0,0,fused_streaming,circular,persistent,1,1
11453,231916,235834,16,0,0,fused_streaming,circular,persistent,1,1
11454,242041,245916,16,0,0,fused_streaming,circular,persistent,1,1
11455,238583,242416,16,0,0,fused_streaming,circular,persistent,1,1
11456,268334,272375,16,0,0,fused_streaming,circular,persistent,1,1
11457,230125,234000,16,0,0,fused_streaming,circular,persistent,1,1
11458,234542,238459,16,0,0,fused_streaming,circular,persistent,1,1
11459,236916,240792,16,0,0,fused_streaming,circular,persistent,1,1
11460,245375,249291,16,0,0,fused_streaming,circular,persistent,1,1
11461,251333,255250,16,0,0,fused_streaming,circular,persistent,1,1
11462,244375,248291,16,0,0,fused_streaming,circular,persistent,1,1
11463,256333,260250,16,0,0,fused_streaming,circular,persistent,1,1
11464,289459,293458,16,0,0,fused_streaming,circular,persistent,1,1
11465,237958,241792,16,0,0,fused_streaming,circular,persistent,1,1
11466,283208,287250,16,0,0,fused_streaming,circular,persistent,1,1
11467,244708,248667,16,0,0,fused_streaming,circular,persistent,1,1
11468,244375,248375,16,0,0,fused_streaming,circular,persistent,1,1
11469,239292,243209,16,0,0,fused_streaming,circular,persistent,1,1
11470,240167,244083,16,0,0,fused_streaming,circular,persistent,1,1
11471,237208,241125,16,0,0,fused_streaming,circular,persistent,1,1
11472,237375,241333,16,0,0,fused_streaming,circular,persistent,1,1
11473,226458,230250,16,0,0,fused_streaming,circular,persistent,1,1
11474,226292,230125,16,0,0,fused_streaming,circular,persistent,1,1
11475,223792,227666,16,0,0,fused_streaming,circular,persistent,1,1
11476,209334,213291,16,0,0,fused_streaming,circular,persistent,1,1
11477,219125,223083,16,0,0,fused_streaming,circular,persistent,1,1
11478,233042,236958,16,0,0,fused_streaming,circular,persistent,1,1
11479,217333,221583,16,0,0,fused_streaming,circular,persistent,1,1
11480,235584,239708,16,0,0,fused_streaming,circular,persistent,1,1
11481,240917,244875,16,0,0,fused_streaming,circular,persistent,1,1
11482,222250,226166,16,0,0,fused_streaming,circular,persistent,1,1
11483,230292,234250,16,0,0,fused_streaming,circular,persistent,1,1
11484,250416,254292,16,0,0,fused_streaming,circular,persistent,1,1
11485,248166,251958,16,0,0,fused_streaming,circular,persistent,1,1
11486,251875,255750,16,0,0,fused_streaming,circular,persistent,1,1
11487,251250,255208,16,0,0,fused_streaming,circular,persistent,1,1
11488,288375,292375,16,0,0,fused_streaming,circular,persistent,1,1
11489,236083,240000,16,0,0,fused_streaming,circular,persistent,1,1
11490,298750,303125,16,0,0,fused_streaming,circular,persistent,1,1
11491,250791,254708,16,0,0,fused_streaming,circular,persistent,1,1
11492,247500,251542,16,0,0,fused_streaming,circular,persistent,1,1
11493,235084,239000,16,0,0,fused_streaming,circular,persistent,1,1
11494,245125,249041,16,0,0,fused_streaming,circular,persistent,1,1
11495,235000,238917,16,0,0,fused_streaming,circular,persistent,1,1
11496,221750,225708,16,0,0,fused_streaming,circular,persistent,1,1
11497,219166,223083,16,0,0,fused_streaming,circular,persistent,1,1
11498,212458,216291,16,0,0,fused_streaming,circular,persistent,1,1
11499,218417,222333,16,0,0,fused_streaming,circular,persistent,1,1
11500,222708,226583,16,0,0,fused_streaming,circular,persistent,1,1
11501,226583,230500,16,0,0,fused_streaming,circular,persistent,1,1
11502,256708,260750,16,0,0,fused_streaming,circular,persistent,1,1
11503,218584,222416,16,0,0,fused_streaming,circular,persistent,1,1
11504,232625,236500,16,0,0,fused_streaming,circular,persistent,1,1
11505,231041,234917,16,0,0,fused_streaming,circular,persistent,1,1
11506,227958,231834,16,0,0,fused_streaming,circular,persistent,1,1
11507,245416,249292,16,0,0,fused_streaming,circular,persistent,1,1
11508,247875,251792,16,0,0,fused_streaming,circular,persistent,1,1
11509,250083,254000,16,0,0,fused_streaming,circular,persistent,1,1
11510,256167,260042,16,0,0,fused_streaming,circular,persistent,1,1
11511,247917,251833,16,0,0,fused_streaming,circular,persistent,1,1
11512,242791,246667,16,0,0,fused_streaming,circular,persistent,1,1
11513,245209,249125,16,0,0,fused_streaming,circular,persistent,1,1
11514,247125,251000,16,0,0,fused_streaming,circular,persistent,1,1
11515,251042,254959,16,0,0,fused_streaming,circular,persistent,1,1
11516,283541,287750,16,0,0,fused_streaming,circular,persistent,1,1
11517,243959,247875,16,0,0,fused_streaming,circular,persistent,1,1
11518,232875,236792,16,0,0,fused_streaming,circular,persistent,1,1
11519,238458,242417,16,0,0,fused_streaming,circular,persistent,1,1
11520,230459,234375,16,0,0,fused_streaming,circular,persistent,1,1
11521,224459,228291,16,0,0,fused_streaming,circular,persistent,1,1
11522,258791,262875,16,0,0,fused_streaming,circular,persistent,1,1
11523,220334,224250,16,0,0,fused_streaming,circular,persistent,1,1
11524,231333,235250,16,0,0,fused_streaming,circular,persistent,1,1
11525,237958,241792,16,0,0,fused_streaming,circular,persistent,1,1
11526,225166,229000,16,0,0,fused_streaming,circular,persistent,1,1
11527,231791,235625,16,0,0,fused_streaming,circular,persistent,1,1
11528,232958,236875,16,0,0,fused_streaming,circular,persistent,1,1
11529,223292,227125,16,0,0,fused_streaming,circular,persistent,1,1
11530,239209,243083,16,0,0,fused_streaming,circular,persistent,1,1
11531,246333,254542,16,0,0,fused_streaming,circular,persistent,1,1
11532,244375,248250,16,0,0,fused_streaming,circular,persistent,1,1
11533,290500,294583,16,0,0,fused_streaming,circular,persistent,1,1
11534,254916,258875,16,0,0,fused_streaming,circular,persistent,1,1
11535,248042,252000,16,0,0,fused_streaming,circular,persistent,1,1
11536,240625,244500,16,0,0,fused_streaming,circular,persistent,1,1
11537,251708,255625,16,0,0,fused_streaming,circular,persistent,1,1
11538,241500,245458,16,0,0,fused_streaming,circular,persistent,1,1
11539,246250,250125,16,0,0,fused_streaming,circular,persistent,1,1
11540,234458,238375,16,0,0,fused_streaming,circular,persistent,1,1
11541,233500,237542,16,0,0,fused_streaming,circular,persistent,1,1
11542,232917,236750,16,0,0,fused_streaming,circular,persistent,1,1
11543,231834,235666,16,0,0,fused_streaming,circular,persistent,1,1
11544,222500,226458,16,0,0,fused_streaming,circular,persistent,1,1
11545,216416,220292,16,0,0,fused_streaming,circular,persistent,1,1
11546,225417,229375,16,0,0,fused_streaming,circular,persistent,1,1
11547,226125,230083,16,0,0,fused_streaming,circular,persistent,1,1
11548,222541,226458,16,0,0,fused_streaming,circular,persistent,1,1
11549,233375,237375,16,0,0,fused_streaming,circular,persistent,1,1
11550,223708,227625,16,0,0,fused_streaming,circular,persistent,1,1
11551,278750,283041,16,0,0,fused_streaming,circular,persistent,1,1
11552,231833,236083,16,0,0,fused_streaming,circular,persistent,1,1
11553,227125,231042,16,0,0,fused_streaming,circular,persistent,1,1
11554,237792,241708,16,0,0,fused_streaming,circular,persistent,1,1
11555,250791,254625,16,0,0,fused_streaming,circular,persistent,1,1
11556,248541,252458,16,0,0,fused_streaming,circular,persistent,1,1
11557,253750,257667,16,0,0,fused_streaming,circular,persistent,1,1
11558,250792,254667,16,0,0,fused_streaming,circular,persistent,1,1
11559,238125,241959,16,0,0,fused_streaming,circular,persistent,1,1
11560,244625,248500,16,0,0,fused_streaming,circular,persistent,1,1
11561,251208,255041,16,0,0,fused_streaming,circular,persistent,1,1
11562,250750,254625,16,0,0,fused_streaming,circular,persistent,1,1
11563,236042,240000,16,0,0,fused_streaming,circular,persistent,1,1
11564,242375,246250,16,0,0,fused_streaming,circular,persistent,1,1
11565,224209,228500,16,0,0,fused_streaming,circular,persistent,1,1
11566,228459,232375,16,0,0,fused_streaming,circular,persistent,1,1
11567,213709,217625,16,0,0,fused_streaming,circular,persistent,1,1
11568,205375,209292,16,0,0,fused_streaming,circular,persistent,1,1
11569,222000,225875,16,0,0,fused_streaming,circular,persistent,1,1
11570,223375,227250,16,0,0,fused_streaming,circular,persistent,1,1
11571,219834,223750,16,0,0,fused_streaming,circular,persistent,1,1
11572,229292,233125,16,0,0,fused_streaming,circular,persistent,1,1
11573,222500,226333,16,0,0,fused_streaming,circular,persistent,1,1
11574,226625,230625,16,0,0,fused_streaming,circular,persistent,1,1
11575,235000,238833,16,0,0,fused_streaming,circular,persistent,1,1
11576,222500,226500,16,0,0,fused_streaming,circular,persistent,1,1
11577,233667,237458,16,0,0,fused_streaming,circular,persistent,1,1
11578,249000,252875,16,0,0,fused_streaming,circular,persistent,1,1
11579,248209,252083,16,0,0,fused_streaming,circular,persistent,1,1
11580,290167,294250,16,0,0,fused_streaming,circular,persistent,1,1
11581,253167,257041,16,0,0,fused_streaming,circular,persistent,1,1
11582,242958,246875,16,0,0,fused_streaming,circular,persistent,1,1
11583,236041,239917,16,0,0,fused_streaming,circular,persistent,1,1
11584,243792,247708,16,0,0,fused_streaming,circular,persistent,1,1
11585,248458,252292,16,0,0,fused_streaming,circular,persistent,1,1
11586,250291,254292,16,0,0,fused_streaming,circular,persistent,1,1
11587,244917,248833,16,0,0,fused_streaming,circular,persistent,1,1
11588,240583,244584,16,0,0,fused_streaming,circular,persistent,1,1
11589,231625,235500,16,0,0,fused_streaming,circular,persistent,1,1
11590,287375,291416,16,0,0,fused_streaming,circular,persistent,1,1
11591,228083,231958,16,0,0,fused_streaming,circular,persistent,1,1
11592,229167,233042,16,0,0,fused_streaming,circular,persistent,1,1
11593,223125,227041,16,0,0,fused_streaming,circular,persistent,1,1
11594,223209,227083,16,0,0,fused_streaming,circular,persistent,1,1
11595,228583,232458,16,0,0,fused_streaming,circular,persistent,1,1
11596,232125,235958,16,0,0,fused_streaming,circular,persistent,1,1
11597,228750,232625,16,0,0,fused_streaming,circular,persistent,1,1
11598,236584,240583,16,0,0,fused_streaming,circular,persistent,1,1
11599,228041,231917,16,0,0,fused_streaming,circular,persistent,1,1
11600,223375,227333,16,0,0,fused_streaming,circular,persistent,1,1
11601,242875,246750,16,0,0,fused_streaming,circular,persistent,1,1
11602,251250,255209,16,0,0,fused_streaming,circular,persistent,1,1
11603,243458,247417,16,0,0,fused_streaming,circular,persistent,1,1
11604,254834,258791,16,0,0,fused_streaming,circular,persistent,1,1
11605,253500,257417,16,0,0,fused_streaming,circular,persistent,1,1
11606,239125,243083,16,0,0,fused_streaming,circular,persistent,1,1
11607,238791,242666,16,0,0,fused_streaming,circular,persistent,1,1
11608,251708,255833,16,0,0,fused_streaming,circular,persistent,1,1
11609,249000,252875,16,0,0,fused_streaming,circular,persistent,1,1
11610,237833,241625,16,0,0,fused_streaming,circular,persistent,1,1
11611,238792,242666,16,0,0,fused_streaming,circular,persistent,1,1
11612,241042,244958,16,0,0,fused_streaming,circular,persistent,1,1
11613,237167,241000,16,0,0,fused_streaming,circular,persistent,1,1
11614,272000,276000,16,0,0,fused_streaming,circular,persistent,1,1
11615,228208,232000,16,0,0,fused_streaming,circular,persistent,1,1
11616,218125,222041,16,0,0,fused_streaming,circular,persistent,1,1
11617,213459,217375,16,0,0,fused_streaming,circular,persistent,1,1
11618,220833,229000,16,0,0,fused_streaming,circular,persistent,1,1
11619,232417,236250,16,0,0,fused_streaming,circular,persistent,1,1
11620,230708,234500,16,0,0,fused_streaming,circular,persistent,1,1
11621,226750,230708,16,0,0,fused_streaming,circular,persistent,1,1
11622,231833,235750,16,0,0,fused_streaming,circular,persistent,1,1
11623,231542,235416,16,0,0,fused_streaming,circular,persistent,1,1
11624,226292,230166,16,0,0,fused_streaming,circular,persistent,1,1
11625,246666,250542,16,0,0,fused_streaming,circular,persistent,1,1
11626,289625,293875,16,0,0,fused_streaming,circular,persistent,1,1
11627,248708,252583,16,0,0,fused_streaming,circular,persistent,1,1
11628,256791,260708,16,0,0,fused_streaming,circular,persistent,1,1
11629,245125,248959,16,0,0,fused_streaming,circular,persistent,1,1
11630,235625,239542,16,0,0,fused_streaming,circular,persistent,1,1
11631,245541,249417,16,0,0,fused_streaming,circular,persistent,1,1
11632,251500,255375,16,0,0,fused_streaming,circular,persistent,1,1
11633,248041,251875,16,0,0,fused_streaming,circular,persistent,1,1
11634,238583,242542,16,0,0,fused_streaming,circular,persistent,1,1
11635,238166,242084,16,0,0,fused_streaming,circular,persistent,1,1
11636,227959,231916,16,0,0,fused_streaming,circular,persistent,1,1
11637,225625,229542,16,0,0,fused_streaming,circular,persistent,1,1
11638,224250,228167,16,0,0,fused_streaming,circular,persistent,1,1
11639,227958,231875,16,0,0,fused_streaming,circular,persistent,1,1
11640,219709,223583,16,0,0,fused_streaming,circular,persistent,1,1
11641,217750,221666,16,0,0,fused_streaming,circular,persistent,1,1
11642,229083,232916,16,0,0,fused_streaming,circular,persistent,1,1
11643,221458,225334,16,0,0,fused_streaming,circular,persistent,1,1
11644,265958,270084,16,0,0,fused_streaming,circular,persistent,1,1
11645,227750,231625,16,0,0,fused_streaming,circular,persistent,1,1
11646,226125,230042,16,0,0,fused_streaming,circular,persistent,1,1
11647,229250,233208,16,0,0,fused_streaming,circular,persistent,1,1
11648,237542,241458,16,0,0,fused_streaming,circular,persistent,1,1
11649,246333,250333,16,0,0,fused_streaming,circular,persistent,1,1
11650,243667,247666,16,0,0,fused_streaming,circular,persistent,1,1
11651,248292,252208,16,0,0,fused_streaming,circular,persistent,1,1
11652,254500,258417,16,0,0,fused_streaming,circular,persistent,1,1
11653,239416,243333,16,0,0,fused_streaming,circular,persistent,1,1
11654,241083,245000,16,0,0,fused_streaming,circular,persistent,1,1
11655,243084,247000,16,0,0,fused_streaming,circular,persistent,1,1
11656,246375,250334,16,0,0,fused_streaming,circular,persistent,1,1
11657,245083,248959,16,0,0,fused_streaming,circular,persistent,1,1
11658,238958,242792,16,0,0,fused_streaming,circular,persistent,1,1
11659,235708,239709,16,0,0,fused_streaming,circular,persistent,1,1
11660,228083,232250,16,0,0,fused_streaming,circular,persistent,1,1
11661,227875,231833,16,0,0,fused_streaming,circular,persistent,1,1
11662,231750,235666,16,0,0,fused_streaming,circular,persistent,1,1
11663,224292,228250,16,0,0,fused_streaming,circular,persistent,1,1
11664,217667,221541,16,0,0,fused_streaming,circular,persistent,1,1
11665,228250,232125,16,0,0,fused_streaming,circular,persistent,1,1
11666,235834,239750,16,0,0,fused_streaming,circular,persistent,1,1
11667,225875,229709,16,0,0,fused_streaming,circular,persistent,1,1
11668,234917,238958,16,0,0,fused_streaming,circular,persistent,1,1
11669,233458,237375,16,0,0,fused_streaming,circular,persistent,1,1
11670,220958,224834,16,0,0,fused_streaming,circular,persistent,1,1
11671,237375,241459,16,0,0,fused_streaming,circular,persistent,1,1
11672,244583,248417,16,0,0,fused_streaming,circular,persistent,1,1
11673,242917,246875,16,0,0,fused_streaming,circular,persistent,1,1
11674,246250,250167,16,0,0,fused_streaming,circular,persistent,1,1
11675,250125,254333,16,0,0,fused_streaming,circular,persistent,1,1
11676,246000,249959,16,0,0,fused_streaming,circular,persistent,1,1
11677,242750,246667,16,0,0,fused_streaming,circular,persistent,1,1
11678,238750,242959,16,0,0,fused_streaming,circular,persistent,1,1
11679,251000,254916,16,0,0,fused_streaming,circular,persistent,1,1
11680,289583,294041,16,0,0,fused_streaming,circular,persistent,1,1
11681,238834,242750,16,0,0,fused_streaming,circular,persistent,1,1
11682,232417,236250,16,0,0,fused_streaming,circular,persistent,1,1
11683,230584,234458,16,0,0,fused_streaming,circular,persistent,1,1
11684,232333,236291,16,0,0,fused_streaming,circular,persistent,1,1
11685,230250,234083,16,0,0,fused_streaming,circular,persistent,1,1
11686,230167,234042,16,0,0,fused_streaming,circular,persistent,1,1
11687,221083,225000,16,0,0,fused_streaming,circular,persistent,1,1
11688,220000,223958,16,0,0,fused_streaming,circular,persistent,1,1
11689,226417,230375,16,0,0,fused_streaming,circular,persistent,1,1
11690,224708,228708,16,0,0,fused_streaming,circular,persistent,1,1
11691,230583,234583,16,0,0,fused_streaming,circular,persistent,1,1
11692,241416,245333,16,0,0,fused_streaming,circular,persistent,1,1
11693,276125,280125,16,0,0,fused_streaming,circular,persistent,1,1
11694,232417,236292,16,0,0,fused_streaming,circular,persistent,1,1
11695,236750,240750,16,0,0,fused_streaming,circular,persistent,1,1
11696,245375,249333,16,0,0,fused_streaming,circular,persistent,1,1
11697,245292,249209,16,0,0,fused_streaming,circular,persistent,1,1
11698,248500,252417,16,0,0,fused_streaming,circular,persistent,1,1
11699,294041,298125,16,0,0,fused_streaming,circular,persistent,1,1
11700,246750,250708,16,0,0,fused_streaming,circular,persistent,1,1
11701,284000,288125,16,0,0,fused_streaming,circular,persistent,1,1
11702,247625,251542,16,0,0,fused_streaming,circular,persistent,1,1
11703,252417,256333,16,0,0,fused_streaming,circular,persistent,1,1
11704,247208,251125,16,0,0,fused_streaming,circular,persistent,1,1
11705,241583,245625,16,0,0,fused_streaming,circular,persistent,1,1
11706,230791,234667,16,0,0,fused_streaming,circular,persistent,1,1
11707,230208,234125,16,0,0,fused_streaming,circular,persistent,1,1
11708,230584,234500,16,0,0,fused_streaming,circular,persistent,1,1
11709,230125,234000,16,0,0,fused_streaming,circular,persistent,1,1
11710,219125,223083,16,0,0,fused_streaming,circular,persistent,1,1
11711,221542,225667,16,0,0,fused_streaming,circular,persistent,1,1
11712,230625,234458,16,0,0,fused_streaming,circular,persistent,1,1
11713,228000,231958,16,0,0,fused_streaming,circular,persistent,1,1
11714,227750,231583,16,0,0,fused_streaming,circular,persistent,1,1
11715,228166,232042,16,0,0,fused_streaming,circular,persistent,1,1
11716,233166,237125,16,0,0,fused_streaming,circular,persistent,1,1
11717,231458,235375,16,0,0,fused_streaming,circular,persistent,1,1
11718,228500,232333,16,0,0,fused_streaming,circular,persistent,1,1
11719,231083,235041,16,0,0,fused_streaming,circular,persistent,1,1
11720,234167,238042,16,0,0,fused_streaming,circular,persistent,1,1
11721,245167,249000,16,0,0,fused_streaming,circular,persistent,1,1
11722,254416,258292,16,0,0,fused_streaming,circular,persistent,1,1
11723,247000,250917,16,0,0,fused_streaming,circular,persistent,1,1
11724,242042,245916,16,0,0,fused_streaming,circular,persistent,1,1
11725,236167,240000,16,0,0,fused_streaming,circular,persistent,1,1
11726,251292,255250,16,0,0,fused_streaming,circular,persistent,1,1
11727,246208,250084,16,0,0,fused_streaming,circular,persistent,1,1
11728,237959,241834,16,0,0,fused_streaming,circular,persistent,1,1
11729,242541,246458,16,0,0,fused_streaming,circular,persistent,1,1
11730,238333,242208,16,0,0,fused_streaming,circular,persistent,1,1
11731,226292,230250,16,0,0,fused_streaming,circular,persistent,1,1
11732,255125,259250,16,0,0,fused_streaming,circular,persistent,1,1
11733,227917,231833,16,0,0,fused_streaming,circular,persistent,1,1
11734,218167,222084,16,0,0,fused_streaming,circular,persistent,1,1
11735,231792,235750,16,0,0,fused_streaming,circular,persistent,1,1
11736,229750,233583,16,0,0,fused_streaming,circular,persistent,1,1
11737,269083,273042,16,0,0,fused_streaming,circular,persistent,1,1
11738,227917,231833,16,0,0,fused_streaming,circular,persistent,1,1
11739,233292,237125,16,0,0,fused_streaming,circular,persistent,1,1
11740,234583,238417,16,0,0,fused_streaming,circular,persistent,1,1
11741,235125,239041,16,0,0,fused_streaming,circular,persistent,1,1
11742,227542,231375,16,0,0,fused_streaming,circular,persistent,1,1
11743,235291,239167,16,0,0,fused_streaming,circular,persistent,1,1
11744,248292,252167,16,0,0,fused_streaming,circular,persistent,1,1
11745,252000,255917,16,0,0,fused_streaming,circular,persistent,1,1
11746,249291,253167,16,0,0,fused_streaming,circular,persistent,1,1
11747,240250,244209,16,0,0,fused_streaming,circular,persistent,1,1
11748,246416,250333,16,0,0,fused_streaming,circular,persistent,1,1
11749,249375,253292,16,0,0,fused_streaming,circular,persistent,1,1
11750,238792,246875,16,0,0,fused_streaming,circular,persistent,1,1
11751,243458,247417,16,0,0,fused_streaming,circular,persistent,1,1
11752,242625,246500,16,0,0,fused_streaming,circular,persistent,1,1
11753,239084,243000,16,0,0,fused_streaming,circular,persistent,1,1
11754,240042,244000,16,0,0,fused_streaming,circular,persistent,1,1
11755,233084,236875,16,0,0,fused_streaming,circular,persistent,1,1
11756,224334,228208,16,0,0,fused_streaming,circular,persistent,1,1
11757,220334,224209,16,0,0,fused_streaming,circular,persistent,1,1
11758,227834,231666,16,0,0,fused_streaming,circular,persistent,1,1
11759,238791,242708,16,0,0,fused_streaming,circular,persistent,1,1
11760,226459,230292,16,0,0,fused_streaming,circular,persistent,1,1
11761,271667,275917,16,0,0,fused_streaming,circular,persistent,1,1
11762,231042,234916,16,0,0,fused_streaming,circular,persistent,1,1
11763,230875,234750,16,0,0,fused_streaming,circular,persistent,1,1
11764,232125,235958,16,0,0,fused_streaming,circular,persistent,1,1
11765,228000,231833,16,0,0,fused_streaming,circular,persistent,1,1
11766,247333,251292,16,0,0,fused_streaming,circular,persistent,1,1
11767,250500,254333,16,0,0,fused_streaming,circular,persistent,1,1
11768,251584,255416,16,0,0,fused_streaming,circular,persistent,1,1
11769,238833,242750,16,0,0,fused_streaming,circular,persistent,1,1
11770,245083,249000,16,0,0,fused_streaming,circular,persistent,1,1
11771,244375,248333,16,0,0,fused_streaming,circular,persistent,1,1
11772,241917,245792,16,0,0,fused_streaming,circular,persistent,1,1
11773,242167,246000,16,0,0,fused_streaming,circular,persistent,1,1
11774,242250,246084,16,0,0,fused_streaming,circular,persistent,1,1
11775,241875,245750,16,0,0,fused_streaming,circular,persistent,1,1
11776,232166,236042,16,0,0,fused_streaming,circular,persistent,1,1
11777,226709,230541,16,0,0,fused_streaming,circular,persistent,1,1
11778,217000,220875,16,0,0,fused_streaming,circular,persistent,1,1
11779,215875,219708,16,0,0,fused_streaming,circular,persistent,1,1
11780,224667,228584,16,0,0,fused_streaming,circular,persistent,1,1
11781,277000,281083,16,0,0,fused_streaming,circular,persistent,1,1
11782,234083,237916,16,0,0,fused_streaming,circular,persistent,1,1
11783,221833,225709,16,0,0,fused_streaming,circular,persistent,1,1
11784,219792,223583,16,0,0,fused_streaming,circular,persistent,1,1
11785,228458,232292,16,0,0,fused_streaming,circular,persistent,1,1
11786,266375,270375,16,0,0,fused_streaming,circular,persistent,1,1
11787,221584,225791,16,0,0,fused_streaming,circular,persistent,1,1
11788,243833,247666,16,0,0,fused_streaming,circular,persistent,1,1
11789,250042,254000,16,0,0,fused_streaming,circular,persistent,1,1
11790,251750,255709,16,0,0,fused_streaming,circular,persistent,1,1
11791,236125,240042,16,0,0,fused_streaming,circular,persistent,1,1
11792,235166,239042,16,0,0,fused_streaming,circular,persistent,1,1
11793,244125,248417,16,0,0,fused_streaming,circular,persistent,1,1
11794,245292,249208,16,0,0,fused_streaming,circular,persistent,1,1
11795,237958,241792,16,0,0,fused_streaming,circular,persistent,1,1
11796,239667,243583,16,0,0,fused_streaming,circular,persistent,1,1
11797,241875,245750,16,0,0,fused_streaming,circular,persistent,1,1
11798,236083,239959,16,0,0,fused_streaming,circular,persistent,1,1
11799,232500,236333,16,0,0,fused_streaming,circular,persistent,1,1
11800,227750,231666,16,0,0,fused_streaming,circular,persistent,1,1
11801,222292,226333,16,0,0,fused_streaming,circular,persistent,1,1
11802,225500,229375,16,0,0,fused_streaming,circular,persistent,1,1
11803,232542,236500,16,0,0,fused_streaming,circular,persistent,1,1
11804,236917,240875,16,0,0,fused_streaming,circular,persistent,1,1
11805,221292,225542,16,0,0,fused_streaming,circular,persistent,1,1
11806,228750,232708,16,0,0,fused_streaming,circular,persistent,1,1
11807,231458,235334,16,0,0,fused_streaming,circular,persistent,1,1
11808,231792,235666,16,0,0,fused_streaming,circular,persistent,1,1
11809,227125,231083,16,0,0,fused_streaming,circular,persistent,1,1
11810,238375,242291,16,0,0,fused_streaming,circular,persistent,1,1
11811,249583,253500,16,0,0,fused_streaming,circular,persistent,1,1
11812,253625,257583,16,0,0,fused_streaming,circular,persistent,1,1
11813,241708,245584,16,0,0,fused_streaming,circular,persistent,1,1
11814,243000,246875,16,0,0,fused_streaming,circular,persistent,1,1
11815,249000,252958,16,0,0,fused_streaming,circular,persistent,1,1
11816,238334,242250,16,0,0,fused_streaming,circular,persistent,1,1
11817,242125,246041,16,0,0,fused_streaming,circular,persistent,1,1
11818,240083,243958,16,0,0,fused_streaming,circular,persistent,1,1
11819,236291,240209,16,0,0,fused_streaming,circular,persistent,1,1
11820,233500,237542,16,0,0,fused_streaming,circular,persistent,1,1
11821,229375,233333,16,0,0,fused_streaming,circular,persistent,1,1
11822,225208,229167,16,0,0,fused_streaming,circular,persistent,1,1
11823,214500,218500,16,0,0,fused_streaming,circular,persistent,1,1
11824,227250,231167,16,0,0,fused_streaming,circular,persistent,1,1
11825,223167,227000,16,0,0,fused_streaming,circular,persistent,1,1
11826,221958,225833,16,0,0,fused_streaming,circular,persistent,1,1
11827,213000,216916,16,0,0,fused_streaming,circular,persistent,1,1
11828,220750,224667,16,0,0,fused_streaming,circular,persistent,1,1
11829,204291,208167,16,0,0,fused_streaming,circular,persistent,1,1
11830,218625,222625,16,0,0,fused_streaming,circular,persistent,1,1
11831,225542,229417,16,0,0,fused_streaming,circular,persistent,1,1
11832,224583,228417,16,0,0,fused_streaming,circular,persistent,1,1
11833,239541,243416,16,0,0,fused_streaming,circular,persistent,1,1
11834,249375,253250,16,0,0,fused_streaming,circular,persistent,1,1
11835,242209,246083,16,0,0,fused_streaming,circular,persistent,1,1
11836,242083,246042,16,0,0,fused_streaming,circular,persistent,1,1
11837,236292,240250,16,0,0,fused_streaming,circular,persistent,1,1
11838,234042,237916,16,0,0,fused_streaming,circular,persistent,1,1
11839,236583,240458,16,0,0,fused_streaming,circular,persistent,1,1
11840,239875,243791,16,0,0,fused_streaming,circular,persistent,1,1
11841,232375,236250,16,0,0,fused_streaming,circular,persistent,1,1
11842,225416,229250,16,0,0,fused_streaming,circular,persistent,1,1
11843,268791,272958,16,0,0,fused_streaming,circular,persistent,1,1
11844,221750,225625,16,0,0,fused_streaming,circular,persistent,1,1
11845,225750,229709,16,0,0,fused_streaming,circular,persistent,1,1
11846,222000,226000,16,0,0,fused_streaming,circular,persistent,1,1
11847,217917,221791,16,0,0,fused_streaming,circular,persistent,1,1
11848,224750,228666,16,0,0,fused_streaming,circular,persistent,1,1
11849,221666,225542,16,0,0,fused_streaming,circular,persistent,1,1
11850,222625,226542,16,0,0,fused_streaming,circular,persistent,1,1
11851,228292,232166,16,0,0,fused_streaming,circular,persistent,1,1
11852,237333,241209,16,0,0,fused_streaming,circular,persistent,1,1
11853,226625,230458,16,0,0,fused_streaming,circular,persistent,1,1
11854,226916,230792,16,0,0,fused_streaming,circular,persistent,1,1
11855,273458,277625,16,0,0,fused_streaming,circular,persistent,1,1
11856,221166,225042,16,0,0,fused_streaming,circular,persistent,1,1
11857,209292,213208,16,0,0,fused_streaming,circular,persistent,1,1
11858,202209,206208,16,0,0,fused_streaming,circular,persistent,1,1
11859,221916,225875,16,0,0,fused_streaming,circular,persistent,1,1
11860,224375,228250,16,0,0,fused_streaming,circular,persistent,1,1
11861,231125,235084,16,0,0,fused_streaming,circular,persistent,1,1
11862,223875,227750,16,0,0,fused_streaming,circular,persistent,1,1
11863,223792,227666,16,0,0,fused_streaming,circular,persistent,1,1
11864,230833,234792,16,0,0,fused_streaming,circular,persistent,1,1
11865,222542,226416,16,0,0,fused_streaming,circular,persistent,1,1
11866,210417,214416,16,0,0,fused_streaming,circular,persistent,1,1
11867,216084,220000,16,0,0,fused_streaming,circular,persistent,1,1
11868,211333,215333,16,0,0,fused_streaming,circular,persistent,1,1
11869,215375,219291,16,0,0,fused_streaming,circular,persistent,1,1
11870,205916,209917,16,0,0,fused_streaming,circular,persistent,1,1
11871,199750,203750,16,0,0,fused_streaming,circular,persistent,1,1
11872,218333,222209,16,0,0,fused_streaming,circular,persistent,1,1
11873,228250,232209,16,0,0,fused_streaming,circular,persistent,1,1
11874,227792,231709,16,0,0,fused_streaming,circular,persistent,1,1
11875,220916,224792,16,0,0,fused_streaming,circular,persistent,1,1
11876,220667,224583,16,0,0,fused_streaming,circular,persistent,1,1
11877,214250,218208,16,0,0,fused_streaming,circular,persistent,1,1
11878,217459,221375,16,0,0,fused_streaming,circular,persistent,1,1
11879,223750,227709,16,0,0,fused_streaming,circular,persistent,1,1
11880,230583,234458,16,0,0,fused_streaming,circular,persistent,1,1
11881,222292,226167,16,0,0,fused_streaming,circular,persistent,1,1
11882,226000,229875,16,0,0,fused_streaming,circular,persistent,1,1
11883,220458,224417,16,0,0,fused_streaming,circular,persistent,1,1
11884,210791,214667,16,0,0,fused_streaming,circular,persistent,1,1
11885,218959,222833,16,0,0,fused_streaming,circular,persistent,1,1
11886,221958,225833,16,0,0,fused_streaming,circular,persistent,1,1
11887,209917,213791,16,0,0,fused_streaming,circular,persistent,1,1
11888,214875,218750,16,0,0,fused_streaming,circular,persistent,1,1
11889,214208,218083,16,0,0,fused_streaming,circular,persistent,1,1
11890,218375,222208,16,0,0,fused_streaming,circular,persistent,1,1
11891,226125,229917,16,0,0,fused_streaming,circular,persistent,1,1
11892,223958,227750,16,0,0,fused_streaming,circular,persistent,1,1
11893,224792,228583,16,0,0,fused_streaming,circular,persistent,1,1
11894,227666,231542,16,0,0,fused_streaming,circular,persistent,1,1
11895,228250,232041,16,0,0,fused_streaming,circular,persistent,1,1
11896,224166,228083,16,0,0,fused_streaming,circular,persistent,1,1
11897,229292,233083,16,0,0,fused_streaming,circular,persistent,1,1
11898,232000,235875,16,0,0,fused_streaming,circular,persistent,1,1
11899,228083,231959,16,0,0,fused_streaming,circular,persistent,1,1
11900,280584,284708,16,0,0,fused_streaming,circular,persistent,1,1
11901,229667,233500,16,0,0,fused_streaming,circular,persistent,1,1
11902,221292,225208,16,0,0,fused_streaming,circular,persistent,1,1
11903,223583,227500,16,0,0,fused_streaming,circular,persistent,1,1
11904,213458,217375,16,0,0,fused_streaming,circular,persistent,1,1
11905,218417,222333,16,0,0,fused_streaming,circular,persistent,1,1
11906,224250,228166,16,0,0,fused_streaming,circular,persistent,1,1
11907,231708,235542,16,0,0,fused_streaming,circular,persistent,1,1
11908,225541,229417,16,0,0,fused_streaming,circular,persistent,1,1
11909,220917,224791,16,0,0,fused_streaming,circular,persistent,1,1
11910,215125,219041,16,0,0,fused_streaming,circular,persistent,1,1
11911,209667,213541,16,0,0,fused_streaming,circular,persistent,1,1
11912,221750,225542,16,0,0,fused_streaming,circular,persistent,1,1
11913,229708,233583,16,0,0,fused_streaming,circular,persistent,1,1
11914,224166,228084,16,0,0,fused_streaming,circular,persistent,1,1
11915,213709,217666,16,0,0,fused_streaming,circular,persistent,1,1
11916,221125,224958,16,0,0,fused_streaming,circular,persistent,1,1
11917,219375,227458,16,0,0,fused_streaming,circular,persistent,1,1
11918,229250,237375,16,0,0,fused_streaming,circular,persistent,1,1
11919,273541,277625,16,0,0,fused_streaming,circular,persistent,1,1
11920,235292,239166,16,0,0,fused_streaming,circular,persistent,1,1
11921,253875,257875,16,0,0,fused_streaming,circular,persistent,1,1
11922,256958,260834,16,0,0,fused_streaming,circular,persistent,1,1
11923,251209,255166,16,0,0,fused_streaming,circular,persistent,1,1
11924,245875,250125,16,0,0,fused_streaming,circular,persistent,1,1
11925,249916,253833,16,0,0,fused_streaming,circular,persistent,1,1
11926,234750,238542,16,0,0,fused_streaming,circular,persistent,1,1
11927,226292,230167,16,0,0,fused_streaming,circular,persistent,1,1
11928,227875,231750,16,0,0,fused_streaming,circular,persistent,1,1
11929,291708,295875,16,0,0,fused_streaming,circular,persistent,1,1
11930,234667,238625,16,0,0,fused_streaming,circular,persistent,1,1
11931,291166,295416,16,0,0,fused_streaming,circular,persistent,1,1
11932,256542,260417,16,0,0,fused_streaming,circular,persistent,1,1
11933,257917,261792,16,0,0,fused_streaming,circular,persistent,1,1
11934,246334,250208,16,0,0,fused_streaming,circular,persistent,1,1
11935,243209,247083,16,0,0,fused_streaming,circular,persistent,1,1
11936,243500,247417,16,0,0,fused_streaming,circular,persistent,1,1
11937,240125,244000,16,0,0,fused_streaming,circular,persistent,1,1
11938,226666,230500,16,0,0,fused_streaming,circular,persistent,1,1
11939,274042,278084,16,0,0,fused_streaming,circular,persistent,1,1
11940,242292,246292,16,0,0,fused_streaming,circular,persistent,1,1
11941,286833,290917,16,0,0,fused_streaming,circular,persistent,1,1
11942,253459,257333,16,0,0,fused_streaming,circular,persistent,1,1
11943,252125,255959,16,0,0,fused_streaming,circular,persistent,1,1
11944,260584,264458,16,0,0,fused_streaming,circular,persistent,1,1
11945,260042,263875,16,0,0,fused_streaming,circular,persistent,1,1
11946,247958,252083,16,0,0,fused_streaming,circular,persistent,1,1
11947,244333,248125,16,0,0,fused_streaming,circular,persistent,1,1
11948,244750,248625,16,0,0,fused_streaming,circular,persistent,1,1
11949,235875,239834,16,0,0,fused_streaming,circular,persistent,1,1
11950,228208,232084,16,0,0,fused_streaming,circular,persistent,1,1
11951,233000,236792,16,0,0,fused_streaming,circular,persistent,1,1
11952,237375,241250,16,0,0,fused_streaming,circular,persistent,1,1
11953,241000,244834,16,0,0,fused_streaming,circular,persistent,1,1
11954,246750,250708,16,0,0,fused_streaming,circular,persistent,1,1
11955,257292,261167,16,0,0,fused_streaming,circular,persistent,1,1
11956,254958,258875,16,0,0,fused_streaming,circular,persistent,1,1
11957,257208,261000,16,0,0,fused_streaming,circular,persistent,1,1
11958,250416,254333,16,0,0,fused_streaming,circular,persistent,1,1
11959,244042,247958,16,0,0,fused_streaming,circular,persistent,1,1
11960,241959,245875,16,0,0,fused_streaming,circular,persistent,1,1
11961,238000,241917,16,0,0,fused_streaming,circular,persistent,1,1
11962,293375,297667,16,0,0,fused_streaming,circular,persistent,1,1
11963,237250,241125,16,0,0,fused_streaming,circular,persistent,1,1
11964,280375,284667,16,0,0,fused_streaming,circular,persistent,1,1
11965,248042,251959,16,0,0,fused_streaming,circular,persistent,1,1
11966,247833,251750,16,0,0,fused_streaming,circular,persistent,1,1
11967,257125,261000,16,0,0,fused_streaming,circular,persistent,1,1
11968,257625,261541,16,0,0,fused_streaming,circular,persistent,1,1
11969,254083,258000,16,0,0,fused_streaming,circular,persistent,1,1
11970,241083,245084,16,0,0,fused_streaming,circular,persistent,1,1
11971,238459,242292,16,0,0,fused_streaming,circular,persistent,1,1
11972,240709,244666,16,0,0,fused_streaming,circular,persistent,1,1
11973,234333,238208,16,0,0,fused_streaming,circular,persistent,1,1
11974,225000,228917,16,0,0,fused_streaming,circular,persistent,1,1
11975,232042,236000,16,0,0,fused_streaming,circular,persistent,1,1
11976,247000,250958,16,0,0,fused_streaming,circular,persistent,1,1
11977,248875,253042,16,0,0,fused_streaming,circular,persistent,1,1
11978,248792,252750,16,0,0,fused_streaming,circular,persistent,1,1
11979,258667,262583,16,0,0,fused_streaming,circular,persistent,1,1
11980,261375,265375,16,0,0,fused_streaming,circular,persistent,1,1
11981,248084,252000,16,0,0,fused_streaming,circular,persistent,1,1
11982,240750,244625,16,0,0,fused_streaming,circular,persistent,1,1
11983,247083,250958,16,0,0,fused_streaming,circular,persistent,1,1
11984,244959,248792,16,0,0,fused_streaming,circular,persistent,1,1
11985,238750,242750,16,0,0,fused_streaming,circular,persistent,1,1
11986,233958,237916,16,0,0,fused_streaming,circular,persistent,1,1
11987,248000,251916,16,0,0,fused_streaming,circular,persistent,1,1
11988,249625,253458,16,0,0,fused_streaming,circular,persistent,1,1
11989,243584,247500,16,0,0,fused_streaming,circular,persistent,1,1
11990,255000,258958,16,0,0,fused_streaming,circular,persistent,1,1
11991,256125,260000,16,0,0,fused_streaming,circular,persistent,1,1
11992,257208,261166,16,0,0,fused_streaming,circular,persistent,1,1
11993,247583,251459,16,0,0,fused_streaming,circular,persistent,1,1
11994,241083,245000,16,0,0,fused_streaming,circular,persistent,1,1
11995,244125,248042,16,0,0,fused_streaming,circular,persistent,1,1
11996,235167,239042,16,0,0,fused_streaming,circular,persistent,1,1
11997,270541,274583,16,0,0,fused_streaming,circular,persistent,1,1
11998,239250,243167,16,0,0,fused_streaming,circular,persistent,1,1
11999,292208,296292,16,0,0,fused_streaming,circular,persistent,1,1
12000,243208,247125,16,0,0,fused_streaming,circular,persistent,1,1
12001,287292,291584,16,0,0,fused_streaming,circular,persistent,1,1
12002,257500,261375,16,0,0,fused_streaming,circular,persistent,1,1
12003,257709,261541,16,0,0,fused_streaming,circular,persistent,1,1
12004,250250,254167,16,0,0,fused_streaming,circular,persistent,1,1
12005,252750,256667,16,0,0,fused_streaming,circular,persistent,1,1
12006,242459,246291,16,0,0,fused_streaming,circular,persistent,1,1
12007,242291,246250,16,0,0,fused_streaming,circular,persistent,1,1
12008,241958,245833,16,0,0,fused_streaming,circular,persistent,1,1
12009,237750,241667,16,0,0,fused_streaming,circular,persistent,1,1
12010,241291,245208,16,0,0,fused_streaming,circular,persistent,1,1
12011,248250,252208,16,0,0,fused_streaming,circular,persistent,1,1
12012,241625,245500,16,0,0,fused_streaming,circular,persistent,1,1
12013,243000,246875,16,0,0,fused_streaming,circular,persistent,1,1
12014,258667,262541,16,0,0,fused_streaming,circular,persistent,1,1
12015,259792,263625,16,0,0,fused_streaming,circular,persistent,1,1
12016,240500,244417,16,0,0,fused_streaming,circular,persistent,1,1
12017,244917,248833,16,0,0,fused_streaming,circular,persistent,1,1
12018,256667,260959,16,0,0,fused_streaming,circular,persistent,1,1
12019,305250,310042,16,0,0,fused_streaming,circular,persistent,1,1
12020,232541,236417,16,0,0,fused_streaming,circular,persistent,1,1
12021,293750,297916,16,0,0,fused_streaming,circular,persistent,1,1
12022,248208,252083,16,0,0,fused_streaming,circular,persistent,1,1
12023,245917,249875,16,0,0,fused_streaming,circular,persistent,1,1
12024,243667,247542,16,0,0,fused_streaming,circular,persistent,1,1
12025,251167,255250,16,0,0,fused_streaming,circular,persistent,1,1
12026,255208,259167,16,0,0,fused_streaming,circular,persistent,1,1
12027,254917,258792,16,0,0,fused_streaming,circular,persistent,1,1
12028,249917,253791,16,0,0,fused_streaming,circular,persistent,1,1
12029,247833,251750,16,0,0,fused_streaming,circular,persistent,1,1
12030,246958,251083,16,0,0,fused_streaming,circular,persistent,1,1
12031,240666,244667,16,0,0,fused_streaming,circular,persistent,1,1
12032,239542,243417,16,0,0,fused_streaming,circular,persistent,1,1
12033,245541,249542,16,0,0,fused_streaming,circular,persistent,1,1
12034,242375,246250,16,0,0,fused_streaming,circular,persistent,1,1
12035,237834,241750,16,0,0,fused_streaming,circular,persistent,1,1
12036,246709,250625,16,0,0,fused_streaming,circular,persistent,1,1
12037,256333,260208,16,0,0,fused_streaming,circular,persistent,1,1
12038,260459,264416,16,0,0,fused_streaming,circular,persistent,1,1
12039,250709,254625,16,0,0,fused_streaming,circular,persistent,1,1
12040,290084,294167,16,0,0,fused_streaming,circular,persistent,1,1
12041,238583,242500,16,0,0,fused_streaming,circular,persistent,1,1
12042,292375,296500,16,0,0,fused_streaming,circular,persistent,1,1
12043,237750,241792,16,0,0,fused_streaming,circular,persistent,1,1
12044,285167,289250,16,0,0,fused_streaming,circular,persistent,1,1
12045,243250,247167,16,0,0,fused_streaming,circular,persistent,1,1
12046,232666,236542,16,0,0,fused_streaming,circular,persistent,1,1
12047,243000,246958,16,0,0,fused_streaming,circular,persistent,1,1
12048,241292,245125,16,0,0,fused_streaming,circular,persistent,1,1
12049,258875,262750,16,0,0,fused_streaming,circular,persistent,1,1
12050,253916,257750,16,0,0,fused_streaming,circular,persistent,1,1
12051,243292,247250,16,0,0,fused_streaming,circular,persistent,1,1
12052,248292,252250,16,0,0,fused_streaming,circular,persistent,1,1
12053,245416,249250,16,0,0,fused_streaming,circular,persistent,1,1
12054,241667,245708,16,0,0,fused_streaming,circular,persistent,1,1
12055,245208,249041,16,0,0,fused_streaming,circular,persistent,1,1
12056,243292,247250,16,0,0,fused_streaming,circular,persistent,1,1
12057,239667,243541,16,0,0,fused_streaming,circular,persistent,1,1
12058,242666,246708,16,0,0,fused_streaming,circular,persistent,1,1
12059,237250,241125,16,0,0,fused_streaming,circular,persistent,1,1
12060,245375,249458,16,0,0,fused_streaming,circular,persistent,1,1
12061,260125,264000,16,0,0,fused_streaming,circular,persistent,1,1
12062,256167,260166,16,0,0,fused_streaming,circular,persistent,1,1
12063,248625,252500,16,0,0,fused_streaming,circular,persistent,1,1
12064,238000,241833,16,0,0,fused_streaming,circular,persistent,1,1
12065,239583,243417,16,0,0,fused_streaming,circular,persistent,1,1
12066,241292,245125,16,0,0,fused_streaming,circular,persistent,1,1
12067,247292,251166,16,0,0,fused_streaming,circular,persistent,1,1
12068,245583,249458,16,0,0,fused_streaming,circular,persistent,1,1
12069,230750,234667,16,0,0,fused_streaming,circular,persistent,1,1
12070,240875,245042,16,0,0,fused_streaming,circular,persistent,1,1
12071,241209,245083,16,0,0,fused_streaming,circular,persistent,1,1
12072,258750,262666,16,0,0,fused_streaming,circular,persistent,1,1
12073,263500,267417,16,0,0,fused_streaming,circular,persistent,1,1
12074,251792,255667,16,0,0,fused_streaming,circular,persistent,1,1
12075,246083,249958,16,0,0,fused_streaming,circular,persistent,1,1
12076,239166,243000,16,0,0,fused_streaming,circular,persistent,1,1
12077,246208,250167,16,0,0,fused_streaming,circular,persistent,1,1
12078,246125,250041,16,0,0,fused_streaming,circular,persistent,1,1
12079,242916,246708,16,0,0,fused_streaming,circular,persistent,1,1
12080,236375,240208,16,0,0,fused_streaming,circular,persistent,1,1
12081,242459,246416,16,0,0,fused_streaming,circular,persistent,1,1
12082,237541,241416,16,0,0,fused_streaming,circular,persistent,1,1
12083,243750,247750,16,0,0,fused_streaming,circular,persistent,1,1
12084,255500,259458,16,0,0,fused_streaming,circular,persistent,1,1
12085,259791,263667,16,0,0,fused_streaming,circular,persistent,1,1
12086,250542,254416,16,0,0,fused_streaming,circular,persistent,1,1
12087,243500,247375,16,0,0,fused_streaming,circular,persistent,1,1
12088,245625,249625,16,0,0,fused_streaming,circular,persistent,1,1
12089,243833,247709,16,0,0,fused_streaming,circular,persistent,1,1
12090,240041,243875,16,0,0,fused_streaming,circular,persistent,1,1
12091,239959,243791,16,0,0,fused_streaming,circular,persistent,1,1
12092,229083,232917,16,0,0,fused_streaming,circular,persistent,1,1
12093,244708,248625,16,0,0,fused_streaming,circular,persistent,1,1
12094,236250,240250,16,0,0,fused_streaming,circular,persistent,1,1
12095,250042,254209,16,0,0,fused_streaming,circular,persistent,1,1
12096,262250,266125,16,0,0,fused_streaming,circular,persistent,1,1
12097,257500,261416,16,0,0,fused_streaming,circular,persistent,1,1
12098,241917,245833,16,0,0,fused_streaming,circular,persistent,1,1
12099,243000,246833,16,0,0,fused_streaming,circular,persistent,1,1
12100,249916,253917,16,0,0,fused_streaming,circular,persistent,1,1
12101,240833,244750,16,0,0,fused_streaming,circular,persistent,1,1
12102,244833,248750,16,0,0,fused_streaming,circular,persistent,1,1
12103,238292,242167,16,0,0,fused_streaming,circular,persistent,1,1
12104,285833,290042,16,0,0,fused_streaming,circular,persistent,1,1
12105,245000,248875,16,0,0,fused_streaming,circular,persistent,1,1
12106,236917,240791,16,0,0,fused_streaming,circular,persistent,1,1
12107,257542,261459,16,0,0,fused_streaming,circular,persistent,1,1
12108,259666,263583,16,0,0,fused_streaming,circular,persistent,1,1
12109,253709,257583,16,0,0,fused_streaming,circular,persistent,1,1
12110,246542,250375,16,0,0,fused_streaming,circular,persistent,1,1
12111,241792,245709,16,0,0,fused_streaming,circular,persistent,1,1
12112,250708,254542,16,0,0,fused_streaming,circular,persistent,1,1
12113,243625,247458,16,0,0,fused_streaming,circular,persistent,1,1
12114,238458,242375,16,0,0,fused_streaming,circular,persistent,1,1
12115,239958,243792,16,0,0,fused_streaming,circular,persistent,1,1
12116,247000,250833,16,0,0,fused_streaming,circular,persistent,1,1
12117,241333,245209,16,0,0,fused_streaming,circular,persistent,1,1
12118,247916,251750,16,0,0,fused_streaming,circular,persistent,1,1
12119,256125,260042,16,0,0,fused_streaming,circular,persistent,1,1
12120,258292,262167,16,0,0,fused_streaming,circular,persistent,1,1
12121,251333,255209,16,0,0,fused_streaming,circular,persistent,1,1
12122,245875,249792,16,0,0,fused_streaming,circular,persistent,1,1
12123,242042,245959,16,0,0,fused_streaming,circular,persistent,1,1
12124,245333,249209,16,0,0,fused_streaming,circular,persistent,1,1
12125,237917,241833,16,0,0,fused_streaming,circular,persistent,1,1
12126,237000,240917,16,0,0,fused_streaming,circular,persistent,1,1
12127,240625,244541,16,0,0,fused_streaming,circular,persistent,1,1
12128,238667,242750,16,0,0,fused_streaming,circular,persistent,1,1
12129,228625,232583,16,0,0,fused_streaming,circular,persistent,1,1
12130,252750,256625,16,0,0,fused_streaming,circular,persistent,1,1
12131,258250,262083,16,0,0,fused_streaming,circular,persistent,1,1
12132,257292,261250,16,0,0,fused_streaming,circular,persistent,1,1
12133,247375,251375,16,0,0,fused_streaming,circular,persistent,1,1
12134,247000,250917,16,0,0,fused_streaming,circular,persistent,1,1
12135,242292,246208,16,0,0,fused_streaming,circular,persistent,1,1
12136,243667,247583,16,0,0,fused_streaming,circular,persistent,1,1
12137,239792,243833,16,0,0,fused_streaming,circular,persistent,1,1
12138,237208,241083,16,0,0,fused_streaming,circular,persistent,1,1
12139,245000,248917,16,0,0,fused_streaming,circular,persistent,1,1
12140,239916,248417,16,0,0,fused_streaming,circular,persistent,1,1
12141,241000,244917,16,0,0,fused_streaming,circular,persistent,1,1
12142,257792,261750,16,0,0,fused_streaming,circular,persistent,1,1
12143,259500,263458,16,0,0,fused_streaming,circular,persistent,1,1
12144,247917,251875,16,0,0,fused_streaming,circular,persistent,1,1
12145,242416,246375,16,0,0,fused_streaming,circular,persistent,1,1
12146,245917,249750,16,0,0,fused_streaming,circular,persistent,1,1
12147,245667,249583,16,0,0,fused_streaming,circular,persistent,1,1
12148,239167,243084,16,0,0,fused_streaming,circular,persistent,1,1
12149,234792,238750,16,0,0,fused_streaming,circular,persistent,1,1
12150,232750,236625,16,0,0,fused_streaming,circular,persistent,1,1
12151,245125,249041,16,0,0,fused_streaming,circular,persistent,1,1
12152,239000,243083,16,0,0,fused_streaming,circular,persistent,1,1
12153,249917,253917,16,0,0,fused_streaming,circular,persistent,1,1
12154,254584,258542,16,0,0,fused_streaming,circular,persistent,1,1
12155,259375,263292,16,0,0,fused_streaming,circular,persistent,1,1
12156,290667,294875,16,0,0,fused_streaming,circular,persistent,1,1
12157,246750,250625,16,0,0,fused_streaming,circular,persistent,1,1
12158,292833,297167,16,0,0,fused_streaming,circular,persistent,1,1
12159,245167,249125,16,0,0,fused_streaming,circular,persistent,1,1
12160,245625,290417,16,0,0,fused_streaming,circular,persistent,1,1
12161,237583,241500,16,0,0,fused_streaming,circular,persistent,1,1
12162,297333,301458,16,0,0,fused_streaming,circular,persistent,1,1
12163,245584,249542,16,0,0,fused_streaming,circular,persistent,1,1
12164,280333,284500,16,0,0,fused_streaming,circular,persistent,1,1
12165,249416,253333,16,0,0,fused_streaming,circular,persistent,1,1
12166,259292,263209,16,0,0,fused_streaming,circular,persistent,1,1
12167,252583,256500,16,0,0,fused_streaming,circular,persistent,1,1
12168,245916,249792,16,0,0,fused_streaming,circular,persistent,1,1
12169,245125,249000,16,0,0,fused_streaming,circular,persistent,1,1
12170,246750,250709,16,0,0,fused_streaming,circular,persistent,1,1
12171,241833,245708,16,0,0,fused_streaming,circular,persistent,1,1
12172,235458,239416,16,0,0,fused_streaming,circular,persistent,1,1
12173,239916,243917,16,0,0,fused_streaming,circular,persistent,1,1
12174,242834,246750,16,0,0,fused_streaming,circular,persistent,1,1
12175,236167,240167,16,0,0,fused_streaming,circular,persistent,1,1
12176,246459,250416,16,0,0,fused_streaming,circular,persistent,1,1
12177,255917,259833,16,0,0,fused_streaming,circular,persistent,1,1
12178,261166,265042,16,0,0,fused_streaming,circular,persistent,1,1
12179,251250,255125,16,0,0,fused_streaming,circular,persistent,1,1
12180,244833,248667,16,0,0,fused_streaming,circular,persistent,1,1
12181,245042,248959,16,0,0,fused_streaming,circular,persistent,1,1
12182,240000,243917,16,0,0,fused_streaming,circular,persistent,1,1
12183,243959,247833,16,0,0,fused_streaming,circular,persistent,1,1
12184,238209,242167,16,0,0,fused_streaming,circular,persistent,1,1
12185,240291,244167,16,0,0,fused_streaming,circular,persistent,1,1
12186,242792,246750,16,0,0,fused_streaming,circular,persistent,1,1
12187,243833,247750,16,0,0,fused_streaming,circular,persistent,1,1
12188,244708,248584,16,0,0,fused_streaming,circular,persistent,1,1
12189,259042,262916,16,0,0,fused_streaming,circular,persistent,1,1
12190,259500,263458,16,0,0,fused_streaming,circular,persistent,1,1
12191,251667,255458,16,0,0,fused_streaming,circular,persistent,1,1
12192,241208,245083,16,0,0,fused_streaming,circular,persistent,1,1
12193,240791,244708,16,0,0,fused_streaming,circular,persistent,1,1
12194,240833,245000,16,0,0,fused_streaming,circular,persistent,1,1
12195,241083,245000,16,0,0,fused_streaming,circular,persistent,1,1
12196,241667,245667,16,0,0,fused_streaming,circular,persistent,1,1
12197,236834,240708,16,0,0,fused_streaming,circular,persistent,1,1
12198,239500,243500,16,0,0,fused_streaming,circular,persistent,1,1
12199,245375,249292,16,0,0,fused_streaming,circular,persistent,1,1
12200,255708,259667,16,0,0,fused_streaming,circular,persistent,1,1
12201,259875,263750,16,0,0,fused_streaming,circular,persistent,1,1
12202,258500,262459,16,0,0,fused_streaming,circular,persistent,1,1
12203,249708,253625,16,0,0,fused_streaming,circular,persistent,1,1
12204,239417,243333,16,0,0,fused_streaming,circular,persistent,1,1
12205,246000,249916,16,0,0,fused_streaming,circular,persistent,1,1
12206,237709,241625,16,0,0,fused_streaming,circular,persistent,1,1
12207,241459,245375,16,0,0,fused_streaming,circular,persistent,1,1
12208,241000,245000,16,0,0,fused_streaming,circular,persistent,1,1
12209,234917,238875,16,0,0,fused_streaming,circular,persistent,1,1
12210,241916,245917,16,0,0,fused_streaming,circular,persistent,1,1
12211,246583,250417,16,0,0,fused_streaming,circular,persistent,1,1
12212,254875,258750,16,0,0,fused_streaming,circular,persistent,1,1
12213,258875,262833,16,0,0,fused_streaming,circular,persistent,1,1
12214,255250,259125,16,0,0,fused_streaming,circular,persistent,1,1
12215,243958,247875,16,0,0,fused_streaming,circular,persistent,1,1
12216,245167,249084,16,0,0,fused_streaming,circular,persistent,1,1
12217,243916,247875,16,0,0,fused_streaming,circular,persistent,1,1
12218,242834,246708,16,0,0,fused_streaming,circular,persistent,1,1
12219,237500,241375,16,0,0,fused_streaming,circular,persistent,1,1
12220,238833,242792,16,0,0,fused_streaming,circular,persistent,1,1
12221,238375,242292,16,0,0,fused_streaming,circular,persistent,1,1
12222,245500,249375,16,0,0,fused_streaming,circular,persistent,1,1
12223,251208,255167,16,0,0,fused_streaming,circular,persistent,1,1
12224,252875,256834,16,0,0,fused_streaming,circular,persistent,1,1
12225,296167,300250,16,0,0,fused_streaming,circular,persistent,1,1
12226,250375,254250,16,0,0,fused_streaming,circular,persistent,1,1
12227,247041,251042,16,0,0,fused_streaming,circular,persistent,1,1
12228,244042,247875,16,0,0,fused_streaming,circular,persistent,1,1
12229,245709,249666,16,0,0,fused_streaming,circular,persistent,1,1
12230,243042,246875,16,0,0,fused_streaming,circular,persistent,1,1
12231,275875,279916,16,0,0,fused_streaming,circular,persistent,1,1
12232,228291,232208,16,0,0,fused_streaming,circular,persistent,1,1
12233,233958,237833,16,0,0,fused_streaming,circular,persistent,1,1
12234,248417,252292,16,0,0,fused_streaming,circular,persistent,1,1
12235,289250,293333,16,0,0,fused_streaming,circular,persistent,1,1
12236,254041,258042,16,0,0,fused_streaming,circular,persistent,1,1
12237,258417,262333,16,0,0,fused_streaming,circular,persistent,1,1
12238,248542,252416,16,0,0,fused_streaming,circular,persistent,1,1
12239,240042,243959,16,0,0,fused_streaming,circular,persistent,1,1
12240,243833,247708,16,0,0,fused_streaming,circular,persistent,1,1
12241,239750,243625,16,0,0,fused_streaming,circular,persistent,1,1
12242,242291,246166,16,0,0,fused_streaming,circular,persistent,1,1
12243,231000,235042,16,0,0,fused_streaming,circular,persistent,1,1
12244,235750,239625,16,0,0,fused_streaming,circular,persistent,1,1
12245,240458,244416,16,0,0,fused_streaming,circular,persistent,1,1
12246,249625,253459,16,0,0,fused_streaming,circular,persistent,1,1
12247,248459,252375,16,0,0,fused_streaming,circular,persistent,1,1
12248,257042,260958,16,0,0,fused_streaming,circular,persistent,1,1
12249,253333,257167,16,0,0,fused_streaming,circular,persistent,1,1
12250,247167,251000,16,0,0,fused_streaming,circular,persistent,1,1
12251,243792,247625,16,0,0,fused_streaming,circular,persistent,1,1
12252,243792,247625,16,0,0,fused_streaming,circular,persistent,1,1
12253,246792,250625,16,0,0,fused_streaming,circular,persistent,1,1
12254,239042,242917,16,0,0,fused_streaming,circular,persistent,1,1
12255,235667,239625,16,0,0,fused_streaming,circular,persistent,1,1
12256,234667,238500,16,0,0,fused_streaming,circular,persistent,1,1
12257,249917,253750,16,0,0,fused_streaming,circular,persistent,1,1
12258,243625,247583,16,0,0,fused_streaming,circular,persistent,1,1
12259,256875,260792,16,0,0,fused_streaming,circular,persistent,1,1
12260,258000,261916,16,0,0,fused_streaming,circular,persistent,1,1
12261,256417,260375,16,0,0,fused_streaming,circular,persistent,1,1
12262,293875,297917,16,0,0,fused_streaming,circular,persistent,1,1
12263,240083,243917,16,0,0,fused_streaming,circular,persistent,1,1
12264,284250,293208,16,0,0,fused_streaming,circular,persistent,1,1
12265,244542,248416,16,0,0,fused_streaming,circular,persistent,1,1
12266,272542,276792,16,0,0,fused_streaming,circular,persistent,1,1
12267,229792,233666,16,0,0,fused_streaming,circular,persistent,1,1
12268,243041,247000,16,0,0,fused_streaming,circular,persistent,1,1
12269,249208,253084,16,0,0,fused_streaming,circular,persistent,1,1
12270,249291,253083,16,0,0,fused_streaming,circular,persistent,1,1
12271,253750,257875,16,0,0,fused_streaming,circular,persistent,1,1
12272,260709,264625,16,0,0,fused_streaming,circular,persistent,1,1
12273,248541,252458,16,0,0,fused_streaming,circular,persistent,1,1
12274,242750,246709,16,0,0,fused_streaming,circular,persistent,1,1
12275,238041,241875,16,0,0,fused_streaming,circular,persistent,1,1
12276,239709,243542,16,0,0,fused_streaming,circular,persistent,1,1
12277,244459,248333,16,0,0,fused_streaming,circular,persistent,1,1
12278,233458,237375,16,0,0,fused_streaming,circular,persistent,1,1
12279,235417,239375,16,0,0,fused_streaming,circular,persistent,1,1
12280,286291,290542,16,0,0,fused_streaming,circular,persistent,1,1
12281,247167,251041,16,0,0,fused_streaming,circular,persistent,1,1
12282,254333,258375,16,0,0,fused_streaming,circular,persistent,1,1
12283,258584,262416,16,0,0,fused_streaming,circular,persistent,1,1
12284,258459,262375,16,0,0,fused_streaming,circular,persistent,1,1
12285,246875,250791,16,0,0,fused_streaming,circular,persistent,1,1
12286,236959,240791,16,0,0,fused_streaming,circular,persistent,1,1
12287,245500,249416,16,0,0,fused_streaming,circular,persistent,1,1
12288,249042,252917,16,0,0,fused_streaming,circular,persistent,1,1
12289,236666,240542,16,0,0,fused_streaming,circular,persistent,1,1
12290,226542,230416,16,0,0,fused_streaming,circular,persistent,1,1
12291,241041,244958,16,0,0,fused_streaming,circular,persistent,1,1
12292,249583,253458,16,0,0,fused_streaming,circular,persistent,1,1
12293,248334,252208,16,0,0,fused_streaming,circular,persistent,1,1
12294,253792,257708,16,0,0,fused_streaming,circular,persistent,1,1
12295,258625,262542,16,0,0,fused_streaming,circular,persistent,1,1
12296,258083,262042,16,0,0,fused_streaming,circular,persistent,1,1
12297,288667,292791,16,0,0,fused_streaming,circular,persistent,1,1
12298,236541,240417,16,0,0,fused_streaming,circular,persistent,1,1
12299,238708,242625,16,0,0,fused_streaming,circular,persistent,1,1
12300,245083,248917,16,0,0,fused_streaming,circular,persistent,1,1
12301,222959,226833,16,0,0,fused_streaming,circular,persistent,1,1
12302,237584,241458,16,0,0,fused_streaming,circular,persistent,1,1
12303,239709,243541,16,0,0,fused_streaming,circular,persistent,1,1
12304,244667,248625,16,0,0,fused_streaming,circular,persistent,1,1
12305,249250,253125,16,0,0,fused_streaming,circular,persistent,1,1
12306,250834,254750,16,0,0,fused_streaming,circular,persistent,1,1
12307,296042,300167,16,0,0,fused_streaming,circular,persistent,1,1
12308,252333,256333,16,0,0,fused_streaming,circular,persistent,1,1
12309,245958,249958,16,0,0,fused_streaming,circular,persistent,1,1
12310,236291,240500,16,0,0,fused_streaming,circular,persistent,1,1
12311,246958,250875,16,0,0,fused_streaming,circular,persistent,1,1
12312,237417,241334,16,0,0,fused_streaming,circular,persistent,1,1
12313,270209,274291,16,0,0,fused_streaming,circular,persistent,1,1
12314,242375,246334,16,0,0,fused_streaming,circular,persistent,1,1
12315,281209,285250,16,0,0,fused_streaming,circular,persistent,1,1
12316,246625,250541,16,0,0,fused_streaming,circular,persistent,1,1
12317,290667,294833,16,0,0,fused_streaming,circular,persistent,1,1
12318,257666,261583,16,0,0,fused_streaming,circular,persistent,1,1
12319,252833,256792,16,0,0,fused_streaming,circular,persistent,1,1
12320,255416,259375,16,0,0,fused_streaming,circular,persistent,1,1
12321,236041,239875,16,0,0,fused_streaming,circular,persistent,1,1
12322,240958,244834,16,0,0,fused_streaming,circular,persistent,1,1
12323,241084,245083,16,0,0,fused_streaming,circular,persistent,1,1
12324,241208,245209,16,0,0,fused_streaming,circular,persistent,1,1
12325,239667,243584,16,0,0,fused_streaming,circular,persistent,1,1
12326,241042,245125,16,0,0,fused_streaming,circular,persistent,1,1
12327,243791,247709,16,0,0,fused_streaming,circular,persistent,1,1
12328,243584,247542,16,0,0,fused_streaming,circular,persistent,1,1
12329,246708,250667,16,0,0,fused_streaming,circular,persistent,1,1
12330,258500,262416,16,0,0,fused_streaming,circular,persistent,1,1
12331,251166,255167,16,0,0,fused_streaming,circular,persistent,1,1
12332,247416,251375,16,0,0,fused_streaming,circular,persistent,1,1
12333,237750,241625,16,0,0,fused_streaming,circular,persistent,1,1
12334,243417,247291,16,0,0,fused_streaming,circular,persistent,1,1
12335,244125,248084,16,0,0,fused_streaming,circular,persistent,1,1
12336,240375,244333,16,0,0,fused_streaming,circular,persistent,1,1
12337,244459,248333,16,0,0,fused_streaming,circular,persistent,1,1
12338,234625,238666,16,0,0,fused_streaming,circular,persistent,1,1
12339,243459,247375,16,0,0,fused_streaming,circular,persistent,1,1
12340,250125,254000,16,0,0,fused_streaming,circular,persistent,1,1
12341,250583,254500,16,0,0,fused_streaming,circular,persistent,1,1
12342,253042,257000,16,0,0,fused_streaming,circular,persistent,1,1
12343,296833,300750,16,0,0,fused_streaming,circular,persistent,1,1
12344,250000,253875,16,0,0,fused_streaming,circular,persistent,1,1
12345,232708,236625,16,0,0,fused_streaming,circular,persistent,1,1
12346,245208,249084,16,0,0,fused_streaming,circular,persistent,1,1
12347,238333,242291,16,0,0,fused_streaming,circular,persistent,1,1
12348,242125,246084,16,0,0,fused_streaming,circular,persistent,1,1
12349,239875,243792,16,0,0,fused_streaming,circular,persistent,1,1
12350,232583,236458,16,0,0,fused_streaming,circular,persistent,1,1
12351,287541,291708,16,0,0,fused_streaming,circular,persistent,1,1
12352,249250,253125,16,0,0,fused_streaming,circular,persistent,1,1
12353,246541,250542,16,0,0,fused_streaming,circular,persistent,1,1
12354,255833,259792,16,0,0,fused_streaming,circular,persistent,1,1
12355,258375,262291,16,0,0,fused_streaming,circular,persistent,1,1
12356,246916,250833,16,0,0,fused_streaming,circular,persistent,1,1
12357,237417,241375,16,0,0,fused_streaming,circular,persistent,1,1
12358,244084,247958,16,0,0,fused_streaming,circular,persistent,1,1
12359,239291,243209,16,0,0,fused_streaming,circular,persistent,1,1
12360,243417,247333,16,0,0,fused_streaming,circular,persistent,1,1
12361,238834,242750,16,0,0,fused_streaming,circular,persistent,1,1
12362,238375,242250,16,0,0,fused_streaming,circular,persistent,1,1
12363,251083,255041,16,0,0,fused_streaming,circular,persistent,1,1
12364,245458,249417,16,0,0,fused_streaming,circular,persistent,1,1
12365,253333,257208,16,0,0,fused_streaming,circular,persistent,1,1
12366,255792,259667,16,0,0,fused_streaming,circular,persistent,1,1
12367,252917,257125,16,0,0,fused_streaming,circular,persistent,1,1
12368,244792,248667,16,0,0,fused_streaming,circular,persistent,1,1
12369,243000,246958,16,0,0,fused_streaming,circular,persistent,1,1
12370,242708,246666,16,0,0,fused_streaming,circular,persistent,1,1
12371,244083,247959,16,0,0,fused_streaming,circular,persistent,1,1
12372,244542,248459,16,0,0,fused_streaming,circular,persistent,1,1
12373,233208,237166,16,0,0,fused_streaming,circular,persistent,1,1
12374,240750,244667,16,0,0,fused_streaming,circular,persistent,1,1
12375,248458,252375,16,0,0,fused_streaming,circular,persistent,1,1
12376,239250,243083,16,0,0,fused_streaming,circular,persistent,1,1
12377,254583,258458,16,0,0,fused_streaming,circular,persistent,1,1
12378,255041,258917,16,0,0,fused_streaming,circular,persistent,1,1
12379,255666,259542,16,0,0,fused_streaming,circular,persistent,1,1
12380,293583,297792,16,0,0,fused_streaming,circular,persistent,1,1
12381,237958,241875,16,0,0,fused_streaming,circular,persistent,1,1
12382,290834,295000,16,0,0,fused_streaming,circular,persistent,1,1
12383,239792,243666,16,0,0,fused_streaming,circular,persistent,1,1
12384,230584,234458,16,0,0,fused_streaming,circular,persistent,1,1
12385,229166,233083,16,0,0,fused_streaming,circular,persistent,1,1
12386,250708,254542,16,0,0,fused_streaming,circular,persistent,1,1
12387,246584,250416,16,0,0,fused_streaming,circular,persistent,1,1
12388,243291,247125,16,0,0,fused_streaming,circular,persistent,1,1
12389,251459,255334,16,0,0,fused_streaming,circular,persistent,1,1
12390,256000,260000,16,0,0,fused_streaming,circular,persistent,1,1
12391,254625,258542,16,0,0,fused_streaming,circular,persistent,1,1
12392,244291,248167,16,0,0,fused_streaming,circular,persistent,1,1
12393,241500,245500,16,0,0,fused_streaming,circular,persistent,1,1
12394,247625,251583,16,0,0,fused_streaming,circular,persistent,1,1
12395,242584,246458,16,0,0,fused_streaming,circular,persistent,1,1
12396,233875,237875,16,0,0,fused_streaming,circular,persistent,1,1
12397,239791,243667,16,0,0,fused_streaming,circular,persistent,1,1
12398,246000,250042,16,0,0,fused_streaming,circular,persistent,1,1
12399,246333,250208,16,0,0,fused_streaming,circular,persistent,1,1
12400,245417,249250,16,0,0,fused_streaming,circular,persistent,1,1
12401,255167,258959,16,0,0,fused_streaming,circular,persistent,1,1
12402,253750,257750,16,0,0,fused_streaming,circular,persistent,1,1
12403,249500,253375,16,0,0,fused_streaming,circular,persistent,1,1
12404,246000,249917,16,0,0,fused_streaming,circular,persistent,1,1
12405,243916,247792,16,0,0,fused_streaming,circular,persistent,1,1
12406,241250,245084,16,0,0,fused_streaming,circular,persistent,1,1
12407,240167,244083,16,0,0,fused_streaming,circular,persistent,1,1
12408,229750,233625,16,0,0,fused_streaming,circular,persistent,1,1
12409,245500,249417,16,0,0,fused_streaming,circular,persistent,1,1
12410,243000,246959,16,0,0,fused_streaming,circular,persistent,1,1
12411,243375,247208,16,0,0,fused_streaming,circular,persistent,1,1
12412,242708,246583,16,0,0,fused_streaming,circular,persistent,1,1
12413,245167,249084,16,0,0,fused_streaming,circular,persistent,1,1
12414,247000,250875,16,0,0,fused_streaming,circular,persistent,1,1
12415,254000,257833,16,0,0,fused_streaming,circular,persistent,1,1
12416,238667,242583,16,0,0,fused_streaming,circular,persistent,1,1
12417,244791,248625,16,0,0,fused_streaming,circular,persistent,1,1
12418,239834,244125,16,0,0,fused_streaming,circular,persistent,1,1
12419,229708,233583,16,0,0,fused_streaming,circular,persistent,1,1
12420,230958,234833,16,0,0,fused_streaming,circular,persistent,1,1
12421,247500,251333,16,0,0,fused_streaming,circular,persistent,1,1
12422,247584,251459,16,0,0,fused_streaming,circular,persistent,1,1
12423,238625,242500,16,0,0,fused_streaming,circular,persistent,1,1
12424,241542,245459,16,0,0,fused_streaming,circular,persistent,1,1
12425,243166,247000,16,0,0,fused_streaming,circular,persistent,1,1
12426,250125,254042,16,0,0,fused_streaming,circular,persistent,1,1
12427,254417,258250,16,0,0,fused_streaming,circular,persistent,1,1
12428,244209,248125,16,0,0,fused_streaming,circular,persistent,1,1
12429,240708,244625,16,0,0,fused_streaming,circular,persistent,1,1
12430,243916,247750,16,0,0,fused_streaming,circular,persistent,1,1
12431,236291,240208,16,0,0,fused_streaming,circular,persistent,1,1
12432,238208,242000,16,0,0,fused_streaming,circular,persistent,1,1
12433,239458,243292,16,0,0,fused_streaming,circular,persistent,1,1
12434,247166,251042,16,0,0,fused_streaming,circular,persistent,1,1
12435,246917,255042,16,0,0,fused_streaming,circular,persistent,1,1
12436,243000,246875,16,0,0,fused_streaming,circular,persistent,1,1
12437,241209,245083,16,0,0,fused_streaming,circular,persistent,1,1
12438,240709,244625,16,0,0,fused_streaming,circular,persistent,1,1
12439,237500,241334,16,0,0,fused_streaming,circular,persistent,1,1
12440,246834,250791,16,0,0,fused_streaming,circular,persistent,1,1
12441,254084,258125,16,0,0,fused_streaming,circular,persistent,1,1
12442,247500,251458,16,0,0,fused_streaming,circular,persistent,1,1
12443,245500,249333,16,0,0,fused_streaming,circular,persistent,1,1
12444,244667,248584,16,0,0,fused_streaming,circular,persistent,1,1
12445,239208,243042,16,0,0,fused_streaming,circular,persistent,1,1
12446,236416,240334,16,0,0,fused_streaming,circular,persistent,1,1
12447,235250,239208,16,0,0,fused_streaming,circular,persistent,1,1
12448,245917,249834,16,0,0,fused_streaming,circular,persistent,1,1
12449,248875,252833,16,0,0,fused_streaming,circular,persistent,1,1
12450,242625,246583,16,0,0,fused_streaming,circular,persistent,1,1
12451,243584,247583,16,0,0,fused_streaming,circular,persistent,1,1
12452,236500,240500,16,0,0,fused_streaming,circular,persistent,1,1
12453,234125,238208,16,0,0,fused_streaming,circular,persistent,1,1
12454,249500,253375,16,0,0,fused_streaming,circular,persistent,1,1
12455,252916,256833,16,0,0,fused_streaming,circular,persistent,1,1
12456,247667,251625,16,0,0,fused_streaming,circular,persistent,1,1
12457,237708,241541,16,0,0,fused_streaming,circular,persistent,1,1
12458,244708,248542,16,0,0,fused_streaming,circular,persistent,1,1
12459,237250,241167,16,0,0,fused_streaming,circular,persistent,1,1
12460,238208,242125,16,0,0,fused_streaming,circular,persistent,1,1
12461,227458,231417,16,0,0,fused_streaming,circular,persistent,1,1
12462,243750,247625,16,0,0,fused_streaming,circular,persistent,1,1
12463,243042,246875,16,0,0,fused_streaming,circular,persistent,1,1
12464,244375,248333,16,0,0,fused_streaming,circular,persistent,1,1
12465,243250,247125,16,0,0,fused_streaming,circular,persistent,1,1
12466,240792,244792,16,0,0,fused_streaming,circular,persistent,1,1
12467,233250,241542,16,0,0,fused_streaming,circular,persistent,1,1
12468,243000,246916,16,0,0,fused_streaming,circular,persistent,1,1
12469,251666,255542,16,0,0,fused_streaming,circular,persistent,1,1
12470,247000,255375,16,0,0,fused_streaming,circular,persistent,1,1
12471,241208,245084,16,0,0,fused_streaming,circular,persistent,1,1
12472,237417,241333,16,0,0,fused_streaming,circular,persistent,1,1
12473,245084,249083,16,0,0,fused_streaming,circular,persistent,1,1
12474,238292,242125,16,0,0,fused_streaming,circular,persistent,1,1
12475,238833,242708,16,0,0,fused_streaming,circular,persistent,1,1
12476,236958,240917,16,0,0,fused_streaming,circular,persistent,1,1
12477,250916,254792,16,0,0,fused_streaming,circular,persistent,1,1
12478,248917,252875,16,0,0,fused_streaming,circular,persistent,1,1
12479,245375,249250,16,0,0,fused_streaming,circular,persistent,1,1
12480,246209,250166,16,0,0,fused_streaming,circular,persistent,1,1
12481,253000,257000,16,0,0,fused_streaming,circular,persistent,1,1
12482,251458,255375,16,0,0,fused_streaming,circular,persistent,1,1
12483,253125,256959,16,0,0,fused_streaming,circular,persistent,1,1
12484,252959,256791,16,0,0,fused_streaming,circular,persistent,1,1
12485,232875,236833,16,0,0,fused_streaming,circular,persistent,1,1
12486,244833,248709,16,0,0,fused_streaming,circular,persistent,1,1
12487,245500,249416,16,0,0,fused_streaming,circular,persistent,1,1
12488,238417,242334,16,0,0,fused_streaming,circular,persistent,1,1
12489,236292,240208,16,0,0,fused_streaming,circular,persistent,1,1
12490,237833,241750,16,0,0,fused_streaming,circular,persistent,1,1
12491,249083,253083,16,0,0,fused_streaming,circular,persistent,1,1
12492,258500,262375,16,0,0,fused_streaming,circular,persistent,1,1
12493,248125,252000,16,0,0,fused_streaming,circular,persistent,1,1
12494,247500,251375,16,0,0,fused_streaming,circular,persistent,1,1
12495,242583,246417,16,0,0,fused_streaming,circular,persistent,1,1
12496,243917,247833,16,0,0,fused_streaming,circular,persistent,1,1
12497,252625,256542,16,0,0,fused_streaming,circular,persistent,1,1
12498,248167,252041,16,0,0,fused_streaming,circular,persistent,1,1
12499,232291,236167,16,0,0,fused_streaming,circular,persistent,1,1
12500,242084,246000,16,0,0,fused_streaming,circular,persistent,1,1
12501,240041,243917,16,0,0,fused_streaming,circular,persistent,1,1
12502,242459,246666,16,0,0,fused_streaming,circular,persistent,1,1
12503,246792,250709,16,0,0,fused_streaming,circular,persistent,1,1
12504,281542,285625,16,0,0,fused_streaming,circular,persistent,1,1
12505,247917,251875,16,0,0,fused_streaming,circular,persistent,1,1
12506,242667,247250,16,0,0,fused_streaming,circular,persistent,1,1
12507,239625,243583,16,0,0,fused_streaming,circular,persistent,1,1
12508,287625,291833,16,0,0,fused_streaming,circular,persistent,1,1
12509,245708,249583,16,0,0,fused_streaming,circular,persistent,1,1
12510,277916,282042,16,0,0,fused_streaming,circular,persistent,1,1
12511,245500,249458,16,0,0,fused_streaming,circular,persistent,1,1
12512,247708,251667,16,0,0,fused_streaming,circular,persistent,1,1
12513,244125,248042,16,0,0,fused_streaming,circular,persistent,1,1
12514,255583,259500,16,0,0,fused_streaming,circular,persistent,1,1
12515,249708,253625,16,0,0,fused_streaming,circular,persistent,1,1
12516,238333,242209,16,0,0,fused_streaming,circular,persistent,1,1
12517,243167,247041,16,0,0,fused_streaming,circular,persistent,1,1
12518,240250,244083,16,0,0,fused_streaming,circular,persistent,1,1
12519,247625,251459,16,0,0,fused_streaming,circular,persistent,1,1
12520,249833,253750,16,0,0,fused_streaming,circular,persistent,1,1
12521,241667,245542,16,0,0,fused_streaming,circular,persistent,1,1
12522,240417,244417,16,0,0,fused_streaming,circular,persistent,1,1
12523,239334,243208,16,0,0,fused_streaming,circular,persistent,1,1
12524,248583,252500,16,0,0,fused_streaming,circular,persistent,1,1
12525,248584,252583,16,0,0,fused_streaming,circular,persistent,1,1
12526,252166,256125,16,0,0,fused_streaming,circular,persistent,1,1
12527,242791,246625,16,0,0,fused_streaming,circular,persistent,1,1
12528,246708,250625,16,0,0,fused_streaming,circular,persistent,1,1
12529,244958,248916,16,0,0,fused_streaming,circular,persistent,1,1
12530,239833,243750,16,0,0,fused_streaming,circular,persistent,1,1
12531,234458,238333,16,0,0,fused_streaming,circular,persistent,1,1
12532,243625,247917,16,0,0,fused_streaming,circular,persistent,1,1
12533,242375,246292,16,0,0,fused_streaming,circular,persistent,1,1
12534,252167,256083,16,0,0,fused_streaming,circular,persistent,1,1
12535,246333,250250,16,0,0,fused_streaming,circular,persistent,1,1
12536,253000,256875,16,0,0,fused_streaming,circular,persistent,1,1
12537,253541,257375,16,0,0,fused_streaming,circular,persistent,1,1
12538,236542,240500,16,0,0,fused_streaming,circular,persistent,1,1
12539,250000,253875,16,0,0,fused_streaming,circular,persistent,1,1
12540,253125,256916,16,0,0,fused_streaming,circular,persistent,1,1
12541,245625,249459,16,0,0,fused_streaming,circular,persistent,1,1
12542,245959,249875,16,0,0,fused_streaming,circular,persistent,1,1
12543,286167,290334,16,0,0,fused_streaming,circular,persistent,1,1
12544,229583,233417,16,0,0,fused_streaming,circular,persistent,1,1
12545,226458,230292,16,0,0,fused_streaming,circular,persistent,1,1
12546,244792,248625,16,0,0,fused_streaming,circular,persistent,1,1
12547,251209,255125,16,0,0,fused_streaming,circular,persistent,1,1
12548,258750,262667,16,0,0,fused_streaming,circular,persistent,1,1
12549,292666,296625,16,0,0,fused_streaming,circular,persistent,1,1
12550,237042,241000,16,0,0,fused_streaming,circular,persistent,1,1
12551,231459,235333,16,0,0,fused_streaming,circular,persistent,1,1
12552,242167,246084,16,0,0,fused_streaming,circular,persistent,1,1
12553,240500,244333,16,0,0,fused_streaming,circular,persistent,1,1
12554,254000,257916,16,0,0,fused_streaming,circular,persistent,1,1
12555,289041,293042,16,0,0,fused_streaming,circular,persistent,1,1
12556,243791,247625,16,0,0,fused_streaming,circular,persistent,1,1
12557,288833,292959,16,0,0,fused_streaming,circular,persistent,1,1
12558,249542,253458,16,0,0,fused_streaming,circular,persistent,1,1
12559,253084,256916,16,0,0,fused_streaming,circular,persistent,1,1
12560,242208,246042,16,0,0,fused_streaming,circular,persistent,1,1
12561,244958,248959,16,0,0,fused_streaming,circular,persistent,1,1
12562,243833,247709,16,0,0,fused_streaming,circular,persistent,1,1
12563,247375,251417,16,0,0,fused_streaming,circular,persistent,1,1
12564,238542,242416,16,0,0,fused_streaming,circular,persistent,1,1
12565,244833,248708,16,0,0,fused_streaming,circular,persistent,1,1
12566,236083,239917,16,0,0,fused_streaming,circular,persistent,1,1
12567,248375,252291,16,0,0,fused_streaming,circular,persistent,1,1
12568,249541,253458,16,0,0,fused_streaming,circular,persistent,1,1
12569,255166,259208,16,0,0,fused_streaming,circular,persistent,1,1
12570,256416,260292,16,0,0,fused_streaming,circular,persistent,1,1
12571,246709,250625,16,0,0,fused_streaming,circular,persistent,1,1
12572,237833,241708,16,0,0,fused_streaming,circular,persistent,1,1
12573,237916,241791,16,0,0,fused_streaming,circular,persistent,1,1
12574,232375,236250,16,0,0,fused_streaming,circular,persistent,1,1
12575,242833,246833,16,0,0,fused_streaming,circular,persistent,1,1
12576,254416,258250,16,0,0,fused_streaming,circular,persistent,1,1
12577,245500,249375,16,0,0,fused_streaming,circular,persistent,1,1
12578,242458,246375,16,0,0,fused_streaming,circular,persistent,1,1
12579,243834,247708,16,0,0,fused_streaming,circular,persistent,1,1
12580,244000,247875,16,0,0,fused_streaming,circular,persistent,1,1
12581,246500,250375,16,0,0,fused_streaming,circular,persistent,1,1
12582,248250,252125,16,0,0,fused_streaming,circular,persistent,1,1
12583,245333,249250,16,0,0,fused_streaming,circular,persistent,1,1
12584,241542,245417,16,0,0,fused_streaming,circular,persistent,1,1
12585,237791,241708,16,0,0,fused_streaming,circular,persistent,1,1
12586,235458,239292,16,0,0,fused_streaming,circular,persistent,1,1
12587,242375,246208,16,0,0,fused_streaming,circular,persistent,1,1
12588,234166,238041,16,0,0,fused_streaming,circular,persistent,1,1
12589,238875,242875,16,0,0,fused_streaming,circular,persistent,1,1
12590,248750,252667,16,0,0,fused_streaming,circular,persistent,1,1
12591,251459,255375,16,0,0,fused_streaming,circular,persistent,1,1
12592,242667,246500,16,0,0,fused_streaming,circular,persistent,1,1
12593,250083,254209,16,0,0,fused_streaming,circular,persistent,1,1
12594,228958,232792,16,0,0,fused_streaming,circular,persistent,1,1
12595,245750,249625,16,0,0,fused_streaming,circular,persistent,1,1
12596,248959,252833,16,0,0,fused_streaming,circular,persistent,1,1
12597,245417,249333,16,0,0,fused_streaming,circular,persistent,1,1
12598,242916,246833,16,0,0,fused_streaming,circular,persistent,1,1
12599,246333,250250,16,0,0,fused_streaming,circular,persistent,1,1
12600,239542,243459,16,0,0,fused_streaming,circular,persistent,1,1
12601,238292,242250,16,0,0,fused_streaming,circular,persistent,1,1
12602,236083,239958,16,0,0,fused_streaming,circular,persistent,1,1
12603,252875,256792,16,0,0,fused_streaming,circular,persistent,1,1
12604,255458,259292,16,0,0,fused_streaming,circular,persistent,1,1
12605,235500,239417,16,0,0,fused_streaming,circular,persistent,1,1
12606,241458,245292,16,0,0,fused_streaming,circular,persistent,1,1
12607,240125,244042,16,0,0,fused_streaming,circular,persistent,1,1
12608,236208,240167,16,0,0,fused_streaming,circular,persistent,1,1
12609,243917,247750,16,0,0,fused_streaming,circular,persistent,1,1
12610,253125,257000,16,0,0,fused_streaming,circular,persistent,1,1
12611,249958,253833,16,0,0,fused_streaming,circular,persistent,1,1
12612,238500,242750,16,0,0,fused_streaming,circular,persistent,1,1
12613,247416,251333,16,0,0,fused_streaming,circular,persistent,1,1
12614,294750,298917,16,0,0,fused_streaming,circular,persistent,1,1
12615,248208,252208,16,0,0,fused_streaming,circular,persistent,1,1
12616,249459,253416,16,0,0,fused_streaming,circular,persistent,1,1
12617,243792,247750,16,0,0,fused_streaming,circular,persistent,1,1
12618,244583,248500,16,0,0,fused_streaming,circular,persistent,1,1
12619,245417,249292,16,0,0,fused_streaming,circular,persistent,1,1
12620,234583,238625,16,0,0,fused_streaming,circular,persistent,1,1
12621,238084,242000,16,0,0,fused_streaming,circular,persistent,1,1
12622,282959,287083,16,0,0,fused_streaming,circular,persistent,1,1
12623,242583,246541,16,0,0,fused_streaming,circular,persistent,1,1
12624,288084,292208,16,0,0,fused_streaming,circular,persistent,1,1
12625,255458,259334,16,0,0,fused_streaming,circular,persistent,1,1
12626,252333,256250,16,0,0,fused_streaming,circular,persistent,1,1
12627,245167,249041,16,0,0,fused_streaming,circular,persistent,1,1
12628,244958,248958,16,0,0,fused_streaming,circular,persistent,1,1
12629,232416,236375,16,0,0,fused_streaming,circular,persistent,1,1
12630,233541,237500,16,0,0,fused_streaming,circular,persistent,1,1
12631,242750,246667,16,0,0,fused_streaming,circular,persistent,1,1
12632,243166,247042,16,0,0,fused_streaming,circular,persistent,1,1
12633,244334,248250,16,0,0,fused_streaming,circular,persistent,1,1
12634,242375,246292,16,0,0,fused_streaming,circular,persistent,1,1
12635,237709,241583,16,0,0,fused_streaming,circular,persistent,1,1
12636,242958,246833,16,0,0,fused_streaming,circular,persistent,1,1
12637,247125,251083,16,0,0,fused_streaming,circular,persistent,1,1
12638,253708,257625,16,0,0,fused_streaming,circular,persistent,1,1
12639,253125,257000,16,0,0,fused_streaming,circular,persistent,1,1
12640,239125,243083,16,0,0,fused_streaming,circular,persistent,1,1
12641,237792,241708,16,0,0,fused_streaming,circular,persistent,1,1
12642,244708,248708,16,0,0,fused_streaming,circular,persistent,1,1
12643,237083,240917,16,0,0,fused_streaming,circular,persistent,1,1
12644,238750,242791,16,0,0,fused_streaming,circular,persistent,1,1
12645,235667,240000,16,0,0,fused_streaming,circular,persistent,1,1
12646,240375,244250,16,0,0,fused_streaming,circular,persistent,1,1
12647,248417,252333,16,0,0,fused_streaming,circular,persistent,1,1
12648,247667,251667,16,0,0,fused_streaming,circular,persistent,1,1
12649,243833,247750,16,0,0,fused_streaming,circular,persistent,1,1
12650,233958,237875,16,0,0,fused_streaming,circular,persistent,1,1
12651,244042,247959,16,0,0,fused_streaming,circular,persistent,1,1
12652,247833,251750,16,0,0,fused_streaming,circular,persistent,1,1
12653,252875,256750,16,0,0,fused_streaming,circular,persistent,1,1
12654,242709,246750,16,0,0,fused_streaming,circular,persistent,1,1
12655,232875,236833,16,0,0,fused_streaming,circular,persistent,1,1
12656,244709,248750,16,0,0,fused_streaming,circular,persistent,1,1
12657,233834,237666,16,0,0,fused_streaming,circular,persistent,1,1
12658,246750,251458,16,0,0,fused_streaming,circular,persistent,1,1
12659,255250,259125,16,0,0,fused_streaming,circular,persistent,1,1
12660,249167,253084,16,0,0,fused_streaming,circular,persistent,1,1
12661,238416,246542,16,0,0,fused_streaming,circular,persistent,1,1
12662,245167,249125,16,0,0,fused_streaming,circular,persistent,1,1
12663,231042,235000,16,0,0,fused_streaming,circular,persistent,1,1
12664,235709,239583,16,0,0,fused_streaming,circular,persistent,1,1
12665,245959,249917,16,0,0,fused_streaming,circular,persistent,1,1
12666,248583,252459,16,0,0,fused_streaming,circular,persistent,1,1
12667,253958,257834,16,0,0,fused_streaming,circular,persistent,1,1
12668,241541,245458,16,0,0,fused_streaming,circular,persistent,1,1
12669,243041,247042,16,0,0,fused_streaming,circular,persistent,1,1
12670,253625,257542,16,0,0,fused_streaming,circular,persistent,1,1
12671,250500,254417,16,0,0,fused_streaming,circular,persistent,1,1
12672,246333,250208,16,0,0,fused_streaming,circular,persistent,1,1
12673,232917,236833,16,0,0,fused_streaming,circular,persistent,1,1
12674,239084,243000,16,0,0,fused_streaming,circular,persistent,1,1
12675,246083,250084,16,0,0,fused_streaming,circular,persistent,1,1
12676,245167,249167,16,0,0,fused_streaming,circular,persistent,1,1
12677,225667,229583,16,0,0,fused_streaming,circular,persistent,1,1
12678,236875,240750,16,0,0,fused_streaming,circular,persistent,1,1
12679,237958,242042,16,0,0,fused_streaming,circular,persistent,1,1
12680,239000,242875,16,0,0,fused_streaming,circular,persistent,1,1
12681,245084,249000,16,0,0,fused_streaming,circular,persistent,1,1
12682,234209,238125,16,0,0,fused_streaming,circular,persistent,1,1
12683,229167,233125,16,0,0,fused_streaming,circular,persistent,1,1
12684,243292,247291,16,0,0,fused_streaming,circular,persistent,1,1
12685,227583,231750,16,0,0,fused_streaming,circular,persistent,1,1
12686,234167,238334,16,0,0,fused_streaming,circular,persistent,1,1
12687,231250,235167,16,0,0,fused_streaming,circular,persistent,1,1
12688,240917,244875,16,0,0,fused_streaming,circular,persistent,1,1
12689,244750,248625,16,0,0,fused_streaming,circular,persistent,1,1
12690,245916,249792,16,0,0,fused_streaming,circular,persistent,1,1
12691,239417,243375,16,0,0,fused_streaming,circular,persistent,1,1
12692,245208,249167,16,0,0,fused_streaming,circular,persistent,1,1
12693,245959,249833,16,0,0,fused_streaming,circular,persistent,1,1
12694,250209,254125,16,0,0,fused_streaming,circular,persistent,1,1
12695,251084,254916,16,0,0,fused_streaming,circular,persistent,1,1
12696,246875,250750,16,0,0,fused_streaming,circular,persistent,1,1
12697,236542,240667,16,0,0,fused_streaming,circular,persistent,1,1
12698,239709,243666,16,0,0,fused_streaming,circular,persistent,1,1
12699,229125,233000,16,0,0,fused_streaming,circular,persistent,1,1
12700,220583,224792,16,0,0,fused_streaming,circular,persistent,1,1
12701,229500,233375,16,0,0,fused_streaming,circular,persistent,1,1
12702,243375,247334,16,0,0,fused_streaming,circular,persistent,1,1
12703,245167,249000,16,0,0,fused_streaming,circular,persistent,1,1
12704,242875,246916,16,0,0,fused_streaming,circular,persistent,1,1
12705,265208,269417,16,0,0,fused_streaming,circular,persistent,1,1
12706,242833,246834,16,0,0,fused_streaming,circular,persistent,1,1
12707,244416,248292,16,0,0,fused_streaming,circular,persistent,1,1
12708,247458,252416,16,0,0,fused_streaming,circular,persistent,1,1
12709,232625,236959,16,0,0,fused_streaming,circular,persistent,1,1
12710,219167,223333,16,0,0,fused_streaming,circular,persistent,1,1
12711,231750,235625,16,0,0,fused_streaming,circular,persistent,1,1
12712,219500,223333,16,0,0,fused_streaming,circular,persistent,1,1
12713,237584,241458,16,0,0,fused_streaming,circular,persistent,1,1
12714,239000,242875,16,0,0,fused_streaming,circular,persistent,1,1
12715,273958,278084,16,0,0,fused_streaming,circular,persistent,1,1
12716,232792,236750,16,0,0,fused_streaming,circular,persistent,1,1
12717,230083,234042,16,0,0,fused_streaming,circular,persistent,1,1
12718,235625,239417,16,0,0,fused_streaming,circular,persistent,1,1
12719,225167,229042,16,0,0,fused_streaming,circular,persistent,1,1
12720,238667,242542,16,0,0,fused_streaming,circular,persistent,1,1
12721,236708,240584,16,0,0,fused_streaming,circular,persistent,1,1
12722,263125,267167,16,0,0,fused_streaming,circular,persistent,1,1
12723,232292,236209,16,0,0,fused_streaming,circular,persistent,1,1
12724,220375,224166,16,0,0,fused_streaming,circular,persistent,1,1
12725,222209,226209,16,0,0,fused_streaming,circular,persistent,1,1
12726,223875,227709,16,0,0,fused_streaming,circular,persistent,1,1
12727,233584,237416,16,0,0,fused_streaming,circular,persistent,1,1
12728,233875,237708,16,0,0,fused_streaming,circular,persistent,1,1
12729,228167,231959,16,0,0,fused_streaming,circular,persistent,1,1
12730,231042,234792,16,0,0,fused_streaming,circular,persistent,1,1
12731,216416,220375,16,0,0,fused_streaming,circular,persistent,1,1
12732,258333,262375,16,0,0,fused_streaming,circular,persistent,1,1
12733,230584,234458,16,0,0,fused_streaming,circular,persistent,1,1
12734,225917,229833,16,0,0,fused_streaming,circular,persistent,1,1
12735,219750,223667,16,0,0,fused_streaming,circular,persistent,1,1
12736,212917,216792,16,0,0,fused_streaming,circular,persistent,1,1
12737,220791,224667,16,0,0,fused_streaming,circular,persistent,1,1
12738,216625,220666,16,0,0,fused_streaming,circular,persistent,1,1
12739,221458,225292,16,0,0,fused_streaming,circular,persistent,1,1
12740,223292,227084,16,0,0,fused_streaming,circular,persistent,1,1
12741,224500,228333,16,0,0,fused_streaming,circular,persistent,1,1
12742,231125,235041,16,0,0,fused_streaming,circular,persistent,1,1
12743,265667,269834,16,0,0,fused_streaming,circular,persistent,1,1
12744,221000,224833,16,0,0,fused_streaming,circular,persistent,1,1
12745,227250,231125,16,0,0,fused_streaming,circular,persistent,1,1
12746,226708,234917,16,0,0,fused_streaming,circular,persistent,1,1
12747,231834,235708,16,0,0,fused_streaming,circular,persistent,1,1
12748,219750,223791,16,0,0,fused_streaming,circular,persistent,1,1
12749,218125,222083,16,0,0,fused_streaming,circular,persistent,1,1
12750,214958,218750,16,0,0,fused_streaming,circular,persistent,1,1
12751,219375,223167,16,0,0,fused_streaming,circular,persistent,1,1
12752,224084,227959,16,0,0,fused_streaming,circular,persistent,1,1
12753,228458,232292,16,0,0,fused_streaming,circular,persistent,1,1
12754,228666,232458,16,0,0,fused_streaming,circular,persistent,1,1
12755,231958,235834,16,0,0,fused_streaming,circular,persistent,1,1
12756,222625,226459,16,0,0,fused_streaming,circular,persistent,1,1
12757,215084,219084,16,0,0,fused_streaming,circular,persistent,1,1
12758,217625,221500,16,0,0,fused_streaming,circular,persistent,1,1
12759,218833,222666,16,0,0,fused_streaming,circular,persistent,1,1
12760,217583,221542,16,0,0,fused_streaming,circular,persistent,1,1
12761,215166,219042,16,0,0,fused_streaming,circular,persistent,1,1
12762,217334,221166,16,0,0,fused_streaming,circular,persistent,1,1
12763,211209,215083,16,0,0,fused_streaming,circular,persistent,1,1
12764,208792,212667,16,0,0,fused_streaming,circular,persistent,1,1
12765,215625,219459,16,0,0,fused_streaming,circular,persistent,1,1
12766,219416,223375,16,0,0,fused_streaming,circular,persistent,1,1
12767,217625,221792,16,0,0,fused_streaming,circular,persistent,1,1
12768,217208,221084,16,0,0,fused_streaming,circular,persistent,1,1
12769,207208,211000,16,0,0,fused_streaming,circular,persistent,1,1
12770,219541,223417,16,0,0,fused_streaming,circular,persistent,1,1
12771,214125,218042,16,0,0,fused_streaming,circular,persistent,1,1
12772,213291,217167,16,0,0,fused_streaming,circular,persistent,1,1
12773,217458,221333,16,0,0,fused_streaming,circular,persistent,1,1
12774,211084,215000,16,0,0,fused_streaming,circular,persistent,1,1
12775,212583,216584,16,0,0,fused_streaming,circular,persistent,1,1
12776,218250,222125,16,0,0,fused_streaming,circular,persistent,1,1
12777,217125,221042,16,0,0,fused_streaming,circular,persistent,1,1
12778,216209,220166,16,0,0,fused_streaming,circular,persistent,1,1
12779,217792,221666,16,0,0,fused_streaming,circular,persistent,1,1
12780,204958,208958,16,0,0,fused_streaming,circular,persistent,1,1
12781,208083,212000,16,0,0,fused_streaming,circular,persistent,1,1
12782,218792,222750,16,0,0,fused_streaming,circular,persistent,1,1
12783,219125,223000,16,0,0,fused_streaming,circular,persistent,1,1
12784,222459,226333,16,0,0,fused_streaming,circular,persistent,1,1
12785,213959,218166,16,0,0,fused_streaming,circular,persistent,1,1
12786,216250,220125,16,0,0,fused_streaming,circular,persistent,1,1
12787,211333,215208,16,0,0,fused_streaming,circular,persistent,1,1
12788,217959,221833,16,0,0,fused_streaming,circular,persistent,1,1
12789,214208,218042,16,0,0,fused_streaming,circular,persistent,1,1
12790,214000,217875,16,0,0,fused_streaming,circular,persistent,1,1
12791,211917,215750,16,0,0,fused_streaming,circular,persistent,1,1
12792,222458,226334,16,0,0,fused_streaming,circular,persistent,1,1
12793,220459,224333,16,0,0,fused_streaming,circular,persistent,1,1
12794,208417,212417,16,0,0,fused_streaming,circular,persistent,1,1
12795,211250,215209,16,0,0,fused_streaming,circular,persistent,1,1
12796,218416,222333,16,0,0,fused_streaming,circular,persistent,1,1
12797,259292,263541,16,0,0,fused_streaming,circular,persistent,1,1
12798,205333,209208,16,0,0,fused_streaming,circular,persistent,1,1
12799,214250,218125,16,0,0,fused_streaming,circular,persistent,1,1
12800,211209,215250,16,0,0,fused_streaming,circular,persistent,1,1
12801,218791,222708,16,0,0,fused_streaming,circular,persistent,1,1
12802,210542,214459,16,0,0,fused_streaming,circular,persistent,1,1
12803,215292,219084,16,0,0,fused_streaming,circular,persistent,1,1
12804,213458,217458,16,0,0,fused_streaming,circular,persistent,1,1
12805,215208,219042,16,0,0,fused_streaming,circular,persistent,1,1
12806,218959,222833,16,0,0,fused_streaming,circular,persistent,1,1
12807,218417,222375,16,0,0,fused_streaming,circular,persistent,1,1
12808,213417,217625,16,0,0,fused_streaming,circular,persistent,1,1
12809,218958,222875,16,0,0,fused_streaming,circular,persistent,1,1
12810,208500,212375,16,0,0,fused_streaming,circular,persistent,1,1
12811,207875,211791,16,0,0,fused_streaming,circular,persistent,1,1
12812,217084,220875,16,0,0,fused_streaming,circular,persistent,1,1
12813,206000,210042,16,0,0,fused_streaming,circular,persistent,1,1
12814,214167,218083,16,0,0,fused_streaming,circular,persistent,1,1
12815,211666,215542,16,0,0,fused_streaming,circular,persistent,1,1
12816,215875,219709,16,0,0,fused_streaming,circular,persistent,1,1
12817,213458,217333,16,0,0,fused_streaming,circular,persistent,1,1
12818,216666,220542,16,0,0,fused_streaming,circular,persistent,1,1
12819,217166,221125,16,0,0,fused_streaming,circular,persistent,1,1
12820,218125,221958,16,0,0,fused_streaming,circular,persistent,1,1
12821,213792,217750,16,0,0,fused_streaming,circular,persistent,1,1
12822,217500,221417,16,0,0,fused_streaming,circular,persistent,1,1
12823,219750,223709,16,0,0,fused_streaming,circular,persistent,1,1
12824,214917,218875,16,0,0,fused_streaming,circular,persistent,1,1
12825,218000,221875,16,0,0,fused_streaming,circular,persistent,1,1
12826,215917,219875,16,0,0,fused_streaming,circular,persistent,1,1
12827,215708,219625,16,0,0,fused_streaming,circular,persistent,1,1
12828,221958,225833,16,0,0,fused_streaming,circular,persistent,1,1
12829,220166,224125,16,0,0,fused_streaming,circular,persistent,1,1
12830,212667,216584,16,0,0,fused_streaming,circular,persistent,1,1
12831,215167,219000,16,0,0,fused_streaming,circular,persistent,1,1
12832,225042,228958,16,0,0,fused_streaming,circular,persistent,1,1
12833,216250,220166,16,0,0,fused_streaming,circular,persistent,1,1
12834,215208,219042,16,0,0,fused_streaming,circular,persistent,1,1
12835,218667,222542,16,0,0,fused_streaming,circular,persistent,1,1
12836,207334,211250,16,0,0,fused_streaming,circular,persistent,1,1
12837,206584,210542,16,0,0,fused_streaming,circular,persistent,1,1
12838,211583,215500,16,0,0,fused_streaming,circular,persistent,1,1
12839,218833,222750,16,0,0,fused_streaming,circular,persistent,1,1
12840,220750,224666,16,0,0,fused_streaming,circular,persistent,1,1
12841,222125,226042,16,0,0,fused_streaming,circular,persistent,1,1
12842,211625,215542,16,0,0,fused_streaming,circular,persistent,1,1
12843,214625,218500,16,0,0,fused_streaming,circular,persistent,1,1
12844,218417,222250,16,0,0,fused_streaming,circular,persistent,1,1
12845,207417,211334,16,0,0,fused_streaming,circular,persistent,1,1
12846,245750,249708,16,0,0,fused_streaming,circular,persistent,1,1
12847,214875,218750,16,0,0,fused_streaming,circular,persistent,1,1
12848,215834,219792,16,0,0,fused_streaming,circular,persistent,1,1
12849,215667,219541,16,0,0,fused_streaming,circular,persistent,1,1
12850,218709,222542,16,0,0,fused_streaming,circular,persistent,1,1
12851,226833,230709,16,0,0,fused_streaming,circular,persistent,1,1
12852,258834,262917,16,0,0,fused_streaming,circular,persistent,1,1
12853,218125,222041,16,0,0,fused_streaming,circular,persistent,1,1
12854,215833,219708,16,0,0,fused_streaming,circular,persistent,1,1
12855,257416,261458,16,0,0,fused_streaming,circular,persistent,1,1
12856,221459,225417,16,0,0,fused_streaming,circular,persistent,1,1
12857,222875,226750,16,0,0,fused_streaming,circular,persistent,1,1
12858,255792,264250,16,0,0,fused_streaming,circular,persistent,1,1
12859,219250,223209,16,0,0,fused_streaming,circular,persistent,1,1
12860,202417,206375,16,0,0,fused_streaming,circular,persistent,1,1
12861,205000,208875,16,0,0,fused_streaming,circular,persistent,1,1
12862,214792,219041,16,0,0,fused_streaming,circular,persistent,1,1
12863,216250,220208,16,0,0,fused_streaming,circular,persistent,1,1
12864,222334,226208,16,0,0,fused_streaming,circular,persistent,1,1
12865,216542,220417,16,0,0,fused_streaming,circular,persistent,1,1
12866,215208,219083,16,0,0,fused_streaming,circular,persistent,1,1
12867,212958,217125,16,0,0,fused_streaming,circular,persistent,1,1
12868,210709,214583,16,0,0,fused_streaming,circular,persistent,1,1
12869,218625,222500,16,0,0,fused_streaming,circular,persistent,1,1
12870,218584,222500,16,0,0,fused_streaming,circular,persistent,1,1
12871,223208,227125,16,0,0,fused_streaming,circular,persistent,1,1
12872,217583,221500,16,0,0,fused_streaming,circular,persistent,1,1
12873,227000,230834,16,0,0,fused_streaming,circular,persistent,1,1
12874,221792,225750,16,0,0,fused_streaming,circular,persistent,1,1
12875,215542,219375,16,0,0,fused_streaming,circular,persistent,1,1
12876,295125,299083,16,0,0,fused_streaming,circular,persistent,1,1
12877,245875,249833,16,0,0,fused_streaming,circular,persistent,1,1
12878,247417,251250,16,0,0,fused_streaming,circular,persistent,1,1
12879,247791,251667,16,0,0,fused_streaming,circular,persistent,1,1
12880,245250,249208,16,0,0,fused_streaming,circular,persistent,1,1
12881,238250,242125,16,0,0,fused_streaming,circular,persistent,1,1
12882,225583,229417,16,0,0,fused_streaming,circular,persistent,1,1
12883,216709,220583,16,0,0,fused_streaming,circular,persistent,1,1
12884,222000,225917,16,0,0,fused_streaming,circular,persistent,1,1
12885,226875,230666,16,0,0,fused_streaming,circular,persistent,1,1
12886,232292,236125,16,0,0,fused_streaming,circular,persistent,1,1
12887,280208,284375,16,0,0,fused_streaming,circular,persistent,1,1
12888,223167,227334,16,0,0,fused_streaming,circular,persistent,1,1
12889,233792,237625,16,0,0,fused_streaming,circular,persistent,1,1
12890,246167,250084,16,0,0,fused_streaming,circular,persistent,1,1
12891,248250,252167,16,0,0,fused_streaming,circular,persistent,1,1
12892,251000,254875,16,0,0,fused_streaming,circular,persistent,1,1
12893,251750,255583,16,0,0,fused_streaming,circular,persistent,1,1
12894,240583,244417,16,0,0,fused_streaming,circular,persistent,1,1
12895,245208,249083,16,0,0,fused_streaming,circular,persistent,1,1
12896,238500,242375,16,0,0,fused_streaming,circular,persistent,1,1
12897,236083,240041,16,0,0,fused_streaming,circular,persistent,1,1
12898,233083,236875,16,0,0,fused_streaming,circular,persistent,1,1
12899,228250,232167,16,0,0,fused_streaming,circular,persistent,1,1
12900,226709,230625,16,0,0,fused_streaming,circular,persistent,1,1
12901,219917,223917,16,0,0,fused_streaming,circular,persistent,1,1
12902,220375,228584,16,0,0,fused_streaming,circular,persistent,1,1
12903,231083,234917,16,0,0,fused_streaming,circular,persistent,1,1
12904,234875,238750,16,0,0,fused_streaming,circular,persistent,1,1
12905,240667,244458,16,0,0,fused_streaming,circular,persistent,1,1
12906,245541,249416,16,0,0,fused_streaming,circular,persistent,1,1
12907,247416,251292,16,0,0,fused_streaming,circular,persistent,1,1
12908,251584,255583,16,0,0,fused_streaming,circular,persistent,1,1
12909,243666,247833,16,0,0,fused_streaming,circular,persistent,1,1
12910,240625,244667,16,0,0,fused_streaming,circular,persistent,1,1
12911,241292,245125,16,0,0,fused_streaming,circular,persistent,1,1
12912,280458,284542,16,0,0,fused_streaming,circular,persistent,1,1
12913,226375,230125,16,0,0,fused_streaming,circular,persistent,1,1
12914,232208,236083,16,0,0,fused_streaming,circular,persistent,1,1
12915,230833,234708,16,0,0,fused_streaming,circular,persistent,1,1
12916,221292,225125,16,0,0,fused_streaming,circular,persistent,1,1
12917,215584,219500,16,0,0,fused_streaming,circular,persistent,1,1
12918,224542,228500,16,0,0,fused_streaming,circular,persistent,1,1
12919,222584,226791,16,0,0,fused_streaming,circular,persistent,1,1
12920,233000,236875,16,0,0,fused_streaming,circular,persistent,1,1
12921,239625,243459,16,0,0,fused_streaming,circular,persistent,1,1
12922,242917,246833,16,0,0,fused_streaming,circular,persistent,1,1
12923,253333,257250,16,0,0,fused_streaming,circular,persistent,1,1
12924,250500,254417,16,0,0,fused_streaming,circular,persistent,1,1
12925,240958,244833,16,0,0,fused_streaming,circular,persistent,1,1
12926,241292,245250,16,0,0,fused_streaming,circular,persistent,1,1
12927,235333,239458,16,0,0,fused_streaming,circular,persistent,1,1
12928,233625,237500,16,0,0,fused_streaming,circular,persistent,1,1
12929,233042,236875,16,0,0,fused_streaming,circular,persistent,1,1
12930,227667,231500,16,0,0,fused_streaming,circular,persistent,1,1
12931,228625,232500,16,0,0,fused_streaming,circular,persistent,1,1
12932,225042,228833,16,0,0,fused_streaming,circular,persistent,1,1
12933,224958,228833,16,0,0,fused_streaming,circular,persistent,1,1
12934,224000,227875,16,0,0,fused_streaming,circular,persistent,1,1
12935,225958,229834,16,0,0,fused_streaming,circular,persistent,1,1
12936,237750,241625,16,0,0,fused_streaming,circular,persistent,1,1
12937,248125,252000,16,0,0,fused_streaming,circular,persistent,1,1
12938,242750,247000,16,0,0,fused_streaming,circular,persistent,1,1
12939,246708,250625,16,0,0,fused_streaming,circular,persistent,1,1
12940,251458,255375,16,0,0,fused_streaming,circular,persistent,1,1
12941,237541,241375,16,0,0,fused_streaming,circular,persistent,1,1
12942,244458,248375,16,0,0,fused_streaming,circular,persistent,1,1
12943,233166,237000,16,0,0,fused_streaming,circular,persistent,1,1
12944,233666,237625,16,0,0,fused_streaming,circular,persistent,1,1
12945,234083,238000,16,0,0,fused_streaming,circular,persistent,1,1
12946,231500,235417,16,0,0,fused_streaming,circular,persistent,1,1
12947,227584,231750,16,0,0,fused_streaming,circular,persistent,1,1
12948,225958,229833,16,0,0,fused_streaming,circular,persistent,1,1
12949,219708,223959,16,0,0,fused_streaming,circular,persistent,1,1
12950,227208,231083,16,0,0,fused_streaming,circular,persistent,1,1
12951,226917,230833,16,0,0,fused_streaming,circular,persistent,1,1
12952,245291,249208,16,0,0,fused_streaming,circular,persistent,1,1
12953,247916,251834,16,0,0,fused_streaming,circular,persistent,1,1
12954,251250,255292,16,0,0,fused_streaming,circular,persistent,1,1
12955,255084,258958,16,0,0,fused_streaming,circular,persistent,1,1
12956,242625,246584,16,0,0,fused_streaming,circular,persistent,1,1
12957,239500,243458,16,0,0,fused_streaming,circular,persistent,1,1
12958,240042,243917,16,0,0,fused_streaming,circular,persistent,1,1
12959,236625,240500,16,0,0,fused_streaming,circular,persistent,1,1
12960,233667,237500,16,0,0,fused_streaming,circular,persistent,1,1
12961,277042,281083,16,0,0,fused_streaming,circular,persistent,1,1
12962,226208,230084,16,0,0,fused_streaming,circular,persistent,1,1
12963,228917,232792,16,0,0,fused_streaming,circular,persistent,1,1
12964,223291,227167,16,0,0,fused_streaming,circular,persistent,1,1
12965,221250,225125,16,0,0,fused_streaming,circular,persistent,1,1
12966,225542,229458,16,0,0,fused_streaming,circular,persistent,1,1
12967,225333,229208,16,0,0,fused_streaming,circular,persistent,1,1
12968,250291,254209,16,0,0,fused_streaming,circular,persistent,1,1
12969,246292,250208,16,0,0,fused_streaming,circular,persistent,1,1
12970,250583,254500,16,0,0,fused_streaming,circular,persistent,1,1
12971,250666,254583,16,0,0,fused_streaming,circular,persistent,1,1
12972,235750,239667,16,0,0,fused_streaming,circular,persistent,1,1
12973,241500,245375,16,0,0,fused_streaming,circular,persistent,1,1
12974,237584,241458,16,0,0,fused_streaming,circular,persistent,1,1
12975,232625,236500,16,0,0,fused_streaming,circular,persistent,1,1
12976,228417,232250,16,0,0,fused_streaming,circular,persistent,1,1
12977,228500,232500,16,0,0,fused_streaming,circular,persistent,1,1
12978,230833,234708,16,0,0,fused_streaming,circular,persistent,1,1
12979,274541,278583,16,0,0,fused_streaming,circular,persistent,1,1
12980,220166,224000,16,0,0,fused_streaming,circular,persistent,1,1
12981,226667,230583,16,0,0,fused_streaming,circular,persistent,1,1
12982,226625,230709,16,0,0,fused_streaming,circular,persistent,1,1
12983,239334,243333,16,0,0,fused_streaming,circular,persistent,1,1
12984,248375,252417,16,0,0,fused_streaming,circular,persistent,1,1
12985,245375,249250,16,0,0,fused_streaming,circular,persistent,1,1
12986,253667,257542,16,0,0,fused_streaming,circular,persistent,1,1
12987,245167,249125,16,0,0,fused_streaming,circular,persistent,1,1
12988,238833,242709,16,0,0,fused_streaming,circular,persistent,1,1
12989,240416,244416,16,0,0,fused_streaming,circular,persistent,1,1
12990,234500,238333,16,0,0,fused_streaming,circular,persistent,1,1
12991,230333,234458,16,0,0,fused_streaming,circular,persistent,1,1
12992,274958,279083,16,0,0,fused_streaming,circular,persistent,1,1
12993,226000,229833,16,0,0,fused_streaming,circular,persistent,1,1
12994,229917,233792,16,0,0,fused_streaming,circular,persistent,1,1
12995,222458,226417,16,0,0,fused_streaming,circular,persistent,1,1
12996,215375,219291,16,0,0,fused_streaming,circular,persistent,1,1
12997,227125,231042,16,0,0,fused_streaming,circular,persistent,1,1
12998,234541,238500,16,0,0,fused_streaming,circular,persistent,1,1
12999,243459,247416,16,0,0,fused_streaming,circular,persistent,1,1
13000,244750,248625,16,0,0,fused_streaming,circular,persistent,1,1
13001,247125,250958,16,0,0,fused_streaming,circular,persistent,1,1
13002,254708,258583,16,0,0,fused_streaming,circular,persistent,1,1
13003,237750,241875,16,0,0,fused_streaming,circular,persistent,1,1
13004,243334,247625,16,0,0,fused_streaming,circular,persistent,1,1
13005,235750,240042,16,0,0,fused_streaming,circular,persistent,1,1
13006,273167,277209,16,0,0,fused_streaming,circular,persistent,1,1
13007,228500,232375,16,0,0,fused_streaming,circular,persistent,1,1
13008,225042,228917,16,0,0,fused_streaming,circular,persistent,1,1
13009,228958,232833,16,0,0,fused_streaming,circular,persistent,1,1
13010,233958,237792,16,0,0,fused_streaming,circular,persistent,1,1
13011,209792,213750,16,0,0,fused_streaming,circular,persistent,1,1
13012,219208,223083,16,0,0,fused_streaming,circular,persistent,1,1
13013,229916,233792,16,0,0,fused_streaming,circular,persistent,1,1
13014,242500,246375,16,0,0,fused_streaming,circular,persistent,1,1
13015,246583,250584,16,0,0,fused_streaming,circular,persistent,1,1
13016,244000,247875,16,0,0,fused_streaming,circular,persistent,1,1
13017,250875,254750,16,0,0,fused_streaming,circular,persistent,1,1
13018,247750,251625,16,0,0,fused_streaming,circular,persistent,1,1
13019,237750,241666,16,0,0,fused_streaming,circular,persistent,1,1
13020,242584,246542,16,0,0,fused_streaming,circular,persistent,1,1
13021,235167,239083,16,0,0,fused_streaming,circular,persistent,1,1
13022,232250,236167,16,0,0,fused_streaming,circular,persistent,1,1
13023,222542,226416,16,0,0,fused_streaming,circular,persistent,1,1
13024,230750,234625,16,0,0,fused_streaming,circular,persistent,1,1
13025,226875,230750,16,0,0,fused_streaming,circular,persistent,1,1
13026,215500,219375,16,0,0,fused_streaming,circular,persistent,1,1
13027,216541,220500,16,0,0,fused_streaming,circular,persistent,1,1
13028,228667,232583,16,0,0,fused_streaming,circular,persistent,1,1
13029,237125,241083,16,0,0,fused_streaming,circular,persistent,1,1
13030,241833,245833,16,0,0,fused_streaming,circular,persistent,1,1
13031,244875,248792,16,0,0,fused_streaming,circular,persistent,1,1
13032,245208,249125,16,0,0,fused_streaming,circular,persistent,1,1
13033,254209,258167,16,0,0,fused_streaming,circular,persistent,1,1
13034,240375,244292,16,0,0,fused_streaming,circular,persistent,1,1
13035,238542,242417,16,0,0,fused_streaming,circular,persistent,1,1
13036,237000,240792,16,0,0,fused_streaming,circular,persistent,1,1
13037,234875,243000,16,0,0,fused_streaming,circular,persistent,1,1
13038,233125,237042,16,0,0,fused_streaming,circular,persistent,1,1
13039,228875,232750,16,0,0,fused_streaming,circular,persistent,1,1
13040,227041,235167,16,0,0,fused_streaming,circular,persistent,1,1
13041,229542,233416,16,0,0,fused_streaming,circular,persistent,1,1
13042,211167,215083,16,0,0,fused_streaming,circular,persistent,1,1
13043,224250,228084,16,0,0,fused_streaming,circular,persistent,1,1
13044,231416,235292,16,0,0,fused_streaming,circular,persistent,1,1
13045,237583,241500,16,0,0,fused_streaming,circular,persistent,1,1
13046,244916,248792,16,0,0,fused_streaming,circular,persistent,1,1
13047,239542,248000,16,0,0,fused_streaming,circular,persistent,1,1
13048,249125,253000,16,0,0,fused_streaming,circular,persistent,1,1
13049,294500,298667,16,0,0,fused_streaming,circular,persistent,1,1
13050,232042,236000,16,0,0,fused_streaming,circular,persistent,1,1
13051,235041,238833,16,0,0,fused_streaming,circular,persistent,1,1
13052,241917,245750,16,0,0,fused_streaming,circular,persistent,1,1
13053,233500,237417,16,0,0,fused_streaming,circular,persistent,1,1
13054,228334,232250,16,0,0,fused_streaming,circular,persistent,1,1
13055,234250,238250,16,0,0,fused_streaming,circular,persistent,1,1
13056,229458,233334,16,0,0,fused_streaming,circular,persistent,1,1
13057,222792,226709,16,0,0,fused_streaming,circular,persistent,1,1
13058,223250,227125,16,0,0,fused_streaming,circular,persistent,1,1
13059,228667,232625,16,0,0,fused_streaming,circular,persistent,1,1
13060,237250,241167,16,0,0,fused_streaming,circular,persistent,1,1
13061,238083,241917,16,0,0,fused_streaming,circular,persistent,1,1
13062,245125,249042,16,0,0,fused_streaming,circular,persistent,1,1
13063,244583,248375,16,0,0,fused_streaming,circular,persistent,1,1
13064,253459,257416,16,0,0,fused_streaming,circular,persistent,1,1
13065,242209,246166,16,0,0,fused_streaming,circular,persistent,1,1
13066,236834,240750,16,0,0,fused_streaming,circular,persistent,1,1
13067,241917,245750,16,0,0,fused_streaming,circular,persistent,1,1
13068,240750,244625,16,0,0,fused_streaming,circular,persistent,1,1
13069,231292,235166,16,0,0,fused_streaming,circular,persistent,1,1
13070,226250,230125,16,0,0,fused_streaming,circular,persistent,1,1
13071,232375,236208,16,0,0,fused_streaming,circular,persistent,1,1
13072,222375,226292,16,0,0,fused_streaming,circular,persistent,1,1
13073,219875,223709,16,0,0,fused_streaming,circular,persistent,1,1
13074,232208,236084,16,0,0,fused_streaming,circular,persistent,1,1
13075,233792,237750,16,0,0,fused_streaming,circular,persistent,1,1
13076,237209,241083,16,0,0,fused_streaming,circular,persistent,1,1
13077,242166,246042,16,0,0,fused_streaming,circular,persistent,1,1
13078,239750,243541,16,0,0,fused_streaming,circular,persistent,1,1
13079,243917,247792,16,0,0,fused_streaming,circular,persistent,1,1
13080,293500,297583,16,0,0,fused_streaming,circular,persistent,1,1
13081,242000,245917,16,0,0,fused_streaming,circular,persistent,1,1
13082,291167,295292,16,0,0,fused_streaming,circular,persistent,1,1
13083,242250,246125,16,0,0,fused_streaming,circular,persistent,1,1
13084,236708,240542,16,0,0,fused_streaming,circular,persistent,1,1
13085,226667,230500,16,0,0,fused_streaming,circular,persistent,1,1
13086,232792,236667,16,0,0,fused_streaming,circular,persistent,1,1
13087,232250,236084,16,0,0,fused_streaming,circular,persistent,1,1
13088,225083,228916,16,0,0,fused_streaming,circular,persistent,1,1
13089,225667,229500,16,0,0,fused_streaming,circular,persistent,1,1
13090,222834,226750,16,0,0,fused_streaming,circular,persistent,1,1
13091,232709,236584,16,0,0,fused_streaming,circular,persistent,1,1
13092,234458,238334,16,0,0,fused_streaming,circular,persistent,1,1
13093,244083,248000,16,0,0,fused_streaming,circular,persistent,1,1
13094,237416,241333,16,0,0,fused_streaming,circular,persistent,1,1
13095,250042,253917,16,0,0,fused_streaming,circular,persistent,1,1
13096,247458,251333,16,0,0,fused_streaming,circular,persistent,1,1
13097,240916,244833,16,0,0,fused_streaming,circular,persistent,1,1
13098,240250,244250,16,0,0,fused_streaming,circular,persistent,1,1
13099,237083,240917,16,0,0,fused_streaming,circular,persistent,1,1
13100,228208,232208,16,0,0,fused_streaming,circular,persistent,1,1
13101,229542,233416,16,0,0,fused_streaming,circular,persistent,1,1
13102,228833,232708,16,0,0,fused_streaming,circular,persistent,1,1
13103,230875,234750,16,0,0,fused_streaming,circular,persistent,1,1
13104,222375,226209,16,0,0,fused_streaming,circular,persistent,1,1
13105,222958,226833,16,0,0,fused_streaming,circular,persistent,1,1
13106,231917,235833,16,0,0,fused_streaming,circular,persistent,1,1
13107,238333,242208,16,0,0,fused_streaming,circular,persistent,1,1
13108,238500,242417,16,0,0,fused_streaming,circular,persistent,1,1
13109,282250,286333,16,0,0,fused_streaming,circular,persistent,1,1
13110,245625,249500,16,0,0,fused_streaming,circular,persistent,1,1
13111,254917,259000,16,0,0,fused_streaming,circular,persistent,1,1
13112,246708,250542,16,0,0,fused_streaming,circular,persistent,1,1
13113,234542,238541,16,0,0,fused_streaming,circular,persistent,1,1
13114,236250,240125,16,0,0,fused_streaming,circular,persistent,1,1
13115,297625,301625,16,0,0,fused_streaming,circular,persistent,1,1
13116,226708,230625,16,0,0,fused_streaming,circular,persistent,1,1
13117,230167,234084,16,0,0,fused_streaming,circular,persistent,1,1
13118,224666,228625,16,0,0,fused_streaming,circular,persistent,1,1
13119,228041,232000,16,0,0,fused_streaming,circular,persistent,1,1
13120,226875,230834,16,0,0,fused_streaming,circular,persistent,1,1
13121,219542,223416,16,0,0,fused_streaming,circular,persistent,1,1
13122,230167,234083,16,0,0,fused_streaming,circular,persistent,1,1
13123,238334,242167,16,0,0,fused_streaming,circular,persistent,1,1
13124,243250,247166,16,0,0,fused_streaming,circular,persistent,1,1
13125,238834,242708,16,0,0,fused_streaming,circular,persistent,1,1
13126,248500,252375,16,0,0,fused_streaming,circular,persistent,1,1
13127,249292,253208,16,0,0,fused_streaming,circular,persistent,1,1
13128,243500,247375,16,0,0,fused_streaming,circular,persistent,1,1
13129,238792,242833,16,0,0,fused_streaming,circular,persistent,1,1
13130,243167,247084,16,0,0,fused_streaming,circular,persistent,1,1
13131,237208,241125,16,0,0,fused_streaming,circular,persistent,1,1
13132,225667,229500,16,0,0,fused_streaming,circular,persistent,1,1
13133,234333,238292,16,0,0,fused_streaming,circular,persistent,1,1
13134,230875,234791,16,0,0,fused_streaming,circular,persistent,1,1
13135,211875,215792,16,0,0,fused_streaming,circular,persistent,1,1
13136,223125,227000,16,0,0,fused_streaming,circular,persistent,1,1
13137,230041,233917,16,0,0,fused_streaming,circular,persistent,1,1
13138,237417,241291,16,0,0,fused_streaming,circular,persistent,1,1
13139,233250,237167,16,0,0,fused_streaming,circular,persistent,1,1
13140,244000,247875,16,0,0,fused_streaming,circular,persistent,1,1
13141,244917,248875,16,0,0,fused_streaming,circular,persistent,1,1
13142,306500,310541,16,0,0,fused_streaming,circular,persistent,1,1
13143,251125,255041,16,0,0,fused_streaming,circular,persistent,1,1
13144,239375,243375,16,0,0,fused_streaming,circular,persistent,1,1
13145,237709,241583,16,0,0,fused_streaming,circular,persistent,1,1
13146,284750,288750,16,0,0,fused_streaming,circular,persistent,1,1
13147,237083,240917,16,0,0,fused_streaming,circular,persistent,1,1
13148,226292,230208,16,0,0,fused_streaming,circular,persistent,1,1
13149,229417,233416,16,0,0,fused_streaming,circular,persistent,1,1
13150,225042,228917,16,0,0,fused_streaming,circular,persistent,1,1
13151,226625,230458,16,0,0,fused_streaming,circular,persistent,1,1
13152,225042,228959,16,0,0,fused_streaming,circular,persistent,1,1
13153,229750,233667,16,0,0,fused_streaming,circular,persistent,1,1
13154,230042,234041,16,0,0,fused_streaming,circular,persistent,1,1
13155,240542,244417,16,0,0,fused_streaming,circular,persistent,1,1
13156,242917,246833,16,0,0,fused_streaming,circular,persistent,1,1
13157,243417,247375,16,0,0,fused_streaming,circular,persistent,1,1
13158,248958,253084,16,0,0,fused_streaming,circular,persistent,1,1
13159,241750,245667,16,0,0,fused_streaming,circular,persistent,1,1
13160,233583,237500,16,0,0,fused_streaming,circular,persistent,1,1
13161,240417,244333,16,0,0,fused_streaming,circular,persistent,1,1
13162,240333,244250,16,0,0,fused_streaming,circular,persistent,1,1
13163,231708,235625,16,0,0,fused_streaming,circular,persistent,1,1
13164,227042,230959,16,0,0,fused_streaming,circular,persistent,1,1
13165,229958,233792,16,0,0,fused_streaming,circular,persistent,1,1
13166,227125,231000,16,0,0,fused_streaming,circular,persistent,1,1
13167,220584,224500,16,0,0,fused_streaming,circular,persistent,1,1
13168,232083,235958,16,0,0,fused_streaming,circular,persistent,1,1
13169,233250,237125,16,0,0,fused_streaming,circular,persistent,1,1
13170,233417,237375,16,0,0,fused_streaming,circular,persistent,1,1
13171,237792,241666,16,0,0,fused_streaming,circular,persistent,1,1
13172,242959,246875,16,0,0,fused_streaming,circular,persistent,1,1
13173,250209,254083,16,0,0,fused_streaming,circular,persistent,1,1
13174,252709,256667,16,0,0,fused_streaming,circular,persistent,1,1
13175,237167,241000,16,0,0,fused_streaming,circular,persistent,1,1
13176,237417,241417,16,0,0,fused_streaming,circular,persistent,1,1
13177,241250,245125,16,0,0,fused_streaming,circular,persistent,1,1
13178,239875,243791,16,0,0,fused_streaming,circular,persistent,1,1
13179,230834,234750,16,0,0,fused_streaming,circular,persistent,1,1
13180,233209,237167,16,0,0,fused_streaming,circular,persistent,1,1
13181,226208,230167,16,0,0,fused_streaming,circular,persistent,1,1
13182,232625,236625,16,0,0,fused_streaming,circular,persistent,1,1
13183,225833,229792,16,0,0,fused_streaming,circular,persistent,1,1
13184,234709,238625,16,0,0,fused_streaming,circular,persistent,1,1
13185,223917,227833,16,0,0,fused_streaming,circular,persistent,1,1
13186,237292,241209,16,0,0,fused_streaming,circular,persistent,1,1
13187,237083,241083,16,0,0,fused_streaming,circular,persistent,1,1
13188,245542,249458,16,0,0,fused_streaming,circular,persistent,1,1
13189,251792,255709,16,0,0,fused_streaming,circular,persistent,1,1
13190,250042,253916,16,0,0,fused_streaming,circular,persistent,1,1
13191,239708,243667,16,0,0,fused_streaming,circular,persistent,1,1
13192,239250,243166,16,0,0,fused_streaming,circular,persistent,1,1
13193,237250,241166,16,0,0,fused_streaming,circular,persistent,1,1
13194,231625,235541,16,0,0,fused_streaming,circular,persistent,1,1
13195,282292,286500,16,0,0,fused_streaming,circular,persistent,1,1
13196,226667,230708,16,0,0,fused_streaming,circular,persistent,1,1
13197,229791,233667,16,0,0,fused_streaming,circular,persistent,1,1
13198,222500,226500,16,0,0,fused_streaming,circular,persistent,1,1
13199,230500,234375,16,0,0,fused_streaming,circular,persistent,1,1
13200,268250,272334,16,0,0,fused_streaming,circular,persistent,1,1
13201,228291,232209,16,0,0,fused_streaming,circular,persistent,1,1
13202,235875,239792,16,0,0,fused_streaming,circular,persistent,1,1
13203,241083,245000,16,0,0,fused_streaming,circular,persistent,1,1
13204,243667,247625,16,0,0,fused_streaming,circular,persistent,1,1
13205,246917,250833,16,0,0,fused_streaming,circular,persistent,1,1
13206,245166,249167,16,0,0,fused_streaming,circular,persistent,1,1
13207,232166,236000,16,0,0,fused_streaming,circular,persistent,1,1
13208,240709,244583,16,0,0,fused_streaming,circular,persistent,1,1
13209,241416,245292,16,0,0,fused_streaming,circular,persistent,1,1
13210,232334,236166,16,0,0,fused_streaming,circular,persistent,1,1
13211,233084,237042,16,0,0,fused_streaming,circular,persistent,1,1
13212,230500,234334,16,0,0,fused_streaming,circular,persistent,1,1
13213,232458,236292,16,0,0,fused_streaming,circular,persistent,1,1
13214,221625,225709,16,0,0,fused_streaming,circular,persistent,1,1
13215,228417,232334,16,0,0,fused_streaming,circular,persistent,1,1
13216,224459,228250,16,0,0,fused_streaming,circular,persistent,1,1
13217,234625,238542,16,0,0,fused_streaming,circular,persistent,1,1
13218,236833,240708,16,0,0,fused_streaming,circular,persistent,1,1
13219,242458,246375,16,0,0,fused_streaming,circular,persistent,1,1
13220,249125,253000,16,0,0,fused_streaming,circular,persistent,1,1
13221,252000,255833,16,0,0,fused_streaming,circular,persistent,1,1
13222,237875,241709,16,0,0,fused_streaming,circular,persistent,1,1
13223,233250,237209,16,0,0,fused_streaming,circular,persistent,1,1
13224,243291,247208,16,0,0,fused_streaming,circular,persistent,1,1
13225,235500,239375,16,0,0,fused_streaming,circular,persistent,1,1
13226,226500,230458,16,0,0,fused_streaming,circular,persistent,1,1
13227,229500,233334,16,0,0,fused_streaming,circular,persistent,1,1
13228,224500,228458,16,0,0,fused_streaming,circular,persistent,1,1
13229,218167,222167,16,0,0,fused_streaming,circular,persistent,1,1
13230,231167,235042,16,0,0,fused_streaming,circular,persistent,1,1
13231,265292,269333,16,0,0,fused_streaming,circular,persistent,1,1
13232,225834,229666,16,0,0,fused_streaming,circular,persistent,1,1
13233,234750,238541,16,0,0,fused_streaming,circular,persistent,1,1
13234,242208,246042,16,0,0,fused_streaming,circular,persistent,1,1
13235,243792,247708,16,0,0,fused_streaming,circular,persistent,1,1
13236,250959,254833,16,0,0,fused_streaming,circular,persistent,1,1
13237,241958,246000,16,0,0,fused_streaming,circular,persistent,1,1
13238,230125,234000,16,0,0,fused_streaming,circular,persistent,1,1
13239,235333,239250,16,0,0,fused_streaming,circular,persistent,1,1
13240,241750,245750,16,0,0,fused_streaming,circular,persistent,1,1
13241,229166,233042,16,0,0,fused_streaming,circular,persistent,1,1
13242,232416,236208,16,0,0,fused_streaming,circular,persistent,1,1
13243,224583,228458,16,0,0,fused_streaming,circular,persistent,1,1
13244,227333,231250,16,0,0,fused_streaming,circular,persistent,1,1
13245,225875,229750,16,0,0,fused_streaming,circular,persistent,1,1
13246,228667,232500,16,0,0,fused_streaming,circular,persistent,1,1
13247,232250,236084,16,0,0,fused_streaming,circular,persistent,1,1
13248,234459,238292,16,0,0,fused_streaming,circular,persistent,1,1
13249,286125,290208,16,0,0,fused_streaming,circular,persistent,1,1
13250,239000,242792,16,0,0,fused_streaming,circular,persistent,1,1
13251,243667,247583,16,0,0,fused_streaming,circular,persistent,1,1
13252,248208,252125,16,0,0,fused_streaming,circular,persistent,1,1
13253,240291,244209,16,0,0,fused_streaming,circular,persistent,1,1
13254,235292,239125,16,0,0,fused_streaming,circular,persistent,1,1
13255,282709,286750,16,0,0,fused_streaming,circular,persistent,1,1
13256,232875,236750,16,0,0,fused_streaming,circular,persistent,1,1
13257,232458,236292,16,0,0,fused_streaming,circular,persistent,1,1
13258,232500,236333,16,0,0,fused_streaming,circular,persistent,1,1
13259,223041,226958,16,0,0,fused_streaming,circular,persistent,1,1
13260,217166,221167,16,0,0,fused_streaming,circular,persistent,1,1
13261,231458,235291,16,0,0,fused_streaming,circular,persistent,1,1
13262,227791,231667,16,0,0,fused_streaming,circular,persistent,1,1
13263,229625,233542,16,0,0,fused_streaming,circular,persistent,1,1
13264,237375,241250,16,0,0,fused_streaming,circular,persistent,1,1
13265,241250,245083,16,0,0,fused_streaming,circular,persistent,1,1
13266,247708,251584,16,0,0,fused_streaming,circular,persistent,1,1
13267,252500,256334,16,0,0,fused_streaming,circular,persistent,1,1
13268,242167,246125,16,0,0,fused_streaming,circular,persistent,1,1
13269,236500,240334,16,0,0,fused_streaming,circular,persistent,1,1
13270,239209,243083,16,0,0,fused_streaming,circular,persistent,1,1
13271,239875,243750,16,0,0,fused_streaming,circular,persistent,1,1
13272,232625,236500,16,0,0,fused_streaming,circular,persistent,1,1
13273,233583,237459,16,0,0,fused_streaming,circular,persistent,1,1
13274,225541,229417,16,0,0,fused_streaming,circular,persistent,1,1
13275,224541,228417,16,0,0,fused_streaming,circular,persistent,1,1
13276,228708,232667,16,0,0,fused_streaming,circular,persistent,1,1
13277,223333,227292,16,0,0,fused_streaming,circular,persistent,1,1
13278,234000,238000,16,0,0,fused_streaming,circular,persistent,1,1
13279,236209,240083,16,0,0,fused_streaming,circular,persistent,1,1
13280,279125,283083,16,0,0,fused_streaming,circular,persistent,1,1
13281,239666,243583,16,0,0,fused_streaming,circular,persistent,1,1
13282,250167,254083,16,0,0,fused_streaming,circular,persistent,1,1
13283,248209,252250,16,0,0,fused_streaming,circular,persistent,1,1
13284,241083,245083,16,0,0,fused_streaming,circular,persistent,1,1
13285,235375,239250,16,0,0,fused_streaming,circular,persistent,1,1
13286,282750,286833,16,0,0,fused_streaming,circular,persistent,1,1
13287,233458,237416,16,0,0,fused_streaming,circular,persistent,1,1
13288,230333,234250,16,0,0,fused_streaming,circular,persistent,1,1
13289,226833,230792,16,0,0,fused_streaming,circular,persistent,1,1
13290,218667,222625,16,0,0,fused_streaming,circular,persistent,1,1
13291,253542,257666,16,0,0,fused_streaming,circular,persistent,1,1
13292,229084,232958,16,0,0,fused_streaming,circular,persistent,1,1
13293,227792,231666,16,0,0,fused_streaming,circular,persistent,1,1
13294,234459,238292,16,0,0,fused_streaming,circular,persistent,1,1
13295,227667,231500,16,0,0,fused_streaming,circular,persistent,1,1
13296,242209,246125,16,0,0,fused_streaming,circular,persistent,1,1
13297,240667,244584,16,0,0,fused_streaming,circular,persistent,1,1
13298,248083,252084,16,0,0,fused_streaming,circular,persistent,1,1
13299,246667,250541,16,0,0,fused_streaming,circular,persistent,1,1
13300,241166,245250,16,0,0,fused_streaming,circular,persistent,1,1
13301,234625,238500,16,0,0,fused_streaming,circular,persistent,1,1
13302,242500,246459,16,0,0,fused_streaming,circular,persistent,1,1
13303,232208,236083,16,0,0,fused_streaming,circular,persistent,1,1
13304,231084,234958,16,0,0,fused_streaming,circular,persistent,1,1
13305,230125,234042,16,0,0,fused_streaming,circular,persistent,1,1
13306,213917,217833,16,0,0,fused_streaming,circular,persistent,1,1
13307,230291,234334,16,0,0,fused_streaming,circular,persistent,1,1
13308,219666,223500,16,0,0,fused_streaming,circular,persistent,1,1
13309,228000,231875,16,0,0,fused_streaming,circular,persistent,1,1
13310,228916,233208,16,0,0,fused_streaming,circular,persistent,1,1
13311,231500,235667,16,0,0,fused_streaming,circular,persistent,1,1
13312,240500,244458,16,0,0,fused_streaming,circular,persistent,1,1
13313,238083,242000,16,0,0,fused_streaming,circular,persistent,1,1
13314,244875,248833,16,0,0,fused_streaming,circular,persistent,1,1
13315,245792,249709,16,0,0,fused_streaming,circular,persistent,1,1
13316,233584,237500,16,0,0,fused_streaming,circular,persistent,1,1
13317,240584,244459,16,0,0,fused_streaming,circular,persistent,1,1
13318,240834,244750,16,0,0,fused_streaming,circular,persistent,1,1
13319,225250,229167,16,0,0,fused_streaming,circular,persistent,1,1
13320,273084,277500,16,0,0,fused_streaming,circular,persistent,1,1
13321,246875,250709,16,0,0,fused_streaming,circular,persistent,1,1
13322,276542,280583,16,0,0,fused_streaming,circular,persistent,1,1
13323,231584,235458,16,0,0,fused_streaming,circular,persistent,1,1
13324,232042,235958,16,0,0,fused_streaming,circular,persistent,1,1
13325,224959,228833,16,0,0,fused_streaming,circular,persistent,1,1
13326,232917,236791,16,0,0,fused_streaming,circular,persistent,1,1
13327,220583,224417,16,0,0,fused_streaming,circular,persistent,1,1
13328,233167,237084,16,0,0,fused_streaming,circular,persistent,1,1
13329,227292,231125,16,0,0,fused_streaming,circular,persistent,1,1
13330,240625,244500,16,0,0,fused_streaming,circular,persistent,1,1
13331,241125,245084,16,0,0,fused_streaming,circular,persistent,1,1
13332,236916,240750,16,0,0,fused_streaming,circular,persistent,1,1
13333,248958,252792,16,0,0,fused_streaming,circular,persistent,1,1
13334,245375,249250,16,0,0,fused_streaming,circular,persistent,1,1
13335,233167,237041,16,0,0,fused_streaming,circular,persistent,1,1
13336,240334,244250,16,0,0,fused_streaming,circular,persistent,1,1
13337,243709,247666,16,0,0,fused_streaming,circular,persistent,1,1
13338,247750,251666,16,0,0,fused_streaming,circular,persistent,1,1
13339,242375,246375,16,0,0,fused_streaming,circular,persistent,1,1
13340,242625,246541,16,0,0,fused_streaming,circular,persistent,1,1
13341,242292,246166,16,0,0,fused_streaming,circular,persistent,1,1
13342,238042,241916,16,0,0,fused_streaming,circular,persistent,1,1
13343,230375,234583,16,0,0,fused_streaming,circular,persistent,1,1
13344,229541,233417,16,0,0,fused_streaming,circular,persistent,1,1
13345,227875,231875,16,0,0,fused_streaming,circular,persistent,1,1
13346,232750,236667,16,0,0,fused_streaming,circular,persistent,1,1
13347,221458,225292,16,0,0,fused_streaming,circular,persistent,1,1
13348,232875,236750,16,0,0,fused_streaming,circular,persistent,1,1
13349,242083,250541,16,0,0,fused_streaming,circular,persistent,1,1
13350,243958,247917,16,0,0,fused_streaming,circular,persistent,1,1
13351,244083,248250,16,0,0,fused_streaming,circular,persistent,1,1
13352,246042,249958,16,0,0,fused_streaming,circular,persistent,1,1
13353,236333,240250,16,0,0,fused_streaming,circular,persistent,1,1
13354,235542,239459,16,0,0,fused_streaming,circular,persistent,1,1
13355,238125,242083,16,0,0,fused_streaming,circular,persistent,1,1
13356,237125,241000,16,0,0,fused_streaming,circular,persistent,1,1
13357,238708,242625,16,0,0,fused_streaming,circular,persistent,1,1
13358,247208,251125,16,0,0,fused_streaming,circular,persistent,1,1
13359,246875,250750,16,0,0,fused_streaming,circular,persistent,1,1
13360,233833,237750,16,0,0,fused_streaming,circular,persistent,1,1
13361,225333,229625,16,0,0,fused_streaming,circular,persistent,1,1
13362,270459,274458,16,0,0,fused_streaming,circular,persistent,1,1
13363,235833,239709,16,0,0,fused_streaming,circular,persistent,1,1
13364,230917,234750,16,0,0,fused_streaming,circular,persistent,1,1
13365,237375,241250,16,0,0,fused_streaming,circular,persistent,1,1
13366,228750,232667,16,0,0,fused_streaming,circular,persistent,1,1
13367,235458,239375,16,0,0,fused_streaming,circular,persistent,1,1
13368,238000,241958,16,0,0,fused_streaming,circular,persistent,1,1
13369,238542,242500,16,0,0,fused_streaming,circular,persistent,1,1
13370,249125,253000,16,0,0,fused_streaming,circular,persistent,1,1
13371,238041,241833,16,0,0,fused_streaming,circular,persistent,1,1
13372,233458,237375,16,0,0,fused_streaming,circular,persistent,1,1
13373,245875,249834,16,0,0,fused_streaming,circular,persistent,1,1
13374,235917,239834,16,0,0,fused_streaming,circular,persistent,1,1
13375,224500,228583,16,0,0,fused_streaming,circular,persistent,1,1
13376,245417,249292,16,0,0,fused_streaming,circular,persistent,1,1
13377,244625,248500,16,0,0,fused_streaming,circular,persistent,1,1
13378,241583,245500,16,0,0,fused_streaming,circular,persistent,1,1
13379,231916,235791,16,0,0,fused_streaming,circular,persistent,1,1
13380,230417,234334,16,0,0,fused_streaming,circular,persistent,1,1
13381,228750,232625,16,0,0,fused_streaming,circular,persistent,1,1
13382,233459,237292,16,0,0,fused_streaming,circular,persistent,1,1
13383,232667,236542,16,0,0,fused_streaming,circular,persistent,1,1
13384,275666,279958,16,0,0,fused_streaming,circular,persistent,1,1
13385,236000,239875,16,0,0,fused_streaming,circular,persistent,1,1
13386,241167,245167,16,0,0,fused_streaming,circular,persistent,1,1
13387,237250,241083,16,0,0,fused_streaming,circular,persistent,1,1
13388,243750,247625,16,0,0,fused_streaming,circular,persistent,1,1
13389,246625,250583,16,0,0,fused_streaming,circular,persistent,1,1
13390,240708,244500,16,0,0,fused_streaming,circular,persistent,1,1
13391,236583,240375,16,0,0,fused_streaming,circular,persistent,1,1
13392,246166,250042,16,0,0,fused_streaming,circular,persistent,1,1
13393,237542,241417,16,0,0,fused_streaming,circular,persistent,1,1
13394,235042,238958,16,0,0,fused_streaming,circular,persistent,1,1
13395,242583,246459,16,0,0,fused_streaming,circular,persistent,1,1
13396,244959,248792,16,0,0,fused_streaming,circular,persistent,1,1
13397,232417,236291,16,0,0,fused_streaming,circular,persistent,1,1
13398,224791,228708,16,0,0,fused_streaming,circular,persistent,1,1
13399,232083,236042,16,0,0,fused_streaming,circular,persistent,1,1
13400,229959,233875,16,0,0,fused_streaming,circular,persistent,1,1
13401,269125,273500,16,0,0,fused_streaming,circular,persistent,1,1
13402,235625,239542,16,0,0,fused_streaming,circular,persistent,1,1
13403,225333,229250,16,0,0,fused_streaming,circular,persistent,1,1
13404,231458,235333,16,0,0,fused_streaming,circular,persistent,1,1
13405,244750,248625,16,0,0,fused_streaming,circular,persistent,1,1
13406,241292,245250,16,0,0,fused_streaming,circular,persistent,1,1
13407,246917,250792,16,0,0,fused_streaming,circular,persistent,1,1
13408,247917,251833,16,0,0,fused_streaming,circular,persistent,1,1
13409,238666,242708,16,0,0,fused_streaming,circular,persistent,1,1
13410,235542,239458,16,0,0,fused_streaming,circular,persistent,1,1
13411,241542,245375,16,0,0,fused_streaming,circular,persistent,1,1
13412,233292,237167,16,0,0,fused_streaming,circular,persistent,1,1
13413,238500,242375,16,0,0,fused_streaming,circular,persistent,1,1
13414,242833,246750,16,0,0,fused_streaming,circular,persistent,1,1
13415,246458,250291,16,0,0,fused_streaming,circular,persistent,1,1
13416,274500,278750,16,0,0,fused_streaming,circular,persistent,1,1
13417,226041,229875,16,0,0,fused_streaming,circular,persistent,1,1
13418,234292,238166,16,0,0,fused_streaming,circular,persistent,1,1
13419,234541,238375,16,0,0,fused_streaming,circular,persistent,1,1
13420,236833,240709,16,0,0,fused_streaming,circular,persistent,1,1
13421,236708,240583,16,0,0,fused_streaming,circular,persistent,1,1
13422,233708,237541,16,0,0,fused_streaming,circular,persistent,1,1
13423,244625,248500,16,0,0,fused_streaming,circular,persistent,1,1
13424,238291,242167,16,0,0,fused_streaming,circular,persistent,1,1
13425,281375,285542,16,0,0,fused_streaming,circular,persistent,1,1
13426,247375,251167,16,0,0,fused_streaming,circular,persistent,1,1
13427,295291,299458,16,0,0,fused_streaming,circular,persistent,1,1
13428,232667,236541,16,0,0,fused_streaming,circular,persistent,1,1
13429,237417,241416,16,0,0,fused_streaming,circular,persistent,1,1
13430,233416,241458,16,0,0,fused_streaming,circular,persistent,1,1
13431,231000,234875,16,0,0,fused_streaming,circular,persistent,1,1
13432,239541,243417,16,0,0,fused_streaming,circular,persistent,1,1
13433,245000,248875,16,0,0,fused_streaming,circular,persistent,1,1
13434,240291,244208,16,0,0,fused_streaming,circular,persistent,1,1
13435,232584,236500,16,0,0,fused_streaming,circular,persistent,1,1
13436,231167,234958,16,0,0,fused_streaming,circular,persistent,1,1
13437,231208,235292,16,0,0,fused_streaming,circular,persistent,1,1
13438,274250,278542,16,0,0,fused_streaming,circular,persistent,1,1
13439,227291,231375,16,0,0,fused_streaming,circular,persistent,1,1
13440,230667,234542,16,0,0,fused_streaming,circular,persistent,1,1
13441,231750,235666,16,0,0,fused_streaming,circular,persistent,1,1
13442,241750,245709,16,0,0,fused_streaming,circular,persistent,1,1
13443,237208,241209,16,0,0,fused_streaming,circular,persistent,1,1
13444,237042,240959,16,0,0,fused_streaming,circular,persistent,1,1
13445,247667,251667,16,0,0,fused_streaming,circular,persistent,1,1
13446,238000,241834,16,0,0,fused_streaming,circular,persistent,1,1
13447,240625,244542,16,0,0,fused_streaming,circular,persistent,1,1
13448,240375,244333,16,0,0,fused_streaming,circular,persistent,1,1
13449,231667,235584,16,0,0,fused_streaming,circular,persistent,1,1
13450,235375,239208,16,0,0,fused_streaming,circular,persistent,1,1
13451,244791,248750,16,0,0,fused_streaming,circular,persistent,1,1
13452,242042,246041,16,0,0,fused_streaming,circular,persistent,1,1
13453,269750,273792,16,0,0,fused_streaming,circular,persistent,1,1
13454,231250,235166,16,0,0,fused_streaming,circular,persistent,1,1
13455,227958,231792,16,0,0,fused_streaming,circular,persistent,1,1
13456,229333,233292,16,0,0,fused_streaming,circular,persistent,1,1
13457,232458,236375,16,0,0,fused_streaming,circular,persistent,1,1
13458,224084,228208,16,0,0,fused_streaming,circular,persistent,1,1
13459,233458,237375,16,0,0,fused_streaming,circular,persistent,1,1
13460,238208,242125,16,0,0,fused_streaming,circular,persistent,1,1
13461,243834,247875,16,0,0,fused_streaming,circular,persistent,1,1
13462,228416,232250,16,0,0,fused_streaming,circular,persistent,1,1
13463,243875,247916,16,0,0,fused_streaming,circular,persistent,1,1
13464,240500,244458,16,0,0,fused_streaming,circular,persistent,1,1
13465,231500,235333,16,0,0,fused_streaming,circular,persistent,1,1
13466,241125,245000,16,0,0,fused_streaming,circular,persistent,1,1
13467,236375,240292,16,0,0,fused_streaming,circular,persistent,1,1
13468,227083,231042,16,0,0,fused_streaming,circular,persistent,1,1
13469,236583,240583,16,0,0,fused_streaming,circular,persistent,1,1
13470,249750,253625,16,0,0,fused_streaming,circular,persistent,1,1
13471,244458,248375,16,0,0,fused_streaming,circular,persistent,1,1
13472,226541,230458,16,0,0,fused_streaming,circular,persistent,1,1
13473,291625,296083,16,0,0,fused_streaming,circular,persistent,1,1
13474,235375,239292,16,0,0,fused_streaming,circular,persistent,1,1
13475,224292,228458,16,0,0,fused_streaming,circular,persistent,1,1
13476,226667,230625,16,0,0,fused_streaming,circular,persistent,1,1
13477,220667,224542,16,0,0,fused_streaming,circular,persistent,1,1
13478,264375,268625,16,0,0,fused_streaming,circular,persistent,1,1
13479,237542,241416,16,0,0,fused_streaming,circular,persistent,1,1
13480,236667,240542,16,0,0,fused_streaming,circular,persistent,1,1
13481,238667,242541,16,0,0,fused_streaming,circular,persistent,1,1
13482,241583,245917,16,0,0,fused_streaming,circular,persistent,1,1
13483,243125,247000,16,0,0,fused_streaming,circular,persistent,1,1
13484,235125,239084,16,0,0,fused_streaming,circular,persistent,1,1
13485,237708,241709,16,0,0,fused_streaming,circular,persistent,1,1
13486,235000,238834,16,0,0,fused_streaming,circular,persistent,1,1
13487,227375,231292,16,0,0,fused_streaming,circular,persistent,1,1
13488,242959,246917,16,0,0,fused_streaming,circular,persistent,1,1
13489,251792,255709,16,0,0,fused_streaming,circular,persistent,1,1
13490,236917,240834,16,0,0,fused_streaming,circular,persistent,1,1
13491,225542,229500,16,0,0,fused_streaming,circular,persistent,1,1
13492,232583,236459,16,0,0,fused_streaming,circular,persistent,1,1
13493,233625,237500,16,0,0,fused_streaming,circular,persistent,1,1
13494,230042,233958,16,0,0,fused_streaming,circular,persistent,1,1
13495,232083,235959,16,0,0,fused_streaming,circular,persistent,1,1
13496,231500,235416,16,0,0,fused_streaming,circular,persistent,1,1
13497,228667,232542,16,0,0,fused_streaming,circular,persistent,1,1
13498,243375,247375,16,0,0,fused_streaming,circular,persistent,1,1
13499,235584,239500,16,0,0,fused_streaming,circular,persistent,1,1
13500,239667,243625,16,0,0,fused_streaming,circular,persistent,1,1
13501,251167,255042,16,0,0,fused_streaming,circular,persistent,1,1
13502,243792,247625,16,0,0,fused_streaming,circular,persistent,1,1
13503,242541,246500,16,0,0,fused_streaming,circular,persistent,1,1
13504,235542,239458,16,0,0,fused_streaming,circular,persistent,1,1
13505,227167,231083,16,0,0,fused_streaming,circular,persistent,1,1
13506,232792,236625,16,0,0,fused_streaming,circular,persistent,1,1
13507,244375,248334,16,0,0,fused_streaming,circular,persistent,1,1
13508,247750,251709,16,0,0,fused_streaming,circular,persistent,1,1
13509,271959,276083,16,0,0,fused_streaming,circular,persistent,1,1
13510,228083,232000,16,0,0,fused_streaming,circular,persistent,1,1
13511,226833,230750,16,0,0,fused_streaming,circular,persistent,1,1
13512,229666,233542,16,0,0,fused_streaming,circular,persistent,1,1
13513,231792,235750,16,0,0,fused_streaming,circular,persistent,1,1
13514,234000,238000,16,0,0,fused_streaming,circular,persistent,1,1
13515,224542,228416,16,0,0,fused_streaming,circular,persistent,1,1
13516,229250,233167,16,0,0,fused_streaming,circular,persistent,1,1
13517,240250,244125,16,0,0,fused_streaming,circular,persistent,1,1
13518,239916,243750,16,0,0,fused_streaming,circular,persistent,1,1
13519,241209,245125,16,0,0,fused_streaming,circular,persistent,1,1
13520,239541,243417,16,0,0,fused_streaming,circular,persistent,1,1
13521,236125,240000,16,0,0,fused_streaming,circular,persistent,1,1
13522,238500,242458,16,0,0,fused_streaming,circular,persistent,1,1
13523,241083,245083,16,0,0,fused_streaming,circular,persistent,1,1
13524,224167,228000,16,0,0,fused_streaming,circular,persistent,1,1
13525,234041,237917,16,0,0,fused_streaming,circular,persistent,1,1
13526,249166,253042,16,0,0,fused_streaming,circular,persistent,1,1
13527,242459,246416,16,0,0,fused_streaming,circular,persistent,1,1
13528,224500,228458,16,0,0,fused_streaming,circular,persistent,1,1
13529,233042,237041,16,0,0,fused_streaming,circular,persistent,1,1
13530,237125,241084,16,0,0,fused_streaming,circular,persistent,1,1
13531,238625,242542,16,0,0,fused_streaming,circular,persistent,1,1
13532,224291,228208,16,0,0,fused_streaming,circular,persistent,1,1
13533,233917,237792,16,0,0,fused_streaming,circular,persistent,1,1
13534,236458,240334,16,0,0,fused_streaming,circular,persistent,1,1
13535,237166,241000,16,0,0,fused_streaming,circular,persistent,1,1
13536,236750,240667,16,0,0,fused_streaming,circular,persistent,1,1
13537,241125,245000,16,0,0,fused_streaming,circular,persistent,1,1
13538,248333,252250,16,0,0,fused_streaming,circular,persistent,1,1
13539,238125,242042,16,0,0,fused_streaming,circular,persistent,1,1
13540,232417,236334,16,0,0,fused_streaming,circular,persistent,1,1
13541,241750,245666,16,0,0,fused_streaming,circular,persistent,1,1
13542,212417,216333,16,0,0,fused_streaming,circular,persistent,1,1
13543,233500,237583,16,0,0,fused_streaming,circular,persistent,1,1
13544,240041,243917,16,0,0,fused_streaming,circular,persistent,1,1
13545,246000,249917,16,0,0,fused_streaming,circular,persistent,1,1
13546,240500,244375,16,0,0,fused_streaming,circular,persistent,1,1
13547,223958,227792,16,0,0,fused_streaming,circular,persistent,1,1
13548,226458,230375,16,0,0,fused_streaming,circular,persistent,1,1
13549,232459,236333,16,0,0,fused_streaming,circular,persistent,1,1
13550,232583,236459,16,0,0,fused_streaming,circular,persistent,1,1
13551,234959,238875,16,0,0,fused_streaming,circular,persistent,1,1
13552,264083,268167,16,0,0,fused_streaming,circular,persistent,1,1
13553,231959,235875,16,0,0,fused_streaming,circular,persistent,1,1
13554,240042,243875,16,0,0,fused_streaming,circular,persistent,1,1
13555,238625,242500,16,0,0,fused_streaming,circular,persistent,1,1
13556,236667,240542,16,0,0,fused_streaming,circular,persistent,1,1
13557,248209,252208,16,0,0,fused_streaming,circular,persistent,1,1
13558,229167,233042,16,0,0,fused_streaming,circular,persistent,1,1
13559,233958,237834,16,0,0,fused_streaming,circular,persistent,1,1
13560,242417,246250,16,0,0,fused_streaming,circular,persistent,1,1
13561,235375,239416,16,0,0,fused_streaming,circular,persistent,1,1
13562,236750,240625,16,0,0,fused_streaming,circular,persistent,1,1
13563,242000,245958,16,0,0,fused_streaming,circular,persistent,1,1
13564,244625,248458,16,0,0,fused_streaming,circular,persistent,1,1
13565,233375,237250,16,0,0,fused_streaming,circular,persistent,1,1
13566,230834,234750,16,0,0,fused_streaming,circular,persistent,1,1
13567,236458,240417,16,0,0,fused_streaming,circular,persistent,1,1
13568,235500,239375,16,0,0,fused_streaming,circular,persistent,1,1
13569,223042,226833,16,0,0,fused_streaming,circular,persistent,1,1
13570,230000,234166,16,0,0,fused_streaming,circular,persistent,1,1
13571,230584,234458,16,0,0,fused_streaming,circular,persistent,1,1
13572,241958,245917,16,0,0,fused_streaming,circular,persistent,1,1
13573,234917,238792,16,0,0,fused_streaming,circular,persistent,1,1
13574,276666,280667,16,0,0,fused_streaming,circular,persistent,1,1
13575,244042,248000,16,0,0,fused_streaming,circular,persistent,1,1
13576,284333,288375,16,0,0,fused_streaming,circular,persistent,1,1
13577,231875,235750,16,0,0,fused_streaming,circular,persistent,1,1
13578,236666,240500,16,0,0,fused_streaming,circular,persistent,1,1
13579,236875,240791,16,0,0,fused_streaming,circular,persistent,1,1
13580,227834,231666,16,0,0,fused_streaming,circular,persistent,1,1
13581,241417,245375,16,0,0,fused_streaming,circular,persistent,1,1
13582,241333,245208,16,0,0,fused_streaming,circular,persistent,1,1
13583,238125,242042,16,0,0,fused_streaming,circular,persistent,1,1
13584,230875,234750,16,0,0,fused_streaming,circular,persistent,1,1
13585,232000,235833,16,0,0,fused_streaming,circular,persistent,1,1
13586,228167,232042,16,0,0,fused_streaming,circular,persistent,1,1
13587,233375,237292,16,0,0,fused_streaming,circular,persistent,1,1
13588,229667,233666,16,0,0,fused_streaming,circular,persistent,1,1
13589,231375,235250,16,0,0,fused_streaming,circular,persistent,1,1
13590,238750,242667,16,0,0,fused_streaming,circular,persistent,1,1
13591,233208,237041,16,0,0,fused_streaming,circular,persistent,1,1
13592,234584,238417,16,0,0,fused_streaming,circular,persistent,1,1
13593,237917,241834,16,0,0,fused_streaming,circular,persistent,1,1
13594,245708,254250,16,0,0,fused_streaming,circular,persistent,1,1
13595,244333,248208,16,0,0,fused_streaming,circular,persistent,1,1
13596,232667,236625,16,0,0,fused_streaming,circular,persistent,1,1
13597,233917,237833,16,0,0,fused_streaming,circular,persistent,1,1
13598,274709,278750,16,0,0,fused_streaming,circular,persistent,1,1
13599,239000,242875,16,0,0,fused_streaming,circular,persistent,1,1
13600,230500,234333,16,0,0,fused_streaming,circular,persistent,1,1
13601,227750,231708,16,0,0,fused_streaming,circular,persistent,1,1
13602,234542,238375,16,0,0,fused_streaming,circular,persistent,1,1
13603,233292,237125,16,0,0,fused_streaming,circular,persistent,1,1
13604,237375,241167,16,0,0,fused_streaming,circular,persistent,1,1
13605,259458,263625,16,0,0,fused_streaming,circular,persistent,1,1
13606,213583,217500,16,0,0,fused_streaming,circular,persistent,1,1
13607,221542,225417,16,0,0,fused_streaming,circular,persistent,1,1
13608,228792,232750,16,0,0,fused_streaming,circular,persistent,1,1
13609,232417,236250,16,0,0,fused_streaming,circular,persistent,1,1
13610,228208,232084,16,0,0,fused_streaming,circular,persistent,1,1
13611,232167,236125,16,0,0,fused_streaming,circular,persistent,1,1
13612,244625,248500,16,0,0,fused_streaming,circular,persistent,1,1
13613,237708,241709,16,0,0,fused_streaming,circular,persistent,1,1
13614,231583,235458,16,0,0,fused_streaming,circular,persistent,1,1
13615,228125,232167,16,0,0,fused_streaming,circular,persistent,1,1
13616,233500,237417,16,0,0,fused_streaming,circular,persistent,1,1
13617,228916,238416,16,0,0,fused_streaming,circular,persistent,1,1
13618,231875,235750,16,0,0,fused_streaming,circular,persistent,1,1
13619,225875,229708,16,0,0,fused_streaming,circular,persistent,1,1
13620,228166,232083,16,0,0,fused_streaming,circular,persistent,1,1
13621,209000,212917,16,0,0,fused_streaming,circular,persistent,1,1
13622,222459,226375,16,0,0,fused_streaming,circular,persistent,1,1
13623,221208,225375,16,0,0,fused_streaming,circular,persistent,1,1
13624,219916,223833,16,0,0,fused_streaming,circular,persistent,1,1
13625,264792,268875,16,0,0,fused_streaming,circular,persistent,1,1
13626,209875,213792,16,0,0,fused_streaming,circular,persistent,1,1
13627,219958,223834,16,0,0,fused_streaming,circular,persistent,1,1
13628,260792,264875,16,0,0,fused_streaming,circular,persistent,1,1
13629,222750,226666,16,0,0,fused_streaming,circular,persistent,1,1
13630,229916,233792,16,0,0,fused_streaming,circular,persistent,1,1
13631,237167,241042,16,0,0,fused_streaming,circular,persistent,1,1
13632,231542,235375,16,0,0,fused_streaming,circular,persistent,1,1
13633,266625,270625,16,0,0,fused_streaming,circular,persistent,1,1
13634,220667,224500,16,0,0,fused_streaming,circular,persistent,1,1
13635,214958,219250,16,0,0,fused_streaming,circular,persistent,1,1
13636,221625,225542,16,0,0,fused_streaming,circular,persistent,1,1
13637,221083,225291,16,0,0,fused_streaming,circular,persistent,1,1
13638,217208,221125,16,0,0,fused_streaming,circular,persistent,1,1
13639,216917,220875,16,0,0,fused_streaming,circular,persistent,1,1
13640,215625,219542,16,0,0,fused_streaming,circular,persistent,1,1
13641,211709,215583,16,0,0,fused_streaming,circular,persistent,1,1
13642,221541,225583,16,0,0,fused_streaming,circular,persistent,1,1
13643,209500,213417,16,0,0,fused_streaming,circular,persistent,1,1
13644,219625,223542,16,0,0,fused_streaming,circular,persistent,1,1
13645,211375,215291,16,0,0,fused_streaming,circular,persistent,1,1
13646,217375,221291,16,0,0,fused_streaming,circular,persistent,1,1
13647,224458,228375,16,0,0,fused_streaming,circular,persistent,1,1
13648,216750,220666,16,0,0,fused_streaming,circular,persistent,1,1
13649,212334,216166,16,0,0,fused_streaming,circular,persistent,1,1
13650,218458,222416,16,0,0,fused_streaming,circular,persistent,1,1
13651,219875,223709,16,0,0,fused_streaming,circular,persistent,1,1
13652,219583,223459,16,0,0,fused_streaming,circular,persistent,1,1
13653,223000,227083,16,0,0,fused_streaming,circular,persistent,1,1
13654,220167,224083,16,0,0,fused_streaming,circular,persistent,1,1
13655,219083,222959,16,0,0,fused_streaming,circular,persistent,1,1
13656,216166,220042,16,0,0,fused_streaming,circular,persistent,1,1
13657,221542,225416,16,0,0,fused_streaming,circular,persistent,1,1
13658,208208,212084,16,0,0,fused_streaming,circular,persistent,1,1
13659,212375,216334,16,0,0,fused_streaming,circular,persistent,1,1
13660,211250,215250,16,0,0,fused_streaming,circular,persistent,1,1
13661,216166,220042,16,0,0,fused_streaming,circular,persistent,1,1
13662,207250,211125,16,0,0,fused_streaming,circular,persistent,1,1
13663,262416,266417,16,0,0,fused_streaming,circular,persistent,1,1
13664,214166,218083,16,0,0,fused_streaming,circular,persistent,1,1
13665,213250,217459,16,0,0,fused_streaming,circular,persistent,1,1
13666,257250,261375,16,0,0,fused_streaming,circular,persistent,1,1
13667,221333,225250,16,0,0,fused_streaming,circular,persistent,1,1
13668,211084,219084,16,0,0,fused_streaming,circular,persistent,1,1
13669,216541,220417,16,0,0,fused_streaming,circular,persistent,1,1
13670,211958,215917,16,0,0,fused_streaming,circular,persistent,1,1
13671,223125,227000,16,0,0,fused_streaming,circular,persistent,1,1
13672,213708,217666,16,0,0,fused_streaming,circular,persistent,1,1
13673,216667,220667,16,0,0,fused_streaming,circular,persistent,1,1
13674,210500,214459,16,0,0,fused_streaming,circular,persistent,1,1
13675,217084,220916,16,0,0,fused_streaming,circular,persistent,1,1
13676,211292,215292,16,0,0,fused_streaming,circular,persistent,1,1
13677,218583,222500,16,0,0,fused_streaming,circular,persistent,1,1
13678,208541,212500,16,0,0,fused_streaming,circular,persistent,1,1
13679,220125,224125,16,0,0,fused_streaming,circular,persistent,1,1
13680,216459,220417,16,0,0,fused_streaming,circular,persistent,1,1
13681,212959,216833,16,0,0,fused_streaming,circular,persistent,1,1
13682,261166,265250,16,0,0,fused_streaming,circular,persistent,1,1
13683,215250,219125,16,0,0,fused_streaming,circular,persistent,1,1
13684,211292,215250,16,0,0,fused_streaming,circular,persistent,1,1
13685,264250,268375,16,0,0,fused_streaming,circular,persistent,1,1
13686,211250,215125,16,0,0,fused_streaming,circular,persistent,1,1
13687,220625,224500,16,0,0,fused_streaming,circular,persistent,1,1
13688,260083,264250,16,0,0,fused_streaming,circular,persistent,1,1
13689,221958,225875,16,0,0,fused_streaming,circular,persistent,1,1
13690,215334,219208,16,0,0,fused_streaming,circular,persistent,1,1
13691,210958,214875,16,0,0,fused_streaming,circular,persistent,1,1
13692,217833,221708,16,0,0,fused_streaming,circular,persistent,1,1
13693,220000,223875,16,0,0,fused_streaming,circular,persistent,1,1
13694,212041,215875,16,0,0,fused_streaming,circular,persistent,1,1
13695,207250,211500,16,0,0,fused_streaming,circular,persistent,1,1
13696,218625,222500,16,0,0,fused_streaming,circular,persistent,1,1
13697,213917,217875,16,0,0,fused_streaming,circular,persistent,1,1
13698,218375,222208,16,0,0,fused_streaming,circular,persistent,1,1
13699,204458,208375,16,0,0,fused_streaming,circular,persistent,1,1
13700,204167,208083,16,0,0,fused_streaming,circular,persistent,1,1
13701,248916,253042,16,0,0,fused_streaming,circular,persistent,1,1
13702,218250,222166,16,0,0,fused_streaming,circular,persistent,1,1
13703,218708,222625,16,0,0,fused_streaming,circular,persistent,1,1
13704,267333,271459,16,0,0,fused_streaming,circular,persistent,1,1
13705,216458,220375,16,0,0,fused_streaming,circular,persistent,1,1
13706,226416,230292,16,0,0,fused_streaming,circular,persistent,1,1
13707,209041,213000,16,0,0,fused_streaming,circular,persistent,1,1
13708,209708,213625,16,0,0,fused_streaming,circular,persistent,1,1
13709,216917,220750,16,0,0,fused_streaming,circular,persistent,1,1
13710,247917,251958,16,0,0,fused_streaming,circular,persistent,1,1
13711,202291,206208,16,0,0,fused_streaming,circular,persistent,1,1
13712,219584,223584,16,0,0,fused_streaming,circular,persistent,1,1
13713,212958,216833,16,0,0,fused_streaming,circular,persistent,1,1
13714,214792,218667,16,0,0,fused_streaming,circular,persistent,1,1
13715,205291,209208,16,0,0,fused_streaming,circular,persistent,1,1
13716,222000,225833,16,0,0,fused_streaming,circular,persistent,1,1
13717,216500,220500,16,0,0,fused_streaming,circular,persistent,1,1
13718,209500,213333,16,0,0,fused_streaming,circular,persistent,1,1
13719,208584,212500,16,0,0,fused_streaming,circular,persistent,1,1
13720,216959,220791,16,0,0,fused_streaming,circular,persistent,1,1
13721,229042,232875,16,0,0,fused_streaming,circular,persistent,1,1
13722,229292,233167,16,0,0,fused_streaming,circular,persistent,1,1
13723,220542,224500,16,0,0,fused_streaming,circular,persistent,1,1
13724,223667,227584,16,0,0,fused_streaming,circular,persistent,1,1
13725,222167,226209,16,0,0,fused_streaming,circular,persistent,1,1
13726,225917,229792,16,0,0,fused_streaming,circular,persistent,1,1
13727,218750,222625,16,0,0,fused_streaming,circular,persistent,1,1
13728,214000,218000,16,0,0,fused_streaming,circular,persistent,1,1
13729,216583,220416,16,0,0,fused_streaming,circular,persistent,1,1
13730,214584,218459,16,0,0,fused_streaming,circular,persistent,1,1
13731,218417,222375,16,0,0,fused_streaming,circular,persistent,1,1
13732,209708,213792,16,0,0,fused_streaming,circular,persistent,1,1
13733,219792,223667,16,0,0,fused_streaming,circular,persistent,1,1
13734,210292,214166,16,0,0,fused_streaming,circular,persistent,1,1
13735,219000,222833,16,0,0,fused_streaming,circular,persistent,1,1
13736,210209,214084,16,0,0,fused_streaming,circular,persistent,1,1
13737,218375,222542,16,0,0,fused_streaming,circular,persistent,1,1
13738,221083,224917,16,0,0,fused_streaming,circular,persistent,1,1
13739,224792,228666,16,0,0,fused_streaming,circular,persistent,1,1
13740,222291,226250,16,0,0,fused_streaming,circular,persistent,1,1
13741,220625,224500,16,0,0,fused_streaming,circular,persistent,1,1
13742,211125,214917,16,0,0,fused_streaming,circular,persistent,1,1
13743,219917,223833,16,0,0,fused_streaming,circular,persistent,1,1
13744,223584,227500,16,0,0,fused_streaming,circular,persistent,1,1
13745,219000,222875,16,0,0,fused_streaming,circular,persistent,1,1
13746,217208,221083,16,0,0,fused_streaming,circular,persistent,1,1
13747,212500,216375,16,0,0,fused_streaming,circular,persistent,1,1
13748,219917,223834,16,0,0,fused_streaming,circular,persistent,1,1
13749,219708,223625,16,0,0,fused_streaming,circular,persistent,1,1
13750,210917,214792,16,0,0,fused_streaming,circular,persistent,1,1
13751,220958,224833,16,0,0,fused_streaming,circular,persistent,1,1
13752,216750,220584,16,0,0,fused_streaming,circular,persistent,1,1
13753,222500,226292,16,0,0,fused_streaming,circular,persistent,1,1
13754,217083,220959,16,0,0,fused_streaming,circular,persistent,1,1
13755,219791,223666,16,0,0,fused_streaming,circular,persistent,1,1
13756,217958,221792,16,0,0,fused_streaming,circular,persistent,1,1
13757,211708,215792,16,0,0,fused_streaming,circular,persistent,1,1
13758,223291,227208,16,0,0,fused_streaming,circular,persistent,1,1
13759,216500,220542,16,0,0,fused_streaming,circular,persistent,1,1
13760,256916,260917,16,0,0,fused_streaming,circular,persistent,1,1
13761,216041,219875,16,0,0,fused_streaming,circular,persistent,1,1
13762,221583,225500,16,0,0,fused_streaming,circular,persistent,1,1
13763,223375,227167,16,0,0,fused_streaming,circular,persistent,1,1
13764,217458,221292,16,0,0,fused_streaming,circular,persistent,1,1
13765,221541,225375,16,0,0,fused_streaming,circular,persistent,1,1
13766,222792,226666,16,0,0,fused_streaming,circular,persistent,1,1
13767,213875,217708,16,0,0,fused_streaming,circular,persistent,1,1
13768,221792,225625,16,0,0,fused_streaming,circular,persistent,1,1
13769,218041,222042,16,0,0,fused_streaming,circular,persistent,1,1
13770,218208,222000,16,0,0,fused_streaming,circular,persistent,1,1
13771,221334,225208,16,0,0,fused_streaming,circular,persistent,1,1
13772,215708,219625,16,0,0,fused_streaming,circular,persistent,1,1
13773,211625,215500,16,0,0,fused_streaming,circular,persistent,1,1
13774,216125,219959,16,0,0,fused_streaming,circular,persistent,1,1
13775,218458,222583,16,0,0,fused_streaming,circular,persistent,1,1
13776,217750,221583,16,0,0,fused_streaming,circular,persistent,1,1
13777,218041,221875,16,0,0,fused_streaming,circular,persistent,1,1
13778,223458,227292,16,0,0,fused_streaming,circular,persistent,1,1
13779,225916,229792,16,0,0,fused_streaming,circular,persistent,1,1
13780,232875,236792,16,0,0,fused_streaming,circular,persistent,1,1
13781,221750,225542,16,0,0,fused_streaming,circular,persistent,1,1
13782,214958,218792,16,0,0,fused_streaming,circular,persistent,1,1
13783,225500,229375,16,0,0,fused_streaming,circular,persistent,1,1
13784,222250,226125,16,0,0,fused_streaming,circular,persistent,1,1
13785,249542,253416,16,0,0,fused_streaming,circular,persistent,1,1
13786,260792,264709,16,0,0,fused_streaming,circular,persistent,1,1
13787,257625,261459,16,0,0,fused_streaming,circular,persistent,1,1
13788,256583,260583,16,0,0,fused_streaming,circular,persistent,1,1
13789,256375,260291,16,0,0,fused_streaming,circular,persistent,1,1
13790,243166,247042,16,0,0,fused_streaming,circular,persistent,1,1
13791,235000,238875,16,0,0,fused_streaming,circular,persistent,1,1
13792,229083,232959,16,0,0,fused_streaming,circular,persistent,1,1
13793,242334,246167,16,0,0,fused_streaming,circular,persistent,1,1
13794,239208,243125,16,0,0,fused_streaming,circular,persistent,1,1
13795,238000,241916,16,0,0,fused_streaming,circular,persistent,1,1
13796,241000,245000,16,0,0,fused_streaming,circular,persistent,1,1
13797,241833,245750,16,0,0,fused_streaming,circular,persistent,1,1
13798,257833,261917,16,0,0,fused_streaming,circular,persistent,1,1
13799,257708,261667,16,0,0,fused_streaming,circular,persistent,1,1
13800,258084,261958,16,0,0,fused_streaming,circular,persistent,1,1
13801,254125,258000,16,0,0,fused_streaming,circular,persistent,1,1
13802,255458,259334,16,0,0,fused_streaming,circular,persistent,1,1
13803,251167,255041,16,0,0,fused_streaming,circular,persistent,1,1
13804,234083,238000,16,0,0,fused_streaming,circular,persistent,1,1
13805,233208,237084,16,0,0,fused_streaming,circular,persistent,1,1
13806,237625,241542,16,0,0,fused_streaming,circular,persistent,1,1
13807,238459,242375,16,0,0,fused_streaming,circular,persistent,1,1
13808,241000,244958,16,0,0,fused_streaming,circular,persistent,1,1
13809,224667,228500,16,0,0,fused_streaming,circular,persistent,1,1
13810,231917,235791,16,0,0,fused_streaming,circular,persistent,1,1
13811,249875,253833,16,0,0,fused_streaming,circular,persistent,1,1
13812,303958,308208,16,0,0,fused_streaming,circular,persistent,1,1
13813,264000,267875,16,0,0,fused_streaming,circular,persistent,1,1
13814,260708,264667,16,0,0,fused_streaming,circular,persistent,1,1
13815,251959,255875,16,0,0,fused_streaming,circular,persistent,1,1
13816,251917,256042,16,0,0,fused_streaming,circular,persistent,1,1
13817,244125,248042,16,0,0,fused_streaming,circular,persistent,1,1
13818,236667,240666,16,0,0,fused_streaming,circular,persistent,1,1
13819,239875,243708,16,0,0,fused_streaming,circular,persistent,1,1
13820,239750,243625,16,0,0,fused_streaming,circular,persistent,1,1
13821,232083,235958,16,0,0,fused_streaming,circular,persistent,1,1
13822,241416,245291,16,0,0,fused_streaming,circular,persistent,1,1
13823,241083,245000,16,0,0,fused_streaming,circular,persistent,1,1
13824,246167,250083,16,0,0,fused_streaming,circular,persistent,1,1
13825,253959,257917,16,0,0,fused_streaming,circular,persistent,1,1
13826,254916,258917,16,0,0,fused_streaming,circular,persistent,1,1
13827,258875,262750,16,0,0,fused_streaming,circular,persistent,1,1
13828,255375,259250,16,0,0,fused_streaming,circular,persistent,1,1
13829,243875,247708,16,0,0,fused_streaming,circular,persistent,1,1
13830,254667,258625,16,0,0,fused_streaming,circular,persistent,1,1
13831,247625,251542,16,0,0,fused_streaming,circular,persistent,1,1
13832,227875,231708,16,0,0,fused_streaming,circular,persistent,1,1
13833,233250,237375,16,0,0,fused_streaming,circular,persistent,1,1
13834,239709,243625,16,0,0,fused_streaming,circular,persistent,1,1
13835,237542,241500,16,0,0,fused_streaming,circular,persistent,1,1
13836,239166,243000,16,0,0,fused_streaming,circular,persistent,1,1
13837,227875,231750,16,0,0,fused_streaming,circular,persistent,1,1
13838,244792,249083,16,0,0,fused_streaming,circular,persistent,1,1
13839,249500,253542,16,0,0,fused_streaming,circular,persistent,1,1
13840,256500,260500,16,0,0,fused_streaming,circular,persistent,1,1
13841,257375,261375,16,0,0,fused_streaming,circular,persistent,1,1
13842,257708,261625,16,0,0,fused_streaming,circular,persistent,1,1
13843,258458,262375,16,0,0,fused_streaming,circular,persistent,1,1
13844,257750,261625,16,0,0,fused_streaming,circular,persistent,1,1
13845,243084,247125,16,0,0,fused_streaming,circular,persistent,1,1
13846,236792,240709,16,0,0,fused_streaming,circular,persistent,1,1
13847,223250,227083,16,0,0,fused_streaming,circular,persistent,1,1
13848,274416,278500,16,0,0,fused_streaming,circular,persistent,1,1
13849,234375,238291,16,0,0,fused_streaming,circular,persistent,1,1
13850,230000,233875,16,0,0,fused_streaming,circular,persistent,1,1
13851,240334,244291,16,0,0,fused_streaming,circular,persistent,1,1
13852,253250,257083,16,0,0,fused_streaming,circular,persistent,1,1
13853,251958,255834,16,0,0,fused_streaming,circular,persistent,1,1
13854,260375,264334,16,0,0,fused_streaming,circular,persistent,1,1
13855,262875,266833,16,0,0,fused_streaming,circular,persistent,1,1
13856,253500,257500,16,0,0,fused_streaming,circular,persistent,1,1
13857,246292,250292,16,0,0,fused_streaming,circular,persistent,1,1
13858,248291,252250,16,0,0,fused_streaming,circular,persistent,1,1
13859,245500,249417,16,0,0,fused_streaming,circular,persistent,1,1
13860,241667,245666,16,0,0,fused_streaming,circular,persistent,1,1
13861,229500,233333,16,0,0,fused_streaming,circular,persistent,1,1
13862,240584,244500,16,0,0,fused_streaming,circular,persistent,1,1
13863,237458,241417,16,0,0,fused_streaming,circular,persistent,1,1
13864,241333,245208,16,0,0,fused_streaming,circular,persistent,1,1
13865,250208,254125,16,0,0,fused_streaming,circular,persistent,1,1
13866,251458,255459,16,0,0,fused_streaming,circular,persistent,1,1
13867,245375,249375,16,0,0,fused_streaming,circular,persistent,1,1
13868,259833,263709,16,0,0,fused_streaming,circular,persistent,1,1
13869,303542,307625,16,0,0,fused_streaming,circular,persistent,1,1
13870,252917,256833,16,0,0,fused_streaming,circular,persistent,1,1
13871,244750,248917,16,0,0,fused_streaming,circular,persistent,1,1
13872,248375,252791,16,0,0,fused_streaming,circular,persistent,1,1
13873,240041,243958,16,0,0,fused_streaming,circular,persistent,1,1
13874,234000,238000,16,0,0,fused_streaming,circular,persistent,1,1
13875,239875,243875,16,0,0,fused_streaming,circular,persistent,1,1
13876,236667,240625,16,0,0,fused_streaming,circular,persistent,1,1
13877,236084,239958,16,0,0,fused_streaming,circular,persistent,1,1
13878,248708,252542,16,0,0,fused_streaming,circular,persistent,1,1
13879,252417,256375,16,0,0,fused_streaming,circular,persistent,1,1
13880,249333,253167,16,0,0,fused_streaming,circular,persistent,1,1
13881,252375,256250,16,0,0,fused_streaming,circular,persistent,1,1
13882,254708,258625,16,0,0,fused_streaming,circular,persistent,1,1
13883,263333,267208,16,0,0,fused_streaming,circular,persistent,1,1
13884,250792,254709,16,0,0,fused_streaming,circular,persistent,1,1
13885,242500,246375,16,0,0,fused_streaming,circular,persistent,1,1
13886,286584,290625,16,0,0,fused_streaming,circular,persistent,1,1
13887,245083,249125,16,0,0,fused_streaming,circular,persistent,1,1
13888,274209,278292,16,0,0,fused_streaming,circular,persistent,1,1
13889,234625,238458,16,0,0,fused_streaming,circular,persistent,1,1
13890,239792,243709,16,0,0,fused_streaming,circular,persistent,1,1
13891,244209,248208,16,0,0,fused_streaming,circular,persistent,1,1
13892,249083,252917,16,0,0,fused_streaming,circular,persistent,1,1
13893,251292,255125,16,0,0,fused_streaming,circular,persistent,1,1
13894,293958,297917,16,0,0,fused_streaming,circular,persistent,1,1
13895,254458,258291,16,0,0,fused_streaming,circular,persistent,1,1
13896,261834,265792,16,0,0,fused_streaming,circular,persistent,1,1
13897,256250,260125,16,0,0,fused_streaming,circular,persistent,1,1
13898,254167,258000,16,0,0,fused_streaming,circular,persistent,1,1
13899,241209,245042,16,0,0,fused_streaming,circular,persistent,1,1
13900,245959,249875,16,0,0,fused_streaming,circular,persistent,1,1
13901,245042,248875,16,0,0,fused_streaming,circular,persistent,1,1
13902,236916,240917,16,0,0,fused_streaming,circular,persistent,1,1
13903,221917,225792,16,0,0,fused_streaming,circular,persistent,1,1
13904,233291,237125,16,0,0,fused_streaming,circular,persistent,1,1
13905,241667,245542,16,0,0,fused_streaming,circular,persistent,1,1
13906,250625,254500,16,0,0,fused_streaming,circular,persistent,1,1
13907,252000,255958,16,0,0,fused_streaming,circular,persistent,1,1
13908,250083,253917,16,0,0,fused_streaming,circular,persistent,1,1
13909,255667,259541,16,0,0,fused_streaming,circular,persistent,1,1
13910,260458,264333,16,0,0,fused_streaming,circular,persistent,1,1
13911,259375,267750,16,0,0,fused_streaming,circular,persistent,1,1
13912,253958,257834,16,0,0,fused_streaming,circular,persistent,1,1
13913,247500,251417,16,0,0,fused_streaming,circular,persistent,1,1
13914,252875,256834,16,0,0,fused_streaming,circular,persistent,1,1
13915,240459,244375,16,0,0,fused_streaming,circular,persistent,1,1
13916,238291,242250,16,0,0,fused_streaming,circular,persistent,1,1
13917,240875,244709,16,0,0,fused_streaming,circular,persistent,1,1
13918,240625,244542,16,0,0,fused_streaming,circular,persistent,1,1
13919,247750,251625,16,0,0,fused_streaming,circular,persistent,1,1
13920,253250,257083,16,0,0,fused_streaming,circular,persistent,1,1
13921,248791,252667,16,0,0,fused_streaming,circular,persistent,1,1
13922,251292,255083,16,0,0,fused_streaming,circular,persistent,1,1
13923,246000,249959,16,0,0,fused_streaming,circular,persistent,1,1
13924,306292,310375,16,0,0,fused_streaming,circular,persistent,1,1
13925,262750,266666,16,0,0,fused_streaming,circular,persistent,1,1
13926,253125,257042,16,0,0,fused_streaming,circular,persistent,1,1
13927,248167,252000,16,0,0,fused_streaming,circular,persistent,1,1
13928,254000,257917,16,0,0,fused_streaming,circular,persistent,1,1
13929,246333,250292,16,0,0,fused_streaming,circular,persistent,1,1
13930,240709,244625,16,0,0,fused_streaming,circular,persistent,1,1
13931,240334,244250,16,0,0,fused_streaming,circular,persistent,1,1
13932,248542,252583,16,0,0,fused_streaming,circular,persistent,1,1
13933,250792,254625,16,0,0,fused_streaming,circular,persistent,1,1
13934,247083,251000,16,0,0,fused_streaming,circular,persistent,1,1
13935,245375,249208,16,0,0,fused_streaming,circular,persistent,1,1
13936,246292,250208,16,0,0,fused_streaming,circular,persistent,1,1
13937,293458,297542,16,0,0,fused_streaming,circular,persistent,1,1
13938,257500,261416,16,0,0,fused_streaming,circular,persistent,1,1
13939,263000,266875,16,0,0,fused_streaming,circular,persistent,1,1
13940,255083,258916,16,0,0,fused_streaming,circular,persistent,1,1
13941,247125,251000,16,0,0,fused_streaming,circular,persistent,1,1
13942,251750,255542,16,0,0,fused_streaming,circular,persistent,1,1
13943,238291,242125,16,0,0,fused_streaming,circular,persistent,1,1
13944,229583,233417,16,0,0,fused_streaming,circular,persistent,1,1
13945,244584,248458,16,0,0,fused_streaming,circular,persistent,1,1
13946,250875,254792,16,0,0,fused_streaming,circular,persistent,1,1
13947,251667,255750,16,0,0,fused_streaming,circular,persistent,1,1
13948,249167,253083,16,0,0,fused_streaming,circular,persistent,1,1
13949,250125,254083,16,0,0,fused_streaming,circular,persistent,1,1
13950,295709,299833,16,0,0,fused_streaming,circular,persistent,1,1
13951,243000,247209,16,0,0,fused_streaming,circular,persistent,1,1
13952,258833,262750,16,0,0,fused_streaming,circular,persistent,1,1
13953,255416,259375,16,0,0,fused_streaming,circular,persistent,1,1
13954,247333,251250,16,0,0,fused_streaming,circular,persistent,1,1
13955,243083,247000,16,0,0,fused_streaming,circular,persistent,1,1
13956,247916,251833,16,0,0,fused_streaming,circular,persistent,1,1
13957,242750,246709,16,0,0,fused_streaming,circular,persistent,1,1
13958,247000,250875,16,0,0,fused_streaming,circular,persistent,1,1
13959,241458,245375,16,0,0,fused_streaming,circular,persistent,1,1
13960,251041,254917,16,0,0,fused_streaming,circular,persistent,1,1
13961,253208,257083,16,0,0,fused_streaming,circular,persistent,1,1
13962,242583,246542,16,0,0,fused_streaming,circular,persistent,1,1
13963,245833,249667,16,0,0,fused_streaming,circular,persistent,1,1
13964,244084,248250,16,0,0,fused_streaming,circular,persistent,1,1
13965,240041,243917,16,0,0,fused_streaming,circular,persistent,1,1
13966,259834,263708,16,0,0,fused_streaming,circular,persistent,1,1
13967,261833,265750,16,0,0,fused_streaming,circular,persistent,1,1
13968,252458,256333,16,0,0,fused_streaming,circular,persistent,1,1
13969,248667,252583,16,0,0,fused_streaming,circular,persistent,1,1
13970,250625,254500,16,0,0,fused_streaming,circular,persistent,1,1
13971,247125,251083,16,0,0,fused_streaming,circular,persistent,1,1
13972,242084,246000,16,0,0,fused_streaming,circular,persistent,1,1
13973,243583,251875,16,0,0,fused_streaming,circular,persistent,1,1
13974,251458,255333,16,0,0,fused_streaming,circular,persistent,1,1
13975,246500,250416,16,0,0,fused_streaming,circular,persistent,1,1
13976,248750,252625,16,0,0,fused_streaming,circular,persistent,1,1
13977,246500,250458,16,0,0,fused_streaming,circular,persistent,1,1
13978,278708,282792,16,0,0,fused_streaming,circular,persistent,1,1
13979,227375,231292,16,0,0,fused_streaming,circular,persistent,1,1
13980,306125,310166,16,0,0,fused_streaming,circular,persistent,1,1
13981,254375,258291,16,0,0,fused_streaming,circular,persistent,1,1
13982,248375,252292,16,0,0,fused_streaming,circular,persistent,1,1
13983,245667,249583,16,0,0,fused_streaming,circular,persistent,1,1
13984,254875,258833,16,0,0,fused_streaming,circular,persistent,1,1
13985,239875,243833,16,0,0,fused_streaming,circular,persistent,1,1
13986,245917,249791,16,0,0,fused_streaming,circular,persistent,1,1
13987,246916,250875,16,0,0,fused_streaming,circular,persistent,1,1
13988,245209,249167,16,0,0,fused_streaming,circular,persistent,1,1
13989,248667,252541,16,0,0,fused_streaming,circular,persistent,1,1
13990,248958,252833,16,0,0,fused_streaming,circular,persistent,1,1
13991,289541,293625,16,0,0,fused_streaming,circular,persistent,1,1
13992,230333,234167,16,0,0,fused_streaming,circular,persistent,1,1
13993,244208,248084,16,0,0,fused_streaming,circular,persistent,1,1
13994,259458,263417,16,0,0,fused_streaming,circular,persistent,1,1
13995,255458,259375,16,0,0,fused_streaming,circular,persistent,1,1
13996,254708,258750,16,0,0,fused_streaming,circular,persistent,1,1
13997,249625,253542,16,0,0,fused_streaming,circular,persistent,1,1
13998,251584,255542,16,0,0,fused_streaming,circular,persistent,1,1
13999,241625,245542,16,0,0,fused_streaming,circular,persistent,1,1
14000,244125,248083,16,0,0,fused_streaming,circular,persistent,1,1
14001,252500,256458,16,0,0,fused_streaming,circular,persistent,1,1
14002,248000,251916,16,0,0,fused_streaming,circular,persistent,1,1
14003,239791,243708,16,0,0,fused_streaming,circular,persistent,1,1
14004,245667,253750,16,0,0,fused_streaming,circular,persistent,1,1
14005,245459,249375,16,0,0,fused_streaming,circular,persistent,1,1
14006,233250,237375,16,0,0,fused_streaming,circular,persistent,1,1
14007,245625,249541,16,0,0,fused_streaming,circular,persistent,1,1
14008,254667,258666,16,0,0,fused_streaming,circular,persistent,1,1
14009,260833,264834,16,0,0,fused_streaming,circular,persistent,1,1
14010,248542,252458,16,0,0,fused_streaming,circular,persistent,1,1
14011,246084,250042,16,0,0,fused_streaming,circular,persistent,1,1
14012,252166,256042,16,0,0,fused_streaming,circular,persistent,1,1
14013,250166,254083,16,0,0,fused_streaming,circular,persistent,1,1
14014,242875,246833,16,0,0,fused_streaming,circular,persistent,1,1
14015,246875,251000,16,0,0,fused_streaming,circular,persistent,1,1
14016,242541,246500,16,0,0,fused_streaming,circular,persistent,1,1
14017,246458,250333,16,0,0,fused_streaming,circular,persistent,1,1
14018,250750,254625,16,0,0,fused_streaming,circular,persistent,1,1
14019,236459,240333,16,0,0,fused_streaming,circular,persistent,1,1
14020,240333,244250,16,0,0,fused_streaming,circular,persistent,1,1
14021,243250,247416,16,0,0,fused_streaming,circular,persistent,1,1
14022,298917,302917,16,0,0,fused_streaming,circular,persistent,1,1
14023,254208,258167,16,0,0,fused_streaming,circular,persistent,1,1
14024,246958,251083,16,0,0,fused_streaming,circular,persistent,1,1
14025,245333,249250,16,0,0,fused_streaming,circular,persistent,1,1
14026,249250,253417,16,0,0,fused_streaming,circular,persistent,1,1
14027,244458,248417,16,0,0,fused_streaming,circular,persistent,1,1
14028,247125,251042,16,0,0,fused_streaming,circular,persistent,1,1
14029,246250,250166,16,0,0,fused_streaming,circular,persistent,1,1
14030,243291,247167,16,0,0,fused_streaming,circular,persistent,1,1
14031,249500,253375,16,0,0,fused_streaming,circular,persistent,1,1
14032,248750,252667,16,0,0,fused_streaming,circular,persistent,1,1
14033,234709,238625,16,0,0,fused_streaming,circular,persistent,1,1
14034,239334,243208,16,0,0,fused_streaming,circular,persistent,1,1
14035,245500,249334,16,0,0,fused_streaming,circular,persistent,1,1
14036,256875,260708,16,0,0,fused_streaming,circular,persistent,1,1
14037,260333,264250,16,0,0,fused_streaming,circular,persistent,1,1
14038,252417,256292,16,0,0,fused_streaming,circular,persistent,1,1
14039,252209,256208,16,0,0,fused_streaming,circular,persistent,1,1
14040,253042,256875,16,0,0,fused_streaming,circular,persistent,1,1
14041,251209,255041,16,0,0,fused_streaming,circular,persistent,1,1
14042,252209,256041,16,0,0,fused_streaming,circular,persistent,1,1
14043,251208,255042,16,0,0,fused_streaming,circular,persistent,1,1
14044,249750,253708,16,0,0,fused_streaming,circular,persistent,1,1
14045,249458,253375,16,0,0,fused_streaming,circular,persistent,1,1
14046,242083,246000,16,0,0,fused_streaming,circular,persistent,1,1
14047,231500,235375,16,0,0,fused_streaming,circular,persistent,1,1
14048,247459,251291,16,0,0,fused_streaming,circular,persistent,1,1
14049,245625,249416,16,0,0,fused_streaming,circular,persistent,1,1
14050,258792,262625,16,0,0,fused_streaming,circular,persistent,1,1
14051,258583,262542,16,0,0,fused_streaming,circular,persistent,1,1
14052,255042,258917,16,0,0,fused_streaming,circular,persistent,1,1
14053,248708,252584,16,0,0,fused_streaming,circular,persistent,1,1
14054,251417,255375,16,0,0,fused_streaming,circular,persistent,1,1
14055,251500,255334,16,0,0,fused_streaming,circular,persistent,1,1
14056,251458,255250,16,0,0,fused_streaming,circular,persistent,1,1
14057,248959,252791,16,0,0,fused_streaming,circular,persistent,1,1
14058,248958,252833,16,0,0,fused_streaming,circular,persistent,1,1
14059,245917,249958,16,0,0,fused_streaming,circular,persistent,1,1
14060,241541,245417,16,0,0,fused_streaming,circular,persistent,1,1
14061,236250,240167,16,0,0,fused_streaming,circular,persistent,1,1
14062,243834,247750,16,0,0,fused_streaming,circular,persistent,1,1
14063,241500,245375,16,0,0,fused_streaming,circular,persistent,1,1
14064,258042,261917,16,0,0,fused_streaming,circular,persistent,1,1
14065,293792,302750,16,0,0,fused_streaming,circular,persistent,1,1
14066,257834,261708,16,0,0,fused_streaming,circular,persistent,1,1
14067,252583,256458,16,0,0,fused_streaming,circular,persistent,1,1
14068,254125,258000,16,0,0,fused_streaming,circular,persistent,1,1
14069,250500,254459,16,0,0,fused_streaming,circular,persistent,1,1
14070,251334,255125,16,0,0,fused_streaming,circular,persistent,1,1
14071,243417,247292,16,0,0,fused_streaming,circular,persistent,1,1
14072,242500,250458,16,0,0,fused_streaming,circular,persistent,1,1
14073,249291,253167,16,0,0,fused_streaming,circular,persistent,1,1
14074,238791,242583,16,0,0,fused_streaming,circular,persistent,1,1
14075,239959,243875,16,0,0,fused_streaming,circular,persistent,1,1
14076,243667,247500,16,0,0,fused_streaming,circular,persistent,1,1
14077,250958,254875,16,0,0,fused_streaming,circular,persistent,1,1
14078,257709,261584,16,0,0,fused_streaming,circular,persistent,1,1
14079,258834,262750,16,0,0,fused_streaming,circular,persistent,1,1
14080,294875,298958,16,0,0,fused_streaming,circular,persistent,1,1
14081,252292,256125,16,0,0,fused_streaming,circular,persistent,1,1
14082,248167,252000,16,0,0,fused_streaming,circular,persistent,1,1
14083,248292,252209,16,0,0,fused_streaming,circular,persistent,1,1
14084,242666,246500,16,0,0,fused_streaming,circular,persistent,1,1
14085,244083,247959,16,0,0,fused_streaming,circular,persistent,1,1
14086,248166,252125,16,0,0,fused_streaming,circular,persistent,1,1
14087,243833,247709,16,0,0,fused_streaming,circular,persistent,1,1
14088,246208,250084,16,0,0,fused_streaming,circular,persistent,1,1
14089,238208,242125,16,0,0,fused_streaming,circular,persistent,1,1
14090,239292,243250,16,0,0,fused_streaming,circular,persistent,1,1
14091,247584,251541,16,0,0,fused_streaming,circular,persistent,1,1
14092,257333,261208,16,0,0,fused_streaming,circular,persistent,1,1
14093,253416,257250,16,0,0,fused_streaming,circular,persistent,1,1
14094,258541,262542,16,0,0,fused_streaming,circular,persistent,1,1
14095,252709,256542,16,0,0,fused_streaming,circular,persistent,1,1
14096,255750,259625,16,0,0,fused_streaming,circular,persistent,1,1
14097,247875,251792,16,0,0,fused_streaming,circular,persistent,1,1
14098,244667,248500,16,0,0,fused_streaming,circular,persistent,1,1
14099,247083,251000,16,0,0,fused_streaming,circular,persistent,1,1
14100,244167,252375,16,0,0,fused_streaming,circular,persistent,1,1
14101,242958,246958,16,0,0,fused_streaming,circular,persistent,1,1
14102,246542,250541,16,0,0,fused_streaming,circular,persistent,1,1
14103,225375,229291,16,0,0,fused_streaming,circular,persistent,1,1
14104,244542,248500,16,0,0,fused_streaming,circular,persistent,1,1
14105,243916,247834,16,0,0,fused_streaming,circular,persistent,1,1
14106,255250,259209,16,0,0,fused_streaming,circular,persistent,1,1
14107,258292,262250,16,0,0,fused_streaming,circular,persistent,1,1
14108,250833,254750,16,0,0,fused_streaming,circular,persistent,1,1
14109,253209,257083,16,0,0,fused_streaming,circular,persistent,1,1
14110,252917,256834,16,0,0,fused_streaming,circular,persistent,1,1
14111,248958,252916,16,0,0,fused_streaming,circular,persistent,1,1
14112,240291,244208,16,0,0,fused_streaming,circular,persistent,1,1
14113,246000,249834,16,0,0,fused_streaming,circular,persistent,1,1
14114,287167,291292,16,0,0,fused_streaming,circular,persistent,1,1
14115,245334,249292,16,0,0,fused_streaming,circular,persistent,1,1
14116,236208,240083,16,0,0,fused_streaming,circular,persistent,1,1
14117,220708,224917,16,0,0,fused_streaming,circular,persistent,1,1
14118,244292,248250,16,0,0,fused_streaming,circular,persistent,1,1
14119,248458,252333,16,0,0,fused_streaming,circular,persistent,1,1
14120,254875,258750,16,0,0,fused_streaming,circular,persistent,1,1
14121,250375,254333,16,0,0,fused_streaming,circular,persistent,1,1
14122,296792,300833,16,0,0,fused_streaming,circular,persistent,1,1
14123,252958,256792,16,0,0,fused_streaming,circular,persistent,1,1
14124,249916,253833,16,0,0,fused_streaming,circular,persistent,1,1
14125,248541,252417,16,0,0,fused_streaming,circular,persistent,1,1
14126,244584,248541,16,0,0,fused_streaming,circular,persistent,1,1
14127,243042,246916,16,0,0,fused_streaming,circular,persistent,1,1
14128,245667,249541,16,0,0,fused_streaming,circular,persistent,1,1
14129,244958,248959,16,0,0,fused_streaming,circular,persistent,1,1
14130,232875,236750,16,0,0,fused_streaming,circular,persistent,1,1
14131,229250,233167,16,0,0,fused_streaming,circular,persistent,1,1
14132,249834,253875,16,0,0,fused_streaming,circular,persistent,1,1
14133,241958,245875,16,0,0,fused_streaming,circular,persistent,1,1
14134,251041,259584,16,0,0,fused_streaming,circular,persistent,1,1
14135,252750,256750,16,0,0,fused_streaming,circular,persistent,1,1
14136,257917,261833,16,0,0,fused_streaming,circular,persistent,1,1
14137,251667,255666,16,0,0,fused_streaming,circular,persistent,1,1
14138,248292,252208,16,0,0,fused_streaming,circular,persistent,1,1
14139,245292,249250,16,0,0,fused_streaming,circular,persistent,1,1
14140,246083,250083,16,0,0,fused_streaming,circular,persistent,1,1
14141,239250,243167,16,0,0,fused_streaming,circular,persistent,1,1
14142,242667,246542,16,0,0,fused_streaming,circular,persistent,1,1
14143,241250,245458,16,0,0,fused_streaming,circular,persistent,1,1
14144,240417,244333,16,0,0,fused_streaming,circular,persistent,1,1
14145,239917,243834,16,0,0,fused_streaming,circular,persistent,1,1
14146,237125,241042,16,0,0,fused_streaming,circular,persistent,1,1
14147,247459,251375,16,0,0,fused_streaming,circular,persistent,1,1
14148,250666,254583,16,0,0,fused_streaming,circular,persistent,1,1
14149,294959,299084,16,0,0,fused_streaming,circular,persistent,1,1
14150,256792,260666,16,0,0,fused_streaming,circular,persistent,1,1
14151,251875,255750,16,0,0,fused_streaming,circular,persistent,1,1
14152,251208,255083,16,0,0,fused_streaming,circular,persistent,1,1
14153,248375,252292,16,0,0,fused_streaming,circular,persistent,1,1
14154,245459,249500,16,0,0,fused_streaming,circular,persistent,1,1
14155,238792,242708,16,0,0,fused_streaming,circular,persistent,1,1
14156,246667,250625,16,0,0,fused_streaming,circular,persistent,1,1
14157,244625,248500,16,0,0,fused_streaming,circular,persistent,1,1
14158,235500,239375,16,0,0,fused_streaming,circular,persistent,1,1
14159,245917,249792,16,0,0,fused_streaming,circular,persistent,1,1
14160,242416,246292,16,0,0,fused_streaming,circular,persistent,1,1
14161,241958,245875,16,0,0,fused_streaming,circular,persistent,1,1
14162,256208,260084,16,0,0,fused_streaming,circular,persistent,1,1
14163,253125,257042,16,0,0,fused_streaming,circular,persistent,1,1
14164,258209,262083,16,0,0,fused_streaming,circular,persistent,1,1
14165,291042,295167,16,0,0,fused_streaming,circular,persistent,1,1
14166,250833,254750,16,0,0,fused_streaming,circular,persistent,1,1
14167,248750,252709,16,0,0,fused_streaming,circular,persistent,1,1
14168,236833,240667,16,0,0,fused_streaming,circular,persistent,1,1
14169,275917,280166,16,0,0,fused_streaming,circular,persistent,1,1
14170,244583,248500,16,0,0,fused_streaming,circular,persistent,1,1
14171,281666,285708,16,0,0,fused_streaming,circular,persistent,1,1
14172,239042,242875,16,0,0,fused_streaming,circular,persistent,1,1
14173,237250,241125,16,0,0,fused_streaming,circular,persistent,1,1
14174,248167,252083,16,0,0,fused_streaming,circular,persistent,1,1
14175,290000,294083,16,0,0,fused_streaming,circular,persistent,1,1
14176,254792,258667,16,0,0,fused_streaming,circular,persistent,1,1
14177,254750,258667,16,0,0,fused_streaming,circular,persistent,1,1
14178,257167,261000,16,0,0,fused_streaming,circular,persistent,1,1
14179,251917,255834,16,0,0,fused_streaming,circular,persistent,1,1
14180,251709,255625,16,0,0,fused_streaming,circular,persistent,1,1
14181,249625,253542,16,0,0,fused_streaming,circular,persistent,1,1
14182,233583,237500,16,0,0,fused_streaming,circular,persistent,1,1
14183,233291,237250,16,0,0,fused_streaming,circular,persistent,1,1
14184,246208,250084,16,0,0,fused_streaming,circular,persistent,1,1
14185,237291,241167,16,0,0,fused_streaming,circular,persistent,1,1
14186,225458,229333,16,0,0,fused_streaming,circular,persistent,1,1
14187,229334,233291,16,0,0,fused_streaming,circular,persistent,1,1
14188,238459,242333,16,0,0,fused_streaming,circular,persistent,1,1
14189,253625,257542,16,0,0,fused_streaming,circular,persistent,1,1
14190,253583,257459,16,0,0,fused_streaming,circular,persistent,1,1
14191,256084,260000,16,0,0,fused_streaming,circular,persistent,1,1
14192,252417,256375,16,0,0,fused_streaming,circular,persistent,1,1
14193,253583,257500,16,0,0,fused_streaming,circular,persistent,1,1
14194,248834,252792,16,0,0,fused_streaming,circular,persistent,1,1
14195,248417,252250,16,0,0,fused_streaming,circular,persistent,1,1
14196,236375,240209,16,0,0,fused_streaming,circular,persistent,1,1
14197,242417,246333,16,0,0,fused_streaming,circular,persistent,1,1
14198,239500,243416,16,0,0,fused_streaming,circular,persistent,1,1
14199,243292,247209,16,0,0,fused_streaming,circular,persistent,1,1
14200,233000,236917,16,0,0,fused_streaming,circular,persistent,1,1
14201,244000,247917,16,0,0,fused_streaming,circular,persistent,1,1
14202,240458,244375,16,0,0,fused_streaming,circular,persistent,1,1
14203,254292,258125,16,0,0,fused_streaming,circular,persistent,1,1
14204,249750,253625,16,0,0,fused_streaming,circular,persistent,1,1
14205,251292,255208,16,0,0,fused_streaming,circular,persistent,1,1
14206,299917,303917,16,0,0,fused_streaming,circular,persistent,1,1
14207,253708,257667,16,0,0,fused_streaming,circular,persistent,1,1
14208,254416,258292,16,0,0,fused_streaming,circular,persistent,1,1
14209,249834,253708,16,0,0,fused_streaming,circular,persistent,1,1
14210,237291,241125,16,0,0,fused_streaming,circular,persistent,1,1
14211,248000,251875,16,0,0,fused_streaming,circular,persistent,1,1
14212,244791,248708,16,0,0,fused_streaming,circular,persistent,1,1
14213,239333,243167,16,0,0,fused_streaming,circular,persistent,1,1
14214,240500,244458,16,0,0,fused_streaming,circular,persistent,1,1
14215,244333,248250,16,0,0,fused_streaming,circular,persistent,1,1
14216,244125,248167,16,0,0,fused_streaming,circular,persistent,1,1
14217,251875,255750,16,0,0,fused_streaming,circular,persistent,1,1
14218,249333,253209,16,0,0,fused_streaming,circular,persistent,1,1
14219,255958,259750,16,0,0,fused_streaming,circular,persistent,1,1
14220,258417,262333,16,0,0,fused_streaming,circular,persistent,1,1
14221,251584,255416,16,0,0,fused_streaming,circular,persistent,1,1
14222,248375,252291,16,0,0,fused_streaming,circular,persistent,1,1
14223,240667,244875,16,0,0,fused_streaming,circular,persistent,1,1
14224,244250,248084,16,0,0,fused_streaming,circular,persistent,1,1
14225,239625,243500,16,0,0,fused_streaming,circular,persistent,1,1
14226,244833,248625,16,0,0,fused_streaming,circular,persistent,1,1
14227,235833,239667,16,0,0,fused_streaming,circular,persistent,1,1
14228,242917,246792,16,0,0,fused_streaming,circular,persistent,1,1
14229,244875,248750,16,0,0,fused_streaming,circular,persistent,1,1
14230,245292,249209,16,0,0,fused_streaming,circular,persistent,1,1
14231,243291,247250,16,0,0,fused_streaming,circular,persistent,1,1
14232,247542,251500,16,0,0,fused_streaming,circular,persistent,1,1
14233,292666,296875,16,0,0,fused_streaming,circular,persistent,1,1
14234,257667,261500,16,0,0,fused_streaming,circular,persistent,1,1
14235,248875,252750,16,0,0,fused_streaming,circular,persistent,1,1
14236,245916,249750,16,0,0,fused_streaming,circular,persistent,1,1
14237,244209,248209,16,0,0,fused_streaming,circular,persistent,1,1
14238,247500,251417,16,0,0,fused_streaming,circular,persistent,1,1
14239,241833,245750,16,0,0,fused_streaming,circular,persistent,1,1
14240,242708,246667,16,0,0,fused_streaming,circular,persistent,1,1
14241,228292,232250,16,0,0,fused_streaming,circular,persistent,1,1
14242,244583,248459,16,0,0,fused_streaming,circular,persistent,1,1
14243,237916,241792,16,0,0,fused_streaming,circular,persistent,1,1
14244,249708,253583,16,0,0,fused_streaming,circular,persistent,1,1
14245,245458,249333,16,0,0,fused_streaming,circular,persistent,1,1
14246,253583,257458,16,0,0,fused_streaming,circular,persistent,1,1
14247,255541,259500,16,0,0,fused_streaming,circular,persistent,1,1
14248,250542,254416,16,0,0,fused_streaming,circular,persistent,1,1
14249,255750,259792,16,0,0,fused_streaming,circular,persistent,1,1
14250,250584,254416,16,0,0,fused_streaming,circular,persistent,1,1
14251,245917,249875,16,0,0,fused_streaming,circular,persistent,1,1
14252,241542,245416,16,0,0,fused_streaming,circular,persistent,1,1
14253,242792,246625,16,0,0,fused_streaming,circular,persistent,1,1
14254,243250,247334,16,0,0,fused_streaming,circular,persistent,1,1
14255,234916,238750,16,0,0,fused_streaming,circular,persistent,1,1
14256,244333,248125,16,0,0,fused_streaming,circular,persistent,1,1
14257,244500,248333,16,0,0,fused_streaming,circular,persistent,1,1
14258,303542,307542,16,0,0,fused_streaming,circular,persistent,1,1
14259,241791,245708,16,0,0,fused_streaming,circular,persistent,1,1
14260,248875,252875,16,0,0,fused_streaming,circular,persistent,1,1
14261,254208,258167,16,0,0,fused_streaming,circular,persistent,1,1
14262,254959,258791,16,0,0,fused_streaming,circular,persistent,1,1
14263,252125,260417,16,0,0,fused_streaming,circular,persistent,1,1
14264,249625,253500,16,0,0,fused_streaming,circular,persistent,1,1
14265,250667,254541,16,0,0,fused_streaming,circular,persistent,1,1
14266,246250,250125,16,0,0,fused_streaming,circular,persistent,1,1
14267,239958,243917,16,0,0,fused_streaming,circular,persistent,1,1
14268,242708,246625,16,0,0,fused_streaming,circular,persistent,1,1
14269,239958,243875,16,0,0,fused_streaming,circular,persistent,1,1
14270,244333,248250,16,0,0,fused_streaming,circular,persistent,1,1
14271,240000,244125,16,0,0,fused_streaming,circular,persistent,1,1
14272,244459,248375,16,0,0,fused_streaming,circular,persistent,1,1
14273,244667,248583,16,0,0,fused_streaming,circular,persistent,1,1
14274,244375,248334,16,0,0,fused_streaming,circular,persistent,1,1
14275,285791,289792,16,0,0,fused_streaming,circular,persistent,1,1
14276,254667,258625,16,0,0,fused_streaming,circular,persistent,1,1
14277,257833,261750,16,0,0,fused_streaming,circular,persistent,1,1
14278,248958,252792,16,0,0,fused_streaming,circular,persistent,1,1
14279,248000,251959,16,0,0,fused_streaming,circular,persistent,1,1
14280,237459,241458,16,0,0,fused_streaming,circular,persistent,1,1
14281,244708,248584,16,0,0,fused_streaming,circular,persistent,1,1
14282,236541,240458,16,0,0,fused_streaming,circular,persistent,1,1
14283,248250,252167,16,0,0,fused_streaming,circular,persistent,1,1
14284,245875,249791,16,0,0,fused_streaming,circular,persistent,1,1
14285,243375,247250,16,0,0,fused_streaming,circular,persistent,1,1
14286,248833,252708,16,0,0,fused_streaming,circular,persistent,1,1
14287,251417,255417,16,0,0,fused_streaming,circular,persistent,1,1
14288,248333,252250,16,0,0,fused_streaming,circular,persistent,1,1
14289,251250,255167,16,0,0,fused_streaming,circular,persistent,1,1
14290,254791,258667,16,0,0,fused_streaming,circular,persistent,1,1
14291,255667,259500,16,0,0,fused_streaming,circular,persistent,1,1
14292,249042,253125,16,0,0,fused_streaming,circular,persistent,1,1
14293,247292,251209,16,0,0,fused_streaming,circular,persistent,1,1
14294,239833,243708,16,0,0,fused_streaming,circular,persistent,1,1
14295,244166,248125,16,0,0,fused_streaming,circular,persistent,1,1
14296,239125,243083,16,0,0,fused_streaming,circular,persistent,1,1
14297,242334,246208,16,0,0,fused_streaming,circular,persistent,1,1
14298,241125,245042,16,0,0,fused_streaming,circular,persistent,1,1
14299,245042,249209,16,0,0,fused_streaming,circular,persistent,1,1
14300,248250,252292,16,0,0,fused_streaming,circular,persistent,1,1
14301,250833,254708,16,0,0,fused_streaming,circular,persistent,1,1
14302,246292,250208,16,0,0,fused_streaming,circular,persistent,1,1
14303,255125,259000,16,0,0,fused_streaming,circular,persistent,1,1
14304,254042,257958,16,0,0,fused_streaming,circular,persistent,1,1
14305,252083,256000,16,0,0,fused_streaming,circular,persistent,1,1
14306,243750,247834,16,0,0,fused_streaming,circular,persistent,1,1
14307,247208,251042,16,0,0,fused_streaming,circular,persistent,1,1
14308,245167,249083,16,0,0,fused_streaming,circular,persistent,1,1
14309,241542,245416,16,0,0,fused_streaming,circular,persistent,1,1
14310,246209,250083,16,0,0,fused_streaming,circular,persistent,1,1
14311,240875,244791,16,0,0,fused_streaming,circular,persistent,1,1
14312,242959,246833,16,0,0,fused_streaming,circular,persistent,1,1
14313,288125,292250,16,0,0,fused_streaming,circular,persistent,1,1
14314,243458,247334,16,0,0,fused_streaming,circular,persistent,1,1
14315,252250,256291,16,0,0,fused_streaming,circular,persistent,1,1
14316,242500,246416,16,0,0,fused_streaming,circular,persistent,1,1
14317,263625,267500,16,0,0,fused_streaming,circular,persistent,1,1
14318,248000,252000,16,0,0,fused_streaming,circular,persistent,1,1
14319,257917,261833,16,0,0,fused_streaming,circular,persistent,1,1
14320,250625,254583,16,0,0,fused_streaming,circular,persistent,1,1
14321,247458,251417,16,0,0,fused_streaming,circular,persistent,1,1
14322,240958,244959,16,0,0,fused_streaming,circular,persistent,1,1
14323,243375,247375,16,0,0,fused_streaming,circular,persistent,1,1
14324,247709,251583,16,0,0,fused_streaming,circular,persistent,1,1
14325,241583,245458,16,0,0,fused_streaming,circular,persistent,1,1
14326,243667,247584,16,0,0,fused_streaming,circular,persistent,1,1
14327,247042,250958,16,0,0,fused_streaming,circular,persistent,1,1
14328,244625,248500,16,0,0,fused_streaming,circular,persistent,1,1
14329,251084,255250,16,0,0,fused_streaming,circular,persistent,1,1
14330,241458,245334,16,0,0,fused_streaming,circular,persistent,1,1
14331,246084,250083,16,0,0,fused_streaming,circular,persistent,1,1
14332,247708,251625,16,0,0,fused_streaming,circular,persistent,1,1
14333,256208,260084,16,0,0,fused_streaming,circular,persistent,1,1
14334,249792,253750,16,0,0,fused_streaming,circular,persistent,1,1
14335,239375,243291,16,0,0,fused_streaming,circular,persistent,1,1
14336,243541,247417,16,0,0,fused_streaming,circular,persistent,1,1
14337,243458,247375,16,0,0,fused_streaming,circular,persistent,1,1
14338,246458,250333,16,0,0,fused_streaming,circular,persistent,1,1
14339,245459,249375,16,0,0,fused_streaming,circular,persistent,1,1
14340,245083,248959,16,0,0,fused_streaming,circular,persistent,1,1
14341,243875,247750,16,0,0,fused_streaming,circular,persistent,1,1
14342,247917,251875,16,0,0,fused_streaming,circular,persistent,1,1
14343,242708,246709,16,0,0,fused_streaming,circular,persistent,1,1
14344,245791,249750,16,0,0,fused_streaming,circular,persistent,1,1
14345,251875,255750,16,0,0,fused_streaming,circular,persistent,1,1
14346,253416,257292,16,0,0,fused_streaming,circular,persistent,1,1
14347,251125,255083,16,0,0,fused_streaming,circular,persistent,1,1
14348,245791,249625,16,0,0,fused_streaming,circular,persistent,1,1
14349,245000,248875,16,0,0,fused_streaming,circular,persistent,1,1
14350,243625,247583,16,0,0,fused_streaming,circular,persistent,1,1
14351,242500,246333,16,0,0,fused_streaming,circular,persistent,1,1
14352,244709,248583,16,0,0,fused_streaming,circular,persistent,1,1
14353,242834,246666,16,0,0,fused_streaming,circular,persistent,1,1
14354,243542,247584,16,0,0,fused_streaming,circular,persistent,1,1
14355,242750,246625,16,0,0,fused_streaming,circular,persistent,1,1
14356,244042,247958,16,0,0,fused_streaming,circular,persistent,1,1
14357,246166,250042,16,0,0,fused_streaming,circular,persistent,1,1
14358,246000,249959,16,0,0,fused_streaming,circular,persistent,1,1
14359,245250,249167,16,0,0,fused_streaming,circular,persistent,1,1
14360,255250,259167,16,0,0,fused_streaming,circular,persistent,1,1
14361,255000,258833,16,0,0,fused_streaming,circular,persistent,1,1
14362,250542,254417,16,0,0,fused_streaming,circular,persistent,1,1
14363,246334,250209,16,0,0,fused_streaming,circular,persistent,1,1
14364,241250,245125,16,0,0,fused_streaming,circular,persistent,1,1
14365,248542,252416,16,0,0,fused_streaming,circular,persistent,1,1
14366,245583,249459,16,0,0,fused_streaming,circular,persistent,1,1
14367,243083,246959,16,0,0,fused_streaming,circular,persistent,1,1
14368,248334,252208,16,0,0,fused_streaming,circular,persistent,1,1
14369,238417,242334,16,0,0,fused_streaming,circular,persistent,1,1
14370,243875,247666,16,0,0,fused_streaming,circular,persistent,1,1
14371,246750,250584,16,0,0,fused_streaming,circular,persistent,1,1
14372,244958,248875,16,0,0,fused_streaming,circular,persistent,1,1
14373,296750,300875,16,0,0,fused_streaming,circular,persistent,1,1
14374,253500,257417,16,0,0,fused_streaming,circular,persistent,1,1
14375,256917,260917,16,0,0,fused_streaming,circular,persistent,1,1
14376,250708,254584,16,0,0,fused_streaming,circular,persistent,1,1
14377,246584,250375,16,0,0,fused_streaming,circular,persistent,1,1
14378,249916,253750,16,0,0,fused_streaming,circular,persistent,1,1
14379,248334,252208,16,0,0,fused_streaming,circular,persistent,1,1
14380,243917,247750,16,0,0,fused_streaming,circular,persistent,1,1
14381,249959,254000,16,0,0,fused_streaming,circular,persistent,1,1
14382,239250,243083,16,0,0,fused_streaming,circular,persistent,1,1
14383,244833,248750,16,0,0,fused_streaming,circular,persistent,1,1
14384,247416,251250,16,0,0,fused_streaming,circular,persistent,1,1
14385,241125,244958,16,0,0,fused_streaming,circular,persistent,1,1
14386,243833,247750,16,0,0,fused_streaming,circular,persistent,1,1
14387,248083,252000,16,0,0,fused_streaming,circular,persistent,1,1
14388,254333,258167,16,0,0,fused_streaming,circular,persistent,1,1
14389,254583,258500,16,0,0,fused_streaming,circular,persistent,1,1
14390,290125,294291,16,0,0,fused_streaming,circular,persistent,1,1
14391,244875,248708,16,0,0,fused_streaming,circular,persistent,1,1
14392,249708,253667,16,0,0,fused_streaming,circular,persistent,1,1
14393,244084,247958,16,0,0,fused_streaming,circular,persistent,1,1
14394,246250,250250,16,0,0,fused_streaming,circular,persistent,1,1
14395,248625,252458,16,0,0,fused_streaming,circular,persistent,1,1
14396,239959,243833,16,0,0,fused_streaming,circular,persistent,1,1
14397,246333,250167,16,0,0,fused_streaming,circular,persistent,1,1
14398,247458,251417,16,0,0,fused_streaming,circular,persistent,1,1
14399,246375,250250,16,0,0,fused_streaming,circular,persistent,1,1
14400,241583,245459,16,0,0,fused_streaming,circular,persistent,1,1
14401,244792,248708,16,0,0,fused_streaming,circular,persistent,1,1
14402,254083,258000,16,0,0,fused_streaming,circular,persistent,1,1
14403,255084,259000,16,0,0,fused_streaming,circular,persistent,1,1
14404,247291,251125,16,0,0,fused_streaming,circular,persistent,1,1
14405,243708,247583,16,0,0,fused_streaming,circular,persistent,1,1
14406,250083,253959,16,0,0,fused_streaming,circular,persistent,1,1
14407,246333,250125,16,0,0,fused_streaming,circular,persistent,1,1
14408,243000,246875,16,0,0,fused_streaming,circular,persistent,1,1
14409,247500,251917,16,0,0,fused_streaming,circular,persistent,1,1
14410,243833,247708,16,0,0,fused_streaming,circular,persistent,1,1
14411,243875,247667,16,0,0,fused_streaming,circular,persistent,1,1
14412,244084,247916,16,0,0,fused_streaming,circular,persistent,1,1
14413,289958,294042,16,0,0,fused_streaming,circular,persistent,1,1
14414,240791,244667,16,0,0,fused_streaming,circular,persistent,1,1
14415,283750,287875,16,0,0,fused_streaming,circular,persistent,1,1
14416,253916,257750,16,0,0,fused_streaming,circular,persistent,1,1
14417,251250,255208,16,0,0,fused_streaming,circular,persistent,1,1
14418,254000,257916,16,0,0,fused_streaming,circular,persistent,1,1
14419,240375,244292,16,0,0,fused_streaming,circular,persistent,1,1
14420,247500,251375,16,0,0,fused_streaming,circular,persistent,1,1
14421,245167,249041,16,0,0,fused_streaming,circular,persistent,1,1
14422,248708,252584,16,0,0,fused_streaming,circular,persistent,1,1
14423,247083,251000,16,0,0,fused_streaming,circular,persistent,1,1
14424,239625,243542,16,0,0,fused_streaming,circular,persistent,1,1
14425,247416,251333,16,0,0,fused_streaming,circular,persistent,1,1
14426,246125,249958,16,0,0,fused_streaming,circular,persistent,1,1
14427,238583,242459,16,0,0,fused_streaming,circular,persistent,1,1
14428,243375,247250,16,0,0,fused_streaming,circular,persistent,1,1
14429,240750,244625,16,0,0,fused_streaming,circular,persistent,1,1
14430,245708,249667,16,0,0,fused_streaming,circular,persistent,1,1
14431,253750,257708,16,0,0,fused_streaming,circular,persistent,1,1
14432,294792,298875,16,0,0,fused_streaming,circular,persistent,1,1
14433,247500,251375,16,0,0,fused_streaming,circular,persistent,1,1
14434,251250,255209,16,0,0,fused_streaming,circular,persistent,1,1
14435,249334,253250,16,0,0,fused_streaming,circular,persistent,1,1
14436,248041,251958,16,0,0,fused_streaming,circular,persistent,1,1
14437,243750,247625,16,0,0,fused_streaming,circular,persistent,1,1
14438,246459,250416,16,0,0,fused_streaming,circular,persistent,1,1
14439,238500,242416,16,0,0,fused_streaming,circular,persistent,1,1
14440,247875,251750,16,0,0,fused_streaming,circular,persistent,1,1
14441,235625,239584,16,0,0,fused_streaming,circular,persistent,1,1
14442,246500,250458,16,0,0,fused_streaming,circular,persistent,1,1
14443,246750,250583,16,0,0,fused_streaming,circular,persistent,1,1
14444,253250,257125,16,0,0,fused_streaming,circular,persistent,1,1
14445,255584,259458,16,0,0,fused_streaming,circular,persistent,1,1
14446,251500,255375,16,0,0,fused_streaming,circular,persistent,1,1
14447,245292,249208,16,0,0,fused_streaming,circular,persistent,1,1
14448,245083,249000,16,0,0,fused_streaming,circular,persistent,1,1
14449,286334,290416,16,0,0,fused_streaming,circular,persistent,1,1
14450,246917,250791,16,0,0,fused_streaming,circular,persistent,1,1
14451,295041,299167,16,0,0,fused_streaming,circular,persistent,1,1
14452,245500,249417,16,0,0,fused_streaming,circular,persistent,1,1
14453,273750,278000,16,0,0,fused_streaming,circular,persistent,1,1
14454,246416,250333,16,0,0,fused_streaming,circular,persistent,1,1
14455,274209,278250,16,0,0,fused_streaming,circular,persistent,1,1
14456,245167,249167,16,0,0,fused_streaming,circular,persistent,1,1
14457,279083,283167,16,0,0,fused_streaming,circular,persistent,1,1
14458,244833,248709,16,0,0,fused_streaming,circular,persistent,1,1
14459,248708,252625,16,0,0,fused_streaming,circular,persistent,1,1
14460,255250,259166,16,0,0,fused_streaming,circular,persistent,1,1
14461,251583,255500,16,0,0,fused_streaming,circular,persistent,1,1
14462,249833,253792,16,0,0,fused_streaming,circular,persistent,1,1
14463,251125,255042,16,0,0,fused_streaming,circular,persistent,1,1
14464,239417,243250,16,0,0,fused_streaming,circular,persistent,1,1
14465,239875,243708,16,0,0,fused_streaming,circular,persistent,1,1
14466,241500,245375,16,0,0,fused_streaming,circular,persistent,1,1
14467,234000,237917,16,0,0,fused_streaming,circular,persistent,1,1
14468,246583,250500,16,0,0,fused_streaming,circular,persistent,1,1
14469,238250,242125,16,0,0,fused_streaming,circular,persistent,1,1
14470,242583,246458,16,0,0,fused_streaming,circular,persistent,1,1
14471,241083,245041,16,0,0,fused_streaming,circular,persistent,1,1
14472,248708,252542,16,0,0,fused_streaming,circular,persistent,1,1
14473,255000,258917,16,0,0,fused_streaming,circular,persistent,1,1
14474,250709,254666,16,0,0,fused_streaming,circular,persistent,1,1
14475,252834,256791,16,0,0,fused_streaming,circular,persistent,1,1
14476,250958,254834,16,0,0,fused_streaming,circular,persistent,1,1
14477,251083,255000,16,0,0,fused_streaming,circular,persistent,1,1
14478,236750,240709,16,0,0,fused_streaming,circular,persistent,1,1
14479,243208,247125,16,0,0,fused_streaming,circular,persistent,1,1
14480,241041,245000,16,0,0,fused_streaming,circular,persistent,1,1
14481,242625,246500,16,0,0,fused_streaming,circular,persistent,1,1
14482,243833,247875,16,0,0,fused_streaming,circular,persistent,1,1
14483,242917,246875,16,0,0,fused_streaming,circular,persistent,1,1
14484,239458,243375,16,0,0,fused_streaming,circular,persistent,1,1
14485,245958,249917,16,0,0,fused_streaming,circular,persistent,1,1
14486,242333,246167,16,0,0,fused_streaming,circular,persistent,1,1
14487,255125,259125,16,0,0,fused_streaming,circular,persistent,1,1
14488,255709,259625,16,0,0,fused_streaming,circular,persistent,1,1
14489,250750,254667,16,0,0,fused_streaming,circular,persistent,1,1
14490,248459,252333,16,0,0,fused_streaming,circular,persistent,1,1
14491,249917,253792,16,0,0,fused_streaming,circular,persistent,1,1
14492,237250,241125,16,0,0,fused_streaming,circular,persistent,1,1
14493,240500,244375,16,0,0,fused_streaming,circular,persistent,1,1
14494,240208,244083,16,0,0,fused_streaming,circular,persistent,1,1
14495,238083,241917,16,0,0,fused_streaming,circular,persistent,1,1
14496,244416,248375,16,0,0,fused_streaming,circular,persistent,1,1
14497,237333,241250,16,0,0,fused_streaming,circular,persistent,1,1
14498,242917,246833,16,0,0,fused_streaming,circular,persistent,1,1
14499,241834,245708,16,0,0,fused_streaming,circular,persistent,1,1
14500,246375,250250,16,0,0,fused_streaming,circular,persistent,1,1
14501,254792,258750,16,0,0,fused_streaming,circular,persistent,1,1
14502,289041,293084,16,0,0,fused_streaming,circular,persistent,1,1
14503,253834,257792,16,0,0,fused_streaming,circular,persistent,1,1
14504,248083,252041,16,0,0,fused_streaming,circular,persistent,1,1
14505,243375,247250,16,0,0,fused_streaming,circular,persistent,1,1
14506,244125,248250,16,0,0,fused_streaming,circular,persistent,1,1
14507,235750,239750,16,0,0,fused_streaming,circular,persistent,1,1
14508,233583,237500,16,0,0,fused_streaming,circular,persistent,1,1
14509,242250,246084,16,0,0,fused_streaming,circular,persistent,1,1
14510,239209,243041,16,0,0,fused_streaming,circular,persistent,1,1
14511,241042,244958,16,0,0,fused_streaming,circular,persistent,1,1
14512,281583,286000,16,0,0,fused_streaming,circular,persistent,1,1
14513,245083,249000,16,0,0,fused_streaming,circular,persistent,1,1
14514,276750,285208,16,0,0,fused_streaming,circular,persistent,1,1
14515,250292,254125,16,0,0,fused_streaming,circular,persistent,1,1
14516,255792,259666,16,0,0,fused_streaming,circular,persistent,1,1
14517,254167,258000,16,0,0,fused_streaming,circular,persistent,1,1
14518,248917,252791,16,0,0,fused_streaming,circular,persistent,1,1
14519,246042,249875,16,0,0,fused_streaming,circular,persistent,1,1
14520,238000,241834,16,0,0,fused_streaming,circular,persistent,1,1
14521,230708,234667,16,0,0,fused_streaming,circular,persistent,1,1
14522,238084,242000,16,0,0,fused_streaming,circular,persistent,1,1
14523,244000,247875,16,0,0,fused_streaming,circular,persistent,1,1
14524,244625,248583,16,0,0,fused_streaming,circular,persistent,1,1
14525,244209,248125,16,0,0,fused_streaming,circular,persistent,1,1
14526,237792,241666,16,0,0,fused_streaming,circular,persistent,1,1
14527,244750,248667,16,0,0,fused_streaming,circular,persistent,1,1
14528,236625,240500,16,0,0,fused_streaming,circular,persistent,1,1
14529,253875,257791,16,0,0,fused_streaming,circular,persistent,1,1
14530,249250,253084,16,0,0,fused_streaming,circular,persistent,1,1
14531,247625,251458,16,0,0,fused_streaming,circular,persistent,1,1
14532,242125,250167,16,0,0,fused_streaming,circular,persistent,1,1
14533,244958,248875,16,0,0,fused_streaming,circular,persistent,1,1
14534,238834,242750,16,0,0,fused_streaming,circular,persistent,1,1
14535,215541,219417,16,0,0,fused_streaming,circular,persistent,1,1
14536,237042,240875,16,0,0,fused_streaming,circular,persistent,1,1
14537,236125,240000,16,0,0,fused_streaming,circular,persistent,1,1
14538,243333,247208,16,0,0,fused_streaming,circular,persistent,1,1
14539,238291,242167,16,0,0,fused_streaming,circular,persistent,1,1
14540,241375,245250,16,0,0,fused_streaming,circular,persistent,1,1
14541,242042,246000,16,0,0,fused_streaming,circular,persistent,1,1
14542,236708,240583,16,0,0,fused_streaming,circular,persistent,1,1
14543,254625,258458,16,0,0,fused_streaming,circular,persistent,1,1
14544,253792,257667,16,0,0,fused_streaming,circular,persistent,1,1
14545,251417,255375,16,0,0,fused_streaming,circular,persistent,1,1
14546,243167,247042,16,0,0,fused_streaming,circular,persistent,1,1
14547,243834,247666,16,0,0,fused_streaming,circular,persistent,1,1
14548,246375,250250,16,0,0,fused_streaming,circular,persistent,1,1
14549,229750,233667,16,0,0,fused_streaming,circular,persistent,1,1
14550,242459,246333,16,0,0,fused_streaming,circular,persistent,1,1
14551,238750,242583,16,0,0,fused_streaming,circular,persistent,1,1
14552,242125,245917,16,0,0,fused_streaming,circular,persistent,1,1
14553,240042,243959,16,0,0,fused_streaming,circular,persistent,1,1
14554,242875,246750,16,0,0,fused_streaming,circular,persistent,1,1
14555,238834,242750,16,0,0,fused_streaming,circular,persistent,1,1
14556,238291,242208,16,0,0,fused_streaming,circular,persistent,1,1
14557,255750,259667,16,0,0,fused_streaming,circular,persistent,1,1
14558,247500,251375,16,0,0,fused_streaming,circular,persistent,1,1
14559,257958,261875,16,0,0,fused_streaming,circular,persistent,1,1
14560,239167,243000,16,0,0,fused_streaming,circular,persistent,1,1
14561,242291,246291,16,0,0,fused_streaming,circular,persistent,1,1
14562,244916,248875,16,0,0,fused_streaming,circular,persistent,1,1
14563,229708,233666,16,0,0,fused_streaming,circular,persistent,1,1
14564,242667,246541,16,0,0,fused_streaming,circular,persistent,1,1
14565,277500,281625,16,0,0,fused_streaming,circular,persistent,1,1
14566,245042,248958,16,0,0,fused_streaming,circular,persistent,1,1
14567,270666,274708,16,0,0,fused_streaming,circular,persistent,1,1
14568,242917,246834,16,0,0,fused_streaming,circular,persistent,1,1
14569,280500,284708,16,0,0,fused_streaming,circular,persistent,1,1
14570,239417,243292,16,0,0,fused_streaming,circular,persistent,1,1
14571,295583,299667,16,0,0,fused_streaming,circular,persistent,1,1
14572,254084,258042,16,0,0,fused_streaming,circular,persistent,1,1
14573,255292,259166,16,0,0,fused_streaming,circular,persistent,1,1
14574,245000,248958,16,0,0,fused_streaming,circular,persistent,1,1
14575,244334,248375,16,0,0,fused_streaming,circular,persistent,1,1
14576,244083,248000,16,0,0,fused_streaming,circular,persistent,1,1
14577,225834,229708,16,0,0,fused_streaming,circular,persistent,1,1
14578,237875,241791,16,0,0,fused_streaming,circular,persistent,1,1
14579,277375,281417,16,0,0,fused_streaming,circular,persistent,1,1
14580,243541,247459,16,0,0,fused_streaming,circular,persistent,1,1
14581,234375,238292,16,0,0,fused_streaming,circular,persistent,1,1
14582,242584,246500,16,0,0,fused_streaming,circular,persistent,1,1
14583,244375,248250,16,0,0,fused_streaming,circular,persistent,1,1
14584,241458,245375,16,0,0,fused_streaming,circular,persistent,1,1
14585,303125,307417,16,0,0,fused_streaming,circular,persistent,1,1
14586,254834,258750,16,0,0,fused_streaming,circular,persistent,1,1
14587,250709,254583,16,0,0,fused_streaming,circular,persistent,1,1
14588,241750,245666,16,0,0,fused_streaming,circular,persistent,1,1
14589,242833,247000,16,0,0,fused_streaming,circular,persistent,1,1
14590,243416,247375,16,0,0,fused_streaming,circular,persistent,1,1
14591,240500,244416,16,0,0,fused_streaming,circular,persistent,1,1
14592,239667,243583,16,0,0,fused_streaming,circular,persistent,1,1
14593,239625,243625,16,0,0,fused_streaming,circular,persistent,1,1
14594,242833,246750,16,0,0,fused_streaming,circular,persistent,1,1
14595,235458,239334,16,0,0,fused_streaming,circular,persistent,1,1
14596,244541,248500,16,0,0,fused_streaming,circular,persistent,1,1
14597,240125,243958,16,0,0,fused_streaming,circular,persistent,1,1
14598,245875,249750,16,0,0,fused_streaming,circular,persistent,1,1
14599,250041,254000,16,0,0,fused_streaming,circular,persistent,1,1
14600,253209,257167,16,0,0,fused_streaming,circular,persistent,1,1
14601,250042,253958,16,0,0,fused_streaming,circular,persistent,1,1
14602,246917,250792,16,0,0,fused_streaming,circular,persistent,1,1
14603,235833,239750,16,0,0,fused_streaming,circular,persistent,1,1
14604,246708,250625,16,0,0,fused_streaming,circular,persistent,1,1
14605,240083,244000,16,0,0,fused_streaming,circular,persistent,1,1
14606,241334,245208,16,0,0,fused_streaming,circular,persistent,1,1
14607,236458,240375,16,0,0,fused_streaming,circular,persistent,1,1
14608,246167,250166,16,0,0,fused_streaming,circular,persistent,1,1
14609,238333,242250,16,0,0,fused_streaming,circular,persistent,1,1
14610,243500,247416,16,0,0,fused_streaming,circular,persistent,1,1
14611,246500,250542,16,0,0,fused_streaming,circular,persistent,1,1
14612,245083,249042,16,0,0,fused_streaming,circular,persistent,1,1
14613,248250,252084,16,0,0,fused_streaming,circular,persistent,1,1
14614,251666,255584,16,0,0,fused_streaming,circular,persistent,1,1
14615,250084,254000,16,0,0,fused_streaming,circular,persistent,1,1
14616,245334,249250,16,0,0,fused_streaming,circular,persistent,1,1
14617,236000,239875,16,0,0,fused_streaming,circular,persistent,1,1
14618,281500,285583,16,0,0,fused_streaming,circular,persistent,1,1
14619,237625,241541,16,0,0,fused_streaming,circular,persistent,1,1
14620,238417,242333,16,0,0,fused_streaming,circular,persistent,1,1
14621,242250,246209,16,0,0,fused_streaming,circular,persistent,1,1
14622,244416,248292,16,0,0,fused_streaming,circular,persistent,1,1
14623,242375,246333,16,0,0,fused_streaming,circular,persistent,1,1
14624,238000,241875,16,0,0,fused_streaming,circular,persistent,1,1
14625,247167,251084,16,0,0,fused_streaming,circular,persistent,1,1
14626,243833,247708,16,0,0,fused_streaming,circular,persistent,1,1
14627,241625,245500,16,0,0,fused_streaming,circular,persistent,1,1
14628,298208,302291,16,0,0,fused_streaming,circular,persistent,1,1
14629,249334,253458,16,0,0,fused_streaming,circular,persistent,1,1
14630,247083,251000,16,0,0,fused_streaming,circular,persistent,1,1
14631,239250,243208,16,0,0,fused_streaming,circular,persistent,1,1
14632,243375,247292,16,0,0,fused_streaming,circular,persistent,1,1
14633,240291,244208,16,0,0,fused_streaming,circular,persistent,1,1
14634,239625,243459,16,0,0,fused_streaming,circular,persistent,1,1
14635,237208,241083,16,0,0,fused_streaming,circular,persistent,1,1
14636,246875,250792,16,0,0,fused_streaming,circular,persistent,1,1
14637,305375,309417,16,0,0,fused_streaming,circular,persistent,1,1
14638,243041,246958,16,0,0,fused_streaming,circular,persistent,1,1
14639,251166,255084,16,0,0,fused_streaming,circular,persistent,1,1
14640,239667,243583,16,0,0,fused_streaming,circular,persistent,1,1
14641,242166,246125,16,0,0,fused_streaming,circular,persistent,1,1
14642,255875,259750,16,0,0,fused_streaming,circular,persistent,1,1
14643,247167,251000,16,0,0,fused_streaming,circular,persistent,1,1
14644,247334,251167,16,0,0,fused_streaming,circular,persistent,1,1
14645,240375,244208,16,0,0,fused_streaming,circular,persistent,1,1
14646,241250,245125,16,0,0,fused_streaming,circular,persistent,1,1
14647,245417,249417,16,0,0,fused_streaming,circular,persistent,1,1
14648,235000,238875,16,0,0,fused_streaming,circular,persistent,1,1
14649,244416,248334,16,0,0,fused_streaming,circular,persistent,1,1
14650,241708,245667,16,0,0,fused_streaming,circular,persistent,1,1
14651,245292,249167,16,0,0,fused_streaming,circular,persistent,1,1
14652,243000,246916,16,0,0,fused_streaming,circular,persistent,1,1
14653,247791,251750,16,0,0,fused_streaming,circular,persistent,1,1
14654,239458,243459,16,0,0,fused_streaming,circular,persistent,1,1
14655,237834,241791,16,0,0,fused_streaming,circular,persistent,1,1
14656,248750,252625,16,0,0,fused_streaming,circular,persistent,1,1
14657,248125,251958,16,0,0,fused_streaming,circular,persistent,1,1
14658,253375,257291,16,0,0,fused_streaming,circular,persistent,1,1
14659,240750,244667,16,0,0,fused_streaming,circular,persistent,1,1
14660,240625,244583,16,0,0,fused_streaming,circular,persistent,1,1
14661,245083,249166,16,0,0,fused_streaming,circular,persistent,1,1
14662,235958,239917,16,0,0,fused_streaming,circular,persistent,1,1
14663,244333,248250,16,0,0,fused_streaming,circular,persistent,1,1
14664,236417,240334,16,0,0,fused_streaming,circular,persistent,1,1
14665,245750,249708,16,0,0,fused_streaming,circular,persistent,1,1
14666,240250,244166,16,0,0,fused_streaming,circular,persistent,1,1
14667,245167,249083,16,0,0,fused_streaming,circular,persistent,1,1
14668,236042,239958,16,0,0,fused_streaming,circular,persistent,1,1
14669,248708,252750,16,0,0,fused_streaming,circular,persistent,1,1
14670,253250,257125,16,0,0,fused_streaming,circular,persistent,1,1
14671,250666,254541,16,0,0,fused_streaming,circular,persistent,1,1
14672,253542,257416,16,0,0,fused_streaming,circular,persistent,1,1
14673,245000,248833,16,0,0,fused_streaming,circular,persistent,1,1
14674,236750,240958,16,0,0,fused_streaming,circular,persistent,1,1
14675,244500,248375,16,0,0,fused_streaming,circular,persistent,1,1
14676,241791,245625,16,0,0,fused_streaming,circular,persistent,1,1
14677,244250,248166,16,0,0,fused_streaming,circular,persistent,1,1
14678,240334,244292,16,0,0,fused_streaming,circular,persistent,1,1
14679,240708,244542,16,0,0,fused_streaming,circular,persistent,1,1
14680,246292,250084,16,0,0,fused_streaming,circular,persistent,1,1
14681,245667,249625,16,0,0,fused_streaming,circular,persistent,1,1
14682,244958,248833,16,0,0,fused_streaming,circular,persistent,1,1
14683,234708,238584,16,0,0,fused_streaming,circular,persistent,1,1
14684,230541,234458,16,0,0,fused_streaming,circular,persistent,1,1
14685,239958,243834,16,0,0,fused_streaming,circular,persistent,1,1
14686,241917,245833,16,0,0,fused_streaming,circular,persistent,1,1
14687,239584,243416,16,0,0,fused_streaming,circular,persistent,1,1
14688,238167,241958,16,0,0,fused_streaming,circular,persistent,1,1
14689,233083,236958,16,0,0,fused_streaming,circular,persistent,1,1
14690,232958,236834,16,0,0,fused_streaming,circular,persistent,1,1
14691,267000,271250,16,0,0,fused_streaming,circular,persistent,1,1
14692,221750,225625,16,0,0,fused_streaming,circular,persistent,1,1
14693,228292,232166,16,0,0,fused_streaming,circular,persistent,1,1
14694,239583,243500,16,0,0,fused_streaming,circular,persistent,1,1
14695,238959,242750,16,0,0,fused_streaming,circular,persistent,1,1
14696,221625,225459,16,0,0,fused_streaming,circular,persistent,1,1
14697,227458,231333,16,0,0,fused_streaming,circular,persistent,1,1
14698,215541,219375,16,0,0,fused_streaming,circular,persistent,1,1
14699,212208,216125,16,0,0,fused_streaming,circular,persistent,1,1
