block_idx,model_ns,block_ns,frames_processed,overrun,warmup,execution_mode,history_mode,scratch_mode,inference_chunk_frames,effective_chunk_frames
0,206917,210750,16,0,1,layered_block,circular,per_chunk,16,16
1,217708,221583,16,0,1,layered_block,circular,per_chunk,16,16
2,231625,235459,16,0,1,layered_block,circular,per_chunk,16,16
3,236000,239958,16,0,1,layered_block,circular,per_chunk,16,16
4,283291,287375,16,0,1,layered_block,circular,per_chunk,16,16
5,243291,247167,16,0,1,layered_block,circular,per_chunk,16,16
6,235708,239625,16,0,1,layered_block,circular,per_chunk,16,16
7,243208,247084,16,0,1,layered_block,circular,per_chunk,16,16
8,238333,242250,16,0,1,layered_block,circular,per_chunk,16,16
9,236417,240250,16,0,1,layered_block,circular,per_chunk,16,16
10,234875,238750,16,0,1,layered_block,circular,per_chunk,16,16
11,245167,249000,16,0,1,layered_block,circular,per_chunk,16,16
12,235125,239083,16,0,1,layered_block,circular,per_chunk,16,16
13,235625,239500,16,0,1,layered_block,circular,per_chunk,16,16
14,241416,245208,16,0,1,layered_block,circular,per_chunk,16,16
15,243875,247792,16,0,1,layered_block,circular,per_chunk,16,16
16,247541,251375,16,0,1,layered_block,circular,per_chunk,16,16
17,248125,251958,16,0,1,layered_block,circular,per_chunk,16,16
18,236334,240291,16,0,1,layered_block,circular,per_chunk,16,16
19,242375,246208,16,0,1,layered_block,circular,per_chunk,16,16
20,249000,252875,16,0,1,layered_block,circular,per_chunk,16,16
21,258417,262292,16,0,1,layered_block,circular,per_chunk,16,16
22,250500,254375,16,0,1,layered_block,circular,per_chunk,16,16
23,251875,255750,16,0,1,layered_block,circular,per_chunk,16,16
24,307417,316459,16,0,1,layered_block,circular,per_chunk,16,16
25,257167,261083,16,0,1,layered_block,circular,per_chunk,16,16
26,253916,257833,16,0,1,layered_block,circular,per_chunk,16,16
27,240833,244750,16,0,1,layered_block,circular,per_chunk,16,16
28,243375,247208,16,0,1,layered_block,circular,per_chunk,16,16
29,240792,244666,16,0,1,layered_block,circular,per_chunk,16,16
30,249000,252917,16,0,1,layered_block,circular,per_chunk,16,16
31,246625,250542,16,0,1,layered_block,circular,per_chunk,16,16
32,247000,250916,16,0,1,layered_block,circular,per_chunk,16,16
33,247916,251792,16,0,1,layered_block,circular,per_chunk,16,16
34,247666,251583,16,0,1,layered_block,circular,per_chunk,16,16
35,246333,250250,16,0,1,layered_block,circular,per_chunk,16,16
36,231250,235167,16,0,1,layered_block,circular,per_chunk,16,16
37,233167,237041,16,0,1,layered_block,circular,per_chunk,16,16
38,228708,232542,16,0,1,layered_block,circular,per_chunk,16,16
39,225583,229416,16,0,1,layered_block,circular,per_chunk,16,16
40,276333,280417,16,0,1,layered_block,circular,per_chunk,16,16
41,237958,241875,16,0,1,layered_block,circular,per_chunk,16,16
42,297458,301458,16,0,1,layered_block,circular,per_chunk,16,16
43,244792,248667,16,0,1,layered_block,circular,per_chunk,16,16
44,258083,261917,16,0,1,layered_block,circular,per_chunk,16,16
45,255334,259208,16,0,1,layered_block,circular,per_chunk,16,16
46,246500,250291,16,0,1,layered_block,circular,per_chunk,16,16
47,250791,254583,16,0,1,layered_block,circular,per_chunk,16,16
48,255417,259334,16,0,1,layered_block,circular,per_chunk,16,16
49,253292,257084,16,0,1,layered_block,circular,per_chunk,16,16
50,255750,259625,16,0,1,layered_block,circular,per_chunk,16,16
51,257042,260958,16,0,1,layered_block,circular,per_chunk,16,16
52,266458,270292,16,0,1,layered_block,circular,per_chunk,16,16
53,259250,263125,16,0,1,layered_block,circular,per_chunk,16,16
54,259291,263125,16,0,1,layered_block,circular,per_chunk,16,16
55,250083,253917,16,0,1,layered_block,circular,per_chunk,16,16
56,293542,297625,16,0,1,layered_block,circular,per_chunk,16,16
57,231583,235417,16,0,1,layered_block,circular,per_chunk,16,16
58,234917,238750,16,0,1,layered_block,circular,per_chunk,16,16
59,243291,247083,16,0,1,layered_block,circular,per_chunk,16,16
60,238375,242250,16,0,1,layered_block,circular,per_chunk,16,16
61,249750,253625,16,0,1,layered_block,circular,per_chunk,16,16
62,250541,254375,16,0,1,layered_block,circular,per_chunk,16,16
63,247500,251375,16,0,1,layered_block,circular,per_chunk,16,16
64,242416,246333,16,0,1,layered_block,circular,per_chunk,16,16
65,245458,249375,16,0,1,layered_block,circular,per_chunk,16,16
66,286750,290833,16,0,1,layered_block,circular,per_chunk,16,16
67,243958,252125,16,0,1,layered_block,circular,per_chunk,16,16
68,290375,294541,16,0,1,layered_block,circular,per_chunk,16,16
69,241792,245667,16,0,1,layered_block,circular,per_chunk,16,16
70,279125,283250,16,0,1,layered_block,circular,per_chunk,16,16
71,233041,237041,16,0,1,layered_block,circular,per_chunk,16,16
72,248625,252500,16,0,1,layered_block,circular,per_chunk,16,16
73,242084,246000,16,0,1,layered_block,circular,per_chunk,16,16
74,289709,293791,16,0,1,layered_block,circular,per_chunk,16,16
75,258083,261917,16,0,1,layered_block,circular,per_chunk,16,16
76,253750,257708,16,0,1,layered_block,circular,per_chunk,16,16
77,250625,254542,16,0,1,layered_block,circular,per_chunk,16,16
78,254166,258125,16,0,1,layered_block,circular,per_chunk,16,16
79,256750,264625,16,0,1,layered_block,circular,per_chunk,16,16
80,263833,267708,16,0,1,layered_block,circular,per_chunk,16,16
81,262167,266084,16,0,1,layered_block,circular,per_chunk,16,16
82,250541,254458,16,0,1,layered_block,circular,per_chunk,16,16
83,255458,259291,16,0,1,layered_block,circular,per_chunk,16,16
84,237708,241625,16,0,1,layered_block,circular,per_chunk,16,16
85,226209,230084,16,0,1,layered_block,circular,per_chunk,16,16
86,218042,222000,16,0,1,layered_block,circular,per_chunk,16,16
87,219334,223208,16,0,1,layered_block,circular,per_chunk,16,16
88,234958,238833,16,0,1,layered_block,circular,per_chunk,16,16
89,242750,246583,16,0,1,layered_block,circular,per_chunk,16,16
90,244083,248000,16,0,1,layered_block,circular,per_chunk,16,16
91,245416,249291,16,0,1,layered_block,circular,per_chunk,16,16
92,235834,239708,16,0,1,layered_block,circular,per_chunk,16,16
93,262458,266625,16,0,1,layered_block,circular,per_chunk,16,16
94,234625,238500,16,0,1,layered_block,circular,per_chunk,16,16
95,238709,242583,16,0,1,layered_block,circular,per_chunk,16,16
96,245083,248959,16,0,1,layered_block,circular,per_chunk,16,16
97,233333,237209,16,0,1,layered_block,circular,per_chunk,16,16
98,224208,228083,16,0,1,layered_block,circular,per_chunk,16,16
99,248167,251959,16,0,1,layered_block,circular,per_chunk,16,16
100,252125,256000,16,0,0,layered_block,circular,per_chunk,16,16
101,251250,255083,16,0,0,layered_block,circular,per_chunk,16,16
102,254125,257958,16,0,0,layered_block,circular,per_chunk,16,16
103,254541,258459,16,0,0,layered_block,circular,per_chunk,16,16
104,257917,261791,16,0,0,layered_block,circular,per_chunk,16,16
105,251792,255667,16,0,0,layered_block,circular,per_chunk,16,16
106,254333,258208,16,0,0,layered_block,circular,per_chunk,16,16
107,262166,266042,16,0,0,layered_block,circular,per_chunk,16,16
108,258166,262083,16,0,0,layered_block,circular,per_chunk,16,16
109,255541,259375,16,0,0,layered_block,circular,per_chunk,16,16
110,252375,256208,16,0,0,layered_block,circular,per_chunk,16,16
111,243000,246875,16,0,0,layered_block,circular,per_chunk,16,16
112,232000,235875,16,0,0,layered_block,circular,per_chunk,16,16
113,234250,238083,16,0,0,layered_block,circular,per_chunk,16,16
114,227833,231791,16,0,0,layered_block,circular,per_chunk,16,16
115,235792,239625,16,0,0,layered_block,circular,per_chunk,16,16
116,234250,238125,16,0,0,layered_block,circular,per_chunk,16,16
117,283750,287791,16,0,0,layered_block,circular,per_chunk,16,16
118,237083,240958,16,0,0,layered_block,circular,per_chunk,16,16
119,234792,238625,16,0,0,layered_block,circular,per_chunk,16,16
120,238958,242791,16,0,0,layered_block,circular,per_chunk,16,16
121,239708,243542,16,0,0,layered_block,circular,per_chunk,16,16
122,237750,241750,16,0,0,layered_block,circular,per_chunk,16,16
123,234125,238000,16,0,0,layered_block,circular,per_chunk,16,16
124,228583,232500,16,0,0,layered_block,circular,per_chunk,16,16
125,234333,238292,16,0,0,layered_block,circular,per_chunk,16,16
126,245750,249625,16,0,0,layered_block,circular,per_chunk,16,16
127,248708,252583,16,0,0,layered_block,circular,per_chunk,16,16
128,251916,255750,16,0,0,layered_block,circular,per_chunk,16,16
129,249250,253209,16,0,0,layered_block,circular,per_chunk,16,16
130,251958,255834,16,0,0,layered_block,circular,per_chunk,16,16
131,257959,261750,16,0,0,layered_block,circular,per_chunk,16,16
132,254167,258083,16,0,0,layered_block,circular,per_chunk,16,16
133,252500,256417,16,0,0,layered_block,circular,per_chunk,16,16
134,255083,258875,16,0,0,layered_block,circular,per_chunk,16,16
135,257291,261167,16,0,0,layered_block,circular,per_chunk,16,16
136,258583,262375,16,0,0,layered_block,circular,per_chunk,16,16
137,256500,260333,16,0,0,layered_block,circular,per_chunk,16,16
138,312458,316792,16,0,0,layered_block,circular,per_chunk,16,16
139,246791,250625,16,0,0,layered_block,circular,per_chunk,16,16
140,279750,283833,16,0,0,layered_block,circular,per_chunk,16,16
141,219542,223541,16,0,0,layered_block,circular,per_chunk,16,16
142,225625,229459,16,0,0,layered_block,circular,per_chunk,16,16
143,231459,235375,16,0,0,layered_block,circular,per_chunk,16,16
144,234792,238708,16,0,0,layered_block,circular,per_chunk,16,16
145,242459,246416,16,0,0,layered_block,circular,per_chunk,16,16
146,241125,245041,16,0,0,layered_block,circular,per_chunk,16,16
147,245166,249333,16,0,0,layered_block,circular,per_chunk,16,16
148,234667,238583,16,0,0,layered_block,circular,per_chunk,16,16
149,245875,249833,16,0,0,layered_block,circular,per_chunk,16,16
150,237042,240917,16,0,0,layered_block,circular,per_chunk,16,16
151,236541,240333,16,0,0,layered_block,circular,per_chunk,16,16
152,239333,243208,16,0,0,layered_block,circular,per_chunk,16,16
153,239125,243125,16,0,0,layered_block,circular,per_chunk,16,16
154,244042,247917,16,0,0,layered_block,circular,per_chunk,16,16
155,241375,245250,16,0,0,layered_block,circular,per_chunk,16,16
156,247667,251500,16,0,0,layered_block,circular,per_chunk,16,16
157,245583,249417,16,0,0,layered_block,circular,per_chunk,16,16
158,253125,256958,16,0,0,layered_block,circular,per_chunk,16,16
159,257875,267125,16,0,0,layered_block,circular,per_chunk,16,16
160,247042,250917,16,0,0,layered_block,circular,per_chunk,16,16
161,252834,256666,16,0,0,layered_block,circular,per_chunk,16,16
162,261917,265750,16,0,0,layered_block,circular,per_chunk,16,16
163,262916,266750,16,0,0,layered_block,circular,per_chunk,16,16
164,309959,314083,16,0,0,layered_block,circular,per_chunk,16,16
165,254625,258459,16,0,0,layered_block,circular,per_chunk,16,16
166,250375,254250,16,0,0,layered_block,circular,per_chunk,16,16
167,243250,247125,16,0,0,layered_block,circular,per_chunk,16,16
168,235416,239333,16,0,0,layered_block,circular,per_chunk,16,16
169,235000,238833,16,0,0,layered_block,circular,per_chunk,16,16
170,221375,225208,16,0,0,layered_block,circular,per_chunk,16,16
171,224500,228416,16,0,0,layered_block,circular,per_chunk,16,16
172,238042,241917,16,0,0,layered_block,circular,per_chunk,16,16
173,239167,243125,16,0,0,layered_block,circular,per_chunk,16,16
174,248625,252542,16,0,0,layered_block,circular,per_chunk,16,16
175,242417,246292,16,0,0,layered_block,circular,per_chunk,16,16
176,245208,249083,16,0,0,layered_block,circular,per_chunk,16,16
177,246292,250166,16,0,0,layered_block,circular,per_chunk,16,16
178,238041,242000,16,0,0,layered_block,circular,per_chunk,16,16
179,245791,249667,16,0,0,layered_block,circular,per_chunk,16,16
180,237584,241542,16,0,0,layered_block,circular,per_chunk,16,16
181,234500,238416,16,0,0,layered_block,circular,per_chunk,16,16
182,246333,250209,16,0,0,layered_block,circular,per_chunk,16,16
183,251500,255375,16,0,0,layered_block,circular,per_chunk,16,16
184,245208,249125,16,0,0,layered_block,circular,per_chunk,16,16
185,245625,249542,16,0,0,layered_block,circular,per_chunk,16,16
186,260042,263959,16,0,0,layered_block,circular,per_chunk,16,16
187,252208,256250,16,0,0,layered_block,circular,per_chunk,16,16
188,241209,245542,16,0,0,layered_block,circular,per_chunk,16,16
189,252417,256417,16,0,0,layered_block,circular,per_chunk,16,16
190,263083,266959,16,0,0,layered_block,circular,per_chunk,16,16
191,260583,264458,16,0,0,layered_block,circular,per_chunk,16,16
192,252584,256458,16,0,0,layered_block,circular,per_chunk,16,16
193,253542,257417,16,0,0,layered_block,circular,per_chunk,16,16
194,249167,253041,16,0,0,layered_block,circular,per_chunk,16,16
195,233167,237000,16,0,0,layered_block,circular,per_chunk,16,16
196,230875,234750,16,0,0,layered_block,circular,per_chunk,16,16
197,233708,237625,16,0,0,layered_block,circular,per_chunk,16,16
198,240250,244083,16,0,0,layered_block,circular,per_chunk,16,16
199,243208,247125,16,0,0,layered_block,circular,per_chunk,16,16
200,241083,245125,16,0,0,layered_block,circular,per_chunk,16,16
201,249791,253667,16,0,0,layered_block,circular,per_chunk,16,16
202,247209,251083,16,0,0,layered_block,circular,per_chunk,16,16
203,235875,239792,16,0,0,layered_block,circular,per_chunk,16,16
204,243209,247083,16,0,0,layered_block,circular,per_chunk,16,16
205,242250,246083,16,0,0,layered_block,circular,per_chunk,16,16
206,233375,237334,16,0,0,layered_block,circular,per_chunk,16,16
207,229958,233875,16,0,0,layered_block,circular,per_chunk,16,16
208,230167,234042,16,0,0,layered_block,circular,per_chunk,16,16
209,243708,247584,16,0,0,layered_block,circular,per_chunk,16,16
210,250750,254583,16,0,0,layered_block,circular,per_chunk,16,16
211,245416,249292,16,0,0,layered_block,circular,per_chunk,16,16
212,244833,248792,16,0,0,layered_block,circular,per_chunk,16,16
213,255959,259791,16,0,0,layered_block,circular,per_chunk,16,16
214,260083,264042,16,0,0,layered_block,circular,per_chunk,16,16
215,245500,249459,16,0,0,layered_block,circular,per_chunk,16,16
216,246000,249917,16,0,0,layered_block,circular,per_chunk,16,16
217,311500,315834,16,0,0,layered_block,circular,per_chunk,16,16
218,262959,266875,16,0,0,layered_block,circular,per_chunk,16,16
219,258458,262375,16,0,0,layered_block,circular,per_chunk,16,16
220,255292,259166,16,0,0,layered_block,circular,per_chunk,16,16
221,247125,251000,16,0,0,layered_block,circular,per_chunk,16,16
222,234625,238959,16,0,0,layered_block,circular,per_chunk,16,16
223,226541,230375,16,0,0,layered_block,circular,per_chunk,16,16
224,227541,231542,16,0,0,layered_block,circular,per_chunk,16,16
225,237250,241125,16,0,0,layered_block,circular,per_chunk,16,16
226,324000,328625,16,0,0,layered_block,circular,per_chunk,16,16
227,239917,243833,16,0,0,layered_block,circular,per_chunk,16,16
228,286042,290166,16,0,0,layered_block,circular,per_chunk,16,16
229,241792,245750,16,0,0,layered_block,circular,per_chunk,16,16
230,240292,244083,16,0,0,layered_block,circular,per_chunk,16,16
231,237292,241250,16,0,0,layered_block,circular,per_chunk,16,16
232,243583,247459,16,0,0,layered_block,circular,per_chunk,16,16
233,231250,235084,16,0,0,layered_block,circular,per_chunk,16,16
234,226708,230625,16,0,0,layered_block,circular,per_chunk,16,16
235,231292,235125,16,0,0,layered_block,circular,per_chunk,16,16
236,232000,235875,16,0,0,layered_block,circular,per_chunk,16,16
237,244833,248750,16,0,0,layered_block,circular,per_chunk,16,16
238,248084,251958,16,0,0,layered_block,circular,per_chunk,16,16
239,248375,252250,16,0,0,layered_block,circular,per_chunk,16,16
240,247792,251667,16,0,0,layered_block,circular,per_chunk,16,16
241,259833,263708,16,0,0,layered_block,circular,per_chunk,16,16
242,254042,257917,16,0,0,layered_block,circular,per_chunk,16,16
243,249167,253000,16,0,0,layered_block,circular,per_chunk,16,16
244,250916,254875,16,0,0,layered_block,circular,per_chunk,16,16
245,262166,266000,16,0,0,layered_block,circular,per_chunk,16,16
246,260125,264042,16,0,0,layered_block,circular,per_chunk,16,16
247,251625,255583,16,0,0,layered_block,circular,per_chunk,16,16
248,253000,256875,16,0,0,layered_block,circular,per_chunk,16,16
249,251625,255500,16,0,0,layered_block,circular,per_chunk,16,16
250,237292,241167,16,0,0,layered_block,circular,per_chunk,16,16
251,232250,236125,16,0,0,layered_block,circular,per_chunk,16,16
252,223916,227875,16,0,0,layered_block,circular,per_chunk,16,16
253,235667,239541,16,0,0,layered_block,circular,per_chunk,16,16
254,240750,244833,16,0,0,layered_block,circular,per_chunk,16,16
255,241792,245750,16,0,0,layered_block,circular,per_chunk,16,16
256,281666,285667,16,0,0,layered_block,circular,per_chunk,16,16
257,238458,242334,16,0,0,layered_block,circular,per_chunk,16,16
258,239916,243750,16,0,0,layered_block,circular,per_chunk,16,16
259,242417,246708,16,0,0,layered_block,circular,per_chunk,16,16
260,231917,235750,16,0,0,layered_block,circular,per_chunk,16,16
261,228584,232458,16,0,0,layered_block,circular,per_chunk,16,16
262,232916,236834,16,0,0,layered_block,circular,per_chunk,16,16
263,230458,234375,16,0,0,layered_block,circular,per_chunk,16,16
264,228500,232416,16,0,0,layered_block,circular,per_chunk,16,16
265,240500,244416,16,0,0,layered_block,circular,per_chunk,16,16
266,245000,248875,16,0,0,layered_block,circular,per_chunk,16,16
267,296291,300708,16,0,0,layered_block,circular,per_chunk,16,16
268,255042,258917,16,0,0,layered_block,circular,per_chunk,16,16
269,260417,264291,16,0,0,layered_block,circular,per_chunk,16,16
270,255834,259625,16,0,0,layered_block,circular,per_chunk,16,16
271,250709,254500,16,0,0,layered_block,circular,per_chunk,16,16
272,259458,263333,16,0,0,layered_block,circular,per_chunk,16,16
273,263834,267667,16,0,0,layered_block,circular,per_chunk,16,16
274,261541,265417,16,0,0,layered_block,circular,per_chunk,16,16
275,255208,259042,16,0,0,layered_block,circular,per_chunk,16,16
276,255125,259041,16,0,0,layered_block,circular,per_chunk,16,16
277,245458,249292,16,0,0,layered_block,circular,per_chunk,16,16
278,240084,243916,16,0,0,layered_block,circular,per_chunk,16,16
279,230458,234292,16,0,0,layered_block,circular,per_chunk,16,16
280,227083,231000,16,0,0,layered_block,circular,per_chunk,16,16
281,228583,232542,16,0,0,layered_block,circular,per_chunk,16,16
282,234750,238625,16,0,0,layered_block,circular,per_chunk,16,16
283,238458,242292,16,0,0,layered_block,circular,per_chunk,16,16
284,245584,249458,16,0,0,layered_block,circular,per_chunk,16,16
285,241500,245375,16,0,0,layered_block,circular,per_chunk,16,16
286,242167,246084,16,0,0,layered_block,circular,per_chunk,16,16
287,242958,246750,16,0,0,layered_block,circular,per_chunk,16,16
288,236917,240833,16,0,0,layered_block,circular,per_chunk,16,16
289,229833,233709,16,0,0,layered_block,circular,per_chunk,16,16
290,229334,233166,16,0,0,layered_block,circular,per_chunk,16,16
291,238333,242167,16,0,0,layered_block,circular,per_chunk,16,16
292,241666,245542,16,0,0,layered_block,circular,per_chunk,16,16
293,240250,244125,16,0,0,layered_block,circular,per_chunk,16,16
294,249125,253084,16,0,0,layered_block,circular,per_chunk,16,16
295,252333,256292,16,0,0,layered_block,circular,per_chunk,16,16
296,299833,304000,16,0,0,layered_block,circular,per_chunk,16,16
297,259209,263125,16,0,0,layered_block,circular,per_chunk,16,16
298,245458,249375,16,0,0,layered_block,circular,per_chunk,16,16
299,246792,250708,16,0,0,layered_block,circular,per_chunk,16,16
300,260625,264500,16,0,0,layered_block,circular,per_chunk,16,16
301,259000,262916,16,0,0,layered_block,circular,per_chunk,16,16
302,257667,261625,16,0,0,layered_block,circular,per_chunk,16,16
303,299833,303875,16,0,0,layered_block,circular,per_chunk,16,16
304,248625,252458,16,0,0,layered_block,circular,per_chunk,16,16
305,243459,251542,16,0,0,layered_block,circular,per_chunk,16,16
306,233667,237500,16,0,0,layered_block,circular,per_chunk,16,16
307,271000,275084,16,0,0,layered_block,circular,per_chunk,16,16
308,234125,237958,16,0,0,layered_block,circular,per_chunk,16,16
309,242667,246542,16,0,0,layered_block,circular,per_chunk,16,16
310,239041,242833,16,0,0,layered_block,circular,per_chunk,16,16
311,247917,251750,16,0,0,layered_block,circular,per_chunk,16,16
312,239959,243833,16,0,0,layered_block,circular,per_chunk,16,16
313,249166,253000,16,0,0,layered_block,circular,per_chunk,16,16
314,241375,245250,16,0,0,layered_block,circular,per_chunk,16,16
315,231584,235458,16,0,0,layered_block,circular,per_chunk,16,16
316,229250,233167,16,0,0,layered_block,circular,per_chunk,16,16
317,215208,219125,16,0,0,layered_block,circular,per_chunk,16,16
318,277666,282125,16,0,0,layered_block,circular,per_chunk,16,16
319,232583,236584,16,0,0,layered_block,circular,per_chunk,16,16
320,241250,245125,16,0,0,layered_block,circular,per_chunk,16,16
321,243333,247208,16,0,0,layered_block,circular,per_chunk,16,16
322,248583,252791,16,0,0,layered_block,circular,per_chunk,16,16
323,247750,251667,16,0,0,layered_block,circular,per_chunk,16,16
324,259583,263500,16,0,0,layered_block,circular,per_chunk,16,16
325,253917,257792,16,0,0,layered_block,circular,per_chunk,16,16
326,244041,247917,16,0,0,layered_block,circular,per_chunk,16,16
327,248667,252625,16,0,0,layered_block,circular,per_chunk,16,16
328,262667,266500,16,0,0,layered_block,circular,per_chunk,16,16
329,260666,264542,16,0,0,layered_block,circular,per_chunk,16,16
330,253333,257625,16,0,0,layered_block,circular,per_chunk,16,16
331,245459,249416,16,0,0,layered_block,circular,per_chunk,16,16
332,244375,248375,16,0,0,layered_block,circular,per_chunk,16,16
333,233667,237584,16,0,0,layered_block,circular,per_chunk,16,16
334,223958,227875,16,0,0,layered_block,circular,per_chunk,16,16
335,231125,235125,16,0,0,layered_block,circular,per_chunk,16,16
336,243833,247709,16,0,0,layered_block,circular,per_chunk,16,16
337,237917,241833,16,0,0,layered_block,circular,per_chunk,16,16
338,239209,243083,16,0,0,layered_block,circular,per_chunk,16,16
339,237791,241625,16,0,0,layered_block,circular,per_chunk,16,16
340,234750,238625,16,0,0,layered_block,circular,per_chunk,16,16
341,240166,244042,16,0,0,layered_block,circular,per_chunk,16,16
342,238250,242125,16,0,0,layered_block,circular,per_chunk,16,16
343,229833,233708,16,0,0,layered_block,circular,per_chunk,16,16
344,231000,235000,16,0,0,layered_block,circular,per_chunk,16,16
345,230958,234833,16,0,0,layered_block,circular,per_chunk,16,16
346,224000,227958,16,0,0,layered_block,circular,per_chunk,16,16
347,230084,234000,16,0,0,layered_block,circular,per_chunk,16,16
348,238167,242125,16,0,0,layered_block,circular,per_chunk,16,16
349,246250,250167,16,0,0,layered_block,circular,per_chunk,16,16
350,248667,252625,16,0,0,layered_block,circular,per_chunk,16,16
351,254500,258375,16,0,0,layered_block,circular,per_chunk,16,16
352,257916,261833,16,0,0,layered_block,circular,per_chunk,16,16
353,257000,260875,16,0,0,layered_block,circular,per_chunk,16,16
354,286500,290667,16,0,0,layered_block,circular,per_chunk,16,16
355,248500,252417,16,0,0,layered_block,circular,per_chunk,16,16
356,261750,265625,16,0,0,layered_block,circular,per_chunk,16,16
357,261334,265166,16,0,0,layered_block,circular,per_chunk,16,16
358,254459,258333,16,0,0,layered_block,circular,per_chunk,16,16
359,253291,257209,16,0,0,layered_block,circular,per_chunk,16,16
360,244375,248250,16,0,0,layered_block,circular,per_chunk,16,16
361,238250,242167,16,0,0,layered_block,circular,per_chunk,16,16
362,225250,229167,16,0,0,layered_block,circular,per_chunk,16,16
363,232750,236583,16,0,0,layered_block,circular,per_chunk,16,16
364,238167,242083,16,0,0,layered_block,circular,per_chunk,16,16
365,237042,240875,16,0,0,layered_block,circular,per_chunk,16,16
366,242583,246542,16,0,0,layered_block,circular,per_chunk,16,16
367,234250,238084,16,0,0,layered_block,circular,per_chunk,16,16
368,278875,282958,16,0,0,layered_block,circular,per_chunk,16,16
369,241084,245000,16,0,0,layered_block,circular,per_chunk,16,16
370,289375,293416,16,0,0,layered_block,circular,per_chunk,16,16
371,236708,240625,16,0,0,layered_block,circular,per_chunk,16,16
372,221209,225042,16,0,0,layered_block,circular,per_chunk,16,16
373,230583,234417,16,0,0,layered_block,circular,per_chunk,16,16
374,219750,223666,16,0,0,layered_block,circular,per_chunk,16,16
375,233083,236958,16,0,0,layered_block,circular,per_chunk,16,16
376,232750,236667,16,0,0,layered_block,circular,per_chunk,16,16
377,290917,295125,16,0,0,layered_block,circular,per_chunk,16,16
378,248958,252792,16,0,0,layered_block,circular,per_chunk,16,16
379,255292,259208,16,0,0,layered_block,circular,per_chunk,16,16
380,260375,264250,16,0,0,layered_block,circular,per_chunk,16,16
381,253167,257083,16,0,0,layered_block,circular,per_chunk,16,16
382,244375,248250,16,0,0,layered_block,circular,per_chunk,16,16
383,257125,261042,16,0,0,layered_block,circular,per_chunk,16,16
384,258666,262583,16,0,0,layered_block,circular,per_chunk,16,16
385,260583,264500,16,0,0,layered_block,circular,per_chunk,16,16
386,260583,264500,16,0,0,layered_block,circular,per_chunk,16,16
387,253000,256958,16,0,0,layered_block,circular,per_chunk,16,16
388,246583,250459,16,0,0,layered_block,circular,per_chunk,16,16
389,236000,239875,16,0,0,layered_block,circular,per_chunk,16,16
390,235667,239500,16,0,0,layered_block,circular,per_chunk,16,16
391,285166,289250,16,0,0,layered_block,circular,per_chunk,16,16
392,235417,239292,16,0,0,layered_block,circular,per_chunk,16,16
393,239709,243541,16,0,0,layered_block,circular,per_chunk,16,16
394,232750,236625,16,0,0,layered_block,circular,per_chunk,16,16
395,235708,239542,16,0,0,layered_block,circular,per_chunk,16,16
396,241125,245042,16,0,0,layered_block,circular,per_chunk,16,16
397,239125,243083,16,0,0,layered_block,circular,per_chunk,16,16
398,244292,248125,16,0,0,layered_block,circular,per_chunk,16,16
399,232208,236125,16,0,0,layered_block,circular,per_chunk,16,16
400,236833,240667,16,0,0,layered_block,circular,per_chunk,16,16
401,237625,241500,16,0,0,layered_block,circular,per_chunk,16,16
402,261917,266208,16,0,0,layered_block,circular,per_chunk,16,16
403,226458,230333,16,0,0,layered_block,circular,per_chunk,16,16
404,236167,240084,16,0,0,layered_block,circular,per_chunk,16,16
405,248917,253041,16,0,0,layered_block,circular,per_chunk,16,16
406,251875,255792,16,0,0,layered_block,circular,per_chunk,16,16
407,252083,255958,16,0,0,layered_block,circular,per_chunk,16,16
408,260666,264625,16,0,0,layered_block,circular,per_chunk,16,16
409,250667,254542,16,0,0,layered_block,circular,per_chunk,16,16
410,251333,255292,16,0,0,layered_block,circular,per_chunk,16,16
411,251916,255916,16,0,0,layered_block,circular,per_chunk,16,16
412,263250,267125,16,0,0,layered_block,circular,per_chunk,16,16
413,261084,265000,16,0,0,layered_block,circular,per_chunk,16,16
414,254000,257834,16,0,0,layered_block,circular,per_chunk,16,16
415,246583,250542,16,0,0,layered_block,circular,per_chunk,16,16
416,242500,246375,16,0,0,layered_block,circular,per_chunk,16,16
417,236125,240125,16,0,0,layered_block,circular,per_chunk,16,16
418,231708,235750,16,0,0,layered_block,circular,per_chunk,16,16
419,228125,232375,16,0,0,layered_block,circular,per_chunk,16,16
420,234500,238333,16,0,0,layered_block,circular,per_chunk,16,16
421,283042,287125,16,0,0,layered_block,circular,per_chunk,16,16
422,241750,245625,16,0,0,layered_block,circular,per_chunk,16,16
423,285917,290042,16,0,0,layered_block,circular,per_chunk,16,16
424,238833,242750,16,0,0,layered_block,circular,per_chunk,16,16
425,289416,293625,16,0,0,layered_block,circular,per_chunk,16,16
426,242291,246209,16,0,0,layered_block,circular,per_chunk,16,16
427,227584,231375,16,0,0,layered_block,circular,per_chunk,16,16
428,231209,235041,16,0,0,layered_block,circular,per_chunk,16,16
429,214542,218416,16,0,0,layered_block,circular,per_chunk,16,16
430,224875,228750,16,0,0,layered_block,circular,per_chunk,16,16
431,235042,238875,16,0,0,layered_block,circular,per_chunk,16,16
432,284042,288042,16,0,0,layered_block,circular,per_chunk,16,16
433,250959,254833,16,0,0,layered_block,circular,per_chunk,16,16
434,255458,259375,16,0,0,layered_block,circular,per_chunk,16,16
435,255042,258875,16,0,0,layered_block,circular,per_chunk,16,16
436,259125,262959,16,0,0,layered_block,circular,per_chunk,16,16
437,249875,253792,16,0,0,layered_block,circular,per_chunk,16,16
438,249625,253458,16,0,0,layered_block,circular,per_chunk,16,16
439,259292,263125,16,0,0,layered_block,circular,per_chunk,16,16
440,263042,266875,16,0,0,layered_block,circular,per_chunk,16,16
441,255000,258875,16,0,0,layered_block,circular,per_chunk,16,16
442,255250,259084,16,0,0,layered_block,circular,per_chunk,16,16
443,249542,253416,16,0,0,layered_block,circular,per_chunk,16,16
444,237875,241750,16,0,0,layered_block,circular,per_chunk,16,16
445,232833,236750,16,0,0,layered_block,circular,per_chunk,16,16
446,223917,227791,16,0,0,layered_block,circular,per_chunk,16,16
447,231917,235791,16,0,0,layered_block,circular,per_chunk,16,16
448,238208,242333,16,0,0,layered_block,circular,per_chunk,16,16
449,241166,245042,16,0,0,layered_block,circular,per_chunk,16,16
450,225875,229750,16,0,0,layered_block,circular,per_chunk,16,16
451,229042,232917,16,0,0,layered_block,circular,per_chunk,16,16
452,237625,241458,16,0,0,layered_block,circular,per_chunk,16,16
453,241625,245542,16,0,0,layered_block,circular,per_chunk,16,16
454,228500,232375,16,0,0,layered_block,circular,per_chunk,16,16
455,229416,233250,16,0,0,layered_block,circular,per_chunk,16,16
456,229208,233167,16,0,0,layered_block,circular,per_chunk,16,16
457,225916,229875,16,0,0,layered_block,circular,per_chunk,16,16
458,237792,241625,16,0,0,layered_block,circular,per_chunk,16,16
459,229250,233500,16,0,0,layered_block,circular,per_chunk,16,16
460,238667,242542,16,0,0,layered_block,circular,per_chunk,16,16
461,250167,254125,16,0,0,layered_block,circular,per_chunk,16,16
462,248708,252583,16,0,0,layered_block,circular,per_chunk,16,16
463,256708,260584,16,0,0,layered_block,circular,per_chunk,16,16
464,298750,302792,16,0,0,layered_block,circular,per_chunk,16,16
465,245625,249500,16,0,0,layered_block,circular,per_chunk,16,16
466,245833,249792,16,0,0,layered_block,circular,per_chunk,16,16
467,256166,260084,16,0,0,layered_block,circular,per_chunk,16,16
468,257084,261000,16,0,0,layered_block,circular,per_chunk,16,16
469,257833,261667,16,0,0,layered_block,circular,per_chunk,16,16
470,254792,258708,16,0,0,layered_block,circular,per_chunk,16,16
471,242750,246625,16,0,0,layered_block,circular,per_chunk,16,16
472,245709,249541,16,0,0,layered_block,circular,per_chunk,16,16
473,238792,242667,16,0,0,layered_block,circular,per_chunk,16,16
474,219167,223041,16,0,0,layered_block,circular,per_chunk,16,16
475,219584,223458,16,0,0,layered_block,circular,per_chunk,16,16
476,237833,241709,16,0,0,layered_block,circular,per_chunk,16,16
477,233875,237708,16,0,0,layered_block,circular,per_chunk,16,16
478,301875,305958,16,0,0,layered_block,circular,per_chunk,16,16
479,227209,231083,16,0,0,layered_block,circular,per_chunk,16,16
480,235125,239000,16,0,0,layered_block,circular,per_chunk,16,16
481,245875,249750,16,0,0,layered_block,circular,per_chunk,16,16
482,238958,242833,16,0,0,layered_block,circular,per_chunk,16,16
483,231208,235083,16,0,0,layered_block,circular,per_chunk,16,16
484,231125,235000,16,0,0,layered_block,circular,per_chunk,16,16
485,228167,232125,16,0,0,layered_block,circular,per_chunk,16,16
486,215667,219666,16,0,0,layered_block,circular,per_chunk,16,16
487,228375,232250,16,0,0,layered_block,circular,per_chunk,16,16
488,242334,246166,16,0,0,layered_block,circular,per_chunk,16,16
489,242500,246333,16,0,0,layered_block,circular,per_chunk,16,16
490,244125,248042,16,0,0,layered_block,circular,per_chunk,16,16
491,248833,256916,16,0,0,layered_block,circular,per_chunk,16,16
492,255584,259500,16,0,0,layered_block,circular,per_chunk,16,16
493,253125,256958,16,0,0,layered_block,circular,per_chunk,16,16
494,250375,254250,16,0,0,layered_block,circular,per_chunk,16,16
495,253042,257042,16,0,0,layered_block,circular,per_chunk,16,16
496,262166,266000,16,0,0,layered_block,circular,per_chunk,16,16
497,258042,261916,16,0,0,layered_block,circular,per_chunk,16,16
498,253667,257541,16,0,0,layered_block,circular,per_chunk,16,16
499,247375,251250,16,0,0,layered_block,circular,per_chunk,16,16
500,247208,251084,16,0,0,layered_block,circular,per_chunk,16,16
501,234083,237959,16,0,0,layered_block,circular,per_chunk,16,16
502,232875,236708,16,0,0,layered_block,circular,per_chunk,16,16
503,228000,231833,16,0,0,layered_block,circular,per_chunk,16,16
504,232125,236000,16,0,0,layered_block,circular,per_chunk,16,16
505,231583,235541,16,0,0,layered_block,circular,per_chunk,16,16
506,235042,238917,16,0,0,layered_block,circular,per_chunk,16,16
507,236292,240167,16,0,0,layered_block,circular,per_chunk,16,16
508,242083,246000,16,0,0,layered_block,circular,per_chunk,16,16
509,239250,243250,16,0,0,layered_block,circular,per_chunk,16,16
510,238917,242792,16,0,0,layered_block,circular,per_chunk,16,16
511,240667,244541,16,0,0,layered_block,circular,per_chunk,16,16
512,234500,238375,16,0,0,layered_block,circular,per_chunk,16,16
513,218208,222042,16,0,0,layered_block,circular,per_chunk,16,16
514,230292,234125,16,0,0,layered_block,circular,per_chunk,16,16
515,228458,232417,16,0,0,layered_block,circular,per_chunk,16,16
516,278958,283375,16,0,0,layered_block,circular,per_chunk,16,16
517,247875,251792,16,0,0,layered_block,circular,per_chunk,16,16
518,277666,281667,16,0,0,layered_block,circular,per_chunk,16,16
519,242708,246584,16,0,0,layered_block,circular,per_chunk,16,16
520,319542,324125,16,0,0,layered_block,circular,per_chunk,16,16
521,259292,263125,16,0,0,layered_block,circular,per_chunk,16,16
522,249042,252916,16,0,0,layered_block,circular,per_chunk,16,16
523,250959,254833,16,0,0,layered_block,circular,per_chunk,16,16
524,253042,257042,16,0,0,layered_block,circular,per_chunk,16,16
525,260125,264000,16,0,0,layered_block,circular,per_chunk,16,16
526,249958,253875,16,0,0,layered_block,circular,per_chunk,16,16
527,245417,249416,16,0,0,layered_block,circular,per_chunk,16,16
528,244875,248833,16,0,0,layered_block,circular,per_chunk,16,16
529,285917,290125,16,0,0,layered_block,circular,per_chunk,16,16
530,237375,241250,16,0,0,layered_block,circular,per_chunk,16,16
531,226333,230209,16,0,0,layered_block,circular,per_chunk,16,16
532,226333,230208,16,0,0,layered_block,circular,per_chunk,16,16
533,233416,237375,16,0,0,layered_block,circular,per_chunk,16,16
534,226000,229958,16,0,0,layered_block,circular,per_chunk,16,16
535,236958,240792,16,0,0,layered_block,circular,per_chunk,16,16
536,278584,288125,16,0,0,layered_block,circular,per_chunk,16,16
537,246375,250250,16,0,0,layered_block,circular,per_chunk,16,16
538,289625,293917,16,0,0,layered_block,circular,per_chunk,16,16
539,238250,242125,16,0,0,layered_block,circular,per_chunk,16,16
540,220875,224875,16,0,0,layered_block,circular,per_chunk,16,16
541,233375,237250,16,0,0,layered_block,circular,per_chunk,16,16
542,221750,225750,16,0,0,layered_block,circular,per_chunk,16,16
543,215209,219167,16,0,0,layered_block,circular,per_chunk,16,16
544,238250,242125,16,0,0,layered_block,circular,per_chunk,16,16
545,240541,244375,16,0,0,layered_block,circular,per_chunk,16,16
546,231292,235625,16,0,0,layered_block,circular,per_chunk,16,16
547,237708,241500,16,0,0,layered_block,circular,per_chunk,16,16
548,245375,249208,16,0,0,layered_block,circular,per_chunk,16,16
549,252917,256792,16,0,0,layered_block,circular,per_chunk,16,16
550,247667,251625,16,0,0,layered_block,circular,per_chunk,16,16
551,239417,243375,16,0,0,layered_block,circular,per_chunk,16,16
552,250875,254750,16,0,0,layered_block,circular,per_chunk,16,16
553,252125,256041,16,0,0,layered_block,circular,per_chunk,16,16
554,255666,259625,16,0,0,layered_block,circular,per_chunk,16,16
555,254125,257958,16,0,0,layered_block,circular,per_chunk,16,16
556,248625,252500,16,0,0,layered_block,circular,per_chunk,16,16
557,235792,239666,16,0,0,layered_block,circular,per_chunk,16,16
558,244416,248292,16,0,0,layered_block,circular,per_chunk,16,16
559,230750,234709,16,0,0,layered_block,circular,per_chunk,16,16
560,265583,274875,16,0,0,layered_block,circular,per_chunk,16,16
561,232583,236375,16,0,0,layered_block,circular,per_chunk,16,16
562,213333,217167,16,0,0,layered_block,circular,per_chunk,16,16
563,230959,234917,16,0,0,layered_block,circular,per_chunk,16,16
564,240750,244625,16,0,0,layered_block,circular,per_chunk,16,16
565,242583,246459,16,0,0,layered_block,circular,per_chunk,16,16
566,238458,242292,16,0,0,layered_block,circular,per_chunk,16,16
567,281166,285292,16,0,0,layered_block,circular,per_chunk,16,16
568,228458,232375,16,0,0,layered_block,circular,per_chunk,16,16
569,231250,235083,16,0,0,layered_block,circular,per_chunk,16,16
570,221125,225125,16,0,0,layered_block,circular,per_chunk,16,16
571,230583,234458,16,0,0,layered_block,circular,per_chunk,16,16
572,232834,236750,16,0,0,layered_block,circular,per_chunk,16,16
573,229750,233667,16,0,0,layered_block,circular,per_chunk,16,16
574,230125,234000,16,0,0,layered_block,circular,per_chunk,16,16
575,223375,227250,16,0,0,layered_block,circular,per_chunk,16,16
576,231500,235375,16,0,0,layered_block,circular,per_chunk,16,16
577,242125,246000,16,0,0,layered_block,circular,per_chunk,16,16
578,244750,248667,16,0,0,layered_block,circular,per_chunk,16,16
579,241167,245125,16,0,0,layered_block,circular,per_chunk,16,16
580,232500,236375,16,0,0,layered_block,circular,per_chunk,16,16
581,249291,253125,16,0,0,layered_block,circular,per_chunk,16,16
582,253250,257125,16,0,0,layered_block,circular,per_chunk,16,16
583,247167,251000,16,0,0,layered_block,circular,per_chunk,16,16
584,251083,255000,16,0,0,layered_block,circular,per_chunk,16,16
585,239334,243250,16,0,0,layered_block,circular,per_chunk,16,16
586,241583,245459,16,0,0,layered_block,circular,per_chunk,16,16
587,235500,239375,16,0,0,layered_block,circular,per_chunk,16,16
588,219167,223041,16,0,0,layered_block,circular,per_chunk,16,16
589,227375,231208,16,0,0,layered_block,circular,per_chunk,16,16
590,224459,228417,16,0,0,layered_block,circular,per_chunk,16,16
591,230667,234500,16,0,0,layered_block,circular,per_chunk,16,16
592,219959,224250,16,0,0,layered_block,circular,per_chunk,16,16
593,222917,226875,16,0,0,layered_block,circular,per_chunk,16,16
594,233375,237250,16,0,0,layered_block,circular,per_chunk,16,16
595,236875,240708,16,0,0,layered_block,circular,per_chunk,16,16
596,222250,226125,16,0,0,layered_block,circular,per_chunk,16,16
597,231458,235250,16,0,0,layered_block,circular,per_chunk,16,16
598,224333,228209,16,0,0,layered_block,circular,per_chunk,16,16
599,273583,277583,16,0,0,layered_block,circular,per_chunk,16,16
600,226208,230042,16,0,0,layered_block,circular,per_chunk,16,16
601,222708,226666,16,0,0,layered_block,circular,per_chunk,16,16
602,229167,233042,16,0,0,layered_block,circular,per_chunk,16,16
603,230167,234083,16,0,0,layered_block,circular,per_chunk,16,16
604,245250,249084,16,0,0,layered_block,circular,per_chunk,16,16
605,236000,239833,16,0,0,layered_block,circular,per_chunk,16,16
606,277625,281750,16,0,0,layered_block,circular,per_chunk,16,16
607,244541,248375,16,0,0,layered_block,circular,per_chunk,16,16
608,237875,241750,16,0,0,layered_block,circular,per_chunk,16,16
609,230625,234500,16,0,0,layered_block,circular,per_chunk,16,16
610,245000,248833,16,0,0,layered_block,circular,per_chunk,16,16
611,247583,251458,16,0,0,layered_block,circular,per_chunk,16,16
612,242916,246916,16,0,0,layered_block,circular,per_chunk,16,16
613,239208,243125,16,0,0,layered_block,circular,per_chunk,16,16
614,242875,246750,16,0,0,layered_block,circular,per_chunk,16,16
615,238709,242541,16,0,0,layered_block,circular,per_chunk,16,16
616,215292,219208,16,0,0,layered_block,circular,per_chunk,16,16
617,228042,231916,16,0,0,layered_block,circular,per_chunk,16,16
618,228292,232125,16,0,0,layered_block,circular,per_chunk,16,16
619,236000,239792,16,0,0,layered_block,circular,per_chunk,16,16
620,220458,224750,16,0,0,layered_block,circular,per_chunk,16,16
621,223000,226834,16,0,0,layered_block,circular,per_chunk,16,16
622,225625,229458,16,0,0,layered_block,circular,per_chunk,16,16
623,229000,232833,16,0,0,layered_block,circular,per_chunk,16,16
624,229250,233084,16,0,0,layered_block,circular,per_chunk,16,16
625,227000,235417,16,0,0,layered_block,circular,per_chunk,16,16
626,220916,224833,16,0,0,layered_block,circular,per_chunk,16,16
627,232375,236291,16,0,0,layered_block,circular,per_chunk,16,16
628,231083,234917,16,0,0,layered_block,circular,per_chunk,16,16
629,219208,223042,16,0,0,layered_block,circular,per_chunk,16,16
630,220542,224375,16,0,0,layered_block,circular,per_chunk,16,16
631,226000,229875,16,0,0,layered_block,circular,per_chunk,16,16
632,278917,283000,16,0,0,layered_block,circular,per_chunk,16,16
633,232792,236542,16,0,0,layered_block,circular,per_chunk,16,16
634,223250,227083,16,0,0,layered_block,circular,per_chunk,16,16
635,236625,240542,16,0,0,layered_block,circular,per_chunk,16,16
636,240292,244125,16,0,0,layered_block,circular,per_chunk,16,16
637,230209,234208,16,0,0,layered_block,circular,per_chunk,16,16
638,235333,239209,16,0,0,layered_block,circular,per_chunk,16,16
639,234000,238042,16,0,0,layered_block,circular,per_chunk,16,16
640,236041,239917,16,0,0,layered_block,circular,per_chunk,16,16
641,247583,251459,16,0,0,layered_block,circular,per_chunk,16,16
642,229625,238375,16,0,0,layered_block,circular,per_chunk,16,16
643,232708,236542,16,0,0,layered_block,circular,per_chunk,16,16
644,225084,233166,16,0,0,layered_block,circular,per_chunk,16,16
645,228208,232042,16,0,0,layered_block,circular,per_chunk,16,16
646,219917,223708,16,0,0,layered_block,circular,per_chunk,16,16
647,218791,222666,16,0,0,layered_block,circular,per_chunk,16,16
648,230000,233833,16,0,0,layered_block,circular,per_chunk,16,16
649,225750,229584,16,0,0,layered_block,circular,per_chunk,16,16
650,217458,221250,16,0,0,layered_block,circular,per_chunk,16,16
651,283000,287334,16,0,0,layered_block,circular,per_chunk,16,16
652,232250,236084,16,0,0,layered_block,circular,per_chunk,16,16
653,224916,228708,16,0,0,layered_block,circular,per_chunk,16,16
654,224125,228000,16,0,0,layered_block,circular,per_chunk,16,16
655,216875,220709,16,0,0,layered_block,circular,per_chunk,16,16
656,227167,231000,16,0,0,layered_block,circular,per_chunk,16,16
657,226167,230042,16,0,0,layered_block,circular,per_chunk,16,16
658,219875,223750,16,0,0,layered_block,circular,per_chunk,16,16
659,262792,266917,16,0,0,layered_block,circular,per_chunk,16,16
660,229125,232958,16,0,0,layered_block,circular,per_chunk,16,16
661,226458,230416,16,0,0,layered_block,circular,per_chunk,16,16
662,218333,222417,16,0,0,layered_block,circular,per_chunk,16,16
663,213875,217917,16,0,0,layered_block,circular,per_chunk,16,16
664,221708,225625,16,0,0,layered_block,circular,per_chunk,16,16
665,233209,237083,16,0,0,layered_block,circular,per_chunk,16,16
666,235041,238917,16,0,0,layered_block,circular,per_chunk,16,16
667,221625,225500,16,0,0,layered_block,circular,per_chunk,16,16
668,231916,235792,16,0,0,layered_block,circular,per_chunk,16,16
669,226666,230584,16,0,0,layered_block,circular,per_chunk,16,16
670,228000,231917,16,0,0,layered_block,circular,per_chunk,16,16
671,214583,218500,16,0,0,layered_block,circular,per_chunk,16,16
672,218000,221958,16,0,0,layered_block,circular,per_chunk,16,16
673,230209,234083,16,0,0,layered_block,circular,per_chunk,16,16
674,231625,235500,16,0,0,layered_block,circular,per_chunk,16,16
675,217417,221292,16,0,0,layered_block,circular,per_chunk,16,16
676,214833,218750,16,0,0,layered_block,circular,per_chunk,16,16
677,214708,218542,16,0,0,layered_block,circular,per_chunk,16,16
678,211875,215833,16,0,0,layered_block,circular,per_chunk,16,16
679,219375,223292,16,0,0,layered_block,circular,per_chunk,16,16
680,215166,219042,16,0,0,layered_block,circular,per_chunk,16,16
681,229583,233459,16,0,0,layered_block,circular,per_chunk,16,16
682,222334,226333,16,0,0,layered_block,circular,per_chunk,16,16
683,213875,217917,16,0,0,layered_block,circular,per_chunk,16,16
684,213042,216958,16,0,0,layered_block,circular,per_chunk,16,16
685,227625,231458,16,0,0,layered_block,circular,per_chunk,16,16
686,232625,236500,16,0,0,layered_block,circular,per_chunk,16,16
687,222959,226833,16,0,0,layered_block,circular,per_chunk,16,16
688,265208,269250,16,0,0,layered_block,circular,per_chunk,16,16
689,220917,224875,16,0,0,layered_block,circular,per_chunk,16,16
690,219166,223000,16,0,0,layered_block,circular,per_chunk,16,16
691,226875,230792,16,0,0,layered_block,circular,per_chunk,16,16
692,226333,230208,16,0,0,layered_block,circular,per_chunk,16,16
693,228542,232375,16,0,0,layered_block,circular,per_chunk,16,16
694,234542,238375,16,0,0,layered_block,circular,per_chunk,16,16
695,226500,230375,16,0,0,layered_block,circular,per_chunk,16,16
696,225458,229333,16,0,0,layered_block,circular,per_chunk,16,16
697,226333,234667,16,0,0,layered_block,circular,per_chunk,16,16
698,216916,220750,16,0,0,layered_block,circular,per_chunk,16,16
699,215334,219334,16,0,0,layered_block,circular,per_chunk,16,16
700,214708,218542,16,0,0,layered_block,circular,per_chunk,16,16
701,226708,230542,16,0,0,layered_block,circular,per_chunk,16,16
702,218333,222209,16,0,0,layered_block,circular,per_chunk,16,16
703,224375,228250,16,0,0,layered_block,circular,per_chunk,16,16
704,222042,225875,16,0,0,layered_block,circular,per_chunk,16,16
705,222750,226583,16,0,0,layered_block,circular,per_chunk,16,16
706,215667,219500,16,0,0,layered_block,circular,per_chunk,16,16
707,232125,236000,16,0,0,layered_block,circular,per_chunk,16,16
708,224416,228375,16,0,0,layered_block,circular,per_chunk,16,16
709,212166,216084,16,0,0,layered_block,circular,per_chunk,16,16
710,218292,222167,16,0,0,layered_block,circular,per_chunk,16,16
711,209208,213000,16,0,0,layered_block,circular,per_chunk,16,16
712,219375,223208,16,0,0,layered_block,circular,per_chunk,16,16
713,216750,220708,16,0,0,layered_block,circular,per_chunk,16,16
714,220834,224666,16,0,0,layered_block,circular,per_chunk,16,16
715,227916,231792,16,0,0,layered_block,circular,per_chunk,16,16
716,226167,230083,16,0,0,layered_block,circular,per_chunk,16,16
717,214291,218125,16,0,0,layered_block,circular,per_chunk,16,16
718,218167,222125,16,0,0,layered_block,circular,per_chunk,16,16
719,231459,235333,16,0,0,layered_block,circular,per_chunk,16,16
720,214250,218292,16,0,0,layered_block,circular,per_chunk,16,16
721,222792,226625,16,0,0,layered_block,circular,per_chunk,16,16
722,224042,227958,16,0,0,layered_block,circular,per_chunk,16,16
723,224750,228708,16,0,0,layered_block,circular,per_chunk,16,16
724,216208,220084,16,0,0,layered_block,circular,per_chunk,16,16
725,268166,272625,16,0,0,layered_block,circular,per_chunk,16,16
726,219500,223375,16,0,0,layered_block,circular,per_chunk,16,16
727,227000,230875,16,0,0,layered_block,circular,per_chunk,16,16
728,221459,225458,16,0,0,layered_block,circular,per_chunk,16,16
729,223000,226916,16,0,0,layered_block,circular,per_chunk,16,16
730,229375,233208,16,0,0,layered_block,circular,per_chunk,16,16
731,228834,232708,16,0,0,layered_block,circular,per_chunk,16,16
732,247541,251500,16,0,0,layered_block,circular,per_chunk,16,16
733,213667,217625,16,0,0,layered_block,circular,per_chunk,16,16
734,220250,224125,16,0,0,layered_block,circular,per_chunk,16,16
735,208083,212083,16,0,0,layered_block,circular,per_chunk,16,16
736,216583,220417,16,0,0,layered_block,circular,per_chunk,16,16
737,210333,214250,16,0,0,layered_block,circular,per_chunk,16,16
738,224834,228708,16,0,0,layered_block,circular,per_chunk,16,16
739,220459,224333,16,0,0,layered_block,circular,per_chunk,16,16
740,221292,225208,16,0,0,layered_block,circular,per_chunk,16,16
741,230333,234167,16,0,0,layered_block,circular,per_chunk,16,16
742,221208,225125,16,0,0,layered_block,circular,per_chunk,16,16
743,212291,216209,16,0,0,layered_block,circular,per_chunk,16,16
744,199417,203333,16,0,0,layered_block,circular,per_chunk,16,16
745,204541,208375,16,0,0,layered_block,circular,per_chunk,16,16
746,219042,222916,16,0,0,layered_block,circular,per_chunk,16,16
747,206125,210042,16,0,0,layered_block,circular,per_chunk,16,16
748,217834,221708,16,0,0,layered_block,circular,per_chunk,16,16
749,257375,261625,16,0,0,layered_block,circular,per_chunk,16,16
750,220292,224292,16,0,0,layered_block,circular,per_chunk,16,16
751,217500,221458,16,0,0,layered_block,circular,per_chunk,16,16
752,228667,232542,16,0,0,layered_block,circular,per_chunk,16,16
753,225666,229542,16,0,0,layered_block,circular,per_chunk,16,16
754,211708,215667,16,0,0,layered_block,circular,per_chunk,16,16
755,219958,223833,16,0,0,layered_block,circular,per_chunk,16,16
756,213792,217792,16,0,0,layered_block,circular,per_chunk,16,16
757,215834,219708,16,0,0,layered_block,circular,per_chunk,16,16
758,208125,212000,16,0,0,layered_block,circular,per_chunk,16,16
759,217208,221042,16,0,0,layered_block,circular,per_chunk,16,16
760,217459,221250,16,0,0,layered_block,circular,per_chunk,16,16
761,215833,219667,16,0,0,layered_block,circular,per_chunk,16,16
762,215875,219750,16,0,0,layered_block,circular,per_chunk,16,16
763,227042,230875,16,0,0,layered_block,circular,per_chunk,16,16
764,224291,228250,16,0,0,layered_block,circular,per_chunk,16,16
765,215417,219375,16,0,0,layered_block,circular,per_chunk,16,16
766,201083,205042,16,0,0,layered_block,circular,per_chunk,16,16
767,200625,204541,16,0,0,layered_block,circular,per_chunk,16,16
768,213625,217500,16,0,0,layered_block,circular,per_chunk,16,16
769,216792,220625,16,0,0,layered_block,circular,per_chunk,16,16
770,261125,265416,16,0,0,layered_block,circular,per_chunk,16,16
771,213625,217583,16,0,0,layered_block,circular,per_chunk,16,16
772,213625,217458,16,0,0,layered_block,circular,per_chunk,16,16
773,218083,222083,16,0,0,layered_block,circular,per_chunk,16,16
774,226167,230000,16,0,0,layered_block,circular,per_chunk,16,16
775,212417,216292,16,0,0,layered_block,circular,per_chunk,16,16
776,200125,204083,16,0,0,layered_block,circular,per_chunk,16,16
777,216458,220291,16,0,0,layered_block,circular,per_chunk,16,16
778,212500,216459,16,0,0,layered_block,circular,per_chunk,16,16
779,218583,222459,16,0,0,layered_block,circular,per_chunk,16,16
780,208833,212709,16,0,0,layered_block,circular,per_chunk,16,16
781,217500,221375,16,0,0,layered_block,circular,per_chunk,16,16
782,217250,221250,16,0,0,layered_block,circular,per_chunk,16,16
783,213292,217250,16,0,0,layered_block,circular,per_chunk,16,16
784,201417,205292,16,0,0,layered_block,circular,per_chunk,16,16
785,202750,206625,16,0,0,layered_block,circular,per_chunk,16,16
786,220416,224292,16,0,0,layered_block,circular,per_chunk,16,16
787,210583,218584,16,0,0,layered_block,circular,per_chunk,16,16
788,218458,222292,16,0,0,layered_block,circular,per_chunk,16,16
789,256500,260541,16,0,0,layered_block,circular,per_chunk,16,16
790,216916,220792,16,0,0,layered_block,circular,per_chunk,16,16
791,211167,215125,16,0,0,layered_block,circular,per_chunk,16,16
792,217417,221250,16,0,0,layered_block,circular,per_chunk,16,16
793,218167,221959,16,0,0,layered_block,circular,per_chunk,16,16
794,213125,217292,16,0,0,layered_block,circular,per_chunk,16,16
795,215750,219666,16,0,0,layered_block,circular,per_chunk,16,16
796,212958,216834,16,0,0,layered_block,circular,per_chunk,16,16
797,218042,221958,16,0,0,layered_block,circular,per_chunk,16,16
798,218666,222959,16,0,0,layered_block,circular,per_chunk,16,16
799,215167,219041,16,0,0,layered_block,circular,per_chunk,16,16
800,208709,212625,16,0,0,layered_block,circular,per_chunk,16,16
801,217792,221625,16,0,0,layered_block,circular,per_chunk,16,16
802,208584,212500,16,0,0,layered_block,circular,per_chunk,16,16
803,219000,222917,16,0,0,layered_block,circular,per_chunk,16,16
804,213541,217375,16,0,0,layered_block,circular,per_chunk,16,16
805,211667,215541,16,0,0,layered_block,circular,per_chunk,16,16
806,217292,221208,16,0,0,layered_block,circular,per_chunk,16,16
807,212542,216417,16,0,0,layered_block,circular,per_chunk,16,16
808,199750,203541,16,0,0,layered_block,circular,per_chunk,16,16
809,204208,208084,16,0,0,layered_block,circular,per_chunk,16,16
810,214375,218375,16,0,0,layered_block,circular,per_chunk,16,16
811,259375,263541,16,0,0,layered_block,circular,per_chunk,16,16
812,217625,221500,16,0,0,layered_block,circular,per_chunk,16,16
813,204750,208542,16,0,0,layered_block,circular,per_chunk,16,16
814,213750,217625,16,0,0,layered_block,circular,per_chunk,16,16
815,214292,218250,16,0,0,layered_block,circular,per_chunk,16,16
816,212000,215875,16,0,0,layered_block,circular,per_chunk,16,16
817,206084,209958,16,0,0,layered_block,circular,per_chunk,16,16
818,218750,222708,16,0,0,layered_block,circular,per_chunk,16,16
819,205042,208916,16,0,0,layered_block,circular,per_chunk,16,16
820,211458,215292,16,0,0,layered_block,circular,per_chunk,16,16
821,213417,217291,16,0,0,layered_block,circular,per_chunk,16,16
822,217334,221166,16,0,0,layered_block,circular,per_chunk,16,16
823,216875,220750,16,0,0,layered_block,circular,per_chunk,16,16
824,212583,216500,16,0,0,layered_block,circular,per_chunk,16,16
825,216833,220667,16,0,0,layered_block,circular,per_chunk,16,16
826,208500,212333,16,0,0,layered_block,circular,per_chunk,16,16
827,207333,211250,16,0,0,layered_block,circular,per_chunk,16,16
828,200667,204584,16,0,0,layered_block,circular,per_chunk,16,16
829,209791,213625,16,0,0,layered_block,circular,per_chunk,16,16
830,215042,218958,16,0,0,layered_block,circular,per_chunk,16,16
831,215667,219500,16,0,0,layered_block,circular,per_chunk,16,16
832,215375,219250,16,0,0,layered_block,circular,per_chunk,16,16
833,204916,208708,16,0,0,layered_block,circular,per_chunk,16,16
834,213375,217209,16,0,0,layered_block,circular,per_chunk,16,16
835,210917,214833,16,0,0,layered_block,circular,per_chunk,16,16
836,211167,215083,16,0,0,layered_block,circular,per_chunk,16,16
837,212750,216667,16,0,0,layered_block,circular,per_chunk,16,16
838,210000,213875,16,0,0,layered_block,circular,per_chunk,16,16
839,219458,223333,16,0,0,layered_block,circular,per_chunk,16,16
840,219750,223625,16,0,0,layered_block,circular,per_chunk,16,16
841,252750,257166,16,0,0,layered_block,circular,per_chunk,16,16
842,218084,221916,16,0,0,layered_block,circular,per_chunk,16,16
843,209833,213750,16,0,0,layered_block,circular,per_chunk,16,16
844,217167,221042,16,0,0,layered_block,circular,per_chunk,16,16
845,206958,210834,16,0,0,layered_block,circular,per_chunk,16,16
846,204125,208042,16,0,0,layered_block,circular,per_chunk,16,16
847,213542,217416,16,0,0,layered_block,circular,per_chunk,16,16
848,212792,216834,16,0,0,layered_block,circular,per_chunk,16,16
849,220958,224833,16,0,0,layered_block,circular,per_chunk,16,16
850,206083,210041,16,0,0,layered_block,circular,per_chunk,16,16
851,221458,225375,16,0,0,layered_block,circular,per_chunk,16,16
852,210958,214833,16,0,0,layered_block,circular,per_chunk,16,16
853,207375,211208,16,0,0,layered_block,circular,per_chunk,16,16
854,287625,291666,16,0,0,layered_block,circular,per_chunk,16,16
855,218083,221959,16,0,0,layered_block,circular,per_chunk,16,16
856,217792,221667,16,0,0,layered_block,circular,per_chunk,16,16
857,212000,215916,16,0,0,layered_block,circular,per_chunk,16,16
858,218084,222000,16,0,0,layered_block,circular,per_chunk,16,16
859,207250,211166,16,0,0,layered_block,circular,per_chunk,16,16
860,213417,217250,16,0,0,layered_block,circular,per_chunk,16,16
861,205333,209167,16,0,0,layered_block,circular,per_chunk,16,16
862,199167,203125,16,0,0,layered_block,circular,per_chunk,16,16
863,218500,222333,16,0,0,layered_block,circular,per_chunk,16,16
864,214250,218209,16,0,0,layered_block,circular,per_chunk,16,16
865,214834,218750,16,0,0,layered_block,circular,per_chunk,16,16
866,209833,213750,16,0,0,layered_block,circular,per_chunk,16,16
867,207792,211792,16,0,0,layered_block,circular,per_chunk,16,16
868,216292,220125,16,0,0,layered_block,circular,per_chunk,16,16
869,210792,214792,16,0,0,layered_block,circular,per_chunk,16,16
870,207167,215334,16,0,0,layered_block,circular,per_chunk,16,16
871,213667,217542,16,0,0,layered_block,circular,per_chunk,16,16
872,215958,219792,16,0,0,layered_block,circular,per_chunk,16,16
873,216292,220167,16,0,0,layered_block,circular,per_chunk,16,16
874,204750,208792,16,0,0,layered_block,circular,per_chunk,16,16
875,220125,224000,16,0,0,layered_block,circular,per_chunk,16,16
876,209125,213042,16,0,0,layered_block,circular,per_chunk,16,16
877,218541,222459,16,0,0,layered_block,circular,per_chunk,16,16
878,206959,210875,16,0,0,layered_block,circular,per_chunk,16,16
879,199416,203375,16,0,0,layered_block,circular,per_chunk,16,16
880,205416,209584,16,0,0,layered_block,circular,per_chunk,16,16
881,219625,223542,16,0,0,layered_block,circular,per_chunk,16,16
882,214334,218291,16,0,0,layered_block,circular,per_chunk,16,16
883,216084,220000,16,0,0,layered_block,circular,per_chunk,16,16
884,218250,222125,16,0,0,layered_block,circular,per_chunk,16,16
885,212500,216375,16,0,0,layered_block,circular,per_chunk,16,16
886,217833,221708,16,0,0,layered_block,circular,per_chunk,16,16
887,218125,222000,16,0,0,layered_block,circular,per_chunk,16,16
888,212750,216625,16,0,0,layered_block,circular,per_chunk,16,16
889,217417,221333,16,0,0,layered_block,circular,per_chunk,16,16
890,216917,220833,16,0,0,layered_block,circular,per_chunk,16,16
891,212583,216875,16,0,0,layered_block,circular,per_chunk,16,16
892,201417,205417,16,0,0,layered_block,circular,per_chunk,16,16
893,253542,257917,16,0,0,layered_block,circular,per_chunk,16,16
894,205375,209250,16,0,0,layered_block,circular,per_chunk,16,16
895,219500,223417,16,0,0,layered_block,circular,per_chunk,16,16
896,213750,217666,16,0,0,layered_block,circular,per_chunk,16,16
897,211000,214875,16,0,0,layered_block,circular,per_chunk,16,16
898,215541,219458,16,0,0,layered_block,circular,per_chunk,16,16
899,213291,217167,16,0,0,layered_block,circular,per_chunk,16,16
900,204709,208667,16,0,0,layered_block,circular,per_chunk,16,16
901,217500,221417,16,0,0,layered_block,circular,per_chunk,16,16
902,210125,214042,16,0,0,layered_block,circular,per_chunk,16,16
903,223250,227375,16,0,0,layered_block,circular,per_chunk,16,16
904,213917,217875,16,0,0,layered_block,circular,per_chunk,16,16
905,209750,213750,16,0,0,layered_block,circular,per_chunk,16,16
906,216125,220000,16,0,0,layered_block,circular,per_chunk,16,16
907,211375,215333,16,0,0,layered_block,circular,per_chunk,16,16
908,219000,222875,16,0,0,layered_block,circular,per_chunk,16,16
909,216166,220084,16,0,0,layered_block,circular,per_chunk,16,16
910,214083,217958,16,0,0,layered_block,circular,per_chunk,16,16
911,215458,219375,16,0,0,layered_block,circular,per_chunk,16,16
912,212500,216417,16,0,0,layered_block,circular,per_chunk,16,16
913,205875,209750,16,0,0,layered_block,circular,per_chunk,16,16
914,214042,218125,16,0,0,layered_block,circular,per_chunk,16,16
915,217541,221417,16,0,0,layered_block,circular,per_chunk,16,16
916,221875,225792,16,0,0,layered_block,circular,per_chunk,16,16
917,259250,263375,16,0,0,layered_block,circular,per_chunk,16,16
918,213708,217542,16,0,0,layered_block,circular,per_chunk,16,16
919,218333,222291,16,0,0,layered_block,circular,per_chunk,16,16
920,204292,208292,16,0,0,layered_block,circular,per_chunk,16,16
921,219375,223292,16,0,0,layered_block,circular,per_chunk,16,16
922,217750,221667,16,0,0,layered_block,circular,per_chunk,16,16
923,217750,221667,16,0,0,layered_block,circular,per_chunk,16,16
924,218084,222000,16,0,0,layered_block,circular,per_chunk,16,16
925,207417,211291,16,0,0,layered_block,circular,per_chunk,16,16
926,218584,222541,16,0,0,layered_block,circular,per_chunk,16,16
927,227584,231458,16,0,0,layered_block,circular,per_chunk,16,16
928,208708,212625,16,0,0,layered_block,circular,per_chunk,16,16
929,199750,203666,16,0,0,layered_block,circular,per_chunk,16,16
930,208292,212250,16,0,0,layered_block,circular,per_chunk,16,16
931,218417,222333,16,0,0,layered_block,circular,per_chunk,16,16
932,220209,224125,16,0,0,layered_block,circular,per_chunk,16,16
933,225334,229208,16,0,0,layered_block,circular,per_chunk,16,16
934,226541,230500,16,0,0,layered_block,circular,per_chunk,16,16
935,228584,232500,16,0,0,layered_block,circular,per_chunk,16,16
936,220458,224750,16,0,0,layered_block,circular,per_chunk,16,16
937,219709,223625,16,0,0,layered_block,circular,per_chunk,16,16
938,210625,214791,16,0,0,layered_block,circular,per_chunk,16,16
939,216750,220666,16,0,0,layered_block,circular,per_chunk,16,16
940,215709,219667,16,0,0,layered_block,circular,per_chunk,16,16
941,228125,231959,16,0,0,layered_block,circular,per_chunk,16,16
942,229125,237167,16,0,0,layered_block,circular,per_chunk,16,16
943,240167,244041,16,0,0,layered_block,circular,per_chunk,16,16
944,243708,247542,16,0,0,layered_block,circular,per_chunk,16,16
945,241250,245083,16,0,0,layered_block,circular,per_chunk,16,16
946,231125,234917,16,0,0,layered_block,circular,per_chunk,16,16
947,223458,227333,16,0,0,layered_block,circular,per_chunk,16,16
948,220958,224833,16,0,0,layered_block,circular,per_chunk,16,16
949,231208,235042,16,0,0,layered_block,circular,per_chunk,16,16
950,228583,232583,16,0,0,layered_block,circular,per_chunk,16,16
951,230916,234792,16,0,0,layered_block,circular,per_chunk,16,16
952,231750,235625,16,0,0,layered_block,circular,per_chunk,16,16
953,227416,231333,16,0,0,layered_block,circular,per_chunk,16,16
954,226542,230416,16,0,0,layered_block,circular,per_chunk,16,16
955,216791,220625,16,0,0,layered_block,circular,per_chunk,16,16
956,214333,218208,16,0,0,layered_block,circular,per_chunk,16,16
957,222459,226417,16,0,0,layered_block,circular,per_chunk,16,16
958,233125,237042,16,0,0,layered_block,circular,per_chunk,16,16
959,236416,240250,16,0,0,layered_block,circular,per_chunk,16,16
960,235250,239084,16,0,0,layered_block,circular,per_chunk,16,16
961,233542,237375,16,0,0,layered_block,circular,per_chunk,16,16
962,231167,235042,16,0,0,layered_block,circular,per_chunk,16,16
963,243166,247042,16,0,0,layered_block,circular,per_chunk,16,16
964,237834,241584,16,0,0,layered_block,circular,per_chunk,16,16
965,241041,244875,16,0,0,layered_block,circular,per_chunk,16,16
966,231750,235541,16,0,0,layered_block,circular,per_chunk,16,16
967,237958,241833,16,0,0,layered_block,circular,per_chunk,16,16
968,221666,225583,16,0,0,layered_block,circular,per_chunk,16,16
969,237250,241166,16,0,0,layered_block,circular,per_chunk,16,16
970,239542,243417,16,0,0,layered_block,circular,per_chunk,16,16
971,242333,246250,16,0,0,layered_block,circular,per_chunk,16,16
972,241500,245333,16,0,0,layered_block,circular,per_chunk,16,16
973,246125,250042,16,0,0,layered_block,circular,per_chunk,16,16
974,240375,244208,16,0,0,layered_block,circular,per_chunk,16,16
975,240792,244625,16,0,0,layered_block,circular,per_chunk,16,16
976,223875,227750,16,0,0,layered_block,circular,per_chunk,16,16
977,228208,232042,16,0,0,layered_block,circular,per_chunk,16,16
978,228292,232167,16,0,0,layered_block,circular,per_chunk,16,16
979,228375,232166,16,0,0,layered_block,circular,per_chunk,16,16
980,237541,241417,16,0,0,layered_block,circular,per_chunk,16,16
981,233125,236917,16,0,0,layered_block,circular,per_chunk,16,16
982,236041,239917,16,0,0,layered_block,circular,per_chunk,16,16
983,235792,239667,16,0,0,layered_block,circular,per_chunk,16,16
984,228584,232416,16,0,0,layered_block,circular,per_chunk,16,16
985,230042,234000,16,0,0,layered_block,circular,per_chunk,16,16
986,230708,234542,16,0,0,layered_block,circular,per_chunk,16,16
987,232292,236209,16,0,0,layered_block,circular,per_chunk,16,16
988,222333,226167,16,0,0,layered_block,circular,per_chunk,16,16
989,222041,225917,16,0,0,layered_block,circular,per_chunk,16,16
990,223917,227792,16,0,0,layered_block,circular,per_chunk,16,16
991,246834,250916,16,0,0,layered_block,circular,per_chunk,16,16
992,219125,222959,16,0,0,layered_block,circular,per_chunk,16,16
993,221834,225708,16,0,0,layered_block,circular,per_chunk,16,16
994,222125,225959,16,0,0,layered_block,circular,per_chunk,16,16
995,224583,228416,16,0,0,layered_block,circular,per_chunk,16,16
996,228042,231917,16,0,0,layered_block,circular,per_chunk,16,16
997,232292,236167,16,0,0,layered_block,circular,per_chunk,16,16
998,225250,229125,16,0,0,layered_block,circular,per_chunk,16,16
999,230833,234667,16,0,0,layered_block,circular,per_chunk,16,16
1000,227875,231750,16,0,0,layered_block,circular,per_chunk,16,16
1001,233417,237250,16,0,0,layered_block,circular,per_chunk,16,16
1002,270375,274375,16,0,0,layered_block,circular,per_chunk,16,16
1003,212709,216708,16,0,0,layered_block,circular,per_chunk,16,16
1004,213959,218208,16,0,0,layered_block,circular,per_chunk,16,16
1005,270583,274875,16,0,0,layered_block,circular,per_chunk,16,16
1006,223625,231667,16,0,0,layered_block,circular,per_chunk,16,16
1007,229375,233208,16,0,0,layered_block,circular,per_chunk,16,16
1008,233167,237041,16,0,0,layered_block,circular,per_chunk,16,16
1009,227709,231583,16,0,0,layered_block,circular,per_chunk,16,16
1010,229209,233042,16,0,0,layered_block,circular,per_chunk,16,16
1011,234167,237958,16,0,0,layered_block,circular,per_chunk,16,16
1012,277042,281167,16,0,0,layered_block,circular,per_chunk,16,16
1013,236750,240583,16,0,0,layered_block,circular,per_chunk,16,16
1014,235208,239042,16,0,0,layered_block,circular,per_chunk,16,16
1015,231500,235334,16,0,0,layered_block,circular,per_chunk,16,16
1016,227250,231084,16,0,0,layered_block,circular,per_chunk,16,16
1017,214083,218042,16,0,0,layered_block,circular,per_chunk,16,16
1018,219667,223500,16,0,0,layered_block,circular,per_chunk,16,16
1019,226875,230750,16,0,0,layered_block,circular,per_chunk,16,16
1020,216500,220500,16,0,0,layered_block,circular,per_chunk,16,16
1021,219833,223791,16,0,0,layered_block,circular,per_chunk,16,16
1022,217333,221250,16,0,0,layered_block,circular,per_chunk,16,16
1023,221459,225416,16,0,0,layered_block,circular,per_chunk,16,16
1024,223083,227000,16,0,0,layered_block,circular,per_chunk,16,16
1025,227250,231208,16,0,0,layered_block,circular,per_chunk,16,16
1026,221625,225583,16,0,0,layered_block,circular,per_chunk,16,16
1027,216875,220834,16,0,0,layered_block,circular,per_chunk,16,16
1028,218083,222000,16,0,0,layered_block,circular,per_chunk,16,16
1029,216292,220334,16,0,0,layered_block,circular,per_chunk,16,16
1030,222458,226333,16,0,0,layered_block,circular,per_chunk,16,16
1031,224375,228250,16,0,0,layered_block,circular,per_chunk,16,16
1032,223000,226875,16,0,0,layered_block,circular,per_chunk,16,16
1033,286792,290833,16,0,0,layered_block,circular,per_chunk,16,16
1034,232708,236583,16,0,0,layered_block,circular,per_chunk,16,16
1035,227416,235708,16,0,0,layered_block,circular,per_chunk,16,16
1036,226834,230875,16,0,0,layered_block,circular,per_chunk,16,16
1037,226083,230042,16,0,0,layered_block,circular,per_chunk,16,16
1038,227375,231333,16,0,0,layered_block,circular,per_chunk,16,16
1039,220750,224625,16,0,0,layered_block,circular,per_chunk,16,16
1040,217000,220916,16,0,0,layered_block,circular,per_chunk,16,16
1041,222875,226709,16,0,0,layered_block,circular,per_chunk,16,16
1042,212084,216000,16,0,0,layered_block,circular,per_chunk,16,16
1043,218167,222000,16,0,0,layered_block,circular,per_chunk,16,16
1044,218209,222083,16,0,0,layered_block,circular,per_chunk,16,16
1045,212167,216084,16,0,0,layered_block,circular,per_chunk,16,16
1046,201125,205042,16,0,0,layered_block,circular,per_chunk,16,16
1047,200042,204000,16,0,0,layered_block,circular,per_chunk,16,16
1048,203167,207125,16,0,0,layered_block,circular,per_chunk,16,16
1049,208125,212166,16,0,0,layered_block,circular,per_chunk,16,16
1050,216041,219917,16,0,0,layered_block,circular,per_chunk,16,16
1051,213042,217000,16,0,0,layered_block,circular,per_chunk,16,16
1052,214875,218709,16,0,0,layered_block,circular,per_chunk,16,16
1053,213208,217166,16,0,0,layered_block,circular,per_chunk,16,16
1054,218084,222084,16,0,0,layered_block,circular,per_chunk,16,16
1055,231750,235625,16,0,0,layered_block,circular,per_chunk,16,16
1056,226000,229917,16,0,0,layered_block,circular,per_chunk,16,16
1057,232250,236125,16,0,0,layered_block,circular,per_chunk,16,16
1058,231209,235125,16,0,0,layered_block,circular,per_chunk,16,16
1059,228416,232334,16,0,0,layered_block,circular,per_chunk,16,16
1060,232750,236583,16,0,0,layered_block,circular,per_chunk,16,16
1061,231292,235166,16,0,0,layered_block,circular,per_chunk,16,16
1062,224208,228208,16,0,0,layered_block,circular,per_chunk,16,16
1063,272917,277042,16,0,0,layered_block,circular,per_chunk,16,16
1064,210292,214166,16,0,0,layered_block,circular,per_chunk,16,16
1065,216458,220292,16,0,0,layered_block,circular,per_chunk,16,16
1066,219791,223708,16,0,0,layered_block,circular,per_chunk,16,16
1067,205500,209458,16,0,0,layered_block,circular,per_chunk,16,16
1068,204292,208166,16,0,0,layered_block,circular,per_chunk,16,16
1069,214500,218500,16,0,0,layered_block,circular,per_chunk,16,16
1070,215417,219250,16,0,0,layered_block,circular,per_chunk,16,16
1071,218292,222125,16,0,0,layered_block,circular,per_chunk,16,16
1072,208834,213167,16,0,0,layered_block,circular,per_chunk,16,16
1073,214041,217917,16,0,0,layered_block,circular,per_chunk,16,16
1074,214042,218000,16,0,0,layered_block,circular,per_chunk,16,16
1075,212959,216916,16,0,0,layered_block,circular,per_chunk,16,16
1076,212584,216500,16,0,0,layered_block,circular,per_chunk,16,16
1077,215709,219583,16,0,0,layered_block,circular,per_chunk,16,16
1078,205833,209750,16,0,0,layered_block,circular,per_chunk,16,16
1079,29662500,29670125,16,1,0,layered_block,circular,per_chunk,16,16
1080,218541,222375,16,0,0,layered_block,circular,per_chunk,16,16
1081,219791,223750,16,0,0,layered_block,circular,per_chunk,16,16
1082,224583,228459,16,0,0,layered_block,circular,per_chunk,16,16
1083,221583,225417,16,0,0,layered_block,circular,per_chunk,16,16
1084,221625,225500,16,0,0,layered_block,circular,per_chunk,16,16
1085,221875,225708,16,0,0,layered_block,circular,per_chunk,16,16
1086,223667,227500,16,0,0,layered_block,circular,per_chunk,16,16
1087,218041,221875,16,0,0,layered_block,circular,per_chunk,16,16
1088,212542,216500,16,0,0,layered_block,circular,per_chunk,16,16
1089,217375,221250,16,0,0,layered_block,circular,per_chunk,16,16
1090,218417,222333,16,0,0,layered_block,circular,per_chunk,16,16
1091,213125,217125,16,0,0,layered_block,circular,per_chunk,16,16
1092,218125,222000,16,0,0,layered_block,circular,per_chunk,16,16
1093,218541,222417,16,0,0,layered_block,circular,per_chunk,16,16
1094,213333,217292,16,0,0,layered_block,circular,per_chunk,16,16
1095,212416,216292,16,0,0,layered_block,circular,per_chunk,16,16
1096,214875,218917,16,0,0,layered_block,circular,per_chunk,16,16
1097,218458,222292,16,0,0,layered_block,circular,per_chunk,16,16
1098,218459,222333,16,0,0,layered_block,circular,per_chunk,16,16
1099,210917,214833,16,0,0,layered_block,circular,per_chunk,16,16
1100,204375,208250,16,0,0,layered_block,circular,per_chunk,16,16
1101,204000,207959,16,0,0,layered_block,circular,per_chunk,16,16
1102,199583,203458,16,0,0,layered_block,circular,per_chunk,16,16
1103,204708,208625,16,0,0,layered_block,circular,per_chunk,16,16
1104,213709,217583,16,0,0,layered_block,circular,per_chunk,16,16
1105,207541,211417,16,0,0,layered_block,circular,per_chunk,16,16
1106,204042,207875,16,0,0,layered_block,circular,per_chunk,16,16
1107,204042,207917,16,0,0,layered_block,circular,per_chunk,16,16
1108,199375,203375,16,0,0,layered_block,circular,per_chunk,16,16
1109,204250,208083,16,0,0,layered_block,circular,per_chunk,16,16
1110,199292,203333,16,0,0,layered_block,circular,per_chunk,16,16
1111,207333,211292,16,0,0,layered_block,circular,per_chunk,16,16
1112,217584,221500,16,0,0,layered_block,circular,per_chunk,16,16
1113,213000,217000,16,0,0,layered_block,circular,per_chunk,16,16
1114,213291,217167,16,0,0,layered_block,circular,per_chunk,16,16
1115,218083,221958,16,0,0,layered_block,circular,per_chunk,16,16
1116,213125,217125,16,0,0,layered_block,circular,per_chunk,16,16
1117,211958,215833,16,0,0,layered_block,circular,per_chunk,16,16
1118,199416,203417,16,0,0,layered_block,circular,per_chunk,16,16
1119,204083,207917,16,0,0,layered_block,circular,per_chunk,16,16
1120,210667,214542,16,0,0,layered_block,circular,per_chunk,16,16
1121,211833,215750,16,0,0,layered_block,circular,per_chunk,16,16
1122,214583,218500,16,0,0,layered_block,circular,per_chunk,16,16
1123,209667,213584,16,0,0,layered_block,circular,per_chunk,16,16
1124,217041,220958,16,0,0,layered_block,circular,per_chunk,16,16
1125,214750,218667,16,0,0,layered_block,circular,per_chunk,16,16
1126,209791,213750,16,0,0,layered_block,circular,per_chunk,16,16
1127,214917,218750,16,0,0,layered_block,circular,per_chunk,16,16
1128,209958,214250,16,0,0,layered_block,circular,per_chunk,16,16
1129,209666,213625,16,0,0,layered_block,circular,per_chunk,16,16
1130,214542,218416,16,0,0,layered_block,circular,per_chunk,16,16
1131,209958,213875,16,0,0,layered_block,circular,per_chunk,16,16
1132,214625,218541,16,0,0,layered_block,circular,per_chunk,16,16
1133,211667,215667,16,0,0,layered_block,circular,per_chunk,16,16
1134,215208,219000,16,0,0,layered_block,circular,per_chunk,16,16
1135,209834,213791,16,0,0,layered_block,circular,per_chunk,16,16
1136,214458,218292,16,0,0,layered_block,circular,per_chunk,16,16
1137,209875,213750,16,0,0,layered_block,circular,per_chunk,16,16
1138,210875,214750,16,0,0,layered_block,circular,per_chunk,16,16
1139,199041,202958,16,0,0,layered_block,circular,per_chunk,16,16
1140,242292,246375,16,0,0,layered_block,circular,per_chunk,16,16
1141,204541,208375,16,0,0,layered_block,circular,per_chunk,16,16
1142,204292,208125,16,0,0,layered_block,circular,per_chunk,16,16
1143,200917,204750,16,0,0,layered_block,circular,per_chunk,16,16
1144,262000,266041,16,0,0,layered_block,circular,per_chunk,16,16
1145,213209,217125,16,0,0,layered_block,circular,per_chunk,16,16
1146,217792,221667,16,0,0,layered_block,circular,per_chunk,16,16
1147,263167,267209,16,0,0,layered_block,circular,per_chunk,16,16
1148,213667,217625,16,0,0,layered_block,circular,per_chunk,16,16
1149,218042,221834,16,0,0,layered_block,circular,per_chunk,16,16
1150,213083,217000,16,0,0,layered_block,circular,per_chunk,16,16
1151,213459,217291,16,0,0,layered_block,circular,per_chunk,16,16
1152,218166,222000,16,0,0,layered_block,circular,per_chunk,16,16
1153,213375,217292,16,0,0,layered_block,circular,per_chunk,16,16
1154,210875,214708,16,0,0,layered_block,circular,per_chunk,16,16
1155,204000,207834,16,0,0,layered_block,circular,per_chunk,16,16
1156,199125,203000,16,0,0,layered_block,circular,per_chunk,16,16
1157,244833,248917,16,0,0,layered_block,circular,per_chunk,16,16
1158,204083,207917,16,0,0,layered_block,circular,per_chunk,16,16
1159,199459,203375,16,0,0,layered_block,circular,per_chunk,16,16
1160,204416,208292,16,0,0,layered_block,circular,per_chunk,16,16
1161,199084,203041,16,0,0,layered_block,circular,per_chunk,16,16
1162,199500,203417,16,0,0,layered_block,circular,per_chunk,16,16
1163,204667,208458,16,0,0,layered_block,circular,per_chunk,16,16
1164,213084,216917,16,0,0,layered_block,circular,per_chunk,16,16
1165,219208,223042,16,0,0,layered_block,circular,per_chunk,16,16
1166,212250,216083,16,0,0,layered_block,circular,per_chunk,16,16
1167,214375,218208,16,0,0,layered_block,circular,per_chunk,16,16
1168,259375,263458,16,0,0,layered_block,circular,per_chunk,16,16
1169,215833,219625,16,0,0,layered_block,circular,per_chunk,16,16
1170,206166,210000,16,0,0,layered_block,circular,per_chunk,16,16
1171,199125,203083,16,0,0,layered_block,circular,per_chunk,16,16
1172,199833,203834,16,0,0,layered_block,circular,per_chunk,16,16
1173,204625,208458,16,0,0,layered_block,circular,per_chunk,16,16
1174,204000,207875,16,0,0,layered_block,circular,per_chunk,16,16
1175,199250,203167,16,0,0,layered_block,circular,per_chunk,16,16
1176,253208,257125,16,0,0,layered_block,circular,per_chunk,16,16
1177,203375,207417,16,0,0,layered_block,circular,per_chunk,16,16
1178,199458,203333,16,0,0,layered_block,circular,per_chunk,16,16
1179,207791,211750,16,0,0,layered_block,circular,per_chunk,16,16
1180,219625,223459,16,0,0,layered_block,circular,per_chunk,16,16
1181,213166,217167,16,0,0,layered_block,circular,per_chunk,16,16
1182,212292,216084,16,0,0,layered_block,circular,per_chunk,16,16
1183,256209,260583,16,0,0,layered_block,circular,per_chunk,16,16
1184,204334,208208,16,0,0,layered_block,circular,per_chunk,16,16
1185,199666,203666,16,0,0,layered_block,circular,per_chunk,16,16
1186,204458,208333,16,0,0,layered_block,circular,per_chunk,16,16
1187,199541,203375,16,0,0,layered_block,circular,per_chunk,16,16
1188,199667,203542,16,0,0,layered_block,circular,per_chunk,16,16
1189,203916,207792,16,0,0,layered_block,circular,per_chunk,16,16
1190,198959,202958,16,0,0,layered_block,circular,per_chunk,16,16
1191,204375,208167,16,0,0,layered_block,circular,per_chunk,16,16
1192,204042,207875,16,0,0,layered_block,circular,per_chunk,16,16
1193,199417,203334,16,0,0,layered_block,circular,per_chunk,16,16
1194,199375,203292,16,0,0,layered_block,circular,per_chunk,16,16
1195,204208,208042,16,0,0,layered_block,circular,per_chunk,16,16
1196,199458,203417,16,0,0,layered_block,circular,per_chunk,16,16
1197,199209,203042,16,0,0,layered_block,circular,per_chunk,16,16
1198,203958,207792,16,0,0,layered_block,circular,per_chunk,16,16
1199,199334,203250,16,0,0,layered_block,circular,per_chunk,16,16
1200,199667,203583,16,0,0,layered_block,circular,per_chunk,16,16
1201,204458,208333,16,0,0,layered_block,circular,per_chunk,16,16
1202,199209,203166,16,0,0,layered_block,circular,per_chunk,16,16
1203,199583,203542,16,0,0,layered_block,circular,per_chunk,16,16
1204,206833,210708,16,0,0,layered_block,circular,per_chunk,16,16
1205,204459,208291,16,0,0,layered_block,circular,per_chunk,16,16
1206,199208,203083,16,0,0,layered_block,circular,per_chunk,16,16
1207,204334,208166,16,0,0,layered_block,circular,per_chunk,16,16
1208,252334,256458,16,0,0,layered_block,circular,per_chunk,16,16
1209,199125,203000,16,0,0,layered_block,circular,per_chunk,16,16
1210,202208,206166,16,0,0,layered_block,circular,per_chunk,16,16
1211,203959,207833,16,0,0,layered_block,circular,per_chunk,16,16
1212,199125,203042,16,0,0,layered_block,circular,per_chunk,16,16
1213,199250,203250,16,0,0,layered_block,circular,per_chunk,16,16
1214,210125,214000,16,0,0,layered_block,circular,per_chunk,16,16
1215,204875,208833,16,0,0,layered_block,circular,per_chunk,16,16
1216,209250,213208,16,0,0,layered_block,circular,per_chunk,16,16
1217,199333,203208,16,0,0,layered_block,circular,per_chunk,16,16
1218,204209,208083,16,0,0,layered_block,circular,per_chunk,16,16
1219,204292,208167,16,0,0,layered_block,circular,per_chunk,16,16
1220,204750,208625,16,0,0,layered_block,circular,per_chunk,16,16
1221,199334,203208,16,0,0,layered_block,circular,per_chunk,16,16
1222,199791,204167,16,0,0,layered_block,circular,per_chunk,16,16
1223,204541,208375,16,0,0,layered_block,circular,per_chunk,16,16
1224,208667,212583,16,0,0,layered_block,circular,per_chunk,16,16
1225,213708,217625,16,0,0,layered_block,circular,per_chunk,16,16
1226,218541,222417,16,0,0,layered_block,circular,per_chunk,16,16
1227,209833,213792,16,0,0,layered_block,circular,per_chunk,16,16
1228,214542,218458,16,0,0,layered_block,circular,per_chunk,16,16
1229,209833,213833,16,0,0,layered_block,circular,per_chunk,16,16
1230,219375,223625,16,0,0,layered_block,circular,per_chunk,16,16
1231,207000,210875,16,0,0,layered_block,circular,per_chunk,16,16
1232,204417,208292,16,0,0,layered_block,circular,per_chunk,16,16
1233,199459,203459,16,0,0,layered_block,circular,per_chunk,16,16
1234,206583,210708,16,0,0,layered_block,circular,per_chunk,16,16
1235,204542,208416,16,0,0,layered_block,circular,per_chunk,16,16
1236,199417,203292,16,0,0,layered_block,circular,per_chunk,16,16
1237,204375,208250,16,0,0,layered_block,circular,per_chunk,16,16
1238,249542,253791,16,0,0,layered_block,circular,per_chunk,16,16
1239,199167,203042,16,0,0,layered_block,circular,per_chunk,16,16
1240,204042,207916,16,0,0,layered_block,circular,per_chunk,16,16
1241,199291,203250,16,0,0,layered_block,circular,per_chunk,16,16
1242,260375,264542,16,0,0,layered_block,circular,per_chunk,16,16
1243,213458,217417,16,0,0,layered_block,circular,per_chunk,16,16
1244,218125,222000,16,0,0,layered_block,circular,per_chunk,16,16
1245,220500,224458,16,0,0,layered_block,circular,per_chunk,16,16
1246,213084,217041,16,0,0,layered_block,circular,per_chunk,16,16
1247,213375,217375,16,0,0,layered_block,circular,per_chunk,16,16
1248,219708,223625,16,0,0,layered_block,circular,per_chunk,16,16
1249,213000,216917,16,0,0,layered_block,circular,per_chunk,16,16
1250,209916,213750,16,0,0,layered_block,circular,per_chunk,16,16
1251,204375,208209,16,0,0,layered_block,circular,per_chunk,16,16
1252,199417,203333,16,0,0,layered_block,circular,per_chunk,16,16
1253,204750,208625,16,0,0,layered_block,circular,per_chunk,16,16
1254,204292,208125,16,0,0,layered_block,circular,per_chunk,16,16
1255,199541,203542,16,0,0,layered_block,circular,per_chunk,16,16
1256,204583,208417,16,0,0,layered_block,circular,per_chunk,16,16
1257,203750,207666,16,0,0,layered_block,circular,per_chunk,16,16
1258,199542,203500,16,0,0,layered_block,circular,per_chunk,16,16
1259,210416,214333,16,0,0,layered_block,circular,per_chunk,16,16
1260,215250,219041,16,0,0,layered_block,circular,per_chunk,16,16
1261,210042,214000,16,0,0,layered_block,circular,per_chunk,16,16
1262,215959,219833,16,0,0,layered_block,circular,per_chunk,16,16
1263,205209,209125,16,0,0,layered_block,circular,per_chunk,16,16
1264,204375,208208,16,0,0,layered_block,circular,per_chunk,16,16
1265,199917,203875,16,0,0,layered_block,circular,per_chunk,16,16
1266,204125,208000,16,0,0,layered_block,circular,per_chunk,16,16
1267,204666,208625,16,0,0,layered_block,circular,per_chunk,16,16
1268,202292,206292,16,0,0,layered_block,circular,per_chunk,16,16
1269,205083,208917,16,0,0,layered_block,circular,per_chunk,16,16
1270,204166,208084,16,0,0,layered_block,circular,per_chunk,16,16
1271,199250,203209,16,0,0,layered_block,circular,per_chunk,16,16
1272,199166,203208,16,0,0,layered_block,circular,per_chunk,16,16
1273,204875,208791,16,0,0,layered_block,circular,per_chunk,16,16
1274,204250,208125,16,0,0,layered_block,circular,per_chunk,16,16
1275,199250,203291,16,0,0,layered_block,circular,per_chunk,16,16
1276,204291,208167,16,0,0,layered_block,circular,per_chunk,16,16
1277,204000,207917,16,0,0,layered_block,circular,per_chunk,16,16
1278,199167,203208,16,0,0,layered_block,circular,per_chunk,16,16
1279,199417,203417,16,0,0,layered_block,circular,per_chunk,16,16
1280,204500,208375,16,0,0,layered_block,circular,per_chunk,16,16
1281,204208,208125,16,0,0,layered_block,circular,per_chunk,16,16
1282,199458,203458,16,0,0,layered_block,circular,per_chunk,16,16
1283,204167,208042,16,0,0,layered_block,circular,per_chunk,16,16
1284,204667,208541,16,0,0,layered_block,circular,per_chunk,16,16
1285,199208,203250,16,0,0,layered_block,circular,per_chunk,16,16
1286,204250,208167,16,0,0,layered_block,circular,per_chunk,16,16
1287,204084,207958,16,0,0,layered_block,circular,per_chunk,16,16
1288,199667,203583,16,0,0,layered_block,circular,per_chunk,16,16
1289,206583,210583,16,0,0,layered_block,circular,per_chunk,16,16
1290,199250,203209,16,0,0,layered_block,circular,per_chunk,16,16
1291,204375,208334,16,0,0,layered_block,circular,per_chunk,16,16
1292,204500,208375,16,0,0,layered_block,circular,per_chunk,16,16
1293,199583,203584,16,0,0,layered_block,circular,per_chunk,16,16
1294,204292,208166,16,0,0,layered_block,circular,per_chunk,16,16
1295,199292,203292,16,0,0,layered_block,circular,per_chunk,16,16
1296,204167,208000,16,0,0,layered_block,circular,per_chunk,16,16
1297,204500,208333,16,0,0,layered_block,circular,per_chunk,16,16
1298,199208,203167,16,0,0,layered_block,circular,per_chunk,16,16
1299,204500,208334,16,0,0,layered_block,circular,per_chunk,16,16
1300,199083,203083,16,0,0,layered_block,circular,per_chunk,16,16
1301,199334,203292,16,0,0,layered_block,circular,per_chunk,16,16
1302,205917,209875,16,0,0,layered_block,circular,per_chunk,16,16
1303,204125,207959,16,0,0,layered_block,circular,per_chunk,16,16
1304,199583,203458,16,0,0,layered_block,circular,per_chunk,16,16
1305,204875,208709,16,0,0,layered_block,circular,per_chunk,16,16
1306,206500,210417,16,0,0,layered_block,circular,per_chunk,16,16
1307,199083,203084,16,0,0,layered_block,circular,per_chunk,16,16
1308,204042,207875,16,0,0,layered_block,circular,per_chunk,16,16
1309,204125,208000,16,0,0,layered_block,circular,per_chunk,16,16
1310,207083,211000,16,0,0,layered_block,circular,per_chunk,16,16
1311,199792,203708,16,0,0,layered_block,circular,per_chunk,16,16
1312,204625,208458,16,0,0,layered_block,circular,per_chunk,16,16
1313,199291,203166,16,0,0,layered_block,circular,per_chunk,16,16
1314,247583,251875,16,0,0,layered_block,circular,per_chunk,16,16
1315,204125,208000,16,0,0,layered_block,circular,per_chunk,16,16
1316,203792,207667,16,0,0,layered_block,circular,per_chunk,16,16
1317,199458,207875,16,0,0,layered_block,circular,per_chunk,16,16
1318,203917,207709,16,0,0,layered_block,circular,per_chunk,16,16
1319,199333,207417,16,0,0,layered_block,circular,per_chunk,16,16
1320,199375,203250,16,0,0,layered_block,circular,per_chunk,16,16
1321,204250,208125,16,0,0,layered_block,circular,per_chunk,16,16
1322,204333,208167,16,0,0,layered_block,circular,per_chunk,16,16
1323,199375,203375,16,0,0,layered_block,circular,per_chunk,16,16
1324,204291,208292,16,0,0,layered_block,circular,per_chunk,16,16
1325,204334,208166,16,0,0,layered_block,circular,per_chunk,16,16
1326,199375,203333,16,0,0,layered_block,circular,per_chunk,16,16
1327,204542,208375,16,0,0,layered_block,circular,per_chunk,16,16
1328,204417,208292,16,0,0,layered_block,circular,per_chunk,16,16
1329,199500,203417,16,0,0,layered_block,circular,per_chunk,16,16
1330,204333,208167,16,0,0,layered_block,circular,per_chunk,16,16
1331,199416,203459,16,0,0,layered_block,circular,per_chunk,16,16
1332,204250,208083,16,0,0,layered_block,circular,per_chunk,16,16
1333,204375,208208,16,0,0,layered_block,circular,per_chunk,16,16
1334,199250,203208,16,0,0,layered_block,circular,per_chunk,16,16
1335,244500,248792,16,0,0,layered_block,circular,per_chunk,16,16
1336,199250,203209,16,0,0,layered_block,circular,per_chunk,16,16
1337,204292,208125,16,0,0,layered_block,circular,per_chunk,16,16
1338,204167,208000,16,0,0,layered_block,circular,per_chunk,16,16
1339,199667,203959,16,0,0,layered_block,circular,per_chunk,16,16
1340,204167,208000,16,0,0,layered_block,circular,per_chunk,16,16
1341,199125,203000,16,0,0,layered_block,circular,per_chunk,16,16
1342,204209,208083,16,0,0,layered_block,circular,per_chunk,16,16
1343,204750,208583,16,0,0,layered_block,circular,per_chunk,16,16
1344,199500,203292,16,0,0,layered_block,circular,per_chunk,16,16
1345,204166,208042,16,0,0,layered_block,circular,per_chunk,16,16
1346,199167,203084,16,0,0,layered_block,circular,per_chunk,16,16
1347,203916,207750,16,0,0,layered_block,circular,per_chunk,16,16
1348,206625,210500,16,0,0,layered_block,circular,per_chunk,16,16
1349,199375,203291,16,0,0,layered_block,circular,per_chunk,16,16
1350,199292,203250,16,0,0,layered_block,circular,per_chunk,16,16
1351,204083,207875,16,0,0,layered_block,circular,per_chunk,16,16
1352,251166,255125,16,0,0,layered_block,circular,per_chunk,16,16
1353,199750,203625,16,0,0,layered_block,circular,per_chunk,16,16
1354,204333,208208,16,0,0,layered_block,circular,per_chunk,16,16
1355,203417,207375,16,0,0,layered_block,circular,per_chunk,16,16
1356,199416,203291,16,0,0,layered_block,circular,per_chunk,16,16
1357,204333,208167,16,0,0,layered_block,circular,per_chunk,16,16
1358,204542,208500,16,0,0,layered_block,circular,per_chunk,16,16
1359,199125,203041,16,0,0,layered_block,circular,per_chunk,16,16
1360,204125,207916,16,0,0,layered_block,circular,per_chunk,16,16
1361,204250,208084,16,0,0,layered_block,circular,per_chunk,16,16
1362,199792,203667,16,0,0,layered_block,circular,per_chunk,16,16
1363,204416,208292,16,0,0,layered_block,circular,per_chunk,16,16
1364,204125,207917,16,0,0,layered_block,circular,per_chunk,16,16
1365,204750,208542,16,0,0,layered_block,circular,per_chunk,16,16
1366,199583,203583,16,0,0,layered_block,circular,per_chunk,16,16
1367,204209,208041,16,0,0,layered_block,circular,per_chunk,16,16
1368,203959,207750,16,0,0,layered_block,circular,per_chunk,16,16
1369,199375,203292,16,0,0,layered_block,circular,per_chunk,16,16
1370,204417,208250,16,0,0,layered_block,circular,per_chunk,16,16
1371,204541,208375,16,0,0,layered_block,circular,per_chunk,16,16
1372,199583,203583,16,0,0,layered_block,circular,per_chunk,16,16
1373,205625,209500,16,0,0,layered_block,circular,per_chunk,16,16
1374,199208,203167,16,0,0,layered_block,circular,per_chunk,16,16
1375,199792,203667,16,0,0,layered_block,circular,per_chunk,16,16
1376,204125,207917,16,0,0,layered_block,circular,per_chunk,16,16
1377,241250,245416,16,0,0,layered_block,circular,per_chunk,16,16
1378,204250,208125,16,0,0,layered_block,circular,per_chunk,16,16
1379,203708,207542,16,0,0,layered_block,circular,per_chunk,16,16
1380,204208,208042,16,0,0,layered_block,circular,per_chunk,16,16
1381,204292,208125,16,0,0,layered_block,circular,per_chunk,16,16
1382,199583,203458,16,0,0,layered_block,circular,per_chunk,16,16
1383,204208,208000,16,0,0,layered_block,circular,per_chunk,16,16
1384,199125,203000,16,0,0,layered_block,circular,per_chunk,16,16
1385,199209,203125,16,0,0,layered_block,circular,per_chunk,16,16
1386,204708,208583,16,0,0,layered_block,circular,per_chunk,16,16
1387,199041,203000,16,0,0,layered_block,circular,per_chunk,16,16
1388,199417,207666,16,0,0,layered_block,circular,per_chunk,16,16
1389,204084,207916,16,0,0,layered_block,circular,per_chunk,16,16
1390,199834,203791,16,0,0,layered_block,circular,per_chunk,16,16
1391,204000,207834,16,0,0,layered_block,circular,per_chunk,16,16
1392,199417,203333,16,0,0,layered_block,circular,per_chunk,16,16
1393,203958,207875,16,0,0,layered_block,circular,per_chunk,16,16
1394,246875,250875,16,0,0,layered_block,circular,per_chunk,16,16
1395,199583,203459,16,0,0,layered_block,circular,per_chunk,16,16
1396,204000,207833,16,0,0,layered_block,circular,per_chunk,16,16
1397,204042,207917,16,0,0,layered_block,circular,per_chunk,16,16
1398,199167,203167,16,0,0,layered_block,circular,per_chunk,16,16
1399,204375,208250,16,0,0,layered_block,circular,per_chunk,16,16
1400,204250,208125,16,0,0,layered_block,circular,per_chunk,16,16
1401,199333,203209,16,0,0,layered_block,circular,per_chunk,16,16
1402,204208,208083,16,0,0,layered_block,circular,per_chunk,16,16
1403,204083,208000,16,0,0,layered_block,circular,per_chunk,16,16
1404,199500,203500,16,0,0,layered_block,circular,per_chunk,16,16
1405,199334,203334,16,0,0,layered_block,circular,per_chunk,16,16
1406,204250,208084,16,0,0,layered_block,circular,per_chunk,16,16
1407,204541,208417,16,0,0,layered_block,circular,per_chunk,16,16
1408,199583,203584,16,0,0,layered_block,circular,per_chunk,16,16
1409,199459,203500,16,0,0,layered_block,circular,per_chunk,16,16
1410,204125,207958,16,0,0,layered_block,circular,per_chunk,16,16
1411,204417,208416,16,0,0,layered_block,circular,per_chunk,16,16
1412,199250,203166,16,0,0,layered_block,circular,per_chunk,16,16
1413,204000,207833,16,0,0,layered_block,circular,per_chunk,16,16
1414,199208,203167,16,0,0,layered_block,circular,per_chunk,16,16
1415,199708,203625,16,0,0,layered_block,circular,per_chunk,16,16
1416,203750,207625,16,0,0,layered_block,circular,per_chunk,16,16
1417,204167,208000,16,0,0,layered_block,circular,per_chunk,16,16
1418,199541,203459,16,0,0,layered_block,circular,per_chunk,16,16
1419,200833,204875,16,0,0,layered_block,circular,per_chunk,16,16
1420,203958,207875,16,0,0,layered_block,circular,per_chunk,16,16
1421,199292,203208,16,0,0,layered_block,circular,per_chunk,16,16
1422,203792,207625,16,0,0,layered_block,circular,per_chunk,16,16
1423,249167,253166,16,0,0,layered_block,circular,per_chunk,16,16
1424,199625,203583,16,0,0,layered_block,circular,per_chunk,16,16
1425,204250,208167,16,0,0,layered_block,circular,per_chunk,16,16
1426,199083,203042,16,0,0,layered_block,circular,per_chunk,16,16
1427,199250,203167,16,0,0,layered_block,circular,per_chunk,16,16
1428,204542,208458,16,0,0,layered_block,circular,per_chunk,16,16
1429,199416,203375,16,0,0,layered_block,circular,per_chunk,16,16
1430,199375,203625,16,0,0,layered_block,circular,per_chunk,16,16
1431,204500,208416,16,0,0,layered_block,circular,per_chunk,16,16
1432,199292,203250,16,0,0,layered_block,circular,per_chunk,16,16
1433,204417,208375,16,0,0,layered_block,circular,per_chunk,16,16
1434,204166,208000,16,0,0,layered_block,circular,per_chunk,16,16
1435,199625,203584,16,0,0,layered_block,circular,per_chunk,16,16
1436,205417,209417,16,0,0,layered_block,circular,per_chunk,16,16
1437,204209,208041,16,0,0,layered_block,circular,per_chunk,16,16
1438,199500,203500,16,0,0,layered_block,circular,per_chunk,16,16
1439,204458,208292,16,0,0,layered_block,circular,per_chunk,16,16
1440,206709,210625,16,0,0,layered_block,circular,per_chunk,16,16
1441,199625,203542,16,0,0,layered_block,circular,per_chunk,16,16
1442,204167,208000,16,0,0,layered_block,circular,per_chunk,16,16
1443,199083,203000,16,0,0,layered_block,circular,per_chunk,16,16
1444,244916,249000,16,0,0,layered_block,circular,per_chunk,16,16
1445,204375,208292,16,0,0,layered_block,circular,per_chunk,16,16
1446,204291,208209,16,0,0,layered_block,circular,per_chunk,16,16
1447,199542,203417,16,0,0,layered_block,circular,per_chunk,16,16
1448,204084,207875,16,0,0,layered_block,circular,per_chunk,16,16
1449,204709,208583,16,0,0,layered_block,circular,per_chunk,16,16
1450,199542,203375,16,0,0,layered_block,circular,per_chunk,16,16
1451,204583,208375,16,0,0,layered_block,circular,per_chunk,16,16
1452,198959,202916,16,0,0,layered_block,circular,per_chunk,16,16
1453,199334,203208,16,0,0,layered_block,circular,per_chunk,16,16
1454,204459,208333,16,0,0,layered_block,circular,per_chunk,16,16
1455,204500,208417,16,0,0,layered_block,circular,per_chunk,16,16
1456,199791,203750,16,0,0,layered_block,circular,per_chunk,16,16
1457,205000,208917,16,0,0,layered_block,circular,per_chunk,16,16
1458,204084,207916,16,0,0,layered_block,circular,per_chunk,16,16
1459,199292,203125,16,0,0,layered_block,circular,per_chunk,16,16
1460,204333,208250,16,0,0,layered_block,circular,per_chunk,16,16
1461,205167,209042,16,0,0,layered_block,circular,per_chunk,16,16
1462,199042,203083,16,0,0,layered_block,circular,per_chunk,16,16
1463,199583,203583,16,0,0,layered_block,circular,per_chunk,16,16
1464,200625,209166,16,0,0,layered_block,circular,per_chunk,16,16
1465,199167,203125,16,0,0,layered_block,circular,per_chunk,16,16
1466,199375,203333,16,0,0,layered_block,circular,per_chunk,16,16
1467,250875,255000,16,0,0,layered_block,circular,per_chunk,16,16
1468,204250,208125,16,0,0,layered_block,circular,per_chunk,16,16
1469,199166,203167,16,0,0,layered_block,circular,per_chunk,16,16
1470,204084,207958,16,0,0,layered_block,circular,per_chunk,16,16
1471,204292,208125,16,0,0,layered_block,circular,per_chunk,16,16
1472,199500,203500,16,0,0,layered_block,circular,per_chunk,16,16
1473,199458,203500,16,0,0,layered_block,circular,per_chunk,16,16
1474,204125,208000,16,0,0,layered_block,circular,per_chunk,16,16
1475,199500,203500,16,0,0,layered_block,circular,per_chunk,16,16
1476,199958,203916,16,0,0,layered_block,circular,per_chunk,16,16
1477,204792,208667,16,0,0,layered_block,circular,per_chunk,16,16
1478,204208,208042,16,0,0,layered_block,circular,per_chunk,16,16
1479,199500,203458,16,0,0,layered_block,circular,per_chunk,16,16
1480,199709,203709,16,0,0,layered_block,circular,per_chunk,16,16
1481,204750,208625,16,0,0,layered_block,circular,per_chunk,16,16
1482,199125,203041,16,0,0,layered_block,circular,per_chunk,16,16
1483,199500,203458,16,0,0,layered_block,circular,per_chunk,16,16
1484,204417,208333,16,0,0,layered_block,circular,per_chunk,16,16
1485,199250,203250,16,0,0,layered_block,circular,per_chunk,16,16
1486,199667,203583,16,0,0,layered_block,circular,per_chunk,16,16
1487,204542,208416,16,0,0,layered_block,circular,per_chunk,16,16
1488,200250,204209,16,0,0,layered_block,circular,per_chunk,16,16
1489,204375,208250,16,0,0,layered_block,circular,per_chunk,16,16
1490,204542,208417,16,0,0,layered_block,circular,per_chunk,16,16
1491,199709,203583,16,0,0,layered_block,circular,per_chunk,16,16
1492,246750,250834,16,0,0,layered_block,circular,per_chunk,16,16
1493,204209,208083,16,0,0,layered_block,circular,per_chunk,16,16
1494,199208,203208,16,0,0,layered_block,circular,per_chunk,16,16
1495,204208,208084,16,0,0,layered_block,circular,per_chunk,16,16
1496,199500,203500,16,0,0,layered_block,circular,per_chunk,16,16
1497,199541,203458,16,0,0,layered_block,circular,per_chunk,16,16
1498,203958,207875,16,0,0,layered_block,circular,per_chunk,16,16
1499,199375,203334,16,0,0,layered_block,circular,per_chunk,16,16
1500,204334,208250,16,0,0,layered_block,circular,per_chunk,16,16
1501,204667,208583,16,0,0,layered_block,circular,per_chunk,16,16
1502,199375,203292,16,0,0,layered_block,circular,per_chunk,16,16
1503,204459,208291,16,0,0,layered_block,circular,per_chunk,16,16
1504,199416,203459,16,0,0,layered_block,circular,per_chunk,16,16
1505,199541,203416,16,0,0,layered_block,circular,per_chunk,16,16
1506,204458,208334,16,0,0,layered_block,circular,per_chunk,16,16
1507,199292,203250,16,0,0,layered_block,circular,per_chunk,16,16
1508,204125,208000,16,0,0,layered_block,circular,per_chunk,16,16
1509,250875,255250,16,0,0,layered_block,circular,per_chunk,16,16
1510,199000,202958,16,0,0,layered_block,circular,per_chunk,16,16
1511,204209,208083,16,0,0,layered_block,circular,per_chunk,16,16
1512,204334,208208,16,0,0,layered_block,circular,per_chunk,16,16
1513,199375,203292,16,0,0,layered_block,circular,per_chunk,16,16
1514,204417,208250,16,0,0,layered_block,circular,per_chunk,16,16
1515,199250,203250,16,0,0,layered_block,circular,per_chunk,16,16
1516,199792,203792,16,0,0,layered_block,circular,per_chunk,16,16
1517,204084,207958,16,0,0,layered_block,circular,per_chunk,16,16
1518,204542,208375,16,0,0,layered_block,circular,per_chunk,16,16
1519,199792,203750,16,0,0,layered_block,circular,per_chunk,16,16
1520,204500,208333,16,0,0,layered_block,circular,per_chunk,16,16
1521,199000,202917,16,0,0,layered_block,circular,per_chunk,16,16
1522,199708,203542,16,0,0,layered_block,circular,per_chunk,16,16
1523,204458,208334,16,0,0,layered_block,circular,per_chunk,16,16
1524,204334,208208,16,0,0,layered_block,circular,per_chunk,16,16
1525,199208,203125,16,0,0,layered_block,circular,per_chunk,16,16
1526,205250,209167,16,0,0,layered_block,circular,per_chunk,16,16
1527,203959,207791,16,0,0,layered_block,circular,per_chunk,16,16
1528,199375,203208,16,0,0,layered_block,circular,per_chunk,16,16
1529,204667,208458,16,0,0,layered_block,circular,per_chunk,16,16
1530,206166,210000,16,0,0,layered_block,circular,per_chunk,16,16
1531,199375,203333,16,0,0,layered_block,circular,per_chunk,16,16
1532,199708,203583,16,0,0,layered_block,circular,per_chunk,16,16
1533,204084,207916,16,0,0,layered_block,circular,per_chunk,16,16
1534,247959,252083,16,0,0,layered_block,circular,per_chunk,16,16
1535,199250,203167,16,0,0,layered_block,circular,per_chunk,16,16
1536,203791,207625,16,0,0,layered_block,circular,per_chunk,16,16
1537,199208,203125,16,0,0,layered_block,circular,per_chunk,16,16
1538,243250,247500,16,0,0,layered_block,circular,per_chunk,16,16
1539,204500,208375,16,0,0,layered_block,circular,per_chunk,16,16
1540,204000,207834,16,0,0,layered_block,circular,per_chunk,16,16
1541,199458,203417,16,0,0,layered_block,circular,per_chunk,16,16
1542,204166,208042,16,0,0,layered_block,circular,per_chunk,16,16
1543,204417,208334,16,0,0,layered_block,circular,per_chunk,16,16
1544,199250,203125,16,0,0,layered_block,circular,per_chunk,16,16
1545,204375,208167,16,0,0,layered_block,circular,per_chunk,16,16
1546,199083,203000,16,0,0,layered_block,circular,per_chunk,16,16
1547,199458,203292,16,0,0,layered_block,circular,per_chunk,16,16
1548,204667,208500,16,0,0,layered_block,circular,per_chunk,16,16
1549,204416,208208,16,0,0,layered_block,circular,per_chunk,16,16
1550,199667,203500,16,0,0,layered_block,circular,per_chunk,16,16
1551,204917,208750,16,0,0,layered_block,circular,per_chunk,16,16
1552,204333,208125,16,0,0,layered_block,circular,per_chunk,16,16
1553,199541,203375,16,0,0,layered_block,circular,per_chunk,16,16
1554,204166,208000,16,0,0,layered_block,circular,per_chunk,16,16
1555,205917,209833,16,0,0,layered_block,circular,per_chunk,16,16
1556,199542,203416,16,0,0,layered_block,circular,per_chunk,16,16
1557,204458,208250,16,0,0,layered_block,circular,per_chunk,16,16
1558,199166,203125,16,0,0,layered_block,circular,per_chunk,16,16
1559,249959,254041,16,0,0,layered_block,circular,per_chunk,16,16
1560,204083,207959,16,0,0,layered_block,circular,per_chunk,16,16
1561,199167,203125,16,0,0,layered_block,circular,per_chunk,16,16
1562,199458,203333,16,0,0,layered_block,circular,per_chunk,16,16
1563,204083,207917,16,0,0,layered_block,circular,per_chunk,16,16
1564,199000,202917,16,0,0,layered_block,circular,per_chunk,16,16
1565,199250,203250,16,0,0,layered_block,circular,per_chunk,16,16
1566,204083,207875,16,0,0,layered_block,circular,per_chunk,16,16
1567,204375,208250,16,0,0,layered_block,circular,per_chunk,16,16
1568,199292,203167,16,0,0,layered_block,circular,per_chunk,16,16
1569,204250,208125,16,0,0,layered_block,circular,per_chunk,16,16
1570,204333,208209,16,0,0,layered_block,circular,per_chunk,16,16
1571,199208,203083,16,0,0,layered_block,circular,per_chunk,16,16
1572,204250,208083,16,0,0,layered_block,circular,per_chunk,16,16
1573,204208,208042,16,0,0,layered_block,circular,per_chunk,16,16
1574,199666,203542,16,0,0,layered_block,circular,per_chunk,16,16
1575,204083,207916,16,0,0,layered_block,circular,per_chunk,16,16
1576,204834,208708,16,0,0,layered_block,circular,per_chunk,16,16
1577,199333,203166,16,0,0,layered_block,circular,per_chunk,16,16
1578,204208,208000,16,0,0,layered_block,circular,per_chunk,16,16
1579,199166,203083,16,0,0,layered_block,circular,per_chunk,16,16
1580,199583,203459,16,0,0,layered_block,circular,per_chunk,16,16
1581,204208,208042,16,0,0,layered_block,circular,per_chunk,16,16
1582,204125,207958,16,0,0,layered_block,circular,per_chunk,16,16
1583,199500,203458,16,0,0,layered_block,circular,per_chunk,16,16
1584,249250,253334,16,0,0,layered_block,circular,per_chunk,16,16
1585,204208,208042,16,0,0,layered_block,circular,per_chunk,16,16
1586,199416,203291,16,0,0,layered_block,circular,per_chunk,16,16
1587,204250,208084,16,0,0,layered_block,circular,per_chunk,16,16
1588,204166,208000,16,0,0,layered_block,circular,per_chunk,16,16
1589,199375,203250,16,0,0,layered_block,circular,per_chunk,16,16
1590,204333,208167,16,0,0,layered_block,circular,per_chunk,16,16
1591,204208,208083,16,0,0,layered_block,circular,per_chunk,16,16
1592,199167,203125,16,0,0,layered_block,circular,per_chunk,16,16
1593,204459,208291,16,0,0,layered_block,circular,per_chunk,16,16
1594,204500,208376,16,0,0,layered_block,circular,per_chunk,16,16
1595,199583,203500,16,0,0,layered_block,circular,per_chunk,16,16
1596,204250,208083,16,0,0,layered_block,circular,per_chunk,16,16
1597,204708,208583,16,0,0,layered_block,circular,per_chunk,16,16
1598,199459,203291,16,0,0,layered_block,circular,per_chunk,16,16
1599,204125,208084,16,0,0,layered_block,circular,per_chunk,16,16
1600,198958,202917,16,0,0,layered_block,circular,per_chunk,16,16
1601,199459,203292,16,0,0,layered_block,circular,per_chunk,16,16
1602,204000,207833,16,0,0,layered_block,circular,per_chunk,16,16
1603,204041,207917,16,0,0,layered_block,circular,per_chunk,16,16
1604,199458,203375,16,0,0,layered_block,circular,per_chunk,16,16
1605,199833,204250,16,0,0,layered_block,circular,per_chunk,16,16
1606,203958,207833,16,0,0,layered_block,circular,per_chunk,16,16
1607,199125,203167,16,0,0,layered_block,circular,per_chunk,16,16
1608,204166,208042,16,0,0,layered_block,circular,per_chunk,16,16
1609,252333,256292,16,0,0,layered_block,circular,per_chunk,16,16
1610,199000,202959,16,0,0,layered_block,circular,per_chunk,16,16
1611,204250,208125,16,0,0,layered_block,circular,per_chunk,16,16
1612,204125,207959,16,0,0,layered_block,circular,per_chunk,16,16
1613,242750,246875,16,0,0,layered_block,circular,per_chunk,16,16
1614,199583,203583,16,0,0,layered_block,circular,per_chunk,16,16
1615,204125,208000,16,0,0,layered_block,circular,per_chunk,16,16
1616,199292,203166,16,0,0,layered_block,circular,per_chunk,16,16
1617,204334,208208,16,0,0,layered_block,circular,per_chunk,16,16
1618,204333,208209,16,0,0,layered_block,circular,per_chunk,16,16
1619,199250,203125,16,0,0,layered_block,circular,per_chunk,16,16
1620,204167,208000,16,0,0,layered_block,circular,per_chunk,16,16
1621,204250,208125,16,0,0,layered_block,circular,per_chunk,16,16
1622,199417,203292,16,0,0,layered_block,circular,per_chunk,16,16
1623,204042,207958,16,0,0,layered_block,circular,per_chunk,16,16
1624,204417,208250,16,0,0,layered_block,circular,per_chunk,16,16
1625,199458,203500,16,0,0,layered_block,circular,per_chunk,16,16
1626,205667,209541,16,0,0,layered_block,circular,per_chunk,16,16
1627,204541,208458,16,0,0,layered_block,circular,per_chunk,16,16
1628,199375,203250,16,0,0,layered_block,circular,per_chunk,16,16
1629,204209,208041,16,0,0,layered_block,circular,per_chunk,16,16
1630,206792,210709,16,0,0,layered_block,circular,per_chunk,16,16
1631,199333,203333,16,0,0,layered_block,circular,per_chunk,16,16
1632,199542,203500,16,0,0,layered_block,circular,per_chunk,16,16
1633,204042,207916,16,0,0,layered_block,circular,per_chunk,16,16
1634,246541,250750,16,0,0,layered_block,circular,per_chunk,16,16
1635,204459,208333,16,0,0,layered_block,circular,per_chunk,16,16
1636,204166,208084,16,0,0,layered_block,circular,per_chunk,16,16
1637,199583,203500,16,0,0,layered_block,circular,per_chunk,16,16
1638,204041,207959,16,0,0,layered_block,circular,per_chunk,16,16
1639,204084,207958,16,0,0,layered_block,circular,per_chunk,16,16
1640,199458,203416,16,0,0,layered_block,circular,per_chunk,16,16
1641,204166,208000,16,0,0,layered_block,circular,per_chunk,16,16
1642,199166,203125,16,0,0,layered_block,circular,per_chunk,16,16
1643,199208,203208,16,0,0,layered_block,circular,per_chunk,16,16
1644,204583,208500,16,0,0,layered_block,circular,per_chunk,16,16
1645,204542,208416,16,0,0,layered_block,circular,per_chunk,16,16
1646,199375,203333,16,0,0,layered_block,circular,per_chunk,16,16
1647,204292,208250,16,0,0,layered_block,circular,per_chunk,16,16
1648,204208,208042,16,0,0,layered_block,circular,per_chunk,16,16
1649,199458,203417,16,0,0,layered_block,circular,per_chunk,16,16
1650,204208,208042,16,0,0,layered_block,circular,per_chunk,16,16
1651,206041,210000,16,0,0,layered_block,circular,per_chunk,16,16
1652,199750,203709,16,0,0,layered_block,circular,per_chunk,16,16
1653,204042,207959,16,0,0,layered_block,circular,per_chunk,16,16
1654,199333,203250,16,0,0,layered_block,circular,per_chunk,16,16
1655,244041,248250,16,0,0,layered_block,circular,per_chunk,16,16
1656,204292,208208,16,0,0,layered_block,circular,per_chunk,16,16
1657,204500,208417,16,0,0,layered_block,circular,per_chunk,16,16
1658,199458,203333,16,0,0,layered_block,circular,per_chunk,16,16
1659,201375,205292,16,0,0,layered_block,circular,per_chunk,16,16
1660,204792,208625,16,0,0,layered_block,circular,per_chunk,16,16
1661,199083,203042,16,0,0,layered_block,circular,per_chunk,16,16
1662,203875,207750,16,0,0,layered_block,circular,per_chunk,16,16
1663,204791,208667,16,0,0,layered_block,circular,per_chunk,16,16
1664,204417,208250,16,0,0,layered_block,circular,per_chunk,16,16
1665,199416,203292,16,0,0,layered_block,circular,per_chunk,16,16
1666,204458,208375,16,0,0,layered_block,circular,per_chunk,16,16
1667,204542,208458,16,0,0,layered_block,circular,per_chunk,16,16
1668,199417,203375,16,0,0,layered_block,circular,per_chunk,16,16
1669,199334,203250,16,0,0,layered_block,circular,per_chunk,16,16
1670,204167,208041,16,0,0,layered_block,circular,per_chunk,16,16
1671,204542,208416,16,0,0,layered_block,circular,per_chunk,16,16
1672,199417,203292,16,0,0,layered_block,circular,per_chunk,16,16
1673,204542,208417,16,0,0,layered_block,circular,per_chunk,16,16
1674,204375,208208,16,0,0,layered_block,circular,per_chunk,16,16
1675,200708,204666,16,0,0,layered_block,circular,per_chunk,16,16
1676,199375,203416,16,0,0,layered_block,circular,per_chunk,16,16
1677,204000,207834,16,0,0,layered_block,circular,per_chunk,16,16
1678,199500,203375,16,0,0,layered_block,circular,per_chunk,16,16
1679,246250,250583,16,0,0,layered_block,circular,per_chunk,16,16
1680,204334,208250,16,0,0,layered_block,circular,per_chunk,16,16
1681,199500,203416,16,0,0,layered_block,circular,per_chunk,16,16
1682,204042,207875,16,0,0,layered_block,circular,per_chunk,16,16
1683,199250,203250,16,0,0,layered_block,circular,per_chunk,16,16
1684,199209,203167,16,0,0,layered_block,circular,per_chunk,16,16
1685,203958,207875,16,0,0,layered_block,circular,per_chunk,16,16
1686,199667,203625,16,0,0,layered_block,circular,per_chunk,16,16
1687,204042,207875,16,0,0,layered_block,circular,per_chunk,16,16
1688,204167,208084,16,0,0,layered_block,circular,per_chunk,16,16
1689,199250,203167,16,0,0,layered_block,circular,per_chunk,16,16
1690,204250,208125,16,0,0,layered_block,circular,per_chunk,16,16
1691,204125,208000,16,0,0,layered_block,circular,per_chunk,16,16
1692,199000,202958,16,0,0,layered_block,circular,per_chunk,16,16
1693,204167,208041,16,0,0,layered_block,circular,per_chunk,16,16
1694,204250,208084,16,0,0,layered_block,circular,per_chunk,16,16
1695,199250,203250,16,0,0,layered_block,circular,per_chunk,16,16
1696,206417,210375,16,0,0,layered_block,circular,per_chunk,16,16
1697,198958,202917,16,0,0,layered_block,circular,per_chunk,16,16
1698,199208,203083,16,0,0,layered_block,circular,per_chunk,16,16
1699,204041,207917,16,0,0,layered_block,circular,per_chunk,16,16
1700,240791,244833,16,0,0,layered_block,circular,per_chunk,16,16
1701,204417,208292,16,0,0,layered_block,circular,per_chunk,16,16
1702,204458,208292,16,0,0,layered_block,circular,per_chunk,16,16
1703,199500,203375,16,0,0,layered_block,circular,per_chunk,16,16
1704,204167,208000,16,0,0,layered_block,circular,per_chunk,16,16
1705,204167,208125,16,0,0,layered_block,circular,per_chunk,16,16
1706,199375,203333,16,0,0,layered_block,circular,per_chunk,16,16
1707,203916,207792,16,0,0,layered_block,circular,per_chunk,16,16
1708,199125,203084,16,0,0,layered_block,circular,per_chunk,16,16
1709,199625,203542,16,0,0,layered_block,circular,per_chunk,16,16
1710,204333,208167,16,0,0,layered_block,circular,per_chunk,16,16
1711,199125,202958,16,0,0,layered_block,circular,per_chunk,16,16
1712,204334,208208,16,0,0,layered_block,circular,per_chunk,16,16
1713,205875,209750,16,0,0,layered_block,circular,per_chunk,16,16
1714,199166,203125,16,0,0,layered_block,circular,per_chunk,16,16
1715,199042,203125,16,0,0,layered_block,circular,per_chunk,16,16
1716,204250,208041,16,0,0,layered_block,circular,per_chunk,16,16
1717,206833,210708,16,0,0,layered_block,circular,per_chunk,16,16
1718,199666,203542,16,0,0,layered_block,circular,per_chunk,16,16
1719,204084,207916,16,0,0,layered_block,circular,per_chunk,16,16
1720,199250,203208,16,0,0,layered_block,circular,per_chunk,16,16
1721,260416,264584,16,0,0,layered_block,circular,per_chunk,16,16
1722,204167,208041,16,0,0,layered_block,circular,per_chunk,16,16
1723,203750,207542,16,0,0,layered_block,circular,per_chunk,16,16
1724,199333,203208,16,0,0,layered_block,circular,per_chunk,16,16
1725,244750,248875,16,0,0,layered_block,circular,per_chunk,16,16
1726,204375,208208,16,0,0,layered_block,circular,per_chunk,16,16
1727,199167,203042,16,0,0,layered_block,circular,per_chunk,16,16
1728,204125,207958,16,0,0,layered_block,circular,per_chunk,16,16
1729,204041,207875,16,0,0,layered_block,circular,per_chunk,16,16
1730,204333,208209,16,0,0,layered_block,circular,per_chunk,16,16
1731,199208,203125,16,0,0,layered_block,circular,per_chunk,16,16
1732,204042,207875,16,0,0,layered_block,circular,per_chunk,16,16
1733,199208,203167,16,0,0,layered_block,circular,per_chunk,16,16
1734,199458,203416,16,0,0,layered_block,circular,per_chunk,16,16
1735,204208,208042,16,0,0,layered_block,circular,per_chunk,16,16
1736,199083,203042,16,0,0,layered_block,circular,per_chunk,16,16
1737,199459,203500,16,0,0,layered_block,circular,per_chunk,16,16
1738,204417,208250,16,0,0,layered_block,circular,per_chunk,16,16
1739,204333,208208,16,0,0,layered_block,circular,per_chunk,16,16
1740,199417,203417,16,0,0,layered_block,circular,per_chunk,16,16
1741,204459,208291,16,0,0,layered_block,circular,per_chunk,16,16
1742,205917,209792,16,0,0,layered_block,circular,per_chunk,16,16
1743,199208,203083,16,0,0,layered_block,circular,per_chunk,16,16
1744,204417,208250,16,0,0,layered_block,circular,per_chunk,16,16
1745,203458,207417,16,0,0,layered_block,circular,per_chunk,16,16
1746,245541,249875,16,0,0,layered_block,circular,per_chunk,16,16
1747,204459,208250,16,0,0,layered_block,circular,per_chunk,16,16
1748,204292,208166,16,0,0,layered_block,circular,per_chunk,16,16
1749,199459,203417,16,0,0,layered_block,circular,per_chunk,16,16
1750,250542,255292,16,0,0,layered_block,circular,per_chunk,16,16
1751,204375,208167,16,0,0,layered_block,circular,per_chunk,16,16
1752,199250,203125,16,0,0,layered_block,circular,per_chunk,16,16
1753,204125,207958,16,0,0,layered_block,circular,per_chunk,16,16
1754,204208,208042,16,0,0,layered_block,circular,per_chunk,16,16
1755,199084,202959,16,0,0,layered_block,circular,per_chunk,16,16
1756,199542,203375,16,0,0,layered_block,circular,per_chunk,16,16
1757,204209,208041,16,0,0,layered_block,circular,per_chunk,16,16
1758,199375,203333,16,0,0,layered_block,circular,per_chunk,16,16
1759,199250,203250,16,0,0,layered_block,circular,per_chunk,16,16
1760,204541,208417,16,0,0,layered_block,circular,per_chunk,16,16
1761,203834,207666,16,0,0,layered_block,circular,per_chunk,16,16
1762,199125,203084,16,0,0,layered_block,circular,per_chunk,16,16
1763,204583,208416,16,0,0,layered_block,circular,per_chunk,16,16
1764,204208,208000,16,0,0,layered_block,circular,per_chunk,16,16
1765,199500,203417,16,0,0,layered_block,circular,per_chunk,16,16
1766,204417,208208,16,0,0,layered_block,circular,per_chunk,16,16
1767,204583,208375,16,0,0,layered_block,circular,per_chunk,16,16
1768,199083,203042,16,0,0,layered_block,circular,per_chunk,16,16
1769,214541,218542,16,0,0,layered_block,circular,per_chunk,16,16
1770,212334,216166,16,0,0,layered_block,circular,per_chunk,16,16
1771,204625,208459,16,0,0,layered_block,circular,per_chunk,16,16
1772,199125,203083,16,0,0,layered_block,circular,per_chunk,16,16
1773,199084,202958,16,0,0,layered_block,circular,per_chunk,16,16
1774,204416,208292,16,0,0,layered_block,circular,per_chunk,16,16
1775,199333,203250,16,0,0,layered_block,circular,per_chunk,16,16
1776,199375,203333,16,0,0,layered_block,circular,per_chunk,16,16
1777,210083,214000,16,0,0,layered_block,circular,per_chunk,16,16
1778,199792,203792,16,0,0,layered_block,circular,per_chunk,16,16
1779,199916,203875,16,0,0,layered_block,circular,per_chunk,16,16
1780,204250,208125,16,0,0,layered_block,circular,per_chunk,16,16
1781,199083,203000,16,0,0,layered_block,circular,per_chunk,16,16
1782,204208,208042,16,0,0,layered_block,circular,per_chunk,16,16
1783,204542,208375,16,0,0,layered_block,circular,per_chunk,16,16
1784,204208,208125,16,0,0,layered_block,circular,per_chunk,16,16
1785,199792,203750,16,0,0,layered_block,circular,per_chunk,16,16
1786,203625,207500,16,0,0,layered_block,circular,per_chunk,16,16
1787,204541,208375,16,0,0,layered_block,circular,per_chunk,16,16
1788,199291,203250,16,0,0,layered_block,circular,per_chunk,16,16
1789,203542,207416,16,0,0,layered_block,circular,per_chunk,16,16
1790,199250,203250,16,0,0,layered_block,circular,per_chunk,16,16
1791,206583,210542,16,0,0,layered_block,circular,per_chunk,16,16
1792,213125,216958,16,0,0,layered_block,circular,per_chunk,16,16
1793,207625,211458,16,0,0,layered_block,circular,per_chunk,16,16
1794,200583,208709,16,0,0,layered_block,circular,per_chunk,16,16
1795,215875,219750,16,0,0,layered_block,circular,per_chunk,16,16
1796,213958,217750,16,0,0,layered_block,circular,per_chunk,16,16
1797,218125,221958,16,0,0,layered_block,circular,per_chunk,16,16
1798,199834,203834,16,0,0,layered_block,circular,per_chunk,16,16
1799,208916,212916,16,0,0,layered_block,circular,per_chunk,16,16
1800,216167,220042,16,0,0,layered_block,circular,per_chunk,16,16
1801,257500,261792,16,0,0,layered_block,circular,per_chunk,16,16
1802,204667,208500,16,0,0,layered_block,circular,per_chunk,16,16
1803,216750,220667,16,0,0,layered_block,circular,per_chunk,16,16
1804,205791,209667,16,0,0,layered_block,circular,per_chunk,16,16
1805,211750,215667,16,0,0,layered_block,circular,per_chunk,16,16
1806,212750,216708,16,0,0,layered_block,circular,per_chunk,16,16
1807,214375,218250,16,0,0,layered_block,circular,per_chunk,16,16
1808,204209,208083,16,0,0,layered_block,circular,per_chunk,16,16
1809,211083,215000,16,0,0,layered_block,circular,per_chunk,16,16
1810,214459,218709,16,0,0,layered_block,circular,per_chunk,16,16
1811,217125,221000,16,0,0,layered_block,circular,per_chunk,16,16
1812,220500,224417,16,0,0,layered_block,circular,per_chunk,16,16
1813,213375,217375,16,0,0,layered_block,circular,per_chunk,16,16
1814,216042,219916,16,0,0,layered_block,circular,per_chunk,16,16
1815,205250,209083,16,0,0,layered_block,circular,per_chunk,16,16
1816,204458,208416,16,0,0,layered_block,circular,per_chunk,16,16
1817,202375,206292,16,0,0,layered_block,circular,per_chunk,16,16
1818,213958,217916,16,0,0,layered_block,circular,per_chunk,16,16
1819,206042,209833,16,0,0,layered_block,circular,per_chunk,16,16
1820,210875,214750,16,0,0,layered_block,circular,per_chunk,16,16
1821,214041,217875,16,0,0,layered_block,circular,per_chunk,16,16
1822,206833,210709,16,0,0,layered_block,circular,per_chunk,16,16
1823,203000,206958,16,0,0,layered_block,circular,per_chunk,16,16
1824,215416,219292,16,0,0,layered_block,circular,per_chunk,16,16
1825,215375,219209,16,0,0,layered_block,circular,per_chunk,16,16
1826,205125,209000,16,0,0,layered_block,circular,per_chunk,16,16
1827,204000,207916,16,0,0,layered_block,circular,per_chunk,16,16
1828,199083,203125,16,0,0,layered_block,circular,per_chunk,16,16
1829,260500,264625,16,0,0,layered_block,circular,per_chunk,16,16
1830,219125,223083,16,0,0,layered_block,circular,per_chunk,16,16
1831,217125,221042,16,0,0,layered_block,circular,per_chunk,16,16
1832,255875,260250,16,0,0,layered_block,circular,per_chunk,16,16
1833,209041,212875,16,0,0,layered_block,circular,per_chunk,16,16
1834,204208,208125,16,0,0,layered_block,circular,per_chunk,16,16
1835,199375,203250,16,0,0,layered_block,circular,per_chunk,16,16
1836,216875,220709,16,0,0,layered_block,circular,per_chunk,16,16
1837,214291,218250,16,0,0,layered_block,circular,per_chunk,16,16
1838,216959,220833,16,0,0,layered_block,circular,per_chunk,16,16
1839,255000,259500,16,0,0,layered_block,circular,per_chunk,16,16
1840,210958,215250,16,0,0,layered_block,circular,per_chunk,16,16
1841,216542,220375,16,0,0,layered_block,circular,per_chunk,16,16
1842,210416,214292,16,0,0,layered_block,circular,per_chunk,16,16
1843,207000,210959,16,0,0,layered_block,circular,per_chunk,16,16
1844,219750,223583,16,0,0,layered_block,circular,per_chunk,16,16
1845,214917,218791,16,0,0,layered_block,circular,per_chunk,16,16
1846,220125,224041,16,0,0,layered_block,circular,per_chunk,16,16
1847,205375,209583,16,0,0,layered_block,circular,per_chunk,16,16
1848,212000,215875,16,0,0,layered_block,circular,per_chunk,16,16
1849,211083,215041,16,0,0,layered_block,circular,per_chunk,16,16
1850,216417,220292,16,0,0,layered_block,circular,per_chunk,16,16
1851,215875,219708,16,0,0,layered_block,circular,per_chunk,16,16
1852,209083,213000,16,0,0,layered_block,circular,per_chunk,16,16
1853,199917,203833,16,0,0,layered_block,circular,per_chunk,16,16
1854,213583,217417,16,0,0,layered_block,circular,per_chunk,16,16
1855,217833,221750,16,0,0,layered_block,circular,per_chunk,16,16
1856,214167,218125,16,0,0,layered_block,circular,per_chunk,16,16
1857,214125,218042,16,0,0,layered_block,circular,per_chunk,16,16
1858,216875,220750,16,0,0,layered_block,circular,per_chunk,16,16
1859,213083,216917,16,0,0,layered_block,circular,per_chunk,16,16
1860,258375,262542,16,0,0,layered_block,circular,per_chunk,16,16
1861,204334,208292,16,0,0,layered_block,circular,per_chunk,16,16
1862,202417,206334,16,0,0,layered_block,circular,per_chunk,16,16
1863,219792,223625,16,0,0,layered_block,circular,per_chunk,16,16
1864,217500,221459,16,0,0,layered_block,circular,per_chunk,16,16
1865,211208,215042,16,0,0,layered_block,circular,per_chunk,16,16
1866,204250,208083,16,0,0,layered_block,circular,per_chunk,16,16
1867,256459,261000,16,0,0,layered_block,circular,per_chunk,16,16
1868,211375,215292,16,0,0,layered_block,circular,per_chunk,16,16
1869,216458,220292,16,0,0,layered_block,circular,per_chunk,16,16
1870,216375,220208,16,0,0,layered_block,circular,per_chunk,16,16
1871,201791,205709,16,0,0,layered_block,circular,per_chunk,16,16
1872,204834,208666,16,0,0,layered_block,circular,per_chunk,16,16
1873,211958,219959,16,0,0,layered_block,circular,per_chunk,16,16
1874,221834,225792,16,0,0,layered_block,circular,per_chunk,16,16
1875,222667,226583,16,0,0,layered_block,circular,per_chunk,16,16
1876,213917,217917,16,0,0,layered_block,circular,per_chunk,16,16
1877,217125,221042,16,0,0,layered_block,circular,per_chunk,16,16
1878,220083,223959,16,0,0,layered_block,circular,per_chunk,16,16
1879,210750,214625,16,0,0,layered_block,circular,per_chunk,16,16
1880,260209,264333,16,0,0,layered_block,circular,per_chunk,16,16
1881,232792,236666,16,0,0,layered_block,circular,per_chunk,16,16
1882,223041,226958,16,0,0,layered_block,circular,per_chunk,16,16
1883,213708,217708,16,0,0,layered_block,circular,per_chunk,16,16
1884,223625,227500,16,0,0,layered_block,circular,per_chunk,16,16
1885,215125,218958,16,0,0,layered_block,circular,per_chunk,16,16
1886,214125,218000,16,0,0,layered_block,circular,per_chunk,16,16
1887,218292,222208,16,0,0,layered_block,circular,per_chunk,16,16
1888,220167,224167,16,0,0,layered_block,circular,per_chunk,16,16
1889,235667,239667,16,0,0,layered_block,circular,per_chunk,16,16
1890,227625,231542,16,0,0,layered_block,circular,per_chunk,16,16
1891,236625,240458,16,0,0,layered_block,circular,per_chunk,16,16
1892,231083,234959,16,0,0,layered_block,circular,per_chunk,16,16
1893,234083,237959,16,0,0,layered_block,circular,per_chunk,16,16
1894,227458,231334,16,0,0,layered_block,circular,per_chunk,16,16
1895,230166,233958,16,0,0,layered_block,circular,per_chunk,16,16
1896,226500,230458,16,0,0,layered_block,circular,per_chunk,16,16
1897,227792,231667,16,0,0,layered_block,circular,per_chunk,16,16
1898,218084,222000,16,0,0,layered_block,circular,per_chunk,16,16
1899,224625,228500,16,0,0,layered_block,circular,per_chunk,16,16
1900,232875,236708,16,0,0,layered_block,circular,per_chunk,16,16
1901,233708,237542,16,0,0,layered_block,circular,per_chunk,16,16
1902,233000,236875,16,0,0,layered_block,circular,per_chunk,16,16
1903,227917,231917,16,0,0,layered_block,circular,per_chunk,16,16
1904,218459,222292,16,0,0,layered_block,circular,per_chunk,16,16
1905,212834,216834,16,0,0,layered_block,circular,per_chunk,16,16
1906,220500,224541,16,0,0,layered_block,circular,per_chunk,16,16
1907,261750,265583,16,0,0,layered_block,circular,per_chunk,16,16
1908,259875,263666,16,0,0,layered_block,circular,per_chunk,16,16
1909,253167,257041,16,0,0,layered_block,circular,per_chunk,16,16
1910,242916,246833,16,0,0,layered_block,circular,per_chunk,16,16
1911,237666,241500,16,0,0,layered_block,circular,per_chunk,16,16
1912,242000,245875,16,0,0,layered_block,circular,per_chunk,16,16
1913,254042,257958,16,0,0,layered_block,circular,per_chunk,16,16
1914,261625,265500,16,0,0,layered_block,circular,per_chunk,16,16
1915,262250,266083,16,0,0,layered_block,circular,per_chunk,16,16
1916,246334,250292,16,0,0,layered_block,circular,per_chunk,16,16
1917,244834,248708,16,0,0,layered_block,circular,per_chunk,16,16
1918,258416,262250,16,0,0,layered_block,circular,per_chunk,16,16
1919,258083,262042,16,0,0,layered_block,circular,per_chunk,16,16
1920,306709,310833,16,0,0,layered_block,circular,per_chunk,16,16
1921,259833,263709,16,0,0,layered_block,circular,per_chunk,16,16
1922,253416,257292,16,0,0,layered_block,circular,per_chunk,16,16
1923,251708,255542,16,0,0,layered_block,circular,per_chunk,16,16
1924,248709,252625,16,0,0,layered_block,circular,per_chunk,16,16
1925,252625,256458,16,0,0,layered_block,circular,per_chunk,16,16
1926,255334,259208,16,0,0,layered_block,circular,per_chunk,16,16
1927,264333,268208,16,0,0,layered_block,circular,per_chunk,16,16
1928,253250,257125,16,0,0,layered_block,circular,per_chunk,16,16
1929,252959,256750,16,0,0,layered_block,circular,per_chunk,16,16
1930,248167,252041,16,0,0,layered_block,circular,per_chunk,16,16
1931,239916,243833,16,0,0,layered_block,circular,per_chunk,16,16
1932,249750,253625,16,0,0,layered_block,circular,per_chunk,16,16
1933,253000,256875,16,0,0,layered_block,circular,per_chunk,16,16
1934,255500,263542,16,0,0,layered_block,circular,per_chunk,16,16
1935,260125,264000,16,0,0,layered_block,circular,per_chunk,16,16
1936,301667,305667,16,0,0,layered_block,circular,per_chunk,16,16
1937,253417,257291,16,0,0,layered_block,circular,per_chunk,16,16
1938,244584,248458,16,0,0,layered_block,circular,per_chunk,16,16
1939,245667,249584,16,0,0,layered_block,circular,per_chunk,16,16
1940,246500,250334,16,0,0,layered_block,circular,per_chunk,16,16
1941,254584,258416,16,0,0,layered_block,circular,per_chunk,16,16
1942,246667,250750,16,0,0,layered_block,circular,per_chunk,16,16
1943,250583,254500,16,0,0,layered_block,circular,per_chunk,16,16
1944,257375,261208,16,0,0,layered_block,circular,per_chunk,16,16
1945,312417,316459,16,0,0,layered_block,circular,per_chunk,16,16
1946,256791,260625,16,0,0,layered_block,circular,per_chunk,16,16
1947,251375,255250,16,0,0,layered_block,circular,per_chunk,16,16
1948,253792,257667,16,0,0,layered_block,circular,per_chunk,16,16
1949,249458,253292,16,0,0,layered_block,circular,per_chunk,16,16
1950,254417,258291,16,0,0,layered_block,circular,per_chunk,16,16
1951,247875,251750,16,0,0,layered_block,circular,per_chunk,16,16
1952,239834,243666,16,0,0,layered_block,circular,per_chunk,16,16
1953,255166,259042,16,0,0,layered_block,circular,per_chunk,16,16
1954,255958,259834,16,0,0,layered_block,circular,per_chunk,16,16
1955,251917,255833,16,0,0,layered_block,circular,per_chunk,16,16
1956,238500,242417,16,0,0,layered_block,circular,per_chunk,16,16
1957,249291,253167,16,0,0,layered_block,circular,per_chunk,16,16
1958,245250,249125,16,0,0,layered_block,circular,per_chunk,16,16
1959,242334,246166,16,0,0,layered_block,circular,per_chunk,16,16
1960,246291,250167,16,0,0,layered_block,circular,per_chunk,16,16
1961,239833,243750,16,0,0,layered_block,circular,per_chunk,16,16
1962,252333,256167,16,0,0,layered_block,circular,per_chunk,16,16
1963,257625,261500,16,0,0,layered_block,circular,per_chunk,16,16
1964,260042,263958,16,0,0,layered_block,circular,per_chunk,16,16
1965,253250,257083,16,0,0,layered_block,circular,per_chunk,16,16
1966,249291,253125,16,0,0,layered_block,circular,per_chunk,16,16
1967,246334,250208,16,0,0,layered_block,circular,per_chunk,16,16
1968,246667,250500,16,0,0,layered_block,circular,per_chunk,16,16
1969,242166,246208,16,0,0,layered_block,circular,per_chunk,16,16
1970,247167,251000,16,0,0,layered_block,circular,per_chunk,16,16
1971,297667,301750,16,0,0,layered_block,circular,per_chunk,16,16
1972,251291,255292,16,0,0,layered_block,circular,per_chunk,16,16
1973,259042,262958,16,0,0,layered_block,circular,per_chunk,16,16
1974,251958,255917,16,0,0,layered_block,circular,per_chunk,16,16
1975,251084,254958,16,0,0,layered_block,circular,per_chunk,16,16
1976,245208,249083,16,0,0,layered_block,circular,per_chunk,16,16
1977,240834,244750,16,0,0,layered_block,circular,per_chunk,16,16
1978,253250,257083,16,0,0,layered_block,circular,per_chunk,16,16
1979,243500,247458,16,0,0,layered_block,circular,per_chunk,16,16
1980,241625,245500,16,0,0,layered_block,circular,per_chunk,16,16
1981,253334,257250,16,0,0,layered_block,circular,per_chunk,16,16
1982,258833,262709,16,0,0,layered_block,circular,per_chunk,16,16
1983,251375,255250,16,0,0,layered_block,circular,per_chunk,16,16
1984,241333,245292,16,0,0,layered_block,circular,per_chunk,16,16
1985,247792,251667,16,0,0,layered_block,circular,per_chunk,16,16
1986,243625,247458,16,0,0,layered_block,circular,per_chunk,16,16
1987,238958,242833,16,0,0,layered_block,circular,per_chunk,16,16
1988,243209,247125,16,0,0,layered_block,circular,per_chunk,16,16
1989,248375,252250,16,0,0,layered_block,circular,per_chunk,16,16
1990,247292,251292,16,0,0,layered_block,circular,per_chunk,16,16
1991,256583,260459,16,0,0,layered_block,circular,per_chunk,16,16
1992,257875,261791,16,0,0,layered_block,circular,per_chunk,16,16
1993,250583,254542,16,0,0,layered_block,circular,per_chunk,16,16
1994,249375,253250,16,0,0,layered_block,circular,per_chunk,16,16
1995,290250,294250,16,0,0,layered_block,circular,per_chunk,16,16
1996,245417,249291,16,0,0,layered_block,circular,per_chunk,16,16
1997,242208,246084,16,0,0,layered_block,circular,per_chunk,16,16
1998,245542,249375,16,0,0,layered_block,circular,per_chunk,16,16
1999,252750,256584,16,0,0,layered_block,circular,per_chunk,16,16
2000,257542,261458,16,0,0,layered_block,circular,per_chunk,16,16
2001,260750,264666,16,0,0,layered_block,circular,per_chunk,16,16
2002,253416,257292,16,0,0,layered_block,circular,per_chunk,16,16
2003,245666,249666,16,0,0,layered_block,circular,per_chunk,16,16
2004,244667,248542,16,0,0,layered_block,circular,per_chunk,16,16
2005,237667,241583,16,0,0,layered_block,circular,per_chunk,16,16
2006,250625,254458,16,0,0,layered_block,circular,per_chunk,16,16
2007,247667,251583,16,0,0,layered_block,circular,per_chunk,16,16
2008,242708,246500,16,0,0,layered_block,circular,per_chunk,16,16
2009,255000,258875,16,0,0,layered_block,circular,per_chunk,16,16
2010,259125,263042,16,0,0,layered_block,circular,per_chunk,16,16
2011,250584,254500,16,0,0,layered_block,circular,per_chunk,16,16
2012,247792,251750,16,0,0,layered_block,circular,per_chunk,16,16
2013,244291,248291,16,0,0,layered_block,circular,per_chunk,16,16
2014,239833,243750,16,0,0,layered_block,circular,per_chunk,16,16
2015,235167,239125,16,0,0,layered_block,circular,per_chunk,16,16
2016,245167,249042,16,0,0,layered_block,circular,per_chunk,16,16
2017,249375,253250,16,0,0,layered_block,circular,per_chunk,16,16
2018,250667,254667,16,0,0,layered_block,circular,per_chunk,16,16
2019,255000,258833,16,0,0,layered_block,circular,per_chunk,16,16
2020,300750,304875,16,0,0,layered_block,circular,per_chunk,16,16
2021,251791,255709,16,0,0,layered_block,circular,per_chunk,16,16
2022,247333,251209,16,0,0,layered_block,circular,per_chunk,16,16
2023,243125,247000,16,0,0,layered_block,circular,per_chunk,16,16
2024,249208,253084,16,0,0,layered_block,circular,per_chunk,16,16
2025,250541,254375,16,0,0,layered_block,circular,per_chunk,16,16
2026,237792,241708,16,0,0,layered_block,circular,per_chunk,16,16
2027,252000,255875,16,0,0,layered_block,circular,per_chunk,16,16
2028,257083,261000,16,0,0,layered_block,circular,per_chunk,16,16
2029,257958,261833,16,0,0,layered_block,circular,per_chunk,16,16
2030,252125,255958,16,0,0,layered_block,circular,per_chunk,16,16
2031,304209,308291,16,0,0,layered_block,circular,per_chunk,16,16
2032,245834,249792,16,0,0,layered_block,circular,per_chunk,16,16
2033,275750,279833,16,0,0,layered_block,circular,per_chunk,16,16
2034,249667,253542,16,0,0,layered_block,circular,per_chunk,16,16
2035,290708,294791,16,0,0,layered_block,circular,per_chunk,16,16
2036,246958,250875,16,0,0,layered_block,circular,per_chunk,16,16
2037,257583,261500,16,0,0,layered_block,circular,per_chunk,16,16
2038,257500,261334,16,0,0,layered_block,circular,per_chunk,16,16
2039,249917,253792,16,0,0,layered_block,circular,per_chunk,16,16
2040,243584,247500,16,0,0,layered_block,circular,per_chunk,16,16
2041,246917,250875,16,0,0,layered_block,circular,per_chunk,16,16
2042,241834,245666,16,0,0,layered_block,circular,per_chunk,16,16
2043,234166,238166,16,0,0,layered_block,circular,per_chunk,16,16
2044,249709,253541,16,0,0,layered_block,circular,per_chunk,16,16
2045,250125,254042,16,0,0,layered_block,circular,per_chunk,16,16
2046,256375,260208,16,0,0,layered_block,circular,per_chunk,16,16
2047,254833,258833,16,0,0,layered_block,circular,per_chunk,16,16
2048,261250,320708,16,0,0,layered_block,circular,per_chunk,16,16
2049,254958,258875,16,0,0,layered_block,circular,per_chunk,16,16
2050,234458,238333,16,0,0,layered_block,circular,per_chunk,16,16
2051,245833,249708,16,0,0,layered_block,circular,per_chunk,16,16
2052,248708,252584,16,0,0,layered_block,circular,per_chunk,16,16
2053,244083,247958,16,0,0,layered_block,circular,per_chunk,16,16
2054,240584,244875,16,0,0,layered_block,circular,per_chunk,16,16
2055,253583,257417,16,0,0,layered_block,circular,per_chunk,16,16
2056,250417,254292,16,0,0,layered_block,circular,per_chunk,16,16
2057,256834,260666,16,0,0,layered_block,circular,per_chunk,16,16
2058,252917,256833,16,0,0,layered_block,circular,per_chunk,16,16
2059,244458,248375,16,0,0,layered_block,circular,per_chunk,16,16
2060,246667,250583,16,0,0,layered_block,circular,per_chunk,16,16
2061,239250,243208,16,0,0,layered_block,circular,per_chunk,16,16
2062,249959,253792,16,0,0,layered_block,circular,per_chunk,16,16
2063,244750,248625,16,0,0,layered_block,circular,per_chunk,16,16
2064,250750,254584,16,0,0,layered_block,circular,per_chunk,16,16
2065,254542,258375,16,0,0,layered_block,circular,per_chunk,16,16
2066,256833,260667,16,0,0,layered_block,circular,per_chunk,16,16
2067,252500,256417,16,0,0,layered_block,circular,per_chunk,16,16
2068,252042,255917,16,0,0,layered_block,circular,per_chunk,16,16
2069,251167,255000,16,0,0,layered_block,circular,per_chunk,16,16
2070,237500,241416,16,0,0,layered_block,circular,per_chunk,16,16
2071,242125,245958,16,0,0,layered_block,circular,per_chunk,16,16
2072,245333,249167,16,0,0,layered_block,circular,per_chunk,16,16
2073,239792,243750,16,0,0,layered_block,circular,per_chunk,16,16
2074,299292,303542,16,0,0,layered_block,circular,per_chunk,16,16
2075,249542,253417,16,0,0,layered_block,circular,per_chunk,16,16
2076,257625,261500,16,0,0,layered_block,circular,per_chunk,16,16
2077,253292,257083,16,0,0,layered_block,circular,per_chunk,16,16
2078,239417,243250,16,0,0,layered_block,circular,per_chunk,16,16
2079,246458,250250,16,0,0,layered_block,circular,per_chunk,16,16
2080,247667,251542,16,0,0,layered_block,circular,per_chunk,16,16
2081,246875,250750,16,0,0,layered_block,circular,per_chunk,16,16
2082,242625,246500,16,0,0,layered_block,circular,per_chunk,16,16
2083,244709,248583,16,0,0,layered_block,circular,per_chunk,16,16
2084,250458,254292,16,0,0,layered_block,circular,per_chunk,16,16
2085,256500,260375,16,0,0,layered_block,circular,per_chunk,16,16
2086,247916,251792,16,0,0,layered_block,circular,per_chunk,16,16
2087,294167,298375,16,0,0,layered_block,circular,per_chunk,16,16
2088,245166,249000,16,0,0,layered_block,circular,per_chunk,16,16
2089,287666,292042,16,0,0,layered_block,circular,per_chunk,16,16
2090,248000,251875,16,0,0,layered_block,circular,per_chunk,16,16
2091,292333,296459,16,0,0,layered_block,circular,per_chunk,16,16
2092,254958,258833,16,0,0,layered_block,circular,per_chunk,16,16
2093,253333,257209,16,0,0,layered_block,circular,per_chunk,16,16
2094,253458,257416,16,0,0,layered_block,circular,per_chunk,16,16
2095,251500,255333,16,0,0,layered_block,circular,per_chunk,16,16
2096,253042,256875,16,0,0,layered_block,circular,per_chunk,16,16
2097,249833,253667,16,0,0,layered_block,circular,per_chunk,16,16
2098,241583,245500,16,0,0,layered_block,circular,per_chunk,16,16
2099,243292,247125,16,0,0,layered_block,circular,per_chunk,16,16
2100,247375,251209,16,0,0,layered_block,circular,per_chunk,16,16
2101,250750,254667,16,0,0,layered_block,circular,per_chunk,16,16
2102,255666,259500,16,0,0,layered_block,circular,per_chunk,16,16
2103,255208,259084,16,0,0,layered_block,circular,per_chunk,16,16
2104,248750,252708,16,0,0,layered_block,circular,per_chunk,16,16
2105,248083,251958,16,0,0,layered_block,circular,per_chunk,16,16
2106,236166,240500,16,0,0,layered_block,circular,per_chunk,16,16
2107,244750,248583,16,0,0,layered_block,circular,per_chunk,16,16
2108,244167,248041,16,0,0,layered_block,circular,per_chunk,16,16
2109,247417,251292,16,0,0,layered_block,circular,per_chunk,16,16
2110,243834,247708,16,0,0,layered_block,circular,per_chunk,16,16
2111,243666,247625,16,0,0,layered_block,circular,per_chunk,16,16
2112,250250,254125,16,0,0,layered_block,circular,per_chunk,16,16
2113,255875,259708,16,0,0,layered_block,circular,per_chunk,16,16
2114,252250,256084,16,0,0,layered_block,circular,per_chunk,16,16
2115,247708,251541,16,0,0,layered_block,circular,per_chunk,16,16
2116,237125,241000,16,0,0,layered_block,circular,per_chunk,16,16
2117,241417,245292,16,0,0,layered_block,circular,per_chunk,16,16
2118,240792,244709,16,0,0,layered_block,circular,per_chunk,16,16
2119,249292,253125,16,0,0,layered_block,circular,per_chunk,16,16
2120,255292,259166,16,0,0,layered_block,circular,per_chunk,16,16
2121,257334,261250,16,0,0,layered_block,circular,per_chunk,16,16
2122,256916,260792,16,0,0,layered_block,circular,per_chunk,16,16
2123,246916,250875,16,0,0,layered_block,circular,per_chunk,16,16
2124,252084,256000,16,0,0,layered_block,circular,per_chunk,16,16
2125,244792,249042,16,0,0,layered_block,circular,per_chunk,16,16
2126,248125,251959,16,0,0,layered_block,circular,per_chunk,16,16
2127,246667,250500,16,0,0,layered_block,circular,per_chunk,16,16
2128,240708,244625,16,0,0,layered_block,circular,per_chunk,16,16
2129,249333,253250,16,0,0,layered_block,circular,per_chunk,16,16
2130,255417,259250,16,0,0,layered_block,circular,per_chunk,16,16
2131,257459,261250,16,0,0,layered_block,circular,per_chunk,16,16
2132,254958,258875,16,0,0,layered_block,circular,per_chunk,16,16
2133,253375,257250,16,0,0,layered_block,circular,per_chunk,16,16
2134,243958,247834,16,0,0,layered_block,circular,per_chunk,16,16
2135,242667,246542,16,0,0,layered_block,circular,per_chunk,16,16
2136,249834,253666,16,0,0,layered_block,circular,per_chunk,16,16
2137,249833,253708,16,0,0,layered_block,circular,per_chunk,16,16
2138,247792,251708,16,0,0,layered_block,circular,per_chunk,16,16
2139,250708,254584,16,0,0,layered_block,circular,per_chunk,16,16
2140,255750,259667,16,0,0,layered_block,circular,per_chunk,16,16
2141,255167,259000,16,0,0,layered_block,circular,per_chunk,16,16
2142,248167,252167,16,0,0,layered_block,circular,per_chunk,16,16
2143,245500,249375,16,0,0,layered_block,circular,per_chunk,16,16
2144,241542,245416,16,0,0,layered_block,circular,per_chunk,16,16
2145,240791,245000,16,0,0,layered_block,circular,per_chunk,16,16
2146,247250,251375,16,0,0,layered_block,circular,per_chunk,16,16
2147,245541,249459,16,0,0,layered_block,circular,per_chunk,16,16
2148,250917,254875,16,0,0,layered_block,circular,per_chunk,16,16
2149,253667,257583,16,0,0,layered_block,circular,per_chunk,16,16
2150,256542,260416,16,0,0,layered_block,circular,per_chunk,16,16
2151,252834,256750,16,0,0,layered_block,circular,per_chunk,16,16
2152,250584,254500,16,0,0,layered_block,circular,per_chunk,16,16
2153,246500,250333,16,0,0,layered_block,circular,per_chunk,16,16
2154,291292,295500,16,0,0,layered_block,circular,per_chunk,16,16
2155,248792,252709,16,0,0,layered_block,circular,per_chunk,16,16
2156,248958,257875,16,0,0,layered_block,circular,per_chunk,16,16
2157,249959,253875,16,0,0,layered_block,circular,per_chunk,16,16
2158,254584,258500,16,0,0,layered_block,circular,per_chunk,16,16
2159,258792,262709,16,0,0,layered_block,circular,per_chunk,16,16
2160,257000,260875,16,0,0,layered_block,circular,per_chunk,16,16
2161,251792,255666,16,0,0,layered_block,circular,per_chunk,16,16
2162,244583,248500,16,0,0,layered_block,circular,per_chunk,16,16
2163,239917,243750,16,0,0,layered_block,circular,per_chunk,16,16
2164,250583,254459,16,0,0,layered_block,circular,per_chunk,16,16
2165,295083,299292,16,0,0,layered_block,circular,per_chunk,16,16
2166,252333,256250,16,0,0,layered_block,circular,per_chunk,16,16
2167,253375,257292,16,0,0,layered_block,circular,per_chunk,16,16
2168,256625,260500,16,0,0,layered_block,circular,per_chunk,16,16
2169,256041,260000,16,0,0,layered_block,circular,per_chunk,16,16
2170,252041,255959,16,0,0,layered_block,circular,per_chunk,16,16
2171,248875,252709,16,0,0,layered_block,circular,per_chunk,16,16
2172,240750,244667,16,0,0,layered_block,circular,per_chunk,16,16
2173,244500,248333,16,0,0,layered_block,circular,per_chunk,16,16
2174,253041,256875,16,0,0,layered_block,circular,per_chunk,16,16
2175,249208,253125,16,0,0,layered_block,circular,per_chunk,16,16
2176,254375,258167,16,0,0,layered_block,circular,per_chunk,16,16
2177,293500,297583,16,0,0,layered_block,circular,per_chunk,16,16
2178,251833,255791,16,0,0,layered_block,circular,per_chunk,16,16
2179,253583,257458,16,0,0,layered_block,circular,per_chunk,16,16
2180,249708,253542,16,0,0,layered_block,circular,per_chunk,16,16
2181,252583,256500,16,0,0,layered_block,circular,per_chunk,16,16
2182,241209,245125,16,0,0,layered_block,circular,per_chunk,16,16
2183,272250,276292,16,0,0,layered_block,circular,per_chunk,16,16
2184,245083,253250,16,0,0,layered_block,circular,per_chunk,16,16
2185,245459,249459,16,0,0,layered_block,circular,per_chunk,16,16
2186,249541,253459,16,0,0,layered_block,circular,per_chunk,16,16
2187,259500,263375,16,0,0,layered_block,circular,per_chunk,16,16
2188,253000,256917,16,0,0,layered_block,circular,per_chunk,16,16
2189,246625,250542,16,0,0,layered_block,circular,per_chunk,16,16
2190,239542,243459,16,0,0,layered_block,circular,per_chunk,16,16
2191,246209,250084,16,0,0,layered_block,circular,per_chunk,16,16
2192,249125,252958,16,0,0,layered_block,circular,per_chunk,16,16
2193,240958,244917,16,0,0,layered_block,circular,per_chunk,16,16
2194,253125,257041,16,0,0,layered_block,circular,per_chunk,16,16
2195,253125,257083,16,0,0,layered_block,circular,per_chunk,16,16
2196,257500,261375,16,0,0,layered_block,circular,per_chunk,16,16
2197,256292,260167,16,0,0,layered_block,circular,per_chunk,16,16
2198,251875,255708,16,0,0,layered_block,circular,per_chunk,16,16
2199,288583,292750,16,0,0,layered_block,circular,per_chunk,16,16
2200,239542,247541,16,0,0,layered_block,circular,per_chunk,16,16
2201,292333,296417,16,0,0,layered_block,circular,per_chunk,16,16
2202,251459,255291,16,0,0,layered_block,circular,per_chunk,16,16
2203,251166,255042,16,0,0,layered_block,circular,per_chunk,16,16
2204,253208,257084,16,0,0,layered_block,circular,per_chunk,16,16
2205,249250,253125,16,0,0,layered_block,circular,per_chunk,16,16
2206,257833,261667,16,0,0,layered_block,circular,per_chunk,16,16
2207,252208,256125,16,0,0,layered_block,circular,per_chunk,16,16
2208,249458,253292,16,0,0,layered_block,circular,per_chunk,16,16
2209,252250,256125,16,0,0,layered_block,circular,per_chunk,16,16
2210,250625,254500,16,0,0,layered_block,circular,per_chunk,16,16
2211,236791,240666,16,0,0,layered_block,circular,per_chunk,16,16
2212,244583,248417,16,0,0,layered_block,circular,per_chunk,16,16
2213,244875,248750,16,0,0,layered_block,circular,per_chunk,16,16
2214,298000,302125,16,0,0,layered_block,circular,per_chunk,16,16
2215,258750,262625,16,0,0,layered_block,circular,per_chunk,16,16
2216,249416,253333,16,0,0,layered_block,circular,per_chunk,16,16
2217,246625,250542,16,0,0,layered_block,circular,per_chunk,16,16
2218,243916,247792,16,0,0,layered_block,circular,per_chunk,16,16
2219,247208,251000,16,0,0,layered_block,circular,per_chunk,16,16
2220,238625,242500,16,0,0,layered_block,circular,per_chunk,16,16
2221,241666,245542,16,0,0,layered_block,circular,per_chunk,16,16
2222,245667,249584,16,0,0,layered_block,circular,per_chunk,16,16
2223,249083,252917,16,0,0,layered_block,circular,per_chunk,16,16
2224,257291,261125,16,0,0,layered_block,circular,per_chunk,16,16
2225,256500,260334,16,0,0,layered_block,circular,per_chunk,16,16
2226,247209,251167,16,0,0,layered_block,circular,per_chunk,16,16
2227,294834,298916,16,0,0,layered_block,circular,per_chunk,16,16
2228,243042,246834,16,0,0,layered_block,circular,per_chunk,16,16
2229,298583,302625,16,0,0,layered_block,circular,per_chunk,16,16
2230,250792,254625,16,0,0,layered_block,circular,per_chunk,16,16
2231,247625,251500,16,0,0,layered_block,circular,per_chunk,16,16
2232,253625,257500,16,0,0,layered_block,circular,per_chunk,16,16
2233,251875,255709,16,0,0,layered_block,circular,per_chunk,16,16
2234,258250,262125,16,0,0,layered_block,circular,per_chunk,16,16
2235,252458,256292,16,0,0,layered_block,circular,per_chunk,16,16
2236,246000,255042,16,0,0,layered_block,circular,per_chunk,16,16
2237,252125,255917,16,0,0,layered_block,circular,per_chunk,16,16
2238,249083,252958,16,0,0,layered_block,circular,per_chunk,16,16
2239,246000,249875,16,0,0,layered_block,circular,per_chunk,16,16
2240,242541,246417,16,0,0,layered_block,circular,per_chunk,16,16
2241,246167,250083,16,0,0,layered_block,circular,per_chunk,16,16
2242,256625,260458,16,0,0,layered_block,circular,per_chunk,16,16
2243,258667,262500,16,0,0,layered_block,circular,per_chunk,16,16
2244,251458,255292,16,0,0,layered_block,circular,per_chunk,16,16
2245,247375,251208,16,0,0,layered_block,circular,per_chunk,16,16
2246,236333,240208,16,0,0,layered_block,circular,per_chunk,16,16
2247,241250,245083,16,0,0,layered_block,circular,per_chunk,16,16
2248,246875,250750,16,0,0,layered_block,circular,per_chunk,16,16
2249,252458,256292,16,0,0,layered_block,circular,per_chunk,16,16
2250,248916,252750,16,0,0,layered_block,circular,per_chunk,16,16
2251,295083,299209,16,0,0,layered_block,circular,per_chunk,16,16
2252,254667,258500,16,0,0,layered_block,circular,per_chunk,16,16
2253,252333,256167,16,0,0,layered_block,circular,per_chunk,16,16
2254,250250,254041,16,0,0,layered_block,circular,per_chunk,16,16
2255,238375,242291,16,0,0,layered_block,circular,per_chunk,16,16
2256,244875,248708,16,0,0,layered_block,circular,per_chunk,16,16
2257,244083,247958,16,0,0,layered_block,circular,per_chunk,16,16
2258,248042,251959,16,0,0,layered_block,circular,per_chunk,16,16
2259,239458,243334,16,0,0,layered_block,circular,per_chunk,16,16
2260,252209,256041,16,0,0,layered_block,circular,per_chunk,16,16
2261,252834,256708,16,0,0,layered_block,circular,per_chunk,16,16
2262,258000,261917,16,0,0,layered_block,circular,per_chunk,16,16
2263,253375,257208,16,0,0,layered_block,circular,per_chunk,16,16
2264,245416,249583,16,0,0,layered_block,circular,per_chunk,16,16
2265,249917,253750,16,0,0,layered_block,circular,per_chunk,16,16
2266,245792,249667,16,0,0,layered_block,circular,per_chunk,16,16
2267,241959,245792,16,0,0,layered_block,circular,per_chunk,16,16
2268,243416,247333,16,0,0,layered_block,circular,per_chunk,16,16
2269,251709,255500,16,0,0,layered_block,circular,per_chunk,16,16
2270,256000,259875,16,0,0,layered_block,circular,per_chunk,16,16
2271,259583,263458,16,0,0,layered_block,circular,per_chunk,16,16
2272,248125,252000,16,0,0,layered_block,circular,per_chunk,16,16
2273,246583,250458,16,0,0,layered_block,circular,per_chunk,16,16
2274,237083,241000,16,0,0,layered_block,circular,per_chunk,16,16
2275,248083,251917,16,0,0,layered_block,circular,per_chunk,16,16
2276,248209,252041,16,0,0,layered_block,circular,per_chunk,16,16
2277,293125,297250,16,0,0,layered_block,circular,per_chunk,16,16
2278,248959,252833,16,0,0,layered_block,circular,per_chunk,16,16
2279,254792,258750,16,0,0,layered_block,circular,per_chunk,16,16
2280,254292,258125,16,0,0,layered_block,circular,per_chunk,16,16
2281,255541,259458,16,0,0,layered_block,circular,per_chunk,16,16
2282,246833,251167,16,0,0,layered_block,circular,per_chunk,16,16
2283,246417,250292,16,0,0,layered_block,circular,per_chunk,16,16
2284,250791,254708,16,0,0,layered_block,circular,per_chunk,16,16
2285,247084,250958,16,0,0,layered_block,circular,per_chunk,16,16
2286,252375,256250,16,0,0,layered_block,circular,per_chunk,16,16
2287,235250,239125,16,0,0,layered_block,circular,per_chunk,16,16
2288,251000,254834,16,0,0,layered_block,circular,per_chunk,16,16
2289,252959,256833,16,0,0,layered_block,circular,per_chunk,16,16
2290,302625,306625,16,0,0,layered_block,circular,per_chunk,16,16
2291,251917,255791,16,0,0,layered_block,circular,per_chunk,16,16
2292,248458,252334,16,0,0,layered_block,circular,per_chunk,16,16
2293,252166,256000,16,0,0,layered_block,circular,per_chunk,16,16
2294,244750,248667,16,0,0,layered_block,circular,per_chunk,16,16
2295,241333,245250,16,0,0,layered_block,circular,per_chunk,16,16
2296,247500,251375,16,0,0,layered_block,circular,per_chunk,16,16
2297,251833,255709,16,0,0,layered_block,circular,per_chunk,16,16
2298,251625,255625,16,0,0,layered_block,circular,per_chunk,16,16
2299,258208,262084,16,0,0,layered_block,circular,per_chunk,16,16
2300,248792,252666,16,0,0,layered_block,circular,per_chunk,16,16
2301,238750,242625,16,0,0,layered_block,circular,per_chunk,16,16
2302,245416,249292,16,0,0,layered_block,circular,per_chunk,16,16
2303,291250,296000,16,0,0,layered_block,circular,per_chunk,16,16
2304,232917,236834,16,0,0,layered_block,circular,per_chunk,16,16
2305,248458,252292,16,0,0,layered_block,circular,per_chunk,16,16
2306,247667,251583,16,0,0,layered_block,circular,per_chunk,16,16
2307,293333,297500,16,0,0,layered_block,circular,per_chunk,16,16
2308,254333,258208,16,0,0,layered_block,circular,per_chunk,16,16
2309,254208,258042,16,0,0,layered_block,circular,per_chunk,16,16
2310,251334,255250,16,0,0,layered_block,circular,per_chunk,16,16
2311,246875,250750,16,0,0,layered_block,circular,per_chunk,16,16
2312,250500,254458,16,0,0,layered_block,circular,per_chunk,16,16
2313,244125,252042,16,0,0,layered_block,circular,per_chunk,16,16
2314,243375,247417,16,0,0,layered_block,circular,per_chunk,16,16
2315,241834,245708,16,0,0,layered_block,circular,per_chunk,16,16
2316,251833,255709,16,0,0,layered_block,circular,per_chunk,16,16
2317,256875,260750,16,0,0,layered_block,circular,per_chunk,16,16
2318,253166,257000,16,0,0,layered_block,circular,per_chunk,16,16
2319,246958,251208,16,0,0,layered_block,circular,per_chunk,16,16
2320,292959,297083,16,0,0,layered_block,circular,per_chunk,16,16
2321,252292,256167,16,0,0,layered_block,circular,per_chunk,16,16
2322,245750,249625,16,0,0,layered_block,circular,per_chunk,16,16
2323,240542,244417,16,0,0,layered_block,circular,per_chunk,16,16
2324,247334,251208,16,0,0,layered_block,circular,per_chunk,16,16
2325,250417,254291,16,0,0,layered_block,circular,per_chunk,16,16
2326,251333,255542,16,0,0,layered_block,circular,per_chunk,16,16
2327,256708,260667,16,0,0,layered_block,circular,per_chunk,16,16
2328,249458,253334,16,0,0,layered_block,circular,per_chunk,16,16
2329,246291,250208,16,0,0,layered_block,circular,per_chunk,16,16
2330,247000,250875,16,0,0,layered_block,circular,per_chunk,16,16
2331,245834,249708,16,0,0,layered_block,circular,per_chunk,16,16
2332,303667,308041,16,0,0,layered_block,circular,per_chunk,16,16
2333,246750,250708,16,0,0,layered_block,circular,per_chunk,16,16
2334,293292,297375,16,0,0,layered_block,circular,per_chunk,16,16
2335,249042,252916,16,0,0,layered_block,circular,per_chunk,16,16
2336,252875,256833,16,0,0,layered_block,circular,per_chunk,16,16
2337,254459,258375,16,0,0,layered_block,circular,per_chunk,16,16
2338,249125,253000,16,0,0,layered_block,circular,per_chunk,16,16
2339,243083,246958,16,0,0,layered_block,circular,per_chunk,16,16
2340,248000,251917,16,0,0,layered_block,circular,per_chunk,16,16
2341,241625,245542,16,0,0,layered_block,circular,per_chunk,16,16
2342,244750,248667,16,0,0,layered_block,circular,per_chunk,16,16
2343,239666,243542,16,0,0,layered_block,circular,per_chunk,16,16
2344,249500,253334,16,0,0,layered_block,circular,per_chunk,16,16
2345,255334,259208,16,0,0,layered_block,circular,per_chunk,16,16
2346,248916,252875,16,0,0,layered_block,circular,per_chunk,16,16
2347,289334,293375,16,0,0,layered_block,circular,per_chunk,16,16
2348,244333,248250,16,0,0,layered_block,circular,per_chunk,16,16
2349,245167,254125,16,0,0,layered_block,circular,per_chunk,16,16
2350,241416,245292,16,0,0,layered_block,circular,per_chunk,16,16
2351,241792,245667,16,0,0,layered_block,circular,per_chunk,16,16
2352,247542,251417,16,0,0,layered_block,circular,per_chunk,16,16
2353,251417,255291,16,0,0,layered_block,circular,per_chunk,16,16
2354,255250,259125,16,0,0,layered_block,circular,per_chunk,16,16
2355,249875,253834,16,0,0,layered_block,circular,per_chunk,16,16
2356,244750,248709,16,0,0,layered_block,circular,per_chunk,16,16
2357,243750,247667,16,0,0,layered_block,circular,per_chunk,16,16
2358,238625,242500,16,0,0,layered_block,circular,per_chunk,16,16
2359,247250,251125,16,0,0,layered_block,circular,per_chunk,16,16
2360,248833,252709,16,0,0,layered_block,circular,per_chunk,16,16
2361,244666,248542,16,0,0,layered_block,circular,per_chunk,16,16
2362,243792,247666,16,0,0,layered_block,circular,per_chunk,16,16
2363,245625,249458,16,0,0,layered_block,circular,per_chunk,16,16
2364,243708,247625,16,0,0,layered_block,circular,per_chunk,16,16
2365,248416,252334,16,0,0,layered_block,circular,per_chunk,16,16
2366,248292,252167,16,0,0,layered_block,circular,per_chunk,16,16
2367,241250,245125,16,0,0,layered_block,circular,per_chunk,16,16
2368,246292,250084,16,0,0,layered_block,circular,per_chunk,16,16
2369,242709,246542,16,0,0,layered_block,circular,per_chunk,16,16
2370,246709,250542,16,0,0,layered_block,circular,per_chunk,16,16
2371,247541,251417,16,0,0,layered_block,circular,per_chunk,16,16
2372,290416,294500,16,0,0,layered_block,circular,per_chunk,16,16
2373,253667,257500,16,0,0,layered_block,circular,per_chunk,16,16
2374,256125,260042,16,0,0,layered_block,circular,per_chunk,16,16
2375,249000,252875,16,0,0,layered_block,circular,per_chunk,16,16
2376,247667,251500,16,0,0,layered_block,circular,per_chunk,16,16
2377,239250,243083,16,0,0,layered_block,circular,per_chunk,16,16
2378,241875,245792,16,0,0,layered_block,circular,per_chunk,16,16
2379,240875,244750,16,0,0,layered_block,circular,per_chunk,16,16
2380,246125,250000,16,0,0,layered_block,circular,per_chunk,16,16
2381,250708,254542,16,0,0,layered_block,circular,per_chunk,16,16
2382,254916,258792,16,0,0,layered_block,circular,per_chunk,16,16
2383,254375,258250,16,0,0,layered_block,circular,per_chunk,16,16
2384,246292,250208,16,0,0,layered_block,circular,per_chunk,16,16
2385,244000,247834,16,0,0,layered_block,circular,per_chunk,16,16
2386,240583,244458,16,0,0,layered_block,circular,per_chunk,16,16
2387,247250,251125,16,0,0,layered_block,circular,per_chunk,16,16
2388,248500,252334,16,0,0,layered_block,circular,per_chunk,16,16
2389,244084,247916,16,0,0,layered_block,circular,per_chunk,16,16
2390,240500,244459,16,0,0,layered_block,circular,per_chunk,16,16
2391,244292,248125,16,0,0,layered_block,circular,per_chunk,16,16
2392,240917,244792,16,0,0,layered_block,circular,per_chunk,16,16
2393,295959,299959,16,0,0,layered_block,circular,per_chunk,16,16
2394,248750,252583,16,0,0,layered_block,circular,per_chunk,16,16
2395,244083,247958,16,0,0,layered_block,circular,per_chunk,16,16
2396,244167,248042,16,0,0,layered_block,circular,per_chunk,16,16
2397,238500,242334,16,0,0,layered_block,circular,per_chunk,16,16
2398,247833,251708,16,0,0,layered_block,circular,per_chunk,16,16
2399,254166,258000,16,0,0,layered_block,circular,per_chunk,16,16
2400,251125,254959,16,0,0,layered_block,circular,per_chunk,16,16
2401,249167,253083,16,0,0,layered_block,circular,per_chunk,16,16
2402,255875,259750,16,0,0,layered_block,circular,per_chunk,16,16
2403,249500,253375,16,0,0,layered_block,circular,per_chunk,16,16
2404,241458,245333,16,0,0,layered_block,circular,per_chunk,16,16
2405,242333,246250,16,0,0,layered_block,circular,per_chunk,16,16
2406,243459,247333,16,0,0,layered_block,circular,per_chunk,16,16
2407,240000,243958,16,0,0,layered_block,circular,per_chunk,16,16
2408,244625,248417,16,0,0,layered_block,circular,per_chunk,16,16
2409,252583,256417,16,0,0,layered_block,circular,per_chunk,16,16
2410,254875,258750,16,0,0,layered_block,circular,per_chunk,16,16
2411,252292,256167,16,0,0,layered_block,circular,per_chunk,16,16
2412,249333,253167,16,0,0,layered_block,circular,per_chunk,16,16
2413,242375,246208,16,0,0,layered_block,circular,per_chunk,16,16
2414,243792,247625,16,0,0,layered_block,circular,per_chunk,16,16
2415,241000,244917,16,0,0,layered_block,circular,per_chunk,16,16
2416,249042,252916,16,0,0,layered_block,circular,per_chunk,16,16
2417,242001,245833,16,0,0,layered_block,circular,per_chunk,16,16
2418,243875,247833,16,0,0,layered_block,circular,per_chunk,16,16
2419,247041,250917,16,0,0,layered_block,circular,per_chunk,16,16
2420,246750,250584,16,0,0,layered_block,circular,per_chunk,16,16
2421,254583,258459,16,0,0,layered_block,circular,per_chunk,16,16
2422,250708,254542,16,0,0,layered_block,circular,per_chunk,16,16
2423,247917,251750,16,0,0,layered_block,circular,per_chunk,16,16
2424,245875,249708,16,0,0,layered_block,circular,per_chunk,16,16
2425,244709,248541,16,0,0,layered_block,circular,per_chunk,16,16
2426,249959,253750,16,0,0,layered_block,circular,per_chunk,16,16
2427,291542,295666,16,0,0,layered_block,circular,per_chunk,16,16
2428,250167,254042,16,0,0,layered_block,circular,per_chunk,16,16
2429,253875,257791,16,0,0,layered_block,circular,per_chunk,16,16
2430,253834,257666,16,0,0,layered_block,circular,per_chunk,16,16
2431,250667,254625,16,0,0,layered_block,circular,per_chunk,16,16
2432,247958,251834,16,0,0,layered_block,circular,per_chunk,16,16
2433,243875,247792,16,0,0,layered_block,circular,per_chunk,16,16
2434,241208,245084,16,0,0,layered_block,circular,per_chunk,16,16
2435,242625,246500,16,0,0,layered_block,circular,per_chunk,16,16
2436,242000,245916,16,0,0,layered_block,circular,per_chunk,16,16
2437,250042,253875,16,0,0,layered_block,circular,per_chunk,16,16
2438,252958,256792,16,0,0,layered_block,circular,per_chunk,16,16
2439,252958,256833,16,0,0,layered_block,circular,per_chunk,16,16
2440,252709,256583,16,0,0,layered_block,circular,per_chunk,16,16
2441,242958,246792,16,0,0,layered_block,circular,per_chunk,16,16
2442,242458,246375,16,0,0,layered_block,circular,per_chunk,16,16
2443,246500,250417,16,0,0,layered_block,circular,per_chunk,16,16
2444,242209,246125,16,0,0,layered_block,circular,per_chunk,16,16
2445,240791,244708,16,0,0,layered_block,circular,per_chunk,16,16
2446,243667,247583,16,0,0,layered_block,circular,per_chunk,16,16
2447,242500,246458,16,0,0,layered_block,circular,per_chunk,16,16
2448,244916,248792,16,0,0,layered_block,circular,per_chunk,16,16
2449,254542,258459,16,0,0,layered_block,circular,per_chunk,16,16
2450,292125,296583,16,0,0,layered_block,circular,per_chunk,16,16
2451,243209,247083,16,0,0,layered_block,circular,per_chunk,16,16
2452,288083,292250,16,0,0,layered_block,circular,per_chunk,16,16
2453,236083,239917,16,0,0,layered_block,circular,per_chunk,16,16
2454,290084,294250,16,0,0,layered_block,circular,per_chunk,16,16
2455,251458,255334,16,0,0,layered_block,circular,per_chunk,16,16
2456,249042,253166,16,0,0,layered_block,circular,per_chunk,16,16
2457,250291,254167,16,0,0,layered_block,circular,per_chunk,16,16
2458,248042,252000,16,0,0,layered_block,circular,per_chunk,16,16
2459,249084,252916,16,0,0,layered_block,circular,per_chunk,16,16
2460,244583,248459,16,0,0,layered_block,circular,per_chunk,16,16
2461,240833,244667,16,0,0,layered_block,circular,per_chunk,16,16
2462,250917,254833,16,0,0,layered_block,circular,per_chunk,16,16
2463,236792,240791,16,0,0,layered_block,circular,per_chunk,16,16
2464,238959,242875,16,0,0,layered_block,circular,per_chunk,16,16
2465,244375,248208,16,0,0,layered_block,circular,per_chunk,16,16
2466,247000,250917,16,0,0,layered_block,circular,per_chunk,16,16
2467,246167,250041,16,0,0,layered_block,circular,per_chunk,16,16
2468,250167,254084,16,0,0,layered_block,circular,per_chunk,16,16
2469,246584,250416,16,0,0,layered_block,circular,per_chunk,16,16
2470,233792,237792,16,0,0,layered_block,circular,per_chunk,16,16
2471,246458,250292,16,0,0,layered_block,circular,per_chunk,16,16
2472,257417,261417,16,0,0,layered_block,circular,per_chunk,16,16
2473,237875,241791,16,0,0,layered_block,circular,per_chunk,16,16
2474,244041,247959,16,0,0,layered_block,circular,per_chunk,16,16
2475,238125,242042,16,0,0,layered_block,circular,per_chunk,16,16
2476,241750,245708,16,0,0,layered_block,circular,per_chunk,16,16
2477,246708,250584,16,0,0,layered_block,circular,per_chunk,16,16
2478,247917,251792,16,0,0,layered_block,circular,per_chunk,16,16
2479,239417,243250,16,0,0,layered_block,circular,per_chunk,16,16
2480,237500,241375,16,0,0,layered_block,circular,per_chunk,16,16
2481,240667,244542,16,0,0,layered_block,circular,per_chunk,16,16
2482,239375,243292,16,0,0,layered_block,circular,per_chunk,16,16
2483,239625,243625,16,0,0,layered_block,circular,per_chunk,16,16
2484,239375,243250,16,0,0,layered_block,circular,per_chunk,16,16
2485,244833,248709,16,0,0,layered_block,circular,per_chunk,16,16
2486,236333,240250,16,0,0,layered_block,circular,per_chunk,16,16
2487,242000,245834,16,0,0,layered_block,circular,per_chunk,16,16
2488,223917,227791,16,0,0,layered_block,circular,per_chunk,16,16
2489,228125,231959,16,0,0,layered_block,circular,per_chunk,16,16
2490,238750,242834,16,0,0,layered_block,circular,per_chunk,16,16
2491,224500,228834,16,0,0,layered_block,circular,per_chunk,16,16
2492,226750,230625,16,0,0,layered_block,circular,per_chunk,16,16
2493,233833,237750,16,0,0,layered_block,circular,per_chunk,16,16
2494,245500,249416,16,0,0,layered_block,circular,per_chunk,16,16
2495,236334,240334,16,0,0,layered_block,circular,per_chunk,16,16
2496,243042,246916,16,0,0,layered_block,circular,per_chunk,16,16
2497,242042,245917,16,0,0,layered_block,circular,per_chunk,16,16
2498,279542,283708,16,0,0,layered_block,circular,per_chunk,16,16
2499,235250,239083,16,0,0,layered_block,circular,per_chunk,16,16
2500,235792,239625,16,0,0,layered_block,circular,per_chunk,16,16
2501,233500,237417,16,0,0,layered_block,circular,per_chunk,16,16
2502,239375,243250,16,0,0,layered_block,circular,per_chunk,16,16
2503,234208,238125,16,0,0,layered_block,circular,per_chunk,16,16
2504,233917,237834,16,0,0,layered_block,circular,per_chunk,16,16
2505,231250,235083,16,0,0,layered_block,circular,per_chunk,16,16
2506,240458,244292,16,0,0,layered_block,circular,per_chunk,16,16
2507,231458,235375,16,0,0,layered_block,circular,per_chunk,16,16
2508,220708,224625,16,0,0,layered_block,circular,per_chunk,16,16
2509,235709,239583,16,0,0,layered_block,circular,per_chunk,16,16
2510,230750,234750,16,0,0,layered_block,circular,per_chunk,16,16
2511,230167,234000,16,0,0,layered_block,circular,per_chunk,16,16
2512,217083,221042,16,0,0,layered_block,circular,per_chunk,16,16
2513,222000,225958,16,0,0,layered_block,circular,per_chunk,16,16
2514,233209,237125,16,0,0,layered_block,circular,per_chunk,16,16
2515,225000,228834,16,0,0,layered_block,circular,per_chunk,16,16
2516,233334,237208,16,0,0,layered_block,circular,per_chunk,16,16
2517,227792,231750,16,0,0,layered_block,circular,per_chunk,16,16
2518,228917,232833,16,0,0,layered_block,circular,per_chunk,16,16
2519,227292,231167,16,0,0,layered_block,circular,per_chunk,16,16
2520,220916,224792,16,0,0,layered_block,circular,per_chunk,16,16
2521,230750,234625,16,0,0,layered_block,circular,per_chunk,16,16
2522,223166,227125,16,0,0,layered_block,circular,per_chunk,16,16
2523,234084,237958,16,0,0,layered_block,circular,per_chunk,16,16
2524,229875,233833,16,0,0,layered_block,circular,per_chunk,16,16
2525,229042,232917,16,0,0,layered_block,circular,per_chunk,16,16
2526,233708,237583,16,0,0,layered_block,circular,per_chunk,16,16
2527,223917,227791,16,0,0,layered_block,circular,per_chunk,16,16
2528,225125,228958,16,0,0,layered_block,circular,per_chunk,16,16
2529,216833,220792,16,0,0,layered_block,circular,per_chunk,16,16
2530,231667,235541,16,0,0,layered_block,circular,per_chunk,16,16
2531,226500,230417,16,0,0,layered_block,circular,per_chunk,16,16
2532,228125,232000,16,0,0,layered_block,circular,per_chunk,16,16
2533,225000,228833,16,0,0,layered_block,circular,per_chunk,16,16
2534,228125,231959,16,0,0,layered_block,circular,per_chunk,16,16
2535,228666,232583,16,0,0,layered_block,circular,per_chunk,16,16
2536,228833,232667,16,0,0,layered_block,circular,per_chunk,16,16
2537,219750,223583,16,0,0,layered_block,circular,per_chunk,16,16
2538,217750,221541,16,0,0,layered_block,circular,per_chunk,16,16
2539,212500,216375,16,0,0,layered_block,circular,per_chunk,16,16
2540,218500,222417,16,0,0,layered_block,circular,per_chunk,16,16
2541,206958,210833,16,0,0,layered_block,circular,per_chunk,16,16
2542,218334,222208,16,0,0,layered_block,circular,per_chunk,16,16
2543,258166,262458,16,0,0,layered_block,circular,per_chunk,16,16
2544,215417,219333,16,0,0,layered_block,circular,per_chunk,16,16
2545,203625,207583,16,0,0,layered_block,circular,per_chunk,16,16
2546,199625,203583,16,0,0,layered_block,circular,per_chunk,16,16
2547,219500,223334,16,0,0,layered_block,circular,per_chunk,16,16
2548,214375,218291,16,0,0,layered_block,circular,per_chunk,16,16
2549,225541,229375,16,0,0,layered_block,circular,per_chunk,16,16
2550,228125,231917,16,0,0,layered_block,circular,per_chunk,16,16
2551,222500,226333,16,0,0,layered_block,circular,per_chunk,16,16
2552,216750,220667,16,0,0,layered_block,circular,per_chunk,16,16
2553,218167,222125,16,0,0,layered_block,circular,per_chunk,16,16
2554,224167,227958,16,0,0,layered_block,circular,per_chunk,16,16
2555,223000,226833,16,0,0,layered_block,circular,per_chunk,16,16
2556,208375,212250,16,0,0,layered_block,circular,per_chunk,16,16
2557,199542,203500,16,0,0,layered_block,circular,per_chunk,16,16
2558,252208,256375,16,0,0,layered_block,circular,per_chunk,16,16
2559,214917,218833,16,0,0,layered_block,circular,per_chunk,16,16
2560,214666,218500,16,0,0,layered_block,circular,per_chunk,16,16
2561,220542,224375,16,0,0,layered_block,circular,per_chunk,16,16
2562,218834,222625,16,0,0,layered_block,circular,per_chunk,16,16
2563,212416,216292,16,0,0,layered_block,circular,per_chunk,16,16
2564,207708,211625,16,0,0,layered_block,circular,per_chunk,16,16
2565,213000,216875,16,0,0,layered_block,circular,per_chunk,16,16
2566,211292,215208,16,0,0,layered_block,circular,per_chunk,16,16
2567,214084,217875,16,0,0,layered_block,circular,per_chunk,16,16
2568,211875,215791,16,0,0,layered_block,circular,per_chunk,16,16
2569,217167,221041,16,0,0,layered_block,circular,per_chunk,16,16
2570,212125,216084,16,0,0,layered_block,circular,per_chunk,16,16
2571,217583,221458,16,0,0,layered_block,circular,per_chunk,16,16
2572,217167,221000,16,0,0,layered_block,circular,per_chunk,16,16
2573,213709,217541,16,0,0,layered_block,circular,per_chunk,16,16
2574,219417,223375,16,0,0,layered_block,circular,per_chunk,16,16
2575,226459,230375,16,0,0,layered_block,circular,per_chunk,16,16
2576,230625,234459,16,0,0,layered_block,circular,per_chunk,16,16
2577,229208,233042,16,0,0,layered_block,circular,per_chunk,16,16
2578,226625,230500,16,0,0,layered_block,circular,per_chunk,16,16
2579,230875,234750,16,0,0,layered_block,circular,per_chunk,16,16
2580,228875,232791,16,0,0,layered_block,circular,per_chunk,16,16
2581,233167,237000,16,0,0,layered_block,circular,per_chunk,16,16
2582,228375,232250,16,0,0,layered_block,circular,per_chunk,16,16
2583,232042,235834,16,0,0,layered_block,circular,per_chunk,16,16
2584,227250,231083,16,0,0,layered_block,circular,per_chunk,16,16
2585,218458,222333,16,0,0,layered_block,circular,per_chunk,16,16
2586,217792,221542,16,0,0,layered_block,circular,per_chunk,16,16
2587,227000,230833,16,0,0,layered_block,circular,per_chunk,16,16
2588,226500,230334,16,0,0,layered_block,circular,per_chunk,16,16
2589,222166,226000,16,0,0,layered_block,circular,per_chunk,16,16
2590,222458,226416,16,0,0,layered_block,circular,per_chunk,16,16
2591,229459,233250,16,0,0,layered_block,circular,per_chunk,16,16
2592,230792,234708,16,0,0,layered_block,circular,per_chunk,16,16
2593,230750,234542,16,0,0,layered_block,circular,per_chunk,16,16
2594,229625,233458,16,0,0,layered_block,circular,per_chunk,16,16
2595,229125,233000,16,0,0,layered_block,circular,per_chunk,16,16
2596,229709,233541,16,0,0,layered_block,circular,per_chunk,16,16
2597,232541,236417,16,0,0,layered_block,circular,per_chunk,16,16
2598,225584,229458,16,0,0,layered_block,circular,per_chunk,16,16
2599,218958,222833,16,0,0,layered_block,circular,per_chunk,16,16
2600,211250,215250,16,0,0,layered_block,circular,per_chunk,16,16
2601,200458,204375,16,0,0,layered_block,circular,per_chunk,16,16
2602,205125,209042,16,0,0,layered_block,circular,per_chunk,16,16
2603,222917,226792,16,0,0,layered_block,circular,per_chunk,16,16
2604,227666,231500,16,0,0,layered_block,circular,per_chunk,16,16
2605,225000,228875,16,0,0,layered_block,circular,per_chunk,16,16
2606,229167,233083,16,0,0,layered_block,circular,per_chunk,16,16
2607,222625,226458,16,0,0,layered_block,circular,per_chunk,16,16
2608,231292,235167,16,0,0,layered_block,circular,per_chunk,16,16
2609,232958,236833,16,0,0,layered_block,circular,per_chunk,16,16
2610,226833,230792,16,0,0,layered_block,circular,per_chunk,16,16
2611,232208,236084,16,0,0,layered_block,circular,per_chunk,16,16
2612,232541,236375,16,0,0,layered_block,circular,per_chunk,16,16
2613,225292,229208,16,0,0,layered_block,circular,per_chunk,16,16
2614,227833,231708,16,0,0,layered_block,circular,per_chunk,16,16
2615,275375,279416,16,0,0,layered_block,circular,per_chunk,16,16
2616,233000,236833,16,0,0,layered_block,circular,per_chunk,16,16
2617,226542,230416,16,0,0,layered_block,circular,per_chunk,16,16
2618,218834,222708,16,0,0,layered_block,circular,per_chunk,16,16
2619,212666,216625,16,0,0,layered_block,circular,per_chunk,16,16
2620,217459,221291,16,0,0,layered_block,circular,per_chunk,16,16
2621,215875,219708,16,0,0,layered_block,circular,per_chunk,16,16
2622,205500,209417,16,0,0,layered_block,circular,per_chunk,16,16
2623,213542,217416,16,0,0,layered_block,circular,per_chunk,16,16
2624,213416,217417,16,0,0,layered_block,circular,per_chunk,16,16
2625,218125,222000,16,0,0,layered_block,circular,per_chunk,16,16
2626,212792,216666,16,0,0,layered_block,circular,per_chunk,16,16
2627,213416,222792,16,0,0,layered_block,circular,per_chunk,16,16
2628,217500,221375,16,0,0,layered_block,circular,per_chunk,16,16
2629,212625,216583,16,0,0,layered_block,circular,per_chunk,16,16
2630,217541,221500,16,0,0,layered_block,circular,per_chunk,16,16
2631,222291,226125,16,0,0,layered_block,circular,per_chunk,16,16
2632,221667,225500,16,0,0,layered_block,circular,per_chunk,16,16
2633,221958,225875,16,0,0,layered_block,circular,per_chunk,16,16
2634,221250,225167,16,0,0,layered_block,circular,per_chunk,16,16
2635,224583,228417,16,0,0,layered_block,circular,per_chunk,16,16
2636,224791,228708,16,0,0,layered_block,circular,per_chunk,16,16
2637,221500,225500,16,0,0,layered_block,circular,per_chunk,16,16
2638,271166,275208,16,0,0,layered_block,circular,per_chunk,16,16
2639,226041,229958,16,0,0,layered_block,circular,per_chunk,16,16
2640,221417,225250,16,0,0,layered_block,circular,per_chunk,16,16
2641,224542,228500,16,0,0,layered_block,circular,per_chunk,16,16
2642,217292,221125,16,0,0,layered_block,circular,per_chunk,16,16
2643,212208,216125,16,0,0,layered_block,circular,per_chunk,16,16
2644,217333,221250,16,0,0,layered_block,circular,per_chunk,16,16
2645,213333,217209,16,0,0,layered_block,circular,per_chunk,16,16
2646,214625,218542,16,0,0,layered_block,circular,per_chunk,16,16
2647,250750,254917,16,0,0,layered_block,circular,per_chunk,16,16
2648,199291,203334,16,0,0,layered_block,circular,per_chunk,16,16
2649,199334,203375,16,0,0,layered_block,circular,per_chunk,16,16
2650,210917,214917,16,0,0,layered_block,circular,per_chunk,16,16
2651,216833,220750,16,0,0,layered_block,circular,per_chunk,16,16
2652,209792,213708,16,0,0,layered_block,circular,per_chunk,16,16
2653,214417,218292,16,0,0,layered_block,circular,per_chunk,16,16
2654,259542,264084,16,0,0,layered_block,circular,per_chunk,16,16
2655,209834,213833,16,0,0,layered_block,circular,per_chunk,16,16
2656,217959,221791,16,0,0,layered_block,circular,per_chunk,16,16
2657,208417,212375,16,0,0,layered_block,circular,per_chunk,16,16
2658,213584,217417,16,0,0,layered_block,circular,per_chunk,16,16
2659,208708,212625,16,0,0,layered_block,circular,per_chunk,16,16
2660,213792,217667,16,0,0,layered_block,circular,per_chunk,16,16
2661,208959,213208,16,0,0,layered_block,circular,per_chunk,16,16
2662,208375,216209,16,0,0,layered_block,circular,per_chunk,16,16
2663,214250,218125,16,0,0,layered_block,circular,per_chunk,16,16
2664,209958,213916,16,0,0,layered_block,circular,per_chunk,16,16
2665,209334,213250,16,0,0,layered_block,circular,per_chunk,16,16
2666,219125,223042,16,0,0,layered_block,circular,per_chunk,16,16
2667,216125,220042,16,0,0,layered_block,circular,per_chunk,16,16
2668,209958,213833,16,0,0,layered_block,circular,per_chunk,16,16
2669,214792,218625,16,0,0,layered_block,circular,per_chunk,16,16
2670,210500,214417,16,0,0,layered_block,circular,per_chunk,16,16
2671,214959,218833,16,0,0,layered_block,circular,per_chunk,16,16
2672,209875,213708,16,0,0,layered_block,circular,per_chunk,16,16
2673,217917,221834,16,0,0,layered_block,circular,per_chunk,16,16
2674,202833,206708,16,0,0,layered_block,circular,per_chunk,16,16
2675,204500,208375,16,0,0,layered_block,circular,per_chunk,16,16
2676,204209,208083,16,0,0,layered_block,circular,per_chunk,16,16
2677,199167,203125,16,0,0,layered_block,circular,per_chunk,16,16
2678,199334,203333,16,0,0,layered_block,circular,per_chunk,16,16
2679,204667,208583,16,0,0,layered_block,circular,per_chunk,16,16
2680,199375,203375,16,0,0,layered_block,circular,per_chunk,16,16
2681,199833,203792,16,0,0,layered_block,circular,per_chunk,16,16
2682,204125,207959,16,0,0,layered_block,circular,per_chunk,16,16
2683,218083,221959,16,0,0,layered_block,circular,per_chunk,16,16
2684,218084,222000,16,0,0,layered_block,circular,per_chunk,16,16
2685,213500,217459,16,0,0,layered_block,circular,per_chunk,16,16
2686,218167,222042,16,0,0,layered_block,circular,per_chunk,16,16
2687,213125,217125,16,0,0,layered_block,circular,per_chunk,16,16
2688,218292,222166,16,0,0,layered_block,circular,per_chunk,16,16
2689,213166,217167,16,0,0,layered_block,circular,per_chunk,16,16
2690,218333,222208,16,0,0,layered_block,circular,per_chunk,16,16
2691,218292,222208,16,0,0,layered_block,circular,per_chunk,16,16
2692,213250,217166,16,0,0,layered_block,circular,per_chunk,16,16
2693,218708,222542,16,0,0,layered_block,circular,per_chunk,16,16
2694,213209,217250,16,0,0,layered_block,circular,per_chunk,16,16
2695,216083,220000,16,0,0,layered_block,circular,per_chunk,16,16
2696,218541,222417,16,0,0,layered_block,circular,per_chunk,16,16
2697,210833,214833,16,0,0,layered_block,circular,per_chunk,16,16
2698,220541,224375,16,0,0,layered_block,circular,per_chunk,16,16
2699,206958,210917,16,0,0,layered_block,circular,per_chunk,16,16
2700,249042,253167,16,0,0,layered_block,circular,per_chunk,16,16
2701,199166,203167,16,0,0,layered_block,circular,per_chunk,16,16
2702,204208,208042,16,0,0,layered_block,circular,per_chunk,16,16
2703,199459,203333,16,0,0,layered_block,circular,per_chunk,16,16
2704,252583,256708,16,0,0,layered_block,circular,per_chunk,16,16
2705,204333,208167,16,0,0,layered_block,circular,per_chunk,16,16
2706,203334,207292,16,0,0,layered_block,circular,per_chunk,16,16
2707,199416,203292,16,0,0,layered_block,circular,per_chunk,16,16
2708,204333,208167,16,0,0,layered_block,circular,per_chunk,16,16
2709,204292,208125,16,0,0,layered_block,circular,per_chunk,16,16
2710,199166,203167,16,0,0,layered_block,circular,per_chunk,16,16
2711,199750,203666,16,0,0,layered_block,circular,per_chunk,16,16
2712,203958,207792,16,0,0,layered_block,circular,per_chunk,16,16
2713,204542,208375,16,0,0,layered_block,circular,per_chunk,16,16
2714,199750,203709,16,0,0,layered_block,circular,per_chunk,16,16
2715,204375,208208,16,0,0,layered_block,circular,per_chunk,16,16
2716,203709,207584,16,0,0,layered_block,circular,per_chunk,16,16
2717,199416,203292,16,0,0,layered_block,circular,per_chunk,16,16
2718,204250,208125,16,0,0,layered_block,circular,per_chunk,16,16
2719,199250,203167,16,0,0,layered_block,circular,per_chunk,16,16
2720,203791,207667,16,0,0,layered_block,circular,per_chunk,16,16
2721,204542,208417,16,0,0,layered_block,circular,per_chunk,16,16
2722,199167,203084,16,0,0,layered_block,circular,per_chunk,16,16
2723,204167,208042,16,0,0,layered_block,circular,per_chunk,16,16
2724,204125,207958,16,0,0,layered_block,circular,per_chunk,16,16
2725,200583,204500,16,0,0,layered_block,circular,per_chunk,16,16
2726,204292,208125,16,0,0,layered_block,circular,per_chunk,16,16
2727,198834,202791,16,0,0,layered_block,circular,per_chunk,16,16
2728,204250,208083,16,0,0,layered_block,circular,per_chunk,16,16
2729,246583,250750,16,0,0,layered_block,circular,per_chunk,16,16
2730,199417,203250,16,0,0,layered_block,circular,per_chunk,16,16
2731,204334,208166,16,0,0,layered_block,circular,per_chunk,16,16
2732,199167,203042,16,0,0,layered_block,circular,per_chunk,16,16
2733,204375,208209,16,0,0,layered_block,circular,per_chunk,16,16
2734,204042,207875,16,0,0,layered_block,circular,per_chunk,16,16
2735,199083,203042,16,0,0,layered_block,circular,per_chunk,16,16
2736,204208,208000,16,0,0,layered_block,circular,per_chunk,16,16
2737,198917,202834,16,0,0,layered_block,circular,per_chunk,16,16
2738,199625,203625,16,0,0,layered_block,circular,per_chunk,16,16
2739,203792,207666,16,0,0,layered_block,circular,per_chunk,16,16
2740,199167,203125,16,0,0,layered_block,circular,per_chunk,16,16
2741,204083,207917,16,0,0,layered_block,circular,per_chunk,16,16
2742,206208,210125,16,0,0,layered_block,circular,per_chunk,16,16
2743,199000,202917,16,0,0,layered_block,circular,per_chunk,16,16
2744,203833,207625,16,0,0,layered_block,circular,per_chunk,16,16
2745,204333,208167,16,0,0,layered_block,circular,per_chunk,16,16
2746,248459,252833,16,0,0,layered_block,circular,per_chunk,16,16
2747,199500,203459,16,0,0,layered_block,circular,per_chunk,16,16
2748,204167,208041,16,0,0,layered_block,circular,per_chunk,16,16
2749,199125,203083,16,0,0,layered_block,circular,per_chunk,16,16
2750,199333,203250,16,0,0,layered_block,circular,per_chunk,16,16
2751,204875,208750,16,0,0,layered_block,circular,per_chunk,16,16
2752,204167,208000,16,0,0,layered_block,circular,per_chunk,16,16
2753,199542,203458,16,0,0,layered_block,circular,per_chunk,16,16
2754,204333,208167,16,0,0,layered_block,circular,per_chunk,16,16
2755,204583,208417,16,0,0,layered_block,circular,per_chunk,16,16
2756,199167,203125,16,0,0,layered_block,circular,per_chunk,16,16
2757,204291,208125,16,0,0,layered_block,circular,per_chunk,16,16
2758,204417,208250,16,0,0,layered_block,circular,per_chunk,16,16
2759,199417,203375,16,0,0,layered_block,circular,per_chunk,16,16
2760,199459,203333,16,0,0,layered_block,circular,per_chunk,16,16
2761,203875,207709,16,0,0,layered_block,circular,per_chunk,16,16
2762,199250,203250,16,0,0,layered_block,circular,per_chunk,16,16
2763,199958,203875,16,0,0,layered_block,circular,per_chunk,16,16
2764,203708,207542,16,0,0,layered_block,circular,per_chunk,16,16
2765,199000,202917,16,0,0,layered_block,circular,per_chunk,16,16
2766,204542,208375,16,0,0,layered_block,circular,per_chunk,16,16
2767,205625,209459,16,0,0,layered_block,circular,per_chunk,16,16
2768,199459,203333,16,0,0,layered_block,circular,per_chunk,16,16
2769,204042,207917,16,0,0,layered_block,circular,per_chunk,16,16
2770,199125,203042,16,0,0,layered_block,circular,per_chunk,16,16
2771,242750,246708,16,0,0,layered_block,circular,per_chunk,16,16
2772,204292,208083,16,0,0,layered_block,circular,per_chunk,16,16
2773,199458,203417,16,0,0,layered_block,circular,per_chunk,16,16
2774,204250,208042,16,0,0,layered_block,circular,per_chunk,16,16
2775,204375,208167,16,0,0,layered_block,circular,per_chunk,16,16
2776,199166,203083,16,0,0,layered_block,circular,per_chunk,16,16
2777,204208,208042,16,0,0,layered_block,circular,per_chunk,16,16
2778,199416,203333,16,0,0,layered_block,circular,per_chunk,16,16
2779,199459,203417,16,0,0,layered_block,circular,per_chunk,16,16
2780,204458,208250,16,0,0,layered_block,circular,per_chunk,16,16
2781,199250,203209,16,0,0,layered_block,circular,per_chunk,16,16
2782,204083,207917,16,0,0,layered_block,circular,per_chunk,16,16
2783,204208,208042,16,0,0,layered_block,circular,per_chunk,16,16
2784,199666,203542,16,0,0,layered_block,circular,per_chunk,16,16
2785,204167,208000,16,0,0,layered_block,circular,per_chunk,16,16
2786,204291,208083,16,0,0,layered_block,circular,per_chunk,16,16
2787,199625,203583,16,0,0,layered_block,circular,per_chunk,16,16
2788,251084,255333,16,0,0,layered_block,circular,per_chunk,16,16
2789,204375,208209,16,0,0,layered_block,circular,per_chunk,16,16
2790,199541,203541,16,0,0,layered_block,circular,per_chunk,16,16
2791,204250,208125,16,0,0,layered_block,circular,per_chunk,16,16
2792,199208,203167,16,0,0,layered_block,circular,per_chunk,16,16
2793,199500,203417,16,0,0,layered_block,circular,per_chunk,16,16
2794,204333,208250,16,0,0,layered_block,circular,per_chunk,16,16
2795,204750,208625,16,0,0,layered_block,circular,per_chunk,16,16
2796,199458,203334,16,0,0,layered_block,circular,per_chunk,16,16
2797,199416,203292,16,0,0,layered_block,circular,per_chunk,16,16
2798,204500,208375,16,0,0,layered_block,circular,per_chunk,16,16
2799,199125,203084,16,0,0,layered_block,circular,per_chunk,16,16
2800,204375,208292,16,0,0,layered_block,circular,per_chunk,16,16
2801,204625,208542,16,0,0,layered_block,circular,per_chunk,16,16
2802,199083,203042,16,0,0,layered_block,circular,per_chunk,16,16
2803,199542,203791,16,0,0,layered_block,circular,per_chunk,16,16
2804,203959,207875,16,0,0,layered_block,circular,per_chunk,16,16
2805,199459,203375,16,0,0,layered_block,circular,per_chunk,16,16
2806,199625,203583,16,0,0,layered_block,circular,per_chunk,16,16
2807,204292,208166,16,0,0,layered_block,circular,per_chunk,16,16
2808,199125,203125,16,0,0,layered_block,circular,per_chunk,16,16
2809,199958,203916,16,0,0,layered_block,circular,per_chunk,16,16
2810,204292,208167,16,0,0,layered_block,circular,per_chunk,16,16
2811,204417,208291,16,0,0,layered_block,circular,per_chunk,16,16
2812,199416,203416,16,0,0,layered_block,circular,per_chunk,16,16
2813,206917,210833,16,0,0,layered_block,circular,per_chunk,16,16
2814,204042,207958,16,0,0,layered_block,circular,per_chunk,16,16
2815,199416,203292,16,0,0,layered_block,circular,per_chunk,16,16
2816,204459,208292,16,0,0,layered_block,circular,per_chunk,16,16
2817,250917,254875,16,0,0,layered_block,circular,per_chunk,16,16
2818,199500,203375,16,0,0,layered_block,circular,per_chunk,16,16
2819,204625,208417,16,0,0,layered_block,circular,per_chunk,16,16
2820,204083,207958,16,0,0,layered_block,circular,per_chunk,16,16
2821,256417,260750,16,0,0,layered_block,circular,per_chunk,16,16
2822,199250,203167,16,0,0,layered_block,circular,per_chunk,16,16
2823,204583,208459,16,0,0,layered_block,circular,per_chunk,16,16
2824,199125,203083,16,0,0,layered_block,circular,per_chunk,16,16
2825,199333,203375,16,0,0,layered_block,circular,per_chunk,16,16
2826,204291,208209,16,0,0,layered_block,circular,per_chunk,16,16
2827,204042,207875,16,0,0,layered_block,circular,per_chunk,16,16
2828,199167,203209,16,0,0,layered_block,circular,per_chunk,16,16
2829,204417,208250,16,0,0,layered_block,circular,per_chunk,16,16
2830,204583,208417,16,0,0,layered_block,circular,per_chunk,16,16
2831,199334,203250,16,0,0,layered_block,circular,per_chunk,16,16
2832,204459,208291,16,0,0,layered_block,circular,per_chunk,16,16
2833,204334,208166,16,0,0,layered_block,circular,per_chunk,16,16
2834,199375,203333,16,0,0,layered_block,circular,per_chunk,16,16
2835,204375,208208,16,0,0,layered_block,circular,per_chunk,16,16
2836,204375,208250,16,0,0,layered_block,circular,per_chunk,16,16
2837,200375,204333,16,0,0,layered_block,circular,per_chunk,16,16
2838,199375,203250,16,0,0,layered_block,circular,per_chunk,16,16
2839,204083,207959,16,0,0,layered_block,circular,per_chunk,16,16
2840,204541,208417,16,0,0,layered_block,circular,per_chunk,16,16
2841,199625,203541,16,0,0,layered_block,circular,per_chunk,16,16
2842,200125,204083,16,0,0,layered_block,circular,per_chunk,16,16
2843,204250,208125,16,0,0,layered_block,circular,per_chunk,16,16
2844,198916,202917,16,0,0,layered_block,circular,per_chunk,16,16
2845,204375,208250,16,0,0,layered_block,circular,per_chunk,16,16
2846,251666,255625,16,0,0,layered_block,circular,per_chunk,16,16
2847,199292,203250,16,0,0,layered_block,circular,per_chunk,16,16
2848,199208,203250,16,0,0,layered_block,circular,per_chunk,16,16
2849,204125,208000,16,0,0,layered_block,circular,per_chunk,16,16
2850,251042,255083,16,0,0,layered_block,circular,per_chunk,16,16
2851,199541,203459,16,0,0,layered_block,circular,per_chunk,16,16
2852,204500,208333,16,0,0,layered_block,circular,per_chunk,16,16
2853,204250,208125,16,0,0,layered_block,circular,per_chunk,16,16
2854,199458,203375,16,0,0,layered_block,circular,per_chunk,16,16
2855,204291,208167,16,0,0,layered_block,circular,per_chunk,16,16
2856,204417,208375,16,0,0,layered_block,circular,per_chunk,16,16
2857,199500,203375,16,0,0,layered_block,circular,per_chunk,16,16
2858,206625,210458,16,0,0,layered_block,circular,per_chunk,16,16
2859,204416,208292,16,0,0,layered_block,circular,per_chunk,16,16
2860,204541,208375,16,0,0,layered_block,circular,per_chunk,16,16
2861,199417,203375,16,0,0,layered_block,circular,per_chunk,16,16
2862,199583,203500,16,0,0,layered_block,circular,per_chunk,16,16
2863,204708,208583,16,0,0,layered_block,circular,per_chunk,16,16
2864,199000,202958,16,0,0,layered_block,circular,per_chunk,16,16
2865,199750,203667,16,0,0,layered_block,circular,per_chunk,16,16
2866,204291,208125,16,0,0,layered_block,circular,per_chunk,16,16
2867,204542,208417,16,0,0,layered_block,circular,per_chunk,16,16
2868,199792,203709,16,0,0,layered_block,circular,per_chunk,16,16
2869,200042,203958,16,0,0,layered_block,circular,per_chunk,16,16
2870,203750,207625,16,0,0,layered_block,circular,per_chunk,16,16
2871,204541,208417,16,0,0,layered_block,circular,per_chunk,16,16
2872,199500,203375,16,0,0,layered_block,circular,per_chunk,16,16
2873,207292,211292,16,0,0,layered_block,circular,per_chunk,16,16
2874,204417,208334,16,0,0,layered_block,circular,per_chunk,16,16
2875,199375,203250,16,0,0,layered_block,circular,per_chunk,16,16
2876,204666,208542,16,0,0,layered_block,circular,per_chunk,16,16
2877,247959,252000,16,0,0,layered_block,circular,per_chunk,16,16
2878,199166,203167,16,0,0,layered_block,circular,per_chunk,16,16
2879,204291,208167,16,0,0,layered_block,circular,per_chunk,16,16
2880,204250,208084,16,0,0,layered_block,circular,per_chunk,16,16
2881,199333,203209,16,0,0,layered_block,circular,per_chunk,16,16
2882,199500,208000,16,0,0,layered_block,circular,per_chunk,16,16
2883,204583,208459,16,0,0,layered_block,circular,per_chunk,16,16
2884,199417,203334,16,0,0,layered_block,circular,per_chunk,16,16
2885,203916,207750,16,0,0,layered_block,circular,per_chunk,16,16
2886,204542,208375,16,0,0,layered_block,circular,per_chunk,16,16
2887,199209,203209,16,0,0,layered_block,circular,per_chunk,16,16
2888,203750,207625,16,0,0,layered_block,circular,per_chunk,16,16
2889,199625,203542,16,0,0,layered_block,circular,per_chunk,16,16
2890,199584,203583,16,0,0,layered_block,circular,per_chunk,16,16
2891,203750,207625,16,0,0,layered_block,circular,per_chunk,16,16
2892,199208,203125,16,0,0,layered_block,circular,per_chunk,16,16
2893,204334,208208,16,0,0,layered_block,circular,per_chunk,16,16
2894,206625,210583,16,0,0,layered_block,circular,per_chunk,16,16
2895,199459,203459,16,0,0,layered_block,circular,per_chunk,16,16
2896,204500,208334,16,0,0,layered_block,circular,per_chunk,16,16
2897,199208,203167,16,0,0,layered_block,circular,per_chunk,16,16
2898,242417,246459,16,0,0,layered_block,circular,per_chunk,16,16
2899,204083,207958,16,0,0,layered_block,circular,per_chunk,16,16
2900,199208,203125,16,0,0,layered_block,circular,per_chunk,16,16
2901,204166,207958,16,0,0,layered_block,circular,per_chunk,16,16
2902,204125,208000,16,0,0,layered_block,circular,per_chunk,16,16
2903,199583,203500,16,0,0,layered_block,circular,per_chunk,16,16
2904,204417,208291,16,0,0,layered_block,circular,per_chunk,16,16
2905,204167,208000,16,0,0,layered_block,circular,per_chunk,16,16
2906,199500,203417,16,0,0,layered_block,circular,per_chunk,16,16
2907,204458,208333,16,0,0,layered_block,circular,per_chunk,16,16
2908,199167,203125,16,0,0,layered_block,circular,per_chunk,16,16
2909,204333,208208,16,0,0,layered_block,circular,per_chunk,16,16
2910,204000,207833,16,0,0,layered_block,circular,per_chunk,16,16
2911,199333,203375,16,0,0,layered_block,circular,per_chunk,16,16
2912,199375,203333,16,0,0,layered_block,circular,per_chunk,16,16
2913,203792,207667,16,0,0,layered_block,circular,per_chunk,16,16
2914,205375,209166,16,0,0,layered_block,circular,per_chunk,16,16
2915,204750,208583,16,0,0,layered_block,circular,per_chunk,16,16
2916,204084,207916,16,0,0,layered_block,circular,per_chunk,16,16
2917,199125,203084,16,0,0,layered_block,circular,per_chunk,16,16
2918,204041,207875,16,0,0,layered_block,circular,per_chunk,16,16
2919,204167,208000,16,0,0,layered_block,circular,per_chunk,16,16
2920,199209,203042,16,0,0,layered_block,circular,per_chunk,16,16
2921,204292,208125,16,0,0,layered_block,circular,per_chunk,16,16
2922,204000,207791,16,0,0,layered_block,circular,per_chunk,16,16
2923,204500,208375,16,0,0,layered_block,circular,per_chunk,16,16
2924,199250,203167,16,0,0,layered_block,circular,per_chunk,16,16
2925,204167,208042,16,0,0,layered_block,circular,per_chunk,16,16
2926,199250,203167,16,0,0,layered_block,circular,per_chunk,16,16
2927,199708,203584,16,0,0,layered_block,circular,per_chunk,16,16
2928,204292,208125,16,0,0,layered_block,circular,per_chunk,16,16
2929,204250,208084,16,0,0,layered_block,circular,per_chunk,16,16
2930,199292,203292,16,0,0,layered_block,circular,per_chunk,16,16
2931,206458,210334,16,0,0,layered_block,circular,per_chunk,16,16
2932,204834,208666,16,0,0,layered_block,circular,per_chunk,16,16
2933,199708,203625,16,0,0,layered_block,circular,per_chunk,16,16
2934,204125,207958,16,0,0,layered_block,circular,per_chunk,16,16
2935,251083,255041,16,0,0,layered_block,circular,per_chunk,16,16
2936,199208,203167,16,0,0,layered_block,circular,per_chunk,16,16
2937,199417,203458,16,0,0,layered_block,circular,per_chunk,16,16
2938,204042,207875,16,0,0,layered_block,circular,per_chunk,16,16
2939,247500,251584,16,0,0,layered_block,circular,per_chunk,16,16
2940,199875,203750,16,0,0,layered_block,circular,per_chunk,16,16
2941,204416,208250,16,0,0,layered_block,circular,per_chunk,16,16
2942,199417,203375,16,0,0,layered_block,circular,per_chunk,16,16
2943,199292,203167,16,0,0,layered_block,circular,per_chunk,16,16
2944,204125,207958,16,0,0,layered_block,circular,per_chunk,16,16
2945,204416,208292,16,0,0,layered_block,circular,per_chunk,16,16
2946,199209,203167,16,0,0,layered_block,circular,per_chunk,16,16
2947,204125,207916,16,0,0,layered_block,circular,per_chunk,16,16
2948,204333,208208,16,0,0,layered_block,circular,per_chunk,16,16
2949,199708,203666,16,0,0,layered_block,circular,per_chunk,16,16
2950,204167,207959,16,0,0,layered_block,circular,per_chunk,16,16
2951,203875,207750,16,0,0,layered_block,circular,per_chunk,16,16
2952,199250,203083,16,0,0,layered_block,circular,per_chunk,16,16
2953,204125,208000,16,0,0,layered_block,circular,per_chunk,16,16
2954,204333,208167,16,0,0,layered_block,circular,per_chunk,16,16
2955,199250,203208,16,0,0,layered_block,circular,per_chunk,16,16
2956,205083,208958,16,0,0,layered_block,circular,per_chunk,16,16
2957,204458,208292,16,0,0,layered_block,circular,per_chunk,16,16
2958,199000,202916,16,0,0,layered_block,circular,per_chunk,16,16
2959,204458,208334,16,0,0,layered_block,circular,per_chunk,16,16
2960,206708,210583,16,0,0,layered_block,circular,per_chunk,16,16
2961,199125,203083,16,0,0,layered_block,circular,per_chunk,16,16
2962,204042,207875,16,0,0,layered_block,circular,per_chunk,16,16
2963,204250,208083,16,0,0,layered_block,circular,per_chunk,16,16
2964,245000,249000,16,0,0,layered_block,circular,per_chunk,16,16
2965,205959,209833,16,0,0,layered_block,circular,per_chunk,16,16
2966,214625,218625,16,0,0,layered_block,circular,per_chunk,16,16
2967,213333,217167,16,0,0,layered_block,circular,per_chunk,16,16
2968,210208,214084,16,0,0,layered_block,circular,per_chunk,16,16
2969,217084,220958,16,0,0,layered_block,circular,per_chunk,16,16
2970,221209,225000,16,0,0,layered_block,circular,per_chunk,16,16
2971,209583,213584,16,0,0,layered_block,circular,per_chunk,16,16
2972,214458,218250,16,0,0,layered_block,circular,per_chunk,16,16
2973,210084,213917,16,0,0,layered_block,circular,per_chunk,16,16
2974,215542,219375,16,0,0,layered_block,circular,per_chunk,16,16
2975,214042,217917,16,0,0,layered_block,circular,per_chunk,16,16
2976,218208,222042,16,0,0,layered_block,circular,per_chunk,16,16
2977,205875,209833,16,0,0,layered_block,circular,per_chunk,16,16
2978,212458,216292,16,0,0,layered_block,circular,per_chunk,16,16
2979,217542,221375,16,0,0,layered_block,circular,per_chunk,16,16
2980,263125,267500,16,0,0,layered_block,circular,per_chunk,16,16
2981,212333,216208,16,0,0,layered_block,circular,per_chunk,16,16
2982,200458,204417,16,0,0,layered_block,circular,per_chunk,16,16
2983,219000,222875,16,0,0,layered_block,circular,per_chunk,16,16
2984,217917,221833,16,0,0,layered_block,circular,per_chunk,16,16
2985,206750,210625,16,0,0,layered_block,circular,per_chunk,16,16
2986,199000,202875,16,0,0,layered_block,circular,per_chunk,16,16
2987,253250,257458,16,0,0,layered_block,circular,per_chunk,16,16
2988,204083,207958,16,0,0,layered_block,circular,per_chunk,16,16
2989,205667,209500,16,0,0,layered_block,circular,per_chunk,16,16
2990,218250,222083,16,0,0,layered_block,circular,per_chunk,16,16
2991,216500,220417,16,0,0,layered_block,circular,per_chunk,16,16
2992,206334,210250,16,0,0,layered_block,circular,per_chunk,16,16
2993,208917,212833,16,0,0,layered_block,circular,per_chunk,16,16
2994,260834,264958,16,0,0,layered_block,circular,per_chunk,16,16
2995,214833,218750,16,0,0,layered_block,circular,per_chunk,16,16
2996,212583,216459,16,0,0,layered_block,circular,per_chunk,16,16
2997,204541,208459,16,0,0,layered_block,circular,per_chunk,16,16
2998,204125,208041,16,0,0,layered_block,circular,per_chunk,16,16
2999,199375,203375,16,0,0,layered_block,circular,per_chunk,16,16
3000,204375,208208,16,0,0,layered_block,circular,per_chunk,16,16
3001,204500,208292,16,0,0,layered_block,circular,per_chunk,16,16
3002,199667,203708,16,0,0,layered_block,circular,per_chunk,16,16
3003,199584,203542,16,0,0,layered_block,circular,per_chunk,16,16
3004,204000,207916,16,0,0,layered_block,circular,per_chunk,16,16
3005,199250,203250,16,0,0,layered_block,circular,per_chunk,16,16
3006,200458,204417,16,0,0,layered_block,circular,per_chunk,16,16
3007,204458,208291,16,0,0,layered_block,circular,per_chunk,16,16
3008,203959,207791,16,0,0,layered_block,circular,per_chunk,16,16
3009,199542,203542,16,0,0,layered_block,circular,per_chunk,16,16
3010,253917,258000,16,0,0,layered_block,circular,per_chunk,16,16
3011,204125,207959,16,0,0,layered_block,circular,per_chunk,16,16
3012,199500,203417,16,0,0,layered_block,circular,per_chunk,16,16
3013,204333,208167,16,0,0,layered_block,circular,per_chunk,16,16
3014,257917,262083,16,0,0,layered_block,circular,per_chunk,16,16
3015,212875,216875,16,0,0,layered_block,circular,per_chunk,16,16
3016,219750,223583,16,0,0,layered_block,circular,per_chunk,16,16
3017,202167,210250,16,0,0,layered_block,circular,per_chunk,16,16
3018,216334,220250,16,0,0,layered_block,circular,per_chunk,16,16
3019,209250,213125,16,0,0,layered_block,circular,per_chunk,16,16
3020,217125,221042,16,0,0,layered_block,circular,per_chunk,16,16
3021,200292,204208,16,0,0,layered_block,circular,per_chunk,16,16
3022,204125,208000,16,0,0,layered_block,circular,per_chunk,16,16
3023,206959,210833,16,0,0,layered_block,circular,per_chunk,16,16
3024,219708,223584,16,0,0,layered_block,circular,per_chunk,16,16
3025,218084,222000,16,0,0,layered_block,circular,per_chunk,16,16
3026,204375,208333,16,0,0,layered_block,circular,per_chunk,16,16
3027,206375,210250,16,0,0,layered_block,circular,per_chunk,16,16
3028,220334,224208,16,0,0,layered_block,circular,per_chunk,16,16
3029,213542,217542,16,0,0,layered_block,circular,per_chunk,16,16
3030,215917,219750,16,0,0,layered_block,circular,per_chunk,16,16
3031,253791,257875,16,0,0,layered_block,circular,per_chunk,16,16
3032,199125,203167,16,0,0,layered_block,circular,per_chunk,16,16
3033,199375,203375,16,0,0,layered_block,circular,per_chunk,16,16
3034,207583,211583,16,0,0,layered_block,circular,per_chunk,16,16
3035,216292,220125,16,0,0,layered_block,circular,per_chunk,16,16
3036,215000,218917,16,0,0,layered_block,circular,per_chunk,16,16
3037,210000,213959,16,0,0,layered_block,circular,per_chunk,16,16
3038,260167,264250,16,0,0,layered_block,circular,per_chunk,16,16
3039,209792,213750,16,0,0,layered_block,circular,per_chunk,16,16
3040,214750,218583,16,0,0,layered_block,circular,per_chunk,16,16
3041,210000,214000,16,0,0,layered_block,circular,per_chunk,16,16
3042,216417,220292,16,0,0,layered_block,circular,per_chunk,16,16
3043,213125,217084,16,0,0,layered_block,circular,per_chunk,16,16
3044,214958,218834,16,0,0,layered_block,circular,per_chunk,16,16
3045,205042,209000,16,0,0,layered_block,circular,per_chunk,16,16
3046,204375,208333,16,0,0,layered_block,circular,per_chunk,16,16
3047,204292,208167,16,0,0,layered_block,circular,per_chunk,16,16
3048,199250,203250,16,0,0,layered_block,circular,per_chunk,16,16
3049,199584,203584,16,0,0,layered_block,circular,per_chunk,16,16
3050,214000,217875,16,0,0,layered_block,circular,per_chunk,16,16
3051,218083,222000,16,0,0,layered_block,circular,per_chunk,16,16
3052,210000,214000,16,0,0,layered_block,circular,per_chunk,16,16
3053,209625,213500,16,0,0,layered_block,circular,per_chunk,16,16
3054,207375,211250,16,0,0,layered_block,circular,per_chunk,16,16
3055,219875,223709,16,0,0,layered_block,circular,per_chunk,16,16
3056,222292,268250,16,0,0,layered_block,circular,per_chunk,16,16
3057,207916,211834,16,0,0,layered_block,circular,per_chunk,16,16
3058,214958,218917,16,0,0,layered_block,circular,per_chunk,16,16
3059,213666,256292,16,0,0,layered_block,circular,per_chunk,16,16
3060,218333,222208,16,0,0,layered_block,circular,per_chunk,16,16
3061,217667,221541,16,0,0,layered_block,circular,per_chunk,16,16
3062,206958,210875,16,0,0,layered_block,circular,per_chunk,16,16
3063,206541,210375,16,0,0,layered_block,circular,per_chunk,16,16
3064,204250,208125,16,0,0,layered_block,circular,per_chunk,16,16
3065,199459,203500,16,0,0,layered_block,circular,per_chunk,16,16
3066,204333,208208,16,0,0,layered_block,circular,per_chunk,16,16
3067,204375,208291,16,0,0,layered_block,circular,per_chunk,16,16
3068,199792,203833,16,0,0,layered_block,circular,per_chunk,16,16
3069,208542,212541,16,0,0,layered_block,circular,per_chunk,16,16
3070,215250,219166,16,0,0,layered_block,circular,per_chunk,16,16
3071,210000,213958,16,0,0,layered_block,circular,per_chunk,16,16
3072,208167,212125,16,0,0,layered_block,circular,per_chunk,16,16
3073,199416,203292,16,0,0,layered_block,circular,per_chunk,16,16
3074,205792,209666,16,0,0,layered_block,circular,per_chunk,16,16
3075,217167,221083,16,0,0,layered_block,circular,per_chunk,16,16
3076,215084,218916,16,0,0,layered_block,circular,per_chunk,16,16
3077,247083,251417,16,0,0,layered_block,circular,per_chunk,16,16
3078,203750,207667,16,0,0,layered_block,circular,per_chunk,16,16
3079,199458,203333,16,0,0,layered_block,circular,per_chunk,16,16
3080,204083,207959,16,0,0,layered_block,circular,per_chunk,16,16
3081,204375,208208,16,0,0,layered_block,circular,per_chunk,16,16
3082,199250,203167,16,0,0,layered_block,circular,per_chunk,16,16
3083,204417,208292,16,0,0,layered_block,circular,per_chunk,16,16
3084,199000,207083,16,0,0,layered_block,circular,per_chunk,16,16
3085,199333,203625,16,0,0,layered_block,circular,per_chunk,16,16
3086,204458,208375,16,0,0,layered_block,circular,per_chunk,16,16
3087,199209,207333,16,0,0,layered_block,circular,per_chunk,16,16
3088,199667,203625,16,0,0,layered_block,circular,per_chunk,16,16
3089,204209,208083,16,0,0,layered_block,circular,per_chunk,16,16
3090,199166,203209,16,0,0,layered_block,circular,per_chunk,16,16
3091,199625,207542,16,0,0,layered_block,circular,per_chunk,16,16
3092,204375,208250,16,0,0,layered_block,circular,per_chunk,16,16
3093,199375,203250,16,0,0,layered_block,circular,per_chunk,16,16
3094,248125,252083,16,0,0,layered_block,circular,per_chunk,16,16
3095,199000,202917,16,0,0,layered_block,circular,per_chunk,16,16
3096,199458,203375,16,0,0,layered_block,circular,per_chunk,16,16
3097,204334,208166,16,0,0,layered_block,circular,per_chunk,16,16
3098,199500,203375,16,0,0,layered_block,circular,per_chunk,16,16
3099,204541,208333,16,0,0,layered_block,circular,per_chunk,16,16
3100,204000,207875,16,0,0,layered_block,circular,per_chunk,16,16
3101,199500,203500,16,0,0,layered_block,circular,per_chunk,16,16
3102,204167,207958,16,0,0,layered_block,circular,per_chunk,16,16
3103,204250,208083,16,0,0,layered_block,circular,per_chunk,16,16
3104,199167,203125,16,0,0,layered_block,circular,per_chunk,16,16
3105,204208,208083,16,0,0,layered_block,circular,per_chunk,16,16
3106,204167,208000,16,0,0,layered_block,circular,per_chunk,16,16
3107,199417,203416,16,0,0,layered_block,circular,per_chunk,16,16
3108,203833,207667,16,0,0,layered_block,circular,per_chunk,16,16
3109,204209,208083,16,0,0,layered_block,circular,per_chunk,16,16
3110,199667,203583,16,0,0,layered_block,circular,per_chunk,16,16
3111,205958,209792,16,0,0,layered_block,circular,per_chunk,16,16
3112,204000,207833,16,0,0,layered_block,circular,per_chunk,16,16
3113,199500,203333,16,0,0,layered_block,circular,per_chunk,16,16
3114,204375,208209,16,0,0,layered_block,circular,per_chunk,16,16
3115,206250,210167,16,0,0,layered_block,circular,per_chunk,16,16
3116,199042,202917,16,0,0,layered_block,circular,per_chunk,16,16
3117,199500,203375,16,0,0,layered_block,circular,per_chunk,16,16
3118,203791,207625,16,0,0,layered_block,circular,per_chunk,16,16
3119,245042,249041,16,0,0,layered_block,circular,per_chunk,16,16
3120,199708,203625,16,0,0,layered_block,circular,per_chunk,16,16
3121,203833,207667,16,0,0,layered_block,circular,per_chunk,16,16
3122,199750,203625,16,0,0,layered_block,circular,per_chunk,16,16
3123,204167,207958,16,0,0,layered_block,circular,per_chunk,16,16
3124,204125,207958,16,0,0,layered_block,circular,per_chunk,16,16
3125,199500,203458,16,0,0,layered_block,circular,per_chunk,16,16
3126,199500,207666,16,0,0,layered_block,circular,per_chunk,16,16
3127,204125,207916,16,0,0,layered_block,circular,per_chunk,16,16
3128,204250,208083,16,0,0,layered_block,circular,per_chunk,16,16
3129,199375,203333,16,0,0,layered_block,circular,per_chunk,16,16
3130,204750,208583,16,0,0,layered_block,circular,per_chunk,16,16
3131,199333,203292,16,0,0,layered_block,circular,per_chunk,16,16
3132,199333,203250,16,0,0,layered_block,circular,per_chunk,16,16
3133,204375,208167,16,0,0,layered_block,circular,per_chunk,16,16
3134,204292,208166,16,0,0,layered_block,circular,per_chunk,16,16
3135,199667,203584,16,0,0,layered_block,circular,per_chunk,16,16
3136,205791,209625,16,0,0,layered_block,circular,per_chunk,16,16
3137,204166,208083,16,0,0,layered_block,circular,per_chunk,16,16
3138,199333,203167,16,0,0,layered_block,circular,per_chunk,16,16
3139,204125,207958,16,0,0,layered_block,circular,per_chunk,16,16
3140,205791,209709,16,0,0,layered_block,circular,per_chunk,16,16
3141,199458,203334,16,0,0,layered_block,circular,per_chunk,16,16
3142,204209,208041,16,0,0,layered_block,circular,per_chunk,16,16
3143,203917,207750,16,0,0,layered_block,circular,per_chunk,16,16
3144,243917,248333,16,0,0,layered_block,circular,per_chunk,16,16
3145,199458,203416,16,0,0,layered_block,circular,per_chunk,16,16
3146,203792,207625,16,0,0,layered_block,circular,per_chunk,16,16
3147,199625,203459,16,0,0,layered_block,circular,per_chunk,16,16
3148,246125,250167,16,0,0,layered_block,circular,per_chunk,16,16
3149,203750,207625,16,0,0,layered_block,circular,per_chunk,16,16
3150,198958,202917,16,0,0,layered_block,circular,per_chunk,16,16
3151,199458,203458,16,0,0,layered_block,circular,per_chunk,16,16
3152,203833,207667,16,0,0,layered_block,circular,per_chunk,16,16
3153,203709,207541,16,0,0,layered_block,circular,per_chunk,16,16
3154,199375,203292,16,0,0,layered_block,circular,per_chunk,16,16
3155,204250,208042,16,0,0,layered_block,circular,per_chunk,16,16
3156,204375,208209,16,0,0,layered_block,circular,per_chunk,16,16
3157,199375,203250,16,0,0,layered_block,circular,per_chunk,16,16
3158,204458,208334,16,0,0,layered_block,circular,per_chunk,16,16
3159,204250,208125,16,0,0,layered_block,circular,per_chunk,16,16
3160,199375,203291,16,0,0,layered_block,circular,per_chunk,16,16
3161,205042,208916,16,0,0,layered_block,circular,per_chunk,16,16
3162,204250,208125,16,0,0,layered_block,circular,per_chunk,16,16
3163,199459,203292,16,0,0,layered_block,circular,per_chunk,16,16
3164,204208,208042,16,0,0,layered_block,circular,per_chunk,16,16
3165,205667,209542,16,0,0,layered_block,circular,per_chunk,16,16
3166,199167,203000,16,0,0,layered_block,circular,per_chunk,16,16
3167,204375,208208,16,0,0,layered_block,circular,per_chunk,16,16
3168,204458,208292,16,0,0,layered_block,circular,per_chunk,16,16
3169,255167,259458,16,0,0,layered_block,circular,per_chunk,16,16
3170,204375,208208,16,0,0,layered_block,circular,per_chunk,16,16
3171,204125,208000,16,0,0,layered_block,circular,per_chunk,16,16
3172,199500,203458,16,0,0,layered_block,circular,per_chunk,16,16
3173,259875,264166,16,0,0,layered_block,circular,per_chunk,16,16
3174,204209,208083,16,0,0,layered_block,circular,per_chunk,16,16
3175,199125,203125,16,0,0,layered_block,circular,per_chunk,16,16
3176,204333,208167,16,0,0,layered_block,circular,per_chunk,16,16
3177,204167,208042,16,0,0,layered_block,circular,per_chunk,16,16
3178,199167,203167,16,0,0,layered_block,circular,per_chunk,16,16
3179,204417,208291,16,0,0,layered_block,circular,per_chunk,16,16
3180,204333,208208,16,0,0,layered_block,circular,per_chunk,16,16
3181,199292,203166,16,0,0,layered_block,circular,per_chunk,16,16
3182,199542,203625,16,0,0,layered_block,circular,per_chunk,16,16
3183,204083,207959,16,0,0,layered_block,circular,per_chunk,16,16
3184,199666,203542,16,0,0,layered_block,circular,per_chunk,16,16
3185,204292,208166,16,0,0,layered_block,circular,per_chunk,16,16
3186,204542,208417,16,0,0,layered_block,circular,per_chunk,16,16
3187,199375,203333,16,0,0,layered_block,circular,per_chunk,16,16
3188,199667,207958,16,0,0,layered_block,circular,per_chunk,16,16
3189,204167,208083,16,0,0,layered_block,circular,per_chunk,16,16
3190,199708,203709,16,0,0,layered_block,circular,per_chunk,16,16
3191,199917,203875,16,0,0,layered_block,circular,per_chunk,16,16
3192,203958,207792,16,0,0,layered_block,circular,per_chunk,16,16
3193,199209,203167,16,0,0,layered_block,circular,per_chunk,16,16
3194,200583,204584,16,0,0,layered_block,circular,per_chunk,16,16
3195,204333,208208,16,0,0,layered_block,circular,per_chunk,16,16
3196,204166,208000,16,0,0,layered_block,circular,per_chunk,16,16
3197,199334,203375,16,0,0,layered_block,circular,per_chunk,16,16
3198,249416,253750,16,0,0,layered_block,circular,per_chunk,16,16
3199,204500,208375,16,0,0,layered_block,circular,per_chunk,16,16
3200,199458,203417,16,0,0,layered_block,circular,per_chunk,16,16
3201,203916,207750,16,0,0,layered_block,circular,per_chunk,16,16
3202,199250,203250,16,0,0,layered_block,circular,per_chunk,16,16
3203,199291,203291,16,0,0,layered_block,circular,per_chunk,16,16
3204,204209,208083,16,0,0,layered_block,circular,per_chunk,16,16
3205,199083,203083,16,0,0,layered_block,circular,per_chunk,16,16
3206,199333,203333,16,0,0,layered_block,circular,per_chunk,16,16
3207,204375,208208,16,0,0,layered_block,circular,per_chunk,16,16
3208,204333,208250,16,0,0,layered_block,circular,per_chunk,16,16
3209,199125,203083,16,0,0,layered_block,circular,per_chunk,16,16
3210,204250,208125,16,0,0,layered_block,circular,per_chunk,16,16
3211,204291,208209,16,0,0,layered_block,circular,per_chunk,16,16
3212,199625,203500,16,0,0,layered_block,circular,per_chunk,16,16
3213,204375,208292,16,0,0,layered_block,circular,per_chunk,16,16
3214,204250,208167,16,0,0,layered_block,circular,per_chunk,16,16
3215,198959,202916,16,0,0,layered_block,circular,per_chunk,16,16
3216,199459,203291,16,0,0,layered_block,circular,per_chunk,16,16
3217,204292,208125,16,0,0,layered_block,circular,per_chunk,16,16
3218,199667,203541,16,0,0,layered_block,circular,per_chunk,16,16
3219,200292,204208,16,0,0,layered_block,circular,per_chunk,16,16
3220,204042,207958,16,0,0,layered_block,circular,per_chunk,16,16
3221,199167,203125,16,0,0,layered_block,circular,per_chunk,16,16
3222,203958,207792,16,0,0,layered_block,circular,per_chunk,16,16
3223,251667,255792,16,0,0,layered_block,circular,per_chunk,16,16
3224,199167,203167,16,0,0,layered_block,circular,per_chunk,16,16
3225,199958,203958,16,0,0,layered_block,circular,per_chunk,16,16
3226,204333,208167,16,0,0,layered_block,circular,per_chunk,16,16
3227,267250,271375,16,0,0,layered_block,circular,per_chunk,16,16
3228,199250,203208,16,0,0,layered_block,circular,per_chunk,16,16
3229,199292,203208,16,0,0,layered_block,circular,per_chunk,16,16
3230,204250,208166,16,0,0,layered_block,circular,per_chunk,16,16
3231,199084,203042,16,0,0,layered_block,circular,per_chunk,16,16
3232,204542,208458,16,0,0,layered_block,circular,per_chunk,16,16
3233,204209,208083,16,0,0,layered_block,circular,per_chunk,16,16
3234,199125,203042,16,0,0,layered_block,circular,per_chunk,16,16
3235,204375,208250,16,0,0,layered_block,circular,per_chunk,16,16
3236,204250,208083,16,0,0,layered_block,circular,per_chunk,16,16
3237,198958,202917,16,0,0,layered_block,circular,per_chunk,16,16
3238,204167,208000,16,0,0,layered_block,circular,per_chunk,16,16
3239,204209,208041,16,0,0,layered_block,circular,per_chunk,16,16
3240,199875,203792,16,0,0,layered_block,circular,per_chunk,16,16
3241,200000,204000,16,0,0,layered_block,circular,per_chunk,16,16
3242,204375,208250,16,0,0,layered_block,circular,per_chunk,16,16
3243,199542,203458,16,0,0,layered_block,circular,per_chunk,16,16
3244,201000,204917,16,0,0,layered_block,circular,per_chunk,16,16
3245,204875,208791,16,0,0,layered_block,circular,per_chunk,16,16
3246,204875,208791,16,0,0,layered_block,circular,per_chunk,16,16
3247,199958,204000,16,0,0,layered_block,circular,per_chunk,16,16
3248,199375,203291,16,0,0,layered_block,circular,per_chunk,16,16
3249,204166,207958,16,0,0,layered_block,circular,per_chunk,16,16
3250,204333,208208,16,0,0,layered_block,circular,per_chunk,16,16
3251,200625,204542,16,0,0,layered_block,circular,per_chunk,16,16
3252,204084,207958,16,0,0,layered_block,circular,per_chunk,16,16
3253,204667,208500,16,0,0,layered_block,circular,per_chunk,16,16
3254,199875,203708,16,0,0,layered_block,circular,per_chunk,16,16
3255,255625,259792,16,0,0,layered_block,circular,per_chunk,16,16
3256,204250,208125,16,0,0,layered_block,circular,per_chunk,16,16
3257,199375,203291,16,0,0,layered_block,circular,per_chunk,16,16
3258,199167,203125,16,0,0,layered_block,circular,per_chunk,16,16
3259,252250,256416,16,0,0,layered_block,circular,per_chunk,16,16
3260,204209,208042,16,0,0,layered_block,circular,per_chunk,16,16
3261,199375,203333,16,0,0,layered_block,circular,per_chunk,16,16
3262,204125,208042,16,0,0,layered_block,circular,per_chunk,16,16
3263,199375,203333,16,0,0,layered_block,circular,per_chunk,16,16
3264,199500,203458,16,0,0,layered_block,circular,per_chunk,16,16
3265,204375,208208,16,0,0,layered_block,circular,per_chunk,16,16
3266,199000,203000,16,0,0,layered_block,circular,per_chunk,16,16
3267,204333,208167,16,0,0,layered_block,circular,per_chunk,16,16
3268,204333,208209,16,0,0,layered_block,circular,per_chunk,16,16
3269,199209,203166,16,0,0,layered_block,circular,per_chunk,16,16
3270,204042,208000,16,0,0,layered_block,circular,per_chunk,16,16
3271,199000,203000,16,0,0,layered_block,circular,per_chunk,16,16
3272,199458,203417,16,0,0,layered_block,circular,per_chunk,16,16
3273,203959,207833,16,0,0,layered_block,circular,per_chunk,16,16
3274,199458,203459,16,0,0,layered_block,circular,per_chunk,16,16
3275,204250,208125,16,0,0,layered_block,circular,per_chunk,16,16
3276,247833,251834,16,0,0,layered_block,circular,per_chunk,16,16
3277,199417,203375,16,0,0,layered_block,circular,per_chunk,16,16
3278,204000,207917,16,0,0,layered_block,circular,per_chunk,16,16
3279,199042,203000,16,0,0,layered_block,circular,per_chunk,16,16
3280,199250,203167,16,0,0,layered_block,circular,per_chunk,16,16
3281,204333,208208,16,0,0,layered_block,circular,per_chunk,16,16
3282,204291,208250,16,0,0,layered_block,circular,per_chunk,16,16
3283,199416,203333,16,0,0,layered_block,circular,per_chunk,16,16
3284,203875,207708,16,0,0,layered_block,circular,per_chunk,16,16
3285,204375,208250,16,0,0,layered_block,circular,per_chunk,16,16
3286,199125,203125,16,0,0,layered_block,circular,per_chunk,16,16
3287,204125,208000,16,0,0,layered_block,circular,per_chunk,16,16
3288,204208,208042,16,0,0,layered_block,circular,per_chunk,16,16
3289,199292,203209,16,0,0,layered_block,circular,per_chunk,16,16
3290,199541,203750,16,0,0,layered_block,circular,per_chunk,16,16
3291,203958,207792,16,0,0,layered_block,circular,per_chunk,16,16
3292,199125,203042,16,0,0,layered_block,circular,per_chunk,16,16
3293,199584,203417,16,0,0,layered_block,circular,per_chunk,16,16
3294,204292,208084,16,0,0,layered_block,circular,per_chunk,16,16
3295,204166,208000,16,0,0,layered_block,circular,per_chunk,16,16
3296,199667,203500,16,0,0,layered_block,circular,per_chunk,16,16
3297,206666,210500,16,0,0,layered_block,circular,per_chunk,16,16
3298,204083,207875,16,0,0,layered_block,circular,per_chunk,16,16
3299,199458,203334,16,0,0,layered_block,circular,per_chunk,16,16
3300,204417,208250,16,0,0,layered_block,circular,per_chunk,16,16
3301,206375,210250,16,0,0,layered_block,circular,per_chunk,16,16
3302,199416,203292,16,0,0,layered_block,circular,per_chunk,16,16
3303,203958,207792,16,0,0,layered_block,circular,per_chunk,16,16
3304,204584,208375,16,0,0,layered_block,circular,per_chunk,16,16
3305,244750,249083,16,0,0,layered_block,circular,per_chunk,16,16
3306,204708,208584,16,0,0,layered_block,circular,per_chunk,16,16
3307,204042,207875,16,0,0,layered_block,circular,per_chunk,16,16
3308,199375,203333,16,0,0,layered_block,circular,per_chunk,16,16
3309,204042,207875,16,0,0,layered_block,circular,per_chunk,16,16
3310,199167,207333,16,0,0,layered_block,circular,per_chunk,16,16
3311,199250,203292,16,0,0,layered_block,circular,per_chunk,16,16
3312,204250,208125,16,0,0,layered_block,circular,per_chunk,16,16
3313,199459,203417,16,0,0,layered_block,circular,per_chunk,16,16
3314,204875,208750,16,0,0,layered_block,circular,per_chunk,16,16
3315,199292,203250,16,0,0,layered_block,circular,per_chunk,16,16
3316,204208,208083,16,0,0,layered_block,circular,per_chunk,16,16
3317,204417,208250,16,0,0,layered_block,circular,per_chunk,16,16
3318,200209,204166,16,0,0,layered_block,circular,per_chunk,16,16
3319,204333,208125,16,0,0,layered_block,circular,per_chunk,16,16
3320,199125,203084,16,0,0,layered_block,circular,per_chunk,16,16
3321,204292,208167,16,0,0,layered_block,circular,per_chunk,16,16
3322,204208,208125,16,0,0,layered_block,circular,per_chunk,16,16
3323,199209,203083,16,0,0,layered_block,circular,per_chunk,16,16
3324,204666,208542,16,0,0,layered_block,circular,per_chunk,16,16
3325,204167,207958,16,0,0,layered_block,circular,per_chunk,16,16
3326,199500,203417,16,0,0,layered_block,circular,per_chunk,16,16
3327,204917,208791,16,0,0,layered_block,circular,per_chunk,16,16
3328,204250,208083,16,0,0,layered_block,circular,per_chunk,16,16
3329,199542,203416,16,0,0,layered_block,circular,per_chunk,16,16
3330,204584,208416,16,0,0,layered_block,circular,per_chunk,16,16
3331,204458,208334,16,0,0,layered_block,circular,per_chunk,16,16
3332,199125,203000,16,0,0,layered_block,circular,per_chunk,16,16
3333,199625,203584,16,0,0,layered_block,circular,per_chunk,16,16
3334,204042,207833,16,0,0,layered_block,circular,per_chunk,16,16
3335,204417,208292,16,0,0,layered_block,circular,per_chunk,16,16
3336,199792,203666,16,0,0,layered_block,circular,per_chunk,16,16
3337,204125,207958,16,0,0,layered_block,circular,per_chunk,16,16
3338,199208,203083,16,0,0,layered_block,circular,per_chunk,16,16
3339,199916,203833,16,0,0,layered_block,circular,per_chunk,16,16
3340,204250,208084,16,0,0,layered_block,circular,per_chunk,16,16
3341,204208,208000,16,0,0,layered_block,circular,per_chunk,16,16
3342,199709,203541,16,0,0,layered_block,circular,per_chunk,16,16
3343,206458,210333,16,0,0,layered_block,circular,per_chunk,16,16
3344,204041,207917,16,0,0,layered_block,circular,per_chunk,16,16
3345,203250,207166,16,0,0,layered_block,circular,per_chunk,16,16
3346,199417,203333,16,0,0,layered_block,circular,per_chunk,16,16
3347,249958,254083,16,0,0,layered_block,circular,per_chunk,16,16
3348,204375,208250,16,0,0,layered_block,circular,per_chunk,16,16
3349,199250,203208,16,0,0,layered_block,circular,per_chunk,16,16
3350,204334,208166,16,0,0,layered_block,circular,per_chunk,16,16
3351,199292,203125,16,0,0,layered_block,circular,per_chunk,16,16
3352,204208,208042,16,0,0,layered_block,circular,per_chunk,16,16
3353,204416,208250,16,0,0,layered_block,circular,per_chunk,16,16
3354,199500,203417,16,0,0,layered_block,circular,per_chunk,16,16
3355,203875,207667,16,0,0,layered_block,circular,per_chunk,16,16
3356,205000,208917,16,0,0,layered_block,circular,per_chunk,16,16
3357,199375,203375,16,0,0,layered_block,circular,per_chunk,16,16
3358,203875,207709,16,0,0,layered_block,circular,per_chunk,16,16
3359,199458,203292,16,0,0,layered_block,circular,per_chunk,16,16
3360,205708,209500,16,0,0,layered_block,circular,per_chunk,16,16
3361,203791,207583,16,0,0,layered_block,circular,per_chunk,16,16
3362,199209,203208,16,0,0,layered_block,circular,per_chunk,16,16
3363,204667,208542,16,0,0,layered_block,circular,per_chunk,16,16
3364,206542,210416,16,0,0,layered_block,circular,per_chunk,16,16
3365,204583,208375,16,0,0,layered_block,circular,per_chunk,16,16
3366,199416,203291,16,0,0,layered_block,circular,per_chunk,16,16
3367,203958,207833,16,0,0,layered_block,circular,per_chunk,16,16
3368,252667,256875,16,0,0,layered_block,circular,per_chunk,16,16
3369,199542,203459,16,0,0,layered_block,circular,per_chunk,16,16
3370,203959,207791,16,0,0,layered_block,circular,per_chunk,16,16
3371,199417,203292,16,0,0,layered_block,circular,per_chunk,16,16
3372,204084,208000,16,0,0,layered_block,circular,per_chunk,16,16
3373,204208,208084,16,0,0,layered_block,circular,per_chunk,16,16
3374,199542,203417,16,0,0,layered_block,circular,per_chunk,16,16
3375,204333,208167,16,0,0,layered_block,circular,per_chunk,16,16
3376,199042,203041,16,0,0,layered_block,circular,per_chunk,16,16
3377,199500,203459,16,0,0,layered_block,circular,per_chunk,16,16
3378,204250,208125,16,0,0,layered_block,circular,per_chunk,16,16
3379,199125,203125,16,0,0,layered_block,circular,per_chunk,16,16
3380,204125,208000,16,0,0,layered_block,circular,per_chunk,16,16
3381,205250,209083,16,0,0,layered_block,circular,per_chunk,16,16
3382,199167,203125,16,0,0,layered_block,circular,per_chunk,16,16
3383,204709,208583,16,0,0,layered_block,circular,per_chunk,16,16
3384,204500,208459,16,0,0,layered_block,circular,per_chunk,16,16
3385,200500,204375,16,0,0,layered_block,circular,per_chunk,16,16
3386,204208,208083,16,0,0,layered_block,circular,per_chunk,16,16
3387,204084,208000,16,0,0,layered_block,circular,per_chunk,16,16
3388,199291,203167,16,0,0,layered_block,circular,per_chunk,16,16
3389,250542,254625,16,0,0,layered_block,circular,per_chunk,16,16
3390,204125,208000,16,0,0,layered_block,circular,per_chunk,16,16
3391,199542,203500,16,0,0,layered_block,circular,per_chunk,16,16
3392,199458,203416,16,0,0,layered_block,circular,per_chunk,16,16
3393,204209,208083,16,0,0,layered_block,circular,per_chunk,16,16
3394,205041,208917,16,0,0,layered_block,circular,per_chunk,16,16
3395,199542,203500,16,0,0,layered_block,circular,per_chunk,16,16
3396,204250,208125,16,0,0,layered_block,circular,per_chunk,16,16
3397,199000,207250,16,0,0,layered_block,circular,per_chunk,16,16
3398,199416,203416,16,0,0,layered_block,circular,per_chunk,16,16
3399,204250,208084,16,0,0,layered_block,circular,per_chunk,16,16
3400,204250,208208,16,0,0,layered_block,circular,per_chunk,16,16
3401,199333,203333,16,0,0,layered_block,circular,per_chunk,16,16
3402,204584,208458,16,0,0,layered_block,circular,per_chunk,16,16
3403,204417,208250,16,0,0,layered_block,circular,per_chunk,16,16
3404,199542,203417,16,0,0,layered_block,circular,per_chunk,16,16
3405,204625,208458,16,0,0,layered_block,circular,per_chunk,16,16
3406,204208,208125,16,0,0,layered_block,circular,per_chunk,16,16
3407,199167,203125,16,0,0,layered_block,circular,per_chunk,16,16
3408,199458,203459,16,0,0,layered_block,circular,per_chunk,16,16
3409,203958,207833,16,0,0,layered_block,circular,per_chunk,16,16
3410,204292,208250,16,0,0,layered_block,circular,per_chunk,16,16
3411,199625,203541,16,0,0,layered_block,circular,per_chunk,16,16
3412,204208,208042,16,0,0,layered_block,circular,per_chunk,16,16
3413,199167,203167,16,0,0,layered_block,circular,per_chunk,16,16
3414,200292,204250,16,0,0,layered_block,circular,per_chunk,16,16
3415,204542,208458,16,0,0,layered_block,circular,per_chunk,16,16
3416,204416,208250,16,0,0,layered_block,circular,per_chunk,16,16
3417,199417,203291,16,0,0,layered_block,circular,per_chunk,16,16
3418,249667,254041,16,0,0,layered_block,circular,per_chunk,16,16
3419,204167,208042,16,0,0,layered_block,circular,per_chunk,16,16
3420,199208,203083,16,0,0,layered_block,circular,per_chunk,16,16
3421,204166,208000,16,0,0,layered_block,circular,per_chunk,16,16
3422,204166,248708,16,0,0,layered_block,circular,per_chunk,16,16
3423,198958,202917,16,0,0,layered_block,circular,per_chunk,16,16
3424,199625,203625,16,0,0,layered_block,circular,per_chunk,16,16
3425,204625,208500,16,0,0,layered_block,circular,per_chunk,16,16
3426,199084,203125,16,0,0,layered_block,circular,per_chunk,16,16
3427,199500,203417,16,0,0,layered_block,circular,per_chunk,16,16
3428,204083,208000,16,0,0,layered_block,circular,per_chunk,16,16
3429,204125,208000,16,0,0,layered_block,circular,per_chunk,16,16
3430,199500,203375,16,0,0,layered_block,circular,per_chunk,16,16
3431,203834,207666,16,0,0,layered_block,circular,per_chunk,16,16
3432,203750,207625,16,0,0,layered_block,circular,per_chunk,16,16
3433,199250,203125,16,0,0,layered_block,circular,per_chunk,16,16
3434,204083,207959,16,0,0,layered_block,circular,per_chunk,16,16
3435,204416,208334,16,0,0,layered_block,circular,per_chunk,16,16
3436,198959,202958,16,0,0,layered_block,circular,per_chunk,16,16
3437,199625,203542,16,0,0,layered_block,circular,per_chunk,16,16
3438,203834,207708,16,0,0,layered_block,circular,per_chunk,16,16
3439,203208,207334,16,0,0,layered_block,circular,per_chunk,16,16
3440,204209,208083,16,0,0,layered_block,circular,per_chunk,16,16
3441,252750,257000,16,0,0,layered_block,circular,per_chunk,16,16
3442,199459,203375,16,0,0,layered_block,circular,per_chunk,16,16
3443,204541,208417,16,0,0,layered_block,circular,per_chunk,16,16
3444,203833,207708,16,0,0,layered_block,circular,per_chunk,16,16
3445,199541,203500,16,0,0,layered_block,circular,per_chunk,16,16
3446,204292,208166,16,0,0,layered_block,circular,per_chunk,16,16
3447,204375,208292,16,0,0,layered_block,circular,per_chunk,16,16
3448,199375,203417,16,0,0,layered_block,circular,per_chunk,16,16
3449,204209,208125,16,0,0,layered_block,circular,per_chunk,16,16
3450,199250,203167,16,0,0,layered_block,circular,per_chunk,16,16
3451,203959,207833,16,0,0,layered_block,circular,per_chunk,16,16
3452,204125,208000,16,0,0,layered_block,circular,per_chunk,16,16
3453,199250,203250,16,0,0,layered_block,circular,per_chunk,16,16
3454,205709,209625,16,0,0,layered_block,circular,per_chunk,16,16
3455,204542,208416,16,0,0,layered_block,circular,per_chunk,16,16
3456,199291,203250,16,0,0,layered_block,circular,per_chunk,16,16
3457,204417,208292,16,0,0,layered_block,circular,per_chunk,16,16
3458,250667,254709,16,0,0,layered_block,circular,per_chunk,16,16
3459,199166,203083,16,0,0,layered_block,circular,per_chunk,16,16
3460,204125,208041,16,0,0,layered_block,circular,per_chunk,16,16
3461,199083,203041,16,0,0,layered_block,circular,per_chunk,16,16
3462,199750,203708,16,0,0,layered_block,circular,per_chunk,16,16
3463,204375,208208,16,0,0,layered_block,circular,per_chunk,16,16
3464,199084,203041,16,0,0,layered_block,circular,per_chunk,16,16
3465,204584,208417,16,0,0,layered_block,circular,per_chunk,16,16
3466,204625,208542,16,0,0,layered_block,circular,per_chunk,16,16
3467,204333,208250,16,0,0,layered_block,circular,per_chunk,16,16
3468,199166,203125,16,0,0,layered_block,circular,per_chunk,16,16
3469,204250,208083,16,0,0,layered_block,circular,per_chunk,16,16
3470,199542,203375,16,0,0,layered_block,circular,per_chunk,16,16
3471,199500,203500,16,0,0,layered_block,circular,per_chunk,16,16
3472,203958,207833,16,0,0,layered_block,circular,per_chunk,16,16
3473,199458,203250,16,0,0,layered_block,circular,per_chunk,16,16
3474,204542,208417,16,0,0,layered_block,circular,per_chunk,16,16
3475,205875,209791,16,0,0,layered_block,circular,per_chunk,16,16
3476,199291,203167,16,0,0,layered_block,circular,per_chunk,16,16
3477,204291,208125,16,0,0,layered_block,circular,per_chunk,16,16
3478,199167,203167,16,0,0,layered_block,circular,per_chunk,16,16
3479,249417,253833,16,0,0,layered_block,circular,per_chunk,16,16
3480,204458,208333,16,0,0,layered_block,circular,per_chunk,16,16
3481,204292,208166,16,0,0,layered_block,circular,per_chunk,16,16
3482,199542,203500,16,0,0,layered_block,circular,per_chunk,16,16
3483,204125,207917,16,0,0,layered_block,circular,per_chunk,16,16
3484,199250,203209,16,0,0,layered_block,circular,per_chunk,16,16
3485,204292,208208,16,0,0,layered_block,circular,per_chunk,16,16
3486,204458,208292,16,0,0,layered_block,circular,per_chunk,16,16
3487,199542,203417,16,0,0,layered_block,circular,per_chunk,16,16
3488,204333,208125,16,0,0,layered_block,circular,per_chunk,16,16
3489,204292,208125,16,0,0,layered_block,circular,per_chunk,16,16
3490,199666,203584,16,0,0,layered_block,circular,per_chunk,16,16
3491,203875,207750,16,0,0,layered_block,circular,per_chunk,16,16
3492,204500,208333,16,0,0,layered_block,circular,per_chunk,16,16
3493,199500,203417,16,0,0,layered_block,circular,per_chunk,16,16
3494,204125,207917,16,0,0,layered_block,circular,per_chunk,16,16
3495,198958,207042,16,0,0,layered_block,circular,per_chunk,16,16
3496,199833,203750,16,0,0,layered_block,circular,per_chunk,16,16
3497,204417,208250,16,0,0,layered_block,circular,per_chunk,16,16
3498,204083,207917,16,0,0,layered_block,circular,per_chunk,16,16
3499,199291,203208,16,0,0,layered_block,circular,per_chunk,16,16
3500,260750,264834,16,0,0,layered_block,circular,per_chunk,16,16
3501,204458,208292,16,0,0,layered_block,circular,per_chunk,16,16
3502,199250,203208,16,0,0,layered_block,circular,per_chunk,16,16
3503,204458,208250,16,0,0,layered_block,circular,per_chunk,16,16
3504,250416,254500,16,0,0,layered_block,circular,per_chunk,16,16
3505,199458,203334,16,0,0,layered_block,circular,per_chunk,16,16
3506,204250,208125,16,0,0,layered_block,circular,per_chunk,16,16
3507,204333,208125,16,0,0,layered_block,circular,per_chunk,16,16
3508,199458,203417,16,0,0,layered_block,circular,per_chunk,16,16
3509,199500,203458,16,0,0,layered_block,circular,per_chunk,16,16
3510,204542,208375,16,0,0,layered_block,circular,per_chunk,16,16
3511,199125,203084,16,0,0,layered_block,circular,per_chunk,16,16
3512,204584,208416,16,0,0,layered_block,circular,per_chunk,16,16
3513,204250,208083,16,0,0,layered_block,circular,per_chunk,16,16
3514,203833,207792,16,0,0,layered_block,circular,per_chunk,16,16
3515,199583,203500,16,0,0,layered_block,circular,per_chunk,16,16
3516,204083,207917,16,0,0,layered_block,circular,per_chunk,16,16
3517,204750,208625,16,0,0,layered_block,circular,per_chunk,16,16
3518,199333,203208,16,0,0,layered_block,circular,per_chunk,16,16
3519,204625,208500,16,0,0,layered_block,circular,per_chunk,16,16
3520,199292,203208,16,0,0,layered_block,circular,per_chunk,16,16
3521,199916,203875,16,0,0,layered_block,circular,per_chunk,16,16
3522,204625,208459,16,0,0,layered_block,circular,per_chunk,16,16
3523,204000,207833,16,0,0,layered_block,circular,per_chunk,16,16
3524,199208,203125,16,0,0,layered_block,circular,per_chunk,16,16
3525,206125,210083,16,0,0,layered_block,circular,per_chunk,16,16
3526,204250,208125,16,0,0,layered_block,circular,per_chunk,16,16
3527,199166,203084,16,0,0,layered_block,circular,per_chunk,16,16
3528,204041,207917,16,0,0,layered_block,circular,per_chunk,16,16
3529,253333,257333,16,0,0,layered_block,circular,per_chunk,16,16
3530,199500,203333,16,0,0,layered_block,circular,per_chunk,16,16
3531,204250,208083,16,0,0,layered_block,circular,per_chunk,16,16
3532,199416,203417,16,0,0,layered_block,circular,per_chunk,16,16
3533,199458,203292,16,0,0,layered_block,circular,per_chunk,16,16
3534,204084,207916,16,0,0,layered_block,circular,per_chunk,16,16
3535,199125,203083,16,0,0,layered_block,circular,per_chunk,16,16
3536,199708,203917,16,0,0,layered_block,circular,per_chunk,16,16
3537,204291,208125,16,0,0,layered_block,circular,per_chunk,16,16
3538,204042,207917,16,0,0,layered_block,circular,per_chunk,16,16
3539,199125,203041,16,0,0,layered_block,circular,per_chunk,16,16
3540,203959,207792,16,0,0,layered_block,circular,per_chunk,16,16
3541,199625,203500,16,0,0,layered_block,circular,per_chunk,16,16
3542,199458,203333,16,0,0,layered_block,circular,per_chunk,16,16
3543,204375,208208,16,0,0,layered_block,circular,per_chunk,16,16
3544,199250,203167,16,0,0,layered_block,circular,per_chunk,16,16
3545,199584,203542,16,0,0,layered_block,circular,per_chunk,16,16
3546,205791,209667,16,0,0,layered_block,circular,per_chunk,16,16
3547,203667,207541,16,0,0,layered_block,circular,per_chunk,16,16
3548,199375,203292,16,0,0,layered_block,circular,per_chunk,16,16
3549,203666,207500,16,0,0,layered_block,circular,per_chunk,16,16
3550,252583,256625,16,0,0,layered_block,circular,per_chunk,16,16
3551,199333,203292,16,0,0,layered_block,circular,per_chunk,16,16
3552,203959,207791,16,0,0,layered_block,circular,per_chunk,16,16
3553,199208,203083,16,0,0,layered_block,circular,per_chunk,16,16
3554,241333,245459,16,0,0,layered_block,circular,per_chunk,16,16
3555,204208,208042,16,0,0,layered_block,circular,per_chunk,16,16
3556,204500,208334,16,0,0,layered_block,circular,per_chunk,16,16
3557,199584,203458,16,0,0,layered_block,circular,per_chunk,16,16
3558,204125,207959,16,0,0,layered_block,circular,per_chunk,16,16
3559,204334,208208,16,0,0,layered_block,circular,per_chunk,16,16
3560,199583,203417,16,0,0,layered_block,circular,per_chunk,16,16
3561,204500,208333,16,0,0,layered_block,circular,per_chunk,16,16
3562,204250,208083,16,0,0,layered_block,circular,per_chunk,16,16
3563,199667,203583,16,0,0,layered_block,circular,per_chunk,16,16
3564,204042,207916,16,0,0,layered_block,circular,per_chunk,16,16
3565,204666,208500,16,0,0,layered_block,circular,per_chunk,16,16
3566,199750,203708,16,0,0,layered_block,circular,per_chunk,16,16
3567,200084,208875,16,0,0,layered_block,circular,per_chunk,16,16
3568,204041,207875,16,0,0,layered_block,circular,per_chunk,16,16
3569,199583,203500,16,0,0,layered_block,circular,per_chunk,16,16
3570,204084,207958,16,0,0,layered_block,circular,per_chunk,16,16
3571,206042,209917,16,0,0,layered_block,circular,per_chunk,16,16
3572,199084,203041,16,0,0,layered_block,circular,per_chunk,16,16
3573,199167,203125,16,0,0,layered_block,circular,per_chunk,16,16
3574,203833,207708,16,0,0,layered_block,circular,per_chunk,16,16
3575,200250,209250,16,0,0,layered_block,circular,per_chunk,16,16
3576,199833,203833,16,0,0,layered_block,circular,per_chunk,16,16
3577,204042,207875,16,0,0,layered_block,circular,per_chunk,16,16
3578,199459,203416,16,0,0,layered_block,circular,per_chunk,16,16
3579,248458,252875,16,0,0,layered_block,circular,per_chunk,16,16
3580,204292,208208,16,0,0,layered_block,circular,per_chunk,16,16
3581,204500,208375,16,0,0,layered_block,circular,per_chunk,16,16
3582,199334,203334,16,0,0,layered_block,circular,per_chunk,16,16
3583,246792,251125,16,0,0,layered_block,circular,per_chunk,16,16
3584,204875,208750,16,0,0,layered_block,circular,per_chunk,16,16
3585,199209,203083,16,0,0,layered_block,circular,per_chunk,16,16
3586,204417,208333,16,0,0,layered_block,circular,per_chunk,16,16
3587,199167,203084,16,0,0,layered_block,circular,per_chunk,16,16
3588,199375,203292,16,0,0,layered_block,circular,per_chunk,16,16
3589,204333,208250,16,0,0,layered_block,circular,per_chunk,16,16
3590,203917,207791,16,0,0,layered_block,circular,per_chunk,16,16
3591,199166,203166,16,0,0,layered_block,circular,per_chunk,16,16
3592,204833,208750,16,0,0,layered_block,circular,per_chunk,16,16
3593,203583,207417,16,0,0,layered_block,circular,per_chunk,16,16
3594,199125,203042,16,0,0,layered_block,circular,per_chunk,16,16
3595,204084,207875,16,0,0,layered_block,circular,per_chunk,16,16
3596,204958,208875,16,0,0,layered_block,circular,per_chunk,16,16
3597,199250,203208,16,0,0,layered_block,circular,per_chunk,16,16
3598,199458,203375,16,0,0,layered_block,circular,per_chunk,16,16
3599,204042,207833,16,0,0,layered_block,circular,per_chunk,16,16
3600,199584,203542,16,0,0,layered_block,circular,per_chunk,16,16
3601,199625,203500,16,0,0,layered_block,circular,per_chunk,16,16
3602,204125,208000,16,0,0,layered_block,circular,per_chunk,16,16
3603,199292,203209,16,0,0,layered_block,circular,per_chunk,16,16
3604,203167,249167,16,0,0,layered_block,circular,per_chunk,16,16
3605,204166,208042,16,0,0,layered_block,circular,per_chunk,16,16
3606,204250,208208,16,0,0,layered_block,circular,per_chunk,16,16
3607,199625,203541,16,0,0,layered_block,circular,per_chunk,16,16
3608,247625,251708,16,0,0,layered_block,circular,per_chunk,16,16
3609,204208,208042,16,0,0,layered_block,circular,per_chunk,16,16
3610,199250,203083,16,0,0,layered_block,circular,per_chunk,16,16
3611,204208,208000,16,0,0,layered_block,circular,per_chunk,16,16
3612,199250,203209,16,0,0,layered_block,circular,per_chunk,16,16
3613,199417,203291,16,0,0,layered_block,circular,per_chunk,16,16
3614,204209,208125,16,0,0,layered_block,circular,per_chunk,16,16
3615,204166,207958,16,0,0,layered_block,circular,per_chunk,16,16
3616,199500,203458,16,0,0,layered_block,circular,per_chunk,16,16
3617,204417,208292,16,0,0,layered_block,circular,per_chunk,16,16
3618,204542,208416,16,0,0,layered_block,circular,per_chunk,16,16
3619,199500,203333,16,0,0,layered_block,circular,per_chunk,16,16
3620,204291,208125,16,0,0,layered_block,circular,per_chunk,16,16
3621,204500,208334,16,0,0,layered_block,circular,per_chunk,16,16
3622,199625,203500,16,0,0,layered_block,circular,per_chunk,16,16
3623,199458,203584,16,0,0,layered_block,circular,per_chunk,16,16
3624,203875,207750,16,0,0,layered_block,circular,per_chunk,16,16
3625,199416,203500,16,0,0,layered_block,circular,per_chunk,16,16
3626,204500,208333,16,0,0,layered_block,circular,per_chunk,16,16
3627,204083,207917,16,0,0,layered_block,circular,per_chunk,16,16
3628,199500,203416,16,0,0,layered_block,circular,per_chunk,16,16
3629,201167,205292,16,0,0,layered_block,circular,per_chunk,16,16
3630,204375,208250,16,0,0,layered_block,circular,per_chunk,16,16
3631,199416,203292,16,0,0,layered_block,circular,per_chunk,16,16
3632,204375,208208,16,0,0,layered_block,circular,per_chunk,16,16
3633,248708,252792,16,0,0,layered_block,circular,per_chunk,16,16
3634,199459,203333,16,0,0,layered_block,circular,per_chunk,16,16
3635,200709,204667,16,0,0,layered_block,circular,per_chunk,16,16
3636,199416,203375,16,0,0,layered_block,circular,per_chunk,16,16
3637,199459,203333,16,0,0,layered_block,circular,per_chunk,16,16
3638,204292,208083,16,0,0,layered_block,circular,per_chunk,16,16
3639,203875,207750,16,0,0,layered_block,circular,per_chunk,16,16
3640,199208,203167,16,0,0,layered_block,circular,per_chunk,16,16
3641,199167,203167,16,0,0,layered_block,circular,per_chunk,16,16
3642,204042,207917,16,0,0,layered_block,circular,per_chunk,16,16
3643,204666,208542,16,0,0,layered_block,circular,per_chunk,16,16
3644,199792,203792,16,0,0,layered_block,circular,per_chunk,16,16
3645,204000,207875,16,0,0,layered_block,circular,per_chunk,16,16
3646,203916,207833,16,0,0,layered_block,circular,per_chunk,16,16
3647,204833,208709,16,0,0,layered_block,circular,per_chunk,16,16
3648,199708,203667,16,0,0,layered_block,circular,per_chunk,16,16
3649,204667,208500,16,0,0,layered_block,circular,per_chunk,16,16
3650,199208,203125,16,0,0,layered_block,circular,per_chunk,16,16
3651,200083,204000,16,0,0,layered_block,circular,per_chunk,16,16
3652,204458,208334,16,0,0,layered_block,circular,per_chunk,16,16
3653,204291,208167,16,0,0,layered_block,circular,per_chunk,16,16
3654,202333,206208,16,0,0,layered_block,circular,per_chunk,16,16
3655,200458,204334,16,0,0,layered_block,circular,per_chunk,16,16
3656,204292,208166,16,0,0,layered_block,circular,per_chunk,16,16
3657,204250,208125,16,0,0,layered_block,circular,per_chunk,16,16
3658,199458,203458,16,0,0,layered_block,circular,per_chunk,16,16
3659,247334,251708,16,0,0,layered_block,circular,per_chunk,16,16
3660,204250,208166,16,0,0,layered_block,circular,per_chunk,16,16
3661,199417,203417,16,0,0,layered_block,circular,per_chunk,16,16
3662,204000,207833,16,0,0,layered_block,circular,per_chunk,16,16
3663,199458,203292,16,0,0,layered_block,circular,per_chunk,16,16
3664,205500,209334,16,0,0,layered_block,circular,per_chunk,16,16
3665,211958,215958,16,0,0,layered_block,circular,per_chunk,16,16
3666,199542,203500,16,0,0,layered_block,circular,per_chunk,16,16
3667,252833,257042,16,0,0,layered_block,circular,per_chunk,16,16
3668,207625,211541,16,0,0,layered_block,circular,per_chunk,16,16
3669,218750,222584,16,0,0,layered_block,circular,per_chunk,16,16
3670,201875,205792,16,0,0,layered_block,circular,per_chunk,16,16
3671,205500,209417,16,0,0,layered_block,circular,per_chunk,16,16
3672,219500,223333,16,0,0,layered_block,circular,per_chunk,16,16
3673,212792,216750,16,0,0,layered_block,circular,per_chunk,16,16
3674,219500,223459,16,0,0,layered_block,circular,per_chunk,16,16
3675,210416,214250,16,0,0,layered_block,circular,per_chunk,16,16
3676,201875,205750,16,0,0,layered_block,circular,per_chunk,16,16
3677,219042,222916,16,0,0,layered_block,circular,per_chunk,16,16
3678,220541,224417,16,0,0,layered_block,circular,per_chunk,16,16
3679,222042,225916,16,0,0,layered_block,circular,per_chunk,16,16
3680,254459,258416,16,0,0,layered_block,circular,per_chunk,16,16
3681,216708,220542,16,0,0,layered_block,circular,per_chunk,16,16
3682,218208,222000,16,0,0,layered_block,circular,per_chunk,16,16
3683,276792,280834,16,0,0,layered_block,circular,per_chunk,16,16
3684,227833,231750,16,0,0,layered_block,circular,per_chunk,16,16
3685,226750,230583,16,0,0,layered_block,circular,per_chunk,16,16
3686,229708,233584,16,0,0,layered_block,circular,per_chunk,16,16
3687,220250,224125,16,0,0,layered_block,circular,per_chunk,16,16
3688,214000,217917,16,0,0,layered_block,circular,per_chunk,16,16
3689,215125,218958,16,0,0,layered_block,circular,per_chunk,16,16
3690,225292,229125,16,0,0,layered_block,circular,per_chunk,16,16
3691,267708,271792,16,0,0,layered_block,circular,per_chunk,16,16
3692,226334,230166,16,0,0,layered_block,circular,per_chunk,16,16
3693,224833,228708,16,0,0,layered_block,circular,per_chunk,16,16
3694,230584,234500,16,0,0,layered_block,circular,per_chunk,16,16
3695,225166,229125,16,0,0,layered_block,circular,per_chunk,16,16
3696,275000,279375,16,0,0,layered_block,circular,per_chunk,16,16
3697,223250,227125,16,0,0,layered_block,circular,per_chunk,16,16
3698,229542,233375,16,0,0,layered_block,circular,per_chunk,16,16
3699,222750,226709,16,0,0,layered_block,circular,per_chunk,16,16
3700,233333,237250,16,0,0,layered_block,circular,per_chunk,16,16
3701,269792,274250,16,0,0,layered_block,circular,per_chunk,16,16
3702,218292,222125,16,0,0,layered_block,circular,per_chunk,16,16
3703,228083,231917,16,0,0,layered_block,circular,per_chunk,16,16
3704,228959,232833,16,0,0,layered_block,circular,per_chunk,16,16
3705,231459,235291,16,0,0,layered_block,circular,per_chunk,16,16
3706,223833,227625,16,0,0,layered_block,circular,per_chunk,16,16
3707,224917,228750,16,0,0,layered_block,circular,per_chunk,16,16
3708,222167,226042,16,0,0,layered_block,circular,per_chunk,16,16
3709,219500,223417,16,0,0,layered_block,circular,per_chunk,16,16
3710,229583,233416,16,0,0,layered_block,circular,per_chunk,16,16
3711,226375,230334,16,0,0,layered_block,circular,per_chunk,16,16
3712,229083,233000,16,0,0,layered_block,circular,per_chunk,16,16
3713,227709,236166,16,0,0,layered_block,circular,per_chunk,16,16
3714,227167,231083,16,0,0,layered_block,circular,per_chunk,16,16
3715,233792,237667,16,0,0,layered_block,circular,per_chunk,16,16
3716,220167,224083,16,0,0,layered_block,circular,per_chunk,16,16
3717,221584,225458,16,0,0,layered_block,circular,per_chunk,16,16
3718,235208,239083,16,0,0,layered_block,circular,per_chunk,16,16
3719,235333,239250,16,0,0,layered_block,circular,per_chunk,16,16
3720,247542,251459,16,0,0,layered_block,circular,per_chunk,16,16
3721,259791,263667,16,0,0,layered_block,circular,per_chunk,16,16
3722,252083,255917,16,0,0,layered_block,circular,per_chunk,16,16
3723,260500,264334,16,0,0,layered_block,circular,per_chunk,16,16
3724,248167,252000,16,0,0,layered_block,circular,per_chunk,16,16
3725,239125,247125,16,0,0,layered_block,circular,per_chunk,16,16
3726,239875,243750,16,0,0,layered_block,circular,per_chunk,16,16
3727,240709,244583,16,0,0,layered_block,circular,per_chunk,16,16
3728,238459,242291,16,0,0,layered_block,circular,per_chunk,16,16
3729,239375,247333,16,0,0,layered_block,circular,per_chunk,16,16
3730,251000,254833,16,0,0,layered_block,circular,per_chunk,16,16
3731,256625,260459,16,0,0,layered_block,circular,per_chunk,16,16
3732,309666,313917,16,0,0,layered_block,circular,per_chunk,16,16
3733,259167,263000,16,0,0,layered_block,circular,per_chunk,16,16
3734,253375,257209,16,0,0,layered_block,circular,per_chunk,16,16
3735,249708,253584,16,0,0,layered_block,circular,per_chunk,16,16
3736,241459,245333,16,0,0,layered_block,circular,per_chunk,16,16
3737,239292,243125,16,0,0,layered_block,circular,per_chunk,16,16
3738,240750,244625,16,0,0,layered_block,circular,per_chunk,16,16
3739,238250,242084,16,0,0,layered_block,circular,per_chunk,16,16
3740,238667,242500,16,0,0,layered_block,circular,per_chunk,16,16
3741,251041,254833,16,0,0,layered_block,circular,per_chunk,16,16
3742,258667,262500,16,0,0,layered_block,circular,per_chunk,16,16
3743,261500,265334,16,0,0,layered_block,circular,per_chunk,16,16
3744,256791,260625,16,0,0,layered_block,circular,per_chunk,16,16
3745,303500,307625,16,0,0,layered_block,circular,per_chunk,16,16
3746,247708,251542,16,0,0,layered_block,circular,per_chunk,16,16
3747,237958,241875,16,0,0,layered_block,circular,per_chunk,16,16
3748,244750,248625,16,0,0,layered_block,circular,per_chunk,16,16
3749,249375,253292,16,0,0,layered_block,circular,per_chunk,16,16
3750,243458,247333,16,0,0,layered_block,circular,per_chunk,16,16
3751,250125,254041,16,0,0,layered_block,circular,per_chunk,16,16
3752,242917,246833,16,0,0,layered_block,circular,per_chunk,16,16
3753,246917,250792,16,0,0,layered_block,circular,per_chunk,16,16
3754,257750,261667,16,0,0,layered_block,circular,per_chunk,16,16
3755,263458,267375,16,0,0,layered_block,circular,per_chunk,16,16
3756,260792,264666,16,0,0,layered_block,circular,per_chunk,16,16
3757,253333,257209,16,0,0,layered_block,circular,per_chunk,16,16
3758,280750,284833,16,0,0,layered_block,circular,per_chunk,16,16
3759,242000,245833,16,0,0,layered_block,circular,per_chunk,16,16
3760,245125,249000,16,0,0,layered_block,circular,per_chunk,16,16
3761,244500,248375,16,0,0,layered_block,circular,per_chunk,16,16
3762,235125,239042,16,0,0,layered_block,circular,per_chunk,16,16
3763,239750,243625,16,0,0,layered_block,circular,per_chunk,16,16
3764,243959,247875,16,0,0,layered_block,circular,per_chunk,16,16
3765,247833,251791,16,0,0,layered_block,circular,per_chunk,16,16
3766,303917,307959,16,0,0,layered_block,circular,per_chunk,16,16
3767,261875,265750,16,0,0,layered_block,circular,per_chunk,16,16
3768,252458,256500,16,0,0,layered_block,circular,per_chunk,16,16
3769,246292,250166,16,0,0,layered_block,circular,per_chunk,16,16
3770,239500,243375,16,0,0,layered_block,circular,per_chunk,16,16
3771,239625,243584,16,0,0,layered_block,circular,per_chunk,16,16
3772,244125,247958,16,0,0,layered_block,circular,per_chunk,16,16
3773,238041,241916,16,0,0,layered_block,circular,per_chunk,16,16
3774,230084,234000,16,0,0,layered_block,circular,per_chunk,16,16
3775,249625,253500,16,0,0,layered_block,circular,per_chunk,16,16
3776,245083,248917,16,0,0,layered_block,circular,per_chunk,16,16
3777,258958,262875,16,0,0,layered_block,circular,per_chunk,16,16
3778,255792,259792,16,0,0,layered_block,circular,per_chunk,16,16
3779,303459,307791,16,0,0,layered_block,circular,per_chunk,16,16
3780,254833,258708,16,0,0,layered_block,circular,per_chunk,16,16
3781,249125,252958,16,0,0,layered_block,circular,per_chunk,16,16
3782,239083,242959,16,0,0,layered_block,circular,per_chunk,16,16
3783,239792,243708,16,0,0,layered_block,circular,per_chunk,16,16
3784,245292,249208,16,0,0,layered_block,circular,per_chunk,16,16
3785,238834,247000,16,0,0,layered_block,circular,per_chunk,16,16
3786,244750,248625,16,0,0,layered_block,circular,per_chunk,16,16
3787,245334,249250,16,0,0,layered_block,circular,per_chunk,16,16
3788,256667,260500,16,0,0,layered_block,circular,per_chunk,16,16
3789,258416,262292,16,0,0,layered_block,circular,per_chunk,16,16
3790,261834,265708,16,0,0,layered_block,circular,per_chunk,16,16
3791,255042,259042,16,0,0,layered_block,circular,per_chunk,16,16
3792,305375,309458,16,0,0,layered_block,circular,per_chunk,16,16
3793,245416,249250,16,0,0,layered_block,circular,per_chunk,16,16
3794,238042,241958,16,0,0,layered_block,circular,per_chunk,16,16
3795,245416,249292,16,0,0,layered_block,circular,per_chunk,16,16
3796,241958,245916,16,0,0,layered_block,circular,per_chunk,16,16
3797,249458,253334,16,0,0,layered_block,circular,per_chunk,16,16
3798,244958,248833,16,0,0,layered_block,circular,per_chunk,16,16
3799,253791,257667,16,0,0,layered_block,circular,per_chunk,16,16
3800,254833,258708,16,0,0,layered_block,circular,per_chunk,16,16
3801,257500,261334,16,0,0,layered_block,circular,per_chunk,16,16
3802,262667,266583,16,0,0,layered_block,circular,per_chunk,16,16
3803,251209,255125,16,0,0,layered_block,circular,per_chunk,16,16
3804,249333,253209,16,0,0,layered_block,circular,per_chunk,16,16
3805,236000,239917,16,0,0,layered_block,circular,per_chunk,16,16
3806,242333,246209,16,0,0,layered_block,circular,per_chunk,16,16
3807,240167,244083,16,0,0,layered_block,circular,per_chunk,16,16
3808,244584,248416,16,0,0,layered_block,circular,per_chunk,16,16
3809,248500,252375,16,0,0,layered_block,circular,per_chunk,16,16
3810,248417,252333,16,0,0,layered_block,circular,per_chunk,16,16
3811,248625,252500,16,0,0,layered_block,circular,per_chunk,16,16
3812,255500,259416,16,0,0,layered_block,circular,per_chunk,16,16
3813,255625,259584,16,0,0,layered_block,circular,per_chunk,16,16
3814,261583,265459,16,0,0,layered_block,circular,per_chunk,16,16
3815,254458,258333,16,0,0,layered_block,circular,per_chunk,16,16
3816,252291,256208,16,0,0,layered_block,circular,per_chunk,16,16
3817,232584,236458,16,0,0,layered_block,circular,per_chunk,16,16
3818,245750,249667,16,0,0,layered_block,circular,per_chunk,16,16
3819,247500,251417,16,0,0,layered_block,circular,per_chunk,16,16
3820,250083,253958,16,0,0,layered_block,circular,per_chunk,16,16
3821,243583,247500,16,0,0,layered_block,circular,per_chunk,16,16
3822,248541,252541,16,0,0,layered_block,circular,per_chunk,16,16
3823,242333,246167,16,0,0,layered_block,circular,per_chunk,16,16
3824,252792,256708,16,0,0,layered_block,circular,per_chunk,16,16
3825,257625,261584,16,0,0,layered_block,circular,per_chunk,16,16
3826,260083,264000,16,0,0,layered_block,circular,per_chunk,16,16
3827,250167,254167,16,0,0,layered_block,circular,per_chunk,16,16
3828,244791,248667,16,0,0,layered_block,circular,per_chunk,16,16
3829,234583,238417,16,0,0,layered_block,circular,per_chunk,16,16
3830,248916,252792,16,0,0,layered_block,circular,per_chunk,16,16
3831,251375,255291,16,0,0,layered_block,circular,per_chunk,16,16
3832,246750,250625,16,0,0,layered_block,circular,per_chunk,16,16
3833,252750,256834,16,0,0,layered_block,circular,per_chunk,16,16
3834,250417,254291,16,0,0,layered_block,circular,per_chunk,16,16
3835,235917,239750,16,0,0,layered_block,circular,per_chunk,16,16
3836,249583,253583,16,0,0,layered_block,circular,per_chunk,16,16
3837,262583,266417,16,0,0,layered_block,circular,per_chunk,16,16
3838,252625,256500,16,0,0,layered_block,circular,per_chunk,16,16
3839,255833,259709,16,0,0,layered_block,circular,per_chunk,16,16
3840,247125,250917,16,0,0,layered_block,circular,per_chunk,16,16
3841,240000,248292,16,0,0,layered_block,circular,per_chunk,16,16
3842,243333,251292,16,0,0,layered_block,circular,per_chunk,16,16
3843,244000,247958,16,0,0,layered_block,circular,per_chunk,16,16
3844,251292,255125,16,0,0,layered_block,circular,per_chunk,16,16
3845,246542,250416,16,0,0,layered_block,circular,per_chunk,16,16
3846,243583,247417,16,0,0,layered_block,circular,per_chunk,16,16
3847,246625,250500,16,0,0,layered_block,circular,per_chunk,16,16
3848,258000,261875,16,0,0,layered_block,circular,per_chunk,16,16
3849,257584,261500,16,0,0,layered_block,circular,per_chunk,16,16
3850,254791,258625,16,0,0,layered_block,circular,per_chunk,16,16
3851,251916,255750,16,0,0,layered_block,circular,per_chunk,16,16
3852,246000,249833,16,0,0,layered_block,circular,per_chunk,16,16
3853,244417,248292,16,0,0,layered_block,circular,per_chunk,16,16
3854,245250,249250,16,0,0,layered_block,circular,per_chunk,16,16
3855,249167,252959,16,0,0,layered_block,circular,per_chunk,16,16
3856,247750,251625,16,0,0,layered_block,circular,per_chunk,16,16
3857,244167,248000,16,0,0,layered_block,circular,per_chunk,16,16
3858,238875,242708,16,0,0,layered_block,circular,per_chunk,16,16
3859,246166,249958,16,0,0,layered_block,circular,per_chunk,16,16
3860,256958,260875,16,0,0,layered_block,circular,per_chunk,16,16
3861,261250,265084,16,0,0,layered_block,circular,per_chunk,16,16
3862,249125,257208,16,0,0,layered_block,circular,per_chunk,16,16
3863,250667,254541,16,0,0,layered_block,circular,per_chunk,16,16
3864,242291,246208,16,0,0,layered_block,circular,per_chunk,16,16
3865,245959,249917,16,0,0,layered_block,circular,per_chunk,16,16
3866,244959,248750,16,0,0,layered_block,circular,per_chunk,16,16
3867,251167,255042,16,0,0,layered_block,circular,per_chunk,16,16
3868,248166,251958,16,0,0,layered_block,circular,per_chunk,16,16
3869,228125,231958,16,0,0,layered_block,circular,per_chunk,16,16
3870,242375,246209,16,0,0,layered_block,circular,per_chunk,16,16
3871,243667,247542,16,0,0,layered_block,circular,per_chunk,16,16
3872,261625,265417,16,0,0,layered_block,circular,per_chunk,16,16
3873,258541,262333,16,0,0,layered_block,circular,per_chunk,16,16
3874,250208,254084,16,0,0,layered_block,circular,per_chunk,16,16
3875,244292,248250,16,0,0,layered_block,circular,per_chunk,16,16
3876,245917,249792,16,0,0,layered_block,circular,per_chunk,16,16
3877,250958,254792,16,0,0,layered_block,circular,per_chunk,16,16
3878,250583,254375,16,0,0,layered_block,circular,per_chunk,16,16
3879,250959,254791,16,0,0,layered_block,circular,per_chunk,16,16
3880,236042,239959,16,0,0,layered_block,circular,per_chunk,16,16
3881,232125,236083,16,0,0,layered_block,circular,per_chunk,16,16
3882,239375,243250,16,0,0,layered_block,circular,per_chunk,16,16
3883,249875,253791,16,0,0,layered_block,circular,per_chunk,16,16
3884,261333,265209,16,0,0,layered_block,circular,per_chunk,16,16
3885,253291,257333,16,0,0,layered_block,circular,per_chunk,16,16
3886,253291,257125,16,0,0,layered_block,circular,per_chunk,16,16
3887,249041,252875,16,0,0,layered_block,circular,per_chunk,16,16
3888,239000,242875,16,0,0,layered_block,circular,per_chunk,16,16
3889,249125,252958,16,0,0,layered_block,circular,per_chunk,16,16
3890,251042,254958,16,0,0,layered_block,circular,per_chunk,16,16
3891,251583,294625,16,0,0,layered_block,circular,per_chunk,16,16
3892,234542,238375,16,0,0,layered_block,circular,per_chunk,16,16
3893,285292,289417,16,0,0,layered_block,circular,per_chunk,16,16
3894,241750,245583,16,0,0,layered_block,circular,per_chunk,16,16
3895,306166,310458,16,0,0,layered_block,circular,per_chunk,16,16
3896,260042,263875,16,0,0,layered_block,circular,per_chunk,16,16
3897,250583,254458,16,0,0,layered_block,circular,per_chunk,16,16
3898,246167,250041,16,0,0,layered_block,circular,per_chunk,16,16
3899,240667,244583,16,0,0,layered_block,circular,per_chunk,16,16
3900,246583,250459,16,0,0,layered_block,circular,per_chunk,16,16
3901,249834,253666,16,0,0,layered_block,circular,per_chunk,16,16
3902,243875,247709,16,0,0,layered_block,circular,per_chunk,16,16
3903,240375,244250,16,0,0,layered_block,circular,per_chunk,16,16
3904,238000,241792,16,0,0,layered_block,circular,per_chunk,16,16
3905,236291,240167,16,0,0,layered_block,circular,per_chunk,16,16
3906,246917,250750,16,0,0,layered_block,circular,per_chunk,16,16
3907,255750,259750,16,0,0,layered_block,circular,per_chunk,16,16
3908,260291,264209,16,0,0,layered_block,circular,per_chunk,16,16
3909,250334,254250,16,0,0,layered_block,circular,per_chunk,16,16
3910,244292,248292,16,0,0,layered_block,circular,per_chunk,16,16
3911,241334,245250,16,0,0,layered_block,circular,per_chunk,16,16
3912,248250,252166,16,0,0,layered_block,circular,per_chunk,16,16
3913,250542,254458,16,0,0,layered_block,circular,per_chunk,16,16
3914,244625,248542,16,0,0,layered_block,circular,per_chunk,16,16
3915,241750,245625,16,0,0,layered_block,circular,per_chunk,16,16
3916,230083,234041,16,0,0,layered_block,circular,per_chunk,16,16
3917,236875,240750,16,0,0,layered_block,circular,per_chunk,16,16
3918,250834,254708,16,0,0,layered_block,circular,per_chunk,16,16
3919,261625,265459,16,0,0,layered_block,circular,per_chunk,16,16
3920,254542,258500,16,0,0,layered_block,circular,per_chunk,16,16
3921,253625,257417,16,0,0,layered_block,circular,per_chunk,16,16
3922,250333,254208,16,0,0,layered_block,circular,per_chunk,16,16
3923,239792,243708,16,0,0,layered_block,circular,per_chunk,16,16
3924,249500,253333,16,0,0,layered_block,circular,per_chunk,16,16
3925,291792,296167,16,0,0,layered_block,circular,per_chunk,16,16
3926,230625,234584,16,0,0,layered_block,circular,per_chunk,16,16
3927,234459,238417,16,0,0,layered_block,circular,per_chunk,16,16
3928,240042,243917,16,0,0,layered_block,circular,per_chunk,16,16
3929,241125,244959,16,0,0,layered_block,circular,per_chunk,16,16
3930,255000,258875,16,0,0,layered_block,circular,per_chunk,16,16
3931,300542,304666,16,0,0,layered_block,circular,per_chunk,16,16
3932,256834,260750,16,0,0,layered_block,circular,per_chunk,16,16
3933,246834,250750,16,0,0,layered_block,circular,per_chunk,16,16
3934,246500,250375,16,0,0,layered_block,circular,per_chunk,16,16
3935,246958,250959,16,0,0,layered_block,circular,per_chunk,16,16
3936,248833,252709,16,0,0,layered_block,circular,per_chunk,16,16
3937,239000,242875,16,0,0,layered_block,circular,per_chunk,16,16
3938,232333,236208,16,0,0,layered_block,circular,per_chunk,16,16
3939,241167,245084,16,0,0,layered_block,circular,per_chunk,16,16
3940,240416,244375,16,0,0,layered_block,circular,per_chunk,16,16
3941,241000,244917,16,0,0,layered_block,circular,per_chunk,16,16
3942,259208,263083,16,0,0,layered_block,circular,per_chunk,16,16
3943,255917,259792,16,0,0,layered_block,circular,per_chunk,16,16
3944,256209,260125,16,0,0,layered_block,circular,per_chunk,16,16
3945,248625,252459,16,0,0,layered_block,circular,per_chunk,16,16
3946,296250,300625,16,0,0,layered_block,circular,per_chunk,16,16
3947,243958,247875,16,0,0,layered_block,circular,per_chunk,16,16
3948,293083,297708,16,0,0,layered_block,circular,per_chunk,16,16
3949,239459,243375,16,0,0,layered_block,circular,per_chunk,16,16
3950,282250,286625,16,0,0,layered_block,circular,per_chunk,16,16
3951,240208,244208,16,0,0,layered_block,circular,per_chunk,16,16
3952,230833,234833,16,0,0,layered_block,circular,per_chunk,16,16
3953,251792,255625,16,0,0,layered_block,circular,per_chunk,16,16
3954,260542,264458,16,0,0,layered_block,circular,per_chunk,16,16
3955,258292,262166,16,0,0,layered_block,circular,per_chunk,16,16
3956,249125,253000,16,0,0,layered_block,circular,per_chunk,16,16
3957,246292,250208,16,0,0,layered_block,circular,per_chunk,16,16
3958,240584,244500,16,0,0,layered_block,circular,per_chunk,16,16
3959,248959,252791,16,0,0,layered_block,circular,per_chunk,16,16
3960,244958,248875,16,0,0,layered_block,circular,per_chunk,16,16
3961,236416,240292,16,0,0,layered_block,circular,per_chunk,16,16
3962,246625,250583,16,0,0,layered_block,circular,per_chunk,16,16
3963,237583,241500,16,0,0,layered_block,circular,per_chunk,16,16
3964,242709,246666,16,0,0,layered_block,circular,per_chunk,16,16
3965,246458,250458,16,0,0,layered_block,circular,per_chunk,16,16
3966,260875,264708,16,0,0,layered_block,circular,per_chunk,16,16
3967,255041,263000,16,0,0,layered_block,circular,per_chunk,16,16
3968,294875,298917,16,0,0,layered_block,circular,per_chunk,16,16
3969,249709,253541,16,0,0,layered_block,circular,per_chunk,16,16
3970,249709,253583,16,0,0,layered_block,circular,per_chunk,16,16
3971,247750,251583,16,0,0,layered_block,circular,per_chunk,16,16
3972,238375,242250,16,0,0,layered_block,circular,per_chunk,16,16
3973,239209,243041,16,0,0,layered_block,circular,per_chunk,16,16
3974,248041,251917,16,0,0,layered_block,circular,per_chunk,16,16
3975,244417,248250,16,0,0,layered_block,circular,per_chunk,16,16
3976,239709,243625,16,0,0,layered_block,circular,per_chunk,16,16
3977,249000,252958,16,0,0,layered_block,circular,per_chunk,16,16
3978,260292,264166,16,0,0,layered_block,circular,per_chunk,16,16
3979,260125,263958,16,0,0,layered_block,circular,per_chunk,16,16
3980,248625,252459,16,0,0,layered_block,circular,per_chunk,16,16
3981,242833,246709,16,0,0,layered_block,circular,per_chunk,16,16
3982,241625,245584,16,0,0,layered_block,circular,per_chunk,16,16
3983,234666,242750,16,0,0,layered_block,circular,per_chunk,16,16
3984,241833,245708,16,0,0,layered_block,circular,per_chunk,16,16
3985,240291,244291,16,0,0,layered_block,circular,per_chunk,16,16
3986,241166,245042,16,0,0,layered_block,circular,per_chunk,16,16
3987,249541,253459,16,0,0,layered_block,circular,per_chunk,16,16
3988,241750,245625,16,0,0,layered_block,circular,per_chunk,16,16
3989,256209,260041,16,0,0,layered_block,circular,per_chunk,16,16
3990,260625,264500,16,0,0,layered_block,circular,per_chunk,16,16
3991,258250,262167,16,0,0,layered_block,circular,per_chunk,16,16
3992,249042,252916,16,0,0,layered_block,circular,per_chunk,16,16
3993,242500,250667,16,0,0,layered_block,circular,per_chunk,16,16
3994,242125,246000,16,0,0,layered_block,circular,per_chunk,16,16
3995,243917,247750,16,0,0,layered_block,circular,per_chunk,16,16
3996,246250,250125,16,0,0,layered_block,circular,per_chunk,16,16
3997,243167,247083,16,0,0,layered_block,circular,per_chunk,16,16
3998,247250,251041,16,0,0,layered_block,circular,per_chunk,16,16
3999,245416,249292,16,0,0,layered_block,circular,per_chunk,16,16
4000,242750,246667,16,0,0,layered_block,circular,per_chunk,16,16
4001,256916,260750,16,0,0,layered_block,circular,per_chunk,16,16
4002,259375,263208,16,0,0,layered_block,circular,per_chunk,16,16
4003,248875,252792,16,0,0,layered_block,circular,per_chunk,16,16
4004,243667,247667,16,0,0,layered_block,circular,per_chunk,16,16
4005,247792,251625,16,0,0,layered_block,circular,per_chunk,16,16
4006,233125,237042,16,0,0,layered_block,circular,per_chunk,16,16
4007,243042,246917,16,0,0,layered_block,circular,per_chunk,16,16
4008,243709,247541,16,0,0,layered_block,circular,per_chunk,16,16
4009,247291,251125,16,0,0,layered_block,circular,per_chunk,16,16
4010,243792,247666,16,0,0,layered_block,circular,per_chunk,16,16
4011,237958,241834,16,0,0,layered_block,circular,per_chunk,16,16
4012,245292,253417,16,0,0,layered_block,circular,per_chunk,16,16
4013,258542,262458,16,0,0,layered_block,circular,per_chunk,16,16
4014,255542,259500,16,0,0,layered_block,circular,per_chunk,16,16
4015,252541,256375,16,0,0,layered_block,circular,per_chunk,16,16
4016,248458,252292,16,0,0,layered_block,circular,per_chunk,16,16
4017,244167,248000,16,0,0,layered_block,circular,per_chunk,16,16
4018,244917,248750,16,0,0,layered_block,circular,per_chunk,16,16
4019,241500,245417,16,0,0,layered_block,circular,per_chunk,16,16
4020,242584,246458,16,0,0,layered_block,circular,per_chunk,16,16
4021,244083,248000,16,0,0,layered_block,circular,per_chunk,16,16
4022,241167,244959,16,0,0,layered_block,circular,per_chunk,16,16
4023,239417,243417,16,0,0,layered_block,circular,per_chunk,16,16
4024,252125,255959,16,0,0,layered_block,circular,per_chunk,16,16
4025,254208,258208,16,0,0,layered_block,circular,per_chunk,16,16
4026,260166,264000,16,0,0,layered_block,circular,per_chunk,16,16
4027,253917,257792,16,0,0,layered_block,circular,per_chunk,16,16
4028,245500,249375,16,0,0,layered_block,circular,per_chunk,16,16
4029,238958,242792,16,0,0,layered_block,circular,per_chunk,16,16
4030,240542,244458,16,0,0,layered_block,circular,per_chunk,16,16
4031,246375,250250,16,0,0,layered_block,circular,per_chunk,16,16
4032,240875,244750,16,0,0,layered_block,circular,per_chunk,16,16
4033,244417,248292,16,0,0,layered_block,circular,per_chunk,16,16
4034,235541,239417,16,0,0,layered_block,circular,per_chunk,16,16
4035,243750,247625,16,0,0,layered_block,circular,per_chunk,16,16
4036,252792,256625,16,0,0,layered_block,circular,per_chunk,16,16
4037,255417,259666,16,0,0,layered_block,circular,per_chunk,16,16
4038,259334,263125,16,0,0,layered_block,circular,per_chunk,16,16
4039,247000,250875,16,0,0,layered_block,circular,per_chunk,16,16
4040,241541,245500,16,0,0,layered_block,circular,per_chunk,16,16
4041,241875,245709,16,0,0,layered_block,circular,per_chunk,16,16
4042,239834,243750,16,0,0,layered_block,circular,per_chunk,16,16
4043,243959,247833,16,0,0,layered_block,circular,per_chunk,16,16
4044,245708,249541,16,0,0,layered_block,circular,per_chunk,16,16
4045,240541,244417,16,0,0,layered_block,circular,per_chunk,16,16
4046,238417,242250,16,0,0,layered_block,circular,per_chunk,16,16
4047,243875,252458,16,0,0,layered_block,circular,per_chunk,16,16
4048,252584,256375,16,0,0,layered_block,circular,per_chunk,16,16
4049,259542,263375,16,0,0,layered_block,circular,per_chunk,16,16
4050,251208,255125,16,0,0,layered_block,circular,per_chunk,16,16
4051,247291,251083,16,0,0,layered_block,circular,per_chunk,16,16
4052,244167,248084,16,0,0,layered_block,circular,per_chunk,16,16
4053,239875,243791,16,0,0,layered_block,circular,per_chunk,16,16
4054,241834,245708,16,0,0,layered_block,circular,per_chunk,16,16
4055,242083,245958,16,0,0,layered_block,circular,per_chunk,16,16
4056,237292,241166,16,0,0,layered_block,circular,per_chunk,16,16
4057,243000,246833,16,0,0,layered_block,circular,per_chunk,16,16
4058,242500,246333,16,0,0,layered_block,circular,per_chunk,16,16
4059,245541,249417,16,0,0,layered_block,circular,per_chunk,16,16
4060,248667,252541,16,0,0,layered_block,circular,per_chunk,16,16
4061,257917,261750,16,0,0,layered_block,circular,per_chunk,16,16
4062,253459,257250,16,0,0,layered_block,circular,per_chunk,16,16
4063,249250,253166,16,0,0,layered_block,circular,per_chunk,16,16
4064,245625,249541,16,0,0,layered_block,circular,per_chunk,16,16
4065,235625,239583,16,0,0,layered_block,circular,per_chunk,16,16
4066,245375,249292,16,0,0,layered_block,circular,per_chunk,16,16
4067,235208,239167,16,0,0,layered_block,circular,per_chunk,16,16
4068,240375,244292,16,0,0,layered_block,circular,per_chunk,16,16
4069,238375,242292,16,0,0,layered_block,circular,per_chunk,16,16
4070,241458,245375,16,0,0,layered_block,circular,per_chunk,16,16
4071,248833,252750,16,0,0,layered_block,circular,per_chunk,16,16
4072,258292,262125,16,0,0,layered_block,circular,per_chunk,16,16
4073,302459,306500,16,0,0,layered_block,circular,per_chunk,16,16
4074,252333,256250,16,0,0,layered_block,circular,per_chunk,16,16
4075,248459,252375,16,0,0,layered_block,circular,per_chunk,16,16
4076,235625,239583,16,0,0,layered_block,circular,per_chunk,16,16
4077,243459,247417,16,0,0,layered_block,circular,per_chunk,16,16
4078,244250,248084,16,0,0,layered_block,circular,per_chunk,16,16
4079,275750,279875,16,0,0,layered_block,circular,per_chunk,16,16
4080,244083,247959,16,0,0,layered_block,circular,per_chunk,16,16
4081,285750,289875,16,0,0,layered_block,circular,per_chunk,16,16
4082,273458,277542,16,0,0,layered_block,circular,per_chunk,16,16
4083,253125,257084,16,0,0,layered_block,circular,per_chunk,16,16
4084,255375,259541,16,0,0,layered_block,circular,per_chunk,16,16
4085,258750,262667,16,0,0,layered_block,circular,per_chunk,16,16
4086,252417,256250,16,0,0,layered_block,circular,per_chunk,16,16
4087,246500,250333,16,0,0,layered_block,circular,per_chunk,16,16
4088,233625,237500,16,0,0,layered_block,circular,per_chunk,16,16
4089,246250,250083,16,0,0,layered_block,circular,per_chunk,16,16
4090,237334,241333,16,0,0,layered_block,circular,per_chunk,16,16
4091,240375,244250,16,0,0,layered_block,circular,per_chunk,16,16
4092,240250,244125,16,0,0,layered_block,circular,per_chunk,16,16
4093,240916,244916,16,0,0,layered_block,circular,per_chunk,16,16
4094,244291,248125,16,0,0,layered_block,circular,per_chunk,16,16
4095,250459,254375,16,0,0,layered_block,circular,per_chunk,16,16
4096,258875,262750,16,0,0,layered_block,circular,per_chunk,16,16
4097,260250,264125,16,0,0,layered_block,circular,per_chunk,16,16
4098,323875,328292,16,0,0,layered_block,circular,per_chunk,16,16
4099,246083,250000,16,0,0,layered_block,circular,per_chunk,16,16
4100,236292,240250,16,0,0,layered_block,circular,per_chunk,16,16
4101,246500,250375,16,0,0,layered_block,circular,per_chunk,16,16
4102,282625,291167,16,0,0,layered_block,circular,per_chunk,16,16
4103,231458,235333,16,0,0,layered_block,circular,per_chunk,16,16
4104,280791,284833,16,0,0,layered_block,circular,per_chunk,16,16
4105,241042,245000,16,0,0,layered_block,circular,per_chunk,16,16
4106,243750,247625,16,0,0,layered_block,circular,per_chunk,16,16
4107,253833,257709,16,0,0,layered_block,circular,per_chunk,16,16
4108,262208,266125,16,0,0,layered_block,circular,per_chunk,16,16
4109,257125,261041,16,0,0,layered_block,circular,per_chunk,16,16
4110,248083,251917,16,0,0,layered_block,circular,per_chunk,16,16
4111,238084,242084,16,0,0,layered_block,circular,per_chunk,16,16
4112,224417,228417,16,0,0,layered_block,circular,per_chunk,16,16
4113,242166,246000,16,0,0,layered_block,circular,per_chunk,16,16
4114,232833,236791,16,0,0,layered_block,circular,per_chunk,16,16
4115,242833,246667,16,0,0,layered_block,circular,per_chunk,16,16
4116,277209,281250,16,0,0,layered_block,circular,per_chunk,16,16
4117,242917,246791,16,0,0,layered_block,circular,per_chunk,16,16
4118,254708,258750,16,0,0,layered_block,circular,per_chunk,16,16
4119,251417,255250,16,0,0,layered_block,circular,per_chunk,16,16
4120,251209,255125,16,0,0,layered_block,circular,per_chunk,16,16
4121,247500,251417,16,0,0,layered_block,circular,per_chunk,16,16
4122,240959,244750,16,0,0,layered_block,circular,per_chunk,16,16
4123,230084,233958,16,0,0,layered_block,circular,per_chunk,16,16
4124,239709,243541,16,0,0,layered_block,circular,per_chunk,16,16
4125,287417,291584,16,0,0,layered_block,circular,per_chunk,16,16
4126,232958,236875,16,0,0,layered_block,circular,per_chunk,16,16
4127,241125,245042,16,0,0,layered_block,circular,per_chunk,16,16
4128,245291,249167,16,0,0,layered_block,circular,per_chunk,16,16
4129,246291,250250,16,0,0,layered_block,circular,per_chunk,16,16
4130,248500,252375,16,0,0,layered_block,circular,per_chunk,16,16
4131,255791,259750,16,0,0,layered_block,circular,per_chunk,16,16
4132,252542,256417,16,0,0,layered_block,circular,per_chunk,16,16
4133,243750,247625,16,0,0,layered_block,circular,per_chunk,16,16
4134,234042,237958,16,0,0,layered_block,circular,per_chunk,16,16
4135,284417,288667,16,0,0,layered_block,circular,per_chunk,16,16
4136,240542,244416,16,0,0,layered_block,circular,per_chunk,16,16
4137,239084,242958,16,0,0,layered_block,circular,per_chunk,16,16
4138,238875,243000,16,0,0,layered_block,circular,per_chunk,16,16
4139,246542,250375,16,0,0,layered_block,circular,per_chunk,16,16
4140,240000,244000,16,0,0,layered_block,circular,per_chunk,16,16
4141,249000,252833,16,0,0,layered_block,circular,per_chunk,16,16
4142,251333,255209,16,0,0,layered_block,circular,per_chunk,16,16
4143,253042,262292,16,0,0,layered_block,circular,per_chunk,16,16
4144,245250,249125,16,0,0,layered_block,circular,per_chunk,16,16
4145,233292,237166,16,0,0,layered_block,circular,per_chunk,16,16
4146,236167,240125,16,0,0,layered_block,circular,per_chunk,16,16
4147,239708,243542,16,0,0,layered_block,circular,per_chunk,16,16
4148,234958,238833,16,0,0,layered_block,circular,per_chunk,16,16
4149,238709,242625,16,0,0,layered_block,circular,per_chunk,16,16
4150,243375,247250,16,0,0,layered_block,circular,per_chunk,16,16
4151,236750,240708,16,0,0,layered_block,circular,per_chunk,16,16
4152,247708,251625,16,0,0,layered_block,circular,per_chunk,16,16
4153,250959,254833,16,0,0,layered_block,circular,per_chunk,16,16
4154,257000,260875,16,0,0,layered_block,circular,per_chunk,16,16
4155,246875,293750,16,0,0,layered_block,circular,per_chunk,16,16
4156,237167,241083,16,0,0,layered_block,circular,per_chunk,16,16
4157,237542,241375,16,0,0,layered_block,circular,per_chunk,16,16
4158,240917,244792,16,0,0,layered_block,circular,per_chunk,16,16
4159,235125,239042,16,0,0,layered_block,circular,per_chunk,16,16
4160,235250,239084,16,0,0,layered_block,circular,per_chunk,16,16
4161,243459,247333,16,0,0,layered_block,circular,per_chunk,16,16
4162,241375,245291,16,0,0,layered_block,circular,per_chunk,16,16
4163,246709,250541,16,0,0,layered_block,circular,per_chunk,16,16
4164,249958,253792,16,0,0,layered_block,circular,per_chunk,16,16
4165,256166,260000,16,0,0,layered_block,circular,per_chunk,16,16
4166,247208,251083,16,0,0,layered_block,circular,per_chunk,16,16
4167,235584,239458,16,0,0,layered_block,circular,per_chunk,16,16
4168,231667,235500,16,0,0,layered_block,circular,per_chunk,16,16
4169,242875,246750,16,0,0,layered_block,circular,per_chunk,16,16
4170,239625,243458,16,0,0,layered_block,circular,per_chunk,16,16
4171,237042,240916,16,0,0,layered_block,circular,per_chunk,16,16
4172,243667,247500,16,0,0,layered_block,circular,per_chunk,16,16
4173,239250,243041,16,0,0,layered_block,circular,per_chunk,16,16
4174,240750,244625,16,0,0,layered_block,circular,per_chunk,16,16
4175,248542,252417,16,0,0,layered_block,circular,per_chunk,16,16
4176,251417,255333,16,0,0,layered_block,circular,per_chunk,16,16
4177,244083,248084,16,0,0,layered_block,circular,per_chunk,16,16
4178,236000,239833,16,0,0,layered_block,circular,per_chunk,16,16
4179,229959,233750,16,0,0,layered_block,circular,per_chunk,16,16
4180,241667,245500,16,0,0,layered_block,circular,per_chunk,16,16
4181,238708,242500,16,0,0,layered_block,circular,per_chunk,16,16
4182,244833,248750,16,0,0,layered_block,circular,per_chunk,16,16
4183,235834,239708,16,0,0,layered_block,circular,per_chunk,16,16
4184,244167,248000,16,0,0,layered_block,circular,per_chunk,16,16
4185,243792,247625,16,0,0,layered_block,circular,per_chunk,16,16
4186,294750,298750,16,0,0,layered_block,circular,per_chunk,16,16
4187,253500,257458,16,0,0,layered_block,circular,per_chunk,16,16
4188,248916,252750,16,0,0,layered_block,circular,per_chunk,16,16
4189,236000,239834,16,0,0,layered_block,circular,per_chunk,16,16
4190,280000,284000,16,0,0,layered_block,circular,per_chunk,16,16
4191,238083,241917,16,0,0,layered_block,circular,per_chunk,16,16
4192,240209,244083,16,0,0,layered_block,circular,per_chunk,16,16
4193,244834,248750,16,0,0,layered_block,circular,per_chunk,16,16
4194,236625,240458,16,0,0,layered_block,circular,per_chunk,16,16
4195,240625,244500,16,0,0,layered_block,circular,per_chunk,16,16
4196,241875,245666,16,0,0,layered_block,circular,per_chunk,16,16
4197,246708,250542,16,0,0,layered_block,circular,per_chunk,16,16
4198,248542,252375,16,0,0,layered_block,circular,per_chunk,16,16
4199,251500,255333,16,0,0,layered_block,circular,per_chunk,16,16
4200,239000,242833,16,0,0,layered_block,circular,per_chunk,16,16
4201,231250,235167,16,0,0,layered_block,circular,per_chunk,16,16
4202,235166,239000,16,0,0,layered_block,circular,per_chunk,16,16
4203,237958,241875,16,0,0,layered_block,circular,per_chunk,16,16
4204,236208,240083,16,0,0,layered_block,circular,per_chunk,16,16
4205,238625,242459,16,0,0,layered_block,circular,per_chunk,16,16
4206,241500,245334,16,0,0,layered_block,circular,per_chunk,16,16
4207,237000,240875,16,0,0,layered_block,circular,per_chunk,16,16
4208,248958,252792,16,0,0,layered_block,circular,per_chunk,16,16
4209,249000,252833,16,0,0,layered_block,circular,per_chunk,16,16
4210,247959,251875,16,0,0,layered_block,circular,per_chunk,16,16
4211,237500,241375,16,0,0,layered_block,circular,per_chunk,16,16
4212,235916,239708,16,0,0,layered_block,circular,per_chunk,16,16
4213,237125,240917,16,0,0,layered_block,circular,per_chunk,16,16
4214,237375,245750,16,0,0,layered_block,circular,per_chunk,16,16
4215,233209,237125,16,0,0,layered_block,circular,per_chunk,16,16
4216,232959,236791,16,0,0,layered_block,circular,per_chunk,16,16
4217,243917,247750,16,0,0,layered_block,circular,per_chunk,16,16
4218,241667,245584,16,0,0,layered_block,circular,per_chunk,16,16
4219,249042,252834,16,0,0,layered_block,circular,per_chunk,16,16
4220,253333,257167,16,0,0,layered_block,circular,per_chunk,16,16
4221,255250,259083,16,0,0,layered_block,circular,per_chunk,16,16
4222,236375,240125,16,0,0,layered_block,circular,per_chunk,16,16
4223,236292,240125,16,0,0,layered_block,circular,per_chunk,16,16
4224,236292,240167,16,0,0,layered_block,circular,per_chunk,16,16
4225,243750,247666,16,0,0,layered_block,circular,per_chunk,16,16
4226,237250,241125,16,0,0,layered_block,circular,per_chunk,16,16
4227,236334,240292,16,0,0,layered_block,circular,per_chunk,16,16
4228,242292,246167,16,0,0,layered_block,circular,per_chunk,16,16
4229,281291,285542,16,0,0,layered_block,circular,per_chunk,16,16
4230,244417,248417,16,0,0,layered_block,circular,per_chunk,16,16
4231,295500,299958,16,0,0,layered_block,circular,per_chunk,16,16
4232,255958,259792,16,0,0,layered_block,circular,per_chunk,16,16
4233,238125,242042,16,0,0,layered_block,circular,per_chunk,16,16
4234,230792,238958,16,0,0,layered_block,circular,per_chunk,16,16
4235,242167,246167,16,0,0,layered_block,circular,per_chunk,16,16
4236,242667,246541,16,0,0,layered_block,circular,per_chunk,16,16
4237,280959,285084,16,0,0,layered_block,circular,per_chunk,16,16
4238,239041,242917,16,0,0,layered_block,circular,per_chunk,16,16
4239,236041,239917,16,0,0,layered_block,circular,per_chunk,16,16
4240,238916,242875,16,0,0,layered_block,circular,per_chunk,16,16
4241,246042,249958,16,0,0,layered_block,circular,per_chunk,16,16
4242,252916,256834,16,0,0,layered_block,circular,per_chunk,16,16
4243,304625,308708,16,0,0,layered_block,circular,per_chunk,16,16
4244,241875,245709,16,0,0,layered_block,circular,per_chunk,16,16
4245,283750,288042,16,0,0,layered_block,circular,per_chunk,16,16
4246,235542,239500,16,0,0,layered_block,circular,per_chunk,16,16
4247,242458,246333,16,0,0,layered_block,circular,per_chunk,16,16
4248,239250,243083,16,0,0,layered_block,circular,per_chunk,16,16
4249,242166,246000,16,0,0,layered_block,circular,per_chunk,16,16
4250,240542,244417,16,0,0,layered_block,circular,per_chunk,16,16
4251,236083,240000,16,0,0,layered_block,circular,per_chunk,16,16
4252,243292,247167,16,0,0,layered_block,circular,per_chunk,16,16
4253,252875,256750,16,0,0,layered_block,circular,per_chunk,16,16
4254,256750,260666,16,0,0,layered_block,circular,per_chunk,16,16
4255,244250,248167,16,0,0,layered_block,circular,per_chunk,16,16
4256,232334,236416,16,0,0,layered_block,circular,per_chunk,16,16
4257,237583,241500,16,0,0,layered_block,circular,per_chunk,16,16
4258,236417,240333,16,0,0,layered_block,circular,per_chunk,16,16
4259,240250,244125,16,0,0,layered_block,circular,per_chunk,16,16
4260,240333,244250,16,0,0,layered_block,circular,per_chunk,16,16
4261,243000,246917,16,0,0,layered_block,circular,per_chunk,16,16
4262,228458,232333,16,0,0,layered_block,circular,per_chunk,16,16
4263,235875,239792,16,0,0,layered_block,circular,per_chunk,16,16
4264,251166,255042,16,0,0,layered_block,circular,per_chunk,16,16
4265,254750,258583,16,0,0,layered_block,circular,per_chunk,16,16
4266,246792,250667,16,0,0,layered_block,circular,per_chunk,16,16
4267,230625,234541,16,0,0,layered_block,circular,per_chunk,16,16
4268,233667,237583,16,0,0,layered_block,circular,per_chunk,16,16
4269,241625,245500,16,0,0,layered_block,circular,per_chunk,16,16
4270,241709,245583,16,0,0,layered_block,circular,per_chunk,16,16
4271,233041,236958,16,0,0,layered_block,circular,per_chunk,16,16
4272,241084,245042,16,0,0,layered_block,circular,per_chunk,16,16
4273,227125,231000,16,0,0,layered_block,circular,per_chunk,16,16
4274,277333,281375,16,0,0,layered_block,circular,per_chunk,16,16
4275,252541,256417,16,0,0,layered_block,circular,per_chunk,16,16
4276,252459,256333,16,0,0,layered_block,circular,per_chunk,16,16
4277,243125,247042,16,0,0,layered_block,circular,per_chunk,16,16
4278,229167,233167,16,0,0,layered_block,circular,per_chunk,16,16
4279,231708,235666,16,0,0,layered_block,circular,per_chunk,16,16
4280,235834,239792,16,0,0,layered_block,circular,per_chunk,16,16
4281,239500,243417,16,0,0,layered_block,circular,per_chunk,16,16
4282,237625,241458,16,0,0,layered_block,circular,per_chunk,16,16
4283,242334,246166,16,0,0,layered_block,circular,per_chunk,16,16
4284,231291,235167,16,0,0,layered_block,circular,per_chunk,16,16
4285,239959,243875,16,0,0,layered_block,circular,per_chunk,16,16
4286,244875,248792,16,0,0,layered_block,circular,per_chunk,16,16
4287,250833,254709,16,0,0,layered_block,circular,per_chunk,16,16
4288,250292,254166,16,0,0,layered_block,circular,per_chunk,16,16
4289,238167,242083,16,0,0,layered_block,circular,per_chunk,16,16
4290,235125,239041,16,0,0,layered_block,circular,per_chunk,16,16
4291,237458,245625,16,0,0,layered_block,circular,per_chunk,16,16
4292,240833,244709,16,0,0,layered_block,circular,per_chunk,16,16
4293,233708,237583,16,0,0,layered_block,circular,per_chunk,16,16
4294,239125,243000,16,0,0,layered_block,circular,per_chunk,16,16
4295,238792,242625,16,0,0,layered_block,circular,per_chunk,16,16
4296,239833,243750,16,0,0,layered_block,circular,per_chunk,16,16
4297,249208,253084,16,0,0,layered_block,circular,per_chunk,16,16
4298,255250,259125,16,0,0,layered_block,circular,per_chunk,16,16
4299,250375,254250,16,0,0,layered_block,circular,per_chunk,16,16
4300,233500,237417,16,0,0,layered_block,circular,per_chunk,16,16
4301,234084,238042,16,0,0,layered_block,circular,per_chunk,16,16
4302,239542,243417,16,0,0,layered_block,circular,per_chunk,16,16
4303,241083,244959,16,0,0,layered_block,circular,per_chunk,16,16
4304,233875,237792,16,0,0,layered_block,circular,per_chunk,16,16
4305,230209,234125,16,0,0,layered_block,circular,per_chunk,16,16
4306,235333,239209,16,0,0,layered_block,circular,per_chunk,16,16
4307,237791,241709,16,0,0,layered_block,circular,per_chunk,16,16
4308,248250,252167,16,0,0,layered_block,circular,per_chunk,16,16
4309,249958,253875,16,0,0,layered_block,circular,per_chunk,16,16
4310,292125,296333,16,0,0,layered_block,circular,per_chunk,16,16
4311,238500,242416,16,0,0,layered_block,circular,per_chunk,16,16
4312,282584,286750,16,0,0,layered_block,circular,per_chunk,16,16
4313,232209,236167,16,0,0,layered_block,circular,per_chunk,16,16
4314,236667,240584,16,0,0,layered_block,circular,per_chunk,16,16
4315,227166,231125,16,0,0,layered_block,circular,per_chunk,16,16
4316,237584,241458,16,0,0,layered_block,circular,per_chunk,16,16
4317,235333,239250,16,0,0,layered_block,circular,per_chunk,16,16
4318,230084,233958,16,0,0,layered_block,circular,per_chunk,16,16
4319,245458,249334,16,0,0,layered_block,circular,per_chunk,16,16
4320,247958,251917,16,0,0,layered_block,circular,per_chunk,16,16
4321,251333,255167,16,0,0,layered_block,circular,per_chunk,16,16
4322,239584,243458,16,0,0,layered_block,circular,per_chunk,16,16
4323,235334,239667,16,0,0,layered_block,circular,per_chunk,16,16
4324,233125,237000,16,0,0,layered_block,circular,per_chunk,16,16
4325,236375,240292,16,0,0,layered_block,circular,per_chunk,16,16
4326,229042,232916,16,0,0,layered_block,circular,per_chunk,16,16
4327,230542,234417,16,0,0,layered_block,circular,per_chunk,16,16
4328,240000,243875,16,0,0,layered_block,circular,per_chunk,16,16
4329,235333,239209,16,0,0,layered_block,circular,per_chunk,16,16
4330,238208,242125,16,0,0,layered_block,circular,per_chunk,16,16
4331,251417,255292,16,0,0,layered_block,circular,per_chunk,16,16
4332,252791,256625,16,0,0,layered_block,circular,per_chunk,16,16
4333,285166,289333,16,0,0,layered_block,circular,per_chunk,16,16
4334,234542,238542,16,0,0,layered_block,circular,per_chunk,16,16
4335,235416,239250,16,0,0,layered_block,circular,per_chunk,16,16
4336,234417,238459,16,0,0,layered_block,circular,per_chunk,16,16
4337,232417,236250,16,0,0,layered_block,circular,per_chunk,16,16
4338,233791,237625,16,0,0,layered_block,circular,per_chunk,16,16
4339,238667,242459,16,0,0,layered_block,circular,per_chunk,16,16
4340,237417,241292,16,0,0,layered_block,circular,per_chunk,16,16
4341,240500,244458,16,0,0,layered_block,circular,per_chunk,16,16
4342,247708,251584,16,0,0,layered_block,circular,per_chunk,16,16
4343,248750,252667,16,0,0,layered_block,circular,per_chunk,16,16
4344,239250,243125,16,0,0,layered_block,circular,per_chunk,16,16
4345,233750,237625,16,0,0,layered_block,circular,per_chunk,16,16
4346,226417,230291,16,0,0,layered_block,circular,per_chunk,16,16
4347,234917,238833,16,0,0,layered_block,circular,per_chunk,16,16
4348,230500,234417,16,0,0,layered_block,circular,per_chunk,16,16
4349,227917,231750,16,0,0,layered_block,circular,per_chunk,16,16
4350,238292,242125,16,0,0,layered_block,circular,per_chunk,16,16
4351,234583,238583,16,0,0,layered_block,circular,per_chunk,16,16
4352,242875,246750,16,0,0,layered_block,circular,per_chunk,16,16
4353,245875,249792,16,0,0,layered_block,circular,per_chunk,16,16
4354,296709,301167,16,0,0,layered_block,circular,per_chunk,16,16
4355,242708,246542,16,0,0,layered_block,circular,per_chunk,16,16
4356,279666,283792,16,0,0,layered_block,circular,per_chunk,16,16
4357,226292,230166,16,0,0,layered_block,circular,per_chunk,16,16
4358,238291,242125,16,0,0,layered_block,circular,per_chunk,16,16
4359,231333,235250,16,0,0,layered_block,circular,per_chunk,16,16
4360,230167,234000,16,0,0,layered_block,circular,per_chunk,16,16
4361,237375,241291,16,0,0,layered_block,circular,per_chunk,16,16
4362,242291,246125,16,0,0,layered_block,circular,per_chunk,16,16
4363,237625,241458,16,0,0,layered_block,circular,per_chunk,16,16
4364,247875,252041,16,0,0,layered_block,circular,per_chunk,16,16
4365,248416,252333,16,0,0,layered_block,circular,per_chunk,16,16
4366,243500,247417,16,0,0,layered_block,circular,per_chunk,16,16
4367,234084,237875,16,0,0,layered_block,circular,per_chunk,16,16
4368,227375,231292,16,0,0,layered_block,circular,per_chunk,16,16
4369,232750,236667,16,0,0,layered_block,circular,per_chunk,16,16
4370,234709,238583,16,0,0,layered_block,circular,per_chunk,16,16
4371,225125,228917,16,0,0,layered_block,circular,per_chunk,16,16
4372,238375,242250,16,0,0,layered_block,circular,per_chunk,16,16
4373,236667,240458,16,0,0,layered_block,circular,per_chunk,16,16
4374,238666,242500,16,0,0,layered_block,circular,per_chunk,16,16
4375,246875,250833,16,0,0,layered_block,circular,per_chunk,16,16
4376,253375,257208,16,0,0,layered_block,circular,per_chunk,16,16
4377,244750,248583,16,0,0,layered_block,circular,per_chunk,16,16
4378,236625,240459,16,0,0,layered_block,circular,per_chunk,16,16
4379,232042,235958,16,0,0,layered_block,circular,per_chunk,16,16
4380,229209,233041,16,0,0,layered_block,circular,per_chunk,16,16
4381,233500,237417,16,0,0,layered_block,circular,per_chunk,16,16
4382,228416,232250,16,0,0,layered_block,circular,per_chunk,16,16
4383,236583,240459,16,0,0,layered_block,circular,per_chunk,16,16
4384,298250,302291,16,0,0,layered_block,circular,per_chunk,16,16
4385,240333,244167,16,0,0,layered_block,circular,per_chunk,16,16
4386,293541,297583,16,0,0,layered_block,circular,per_chunk,16,16
4387,251625,255500,16,0,0,layered_block,circular,per_chunk,16,16
4388,252125,256083,16,0,0,layered_block,circular,per_chunk,16,16
4389,238833,242708,16,0,0,layered_block,circular,per_chunk,16,16
4390,236875,240792,16,0,0,layered_block,circular,per_chunk,16,16
4391,228208,232166,16,0,0,layered_block,circular,per_chunk,16,16
4392,234166,238083,16,0,0,layered_block,circular,per_chunk,16,16
4393,232292,236125,16,0,0,layered_block,circular,per_chunk,16,16
4394,238250,242166,16,0,0,layered_block,circular,per_chunk,16,16
4395,235208,244208,16,0,0,layered_block,circular,per_chunk,16,16
4396,235833,239750,16,0,0,layered_block,circular,per_chunk,16,16
4397,249791,253667,16,0,0,layered_block,circular,per_chunk,16,16
4398,251916,255834,16,0,0,layered_block,circular,per_chunk,16,16
4399,247208,251167,16,0,0,layered_block,circular,per_chunk,16,16
4400,240750,244625,16,0,0,layered_block,circular,per_chunk,16,16
4401,235292,239125,16,0,0,layered_block,circular,per_chunk,16,16
4402,221917,225834,16,0,0,layered_block,circular,per_chunk,16,16
4403,236292,240167,16,0,0,layered_block,circular,per_chunk,16,16
4404,235875,239750,16,0,0,layered_block,circular,per_chunk,16,16
4405,277500,281750,16,0,0,layered_block,circular,per_chunk,16,16
4406,241458,245334,16,0,0,layered_block,circular,per_chunk,16,16
4407,240250,244083,16,0,0,layered_block,circular,per_chunk,16,16
4408,241333,245333,16,0,0,layered_block,circular,per_chunk,16,16
4409,246542,250459,16,0,0,layered_block,circular,per_chunk,16,16
4410,246958,250917,16,0,0,layered_block,circular,per_chunk,16,16
4411,288417,292916,16,0,0,layered_block,circular,per_chunk,16,16
4412,229417,233792,16,0,0,layered_block,circular,per_chunk,16,16
4413,228167,232041,16,0,0,layered_block,circular,per_chunk,16,16
4414,235334,239208,16,0,0,layered_block,circular,per_chunk,16,16
4415,232541,236458,16,0,0,layered_block,circular,per_chunk,16,16
4416,229458,233333,16,0,0,layered_block,circular,per_chunk,16,16
4417,234291,238167,16,0,0,layered_block,circular,per_chunk,16,16
4418,240333,244208,16,0,0,layered_block,circular,per_chunk,16,16
4419,244041,247917,16,0,0,layered_block,circular,per_chunk,16,16
4420,250583,254458,16,0,0,layered_block,circular,per_chunk,16,16
4421,251667,255583,16,0,0,layered_block,circular,per_chunk,16,16
4422,243750,247666,16,0,0,layered_block,circular,per_chunk,16,16
4423,235500,239375,16,0,0,layered_block,circular,per_chunk,16,16
4424,227875,231750,16,0,0,layered_block,circular,per_chunk,16,16
4425,231125,235000,16,0,0,layered_block,circular,per_chunk,16,16
4426,281709,285792,16,0,0,layered_block,circular,per_chunk,16,16
4427,228541,232500,16,0,0,layered_block,circular,per_chunk,16,16
4428,236416,240292,16,0,0,layered_block,circular,per_chunk,16,16
4429,240458,244334,16,0,0,layered_block,circular,per_chunk,16,16
4430,241500,245291,16,0,0,layered_block,circular,per_chunk,16,16
4431,251750,255625,16,0,0,layered_block,circular,per_chunk,16,16
4432,252875,256709,16,0,0,layered_block,circular,per_chunk,16,16
4433,245292,249166,16,0,0,layered_block,circular,per_chunk,16,16
4434,236041,239958,16,0,0,layered_block,circular,per_chunk,16,16
4435,219125,223083,16,0,0,layered_block,circular,per_chunk,16,16
4436,235041,238917,16,0,0,layered_block,circular,per_chunk,16,16
4437,237750,241709,16,0,0,layered_block,circular,per_chunk,16,16
4438,234083,237959,16,0,0,layered_block,circular,per_chunk,16,16
4439,239916,243875,16,0,0,layered_block,circular,per_chunk,16,16
4440,238583,242459,16,0,0,layered_block,circular,per_chunk,16,16
4441,284583,288750,16,0,0,layered_block,circular,per_chunk,16,16
4442,253583,257458,16,0,0,layered_block,circular,per_chunk,16,16
4443,255833,259834,16,0,0,layered_block,circular,per_chunk,16,16
4444,247250,251167,16,0,0,layered_block,circular,per_chunk,16,16
4445,227833,231708,16,0,0,layered_block,circular,per_chunk,16,16
4446,225250,229666,16,0,0,layered_block,circular,per_chunk,16,16
4447,232959,236875,16,0,0,layered_block,circular,per_chunk,16,16
4448,238542,242500,16,0,0,layered_block,circular,per_chunk,16,16
4449,231458,235333,16,0,0,layered_block,circular,per_chunk,16,16
4450,236958,240875,16,0,0,layered_block,circular,per_chunk,16,16
4451,240208,244000,16,0,0,layered_block,circular,per_chunk,16,16
4452,236958,240916,16,0,0,layered_block,circular,per_chunk,16,16
4453,253000,256875,16,0,0,layered_block,circular,per_chunk,16,16
4454,251875,255708,16,0,0,layered_block,circular,per_chunk,16,16
4455,249167,253042,16,0,0,layered_block,circular,per_chunk,16,16
4456,281917,286167,16,0,0,layered_block,circular,per_chunk,16,16
4457,217125,221125,16,0,0,layered_block,circular,per_chunk,16,16
4458,229500,233458,16,0,0,layered_block,circular,per_chunk,16,16
4459,233833,237750,16,0,0,layered_block,circular,per_chunk,16,16
4460,225916,229833,16,0,0,layered_block,circular,per_chunk,16,16
4461,233583,237500,16,0,0,layered_block,circular,per_chunk,16,16
4462,235250,239208,16,0,0,layered_block,circular,per_chunk,16,16
4463,243500,247375,16,0,0,layered_block,circular,per_chunk,16,16
4464,247291,251250,16,0,0,layered_block,circular,per_chunk,16,16
4465,247167,251083,16,0,0,layered_block,circular,per_chunk,16,16
4466,245667,249625,16,0,0,layered_block,circular,per_chunk,16,16
4467,242625,246584,16,0,0,layered_block,circular,per_chunk,16,16
4468,215000,219000,16,0,0,layered_block,circular,per_chunk,16,16
4469,222750,226625,16,0,0,layered_block,circular,per_chunk,16,16
4470,233500,237709,16,0,0,layered_block,circular,per_chunk,16,16
4471,235417,239292,16,0,0,layered_block,circular,per_chunk,16,16
4472,235833,239709,16,0,0,layered_block,circular,per_chunk,16,16
4473,238125,242000,16,0,0,layered_block,circular,per_chunk,16,16
4474,236125,240042,16,0,0,layered_block,circular,per_chunk,16,16
4475,251291,255125,16,0,0,layered_block,circular,per_chunk,16,16
4476,252167,256000,16,0,0,layered_block,circular,per_chunk,16,16
4477,250541,254417,16,0,0,layered_block,circular,per_chunk,16,16
4478,242167,246042,16,0,0,layered_block,circular,per_chunk,16,16
4479,222750,226667,16,0,0,layered_block,circular,per_chunk,16,16
4480,228250,232125,16,0,0,layered_block,circular,per_chunk,16,16
4481,234166,238084,16,0,0,layered_block,circular,per_chunk,16,16
4482,228458,232792,16,0,0,layered_block,circular,per_chunk,16,16
4483,232083,235917,16,0,0,layered_block,circular,per_chunk,16,16
4484,241125,244917,16,0,0,layered_block,circular,per_chunk,16,16
4485,242833,246709,16,0,0,layered_block,circular,per_chunk,16,16
4486,247083,250875,16,0,0,layered_block,circular,per_chunk,16,16
4487,249958,253833,16,0,0,layered_block,circular,per_chunk,16,16
4488,245292,249292,16,0,0,layered_block,circular,per_chunk,16,16
4489,240791,244625,16,0,0,layered_block,circular,per_chunk,16,16
4490,232750,236583,16,0,0,layered_block,circular,per_chunk,16,16
4491,220792,224667,16,0,0,layered_block,circular,per_chunk,16,16
4492,231292,235166,16,0,0,layered_block,circular,per_chunk,16,16
4493,231541,235417,16,0,0,layered_block,circular,per_chunk,16,16
4494,232459,236292,16,0,0,layered_block,circular,per_chunk,16,16
4495,240000,243833,16,0,0,layered_block,circular,per_chunk,16,16
4496,236250,240125,16,0,0,layered_block,circular,per_chunk,16,16
4497,237416,241208,16,0,0,layered_block,circular,per_chunk,16,16
4498,246750,250666,16,0,0,layered_block,circular,per_chunk,16,16
4499,247792,251708,16,0,0,layered_block,circular,per_chunk,16,16
4500,243666,247458,16,0,0,layered_block,circular,per_chunk,16,16
4501,235791,239667,16,0,0,layered_block,circular,per_chunk,16,16
4502,215709,219708,16,0,0,layered_block,circular,per_chunk,16,16
4503,236208,240042,16,0,0,layered_block,circular,per_chunk,16,16
4504,235708,239542,16,0,0,layered_block,circular,per_chunk,16,16
4505,232833,236667,16,0,0,layered_block,circular,per_chunk,16,16
4506,289042,293000,16,0,0,layered_block,circular,per_chunk,16,16
4507,237959,241833,16,0,0,layered_block,circular,per_chunk,16,16
4508,242125,245959,16,0,0,layered_block,circular,per_chunk,16,16
4509,251791,255625,16,0,0,layered_block,circular,per_chunk,16,16
4510,298041,302500,16,0,0,layered_block,circular,per_chunk,16,16
4511,245666,249542,16,0,0,layered_block,circular,per_chunk,16,16
4512,241208,245417,16,0,0,layered_block,circular,per_chunk,16,16
4513,214208,218125,16,0,0,layered_block,circular,per_chunk,16,16
4514,235916,239750,16,0,0,layered_block,circular,per_chunk,16,16
4515,236000,239833,16,0,0,layered_block,circular,per_chunk,16,16
4516,227333,231209,16,0,0,layered_block,circular,per_chunk,16,16
4517,240542,244500,16,0,0,layered_block,circular,per_chunk,16,16
4518,240250,244125,16,0,0,layered_block,circular,per_chunk,16,16
4519,242333,246209,16,0,0,layered_block,circular,per_chunk,16,16
4520,251000,254792,16,0,0,layered_block,circular,per_chunk,16,16
4521,252250,256083,16,0,0,layered_block,circular,per_chunk,16,16
4522,248041,251875,16,0,0,layered_block,circular,per_chunk,16,16
4523,235666,239583,16,0,0,layered_block,circular,per_chunk,16,16
4524,219875,223750,16,0,0,layered_block,circular,per_chunk,16,16
4525,275584,279875,16,0,0,layered_block,circular,per_chunk,16,16
4526,237250,241125,16,0,0,layered_block,circular,per_chunk,16,16
4527,235041,238917,16,0,0,layered_block,circular,per_chunk,16,16
4528,239709,243542,16,0,0,layered_block,circular,per_chunk,16,16
4529,235000,238917,16,0,0,layered_block,circular,per_chunk,16,16
4530,239542,243417,16,0,0,layered_block,circular,per_chunk,16,16
4531,251708,255542,16,0,0,layered_block,circular,per_chunk,16,16
4532,246125,250250,16,0,0,layered_block,circular,per_chunk,16,16
4533,249458,253334,16,0,0,layered_block,circular,per_chunk,16,16
4534,242875,246708,16,0,0,layered_block,circular,per_chunk,16,16
4535,221125,224959,16,0,0,layered_block,circular,per_chunk,16,16
4536,229709,233541,16,0,0,layered_block,circular,per_chunk,16,16
4537,237167,241042,16,0,0,layered_block,circular,per_chunk,16,16
4538,234625,238500,16,0,0,layered_block,circular,per_chunk,16,16
4539,236292,240166,16,0,0,layered_block,circular,per_chunk,16,16
4540,286167,290542,16,0,0,layered_block,circular,per_chunk,16,16
4541,235958,239834,16,0,0,layered_block,circular,per_chunk,16,16
4542,245834,249750,16,0,0,layered_block,circular,per_chunk,16,16
4543,246333,250167,16,0,0,layered_block,circular,per_chunk,16,16
4544,252083,256083,16,0,0,layered_block,circular,per_chunk,16,16
4545,243791,247625,16,0,0,layered_block,circular,per_chunk,16,16
4546,277750,281917,16,0,0,layered_block,circular,per_chunk,16,16
4547,229459,233291,16,0,0,layered_block,circular,per_chunk,16,16
4548,232500,236417,16,0,0,layered_block,circular,per_chunk,16,16
4549,231250,235250,16,0,0,layered_block,circular,per_chunk,16,16
4550,231000,234916,16,0,0,layered_block,circular,per_chunk,16,16
4551,237417,241250,16,0,0,layered_block,circular,per_chunk,16,16
4552,237042,240875,16,0,0,layered_block,circular,per_chunk,16,16
4553,243333,247667,16,0,0,layered_block,circular,per_chunk,16,16
4554,251167,254958,16,0,0,layered_block,circular,per_chunk,16,16
4555,245500,249375,16,0,0,layered_block,circular,per_chunk,16,16
4556,244083,247917,16,0,0,layered_block,circular,per_chunk,16,16
4557,234459,238291,16,0,0,layered_block,circular,per_chunk,16,16
4558,221458,225375,16,0,0,layered_block,circular,per_chunk,16,16
4559,233708,237666,16,0,0,layered_block,circular,per_chunk,16,16
4560,229542,233500,16,0,0,layered_block,circular,per_chunk,16,16
4561,233542,237375,16,0,0,layered_block,circular,per_chunk,16,16
4562,241708,245542,16,0,0,layered_block,circular,per_chunk,16,16
4563,234583,238834,16,0,0,layered_block,circular,per_chunk,16,16
4564,245709,249583,16,0,0,layered_block,circular,per_chunk,16,16
4565,247250,251166,16,0,0,layered_block,circular,per_chunk,16,16
4566,250833,254709,16,0,0,layered_block,circular,per_chunk,16,16
4567,242042,246042,16,0,0,layered_block,circular,per_chunk,16,16
4568,238709,242541,16,0,0,layered_block,circular,per_chunk,16,16
4569,230875,234750,16,0,0,layered_block,circular,per_chunk,16,16
4570,232875,241083,16,0,0,layered_block,circular,per_chunk,16,16
4571,227833,231791,16,0,0,layered_block,circular,per_chunk,16,16
4572,232875,236792,16,0,0,layered_block,circular,per_chunk,16,16
4573,238000,242000,16,0,0,layered_block,circular,per_chunk,16,16
4574,242708,246583,16,0,0,layered_block,circular,per_chunk,16,16
4575,243542,247459,16,0,0,layered_block,circular,per_chunk,16,16
4576,246875,250750,16,0,0,layered_block,circular,per_chunk,16,16
4577,238750,242792,16,0,0,layered_block,circular,per_chunk,16,16
4578,244792,248708,16,0,0,layered_block,circular,per_chunk,16,16
4579,236500,240375,16,0,0,layered_block,circular,per_chunk,16,16
4580,233083,237084,16,0,0,layered_block,circular,per_chunk,16,16
4581,231875,235750,16,0,0,layered_block,circular,per_chunk,16,16
4582,238625,242500,16,0,0,layered_block,circular,per_chunk,16,16
4583,238375,242250,16,0,0,layered_block,circular,per_chunk,16,16
4584,235792,239708,16,0,0,layered_block,circular,per_chunk,16,16
4585,235458,239292,16,0,0,layered_block,circular,per_chunk,16,16
4586,236708,240542,16,0,0,layered_block,circular,per_chunk,16,16
4587,230083,234000,16,0,0,layered_block,circular,per_chunk,16,16
4588,229083,232958,16,0,0,layered_block,circular,per_chunk,16,16
4589,240958,244917,16,0,0,layered_block,circular,per_chunk,16,16
4590,237042,240916,16,0,0,layered_block,circular,per_chunk,16,16
4591,228458,232334,16,0,0,layered_block,circular,per_chunk,16,16
4592,222167,226083,16,0,0,layered_block,circular,per_chunk,16,16
4593,227500,231666,16,0,0,layered_block,circular,per_chunk,16,16
4594,226125,230041,16,0,0,layered_block,circular,per_chunk,16,16
4595,228041,231917,16,0,0,layered_block,circular,per_chunk,16,16
4596,222417,226417,16,0,0,layered_block,circular,per_chunk,16,16
4597,217708,221584,16,0,0,layered_block,circular,per_chunk,16,16
4598,212375,216209,16,0,0,layered_block,circular,per_chunk,16,16
4599,228833,232709,16,0,0,layered_block,circular,per_chunk,16,16
4600,238958,242875,16,0,0,layered_block,circular,per_chunk,16,16
4601,222834,226708,16,0,0,layered_block,circular,per_chunk,16,16
4602,213083,217042,16,0,0,layered_block,circular,per_chunk,16,16
4603,214375,218709,16,0,0,layered_block,circular,per_chunk,16,16
4604,220125,224000,16,0,0,layered_block,circular,per_chunk,16,16
4605,218917,222792,16,0,0,layered_block,circular,per_chunk,16,16
4606,221542,225417,16,0,0,layered_block,circular,per_chunk,16,16
4607,210750,214666,16,0,0,layered_block,circular,per_chunk,16,16
4608,220125,224000,16,0,0,layered_block,circular,per_chunk,16,16
4609,226083,229958,16,0,0,layered_block,circular,per_chunk,16,16
4610,227542,231500,16,0,0,layered_block,circular,per_chunk,16,16
4611,221416,225334,16,0,0,layered_block,circular,per_chunk,16,16
4612,221291,225125,16,0,0,layered_block,circular,per_chunk,16,16
4613,228625,232542,16,0,0,layered_block,circular,per_chunk,16,16
4614,218167,221958,16,0,0,layered_block,circular,per_chunk,16,16
4615,227083,231000,16,0,0,layered_block,circular,per_chunk,16,16
4616,209375,213250,16,0,0,layered_block,circular,per_chunk,16,16
4617,214625,218500,16,0,0,layered_block,circular,per_chunk,16,16
4618,216333,220208,16,0,0,layered_block,circular,per_chunk,16,16
4619,219125,223000,16,0,0,layered_block,circular,per_chunk,16,16
4620,212959,216833,16,0,0,layered_block,circular,per_chunk,16,16
4621,217292,221167,16,0,0,layered_block,circular,per_chunk,16,16
4622,215000,218916,16,0,0,layered_block,circular,per_chunk,16,16
4623,214500,218375,16,0,0,layered_block,circular,per_chunk,16,16
4624,211250,215167,16,0,0,layered_block,circular,per_chunk,16,16
4625,215834,219708,16,0,0,layered_block,circular,per_chunk,16,16
4626,214083,217959,16,0,0,layered_block,circular,per_chunk,16,16
4627,212000,215917,16,0,0,layered_block,circular,per_chunk,16,16
4628,220750,224666,16,0,0,layered_block,circular,per_chunk,16,16
4629,211834,215750,16,0,0,layered_block,circular,per_chunk,16,16
4630,218167,222041,16,0,0,layered_block,circular,per_chunk,16,16
4631,217750,221583,16,0,0,layered_block,circular,per_chunk,16,16
4632,212209,216041,16,0,0,layered_block,circular,per_chunk,16,16
4633,211916,215917,16,0,0,layered_block,circular,per_chunk,16,16
4634,217750,221833,16,0,0,layered_block,circular,per_chunk,16,16
4635,221167,225125,16,0,0,layered_block,circular,per_chunk,16,16
4636,221291,225208,16,0,0,layered_block,circular,per_chunk,16,16
4637,214166,218084,16,0,0,layered_block,circular,per_chunk,16,16
4638,219959,223833,16,0,0,layered_block,circular,per_chunk,16,16
4639,225375,229250,16,0,0,layered_block,circular,per_chunk,16,16
4640,221625,225542,16,0,0,layered_block,circular,per_chunk,16,16
4641,228042,231875,16,0,0,layered_block,circular,per_chunk,16,16
4642,222833,226667,16,0,0,layered_block,circular,per_chunk,16,16
4643,217500,221334,16,0,0,layered_block,circular,per_chunk,16,16
4644,211000,214917,16,0,0,layered_block,circular,per_chunk,16,16
4645,219334,223167,16,0,0,layered_block,circular,per_chunk,16,16
4646,218667,222541,16,0,0,layered_block,circular,per_chunk,16,16
4647,283500,288083,16,0,0,layered_block,circular,per_chunk,16,16
4648,227667,231541,16,0,0,layered_block,circular,per_chunk,16,16
4649,225417,229250,16,0,0,layered_block,circular,per_chunk,16,16
4650,222375,226250,16,0,0,layered_block,circular,per_chunk,16,16
4651,230333,234167,16,0,0,layered_block,circular,per_chunk,16,16
4652,226459,230333,16,0,0,layered_block,circular,per_chunk,16,16
4653,220417,224417,16,0,0,layered_block,circular,per_chunk,16,16
4654,228000,231833,16,0,0,layered_block,circular,per_chunk,16,16
4655,222958,226875,16,0,0,layered_block,circular,per_chunk,16,16
4656,222708,226542,16,0,0,layered_block,circular,per_chunk,16,16
4657,212834,216791,16,0,0,layered_block,circular,per_chunk,16,16
4658,211708,215583,16,0,0,layered_block,circular,per_chunk,16,16
4659,220541,224459,16,0,0,layered_block,circular,per_chunk,16,16
4660,222458,226333,16,0,0,layered_block,circular,per_chunk,16,16
4661,226083,230000,16,0,0,layered_block,circular,per_chunk,16,16
4662,225166,229083,16,0,0,layered_block,circular,per_chunk,16,16
4663,262041,266125,16,0,0,layered_block,circular,per_chunk,16,16
4664,223792,227625,16,0,0,layered_block,circular,per_chunk,16,16
4665,217334,221166,16,0,0,layered_block,circular,per_chunk,16,16
4666,219584,223416,16,0,0,layered_block,circular,per_chunk,16,16
4667,214125,218083,16,0,0,layered_block,circular,per_chunk,16,16
4668,218667,222625,16,0,0,layered_block,circular,per_chunk,16,16
4669,237292,241167,16,0,0,layered_block,circular,per_chunk,16,16
4670,251208,255084,16,0,0,layered_block,circular,per_chunk,16,16
4671,245125,248917,16,0,0,layered_block,circular,per_chunk,16,16
4672,291833,296000,16,0,0,layered_block,circular,per_chunk,16,16
4673,245625,249500,16,0,0,layered_block,circular,per_chunk,16,16
4674,246708,250584,16,0,0,layered_block,circular,per_chunk,16,16
4675,235000,238833,16,0,0,layered_block,circular,per_chunk,16,16
4676,225750,229625,16,0,0,layered_block,circular,per_chunk,16,16
4677,225084,228875,16,0,0,layered_block,circular,per_chunk,16,16
4678,229666,233583,16,0,0,layered_block,circular,per_chunk,16,16
4679,227209,231042,16,0,0,layered_block,circular,per_chunk,16,16
4680,219958,223833,16,0,0,layered_block,circular,per_chunk,16,16
4681,245791,249583,16,0,0,layered_block,circular,per_chunk,16,16
4682,248208,252084,16,0,0,layered_block,circular,per_chunk,16,16
4683,295375,299542,16,0,0,layered_block,circular,per_chunk,16,16
4684,258167,262042,16,0,0,layered_block,circular,per_chunk,16,16
4685,246667,250542,16,0,0,layered_block,circular,per_chunk,16,16
4686,248500,252334,16,0,0,layered_block,circular,per_chunk,16,16
4687,247250,251167,16,0,0,layered_block,circular,per_chunk,16,16
4688,239541,243416,16,0,0,layered_block,circular,per_chunk,16,16
4689,239208,243042,16,0,0,layered_block,circular,per_chunk,16,16
4690,236417,240291,16,0,0,layered_block,circular,per_chunk,16,16
4691,242500,246375,16,0,0,layered_block,circular,per_chunk,16,16
4692,235250,239125,16,0,0,layered_block,circular,per_chunk,16,16
4693,225250,229167,16,0,0,layered_block,circular,per_chunk,16,16
4694,231667,235500,16,0,0,layered_block,circular,per_chunk,16,16
4695,245375,249208,16,0,0,layered_block,circular,per_chunk,16,16
4696,251208,255083,16,0,0,layered_block,circular,per_chunk,16,16
4697,250709,254541,16,0,0,layered_block,circular,per_chunk,16,16
4698,256583,260458,16,0,0,layered_block,circular,per_chunk,16,16
4699,251000,254833,16,0,0,layered_block,circular,per_chunk,16,16
4700,247917,251833,16,0,0,layered_block,circular,per_chunk,16,16
4701,294541,298500,16,0,0,layered_block,circular,per_chunk,16,16
4702,244125,248000,16,0,0,layered_block,circular,per_chunk,16,16
4703,287750,291875,16,0,0,layered_block,circular,per_chunk,16,16
4704,232584,236458,16,0,0,layered_block,circular,per_chunk,16,16
4705,225917,229750,16,0,0,layered_block,circular,per_chunk,16,16
4706,228584,232375,16,0,0,layered_block,circular,per_chunk,16,16
4707,219250,223083,16,0,0,layered_block,circular,per_chunk,16,16
4708,229750,233583,16,0,0,layered_block,circular,per_chunk,16,16
4709,245250,249084,16,0,0,layered_block,circular,per_chunk,16,16
4710,252667,256541,16,0,0,layered_block,circular,per_chunk,16,16
4711,252000,255875,16,0,0,layered_block,circular,per_chunk,16,16
4712,257292,261166,16,0,0,layered_block,circular,per_chunk,16,16
4713,250583,254417,16,0,0,layered_block,circular,per_chunk,16,16
4714,245458,249333,16,0,0,layered_block,circular,per_chunk,16,16
4715,240250,244125,16,0,0,layered_block,circular,per_chunk,16,16
4716,239417,243209,16,0,0,layered_block,circular,per_chunk,16,16
4717,235041,238917,16,0,0,layered_block,circular,per_chunk,16,16
4718,234958,238833,16,0,0,layered_block,circular,per_chunk,16,16
4719,228959,232833,16,0,0,layered_block,circular,per_chunk,16,16
4720,222333,226209,16,0,0,layered_block,circular,per_chunk,16,16
4721,222417,226375,16,0,0,layered_block,circular,per_chunk,16,16
4722,233625,237583,16,0,0,layered_block,circular,per_chunk,16,16
4723,241417,245375,16,0,0,layered_block,circular,per_chunk,16,16
4724,246708,250625,16,0,0,layered_block,circular,per_chunk,16,16
4725,247083,251083,16,0,0,layered_block,circular,per_chunk,16,16
4726,251458,255334,16,0,0,layered_block,circular,per_chunk,16,16
4727,250791,254625,16,0,0,layered_block,circular,per_chunk,16,16
4728,240125,244041,16,0,0,layered_block,circular,per_chunk,16,16
4729,244708,248584,16,0,0,layered_block,circular,per_chunk,16,16
4730,243459,247333,16,0,0,layered_block,circular,per_chunk,16,16
4731,236584,240458,16,0,0,layered_block,circular,per_chunk,16,16
4732,236125,240000,16,0,0,layered_block,circular,per_chunk,16,16
4733,238500,242375,16,0,0,layered_block,circular,per_chunk,16,16
4734,227666,231542,16,0,0,layered_block,circular,per_chunk,16,16
4735,225500,229417,16,0,0,layered_block,circular,per_chunk,16,16
4736,237000,240833,16,0,0,layered_block,circular,per_chunk,16,16
4737,286584,290791,16,0,0,layered_block,circular,per_chunk,16,16
4738,251208,255084,16,0,0,layered_block,circular,per_chunk,16,16
4739,253625,257541,16,0,0,layered_block,circular,per_chunk,16,16
4740,255750,259625,16,0,0,layered_block,circular,per_chunk,16,16
4741,248292,252208,16,0,0,layered_block,circular,per_chunk,16,16
4742,245458,249375,16,0,0,layered_block,circular,per_chunk,16,16
4743,238375,242292,16,0,0,layered_block,circular,per_chunk,16,16
4744,241958,245792,16,0,0,layered_block,circular,per_chunk,16,16
4745,234333,238250,16,0,0,layered_block,circular,per_chunk,16,16
4746,237125,240958,16,0,0,layered_block,circular,per_chunk,16,16
4747,275916,279959,16,0,0,layered_block,circular,per_chunk,16,16
4748,224583,228500,16,0,0,layered_block,circular,per_chunk,16,16
4749,226625,230500,16,0,0,layered_block,circular,per_chunk,16,16
4750,239041,242917,16,0,0,layered_block,circular,per_chunk,16,16
4751,242916,246792,16,0,0,layered_block,circular,per_chunk,16,16
4752,243875,247875,16,0,0,layered_block,circular,per_chunk,16,16
4753,246708,250667,16,0,0,layered_block,circular,per_chunk,16,16
4754,255291,259167,16,0,0,layered_block,circular,per_chunk,16,16
4755,241542,245416,16,0,0,layered_block,circular,per_chunk,16,16
4756,240375,244333,16,0,0,layered_block,circular,per_chunk,16,16
4757,243583,247500,16,0,0,layered_block,circular,per_chunk,16,16
4758,239416,243708,16,0,0,layered_block,circular,per_chunk,16,16
4759,228459,232417,16,0,0,layered_block,circular,per_chunk,16,16
4760,233333,237250,16,0,0,layered_block,circular,per_chunk,16,16
4761,230542,234625,16,0,0,layered_block,circular,per_chunk,16,16
4762,226666,230542,16,0,0,layered_block,circular,per_chunk,16,16
4763,229291,233125,16,0,0,layered_block,circular,per_chunk,16,16
4764,284208,288542,16,0,0,layered_block,circular,per_chunk,16,16
4765,245250,249208,16,0,0,layered_block,circular,per_chunk,16,16
4766,286625,290833,16,0,0,layered_block,circular,per_chunk,16,16
4767,248000,251917,16,0,0,layered_block,circular,per_chunk,16,16
4768,255458,259333,16,0,0,layered_block,circular,per_chunk,16,16
4769,240667,244625,16,0,0,layered_block,circular,per_chunk,16,16
4770,245000,248833,16,0,0,layered_block,circular,per_chunk,16,16
4771,236708,240584,16,0,0,layered_block,circular,per_chunk,16,16
4772,244458,248333,16,0,0,layered_block,circular,per_chunk,16,16
4773,236708,240542,16,0,0,layered_block,circular,per_chunk,16,16
4774,232875,241833,16,0,0,layered_block,circular,per_chunk,16,16
4775,232625,236500,16,0,0,layered_block,circular,per_chunk,16,16
4776,223500,227375,16,0,0,layered_block,circular,per_chunk,16,16
4777,231375,235459,16,0,0,layered_block,circular,per_chunk,16,16
4778,230250,234166,16,0,0,layered_block,circular,per_chunk,16,16
4779,250334,254250,16,0,0,layered_block,circular,per_chunk,16,16
4780,241458,245375,16,0,0,layered_block,circular,per_chunk,16,16
4781,251500,255375,16,0,0,layered_block,circular,per_chunk,16,16
4782,255667,259583,16,0,0,layered_block,circular,per_chunk,16,16
4783,243667,247500,16,0,0,layered_block,circular,per_chunk,16,16
4784,244125,248000,16,0,0,layered_block,circular,per_chunk,16,16
4785,237458,241458,16,0,0,layered_block,circular,per_chunk,16,16
4786,244167,248000,16,0,0,layered_block,circular,per_chunk,16,16
4787,236208,240083,16,0,0,layered_block,circular,per_chunk,16,16
4788,234459,238291,16,0,0,layered_block,circular,per_chunk,16,16
4789,229958,233833,16,0,0,layered_block,circular,per_chunk,16,16
4790,222041,225917,16,0,0,layered_block,circular,per_chunk,16,16
4791,231042,234959,16,0,0,layered_block,circular,per_chunk,16,16
4792,273333,277375,16,0,0,layered_block,circular,per_chunk,16,16
4793,250583,254417,16,0,0,layered_block,circular,per_chunk,16,16
4794,281125,285084,16,0,0,layered_block,circular,per_chunk,16,16
4795,249416,253292,16,0,0,layered_block,circular,per_chunk,16,16
4796,250625,254584,16,0,0,layered_block,circular,per_chunk,16,16
4797,242250,246084,16,0,0,layered_block,circular,per_chunk,16,16
4798,246167,250000,16,0,0,layered_block,circular,per_chunk,16,16
4799,242208,246083,16,0,0,layered_block,circular,per_chunk,16,16
4800,240042,244042,16,0,0,layered_block,circular,per_chunk,16,16
4801,237500,241417,16,0,0,layered_block,circular,per_chunk,16,16
4802,278375,282417,16,0,0,layered_block,circular,per_chunk,16,16
4803,225750,229667,16,0,0,layered_block,circular,per_chunk,16,16
4804,224958,228833,16,0,0,layered_block,circular,per_chunk,16,16
4805,229416,233375,16,0,0,layered_block,circular,per_chunk,16,16
4806,237916,241834,16,0,0,layered_block,circular,per_chunk,16,16
4807,249834,253708,16,0,0,layered_block,circular,per_chunk,16,16
4808,237250,241250,16,0,0,layered_block,circular,per_chunk,16,16
4809,245750,249708,16,0,0,layered_block,circular,per_chunk,16,16
4810,254250,258125,16,0,0,layered_block,circular,per_chunk,16,16
4811,238250,242208,16,0,0,layered_block,circular,per_chunk,16,16
4812,244958,248875,16,0,0,layered_block,circular,per_chunk,16,16
4813,239333,243250,16,0,0,layered_block,circular,per_chunk,16,16
4814,243708,247542,16,0,0,layered_block,circular,per_chunk,16,16
4815,235708,239542,16,0,0,layered_block,circular,per_chunk,16,16
4816,237334,241208,16,0,0,layered_block,circular,per_chunk,16,16
4817,234000,237875,16,0,0,layered_block,circular,per_chunk,16,16
4818,226583,230500,16,0,0,layered_block,circular,per_chunk,16,16
4819,232542,236375,16,0,0,layered_block,circular,per_chunk,16,16
4820,239458,243334,16,0,0,layered_block,circular,per_chunk,16,16
4821,249583,253459,16,0,0,layered_block,circular,per_chunk,16,16
4822,239625,243500,16,0,0,layered_block,circular,per_chunk,16,16
4823,245417,249250,16,0,0,layered_block,circular,per_chunk,16,16
4824,249625,253542,16,0,0,layered_block,circular,per_chunk,16,16
4825,244625,248500,16,0,0,layered_block,circular,per_chunk,16,16
4826,243583,247375,16,0,0,layered_block,circular,per_chunk,16,16
4827,243791,247625,16,0,0,layered_block,circular,per_chunk,16,16
4828,243792,247667,16,0,0,layered_block,circular,per_chunk,16,16
4829,235625,239542,16,0,0,layered_block,circular,per_chunk,16,16
4830,237500,241334,16,0,0,layered_block,circular,per_chunk,16,16
4831,231916,235708,16,0,0,layered_block,circular,per_chunk,16,16
4832,225000,228875,16,0,0,layered_block,circular,per_chunk,16,16
4833,235334,239166,16,0,0,layered_block,circular,per_chunk,16,16
4834,285667,289750,16,0,0,layered_block,circular,per_chunk,16,16
4835,247792,251667,16,0,0,layered_block,circular,per_chunk,16,16
4836,276458,280542,16,0,0,layered_block,circular,per_chunk,16,16
4837,246000,249958,16,0,0,layered_block,circular,per_chunk,16,16
4838,256167,260000,16,0,0,layered_block,circular,per_chunk,16,16
4839,237417,241250,16,0,0,layered_block,circular,per_chunk,16,16
4840,246708,250625,16,0,0,layered_block,circular,per_chunk,16,16
4841,239334,243250,16,0,0,layered_block,circular,per_chunk,16,16
4842,245667,249541,16,0,0,layered_block,circular,per_chunk,16,16
4843,234166,237958,16,0,0,layered_block,circular,per_chunk,16,16
4844,238125,241917,16,0,0,layered_block,circular,per_chunk,16,16
4845,232833,236750,16,0,0,layered_block,circular,per_chunk,16,16
4846,225584,229416,16,0,0,layered_block,circular,per_chunk,16,16
4847,233708,237583,16,0,0,layered_block,circular,per_chunk,16,16
4848,242667,246500,16,0,0,layered_block,circular,per_chunk,16,16
4849,246333,250209,16,0,0,layered_block,circular,per_chunk,16,16
4850,233083,236958,16,0,0,layered_block,circular,per_chunk,16,16
4851,245750,249625,16,0,0,layered_block,circular,per_chunk,16,16
4852,248084,252000,16,0,0,layered_block,circular,per_chunk,16,16
4853,242875,246708,16,0,0,layered_block,circular,per_chunk,16,16
4854,238458,242291,16,0,0,layered_block,circular,per_chunk,16,16
4855,244042,247917,16,0,0,layered_block,circular,per_chunk,16,16
4856,239000,242917,16,0,0,layered_block,circular,per_chunk,16,16
4857,226833,230750,16,0,0,layered_block,circular,per_chunk,16,16
4858,232083,235959,16,0,0,layered_block,circular,per_chunk,16,16
4859,228458,232375,16,0,0,layered_block,circular,per_chunk,16,16
4860,231458,235292,16,0,0,layered_block,circular,per_chunk,16,16
4861,228166,232000,16,0,0,layered_block,circular,per_chunk,16,16
4862,246541,250417,16,0,0,layered_block,circular,per_chunk,16,16
4863,239625,243542,16,0,0,layered_block,circular,per_chunk,16,16
4864,228042,231875,16,0,0,layered_block,circular,per_chunk,16,16
4865,251041,254917,16,0,0,layered_block,circular,per_chunk,16,16
4866,252750,256625,16,0,0,layered_block,circular,per_chunk,16,16
4867,242042,245917,16,0,0,layered_block,circular,per_chunk,16,16
4868,238708,242584,16,0,0,layered_block,circular,per_chunk,16,16
4869,244000,247833,16,0,0,layered_block,circular,per_chunk,16,16
4870,237500,241333,16,0,0,layered_block,circular,per_chunk,16,16
4871,228667,236584,16,0,0,layered_block,circular,per_chunk,16,16
4872,235333,239125,16,0,0,layered_block,circular,per_chunk,16,16
4873,233084,236958,16,0,0,layered_block,circular,per_chunk,16,16
4874,236250,240125,16,0,0,layered_block,circular,per_chunk,16,16
4875,232625,236458,16,0,0,layered_block,circular,per_chunk,16,16
4876,250375,254375,16,0,0,layered_block,circular,per_chunk,16,16
4877,242792,246625,16,0,0,layered_block,circular,per_chunk,16,16
4878,279084,283125,16,0,0,layered_block,circular,per_chunk,16,16
4879,246625,250584,16,0,0,layered_block,circular,per_chunk,16,16
4880,247250,251208,16,0,0,layered_block,circular,per_chunk,16,16
4881,242458,246333,16,0,0,layered_block,circular,per_chunk,16,16
4882,243375,247208,16,0,0,layered_block,circular,per_chunk,16,16
4883,243458,247250,16,0,0,layered_block,circular,per_chunk,16,16
4884,239042,242916,16,0,0,layered_block,circular,per_chunk,16,16
4885,230833,234708,16,0,0,layered_block,circular,per_chunk,16,16
4886,271792,281209,16,0,0,layered_block,circular,per_chunk,16,16
4887,229125,233125,16,0,0,layered_block,circular,per_chunk,16,16
4888,233583,242166,16,0,0,layered_block,circular,per_chunk,16,16
4889,232917,236792,16,0,0,layered_block,circular,per_chunk,16,16
4890,241041,244958,16,0,0,layered_block,circular,per_chunk,16,16
4891,243708,247583,16,0,0,layered_block,circular,per_chunk,16,16
4892,236084,239958,16,0,0,layered_block,circular,per_chunk,16,16
4893,250875,254750,16,0,0,layered_block,circular,per_chunk,16,16
4894,251459,255291,16,0,0,layered_block,circular,per_chunk,16,16
4895,236042,239917,16,0,0,layered_block,circular,per_chunk,16,16
4896,243583,247458,16,0,0,layered_block,circular,per_chunk,16,16
4897,237750,241791,16,0,0,layered_block,circular,per_chunk,16,16
4898,241833,245750,16,0,0,layered_block,circular,per_chunk,16,16
4899,236917,240750,16,0,0,layered_block,circular,per_chunk,16,16
4900,235250,239125,16,0,0,layered_block,circular,per_chunk,16,16
4901,233250,237125,16,0,0,layered_block,circular,per_chunk,16,16
4902,236750,240625,16,0,0,layered_block,circular,per_chunk,16,16
4903,277625,281667,16,0,0,layered_block,circular,per_chunk,16,16
4904,245292,249209,16,0,0,layered_block,circular,per_chunk,16,16
4905,285791,289875,16,0,0,layered_block,circular,per_chunk,16,16
4906,237125,241000,16,0,0,layered_block,circular,per_chunk,16,16
4907,289041,293083,16,0,0,layered_block,circular,per_chunk,16,16
4908,245959,250000,16,0,0,layered_block,circular,per_chunk,16,16
4909,288167,292166,16,0,0,layered_block,circular,per_chunk,16,16
4910,239625,243500,16,0,0,layered_block,circular,per_chunk,16,16
4911,248167,294875,16,0,0,layered_block,circular,per_chunk,16,16
4912,236084,240000,16,0,0,layered_block,circular,per_chunk,16,16
4913,230125,234083,16,0,0,layered_block,circular,per_chunk,16,16
4914,230666,234667,16,0,0,layered_block,circular,per_chunk,16,16
4915,230667,234583,16,0,0,layered_block,circular,per_chunk,16,16
4916,229084,237833,16,0,0,layered_block,circular,per_chunk,16,16
4917,236667,240625,16,0,0,layered_block,circular,per_chunk,16,16
4918,238209,242083,16,0,0,layered_block,circular,per_chunk,16,16
4919,242833,246709,16,0,0,layered_block,circular,per_chunk,16,16
4920,236208,240083,16,0,0,layered_block,circular,per_chunk,16,16
4921,251000,254834,16,0,0,layered_block,circular,per_chunk,16,16
4922,250125,254000,16,0,0,layered_block,circular,per_chunk,16,16
4923,241458,245291,16,0,0,layered_block,circular,per_chunk,16,16
4924,243084,247000,16,0,0,layered_block,circular,per_chunk,16,16
4925,243334,247166,16,0,0,layered_block,circular,per_chunk,16,16
4926,235000,238875,16,0,0,layered_block,circular,per_chunk,16,16
4927,228917,232875,16,0,0,layered_block,circular,per_chunk,16,16
4928,231167,235083,16,0,0,layered_block,circular,per_chunk,16,16
4929,231750,235667,16,0,0,layered_block,circular,per_chunk,16,16
4930,226125,230000,16,0,0,layered_block,circular,per_chunk,16,16
4931,237167,241041,16,0,0,layered_block,circular,per_chunk,16,16
4932,242833,246667,16,0,0,layered_block,circular,per_chunk,16,16
4933,242291,246167,16,0,0,layered_block,circular,per_chunk,16,16
4934,228542,232417,16,0,0,layered_block,circular,per_chunk,16,16
4935,251209,255083,16,0,0,layered_block,circular,per_chunk,16,16
4936,249333,253209,16,0,0,layered_block,circular,per_chunk,16,16
4937,240833,244709,16,0,0,layered_block,circular,per_chunk,16,16
4938,243042,246917,16,0,0,layered_block,circular,per_chunk,16,16
4939,244292,248208,16,0,0,layered_block,circular,per_chunk,16,16
4940,239458,243334,16,0,0,layered_block,circular,per_chunk,16,16
4941,232125,236083,16,0,0,layered_block,circular,per_chunk,16,16
4942,235667,239541,16,0,0,layered_block,circular,per_chunk,16,16
4943,239417,243250,16,0,0,layered_block,circular,per_chunk,16,16
4944,317667,321958,16,0,0,layered_block,circular,per_chunk,16,16
4945,235542,239416,16,0,0,layered_block,circular,per_chunk,16,16
4946,235542,239458,16,0,0,layered_block,circular,per_chunk,16,16
4947,241291,245209,16,0,0,layered_block,circular,per_chunk,16,16
4948,234916,238750,16,0,0,layered_block,circular,per_chunk,16,16
4949,247125,251125,16,0,0,layered_block,circular,per_chunk,16,16
4950,245292,249209,16,0,0,layered_block,circular,per_chunk,16,16
4951,240500,244375,16,0,0,layered_block,circular,per_chunk,16,16
4952,236292,240209,16,0,0,layered_block,circular,per_chunk,16,16
4953,243791,247709,16,0,0,layered_block,circular,per_chunk,16,16
4954,238833,242750,16,0,0,layered_block,circular,per_chunk,16,16
4955,233583,237416,16,0,0,layered_block,circular,per_chunk,16,16
4956,236750,240542,16,0,0,layered_block,circular,per_chunk,16,16
4957,234167,238083,16,0,0,layered_block,circular,per_chunk,16,16
4958,222500,226458,16,0,0,layered_block,circular,per_chunk,16,16
4959,233875,238250,16,0,0,layered_block,circular,per_chunk,16,16
4960,235875,239792,16,0,0,layered_block,circular,per_chunk,16,16
4961,271333,275417,16,0,0,layered_block,circular,per_chunk,16,16
4962,231667,235625,16,0,0,layered_block,circular,per_chunk,16,16
4963,251833,255708,16,0,0,layered_block,circular,per_chunk,16,16
4964,249250,253167,16,0,0,layered_block,circular,per_chunk,16,16
4965,236083,240083,16,0,0,layered_block,circular,per_chunk,16,16
4966,242125,246042,16,0,0,layered_block,circular,per_chunk,16,16
4967,244583,248458,16,0,0,layered_block,circular,per_chunk,16,16
4968,234625,238542,16,0,0,layered_block,circular,per_chunk,16,16
4969,230250,234250,16,0,0,layered_block,circular,per_chunk,16,16
4970,231667,235667,16,0,0,layered_block,circular,per_chunk,16,16
4971,228583,232541,16,0,0,layered_block,circular,per_chunk,16,16
4972,227583,231500,16,0,0,layered_block,circular,per_chunk,16,16
4973,230792,234708,16,0,0,layered_block,circular,per_chunk,16,16
4974,280667,284833,16,0,0,layered_block,circular,per_chunk,16,16
4975,240333,244167,16,0,0,layered_block,circular,per_chunk,16,16
4976,237333,241209,16,0,0,layered_block,circular,per_chunk,16,16
4977,252417,256333,16,0,0,layered_block,circular,per_chunk,16,16
4978,299250,303375,16,0,0,layered_block,circular,per_chunk,16,16
4979,239250,243041,16,0,0,layered_block,circular,per_chunk,16,16
4980,283333,287667,16,0,0,layered_block,circular,per_chunk,16,16
4981,245917,249791,16,0,0,layered_block,circular,per_chunk,16,16
4982,238125,242000,16,0,0,layered_block,circular,per_chunk,16,16
4983,237458,241334,16,0,0,layered_block,circular,per_chunk,16,16
4984,236209,240042,16,0,0,layered_block,circular,per_chunk,16,16
4985,230834,234625,16,0,0,layered_block,circular,per_chunk,16,16
4986,224709,232916,16,0,0,layered_block,circular,per_chunk,16,16
4987,238208,242083,16,0,0,layered_block,circular,per_chunk,16,16
4988,242250,246083,16,0,0,layered_block,circular,per_chunk,16,16
4989,234292,238250,16,0,0,layered_block,circular,per_chunk,16,16
4990,233792,237625,16,0,0,layered_block,circular,per_chunk,16,16
4991,297834,302000,16,0,0,layered_block,circular,per_chunk,16,16
4992,249375,253208,16,0,0,layered_block,circular,per_chunk,16,16
4993,241875,245750,16,0,0,layered_block,circular,per_chunk,16,16
4994,241791,245708,16,0,0,layered_block,circular,per_chunk,16,16
4995,288459,292583,16,0,0,layered_block,circular,per_chunk,16,16
4996,239708,243542,16,0,0,layered_block,circular,per_chunk,16,16
4997,277125,281541,16,0,0,layered_block,circular,per_chunk,16,16
4998,236291,240125,16,0,0,layered_block,circular,per_chunk,16,16
4999,225250,229208,16,0,0,layered_block,circular,per_chunk,16,16
5000,230166,234042,16,0,0,layered_block,circular,per_chunk,16,16
5001,235917,239750,16,0,0,layered_block,circular,per_chunk,16,16
5002,243250,247125,16,0,0,layered_block,circular,per_chunk,16,16
5003,230375,234541,16,0,0,layered_block,circular,per_chunk,16,16
5004,236042,239833,16,0,0,layered_block,circular,per_chunk,16,16
5005,252084,255958,16,0,0,layered_block,circular,per_chunk,16,16
5006,248542,252375,16,0,0,layered_block,circular,per_chunk,16,16
5007,235708,239584,16,0,0,layered_block,circular,per_chunk,16,16
5008,242375,246291,16,0,0,layered_block,circular,per_chunk,16,16
5009,240875,244917,16,0,0,layered_block,circular,per_chunk,16,16
5010,242500,246333,16,0,0,layered_block,circular,per_chunk,16,16
5011,237666,241583,16,0,0,layered_block,circular,per_chunk,16,16
5012,282959,286958,16,0,0,layered_block,circular,per_chunk,16,16
5013,230083,233917,16,0,0,layered_block,circular,per_chunk,16,16
5014,227500,231458,16,0,0,layered_block,circular,per_chunk,16,16
5015,235125,238958,16,0,0,layered_block,circular,per_chunk,16,16
5016,242792,246625,16,0,0,layered_block,circular,per_chunk,16,16
5017,229125,233000,16,0,0,layered_block,circular,per_chunk,16,16
5018,235250,239167,16,0,0,layered_block,circular,per_chunk,16,16
5019,252208,256042,16,0,0,layered_block,circular,per_chunk,16,16
5020,248917,252750,16,0,0,layered_block,circular,per_chunk,16,16
5021,234416,238292,16,0,0,layered_block,circular,per_chunk,16,16
5022,241083,244958,16,0,0,layered_block,circular,per_chunk,16,16
5023,241083,244958,16,0,0,layered_block,circular,per_chunk,16,16
5024,241625,245500,16,0,0,layered_block,circular,per_chunk,16,16
5025,237916,241875,16,0,0,layered_block,circular,per_chunk,16,16
5026,236125,240000,16,0,0,layered_block,circular,per_chunk,16,16
5027,270500,279875,16,0,0,layered_block,circular,per_chunk,16,16
5028,233292,237125,16,0,0,layered_block,circular,per_chunk,16,16
5029,235375,239291,16,0,0,layered_block,circular,per_chunk,16,16
5030,242709,246541,16,0,0,layered_block,circular,per_chunk,16,16
5031,233417,237250,16,0,0,layered_block,circular,per_chunk,16,16
5032,240625,244416,16,0,0,layered_block,circular,per_chunk,16,16
5033,251875,255708,16,0,0,layered_block,circular,per_chunk,16,16
5034,248042,251875,16,0,0,layered_block,circular,per_chunk,16,16
5035,240459,244333,16,0,0,layered_block,circular,per_chunk,16,16
5036,239750,243625,16,0,0,layered_block,circular,per_chunk,16,16
5037,245250,249042,16,0,0,layered_block,circular,per_chunk,16,16
5038,241459,245291,16,0,0,layered_block,circular,per_chunk,16,16
5039,239708,243583,16,0,0,layered_block,circular,per_chunk,16,16
5040,234125,238000,16,0,0,layered_block,circular,per_chunk,16,16
5041,224583,228458,16,0,0,layered_block,circular,per_chunk,16,16
5042,281000,285000,16,0,0,layered_block,circular,per_chunk,16,16
5043,236667,240458,16,0,0,layered_block,circular,per_chunk,16,16
5044,245792,249667,16,0,0,layered_block,circular,per_chunk,16,16
5045,228916,232792,16,0,0,layered_block,circular,per_chunk,16,16
5046,240167,243917,16,0,0,layered_block,circular,per_chunk,16,16
5047,251417,255292,16,0,0,layered_block,circular,per_chunk,16,16
5048,248333,252208,16,0,0,layered_block,circular,per_chunk,16,16
5049,236375,240334,16,0,0,layered_block,circular,per_chunk,16,16
5050,235250,239250,16,0,0,layered_block,circular,per_chunk,16,16
5051,244959,248833,16,0,0,layered_block,circular,per_chunk,16,16
5052,236291,240208,16,0,0,layered_block,circular,per_chunk,16,16
5053,237500,241375,16,0,0,layered_block,circular,per_chunk,16,16
5054,235583,239583,16,0,0,layered_block,circular,per_chunk,16,16
5055,225458,229375,16,0,0,layered_block,circular,per_chunk,16,16
5056,230042,233916,16,0,0,layered_block,circular,per_chunk,16,16
5057,238333,242250,16,0,0,layered_block,circular,per_chunk,16,16
5058,244000,247917,16,0,0,layered_block,circular,per_chunk,16,16
5059,232709,236583,16,0,0,layered_block,circular,per_chunk,16,16
5060,238750,242625,16,0,0,layered_block,circular,per_chunk,16,16
5061,248000,251833,16,0,0,layered_block,circular,per_chunk,16,16
5062,249375,253291,16,0,0,layered_block,circular,per_chunk,16,16
5063,292292,296375,16,0,0,layered_block,circular,per_chunk,16,16
5064,248917,252792,16,0,0,layered_block,circular,per_chunk,16,16
5065,289584,293791,16,0,0,layered_block,circular,per_chunk,16,16
5066,239208,243125,16,0,0,layered_block,circular,per_chunk,16,16
5067,239208,243042,16,0,0,layered_block,circular,per_chunk,16,16
5068,221750,225875,16,0,0,layered_block,circular,per_chunk,16,16
5069,218041,221917,16,0,0,layered_block,circular,per_chunk,16,16
5070,223875,227750,16,0,0,layered_block,circular,per_chunk,16,16
5071,231500,235459,16,0,0,layered_block,circular,per_chunk,16,16
5072,234000,237875,16,0,0,layered_block,circular,per_chunk,16,16
5073,222959,226875,16,0,0,layered_block,circular,per_chunk,16,16
5074,232833,236750,16,0,0,layered_block,circular,per_chunk,16,16
5075,251625,255500,16,0,0,layered_block,circular,per_chunk,16,16
5076,243041,247000,16,0,0,layered_block,circular,per_chunk,16,16
5077,246875,250875,16,0,0,layered_block,circular,per_chunk,16,16
5078,241792,245708,16,0,0,layered_block,circular,per_chunk,16,16
5079,235875,239792,16,0,0,layered_block,circular,per_chunk,16,16
5080,245875,249750,16,0,0,layered_block,circular,per_chunk,16,16
5081,240333,244250,16,0,0,layered_block,circular,per_chunk,16,16
5082,234791,238708,16,0,0,layered_block,circular,per_chunk,16,16
5083,236250,240166,16,0,0,layered_block,circular,per_chunk,16,16
5084,228583,232500,16,0,0,layered_block,circular,per_chunk,16,16
5085,236250,240125,16,0,0,layered_block,circular,per_chunk,16,16
5086,238000,241875,16,0,0,layered_block,circular,per_chunk,16,16
5087,235875,239792,16,0,0,layered_block,circular,per_chunk,16,16
5088,236166,240084,16,0,0,layered_block,circular,per_chunk,16,16
5089,217459,221375,16,0,0,layered_block,circular,per_chunk,16,16
5090,220166,224167,16,0,0,layered_block,circular,per_chunk,16,16
5091,225167,229083,16,0,0,layered_block,circular,per_chunk,16,16
5092,221208,225083,16,0,0,layered_block,circular,per_chunk,16,16
5093,227042,230875,16,0,0,layered_block,circular,per_chunk,16,16
5094,223084,227000,16,0,0,layered_block,circular,per_chunk,16,16
5095,225292,229167,16,0,0,layered_block,circular,per_chunk,16,16
5096,211833,215792,16,0,0,layered_block,circular,per_chunk,16,16
5097,221000,224833,16,0,0,layered_block,circular,per_chunk,16,16
5098,222917,226875,16,0,0,layered_block,circular,per_chunk,16,16
5099,214333,218250,16,0,0,layered_block,circular,per_chunk,16,16
5100,220542,224458,16,0,0,layered_block,circular,per_chunk,16,16
5101,217667,221583,16,0,0,layered_block,circular,per_chunk,16,16
5102,214125,218042,16,0,0,layered_block,circular,per_chunk,16,16
5103,214250,218083,16,0,0,layered_block,circular,per_chunk,16,16
5104,215709,219625,16,0,0,layered_block,circular,per_chunk,16,16
5105,218084,221916,16,0,0,layered_block,circular,per_chunk,16,16
5106,213833,217875,16,0,0,layered_block,circular,per_chunk,16,16
5107,216916,220875,16,0,0,layered_block,circular,per_chunk,16,16
5108,219083,223000,16,0,0,layered_block,circular,per_chunk,16,16
5109,218500,222500,16,0,0,layered_block,circular,per_chunk,16,16
5110,216625,220542,16,0,0,layered_block,circular,per_chunk,16,16
5111,216459,220375,16,0,0,layered_block,circular,per_chunk,16,16
5112,215333,219292,16,0,0,layered_block,circular,per_chunk,16,16
5113,212875,216833,16,0,0,layered_block,circular,per_chunk,16,16
5114,213916,217834,16,0,0,layered_block,circular,per_chunk,16,16
5115,212167,216125,16,0,0,layered_block,circular,per_chunk,16,16
5116,217084,221000,16,0,0,layered_block,circular,per_chunk,16,16
5117,209958,213875,16,0,0,layered_block,circular,per_chunk,16,16
5118,214791,218709,16,0,0,layered_block,circular,per_chunk,16,16
5119,215958,219875,16,0,0,layered_block,circular,per_chunk,16,16
5120,216625,220542,16,0,0,layered_block,circular,per_chunk,16,16
5121,216000,219875,16,0,0,layered_block,circular,per_chunk,16,16
5122,210416,214375,16,0,0,layered_block,circular,per_chunk,16,16
5123,216958,220792,16,0,0,layered_block,circular,per_chunk,16,16
5124,202625,206500,16,0,0,layered_block,circular,per_chunk,16,16
5125,221750,225625,16,0,0,layered_block,circular,per_chunk,16,16
5126,222125,225958,16,0,0,layered_block,circular,per_chunk,16,16
5127,218334,222250,16,0,0,layered_block,circular,per_chunk,16,16
5128,212500,216416,16,0,0,layered_block,circular,per_chunk,16,16
5129,222583,226834,16,0,0,layered_block,circular,per_chunk,16,16
5130,216041,220000,16,0,0,layered_block,circular,per_chunk,16,16
5131,221750,225625,16,0,0,layered_block,circular,per_chunk,16,16
5132,217750,221583,16,0,0,layered_block,circular,per_chunk,16,16
5133,212375,216334,16,0,0,layered_block,circular,per_chunk,16,16
5134,214500,218417,16,0,0,layered_block,circular,per_chunk,16,16
5135,216375,220292,16,0,0,layered_block,circular,per_chunk,16,16
5136,219042,227000,16,0,0,layered_block,circular,per_chunk,16,16
5137,214333,218291,16,0,0,layered_block,circular,per_chunk,16,16
5138,220125,224083,16,0,0,layered_block,circular,per_chunk,16,16
5139,218709,222583,16,0,0,layered_block,circular,per_chunk,16,16
5140,219917,223875,16,0,0,layered_block,circular,per_chunk,16,16
5141,224375,228250,16,0,0,layered_block,circular,per_chunk,16,16
5142,217917,221833,16,0,0,layered_block,circular,per_chunk,16,16
5143,216708,220584,16,0,0,layered_block,circular,per_chunk,16,16
5144,271791,276083,16,0,0,layered_block,circular,per_chunk,16,16
5145,220750,224667,16,0,0,layered_block,circular,per_chunk,16,16
5146,230250,234083,16,0,0,layered_block,circular,per_chunk,16,16
5147,224625,228500,16,0,0,layered_block,circular,per_chunk,16,16
5148,216541,220542,16,0,0,layered_block,circular,per_chunk,16,16
5149,221250,225250,16,0,0,layered_block,circular,per_chunk,16,16
5150,222333,226209,16,0,0,layered_block,circular,per_chunk,16,16
5151,215708,219625,16,0,0,layered_block,circular,per_chunk,16,16
5152,219291,223167,16,0,0,layered_block,circular,per_chunk,16,16
5153,224750,228583,16,0,0,layered_block,circular,per_chunk,16,16
5154,222000,225834,16,0,0,layered_block,circular,per_chunk,16,16
5155,228500,232375,16,0,0,layered_block,circular,per_chunk,16,16
5156,226375,230708,16,0,0,layered_block,circular,per_chunk,16,16
5157,221708,225667,16,0,0,layered_block,circular,per_chunk,16,16
5158,230292,234125,16,0,0,layered_block,circular,per_chunk,16,16
5159,230666,234542,16,0,0,layered_block,circular,per_chunk,16,16
5160,227166,231042,16,0,0,layered_block,circular,per_chunk,16,16
5161,218833,222667,16,0,0,layered_block,circular,per_chunk,16,16
5162,225834,229708,16,0,0,layered_block,circular,per_chunk,16,16
5163,220083,224000,16,0,0,layered_block,circular,per_chunk,16,16
5164,226000,229917,16,0,0,layered_block,circular,per_chunk,16,16
5165,288083,292167,16,0,0,layered_block,circular,per_chunk,16,16
5166,257500,261375,16,0,0,layered_block,circular,per_chunk,16,16
5167,252417,256292,16,0,0,layered_block,circular,per_chunk,16,16
5168,255667,259500,16,0,0,layered_block,circular,per_chunk,16,16
5169,248000,251833,16,0,0,layered_block,circular,per_chunk,16,16
5170,236125,240083,16,0,0,layered_block,circular,per_chunk,16,16
5171,229333,233250,16,0,0,layered_block,circular,per_chunk,16,16
5172,231208,235125,16,0,0,layered_block,circular,per_chunk,16,16
5173,234708,238542,16,0,0,layered_block,circular,per_chunk,16,16
5174,235625,239458,16,0,0,layered_block,circular,per_chunk,16,16
5175,248208,252041,16,0,0,layered_block,circular,per_chunk,16,16
5176,252458,256375,16,0,0,layered_block,circular,per_chunk,16,16
5177,258667,262500,16,0,0,layered_block,circular,per_chunk,16,16
5178,253292,257250,16,0,0,layered_block,circular,per_chunk,16,16
5179,253000,256875,16,0,0,layered_block,circular,per_chunk,16,16
5180,249416,253250,16,0,0,layered_block,circular,per_chunk,16,16
5181,238000,241875,16,0,0,layered_block,circular,per_chunk,16,16
5182,230417,234417,16,0,0,layered_block,circular,per_chunk,16,16
5183,237083,240958,16,0,0,layered_block,circular,per_chunk,16,16
5184,229041,233000,16,0,0,layered_block,circular,per_chunk,16,16
5185,237625,241459,16,0,0,layered_block,circular,per_chunk,16,16
5186,244125,248000,16,0,0,layered_block,circular,per_chunk,16,16
5187,254250,258125,16,0,0,layered_block,circular,per_chunk,16,16
5188,254916,258750,16,0,0,layered_block,circular,per_chunk,16,16
5189,254167,258083,16,0,0,layered_block,circular,per_chunk,16,16
5190,255709,259625,16,0,0,layered_block,circular,per_chunk,16,16
5191,252250,256125,16,0,0,layered_block,circular,per_chunk,16,16
5192,248917,252750,16,0,0,layered_block,circular,per_chunk,16,16
5193,238125,242000,16,0,0,layered_block,circular,per_chunk,16,16
5194,239125,242958,16,0,0,layered_block,circular,per_chunk,16,16
5195,239792,243625,16,0,0,layered_block,circular,per_chunk,16,16
5196,233917,237792,16,0,0,layered_block,circular,per_chunk,16,16
5197,242583,246417,16,0,0,layered_block,circular,per_chunk,16,16
5198,240125,243958,16,0,0,layered_block,circular,per_chunk,16,16
5199,248666,252500,16,0,0,layered_block,circular,per_chunk,16,16
5200,252583,256375,16,0,0,layered_block,circular,per_chunk,16,16
5201,259334,263208,16,0,0,layered_block,circular,per_chunk,16,16
5202,249208,253084,16,0,0,layered_block,circular,per_chunk,16,16
5203,248958,252791,16,0,0,layered_block,circular,per_chunk,16,16
5204,240459,244375,16,0,0,layered_block,circular,per_chunk,16,16
5205,230666,234500,16,0,0,layered_block,circular,per_chunk,16,16
5206,241834,245750,16,0,0,layered_block,circular,per_chunk,16,16
5207,227833,235917,16,0,0,layered_block,circular,per_chunk,16,16
5208,280750,284750,16,0,0,layered_block,circular,per_chunk,16,16
5209,240625,244417,16,0,0,layered_block,circular,per_chunk,16,16
5210,242208,250000,16,0,0,layered_block,circular,per_chunk,16,16
5211,250959,254959,16,0,0,layered_block,circular,per_chunk,16,16
5212,254333,258209,16,0,0,layered_block,circular,per_chunk,16,16
5213,259083,262917,16,0,0,layered_block,circular,per_chunk,16,16
5214,246084,250250,16,0,0,layered_block,circular,per_chunk,16,16
5215,252917,256709,16,0,0,layered_block,circular,per_chunk,16,16
5216,237417,241291,16,0,0,layered_block,circular,per_chunk,16,16
5217,232583,236541,16,0,0,layered_block,circular,per_chunk,16,16
5218,237292,241167,16,0,0,layered_block,circular,per_chunk,16,16
5219,229292,233209,16,0,0,layered_block,circular,per_chunk,16,16
5220,245875,249875,16,0,0,layered_block,circular,per_chunk,16,16
5221,240500,244375,16,0,0,layered_block,circular,per_chunk,16,16
5222,255708,301125,16,0,0,layered_block,circular,per_chunk,16,16
5223,252334,256166,16,0,0,layered_block,circular,per_chunk,16,16
5224,253666,257542,16,0,0,layered_block,circular,per_chunk,16,16
5225,251542,255417,16,0,0,layered_block,circular,per_chunk,16,16
5226,246500,250417,16,0,0,layered_block,circular,per_chunk,16,16
5227,243667,247667,16,0,0,layered_block,circular,per_chunk,16,16
5228,240875,244708,16,0,0,layered_block,circular,per_chunk,16,16
5229,238708,242584,16,0,0,layered_block,circular,per_chunk,16,16
5230,236666,240625,16,0,0,layered_block,circular,per_chunk,16,16
5231,241375,245208,16,0,0,layered_block,circular,per_chunk,16,16
5232,242792,246708,16,0,0,layered_block,circular,per_chunk,16,16
5233,243125,247000,16,0,0,layered_block,circular,per_chunk,16,16
5234,255292,259167,16,0,0,layered_block,circular,per_chunk,16,16
5235,250167,254125,16,0,0,layered_block,circular,per_chunk,16,16
5236,253125,257042,16,0,0,layered_block,circular,per_chunk,16,16
5237,248083,251959,16,0,0,layered_block,circular,per_chunk,16,16
5238,253000,256875,16,0,0,layered_block,circular,per_chunk,16,16
5239,241333,245208,16,0,0,layered_block,circular,per_chunk,16,16
5240,243917,247792,16,0,0,layered_block,circular,per_chunk,16,16
5241,277208,281750,16,0,0,layered_block,circular,per_chunk,16,16
5242,235292,239250,16,0,0,layered_block,circular,per_chunk,16,16
5243,244417,248250,16,0,0,layered_block,circular,per_chunk,16,16
5244,239625,243542,16,0,0,layered_block,circular,per_chunk,16,16
5245,292291,296417,16,0,0,layered_block,circular,per_chunk,16,16
5246,250041,253958,16,0,0,layered_block,circular,per_chunk,16,16
5247,246584,250500,16,0,0,layered_block,circular,per_chunk,16,16
5248,259250,263125,16,0,0,layered_block,circular,per_chunk,16,16
5249,248750,252625,16,0,0,layered_block,circular,per_chunk,16,16
5250,254209,258083,16,0,0,layered_block,circular,per_chunk,16,16
5251,243500,247375,16,0,0,layered_block,circular,per_chunk,16,16
5252,235167,239083,16,0,0,layered_block,circular,per_chunk,16,16
5253,227833,231750,16,0,0,layered_block,circular,per_chunk,16,16
5254,240917,244875,16,0,0,layered_block,circular,per_chunk,16,16
5255,244875,248750,16,0,0,layered_block,circular,per_chunk,16,16
5256,247250,251125,16,0,0,layered_block,circular,per_chunk,16,16
5257,250916,254792,16,0,0,layered_block,circular,per_chunk,16,16
5258,254625,258500,16,0,0,layered_block,circular,per_chunk,16,16
5259,254750,258667,16,0,0,layered_block,circular,per_chunk,16,16
5260,252959,256917,16,0,0,layered_block,circular,per_chunk,16,16
5261,250000,253833,16,0,0,layered_block,circular,per_chunk,16,16
5262,254750,258625,16,0,0,layered_block,circular,per_chunk,16,16
5263,236417,240417,16,0,0,layered_block,circular,per_chunk,16,16
5264,240791,244625,16,0,0,layered_block,circular,per_chunk,16,16
5265,238792,242625,16,0,0,layered_block,circular,per_chunk,16,16
5266,304500,308625,16,0,0,layered_block,circular,per_chunk,16,16
5267,241500,245375,16,0,0,layered_block,circular,per_chunk,16,16
5268,290333,294750,16,0,0,layered_block,circular,per_chunk,16,16
5269,248417,252458,16,0,0,layered_block,circular,per_chunk,16,16
5270,253459,257333,16,0,0,layered_block,circular,per_chunk,16,16
5271,257083,260917,16,0,0,layered_block,circular,per_chunk,16,16
5272,250083,254083,16,0,0,layered_block,circular,per_chunk,16,16
5273,247750,251583,16,0,0,layered_block,circular,per_chunk,16,16
5274,242750,246583,16,0,0,layered_block,circular,per_chunk,16,16
5275,242542,246500,16,0,0,layered_block,circular,per_chunk,16,16
5276,232250,236084,16,0,0,layered_block,circular,per_chunk,16,16
5277,245875,249750,16,0,0,layered_block,circular,per_chunk,16,16
5278,236458,240458,16,0,0,layered_block,circular,per_chunk,16,16
5279,246041,249875,16,0,0,layered_block,circular,per_chunk,16,16
5280,251083,254917,16,0,0,layered_block,circular,per_chunk,16,16
5281,253084,256916,16,0,0,layered_block,circular,per_chunk,16,16
5282,253583,257500,16,0,0,layered_block,circular,per_chunk,16,16
5283,254334,258292,16,0,0,layered_block,circular,per_chunk,16,16
5284,252666,256542,16,0,0,layered_block,circular,per_chunk,16,16
5285,253292,257208,16,0,0,layered_block,circular,per_chunk,16,16
5286,247208,251125,16,0,0,layered_block,circular,per_chunk,16,16
5287,237209,241041,16,0,0,layered_block,circular,per_chunk,16,16
5288,247041,250875,16,0,0,layered_block,circular,per_chunk,16,16
5289,238417,242333,16,0,0,layered_block,circular,per_chunk,16,16
5290,240666,244584,16,0,0,layered_block,circular,per_chunk,16,16
5291,243042,246958,16,0,0,layered_block,circular,per_chunk,16,16
5292,242959,247250,16,0,0,layered_block,circular,per_chunk,16,16
5293,252458,256334,16,0,0,layered_block,circular,per_chunk,16,16
5294,250334,254292,16,0,0,layered_block,circular,per_chunk,16,16
5295,258708,262584,16,0,0,layered_block,circular,per_chunk,16,16
5296,250667,254583,16,0,0,layered_block,circular,per_chunk,16,16
5297,251584,255500,16,0,0,layered_block,circular,per_chunk,16,16
5298,243709,247625,16,0,0,layered_block,circular,per_chunk,16,16
5299,285583,289667,16,0,0,layered_block,circular,per_chunk,16,16
5300,242667,246541,16,0,0,layered_block,circular,per_chunk,16,16
5301,238333,242208,16,0,0,layered_block,circular,per_chunk,16,16
5302,239917,243958,16,0,0,layered_block,circular,per_chunk,16,16
5303,248667,252541,16,0,0,layered_block,circular,per_chunk,16,16
5304,251375,255250,16,0,0,layered_block,circular,per_chunk,16,16
5305,297209,301291,16,0,0,layered_block,circular,per_chunk,16,16
5306,251916,255916,16,0,0,layered_block,circular,per_chunk,16,16
5307,259625,263500,16,0,0,layered_block,circular,per_chunk,16,16
5308,250542,254417,16,0,0,layered_block,circular,per_chunk,16,16
5309,250000,253875,16,0,0,layered_block,circular,per_chunk,16,16
5310,237416,245500,16,0,0,layered_block,circular,per_chunk,16,16
5311,242709,246792,16,0,0,layered_block,circular,per_chunk,16,16
5312,239833,243875,16,0,0,layered_block,circular,per_chunk,16,16
5313,242583,246458,16,0,0,layered_block,circular,per_chunk,16,16
5314,238542,242417,16,0,0,layered_block,circular,per_chunk,16,16
5315,249041,252875,16,0,0,layered_block,circular,per_chunk,16,16
5316,250792,254625,16,0,0,layered_block,circular,per_chunk,16,16
5317,252958,256792,16,0,0,layered_block,circular,per_chunk,16,16
5318,253083,261042,16,0,0,layered_block,circular,per_chunk,16,16
5319,260000,263875,16,0,0,layered_block,circular,per_chunk,16,16
5320,250334,254208,16,0,0,layered_block,circular,per_chunk,16,16
5321,249375,253250,16,0,0,layered_block,circular,per_chunk,16,16
5322,246208,250041,16,0,0,layered_block,circular,per_chunk,16,16
5323,243709,247583,16,0,0,layered_block,circular,per_chunk,16,16
5324,233958,237875,16,0,0,layered_block,circular,per_chunk,16,16
5325,236959,240833,16,0,0,layered_block,circular,per_chunk,16,16
5326,286750,290709,16,0,0,layered_block,circular,per_chunk,16,16
5327,251792,255625,16,0,0,layered_block,circular,per_chunk,16,16
5328,248750,252625,16,0,0,layered_block,circular,per_chunk,16,16
5329,255750,259625,16,0,0,layered_block,circular,per_chunk,16,16
5330,257834,261666,16,0,0,layered_block,circular,per_chunk,16,16
5331,249917,253875,16,0,0,layered_block,circular,per_chunk,16,16
5332,245375,249292,16,0,0,layered_block,circular,per_chunk,16,16
5333,244042,248000,16,0,0,layered_block,circular,per_chunk,16,16
5334,246416,250291,16,0,0,layered_block,circular,per_chunk,16,16
5335,240208,244084,16,0,0,layered_block,circular,per_chunk,16,16
5336,240375,244208,16,0,0,layered_block,circular,per_chunk,16,16
5337,239000,242834,16,0,0,layered_block,circular,per_chunk,16,16
5338,249250,253083,16,0,0,layered_block,circular,per_chunk,16,16
5339,244334,248167,16,0,0,layered_block,circular,per_chunk,16,16
5340,245042,248958,16,0,0,layered_block,circular,per_chunk,16,16
5341,250958,254875,16,0,0,layered_block,circular,per_chunk,16,16
5342,258500,262334,16,0,0,layered_block,circular,per_chunk,16,16
5343,247334,251208,16,0,0,layered_block,circular,per_chunk,16,16
5344,246416,250292,16,0,0,layered_block,circular,per_chunk,16,16
5345,243791,247708,16,0,0,layered_block,circular,per_chunk,16,16
5346,241459,245250,16,0,0,layered_block,circular,per_chunk,16,16
5347,235750,239667,16,0,0,layered_block,circular,per_chunk,16,16
5348,234000,237958,16,0,0,layered_block,circular,per_chunk,16,16
5349,240500,244333,16,0,0,layered_block,circular,per_chunk,16,16
5350,245292,249167,16,0,0,layered_block,circular,per_chunk,16,16
5351,243875,247750,16,0,0,layered_block,circular,per_chunk,16,16
5352,251125,255000,16,0,0,layered_block,circular,per_chunk,16,16
5353,255958,259791,16,0,0,layered_block,circular,per_chunk,16,16
5354,256667,260500,16,0,0,layered_block,circular,per_chunk,16,16
5355,250875,254750,16,0,0,layered_block,circular,per_chunk,16,16
5356,248542,252416,16,0,0,layered_block,circular,per_chunk,16,16
5357,249208,253042,16,0,0,layered_block,circular,per_chunk,16,16
5358,240583,244459,16,0,0,layered_block,circular,per_chunk,16,16
5359,240167,244042,16,0,0,layered_block,circular,per_chunk,16,16
5360,238583,242417,16,0,0,layered_block,circular,per_chunk,16,16
5361,241791,245625,16,0,0,layered_block,circular,per_chunk,16,16
5362,250334,254208,16,0,0,layered_block,circular,per_chunk,16,16
5363,243750,247625,16,0,0,layered_block,circular,per_chunk,16,16
5364,246459,250375,16,0,0,layered_block,circular,per_chunk,16,16
5365,255333,259125,16,0,0,layered_block,circular,per_chunk,16,16
5366,258083,261959,16,0,0,layered_block,circular,per_chunk,16,16
5367,248958,252792,16,0,0,layered_block,circular,per_chunk,16,16
5368,246417,250250,16,0,0,layered_block,circular,per_chunk,16,16
5369,245958,249792,16,0,0,layered_block,circular,per_chunk,16,16
5370,239584,243416,16,0,0,layered_block,circular,per_chunk,16,16
5371,237709,241459,16,0,0,layered_block,circular,per_chunk,16,16
5372,235750,239667,16,0,0,layered_block,circular,per_chunk,16,16
5373,248667,252500,16,0,0,layered_block,circular,per_chunk,16,16
5374,250041,253917,16,0,0,layered_block,circular,per_chunk,16,16
5375,240917,244792,16,0,0,layered_block,circular,per_chunk,16,16
5376,254875,258834,16,0,0,layered_block,circular,per_chunk,16,16
5377,253292,257166,16,0,0,layered_block,circular,per_chunk,16,16
5378,258750,262625,16,0,0,layered_block,circular,per_chunk,16,16
5379,247708,251542,16,0,0,layered_block,circular,per_chunk,16,16
5380,248709,252583,16,0,0,layered_block,circular,per_chunk,16,16
5381,244250,248125,16,0,0,layered_block,circular,per_chunk,16,16
5382,239958,243875,16,0,0,layered_block,circular,per_chunk,16,16
5383,234500,238416,16,0,0,layered_block,circular,per_chunk,16,16
5384,242500,246417,16,0,0,layered_block,circular,per_chunk,16,16
5385,246500,250500,16,0,0,layered_block,circular,per_chunk,16,16
5386,243875,247875,16,0,0,layered_block,circular,per_chunk,16,16
5387,249166,253042,16,0,0,layered_block,circular,per_chunk,16,16
5388,250208,254084,16,0,0,layered_block,circular,per_chunk,16,16
5389,259042,262958,16,0,0,layered_block,circular,per_chunk,16,16
5390,255833,259708,16,0,0,layered_block,circular,per_chunk,16,16
5391,251000,254875,16,0,0,layered_block,circular,per_chunk,16,16
5392,247541,251375,16,0,0,layered_block,circular,per_chunk,16,16
5393,241459,245333,16,0,0,layered_block,circular,per_chunk,16,16
5394,239292,243166,16,0,0,layered_block,circular,per_chunk,16,16
5395,238584,242416,16,0,0,layered_block,circular,per_chunk,16,16
5396,239375,243334,16,0,0,layered_block,circular,per_chunk,16,16
5397,250250,254167,16,0,0,layered_block,circular,per_chunk,16,16
5398,247958,251833,16,0,0,layered_block,circular,per_chunk,16,16
5399,248167,252042,16,0,0,layered_block,circular,per_chunk,16,16
5400,255834,259666,16,0,0,layered_block,circular,per_chunk,16,16
5401,252458,256416,16,0,0,layered_block,circular,per_chunk,16,16
5402,246167,250167,16,0,0,layered_block,circular,per_chunk,16,16
5403,243709,247667,16,0,0,layered_block,circular,per_chunk,16,16
5404,242834,246708,16,0,0,layered_block,circular,per_chunk,16,16
5405,240584,244458,16,0,0,layered_block,circular,per_chunk,16,16
5406,232542,236458,16,0,0,layered_block,circular,per_chunk,16,16
5407,236958,240834,16,0,0,layered_block,circular,per_chunk,16,16
5408,245875,249833,16,0,0,layered_block,circular,per_chunk,16,16
5409,250208,254125,16,0,0,layered_block,circular,per_chunk,16,16
5410,237792,241625,16,0,0,layered_block,circular,per_chunk,16,16
5411,248500,252458,16,0,0,layered_block,circular,per_chunk,16,16
5412,299083,303167,16,0,0,layered_block,circular,per_chunk,16,16
5413,256916,260750,16,0,0,layered_block,circular,per_chunk,16,16
5414,250625,254500,16,0,0,layered_block,circular,per_chunk,16,16
5415,248416,252334,16,0,0,layered_block,circular,per_chunk,16,16
5416,242625,246584,16,0,0,layered_block,circular,per_chunk,16,16
5417,239834,243750,16,0,0,layered_block,circular,per_chunk,16,16
5418,239833,243792,16,0,0,layered_block,circular,per_chunk,16,16
5419,236875,240792,16,0,0,layered_block,circular,per_chunk,16,16
5420,250666,254792,16,0,0,layered_block,circular,per_chunk,16,16
5421,248125,252042,16,0,0,layered_block,circular,per_chunk,16,16
5422,243791,247750,16,0,0,layered_block,circular,per_chunk,16,16
5423,248125,252084,16,0,0,layered_block,circular,per_chunk,16,16
5424,253667,257542,16,0,0,layered_block,circular,per_chunk,16,16
5425,256291,260167,16,0,0,layered_block,circular,per_chunk,16,16
5426,247125,251000,16,0,0,layered_block,circular,per_chunk,16,16
5427,240750,244625,16,0,0,layered_block,circular,per_chunk,16,16
5428,243250,247083,16,0,0,layered_block,circular,per_chunk,16,16
5429,237875,241875,16,0,0,layered_block,circular,per_chunk,16,16
5430,237583,241417,16,0,0,layered_block,circular,per_chunk,16,16
5431,241833,245667,16,0,0,layered_block,circular,per_chunk,16,16
5432,251083,255000,16,0,0,layered_block,circular,per_chunk,16,16
5433,239625,243666,16,0,0,layered_block,circular,per_chunk,16,16
5434,245084,248916,16,0,0,layered_block,circular,per_chunk,16,16
5435,252166,256042,16,0,0,layered_block,circular,per_chunk,16,16
5436,261459,265333,16,0,0,layered_block,circular,per_chunk,16,16
5437,251750,255708,16,0,0,layered_block,circular,per_chunk,16,16
5438,243708,247625,16,0,0,layered_block,circular,per_chunk,16,16
5439,244291,248125,16,0,0,layered_block,circular,per_chunk,16,16
5440,240625,244583,16,0,0,layered_block,circular,per_chunk,16,16
5441,241833,245667,16,0,0,layered_block,circular,per_chunk,16,16
5442,236334,240292,16,0,0,layered_block,circular,per_chunk,16,16
5443,243083,246958,16,0,0,layered_block,circular,per_chunk,16,16
5444,244834,248750,16,0,0,layered_block,circular,per_chunk,16,16
5445,239709,243709,16,0,0,layered_block,circular,per_chunk,16,16
5446,241916,245792,16,0,0,layered_block,circular,per_chunk,16,16
5447,253458,257334,16,0,0,layered_block,circular,per_chunk,16,16
5448,259167,263125,16,0,0,layered_block,circular,per_chunk,16,16
5449,254500,258375,16,0,0,layered_block,circular,per_chunk,16,16
5450,244250,252500,16,0,0,layered_block,circular,per_chunk,16,16
5451,242084,245958,16,0,0,layered_block,circular,per_chunk,16,16
5452,242875,246750,16,0,0,layered_block,circular,per_chunk,16,16
5453,238041,241958,16,0,0,layered_block,circular,per_chunk,16,16
5454,242834,246666,16,0,0,layered_block,circular,per_chunk,16,16
5455,241416,245458,16,0,0,layered_block,circular,per_chunk,16,16
5456,248417,252333,16,0,0,layered_block,circular,per_chunk,16,16
5457,230333,234250,16,0,0,layered_block,circular,per_chunk,16,16
5458,246167,250041,16,0,0,layered_block,circular,per_chunk,16,16
5459,249416,253292,16,0,0,layered_block,circular,per_chunk,16,16
5460,257083,261000,16,0,0,layered_block,circular,per_chunk,16,16
5461,252084,255958,16,0,0,layered_block,circular,per_chunk,16,16
5462,247167,251042,16,0,0,layered_block,circular,per_chunk,16,16
5463,235917,239791,16,0,0,layered_block,circular,per_chunk,16,16
5464,243042,246917,16,0,0,layered_block,circular,per_chunk,16,16
5465,240917,244792,16,0,0,layered_block,circular,per_chunk,16,16
5466,239125,243083,16,0,0,layered_block,circular,per_chunk,16,16
5467,249042,252917,16,0,0,layered_block,circular,per_chunk,16,16
5468,242458,246334,16,0,0,layered_block,circular,per_chunk,16,16
5469,223333,227125,16,0,0,layered_block,circular,per_chunk,16,16
5470,246875,250750,16,0,0,layered_block,circular,per_chunk,16,16
5471,250083,254000,16,0,0,layered_block,circular,per_chunk,16,16
5472,257625,261459,16,0,0,layered_block,circular,per_chunk,16,16
5473,250000,253916,16,0,0,layered_block,circular,per_chunk,16,16
5474,246042,249875,16,0,0,layered_block,circular,per_chunk,16,16
5475,236208,240042,16,0,0,layered_block,circular,per_chunk,16,16
5476,244250,248125,16,0,0,layered_block,circular,per_chunk,16,16
5477,239708,243583,16,0,0,layered_block,circular,per_chunk,16,16
5478,239542,243375,16,0,0,layered_block,circular,per_chunk,16,16
5479,246541,250458,16,0,0,layered_block,circular,per_chunk,16,16
5480,232959,236750,16,0,0,layered_block,circular,per_chunk,16,16
5481,232708,236542,16,0,0,layered_block,circular,per_chunk,16,16
5482,252458,256375,16,0,0,layered_block,circular,per_chunk,16,16
5483,255625,259458,16,0,0,layered_block,circular,per_chunk,16,16
5484,257334,261208,16,0,0,layered_block,circular,per_chunk,16,16
5485,244458,248375,16,0,0,layered_block,circular,per_chunk,16,16
5486,242917,246792,16,0,0,layered_block,circular,per_chunk,16,16
5487,239583,243500,16,0,0,layered_block,circular,per_chunk,16,16
5488,241709,245583,16,0,0,layered_block,circular,per_chunk,16,16
5489,284750,288917,16,0,0,layered_block,circular,per_chunk,16,16
5490,249000,252917,16,0,0,layered_block,circular,per_chunk,16,16
5491,251292,255166,16,0,0,layered_block,circular,per_chunk,16,16
5492,233792,237625,16,0,0,layered_block,circular,per_chunk,16,16
5493,287292,291416,16,0,0,layered_block,circular,per_chunk,16,16
5494,254125,257959,16,0,0,layered_block,circular,per_chunk,16,16
5495,256209,260125,16,0,0,layered_block,circular,per_chunk,16,16
5496,251834,255708,16,0,0,layered_block,circular,per_chunk,16,16
5497,240708,244625,16,0,0,layered_block,circular,per_chunk,16,16
5498,245083,248958,16,0,0,layered_block,circular,per_chunk,16,16
5499,236750,240708,16,0,0,layered_block,circular,per_chunk,16,16
5500,236834,240666,16,0,0,layered_block,circular,per_chunk,16,16
5501,245417,249333,16,0,0,layered_block,circular,per_chunk,16,16
5502,248833,252667,16,0,0,layered_block,circular,per_chunk,16,16
5503,241250,245167,16,0,0,layered_block,circular,per_chunk,16,16
5504,237791,241667,16,0,0,layered_block,circular,per_chunk,16,16
5505,245500,249333,16,0,0,layered_block,circular,per_chunk,16,16
5506,251875,255792,16,0,0,layered_block,circular,per_chunk,16,16
5507,253541,257333,16,0,0,layered_block,circular,per_chunk,16,16
5508,255000,258833,16,0,0,layered_block,circular,per_chunk,16,16
5509,247333,251209,16,0,0,layered_block,circular,per_chunk,16,16
5510,243834,247666,16,0,0,layered_block,circular,per_chunk,16,16
5511,237000,241000,16,0,0,layered_block,circular,per_chunk,16,16
5512,234750,238625,16,0,0,layered_block,circular,per_chunk,16,16
5513,245083,248917,16,0,0,layered_block,circular,per_chunk,16,16
5514,249958,253792,16,0,0,layered_block,circular,per_chunk,16,16
5515,237250,241167,16,0,0,layered_block,circular,per_chunk,16,16
5516,242917,246750,16,0,0,layered_block,circular,per_chunk,16,16
5517,236417,240334,16,0,0,layered_block,circular,per_chunk,16,16
5518,253833,257667,16,0,0,layered_block,circular,per_chunk,16,16
5519,250625,254583,16,0,0,layered_block,circular,per_chunk,16,16
5520,247166,251042,16,0,0,layered_block,circular,per_chunk,16,16
5521,237791,241667,16,0,0,layered_block,circular,per_chunk,16,16
5522,243750,247625,16,0,0,layered_block,circular,per_chunk,16,16
5523,240500,244458,16,0,0,layered_block,circular,per_chunk,16,16
5524,243666,247542,16,0,0,layered_block,circular,per_chunk,16,16
5525,248459,252292,16,0,0,layered_block,circular,per_chunk,16,16
5526,296959,301125,16,0,0,layered_block,circular,per_chunk,16,16
5527,242709,246667,16,0,0,layered_block,circular,per_chunk,16,16
5528,284584,288750,16,0,0,layered_block,circular,per_chunk,16,16
5529,239375,243250,16,0,0,layered_block,circular,per_chunk,16,16
5530,293542,297584,16,0,0,layered_block,circular,per_chunk,16,16
5531,256083,259958,16,0,0,layered_block,circular,per_chunk,16,16
5532,251542,255416,16,0,0,layered_block,circular,per_chunk,16,16
5533,237375,241208,16,0,0,layered_block,circular,per_chunk,16,16
5534,246042,249916,16,0,0,layered_block,circular,per_chunk,16,16
5535,238917,242833,16,0,0,layered_block,circular,per_chunk,16,16
5536,243167,247125,16,0,0,layered_block,circular,per_chunk,16,16
5537,243959,247833,16,0,0,layered_block,circular,per_chunk,16,16
5538,234667,238666,16,0,0,layered_block,circular,per_chunk,16,16
5539,228416,232750,16,0,0,layered_block,circular,per_chunk,16,16
5540,240334,244208,16,0,0,layered_block,circular,per_chunk,16,16
5541,247792,251667,16,0,0,layered_block,circular,per_chunk,16,16
5542,244541,248458,16,0,0,layered_block,circular,per_chunk,16,16
5543,244333,248209,16,0,0,layered_block,circular,per_chunk,16,16
5544,244792,248750,16,0,0,layered_block,circular,per_chunk,16,16
5545,232667,236541,16,0,0,layered_block,circular,per_chunk,16,16
5546,231167,235041,16,0,0,layered_block,circular,per_chunk,16,16
5547,234666,238584,16,0,0,layered_block,circular,per_chunk,16,16
5548,237084,240958,16,0,0,layered_block,circular,per_chunk,16,16
5549,236750,240583,16,0,0,layered_block,circular,per_chunk,16,16
5550,226292,230208,16,0,0,layered_block,circular,per_chunk,16,16
5551,233166,237083,16,0,0,layered_block,circular,per_chunk,16,16
5552,231084,234958,16,0,0,layered_block,circular,per_chunk,16,16
5553,279000,283166,16,0,0,layered_block,circular,per_chunk,16,16
5554,244500,248417,16,0,0,layered_block,circular,per_chunk,16,16
5555,235833,239709,16,0,0,layered_block,circular,per_chunk,16,16
5556,232000,235833,16,0,0,layered_block,circular,per_chunk,16,16
5557,229500,233333,16,0,0,layered_block,circular,per_chunk,16,16
5558,234833,238709,16,0,0,layered_block,circular,per_chunk,16,16
5559,237625,241584,16,0,0,layered_block,circular,per_chunk,16,16
5560,233250,237125,16,0,0,layered_block,circular,per_chunk,16,16
5561,227000,230917,16,0,0,layered_block,circular,per_chunk,16,16
5562,236042,239917,16,0,0,layered_block,circular,per_chunk,16,16
5563,231667,235583,16,0,0,layered_block,circular,per_chunk,16,16
5564,225375,229250,16,0,0,layered_block,circular,per_chunk,16,16
5565,232000,235875,16,0,0,layered_block,circular,per_chunk,16,16
5566,226083,230000,16,0,0,layered_block,circular,per_chunk,16,16
5567,276708,280833,16,0,0,layered_block,circular,per_chunk,16,16
5568,225750,229667,16,0,0,layered_block,circular,per_chunk,16,16
5569,217125,221167,16,0,0,layered_block,circular,per_chunk,16,16
5570,233000,236958,16,0,0,layered_block,circular,per_chunk,16,16
5571,231583,235459,16,0,0,layered_block,circular,per_chunk,16,16
5572,273875,278459,16,0,0,layered_block,circular,per_chunk,16,16
5573,236500,240417,16,0,0,layered_block,circular,per_chunk,16,16
5574,230625,234459,16,0,0,layered_block,circular,per_chunk,16,16
5575,226250,230250,16,0,0,layered_block,circular,per_chunk,16,16
5576,234542,238375,16,0,0,layered_block,circular,per_chunk,16,16
5577,233542,237458,16,0,0,layered_block,circular,per_chunk,16,16
5578,223583,227417,16,0,0,layered_block,circular,per_chunk,16,16
5579,218166,222125,16,0,0,layered_block,circular,per_chunk,16,16
5580,230834,234750,16,0,0,layered_block,circular,per_chunk,16,16
5581,215583,219500,16,0,0,layered_block,circular,per_chunk,16,16
5582,254375,258500,16,0,0,layered_block,circular,per_chunk,16,16
5583,222042,225958,16,0,0,layered_block,circular,per_chunk,16,16
5584,224709,228583,16,0,0,layered_block,circular,per_chunk,16,16
5585,261875,266167,16,0,0,layered_block,circular,per_chunk,16,16
5586,227958,231833,16,0,0,layered_block,circular,per_chunk,16,16
5587,226875,230750,16,0,0,layered_block,circular,per_chunk,16,16
5588,220833,224708,16,0,0,layered_block,circular,per_chunk,16,16
5589,225625,229542,16,0,0,layered_block,circular,per_chunk,16,16
5590,221209,225041,16,0,0,layered_block,circular,per_chunk,16,16
5591,218333,222250,16,0,0,layered_block,circular,per_chunk,16,16
5592,229292,233166,16,0,0,layered_block,circular,per_chunk,16,16
5593,278083,282708,16,0,0,layered_block,circular,per_chunk,16,16
5594,228292,232125,16,0,0,layered_block,circular,per_chunk,16,16
5595,217875,221792,16,0,0,layered_block,circular,per_chunk,16,16
5596,217500,221417,16,0,0,layered_block,circular,per_chunk,16,16
5597,230917,234791,16,0,0,layered_block,circular,per_chunk,16,16
5598,227459,231333,16,0,0,layered_block,circular,per_chunk,16,16
5599,266875,271084,16,0,0,layered_block,circular,per_chunk,16,16
5600,231084,234917,16,0,0,layered_block,circular,per_chunk,16,16
5601,221333,225250,16,0,0,layered_block,circular,per_chunk,16,16
5602,224541,228459,16,0,0,layered_block,circular,per_chunk,16,16
5603,230334,234208,16,0,0,layered_block,circular,per_chunk,16,16
5604,283333,287792,16,0,0,layered_block,circular,per_chunk,16,16
5605,230750,234667,16,0,0,layered_block,circular,per_chunk,16,16
5606,250750,254625,16,0,0,layered_block,circular,per_chunk,16,16
5607,246875,250792,16,0,0,layered_block,circular,per_chunk,16,16
5608,292458,296500,16,0,0,layered_block,circular,per_chunk,16,16
5609,238666,242625,16,0,0,layered_block,circular,per_chunk,16,16
5610,287625,291792,16,0,0,layered_block,circular,per_chunk,16,16
5611,235083,238958,16,0,0,layered_block,circular,per_chunk,16,16
5612,220292,228833,16,0,0,layered_block,circular,per_chunk,16,16
5613,226750,230792,16,0,0,layered_block,circular,per_chunk,16,16
5614,231250,235083,16,0,0,layered_block,circular,per_chunk,16,16
5615,229375,233209,16,0,0,layered_block,circular,per_chunk,16,16
5616,236459,240291,16,0,0,layered_block,circular,per_chunk,16,16
5617,281625,285750,16,0,0,layered_block,circular,per_chunk,16,16
5618,245541,249417,16,0,0,layered_block,circular,per_chunk,16,16
5619,240917,244833,16,0,0,layered_block,circular,per_chunk,16,16
5620,253292,257209,16,0,0,layered_block,circular,per_chunk,16,16
5621,253709,257625,16,0,0,layered_block,circular,per_chunk,16,16
5622,235875,239875,16,0,0,layered_block,circular,per_chunk,16,16
5623,238542,242416,16,0,0,layered_block,circular,per_chunk,16,16
5624,231416,235292,16,0,0,layered_block,circular,per_chunk,16,16
5625,229292,233250,16,0,0,layered_block,circular,per_chunk,16,16
5626,233042,236958,16,0,0,layered_block,circular,per_chunk,16,16
5627,236208,240166,16,0,0,layered_block,circular,per_chunk,16,16
5628,234791,238709,16,0,0,layered_block,circular,per_chunk,16,16
5629,241500,245416,16,0,0,layered_block,circular,per_chunk,16,16
5630,238459,242333,16,0,0,layered_block,circular,per_chunk,16,16
5631,239542,243416,16,0,0,layered_block,circular,per_chunk,16,16
5632,245500,249375,16,0,0,layered_block,circular,per_chunk,16,16
5633,244375,248208,16,0,0,layered_block,circular,per_chunk,16,16
5634,252667,256542,16,0,0,layered_block,circular,per_chunk,16,16
5635,250250,254125,16,0,0,layered_block,circular,per_chunk,16,16
5636,241583,245417,16,0,0,layered_block,circular,per_chunk,16,16
5637,243583,247417,16,0,0,layered_block,circular,per_chunk,16,16
5638,234416,238250,16,0,0,layered_block,circular,per_chunk,16,16
5639,231416,235375,16,0,0,layered_block,circular,per_chunk,16,16
5640,228375,232292,16,0,0,layered_block,circular,per_chunk,16,16
5641,234250,238083,16,0,0,layered_block,circular,per_chunk,16,16
5642,279542,283584,16,0,0,layered_block,circular,per_chunk,16,16
5643,222000,225959,16,0,0,layered_block,circular,per_chunk,16,16
5644,230584,234458,16,0,0,layered_block,circular,per_chunk,16,16
5645,232333,240542,16,0,0,layered_block,circular,per_chunk,16,16
5646,245125,249000,16,0,0,layered_block,circular,per_chunk,16,16
5647,240500,244417,16,0,0,layered_block,circular,per_chunk,16,16
5648,251667,255541,16,0,0,layered_block,circular,per_chunk,16,16
5649,250416,254292,16,0,0,layered_block,circular,per_chunk,16,16
5650,232083,235958,16,0,0,layered_block,circular,per_chunk,16,16
5651,244333,248208,16,0,0,layered_block,circular,per_chunk,16,16
5652,237917,241792,16,0,0,layered_block,circular,per_chunk,16,16
5653,232833,236667,16,0,0,layered_block,circular,per_chunk,16,16
5654,230167,234042,16,0,0,layered_block,circular,per_chunk,16,16
5655,282208,286333,16,0,0,layered_block,circular,per_chunk,16,16
5656,229417,233292,16,0,0,layered_block,circular,per_chunk,16,16
5657,226917,230750,16,0,0,layered_block,circular,per_chunk,16,16
5658,228833,232791,16,0,0,layered_block,circular,per_chunk,16,16
5659,230625,234416,16,0,0,layered_block,circular,per_chunk,16,16
5660,245500,249334,16,0,0,layered_block,circular,per_chunk,16,16
5661,246917,250750,16,0,0,layered_block,circular,per_chunk,16,16
5662,250625,254458,16,0,0,layered_block,circular,per_chunk,16,16
5663,249417,253250,16,0,0,layered_block,circular,per_chunk,16,16
5664,230750,234625,16,0,0,layered_block,circular,per_chunk,16,16
5665,237875,241750,16,0,0,layered_block,circular,per_chunk,16,16
5666,235417,239250,16,0,0,layered_block,circular,per_chunk,16,16
5667,226375,230416,16,0,0,layered_block,circular,per_chunk,16,16
5668,231500,235416,16,0,0,layered_block,circular,per_chunk,16,16
5669,237375,241250,16,0,0,layered_block,circular,per_chunk,16,16
5670,235125,238958,16,0,0,layered_block,circular,per_chunk,16,16
5671,233042,236958,16,0,0,layered_block,circular,per_chunk,16,16
5672,237625,241542,16,0,0,layered_block,circular,per_chunk,16,16
5673,235708,239542,16,0,0,layered_block,circular,per_chunk,16,16
5674,247125,251000,16,0,0,layered_block,circular,per_chunk,16,16
5675,247667,251542,16,0,0,layered_block,circular,per_chunk,16,16
5676,249333,253167,16,0,0,layered_block,circular,per_chunk,16,16
5677,248875,252750,16,0,0,layered_block,circular,per_chunk,16,16
5678,236167,240000,16,0,0,layered_block,circular,per_chunk,16,16
5679,240667,244500,16,0,0,layered_block,circular,per_chunk,16,16
5680,236250,240083,16,0,0,layered_block,circular,per_chunk,16,16
5681,232625,236500,16,0,0,layered_block,circular,per_chunk,16,16
5682,237459,241291,16,0,0,layered_block,circular,per_chunk,16,16
5683,241125,245084,16,0,0,layered_block,circular,per_chunk,16,16
5684,235875,239708,16,0,0,layered_block,circular,per_chunk,16,16
5685,233458,237292,16,0,0,layered_block,circular,per_chunk,16,16
5686,224958,233292,16,0,0,layered_block,circular,per_chunk,16,16
5687,232500,236375,16,0,0,layered_block,circular,per_chunk,16,16
5688,247458,251333,16,0,0,layered_block,circular,per_chunk,16,16
5689,244334,248208,16,0,0,layered_block,circular,per_chunk,16,16
5690,250583,254417,16,0,0,layered_block,circular,per_chunk,16,16
5691,247292,251166,16,0,0,layered_block,circular,per_chunk,16,16
5692,237209,241041,16,0,0,layered_block,circular,per_chunk,16,16
5693,237000,240917,16,0,0,layered_block,circular,per_chunk,16,16
5694,232250,236125,16,0,0,layered_block,circular,per_chunk,16,16
5695,227708,231500,16,0,0,layered_block,circular,per_chunk,16,16
5696,232917,236875,16,0,0,layered_block,circular,per_chunk,16,16
5697,230333,234250,16,0,0,layered_block,circular,per_chunk,16,16
5698,278958,283084,16,0,0,layered_block,circular,per_chunk,16,16
5699,233333,237208,16,0,0,layered_block,circular,per_chunk,16,16
5700,224333,228209,16,0,0,layered_block,circular,per_chunk,16,16
5701,235417,239333,16,0,0,layered_block,circular,per_chunk,16,16
5702,241791,245791,16,0,0,layered_block,circular,per_chunk,16,16
5703,242041,246000,16,0,0,layered_block,circular,per_chunk,16,16
5704,251125,254958,16,0,0,layered_block,circular,per_chunk,16,16
5705,245542,249458,16,0,0,layered_block,circular,per_chunk,16,16
5706,234750,238625,16,0,0,layered_block,circular,per_chunk,16,16
5707,241042,244916,16,0,0,layered_block,circular,per_chunk,16,16
5708,237917,241833,16,0,0,layered_block,circular,per_chunk,16,16
5709,230625,234541,16,0,0,layered_block,circular,per_chunk,16,16
5710,233875,237792,16,0,0,layered_block,circular,per_chunk,16,16
5711,284166,288125,16,0,0,layered_block,circular,per_chunk,16,16
5712,229916,233792,16,0,0,layered_block,circular,per_chunk,16,16
5713,232833,236750,16,0,0,layered_block,circular,per_chunk,16,16
5714,223708,227875,16,0,0,layered_block,circular,per_chunk,16,16
5715,242167,246000,16,0,0,layered_block,circular,per_chunk,16,16
5716,246125,250042,16,0,0,layered_block,circular,per_chunk,16,16
5717,241166,245083,16,0,0,layered_block,circular,per_chunk,16,16
5718,252875,256708,16,0,0,layered_block,circular,per_chunk,16,16
5719,244458,248292,16,0,0,layered_block,circular,per_chunk,16,16
5720,234167,238042,16,0,0,layered_block,circular,per_chunk,16,16
5721,240625,244500,16,0,0,layered_block,circular,per_chunk,16,16
5722,235750,239667,16,0,0,layered_block,circular,per_chunk,16,16
5723,231291,235209,16,0,0,layered_block,circular,per_chunk,16,16
5724,234958,238875,16,0,0,layered_block,circular,per_chunk,16,16
5725,237792,241709,16,0,0,layered_block,circular,per_chunk,16,16
5726,280500,284667,16,0,0,layered_block,circular,per_chunk,16,16
5727,233708,237542,16,0,0,layered_block,circular,per_chunk,16,16
5728,226042,229916,16,0,0,layered_block,circular,per_chunk,16,16
5729,247375,251292,16,0,0,layered_block,circular,per_chunk,16,16
5730,240875,244750,16,0,0,layered_block,circular,per_chunk,16,16
5731,241084,244916,16,0,0,layered_block,circular,per_chunk,16,16
5732,253541,257375,16,0,0,layered_block,circular,per_chunk,16,16
5733,243041,246959,16,0,0,layered_block,circular,per_chunk,16,16
5734,237750,241709,16,0,0,layered_block,circular,per_chunk,16,16
5735,239750,243625,16,0,0,layered_block,circular,per_chunk,16,16
5736,235584,239500,16,0,0,layered_block,circular,per_chunk,16,16
5737,223750,227667,16,0,0,layered_block,circular,per_chunk,16,16
5738,232667,236541,16,0,0,layered_block,circular,per_chunk,16,16
5739,234458,238334,16,0,0,layered_block,circular,per_chunk,16,16
5740,237583,241541,16,0,0,layered_block,circular,per_chunk,16,16
5741,225334,229291,16,0,0,layered_block,circular,per_chunk,16,16
5742,228208,232042,16,0,0,layered_block,circular,per_chunk,16,16
5743,246750,250584,16,0,0,layered_block,circular,per_chunk,16,16
5744,235125,239000,16,0,0,layered_block,circular,per_chunk,16,16
5745,239625,243458,16,0,0,layered_block,circular,per_chunk,16,16
5746,246041,250041,16,0,0,layered_block,circular,per_chunk,16,16
5747,241292,245166,16,0,0,layered_block,circular,per_chunk,16,16
5748,239041,242917,16,0,0,layered_block,circular,per_chunk,16,16
5749,238333,242209,16,0,0,layered_block,circular,per_chunk,16,16
5750,232500,236458,16,0,0,layered_block,circular,per_chunk,16,16
5751,228750,232708,16,0,0,layered_block,circular,per_chunk,16,16
5752,225208,229125,16,0,0,layered_block,circular,per_chunk,16,16
5753,233708,237750,16,0,0,layered_block,circular,per_chunk,16,16
5754,230334,238541,16,0,0,layered_block,circular,per_chunk,16,16
5755,231917,235792,16,0,0,layered_block,circular,per_chunk,16,16
5756,234917,238833,16,0,0,layered_block,circular,per_chunk,16,16
5757,248583,252500,16,0,0,layered_block,circular,per_chunk,16,16
5758,230458,234375,16,0,0,layered_block,circular,per_chunk,16,16
5759,244708,248625,16,0,0,layered_block,circular,per_chunk,16,16
5760,246833,250833,16,0,0,layered_block,circular,per_chunk,16,16
5761,242792,246750,16,0,0,layered_block,circular,per_chunk,16,16
5762,243416,247333,16,0,0,layered_block,circular,per_chunk,16,16
5763,240167,244084,16,0,0,layered_block,circular,per_chunk,16,16
5764,235167,239125,16,0,0,layered_block,circular,per_chunk,16,16
5765,221250,225125,16,0,0,layered_block,circular,per_chunk,16,16
5766,234334,238250,16,0,0,layered_block,circular,per_chunk,16,16
5767,237583,241458,16,0,0,layered_block,circular,per_chunk,16,16
5768,235833,239709,16,0,0,layered_block,circular,per_chunk,16,16
5769,227458,231375,16,0,0,layered_block,circular,per_chunk,16,16
5770,232875,236792,16,0,0,layered_block,circular,per_chunk,16,16
5771,245375,249250,16,0,0,layered_block,circular,per_chunk,16,16
5772,231375,235208,16,0,0,layered_block,circular,per_chunk,16,16
5773,242625,246542,16,0,0,layered_block,circular,per_chunk,16,16
5774,251625,255500,16,0,0,layered_block,circular,per_chunk,16,16
5775,233916,237833,16,0,0,layered_block,circular,per_chunk,16,16
5776,234500,238375,16,0,0,layered_block,circular,per_chunk,16,16
5777,238500,242375,16,0,0,layered_block,circular,per_chunk,16,16
5778,238709,242667,16,0,0,layered_block,circular,per_chunk,16,16
5779,222625,226667,16,0,0,layered_block,circular,per_chunk,16,16
5780,233375,237250,16,0,0,layered_block,circular,per_chunk,16,16
5781,279375,283583,16,0,0,layered_block,circular,per_chunk,16,16
5782,232666,236584,16,0,0,layered_block,circular,per_chunk,16,16
5783,227375,231291,16,0,0,layered_block,circular,per_chunk,16,16
5784,239083,242959,16,0,0,layered_block,circular,per_chunk,16,16
5785,246000,250125,16,0,0,layered_block,circular,per_chunk,16,16
5786,233084,236875,16,0,0,layered_block,circular,per_chunk,16,16
5787,240208,244000,16,0,0,layered_block,circular,per_chunk,16,16
5788,250625,254500,16,0,0,layered_block,circular,per_chunk,16,16
5789,233667,237541,16,0,0,layered_block,circular,per_chunk,16,16
5790,238916,242750,16,0,0,layered_block,circular,per_chunk,16,16
5791,239000,242875,16,0,0,layered_block,circular,per_chunk,16,16
5792,238208,242083,16,0,0,layered_block,circular,per_chunk,16,16
5793,229542,233375,16,0,0,layered_block,circular,per_chunk,16,16
5794,269375,273792,16,0,0,layered_block,circular,per_chunk,16,16
5795,237167,241042,16,0,0,layered_block,circular,per_chunk,16,16
5796,234250,238125,16,0,0,layered_block,circular,per_chunk,16,16
5797,232709,236541,16,0,0,layered_block,circular,per_chunk,16,16
5798,242000,245833,16,0,0,layered_block,circular,per_chunk,16,16
5799,239583,247625,16,0,0,layered_block,circular,per_chunk,16,16
5800,230459,234333,16,0,0,layered_block,circular,per_chunk,16,16
5801,242292,246209,16,0,0,layered_block,circular,per_chunk,16,16
5802,251041,254917,16,0,0,layered_block,circular,per_chunk,16,16
5803,235417,239334,16,0,0,layered_block,circular,per_chunk,16,16
5804,232083,235958,16,0,0,layered_block,circular,per_chunk,16,16
5805,283375,287458,16,0,0,layered_block,circular,per_chunk,16,16
5806,231458,235459,16,0,0,layered_block,circular,per_chunk,16,16
5807,228042,231875,16,0,0,layered_block,circular,per_chunk,16,16
5808,228416,232375,16,0,0,layered_block,circular,per_chunk,16,16
5809,235083,238959,16,0,0,layered_block,circular,per_chunk,16,16
5810,228667,232583,16,0,0,layered_block,circular,per_chunk,16,16
5811,234250,238125,16,0,0,layered_block,circular,per_chunk,16,16
5812,238292,242209,16,0,0,layered_block,circular,per_chunk,16,16
5813,244958,248875,16,0,0,layered_block,circular,per_chunk,16,16
5814,231666,235500,16,0,0,layered_block,circular,per_chunk,16,16
5815,244625,248459,16,0,0,layered_block,circular,per_chunk,16,16
5816,253708,257625,16,0,0,layered_block,circular,per_chunk,16,16
5817,237750,241625,16,0,0,layered_block,circular,per_chunk,16,16
5818,285416,289500,16,0,0,layered_block,circular,per_chunk,16,16
5819,237125,240917,16,0,0,layered_block,circular,per_chunk,16,16
5820,235500,239333,16,0,0,layered_block,circular,per_chunk,16,16
5821,225125,229041,16,0,0,layered_block,circular,per_chunk,16,16
5822,233958,237792,16,0,0,layered_block,circular,per_chunk,16,16
5823,240541,244417,16,0,0,layered_block,circular,per_chunk,16,16
5824,232875,236750,16,0,0,layered_block,circular,per_chunk,16,16
5825,236834,240666,16,0,0,layered_block,circular,per_chunk,16,16
5826,242166,246000,16,0,0,layered_block,circular,per_chunk,16,16
5827,245792,249666,16,0,0,layered_block,circular,per_chunk,16,16
5828,231000,234875,16,0,0,layered_block,circular,per_chunk,16,16
5829,287750,291958,16,0,0,layered_block,circular,per_chunk,16,16
5830,250625,254458,16,0,0,layered_block,circular,per_chunk,16,16
5831,285417,289583,16,0,0,layered_block,circular,per_chunk,16,16
5832,230917,234792,16,0,0,layered_block,circular,per_chunk,16,16
5833,232959,236875,16,0,0,layered_block,circular,per_chunk,16,16
5834,230625,234542,16,0,0,layered_block,circular,per_chunk,16,16
5835,230083,233875,16,0,0,layered_block,circular,per_chunk,16,16
5836,237042,240958,16,0,0,layered_block,circular,per_chunk,16,16
5837,240083,243917,16,0,0,layered_block,circular,per_chunk,16,16
5838,234000,237875,16,0,0,layered_block,circular,per_chunk,16,16
5839,235958,239792,16,0,0,layered_block,circular,per_chunk,16,16
5840,242958,246792,16,0,0,layered_block,circular,per_chunk,16,16
5841,239625,243583,16,0,0,layered_block,circular,per_chunk,16,16
5842,267792,272125,16,0,0,layered_block,circular,per_chunk,16,16
5843,239542,243417,16,0,0,layered_block,circular,per_chunk,16,16
5844,297250,301334,16,0,0,layered_block,circular,per_chunk,16,16
5845,241917,245750,16,0,0,layered_block,circular,per_chunk,16,16
5846,236375,240166,16,0,0,layered_block,circular,per_chunk,16,16
5847,234750,238542,16,0,0,layered_block,circular,per_chunk,16,16
5848,235250,239167,16,0,0,layered_block,circular,per_chunk,16,16
5849,225542,229500,16,0,0,layered_block,circular,per_chunk,16,16
5850,232250,236084,16,0,0,layered_block,circular,per_chunk,16,16
5851,239666,243542,16,0,0,layered_block,circular,per_chunk,16,16
5852,229708,233583,16,0,0,layered_block,circular,per_chunk,16,16
5853,240459,244291,16,0,0,layered_block,circular,per_chunk,16,16
5854,237417,241209,16,0,0,layered_block,circular,per_chunk,16,16
5855,240292,244250,16,0,0,layered_block,circular,per_chunk,16,16
5856,227625,231583,16,0,0,layered_block,circular,per_chunk,16,16
5857,291166,295208,16,0,0,layered_block,circular,per_chunk,16,16
5858,249708,253542,16,0,0,layered_block,circular,per_chunk,16,16
5859,237417,241291,16,0,0,layered_block,circular,per_chunk,16,16
5860,230375,234291,16,0,0,layered_block,circular,per_chunk,16,16
5861,229625,237875,16,0,0,layered_block,circular,per_chunk,16,16
5862,234292,238125,16,0,0,layered_block,circular,per_chunk,16,16
5863,230708,234500,16,0,0,layered_block,circular,per_chunk,16,16
5864,237750,241625,16,0,0,layered_block,circular,per_chunk,16,16
5865,238125,242000,16,0,0,layered_block,circular,per_chunk,16,16
5866,234875,238667,16,0,0,layered_block,circular,per_chunk,16,16
5867,236167,240125,16,0,0,layered_block,circular,per_chunk,16,16
5868,230875,234792,16,0,0,layered_block,circular,per_chunk,16,16
5869,243958,247792,16,0,0,layered_block,circular,per_chunk,16,16
5870,281583,285583,16,0,0,layered_block,circular,per_chunk,16,16
5871,249083,252917,16,0,0,layered_block,circular,per_chunk,16,16
5872,252667,256583,16,0,0,layered_block,circular,per_chunk,16,16
5873,240917,244833,16,0,0,layered_block,circular,per_chunk,16,16
5874,281958,286250,16,0,0,layered_block,circular,per_chunk,16,16
5875,233000,237000,16,0,0,layered_block,circular,per_chunk,16,16
5876,230500,234458,16,0,0,layered_block,circular,per_chunk,16,16
5877,226167,230417,16,0,0,layered_block,circular,per_chunk,16,16
5878,240792,244666,16,0,0,layered_block,circular,per_chunk,16,16
5879,232042,236000,16,0,0,layered_block,circular,per_chunk,16,16
5880,230541,234417,16,0,0,layered_block,circular,per_chunk,16,16
5881,234833,238709,16,0,0,layered_block,circular,per_chunk,16,16
5882,230292,238375,16,0,0,layered_block,circular,per_chunk,16,16
5883,244166,248042,16,0,0,layered_block,circular,per_chunk,16,16
5884,232959,236833,16,0,0,layered_block,circular,per_chunk,16,16
5885,245542,249875,16,0,0,layered_block,circular,per_chunk,16,16
5886,250416,254292,16,0,0,layered_block,circular,per_chunk,16,16
5887,240042,244042,16,0,0,layered_block,circular,per_chunk,16,16
5888,227708,231667,16,0,0,layered_block,circular,per_chunk,16,16
5889,233708,237625,16,0,0,layered_block,circular,per_chunk,16,16
5890,236291,240208,16,0,0,layered_block,circular,per_chunk,16,16
5891,230041,233875,16,0,0,layered_block,circular,per_chunk,16,16
5892,240125,244000,16,0,0,layered_block,circular,per_chunk,16,16
5893,237375,241292,16,0,0,layered_block,circular,per_chunk,16,16
5894,236792,240666,16,0,0,layered_block,circular,per_chunk,16,16
5895,237875,241750,16,0,0,layered_block,circular,per_chunk,16,16
5896,238083,242041,16,0,0,layered_block,circular,per_chunk,16,16
5897,241750,245625,16,0,0,layered_block,circular,per_chunk,16,16
5898,278958,283250,16,0,0,layered_block,circular,per_chunk,16,16
5899,247083,250959,16,0,0,layered_block,circular,per_chunk,16,16
5900,306459,310875,16,0,0,layered_block,circular,per_chunk,16,16
5901,232625,236500,16,0,0,layered_block,circular,per_chunk,16,16
5902,273125,277083,16,0,0,layered_block,circular,per_chunk,16,16
5903,229792,233750,16,0,0,layered_block,circular,per_chunk,16,16
5904,234917,238792,16,0,0,layered_block,circular,per_chunk,16,16
5905,231292,235166,16,0,0,layered_block,circular,per_chunk,16,16
5906,238292,242166,16,0,0,layered_block,circular,per_chunk,16,16
5907,235125,239000,16,0,0,layered_block,circular,per_chunk,16,16
5908,236708,240542,16,0,0,layered_block,circular,per_chunk,16,16
5909,232875,236792,16,0,0,layered_block,circular,per_chunk,16,16
5910,236166,239958,16,0,0,layered_block,circular,per_chunk,16,16
5911,283750,287917,16,0,0,layered_block,circular,per_chunk,16,16
5912,233792,237625,16,0,0,layered_block,circular,per_chunk,16,16
5913,248208,252125,16,0,0,layered_block,circular,per_chunk,16,16
5914,250542,254375,16,0,0,layered_block,circular,per_chunk,16,16
5915,233334,237208,16,0,0,layered_block,circular,per_chunk,16,16
5916,230041,233917,16,0,0,layered_block,circular,per_chunk,16,16
5917,230833,234750,16,0,0,layered_block,circular,per_chunk,16,16
5918,229291,233208,16,0,0,layered_block,circular,per_chunk,16,16
5919,232334,236250,16,0,0,layered_block,circular,per_chunk,16,16
5920,237834,241708,16,0,0,layered_block,circular,per_chunk,16,16
5921,235666,239500,16,0,0,layered_block,circular,per_chunk,16,16
5922,239083,243000,16,0,0,layered_block,circular,per_chunk,16,16
5923,219875,223875,16,0,0,layered_block,circular,per_chunk,16,16
5924,235958,240000,16,0,0,layered_block,circular,per_chunk,16,16
5925,233792,237708,16,0,0,layered_block,circular,per_chunk,16,16
5926,228500,232417,16,0,0,layered_block,circular,per_chunk,16,16
5927,243791,247667,16,0,0,layered_block,circular,per_chunk,16,16
5928,246667,250625,16,0,0,layered_block,circular,per_chunk,16,16
5929,241292,245166,16,0,0,layered_block,circular,per_chunk,16,16
5930,229167,233083,16,0,0,layered_block,circular,per_chunk,16,16
5931,237750,241708,16,0,0,layered_block,circular,per_chunk,16,16
5932,234042,237958,16,0,0,layered_block,circular,per_chunk,16,16
5933,232667,236541,16,0,0,layered_block,circular,per_chunk,16,16
5934,290042,294584,16,0,0,layered_block,circular,per_chunk,16,16
5935,239375,243250,16,0,0,layered_block,circular,per_chunk,16,16
5936,232667,236542,16,0,0,layered_block,circular,per_chunk,16,16
5937,221667,225625,16,0,0,layered_block,circular,per_chunk,16,16
5938,238625,242500,16,0,0,layered_block,circular,per_chunk,16,16
5939,234000,237833,16,0,0,layered_block,circular,per_chunk,16,16
5940,219458,223375,16,0,0,layered_block,circular,per_chunk,16,16
5941,283917,288083,16,0,0,layered_block,circular,per_chunk,16,16
5942,251042,255000,16,0,0,layered_block,circular,per_chunk,16,16
5943,280959,285750,16,0,0,layered_block,circular,per_chunk,16,16
5944,227208,231083,16,0,0,layered_block,circular,per_chunk,16,16
5945,225875,229708,16,0,0,layered_block,circular,per_chunk,16,16
5946,233167,237083,16,0,0,layered_block,circular,per_chunk,16,16
5947,227458,231375,16,0,0,layered_block,circular,per_chunk,16,16
5948,236875,240791,16,0,0,layered_block,circular,per_chunk,16,16
5949,220292,224250,16,0,0,layered_block,circular,per_chunk,16,16
5950,224792,228667,16,0,0,layered_block,circular,per_chunk,16,16
5951,224708,228625,16,0,0,layered_block,circular,per_chunk,16,16
5952,229250,233125,16,0,0,layered_block,circular,per_chunk,16,16
5953,222500,226375,16,0,0,layered_block,circular,per_chunk,16,16
5954,214666,218542,16,0,0,layered_block,circular,per_chunk,16,16
5955,225959,229875,16,0,0,layered_block,circular,per_chunk,16,16
5956,228291,237417,16,0,0,layered_block,circular,per_chunk,16,16
5957,235500,239375,16,0,0,layered_block,circular,per_chunk,16,16
5958,233042,236916,16,0,0,layered_block,circular,per_chunk,16,16
5959,227708,231625,16,0,0,layered_block,circular,per_chunk,16,16
5960,211417,215333,16,0,0,layered_block,circular,per_chunk,16,16
5961,226208,230125,16,0,0,layered_block,circular,per_chunk,16,16
5962,227750,231625,16,0,0,layered_block,circular,per_chunk,16,16
5963,221042,224834,16,0,0,layered_block,circular,per_chunk,16,16
5964,224459,228333,16,0,0,layered_block,circular,per_chunk,16,16
5965,219666,223542,16,0,0,layered_block,circular,per_chunk,16,16
5966,212333,216167,16,0,0,layered_block,circular,per_chunk,16,16
5967,221500,225333,16,0,0,layered_block,circular,per_chunk,16,16
5968,229792,233625,16,0,0,layered_block,circular,per_chunk,16,16
5969,205583,209500,16,0,0,layered_block,circular,per_chunk,16,16
5970,217292,221500,16,0,0,layered_block,circular,per_chunk,16,16
5971,218875,222750,16,0,0,layered_block,circular,per_chunk,16,16
5972,217417,221291,16,0,0,layered_block,circular,per_chunk,16,16
5973,214167,218125,16,0,0,layered_block,circular,per_chunk,16,16
5974,218167,222042,16,0,0,layered_block,circular,per_chunk,16,16
5975,219042,222875,16,0,0,layered_block,circular,per_chunk,16,16
5976,210000,213958,16,0,0,layered_block,circular,per_chunk,16,16
5977,204583,208458,16,0,0,layered_block,circular,per_chunk,16,16
5978,220084,223916,16,0,0,layered_block,circular,per_chunk,16,16
5979,210625,214583,16,0,0,layered_block,circular,per_chunk,16,16
5980,215584,219416,16,0,0,layered_block,circular,per_chunk,16,16
5981,218333,222209,16,0,0,layered_block,circular,per_chunk,16,16
5982,209167,213042,16,0,0,layered_block,circular,per_chunk,16,16
5983,208708,212542,16,0,0,layered_block,circular,per_chunk,16,16
5984,215750,219625,16,0,0,layered_block,circular,per_chunk,16,16
5985,262791,266833,16,0,0,layered_block,circular,per_chunk,16,16
5986,210250,214458,16,0,0,layered_block,circular,per_chunk,16,16
5987,217459,221333,16,0,0,layered_block,circular,per_chunk,16,16
5988,215334,219166,16,0,0,layered_block,circular,per_chunk,16,16
5989,215625,219541,16,0,0,layered_block,circular,per_chunk,16,16
5990,217208,221084,16,0,0,layered_block,circular,per_chunk,16,16
5991,218042,221875,16,0,0,layered_block,circular,per_chunk,16,16
5992,213042,216958,16,0,0,layered_block,circular,per_chunk,16,16
5993,215167,218959,16,0,0,layered_block,circular,per_chunk,16,16
5994,215833,219792,16,0,0,layered_block,circular,per_chunk,16,16
5995,216458,220333,16,0,0,layered_block,circular,per_chunk,16,16
5996,221750,225625,16,0,0,layered_block,circular,per_chunk,16,16
5997,229292,233208,16,0,0,layered_block,circular,per_chunk,16,16
5998,222000,225875,16,0,0,layered_block,circular,per_chunk,16,16
5999,209667,213625,16,0,0,layered_block,circular,per_chunk,16,16
6000,212875,216708,16,0,0,layered_block,circular,per_chunk,16,16
6001,211875,216166,16,0,0,layered_block,circular,per_chunk,16,16
6002,218375,222208,16,0,0,layered_block,circular,per_chunk,16,16
6003,213542,217375,16,0,0,layered_block,circular,per_chunk,16,16
6004,217958,221834,16,0,0,layered_block,circular,per_chunk,16,16
6005,205625,209500,16,0,0,layered_block,circular,per_chunk,16,16
6006,199417,203291,16,0,0,layered_block,circular,per_chunk,16,16
6007,204083,207958,16,0,0,layered_block,circular,per_chunk,16,16
6008,211375,215333,16,0,0,layered_block,circular,per_chunk,16,16
6009,200334,204166,16,0,0,layered_block,circular,per_chunk,16,16
6010,204166,208084,16,0,0,layered_block,circular,per_chunk,16,16
6011,264083,268208,16,0,0,layered_block,circular,per_chunk,16,16
6012,217292,221125,16,0,0,layered_block,circular,per_chunk,16,16
6013,213625,217500,16,0,0,layered_block,circular,per_chunk,16,16
6014,246791,250792,16,0,0,layered_block,circular,per_chunk,16,16
6015,219000,222875,16,0,0,layered_block,circular,per_chunk,16,16
6016,213417,217333,16,0,0,layered_block,circular,per_chunk,16,16
6017,213667,217541,16,0,0,layered_block,circular,per_chunk,16,16
6018,212791,216625,16,0,0,layered_block,circular,per_chunk,16,16
6019,217542,221417,16,0,0,layered_block,circular,per_chunk,16,16
6020,221833,225708,16,0,0,layered_block,circular,per_chunk,16,16
6021,210000,218333,16,0,0,layered_block,circular,per_chunk,16,16
6022,210500,214292,16,0,0,layered_block,circular,per_chunk,16,16
6023,215209,219000,16,0,0,layered_block,circular,per_chunk,16,16
6024,216000,219792,16,0,0,layered_block,circular,per_chunk,16,16
6025,214334,218166,16,0,0,layered_block,circular,per_chunk,16,16
6026,214834,218666,16,0,0,layered_block,circular,per_chunk,16,16
6027,206166,210083,16,0,0,layered_block,circular,per_chunk,16,16
6028,214125,218084,16,0,0,layered_block,circular,per_chunk,16,16
6029,221125,224917,16,0,0,layered_block,circular,per_chunk,16,16
6030,205000,208833,16,0,0,layered_block,circular,per_chunk,16,16
6031,220750,224625,16,0,0,layered_block,circular,per_chunk,16,16
6032,220833,224709,16,0,0,layered_block,circular,per_chunk,16,16
6033,222209,226083,16,0,0,layered_block,circular,per_chunk,16,16
6034,214084,217958,16,0,0,layered_block,circular,per_chunk,16,16
6035,214834,218666,16,0,0,layered_block,circular,per_chunk,16,16
6036,255458,259500,16,0,0,layered_block,circular,per_chunk,16,16
6037,245334,249208,16,0,0,layered_block,circular,per_chunk,16,16
6038,252083,255959,16,0,0,layered_block,circular,per_chunk,16,16
6039,251292,255167,16,0,0,layered_block,circular,per_chunk,16,16
6040,291625,295667,16,0,0,layered_block,circular,per_chunk,16,16
6041,240791,244833,16,0,0,layered_block,circular,per_chunk,16,16
6042,277084,281292,16,0,0,layered_block,circular,per_chunk,16,16
6043,229084,233042,16,0,0,layered_block,circular,per_chunk,16,16
6044,228417,232292,16,0,0,layered_block,circular,per_chunk,16,16
6045,224500,228292,16,0,0,layered_block,circular,per_chunk,16,16
6046,223125,227000,16,0,0,layered_block,circular,per_chunk,16,16
6047,283708,287792,16,0,0,layered_block,circular,per_chunk,16,16
6048,221667,225666,16,0,0,layered_block,circular,per_chunk,16,16
6049,229750,233625,16,0,0,layered_block,circular,per_chunk,16,16
6050,239084,242958,16,0,0,layered_block,circular,per_chunk,16,16
6051,242875,246791,16,0,0,layered_block,circular,per_chunk,16,16
6052,246209,250167,16,0,0,layered_block,circular,per_chunk,16,16
6053,252458,260417,16,0,0,layered_block,circular,per_chunk,16,16
6054,253375,257250,16,0,0,layered_block,circular,per_chunk,16,16
6055,289584,293708,16,0,0,layered_block,circular,per_chunk,16,16
6056,243708,247625,16,0,0,layered_block,circular,per_chunk,16,16
6057,284958,289292,16,0,0,layered_block,circular,per_chunk,16,16
6058,238792,242708,16,0,0,layered_block,circular,per_chunk,16,16
6059,284375,288666,16,0,0,layered_block,circular,per_chunk,16,16
6060,241542,245416,16,0,0,layered_block,circular,per_chunk,16,16
6061,235750,239709,16,0,0,layered_block,circular,per_chunk,16,16
6062,230833,234750,16,0,0,layered_block,circular,per_chunk,16,16
6063,234083,237958,16,0,0,layered_block,circular,per_chunk,16,16
6064,235792,239708,16,0,0,layered_block,circular,per_chunk,16,16
6065,236166,240208,16,0,0,layered_block,circular,per_chunk,16,16
6066,244709,248667,16,0,0,layered_block,circular,per_chunk,16,16
6067,250375,254209,16,0,0,layered_block,circular,per_chunk,16,16
6068,251791,255667,16,0,0,layered_block,circular,per_chunk,16,16
6069,256791,260667,16,0,0,layered_block,circular,per_chunk,16,16
6070,246458,250375,16,0,0,layered_block,circular,per_chunk,16,16
6071,242708,246542,16,0,0,layered_block,circular,per_chunk,16,16
6072,241250,245208,16,0,0,layered_block,circular,per_chunk,16,16
6073,234000,242125,16,0,0,layered_block,circular,per_chunk,16,16
6074,243084,247000,16,0,0,layered_block,circular,per_chunk,16,16
6075,234292,238125,16,0,0,layered_block,circular,per_chunk,16,16
6076,232458,236375,16,0,0,layered_block,circular,per_chunk,16,16
6077,219875,223792,16,0,0,layered_block,circular,per_chunk,16,16
6078,228792,232625,16,0,0,layered_block,circular,per_chunk,16,16
6079,222000,225875,16,0,0,layered_block,circular,per_chunk,16,16
6080,222416,226292,16,0,0,layered_block,circular,per_chunk,16,16
6081,231375,235375,16,0,0,layered_block,circular,per_chunk,16,16
6082,238333,242250,16,0,0,layered_block,circular,per_chunk,16,16
6083,246959,250875,16,0,0,layered_block,circular,per_chunk,16,16
6084,251833,255709,16,0,0,layered_block,circular,per_chunk,16,16
6085,255667,259542,16,0,0,layered_block,circular,per_chunk,16,16
6086,248250,252125,16,0,0,layered_block,circular,per_chunk,16,16
6087,235792,239708,16,0,0,layered_block,circular,per_chunk,16,16
6088,236208,240084,16,0,0,layered_block,circular,per_chunk,16,16
6089,239500,243375,16,0,0,layered_block,circular,per_chunk,16,16
6090,241084,244958,16,0,0,layered_block,circular,per_chunk,16,16
6091,234125,237958,16,0,0,layered_block,circular,per_chunk,16,16
6092,233250,237125,16,0,0,layered_block,circular,per_chunk,16,16
6093,214375,218375,16,0,0,layered_block,circular,per_chunk,16,16
6094,223833,227792,16,0,0,layered_block,circular,per_chunk,16,16
6095,229375,233291,16,0,0,layered_block,circular,per_chunk,16,16
6096,229375,233292,16,0,0,layered_block,circular,per_chunk,16,16
6097,235917,239792,16,0,0,layered_block,circular,per_chunk,16,16
6098,246875,250750,16,0,0,layered_block,circular,per_chunk,16,16
6099,248667,252500,16,0,0,layered_block,circular,per_chunk,16,16
6100,257375,261167,16,0,0,layered_block,circular,per_chunk,16,16
6101,250167,254167,16,0,0,layered_block,circular,per_chunk,16,16
6102,237875,241875,16,0,0,layered_block,circular,per_chunk,16,16
6103,241375,245291,16,0,0,layered_block,circular,per_chunk,16,16
6104,294959,299041,16,0,0,layered_block,circular,per_chunk,16,16
6105,236917,240875,16,0,0,layered_block,circular,per_chunk,16,16
6106,234375,238250,16,0,0,layered_block,circular,per_chunk,16,16
6107,237000,240875,16,0,0,layered_block,circular,per_chunk,16,16
6108,224917,232792,16,0,0,layered_block,circular,per_chunk,16,16
6109,219833,223750,16,0,0,layered_block,circular,per_chunk,16,16
6110,233417,237291,16,0,0,layered_block,circular,per_chunk,16,16
6111,235041,238959,16,0,0,layered_block,circular,per_chunk,16,16
6112,238667,242500,16,0,0,layered_block,circular,per_chunk,16,16
6113,276750,281250,16,0,0,layered_block,circular,per_chunk,16,16
6114,248042,251917,16,0,0,layered_block,circular,per_chunk,16,16
6115,253166,257042,16,0,0,layered_block,circular,per_chunk,16,16
6116,253167,257042,16,0,0,layered_block,circular,per_chunk,16,16
6117,249500,253375,16,0,0,layered_block,circular,per_chunk,16,16
6118,235291,239250,16,0,0,layered_block,circular,per_chunk,16,16
6119,243834,247666,16,0,0,layered_block,circular,per_chunk,16,16
6120,239167,243083,16,0,0,layered_block,circular,per_chunk,16,16
6121,238333,242291,16,0,0,layered_block,circular,per_chunk,16,16
6122,233209,241334,16,0,0,layered_block,circular,per_chunk,16,16
6123,274625,278625,16,0,0,layered_block,circular,per_chunk,16,16
6124,222625,226459,16,0,0,layered_block,circular,per_chunk,16,16
6125,223916,227750,16,0,0,layered_block,circular,per_chunk,16,16
6126,228125,232000,16,0,0,layered_block,circular,per_chunk,16,16
6127,234833,238667,16,0,0,layered_block,circular,per_chunk,16,16
6128,280500,285042,16,0,0,layered_block,circular,per_chunk,16,16
6129,241417,245333,16,0,0,layered_block,circular,per_chunk,16,16
6130,286875,291042,16,0,0,layered_block,circular,per_chunk,16,16
6131,250959,254833,16,0,0,layered_block,circular,per_chunk,16,16
6132,256416,260334,16,0,0,layered_block,circular,per_chunk,16,16
6133,241667,245500,16,0,0,layered_block,circular,per_chunk,16,16
6134,243917,247750,16,0,0,layered_block,circular,per_chunk,16,16
6135,235458,239375,16,0,0,layered_block,circular,per_chunk,16,16
6136,243583,287167,16,0,0,layered_block,circular,per_chunk,16,16
6137,239917,243833,16,0,0,layered_block,circular,per_chunk,16,16
6138,235542,239417,16,0,0,layered_block,circular,per_chunk,16,16
6139,225667,229500,16,0,0,layered_block,circular,per_chunk,16,16
6140,220208,224167,16,0,0,layered_block,circular,per_chunk,16,16
6141,231375,235250,16,0,0,layered_block,circular,per_chunk,16,16
6142,225583,229459,16,0,0,layered_block,circular,per_chunk,16,16
6143,290375,294792,16,0,0,layered_block,circular,per_chunk,16,16
6144,231292,235250,16,0,0,layered_block,circular,per_chunk,16,16
6145,248166,251958,16,0,0,layered_block,circular,per_chunk,16,16
6146,245667,249458,16,0,0,layered_block,circular,per_chunk,16,16
6147,298375,302459,16,0,0,layered_block,circular,per_chunk,16,16
6148,252125,255916,16,0,0,layered_block,circular,per_chunk,16,16
6149,241792,245916,16,0,0,layered_block,circular,per_chunk,16,16
6150,245416,249250,16,0,0,layered_block,circular,per_chunk,16,16
6151,281458,285500,16,0,0,layered_block,circular,per_chunk,16,16
6152,240209,244041,16,0,0,layered_block,circular,per_chunk,16,16
6153,231083,234917,16,0,0,layered_block,circular,per_chunk,16,16
6154,233292,237166,16,0,0,layered_block,circular,per_chunk,16,16
6155,216375,220208,16,0,0,layered_block,circular,per_chunk,16,16
6156,226375,230209,16,0,0,layered_block,circular,per_chunk,16,16
6157,226583,230542,16,0,0,layered_block,circular,per_chunk,16,16
6158,231209,235083,16,0,0,layered_block,circular,per_chunk,16,16
6159,227459,231291,16,0,0,layered_block,circular,per_chunk,16,16
6160,243792,247667,16,0,0,layered_block,circular,per_chunk,16,16
6161,242542,246333,16,0,0,layered_block,circular,per_chunk,16,16
6162,239000,242833,16,0,0,layered_block,circular,per_chunk,16,16
6163,255292,259167,16,0,0,layered_block,circular,per_chunk,16,16
6164,240708,244542,16,0,0,layered_block,circular,per_chunk,16,16
6165,241750,245541,16,0,0,layered_block,circular,per_chunk,16,16
6166,241333,245167,16,0,0,layered_block,circular,per_chunk,16,16
6167,240125,244042,16,0,0,layered_block,circular,per_chunk,16,16
6168,235083,243125,16,0,0,layered_block,circular,per_chunk,16,16
6169,228333,236000,16,0,0,layered_block,circular,per_chunk,16,16
6170,230791,234583,16,0,0,layered_block,circular,per_chunk,16,16
6171,217125,220959,16,0,0,layered_block,circular,per_chunk,16,16
6172,220292,224125,16,0,0,layered_block,circular,per_chunk,16,16
6173,234625,238458,16,0,0,layered_block,circular,per_chunk,16,16
6174,235084,238834,16,0,0,layered_block,circular,per_chunk,16,16
6175,231458,235292,16,0,0,layered_block,circular,per_chunk,16,16
6176,248958,252834,16,0,0,layered_block,circular,per_chunk,16,16
6177,228500,232417,16,0,0,layered_block,circular,per_chunk,16,16
6178,247625,251458,16,0,0,layered_block,circular,per_chunk,16,16
6179,255667,259500,16,0,0,layered_block,circular,per_chunk,16,16
6180,242708,246542,16,0,0,layered_block,circular,per_chunk,16,16
6181,243041,246833,16,0,0,layered_block,circular,per_chunk,16,16
6182,240875,244750,16,0,0,layered_block,circular,per_chunk,16,16
6183,242416,246208,16,0,0,layered_block,circular,per_chunk,16,16
6184,235875,239750,16,0,0,layered_block,circular,per_chunk,16,16
6185,232375,236208,16,0,0,layered_block,circular,per_chunk,16,16
6186,262084,266125,16,0,0,layered_block,circular,per_chunk,16,16
6187,219333,223250,16,0,0,layered_block,circular,per_chunk,16,16
6188,231666,235500,16,0,0,layered_block,circular,per_chunk,16,16
6189,238959,242833,16,0,0,layered_block,circular,per_chunk,16,16
6190,222750,226542,16,0,0,layered_block,circular,per_chunk,16,16
6191,233208,237084,16,0,0,layered_block,circular,per_chunk,16,16
6192,245458,249250,16,0,0,layered_block,circular,per_chunk,16,16
6193,237958,241833,16,0,0,layered_block,circular,per_chunk,16,16
6194,245292,249292,16,0,0,layered_block,circular,per_chunk,16,16
6195,245125,249042,16,0,0,layered_block,circular,per_chunk,16,16
6196,243584,247375,16,0,0,layered_block,circular,per_chunk,16,16
6197,245292,249208,16,0,0,layered_block,circular,per_chunk,16,16
6198,238125,241959,16,0,0,layered_block,circular,per_chunk,16,16
6199,241209,245167,16,0,0,layered_block,circular,per_chunk,16,16
6200,234959,238833,16,0,0,layered_block,circular,per_chunk,16,16
6201,230042,233917,16,0,0,layered_block,circular,per_chunk,16,16
6202,222250,226084,16,0,0,layered_block,circular,per_chunk,16,16
6203,219792,223584,16,0,0,layered_block,circular,per_chunk,16,16
6204,236500,240417,16,0,0,layered_block,circular,per_chunk,16,16
6205,228208,232125,16,0,0,layered_block,circular,per_chunk,16,16
6206,231125,235000,16,0,0,layered_block,circular,per_chunk,16,16
6207,242750,246792,16,0,0,layered_block,circular,per_chunk,16,16
6208,241333,245167,16,0,0,layered_block,circular,per_chunk,16,16
6209,241459,245333,16,0,0,layered_block,circular,per_chunk,16,16
6210,254375,258209,16,0,0,layered_block,circular,per_chunk,16,16
6211,246125,250000,16,0,0,layered_block,circular,per_chunk,16,16
6212,235333,239250,16,0,0,layered_block,circular,per_chunk,16,16
6213,245042,248917,16,0,0,layered_block,circular,per_chunk,16,16
6214,239833,243667,16,0,0,layered_block,circular,per_chunk,16,16
6215,230916,234875,16,0,0,layered_block,circular,per_chunk,16,16
6216,232375,236291,16,0,0,layered_block,circular,per_chunk,16,16
6217,231166,235084,16,0,0,layered_block,circular,per_chunk,16,16
6218,217959,221791,16,0,0,layered_block,circular,per_chunk,16,16
6219,280416,284583,16,0,0,layered_block,circular,per_chunk,16,16
6220,233083,237000,16,0,0,layered_block,circular,per_chunk,16,16
6221,231375,235292,16,0,0,layered_block,circular,per_chunk,16,16
6222,238750,242625,16,0,0,layered_block,circular,per_chunk,16,16
6223,248125,252000,16,0,0,layered_block,circular,per_chunk,16,16
6224,231666,235583,16,0,0,layered_block,circular,per_chunk,16,16
6225,244792,248666,16,0,0,layered_block,circular,per_chunk,16,16
6226,254084,258000,16,0,0,layered_block,circular,per_chunk,16,16
6227,245500,249375,16,0,0,layered_block,circular,per_chunk,16,16
6228,241375,245250,16,0,0,layered_block,circular,per_chunk,16,16
6229,235833,239792,16,0,0,layered_block,circular,per_chunk,16,16
6230,238292,242167,16,0,0,layered_block,circular,per_chunk,16,16
6231,227083,231000,16,0,0,layered_block,circular,per_chunk,16,16
6232,226750,230708,16,0,0,layered_block,circular,per_chunk,16,16
6233,228042,231916,16,0,0,layered_block,circular,per_chunk,16,16
6234,221416,225292,16,0,0,layered_block,circular,per_chunk,16,16
6235,229667,233625,16,0,0,layered_block,circular,per_chunk,16,16
6236,233000,236833,16,0,0,layered_block,circular,per_chunk,16,16
6237,233583,237459,16,0,0,layered_block,circular,per_chunk,16,16
6238,244792,248667,16,0,0,layered_block,circular,per_chunk,16,16
6239,246083,249917,16,0,0,layered_block,circular,per_chunk,16,16
6240,232000,235834,16,0,0,layered_block,circular,per_chunk,16,16
6241,245000,248959,16,0,0,layered_block,circular,per_chunk,16,16
6242,247458,251417,16,0,0,layered_block,circular,per_chunk,16,16
6243,238375,242667,16,0,0,layered_block,circular,per_chunk,16,16
6244,243917,247750,16,0,0,layered_block,circular,per_chunk,16,16
6245,239334,243208,16,0,0,layered_block,circular,per_chunk,16,16
6246,238500,242416,16,0,0,layered_block,circular,per_chunk,16,16
6247,234667,238667,16,0,0,layered_block,circular,per_chunk,16,16
6248,226500,230500,16,0,0,layered_block,circular,per_chunk,16,16
6249,209333,213333,16,0,0,layered_block,circular,per_chunk,16,16
6250,230416,234292,16,0,0,layered_block,circular,per_chunk,16,16
6251,228542,232500,16,0,0,layered_block,circular,per_chunk,16,16
6252,232083,236000,16,0,0,layered_block,circular,per_chunk,16,16
6253,238375,242209,16,0,0,layered_block,circular,per_chunk,16,16
6254,287041,291166,16,0,0,layered_block,circular,per_chunk,16,16
6255,240917,244791,16,0,0,layered_block,circular,per_chunk,16,16
6256,236583,240459,16,0,0,layered_block,circular,per_chunk,16,16
6257,252875,256792,16,0,0,layered_block,circular,per_chunk,16,16
6258,298958,302958,16,0,0,layered_block,circular,per_chunk,16,16
6259,235750,239667,16,0,0,layered_block,circular,per_chunk,16,16
6260,287500,291625,16,0,0,layered_block,circular,per_chunk,16,16
6261,235708,239625,16,0,0,layered_block,circular,per_chunk,16,16
6262,232958,236875,16,0,0,layered_block,circular,per_chunk,16,16
6263,228875,232833,16,0,0,layered_block,circular,per_chunk,16,16
6264,231375,235250,16,0,0,layered_block,circular,per_chunk,16,16
6265,226500,230375,16,0,0,layered_block,circular,per_chunk,16,16
6266,228292,232167,16,0,0,layered_block,circular,per_chunk,16,16
6267,231541,235333,16,0,0,layered_block,circular,per_chunk,16,16
6268,233583,237417,16,0,0,layered_block,circular,per_chunk,16,16
6269,240917,244792,16,0,0,layered_block,circular,per_chunk,16,16
6270,240250,244125,16,0,0,layered_block,circular,per_chunk,16,16
6271,236167,240042,16,0,0,layered_block,circular,per_chunk,16,16
6272,246750,250625,16,0,0,layered_block,circular,per_chunk,16,16
6273,248209,252167,16,0,0,layered_block,circular,per_chunk,16,16
6274,243916,247833,16,0,0,layered_block,circular,per_chunk,16,16
6275,238209,242125,16,0,0,layered_block,circular,per_chunk,16,16
6276,241250,245083,16,0,0,layered_block,circular,per_chunk,16,16
6277,238084,241958,16,0,0,layered_block,circular,per_chunk,16,16
6278,232250,236125,16,0,0,layered_block,circular,per_chunk,16,16
6279,231417,235291,16,0,0,layered_block,circular,per_chunk,16,16
6280,220625,224500,16,0,0,layered_block,circular,per_chunk,16,16
6281,231291,235250,16,0,0,layered_block,circular,per_chunk,16,16
6282,229208,233042,16,0,0,layered_block,circular,per_chunk,16,16
6283,230333,234209,16,0,0,layered_block,circular,per_chunk,16,16
6284,237500,241333,16,0,0,layered_block,circular,per_chunk,16,16
6285,238125,241958,16,0,0,layered_block,circular,per_chunk,16,16
6286,240167,244125,16,0,0,layered_block,circular,per_chunk,16,16
6287,235958,239792,16,0,0,layered_block,circular,per_chunk,16,16
6288,248000,251875,16,0,0,layered_block,circular,per_chunk,16,16
6289,252792,256625,16,0,0,layered_block,circular,per_chunk,16,16
6290,242209,246167,16,0,0,layered_block,circular,per_chunk,16,16
6291,243084,247000,16,0,0,layered_block,circular,per_chunk,16,16
6292,237208,241167,16,0,0,layered_block,circular,per_chunk,16,16
6293,241625,245500,16,0,0,layered_block,circular,per_chunk,16,16
6294,231041,234958,16,0,0,layered_block,circular,per_chunk,16,16
6295,227083,231000,16,0,0,layered_block,circular,per_chunk,16,16
6296,218417,222375,16,0,0,layered_block,circular,per_chunk,16,16
6297,229625,233542,16,0,0,layered_block,circular,per_chunk,16,16
6298,227500,231458,16,0,0,layered_block,circular,per_chunk,16,16
6299,228083,232042,16,0,0,layered_block,circular,per_chunk,16,16
6300,234000,237917,16,0,0,layered_block,circular,per_chunk,16,16
6301,234333,238250,16,0,0,layered_block,circular,per_chunk,16,16
6302,240667,244542,16,0,0,layered_block,circular,per_chunk,16,16
6303,285333,289334,16,0,0,layered_block,circular,per_chunk,16,16
6304,245709,249667,16,0,0,layered_block,circular,per_chunk,16,16
6305,244208,252667,16,0,0,layered_block,circular,per_chunk,16,16
6306,241000,244875,16,0,0,layered_block,circular,per_chunk,16,16
6307,237750,241708,16,0,0,layered_block,circular,per_chunk,16,16
6308,242250,246083,16,0,0,layered_block,circular,per_chunk,16,16
6309,286000,290125,16,0,0,layered_block,circular,per_chunk,16,16
6310,231334,235208,16,0,0,layered_block,circular,per_chunk,16,16
6311,230125,234000,16,0,0,layered_block,circular,per_chunk,16,16
6312,229750,233583,16,0,0,layered_block,circular,per_chunk,16,16
6313,228666,232500,16,0,0,layered_block,circular,per_chunk,16,16
6314,223542,227459,16,0,0,layered_block,circular,per_chunk,16,16
6315,230500,234292,16,0,0,layered_block,circular,per_chunk,16,16
6316,232375,236250,16,0,0,layered_block,circular,per_chunk,16,16
6317,237792,241708,16,0,0,layered_block,circular,per_chunk,16,16
6318,239959,244125,16,0,0,layered_block,circular,per_chunk,16,16
6319,245042,248834,16,0,0,layered_block,circular,per_chunk,16,16
6320,255208,259083,16,0,0,layered_block,circular,per_chunk,16,16
6321,240333,244208,16,0,0,layered_block,circular,per_chunk,16,16
6322,244000,247875,16,0,0,layered_block,circular,per_chunk,16,16
6323,238375,242250,16,0,0,layered_block,circular,per_chunk,16,16
6324,243083,246917,16,0,0,layered_block,circular,per_chunk,16,16
6325,235375,239208,16,0,0,layered_block,circular,per_chunk,16,16
6326,232916,236958,16,0,0,layered_block,circular,per_chunk,16,16
6327,227042,230875,16,0,0,layered_block,circular,per_chunk,16,16
6328,223833,227667,16,0,0,layered_block,circular,per_chunk,16,16
6329,222125,225917,16,0,0,layered_block,circular,per_chunk,16,16
6330,225958,229792,16,0,0,layered_block,circular,per_chunk,16,16
6331,233791,237708,16,0,0,layered_block,circular,per_chunk,16,16
6332,230042,233875,16,0,0,layered_block,circular,per_chunk,16,16
6333,240292,244125,16,0,0,layered_block,circular,per_chunk,16,16
6334,239792,243625,16,0,0,layered_block,circular,per_chunk,16,16
6335,241250,245125,16,0,0,layered_block,circular,per_chunk,16,16
6336,248667,252541,16,0,0,layered_block,circular,per_chunk,16,16
6337,243125,246958,16,0,0,layered_block,circular,per_chunk,16,16
6338,236167,240041,16,0,0,layered_block,circular,per_chunk,16,16
6339,242667,246458,16,0,0,layered_block,circular,per_chunk,16,16
6340,240083,243917,16,0,0,layered_block,circular,per_chunk,16,16
6341,236917,240708,16,0,0,layered_block,circular,per_chunk,16,16
6342,233250,237125,16,0,0,layered_block,circular,per_chunk,16,16
6343,234416,238250,16,0,0,layered_block,circular,per_chunk,16,16
6344,262291,266417,16,0,0,layered_block,circular,per_chunk,16,16
6345,224250,228083,16,0,0,layered_block,circular,per_chunk,16,16
6346,236000,239875,16,0,0,layered_block,circular,per_chunk,16,16
6347,236000,239833,16,0,0,layered_block,circular,per_chunk,16,16
6348,236833,240667,16,0,0,layered_block,circular,per_chunk,16,16
6349,237042,240917,16,0,0,layered_block,circular,per_chunk,16,16
6350,233792,237666,16,0,0,layered_block,circular,per_chunk,16,16
6351,249000,252791,16,0,0,layered_block,circular,per_chunk,16,16
6352,251000,254792,16,0,0,layered_block,circular,per_chunk,16,16
6353,242875,246792,16,0,0,layered_block,circular,per_chunk,16,16
6354,241375,245208,16,0,0,layered_block,circular,per_chunk,16,16
6355,236166,240083,16,0,0,layered_block,circular,per_chunk,16,16
6356,232417,236208,16,0,0,layered_block,circular,per_chunk,16,16
6357,234208,238042,16,0,0,layered_block,circular,per_chunk,16,16
6358,228375,232292,16,0,0,layered_block,circular,per_chunk,16,16
6359,229042,232875,16,0,0,layered_block,circular,per_chunk,16,16
6360,220292,224167,16,0,0,layered_block,circular,per_chunk,16,16
6361,225291,229208,16,0,0,layered_block,circular,per_chunk,16,16
6362,236500,240334,16,0,0,layered_block,circular,per_chunk,16,16
6363,233334,237125,16,0,0,layered_block,circular,per_chunk,16,16
6364,286584,290584,16,0,0,layered_block,circular,per_chunk,16,16
6365,239750,243583,16,0,0,layered_block,circular,per_chunk,16,16
6366,284459,288542,16,0,0,layered_block,circular,per_chunk,16,16
6367,251750,255666,16,0,0,layered_block,circular,per_chunk,16,16
6368,296750,300834,16,0,0,layered_block,circular,per_chunk,16,16
6369,240209,244083,16,0,0,layered_block,circular,per_chunk,16,16
6370,282791,286833,16,0,0,layered_block,circular,per_chunk,16,16
6371,234750,238625,16,0,0,layered_block,circular,per_chunk,16,16
6372,235208,239166,16,0,0,layered_block,circular,per_chunk,16,16
6373,227875,231834,16,0,0,layered_block,circular,per_chunk,16,16
6374,233834,237708,16,0,0,layered_block,circular,per_chunk,16,16
6375,225333,229209,16,0,0,layered_block,circular,per_chunk,16,16
6376,220917,224833,16,0,0,layered_block,circular,per_chunk,16,16
6377,272208,276375,16,0,0,layered_block,circular,per_chunk,16,16
6378,235125,239000,16,0,0,layered_block,circular,per_chunk,16,16
6379,229333,237458,16,0,0,layered_block,circular,per_chunk,16,16
6380,240625,244500,16,0,0,layered_block,circular,per_chunk,16,16
6381,238583,242500,16,0,0,layered_block,circular,per_chunk,16,16
6382,237958,241916,16,0,0,layered_block,circular,per_chunk,16,16
6383,252667,256541,16,0,0,layered_block,circular,per_chunk,16,16
6384,244500,248333,16,0,0,layered_block,circular,per_chunk,16,16
6385,235458,239375,16,0,0,layered_block,circular,per_chunk,16,16
6386,240375,244292,16,0,0,layered_block,circular,per_chunk,16,16
6387,240125,244041,16,0,0,layered_block,circular,per_chunk,16,16
6388,236000,239916,16,0,0,layered_block,circular,per_chunk,16,16
6389,233958,237833,16,0,0,layered_block,circular,per_chunk,16,16
6390,227541,231542,16,0,0,layered_block,circular,per_chunk,16,16
6391,221000,224833,16,0,0,layered_block,circular,per_chunk,16,16
6392,225417,229291,16,0,0,layered_block,circular,per_chunk,16,16
6393,230500,234375,16,0,0,layered_block,circular,per_chunk,16,16
6394,227000,230917,16,0,0,layered_block,circular,per_chunk,16,16
6395,237791,241750,16,0,0,layered_block,circular,per_chunk,16,16
6396,238625,242583,16,0,0,layered_block,circular,per_chunk,16,16
6397,239083,243042,16,0,0,layered_block,circular,per_chunk,16,16
6398,246959,250833,16,0,0,layered_block,circular,per_chunk,16,16
6399,248125,252000,16,0,0,layered_block,circular,per_chunk,16,16
6400,241833,245792,16,0,0,layered_block,circular,per_chunk,16,16
6401,234333,238250,16,0,0,layered_block,circular,per_chunk,16,16
6402,235083,239041,16,0,0,layered_block,circular,per_chunk,16,16
6403,242292,246167,16,0,0,layered_block,circular,per_chunk,16,16
6404,234125,238000,16,0,0,layered_block,circular,per_chunk,16,16
6405,230208,234083,16,0,0,layered_block,circular,per_chunk,16,16
6406,223291,227083,16,0,0,layered_block,circular,per_chunk,16,16
6407,224583,228458,16,0,0,layered_block,circular,per_chunk,16,16
6408,227875,231750,16,0,0,layered_block,circular,per_chunk,16,16
6409,232667,236542,16,0,0,layered_block,circular,per_chunk,16,16
6410,233583,237417,16,0,0,layered_block,circular,per_chunk,16,16
6411,239250,243083,16,0,0,layered_block,circular,per_chunk,16,16
6412,235833,239625,16,0,0,layered_block,circular,per_chunk,16,16
6413,235083,239334,16,0,0,layered_block,circular,per_chunk,16,16
6414,250584,254458,16,0,0,layered_block,circular,per_chunk,16,16
6415,249500,253375,16,0,0,layered_block,circular,per_chunk,16,16
6416,234667,238667,16,0,0,layered_block,circular,per_chunk,16,16
6417,240958,244792,16,0,0,layered_block,circular,per_chunk,16,16
6418,241125,245000,16,0,0,layered_block,circular,per_chunk,16,16
6419,232500,236416,16,0,0,layered_block,circular,per_chunk,16,16
6420,233291,237167,16,0,0,layered_block,circular,per_chunk,16,16
6421,229084,232916,16,0,0,layered_block,circular,per_chunk,16,16
6422,203542,207416,16,0,0,layered_block,circular,per_chunk,16,16
6423,225166,229000,16,0,0,layered_block,circular,per_chunk,16,16
6424,231834,235666,16,0,0,layered_block,circular,per_chunk,16,16
6425,227625,231584,16,0,0,layered_block,circular,per_chunk,16,16
6426,236125,240042,16,0,0,layered_block,circular,per_chunk,16,16
6427,239083,242917,16,0,0,layered_block,circular,per_chunk,16,16
6428,278666,282750,16,0,0,layered_block,circular,per_chunk,16,16
6429,237584,241458,16,0,0,layered_block,circular,per_chunk,16,16
6430,296750,300958,16,0,0,layered_block,circular,per_chunk,16,16
6431,249041,252959,16,0,0,layered_block,circular,per_chunk,16,16
6432,234500,238416,16,0,0,layered_block,circular,per_chunk,16,16
6433,239833,243708,16,0,0,layered_block,circular,per_chunk,16,16
6434,239958,243916,16,0,0,layered_block,circular,per_chunk,16,16
6435,231042,234875,16,0,0,layered_block,circular,per_chunk,16,16
6436,225583,229458,16,0,0,layered_block,circular,per_chunk,16,16
6437,225125,229083,16,0,0,layered_block,circular,per_chunk,16,16
6438,269000,273042,16,0,0,layered_block,circular,per_chunk,16,16
6439,224208,228125,16,0,0,layered_block,circular,per_chunk,16,16
6440,226458,230334,16,0,0,layered_block,circular,per_chunk,16,16
6441,231333,235167,16,0,0,layered_block,circular,per_chunk,16,16
6442,228416,232292,16,0,0,layered_block,circular,per_chunk,16,16
6443,274250,278666,16,0,0,layered_block,circular,per_chunk,16,16
6444,229208,233125,16,0,0,layered_block,circular,per_chunk,16,16
6445,235084,239000,16,0,0,layered_block,circular,per_chunk,16,16
6446,222791,226750,16,0,0,layered_block,circular,per_chunk,16,16
6447,228500,232417,16,0,0,layered_block,circular,per_chunk,16,16
6448,225500,229458,16,0,0,layered_block,circular,per_chunk,16,16
6449,228583,232542,16,0,0,layered_block,circular,per_chunk,16,16
6450,237708,241500,16,0,0,layered_block,circular,per_chunk,16,16
6451,234417,238375,16,0,0,layered_block,circular,per_chunk,16,16
6452,212667,216584,16,0,0,layered_block,circular,per_chunk,16,16
6453,217958,221834,16,0,0,layered_block,circular,per_chunk,16,16
6454,211000,214875,16,0,0,layered_block,circular,per_chunk,16,16
6455,219042,222958,16,0,0,layered_block,circular,per_chunk,16,16
6456,224875,229208,16,0,0,layered_block,circular,per_chunk,16,16
6457,221083,224958,16,0,0,layered_block,circular,per_chunk,16,16
6458,234625,238500,16,0,0,layered_block,circular,per_chunk,16,16
6459,225167,229083,16,0,0,layered_block,circular,per_chunk,16,16
6460,215041,218917,16,0,0,layered_block,circular,per_chunk,16,16
6461,275750,279834,16,0,0,layered_block,circular,per_chunk,16,16
6462,226542,230417,16,0,0,layered_block,circular,per_chunk,16,16
6463,222917,226833,16,0,0,layered_block,circular,per_chunk,16,16
6464,233708,237666,16,0,0,layered_block,circular,per_chunk,16,16
6465,232042,236000,16,0,0,layered_block,circular,per_chunk,16,16
6466,227208,231125,16,0,0,layered_block,circular,per_chunk,16,16
6467,226083,230000,16,0,0,layered_block,circular,per_chunk,16,16
6468,230792,234625,16,0,0,layered_block,circular,per_chunk,16,16
6469,222791,226667,16,0,0,layered_block,circular,per_chunk,16,16
6470,224750,228584,16,0,0,layered_block,circular,per_chunk,16,16
6471,219458,223334,16,0,0,layered_block,circular,per_chunk,16,16
6472,211458,215667,16,0,0,layered_block,circular,per_chunk,16,16
6473,224000,227833,16,0,0,layered_block,circular,per_chunk,16,16
6474,228667,232541,16,0,0,layered_block,circular,per_chunk,16,16
6475,235917,239750,16,0,0,layered_block,circular,per_chunk,16,16
6476,238042,241958,16,0,0,layered_block,circular,per_chunk,16,16
6477,223375,227209,16,0,0,layered_block,circular,per_chunk,16,16
6478,226958,230792,16,0,0,layered_block,circular,per_chunk,16,16
6479,225041,229042,16,0,0,layered_block,circular,per_chunk,16,16
6480,223000,226833,16,0,0,layered_block,circular,per_chunk,16,16
6481,273250,277375,16,0,0,layered_block,circular,per_chunk,16,16
6482,231125,234917,16,0,0,layered_block,circular,per_chunk,16,16
6483,230000,233833,16,0,0,layered_block,circular,per_chunk,16,16
6484,216333,220208,16,0,0,layered_block,circular,per_chunk,16,16
6485,220000,223958,16,0,0,layered_block,circular,per_chunk,16,16
6486,229500,233334,16,0,0,layered_block,circular,per_chunk,16,16
6487,222583,226417,16,0,0,layered_block,circular,per_chunk,16,16
6488,223375,227208,16,0,0,layered_block,circular,per_chunk,16,16
6489,228916,232792,16,0,0,layered_block,circular,per_chunk,16,16
6490,234750,238583,16,0,0,layered_block,circular,per_chunk,16,16
6491,229708,233541,16,0,0,layered_block,circular,per_chunk,16,16
6492,213750,217666,16,0,0,layered_block,circular,per_chunk,16,16
6493,224042,227875,16,0,0,layered_block,circular,per_chunk,16,16
6494,220542,224375,16,0,0,layered_block,circular,per_chunk,16,16
6495,227500,231333,16,0,0,layered_block,circular,per_chunk,16,16
6496,234791,238583,16,0,0,layered_block,circular,per_chunk,16,16
6497,244041,247833,16,0,0,layered_block,circular,per_chunk,16,16
6498,253250,257041,16,0,0,layered_block,circular,per_chunk,16,16
6499,245500,249375,16,0,0,layered_block,circular,per_chunk,16,16
6500,244667,248541,16,0,0,layered_block,circular,per_chunk,16,16
6501,247708,251584,16,0,0,layered_block,circular,per_chunk,16,16
6502,246667,250500,16,0,0,layered_block,circular,per_chunk,16,16
6503,237042,240916,16,0,0,layered_block,circular,per_chunk,16,16
6504,222125,225958,16,0,0,layered_block,circular,per_chunk,16,16
6505,213834,217750,16,0,0,layered_block,circular,per_chunk,16,16
6506,218916,222750,16,0,0,layered_block,circular,per_chunk,16,16
6507,227709,231583,16,0,0,layered_block,circular,per_chunk,16,16
6508,233875,237833,16,0,0,layered_block,circular,per_chunk,16,16
6509,224375,228250,16,0,0,layered_block,circular,per_chunk,16,16
6510,227875,231791,16,0,0,layered_block,circular,per_chunk,16,16
6511,220750,224625,16,0,0,layered_block,circular,per_chunk,16,16
6512,227917,231792,16,0,0,layered_block,circular,per_chunk,16,16
6513,243250,247166,16,0,0,layered_block,circular,per_chunk,16,16
6514,241667,245625,16,0,0,layered_block,circular,per_chunk,16,16
6515,244625,248459,16,0,0,layered_block,circular,per_chunk,16,16
6516,249791,253583,16,0,0,layered_block,circular,per_chunk,16,16
6517,252500,256334,16,0,0,layered_block,circular,per_chunk,16,16
6518,251208,255000,16,0,0,layered_block,circular,per_chunk,16,16
6519,236958,240834,16,0,0,layered_block,circular,per_chunk,16,16
6520,246542,250334,16,0,0,layered_block,circular,per_chunk,16,16
6521,246000,249833,16,0,0,layered_block,circular,per_chunk,16,16
6522,241542,245416,16,0,0,layered_block,circular,per_chunk,16,16
6523,243625,247500,16,0,0,layered_block,circular,per_chunk,16,16
6524,242125,245917,16,0,0,layered_block,circular,per_chunk,16,16
6525,235875,239792,16,0,0,layered_block,circular,per_chunk,16,16
6526,232334,236166,16,0,0,layered_block,circular,per_chunk,16,16
6527,232709,236584,16,0,0,layered_block,circular,per_chunk,16,16
6528,223208,227167,16,0,0,layered_block,circular,per_chunk,16,16
6529,227000,230791,16,0,0,layered_block,circular,per_chunk,16,16
6530,228000,231833,16,0,0,layered_block,circular,per_chunk,16,16
6531,236250,240042,16,0,0,layered_block,circular,per_chunk,16,16
6532,243208,247083,16,0,0,layered_block,circular,per_chunk,16,16
6533,246250,250042,16,0,0,layered_block,circular,per_chunk,16,16
6534,242208,246042,16,0,0,layered_block,circular,per_chunk,16,16
6535,248125,256084,16,0,0,layered_block,circular,per_chunk,16,16
6536,249208,253166,16,0,0,layered_block,circular,per_chunk,16,16
6537,246291,250125,16,0,0,layered_block,circular,per_chunk,16,16
6538,241541,245375,16,0,0,layered_block,circular,per_chunk,16,16
6539,246250,250250,16,0,0,layered_block,circular,per_chunk,16,16
6540,243416,247292,16,0,0,layered_block,circular,per_chunk,16,16
6541,238042,241958,16,0,0,layered_block,circular,per_chunk,16,16
6542,242083,246000,16,0,0,layered_block,circular,per_chunk,16,16
6543,238917,242833,16,0,0,layered_block,circular,per_chunk,16,16
6544,233334,237208,16,0,0,layered_block,circular,per_chunk,16,16
6545,219875,223750,16,0,0,layered_block,circular,per_chunk,16,16
6546,221250,225083,16,0,0,layered_block,circular,per_chunk,16,16
6547,225250,229125,16,0,0,layered_block,circular,per_chunk,16,16
6548,227417,231250,16,0,0,layered_block,circular,per_chunk,16,16
6549,228500,232375,16,0,0,layered_block,circular,per_chunk,16,16
6550,232833,236708,16,0,0,layered_block,circular,per_chunk,16,16
6551,241583,245417,16,0,0,layered_block,circular,per_chunk,16,16
6552,246792,250666,16,0,0,layered_block,circular,per_chunk,16,16
6553,293625,297792,16,0,0,layered_block,circular,per_chunk,16,16
6554,246792,250667,16,0,0,layered_block,circular,per_chunk,16,16
6555,252041,255959,16,0,0,layered_block,circular,per_chunk,16,16
6556,238583,242542,16,0,0,layered_block,circular,per_chunk,16,16
6557,247958,251917,16,0,0,layered_block,circular,per_chunk,16,16
6558,248416,252292,16,0,0,layered_block,circular,per_chunk,16,16
6559,237125,241000,16,0,0,layered_block,circular,per_chunk,16,16
6560,242750,246583,16,0,0,layered_block,circular,per_chunk,16,16
6561,241458,245375,16,0,0,layered_block,circular,per_chunk,16,16
6562,231334,235292,16,0,0,layered_block,circular,per_chunk,16,16
6563,222541,226459,16,0,0,layered_block,circular,per_chunk,16,16
6564,213000,216958,16,0,0,layered_block,circular,per_chunk,16,16
6565,214208,218125,16,0,0,layered_block,circular,per_chunk,16,16
6566,273666,277875,16,0,0,layered_block,circular,per_chunk,16,16
6567,219500,223416,16,0,0,layered_block,circular,per_chunk,16,16
6568,228791,232709,16,0,0,layered_block,circular,per_chunk,16,16
6569,239833,243667,16,0,0,layered_block,circular,per_chunk,16,16
6570,247500,251416,16,0,0,layered_block,circular,per_chunk,16,16
6571,242291,246208,16,0,0,layered_block,circular,per_chunk,16,16
6572,244041,248041,16,0,0,layered_block,circular,per_chunk,16,16
6573,248375,252375,16,0,0,layered_block,circular,per_chunk,16,16
6574,245958,249834,16,0,0,layered_block,circular,per_chunk,16,16
6575,239833,243709,16,0,0,layered_block,circular,per_chunk,16,16
6576,247208,251042,16,0,0,layered_block,circular,per_chunk,16,16
6577,243542,247458,16,0,0,layered_block,circular,per_chunk,16,16
6578,239167,243000,16,0,0,layered_block,circular,per_chunk,16,16
6579,240209,244125,16,0,0,layered_block,circular,per_chunk,16,16
6580,232750,240750,16,0,0,layered_block,circular,per_chunk,16,16
6581,231167,235041,16,0,0,layered_block,circular,per_chunk,16,16
6582,220291,224167,16,0,0,layered_block,circular,per_chunk,16,16
6583,221541,225417,16,0,0,layered_block,circular,per_chunk,16,16
6584,226250,230125,16,0,0,layered_block,circular,per_chunk,16,16
6585,219458,223292,16,0,0,layered_block,circular,per_chunk,16,16
6586,224709,228541,16,0,0,layered_block,circular,per_chunk,16,16
6587,231125,234958,16,0,0,layered_block,circular,per_chunk,16,16
6588,244916,248750,16,0,0,layered_block,circular,per_chunk,16,16
6589,238250,242209,16,0,0,layered_block,circular,per_chunk,16,16
6590,246125,250042,16,0,0,layered_block,circular,per_chunk,16,16
6591,248583,252459,16,0,0,layered_block,circular,per_chunk,16,16
6592,254125,258000,16,0,0,layered_block,circular,per_chunk,16,16
6593,234500,242750,16,0,0,layered_block,circular,per_chunk,16,16
6594,236459,240333,16,0,0,layered_block,circular,per_chunk,16,16
6595,248042,251917,16,0,0,layered_block,circular,per_chunk,16,16
6596,235542,239458,16,0,0,layered_block,circular,per_chunk,16,16
6597,243542,247500,16,0,0,layered_block,circular,per_chunk,16,16
6598,234583,238542,16,0,0,layered_block,circular,per_chunk,16,16
6599,244833,248667,16,0,0,layered_block,circular,per_chunk,16,16
6600,230375,234250,16,0,0,layered_block,circular,per_chunk,16,16
6601,220833,224750,16,0,0,layered_block,circular,per_chunk,16,16
6602,267042,271208,16,0,0,layered_block,circular,per_chunk,16,16
6603,212750,216750,16,0,0,layered_block,circular,per_chunk,16,16
6604,214166,218042,16,0,0,layered_block,circular,per_chunk,16,16
6605,267666,271833,16,0,0,layered_block,circular,per_chunk,16,16
6606,238166,242084,16,0,0,layered_block,circular,per_chunk,16,16
6607,244916,248834,16,0,0,layered_block,circular,per_chunk,16,16
6608,236125,240042,16,0,0,layered_block,circular,per_chunk,16,16
6609,246833,250708,16,0,0,layered_block,circular,per_chunk,16,16
6610,253791,257667,16,0,0,layered_block,circular,per_chunk,16,16
6611,292792,296958,16,0,0,layered_block,circular,per_chunk,16,16
6612,240208,244125,16,0,0,layered_block,circular,per_chunk,16,16
6613,290125,294292,16,0,0,layered_block,circular,per_chunk,16,16
6614,246958,250833,16,0,0,layered_block,circular,per_chunk,16,16
6615,280042,284166,16,0,0,layered_block,circular,per_chunk,16,16
6616,243542,247458,16,0,0,layered_block,circular,per_chunk,16,16
6617,285250,289584,16,0,0,layered_block,circular,per_chunk,16,16
6618,236042,239958,16,0,0,layered_block,circular,per_chunk,16,16
6619,223625,227458,16,0,0,layered_block,circular,per_chunk,16,16
6620,215292,219208,16,0,0,layered_block,circular,per_chunk,16,16
6621,208542,212458,16,0,0,layered_block,circular,per_chunk,16,16
6622,216959,220833,16,0,0,layered_block,circular,per_chunk,16,16
6623,221958,225834,16,0,0,layered_block,circular,per_chunk,16,16
6624,225125,229042,16,0,0,layered_block,circular,per_chunk,16,16
6625,289000,293500,16,0,0,layered_block,circular,per_chunk,16,16
6626,233500,241667,16,0,0,layered_block,circular,per_chunk,16,16
6627,238916,242750,16,0,0,layered_block,circular,per_chunk,16,16
6628,247375,251250,16,0,0,layered_block,circular,per_chunk,16,16
6629,253750,257583,16,0,0,layered_block,circular,per_chunk,16,16
6630,243083,246958,16,0,0,layered_block,circular,per_chunk,16,16
6631,239916,243792,16,0,0,layered_block,circular,per_chunk,16,16
6632,249750,253625,16,0,0,layered_block,circular,per_chunk,16,16
6633,238625,242625,16,0,0,layered_block,circular,per_chunk,16,16
6634,242000,245833,16,0,0,layered_block,circular,per_chunk,16,16
6635,237208,241083,16,0,0,layered_block,circular,per_chunk,16,16
6636,239667,243541,16,0,0,layered_block,circular,per_chunk,16,16
6637,225417,229292,16,0,0,layered_block,circular,per_chunk,16,16
6638,206250,210125,16,0,0,layered_block,circular,per_chunk,16,16
6639,214167,218000,16,0,0,layered_block,circular,per_chunk,16,16
6640,220666,224542,16,0,0,layered_block,circular,per_chunk,16,16
6641,255208,259292,16,0,0,layered_block,circular,per_chunk,16,16
6642,225500,229333,16,0,0,layered_block,circular,per_chunk,16,16
6643,235875,239750,16,0,0,layered_block,circular,per_chunk,16,16
6644,244583,248417,16,0,0,layered_block,circular,per_chunk,16,16
6645,232625,236458,16,0,0,layered_block,circular,per_chunk,16,16
6646,240458,244292,16,0,0,layered_block,circular,per_chunk,16,16
6647,247667,251500,16,0,0,layered_block,circular,per_chunk,16,16
6648,253416,257250,16,0,0,layered_block,circular,per_chunk,16,16
6649,240084,243958,16,0,0,layered_block,circular,per_chunk,16,16
6650,236833,240625,16,0,0,layered_block,circular,per_chunk,16,16
6651,247416,251292,16,0,0,layered_block,circular,per_chunk,16,16
6652,242667,246500,16,0,0,layered_block,circular,per_chunk,16,16
6653,241667,245500,16,0,0,layered_block,circular,per_chunk,16,16
6654,233000,236875,16,0,0,layered_block,circular,per_chunk,16,16
6655,235833,239667,16,0,0,layered_block,circular,per_chunk,16,16
6656,220750,224750,16,0,0,layered_block,circular,per_chunk,16,16
6657,214708,218875,16,0,0,layered_block,circular,per_chunk,16,16
6658,220042,223875,16,0,0,layered_block,circular,per_chunk,16,16
6659,221875,225708,16,0,0,layered_block,circular,per_chunk,16,16
6660,223792,227625,16,0,0,layered_block,circular,per_chunk,16,16
6661,228792,232625,16,0,0,layered_block,circular,per_chunk,16,16
6662,241458,245333,16,0,0,layered_block,circular,per_chunk,16,16
6663,233250,237125,16,0,0,layered_block,circular,per_chunk,16,16
6664,232791,236625,16,0,0,layered_block,circular,per_chunk,16,16
6665,246792,250666,16,0,0,layered_block,circular,per_chunk,16,16
6666,251791,255625,16,0,0,layered_block,circular,per_chunk,16,16
6667,247208,251125,16,0,0,layered_block,circular,per_chunk,16,16
6668,235459,239458,16,0,0,layered_block,circular,per_chunk,16,16
6669,244833,248750,16,0,0,layered_block,circular,per_chunk,16,16
6670,239958,243875,16,0,0,layered_block,circular,per_chunk,16,16
6671,240958,244792,16,0,0,layered_block,circular,per_chunk,16,16
6672,242417,246333,16,0,0,layered_block,circular,per_chunk,16,16
6673,236417,240292,16,0,0,layered_block,circular,per_chunk,16,16
6674,238042,241875,16,0,0,layered_block,circular,per_chunk,16,16
6675,222125,225958,16,0,0,layered_block,circular,per_chunk,16,16
6676,216083,219917,16,0,0,layered_block,circular,per_chunk,16,16
6677,223916,227708,16,0,0,layered_block,circular,per_chunk,16,16
6678,214666,218625,16,0,0,layered_block,circular,per_chunk,16,16
6679,274000,278042,16,0,0,layered_block,circular,per_chunk,16,16
6680,232458,236250,16,0,0,layered_block,circular,per_chunk,16,16
6681,242458,246250,16,0,0,layered_block,circular,per_chunk,16,16
6682,221834,225666,16,0,0,layered_block,circular,per_chunk,16,16
6683,236167,240000,16,0,0,layered_block,circular,per_chunk,16,16
6684,251792,255625,16,0,0,layered_block,circular,per_chunk,16,16
6685,253000,256833,16,0,0,layered_block,circular,per_chunk,16,16
6686,237291,241125,16,0,0,layered_block,circular,per_chunk,16,16
6687,239750,243542,16,0,0,layered_block,circular,per_chunk,16,16
6688,242125,246083,16,0,0,layered_block,circular,per_chunk,16,16
6689,244000,247791,16,0,0,layered_block,circular,per_chunk,16,16
6690,239000,242875,16,0,0,layered_block,circular,per_chunk,16,16
6691,237167,241000,16,0,0,layered_block,circular,per_chunk,16,16
6692,244167,248041,16,0,0,layered_block,circular,per_chunk,16,16
6693,229875,233750,16,0,0,layered_block,circular,per_chunk,16,16
6694,223834,227708,16,0,0,layered_block,circular,per_chunk,16,16
6695,216167,220000,16,0,0,layered_block,circular,per_chunk,16,16
6696,215083,219000,16,0,0,layered_block,circular,per_chunk,16,16
6697,225875,229750,16,0,0,layered_block,circular,per_chunk,16,16
6698,232417,236250,16,0,0,layered_block,circular,per_chunk,16,16
6699,284833,289000,16,0,0,layered_block,circular,per_chunk,16,16
6700,238000,241792,16,0,0,layered_block,circular,per_chunk,16,16
6701,225459,229209,16,0,0,layered_block,circular,per_chunk,16,16
6702,242959,246791,16,0,0,layered_block,circular,per_chunk,16,16
6703,246292,250250,16,0,0,layered_block,circular,per_chunk,16,16
6704,247833,251667,16,0,0,layered_block,circular,per_chunk,16,16
6705,240583,244375,16,0,0,layered_block,circular,per_chunk,16,16
6706,234500,238375,16,0,0,layered_block,circular,per_chunk,16,16
6707,247709,251583,16,0,0,layered_block,circular,per_chunk,16,16
6708,236667,240583,16,0,0,layered_block,circular,per_chunk,16,16
6709,241000,244875,16,0,0,layered_block,circular,per_chunk,16,16
6710,240917,244792,16,0,0,layered_block,circular,per_chunk,16,16
6711,234250,238166,16,0,0,layered_block,circular,per_chunk,16,16
6712,221625,225500,16,0,0,layered_block,circular,per_chunk,16,16
6713,223791,227667,16,0,0,layered_block,circular,per_chunk,16,16
6714,221084,225000,16,0,0,layered_block,circular,per_chunk,16,16
6715,218542,222375,16,0,0,layered_block,circular,per_chunk,16,16
6716,227833,231667,16,0,0,layered_block,circular,per_chunk,16,16
6717,229000,281125,16,0,0,layered_block,circular,per_chunk,16,16
6718,236958,240917,16,0,0,layered_block,circular,per_chunk,16,16
6719,226917,231000,16,0,0,layered_block,circular,per_chunk,16,16
6720,225541,229417,16,0,0,layered_block,circular,per_chunk,16,16
6721,248917,252791,16,0,0,layered_block,circular,per_chunk,16,16
6722,251667,255584,16,0,0,layered_block,circular,per_chunk,16,16
6723,248834,252666,16,0,0,layered_block,circular,per_chunk,16,16
6724,234709,238541,16,0,0,layered_block,circular,per_chunk,16,16
6725,238500,242375,16,0,0,layered_block,circular,per_chunk,16,16
6726,243541,247459,16,0,0,layered_block,circular,per_chunk,16,16
6727,239875,243750,16,0,0,layered_block,circular,per_chunk,16,16
6728,237834,241666,16,0,0,layered_block,circular,per_chunk,16,16
6729,238625,242459,16,0,0,layered_block,circular,per_chunk,16,16
6730,228208,232208,16,0,0,layered_block,circular,per_chunk,16,16
6731,230584,234500,16,0,0,layered_block,circular,per_chunk,16,16
6732,230041,233917,16,0,0,layered_block,circular,per_chunk,16,16
6733,220500,224333,16,0,0,layered_block,circular,per_chunk,16,16
6734,223625,227500,16,0,0,layered_block,circular,per_chunk,16,16
6735,221125,225000,16,0,0,layered_block,circular,per_chunk,16,16
6736,234750,238625,16,0,0,layered_block,circular,per_chunk,16,16
6737,238875,242792,16,0,0,layered_block,circular,per_chunk,16,16
6738,223042,226958,16,0,0,layered_block,circular,per_chunk,16,16
6739,232500,236375,16,0,0,layered_block,circular,per_chunk,16,16
6740,247792,251750,16,0,0,layered_block,circular,per_chunk,16,16
6741,252666,256584,16,0,0,layered_block,circular,per_chunk,16,16
6742,241084,248916,16,0,0,layered_block,circular,per_chunk,16,16
6743,238500,242375,16,0,0,layered_block,circular,per_chunk,16,16
6744,241250,245583,16,0,0,layered_block,circular,per_chunk,16,16
6745,241000,244875,16,0,0,layered_block,circular,per_chunk,16,16
6746,244125,248042,16,0,0,layered_block,circular,per_chunk,16,16
6747,240459,244333,16,0,0,layered_block,circular,per_chunk,16,16
6748,239084,243000,16,0,0,layered_block,circular,per_chunk,16,16
6749,224833,233083,16,0,0,layered_block,circular,per_chunk,16,16
6750,225958,229875,16,0,0,layered_block,circular,per_chunk,16,16
6751,226667,230500,16,0,0,layered_block,circular,per_chunk,16,16
6752,218959,222875,16,0,0,layered_block,circular,per_chunk,16,16
6753,223958,227917,16,0,0,layered_block,circular,per_chunk,16,16
6754,217667,221541,16,0,0,layered_block,circular,per_chunk,16,16
6755,238500,242416,16,0,0,layered_block,circular,per_chunk,16,16
6756,233250,237083,16,0,0,layered_block,circular,per_chunk,16,16
6757,224000,227875,16,0,0,layered_block,circular,per_chunk,16,16
6758,240458,244334,16,0,0,layered_block,circular,per_chunk,16,16
6759,250125,254000,16,0,0,layered_block,circular,per_chunk,16,16
6760,251750,255667,16,0,0,layered_block,circular,per_chunk,16,16
6761,237625,241625,16,0,0,layered_block,circular,per_chunk,16,16
6762,238792,242625,16,0,0,layered_block,circular,per_chunk,16,16
6763,245167,249000,16,0,0,layered_block,circular,per_chunk,16,16
6764,245625,249500,16,0,0,layered_block,circular,per_chunk,16,16
6765,239334,243166,16,0,0,layered_block,circular,per_chunk,16,16
6766,248708,252542,16,0,0,layered_block,circular,per_chunk,16,16
6767,234375,238209,16,0,0,layered_block,circular,per_chunk,16,16
6768,231292,235417,16,0,0,layered_block,circular,per_chunk,16,16
6769,226208,230125,16,0,0,layered_block,circular,per_chunk,16,16
6770,221125,225000,16,0,0,layered_block,circular,per_chunk,16,16
6771,217875,221875,16,0,0,layered_block,circular,per_chunk,16,16
6772,213917,217791,16,0,0,layered_block,circular,per_chunk,16,16
6773,231333,235208,16,0,0,layered_block,circular,per_chunk,16,16
6774,241292,245166,16,0,0,layered_block,circular,per_chunk,16,16
6775,222833,226792,16,0,0,layered_block,circular,per_chunk,16,16
6776,220500,224500,16,0,0,layered_block,circular,per_chunk,16,16
6777,247875,251750,16,0,0,layered_block,circular,per_chunk,16,16
6778,251334,255208,16,0,0,layered_block,circular,per_chunk,16,16
6779,250459,254333,16,0,0,layered_block,circular,per_chunk,16,16
6780,239417,243250,16,0,0,layered_block,circular,per_chunk,16,16
6781,237916,241792,16,0,0,layered_block,circular,per_chunk,16,16
6782,241917,245750,16,0,0,layered_block,circular,per_chunk,16,16
6783,241084,245042,16,0,0,layered_block,circular,per_chunk,16,16
6784,242333,246166,16,0,0,layered_block,circular,per_chunk,16,16
6785,238250,242208,16,0,0,layered_block,circular,per_chunk,16,16
6786,234208,238083,16,0,0,layered_block,circular,per_chunk,16,16
6787,226833,230833,16,0,0,layered_block,circular,per_chunk,16,16
6788,211292,215166,16,0,0,layered_block,circular,per_chunk,16,16
6789,207417,211375,16,0,0,layered_block,circular,per_chunk,16,16
6790,216833,220750,16,0,0,layered_block,circular,per_chunk,16,16
6791,214667,218667,16,0,0,layered_block,circular,per_chunk,16,16
6792,222083,226000,16,0,0,layered_block,circular,per_chunk,16,16
6793,230125,234000,16,0,0,layered_block,circular,per_chunk,16,16
6794,220334,224208,16,0,0,layered_block,circular,per_chunk,16,16
6795,269166,273417,16,0,0,layered_block,circular,per_chunk,16,16
6796,242291,246167,16,0,0,layered_block,circular,per_chunk,16,16
6797,247209,251125,16,0,0,layered_block,circular,per_chunk,16,16
6798,241542,245500,16,0,0,layered_block,circular,per_chunk,16,16
6799,237208,241084,16,0,0,layered_block,circular,per_chunk,16,16
6800,249000,252875,16,0,0,layered_block,circular,per_chunk,16,16
6801,292875,297083,16,0,0,layered_block,circular,per_chunk,16,16
6802,238750,242584,16,0,0,layered_block,circular,per_chunk,16,16
6803,225709,229625,16,0,0,layered_block,circular,per_chunk,16,16
6804,232916,236750,16,0,0,layered_block,circular,per_chunk,16,16
6805,234375,238208,16,0,0,layered_block,circular,per_chunk,16,16
6806,237791,241625,16,0,0,layered_block,circular,per_chunk,16,16
6807,218666,222542,16,0,0,layered_block,circular,per_chunk,16,16
6808,267833,271834,16,0,0,layered_block,circular,per_chunk,16,16
6809,222333,226167,16,0,0,layered_block,circular,per_chunk,16,16
6810,212542,216458,16,0,0,layered_block,circular,per_chunk,16,16
6811,223292,227208,16,0,0,layered_block,circular,per_chunk,16,16
6812,228042,231875,16,0,0,layered_block,circular,per_chunk,16,16
6813,226750,230625,16,0,0,layered_block,circular,per_chunk,16,16
6814,240250,244125,16,0,0,layered_block,circular,per_chunk,16,16
6815,241875,245750,16,0,0,layered_block,circular,per_chunk,16,16
6816,245791,249750,16,0,0,layered_block,circular,per_chunk,16,16
6817,243209,247084,16,0,0,layered_block,circular,per_chunk,16,16
6818,254833,258709,16,0,0,layered_block,circular,per_chunk,16,16
6819,245291,249125,16,0,0,layered_block,circular,per_chunk,16,16
6820,238375,242250,16,0,0,layered_block,circular,per_chunk,16,16
6821,233917,237875,16,0,0,layered_block,circular,per_chunk,16,16
6822,239625,243459,16,0,0,layered_block,circular,per_chunk,16,16
6823,244292,248208,16,0,0,layered_block,circular,per_chunk,16,16
6824,227667,231542,16,0,0,layered_block,circular,per_chunk,16,16
6825,229875,233750,16,0,0,layered_block,circular,per_chunk,16,16
6826,229750,233625,16,0,0,layered_block,circular,per_chunk,16,16
6827,228125,232125,16,0,0,layered_block,circular,per_chunk,16,16
6828,226584,230416,16,0,0,layered_block,circular,per_chunk,16,16
6829,224709,228625,16,0,0,layered_block,circular,per_chunk,16,16
6830,211000,215333,16,0,0,layered_block,circular,per_chunk,16,16
6831,279917,284291,16,0,0,layered_block,circular,per_chunk,16,16
6832,231125,234958,16,0,0,layered_block,circular,per_chunk,16,16
6833,233583,237583,16,0,0,layered_block,circular,per_chunk,16,16
6834,236500,240333,16,0,0,layered_block,circular,per_chunk,16,16
6835,239208,243084,16,0,0,layered_block,circular,per_chunk,16,16
6836,237167,241041,16,0,0,layered_block,circular,per_chunk,16,16
6837,225084,228916,16,0,0,layered_block,circular,per_chunk,16,16
6838,254292,258334,16,0,0,layered_block,circular,per_chunk,16,16
6839,222291,226125,16,0,0,layered_block,circular,per_chunk,16,16
6840,232833,236667,16,0,0,layered_block,circular,per_chunk,16,16
6841,229750,233625,16,0,0,layered_block,circular,per_chunk,16,16
6842,220125,224000,16,0,0,layered_block,circular,per_chunk,16,16
6843,213250,217125,16,0,0,layered_block,circular,per_chunk,16,16
6844,218083,221917,16,0,0,layered_block,circular,per_chunk,16,16
6845,216000,219833,16,0,0,layered_block,circular,per_chunk,16,16
6846,219417,223417,16,0,0,layered_block,circular,per_chunk,16,16
6847,219917,223709,16,0,0,layered_block,circular,per_chunk,16,16
6848,213917,217791,16,0,0,layered_block,circular,per_chunk,16,16
6849,219875,223667,16,0,0,layered_block,circular,per_chunk,16,16
6850,221375,225250,16,0,0,layered_block,circular,per_chunk,16,16
6851,224834,228750,16,0,0,layered_block,circular,per_chunk,16,16
6852,232875,236750,16,0,0,layered_block,circular,per_chunk,16,16
6853,218750,222708,16,0,0,layered_block,circular,per_chunk,16,16
6854,222292,226250,16,0,0,layered_block,circular,per_chunk,16,16
6855,214333,218167,16,0,0,layered_block,circular,per_chunk,16,16
6856,199500,203417,16,0,0,layered_block,circular,per_chunk,16,16
6857,216834,220666,16,0,0,layered_block,circular,per_chunk,16,16
6858,212750,216666,16,0,0,layered_block,circular,per_chunk,16,16
6859,217083,220917,16,0,0,layered_block,circular,per_chunk,16,16
6860,209209,213125,16,0,0,layered_block,circular,per_chunk,16,16
6861,215959,219917,16,0,0,layered_block,circular,per_chunk,16,16
6862,213125,217000,16,0,0,layered_block,circular,per_chunk,16,16
6863,218209,222083,16,0,0,layered_block,circular,per_chunk,16,16
6864,261000,265333,16,0,0,layered_block,circular,per_chunk,16,16
6865,217208,221083,16,0,0,layered_block,circular,per_chunk,16,16
6866,221208,225042,16,0,0,layered_block,circular,per_chunk,16,16
6867,253584,257667,16,0,0,layered_block,circular,per_chunk,16,16
6868,212750,216666,16,0,0,layered_block,circular,per_chunk,16,16
6869,218417,222250,16,0,0,layered_block,circular,per_chunk,16,16
6870,218875,222750,16,0,0,layered_block,circular,per_chunk,16,16
6871,212458,216375,16,0,0,layered_block,circular,per_chunk,16,16
6872,216958,220792,16,0,0,layered_block,circular,per_chunk,16,16
6873,203583,207542,16,0,0,layered_block,circular,per_chunk,16,16
6874,199417,203250,16,0,0,layered_block,circular,per_chunk,16,16
6875,209000,212834,16,0,0,layered_block,circular,per_chunk,16,16
6876,212416,216292,16,0,0,layered_block,circular,per_chunk,16,16
6877,255250,259458,16,0,0,layered_block,circular,per_chunk,16,16
6878,203375,207417,16,0,0,layered_block,circular,per_chunk,16,16
6879,204750,208666,16,0,0,layered_block,circular,per_chunk,16,16
6880,217375,221209,16,0,0,layered_block,circular,per_chunk,16,16
6881,211208,215125,16,0,0,layered_block,circular,per_chunk,16,16
6882,200833,204708,16,0,0,layered_block,circular,per_chunk,16,16
6883,204209,208125,16,0,0,layered_block,circular,per_chunk,16,16
6884,210583,214459,16,0,0,layered_block,circular,per_chunk,16,16
6885,215125,219084,16,0,0,layered_block,circular,per_chunk,16,16
6886,214541,218500,16,0,0,layered_block,circular,per_chunk,16,16
6887,211875,215833,16,0,0,layered_block,circular,per_chunk,16,16
6888,212667,216625,16,0,0,layered_block,circular,per_chunk,16,16
6889,221208,225083,16,0,0,layered_block,circular,per_chunk,16,16
6890,218083,221917,16,0,0,layered_block,circular,per_chunk,16,16
6891,213209,217166,16,0,0,layered_block,circular,per_chunk,16,16
6892,212375,216333,16,0,0,layered_block,circular,per_chunk,16,16
6893,216750,220625,16,0,0,layered_block,circular,per_chunk,16,16
6894,205542,209458,16,0,0,layered_block,circular,per_chunk,16,16
6895,204375,208208,16,0,0,layered_block,circular,per_chunk,16,16
6896,205208,209250,16,0,0,layered_block,circular,per_chunk,16,16
6897,204000,207916,16,0,0,layered_block,circular,per_chunk,16,16
6898,217334,221250,16,0,0,layered_block,circular,per_chunk,16,16
6899,214750,218625,16,0,0,layered_block,circular,per_chunk,16,16
6900,214666,218500,16,0,0,layered_block,circular,per_chunk,16,16
6901,210042,213916,16,0,0,layered_block,circular,per_chunk,16,16
6902,214375,218250,16,0,0,layered_block,circular,per_chunk,16,16
6903,211291,215208,16,0,0,layered_block,circular,per_chunk,16,16
6904,216792,220708,16,0,0,layered_block,circular,per_chunk,16,16
6905,210166,214084,16,0,0,layered_block,circular,per_chunk,16,16
6906,216959,220791,16,0,0,layered_block,circular,per_chunk,16,16
6907,213625,217583,16,0,0,layered_block,circular,per_chunk,16,16
6908,212875,216708,16,0,0,layered_block,circular,per_chunk,16,16
6909,216291,220333,16,0,0,layered_block,circular,per_chunk,16,16
6910,217750,221709,16,0,0,layered_block,circular,per_chunk,16,16
6911,211583,215667,16,0,0,layered_block,circular,per_chunk,16,16
6912,220750,224625,16,0,0,layered_block,circular,per_chunk,16,16
6913,249833,253750,16,0,0,layered_block,circular,per_chunk,16,16
6914,250459,254333,16,0,0,layered_block,circular,per_chunk,16,16
6915,247792,251708,16,0,0,layered_block,circular,per_chunk,16,16
6916,253875,257791,16,0,0,layered_block,circular,per_chunk,16,16
6917,251125,254959,16,0,0,layered_block,circular,per_chunk,16,16
6918,247125,251000,16,0,0,layered_block,circular,per_chunk,16,16
6919,237666,241542,16,0,0,layered_block,circular,per_chunk,16,16
6920,226834,230750,16,0,0,layered_block,circular,per_chunk,16,16
6921,221041,224917,16,0,0,layered_block,circular,per_chunk,16,16
6922,224750,228625,16,0,0,layered_block,circular,per_chunk,16,16
6923,227500,231375,16,0,0,layered_block,circular,per_chunk,16,16
6924,225250,229208,16,0,0,layered_block,circular,per_chunk,16,16
6925,235167,239042,16,0,0,layered_block,circular,per_chunk,16,16
6926,235708,239542,16,0,0,layered_block,circular,per_chunk,16,16
6927,234084,237958,16,0,0,layered_block,circular,per_chunk,16,16
6928,226958,230875,16,0,0,layered_block,circular,per_chunk,16,16
6929,234292,238208,16,0,0,layered_block,circular,per_chunk,16,16
6930,294250,298208,16,0,0,layered_block,circular,per_chunk,16,16
6931,249625,253500,16,0,0,layered_block,circular,per_chunk,16,16
6932,251625,255541,16,0,0,layered_block,circular,per_chunk,16,16
6933,255500,259375,16,0,0,layered_block,circular,per_chunk,16,16
6934,251459,255291,16,0,0,layered_block,circular,per_chunk,16,16
6935,250084,253958,16,0,0,layered_block,circular,per_chunk,16,16
6936,251375,255208,16,0,0,layered_block,circular,per_chunk,16,16
6937,253959,257833,16,0,0,layered_block,circular,per_chunk,16,16
6938,246125,250334,16,0,0,layered_block,circular,per_chunk,16,16
6939,245875,249750,16,0,0,layered_block,circular,per_chunk,16,16
6940,242083,245958,16,0,0,layered_block,circular,per_chunk,16,16
6941,234500,238500,16,0,0,layered_block,circular,per_chunk,16,16
6942,251625,255583,16,0,0,layered_block,circular,per_chunk,16,16
6943,233292,237166,16,0,0,layered_block,circular,per_chunk,16,16
6944,224959,228875,16,0,0,layered_block,circular,per_chunk,16,16
6945,231083,235000,16,0,0,layered_block,circular,per_chunk,16,16
6946,227166,231000,16,0,0,layered_block,circular,per_chunk,16,16
6947,222542,226416,16,0,0,layered_block,circular,per_chunk,16,16
6948,228916,232834,16,0,0,layered_block,circular,per_chunk,16,16
6949,236458,240334,16,0,0,layered_block,circular,per_chunk,16,16
6950,241417,245333,16,0,0,layered_block,circular,per_chunk,16,16
6951,255000,258959,16,0,0,layered_block,circular,per_chunk,16,16
6952,246750,250750,16,0,0,layered_block,circular,per_chunk,16,16
6953,248541,252500,16,0,0,layered_block,circular,per_chunk,16,16
6954,253584,257458,16,0,0,layered_block,circular,per_chunk,16,16
6955,290584,294708,16,0,0,layered_block,circular,per_chunk,16,16
6956,247417,251333,16,0,0,layered_block,circular,per_chunk,16,16
6957,299334,303375,16,0,0,layered_block,circular,per_chunk,16,16
6958,249250,253083,16,0,0,layered_block,circular,per_chunk,16,16
6959,237709,241583,16,0,0,layered_block,circular,per_chunk,16,16
6960,239083,243042,16,0,0,layered_block,circular,per_chunk,16,16
6961,286542,290625,16,0,0,layered_block,circular,per_chunk,16,16
6962,233500,237375,16,0,0,layered_block,circular,per_chunk,16,16
6963,210125,214042,16,0,0,layered_block,circular,per_chunk,16,16
6964,223541,227417,16,0,0,layered_block,circular,per_chunk,16,16
6965,227750,231625,16,0,0,layered_block,circular,per_chunk,16,16
6966,231542,235417,16,0,0,layered_block,circular,per_chunk,16,16
6967,219000,222875,16,0,0,layered_block,circular,per_chunk,16,16
6968,232292,236125,16,0,0,layered_block,circular,per_chunk,16,16
6969,237708,241584,16,0,0,layered_block,circular,per_chunk,16,16
6970,247792,251667,16,0,0,layered_block,circular,per_chunk,16,16
6971,249916,253833,16,0,0,layered_block,circular,per_chunk,16,16
6972,252500,256334,16,0,0,layered_block,circular,per_chunk,16,16
6973,249166,253166,16,0,0,layered_block,circular,per_chunk,16,16
6974,246333,250167,16,0,0,layered_block,circular,per_chunk,16,16
6975,241167,245041,16,0,0,layered_block,circular,per_chunk,16,16
6976,248250,252125,16,0,0,layered_block,circular,per_chunk,16,16
6977,247083,251000,16,0,0,layered_block,circular,per_chunk,16,16
6978,295125,299541,16,0,0,layered_block,circular,per_chunk,16,16
6979,243708,247542,16,0,0,layered_block,circular,per_chunk,16,16
6980,280542,284709,16,0,0,layered_block,circular,per_chunk,16,16
6981,241208,245084,16,0,0,layered_block,circular,per_chunk,16,16
6982,225250,229041,16,0,0,layered_block,circular,per_chunk,16,16
6983,231834,235708,16,0,0,layered_block,circular,per_chunk,16,16
6984,229250,233084,16,0,0,layered_block,circular,per_chunk,16,16
6985,228292,232166,16,0,0,layered_block,circular,per_chunk,16,16
6986,211292,215250,16,0,0,layered_block,circular,per_chunk,16,16
6987,222708,226542,16,0,0,layered_block,circular,per_chunk,16,16
6988,233875,237750,16,0,0,layered_block,circular,per_chunk,16,16
6989,242250,246041,16,0,0,layered_block,circular,per_chunk,16,16
6990,250916,254792,16,0,0,layered_block,circular,per_chunk,16,16
6991,250333,254167,16,0,0,layered_block,circular,per_chunk,16,16
6992,251292,255125,16,0,0,layered_block,circular,per_chunk,16,16
6993,256083,259917,16,0,0,layered_block,circular,per_chunk,16,16
6994,245792,249625,16,0,0,layered_block,circular,per_chunk,16,16
6995,243125,246958,16,0,0,layered_block,circular,per_chunk,16,16
6996,249875,253792,16,0,0,layered_block,circular,per_chunk,16,16
6997,289959,294042,16,0,0,layered_block,circular,per_chunk,16,16
6998,240459,244417,16,0,0,layered_block,circular,per_chunk,16,16
6999,244083,247958,16,0,0,layered_block,circular,per_chunk,16,16
7000,243709,247542,16,0,0,layered_block,circular,per_chunk,16,16
7001,279167,283291,16,0,0,layered_block,circular,per_chunk,16,16
7002,225583,229417,16,0,0,layered_block,circular,per_chunk,16,16
7003,222792,227041,16,0,0,layered_block,circular,per_chunk,16,16
7004,220750,224708,16,0,0,layered_block,circular,per_chunk,16,16
7005,232000,235875,16,0,0,layered_block,circular,per_chunk,16,16
7006,266375,270458,16,0,0,layered_block,circular,per_chunk,16,16
7007,226583,230417,16,0,0,layered_block,circular,per_chunk,16,16
7008,232625,236458,16,0,0,layered_block,circular,per_chunk,16,16
7009,242125,246125,16,0,0,layered_block,circular,per_chunk,16,16
7010,247667,251542,16,0,0,layered_block,circular,per_chunk,16,16
7011,251458,255334,16,0,0,layered_block,circular,per_chunk,16,16
7012,251167,255041,16,0,0,layered_block,circular,per_chunk,16,16
7013,252833,256667,16,0,0,layered_block,circular,per_chunk,16,16
7014,243833,247625,16,0,0,layered_block,circular,per_chunk,16,16
7015,244417,248417,16,0,0,layered_block,circular,per_chunk,16,16
7016,250417,254250,16,0,0,layered_block,circular,per_chunk,16,16
7017,246584,250458,16,0,0,layered_block,circular,per_chunk,16,16
7018,237500,241416,16,0,0,layered_block,circular,per_chunk,16,16
7019,243125,247000,16,0,0,layered_block,circular,per_chunk,16,16
7020,239458,243500,16,0,0,layered_block,circular,per_chunk,16,16
7021,238834,242708,16,0,0,layered_block,circular,per_chunk,16,16
7022,224458,228375,16,0,0,layered_block,circular,per_chunk,16,16
7023,225792,229666,16,0,0,layered_block,circular,per_chunk,16,16
7024,226500,230375,16,0,0,layered_block,circular,per_chunk,16,16
7025,234208,238084,16,0,0,layered_block,circular,per_chunk,16,16
7026,223959,227791,16,0,0,layered_block,circular,per_chunk,16,16
7027,222250,226083,16,0,0,layered_block,circular,per_chunk,16,16
7028,241292,245125,16,0,0,layered_block,circular,per_chunk,16,16
7029,248167,252000,16,0,0,layered_block,circular,per_chunk,16,16
7030,243750,247667,16,0,0,layered_block,circular,per_chunk,16,16
7031,240834,244708,16,0,0,layered_block,circular,per_chunk,16,16
7032,255792,259625,16,0,0,layered_block,circular,per_chunk,16,16
7033,247458,251333,16,0,0,layered_block,circular,per_chunk,16,16
7034,242833,246667,16,0,0,layered_block,circular,per_chunk,16,16
7035,251542,255417,16,0,0,layered_block,circular,per_chunk,16,16
7036,252000,255833,16,0,0,layered_block,circular,per_chunk,16,16
7037,289833,293833,16,0,0,layered_block,circular,per_chunk,16,16
7038,235417,239333,16,0,0,layered_block,circular,per_chunk,16,16
7039,288208,292250,16,0,0,layered_block,circular,per_chunk,16,16
7040,240375,244208,16,0,0,layered_block,circular,per_chunk,16,16
7041,230166,233958,16,0,0,layered_block,circular,per_chunk,16,16
7042,222625,226500,16,0,0,layered_block,circular,per_chunk,16,16
7043,224333,228209,16,0,0,layered_block,circular,per_chunk,16,16
7044,230542,234458,16,0,0,layered_block,circular,per_chunk,16,16
7045,228959,232917,16,0,0,layered_block,circular,per_chunk,16,16
7046,220583,224500,16,0,0,layered_block,circular,per_chunk,16,16
7047,229167,233125,16,0,0,layered_block,circular,per_chunk,16,16
7048,246875,250750,16,0,0,layered_block,circular,per_chunk,16,16
7049,236250,244542,16,0,0,layered_block,circular,per_chunk,16,16
7050,247417,251250,16,0,0,layered_block,circular,per_chunk,16,16
7051,250250,254125,16,0,0,layered_block,circular,per_chunk,16,16
7052,255625,259542,16,0,0,layered_block,circular,per_chunk,16,16
7053,238167,242125,16,0,0,layered_block,circular,per_chunk,16,16
7054,243458,247417,16,0,0,layered_block,circular,per_chunk,16,16
7055,250500,254375,16,0,0,layered_block,circular,per_chunk,16,16
7056,249875,253750,16,0,0,layered_block,circular,per_chunk,16,16
7057,240708,244584,16,0,0,layered_block,circular,per_chunk,16,16
7058,241625,245542,16,0,0,layered_block,circular,per_chunk,16,16
7059,238000,241916,16,0,0,layered_block,circular,per_chunk,16,16
7060,233875,237750,16,0,0,layered_block,circular,per_chunk,16,16
7061,224500,228500,16,0,0,layered_block,circular,per_chunk,16,16
7062,217541,221375,16,0,0,layered_block,circular,per_chunk,16,16
7063,267792,271875,16,0,0,layered_block,circular,per_chunk,16,16
7064,224791,228667,16,0,0,layered_block,circular,per_chunk,16,16
7065,219250,223125,16,0,0,layered_block,circular,per_chunk,16,16
7066,227042,230917,16,0,0,layered_block,circular,per_chunk,16,16
7067,241291,245250,16,0,0,layered_block,circular,per_chunk,16,16
7068,241167,245083,16,0,0,layered_block,circular,per_chunk,16,16
7069,237333,241333,16,0,0,layered_block,circular,per_chunk,16,16
7070,290584,294750,16,0,0,layered_block,circular,per_chunk,16,16
7071,253542,257417,16,0,0,layered_block,circular,per_chunk,16,16
7072,253667,257542,16,0,0,layered_block,circular,per_chunk,16,16
7073,240875,244750,16,0,0,layered_block,circular,per_chunk,16,16
7074,239083,243083,16,0,0,layered_block,circular,per_chunk,16,16
7075,251542,255417,16,0,0,layered_block,circular,per_chunk,16,16
7076,248750,252667,16,0,0,layered_block,circular,per_chunk,16,16
7077,237042,240916,16,0,0,layered_block,circular,per_chunk,16,16
7078,240583,244500,16,0,0,layered_block,circular,per_chunk,16,16
7079,238583,242541,16,0,0,layered_block,circular,per_chunk,16,16
7080,230167,234084,16,0,0,layered_block,circular,per_chunk,16,16
7081,224708,228625,16,0,0,layered_block,circular,per_chunk,16,16
7082,224625,228458,16,0,0,layered_block,circular,per_chunk,16,16
7083,227083,231083,16,0,0,layered_block,circular,per_chunk,16,16
7084,226875,230750,16,0,0,layered_block,circular,per_chunk,16,16
7085,223417,227375,16,0,0,layered_block,circular,per_chunk,16,16
7086,231750,235667,16,0,0,layered_block,circular,per_chunk,16,16
7087,242291,246167,16,0,0,layered_block,circular,per_chunk,16,16
7088,237083,241042,16,0,0,layered_block,circular,per_chunk,16,16
7089,240084,243916,16,0,0,layered_block,circular,per_chunk,16,16
7090,248208,252084,16,0,0,layered_block,circular,per_chunk,16,16
7091,253750,257625,16,0,0,layered_block,circular,per_chunk,16,16
7092,247416,251375,16,0,0,layered_block,circular,per_chunk,16,16
7093,237834,245667,16,0,0,layered_block,circular,per_chunk,16,16
7094,248291,252167,16,0,0,layered_block,circular,per_chunk,16,16
7095,294250,298458,16,0,0,layered_block,circular,per_chunk,16,16
7096,247500,251417,16,0,0,layered_block,circular,per_chunk,16,16
7097,282834,286916,16,0,0,layered_block,circular,per_chunk,16,16
7098,236625,240667,16,0,0,layered_block,circular,per_chunk,16,16
7099,287208,291375,16,0,0,layered_block,circular,per_chunk,16,16
7100,234875,238708,16,0,0,layered_block,circular,per_chunk,16,16
7101,219625,223625,16,0,0,layered_block,circular,per_chunk,16,16
7102,218084,222000,16,0,0,layered_block,circular,per_chunk,16,16
7103,228459,232375,16,0,0,layered_block,circular,per_chunk,16,16
7104,228542,232416,16,0,0,layered_block,circular,per_chunk,16,16
7105,221333,225250,16,0,0,layered_block,circular,per_chunk,16,16
7106,238625,242500,16,0,0,layered_block,circular,per_chunk,16,16
7107,244042,247916,16,0,0,layered_block,circular,per_chunk,16,16
7108,232916,236792,16,0,0,layered_block,circular,per_chunk,16,16
7109,240416,244208,16,0,0,layered_block,circular,per_chunk,16,16
7110,252250,256167,16,0,0,layered_block,circular,per_chunk,16,16
7111,256208,260083,16,0,0,layered_block,circular,per_chunk,16,16
7112,245041,248959,16,0,0,layered_block,circular,per_chunk,16,16
7113,239792,243666,16,0,0,layered_block,circular,per_chunk,16,16
7114,251334,255208,16,0,0,layered_block,circular,per_chunk,16,16
7115,251417,255292,16,0,0,layered_block,circular,per_chunk,16,16
7116,245417,249292,16,0,0,layered_block,circular,per_chunk,16,16
7117,241291,245167,16,0,0,layered_block,circular,per_chunk,16,16
7118,245625,249459,16,0,0,layered_block,circular,per_chunk,16,16
7119,234792,238666,16,0,0,layered_block,circular,per_chunk,16,16
7120,230209,234125,16,0,0,layered_block,circular,per_chunk,16,16
7121,220166,224042,16,0,0,layered_block,circular,per_chunk,16,16
7122,273083,277542,16,0,0,layered_block,circular,per_chunk,16,16
7123,225250,229208,16,0,0,layered_block,circular,per_chunk,16,16
7124,228000,231917,16,0,0,layered_block,circular,per_chunk,16,16
7125,228541,232500,16,0,0,layered_block,circular,per_chunk,16,16
7126,235541,239417,16,0,0,layered_block,circular,per_chunk,16,16
7127,242500,246500,16,0,0,layered_block,circular,per_chunk,16,16
7128,234791,238708,16,0,0,layered_block,circular,per_chunk,16,16
7129,243750,247708,16,0,0,layered_block,circular,per_chunk,16,16
7130,251458,255333,16,0,0,layered_block,circular,per_chunk,16,16
7131,254209,258083,16,0,0,layered_block,circular,per_chunk,16,16
7132,236833,240750,16,0,0,layered_block,circular,per_chunk,16,16
7133,245709,249583,16,0,0,layered_block,circular,per_chunk,16,16
7134,252208,256083,16,0,0,layered_block,circular,per_chunk,16,16
7135,250459,254333,16,0,0,layered_block,circular,per_chunk,16,16
7136,240000,244000,16,0,0,layered_block,circular,per_chunk,16,16
7137,241708,245583,16,0,0,layered_block,circular,per_chunk,16,16
7138,239792,243709,16,0,0,layered_block,circular,per_chunk,16,16
7139,226209,230041,16,0,0,layered_block,circular,per_chunk,16,16
7140,215375,219250,16,0,0,layered_block,circular,per_chunk,16,16
7141,216541,220458,16,0,0,layered_block,circular,per_chunk,16,16
7142,233584,237458,16,0,0,layered_block,circular,per_chunk,16,16
7143,226708,230542,16,0,0,layered_block,circular,per_chunk,16,16
7144,226458,230334,16,0,0,layered_block,circular,per_chunk,16,16
7145,232083,236000,16,0,0,layered_block,circular,per_chunk,16,16
7146,236500,240417,16,0,0,layered_block,circular,per_chunk,16,16
7147,238666,242500,16,0,0,layered_block,circular,per_chunk,16,16
7148,231167,235000,16,0,0,layered_block,circular,per_chunk,16,16
7149,248625,252417,16,0,0,layered_block,circular,per_chunk,16,16
7150,254250,258084,16,0,0,layered_block,circular,per_chunk,16,16
7151,249875,253708,16,0,0,layered_block,circular,per_chunk,16,16
7152,241583,245542,16,0,0,layered_block,circular,per_chunk,16,16
7153,240459,244292,16,0,0,layered_block,circular,per_chunk,16,16
7154,246625,250500,16,0,0,layered_block,circular,per_chunk,16,16
7155,242667,246667,16,0,0,layered_block,circular,per_chunk,16,16
7156,242708,246542,16,0,0,layered_block,circular,per_chunk,16,16
7157,238500,242375,16,0,0,layered_block,circular,per_chunk,16,16
7158,240416,244250,16,0,0,layered_block,circular,per_chunk,16,16
7159,235708,239583,16,0,0,layered_block,circular,per_chunk,16,16
7160,275750,279875,16,0,0,layered_block,circular,per_chunk,16,16
7161,228500,232292,16,0,0,layered_block,circular,per_chunk,16,16
7162,223833,227667,16,0,0,layered_block,circular,per_chunk,16,16
7163,226291,230167,16,0,0,layered_block,circular,per_chunk,16,16
7164,237083,240917,16,0,0,layered_block,circular,per_chunk,16,16
7165,276916,280833,16,0,0,layered_block,circular,per_chunk,16,16
7166,243916,247834,16,0,0,layered_block,circular,per_chunk,16,16
7167,237958,241875,16,0,0,layered_block,circular,per_chunk,16,16
7168,230708,234500,16,0,0,layered_block,circular,per_chunk,16,16
7169,251208,255042,16,0,0,layered_block,circular,per_chunk,16,16
7170,254375,258125,16,0,0,layered_block,circular,per_chunk,16,16
7171,290625,294917,16,0,0,layered_block,circular,per_chunk,16,16
7172,236166,240125,16,0,0,layered_block,circular,per_chunk,16,16
7173,295208,299292,16,0,0,layered_block,circular,per_chunk,16,16
7174,250084,254000,16,0,0,layered_block,circular,per_chunk,16,16
7175,243416,247250,16,0,0,layered_block,circular,per_chunk,16,16
7176,238500,242291,16,0,0,layered_block,circular,per_chunk,16,16
7177,286000,290042,16,0,0,layered_block,circular,per_chunk,16,16
7178,230541,234375,16,0,0,layered_block,circular,per_chunk,16,16
7179,231209,235041,16,0,0,layered_block,circular,per_chunk,16,16
7180,228042,231833,16,0,0,layered_block,circular,per_chunk,16,16
7181,232375,236209,16,0,0,layered_block,circular,per_chunk,16,16
7182,231500,235333,16,0,0,layered_block,circular,per_chunk,16,16
7183,221083,225375,16,0,0,layered_block,circular,per_chunk,16,16
7184,225541,229458,16,0,0,layered_block,circular,per_chunk,16,16
7185,231375,235250,16,0,0,layered_block,circular,per_chunk,16,16
7186,240791,244625,16,0,0,layered_block,circular,per_chunk,16,16
7187,229167,233000,16,0,0,layered_block,circular,per_chunk,16,16
7188,241667,245542,16,0,0,layered_block,circular,per_chunk,16,16
7189,251417,255334,16,0,0,layered_block,circular,per_chunk,16,16
7190,253208,257042,16,0,0,layered_block,circular,per_chunk,16,16
7191,244041,247875,16,0,0,layered_block,circular,per_chunk,16,16
7192,242708,246500,16,0,0,layered_block,circular,per_chunk,16,16
7193,251083,255000,16,0,0,layered_block,circular,per_chunk,16,16
7194,250459,254291,16,0,0,layered_block,circular,per_chunk,16,16
7195,243958,247792,16,0,0,layered_block,circular,per_chunk,16,16
7196,240875,244750,16,0,0,layered_block,circular,per_chunk,16,16
7197,240917,244833,16,0,0,layered_block,circular,per_chunk,16,16
7198,238792,242625,16,0,0,layered_block,circular,per_chunk,16,16
7199,231125,234958,16,0,0,layered_block,circular,per_chunk,16,16
7200,229167,233083,16,0,0,layered_block,circular,per_chunk,16,16
7201,227292,231166,16,0,0,layered_block,circular,per_chunk,16,16
7202,227666,231500,16,0,0,layered_block,circular,per_chunk,16,16
7203,224166,228125,16,0,0,layered_block,circular,per_chunk,16,16
7204,223791,227667,16,0,0,layered_block,circular,per_chunk,16,16
7205,229833,233750,16,0,0,layered_block,circular,per_chunk,16,16
7206,232750,236625,16,0,0,layered_block,circular,per_chunk,16,16
7207,225750,229583,16,0,0,layered_block,circular,per_chunk,16,16
7208,287375,291417,16,0,0,layered_block,circular,per_chunk,16,16
7209,254750,258625,16,0,0,layered_block,circular,per_chunk,16,16
7210,255000,258917,16,0,0,layered_block,circular,per_chunk,16,16
7211,243709,247583,16,0,0,layered_block,circular,per_chunk,16,16
7212,241375,245250,16,0,0,layered_block,circular,per_chunk,16,16
7213,247042,250917,16,0,0,layered_block,circular,per_chunk,16,16
7214,243875,247791,16,0,0,layered_block,circular,per_chunk,16,16
7215,239125,243000,16,0,0,layered_block,circular,per_chunk,16,16
7216,244500,248375,16,0,0,layered_block,circular,per_chunk,16,16
7217,235750,239625,16,0,0,layered_block,circular,per_chunk,16,16
7218,236084,240000,16,0,0,layered_block,circular,per_chunk,16,16
7219,226333,230250,16,0,0,layered_block,circular,per_chunk,16,16
7220,231750,235625,16,0,0,layered_block,circular,per_chunk,16,16
7221,225542,229500,16,0,0,layered_block,circular,per_chunk,16,16
7222,222459,226375,16,0,0,layered_block,circular,per_chunk,16,16
7223,225625,229542,16,0,0,layered_block,circular,per_chunk,16,16
7224,220125,224000,16,0,0,layered_block,circular,per_chunk,16,16
7225,234000,237958,16,0,0,layered_block,circular,per_chunk,16,16
7226,226625,230500,16,0,0,layered_block,circular,per_chunk,16,16
7227,221208,229292,16,0,0,layered_block,circular,per_chunk,16,16
7228,249500,253375,16,0,0,layered_block,circular,per_chunk,16,16
7229,254083,258000,16,0,0,layered_block,circular,per_chunk,16,16
7230,248917,252833,16,0,0,layered_block,circular,per_chunk,16,16
7231,236166,240042,16,0,0,layered_block,circular,per_chunk,16,16
7232,247000,250833,16,0,0,layered_block,circular,per_chunk,16,16
7233,251875,255792,16,0,0,layered_block,circular,per_chunk,16,16
7234,247292,251166,16,0,0,layered_block,circular,per_chunk,16,16
7235,236375,240333,16,0,0,layered_block,circular,per_chunk,16,16
7236,246625,250542,16,0,0,layered_block,circular,per_chunk,16,16
7237,238542,242500,16,0,0,layered_block,circular,per_chunk,16,16
7238,234541,238417,16,0,0,layered_block,circular,per_chunk,16,16
7239,226833,230750,16,0,0,layered_block,circular,per_chunk,16,16
7240,232209,236041,16,0,0,layered_block,circular,per_chunk,16,16
7241,225334,229292,16,0,0,layered_block,circular,per_chunk,16,16
7242,225000,228917,16,0,0,layered_block,circular,per_chunk,16,16
7243,224458,228416,16,0,0,layered_block,circular,per_chunk,16,16
7244,227166,231042,16,0,0,layered_block,circular,per_chunk,16,16
7245,228625,232583,16,0,0,layered_block,circular,per_chunk,16,16
7246,224708,228583,16,0,0,layered_block,circular,per_chunk,16,16
7247,231084,235000,16,0,0,layered_block,circular,per_chunk,16,16
7248,249917,253833,16,0,0,layered_block,circular,per_chunk,16,16
7249,302833,306791,16,0,0,layered_block,circular,per_chunk,16,16
7250,244333,248209,16,0,0,layered_block,circular,per_chunk,16,16
7251,235500,239625,16,0,0,layered_block,circular,per_chunk,16,16
7252,248125,252042,16,0,0,layered_block,circular,per_chunk,16,16
7253,251542,255459,16,0,0,layered_block,circular,per_chunk,16,16
7254,244542,248500,16,0,0,layered_block,circular,per_chunk,16,16
7255,244334,248250,16,0,0,layered_block,circular,per_chunk,16,16
7256,240042,243959,16,0,0,layered_block,circular,per_chunk,16,16
7257,242500,246375,16,0,0,layered_block,circular,per_chunk,16,16
7258,234500,238375,16,0,0,layered_block,circular,per_chunk,16,16
7259,225625,229500,16,0,0,layered_block,circular,per_chunk,16,16
7260,218667,222625,16,0,0,layered_block,circular,per_chunk,16,16
7261,219875,223875,16,0,0,layered_block,circular,per_chunk,16,16
7262,277000,286209,16,0,0,layered_block,circular,per_chunk,16,16
7263,216458,220334,16,0,0,layered_block,circular,per_chunk,16,16
7264,235166,239042,16,0,0,layered_block,circular,per_chunk,16,16
7265,233875,237750,16,0,0,layered_block,circular,per_chunk,16,16
7266,220667,224958,16,0,0,layered_block,circular,per_chunk,16,16
7267,237375,246125,16,0,0,layered_block,circular,per_chunk,16,16
7268,250167,254083,16,0,0,layered_block,circular,per_chunk,16,16
7269,255000,258917,16,0,0,layered_block,circular,per_chunk,16,16
7270,244500,248500,16,0,0,layered_block,circular,per_chunk,16,16
7271,234917,238750,16,0,0,layered_block,circular,per_chunk,16,16
7272,251375,255250,16,0,0,layered_block,circular,per_chunk,16,16
7273,249125,253000,16,0,0,layered_block,circular,per_chunk,16,16
7274,242334,246166,16,0,0,layered_block,circular,per_chunk,16,16
7275,241292,245333,16,0,0,layered_block,circular,per_chunk,16,16
7276,243459,247333,16,0,0,layered_block,circular,per_chunk,16,16
7277,236500,240333,16,0,0,layered_block,circular,per_chunk,16,16
7278,233417,237416,16,0,0,layered_block,circular,per_chunk,16,16
7279,224542,228417,16,0,0,layered_block,circular,per_chunk,16,16
7280,227416,231250,16,0,0,layered_block,circular,per_chunk,16,16
7281,215667,219542,16,0,0,layered_block,circular,per_chunk,16,16
7282,231375,235250,16,0,0,layered_block,circular,per_chunk,16,16
7283,238500,242458,16,0,0,layered_block,circular,per_chunk,16,16
7284,235083,238958,16,0,0,layered_block,circular,per_chunk,16,16
7285,226041,229917,16,0,0,layered_block,circular,per_chunk,16,16
7286,227042,231000,16,0,0,layered_block,circular,per_chunk,16,16
7287,244708,248625,16,0,0,layered_block,circular,per_chunk,16,16
7288,247292,251167,16,0,0,layered_block,circular,per_chunk,16,16
7289,246875,250792,16,0,0,layered_block,circular,per_chunk,16,16
7290,241709,245625,16,0,0,layered_block,circular,per_chunk,16,16
7291,237917,241791,16,0,0,layered_block,circular,per_chunk,16,16
7292,251250,255208,16,0,0,layered_block,circular,per_chunk,16,16
7293,246792,250667,16,0,0,layered_block,circular,per_chunk,16,16
7294,244834,248708,16,0,0,layered_block,circular,per_chunk,16,16
7295,247292,251166,16,0,0,layered_block,circular,per_chunk,16,16
7296,241958,245834,16,0,0,layered_block,circular,per_chunk,16,16
7297,236042,239916,16,0,0,layered_block,circular,per_chunk,16,16
7298,217041,220959,16,0,0,layered_block,circular,per_chunk,16,16
7299,211375,215334,16,0,0,layered_block,circular,per_chunk,16,16
7300,221416,225292,16,0,0,layered_block,circular,per_chunk,16,16
7301,215292,219250,16,0,0,layered_block,circular,per_chunk,16,16
7302,217667,221458,16,0,0,layered_block,circular,per_chunk,16,16
7303,291792,296125,16,0,0,layered_block,circular,per_chunk,16,16
7304,226209,230083,16,0,0,layered_block,circular,per_chunk,16,16
7305,216500,220375,16,0,0,layered_block,circular,per_chunk,16,16
7306,233208,237042,16,0,0,layered_block,circular,per_chunk,16,16
7307,246625,250500,16,0,0,layered_block,circular,per_chunk,16,16
7308,252875,256750,16,0,0,layered_block,circular,per_chunk,16,16
7309,251708,255542,16,0,0,layered_block,circular,per_chunk,16,16
7310,245083,249000,16,0,0,layered_block,circular,per_chunk,16,16
7311,240875,244833,16,0,0,layered_block,circular,per_chunk,16,16
7312,251791,255667,16,0,0,layered_block,circular,per_chunk,16,16
7313,244208,248042,16,0,0,layered_block,circular,per_chunk,16,16
7314,240250,244125,16,0,0,layered_block,circular,per_chunk,16,16
7315,245250,249084,16,0,0,layered_block,circular,per_chunk,16,16
7316,234458,238333,16,0,0,layered_block,circular,per_chunk,16,16
7317,228458,232333,16,0,0,layered_block,circular,per_chunk,16,16
7318,214125,218042,16,0,0,layered_block,circular,per_chunk,16,16
7319,220292,224208,16,0,0,layered_block,circular,per_chunk,16,16
7320,218541,222375,16,0,0,layered_block,circular,per_chunk,16,16
7321,218041,222042,16,0,0,layered_block,circular,per_chunk,16,16
7322,229333,233209,16,0,0,layered_block,circular,per_chunk,16,16
7323,226667,230541,16,0,0,layered_block,circular,per_chunk,16,16
7324,215667,219958,16,0,0,layered_block,circular,per_chunk,16,16
7325,237333,241208,16,0,0,layered_block,circular,per_chunk,16,16
7326,232750,236583,16,0,0,layered_block,circular,per_chunk,16,16
7327,228625,232500,16,0,0,layered_block,circular,per_chunk,16,16
7328,239292,243250,16,0,0,layered_block,circular,per_chunk,16,16
7329,248666,252500,16,0,0,layered_block,circular,per_chunk,16,16
7330,251125,254959,16,0,0,layered_block,circular,per_chunk,16,16
7331,240458,244333,16,0,0,layered_block,circular,per_chunk,16,16
7332,245625,249500,16,0,0,layered_block,circular,per_chunk,16,16
7333,246459,250333,16,0,0,layered_block,circular,per_chunk,16,16
7334,240334,244250,16,0,0,layered_block,circular,per_chunk,16,16
7335,231791,235625,16,0,0,layered_block,circular,per_chunk,16,16
7336,240125,244000,16,0,0,layered_block,circular,per_chunk,16,16
7337,226875,230833,16,0,0,layered_block,circular,per_chunk,16,16
7338,272000,276083,16,0,0,layered_block,circular,per_chunk,16,16
7339,219125,222959,16,0,0,layered_block,circular,per_chunk,16,16
7340,218959,222791,16,0,0,layered_block,circular,per_chunk,16,16
7341,225666,229584,16,0,0,layered_block,circular,per_chunk,16,16
7342,227458,231333,16,0,0,layered_block,circular,per_chunk,16,16
7343,224500,228333,16,0,0,layered_block,circular,per_chunk,16,16
7344,205500,209375,16,0,0,layered_block,circular,per_chunk,16,16
7345,222625,226500,16,0,0,layered_block,circular,per_chunk,16,16
7346,227042,230917,16,0,0,layered_block,circular,per_chunk,16,16
7347,238250,242125,16,0,0,layered_block,circular,per_chunk,16,16
7348,237416,241375,16,0,0,layered_block,circular,per_chunk,16,16
7349,252292,256166,16,0,0,layered_block,circular,per_chunk,16,16
7350,246500,250334,16,0,0,layered_block,circular,per_chunk,16,16
7351,251084,254916,16,0,0,layered_block,circular,per_chunk,16,16
7352,243000,246959,16,0,0,layered_block,circular,per_chunk,16,16
7353,237625,241500,16,0,0,layered_block,circular,per_chunk,16,16
7354,239208,243042,16,0,0,layered_block,circular,per_chunk,16,16
7355,234250,238542,16,0,0,layered_block,circular,per_chunk,16,16
7356,240209,248083,16,0,0,layered_block,circular,per_chunk,16,16
7357,234125,238000,16,0,0,layered_block,circular,per_chunk,16,16
7358,235375,239209,16,0,0,layered_block,circular,per_chunk,16,16
7359,240292,244166,16,0,0,layered_block,circular,per_chunk,16,16
7360,224000,227917,16,0,0,layered_block,circular,per_chunk,16,16
7361,230125,233958,16,0,0,layered_block,circular,per_chunk,16,16
7362,222708,226500,16,0,0,layered_block,circular,per_chunk,16,16
7363,219833,223708,16,0,0,layered_block,circular,per_chunk,16,16
7364,270709,274916,16,0,0,layered_block,circular,per_chunk,16,16
7365,225125,229125,16,0,0,layered_block,circular,per_chunk,16,16
7366,232375,236208,16,0,0,layered_block,circular,per_chunk,16,16
7367,225666,229542,16,0,0,layered_block,circular,per_chunk,16,16
7368,223209,227041,16,0,0,layered_block,circular,per_chunk,16,16
7369,212583,216417,16,0,0,layered_block,circular,per_chunk,16,16
7370,217250,221208,16,0,0,layered_block,circular,per_chunk,16,16
7371,213334,217166,16,0,0,layered_block,circular,per_chunk,16,16
7372,223000,226875,16,0,0,layered_block,circular,per_chunk,16,16
7373,223250,227042,16,0,0,layered_block,circular,per_chunk,16,16
7374,218125,221917,16,0,0,layered_block,circular,per_chunk,16,16
7375,283959,288208,16,0,0,layered_block,circular,per_chunk,16,16
7376,229792,233625,16,0,0,layered_block,circular,per_chunk,16,16
7377,219500,223292,16,0,0,layered_block,circular,per_chunk,16,16
7378,219125,223041,16,0,0,layered_block,circular,per_chunk,16,16
7379,230750,234583,16,0,0,layered_block,circular,per_chunk,16,16
7380,224791,228667,16,0,0,layered_block,circular,per_chunk,16,16
7381,219167,222959,16,0,0,layered_block,circular,per_chunk,16,16
7382,216167,220042,16,0,0,layered_block,circular,per_chunk,16,16
7383,274125,278291,16,0,0,layered_block,circular,per_chunk,16,16
7384,226917,231083,16,0,0,layered_block,circular,per_chunk,16,16
7385,217250,221208,16,0,0,layered_block,circular,per_chunk,16,16
7386,215125,219042,16,0,0,layered_block,circular,per_chunk,16,16
7387,217917,221750,16,0,0,layered_block,circular,per_chunk,16,16
7388,219166,223042,16,0,0,layered_block,circular,per_chunk,16,16
7389,231458,235292,16,0,0,layered_block,circular,per_chunk,16,16
7390,224917,228833,16,0,0,layered_block,circular,per_chunk,16,16
7391,275750,280083,16,0,0,layered_block,circular,per_chunk,16,16
7392,221792,225750,16,0,0,layered_block,circular,per_chunk,16,16
7393,229209,233083,16,0,0,layered_block,circular,per_chunk,16,16
7394,226500,230334,16,0,0,layered_block,circular,per_chunk,16,16
7395,220416,224333,16,0,0,layered_block,circular,per_chunk,16,16
7396,224333,232625,16,0,0,layered_block,circular,per_chunk,16,16
7397,223666,227542,16,0,0,layered_block,circular,per_chunk,16,16
7398,222458,226250,16,0,0,layered_block,circular,per_chunk,16,16
7399,224458,228417,16,0,0,layered_block,circular,per_chunk,16,16
7400,225083,228959,16,0,0,layered_block,circular,per_chunk,16,16
7401,222125,226042,16,0,0,layered_block,circular,per_chunk,16,16
7402,212375,216333,16,0,0,layered_block,circular,per_chunk,16,16
7403,222292,226416,16,0,0,layered_block,circular,per_chunk,16,16
7404,224625,228625,16,0,0,layered_block,circular,per_chunk,16,16
7405,226917,230750,16,0,0,layered_block,circular,per_chunk,16,16
7406,223083,226917,16,0,0,layered_block,circular,per_chunk,16,16
7407,223375,227333,16,0,0,layered_block,circular,per_chunk,16,16
7408,231959,235833,16,0,0,layered_block,circular,per_chunk,16,16
7409,222333,226208,16,0,0,layered_block,circular,per_chunk,16,16
7410,214500,218417,16,0,0,layered_block,circular,per_chunk,16,16
7411,218542,222458,16,0,0,layered_block,circular,per_chunk,16,16
7412,274500,278625,16,0,0,layered_block,circular,per_chunk,16,16
7413,233625,237500,16,0,0,layered_block,circular,per_chunk,16,16
7414,220417,224292,16,0,0,layered_block,circular,per_chunk,16,16
7415,228042,231875,16,0,0,layered_block,circular,per_chunk,16,16
7416,226250,230167,16,0,0,layered_block,circular,per_chunk,16,16
7417,272750,276833,16,0,0,layered_block,circular,per_chunk,16,16
7418,227667,231500,16,0,0,layered_block,circular,per_chunk,16,16
7419,232083,236041,16,0,0,layered_block,circular,per_chunk,16,16
7420,222542,226500,16,0,0,layered_block,circular,per_chunk,16,16
7421,234792,238625,16,0,0,layered_block,circular,per_chunk,16,16
7422,237333,241209,16,0,0,layered_block,circular,per_chunk,16,16
7423,244708,248667,16,0,0,layered_block,circular,per_chunk,16,16
7424,258333,262250,16,0,0,layered_block,circular,per_chunk,16,16
7425,250000,253833,16,0,0,layered_block,circular,per_chunk,16,16
7426,248459,252459,16,0,0,layered_block,circular,per_chunk,16,16
7427,246334,250292,16,0,0,layered_block,circular,per_chunk,16,16
7428,246625,250584,16,0,0,layered_block,circular,per_chunk,16,16
7429,242333,246209,16,0,0,layered_block,circular,per_chunk,16,16
7430,235958,239834,16,0,0,layered_block,circular,per_chunk,16,16
7431,227459,231375,16,0,0,layered_block,circular,per_chunk,16,16
7432,217458,221500,16,0,0,layered_block,circular,per_chunk,16,16
7433,221958,226042,16,0,0,layered_block,circular,per_chunk,16,16
7434,228291,232167,16,0,0,layered_block,circular,per_chunk,16,16
7435,229625,233500,16,0,0,layered_block,circular,per_chunk,16,16
7436,232250,236166,16,0,0,layered_block,circular,per_chunk,16,16
7437,230375,234334,16,0,0,layered_block,circular,per_chunk,16,16
7438,233583,237458,16,0,0,layered_block,circular,per_chunk,16,16
7439,224542,228500,16,0,0,layered_block,circular,per_chunk,16,16
7440,228042,231875,16,0,0,layered_block,circular,per_chunk,16,16
7441,246291,250167,16,0,0,layered_block,circular,per_chunk,16,16
7442,248417,252250,16,0,0,layered_block,circular,per_chunk,16,16
7443,248625,252500,16,0,0,layered_block,circular,per_chunk,16,16
7444,252166,256000,16,0,0,layered_block,circular,per_chunk,16,16
7445,254875,258750,16,0,0,layered_block,circular,per_chunk,16,16
7446,253375,257334,16,0,0,layered_block,circular,per_chunk,16,16
7447,252042,255875,16,0,0,layered_block,circular,per_chunk,16,16
7448,247834,251792,16,0,0,layered_block,circular,per_chunk,16,16
7449,247167,251084,16,0,0,layered_block,circular,per_chunk,16,16
7450,246792,250666,16,0,0,layered_block,circular,per_chunk,16,16
7451,240125,244500,16,0,0,layered_block,circular,per_chunk,16,16
7452,243125,247042,16,0,0,layered_block,circular,per_chunk,16,16
7453,243083,247000,16,0,0,layered_block,circular,per_chunk,16,16
7454,231375,235250,16,0,0,layered_block,circular,per_chunk,16,16
7455,228500,232375,16,0,0,layered_block,circular,per_chunk,16,16
7456,226667,230583,16,0,0,layered_block,circular,per_chunk,16,16
7457,234417,238291,16,0,0,layered_block,circular,per_chunk,16,16
7458,227250,231167,16,0,0,layered_block,circular,per_chunk,16,16
7459,226416,234916,16,0,0,layered_block,circular,per_chunk,16,16
7460,234959,238875,16,0,0,layered_block,circular,per_chunk,16,16
7461,238875,242750,16,0,0,layered_block,circular,per_chunk,16,16
7462,241792,245666,16,0,0,layered_block,circular,per_chunk,16,16
7463,239750,243666,16,0,0,layered_block,circular,per_chunk,16,16
7464,251292,255250,16,0,0,layered_block,circular,per_chunk,16,16
7465,250750,254625,16,0,0,layered_block,circular,per_chunk,16,16
7466,255584,259458,16,0,0,layered_block,circular,per_chunk,16,16
7467,250584,254458,16,0,0,layered_block,circular,per_chunk,16,16
7468,242208,246125,16,0,0,layered_block,circular,per_chunk,16,16
7469,253583,257459,16,0,0,layered_block,circular,per_chunk,16,16
7470,243167,247083,16,0,0,layered_block,circular,per_chunk,16,16
7471,244750,248750,16,0,0,layered_block,circular,per_chunk,16,16
7472,285833,289917,16,0,0,layered_block,circular,per_chunk,16,16
7473,238791,242667,16,0,0,layered_block,circular,per_chunk,16,16
7474,282417,286583,16,0,0,layered_block,circular,per_chunk,16,16
7475,234500,238375,16,0,0,layered_block,circular,per_chunk,16,16
7476,231833,235667,16,0,0,layered_block,circular,per_chunk,16,16
7477,222000,225917,16,0,0,layered_block,circular,per_chunk,16,16
7478,220000,223917,16,0,0,layered_block,circular,per_chunk,16,16
7479,261667,265666,16,0,0,layered_block,circular,per_chunk,16,16
7480,230000,233875,16,0,0,layered_block,circular,per_chunk,16,16
7481,225166,229042,16,0,0,layered_block,circular,per_chunk,16,16
7482,234125,237958,16,0,0,layered_block,circular,per_chunk,16,16
7483,238291,246791,16,0,0,layered_block,circular,per_chunk,16,16
7484,248541,252417,16,0,0,layered_block,circular,per_chunk,16,16
7485,250292,254084,16,0,0,layered_block,circular,per_chunk,16,16
7486,255875,259708,16,0,0,layered_block,circular,per_chunk,16,16
7487,251708,255583,16,0,0,layered_block,circular,per_chunk,16,16
7488,241583,245500,16,0,0,layered_block,circular,per_chunk,16,16
7489,249166,253000,16,0,0,layered_block,circular,per_chunk,16,16
7490,251250,255125,16,0,0,layered_block,circular,per_chunk,16,16
7491,292834,297333,16,0,0,layered_block,circular,per_chunk,16,16
7492,244416,248292,16,0,0,layered_block,circular,per_chunk,16,16
7493,291167,295292,16,0,0,layered_block,circular,per_chunk,16,16
7494,237708,241584,16,0,0,layered_block,circular,per_chunk,16,16
7495,236125,239958,16,0,0,layered_block,circular,per_chunk,16,16
7496,230417,234209,16,0,0,layered_block,circular,per_chunk,16,16
7497,226292,230125,16,0,0,layered_block,circular,per_chunk,16,16
7498,223500,227333,16,0,0,layered_block,circular,per_chunk,16,16
7499,210500,214375,16,0,0,layered_block,circular,per_chunk,16,16
7500,223250,227167,16,0,0,layered_block,circular,per_chunk,16,16
7501,226834,230625,16,0,0,layered_block,circular,per_chunk,16,16
7502,222792,226666,16,0,0,layered_block,circular,per_chunk,16,16
7503,281208,285500,16,0,0,layered_block,circular,per_chunk,16,16
7504,248125,251958,16,0,0,layered_block,circular,per_chunk,16,16
7505,282875,287291,16,0,0,layered_block,circular,per_chunk,16,16
7506,253042,256916,16,0,0,layered_block,circular,per_chunk,16,16
7507,248708,252625,16,0,0,layered_block,circular,per_chunk,16,16
7508,248583,252583,16,0,0,layered_block,circular,per_chunk,16,16
7509,242541,246417,16,0,0,layered_block,circular,per_chunk,16,16
7510,248792,252709,16,0,0,layered_block,circular,per_chunk,16,16
7511,247708,251584,16,0,0,layered_block,circular,per_chunk,16,16
7512,243750,247750,16,0,0,layered_block,circular,per_chunk,16,16
7513,244125,248000,16,0,0,layered_block,circular,per_chunk,16,16
7514,235708,239583,16,0,0,layered_block,circular,per_chunk,16,16
7515,241625,245459,16,0,0,layered_block,circular,per_chunk,16,16
7516,226584,230375,16,0,0,layered_block,circular,per_chunk,16,16
7517,224250,228125,16,0,0,layered_block,circular,per_chunk,16,16
7518,228083,231917,16,0,0,layered_block,circular,per_chunk,16,16
7519,227208,231083,16,0,0,layered_block,circular,per_chunk,16,16
7520,225458,229334,16,0,0,layered_block,circular,per_chunk,16,16
7521,222250,226083,16,0,0,layered_block,circular,per_chunk,16,16
7522,233917,237834,16,0,0,layered_block,circular,per_chunk,16,16
7523,226833,230791,16,0,0,layered_block,circular,per_chunk,16,16
7524,233959,237792,16,0,0,layered_block,circular,per_chunk,16,16
7525,250416,254208,16,0,0,layered_block,circular,per_chunk,16,16
7526,289583,293875,16,0,0,layered_block,circular,per_chunk,16,16
7527,250625,254500,16,0,0,layered_block,circular,per_chunk,16,16
7528,258958,262833,16,0,0,layered_block,circular,per_chunk,16,16
7529,248375,252250,16,0,0,layered_block,circular,per_chunk,16,16
7530,244625,248500,16,0,0,layered_block,circular,per_chunk,16,16
7531,253625,257417,16,0,0,layered_block,circular,per_chunk,16,16
7532,251250,255083,16,0,0,layered_block,circular,per_chunk,16,16
7533,240666,244542,16,0,0,layered_block,circular,per_chunk,16,16
7534,244500,248292,16,0,0,layered_block,circular,per_chunk,16,16
7535,245167,249041,16,0,0,layered_block,circular,per_chunk,16,16
7536,240541,244375,16,0,0,layered_block,circular,per_chunk,16,16
7537,233792,237542,16,0,0,layered_block,circular,per_chunk,16,16
7538,218000,221958,16,0,0,layered_block,circular,per_chunk,16,16
7539,222917,226792,16,0,0,layered_block,circular,per_chunk,16,16
7540,212000,215875,16,0,0,layered_block,circular,per_chunk,16,16
7541,219833,223709,16,0,0,layered_block,circular,per_chunk,16,16
7542,215500,219417,16,0,0,layered_block,circular,per_chunk,16,16
7543,222041,225917,16,0,0,layered_block,circular,per_chunk,16,16
7544,231667,236000,16,0,0,layered_block,circular,per_chunk,16,16
7545,248458,252334,16,0,0,layered_block,circular,per_chunk,16,16
7546,240833,244750,16,0,0,layered_block,circular,per_chunk,16,16
7547,245958,249792,16,0,0,layered_block,circular,per_chunk,16,16
7548,252125,256083,16,0,0,layered_block,circular,per_chunk,16,16
7549,257375,261292,16,0,0,layered_block,circular,per_chunk,16,16
7550,241708,245583,16,0,0,layered_block,circular,per_chunk,16,16
7551,244750,248709,16,0,0,layered_block,circular,per_chunk,16,16
7552,252667,256584,16,0,0,layered_block,circular,per_chunk,16,16
7553,251916,255875,16,0,0,layered_block,circular,per_chunk,16,16
7554,240584,244500,16,0,0,layered_block,circular,per_chunk,16,16
7555,243167,247041,16,0,0,layered_block,circular,per_chunk,16,16
7556,243625,247541,16,0,0,layered_block,circular,per_chunk,16,16
7557,271541,275625,16,0,0,layered_block,circular,per_chunk,16,16
7558,223209,227083,16,0,0,layered_block,circular,per_chunk,16,16
7559,229541,233375,16,0,0,layered_block,circular,per_chunk,16,16
7560,226167,230042,16,0,0,layered_block,circular,per_chunk,16,16
7561,230750,234667,16,0,0,layered_block,circular,per_chunk,16,16
7562,263959,268208,16,0,0,layered_block,circular,per_chunk,16,16
7563,227125,231000,16,0,0,layered_block,circular,per_chunk,16,16
7564,226583,230500,16,0,0,layered_block,circular,per_chunk,16,16
7565,236000,239916,16,0,0,layered_block,circular,per_chunk,16,16
7566,248459,252291,16,0,0,layered_block,circular,per_chunk,16,16
7567,235125,239042,16,0,0,layered_block,circular,per_chunk,16,16
7568,246667,250542,16,0,0,layered_block,circular,per_chunk,16,16
7569,255416,259333,16,0,0,layered_block,circular,per_chunk,16,16
7570,246416,250292,16,0,0,layered_block,circular,per_chunk,16,16
7571,243584,247416,16,0,0,layered_block,circular,per_chunk,16,16
7572,253334,257208,16,0,0,layered_block,circular,per_chunk,16,16
7573,254125,258000,16,0,0,layered_block,circular,per_chunk,16,16
7574,295333,299708,16,0,0,layered_block,circular,per_chunk,16,16
7575,245417,249250,16,0,0,layered_block,circular,per_chunk,16,16
7576,246625,250583,16,0,0,layered_block,circular,per_chunk,16,16
7577,243875,247792,16,0,0,layered_block,circular,per_chunk,16,16
7578,281250,285375,16,0,0,layered_block,circular,per_chunk,16,16
7579,227667,231541,16,0,0,layered_block,circular,per_chunk,16,16
7580,223875,227792,16,0,0,layered_block,circular,per_chunk,16,16
7581,228292,232250,16,0,0,layered_block,circular,per_chunk,16,16
7582,223750,227625,16,0,0,layered_block,circular,per_chunk,16,16
7583,269916,274250,16,0,0,layered_block,circular,per_chunk,16,16
7584,230792,234625,16,0,0,layered_block,circular,per_chunk,16,16
7585,233375,237209,16,0,0,layered_block,circular,per_chunk,16,16
7586,246000,249833,16,0,0,layered_block,circular,per_chunk,16,16
7587,235375,239375,16,0,0,layered_block,circular,per_chunk,16,16
7588,241167,245000,16,0,0,layered_block,circular,per_chunk,16,16
7589,249541,253500,16,0,0,layered_block,circular,per_chunk,16,16
7590,251208,255167,16,0,0,layered_block,circular,per_chunk,16,16
7591,240417,244417,16,0,0,layered_block,circular,per_chunk,16,16
7592,243958,247916,16,0,0,layered_block,circular,per_chunk,16,16
7593,243542,247500,16,0,0,layered_block,circular,per_chunk,16,16
7594,244083,248042,16,0,0,layered_block,circular,per_chunk,16,16
7595,246459,250291,16,0,0,layered_block,circular,per_chunk,16,16
7596,238709,242541,16,0,0,layered_block,circular,per_chunk,16,16
7597,244375,248291,16,0,0,layered_block,circular,per_chunk,16,16
7598,237208,241209,16,0,0,layered_block,circular,per_chunk,16,16
7599,236333,240208,16,0,0,layered_block,circular,per_chunk,16,16
7600,226083,229958,16,0,0,layered_block,circular,per_chunk,16,16
7601,220500,224459,16,0,0,layered_block,circular,per_chunk,16,16
7602,220500,224417,16,0,0,layered_block,circular,per_chunk,16,16
7603,212250,216208,16,0,0,layered_block,circular,per_chunk,16,16
7604,229500,233334,16,0,0,layered_block,circular,per_chunk,16,16
7605,224334,228250,16,0,0,layered_block,circular,per_chunk,16,16
7606,235416,239334,16,0,0,layered_block,circular,per_chunk,16,16
7607,248083,252000,16,0,0,layered_block,circular,per_chunk,16,16
7608,232084,236083,16,0,0,layered_block,circular,per_chunk,16,16
7609,234416,238458,16,0,0,layered_block,circular,per_chunk,16,16
7610,247209,251083,16,0,0,layered_block,circular,per_chunk,16,16
7611,250750,254750,16,0,0,layered_block,circular,per_chunk,16,16
7612,240292,244250,16,0,0,layered_block,circular,per_chunk,16,16
7613,248250,252084,16,0,0,layered_block,circular,per_chunk,16,16
7614,248000,256041,16,0,0,layered_block,circular,per_chunk,16,16
7615,245708,249667,16,0,0,layered_block,circular,per_chunk,16,16
7616,246625,250500,16,0,0,layered_block,circular,per_chunk,16,16
7617,235041,238917,16,0,0,layered_block,circular,per_chunk,16,16
7618,243375,247250,16,0,0,layered_block,circular,per_chunk,16,16
7619,240875,244791,16,0,0,layered_block,circular,per_chunk,16,16
7620,229291,233167,16,0,0,layered_block,circular,per_chunk,16,16
7621,222083,226042,16,0,0,layered_block,circular,per_chunk,16,16
7622,276167,280250,16,0,0,layered_block,circular,per_chunk,16,16
7623,231791,235833,16,0,0,layered_block,circular,per_chunk,16,16
7624,228209,232125,16,0,0,layered_block,circular,per_chunk,16,16
7625,237875,241750,16,0,0,layered_block,circular,per_chunk,16,16
7626,237042,240917,16,0,0,layered_block,circular,per_chunk,16,16
7627,238209,242209,16,0,0,layered_block,circular,per_chunk,16,16
7628,230375,234209,16,0,0,layered_block,circular,per_chunk,16,16
7629,233959,237875,16,0,0,layered_block,circular,per_chunk,16,16
7630,247042,250916,16,0,0,layered_block,circular,per_chunk,16,16
7631,253959,257875,16,0,0,layered_block,circular,per_chunk,16,16
7632,253083,256958,16,0,0,layered_block,circular,per_chunk,16,16
7633,245000,248875,16,0,0,layered_block,circular,per_chunk,16,16
7634,247583,251500,16,0,0,layered_block,circular,per_chunk,16,16
7635,253292,257208,16,0,0,layered_block,circular,per_chunk,16,16
7636,250500,254334,16,0,0,layered_block,circular,per_chunk,16,16
7637,238458,242375,16,0,0,layered_block,circular,per_chunk,16,16
7638,245375,249250,16,0,0,layered_block,circular,per_chunk,16,16
7639,239750,243625,16,0,0,layered_block,circular,per_chunk,16,16
7640,237042,241041,16,0,0,layered_block,circular,per_chunk,16,16
7641,228250,232125,16,0,0,layered_block,circular,per_chunk,16,16
7642,213708,217667,16,0,0,layered_block,circular,per_chunk,16,16
7643,232292,236125,16,0,0,layered_block,circular,per_chunk,16,16
7644,226458,230334,16,0,0,layered_block,circular,per_chunk,16,16
7645,235583,239459,16,0,0,layered_block,circular,per_chunk,16,16
7646,225542,229458,16,0,0,layered_block,circular,per_chunk,16,16
7647,235667,239500,16,0,0,layered_block,circular,per_chunk,16,16
7648,240375,244333,16,0,0,layered_block,circular,per_chunk,16,16
7649,229166,233000,16,0,0,layered_block,circular,per_chunk,16,16
7650,236500,240333,16,0,0,layered_block,circular,per_chunk,16,16
7651,249291,253125,16,0,0,layered_block,circular,per_chunk,16,16
7652,300250,304292,16,0,0,layered_block,circular,per_chunk,16,16
7653,250792,254625,16,0,0,layered_block,circular,per_chunk,16,16
7654,245042,248917,16,0,0,layered_block,circular,per_chunk,16,16
7655,245667,249584,16,0,0,layered_block,circular,per_chunk,16,16
7656,245208,249125,16,0,0,layered_block,circular,per_chunk,16,16
7657,242833,246750,16,0,0,layered_block,circular,per_chunk,16,16
7658,239208,243042,16,0,0,layered_block,circular,per_chunk,16,16
7659,245208,249042,16,0,0,layered_block,circular,per_chunk,16,16
7660,241042,244958,16,0,0,layered_block,circular,per_chunk,16,16
7661,225459,229375,16,0,0,layered_block,circular,per_chunk,16,16
7662,227875,231667,16,0,0,layered_block,circular,per_chunk,16,16
7663,230083,238125,16,0,0,layered_block,circular,per_chunk,16,16
7664,227375,231250,16,0,0,layered_block,circular,per_chunk,16,16
7665,227708,231542,16,0,0,layered_block,circular,per_chunk,16,16
7666,227750,231625,16,0,0,layered_block,circular,per_chunk,16,16
7667,234041,237958,16,0,0,layered_block,circular,per_chunk,16,16
7668,239166,242958,16,0,0,layered_block,circular,per_chunk,16,16
7669,282334,286666,16,0,0,layered_block,circular,per_chunk,16,16
7670,229750,233667,16,0,0,layered_block,circular,per_chunk,16,16
7671,230500,234417,16,0,0,layered_block,circular,per_chunk,16,16
7672,251125,255041,16,0,0,layered_block,circular,per_chunk,16,16
7673,256542,260416,16,0,0,layered_block,circular,per_chunk,16,16
7674,245708,249542,16,0,0,layered_block,circular,per_chunk,16,16
7675,286750,290833,16,0,0,layered_block,circular,per_chunk,16,16
7676,254709,258541,16,0,0,layered_block,circular,per_chunk,16,16
7677,253042,256875,16,0,0,layered_block,circular,per_chunk,16,16
7678,241750,245625,16,0,0,layered_block,circular,per_chunk,16,16
7679,240084,244000,16,0,0,layered_block,circular,per_chunk,16,16
7680,246042,249917,16,0,0,layered_block,circular,per_chunk,16,16
7681,235708,239958,16,0,0,layered_block,circular,per_chunk,16,16
7682,232291,236125,16,0,0,layered_block,circular,per_chunk,16,16
7683,219167,223083,16,0,0,layered_block,circular,per_chunk,16,16
7684,234125,238000,16,0,0,layered_block,circular,per_chunk,16,16
7685,230083,233917,16,0,0,layered_block,circular,per_chunk,16,16
7686,224833,229125,16,0,0,layered_block,circular,per_chunk,16,16
7687,230500,234333,16,0,0,layered_block,circular,per_chunk,16,16
7688,273125,277375,16,0,0,layered_block,circular,per_chunk,16,16
7689,231708,235584,16,0,0,layered_block,circular,per_chunk,16,16
7690,236250,240083,16,0,0,layered_block,circular,per_chunk,16,16
7691,230333,234167,16,0,0,layered_block,circular,per_chunk,16,16
7692,244083,247958,16,0,0,layered_block,circular,per_chunk,16,16
7693,250500,254375,16,0,0,layered_block,circular,per_chunk,16,16
7694,255500,259291,16,0,0,layered_block,circular,per_chunk,16,16
7695,240834,244666,16,0,0,layered_block,circular,per_chunk,16,16
7696,243709,247583,16,0,0,layered_block,circular,per_chunk,16,16
7697,250917,254750,16,0,0,layered_block,circular,per_chunk,16,16
7698,250625,254417,16,0,0,layered_block,circular,per_chunk,16,16
7699,242583,246417,16,0,0,layered_block,circular,per_chunk,16,16
7700,245333,249209,16,0,0,layered_block,circular,per_chunk,16,16
7701,244917,248791,16,0,0,layered_block,circular,per_chunk,16,16
7702,241125,244958,16,0,0,layered_block,circular,per_chunk,16,16
7703,231000,234792,16,0,0,layered_block,circular,per_chunk,16,16
7704,223000,226833,16,0,0,layered_block,circular,per_chunk,16,16
7705,226917,230750,16,0,0,layered_block,circular,per_chunk,16,16
7706,224833,228750,16,0,0,layered_block,circular,per_chunk,16,16
7707,270708,275292,16,0,0,layered_block,circular,per_chunk,16,16
7708,227708,231584,16,0,0,layered_block,circular,per_chunk,16,16
7709,223125,227000,16,0,0,layered_block,circular,per_chunk,16,16
7710,236416,240375,16,0,0,layered_block,circular,per_chunk,16,16
7711,230208,234125,16,0,0,layered_block,circular,per_chunk,16,16
7712,224417,233750,16,0,0,layered_block,circular,per_chunk,16,16
7713,242167,246083,16,0,0,layered_block,circular,per_chunk,16,16
7714,255500,259375,16,0,0,layered_block,circular,per_chunk,16,16
7715,250667,254542,16,0,0,layered_block,circular,per_chunk,16,16
7716,240834,244750,16,0,0,layered_block,circular,per_chunk,16,16
7717,242958,246875,16,0,0,layered_block,circular,per_chunk,16,16
7718,248958,252917,16,0,0,layered_block,circular,per_chunk,16,16
7719,248292,252208,16,0,0,layered_block,circular,per_chunk,16,16
7720,241833,245708,16,0,0,layered_block,circular,per_chunk,16,16
7721,245458,249292,16,0,0,layered_block,circular,per_chunk,16,16
7722,241292,245208,16,0,0,layered_block,circular,per_chunk,16,16
7723,227834,231708,16,0,0,layered_block,circular,per_chunk,16,16
7724,267500,271625,16,0,0,layered_block,circular,per_chunk,16,16
7725,228000,231834,16,0,0,layered_block,circular,per_chunk,16,16
7726,225542,229416,16,0,0,layered_block,circular,per_chunk,16,16
7727,229291,233125,16,0,0,layered_block,circular,per_chunk,16,16
7728,232792,236625,16,0,0,layered_block,circular,per_chunk,16,16
7729,229750,233750,16,0,0,layered_block,circular,per_chunk,16,16
7730,227041,230875,16,0,0,layered_block,circular,per_chunk,16,16
7731,231875,235750,16,0,0,layered_block,circular,per_chunk,16,16
7732,224667,228542,16,0,0,layered_block,circular,per_chunk,16,16
7733,228542,236667,16,0,0,layered_block,circular,per_chunk,16,16
7734,247708,251666,16,0,0,layered_block,circular,per_chunk,16,16
7735,253542,257416,16,0,0,layered_block,circular,per_chunk,16,16
7736,248291,252125,16,0,0,layered_block,circular,per_chunk,16,16
7737,244417,248333,16,0,0,layered_block,circular,per_chunk,16,16
7738,251458,255292,16,0,0,layered_block,circular,per_chunk,16,16
7739,251583,255459,16,0,0,layered_block,circular,per_chunk,16,16
7740,248541,252417,16,0,0,layered_block,circular,per_chunk,16,16
7741,243667,247916,16,0,0,layered_block,circular,per_chunk,16,16
7742,246958,250833,16,0,0,layered_block,circular,per_chunk,16,16
7743,244667,248542,16,0,0,layered_block,circular,per_chunk,16,16
7744,234750,238708,16,0,0,layered_block,circular,per_chunk,16,16
7745,221333,225250,16,0,0,layered_block,circular,per_chunk,16,16
7746,218500,222375,16,0,0,layered_block,circular,per_chunk,16,16
7747,228792,232625,16,0,0,layered_block,circular,per_chunk,16,16
7748,225916,229792,16,0,0,layered_block,circular,per_chunk,16,16
7749,221208,225125,16,0,0,layered_block,circular,per_chunk,16,16
7750,228375,232292,16,0,0,layered_block,circular,per_chunk,16,16
7751,227833,231750,16,0,0,layered_block,circular,per_chunk,16,16
7752,234250,238125,16,0,0,layered_block,circular,per_chunk,16,16
7753,229209,233083,16,0,0,layered_block,circular,per_chunk,16,16
7754,240333,244291,16,0,0,layered_block,circular,per_chunk,16,16
7755,250208,254083,16,0,0,layered_block,circular,per_chunk,16,16
7756,255708,259625,16,0,0,layered_block,circular,per_chunk,16,16
7757,289834,293958,16,0,0,layered_block,circular,per_chunk,16,16
7758,244083,247917,16,0,0,layered_block,circular,per_chunk,16,16
7759,240667,244667,16,0,0,layered_block,circular,per_chunk,16,16
7760,247167,251000,16,0,0,layered_block,circular,per_chunk,16,16
7761,247125,251042,16,0,0,layered_block,circular,per_chunk,16,16
7762,238875,242833,16,0,0,layered_block,circular,per_chunk,16,16
7763,245459,249333,16,0,0,layered_block,circular,per_chunk,16,16
7764,239958,243792,16,0,0,layered_block,circular,per_chunk,16,16
7765,273167,277334,16,0,0,layered_block,circular,per_chunk,16,16
7766,227917,231833,16,0,0,layered_block,circular,per_chunk,16,16
7767,231750,235666,16,0,0,layered_block,circular,per_chunk,16,16
7768,222167,226041,16,0,0,layered_block,circular,per_chunk,16,16
7769,285292,289375,16,0,0,layered_block,circular,per_chunk,16,16
7770,227333,231250,16,0,0,layered_block,circular,per_chunk,16,16
7771,220084,223916,16,0,0,layered_block,circular,per_chunk,16,16
7772,233292,237167,16,0,0,layered_block,circular,per_chunk,16,16
7773,228875,232750,16,0,0,layered_block,circular,per_chunk,16,16
7774,211666,215625,16,0,0,layered_block,circular,per_chunk,16,16
7775,226625,230541,16,0,0,layered_block,circular,per_chunk,16,16
7776,250959,254833,16,0,0,layered_block,circular,per_chunk,16,16
7777,253083,256958,16,0,0,layered_block,circular,per_chunk,16,16
7778,246875,250792,16,0,0,layered_block,circular,per_chunk,16,16
7779,245167,249083,16,0,0,layered_block,circular,per_chunk,16,16
7780,246500,250500,16,0,0,layered_block,circular,per_chunk,16,16
7781,245375,249375,16,0,0,layered_block,circular,per_chunk,16,16
7782,307625,311791,16,0,0,layered_block,circular,per_chunk,16,16
7783,244959,248833,16,0,0,layered_block,circular,per_chunk,16,16
7784,286416,290958,16,0,0,layered_block,circular,per_chunk,16,16
7785,228875,232792,16,0,0,layered_block,circular,per_chunk,16,16
7786,229459,233250,16,0,0,layered_block,circular,per_chunk,16,16
7787,222958,227000,16,0,0,layered_block,circular,per_chunk,16,16
7788,230666,234500,16,0,0,layered_block,circular,per_chunk,16,16
7789,223916,227916,16,0,0,layered_block,circular,per_chunk,16,16
7790,229833,233709,16,0,0,layered_block,circular,per_chunk,16,16
7791,233000,236875,16,0,0,layered_block,circular,per_chunk,16,16
7792,218667,222542,16,0,0,layered_block,circular,per_chunk,16,16
7793,232041,235959,16,0,0,layered_block,circular,per_chunk,16,16
7794,226791,230709,16,0,0,layered_block,circular,per_chunk,16,16
7795,225459,229375,16,0,0,layered_block,circular,per_chunk,16,16
7796,239667,243625,16,0,0,layered_block,circular,per_chunk,16,16
7797,246542,250458,16,0,0,layered_block,circular,per_chunk,16,16
7798,296000,300083,16,0,0,layered_block,circular,per_chunk,16,16
7799,240958,244875,16,0,0,layered_block,circular,per_chunk,16,16
7800,303500,307584,16,0,0,layered_block,circular,per_chunk,16,16
7801,250542,254416,16,0,0,layered_block,circular,per_chunk,16,16
7802,251958,255834,16,0,0,layered_block,circular,per_chunk,16,16
7803,240750,244625,16,0,0,layered_block,circular,per_chunk,16,16
7804,243291,247250,16,0,0,layered_block,circular,per_chunk,16,16
7805,244292,248209,16,0,0,layered_block,circular,per_chunk,16,16
7806,235458,239459,16,0,0,layered_block,circular,per_chunk,16,16
7807,228250,232083,16,0,0,layered_block,circular,per_chunk,16,16
7808,218291,222125,16,0,0,layered_block,circular,per_chunk,16,16
7809,216083,219958,16,0,0,layered_block,circular,per_chunk,16,16
7810,214083,218000,16,0,0,layered_block,circular,per_chunk,16,16
7811,218458,222292,16,0,0,layered_block,circular,per_chunk,16,16
7812,215875,219708,16,0,0,layered_block,circular,per_chunk,16,16
7813,220333,224375,16,0,0,layered_block,circular,per_chunk,16,16
7814,276083,280250,16,0,0,layered_block,circular,per_chunk,16,16
7815,225583,229458,16,0,0,layered_block,circular,per_chunk,16,16
7816,225042,228875,16,0,0,layered_block,circular,per_chunk,16,16
7817,241917,245791,16,0,0,layered_block,circular,per_chunk,16,16
7818,248458,252416,16,0,0,layered_block,circular,per_chunk,16,16
7819,253125,257000,16,0,0,layered_block,circular,per_chunk,16,16
7820,238625,243000,16,0,0,layered_block,circular,per_chunk,16,16
7821,242459,246291,16,0,0,layered_block,circular,per_chunk,16,16
7822,270375,274542,16,0,0,layered_block,circular,per_chunk,16,16
7823,246292,250125,16,0,0,layered_block,circular,per_chunk,16,16
7824,244166,247958,16,0,0,layered_block,circular,per_chunk,16,16
7825,244584,248458,16,0,0,layered_block,circular,per_chunk,16,16
7826,235375,239250,16,0,0,layered_block,circular,per_chunk,16,16
7827,226583,230417,16,0,0,layered_block,circular,per_chunk,16,16
7828,222625,226500,16,0,0,layered_block,circular,per_chunk,16,16
7829,229125,233000,16,0,0,layered_block,circular,per_chunk,16,16
7830,227625,231458,16,0,0,layered_block,circular,per_chunk,16,16
7831,222541,226417,16,0,0,layered_block,circular,per_chunk,16,16
7832,226166,230125,16,0,0,layered_block,circular,per_chunk,16,16
7833,211584,215541,16,0,0,layered_block,circular,per_chunk,16,16
7834,220292,224250,16,0,0,layered_block,circular,per_chunk,16,16
7835,227333,231209,16,0,0,layered_block,circular,per_chunk,16,16
7836,222709,226541,16,0,0,layered_block,circular,per_chunk,16,16
7837,227750,231625,16,0,0,layered_block,circular,per_chunk,16,16
7838,245541,249375,16,0,0,layered_block,circular,per_chunk,16,16
7839,254000,257833,16,0,0,layered_block,circular,per_chunk,16,16
7840,249792,253625,16,0,0,layered_block,circular,per_chunk,16,16
7841,236667,240583,16,0,0,layered_block,circular,per_chunk,16,16
7842,248208,252042,16,0,0,layered_block,circular,per_chunk,16,16
7843,297042,301250,16,0,0,layered_block,circular,per_chunk,16,16
7844,250333,254167,16,0,0,layered_block,circular,per_chunk,16,16
7845,249500,253333,16,0,0,layered_block,circular,per_chunk,16,16
7846,245375,249250,16,0,0,layered_block,circular,per_chunk,16,16
7847,244584,248500,16,0,0,layered_block,circular,per_chunk,16,16
7848,233667,237500,16,0,0,layered_block,circular,per_chunk,16,16
7849,213750,217708,16,0,0,layered_block,circular,per_chunk,16,16
7850,219166,223083,16,0,0,layered_block,circular,per_chunk,16,16
7851,216792,220709,16,0,0,layered_block,circular,per_chunk,16,16
7852,270542,274542,16,0,0,layered_block,circular,per_chunk,16,16
7853,232792,236667,16,0,0,layered_block,circular,per_chunk,16,16
7854,225500,229375,16,0,0,layered_block,circular,per_chunk,16,16
7855,223625,227542,16,0,0,layered_block,circular,per_chunk,16,16
7856,225833,229667,16,0,0,layered_block,circular,per_chunk,16,16
7857,228625,232417,16,0,0,layered_block,circular,per_chunk,16,16
7858,235084,238875,16,0,0,layered_block,circular,per_chunk,16,16
7859,248209,252042,16,0,0,layered_block,circular,per_chunk,16,16
7860,250791,254708,16,0,0,layered_block,circular,per_chunk,16,16
7861,247125,250958,16,0,0,layered_block,circular,per_chunk,16,16
7862,235000,238875,16,0,0,layered_block,circular,per_chunk,16,16
7863,245916,249792,16,0,0,layered_block,circular,per_chunk,16,16
7864,251791,255625,16,0,0,layered_block,circular,per_chunk,16,16
7865,240542,244458,16,0,0,layered_block,circular,per_chunk,16,16
7866,242292,246167,16,0,0,layered_block,circular,per_chunk,16,16
7867,241417,245333,16,0,0,layered_block,circular,per_chunk,16,16
7868,241625,245500,16,0,0,layered_block,circular,per_chunk,16,16
7869,223750,227666,16,0,0,layered_block,circular,per_chunk,16,16
7870,211875,215750,16,0,0,layered_block,circular,per_chunk,16,16
7871,214500,218375,16,0,0,layered_block,circular,per_chunk,16,16
7872,204833,208667,16,0,0,layered_block,circular,per_chunk,16,16
7873,214666,218583,16,0,0,layered_block,circular,per_chunk,16,16
7874,216792,220667,16,0,0,layered_block,circular,per_chunk,16,16
7875,216917,220792,16,0,0,layered_block,circular,per_chunk,16,16
7876,234459,238417,16,0,0,layered_block,circular,per_chunk,16,16
7877,219958,223875,16,0,0,layered_block,circular,per_chunk,16,16
7878,224542,228416,16,0,0,layered_block,circular,per_chunk,16,16
7879,232083,236000,16,0,0,layered_block,circular,per_chunk,16,16
7880,246458,250333,16,0,0,layered_block,circular,per_chunk,16,16
7881,256084,259916,16,0,0,layered_block,circular,per_chunk,16,16
7882,245250,249125,16,0,0,layered_block,circular,per_chunk,16,16
7883,240458,244292,16,0,0,layered_block,circular,per_chunk,16,16
7884,247208,251125,16,0,0,layered_block,circular,per_chunk,16,16
7885,244541,248459,16,0,0,layered_block,circular,per_chunk,16,16
7886,245666,249542,16,0,0,layered_block,circular,per_chunk,16,16
7887,243333,247209,16,0,0,layered_block,circular,per_chunk,16,16
7888,244209,248041,16,0,0,layered_block,circular,per_chunk,16,16
7889,232417,236333,16,0,0,layered_block,circular,per_chunk,16,16
7890,223667,227541,16,0,0,layered_block,circular,per_chunk,16,16
7891,228083,231959,16,0,0,layered_block,circular,per_chunk,16,16
7892,225333,229291,16,0,0,layered_block,circular,per_chunk,16,16
7893,227167,231000,16,0,0,layered_block,circular,per_chunk,16,16
7894,225625,229541,16,0,0,layered_block,circular,per_chunk,16,16
7895,232291,236209,16,0,0,layered_block,circular,per_chunk,16,16
7896,217000,220959,16,0,0,layered_block,circular,per_chunk,16,16
7897,223208,227084,16,0,0,layered_block,circular,per_chunk,16,16
7898,215792,219708,16,0,0,layered_block,circular,per_chunk,16,16
7899,228042,231875,16,0,0,layered_block,circular,per_chunk,16,16
7900,231500,235458,16,0,0,layered_block,circular,per_chunk,16,16
7901,248166,252042,16,0,0,layered_block,circular,per_chunk,16,16
7902,254209,258083,16,0,0,layered_block,circular,per_chunk,16,16
7903,246083,250000,16,0,0,layered_block,circular,per_chunk,16,16
7904,241625,245458,16,0,0,layered_block,circular,per_chunk,16,16
7905,249500,253416,16,0,0,layered_block,circular,per_chunk,16,16
7906,248959,252958,16,0,0,layered_block,circular,per_chunk,16,16
7907,244709,248583,16,0,0,layered_block,circular,per_chunk,16,16
7908,241375,249542,16,0,0,layered_block,circular,per_chunk,16,16
7909,245708,249625,16,0,0,layered_block,circular,per_chunk,16,16
7910,236042,240042,16,0,0,layered_block,circular,per_chunk,16,16
7911,226959,230791,16,0,0,layered_block,circular,per_chunk,16,16
7912,216959,220833,16,0,0,layered_block,circular,per_chunk,16,16
7913,214167,218083,16,0,0,layered_block,circular,per_chunk,16,16
7914,212834,216834,16,0,0,layered_block,circular,per_chunk,16,16
7915,218167,222041,16,0,0,layered_block,circular,per_chunk,16,16
7916,228000,231833,16,0,0,layered_block,circular,per_chunk,16,16
7917,218250,222166,16,0,0,layered_block,circular,per_chunk,16,16
7918,223042,226958,16,0,0,layered_block,circular,per_chunk,16,16
7919,225458,229333,16,0,0,layered_block,circular,per_chunk,16,16
7920,229042,237167,16,0,0,layered_block,circular,per_chunk,16,16
7921,238875,242792,16,0,0,layered_block,circular,per_chunk,16,16
7922,251000,254875,16,0,0,layered_block,circular,per_chunk,16,16
7923,299792,303917,16,0,0,layered_block,circular,per_chunk,16,16
7924,244791,248750,16,0,0,layered_block,circular,per_chunk,16,16
7925,282583,286750,16,0,0,layered_block,circular,per_chunk,16,16
7926,248584,252458,16,0,0,layered_block,circular,per_chunk,16,16
7927,253500,257458,16,0,0,layered_block,circular,per_chunk,16,16
7928,237958,241916,16,0,0,layered_block,circular,per_chunk,16,16
7929,246875,250792,16,0,0,layered_block,circular,per_chunk,16,16
7930,240500,244417,16,0,0,layered_block,circular,per_chunk,16,16
7931,240583,244541,16,0,0,layered_block,circular,per_chunk,16,16
7932,216084,220042,16,0,0,layered_block,circular,per_chunk,16,16
7933,218959,222792,16,0,0,layered_block,circular,per_chunk,16,16
7934,219500,223375,16,0,0,layered_block,circular,per_chunk,16,16
7935,213250,217167,16,0,0,layered_block,circular,per_chunk,16,16
7936,212916,216750,16,0,0,layered_block,circular,per_chunk,16,16
7937,216458,220375,16,0,0,layered_block,circular,per_chunk,16,16
7938,222333,226291,16,0,0,layered_block,circular,per_chunk,16,16
7939,231792,235667,16,0,0,layered_block,circular,per_chunk,16,16
7940,227834,231708,16,0,0,layered_block,circular,per_chunk,16,16
7941,225500,229417,16,0,0,layered_block,circular,per_chunk,16,16
7942,237709,241625,16,0,0,layered_block,circular,per_chunk,16,16
7943,250208,254084,16,0,0,layered_block,circular,per_chunk,16,16
7944,251750,255625,16,0,0,layered_block,circular,per_chunk,16,16
7945,238083,242041,16,0,0,layered_block,circular,per_chunk,16,16
7946,240083,243959,16,0,0,layered_block,circular,per_chunk,16,16
7947,244959,253000,16,0,0,layered_block,circular,per_chunk,16,16
7948,245167,249042,16,0,0,layered_block,circular,per_chunk,16,16
7949,243375,247291,16,0,0,layered_block,circular,per_chunk,16,16
7950,244083,247959,16,0,0,layered_block,circular,per_chunk,16,16
7951,243458,247334,16,0,0,layered_block,circular,per_chunk,16,16
7952,233458,237375,16,0,0,layered_block,circular,per_chunk,16,16
7953,217584,221625,16,0,0,layered_block,circular,per_chunk,16,16
7954,219958,224000,16,0,0,layered_block,circular,per_chunk,16,16
7955,213916,217958,16,0,0,layered_block,circular,per_chunk,16,16
7956,217334,221334,16,0,0,layered_block,circular,per_chunk,16,16
7957,223750,227792,16,0,0,layered_block,circular,per_chunk,16,16
7958,228000,231875,16,0,0,layered_block,circular,per_chunk,16,16
7959,219250,223125,16,0,0,layered_block,circular,per_chunk,16,16
7960,217250,221250,16,0,0,layered_block,circular,per_chunk,16,16
7961,275125,279209,16,0,0,layered_block,circular,per_chunk,16,16
7962,227792,231750,16,0,0,layered_block,circular,per_chunk,16,16
7963,240334,244208,16,0,0,layered_block,circular,per_chunk,16,16
7964,275958,279875,16,0,0,layered_block,circular,per_chunk,16,16
7965,253333,257208,16,0,0,layered_block,circular,per_chunk,16,16
7966,236958,240875,16,0,0,layered_block,circular,per_chunk,16,16
7967,241250,245083,16,0,0,layered_block,circular,per_chunk,16,16
7968,246250,250125,16,0,0,layered_block,circular,per_chunk,16,16
7969,244750,248667,16,0,0,layered_block,circular,per_chunk,16,16
7970,247416,251250,16,0,0,layered_block,circular,per_chunk,16,16
7971,286125,290250,16,0,0,layered_block,circular,per_chunk,16,16
7972,238542,242542,16,0,0,layered_block,circular,per_chunk,16,16
7973,230875,234750,16,0,0,layered_block,circular,per_chunk,16,16
7974,215083,219000,16,0,0,layered_block,circular,per_chunk,16,16
7975,216417,220291,16,0,0,layered_block,circular,per_chunk,16,16
7976,261625,266000,16,0,0,layered_block,circular,per_chunk,16,16
7977,212000,220083,16,0,0,layered_block,circular,per_chunk,16,16
7978,219375,223375,16,0,0,layered_block,circular,per_chunk,16,16
7979,258875,263042,16,0,0,layered_block,circular,per_chunk,16,16
7980,216959,220833,16,0,0,layered_block,circular,per_chunk,16,16
7981,217041,220833,16,0,0,layered_block,circular,per_chunk,16,16
7982,296875,301042,16,0,0,layered_block,circular,per_chunk,16,16
7983,223583,227583,16,0,0,layered_block,circular,per_chunk,16,16
7984,320917,325416,16,0,0,layered_block,circular,per_chunk,16,16
7985,254125,258000,16,0,0,layered_block,circular,per_chunk,16,16
7986,254084,257875,16,0,0,layered_block,circular,per_chunk,16,16
7987,235125,239000,16,0,0,layered_block,circular,per_chunk,16,16
7988,242000,245875,16,0,0,layered_block,circular,per_chunk,16,16
7989,245667,249542,16,0,0,layered_block,circular,per_chunk,16,16
7990,241542,245458,16,0,0,layered_block,circular,per_chunk,16,16
7991,241500,245291,16,0,0,layered_block,circular,per_chunk,16,16
7992,240583,244458,16,0,0,layered_block,circular,per_chunk,16,16
7993,239750,243625,16,0,0,layered_block,circular,per_chunk,16,16
7994,229625,233458,16,0,0,layered_block,circular,per_chunk,16,16
7995,218500,222291,16,0,0,layered_block,circular,per_chunk,16,16
7996,215792,219709,16,0,0,layered_block,circular,per_chunk,16,16
7997,217125,221000,16,0,0,layered_block,circular,per_chunk,16,16
7998,217459,221750,16,0,0,layered_block,circular,per_chunk,16,16
7999,218417,222334,16,0,0,layered_block,circular,per_chunk,16,16
8000,211959,215792,16,0,0,layered_block,circular,per_chunk,16,16
8001,215917,219834,16,0,0,layered_block,circular,per_chunk,16,16
8002,221792,225625,16,0,0,layered_block,circular,per_chunk,16,16
8003,226625,230500,16,0,0,layered_block,circular,per_chunk,16,16
8004,225541,229500,16,0,0,layered_block,circular,per_chunk,16,16
8005,238666,242500,16,0,0,layered_block,circular,per_chunk,16,16
8006,251542,255375,16,0,0,layered_block,circular,per_chunk,16,16
8007,250542,254375,16,0,0,layered_block,circular,per_chunk,16,16
8008,241125,245000,16,0,0,layered_block,circular,per_chunk,16,16
8009,236500,240458,16,0,0,layered_block,circular,per_chunk,16,16
8010,250167,254000,16,0,0,layered_block,circular,per_chunk,16,16
8011,248709,252583,16,0,0,layered_block,circular,per_chunk,16,16
8012,239250,243167,16,0,0,layered_block,circular,per_chunk,16,16
8013,244625,248459,16,0,0,layered_block,circular,per_chunk,16,16
8014,238042,241959,16,0,0,layered_block,circular,per_chunk,16,16
8015,227667,231541,16,0,0,layered_block,circular,per_chunk,16,16
8016,214667,218500,16,0,0,layered_block,circular,per_chunk,16,16
8017,216000,219875,16,0,0,layered_block,circular,per_chunk,16,16
8018,218542,222334,16,0,0,layered_block,circular,per_chunk,16,16
8019,222125,226042,16,0,0,layered_block,circular,per_chunk,16,16
8020,274292,278459,16,0,0,layered_block,circular,per_chunk,16,16
8021,227792,231625,16,0,0,layered_block,circular,per_chunk,16,16
8022,220667,224500,16,0,0,layered_block,circular,per_chunk,16,16
8023,224833,228667,16,0,0,layered_block,circular,per_chunk,16,16
8024,227166,231208,16,0,0,layered_block,circular,per_chunk,16,16
8025,229333,233125,16,0,0,layered_block,circular,per_chunk,16,16
8026,247000,250833,16,0,0,layered_block,circular,per_chunk,16,16
8027,253583,257417,16,0,0,layered_block,circular,per_chunk,16,16
8028,247708,251542,16,0,0,layered_block,circular,per_chunk,16,16
8029,234959,238833,16,0,0,layered_block,circular,per_chunk,16,16
8030,244250,248167,16,0,0,layered_block,circular,per_chunk,16,16
8031,250333,254125,16,0,0,layered_block,circular,per_chunk,16,16
8032,240416,244292,16,0,0,layered_block,circular,per_chunk,16,16
8033,288875,292958,16,0,0,layered_block,circular,per_chunk,16,16
8034,239375,243250,16,0,0,layered_block,circular,per_chunk,16,16
8035,291708,296167,16,0,0,layered_block,circular,per_chunk,16,16
8036,228000,231791,16,0,0,layered_block,circular,per_chunk,16,16
8037,222250,226041,16,0,0,layered_block,circular,per_chunk,16,16
8038,224167,228125,16,0,0,layered_block,circular,per_chunk,16,16
8039,215250,219042,16,0,0,layered_block,circular,per_chunk,16,16
8040,216917,220750,16,0,0,layered_block,circular,per_chunk,16,16
8041,212125,216042,16,0,0,layered_block,circular,per_chunk,16,16
8042,224292,228166,16,0,0,layered_block,circular,per_chunk,16,16
8043,218417,222292,16,0,0,layered_block,circular,per_chunk,16,16
8044,224500,228375,16,0,0,layered_block,circular,per_chunk,16,16
8045,226625,230500,16,0,0,layered_block,circular,per_chunk,16,16
8046,276750,280833,16,0,0,layered_block,circular,per_chunk,16,16
8047,246625,250500,16,0,0,layered_block,circular,per_chunk,16,16
8048,298416,302417,16,0,0,layered_block,circular,per_chunk,16,16
8049,247333,251167,16,0,0,layered_block,circular,per_chunk,16,16
8050,236917,240834,16,0,0,layered_block,circular,per_chunk,16,16
8051,242625,246541,16,0,0,layered_block,circular,per_chunk,16,16
8052,247250,251209,16,0,0,layered_block,circular,per_chunk,16,16
8053,243459,247375,16,0,0,layered_block,circular,per_chunk,16,16
8054,245625,249583,16,0,0,layered_block,circular,per_chunk,16,16
8055,243458,247458,16,0,0,layered_block,circular,per_chunk,16,16
8056,243750,247666,16,0,0,layered_block,circular,per_chunk,16,16
8057,221333,225292,16,0,0,layered_block,circular,per_chunk,16,16
8058,213041,216917,16,0,0,layered_block,circular,per_chunk,16,16
8059,222750,226750,16,0,0,layered_block,circular,per_chunk,16,16
8060,209959,213875,16,0,0,layered_block,circular,per_chunk,16,16
8061,217000,220875,16,0,0,layered_block,circular,per_chunk,16,16
8062,213375,217250,16,0,0,layered_block,circular,per_chunk,16,16
8063,217875,221833,16,0,0,layered_block,circular,per_chunk,16,16
8064,218458,222375,16,0,0,layered_block,circular,per_chunk,16,16
8065,230125,233959,16,0,0,layered_block,circular,per_chunk,16,16
8066,226250,230167,16,0,0,layered_block,circular,per_chunk,16,16
8067,238250,242167,16,0,0,layered_block,circular,per_chunk,16,16
8068,245791,249667,16,0,0,layered_block,circular,per_chunk,16,16
8069,254084,258000,16,0,0,layered_block,circular,per_chunk,16,16
8070,246208,250125,16,0,0,layered_block,circular,per_chunk,16,16
8071,235125,239125,16,0,0,layered_block,circular,per_chunk,16,16
8072,246583,250458,16,0,0,layered_block,circular,per_chunk,16,16
8073,250541,254500,16,0,0,layered_block,circular,per_chunk,16,16
8074,245500,249417,16,0,0,layered_block,circular,per_chunk,16,16
8075,241667,245583,16,0,0,layered_block,circular,per_chunk,16,16
8076,245416,249333,16,0,0,layered_block,circular,per_chunk,16,16
8077,239375,243208,16,0,0,layered_block,circular,per_chunk,16,16
8078,217750,221625,16,0,0,layered_block,circular,per_chunk,16,16
8079,213208,217125,16,0,0,layered_block,circular,per_chunk,16,16
8080,219459,223417,16,0,0,layered_block,circular,per_chunk,16,16
8081,217875,221750,16,0,0,layered_block,circular,per_chunk,16,16
8082,269125,273542,16,0,0,layered_block,circular,per_chunk,16,16
8083,221625,225500,16,0,0,layered_block,circular,per_chunk,16,16
8084,227583,231500,16,0,0,layered_block,circular,per_chunk,16,16
8085,226625,230459,16,0,0,layered_block,circular,per_chunk,16,16
8086,226375,230250,16,0,0,layered_block,circular,per_chunk,16,16
8087,276458,280500,16,0,0,layered_block,circular,per_chunk,16,16
8088,236500,240375,16,0,0,layered_block,circular,per_chunk,16,16
8089,242750,246708,16,0,0,layered_block,circular,per_chunk,16,16
8090,248250,252125,16,0,0,layered_block,circular,per_chunk,16,16
8091,299417,303542,16,0,0,layered_block,circular,per_chunk,16,16
8092,239417,243250,16,0,0,layered_block,circular,per_chunk,16,16
8093,285459,289667,16,0,0,layered_block,circular,per_chunk,16,16
8094,249792,253708,16,0,0,layered_block,circular,per_chunk,16,16
8095,289250,293458,16,0,0,layered_block,circular,per_chunk,16,16
8096,243166,247042,16,0,0,layered_block,circular,per_chunk,16,16
8097,294750,298875,16,0,0,layered_block,circular,per_chunk,16,16
8098,235208,239000,16,0,0,layered_block,circular,per_chunk,16,16
8099,221375,225291,16,0,0,layered_block,circular,per_chunk,16,16
8100,226166,230042,16,0,0,layered_block,circular,per_chunk,16,16
8101,224792,228666,16,0,0,layered_block,circular,per_chunk,16,16
8102,220791,224667,16,0,0,layered_block,circular,per_chunk,16,16
8103,222917,226833,16,0,0,layered_block,circular,per_chunk,16,16
8104,219333,223333,16,0,0,layered_block,circular,per_chunk,16,16
8105,219291,223292,16,0,0,layered_block,circular,per_chunk,16,16
8106,272541,276625,16,0,0,layered_block,circular,per_chunk,16,16
8107,229084,233000,16,0,0,layered_block,circular,per_chunk,16,16
8108,228333,232250,16,0,0,layered_block,circular,per_chunk,16,16
8109,239584,243500,16,0,0,layered_block,circular,per_chunk,16,16
8110,247583,251458,16,0,0,layered_block,circular,per_chunk,16,16
8111,252833,256667,16,0,0,layered_block,circular,per_chunk,16,16
8112,240167,244042,16,0,0,layered_block,circular,per_chunk,16,16
8113,239375,243250,16,0,0,layered_block,circular,per_chunk,16,16
8114,242750,246667,16,0,0,layered_block,circular,per_chunk,16,16
8115,244875,248750,16,0,0,layered_block,circular,per_chunk,16,16
8116,245084,248958,16,0,0,layered_block,circular,per_chunk,16,16
8117,239042,243000,16,0,0,layered_block,circular,per_chunk,16,16
8118,245042,248916,16,0,0,layered_block,circular,per_chunk,16,16
8119,233833,237708,16,0,0,layered_block,circular,per_chunk,16,16
8120,221084,225042,16,0,0,layered_block,circular,per_chunk,16,16
8121,226584,230458,16,0,0,layered_block,circular,per_chunk,16,16
8122,225291,229167,16,0,0,layered_block,circular,per_chunk,16,16
8123,218041,222000,16,0,0,layered_block,circular,per_chunk,16,16
8124,212000,216000,16,0,0,layered_block,circular,per_chunk,16,16
8125,221167,225125,16,0,0,layered_block,circular,per_chunk,16,16
8126,216667,220583,16,0,0,layered_block,circular,per_chunk,16,16
8127,220875,224917,16,0,0,layered_block,circular,per_chunk,16,16
8128,228958,232834,16,0,0,layered_block,circular,per_chunk,16,16
8129,273292,277458,16,0,0,layered_block,circular,per_chunk,16,16
8130,239458,243333,16,0,0,layered_block,circular,per_chunk,16,16
8131,244042,247959,16,0,0,layered_block,circular,per_chunk,16,16
8132,247833,251708,16,0,0,layered_block,circular,per_chunk,16,16
8133,283334,287416,16,0,0,layered_block,circular,per_chunk,16,16
8134,234375,238334,16,0,0,layered_block,circular,per_chunk,16,16
8135,292417,296583,16,0,0,layered_block,circular,per_chunk,16,16
8136,244167,248042,16,0,0,layered_block,circular,per_chunk,16,16
8137,285416,289542,16,0,0,layered_block,circular,per_chunk,16,16
8138,243084,247000,16,0,0,layered_block,circular,per_chunk,16,16
8139,286375,290500,16,0,0,layered_block,circular,per_chunk,16,16
8140,234208,238042,16,0,0,layered_block,circular,per_chunk,16,16
8141,215292,219250,16,0,0,layered_block,circular,per_chunk,16,16
8142,226375,230292,16,0,0,layered_block,circular,per_chunk,16,16
8143,231666,235542,16,0,0,layered_block,circular,per_chunk,16,16
8144,266250,270458,16,0,0,layered_block,circular,per_chunk,16,16
8145,219125,223000,16,0,0,layered_block,circular,per_chunk,16,16
8146,241875,245916,16,0,0,layered_block,circular,per_chunk,16,16
8147,225459,229375,16,0,0,layered_block,circular,per_chunk,16,16
8148,230125,234000,16,0,0,layered_block,circular,per_chunk,16,16
8149,229292,233291,16,0,0,layered_block,circular,per_chunk,16,16
8150,231792,235625,16,0,0,layered_block,circular,per_chunk,16,16
8151,239459,243333,16,0,0,layered_block,circular,per_chunk,16,16
8152,249042,252916,16,0,0,layered_block,circular,per_chunk,16,16
8153,301875,305959,16,0,0,layered_block,circular,per_chunk,16,16
8154,241792,245625,16,0,0,layered_block,circular,per_chunk,16,16
8155,285500,289666,16,0,0,layered_block,circular,per_chunk,16,16
8156,246792,250708,16,0,0,layered_block,circular,per_chunk,16,16
8157,293875,298000,16,0,0,layered_block,circular,per_chunk,16,16
8158,242834,246666,16,0,0,layered_block,circular,per_chunk,16,16
8159,241209,245083,16,0,0,layered_block,circular,per_chunk,16,16
8160,242500,246375,16,0,0,layered_block,circular,per_chunk,16,16
8161,277541,281625,16,0,0,layered_block,circular,per_chunk,16,16
8162,229167,233042,16,0,0,layered_block,circular,per_chunk,16,16
8163,227334,231166,16,0,0,layered_block,circular,per_chunk,16,16
8164,219666,223542,16,0,0,layered_block,circular,per_chunk,16,16
8165,224833,228667,16,0,0,layered_block,circular,per_chunk,16,16
8166,220209,224083,16,0,0,layered_block,circular,per_chunk,16,16
8167,226792,230625,16,0,0,layered_block,circular,per_chunk,16,16
8168,225625,229583,16,0,0,layered_block,circular,per_chunk,16,16
8169,231250,235084,16,0,0,layered_block,circular,per_chunk,16,16
8170,227875,231708,16,0,0,layered_block,circular,per_chunk,16,16
8171,228542,232416,16,0,0,layered_block,circular,per_chunk,16,16
8172,241208,245083,16,0,0,layered_block,circular,per_chunk,16,16
8173,251375,255292,16,0,0,layered_block,circular,per_chunk,16,16
8174,251042,254916,16,0,0,layered_block,circular,per_chunk,16,16
8175,235167,239041,16,0,0,layered_block,circular,per_chunk,16,16
8176,242042,245875,16,0,0,layered_block,circular,per_chunk,16,16
8177,248667,252459,16,0,0,layered_block,circular,per_chunk,16,16
8178,241750,245625,16,0,0,layered_block,circular,per_chunk,16,16
8179,241000,244833,16,0,0,layered_block,circular,per_chunk,16,16
8180,240291,248292,16,0,0,layered_block,circular,per_chunk,16,16
8181,238084,241958,16,0,0,layered_block,circular,per_chunk,16,16
8182,223958,227959,16,0,0,layered_block,circular,per_chunk,16,16
8183,228375,232208,16,0,0,layered_block,circular,per_chunk,16,16
8184,224334,228209,16,0,0,layered_block,circular,per_chunk,16,16
8185,211334,215292,16,0,0,layered_block,circular,per_chunk,16,16
8186,218542,222334,16,0,0,layered_block,circular,per_chunk,16,16
8187,223917,227750,16,0,0,layered_block,circular,per_chunk,16,16
8188,223416,227208,16,0,0,layered_block,circular,per_chunk,16,16
8189,222416,226292,16,0,0,layered_block,circular,per_chunk,16,16
8190,230000,233875,16,0,0,layered_block,circular,per_chunk,16,16
8191,222166,226042,16,0,0,layered_block,circular,per_chunk,16,16
8192,285375,289417,16,0,0,layered_block,circular,per_chunk,16,16
8193,244792,248667,16,0,0,layered_block,circular,per_chunk,16,16
8194,296625,300833,16,0,0,layered_block,circular,per_chunk,16,16
8195,245208,249166,16,0,0,layered_block,circular,per_chunk,16,16
8196,242042,245958,16,0,0,layered_block,circular,per_chunk,16,16
8197,239166,243042,16,0,0,layered_block,circular,per_chunk,16,16
8198,251750,255667,16,0,0,layered_block,circular,per_chunk,16,16
8199,240542,244416,16,0,0,layered_block,circular,per_chunk,16,16
8200,245708,249583,16,0,0,layered_block,circular,per_chunk,16,16
8201,245417,249250,16,0,0,layered_block,circular,per_chunk,16,16
8202,239791,243667,16,0,0,layered_block,circular,per_chunk,16,16
8203,231250,235083,16,0,0,layered_block,circular,per_chunk,16,16
8204,225416,229250,16,0,0,layered_block,circular,per_chunk,16,16
8205,229167,233000,16,0,0,layered_block,circular,per_chunk,16,16
8206,223833,227667,16,0,0,layered_block,circular,per_chunk,16,16
8207,270208,274500,16,0,0,layered_block,circular,per_chunk,16,16
8208,225917,229750,16,0,0,layered_block,circular,per_chunk,16,16
8209,225541,229417,16,0,0,layered_block,circular,per_chunk,16,16
8210,230916,234834,16,0,0,layered_block,circular,per_chunk,16,16
8211,228916,232916,16,0,0,layered_block,circular,per_chunk,16,16
8212,264250,268333,16,0,0,layered_block,circular,per_chunk,16,16
8213,232500,236458,16,0,0,layered_block,circular,per_chunk,16,16
8214,243208,247042,16,0,0,layered_block,circular,per_chunk,16,16
8215,252375,256292,16,0,0,layered_block,circular,per_chunk,16,16
8216,247167,251084,16,0,0,layered_block,circular,per_chunk,16,16
8217,236458,240458,16,0,0,layered_block,circular,per_chunk,16,16
8218,242792,246625,16,0,0,layered_block,circular,per_chunk,16,16
8219,249000,252916,16,0,0,layered_block,circular,per_chunk,16,16
8220,241459,245375,16,0,0,layered_block,circular,per_chunk,16,16
8221,243375,247250,16,0,0,layered_block,circular,per_chunk,16,16
8222,237500,241416,16,0,0,layered_block,circular,per_chunk,16,16
8223,244000,247875,16,0,0,layered_block,circular,per_chunk,16,16
8224,230958,234833,16,0,0,layered_block,circular,per_chunk,16,16
8225,216042,219958,16,0,0,layered_block,circular,per_chunk,16,16
8226,205541,209875,16,0,0,layered_block,circular,per_chunk,16,16
8227,224709,228541,16,0,0,layered_block,circular,per_chunk,16,16
8228,214959,218791,16,0,0,layered_block,circular,per_chunk,16,16
8229,220875,224833,16,0,0,layered_block,circular,per_chunk,16,16
8230,230958,234833,16,0,0,layered_block,circular,per_chunk,16,16
8231,231416,235292,16,0,0,layered_block,circular,per_chunk,16,16
8232,225584,229417,16,0,0,layered_block,circular,per_chunk,16,16
8233,235875,239750,16,0,0,layered_block,circular,per_chunk,16,16
8234,242291,246250,16,0,0,layered_block,circular,per_chunk,16,16
8235,239750,243709,16,0,0,layered_block,circular,per_chunk,16,16
8236,253291,257125,16,0,0,layered_block,circular,per_chunk,16,16
8237,242625,246625,16,0,0,layered_block,circular,per_chunk,16,16
8238,252834,256708,16,0,0,layered_block,circular,per_chunk,16,16
8239,258833,262750,16,0,0,layered_block,circular,per_chunk,16,16
8240,260000,263875,16,0,0,layered_block,circular,per_chunk,16,16
8241,259750,263667,16,0,0,layered_block,circular,per_chunk,16,16
8242,253667,257542,16,0,0,layered_block,circular,per_chunk,16,16
8243,253167,257041,16,0,0,layered_block,circular,per_chunk,16,16
8244,237959,241875,16,0,0,layered_block,circular,per_chunk,16,16
8245,235291,239167,16,0,0,layered_block,circular,per_chunk,16,16
8246,227500,231375,16,0,0,layered_block,circular,per_chunk,16,16
8247,242792,246666,16,0,0,layered_block,circular,per_chunk,16,16
8248,244083,248042,16,0,0,layered_block,circular,per_chunk,16,16
8249,251250,255250,16,0,0,layered_block,circular,per_chunk,16,16
8250,261708,265542,16,0,0,layered_block,circular,per_chunk,16,16
8251,259375,263292,16,0,0,layered_block,circular,per_chunk,16,16
8252,252708,256583,16,0,0,layered_block,circular,per_chunk,16,16
8253,294958,299167,16,0,0,layered_block,circular,per_chunk,16,16
8254,242708,246542,16,0,0,layered_block,circular,per_chunk,16,16
8255,290125,294417,16,0,0,layered_block,circular,per_chunk,16,16
8256,246583,250458,16,0,0,layered_block,circular,per_chunk,16,16
8257,301709,305833,16,0,0,layered_block,circular,per_chunk,16,16
8258,244917,248792,16,0,0,layered_block,circular,per_chunk,16,16
8259,241875,245833,16,0,0,layered_block,circular,per_chunk,16,16
8260,254750,258750,16,0,0,layered_block,circular,per_chunk,16,16
8261,262584,266500,16,0,0,layered_block,circular,per_chunk,16,16
8262,261750,265625,16,0,0,layered_block,circular,per_chunk,16,16
8263,258542,262417,16,0,0,layered_block,circular,per_chunk,16,16
8264,254375,258292,16,0,0,layered_block,circular,per_chunk,16,16
8265,246833,250750,16,0,0,layered_block,circular,per_chunk,16,16
8266,243417,247333,16,0,0,layered_block,circular,per_chunk,16,16
8267,245875,249750,16,0,0,layered_block,circular,per_chunk,16,16
8268,244500,248417,16,0,0,layered_block,circular,per_chunk,16,16
8269,231917,235917,16,0,0,layered_block,circular,per_chunk,16,16
8270,244666,248625,16,0,0,layered_block,circular,per_chunk,16,16
8271,244791,248709,16,0,0,layered_block,circular,per_chunk,16,16
8272,256791,260667,16,0,0,layered_block,circular,per_chunk,16,16
8273,258083,262042,16,0,0,layered_block,circular,per_chunk,16,16
8274,256959,260959,16,0,0,layered_block,circular,per_chunk,16,16
8275,254708,258625,16,0,0,layered_block,circular,per_chunk,16,16
8276,252167,256042,16,0,0,layered_block,circular,per_chunk,16,16
8277,246625,250500,16,0,0,layered_block,circular,per_chunk,16,16
8278,251625,255542,16,0,0,layered_block,circular,per_chunk,16,16
8279,249792,253708,16,0,0,layered_block,circular,per_chunk,16,16
8280,236500,240458,16,0,0,layered_block,circular,per_chunk,16,16
8281,249709,253583,16,0,0,layered_block,circular,per_chunk,16,16
8282,254084,257916,16,0,0,layered_block,circular,per_chunk,16,16
8283,250042,253958,16,0,0,layered_block,circular,per_chunk,16,16
8284,259875,263750,16,0,0,layered_block,circular,per_chunk,16,16
8285,256667,264750,16,0,0,layered_block,circular,per_chunk,16,16
8286,257959,261833,16,0,0,layered_block,circular,per_chunk,16,16
8287,250334,254292,16,0,0,layered_block,circular,per_chunk,16,16
8288,242292,246209,16,0,0,layered_block,circular,per_chunk,16,16
8289,243833,247667,16,0,0,layered_block,circular,per_chunk,16,16
8290,239917,243833,16,0,0,layered_block,circular,per_chunk,16,16
8291,237459,241375,16,0,0,layered_block,circular,per_chunk,16,16
8292,231625,235584,16,0,0,layered_block,circular,per_chunk,16,16
8293,245750,249667,16,0,0,layered_block,circular,per_chunk,16,16
8294,250125,254000,16,0,0,layered_block,circular,per_chunk,16,16
8295,252500,256417,16,0,0,layered_block,circular,per_chunk,16,16
8296,255208,259125,16,0,0,layered_block,circular,per_chunk,16,16
8297,261958,265875,16,0,0,layered_block,circular,per_chunk,16,16
8298,296208,300458,16,0,0,layered_block,circular,per_chunk,16,16
8299,238583,242500,16,0,0,layered_block,circular,per_chunk,16,16
8300,248042,251958,16,0,0,layered_block,circular,per_chunk,16,16
8301,238500,242417,16,0,0,layered_block,circular,per_chunk,16,16
8302,246500,250417,16,0,0,layered_block,circular,per_chunk,16,16
8303,248625,252458,16,0,0,layered_block,circular,per_chunk,16,16
8304,251791,255667,16,0,0,layered_block,circular,per_chunk,16,16
8305,249833,253750,16,0,0,layered_block,circular,per_chunk,16,16
8306,247875,251708,16,0,0,layered_block,circular,per_chunk,16,16
8307,256042,259875,16,0,0,layered_block,circular,per_chunk,16,16
8308,257875,261833,16,0,0,layered_block,circular,per_chunk,16,16
8309,310292,314292,16,0,0,layered_block,circular,per_chunk,16,16
8310,244583,248500,16,0,0,layered_block,circular,per_chunk,16,16
8311,244959,248875,16,0,0,layered_block,circular,per_chunk,16,16
8312,237209,241042,16,0,0,layered_block,circular,per_chunk,16,16
8313,240250,244166,16,0,0,layered_block,circular,per_chunk,16,16
8314,232666,236542,16,0,0,layered_block,circular,per_chunk,16,16
8315,231292,235167,16,0,0,layered_block,circular,per_chunk,16,16
8316,243125,247042,16,0,0,layered_block,circular,per_chunk,16,16
8317,245834,249708,16,0,0,layered_block,circular,per_chunk,16,16
8318,249042,252875,16,0,0,layered_block,circular,per_chunk,16,16
8319,294917,299084,16,0,0,layered_block,circular,per_chunk,16,16
8320,255209,259083,16,0,0,layered_block,circular,per_chunk,16,16
8321,258792,262708,16,0,0,layered_block,circular,per_chunk,16,16
8322,248708,252625,16,0,0,layered_block,circular,per_chunk,16,16
8323,248334,252166,16,0,0,layered_block,circular,per_chunk,16,16
8324,244083,248041,16,0,0,layered_block,circular,per_chunk,16,16
8325,243959,247792,16,0,0,layered_block,circular,per_chunk,16,16
8326,242166,246042,16,0,0,layered_block,circular,per_chunk,16,16
8327,244458,248334,16,0,0,layered_block,circular,per_chunk,16,16
8328,251250,255125,16,0,0,layered_block,circular,per_chunk,16,16
8329,250125,253959,16,0,0,layered_block,circular,per_chunk,16,16
8330,252292,256166,16,0,0,layered_block,circular,per_chunk,16,16
8331,259584,263416,16,0,0,layered_block,circular,per_chunk,16,16
8332,257875,261750,16,0,0,layered_block,circular,per_chunk,16,16
8333,249959,253750,16,0,0,layered_block,circular,per_chunk,16,16
8334,252917,256750,16,0,0,layered_block,circular,per_chunk,16,16
8335,239083,242958,16,0,0,layered_block,circular,per_chunk,16,16
8336,236125,240000,16,0,0,layered_block,circular,per_chunk,16,16
8337,229542,233458,16,0,0,layered_block,circular,per_chunk,16,16
8338,241458,245292,16,0,0,layered_block,circular,per_chunk,16,16
8339,250500,254375,16,0,0,layered_block,circular,per_chunk,16,16
8340,248250,252125,16,0,0,layered_block,circular,per_chunk,16,16
8341,254541,258333,16,0,0,layered_block,circular,per_chunk,16,16
8342,251875,255709,16,0,0,layered_block,circular,per_chunk,16,16
8343,261709,265541,16,0,0,layered_block,circular,per_chunk,16,16
8344,257959,261875,16,0,0,layered_block,circular,per_chunk,16,16
8345,247792,251583,16,0,0,layered_block,circular,per_chunk,16,16
8346,250542,254542,16,0,0,layered_block,circular,per_chunk,16,16
8347,243333,247250,16,0,0,layered_block,circular,per_chunk,16,16
8348,249041,252917,16,0,0,layered_block,circular,per_chunk,16,16
8349,246375,250209,16,0,0,layered_block,circular,per_chunk,16,16
8350,249000,252833,16,0,0,layered_block,circular,per_chunk,16,16
8351,251417,255250,16,0,0,layered_block,circular,per_chunk,16,16
8352,250625,254458,16,0,0,layered_block,circular,per_chunk,16,16
8353,250792,254625,16,0,0,layered_block,circular,per_chunk,16,16
8354,254416,258250,16,0,0,layered_block,circular,per_chunk,16,16
8355,258750,262625,16,0,0,layered_block,circular,per_chunk,16,16
8356,256416,260250,16,0,0,layered_block,circular,per_chunk,16,16
8357,249167,253000,16,0,0,layered_block,circular,per_chunk,16,16
8358,245375,249250,16,0,0,layered_block,circular,per_chunk,16,16
8359,243709,247541,16,0,0,layered_block,circular,per_chunk,16,16
8360,246458,250334,16,0,0,layered_block,circular,per_chunk,16,16
8361,247459,251417,16,0,0,layered_block,circular,per_chunk,16,16
8362,253792,257625,16,0,0,layered_block,circular,per_chunk,16,16
8363,249917,253791,16,0,0,layered_block,circular,per_chunk,16,16
8364,245208,249042,16,0,0,layered_block,circular,per_chunk,16,16
8365,248208,252084,16,0,0,layered_block,circular,per_chunk,16,16
8366,262000,265833,16,0,0,layered_block,circular,per_chunk,16,16
8367,262500,266375,16,0,0,layered_block,circular,per_chunk,16,16
8368,252917,256750,16,0,0,layered_block,circular,per_chunk,16,16
8369,250500,254834,16,0,0,layered_block,circular,per_chunk,16,16
8370,248291,252167,16,0,0,layered_block,circular,per_chunk,16,16
8371,246333,250167,16,0,0,layered_block,circular,per_chunk,16,16
8372,240709,244625,16,0,0,layered_block,circular,per_chunk,16,16
8373,243917,247834,16,0,0,layered_block,circular,per_chunk,16,16
8374,250459,254417,16,0,0,layered_block,circular,per_chunk,16,16
8375,249583,253458,16,0,0,layered_block,circular,per_chunk,16,16
8376,247000,250875,16,0,0,layered_block,circular,per_chunk,16,16
8377,246208,250083,16,0,0,layered_block,circular,per_chunk,16,16
8378,260792,264666,16,0,0,layered_block,circular,per_chunk,16,16
8379,260083,264000,16,0,0,layered_block,circular,per_chunk,16,16
8380,252666,256500,16,0,0,layered_block,circular,per_chunk,16,16
8381,251458,255375,16,0,0,layered_block,circular,per_chunk,16,16
8382,249875,253791,16,0,0,layered_block,circular,per_chunk,16,16
8383,250667,254542,16,0,0,layered_block,circular,per_chunk,16,16
8384,249625,253542,16,0,0,layered_block,circular,per_chunk,16,16
8385,252250,256167,16,0,0,layered_block,circular,per_chunk,16,16
8386,250667,254666,16,0,0,layered_block,circular,per_chunk,16,16
8387,295250,299583,16,0,0,layered_block,circular,per_chunk,16,16
8388,243083,246958,16,0,0,layered_block,circular,per_chunk,16,16
8389,256417,260375,16,0,0,layered_block,circular,per_chunk,16,16
8390,263667,267459,16,0,0,layered_block,circular,per_chunk,16,16
8391,256208,260125,16,0,0,layered_block,circular,per_chunk,16,16
8392,249833,253750,16,0,0,layered_block,circular,per_chunk,16,16
8393,248709,252583,16,0,0,layered_block,circular,per_chunk,16,16
8394,241333,245208,16,0,0,layered_block,circular,per_chunk,16,16
8395,240459,244375,16,0,0,layered_block,circular,per_chunk,16,16
8396,249875,253709,16,0,0,layered_block,circular,per_chunk,16,16
8397,248542,252375,16,0,0,layered_block,circular,per_chunk,16,16
8398,247750,251625,16,0,0,layered_block,circular,per_chunk,16,16
8399,241250,245166,16,0,0,layered_block,circular,per_chunk,16,16
8400,282208,286250,16,0,0,layered_block,circular,per_chunk,16,16
8401,259375,263250,16,0,0,layered_block,circular,per_chunk,16,16
8402,262041,265917,16,0,0,layered_block,circular,per_chunk,16,16
8403,253000,256916,16,0,0,layered_block,circular,per_chunk,16,16
8404,241000,244958,16,0,0,layered_block,circular,per_chunk,16,16
8405,231250,235125,16,0,0,layered_block,circular,per_chunk,16,16
8406,247500,251375,16,0,0,layered_block,circular,per_chunk,16,16
8407,253625,257459,16,0,0,layered_block,circular,per_chunk,16,16
8408,249625,253583,16,0,0,layered_block,circular,per_chunk,16,16
8409,249625,253500,16,0,0,layered_block,circular,per_chunk,16,16
8410,246792,250708,16,0,0,layered_block,circular,per_chunk,16,16
8411,248958,252834,16,0,0,layered_block,circular,per_chunk,16,16
8412,245125,249000,16,0,0,layered_block,circular,per_chunk,16,16
8413,258291,262167,16,0,0,layered_block,circular,per_chunk,16,16
8414,259208,263042,16,0,0,layered_block,circular,per_chunk,16,16
8415,251042,254916,16,0,0,layered_block,circular,per_chunk,16,16
8416,248625,252500,16,0,0,layered_block,circular,per_chunk,16,16
8417,245209,249042,16,0,0,layered_block,circular,per_chunk,16,16
8418,237250,241125,16,0,0,layered_block,circular,per_chunk,16,16
8419,251417,255333,16,0,0,layered_block,circular,per_chunk,16,16
8420,246000,249875,16,0,0,layered_block,circular,per_chunk,16,16
8421,248834,252708,16,0,0,layered_block,circular,per_chunk,16,16
8422,241833,245750,16,0,0,layered_block,circular,per_chunk,16,16
8423,245375,249208,16,0,0,layered_block,circular,per_chunk,16,16
8424,247959,251917,16,0,0,layered_block,circular,per_chunk,16,16
8425,256041,259958,16,0,0,layered_block,circular,per_chunk,16,16
8426,258875,262791,16,0,0,layered_block,circular,per_chunk,16,16
8427,249875,253833,16,0,0,layered_block,circular,per_chunk,16,16
8428,254042,257917,16,0,0,layered_block,circular,per_chunk,16,16
8429,249875,253750,16,0,0,layered_block,circular,per_chunk,16,16
8430,254417,258333,16,0,0,layered_block,circular,per_chunk,16,16
8431,252666,256542,16,0,0,layered_block,circular,per_chunk,16,16
8432,247541,251417,16,0,0,layered_block,circular,per_chunk,16,16
8433,248542,252417,16,0,0,layered_block,circular,per_chunk,16,16
8434,242292,246167,16,0,0,layered_block,circular,per_chunk,16,16
8435,243250,247125,16,0,0,layered_block,circular,per_chunk,16,16
8436,257917,261750,16,0,0,layered_block,circular,per_chunk,16,16
8437,256584,264833,16,0,0,layered_block,circular,per_chunk,16,16
8438,255916,259834,16,0,0,layered_block,circular,per_chunk,16,16
8439,250333,254292,16,0,0,layered_block,circular,per_chunk,16,16
8440,247834,251750,16,0,0,layered_block,circular,per_chunk,16,16
8441,242625,246500,16,0,0,layered_block,circular,per_chunk,16,16
8442,246458,250333,16,0,0,layered_block,circular,per_chunk,16,16
8443,244334,248250,16,0,0,layered_block,circular,per_chunk,16,16
8444,243250,247125,16,0,0,layered_block,circular,per_chunk,16,16
8445,243083,247041,16,0,0,layered_block,circular,per_chunk,16,16
8446,245417,249333,16,0,0,layered_block,circular,per_chunk,16,16
8447,245542,249542,16,0,0,layered_block,circular,per_chunk,16,16
8448,261584,265458,16,0,0,layered_block,circular,per_chunk,16,16
8449,303375,307584,16,0,0,layered_block,circular,per_chunk,16,16
8450,254042,257875,16,0,0,layered_block,circular,per_chunk,16,16
8451,252708,256542,16,0,0,layered_block,circular,per_chunk,16,16
8452,252292,256208,16,0,0,layered_block,circular,per_chunk,16,16
8453,254500,258375,16,0,0,layered_block,circular,per_chunk,16,16
8454,249500,253417,16,0,0,layered_block,circular,per_chunk,16,16
8455,246292,250166,16,0,0,layered_block,circular,per_chunk,16,16
8456,244375,248250,16,0,0,layered_block,circular,per_chunk,16,16
8457,241458,245375,16,0,0,layered_block,circular,per_chunk,16,16
8458,239500,243334,16,0,0,layered_block,circular,per_chunk,16,16
8459,251125,255042,16,0,0,layered_block,circular,per_chunk,16,16
8460,259875,263666,16,0,0,layered_block,circular,per_chunk,16,16
8461,258625,262458,16,0,0,layered_block,circular,per_chunk,16,16
8462,298917,303125,16,0,0,layered_block,circular,per_chunk,16,16
8463,249416,253292,16,0,0,layered_block,circular,per_chunk,16,16
8464,253666,257584,16,0,0,layered_block,circular,per_chunk,16,16
8465,250334,254250,16,0,0,layered_block,circular,per_chunk,16,16
8466,251167,255000,16,0,0,layered_block,circular,per_chunk,16,16
8467,251417,255291,16,0,0,layered_block,circular,per_chunk,16,16
8468,239041,243000,16,0,0,layered_block,circular,per_chunk,16,16
8469,242583,246417,16,0,0,layered_block,circular,per_chunk,16,16
8470,245750,249667,16,0,0,layered_block,circular,per_chunk,16,16
8471,257000,260834,16,0,0,layered_block,circular,per_chunk,16,16
8472,256875,261208,16,0,0,layered_block,circular,per_chunk,16,16
8473,257167,261000,16,0,0,layered_block,circular,per_chunk,16,16
8474,247542,251375,16,0,0,layered_block,circular,per_chunk,16,16
8475,306833,310875,16,0,0,layered_block,circular,per_chunk,16,16
8476,251875,255709,16,0,0,layered_block,circular,per_chunk,16,16
8477,248083,252000,16,0,0,layered_block,circular,per_chunk,16,16
8478,237417,241250,16,0,0,layered_block,circular,per_chunk,16,16
8479,230541,234333,16,0,0,layered_block,circular,per_chunk,16,16
8480,228417,232291,16,0,0,layered_block,circular,per_chunk,16,16
8481,278958,283000,16,0,0,layered_block,circular,per_chunk,16,16
8482,245500,249375,16,0,0,layered_block,circular,per_chunk,16,16
8483,320291,324375,16,0,0,layered_block,circular,per_chunk,16,16
8484,252459,256292,16,0,0,layered_block,circular,per_chunk,16,16
8485,254083,257959,16,0,0,layered_block,circular,per_chunk,16,16
8486,249167,253041,16,0,0,layered_block,circular,per_chunk,16,16
8487,251666,255584,16,0,0,layered_block,circular,per_chunk,16,16
8488,251375,255208,16,0,0,layered_block,circular,per_chunk,16,16
8489,235250,239084,16,0,0,layered_block,circular,per_chunk,16,16
8490,245958,249834,16,0,0,layered_block,circular,per_chunk,16,16
8491,238084,241875,16,0,0,layered_block,circular,per_chunk,16,16
8492,248416,252208,16,0,0,layered_block,circular,per_chunk,16,16
8493,246875,250708,16,0,0,layered_block,circular,per_chunk,16,16
8494,250916,254792,16,0,0,layered_block,circular,per_chunk,16,16
8495,260000,263792,16,0,0,layered_block,circular,per_chunk,16,16
8496,260833,264583,16,0,0,layered_block,circular,per_chunk,16,16
8497,255250,259083,16,0,0,layered_block,circular,per_chunk,16,16
8498,246792,250584,16,0,0,layered_block,circular,per_chunk,16,16
8499,246791,250667,16,0,0,layered_block,circular,per_chunk,16,16
8500,241375,245291,16,0,0,layered_block,circular,per_chunk,16,16
8501,241791,245750,16,0,0,layered_block,circular,per_chunk,16,16
8502,234334,238208,16,0,0,layered_block,circular,per_chunk,16,16
8503,232209,236041,16,0,0,layered_block,circular,per_chunk,16,16
8504,228917,232750,16,0,0,layered_block,circular,per_chunk,16,16
8505,234000,237959,16,0,0,layered_block,circular,per_chunk,16,16
8506,246792,250708,16,0,0,layered_block,circular,per_chunk,16,16
8507,258917,262750,16,0,0,layered_block,circular,per_chunk,16,16
8508,255667,259583,16,0,0,layered_block,circular,per_chunk,16,16
8509,257375,261208,16,0,0,layered_block,circular,per_chunk,16,16
8510,251959,255834,16,0,0,layered_block,circular,per_chunk,16,16
8511,251250,255083,16,0,0,layered_block,circular,per_chunk,16,16
8512,246125,250166,16,0,0,layered_block,circular,per_chunk,16,16
8513,298250,302333,16,0,0,layered_block,circular,per_chunk,16,16
8514,241000,244833,16,0,0,layered_block,circular,per_chunk,16,16
8515,241542,245417,16,0,0,layered_block,circular,per_chunk,16,16
8516,244541,248417,16,0,0,layered_block,circular,per_chunk,16,16
8517,249500,253417,16,0,0,layered_block,circular,per_chunk,16,16
8518,253792,257625,16,0,0,layered_block,circular,per_chunk,16,16
8519,258041,261833,16,0,0,layered_block,circular,per_chunk,16,16
8520,259083,262917,16,0,0,layered_block,circular,per_chunk,16,16
8521,249292,253125,16,0,0,layered_block,circular,per_chunk,16,16
8522,250291,254125,16,0,0,layered_block,circular,per_chunk,16,16
8523,237708,241584,16,0,0,layered_block,circular,per_chunk,16,16
8524,235750,239875,16,0,0,layered_block,circular,per_chunk,16,16
8525,232791,236750,16,0,0,layered_block,circular,per_chunk,16,16
8526,229917,233834,16,0,0,layered_block,circular,per_chunk,16,16
8527,246250,250125,16,0,0,layered_block,circular,per_chunk,16,16
8528,241083,245042,16,0,0,layered_block,circular,per_chunk,16,16
8529,247583,251541,16,0,0,layered_block,circular,per_chunk,16,16
8530,245042,248916,16,0,0,layered_block,circular,per_chunk,16,16
8531,251584,255500,16,0,0,layered_block,circular,per_chunk,16,16
8532,250333,254208,16,0,0,layered_block,circular,per_chunk,16,16
8533,252917,256833,16,0,0,layered_block,circular,per_chunk,16,16
8534,295500,299500,16,0,0,layered_block,circular,per_chunk,16,16
8535,248375,252333,16,0,0,layered_block,circular,per_chunk,16,16
8536,248834,252708,16,0,0,layered_block,circular,per_chunk,16,16
8537,239084,242958,16,0,0,layered_block,circular,per_chunk,16,16
8538,242000,245916,16,0,0,layered_block,circular,per_chunk,16,16
8539,236500,240458,16,0,0,layered_block,circular,per_chunk,16,16
8540,245917,249875,16,0,0,layered_block,circular,per_chunk,16,16
8541,241208,245167,16,0,0,layered_block,circular,per_chunk,16,16
8542,256875,260792,16,0,0,layered_block,circular,per_chunk,16,16
8543,257917,261833,16,0,0,layered_block,circular,per_chunk,16,16
8544,250333,254417,16,0,0,layered_block,circular,per_chunk,16,16
8545,243667,247625,16,0,0,layered_block,circular,per_chunk,16,16
8546,239542,243417,16,0,0,layered_block,circular,per_chunk,16,16
8547,237333,241209,16,0,0,layered_block,circular,per_chunk,16,16
8548,241334,245250,16,0,0,layered_block,circular,per_chunk,16,16
8549,241375,245250,16,0,0,layered_block,circular,per_chunk,16,16
8550,249750,253667,16,0,0,layered_block,circular,per_chunk,16,16
8551,243584,247500,16,0,0,layered_block,circular,per_chunk,16,16
8552,241541,245500,16,0,0,layered_block,circular,per_chunk,16,16
8553,252584,256416,16,0,0,layered_block,circular,per_chunk,16,16
8554,255084,259000,16,0,0,layered_block,circular,per_chunk,16,16
8555,260084,264000,16,0,0,layered_block,circular,per_chunk,16,16
8556,246791,250708,16,0,0,layered_block,circular,per_chunk,16,16
8557,248291,252208,16,0,0,layered_block,circular,per_chunk,16,16
8558,245000,249083,16,0,0,layered_block,circular,per_chunk,16,16
8559,246416,250292,16,0,0,layered_block,circular,per_chunk,16,16
8560,239167,243166,16,0,0,layered_block,circular,per_chunk,16,16
8561,235459,239375,16,0,0,layered_block,circular,per_chunk,16,16
8562,231541,240042,16,0,0,layered_block,circular,per_chunk,16,16
8563,239959,243958,16,0,0,layered_block,circular,per_chunk,16,16
8564,244166,248083,16,0,0,layered_block,circular,per_chunk,16,16
8565,254000,257917,16,0,0,layered_block,circular,per_chunk,16,16
8566,254959,258791,16,0,0,layered_block,circular,per_chunk,16,16
8567,254958,258834,16,0,0,layered_block,circular,per_chunk,16,16
8568,251625,255542,16,0,0,layered_block,circular,per_chunk,16,16
8569,249208,253125,16,0,0,layered_block,circular,per_chunk,16,16
8570,234958,238875,16,0,0,layered_block,circular,per_chunk,16,16
8571,248375,252292,16,0,0,layered_block,circular,per_chunk,16,16
8572,250125,253958,16,0,0,layered_block,circular,per_chunk,16,16
8573,238583,242500,16,0,0,layered_block,circular,per_chunk,16,16
8574,241500,245291,16,0,0,layered_block,circular,per_chunk,16,16
8575,244625,248500,16,0,0,layered_block,circular,per_chunk,16,16
8576,250041,253875,16,0,0,layered_block,circular,per_chunk,16,16
8577,259583,263459,16,0,0,layered_block,circular,per_chunk,16,16
8578,258166,262167,16,0,0,layered_block,circular,per_chunk,16,16
8579,255292,259250,16,0,0,layered_block,circular,per_chunk,16,16
8580,249333,253208,16,0,0,layered_block,circular,per_chunk,16,16
8581,241333,245209,16,0,0,layered_block,circular,per_chunk,16,16
8582,243750,247625,16,0,0,layered_block,circular,per_chunk,16,16
8583,242583,246500,16,0,0,layered_block,circular,per_chunk,16,16
8584,237625,241541,16,0,0,layered_block,circular,per_chunk,16,16
8585,230417,234291,16,0,0,layered_block,circular,per_chunk,16,16
8586,232083,235917,16,0,0,layered_block,circular,per_chunk,16,16
8587,245083,248959,16,0,0,layered_block,circular,per_chunk,16,16
8588,246000,249833,16,0,0,layered_block,circular,per_chunk,16,16
8589,255542,259500,16,0,0,layered_block,circular,per_chunk,16,16
8590,259208,263084,16,0,0,layered_block,circular,per_chunk,16,16
8591,256000,259917,16,0,0,layered_block,circular,per_chunk,16,16
8592,241583,249959,16,0,0,layered_block,circular,per_chunk,16,16
8593,243375,247333,16,0,0,layered_block,circular,per_chunk,16,16
8594,290333,294709,16,0,0,layered_block,circular,per_chunk,16,16
8595,242875,246791,16,0,0,layered_block,circular,per_chunk,16,16
8596,288625,292750,16,0,0,layered_block,circular,per_chunk,16,16
8597,246292,250166,16,0,0,layered_block,circular,per_chunk,16,16
8598,306292,310500,16,0,0,layered_block,circular,per_chunk,16,16
8599,243333,247333,16,0,0,layered_block,circular,per_chunk,16,16
8600,246791,250750,16,0,0,layered_block,circular,per_chunk,16,16
8601,251875,255791,16,0,0,layered_block,circular,per_chunk,16,16
8602,257708,261542,16,0,0,layered_block,circular,per_chunk,16,16
8603,252000,255916,16,0,0,layered_block,circular,per_chunk,16,16
8604,246000,249917,16,0,0,layered_block,circular,per_chunk,16,16
8605,235417,239291,16,0,0,layered_block,circular,per_chunk,16,16
8606,237291,241209,16,0,0,layered_block,circular,per_chunk,16,16
8607,239375,243250,16,0,0,layered_block,circular,per_chunk,16,16
8608,222167,226041,16,0,0,layered_block,circular,per_chunk,16,16
8609,222875,226916,16,0,0,layered_block,circular,per_chunk,16,16
8610,284375,288750,16,0,0,layered_block,circular,per_chunk,16,16
8611,246000,249875,16,0,0,layered_block,circular,per_chunk,16,16
8612,292875,296875,16,0,0,layered_block,circular,per_chunk,16,16
8613,254375,258250,16,0,0,layered_block,circular,per_chunk,16,16
8614,254000,257917,16,0,0,layered_block,circular,per_chunk,16,16
8615,269458,278333,16,0,0,layered_block,circular,per_chunk,16,16
8616,244625,248500,16,0,0,layered_block,circular,per_chunk,16,16
8617,244083,248375,16,0,0,layered_block,circular,per_chunk,16,16
8618,245625,249459,16,0,0,layered_block,circular,per_chunk,16,16
8619,239917,243792,16,0,0,layered_block,circular,per_chunk,16,16
8620,245833,249750,16,0,0,layered_block,circular,per_chunk,16,16
8621,242625,246542,16,0,0,layered_block,circular,per_chunk,16,16
8622,245792,249667,16,0,0,layered_block,circular,per_chunk,16,16
8623,244458,248292,16,0,0,layered_block,circular,per_chunk,16,16
8624,254333,258125,16,0,0,layered_block,circular,per_chunk,16,16
8625,254500,258416,16,0,0,layered_block,circular,per_chunk,16,16
8626,257625,261459,16,0,0,layered_block,circular,per_chunk,16,16
8627,290125,294209,16,0,0,layered_block,circular,per_chunk,16,16
8628,241250,245125,16,0,0,layered_block,circular,per_chunk,16,16
8629,236292,240167,16,0,0,layered_block,circular,per_chunk,16,16
8630,234667,238583,16,0,0,layered_block,circular,per_chunk,16,16
8631,229042,232958,16,0,0,layered_block,circular,per_chunk,16,16
8632,238291,242167,16,0,0,layered_block,circular,per_chunk,16,16
8633,242417,246250,16,0,0,layered_block,circular,per_chunk,16,16
8634,253250,257167,16,0,0,layered_block,circular,per_chunk,16,16
8635,248875,252708,16,0,0,layered_block,circular,per_chunk,16,16
8636,253333,257167,16,0,0,layered_block,circular,per_chunk,16,16
8637,252875,256708,16,0,0,layered_block,circular,per_chunk,16,16
8638,253083,256958,16,0,0,layered_block,circular,per_chunk,16,16
8639,302917,307000,16,0,0,layered_block,circular,per_chunk,16,16
8640,246875,250750,16,0,0,layered_block,circular,per_chunk,16,16
8641,237333,241292,16,0,0,layered_block,circular,per_chunk,16,16
8642,248500,252334,16,0,0,layered_block,circular,per_chunk,16,16
8643,234083,237959,16,0,0,layered_block,circular,per_chunk,16,16
8644,239167,243000,16,0,0,layered_block,circular,per_chunk,16,16
8645,287750,292167,16,0,0,layered_block,circular,per_chunk,16,16
8646,233125,237000,16,0,0,layered_block,circular,per_chunk,16,16
8647,291000,295042,16,0,0,layered_block,circular,per_chunk,16,16
8648,251083,255000,16,0,0,layered_block,circular,per_chunk,16,16
8649,255875,259709,16,0,0,layered_block,circular,per_chunk,16,16
8650,252250,256084,16,0,0,layered_block,circular,per_chunk,16,16
8651,234750,238583,16,0,0,layered_block,circular,per_chunk,16,16
8652,239958,243792,16,0,0,layered_block,circular,per_chunk,16,16
8653,240083,244333,16,0,0,layered_block,circular,per_chunk,16,16
8654,248042,251875,16,0,0,layered_block,circular,per_chunk,16,16
8655,250584,254500,16,0,0,layered_block,circular,per_chunk,16,16
8656,250375,254250,16,0,0,layered_block,circular,per_chunk,16,16
8657,229625,233458,16,0,0,layered_block,circular,per_chunk,16,16
8658,241041,244958,16,0,0,layered_block,circular,per_chunk,16,16
8659,248875,252875,16,0,0,layered_block,circular,per_chunk,16,16
8660,256292,260125,16,0,0,layered_block,circular,per_chunk,16,16
8661,256458,260291,16,0,0,layered_block,circular,per_chunk,16,16
8662,249208,253084,16,0,0,layered_block,circular,per_chunk,16,16
8663,245792,249625,16,0,0,layered_block,circular,per_chunk,16,16
8664,308417,312458,16,0,0,layered_block,circular,per_chunk,16,16
8665,244375,248208,16,0,0,layered_block,circular,per_chunk,16,16
8666,231791,235709,16,0,0,layered_block,circular,per_chunk,16,16
8667,241167,245041,16,0,0,layered_block,circular,per_chunk,16,16
8668,243583,247417,16,0,0,layered_block,circular,per_chunk,16,16
8669,233583,237459,16,0,0,layered_block,circular,per_chunk,16,16
8670,238584,242500,16,0,0,layered_block,circular,per_chunk,16,16
8671,248542,252500,16,0,0,layered_block,circular,per_chunk,16,16
8672,249042,252875,16,0,0,layered_block,circular,per_chunk,16,16
8673,256916,260792,16,0,0,layered_block,circular,per_chunk,16,16
8674,249042,252875,16,0,0,layered_block,circular,per_chunk,16,16
8675,235166,239083,16,0,0,layered_block,circular,per_chunk,16,16
8676,250500,254417,16,0,0,layered_block,circular,per_chunk,16,16
8677,245541,249417,16,0,0,layered_block,circular,per_chunk,16,16
8678,242416,246292,16,0,0,layered_block,circular,per_chunk,16,16
8679,245542,249416,16,0,0,layered_block,circular,per_chunk,16,16
8680,246000,249875,16,0,0,layered_block,circular,per_chunk,16,16
8681,242792,246625,16,0,0,layered_block,circular,per_chunk,16,16
8682,247708,251583,16,0,0,layered_block,circular,per_chunk,16,16
8683,253541,257417,16,0,0,layered_block,circular,per_chunk,16,16
8684,254167,258042,16,0,0,layered_block,circular,per_chunk,16,16
8685,254208,258084,16,0,0,layered_block,circular,per_chunk,16,16
8686,245666,249542,16,0,0,layered_block,circular,per_chunk,16,16
8687,238125,242042,16,0,0,layered_block,circular,per_chunk,16,16
8688,238250,242084,16,0,0,layered_block,circular,per_chunk,16,16
8689,243667,247541,16,0,0,layered_block,circular,per_chunk,16,16
8690,239708,243666,16,0,0,layered_block,circular,per_chunk,16,16
8691,242500,246375,16,0,0,layered_block,circular,per_chunk,16,16
8692,237041,240917,16,0,0,layered_block,circular,per_chunk,16,16
8693,236000,239917,16,0,0,layered_block,circular,per_chunk,16,16
8694,243208,247042,16,0,0,layered_block,circular,per_chunk,16,16
8695,257209,261083,16,0,0,layered_block,circular,per_chunk,16,16
8696,256333,260167,16,0,0,layered_block,circular,per_chunk,16,16
8697,248875,252875,16,0,0,layered_block,circular,per_chunk,16,16
8698,240333,244291,16,0,0,layered_block,circular,per_chunk,16,16
8699,231667,235583,16,0,0,layered_block,circular,per_chunk,16,16
8700,245791,249667,16,0,0,layered_block,circular,per_chunk,16,16
8701,249167,253041,16,0,0,layered_block,circular,per_chunk,16,16
8702,242542,246458,16,0,0,layered_block,circular,per_chunk,16,16
8703,290708,294792,16,0,0,layered_block,circular,per_chunk,16,16
8704,276458,280542,16,0,0,layered_block,circular,per_chunk,16,16
8705,247083,297125,16,0,0,layered_block,circular,per_chunk,16,16
8706,249000,252875,16,0,0,layered_block,circular,per_chunk,16,16
8707,255083,258959,16,0,0,layered_block,circular,per_chunk,16,16
8708,255375,259250,16,0,0,layered_block,circular,per_chunk,16,16
8709,247375,251250,16,0,0,layered_block,circular,per_chunk,16,16
8710,231625,235667,16,0,0,layered_block,circular,per_chunk,16,16
8711,234250,242375,16,0,0,layered_block,circular,per_chunk,16,16
8712,241625,245542,16,0,0,layered_block,circular,per_chunk,16,16
8713,239250,243125,16,0,0,layered_block,circular,per_chunk,16,16
8714,233042,236916,16,0,0,layered_block,circular,per_chunk,16,16
8715,241417,245334,16,0,0,layered_block,circular,per_chunk,16,16
8716,241375,245208,16,0,0,layered_block,circular,per_chunk,16,16
8717,277166,281417,16,0,0,layered_block,circular,per_chunk,16,16
8718,237959,241875,16,0,0,layered_block,circular,per_chunk,16,16
8719,247375,251375,16,0,0,layered_block,circular,per_chunk,16,16
8720,254958,258833,16,0,0,layered_block,circular,per_chunk,16,16
8721,248917,252791,16,0,0,layered_block,circular,per_chunk,16,16
8722,245792,249667,16,0,0,layered_block,circular,per_chunk,16,16
8723,238459,242375,16,0,0,layered_block,circular,per_chunk,16,16
8724,248208,252084,16,0,0,layered_block,circular,per_chunk,16,16
8725,245583,249458,16,0,0,layered_block,circular,per_chunk,16,16
8726,239209,243125,16,0,0,layered_block,circular,per_chunk,16,16
8727,240792,249041,16,0,0,layered_block,circular,per_chunk,16,16
8728,236083,239917,16,0,0,layered_block,circular,per_chunk,16,16
8729,244750,248625,16,0,0,layered_block,circular,per_chunk,16,16
8730,255666,259542,16,0,0,layered_block,circular,per_chunk,16,16
8731,254333,258250,16,0,0,layered_block,circular,per_chunk,16,16
8732,249958,253917,16,0,0,layered_block,circular,per_chunk,16,16
8733,237667,241583,16,0,0,layered_block,circular,per_chunk,16,16
8734,234167,238125,16,0,0,layered_block,circular,per_chunk,16,16
8735,226833,230833,16,0,0,layered_block,circular,per_chunk,16,16
8736,239750,243667,16,0,0,layered_block,circular,per_chunk,16,16
8737,239917,243750,16,0,0,layered_block,circular,per_chunk,16,16
8738,235583,239458,16,0,0,layered_block,circular,per_chunk,16,16
8739,246417,250375,16,0,0,layered_block,circular,per_chunk,16,16
8740,245083,248959,16,0,0,layered_block,circular,per_chunk,16,16
8741,250667,254541,16,0,0,layered_block,circular,per_chunk,16,16
8742,255917,259792,16,0,0,layered_block,circular,per_chunk,16,16
8743,254458,258292,16,0,0,layered_block,circular,per_chunk,16,16
8744,248042,251917,16,0,0,layered_block,circular,per_chunk,16,16
8745,240375,244250,16,0,0,layered_block,circular,per_chunk,16,16
8746,290417,294542,16,0,0,layered_block,circular,per_chunk,16,16
8747,248916,252833,16,0,0,layered_block,circular,per_chunk,16,16
8748,284958,289125,16,0,0,layered_block,circular,per_chunk,16,16
8749,234541,238417,16,0,0,layered_block,circular,per_chunk,16,16
8750,238125,242042,16,0,0,layered_block,circular,per_chunk,16,16
8751,241625,245500,16,0,0,layered_block,circular,per_chunk,16,16
8752,234584,238916,16,0,0,layered_block,circular,per_chunk,16,16
8753,251416,255250,16,0,0,layered_block,circular,per_chunk,16,16
8754,254500,258375,16,0,0,layered_block,circular,per_chunk,16,16
8755,252625,256583,16,0,0,layered_block,circular,per_chunk,16,16
8756,239875,243792,16,0,0,layered_block,circular,per_chunk,16,16
8757,243958,247875,16,0,0,layered_block,circular,per_chunk,16,16
8758,244791,248667,16,0,0,layered_block,circular,per_chunk,16,16
8759,248500,252333,16,0,0,layered_block,circular,per_chunk,16,16
8760,251833,255750,16,0,0,layered_block,circular,per_chunk,16,16
8761,242125,246042,16,0,0,layered_block,circular,per_chunk,16,16
8762,241250,245125,16,0,0,layered_block,circular,per_chunk,16,16
8763,243458,247292,16,0,0,layered_block,circular,per_chunk,16,16
8764,250458,254334,16,0,0,layered_block,circular,per_chunk,16,16
8765,257083,260958,16,0,0,layered_block,circular,per_chunk,16,16
8766,248708,252584,16,0,0,layered_block,circular,per_chunk,16,16
8767,247833,251833,16,0,0,layered_block,circular,per_chunk,16,16
8768,240500,244375,16,0,0,layered_block,circular,per_chunk,16,16
8769,239792,243666,16,0,0,layered_block,circular,per_chunk,16,16
8770,245584,249416,16,0,0,layered_block,circular,per_chunk,16,16
8771,237791,241791,16,0,0,layered_block,circular,per_chunk,16,16
8772,223833,227792,16,0,0,layered_block,circular,per_chunk,16,16
8773,234292,238167,16,0,0,layered_block,circular,per_chunk,16,16
8774,240875,244792,16,0,0,layered_block,circular,per_chunk,16,16
8775,237334,241125,16,0,0,layered_block,circular,per_chunk,16,16
8776,285083,289208,16,0,0,layered_block,circular,per_chunk,16,16
8777,249875,253709,16,0,0,layered_block,circular,per_chunk,16,16
8778,256625,260625,16,0,0,layered_block,circular,per_chunk,16,16
8779,250041,253917,16,0,0,layered_block,circular,per_chunk,16,16
8780,237584,241500,16,0,0,layered_block,circular,per_chunk,16,16
8781,247000,250833,16,0,0,layered_block,circular,per_chunk,16,16
8782,240291,248375,16,0,0,layered_block,circular,per_chunk,16,16
8783,236958,240792,16,0,0,layered_block,circular,per_chunk,16,16
8784,285000,289000,16,0,0,layered_block,circular,per_chunk,16,16
8785,248500,252333,16,0,0,layered_block,circular,per_chunk,16,16
8786,249250,253125,16,0,0,layered_block,circular,per_chunk,16,16
8787,247584,251458,16,0,0,layered_block,circular,per_chunk,16,16
8788,256750,260583,16,0,0,layered_block,circular,per_chunk,16,16
8789,255166,259042,16,0,0,layered_block,circular,per_chunk,16,16
8790,250542,254458,16,0,0,layered_block,circular,per_chunk,16,16
8791,246750,250583,16,0,0,layered_block,circular,per_chunk,16,16
8792,240917,244750,16,0,0,layered_block,circular,per_chunk,16,16
8793,243417,247250,16,0,0,layered_block,circular,per_chunk,16,16
8794,242542,246417,16,0,0,layered_block,circular,per_chunk,16,16
8795,233708,237542,16,0,0,layered_block,circular,per_chunk,16,16
8796,235750,239584,16,0,0,layered_block,circular,per_chunk,16,16
8797,237375,241167,16,0,0,layered_block,circular,per_chunk,16,16
8798,239083,242917,16,0,0,layered_block,circular,per_chunk,16,16
8799,241375,245250,16,0,0,layered_block,circular,per_chunk,16,16
8800,255916,259750,16,0,0,layered_block,circular,per_chunk,16,16
8801,255459,259250,16,0,0,layered_block,circular,per_chunk,16,16
8802,250292,254083,16,0,0,layered_block,circular,per_chunk,16,16
8803,244125,248042,16,0,0,layered_block,circular,per_chunk,16,16
8804,240500,244333,16,0,0,layered_block,circular,per_chunk,16,16
8805,240375,244292,16,0,0,layered_block,circular,per_chunk,16,16
8806,249250,253125,16,0,0,layered_block,circular,per_chunk,16,16
8807,245083,248917,16,0,0,layered_block,circular,per_chunk,16,16
8808,241500,245375,16,0,0,layered_block,circular,per_chunk,16,16
8809,247250,251042,16,0,0,layered_block,circular,per_chunk,16,16
8810,244334,248125,16,0,0,layered_block,circular,per_chunk,16,16
8811,287917,291916,16,0,0,layered_block,circular,per_chunk,16,16
8812,247542,251459,16,0,0,layered_block,circular,per_chunk,16,16
8813,249000,252834,16,0,0,layered_block,circular,per_chunk,16,16
8814,251708,255500,16,0,0,layered_block,circular,per_chunk,16,16
8815,237125,241083,16,0,0,layered_block,circular,per_chunk,16,16
8816,242084,245875,16,0,0,layered_block,circular,per_chunk,16,16
8817,241083,244958,16,0,0,layered_block,circular,per_chunk,16,16
8818,240333,244167,16,0,0,layered_block,circular,per_chunk,16,16
8819,279083,283208,16,0,0,layered_block,circular,per_chunk,16,16
8820,239083,242917,16,0,0,layered_block,circular,per_chunk,16,16
8821,242333,292959,16,0,0,layered_block,circular,per_chunk,16,16
8822,238917,242791,16,0,0,layered_block,circular,per_chunk,16,16
8823,237917,241875,16,0,0,layered_block,circular,per_chunk,16,16
8824,246542,250375,16,0,0,layered_block,circular,per_chunk,16,16
8825,303125,307291,16,0,0,layered_block,circular,per_chunk,16,16
8826,247375,251292,16,0,0,layered_block,circular,per_chunk,16,16
8827,247833,251667,16,0,0,layered_block,circular,per_chunk,16,16
8828,244166,248000,16,0,0,layered_block,circular,per_chunk,16,16
8829,251875,255750,16,0,0,layered_block,circular,per_chunk,16,16
8830,244875,248750,16,0,0,layered_block,circular,per_chunk,16,16
8831,239167,248333,16,0,0,layered_block,circular,per_chunk,16,16
8832,243417,247250,16,0,0,layered_block,circular,per_chunk,16,16
8833,242625,246500,16,0,0,layered_block,circular,per_chunk,16,16
8834,236667,240625,16,0,0,layered_block,circular,per_chunk,16,16
8835,252083,255917,16,0,0,layered_block,circular,per_chunk,16,16
8836,253917,257750,16,0,0,layered_block,circular,per_chunk,16,16
8837,250584,254459,16,0,0,layered_block,circular,per_chunk,16,16
8838,239250,243125,16,0,0,layered_block,circular,per_chunk,16,16
8839,230375,234250,16,0,0,layered_block,circular,per_chunk,16,16
8840,233959,237833,16,0,0,layered_block,circular,per_chunk,16,16
8841,243750,247541,16,0,0,layered_block,circular,per_chunk,16,16
8842,238917,242792,16,0,0,layered_block,circular,per_chunk,16,16
8843,232917,236875,16,0,0,layered_block,circular,per_chunk,16,16
8844,238792,242666,16,0,0,layered_block,circular,per_chunk,16,16
8845,245958,249916,16,0,0,layered_block,circular,per_chunk,16,16
8846,243916,247750,16,0,0,layered_block,circular,per_chunk,16,16
8847,254792,258667,16,0,0,layered_block,circular,per_chunk,16,16
8848,255042,258875,16,0,0,layered_block,circular,per_chunk,16,16
8849,245792,249667,16,0,0,layered_block,circular,per_chunk,16,16
8850,243958,247875,16,0,0,layered_block,circular,per_chunk,16,16
8851,244125,248000,16,0,0,layered_block,circular,per_chunk,16,16
8852,244792,248708,16,0,0,layered_block,circular,per_chunk,16,16
8853,244042,247916,16,0,0,layered_block,circular,per_chunk,16,16
8854,236834,240750,16,0,0,layered_block,circular,per_chunk,16,16
8855,239166,243042,16,0,0,layered_block,circular,per_chunk,16,16
8856,242000,245875,16,0,0,layered_block,circular,per_chunk,16,16
8857,239459,243417,16,0,0,layered_block,circular,per_chunk,16,16
8858,240375,244417,16,0,0,layered_block,circular,per_chunk,16,16
8859,255125,259000,16,0,0,layered_block,circular,per_chunk,16,16
8860,255667,259625,16,0,0,layered_block,circular,per_chunk,16,16
8861,248959,252833,16,0,0,layered_block,circular,per_chunk,16,16
8862,245709,249583,16,0,0,layered_block,circular,per_chunk,16,16
8863,242208,246167,16,0,0,layered_block,circular,per_chunk,16,16
8864,236125,239958,16,0,0,layered_block,circular,per_chunk,16,16
8865,250750,254667,16,0,0,layered_block,circular,per_chunk,16,16
8866,246375,250208,16,0,0,layered_block,circular,per_chunk,16,16
8867,236958,240833,16,0,0,layered_block,circular,per_chunk,16,16
8868,244875,248750,16,0,0,layered_block,circular,per_chunk,16,16
8869,239833,243750,16,0,0,layered_block,circular,per_chunk,16,16
8870,247416,251417,16,0,0,layered_block,circular,per_chunk,16,16
8871,254792,258667,16,0,0,layered_block,circular,per_chunk,16,16
8872,298000,302250,16,0,0,layered_block,circular,per_chunk,16,16
8873,244833,248709,16,0,0,layered_block,circular,per_chunk,16,16
8874,292750,296834,16,0,0,layered_block,circular,per_chunk,16,16
8875,242750,246667,16,0,0,layered_block,circular,per_chunk,16,16
8876,288834,292875,16,0,0,layered_block,circular,per_chunk,16,16
8877,253625,257708,16,0,0,layered_block,circular,per_chunk,16,16
8878,234416,238292,16,0,0,layered_block,circular,per_chunk,16,16
8879,239667,243541,16,0,0,layered_block,circular,per_chunk,16,16
8880,235167,239500,16,0,0,layered_block,circular,per_chunk,16,16
8881,230292,234250,16,0,0,layered_block,circular,per_chunk,16,16
8882,245417,249250,16,0,0,layered_block,circular,per_chunk,16,16
8883,250542,254500,16,0,0,layered_block,circular,per_chunk,16,16
8884,252166,256083,16,0,0,layered_block,circular,per_chunk,16,16
8885,247709,251625,16,0,0,layered_block,circular,per_chunk,16,16
8886,245500,249541,16,0,0,layered_block,circular,per_chunk,16,16
8887,242542,246667,16,0,0,layered_block,circular,per_chunk,16,16
8888,227791,231708,16,0,0,layered_block,circular,per_chunk,16,16
8889,236875,240792,16,0,0,layered_block,circular,per_chunk,16,16
8890,235375,239291,16,0,0,layered_block,circular,per_chunk,16,16
8891,249583,253500,16,0,0,layered_block,circular,per_chunk,16,16
8892,243084,247292,16,0,0,layered_block,circular,per_chunk,16,16
8893,242792,246709,16,0,0,layered_block,circular,per_chunk,16,16
8894,251625,255666,16,0,0,layered_block,circular,per_chunk,16,16
8895,253208,257125,16,0,0,layered_block,circular,per_chunk,16,16
8896,297459,301541,16,0,0,layered_block,circular,per_chunk,16,16
8897,245292,249125,16,0,0,layered_block,circular,per_chunk,16,16
8898,285792,290000,16,0,0,layered_block,circular,per_chunk,16,16
8899,238750,242667,16,0,0,layered_block,circular,per_chunk,16,16
8900,228584,232500,16,0,0,layered_block,circular,per_chunk,16,16
8901,225958,230208,16,0,0,layered_block,circular,per_chunk,16,16
8902,228833,232667,16,0,0,layered_block,circular,per_chunk,16,16
8903,239375,243250,16,0,0,layered_block,circular,per_chunk,16,16
8904,231833,235750,16,0,0,layered_block,circular,per_chunk,16,16
8905,248709,252625,16,0,0,layered_block,circular,per_chunk,16,16
8906,253708,257584,16,0,0,layered_block,circular,per_chunk,16,16
8907,251959,255959,16,0,0,layered_block,circular,per_chunk,16,16
8908,254917,258833,16,0,0,layered_block,circular,per_chunk,16,16
8909,238333,242167,16,0,0,layered_block,circular,per_chunk,16,16
8910,242042,245917,16,0,0,layered_block,circular,per_chunk,16,16
8911,249250,253125,16,0,0,layered_block,circular,per_chunk,16,16
8912,237000,240917,16,0,0,layered_block,circular,per_chunk,16,16
8913,238500,242333,16,0,0,layered_block,circular,per_chunk,16,16
8914,246500,250375,16,0,0,layered_block,circular,per_chunk,16,16
8915,236667,240541,16,0,0,layered_block,circular,per_chunk,16,16
8916,242875,246708,16,0,0,layered_block,circular,per_chunk,16,16
8917,254583,258459,16,0,0,layered_block,circular,per_chunk,16,16
8918,253209,257083,16,0,0,layered_block,circular,per_chunk,16,16
8919,256083,261042,16,0,0,layered_block,circular,per_chunk,16,16
8920,247167,251041,16,0,0,layered_block,circular,per_chunk,16,16
8921,240709,244625,16,0,0,layered_block,circular,per_chunk,16,16
8922,242458,246292,16,0,0,layered_block,circular,per_chunk,16,16
8923,279667,283875,16,0,0,layered_block,circular,per_chunk,16,16
8924,220166,224042,16,0,0,layered_block,circular,per_chunk,16,16
8925,238458,242375,16,0,0,layered_block,circular,per_chunk,16,16
8926,247167,251125,16,0,0,layered_block,circular,per_chunk,16,16
8927,241833,245750,16,0,0,layered_block,circular,per_chunk,16,16
8928,247209,251125,16,0,0,layered_block,circular,per_chunk,16,16
8929,242500,246375,16,0,0,layered_block,circular,per_chunk,16,16
8930,249833,253708,16,0,0,layered_block,circular,per_chunk,16,16
8931,251042,254916,16,0,0,layered_block,circular,per_chunk,16,16
8932,239833,243708,16,0,0,layered_block,circular,per_chunk,16,16
8933,246500,250458,16,0,0,layered_block,circular,per_chunk,16,16
8934,247917,251875,16,0,0,layered_block,circular,per_chunk,16,16
8935,236708,240542,16,0,0,layered_block,circular,per_chunk,16,16
8936,239792,243625,16,0,0,layered_block,circular,per_chunk,16,16
8937,244458,248292,16,0,0,layered_block,circular,per_chunk,16,16
8938,237417,241333,16,0,0,layered_block,circular,per_chunk,16,16
8939,240292,244125,16,0,0,layered_block,circular,per_chunk,16,16
8940,248000,251833,16,0,0,layered_block,circular,per_chunk,16,16
8941,254583,258375,16,0,0,layered_block,circular,per_chunk,16,16
8942,247667,251667,16,0,0,layered_block,circular,per_chunk,16,16
8943,293791,297917,16,0,0,layered_block,circular,per_chunk,16,16
8944,235208,239000,16,0,0,layered_block,circular,per_chunk,16,16
8945,236333,240167,16,0,0,layered_block,circular,per_chunk,16,16
8946,243791,247625,16,0,0,layered_block,circular,per_chunk,16,16
8947,237458,241375,16,0,0,layered_block,circular,per_chunk,16,16
8948,238583,242459,16,0,0,layered_block,circular,per_chunk,16,16
8949,247042,250875,16,0,0,layered_block,circular,per_chunk,16,16
8950,248958,252792,16,0,0,layered_block,circular,per_chunk,16,16
8951,235541,239417,16,0,0,layered_block,circular,per_chunk,16,16
8952,250458,254333,16,0,0,layered_block,circular,per_chunk,16,16
8953,254459,258333,16,0,0,layered_block,circular,per_chunk,16,16
8954,245833,249750,16,0,0,layered_block,circular,per_chunk,16,16
8955,290125,294292,16,0,0,layered_block,circular,per_chunk,16,16
8956,243000,246792,16,0,0,layered_block,circular,per_chunk,16,16
8957,282792,286958,16,0,0,layered_block,circular,per_chunk,16,16
8958,240750,244666,16,0,0,layered_block,circular,per_chunk,16,16
8959,234792,238625,16,0,0,layered_block,circular,per_chunk,16,16
8960,240750,244583,16,0,0,layered_block,circular,per_chunk,16,16
8961,239750,243625,16,0,0,layered_block,circular,per_chunk,16,16
8962,227958,231875,16,0,0,layered_block,circular,per_chunk,16,16
8963,234083,237917,16,0,0,layered_block,circular,per_chunk,16,16
8964,251292,255167,16,0,0,layered_block,circular,per_chunk,16,16
8965,253042,256833,16,0,0,layered_block,circular,per_chunk,16,16
8966,253125,256959,16,0,0,layered_block,circular,per_chunk,16,16
8967,246292,250125,16,0,0,layered_block,circular,per_chunk,16,16
8968,239042,242833,16,0,0,layered_block,circular,per_chunk,16,16
8969,233042,236834,16,0,0,layered_block,circular,per_chunk,16,16
8970,244500,248375,16,0,0,layered_block,circular,per_chunk,16,16
8971,242416,246292,16,0,0,layered_block,circular,per_chunk,16,16
8972,242791,246625,16,0,0,layered_block,circular,per_chunk,16,16
8973,238708,246667,16,0,0,layered_block,circular,per_chunk,16,16
8974,240750,244541,16,0,0,layered_block,circular,per_chunk,16,16
8975,246584,250416,16,0,0,layered_block,circular,per_chunk,16,16
8976,255917,259792,16,0,0,layered_block,circular,per_chunk,16,16
8977,243208,247083,16,0,0,layered_block,circular,per_chunk,16,16
8978,250375,254208,16,0,0,layered_block,circular,per_chunk,16,16
8979,286417,290584,16,0,0,layered_block,circular,per_chunk,16,16
8980,237625,241458,16,0,0,layered_block,circular,per_chunk,16,16
8981,239834,243834,16,0,0,layered_block,circular,per_chunk,16,16
8982,238583,242417,16,0,0,layered_block,circular,per_chunk,16,16
8983,235500,239291,16,0,0,layered_block,circular,per_chunk,16,16
8984,240000,243875,16,0,0,layered_block,circular,per_chunk,16,16
8985,236917,240750,16,0,0,layered_block,circular,per_chunk,16,16
8986,229542,233417,16,0,0,layered_block,circular,per_chunk,16,16
8987,235750,239583,16,0,0,layered_block,circular,per_chunk,16,16
8988,247083,250958,16,0,0,layered_block,circular,per_chunk,16,16
8989,247291,251208,16,0,0,layered_block,circular,per_chunk,16,16
8990,253500,257375,16,0,0,layered_block,circular,per_chunk,16,16
8991,253041,256875,16,0,0,layered_block,circular,per_chunk,16,16
8992,246833,250709,16,0,0,layered_block,circular,per_chunk,16,16
8993,233667,237458,16,0,0,layered_block,circular,per_chunk,16,16
8994,241166,245000,16,0,0,layered_block,circular,per_chunk,16,16
8995,237042,245292,16,0,0,layered_block,circular,per_chunk,16,16
8996,248500,252375,16,0,0,layered_block,circular,per_chunk,16,16
8997,237667,241541,16,0,0,layered_block,circular,per_chunk,16,16
8998,243709,247541,16,0,0,layered_block,circular,per_chunk,16,16
8999,251083,254917,16,0,0,layered_block,circular,per_chunk,16,16
9000,251833,255667,16,0,0,layered_block,circular,per_chunk,16,16
9001,251167,255042,16,0,0,layered_block,circular,per_chunk,16,16
9002,246167,250000,16,0,0,layered_block,circular,per_chunk,16,16
9003,224708,228584,16,0,0,layered_block,circular,per_chunk,16,16
9004,241708,245584,16,0,0,layered_block,circular,per_chunk,16,16
9005,240250,244084,16,0,0,layered_block,circular,per_chunk,16,16
9006,234167,238041,16,0,0,layered_block,circular,per_chunk,16,16
9007,231667,235542,16,0,0,layered_block,circular,per_chunk,16,16
9008,237792,241708,16,0,0,layered_block,circular,per_chunk,16,16
9009,237875,241708,16,0,0,layered_block,circular,per_chunk,16,16
9010,245042,248958,16,0,0,layered_block,circular,per_chunk,16,16
9011,246083,249958,16,0,0,layered_block,circular,per_chunk,16,16
9012,252375,256250,16,0,0,layered_block,circular,per_chunk,16,16
9013,258916,262792,16,0,0,layered_block,circular,per_chunk,16,16
9014,246667,250625,16,0,0,layered_block,circular,per_chunk,16,16
9015,234167,238083,16,0,0,layered_block,circular,per_chunk,16,16
9016,246500,250292,16,0,0,layered_block,circular,per_chunk,16,16
9017,237542,241416,16,0,0,layered_block,circular,per_chunk,16,16
9018,242291,246208,16,0,0,layered_block,circular,per_chunk,16,16
9019,239084,243125,16,0,0,layered_block,circular,per_chunk,16,16
9020,246209,250125,16,0,0,layered_block,circular,per_chunk,16,16
9021,237458,241458,16,0,0,layered_block,circular,per_chunk,16,16
9022,243500,247417,16,0,0,layered_block,circular,per_chunk,16,16
9023,254458,258292,16,0,0,layered_block,circular,per_chunk,16,16
9024,250166,254042,16,0,0,layered_block,circular,per_chunk,16,16
9025,251791,255667,16,0,0,layered_block,circular,per_chunk,16,16
9026,240667,244750,16,0,0,layered_block,circular,per_chunk,16,16
9027,227083,230917,16,0,0,layered_block,circular,per_chunk,16,16
9028,230083,234000,16,0,0,layered_block,circular,per_chunk,16,16
9029,234291,238167,16,0,0,layered_block,circular,per_chunk,16,16
9030,236209,240125,16,0,0,layered_block,circular,per_chunk,16,16
9031,244459,248375,16,0,0,layered_block,circular,per_chunk,16,16
9032,245125,249083,16,0,0,layered_block,circular,per_chunk,16,16
9033,244167,252000,16,0,0,layered_block,circular,per_chunk,16,16
9034,246667,250541,16,0,0,layered_block,circular,per_chunk,16,16
9035,238666,242666,16,0,0,layered_block,circular,per_chunk,16,16
9036,248416,252292,16,0,0,layered_block,circular,per_chunk,16,16
9037,245917,249750,16,0,0,layered_block,circular,per_chunk,16,16
9038,237083,241083,16,0,0,layered_block,circular,per_chunk,16,16
9039,244125,248000,16,0,0,layered_block,circular,per_chunk,16,16
9040,240792,244750,16,0,0,layered_block,circular,per_chunk,16,16
9041,245458,249417,16,0,0,layered_block,circular,per_chunk,16,16
9042,235291,239208,16,0,0,layered_block,circular,per_chunk,16,16
9043,243792,247708,16,0,0,layered_block,circular,per_chunk,16,16
9044,238750,242709,16,0,0,layered_block,circular,per_chunk,16,16
9045,232750,236667,16,0,0,layered_block,circular,per_chunk,16,16
9046,249000,252917,16,0,0,layered_block,circular,per_chunk,16,16
9047,251000,254833,16,0,0,layered_block,circular,per_chunk,16,16
9048,250917,254833,16,0,0,layered_block,circular,per_chunk,16,16
9049,246333,250209,16,0,0,layered_block,circular,per_chunk,16,16
9050,240541,244458,16,0,0,layered_block,circular,per_chunk,16,16
9051,237292,241208,16,0,0,layered_block,circular,per_chunk,16,16
9052,245625,249750,16,0,0,layered_block,circular,per_chunk,16,16
9053,241583,245417,16,0,0,layered_block,circular,per_chunk,16,16
9054,250208,254084,16,0,0,layered_block,circular,per_chunk,16,16
9055,238208,242084,16,0,0,layered_block,circular,per_chunk,16,16
9056,237792,241709,16,0,0,layered_block,circular,per_chunk,16,16
9057,241250,245125,16,0,0,layered_block,circular,per_chunk,16,16
9058,254167,258291,16,0,0,layered_block,circular,per_chunk,16,16
9059,242875,246875,16,0,0,layered_block,circular,per_chunk,16,16
9060,246417,250292,16,0,0,layered_block,circular,per_chunk,16,16
9061,242500,246375,16,0,0,layered_block,circular,per_chunk,16,16
9062,235333,240167,16,0,0,layered_block,circular,per_chunk,16,16
9063,303458,307916,16,0,0,layered_block,circular,per_chunk,16,16
9064,238167,242083,16,0,0,layered_block,circular,per_chunk,16,16
9065,284167,288166,16,0,0,layered_block,circular,per_chunk,16,16
9066,234333,238333,16,0,0,layered_block,circular,per_chunk,16,16
9067,238791,242667,16,0,0,layered_block,circular,per_chunk,16,16
9068,234417,238292,16,0,0,layered_block,circular,per_chunk,16,16
9069,238041,241917,16,0,0,layered_block,circular,per_chunk,16,16
9070,244958,248792,16,0,0,layered_block,circular,per_chunk,16,16
9071,246750,250666,16,0,0,layered_block,circular,per_chunk,16,16
9072,250042,253958,16,0,0,layered_block,circular,per_chunk,16,16
9073,238834,242708,16,0,0,layered_block,circular,per_chunk,16,16
9074,234792,238709,16,0,0,layered_block,circular,per_chunk,16,16
9075,250458,254334,16,0,0,layered_block,circular,per_chunk,16,16
9076,244166,248000,16,0,0,layered_block,circular,per_chunk,16,16
9077,236084,239958,16,0,0,layered_block,circular,per_chunk,16,16
9078,236833,240750,16,0,0,layered_block,circular,per_chunk,16,16
9079,245583,249500,16,0,0,layered_block,circular,per_chunk,16,16
9080,241958,245792,16,0,0,layered_block,circular,per_chunk,16,16
9081,240666,244458,16,0,0,layered_block,circular,per_chunk,16,16
9082,246583,250541,16,0,0,layered_block,circular,per_chunk,16,16
9083,247084,251084,16,0,0,layered_block,circular,per_chunk,16,16
9084,243250,247167,16,0,0,layered_block,circular,per_chunk,16,16
9085,226000,229958,16,0,0,layered_block,circular,per_chunk,16,16
9086,233083,237000,16,0,0,layered_block,circular,per_chunk,16,16
9087,235416,239208,16,0,0,layered_block,circular,per_chunk,16,16
9088,231500,235375,16,0,0,layered_block,circular,per_chunk,16,16
9089,234458,238334,16,0,0,layered_block,circular,per_chunk,16,16
9090,238666,242542,16,0,0,layered_block,circular,per_chunk,16,16
9091,229542,237791,16,0,0,layered_block,circular,per_chunk,16,16
9092,272750,276792,16,0,0,layered_block,circular,per_chunk,16,16
9093,249916,253750,16,0,0,layered_block,circular,per_chunk,16,16
9094,295291,299333,16,0,0,layered_block,circular,per_chunk,16,16
9095,254166,258042,16,0,0,layered_block,circular,per_chunk,16,16
9096,255500,259333,16,0,0,layered_block,circular,per_chunk,16,16
9097,249166,253000,16,0,0,layered_block,circular,per_chunk,16,16
9098,241292,245125,16,0,0,layered_block,circular,per_chunk,16,16
9099,238792,242625,16,0,0,layered_block,circular,per_chunk,16,16
9100,240375,244333,16,0,0,layered_block,circular,per_chunk,16,16
9101,242667,246459,16,0,0,layered_block,circular,per_chunk,16,16
9102,241084,244958,16,0,0,layered_block,circular,per_chunk,16,16
9103,241959,245791,16,0,0,layered_block,circular,per_chunk,16,16
9104,241583,245458,16,0,0,layered_block,circular,per_chunk,16,16
9105,250209,254083,16,0,0,layered_block,circular,per_chunk,16,16
9106,243959,247792,16,0,0,layered_block,circular,per_chunk,16,16
9107,247166,251042,16,0,0,layered_block,circular,per_chunk,16,16
9108,242167,246000,16,0,0,layered_block,circular,per_chunk,16,16
9109,238250,242083,16,0,0,layered_block,circular,per_chunk,16,16
9110,236833,240708,16,0,0,layered_block,circular,per_chunk,16,16
9111,229625,233500,16,0,0,layered_block,circular,per_chunk,16,16
9112,276542,280667,16,0,0,layered_block,circular,per_chunk,16,16
9113,232042,235875,16,0,0,layered_block,circular,per_chunk,16,16
9114,245083,248875,16,0,0,layered_block,circular,per_chunk,16,16
9115,239041,242875,16,0,0,layered_block,circular,per_chunk,16,16
9116,235083,239000,16,0,0,layered_block,circular,per_chunk,16,16
9117,236083,239917,16,0,0,layered_block,circular,per_chunk,16,16
9118,250250,254125,16,0,0,layered_block,circular,per_chunk,16,16
9119,253416,257208,16,0,0,layered_block,circular,per_chunk,16,16
9120,234250,238083,16,0,0,layered_block,circular,per_chunk,16,16
9121,237583,241417,16,0,0,layered_block,circular,per_chunk,16,16
9122,244208,248125,16,0,0,layered_block,circular,per_chunk,16,16
9123,246208,250042,16,0,0,layered_block,circular,per_chunk,16,16
9124,240459,244291,16,0,0,layered_block,circular,per_chunk,16,16
9125,237625,241584,16,0,0,layered_block,circular,per_chunk,16,16
9126,244709,248500,16,0,0,layered_block,circular,per_chunk,16,16
9127,236084,244250,16,0,0,layered_block,circular,per_chunk,16,16
9128,245834,249666,16,0,0,layered_block,circular,per_chunk,16,16
9129,243125,247042,16,0,0,layered_block,circular,per_chunk,16,16
9130,249417,253250,16,0,0,layered_block,circular,per_chunk,16,16
9131,248958,252834,16,0,0,layered_block,circular,per_chunk,16,16
9132,234709,238583,16,0,0,layered_block,circular,per_chunk,16,16
9133,234875,238708,16,0,0,layered_block,circular,per_chunk,16,16
9134,231166,234958,16,0,0,layered_block,circular,per_chunk,16,16
9135,243167,247000,16,0,0,layered_block,circular,per_chunk,16,16
9136,237500,241417,16,0,0,layered_block,circular,per_chunk,16,16
9137,241625,245458,16,0,0,layered_block,circular,per_chunk,16,16
9138,245208,249125,16,0,0,layered_block,circular,per_chunk,16,16
9139,242875,246667,16,0,0,layered_block,circular,per_chunk,16,16
9140,235833,240166,16,0,0,layered_block,circular,per_chunk,16,16
9141,249625,253500,16,0,0,layered_block,circular,per_chunk,16,16
9142,250625,254417,16,0,0,layered_block,circular,per_chunk,16,16
9143,240708,244667,16,0,0,layered_block,circular,per_chunk,16,16
9144,227750,231625,16,0,0,layered_block,circular,per_chunk,16,16
9145,243125,247000,16,0,0,layered_block,circular,per_chunk,16,16
9146,240834,244708,16,0,0,layered_block,circular,per_chunk,16,16
9147,238166,242250,16,0,0,layered_block,circular,per_chunk,16,16
9148,232041,235917,16,0,0,layered_block,circular,per_chunk,16,16
9149,290833,294917,16,0,0,layered_block,circular,per_chunk,16,16
9150,235375,239208,16,0,0,layered_block,circular,per_chunk,16,16
9151,237667,241500,16,0,0,layered_block,circular,per_chunk,16,16
9152,241292,245167,16,0,0,layered_block,circular,per_chunk,16,16
9153,248417,252250,16,0,0,layered_block,circular,per_chunk,16,16
9154,253000,256833,16,0,0,layered_block,circular,per_chunk,16,16
9155,287833,291917,16,0,0,layered_block,circular,per_chunk,16,16
9156,236875,240750,16,0,0,layered_block,circular,per_chunk,16,16
9157,242458,246250,16,0,0,layered_block,circular,per_chunk,16,16
9158,237042,240958,16,0,0,layered_block,circular,per_chunk,16,16
9159,250584,254416,16,0,0,layered_block,circular,per_chunk,16,16
9160,242833,246667,16,0,0,layered_block,circular,per_chunk,16,16
9161,235750,239625,16,0,0,layered_block,circular,per_chunk,16,16
9162,240084,243916,16,0,0,layered_block,circular,per_chunk,16,16
9163,240625,244458,16,0,0,layered_block,circular,per_chunk,16,16
9164,251791,255709,16,0,0,layered_block,circular,per_chunk,16,16
9165,249666,253500,16,0,0,layered_block,circular,per_chunk,16,16
9166,249791,253625,16,0,0,layered_block,circular,per_chunk,16,16
9167,239833,243625,16,0,0,layered_block,circular,per_chunk,16,16
9168,233500,237333,16,0,0,layered_block,circular,per_chunk,16,16
9169,240917,244708,16,0,0,layered_block,circular,per_chunk,16,16
9170,244125,247959,16,0,0,layered_block,circular,per_chunk,16,16
9171,233916,237750,16,0,0,layered_block,circular,per_chunk,16,16
9172,238208,242084,16,0,0,layered_block,circular,per_chunk,16,16
9173,242834,246708,16,0,0,layered_block,circular,per_chunk,16,16
9174,228708,232542,16,0,0,layered_block,circular,per_chunk,16,16
9175,229458,233375,16,0,0,layered_block,circular,per_chunk,16,16
9176,244125,248333,16,0,0,layered_block,circular,per_chunk,16,16
9177,248333,252167,16,0,0,layered_block,circular,per_chunk,16,16
9178,245875,249792,16,0,0,layered_block,circular,per_chunk,16,16
9179,250834,254708,16,0,0,layered_block,circular,per_chunk,16,16
9180,248709,252625,16,0,0,layered_block,circular,per_chunk,16,16
9181,244250,248125,16,0,0,layered_block,circular,per_chunk,16,16
9182,228750,232667,16,0,0,layered_block,circular,per_chunk,16,16
9183,231708,235583,16,0,0,layered_block,circular,per_chunk,16,16
9184,245833,249709,16,0,0,layered_block,circular,per_chunk,16,16
9185,237458,241334,16,0,0,layered_block,circular,per_chunk,16,16
9186,239583,243500,16,0,0,layered_block,circular,per_chunk,16,16
9187,242916,246958,16,0,0,layered_block,circular,per_chunk,16,16
9188,246667,250583,16,0,0,layered_block,circular,per_chunk,16,16
9189,245875,249750,16,0,0,layered_block,circular,per_chunk,16,16
9190,239584,243625,16,0,0,layered_block,circular,per_chunk,16,16
9191,229291,233208,16,0,0,layered_block,circular,per_chunk,16,16
9192,232458,236458,16,0,0,layered_block,circular,per_chunk,16,16
9193,232625,236542,16,0,0,layered_block,circular,per_chunk,16,16
9194,230958,234875,16,0,0,layered_block,circular,per_chunk,16,16
9195,225625,229500,16,0,0,layered_block,circular,per_chunk,16,16
9196,230958,234875,16,0,0,layered_block,circular,per_chunk,16,16
9197,229084,233000,16,0,0,layered_block,circular,per_chunk,16,16
9198,235333,239333,16,0,0,layered_block,circular,per_chunk,16,16
9199,247792,251584,16,0,0,layered_block,circular,per_chunk,16,16
9200,249708,253625,16,0,0,layered_block,circular,per_chunk,16,16
9201,256208,260083,16,0,0,layered_block,circular,per_chunk,16,16
9202,250792,254667,16,0,0,layered_block,circular,per_chunk,16,16
9203,242917,246791,16,0,0,layered_block,circular,per_chunk,16,16
9204,241750,245666,16,0,0,layered_block,circular,per_chunk,16,16
9205,244041,247959,16,0,0,layered_block,circular,per_chunk,16,16
9206,240792,244625,16,0,0,layered_block,circular,per_chunk,16,16
9207,237333,241291,16,0,0,layered_block,circular,per_chunk,16,16
9208,246291,250167,16,0,0,layered_block,circular,per_chunk,16,16
9209,231959,235917,16,0,0,layered_block,circular,per_chunk,16,16
9210,236916,240875,16,0,0,layered_block,circular,per_chunk,16,16
9211,249542,253417,16,0,0,layered_block,circular,per_chunk,16,16
9212,250166,254042,16,0,0,layered_block,circular,per_chunk,16,16
9213,249209,253083,16,0,0,layered_block,circular,per_chunk,16,16
9214,235833,239750,16,0,0,layered_block,circular,per_chunk,16,16
9215,238209,242083,16,0,0,layered_block,circular,per_chunk,16,16
9216,226084,230084,16,0,0,layered_block,circular,per_chunk,16,16
9217,229334,233166,16,0,0,layered_block,circular,per_chunk,16,16
9218,232208,236042,16,0,0,layered_block,circular,per_chunk,16,16
9219,244875,248792,16,0,0,layered_block,circular,per_chunk,16,16
9220,243250,247208,16,0,0,layered_block,circular,per_chunk,16,16
9221,238541,242417,16,0,0,layered_block,circular,per_chunk,16,16
9222,246166,250083,16,0,0,layered_block,circular,per_chunk,16,16
9223,233625,237500,16,0,0,layered_block,circular,per_chunk,16,16
9224,245667,249541,16,0,0,layered_block,circular,per_chunk,16,16
9225,247334,251208,16,0,0,layered_block,circular,per_chunk,16,16
9226,235000,239042,16,0,0,layered_block,circular,per_chunk,16,16
9227,241042,244916,16,0,0,layered_block,circular,per_chunk,16,16
9228,235917,244375,16,0,0,layered_block,circular,per_chunk,16,16
9229,244583,248417,16,0,0,layered_block,circular,per_chunk,16,16
9230,242791,246667,16,0,0,layered_block,circular,per_chunk,16,16
9231,242875,246750,16,0,0,layered_block,circular,per_chunk,16,16
9232,241083,245000,16,0,0,layered_block,circular,per_chunk,16,16
9233,237250,241166,16,0,0,layered_block,circular,per_chunk,16,16
9234,234916,239167,16,0,0,layered_block,circular,per_chunk,16,16
9235,250208,254083,16,0,0,layered_block,circular,per_chunk,16,16
9236,252042,255875,16,0,0,layered_block,circular,per_chunk,16,16
9237,247792,251625,16,0,0,layered_block,circular,per_chunk,16,16
9238,239541,243458,16,0,0,layered_block,circular,per_chunk,16,16
9239,238791,242750,16,0,0,layered_block,circular,per_chunk,16,16
9240,244208,248084,16,0,0,layered_block,circular,per_chunk,16,16
9241,237250,241167,16,0,0,layered_block,circular,per_chunk,16,16
9242,244458,248334,16,0,0,layered_block,circular,per_chunk,16,16
9243,241875,245791,16,0,0,layered_block,circular,per_chunk,16,16
9244,240417,244334,16,0,0,layered_block,circular,per_chunk,16,16
9245,235459,239291,16,0,0,layered_block,circular,per_chunk,16,16
9246,243917,247750,16,0,0,layered_block,circular,per_chunk,16,16
9247,250167,254041,16,0,0,layered_block,circular,per_chunk,16,16
9248,246458,250416,16,0,0,layered_block,circular,per_chunk,16,16
9249,241250,245125,16,0,0,layered_block,circular,per_chunk,16,16
9250,235708,243917,16,0,0,layered_block,circular,per_chunk,16,16
9251,232875,236791,16,0,0,layered_block,circular,per_chunk,16,16
9252,233542,237458,16,0,0,layered_block,circular,per_chunk,16,16
9253,242375,246250,16,0,0,layered_block,circular,per_chunk,16,16
9254,279208,283417,16,0,0,layered_block,circular,per_chunk,16,16
9255,239959,243833,16,0,0,layered_block,circular,per_chunk,16,16
9256,232750,236709,16,0,0,layered_block,circular,per_chunk,16,16
9257,235750,239625,16,0,0,layered_block,circular,per_chunk,16,16
9258,243875,247833,16,0,0,layered_block,circular,per_chunk,16,16
9259,248083,251875,16,0,0,layered_block,circular,per_chunk,16,16
9260,242875,246792,16,0,0,layered_block,circular,per_chunk,16,16
9261,239167,243042,16,0,0,layered_block,circular,per_chunk,16,16
9262,238000,241834,16,0,0,layered_block,circular,per_chunk,16,16
9263,239667,243583,16,0,0,layered_block,circular,per_chunk,16,16
9264,247166,251000,16,0,0,layered_block,circular,per_chunk,16,16
9265,234292,238500,16,0,0,layered_block,circular,per_chunk,16,16
9266,236417,240208,16,0,0,layered_block,circular,per_chunk,16,16
9267,238458,242333,16,0,0,layered_block,circular,per_chunk,16,16
9268,238791,242625,16,0,0,layered_block,circular,per_chunk,16,16
9269,240208,244042,16,0,0,layered_block,circular,per_chunk,16,16
9270,252167,255959,16,0,0,layered_block,circular,per_chunk,16,16
9271,250375,254208,16,0,0,layered_block,circular,per_chunk,16,16
9272,241458,245334,16,0,0,layered_block,circular,per_chunk,16,16
9273,243334,247208,16,0,0,layered_block,circular,per_chunk,16,16
9274,234709,238541,16,0,0,layered_block,circular,per_chunk,16,16
9275,237541,241417,16,0,0,layered_block,circular,per_chunk,16,16
9276,238542,242333,16,0,0,layered_block,circular,per_chunk,16,16
9277,237625,241500,16,0,0,layered_block,circular,per_chunk,16,16
9278,241833,245625,16,0,0,layered_block,circular,per_chunk,16,16
9279,220416,224208,16,0,0,layered_block,circular,per_chunk,16,16
9280,227833,231708,16,0,0,layered_block,circular,per_chunk,16,16
9281,242334,246166,16,0,0,layered_block,circular,per_chunk,16,16
9282,253333,257167,16,0,0,layered_block,circular,per_chunk,16,16
9283,250500,254375,16,0,0,layered_block,circular,per_chunk,16,16
9284,254958,258792,16,0,0,layered_block,circular,per_chunk,16,16
9285,250542,254375,16,0,0,layered_block,circular,per_chunk,16,16
9286,239500,243334,16,0,0,layered_block,circular,per_chunk,16,16
9287,230917,234709,16,0,0,layered_block,circular,per_chunk,16,16
9288,242375,246334,16,0,0,layered_block,circular,per_chunk,16,16
9289,238542,242416,16,0,0,layered_block,circular,per_chunk,16,16
9290,240750,244625,16,0,0,layered_block,circular,per_chunk,16,16
9291,238625,242500,16,0,0,layered_block,circular,per_chunk,16,16
9292,239875,243708,16,0,0,layered_block,circular,per_chunk,16,16
9293,241916,245792,16,0,0,layered_block,circular,per_chunk,16,16
9294,244875,248750,16,0,0,layered_block,circular,per_chunk,16,16
9295,244041,248041,16,0,0,layered_block,circular,per_chunk,16,16
9296,247125,250958,16,0,0,layered_block,circular,per_chunk,16,16
9297,231416,235375,16,0,0,layered_block,circular,per_chunk,16,16
9298,226958,230834,16,0,0,layered_block,circular,per_chunk,16,16
9299,234958,238875,16,0,0,layered_block,circular,per_chunk,16,16
9300,225458,229334,16,0,0,layered_block,circular,per_chunk,16,16
9301,232542,236375,16,0,0,layered_block,circular,per_chunk,16,16
9302,300708,306000,16,0,0,layered_block,circular,per_chunk,16,16
9303,244667,248542,16,0,0,layered_block,circular,per_chunk,16,16
9304,235083,238958,16,0,0,layered_block,circular,per_chunk,16,16
9305,236625,240417,16,0,0,layered_block,circular,per_chunk,16,16
9306,246250,250166,16,0,0,layered_block,circular,per_chunk,16,16
9307,246708,250583,16,0,0,layered_block,circular,per_chunk,16,16
9308,245500,249292,16,0,0,layered_block,circular,per_chunk,16,16
9309,230375,234250,16,0,0,layered_block,circular,per_chunk,16,16
9310,233292,237084,16,0,0,layered_block,circular,per_chunk,16,16
9311,244375,248166,16,0,0,layered_block,circular,per_chunk,16,16
9312,239625,243459,16,0,0,layered_block,circular,per_chunk,16,16
9313,246250,250083,16,0,0,layered_block,circular,per_chunk,16,16
9314,240791,244625,16,0,0,layered_block,circular,per_chunk,16,16
9315,235709,239583,16,0,0,layered_block,circular,per_chunk,16,16
9316,236000,239875,16,0,0,layered_block,circular,per_chunk,16,16
9317,250666,254542,16,0,0,layered_block,circular,per_chunk,16,16
9318,249833,253667,16,0,0,layered_block,circular,per_chunk,16,16
9319,247750,251583,16,0,0,layered_block,circular,per_chunk,16,16
9320,236333,240167,16,0,0,layered_block,circular,per_chunk,16,16
9321,227959,231917,16,0,0,layered_block,circular,per_chunk,16,16
9322,226708,230584,16,0,0,layered_block,circular,per_chunk,16,16
9323,239792,243625,16,0,0,layered_block,circular,per_chunk,16,16
9324,241709,245625,16,0,0,layered_block,circular,per_chunk,16,16
9325,236166,240000,16,0,0,layered_block,circular,per_chunk,16,16
9326,244417,248250,16,0,0,layered_block,circular,per_chunk,16,16
9327,241750,245583,16,0,0,layered_block,circular,per_chunk,16,16
9328,241708,245542,16,0,0,layered_block,circular,per_chunk,16,16
9329,241750,245667,16,0,0,layered_block,circular,per_chunk,16,16
9330,247542,251458,16,0,0,layered_block,circular,per_chunk,16,16
9331,245417,249291,16,0,0,layered_block,circular,per_chunk,16,16
9332,237833,241625,16,0,0,layered_block,circular,per_chunk,16,16
9333,238250,242167,16,0,0,layered_block,circular,per_chunk,16,16
9334,237667,241583,16,0,0,layered_block,circular,per_chunk,16,16
9335,289584,293625,16,0,0,layered_block,circular,per_chunk,16,16
9336,239959,243833,16,0,0,layered_block,circular,per_chunk,16,16
9337,297834,301875,16,0,0,layered_block,circular,per_chunk,16,16
9338,233333,237250,16,0,0,layered_block,circular,per_chunk,16,16
9339,235625,239541,16,0,0,layered_block,circular,per_chunk,16,16
9340,249333,253167,16,0,0,layered_block,circular,per_chunk,16,16
9341,250333,254209,16,0,0,layered_block,circular,per_chunk,16,16
9342,251291,255167,16,0,0,layered_block,circular,per_chunk,16,16
9343,292083,296250,16,0,0,layered_block,circular,per_chunk,16,16
9344,233250,237125,16,0,0,layered_block,circular,per_chunk,16,16
9345,240875,244750,16,0,0,layered_block,circular,per_chunk,16,16
9346,233125,237084,16,0,0,layered_block,circular,per_chunk,16,16
9347,248000,251875,16,0,0,layered_block,circular,per_chunk,16,16
9348,237792,241709,16,0,0,layered_block,circular,per_chunk,16,16
9349,232166,236083,16,0,0,layered_block,circular,per_chunk,16,16
9350,226583,230500,16,0,0,layered_block,circular,per_chunk,16,16
9351,235791,240042,16,0,0,layered_block,circular,per_chunk,16,16
9352,252084,256000,16,0,0,layered_block,circular,per_chunk,16,16
9353,247292,251208,16,0,0,layered_block,circular,per_chunk,16,16
9354,244375,248250,16,0,0,layered_block,circular,per_chunk,16,16
9355,238250,242125,16,0,0,layered_block,circular,per_chunk,16,16
9356,220791,224792,16,0,0,layered_block,circular,per_chunk,16,16
9357,233167,237042,16,0,0,layered_block,circular,per_chunk,16,16
9358,241166,245042,16,0,0,layered_block,circular,per_chunk,16,16
9359,231917,235791,16,0,0,layered_block,circular,per_chunk,16,16
9360,284833,288875,16,0,0,layered_block,circular,per_chunk,16,16
9361,237500,241417,16,0,0,layered_block,circular,per_chunk,16,16
9362,227458,231375,16,0,0,layered_block,circular,per_chunk,16,16
9363,235958,239959,16,0,0,layered_block,circular,per_chunk,16,16
9364,247625,251500,16,0,0,layered_block,circular,per_chunk,16,16
9365,244667,248500,16,0,0,layered_block,circular,per_chunk,16,16
9366,244416,248292,16,0,0,layered_block,circular,per_chunk,16,16
9367,241625,245500,16,0,0,layered_block,circular,per_chunk,16,16
9368,243875,247792,16,0,0,layered_block,circular,per_chunk,16,16
9369,244625,248500,16,0,0,layered_block,circular,per_chunk,16,16
9370,237750,241625,16,0,0,layered_block,circular,per_chunk,16,16
9371,230459,234375,16,0,0,layered_block,circular,per_chunk,16,16
9372,243584,247458,16,0,0,layered_block,circular,per_chunk,16,16
9373,240666,244500,16,0,0,layered_block,circular,per_chunk,16,16
9374,239041,242917,16,0,0,layered_block,circular,per_chunk,16,16
9375,245916,249792,16,0,0,layered_block,circular,per_chunk,16,16
9376,244875,248875,16,0,0,layered_block,circular,per_chunk,16,16
9377,245166,249042,16,0,0,layered_block,circular,per_chunk,16,16
9378,244625,248500,16,0,0,layered_block,circular,per_chunk,16,16
9379,229083,232958,16,0,0,layered_block,circular,per_chunk,16,16
9380,231083,234958,16,0,0,layered_block,circular,per_chunk,16,16
9381,239667,243667,16,0,0,layered_block,circular,per_chunk,16,16
9382,234542,238500,16,0,0,layered_block,circular,per_chunk,16,16
9383,233958,237792,16,0,0,layered_block,circular,per_chunk,16,16
9384,225083,228959,16,0,0,layered_block,circular,per_chunk,16,16
9385,227458,231292,16,0,0,layered_block,circular,per_chunk,16,16
9386,242208,246084,16,0,0,layered_block,circular,per_chunk,16,16
9387,253792,257709,16,0,0,layered_block,circular,per_chunk,16,16
9388,251583,255458,16,0,0,layered_block,circular,per_chunk,16,16
9389,255458,259375,16,0,0,layered_block,circular,per_chunk,16,16
9390,249083,252917,16,0,0,layered_block,circular,per_chunk,16,16
9391,237917,241791,16,0,0,layered_block,circular,per_chunk,16,16
9392,230292,234166,16,0,0,layered_block,circular,per_chunk,16,16
9393,241500,245375,16,0,0,layered_block,circular,per_chunk,16,16
9394,232917,237208,16,0,0,layered_block,circular,per_chunk,16,16
9395,243541,247459,16,0,0,layered_block,circular,per_chunk,16,16
9396,243125,247042,16,0,0,layered_block,circular,per_chunk,16,16
9397,240333,244209,16,0,0,layered_block,circular,per_chunk,16,16
9398,244292,248125,16,0,0,layered_block,circular,per_chunk,16,16
9399,251083,255000,16,0,0,layered_block,circular,per_chunk,16,16
9400,240500,244333,16,0,0,layered_block,circular,per_chunk,16,16
9401,243625,247583,16,0,0,layered_block,circular,per_chunk,16,16
9402,231500,235292,16,0,0,layered_block,circular,per_chunk,16,16
9403,224375,228417,16,0,0,layered_block,circular,per_chunk,16,16
9404,231875,235750,16,0,0,layered_block,circular,per_chunk,16,16
9405,222750,226625,16,0,0,layered_block,circular,per_chunk,16,16
9406,228125,232084,16,0,0,layered_block,circular,per_chunk,16,16
9407,236250,240125,16,0,0,layered_block,circular,per_chunk,16,16
9408,245792,249708,16,0,0,layered_block,circular,per_chunk,16,16
9409,235792,239708,16,0,0,layered_block,circular,per_chunk,16,16
9410,234458,238375,16,0,0,layered_block,circular,per_chunk,16,16
9411,247750,251625,16,0,0,layered_block,circular,per_chunk,16,16
9412,250125,254000,16,0,0,layered_block,circular,per_chunk,16,16
9413,245417,249209,16,0,0,layered_block,circular,per_chunk,16,16
9414,226833,230792,16,0,0,layered_block,circular,per_chunk,16,16
9415,232167,236041,16,0,0,layered_block,circular,per_chunk,16,16
9416,243875,247791,16,0,0,layered_block,circular,per_chunk,16,16
9417,239583,243459,16,0,0,layered_block,circular,per_chunk,16,16
9418,245334,249250,16,0,0,layered_block,circular,per_chunk,16,16
9419,239291,243125,16,0,0,layered_block,circular,per_chunk,16,16
9420,280584,284750,16,0,0,layered_block,circular,per_chunk,16,16
9421,237416,241250,16,0,0,layered_block,circular,per_chunk,16,16
9422,251291,255167,16,0,0,layered_block,circular,per_chunk,16,16
9423,244208,248000,16,0,0,layered_block,circular,per_chunk,16,16
9424,238000,241834,16,0,0,layered_block,circular,per_chunk,16,16
9425,243958,247791,16,0,0,layered_block,circular,per_chunk,16,16
9426,236500,240417,16,0,0,layered_block,circular,per_chunk,16,16
9427,227792,231666,16,0,0,layered_block,circular,per_chunk,16,16
9428,234834,238792,16,0,0,layered_block,circular,per_chunk,16,16
9429,243208,247042,16,0,0,layered_block,circular,per_chunk,16,16
9430,239250,243125,16,0,0,layered_block,circular,per_chunk,16,16
9431,238916,242833,16,0,0,layered_block,circular,per_chunk,16,16
9432,245292,249125,16,0,0,layered_block,circular,per_chunk,16,16
9433,237166,241166,16,0,0,layered_block,circular,per_chunk,16,16
9434,249125,252958,16,0,0,layered_block,circular,per_chunk,16,16
9435,233458,237333,16,0,0,layered_block,circular,per_chunk,16,16
9436,246417,250292,16,0,0,layered_block,circular,per_chunk,16,16
9437,236959,240833,16,0,0,layered_block,circular,per_chunk,16,16
9438,232833,236667,16,0,0,layered_block,circular,per_chunk,16,16
9439,237833,241666,16,0,0,layered_block,circular,per_chunk,16,16
9440,237458,241292,16,0,0,layered_block,circular,per_chunk,16,16
9441,238000,241792,16,0,0,layered_block,circular,per_chunk,16,16
9442,243667,247542,16,0,0,layered_block,circular,per_chunk,16,16
9443,231459,236792,16,0,0,layered_block,circular,per_chunk,16,16
9444,234583,238417,16,0,0,layered_block,circular,per_chunk,16,16
9445,243375,247208,16,0,0,layered_block,circular,per_chunk,16,16
9446,244333,248333,16,0,0,layered_block,circular,per_chunk,16,16
9447,286792,291000,16,0,0,layered_block,circular,per_chunk,16,16
9448,247416,251292,16,0,0,layered_block,circular,per_chunk,16,16
9449,280875,285041,16,0,0,layered_block,circular,per_chunk,16,16
9450,234542,238333,16,0,0,layered_block,circular,per_chunk,16,16
9451,237000,240917,16,0,0,layered_block,circular,per_chunk,16,16
9452,246000,249833,16,0,0,layered_block,circular,per_chunk,16,16
9453,243542,247417,16,0,0,layered_block,circular,per_chunk,16,16
9454,234541,238417,16,0,0,layered_block,circular,per_chunk,16,16
9455,226459,230292,16,0,0,layered_block,circular,per_chunk,16,16
9456,241958,245833,16,0,0,layered_block,circular,per_chunk,16,16
9457,248250,252083,16,0,0,layered_block,circular,per_chunk,16,16
9458,238375,242292,16,0,0,layered_block,circular,per_chunk,16,16
9459,234292,238167,16,0,0,layered_block,circular,per_chunk,16,16
9460,241709,245541,16,0,0,layered_block,circular,per_chunk,16,16
9461,232667,236500,16,0,0,layered_block,circular,per_chunk,16,16
9462,223375,227333,16,0,0,layered_block,circular,per_chunk,16,16
9463,236541,240500,16,0,0,layered_block,circular,per_chunk,16,16
9464,272625,276667,16,0,0,layered_block,circular,per_chunk,16,16
9465,230167,234042,16,0,0,layered_block,circular,per_chunk,16,16
9466,233958,237875,16,0,0,layered_block,circular,per_chunk,16,16
9467,230917,234750,16,0,0,layered_block,circular,per_chunk,16,16
9468,238041,241833,16,0,0,layered_block,circular,per_chunk,16,16
9469,242083,245958,16,0,0,layered_block,circular,per_chunk,16,16
9470,239541,243417,16,0,0,layered_block,circular,per_chunk,16,16
9471,238667,242625,16,0,0,layered_block,circular,per_chunk,16,16
9472,248458,252375,16,0,0,layered_block,circular,per_chunk,16,16
9473,250292,254167,16,0,0,layered_block,circular,per_chunk,16,16
9474,244375,248208,16,0,0,layered_block,circular,per_chunk,16,16
9475,232459,236292,16,0,0,layered_block,circular,per_chunk,16,16
9476,228042,231916,16,0,0,layered_block,circular,per_chunk,16,16
9477,241709,245541,16,0,0,layered_block,circular,per_chunk,16,16
9478,241333,245208,16,0,0,layered_block,circular,per_chunk,16,16
9479,235541,239417,16,0,0,layered_block,circular,per_chunk,16,16
9480,250291,254125,16,0,0,layered_block,circular,per_chunk,16,16
9481,249834,253708,16,0,0,layered_block,circular,per_chunk,16,16
9482,234166,238000,16,0,0,layered_block,circular,per_chunk,16,16
9483,246542,250375,16,0,0,layered_block,circular,per_chunk,16,16
9484,230125,234375,16,0,0,layered_block,circular,per_chunk,16,16
9485,262375,266375,16,0,0,layered_block,circular,per_chunk,16,16
9486,231875,235709,16,0,0,layered_block,circular,per_chunk,16,16
9487,237208,241042,16,0,0,layered_block,circular,per_chunk,16,16
9488,226333,230334,16,0,0,layered_block,circular,per_chunk,16,16
9489,227292,231167,16,0,0,layered_block,circular,per_chunk,16,16
9490,232333,236167,16,0,0,layered_block,circular,per_chunk,16,16
9491,240625,244541,16,0,0,layered_block,circular,per_chunk,16,16
9492,251375,255292,16,0,0,layered_block,circular,per_chunk,16,16
9493,249250,253083,16,0,0,layered_block,circular,per_chunk,16,16
9494,251209,255125,16,0,0,layered_block,circular,per_chunk,16,16
9495,253834,257750,16,0,0,layered_block,circular,per_chunk,16,16
9496,242625,246458,16,0,0,layered_block,circular,per_chunk,16,16
9497,227583,231583,16,0,0,layered_block,circular,per_chunk,16,16
9498,240041,243958,16,0,0,layered_block,circular,per_chunk,16,16
9499,236083,239959,16,0,0,layered_block,circular,per_chunk,16,16
9500,240084,244000,16,0,0,layered_block,circular,per_chunk,16,16
9501,242375,246209,16,0,0,layered_block,circular,per_chunk,16,16
9502,246250,250167,16,0,0,layered_block,circular,per_chunk,16,16
9503,242833,246750,16,0,0,layered_block,circular,per_chunk,16,16
9504,252959,256833,16,0,0,layered_block,circular,per_chunk,16,16
9505,240625,244500,16,0,0,layered_block,circular,per_chunk,16,16
9506,247041,251000,16,0,0,layered_block,circular,per_chunk,16,16
9507,241625,245542,16,0,0,layered_block,circular,per_chunk,16,16
9508,226750,230666,16,0,0,layered_block,circular,per_chunk,16,16
9509,216292,220125,16,0,0,layered_block,circular,per_chunk,16,16
9510,226791,230667,16,0,0,layered_block,circular,per_chunk,16,16
9511,233125,237000,16,0,0,layered_block,circular,per_chunk,16,16
9512,240084,244000,16,0,0,layered_block,circular,per_chunk,16,16
9513,246375,250250,16,0,0,layered_block,circular,per_chunk,16,16
9514,234084,238000,16,0,0,layered_block,circular,per_chunk,16,16
9515,288167,292292,16,0,0,layered_block,circular,per_chunk,16,16
9516,237916,241792,16,0,0,layered_block,circular,per_chunk,16,16
9517,239416,243292,16,0,0,layered_block,circular,per_chunk,16,16
9518,248958,252875,16,0,0,layered_block,circular,per_chunk,16,16
9519,237417,241250,16,0,0,layered_block,circular,per_chunk,16,16
9520,225333,229291,16,0,0,layered_block,circular,per_chunk,16,16
9521,229084,233000,16,0,0,layered_block,circular,per_chunk,16,16
9522,237084,240916,16,0,0,layered_block,circular,per_chunk,16,16
9523,238250,242084,16,0,0,layered_block,circular,per_chunk,16,16
9524,238000,241834,16,0,0,layered_block,circular,per_chunk,16,16
9525,235917,240167,16,0,0,layered_block,circular,per_chunk,16,16
9526,242916,246834,16,0,0,layered_block,circular,per_chunk,16,16
9527,241750,245708,16,0,0,layered_block,circular,per_chunk,16,16
9528,245875,249709,16,0,0,layered_block,circular,per_chunk,16,16
9529,234458,238375,16,0,0,layered_block,circular,per_chunk,16,16
9530,249000,252875,16,0,0,layered_block,circular,per_chunk,16,16
9531,233875,237791,16,0,0,layered_block,circular,per_chunk,16,16
9532,227584,231541,16,0,0,layered_block,circular,per_chunk,16,16
9533,235625,239584,16,0,0,layered_block,circular,per_chunk,16,16
9534,248083,252000,16,0,0,layered_block,circular,per_chunk,16,16
9535,234666,238625,16,0,0,layered_block,circular,per_chunk,16,16
9536,244125,248000,16,0,0,layered_block,circular,per_chunk,16,16
9537,238916,242750,16,0,0,layered_block,circular,per_chunk,16,16
9538,239125,243000,16,0,0,layered_block,circular,per_chunk,16,16
9539,241917,245833,16,0,0,layered_block,circular,per_chunk,16,16
9540,243833,247667,16,0,0,layered_block,circular,per_chunk,16,16
9541,238375,242375,16,0,0,layered_block,circular,per_chunk,16,16
9542,242083,245917,16,0,0,layered_block,circular,per_chunk,16,16
9543,229125,233000,16,0,0,layered_block,circular,per_chunk,16,16
9544,226333,230209,16,0,0,layered_block,circular,per_chunk,16,16
9545,233417,237708,16,0,0,layered_block,circular,per_chunk,16,16
9546,231791,235667,16,0,0,layered_block,circular,per_chunk,16,16
9547,235041,238917,16,0,0,layered_block,circular,per_chunk,16,16
9548,232750,236625,16,0,0,layered_block,circular,per_chunk,16,16
9549,240042,243958,16,0,0,layered_block,circular,per_chunk,16,16
9550,241292,245125,16,0,0,layered_block,circular,per_chunk,16,16
9551,257583,261667,16,0,0,layered_block,circular,per_chunk,16,16
9552,239959,243875,16,0,0,layered_block,circular,per_chunk,16,16
9553,246625,250500,16,0,0,layered_block,circular,per_chunk,16,16
9554,287208,291375,16,0,0,layered_block,circular,per_chunk,16,16
9555,218875,222709,16,0,0,layered_block,circular,per_chunk,16,16
9556,234833,238750,16,0,0,layered_block,circular,per_chunk,16,16
9557,239458,243375,16,0,0,layered_block,circular,per_chunk,16,16
9558,244333,248291,16,0,0,layered_block,circular,per_chunk,16,16
9559,230708,234542,16,0,0,layered_block,circular,per_chunk,16,16
9560,223583,227625,16,0,0,layered_block,circular,per_chunk,16,16
9561,236667,240584,16,0,0,layered_block,circular,per_chunk,16,16
9562,246833,250750,16,0,0,layered_block,circular,per_chunk,16,16
9563,249250,253083,16,0,0,layered_block,circular,per_chunk,16,16
9564,237583,241458,16,0,0,layered_block,circular,per_chunk,16,16
9565,243084,247000,16,0,0,layered_block,circular,per_chunk,16,16
9566,235125,239000,16,0,0,layered_block,circular,per_chunk,16,16
9567,219917,223833,16,0,0,layered_block,circular,per_chunk,16,16
9568,234417,238333,16,0,0,layered_block,circular,per_chunk,16,16
9569,233166,237042,16,0,0,layered_block,circular,per_chunk,16,16
9570,228583,232458,16,0,0,layered_block,circular,per_chunk,16,16
9571,233584,237458,16,0,0,layered_block,circular,per_chunk,16,16
9572,229666,233583,16,0,0,layered_block,circular,per_chunk,16,16
9573,233166,237042,16,0,0,layered_block,circular,per_chunk,16,16
9574,298709,303333,16,0,0,layered_block,circular,per_chunk,16,16
9575,248125,252000,16,0,0,layered_block,circular,per_chunk,16,16
9576,240958,244958,16,0,0,layered_block,circular,per_chunk,16,16
9577,249666,253584,16,0,0,layered_block,circular,per_chunk,16,16
9578,253458,257375,16,0,0,layered_block,circular,per_chunk,16,16
9579,246375,250208,16,0,0,layered_block,circular,per_chunk,16,16
9580,237000,240917,16,0,0,layered_block,circular,per_chunk,16,16
9581,218000,221959,16,0,0,layered_block,circular,per_chunk,16,16
9582,237959,241791,16,0,0,layered_block,circular,per_chunk,16,16
9583,239750,243625,16,0,0,layered_block,circular,per_chunk,16,16
9584,238792,242792,16,0,0,layered_block,circular,per_chunk,16,16
9585,243791,247709,16,0,0,layered_block,circular,per_chunk,16,16
9586,250333,254125,16,0,0,layered_block,circular,per_chunk,16,16
9587,239250,243166,16,0,0,layered_block,circular,per_chunk,16,16
9588,232292,236292,16,0,0,layered_block,circular,per_chunk,16,16
9589,242042,245917,16,0,0,layered_block,circular,per_chunk,16,16
9590,233417,237250,16,0,0,layered_block,circular,per_chunk,16,16
9591,226417,230292,16,0,0,layered_block,circular,per_chunk,16,16
9592,237292,241125,16,0,0,layered_block,circular,per_chunk,16,16
9593,266333,270458,16,0,0,layered_block,circular,per_chunk,16,16
9594,229875,233750,16,0,0,layered_block,circular,per_chunk,16,16
9595,236125,239958,16,0,0,layered_block,circular,per_chunk,16,16
9596,242041,245875,16,0,0,layered_block,circular,per_chunk,16,16
9597,240333,244250,16,0,0,layered_block,circular,per_chunk,16,16
9598,244375,248209,16,0,0,layered_block,circular,per_chunk,16,16
9599,247750,251625,16,0,0,layered_block,circular,per_chunk,16,16
9600,254042,257834,16,0,0,layered_block,circular,per_chunk,16,16
9601,292917,297125,16,0,0,layered_block,circular,per_chunk,16,16
9602,229958,233917,16,0,0,layered_block,circular,per_chunk,16,16
9603,232709,236542,16,0,0,layered_block,circular,per_chunk,16,16
9604,237000,240875,16,0,0,layered_block,circular,per_chunk,16,16
9605,232833,236709,16,0,0,layered_block,circular,per_chunk,16,16
9606,239083,243167,16,0,0,layered_block,circular,per_chunk,16,16
9607,235416,239292,16,0,0,layered_block,circular,per_chunk,16,16
9608,242250,246125,16,0,0,layered_block,circular,per_chunk,16,16
9609,240750,244667,16,0,0,layered_block,circular,per_chunk,16,16
9610,247792,251667,16,0,0,layered_block,circular,per_chunk,16,16
9611,234333,238208,16,0,0,layered_block,circular,per_chunk,16,16
9612,247250,251083,16,0,0,layered_block,circular,per_chunk,16,16
9613,235708,239625,16,0,0,layered_block,circular,per_chunk,16,16
9614,229375,233250,16,0,0,layered_block,circular,per_chunk,16,16
9615,221917,225791,16,0,0,layered_block,circular,per_chunk,16,16
9616,228334,232208,16,0,0,layered_block,circular,per_chunk,16,16
9617,241083,244958,16,0,0,layered_block,circular,per_chunk,16,16
9618,240209,248125,16,0,0,layered_block,circular,per_chunk,16,16
9619,234125,237958,16,0,0,layered_block,circular,per_chunk,16,16
9620,247583,251459,16,0,0,layered_block,circular,per_chunk,16,16
9621,234167,238041,16,0,0,layered_block,circular,per_chunk,16,16
9622,221167,225125,16,0,0,layered_block,circular,per_chunk,16,16
9623,237250,241459,16,0,0,layered_block,circular,per_chunk,16,16
9624,238667,242542,16,0,0,layered_block,circular,per_chunk,16,16
9625,227083,231042,16,0,0,layered_block,circular,per_chunk,16,16
9626,228250,232042,16,0,0,layered_block,circular,per_chunk,16,16
9627,240000,243833,16,0,0,layered_block,circular,per_chunk,16,16
9628,236292,240166,16,0,0,layered_block,circular,per_chunk,16,16
9629,230958,234834,16,0,0,layered_block,circular,per_chunk,16,16
9630,240458,244292,16,0,0,layered_block,circular,per_chunk,16,16
9631,242458,246333,16,0,0,layered_block,circular,per_chunk,16,16
9632,235459,239333,16,0,0,layered_block,circular,per_chunk,16,16
9633,248125,252000,16,0,0,layered_block,circular,per_chunk,16,16
9634,242875,246750,16,0,0,layered_block,circular,per_chunk,16,16
9635,243959,247791,16,0,0,layered_block,circular,per_chunk,16,16
9636,245750,249625,16,0,0,layered_block,circular,per_chunk,16,16
9637,234708,238584,16,0,0,layered_block,circular,per_chunk,16,16
9638,237292,241209,16,0,0,layered_block,circular,per_chunk,16,16
9639,244833,248709,16,0,0,layered_block,circular,per_chunk,16,16
9640,280958,284958,16,0,0,layered_block,circular,per_chunk,16,16
9641,236583,240459,16,0,0,layered_block,circular,per_chunk,16,16
9642,243625,247500,16,0,0,layered_block,circular,per_chunk,16,16
9643,237416,241292,16,0,0,layered_block,circular,per_chunk,16,16
9644,239250,243083,16,0,0,layered_block,circular,per_chunk,16,16
9645,248625,252459,16,0,0,layered_block,circular,per_chunk,16,16
9646,236083,239958,16,0,0,layered_block,circular,per_chunk,16,16
9647,242375,246166,16,0,0,layered_block,circular,per_chunk,16,16
9648,235792,239625,16,0,0,layered_block,circular,per_chunk,16,16
9649,222375,226291,16,0,0,layered_block,circular,per_chunk,16,16
9650,228458,232292,16,0,0,layered_block,circular,per_chunk,16,16
9651,235083,238959,16,0,0,layered_block,circular,per_chunk,16,16
9652,239042,242875,16,0,0,layered_block,circular,per_chunk,16,16
9653,284209,288375,16,0,0,layered_block,circular,per_chunk,16,16
9654,241416,245292,16,0,0,layered_block,circular,per_chunk,16,16
9655,235375,239334,16,0,0,layered_block,circular,per_chunk,16,16
9656,242209,246083,16,0,0,layered_block,circular,per_chunk,16,16
9657,244083,247958,16,0,0,layered_block,circular,per_chunk,16,16
9658,235334,239166,16,0,0,layered_block,circular,per_chunk,16,16
9659,241334,245208,16,0,0,layered_block,circular,per_chunk,16,16
9660,230083,234000,16,0,0,layered_block,circular,per_chunk,16,16
9661,232917,236875,16,0,0,layered_block,circular,per_chunk,16,16
9662,244209,248083,16,0,0,layered_block,circular,per_chunk,16,16
9663,245250,249167,16,0,0,layered_block,circular,per_chunk,16,16
9664,229833,233750,16,0,0,layered_block,circular,per_chunk,16,16
9665,231667,235542,16,0,0,layered_block,circular,per_chunk,16,16
9666,244458,248417,16,0,0,layered_block,circular,per_chunk,16,16
9667,236542,240500,16,0,0,layered_block,circular,per_chunk,16,16
9668,249500,253416,16,0,0,layered_block,circular,per_chunk,16,16
9669,240209,244167,16,0,0,layered_block,circular,per_chunk,16,16
9670,243375,247417,16,0,0,layered_block,circular,per_chunk,16,16
9671,240875,244792,16,0,0,layered_block,circular,per_chunk,16,16
9672,231500,235333,16,0,0,layered_block,circular,per_chunk,16,16
9673,226792,230791,16,0,0,layered_block,circular,per_chunk,16,16
9674,229958,233833,16,0,0,layered_block,circular,per_chunk,16,16
9675,233167,237042,16,0,0,layered_block,circular,per_chunk,16,16
9676,239875,243709,16,0,0,layered_block,circular,per_chunk,16,16
9677,237458,241375,16,0,0,layered_block,circular,per_chunk,16,16
9678,235959,239833,16,0,0,layered_block,circular,per_chunk,16,16
9679,287292,291458,16,0,0,layered_block,circular,per_chunk,16,16
9680,247333,251250,16,0,0,layered_block,circular,per_chunk,16,16
9681,242000,245916,16,0,0,layered_block,circular,per_chunk,16,16
9682,248625,252458,16,0,0,layered_block,circular,per_chunk,16,16
9683,253458,257334,16,0,0,layered_block,circular,per_chunk,16,16
9684,249709,253541,16,0,0,layered_block,circular,per_chunk,16,16
9685,237583,241541,16,0,0,layered_block,circular,per_chunk,16,16
9686,224792,228792,16,0,0,layered_block,circular,per_chunk,16,16
9687,279958,284125,16,0,0,layered_block,circular,per_chunk,16,16
9688,240166,244000,16,0,0,layered_block,circular,per_chunk,16,16
9689,239500,243417,16,0,0,layered_block,circular,per_chunk,16,16
9690,240625,244500,16,0,0,layered_block,circular,per_chunk,16,16
9691,238541,242541,16,0,0,layered_block,circular,per_chunk,16,16
9692,247792,251666,16,0,0,layered_block,circular,per_chunk,16,16
9693,241375,245250,16,0,0,layered_block,circular,per_chunk,16,16
9694,244500,248375,16,0,0,layered_block,circular,per_chunk,16,16
9695,232125,236125,16,0,0,layered_block,circular,per_chunk,16,16
9696,227125,230958,16,0,0,layered_block,circular,per_chunk,16,16
9697,233541,237417,16,0,0,layered_block,circular,per_chunk,16,16
9698,223500,227584,16,0,0,layered_block,circular,per_chunk,16,16
9699,226042,229916,16,0,0,layered_block,circular,per_chunk,16,16
9700,271375,280000,16,0,0,layered_block,circular,per_chunk,16,16
9701,244125,248000,16,0,0,layered_block,circular,per_chunk,16,16
9702,238041,241917,16,0,0,layered_block,circular,per_chunk,16,16
9703,238542,242416,16,0,0,layered_block,circular,per_chunk,16,16
9704,236000,240333,16,0,0,layered_block,circular,per_chunk,16,16
9705,251083,255042,16,0,0,layered_block,circular,per_chunk,16,16
9706,248583,252459,16,0,0,layered_block,circular,per_chunk,16,16
9707,232584,236500,16,0,0,layered_block,circular,per_chunk,16,16
9708,226292,230125,16,0,0,layered_block,circular,per_chunk,16,16
9709,227416,231458,16,0,0,layered_block,circular,per_chunk,16,16
9710,233709,237583,16,0,0,layered_block,circular,per_chunk,16,16
9711,238125,242000,16,0,0,layered_block,circular,per_chunk,16,16
9712,239583,243500,16,0,0,layered_block,circular,per_chunk,16,16
9713,243959,247958,16,0,0,layered_block,circular,per_chunk,16,16
9714,235583,239583,16,0,0,layered_block,circular,per_chunk,16,16
9715,250583,254542,16,0,0,layered_block,circular,per_chunk,16,16
9716,244292,248167,16,0,0,layered_block,circular,per_chunk,16,16
9717,240083,243959,16,0,0,layered_block,circular,per_chunk,16,16
9718,237500,241500,16,0,0,layered_block,circular,per_chunk,16,16
9719,231959,235917,16,0,0,layered_block,circular,per_chunk,16,16
9720,224666,228583,16,0,0,layered_block,circular,per_chunk,16,16
9721,223458,227416,16,0,0,layered_block,circular,per_chunk,16,16
9722,239042,242917,16,0,0,layered_block,circular,per_chunk,16,16
9723,244333,248167,16,0,0,layered_block,circular,per_chunk,16,16
9724,233333,237166,16,0,0,layered_block,circular,per_chunk,16,16
9725,246084,250042,16,0,0,layered_block,circular,per_chunk,16,16
9726,235500,239417,16,0,0,layered_block,circular,per_chunk,16,16
9727,231042,234875,16,0,0,layered_block,circular,per_chunk,16,16
9728,230416,234334,16,0,0,layered_block,circular,per_chunk,16,16
9729,240583,244375,16,0,0,layered_block,circular,per_chunk,16,16
9730,238708,242583,16,0,0,layered_block,circular,per_chunk,16,16
9731,230583,234500,16,0,0,layered_block,circular,per_chunk,16,16
9732,228041,232333,16,0,0,layered_block,circular,per_chunk,16,16
9733,278417,282750,16,0,0,layered_block,circular,per_chunk,16,16
9734,238292,242167,16,0,0,layered_block,circular,per_chunk,16,16
9735,239875,243709,16,0,0,layered_block,circular,per_chunk,16,16
9736,238041,241959,16,0,0,layered_block,circular,per_chunk,16,16
9737,238209,242041,16,0,0,layered_block,circular,per_chunk,16,16
9738,241833,245667,16,0,0,layered_block,circular,per_chunk,16,16
9739,243000,246917,16,0,0,layered_block,circular,per_chunk,16,16
9740,239208,243042,16,0,0,layered_block,circular,per_chunk,16,16
9741,242708,246750,16,0,0,layered_block,circular,per_chunk,16,16
9742,240166,244042,16,0,0,layered_block,circular,per_chunk,16,16
9743,232917,236792,16,0,0,layered_block,circular,per_chunk,16,16
9744,241042,244958,16,0,0,layered_block,circular,per_chunk,16,16
9745,236750,240583,16,0,0,layered_block,circular,per_chunk,16,16
9746,242083,246000,16,0,0,layered_block,circular,per_chunk,16,16
9747,239292,243167,16,0,0,layered_block,circular,per_chunk,16,16
9748,229292,233250,16,0,0,layered_block,circular,per_chunk,16,16
9749,230875,234833,16,0,0,layered_block,circular,per_chunk,16,16
9750,287750,291917,16,0,0,layered_block,circular,per_chunk,16,16
9751,245417,249292,16,0,0,layered_block,circular,per_chunk,16,16
9752,236792,240667,16,0,0,layered_block,circular,per_chunk,16,16
9753,235875,239750,16,0,0,layered_block,circular,per_chunk,16,16
9754,228083,232000,16,0,0,layered_block,circular,per_chunk,16,16
9755,227708,231500,16,0,0,layered_block,circular,per_chunk,16,16
9756,232125,235958,16,0,0,layered_block,circular,per_chunk,16,16
9757,231375,235167,16,0,0,layered_block,circular,per_chunk,16,16
9758,239042,242916,16,0,0,layered_block,circular,per_chunk,16,16
9759,244375,248250,16,0,0,layered_block,circular,per_chunk,16,16
9760,235833,239708,16,0,0,layered_block,circular,per_chunk,16,16
9761,232292,236084,16,0,0,layered_block,circular,per_chunk,16,16
9762,245125,249041,16,0,0,layered_block,circular,per_chunk,16,16
9763,240334,244084,16,0,0,layered_block,circular,per_chunk,16,16
9764,230125,234000,16,0,0,layered_block,circular,per_chunk,16,16
9765,234958,238792,16,0,0,layered_block,circular,per_chunk,16,16
9766,240459,244333,16,0,0,layered_block,circular,per_chunk,16,16
9767,243083,247000,16,0,0,layered_block,circular,per_chunk,16,16
9768,244417,248333,16,0,0,layered_block,circular,per_chunk,16,16
9769,236292,240084,16,0,0,layered_block,circular,per_chunk,16,16
9770,233334,237208,16,0,0,layered_block,circular,per_chunk,16,16
9771,242500,246292,16,0,0,layered_block,circular,per_chunk,16,16
9772,234167,238084,16,0,0,layered_block,circular,per_chunk,16,16
9773,236834,244708,16,0,0,layered_block,circular,per_chunk,16,16
9774,245416,249375,16,0,0,layered_block,circular,per_chunk,16,16
9775,242084,245875,16,0,0,layered_block,circular,per_chunk,16,16
9776,237958,241875,16,0,0,layered_block,circular,per_chunk,16,16
9777,229708,233625,16,0,0,layered_block,circular,per_chunk,16,16
9778,225917,229750,16,0,0,layered_block,circular,per_chunk,16,16
9779,228959,232750,16,0,0,layered_block,circular,per_chunk,16,16
9780,233209,236959,16,0,0,layered_block,circular,per_chunk,16,16
9781,238500,242375,16,0,0,layered_block,circular,per_chunk,16,16
9782,234500,238375,16,0,0,layered_block,circular,per_chunk,16,16
9783,228000,231875,16,0,0,layered_block,circular,per_chunk,16,16
9784,235917,239833,16,0,0,layered_block,circular,per_chunk,16,16
9785,241458,245334,16,0,0,layered_block,circular,per_chunk,16,16
9786,242917,246791,16,0,0,layered_block,circular,per_chunk,16,16
9787,292375,296750,16,0,0,layered_block,circular,per_chunk,16,16
9788,252667,256500,16,0,0,layered_block,circular,per_chunk,16,16
9789,246792,256083,16,0,0,layered_block,circular,per_chunk,16,16
9790,238666,242458,16,0,0,layered_block,circular,per_chunk,16,16
9791,230959,234792,16,0,0,layered_block,circular,per_chunk,16,16
9792,227958,231750,16,0,0,layered_block,circular,per_chunk,16,16
9793,239834,243666,16,0,0,layered_block,circular,per_chunk,16,16
9794,237959,241917,16,0,0,layered_block,circular,per_chunk,16,16
9795,240750,244625,16,0,0,layered_block,circular,per_chunk,16,16
9796,240083,243875,16,0,0,layered_block,circular,per_chunk,16,16
9797,242125,246125,16,0,0,layered_block,circular,per_chunk,16,16
9798,241875,249792,16,0,0,layered_block,circular,per_chunk,16,16
9799,232875,236792,16,0,0,layered_block,circular,per_chunk,16,16
9800,241750,245583,16,0,0,layered_block,circular,per_chunk,16,16
9801,236750,240584,16,0,0,layered_block,circular,per_chunk,16,16
9802,222000,225916,16,0,0,layered_block,circular,per_chunk,16,16
9803,225125,229000,16,0,0,layered_block,circular,per_chunk,16,16
9804,229791,233583,16,0,0,layered_block,circular,per_chunk,16,16
9805,236875,240750,16,0,0,layered_block,circular,per_chunk,16,16
9806,244292,248208,16,0,0,layered_block,circular,per_chunk,16,16
9807,239458,243250,16,0,0,layered_block,circular,per_chunk,16,16
9808,220625,224458,16,0,0,layered_block,circular,per_chunk,16,16
9809,227042,231042,16,0,0,layered_block,circular,per_chunk,16,16
9810,238875,242709,16,0,0,layered_block,circular,per_chunk,16,16
9811,249875,253666,16,0,0,layered_block,circular,per_chunk,16,16
9812,240792,244625,16,0,0,layered_block,circular,per_chunk,16,16
9813,232875,236917,16,0,0,layered_block,circular,per_chunk,16,16
9814,230500,234417,16,0,0,layered_block,circular,per_chunk,16,16
9815,234000,237917,16,0,0,layered_block,circular,per_chunk,16,16
9816,239625,243500,16,0,0,layered_block,circular,per_chunk,16,16
9817,237333,241166,16,0,0,layered_block,circular,per_chunk,16,16
9818,236792,240750,16,0,0,layered_block,circular,per_chunk,16,16
9819,231584,235458,16,0,0,layered_block,circular,per_chunk,16,16
9820,242458,246250,16,0,0,layered_block,circular,per_chunk,16,16
9821,242917,246667,16,0,0,layered_block,circular,per_chunk,16,16
9822,240875,244750,16,0,0,layered_block,circular,per_chunk,16,16
9823,239500,243333,16,0,0,layered_block,circular,per_chunk,16,16
9824,238208,242167,16,0,0,layered_block,circular,per_chunk,16,16
9825,231500,235375,16,0,0,layered_block,circular,per_chunk,16,16
9826,226958,230917,16,0,0,layered_block,circular,per_chunk,16,16
9827,238584,242416,16,0,0,layered_block,circular,per_chunk,16,16
9828,289625,293667,16,0,0,layered_block,circular,per_chunk,16,16
9829,225125,229042,16,0,0,layered_block,circular,per_chunk,16,16
9830,238500,242417,16,0,0,layered_block,circular,per_chunk,16,16
9831,244959,248833,16,0,0,layered_block,circular,per_chunk,16,16
9832,231667,235541,16,0,0,layered_block,circular,per_chunk,16,16
9833,242583,246500,16,0,0,layered_block,circular,per_chunk,16,16
9834,237000,240833,16,0,0,layered_block,circular,per_chunk,16,16
9835,243833,247709,16,0,0,layered_block,circular,per_chunk,16,16
9836,232000,235958,16,0,0,layered_block,circular,per_chunk,16,16
9837,223875,227791,16,0,0,layered_block,circular,per_chunk,16,16
9838,227958,231916,16,0,0,layered_block,circular,per_chunk,16,16
9839,281958,286084,16,0,0,layered_block,circular,per_chunk,16,16
9840,238417,242333,16,0,0,layered_block,circular,per_chunk,16,16
9841,237375,241333,16,0,0,layered_block,circular,per_chunk,16,16
9842,229209,233125,16,0,0,layered_block,circular,per_chunk,16,16
9843,232250,236125,16,0,0,layered_block,circular,per_chunk,16,16
9844,248125,252041,16,0,0,layered_block,circular,per_chunk,16,16
9845,239541,243417,16,0,0,layered_block,circular,per_chunk,16,16
9846,243041,246875,16,0,0,layered_block,circular,per_chunk,16,16
9847,236666,240625,16,0,0,layered_block,circular,per_chunk,16,16
9848,225292,229208,16,0,0,layered_block,circular,per_chunk,16,16
9849,232542,236375,16,0,0,layered_block,circular,per_chunk,16,16
9850,235542,239416,16,0,0,layered_block,circular,per_chunk,16,16
9851,241125,245000,16,0,0,layered_block,circular,per_chunk,16,16
9852,245334,249208,16,0,0,layered_block,circular,per_chunk,16,16
9853,225333,229208,16,0,0,layered_block,circular,per_chunk,16,16
9854,222916,226792,16,0,0,layered_block,circular,per_chunk,16,16
9855,232959,236916,16,0,0,layered_block,circular,per_chunk,16,16
9856,247958,251833,16,0,0,layered_block,circular,per_chunk,16,16
9857,237625,241500,16,0,0,layered_block,circular,per_chunk,16,16
9858,228542,232458,16,0,0,layered_block,circular,per_chunk,16,16
9859,238750,242667,16,0,0,layered_block,circular,per_chunk,16,16
9860,226291,230250,16,0,0,layered_block,circular,per_chunk,16,16
9861,232500,236375,16,0,0,layered_block,circular,per_chunk,16,16
9862,235166,239042,16,0,0,layered_block,circular,per_chunk,16,16
9863,279875,283959,16,0,0,layered_block,circular,per_chunk,16,16
9864,237791,241709,16,0,0,layered_block,circular,per_chunk,16,16
9865,242792,246667,16,0,0,layered_block,circular,per_chunk,16,16
9866,230042,233916,16,0,0,layered_block,circular,per_chunk,16,16
9867,236375,240208,16,0,0,layered_block,circular,per_chunk,16,16
9868,241458,245416,16,0,0,layered_block,circular,per_chunk,16,16
9869,239500,243375,16,0,0,layered_block,circular,per_chunk,16,16
9870,234583,238500,16,0,0,layered_block,circular,per_chunk,16,16
9871,245125,249250,16,0,0,layered_block,circular,per_chunk,16,16
9872,247792,251625,16,0,0,layered_block,circular,per_chunk,16,16
9873,240084,244083,16,0,0,layered_block,circular,per_chunk,16,16
9874,238417,242292,16,0,0,layered_block,circular,per_chunk,16,16
9875,225292,229209,16,0,0,layered_block,circular,per_chunk,16,16
9876,237791,241750,16,0,0,layered_block,circular,per_chunk,16,16
9877,238209,242083,16,0,0,layered_block,circular,per_chunk,16,16
9878,282333,286542,16,0,0,layered_block,circular,per_chunk,16,16
9879,241542,245500,16,0,0,layered_block,circular,per_chunk,16,16
9880,288416,292542,16,0,0,layered_block,circular,per_chunk,16,16
9881,238959,242875,16,0,0,layered_block,circular,per_chunk,16,16
9882,234333,238292,16,0,0,layered_block,circular,per_chunk,16,16
9883,235792,239667,16,0,0,layered_block,circular,per_chunk,16,16
9884,226125,230042,16,0,0,layered_block,circular,per_chunk,16,16
9885,238834,285375,16,0,0,layered_block,circular,per_chunk,16,16
9886,237042,240959,16,0,0,layered_block,circular,per_chunk,16,16
9887,232834,236666,16,0,0,layered_block,circular,per_chunk,16,16
9888,232709,236583,16,0,0,layered_block,circular,per_chunk,16,16
9889,230500,234416,16,0,0,layered_block,circular,per_chunk,16,16
9890,243583,247458,16,0,0,layered_block,circular,per_chunk,16,16
9891,245584,249500,16,0,0,layered_block,circular,per_chunk,16,16
9892,242333,246333,16,0,0,layered_block,circular,per_chunk,16,16
9893,249917,253791,16,0,0,layered_block,circular,per_chunk,16,16
9894,247625,251500,16,0,0,layered_block,circular,per_chunk,16,16
9895,244625,248542,16,0,0,layered_block,circular,per_chunk,16,16
9896,231458,235459,16,0,0,layered_block,circular,per_chunk,16,16
9897,228125,232000,16,0,0,layered_block,circular,per_chunk,16,16
9898,232958,236875,16,0,0,layered_block,circular,per_chunk,16,16
9899,232166,236208,16,0,0,layered_block,circular,per_chunk,16,16
9900,245667,249625,16,0,0,layered_block,circular,per_chunk,16,16
9901,237209,241083,16,0,0,layered_block,circular,per_chunk,16,16
9902,240958,244792,16,0,0,layered_block,circular,per_chunk,16,16
9903,247542,251458,16,0,0,layered_block,circular,per_chunk,16,16
9904,243041,247042,16,0,0,layered_block,circular,per_chunk,16,16
9905,236417,240292,16,0,0,layered_block,circular,per_chunk,16,16
9906,239416,243334,16,0,0,layered_block,circular,per_chunk,16,16
9907,231083,235000,16,0,0,layered_block,circular,per_chunk,16,16
9908,221417,225375,16,0,0,layered_block,circular,per_chunk,16,16
9909,226500,230375,16,0,0,layered_block,circular,per_chunk,16,16
9910,235083,238959,16,0,0,layered_block,circular,per_chunk,16,16
9911,238042,242000,16,0,0,layered_block,circular,per_chunk,16,16
9912,245084,249000,16,0,0,layered_block,circular,per_chunk,16,16
9913,277583,281708,16,0,0,layered_block,circular,per_chunk,16,16
9914,225625,229583,16,0,0,layered_block,circular,per_chunk,16,16
9915,231875,235750,16,0,0,layered_block,circular,per_chunk,16,16
9916,242834,246666,16,0,0,layered_block,circular,per_chunk,16,16
9917,244875,248750,16,0,0,layered_block,circular,per_chunk,16,16
9918,234041,237916,16,0,0,layered_block,circular,per_chunk,16,16
9919,235167,239042,16,0,0,layered_block,circular,per_chunk,16,16
9920,234584,238458,16,0,0,layered_block,circular,per_chunk,16,16
9921,237334,241208,16,0,0,layered_block,circular,per_chunk,16,16
9922,237583,241458,16,0,0,layered_block,circular,per_chunk,16,16
9923,237792,241625,16,0,0,layered_block,circular,per_chunk,16,16
9924,238750,242625,16,0,0,layered_block,circular,per_chunk,16,16
9925,235958,239792,16,0,0,layered_block,circular,per_chunk,16,16
9926,286375,290459,16,0,0,layered_block,circular,per_chunk,16,16
9927,246125,250000,16,0,0,layered_block,circular,per_chunk,16,16
9928,278083,282209,16,0,0,layered_block,circular,per_chunk,16,16
9929,235375,239250,16,0,0,layered_block,circular,per_chunk,16,16
9930,238041,241917,16,0,0,layered_block,circular,per_chunk,16,16
9931,237583,241375,16,0,0,layered_block,circular,per_chunk,16,16
9932,236459,240291,16,0,0,layered_block,circular,per_chunk,16,16
9933,244917,248792,16,0,0,layered_block,circular,per_chunk,16,16
9934,230917,234834,16,0,0,layered_block,circular,per_chunk,16,16
9935,238167,242000,16,0,0,layered_block,circular,per_chunk,16,16
9936,242167,246083,16,0,0,layered_block,circular,per_chunk,16,16
9937,238750,242625,16,0,0,layered_block,circular,per_chunk,16,16
9938,240292,244167,16,0,0,layered_block,circular,per_chunk,16,16
9939,238666,242584,16,0,0,layered_block,circular,per_chunk,16,16
9940,229292,233167,16,0,0,layered_block,circular,per_chunk,16,16
9941,233125,237000,16,0,0,layered_block,circular,per_chunk,16,16
9942,234458,238333,16,0,0,layered_block,circular,per_chunk,16,16
9943,227708,231584,16,0,0,layered_block,circular,per_chunk,16,16
9944,231750,235625,16,0,0,layered_block,circular,per_chunk,16,16
9945,242667,246541,16,0,0,layered_block,circular,per_chunk,16,16
9946,237333,241209,16,0,0,layered_block,circular,per_chunk,16,16
9947,239750,243584,16,0,0,layered_block,circular,per_chunk,16,16
9948,232167,236000,16,0,0,layered_block,circular,per_chunk,16,16
9949,236541,240417,16,0,0,layered_block,circular,per_chunk,16,16
9950,240708,244583,16,0,0,layered_block,circular,per_chunk,16,16
9951,232667,236542,16,0,0,layered_block,circular,per_chunk,16,16
9952,224500,228458,16,0,0,layered_block,circular,per_chunk,16,16
9953,231833,236042,16,0,0,layered_block,circular,per_chunk,16,16
9954,235750,239583,16,0,0,layered_block,circular,per_chunk,16,16
9955,234792,238625,16,0,0,layered_block,circular,per_chunk,16,16
9956,232583,236459,16,0,0,layered_block,circular,per_chunk,16,16
9957,236125,239958,16,0,0,layered_block,circular,per_chunk,16,16
9958,226083,229875,16,0,0,layered_block,circular,per_chunk,16,16
9959,231917,235750,16,0,0,layered_block,circular,per_chunk,16,16
9960,228750,232667,16,0,0,layered_block,circular,per_chunk,16,16
9961,232458,236334,16,0,0,layered_block,circular,per_chunk,16,16
9962,234625,238541,16,0,0,layered_block,circular,per_chunk,16,16
9963,219416,223250,16,0,0,layered_block,circular,per_chunk,16,16
9964,270833,274917,16,0,0,layered_block,circular,per_chunk,16,16
9965,232875,236833,16,0,0,layered_block,circular,per_chunk,16,16
9966,249500,253500,16,0,0,layered_block,circular,per_chunk,16,16
9967,223750,227583,16,0,0,layered_block,circular,per_chunk,16,16
9968,231292,235166,16,0,0,layered_block,circular,per_chunk,16,16
9969,275583,279708,16,0,0,layered_block,circular,per_chunk,16,16
9970,226458,230416,16,0,0,layered_block,circular,per_chunk,16,16
9971,231833,235625,16,0,0,layered_block,circular,per_chunk,16,16
9972,233459,237291,16,0,0,layered_block,circular,per_chunk,16,16
9973,226209,230083,16,0,0,layered_block,circular,per_chunk,16,16
9974,230334,234166,16,0,0,layered_block,circular,per_chunk,16,16
9975,228167,232000,16,0,0,layered_block,circular,per_chunk,16,16
9976,225167,229041,16,0,0,layered_block,circular,per_chunk,16,16
9977,230875,234750,16,0,0,layered_block,circular,per_chunk,16,16
9978,230541,234417,16,0,0,layered_block,circular,per_chunk,16,16
9979,226875,230750,16,0,0,layered_block,circular,per_chunk,16,16
9980,214833,218750,16,0,0,layered_block,circular,per_chunk,16,16
9981,221500,225333,16,0,0,layered_block,circular,per_chunk,16,16
9982,226541,230459,16,0,0,layered_block,circular,per_chunk,16,16
9983,229375,233250,16,0,0,layered_block,circular,per_chunk,16,16
9984,263958,268000,16,0,0,layered_block,circular,per_chunk,16,16
9985,227333,231167,16,0,0,layered_block,circular,per_chunk,16,16
9986,224375,228208,16,0,0,layered_block,circular,per_chunk,16,16
9987,223875,227709,16,0,0,layered_block,circular,per_chunk,16,16
9988,223417,227291,16,0,0,layered_block,circular,per_chunk,16,16
9989,224875,228750,16,0,0,layered_block,circular,per_chunk,16,16
9990,220334,224166,16,0,0,layered_block,circular,per_chunk,16,16
9991,213208,217125,16,0,0,layered_block,circular,per_chunk,16,16
9992,218625,222500,16,0,0,layered_block,circular,per_chunk,16,16
9993,219416,223292,16,0,0,layered_block,circular,per_chunk,16,16
9994,211709,215708,16,0,0,layered_block,circular,per_chunk,16,16
9995,213375,217250,16,0,0,layered_block,circular,per_chunk,16,16
9996,213375,217417,16,0,0,layered_block,circular,per_chunk,16,16
9997,217542,221416,16,0,0,layered_block,circular,per_chunk,16,16
9998,223083,226958,16,0,0,layered_block,circular,per_chunk,16,16
9999,201458,205416,16,0,0,layered_block,circular,per_chunk,16,16
10000,221375,225291,16,0,0,layered_block,circular,per_chunk,16,16
10001,226834,230666,16,0,0,layered_block,circular,per_chunk,16,16
10002,222208,226084,16,0,0,layered_block,circular,per_chunk,16,16
10003,217750,221625,16,0,0,layered_block,circular,per_chunk,16,16
10004,226625,230541,16,0,0,layered_block,circular,per_chunk,16,16
10005,218166,222083,16,0,0,layered_block,circular,per_chunk,16,16
10006,218666,222583,16,0,0,layered_block,circular,per_chunk,16,16
10007,214750,218709,16,0,0,layered_block,circular,per_chunk,16,16
10008,221042,224917,16,0,0,layered_block,circular,per_chunk,16,16
10009,217750,221583,16,0,0,layered_block,circular,per_chunk,16,16
10010,213583,217459,16,0,0,layered_block,circular,per_chunk,16,16
10011,218417,222334,16,0,0,layered_block,circular,per_chunk,16,16
10012,213042,216916,16,0,0,layered_block,circular,per_chunk,16,16
10013,218000,221916,16,0,0,layered_block,circular,per_chunk,16,16
10014,202166,206084,16,0,0,layered_block,circular,per_chunk,16,16
10015,222125,226000,16,0,0,layered_block,circular,per_chunk,16,16
10016,230584,234500,16,0,0,layered_block,circular,per_chunk,16,16
10017,214833,218875,16,0,0,layered_block,circular,per_chunk,16,16
10018,213583,217375,16,0,0,layered_block,circular,per_chunk,16,16
10019,214834,218792,16,0,0,layered_block,circular,per_chunk,16,16
10020,216084,220125,16,0,0,layered_block,circular,per_chunk,16,16
10021,214083,217959,16,0,0,layered_block,circular,per_chunk,16,16
10022,205667,209500,16,0,0,layered_block,circular,per_chunk,16,16
10023,204875,208750,16,0,0,layered_block,circular,per_chunk,16,16
10024,212750,216667,16,0,0,layered_block,circular,per_chunk,16,16
10025,216083,220000,16,0,0,layered_block,circular,per_chunk,16,16
10026,261250,265375,16,0,0,layered_block,circular,per_chunk,16,16
10027,213000,216833,16,0,0,layered_block,circular,per_chunk,16,16
10028,209791,213666,16,0,0,layered_block,circular,per_chunk,16,16
10029,219958,223834,16,0,0,layered_block,circular,per_chunk,16,16
10030,217334,221250,16,0,0,layered_block,circular,per_chunk,16,16
10031,209500,213375,16,0,0,layered_block,circular,per_chunk,16,16
10032,219792,224125,16,0,0,layered_block,circular,per_chunk,16,16
10033,214250,218125,16,0,0,layered_block,circular,per_chunk,16,16
10034,214375,218333,16,0,0,layered_block,circular,per_chunk,16,16
10035,216750,220708,16,0,0,layered_block,circular,per_chunk,16,16
10036,227166,231083,16,0,0,layered_block,circular,per_chunk,16,16
10037,227292,231166,16,0,0,layered_block,circular,per_chunk,16,16
10038,223667,227583,16,0,0,layered_block,circular,per_chunk,16,16
10039,220875,224708,16,0,0,layered_block,circular,per_chunk,16,16
10040,213542,217500,16,0,0,layered_block,circular,per_chunk,16,16
10041,217417,221458,16,0,0,layered_block,circular,per_chunk,16,16
10042,215125,218958,16,0,0,layered_block,circular,per_chunk,16,16
10043,218792,222625,16,0,0,layered_block,circular,per_chunk,16,16
10044,206583,210500,16,0,0,layered_block,circular,per_chunk,16,16
10045,214209,218083,16,0,0,layered_block,circular,per_chunk,16,16
10046,217542,221458,16,0,0,layered_block,circular,per_chunk,16,16
10047,256083,260167,16,0,0,layered_block,circular,per_chunk,16,16
10048,218542,222458,16,0,0,layered_block,circular,per_chunk,16,16
10049,220375,224250,16,0,0,layered_block,circular,per_chunk,16,16
10050,230458,234375,16,0,0,layered_block,circular,per_chunk,16,16
10051,223500,227375,16,0,0,layered_block,circular,per_chunk,16,16
10052,213333,217291,16,0,0,layered_block,circular,per_chunk,16,16
10053,220625,224875,16,0,0,layered_block,circular,per_chunk,16,16
10054,218500,222375,16,0,0,layered_block,circular,per_chunk,16,16
10055,223208,227166,16,0,0,layered_block,circular,per_chunk,16,16
10056,229916,233750,16,0,0,layered_block,circular,per_chunk,16,16
10057,229584,233500,16,0,0,layered_block,circular,per_chunk,16,16
10058,230917,234833,16,0,0,layered_block,circular,per_chunk,16,16
10059,277667,281792,16,0,0,layered_block,circular,per_chunk,16,16
10060,257584,261458,16,0,0,layered_block,circular,per_chunk,16,16
10061,254542,258792,16,0,0,layered_block,circular,per_chunk,16,16
10062,257792,261625,16,0,0,layered_block,circular,per_chunk,16,16
10063,256500,260458,16,0,0,layered_block,circular,per_chunk,16,16
10064,248708,252583,16,0,0,layered_block,circular,per_chunk,16,16
10065,237625,241542,16,0,0,layered_block,circular,per_chunk,16,16
10066,231041,235000,16,0,0,layered_block,circular,per_chunk,16,16
10067,210250,214167,16,0,0,layered_block,circular,per_chunk,16,16
10068,229291,233208,16,0,0,layered_block,circular,per_chunk,16,16
10069,276209,280291,16,0,0,layered_block,circular,per_chunk,16,16
10070,252667,256583,16,0,0,layered_block,circular,per_chunk,16,16
10071,255959,259875,16,0,0,layered_block,circular,per_chunk,16,16
10072,262917,266791,16,0,0,layered_block,circular,per_chunk,16,16
10073,256250,260125,16,0,0,layered_block,circular,per_chunk,16,16
10074,254125,257958,16,0,0,layered_block,circular,per_chunk,16,16
10075,249500,253375,16,0,0,layered_block,circular,per_chunk,16,16
10076,238417,242291,16,0,0,layered_block,circular,per_chunk,16,16
10077,234208,238084,16,0,0,layered_block,circular,per_chunk,16,16
10078,238333,242209,16,0,0,layered_block,circular,per_chunk,16,16
10079,241625,245458,16,0,0,layered_block,circular,per_chunk,16,16
10080,236333,240167,16,0,0,layered_block,circular,per_chunk,16,16
10081,246291,250167,16,0,0,layered_block,circular,per_chunk,16,16
10082,258500,262375,16,0,0,layered_block,circular,per_chunk,16,16
10083,259125,263041,16,0,0,layered_block,circular,per_chunk,16,16
10084,305250,309458,16,0,0,layered_block,circular,per_chunk,16,16
10085,256250,260125,16,0,0,layered_block,circular,per_chunk,16,16
10086,254208,258084,16,0,0,layered_block,circular,per_chunk,16,16
10087,244833,248667,16,0,0,layered_block,circular,per_chunk,16,16
10088,240375,244250,16,0,0,layered_block,circular,per_chunk,16,16
10089,235625,239583,16,0,0,layered_block,circular,per_chunk,16,16
10090,241750,245583,16,0,0,layered_block,circular,per_chunk,16,16
10091,239666,243542,16,0,0,layered_block,circular,per_chunk,16,16
10092,249083,252958,16,0,0,layered_block,circular,per_chunk,16,16
10093,254292,258208,16,0,0,layered_block,circular,per_chunk,16,16
10094,259083,262917,16,0,0,layered_block,circular,per_chunk,16,16
10095,263333,267167,16,0,0,layered_block,circular,per_chunk,16,16
10096,258958,262833,16,0,0,layered_block,circular,per_chunk,16,16
10097,255958,259958,16,0,0,layered_block,circular,per_chunk,16,16
10098,253584,257416,16,0,0,layered_block,circular,per_chunk,16,16
10099,240375,244209,16,0,0,layered_block,circular,per_chunk,16,16
10100,236625,240541,16,0,0,layered_block,circular,per_chunk,16,16
10101,239084,242958,16,0,0,layered_block,circular,per_chunk,16,16
10102,237500,241334,16,0,0,layered_block,circular,per_chunk,16,16
10103,288333,292291,16,0,0,layered_block,circular,per_chunk,16,16
10104,252458,256333,16,0,0,layered_block,circular,per_chunk,16,16
10105,256583,260584,16,0,0,layered_block,circular,per_chunk,16,16
10106,256000,263750,16,0,0,layered_block,circular,per_chunk,16,16
10107,257042,260916,16,0,0,layered_block,circular,per_chunk,16,16
10108,253417,257250,16,0,0,layered_block,circular,per_chunk,16,16
10109,248708,252542,16,0,0,layered_block,circular,per_chunk,16,16
10110,239208,243208,16,0,0,layered_block,circular,per_chunk,16,16
10111,237666,241500,16,0,0,layered_block,circular,per_chunk,16,16
10112,241542,245333,16,0,0,layered_block,circular,per_chunk,16,16
10113,239291,243167,16,0,0,layered_block,circular,per_chunk,16,16
10114,238958,242792,16,0,0,layered_block,circular,per_chunk,16,16
10115,249708,253583,16,0,0,layered_block,circular,per_chunk,16,16
10116,254334,258166,16,0,0,layered_block,circular,per_chunk,16,16
10117,256583,260417,16,0,0,layered_block,circular,per_chunk,16,16
10118,305708,309792,16,0,0,layered_block,circular,per_chunk,16,16
10119,262000,265834,16,0,0,layered_block,circular,per_chunk,16,16
10120,244083,248000,16,0,0,layered_block,circular,per_chunk,16,16
10121,248750,252750,16,0,0,layered_block,circular,per_chunk,16,16
10122,243875,247667,16,0,0,layered_block,circular,per_chunk,16,16
10123,234334,238334,16,0,0,layered_block,circular,per_chunk,16,16
10124,242292,246125,16,0,0,layered_block,circular,per_chunk,16,16
10125,240875,244750,16,0,0,layered_block,circular,per_chunk,16,16
10126,241208,245167,16,0,0,layered_block,circular,per_chunk,16,16
10127,247583,251417,16,0,0,layered_block,circular,per_chunk,16,16
10128,247708,251750,16,0,0,layered_block,circular,per_chunk,16,16
10129,255417,259292,16,0,0,layered_block,circular,per_chunk,16,16
10130,262750,266584,16,0,0,layered_block,circular,per_chunk,16,16
10131,301834,306042,16,0,0,layered_block,circular,per_chunk,16,16
10132,246458,250333,16,0,0,layered_block,circular,per_chunk,16,16
10133,242125,246000,16,0,0,layered_block,circular,per_chunk,16,16
10134,241084,245000,16,0,0,layered_block,circular,per_chunk,16,16
10135,284917,289000,16,0,0,layered_block,circular,per_chunk,16,16
10136,236083,240292,16,0,0,layered_block,circular,per_chunk,16,16
10137,245875,249667,16,0,0,layered_block,circular,per_chunk,16,16
10138,244958,248875,16,0,0,layered_block,circular,per_chunk,16,16
10139,293208,297375,16,0,0,layered_block,circular,per_chunk,16,16
10140,252833,256583,16,0,0,layered_block,circular,per_chunk,16,16
10141,256875,260750,16,0,0,layered_block,circular,per_chunk,16,16
10142,264000,267833,16,0,0,layered_block,circular,per_chunk,16,16
10143,251583,255500,16,0,0,layered_block,circular,per_chunk,16,16
10144,247833,251666,16,0,0,layered_block,circular,per_chunk,16,16
10145,239667,243542,16,0,0,layered_block,circular,per_chunk,16,16
10146,236750,240625,16,0,0,layered_block,circular,per_chunk,16,16
10147,239084,242958,16,0,0,layered_block,circular,per_chunk,16,16
10148,236875,240709,16,0,0,layered_block,circular,per_chunk,16,16
10149,241875,245750,16,0,0,layered_block,circular,per_chunk,16,16
10150,247333,251209,16,0,0,layered_block,circular,per_chunk,16,16
10151,241250,245167,16,0,0,layered_block,circular,per_chunk,16,16
10152,237167,241000,16,0,0,layered_block,circular,per_chunk,16,16
10153,258708,262542,16,0,0,layered_block,circular,per_chunk,16,16
10154,261709,265625,16,0,0,layered_block,circular,per_chunk,16,16
10155,255750,259625,16,0,0,layered_block,circular,per_chunk,16,16
10156,252916,256833,16,0,0,layered_block,circular,per_chunk,16,16
10157,243709,247583,16,0,0,layered_block,circular,per_chunk,16,16
10158,238000,241959,16,0,0,layered_block,circular,per_chunk,16,16
10159,242250,246125,16,0,0,layered_block,circular,per_chunk,16,16
10160,244250,248167,16,0,0,layered_block,circular,per_chunk,16,16
10161,239000,242916,16,0,0,layered_block,circular,per_chunk,16,16
10162,245666,249584,16,0,0,layered_block,circular,per_chunk,16,16
10163,244542,248417,16,0,0,layered_block,circular,per_chunk,16,16
10164,252333,256125,16,0,0,layered_block,circular,per_chunk,16,16
10165,259542,263375,16,0,0,layered_block,circular,per_chunk,16,16
10166,262083,265875,16,0,0,layered_block,circular,per_chunk,16,16
10167,254708,258583,16,0,0,layered_block,circular,per_chunk,16,16
10168,246291,250167,16,0,0,layered_block,circular,per_chunk,16,16
10169,235208,239125,16,0,0,layered_block,circular,per_chunk,16,16
10170,231125,235000,16,0,0,layered_block,circular,per_chunk,16,16
10171,226875,231083,16,0,0,layered_block,circular,per_chunk,16,16
10172,246583,250458,16,0,0,layered_block,circular,per_chunk,16,16
10173,245125,248958,16,0,0,layered_block,circular,per_chunk,16,16
10174,244917,248791,16,0,0,layered_block,circular,per_chunk,16,16
10175,252708,256625,16,0,0,layered_block,circular,per_chunk,16,16
10176,258000,261875,16,0,0,layered_block,circular,per_chunk,16,16
10177,302292,306416,16,0,0,layered_block,circular,per_chunk,16,16
10178,256166,260084,16,0,0,layered_block,circular,per_chunk,16,16
10179,243125,247792,16,0,0,layered_block,circular,per_chunk,16,16
10180,243334,247208,16,0,0,layered_block,circular,per_chunk,16,16
10181,239167,243125,16,0,0,layered_block,circular,per_chunk,16,16
10182,242000,245875,16,0,0,layered_block,circular,per_chunk,16,16
10183,243458,247417,16,0,0,layered_block,circular,per_chunk,16,16
10184,243458,247333,16,0,0,layered_block,circular,per_chunk,16,16
10185,240542,244458,16,0,0,layered_block,circular,per_chunk,16,16
10186,250083,253958,16,0,0,layered_block,circular,per_chunk,16,16
10187,253250,257208,16,0,0,layered_block,circular,per_chunk,16,16
10188,262459,266333,16,0,0,layered_block,circular,per_chunk,16,16
10189,253334,257333,16,0,0,layered_block,circular,per_chunk,16,16
10190,242458,246500,16,0,0,layered_block,circular,per_chunk,16,16
10191,242333,246209,16,0,0,layered_block,circular,per_chunk,16,16
10192,241708,245625,16,0,0,layered_block,circular,per_chunk,16,16
10193,241167,245042,16,0,0,layered_block,circular,per_chunk,16,16
10194,239959,243833,16,0,0,layered_block,circular,per_chunk,16,16
10195,245250,249167,16,0,0,layered_block,circular,per_chunk,16,16
10196,246167,249958,16,0,0,layered_block,circular,per_chunk,16,16
10197,241875,245834,16,0,0,layered_block,circular,per_chunk,16,16
10198,289417,293542,16,0,0,layered_block,circular,per_chunk,16,16
10199,260125,264042,16,0,0,layered_block,circular,per_chunk,16,16
10200,252833,256833,16,0,0,layered_block,circular,per_chunk,16,16
10201,243500,247458,16,0,0,layered_block,circular,per_chunk,16,16
10202,242708,246583,16,0,0,layered_block,circular,per_chunk,16,16
10203,244291,248250,16,0,0,layered_block,circular,per_chunk,16,16
10204,245208,249125,16,0,0,layered_block,circular,per_chunk,16,16
10205,241250,245209,16,0,0,layered_block,circular,per_chunk,16,16
10206,245375,249292,16,0,0,layered_block,circular,per_chunk,16,16
10207,246208,250084,16,0,0,layered_block,circular,per_chunk,16,16
10208,241291,245250,16,0,0,layered_block,circular,per_chunk,16,16
10209,250458,254375,16,0,0,layered_block,circular,per_chunk,16,16
10210,257417,261250,16,0,0,layered_block,circular,per_chunk,16,16
10211,254292,258292,16,0,0,layered_block,circular,per_chunk,16,16
10212,242542,246500,16,0,0,layered_block,circular,per_chunk,16,16
10213,245208,249083,16,0,0,layered_block,circular,per_chunk,16,16
10214,245750,249625,16,0,0,layered_block,circular,per_chunk,16,16
10215,247750,251708,16,0,0,layered_block,circular,per_chunk,16,16
10216,283334,287416,16,0,0,layered_block,circular,per_chunk,16,16
10217,246042,249958,16,0,0,layered_block,circular,per_chunk,16,16
10218,308583,312708,16,0,0,layered_block,circular,per_chunk,16,16
10219,241750,245750,16,0,0,layered_block,circular,per_chunk,16,16
10220,256375,260208,16,0,0,layered_block,circular,per_chunk,16,16
10221,256708,260542,16,0,0,layered_block,circular,per_chunk,16,16
10222,258750,262667,16,0,0,layered_block,circular,per_chunk,16,16
10223,248208,252084,16,0,0,layered_block,circular,per_chunk,16,16
10224,236584,240542,16,0,0,layered_block,circular,per_chunk,16,16
10225,245625,249500,16,0,0,layered_block,circular,per_chunk,16,16
10226,237334,241250,16,0,0,layered_block,circular,per_chunk,16,16
10227,244958,248833,16,0,0,layered_block,circular,per_chunk,16,16
10228,241417,245292,16,0,0,layered_block,circular,per_chunk,16,16
10229,246542,250416,16,0,0,layered_block,circular,per_chunk,16,16
10230,246583,250459,16,0,0,layered_block,circular,per_chunk,16,16
10231,254959,258875,16,0,0,layered_block,circular,per_chunk,16,16
10232,256167,260042,16,0,0,layered_block,circular,per_chunk,16,16
10233,260916,264958,16,0,0,layered_block,circular,per_chunk,16,16
10234,248042,251875,16,0,0,layered_block,circular,per_chunk,16,16
10235,239542,243500,16,0,0,layered_block,circular,per_chunk,16,16
10236,242541,246500,16,0,0,layered_block,circular,per_chunk,16,16
10237,249416,253334,16,0,0,layered_block,circular,per_chunk,16,16
10238,242959,246833,16,0,0,layered_block,circular,per_chunk,16,16
10239,241833,245709,16,0,0,layered_block,circular,per_chunk,16,16
10240,242583,246459,16,0,0,layered_block,circular,per_chunk,16,16
10241,247042,250958,16,0,0,layered_block,circular,per_chunk,16,16
10242,254042,257916,16,0,0,layered_block,circular,per_chunk,16,16
10243,255667,259542,16,0,0,layered_block,circular,per_chunk,16,16
10244,256416,260292,16,0,0,layered_block,circular,per_chunk,16,16
10245,243292,247208,16,0,0,layered_block,circular,per_chunk,16,16
10246,238125,242000,16,0,0,layered_block,circular,per_chunk,16,16
10247,241958,245792,16,0,0,layered_block,circular,per_chunk,16,16
10248,247959,251833,16,0,0,layered_block,circular,per_chunk,16,16
10249,242917,246875,16,0,0,layered_block,circular,per_chunk,16,16
10250,247209,251083,16,0,0,layered_block,circular,per_chunk,16,16
10251,241458,245292,16,0,0,layered_block,circular,per_chunk,16,16
10252,247958,251792,16,0,0,layered_block,circular,per_chunk,16,16
10253,249000,252875,16,0,0,layered_block,circular,per_chunk,16,16
10254,254792,258625,16,0,0,layered_block,circular,per_chunk,16,16
10255,260375,264208,16,0,0,layered_block,circular,per_chunk,16,16
10256,248125,252000,16,0,0,layered_block,circular,per_chunk,16,16
10257,240625,244500,16,0,0,layered_block,circular,per_chunk,16,16
10258,246125,250083,16,0,0,layered_block,circular,per_chunk,16,16
10259,238542,242416,16,0,0,layered_block,circular,per_chunk,16,16
10260,243917,247833,16,0,0,layered_block,circular,per_chunk,16,16
10261,240500,244375,16,0,0,layered_block,circular,per_chunk,16,16
10262,240500,244375,16,0,0,layered_block,circular,per_chunk,16,16
10263,244000,252083,16,0,0,layered_block,circular,per_chunk,16,16
10264,247708,251625,16,0,0,layered_block,circular,per_chunk,16,16
10265,256500,260375,16,0,0,layered_block,circular,per_chunk,16,16
10266,258250,262125,16,0,0,layered_block,circular,per_chunk,16,16
10267,250042,253875,16,0,0,layered_block,circular,per_chunk,16,16
10268,249417,253292,16,0,0,layered_block,circular,per_chunk,16,16
10269,239792,243667,16,0,0,layered_block,circular,per_chunk,16,16
10270,245625,249458,16,0,0,layered_block,circular,per_chunk,16,16
10271,244500,248417,16,0,0,layered_block,circular,per_chunk,16,16
10272,240334,244166,16,0,0,layered_block,circular,per_chunk,16,16
10273,240959,244792,16,0,0,layered_block,circular,per_chunk,16,16
10274,243083,247000,16,0,0,layered_block,circular,per_chunk,16,16
10275,252375,256208,16,0,0,layered_block,circular,per_chunk,16,16
10276,256916,260750,16,0,0,layered_block,circular,per_chunk,16,16
10277,303833,308083,16,0,0,layered_block,circular,per_chunk,16,16
10278,248375,252292,16,0,0,layered_block,circular,per_chunk,16,16
10279,246750,250625,16,0,0,layered_block,circular,per_chunk,16,16
10280,240833,244750,16,0,0,layered_block,circular,per_chunk,16,16
10281,246750,250625,16,0,0,layered_block,circular,per_chunk,16,16
10282,236209,240083,16,0,0,layered_block,circular,per_chunk,16,16
10283,237291,241167,16,0,0,layered_block,circular,per_chunk,16,16
10284,247583,251459,16,0,0,layered_block,circular,per_chunk,16,16
10285,251291,255167,16,0,0,layered_block,circular,per_chunk,16,16
10286,255791,259583,16,0,0,layered_block,circular,per_chunk,16,16
10287,253208,257167,16,0,0,layered_block,circular,per_chunk,16,16
10288,250334,254166,16,0,0,layered_block,circular,per_chunk,16,16
10289,250208,254084,16,0,0,layered_block,circular,per_chunk,16,16
10290,242958,246833,16,0,0,layered_block,circular,per_chunk,16,16
10291,247250,251083,16,0,0,layered_block,circular,per_chunk,16,16
10292,235666,239542,16,0,0,layered_block,circular,per_chunk,16,16
10293,243125,247000,16,0,0,layered_block,circular,per_chunk,16,16
10294,242083,245958,16,0,0,layered_block,circular,per_chunk,16,16
10295,244625,248500,16,0,0,layered_block,circular,per_chunk,16,16
10296,252083,255959,16,0,0,layered_block,circular,per_chunk,16,16
10297,250166,254041,16,0,0,layered_block,circular,per_chunk,16,16
10298,307125,311167,16,0,0,layered_block,circular,per_chunk,16,16
10299,248125,251958,16,0,0,layered_block,circular,per_chunk,16,16
10300,240042,243958,16,0,0,layered_block,circular,per_chunk,16,16
10301,239833,243667,16,0,0,layered_block,circular,per_chunk,16,16
10302,279791,283792,16,0,0,layered_block,circular,per_chunk,16,16
10303,239958,243792,16,0,0,layered_block,circular,per_chunk,16,16
10304,247167,251000,16,0,0,layered_block,circular,per_chunk,16,16
10305,244125,248000,16,0,0,layered_block,circular,per_chunk,16,16
10306,293000,297208,16,0,0,layered_block,circular,per_chunk,16,16
10307,255333,259166,16,0,0,layered_block,circular,per_chunk,16,16
10308,259000,262917,16,0,0,layered_block,circular,per_chunk,16,16
10309,247750,251583,16,0,0,layered_block,circular,per_chunk,16,16
10310,246667,250542,16,0,0,layered_block,circular,per_chunk,16,16
10311,246209,250125,16,0,0,layered_block,circular,per_chunk,16,16
10312,240666,244583,16,0,0,layered_block,circular,per_chunk,16,16
10313,238875,242708,16,0,0,layered_block,circular,per_chunk,16,16
10314,245500,249375,16,0,0,layered_block,circular,per_chunk,16,16
10315,245875,249750,16,0,0,layered_block,circular,per_chunk,16,16
10316,242875,251083,16,0,0,layered_block,circular,per_chunk,16,16
10317,247250,251167,16,0,0,layered_block,circular,per_chunk,16,16
10318,257584,261458,16,0,0,layered_block,circular,per_chunk,16,16
10319,256292,260167,16,0,0,layered_block,circular,per_chunk,16,16
10320,248583,252459,16,0,0,layered_block,circular,per_chunk,16,16
10321,241709,245541,16,0,0,layered_block,circular,per_chunk,16,16
10322,247375,251375,16,0,0,layered_block,circular,per_chunk,16,16
10323,241250,245125,16,0,0,layered_block,circular,per_chunk,16,16
10324,235958,239875,16,0,0,layered_block,circular,per_chunk,16,16
10325,246875,250750,16,0,0,layered_block,circular,per_chunk,16,16
10326,238958,242875,16,0,0,layered_block,circular,per_chunk,16,16
10327,249750,253667,16,0,0,layered_block,circular,per_chunk,16,16
10328,248750,252667,16,0,0,layered_block,circular,per_chunk,16,16
10329,254833,259125,16,0,0,layered_block,circular,per_chunk,16,16
10330,247083,250959,16,0,0,layered_block,circular,per_chunk,16,16
10331,241083,244958,16,0,0,layered_block,circular,per_chunk,16,16
10332,244666,248500,16,0,0,layered_block,circular,per_chunk,16,16
10333,236209,240083,16,0,0,layered_block,circular,per_chunk,16,16
10334,238916,242750,16,0,0,layered_block,circular,per_chunk,16,16
10335,245250,249125,16,0,0,layered_block,circular,per_chunk,16,16
10336,245042,248917,16,0,0,layered_block,circular,per_chunk,16,16
10337,240375,244667,16,0,0,layered_block,circular,per_chunk,16,16
10338,242250,246125,16,0,0,layered_block,circular,per_chunk,16,16
10339,256167,260042,16,0,0,layered_block,circular,per_chunk,16,16
10340,256750,260583,16,0,0,layered_block,circular,per_chunk,16,16
10341,245625,249542,16,0,0,layered_block,circular,per_chunk,16,16
10342,240583,244417,16,0,0,layered_block,circular,per_chunk,16,16
10343,239583,243500,16,0,0,layered_block,circular,per_chunk,16,16
10344,241209,245083,16,0,0,layered_block,circular,per_chunk,16,16
10345,238584,242542,16,0,0,layered_block,circular,per_chunk,16,16
10346,234333,238209,16,0,0,layered_block,circular,per_chunk,16,16
10347,247292,251209,16,0,0,layered_block,circular,per_chunk,16,16
10348,244875,248708,16,0,0,layered_block,circular,per_chunk,16,16
10349,253166,257042,16,0,0,layered_block,circular,per_chunk,16,16
10350,259291,263167,16,0,0,layered_block,circular,per_chunk,16,16
10351,256375,260291,16,0,0,layered_block,circular,per_chunk,16,16
10352,292167,296250,16,0,0,layered_block,circular,per_chunk,16,16
10353,245334,249208,16,0,0,layered_block,circular,per_chunk,16,16
10354,293834,298166,16,0,0,layered_block,circular,per_chunk,16,16
10355,238875,242875,16,0,0,layered_block,circular,per_chunk,16,16
10356,279916,284083,16,0,0,layered_block,circular,per_chunk,16,16
10357,232416,236292,16,0,0,layered_block,circular,per_chunk,16,16
10358,245209,249125,16,0,0,layered_block,circular,per_chunk,16,16
10359,239666,243583,16,0,0,layered_block,circular,per_chunk,16,16
10360,300042,304291,16,0,0,layered_block,circular,per_chunk,16,16
10361,258500,262417,16,0,0,layered_block,circular,per_chunk,16,16
10362,246708,250584,16,0,0,layered_block,circular,per_chunk,16,16
10363,246667,250542,16,0,0,layered_block,circular,per_chunk,16,16
10364,239583,243458,16,0,0,layered_block,circular,per_chunk,16,16
10365,242792,246667,16,0,0,layered_block,circular,per_chunk,16,16
10366,237334,241166,16,0,0,layered_block,circular,per_chunk,16,16
10367,241208,245166,16,0,0,layered_block,circular,per_chunk,16,16
10368,245125,249041,16,0,0,layered_block,circular,per_chunk,16,16
10369,235667,239583,16,0,0,layered_block,circular,per_chunk,16,16
10370,254250,258167,16,0,0,layered_block,circular,per_chunk,16,16
10371,252083,256000,16,0,0,layered_block,circular,per_chunk,16,16
10372,252625,256542,16,0,0,layered_block,circular,per_chunk,16,16
10373,241375,245375,16,0,0,layered_block,circular,per_chunk,16,16
10374,247250,251125,16,0,0,layered_block,circular,per_chunk,16,16
10375,232958,236875,16,0,0,layered_block,circular,per_chunk,16,16
10376,232291,236209,16,0,0,layered_block,circular,per_chunk,16,16
10377,240166,244083,16,0,0,layered_block,circular,per_chunk,16,16
10378,236791,240667,16,0,0,layered_block,circular,per_chunk,16,16
10379,245958,249792,16,0,0,layered_block,circular,per_chunk,16,16
10380,250292,254125,16,0,0,layered_block,circular,per_chunk,16,16
10381,254667,258541,16,0,0,layered_block,circular,per_chunk,16,16
10382,300375,304541,16,0,0,layered_block,circular,per_chunk,16,16
10383,247542,251417,16,0,0,layered_block,circular,per_chunk,16,16
10384,241792,245791,16,0,0,layered_block,circular,per_chunk,16,16
10385,239125,243000,16,0,0,layered_block,circular,per_chunk,16,16
10386,284292,288500,16,0,0,layered_block,circular,per_chunk,16,16
10387,241625,245583,16,0,0,layered_block,circular,per_chunk,16,16
10388,283333,287708,16,0,0,layered_block,circular,per_chunk,16,16
10389,243958,247875,16,0,0,layered_block,circular,per_chunk,16,16
10390,256167,260208,16,0,0,layered_block,circular,per_chunk,16,16
10391,256125,260000,16,0,0,layered_block,circular,per_chunk,16,16
10392,256667,260542,16,0,0,layered_block,circular,per_chunk,16,16
10393,248958,252792,16,0,0,layered_block,circular,per_chunk,16,16
10394,241166,245000,16,0,0,layered_block,circular,per_chunk,16,16
10395,226000,229958,16,0,0,layered_block,circular,per_chunk,16,16
10396,235042,238958,16,0,0,layered_block,circular,per_chunk,16,16
10397,244666,248584,16,0,0,layered_block,circular,per_chunk,16,16
10398,240208,244167,16,0,0,layered_block,circular,per_chunk,16,16
10399,249667,253500,16,0,0,layered_block,circular,per_chunk,16,16
10400,250000,253958,16,0,0,layered_block,circular,per_chunk,16,16
10401,254750,258542,16,0,0,layered_block,circular,per_chunk,16,16
10402,249000,253000,16,0,0,layered_block,circular,per_chunk,16,16
10403,247417,251292,16,0,0,layered_block,circular,per_chunk,16,16
10404,239958,243833,16,0,0,layered_block,circular,per_chunk,16,16
10405,242292,246167,16,0,0,layered_block,circular,per_chunk,16,16
10406,239250,243166,16,0,0,layered_block,circular,per_chunk,16,16
10407,242792,246708,16,0,0,layered_block,circular,per_chunk,16,16
10408,242334,246250,16,0,0,layered_block,circular,per_chunk,16,16
10409,248375,252167,16,0,0,layered_block,circular,per_chunk,16,16
10410,249375,253209,16,0,0,layered_block,circular,per_chunk,16,16
10411,252917,256750,16,0,0,layered_block,circular,per_chunk,16,16
10412,252375,256208,16,0,0,layered_block,circular,per_chunk,16,16
10413,242542,246375,16,0,0,layered_block,circular,per_chunk,16,16
10414,239500,243333,16,0,0,layered_block,circular,per_chunk,16,16
10415,240583,244417,16,0,0,layered_block,circular,per_chunk,16,16
10416,240375,244291,16,0,0,layered_block,circular,per_chunk,16,16
10417,243042,246958,16,0,0,layered_block,circular,per_chunk,16,16
10418,247833,251959,16,0,0,layered_block,circular,per_chunk,16,16
10419,296583,300709,16,0,0,layered_block,circular,per_chunk,16,16
10420,251583,255459,16,0,0,layered_block,circular,per_chunk,16,16
10421,259042,262917,16,0,0,layered_block,circular,per_chunk,16,16
10422,245750,249667,16,0,0,layered_block,circular,per_chunk,16,16
10423,245584,249458,16,0,0,layered_block,circular,per_chunk,16,16
10424,243625,247500,16,0,0,layered_block,circular,per_chunk,16,16
10425,240875,244667,16,0,0,layered_block,circular,per_chunk,16,16
10426,240208,244125,16,0,0,layered_block,circular,per_chunk,16,16
10427,242333,246208,16,0,0,layered_block,circular,per_chunk,16,16
10428,242417,246375,16,0,0,layered_block,circular,per_chunk,16,16
10429,241208,245167,16,0,0,layered_block,circular,per_chunk,16,16
10430,252792,256708,16,0,0,layered_block,circular,per_chunk,16,16
10431,257375,261250,16,0,0,layered_block,circular,per_chunk,16,16
10432,251083,254958,16,0,0,layered_block,circular,per_chunk,16,16
10433,244708,248583,16,0,0,layered_block,circular,per_chunk,16,16
10434,242625,246458,16,0,0,layered_block,circular,per_chunk,16,16
10435,244084,248000,16,0,0,layered_block,circular,per_chunk,16,16
10436,243375,247209,16,0,0,layered_block,circular,per_chunk,16,16
10437,245833,249709,16,0,0,layered_block,circular,per_chunk,16,16
10438,241375,245250,16,0,0,layered_block,circular,per_chunk,16,16
10439,243167,247000,16,0,0,layered_block,circular,per_chunk,16,16
10440,252458,256333,16,0,0,layered_block,circular,per_chunk,16,16
10441,258375,262250,16,0,0,layered_block,circular,per_chunk,16,16
10442,298500,302541,16,0,0,layered_block,circular,per_chunk,16,16
10443,244875,248709,16,0,0,layered_block,circular,per_chunk,16,16
10444,248666,252542,16,0,0,layered_block,circular,per_chunk,16,16
10445,244250,248084,16,0,0,layered_block,circular,per_chunk,16,16
10446,247042,251917,16,0,0,layered_block,circular,per_chunk,16,16
10447,242083,245959,16,0,0,layered_block,circular,per_chunk,16,16
10448,248375,252292,16,0,0,layered_block,circular,per_chunk,16,16
10449,243417,247250,16,0,0,layered_block,circular,per_chunk,16,16
10450,246042,249958,16,0,0,layered_block,circular,per_chunk,16,16
10451,257083,260875,16,0,0,layered_block,circular,per_chunk,16,16
10452,247750,251625,16,0,0,layered_block,circular,per_chunk,16,16
10453,239083,242959,16,0,0,layered_block,circular,per_chunk,16,16
10454,246917,250792,16,0,0,layered_block,circular,per_chunk,16,16
10455,238750,242708,16,0,0,layered_block,circular,per_chunk,16,16
10456,243042,246875,16,0,0,layered_block,circular,per_chunk,16,16
10457,246958,250875,16,0,0,layered_block,circular,per_chunk,16,16
10458,241583,245417,16,0,0,layered_block,circular,per_chunk,16,16
10459,234917,238791,16,0,0,layered_block,circular,per_chunk,16,16
10460,254250,258125,16,0,0,layered_block,circular,per_chunk,16,16
10461,254458,258334,16,0,0,layered_block,circular,per_chunk,16,16
10462,248500,252333,16,0,0,layered_block,circular,per_chunk,16,16
10463,240084,244042,16,0,0,layered_block,circular,per_chunk,16,16
10464,244791,248667,16,0,0,layered_block,circular,per_chunk,16,16
10465,237000,240958,16,0,0,layered_block,circular,per_chunk,16,16
10466,246042,249917,16,0,0,layered_block,circular,per_chunk,16,16
10467,242917,246792,16,0,0,layered_block,circular,per_chunk,16,16
10468,238792,242625,16,0,0,layered_block,circular,per_chunk,16,16
10469,240417,244291,16,0,0,layered_block,circular,per_chunk,16,16
10470,252875,256709,16,0,0,layered_block,circular,per_chunk,16,16
10471,259125,262917,16,0,0,layered_block,circular,per_chunk,16,16
10472,246542,250458,16,0,0,layered_block,circular,per_chunk,16,16
10473,286791,291459,16,0,0,layered_block,circular,per_chunk,16,16
10474,242833,246667,16,0,0,layered_block,circular,per_chunk,16,16
10475,280333,284417,16,0,0,layered_block,circular,per_chunk,16,16
10476,241750,245708,16,0,0,layered_block,circular,per_chunk,16,16
10477,299333,303583,16,0,0,layered_block,circular,per_chunk,16,16
10478,231084,235084,16,0,0,layered_block,circular,per_chunk,16,16
10479,238000,241875,16,0,0,layered_block,circular,per_chunk,16,16
10480,249000,252917,16,0,0,layered_block,circular,per_chunk,16,16
10481,301708,305750,16,0,0,layered_block,circular,per_chunk,16,16
10482,250833,254792,16,0,0,layered_block,circular,per_chunk,16,16
10483,246833,250791,16,0,0,layered_block,circular,per_chunk,16,16
10484,242750,246625,16,0,0,layered_block,circular,per_chunk,16,16
10485,240625,244542,16,0,0,layered_block,circular,per_chunk,16,16
10486,249292,253208,16,0,0,layered_block,circular,per_chunk,16,16
10487,246584,250458,16,0,0,layered_block,circular,per_chunk,16,16
10488,238875,242750,16,0,0,layered_block,circular,per_chunk,16,16
10489,241292,245250,16,0,0,layered_block,circular,per_chunk,16,16
10490,247792,251708,16,0,0,layered_block,circular,per_chunk,16,16
10491,254875,258750,16,0,0,layered_block,circular,per_chunk,16,16
10492,241667,245541,16,0,0,layered_block,circular,per_chunk,16,16
10493,245709,249625,16,0,0,layered_block,circular,per_chunk,16,16
10494,244250,248083,16,0,0,layered_block,circular,per_chunk,16,16
10495,239083,243458,16,0,0,layered_block,circular,per_chunk,16,16
10496,247958,251792,16,0,0,layered_block,circular,per_chunk,16,16
10497,234500,238750,16,0,0,layered_block,circular,per_chunk,16,16
10498,232667,236625,16,0,0,layered_block,circular,per_chunk,16,16
10499,244875,248792,16,0,0,layered_block,circular,per_chunk,16,16
10500,246291,250167,16,0,0,layered_block,circular,per_chunk,16,16
10501,257667,261542,16,0,0,layered_block,circular,per_chunk,16,16
10502,253542,257417,16,0,0,layered_block,circular,per_chunk,16,16
10503,241000,244833,16,0,0,layered_block,circular,per_chunk,16,16
10504,243708,247542,16,0,0,layered_block,circular,per_chunk,16,16
10505,244667,248542,16,0,0,layered_block,circular,per_chunk,16,16
10506,239459,243291,16,0,0,layered_block,circular,per_chunk,16,16
10507,225167,229125,16,0,0,layered_block,circular,per_chunk,16,16
10508,234000,237833,16,0,0,layered_block,circular,per_chunk,16,16
10509,239584,243542,16,0,0,layered_block,circular,per_chunk,16,16
10510,252750,256625,16,0,0,layered_block,circular,per_chunk,16,16
10511,250916,254875,16,0,0,layered_block,circular,per_chunk,16,16
10512,252791,256709,16,0,0,layered_block,circular,per_chunk,16,16
10513,250333,254292,16,0,0,layered_block,circular,per_chunk,16,16
10514,240708,244666,16,0,0,layered_block,circular,per_chunk,16,16
10515,248792,252625,16,0,0,layered_block,circular,per_chunk,16,16
10516,245708,249584,16,0,0,layered_block,circular,per_chunk,16,16
10517,262917,267333,16,0,0,layered_block,circular,per_chunk,16,16
10518,235167,239083,16,0,0,layered_block,circular,per_chunk,16,16
10519,242291,246209,16,0,0,layered_block,circular,per_chunk,16,16
10520,245333,249208,16,0,0,layered_block,circular,per_chunk,16,16
10521,253584,257416,16,0,0,layered_block,circular,per_chunk,16,16
10522,250584,254542,16,0,0,layered_block,circular,per_chunk,16,16
10523,242416,246416,16,0,0,layered_block,circular,per_chunk,16,16
10524,246375,250209,16,0,0,layered_block,circular,per_chunk,16,16
10525,245500,249458,16,0,0,layered_block,circular,per_chunk,16,16
10526,225500,229416,16,0,0,layered_block,circular,per_chunk,16,16
10527,231834,235750,16,0,0,layered_block,circular,per_chunk,16,16
10528,234209,238125,16,0,0,layered_block,circular,per_chunk,16,16
10529,242083,246000,16,0,0,layered_block,circular,per_chunk,16,16
10530,243083,247000,16,0,0,layered_block,circular,per_chunk,16,16
10531,253458,257333,16,0,0,layered_block,circular,per_chunk,16,16
10532,248625,253209,16,0,0,layered_block,circular,per_chunk,16,16
10533,247833,251833,16,0,0,layered_block,circular,per_chunk,16,16
10534,243542,247417,16,0,0,layered_block,circular,per_chunk,16,16
10535,246000,249834,16,0,0,layered_block,circular,per_chunk,16,16
10536,235834,244042,16,0,0,layered_block,circular,per_chunk,16,16
10537,242167,246000,16,0,0,layered_block,circular,per_chunk,16,16
10538,240334,244208,16,0,0,layered_block,circular,per_chunk,16,16
10539,238625,242625,16,0,0,layered_block,circular,per_chunk,16,16
10540,242625,246500,16,0,0,layered_block,circular,per_chunk,16,16
10541,245000,248916,16,0,0,layered_block,circular,per_chunk,16,16
10542,251541,255417,16,0,0,layered_block,circular,per_chunk,16,16
10543,253375,257209,16,0,0,layered_block,circular,per_chunk,16,16
10544,241917,245792,16,0,0,layered_block,circular,per_chunk,16,16
10545,240333,244167,16,0,0,layered_block,circular,per_chunk,16,16
10546,237959,241875,16,0,0,layered_block,circular,per_chunk,16,16
10547,242500,246375,16,0,0,layered_block,circular,per_chunk,16,16
10548,233333,237167,16,0,0,layered_block,circular,per_chunk,16,16
10549,231042,234916,16,0,0,layered_block,circular,per_chunk,16,16
10550,229334,233291,16,0,0,layered_block,circular,per_chunk,16,16
10551,240500,244375,16,0,0,layered_block,circular,per_chunk,16,16
10552,247750,251667,16,0,0,layered_block,circular,per_chunk,16,16
10553,252667,256541,16,0,0,layered_block,circular,per_chunk,16,16
10554,248500,252375,16,0,0,layered_block,circular,per_chunk,16,16
10555,246625,250542,16,0,0,layered_block,circular,per_chunk,16,16
10556,238667,242500,16,0,0,layered_block,circular,per_chunk,16,16
10557,243458,247334,16,0,0,layered_block,circular,per_chunk,16,16
10558,237458,241334,16,0,0,layered_block,circular,per_chunk,16,16
10559,233167,237000,16,0,0,layered_block,circular,per_chunk,16,16
10560,230667,234667,16,0,0,layered_block,circular,per_chunk,16,16
10561,235416,239333,16,0,0,layered_block,circular,per_chunk,16,16
10562,291750,295792,16,0,0,layered_block,circular,per_chunk,16,16
10563,248542,252416,16,0,0,layered_block,circular,per_chunk,16,16
10564,256417,260375,16,0,0,layered_block,circular,per_chunk,16,16
10565,246584,250458,16,0,0,layered_block,circular,per_chunk,16,16
10566,237875,241708,16,0,0,layered_block,circular,per_chunk,16,16
10567,246541,250375,16,0,0,layered_block,circular,per_chunk,16,16
10568,237750,241625,16,0,0,layered_block,circular,per_chunk,16,16
10569,230500,234417,16,0,0,layered_block,circular,per_chunk,16,16
10570,231333,235167,16,0,0,layered_block,circular,per_chunk,16,16
10571,238000,241834,16,0,0,layered_block,circular,per_chunk,16,16
10572,239959,243833,16,0,0,layered_block,circular,per_chunk,16,16
10573,242875,246708,16,0,0,layered_block,circular,per_chunk,16,16
10574,253666,257458,16,0,0,layered_block,circular,per_chunk,16,16
10575,245459,249291,16,0,0,layered_block,circular,per_chunk,16,16
10576,288750,292791,16,0,0,layered_block,circular,per_chunk,16,16
10577,233541,237375,16,0,0,layered_block,circular,per_chunk,16,16
10578,241250,245084,16,0,0,layered_block,circular,per_chunk,16,16
10579,233375,237250,16,0,0,layered_block,circular,per_chunk,16,16
10580,230833,234667,16,0,0,layered_block,circular,per_chunk,16,16
10581,237583,241500,16,0,0,layered_block,circular,per_chunk,16,16
10582,240292,244167,16,0,0,layered_block,circular,per_chunk,16,16
10583,239791,243625,16,0,0,layered_block,circular,per_chunk,16,16
10584,242042,246042,16,0,0,layered_block,circular,per_chunk,16,16
10585,247042,250958,16,0,0,layered_block,circular,per_chunk,16,16
10586,243958,247792,16,0,0,layered_block,circular,per_chunk,16,16
10587,241792,245666,16,0,0,layered_block,circular,per_chunk,16,16
10588,243584,247500,16,0,0,layered_block,circular,per_chunk,16,16
10589,236208,240084,16,0,0,layered_block,circular,per_chunk,16,16
10590,227875,235916,16,0,0,layered_block,circular,per_chunk,16,16
10591,236459,240417,16,0,0,layered_block,circular,per_chunk,16,16
10592,243917,247792,16,0,0,layered_block,circular,per_chunk,16,16
10593,245166,249042,16,0,0,layered_block,circular,per_chunk,16,16
10594,235208,239125,16,0,0,layered_block,circular,per_chunk,16,16
10595,249167,253042,16,0,0,layered_block,circular,per_chunk,16,16
10596,248583,252417,16,0,0,layered_block,circular,per_chunk,16,16
10597,240833,244667,16,0,0,layered_block,circular,per_chunk,16,16
10598,241000,244792,16,0,0,layered_block,circular,per_chunk,16,16
10599,241083,244958,16,0,0,layered_block,circular,per_chunk,16,16
10600,225834,229667,16,0,0,layered_block,circular,per_chunk,16,16
10601,278666,282875,16,0,0,layered_block,circular,per_chunk,16,16
10602,239833,243708,16,0,0,layered_block,circular,per_chunk,16,16
10603,238333,242209,16,0,0,layered_block,circular,per_chunk,16,16
10604,236334,240166,16,0,0,layered_block,circular,per_chunk,16,16
10605,250875,254708,16,0,0,layered_block,circular,per_chunk,16,16
10606,250958,254792,16,0,0,layered_block,circular,per_chunk,16,16
10607,241042,244875,16,0,0,layered_block,circular,per_chunk,16,16
10608,242167,246000,16,0,0,layered_block,circular,per_chunk,16,16
10609,236875,240750,16,0,0,layered_block,circular,per_chunk,16,16
10610,228750,232625,16,0,0,layered_block,circular,per_chunk,16,16
10611,237667,241500,16,0,0,layered_block,circular,per_chunk,16,16
10612,240708,244584,16,0,0,layered_block,circular,per_chunk,16,16
10613,244292,248167,16,0,0,layered_block,circular,per_chunk,16,16
10614,237500,241333,16,0,0,layered_block,circular,per_chunk,16,16
10615,247917,251750,16,0,0,layered_block,circular,per_chunk,16,16
10616,254291,258167,16,0,0,layered_block,circular,per_chunk,16,16
10617,244375,248167,16,0,0,layered_block,circular,per_chunk,16,16
10618,241625,245458,16,0,0,layered_block,circular,per_chunk,16,16
10619,227791,231625,16,0,0,layered_block,circular,per_chunk,16,16
10620,226083,229917,16,0,0,layered_block,circular,per_chunk,16,16
10621,226958,230833,16,0,0,layered_block,circular,per_chunk,16,16
10622,234709,238625,16,0,0,layered_block,circular,per_chunk,16,16
10623,244750,248500,16,0,0,layered_block,circular,per_chunk,16,16
10624,238625,242541,16,0,0,layered_block,circular,per_chunk,16,16
10625,244041,247833,16,0,0,layered_block,circular,per_chunk,16,16
10626,251042,254875,16,0,0,layered_block,circular,per_chunk,16,16
10627,249125,252958,16,0,0,layered_block,circular,per_chunk,16,16
10628,282625,286750,16,0,0,layered_block,circular,per_chunk,16,16
10629,233209,237167,16,0,0,layered_block,circular,per_chunk,16,16
10630,235375,239209,16,0,0,layered_block,circular,per_chunk,16,16
10631,237250,241084,16,0,0,layered_block,circular,per_chunk,16,16
10632,226666,230542,16,0,0,layered_block,circular,per_chunk,16,16
10633,236458,240333,16,0,0,layered_block,circular,per_chunk,16,16
10634,239666,243542,16,0,0,layered_block,circular,per_chunk,16,16
10635,240208,244042,16,0,0,layered_block,circular,per_chunk,16,16
10636,243833,247791,16,0,0,layered_block,circular,per_chunk,16,16
10637,254625,258458,16,0,0,layered_block,circular,per_chunk,16,16
10638,235916,239834,16,0,0,layered_block,circular,per_chunk,16,16
10639,227125,231292,16,0,0,layered_block,circular,per_chunk,16,16
10640,237000,240917,16,0,0,layered_block,circular,per_chunk,16,16
10641,237791,241750,16,0,0,layered_block,circular,per_chunk,16,16
10642,230958,234834,16,0,0,layered_block,circular,per_chunk,16,16
10643,241291,245458,16,0,0,layered_block,circular,per_chunk,16,16
10644,238000,241875,16,0,0,layered_block,circular,per_chunk,16,16
10645,282625,286709,16,0,0,layered_block,circular,per_chunk,16,16
10646,242667,246625,16,0,0,layered_block,circular,per_chunk,16,16
10647,247625,251625,16,0,0,layered_block,circular,per_chunk,16,16
10648,248000,251875,16,0,0,layered_block,circular,per_chunk,16,16
10649,240791,244667,16,0,0,layered_block,circular,per_chunk,16,16
10650,238208,242083,16,0,0,layered_block,circular,per_chunk,16,16
10651,285167,289458,16,0,0,layered_block,circular,per_chunk,16,16
10652,229417,233334,16,0,0,layered_block,circular,per_chunk,16,16
10653,232958,236875,16,0,0,layered_block,circular,per_chunk,16,16
10654,233583,237583,16,0,0,layered_block,circular,per_chunk,16,16
10655,236500,244541,16,0,0,layered_block,circular,per_chunk,16,16
10656,237416,241292,16,0,0,layered_block,circular,per_chunk,16,16
10657,241458,245333,16,0,0,layered_block,circular,per_chunk,16,16
10658,253041,256917,16,0,0,layered_block,circular,per_chunk,16,16
10659,246000,249875,16,0,0,layered_block,circular,per_chunk,16,16
10660,236042,239875,16,0,0,layered_block,circular,per_chunk,16,16
10661,243334,247250,16,0,0,layered_block,circular,per_chunk,16,16
10662,241667,245583,16,0,0,layered_block,circular,per_chunk,16,16
10663,238666,242625,16,0,0,layered_block,circular,per_chunk,16,16
10664,240292,244167,16,0,0,layered_block,circular,per_chunk,16,16
10665,235250,239250,16,0,0,layered_block,circular,per_chunk,16,16
10666,244458,248416,16,0,0,layered_block,circular,per_chunk,16,16
10667,235000,238875,16,0,0,layered_block,circular,per_chunk,16,16
10668,237750,242084,16,0,0,layered_block,circular,per_chunk,16,16
10669,252334,256166,16,0,0,layered_block,circular,per_chunk,16,16
10670,244917,248792,16,0,0,layered_block,circular,per_chunk,16,16
10671,236667,241000,16,0,0,layered_block,circular,per_chunk,16,16
10672,242333,246209,16,0,0,layered_block,circular,per_chunk,16,16
10673,227208,231209,16,0,0,layered_block,circular,per_chunk,16,16
10674,229416,233375,16,0,0,layered_block,circular,per_chunk,16,16
10675,228000,231917,16,0,0,layered_block,circular,per_chunk,16,16
10676,226958,230916,16,0,0,layered_block,circular,per_chunk,16,16
10677,232084,236042,16,0,0,layered_block,circular,per_chunk,16,16
10678,228500,232375,16,0,0,layered_block,circular,per_chunk,16,16
10679,238417,242292,16,0,0,layered_block,circular,per_chunk,16,16
10680,246750,250708,16,0,0,layered_block,circular,per_chunk,16,16
10681,240083,244042,16,0,0,layered_block,circular,per_chunk,16,16
10682,239000,242916,16,0,0,layered_block,circular,per_chunk,16,16
10683,241250,245209,16,0,0,layered_block,circular,per_chunk,16,16
10684,230708,234584,16,0,0,layered_block,circular,per_chunk,16,16
10685,269375,273417,16,0,0,layered_block,circular,per_chunk,16,16
10686,231333,235167,16,0,0,layered_block,circular,per_chunk,16,16
10687,230875,234750,16,0,0,layered_block,circular,per_chunk,16,16
10688,240459,244375,16,0,0,layered_block,circular,per_chunk,16,16
10689,220209,224291,16,0,0,layered_block,circular,per_chunk,16,16
10690,237292,241208,16,0,0,layered_block,circular,per_chunk,16,16
10691,251542,255375,16,0,0,layered_block,circular,per_chunk,16,16
10692,246083,249958,16,0,0,layered_block,circular,per_chunk,16,16
10693,240833,244708,16,0,0,layered_block,circular,per_chunk,16,16
10694,232875,236750,16,0,0,layered_block,circular,per_chunk,16,16
10695,217583,221458,16,0,0,layered_block,circular,per_chunk,16,16
10696,220750,224750,16,0,0,layered_block,circular,per_chunk,16,16
10697,233333,237167,16,0,0,layered_block,circular,per_chunk,16,16
10698,237375,241250,16,0,0,layered_block,circular,per_chunk,16,16
10699,239041,242917,16,0,0,layered_block,circular,per_chunk,16,16
10700,230958,234834,16,0,0,layered_block,circular,per_chunk,16,16
10701,235000,238917,16,0,0,layered_block,circular,per_chunk,16,16
10702,292750,296834,16,0,0,layered_block,circular,per_chunk,16,16
10703,246000,249875,16,0,0,layered_block,circular,per_chunk,16,16
10704,278708,283042,16,0,0,layered_block,circular,per_chunk,16,16
10705,242875,246791,16,0,0,layered_block,circular,per_chunk,16,16
10706,236291,240209,16,0,0,layered_block,circular,per_chunk,16,16
10707,228000,231833,16,0,0,layered_block,circular,per_chunk,16,16
10708,228750,232666,16,0,0,layered_block,circular,per_chunk,16,16
10709,236958,240875,16,0,0,layered_block,circular,per_chunk,16,16
10710,236333,240209,16,0,0,layered_block,circular,per_chunk,16,16
10711,223167,227041,16,0,0,layered_block,circular,per_chunk,16,16
10712,225250,229125,16,0,0,layered_block,circular,per_chunk,16,16
10713,247625,251542,16,0,0,layered_block,circular,per_chunk,16,16
10714,243333,247250,16,0,0,layered_block,circular,per_chunk,16,16
10715,238541,242417,16,0,0,layered_block,circular,per_chunk,16,16
10716,244375,248250,16,0,0,layered_block,circular,per_chunk,16,16
10717,243916,247792,16,0,0,layered_block,circular,per_chunk,16,16
10718,234292,238166,16,0,0,layered_block,circular,per_chunk,16,16
10719,224542,228458,16,0,0,layered_block,circular,per_chunk,16,16
10720,236833,240708,16,0,0,layered_block,circular,per_chunk,16,16
10721,240416,244334,16,0,0,layered_block,circular,per_chunk,16,16
10722,221917,225875,16,0,0,layered_block,circular,per_chunk,16,16
10723,233458,237334,16,0,0,layered_block,circular,per_chunk,16,16
10724,247292,251292,16,0,0,layered_block,circular,per_chunk,16,16
10725,242000,245916,16,0,0,layered_block,circular,per_chunk,16,16
10726,231334,235375,16,0,0,layered_block,circular,per_chunk,16,16
10727,244041,247958,16,0,0,layered_block,circular,per_chunk,16,16
10728,237792,241625,16,0,0,layered_block,circular,per_chunk,16,16
10729,232375,236250,16,0,0,layered_block,circular,per_chunk,16,16
10730,225417,229333,16,0,0,layered_block,circular,per_chunk,16,16
10731,237500,241375,16,0,0,layered_block,circular,per_chunk,16,16
10732,236334,240208,16,0,0,layered_block,circular,per_chunk,16,16
10733,231583,235625,16,0,0,layered_block,circular,per_chunk,16,16
10734,228875,232750,16,0,0,layered_block,circular,per_chunk,16,16
10735,251167,255042,16,0,0,layered_block,circular,per_chunk,16,16
10736,246292,250166,16,0,0,layered_block,circular,per_chunk,16,16
10737,239000,242833,16,0,0,layered_block,circular,per_chunk,16,16
10738,239208,243125,16,0,0,layered_block,circular,per_chunk,16,16
10739,242209,246083,16,0,0,layered_block,circular,per_chunk,16,16
10740,224083,228042,16,0,0,layered_block,circular,per_chunk,16,16
10741,225250,229125,16,0,0,layered_block,circular,per_chunk,16,16
10742,234250,238125,16,0,0,layered_block,circular,per_chunk,16,16
10743,230459,234292,16,0,0,layered_block,circular,per_chunk,16,16
10744,233750,237625,16,0,0,layered_block,circular,per_chunk,16,16
10745,231875,235666,16,0,0,layered_block,circular,per_chunk,16,16
10746,238541,242375,16,0,0,layered_block,circular,per_chunk,16,16
10747,252959,256833,16,0,0,layered_block,circular,per_chunk,16,16
10748,289167,293292,16,0,0,layered_block,circular,per_chunk,16,16
10749,242958,246792,16,0,0,layered_block,circular,per_chunk,16,16
10750,233916,237750,16,0,0,layered_block,circular,per_chunk,16,16
10751,230500,234458,16,0,0,layered_block,circular,per_chunk,16,16
10752,224042,227917,16,0,0,layered_block,circular,per_chunk,16,16
10753,231625,235459,16,0,0,layered_block,circular,per_chunk,16,16
10754,230417,234292,16,0,0,layered_block,circular,per_chunk,16,16
10755,300708,305042,16,0,0,layered_block,circular,per_chunk,16,16
10756,237209,241041,16,0,0,layered_block,circular,per_chunk,16,16
10757,234125,237958,16,0,0,layered_block,circular,per_chunk,16,16
10758,239167,243041,16,0,0,layered_block,circular,per_chunk,16,16
10759,251750,255584,16,0,0,layered_block,circular,per_chunk,16,16
10760,238000,241875,16,0,0,layered_block,circular,per_chunk,16,16
10761,241916,245750,16,0,0,layered_block,circular,per_chunk,16,16
10762,237416,241292,16,0,0,layered_block,circular,per_chunk,16,16
10763,232708,236458,16,0,0,layered_block,circular,per_chunk,16,16
10764,226459,230416,16,0,0,layered_block,circular,per_chunk,16,16
10765,232792,236667,16,0,0,layered_block,circular,per_chunk,16,16
10766,232833,236791,16,0,0,layered_block,circular,per_chunk,16,16
10767,237792,241666,16,0,0,layered_block,circular,per_chunk,16,16
10768,234958,238750,16,0,0,layered_block,circular,per_chunk,16,16
10769,237625,241500,16,0,0,layered_block,circular,per_chunk,16,16
10770,245417,249250,16,0,0,layered_block,circular,per_chunk,16,16
10771,249291,253083,16,0,0,layered_block,circular,per_chunk,16,16
10772,236250,240208,16,0,0,layered_block,circular,per_chunk,16,16
10773,244625,248459,16,0,0,layered_block,circular,per_chunk,16,16
10774,236375,240209,16,0,0,layered_block,circular,per_chunk,16,16
10775,233375,237208,16,0,0,layered_block,circular,per_chunk,16,16
10776,230042,233875,16,0,0,layered_block,circular,per_chunk,16,16
10777,229500,233333,16,0,0,layered_block,circular,per_chunk,16,16
10778,224958,228834,16,0,0,layered_block,circular,per_chunk,16,16
10779,239750,243625,16,0,0,layered_block,circular,per_chunk,16,16
10780,221042,224917,16,0,0,layered_block,circular,per_chunk,16,16
10781,233500,237375,16,0,0,layered_block,circular,per_chunk,16,16
10782,249250,253125,16,0,0,layered_block,circular,per_chunk,16,16
10783,245958,249791,16,0,0,layered_block,circular,per_chunk,16,16
10784,234125,242166,16,0,0,layered_block,circular,per_chunk,16,16
10785,235708,239625,16,0,0,layered_block,circular,per_chunk,16,16
10786,236959,240791,16,0,0,layered_block,circular,per_chunk,16,16
10787,226958,230834,16,0,0,layered_block,circular,per_chunk,16,16
10788,237416,241292,16,0,0,layered_block,circular,per_chunk,16,16
10789,223542,227500,16,0,0,layered_block,circular,per_chunk,16,16
10790,233084,236917,16,0,0,layered_block,circular,per_chunk,16,16
10791,233833,237708,16,0,0,layered_block,circular,per_chunk,16,16
10792,220916,224792,16,0,0,layered_block,circular,per_chunk,16,16
10793,239667,243583,16,0,0,layered_block,circular,per_chunk,16,16
10794,249709,253541,16,0,0,layered_block,circular,per_chunk,16,16
10795,245458,249375,16,0,0,layered_block,circular,per_chunk,16,16
10796,239625,243500,16,0,0,layered_block,circular,per_chunk,16,16
10797,234125,238042,16,0,0,layered_block,circular,per_chunk,16,16
10798,228917,232875,16,0,0,layered_block,circular,per_chunk,16,16
10799,235084,238958,16,0,0,layered_block,circular,per_chunk,16,16
10800,235708,239583,16,0,0,layered_block,circular,per_chunk,16,16
10801,222666,226625,16,0,0,layered_block,circular,per_chunk,16,16
10802,234875,239000,16,0,0,layered_block,circular,per_chunk,16,16
10803,227709,231583,16,0,0,layered_block,circular,per_chunk,16,16
10804,225792,229667,16,0,0,layered_block,circular,per_chunk,16,16
10805,246750,250584,16,0,0,layered_block,circular,per_chunk,16,16
10806,251916,255834,16,0,0,layered_block,circular,per_chunk,16,16
10807,239375,243583,16,0,0,layered_block,circular,per_chunk,16,16
10808,230708,234667,16,0,0,layered_block,circular,per_chunk,16,16
10809,233083,237125,16,0,0,layered_block,circular,per_chunk,16,16
10810,275500,279667,16,0,0,layered_block,circular,per_chunk,16,16
10811,232208,236042,16,0,0,layered_block,circular,per_chunk,16,16
10812,224750,228666,16,0,0,layered_block,circular,per_chunk,16,16
10813,235208,239083,16,0,0,layered_block,circular,per_chunk,16,16
10814,239750,243666,16,0,0,layered_block,circular,per_chunk,16,16
10815,222625,226542,16,0,0,layered_block,circular,per_chunk,16,16
10816,238416,242292,16,0,0,layered_block,circular,per_chunk,16,16
10817,242041,246000,16,0,0,layered_block,circular,per_chunk,16,16
10818,242791,246750,16,0,0,layered_block,circular,per_chunk,16,16
10819,245792,249750,16,0,0,layered_block,circular,per_chunk,16,16
10820,234333,238208,16,0,0,layered_block,circular,per_chunk,16,16
10821,283000,287125,16,0,0,layered_block,circular,per_chunk,16,16
10822,235584,239458,16,0,0,layered_block,circular,per_chunk,16,16
10823,235875,239917,16,0,0,layered_block,circular,per_chunk,16,16
10824,235458,239334,16,0,0,layered_block,circular,per_chunk,16,16
10825,229125,233042,16,0,0,layered_block,circular,per_chunk,16,16
10826,228667,232500,16,0,0,layered_block,circular,per_chunk,16,16
10827,221792,225625,16,0,0,layered_block,circular,per_chunk,16,16
10828,279625,284000,16,0,0,layered_block,circular,per_chunk,16,16
10829,234833,238667,16,0,0,layered_block,circular,per_chunk,16,16
10830,243541,247417,16,0,0,layered_block,circular,per_chunk,16,16
10831,241125,245083,16,0,0,layered_block,circular,per_chunk,16,16
10832,236084,239958,16,0,0,layered_block,circular,per_chunk,16,16
10833,236250,240083,16,0,0,layered_block,circular,per_chunk,16,16
10834,222667,226583,16,0,0,layered_block,circular,per_chunk,16,16
10835,233250,237125,16,0,0,layered_block,circular,per_chunk,16,16
10836,221458,225458,16,0,0,layered_block,circular,per_chunk,16,16
10837,276458,280583,16,0,0,layered_block,circular,per_chunk,16,16
10838,224042,228000,16,0,0,layered_block,circular,per_chunk,16,16
10839,231500,235333,16,0,0,layered_block,circular,per_chunk,16,16
10840,234708,238583,16,0,0,layered_block,circular,per_chunk,16,16
10841,229125,237250,16,0,0,layered_block,circular,per_chunk,16,16
10842,242375,246333,16,0,0,layered_block,circular,per_chunk,16,16
10843,245083,249042,16,0,0,layered_block,circular,per_chunk,16,16
10844,242750,246666,16,0,0,layered_block,circular,per_chunk,16,16
10845,235459,239333,16,0,0,layered_block,circular,per_chunk,16,16
10846,237250,241166,16,0,0,layered_block,circular,per_chunk,16,16
10847,234542,238416,16,0,0,layered_block,circular,per_chunk,16,16
10848,222083,226000,16,0,0,layered_block,circular,per_chunk,16,16
10849,234500,238333,16,0,0,layered_block,circular,per_chunk,16,16
10850,232833,236709,16,0,0,layered_block,circular,per_chunk,16,16
10851,224667,228584,16,0,0,layered_block,circular,per_chunk,16,16
10852,231625,235500,16,0,0,layered_block,circular,per_chunk,16,16
10853,282667,286750,16,0,0,layered_block,circular,per_chunk,16,16
10854,233333,237167,16,0,0,layered_block,circular,per_chunk,16,16
10855,242708,246583,16,0,0,layered_block,circular,per_chunk,16,16
10856,242959,246833,16,0,0,layered_block,circular,per_chunk,16,16
10857,234083,237959,16,0,0,layered_block,circular,per_chunk,16,16
10858,237500,241375,16,0,0,layered_block,circular,per_chunk,16,16
10859,237750,241625,16,0,0,layered_block,circular,per_chunk,16,16
10860,231708,235625,16,0,0,layered_block,circular,per_chunk,16,16
10861,218583,222459,16,0,0,layered_block,circular,per_chunk,16,16
10862,230959,234833,16,0,0,layered_block,circular,per_chunk,16,16
10863,223250,227125,16,0,0,layered_block,circular,per_chunk,16,16
10864,229416,233334,16,0,0,layered_block,circular,per_chunk,16,16
10865,225792,229708,16,0,0,layered_block,circular,per_chunk,16,16
10866,228459,232250,16,0,0,layered_block,circular,per_chunk,16,16
10867,232708,236625,16,0,0,layered_block,circular,per_chunk,16,16
10868,248125,252000,16,0,0,layered_block,circular,per_chunk,16,16
10869,234958,238917,16,0,0,layered_block,circular,per_chunk,16,16
10870,233875,237833,16,0,0,layered_block,circular,per_chunk,16,16
10871,303875,308208,16,0,0,layered_block,circular,per_chunk,16,16
10872,236542,240416,16,0,0,layered_block,circular,per_chunk,16,16
10873,225583,229500,16,0,0,layered_block,circular,per_chunk,16,16
10874,231333,235167,16,0,0,layered_block,circular,per_chunk,16,16
10875,222542,226375,16,0,0,layered_block,circular,per_chunk,16,16
10876,234500,238375,16,0,0,layered_block,circular,per_chunk,16,16
10877,233625,237500,16,0,0,layered_block,circular,per_chunk,16,16
10878,273583,282792,16,0,0,layered_block,circular,per_chunk,16,16
10879,228791,232667,16,0,0,layered_block,circular,per_chunk,16,16
10880,247625,251500,16,0,0,layered_block,circular,per_chunk,16,16
10881,246291,250167,16,0,0,layered_block,circular,per_chunk,16,16
10882,235625,239542,16,0,0,layered_block,circular,per_chunk,16,16
10883,232750,236625,16,0,0,layered_block,circular,per_chunk,16,16
10884,226875,230875,16,0,0,layered_block,circular,per_chunk,16,16
10885,218333,227292,16,0,0,layered_block,circular,per_chunk,16,16
10886,220166,224125,16,0,0,layered_block,circular,per_chunk,16,16
10887,213833,217833,16,0,0,layered_block,circular,per_chunk,16,16
10888,223250,227292,16,0,0,layered_block,circular,per_chunk,16,16
10889,230375,234250,16,0,0,layered_block,circular,per_chunk,16,16
10890,225041,229083,16,0,0,layered_block,circular,per_chunk,16,16
10891,229958,233833,16,0,0,layered_block,circular,per_chunk,16,16
10892,239000,242792,16,0,0,layered_block,circular,per_chunk,16,16
10893,244041,247958,16,0,0,layered_block,circular,per_chunk,16,16
10894,238291,242167,16,0,0,layered_block,circular,per_chunk,16,16
10895,236500,240375,16,0,0,layered_block,circular,per_chunk,16,16
10896,238917,242750,16,0,0,layered_block,circular,per_chunk,16,16
10897,233625,237458,16,0,0,layered_block,circular,per_chunk,16,16
10898,226291,230125,16,0,0,layered_block,circular,per_chunk,16,16
10899,226125,229958,16,0,0,layered_block,circular,per_chunk,16,16
10900,229875,233791,16,0,0,layered_block,circular,per_chunk,16,16
10901,237292,241084,16,0,0,layered_block,circular,per_chunk,16,16
10902,229542,233375,16,0,0,layered_block,circular,per_chunk,16,16
10903,227042,231000,16,0,0,layered_block,circular,per_chunk,16,16
10904,276541,280583,16,0,0,layered_block,circular,per_chunk,16,16
10905,241000,244834,16,0,0,layered_block,circular,per_chunk,16,16
10906,292667,296791,16,0,0,layered_block,circular,per_chunk,16,16
10907,239041,242833,16,0,0,layered_block,circular,per_chunk,16,16
10908,241542,245292,16,0,0,layered_block,circular,per_chunk,16,16
10909,235334,239166,16,0,0,layered_block,circular,per_chunk,16,16
10910,234583,238417,16,0,0,layered_block,circular,per_chunk,16,16
10911,230250,234083,16,0,0,layered_block,circular,per_chunk,16,16
10912,228000,231916,16,0,0,layered_block,circular,per_chunk,16,16
10913,235292,239166,16,0,0,layered_block,circular,per_chunk,16,16
10914,221750,225667,16,0,0,layered_block,circular,per_chunk,16,16
10915,220041,224000,16,0,0,layered_block,circular,per_chunk,16,16
10916,224208,228083,16,0,0,layered_block,circular,per_chunk,16,16
10917,212959,216875,16,0,0,layered_block,circular,per_chunk,16,16
10918,285167,289250,16,0,0,layered_block,circular,per_chunk,16,16
10919,240875,244792,16,0,0,layered_block,circular,per_chunk,16,16
10920,228625,232542,16,0,0,layered_block,circular,per_chunk,16,16
10921,230833,234708,16,0,0,layered_block,circular,per_chunk,16,16
10922,230583,234417,16,0,0,layered_block,circular,per_chunk,16,16
10923,223291,227083,16,0,0,layered_block,circular,per_chunk,16,16
10924,221750,225583,16,0,0,layered_block,circular,per_chunk,16,16
10925,225500,229375,16,0,0,layered_block,circular,per_chunk,16,16
10926,222875,226708,16,0,0,layered_block,circular,per_chunk,16,16
10927,226583,230417,16,0,0,layered_block,circular,per_chunk,16,16
10928,219667,223500,16,0,0,layered_block,circular,per_chunk,16,16
10929,218750,222584,16,0,0,layered_block,circular,per_chunk,16,16
10930,212458,216417,16,0,0,layered_block,circular,per_chunk,16,16
10931,278917,283083,16,0,0,layered_block,circular,per_chunk,16,16
10932,242625,246458,16,0,0,layered_block,circular,per_chunk,16,16
10933,231583,235459,16,0,0,layered_block,circular,per_chunk,16,16
10934,229292,233208,16,0,0,layered_block,circular,per_chunk,16,16
10935,232542,236375,16,0,0,layered_block,circular,per_chunk,16,16
10936,219000,222917,16,0,0,layered_block,circular,per_chunk,16,16
10937,220000,224041,16,0,0,layered_block,circular,per_chunk,16,16
10938,230500,234334,16,0,0,layered_block,circular,per_chunk,16,16
10939,223375,227209,16,0,0,layered_block,circular,per_chunk,16,16
10940,219292,223125,16,0,0,layered_block,circular,per_chunk,16,16
10941,207625,211542,16,0,0,layered_block,circular,per_chunk,16,16
10942,222917,226750,16,0,0,layered_block,circular,per_chunk,16,16
10943,224750,228583,16,0,0,layered_block,circular,per_chunk,16,16
10944,237292,241167,16,0,0,layered_block,circular,per_chunk,16,16
10945,238750,242583,16,0,0,layered_block,circular,per_chunk,16,16
10946,235333,239167,16,0,0,layered_block,circular,per_chunk,16,16
10947,219458,223375,16,0,0,layered_block,circular,per_chunk,16,16
10948,231208,235083,16,0,0,layered_block,circular,per_chunk,16,16
10949,228833,232667,16,0,0,layered_block,circular,per_chunk,16,16
10950,230750,234584,16,0,0,layered_block,circular,per_chunk,16,16
10951,230666,234542,16,0,0,layered_block,circular,per_chunk,16,16
10952,225458,229417,16,0,0,layered_block,circular,per_chunk,16,16
10953,217500,221375,16,0,0,layered_block,circular,per_chunk,16,16
10954,223208,227042,16,0,0,layered_block,circular,per_chunk,16,16
10955,223667,227542,16,0,0,layered_block,circular,per_chunk,16,16
10956,226541,230375,16,0,0,layered_block,circular,per_chunk,16,16
10957,224375,228208,16,0,0,layered_block,circular,per_chunk,16,16
10958,221459,225417,16,0,0,layered_block,circular,per_chunk,16,16
10959,275500,279875,16,0,0,layered_block,circular,per_chunk,16,16
10960,210334,214208,16,0,0,layered_block,circular,per_chunk,16,16
10961,223542,227500,16,0,0,layered_block,circular,per_chunk,16,16
10962,211792,215708,16,0,0,layered_block,circular,per_chunk,16,16
10963,223750,227583,16,0,0,layered_block,circular,per_chunk,16,16
10964,219375,223208,16,0,0,layered_block,circular,per_chunk,16,16
10965,214000,217917,16,0,0,layered_block,circular,per_chunk,16,16
10966,215667,219500,16,0,0,layered_block,circular,per_chunk,16,16
10967,214667,218542,16,0,0,layered_block,circular,per_chunk,16,16
10968,217250,221125,16,0,0,layered_block,circular,per_chunk,16,16
10969,243459,247459,16,0,0,layered_block,circular,per_chunk,16,16
10970,259833,263792,16,0,0,layered_block,circular,per_chunk,16,16
10971,250208,254125,16,0,0,layered_block,circular,per_chunk,16,16
10972,254584,258500,16,0,0,layered_block,circular,per_chunk,16,16
10973,251750,255583,16,0,0,layered_block,circular,per_chunk,16,16
10974,253041,256875,16,0,0,layered_block,circular,per_chunk,16,16
10975,244916,248792,16,0,0,layered_block,circular,per_chunk,16,16
10976,240834,244750,16,0,0,layered_block,circular,per_chunk,16,16
10977,230125,234000,16,0,0,layered_block,circular,per_chunk,16,16
10978,220709,224667,16,0,0,layered_block,circular,per_chunk,16,16
10979,225375,229250,16,0,0,layered_block,circular,per_chunk,16,16
10980,221667,225541,16,0,0,layered_block,circular,per_chunk,16,16
10981,229042,232958,16,0,0,layered_block,circular,per_chunk,16,16
10982,233166,237042,16,0,0,layered_block,circular,per_chunk,16,16
10983,273750,277792,16,0,0,layered_block,circular,per_chunk,16,16
10984,231250,235083,16,0,0,layered_block,circular,per_chunk,16,16
10985,225667,229542,16,0,0,layered_block,circular,per_chunk,16,16
10986,232417,236292,16,0,0,layered_block,circular,per_chunk,16,16
10987,235209,239167,16,0,0,layered_block,circular,per_chunk,16,16
10988,232625,240625,16,0,0,layered_block,circular,per_chunk,16,16
10989,248042,252000,16,0,0,layered_block,circular,per_chunk,16,16
10990,251583,255458,16,0,0,layered_block,circular,per_chunk,16,16
10991,254708,258583,16,0,0,layered_block,circular,per_chunk,16,16
10992,250000,253917,16,0,0,layered_block,circular,per_chunk,16,16
10993,256334,260208,16,0,0,layered_block,circular,per_chunk,16,16
10994,256750,260584,16,0,0,layered_block,circular,per_chunk,16,16
10995,249333,253250,16,0,0,layered_block,circular,per_chunk,16,16
10996,252917,256750,16,0,0,layered_block,circular,per_chunk,16,16
10997,256583,260417,16,0,0,layered_block,circular,per_chunk,16,16
10998,251167,255042,16,0,0,layered_block,circular,per_chunk,16,16
10999,246834,250666,16,0,0,layered_block,circular,per_chunk,16,16
11000,238500,242375,16,0,0,layered_block,circular,per_chunk,16,16
11001,215916,219708,16,0,0,layered_block,circular,per_chunk,16,16
11002,217916,221834,16,0,0,layered_block,circular,per_chunk,16,16
11003,215792,219667,16,0,0,layered_block,circular,per_chunk,16,16
11004,219625,223541,16,0,0,layered_block,circular,per_chunk,16,16
11005,227917,231833,16,0,0,layered_block,circular,per_chunk,16,16
11006,228834,232666,16,0,0,layered_block,circular,per_chunk,16,16
11007,229208,233125,16,0,0,layered_block,circular,per_chunk,16,16
11008,230375,234209,16,0,0,layered_block,circular,per_chunk,16,16
11009,233208,237084,16,0,0,layered_block,circular,per_chunk,16,16
11010,228042,232042,16,0,0,layered_block,circular,per_chunk,16,16
11011,279458,283625,16,0,0,layered_block,circular,per_chunk,16,16
11012,245750,249625,16,0,0,layered_block,circular,per_chunk,16,16
11013,296500,300708,16,0,0,layered_block,circular,per_chunk,16,16
11014,254584,258500,16,0,0,layered_block,circular,per_chunk,16,16
11015,248667,252583,16,0,0,layered_block,circular,per_chunk,16,16
11016,257417,261333,16,0,0,layered_block,circular,per_chunk,16,16
11017,253417,257375,16,0,0,layered_block,circular,per_chunk,16,16
11018,246500,250375,16,0,0,layered_block,circular,per_chunk,16,16
11019,244375,248250,16,0,0,layered_block,circular,per_chunk,16,16
11020,255709,259583,16,0,0,layered_block,circular,per_chunk,16,16
11021,253583,257458,16,0,0,layered_block,circular,per_chunk,16,16
11022,292041,296542,16,0,0,layered_block,circular,per_chunk,16,16
11023,237417,241500,16,0,0,layered_block,circular,per_chunk,16,16
11024,233166,237125,16,0,0,layered_block,circular,per_chunk,16,16
11025,228750,232625,16,0,0,layered_block,circular,per_chunk,16,16
11026,236333,240209,16,0,0,layered_block,circular,per_chunk,16,16
11027,232875,236750,16,0,0,layered_block,circular,per_chunk,16,16
11028,235250,239167,16,0,0,layered_block,circular,per_chunk,16,16
11029,226416,230375,16,0,0,layered_block,circular,per_chunk,16,16
11030,277958,286250,16,0,0,layered_block,circular,per_chunk,16,16
11031,233709,237583,16,0,0,layered_block,circular,per_chunk,16,16
11032,233750,237583,16,0,0,layered_block,circular,per_chunk,16,16
11033,233625,237542,16,0,0,layered_block,circular,per_chunk,16,16
11034,234833,238709,16,0,0,layered_block,circular,per_chunk,16,16
11035,243125,247000,16,0,0,layered_block,circular,per_chunk,16,16
11036,245417,249291,16,0,0,layered_block,circular,per_chunk,16,16
11037,255291,259125,16,0,0,layered_block,circular,per_chunk,16,16
11038,249458,253333,16,0,0,layered_block,circular,per_chunk,16,16
11039,247917,252208,16,0,0,layered_block,circular,per_chunk,16,16
11040,303375,307500,16,0,0,layered_block,circular,per_chunk,16,16
11041,254542,258417,16,0,0,layered_block,circular,per_chunk,16,16
11042,247459,251375,16,0,0,layered_block,circular,per_chunk,16,16
11043,250958,254875,16,0,0,layered_block,circular,per_chunk,16,16
11044,253083,256958,16,0,0,layered_block,circular,per_chunk,16,16
11045,250542,254417,16,0,0,layered_block,circular,per_chunk,16,16
11046,251375,255250,16,0,0,layered_block,circular,per_chunk,16,16
11047,242708,246625,16,0,0,layered_block,circular,per_chunk,16,16
11048,241625,245500,16,0,0,layered_block,circular,per_chunk,16,16
11049,235958,239875,16,0,0,layered_block,circular,per_chunk,16,16
11050,228667,232625,16,0,0,layered_block,circular,per_chunk,16,16
11051,229417,233333,16,0,0,layered_block,circular,per_chunk,16,16
11052,264458,268584,16,0,0,layered_block,circular,per_chunk,16,16
11053,225833,229791,16,0,0,layered_block,circular,per_chunk,16,16
11054,231125,235166,16,0,0,layered_block,circular,per_chunk,16,16
11055,230458,234334,16,0,0,layered_block,circular,per_chunk,16,16
11056,232000,235875,16,0,0,layered_block,circular,per_chunk,16,16
11057,246209,250125,16,0,0,layered_block,circular,per_chunk,16,16
11058,242458,246416,16,0,0,layered_block,circular,per_chunk,16,16
11059,246000,249917,16,0,0,layered_block,circular,per_chunk,16,16
11060,247125,251000,16,0,0,layered_block,circular,per_chunk,16,16
11061,252584,256500,16,0,0,layered_block,circular,per_chunk,16,16
11062,242916,246792,16,0,0,layered_block,circular,per_chunk,16,16
11063,248334,252250,16,0,0,layered_block,circular,per_chunk,16,16
11064,256292,260166,16,0,0,layered_block,circular,per_chunk,16,16
11065,247291,251209,16,0,0,layered_block,circular,per_chunk,16,16
11066,243042,247000,16,0,0,layered_block,circular,per_chunk,16,16
11067,251209,255125,16,0,0,layered_block,circular,per_chunk,16,16
11068,254041,257833,16,0,0,layered_block,circular,per_chunk,16,16
11069,239000,242875,16,0,0,layered_block,circular,per_chunk,16,16
11070,247750,251625,16,0,0,layered_block,circular,per_chunk,16,16
11071,231125,235042,16,0,0,layered_block,circular,per_chunk,16,16
11072,227125,231000,16,0,0,layered_block,circular,per_chunk,16,16
11073,222375,226208,16,0,0,layered_block,circular,per_chunk,16,16
11074,225750,229625,16,0,0,layered_block,circular,per_chunk,16,16
11075,219250,223042,16,0,0,layered_block,circular,per_chunk,16,16
11076,223333,227292,16,0,0,layered_block,circular,per_chunk,16,16
11077,232541,236417,16,0,0,layered_block,circular,per_chunk,16,16
11078,228375,232250,16,0,0,layered_block,circular,per_chunk,16,16
11079,232875,236791,16,0,0,layered_block,circular,per_chunk,16,16
11080,283500,287625,16,0,0,layered_block,circular,per_chunk,16,16
11081,242625,246500,16,0,0,layered_block,circular,per_chunk,16,16
11082,242042,245875,16,0,0,layered_block,circular,per_chunk,16,16
11083,239917,243917,16,0,0,layered_block,circular,per_chunk,16,16
11084,301166,305667,16,0,0,layered_block,circular,per_chunk,16,16
11085,250416,254292,16,0,0,layered_block,circular,per_chunk,16,16
11086,243833,247709,16,0,0,layered_block,circular,per_chunk,16,16
11087,256875,260792,16,0,0,layered_block,circular,per_chunk,16,16
11088,247917,251791,16,0,0,layered_block,circular,per_chunk,16,16
11089,242042,245875,16,0,0,layered_block,circular,per_chunk,16,16
11090,250208,254084,16,0,0,layered_block,circular,per_chunk,16,16
11091,255208,259000,16,0,0,layered_block,circular,per_chunk,16,16
11092,249917,253833,16,0,0,layered_block,circular,per_chunk,16,16
11093,248792,252625,16,0,0,layered_block,circular,per_chunk,16,16
11094,238334,242208,16,0,0,layered_block,circular,per_chunk,16,16
11095,228584,232458,16,0,0,layered_block,circular,per_chunk,16,16
11096,230167,234084,16,0,0,layered_block,circular,per_chunk,16,16
11097,232292,236167,16,0,0,layered_block,circular,per_chunk,16,16
11098,224375,228250,16,0,0,layered_block,circular,per_chunk,16,16
11099,232333,236167,16,0,0,layered_block,circular,per_chunk,16,16
11100,278583,283000,16,0,0,layered_block,circular,per_chunk,16,16
11101,228167,236167,16,0,0,layered_block,circular,per_chunk,16,16
11102,233750,237541,16,0,0,layered_block,circular,per_chunk,16,16
11103,236667,240583,16,0,0,layered_block,circular,per_chunk,16,16
11104,244250,248166,16,0,0,layered_block,circular,per_chunk,16,16
11105,240417,244250,16,0,0,layered_block,circular,per_chunk,16,16
11106,237208,241208,16,0,0,layered_block,circular,per_chunk,16,16
11107,248750,252583,16,0,0,layered_block,circular,per_chunk,16,16
11108,246250,250167,16,0,0,layered_block,circular,per_chunk,16,16
11109,245917,249750,16,0,0,layered_block,circular,per_chunk,16,16
11110,252917,256709,16,0,0,layered_block,circular,per_chunk,16,16
11111,251750,255667,16,0,0,layered_block,circular,per_chunk,16,16
11112,287708,292042,16,0,0,layered_block,circular,per_chunk,16,16
11113,246334,250208,16,0,0,layered_block,circular,per_chunk,16,16
11114,299875,303875,16,0,0,layered_block,circular,per_chunk,16,16
11115,246917,250750,16,0,0,layered_block,circular,per_chunk,16,16
11116,238292,242167,16,0,0,layered_block,circular,per_chunk,16,16
11117,244167,248000,16,0,0,layered_block,circular,per_chunk,16,16
11118,239042,243167,16,0,0,layered_block,circular,per_chunk,16,16
11119,244084,247958,16,0,0,layered_block,circular,per_chunk,16,16
11120,281708,285834,16,0,0,layered_block,circular,per_chunk,16,16
11121,233917,237750,16,0,0,layered_block,circular,per_chunk,16,16
11122,221125,224958,16,0,0,layered_block,circular,per_chunk,16,16
11123,215084,219000,16,0,0,layered_block,circular,per_chunk,16,16
11124,231708,235542,16,0,0,layered_block,circular,per_chunk,16,16
11125,240917,244875,16,0,0,layered_block,circular,per_chunk,16,16
11126,240875,244750,16,0,0,layered_block,circular,per_chunk,16,16
11127,292083,296167,16,0,0,layered_block,circular,per_chunk,16,16
11128,243208,247083,16,0,0,layered_block,circular,per_chunk,16,16
11129,284458,288958,16,0,0,layered_block,circular,per_chunk,16,16
11130,248375,252167,16,0,0,layered_block,circular,per_chunk,16,16
11131,251708,255750,16,0,0,layered_block,circular,per_chunk,16,16
11132,246458,250250,16,0,0,layered_block,circular,per_chunk,16,16
11133,250250,254125,16,0,0,layered_block,circular,per_chunk,16,16
11134,256708,260542,16,0,0,layered_block,circular,per_chunk,16,16
11135,249292,253209,16,0,0,layered_block,circular,per_chunk,16,16
11136,239000,242875,16,0,0,layered_block,circular,per_chunk,16,16
11137,253709,257541,16,0,0,layered_block,circular,per_chunk,16,16
11138,254125,257958,16,0,0,layered_block,circular,per_chunk,16,16
11139,250667,254541,16,0,0,layered_block,circular,per_chunk,16,16
11140,240917,244791,16,0,0,layered_block,circular,per_chunk,16,16
11141,241958,245917,16,0,0,layered_block,circular,per_chunk,16,16
11142,227875,231875,16,0,0,layered_block,circular,per_chunk,16,16
11143,232292,236167,16,0,0,layered_block,circular,per_chunk,16,16
11144,230875,234750,16,0,0,layered_block,circular,per_chunk,16,16
11145,225083,229041,16,0,0,layered_block,circular,per_chunk,16,16
11146,233792,237625,16,0,0,layered_block,circular,per_chunk,16,16
11147,276709,280833,16,0,0,layered_block,circular,per_chunk,16,16
11148,235625,239458,16,0,0,layered_block,circular,per_chunk,16,16
11149,239875,243792,16,0,0,layered_block,circular,per_chunk,16,16
11150,241875,245791,16,0,0,layered_block,circular,per_chunk,16,16
11151,233083,237000,16,0,0,layered_block,circular,per_chunk,16,16
11152,231709,235667,16,0,0,layered_block,circular,per_chunk,16,16
11153,243250,247166,16,0,0,layered_block,circular,per_chunk,16,16
11154,242334,246250,16,0,0,layered_block,circular,per_chunk,16,16
11155,248750,252625,16,0,0,layered_block,circular,per_chunk,16,16
11156,245583,249458,16,0,0,layered_block,circular,per_chunk,16,16
11157,255916,259792,16,0,0,layered_block,circular,per_chunk,16,16
11158,254750,258625,16,0,0,layered_block,circular,per_chunk,16,16
11159,294167,298291,16,0,0,layered_block,circular,per_chunk,16,16
11160,250375,254209,16,0,0,layered_block,circular,per_chunk,16,16
11161,257250,261166,16,0,0,layered_block,circular,per_chunk,16,16
11162,250917,254792,16,0,0,layered_block,circular,per_chunk,16,16
11163,248125,252000,16,0,0,layered_block,circular,per_chunk,16,16
11164,240792,244667,16,0,0,layered_block,circular,per_chunk,16,16
11165,239667,243583,16,0,0,layered_block,circular,per_chunk,16,16
11166,239959,243833,16,0,0,layered_block,circular,per_chunk,16,16
11167,234375,260416,16,0,0,layered_block,circular,per_chunk,16,16
11168,231000,234875,16,0,0,layered_block,circular,per_chunk,16,16
11169,228875,232750,16,0,0,layered_block,circular,per_chunk,16,16
11170,236209,240083,16,0,0,layered_block,circular,per_chunk,16,16
11171,239583,243375,16,0,0,layered_block,circular,per_chunk,16,16
11172,242625,246458,16,0,0,layered_block,circular,per_chunk,16,16
11173,243666,247500,16,0,0,layered_block,circular,per_chunk,16,16
11174,233542,237417,16,0,0,layered_block,circular,per_chunk,16,16
11175,228584,232459,16,0,0,layered_block,circular,per_chunk,16,16
11176,234500,238375,16,0,0,layered_block,circular,per_chunk,16,16
11177,250000,253916,16,0,0,layered_block,circular,per_chunk,16,16
11178,252000,255959,16,0,0,layered_block,circular,per_chunk,16,16
11179,245375,249209,16,0,0,layered_block,circular,per_chunk,16,16
11180,251500,255333,16,0,0,layered_block,circular,per_chunk,16,16
11181,258541,262458,16,0,0,layered_block,circular,per_chunk,16,16
11182,243375,247250,16,0,0,layered_block,circular,per_chunk,16,16
11183,245458,249292,16,0,0,layered_block,circular,per_chunk,16,16
11184,255375,259292,16,0,0,layered_block,circular,per_chunk,16,16
11185,295041,299125,16,0,0,layered_block,circular,per_chunk,16,16
11186,246917,250792,16,0,0,layered_block,circular,per_chunk,16,16
11187,280667,284833,16,0,0,layered_block,circular,per_chunk,16,16
11188,243583,247458,16,0,0,layered_block,circular,per_chunk,16,16
11189,285583,289750,16,0,0,layered_block,circular,per_chunk,16,16
11190,234667,238500,16,0,0,layered_block,circular,per_chunk,16,16
11191,332459,336542,16,0,0,layered_block,circular,per_chunk,16,16
11192,222416,226375,16,0,0,layered_block,circular,per_chunk,16,16
11193,227792,231666,16,0,0,layered_block,circular,per_chunk,16,16
11194,234333,238167,16,0,0,layered_block,circular,per_chunk,16,16
11195,231625,235584,16,0,0,layered_block,circular,per_chunk,16,16
11196,242500,246334,16,0,0,layered_block,circular,per_chunk,16,16
11197,280833,284958,16,0,0,layered_block,circular,per_chunk,16,16
11198,230667,234583,16,0,0,layered_block,circular,per_chunk,16,16
11199,242416,246334,16,0,0,layered_block,circular,per_chunk,16,16
11200,239583,243500,16,0,0,layered_block,circular,per_chunk,16,16
11201,244459,248375,16,0,0,layered_block,circular,per_chunk,16,16
11202,249541,253458,16,0,0,layered_block,circular,per_chunk,16,16
11203,244500,248416,16,0,0,layered_block,circular,per_chunk,16,16
11204,255375,259208,16,0,0,layered_block,circular,per_chunk,16,16
11205,256000,259917,16,0,0,layered_block,circular,per_chunk,16,16
11206,242583,246500,16,0,0,layered_block,circular,per_chunk,16,16
11207,244208,248584,16,0,0,layered_block,circular,per_chunk,16,16
11208,253083,257000,16,0,0,layered_block,circular,per_chunk,16,16
11209,245041,248917,16,0,0,layered_block,circular,per_chunk,16,16
11210,242084,245958,16,0,0,layered_block,circular,per_chunk,16,16
11211,240291,244250,16,0,0,layered_block,circular,per_chunk,16,16
11212,239458,243375,16,0,0,layered_block,circular,per_chunk,16,16
11213,225167,229083,16,0,0,layered_block,circular,per_chunk,16,16
11214,225041,228959,16,0,0,layered_block,circular,per_chunk,16,16
11215,227667,231500,16,0,0,layered_block,circular,per_chunk,16,16
11216,230333,234333,16,0,0,layered_block,circular,per_chunk,16,16
11217,232208,236125,16,0,0,layered_block,circular,per_chunk,16,16
11218,230167,234125,16,0,0,layered_block,circular,per_chunk,16,16
11219,236000,239792,16,0,0,layered_block,circular,per_chunk,16,16
11220,280000,284041,16,0,0,layered_block,circular,per_chunk,16,16
11221,231208,235125,16,0,0,layered_block,circular,per_chunk,16,16
11222,240042,243875,16,0,0,layered_block,circular,per_chunk,16,16
11223,240084,243958,16,0,0,layered_block,circular,per_chunk,16,16
11224,238833,242708,16,0,0,layered_block,circular,per_chunk,16,16
11225,247292,251125,16,0,0,layered_block,circular,per_chunk,16,16
11226,245250,249125,16,0,0,layered_block,circular,per_chunk,16,16
11227,254208,258042,16,0,0,layered_block,circular,per_chunk,16,16
11228,252084,256042,16,0,0,layered_block,circular,per_chunk,16,16
11229,244250,248125,16,0,0,layered_block,circular,per_chunk,16,16
11230,288417,292500,16,0,0,layered_block,circular,per_chunk,16,16
11231,254917,258750,16,0,0,layered_block,circular,per_chunk,16,16
11232,247542,251459,16,0,0,layered_block,circular,per_chunk,16,16
11233,244917,248792,16,0,0,layered_block,circular,per_chunk,16,16
11234,247375,251250,16,0,0,layered_block,circular,per_chunk,16,16
11235,241916,245834,16,0,0,layered_block,circular,per_chunk,16,16
11236,235709,239583,16,0,0,layered_block,circular,per_chunk,16,16
11237,236875,240708,16,0,0,layered_block,circular,per_chunk,16,16
11238,268166,272500,16,0,0,layered_block,circular,per_chunk,16,16
11239,234833,238709,16,0,0,layered_block,circular,per_chunk,16,16
11240,233916,237792,16,0,0,layered_block,circular,per_chunk,16,16
11241,237791,241625,16,0,0,layered_block,circular,per_chunk,16,16
11242,239792,243625,16,0,0,layered_block,circular,per_chunk,16,16
11243,234333,238167,16,0,0,layered_block,circular,per_chunk,16,16
11244,232250,236083,16,0,0,layered_block,circular,per_chunk,16,16
11245,224500,228375,16,0,0,layered_block,circular,per_chunk,16,16
11246,235333,239166,16,0,0,layered_block,circular,per_chunk,16,16
11247,235167,239042,16,0,0,layered_block,circular,per_chunk,16,16
11248,246333,250167,16,0,0,layered_block,circular,per_chunk,16,16
11249,245208,249125,16,0,0,layered_block,circular,per_chunk,16,16
11250,244833,248791,16,0,0,layered_block,circular,per_chunk,16,16
11251,256041,259875,16,0,0,layered_block,circular,per_chunk,16,16
11252,254959,258750,16,0,0,layered_block,circular,per_chunk,16,16
11253,243583,247459,16,0,0,layered_block,circular,per_chunk,16,16
11254,245542,249458,16,0,0,layered_block,circular,per_chunk,16,16
11255,246166,250084,16,0,0,layered_block,circular,per_chunk,16,16
11256,243500,247333,16,0,0,layered_block,circular,per_chunk,16,16
11257,246333,250209,16,0,0,layered_block,circular,per_chunk,16,16
11258,238583,242500,16,0,0,layered_block,circular,per_chunk,16,16
11259,241167,245042,16,0,0,layered_block,circular,per_chunk,16,16
11260,239667,243500,16,0,0,layered_block,circular,per_chunk,16,16
11261,237084,240916,16,0,0,layered_block,circular,per_chunk,16,16
11262,238083,241958,16,0,0,layered_block,circular,per_chunk,16,16
11263,233208,237000,16,0,0,layered_block,circular,per_chunk,16,16
11264,235583,239375,16,0,0,layered_block,circular,per_chunk,16,16
11265,235625,239500,16,0,0,layered_block,circular,per_chunk,16,16
11266,232250,236084,16,0,0,layered_block,circular,per_chunk,16,16
11267,229167,233042,16,0,0,layered_block,circular,per_chunk,16,16
11268,229125,233125,16,0,0,layered_block,circular,per_chunk,16,16
11269,236292,240125,16,0,0,layered_block,circular,per_chunk,16,16
11270,241125,244958,16,0,0,layered_block,circular,per_chunk,16,16
11271,236917,240791,16,0,0,layered_block,circular,per_chunk,16,16
11272,239333,243250,16,0,0,layered_block,circular,per_chunk,16,16
11273,252375,256208,16,0,0,layered_block,circular,per_chunk,16,16
11274,247500,251417,16,0,0,layered_block,circular,per_chunk,16,16
11275,257375,261250,16,0,0,layered_block,circular,per_chunk,16,16
11276,238875,242792,16,0,0,layered_block,circular,per_chunk,16,16
11277,246291,250125,16,0,0,layered_block,circular,per_chunk,16,16
11278,255041,258875,16,0,0,layered_block,circular,per_chunk,16,16
11279,248875,252834,16,0,0,layered_block,circular,per_chunk,16,16
11280,245583,249542,16,0,0,layered_block,circular,per_chunk,16,16
11281,243292,247125,16,0,0,layered_block,circular,per_chunk,16,16
11282,238833,242833,16,0,0,layered_block,circular,per_chunk,16,16
11283,232250,236125,16,0,0,layered_block,circular,per_chunk,16,16
11284,228875,232708,16,0,0,layered_block,circular,per_chunk,16,16
11285,233458,237292,16,0,0,layered_block,circular,per_chunk,16,16
11286,235958,239792,16,0,0,layered_block,circular,per_chunk,16,16
11287,225666,229584,16,0,0,layered_block,circular,per_chunk,16,16
11288,232334,236250,16,0,0,layered_block,circular,per_chunk,16,16
11289,220000,223958,16,0,0,layered_block,circular,per_chunk,16,16
11290,219916,223792,16,0,0,layered_block,circular,per_chunk,16,16
11291,230167,234000,16,0,0,layered_block,circular,per_chunk,16,16
11292,229917,233750,16,0,0,layered_block,circular,per_chunk,16,16
11293,239458,243333,16,0,0,layered_block,circular,per_chunk,16,16
11294,237541,241375,16,0,0,layered_block,circular,per_chunk,16,16
11295,242167,246000,16,0,0,layered_block,circular,per_chunk,16,16
11296,241084,245084,16,0,0,layered_block,circular,per_chunk,16,16
11297,246792,250708,16,0,0,layered_block,circular,per_chunk,16,16
11298,255208,259125,16,0,0,layered_block,circular,per_chunk,16,16
11299,254625,258459,16,0,0,layered_block,circular,per_chunk,16,16
11300,244834,248708,16,0,0,layered_block,circular,per_chunk,16,16
11301,243250,247250,16,0,0,layered_block,circular,per_chunk,16,16
11302,248250,252250,16,0,0,layered_block,circular,per_chunk,16,16
11303,243500,247417,16,0,0,layered_block,circular,per_chunk,16,16
11304,244583,248458,16,0,0,layered_block,circular,per_chunk,16,16
11305,244375,248292,16,0,0,layered_block,circular,per_chunk,16,16
11306,242000,245834,16,0,0,layered_block,circular,per_chunk,16,16
11307,241417,245250,16,0,0,layered_block,circular,per_chunk,16,16
11308,237041,240917,16,0,0,layered_block,circular,per_chunk,16,16
11309,235917,239709,16,0,0,layered_block,circular,per_chunk,16,16
11310,236417,240250,16,0,0,layered_block,circular,per_chunk,16,16
11311,227917,231875,16,0,0,layered_block,circular,per_chunk,16,16
11312,229500,233375,16,0,0,layered_block,circular,per_chunk,16,16
11313,232333,236250,16,0,0,layered_block,circular,per_chunk,16,16
11314,229875,233791,16,0,0,layered_block,circular,per_chunk,16,16
11315,227541,231375,16,0,0,layered_block,circular,per_chunk,16,16
11316,230208,234125,16,0,0,layered_block,circular,per_chunk,16,16
11317,233000,236916,16,0,0,layered_block,circular,per_chunk,16,16
11318,241708,245542,16,0,0,layered_block,circular,per_chunk,16,16
11319,244875,248792,16,0,0,layered_block,circular,per_chunk,16,16
11320,249708,253542,16,0,0,layered_block,circular,per_chunk,16,16
11321,253417,257250,16,0,0,layered_block,circular,per_chunk,16,16
11322,258583,262417,16,0,0,layered_block,circular,per_chunk,16,16
11323,249292,253125,16,0,0,layered_block,circular,per_chunk,16,16
11324,240250,244208,16,0,0,layered_block,circular,per_chunk,16,16
11325,250416,254292,16,0,0,layered_block,circular,per_chunk,16,16
11326,246166,250000,16,0,0,layered_block,circular,per_chunk,16,16
11327,304750,308833,16,0,0,layered_block,circular,per_chunk,16,16
11328,241083,245000,16,0,0,layered_block,circular,per_chunk,16,16
11329,288000,292083,16,0,0,layered_block,circular,per_chunk,16,16
11330,241459,245291,16,0,0,layered_block,circular,per_chunk,16,16
11331,235625,239625,16,0,0,layered_block,circular,per_chunk,16,16
11332,237375,241375,16,0,0,layered_block,circular,per_chunk,16,16
11333,226333,230208,16,0,0,layered_block,circular,per_chunk,16,16
11334,233500,237375,16,0,0,layered_block,circular,per_chunk,16,16
11335,221208,225042,16,0,0,layered_block,circular,per_chunk,16,16
11336,226292,230208,16,0,0,layered_block,circular,per_chunk,16,16
11337,233750,237584,16,0,0,layered_block,circular,per_chunk,16,16
11338,232417,236291,16,0,0,layered_block,circular,per_chunk,16,16
11339,237166,241000,16,0,0,layered_block,circular,per_chunk,16,16
11340,244333,248250,16,0,0,layered_block,circular,per_chunk,16,16
11341,233292,237166,16,0,0,layered_block,circular,per_chunk,16,16
11342,239334,243250,16,0,0,layered_block,circular,per_chunk,16,16
11343,250625,254500,16,0,0,layered_block,circular,per_chunk,16,16
11344,249791,253625,16,0,0,layered_block,circular,per_chunk,16,16
11345,253833,257709,16,0,0,layered_block,circular,per_chunk,16,16
11346,253375,257250,16,0,0,layered_block,circular,per_chunk,16,16
11347,244625,248541,16,0,0,layered_block,circular,per_chunk,16,16
11348,242875,246875,16,0,0,layered_block,circular,per_chunk,16,16
11349,247875,251792,16,0,0,layered_block,circular,per_chunk,16,16
11350,293792,297959,16,0,0,layered_block,circular,per_chunk,16,16
11351,244125,248041,16,0,0,layered_block,circular,per_chunk,16,16
11352,290833,295125,16,0,0,layered_block,circular,per_chunk,16,16
11353,237917,241750,16,0,0,layered_block,circular,per_chunk,16,16
11354,234125,238000,16,0,0,layered_block,circular,per_chunk,16,16
11355,222708,226584,16,0,0,layered_block,circular,per_chunk,16,16
11356,228625,232542,16,0,0,layered_block,circular,per_chunk,16,16
11357,219834,223750,16,0,0,layered_block,circular,per_chunk,16,16
11358,231083,234958,16,0,0,layered_block,circular,per_chunk,16,16
11359,227666,231542,16,0,0,layered_block,circular,per_chunk,16,16
11360,226958,230833,16,0,0,layered_block,circular,per_chunk,16,16
11361,225584,229458,16,0,0,layered_block,circular,per_chunk,16,16
11362,227334,231166,16,0,0,layered_block,circular,per_chunk,16,16
11363,239250,243166,16,0,0,layered_block,circular,per_chunk,16,16
11364,235791,239750,16,0,0,layered_block,circular,per_chunk,16,16
11365,238833,242708,16,0,0,layered_block,circular,per_chunk,16,16
11366,243834,247750,16,0,0,layered_block,circular,per_chunk,16,16
11367,295333,299375,16,0,0,layered_block,circular,per_chunk,16,16
11368,246333,250208,16,0,0,layered_block,circular,per_chunk,16,16
11369,258833,262750,16,0,0,layered_block,circular,per_chunk,16,16
11370,248708,252584,16,0,0,layered_block,circular,per_chunk,16,16
11371,239625,243542,16,0,0,layered_block,circular,per_chunk,16,16
11372,253375,257292,16,0,0,layered_block,circular,per_chunk,16,16
11373,247833,251792,16,0,0,layered_block,circular,per_chunk,16,16
11374,245250,249416,16,0,0,layered_block,circular,per_chunk,16,16
11375,242666,246583,16,0,0,layered_block,circular,per_chunk,16,16
11376,234541,238500,16,0,0,layered_block,circular,per_chunk,16,16
11377,228416,232333,16,0,0,layered_block,circular,per_chunk,16,16
11378,230084,233916,16,0,0,layered_block,circular,per_chunk,16,16
11379,229875,233875,16,0,0,layered_block,circular,per_chunk,16,16
11380,227208,231042,16,0,0,layered_block,circular,per_chunk,16,16
11381,223417,227375,16,0,0,layered_block,circular,per_chunk,16,16
11382,217292,221250,16,0,0,layered_block,circular,per_chunk,16,16
11383,229583,233459,16,0,0,layered_block,circular,per_chunk,16,16
11384,241042,245000,16,0,0,layered_block,circular,per_chunk,16,16
11385,231958,235875,16,0,0,layered_block,circular,per_chunk,16,16
11386,225083,228917,16,0,0,layered_block,circular,per_chunk,16,16
11387,236541,240417,16,0,0,layered_block,circular,per_chunk,16,16
11388,230750,234667,16,0,0,layered_block,circular,per_chunk,16,16
11389,244042,247875,16,0,0,layered_block,circular,per_chunk,16,16
11390,250375,254250,16,0,0,layered_block,circular,per_chunk,16,16
11391,250583,254375,16,0,0,layered_block,circular,per_chunk,16,16
11392,254541,258459,16,0,0,layered_block,circular,per_chunk,16,16
11393,255625,259458,16,0,0,layered_block,circular,per_chunk,16,16
11394,242458,246292,16,0,0,layered_block,circular,per_chunk,16,16
11395,240625,244833,16,0,0,layered_block,circular,per_chunk,16,16
11396,250166,254000,16,0,0,layered_block,circular,per_chunk,16,16
11397,245000,248833,16,0,0,layered_block,circular,per_chunk,16,16
11398,283625,288250,16,0,0,layered_block,circular,per_chunk,16,16
11399,244916,248750,16,0,0,layered_block,circular,per_chunk,16,16
11400,241542,245333,16,0,0,layered_block,circular,per_chunk,16,16
11401,239542,243375,16,0,0,layered_block,circular,per_chunk,16,16
11402,241167,245042,16,0,0,layered_block,circular,per_chunk,16,16
11403,234208,238042,16,0,0,layered_block,circular,per_chunk,16,16
11404,225417,229250,16,0,0,layered_block,circular,per_chunk,16,16
11405,217083,221000,16,0,0,layered_block,circular,per_chunk,16,16
11406,212834,216666,16,0,0,layered_block,circular,per_chunk,16,16
11407,221875,225750,16,0,0,layered_block,circular,per_chunk,16,16
11408,231000,234833,16,0,0,layered_block,circular,per_chunk,16,16
11409,222833,230875,16,0,0,layered_block,circular,per_chunk,16,16
11410,233166,237042,16,0,0,layered_block,circular,per_chunk,16,16
11411,232334,236166,16,0,0,layered_block,circular,per_chunk,16,16
11412,271833,275917,16,0,0,layered_block,circular,per_chunk,16,16
11413,237917,241834,16,0,0,layered_block,circular,per_chunk,16,16
11414,288208,292375,16,0,0,layered_block,circular,per_chunk,16,16
11415,251500,255375,16,0,0,layered_block,circular,per_chunk,16,16
11416,258959,262750,16,0,0,layered_block,circular,per_chunk,16,16
11417,244833,248709,16,0,0,layered_block,circular,per_chunk,16,16
11418,243625,247459,16,0,0,layered_block,circular,per_chunk,16,16
11419,248542,252334,16,0,0,layered_block,circular,per_chunk,16,16
11420,249667,253583,16,0,0,layered_block,circular,per_chunk,16,16
11421,245166,249000,16,0,0,layered_block,circular,per_chunk,16,16
11422,245625,249500,16,0,0,layered_block,circular,per_chunk,16,16
11423,241458,245292,16,0,0,layered_block,circular,per_chunk,16,16
11424,240291,244125,16,0,0,layered_block,circular,per_chunk,16,16
11425,231792,235667,16,0,0,layered_block,circular,per_chunk,16,16
11426,221459,225291,16,0,0,layered_block,circular,per_chunk,16,16
11427,219666,223542,16,0,0,layered_block,circular,per_chunk,16,16
11428,207042,210875,16,0,0,layered_block,circular,per_chunk,16,16
11429,209750,213708,16,0,0,layered_block,circular,per_chunk,16,16
11430,222125,226000,16,0,0,layered_block,circular,per_chunk,16,16
11431,227000,230916,16,0,0,layered_block,circular,per_chunk,16,16
11432,228334,232084,16,0,0,layered_block,circular,per_chunk,16,16
11433,230042,233875,16,0,0,layered_block,circular,per_chunk,16,16
11434,241417,245208,16,0,0,layered_block,circular,per_chunk,16,16
11435,235042,238834,16,0,0,layered_block,circular,per_chunk,16,16
11436,242875,246667,16,0,0,layered_block,circular,per_chunk,16,16
11437,249959,253750,16,0,0,layered_block,circular,per_chunk,16,16
11438,250458,254375,16,0,0,layered_block,circular,per_chunk,16,16
11439,254292,258167,16,0,0,layered_block,circular,per_chunk,16,16
11440,255375,259208,16,0,0,layered_block,circular,per_chunk,16,16
11441,246125,249917,16,0,0,layered_block,circular,per_chunk,16,16
11442,245334,249208,16,0,0,layered_block,circular,per_chunk,16,16
11443,253167,257041,16,0,0,layered_block,circular,per_chunk,16,16
11444,251083,254917,16,0,0,layered_block,circular,per_chunk,16,16
11445,241000,244917,16,0,0,layered_block,circular,per_chunk,16,16
11446,243417,247292,16,0,0,layered_block,circular,per_chunk,16,16
11447,238542,242417,16,0,0,layered_block,circular,per_chunk,16,16
11448,230000,233917,16,0,0,layered_block,circular,per_chunk,16,16
11449,231667,235583,16,0,0,layered_block,circular,per_chunk,16,16
11450,221708,225583,16,0,0,layered_block,circular,per_chunk,16,16
11451,221042,224917,16,0,0,layered_block,circular,per_chunk,16,16
11452,225292,229125,16,0,0,layered_block,circular,per_chunk,16,16
11453,226542,234625,16,0,0,layered_block,circular,per_chunk,16,16
11454,241042,244875,16,0,0,layered_block,circular,per_chunk,16,16
11455,233416,237250,16,0,0,layered_block,circular,per_chunk,16,16
11456,227958,231708,16,0,0,layered_block,circular,per_chunk,16,16
11457,234042,237875,16,0,0,layered_block,circular,per_chunk,16,16
11458,229458,237417,16,0,0,layered_block,circular,per_chunk,16,16
11459,284291,288541,16,0,0,layered_block,circular,per_chunk,16,16
11460,245625,249500,16,0,0,layered_block,circular,per_chunk,16,16
11461,300458,304500,16,0,0,layered_block,circular,per_chunk,16,16
11462,249708,253542,16,0,0,layered_block,circular,per_chunk,16,16
11463,257958,261834,16,0,0,layered_block,circular,per_chunk,16,16
11464,250584,254458,16,0,0,layered_block,circular,per_chunk,16,16
11465,243500,247334,16,0,0,layered_block,circular,per_chunk,16,16
11466,244125,248000,16,0,0,layered_block,circular,per_chunk,16,16
11467,245250,249125,16,0,0,layered_block,circular,per_chunk,16,16
11468,243000,246834,16,0,0,layered_block,circular,per_chunk,16,16
11469,243833,247667,16,0,0,layered_block,circular,per_chunk,16,16
11470,239250,243083,16,0,0,layered_block,circular,per_chunk,16,16
11471,237333,241167,16,0,0,layered_block,circular,per_chunk,16,16
11472,236209,240083,16,0,0,layered_block,circular,per_chunk,16,16
11473,233416,237250,16,0,0,layered_block,circular,per_chunk,16,16
11474,221542,225542,16,0,0,layered_block,circular,per_chunk,16,16
11475,218292,222166,16,0,0,layered_block,circular,per_chunk,16,16
11476,208666,212625,16,0,0,layered_block,circular,per_chunk,16,16
11477,223917,227792,16,0,0,layered_block,circular,per_chunk,16,16
11478,227792,231708,16,0,0,layered_block,circular,per_chunk,16,16
11479,222042,225959,16,0,0,layered_block,circular,per_chunk,16,16
11480,227417,231333,16,0,0,layered_block,circular,per_chunk,16,16
11481,236334,240292,16,0,0,layered_block,circular,per_chunk,16,16
11482,227125,231000,16,0,0,layered_block,circular,per_chunk,16,16
11483,284417,288458,16,0,0,layered_block,circular,per_chunk,16,16
11484,244750,248708,16,0,0,layered_block,circular,per_chunk,16,16
11485,244541,248459,16,0,0,layered_block,circular,per_chunk,16,16
11486,247250,251208,16,0,0,layered_block,circular,per_chunk,16,16
11487,255958,259833,16,0,0,layered_block,circular,per_chunk,16,16
11488,239167,243083,16,0,0,layered_block,circular,per_chunk,16,16
11489,241167,245000,16,0,0,layered_block,circular,per_chunk,16,16
11490,242292,246292,16,0,0,layered_block,circular,per_chunk,16,16
11491,246458,250417,16,0,0,layered_block,circular,per_chunk,16,16
11492,245917,249792,16,0,0,layered_block,circular,per_chunk,16,16
11493,240292,244166,16,0,0,layered_block,circular,per_chunk,16,16
11494,244209,248041,16,0,0,layered_block,circular,per_chunk,16,16
11495,231708,235708,16,0,0,layered_block,circular,per_chunk,16,16
11496,221792,225625,16,0,0,layered_block,circular,per_chunk,16,16
11497,213125,217042,16,0,0,layered_block,circular,per_chunk,16,16
11498,211417,215459,16,0,0,layered_block,circular,per_chunk,16,16
11499,218458,222250,16,0,0,layered_block,circular,per_chunk,16,16
11500,227542,231417,16,0,0,layered_block,circular,per_chunk,16,16
11501,222292,226208,16,0,0,layered_block,circular,per_chunk,16,16
11502,212709,216709,16,0,0,layered_block,circular,per_chunk,16,16
11503,224625,228500,16,0,0,layered_block,circular,per_chunk,16,16
11504,236709,240583,16,0,0,layered_block,circular,per_chunk,16,16
11505,225292,229208,16,0,0,layered_block,circular,per_chunk,16,16
11506,232084,235958,16,0,0,layered_block,circular,per_chunk,16,16
11507,239083,243375,16,0,0,layered_block,circular,per_chunk,16,16
11508,248125,252000,16,0,0,layered_block,circular,per_chunk,16,16
11509,250750,254667,16,0,0,layered_block,circular,per_chunk,16,16
11510,256333,260167,16,0,0,layered_block,circular,per_chunk,16,16
11511,309000,313084,16,0,0,layered_block,circular,per_chunk,16,16
11512,238958,242958,16,0,0,layered_block,circular,per_chunk,16,16
11513,292625,296750,16,0,0,layered_block,circular,per_chunk,16,16
11514,252292,256167,16,0,0,layered_block,circular,per_chunk,16,16
11515,251959,255833,16,0,0,layered_block,circular,per_chunk,16,16
11516,246292,250125,16,0,0,layered_block,circular,per_chunk,16,16
11517,240250,244166,16,0,0,layered_block,circular,per_chunk,16,16
11518,238208,242084,16,0,0,layered_block,circular,per_chunk,16,16
11519,232541,236417,16,0,0,layered_block,circular,per_chunk,16,16
11520,224917,228834,16,0,0,layered_block,circular,per_chunk,16,16
11521,228584,232458,16,0,0,layered_block,circular,per_chunk,16,16
11522,218375,222250,16,0,0,layered_block,circular,per_chunk,16,16
11523,221792,225709,16,0,0,layered_block,circular,per_chunk,16,16
11524,231458,235333,16,0,0,layered_block,circular,per_chunk,16,16
11525,237958,241833,16,0,0,layered_block,circular,per_chunk,16,16
11526,230375,234250,16,0,0,layered_block,circular,per_chunk,16,16
11527,236458,240292,16,0,0,layered_block,circular,per_chunk,16,16
11528,228958,232834,16,0,0,layered_block,circular,per_chunk,16,16
11529,228583,232459,16,0,0,layered_block,circular,per_chunk,16,16
11530,240625,244500,16,0,0,layered_block,circular,per_chunk,16,16
11531,251833,255709,16,0,0,layered_block,circular,per_chunk,16,16
11532,249958,253834,16,0,0,layered_block,circular,per_chunk,16,16
11533,252125,256042,16,0,0,layered_block,circular,per_chunk,16,16
11534,255833,259791,16,0,0,layered_block,circular,per_chunk,16,16
11535,247000,250917,16,0,0,layered_block,circular,per_chunk,16,16
11536,236125,240125,16,0,0,layered_block,circular,per_chunk,16,16
11537,250000,253875,16,0,0,layered_block,circular,per_chunk,16,16
11538,246042,249958,16,0,0,layered_block,circular,per_chunk,16,16
11539,241292,245250,16,0,0,layered_block,circular,per_chunk,16,16
11540,239250,243167,16,0,0,layered_block,circular,per_chunk,16,16
11541,237667,241583,16,0,0,layered_block,circular,per_chunk,16,16
11542,238334,242166,16,0,0,layered_block,circular,per_chunk,16,16
11543,232375,236250,16,0,0,layered_block,circular,per_chunk,16,16
11544,264166,268375,16,0,0,layered_block,circular,per_chunk,16,16
11545,210834,214750,16,0,0,layered_block,circular,per_chunk,16,16
11546,220958,224958,16,0,0,layered_block,circular,per_chunk,16,16
11547,227625,231625,16,0,0,layered_block,circular,per_chunk,16,16
11548,226958,230792,16,0,0,layered_block,circular,per_chunk,16,16
11549,227833,231750,16,0,0,layered_block,circular,per_chunk,16,16
11550,228209,232041,16,0,0,layered_block,circular,per_chunk,16,16
11551,229750,233625,16,0,0,layered_block,circular,per_chunk,16,16
11552,227042,230959,16,0,0,layered_block,circular,per_chunk,16,16
11553,226833,230709,16,0,0,layered_block,circular,per_chunk,16,16
11554,237125,240959,16,0,0,layered_block,circular,per_chunk,16,16
11555,245584,249458,16,0,0,layered_block,circular,per_chunk,16,16
11556,289875,294000,16,0,0,layered_block,circular,per_chunk,16,16
11557,254750,258625,16,0,0,layered_block,circular,per_chunk,16,16
11558,247208,251167,16,0,0,layered_block,circular,per_chunk,16,16
11559,243292,247209,16,0,0,layered_block,circular,per_chunk,16,16
11560,240083,244041,16,0,0,layered_block,circular,per_chunk,16,16
11561,251000,254833,16,0,0,layered_block,circular,per_chunk,16,16
11562,250875,254750,16,0,0,layered_block,circular,per_chunk,16,16
11563,241042,244958,16,0,0,layered_block,circular,per_chunk,16,16
11564,241875,245750,16,0,0,layered_block,circular,per_chunk,16,16
11565,229458,233334,16,0,0,layered_block,circular,per_chunk,16,16
11566,227083,230958,16,0,0,layered_block,circular,per_chunk,16,16
11567,218833,222709,16,0,0,layered_block,circular,per_chunk,16,16
11568,204625,208584,16,0,0,layered_block,circular,per_chunk,16,16
11569,220083,223917,16,0,0,layered_block,circular,per_chunk,16,16
11570,227709,231583,16,0,0,layered_block,circular,per_chunk,16,16
11571,224167,228042,16,0,0,layered_block,circular,per_chunk,16,16
11572,227541,270333,16,0,0,layered_block,circular,per_chunk,16,16
11573,217500,221500,16,0,0,layered_block,circular,per_chunk,16,16
11574,229833,233667,16,0,0,layered_block,circular,per_chunk,16,16
11575,229834,233625,16,0,0,layered_block,circular,per_chunk,16,16
11576,226833,230708,16,0,0,layered_block,circular,per_chunk,16,16
11577,240917,244834,16,0,0,layered_block,circular,per_chunk,16,16
11578,245167,249084,16,0,0,layered_block,circular,per_chunk,16,16
11579,244167,248125,16,0,0,layered_block,circular,per_chunk,16,16
11580,247166,251416,16,0,0,layered_block,circular,per_chunk,16,16
11581,257958,261750,16,0,0,layered_block,circular,per_chunk,16,16
11582,247000,250791,16,0,0,layered_block,circular,per_chunk,16,16
11583,238000,241875,16,0,0,layered_block,circular,per_chunk,16,16
11584,243916,247834,16,0,0,layered_block,circular,per_chunk,16,16
11585,244166,248167,16,0,0,layered_block,circular,per_chunk,16,16
11586,249375,253208,16,0,0,layered_block,circular,per_chunk,16,16
11587,244792,248666,16,0,0,layered_block,circular,per_chunk,16,16
11588,235250,239125,16,0,0,layered_block,circular,per_chunk,16,16
11589,226041,229917,16,0,0,layered_block,circular,per_chunk,16,16
11590,233667,237500,16,0,0,layered_block,circular,per_chunk,16,16
11591,232875,236750,16,0,0,layered_block,circular,per_chunk,16,16
11592,223792,227667,16,0,0,layered_block,circular,per_chunk,16,16
11593,217292,221167,16,0,0,layered_block,circular,per_chunk,16,16
11594,217666,221667,16,0,0,layered_block,circular,per_chunk,16,16
11595,231833,235709,16,0,0,layered_block,circular,per_chunk,16,16
11596,238334,242208,16,0,0,layered_block,circular,per_chunk,16,16
11597,223542,227416,16,0,0,layered_block,circular,per_chunk,16,16
11598,235417,239250,16,0,0,layered_block,circular,per_chunk,16,16
11599,227333,231209,16,0,0,layered_block,circular,per_chunk,16,16
11600,226292,230125,16,0,0,layered_block,circular,per_chunk,16,16
11601,242625,246542,16,0,0,layered_block,circular,per_chunk,16,16
11602,249625,253500,16,0,0,layered_block,circular,per_chunk,16,16
11603,249292,253166,16,0,0,layered_block,circular,per_chunk,16,16
11604,254250,258084,16,0,0,layered_block,circular,per_chunk,16,16
11605,253334,257166,16,0,0,layered_block,circular,per_chunk,16,16
11606,233292,237166,16,0,0,layered_block,circular,per_chunk,16,16
11607,243208,247042,16,0,0,layered_block,circular,per_chunk,16,16
11608,245542,249458,16,0,0,layered_block,circular,per_chunk,16,16
11609,244208,248167,16,0,0,layered_block,circular,per_chunk,16,16
11610,241791,245625,16,0,0,layered_block,circular,per_chunk,16,16
11611,239333,243208,16,0,0,layered_block,circular,per_chunk,16,16
11612,239167,243000,16,0,0,layered_block,circular,per_chunk,16,16
11613,232666,236542,16,0,0,layered_block,circular,per_chunk,16,16
11614,233042,236875,16,0,0,layered_block,circular,per_chunk,16,16
11615,232834,236708,16,0,0,layered_block,circular,per_chunk,16,16
11616,217292,221125,16,0,0,layered_block,circular,per_chunk,16,16
11617,207625,211458,16,0,0,layered_block,circular,per_chunk,16,16
11618,220333,224208,16,0,0,layered_block,circular,per_chunk,16,16
11619,232334,236125,16,0,0,layered_block,circular,per_chunk,16,16
11620,225459,229292,16,0,0,layered_block,circular,per_chunk,16,16
11621,230750,234583,16,0,0,layered_block,circular,per_chunk,16,16
11622,236375,240250,16,0,0,layered_block,circular,per_chunk,16,16
11623,226750,230709,16,0,0,layered_block,circular,per_chunk,16,16
11624,231625,235417,16,0,0,layered_block,circular,per_chunk,16,16
11625,242500,246458,16,0,0,layered_block,circular,per_chunk,16,16
11626,247208,251083,16,0,0,layered_block,circular,per_chunk,16,16
11627,249834,253708,16,0,0,layered_block,circular,per_chunk,16,16
11628,255792,259625,16,0,0,layered_block,circular,per_chunk,16,16
11629,245958,249833,16,0,0,layered_block,circular,per_chunk,16,16
11630,240167,244042,16,0,0,layered_block,circular,per_chunk,16,16
11631,245667,249541,16,0,0,layered_block,circular,per_chunk,16,16
11632,251333,255250,16,0,0,layered_block,circular,per_chunk,16,16
11633,248708,252667,16,0,0,layered_block,circular,per_chunk,16,16
11634,238375,242250,16,0,0,layered_block,circular,per_chunk,16,16
11635,237542,241416,16,0,0,layered_block,circular,per_chunk,16,16
11636,231458,235334,16,0,0,layered_block,circular,per_chunk,16,16
11637,220625,224542,16,0,0,layered_block,circular,per_chunk,16,16
11638,219042,222959,16,0,0,layered_block,circular,per_chunk,16,16
11639,226708,230625,16,0,0,layered_block,circular,per_chunk,16,16
11640,219541,223375,16,0,0,layered_block,circular,per_chunk,16,16
11641,213250,217125,16,0,0,layered_block,circular,per_chunk,16,16
11642,275125,279292,16,0,0,layered_block,circular,per_chunk,16,16
11643,221875,225708,16,0,0,layered_block,circular,per_chunk,16,16
11644,214834,218791,16,0,0,layered_block,circular,per_chunk,16,16
11645,233541,237417,16,0,0,layered_block,circular,per_chunk,16,16
11646,221542,225542,16,0,0,layered_block,circular,per_chunk,16,16
11647,228666,232542,16,0,0,layered_block,circular,per_chunk,16,16
11648,243625,247458,16,0,0,layered_block,circular,per_chunk,16,16
11649,250834,254666,16,0,0,layered_block,circular,per_chunk,16,16
11650,244208,248083,16,0,0,layered_block,circular,per_chunk,16,16
11651,248292,252209,16,0,0,layered_block,circular,per_chunk,16,16
11652,255208,259041,16,0,0,layered_block,circular,per_chunk,16,16
11653,246917,250833,16,0,0,layered_block,circular,per_chunk,16,16
11654,241375,245208,16,0,0,layered_block,circular,per_chunk,16,16
11655,251416,255292,16,0,0,layered_block,circular,per_chunk,16,16
11656,246708,250625,16,0,0,layered_block,circular,per_chunk,16,16
11657,240250,244250,16,0,0,layered_block,circular,per_chunk,16,16
11658,243667,247584,16,0,0,layered_block,circular,per_chunk,16,16
11659,237417,241333,16,0,0,layered_block,circular,per_chunk,16,16
11660,232875,236750,16,0,0,layered_block,circular,per_chunk,16,16
11661,232416,236292,16,0,0,layered_block,circular,per_chunk,16,16
11662,227291,231167,16,0,0,layered_block,circular,per_chunk,16,16
11663,223375,227209,16,0,0,layered_block,circular,per_chunk,16,16
11664,213291,217167,16,0,0,layered_block,circular,per_chunk,16,16
11665,223500,227458,16,0,0,layered_block,circular,per_chunk,16,16
11666,235541,239417,16,0,0,layered_block,circular,per_chunk,16,16
11667,230875,234750,16,0,0,layered_block,circular,per_chunk,16,16
11668,227375,231250,16,0,0,layered_block,circular,per_chunk,16,16
11669,229208,233166,16,0,0,layered_block,circular,per_chunk,16,16
11670,220500,224417,16,0,0,layered_block,circular,per_chunk,16,16
11671,236208,240083,16,0,0,layered_block,circular,per_chunk,16,16
11672,249792,253708,16,0,0,layered_block,circular,per_chunk,16,16
11673,285834,289958,16,0,0,layered_block,circular,per_chunk,16,16
11674,241917,245875,16,0,0,layered_block,circular,per_chunk,16,16
11675,251250,255167,16,0,0,layered_block,circular,per_chunk,16,16
11676,251083,255000,16,0,0,layered_block,circular,per_chunk,16,16
11677,238500,242416,16,0,0,layered_block,circular,per_chunk,16,16
11678,234541,238417,16,0,0,layered_block,circular,per_chunk,16,16
11679,246083,250083,16,0,0,layered_block,circular,per_chunk,16,16
11680,244916,248750,16,0,0,layered_block,circular,per_chunk,16,16
11681,244375,248291,16,0,0,layered_block,circular,per_chunk,16,16
11682,237167,241042,16,0,0,layered_block,circular,per_chunk,16,16
11683,236666,240625,16,0,0,layered_block,circular,per_chunk,16,16
11684,237917,241750,16,0,0,layered_block,circular,per_chunk,16,16
11685,234375,238250,16,0,0,layered_block,circular,per_chunk,16,16
11686,224667,228541,16,0,0,layered_block,circular,per_chunk,16,16
11687,225709,229625,16,0,0,layered_block,circular,per_chunk,16,16
11688,219542,223833,16,0,0,layered_block,circular,per_chunk,16,16
11689,260750,265000,16,0,0,layered_block,circular,per_chunk,16,16
11690,229458,233292,16,0,0,layered_block,circular,per_chunk,16,16
11691,224500,228459,16,0,0,layered_block,circular,per_chunk,16,16
11692,236542,240542,16,0,0,layered_block,circular,per_chunk,16,16
11693,230458,234375,16,0,0,layered_block,circular,per_chunk,16,16
11694,228125,232000,16,0,0,layered_block,circular,per_chunk,16,16
11695,237416,241292,16,0,0,layered_block,circular,per_chunk,16,16
11696,251250,255209,16,0,0,layered_block,circular,per_chunk,16,16
11697,240917,244833,16,0,0,layered_block,circular,per_chunk,16,16
11698,244209,248167,16,0,0,layered_block,circular,per_chunk,16,16
11699,249250,253166,16,0,0,layered_block,circular,per_chunk,16,16
11700,242167,246084,16,0,0,layered_block,circular,per_chunk,16,16
11701,239792,243666,16,0,0,layered_block,circular,per_chunk,16,16
11702,243000,247083,16,0,0,layered_block,circular,per_chunk,16,16
11703,251542,255459,16,0,0,layered_block,circular,per_chunk,16,16
11704,247750,251708,16,0,0,layered_block,circular,per_chunk,16,16
11705,235209,239125,16,0,0,layered_block,circular,per_chunk,16,16
11706,225833,229792,16,0,0,layered_block,circular,per_chunk,16,16
11707,229958,233833,16,0,0,layered_block,circular,per_chunk,16,16
11708,274750,278833,16,0,0,layered_block,circular,per_chunk,16,16
11709,229167,233042,16,0,0,layered_block,circular,per_chunk,16,16
11710,222959,226875,16,0,0,layered_block,circular,per_chunk,16,16
11711,226708,230583,16,0,0,layered_block,circular,per_chunk,16,16
11712,225125,229166,16,0,0,layered_block,circular,per_chunk,16,16
11713,231792,235750,16,0,0,layered_block,circular,per_chunk,16,16
11714,222750,226708,16,0,0,layered_block,circular,per_chunk,16,16
11715,232541,236375,16,0,0,layered_block,circular,per_chunk,16,16
11716,233542,237458,16,0,0,layered_block,circular,per_chunk,16,16
11717,226625,230542,16,0,0,layered_block,circular,per_chunk,16,16
11718,278708,282625,16,0,0,layered_block,circular,per_chunk,16,16
11719,235833,239709,16,0,0,layered_block,circular,per_chunk,16,16
11720,238250,242125,16,0,0,layered_block,circular,per_chunk,16,16
11721,244875,248709,16,0,0,layered_block,circular,per_chunk,16,16
11722,279625,283584,16,0,0,layered_block,circular,per_chunk,16,16
11723,247416,251250,16,0,0,layered_block,circular,per_chunk,16,16
11724,236625,240500,16,0,0,layered_block,circular,per_chunk,16,16
11725,241458,245250,16,0,0,layered_block,circular,per_chunk,16,16
11726,246000,249916,16,0,0,layered_block,circular,per_chunk,16,16
11727,246291,250167,16,0,0,layered_block,circular,per_chunk,16,16
11728,240958,283291,16,0,0,layered_block,circular,per_chunk,16,16
11729,242500,246417,16,0,0,layered_block,circular,per_chunk,16,16
11730,238334,242125,16,0,0,layered_block,circular,per_chunk,16,16
11731,232208,236125,16,0,0,layered_block,circular,per_chunk,16,16
11732,221583,225333,16,0,0,layered_block,circular,per_chunk,16,16
11733,222750,226708,16,0,0,layered_block,circular,per_chunk,16,16
11734,217834,221709,16,0,0,layered_block,circular,per_chunk,16,16
11735,226375,230208,16,0,0,layered_block,circular,per_chunk,16,16
11736,230625,234458,16,0,0,layered_block,circular,per_chunk,16,16
11737,235000,238834,16,0,0,layered_block,circular,per_chunk,16,16
11738,232958,236916,16,0,0,layered_block,circular,per_chunk,16,16
11739,228416,232334,16,0,0,layered_block,circular,per_chunk,16,16
11740,274125,278500,16,0,0,layered_block,circular,per_chunk,16,16
11741,235625,239458,16,0,0,layered_block,circular,per_chunk,16,16
11742,232000,235833,16,0,0,layered_block,circular,per_chunk,16,16
11743,234625,238459,16,0,0,layered_block,circular,per_chunk,16,16
11744,248042,251833,16,0,0,layered_block,circular,per_chunk,16,16
11745,251958,255792,16,0,0,layered_block,circular,per_chunk,16,16
11746,249209,253041,16,0,0,layered_block,circular,per_chunk,16,16
11747,235833,239709,16,0,0,layered_block,circular,per_chunk,16,16
11748,246125,249875,16,0,0,layered_block,circular,per_chunk,16,16
11749,250584,254416,16,0,0,layered_block,circular,per_chunk,16,16
11750,238291,242167,16,0,0,layered_block,circular,per_chunk,16,16
11751,243250,247083,16,0,0,layered_block,circular,per_chunk,16,16
11752,242208,246083,16,0,0,layered_block,circular,per_chunk,16,16
11753,234708,238542,16,0,0,layered_block,circular,per_chunk,16,16
11754,233792,237666,16,0,0,layered_block,circular,per_chunk,16,16
11755,228500,232333,16,0,0,layered_block,circular,per_chunk,16,16
11756,224166,228000,16,0,0,layered_block,circular,per_chunk,16,16
11757,268542,272708,16,0,0,layered_block,circular,per_chunk,16,16
11758,223375,227292,16,0,0,layered_block,circular,per_chunk,16,16
11759,237833,241709,16,0,0,layered_block,circular,per_chunk,16,16
11760,230792,234584,16,0,0,layered_block,circular,per_chunk,16,16
11761,227916,231916,16,0,0,layered_block,circular,per_chunk,16,16
11762,232667,236583,16,0,0,layered_block,circular,per_chunk,16,16
11763,230916,234750,16,0,0,layered_block,circular,per_chunk,16,16
11764,226625,230500,16,0,0,layered_block,circular,per_chunk,16,16
11765,231791,235583,16,0,0,layered_block,circular,per_chunk,16,16
11766,246375,250167,16,0,0,layered_block,circular,per_chunk,16,16
11767,250041,253875,16,0,0,layered_block,circular,per_chunk,16,16
11768,251375,255167,16,0,0,layered_block,circular,per_chunk,16,16
11769,233875,237750,16,0,0,layered_block,circular,per_chunk,16,16
11770,244916,248708,16,0,0,layered_block,circular,per_chunk,16,16
11771,249708,253542,16,0,0,layered_block,circular,per_chunk,16,16
11772,241791,245583,16,0,0,layered_block,circular,per_chunk,16,16
11773,242417,246250,16,0,0,layered_block,circular,per_chunk,16,16
11774,241209,245083,16,0,0,layered_block,circular,per_chunk,16,16
11775,236375,240291,16,0,0,layered_block,circular,per_chunk,16,16
11776,232125,235917,16,0,0,layered_block,circular,per_chunk,16,16
11777,232208,236083,16,0,0,layered_block,circular,per_chunk,16,16
11778,222083,225917,16,0,0,layered_block,circular,per_chunk,16,16
11779,214750,218625,16,0,0,layered_block,circular,per_chunk,16,16
11780,229417,233250,16,0,0,layered_block,circular,per_chunk,16,16
11781,231209,235083,16,0,0,layered_block,circular,per_chunk,16,16
11782,229000,232834,16,0,0,layered_block,circular,per_chunk,16,16
11783,226209,230042,16,0,0,layered_block,circular,per_chunk,16,16
11784,223250,227125,16,0,0,layered_block,circular,per_chunk,16,16
11785,224042,227959,16,0,0,layered_block,circular,per_chunk,16,16
11786,231250,235083,16,0,0,layered_block,circular,per_chunk,16,16
11787,227042,230875,16,0,0,layered_block,circular,per_chunk,16,16
11788,243667,247459,16,0,0,layered_block,circular,per_chunk,16,16
11789,252250,256167,16,0,0,layered_block,circular,per_chunk,16,16
11790,252208,256042,16,0,0,layered_block,circular,per_chunk,16,16
11791,241625,245541,16,0,0,layered_block,circular,per_chunk,16,16
11792,240667,244541,16,0,0,layered_block,circular,per_chunk,16,16
11793,244625,248500,16,0,0,layered_block,circular,per_chunk,16,16
11794,246333,250250,16,0,0,layered_block,circular,per_chunk,16,16
11795,243083,247000,16,0,0,layered_block,circular,per_chunk,16,16
11796,240167,244000,16,0,0,layered_block,circular,per_chunk,16,16
11797,237583,241500,16,0,0,layered_block,circular,per_chunk,16,16
11798,232042,235917,16,0,0,layered_block,circular,per_chunk,16,16
11799,230834,234708,16,0,0,layered_block,circular,per_chunk,16,16
11800,227416,231292,16,0,0,layered_block,circular,per_chunk,16,16
11801,220959,224875,16,0,0,layered_block,circular,per_chunk,16,16
11802,231292,235167,16,0,0,layered_block,circular,per_chunk,16,16
11803,232125,236041,16,0,0,layered_block,circular,per_chunk,16,16
11804,230417,234334,16,0,0,layered_block,circular,per_chunk,16,16
11805,225625,229625,16,0,0,layered_block,circular,per_chunk,16,16
11806,228042,231916,16,0,0,layered_block,circular,per_chunk,16,16
11807,231666,235542,16,0,0,layered_block,circular,per_chunk,16,16
11808,226250,230167,16,0,0,layered_block,circular,per_chunk,16,16
11809,269959,274250,16,0,0,layered_block,circular,per_chunk,16,16
11810,233750,237708,16,0,0,layered_block,circular,per_chunk,16,16
11811,249166,253042,16,0,0,layered_block,circular,per_chunk,16,16
11812,252917,256792,16,0,0,layered_block,circular,per_chunk,16,16
11813,245459,292125,16,0,0,layered_block,circular,per_chunk,16,16
11814,238291,242250,16,0,0,layered_block,circular,per_chunk,16,16
11815,295375,299833,16,0,0,layered_block,circular,per_chunk,16,16
11816,243542,247459,16,0,0,layered_block,circular,per_chunk,16,16
11817,284209,288333,16,0,0,layered_block,circular,per_chunk,16,16
11818,235500,239458,16,0,0,layered_block,circular,per_chunk,16,16
11819,235458,239416,16,0,0,layered_block,circular,per_chunk,16,16
11820,229167,237334,16,0,0,layered_block,circular,per_chunk,16,16
11821,228791,232625,16,0,0,layered_block,circular,per_chunk,16,16
11822,220167,224042,16,0,0,layered_block,circular,per_chunk,16,16
11823,214291,218250,16,0,0,layered_block,circular,per_chunk,16,16
11824,221416,225333,16,0,0,layered_block,circular,per_chunk,16,16
11825,218417,222334,16,0,0,layered_block,circular,per_chunk,16,16
11826,216792,220833,16,0,0,layered_block,circular,per_chunk,16,16
11827,217500,221375,16,0,0,layered_block,circular,per_chunk,16,16
11828,220166,224042,16,0,0,layered_block,circular,per_chunk,16,16
11829,209375,213250,16,0,0,layered_block,circular,per_chunk,16,16
11830,212292,216166,16,0,0,layered_block,circular,per_chunk,16,16
11831,220625,224500,16,0,0,layered_block,circular,per_chunk,16,16
11832,225000,228875,16,0,0,layered_block,circular,per_chunk,16,16
11833,245208,249125,16,0,0,layered_block,circular,per_chunk,16,16
11834,245041,248958,16,0,0,layered_block,circular,per_chunk,16,16
11835,243208,247042,16,0,0,layered_block,circular,per_chunk,16,16
11836,237333,241250,16,0,0,layered_block,circular,per_chunk,16,16
11837,243208,247042,16,0,0,layered_block,circular,per_chunk,16,16
11838,233917,237791,16,0,0,layered_block,circular,per_chunk,16,16
11839,230292,234125,16,0,0,layered_block,circular,per_chunk,16,16
11840,240458,244292,16,0,0,layered_block,circular,per_chunk,16,16
11841,227458,231458,16,0,0,layered_block,circular,per_chunk,16,16
11842,230541,234459,16,0,0,layered_block,circular,per_chunk,16,16
11843,225334,229250,16,0,0,layered_block,circular,per_chunk,16,16
11844,223417,227333,16,0,0,layered_block,circular,per_chunk,16,16
11845,225292,229166,16,0,0,layered_block,circular,per_chunk,16,16
11846,225583,229459,16,0,0,layered_block,circular,per_chunk,16,16
11847,217667,221541,16,0,0,layered_block,circular,per_chunk,16,16
11848,224875,228833,16,0,0,layered_block,circular,per_chunk,16,16
11849,215250,219208,16,0,0,layered_block,circular,per_chunk,16,16
11850,217333,221333,16,0,0,layered_block,circular,per_chunk,16,16
11851,228209,232041,16,0,0,layered_block,circular,per_chunk,16,16
11852,33648542,33655916,16,1,0,layered_block,circular,per_chunk,16,16
11853,229875,233834,16,0,0,layered_block,circular,per_chunk,16,16
11854,227541,231416,16,0,0,layered_block,circular,per_chunk,16,16
11855,228917,233125,16,0,0,layered_block,circular,per_chunk,16,16
11856,221666,225584,16,0,0,layered_block,circular,per_chunk,16,16
11857,214041,217917,16,0,0,layered_block,circular,per_chunk,16,16
11858,201625,205625,16,0,0,layered_block,circular,per_chunk,16,16
11859,267709,271917,16,0,0,layered_block,circular,per_chunk,16,16
11860,228500,232375,16,0,0,layered_block,circular,per_chunk,16,16
11861,224333,228208,16,0,0,layered_block,circular,per_chunk,16,16
11862,223542,227375,16,0,0,layered_block,circular,per_chunk,16,16
11863,227708,231625,16,0,0,layered_block,circular,per_chunk,16,16
11864,225125,229042,16,0,0,layered_block,circular,per_chunk,16,16
11865,222000,225875,16,0,0,layered_block,circular,per_chunk,16,16
11866,210125,214167,16,0,0,layered_block,circular,per_chunk,16,16
11867,214709,218541,16,0,0,layered_block,circular,per_chunk,16,16
11868,210125,214125,16,0,0,layered_block,circular,per_chunk,16,16
11869,214500,218375,16,0,0,layered_block,circular,per_chunk,16,16
11870,199041,203000,16,0,0,layered_block,circular,per_chunk,16,16
11871,199542,203500,16,0,0,layered_block,circular,per_chunk,16,16
11872,212959,216833,16,0,0,layered_block,circular,per_chunk,16,16
11873,221916,225875,16,0,0,layered_block,circular,per_chunk,16,16
11874,228333,232292,16,0,0,layered_block,circular,per_chunk,16,16
11875,220333,224167,16,0,0,layered_block,circular,per_chunk,16,16
11876,214417,218375,16,0,0,layered_block,circular,per_chunk,16,16
11877,219542,223500,16,0,0,layered_block,circular,per_chunk,16,16
11878,216834,220792,16,0,0,layered_block,circular,per_chunk,16,16
11879,228083,231917,16,0,0,layered_block,circular,per_chunk,16,16
11880,225750,229958,16,0,0,layered_block,circular,per_chunk,16,16
11881,216958,220875,16,0,0,layered_block,circular,per_chunk,16,16
11882,263375,267459,16,0,0,layered_block,circular,per_chunk,16,16
11883,214833,218833,16,0,0,layered_block,circular,per_chunk,16,16
11884,214750,218625,16,0,0,layered_block,circular,per_chunk,16,16
11885,264417,268459,16,0,0,layered_block,circular,per_chunk,16,16
11886,216791,220792,16,0,0,layered_block,circular,per_chunk,16,16
11887,214958,218792,16,0,0,layered_block,circular,per_chunk,16,16
11888,260584,264542,16,0,0,layered_block,circular,per_chunk,16,16
11889,214500,218416,16,0,0,layered_block,circular,per_chunk,16,16
11890,223042,226875,16,0,0,layered_block,circular,per_chunk,16,16
11891,221833,225792,16,0,0,layered_block,circular,per_chunk,16,16
11892,218792,222750,16,0,0,layered_block,circular,per_chunk,16,16
11893,229584,233375,16,0,0,layered_block,circular,per_chunk,16,16
11894,223041,226958,16,0,0,layered_block,circular,per_chunk,16,16
11895,233667,237459,16,0,0,layered_block,circular,per_chunk,16,16
11896,267042,275500,16,0,0,layered_block,circular,per_chunk,16,16
11897,228666,232458,16,0,0,layered_block,circular,per_chunk,16,16
11898,232208,236000,16,0,0,layered_block,circular,per_chunk,16,16
11899,233000,236834,16,0,0,layered_block,circular,per_chunk,16,16
11900,230208,234042,16,0,0,layered_block,circular,per_chunk,16,16
11901,224958,228791,16,0,0,layered_block,circular,per_chunk,16,16
11902,216792,220708,16,0,0,layered_block,circular,per_chunk,16,16
11903,217917,221833,16,0,0,layered_block,circular,per_chunk,16,16
11904,212916,217416,16,0,0,layered_block,circular,per_chunk,16,16
11905,221958,225792,16,0,0,layered_block,circular,per_chunk,16,16
11906,227916,231792,16,0,0,layered_block,circular,per_chunk,16,16
11907,225916,229917,16,0,0,layered_block,circular,per_chunk,16,16
11908,225416,229250,16,0,0,layered_block,circular,per_chunk,16,16
11909,228292,232166,16,0,0,layered_block,circular,per_chunk,16,16
11910,215750,219584,16,0,0,layered_block,circular,per_chunk,16,16
11911,208958,212792,16,0,0,layered_block,circular,per_chunk,16,16
11912,215042,218917,16,0,0,layered_block,circular,per_chunk,16,16
11913,230000,233875,16,0,0,layered_block,circular,per_chunk,16,16
11914,228416,232292,16,0,0,layered_block,circular,per_chunk,16,16
11915,219250,223084,16,0,0,layered_block,circular,per_chunk,16,16
11916,226750,230583,16,0,0,layered_block,circular,per_chunk,16,16
11917,223458,227250,16,0,0,layered_block,circular,per_chunk,16,16
11918,234000,237875,16,0,0,layered_block,circular,per_chunk,16,16
11919,230417,234208,16,0,0,layered_block,circular,per_chunk,16,16
11920,240292,244125,16,0,0,layered_block,circular,per_chunk,16,16
11921,252917,256750,16,0,0,layered_block,circular,per_chunk,16,16
11922,256875,260708,16,0,0,layered_block,circular,per_chunk,16,16
11923,250792,254709,16,0,0,layered_block,circular,per_chunk,16,16
11924,245875,249750,16,0,0,layered_block,circular,per_chunk,16,16
11925,245459,249459,16,0,0,layered_block,circular,per_chunk,16,16
11926,239333,243167,16,0,0,layered_block,circular,per_chunk,16,16
11927,220584,224458,16,0,0,layered_block,circular,per_chunk,16,16
11928,232500,236375,16,0,0,layered_block,circular,per_chunk,16,16
11929,230333,234166,16,0,0,layered_block,circular,per_chunk,16,16
11930,239750,243667,16,0,0,layered_block,circular,per_chunk,16,16
11931,247500,251417,16,0,0,layered_block,circular,per_chunk,16,16
11932,256750,260583,16,0,0,layered_block,circular,per_chunk,16,16
11933,257458,261333,16,0,0,layered_block,circular,per_chunk,16,16
11934,251959,255833,16,0,0,layered_block,circular,per_chunk,16,16
11935,238208,242084,16,0,0,layered_block,circular,per_chunk,16,16
11936,243541,247417,16,0,0,layered_block,circular,per_chunk,16,16
11937,240083,243959,16,0,0,layered_block,circular,per_chunk,16,16
11938,227000,230875,16,0,0,layered_block,circular,per_chunk,16,16
11939,229041,232875,16,0,0,layered_block,circular,per_chunk,16,16
11940,237333,241208,16,0,0,layered_block,circular,per_chunk,16,16
11941,248708,252583,16,0,0,layered_block,circular,per_chunk,16,16
11942,252625,256500,16,0,0,layered_block,circular,per_chunk,16,16
11943,252041,255875,16,0,0,layered_block,circular,per_chunk,16,16
11944,261292,265125,16,0,0,layered_block,circular,per_chunk,16,16
11945,303041,307083,16,0,0,layered_block,circular,per_chunk,16,16
11946,248667,252459,16,0,0,layered_block,circular,per_chunk,16,16
11947,251375,255292,16,0,0,layered_block,circular,per_chunk,16,16
11948,239417,243334,16,0,0,layered_block,circular,per_chunk,16,16
11949,241750,245625,16,0,0,layered_block,circular,per_chunk,16,16
11950,233125,237000,16,0,0,layered_block,circular,per_chunk,16,16
11951,228208,232125,16,0,0,layered_block,circular,per_chunk,16,16
11952,232916,236875,16,0,0,layered_block,circular,per_chunk,16,16
11953,245542,249333,16,0,0,layered_block,circular,per_chunk,16,16
11954,251166,255042,16,0,0,layered_block,circular,per_chunk,16,16
11955,256500,260250,16,0,0,layered_block,circular,per_chunk,16,16
11956,255541,263917,16,0,0,layered_block,circular,per_chunk,16,16
11957,258000,261834,16,0,0,layered_block,circular,per_chunk,16,16
11958,244500,248833,16,0,0,layered_block,circular,per_chunk,16,16
11959,243666,247500,16,0,0,layered_block,circular,per_chunk,16,16
11960,235417,239667,16,0,0,layered_block,circular,per_chunk,16,16
11961,243250,247083,16,0,0,layered_block,circular,per_chunk,16,16
11962,241042,244916,16,0,0,layered_block,circular,per_chunk,16,16
11963,232250,236166,16,0,0,layered_block,circular,per_chunk,16,16
11964,245958,249875,16,0,0,layered_block,circular,per_chunk,16,16
11965,244000,247916,16,0,0,layered_block,circular,per_chunk,16,16
11966,247334,251250,16,0,0,layered_block,circular,per_chunk,16,16
11967,257250,261167,16,0,0,layered_block,circular,per_chunk,16,16
11968,256500,260459,16,0,0,layered_block,circular,per_chunk,16,16
11969,254125,258000,16,0,0,layered_block,circular,per_chunk,16,16
11970,296250,300333,16,0,0,layered_block,circular,per_chunk,16,16
11971,238541,242417,16,0,0,layered_block,circular,per_chunk,16,16
11972,239500,243417,16,0,0,layered_block,circular,per_chunk,16,16
11973,229709,233667,16,0,0,layered_block,circular,per_chunk,16,16
11974,229417,233209,16,0,0,layered_block,circular,per_chunk,16,16
11975,237333,241167,16,0,0,layered_block,circular,per_chunk,16,16
11976,245417,249250,16,0,0,layered_block,circular,per_chunk,16,16
11977,248916,252792,16,0,0,layered_block,circular,per_chunk,16,16
11978,248333,252209,16,0,0,layered_block,circular,per_chunk,16,16
11979,258416,262292,16,0,0,layered_block,circular,per_chunk,16,16
11980,261333,265209,16,0,0,layered_block,circular,per_chunk,16,16
11981,248291,252167,16,0,0,layered_block,circular,per_chunk,16,16
11982,247917,251875,16,0,0,layered_block,circular,per_chunk,16,16
11983,242291,246250,16,0,0,layered_block,circular,per_chunk,16,16
11984,246334,250208,16,0,0,layered_block,circular,per_chunk,16,16
11985,243542,247416,16,0,0,layered_block,circular,per_chunk,16,16
11986,241333,245209,16,0,0,layered_block,circular,per_chunk,16,16
11987,243208,247125,16,0,0,layered_block,circular,per_chunk,16,16
11988,244541,248500,16,0,0,layered_block,circular,per_chunk,16,16
11989,243958,247833,16,0,0,layered_block,circular,per_chunk,16,16
11990,255333,259167,16,0,0,layered_block,circular,per_chunk,16,16
11991,255792,259834,16,0,0,layered_block,circular,per_chunk,16,16
11992,256625,260500,16,0,0,layered_block,circular,per_chunk,16,16
11993,247042,250917,16,0,0,layered_block,circular,per_chunk,16,16
11994,240917,244791,16,0,0,layered_block,circular,per_chunk,16,16
11995,244042,247916,16,0,0,layered_block,circular,per_chunk,16,16
11996,235084,238916,16,0,0,layered_block,circular,per_chunk,16,16
11997,228625,232458,16,0,0,layered_block,circular,per_chunk,16,16
11998,240042,243917,16,0,0,layered_block,circular,per_chunk,16,16
11999,248750,252667,16,0,0,layered_block,circular,per_chunk,16,16
12000,243500,247333,16,0,0,layered_block,circular,per_chunk,16,16
12001,243000,246917,16,0,0,layered_block,circular,per_chunk,16,16
12002,257750,261583,16,0,0,layered_block,circular,per_chunk,16,16
12003,257458,261375,16,0,0,layered_block,circular,per_chunk,16,16
12004,250834,254750,16,0,0,layered_block,circular,per_chunk,16,16
12005,296791,300958,16,0,0,layered_block,circular,per_chunk,16,16
12006,248041,251917,16,0,0,layered_block,circular,per_chunk,16,16
12007,287291,291458,16,0,0,layered_block,circular,per_chunk,16,16
12008,242708,246583,16,0,0,layered_block,circular,per_chunk,16,16
12009,279125,283583,16,0,0,layered_block,circular,per_chunk,16,16
12010,271042,275166,16,0,0,layered_block,circular,per_chunk,16,16
12011,287792,291917,16,0,0,layered_block,circular,per_chunk,16,16
12012,242208,246083,16,0,0,layered_block,circular,per_chunk,16,16
12013,290291,294292,16,0,0,layered_block,circular,per_chunk,16,16
12014,259583,263500,16,0,0,layered_block,circular,per_chunk,16,16
12015,259833,263708,16,0,0,layered_block,circular,per_chunk,16,16
12016,245375,249250,16,0,0,layered_block,circular,per_chunk,16,16
12017,240584,244542,16,0,0,layered_block,circular,per_chunk,16,16
12018,240875,244750,16,0,0,layered_block,circular,per_chunk,16,16
12019,236125,240084,16,0,0,layered_block,circular,per_chunk,16,16
12020,238084,242042,16,0,0,layered_block,circular,per_chunk,16,16
12021,237708,241666,16,0,0,layered_block,circular,per_chunk,16,16
12022,248209,252083,16,0,0,layered_block,circular,per_chunk,16,16
12023,245500,249416,16,0,0,layered_block,circular,per_chunk,16,16
12024,239583,243500,16,0,0,layered_block,circular,per_chunk,16,16
12025,249208,253125,16,0,0,layered_block,circular,per_chunk,16,16
12026,260250,264125,16,0,0,layered_block,circular,per_chunk,16,16
12027,254500,258417,16,0,0,layered_block,circular,per_chunk,16,16
12028,250000,253917,16,0,0,layered_block,circular,per_chunk,16,16
12029,247208,251042,16,0,0,layered_block,circular,per_chunk,16,16
12030,247458,251334,16,0,0,layered_block,circular,per_chunk,16,16
12031,283125,287292,16,0,0,layered_block,circular,per_chunk,16,16
12032,234875,238917,16,0,0,layered_block,circular,per_chunk,16,16
12033,245375,249250,16,0,0,layered_block,circular,per_chunk,16,16
12034,237625,241667,16,0,0,layered_block,circular,per_chunk,16,16
12035,242166,246042,16,0,0,layered_block,circular,per_chunk,16,16
12036,242041,245958,16,0,0,layered_block,circular,per_chunk,16,16
12037,298542,302916,16,0,0,layered_block,circular,per_chunk,16,16
12038,261250,265125,16,0,0,layered_block,circular,per_chunk,16,16
12039,250959,254833,16,0,0,layered_block,circular,per_chunk,16,16
12040,248875,252791,16,0,0,layered_block,circular,per_chunk,16,16
12041,243583,247417,16,0,0,layered_block,circular,per_chunk,16,16
12042,244750,248584,16,0,0,layered_block,circular,per_chunk,16,16
12043,233459,241750,16,0,0,layered_block,circular,per_chunk,16,16
12044,246416,250292,16,0,0,layered_block,circular,per_chunk,16,16
12045,248875,252708,16,0,0,layered_block,circular,per_chunk,16,16
12046,237583,241459,16,0,0,layered_block,circular,per_chunk,16,16
12047,238416,242375,16,0,0,layered_block,circular,per_chunk,16,16
12048,246708,250625,16,0,0,layered_block,circular,per_chunk,16,16
12049,260041,263917,16,0,0,layered_block,circular,per_chunk,16,16
12050,254125,258125,16,0,0,layered_block,circular,per_chunk,16,16
12051,248792,252667,16,0,0,layered_block,circular,per_chunk,16,16
12052,242792,246750,16,0,0,layered_block,circular,per_chunk,16,16
12053,245791,249667,16,0,0,layered_block,circular,per_chunk,16,16
12054,236833,240792,16,0,0,layered_block,circular,per_chunk,16,16
12055,245417,249250,16,0,0,layered_block,circular,per_chunk,16,16
12056,247584,251500,16,0,0,layered_block,circular,per_chunk,16,16
12057,260417,264500,16,0,0,layered_block,circular,per_chunk,16,16
12058,237250,241208,16,0,0,layered_block,circular,per_chunk,16,16
12059,242375,246208,16,0,0,layered_block,circular,per_chunk,16,16
12060,244834,248750,16,0,0,layered_block,circular,per_chunk,16,16
12061,260500,264416,16,0,0,layered_block,circular,per_chunk,16,16
12062,256375,260209,16,0,0,layered_block,circular,per_chunk,16,16
12063,244125,247958,16,0,0,layered_block,circular,per_chunk,16,16
12064,285708,289792,16,0,0,layered_block,circular,per_chunk,16,16
12065,245208,249125,16,0,0,layered_block,circular,per_chunk,16,16
12066,237083,241000,16,0,0,layered_block,circular,per_chunk,16,16
12067,247084,250958,16,0,0,layered_block,circular,per_chunk,16,16
12068,245750,249541,16,0,0,layered_block,circular,per_chunk,16,16
12069,235458,239292,16,0,0,layered_block,circular,per_chunk,16,16
12070,287459,291625,16,0,0,layered_block,circular,per_chunk,16,16
12071,236916,240834,16,0,0,layered_block,circular,per_chunk,16,16
12072,362916,367791,16,1,0,layered_block,circular,per_chunk,16,16
12073,260667,264541,16,0,0,layered_block,circular,per_chunk,16,16
12074,246334,250334,16,0,0,layered_block,circular,per_chunk,16,16
12075,245375,249166,16,0,0,layered_block,circular,per_chunk,16,16
12076,244333,248167,16,0,0,layered_block,circular,per_chunk,16,16
12077,240792,244750,16,0,0,layered_block,circular,per_chunk,16,16
12078,245333,249167,16,0,0,layered_block,circular,per_chunk,16,16
12079,247083,250917,16,0,0,layered_block,circular,per_chunk,16,16
12080,236583,240458,16,0,0,layered_block,circular,per_chunk,16,16
12081,241083,244917,16,0,0,layered_block,circular,per_chunk,16,16
12082,242458,246333,16,0,0,layered_block,circular,per_chunk,16,16
12083,243583,247458,16,0,0,layered_block,circular,per_chunk,16,16
12084,255167,259041,16,0,0,layered_block,circular,per_chunk,16,16
12085,259375,263292,16,0,0,layered_block,circular,per_chunk,16,16
12086,250708,254542,16,0,0,layered_block,circular,per_chunk,16,16
12087,306625,310875,16,0,0,layered_block,circular,per_chunk,16,16
12088,242000,245833,16,0,0,layered_block,circular,per_chunk,16,16
12089,246125,250125,16,0,0,layered_block,circular,per_chunk,16,16
12090,245583,249417,16,0,0,layered_block,circular,per_chunk,16,16
12091,243458,248792,16,0,0,layered_block,circular,per_chunk,16,16
12092,234584,238375,16,0,0,layered_block,circular,per_chunk,16,16
12093,243666,247500,16,0,0,layered_block,circular,per_chunk,16,16
12094,241208,245000,16,0,0,layered_block,circular,per_chunk,16,16
12095,301375,305417,16,0,0,layered_block,circular,per_chunk,16,16
12096,262083,265917,16,0,0,layered_block,circular,per_chunk,16,16
12097,256416,260292,16,0,0,layered_block,circular,per_chunk,16,16
12098,246500,250375,16,0,0,layered_block,circular,per_chunk,16,16
12099,238833,242667,16,0,0,layered_block,circular,per_chunk,16,16
12100,248166,252000,16,0,0,layered_block,circular,per_chunk,16,16
12101,245834,249666,16,0,0,layered_block,circular,per_chunk,16,16
12102,242500,246375,16,0,0,layered_block,circular,per_chunk,16,16
12103,233167,237125,16,0,0,layered_block,circular,per_chunk,16,16
12104,234708,238542,16,0,0,layered_block,circular,per_chunk,16,16
12105,244959,248833,16,0,0,layered_block,circular,per_chunk,16,16
12106,237125,240959,16,0,0,layered_block,circular,per_chunk,16,16
12107,257875,261750,16,0,0,layered_block,circular,per_chunk,16,16
12108,254375,258209,16,0,0,layered_block,circular,per_chunk,16,16
12109,253375,257250,16,0,0,layered_block,circular,per_chunk,16,16
12110,246416,250334,16,0,0,layered_block,circular,per_chunk,16,16
12111,246416,250292,16,0,0,layered_block,circular,per_chunk,16,16
12112,244375,248250,16,0,0,layered_block,circular,per_chunk,16,16
12113,243209,247083,16,0,0,layered_block,circular,per_chunk,16,16
12114,238250,242125,16,0,0,layered_block,circular,per_chunk,16,16
12115,235667,239583,16,0,0,layered_block,circular,per_chunk,16,16
12116,245708,249542,16,0,0,layered_block,circular,per_chunk,16,16
12117,237209,241125,16,0,0,layered_block,circular,per_chunk,16,16
12118,247708,251542,16,0,0,layered_block,circular,per_chunk,16,16
12119,256250,260125,16,0,0,layered_block,circular,per_chunk,16,16
12120,302375,306458,16,0,0,layered_block,circular,per_chunk,16,16
12121,251000,254875,16,0,0,layered_block,circular,per_chunk,16,16
12122,246167,250125,16,0,0,layered_block,circular,per_chunk,16,16
12123,247250,251125,16,0,0,layered_block,circular,per_chunk,16,16
12124,240333,244292,16,0,0,layered_block,circular,per_chunk,16,16
12125,242834,246708,16,0,0,layered_block,circular,per_chunk,16,16
12126,238750,242583,16,0,0,layered_block,circular,per_chunk,16,16
12127,236208,244292,16,0,0,layered_block,circular,per_chunk,16,16
12128,269708,273750,16,0,0,layered_block,circular,per_chunk,16,16
12129,233333,237250,16,0,0,layered_block,circular,per_chunk,16,16
12130,289166,293292,16,0,0,layered_block,circular,per_chunk,16,16
12131,258917,262792,16,0,0,layered_block,circular,per_chunk,16,16
12132,252542,256791,16,0,0,layered_block,circular,per_chunk,16,16
12133,245208,249083,16,0,0,layered_block,circular,per_chunk,16,16
12134,246917,250791,16,0,0,layered_block,circular,per_chunk,16,16
12135,246666,250542,16,0,0,layered_block,circular,per_chunk,16,16
12136,238458,242417,16,0,0,layered_block,circular,per_chunk,16,16
12137,233125,237000,16,0,0,layered_block,circular,per_chunk,16,16
12138,242500,246417,16,0,0,layered_block,circular,per_chunk,16,16
12139,239834,243750,16,0,0,layered_block,circular,per_chunk,16,16
12140,244958,248958,16,0,0,layered_block,circular,per_chunk,16,16
12141,240375,244333,16,0,0,layered_block,circular,per_chunk,16,16
12142,258084,261916,16,0,0,layered_block,circular,per_chunk,16,16
12143,259500,263375,16,0,0,layered_block,circular,per_chunk,16,16
12144,248125,252042,16,0,0,layered_block,circular,per_chunk,16,16
12145,299125,303333,16,0,0,layered_block,circular,per_chunk,16,16
12146,241792,245792,16,0,0,layered_block,circular,per_chunk,16,16
12147,295083,299084,16,0,0,layered_block,circular,per_chunk,16,16
12148,234250,238167,16,0,0,layered_block,circular,per_chunk,16,16
12149,289417,293542,16,0,0,layered_block,circular,per_chunk,16,16
12150,238417,242292,16,0,0,layered_block,circular,per_chunk,16,16
12151,244792,248667,16,0,0,layered_block,circular,per_chunk,16,16
12152,234625,238542,16,0,0,layered_block,circular,per_chunk,16,16
12153,249459,253333,16,0,0,layered_block,circular,per_chunk,16,16
12154,255000,259000,16,0,0,layered_block,circular,per_chunk,16,16
12155,260958,264917,16,0,0,layered_block,circular,per_chunk,16,16
12156,244333,248250,16,0,0,layered_block,circular,per_chunk,16,16
12157,247667,251541,16,0,0,layered_block,circular,per_chunk,16,16
12158,246042,249958,16,0,0,layered_block,circular,per_chunk,16,16
12159,240375,244292,16,0,0,layered_block,circular,per_chunk,16,16
12160,241833,245708,16,0,0,layered_block,circular,per_chunk,16,16
12161,237834,241708,16,0,0,layered_block,circular,per_chunk,16,16
12162,265458,269584,16,0,0,layered_block,circular,per_chunk,16,16
12163,239958,244500,16,0,0,layered_block,circular,per_chunk,16,16
12164,235000,238875,16,0,0,layered_block,circular,per_chunk,16,16
12165,249625,253584,16,0,0,layered_block,circular,per_chunk,16,16
12166,258958,262875,16,0,0,layered_block,circular,per_chunk,16,16
12167,252833,256792,16,0,0,layered_block,circular,per_chunk,16,16
12168,244417,248292,16,0,0,layered_block,circular,per_chunk,16,16
12169,240791,244959,16,0,0,layered_block,circular,per_chunk,16,16
12170,246500,250375,16,0,0,layered_block,circular,per_chunk,16,16
12171,237208,241167,16,0,0,layered_block,circular,per_chunk,16,16
12172,239750,243583,16,0,0,layered_block,circular,per_chunk,16,16
12173,240917,244791,16,0,0,layered_block,circular,per_chunk,16,16
12174,237709,241667,16,0,0,layered_block,circular,per_chunk,16,16
12175,240875,244791,16,0,0,layered_block,circular,per_chunk,16,16
12176,246000,249875,16,0,0,layered_block,circular,per_chunk,16,16
12177,251250,255125,16,0,0,layered_block,circular,per_chunk,16,16
12178,261416,265292,16,0,0,layered_block,circular,per_chunk,16,16
12179,339292,343416,16,0,0,layered_block,circular,per_chunk,16,16
12180,240042,243917,16,0,0,layered_block,circular,per_chunk,16,16
12181,246916,251083,16,0,0,layered_block,circular,per_chunk,16,16
12182,245125,249042,16,0,0,layered_block,circular,per_chunk,16,16
12183,240041,244000,16,0,0,layered_block,circular,per_chunk,16,16
12184,242583,246417,16,0,0,layered_block,circular,per_chunk,16,16
12185,242292,246208,16,0,0,layered_block,circular,per_chunk,16,16
12186,238541,242417,16,0,0,layered_block,circular,per_chunk,16,16
12187,245958,249917,16,0,0,layered_block,circular,per_chunk,16,16
12188,250792,254625,16,0,0,layered_block,circular,per_chunk,16,16
12189,259291,263250,16,0,0,layered_block,circular,per_chunk,16,16
12190,259000,262875,16,0,0,layered_block,circular,per_chunk,16,16
12191,251333,255209,16,0,0,layered_block,circular,per_chunk,16,16
12192,245334,249208,16,0,0,layered_block,circular,per_chunk,16,16
12193,237375,241708,16,0,0,layered_block,circular,per_chunk,16,16
12194,245416,249292,16,0,0,layered_block,circular,per_chunk,16,16
12195,241167,245042,16,0,0,layered_block,circular,per_chunk,16,16
12196,235750,239709,16,0,0,layered_block,circular,per_chunk,16,16
12197,241834,245750,16,0,0,layered_block,circular,per_chunk,16,16
12198,238500,242375,16,0,0,layered_block,circular,per_chunk,16,16
12199,239833,243875,16,0,0,layered_block,circular,per_chunk,16,16
12200,254000,257833,16,0,0,layered_block,circular,per_chunk,16,16
12201,260334,264208,16,0,0,layered_block,circular,per_chunk,16,16
12202,258584,262416,16,0,0,layered_block,circular,per_chunk,16,16
12203,249500,253375,16,0,0,layered_block,circular,per_chunk,16,16
12204,283125,287250,16,0,0,layered_block,circular,per_chunk,16,16
12205,240917,244875,16,0,0,layered_block,circular,per_chunk,16,16
12206,242667,246542,16,0,0,layered_block,circular,per_chunk,16,16
12207,242333,246167,16,0,0,layered_block,circular,per_chunk,16,16
12208,235625,239500,16,0,0,layered_block,circular,per_chunk,16,16
12209,239709,243541,16,0,0,layered_block,circular,per_chunk,16,16
12210,241833,245708,16,0,0,layered_block,circular,per_chunk,16,16
12211,241250,245166,16,0,0,layered_block,circular,per_chunk,16,16
12212,254667,258500,16,0,0,layered_block,circular,per_chunk,16,16
12213,259333,263208,16,0,0,layered_block,circular,per_chunk,16,16
12214,257625,261459,16,0,0,layered_block,circular,per_chunk,16,16
12215,243958,247792,16,0,0,layered_block,circular,per_chunk,16,16
12216,241542,245500,16,0,0,layered_block,circular,per_chunk,16,16
12217,243500,247375,16,0,0,layered_block,circular,per_chunk,16,16
12218,238667,242584,16,0,0,layered_block,circular,per_chunk,16,16
12219,242708,246500,16,0,0,layered_block,circular,per_chunk,16,16
12220,289084,293333,16,0,0,layered_block,circular,per_chunk,16,16
12221,239000,242875,16,0,0,layered_block,circular,per_chunk,16,16
12222,239708,243708,16,0,0,layered_block,circular,per_chunk,16,16
12223,251625,255458,16,0,0,layered_block,circular,per_chunk,16,16
12224,253625,257541,16,0,0,layered_block,circular,per_chunk,16,16
12225,258583,262417,16,0,0,layered_block,circular,per_chunk,16,16
12226,250875,254792,16,0,0,layered_block,circular,per_chunk,16,16
12227,245750,249625,16,0,0,layered_block,circular,per_chunk,16,16
12228,239667,243625,16,0,0,layered_block,circular,per_chunk,16,16
12229,244250,248125,16,0,0,layered_block,circular,per_chunk,16,16
12230,238041,241958,16,0,0,layered_block,circular,per_chunk,16,16
12231,242334,246208,16,0,0,layered_block,circular,per_chunk,16,16
12232,233541,237417,16,0,0,layered_block,circular,per_chunk,16,16
12233,238834,242666,16,0,0,layered_block,circular,per_chunk,16,16
12234,244125,248042,16,0,0,layered_block,circular,per_chunk,16,16
12235,250625,254500,16,0,0,layered_block,circular,per_chunk,16,16
12236,258875,262750,16,0,0,layered_block,circular,per_chunk,16,16
12237,257250,261125,16,0,0,layered_block,circular,per_chunk,16,16
12238,248583,252459,16,0,0,layered_block,circular,per_chunk,16,16
12239,244875,248750,16,0,0,layered_block,circular,per_chunk,16,16
12240,239167,243083,16,0,0,layered_block,circular,per_chunk,16,16
12241,245083,248875,16,0,0,layered_block,circular,per_chunk,16,16
12242,248875,252875,16,0,0,layered_block,circular,per_chunk,16,16
12243,226167,230041,16,0,0,layered_block,circular,per_chunk,16,16
12244,230042,233958,16,0,0,layered_block,circular,per_chunk,16,16
12245,239459,243333,16,0,0,layered_block,circular,per_chunk,16,16
12246,244917,248875,16,0,0,layered_block,circular,per_chunk,16,16
12247,249084,253042,16,0,0,layered_block,circular,per_chunk,16,16
12248,257667,261500,16,0,0,layered_block,circular,per_chunk,16,16
12249,253041,261333,16,0,0,layered_block,circular,per_chunk,16,16
12250,242375,246333,16,0,0,layered_block,circular,per_chunk,16,16
12251,293000,297083,16,0,0,layered_block,circular,per_chunk,16,16
12252,239125,243000,16,0,0,layered_block,circular,per_chunk,16,16
12253,291416,295542,16,0,0,layered_block,circular,per_chunk,16,16
12254,234750,242542,16,0,0,layered_block,circular,per_chunk,16,16
12255,229500,233375,16,0,0,layered_block,circular,per_chunk,16,16
12256,230667,234542,16,0,0,layered_block,circular,per_chunk,16,16
12257,249041,252959,16,0,0,layered_block,circular,per_chunk,16,16
12258,248875,252750,16,0,0,layered_block,circular,per_chunk,16,16
12259,257125,261000,16,0,0,layered_block,circular,per_chunk,16,16
12260,258333,262167,16,0,0,layered_block,circular,per_chunk,16,16
12261,256833,260709,16,0,0,layered_block,circular,per_chunk,16,16
12262,246792,250666,16,0,0,layered_block,circular,per_chunk,16,16
12263,234542,238458,16,0,0,layered_block,circular,per_chunk,16,16
12264,244709,248541,16,0,0,layered_block,circular,per_chunk,16,16
12265,239916,243792,16,0,0,layered_block,circular,per_chunk,16,16
12266,239833,243750,16,0,0,layered_block,circular,per_chunk,16,16
12267,225833,229708,16,0,0,layered_block,circular,per_chunk,16,16
12268,239209,247291,16,0,0,layered_block,circular,per_chunk,16,16
12269,245250,249125,16,0,0,layered_block,circular,per_chunk,16,16
12270,244834,248708,16,0,0,layered_block,circular,per_chunk,16,16
12271,259250,263083,16,0,0,layered_block,circular,per_chunk,16,16
12272,259416,263292,16,0,0,layered_block,circular,per_chunk,16,16
12273,253417,257209,16,0,0,layered_block,circular,per_chunk,16,16
12274,242209,246000,16,0,0,layered_block,circular,per_chunk,16,16
12275,232875,236792,16,0,0,layered_block,circular,per_chunk,16,16
12276,244708,248500,16,0,0,layered_block,circular,per_chunk,16,16
12277,239041,243000,16,0,0,layered_block,circular,per_chunk,16,16
12278,231416,235250,16,0,0,layered_block,circular,per_chunk,16,16
12279,235625,239500,16,0,0,layered_block,circular,per_chunk,16,16
12280,242833,246708,16,0,0,layered_block,circular,per_chunk,16,16
12281,246584,250500,16,0,0,layered_block,circular,per_chunk,16,16
12282,252583,256500,16,0,0,layered_block,circular,per_chunk,16,16
12283,258792,262666,16,0,0,layered_block,circular,per_chunk,16,16
12284,258791,262625,16,0,0,layered_block,circular,per_chunk,16,16
12285,247125,251041,16,0,0,layered_block,circular,per_chunk,16,16
12286,282334,286458,16,0,0,layered_block,circular,per_chunk,16,16
12287,240417,244417,16,0,0,layered_block,circular,per_chunk,16,16
12288,294542,298750,16,0,0,layered_block,circular,per_chunk,16,16
12289,241375,245208,16,0,0,layered_block,circular,per_chunk,16,16
12290,219542,223500,16,0,0,layered_block,circular,per_chunk,16,16
12291,236084,240000,16,0,0,layered_block,circular,per_chunk,16,16
12292,249125,252959,16,0,0,layered_block,circular,per_chunk,16,16
12293,248917,252833,16,0,0,layered_block,circular,per_chunk,16,16
12294,253666,257542,16,0,0,layered_block,circular,per_chunk,16,16
12295,253500,257500,16,0,0,layered_block,circular,per_chunk,16,16
12296,259750,263625,16,0,0,layered_block,circular,per_chunk,16,16
12297,248416,252292,16,0,0,layered_block,circular,per_chunk,16,16
12298,231750,235708,16,0,0,layered_block,circular,per_chunk,16,16
12299,243625,247500,16,0,0,layered_block,circular,per_chunk,16,16
12300,244959,248917,16,0,0,layered_block,circular,per_chunk,16,16
12301,223542,227458,16,0,0,layered_block,circular,per_chunk,16,16
12302,231833,235750,16,0,0,layered_block,circular,per_chunk,16,16
12303,244667,248583,16,0,0,layered_block,circular,per_chunk,16,16
12304,244584,248542,16,0,0,layered_block,circular,per_chunk,16,16
12305,244416,248417,16,0,0,layered_block,circular,per_chunk,16,16
12306,258500,262417,16,0,0,layered_block,circular,per_chunk,16,16
12307,257209,261041,16,0,0,layered_block,circular,per_chunk,16,16
12308,252458,256417,16,0,0,layered_block,circular,per_chunk,16,16
12309,239500,243458,16,0,0,layered_block,circular,per_chunk,16,16
12310,241333,245208,16,0,0,layered_block,circular,per_chunk,16,16
12311,245333,249209,16,0,0,layered_block,circular,per_chunk,16,16
12312,242750,246625,16,0,0,layered_block,circular,per_chunk,16,16
12313,234666,238500,16,0,0,layered_block,circular,per_chunk,16,16
12314,242500,246458,16,0,0,layered_block,circular,per_chunk,16,16
12315,237583,241500,16,0,0,layered_block,circular,per_chunk,16,16
12316,246792,250708,16,0,0,layered_block,circular,per_chunk,16,16
12317,249042,252916,16,0,0,layered_block,circular,per_chunk,16,16
12318,257875,261791,16,0,0,layered_block,circular,per_chunk,16,16
12319,252584,256584,16,0,0,layered_block,circular,per_chunk,16,16
12320,256000,259875,16,0,0,layered_block,circular,per_chunk,16,16
12321,240709,244583,16,0,0,layered_block,circular,per_chunk,16,16
12322,241625,245500,16,0,0,layered_block,circular,per_chunk,16,16
12323,240958,244834,16,0,0,layered_block,circular,per_chunk,16,16
12324,241708,245625,16,0,0,layered_block,circular,per_chunk,16,16
12325,239417,243292,16,0,0,layered_block,circular,per_chunk,16,16
12326,236750,240625,16,0,0,layered_block,circular,per_chunk,16,16
12327,243958,247792,16,0,0,layered_block,circular,per_chunk,16,16
12328,248584,252458,16,0,0,layered_block,circular,per_chunk,16,16
12329,245833,249708,16,0,0,layered_block,circular,per_chunk,16,16
12330,258834,262792,16,0,0,layered_block,circular,per_chunk,16,16
12331,253209,257166,16,0,0,layered_block,circular,per_chunk,16,16
12332,252917,256792,16,0,0,layered_block,circular,per_chunk,16,16
12333,239792,243708,16,0,0,layered_block,circular,per_chunk,16,16
12334,239583,243542,16,0,0,layered_block,circular,per_chunk,16,16
12335,245834,250042,16,0,0,layered_block,circular,per_chunk,16,16
12336,236126,240000,16,0,0,layered_block,circular,per_chunk,16,16
12337,260125,264292,16,0,0,layered_block,circular,per_chunk,16,16
12338,238625,242500,16,0,0,layered_block,circular,per_chunk,16,16
12339,238833,242834,16,0,0,layered_block,circular,per_chunk,16,16
12340,297500,301833,16,0,0,layered_block,circular,per_chunk,16,16
12341,250291,254125,16,0,0,layered_block,circular,per_chunk,16,16
12342,258334,262333,16,0,0,layered_block,circular,per_chunk,16,16
12343,256375,260250,16,0,0,layered_block,circular,per_chunk,16,16
12344,251000,254917,16,0,0,layered_block,circular,per_chunk,16,16
12345,232667,236584,16,0,0,layered_block,circular,per_chunk,16,16
12346,245666,249542,16,0,0,layered_block,circular,per_chunk,16,16
12347,242334,246166,16,0,0,layered_block,circular,per_chunk,16,16
12348,238375,242709,16,0,0,layered_block,circular,per_chunk,16,16
12349,241625,245500,16,0,0,layered_block,circular,per_chunk,16,16
12350,232875,236750,16,0,0,layered_block,circular,per_chunk,16,16
12351,248542,252458,16,0,0,layered_block,circular,per_chunk,16,16
12352,249708,253666,16,0,0,layered_block,circular,per_chunk,16,16
12353,250833,254667,16,0,0,layered_block,circular,per_chunk,16,16
12354,256000,259834,16,0,0,layered_block,circular,per_chunk,16,16
12355,256833,260667,16,0,0,layered_block,circular,per_chunk,16,16
12356,247500,251375,16,0,0,layered_block,circular,per_chunk,16,16
12357,241792,245708,16,0,0,layered_block,circular,per_chunk,16,16
12358,244000,247875,16,0,0,layered_block,circular,per_chunk,16,16
12359,238708,242625,16,0,0,layered_block,circular,per_chunk,16,16
12360,243042,246958,16,0,0,layered_block,circular,per_chunk,16,16
12361,237750,241583,16,0,0,layered_block,circular,per_chunk,16,16
12362,233625,237542,16,0,0,layered_block,circular,per_chunk,16,16
12363,250584,254500,16,0,0,layered_block,circular,per_chunk,16,16
12364,245416,249292,16,0,0,layered_block,circular,per_chunk,16,16
12365,252959,256833,16,0,0,layered_block,circular,per_chunk,16,16
12366,255750,259709,16,0,0,layered_block,circular,per_chunk,16,16
12367,297083,301250,16,0,0,layered_block,circular,per_chunk,16,16
12368,240000,243917,16,0,0,layered_block,circular,per_chunk,16,16
12369,246958,250916,16,0,0,layered_block,circular,per_chunk,16,16
12370,237916,241875,16,0,0,layered_block,circular,per_chunk,16,16
12371,288292,292291,16,0,0,layered_block,circular,per_chunk,16,16
12372,239084,243042,16,0,0,layered_block,circular,per_chunk,16,16
12373,227625,231459,16,0,0,layered_block,circular,per_chunk,16,16
12374,241416,245334,16,0,0,layered_block,circular,per_chunk,16,16
12375,248417,252292,16,0,0,layered_block,circular,per_chunk,16,16
12376,244167,248042,16,0,0,layered_block,circular,per_chunk,16,16
12377,294459,298583,16,0,0,layered_block,circular,per_chunk,16,16
12378,254750,258666,16,0,0,layered_block,circular,per_chunk,16,16
12379,251584,255500,16,0,0,layered_block,circular,per_chunk,16,16
12380,244208,248042,16,0,0,layered_block,circular,per_chunk,16,16
12381,243292,247208,16,0,0,layered_block,circular,per_chunk,16,16
12382,246334,250166,16,0,0,layered_block,circular,per_chunk,16,16
12383,245042,248875,16,0,0,layered_block,circular,per_chunk,16,16
12384,235667,239542,16,0,0,layered_block,circular,per_chunk,16,16
12385,235250,239167,16,0,0,layered_block,circular,per_chunk,16,16
12386,250958,254834,16,0,0,layered_block,circular,per_chunk,16,16
12387,248458,252375,16,0,0,layered_block,circular,per_chunk,16,16
12388,242917,246750,16,0,0,layered_block,circular,per_chunk,16,16
12389,255625,259417,16,0,0,layered_block,circular,per_chunk,16,16
12390,254584,258458,16,0,0,layered_block,circular,per_chunk,16,16
12391,254916,258750,16,0,0,layered_block,circular,per_chunk,16,16
12392,244625,248500,16,0,0,layered_block,circular,per_chunk,16,16
12393,237041,240917,16,0,0,layered_block,circular,per_chunk,16,16
12394,246375,250166,16,0,0,layered_block,circular,per_chunk,16,16
12395,237583,245625,16,0,0,layered_block,circular,per_chunk,16,16
12396,227875,235959,16,0,0,layered_block,circular,per_chunk,16,16
12397,243583,247459,16,0,0,layered_block,circular,per_chunk,16,16
12398,245000,248875,16,0,0,layered_block,circular,per_chunk,16,16
12399,241208,245208,16,0,0,layered_block,circular,per_chunk,16,16
12400,244500,248333,16,0,0,layered_block,circular,per_chunk,16,16
12401,254709,258541,16,0,0,layered_block,circular,per_chunk,16,16
12402,253708,257500,16,0,0,layered_block,circular,per_chunk,16,16
12403,249709,253625,16,0,0,layered_block,circular,per_chunk,16,16
12404,244167,248000,16,0,0,layered_block,circular,per_chunk,16,16
12405,244667,248459,16,0,0,layered_block,circular,per_chunk,16,16
12406,241375,245250,16,0,0,layered_block,circular,per_chunk,16,16
12407,240042,243917,16,0,0,layered_block,circular,per_chunk,16,16
12408,229250,233041,16,0,0,layered_block,circular,per_chunk,16,16
12409,245084,248917,16,0,0,layered_block,circular,per_chunk,16,16
12410,241750,245625,16,0,0,layered_block,circular,per_chunk,16,16
12411,243416,247292,16,0,0,layered_block,circular,per_chunk,16,16
12412,247041,250875,16,0,0,layered_block,circular,per_chunk,16,16
12413,245125,253166,16,0,0,layered_block,circular,per_chunk,16,16
12414,246750,250542,16,0,0,layered_block,circular,per_chunk,16,16
12415,254167,258000,16,0,0,layered_block,circular,per_chunk,16,16
12416,285792,290084,16,0,0,layered_block,circular,per_chunk,16,16
12417,244875,248708,16,0,0,layered_block,circular,per_chunk,16,16
12418,286792,290834,16,0,0,layered_block,circular,per_chunk,16,16
12419,235583,239459,16,0,0,layered_block,circular,per_chunk,16,16
12420,236625,240459,16,0,0,layered_block,circular,per_chunk,16,16
12421,247333,251167,16,0,0,layered_block,circular,per_chunk,16,16
12422,246834,250625,16,0,0,layered_block,circular,per_chunk,16,16
12423,233750,237667,16,0,0,layered_block,circular,per_chunk,16,16
12424,246042,249916,16,0,0,layered_block,circular,per_chunk,16,16
12425,238583,242541,16,0,0,layered_block,circular,per_chunk,16,16
12426,249042,252916,16,0,0,layered_block,circular,per_chunk,16,16
12427,253834,257666,16,0,0,layered_block,circular,per_chunk,16,16
12428,291125,295416,16,0,0,layered_block,circular,per_chunk,16,16
12429,245250,249125,16,0,0,layered_block,circular,per_chunk,16,16
12430,286500,290625,16,0,0,layered_block,circular,per_chunk,16,16
12431,230667,234584,16,0,0,layered_block,circular,per_chunk,16,16
12432,232250,236208,16,0,0,layered_block,circular,per_chunk,16,16
12433,234417,238333,16,0,0,layered_block,circular,per_chunk,16,16
12434,245334,249166,16,0,0,layered_block,circular,per_chunk,16,16
12435,251834,255708,16,0,0,layered_block,circular,per_chunk,16,16
12436,247042,250917,16,0,0,layered_block,circular,per_chunk,16,16
12437,240791,244625,16,0,0,layered_block,circular,per_chunk,16,16
12438,235250,239167,16,0,0,layered_block,circular,per_chunk,16,16
12439,236833,240667,16,0,0,layered_block,circular,per_chunk,16,16
12440,246417,250291,16,0,0,layered_block,circular,per_chunk,16,16
12441,253791,257708,16,0,0,layered_block,circular,per_chunk,16,16
12442,246750,250625,16,0,0,layered_block,circular,per_chunk,16,16
12443,241000,244916,16,0,0,layered_block,circular,per_chunk,16,16
12444,243667,247500,16,0,0,layered_block,circular,per_chunk,16,16
12445,235167,239167,16,0,0,layered_block,circular,per_chunk,16,16
12446,239500,243375,16,0,0,layered_block,circular,per_chunk,16,16
12447,235167,239042,16,0,0,layered_block,circular,per_chunk,16,16
12448,246042,249875,16,0,0,layered_block,circular,per_chunk,16,16
12449,249000,252875,16,0,0,layered_block,circular,per_chunk,16,16
12450,246833,250667,16,0,0,layered_block,circular,per_chunk,16,16
12451,238541,242417,16,0,0,layered_block,circular,per_chunk,16,16
12452,236084,239958,16,0,0,layered_block,circular,per_chunk,16,16
12453,239125,243041,16,0,0,layered_block,circular,per_chunk,16,16
12454,246333,250167,16,0,0,layered_block,circular,per_chunk,16,16
12455,248541,252500,16,0,0,layered_block,circular,per_chunk,16,16
12456,242542,250542,16,0,0,layered_block,circular,per_chunk,16,16
12457,243125,247000,16,0,0,layered_block,circular,per_chunk,16,16
12458,238833,242792,16,0,0,layered_block,circular,per_chunk,16,16
12459,242208,246084,16,0,0,layered_block,circular,per_chunk,16,16
12460,237250,241083,16,0,0,layered_block,circular,per_chunk,16,16
12461,232375,236208,16,0,0,layered_block,circular,per_chunk,16,16
12462,243333,247250,16,0,0,layered_block,circular,per_chunk,16,16
12463,248083,251958,16,0,0,layered_block,circular,per_chunk,16,16
12464,243750,247667,16,0,0,layered_block,circular,per_chunk,16,16
12465,238292,242459,16,0,0,layered_block,circular,per_chunk,16,16
12466,234917,238917,16,0,0,layered_block,circular,per_chunk,16,16
12467,237958,241833,16,0,0,layered_block,circular,per_chunk,16,16
12468,242542,246417,16,0,0,layered_block,circular,per_chunk,16,16
12469,252500,256375,16,0,0,layered_block,circular,per_chunk,16,16
12470,250167,254042,16,0,0,layered_block,circular,per_chunk,16,16
12471,235834,239750,16,0,0,layered_block,circular,per_chunk,16,16
12472,236041,239917,16,0,0,layered_block,circular,per_chunk,16,16
12473,242541,246417,16,0,0,layered_block,circular,per_chunk,16,16
12474,232458,236458,16,0,0,layered_block,circular,per_chunk,16,16
12475,233792,237792,16,0,0,layered_block,circular,per_chunk,16,16
12476,241625,245375,16,0,0,layered_block,circular,per_chunk,16,16
12477,246000,250000,16,0,0,layered_block,circular,per_chunk,16,16
12478,244125,248416,16,0,0,layered_block,circular,per_chunk,16,16
12479,244250,248125,16,0,0,layered_block,circular,per_chunk,16,16
12480,250458,254333,16,0,0,layered_block,circular,per_chunk,16,16
12481,253000,256834,16,0,0,layered_block,circular,per_chunk,16,16
12482,251000,254875,16,0,0,layered_block,circular,per_chunk,16,16
12483,254083,258000,16,0,0,layered_block,circular,per_chunk,16,16
12484,296167,300334,16,0,0,layered_block,circular,per_chunk,16,16
12485,238291,242250,16,0,0,layered_block,circular,per_chunk,16,16
12486,284833,288916,16,0,0,layered_block,circular,per_chunk,16,16
12487,245584,249458,16,0,0,layered_block,circular,per_chunk,16,16
12488,283708,287875,16,0,0,layered_block,circular,per_chunk,16,16
12489,231417,235750,16,0,0,layered_block,circular,per_chunk,16,16
12490,237041,240917,16,0,0,layered_block,circular,per_chunk,16,16
12491,249042,252916,16,0,0,layered_block,circular,per_chunk,16,16
12492,303875,308250,16,0,0,layered_block,circular,per_chunk,16,16
12493,248708,252583,16,0,0,layered_block,circular,per_chunk,16,16
12494,248292,252125,16,0,0,layered_block,circular,per_chunk,16,16
12495,242958,246916,16,0,0,layered_block,circular,per_chunk,16,16
12496,246292,250208,16,0,0,layered_block,circular,per_chunk,16,16
12497,253333,257208,16,0,0,layered_block,circular,per_chunk,16,16
12498,247500,251417,16,0,0,layered_block,circular,per_chunk,16,16
12499,237792,241708,16,0,0,layered_block,circular,per_chunk,16,16
12500,241916,245792,16,0,0,layered_block,circular,per_chunk,16,16
12501,246333,250250,16,0,0,layered_block,circular,per_chunk,16,16
12502,243042,246917,16,0,0,layered_block,circular,per_chunk,16,16
12503,247458,255541,16,0,0,layered_block,circular,per_chunk,16,16
12504,242125,246041,16,0,0,layered_block,circular,per_chunk,16,16
12505,248625,252541,16,0,0,layered_block,circular,per_chunk,16,16
12506,241416,245292,16,0,0,layered_block,circular,per_chunk,16,16
12507,240166,244042,16,0,0,layered_block,circular,per_chunk,16,16
12508,239333,243250,16,0,0,layered_block,circular,per_chunk,16,16
12509,246333,250209,16,0,0,layered_block,circular,per_chunk,16,16
12510,244000,247875,16,0,0,layered_block,circular,per_chunk,16,16
12511,245625,249542,16,0,0,layered_block,circular,per_chunk,16,16
12512,247875,251833,16,0,0,layered_block,circular,per_chunk,16,16
12513,239125,243083,16,0,0,layered_block,circular,per_chunk,16,16
12514,255583,259458,16,0,0,layered_block,circular,per_chunk,16,16
12515,244958,248959,16,0,0,layered_block,circular,per_chunk,16,16
12516,243667,247541,16,0,0,layered_block,circular,per_chunk,16,16
12517,238542,242500,16,0,0,layered_block,circular,per_chunk,16,16
12518,244000,247917,16,0,0,layered_block,circular,per_chunk,16,16
12519,242792,246750,16,0,0,layered_block,circular,per_chunk,16,16
12520,249709,253667,16,0,0,layered_block,circular,per_chunk,16,16
12521,241375,245291,16,0,0,layered_block,circular,per_chunk,16,16
12522,235000,238916,16,0,0,layered_block,circular,per_chunk,16,16
12523,235125,243250,16,0,0,layered_block,circular,per_chunk,16,16
12524,248333,252208,16,0,0,layered_block,circular,per_chunk,16,16
12525,249292,253208,16,0,0,layered_block,circular,per_chunk,16,16
12526,252000,255917,16,0,0,layered_block,circular,per_chunk,16,16
12527,248041,251917,16,0,0,layered_block,circular,per_chunk,16,16
12528,241375,245375,16,0,0,layered_block,circular,per_chunk,16,16
12529,245541,249459,16,0,0,layered_block,circular,per_chunk,16,16
12530,283833,287917,16,0,0,layered_block,circular,per_chunk,16,16
12531,234709,238541,16,0,0,layered_block,circular,per_chunk,16,16
12532,243583,247500,16,0,0,layered_block,circular,per_chunk,16,16
12533,237708,241917,16,0,0,layered_block,circular,per_chunk,16,16
12534,251708,255583,16,0,0,layered_block,circular,per_chunk,16,16
12535,246667,250500,16,0,0,layered_block,circular,per_chunk,16,16
12536,296541,300708,16,0,0,layered_block,circular,per_chunk,16,16
12537,254000,257834,16,0,0,layered_block,circular,per_chunk,16,16
12538,243083,247000,16,0,0,layered_block,circular,per_chunk,16,16
12539,245083,249000,16,0,0,layered_block,circular,per_chunk,16,16
12540,248625,252584,16,0,0,layered_block,circular,per_chunk,16,16
12541,246250,250042,16,0,0,layered_block,circular,per_chunk,16,16
12542,246083,250000,16,0,0,layered_block,circular,per_chunk,16,16
12543,242458,246292,16,0,0,layered_block,circular,per_chunk,16,16
12544,225125,229000,16,0,0,layered_block,circular,per_chunk,16,16
12545,231167,234959,16,0,0,layered_block,circular,per_chunk,16,16
12546,282084,286583,16,0,0,layered_block,circular,per_chunk,16,16
12547,251625,255459,16,0,0,layered_block,circular,per_chunk,16,16
12548,254333,258250,16,0,0,layered_block,circular,per_chunk,16,16
12549,246416,250292,16,0,0,layered_block,circular,per_chunk,16,16
12550,237959,241875,16,0,0,layered_block,circular,per_chunk,16,16
12551,236500,240375,16,0,0,layered_block,circular,per_chunk,16,16
12552,238959,243042,16,0,0,layered_block,circular,per_chunk,16,16
12553,245917,249750,16,0,0,layered_block,circular,per_chunk,16,16
12554,254292,258250,16,0,0,layered_block,circular,per_chunk,16,16
12555,248333,252209,16,0,0,layered_block,circular,per_chunk,16,16
12556,238750,242667,16,0,0,layered_block,circular,per_chunk,16,16
12557,246125,249958,16,0,0,layered_block,circular,per_chunk,16,16
12558,250333,254167,16,0,0,layered_block,circular,per_chunk,16,16
12559,251625,255458,16,0,0,layered_block,circular,per_chunk,16,16
12560,242250,246084,16,0,0,layered_block,circular,per_chunk,16,16
12561,243042,246834,16,0,0,layered_block,circular,per_chunk,16,16
12562,248625,252542,16,0,0,layered_block,circular,per_chunk,16,16
12563,240875,244792,16,0,0,layered_block,circular,per_chunk,16,16
12564,243042,246958,16,0,0,layered_block,circular,per_chunk,16,16
12565,239209,243084,16,0,0,layered_block,circular,per_chunk,16,16
12566,241083,244958,16,0,0,layered_block,circular,per_chunk,16,16
12567,242583,246542,16,0,0,layered_block,circular,per_chunk,16,16
12568,249417,253375,16,0,0,layered_block,circular,per_chunk,16,16
12569,255000,258916,16,0,0,layered_block,circular,per_chunk,16,16
12570,255834,259666,16,0,0,layered_block,circular,per_chunk,16,16
12571,245542,249416,16,0,0,layered_block,circular,per_chunk,16,16
12572,233625,237583,16,0,0,layered_block,circular,per_chunk,16,16
12573,231417,235291,16,0,0,layered_block,circular,per_chunk,16,16
12574,228500,232458,16,0,0,layered_block,circular,per_chunk,16,16
12575,237542,241459,16,0,0,layered_block,circular,per_chunk,16,16
12576,249333,258041,16,0,0,layered_block,circular,per_chunk,16,16
12577,244958,248750,16,0,0,layered_block,circular,per_chunk,16,16
12578,237416,245709,16,0,0,layered_block,circular,per_chunk,16,16
12579,243834,247625,16,0,0,layered_block,circular,per_chunk,16,16
12580,249083,252958,16,0,0,layered_block,circular,per_chunk,16,16
12581,246042,249959,16,0,0,layered_block,circular,per_chunk,16,16
12582,254125,257959,16,0,0,layered_block,circular,per_chunk,16,16
12583,301375,305458,16,0,0,layered_block,circular,per_chunk,16,16
12584,241541,245417,16,0,0,layered_block,circular,per_chunk,16,16
12585,281500,285541,16,0,0,layered_block,circular,per_chunk,16,16
12586,240792,244625,16,0,0,layered_block,circular,per_chunk,16,16
12587,241750,245625,16,0,0,layered_block,circular,per_chunk,16,16
12588,229333,237375,16,0,0,layered_block,circular,per_chunk,16,16
12589,238417,242250,16,0,0,layered_block,circular,per_chunk,16,16
12590,248875,252750,16,0,0,layered_block,circular,per_chunk,16,16
12591,250833,254708,16,0,0,layered_block,circular,per_chunk,16,16
12592,248209,252125,16,0,0,layered_block,circular,per_chunk,16,16
12593,250084,253958,16,0,0,layered_block,circular,per_chunk,16,16
12594,233250,237084,16,0,0,layered_block,circular,per_chunk,16,16
12595,244958,248875,16,0,0,layered_block,circular,per_chunk,16,16
12596,253833,257709,16,0,0,layered_block,circular,per_chunk,16,16
12597,297875,301917,16,0,0,layered_block,circular,per_chunk,16,16
12598,238542,242833,16,0,0,layered_block,circular,per_chunk,16,16
12599,247458,251416,16,0,0,layered_block,circular,per_chunk,16,16
12600,239708,243625,16,0,0,layered_block,circular,per_chunk,16,16
12601,290833,295333,16,0,0,layered_block,circular,per_chunk,16,16
12602,241208,245125,16,0,0,layered_block,circular,per_chunk,16,16
12603,296333,300250,16,0,0,layered_block,circular,per_chunk,16,16
12604,255459,259291,16,0,0,layered_block,circular,per_chunk,16,16
12605,240875,244792,16,0,0,layered_block,circular,per_chunk,16,16
12606,241792,245666,16,0,0,layered_block,circular,per_chunk,16,16
12607,236167,240125,16,0,0,layered_block,circular,per_chunk,16,16
12608,241250,245125,16,0,0,layered_block,circular,per_chunk,16,16
12609,289333,293583,16,0,0,layered_block,circular,per_chunk,16,16
12610,253667,257542,16,0,0,layered_block,circular,per_chunk,16,16
12611,250333,254250,16,0,0,layered_block,circular,per_chunk,16,16
12612,243417,247292,16,0,0,layered_block,circular,per_chunk,16,16
12613,242209,246167,16,0,0,layered_block,circular,per_chunk,16,16
12614,245750,249666,16,0,0,layered_block,circular,per_chunk,16,16
12615,247708,251583,16,0,0,layered_block,circular,per_chunk,16,16
12616,243375,247417,16,0,0,layered_block,circular,per_chunk,16,16
12617,243542,247375,16,0,0,layered_block,circular,per_chunk,16,16
12618,249917,253833,16,0,0,layered_block,circular,per_chunk,16,16
12619,240792,244792,16,0,0,layered_block,circular,per_chunk,16,16
12620,229000,232917,16,0,0,layered_block,circular,per_chunk,16,16
12621,232792,236708,16,0,0,layered_block,circular,per_chunk,16,16
12622,238875,242750,16,0,0,layered_block,circular,per_chunk,16,16
12623,242416,246250,16,0,0,layered_block,circular,per_chunk,16,16
12624,251208,255042,16,0,0,layered_block,circular,per_chunk,16,16
12625,255041,258875,16,0,0,layered_block,circular,per_chunk,16,16
12626,252000,255875,16,0,0,layered_block,circular,per_chunk,16,16
12627,244291,248125,16,0,0,layered_block,circular,per_chunk,16,16
12628,238625,242583,16,0,0,layered_block,circular,per_chunk,16,16
12629,237208,241083,16,0,0,layered_block,circular,per_chunk,16,16
12630,237125,241000,16,0,0,layered_block,circular,per_chunk,16,16
12631,242542,246417,16,0,0,layered_block,circular,per_chunk,16,16
12632,247750,251625,16,0,0,layered_block,circular,per_chunk,16,16
12633,249041,252959,16,0,0,layered_block,circular,per_chunk,16,16
12634,242417,246292,16,0,0,layered_block,circular,per_chunk,16,16
12635,232708,236666,16,0,0,layered_block,circular,per_chunk,16,16
12636,247000,250875,16,0,0,layered_block,circular,per_chunk,16,16
12637,252083,256000,16,0,0,layered_block,circular,per_chunk,16,16
12638,253708,257584,16,0,0,layered_block,circular,per_chunk,16,16
12639,253833,257750,16,0,0,layered_block,circular,per_chunk,16,16
12640,243916,247750,16,0,0,layered_block,circular,per_chunk,16,16
12641,261917,265958,16,0,0,layered_block,circular,per_chunk,16,16
12642,239959,243917,16,0,0,layered_block,circular,per_chunk,16,16
12643,241208,245125,16,0,0,layered_block,circular,per_chunk,16,16
12644,239250,243125,16,0,0,layered_block,circular,per_chunk,16,16
12645,231833,235750,16,0,0,layered_block,circular,per_chunk,16,16
12646,239750,243625,16,0,0,layered_block,circular,per_chunk,16,16
12647,243125,251083,16,0,0,layered_block,circular,per_chunk,16,16
12648,246750,250625,16,0,0,layered_block,circular,per_chunk,16,16
12649,239333,243250,16,0,0,layered_block,circular,per_chunk,16,16
12650,238208,242042,16,0,0,layered_block,circular,per_chunk,16,16
12651,244333,248250,16,0,0,layered_block,circular,per_chunk,16,16
12652,247875,251708,16,0,0,layered_block,circular,per_chunk,16,16
12653,253625,257500,16,0,0,layered_block,circular,per_chunk,16,16
12654,237792,241709,16,0,0,layered_block,circular,per_chunk,16,16
12655,237833,241750,16,0,0,layered_block,circular,per_chunk,16,16
12656,243333,247208,16,0,0,layered_block,circular,per_chunk,16,16
12657,233375,237292,16,0,0,layered_block,circular,per_chunk,16,16
12658,244584,248500,16,0,0,layered_block,circular,per_chunk,16,16
12659,252792,256667,16,0,0,layered_block,circular,per_chunk,16,16
12660,250167,254125,16,0,0,layered_block,circular,per_chunk,16,16
12661,243209,247083,16,0,0,layered_block,circular,per_chunk,16,16
12662,249959,253791,16,0,0,layered_block,circular,per_chunk,16,16
12663,234084,237916,16,0,0,layered_block,circular,per_chunk,16,16
12664,241334,245208,16,0,0,layered_block,circular,per_chunk,16,16
12665,241333,245625,16,0,0,layered_block,circular,per_chunk,16,16
12666,249084,253000,16,0,0,layered_block,circular,per_chunk,16,16
12667,253792,257625,16,0,0,layered_block,circular,per_chunk,16,16
12668,246875,250792,16,0,0,layered_block,circular,per_chunk,16,16
12669,243125,247042,16,0,0,layered_block,circular,per_chunk,16,16
12670,253500,257375,16,0,0,layered_block,circular,per_chunk,16,16
12671,294792,298875,16,0,0,layered_block,circular,per_chunk,16,16
12672,246416,250292,16,0,0,layered_block,circular,per_chunk,16,16
12673,232041,235917,16,0,0,layered_block,circular,per_chunk,16,16
12674,239209,243041,16,0,0,layered_block,circular,per_chunk,16,16
12675,240292,244208,16,0,0,layered_block,circular,per_chunk,16,16
12676,245084,248958,16,0,0,layered_block,circular,per_chunk,16,16
12677,230209,234041,16,0,0,layered_block,circular,per_chunk,16,16
12678,236584,240458,16,0,0,layered_block,circular,per_chunk,16,16
12679,231583,235416,16,0,0,layered_block,circular,per_chunk,16,16
12680,244875,248750,16,0,0,layered_block,circular,per_chunk,16,16
12681,244750,248625,16,0,0,layered_block,circular,per_chunk,16,16
12682,238958,242792,16,0,0,layered_block,circular,per_chunk,16,16
12683,234041,237917,16,0,0,layered_block,circular,per_chunk,16,16
12684,243625,247583,16,0,0,layered_block,circular,per_chunk,16,16
12685,232208,236084,16,0,0,layered_block,circular,per_chunk,16,16
12686,279834,283958,16,0,0,layered_block,circular,per_chunk,16,16
12687,236417,240375,16,0,0,layered_block,circular,per_chunk,16,16
12688,240250,244125,16,0,0,layered_block,circular,per_chunk,16,16
12689,249500,253416,16,0,0,layered_block,circular,per_chunk,16,16
12690,245208,249083,16,0,0,layered_block,circular,per_chunk,16,16
12691,244583,248541,16,0,0,layered_block,circular,per_chunk,16,16
12692,245292,249292,16,0,0,layered_block,circular,per_chunk,16,16
12693,241917,249958,16,0,0,layered_block,circular,per_chunk,16,16
12694,299833,304042,16,0,0,layered_block,circular,per_chunk,16,16
12695,251292,255125,16,0,0,layered_block,circular,per_chunk,16,16
12696,248667,252542,16,0,0,layered_block,circular,per_chunk,16,16
12697,232250,236084,16,0,0,layered_block,circular,per_chunk,16,16
12698,291166,295167,16,0,0,layered_block,circular,per_chunk,16,16
12699,234625,238416,16,0,0,layered_block,circular,per_chunk,16,16
12700,225542,229375,16,0,0,layered_block,circular,per_chunk,16,16
12701,235125,238958,16,0,0,layered_block,circular,per_chunk,16,16
12702,243500,247333,16,0,0,layered_block,circular,per_chunk,16,16
12703,240625,244584,16,0,0,layered_block,circular,per_chunk,16,16
12704,243833,247667,16,0,0,layered_block,circular,per_chunk,16,16
12705,232500,240666,16,0,0,layered_block,circular,per_chunk,16,16
12706,235708,239625,16,0,0,layered_block,circular,per_chunk,16,16
12707,244750,248583,16,0,0,layered_block,circular,per_chunk,16,16
12708,239042,243084,16,0,0,layered_block,circular,per_chunk,16,16
12709,237625,241500,16,0,0,layered_block,circular,per_chunk,16,16
12710,223542,227334,16,0,0,layered_block,circular,per_chunk,16,16
12711,276084,280125,16,0,0,layered_block,circular,per_chunk,16,16
12712,223750,227625,16,0,0,layered_block,circular,per_chunk,16,16
12713,231000,234916,16,0,0,layered_block,circular,per_chunk,16,16
12714,234375,238334,16,0,0,layered_block,circular,per_chunk,16,16
12715,230291,234166,16,0,0,layered_block,circular,per_chunk,16,16
12716,233125,236959,16,0,0,layered_block,circular,per_chunk,16,16
12717,234667,238500,16,0,0,layered_block,circular,per_chunk,16,16
12718,239459,286250,16,0,0,layered_block,circular,per_chunk,16,16
12719,219458,223417,16,0,0,layered_block,circular,per_chunk,16,16
12720,237500,241334,16,0,0,layered_block,circular,per_chunk,16,16
12721,237667,241541,16,0,0,layered_block,circular,per_chunk,16,16
12722,232500,236291,16,0,0,layered_block,circular,per_chunk,16,16
12723,232792,236667,16,0,0,layered_block,circular,per_chunk,16,16
12724,219959,223750,16,0,0,layered_block,circular,per_chunk,16,16
12725,221125,224917,16,0,0,layered_block,circular,per_chunk,16,16
12726,228542,232375,16,0,0,layered_block,circular,per_chunk,16,16
12727,228583,232459,16,0,0,layered_block,circular,per_chunk,16,16
12728,229042,232917,16,0,0,layered_block,circular,per_chunk,16,16
12729,232667,236500,16,0,0,layered_block,circular,per_chunk,16,16
12730,235291,239125,16,0,0,layered_block,circular,per_chunk,16,16
12731,221417,225291,16,0,0,layered_block,circular,per_chunk,16,16
12732,224958,228792,16,0,0,layered_block,circular,per_chunk,16,16
12733,226000,229917,16,0,0,layered_block,circular,per_chunk,16,16
12734,225958,229875,16,0,0,layered_block,circular,per_chunk,16,16
12735,214416,218292,16,0,0,layered_block,circular,per_chunk,16,16
12736,213000,216792,16,0,0,layered_block,circular,per_chunk,16,16
12737,225583,229458,16,0,0,layered_block,circular,per_chunk,16,16
12738,215416,219250,16,0,0,layered_block,circular,per_chunk,16,16
12739,215833,219834,16,0,0,layered_block,circular,per_chunk,16,16
12740,218208,222084,16,0,0,layered_block,circular,per_chunk,16,16
12741,228791,232667,16,0,0,layered_block,circular,per_chunk,16,16
12742,226500,230667,16,0,0,layered_block,circular,per_chunk,16,16
12743,221958,225958,16,0,0,layered_block,circular,per_chunk,16,16
12744,217084,220916,16,0,0,layered_block,circular,per_chunk,16,16
12745,228000,231875,16,0,0,layered_block,circular,per_chunk,16,16
12746,231625,235417,16,0,0,layered_block,circular,per_chunk,16,16
12747,231250,235125,16,0,0,layered_block,circular,per_chunk,16,16
12748,219750,223583,16,0,0,layered_block,circular,per_chunk,16,16
12749,212250,216166,16,0,0,layered_block,circular,per_chunk,16,16
12750,218792,222625,16,0,0,layered_block,circular,per_chunk,16,16
12751,218792,222625,16,0,0,layered_block,circular,per_chunk,16,16
12752,272708,276875,16,0,0,layered_block,circular,per_chunk,16,16
12753,223834,227750,16,0,0,layered_block,circular,per_chunk,16,16
12754,232166,236000,16,0,0,layered_block,circular,per_chunk,16,16
12755,232375,236250,16,0,0,layered_block,circular,per_chunk,16,16
12756,221875,225667,16,0,0,layered_block,circular,per_chunk,16,16
12757,208917,212791,16,0,0,layered_block,circular,per_chunk,16,16
12758,217458,221334,16,0,0,layered_block,circular,per_chunk,16,16
12759,218500,222375,16,0,0,layered_block,circular,per_chunk,16,16
12760,221667,225500,16,0,0,layered_block,circular,per_chunk,16,16
12761,220292,224125,16,0,0,layered_block,circular,per_chunk,16,16
12762,217000,220833,16,0,0,layered_block,circular,per_chunk,16,16
12763,210583,214375,16,0,0,layered_block,circular,per_chunk,16,16
12764,208709,212667,16,0,0,layered_block,circular,per_chunk,16,16
12765,215417,219250,16,0,0,layered_block,circular,per_chunk,16,16
12766,245791,249792,16,0,0,layered_block,circular,per_chunk,16,16
12767,216000,224250,16,0,0,layered_block,circular,per_chunk,16,16
12768,215584,219416,16,0,0,layered_block,circular,per_chunk,16,16
12769,210167,214042,16,0,0,layered_block,circular,per_chunk,16,16
12770,218875,222708,16,0,0,layered_block,circular,per_chunk,16,16
12771,212833,216750,16,0,0,layered_block,circular,per_chunk,16,16
12772,216916,220792,16,0,0,layered_block,circular,per_chunk,16,16
12773,211708,215667,16,0,0,layered_block,circular,per_chunk,16,16
12774,210750,214625,16,0,0,layered_block,circular,per_chunk,16,16
12775,211250,215125,16,0,0,layered_block,circular,per_chunk,16,16
12776,219291,223125,16,0,0,layered_block,circular,per_chunk,16,16
12777,211333,215250,16,0,0,layered_block,circular,per_chunk,16,16
12778,219791,223708,16,0,0,layered_block,circular,per_chunk,16,16
12779,218917,222792,16,0,0,layered_block,circular,per_chunk,16,16
12780,205000,208958,16,0,0,layered_block,circular,per_chunk,16,16
12781,207875,211875,16,0,0,layered_block,circular,per_chunk,16,16
12782,217209,221041,16,0,0,layered_block,circular,per_chunk,16,16
12783,213333,217250,16,0,0,layered_block,circular,per_chunk,16,16
12784,217084,221042,16,0,0,layered_block,circular,per_chunk,16,16
12785,261375,265542,16,0,0,layered_block,circular,per_chunk,16,16
12786,216125,220000,16,0,0,layered_block,circular,per_chunk,16,16
12787,210500,214375,16,0,0,layered_block,circular,per_chunk,16,16
12788,212458,216458,16,0,0,layered_block,circular,per_chunk,16,16
12789,217250,221125,16,0,0,layered_block,circular,per_chunk,16,16
12790,208250,212250,16,0,0,layered_block,circular,per_chunk,16,16
12791,215000,218917,16,0,0,layered_block,circular,per_chunk,16,16
12792,222083,225917,16,0,0,layered_block,circular,per_chunk,16,16
12793,220584,224458,16,0,0,layered_block,circular,per_chunk,16,16
12794,207042,210916,16,0,0,layered_block,circular,per_chunk,16,16
12795,210958,214917,16,0,0,layered_block,circular,per_chunk,16,16
12796,218000,221834,16,0,0,layered_block,circular,per_chunk,16,16
12797,207750,211667,16,0,0,layered_block,circular,per_chunk,16,16
12798,248917,252917,16,0,0,layered_block,circular,per_chunk,16,16
12799,213792,217625,16,0,0,layered_block,circular,per_chunk,16,16
12800,210250,214584,16,0,0,layered_block,circular,per_chunk,16,16
12801,217041,220917,16,0,0,layered_block,circular,per_chunk,16,16
12802,210250,214208,16,0,0,layered_block,circular,per_chunk,16,16
12803,219959,223875,16,0,0,layered_block,circular,per_chunk,16,16
12804,206875,210750,16,0,0,layered_block,circular,per_chunk,16,16
12805,219416,223292,16,0,0,layered_block,circular,per_chunk,16,16
12806,217791,221667,16,0,0,layered_block,circular,per_chunk,16,16
12807,212375,216250,16,0,0,layered_block,circular,per_chunk,16,16
12808,213583,217500,16,0,0,layered_block,circular,per_chunk,16,16
12809,217750,221625,16,0,0,layered_block,circular,per_chunk,16,16
12810,206250,210083,16,0,0,layered_block,circular,per_chunk,16,16
12811,213666,217542,16,0,0,layered_block,circular,per_chunk,16,16
12812,211708,215625,16,0,0,layered_block,circular,per_chunk,16,16
12813,205834,209750,16,0,0,layered_block,circular,per_chunk,16,16
12814,212625,216458,16,0,0,layered_block,circular,per_chunk,16,16
12815,215958,219834,16,0,0,layered_block,circular,per_chunk,16,16
12816,209583,213542,16,0,0,layered_block,circular,per_chunk,16,16
12817,211958,215792,16,0,0,layered_block,circular,per_chunk,16,16
12818,211292,215208,16,0,0,layered_block,circular,per_chunk,16,16
12819,217209,221083,16,0,0,layered_block,circular,per_chunk,16,16
12820,211542,215500,16,0,0,layered_block,circular,per_chunk,16,16
12821,213167,217084,16,0,0,layered_block,circular,per_chunk,16,16
12822,217083,220959,16,0,0,layered_block,circular,per_chunk,16,16
12823,212417,216416,16,0,0,layered_block,circular,per_chunk,16,16
12824,214000,217958,16,0,0,layered_block,circular,per_chunk,16,16
12825,217167,221083,16,0,0,layered_block,circular,per_chunk,16,16
12826,210333,214291,16,0,0,layered_block,circular,per_chunk,16,16
12827,214917,218792,16,0,0,layered_block,circular,per_chunk,16,16
12828,221458,225334,16,0,0,layered_block,circular,per_chunk,16,16
12829,213750,217625,16,0,0,layered_block,circular,per_chunk,16,16
12830,212291,216583,16,0,0,layered_block,circular,per_chunk,16,16
12831,214791,218625,16,0,0,layered_block,circular,per_chunk,16,16
12832,222167,226000,16,0,0,layered_block,circular,per_chunk,16,16
12833,220291,224209,16,0,0,layered_block,circular,per_chunk,16,16
12834,217833,221750,16,0,0,layered_block,circular,per_chunk,16,16
12835,218459,222333,16,0,0,layered_block,circular,per_chunk,16,16
12836,211833,215708,16,0,0,layered_block,circular,per_chunk,16,16
12837,204417,208291,16,0,0,layered_block,circular,per_chunk,16,16
12838,212500,216500,16,0,0,layered_block,circular,per_chunk,16,16
12839,218208,222125,16,0,0,layered_block,circular,per_chunk,16,16
12840,218166,222000,16,0,0,layered_block,circular,per_chunk,16,16
12841,217667,221708,16,0,0,layered_block,circular,per_chunk,16,16
12842,212000,216000,16,0,0,layered_block,circular,per_chunk,16,16
12843,218916,222792,16,0,0,layered_block,circular,per_chunk,16,16
12844,217792,221666,16,0,0,layered_block,circular,per_chunk,16,16
12845,212250,216125,16,0,0,layered_block,circular,per_chunk,16,16
12846,207125,211083,16,0,0,layered_block,circular,per_chunk,16,16
12847,259584,263750,16,0,0,layered_block,circular,per_chunk,16,16
12848,214667,218625,16,0,0,layered_block,circular,per_chunk,16,16
12849,214333,218250,16,0,0,layered_block,circular,per_chunk,16,16
12850,212708,216708,16,0,0,layered_block,circular,per_chunk,16,16
12851,220917,224875,16,0,0,layered_block,circular,per_chunk,16,16
12852,214000,218000,16,0,0,layered_block,circular,per_chunk,16,16
12853,270417,274625,16,0,0,layered_block,circular,per_chunk,16,16
12854,220917,224791,16,0,0,layered_block,circular,per_chunk,16,16
12855,216667,220542,16,0,0,layered_block,circular,per_chunk,16,16
12856,217500,221458,16,0,0,layered_block,circular,per_chunk,16,16
12857,218000,221959,16,0,0,layered_block,circular,per_chunk,16,16
12858,216042,219917,16,0,0,layered_block,circular,per_chunk,16,16
12859,224625,228500,16,0,0,layered_block,circular,per_chunk,16,16
12860,201917,205917,16,0,0,layered_block,circular,per_chunk,16,16
12861,203959,207833,16,0,0,layered_block,circular,per_chunk,16,16
12862,218459,222291,16,0,0,layered_block,circular,per_chunk,16,16
12863,214625,218542,16,0,0,layered_block,circular,per_chunk,16,16
12864,216125,220042,16,0,0,layered_block,circular,per_chunk,16,16
12865,218875,222750,16,0,0,layered_block,circular,per_chunk,16,16
12866,214916,218834,16,0,0,layered_block,circular,per_chunk,16,16
12867,212833,216958,16,0,0,layered_block,circular,per_chunk,16,16
12868,204791,208667,16,0,0,layered_block,circular,per_chunk,16,16
12869,218708,222584,16,0,0,layered_block,circular,per_chunk,16,16
12870,212708,216750,16,0,0,layered_block,circular,per_chunk,16,16
12871,217959,221833,16,0,0,layered_block,circular,per_chunk,16,16
12872,217458,221375,16,0,0,layered_block,circular,per_chunk,16,16
12873,222000,225958,16,0,0,layered_block,circular,per_chunk,16,16
12874,216000,219958,16,0,0,layered_block,circular,per_chunk,16,16
12875,213750,217584,16,0,0,layered_block,circular,per_chunk,16,16
12876,245916,249750,16,0,0,layered_block,circular,per_chunk,16,16
12877,246000,249834,16,0,0,layered_block,circular,per_chunk,16,16
12878,246875,250834,16,0,0,layered_block,circular,per_chunk,16,16
12879,242958,246875,16,0,0,layered_block,circular,per_chunk,16,16
12880,244959,248791,16,0,0,layered_block,circular,per_chunk,16,16
12881,233708,237667,16,0,0,layered_block,circular,per_chunk,16,16
12882,230208,234084,16,0,0,layered_block,circular,per_chunk,16,16
12883,262667,266750,16,0,0,layered_block,circular,per_chunk,16,16
12884,219167,223000,16,0,0,layered_block,circular,per_chunk,16,16
12885,230666,234500,16,0,0,layered_block,circular,per_chunk,16,16
12886,232875,236708,16,0,0,layered_block,circular,per_chunk,16,16
12887,228625,232625,16,0,0,layered_block,circular,per_chunk,16,16
12888,230083,233958,16,0,0,layered_block,circular,per_chunk,16,16
12889,238625,242458,16,0,0,layered_block,circular,per_chunk,16,16
12890,254625,258500,16,0,0,layered_block,circular,per_chunk,16,16
12891,243459,247458,16,0,0,layered_block,circular,per_chunk,16,16
12892,255334,259166,16,0,0,layered_block,circular,per_chunk,16,16
12893,251041,254791,16,0,0,layered_block,circular,per_chunk,16,16
12894,245333,249208,16,0,0,layered_block,circular,per_chunk,16,16
12895,244209,248041,16,0,0,layered_block,circular,per_chunk,16,16
12896,234125,237959,16,0,0,layered_block,circular,per_chunk,16,16
12897,229875,233833,16,0,0,layered_block,circular,per_chunk,16,16
12898,228500,236791,16,0,0,layered_block,circular,per_chunk,16,16
12899,232875,236708,16,0,0,layered_block,circular,per_chunk,16,16
12900,272959,276959,16,0,0,layered_block,circular,per_chunk,16,16
12901,224167,228083,16,0,0,layered_block,circular,per_chunk,16,16
12902,223750,227625,16,0,0,layered_block,circular,per_chunk,16,16
12903,230917,234792,16,0,0,layered_block,circular,per_chunk,16,16
12904,230416,234333,16,0,0,layered_block,circular,per_chunk,16,16
12905,246209,250083,16,0,0,layered_block,circular,per_chunk,16,16
12906,245667,249500,16,0,0,layered_block,circular,per_chunk,16,16
12907,243292,247208,16,0,0,layered_block,circular,per_chunk,16,16
12908,250791,254791,16,0,0,layered_block,circular,per_chunk,16,16
12909,243000,246833,16,0,0,layered_block,circular,per_chunk,16,16
12910,240209,244041,16,0,0,layered_block,circular,per_chunk,16,16
12911,236792,240625,16,0,0,layered_block,circular,per_chunk,16,16
12912,231125,235000,16,0,0,layered_block,circular,per_chunk,16,16
12913,231625,235500,16,0,0,layered_block,circular,per_chunk,16,16
12914,232167,236000,16,0,0,layered_block,circular,per_chunk,16,16
12915,230000,233834,16,0,0,layered_block,circular,per_chunk,16,16
12916,216167,220084,16,0,0,layered_block,circular,per_chunk,16,16
12917,219875,223750,16,0,0,layered_block,circular,per_chunk,16,16
12918,265875,269875,16,0,0,layered_block,circular,per_chunk,16,16
12919,218583,222542,16,0,0,layered_block,circular,per_chunk,16,16
12920,232375,236167,16,0,0,layered_block,circular,per_chunk,16,16
12921,245417,249208,16,0,0,layered_block,circular,per_chunk,16,16
12922,237667,241542,16,0,0,layered_block,circular,per_chunk,16,16
12923,248833,252791,16,0,0,layered_block,circular,per_chunk,16,16
12924,250125,254125,16,0,0,layered_block,circular,per_chunk,16,16
12925,240875,244750,16,0,0,layered_block,circular,per_chunk,16,16
12926,235459,239375,16,0,0,layered_block,circular,per_chunk,16,16
12927,240375,244208,16,0,0,layered_block,circular,per_chunk,16,16
12928,232791,236583,16,0,0,layered_block,circular,per_chunk,16,16
12929,227375,231292,16,0,0,layered_block,circular,per_chunk,16,16
12930,232500,236375,16,0,0,layered_block,circular,per_chunk,16,16
12931,265167,269458,16,0,0,layered_block,circular,per_chunk,16,16
12932,225000,228750,16,0,0,layered_block,circular,per_chunk,16,16
12933,228042,231917,16,0,0,layered_block,circular,per_chunk,16,16
12934,219000,223000,16,0,0,layered_block,circular,per_chunk,16,16
12935,221000,224834,16,0,0,layered_block,circular,per_chunk,16,16
12936,232958,236917,16,0,0,layered_block,circular,per_chunk,16,16
12937,248917,252750,16,0,0,layered_block,circular,per_chunk,16,16
12938,296292,300292,16,0,0,layered_block,circular,per_chunk,16,16
12939,251416,255250,16,0,0,layered_block,circular,per_chunk,16,16
12940,252500,256375,16,0,0,layered_block,circular,per_chunk,16,16
12941,237792,241583,16,0,0,layered_block,circular,per_chunk,16,16
12942,240750,244667,16,0,0,layered_block,circular,per_chunk,16,16
12943,237917,241792,16,0,0,layered_block,circular,per_chunk,16,16
12944,226708,230667,16,0,0,layered_block,circular,per_chunk,16,16
12945,228917,232875,16,0,0,layered_block,circular,per_chunk,16,16
12946,231416,235292,16,0,0,layered_block,circular,per_chunk,16,16
12947,227250,231125,16,0,0,layered_block,circular,per_chunk,16,16
12948,230542,234375,16,0,0,layered_block,circular,per_chunk,16,16
12949,259333,263875,16,0,0,layered_block,circular,per_chunk,16,16
12950,222125,226166,16,0,0,layered_block,circular,per_chunk,16,16
12951,230792,234708,16,0,0,layered_block,circular,per_chunk,16,16
12952,245166,249000,16,0,0,layered_block,circular,per_chunk,16,16
12953,247750,251625,16,0,0,layered_block,circular,per_chunk,16,16
12954,252000,255833,16,0,0,layered_block,circular,per_chunk,16,16
12955,254666,258542,16,0,0,layered_block,circular,per_chunk,16,16
12956,242916,246750,16,0,0,layered_block,circular,per_chunk,16,16
12957,238959,242833,16,0,0,layered_block,circular,per_chunk,16,16
12958,234708,242792,16,0,0,layered_block,circular,per_chunk,16,16
12959,231708,235542,16,0,0,layered_block,circular,per_chunk,16,16
12960,234208,238083,16,0,0,layered_block,circular,per_chunk,16,16
12961,226250,230209,16,0,0,layered_block,circular,per_chunk,16,16
12962,230792,234625,16,0,0,layered_block,circular,per_chunk,16,16
12963,223791,227708,16,0,0,layered_block,circular,per_chunk,16,16
12964,217792,221708,16,0,0,layered_block,circular,per_chunk,16,16
12965,216000,220041,16,0,0,layered_block,circular,per_chunk,16,16
12966,225667,229542,16,0,0,layered_block,circular,per_chunk,16,16
12967,272000,276125,16,0,0,layered_block,circular,per_chunk,16,16
12968,246000,250083,16,0,0,layered_block,circular,per_chunk,16,16
12969,290042,294166,16,0,0,layered_block,circular,per_chunk,16,16
12970,250375,254250,16,0,0,layered_block,circular,per_chunk,16,16
12971,246584,250458,16,0,0,layered_block,circular,per_chunk,16,16
12972,239833,243709,16,0,0,layered_block,circular,per_chunk,16,16
12973,236875,240791,16,0,0,layered_block,circular,per_chunk,16,16
12974,232875,236833,16,0,0,layered_block,circular,per_chunk,16,16
12975,269500,273667,16,0,0,layered_block,circular,per_chunk,16,16
12976,232792,236667,16,0,0,layered_block,circular,per_chunk,16,16
12977,232500,236375,16,0,0,layered_block,circular,per_chunk,16,16
12978,226292,230250,16,0,0,layered_block,circular,per_chunk,16,16
12979,233458,237417,16,0,0,layered_block,circular,per_chunk,16,16
12980,214750,218625,16,0,0,layered_block,circular,per_chunk,16,16
12981,220500,224375,16,0,0,layered_block,circular,per_chunk,16,16
12982,219917,223875,16,0,0,layered_block,circular,per_chunk,16,16
12983,244292,248208,16,0,0,layered_block,circular,per_chunk,16,16
12984,243542,247417,16,0,0,layered_block,circular,per_chunk,16,16
12985,245208,249125,16,0,0,layered_block,circular,per_chunk,16,16
12986,254250,258083,16,0,0,layered_block,circular,per_chunk,16,16
12987,245833,249709,16,0,0,layered_block,circular,per_chunk,16,16
12988,237083,240917,16,0,0,layered_block,circular,per_chunk,16,16
12989,235917,239833,16,0,0,layered_block,circular,per_chunk,16,16
12990,239917,243750,16,0,0,layered_block,circular,per_chunk,16,16
12991,235750,239667,16,0,0,layered_block,circular,per_chunk,16,16
12992,223417,227375,16,0,0,layered_block,circular,per_chunk,16,16
12993,231416,235292,16,0,0,layered_block,circular,per_chunk,16,16
12994,225750,229625,16,0,0,layered_block,circular,per_chunk,16,16
12995,226708,230542,16,0,0,layered_block,circular,per_chunk,16,16
12996,215167,219000,16,0,0,layered_block,circular,per_chunk,16,16
12997,227334,231125,16,0,0,layered_block,circular,per_chunk,16,16
12998,272541,280792,16,0,0,layered_block,circular,per_chunk,16,16
12999,249083,253000,16,0,0,layered_block,circular,per_chunk,16,16
13000,288792,292958,16,0,0,layered_block,circular,per_chunk,16,16
13001,247500,251416,16,0,0,layered_block,circular,per_chunk,16,16
13002,254750,258625,16,0,0,layered_block,circular,per_chunk,16,16
13003,241500,245417,16,0,0,layered_block,circular,per_chunk,16,16
13004,239791,243666,16,0,0,layered_block,circular,per_chunk,16,16
13005,242333,246208,16,0,0,layered_block,circular,per_chunk,16,16
13006,238333,242208,16,0,0,layered_block,circular,per_chunk,16,16
13007,224291,228250,16,0,0,layered_block,circular,per_chunk,16,16
13008,229875,233750,16,0,0,layered_block,circular,per_chunk,16,16
13009,223875,227875,16,0,0,layered_block,circular,per_chunk,16,16
13010,233917,237750,16,0,0,layered_block,circular,per_chunk,16,16
13011,215000,218875,16,0,0,layered_block,circular,per_chunk,16,16
13012,267250,271375,16,0,0,layered_block,circular,per_chunk,16,16
13013,224959,228875,16,0,0,layered_block,circular,per_chunk,16,16
13014,237792,241958,16,0,0,layered_block,circular,per_chunk,16,16
13015,247292,251166,16,0,0,layered_block,circular,per_chunk,16,16
13016,239416,243416,16,0,0,layered_block,circular,per_chunk,16,16
13017,251584,255416,16,0,0,layered_block,circular,per_chunk,16,16
13018,247583,251500,16,0,0,layered_block,circular,per_chunk,16,16
13019,233000,236958,16,0,0,layered_block,circular,per_chunk,16,16
13020,236625,240500,16,0,0,layered_block,circular,per_chunk,16,16
13021,240000,243875,16,0,0,layered_block,circular,per_chunk,16,16
13022,225875,229834,16,0,0,layered_block,circular,per_chunk,16,16
13023,227750,231625,16,0,0,layered_block,circular,per_chunk,16,16
13024,225958,229834,16,0,0,layered_block,circular,per_chunk,16,16
13025,275416,279833,16,0,0,layered_block,circular,per_chunk,16,16
13026,220041,223875,16,0,0,layered_block,circular,per_chunk,16,16
13027,215542,219417,16,0,0,layered_block,circular,per_chunk,16,16
13028,231166,235166,16,0,0,layered_block,circular,per_chunk,16,16
13029,232625,236583,16,0,0,layered_block,circular,per_chunk,16,16
13030,246167,250084,16,0,0,layered_block,circular,per_chunk,16,16
13031,240500,244375,16,0,0,layered_block,circular,per_chunk,16,16
13032,245667,249500,16,0,0,layered_block,circular,per_chunk,16,16
13033,254875,258750,16,0,0,layered_block,circular,per_chunk,16,16
13034,276667,280792,16,0,0,layered_block,circular,per_chunk,16,16
13035,233625,237500,16,0,0,layered_block,circular,per_chunk,16,16
13036,241542,245417,16,0,0,layered_block,circular,per_chunk,16,16
13037,239750,243625,16,0,0,layered_block,circular,per_chunk,16,16
13038,231625,235458,16,0,0,layered_block,circular,per_chunk,16,16
13039,224583,228500,16,0,0,layered_block,circular,per_chunk,16,16
13040,231250,235083,16,0,0,layered_block,circular,per_chunk,16,16
13041,224833,228709,16,0,0,layered_block,circular,per_chunk,16,16
13042,215333,219208,16,0,0,layered_block,circular,per_chunk,16,16
13043,228208,232083,16,0,0,layered_block,circular,per_chunk,16,16
13044,231625,235541,16,0,0,layered_block,circular,per_chunk,16,16
13045,242833,246708,16,0,0,layered_block,circular,per_chunk,16,16
13046,245833,249792,16,0,0,layered_block,circular,per_chunk,16,16
13047,243708,247584,16,0,0,layered_block,circular,per_chunk,16,16
13048,245125,249042,16,0,0,layered_block,circular,per_chunk,16,16
13049,252167,256000,16,0,0,layered_block,circular,per_chunk,16,16
13050,237833,241709,16,0,0,layered_block,circular,per_chunk,16,16
13051,240167,244041,16,0,0,layered_block,circular,per_chunk,16,16
13052,243583,247500,16,0,0,layered_block,circular,per_chunk,16,16
13053,233375,237250,16,0,0,layered_block,circular,per_chunk,16,16
13054,232083,235917,16,0,0,layered_block,circular,per_chunk,16,16
13055,234541,238417,16,0,0,layered_block,circular,per_chunk,16,16
13056,228792,232625,16,0,0,layered_block,circular,per_chunk,16,16
13057,217750,221625,16,0,0,layered_block,circular,per_chunk,16,16
13058,218500,222417,16,0,0,layered_block,circular,per_chunk,16,16
13059,228334,232166,16,0,0,layered_block,circular,per_chunk,16,16
13060,232666,236458,16,0,0,layered_block,circular,per_chunk,16,16
13061,243125,246959,16,0,0,layered_block,circular,per_chunk,16,16
13062,241083,244959,16,0,0,layered_block,circular,per_chunk,16,16
13063,244625,248458,16,0,0,layered_block,circular,per_chunk,16,16
13064,254208,258042,16,0,0,layered_block,circular,per_chunk,16,16
13065,247042,250833,16,0,0,layered_block,circular,per_chunk,16,16
13066,236542,240375,16,0,0,layered_block,circular,per_chunk,16,16
13067,241000,244791,16,0,0,layered_block,circular,per_chunk,16,16
13068,236250,240083,16,0,0,layered_block,circular,per_chunk,16,16
13069,225541,229458,16,0,0,layered_block,circular,per_chunk,16,16
13070,231250,235125,16,0,0,layered_block,circular,per_chunk,16,16
13071,227250,231083,16,0,0,layered_block,circular,per_chunk,16,16
13072,272083,276208,16,0,0,layered_block,circular,per_chunk,16,16
13073,224583,228458,16,0,0,layered_block,circular,per_chunk,16,16
13074,224875,228750,16,0,0,layered_block,circular,per_chunk,16,16
13075,233875,237791,16,0,0,layered_block,circular,per_chunk,16,16
13076,237875,241667,16,0,0,layered_block,circular,per_chunk,16,16
13077,236375,240250,16,0,0,layered_block,circular,per_chunk,16,16
13078,245208,249083,16,0,0,layered_block,circular,per_chunk,16,16
13079,248542,252375,16,0,0,layered_block,circular,per_chunk,16,16
13080,253334,257125,16,0,0,layered_block,circular,per_chunk,16,16
13081,237791,241708,16,0,0,layered_block,circular,per_chunk,16,16
13082,238833,242667,16,0,0,layered_block,circular,per_chunk,16,16
13083,242042,245916,16,0,0,layered_block,circular,per_chunk,16,16
13084,237417,241209,16,0,0,layered_block,circular,per_chunk,16,16
13085,233500,237334,16,0,0,layered_block,circular,per_chunk,16,16
13086,227750,231625,16,0,0,layered_block,circular,per_chunk,16,16
13087,231042,234916,16,0,0,layered_block,circular,per_chunk,16,16
13088,225709,229541,16,0,0,layered_block,circular,per_chunk,16,16
13089,225709,229541,16,0,0,layered_block,circular,per_chunk,16,16
13090,229708,233542,16,0,0,layered_block,circular,per_chunk,16,16
13091,238750,242583,16,0,0,layered_block,circular,per_chunk,16,16
13092,239125,242958,16,0,0,layered_block,circular,per_chunk,16,16
13093,240458,244791,16,0,0,layered_block,circular,per_chunk,16,16
13094,241792,245584,16,0,0,layered_block,circular,per_chunk,16,16
13095,245792,249709,16,0,0,layered_block,circular,per_chunk,16,16
13096,294833,299000,16,0,0,layered_block,circular,per_chunk,16,16
13097,236458,240292,16,0,0,layered_block,circular,per_chunk,16,16
13098,234125,237958,16,0,0,layered_block,circular,per_chunk,16,16
13099,242041,245875,16,0,0,layered_block,circular,per_chunk,16,16
13100,232208,236084,16,0,0,layered_block,circular,per_chunk,16,16
13101,224584,228458,16,0,0,layered_block,circular,per_chunk,16,16
13102,232708,236500,16,0,0,layered_block,circular,per_chunk,16,16
13103,230334,234250,16,0,0,layered_block,circular,per_chunk,16,16
13104,222083,225917,16,0,0,layered_block,circular,per_chunk,16,16
13105,227000,230750,16,0,0,layered_block,circular,per_chunk,16,16
13106,226750,230708,16,0,0,layered_block,circular,per_chunk,16,16
13107,232583,236542,16,0,0,layered_block,circular,per_chunk,16,16
13108,233833,237750,16,0,0,layered_block,circular,per_chunk,16,16
13109,244833,248708,16,0,0,layered_block,circular,per_chunk,16,16
13110,241333,245250,16,0,0,layered_block,circular,per_chunk,16,16
13111,249125,253209,16,0,0,layered_block,circular,per_chunk,16,16
13112,246917,250750,16,0,0,layered_block,circular,per_chunk,16,16
13113,233709,237583,16,0,0,layered_block,circular,per_chunk,16,16
13114,240833,244750,16,0,0,layered_block,circular,per_chunk,16,16
13115,238500,242375,16,0,0,layered_block,circular,per_chunk,16,16
13116,231833,235750,16,0,0,layered_block,circular,per_chunk,16,16
13117,226041,230000,16,0,0,layered_block,circular,per_chunk,16,16
13118,228625,232500,16,0,0,layered_block,circular,per_chunk,16,16
13119,224209,228083,16,0,0,layered_block,circular,per_chunk,16,16
13120,225083,229000,16,0,0,layered_block,circular,per_chunk,16,16
13121,220333,224292,16,0,0,layered_block,circular,per_chunk,16,16
13122,235000,238875,16,0,0,layered_block,circular,per_chunk,16,16
13123,237625,241459,16,0,0,layered_block,circular,per_chunk,16,16
13124,238834,242834,16,0,0,layered_block,circular,per_chunk,16,16
13125,242000,245917,16,0,0,layered_block,circular,per_chunk,16,16
13126,244041,247958,16,0,0,layered_block,circular,per_chunk,16,16
13127,248917,252958,16,0,0,layered_block,circular,per_chunk,16,16
13128,238000,241916,16,0,0,layered_block,circular,per_chunk,16,16
13129,232125,236000,16,0,0,layered_block,circular,per_chunk,16,16
13130,243875,247708,16,0,0,layered_block,circular,per_chunk,16,16
13131,237083,240959,16,0,0,layered_block,circular,per_chunk,16,16
13132,230417,234291,16,0,0,layered_block,circular,per_chunk,16,16
13133,227167,231041,16,0,0,layered_block,circular,per_chunk,16,16
13134,225833,234917,16,0,0,layered_block,circular,per_chunk,16,16
13135,215791,219625,16,0,0,layered_block,circular,per_chunk,16,16
13136,226958,230792,16,0,0,layered_block,circular,per_chunk,16,16
13137,225500,229458,16,0,0,layered_block,circular,per_chunk,16,16
13138,231083,234958,16,0,0,layered_block,circular,per_chunk,16,16
13139,233000,236833,16,0,0,layered_block,circular,per_chunk,16,16
13140,239625,243583,16,0,0,layered_block,circular,per_chunk,16,16
13141,245459,249375,16,0,0,layered_block,circular,per_chunk,16,16
13142,252333,256250,16,0,0,layered_block,circular,per_chunk,16,16
13143,250958,254875,16,0,0,layered_block,circular,per_chunk,16,16
13144,233208,237083,16,0,0,layered_block,circular,per_chunk,16,16
13145,232041,235917,16,0,0,layered_block,circular,per_chunk,16,16
13146,243292,247250,16,0,0,layered_block,circular,per_chunk,16,16
13147,238334,242250,16,0,0,layered_block,circular,per_chunk,16,16
13148,231083,234958,16,0,0,layered_block,circular,per_chunk,16,16
13149,224667,228583,16,0,0,layered_block,circular,per_chunk,16,16
13150,229000,232834,16,0,0,layered_block,circular,per_chunk,16,16
13151,221667,225792,16,0,0,layered_block,circular,per_chunk,16,16
13152,220334,224250,16,0,0,layered_block,circular,per_chunk,16,16
13153,234708,238667,16,0,0,layered_block,circular,per_chunk,16,16
13154,275292,279625,16,0,0,layered_block,circular,per_chunk,16,16
13155,240666,244542,16,0,0,layered_block,circular,per_chunk,16,16
13156,241917,245792,16,0,0,layered_block,circular,per_chunk,16,16
13157,248500,252416,16,0,0,layered_block,circular,per_chunk,16,16
13158,248292,252166,16,0,0,layered_block,circular,per_chunk,16,16
13159,246833,250708,16,0,0,layered_block,circular,per_chunk,16,16
13160,293125,297334,16,0,0,layered_block,circular,per_chunk,16,16
13161,240417,244292,16,0,0,layered_block,circular,per_chunk,16,16
13162,235083,239041,16,0,0,layered_block,circular,per_chunk,16,16
13163,231042,234917,16,0,0,layered_block,circular,per_chunk,16,16
13164,230791,234667,16,0,0,layered_block,circular,per_chunk,16,16
13165,224833,228750,16,0,0,layered_block,circular,per_chunk,16,16
13166,226959,230833,16,0,0,layered_block,circular,per_chunk,16,16
13167,225083,228958,16,0,0,layered_block,circular,per_chunk,16,16
13168,224750,228625,16,0,0,layered_block,circular,per_chunk,16,16
13169,233250,237083,16,0,0,layered_block,circular,per_chunk,16,16
13170,234458,238417,16,0,0,layered_block,circular,per_chunk,16,16
13171,243333,247167,16,0,0,layered_block,circular,per_chunk,16,16
13172,239625,243500,16,0,0,layered_block,circular,per_chunk,16,16
13173,249792,253667,16,0,0,layered_block,circular,per_chunk,16,16
13174,253625,257542,16,0,0,layered_block,circular,per_chunk,16,16
13175,242375,246208,16,0,0,layered_block,circular,per_chunk,16,16
13176,238334,242250,16,0,0,layered_block,circular,per_chunk,16,16
13177,241916,245792,16,0,0,layered_block,circular,per_chunk,16,16
13178,242666,246875,16,0,0,layered_block,circular,per_chunk,16,16
13179,225667,229667,16,0,0,layered_block,circular,per_chunk,16,16
13180,232916,236792,16,0,0,layered_block,circular,per_chunk,16,16
13181,230500,234375,16,0,0,layered_block,circular,per_chunk,16,16
13182,226458,230375,16,0,0,layered_block,circular,per_chunk,16,16
13183,226083,229959,16,0,0,layered_block,circular,per_chunk,16,16
13184,230250,234208,16,0,0,layered_block,circular,per_chunk,16,16
13185,228875,232750,16,0,0,layered_block,circular,per_chunk,16,16
13186,236625,240458,16,0,0,layered_block,circular,per_chunk,16,16
13187,242000,245875,16,0,0,layered_block,circular,per_chunk,16,16
13188,246125,249959,16,0,0,layered_block,circular,per_chunk,16,16
13189,251458,255334,16,0,0,layered_block,circular,per_chunk,16,16
13190,250083,253917,16,0,0,layered_block,circular,per_chunk,16,16
13191,234125,238042,16,0,0,layered_block,circular,per_chunk,16,16
13192,234167,242208,16,0,0,layered_block,circular,per_chunk,16,16
13193,241333,245208,16,0,0,layered_block,circular,per_chunk,16,16
13194,231416,235375,16,0,0,layered_block,circular,per_chunk,16,16
13195,231666,235500,16,0,0,layered_block,circular,per_chunk,16,16
13196,231958,235875,16,0,0,layered_block,circular,per_chunk,16,16
13197,225125,229042,16,0,0,layered_block,circular,per_chunk,16,16
13198,216709,220625,16,0,0,layered_block,circular,per_chunk,16,16
13199,230291,234125,16,0,0,layered_block,circular,per_chunk,16,16
13200,228667,232541,16,0,0,layered_block,circular,per_chunk,16,16
13201,234708,238667,16,0,0,layered_block,circular,per_chunk,16,16
13202,240375,244250,16,0,0,layered_block,circular,per_chunk,16,16
13203,284375,288458,16,0,0,layered_block,circular,per_chunk,16,16
13204,248458,252292,16,0,0,layered_block,circular,per_chunk,16,16
13205,255042,259000,16,0,0,layered_block,circular,per_chunk,16,16
13206,241084,244958,16,0,0,layered_block,circular,per_chunk,16,16
13207,239042,242958,16,0,0,layered_block,circular,per_chunk,16,16
13208,241250,245083,16,0,0,layered_block,circular,per_chunk,16,16
13209,283875,288042,16,0,0,layered_block,circular,per_chunk,16,16
13210,226958,230875,16,0,0,layered_block,circular,per_chunk,16,16
13211,232792,236625,16,0,0,layered_block,circular,per_chunk,16,16
13212,230833,234708,16,0,0,layered_block,circular,per_chunk,16,16
13213,226875,230791,16,0,0,layered_block,circular,per_chunk,16,16
13214,226167,230083,16,0,0,layered_block,circular,per_chunk,16,16
13215,223667,227584,16,0,0,layered_block,circular,per_chunk,16,16
13216,229209,233083,16,0,0,layered_block,circular,per_chunk,16,16
13217,234375,238250,16,0,0,layered_block,circular,per_chunk,16,16
13218,241417,245292,16,0,0,layered_block,circular,per_chunk,16,16
13219,238333,242208,16,0,0,layered_block,circular,per_chunk,16,16
13220,249333,253125,16,0,0,layered_block,circular,per_chunk,16,16
13221,252167,256000,16,0,0,layered_block,circular,per_chunk,16,16
13222,242291,246125,16,0,0,layered_block,circular,per_chunk,16,16
13223,238375,242291,16,0,0,layered_block,circular,per_chunk,16,16
13224,243333,247167,16,0,0,layered_block,circular,per_chunk,16,16
13225,231291,239292,16,0,0,layered_block,circular,per_chunk,16,16
13226,231208,235042,16,0,0,layered_block,circular,per_chunk,16,16
13227,224833,228792,16,0,0,layered_block,circular,per_chunk,16,16
13228,229292,233166,16,0,0,layered_block,circular,per_chunk,16,16
13229,222167,226042,16,0,0,layered_block,circular,per_chunk,16,16
13230,226500,230333,16,0,0,layered_block,circular,per_chunk,16,16
13231,227125,230917,16,0,0,layered_block,circular,per_chunk,16,16
13232,231625,235542,16,0,0,layered_block,circular,per_chunk,16,16
13233,239625,243458,16,0,0,layered_block,circular,per_chunk,16,16
13234,283750,287917,16,0,0,layered_block,circular,per_chunk,16,16
13235,248875,252750,16,0,0,layered_block,circular,per_chunk,16,16
13236,253667,257583,16,0,0,layered_block,circular,per_chunk,16,16
13237,242583,246375,16,0,0,layered_block,circular,per_chunk,16,16
13238,237042,240917,16,0,0,layered_block,circular,per_chunk,16,16
13239,239834,243666,16,0,0,layered_block,circular,per_chunk,16,16
13240,282333,286500,16,0,0,layered_block,circular,per_chunk,16,16
13241,233333,237167,16,0,0,layered_block,circular,per_chunk,16,16
13242,226292,230167,16,0,0,layered_block,circular,per_chunk,16,16
13243,228583,232417,16,0,0,layered_block,circular,per_chunk,16,16
13244,221917,225792,16,0,0,layered_block,circular,per_chunk,16,16
13245,265958,270000,16,0,0,layered_block,circular,per_chunk,16,16
13246,229000,232833,16,0,0,layered_block,circular,per_chunk,16,16
13247,225917,229792,16,0,0,layered_block,circular,per_chunk,16,16
13248,234708,238542,16,0,0,layered_block,circular,per_chunk,16,16
13249,235958,243791,16,0,0,layered_block,circular,per_chunk,16,16
13250,244708,248583,16,0,0,layered_block,circular,per_chunk,16,16
13251,244333,248208,16,0,0,layered_block,circular,per_chunk,16,16
13252,253250,257125,16,0,0,layered_block,circular,per_chunk,16,16
13253,239792,243584,16,0,0,layered_block,circular,per_chunk,16,16
13254,230292,234208,16,0,0,layered_block,circular,per_chunk,16,16
13255,238209,242083,16,0,0,layered_block,circular,per_chunk,16,16
13256,238583,242458,16,0,0,layered_block,circular,per_chunk,16,16
13257,232666,236500,16,0,0,layered_block,circular,per_chunk,16,16
13258,227500,231375,16,0,0,layered_block,circular,per_chunk,16,16
13259,228041,231833,16,0,0,layered_block,circular,per_chunk,16,16
13260,221083,224917,16,0,0,layered_block,circular,per_chunk,16,16
13261,226833,230750,16,0,0,layered_block,circular,per_chunk,16,16
13262,228209,232041,16,0,0,layered_block,circular,per_chunk,16,16
13263,268583,272709,16,0,0,layered_block,circular,per_chunk,16,16
13264,236708,240500,16,0,0,layered_block,circular,per_chunk,16,16
13265,240375,244291,16,0,0,layered_block,circular,per_chunk,16,16
13266,248625,252458,16,0,0,layered_block,circular,per_chunk,16,16
13267,251375,255167,16,0,0,layered_block,circular,per_chunk,16,16
13268,247625,251500,16,0,0,layered_block,circular,per_chunk,16,16
13269,236417,240250,16,0,0,layered_block,circular,per_chunk,16,16
13270,238167,242000,16,0,0,layered_block,circular,per_chunk,16,16
13271,239333,243125,16,0,0,layered_block,circular,per_chunk,16,16
13272,232834,236708,16,0,0,layered_block,circular,per_chunk,16,16
13273,227666,231583,16,0,0,layered_block,circular,per_chunk,16,16
13274,230541,234417,16,0,0,layered_block,circular,per_chunk,16,16
13275,220000,223958,16,0,0,layered_block,circular,per_chunk,16,16
13276,268542,272833,16,0,0,layered_block,circular,per_chunk,16,16
13277,228375,232208,16,0,0,layered_block,circular,per_chunk,16,16
13278,228209,232125,16,0,0,layered_block,circular,per_chunk,16,16
13279,231416,235334,16,0,0,layered_block,circular,per_chunk,16,16
13280,234000,237958,16,0,0,layered_block,circular,per_chunk,16,16
13281,245208,249042,16,0,0,layered_block,circular,per_chunk,16,16
13282,244208,248208,16,0,0,layered_block,circular,per_chunk,16,16
13283,248041,252041,16,0,0,layered_block,circular,per_chunk,16,16
13284,240375,244250,16,0,0,layered_block,circular,per_chunk,16,16
13285,230375,238500,16,0,0,layered_block,circular,per_chunk,16,16
13286,239667,243583,16,0,0,layered_block,circular,per_chunk,16,16
13287,234250,238083,16,0,0,layered_block,circular,per_chunk,16,16
13288,230500,234416,16,0,0,layered_block,circular,per_chunk,16,16
13289,273917,278333,16,0,0,layered_block,circular,per_chunk,16,16
13290,223792,227750,16,0,0,layered_block,circular,per_chunk,16,16
13291,219334,223208,16,0,0,layered_block,circular,per_chunk,16,16
13292,224875,228791,16,0,0,layered_block,circular,per_chunk,16,16
13293,228250,232125,16,0,0,layered_block,circular,per_chunk,16,16
13294,229292,233125,16,0,0,layered_block,circular,per_chunk,16,16
13295,232667,236542,16,0,0,layered_block,circular,per_chunk,16,16
13296,241083,244958,16,0,0,layered_block,circular,per_chunk,16,16
13297,246083,249958,16,0,0,layered_block,circular,per_chunk,16,16
13298,241875,245792,16,0,0,layered_block,circular,per_chunk,16,16
13299,246584,250458,16,0,0,layered_block,circular,per_chunk,16,16
13300,235667,239541,16,0,0,layered_block,circular,per_chunk,16,16
13301,239583,243500,16,0,0,layered_block,circular,per_chunk,16,16
13302,241834,245708,16,0,0,layered_block,circular,per_chunk,16,16
13303,231500,235417,16,0,0,layered_block,circular,per_chunk,16,16
13304,231083,235000,16,0,0,layered_block,circular,per_chunk,16,16
13305,226125,230167,16,0,0,layered_block,circular,per_chunk,16,16
13306,213458,217375,16,0,0,layered_block,circular,per_chunk,16,16
13307,225292,229292,16,0,0,layered_block,circular,per_chunk,16,16
13308,224541,228417,16,0,0,layered_block,circular,per_chunk,16,16
13309,227167,231041,16,0,0,layered_block,circular,per_chunk,16,16
13310,279875,283917,16,0,0,layered_block,circular,per_chunk,16,16
13311,236625,240542,16,0,0,layered_block,circular,per_chunk,16,16
13312,240125,244000,16,0,0,layered_block,circular,per_chunk,16,16
13313,238125,242041,16,0,0,layered_block,circular,per_chunk,16,16
13314,244333,252375,16,0,0,layered_block,circular,per_chunk,16,16
13315,241625,245500,16,0,0,layered_block,circular,per_chunk,16,16
13316,236875,240709,16,0,0,layered_block,circular,per_chunk,16,16
13317,239541,243459,16,0,0,layered_block,circular,per_chunk,16,16
13318,240583,244417,16,0,0,layered_block,circular,per_chunk,16,16
13319,229833,233750,16,0,0,layered_block,circular,per_chunk,16,16
13320,233792,237667,16,0,0,layered_block,circular,per_chunk,16,16
13321,247709,251541,16,0,0,layered_block,circular,per_chunk,16,16
13322,242875,246750,16,0,0,layered_block,circular,per_chunk,16,16
13323,231375,235250,16,0,0,layered_block,circular,per_chunk,16,16
13324,228250,232541,16,0,0,layered_block,circular,per_chunk,16,16
13325,228333,232209,16,0,0,layered_block,circular,per_chunk,16,16
13326,228334,232166,16,0,0,layered_block,circular,per_chunk,16,16
13327,224583,228458,16,0,0,layered_block,circular,per_chunk,16,16
13328,229291,233208,16,0,0,layered_block,circular,per_chunk,16,16
13329,232166,236084,16,0,0,layered_block,circular,per_chunk,16,16
13330,242333,246292,16,0,0,layered_block,circular,per_chunk,16,16
13331,236792,240834,16,0,0,layered_block,circular,per_chunk,16,16
13332,291417,295500,16,0,0,layered_block,circular,per_chunk,16,16
13333,244209,248167,16,0,0,layered_block,circular,per_chunk,16,16
13334,264500,268667,16,0,0,layered_block,circular,per_chunk,16,16
13335,231917,235791,16,0,0,layered_block,circular,per_chunk,16,16
13336,245500,249375,16,0,0,layered_block,circular,per_chunk,16,16
13337,247958,251875,16,0,0,layered_block,circular,per_chunk,16,16
13338,252875,256750,16,0,0,layered_block,circular,per_chunk,16,16
13339,243375,247208,16,0,0,layered_block,circular,per_chunk,16,16
13340,243166,247000,16,0,0,layered_block,circular,per_chunk,16,16
13341,282416,286458,16,0,0,layered_block,circular,per_chunk,16,16
13342,237291,241375,16,0,0,layered_block,circular,per_chunk,16,16
13343,224750,228709,16,0,0,layered_block,circular,per_chunk,16,16
13344,234375,238166,16,0,0,layered_block,circular,per_chunk,16,16
13345,232417,236291,16,0,0,layered_block,circular,per_chunk,16,16
13346,227709,235666,16,0,0,layered_block,circular,per_chunk,16,16
13347,226709,230667,16,0,0,layered_block,circular,per_chunk,16,16
13348,272500,276542,16,0,0,layered_block,circular,per_chunk,16,16
13349,247042,250958,16,0,0,layered_block,circular,per_chunk,16,16
13350,295208,299292,16,0,0,layered_block,circular,per_chunk,16,16
13351,244334,248292,16,0,0,layered_block,circular,per_chunk,16,16
13352,242042,246000,16,0,0,layered_block,circular,per_chunk,16,16
13353,236750,240666,16,0,0,layered_block,circular,per_chunk,16,16
13354,274750,278791,16,0,0,layered_block,circular,per_chunk,16,16
13355,243333,247208,16,0,0,layered_block,circular,per_chunk,16,16
13356,237292,241208,16,0,0,layered_block,circular,per_chunk,16,16
13357,237958,241834,16,0,0,layered_block,circular,per_chunk,16,16
13358,242416,246334,16,0,0,layered_block,circular,per_chunk,16,16
13359,246791,250709,16,0,0,layered_block,circular,per_chunk,16,16
13360,233209,237042,16,0,0,layered_block,circular,per_chunk,16,16
13361,230375,234208,16,0,0,layered_block,circular,per_chunk,16,16
13362,228333,232250,16,0,0,layered_block,circular,per_chunk,16,16
13363,236667,240625,16,0,0,layered_block,circular,per_chunk,16,16
13364,235584,239500,16,0,0,layered_block,circular,per_chunk,16,16
13365,276875,281041,16,0,0,layered_block,circular,per_chunk,16,16
13366,233750,237625,16,0,0,layered_block,circular,per_chunk,16,16
13367,229583,233459,16,0,0,layered_block,circular,per_chunk,16,16
13368,233667,237584,16,0,0,layered_block,circular,per_chunk,16,16
13369,232625,236500,16,0,0,layered_block,circular,per_chunk,16,16
13370,248792,252625,16,0,0,layered_block,circular,per_chunk,16,16
13371,236500,244625,16,0,0,layered_block,circular,per_chunk,16,16
13372,239416,243208,16,0,0,layered_block,circular,per_chunk,16,16
13373,243959,247875,16,0,0,layered_block,circular,per_chunk,16,16
13374,231500,235500,16,0,0,layered_block,circular,per_chunk,16,16
13375,229417,233292,16,0,0,layered_block,circular,per_chunk,16,16
13376,247167,251042,16,0,0,layered_block,circular,per_chunk,16,16
13377,250000,253875,16,0,0,layered_block,circular,per_chunk,16,16
13378,246792,250667,16,0,0,layered_block,circular,per_chunk,16,16
13379,236208,240125,16,0,0,layered_block,circular,per_chunk,16,16
13380,268500,272583,16,0,0,layered_block,circular,per_chunk,16,16
13381,232583,236417,16,0,0,layered_block,circular,per_chunk,16,16
13382,238041,241875,16,0,0,layered_block,circular,per_chunk,16,16
13383,233042,236875,16,0,0,layered_block,circular,per_chunk,16,16
13384,230666,234542,16,0,0,layered_block,circular,per_chunk,16,16
13385,231458,235333,16,0,0,layered_block,circular,per_chunk,16,16
13386,235750,239584,16,0,0,layered_block,circular,per_chunk,16,16
13387,241750,245625,16,0,0,layered_block,circular,per_chunk,16,16
13388,238333,242500,16,0,0,layered_block,circular,per_chunk,16,16
13389,249042,252917,16,0,0,layered_block,circular,per_chunk,16,16
13390,236292,240208,16,0,0,layered_block,circular,per_chunk,16,16
13391,239000,242917,16,0,0,layered_block,circular,per_chunk,16,16
13392,247166,251000,16,0,0,layered_block,circular,per_chunk,16,16
13393,281167,285375,16,0,0,layered_block,circular,per_chunk,16,16
13394,229916,233833,16,0,0,layered_block,circular,per_chunk,16,16
13395,246916,250750,16,0,0,layered_block,circular,per_chunk,16,16
13396,241750,245625,16,0,0,layered_block,circular,per_chunk,16,16
13397,227375,231250,16,0,0,layered_block,circular,per_chunk,16,16
13398,230291,234125,16,0,0,layered_block,circular,per_chunk,16,16
13399,235791,239625,16,0,0,layered_block,circular,per_chunk,16,16
13400,234333,238209,16,0,0,layered_block,circular,per_chunk,16,16
13401,227541,231417,16,0,0,layered_block,circular,per_chunk,16,16
13402,230750,234666,16,0,0,layered_block,circular,per_chunk,16,16
13403,230209,234041,16,0,0,layered_block,circular,per_chunk,16,16
13404,235708,239542,16,0,0,layered_block,circular,per_chunk,16,16
13405,245083,248916,16,0,0,layered_block,circular,per_chunk,16,16
13406,235708,239584,16,0,0,layered_block,circular,per_chunk,16,16
13407,246958,250792,16,0,0,layered_block,circular,per_chunk,16,16
13408,246875,250750,16,0,0,layered_block,circular,per_chunk,16,16
13409,234416,238708,16,0,0,layered_block,circular,per_chunk,16,16
13410,234917,238791,16,0,0,layered_block,circular,per_chunk,16,16
13411,236417,240334,16,0,0,layered_block,circular,per_chunk,16,16
13412,228500,232833,16,0,0,layered_block,circular,per_chunk,16,16
13413,233584,237500,16,0,0,layered_block,circular,per_chunk,16,16
13414,247041,250875,16,0,0,layered_block,circular,per_chunk,16,16
13415,242208,246125,16,0,0,layered_block,circular,per_chunk,16,16
13416,225750,229708,16,0,0,layered_block,circular,per_chunk,16,16
13417,231750,235625,16,0,0,layered_block,circular,per_chunk,16,16
13418,234917,238833,16,0,0,layered_block,circular,per_chunk,16,16
13419,228958,232875,16,0,0,layered_block,circular,per_chunk,16,16
13420,231375,235250,16,0,0,layered_block,circular,per_chunk,16,16
13421,236375,240209,16,0,0,layered_block,circular,per_chunk,16,16
13422,234166,238000,16,0,0,layered_block,circular,per_chunk,16,16
13423,242708,246542,16,0,0,layered_block,circular,per_chunk,16,16
13424,234083,237917,16,0,0,layered_block,circular,per_chunk,16,16
13425,231083,234959,16,0,0,layered_block,circular,per_chunk,16,16
13426,247792,251625,16,0,0,layered_block,circular,per_chunk,16,16
13427,238500,242333,16,0,0,layered_block,circular,per_chunk,16,16
13428,233417,237250,16,0,0,layered_block,circular,per_chunk,16,16
13429,243125,247000,16,0,0,layered_block,circular,per_chunk,16,16
13430,240375,244250,16,0,0,layered_block,circular,per_chunk,16,16
13431,231708,235500,16,0,0,layered_block,circular,per_chunk,16,16
13432,244583,248417,16,0,0,layered_block,circular,per_chunk,16,16
13433,250125,254000,16,0,0,layered_block,circular,per_chunk,16,16
13434,240417,244250,16,0,0,layered_block,circular,per_chunk,16,16
13435,232791,236625,16,0,0,layered_block,circular,per_chunk,16,16
13436,235792,239584,16,0,0,layered_block,circular,per_chunk,16,16
13437,230333,234167,16,0,0,layered_block,circular,per_chunk,16,16
13438,228917,233208,16,0,0,layered_block,circular,per_chunk,16,16
13439,233417,237334,16,0,0,layered_block,circular,per_chunk,16,16
13440,230917,234833,16,0,0,layered_block,circular,per_chunk,16,16
13441,231666,235500,16,0,0,layered_block,circular,per_chunk,16,16
13442,237458,241334,16,0,0,layered_block,circular,per_chunk,16,16
13443,232291,236250,16,0,0,layered_block,circular,per_chunk,16,16
13444,241708,245583,16,0,0,layered_block,circular,per_chunk,16,16
13445,247875,251792,16,0,0,layered_block,circular,per_chunk,16,16
13446,243584,247416,16,0,0,layered_block,circular,per_chunk,16,16
13447,238917,242750,16,0,0,layered_block,circular,per_chunk,16,16
13448,245125,248958,16,0,0,layered_block,circular,per_chunk,16,16
13449,236083,239917,16,0,0,layered_block,circular,per_chunk,16,16
13450,235584,239542,16,0,0,layered_block,circular,per_chunk,16,16
13451,243792,247666,16,0,0,layered_block,circular,per_chunk,16,16
13452,247167,251041,16,0,0,layered_block,circular,per_chunk,16,16
13453,230708,234542,16,0,0,layered_block,circular,per_chunk,16,16
13454,226208,230125,16,0,0,layered_block,circular,per_chunk,16,16
13455,233083,237000,16,0,0,layered_block,circular,per_chunk,16,16
13456,233042,236875,16,0,0,layered_block,circular,per_chunk,16,16
13457,226916,230916,16,0,0,layered_block,circular,per_chunk,16,16
13458,228291,232167,16,0,0,layered_block,circular,per_chunk,16,16
13459,228917,232791,16,0,0,layered_block,circular,per_chunk,16,16
13460,233250,237250,16,0,0,layered_block,circular,per_chunk,16,16
13461,244458,248375,16,0,0,layered_block,circular,per_chunk,16,16
13462,232875,236750,16,0,0,layered_block,circular,per_chunk,16,16
13463,246208,250125,16,0,0,layered_block,circular,per_chunk,16,16
13464,245875,249708,16,0,0,layered_block,circular,per_chunk,16,16
13465,280333,284333,16,0,0,layered_block,circular,per_chunk,16,16
13466,241584,245458,16,0,0,layered_block,circular,per_chunk,16,16
13467,236208,240084,16,0,0,layered_block,circular,per_chunk,16,16
13468,227417,231334,16,0,0,layered_block,circular,per_chunk,16,16
13469,231291,235167,16,0,0,layered_block,circular,per_chunk,16,16
13470,249958,253917,16,0,0,layered_block,circular,per_chunk,16,16
13471,244417,248250,16,0,0,layered_block,circular,per_chunk,16,16
13472,231417,235292,16,0,0,layered_block,circular,per_chunk,16,16
13473,227417,231334,16,0,0,layered_block,circular,per_chunk,16,16
13474,230500,234375,16,0,0,layered_block,circular,per_chunk,16,16
13475,229291,233167,16,0,0,layered_block,circular,per_chunk,16,16
13476,221542,225500,16,0,0,layered_block,circular,per_chunk,16,16
13477,215292,219167,16,0,0,layered_block,circular,per_chunk,16,16
13478,220833,224709,16,0,0,layered_block,circular,per_chunk,16,16
13479,232708,236583,16,0,0,layered_block,circular,per_chunk,16,16
13480,236042,239875,16,0,0,layered_block,circular,per_chunk,16,16
13481,285625,289917,16,0,0,layered_block,circular,per_chunk,16,16
13482,246750,250625,16,0,0,layered_block,circular,per_chunk,16,16
13483,283083,287375,16,0,0,layered_block,circular,per_chunk,16,16
13484,230167,234042,16,0,0,layered_block,circular,per_chunk,16,16
13485,242250,246125,16,0,0,layered_block,circular,per_chunk,16,16
13486,239083,243000,16,0,0,layered_block,circular,per_chunk,16,16
13487,231000,234875,16,0,0,layered_block,circular,per_chunk,16,16
13488,243083,246959,16,0,0,layered_block,circular,per_chunk,16,16
13489,251416,255292,16,0,0,layered_block,circular,per_chunk,16,16
13490,236208,240042,16,0,0,layered_block,circular,per_chunk,16,16
13491,230125,234083,16,0,0,layered_block,circular,per_chunk,16,16
13492,227542,231417,16,0,0,layered_block,circular,per_chunk,16,16
13493,233167,237042,16,0,0,layered_block,circular,per_chunk,16,16
13494,280708,284792,16,0,0,layered_block,circular,per_chunk,16,16
13495,231500,235375,16,0,0,layered_block,circular,per_chunk,16,16
13496,225875,229750,16,0,0,layered_block,circular,per_chunk,16,16
13497,233500,237417,16,0,0,layered_block,circular,per_chunk,16,16
13498,243042,246875,16,0,0,layered_block,circular,per_chunk,16,16
13499,230958,235291,16,0,0,layered_block,circular,per_chunk,16,16
13500,242541,246500,16,0,0,layered_block,circular,per_chunk,16,16
13501,248625,252500,16,0,0,layered_block,circular,per_chunk,16,16
13502,243083,246917,16,0,0,layered_block,circular,per_chunk,16,16
13503,236875,240791,16,0,0,layered_block,circular,per_chunk,16,16
13504,241667,245541,16,0,0,layered_block,circular,per_chunk,16,16
13505,231042,234916,16,0,0,layered_block,circular,per_chunk,16,16
13506,237041,240875,16,0,0,layered_block,circular,per_chunk,16,16
13507,243208,247083,16,0,0,layered_block,circular,per_chunk,16,16
13508,248167,252041,16,0,0,layered_block,circular,per_chunk,16,16
13509,231667,235542,16,0,0,layered_block,circular,per_chunk,16,16
13510,233125,237042,16,0,0,layered_block,circular,per_chunk,16,16
13511,222209,226125,16,0,0,layered_block,circular,per_chunk,16,16
13512,233666,237500,16,0,0,layered_block,circular,per_chunk,16,16
13513,226542,230542,16,0,0,layered_block,circular,per_chunk,16,16
13514,233209,237167,16,0,0,layered_block,circular,per_chunk,16,16
13515,224792,228667,16,0,0,layered_block,circular,per_chunk,16,16
13516,234209,238083,16,0,0,layered_block,circular,per_chunk,16,16
13517,285083,289167,16,0,0,layered_block,circular,per_chunk,16,16
13518,239209,243041,16,0,0,layered_block,circular,per_chunk,16,16
13519,235042,238958,16,0,0,layered_block,circular,per_chunk,16,16
13520,245000,248791,16,0,0,layered_block,circular,per_chunk,16,16
13521,236375,240250,16,0,0,layered_block,circular,per_chunk,16,16
13522,238500,242375,16,0,0,layered_block,circular,per_chunk,16,16
13523,241000,244917,16,0,0,layered_block,circular,per_chunk,16,16
13524,229417,233292,16,0,0,layered_block,circular,per_chunk,16,16
13525,238042,241917,16,0,0,layered_block,circular,per_chunk,16,16
13526,244584,248500,16,0,0,layered_block,circular,per_chunk,16,16
13527,241250,245125,16,0,0,layered_block,circular,per_chunk,16,16
13528,230292,234125,16,0,0,layered_block,circular,per_chunk,16,16
13529,228000,231917,16,0,0,layered_block,circular,per_chunk,16,16
13530,279250,283333,16,0,0,layered_block,circular,per_chunk,16,16
13531,238875,242750,16,0,0,layered_block,circular,per_chunk,16,16
13532,228958,232792,16,0,0,layered_block,circular,per_chunk,16,16
13533,229458,233334,16,0,0,layered_block,circular,per_chunk,16,16
13534,230500,234375,16,0,0,layered_block,circular,per_chunk,16,16
13535,232459,236375,16,0,0,layered_block,circular,per_chunk,16,16
13536,233125,237375,16,0,0,layered_block,circular,per_chunk,16,16
13537,235542,239458,16,0,0,layered_block,circular,per_chunk,16,16
13538,248833,252709,16,0,0,layered_block,circular,per_chunk,16,16
13539,243667,247500,16,0,0,layered_block,circular,per_chunk,16,16
13540,237500,241292,16,0,0,layered_block,circular,per_chunk,16,16
13541,283500,287625,16,0,0,layered_block,circular,per_chunk,16,16
13542,212042,215916,16,0,0,layered_block,circular,per_chunk,16,16
13543,227958,231875,16,0,0,layered_block,circular,per_chunk,16,16
13544,235875,239791,16,0,0,layered_block,circular,per_chunk,16,16
13545,245167,249042,16,0,0,layered_block,circular,per_chunk,16,16
13546,236625,240500,16,0,0,layered_block,circular,per_chunk,16,16
13547,228542,232417,16,0,0,layered_block,circular,per_chunk,16,16
13548,222459,226375,16,0,0,layered_block,circular,per_chunk,16,16
13549,231750,235625,16,0,0,layered_block,circular,per_chunk,16,16
13550,226584,230417,16,0,0,layered_block,circular,per_chunk,16,16
13551,234875,238667,16,0,0,layered_block,circular,per_chunk,16,16
13552,226709,230541,16,0,0,layered_block,circular,per_chunk,16,16
13553,233750,237666,16,0,0,layered_block,circular,per_chunk,16,16
13554,239625,243500,16,0,0,layered_block,circular,per_chunk,16,16
13555,284209,288333,16,0,0,layered_block,circular,per_chunk,16,16
13556,231709,235583,16,0,0,layered_block,circular,per_chunk,16,16
13557,248541,252458,16,0,0,layered_block,circular,per_chunk,16,16
13558,234500,238375,16,0,0,layered_block,circular,per_chunk,16,16
13559,237417,241292,16,0,0,layered_block,circular,per_chunk,16,16
13560,237917,241833,16,0,0,layered_block,circular,per_chunk,16,16
13561,230208,234125,16,0,0,layered_block,circular,per_chunk,16,16
13562,232250,236167,16,0,0,layered_block,circular,per_chunk,16,16
13563,246333,250208,16,0,0,layered_block,circular,per_chunk,16,16
13564,240458,244333,16,0,0,layered_block,circular,per_chunk,16,16
13565,237708,241542,16,0,0,layered_block,circular,per_chunk,16,16
13566,235750,239625,16,0,0,layered_block,circular,per_chunk,16,16
13567,235792,239583,16,0,0,layered_block,circular,per_chunk,16,16
13568,235250,239291,16,0,0,layered_block,circular,per_chunk,16,16
13569,228541,232375,16,0,0,layered_block,circular,per_chunk,16,16
13570,235125,239000,16,0,0,layered_block,circular,per_chunk,16,16
13571,226166,230042,16,0,0,layered_block,circular,per_chunk,16,16
13572,236292,240208,16,0,0,layered_block,circular,per_chunk,16,16
13573,234500,238583,16,0,0,layered_block,circular,per_chunk,16,16
13574,233000,236875,16,0,0,layered_block,circular,per_chunk,16,16
13575,244250,248125,16,0,0,layered_block,circular,per_chunk,16,16
13576,239208,243125,16,0,0,layered_block,circular,per_chunk,16,16
13577,236417,240292,16,0,0,layered_block,circular,per_chunk,16,16
13578,241292,245167,16,0,0,layered_block,circular,per_chunk,16,16
13579,238292,242208,16,0,0,layered_block,circular,per_chunk,16,16
13580,233959,237833,16,0,0,layered_block,circular,per_chunk,16,16
13581,308083,312334,16,0,0,layered_block,circular,per_chunk,16,16
13582,237042,241000,16,0,0,layered_block,circular,per_chunk,16,16
13583,237167,241042,16,0,0,layered_block,circular,per_chunk,16,16
13584,226875,230750,16,0,0,layered_block,circular,per_chunk,16,16
13585,230958,234792,16,0,0,layered_block,circular,per_chunk,16,16
13586,228084,231958,16,0,0,layered_block,circular,per_chunk,16,16
13587,233084,236916,16,0,0,layered_block,circular,per_chunk,16,16
13588,235750,239583,16,0,0,layered_block,circular,per_chunk,16,16
13589,231792,235667,16,0,0,layered_block,circular,per_chunk,16,16
13590,231917,235750,16,0,0,layered_block,circular,per_chunk,16,16
13591,228333,232250,16,0,0,layered_block,circular,per_chunk,16,16
13592,234500,238292,16,0,0,layered_block,circular,per_chunk,16,16
13593,238333,242125,16,0,0,layered_block,circular,per_chunk,16,16
13594,249958,253792,16,0,0,layered_block,circular,per_chunk,16,16
13595,239917,243750,16,0,0,layered_block,circular,per_chunk,16,16
13596,236459,240333,16,0,0,layered_block,circular,per_chunk,16,16
13597,239166,242958,16,0,0,layered_block,circular,per_chunk,16,16
13598,237625,241500,16,0,0,layered_block,circular,per_chunk,16,16
13599,239084,242958,16,0,0,layered_block,circular,per_chunk,16,16
13600,234459,238292,16,0,0,layered_block,circular,per_chunk,16,16
13601,277833,281958,16,0,0,layered_block,circular,per_chunk,16,16
13602,229583,233417,16,0,0,layered_block,circular,per_chunk,16,16
13603,232958,236792,16,0,0,layered_block,circular,per_chunk,16,16
13604,236917,240709,16,0,0,layered_block,circular,per_chunk,16,16
13605,216083,220000,16,0,0,layered_block,circular,per_chunk,16,16
13606,260166,264542,16,0,0,layered_block,circular,per_chunk,16,16
13607,221167,225083,16,0,0,layered_block,circular,per_chunk,16,16
13608,232958,236834,16,0,0,layered_block,circular,per_chunk,16,16
13609,232792,236666,16,0,0,layered_block,circular,per_chunk,16,16
13610,228916,232750,16,0,0,layered_block,circular,per_chunk,16,16
13611,281375,285584,16,0,0,layered_block,circular,per_chunk,16,16
13612,240208,244166,16,0,0,layered_block,circular,per_chunk,16,16
13613,242500,246417,16,0,0,layered_block,circular,per_chunk,16,16
13614,237375,241292,16,0,0,layered_block,circular,per_chunk,16,16
13615,232209,236000,16,0,0,layered_block,circular,per_chunk,16,16
13616,238875,242792,16,0,0,layered_block,circular,per_chunk,16,16
13617,233708,237542,16,0,0,layered_block,circular,per_chunk,16,16
13618,227250,231166,16,0,0,layered_block,circular,per_chunk,16,16
13619,231458,235334,16,0,0,layered_block,circular,per_chunk,16,16
13620,268875,272959,16,0,0,layered_block,circular,per_chunk,16,16
13621,213041,216958,16,0,0,layered_block,circular,per_chunk,16,16
13622,222500,226375,16,0,0,layered_block,circular,per_chunk,16,16
13623,271583,275834,16,0,0,layered_block,circular,per_chunk,16,16
13624,214083,218042,16,0,0,layered_block,circular,per_chunk,16,16
13625,218917,222791,16,0,0,layered_block,circular,per_chunk,16,16
13626,210833,214667,16,0,0,layered_block,circular,per_chunk,16,16
13627,218750,222583,16,0,0,layered_block,circular,per_chunk,16,16
13628,214959,218833,16,0,0,layered_block,circular,per_chunk,16,16
13629,218041,222000,16,0,0,layered_block,circular,per_chunk,16,16
13630,229083,232917,16,0,0,layered_block,circular,per_chunk,16,16
13631,230917,234875,16,0,0,layered_block,circular,per_chunk,16,16
13632,231417,235375,16,0,0,layered_block,circular,per_chunk,16,16
13633,229167,233042,16,0,0,layered_block,circular,per_chunk,16,16
13634,226958,230875,16,0,0,layered_block,circular,per_chunk,16,16
13635,219542,223417,16,0,0,layered_block,circular,per_chunk,16,16
13636,224709,228542,16,0,0,layered_block,circular,per_chunk,16,16
13637,225792,229709,16,0,0,layered_block,circular,per_chunk,16,16
13638,216666,220833,16,0,0,layered_block,circular,per_chunk,16,16
13639,219833,223791,16,0,0,layered_block,circular,per_chunk,16,16
13640,216208,220084,16,0,0,layered_block,circular,per_chunk,16,16
13641,211250,215167,16,0,0,layered_block,circular,per_chunk,16,16
13642,215000,218875,16,0,0,layered_block,circular,per_chunk,16,16
13643,214292,218250,16,0,0,layered_block,circular,per_chunk,16,16
13644,219209,223041,16,0,0,layered_block,circular,per_chunk,16,16
13645,210458,214459,16,0,0,layered_block,circular,per_chunk,16,16
13646,217375,221292,16,0,0,layered_block,circular,per_chunk,16,16
13647,224750,228625,16,0,0,layered_block,circular,per_chunk,16,16
13648,210000,214000,16,0,0,layered_block,circular,per_chunk,16,16
13649,216209,220083,16,0,0,layered_block,circular,per_chunk,16,16
13650,222667,226542,16,0,0,layered_block,circular,per_chunk,16,16
13651,223417,227250,16,0,0,layered_block,circular,per_chunk,16,16
13652,218291,222167,16,0,0,layered_block,circular,per_chunk,16,16
13653,221792,225666,16,0,0,layered_block,circular,per_chunk,16,16
13654,218916,222834,16,0,0,layered_block,circular,per_chunk,16,16
13655,213584,217542,16,0,0,layered_block,circular,per_chunk,16,16
13656,215500,219375,16,0,0,layered_block,circular,per_chunk,16,16
13657,215084,219041,16,0,0,layered_block,circular,per_chunk,16,16
13658,208083,211959,16,0,0,layered_block,circular,per_chunk,16,16
13659,212375,216292,16,0,0,layered_block,circular,per_chunk,16,16
13660,209750,213666,16,0,0,layered_block,circular,per_chunk,16,16
13661,217042,220916,16,0,0,layered_block,circular,per_chunk,16,16
13662,206459,210375,16,0,0,layered_block,circular,per_chunk,16,16
13663,219083,223000,16,0,0,layered_block,circular,per_chunk,16,16
13664,216917,221042,16,0,0,layered_block,circular,per_chunk,16,16
13665,218625,222500,16,0,0,layered_block,circular,per_chunk,16,16
13666,212542,216500,16,0,0,layered_block,circular,per_chunk,16,16
13667,219916,268958,16,0,0,layered_block,circular,per_chunk,16,16
13668,214250,218167,16,0,0,layered_block,circular,per_chunk,16,16
13669,211625,215541,16,0,0,layered_block,circular,per_chunk,16,16
13670,210417,214292,16,0,0,layered_block,circular,per_chunk,16,16
13671,220000,223958,16,0,0,layered_block,circular,per_chunk,16,16
13672,217125,221000,16,0,0,layered_block,circular,per_chunk,16,16
13673,209666,213625,16,0,0,layered_block,circular,per_chunk,16,16
13674,210500,214833,16,0,0,layered_block,circular,per_chunk,16,16
13675,217375,221250,16,0,0,layered_block,circular,per_chunk,16,16
13676,214917,218791,16,0,0,layered_block,circular,per_chunk,16,16
13677,218625,222500,16,0,0,layered_block,circular,per_chunk,16,16
13678,208167,212167,16,0,0,layered_block,circular,per_chunk,16,16
13679,217916,221833,16,0,0,layered_block,circular,per_chunk,16,16
13680,211500,215708,16,0,0,layered_block,circular,per_chunk,16,16
13681,212917,216791,16,0,0,layered_block,circular,per_chunk,16,16
13682,212791,216708,16,0,0,layered_block,circular,per_chunk,16,16
13683,260458,264459,16,0,0,layered_block,circular,per_chunk,16,16
13684,210500,214417,16,0,0,layered_block,circular,per_chunk,16,16
13685,220167,224458,16,0,0,layered_block,circular,per_chunk,16,16
13686,264250,268792,16,0,0,layered_block,circular,per_chunk,16,16
13687,219458,223334,16,0,0,layered_block,circular,per_chunk,16,16
13688,214166,218167,16,0,0,layered_block,circular,per_chunk,16,16
13689,217583,221459,16,0,0,layered_block,circular,per_chunk,16,16
13690,215334,219208,16,0,0,layered_block,circular,per_chunk,16,16
13691,210875,214791,16,0,0,layered_block,circular,per_chunk,16,16
13692,259833,264042,16,0,0,layered_block,circular,per_chunk,16,16
13693,213917,217916,16,0,0,layered_block,circular,per_chunk,16,16
13694,215833,219750,16,0,0,layered_block,circular,per_chunk,16,16
13695,205417,209292,16,0,0,layered_block,circular,per_chunk,16,16
13696,217333,221291,16,0,0,layered_block,circular,per_chunk,16,16
13697,213042,216959,16,0,0,layered_block,circular,per_chunk,16,16
13698,222333,226167,16,0,0,layered_block,circular,per_chunk,16,16
13699,204500,208417,16,0,0,layered_block,circular,per_chunk,16,16
13700,199459,203583,16,0,0,layered_block,circular,per_chunk,16,16
13701,213958,217916,16,0,0,layered_block,circular,per_chunk,16,16
13702,225125,228959,16,0,0,layered_block,circular,per_chunk,16,16
13703,218291,222125,16,0,0,layered_block,circular,per_chunk,16,16
13704,212542,216625,16,0,0,layered_block,circular,per_chunk,16,16
13705,216208,220291,16,0,0,layered_block,circular,per_chunk,16,16
13706,221625,225584,16,0,0,layered_block,circular,per_chunk,16,16
13707,212875,216791,16,0,0,layered_block,circular,per_chunk,16,16
13708,209541,213458,16,0,0,layered_block,circular,per_chunk,16,16
13709,216583,220417,16,0,0,layered_block,circular,per_chunk,16,16
13710,208833,212750,16,0,0,layered_block,circular,per_chunk,16,16
13711,201625,205583,16,0,0,layered_block,circular,per_chunk,16,16
13712,224125,227958,16,0,0,layered_block,circular,per_chunk,16,16
13713,208167,212041,16,0,0,layered_block,circular,per_chunk,16,16
13714,218834,222625,16,0,0,layered_block,circular,per_chunk,16,16
13715,205583,209500,16,0,0,layered_block,circular,per_chunk,16,16
13716,221625,225500,16,0,0,layered_block,circular,per_chunk,16,16
13717,211458,215417,16,0,0,layered_block,circular,per_chunk,16,16
13718,214500,218375,16,0,0,layered_block,circular,per_chunk,16,16
13719,208375,212333,16,0,0,layered_block,circular,per_chunk,16,16
13720,219792,223583,16,0,0,layered_block,circular,per_chunk,16,16
13721,229166,233084,16,0,0,layered_block,circular,per_chunk,16,16
13722,228291,232208,16,0,0,layered_block,circular,per_chunk,16,16
13723,269208,273334,16,0,0,layered_block,circular,per_chunk,16,16
13724,326750,331292,16,0,0,layered_block,circular,per_chunk,16,16
13725,215792,219708,16,0,0,layered_block,circular,per_chunk,16,16
13726,220166,224041,16,0,0,layered_block,circular,per_chunk,16,16
13727,213458,217375,16,0,0,layered_block,circular,per_chunk,16,16
13728,213000,216875,16,0,0,layered_block,circular,per_chunk,16,16
13729,211750,215625,16,0,0,layered_block,circular,per_chunk,16,16
13730,219375,223167,16,0,0,layered_block,circular,per_chunk,16,16
13731,217000,220833,16,0,0,layered_block,circular,per_chunk,16,16
13732,209375,213166,16,0,0,layered_block,circular,per_chunk,16,16
13733,214875,218834,16,0,0,layered_block,circular,per_chunk,16,16
13734,214000,217792,16,0,0,layered_block,circular,per_chunk,16,16
13735,218584,222500,16,0,0,layered_block,circular,per_chunk,16,16
13736,214375,218208,16,0,0,layered_block,circular,per_chunk,16,16
13737,222750,226542,16,0,0,layered_block,circular,per_chunk,16,16
13738,219791,223625,16,0,0,layered_block,circular,per_chunk,16,16
13739,224542,228333,16,0,0,layered_block,circular,per_chunk,16,16
13740,215625,219583,16,0,0,layered_block,circular,per_chunk,16,16
13741,215583,219417,16,0,0,layered_block,circular,per_chunk,16,16
13742,216291,220167,16,0,0,layered_block,circular,per_chunk,16,16
13743,218541,222417,16,0,0,layered_block,circular,per_chunk,16,16
13744,228250,232166,16,0,0,layered_block,circular,per_chunk,16,16
13745,218458,222250,16,0,0,layered_block,circular,per_chunk,16,16
13746,212209,216166,16,0,0,layered_block,circular,per_chunk,16,16
13747,212000,216334,16,0,0,layered_block,circular,per_chunk,16,16
13748,220250,224042,16,0,0,layered_block,circular,per_chunk,16,16
13749,218833,222667,16,0,0,layered_block,circular,per_chunk,16,16
13750,211083,215000,16,0,0,layered_block,circular,per_chunk,16,16
13751,225084,228958,16,0,0,layered_block,circular,per_chunk,16,16
13752,219875,223834,16,0,0,layered_block,circular,per_chunk,16,16
13753,226459,230333,16,0,0,layered_block,circular,per_chunk,16,16
13754,221500,225333,16,0,0,layered_block,circular,per_chunk,16,16
13755,256917,261375,16,0,0,layered_block,circular,per_chunk,16,16
13756,212750,216667,16,0,0,layered_block,circular,per_chunk,16,16
13757,216250,220083,16,0,0,layered_block,circular,per_chunk,16,16
13758,274958,279083,16,0,0,layered_block,circular,per_chunk,16,16
13759,220709,224583,16,0,0,layered_block,circular,per_chunk,16,16
13760,223084,226834,16,0,0,layered_block,circular,per_chunk,16,16
13761,222875,226750,16,0,0,layered_block,circular,per_chunk,16,16
13762,220958,224792,16,0,0,layered_block,circular,per_chunk,16,16
13763,228542,232375,16,0,0,layered_block,circular,per_chunk,16,16
13764,216709,220583,16,0,0,layered_block,circular,per_chunk,16,16
13765,216375,220250,16,0,0,layered_block,circular,per_chunk,16,16
13766,216958,224834,16,0,0,layered_block,circular,per_chunk,16,16
13767,219250,223125,16,0,0,layered_block,circular,per_chunk,16,16
13768,226083,229958,16,0,0,layered_block,circular,per_chunk,16,16
13769,222166,226042,16,0,0,layered_block,circular,per_chunk,16,16
13770,222750,226583,16,0,0,layered_block,circular,per_chunk,16,16
13771,226291,230167,16,0,0,layered_block,circular,per_chunk,16,16
13772,218958,222834,16,0,0,layered_block,circular,per_chunk,16,16
13773,206291,210292,16,0,0,layered_block,circular,per_chunk,16,16
13774,221209,224959,16,0,0,layered_block,circular,per_chunk,16,16
13775,221875,225709,16,0,0,layered_block,circular,per_chunk,16,16
13776,222459,226291,16,0,0,layered_block,circular,per_chunk,16,16
13777,216791,220583,16,0,0,layered_block,circular,per_chunk,16,16
13778,221375,272875,16,0,0,layered_block,circular,per_chunk,16,16
13779,230917,234791,16,0,0,layered_block,circular,per_chunk,16,16
13780,230792,234625,16,0,0,layered_block,circular,per_chunk,16,16
13781,227792,231708,16,0,0,layered_block,circular,per_chunk,16,16
13782,214333,218167,16,0,0,layered_block,circular,per_chunk,16,16
13783,224583,228458,16,0,0,layered_block,circular,per_chunk,16,16
13784,227042,230875,16,0,0,layered_block,circular,per_chunk,16,16
13785,249375,253250,16,0,0,layered_block,circular,per_chunk,16,16
13786,261459,265333,16,0,0,layered_block,circular,per_chunk,16,16
13787,257667,261583,16,0,0,layered_block,circular,per_chunk,16,16
13788,256792,260667,16,0,0,layered_block,circular,per_chunk,16,16
13789,258291,262250,16,0,0,layered_block,circular,per_chunk,16,16
13790,244250,248125,16,0,0,layered_block,circular,per_chunk,16,16
13791,230875,240334,16,0,0,layered_block,circular,per_chunk,16,16
13792,233625,237500,16,0,0,layered_block,circular,per_chunk,16,16
13793,241833,245709,16,0,0,layered_block,circular,per_chunk,16,16
13794,234708,238709,16,0,0,layered_block,circular,per_chunk,16,16
13795,242834,246708,16,0,0,layered_block,circular,per_chunk,16,16
13796,241125,244958,16,0,0,layered_block,circular,per_chunk,16,16
13797,245333,249209,16,0,0,layered_block,circular,per_chunk,16,16
13798,258625,262541,16,0,0,layered_block,circular,per_chunk,16,16
13799,258708,262625,16,0,0,layered_block,circular,per_chunk,16,16
13800,257875,261791,16,0,0,layered_block,circular,per_chunk,16,16
13801,254792,258708,16,0,0,layered_block,circular,per_chunk,16,16
13802,254958,258833,16,0,0,layered_block,circular,per_chunk,16,16
13803,246791,250875,16,0,0,layered_block,circular,per_chunk,16,16
13804,238625,242458,16,0,0,layered_block,circular,per_chunk,16,16
13805,233542,237375,16,0,0,layered_block,circular,per_chunk,16,16
13806,232167,236083,16,0,0,layered_block,circular,per_chunk,16,16
13807,266208,270291,16,0,0,layered_block,circular,per_chunk,16,16
13808,239458,243334,16,0,0,layered_block,circular,per_chunk,16,16
13809,230500,234459,16,0,0,layered_block,circular,per_chunk,16,16
13810,227000,230917,16,0,0,layered_block,circular,per_chunk,16,16
13811,252250,256167,16,0,0,layered_block,circular,per_chunk,16,16
13812,260709,264583,16,0,0,layered_block,circular,per_chunk,16,16
13813,263750,267666,16,0,0,layered_block,circular,per_chunk,16,16
13814,260583,264458,16,0,0,layered_block,circular,per_chunk,16,16
13815,247208,251167,16,0,0,layered_block,circular,per_chunk,16,16
13816,310750,314834,16,0,0,layered_block,circular,per_chunk,16,16
13817,249041,252875,16,0,0,layered_block,circular,per_chunk,16,16
13818,238625,242583,16,0,0,layered_block,circular,per_chunk,16,16
13819,240208,244084,16,0,0,layered_block,circular,per_chunk,16,16
13820,279416,283458,16,0,0,layered_block,circular,per_chunk,16,16
13821,227750,231625,16,0,0,layered_block,circular,per_chunk,16,16
13822,240125,244000,16,0,0,layered_block,circular,per_chunk,16,16
13823,235250,239125,16,0,0,layered_block,circular,per_chunk,16,16
13824,245750,249625,16,0,0,layered_block,circular,per_chunk,16,16
13825,254166,258000,16,0,0,layered_block,circular,per_chunk,16,16
13826,254458,258375,16,0,0,layered_block,circular,per_chunk,16,16
13827,258791,262625,16,0,0,layered_block,circular,per_chunk,16,16
13828,260792,264625,16,0,0,layered_block,circular,per_chunk,16,16
13829,248500,252333,16,0,0,layered_block,circular,per_chunk,16,16
13830,254666,258500,16,0,0,layered_block,circular,per_chunk,16,16
13831,247292,251166,16,0,0,layered_block,circular,per_chunk,16,16
13832,232875,236750,16,0,0,layered_block,circular,per_chunk,16,16
13833,237208,241083,16,0,0,layered_block,circular,per_chunk,16,16
13834,239500,243334,16,0,0,layered_block,circular,per_chunk,16,16
13835,237959,241833,16,0,0,layered_block,circular,per_chunk,16,16
13836,240125,244041,16,0,0,layered_block,circular,per_chunk,16,16
13837,232709,236625,16,0,0,layered_block,circular,per_chunk,16,16
13838,286583,290709,16,0,0,layered_block,circular,per_chunk,16,16
13839,250250,254125,16,0,0,layered_block,circular,per_chunk,16,16
13840,256500,260417,16,0,0,layered_block,circular,per_chunk,16,16
13841,256250,260125,16,0,0,layered_block,circular,per_chunk,16,16
13842,257833,261667,16,0,0,layered_block,circular,per_chunk,16,16
13843,248583,252458,16,0,0,layered_block,circular,per_chunk,16,16
13844,256125,259959,16,0,0,layered_block,circular,per_chunk,16,16
13845,243125,247042,16,0,0,layered_block,circular,per_chunk,16,16
13846,231583,235500,16,0,0,layered_block,circular,per_chunk,16,16
13847,223292,227167,16,0,0,layered_block,circular,per_chunk,16,16
13848,230666,234584,16,0,0,layered_block,circular,per_chunk,16,16
13849,230583,234458,16,0,0,layered_block,circular,per_chunk,16,16
13850,230125,234000,16,0,0,layered_block,circular,per_chunk,16,16
13851,283000,287167,16,0,0,layered_block,circular,per_chunk,16,16
13852,254250,258084,16,0,0,layered_block,circular,per_chunk,16,16
13853,247583,251500,16,0,0,layered_block,circular,per_chunk,16,16
13854,259459,263417,16,0,0,layered_block,circular,per_chunk,16,16
13855,263209,267000,16,0,0,layered_block,circular,per_chunk,16,16
13856,257708,261625,16,0,0,layered_block,circular,per_chunk,16,16
13857,246208,250166,16,0,0,layered_block,circular,per_chunk,16,16
13858,257583,262916,16,0,0,layered_block,circular,per_chunk,16,16
13859,241125,245000,16,0,0,layered_block,circular,per_chunk,16,16
13860,242292,246208,16,0,0,layered_block,circular,per_chunk,16,16
13861,233833,237708,16,0,0,layered_block,circular,per_chunk,16,16
13862,239708,243584,16,0,0,layered_block,circular,per_chunk,16,16
13863,237583,241459,16,0,0,layered_block,circular,per_chunk,16,16
13864,240458,244333,16,0,0,layered_block,circular,per_chunk,16,16
13865,250250,254083,16,0,0,layered_block,circular,per_chunk,16,16
13866,251875,255750,16,0,0,layered_block,circular,per_chunk,16,16
13867,250708,254625,16,0,0,layered_block,circular,per_chunk,16,16
13868,261458,265375,16,0,0,layered_block,circular,per_chunk,16,16
13869,263375,267333,16,0,0,layered_block,circular,per_chunk,16,16
13870,253375,257375,16,0,0,layered_block,circular,per_chunk,16,16
13871,244750,248666,16,0,0,layered_block,circular,per_chunk,16,16
13872,253458,257375,16,0,0,layered_block,circular,per_chunk,16,16
13873,240000,243917,16,0,0,layered_block,circular,per_chunk,16,16
13874,229042,237208,16,0,0,layered_block,circular,per_chunk,16,16
13875,235042,238958,16,0,0,layered_block,circular,per_chunk,16,16
13876,236583,240458,16,0,0,layered_block,circular,per_chunk,16,16
13877,240500,244375,16,0,0,layered_block,circular,per_chunk,16,16
13878,243542,247417,16,0,0,layered_block,circular,per_chunk,16,16
13879,251458,255292,16,0,0,layered_block,circular,per_chunk,16,16
13880,249333,253167,16,0,0,layered_block,circular,per_chunk,16,16
13881,251917,255750,16,0,0,layered_block,circular,per_chunk,16,16
13882,254791,258791,16,0,0,layered_block,circular,per_chunk,16,16
13883,306292,310417,16,0,0,layered_block,circular,per_chunk,16,16
13884,255292,259166,16,0,0,layered_block,circular,per_chunk,16,16
13885,247875,251667,16,0,0,layered_block,circular,per_chunk,16,16
13886,247625,251500,16,0,0,layered_block,circular,per_chunk,16,16
13887,240125,244042,16,0,0,layered_block,circular,per_chunk,16,16
13888,240042,243916,16,0,0,layered_block,circular,per_chunk,16,16
13889,240459,244291,16,0,0,layered_block,circular,per_chunk,16,16
13890,239875,243750,16,0,0,layered_block,circular,per_chunk,16,16
13891,239791,243625,16,0,0,layered_block,circular,per_chunk,16,16
13892,249542,253375,16,0,0,layered_block,circular,per_chunk,16,16
13893,251416,255250,16,0,0,layered_block,circular,per_chunk,16,16
13894,248500,252375,16,0,0,layered_block,circular,per_chunk,16,16
13895,254584,258416,16,0,0,layered_block,circular,per_chunk,16,16
13896,261041,264875,16,0,0,layered_block,circular,per_chunk,16,16
13897,256291,260209,16,0,0,layered_block,circular,per_chunk,16,16
13898,307250,311541,16,0,0,layered_block,circular,per_chunk,16,16
13899,246166,249958,16,0,0,layered_block,circular,per_chunk,16,16
13900,251834,255750,16,0,0,layered_block,circular,per_chunk,16,16
13901,240041,248250,16,0,0,layered_block,circular,per_chunk,16,16
13902,233083,237000,16,0,0,layered_block,circular,per_chunk,16,16
13903,227000,230834,16,0,0,layered_block,circular,per_chunk,16,16
13904,237583,241417,16,0,0,layered_block,circular,per_chunk,16,16
13905,242459,246333,16,0,0,layered_block,circular,per_chunk,16,16
13906,251125,255000,16,0,0,layered_block,circular,per_chunk,16,16
13907,252000,255875,16,0,0,layered_block,circular,per_chunk,16,16
13908,297875,301959,16,0,0,layered_block,circular,per_chunk,16,16
13909,255625,259458,16,0,0,layered_block,circular,per_chunk,16,16
13910,261000,264875,16,0,0,layered_block,circular,per_chunk,16,16
13911,258333,262209,16,0,0,layered_block,circular,per_chunk,16,16
13912,253750,257625,16,0,0,layered_block,circular,per_chunk,16,16
13913,247584,251375,16,0,0,layered_block,circular,per_chunk,16,16
13914,253250,257083,16,0,0,layered_block,circular,per_chunk,16,16
13915,244750,248583,16,0,0,layered_block,circular,per_chunk,16,16
13916,237750,241625,16,0,0,layered_block,circular,per_chunk,16,16
13917,239916,243750,16,0,0,layered_block,circular,per_chunk,16,16
13918,246000,249875,16,0,0,layered_block,circular,per_chunk,16,16
13919,242875,246917,16,0,0,layered_block,circular,per_chunk,16,16
13920,248416,252416,16,0,0,layered_block,circular,per_chunk,16,16
13921,288458,292500,16,0,0,layered_block,circular,per_chunk,16,16
13922,246833,250708,16,0,0,layered_block,circular,per_chunk,16,16
13923,247250,251083,16,0,0,layered_block,circular,per_chunk,16,16
13924,260375,264209,16,0,0,layered_block,circular,per_chunk,16,16
13925,263333,267167,16,0,0,layered_block,circular,per_chunk,16,16
13926,253292,257167,16,0,0,layered_block,circular,per_chunk,16,16
13927,248000,251875,16,0,0,layered_block,circular,per_chunk,16,16
13928,253083,256875,16,0,0,layered_block,circular,per_chunk,16,16
13929,245583,249417,16,0,0,layered_block,circular,per_chunk,16,16
13930,235042,239042,16,0,0,layered_block,circular,per_chunk,16,16
13931,244208,248042,16,0,0,layered_block,circular,per_chunk,16,16
13932,243666,247500,16,0,0,layered_block,circular,per_chunk,16,16
13933,245791,249667,16,0,0,layered_block,circular,per_chunk,16,16
13934,248667,252542,16,0,0,layered_block,circular,per_chunk,16,16
13935,245667,249625,16,0,0,layered_block,circular,per_chunk,16,16
13936,246750,250584,16,0,0,layered_block,circular,per_chunk,16,16
13937,246375,250250,16,0,0,layered_block,circular,per_chunk,16,16
13938,257250,261125,16,0,0,layered_block,circular,per_chunk,16,16
13939,257917,261792,16,0,0,layered_block,circular,per_chunk,16,16
13940,254709,258541,16,0,0,layered_block,circular,per_chunk,16,16
13941,296542,300625,16,0,0,layered_block,circular,per_chunk,16,16
13942,252084,255958,16,0,0,layered_block,circular,per_chunk,16,16
13943,288875,292916,16,0,0,layered_block,circular,per_chunk,16,16
13944,235291,239125,16,0,0,layered_block,circular,per_chunk,16,16
13945,244000,247917,16,0,0,layered_block,circular,per_chunk,16,16
13946,251208,255084,16,0,0,layered_block,circular,per_chunk,16,16
13947,254500,258375,16,0,0,layered_block,circular,per_chunk,16,16
13948,249083,253041,16,0,0,layered_block,circular,per_chunk,16,16
13949,251083,254917,16,0,0,layered_block,circular,per_chunk,16,16
13950,250375,254250,16,0,0,layered_block,circular,per_chunk,16,16
13951,247625,251500,16,0,0,layered_block,circular,per_chunk,16,16
13952,258542,262416,16,0,0,layered_block,circular,per_chunk,16,16
13953,255792,259750,16,0,0,layered_block,circular,per_chunk,16,16
13954,251792,255667,16,0,0,layered_block,circular,per_chunk,16,16
13955,248458,252333,16,0,0,layered_block,circular,per_chunk,16,16
13956,247958,251875,16,0,0,layered_block,circular,per_chunk,16,16
13957,238917,242833,16,0,0,layered_block,circular,per_chunk,16,16
13958,291584,295750,16,0,0,layered_block,circular,per_chunk,16,16
13959,236666,240666,16,0,0,layered_block,circular,per_chunk,16,16
13960,292334,296458,16,0,0,layered_block,circular,per_chunk,16,16
13961,248042,252334,16,0,0,layered_block,circular,per_chunk,16,16
13962,244375,248333,16,0,0,layered_block,circular,per_chunk,16,16
13963,251375,255250,16,0,0,layered_block,circular,per_chunk,16,16
13964,249250,253083,16,0,0,layered_block,circular,per_chunk,16,16
13965,240916,244792,16,0,0,layered_block,circular,per_chunk,16,16
13966,254958,258917,16,0,0,layered_block,circular,per_chunk,16,16
13967,261208,265083,16,0,0,layered_block,circular,per_chunk,16,16
13968,247250,251250,16,0,0,layered_block,circular,per_chunk,16,16
13969,248916,252792,16,0,0,layered_block,circular,per_chunk,16,16
13970,251541,255459,16,0,0,layered_block,circular,per_chunk,16,16
13971,246875,250750,16,0,0,layered_block,circular,per_chunk,16,16
13972,247208,251042,16,0,0,layered_block,circular,per_chunk,16,16
13973,284250,288291,16,0,0,layered_block,circular,per_chunk,16,16
13974,246500,250459,16,0,0,layered_block,circular,per_chunk,16,16
13975,252083,256084,16,0,0,layered_block,circular,per_chunk,16,16
13976,243667,247583,16,0,0,layered_block,circular,per_chunk,16,16
13977,246750,250625,16,0,0,layered_block,circular,per_chunk,16,16
13978,239083,242917,16,0,0,layered_block,circular,per_chunk,16,16
13979,233292,237166,16,0,0,layered_block,circular,per_chunk,16,16
13980,259709,263625,16,0,0,layered_block,circular,per_chunk,16,16
13981,254584,258541,16,0,0,layered_block,circular,per_chunk,16,16
13982,251500,255375,16,0,0,layered_block,circular,per_chunk,16,16
13983,251083,255000,16,0,0,layered_block,circular,per_chunk,16,16
13984,253792,257625,16,0,0,layered_block,circular,per_chunk,16,16
13985,245292,249125,16,0,0,layered_block,circular,per_chunk,16,16
13986,244750,248792,16,0,0,layered_block,circular,per_chunk,16,16
13987,247416,251334,16,0,0,layered_block,circular,per_chunk,16,16
13988,290875,295125,16,0,0,layered_block,circular,per_chunk,16,16
13989,243917,247875,16,0,0,layered_block,circular,per_chunk,16,16
13990,244208,248125,16,0,0,layered_block,circular,per_chunk,16,16
13991,249917,253833,16,0,0,layered_block,circular,per_chunk,16,16
13992,225000,229042,16,0,0,layered_block,circular,per_chunk,16,16
13993,239000,242958,16,0,0,layered_block,circular,per_chunk,16,16
13994,260500,264375,16,0,0,layered_block,circular,per_chunk,16,16
13995,255417,259334,16,0,0,layered_block,circular,per_chunk,16,16
13996,255250,259167,16,0,0,layered_block,circular,per_chunk,16,16
13997,249417,253208,16,0,0,layered_block,circular,per_chunk,16,16
13998,251916,255750,16,0,0,layered_block,circular,per_chunk,16,16
13999,245917,249792,16,0,0,layered_block,circular,per_chunk,16,16
14000,244042,247959,16,0,0,layered_block,circular,per_chunk,16,16
14001,33650083,33656167,16,1,0,layered_block,circular,per_chunk,16,16
14002,246958,250917,16,0,0,layered_block,circular,per_chunk,16,16
14003,244417,248250,16,0,0,layered_block,circular,per_chunk,16,16
14004,253583,257459,16,0,0,layered_block,circular,per_chunk,16,16
14005,241291,245250,16,0,0,layered_block,circular,per_chunk,16,16
14006,239125,243125,16,0,0,layered_block,circular,per_chunk,16,16
14007,241417,249791,16,0,0,layered_block,circular,per_chunk,16,16
14008,260459,264416,16,0,0,layered_block,circular,per_chunk,16,16
14009,259542,263416,16,0,0,layered_block,circular,per_chunk,16,16
14010,253750,257625,16,0,0,layered_block,circular,per_chunk,16,16
14011,250041,253917,16,0,0,layered_block,circular,per_chunk,16,16
14012,252208,256083,16,0,0,layered_block,circular,per_chunk,16,16
14013,249917,253833,16,0,0,layered_block,circular,per_chunk,16,16
14014,247833,251709,16,0,0,layered_block,circular,per_chunk,16,16
14015,295042,299042,16,0,0,layered_block,circular,per_chunk,16,16
14016,243709,247625,16,0,0,layered_block,circular,per_chunk,16,16
14017,242250,246209,16,0,0,layered_block,circular,per_chunk,16,16
14018,251583,255459,16,0,0,layered_block,circular,per_chunk,16,16
14019,242458,246375,16,0,0,layered_block,circular,per_chunk,16,16
14020,239958,243792,16,0,0,layered_block,circular,per_chunk,16,16
14021,248666,252667,16,0,0,layered_block,circular,per_chunk,16,16
14022,258417,262292,16,0,0,layered_block,circular,per_chunk,16,16
14023,254750,258792,16,0,0,layered_block,circular,per_chunk,16,16
14024,251583,255417,16,0,0,layered_block,circular,per_chunk,16,16
14025,250709,254583,16,0,0,layered_block,circular,per_chunk,16,16
14026,248250,256209,16,0,0,layered_block,circular,per_chunk,16,16
14027,249333,253208,16,0,0,layered_block,circular,per_chunk,16,16
14028,246584,250458,16,0,0,layered_block,circular,per_chunk,16,16
14029,247167,251042,16,0,0,layered_block,circular,per_chunk,16,16
14030,244916,248834,16,0,0,layered_block,circular,per_chunk,16,16
14031,244292,248208,16,0,0,layered_block,circular,per_chunk,16,16
14032,250708,254625,16,0,0,layered_block,circular,per_chunk,16,16
14033,230667,234541,16,0,0,layered_block,circular,per_chunk,16,16
14034,245666,249583,16,0,0,layered_block,circular,per_chunk,16,16
14035,245834,249666,16,0,0,layered_block,circular,per_chunk,16,16
14036,252542,256459,16,0,0,layered_block,circular,per_chunk,16,16
14037,259292,263125,16,0,0,layered_block,circular,per_chunk,16,16
14038,252791,256625,16,0,0,layered_block,circular,per_chunk,16,16
14039,251458,255292,16,0,0,layered_block,circular,per_chunk,16,16
14040,253042,256875,16,0,0,layered_block,circular,per_chunk,16,16
14041,250791,254708,16,0,0,layered_block,circular,per_chunk,16,16
14042,252667,256458,16,0,0,layered_block,circular,per_chunk,16,16
14043,250416,296792,16,0,0,layered_block,circular,per_chunk,16,16
14044,249958,253834,16,0,0,layered_block,circular,per_chunk,16,16
14045,294625,298666,16,0,0,layered_block,circular,per_chunk,16,16
14046,247000,250916,16,0,0,layered_block,circular,per_chunk,16,16
14047,280167,284250,16,0,0,layered_block,circular,per_chunk,16,16
14048,242375,246417,16,0,0,layered_block,circular,per_chunk,16,16
14049,294542,298584,16,0,0,layered_block,circular,per_chunk,16,16
14050,259125,263000,16,0,0,layered_block,circular,per_chunk,16,16
14051,259167,263000,16,0,0,layered_block,circular,per_chunk,16,16
14052,254625,258459,16,0,0,layered_block,circular,per_chunk,16,16
14053,249375,253250,16,0,0,layered_block,circular,per_chunk,16,16
14054,251041,254875,16,0,0,layered_block,circular,per_chunk,16,16
14055,247167,251333,16,0,0,layered_block,circular,per_chunk,16,16
14056,251125,254917,16,0,0,layered_block,circular,per_chunk,16,16
14057,249458,253292,16,0,0,layered_block,circular,per_chunk,16,16
14058,292583,296667,16,0,0,layered_block,circular,per_chunk,16,16
14059,247041,250917,16,0,0,layered_block,circular,per_chunk,16,16
14060,280667,285833,16,0,0,layered_block,circular,per_chunk,16,16
14061,242084,245875,16,0,0,layered_block,circular,per_chunk,16,16
14062,287167,291250,16,0,0,layered_block,circular,per_chunk,16,16
14063,247125,250958,16,0,0,layered_block,circular,per_chunk,16,16
14064,259792,263708,16,0,0,layered_block,circular,per_chunk,16,16
14065,254125,257958,16,0,0,layered_block,circular,per_chunk,16,16
14066,257542,261375,16,0,0,layered_block,circular,per_chunk,16,16
14067,251041,254875,16,0,0,layered_block,circular,per_chunk,16,16
14068,249542,253459,16,0,0,layered_block,circular,per_chunk,16,16
14069,244875,249208,16,0,0,layered_block,circular,per_chunk,16,16
14070,246833,250875,16,0,0,layered_block,circular,per_chunk,16,16
14071,242834,246625,16,0,0,layered_block,circular,per_chunk,16,16
14072,242667,246584,16,0,0,layered_block,circular,per_chunk,16,16
14073,247791,251625,16,0,0,layered_block,circular,per_chunk,16,16
14074,244042,247875,16,0,0,layered_block,circular,per_chunk,16,16
14075,239500,243333,16,0,0,layered_block,circular,per_chunk,16,16
14076,239292,243209,16,0,0,layered_block,circular,per_chunk,16,16
14077,249916,253708,16,0,0,layered_block,circular,per_chunk,16,16
14078,252125,256042,16,0,0,layered_block,circular,per_chunk,16,16
14079,260000,263791,16,0,0,layered_block,circular,per_chunk,16,16
14080,256250,260083,16,0,0,layered_block,circular,per_chunk,16,16
14081,247541,251500,16,0,0,layered_block,circular,per_chunk,16,16
14082,248208,252083,16,0,0,layered_block,circular,per_chunk,16,16
14083,253583,257459,16,0,0,layered_block,circular,per_chunk,16,16
14084,242583,246375,16,0,0,layered_block,circular,per_chunk,16,16
14085,243500,247333,16,0,0,layered_block,circular,per_chunk,16,16
14086,248167,252042,16,0,0,layered_block,circular,per_chunk,16,16
14087,239375,243291,16,0,0,layered_block,circular,per_chunk,16,16
14088,245542,249375,16,0,0,layered_block,circular,per_chunk,16,16
14089,233958,237833,16,0,0,layered_block,circular,per_chunk,16,16
14090,233167,237084,16,0,0,layered_block,circular,per_chunk,16,16
14091,246583,250459,16,0,0,layered_block,circular,per_chunk,16,16
14092,256750,260584,16,0,0,layered_block,circular,per_chunk,16,16
14093,252666,256625,16,0,0,layered_block,circular,per_chunk,16,16
14094,260250,264208,16,0,0,layered_block,circular,per_chunk,16,16
14095,251458,255292,16,0,0,layered_block,circular,per_chunk,16,16
14096,250750,254625,16,0,0,layered_block,circular,per_chunk,16,16
14097,248125,251917,16,0,0,layered_block,circular,per_chunk,16,16
14098,239917,243917,16,0,0,layered_block,circular,per_chunk,16,16
14099,247375,251208,16,0,0,layered_block,circular,per_chunk,16,16
14100,249125,252959,16,0,0,layered_block,circular,per_chunk,16,16
14101,237000,240834,16,0,0,layered_block,circular,per_chunk,16,16
14102,245167,249000,16,0,0,layered_block,circular,per_chunk,16,16
14103,230167,234041,16,0,0,layered_block,circular,per_chunk,16,16
14104,245458,249375,16,0,0,layered_block,circular,per_chunk,16,16
14105,249125,253000,16,0,0,layered_block,circular,per_chunk,16,16
14106,256000,259875,16,0,0,layered_block,circular,per_chunk,16,16
14107,257792,261667,16,0,0,layered_block,circular,per_chunk,16,16
14108,255667,259583,16,0,0,layered_block,circular,per_chunk,16,16
14109,300750,305125,16,0,0,layered_block,circular,per_chunk,16,16
14110,253750,257667,16,0,0,layered_block,circular,per_chunk,16,16
14111,250417,254250,16,0,0,layered_block,circular,per_chunk,16,16
14112,245250,249125,16,0,0,layered_block,circular,per_chunk,16,16
14113,241917,245833,16,0,0,layered_block,circular,per_chunk,16,16
14114,248000,251833,16,0,0,layered_block,circular,per_chunk,16,16
14115,246250,250125,16,0,0,layered_block,circular,per_chunk,16,16
14116,236667,240541,16,0,0,layered_block,circular,per_chunk,16,16
14117,261334,265458,16,0,0,layered_block,circular,per_chunk,16,16
14118,240750,244750,16,0,0,layered_block,circular,per_chunk,16,16
14119,248708,252542,16,0,0,layered_block,circular,per_chunk,16,16
14120,254541,258375,16,0,0,layered_block,circular,per_chunk,16,16
14121,251000,254958,16,0,0,layered_block,circular,per_chunk,16,16
14122,257000,260875,16,0,0,layered_block,circular,per_chunk,16,16
14123,253167,257042,16,0,0,layered_block,circular,per_chunk,16,16
14124,249333,253333,16,0,0,layered_block,circular,per_chunk,16,16
14125,243667,247583,16,0,0,layered_block,circular,per_chunk,16,16
14126,244042,247958,16,0,0,layered_block,circular,per_chunk,16,16
14127,247417,251334,16,0,0,layered_block,circular,per_chunk,16,16
14128,239958,243958,16,0,0,layered_block,circular,per_chunk,16,16
14129,245292,249208,16,0,0,layered_block,circular,per_chunk,16,16
14130,232542,236375,16,0,0,layered_block,circular,per_chunk,16,16
14131,229166,233042,16,0,0,layered_block,circular,per_chunk,16,16
14132,248666,252583,16,0,0,layered_block,circular,per_chunk,16,16
14133,247125,251000,16,0,0,layered_block,circular,per_chunk,16,16
14134,255667,259542,16,0,0,layered_block,circular,per_chunk,16,16
14135,253542,257458,16,0,0,layered_block,circular,per_chunk,16,16
14136,257417,261250,16,0,0,layered_block,circular,per_chunk,16,16
14137,247375,251208,16,0,0,layered_block,circular,per_chunk,16,16
14138,294958,299084,16,0,0,layered_block,circular,per_chunk,16,16
14139,240916,244834,16,0,0,layered_block,circular,per_chunk,16,16
14140,248667,252583,16,0,0,layered_block,circular,per_chunk,16,16
14141,244500,248417,16,0,0,layered_block,circular,per_chunk,16,16
14142,243500,247417,16,0,0,layered_block,circular,per_chunk,16,16
14143,246125,249958,16,0,0,layered_block,circular,per_chunk,16,16
14144,241750,245708,16,0,0,layered_block,circular,per_chunk,16,16
14145,235125,239084,16,0,0,layered_block,circular,per_chunk,16,16
14146,290125,294500,16,0,0,layered_block,circular,per_chunk,16,16
14147,242542,246500,16,0,0,layered_block,circular,per_chunk,16,16
14148,250666,254583,16,0,0,layered_block,circular,per_chunk,16,16
14149,256542,260416,16,0,0,layered_block,circular,per_chunk,16,16
14150,256959,260833,16,0,0,layered_block,circular,per_chunk,16,16
14151,246041,249958,16,0,0,layered_block,circular,per_chunk,16,16
14152,247208,251208,16,0,0,layered_block,circular,per_chunk,16,16
14153,242875,250875,16,0,0,layered_block,circular,per_chunk,16,16
14154,245542,249375,16,0,0,layered_block,circular,per_chunk,16,16
14155,233959,238250,16,0,0,layered_block,circular,per_chunk,16,16
14156,247083,250958,16,0,0,layered_block,circular,per_chunk,16,16
14157,239125,242958,16,0,0,layered_block,circular,per_chunk,16,16
14158,235708,239583,16,0,0,layered_block,circular,per_chunk,16,16
14159,241167,245042,16,0,0,layered_block,circular,per_chunk,16,16
14160,242250,246125,16,0,0,layered_block,circular,per_chunk,16,16
14161,247000,250917,16,0,0,layered_block,circular,per_chunk,16,16
14162,256250,260167,16,0,0,layered_block,circular,per_chunk,16,16
14163,253542,257459,16,0,0,layered_block,circular,per_chunk,16,16
14164,261542,265459,16,0,0,layered_block,circular,per_chunk,16,16
14165,253209,257041,16,0,0,layered_block,circular,per_chunk,16,16
14166,246459,250417,16,0,0,layered_block,circular,per_chunk,16,16
14167,248000,251958,16,0,0,layered_block,circular,per_chunk,16,16
14168,242041,245959,16,0,0,layered_block,circular,per_chunk,16,16
14169,235750,239625,16,0,0,layered_block,circular,per_chunk,16,16
14170,250792,254666,16,0,0,layered_block,circular,per_chunk,16,16
14171,240041,243875,16,0,0,layered_block,circular,per_chunk,16,16
14172,234333,238292,16,0,0,layered_block,circular,per_chunk,16,16
14173,232292,236250,16,0,0,layered_block,circular,per_chunk,16,16
14174,247958,251792,16,0,0,layered_block,circular,per_chunk,16,16
14175,248959,253083,16,0,0,layered_block,circular,per_chunk,16,16
14176,254125,258000,16,0,0,layered_block,circular,per_chunk,16,16
14177,254833,258875,16,0,0,layered_block,circular,per_chunk,16,16
14178,256917,260791,16,0,0,layered_block,circular,per_chunk,16,16
14179,251625,255500,16,0,0,layered_block,circular,per_chunk,16,16
14180,246417,250375,16,0,0,layered_block,circular,per_chunk,16,16
14181,291584,295625,16,0,0,layered_block,circular,per_chunk,16,16
14182,238584,242458,16,0,0,layered_block,circular,per_chunk,16,16
14183,280792,284917,16,0,0,layered_block,circular,per_chunk,16,16
14184,246000,249875,16,0,0,layered_block,circular,per_chunk,16,16
14185,231708,235625,16,0,0,layered_block,circular,per_chunk,16,16
14186,230667,234541,16,0,0,layered_block,circular,per_chunk,16,16
14187,232875,236750,16,0,0,layered_block,circular,per_chunk,16,16
14188,243084,246958,16,0,0,layered_block,circular,per_chunk,16,16
14189,253542,257458,16,0,0,layered_block,circular,per_chunk,16,16
14190,253458,257375,16,0,0,layered_block,circular,per_chunk,16,16
14191,255542,259458,16,0,0,layered_block,circular,per_chunk,16,16
14192,257417,261292,16,0,0,layered_block,circular,per_chunk,16,16
14193,256916,260833,16,0,0,layered_block,circular,per_chunk,16,16
14194,249541,253375,16,0,0,layered_block,circular,per_chunk,16,16
14195,249625,253542,16,0,0,layered_block,circular,per_chunk,16,16
14196,236584,240416,16,0,0,layered_block,circular,per_chunk,16,16
14197,238542,242541,16,0,0,layered_block,circular,per_chunk,16,16
14198,245042,248917,16,0,0,layered_block,circular,per_chunk,16,16
14199,239291,243167,16,0,0,layered_block,circular,per_chunk,16,16
14200,233000,236833,16,0,0,layered_block,circular,per_chunk,16,16
14201,242916,246750,16,0,0,layered_block,circular,per_chunk,16,16
14202,235667,239542,16,0,0,layered_block,circular,per_chunk,16,16
14203,248917,252833,16,0,0,layered_block,circular,per_chunk,16,16
14204,245750,249625,16,0,0,layered_block,circular,per_chunk,16,16
14205,257417,261333,16,0,0,layered_block,circular,per_chunk,16,16
14206,256958,260792,16,0,0,layered_block,circular,per_chunk,16,16
14207,253583,257417,16,0,0,layered_block,circular,per_chunk,16,16
14208,251792,255542,16,0,0,layered_block,circular,per_chunk,16,16
14209,250125,254000,16,0,0,layered_block,circular,per_chunk,16,16
14210,241958,245792,16,0,0,layered_block,circular,per_chunk,16,16
14211,242959,246875,16,0,0,layered_block,circular,per_chunk,16,16
14212,243792,247625,16,0,0,layered_block,circular,per_chunk,16,16
14213,234458,238375,16,0,0,layered_block,circular,per_chunk,16,16
14214,233917,237708,16,0,0,layered_block,circular,per_chunk,16,16
14215,244000,247875,16,0,0,layered_block,circular,per_chunk,16,16
14216,238500,242417,16,0,0,layered_block,circular,per_chunk,16,16
14217,247708,256167,16,0,0,layered_block,circular,per_chunk,16,16
14218,248500,252333,16,0,0,layered_block,circular,per_chunk,16,16
14219,250875,254791,16,0,0,layered_block,circular,per_chunk,16,16
14220,258500,262417,16,0,0,layered_block,circular,per_chunk,16,16
14221,251084,254834,16,0,0,layered_block,circular,per_chunk,16,16
14222,250834,254750,16,0,0,layered_block,circular,per_chunk,16,16
14223,245875,249708,16,0,0,layered_block,circular,per_chunk,16,16
14224,239042,242958,16,0,0,layered_block,circular,per_chunk,16,16
14225,244833,248667,16,0,0,layered_block,circular,per_chunk,16,16
14226,241542,245458,16,0,0,layered_block,circular,per_chunk,16,16
14227,236500,240333,16,0,0,layered_block,circular,per_chunk,16,16
14228,284958,289000,16,0,0,layered_block,circular,per_chunk,16,16
14229,239250,243208,16,0,0,layered_block,circular,per_chunk,16,16
14230,292166,296417,16,0,0,layered_block,circular,per_chunk,16,16
14231,243416,247250,16,0,0,layered_block,circular,per_chunk,16,16
14232,254500,258417,16,0,0,layered_block,circular,per_chunk,16,16
14233,255750,259583,16,0,0,layered_block,circular,per_chunk,16,16
14234,257000,260875,16,0,0,layered_block,circular,per_chunk,16,16
14235,248375,252291,16,0,0,layered_block,circular,per_chunk,16,16
14236,250750,254583,16,0,0,layered_block,circular,per_chunk,16,16
14237,238500,242750,16,0,0,layered_block,circular,per_chunk,16,16
14238,247708,251542,16,0,0,layered_block,circular,per_chunk,16,16
14239,236250,240125,16,0,0,layered_block,circular,per_chunk,16,16
14240,243209,247083,16,0,0,layered_block,circular,per_chunk,16,16
14241,232083,235958,16,0,0,layered_block,circular,per_chunk,16,16
14242,244833,248667,16,0,0,layered_block,circular,per_chunk,16,16
14243,237417,241209,16,0,0,layered_block,circular,per_chunk,16,16
14244,245416,249375,16,0,0,layered_block,circular,per_chunk,16,16
14245,244792,248625,16,0,0,layered_block,circular,per_chunk,16,16
14246,253916,257750,16,0,0,layered_block,circular,per_chunk,16,16
14247,255041,258875,16,0,0,layered_block,circular,per_chunk,16,16
14248,255583,259417,16,0,0,layered_block,circular,per_chunk,16,16
14249,259292,263500,16,0,0,layered_block,circular,per_chunk,16,16
14250,250458,254291,16,0,0,layered_block,circular,per_chunk,16,16
14251,246000,249875,16,0,0,layered_block,circular,per_chunk,16,16
14252,241667,249750,16,0,0,layered_block,circular,per_chunk,16,16
14253,242208,246125,16,0,0,layered_block,circular,per_chunk,16,16
14254,238875,242708,16,0,0,layered_block,circular,per_chunk,16,16
14255,240667,244541,16,0,0,layered_block,circular,per_chunk,16,16
14256,239125,243084,16,0,0,layered_block,circular,per_chunk,16,16
14257,245375,249292,16,0,0,layered_block,circular,per_chunk,16,16
14258,252000,255875,16,0,0,layered_block,circular,per_chunk,16,16
14259,246583,250417,16,0,0,layered_block,circular,per_chunk,16,16
14260,248167,252000,16,0,0,layered_block,circular,per_chunk,16,16
14261,253917,257791,16,0,0,layered_block,circular,per_chunk,16,16
14262,254541,258417,16,0,0,layered_block,circular,per_chunk,16,16
14263,252000,256000,16,0,0,layered_block,circular,per_chunk,16,16
14264,244125,248041,16,0,0,layered_block,circular,per_chunk,16,16
14265,245459,249459,16,0,0,layered_block,circular,per_chunk,16,16
14266,289292,293500,16,0,0,layered_block,circular,per_chunk,16,16
14267,245042,248958,16,0,0,layered_block,circular,per_chunk,16,16
14268,286791,291042,16,0,0,layered_block,circular,per_chunk,16,16
14269,245167,249125,16,0,0,layered_block,circular,per_chunk,16,16
14270,281291,285708,16,0,0,layered_block,circular,per_chunk,16,16
14271,245083,248917,16,0,0,layered_block,circular,per_chunk,16,16
14272,296000,300125,16,0,0,layered_block,circular,per_chunk,16,16
14273,249792,253750,16,0,0,layered_block,circular,per_chunk,16,16
14274,250000,253916,16,0,0,layered_block,circular,per_chunk,16,16
14275,251209,255041,16,0,0,layered_block,circular,per_chunk,16,16
14276,255250,259125,16,0,0,layered_block,circular,per_chunk,16,16
14277,257208,261083,16,0,0,layered_block,circular,per_chunk,16,16
14278,243666,247542,16,0,0,layered_block,circular,per_chunk,16,16
14279,247375,251208,16,0,0,layered_block,circular,per_chunk,16,16
14280,242667,246500,16,0,0,layered_block,circular,per_chunk,16,16
14281,243917,247791,16,0,0,layered_block,circular,per_chunk,16,16
14282,241084,244916,16,0,0,layered_block,circular,per_chunk,16,16
14283,247417,251292,16,0,0,layered_block,circular,per_chunk,16,16
14284,245416,249292,16,0,0,layered_block,circular,per_chunk,16,16
14285,243041,247000,16,0,0,layered_block,circular,per_chunk,16,16
14286,244667,248625,16,0,0,layered_block,circular,per_chunk,16,16
14287,246084,250042,16,0,0,layered_block,circular,per_chunk,16,16
14288,244166,248083,16,0,0,layered_block,circular,per_chunk,16,16
14289,254875,300875,16,0,0,layered_block,circular,per_chunk,16,16
14290,255375,259250,16,0,0,layered_block,circular,per_chunk,16,16
14291,251417,255334,16,0,0,layered_block,circular,per_chunk,16,16
14292,242292,246583,16,0,0,layered_block,circular,per_chunk,16,16
14293,248041,251833,16,0,0,layered_block,circular,per_chunk,16,16
14294,243750,247667,16,0,0,layered_block,circular,per_chunk,16,16
14295,238875,242750,16,0,0,layered_block,circular,per_chunk,16,16
14296,243000,246917,16,0,0,layered_block,circular,per_chunk,16,16
14297,242458,246334,16,0,0,layered_block,circular,per_chunk,16,16
14298,245667,249542,16,0,0,layered_block,circular,per_chunk,16,16
14299,245541,249417,16,0,0,layered_block,circular,per_chunk,16,16
14300,247917,251791,16,0,0,layered_block,circular,per_chunk,16,16
14301,251333,255250,16,0,0,layered_block,circular,per_chunk,16,16
14302,244959,248875,16,0,0,layered_block,circular,per_chunk,16,16
14303,255584,259458,16,0,0,layered_block,circular,per_chunk,16,16
14304,253416,257333,16,0,0,layered_block,circular,per_chunk,16,16
14305,252417,256291,16,0,0,layered_block,circular,per_chunk,16,16
14306,248875,252834,16,0,0,layered_block,circular,per_chunk,16,16
14307,242500,246416,16,0,0,layered_block,circular,per_chunk,16,16
14308,245208,249125,16,0,0,layered_block,circular,per_chunk,16,16
14309,241833,245667,16,0,0,layered_block,circular,per_chunk,16,16
14310,246750,250625,16,0,0,layered_block,circular,per_chunk,16,16
14311,245917,249833,16,0,0,layered_block,circular,per_chunk,16,16
14312,248000,251916,16,0,0,layered_block,circular,per_chunk,16,16
14313,244833,248791,16,0,0,layered_block,circular,per_chunk,16,16
14314,243750,247666,16,0,0,layered_block,circular,per_chunk,16,16
14315,251792,255666,16,0,0,layered_block,circular,per_chunk,16,16
14316,247750,251625,16,0,0,layered_block,circular,per_chunk,16,16
14317,254666,258542,16,0,0,layered_block,circular,per_chunk,16,16
14318,248625,252500,16,0,0,layered_block,circular,per_chunk,16,16
14319,257750,261625,16,0,0,layered_block,circular,per_chunk,16,16
14320,245833,249750,16,0,0,layered_block,circular,per_chunk,16,16
14321,246709,250541,16,0,0,layered_block,circular,per_chunk,16,16
14322,298250,302291,16,0,0,layered_block,circular,per_chunk,16,16
14323,238792,242666,16,0,0,layered_block,circular,per_chunk,16,16
14324,295708,299792,16,0,0,layered_block,circular,per_chunk,16,16
14325,246458,250334,16,0,0,layered_block,circular,per_chunk,16,16
14326,249375,253292,16,0,0,layered_block,circular,per_chunk,16,16
14327,242958,246958,16,0,0,layered_block,circular,per_chunk,16,16
14328,245000,248834,16,0,0,layered_block,circular,per_chunk,16,16
14329,249583,253500,16,0,0,layered_block,circular,per_chunk,16,16
14330,247167,251042,16,0,0,layered_block,circular,per_chunk,16,16
14331,245542,249458,16,0,0,layered_block,circular,per_chunk,16,16
14332,249042,252959,16,0,0,layered_block,circular,per_chunk,16,16
14333,256833,260667,16,0,0,layered_block,circular,per_chunk,16,16
14334,250000,253917,16,0,0,layered_block,circular,per_chunk,16,16
14335,238667,242500,16,0,0,layered_block,circular,per_chunk,16,16
14336,243583,247459,16,0,0,layered_block,circular,per_chunk,16,16
14337,237667,241625,16,0,0,layered_block,circular,per_chunk,16,16
14338,246875,250792,16,0,0,layered_block,circular,per_chunk,16,16
14339,245167,291083,16,0,0,layered_block,circular,per_chunk,16,16
14340,251042,254916,16,0,0,layered_block,circular,per_chunk,16,16
14341,283708,288167,16,0,0,layered_block,circular,per_chunk,16,16
14342,247083,251000,16,0,0,layered_block,circular,per_chunk,16,16
14343,289375,293416,16,0,0,layered_block,circular,per_chunk,16,16
14344,241291,245250,16,0,0,layered_block,circular,per_chunk,16,16
14345,253917,257791,16,0,0,layered_block,circular,per_chunk,16,16
14346,249250,253667,16,0,0,layered_block,circular,per_chunk,16,16
14347,256625,260500,16,0,0,layered_block,circular,per_chunk,16,16
14348,250709,254583,16,0,0,layered_block,circular,per_chunk,16,16
14349,240750,244667,16,0,0,layered_block,circular,per_chunk,16,16
14350,243584,247458,16,0,0,layered_block,circular,per_chunk,16,16
14351,242375,246250,16,0,0,layered_block,circular,per_chunk,16,16
14352,243959,247792,16,0,0,layered_block,circular,per_chunk,16,16
14353,247458,251333,16,0,0,layered_block,circular,per_chunk,16,16
14354,242834,246750,16,0,0,layered_block,circular,per_chunk,16,16
14355,242292,246125,16,0,0,layered_block,circular,per_chunk,16,16
14356,248625,252417,16,0,0,layered_block,circular,per_chunk,16,16
14357,241250,245209,16,0,0,layered_block,circular,per_chunk,16,16
14358,245792,249667,16,0,0,layered_block,circular,per_chunk,16,16
14359,250791,254667,16,0,0,layered_block,circular,per_chunk,16,16
14360,254917,258750,16,0,0,layered_block,circular,per_chunk,16,16
14361,254583,258417,16,0,0,layered_block,circular,per_chunk,16,16
14362,297417,301584,16,0,0,layered_block,circular,per_chunk,16,16
14363,246958,250792,16,0,0,layered_block,circular,per_chunk,16,16
14364,251166,255375,16,0,0,layered_block,circular,per_chunk,16,16
14365,243209,247375,16,0,0,layered_block,circular,per_chunk,16,16
14366,247750,251625,16,0,0,layered_block,circular,per_chunk,16,16
14367,242875,246708,16,0,0,layered_block,circular,per_chunk,16,16
14368,243500,247375,16,0,0,layered_block,circular,per_chunk,16,16
14369,243875,247750,16,0,0,layered_block,circular,per_chunk,16,16
14370,249708,253584,16,0,0,layered_block,circular,per_chunk,16,16
14371,246916,250792,16,0,0,layered_block,circular,per_chunk,16,16
14372,245500,249375,16,0,0,layered_block,circular,per_chunk,16,16
14373,250083,253959,16,0,0,layered_block,circular,per_chunk,16,16
14374,254041,257958,16,0,0,layered_block,circular,per_chunk,16,16
14375,256375,260209,16,0,0,layered_block,circular,per_chunk,16,16
14376,245583,249459,16,0,0,layered_block,circular,per_chunk,16,16
14377,245791,249667,16,0,0,layered_block,circular,per_chunk,16,16
14378,250000,253834,16,0,0,layered_block,circular,per_chunk,16,16
14379,247250,251084,16,0,0,layered_block,circular,per_chunk,16,16
14380,238958,242917,16,0,0,layered_block,circular,per_chunk,16,16
14381,249291,253167,16,0,0,layered_block,circular,per_chunk,16,16
14382,243667,247459,16,0,0,layered_block,circular,per_chunk,16,16
14383,239375,243542,16,0,0,layered_block,circular,per_chunk,16,16
14384,247250,251042,16,0,0,layered_block,circular,per_chunk,16,16
14385,284916,289292,16,0,0,layered_block,circular,per_chunk,16,16
14386,244250,248084,16,0,0,layered_block,circular,per_chunk,16,16
14387,291542,295667,16,0,0,layered_block,circular,per_chunk,16,16
14388,253917,257750,16,0,0,layered_block,circular,per_chunk,16,16
14389,255750,259708,16,0,0,layered_block,circular,per_chunk,16,16
14390,247167,251042,16,0,0,layered_block,circular,per_chunk,16,16
14391,245750,249542,16,0,0,layered_block,circular,per_chunk,16,16
14392,247667,251583,16,0,0,layered_block,circular,per_chunk,16,16
14393,248042,251917,16,0,0,layered_block,circular,per_chunk,16,16
14394,240208,244083,16,0,0,layered_block,circular,per_chunk,16,16
14395,249084,252916,16,0,0,layered_block,circular,per_chunk,16,16
14396,244042,247875,16,0,0,layered_block,circular,per_chunk,16,16
14397,241416,245375,16,0,0,layered_block,circular,per_chunk,16,16
14398,246583,250416,16,0,0,layered_block,circular,per_chunk,16,16
14399,246834,250666,16,0,0,layered_block,circular,per_chunk,16,16
14400,241084,245000,16,0,0,layered_block,circular,per_chunk,16,16
14401,245667,249459,16,0,0,layered_block,circular,per_chunk,16,16
14402,253250,257083,16,0,0,layered_block,circular,per_chunk,16,16
14403,250708,254625,16,0,0,layered_block,circular,per_chunk,16,16
14404,302500,306583,16,0,0,layered_block,circular,per_chunk,16,16
14405,239333,243333,16,0,0,layered_block,circular,per_chunk,16,16
14406,294958,299000,16,0,0,layered_block,circular,per_chunk,16,16
14407,246834,250666,16,0,0,layered_block,circular,per_chunk,16,16
14408,248500,252375,16,0,0,layered_block,circular,per_chunk,16,16
14409,242750,246625,16,0,0,layered_block,circular,per_chunk,16,16
14410,244833,248666,16,0,0,layered_block,circular,per_chunk,16,16
14411,248458,252292,16,0,0,layered_block,circular,per_chunk,16,16
14412,238792,242667,16,0,0,layered_block,circular,per_chunk,16,16
14413,246375,250167,16,0,0,layered_block,circular,per_chunk,16,16
14414,245750,249667,16,0,0,layered_block,circular,per_chunk,16,16
14415,244791,248667,16,0,0,layered_block,circular,per_chunk,16,16
14416,254709,258541,16,0,0,layered_block,circular,per_chunk,16,16
14417,251042,254958,16,0,0,layered_block,circular,per_chunk,16,16
14418,254208,258042,16,0,0,layered_block,circular,per_chunk,16,16
14419,245292,249167,16,0,0,layered_block,circular,per_chunk,16,16
14420,252000,255875,16,0,0,layered_block,circular,per_chunk,16,16
14421,244916,248875,16,0,0,layered_block,circular,per_chunk,16,16
14422,243708,247625,16,0,0,layered_block,circular,per_chunk,16,16
14423,289750,293959,16,0,0,layered_block,circular,per_chunk,16,16
14424,244292,248208,16,0,0,layered_block,circular,per_chunk,16,16
14425,305500,309792,16,0,0,layered_block,circular,per_chunk,16,16
14426,246958,250833,16,0,0,layered_block,circular,per_chunk,16,16
14427,286875,290875,16,0,0,layered_block,circular,per_chunk,16,16
14428,238916,242792,16,0,0,layered_block,circular,per_chunk,16,16
14429,288750,292792,16,0,0,layered_block,circular,per_chunk,16,16
14430,246250,250125,16,0,0,layered_block,circular,per_chunk,16,16
14431,255083,258959,16,0,0,layered_block,circular,per_chunk,16,16
14432,256417,260291,16,0,0,layered_block,circular,per_chunk,16,16
14433,248208,252125,16,0,0,layered_block,circular,per_chunk,16,16
14434,250875,254750,16,0,0,layered_block,circular,per_chunk,16,16
14435,249541,253500,16,0,0,layered_block,circular,per_chunk,16,16
14436,247375,251250,16,0,0,layered_block,circular,per_chunk,16,16
14437,239708,243708,16,0,0,layered_block,circular,per_chunk,16,16
14438,244958,248834,16,0,0,layered_block,circular,per_chunk,16,16
14439,243417,247333,16,0,0,layered_block,circular,per_chunk,16,16
14440,247459,251333,16,0,0,layered_block,circular,per_chunk,16,16
14441,240833,244750,16,0,0,layered_block,circular,per_chunk,16,16
14442,245416,249292,16,0,0,layered_block,circular,per_chunk,16,16
14443,246459,250291,16,0,0,layered_block,circular,per_chunk,16,16
14444,252292,256125,16,0,0,layered_block,circular,per_chunk,16,16
14445,255417,259250,16,0,0,layered_block,circular,per_chunk,16,16
14446,304875,309250,16,0,0,layered_block,circular,per_chunk,16,16
14447,250250,254083,16,0,0,layered_block,circular,per_chunk,16,16
14448,250125,254041,16,0,0,layered_block,circular,per_chunk,16,16
14449,243666,247541,16,0,0,layered_block,circular,per_chunk,16,16
14450,241250,245167,16,0,0,layered_block,circular,per_chunk,16,16
14451,243084,246958,16,0,0,layered_block,circular,per_chunk,16,16
14452,240250,244291,16,0,0,layered_block,circular,per_chunk,16,16
14453,239458,243334,16,0,0,layered_block,circular,per_chunk,16,16
14454,241875,245833,16,0,0,layered_block,circular,per_chunk,16,16
14455,240625,244417,16,0,0,layered_block,circular,per_chunk,16,16
14456,245417,249250,16,0,0,layered_block,circular,per_chunk,16,16
14457,245875,249750,16,0,0,layered_block,circular,per_chunk,16,16
14458,244541,248417,16,0,0,layered_block,circular,per_chunk,16,16
14459,248542,252416,16,0,0,layered_block,circular,per_chunk,16,16
14460,255916,259792,16,0,0,layered_block,circular,per_chunk,16,16
14461,251125,255000,16,0,0,layered_block,circular,per_chunk,16,16
14462,250125,254000,16,0,0,layered_block,circular,per_chunk,16,16
14463,250458,254334,16,0,0,layered_block,circular,per_chunk,16,16
14464,244583,248584,16,0,0,layered_block,circular,per_chunk,16,16
14465,238625,242500,16,0,0,layered_block,circular,per_chunk,16,16
14466,236625,240625,16,0,0,layered_block,circular,per_chunk,16,16
14467,239500,243417,16,0,0,layered_block,circular,per_chunk,16,16
14468,246375,250250,16,0,0,layered_block,circular,per_chunk,16,16
14469,237541,241375,16,0,0,layered_block,circular,per_chunk,16,16
14470,242542,246416,16,0,0,layered_block,circular,per_chunk,16,16
14471,240709,244625,16,0,0,layered_block,circular,per_chunk,16,16
14472,244000,247958,16,0,0,layered_block,circular,per_chunk,16,16
14473,254792,258708,16,0,0,layered_block,circular,per_chunk,16,16
14474,256083,259959,16,0,0,layered_block,circular,per_chunk,16,16
14475,299708,303709,16,0,0,layered_block,circular,per_chunk,16,16
14476,244750,248750,16,0,0,layered_block,circular,per_chunk,16,16
14477,250459,254291,16,0,0,layered_block,circular,per_chunk,16,16
14478,241292,245125,16,0,0,layered_block,circular,per_chunk,16,16
14479,242625,246542,16,0,0,layered_block,circular,per_chunk,16,16
14480,241917,245792,16,0,0,layered_block,circular,per_chunk,16,16
14481,241875,245750,16,0,0,layered_block,circular,per_chunk,16,16
14482,239208,243125,16,0,0,layered_block,circular,per_chunk,16,16
14483,242375,246250,16,0,0,layered_block,circular,per_chunk,16,16
14484,235458,239417,16,0,0,layered_block,circular,per_chunk,16,16
14485,246666,250542,16,0,0,layered_block,circular,per_chunk,16,16
14486,247625,251583,16,0,0,layered_block,circular,per_chunk,16,16
14487,254542,258375,16,0,0,layered_block,circular,per_chunk,16,16
14488,256250,260083,16,0,0,layered_block,circular,per_chunk,16,16
14489,296959,301167,16,0,0,layered_block,circular,per_chunk,16,16
14490,243500,247416,16,0,0,layered_block,circular,per_chunk,16,16
14491,245500,249458,16,0,0,layered_block,circular,per_chunk,16,16
14492,242291,246167,16,0,0,layered_block,circular,per_chunk,16,16
14493,242209,246041,16,0,0,layered_block,circular,per_chunk,16,16
14494,235958,239875,16,0,0,layered_block,circular,per_chunk,16,16
14495,286875,290917,16,0,0,layered_block,circular,per_chunk,16,16
14496,244875,248708,16,0,0,layered_block,circular,per_chunk,16,16
14497,284750,288750,16,0,0,layered_block,circular,per_chunk,16,16
14498,268417,272500,16,0,0,layered_block,circular,per_chunk,16,16
14499,291417,295583,16,0,0,layered_block,circular,per_chunk,16,16
14500,241667,249709,16,0,0,layered_block,circular,per_chunk,16,16
14501,251375,255292,16,0,0,layered_block,circular,per_chunk,16,16
14502,251042,254916,16,0,0,layered_block,circular,per_chunk,16,16
14503,254125,258000,16,0,0,layered_block,circular,per_chunk,16,16
14504,247083,250875,16,0,0,layered_block,circular,per_chunk,16,16
14505,249042,252958,16,0,0,layered_block,circular,per_chunk,16,16
14506,239292,243250,16,0,0,layered_block,circular,per_chunk,16,16
14507,231291,235292,16,0,0,layered_block,circular,per_chunk,16,16
14508,237875,241750,16,0,0,layered_block,circular,per_chunk,16,16
14509,243334,247208,16,0,0,layered_block,circular,per_chunk,16,16
14510,243750,247584,16,0,0,layered_block,circular,per_chunk,16,16
14511,241291,245125,16,0,0,layered_block,circular,per_chunk,16,16
14512,237417,241209,16,0,0,layered_block,circular,per_chunk,16,16
14513,245666,249583,16,0,0,layered_block,circular,per_chunk,16,16
14514,243208,247042,16,0,0,layered_block,circular,per_chunk,16,16
14515,254375,258209,16,0,0,layered_block,circular,per_chunk,16,16
14516,255166,259042,16,0,0,layered_block,circular,per_chunk,16,16
14517,249708,253625,16,0,0,layered_block,circular,per_chunk,16,16
14518,286458,290584,16,0,0,layered_block,circular,per_chunk,16,16
14519,247042,250916,16,0,0,layered_block,circular,per_chunk,16,16
14520,244958,248833,16,0,0,layered_block,circular,per_chunk,16,16
14521,230459,234333,16,0,0,layered_block,circular,per_chunk,16,16
14522,232625,236541,16,0,0,layered_block,circular,per_chunk,16,16
14523,238083,242000,16,0,0,layered_block,circular,per_chunk,16,16
14524,243917,247750,16,0,0,layered_block,circular,per_chunk,16,16
14525,238791,242667,16,0,0,layered_block,circular,per_chunk,16,16
14526,242500,246292,16,0,0,layered_block,circular,per_chunk,16,16
14527,239917,243833,16,0,0,layered_block,circular,per_chunk,16,16
14528,236209,240041,16,0,0,layered_block,circular,per_chunk,16,16
14529,249000,252958,16,0,0,layered_block,circular,per_chunk,16,16
14530,298500,302667,16,0,0,layered_block,circular,per_chunk,16,16
14531,252292,256084,16,0,0,layered_block,circular,per_chunk,16,16
14532,242166,246166,16,0,0,layered_block,circular,per_chunk,16,16
14533,245166,249042,16,0,0,layered_block,circular,per_chunk,16,16
14534,244000,247834,16,0,0,layered_block,circular,per_chunk,16,16
14535,220250,224083,16,0,0,layered_block,circular,per_chunk,16,16
14536,241667,245542,16,0,0,layered_block,circular,per_chunk,16,16
14537,241167,245041,16,0,0,layered_block,circular,per_chunk,16,16
14538,242958,246834,16,0,0,layered_block,circular,per_chunk,16,16
14539,243709,247583,16,0,0,layered_block,circular,per_chunk,16,16
14540,241458,245250,16,0,0,layered_block,circular,per_chunk,16,16
14541,237792,241709,16,0,0,layered_block,circular,per_chunk,16,16
14542,241041,245000,16,0,0,layered_block,circular,per_chunk,16,16
14543,248750,252708,16,0,0,layered_block,circular,per_chunk,16,16
14544,253667,257500,16,0,0,layered_block,circular,per_chunk,16,16
14545,250750,254750,16,0,0,layered_block,circular,per_chunk,16,16
14546,315292,319417,16,0,0,layered_block,circular,per_chunk,16,16
14547,239375,243250,16,0,0,layered_block,circular,per_chunk,16,16
14548,248708,252625,16,0,0,layered_block,circular,per_chunk,16,16
14549,233667,237542,16,0,0,layered_block,circular,per_chunk,16,16
14550,238375,242250,16,0,0,layered_block,circular,per_chunk,16,16
14551,243500,247375,16,0,0,layered_block,circular,per_chunk,16,16
14552,238458,242791,16,0,0,layered_block,circular,per_chunk,16,16
14553,234833,238708,16,0,0,layered_block,circular,per_chunk,16,16
14554,247042,250958,16,0,0,layered_block,circular,per_chunk,16,16
14555,238459,242291,16,0,0,layered_block,circular,per_chunk,16,16
14556,288042,292250,16,0,0,layered_block,circular,per_chunk,16,16
14557,255458,259333,16,0,0,layered_block,circular,per_chunk,16,16
14558,247917,251791,16,0,0,layered_block,circular,per_chunk,16,16
14559,257083,260917,16,0,0,layered_block,circular,per_chunk,16,16
14560,244625,248500,16,0,0,layered_block,circular,per_chunk,16,16
14561,236375,240333,16,0,0,layered_block,circular,per_chunk,16,16
14562,245375,249250,16,0,0,layered_block,circular,per_chunk,16,16
14563,233375,237209,16,0,0,layered_block,circular,per_chunk,16,16
14564,243625,247458,16,0,0,layered_block,circular,per_chunk,16,16
14565,236833,240708,16,0,0,layered_block,circular,per_chunk,16,16
14566,264625,268750,16,0,0,layered_block,circular,per_chunk,16,16
14567,236375,240250,16,0,0,layered_block,circular,per_chunk,16,16
14568,243500,247375,16,0,0,layered_block,circular,per_chunk,16,16
14569,237667,241583,16,0,0,layered_block,circular,per_chunk,16,16
14570,244291,248167,16,0,0,layered_block,circular,per_chunk,16,16
14571,254875,258750,16,0,0,layered_block,circular,per_chunk,16,16
14572,253834,257708,16,0,0,layered_block,circular,per_chunk,16,16
14573,255041,258875,16,0,0,layered_block,circular,per_chunk,16,16
14574,245167,249000,16,0,0,layered_block,circular,per_chunk,16,16
14575,239917,243750,16,0,0,layered_block,circular,per_chunk,16,16
14576,244667,248500,16,0,0,layered_block,circular,per_chunk,16,16
14577,230375,234209,16,0,0,layered_block,circular,per_chunk,16,16
14578,243250,247167,16,0,0,layered_block,circular,per_chunk,16,16
14579,239541,243417,16,0,0,layered_block,circular,per_chunk,16,16
14580,238708,242666,16,0,0,layered_block,circular,per_chunk,16,16
14581,229541,233458,16,0,0,layered_block,circular,per_chunk,16,16
14582,247708,251625,16,0,0,layered_block,circular,per_chunk,16,16
14583,243041,246917,16,0,0,layered_block,circular,per_chunk,16,16
14584,246375,250250,16,0,0,layered_block,circular,per_chunk,16,16
14585,255917,259792,16,0,0,layered_block,circular,per_chunk,16,16
14586,254000,257917,16,0,0,layered_block,circular,per_chunk,16,16
14587,250625,254583,16,0,0,layered_block,circular,per_chunk,16,16
14588,246500,250375,16,0,0,layered_block,circular,per_chunk,16,16
14589,238000,241958,16,0,0,layered_block,circular,per_chunk,16,16
14590,244625,248458,16,0,0,layered_block,circular,per_chunk,16,16
14591,239333,243250,16,0,0,layered_block,circular,per_chunk,16,16
14592,244875,248791,16,0,0,layered_block,circular,per_chunk,16,16
14593,238667,242542,16,0,0,layered_block,circular,per_chunk,16,16
14594,238458,242375,16,0,0,layered_block,circular,per_chunk,16,16
14595,240083,243959,16,0,0,layered_block,circular,per_chunk,16,16
14596,245541,249375,16,0,0,layered_block,circular,per_chunk,16,16
14597,243625,247500,16,0,0,layered_block,circular,per_chunk,16,16
14598,241334,249542,16,0,0,layered_block,circular,per_chunk,16,16
14599,249584,253416,16,0,0,layered_block,circular,per_chunk,16,16
14600,254708,258583,16,0,0,layered_block,circular,per_chunk,16,16
14601,250542,254500,16,0,0,layered_block,circular,per_chunk,16,16
14602,242833,246833,16,0,0,layered_block,circular,per_chunk,16,16
14603,239334,243292,16,0,0,layered_block,circular,per_chunk,16,16
14604,242167,246084,16,0,0,layered_block,circular,per_chunk,16,16
14605,244167,248084,16,0,0,layered_block,circular,per_chunk,16,16
14606,236792,240792,16,0,0,layered_block,circular,per_chunk,16,16
14607,285125,289125,16,0,0,layered_block,circular,per_chunk,16,16
14608,245875,249708,16,0,0,layered_block,circular,per_chunk,16,16
14609,291625,295667,16,0,0,layered_block,circular,per_chunk,16,16
14610,243791,247667,16,0,0,layered_block,circular,per_chunk,16,16
14611,293708,298041,16,0,0,layered_block,circular,per_chunk,16,16
14612,240333,244250,16,0,0,layered_block,circular,per_chunk,16,16
14613,244375,248292,16,0,0,layered_block,circular,per_chunk,16,16
14614,247750,251708,16,0,0,layered_block,circular,per_chunk,16,16
14615,255584,259458,16,0,0,layered_block,circular,per_chunk,16,16
14616,249958,253792,16,0,0,layered_block,circular,per_chunk,16,16
14617,235708,239667,16,0,0,layered_block,circular,per_chunk,16,16
14618,238708,242625,16,0,0,layered_block,circular,per_chunk,16,16
14619,242542,246417,16,0,0,layered_block,circular,per_chunk,16,16
14620,238708,242625,16,0,0,layered_block,circular,per_chunk,16,16
14621,237959,241833,16,0,0,layered_block,circular,per_chunk,16,16
14622,245416,249250,16,0,0,layered_block,circular,per_chunk,16,16
14623,236875,240875,16,0,0,layered_block,circular,per_chunk,16,16
14624,243000,246917,16,0,0,layered_block,circular,per_chunk,16,16
14625,242625,246625,16,0,0,layered_block,circular,per_chunk,16,16
14626,243834,247708,16,0,0,layered_block,circular,per_chunk,16,16
14627,237125,241000,16,0,0,layered_block,circular,per_chunk,16,16
14628,252667,256583,16,0,0,layered_block,circular,per_chunk,16,16
14629,250125,254000,16,0,0,layered_block,circular,per_chunk,16,16
14630,251750,255708,16,0,0,layered_block,circular,per_chunk,16,16
14631,239042,243000,16,0,0,layered_block,circular,per_chunk,16,16
14632,247167,251000,16,0,0,layered_block,circular,per_chunk,16,16
14633,236333,244541,16,0,0,layered_block,circular,per_chunk,16,16
14634,233459,237333,16,0,0,layered_block,circular,per_chunk,16,16
14635,242542,246458,16,0,0,layered_block,circular,per_chunk,16,16
14636,241209,245167,16,0,0,layered_block,circular,per_chunk,16,16
14637,241500,245375,16,0,0,layered_block,circular,per_chunk,16,16
14638,238042,242000,16,0,0,layered_block,circular,per_chunk,16,16
14639,248750,252583,16,0,0,layered_block,circular,per_chunk,16,16
14640,244709,248541,16,0,0,layered_block,circular,per_chunk,16,16
14641,241083,245000,16,0,0,layered_block,circular,per_chunk,16,16
14642,250666,254583,16,0,0,layered_block,circular,per_chunk,16,16
14643,247541,251417,16,0,0,layered_block,circular,per_chunk,16,16
14644,252708,256625,16,0,0,layered_block,circular,per_chunk,16,16
14645,240333,244209,16,0,0,layered_block,circular,per_chunk,16,16
14646,246125,250041,16,0,0,layered_block,circular,per_chunk,16,16
14647,239750,243708,16,0,0,layered_block,circular,per_chunk,16,16
14648,239833,243667,16,0,0,layered_block,circular,per_chunk,16,16
14649,243791,247667,16,0,0,layered_block,circular,per_chunk,16,16
14650,242166,246000,16,0,0,layered_block,circular,per_chunk,16,16
14651,245708,249583,16,0,0,layered_block,circular,per_chunk,16,16
14652,237416,241333,16,0,0,layered_block,circular,per_chunk,16,16
14653,247208,251041,16,0,0,layered_block,circular,per_chunk,16,16
14654,235084,238958,16,0,0,layered_block,circular,per_chunk,16,16
14655,242875,246750,16,0,0,layered_block,circular,per_chunk,16,16
14656,253625,257458,16,0,0,layered_block,circular,per_chunk,16,16
14657,252667,256500,16,0,0,layered_block,circular,per_chunk,16,16
14658,253917,257792,16,0,0,layered_block,circular,per_chunk,16,16
14659,235625,239583,16,0,0,layered_block,circular,per_chunk,16,16
14660,246791,250667,16,0,0,layered_block,circular,per_chunk,16,16
14661,240000,243916,16,0,0,layered_block,circular,per_chunk,16,16
14662,240042,243833,16,0,0,layered_block,circular,per_chunk,16,16
14663,244708,248583,16,0,0,layered_block,circular,per_chunk,16,16
14664,242167,246042,16,0,0,layered_block,circular,per_chunk,16,16
14665,245666,249500,16,0,0,layered_block,circular,per_chunk,16,16
14666,245291,249167,16,0,0,layered_block,circular,per_chunk,16,16
14667,240417,244709,16,0,0,layered_block,circular,per_chunk,16,16
14668,241708,245666,16,0,0,layered_block,circular,per_chunk,16,16
14669,248041,251917,16,0,0,layered_block,circular,per_chunk,16,16
14670,253042,256875,16,0,0,layered_block,circular,per_chunk,16,16
14671,291667,295791,16,0,0,layered_block,circular,per_chunk,16,16
14672,249291,253291,16,0,0,layered_block,circular,per_chunk,16,16
14673,240041,244041,16,0,0,layered_block,circular,per_chunk,16,16
14674,241875,245750,16,0,0,layered_block,circular,per_chunk,16,16
14675,245167,249000,16,0,0,layered_block,circular,per_chunk,16,16
14676,236959,240917,16,0,0,layered_block,circular,per_chunk,16,16
14677,247959,251833,16,0,0,layered_block,circular,per_chunk,16,16
14678,240250,244125,16,0,0,layered_block,circular,per_chunk,16,16
14679,289333,293334,16,0,0,layered_block,circular,per_chunk,16,16
14680,242250,246583,16,0,0,layered_block,circular,per_chunk,16,16
14681,290459,294459,16,0,0,layered_block,circular,per_chunk,16,16
14682,240583,244500,16,0,0,layered_block,circular,per_chunk,16,16
14683,281083,285208,16,0,0,layered_block,circular,per_chunk,16,16
14684,235333,239209,16,0,0,layered_block,circular,per_chunk,16,16
14685,240208,244084,16,0,0,layered_block,circular,per_chunk,16,16
14686,241833,245667,16,0,0,layered_block,circular,per_chunk,16,16
14687,234000,237916,16,0,0,layered_block,circular,per_chunk,16,16
14688,243375,247250,16,0,0,layered_block,circular,per_chunk,16,16
14689,237500,241375,16,0,0,layered_block,circular,per_chunk,16,16
14690,238417,242250,16,0,0,layered_block,circular,per_chunk,16,16
14691,228375,232208,16,0,0,layered_block,circular,per_chunk,16,16
14692,227708,231625,16,0,0,layered_block,circular,per_chunk,16,16
14693,223625,227584,16,0,0,layered_block,circular,per_chunk,16,16
14694,239167,242959,16,0,0,layered_block,circular,per_chunk,16,16
14695,233875,237750,16,0,0,layered_block,circular,per_chunk,16,16
14696,225875,229667,16,0,0,layered_block,circular,per_chunk,16,16
14697,222458,226458,16,0,0,layered_block,circular,per_chunk,16,16
14698,220167,224041,16,0,0,layered_block,circular,per_chunk,16,16
14699,206291,210292,16,0,0,layered_block,circular,per_chunk,16,16
