
 /----------------------------------------------------------------------------\
 |  yosys -- Yosys Open SYnthesis Suite                                       |
 |  Copyright (C) 2012 - 2024  Claire Xenia Wolf <claire@yosyshq.com>         |
 |  Distributed under an ISC-like license, type "license" to see terms        |
 \----------------------------------------------------------------------------/
 Yosys 0.42 (git sha1 9b6afcf3f, clang++ 15.0.0 -fPIC -Os)

-- Running command `read_verilog "/Users/adarmaori/Desktop/Final Project/FPGA/conv1d_large_4mult.v" "large_conv_reports_k32/conv1d_large_4mult_k32/conv1d_large_engine.v" "conv1d_large_benchmark_top.v"; chparam -set KERNEL_TAPS 32 conv1d_large_benchmark_top; synth_ice40 -top conv1d_large_benchmark_top -json large_conv_reports_k32/conv1d_large_4mult_k32/conv.json' --

1. Executing Verilog-2005 frontend: /Users/adarmaori/Desktop/Final Project/FPGA/conv1d_large_4mult.v
Parsing Verilog input from `/Users/adarmaori/Desktop/Final Project/FPGA/conv1d_large_4mult.v' to AST representation.
Generating RTLIL representation for module `\conv1d_large_4mult'.
Warning: Replacing memory \tap with list of registers. See /Users/adarmaori/Desktop/Final$20Project/FPGA/conv1d_large_4mult.v:55
Warning: Replacing memory \history with list of registers. See /Users/adarmaori/Desktop/Final$20Project/FPGA/conv1d_large_4mult.v:52
Successfully finished Verilog frontend.

2. Executing Verilog-2005 frontend: large_conv_reports_k32/conv1d_large_4mult_k32/conv1d_large_engine.v
Parsing Verilog input from `large_conv_reports_k32/conv1d_large_4mult_k32/conv1d_large_engine.v' to AST representation.
Generating RTLIL representation for module `\conv1d_large_engine'.
Successfully finished Verilog frontend.

3. Executing Verilog-2005 frontend: conv1d_large_benchmark_top.v
Parsing Verilog input from `conv1d_large_benchmark_top.v' to AST representation.
Generating RTLIL representation for module `\conv1d_large_benchmark_top'.
Successfully finished Verilog frontend.
Parameter \KERNEL_TAPS = 32

4. Executing AST frontend in derive mode using pre-parsed AST for module `\conv1d_large_benchmark_top'.
Parameter \KERNEL_TAPS = 32
Generating RTLIL representation for module `$paramod\conv1d_large_benchmark_top\KERNEL_TAPS=32'00000000000000000000000000100000'.

5. Executing SYNTH_ICE40 pass.

5.1. Executing Verilog-2005 frontend: /opt/homebrew/bin/../share/yosys/ice40/cells_sim.v
Parsing Verilog input from `/opt/homebrew/bin/../share/yosys/ice40/cells_sim.v' to AST representation.
Generating RTLIL representation for module `\SB_IO'.
Generating RTLIL representation for module `\SB_GB_IO'.
Generating RTLIL representation for module `\SB_GB'.
Generating RTLIL representation for module `\SB_LUT4'.
Generating RTLIL representation for module `\SB_CARRY'.
Generating RTLIL representation for module `\SB_DFF'.
Generating RTLIL representation for module `\SB_DFFE'.
Generating RTLIL representation for module `\SB_DFFSR'.
Generating RTLIL representation for module `\SB_DFFR'.
Generating RTLIL representation for module `\SB_DFFSS'.
Generating RTLIL representation for module `\SB_DFFS'.
Generating RTLIL representation for module `\SB_DFFESR'.
Generating RTLIL representation for module `\SB_DFFER'.
Generating RTLIL representation for module `\SB_DFFESS'.
Generating RTLIL representation for module `\SB_DFFES'.
Generating RTLIL representation for module `\SB_DFFN'.
Generating RTLIL representation for module `\SB_DFFNE'.
Generating RTLIL representation for module `\SB_DFFNSR'.
Generating RTLIL representation for module `\SB_DFFNR'.
Generating RTLIL representation for module `\SB_DFFNSS'.
Generating RTLIL representation for module `\SB_DFFNS'.
Generating RTLIL representation for module `\SB_DFFNESR'.
Generating RTLIL representation for module `\SB_DFFNER'.
Generating RTLIL representation for module `\SB_DFFNESS'.
Generating RTLIL representation for module `\SB_DFFNES'.
Generating RTLIL representation for module `\SB_RAM40_4K'.
Generating RTLIL representation for module `\SB_RAM40_4KNR'.
Generating RTLIL representation for module `\SB_RAM40_4KNW'.
Generating RTLIL representation for module `\SB_RAM40_4KNRNW'.
Generating RTLIL representation for module `\ICESTORM_LC'.
Generating RTLIL representation for module `\SB_PLL40_CORE'.
Generating RTLIL representation for module `\SB_PLL40_PAD'.
Generating RTLIL representation for module `\SB_PLL40_2_PAD'.
Generating RTLIL representation for module `\SB_PLL40_2F_CORE'.
Generating RTLIL representation for module `\SB_PLL40_2F_PAD'.
Generating RTLIL representation for module `\SB_WARMBOOT'.
Generating RTLIL representation for module `\SB_SPRAM256KA'.
Generating RTLIL representation for module `\SB_HFOSC'.
Generating RTLIL representation for module `\SB_LFOSC'.
Generating RTLIL representation for module `\SB_RGBA_DRV'.
Generating RTLIL representation for module `\SB_LED_DRV_CUR'.
Generating RTLIL representation for module `\SB_RGB_DRV'.
Generating RTLIL representation for module `\SB_I2C'.
Generating RTLIL representation for module `\SB_SPI'.
Generating RTLIL representation for module `\SB_LEDDA_IP'.
Generating RTLIL representation for module `\SB_FILTER_50NS'.
Generating RTLIL representation for module `\SB_IO_I3C'.
Generating RTLIL representation for module `\SB_IO_OD'.
Generating RTLIL representation for module `\SB_MAC16'.
Generating RTLIL representation for module `\ICESTORM_RAM'.
Successfully finished Verilog frontend.

5.2. Executing HIERARCHY pass (managing design hierarchy).

5.2.1. Analyzing design hierarchy..
Top module:  \conv1d_large_benchmark_top
Used module:     \conv1d_large_engine
Used module:         \conv1d_large_4mult
Parameter \SAMPLE_WIDTH = 8
Parameter \WEIGHT_WIDTH = 8
Parameter \ACC_WIDTH = 32
Parameter \DILATION = 1
Parameter \KERNEL_TAPS = 32
Parameter \BIAS = 0

5.2.2. Executing AST frontend in derive mode using pre-parsed AST for module `\conv1d_large_4mult'.
Parameter \SAMPLE_WIDTH = 8
Parameter \WEIGHT_WIDTH = 8
Parameter \ACC_WIDTH = 32
Parameter \DILATION = 1
Parameter \KERNEL_TAPS = 32
Parameter \BIAS = 0
Generating RTLIL representation for module `$paramod$9a5d4607c6d410764a6e490cc9d604d51a78e84a\conv1d_large_4mult'.
Warning: Replacing memory \tap with list of registers. See /Users/adarmaori/Desktop/Final$20Project/FPGA/conv1d_large_4mult.v:55
Warning: Replacing memory \history with list of registers. See /Users/adarmaori/Desktop/Final$20Project/FPGA/conv1d_large_4mult.v:52
Parameter \SAMPLE_WIDTH = 8
Parameter \WEIGHT_WIDTH = 8
Parameter \ACC_WIDTH = 32
Parameter \DILATION = 1
Parameter \KERNEL_TAPS = 32
Parameter \BIAS = 0

5.2.3. Executing AST frontend in derive mode using pre-parsed AST for module `\conv1d_large_engine'.
Parameter \SAMPLE_WIDTH = 8
Parameter \WEIGHT_WIDTH = 8
Parameter \ACC_WIDTH = 32
Parameter \DILATION = 1
Parameter \KERNEL_TAPS = 32
Parameter \BIAS = 0
Generating RTLIL representation for module `$paramod$9a5d4607c6d410764a6e490cc9d604d51a78e84a\conv1d_large_engine'.

5.2.4. Analyzing design hierarchy..
Top module:  \conv1d_large_benchmark_top
Used module:     $paramod$9a5d4607c6d410764a6e490cc9d604d51a78e84a\conv1d_large_engine
Used module:         \conv1d_large_4mult
Parameter \SAMPLE_WIDTH = 8
Parameter \WEIGHT_WIDTH = 8
Parameter \ACC_WIDTH = 32
Parameter \DILATION = 1
Parameter \KERNEL_TAPS = 32
Parameter \BIAS = 0
Found cached RTLIL representation for module `$paramod$9a5d4607c6d410764a6e490cc9d604d51a78e84a\conv1d_large_4mult'.

5.2.5. Analyzing design hierarchy..
Top module:  \conv1d_large_benchmark_top
Used module:     $paramod$9a5d4607c6d410764a6e490cc9d604d51a78e84a\conv1d_large_engine
Used module:         $paramod$9a5d4607c6d410764a6e490cc9d604d51a78e84a\conv1d_large_4mult

5.2.6. Analyzing design hierarchy..
Top module:  \conv1d_large_benchmark_top
Used module:     $paramod$9a5d4607c6d410764a6e490cc9d604d51a78e84a\conv1d_large_engine
Used module:         $paramod$9a5d4607c6d410764a6e490cc9d604d51a78e84a\conv1d_large_4mult
Removing unused module `\conv1d_large_engine'.
Removing unused module `\conv1d_large_4mult'.
Removed 2 unused modules.

5.3. Executing PROC pass (convert processes to netlists).

5.3.1. Executing PROC_CLEAN pass (remove empty switches from decision trees).
Cleaned up 0 empty switches.

5.3.2. Executing PROC_RMDEAD pass (remove dead branches from decision trees).
Marked 1 switch rules as full_case in process $proc$/opt/homebrew/bin/../share/yosys/ice40/cells_sim.v:1414$379 in module SB_DFFNES.
Marked 1 switch rules as full_case in process $proc$/opt/homebrew/bin/../share/yosys/ice40/cells_sim.v:1353$372 in module SB_DFFNESS.
Marked 1 switch rules as full_case in process $proc$/opt/homebrew/bin/../share/yosys/ice40/cells_sim.v:1273$368 in module SB_DFFNER.
Marked 1 switch rules as full_case in process $proc$/opt/homebrew/bin/../share/yosys/ice40/cells_sim.v:1212$361 in module SB_DFFNESR.
Marked 1 switch rules as full_case in process $proc$/opt/homebrew/bin/../share/yosys/ice40/cells_sim.v:1138$358 in module SB_DFFNS.
Marked 1 switch rules as full_case in process $proc$/opt/homebrew/bin/../share/yosys/ice40/cells_sim.v:1088$355 in module SB_DFFNSS.
Marked 1 switch rules as full_case in process $proc$/opt/homebrew/bin/../share/yosys/ice40/cells_sim.v:1017$352 in module SB_DFFNR.
Marked 1 switch rules as full_case in process $proc$/opt/homebrew/bin/../share/yosys/ice40/cells_sim.v:967$349 in module SB_DFFNSR.
Marked 1 switch rules as full_case in process $proc$/opt/homebrew/bin/../share/yosys/ice40/cells_sim.v:803$341 in module SB_DFFES.
Marked 1 switch rules as full_case in process $proc$/opt/homebrew/bin/../share/yosys/ice40/cells_sim.v:742$334 in module SB_DFFESS.
Marked 1 switch rules as full_case in process $proc$/opt/homebrew/bin/../share/yosys/ice40/cells_sim.v:662$330 in module SB_DFFER.
Marked 1 switch rules as full_case in process $proc$/opt/homebrew/bin/../share/yosys/ice40/cells_sim.v:601$323 in module SB_DFFESR.
Marked 1 switch rules as full_case in process $proc$/opt/homebrew/bin/../share/yosys/ice40/cells_sim.v:527$320 in module SB_DFFS.
Marked 1 switch rules as full_case in process $proc$/opt/homebrew/bin/../share/yosys/ice40/cells_sim.v:477$317 in module SB_DFFSS.
Marked 1 switch rules as full_case in process $proc$/opt/homebrew/bin/../share/yosys/ice40/cells_sim.v:406$314 in module SB_DFFR.
Marked 1 switch rules as full_case in process $proc$/opt/homebrew/bin/../share/yosys/ice40/cells_sim.v:356$311 in module SB_DFFSR.
Removed 4 dead cases from process $proc$/Users/adarmaori/Desktop/Final$20Project/FPGA/conv1d_large_4mult.v:49$528 in module $paramod$9a5d4607c6d410764a6e490cc9d604d51a78e84a\conv1d_large_4mult.
Marked 16 switch rules as full_case in process $proc$/Users/adarmaori/Desktop/Final$20Project/FPGA/conv1d_large_4mult.v:49$528 in module $paramod$9a5d4607c6d410764a6e490cc9d604d51a78e84a\conv1d_large_4mult.
Removed a total of 4 dead cases.

5.3.3. Executing PROC_PRUNE pass (remove redundant assignments in processes).
Removed 9 redundant assignments.
Promoted 40 assignments to connections.

5.3.4. Executing PROC_INIT pass (extract init attributes).
Found init rule in `\SB_DFFNES.$proc$/opt/homebrew/bin/../share/yosys/ice40/cells_sim.v:0$382'.
  Set init value: \Q = 1'0
Found init rule in `\SB_DFFNESS.$proc$/opt/homebrew/bin/../share/yosys/ice40/cells_sim.v:0$378'.
  Set init value: \Q = 1'0
Found init rule in `\SB_DFFNER.$proc$/opt/homebrew/bin/../share/yosys/ice40/cells_sim.v:0$371'.
  Set init value: \Q = 1'0
Found init rule in `\SB_DFFNESR.$proc$/opt/homebrew/bin/../share/yosys/ice40/cells_sim.v:0$367'.
  Set init value: \Q = 1'0
Found init rule in `\SB_DFFNS.$proc$/opt/homebrew/bin/../share/yosys/ice40/cells_sim.v:0$360'.
  Set init value: \Q = 1'0
Found init rule in `\SB_DFFNSS.$proc$/opt/homebrew/bin/../share/yosys/ice40/cells_sim.v:0$357'.
  Set init value: \Q = 1'0
Found init rule in `\SB_DFFNR.$proc$/opt/homebrew/bin/../share/yosys/ice40/cells_sim.v:0$354'.
  Set init value: \Q = 1'0
Found init rule in `\SB_DFFNSR.$proc$/opt/homebrew/bin/../share/yosys/ice40/cells_sim.v:0$351'.
  Set init value: \Q = 1'0
Found init rule in `\SB_DFFNE.$proc$/opt/homebrew/bin/../share/yosys/ice40/cells_sim.v:0$348'.
  Set init value: \Q = 1'0
Found init rule in `\SB_DFFN.$proc$/opt/homebrew/bin/../share/yosys/ice40/cells_sim.v:0$346'.
  Set init value: \Q = 1'0
Found init rule in `\SB_DFFES.$proc$/opt/homebrew/bin/../share/yosys/ice40/cells_sim.v:0$344'.
  Set init value: \Q = 1'0
Found init rule in `\SB_DFFESS.$proc$/opt/homebrew/bin/../share/yosys/ice40/cells_sim.v:0$340'.
  Set init value: \Q = 1'0
Found init rule in `\SB_DFFER.$proc$/opt/homebrew/bin/../share/yosys/ice40/cells_sim.v:0$333'.
  Set init value: \Q = 1'0
Found init rule in `\SB_DFFESR.$proc$/opt/homebrew/bin/../share/yosys/ice40/cells_sim.v:0$329'.
  Set init value: \Q = 1'0
Found init rule in `\SB_DFFS.$proc$/opt/homebrew/bin/../share/yosys/ice40/cells_sim.v:0$322'.
  Set init value: \Q = 1'0
Found init rule in `\SB_DFFSS.$proc$/opt/homebrew/bin/../share/yosys/ice40/cells_sim.v:0$319'.
  Set init value: \Q = 1'0
Found init rule in `\SB_DFFR.$proc$/opt/homebrew/bin/../share/yosys/ice40/cells_sim.v:0$316'.
  Set init value: \Q = 1'0
Found init rule in `\SB_DFFSR.$proc$/opt/homebrew/bin/../share/yosys/ice40/cells_sim.v:0$313'.
  Set init value: \Q = 1'0
Found init rule in `\SB_DFFE.$proc$/opt/homebrew/bin/../share/yosys/ice40/cells_sim.v:0$310'.
  Set init value: \Q = 1'0
Found init rule in `\SB_DFF.$proc$/opt/homebrew/bin/../share/yosys/ice40/cells_sim.v:0$308'.
  Set init value: \Q = 1'0

5.3.5. Executing PROC_ARST pass (detect async resets in processes).
Found async reset \S in `\SB_DFFNES.$proc$/opt/homebrew/bin/../share/yosys/ice40/cells_sim.v:1414$379'.
Found async reset \R in `\SB_DFFNER.$proc$/opt/homebrew/bin/../share/yosys/ice40/cells_sim.v:1273$368'.
Found async reset \S in `\SB_DFFNS.$proc$/opt/homebrew/bin/../share/yosys/ice40/cells_sim.v:1138$358'.
Found async reset \R in `\SB_DFFNR.$proc$/opt/homebrew/bin/../share/yosys/ice40/cells_sim.v:1017$352'.
Found async reset \S in `\SB_DFFES.$proc$/opt/homebrew/bin/../share/yosys/ice40/cells_sim.v:803$341'.
Found async reset \R in `\SB_DFFER.$proc$/opt/homebrew/bin/../share/yosys/ice40/cells_sim.v:662$330'.
Found async reset \S in `\SB_DFFS.$proc$/opt/homebrew/bin/../share/yosys/ice40/cells_sim.v:527$320'.
Found async reset \R in `\SB_DFFR.$proc$/opt/homebrew/bin/../share/yosys/ice40/cells_sim.v:406$314'.

5.3.6. Executing PROC_ROM pass (convert switches to ROMs).
Converted 0 switches.
<suppressed ~34 debug messages>

5.3.7. Executing PROC_MUX pass (convert decision trees to multiplexers).
Creating decoders for process `\SB_DFFNES.$proc$/opt/homebrew/bin/../share/yosys/ice40/cells_sim.v:0$382'.
Creating decoders for process `\SB_DFFNES.$proc$/opt/homebrew/bin/../share/yosys/ice40/cells_sim.v:1414$379'.
     1/1: $0\Q[0:0]
Creating decoders for process `\SB_DFFNESS.$proc$/opt/homebrew/bin/../share/yosys/ice40/cells_sim.v:0$378'.
Creating decoders for process `\SB_DFFNESS.$proc$/opt/homebrew/bin/../share/yosys/ice40/cells_sim.v:1353$372'.
     1/1: $0\Q[0:0]
Creating decoders for process `\SB_DFFNER.$proc$/opt/homebrew/bin/../share/yosys/ice40/cells_sim.v:0$371'.
Creating decoders for process `\SB_DFFNER.$proc$/opt/homebrew/bin/../share/yosys/ice40/cells_sim.v:1273$368'.
     1/1: $0\Q[0:0]
Creating decoders for process `\SB_DFFNESR.$proc$/opt/homebrew/bin/../share/yosys/ice40/cells_sim.v:0$367'.
Creating decoders for process `\SB_DFFNESR.$proc$/opt/homebrew/bin/../share/yosys/ice40/cells_sim.v:1212$361'.
     1/1: $0\Q[0:0]
Creating decoders for process `\SB_DFFNS.$proc$/opt/homebrew/bin/../share/yosys/ice40/cells_sim.v:0$360'.
Creating decoders for process `\SB_DFFNS.$proc$/opt/homebrew/bin/../share/yosys/ice40/cells_sim.v:1138$358'.
     1/1: $0\Q[0:0]
Creating decoders for process `\SB_DFFNSS.$proc$/opt/homebrew/bin/../share/yosys/ice40/cells_sim.v:0$357'.
Creating decoders for process `\SB_DFFNSS.$proc$/opt/homebrew/bin/../share/yosys/ice40/cells_sim.v:1088$355'.
     1/1: $0\Q[0:0]
Creating decoders for process `\SB_DFFNR.$proc$/opt/homebrew/bin/../share/yosys/ice40/cells_sim.v:0$354'.
Creating decoders for process `\SB_DFFNR.$proc$/opt/homebrew/bin/../share/yosys/ice40/cells_sim.v:1017$352'.
     1/1: $0\Q[0:0]
Creating decoders for process `\SB_DFFNSR.$proc$/opt/homebrew/bin/../share/yosys/ice40/cells_sim.v:0$351'.
Creating decoders for process `\SB_DFFNSR.$proc$/opt/homebrew/bin/../share/yosys/ice40/cells_sim.v:967$349'.
     1/1: $0\Q[0:0]
Creating decoders for process `\SB_DFFNE.$proc$/opt/homebrew/bin/../share/yosys/ice40/cells_sim.v:0$348'.
Creating decoders for process `\SB_DFFNE.$proc$/opt/homebrew/bin/../share/yosys/ice40/cells_sim.v:922$347'.
     1/1: $0\Q[0:0]
Creating decoders for process `\SB_DFFN.$proc$/opt/homebrew/bin/../share/yosys/ice40/cells_sim.v:0$346'.
Creating decoders for process `\SB_DFFN.$proc$/opt/homebrew/bin/../share/yosys/ice40/cells_sim.v:882$345'.
Creating decoders for process `\SB_DFFES.$proc$/opt/homebrew/bin/../share/yosys/ice40/cells_sim.v:0$344'.
Creating decoders for process `\SB_DFFES.$proc$/opt/homebrew/bin/../share/yosys/ice40/cells_sim.v:803$341'.
     1/1: $0\Q[0:0]
Creating decoders for process `\SB_DFFESS.$proc$/opt/homebrew/bin/../share/yosys/ice40/cells_sim.v:0$340'.
Creating decoders for process `\SB_DFFESS.$proc$/opt/homebrew/bin/../share/yosys/ice40/cells_sim.v:742$334'.
     1/1: $0\Q[0:0]
Creating decoders for process `\SB_DFFER.$proc$/opt/homebrew/bin/../share/yosys/ice40/cells_sim.v:0$333'.
Creating decoders for process `\SB_DFFER.$proc$/opt/homebrew/bin/../share/yosys/ice40/cells_sim.v:662$330'.
     1/1: $0\Q[0:0]
Creating decoders for process `\SB_DFFESR.$proc$/opt/homebrew/bin/../share/yosys/ice40/cells_sim.v:0$329'.
Creating decoders for process `\SB_DFFESR.$proc$/opt/homebrew/bin/../share/yosys/ice40/cells_sim.v:601$323'.
     1/1: $0\Q[0:0]
Creating decoders for process `\SB_DFFS.$proc$/opt/homebrew/bin/../share/yosys/ice40/cells_sim.v:0$322'.
Creating decoders for process `\SB_DFFS.$proc$/opt/homebrew/bin/../share/yosys/ice40/cells_sim.v:527$320'.
     1/1: $0\Q[0:0]
Creating decoders for process `\SB_DFFSS.$proc$/opt/homebrew/bin/../share/yosys/ice40/cells_sim.v:0$319'.
Creating decoders for process `\SB_DFFSS.$proc$/opt/homebrew/bin/../share/yosys/ice40/cells_sim.v:477$317'.
     1/1: $0\Q[0:0]
Creating decoders for process `\SB_DFFR.$proc$/opt/homebrew/bin/../share/yosys/ice40/cells_sim.v:0$316'.
Creating decoders for process `\SB_DFFR.$proc$/opt/homebrew/bin/../share/yosys/ice40/cells_sim.v:406$314'.
     1/1: $0\Q[0:0]
Creating decoders for process `\SB_DFFSR.$proc$/opt/homebrew/bin/../share/yosys/ice40/cells_sim.v:0$313'.
Creating decoders for process `\SB_DFFSR.$proc$/opt/homebrew/bin/../share/yosys/ice40/cells_sim.v:356$311'.
     1/1: $0\Q[0:0]
Creating decoders for process `\SB_DFFE.$proc$/opt/homebrew/bin/../share/yosys/ice40/cells_sim.v:0$310'.
Creating decoders for process `\SB_DFFE.$proc$/opt/homebrew/bin/../share/yosys/ice40/cells_sim.v:311$309'.
     1/1: $0\Q[0:0]
Creating decoders for process `\SB_DFF.$proc$/opt/homebrew/bin/../share/yosys/ice40/cells_sim.v:0$308'.
Creating decoders for process `\SB_DFF.$proc$/opt/homebrew/bin/../share/yosys/ice40/cells_sim.v:271$307'.
Creating decoders for process `$paramod$9a5d4607c6d410764a6e490cc9d604d51a78e84a\conv1d_large_4mult.$proc$/Users/adarmaori/Desktop/Final$20Project/FPGA/conv1d_large_4mult.v:49$528'.
     1/150: $5$mem2reg_rd$\tap$/Users/adarmaori/Desktop/Final$20Project/FPGA/conv1d_large_4mult.v:84$526_DATA[7:0]$644
     2/150: $5\tap_weight$func$/Users/adarmaori/Desktop/Final$20Project/FPGA/conv1d_large_4mult.v:84$522.$result[7:0]$642
     3/150: $7\group_sum[31:0]
     4/150: $4$mem2reg_rd$\tap$/Users/adarmaori/Desktop/Final$20Project/FPGA/conv1d_large_4mult.v:84$526_DATA[7:0]$639
     5/150: $4$mem2reg_rd$\tap$/Users/adarmaori/Desktop/Final$20Project/FPGA/conv1d_large_4mult.v:84$526_ADDR[4:0]$638
     6/150: $4\tap_weight$func$/Users/adarmaori/Desktop/Final$20Project/FPGA/conv1d_large_4mult.v:84$522.$result[7:0]$636
     7/150: $4\tap_weight$func$/Users/adarmaori/Desktop/Final$20Project/FPGA/conv1d_large_4mult.v:84$522.weight_index[31:0]$637
     8/150: $5$mem2reg_rd$\tap$/Users/adarmaori/Desktop/Final$20Project/FPGA/conv1d_large_4mult.v:84$525_DATA[7:0]$631
     9/150: $5\tap_weight$func$/Users/adarmaori/Desktop/Final$20Project/FPGA/conv1d_large_4mult.v:84$521.$result[7:0]$629
    10/150: $6\group_sum[31:0]
    11/150: $4$mem2reg_rd$\tap$/Users/adarmaori/Desktop/Final$20Project/FPGA/conv1d_large_4mult.v:84$525_DATA[7:0]$626
    12/150: $4$mem2reg_rd$\tap$/Users/adarmaori/Desktop/Final$20Project/FPGA/conv1d_large_4mult.v:84$525_ADDR[4:0]$625
    13/150: $4\tap_weight$func$/Users/adarmaori/Desktop/Final$20Project/FPGA/conv1d_large_4mult.v:84$521.$result[7:0]$623
    14/150: $4\tap_weight$func$/Users/adarmaori/Desktop/Final$20Project/FPGA/conv1d_large_4mult.v:84$521.weight_index[31:0]$624
    15/150: $5$mem2reg_rd$\tap$/Users/adarmaori/Desktop/Final$20Project/FPGA/conv1d_large_4mult.v:84$524_DATA[7:0]$618
    16/150: $5\tap_weight$func$/Users/adarmaori/Desktop/Final$20Project/FPGA/conv1d_large_4mult.v:84$520.$result[7:0]$616
    17/150: $5\group_sum[31:0]
    18/150: $4$mem2reg_rd$\tap$/Users/adarmaori/Desktop/Final$20Project/FPGA/conv1d_large_4mult.v:84$524_DATA[7:0]$613
    19/150: $4$mem2reg_rd$\tap$/Users/adarmaori/Desktop/Final$20Project/FPGA/conv1d_large_4mult.v:84$524_ADDR[4:0]$612
    20/150: $4\tap_weight$func$/Users/adarmaori/Desktop/Final$20Project/FPGA/conv1d_large_4mult.v:84$520.$result[7:0]$610
    21/150: $4\tap_weight$func$/Users/adarmaori/Desktop/Final$20Project/FPGA/conv1d_large_4mult.v:84$520.weight_index[31:0]$611
    22/150: $5$mem2reg_rd$\tap$/Users/adarmaori/Desktop/Final$20Project/FPGA/conv1d_large_4mult.v:84$523_DATA[7:0]$605
    23/150: $5\tap_weight$func$/Users/adarmaori/Desktop/Final$20Project/FPGA/conv1d_large_4mult.v:84$519.$result[7:0]$603
    24/150: $4\group_sum[31:0]
    25/150: $4$mem2reg_rd$\tap$/Users/adarmaori/Desktop/Final$20Project/FPGA/conv1d_large_4mult.v:84$523_DATA[7:0]$600
    26/150: $4$mem2reg_rd$\tap$/Users/adarmaori/Desktop/Final$20Project/FPGA/conv1d_large_4mult.v:84$523_ADDR[4:0]$599
    27/150: $4\tap_weight$func$/Users/adarmaori/Desktop/Final$20Project/FPGA/conv1d_large_4mult.v:84$519.$result[7:0]$597
    28/150: $4\tap_weight$func$/Users/adarmaori/Desktop/Final$20Project/FPGA/conv1d_large_4mult.v:84$519.weight_index[31:0]$598
    29/150: $3\i[31:0]
    30/150: $3$mem2reg_rd$\tap$/Users/adarmaori/Desktop/Final$20Project/FPGA/conv1d_large_4mult.v:84$526_DATA[7:0]$594
    31/150: $3$mem2reg_rd$\tap$/Users/adarmaori/Desktop/Final$20Project/FPGA/conv1d_large_4mult.v:84$526_ADDR[4:0]$593
    32/150: $3\tap_weight$func$/Users/adarmaori/Desktop/Final$20Project/FPGA/conv1d_large_4mult.v:84$522.weight_index[31:0]$586
    33/150: $3\tap_weight$func$/Users/adarmaori/Desktop/Final$20Project/FPGA/conv1d_large_4mult.v:84$522.$result[7:0]$585
    34/150: $3\group_sum[31:0]
    35/150: $3$mem2reg_rd$\tap$/Users/adarmaori/Desktop/Final$20Project/FPGA/conv1d_large_4mult.v:84$525_DATA[7:0]$592
    36/150: $3$mem2reg_rd$\tap$/Users/adarmaori/Desktop/Final$20Project/FPGA/conv1d_large_4mult.v:84$525_ADDR[4:0]$591
    37/150: $3\tap_weight$func$/Users/adarmaori/Desktop/Final$20Project/FPGA/conv1d_large_4mult.v:84$521.weight_index[31:0]$584
    38/150: $3\tap_weight$func$/Users/adarmaori/Desktop/Final$20Project/FPGA/conv1d_large_4mult.v:84$521.$result[7:0]$583
    39/150: $3$mem2reg_rd$\tap$/Users/adarmaori/Desktop/Final$20Project/FPGA/conv1d_large_4mult.v:84$524_DATA[7:0]$590
    40/150: $3$mem2reg_rd$\tap$/Users/adarmaori/Desktop/Final$20Project/FPGA/conv1d_large_4mult.v:84$524_ADDR[4:0]$589
    41/150: $3\tap_weight$func$/Users/adarmaori/Desktop/Final$20Project/FPGA/conv1d_large_4mult.v:84$520.weight_index[31:0]$582
    42/150: $3\tap_weight$func$/Users/adarmaori/Desktop/Final$20Project/FPGA/conv1d_large_4mult.v:84$520.$result[7:0]$581
    43/150: $3$mem2reg_rd$\tap$/Users/adarmaori/Desktop/Final$20Project/FPGA/conv1d_large_4mult.v:84$523_DATA[7:0]$588
    44/150: $3$mem2reg_rd$\tap$/Users/adarmaori/Desktop/Final$20Project/FPGA/conv1d_large_4mult.v:84$523_ADDR[4:0]$587
    45/150: $3\tap_weight$func$/Users/adarmaori/Desktop/Final$20Project/FPGA/conv1d_large_4mult.v:84$519.weight_index[31:0]$580
    46/150: $3\tap_weight$func$/Users/adarmaori/Desktop/Final$20Project/FPGA/conv1d_large_4mult.v:84$519.$result[7:0]$579
    47/150: $2\i[31:0]
    48/150: $2$mem2reg_rd$\tap$/Users/adarmaori/Desktop/Final$20Project/FPGA/conv1d_large_4mult.v:84$526_DATA[7:0]$578
    49/150: $2$mem2reg_rd$\tap$/Users/adarmaori/Desktop/Final$20Project/FPGA/conv1d_large_4mult.v:84$526_ADDR[4:0]$577
    50/150: $2$mem2reg_rd$\tap$/Users/adarmaori/Desktop/Final$20Project/FPGA/conv1d_large_4mult.v:84$525_DATA[7:0]$576
    51/150: $2$mem2reg_rd$\tap$/Users/adarmaori/Desktop/Final$20Project/FPGA/conv1d_large_4mult.v:84$525_ADDR[4:0]$575
    52/150: $2$mem2reg_rd$\tap$/Users/adarmaori/Desktop/Final$20Project/FPGA/conv1d_large_4mult.v:84$524_DATA[7:0]$574
    53/150: $2$mem2reg_rd$\tap$/Users/adarmaori/Desktop/Final$20Project/FPGA/conv1d_large_4mult.v:84$524_ADDR[4:0]$573
    54/150: $2$mem2reg_rd$\tap$/Users/adarmaori/Desktop/Final$20Project/FPGA/conv1d_large_4mult.v:84$523_DATA[7:0]$572
    55/150: $2$mem2reg_rd$\tap$/Users/adarmaori/Desktop/Final$20Project/FPGA/conv1d_large_4mult.v:84$523_ADDR[4:0]$571
    56/150: $2\tap_weight$func$/Users/adarmaori/Desktop/Final$20Project/FPGA/conv1d_large_4mult.v:84$522.weight_index[31:0]$570
    57/150: $2\tap_weight$func$/Users/adarmaori/Desktop/Final$20Project/FPGA/conv1d_large_4mult.v:84$522.$result[7:0]$569
    58/150: $2\tap_weight$func$/Users/adarmaori/Desktop/Final$20Project/FPGA/conv1d_large_4mult.v:84$521.weight_index[31:0]$568
    59/150: $2\tap_weight$func$/Users/adarmaori/Desktop/Final$20Project/FPGA/conv1d_large_4mult.v:84$521.$result[7:0]$567
    60/150: $2\tap_weight$func$/Users/adarmaori/Desktop/Final$20Project/FPGA/conv1d_large_4mult.v:84$520.weight_index[31:0]$566
    61/150: $2\tap_weight$func$/Users/adarmaori/Desktop/Final$20Project/FPGA/conv1d_large_4mult.v:84$520.$result[7:0]$565
    62/150: $2\tap_weight$func$/Users/adarmaori/Desktop/Final$20Project/FPGA/conv1d_large_4mult.v:84$519.weight_index[31:0]$564
    63/150: $2\tap_weight$func$/Users/adarmaori/Desktop/Final$20Project/FPGA/conv1d_large_4mult.v:84$519.$result[7:0]$563
    64/150: $2\group_sum[31:0]
    65/150: $0\output_valid[0:0]
    66/150: $1\group_sum[31:0]
    67/150: $1\i[31:0]
    68/150: $1$mem2reg_rd$\tap$/Users/adarmaori/Desktop/Final$20Project/FPGA/conv1d_large_4mult.v:84$526_DATA[7:0]$560
    69/150: $1$mem2reg_rd$\tap$/Users/adarmaori/Desktop/Final$20Project/FPGA/conv1d_large_4mult.v:84$526_ADDR[4:0]$559
    70/150: $1$mem2reg_rd$\tap$/Users/adarmaori/Desktop/Final$20Project/FPGA/conv1d_large_4mult.v:84$525_DATA[7:0]$558
    71/150: $1$mem2reg_rd$\tap$/Users/adarmaori/Desktop/Final$20Project/FPGA/conv1d_large_4mult.v:84$525_ADDR[4:0]$557
    72/150: $1$mem2reg_rd$\tap$/Users/adarmaori/Desktop/Final$20Project/FPGA/conv1d_large_4mult.v:84$524_DATA[7:0]$556
    73/150: $1$mem2reg_rd$\tap$/Users/adarmaori/Desktop/Final$20Project/FPGA/conv1d_large_4mult.v:84$524_ADDR[4:0]$555
    74/150: $1$mem2reg_rd$\tap$/Users/adarmaori/Desktop/Final$20Project/FPGA/conv1d_large_4mult.v:84$523_DATA[7:0]$554
    75/150: $1$mem2reg_rd$\tap$/Users/adarmaori/Desktop/Final$20Project/FPGA/conv1d_large_4mult.v:84$523_ADDR[4:0]$553
    76/150: $1\tap_weight$func$/Users/adarmaori/Desktop/Final$20Project/FPGA/conv1d_large_4mult.v:84$522.weight_index[31:0]$552
    77/150: $1\tap_weight$func$/Users/adarmaori/Desktop/Final$20Project/FPGA/conv1d_large_4mult.v:84$522.$result[7:0]$551
    78/150: $1\tap_weight$func$/Users/adarmaori/Desktop/Final$20Project/FPGA/conv1d_large_4mult.v:84$521.weight_index[31:0]$550
    79/150: $1\tap_weight$func$/Users/adarmaori/Desktop/Final$20Project/FPGA/conv1d_large_4mult.v:84$521.$result[7:0]$549
    80/150: $1\tap_weight$func$/Users/adarmaori/Desktop/Final$20Project/FPGA/conv1d_large_4mult.v:84$520.weight_index[31:0]$548
    81/150: $1\tap_weight$func$/Users/adarmaori/Desktop/Final$20Project/FPGA/conv1d_large_4mult.v:84$520.$result[7:0]$547
    82/150: $1\tap_weight$func$/Users/adarmaori/Desktop/Final$20Project/FPGA/conv1d_large_4mult.v:84$519.weight_index[31:0]$546
    83/150: $1\tap_weight$func$/Users/adarmaori/Desktop/Final$20Project/FPGA/conv1d_large_4mult.v:84$519.$result[7:0]$545
    84/150: $0\tap[31][7:0]
    85/150: $0\tap[30][7:0]
    86/150: $0\tap[29][7:0]
    87/150: $0\tap[28][7:0]
    88/150: $0\tap[27][7:0]
    89/150: $0\tap[26][7:0]
    90/150: $0\tap[25][7:0]
    91/150: $0\tap[24][7:0]
    92/150: $0\tap[23][7:0]
    93/150: $0\tap[22][7:0]
    94/150: $0\tap[21][7:0]
    95/150: $0\tap[20][7:0]
    96/150: $0\tap[19][7:0]
    97/150: $0\tap[18][7:0]
    98/150: $0\tap[17][7:0]
    99/150: $0\tap[16][7:0]
   100/150: $0\tap[15][7:0]
   101/150: $0\tap[14][7:0]
   102/150: $0\tap[13][7:0]
   103/150: $0\tap[12][7:0]
   104/150: $0\tap[11][7:0]
   105/150: $0\tap[10][7:0]
   106/150: $0\tap[9][7:0]
   107/150: $0\tap[8][7:0]
   108/150: $0\tap[7][7:0]
   109/150: $0\tap[6][7:0]
   110/150: $0\tap[5][7:0]
   111/150: $0\tap[4][7:0]
   112/150: $0\tap[3][7:0]
   113/150: $0\tap[2][7:0]
   114/150: $0\tap[1][7:0]
   115/150: $0\tap[0][7:0]
   116/150: $0\history[30][7:0]
   117/150: $0\history[29][7:0]
   118/150: $0\history[28][7:0]
   119/150: $0\history[27][7:0]
   120/150: $0\history[26][7:0]
   121/150: $0\history[25][7:0]
   122/150: $0\history[24][7:0]
   123/150: $0\history[23][7:0]
   124/150: $0\history[22][7:0]
   125/150: $0\history[21][7:0]
   126/150: $0\history[20][7:0]
   127/150: $0\history[19][7:0]
   128/150: $0\history[18][7:0]
   129/150: $0\history[17][7:0]
   130/150: $0\history[16][7:0]
   131/150: $0\history[15][7:0]
   132/150: $0\history[14][7:0]
   133/150: $0\history[13][7:0]
   134/150: $0\history[12][7:0]
   135/150: $0\history[11][7:0]
   136/150: $0\history[10][7:0]
   137/150: $0\history[9][7:0]
   138/150: $0\history[8][7:0]
   139/150: $0\history[7][7:0]
   140/150: $0\history[6][7:0]
   141/150: $0\history[5][7:0]
   142/150: $0\history[4][7:0]
   143/150: $0\history[3][7:0]
   144/150: $0\history[2][7:0]
   145/150: $0\history[1][7:0]
   146/150: $0\history[0][7:0]
   147/150: $0\busy[0:0]
   148/150: $0\tap_index[15:0]
   149/150: $0\acc[31:0]
   150/150: $0\sample_out[31:0]

5.3.8. Executing PROC_DLATCH pass (convert process syncs to latches).

5.3.9. Executing PROC_DFF pass (convert process syncs to FFs).
Creating register for signal `\SB_DFFNES.\Q' using process `\SB_DFFNES.$proc$/opt/homebrew/bin/../share/yosys/ice40/cells_sim.v:1414$379'.
  created $adff cell `$procdff$1958' with negative edge clock and positive level reset.
Creating register for signal `\SB_DFFNESS.\Q' using process `\SB_DFFNESS.$proc$/opt/homebrew/bin/../share/yosys/ice40/cells_sim.v:1353$372'.
  created $dff cell `$procdff$1959' with negative edge clock.
Creating register for signal `\SB_DFFNER.\Q' using process `\SB_DFFNER.$proc$/opt/homebrew/bin/../share/yosys/ice40/cells_sim.v:1273$368'.
  created $adff cell `$procdff$1960' with negative edge clock and positive level reset.
Creating register for signal `\SB_DFFNESR.\Q' using process `\SB_DFFNESR.$proc$/opt/homebrew/bin/../share/yosys/ice40/cells_sim.v:1212$361'.
  created $dff cell `$procdff$1961' with negative edge clock.
Creating register for signal `\SB_DFFNS.\Q' using process `\SB_DFFNS.$proc$/opt/homebrew/bin/../share/yosys/ice40/cells_sim.v:1138$358'.
  created $adff cell `$procdff$1962' with negative edge clock and positive level reset.
Creating register for signal `\SB_DFFNSS.\Q' using process `\SB_DFFNSS.$proc$/opt/homebrew/bin/../share/yosys/ice40/cells_sim.v:1088$355'.
  created $dff cell `$procdff$1963' with negative edge clock.
Creating register for signal `\SB_DFFNR.\Q' using process `\SB_DFFNR.$proc$/opt/homebrew/bin/../share/yosys/ice40/cells_sim.v:1017$352'.
  created $adff cell `$procdff$1964' with negative edge clock and positive level reset.
Creating register for signal `\SB_DFFNSR.\Q' using process `\SB_DFFNSR.$proc$/opt/homebrew/bin/../share/yosys/ice40/cells_sim.v:967$349'.
  created $dff cell `$procdff$1965' with negative edge clock.
Creating register for signal `\SB_DFFNE.\Q' using process `\SB_DFFNE.$proc$/opt/homebrew/bin/../share/yosys/ice40/cells_sim.v:922$347'.
  created $dff cell `$procdff$1966' with negative edge clock.
Creating register for signal `\SB_DFFN.\Q' using process `\SB_DFFN.$proc$/opt/homebrew/bin/../share/yosys/ice40/cells_sim.v:882$345'.
  created $dff cell `$procdff$1967' with negative edge clock.
Creating register for signal `\SB_DFFES.\Q' using process `\SB_DFFES.$proc$/opt/homebrew/bin/../share/yosys/ice40/cells_sim.v:803$341'.
  created $adff cell `$procdff$1968' with positive edge clock and positive level reset.
Creating register for signal `\SB_DFFESS.\Q' using process `\SB_DFFESS.$proc$/opt/homebrew/bin/../share/yosys/ice40/cells_sim.v:742$334'.
  created $dff cell `$procdff$1969' with positive edge clock.
Creating register for signal `\SB_DFFER.\Q' using process `\SB_DFFER.$proc$/opt/homebrew/bin/../share/yosys/ice40/cells_sim.v:662$330'.
  created $adff cell `$procdff$1970' with positive edge clock and positive level reset.
Creating register for signal `\SB_DFFESR.\Q' using process `\SB_DFFESR.$proc$/opt/homebrew/bin/../share/yosys/ice40/cells_sim.v:601$323'.
  created $dff cell `$procdff$1971' with positive edge clock.
Creating register for signal `\SB_DFFS.\Q' using process `\SB_DFFS.$proc$/opt/homebrew/bin/../share/yosys/ice40/cells_sim.v:527$320'.
  created $adff cell `$procdff$1972' with positive edge clock and positive level reset.
Creating register for signal `\SB_DFFSS.\Q' using process `\SB_DFFSS.$proc$/opt/homebrew/bin/../share/yosys/ice40/cells_sim.v:477$317'.
  created $dff cell `$procdff$1973' with positive edge clock.
Creating register for signal `\SB_DFFR.\Q' using process `\SB_DFFR.$proc$/opt/homebrew/bin/../share/yosys/ice40/cells_sim.v:406$314'.
  created $adff cell `$procdff$1974' with positive edge clock and positive level reset.
Creating register for signal `\SB_DFFSR.\Q' using process `\SB_DFFSR.$proc$/opt/homebrew/bin/../share/yosys/ice40/cells_sim.v:356$311'.
  created $dff cell `$procdff$1975' with positive edge clock.
Creating register for signal `\SB_DFFE.\Q' using process `\SB_DFFE.$proc$/opt/homebrew/bin/../share/yosys/ice40/cells_sim.v:311$309'.
  created $dff cell `$procdff$1976' with positive edge clock.
Creating register for signal `\SB_DFF.\Q' using process `\SB_DFF.$proc$/opt/homebrew/bin/../share/yosys/ice40/cells_sim.v:271$307'.
  created $dff cell `$procdff$1977' with positive edge clock.
Creating register for signal `$paramod$9a5d4607c6d410764a6e490cc9d604d51a78e84a\conv1d_large_4mult.\output_valid' using process `$paramod$9a5d4607c6d410764a6e490cc9d604d51a78e84a\conv1d_large_4mult.$proc$/Users/adarmaori/Desktop/Final$20Project/FPGA/conv1d_large_4mult.v:49$528'.
  created $dff cell `$procdff$1978' with positive edge clock.
Creating register for signal `$paramod$9a5d4607c6d410764a6e490cc9d604d51a78e84a\conv1d_large_4mult.\sample_out' using process `$paramod$9a5d4607c6d410764a6e490cc9d604d51a78e84a\conv1d_large_4mult.$proc$/Users/adarmaori/Desktop/Final$20Project/FPGA/conv1d_large_4mult.v:49$528'.
  created $dff cell `$procdff$1979' with positive edge clock.
Creating register for signal `$paramod$9a5d4607c6d410764a6e490cc9d604d51a78e84a\conv1d_large_4mult.\acc' using process `$paramod$9a5d4607c6d410764a6e490cc9d604d51a78e84a\conv1d_large_4mult.$proc$/Users/adarmaori/Desktop/Final$20Project/FPGA/conv1d_large_4mult.v:49$528'.
  created $dff cell `$procdff$1980' with positive edge clock.
Creating register for signal `$paramod$9a5d4607c6d410764a6e490cc9d604d51a78e84a\conv1d_large_4mult.\group_sum' using process `$paramod$9a5d4607c6d410764a6e490cc9d604d51a78e84a\conv1d_large_4mult.$proc$/Users/adarmaori/Desktop/Final$20Project/FPGA/conv1d_large_4mult.v:49$528'.
  created $dff cell `$procdff$1981' with positive edge clock.
Creating register for signal `$paramod$9a5d4607c6d410764a6e490cc9d604d51a78e84a\conv1d_large_4mult.\tap_index' using process `$paramod$9a5d4607c6d410764a6e490cc9d604d51a78e84a\conv1d_large_4mult.$proc$/Users/adarmaori/Desktop/Final$20Project/FPGA/conv1d_large_4mult.v:49$528'.
  created $dff cell `$procdff$1982' with positive edge clock.
Creating register for signal `$paramod$9a5d4607c6d410764a6e490cc9d604d51a78e84a\conv1d_large_4mult.\busy' using process `$paramod$9a5d4607c6d410764a6e490cc9d604d51a78e84a\conv1d_large_4mult.$proc$/Users/adarmaori/Desktop/Final$20Project/FPGA/conv1d_large_4mult.v:49$528'.
  created $dff cell `$procdff$1983' with positive edge clock.
Creating register for signal `$paramod$9a5d4607c6d410764a6e490cc9d604d51a78e84a\conv1d_large_4mult.\i' using process `$paramod$9a5d4607c6d410764a6e490cc9d604d51a78e84a\conv1d_large_4mult.$proc$/Users/adarmaori/Desktop/Final$20Project/FPGA/conv1d_large_4mult.v:49$528'.
  created $dff cell `$procdff$1984' with positive edge clock.
Creating register for signal `$paramod$9a5d4607c6d410764a6e490cc9d604d51a78e84a\conv1d_large_4mult.\history[0]' using process `$paramod$9a5d4607c6d410764a6e490cc9d604d51a78e84a\conv1d_large_4mult.$proc$/Users/adarmaori/Desktop/Final$20Project/FPGA/conv1d_large_4mult.v:49$528'.
  created $dff cell `$procdff$1985' with positive edge clock.
Creating register for signal `$paramod$9a5d4607c6d410764a6e490cc9d604d51a78e84a\conv1d_large_4mult.\history[1]' using process `$paramod$9a5d4607c6d410764a6e490cc9d604d51a78e84a\conv1d_large_4mult.$proc$/Users/adarmaori/Desktop/Final$20Project/FPGA/conv1d_large_4mult.v:49$528'.
  created $dff cell `$procdff$1986' with positive edge clock.
Creating register for signal `$paramod$9a5d4607c6d410764a6e490cc9d604d51a78e84a\conv1d_large_4mult.\history[2]' using process `$paramod$9a5d4607c6d410764a6e490cc9d604d51a78e84a\conv1d_large_4mult.$proc$/Users/adarmaori/Desktop/Final$20Project/FPGA/conv1d_large_4mult.v:49$528'.
  created $dff cell `$procdff$1987' with positive edge clock.
Creating register for signal `$paramod$9a5d4607c6d410764a6e490cc9d604d51a78e84a\conv1d_large_4mult.\history[3]' using process `$paramod$9a5d4607c6d410764a6e490cc9d604d51a78e84a\conv1d_large_4mult.$proc$/Users/adarmaori/Desktop/Final$20Project/FPGA/conv1d_large_4mult.v:49$528'.
  created $dff cell `$procdff$1988' with positive edge clock.
Creating register for signal `$paramod$9a5d4607c6d410764a6e490cc9d604d51a78e84a\conv1d_large_4mult.\history[4]' using process `$paramod$9a5d4607c6d410764a6e490cc9d604d51a78e84a\conv1d_large_4mult.$proc$/Users/adarmaori/Desktop/Final$20Project/FPGA/conv1d_large_4mult.v:49$528'.
  created $dff cell `$procdff$1989' with positive edge clock.
Creating register for signal `$paramod$9a5d4607c6d410764a6e490cc9d604d51a78e84a\conv1d_large_4mult.\history[5]' using process `$paramod$9a5d4607c6d410764a6e490cc9d604d51a78e84a\conv1d_large_4mult.$proc$/Users/adarmaori/Desktop/Final$20Project/FPGA/conv1d_large_4mult.v:49$528'.
  created $dff cell `$procdff$1990' with positive edge clock.
Creating register for signal `$paramod$9a5d4607c6d410764a6e490cc9d604d51a78e84a\conv1d_large_4mult.\history[6]' using process `$paramod$9a5d4607c6d410764a6e490cc9d604d51a78e84a\conv1d_large_4mult.$proc$/Users/adarmaori/Desktop/Final$20Project/FPGA/conv1d_large_4mult.v:49$528'.
  created $dff cell `$procdff$1991' with positive edge clock.
Creating register for signal `$paramod$9a5d4607c6d410764a6e490cc9d604d51a78e84a\conv1d_large_4mult.\history[7]' using process `$paramod$9a5d4607c6d410764a6e490cc9d604d51a78e84a\conv1d_large_4mult.$proc$/Users/adarmaori/Desktop/Final$20Project/FPGA/conv1d_large_4mult.v:49$528'.
  created $dff cell `$procdff$1992' with positive edge clock.
Creating register for signal `$paramod$9a5d4607c6d410764a6e490cc9d604d51a78e84a\conv1d_large_4mult.\history[8]' using process `$paramod$9a5d4607c6d410764a6e490cc9d604d51a78e84a\conv1d_large_4mult.$proc$/Users/adarmaori/Desktop/Final$20Project/FPGA/conv1d_large_4mult.v:49$528'.
  created $dff cell `$procdff$1993' with positive edge clock.
Creating register for signal `$paramod$9a5d4607c6d410764a6e490cc9d604d51a78e84a\conv1d_large_4mult.\history[9]' using process `$paramod$9a5d4607c6d410764a6e490cc9d604d51a78e84a\conv1d_large_4mult.$proc$/Users/adarmaori/Desktop/Final$20Project/FPGA/conv1d_large_4mult.v:49$528'.
  created $dff cell `$procdff$1994' with positive edge clock.
Creating register for signal `$paramod$9a5d4607c6d410764a6e490cc9d604d51a78e84a\conv1d_large_4mult.\history[10]' using process `$paramod$9a5d4607c6d410764a6e490cc9d604d51a78e84a\conv1d_large_4mult.$proc$/Users/adarmaori/Desktop/Final$20Project/FPGA/conv1d_large_4mult.v:49$528'.
  created $dff cell `$procdff$1995' with positive edge clock.
Creating register for signal `$paramod$9a5d4607c6d410764a6e490cc9d604d51a78e84a\conv1d_large_4mult.\history[11]' using process `$paramod$9a5d4607c6d410764a6e490cc9d604d51a78e84a\conv1d_large_4mult.$proc$/Users/adarmaori/Desktop/Final$20Project/FPGA/conv1d_large_4mult.v:49$528'.
  created $dff cell `$procdff$1996' with positive edge clock.
Creating register for signal `$paramod$9a5d4607c6d410764a6e490cc9d604d51a78e84a\conv1d_large_4mult.\history[12]' using process `$paramod$9a5d4607c6d410764a6e490cc9d604d51a78e84a\conv1d_large_4mult.$proc$/Users/adarmaori/Desktop/Final$20Project/FPGA/conv1d_large_4mult.v:49$528'.
  created $dff cell `$procdff$1997' with positive edge clock.
Creating register for signal `$paramod$9a5d4607c6d410764a6e490cc9d604d51a78e84a\conv1d_large_4mult.\history[13]' using process `$paramod$9a5d4607c6d410764a6e490cc9d604d51a78e84a\conv1d_large_4mult.$proc$/Users/adarmaori/Desktop/Final$20Project/FPGA/conv1d_large_4mult.v:49$528'.
  created $dff cell `$procdff$1998' with positive edge clock.
Creating register for signal `$paramod$9a5d4607c6d410764a6e490cc9d604d51a78e84a\conv1d_large_4mult.\history[14]' using process `$paramod$9a5d4607c6d410764a6e490cc9d604d51a78e84a\conv1d_large_4mult.$proc$/Users/adarmaori/Desktop/Final$20Project/FPGA/conv1d_large_4mult.v:49$528'.
  created $dff cell `$procdff$1999' with positive edge clock.
Creating register for signal `$paramod$9a5d4607c6d410764a6e490cc9d604d51a78e84a\conv1d_large_4mult.\history[15]' using process `$paramod$9a5d4607c6d410764a6e490cc9d604d51a78e84a\conv1d_large_4mult.$proc$/Users/adarmaori/Desktop/Final$20Project/FPGA/conv1d_large_4mult.v:49$528'.
  created $dff cell `$procdff$2000' with positive edge clock.
Creating register for signal `$paramod$9a5d4607c6d410764a6e490cc9d604d51a78e84a\conv1d_large_4mult.\history[16]' using process `$paramod$9a5d4607c6d410764a6e490cc9d604d51a78e84a\conv1d_large_4mult.$proc$/Users/adarmaori/Desktop/Final$20Project/FPGA/conv1d_large_4mult.v:49$528'.
  created $dff cell `$procdff$2001' with positive edge clock.
Creating register for signal `$paramod$9a5d4607c6d410764a6e490cc9d604d51a78e84a\conv1d_large_4mult.\history[17]' using process `$paramod$9a5d4607c6d410764a6e490cc9d604d51a78e84a\conv1d_large_4mult.$proc$/Users/adarmaori/Desktop/Final$20Project/FPGA/conv1d_large_4mult.v:49$528'.
  created $dff cell `$procdff$2002' with positive edge clock.
Creating register for signal `$paramod$9a5d4607c6d410764a6e490cc9d604d51a78e84a\conv1d_large_4mult.\history[18]' using process `$paramod$9a5d4607c6d410764a6e490cc9d604d51a78e84a\conv1d_large_4mult.$proc$/Users/adarmaori/Desktop/Final$20Project/FPGA/conv1d_large_4mult.v:49$528'.
  created $dff cell `$procdff$2003' with positive edge clock.
Creating register for signal `$paramod$9a5d4607c6d410764a6e490cc9d604d51a78e84a\conv1d_large_4mult.\history[19]' using process `$paramod$9a5d4607c6d410764a6e490cc9d604d51a78e84a\conv1d_large_4mult.$proc$/Users/adarmaori/Desktop/Final$20Project/FPGA/conv1d_large_4mult.v:49$528'.
  created $dff cell `$procdff$2004' with positive edge clock.
Creating register for signal `$paramod$9a5d4607c6d410764a6e490cc9d604d51a78e84a\conv1d_large_4mult.\history[20]' using process `$paramod$9a5d4607c6d410764a6e490cc9d604d51a78e84a\conv1d_large_4mult.$proc$/Users/adarmaori/Desktop/Final$20Project/FPGA/conv1d_large_4mult.v:49$528'.
  created $dff cell `$procdff$2005' with positive edge clock.
Creating register for signal `$paramod$9a5d4607c6d410764a6e490cc9d604d51a78e84a\conv1d_large_4mult.\history[21]' using process `$paramod$9a5d4607c6d410764a6e490cc9d604d51a78e84a\conv1d_large_4mult.$proc$/Users/adarmaori/Desktop/Final$20Project/FPGA/conv1d_large_4mult.v:49$528'.
  created $dff cell `$procdff$2006' with positive edge clock.
Creating register for signal `$paramod$9a5d4607c6d410764a6e490cc9d604d51a78e84a\conv1d_large_4mult.\history[22]' using process `$paramod$9a5d4607c6d410764a6e490cc9d604d51a78e84a\conv1d_large_4mult.$proc$/Users/adarmaori/Desktop/Final$20Project/FPGA/conv1d_large_4mult.v:49$528'.
  created $dff cell `$procdff$2007' with positive edge clock.
Creating register for signal `$paramod$9a5d4607c6d410764a6e490cc9d604d51a78e84a\conv1d_large_4mult.\history[23]' using process `$paramod$9a5d4607c6d410764a6e490cc9d604d51a78e84a\conv1d_large_4mult.$proc$/Users/adarmaori/Desktop/Final$20Project/FPGA/conv1d_large_4mult.v:49$528'.
  created $dff cell `$procdff$2008' with positive edge clock.
Creating register for signal `$paramod$9a5d4607c6d410764a6e490cc9d604d51a78e84a\conv1d_large_4mult.\history[24]' using process `$paramod$9a5d4607c6d410764a6e490cc9d604d51a78e84a\conv1d_large_4mult.$proc$/Users/adarmaori/Desktop/Final$20Project/FPGA/conv1d_large_4mult.v:49$528'.
  created $dff cell `$procdff$2009' with positive edge clock.
Creating register for signal `$paramod$9a5d4607c6d410764a6e490cc9d604d51a78e84a\conv1d_large_4mult.\history[25]' using process `$paramod$9a5d4607c6d410764a6e490cc9d604d51a78e84a\conv1d_large_4mult.$proc$/Users/adarmaori/Desktop/Final$20Project/FPGA/conv1d_large_4mult.v:49$528'.
  created $dff cell `$procdff$2010' with positive edge clock.
Creating register for signal `$paramod$9a5d4607c6d410764a6e490cc9d604d51a78e84a\conv1d_large_4mult.\history[26]' using process `$paramod$9a5d4607c6d410764a6e490cc9d604d51a78e84a\conv1d_large_4mult.$proc$/Users/adarmaori/Desktop/Final$20Project/FPGA/conv1d_large_4mult.v:49$528'.
  created $dff cell `$procdff$2011' with positive edge clock.
Creating register for signal `$paramod$9a5d4607c6d410764a6e490cc9d604d51a78e84a\conv1d_large_4mult.\history[27]' using process `$paramod$9a5d4607c6d410764a6e490cc9d604d51a78e84a\conv1d_large_4mult.$proc$/Users/adarmaori/Desktop/Final$20Project/FPGA/conv1d_large_4mult.v:49$528'.
  created $dff cell `$procdff$2012' with positive edge clock.
Creating register for signal `$paramod$9a5d4607c6d410764a6e490cc9d604d51a78e84a\conv1d_large_4mult.\history[28]' using process `$paramod$9a5d4607c6d410764a6e490cc9d604d51a78e84a\conv1d_large_4mult.$proc$/Users/adarmaori/Desktop/Final$20Project/FPGA/conv1d_large_4mult.v:49$528'.
  created $dff cell `$procdff$2013' with positive edge clock.
Creating register for signal `$paramod$9a5d4607c6d410764a6e490cc9d604d51a78e84a\conv1d_large_4mult.\history[29]' using process `$paramod$9a5d4607c6d410764a6e490cc9d604d51a78e84a\conv1d_large_4mult.$proc$/Users/adarmaori/Desktop/Final$20Project/FPGA/conv1d_large_4mult.v:49$528'.
  created $dff cell `$procdff$2014' with positive edge clock.
Creating register for signal `$paramod$9a5d4607c6d410764a6e490cc9d604d51a78e84a\conv1d_large_4mult.\history[30]' using process `$paramod$9a5d4607c6d410764a6e490cc9d604d51a78e84a\conv1d_large_4mult.$proc$/Users/adarmaori/Desktop/Final$20Project/FPGA/conv1d_large_4mult.v:49$528'.
  created $dff cell `$procdff$2015' with positive edge clock.
Creating register for signal `$paramod$9a5d4607c6d410764a6e490cc9d604d51a78e84a\conv1d_large_4mult.\tap[0]' using process `$paramod$9a5d4607c6d410764a6e490cc9d604d51a78e84a\conv1d_large_4mult.$proc$/Users/adarmaori/Desktop/Final$20Project/FPGA/conv1d_large_4mult.v:49$528'.
  created $dff cell `$procdff$2016' with positive edge clock.
Creating register for signal `$paramod$9a5d4607c6d410764a6e490cc9d604d51a78e84a\conv1d_large_4mult.\tap[1]' using process `$paramod$9a5d4607c6d410764a6e490cc9d604d51a78e84a\conv1d_large_4mult.$proc$/Users/adarmaori/Desktop/Final$20Project/FPGA/conv1d_large_4mult.v:49$528'.
  created $dff cell `$procdff$2017' with positive edge clock.
Creating register for signal `$paramod$9a5d4607c6d410764a6e490cc9d604d51a78e84a\conv1d_large_4mult.\tap[2]' using process `$paramod$9a5d4607c6d410764a6e490cc9d604d51a78e84a\conv1d_large_4mult.$proc$/Users/adarmaori/Desktop/Final$20Project/FPGA/conv1d_large_4mult.v:49$528'.
  created $dff cell `$procdff$2018' with positive edge clock.
Creating register for signal `$paramod$9a5d4607c6d410764a6e490cc9d604d51a78e84a\conv1d_large_4mult.\tap[3]' using process `$paramod$9a5d4607c6d410764a6e490cc9d604d51a78e84a\conv1d_large_4mult.$proc$/Users/adarmaori/Desktop/Final$20Project/FPGA/conv1d_large_4mult.v:49$528'.
  created $dff cell `$procdff$2019' with positive edge clock.
Creating register for signal `$paramod$9a5d4607c6d410764a6e490cc9d604d51a78e84a\conv1d_large_4mult.\tap[4]' using process `$paramod$9a5d4607c6d410764a6e490cc9d604d51a78e84a\conv1d_large_4mult.$proc$/Users/adarmaori/Desktop/Final$20Project/FPGA/conv1d_large_4mult.v:49$528'.
  created $dff cell `$procdff$2020' with positive edge clock.
Creating register for signal `$paramod$9a5d4607c6d410764a6e490cc9d604d51a78e84a\conv1d_large_4mult.\tap[5]' using process `$paramod$9a5d4607c6d410764a6e490cc9d604d51a78e84a\conv1d_large_4mult.$proc$/Users/adarmaori/Desktop/Final$20Project/FPGA/conv1d_large_4mult.v:49$528'.
  created $dff cell `$procdff$2021' with positive edge clock.
Creating register for signal `$paramod$9a5d4607c6d410764a6e490cc9d604d51a78e84a\conv1d_large_4mult.\tap[6]' using process `$paramod$9a5d4607c6d410764a6e490cc9d604d51a78e84a\conv1d_large_4mult.$proc$/Users/adarmaori/Desktop/Final$20Project/FPGA/conv1d_large_4mult.v:49$528'.
  created $dff cell `$procdff$2022' with positive edge clock.
Creating register for signal `$paramod$9a5d4607c6d410764a6e490cc9d604d51a78e84a\conv1d_large_4mult.\tap[7]' using process `$paramod$9a5d4607c6d410764a6e490cc9d604d51a78e84a\conv1d_large_4mult.$proc$/Users/adarmaori/Desktop/Final$20Project/FPGA/conv1d_large_4mult.v:49$528'.
  created $dff cell `$procdff$2023' with positive edge clock.
Creating register for signal `$paramod$9a5d4607c6d410764a6e490cc9d604d51a78e84a\conv1d_large_4mult.\tap[8]' using process `$paramod$9a5d4607c6d410764a6e490cc9d604d51a78e84a\conv1d_large_4mult.$proc$/Users/adarmaori/Desktop/Final$20Project/FPGA/conv1d_large_4mult.v:49$528'.
  created $dff cell `$procdff$2024' with positive edge clock.
Creating register for signal `$paramod$9a5d4607c6d410764a6e490cc9d604d51a78e84a\conv1d_large_4mult.\tap[9]' using process `$paramod$9a5d4607c6d410764a6e490cc9d604d51a78e84a\conv1d_large_4mult.$proc$/Users/adarmaori/Desktop/Final$20Project/FPGA/conv1d_large_4mult.v:49$528'.
  created $dff cell `$procdff$2025' with positive edge clock.
Creating register for signal `$paramod$9a5d4607c6d410764a6e490cc9d604d51a78e84a\conv1d_large_4mult.\tap[10]' using process `$paramod$9a5d4607c6d410764a6e490cc9d604d51a78e84a\conv1d_large_4mult.$proc$/Users/adarmaori/Desktop/Final$20Project/FPGA/conv1d_large_4mult.v:49$528'.
  created $dff cell `$procdff$2026' with positive edge clock.
Creating register for signal `$paramod$9a5d4607c6d410764a6e490cc9d604d51a78e84a\conv1d_large_4mult.\tap[11]' using process `$paramod$9a5d4607c6d410764a6e490cc9d604d51a78e84a\conv1d_large_4mult.$proc$/Users/adarmaori/Desktop/Final$20Project/FPGA/conv1d_large_4mult.v:49$528'.
  created $dff cell `$procdff$2027' with positive edge clock.
Creating register for signal `$paramod$9a5d4607c6d410764a6e490cc9d604d51a78e84a\conv1d_large_4mult.\tap[12]' using process `$paramod$9a5d4607c6d410764a6e490cc9d604d51a78e84a\conv1d_large_4mult.$proc$/Users/adarmaori/Desktop/Final$20Project/FPGA/conv1d_large_4mult.v:49$528'.
  created $dff cell `$procdff$2028' with positive edge clock.
Creating register for signal `$paramod$9a5d4607c6d410764a6e490cc9d604d51a78e84a\conv1d_large_4mult.\tap[13]' using process `$paramod$9a5d4607c6d410764a6e490cc9d604d51a78e84a\conv1d_large_4mult.$proc$/Users/adarmaori/Desktop/Final$20Project/FPGA/conv1d_large_4mult.v:49$528'.
  created $dff cell `$procdff$2029' with positive edge clock.
Creating register for signal `$paramod$9a5d4607c6d410764a6e490cc9d604d51a78e84a\conv1d_large_4mult.\tap[14]' using process `$paramod$9a5d4607c6d410764a6e490cc9d604d51a78e84a\conv1d_large_4mult.$proc$/Users/adarmaori/Desktop/Final$20Project/FPGA/conv1d_large_4mult.v:49$528'.
  created $dff cell `$procdff$2030' with positive edge clock.
Creating register for signal `$paramod$9a5d4607c6d410764a6e490cc9d604d51a78e84a\conv1d_large_4mult.\tap[15]' using process `$paramod$9a5d4607c6d410764a6e490cc9d604d51a78e84a\conv1d_large_4mult.$proc$/Users/adarmaori/Desktop/Final$20Project/FPGA/conv1d_large_4mult.v:49$528'.
  created $dff cell `$procdff$2031' with positive edge clock.
Creating register for signal `$paramod$9a5d4607c6d410764a6e490cc9d604d51a78e84a\conv1d_large_4mult.\tap[16]' using process `$paramod$9a5d4607c6d410764a6e490cc9d604d51a78e84a\conv1d_large_4mult.$proc$/Users/adarmaori/Desktop/Final$20Project/FPGA/conv1d_large_4mult.v:49$528'.
  created $dff cell `$procdff$2032' with positive edge clock.
Creating register for signal `$paramod$9a5d4607c6d410764a6e490cc9d604d51a78e84a\conv1d_large_4mult.\tap[17]' using process `$paramod$9a5d4607c6d410764a6e490cc9d604d51a78e84a\conv1d_large_4mult.$proc$/Users/adarmaori/Desktop/Final$20Project/FPGA/conv1d_large_4mult.v:49$528'.
  created $dff cell `$procdff$2033' with positive edge clock.
Creating register for signal `$paramod$9a5d4607c6d410764a6e490cc9d604d51a78e84a\conv1d_large_4mult.\tap[18]' using process `$paramod$9a5d4607c6d410764a6e490cc9d604d51a78e84a\conv1d_large_4mult.$proc$/Users/adarmaori/Desktop/Final$20Project/FPGA/conv1d_large_4mult.v:49$528'.
  created $dff cell `$procdff$2034' with positive edge clock.
Creating register for signal `$paramod$9a5d4607c6d410764a6e490cc9d604d51a78e84a\conv1d_large_4mult.\tap[19]' using process `$paramod$9a5d4607c6d410764a6e490cc9d604d51a78e84a\conv1d_large_4mult.$proc$/Users/adarmaori/Desktop/Final$20Project/FPGA/conv1d_large_4mult.v:49$528'.
  created $dff cell `$procdff$2035' with positive edge clock.
Creating register for signal `$paramod$9a5d4607c6d410764a6e490cc9d604d51a78e84a\conv1d_large_4mult.\tap[20]' using process `$paramod$9a5d4607c6d410764a6e490cc9d604d51a78e84a\conv1d_large_4mult.$proc$/Users/adarmaori/Desktop/Final$20Project/FPGA/conv1d_large_4mult.v:49$528'.
  created $dff cell `$procdff$2036' with positive edge clock.
Creating register for signal `$paramod$9a5d4607c6d410764a6e490cc9d604d51a78e84a\conv1d_large_4mult.\tap[21]' using process `$paramod$9a5d4607c6d410764a6e490cc9d604d51a78e84a\conv1d_large_4mult.$proc$/Users/adarmaori/Desktop/Final$20Project/FPGA/conv1d_large_4mult.v:49$528'.
  created $dff cell `$procdff$2037' with positive edge clock.
Creating register for signal `$paramod$9a5d4607c6d410764a6e490cc9d604d51a78e84a\conv1d_large_4mult.\tap[22]' using process `$paramod$9a5d4607c6d410764a6e490cc9d604d51a78e84a\conv1d_large_4mult.$proc$/Users/adarmaori/Desktop/Final$20Project/FPGA/conv1d_large_4mult.v:49$528'.
  created $dff cell `$procdff$2038' with positive edge clock.
Creating register for signal `$paramod$9a5d4607c6d410764a6e490cc9d604d51a78e84a\conv1d_large_4mult.\tap[23]' using process `$paramod$9a5d4607c6d410764a6e490cc9d604d51a78e84a\conv1d_large_4mult.$proc$/Users/adarmaori/Desktop/Final$20Project/FPGA/conv1d_large_4mult.v:49$528'.
  created $dff cell `$procdff$2039' with positive edge clock.
Creating register for signal `$paramod$9a5d4607c6d410764a6e490cc9d604d51a78e84a\conv1d_large_4mult.\tap[24]' using process `$paramod$9a5d4607c6d410764a6e490cc9d604d51a78e84a\conv1d_large_4mult.$proc$/Users/adarmaori/Desktop/Final$20Project/FPGA/conv1d_large_4mult.v:49$528'.
  created $dff cell `$procdff$2040' with positive edge clock.
Creating register for signal `$paramod$9a5d4607c6d410764a6e490cc9d604d51a78e84a\conv1d_large_4mult.\tap[25]' using process `$paramod$9a5d4607c6d410764a6e490cc9d604d51a78e84a\conv1d_large_4mult.$proc$/Users/adarmaori/Desktop/Final$20Project/FPGA/conv1d_large_4mult.v:49$528'.
  created $dff cell `$procdff$2041' with positive edge clock.
Creating register for signal `$paramod$9a5d4607c6d410764a6e490cc9d604d51a78e84a\conv1d_large_4mult.\tap[26]' using process `$paramod$9a5d4607c6d410764a6e490cc9d604d51a78e84a\conv1d_large_4mult.$proc$/Users/adarmaori/Desktop/Final$20Project/FPGA/conv1d_large_4mult.v:49$528'.
  created $dff cell `$procdff$2042' with positive edge clock.
Creating register for signal `$paramod$9a5d4607c6d410764a6e490cc9d604d51a78e84a\conv1d_large_4mult.\tap[27]' using process `$paramod$9a5d4607c6d410764a6e490cc9d604d51a78e84a\conv1d_large_4mult.$proc$/Users/adarmaori/Desktop/Final$20Project/FPGA/conv1d_large_4mult.v:49$528'.
  created $dff cell `$procdff$2043' with positive edge clock.
Creating register for signal `$paramod$9a5d4607c6d410764a6e490cc9d604d51a78e84a\conv1d_large_4mult.\tap[28]' using process `$paramod$9a5d4607c6d410764a6e490cc9d604d51a78e84a\conv1d_large_4mult.$proc$/Users/adarmaori/Desktop/Final$20Project/FPGA/conv1d_large_4mult.v:49$528'.
  created $dff cell `$procdff$2044' with positive edge clock.
Creating register for signal `$paramod$9a5d4607c6d410764a6e490cc9d604d51a78e84a\conv1d_large_4mult.\tap[29]' using process `$paramod$9a5d4607c6d410764a6e490cc9d604d51a78e84a\conv1d_large_4mult.$proc$/Users/adarmaori/Desktop/Final$20Project/FPGA/conv1d_large_4mult.v:49$528'.
  created $dff cell `$procdff$2045' with positive edge clock.
Creating register for signal `$paramod$9a5d4607c6d410764a6e490cc9d604d51a78e84a\conv1d_large_4mult.\tap[30]' using process `$paramod$9a5d4607c6d410764a6e490cc9d604d51a78e84a\conv1d_large_4mult.$proc$/Users/adarmaori/Desktop/Final$20Project/FPGA/conv1d_large_4mult.v:49$528'.
  created $dff cell `$procdff$2046' with positive edge clock.
Creating register for signal `$paramod$9a5d4607c6d410764a6e490cc9d604d51a78e84a\conv1d_large_4mult.\tap[31]' using process `$paramod$9a5d4607c6d410764a6e490cc9d604d51a78e84a\conv1d_large_4mult.$proc$/Users/adarmaori/Desktop/Final$20Project/FPGA/conv1d_large_4mult.v:49$528'.
  created $dff cell `$procdff$2047' with positive edge clock.
Creating register for signal `$paramod$9a5d4607c6d410764a6e490cc9d604d51a78e84a\conv1d_large_4mult.\tap_weight$func$/Users/adarmaori/Desktop/Final$20Project/FPGA/conv1d_large_4mult.v:84$519.$result' using process `$paramod$9a5d4607c6d410764a6e490cc9d604d51a78e84a\conv1d_large_4mult.$proc$/Users/adarmaori/Desktop/Final$20Project/FPGA/conv1d_large_4mult.v:49$528'.
  created $dff cell `$procdff$2048' with positive edge clock.
Creating register for signal `$paramod$9a5d4607c6d410764a6e490cc9d604d51a78e84a\conv1d_large_4mult.\tap_weight$func$/Users/adarmaori/Desktop/Final$20Project/FPGA/conv1d_large_4mult.v:84$519.weight_index' using process `$paramod$9a5d4607c6d410764a6e490cc9d604d51a78e84a\conv1d_large_4mult.$proc$/Users/adarmaori/Desktop/Final$20Project/FPGA/conv1d_large_4mult.v:49$528'.
  created $dff cell `$procdff$2049' with positive edge clock.
Creating register for signal `$paramod$9a5d4607c6d410764a6e490cc9d604d51a78e84a\conv1d_large_4mult.\tap_weight$func$/Users/adarmaori/Desktop/Final$20Project/FPGA/conv1d_large_4mult.v:84$520.$result' using process `$paramod$9a5d4607c6d410764a6e490cc9d604d51a78e84a\conv1d_large_4mult.$proc$/Users/adarmaori/Desktop/Final$20Project/FPGA/conv1d_large_4mult.v:49$528'.
  created $dff cell `$procdff$2050' with positive edge clock.
Creating register for signal `$paramod$9a5d4607c6d410764a6e490cc9d604d51a78e84a\conv1d_large_4mult.\tap_weight$func$/Users/adarmaori/Desktop/Final$20Project/FPGA/conv1d_large_4mult.v:84$520.weight_index' using process `$paramod$9a5d4607c6d410764a6e490cc9d604d51a78e84a\conv1d_large_4mult.$proc$/Users/adarmaori/Desktop/Final$20Project/FPGA/conv1d_large_4mult.v:49$528'.
  created $dff cell `$procdff$2051' with positive edge clock.
Creating register for signal `$paramod$9a5d4607c6d410764a6e490cc9d604d51a78e84a\conv1d_large_4mult.\tap_weight$func$/Users/adarmaori/Desktop/Final$20Project/FPGA/conv1d_large_4mult.v:84$521.$result' using process `$paramod$9a5d4607c6d410764a6e490cc9d604d51a78e84a\conv1d_large_4mult.$proc$/Users/adarmaori/Desktop/Final$20Project/FPGA/conv1d_large_4mult.v:49$528'.
  created $dff cell `$procdff$2052' with positive edge clock.
Creating register for signal `$paramod$9a5d4607c6d410764a6e490cc9d604d51a78e84a\conv1d_large_4mult.\tap_weight$func$/Users/adarmaori/Desktop/Final$20Project/FPGA/conv1d_large_4mult.v:84$521.weight_index' using process `$paramod$9a5d4607c6d410764a6e490cc9d604d51a78e84a\conv1d_large_4mult.$proc$/Users/adarmaori/Desktop/Final$20Project/FPGA/conv1d_large_4mult.v:49$528'.
  created $dff cell `$procdff$2053' with positive edge clock.
Creating register for signal `$paramod$9a5d4607c6d410764a6e490cc9d604d51a78e84a\conv1d_large_4mult.\tap_weight$func$/Users/adarmaori/Desktop/Final$20Project/FPGA/conv1d_large_4mult.v:84$522.$result' using process `$paramod$9a5d4607c6d410764a6e490cc9d604d51a78e84a\conv1d_large_4mult.$proc$/Users/adarmaori/Desktop/Final$20Project/FPGA/conv1d_large_4mult.v:49$528'.
  created $dff cell `$procdff$2054' with positive edge clock.
Creating register for signal `$paramod$9a5d4607c6d410764a6e490cc9d604d51a78e84a\conv1d_large_4mult.\tap_weight$func$/Users/adarmaori/Desktop/Final$20Project/FPGA/conv1d_large_4mult.v:84$522.weight_index' using process `$paramod$9a5d4607c6d410764a6e490cc9d604d51a78e84a\conv1d_large_4mult.$proc$/Users/adarmaori/Desktop/Final$20Project/FPGA/conv1d_large_4mult.v:49$528'.
  created $dff cell `$procdff$2055' with positive edge clock.
Creating register for signal `$paramod$9a5d4607c6d410764a6e490cc9d604d51a78e84a\conv1d_large_4mult.$mem2reg_rd$\tap$/Users/adarmaori/Desktop/Final$20Project/FPGA/conv1d_large_4mult.v:84$523_ADDR' using process `$paramod$9a5d4607c6d410764a6e490cc9d604d51a78e84a\conv1d_large_4mult.$proc$/Users/adarmaori/Desktop/Final$20Project/FPGA/conv1d_large_4mult.v:49$528'.
  created $dff cell `$procdff$2056' with positive edge clock.
Creating register for signal `$paramod$9a5d4607c6d410764a6e490cc9d604d51a78e84a\conv1d_large_4mult.$mem2reg_rd$\tap$/Users/adarmaori/Desktop/Final$20Project/FPGA/conv1d_large_4mult.v:84$523_DATA' using process `$paramod$9a5d4607c6d410764a6e490cc9d604d51a78e84a\conv1d_large_4mult.$proc$/Users/adarmaori/Desktop/Final$20Project/FPGA/conv1d_large_4mult.v:49$528'.
  created $dff cell `$procdff$2057' with positive edge clock.
Creating register for signal `$paramod$9a5d4607c6d410764a6e490cc9d604d51a78e84a\conv1d_large_4mult.$mem2reg_rd$\tap$/Users/adarmaori/Desktop/Final$20Project/FPGA/conv1d_large_4mult.v:84$524_ADDR' using process `$paramod$9a5d4607c6d410764a6e490cc9d604d51a78e84a\conv1d_large_4mult.$proc$/Users/adarmaori/Desktop/Final$20Project/FPGA/conv1d_large_4mult.v:49$528'.
  created $dff cell `$procdff$2058' with positive edge clock.
Creating register for signal `$paramod$9a5d4607c6d410764a6e490cc9d604d51a78e84a\conv1d_large_4mult.$mem2reg_rd$\tap$/Users/adarmaori/Desktop/Final$20Project/FPGA/conv1d_large_4mult.v:84$524_DATA' using process `$paramod$9a5d4607c6d410764a6e490cc9d604d51a78e84a\conv1d_large_4mult.$proc$/Users/adarmaori/Desktop/Final$20Project/FPGA/conv1d_large_4mult.v:49$528'.
  created $dff cell `$procdff$2059' with positive edge clock.
Creating register for signal `$paramod$9a5d4607c6d410764a6e490cc9d604d51a78e84a\conv1d_large_4mult.$mem2reg_rd$\tap$/Users/adarmaori/Desktop/Final$20Project/FPGA/conv1d_large_4mult.v:84$525_ADDR' using process `$paramod$9a5d4607c6d410764a6e490cc9d604d51a78e84a\conv1d_large_4mult.$proc$/Users/adarmaori/Desktop/Final$20Project/FPGA/conv1d_large_4mult.v:49$528'.
  created $dff cell `$procdff$2060' with positive edge clock.
Creating register for signal `$paramod$9a5d4607c6d410764a6e490cc9d604d51a78e84a\conv1d_large_4mult.$mem2reg_rd$\tap$/Users/adarmaori/Desktop/Final$20Project/FPGA/conv1d_large_4mult.v:84$525_DATA' using process `$paramod$9a5d4607c6d410764a6e490cc9d604d51a78e84a\conv1d_large_4mult.$proc$/Users/adarmaori/Desktop/Final$20Project/FPGA/conv1d_large_4mult.v:49$528'.
  created $dff cell `$procdff$2061' with positive edge clock.
Creating register for signal `$paramod$9a5d4607c6d410764a6e490cc9d604d51a78e84a\conv1d_large_4mult.$mem2reg_rd$\tap$/Users/adarmaori/Desktop/Final$20Project/FPGA/conv1d_large_4mult.v:84$526_ADDR' using process `$paramod$9a5d4607c6d410764a6e490cc9d604d51a78e84a\conv1d_large_4mult.$proc$/Users/adarmaori/Desktop/Final$20Project/FPGA/conv1d_large_4mult.v:49$528'.
  created $dff cell `$procdff$2062' with positive edge clock.
Creating register for signal `$paramod$9a5d4607c6d410764a6e490cc9d604d51a78e84a\conv1d_large_4mult.$mem2reg_rd$\tap$/Users/adarmaori/Desktop/Final$20Project/FPGA/conv1d_large_4mult.v:84$526_DATA' using process `$paramod$9a5d4607c6d410764a6e490cc9d604d51a78e84a\conv1d_large_4mult.$proc$/Users/adarmaori/Desktop/Final$20Project/FPGA/conv1d_large_4mult.v:49$528'.
  created $dff cell `$procdff$2063' with positive edge clock.

5.3.10. Executing PROC_MEMWR pass (convert process memory writes to cells).

5.3.11. Executing PROC_CLEAN pass (remove empty switches from decision trees).
Removing empty process `SB_DFFNES.$proc$/opt/homebrew/bin/../share/yosys/ice40/cells_sim.v:0$382'.
Found and cleaned up 1 empty switch in `\SB_DFFNES.$proc$/opt/homebrew/bin/../share/yosys/ice40/cells_sim.v:1414$379'.
Removing empty process `SB_DFFNES.$proc$/opt/homebrew/bin/../share/yosys/ice40/cells_sim.v:1414$379'.
Removing empty process `SB_DFFNESS.$proc$/opt/homebrew/bin/../share/yosys/ice40/cells_sim.v:0$378'.
Found and cleaned up 2 empty switches in `\SB_DFFNESS.$proc$/opt/homebrew/bin/../share/yosys/ice40/cells_sim.v:1353$372'.
Removing empty process `SB_DFFNESS.$proc$/opt/homebrew/bin/../share/yosys/ice40/cells_sim.v:1353$372'.
Removing empty process `SB_DFFNER.$proc$/opt/homebrew/bin/../share/yosys/ice40/cells_sim.v:0$371'.
Found and cleaned up 1 empty switch in `\SB_DFFNER.$proc$/opt/homebrew/bin/../share/yosys/ice40/cells_sim.v:1273$368'.
Removing empty process `SB_DFFNER.$proc$/opt/homebrew/bin/../share/yosys/ice40/cells_sim.v:1273$368'.
Removing empty process `SB_DFFNESR.$proc$/opt/homebrew/bin/../share/yosys/ice40/cells_sim.v:0$367'.
Found and cleaned up 2 empty switches in `\SB_DFFNESR.$proc$/opt/homebrew/bin/../share/yosys/ice40/cells_sim.v:1212$361'.
Removing empty process `SB_DFFNESR.$proc$/opt/homebrew/bin/../share/yosys/ice40/cells_sim.v:1212$361'.
Removing empty process `SB_DFFNS.$proc$/opt/homebrew/bin/../share/yosys/ice40/cells_sim.v:0$360'.
Removing empty process `SB_DFFNS.$proc$/opt/homebrew/bin/../share/yosys/ice40/cells_sim.v:1138$358'.
Removing empty process `SB_DFFNSS.$proc$/opt/homebrew/bin/../share/yosys/ice40/cells_sim.v:0$357'.
Found and cleaned up 1 empty switch in `\SB_DFFNSS.$proc$/opt/homebrew/bin/../share/yosys/ice40/cells_sim.v:1088$355'.
Removing empty process `SB_DFFNSS.$proc$/opt/homebrew/bin/../share/yosys/ice40/cells_sim.v:1088$355'.
Removing empty process `SB_DFFNR.$proc$/opt/homebrew/bin/../share/yosys/ice40/cells_sim.v:0$354'.
Removing empty process `SB_DFFNR.$proc$/opt/homebrew/bin/../share/yosys/ice40/cells_sim.v:1017$352'.
Removing empty process `SB_DFFNSR.$proc$/opt/homebrew/bin/../share/yosys/ice40/cells_sim.v:0$351'.
Found and cleaned up 1 empty switch in `\SB_DFFNSR.$proc$/opt/homebrew/bin/../share/yosys/ice40/cells_sim.v:967$349'.
Removing empty process `SB_DFFNSR.$proc$/opt/homebrew/bin/../share/yosys/ice40/cells_sim.v:967$349'.
Removing empty process `SB_DFFNE.$proc$/opt/homebrew/bin/../share/yosys/ice40/cells_sim.v:0$348'.
Found and cleaned up 1 empty switch in `\SB_DFFNE.$proc$/opt/homebrew/bin/../share/yosys/ice40/cells_sim.v:922$347'.
Removing empty process `SB_DFFNE.$proc$/opt/homebrew/bin/../share/yosys/ice40/cells_sim.v:922$347'.
Removing empty process `SB_DFFN.$proc$/opt/homebrew/bin/../share/yosys/ice40/cells_sim.v:0$346'.
Removing empty process `SB_DFFN.$proc$/opt/homebrew/bin/../share/yosys/ice40/cells_sim.v:882$345'.
Removing empty process `SB_DFFES.$proc$/opt/homebrew/bin/../share/yosys/ice40/cells_sim.v:0$344'.
Found and cleaned up 1 empty switch in `\SB_DFFES.$proc$/opt/homebrew/bin/../share/yosys/ice40/cells_sim.v:803$341'.
Removing empty process `SB_DFFES.$proc$/opt/homebrew/bin/../share/yosys/ice40/cells_sim.v:803$341'.
Removing empty process `SB_DFFESS.$proc$/opt/homebrew/bin/../share/yosys/ice40/cells_sim.v:0$340'.
Found and cleaned up 2 empty switches in `\SB_DFFESS.$proc$/opt/homebrew/bin/../share/yosys/ice40/cells_sim.v:742$334'.
Removing empty process `SB_DFFESS.$proc$/opt/homebrew/bin/../share/yosys/ice40/cells_sim.v:742$334'.
Removing empty process `SB_DFFER.$proc$/opt/homebrew/bin/../share/yosys/ice40/cells_sim.v:0$333'.
Found and cleaned up 1 empty switch in `\SB_DFFER.$proc$/opt/homebrew/bin/../share/yosys/ice40/cells_sim.v:662$330'.
Removing empty process `SB_DFFER.$proc$/opt/homebrew/bin/../share/yosys/ice40/cells_sim.v:662$330'.
Removing empty process `SB_DFFESR.$proc$/opt/homebrew/bin/../share/yosys/ice40/cells_sim.v:0$329'.
Found and cleaned up 2 empty switches in `\SB_DFFESR.$proc$/opt/homebrew/bin/../share/yosys/ice40/cells_sim.v:601$323'.
Removing empty process `SB_DFFESR.$proc$/opt/homebrew/bin/../share/yosys/ice40/cells_sim.v:601$323'.
Removing empty process `SB_DFFS.$proc$/opt/homebrew/bin/../share/yosys/ice40/cells_sim.v:0$322'.
Removing empty process `SB_DFFS.$proc$/opt/homebrew/bin/../share/yosys/ice40/cells_sim.v:527$320'.
Removing empty process `SB_DFFSS.$proc$/opt/homebrew/bin/../share/yosys/ice40/cells_sim.v:0$319'.
Found and cleaned up 1 empty switch in `\SB_DFFSS.$proc$/opt/homebrew/bin/../share/yosys/ice40/cells_sim.v:477$317'.
Removing empty process `SB_DFFSS.$proc$/opt/homebrew/bin/../share/yosys/ice40/cells_sim.v:477$317'.
Removing empty process `SB_DFFR.$proc$/opt/homebrew/bin/../share/yosys/ice40/cells_sim.v:0$316'.
Removing empty process `SB_DFFR.$proc$/opt/homebrew/bin/../share/yosys/ice40/cells_sim.v:406$314'.
Removing empty process `SB_DFFSR.$proc$/opt/homebrew/bin/../share/yosys/ice40/cells_sim.v:0$313'.
Found and cleaned up 1 empty switch in `\SB_DFFSR.$proc$/opt/homebrew/bin/../share/yosys/ice40/cells_sim.v:356$311'.
Removing empty process `SB_DFFSR.$proc$/opt/homebrew/bin/../share/yosys/ice40/cells_sim.v:356$311'.
Removing empty process `SB_DFFE.$proc$/opt/homebrew/bin/../share/yosys/ice40/cells_sim.v:0$310'.
Found and cleaned up 1 empty switch in `\SB_DFFE.$proc$/opt/homebrew/bin/../share/yosys/ice40/cells_sim.v:311$309'.
Removing empty process `SB_DFFE.$proc$/opt/homebrew/bin/../share/yosys/ice40/cells_sim.v:311$309'.
Removing empty process `SB_DFF.$proc$/opt/homebrew/bin/../share/yosys/ice40/cells_sim.v:0$308'.
Removing empty process `SB_DFF.$proc$/opt/homebrew/bin/../share/yosys/ice40/cells_sim.v:271$307'.
Found and cleaned up 16 empty switches in `$paramod$9a5d4607c6d410764a6e490cc9d604d51a78e84a\conv1d_large_4mult.$proc$/Users/adarmaori/Desktop/Final$20Project/FPGA/conv1d_large_4mult.v:49$528'.
Removing empty process `$paramod$9a5d4607c6d410764a6e490cc9d604d51a78e84a\conv1d_large_4mult.$proc$/Users/adarmaori/Desktop/Final$20Project/FPGA/conv1d_large_4mult.v:49$528'.
Cleaned up 34 empty switches.

5.3.12. Executing OPT_EXPR pass (perform const folding).
Optimizing module conv1d_large_benchmark_top.
Optimizing module $paramod$9a5d4607c6d410764a6e490cc9d604d51a78e84a\conv1d_large_engine.
Optimizing module $paramod$9a5d4607c6d410764a6e490cc9d604d51a78e84a\conv1d_large_4mult.
<suppressed ~4 debug messages>

5.4. Executing FLATTEN pass (flatten design).
Deleting now unused module $paramod$9a5d4607c6d410764a6e490cc9d604d51a78e84a\conv1d_large_engine.
Deleting now unused module $paramod$9a5d4607c6d410764a6e490cc9d604d51a78e84a\conv1d_large_4mult.
<suppressed ~2 debug messages>

5.5. Executing TRIBUF pass.

5.6. Executing DEMINOUT pass (demote inout ports to input or output).

5.7. Executing OPT_EXPR pass (perform const folding).
Optimizing module conv1d_large_benchmark_top.
<suppressed ~8 debug messages>

5.8. Executing OPT_CLEAN pass (remove unused cells and wires).
Finding unused cells or wires in module \conv1d_large_benchmark_top..
Removed 190 unused cells and 733 unused wires.
<suppressed ~205 debug messages>

5.9. Executing CHECK pass (checking for obvious problems).
Checking module conv1d_large_benchmark_top...
Found and reported 0 problems.

5.10. Executing OPT pass (performing simple optimizations).

5.10.1. Executing OPT_EXPR pass (perform const folding).
Optimizing module conv1d_large_benchmark_top.
<suppressed ~1 debug messages>

5.10.2. Executing OPT_MERGE pass (detect identical cells).
Finding identical cells in module `\conv1d_large_benchmark_top'.
<suppressed ~24 debug messages>
Removed a total of 8 cells.

5.10.3. Executing OPT_MUXTREE pass (detect dead branches in mux trees).
Running muxtree optimizer on module \conv1d_large_benchmark_top..
  Creating internal representation of mux trees.
  Evaluating internal representation of mux trees.
      Replacing known input bits on port A of cell $flatten\conv.\impl.$procmux$1914: \conv.impl.busy -> 1'0
      Replacing known input bits on port A of cell $flatten\conv.\impl.$procmux$1912: \conv.impl.busy -> 1'1
  Analyzing evaluation results.
Removed 0 multiplexer ports.
<suppressed ~80 debug messages>

5.10.4. Executing OPT_REDUCE pass (consolidate $*mux and $reduce_* inputs).
  Optimizing cells in module \conv1d_large_benchmark_top.
    New ctrl vector for $pmux cell $flatten\conv.\impl.$procmux$1119: { $flatten\conv.\impl.$procmux$1125_CMP $flatten\conv.\impl.$procmux$1124_CMP $flatten\conv.\impl.$procmux$1123_CMP $flatten\conv.\impl.$procmux$1121_CMP $auto$opt_reduce.cc:134:opt_pmux$2087 }
    New ctrl vector for $pmux cell $flatten\conv.\impl.$procmux$744: { $flatten\conv.\impl.$procmux$750_CMP $flatten\conv.\impl.$procmux$749_CMP $flatten\conv.\impl.$procmux$748_CMP $flatten\conv.\impl.$procmux$746_CMP $auto$opt_reduce.cc:134:opt_pmux$2089 }
    New ctrl vector for $pmux cell $flatten\conv.\impl.$procmux$869: { $flatten\conv.\impl.$procmux$875_CMP $flatten\conv.\impl.$procmux$874_CMP $flatten\conv.\impl.$procmux$873_CMP $flatten\conv.\impl.$procmux$871_CMP $auto$opt_reduce.cc:134:opt_pmux$2091 }
    New ctrl vector for $pmux cell $flatten\conv.\impl.$procmux$994: { $flatten\conv.\impl.$procmux$1000_CMP $flatten\conv.\impl.$procmux$999_CMP $flatten\conv.\impl.$procmux$998_CMP $flatten\conv.\impl.$procmux$996_CMP $auto$opt_reduce.cc:134:opt_pmux$2093 }
  Optimizing cells in module \conv1d_large_benchmark_top.
Performed a total of 4 changes.

5.10.5. Executing OPT_MERGE pass (detect identical cells).
Finding identical cells in module `\conv1d_large_benchmark_top'.
Removed a total of 0 cells.

5.10.6. Executing OPT_DFF pass (perform DFF optimizations).

5.10.7. Executing OPT_CLEAN pass (remove unused cells and wires).
Finding unused cells or wires in module \conv1d_large_benchmark_top..
Removed 1 unused cells and 10 unused wires.
<suppressed ~2 debug messages>

5.10.8. Executing OPT_EXPR pass (perform const folding).
Optimizing module conv1d_large_benchmark_top.

5.10.9. Rerunning OPT passes. (Maybe there is more to do..)

5.10.10. Executing OPT_MUXTREE pass (detect dead branches in mux trees).
Running muxtree optimizer on module \conv1d_large_benchmark_top..
  Creating internal representation of mux trees.
  Evaluating internal representation of mux trees.
  Analyzing evaluation results.
Removed 0 multiplexer ports.
<suppressed ~80 debug messages>

5.10.11. Executing OPT_REDUCE pass (consolidate $*mux and $reduce_* inputs).
  Optimizing cells in module \conv1d_large_benchmark_top.
Performed a total of 0 changes.

5.10.12. Executing OPT_MERGE pass (detect identical cells).
Finding identical cells in module `\conv1d_large_benchmark_top'.
Removed a total of 0 cells.

5.10.13. Executing OPT_DFF pass (perform DFF optimizations).

5.10.14. Executing OPT_CLEAN pass (remove unused cells and wires).
Finding unused cells or wires in module \conv1d_large_benchmark_top..

5.10.15. Executing OPT_EXPR pass (perform const folding).
Optimizing module conv1d_large_benchmark_top.

5.10.16. Finished OPT passes. (There is nothing left to do.)

5.11. Executing FSM pass (extract and optimize FSM).

5.11.1. Executing FSM_DETECT pass (finding FSMs in design).

5.11.2. Executing FSM_EXTRACT pass (extracting FSM from design).

5.11.3. Executing FSM_OPT pass (simple optimizations of FSMs).

5.11.4. Executing OPT_CLEAN pass (remove unused cells and wires).
Finding unused cells or wires in module \conv1d_large_benchmark_top..

5.11.5. Executing FSM_OPT pass (simple optimizations of FSMs).

5.11.6. Executing FSM_RECODE pass (re-assigning FSM state encoding).

5.11.7. Executing FSM_INFO pass (dumping all available information on FSM cells).

5.11.8. Executing FSM_MAP pass (mapping FSMs to basic logic).

5.12. Executing OPT pass (performing simple optimizations).

5.12.1. Executing OPT_EXPR pass (perform const folding).
Optimizing module conv1d_large_benchmark_top.

5.12.2. Executing OPT_MERGE pass (detect identical cells).
Finding identical cells in module `\conv1d_large_benchmark_top'.
Removed a total of 0 cells.

5.12.3. Executing OPT_MUXTREE pass (detect dead branches in mux trees).
Running muxtree optimizer on module \conv1d_large_benchmark_top..
  Creating internal representation of mux trees.
  Evaluating internal representation of mux trees.
  Analyzing evaluation results.
Removed 0 multiplexer ports.
<suppressed ~80 debug messages>

5.12.4. Executing OPT_REDUCE pass (consolidate $*mux and $reduce_* inputs).
  Optimizing cells in module \conv1d_large_benchmark_top.
Performed a total of 0 changes.

5.12.5. Executing OPT_MERGE pass (detect identical cells).
Finding identical cells in module `\conv1d_large_benchmark_top'.
Removed a total of 0 cells.

5.12.6. Executing OPT_DFF pass (perform DFF optimizations).
Adding SRST signal on $flatten\conv.\impl.$procdff$2047 ($dff) from module conv1d_large_benchmark_top (D = $flatten\conv.\impl.$procmux$1533_Y, Q = \conv.impl.tap[31], rval = 8'00000000).
Adding EN signal on $auto$ff.cc:266:slice$2094 ($sdff) from module conv1d_large_benchmark_top (D = \conv.impl.history[30], Q = \conv.impl.tap[31]).
Adding SRST signal on $flatten\conv.\impl.$procdff$2046 ($dff) from module conv1d_large_benchmark_top (D = $flatten\conv.\impl.$procmux$1539_Y, Q = \conv.impl.tap[30], rval = 8'00000000).
Adding EN signal on $auto$ff.cc:266:slice$2096 ($sdff) from module conv1d_large_benchmark_top (D = \conv.impl.history[29], Q = \conv.impl.tap[30]).
Adding SRST signal on $flatten\conv.\impl.$procdff$2045 ($dff) from module conv1d_large_benchmark_top (D = $flatten\conv.\impl.$procmux$1545_Y, Q = \conv.impl.tap[29], rval = 8'00000000).
Adding EN signal on $auto$ff.cc:266:slice$2098 ($sdff) from module conv1d_large_benchmark_top (D = \conv.impl.history[28], Q = \conv.impl.tap[29]).
Adding SRST signal on $flatten\conv.\impl.$procdff$2044 ($dff) from module conv1d_large_benchmark_top (D = $flatten\conv.\impl.$procmux$1551_Y, Q = \conv.impl.tap[28], rval = 8'00000000).
Adding EN signal on $auto$ff.cc:266:slice$2100 ($sdff) from module conv1d_large_benchmark_top (D = \conv.impl.history[27], Q = \conv.impl.tap[28]).
Adding SRST signal on $flatten\conv.\impl.$procdff$2043 ($dff) from module conv1d_large_benchmark_top (D = $flatten\conv.\impl.$procmux$1557_Y, Q = \conv.impl.tap[27], rval = 8'00000000).
Adding EN signal on $auto$ff.cc:266:slice$2102 ($sdff) from module conv1d_large_benchmark_top (D = \conv.impl.history[26], Q = \conv.impl.tap[27]).
Adding SRST signal on $flatten\conv.\impl.$procdff$2042 ($dff) from module conv1d_large_benchmark_top (D = $flatten\conv.\impl.$procmux$1563_Y, Q = \conv.impl.tap[26], rval = 8'00000000).
Adding EN signal on $auto$ff.cc:266:slice$2104 ($sdff) from module conv1d_large_benchmark_top (D = \conv.impl.history[25], Q = \conv.impl.tap[26]).
Adding SRST signal on $flatten\conv.\impl.$procdff$2041 ($dff) from module conv1d_large_benchmark_top (D = $flatten\conv.\impl.$procmux$1569_Y, Q = \conv.impl.tap[25], rval = 8'00000000).
Adding EN signal on $auto$ff.cc:266:slice$2106 ($sdff) from module conv1d_large_benchmark_top (D = \conv.impl.history[24], Q = \conv.impl.tap[25]).
Adding SRST signal on $flatten\conv.\impl.$procdff$2040 ($dff) from module conv1d_large_benchmark_top (D = $flatten\conv.\impl.$procmux$1575_Y, Q = \conv.impl.tap[24], rval = 8'00000000).
Adding EN signal on $auto$ff.cc:266:slice$2108 ($sdff) from module conv1d_large_benchmark_top (D = \conv.impl.history[23], Q = \conv.impl.tap[24]).
Adding SRST signal on $flatten\conv.\impl.$procdff$2039 ($dff) from module conv1d_large_benchmark_top (D = $flatten\conv.\impl.$procmux$1581_Y, Q = \conv.impl.tap[23], rval = 8'00000000).
Adding EN signal on $auto$ff.cc:266:slice$2110 ($sdff) from module conv1d_large_benchmark_top (D = \conv.impl.history[22], Q = \conv.impl.tap[23]).
Adding SRST signal on $flatten\conv.\impl.$procdff$2038 ($dff) from module conv1d_large_benchmark_top (D = $flatten\conv.\impl.$procmux$1587_Y, Q = \conv.impl.tap[22], rval = 8'00000000).
Adding EN signal on $auto$ff.cc:266:slice$2112 ($sdff) from module conv1d_large_benchmark_top (D = \conv.impl.history[21], Q = \conv.impl.tap[22]).
Adding SRST signal on $flatten\conv.\impl.$procdff$2037 ($dff) from module conv1d_large_benchmark_top (D = $flatten\conv.\impl.$procmux$1593_Y, Q = \conv.impl.tap[21], rval = 8'00000000).
Adding EN signal on $auto$ff.cc:266:slice$2114 ($sdff) from module conv1d_large_benchmark_top (D = \conv.impl.history[20], Q = \conv.impl.tap[21]).
Adding SRST signal on $flatten\conv.\impl.$procdff$2036 ($dff) from module conv1d_large_benchmark_top (D = $flatten\conv.\impl.$procmux$1599_Y, Q = \conv.impl.tap[20], rval = 8'00000000).
Adding EN signal on $auto$ff.cc:266:slice$2116 ($sdff) from module conv1d_large_benchmark_top (D = \conv.impl.history[19], Q = \conv.impl.tap[20]).
Adding SRST signal on $flatten\conv.\impl.$procdff$2035 ($dff) from module conv1d_large_benchmark_top (D = $flatten\conv.\impl.$procmux$1605_Y, Q = \conv.impl.tap[19], rval = 8'00000000).
Adding EN signal on $auto$ff.cc:266:slice$2118 ($sdff) from module conv1d_large_benchmark_top (D = \conv.impl.history[18], Q = \conv.impl.tap[19]).
Adding SRST signal on $flatten\conv.\impl.$procdff$2034 ($dff) from module conv1d_large_benchmark_top (D = $flatten\conv.\impl.$procmux$1611_Y, Q = \conv.impl.tap[18], rval = 8'00000000).
Adding EN signal on $auto$ff.cc:266:slice$2120 ($sdff) from module conv1d_large_benchmark_top (D = \conv.impl.history[17], Q = \conv.impl.tap[18]).
Adding SRST signal on $flatten\conv.\impl.$procdff$2033 ($dff) from module conv1d_large_benchmark_top (D = $flatten\conv.\impl.$procmux$1617_Y, Q = \conv.impl.tap[17], rval = 8'00000000).
Adding EN signal on $auto$ff.cc:266:slice$2122 ($sdff) from module conv1d_large_benchmark_top (D = \conv.impl.history[16], Q = \conv.impl.tap[17]).
Adding SRST signal on $flatten\conv.\impl.$procdff$2032 ($dff) from module conv1d_large_benchmark_top (D = $flatten\conv.\impl.$procmux$1623_Y, Q = \conv.impl.tap[16], rval = 8'00000000).
Adding EN signal on $auto$ff.cc:266:slice$2124 ($sdff) from module conv1d_large_benchmark_top (D = \conv.impl.history[15], Q = \conv.impl.tap[16]).
Adding SRST signal on $flatten\conv.\impl.$procdff$2031 ($dff) from module conv1d_large_benchmark_top (D = $flatten\conv.\impl.$procmux$1629_Y, Q = \conv.impl.tap[15], rval = 8'00000000).
Adding EN signal on $auto$ff.cc:266:slice$2126 ($sdff) from module conv1d_large_benchmark_top (D = \conv.impl.history[14], Q = \conv.impl.tap[15]).
Adding SRST signal on $flatten\conv.\impl.$procdff$2030 ($dff) from module conv1d_large_benchmark_top (D = $flatten\conv.\impl.$procmux$1635_Y, Q = \conv.impl.tap[14], rval = 8'00000000).
Adding EN signal on $auto$ff.cc:266:slice$2128 ($sdff) from module conv1d_large_benchmark_top (D = \conv.impl.history[13], Q = \conv.impl.tap[14]).
Adding SRST signal on $flatten\conv.\impl.$procdff$2029 ($dff) from module conv1d_large_benchmark_top (D = $flatten\conv.\impl.$procmux$1641_Y, Q = \conv.impl.tap[13], rval = 8'00000000).
Adding EN signal on $auto$ff.cc:266:slice$2130 ($sdff) from module conv1d_large_benchmark_top (D = \conv.impl.history[12], Q = \conv.impl.tap[13]).
Adding SRST signal on $flatten\conv.\impl.$procdff$2028 ($dff) from module conv1d_large_benchmark_top (D = $flatten\conv.\impl.$procmux$1647_Y, Q = \conv.impl.tap[12], rval = 8'00000000).
Adding EN signal on $auto$ff.cc:266:slice$2132 ($sdff) from module conv1d_large_benchmark_top (D = \conv.impl.history[11], Q = \conv.impl.tap[12]).
Adding SRST signal on $flatten\conv.\impl.$procdff$2027 ($dff) from module conv1d_large_benchmark_top (D = $flatten\conv.\impl.$procmux$1653_Y, Q = \conv.impl.tap[11], rval = 8'00000000).
Adding EN signal on $auto$ff.cc:266:slice$2134 ($sdff) from module conv1d_large_benchmark_top (D = \conv.impl.history[10], Q = \conv.impl.tap[11]).
Adding SRST signal on $flatten\conv.\impl.$procdff$2026 ($dff) from module conv1d_large_benchmark_top (D = $flatten\conv.\impl.$procmux$1659_Y, Q = \conv.impl.tap[10], rval = 8'00000000).
Adding EN signal on $auto$ff.cc:266:slice$2136 ($sdff) from module conv1d_large_benchmark_top (D = \conv.impl.history[9], Q = \conv.impl.tap[10]).
Adding SRST signal on $flatten\conv.\impl.$procdff$2025 ($dff) from module conv1d_large_benchmark_top (D = $flatten\conv.\impl.$procmux$1665_Y, Q = \conv.impl.tap[9], rval = 8'00000000).
Adding EN signal on $auto$ff.cc:266:slice$2138 ($sdff) from module conv1d_large_benchmark_top (D = \conv.impl.history[8], Q = \conv.impl.tap[9]).
Adding SRST signal on $flatten\conv.\impl.$procdff$2024 ($dff) from module conv1d_large_benchmark_top (D = $flatten\conv.\impl.$procmux$1671_Y, Q = \conv.impl.tap[8], rval = 8'00000000).
Adding EN signal on $auto$ff.cc:266:slice$2140 ($sdff) from module conv1d_large_benchmark_top (D = \conv.impl.history[7], Q = \conv.impl.tap[8]).
Adding SRST signal on $flatten\conv.\impl.$procdff$2023 ($dff) from module conv1d_large_benchmark_top (D = $flatten\conv.\impl.$procmux$1677_Y, Q = \conv.impl.tap[7], rval = 8'00000000).
Adding EN signal on $auto$ff.cc:266:slice$2142 ($sdff) from module conv1d_large_benchmark_top (D = \conv.impl.history[6], Q = \conv.impl.tap[7]).
Adding SRST signal on $flatten\conv.\impl.$procdff$2022 ($dff) from module conv1d_large_benchmark_top (D = $flatten\conv.\impl.$procmux$1683_Y, Q = \conv.impl.tap[6], rval = 8'00000000).
Adding EN signal on $auto$ff.cc:266:slice$2144 ($sdff) from module conv1d_large_benchmark_top (D = \conv.impl.history[5], Q = \conv.impl.tap[6]).
Adding SRST signal on $flatten\conv.\impl.$procdff$2021 ($dff) from module conv1d_large_benchmark_top (D = $flatten\conv.\impl.$procmux$1689_Y, Q = \conv.impl.tap[5], rval = 8'00000000).
Adding EN signal on $auto$ff.cc:266:slice$2146 ($sdff) from module conv1d_large_benchmark_top (D = \conv.impl.history[4], Q = \conv.impl.tap[5]).
Adding SRST signal on $flatten\conv.\impl.$procdff$2020 ($dff) from module conv1d_large_benchmark_top (D = $flatten\conv.\impl.$procmux$1695_Y, Q = \conv.impl.tap[4], rval = 8'00000000).
Adding EN signal on $auto$ff.cc:266:slice$2148 ($sdff) from module conv1d_large_benchmark_top (D = \conv.impl.history[3], Q = \conv.impl.tap[4]).
Adding SRST signal on $flatten\conv.\impl.$procdff$2019 ($dff) from module conv1d_large_benchmark_top (D = $flatten\conv.\impl.$procmux$1701_Y, Q = \conv.impl.tap[3], rval = 8'00000000).
Adding EN signal on $auto$ff.cc:266:slice$2150 ($sdff) from module conv1d_large_benchmark_top (D = \conv.impl.history[2], Q = \conv.impl.tap[3]).
Adding SRST signal on $flatten\conv.\impl.$procdff$2018 ($dff) from module conv1d_large_benchmark_top (D = $flatten\conv.\impl.$procmux$1707_Y, Q = \conv.impl.tap[2], rval = 8'00000000).
Adding EN signal on $auto$ff.cc:266:slice$2152 ($sdff) from module conv1d_large_benchmark_top (D = \conv.impl.history[1], Q = \conv.impl.tap[2]).
Adding SRST signal on $flatten\conv.\impl.$procdff$2017 ($dff) from module conv1d_large_benchmark_top (D = $flatten\conv.\impl.$procmux$1713_Y, Q = \conv.impl.tap[1], rval = 8'00000000).
Adding EN signal on $auto$ff.cc:266:slice$2154 ($sdff) from module conv1d_large_benchmark_top (D = \conv.impl.history[0], Q = \conv.impl.tap[1]).
Adding SRST signal on $flatten\conv.\impl.$procdff$2016 ($dff) from module conv1d_large_benchmark_top (D = $flatten\conv.\impl.$procmux$1719_Y, Q = \conv.impl.tap[0], rval = 8'00000000).
Adding EN signal on $auto$ff.cc:266:slice$2156 ($sdff) from module conv1d_large_benchmark_top (D = \sample_in, Q = \conv.impl.tap[0]).
Adding SRST signal on $flatten\conv.\impl.$procdff$2015 ($dff) from module conv1d_large_benchmark_top (D = $flatten\conv.\impl.$procmux$1725_Y, Q = \conv.impl.history[30], rval = 8'00000000).
Adding EN signal on $auto$ff.cc:266:slice$2158 ($sdff) from module conv1d_large_benchmark_top (D = \conv.impl.history[29], Q = \conv.impl.history[30]).
Adding SRST signal on $flatten\conv.\impl.$procdff$2014 ($dff) from module conv1d_large_benchmark_top (D = $flatten\conv.\impl.$procmux$1731_Y, Q = \conv.impl.history[29], rval = 8'00000000).
Adding EN signal on $auto$ff.cc:266:slice$2160 ($sdff) from module conv1d_large_benchmark_top (D = \conv.impl.history[28], Q = \conv.impl.history[29]).
Adding SRST signal on $flatten\conv.\impl.$procdff$2013 ($dff) from module conv1d_large_benchmark_top (D = $flatten\conv.\impl.$procmux$1737_Y, Q = \conv.impl.history[28], rval = 8'00000000).
Adding EN signal on $auto$ff.cc:266:slice$2162 ($sdff) from module conv1d_large_benchmark_top (D = \conv.impl.history[27], Q = \conv.impl.history[28]).
Adding SRST signal on $flatten\conv.\impl.$procdff$2012 ($dff) from module conv1d_large_benchmark_top (D = $flatten\conv.\impl.$procmux$1743_Y, Q = \conv.impl.history[27], rval = 8'00000000).
Adding EN signal on $auto$ff.cc:266:slice$2164 ($sdff) from module conv1d_large_benchmark_top (D = \conv.impl.history[26], Q = \conv.impl.history[27]).
Adding SRST signal on $flatten\conv.\impl.$procdff$2011 ($dff) from module conv1d_large_benchmark_top (D = $flatten\conv.\impl.$procmux$1749_Y, Q = \conv.impl.history[26], rval = 8'00000000).
Adding EN signal on $auto$ff.cc:266:slice$2166 ($sdff) from module conv1d_large_benchmark_top (D = \conv.impl.history[25], Q = \conv.impl.history[26]).
Adding SRST signal on $flatten\conv.\impl.$procdff$2010 ($dff) from module conv1d_large_benchmark_top (D = $flatten\conv.\impl.$procmux$1755_Y, Q = \conv.impl.history[25], rval = 8'00000000).
Adding EN signal on $auto$ff.cc:266:slice$2168 ($sdff) from module conv1d_large_benchmark_top (D = \conv.impl.history[24], Q = \conv.impl.history[25]).
Adding SRST signal on $flatten\conv.\impl.$procdff$2009 ($dff) from module conv1d_large_benchmark_top (D = $flatten\conv.\impl.$procmux$1761_Y, Q = \conv.impl.history[24], rval = 8'00000000).
Adding EN signal on $auto$ff.cc:266:slice$2170 ($sdff) from module conv1d_large_benchmark_top (D = \conv.impl.history[23], Q = \conv.impl.history[24]).
Adding SRST signal on $flatten\conv.\impl.$procdff$2008 ($dff) from module conv1d_large_benchmark_top (D = $flatten\conv.\impl.$procmux$1767_Y, Q = \conv.impl.history[23], rval = 8'00000000).
Adding EN signal on $auto$ff.cc:266:slice$2172 ($sdff) from module conv1d_large_benchmark_top (D = \conv.impl.history[22], Q = \conv.impl.history[23]).
Adding SRST signal on $flatten\conv.\impl.$procdff$2007 ($dff) from module conv1d_large_benchmark_top (D = $flatten\conv.\impl.$procmux$1773_Y, Q = \conv.impl.history[22], rval = 8'00000000).
Adding EN signal on $auto$ff.cc:266:slice$2174 ($sdff) from module conv1d_large_benchmark_top (D = \conv.impl.history[21], Q = \conv.impl.history[22]).
Adding SRST signal on $flatten\conv.\impl.$procdff$2006 ($dff) from module conv1d_large_benchmark_top (D = $flatten\conv.\impl.$procmux$1779_Y, Q = \conv.impl.history[21], rval = 8'00000000).
Adding EN signal on $auto$ff.cc:266:slice$2176 ($sdff) from module conv1d_large_benchmark_top (D = \conv.impl.history[20], Q = \conv.impl.history[21]).
Adding SRST signal on $flatten\conv.\impl.$procdff$2005 ($dff) from module conv1d_large_benchmark_top (D = $flatten\conv.\impl.$procmux$1785_Y, Q = \conv.impl.history[20], rval = 8'00000000).
Adding EN signal on $auto$ff.cc:266:slice$2178 ($sdff) from module conv1d_large_benchmark_top (D = \conv.impl.history[19], Q = \conv.impl.history[20]).
Adding SRST signal on $flatten\conv.\impl.$procdff$2004 ($dff) from module conv1d_large_benchmark_top (D = $flatten\conv.\impl.$procmux$1791_Y, Q = \conv.impl.history[19], rval = 8'00000000).
Adding EN signal on $auto$ff.cc:266:slice$2180 ($sdff) from module conv1d_large_benchmark_top (D = \conv.impl.history[18], Q = \conv.impl.history[19]).
Adding SRST signal on $flatten\conv.\impl.$procdff$2003 ($dff) from module conv1d_large_benchmark_top (D = $flatten\conv.\impl.$procmux$1797_Y, Q = \conv.impl.history[18], rval = 8'00000000).
Adding EN signal on $auto$ff.cc:266:slice$2182 ($sdff) from module conv1d_large_benchmark_top (D = \conv.impl.history[17], Q = \conv.impl.history[18]).
Adding SRST signal on $flatten\conv.\impl.$procdff$2002 ($dff) from module conv1d_large_benchmark_top (D = $flatten\conv.\impl.$procmux$1803_Y, Q = \conv.impl.history[17], rval = 8'00000000).
Adding EN signal on $auto$ff.cc:266:slice$2184 ($sdff) from module conv1d_large_benchmark_top (D = \conv.impl.history[16], Q = \conv.impl.history[17]).
Adding SRST signal on $flatten\conv.\impl.$procdff$2001 ($dff) from module conv1d_large_benchmark_top (D = $flatten\conv.\impl.$procmux$1809_Y, Q = \conv.impl.history[16], rval = 8'00000000).
Adding EN signal on $auto$ff.cc:266:slice$2186 ($sdff) from module conv1d_large_benchmark_top (D = \conv.impl.history[15], Q = \conv.impl.history[16]).
Adding SRST signal on $flatten\conv.\impl.$procdff$2000 ($dff) from module conv1d_large_benchmark_top (D = $flatten\conv.\impl.$procmux$1815_Y, Q = \conv.impl.history[15], rval = 8'00000000).
Adding EN signal on $auto$ff.cc:266:slice$2188 ($sdff) from module conv1d_large_benchmark_top (D = \conv.impl.history[14], Q = \conv.impl.history[15]).
Adding SRST signal on $flatten\conv.\impl.$procdff$1999 ($dff) from module conv1d_large_benchmark_top (D = $flatten\conv.\impl.$procmux$1821_Y, Q = \conv.impl.history[14], rval = 8'00000000).
Adding EN signal on $auto$ff.cc:266:slice$2190 ($sdff) from module conv1d_large_benchmark_top (D = \conv.impl.history[13], Q = \conv.impl.history[14]).
Adding SRST signal on $flatten\conv.\impl.$procdff$1998 ($dff) from module conv1d_large_benchmark_top (D = $flatten\conv.\impl.$procmux$1827_Y, Q = \conv.impl.history[13], rval = 8'00000000).
Adding EN signal on $auto$ff.cc:266:slice$2192 ($sdff) from module conv1d_large_benchmark_top (D = \conv.impl.history[12], Q = \conv.impl.history[13]).
Adding SRST signal on $flatten\conv.\impl.$procdff$1997 ($dff) from module conv1d_large_benchmark_top (D = $flatten\conv.\impl.$procmux$1833_Y, Q = \conv.impl.history[12], rval = 8'00000000).
Adding EN signal on $auto$ff.cc:266:slice$2194 ($sdff) from module conv1d_large_benchmark_top (D = \conv.impl.history[11], Q = \conv.impl.history[12]).
Adding SRST signal on $flatten\conv.\impl.$procdff$1996 ($dff) from module conv1d_large_benchmark_top (D = $flatten\conv.\impl.$procmux$1839_Y, Q = \conv.impl.history[11], rval = 8'00000000).
Adding EN signal on $auto$ff.cc:266:slice$2196 ($sdff) from module conv1d_large_benchmark_top (D = \conv.impl.history[10], Q = \conv.impl.history[11]).
Adding SRST signal on $flatten\conv.\impl.$procdff$1995 ($dff) from module conv1d_large_benchmark_top (D = $flatten\conv.\impl.$procmux$1845_Y, Q = \conv.impl.history[10], rval = 8'00000000).
Adding EN signal on $auto$ff.cc:266:slice$2198 ($sdff) from module conv1d_large_benchmark_top (D = \conv.impl.history[9], Q = \conv.impl.history[10]).
Adding SRST signal on $flatten\conv.\impl.$procdff$1994 ($dff) from module conv1d_large_benchmark_top (D = $flatten\conv.\impl.$procmux$1851_Y, Q = \conv.impl.history[9], rval = 8'00000000).
Adding EN signal on $auto$ff.cc:266:slice$2200 ($sdff) from module conv1d_large_benchmark_top (D = \conv.impl.history[8], Q = \conv.impl.history[9]).
Adding SRST signal on $flatten\conv.\impl.$procdff$1993 ($dff) from module conv1d_large_benchmark_top (D = $flatten\conv.\impl.$procmux$1857_Y, Q = \conv.impl.history[8], rval = 8'00000000).
Adding EN signal on $auto$ff.cc:266:slice$2202 ($sdff) from module conv1d_large_benchmark_top (D = \conv.impl.history[7], Q = \conv.impl.history[8]).
Adding SRST signal on $flatten\conv.\impl.$procdff$1992 ($dff) from module conv1d_large_benchmark_top (D = $flatten\conv.\impl.$procmux$1863_Y, Q = \conv.impl.history[7], rval = 8'00000000).
Adding EN signal on $auto$ff.cc:266:slice$2204 ($sdff) from module conv1d_large_benchmark_top (D = \conv.impl.history[6], Q = \conv.impl.history[7]).
Adding SRST signal on $flatten\conv.\impl.$procdff$1991 ($dff) from module conv1d_large_benchmark_top (D = $flatten\conv.\impl.$procmux$1869_Y, Q = \conv.impl.history[6], rval = 8'00000000).
Adding EN signal on $auto$ff.cc:266:slice$2206 ($sdff) from module conv1d_large_benchmark_top (D = \conv.impl.history[5], Q = \conv.impl.history[6]).
Adding SRST signal on $flatten\conv.\impl.$procdff$1990 ($dff) from module conv1d_large_benchmark_top (D = $flatten\conv.\impl.$procmux$1875_Y, Q = \conv.impl.history[5], rval = 8'00000000).
Adding EN signal on $auto$ff.cc:266:slice$2208 ($sdff) from module conv1d_large_benchmark_top (D = \conv.impl.history[4], Q = \conv.impl.history[5]).
Adding SRST signal on $flatten\conv.\impl.$procdff$1989 ($dff) from module conv1d_large_benchmark_top (D = $flatten\conv.\impl.$procmux$1881_Y, Q = \conv.impl.history[4], rval = 8'00000000).
Adding EN signal on $auto$ff.cc:266:slice$2210 ($sdff) from module conv1d_large_benchmark_top (D = \conv.impl.history[3], Q = \conv.impl.history[4]).
Adding SRST signal on $flatten\conv.\impl.$procdff$1988 ($dff) from module conv1d_large_benchmark_top (D = $flatten\conv.\impl.$procmux$1887_Y, Q = \conv.impl.history[3], rval = 8'00000000).
Adding EN signal on $auto$ff.cc:266:slice$2212 ($sdff) from module conv1d_large_benchmark_top (D = \conv.impl.history[2], Q = \conv.impl.history[3]).
Adding SRST signal on $flatten\conv.\impl.$procdff$1987 ($dff) from module conv1d_large_benchmark_top (D = $flatten\conv.\impl.$procmux$1893_Y, Q = \conv.impl.history[2], rval = 8'00000000).
Adding EN signal on $auto$ff.cc:266:slice$2214 ($sdff) from module conv1d_large_benchmark_top (D = \conv.impl.history[1], Q = \conv.impl.history[2]).
Adding SRST signal on $flatten\conv.\impl.$procdff$1986 ($dff) from module conv1d_large_benchmark_top (D = $flatten\conv.\impl.$procmux$1899_Y, Q = \conv.impl.history[1], rval = 8'00000000).
Adding EN signal on $auto$ff.cc:266:slice$2216 ($sdff) from module conv1d_large_benchmark_top (D = \conv.impl.history[0], Q = \conv.impl.history[1]).
Adding SRST signal on $flatten\conv.\impl.$procdff$1985 ($dff) from module conv1d_large_benchmark_top (D = $flatten\conv.\impl.$procmux$1905_Y, Q = \conv.impl.history[0], rval = 8'00000000).
Adding EN signal on $auto$ff.cc:266:slice$2218 ($sdff) from module conv1d_large_benchmark_top (D = \sample_in, Q = \conv.impl.history[0]).
Adding SRST signal on $flatten\conv.\impl.$procdff$1983 ($dff) from module conv1d_large_benchmark_top (D = $flatten\conv.\impl.$procmux$1917_Y, Q = \conv.impl.busy, rval = 1'0).
Adding SRST signal on $flatten\conv.\impl.$procdff$1982 ($dff) from module conv1d_large_benchmark_top (D = $flatten\conv.\impl.$procmux$1926_Y, Q = \conv.impl.tap_index, rval = 16'0000000000000000).
Adding EN signal on $auto$ff.cc:266:slice$2221 ($sdff) from module conv1d_large_benchmark_top (D = $flatten\conv.\impl.$procmux$1924_Y, Q = \conv.impl.tap_index).
Adding SRST signal on $flatten\conv.\impl.$procdff$1980 ($dff) from module conv1d_large_benchmark_top (D = $flatten\conv.\impl.$procmux$1938_Y, Q = \conv.impl.acc, rval = 0).
Adding EN signal on $auto$ff.cc:266:slice$2225 ($sdff) from module conv1d_large_benchmark_top (D = $flatten\conv.\impl.$add$/Users/adarmaori/Desktop/Final$20Project/FPGA/conv1d_large_4mult.v:89$649_Y, Q = \conv.impl.acc).
Adding SRST signal on $flatten\conv.\impl.$procdff$1979 ($dff) from module conv1d_large_benchmark_top (D = $flatten\conv.\impl.$procmux$1953_Y, Q = \conv.impl.sample_out, rval = 0).
Adding EN signal on $auto$ff.cc:266:slice$2233 ($sdff) from module conv1d_large_benchmark_top (D = $flatten\conv.\impl.$add$/Users/adarmaori/Desktop/Final$20Project/FPGA/conv1d_large_4mult.v:89$649_Y, Q = \conv.impl.sample_out).
Adding SRST signal on $flatten\conv.\impl.$procdff$1978 ($dff) from module conv1d_large_benchmark_top (D = $flatten\conv.\impl.$procmux$1468_Y, Q = \conv.impl.output_valid, rval = 1'0).

5.12.7. Executing OPT_CLEAN pass (remove unused cells and wires).
Finding unused cells or wires in module \conv1d_large_benchmark_top..
Removed 141 unused cells and 141 unused wires.
<suppressed ~142 debug messages>

5.12.8. Executing OPT_EXPR pass (perform const folding).
Optimizing module conv1d_large_benchmark_top.

5.12.9. Rerunning OPT passes. (Maybe there is more to do..)

5.12.10. Executing OPT_MUXTREE pass (detect dead branches in mux trees).
Running muxtree optimizer on module \conv1d_large_benchmark_top..
  Creating internal representation of mux trees.
  Evaluating internal representation of mux trees.
  Analyzing evaluation results.
Removed 0 multiplexer ports.
<suppressed ~15 debug messages>

5.12.11. Executing OPT_REDUCE pass (consolidate $*mux and $reduce_* inputs).
  Optimizing cells in module \conv1d_large_benchmark_top.
Performed a total of 0 changes.

5.12.12. Executing OPT_MERGE pass (detect identical cells).
Finding identical cells in module `\conv1d_large_benchmark_top'.
<suppressed ~96 debug messages>
Removed a total of 32 cells.

5.12.13. Executing OPT_DFF pass (perform DFF optimizations).

5.12.14. Executing OPT_CLEAN pass (remove unused cells and wires).
Finding unused cells or wires in module \conv1d_large_benchmark_top..
Removed 0 unused cells and 1 unused wires.
<suppressed ~1 debug messages>

5.12.15. Executing OPT_EXPR pass (perform const folding).
Optimizing module conv1d_large_benchmark_top.

5.12.16. Rerunning OPT passes. (Maybe there is more to do..)

5.12.17. Executing OPT_MUXTREE pass (detect dead branches in mux trees).
Running muxtree optimizer on module \conv1d_large_benchmark_top..
  Creating internal representation of mux trees.
  Evaluating internal representation of mux trees.
  Analyzing evaluation results.
Removed 0 multiplexer ports.
<suppressed ~15 debug messages>

5.12.18. Executing OPT_REDUCE pass (consolidate $*mux and $reduce_* inputs).
  Optimizing cells in module \conv1d_large_benchmark_top.
Performed a total of 0 changes.

5.12.19. Executing OPT_MERGE pass (detect identical cells).
Finding identical cells in module `\conv1d_large_benchmark_top'.
Removed a total of 0 cells.

5.12.20. Executing OPT_DFF pass (perform DFF optimizations).

5.12.21. Executing OPT_CLEAN pass (remove unused cells and wires).
Finding unused cells or wires in module \conv1d_large_benchmark_top..

5.12.22. Executing OPT_EXPR pass (perform const folding).
Optimizing module conv1d_large_benchmark_top.

5.12.23. Finished OPT passes. (There is nothing left to do.)

5.13. Executing WREDUCE pass (reducing word size of cells).
Removed top 16 bits (of 32) from port A of cell conv1d_large_benchmark_top.$flatten\conv.\impl.$lt$/Users/adarmaori/Desktop/Final$20Project/FPGA/conv1d_large_4mult.v:83$596 ($lt).
Removed top 26 bits (of 32) from port B of cell conv1d_large_benchmark_top.$flatten\conv.\impl.$lt$/Users/adarmaori/Desktop/Final$20Project/FPGA/conv1d_large_4mult.v:83$596 ($lt).
Removed top 16 bits (of 32) from port Y of cell conv1d_large_benchmark_top.$flatten\conv.\impl.$mul$/Users/adarmaori/Desktop/Final$20Project/FPGA/conv1d_large_4mult.v:84$606 ($mul).
Removed top 31 bits (of 32) from port B of cell conv1d_large_benchmark_top.$flatten\conv.\impl.$add$/Users/adarmaori/Desktop/Final$20Project/FPGA/conv1d_large_4mult.v:83$608 ($add).
Removed top 15 bits (of 32) from port Y of cell conv1d_large_benchmark_top.$flatten\conv.\impl.$add$/Users/adarmaori/Desktop/Final$20Project/FPGA/conv1d_large_4mult.v:83$608 ($add).
Removed top 15 bits (of 32) from port A of cell conv1d_large_benchmark_top.$flatten\conv.\impl.$lt$/Users/adarmaori/Desktop/Final$20Project/FPGA/conv1d_large_4mult.v:83$609 ($lt).
Removed top 26 bits (of 32) from port B of cell conv1d_large_benchmark_top.$flatten\conv.\impl.$lt$/Users/adarmaori/Desktop/Final$20Project/FPGA/conv1d_large_4mult.v:83$609 ($lt).
Removed top 16 bits (of 32) from port Y of cell conv1d_large_benchmark_top.$flatten\conv.\impl.$mul$/Users/adarmaori/Desktop/Final$20Project/FPGA/conv1d_large_4mult.v:84$619 ($mul).
Removed top 16 bits (of 32) from port B of cell conv1d_large_benchmark_top.$flatten\conv.\impl.$add$/Users/adarmaori/Desktop/Final$20Project/FPGA/conv1d_large_4mult.v:84$620 ($add).
Removed top 30 bits (of 32) from port B of cell conv1d_large_benchmark_top.$flatten\conv.\impl.$add$/Users/adarmaori/Desktop/Final$20Project/FPGA/conv1d_large_4mult.v:83$621 ($add).
Removed top 15 bits (of 32) from port Y of cell conv1d_large_benchmark_top.$flatten\conv.\impl.$add$/Users/adarmaori/Desktop/Final$20Project/FPGA/conv1d_large_4mult.v:83$621 ($add).
Removed top 15 bits (of 32) from port A of cell conv1d_large_benchmark_top.$flatten\conv.\impl.$lt$/Users/adarmaori/Desktop/Final$20Project/FPGA/conv1d_large_4mult.v:83$622 ($lt).
Removed top 26 bits (of 32) from port B of cell conv1d_large_benchmark_top.$flatten\conv.\impl.$lt$/Users/adarmaori/Desktop/Final$20Project/FPGA/conv1d_large_4mult.v:83$622 ($lt).
Removed top 16 bits (of 32) from port Y of cell conv1d_large_benchmark_top.$flatten\conv.\impl.$mul$/Users/adarmaori/Desktop/Final$20Project/FPGA/conv1d_large_4mult.v:84$632 ($mul).
Removed top 16 bits (of 32) from port B of cell conv1d_large_benchmark_top.$flatten\conv.\impl.$add$/Users/adarmaori/Desktop/Final$20Project/FPGA/conv1d_large_4mult.v:84$633 ($add).
Removed top 30 bits (of 32) from port B of cell conv1d_large_benchmark_top.$flatten\conv.\impl.$add$/Users/adarmaori/Desktop/Final$20Project/FPGA/conv1d_large_4mult.v:83$634 ($add).
Removed top 15 bits (of 32) from port Y of cell conv1d_large_benchmark_top.$flatten\conv.\impl.$add$/Users/adarmaori/Desktop/Final$20Project/FPGA/conv1d_large_4mult.v:83$634 ($add).
Removed top 15 bits (of 32) from port A of cell conv1d_large_benchmark_top.$flatten\conv.\impl.$lt$/Users/adarmaori/Desktop/Final$20Project/FPGA/conv1d_large_4mult.v:83$635 ($lt).
Removed top 26 bits (of 32) from port B of cell conv1d_large_benchmark_top.$flatten\conv.\impl.$lt$/Users/adarmaori/Desktop/Final$20Project/FPGA/conv1d_large_4mult.v:83$635 ($lt).
Removed top 16 bits (of 32) from port Y of cell conv1d_large_benchmark_top.$flatten\conv.\impl.$mul$/Users/adarmaori/Desktop/Final$20Project/FPGA/conv1d_large_4mult.v:84$645 ($mul).
Removed top 16 bits (of 32) from port B of cell conv1d_large_benchmark_top.$flatten\conv.\impl.$add$/Users/adarmaori/Desktop/Final$20Project/FPGA/conv1d_large_4mult.v:84$646 ($add).
Removed top 29 bits (of 32) from port B of cell conv1d_large_benchmark_top.$flatten\conv.\impl.$add$/Users/adarmaori/Desktop/Final$20Project/FPGA/conv1d_large_4mult.v:88$647 ($add).
Removed top 15 bits (of 32) from port Y of cell conv1d_large_benchmark_top.$flatten\conv.\impl.$add$/Users/adarmaori/Desktop/Final$20Project/FPGA/conv1d_large_4mult.v:88$647 ($add).
Removed top 15 bits (of 32) from port A of cell conv1d_large_benchmark_top.$flatten\conv.\impl.$ge$/Users/adarmaori/Desktop/Final$20Project/FPGA/conv1d_large_4mult.v:88$648 ($ge).
Removed top 26 bits (of 32) from port B of cell conv1d_large_benchmark_top.$flatten\conv.\impl.$ge$/Users/adarmaori/Desktop/Final$20Project/FPGA/conv1d_large_4mult.v:88$648 ($ge).
Removed top 13 bits (of 16) from port B of cell conv1d_large_benchmark_top.$flatten\conv.\impl.$add$/Users/adarmaori/Desktop/Final$20Project/FPGA/conv1d_large_4mult.v:95$651 ($add).
Removed top 1 bits (of 5) from port B of cell conv1d_large_benchmark_top.$flatten\conv.\impl.$procmux$715_CMP0 ($eq).
Removed top 1 bits (of 5) from port B of cell conv1d_large_benchmark_top.$flatten\conv.\impl.$procmux$716_CMP0 ($eq).
Removed top 1 bits (of 5) from port B of cell conv1d_large_benchmark_top.$flatten\conv.\impl.$procmux$717_CMP0 ($eq).
Removed top 1 bits (of 5) from port B of cell conv1d_large_benchmark_top.$flatten\conv.\impl.$procmux$718_CMP0 ($eq).
Removed top 1 bits (of 5) from port B of cell conv1d_large_benchmark_top.$flatten\conv.\impl.$procmux$719_CMP0 ($eq).
Removed top 1 bits (of 5) from port B of cell conv1d_large_benchmark_top.$flatten\conv.\impl.$procmux$720_CMP0 ($eq).
Removed top 1 bits (of 5) from port B of cell conv1d_large_benchmark_top.$flatten\conv.\impl.$procmux$721_CMP0 ($eq).
Removed top 1 bits (of 5) from port B of cell conv1d_large_benchmark_top.$flatten\conv.\impl.$procmux$722_CMP0 ($eq).
Removed top 2 bits (of 5) from port B of cell conv1d_large_benchmark_top.$flatten\conv.\impl.$procmux$723_CMP0 ($eq).
Removed top 2 bits (of 5) from port B of cell conv1d_large_benchmark_top.$flatten\conv.\impl.$procmux$724_CMP0 ($eq).
Removed top 2 bits (of 5) from port B of cell conv1d_large_benchmark_top.$flatten\conv.\impl.$procmux$725_CMP0 ($eq).
Removed top 2 bits (of 5) from port B of cell conv1d_large_benchmark_top.$flatten\conv.\impl.$procmux$726_CMP0 ($eq).
Removed top 3 bits (of 5) from port B of cell conv1d_large_benchmark_top.$flatten\conv.\impl.$procmux$727_CMP0 ($eq).
Removed top 3 bits (of 5) from port B of cell conv1d_large_benchmark_top.$flatten\conv.\impl.$procmux$728_CMP0 ($eq).
Removed top 4 bits (of 5) from port B of cell conv1d_large_benchmark_top.$flatten\conv.\impl.$procmux$729_CMP0 ($eq).
Removed top 29 bits (of 32) from port B of cell conv1d_large_benchmark_top.$flatten\conv.\impl.$procmux$745_CMP0 ($eq).
Removed top 29 bits (of 32) from port B of cell conv1d_large_benchmark_top.$flatten\conv.\impl.$procmux$746_CMP0 ($eq).
Removed top 29 bits (of 32) from port B of cell conv1d_large_benchmark_top.$flatten\conv.\impl.$procmux$747_CMP0 ($eq).
Removed top 30 bits (of 32) from port B of cell conv1d_large_benchmark_top.$flatten\conv.\impl.$procmux$748_CMP0 ($eq).
Removed top 30 bits (of 32) from port B of cell conv1d_large_benchmark_top.$flatten\conv.\impl.$procmux$749_CMP0 ($eq).
Removed top 31 bits (of 32) from port B of cell conv1d_large_benchmark_top.$flatten\conv.\impl.$procmux$750_CMP0 ($eq).
Removed top 1 bits (of 5) from port B of cell conv1d_large_benchmark_top.$flatten\conv.\impl.$procmux$840_CMP0 ($eq).
Removed top 1 bits (of 5) from port B of cell conv1d_large_benchmark_top.$flatten\conv.\impl.$procmux$841_CMP0 ($eq).
Removed top 1 bits (of 5) from port B of cell conv1d_large_benchmark_top.$flatten\conv.\impl.$procmux$842_CMP0 ($eq).
Removed top 1 bits (of 5) from port B of cell conv1d_large_benchmark_top.$flatten\conv.\impl.$procmux$843_CMP0 ($eq).
Removed top 1 bits (of 5) from port B of cell conv1d_large_benchmark_top.$flatten\conv.\impl.$procmux$844_CMP0 ($eq).
Removed top 1 bits (of 5) from port B of cell conv1d_large_benchmark_top.$flatten\conv.\impl.$procmux$845_CMP0 ($eq).
Removed top 1 bits (of 5) from port B of cell conv1d_large_benchmark_top.$flatten\conv.\impl.$procmux$846_CMP0 ($eq).
Removed top 1 bits (of 5) from port B of cell conv1d_large_benchmark_top.$flatten\conv.\impl.$procmux$847_CMP0 ($eq).
Removed top 2 bits (of 5) from port B of cell conv1d_large_benchmark_top.$flatten\conv.\impl.$procmux$848_CMP0 ($eq).
Removed top 2 bits (of 5) from port B of cell conv1d_large_benchmark_top.$flatten\conv.\impl.$procmux$849_CMP0 ($eq).
Removed top 2 bits (of 5) from port B of cell conv1d_large_benchmark_top.$flatten\conv.\impl.$procmux$850_CMP0 ($eq).
Removed top 2 bits (of 5) from port B of cell conv1d_large_benchmark_top.$flatten\conv.\impl.$procmux$851_CMP0 ($eq).
Removed top 3 bits (of 5) from port B of cell conv1d_large_benchmark_top.$flatten\conv.\impl.$procmux$852_CMP0 ($eq).
Removed top 3 bits (of 5) from port B of cell conv1d_large_benchmark_top.$flatten\conv.\impl.$procmux$853_CMP0 ($eq).
Removed top 4 bits (of 5) from port B of cell conv1d_large_benchmark_top.$flatten\conv.\impl.$procmux$854_CMP0 ($eq).
Removed top 29 bits (of 32) from port B of cell conv1d_large_benchmark_top.$flatten\conv.\impl.$procmux$870_CMP0 ($eq).
Removed top 29 bits (of 32) from port B of cell conv1d_large_benchmark_top.$flatten\conv.\impl.$procmux$871_CMP0 ($eq).
Removed top 29 bits (of 32) from port B of cell conv1d_large_benchmark_top.$flatten\conv.\impl.$procmux$872_CMP0 ($eq).
Removed top 30 bits (of 32) from port B of cell conv1d_large_benchmark_top.$flatten\conv.\impl.$procmux$873_CMP0 ($eq).
Removed top 30 bits (of 32) from port B of cell conv1d_large_benchmark_top.$flatten\conv.\impl.$procmux$874_CMP0 ($eq).
Removed top 31 bits (of 32) from port B of cell conv1d_large_benchmark_top.$flatten\conv.\impl.$procmux$875_CMP0 ($eq).
Removed top 1 bits (of 5) from port B of cell conv1d_large_benchmark_top.$flatten\conv.\impl.$procmux$965_CMP0 ($eq).
Removed top 1 bits (of 5) from port B of cell conv1d_large_benchmark_top.$flatten\conv.\impl.$procmux$966_CMP0 ($eq).
Removed top 1 bits (of 5) from port B of cell conv1d_large_benchmark_top.$flatten\conv.\impl.$procmux$967_CMP0 ($eq).
Removed top 1 bits (of 5) from port B of cell conv1d_large_benchmark_top.$flatten\conv.\impl.$procmux$968_CMP0 ($eq).
Removed top 1 bits (of 5) from port B of cell conv1d_large_benchmark_top.$flatten\conv.\impl.$procmux$969_CMP0 ($eq).
Removed top 1 bits (of 5) from port B of cell conv1d_large_benchmark_top.$flatten\conv.\impl.$procmux$970_CMP0 ($eq).
Removed top 1 bits (of 5) from port B of cell conv1d_large_benchmark_top.$flatten\conv.\impl.$procmux$971_CMP0 ($eq).
Removed top 1 bits (of 5) from port B of cell conv1d_large_benchmark_top.$flatten\conv.\impl.$procmux$972_CMP0 ($eq).
Removed top 2 bits (of 5) from port B of cell conv1d_large_benchmark_top.$flatten\conv.\impl.$procmux$973_CMP0 ($eq).
Removed top 2 bits (of 5) from port B of cell conv1d_large_benchmark_top.$flatten\conv.\impl.$procmux$974_CMP0 ($eq).
Removed top 2 bits (of 5) from port B of cell conv1d_large_benchmark_top.$flatten\conv.\impl.$procmux$975_CMP0 ($eq).
Removed top 2 bits (of 5) from port B of cell conv1d_large_benchmark_top.$flatten\conv.\impl.$procmux$976_CMP0 ($eq).
Removed top 3 bits (of 5) from port B of cell conv1d_large_benchmark_top.$flatten\conv.\impl.$procmux$977_CMP0 ($eq).
Removed top 3 bits (of 5) from port B of cell conv1d_large_benchmark_top.$flatten\conv.\impl.$procmux$978_CMP0 ($eq).
Removed top 4 bits (of 5) from port B of cell conv1d_large_benchmark_top.$flatten\conv.\impl.$procmux$979_CMP0 ($eq).
Removed top 29 bits (of 32) from port B of cell conv1d_large_benchmark_top.$flatten\conv.\impl.$procmux$995_CMP0 ($eq).
Removed top 29 bits (of 32) from port B of cell conv1d_large_benchmark_top.$flatten\conv.\impl.$procmux$996_CMP0 ($eq).
Removed top 29 bits (of 32) from port B of cell conv1d_large_benchmark_top.$flatten\conv.\impl.$procmux$997_CMP0 ($eq).
Removed top 30 bits (of 32) from port B of cell conv1d_large_benchmark_top.$flatten\conv.\impl.$procmux$998_CMP0 ($eq).
Removed top 30 bits (of 32) from port B of cell conv1d_large_benchmark_top.$flatten\conv.\impl.$procmux$999_CMP0 ($eq).
Removed top 31 bits (of 32) from port B of cell conv1d_large_benchmark_top.$flatten\conv.\impl.$procmux$1000_CMP0 ($eq).
Removed top 1 bits (of 5) from port B of cell conv1d_large_benchmark_top.$flatten\conv.\impl.$procmux$1090_CMP0 ($eq).
Removed top 1 bits (of 5) from port B of cell conv1d_large_benchmark_top.$flatten\conv.\impl.$procmux$1091_CMP0 ($eq).
Removed top 1 bits (of 5) from port B of cell conv1d_large_benchmark_top.$flatten\conv.\impl.$procmux$1092_CMP0 ($eq).
Removed top 1 bits (of 5) from port B of cell conv1d_large_benchmark_top.$flatten\conv.\impl.$procmux$1093_CMP0 ($eq).
Removed top 1 bits (of 5) from port B of cell conv1d_large_benchmark_top.$flatten\conv.\impl.$procmux$1094_CMP0 ($eq).
Removed top 1 bits (of 5) from port B of cell conv1d_large_benchmark_top.$flatten\conv.\impl.$procmux$1095_CMP0 ($eq).
Removed top 1 bits (of 5) from port B of cell conv1d_large_benchmark_top.$flatten\conv.\impl.$procmux$1096_CMP0 ($eq).
Removed top 1 bits (of 5) from port B of cell conv1d_large_benchmark_top.$flatten\conv.\impl.$procmux$1097_CMP0 ($eq).
Removed top 2 bits (of 5) from port B of cell conv1d_large_benchmark_top.$flatten\conv.\impl.$procmux$1098_CMP0 ($eq).
Removed top 2 bits (of 5) from port B of cell conv1d_large_benchmark_top.$flatten\conv.\impl.$procmux$1099_CMP0 ($eq).
Removed top 2 bits (of 5) from port B of cell conv1d_large_benchmark_top.$flatten\conv.\impl.$procmux$1100_CMP0 ($eq).
Removed top 2 bits (of 5) from port B of cell conv1d_large_benchmark_top.$flatten\conv.\impl.$procmux$1101_CMP0 ($eq).
Removed top 3 bits (of 5) from port B of cell conv1d_large_benchmark_top.$flatten\conv.\impl.$procmux$1102_CMP0 ($eq).
Removed top 3 bits (of 5) from port B of cell conv1d_large_benchmark_top.$flatten\conv.\impl.$procmux$1103_CMP0 ($eq).
Removed top 4 bits (of 5) from port B of cell conv1d_large_benchmark_top.$flatten\conv.\impl.$procmux$1104_CMP0 ($eq).
Removed top 1 bits (of 3) from port B of cell conv1d_large_benchmark_top.$flatten\conv.\impl.$procmux$1123_CMP0 ($eq).
Removed top 1 bits (of 3) from port B of cell conv1d_large_benchmark_top.$flatten\conv.\impl.$procmux$1124_CMP0 ($eq).
Removed top 2 bits (of 3) from port B of cell conv1d_large_benchmark_top.$flatten\conv.\impl.$procmux$1125_CMP0 ($eq).
Removed top 15 bits (of 32) from wire conv1d_large_benchmark_top.$flatten\conv.\impl.$add$/Users/adarmaori/Desktop/Final$20Project/FPGA/conv1d_large_4mult.v:83$608_Y.
Removed top 15 bits (of 32) from wire conv1d_large_benchmark_top.$flatten\conv.\impl.$add$/Users/adarmaori/Desktop/Final$20Project/FPGA/conv1d_large_4mult.v:83$621_Y.
Removed top 15 bits (of 32) from wire conv1d_large_benchmark_top.$flatten\conv.\impl.$add$/Users/adarmaori/Desktop/Final$20Project/FPGA/conv1d_large_4mult.v:83$634_Y.
Removed top 15 bits (of 32) from wire conv1d_large_benchmark_top.$flatten\conv.\impl.$add$/Users/adarmaori/Desktop/Final$20Project/FPGA/conv1d_large_4mult.v:88$647_Y.

5.14. Executing PEEPOPT pass (run peephole optimizers).

5.15. Executing OPT_CLEAN pass (remove unused cells and wires).
Finding unused cells or wires in module \conv1d_large_benchmark_top..
Removed 0 unused cells and 4 unused wires.
<suppressed ~1 debug messages>

5.16. Executing SHARE pass (SAT-based resource sharing).
Found 4 cells in module conv1d_large_benchmark_top that may be considered for resource sharing.
  Analyzing resource sharing options for $flatten\conv.\impl.$mul$/Users/adarmaori/Desktop/Final$20Project/FPGA/conv1d_large_4mult.v:84$645 ($mul):
    Found 1 activation_patterns using ctrl signal { $flatten\conv.\impl.$lt$/Users/adarmaori/Desktop/Final$20Project/FPGA/conv1d_large_4mult.v:83$635_Y $flatten\conv.\impl.$logic_and$/Users/adarmaori/Desktop/Final$20Project/FPGA/conv1d_large_4mult.v:66$562_Y \conv.impl.busy \rst }.
    Found 3 candidates: $flatten\conv.\impl.$mul$/Users/adarmaori/Desktop/Final$20Project/FPGA/conv1d_large_4mult.v:84$632 $flatten\conv.\impl.$mul$/Users/adarmaori/Desktop/Final$20Project/FPGA/conv1d_large_4mult.v:84$619 $flatten\conv.\impl.$mul$/Users/adarmaori/Desktop/Final$20Project/FPGA/conv1d_large_4mult.v:84$606
    Analyzing resource sharing with $flatten\conv.\impl.$mul$/Users/adarmaori/Desktop/Final$20Project/FPGA/conv1d_large_4mult.v:84$632 ($mul):
      Found 1 activation_patterns using ctrl signal { $flatten\conv.\impl.$lt$/Users/adarmaori/Desktop/Final$20Project/FPGA/conv1d_large_4mult.v:83$622_Y $flatten\conv.\impl.$logic_and$/Users/adarmaori/Desktop/Final$20Project/FPGA/conv1d_large_4mult.v:66$562_Y \conv.impl.busy \rst }.
      Activation pattern for cell $flatten\conv.\impl.$mul$/Users/adarmaori/Desktop/Final$20Project/FPGA/conv1d_large_4mult.v:84$645: { $flatten\conv.\impl.$lt$/Users/adarmaori/Desktop/Final$20Project/FPGA/conv1d_large_4mult.v:83$635_Y $flatten\conv.\impl.$logic_and$/Users/adarmaori/Desktop/Final$20Project/FPGA/conv1d_large_4mult.v:66$562_Y \conv.impl.busy \rst } = 4'1010
      Activation pattern for cell $flatten\conv.\impl.$mul$/Users/adarmaori/Desktop/Final$20Project/FPGA/conv1d_large_4mult.v:84$632: { $flatten\conv.\impl.$lt$/Users/adarmaori/Desktop/Final$20Project/FPGA/conv1d_large_4mult.v:83$622_Y $flatten\conv.\impl.$logic_and$/Users/adarmaori/Desktop/Final$20Project/FPGA/conv1d_large_4mult.v:66$562_Y \conv.impl.busy \rst } = 4'1010
      Size of SAT problem: 0 cells, 429 variables, 1158 clauses
      According to the SAT solver this pair of cells can not be shared.
      Model from SAT solver: { $flatten\conv.\impl.$lt$/Users/adarmaori/Desktop/Final$20Project/FPGA/conv1d_large_4mult.v:83$635_Y $flatten\conv.\impl.$lt$/Users/adarmaori/Desktop/Final$20Project/FPGA/conv1d_large_4mult.v:83$622_Y $flatten\conv.\impl.$logic_and$/Users/adarmaori/Desktop/Final$20Project/FPGA/conv1d_large_4mult.v:66$562_Y \conv.impl.busy \rst } = 5'11010
    Analyzing resource sharing with $flatten\conv.\impl.$mul$/Users/adarmaori/Desktop/Final$20Project/FPGA/conv1d_large_4mult.v:84$619 ($mul):
      Found 1 activation_patterns using ctrl signal { $flatten\conv.\impl.$lt$/Users/adarmaori/Desktop/Final$20Project/FPGA/conv1d_large_4mult.v:83$609_Y $flatten\conv.\impl.$logic_and$/Users/adarmaori/Desktop/Final$20Project/FPGA/conv1d_large_4mult.v:66$562_Y \conv.impl.busy \rst }.
      Activation pattern for cell $flatten\conv.\impl.$mul$/Users/adarmaori/Desktop/Final$20Project/FPGA/conv1d_large_4mult.v:84$645: { $flatten\conv.\impl.$lt$/Users/adarmaori/Desktop/Final$20Project/FPGA/conv1d_large_4mult.v:83$635_Y $flatten\conv.\impl.$logic_and$/Users/adarmaori/Desktop/Final$20Project/FPGA/conv1d_large_4mult.v:66$562_Y \conv.impl.busy \rst } = 4'1010
      Activation pattern for cell $flatten\conv.\impl.$mul$/Users/adarmaori/Desktop/Final$20Project/FPGA/conv1d_large_4mult.v:84$619: { $flatten\conv.\impl.$lt$/Users/adarmaori/Desktop/Final$20Project/FPGA/conv1d_large_4mult.v:83$609_Y $flatten\conv.\impl.$logic_and$/Users/adarmaori/Desktop/Final$20Project/FPGA/conv1d_large_4mult.v:66$562_Y \conv.impl.busy \rst } = 4'1010
      Size of SAT problem: 0 cells, 428 variables, 1155 clauses
      According to the SAT solver this pair of cells can not be shared.
      Model from SAT solver: { $flatten\conv.\impl.$lt$/Users/adarmaori/Desktop/Final$20Project/FPGA/conv1d_large_4mult.v:83$635_Y $flatten\conv.\impl.$lt$/Users/adarmaori/Desktop/Final$20Project/FPGA/conv1d_large_4mult.v:83$609_Y $flatten\conv.\impl.$logic_and$/Users/adarmaori/Desktop/Final$20Project/FPGA/conv1d_large_4mult.v:66$562_Y \conv.impl.busy \rst } = 5'11010
    Analyzing resource sharing with $flatten\conv.\impl.$mul$/Users/adarmaori/Desktop/Final$20Project/FPGA/conv1d_large_4mult.v:84$606 ($mul):
      Found 1 activation_patterns using ctrl signal { $flatten\conv.\impl.$lt$/Users/adarmaori/Desktop/Final$20Project/FPGA/conv1d_large_4mult.v:83$596_Y $flatten\conv.\impl.$logic_and$/Users/adarmaori/Desktop/Final$20Project/FPGA/conv1d_large_4mult.v:66$562_Y \conv.impl.busy \rst }.
      Activation pattern for cell $flatten\conv.\impl.$mul$/Users/adarmaori/Desktop/Final$20Project/FPGA/conv1d_large_4mult.v:84$645: { $flatten\conv.\impl.$lt$/Users/adarmaori/Desktop/Final$20Project/FPGA/conv1d_large_4mult.v:83$635_Y $flatten\conv.\impl.$logic_and$/Users/adarmaori/Desktop/Final$20Project/FPGA/conv1d_large_4mult.v:66$562_Y \conv.impl.busy \rst } = 4'1010
      Activation pattern for cell $flatten\conv.\impl.$mul$/Users/adarmaori/Desktop/Final$20Project/FPGA/conv1d_large_4mult.v:84$606: { $flatten\conv.\impl.$lt$/Users/adarmaori/Desktop/Final$20Project/FPGA/conv1d_large_4mult.v:83$596_Y $flatten\conv.\impl.$logic_and$/Users/adarmaori/Desktop/Final$20Project/FPGA/conv1d_large_4mult.v:66$562_Y \conv.impl.busy \rst } = 4'1010
      Size of SAT problem: 0 cells, 282 variables, 751 clauses
      According to the SAT solver this pair of cells can not be shared.
      Model from SAT solver: { $flatten\conv.\impl.$lt$/Users/adarmaori/Desktop/Final$20Project/FPGA/conv1d_large_4mult.v:83$635_Y $flatten\conv.\impl.$lt$/Users/adarmaori/Desktop/Final$20Project/FPGA/conv1d_large_4mult.v:83$596_Y $flatten\conv.\impl.$logic_and$/Users/adarmaori/Desktop/Final$20Project/FPGA/conv1d_large_4mult.v:66$562_Y \conv.impl.busy \rst } = 5'11010
  Analyzing resource sharing options for $flatten\conv.\impl.$mul$/Users/adarmaori/Desktop/Final$20Project/FPGA/conv1d_large_4mult.v:84$632 ($mul):
    Found 1 activation_patterns using ctrl signal { $flatten\conv.\impl.$lt$/Users/adarmaori/Desktop/Final$20Project/FPGA/conv1d_large_4mult.v:83$622_Y $flatten\conv.\impl.$logic_and$/Users/adarmaori/Desktop/Final$20Project/FPGA/conv1d_large_4mult.v:66$562_Y \conv.impl.busy \rst }.
    Found 2 candidates: $flatten\conv.\impl.$mul$/Users/adarmaori/Desktop/Final$20Project/FPGA/conv1d_large_4mult.v:84$619 $flatten\conv.\impl.$mul$/Users/adarmaori/Desktop/Final$20Project/FPGA/conv1d_large_4mult.v:84$606
    Analyzing resource sharing with $flatten\conv.\impl.$mul$/Users/adarmaori/Desktop/Final$20Project/FPGA/conv1d_large_4mult.v:84$619 ($mul):
      Found 1 activation_patterns using ctrl signal { $flatten\conv.\impl.$lt$/Users/adarmaori/Desktop/Final$20Project/FPGA/conv1d_large_4mult.v:83$609_Y $flatten\conv.\impl.$logic_and$/Users/adarmaori/Desktop/Final$20Project/FPGA/conv1d_large_4mult.v:66$562_Y \conv.impl.busy \rst }.
      Activation pattern for cell $flatten\conv.\impl.$mul$/Users/adarmaori/Desktop/Final$20Project/FPGA/conv1d_large_4mult.v:84$632: { $flatten\conv.\impl.$lt$/Users/adarmaori/Desktop/Final$20Project/FPGA/conv1d_large_4mult.v:83$622_Y $flatten\conv.\impl.$logic_and$/Users/adarmaori/Desktop/Final$20Project/FPGA/conv1d_large_4mult.v:66$562_Y \conv.impl.busy \rst } = 4'1010
      Activation pattern for cell $flatten\conv.\impl.$mul$/Users/adarmaori/Desktop/Final$20Project/FPGA/conv1d_large_4mult.v:84$619: { $flatten\conv.\impl.$lt$/Users/adarmaori/Desktop/Final$20Project/FPGA/conv1d_large_4mult.v:83$609_Y $flatten\conv.\impl.$logic_and$/Users/adarmaori/Desktop/Final$20Project/FPGA/conv1d_large_4mult.v:66$562_Y \conv.impl.busy \rst } = 4'1010
      Size of SAT problem: 0 cells, 430 variables, 1161 clauses
      According to the SAT solver this pair of cells can not be shared.
      Model from SAT solver: { $flatten\conv.\impl.$lt$/Users/adarmaori/Desktop/Final$20Project/FPGA/conv1d_large_4mult.v:83$622_Y $flatten\conv.\impl.$lt$/Users/adarmaori/Desktop/Final$20Project/FPGA/conv1d_large_4mult.v:83$609_Y $flatten\conv.\impl.$logic_and$/Users/adarmaori/Desktop/Final$20Project/FPGA/conv1d_large_4mult.v:66$562_Y \conv.impl.busy \rst } = 5'11010
    Analyzing resource sharing with $flatten\conv.\impl.$mul$/Users/adarmaori/Desktop/Final$20Project/FPGA/conv1d_large_4mult.v:84$606 ($mul):
      Found 1 activation_patterns using ctrl signal { $flatten\conv.\impl.$lt$/Users/adarmaori/Desktop/Final$20Project/FPGA/conv1d_large_4mult.v:83$596_Y $flatten\conv.\impl.$logic_and$/Users/adarmaori/Desktop/Final$20Project/FPGA/conv1d_large_4mult.v:66$562_Y \conv.impl.busy \rst }.
      Activation pattern for cell $flatten\conv.\impl.$mul$/Users/adarmaori/Desktop/Final$20Project/FPGA/conv1d_large_4mult.v:84$632: { $flatten\conv.\impl.$lt$/Users/adarmaori/Desktop/Final$20Project/FPGA/conv1d_large_4mult.v:83$622_Y $flatten\conv.\impl.$logic_and$/Users/adarmaori/Desktop/Final$20Project/FPGA/conv1d_large_4mult.v:66$562_Y \conv.impl.busy \rst } = 4'1010
      Activation pattern for cell $flatten\conv.\impl.$mul$/Users/adarmaori/Desktop/Final$20Project/FPGA/conv1d_large_4mult.v:84$606: { $flatten\conv.\impl.$lt$/Users/adarmaori/Desktop/Final$20Project/FPGA/conv1d_large_4mult.v:83$596_Y $flatten\conv.\impl.$logic_and$/Users/adarmaori/Desktop/Final$20Project/FPGA/conv1d_large_4mult.v:66$562_Y \conv.impl.busy \rst } = 4'1010
      Size of SAT problem: 0 cells, 281 variables, 748 clauses
      According to the SAT solver this pair of cells can not be shared.
      Model from SAT solver: { $flatten\conv.\impl.$lt$/Users/adarmaori/Desktop/Final$20Project/FPGA/conv1d_large_4mult.v:83$622_Y $flatten\conv.\impl.$lt$/Users/adarmaori/Desktop/Final$20Project/FPGA/conv1d_large_4mult.v:83$596_Y $flatten\conv.\impl.$logic_and$/Users/adarmaori/Desktop/Final$20Project/FPGA/conv1d_large_4mult.v:66$562_Y \conv.impl.busy \rst } = 5'11010
  Analyzing resource sharing options for $flatten\conv.\impl.$mul$/Users/adarmaori/Desktop/Final$20Project/FPGA/conv1d_large_4mult.v:84$619 ($mul):
    Found 1 activation_patterns using ctrl signal { $flatten\conv.\impl.$lt$/Users/adarmaori/Desktop/Final$20Project/FPGA/conv1d_large_4mult.v:83$609_Y $flatten\conv.\impl.$logic_and$/Users/adarmaori/Desktop/Final$20Project/FPGA/conv1d_large_4mult.v:66$562_Y \conv.impl.busy \rst }.
    Found 1 candidates: $flatten\conv.\impl.$mul$/Users/adarmaori/Desktop/Final$20Project/FPGA/conv1d_large_4mult.v:84$606
    Analyzing resource sharing with $flatten\conv.\impl.$mul$/Users/adarmaori/Desktop/Final$20Project/FPGA/conv1d_large_4mult.v:84$606 ($mul):
      Found 1 activation_patterns using ctrl signal { $flatten\conv.\impl.$lt$/Users/adarmaori/Desktop/Final$20Project/FPGA/conv1d_large_4mult.v:83$596_Y $flatten\conv.\impl.$logic_and$/Users/adarmaori/Desktop/Final$20Project/FPGA/conv1d_large_4mult.v:66$562_Y \conv.impl.busy \rst }.
      Activation pattern for cell $flatten\conv.\impl.$mul$/Users/adarmaori/Desktop/Final$20Project/FPGA/conv1d_large_4mult.v:84$619: { $flatten\conv.\impl.$lt$/Users/adarmaori/Desktop/Final$20Project/FPGA/conv1d_large_4mult.v:83$609_Y $flatten\conv.\impl.$logic_and$/Users/adarmaori/Desktop/Final$20Project/FPGA/conv1d_large_4mult.v:66$562_Y \conv.impl.busy \rst } = 4'1010
      Activation pattern for cell $flatten\conv.\impl.$mul$/Users/adarmaori/Desktop/Final$20Project/FPGA/conv1d_large_4mult.v:84$606: { $flatten\conv.\impl.$lt$/Users/adarmaori/Desktop/Final$20Project/FPGA/conv1d_large_4mult.v:83$596_Y $flatten\conv.\impl.$logic_and$/Users/adarmaori/Desktop/Final$20Project/FPGA/conv1d_large_4mult.v:66$562_Y \conv.impl.busy \rst } = 4'1010
      Size of SAT problem: 0 cells, 283 variables, 754 clauses
      According to the SAT solver this pair of cells can not be shared.
      Model from SAT solver: { $flatten\conv.\impl.$lt$/Users/adarmaori/Desktop/Final$20Project/FPGA/conv1d_large_4mult.v:83$609_Y $flatten\conv.\impl.$lt$/Users/adarmaori/Desktop/Final$20Project/FPGA/conv1d_large_4mult.v:83$596_Y $flatten\conv.\impl.$logic_and$/Users/adarmaori/Desktop/Final$20Project/FPGA/conv1d_large_4mult.v:66$562_Y \conv.impl.busy \rst } = 5'11010
  Analyzing resource sharing options for $flatten\conv.\impl.$mul$/Users/adarmaori/Desktop/Final$20Project/FPGA/conv1d_large_4mult.v:84$606 ($mul):
    Found 1 activation_patterns using ctrl signal { $flatten\conv.\impl.$lt$/Users/adarmaori/Desktop/Final$20Project/FPGA/conv1d_large_4mult.v:83$596_Y $flatten\conv.\impl.$logic_and$/Users/adarmaori/Desktop/Final$20Project/FPGA/conv1d_large_4mult.v:66$562_Y \conv.impl.busy \rst }.
    No candidates found.

5.17. Executing TECHMAP pass (map to technology primitives).

5.17.1. Executing Verilog-2005 frontend: /opt/homebrew/bin/../share/yosys/cmp2lut.v
Parsing Verilog input from `/opt/homebrew/bin/../share/yosys/cmp2lut.v' to AST representation.
Generating RTLIL representation for module `\_90_lut_cmp_'.
Successfully finished Verilog frontend.

5.17.2. Continuing TECHMAP pass.
No more expansions possible.
<suppressed ~88 debug messages>

5.18. Executing OPT_EXPR pass (perform const folding).
Optimizing module conv1d_large_benchmark_top.
<suppressed ~3 debug messages>

5.19. Executing OPT_CLEAN pass (remove unused cells and wires).
Finding unused cells or wires in module \conv1d_large_benchmark_top..
Removed 3 unused cells and 6 unused wires.
<suppressed ~4 debug messages>

5.20. Executing ALUMACC pass (create $alu and $macc cells).
Extracting $alu and $macc cells in module conv1d_large_benchmark_top:
  creating $macc model for $flatten\conv.\impl.$add$/Users/adarmaori/Desktop/Final$20Project/FPGA/conv1d_large_4mult.v:83$608 ($add).
  creating $macc model for $flatten\conv.\impl.$add$/Users/adarmaori/Desktop/Final$20Project/FPGA/conv1d_large_4mult.v:83$621 ($add).
  creating $macc model for $flatten\conv.\impl.$add$/Users/adarmaori/Desktop/Final$20Project/FPGA/conv1d_large_4mult.v:83$634 ($add).
  creating $macc model for $flatten\conv.\impl.$add$/Users/adarmaori/Desktop/Final$20Project/FPGA/conv1d_large_4mult.v:84$620 ($add).
  creating $macc model for $flatten\conv.\impl.$add$/Users/adarmaori/Desktop/Final$20Project/FPGA/conv1d_large_4mult.v:84$633 ($add).
  creating $macc model for $flatten\conv.\impl.$add$/Users/adarmaori/Desktop/Final$20Project/FPGA/conv1d_large_4mult.v:84$646 ($add).
  creating $macc model for $flatten\conv.\impl.$add$/Users/adarmaori/Desktop/Final$20Project/FPGA/conv1d_large_4mult.v:88$647 ($add).
  creating $macc model for $flatten\conv.\impl.$add$/Users/adarmaori/Desktop/Final$20Project/FPGA/conv1d_large_4mult.v:89$649 ($add).
  creating $macc model for $flatten\conv.\impl.$add$/Users/adarmaori/Desktop/Final$20Project/FPGA/conv1d_large_4mult.v:95$651 ($add).
  creating $macc model for $flatten\conv.\impl.$mul$/Users/adarmaori/Desktop/Final$20Project/FPGA/conv1d_large_4mult.v:84$606 ($mul).
  creating $macc model for $flatten\conv.\impl.$mul$/Users/adarmaori/Desktop/Final$20Project/FPGA/conv1d_large_4mult.v:84$619 ($mul).
  creating $macc model for $flatten\conv.\impl.$mul$/Users/adarmaori/Desktop/Final$20Project/FPGA/conv1d_large_4mult.v:84$632 ($mul).
  creating $macc model for $flatten\conv.\impl.$mul$/Users/adarmaori/Desktop/Final$20Project/FPGA/conv1d_large_4mult.v:84$645 ($mul).
  merging $macc model for $flatten\conv.\impl.$mul$/Users/adarmaori/Desktop/Final$20Project/FPGA/conv1d_large_4mult.v:84$645 into $flatten\conv.\impl.$add$/Users/adarmaori/Desktop/Final$20Project/FPGA/conv1d_large_4mult.v:84$646.
  merging $macc model for $flatten\conv.\impl.$mul$/Users/adarmaori/Desktop/Final$20Project/FPGA/conv1d_large_4mult.v:84$632 into $flatten\conv.\impl.$add$/Users/adarmaori/Desktop/Final$20Project/FPGA/conv1d_large_4mult.v:84$633.
  merging $macc model for $flatten\conv.\impl.$mul$/Users/adarmaori/Desktop/Final$20Project/FPGA/conv1d_large_4mult.v:84$619 into $flatten\conv.\impl.$add$/Users/adarmaori/Desktop/Final$20Project/FPGA/conv1d_large_4mult.v:84$620.
  creating $alu model for $macc $flatten\conv.\impl.$add$/Users/adarmaori/Desktop/Final$20Project/FPGA/conv1d_large_4mult.v:95$651.
  creating $alu model for $macc $flatten\conv.\impl.$add$/Users/adarmaori/Desktop/Final$20Project/FPGA/conv1d_large_4mult.v:89$649.
  creating $alu model for $macc $flatten\conv.\impl.$add$/Users/adarmaori/Desktop/Final$20Project/FPGA/conv1d_large_4mult.v:88$647.
  creating $alu model for $macc $flatten\conv.\impl.$add$/Users/adarmaori/Desktop/Final$20Project/FPGA/conv1d_large_4mult.v:83$634.
  creating $alu model for $macc $flatten\conv.\impl.$add$/Users/adarmaori/Desktop/Final$20Project/FPGA/conv1d_large_4mult.v:83$621.
  creating $alu model for $macc $flatten\conv.\impl.$add$/Users/adarmaori/Desktop/Final$20Project/FPGA/conv1d_large_4mult.v:83$608.
  creating $macc cell for $flatten\conv.\impl.$add$/Users/adarmaori/Desktop/Final$20Project/FPGA/conv1d_large_4mult.v:84$620: $auto$alumacc.cc:365:replace_macc$2249
  creating $macc cell for $flatten\conv.\impl.$add$/Users/adarmaori/Desktop/Final$20Project/FPGA/conv1d_large_4mult.v:84$646: $auto$alumacc.cc:365:replace_macc$2250
  creating $macc cell for $flatten\conv.\impl.$add$/Users/adarmaori/Desktop/Final$20Project/FPGA/conv1d_large_4mult.v:84$633: $auto$alumacc.cc:365:replace_macc$2251
  creating $macc cell for $flatten\conv.\impl.$mul$/Users/adarmaori/Desktop/Final$20Project/FPGA/conv1d_large_4mult.v:84$606: $auto$alumacc.cc:365:replace_macc$2252
  creating $alu model for $flatten\conv.\impl.$ge$/Users/adarmaori/Desktop/Final$20Project/FPGA/conv1d_large_4mult.v:88$648 ($ge): new $alu
  creating $alu model for $flatten\conv.\impl.$lt$/Users/adarmaori/Desktop/Final$20Project/FPGA/conv1d_large_4mult.v:83$596 ($lt): new $alu
  creating $alu model for $flatten\conv.\impl.$lt$/Users/adarmaori/Desktop/Final$20Project/FPGA/conv1d_large_4mult.v:83$609 ($lt): new $alu
  creating $alu model for $flatten\conv.\impl.$lt$/Users/adarmaori/Desktop/Final$20Project/FPGA/conv1d_large_4mult.v:83$622 ($lt): new $alu
  creating $alu model for $flatten\conv.\impl.$lt$/Users/adarmaori/Desktop/Final$20Project/FPGA/conv1d_large_4mult.v:83$635 ($lt): new $alu
  creating $alu cell for $flatten\conv.\impl.$lt$/Users/adarmaori/Desktop/Final$20Project/FPGA/conv1d_large_4mult.v:83$635: $auto$alumacc.cc:485:replace_alu$2258
  creating $alu cell for $flatten\conv.\impl.$lt$/Users/adarmaori/Desktop/Final$20Project/FPGA/conv1d_large_4mult.v:83$622: $auto$alumacc.cc:485:replace_alu$2269
  creating $alu cell for $flatten\conv.\impl.$lt$/Users/adarmaori/Desktop/Final$20Project/FPGA/conv1d_large_4mult.v:83$609: $auto$alumacc.cc:485:replace_alu$2280
  creating $alu cell for $flatten\conv.\impl.$lt$/Users/adarmaori/Desktop/Final$20Project/FPGA/conv1d_large_4mult.v:83$596: $auto$alumacc.cc:485:replace_alu$2291
  creating $alu cell for $flatten\conv.\impl.$ge$/Users/adarmaori/Desktop/Final$20Project/FPGA/conv1d_large_4mult.v:88$648: $auto$alumacc.cc:485:replace_alu$2302
  creating $alu cell for $flatten\conv.\impl.$add$/Users/adarmaori/Desktop/Final$20Project/FPGA/conv1d_large_4mult.v:83$608: $auto$alumacc.cc:485:replace_alu$2311
  creating $alu cell for $flatten\conv.\impl.$add$/Users/adarmaori/Desktop/Final$20Project/FPGA/conv1d_large_4mult.v:83$621: $auto$alumacc.cc:485:replace_alu$2314
  creating $alu cell for $flatten\conv.\impl.$add$/Users/adarmaori/Desktop/Final$20Project/FPGA/conv1d_large_4mult.v:83$634: $auto$alumacc.cc:485:replace_alu$2317
  creating $alu cell for $flatten\conv.\impl.$add$/Users/adarmaori/Desktop/Final$20Project/FPGA/conv1d_large_4mult.v:89$649: $auto$alumacc.cc:485:replace_alu$2320
  creating $alu cell for $flatten\conv.\impl.$add$/Users/adarmaori/Desktop/Final$20Project/FPGA/conv1d_large_4mult.v:88$647: $auto$alumacc.cc:485:replace_alu$2323
  creating $alu cell for $flatten\conv.\impl.$add$/Users/adarmaori/Desktop/Final$20Project/FPGA/conv1d_large_4mult.v:95$651: $auto$alumacc.cc:485:replace_alu$2326
  created 11 $alu and 4 $macc cells.

5.21. Executing OPT pass (performing simple optimizations).

5.21.1. Executing OPT_EXPR pass (perform const folding).
Optimizing module conv1d_large_benchmark_top.
<suppressed ~12 debug messages>

5.21.2. Executing OPT_MERGE pass (detect identical cells).
Finding identical cells in module `\conv1d_large_benchmark_top'.
Removed a total of 0 cells.

5.21.3. Executing OPT_MUXTREE pass (detect dead branches in mux trees).
Running muxtree optimizer on module \conv1d_large_benchmark_top..
  Creating internal representation of mux trees.
  Evaluating internal representation of mux trees.
  Analyzing evaluation results.
Removed 0 multiplexer ports.
<suppressed ~15 debug messages>

5.21.4. Executing OPT_REDUCE pass (consolidate $*mux and $reduce_* inputs).
  Optimizing cells in module \conv1d_large_benchmark_top.
Performed a total of 0 changes.

5.21.5. Executing OPT_MERGE pass (detect identical cells).
Finding identical cells in module `\conv1d_large_benchmark_top'.
Removed a total of 0 cells.

5.21.6. Executing OPT_DFF pass (perform DFF optimizations).

5.21.7. Executing OPT_CLEAN pass (remove unused cells and wires).
Finding unused cells or wires in module \conv1d_large_benchmark_top..
Removed 7 unused cells and 12 unused wires.
<suppressed ~8 debug messages>

5.21.8. Executing OPT_EXPR pass (perform const folding).
Optimizing module conv1d_large_benchmark_top.

5.21.9. Rerunning OPT passes. (Maybe there is more to do..)

5.21.10. Executing OPT_MUXTREE pass (detect dead branches in mux trees).
Running muxtree optimizer on module \conv1d_large_benchmark_top..
  Creating internal representation of mux trees.
  Evaluating internal representation of mux trees.
  Analyzing evaluation results.
Removed 0 multiplexer ports.
<suppressed ~15 debug messages>

5.21.11. Executing OPT_REDUCE pass (consolidate $*mux and $reduce_* inputs).
  Optimizing cells in module \conv1d_large_benchmark_top.
Performed a total of 0 changes.

5.21.12. Executing OPT_MERGE pass (detect identical cells).
Finding identical cells in module `\conv1d_large_benchmark_top'.
Removed a total of 0 cells.

5.21.13. Executing OPT_DFF pass (perform DFF optimizations).

5.21.14. Executing OPT_CLEAN pass (remove unused cells and wires).
Finding unused cells or wires in module \conv1d_large_benchmark_top..

5.21.15. Executing OPT_EXPR pass (perform const folding).
Optimizing module conv1d_large_benchmark_top.

5.21.16. Finished OPT passes. (There is nothing left to do.)

5.22. Executing MEMORY pass.

5.22.1. Executing OPT_MEM pass (optimize memories).
Performed a total of 0 transformations.

5.22.2. Executing OPT_MEM_PRIORITY pass (removing unnecessary memory write priority relations).
Performed a total of 0 transformations.

5.22.3. Executing OPT_MEM_FEEDBACK pass (finding memory read-to-write feedback paths).

5.22.4. Executing MEMORY_BMUX2ROM pass (converting muxes to ROMs).

5.22.5. Executing MEMORY_DFF pass (merging $dff cells to $memrd).

5.22.6. Executing OPT_CLEAN pass (remove unused cells and wires).
Finding unused cells or wires in module \conv1d_large_benchmark_top..

5.22.7. Executing MEMORY_SHARE pass (consolidating $memrd/$memwr cells).

5.22.8. Executing OPT_MEM_WIDEN pass (optimize memories where all ports are wide).
Performed a total of 0 transformations.

5.22.9. Executing OPT_CLEAN pass (remove unused cells and wires).
Finding unused cells or wires in module \conv1d_large_benchmark_top..

5.22.10. Executing MEMORY_COLLECT pass (generating $mem cells).

5.23. Executing OPT_CLEAN pass (remove unused cells and wires).
Finding unused cells or wires in module \conv1d_large_benchmark_top..

5.24. Executing MEMORY_LIBMAP pass (mapping memories to cells).

5.25. Executing TECHMAP pass (map to technology primitives).

5.25.1. Executing Verilog-2005 frontend: /opt/homebrew/bin/../share/yosys/ice40/brams_map.v
Parsing Verilog input from `/opt/homebrew/bin/../share/yosys/ice40/brams_map.v' to AST representation.
Generating RTLIL representation for module `\$__ICE40_RAM4K_'.
Successfully finished Verilog frontend.

5.25.2. Executing Verilog-2005 frontend: /opt/homebrew/bin/../share/yosys/ice40/spram_map.v
Parsing Verilog input from `/opt/homebrew/bin/../share/yosys/ice40/spram_map.v' to AST representation.
Generating RTLIL representation for module `\$__ICE40_SPRAM_'.
Successfully finished Verilog frontend.

5.25.3. Continuing TECHMAP pass.
No more expansions possible.
<suppressed ~4 debug messages>

5.26. Executing ICE40_BRAMINIT pass.

5.27. Executing OPT pass (performing simple optimizations).

5.27.1. Executing OPT_EXPR pass (perform const folding).
Optimizing module conv1d_large_benchmark_top.
<suppressed ~52 debug messages>

5.27.2. Executing OPT_MERGE pass (detect identical cells).
Finding identical cells in module `\conv1d_large_benchmark_top'.
Removed a total of 0 cells.

5.27.3. Executing OPT_DFF pass (perform DFF optimizations).
Adding EN signal on $auto$ff.cc:266:slice$2224 ($sdffe) from module conv1d_large_benchmark_top (D = $flatten\conv.\impl.$procmux$1924_Y [1:0], Q = \conv.impl.tap_index [1:0]).

5.27.4. Executing OPT_CLEAN pass (remove unused cells and wires).
Finding unused cells or wires in module \conv1d_large_benchmark_top..
Removed 4 unused cells and 49 unused wires.
<suppressed ~5 debug messages>

5.27.5. Rerunning OPT passes. (Removed registers in this run.)

5.27.6. Executing OPT_EXPR pass (perform const folding).
Optimizing module conv1d_large_benchmark_top.
<suppressed ~1 debug messages>

5.27.7. Executing OPT_MERGE pass (detect identical cells).
Finding identical cells in module `\conv1d_large_benchmark_top'.
Removed a total of 0 cells.

5.27.8. Executing OPT_DFF pass (perform DFF optimizations).

5.27.9. Executing OPT_CLEAN pass (remove unused cells and wires).
Finding unused cells or wires in module \conv1d_large_benchmark_top..
Removed 0 unused cells and 1 unused wires.
<suppressed ~1 debug messages>

5.27.10. Finished fast OPT passes.

5.28. Executing MEMORY_MAP pass (converting memories to logic and flip-flops).

5.29. Executing OPT pass (performing simple optimizations).

5.29.1. Executing OPT_EXPR pass (perform const folding).
Optimizing module conv1d_large_benchmark_top.

5.29.2. Executing OPT_MERGE pass (detect identical cells).
Finding identical cells in module `\conv1d_large_benchmark_top'.
Removed a total of 0 cells.

5.29.3. Executing OPT_MUXTREE pass (detect dead branches in mux trees).
Running muxtree optimizer on module \conv1d_large_benchmark_top..
  Creating internal representation of mux trees.
  Evaluating internal representation of mux trees.
  Analyzing evaluation results.
Removed 0 multiplexer ports.
<suppressed ~14 debug messages>

5.29.4. Executing OPT_REDUCE pass (consolidate $*mux and $reduce_* inputs).
  Optimizing cells in module \conv1d_large_benchmark_top.
    Consolidated identical input bits for $pmux cell $flatten\conv.\impl.$procmux$1119:
      Old ports: A=8'00000010, B=40'1111111100000011000000001111111000000001, Y=$flatten\conv.\impl.$5\tap_weight$func$/Users/adarmaori/Desktop/Final$20Project/FPGA/conv1d_large_4mult.v:84$519.$result[7:0]$603
      New ports: A=3'010, B=15'111011000110001, Y=$flatten\conv.\impl.$5\tap_weight$func$/Users/adarmaori/Desktop/Final$20Project/FPGA/conv1d_large_4mult.v:84$519.$result[7:0]$603 [2:0]
      New connections: $flatten\conv.\impl.$5\tap_weight$func$/Users/adarmaori/Desktop/Final$20Project/FPGA/conv1d_large_4mult.v:84$519.$result[7:0]$603 [7:3] = { $flatten\conv.\impl.$5\tap_weight$func$/Users/adarmaori/Desktop/Final$20Project/FPGA/conv1d_large_4mult.v:84$519.$result[7:0]$603 [2] $flatten\conv.\impl.$5\tap_weight$func$/Users/adarmaori/Desktop/Final$20Project/FPGA/conv1d_large_4mult.v:84$519.$result[7:0]$603 [2] $flatten\conv.\impl.$5\tap_weight$func$/Users/adarmaori/Desktop/Final$20Project/FPGA/conv1d_large_4mult.v:84$519.$result[7:0]$603 [2] $flatten\conv.\impl.$5\tap_weight$func$/Users/adarmaori/Desktop/Final$20Project/FPGA/conv1d_large_4mult.v:84$519.$result[7:0]$603 [2] $flatten\conv.\impl.$5\tap_weight$func$/Users/adarmaori/Desktop/Final$20Project/FPGA/conv1d_large_4mult.v:84$519.$result[7:0]$603 [2] }
    Consolidated identical input bits for $mux cell $flatten\conv.\impl.$procmux$1138:
      Old ports: A={ $flatten\conv.\impl.$add$/Users/adarmaori/Desktop/Final$20Project/FPGA/conv1d_large_4mult.v:84$607_Y [31] $flatten\conv.\impl.$add$/Users/adarmaori/Desktop/Final$20Project/FPGA/conv1d_large_4mult.v:84$607_Y [31] $flatten\conv.\impl.$add$/Users/adarmaori/Desktop/Final$20Project/FPGA/conv1d_large_4mult.v:84$607_Y [31] $flatten\conv.\impl.$add$/Users/adarmaori/Desktop/Final$20Project/FPGA/conv1d_large_4mult.v:84$607_Y [31] $flatten\conv.\impl.$add$/Users/adarmaori/Desktop/Final$20Project/FPGA/conv1d_large_4mult.v:84$607_Y [31] $flatten\conv.\impl.$add$/Users/adarmaori/Desktop/Final$20Project/FPGA/conv1d_large_4mult.v:84$607_Y [31] $flatten\conv.\impl.$add$/Users/adarmaori/Desktop/Final$20Project/FPGA/conv1d_large_4mult.v:84$607_Y [31] $flatten\conv.\impl.$add$/Users/adarmaori/Desktop/Final$20Project/FPGA/conv1d_large_4mult.v:84$607_Y [31] $flatten\conv.\impl.$add$/Users/adarmaori/Desktop/Final$20Project/FPGA/conv1d_large_4mult.v:84$607_Y [31] $flatten\conv.\impl.$add$/Users/adarmaori/Desktop/Final$20Project/FPGA/conv1d_large_4mult.v:84$607_Y [31] $flatten\conv.\impl.$add$/Users/adarmaori/Desktop/Final$20Project/FPGA/conv1d_large_4mult.v:84$607_Y [31] $flatten\conv.\impl.$add$/Users/adarmaori/Desktop/Final$20Project/FPGA/conv1d_large_4mult.v:84$607_Y [31] $flatten\conv.\impl.$add$/Users/adarmaori/Desktop/Final$20Project/FPGA/conv1d_large_4mult.v:84$607_Y [31] $flatten\conv.\impl.$add$/Users/adarmaori/Desktop/Final$20Project/FPGA/conv1d_large_4mult.v:84$607_Y [31] $flatten\conv.\impl.$add$/Users/adarmaori/Desktop/Final$20Project/FPGA/conv1d_large_4mult.v:84$607_Y [31] $flatten\conv.\impl.$add$/Users/adarmaori/Desktop/Final$20Project/FPGA/conv1d_large_4mult.v:84$607_Y [31] $flatten\conv.\impl.$add$/Users/adarmaori/Desktop/Final$20Project/FPGA/conv1d_large_4mult.v:84$607_Y [31] $flatten\conv.\impl.$add$/Users/adarmaori/Desktop/Final$20Project/FPGA/conv1d_large_4mult.v:84$607_Y [14:0] }, B=0, Y=$flatten\conv.\impl.$4\group_sum[31:0]
      New ports: A={ $flatten\conv.\impl.$add$/Users/adarmaori/Desktop/Final$20Project/FPGA/conv1d_large_4mult.v:84$607_Y [31] $flatten\conv.\impl.$add$/Users/adarmaori/Desktop/Final$20Project/FPGA/conv1d_large_4mult.v:84$607_Y [14:0] }, B=16'0000000000000000, Y=$flatten\conv.\impl.$4\group_sum[31:0] [15:0]
      New connections: $flatten\conv.\impl.$4\group_sum[31:0] [31:16] = { $flatten\conv.\impl.$4\group_sum[31:0] [15] $flatten\conv.\impl.$4\group_sum[31:0] [15] $flatten\conv.\impl.$4\group_sum[31:0] [15] $flatten\conv.\impl.$4\group_sum[31:0] [15] $flatten\conv.\impl.$4\group_sum[31:0] [15] $flatten\conv.\impl.$4\group_sum[31:0] [15] $flatten\conv.\impl.$4\group_sum[31:0] [15] $flatten\conv.\impl.$4\group_sum[31:0] [15] $flatten\conv.\impl.$4\group_sum[31:0] [15] $flatten\conv.\impl.$4\group_sum[31:0] [15] $flatten\conv.\impl.$4\group_sum[31:0] [15] $flatten\conv.\impl.$4\group_sum[31:0] [15] $flatten\conv.\impl.$4\group_sum[31:0] [15] $flatten\conv.\impl.$4\group_sum[31:0] [15] $flatten\conv.\impl.$4\group_sum[31:0] [15] $flatten\conv.\impl.$4\group_sum[31:0] [15] }
    Consolidated identical input bits for $mux cell $flatten\conv.\impl.$procmux$1924:
      Old ports: A={ $flatten\conv.\impl.$add$/Users/adarmaori/Desktop/Final$20Project/FPGA/conv1d_large_4mult.v:95$651_Y [15:2] 2'x }, B=16'0000000000000000, Y=$flatten\conv.\impl.$procmux$1924_Y
      New ports: A={ $flatten\conv.\impl.$add$/Users/adarmaori/Desktop/Final$20Project/FPGA/conv1d_large_4mult.v:95$651_Y [15:2] 1'x }, B=15'000000000000000, Y={ $flatten\conv.\impl.$procmux$1924_Y [15:2] $flatten\conv.\impl.$procmux$1924_Y [0] }
      New connections: $flatten\conv.\impl.$procmux$1924_Y [1] = $flatten\conv.\impl.$procmux$1924_Y [0]
    Consolidated identical input bits for $pmux cell $flatten\conv.\impl.$procmux$744:
      Old ports: A=8'00000010, B=40'1111111100000011000000001111111000000001, Y=$flatten\conv.\impl.$5\tap_weight$func$/Users/adarmaori/Desktop/Final$20Project/FPGA/conv1d_large_4mult.v:84$522.$result[7:0]$642
      New ports: A=3'010, B=15'111011000110001, Y=$flatten\conv.\impl.$5\tap_weight$func$/Users/adarmaori/Desktop/Final$20Project/FPGA/conv1d_large_4mult.v:84$522.$result[7:0]$642 [2:0]
      New connections: $flatten\conv.\impl.$5\tap_weight$func$/Users/adarmaori/Desktop/Final$20Project/FPGA/conv1d_large_4mult.v:84$522.$result[7:0]$642 [7:3] = { $flatten\conv.\impl.$5\tap_weight$func$/Users/adarmaori/Desktop/Final$20Project/FPGA/conv1d_large_4mult.v:84$522.$result[7:0]$642 [2] $flatten\conv.\impl.$5\tap_weight$func$/Users/adarmaori/Desktop/Final$20Project/FPGA/conv1d_large_4mult.v:84$522.$result[7:0]$642 [2] $flatten\conv.\impl.$5\tap_weight$func$/Users/adarmaori/Desktop/Final$20Project/FPGA/conv1d_large_4mult.v:84$522.$result[7:0]$642 [2] $flatten\conv.\impl.$5\tap_weight$func$/Users/adarmaori/Desktop/Final$20Project/FPGA/conv1d_large_4mult.v:84$522.$result[7:0]$642 [2] $flatten\conv.\impl.$5\tap_weight$func$/Users/adarmaori/Desktop/Final$20Project/FPGA/conv1d_large_4mult.v:84$522.$result[7:0]$642 [2] }
    Consolidated identical input bits for $pmux cell $flatten\conv.\impl.$procmux$869:
      Old ports: A=8'00000010, B=40'1111111100000011000000001111111000000001, Y=$flatten\conv.\impl.$5\tap_weight$func$/Users/adarmaori/Desktop/Final$20Project/FPGA/conv1d_large_4mult.v:84$521.$result[7:0]$629
      New ports: A=3'010, B=15'111011000110001, Y=$flatten\conv.\impl.$5\tap_weight$func$/Users/adarmaori/Desktop/Final$20Project/FPGA/conv1d_large_4mult.v:84$521.$result[7:0]$629 [2:0]
      New connections: $flatten\conv.\impl.$5\tap_weight$func$/Users/adarmaori/Desktop/Final$20Project/FPGA/conv1d_large_4mult.v:84$521.$result[7:0]$629 [7:3] = { $flatten\conv.\impl.$5\tap_weight$func$/Users/adarmaori/Desktop/Final$20Project/FPGA/conv1d_large_4mult.v:84$521.$result[7:0]$629 [2] $flatten\conv.\impl.$5\tap_weight$func$/Users/adarmaori/Desktop/Final$20Project/FPGA/conv1d_large_4mult.v:84$521.$result[7:0]$629 [2] $flatten\conv.\impl.$5\tap_weight$func$/Users/adarmaori/Desktop/Final$20Project/FPGA/conv1d_large_4mult.v:84$521.$result[7:0]$629 [2] $flatten\conv.\impl.$5\tap_weight$func$/Users/adarmaori/Desktop/Final$20Project/FPGA/conv1d_large_4mult.v:84$521.$result[7:0]$629 [2] $flatten\conv.\impl.$5\tap_weight$func$/Users/adarmaori/Desktop/Final$20Project/FPGA/conv1d_large_4mult.v:84$521.$result[7:0]$629 [2] }
    Consolidated identical input bits for $pmux cell $flatten\conv.\impl.$procmux$994:
      Old ports: A=8'00000010, B=40'1111111100000011000000001111111000000001, Y=$flatten\conv.\impl.$5\tap_weight$func$/Users/adarmaori/Desktop/Final$20Project/FPGA/conv1d_large_4mult.v:84$520.$result[7:0]$616
      New ports: A=3'010, B=15'111011000110001, Y=$flatten\conv.\impl.$5\tap_weight$func$/Users/adarmaori/Desktop/Final$20Project/FPGA/conv1d_large_4mult.v:84$520.$result[7:0]$616 [2:0]
      New connections: $flatten\conv.\impl.$5\tap_weight$func$/Users/adarmaori/Desktop/Final$20Project/FPGA/conv1d_large_4mult.v:84$520.$result[7:0]$616 [7:3] = { $flatten\conv.\impl.$5\tap_weight$func$/Users/adarmaori/Desktop/Final$20Project/FPGA/conv1d_large_4mult.v:84$520.$result[7:0]$616 [2] $flatten\conv.\impl.$5\tap_weight$func$/Users/adarmaori/Desktop/Final$20Project/FPGA/conv1d_large_4mult.v:84$520.$result[7:0]$616 [2] $flatten\conv.\impl.$5\tap_weight$func$/Users/adarmaori/Desktop/Final$20Project/FPGA/conv1d_large_4mult.v:84$520.$result[7:0]$616 [2] $flatten\conv.\impl.$5\tap_weight$func$/Users/adarmaori/Desktop/Final$20Project/FPGA/conv1d_large_4mult.v:84$520.$result[7:0]$616 [2] $flatten\conv.\impl.$5\tap_weight$func$/Users/adarmaori/Desktop/Final$20Project/FPGA/conv1d_large_4mult.v:84$520.$result[7:0]$616 [2] }
  Optimizing cells in module \conv1d_large_benchmark_top.
Performed a total of 6 changes.

5.29.5. Executing OPT_MERGE pass (detect identical cells).
Finding identical cells in module `\conv1d_large_benchmark_top'.
Removed a total of 0 cells.

5.29.6. Executing OPT_DFF pass (perform DFF optimizations).

5.29.7. Executing OPT_CLEAN pass (remove unused cells and wires).
Finding unused cells or wires in module \conv1d_large_benchmark_top..

5.29.8. Executing OPT_EXPR pass (perform const folding).
Optimizing module conv1d_large_benchmark_top.

5.29.9. Rerunning OPT passes. (Maybe there is more to do..)

5.29.10. Executing OPT_MUXTREE pass (detect dead branches in mux trees).
Running muxtree optimizer on module \conv1d_large_benchmark_top..
  Creating internal representation of mux trees.
  Evaluating internal representation of mux trees.
  Analyzing evaluation results.
Removed 0 multiplexer ports.
<suppressed ~14 debug messages>

5.29.11. Executing OPT_REDUCE pass (consolidate $*mux and $reduce_* inputs).
  Optimizing cells in module \conv1d_large_benchmark_top.
Performed a total of 0 changes.

5.29.12. Executing OPT_MERGE pass (detect identical cells).
Finding identical cells in module `\conv1d_large_benchmark_top'.
Removed a total of 0 cells.

5.29.13. Executing OPT_DFF pass (perform DFF optimizations).

5.29.14. Executing OPT_CLEAN pass (remove unused cells and wires).
Finding unused cells or wires in module \conv1d_large_benchmark_top..

5.29.15. Executing OPT_EXPR pass (perform const folding).
Optimizing module conv1d_large_benchmark_top.

5.29.16. Finished OPT passes. (There is nothing left to do.)

5.30. Executing ICE40_WRAPCARRY pass (wrap carries).

5.31. Executing TECHMAP pass (map to technology primitives).

5.31.1. Executing Verilog-2005 frontend: /opt/homebrew/bin/../share/yosys/techmap.v
Parsing Verilog input from `/opt/homebrew/bin/../share/yosys/techmap.v' to AST representation.
Generating RTLIL representation for module `\_90_simplemap_bool_ops'.
Generating RTLIL representation for module `\_90_simplemap_reduce_ops'.
Generating RTLIL representation for module `\_90_simplemap_logic_ops'.
Generating RTLIL representation for module `\_90_simplemap_compare_ops'.
Generating RTLIL representation for module `\_90_simplemap_various'.
Generating RTLIL representation for module `\_90_simplemap_registers'.
Generating RTLIL representation for module `\_90_shift_ops_shr_shl_sshl_sshr'.
Generating RTLIL representation for module `\_90_shift_shiftx'.
Generating RTLIL representation for module `\_90_fa'.
Generating RTLIL representation for module `\_90_lcu_brent_kung'.
Generating RTLIL representation for module `\_90_alu'.
Generating RTLIL representation for module `\_90_macc'.
Generating RTLIL representation for module `\_90_alumacc'.
Generating RTLIL representation for module `\$__div_mod_u'.
Generating RTLIL representation for module `\$__div_mod_trunc'.
Generating RTLIL representation for module `\_90_div'.
Generating RTLIL representation for module `\_90_mod'.
Generating RTLIL representation for module `\$__div_mod_floor'.
Generating RTLIL representation for module `\_90_divfloor'.
Generating RTLIL representation for module `\_90_modfloor'.
Generating RTLIL representation for module `\_90_pow'.
Generating RTLIL representation for module `\_90_pmux'.
Generating RTLIL representation for module `\_90_demux'.
Generating RTLIL representation for module `\_90_lut'.
Successfully finished Verilog frontend.

5.31.2. Executing Verilog-2005 frontend: /opt/homebrew/bin/../share/yosys/ice40/arith_map.v
Parsing Verilog input from `/opt/homebrew/bin/../share/yosys/ice40/arith_map.v' to AST representation.
Generating RTLIL representation for module `\_80_ice40_alu'.
Successfully finished Verilog frontend.

5.31.3. Continuing TECHMAP pass.
Using extmapper simplemap for cells of type $sdff.
Using extmapper maccmap for cells of type $macc.
  add { $flatten\conv.\impl.$4\group_sum[31:0] [31] $flatten\conv.\impl.$4\group_sum[31:0] [31] $flatten\conv.\impl.$4\group_sum[31:0] [31] $flatten\conv.\impl.$4\group_sum[31:0] [31] $flatten\conv.\impl.$4\group_sum[31:0] [31] $flatten\conv.\impl.$4\group_sum[31:0] [31] $flatten\conv.\impl.$4\group_sum[31:0] [31] $flatten\conv.\impl.$4\group_sum[31:0] [31] $flatten\conv.\impl.$4\group_sum[31:0] [31] $flatten\conv.\impl.$4\group_sum[31:0] [31] $flatten\conv.\impl.$4\group_sum[31:0] [31] $flatten\conv.\impl.$4\group_sum[31:0] [31] $flatten\conv.\impl.$4\group_sum[31:0] [31] $flatten\conv.\impl.$4\group_sum[31:0] [31] $flatten\conv.\impl.$4\group_sum[31:0] [31] $flatten\conv.\impl.$4\group_sum[31:0] [31] $flatten\conv.\impl.$4\group_sum[31:0] [31] $flatten\conv.\impl.$4\group_sum[31:0] [14:0] } (32 bits, signed)
  add $flatten\conv.\impl.$5$mem2reg_rd$\tap$/Users/adarmaori/Desktop/Final$20Project/FPGA/conv1d_large_4mult.v:84$524_DATA[7:0]$618 * { $flatten\conv.\impl.$5\tap_weight$func$/Users/adarmaori/Desktop/Final$20Project/FPGA/conv1d_large_4mult.v:84$520.$result[7:0]$616 [7] $flatten\conv.\impl.$5\tap_weight$func$/Users/adarmaori/Desktop/Final$20Project/FPGA/conv1d_large_4mult.v:84$520.$result[7:0]$616 [7] $flatten\conv.\impl.$5\tap_weight$func$/Users/adarmaori/Desktop/Final$20Project/FPGA/conv1d_large_4mult.v:84$520.$result[7:0]$616 [7] $flatten\conv.\impl.$5\tap_weight$func$/Users/adarmaori/Desktop/Final$20Project/FPGA/conv1d_large_4mult.v:84$520.$result[7:0]$616 [7] $flatten\conv.\impl.$5\tap_weight$func$/Users/adarmaori/Desktop/Final$20Project/FPGA/conv1d_large_4mult.v:84$520.$result[7:0]$616 [7] $flatten\conv.\impl.$5\tap_weight$func$/Users/adarmaori/Desktop/Final$20Project/FPGA/conv1d_large_4mult.v:84$520.$result[7:0]$616 [7] $flatten\conv.\impl.$5\tap_weight$func$/Users/adarmaori/Desktop/Final$20Project/FPGA/conv1d_large_4mult.v:84$520.$result[7:0]$616 [1:0] } (8x8 bits, signed)
Using template $paramod$98d5b101fc40d541c293178ad5465fa81dcb4a40\_80_ice40_alu for cells of type $alu.
Using template $paramod$6909d61d78ee2d4698244dc3ef4dd45862ec0ee0\_80_ice40_alu for cells of type $alu.
Using extmapper simplemap for cells of type $reduce_and.
Using extmapper simplemap for cells of type $not.
Using extmapper simplemap for cells of type $reduce_or.
Using extmapper simplemap for cells of type $or.
Using extmapper simplemap for cells of type $logic_and.
Using template $paramod$bc5b76409c189dae1304578314e9d1ddd73fedb5\_80_ice40_alu for cells of type $alu.
Using template $paramod$6177de982a145c5b9397c76cce0d57e0a983739a\_80_ice40_alu for cells of type $alu.
Using template $paramod$e3082a227a414c744409c60c11d08bfbd82701c7\_80_ice40_alu for cells of type $alu.
  add $flatten\conv.\impl.$6\group_sum[31:0] (32 bits, signed)
  add $flatten\conv.\impl.$5$mem2reg_rd$\tap$/Users/adarmaori/Desktop/Final$20Project/FPGA/conv1d_large_4mult.v:84$526_DATA[7:0]$644 * { $flatten\conv.\impl.$5\tap_weight$func$/Users/adarmaori/Desktop/Final$20Project/FPGA/conv1d_large_4mult.v:84$522.$result[7:0]$642 [7] $flatten\conv.\impl.$5\tap_weight$func$/Users/adarmaori/Desktop/Final$20Project/FPGA/conv1d_large_4mult.v:84$522.$result[7:0]$642 [7] $flatten\conv.\impl.$5\tap_weight$func$/Users/adarmaori/Desktop/Final$20Project/FPGA/conv1d_large_4mult.v:84$522.$result[7:0]$642 [7] $flatten\conv.\impl.$5\tap_weight$func$/Users/adarmaori/Desktop/Final$20Project/FPGA/conv1d_large_4mult.v:84$522.$result[7:0]$642 [7] $flatten\conv.\impl.$5\tap_weight$func$/Users/adarmaori/Desktop/Final$20Project/FPGA/conv1d_large_4mult.v:84$522.$result[7:0]$642 [7] $flatten\conv.\impl.$5\tap_weight$func$/Users/adarmaori/Desktop/Final$20Project/FPGA/conv1d_large_4mult.v:84$522.$result[7:0]$642 [7] $flatten\conv.\impl.$5\tap_weight$func$/Users/adarmaori/Desktop/Final$20Project/FPGA/conv1d_large_4mult.v:84$522.$result[7:0]$642 [1:0] } (8x8 bits, signed)
Using template $paramod$f30f8fc2e30bd83d28cb1ad43b9d9ec083109075\_80_ice40_alu for cells of type $alu.
  add $flatten\conv.\impl.$5$mem2reg_rd$\tap$/Users/adarmaori/Desktop/Final$20Project/FPGA/conv1d_large_4mult.v:84$523_DATA[7:0]$605 * { $flatten\conv.\impl.$5\tap_weight$func$/Users/adarmaori/Desktop/Final$20Project/FPGA/conv1d_large_4mult.v:84$519.$result[7:0]$603 [7] $flatten\conv.\impl.$5\tap_weight$func$/Users/adarmaori/Desktop/Final$20Project/FPGA/conv1d_large_4mult.v:84$519.$result[7:0]$603 [7] $flatten\conv.\impl.$5\tap_weight$func$/Users/adarmaori/Desktop/Final$20Project/FPGA/conv1d_large_4mult.v:84$519.$result[7:0]$603 [7] $flatten\conv.\impl.$5\tap_weight$func$/Users/adarmaori/Desktop/Final$20Project/FPGA/conv1d_large_4mult.v:84$519.$result[7:0]$603 [7] $flatten\conv.\impl.$5\tap_weight$func$/Users/adarmaori/Desktop/Final$20Project/FPGA/conv1d_large_4mult.v:84$519.$result[7:0]$603 [7] $flatten\conv.\impl.$5\tap_weight$func$/Users/adarmaori/Desktop/Final$20Project/FPGA/conv1d_large_4mult.v:84$519.$result[7:0]$603 [7] $flatten\conv.\impl.$5\tap_weight$func$/Users/adarmaori/Desktop/Final$20Project/FPGA/conv1d_large_4mult.v:84$519.$result[7:0]$603 [1:0] } (8x8 bits, signed)
Using template $paramod$2653f68ddb8eab7b1907b4a20767b72a824a7a36\_80_ice40_alu for cells of type $alu.
  add $flatten\conv.\impl.$5\group_sum[31:0] (32 bits, signed)
  add $flatten\conv.\impl.$5$mem2reg_rd$\tap$/Users/adarmaori/Desktop/Final$20Project/FPGA/conv1d_large_4mult.v:84$525_DATA[7:0]$631 * { $flatten\conv.\impl.$5\tap_weight$func$/Users/adarmaori/Desktop/Final$20Project/FPGA/conv1d_large_4mult.v:84$521.$result[7:0]$629 [7] $flatten\conv.\impl.$5\tap_weight$func$/Users/adarmaori/Desktop/Final$20Project/FPGA/conv1d_large_4mult.v:84$521.$result[7:0]$629 [7] $flatten\conv.\impl.$5\tap_weight$func$/Users/adarmaori/Desktop/Final$20Project/FPGA/conv1d_large_4mult.v:84$521.$result[7:0]$629 [7] $flatten\conv.\impl.$5\tap_weight$func$/Users/adarmaori/Desktop/Final$20Project/FPGA/conv1d_large_4mult.v:84$521.$result[7:0]$629 [7] $flatten\conv.\impl.$5\tap_weight$func$/Users/adarmaori/Desktop/Final$20Project/FPGA/conv1d_large_4mult.v:84$521.$result[7:0]$629 [7] $flatten\conv.\impl.$5\tap_weight$func$/Users/adarmaori/Desktop/Final$20Project/FPGA/conv1d_large_4mult.v:84$521.$result[7:0]$629 [7] $flatten\conv.\impl.$5\tap_weight$func$/Users/adarmaori/Desktop/Final$20Project/FPGA/conv1d_large_4mult.v:84$521.$result[7:0]$629 [1:0] } (8x8 bits, signed)
Using template $paramod$713617589782cfade849bb573b5c36106c4b708f\_80_ice40_alu for cells of type $alu.
Using extmapper simplemap for cells of type $eq.
Using template $paramod$6ba54b61bec527cafa150e8a07b7a00b3ebca06c\_90_pmux for cells of type $pmux.
Using template $paramod$56f7ce6d87f8add68ca646dc02d7695a3189f8e5\_90_pmux for cells of type $pmux.
Using extmapper simplemap for cells of type $mux.
Using extmapper simplemap for cells of type $sdffe.
Using extmapper simplemap for cells of type $logic_not.
Using extmapper simplemap for cells of type $and.
Using extmapper simplemap for cells of type $pos.
Using extmapper simplemap for cells of type $xor.
Using template $paramod\_90_fa\WIDTH=32'00000000000000000000000000100000 for cells of type $fa.
Using template $paramod$fbc7873bff55778c0b3173955b7e4bce1d9d6834\_80_ice40_alu for cells of type $alu.
Using template $paramod\_90_fa\WIDTH=32'00000000000000000000000000010000 for cells of type $fa.
Using template $paramod$6df0329addda9228fcc2546de2aaf14ad26c98e1\_80_ice40_alu for cells of type $alu.
No more expansions possible.
<suppressed ~1062 debug messages>

5.32. Executing OPT pass (performing simple optimizations).

5.32.1. Executing OPT_EXPR pass (perform const folding).
Optimizing module conv1d_large_benchmark_top.
<suppressed ~2277 debug messages>

5.32.2. Executing OPT_MERGE pass (detect identical cells).
Finding identical cells in module `\conv1d_large_benchmark_top'.
<suppressed ~8325 debug messages>
Removed a total of 2775 cells.

5.32.3. Executing OPT_DFF pass (perform DFF optimizations).

5.32.4. Executing OPT_CLEAN pass (remove unused cells and wires).
Finding unused cells or wires in module \conv1d_large_benchmark_top..
Removed 271 unused cells and 1914 unused wires.
<suppressed ~272 debug messages>

5.32.5. Finished fast OPT passes.

5.33. Executing ICE40_OPT pass (performing simple optimizations).

5.33.1. Running ICE40 specific optimizations.
Optimized $__ICE40_CARRY_WRAPPER cell back to logic (without SB_CARRY) conv1d_large_benchmark_top.$auto$alumacc.cc:485:replace_alu$2258.slice[0].carry: CO=$auto$alumacc.cc:485:replace_alu$2258.BB [0]
Optimized $__ICE40_CARRY_WRAPPER cell back to logic (without SB_CARRY) conv1d_large_benchmark_top.$auto$alumacc.cc:485:replace_alu$2269.slice[0].carry: CO=$auto$alumacc.cc:485:replace_alu$2269.BB [0]
Optimized $__ICE40_CARRY_WRAPPER cell back to logic (without SB_CARRY) conv1d_large_benchmark_top.$auto$alumacc.cc:485:replace_alu$2280.slice[0].carry: CO=$auto$alumacc.cc:485:replace_alu$2280.BB [0]
Optimized $__ICE40_CARRY_WRAPPER cell back to logic (without SB_CARRY) conv1d_large_benchmark_top.$auto$alumacc.cc:485:replace_alu$2291.slice[0].carry: CO=$auto$alumacc.cc:485:replace_alu$2269.BB [0]
Optimized $__ICE40_CARRY_WRAPPER cell back to logic (without SB_CARRY) conv1d_large_benchmark_top.$auto$alumacc.cc:485:replace_alu$2302.slice[0].carry: CO=$auto$alumacc.cc:485:replace_alu$2269.BB [0]
Optimized $__ICE40_CARRY_WRAPPER cell back to logic (without SB_CARRY) conv1d_large_benchmark_top.$auto$alumacc.cc:485:replace_alu$2311.slice[0].carry: CO=\conv.impl.tap_index [0]
Optimized $__ICE40_CARRY_WRAPPER cell back to logic (without SB_CARRY) conv1d_large_benchmark_top.$auto$alumacc.cc:485:replace_alu$2311.slice[16].carry: CO=1'0
Optimized $__ICE40_CARRY_WRAPPER cell back to logic (without SB_CARRY) conv1d_large_benchmark_top.$auto$alumacc.cc:485:replace_alu$2314.slice[0].carry: CO=\conv.impl.tap_index [0]
Optimized $__ICE40_CARRY_WRAPPER cell back to logic (without SB_CARRY) conv1d_large_benchmark_top.$auto$alumacc.cc:485:replace_alu$2314.slice[15].carry: CO=1'0
Optimized $__ICE40_CARRY_WRAPPER cell back to logic (without SB_CARRY) conv1d_large_benchmark_top.$auto$alumacc.cc:485:replace_alu$2317.slice[0].carry: CO=\conv.impl.tap_index [0]
Optimized $__ICE40_CARRY_WRAPPER cell back to logic (without SB_CARRY) conv1d_large_benchmark_top.$auto$alumacc.cc:485:replace_alu$2317.slice[16].carry: CO=1'0
Optimized $__ICE40_CARRY_WRAPPER cell back to logic (without SB_CARRY) conv1d_large_benchmark_top.$auto$alumacc.cc:485:replace_alu$2323.slice[0].carry: CO=\conv.impl.tap_index [2]
Optimized $__ICE40_CARRY_WRAPPER cell back to logic (without SB_CARRY) conv1d_large_benchmark_top.$auto$alumacc.cc:485:replace_alu$2323.slice[14].carry: CO=1'0
Optimized $__ICE40_CARRY_WRAPPER cell back to logic (without SB_CARRY) conv1d_large_benchmark_top.$auto$alumacc.cc:485:replace_alu$2326.slice[0].carry: CO=\conv.impl.tap_index [2]
Optimized $__ICE40_CARRY_WRAPPER cell back to logic (without SB_CARRY) conv1d_large_benchmark_top.$auto$maccmap.cc:240:synth$2478.slice[0].carry: CO=1'0
Optimized $__ICE40_CARRY_WRAPPER cell back to logic (without SB_CARRY) conv1d_large_benchmark_top.$auto$maccmap.cc:240:synth$2627.slice[0].carry: CO=1'0
Optimized $__ICE40_CARRY_WRAPPER cell back to logic (without SB_CARRY) conv1d_large_benchmark_top.$auto$maccmap.cc:240:synth$2675.slice[0].carry: CO=1'0
Optimized $__ICE40_CARRY_WRAPPER cell back to logic (without SB_CARRY) conv1d_large_benchmark_top.$auto$maccmap.cc:240:synth$2726.slice[0].carry: CO=1'0

5.33.2. Executing OPT_EXPR pass (perform const folding).
Optimizing module conv1d_large_benchmark_top.
<suppressed ~593 debug messages>

5.33.3. Executing OPT_MERGE pass (detect identical cells).
Finding identical cells in module `\conv1d_large_benchmark_top'.
<suppressed ~78 debug messages>
Removed a total of 26 cells.

5.33.4. Executing OPT_DFF pass (perform DFF optimizations).
Setting constant 0-bit at position 0 on $auto$ff.cc:266:slice$5456 ($_SDFFE_PP0P_) from module conv1d_large_benchmark_top.

5.33.5. Executing OPT_CLEAN pass (remove unused cells and wires).
Finding unused cells or wires in module \conv1d_large_benchmark_top..
Removed 11 unused cells and 68 unused wires.
<suppressed ~12 debug messages>

5.33.6. Rerunning OPT passes. (Removed registers in this run.)

5.33.7. Running ICE40 specific optimizations.
Optimized $__ICE40_CARRY_WRAPPER cell back to logic (without SB_CARRY) conv1d_large_benchmark_top.$auto$alumacc.cc:485:replace_alu$2311.slice[1].carry: CO=1'0
Optimized $__ICE40_CARRY_WRAPPER cell back to logic (without SB_CARRY) conv1d_large_benchmark_top.$auto$alumacc.cc:485:replace_alu$2314.slice[1].carry: CO=1'0
Optimized $__ICE40_CARRY_WRAPPER cell back to logic (without SB_CARRY) conv1d_large_benchmark_top.$auto$alumacc.cc:485:replace_alu$2317.slice[1].carry: CO=1'0
Optimized $__ICE40_CARRY_WRAPPER cell back to logic (without SB_CARRY) conv1d_large_benchmark_top.$auto$maccmap.cc:240:synth$2478.slice[1].carry: CO=1'0
Optimized $__ICE40_CARRY_WRAPPER cell back to logic (without SB_CARRY) conv1d_large_benchmark_top.$auto$maccmap.cc:240:synth$2627.slice[1].carry: CO=1'0
Optimized $__ICE40_CARRY_WRAPPER cell back to logic (without SB_CARRY) conv1d_large_benchmark_top.$auto$maccmap.cc:240:synth$2675.slice[1].carry: CO=1'0
Optimized $__ICE40_CARRY_WRAPPER cell back to logic (without SB_CARRY) conv1d_large_benchmark_top.$auto$maccmap.cc:240:synth$2726.slice[1].carry: CO=1'0

5.33.8. Executing OPT_EXPR pass (perform const folding).
Optimizing module conv1d_large_benchmark_top.
<suppressed ~937 debug messages>

5.33.9. Executing OPT_MERGE pass (detect identical cells).
Finding identical cells in module `\conv1d_large_benchmark_top'.
<suppressed ~120 debug messages>
Removed a total of 40 cells.

5.33.10. Executing OPT_DFF pass (perform DFF optimizations).

5.33.11. Executing OPT_CLEAN pass (remove unused cells and wires).
Finding unused cells or wires in module \conv1d_large_benchmark_top..
Removed 8 unused cells and 120 unused wires.
<suppressed ~9 debug messages>

5.33.12. Rerunning OPT passes. (Removed registers in this run.)

5.33.13. Running ICE40 specific optimizations.
Optimized $__ICE40_CARRY_WRAPPER cell back to logic (without SB_CARRY) conv1d_large_benchmark_top.$auto$alumacc.cc:485:replace_alu$2269.slice[1].carry: CO=$auto$alumacc.cc:485:replace_alu$2258.BB [1]
Optimized $__ICE40_CARRY_WRAPPER cell back to logic (without SB_CARRY) conv1d_large_benchmark_top.$auto$alumacc.cc:485:replace_alu$2291.slice[1].carry: CO=1'1
Optimized $__ICE40_CARRY_WRAPPER cell back to logic (without SB_CARRY) conv1d_large_benchmark_top.$auto$alumacc.cc:485:replace_alu$2302.slice[1].carry: CO=1'1
Optimized $__ICE40_CARRY_WRAPPER cell back to logic (without SB_CARRY) conv1d_large_benchmark_top.$auto$alumacc.cc:485:replace_alu$2311.slice[2].carry: CO=1'0
Optimized $__ICE40_CARRY_WRAPPER cell back to logic (without SB_CARRY) conv1d_large_benchmark_top.$auto$alumacc.cc:485:replace_alu$2314.slice[2].carry: CO=1'0
Optimized $__ICE40_CARRY_WRAPPER cell back to logic (without SB_CARRY) conv1d_large_benchmark_top.$auto$alumacc.cc:485:replace_alu$2317.slice[2].carry: CO=1'0
Optimized $__ICE40_CARRY_WRAPPER cell back to logic (without SB_CARRY) conv1d_large_benchmark_top.$auto$maccmap.cc:240:synth$2478.slice[2].carry: CO=1'0
Optimized $__ICE40_CARRY_WRAPPER cell back to logic (without SB_CARRY) conv1d_large_benchmark_top.$auto$maccmap.cc:240:synth$2627.slice[2].carry: CO=1'0
Optimized $__ICE40_CARRY_WRAPPER cell back to logic (without SB_CARRY) conv1d_large_benchmark_top.$auto$maccmap.cc:240:synth$2675.slice[2].carry: CO=1'0
Optimized $__ICE40_CARRY_WRAPPER cell back to logic (without SB_CARRY) conv1d_large_benchmark_top.$auto$maccmap.cc:240:synth$2726.slice[2].carry: CO=1'0

5.33.14. Executing OPT_EXPR pass (perform const folding).
Optimizing module conv1d_large_benchmark_top.
<suppressed ~747 debug messages>

5.33.15. Executing OPT_MERGE pass (detect identical cells).
Finding identical cells in module `\conv1d_large_benchmark_top'.
<suppressed ~57 debug messages>
Removed a total of 19 cells.

5.33.16. Executing OPT_DFF pass (perform DFF optimizations).

5.33.17. Executing OPT_CLEAN pass (remove unused cells and wires).
Finding unused cells or wires in module \conv1d_large_benchmark_top..
Removed 10 unused cells and 61 unused wires.
<suppressed ~11 debug messages>

5.33.18. Rerunning OPT passes. (Removed registers in this run.)

5.33.19. Running ICE40 specific optimizations.
Optimized $__ICE40_CARRY_WRAPPER cell back to logic (without SB_CARRY) conv1d_large_benchmark_top.$auto$alumacc.cc:485:replace_alu$2291.slice[2].carry: CO=$auto$alumacc.cc:485:replace_alu$2291.BB [2]
Optimized $__ICE40_CARRY_WRAPPER cell back to logic (without SB_CARRY) conv1d_large_benchmark_top.$auto$alumacc.cc:485:replace_alu$2302.slice[2].carry: CO=$auto$alumacc.cc:485:replace_alu$2302.BB [2]
Optimized $__ICE40_CARRY_WRAPPER cell back to logic (without SB_CARRY) conv1d_large_benchmark_top.$auto$alumacc.cc:485:replace_alu$2311.slice[3].carry: CO=1'0
Optimized $__ICE40_CARRY_WRAPPER cell back to logic (without SB_CARRY) conv1d_large_benchmark_top.$auto$alumacc.cc:485:replace_alu$2314.slice[3].carry: CO=1'0
Optimized $__ICE40_CARRY_WRAPPER cell back to logic (without SB_CARRY) conv1d_large_benchmark_top.$auto$alumacc.cc:485:replace_alu$2317.slice[3].carry: CO=1'0
Optimized $__ICE40_CARRY_WRAPPER cell back to logic (without SB_CARRY) conv1d_large_benchmark_top.$auto$maccmap.cc:240:synth$2478.slice[3].carry: CO=1'0
Optimized $__ICE40_CARRY_WRAPPER cell back to logic (without SB_CARRY) conv1d_large_benchmark_top.$auto$maccmap.cc:240:synth$2675.slice[3].carry: CO=1'0

5.33.20. Executing OPT_EXPR pass (perform const folding).
Optimizing module conv1d_large_benchmark_top.

5.33.21. Executing OPT_MERGE pass (detect identical cells).
Finding identical cells in module `\conv1d_large_benchmark_top'.
<suppressed ~69 debug messages>
Removed a total of 23 cells.

5.33.22. Executing OPT_DFF pass (perform DFF optimizations).

5.33.23. Executing OPT_CLEAN pass (remove unused cells and wires).
Finding unused cells or wires in module \conv1d_large_benchmark_top..
Removed 2 unused cells and 15 unused wires.
<suppressed ~3 debug messages>

5.33.24. Rerunning OPT passes. (Removed registers in this run.)

5.33.25. Running ICE40 specific optimizations.
Optimized $__ICE40_CARRY_WRAPPER cell back to logic (without SB_CARRY) conv1d_large_benchmark_top.$auto$alumacc.cc:485:replace_alu$2311.slice[4].carry: CO=1'0
Optimized $__ICE40_CARRY_WRAPPER cell back to logic (without SB_CARRY) conv1d_large_benchmark_top.$auto$alumacc.cc:485:replace_alu$2314.slice[4].carry: CO=1'0
Optimized $__ICE40_CARRY_WRAPPER cell back to logic (without SB_CARRY) conv1d_large_benchmark_top.$auto$alumacc.cc:485:replace_alu$2317.slice[4].carry: CO=1'0
Optimized $__ICE40_CARRY_WRAPPER cell back to logic (without SB_CARRY) conv1d_large_benchmark_top.$auto$maccmap.cc:240:synth$2478.slice[4].carry: CO=1'0

5.33.26. Executing OPT_EXPR pass (perform const folding).
Optimizing module conv1d_large_benchmark_top.

5.33.27. Executing OPT_MERGE pass (detect identical cells).
Finding identical cells in module `\conv1d_large_benchmark_top'.
<suppressed ~312 debug messages>
Removed a total of 104 cells.

5.33.28. Executing OPT_DFF pass (perform DFF optimizations).

5.33.29. Executing OPT_CLEAN pass (remove unused cells and wires).
Finding unused cells or wires in module \conv1d_large_benchmark_top..
Removed 0 unused cells and 20 unused wires.
<suppressed ~1 debug messages>

5.33.30. Rerunning OPT passes. (Removed registers in this run.)

5.33.31. Running ICE40 specific optimizations.
Optimized $__ICE40_CARRY_WRAPPER cell back to logic (without SB_CARRY) conv1d_large_benchmark_top.$auto$alumacc.cc:485:replace_alu$2311.slice[5].carry: CO=1'0
Optimized $__ICE40_CARRY_WRAPPER cell back to logic (without SB_CARRY) conv1d_large_benchmark_top.$auto$alumacc.cc:485:replace_alu$2314.slice[5].carry: CO=1'0
Optimized $__ICE40_CARRY_WRAPPER cell back to logic (without SB_CARRY) conv1d_large_benchmark_top.$auto$alumacc.cc:485:replace_alu$2317.slice[5].carry: CO=1'0

5.33.32. Executing OPT_EXPR pass (perform const folding).
Optimizing module conv1d_large_benchmark_top.

5.33.33. Executing OPT_MERGE pass (detect identical cells).
Finding identical cells in module `\conv1d_large_benchmark_top'.
<suppressed ~18 debug messages>
Removed a total of 6 cells.

5.33.34. Executing OPT_DFF pass (perform DFF optimizations).

5.33.35. Executing OPT_CLEAN pass (remove unused cells and wires).
Finding unused cells or wires in module \conv1d_large_benchmark_top..

5.33.36. Rerunning OPT passes. (Removed registers in this run.)

5.33.37. Running ICE40 specific optimizations.
Optimized $__ICE40_CARRY_WRAPPER cell back to logic (without SB_CARRY) conv1d_large_benchmark_top.$auto$alumacc.cc:485:replace_alu$2311.slice[6].carry: CO=1'0
Optimized $__ICE40_CARRY_WRAPPER cell back to logic (without SB_CARRY) conv1d_large_benchmark_top.$auto$alumacc.cc:485:replace_alu$2314.slice[6].carry: CO=1'0
Optimized $__ICE40_CARRY_WRAPPER cell back to logic (without SB_CARRY) conv1d_large_benchmark_top.$auto$alumacc.cc:485:replace_alu$2317.slice[6].carry: CO=1'0

5.33.38. Executing OPT_EXPR pass (perform const folding).
Optimizing module conv1d_large_benchmark_top.

5.33.39. Executing OPT_MERGE pass (detect identical cells).
Finding identical cells in module `\conv1d_large_benchmark_top'.
<suppressed ~12 debug messages>
Removed a total of 4 cells.

5.33.40. Executing OPT_DFF pass (perform DFF optimizations).

5.33.41. Executing OPT_CLEAN pass (remove unused cells and wires).
Finding unused cells or wires in module \conv1d_large_benchmark_top..

5.33.42. Rerunning OPT passes. (Removed registers in this run.)

5.33.43. Running ICE40 specific optimizations.
Optimized $__ICE40_CARRY_WRAPPER cell back to logic (without SB_CARRY) conv1d_large_benchmark_top.$auto$alumacc.cc:485:replace_alu$2311.slice[7].carry: CO=1'0
Optimized $__ICE40_CARRY_WRAPPER cell back to logic (without SB_CARRY) conv1d_large_benchmark_top.$auto$alumacc.cc:485:replace_alu$2314.slice[7].carry: CO=1'0
Optimized $__ICE40_CARRY_WRAPPER cell back to logic (without SB_CARRY) conv1d_large_benchmark_top.$auto$alumacc.cc:485:replace_alu$2317.slice[7].carry: CO=1'0

5.33.44. Executing OPT_EXPR pass (perform const folding).
Optimizing module conv1d_large_benchmark_top.

5.33.45. Executing OPT_MERGE pass (detect identical cells).
Finding identical cells in module `\conv1d_large_benchmark_top'.
<suppressed ~27 debug messages>
Removed a total of 9 cells.

5.33.46. Executing OPT_DFF pass (perform DFF optimizations).

5.33.47. Executing OPT_CLEAN pass (remove unused cells and wires).
Finding unused cells or wires in module \conv1d_large_benchmark_top..

5.33.48. Rerunning OPT passes. (Removed registers in this run.)

5.33.49. Running ICE40 specific optimizations.
Optimized $__ICE40_CARRY_WRAPPER cell back to logic (without SB_CARRY) conv1d_large_benchmark_top.$auto$alumacc.cc:485:replace_alu$2311.slice[8].carry: CO=1'0
Optimized $__ICE40_CARRY_WRAPPER cell back to logic (without SB_CARRY) conv1d_large_benchmark_top.$auto$alumacc.cc:485:replace_alu$2314.slice[8].carry: CO=1'0
Optimized $__ICE40_CARRY_WRAPPER cell back to logic (without SB_CARRY) conv1d_large_benchmark_top.$auto$alumacc.cc:485:replace_alu$2317.slice[8].carry: CO=1'0

5.33.50. Executing OPT_EXPR pass (perform const folding).
Optimizing module conv1d_large_benchmark_top.

5.33.51. Executing OPT_MERGE pass (detect identical cells).
Finding identical cells in module `\conv1d_large_benchmark_top'.
<suppressed ~12 debug messages>
Removed a total of 4 cells.

5.33.52. Executing OPT_DFF pass (perform DFF optimizations).

5.33.53. Executing OPT_CLEAN pass (remove unused cells and wires).
Finding unused cells or wires in module \conv1d_large_benchmark_top..

5.33.54. Rerunning OPT passes. (Removed registers in this run.)

5.33.55. Running ICE40 specific optimizations.
Optimized $__ICE40_CARRY_WRAPPER cell back to logic (without SB_CARRY) conv1d_large_benchmark_top.$auto$alumacc.cc:485:replace_alu$2311.slice[9].carry: CO=1'0
Optimized $__ICE40_CARRY_WRAPPER cell back to logic (without SB_CARRY) conv1d_large_benchmark_top.$auto$alumacc.cc:485:replace_alu$2314.slice[9].carry: CO=1'0
Optimized $__ICE40_CARRY_WRAPPER cell back to logic (without SB_CARRY) conv1d_large_benchmark_top.$auto$alumacc.cc:485:replace_alu$2317.slice[9].carry: CO=1'0

5.33.56. Executing OPT_EXPR pass (perform const folding).
Optimizing module conv1d_large_benchmark_top.

5.33.57. Executing OPT_MERGE pass (detect identical cells).
Finding identical cells in module `\conv1d_large_benchmark_top'.
<suppressed ~18 debug messages>
Removed a total of 6 cells.

5.33.58. Executing OPT_DFF pass (perform DFF optimizations).

5.33.59. Executing OPT_CLEAN pass (remove unused cells and wires).
Finding unused cells or wires in module \conv1d_large_benchmark_top..

5.33.60. Rerunning OPT passes. (Removed registers in this run.)

5.33.61. Running ICE40 specific optimizations.
Optimized $__ICE40_CARRY_WRAPPER cell back to logic (without SB_CARRY) conv1d_large_benchmark_top.$auto$alumacc.cc:485:replace_alu$2311.slice[10].carry: CO=1'0
Optimized $__ICE40_CARRY_WRAPPER cell back to logic (without SB_CARRY) conv1d_large_benchmark_top.$auto$alumacc.cc:485:replace_alu$2314.slice[10].carry: CO=1'0
Optimized $__ICE40_CARRY_WRAPPER cell back to logic (without SB_CARRY) conv1d_large_benchmark_top.$auto$alumacc.cc:485:replace_alu$2317.slice[10].carry: CO=1'0

5.33.62. Executing OPT_EXPR pass (perform const folding).
Optimizing module conv1d_large_benchmark_top.

5.33.63. Executing OPT_MERGE pass (detect identical cells).
Finding identical cells in module `\conv1d_large_benchmark_top'.
<suppressed ~12 debug messages>
Removed a total of 4 cells.

5.33.64. Executing OPT_DFF pass (perform DFF optimizations).

5.33.65. Executing OPT_CLEAN pass (remove unused cells and wires).
Finding unused cells or wires in module \conv1d_large_benchmark_top..

5.33.66. Rerunning OPT passes. (Removed registers in this run.)

5.33.67. Running ICE40 specific optimizations.
Optimized $__ICE40_CARRY_WRAPPER cell back to logic (without SB_CARRY) conv1d_large_benchmark_top.$auto$alumacc.cc:485:replace_alu$2311.slice[11].carry: CO=1'0
Optimized $__ICE40_CARRY_WRAPPER cell back to logic (without SB_CARRY) conv1d_large_benchmark_top.$auto$alumacc.cc:485:replace_alu$2314.slice[11].carry: CO=1'0
Optimized $__ICE40_CARRY_WRAPPER cell back to logic (without SB_CARRY) conv1d_large_benchmark_top.$auto$alumacc.cc:485:replace_alu$2317.slice[11].carry: CO=1'0

5.33.68. Executing OPT_EXPR pass (perform const folding).
Optimizing module conv1d_large_benchmark_top.

5.33.69. Executing OPT_MERGE pass (detect identical cells).
Finding identical cells in module `\conv1d_large_benchmark_top'.
<suppressed ~24 debug messages>
Removed a total of 8 cells.

5.33.70. Executing OPT_DFF pass (perform DFF optimizations).

5.33.71. Executing OPT_CLEAN pass (remove unused cells and wires).
Finding unused cells or wires in module \conv1d_large_benchmark_top..

5.33.72. Rerunning OPT passes. (Removed registers in this run.)

5.33.73. Running ICE40 specific optimizations.
Optimized $__ICE40_CARRY_WRAPPER cell back to logic (without SB_CARRY) conv1d_large_benchmark_top.$auto$alumacc.cc:485:replace_alu$2311.slice[12].carry: CO=1'0
Optimized $__ICE40_CARRY_WRAPPER cell back to logic (without SB_CARRY) conv1d_large_benchmark_top.$auto$alumacc.cc:485:replace_alu$2314.slice[12].carry: CO=1'0
Optimized $__ICE40_CARRY_WRAPPER cell back to logic (without SB_CARRY) conv1d_large_benchmark_top.$auto$alumacc.cc:485:replace_alu$2317.slice[12].carry: CO=1'0

5.33.74. Executing OPT_EXPR pass (perform const folding).
Optimizing module conv1d_large_benchmark_top.

5.33.75. Executing OPT_MERGE pass (detect identical cells).
Finding identical cells in module `\conv1d_large_benchmark_top'.
<suppressed ~12 debug messages>
Removed a total of 4 cells.

5.33.76. Executing OPT_DFF pass (perform DFF optimizations).

5.33.77. Executing OPT_CLEAN pass (remove unused cells and wires).
Finding unused cells or wires in module \conv1d_large_benchmark_top..

5.33.78. Rerunning OPT passes. (Removed registers in this run.)

5.33.79. Running ICE40 specific optimizations.
Optimized $__ICE40_CARRY_WRAPPER cell back to logic (without SB_CARRY) conv1d_large_benchmark_top.$auto$alumacc.cc:485:replace_alu$2311.slice[13].carry: CO=1'0
Optimized $__ICE40_CARRY_WRAPPER cell back to logic (without SB_CARRY) conv1d_large_benchmark_top.$auto$alumacc.cc:485:replace_alu$2314.slice[13].carry: CO=1'0
Optimized $__ICE40_CARRY_WRAPPER cell back to logic (without SB_CARRY) conv1d_large_benchmark_top.$auto$alumacc.cc:485:replace_alu$2317.slice[13].carry: CO=1'0

5.33.80. Executing OPT_EXPR pass (perform const folding).
Optimizing module conv1d_large_benchmark_top.

5.33.81. Executing OPT_MERGE pass (detect identical cells).
Finding identical cells in module `\conv1d_large_benchmark_top'.
<suppressed ~18 debug messages>
Removed a total of 6 cells.

5.33.82. Executing OPT_DFF pass (perform DFF optimizations).

5.33.83. Executing OPT_CLEAN pass (remove unused cells and wires).
Finding unused cells or wires in module \conv1d_large_benchmark_top..

5.33.84. Rerunning OPT passes. (Removed registers in this run.)

5.33.85. Running ICE40 specific optimizations.
Optimized $__ICE40_CARRY_WRAPPER cell back to logic (without SB_CARRY) conv1d_large_benchmark_top.$auto$alumacc.cc:485:replace_alu$2311.slice[14].carry: CO=1'0
Optimized $__ICE40_CARRY_WRAPPER cell back to logic (without SB_CARRY) conv1d_large_benchmark_top.$auto$alumacc.cc:485:replace_alu$2314.slice[14].carry: CO=1'0
Optimized $__ICE40_CARRY_WRAPPER cell back to logic (without SB_CARRY) conv1d_large_benchmark_top.$auto$alumacc.cc:485:replace_alu$2317.slice[14].carry: CO=1'0

5.33.86. Executing OPT_EXPR pass (perform const folding).
Optimizing module conv1d_large_benchmark_top.

5.33.87. Executing OPT_MERGE pass (detect identical cells).
Finding identical cells in module `\conv1d_large_benchmark_top'.
<suppressed ~18 debug messages>
Removed a total of 6 cells.

5.33.88. Executing OPT_DFF pass (perform DFF optimizations).

5.33.89. Executing OPT_CLEAN pass (remove unused cells and wires).
Finding unused cells or wires in module \conv1d_large_benchmark_top..
Removed 0 unused cells and 1 unused wires.
<suppressed ~1 debug messages>

5.33.90. Rerunning OPT passes. (Removed registers in this run.)

5.33.91. Running ICE40 specific optimizations.
Optimized $__ICE40_CARRY_WRAPPER cell back to logic (without SB_CARRY) conv1d_large_benchmark_top.$auto$alumacc.cc:485:replace_alu$2311.slice[15].carry: CO=1'0
Optimized $__ICE40_CARRY_WRAPPER cell back to logic (without SB_CARRY) conv1d_large_benchmark_top.$auto$alumacc.cc:485:replace_alu$2317.slice[15].carry: CO=1'0

5.33.92. Executing OPT_EXPR pass (perform const folding).
Optimizing module conv1d_large_benchmark_top.

5.33.93. Executing OPT_MERGE pass (detect identical cells).
Finding identical cells in module `\conv1d_large_benchmark_top'.
<suppressed ~48 debug messages>
Removed a total of 16 cells.

5.33.94. Executing OPT_DFF pass (perform DFF optimizations).

5.33.95. Executing OPT_CLEAN pass (remove unused cells and wires).
Finding unused cells or wires in module \conv1d_large_benchmark_top..
Removed 0 unused cells and 11 unused wires.
<suppressed ~1 debug messages>

5.33.96. Rerunning OPT passes. (Removed registers in this run.)

5.33.97. Running ICE40 specific optimizations.

5.33.98. Executing OPT_EXPR pass (perform const folding).
Optimizing module conv1d_large_benchmark_top.

5.33.99. Executing OPT_MERGE pass (detect identical cells).
Finding identical cells in module `\conv1d_large_benchmark_top'.
Removed a total of 0 cells.

5.33.100. Executing OPT_DFF pass (perform DFF optimizations).

5.33.101. Executing OPT_CLEAN pass (remove unused cells and wires).
Finding unused cells or wires in module \conv1d_large_benchmark_top..

5.33.102. Finished OPT passes. (There is nothing left to do.)

5.34. Executing DFFLEGALIZE pass (convert FFs to types supported by the target).

5.35. Executing TECHMAP pass (map to technology primitives).

5.35.1. Executing Verilog-2005 frontend: /opt/homebrew/bin/../share/yosys/ice40/ff_map.v
Parsing Verilog input from `/opt/homebrew/bin/../share/yosys/ice40/ff_map.v' to AST representation.
Generating RTLIL representation for module `\$_DFF_N_'.
Generating RTLIL representation for module `\$_DFF_P_'.
Generating RTLIL representation for module `\$_DFFE_NP_'.
Generating RTLIL representation for module `\$_DFFE_PP_'.
Generating RTLIL representation for module `\$_DFF_NP0_'.
Generating RTLIL representation for module `\$_DFF_NP1_'.
Generating RTLIL representation for module `\$_DFF_PP0_'.
Generating RTLIL representation for module `\$_DFF_PP1_'.
Generating RTLIL representation for module `\$_DFFE_NP0P_'.
Generating RTLIL representation for module `\$_DFFE_NP1P_'.
Generating RTLIL representation for module `\$_DFFE_PP0P_'.
Generating RTLIL representation for module `\$_DFFE_PP1P_'.
Generating RTLIL representation for module `\$_SDFF_NP0_'.
Generating RTLIL representation for module `\$_SDFF_NP1_'.
Generating RTLIL representation for module `\$_SDFF_PP0_'.
Generating RTLIL representation for module `\$_SDFF_PP1_'.
Generating RTLIL representation for module `\$_SDFFCE_NP0P_'.
Generating RTLIL representation for module `\$_SDFFCE_NP1P_'.
Generating RTLIL representation for module `\$_SDFFCE_PP0P_'.
Generating RTLIL representation for module `\$_SDFFCE_PP1P_'.
Successfully finished Verilog frontend.

5.35.2. Continuing TECHMAP pass.
Using template \$_SDFFCE_PP0P_ for cells of type $_SDFFCE_PP0P_.
Using template \$_SDFF_PP0_ for cells of type $_SDFF_PP0_.
No more expansions possible.
<suppressed ~358 debug messages>

5.36. Executing OPT_EXPR pass (perform const folding).
Optimizing module conv1d_large_benchmark_top.

5.37. Executing SIMPLEMAP pass (map simple cells to gate primitives).
Mapping conv1d_large_benchmark_top.$auto$alumacc.cc:485:replace_alu$2311.slice[0].carry ($lut).
Mapping conv1d_large_benchmark_top.$auto$alumacc.cc:485:replace_alu$2311.slice[10].carry ($lut).
Mapping conv1d_large_benchmark_top.$auto$alumacc.cc:485:replace_alu$2311.slice[11].carry ($lut).
Mapping conv1d_large_benchmark_top.$auto$alumacc.cc:485:replace_alu$2311.slice[12].carry ($lut).
Mapping conv1d_large_benchmark_top.$auto$alumacc.cc:485:replace_alu$2311.slice[13].carry ($lut).
Mapping conv1d_large_benchmark_top.$auto$alumacc.cc:485:replace_alu$2311.slice[14].carry ($lut).
Mapping conv1d_large_benchmark_top.$auto$alumacc.cc:485:replace_alu$2311.slice[15].carry ($lut).
Mapping conv1d_large_benchmark_top.$auto$alumacc.cc:485:replace_alu$2311.slice[16].carry ($lut).
Mapping conv1d_large_benchmark_top.$auto$alumacc.cc:485:replace_alu$2311.slice[3].carry ($lut).
Mapping conv1d_large_benchmark_top.$auto$alumacc.cc:485:replace_alu$2311.slice[4].carry ($lut).
Mapping conv1d_large_benchmark_top.$auto$alumacc.cc:485:replace_alu$2311.slice[5].carry ($lut).
Mapping conv1d_large_benchmark_top.$auto$alumacc.cc:485:replace_alu$2311.slice[6].carry ($lut).
Mapping conv1d_large_benchmark_top.$auto$alumacc.cc:485:replace_alu$2311.slice[7].carry ($lut).
Mapping conv1d_large_benchmark_top.$auto$alumacc.cc:485:replace_alu$2311.slice[8].carry ($lut).
Mapping conv1d_large_benchmark_top.$auto$alumacc.cc:485:replace_alu$2311.slice[9].carry ($lut).
Mapping conv1d_large_benchmark_top.$auto$alumacc.cc:485:replace_alu$2317.slice[2].carry ($lut).
Mapping conv1d_large_benchmark_top.$auto$alumacc.cc:485:replace_alu$2323.slice[0].carry ($lut).
Mapping conv1d_large_benchmark_top.$auto$alumacc.cc:485:replace_alu$2323.slice[14].carry ($lut).
Mapping conv1d_large_benchmark_top.$auto$maccmap.cc:240:synth$2478.slice[0].carry ($lut).
Mapping conv1d_large_benchmark_top.$auto$maccmap.cc:240:synth$2478.slice[1].carry ($lut).
Mapping conv1d_large_benchmark_top.$auto$maccmap.cc:240:synth$2478.slice[2].carry ($lut).
Mapping conv1d_large_benchmark_top.$auto$maccmap.cc:240:synth$2478.slice[3].carry ($lut).
Mapping conv1d_large_benchmark_top.$auto$maccmap.cc:240:synth$2478.slice[4].carry ($lut).
Mapping conv1d_large_benchmark_top.$auto$maccmap.cc:240:synth$2627.slice[0].carry ($lut).
Mapping conv1d_large_benchmark_top.$auto$maccmap.cc:240:synth$2627.slice[1].carry ($lut).
Mapping conv1d_large_benchmark_top.$auto$maccmap.cc:240:synth$2627.slice[2].carry ($lut).
Mapping conv1d_large_benchmark_top.$auto$maccmap.cc:240:synth$2675.slice[0].carry ($lut).
Mapping conv1d_large_benchmark_top.$auto$maccmap.cc:240:synth$2675.slice[1].carry ($lut).
Mapping conv1d_large_benchmark_top.$auto$maccmap.cc:240:synth$2675.slice[2].carry ($lut).
Mapping conv1d_large_benchmark_top.$auto$maccmap.cc:240:synth$2675.slice[3].carry ($lut).
Mapping conv1d_large_benchmark_top.$auto$maccmap.cc:240:synth$2726.slice[0].carry ($lut).
Mapping conv1d_large_benchmark_top.$auto$maccmap.cc:240:synth$2726.slice[1].carry ($lut).
Mapping conv1d_large_benchmark_top.$auto$maccmap.cc:240:synth$2726.slice[2].carry ($lut).

5.38. Executing ICE40_OPT pass (performing simple optimizations).

5.38.1. Running ICE40 specific optimizations.

5.38.2. Executing OPT_EXPR pass (perform const folding).
Optimizing module conv1d_large_benchmark_top.
<suppressed ~1420 debug messages>

5.38.3. Executing OPT_MERGE pass (detect identical cells).
Finding identical cells in module `\conv1d_large_benchmark_top'.
<suppressed ~1317 debug messages>
Removed a total of 439 cells.

5.38.4. Executing OPT_DFF pass (perform DFF optimizations).

5.38.5. Executing OPT_CLEAN pass (remove unused cells and wires).
Finding unused cells or wires in module \conv1d_large_benchmark_top..
Removed 18 unused cells and 2655 unused wires.
<suppressed ~19 debug messages>

5.38.6. Rerunning OPT passes. (Removed registers in this run.)

5.38.7. Running ICE40 specific optimizations.
Optimized $__ICE40_CARRY_WRAPPER cell back to logic (without SB_CARRY) conv1d_large_benchmark_top.$auto$alumacc.cc:485:replace_alu$2258.slice[16].carry: CO=$auto$alumacc.cc:485:replace_alu$2258.C [16]
Optimized $__ICE40_CARRY_WRAPPER cell back to logic (without SB_CARRY) conv1d_large_benchmark_top.$auto$alumacc.cc:485:replace_alu$2258.slice[1].carry: CO=1'0
Optimized $__ICE40_CARRY_WRAPPER cell back to logic (without SB_CARRY) conv1d_large_benchmark_top.$auto$alumacc.cc:485:replace_alu$2269.slice[16].carry: CO=$auto$alumacc.cc:485:replace_alu$2269.C [16]
Optimized $__ICE40_CARRY_WRAPPER cell back to logic (without SB_CARRY) conv1d_large_benchmark_top.$auto$alumacc.cc:485:replace_alu$2269.slice[2].carry: CO=1'0
Optimized $__ICE40_CARRY_WRAPPER cell back to logic (without SB_CARRY) conv1d_large_benchmark_top.$auto$alumacc.cc:485:replace_alu$2280.slice[16].carry: CO=$auto$alumacc.cc:485:replace_alu$2280.C [16]
Optimized $__ICE40_CARRY_WRAPPER cell back to logic (without SB_CARRY) conv1d_large_benchmark_top.$auto$alumacc.cc:485:replace_alu$2280.slice[1].carry: CO=1'0
Optimized $__ICE40_CARRY_WRAPPER cell back to logic (without SB_CARRY) conv1d_large_benchmark_top.$auto$maccmap.cc:240:synth$2627.slice[3].carry: CO=1'0

5.38.8. Executing OPT_EXPR pass (perform const folding).
Optimizing module conv1d_large_benchmark_top.

5.38.9. Executing OPT_MERGE pass (detect identical cells).
Finding identical cells in module `\conv1d_large_benchmark_top'.
Removed a total of 0 cells.

5.38.10. Executing OPT_DFF pass (perform DFF optimizations).

5.38.11. Executing OPT_CLEAN pass (remove unused cells and wires).
Finding unused cells or wires in module \conv1d_large_benchmark_top..
Removed 6 unused cells and 3 unused wires.
<suppressed ~7 debug messages>

5.38.12. Rerunning OPT passes. (Removed registers in this run.)

5.38.13. Running ICE40 specific optimizations.
Optimized $__ICE40_CARRY_WRAPPER cell back to logic (without SB_CARRY) conv1d_large_benchmark_top.$auto$alumacc.cc:485:replace_alu$2258.slice[2].carry: CO=1'0
Optimized $__ICE40_CARRY_WRAPPER cell back to logic (without SB_CARRY) conv1d_large_benchmark_top.$auto$alumacc.cc:485:replace_alu$2269.slice[3].carry: CO=1'0
Optimized $__ICE40_CARRY_WRAPPER cell back to logic (without SB_CARRY) conv1d_large_benchmark_top.$auto$alumacc.cc:485:replace_alu$2280.slice[2].carry: CO=1'0

5.38.14. Executing OPT_EXPR pass (perform const folding).
Optimizing module conv1d_large_benchmark_top.

5.38.15. Executing OPT_MERGE pass (detect identical cells).
Finding identical cells in module `\conv1d_large_benchmark_top'.
<suppressed ~3 debug messages>
Removed a total of 1 cells.

5.38.16. Executing OPT_DFF pass (perform DFF optimizations).

5.38.17. Executing OPT_CLEAN pass (remove unused cells and wires).
Finding unused cells or wires in module \conv1d_large_benchmark_top..
Removed 2 unused cells and 0 unused wires.
<suppressed ~2 debug messages>

5.38.18. Rerunning OPT passes. (Removed registers in this run.)

5.38.19. Running ICE40 specific optimizations.
Optimized $__ICE40_CARRY_WRAPPER cell back to logic (without SB_CARRY) conv1d_large_benchmark_top.$auto$alumacc.cc:485:replace_alu$2258.slice[3].carry: CO=1'0
Optimized $__ICE40_CARRY_WRAPPER cell back to logic (without SB_CARRY) conv1d_large_benchmark_top.$auto$alumacc.cc:485:replace_alu$2269.slice[4].carry: CO=1'0
Optimized $__ICE40_CARRY_WRAPPER cell back to logic (without SB_CARRY) conv1d_large_benchmark_top.$auto$alumacc.cc:485:replace_alu$2280.slice[3].carry: CO=1'0

5.38.20. Executing OPT_EXPR pass (perform const folding).
Optimizing module conv1d_large_benchmark_top.

5.38.21. Executing OPT_MERGE pass (detect identical cells).
Finding identical cells in module `\conv1d_large_benchmark_top'.
<suppressed ~3 debug messages>
Removed a total of 1 cells.

5.38.22. Executing OPT_DFF pass (perform DFF optimizations).

5.38.23. Executing OPT_CLEAN pass (remove unused cells and wires).
Finding unused cells or wires in module \conv1d_large_benchmark_top..
Removed 2 unused cells and 0 unused wires.
<suppressed ~2 debug messages>

5.38.24. Rerunning OPT passes. (Removed registers in this run.)

5.38.25. Running ICE40 specific optimizations.
Optimized $__ICE40_CARRY_WRAPPER cell back to logic (without SB_CARRY) conv1d_large_benchmark_top.$auto$alumacc.cc:485:replace_alu$2258.slice[4].carry: CO=1'0
Optimized $__ICE40_CARRY_WRAPPER cell back to logic (without SB_CARRY) conv1d_large_benchmark_top.$auto$alumacc.cc:485:replace_alu$2269.slice[5].carry: CO=$auto$alumacc.cc:485:replace_alu$2258.BB [5]
Optimized $__ICE40_CARRY_WRAPPER cell back to logic (without SB_CARRY) conv1d_large_benchmark_top.$auto$alumacc.cc:485:replace_alu$2280.slice[4].carry: CO=1'0

5.38.26. Executing OPT_EXPR pass (perform const folding).
Optimizing module conv1d_large_benchmark_top.

5.38.27. Executing OPT_MERGE pass (detect identical cells).
Finding identical cells in module `\conv1d_large_benchmark_top'.
<suppressed ~3 debug messages>
Removed a total of 1 cells.

5.38.28. Executing OPT_DFF pass (perform DFF optimizations).

5.38.29. Executing OPT_CLEAN pass (remove unused cells and wires).
Finding unused cells or wires in module \conv1d_large_benchmark_top..
Removed 2 unused cells and 0 unused wires.
<suppressed ~2 debug messages>

5.38.30. Rerunning OPT passes. (Removed registers in this run.)

5.38.31. Running ICE40 specific optimizations.
Optimized $__ICE40_CARRY_WRAPPER cell back to logic (without SB_CARRY) conv1d_large_benchmark_top.$auto$alumacc.cc:485:replace_alu$2258.slice[5].carry: CO=$auto$alumacc.cc:485:replace_alu$2258.BB [5]
Optimized $__ICE40_CARRY_WRAPPER cell back to logic (without SB_CARRY) conv1d_large_benchmark_top.$auto$alumacc.cc:485:replace_alu$2280.slice[5].carry: CO=$auto$alumacc.cc:485:replace_alu$2258.BB [5]

5.38.32. Executing OPT_EXPR pass (perform const folding).
Optimizing module conv1d_large_benchmark_top.

5.38.33. Executing OPT_MERGE pass (detect identical cells).
Finding identical cells in module `\conv1d_large_benchmark_top'.
<suppressed ~3 debug messages>
Removed a total of 1 cells.

5.38.34. Executing OPT_DFF pass (perform DFF optimizations).

5.38.35. Executing OPT_CLEAN pass (remove unused cells and wires).
Finding unused cells or wires in module \conv1d_large_benchmark_top..
Removed 1 unused cells and 0 unused wires.
<suppressed ~1 debug messages>

5.38.36. Rerunning OPT passes. (Removed registers in this run.)

5.38.37. Running ICE40 specific optimizations.

5.38.38. Executing OPT_EXPR pass (perform const folding).
Optimizing module conv1d_large_benchmark_top.

5.38.39. Executing OPT_MERGE pass (detect identical cells).
Finding identical cells in module `\conv1d_large_benchmark_top'.
Removed a total of 0 cells.

5.38.40. Executing OPT_DFF pass (perform DFF optimizations).

5.38.41. Executing OPT_CLEAN pass (remove unused cells and wires).
Finding unused cells or wires in module \conv1d_large_benchmark_top..

5.38.42. Finished OPT passes. (There is nothing left to do.)

5.39. Executing TECHMAP pass (map to technology primitives).

5.39.1. Executing Verilog-2005 frontend: /opt/homebrew/bin/../share/yosys/ice40/latches_map.v
Parsing Verilog input from `/opt/homebrew/bin/../share/yosys/ice40/latches_map.v' to AST representation.
Generating RTLIL representation for module `\$_DLATCH_N_'.
Generating RTLIL representation for module `\$_DLATCH_P_'.
Successfully finished Verilog frontend.

5.39.2. Continuing TECHMAP pass.
No more expansions possible.
<suppressed ~4 debug messages>

5.40. Executing Verilog-2005 frontend: /opt/homebrew/bin/../share/yosys/ice40/abc9_model.v
Parsing Verilog input from `/opt/homebrew/bin/../share/yosys/ice40/abc9_model.v' to AST representation.
Generating RTLIL representation for module `$__ICE40_CARRY_WRAPPER'.
Successfully finished Verilog frontend.

5.41. Executing ABC9 pass.

5.41.1. Executing ABC9_OPS pass (helper functions for ABC9).

5.41.2. Executing ABC9_OPS pass (helper functions for ABC9).

5.41.3. Executing SCC pass (detecting logic loops).
Found 0 SCCs in module conv1d_large_benchmark_top.
Found 0 SCCs.

5.41.4. Executing ABC9_OPS pass (helper functions for ABC9).

5.41.5. Executing PROC pass (convert processes to netlists).

5.41.5.1. Executing PROC_CLEAN pass (remove empty switches from decision trees).
Cleaned up 0 empty switches.

5.41.5.2. Executing PROC_RMDEAD pass (remove dead branches from decision trees).
Removed a total of 0 dead cases.

5.41.5.3. Executing PROC_PRUNE pass (remove redundant assignments in processes).
Removed 0 redundant assignments.
Promoted 0 assignments to connections.

5.41.5.4. Executing PROC_INIT pass (extract init attributes).

5.41.5.5. Executing PROC_ARST pass (detect async resets in processes).

5.41.5.6. Executing PROC_ROM pass (convert switches to ROMs).
Converted 0 switches.

5.41.5.7. Executing PROC_MUX pass (convert decision trees to multiplexers).

5.41.5.8. Executing PROC_DLATCH pass (convert process syncs to latches).

5.41.5.9. Executing PROC_DFF pass (convert process syncs to FFs).

5.41.5.10. Executing PROC_MEMWR pass (convert process memory writes to cells).

5.41.5.11. Executing PROC_CLEAN pass (remove empty switches from decision trees).
Cleaned up 0 empty switches.

5.41.5.12. Executing OPT_EXPR pass (perform const folding).

5.41.6. Executing TECHMAP pass (map to technology primitives).

5.41.6.1. Executing Verilog-2005 frontend: /opt/homebrew/bin/../share/yosys/techmap.v
Parsing Verilog input from `/opt/homebrew/bin/../share/yosys/techmap.v' to AST representation.
Generating RTLIL representation for module `\_90_simplemap_bool_ops'.
Generating RTLIL representation for module `\_90_simplemap_reduce_ops'.
Generating RTLIL representation for module `\_90_simplemap_logic_ops'.
Generating RTLIL representation for module `\_90_simplemap_compare_ops'.
Generating RTLIL representation for module `\_90_simplemap_various'.
Generating RTLIL representation for module `\_90_simplemap_registers'.
Generating RTLIL representation for module `\_90_shift_ops_shr_shl_sshl_sshr'.
Generating RTLIL representation for module `\_90_shift_shiftx'.
Generating RTLIL representation for module `\_90_fa'.
Generating RTLIL representation for module `\_90_lcu_brent_kung'.
Generating RTLIL representation for module `\_90_alu'.
Generating RTLIL representation for module `\_90_macc'.
Generating RTLIL representation for module `\_90_alumacc'.
Generating RTLIL representation for module `\$__div_mod_u'.
Generating RTLIL representation for module `\$__div_mod_trunc'.
Generating RTLIL representation for module `\_90_div'.
Generating RTLIL representation for module `\_90_mod'.
Generating RTLIL representation for module `\$__div_mod_floor'.
Generating RTLIL representation for module `\_90_divfloor'.
Generating RTLIL representation for module `\_90_modfloor'.
Generating RTLIL representation for module `\_90_pow'.
Generating RTLIL representation for module `\_90_pmux'.
Generating RTLIL representation for module `\_90_demux'.
Generating RTLIL representation for module `\_90_lut'.
Successfully finished Verilog frontend.

5.41.6.2. Continuing TECHMAP pass.
No more expansions possible.
<suppressed ~126 debug messages>

5.41.7. Executing OPT pass (performing simple optimizations).

5.41.7.1. Executing OPT_EXPR pass (perform const folding).

5.41.7.2. Executing OPT_MERGE pass (detect identical cells).
Removed a total of 0 cells.

5.41.7.3. Executing OPT_MUXTREE pass (detect dead branches in mux trees).
Removed 0 multiplexer ports.

5.41.7.4. Executing OPT_REDUCE pass (consolidate $*mux and $reduce_* inputs).
Performed a total of 0 changes.

5.41.7.5. Executing OPT_MERGE pass (detect identical cells).
Removed a total of 0 cells.

5.41.7.6. Executing OPT_DFF pass (perform DFF optimizations).

5.41.7.7. Executing OPT_CLEAN pass (remove unused cells and wires).

5.41.7.8. Executing OPT_EXPR pass (perform const folding).

5.41.7.9. Finished OPT passes. (There is nothing left to do.)

5.41.8. Executing TECHMAP pass (map to technology primitives).

5.41.8.1. Executing Verilog-2005 frontend: /opt/homebrew/bin/../share/yosys/abc9_map.v
Parsing Verilog input from `/opt/homebrew/bin/../share/yosys/abc9_map.v' to AST representation.
Successfully finished Verilog frontend.

5.41.8.2. Continuing TECHMAP pass.
No more expansions possible.
<suppressed ~2 debug messages>

5.41.9. Executing Verilog-2005 frontend: /opt/homebrew/bin/../share/yosys/abc9_model.v
Parsing Verilog input from `/opt/homebrew/bin/../share/yosys/abc9_model.v' to AST representation.
Generating RTLIL representation for module `$__ABC9_DELAY'.
Generating RTLIL representation for module `$__ABC9_SCC_BREAKER'.
Generating RTLIL representation for module `$__DFF_N__$abc9_flop'.
Generating RTLIL representation for module `$__DFF_P__$abc9_flop'.
Successfully finished Verilog frontend.

5.41.10. Executing ABC9_OPS pass (helper functions for ABC9).
<suppressed ~674 debug messages>

5.41.11. Executing ABC9_OPS pass (helper functions for ABC9).

5.41.12. Executing ABC9_OPS pass (helper functions for ABC9).
<suppressed ~2 debug messages>

5.41.13. Executing TECHMAP pass (map to technology primitives).

5.41.13.1. Executing Verilog-2005 frontend: /opt/homebrew/bin/../share/yosys/techmap.v
Parsing Verilog input from `/opt/homebrew/bin/../share/yosys/techmap.v' to AST representation.
Generating RTLIL representation for module `\_90_simplemap_bool_ops'.
Generating RTLIL representation for module `\_90_simplemap_reduce_ops'.
Generating RTLIL representation for module `\_90_simplemap_logic_ops'.
Generating RTLIL representation for module `\_90_simplemap_compare_ops'.
Generating RTLIL representation for module `\_90_simplemap_various'.
Generating RTLIL representation for module `\_90_simplemap_registers'.
Generating RTLIL representation for module `\_90_shift_ops_shr_shl_sshl_sshr'.
Generating RTLIL representation for module `\_90_shift_shiftx'.
Generating RTLIL representation for module `\_90_fa'.
Generating RTLIL representation for module `\_90_lcu_brent_kung'.
Generating RTLIL representation for module `\_90_alu'.
Generating RTLIL representation for module `\_90_macc'.
Generating RTLIL representation for module `\_90_alumacc'.
Generating RTLIL representation for module `\$__div_mod_u'.
Generating RTLIL representation for module `\$__div_mod_trunc'.
Generating RTLIL representation for module `\_90_div'.
Generating RTLIL representation for module `\_90_mod'.
Generating RTLIL representation for module `\$__div_mod_floor'.
Generating RTLIL representation for module `\_90_divfloor'.
Generating RTLIL representation for module `\_90_modfloor'.
Generating RTLIL representation for module `\_90_pow'.
Generating RTLIL representation for module `\_90_pmux'.
Generating RTLIL representation for module `\_90_demux'.
Generating RTLIL representation for module `\_90_lut'.
Successfully finished Verilog frontend.

5.41.13.2. Continuing TECHMAP pass.
Using template $paramod$__ICE40_CARRY_WRAPPER\LUT=16'0110100110010110\I3_IS_CI=1'1 for cells of type $paramod$__ICE40_CARRY_WRAPPER\LUT=16'0110100110010110\I3_IS_CI=1'1.
Using template $paramod\SB_LUT4\LUT_INIT=16'0110100110010110 for cells of type SB_LUT4.
Using template SB_CARRY for cells of type SB_CARRY.
Using extmapper simplemap for cells of type $mux.
Using extmapper simplemap for cells of type $logic_and.
Using extmapper simplemap for cells of type $logic_or.
No more expansions possible.
<suppressed ~147 debug messages>

5.41.14. Executing OPT pass (performing simple optimizations).

5.41.14.1. Executing OPT_EXPR pass (perform const folding).
Optimizing module conv1d_large_benchmark_top.
<suppressed ~4 debug messages>

5.41.14.2. Executing OPT_MERGE pass (detect identical cells).
Finding identical cells in module `\conv1d_large_benchmark_top'.
<suppressed ~29 debug messages>
Removed a total of 12 cells.

5.41.14.3. Executing OPT_MUXTREE pass (detect dead branches in mux trees).
Running muxtree optimizer on module \conv1d_large_benchmark_top..
  Creating internal representation of mux trees.
  No muxes found in this module.
Removed 0 multiplexer ports.

5.41.14.4. Executing OPT_REDUCE pass (consolidate $*mux and $reduce_* inputs).
  Optimizing cells in module \conv1d_large_benchmark_top.
Performed a total of 0 changes.

5.41.14.5. Executing OPT_MERGE pass (detect identical cells).
Finding identical cells in module `\conv1d_large_benchmark_top'.
Removed a total of 0 cells.

5.41.14.6. Executing OPT_DFF pass (perform DFF optimizations).

5.41.14.7. Executing OPT_CLEAN pass (remove unused cells and wires).
Finding unused cells or wires in module \conv1d_large_benchmark_top..
Removed 0 unused cells and 24 unused wires.
<suppressed ~1 debug messages>

5.41.14.8. Executing OPT_EXPR pass (perform const folding).
Optimizing module conv1d_large_benchmark_top.

5.41.14.9. Rerunning OPT passes. (Maybe there is more to do..)

5.41.14.10. Executing OPT_MUXTREE pass (detect dead branches in mux trees).
Running muxtree optimizer on module \conv1d_large_benchmark_top..
  Creating internal representation of mux trees.
  No muxes found in this module.
Removed 0 multiplexer ports.

5.41.14.11. Executing OPT_REDUCE pass (consolidate $*mux and $reduce_* inputs).
  Optimizing cells in module \conv1d_large_benchmark_top.
Performed a total of 0 changes.

5.41.14.12. Executing OPT_MERGE pass (detect identical cells).
Finding identical cells in module `\conv1d_large_benchmark_top'.
Removed a total of 0 cells.

5.41.14.13. Executing OPT_DFF pass (perform DFF optimizations).

5.41.14.14. Executing OPT_CLEAN pass (remove unused cells and wires).
Finding unused cells or wires in module \conv1d_large_benchmark_top..

5.41.14.15. Executing OPT_EXPR pass (perform const folding).
Optimizing module conv1d_large_benchmark_top.

5.41.14.16. Finished OPT passes. (There is nothing left to do.)

5.41.15. Executing AIGMAP pass (map logic to AIG).
Module conv1d_large_benchmark_top: replaced 7 cells with 43 new cells, skipped 11 cells.
  replaced 2 cell types:
       2 $_OR_
       5 $_MUX_
  not replaced 3 cell types:
       8 $specify2
       1 $_NOT_
       2 $_AND_

5.41.16. Executing AIGMAP pass (map logic to AIG).
Module conv1d_large_benchmark_top: replaced 927 cells with 5445 new cells, skipped 2005 cells.
  replaced 3 cell types:
     348 $_OR_
     422 $_XOR_
     157 $_MUX_
  not replaced 9 cell types:
       1 $lut
       2 $scopeinfo
      50 $_NOT_
     733 $_AND_
       2 SB_DFFSR
     334 SB_DFFESR
     336 $paramod$__ABC9_DELAY\DELAY=32'00000000000000000000000000010101
     211 $paramod$__ICE40_CARRY_WRAPPER\LUT=16'0110100110010110\I3_IS_CI=1'1
     336 $paramod$__ABC9_DELAY\DELAY=32'00000000000000000000000011001011

5.41.16.1. Executing ABC9_OPS pass (helper functions for ABC9).

5.41.16.2. Executing ABC9_OPS pass (helper functions for ABC9).

5.41.16.3. Executing XAIGER backend.
<suppressed ~347 debug messages>
Extracted 2818 AND gates and 7807 wires from module `conv1d_large_benchmark_top' to a netlist network with 348 inputs and 711 outputs.

5.41.16.4. Executing ABC9_EXE pass (technology mapping using ABC9).

5.41.16.5. Executing ABC9.
Running ABC command: "<yosys-exe-dir>/yosys-abc" -s -f <abc-temp-dir>/abc.script 2>&1
ABC: ABC command line: "source <abc-temp-dir>/abc.script".
ABC: 
ABC: + read_lut <abc-temp-dir>/input.lut 
ABC: + read_box <abc-temp-dir>/input.box 
ABC: + &read <abc-temp-dir>/input.xaig 
ABC: + &ps 
ABC: <abc-temp-dir>/input : i/o =    348/    711  and =    2305  lev =   42 (2.04)  mem = 0.09 MB  box = 883  bb = 672
ABC: + &scorr 
ABC: Warning: The network is combinational.
ABC: + &sweep 
ABC: + &dc2 
ABC: + &dch -f 
ABC: + &ps 
ABC: <abc-temp-dir>/input : i/o =    348/    711  and =    1656  lev =   36 (0.66)  mem = 0.07 MB  ch =  119  box = 751  bb = 672
ABC: + &if -W 250 -v 
ABC: K = 4. Memory (bytes): Truth =    0. Cut =   52. Obj =  136. Set =  564. CutMin = no
ABC: Node =    1656.  Ch =    78.  Total mem =    0.67 MB. Peak cut mem =    0.03 MB.
ABC: P:  Del = 14390.00.  Ar =     611.0.  Edge =     2294.  Cut =    12212.  T =     0.00 sec
ABC: P:  Del = 14390.00.  Ar =     600.0.  Edge =     2286.  Cut =    11664.  T =     0.00 sec
ABC: P:  Del = 14390.00.  Ar =     594.0.  Edge =     2063.  Cut =    12482.  T =     0.00 sec
ABC: F:  Del = 14390.00.  Ar =     501.0.  Edge =     1755.  Cut =     9330.  T =     0.00 sec
ABC: A:  Del = 14390.00.  Ar =     476.0.  Edge =     1557.  Cut =     9534.  T =     0.00 sec
ABC: A:  Del = 14390.00.  Ar =     474.0.  Edge =     1555.  Cut =     9536.  T =     0.00 sec
ABC: Total time =     0.01 sec
ABC: + &write -n <abc-temp-dir>/output.aig 
ABC: + &mfs 
ABC: + &ps -l 
ABC: <abc-temp-dir>/input : i/o =    348/    711  and =    1565  lev =   33 (0.59)  mem = 0.06 MB  box = 751  bb = 672
ABC: Mapping (K=4)  :  lut =    438  edge =    1391  lev =   12 (0.28)  Boxes are not in a topological order. Switching to level computation without boxes.
ABC: levB =   33  mem = 0.03 MB
ABC: LUT = 438 : 2=118 26.9 %  3=125 28.5 %  4=195 44.5 %  Ave = 3.18
ABC: + &write -n <abc-temp-dir>/output.aig 
ABC: + time 
ABC: elapse: 1.19 seconds, total: 1.19 seconds

5.41.16.6. Executing AIGER frontend.
<suppressed ~2262 debug messages>
Removed 2305 unused cells and 5264 unused wires.

5.41.16.7. Executing ABC9_OPS pass (helper functions for ABC9).
ABC RESULTS:              $lut cells:      453
ABC RESULTS:   $paramod$__ICE40_CARRY_WRAPPER\LUT=16'0110100110010110\I3_IS_CI=1'1 cells:       79
ABC RESULTS:           input signals:       40
ABC RESULTS:          output signals:      680
Removing temp directory.

5.41.17. Executing TECHMAP pass (map to technology primitives).

5.41.17.1. Executing Verilog-2005 frontend: /opt/homebrew/bin/../share/yosys/abc9_unmap.v
Parsing Verilog input from `/opt/homebrew/bin/../share/yosys/abc9_unmap.v' to AST representation.
Generating RTLIL representation for module `\$__DFF_x__$abc9_flop'.
Generating RTLIL representation for module `\$__ABC9_SCC_BREAKER'.
Successfully finished Verilog frontend.

5.41.17.2. Continuing TECHMAP pass.
Using template $paramod$__ICE40_CARRY_WRAPPER\LUT=16'0110100110010110\I3_IS_CI=1'1 for cells of type $paramod$__ICE40_CARRY_WRAPPER\LUT=16'0110100110010110\I3_IS_CI=1'1.
No more expansions possible.
<suppressed ~85 debug messages>

5.42. Executing ICE40_WRAPCARRY pass (wrap carries).

5.43. Executing TECHMAP pass (map to technology primitives).

5.43.1. Executing Verilog-2005 frontend: /opt/homebrew/bin/../share/yosys/ice40/ff_map.v
Parsing Verilog input from `/opt/homebrew/bin/../share/yosys/ice40/ff_map.v' to AST representation.
Generating RTLIL representation for module `\$_DFF_N_'.
Generating RTLIL representation for module `\$_DFF_P_'.
Generating RTLIL representation for module `\$_DFFE_NP_'.
Generating RTLIL representation for module `\$_DFFE_PP_'.
Generating RTLIL representation for module `\$_DFF_NP0_'.
Generating RTLIL representation for module `\$_DFF_NP1_'.
Generating RTLIL representation for module `\$_DFF_PP0_'.
Generating RTLIL representation for module `\$_DFF_PP1_'.
Generating RTLIL representation for module `\$_DFFE_NP0P_'.
Generating RTLIL representation for module `\$_DFFE_NP1P_'.
Generating RTLIL representation for module `\$_DFFE_PP0P_'.
Generating RTLIL representation for module `\$_DFFE_PP1P_'.
Generating RTLIL representation for module `\$_SDFF_NP0_'.
Generating RTLIL representation for module `\$_SDFF_NP1_'.
Generating RTLIL representation for module `\$_SDFF_PP0_'.
Generating RTLIL representation for module `\$_SDFF_PP1_'.
Generating RTLIL representation for module `\$_SDFFCE_NP0P_'.
Generating RTLIL representation for module `\$_SDFFCE_NP1P_'.
Generating RTLIL representation for module `\$_SDFFCE_PP0P_'.
Generating RTLIL representation for module `\$_SDFFCE_PP1P_'.
Successfully finished Verilog frontend.

5.43.2. Continuing TECHMAP pass.
No more expansions possible.
<suppressed ~22 debug messages>
Removed 48 unused cells and 8014 unused wires.

5.44. Executing OPT_LUT pass (optimize LUTs).
Discovering LUTs.
Number of LUTs:      518
  1-LUT               16
  2-LUT              118
  3-LUT              189
  4-LUT              195
  with \SB_CARRY    (#0)   60
  with \SB_CARRY    (#1)   61

Eliminating LUTs.
Number of LUTs:      517
  1-LUT               15
  2-LUT              118
  3-LUT              189
  4-LUT              195
  with \SB_CARRY    (#0)   60
  with \SB_CARRY    (#1)   61

Combining LUTs.
Number of LUTs:      497
  1-LUT                4
  2-LUT              109
  3-LUT              180
  4-LUT              204
  with \SB_CARRY    (#0)   60
  with \SB_CARRY    (#1)   61

Eliminated 1 LUTs.
Combined 20 LUTs.
<suppressed ~3689 debug messages>

5.45. Executing TECHMAP pass (map to technology primitives).

5.45.1. Executing Verilog-2005 frontend: /opt/homebrew/bin/../share/yosys/ice40/cells_map.v
Parsing Verilog input from `/opt/homebrew/bin/../share/yosys/ice40/cells_map.v' to AST representation.
Generating RTLIL representation for module `\$lut'.
Successfully finished Verilog frontend.

5.45.2. Continuing TECHMAP pass.
Using template $paramod\$lut\WIDTH=32'00000000000000000000000000000011\LUT=8'00000001 for cells of type $lut.
Using template $paramod\$lut\WIDTH=32'00000000000000000000000000000011\LUT=8'00010000 for cells of type $lut.
Using template $paramod$f8f63b209b7230e81958663ff24fef1613156af7\$lut for cells of type $lut.
Using template $paramod$fd904e9e35cfd343a9df248824bd3f1408724879\$lut for cells of type $lut.
Using template $paramod$d6ca727e39f31d51d29072e0f33aa09c65e37336\$lut for cells of type $lut.
Using template $paramod\$lut\WIDTH=32'00000000000000000000000000000011\LUT=8'00000100 for cells of type $lut.
Using template $paramod\$lut\WIDTH=32'00000000000000000000000000000010\LUT=4'1000 for cells of type $lut.
Using template $paramod\$lut\WIDTH=32'00000000000000000000000000000011\LUT=8'00100000 for cells of type $lut.
Using template $paramod$11ec7271d8e6e5aeaace08c13e4c601f10e31038\$lut for cells of type $lut.
Using template $paramod\$lut\WIDTH=32'00000000000000000000000000000011\LUT=8'00001000 for cells of type $lut.
Using template $paramod\$lut\WIDTH=32'00000000000000000000000000000011\LUT=8'00000010 for cells of type $lut.
Using template $paramod\$lut\WIDTH=32'00000000000000000000000000000011\LUT=8'10000000 for cells of type $lut.
Using template $paramod$364c9ffbffac467d60dfec81bba4e18476c15602\$lut for cells of type $lut.
Using template $paramod$c28a8b7ce0535d090c4cfb52e9c74affd52b110c\$lut for cells of type $lut.
Using template $paramod$219b71aec9a19e7a27754ed85a7d6cdad9e5ec96\$lut for cells of type $lut.
Using template $paramod$272652f6c6fbe9a75eff76e45cc7e2788835518b\$lut for cells of type $lut.
Using template $paramod\$lut\WIDTH=32'00000000000000000000000000000010\LUT=4'1001 for cells of type $lut.
Using template $paramod$873c285bdccf0ac2b60d2304ea5cd14bf211d2a6\$lut for cells of type $lut.
Using template $paramod$101238f3d8d49ab12a9b49a2f01cd503b26e9c61\$lut for cells of type $lut.
Using template $paramod\$lut\WIDTH=32'00000000000000000000000000000011\LUT=8'01110000 for cells of type $lut.
Using template $paramod\$lut\WIDTH=32'00000000000000000000000000000011\LUT=8'00010101 for cells of type $lut.
Using template $paramod\$lut\WIDTH=32'00000000000000000000000000000010\LUT=4'0010 for cells of type $lut.
Using template $paramod$0ee0167fb5dd83bdfe7197fff23e2c7146c57037\$lut for cells of type $lut.
Using template $paramod$5e9374f44a27c3f8a1c38af244ec43ceb4fb8d4f\$lut for cells of type $lut.
Using template $paramod$f9813472aa48e533b3838c6f2316dc2e78c66111\$lut for cells of type $lut.
Using template $paramod$8e44661def013b6bf9fe6f8b049ef2c838d749f9\$lut for cells of type $lut.
Using template $paramod$47a8214374025465e226fa66bee690ff33268a25\$lut for cells of type $lut.
Using template $paramod$6d6beead1425af15cf78b27fd9b11b41b5d4bce8\$lut for cells of type $lut.
Using template $paramod\$lut\WIDTH=32'00000000000000000000000000000011\LUT=8'11011000 for cells of type $lut.
Using template $paramod$a46282a33ec56f1ff1c2d9ab4b0c49973c36837e\$lut for cells of type $lut.
Using template $paramod$41326ad8644342a66dfb051d050f2b6fbf15015b\$lut for cells of type $lut.
Using template $paramod$98d40e23bb57d56e14345fb0942003de3e361f25\$lut for cells of type $lut.
Using template $paramod\$lut\WIDTH=32'00000000000000000000000000000011\LUT=8'10010110 for cells of type $lut.
Using template $paramod$7c03b26c73478ecb1b7fb0017db3d8ee4c9a9376\$lut for cells of type $lut.
Using template $paramod\$lut\WIDTH=32'00000000000000000000000000000010\LUT=4'0100 for cells of type $lut.
Using template $paramod\$lut\WIDTH=32'00000000000000000000000000000010\LUT=4'0001 for cells of type $lut.
Using template $paramod$38522a6f320aee0c002fe504d4100bbdde393061\$lut for cells of type $lut.
Using template $paramod\$lut\WIDTH=32'00000000000000000000000000000011\LUT=8'00111010 for cells of type $lut.
Using template $paramod$956157c0497c969d2ee7549e519f18a7bb88f829\$lut for cells of type $lut.
Using template $paramod$30305e55a780880b9c824fe3509a4d981acb0f2b\$lut for cells of type $lut.
Using template $paramod$571404c0889eaf57f492cb5e37f8acb5df5852f9\$lut for cells of type $lut.
Using template $paramod\$lut\WIDTH=32'00000000000000000000000000000011\LUT=8'00000111 for cells of type $lut.
Using template $paramod$179512a187da069f3b79ef6612a41e494e7d54b6\$lut for cells of type $lut.
Using template $paramod$c6a0421f5b5114b68e9782f0585d571421cf8f01\$lut for cells of type $lut.
Using template $paramod$bce5471a950b26ba789bb78858490276d6fc0bd4\$lut for cells of type $lut.
Using template $paramod\$lut\WIDTH=32'00000000000000000000000000000011\LUT=8'00001011 for cells of type $lut.
Using template $paramod$9e0a5f122c9d169afc5202dc3d099d02fa559ae2\$lut for cells of type $lut.
Using template $paramod\$lut\WIDTH=32'00000000000000000000000000000011\LUT=8'01101001 for cells of type $lut.
Using template $paramod$4282def8dbd6df3d1248ad282c629bee684502c2\$lut for cells of type $lut.
Using template $paramod$6e238df02989b317f10820a22773676e71120644\$lut for cells of type $lut.
Using template $paramod$a69285aff9e38d8b6e9555ce58f205dc0c80e341\$lut for cells of type $lut.
Using template $paramod$d6b00b06719051e8e0d21d321c25f50651e7dd46\$lut for cells of type $lut.
Using template $paramod$bba54c1ef87367812b4c15f4aed5ac70773df775\$lut for cells of type $lut.
Using template $paramod$069c0fe6a6f8262553bc692009ea10a80e2c9e2b\$lut for cells of type $lut.
Using template $paramod$be58bee3028587b8431e1cc24255a5d8b7777e61\$lut for cells of type $lut.
Using template $paramod\$lut\WIDTH=32'00000000000000000000000000000011\LUT=8'01101010 for cells of type $lut.
Using template $paramod\$lut\WIDTH=32'00000000000000000000000000000011\LUT=8'01110001 for cells of type $lut.
Using template $paramod$2e48109de5f7f59aba314a57c42c7f686faa334a\$lut for cells of type $lut.
Using template $paramod\$lut\WIDTH=32'00000000000000000000000000000011\LUT=8'10001110 for cells of type $lut.
Using template $paramod\$lut\WIDTH=32'00000000000000000000000000000011\LUT=8'01101100 for cells of type $lut.
Using template $paramod\$lut\WIDTH=32'00000000000000000000000000000011\LUT=8'01000000 for cells of type $lut.
Using template $paramod\$lut\WIDTH=32'00000000000000000000000000000011\LUT=8'01001110 for cells of type $lut.
Using template $paramod$e51a8a571bee774247b38f52d6e85fd62ae52cea\$lut for cells of type $lut.
Using template $paramod$658b9ed803f0d3d335616d3858b53e0a2522f1e8\$lut for cells of type $lut.
Using template $paramod\$lut\WIDTH=32'00000000000000000000000000000011\LUT=8'10010011 for cells of type $lut.
Using template $paramod$3fbf9e179448527cc5870685155541058c0f9f7a\$lut for cells of type $lut.
Using template $paramod\$lut\WIDTH=32'00000000000000000000000000000011\LUT=8'11011011 for cells of type $lut.
Using template $paramod$4f12c68fe152bf82a50c813cc37cc632b89530ed\$lut for cells of type $lut.
Using template $paramod\$lut\WIDTH=32'00000000000000000000000000000010\LUT=4'0110 for cells of type $lut.
Using template $paramod$12d08ff859f0f43e15b88d3816e63d1db73d41e4\$lut for cells of type $lut.
Using template $paramod$0de052767abdccc3aefc818722bdc3c7850d25d6\$lut for cells of type $lut.
Using template $paramod\$lut\WIDTH=32'00000000000000000000000000000011\LUT=8'10110010 for cells of type $lut.
Using template $paramod\$lut\WIDTH=32'00000000000000000000000000000011\LUT=8'10010000 for cells of type $lut.
Using template $paramod$7d791c2363f4f019348f93a148b2a44b4ba6b5b3\$lut for cells of type $lut.
Using template $paramod$25ab3f2e09d7e37fea688a04b563db2df11eb108\$lut for cells of type $lut.
Using template $paramod$b30bebc72dd0e5d803f249e61f4e944f7b20c163\$lut for cells of type $lut.
Using template $paramod\$lut\WIDTH=32'00000000000000000000000000000011\LUT=8'00010111 for cells of type $lut.
Using template $paramod\$lut\WIDTH=32'00000000000000000000000000000011\LUT=8'01001101 for cells of type $lut.
Using template $paramod\$lut\WIDTH=32'00000000000000000000000000000011\LUT=8'00001110 for cells of type $lut.
Using template $paramod$69f20e0703606f2ffd2ee27cd26f815bd5eeb6e9\$lut for cells of type $lut.
Using template $paramod$5e21ce4db33ffbe317c0e7462112118a24409ec8\$lut for cells of type $lut.
Using template $paramod$8dea978432b975a06d487b3763d4d556f8d362b4\$lut for cells of type $lut.
Using template $paramod$24b67fade1852074c0ac6a4c585dd4228e286f08\$lut for cells of type $lut.
Using template $paramod\$lut\WIDTH=32'00000000000000000000000000000011\LUT=8'10000100 for cells of type $lut.
Using template $paramod\$lut\WIDTH=32'00000000000000000000000000000011\LUT=8'10000010 for cells of type $lut.
Using template $paramod\$lut\WIDTH=32'00000000000000000000000000000011\LUT=8'00101010 for cells of type $lut.
Using template $paramod$e5f5ac02ff95371b80e119d4732a41f575f1197e\$lut for cells of type $lut.
Using template $paramod$4657898eba9a7febd92c68e4b993d4e988b86294\$lut for cells of type $lut.
Using template $paramod$868427562418b5dc988caeac6a54689ec9c9025e\$lut for cells of type $lut.
Using template $paramod\$lut\WIDTH=32'00000000000000000000000000000011\LUT=8'01100000 for cells of type $lut.
Using template $paramod$4ac73e90cabe3fd5423b3897754e1be51d1645fa\$lut for cells of type $lut.
Using template $paramod\$lut\WIDTH=32'00000000000000000000000000000011\LUT=8'11101000 for cells of type $lut.
Using template $paramod$ef14303192218c8dd28cb97c03357085cb7c4d4d\$lut for cells of type $lut.
Using template $paramod\$lut\WIDTH=32'00000000000000000000000000000011\LUT=8'10101000 for cells of type $lut.
Using template $paramod$3f6fe0730f7978b946a57d55a78e206b053e637b\$lut for cells of type $lut.
Using template $paramod$480632dc6f7c037df6062cf8bf88300b5262c395\$lut for cells of type $lut.
Using template $paramod$069bb99fc8f293eec7931733dfd3002c879eb85e\$lut for cells of type $lut.
Using template $paramod$d70afe532c66c381db66176e68a0fd16e8677a90\$lut for cells of type $lut.
Using template $paramod$7996097aa7e74872f48a5ea7d10d2b685895e6b4\$lut for cells of type $lut.
Using template $paramod\$lut\WIDTH=32'00000000000000000000000000000011\LUT=8'00101011 for cells of type $lut.
Using template $paramod\$lut\WIDTH=32'00000000000000000000000000000011\LUT=8'10110100 for cells of type $lut.
Using template $paramod$2f9c8858e893852d8229d2305d19618ba731c7bf\$lut for cells of type $lut.
Using template $paramod$6f625205336ac6ce7b8747324becdbce1049bc9c\$lut for cells of type $lut.
Using template $paramod$52953750219effadf43093a566baf492fdd6b6c8\$lut for cells of type $lut.
Using template $paramod$6da36b00000992020b7b7eba5fbe42bbd326035f\$lut for cells of type $lut.
Using template $paramod$494e18cdaad8602c5b8af7a7e7dd65ec376e8bfa\$lut for cells of type $lut.
Using template $paramod$165be24785e4097ccfb74473951770165dd92dfc\$lut for cells of type $lut.
Using template $paramod$07620d52cb536ce2865a3d1bba2ad2f7a88140f9\$lut for cells of type $lut.
Using template $paramod$6c15da6150ce36eeff7fb8c09f7ef22f5448d679\$lut for cells of type $lut.
Using template $paramod\$lut\WIDTH=32'00000000000000000000000000000011\LUT=8'10101011 for cells of type $lut.
Using template $paramod$bfe22c8b84d59da01a0d5f64a43ce85bbe441179\$lut for cells of type $lut.
Using template $paramod\$lut\WIDTH=32'00000000000000000000000000000011\LUT=8'11000010 for cells of type $lut.
Using template $paramod$1644affdabe7f65febd25ca1c4d1e050be54e54f\$lut for cells of type $lut.
Using template $paramod$ff10621ff350133ce54c2c9c3516ef034e8cfe58\$lut for cells of type $lut.
Using template $paramod\$lut\WIDTH=32'00000000000000000000000000000010\LUT=4'1011 for cells of type $lut.
Using template $paramod\$lut\WIDTH=32'00000000000000000000000000000011\LUT=8'11111110 for cells of type $lut.
Using template $paramod\$lut\WIDTH=32'00000000000000000000000000000011\LUT=8'11001110 for cells of type $lut.
Using template $paramod\$lut\WIDTH=32'00000000000000000000000000000011\LUT=8'11101010 for cells of type $lut.
Using template $paramod\$lut\WIDTH=32'00000000000000000000000000000011\LUT=8'00101110 for cells of type $lut.
Using template $paramod\$lut\WIDTH=32'00000000000000000000000000000010\LUT=4'1110 for cells of type $lut.
Using template $paramod\$lut\WIDTH=32'00000000000000000000000000000001\LUT=2'01 for cells of type $lut.
Using template $paramod\$lut\WIDTH=32'00000000000000000000000000000010\LUT=4'1101 for cells of type $lut.
No more expansions possible.
<suppressed ~2086 debug messages>
Removed 0 unused cells and 1231 unused wires.

5.46. Executing AUTONAME pass.
Renamed 21897 objects in module conv1d_large_benchmark_top (102 iterations).
<suppressed ~1263 debug messages>

5.47. Executing HIERARCHY pass (managing design hierarchy).

5.47.1. Analyzing design hierarchy..
Top module:  \conv1d_large_benchmark_top

5.47.2. Analyzing design hierarchy..
Top module:  \conv1d_large_benchmark_top
Removed 0 unused modules.

5.48. Printing statistics.

=== conv1d_large_benchmark_top ===

   Number of wires:                442
   Number of wire bits:           1600
   Number of public wires:         442
   Number of public wire bits:    1600
   Number of ports:                  7
   Number of port bits:             45
   Number of memories:               0
   Number of memory bits:            0
   Number of processes:              0
   Number of cells:                910
     $scopeinfo                      2
     SB_CARRY                       75
     SB_DFFESR                     334
     SB_DFFSR                        2
     SB_LUT4                       497

5.49. Executing CHECK pass (checking for obvious problems).
Checking module conv1d_large_benchmark_top...
Found and reported 0 problems.

5.50. Executing JSON backend.

Warnings: 2 unique messages, 4 total
End of script. Logfile hash: 3209c2ff4d, CPU: user 3.38s system 0.07s
Yosys 0.42 (git sha1 9b6afcf3f, clang++ 15.0.0 -fPIC -Os)
Time spent: 26% 1x abc9_exe (1 sec), 22% 50x opt_expr (1 sec), ...
